# 青简领域词库：饮食，由 qingjian-dict-convert lexicon 从 THUOCL 拆出，基础词库里没有的部分。词	音节	词频
一主六配	yi zhu liu pei	3
一卵孵双凤	yi luan fu shuang feng	7
一口酥	yi kou su	7
一品南乳肉	yi pin nan ru rou	6
一品大包	yi pin da bao	5
一品官燕	yi pin guan yan	7
一品寿桃	yi pin shou tao	6
一品烧饼	yi pin shao bing	7
一品熊掌	yi pin xiong zhang	6
一品玉带糕	yi pin yu dai gao	5
一品肉	yi pin rou	7
一品蒸黄鱼	yi pin zheng huang yu	3
一品薯包	yi pin shu bao	3
一品豆腐	yi pin dou fu	9
一品豆腐汤	yi pin dou fu tang	3
一品配方	yi pin pei fang	3
一品酥方	yi pin su fang	3
一品酸辣鸡	yi pin suan la ji	2
一品香	yi pin xiang	5
一品香饭店	yi pin xiang fan dian	6
一品鲍鱼	yi pin bao yu	6
一品鲳	yi pin chang	5
一品鲳鱼	yi pin chang yu	3
一捏酥	yi nie su	5
一掌雪	yi zhang xue	4
一棒雪	yi bang xue	5
一篓油水饺	yi lou you shui jiao	5
丁二酮	ding er tong	1
丁基橡胶	ding ji xiang jiao	37
丁基羟基茴香醚	ding ji qiang ji hui xiang mi	3
丁果糖	ding guo tang	3
丁苯橡胶	ding ben xiang jiao	14
丁酮	ding tong	18
丁酸丁酯	ding suan ding zhi	1
丁酸乙酯	ding suan yi zhi	4
丁酸异戊酯	ding suan yi wu zhi	1
丁酸苄酯	ding suan bian zhi	4
丁香姜糖	ding xiang jiang tang	4
丁香排骨	ding xiang pai gu	7
丁香榄	ding xiang lan	6
丁香粉	ding xiang fen	9
丁香肘子	ding xiang zhou zi	6
丁香酚	ding xiang fen	2
丁香鸭	ding xiang ya	4
七境堂绿茶	qi jing tang lv cha	6
七子饼茶	qi zi bing cha	10
七层糕	qi ceng gao	6
七彩什锦煲	qi cai shi jin bao	4
七星丸	qi xing wan	2
万三蹄	wan san ti	11
万和春	wan he chun	10
万字扣肉	wan zi kou rou	5
万字珊瑚白菜	wan zi shan hu bai cai	3
万字麻辣肚丝	wan zi ma la du si	4
万州烤鱼	wan zhou kao yu	35
万年长青	wan nian chang qing	8
万能烤箱	wan neng kao xiang	3
三丁包	san ding bao	8
三丁包子	san ding bao zi	9
三丁大包	san ding da bao	1
三七汽锅鸡	san qi qi guo ji	8
三七蒸鸡	san qi zheng ji	3
三不沾	san bu zhan	16
三不粘	san bu zhan	1
三丝凉面	san si liang mian	7
三丝拌糟鸡	san si ban zao ji	2
三丝敲鱼	san si qiao yu	8
三丝汤	san si tang	6
三丝牛肉卷	san si niu rou juan	6
三丝瓜卷	san si gua juan	5
三丝眉毛酥	san si mei mao su	7
三丝面疙瘩	san si mian ge da	2
三丝驼峰	san si tuo feng	3
三丝鱼翅	san si yu chi	8
三丝鱿鱼	san si you yu	4
三义园牛肉焦饼	san yi yuan niu rou jiao bing	4
三仙丸子	san xian wan zi	5
三创	san chuang	27
三北藕丝糖	san bei ou si tang	6
三原蓼花	san yuan liao hua	6
三原蓼花糖	san yuan liao hua tang	6
三合汤	san he tang	7
三合泥	san he ni	1
三大炮	san da pao	22
三套鸭	san tao ya	9
三年陈花雕酒	san nian chen hua diao jiu	3
三彩大虾	san cai da xia	4
三文一品汤包	san wen yi pin tang bao	2
三文治火腿	san wen zhi huo tui	8
三文鱼寿司卷	san wen yu shou si juan	3
三杯脚鱼	san bei jiao yu	4
三杯鸡	san bei ji	4
三氯蔗糖	san lv zhe tang	2
三河米饺	san he mi jiao	2
三涧料酒	san jian liao jiu	3
三清碧兰	san qing bi lan	5
三皮丝	san pi si	7
三美豆腐	san mei dou fu	7
三聚甘油单硬脂酸酯	san ju gan you dan ying zhi suan zhi	6
三聚磷酸钠	san ju lin suan na	4
三色丁	san se ding	2
三色糕	san se gao	6
三色糯米饭	san se nuo mi fan	4
三色蛋	san se dan	8
三色蛋卷	san se dan juan	3
三色蛋糕	san se dan gao	4
三色鸡丁	san se ji ding	3
三色鸡鱼丸	san se ji yu wan	3
三色龙虾	san se long xia	7
三花减肥茶	san hua jian fei cha	6
三花酒	san hua jiu	6
三虾豆腐	san xia dou fu	7
三虾面	san xia mian	6
三角火烧	san jiao huo shao	3
三角酥	san jiao su	6
三道茶	san dao cha	1
三驱田凉粉	san qu tian liang fen	2
三鲜丸子	san xian wan zi	6
三鲜冰豆腐	san xian bing dou fu	4
三鲜小馄饨	san xian xiao hun tun	1
三鲜木樨汤	san xian mu xi tang	6
三鲜水饺	san xian shui jiao	9
三鲜汤	san xian tang	8
三鲜烧麦	san xian shao mai	7
三鲜瑶柱	san xian yao zhu	3
三鲜砂锅	san xian sha guo	4
三鲜米线	san xian mi xian	2
三鲜紫米蛋糕	san xian zi mi dan gao	4
三鲜茄子	san xian qie zi	4
三鲜莲花酥	san xian lian hua su	7
三鲜蘑菇	san xian mo gu	4
三鲜豆皮	san xian dou pi	8
三鲜锅巴	san xian guo ba	7
三鲜锅粑	san xian guo ba	2
三鲜锅贴	san xian guo tie	1
三鲜面	san xian mian	14
三鲜馄饨	san xian hun tun	2
三鲜鱼丸	san xian yu wan	4
三鲜鱼翅	san xian yu chi	7
三鲜龙凤球	san xian long feng qiu	3
三鼎	san ding	24
上岗子面茶	shang gang zi mian cha	4
上杂拌	shang za ban	2
上杭萝卜干	shang hang luo bo gan	9
上校鸡块	shang xiao ji kuai	9
上汤奶白菜	shang tang nai bai cai	3
上汤时蔬	shang tang shi shu	1
上汤虾丸	shang tang xia wan	3
上海冷面	shang hai leng mian	5
上海春卷	shang hai chun juan	4
上海水蜜桃	shang hai shui mi tao	2
上海汤圆	shang hai tang yuan	3
上海油鸡	shang hai you ji	3
上海炒年糕	shang hai chao nian gao	5
上海炒饭	shang hai chao fan	4
上海炸猪排	shang hai zha zhu pai	3
上海猪肉灌肠	shang hai zhu rou guan chang	2
上海老饭店	shang hai lao fan dian	1
上海茶叶蛋	shang hai cha ye dan	2
上海蒸鱼	shang hai zheng yu	3
上海蜜汁小肉	shang hai mi zhi xiao rou	2
上海蜜饯	shang hai mi jian	5
上海蟹壳黄	shang hai xie ke huang	4
上海锅贴	shang hai guo tie	4
上海饼干	shang hai bing gan	5
上海馄饨汤	shang hai hun tun tang	2
上清饮	shang qing yin	1
上清饮凉茶	shang qing yin liang cha	7
丙二醇	bing er chun	31
丙二醇脂肪酸酯	bing er chun zhi fang suan zhi	5
丙氨酸	bing an suan	29
丙酸乙酯	bing suan yi zhi	9
丙酸苄酯	bing suan bian zhi	1
丙酸钙	bing suan gai	9
丙酸钠	bing suan na	1
东北一锅出	dong bei yi guo chu	3
东北乱炖	dong bei luan dun	17
东北酒	dong bei jiu	10
东古一品鲜	dong gu yi pin xian	1
东坡方肉	dong po fang rou	5
东坡春鸠脍	dong po chun jiu kuai	2
东坡肘子	dong po zhou zi	19
东坡茄子	dong po qie zi	4
东坡饼	dong po bing	8
东坡鳊鱼	dong po bian yu	3
东壁龙珠	dong bi long zhu	6
东安子鸡	dong an zi ji	9
东安鸡	dong an ji	9
东山坞豆腐皮	dong shan wu dou fu pi	2
东方海川	dong fang hai chuan	6
东方蒙特尔	dong fang meng te er	2
东江东坡宴	dong jiang dong po yan	5
东江盐焗鸡	dong jiang yan ju ji	2
东江菜	dong jiang cai	11
东江豆腐煲	dong jiang dou fu bao	6
东璧龙珠	dong bi long zhu	4
东莞腊肠	dong guan la chang	8
东阴宫	dong yin gong	1
丝丝糕	si si gao	3
丝瓜炖豆腐	si gua dun dou fu	4
丝瓜猪肝瘦肉汤	si gua zhu gan shou rou tang	2
丝瓜白菜猪瘦肉汤	si gua bai cai zhu shou rou tang	3
丝袜奶茶	si wa nai cha	1
丝路春	si lu chun	2
两英番薯粥	liang ying fan shu zhou	3
两面火	liang mian huo	8
两香问政山笋	liang xiang wen zheng shan sun	5
严州干菜鸭	yan zhou gan cai ya	6
严州雪梨	yan zhou xue li	3
中华猕猴桃	zhong hua mi hou tao	10
中华药膳	zhong hua yao shan	1
中华蜜酒	zhong hua mi jiu	5
中台湾	zhong tai wan	13
中国劲酒	zhong guo jing jiu	10
中江挂面	zhong jiang gua mian	6
丰城冻米糖	feng cheng dong mi tang	6
丰年果糖	feng nian guo tang	5
丰收龙舟	feng shou long zhou	2
丰泽园	feng ze yuan	15
串炸鲜贝	chuan zha xian bei	4
串烤肉	chuan kao rou	20
串烧海鲜	chuan shao hai xian	3
临安山核桃	lin an shan he tao	1
临晋玉瓜	lin jin yu gua	4
临朐全羊宴	lin qu quan yang yan	4
临汝药酒	lin ru yao jiu	3
临潼火晶柿子	lin tong huo jing shi zi	7
临潼石榴	lin tong shi liu	2
丹参黄豆汤	dan shen huang dou tang	2
丹灶慈菇	dan zao ci gu	5
丹麦酥	dan mai su	3
主席红烧肉	zhu xi hong shao rou	4
丽人献茗	li ren xian ming	5
丽江火腿粑粑	li jiang huo tui ba ba	5
义盛永熏鸡	yi sheng yong xun ji	5
之江鲈莼羹	zhi jiang lu chun geng	3
乌发汤	wu fa tang	6
乌梅糕	wu mei gao	4
乌毡帽	wu zhan mao	1
乌江鱼	wu jiang yu	3
乌狼鲞烤肉	wu lang xiang kao rou	4
乌饭果	wu fan guo	2
乌骨鸡归黄汤	wu gu ji gui huang tang	2
乌鱼蛋	wu yu dan	1
乌龙吐珠	wu long tu zhu	7
乐啤露	le pi lu	6
乐昌白毛茶	le chang bai mao cha	2
乐满家	le man jia	6
乐福园酒店	le fu yuan jiu dian	6
乐而美汉堡	le er mei han bao	7
乐蟹	le xie	3
乒乓馃	ping pang guo	4
乔家栅	qiao jia zha	4
乔家栅粽子	qiao jia zha zong zi	2
乙二胺四乙酸二钠	yi er an si yi suan er na	2
乙基愈创木酚	yi ji yu chuang mu fen	1
乙基香兰素	yi ji xiang lan su	3
乙基麦芽酚	yi ji mai ya fen	3
乙氧基喹	yi yang ji kui	8
乙萘酚	yi nai fen	4
乙酰磺胺酸钾	yi xian huang an suan jia	1
乙酸丁酯	yi suan ding zhi	9
乙酸乙酯	yi suan yi zhi	23
乙酸二甲基苄基原酯	yi suan er jia ji bian ji yuan zhi	4
乙酸异丁酸蔗糖酯	yi suan yi ding suan zhe tang zhi	4
乙酸异戊酯	yi suan yi wu zhi	1
乙酸松油酯	yi suan song you zhi	5
乙酸芳樟酯	yi suan fang zhang zhi	7
乙酸苄酯	yi suan bian zhi	1
乙酸薄荷酯	yi suan bo he zhi	5
乙酸钙	yi suan gai	1
乙酸钠	yi suan na	19
乙酸香叶酯	yi suan xiang ye zhi	4
乙酸龙脑酯	yi suan long nao zhi	6
九华毛峰	jiu hua mao feng	8
九姓团圆	jiu xing tuan yuan	3
九层塔	jiu ceng ta	22
九层塔煎蛋	jiu ceng ta jian dan	1
九江煎堆	jiu jiang jian dui	7
九洞矿泉水	jiu dong kuang quan shui	4
九珠皮蛋	jiu zhu pi dan	5
九记路边鸡	jiu ji lu bian ji	4
九转大肠	jiu zhuan da chang	1
九里飘香	jiu li piao xiang	1
九黄饼	jiu huang bing	6
九龙斋	jiu long zhai	3
九龙茶	jiu long cha	1
乡宁油糕	xiang ning you gao	2
乡宁白面油糕	xiang ning bai mian you gao	2
乡村小炒鸡	xiang cun xiao chao ji	3
乡村玉米饼	xiang cun yu mi bing	2
乳化剂	ru hua ji	36
乳化硅油	ru hua gui you	9
乳扇	ru shan	2
乳扇饺	ru shan jiao	5
乳糖醇	ru tang chun	15
乳膳萨其马	ru shan sa qi ma	4
乳茶	ru cha	11
乳酒	ru jiu	2
乳酪大会	ru lao da hui	5
乳酪蒸虾仁	ru lao zheng xia ren	3
乳酪蛋糕	ru lao dan gao	11
乳酸乙酯	ru suan yi zhi	5
乳酸亚铁	ru suan ya tie	1
乳酸菌饮料	ru suan jun yin liao	5
乳酸钙	ru suan gai	1
乳酸钠	ru suan na	11
乳酸链球菌素	ru suan lian qiu jun su	10
乳铁蛋白	ru tie dan bai	5
乳饼	ru bing	1
乳鸽瓤猪肚	ru ge rang zhu du	2
乾县挂面	qian xian gua mian	5
乾县豆腐脑	qian xian dou fu nao	5
乾县锅盔	qian xian guo kui	6
乾坤蒸狗	qian kun zheng gou	4
乾州豆腐脑	qian zhou dou fu nao	3
乾州锅盔	qian zhou guo kui	7
乾州鸡面	qian zhou ji mian	2
乾果四品	qian guo si pin	5
事事平安	shi shi ping an	9
二丁基羟基甲苯	er ding ji qiang ji jia ben	6
二仙居碗坨	er xian ju wan tuo	3
二仙烧羊肉	er xian shao yang rou	3
二块粑炒火腿	er kuai ba chao huo tui	3
二姐兔丁	er jie tu ding	9
二氢香豆素	er qing xiang dou su	2
二氯苯氧乙酸	er lv ben yang yi suan	1
二甲基聚硅氧烷	er jia ji ju gui yang wan	1
二甲基苄基原醇	er jia ji bian ji yuan chun	3
二龙戏珠	er long xi zhu	32
云南咖啡	yun nan ka fei	2
云南回饼	yun nan hui bing	4
云南春卷	yun nan chun juan	7
云南油茶	yun nan you cha	3
云娜水果捞	yun na shui guo lao	4
云托八鲜	yun tuo ba xian	1
云梦鱼面	yun meng yu mian	8
云河段霄	yun he duan xiao	3
云片鸽蛋	yun pian ge dan	5
云猪手	yun zhu shou	9
云耳西芹炒肉片	yun er xi qin chao rou pian	3
云腿奶糖	yun tui nai tang	4
云腿罐头	yun tui guan tou	5
云腿豆焖饭	yun tui dou men fan	5
云针	yun zhen	10
云长玉浆饺	yun chang yu jiang jiao	2
云雾茶	yun wu cha	3
五一饭店	wu yi fan dian	9
五丁鱼圆	wu ding yu yuan	2
五丝洋粉	wu si yang fen	5
五丝菜卷	wu si cai juan	5
五仁包	wu ren bao	6
五仁酥	wu ren su	3
五凤楼	wu feng lou	32
五加皮酒	wu jia pi jiu	2
五华尊	wu hua zun	4
五味明虾片	wu wei ming xia pian	3
五味沙糕	wu wei sha gao	4
五味煎蟹	wu wei jian xie	5
五味白肉	wu wei bai rou	4
五味花枝	wu wei hua zhi	3
五味香糕	wu wei xiang gao	4
五城茶干	wu cheng cha gan	8
五夫醉鸡	wu fu zui ji	3
五寨猪黑肉炖粉	wu zhai zhu hei rou dun fen	3
五山池	wu shan chi	6
五彩抄手	wu cai chao shou	2
五彩炒蛇丝	wu cai chao she si	6
五彩炒驼峰	wu cai chao tuo feng	3
五彩牛肉丝	wu cai niu rou si	3
五彩球	wu cai qiu	8
五彩虾松	wu cai xia song	4
五彩蟹盒	wu cai xie he	3
五彩雪花扇贝	wu cai xue hua shan bei	8
五指山茶	wu zhi shan cha	6
五更肠旺	wu geng chang wang	7
五果汤	wu guo tang	3
五柳全鱼	wu liu quan yu	2
五柳鱼	wu liu yu	9
五柳鱼丝	wu liu yu si	4
五柳鲜鱼	wu liu xian yu	3
五白糕	wu bai gao	3
五盖山米茶	wu gai shan mi cha	5
五神饮	wu shen yin	2
五色沙拉	wu se sha la	3
五花肉炒豆腐泡菜	wu hua rou chao dou fu pao cai	3
五花茶	wu hua cha	7
五芳斋粽子	wu fang zhai zong zi	8
五通桥叶儿耙	wu tong qiao ye er pa	3
五香仔鸽	wu xiang zai ge	4
五香兔头	wu xiang tu tou	1
五香干丝	wu xiang gan si	4
五香杏仁	wu xiang xing ren	6
五香松花蛋	wu xiang song hua dan	3
五香熟芥	wu xiang shu jie	4
五香牛筋斗	wu xiang niu jin dou	3
五香牛肉	wu xiang niu rou	8
五香牛肉松	wu xiang niu rou song	2
五香狗肉	wu xiang gou rou	1
五香甜沫	wu xiang tian mo	1
五香粉	wu xiang fen	1
五香羊肉	wu xiang yang rou	7
五香脆皮鸡	wu xiang cui pi ji	3
五香腰果	wu xiang yao guo	3
五香花生	wu xiang hua sheng	4
五香苦瓜	wu xiang ku gua	4
五香茶叶蛋	wu xiang cha ye dan	1
五香豆腐干	wu xiang dou fu gan	10
五香辣味牛肉干	wu xiang la wei niu rou gan	3
五香酥饼	wu xiang su bing	3
五香酱肉	wu xiang jiang rou	7
五香酱驴肉	wu xiang jiang lv rou	5
五香酱鸡	wu xiang jiang ji	6
五香麻糕	wu xiang ma gao	4
井冈山烟笋烧肉	jing gang shan yan sun shao rou	6
井岗翠绿	jing gang cui lv	6
亚油酸	ya you suan	11
亚洲辣牛肉和葡萄	ya zhou la niu rou he pu tao	2
亚硒酸钠	ya xi suan na	15
亚硝酸钠	ya xiao suan na	20
亚硝酸钾	ya xiao suan jia	2
亚硫酸氢钠	ya liu suan qing na	7
亚硫酸钠	ya liu suan na	20
亚铁氰化钠	ya tie qing hua na	5
亚铁氰化钾	ya tie qing hua jia	5
亚麻籽胶	ya ma zi jiao	7
亚麻酸	ya ma suan	4
亨氏骨髓蔬菜泥	heng shi gu sui shu cai ni	2
京东馅饼	jing dong xian bing	6
京八件	jing ba jian	7
京冬菜	jing dong cai	8
京式月饼	jing shi yue bing	9
京酱风肉	jing jiang feng rou	4
亮蓝铝色淀	liang lan lv se dian	3
人参果	ren shen guo	16
人参枣汁	ren shen zao zhi	3
人参枸杞酒	ren shen gou qi jiu	4
人参核桃仁粥	ren shen he tao ren zhou	2
人参鸡肉汤	ren shen ji rou tang	2
人心果	ren xin guo	10
人蔘鸡	ren shen ji	7
什大酥烧饼	shi da su shao bing	2
什锦一品锅	shi jin yi pin guo	2
什锦丁儿	shi jin ding er	5
什锦人参果	shi jin ren shen guo	4
什锦冬瓜帽	shi jin dong gua mao	2
什锦凉米线	shi jin liang mi xian	7
什锦南糖	shi jin nan tang	3
什锦多维玉米面粥	shi jin duo wei yu mi mian zhou	3
什锦套肠儿	shi jin tao chang er	5
什锦暖锅	shi jin nuan guo	4
什锦果冻	shi jin guo dong	5
什锦水果羔	shi jin shui guo gao	3
什锦水果羹	shi jin shui guo geng	3
什锦点心	shi jin dian xin	4
什锦烩面	shi jin hui mian	2
什锦烩饭	shi jin hui fan	1
什锦田鸡油	shi jin tian ji you	5
什锦糕	shi jin gao	5
什锦素菜包	shi jin su cai bao	6
什锦花篮	shi jin hua lan	4
什锦苏盘儿	shi jin su pan er	7
什锦葛仙米	shi jin ge xian mi	6
什锦蛋卷	shi jin dan juan	3
什锦蜂窝豆腐	shi jin feng wo dou fu	4
什锦豆腐	shi jin dou fu	9
什锦豆腐汤	shi jin dou fu tang	4
什锦豆腐煲	shi jin dou fu bao	2
什锦豆腐脑	shi jin dou fu nao	6
什锦锅子	shi jin guo zi	5
什锦锅巴	shi jin guo ba	4
什锦麦片	shi jin mai pian	8
什锦麦胚饼	shi jin mai pei bing	4
什锦麻花	shi jin ma hua	5
什香菜	shi xiang cai	5
仁寿芝麻糕	ren shou zhi ma gao	4
仁用杏	ren yong xing	11
今朝缘	jin zhao yuan	4
今生缘	jin sheng yuan	5
介休贯馅糖	jie xiu guan xian tang	6
仔凉粉	zi liang fen	1
仔姜牛肉	zi jiang niu rou	4
仙人掌果	xian ren zhang guo	9
仙人掌茶	xian ren zhang cha	9
仙城束沙	xian cheng shu sha	2
仙度氏咖啡	xian du shi ka fei	3
仙源食品	xian yuan shi pin	5
仙灵脾	xian ling pi	12
仙鹤望金桥	xian he wang jin qiao	2
仙鹤鲍鱼	xian he bao yu	5
代县麻片	dai xian ma pian	4
代县黄酒	dai xian huang jiu	6
代黄杏	dai huang xing	3
仪征雀脯菜	yi zheng que fu cai	3
仲丁胺	zhong ding an	7
仲夏野莓	zhong xia ye mei	3
仲夏野莓冰淇淋	zhong xia ye mei bing qi lin	2
仲景羊肉汤	zhong jing yang rou tang	4
仿膳	fang shan	12
仿膳饭庄	fang shan fan zhuang	2
仿膳饽饽	fang shan bo bo	4
伊力特	yi li te	10
伊府面	yi fu mian	1
伊斯兰烧饼	yi si lan shao bing	6
伊牛	yi niu	10
伍仁酥	wu ren su	1
伍佑糖麻花	wu you tang ma hua	4
伏岭玫瑰酥	fu ling mei gui su	6
优酸乳	you suan ru	1
会友发包子	hui you fa bao zi	5
伤心凉粉	shang xin liang fen	22
伦教糕	lun jiao gao	5
伯丁罕	bo ding han	5
伯爵茶	bo jue cha	15
低亚硫酸钠	di ya liu suan na	7
低筋面粉	di jin mian fen	25
低糖蜜饯	di tang mi jian	2
低聚果糖	di ju guo tang	12
低脂芝士蛋糕	di zhi zhi shi dan gao	3
低醇啤酒	di chun pi jiu	2
何首乌山鸡	he shou wu shan ji	3
何首乌粉	he shou wu fen	9
余姚瀑布茶	yu yao pu bu cha	5
佛公饼	fo gong bing	5
佛山柱侯酱	fo shan zhu hou jiang	2
佛山盲公饼	fo shan mang gong bing	7
佛手三丝	fo shou san si	3
佛手包	fo shou bao	5
佛手广肚	fo shou guang du	2
佛手排骨	fo shou pai gu	5
佛手海参	fo shou hai shen	5
佛手酥	fo shou su	7
佛手金卷	fo shou jin juan	6
佛豆柠檬枇	fo dou ning meng pi	4
佤族鼠食	wa zu shu shi	3
侉炖羊肉	kua dun yang rou	2
侗乡腌鱼	dong xiang yan yu	6
依幼鱼丸	yi you yu wan	4
便宜坊	bian yi fang	11
俄式咖啡	e shi ka fei	7
俄罗斯菜	e luo si cai	3
保健茶	bao jian cha	1
保定府三件宝	bao ding fu san jian bao	5
保德油枣	bao de you zao	1
保德碗托	bao de wan tuo	3
信远斋酸梅汤	xin yuan zhai suan mei tang	5
信阳板鸭	xin yang ban ya	4
信阳毛尖	xin yang mao jian	3
信阳毛尖茶	xin yang mao jian cha	1
修水双井茶	xiu shui shuang jing cha	3
倍半碳酸钠	bei ban tan suan na	6
倒巴	dao ba	1
倭井潭硬糕	wo jing tan ying gao	2
偏酒石酸	pian jiu shi suan	5
健力	jian li	41
健康乐	jian kang le	12
健美茶	jian mei cha	8
偶氮玉红	ou dan yu hong	1
偶氮甲酰胺	ou dan jia xian an	6
元宝酥	yuan bao su	1
光村沙虫	guang cun sha chong	5
光饼	guang bing	43
克东腐乳	ke dong fu ru	7
克瓦斯	ke wa si	4
兔头煲	tu tou bao	9
兔耳草醛	tu er cao quan	3
兔肉炖鸡脚	tu rou dun ji jiao	4
兔肝鸡蛋汤	tu gan ji dan tang	2
兔脯	tu fu	8
党参麦冬瘦肉汤	dang shen mai dong shou rou tang	3
党参黄芪炖鸡汤	dang shen huang qi dun ji tang	3
兢山泉	jing shan quan	4
全家富	quan jia fu	8
全羊汤锅	quan yang tang guo	6
全麦芽啤酒	quan mai ya pi jiu	6
八仙瑶池聚会	ba xian yao chi ju hui	4
八仙粉	ba xian fen	7
八仙茶	ba xian cha	2
八仙过海闹罗汉	ba xian guo hai nao luo han	8
八代鱼	ba dai yu	5
八公山豆腐	ba gong shan dou fu	10
八公山雪月银球	ba gong shan xue yue yin qiu	3
八卦鱼肚	ba gua yu du	4
八块鸡	ba kuai ji	6
八宝兔丁	ba bao tu ding	5
八宝壶	ba bao hu	7
八宝桂鱼	ba bao gui yu	3
八宝梨罐	ba bao li guan	4
八宝榛子酱	ba bao zhen zi jiang	5
八宝油糕	ba bao you gao	5
八宝炒年糕	ba bao chao nian gao	3
八宝甜粽	ba bao tian zong	2
八宝甲鱼	ba bao jia yu	6
八宝百合	ba bao bai he	4
八宝糯米鸡	ba bao nuo mi ji	3
八宝肉辣子	ba bao rou la zi	3
八宝膳粥	ba bao shan zhou	3
八宝茶汤	ba bao cha tang	5
八宝菠菜	ba bao bo cai	6
八宝葫芦鸡	ba bao hu lu ji	5
八宝蛋炸食	ba bao dan zha shi	3
八宝蜜食	ba bao mi shi	3
八宝野鸭	ba bao ye ya	6
八宝银耳羹	ba bao yin er geng	3
八宝青蟹饭	ba bao qing xie fan	2
八宝鸡	ba bao ji	2
八宝鸭	ba bao ya	2
八宝鸭羹	ba bao ya geng	2
八宝黑米粥	ba bao hei mi zhou	4
八批果子	ba pi guo zi	6
八步红瓜子	ba bu hong gua zi	6
八王寺汽水	ba wang si qi shui	16
八珍月饼	ba zhen yue bing	3
八珍糕	ba zhen gao	10
八珍羹	ba zhen geng	5
八生火锅	ba sheng huo guo	5
八角茴香油	ba jiao hui xiang you	9
公爵樱桃	gong jue ying tao	3
六偏磷酸钠	liu pian lin suan na	11
六合牛脯	lu he niu fu	5
六味斋酱肉	liu wei zhai jiang rou	8
六堡茶	liu bao cha	3
六安瓜片茶	lu an gua pian cha	8
六安篮茶	lu an lan cha	6
六安酱鸭	lu an jiang ya	4
六必居酱园	liu bi ju jiang yuan	9
六必居酱菜	liu bi ju jiang cai	1
六曲香	liu qu xiang	5
六月鲜	liu yue xian	5
兰州烤羊肉	lan zhou kao yang rou	3
兰州牛肉面	lan zhou niu rou mian	38
兰度鸽脯	lan du ge fu	3
兰花大虾	lan hua da xia	4
兰花春笋	lan hua chun sun	5
兰花根	lan hua gen	3
兰花茶	lan hua cha	11
兰花豆干	lan hua dou gan	6
兰花金钱酿发菜	lan hua jin qian niang fa cai	2
关爷宫前尖米丸	guan ye gong qian jian mi wan	3
兴义耳块粑	xing yi er kuai ba	5
兴隆咖啡	xing long ka fei	5
养生吐司春卷	yang sheng tu si chun juan	4
养生汤	yang sheng tang	11
养胃酥	yang wei su	2
养血安胎汤	yang xue an tai tang	6
兼善餐厅	jian shan can ting	3
内江蜜饯	nei jiang mi jian	6
冒节子肥肠粉	mao jie zi fei chang fen	6
军屯锅魁	jun tun guo kui	1
农夫果园	nong fu guo yuan	18
农夫茶	nong fu cha	10
农家乐元	nong jia le yuan	2
农家小炒肉	nong jia xiao chao rou	10
农家白切鸡	nong jia bai qie ji	4
农家茶	nong jia cha	10
冠生园	guan sheng yuan	15
冬果梨	dong guo li	9
冬瓜条	dong gua tiao	1
冬瓜炖排骨	dong gua dun pai gu	2
冬瓜煲汤	dong gua bao tang	5
冬瓜燕	dong gua yan	5
冬瓜甑	dong gua zeng	3
冬瓜虾皮汤	dong gua xia pi tang	4
冬瓜连锅汤	dong gua lian guo tang	3
冬瓜饼	dong gua bing	4
冬瓜鳖裙羹	dong gua bie qun geng	7
冬笋里脊丝	dong sun li ji si	4
冬菇汤包	dong gu tang bao	4
冬菇炒面	dong gu chao mian	3
冬菇炖鸡汤	dong gu dun ji tang	2
冬菇蒸滑鸡	dong gu zheng hua ji	4
冬菇藕夹	dong gu ou jia	2
冬菇虫草炖鲍参	dong gu chong cao dun bao shen	2
冬菇雪耳猪胰汤	dong gu xue er zhu yi tang	3
冬菇鸡脚汤	dong gu ji jiao tang	4
冬菜扣肉	dong cai kou rou	6
冬菜肉末	dong cai rou mo	5
冬蓉酥	dong rong su	3
冬虫夏草鸭	dong chong xia cao ya	5
冬虫草炖水鱼	dong chong cao dun shui yu	2
冯了性药酒	feng liao xing yao jiu	5
冰之恋	bing zhi lian	9
冰凉糕	bing liang gao	6
冰卡布奇诺	bing ka bu qi nuo	5
冰拿铁	bing na tie	26
冰拿铁咖啡	bing na tie ka fei	6
冰汁杏淖	bing zhi xing nao	2
冰泉滴珠豆浆	bing quan di zhu dou jiang	4
冰泉豆浆	bing quan dou jiang	2
冰淇淋蛋糕	bing qi lin dan gao	28
冰激凌水果沙拉	bing ji ling shui guo sha la	4
冰激凌蛋糕	bing ji ling dan gao	10
冰焦糖玛奇朵	bing jiao tang ma qi duo	4
冰片糖	bing pian tang	9
冰糖哈士蟆	bing tang ha shi ma	4
冰糖核桃	bing tang he tao	6
冰糖湘莲	bing tang xiang lian	9
冰糖燕窝	bing tang yan wo	11
冰糖莲子	bing tang lian zi	2
冰糖莲子汤	bing tang lian zi tang	8
冰糖蒸鸡胆	bing tang zheng ji dan	4
冰糖金耳鸽蛋	bing tang jin er ge dan	4
冰糖银耳羹	bing tang yin er geng	8
冰结构蛋白	bing jie gou dan bai	2
冰花雪莲	bing hua xue lian	4
冰菜	bing cai	9
冰葫芦	bing hu lu	2
冰蓼花	bing liao hua	6
冰豌豆粉	bing wan dou fen	4
冰醋酸	bing cu suan	6
冰镇番茄汁	bing zhen fan qie zhi	4
冲糯米粉	chong nuo mi fen	4
决明子粥	jue ming zi zhou	7
决明子茶	jue ming zi cha	2
决明胶	jue ming jiao	4
冷冻牛肚	leng dong niu du	2
冷冻牛肝	leng dong niu gan	4
冷冻牛舌	leng dong niu she	2
冷冻鸭掌	leng dong ya zhang	3
冷啖杯	leng dan bei	1
冷粉	leng fen	4
冷锅鱼	leng guo yu	19
冻冻肉	dong dong rou	4
冻米糖	dong mi tang	3
冻糕	dong gao	5
冻豆腐金针	dong dou fu jin zhen	3
冻银鱼	dong yin yu	7
凉拌三色	liang ban san se	2
凉拌冬瓜	liang ban dong gua	2
凉拌折耳根	liang ban zhe er gen	38
凉拌海带	liang ban hai dai	10
凉拌牛肚	liang ban niu du	4
凉拌牛蒡	liang ban niu bang	1
凉拌猪耳	liang ban zhu er	2
凉拌皮蛋	liang ban pi dan	9
凉拌粉丝	liang ban fen si	7
凉拌红萝卜	liang ban hong luo bo	4
凉拌芫荽	liang ban yan sui	4
凉拌苦瓜	liang ban ku gua	7
凉拌茭白	liang ban jiao bai	3
凉拌莲藕	liang ban lian ou	6
凉拌藕	liang ban ou	2
凉拌藕片	liang ban ou pian	3
凉拌豆腐	liang ban dou fu	6
凉拌豇豆	liang ban jiang dou	6
凉拌辣味螺	liang ban la wei luo	2
凉拌金针菇	liang ban jin zhen gu	1
凉拌鱼腥草	liang ban yu xing cao	7
凉拌鱿鱼	liang ban you yu	1
凉拌鸡丝	liang ban ji si	1
凉瓜排骨	liang gua pai gu	1
凉瓜浸田鸡	liang gua jin tian ji	3
凉瓜炒蛋	liang gua chao dan	3
凉瓜牛肉	liang gua niu rou	1
凉皮子	liang pi zi	3
凉粉鲫鱼	liang fen ji yu	3
凉糍粑	liang ci ba	7
凉蛋糕	liang dan gao	5
凉豌豆粉	liang wan dou fen	5
凉鸡米线	liang ji mi xian	8
凌云白毫	ling yun bai hao	9
凤凰出世	feng huang chu shi	1
凤凰展翅	feng huang zhan chi	14
凤凰水仙茶	feng huang shui xian cha	6
凤凰社饭	feng huang she fan	5
凤凰萝卜	feng huang luo bo	3
凤凰趴窝	feng huang pa wo	4
凤凰鱼翅	feng huang yu chi	6
凤凰鱼肚	feng huang yu du	2
凤吞翅	feng tun chi	5
凤尾吐司虾片	feng wei tu si xia pian	5
凤尾烧卖	feng wei shao mai	6
凤尾烧麦	feng wei shao mai	5
凤尾群翅	feng wei qun chi	4
凤尾腰花	feng wei yao hua	4
凤尾虾排	feng wei xia pai	6
凤尾酥	feng wei su	8
凤尾金鱼	feng wei jin yu	5
凤尾鱼罐头	feng wei yu guan tou	8
凤尾鱼翅	feng wei yu chi	7
凤庆粑粑卷	feng qing ba ba juan	3
凤戏牡丹	feng xi mu dan	1
凤梨烩排骨	feng li hui pai gu	5
凤梨罐头	feng li guan tou	23
凤梨蟹柳	feng li xie liu	2
凤炖牡丹	feng dun mu dan	5
凤眼秋波	feng yan qiu bo	5
凤穿金衣	feng chuan jin yi	3
凤翔腊驴肉	feng xiang la lv rou	8
凤翔豆花	feng xiang dou hua	4
凤翔豆花泡馍	feng xiang dou hua pao mo	3
凤阳酿豆腐	feng yang niang dou fu	7
凯司令蛋糕	kai si ling dan gao	3
凯撒沙律	kai sa sha lv	6
凯撒沙拉	kai sa sha la	5
出口马蹄	chu kou ma ti	4
刀切糍	dao qie ci	7
刀切酥	dao qie su	5
刀削油泼面	dao xiao you po mian	3
刀拔面	dao ba mian	6
刀狼	dao lang	13
刀鱼羹卤子面	dao yu geng lu zi mian	3
刈包	yi bao	17
利口葡萄酒	li kou pu tao jiu	1
利嘉	li jia	47
制川乌	zhi chuan wu	11
刷把头	shua ba tou	9
刺云实胶	ci yun shi jiao	3
刺五加	ci wu jia	1
刺猬包	ci wei bao	1
刺玫瑰	ci mei gui	4
刺菱角	ci ling jiao	4
刺龙牙	ci long ya	1
剁椒大白菜	duo jiao da bai cai	2
剁椒大鱼头	duo jiao da yu tou	5
剁椒小芋头	duo jiao xiao yu tou	4
剁椒胖鱼头	duo jiao pang yu tou	3
剁椒蒸芋头	duo jiao zheng yu tou	6
剁椒蒸芋头仔	duo jiao zheng yu tou zai	2
前菜七品	qian cai qi pin	4
前菜五品	qian cai wu pin	5
前菜四品	qian cai si pin	4
剑南春	jian nan chun	31
剔尖儿	ti jian er	4
力存	li cun	1
功德林蔬食处	gong de lin shu shi chu	5
加去	jia qu	13
加味二妙散	jia wei er miao san	6
加州庄园	jia zhou zhuang yuan	6
加蟹小笼包	jia xie xiao long bao	5
动物油	dong wu you	13
努力餐	nu li can	26
劲爆鸡米花	jin bao ji mi hua	10
劲脆鸡腿堡	jin cui ji tui bao	4
劲霸橙汁	jin ba cheng zhi	3
劲霸汤皇	jin ba tang huang	4
劲霸牛肉汁	jin ba niu rou zhi	3
劲霸辣椒汁	jin ba la jiao zhi	3
劲霸青芥辣	jin ba qing jie la	6
劲霸鲍鱼汁	jin ba bao yu zhi	4
劲霸鸡汁	jin ba ji zhi	7
勾魂面	gou hun mian	14
包浆豆腐	bao jiang dou fu	26
包烧鲜鱼	bao shao xian yu	5
包谷稀饭	bao gu xi fan	6
包谷粑	bao gu ba	9
包谷粑粑	bao gu ba ba	1
包饼油条	bao bing you tiao	4
化核加应子	hua he jia ying zi	5
北京水煮鱼	bei jing shui zhu yu	6
北京美晶	bei jing mei jing	3
北京蜜饯果脯	bei jing mi jian guo fu	2
北京辣菜	bei jing la cai	4
北方嘉宾	bei fang jia bin	3
北杏参地老鸭汤	bei xing shen di lao ya tang	3
北杏猪肺汤	bei xing zhu fei tang	4
北芪瘦肉	bei qi shou rou	3
十二台菜	shi er tai cai	5
十二烷基二甲基溴化铵	shi er wan ji er jia ji xiu hua an	2
十二酸乙酯	shi er suan yi zhi	3
十全大补汤	shi quan da bu tang	11
十全炆补汤	shi quan wen bu tang	2
十八烷酸	shi ba wan suan	3
十八街麻花	shi ba jie ma hua	7
十里香茶	shi li xiang cha	6
十香果	shi xiang guo	3
千层发糕	qian ceng fa gao	3
千层油糕	qian ceng you gao	10
千层牛肉饼	qian ceng niu rou bing	1
千层皮	qian ceng pi	5
千层糕	qian ceng gao	11
千层肉饼	qian ceng rou bing	1
千层蒸糕	qian ceng zheng gao	3
千层蛋	qian ceng dan	1
千层酥	qian ceng su	27
千层馒头	qian ceng man tou	6
千岛汁鸡球	qian dao zhi ji qiu	3
千岛湖红烧鱼头	qian dao hu hong shao yu tou	3
千张包子	qian zhang bao zi	8
千页糕	qian ye gao	5
午子仙毫	wu zi xian hao	9
午时粑	wu shi ba	5
午餐三明治	wu can san ming zhi	4
半胱氨酸盐酸盐	ban guang an suan yan suan yan	7
华凌	hua ling	3
华夫饼干	hua fu bing gan	4
华珍	hua zhen	7
华顶云雾茶	hua ding yun wu cha	7
卓资山熏鸡	zhuo zi shan xun ji	5
单县四君子酒	shan xian si jun zi jiu	4
单县羊肉汤	shan xian yang rou tang	2
单硬脂酸甘油酯	dan ying zhi suan gan you zhi	8
单辛酸甘油酯	dan xin suan gan you zhi	5
南乳小凤饼	nan ru xiao feng bing	2
南乳小排	nan ru xiao pai	3
南乳肉	nan ru rou	8
南京板鸭	nan jing ban ya	11
南京盐水鸭	nan jing yan shui ya	1
南京雨花茶	nan jing yu hua cha	8
南京香肚	nan jing xiang du	7
南北杏	nan bei xing	8
南国恋曲冰咖啡	nan guo lian qu bing ka fei	4
南宋定胜糕	nan song ding sheng gao	1
南山庄园	nan shan zhuang yuan	8
南山白毛茶	nan shan bai mao cha	6
南岳云雾茶	nan yue yun wu cha	8
南式细点	nan shi xi dian	3
南昌炒粉	nan chang chao fen	23
南昌米粉	nan chang mi fen	7
南沙饼	nan sha bing	6
南泌	nan bi	10
南浔香大头菜	nan xun xiang da tou cai	5
南海里水冬瓜	nan hai li shui dong gua	4
南涧锅巴豆粉	nan jian guo ba dou fen	5
南湖蟹粉	nan hu xie fen	5
南煎丸子	nan jian wan zi	8
南煎肝	nan jian gan	2
南瓜包	nan gua bao	6
南瓜咕老虾	nan gua gu lao xia	4
南瓜团子	nan gua tuan zi	7
南瓜小点	nan gua xiao dian	3
南瓜干儿糕	nan gua gan er gao	5
南瓜汤	nan gua tang	49
南瓜炒虾米	nan gua chao xia mi	1
南瓜花粥	nan gua hua zhou	2
南瓜蒸肉	nan gua zheng rou	3
南瓜鲜虾沙拉	nan gua xian xia sha la	4
南疆水晶无花果	nan jiang shui jing wu hua guo	3
南糯白毫	nan nuo bai hao	7
南美白对虾	nan mei bai dui xia	6
南翔小笼包	nan xiang xiao long bao	1
南翔小笼馒头	nan xiang xiao long man tou	9
南翔馒头	nan xiang man tou	10
南肉春笋	nan rou chun sun	6
南荠草莓饼	nan qi cao mei bing	5
南通文蛤	nan tong wen ge	2
南通油饼	nan tong you bing	2
南通甜包瓜	nan tong tian bao gua	3
南通跳面	nan tong tiao mian	5
南霞泥鳅粉干	nan xia ni qiu fen gan	4
博山烤肉	bo shan kao rou	5
博山烩菜	bo shan hui cai	5
博望锅盔	bo wang guo kui	6
博爱浆面条	bo ai jiang mian tiao	2
卡依之	ka yi zhi	7
卡夫奇妙酱	ka fu qi miao jiang	8
卡夫果珍	ka fu guo zhen	7
卡布基诺	ka bu ji nuo	5
卡布奇诺冰咖啡	ka bu qi nuo bing ka fei	2
卡布罗尔巴西烤肉	ka bu luo er ba xi kao rou	3
卡拉什尼科夫伏特加	ka la shi ni ke fu fu te jia	4
卡拉胶	ka la jiao	5
卡滋	ka zi	2
卡真调料	ka zhen tiao liao	2
卡蕾多儿	ka lei duo er	3
卡通蛋糕	ka tong dan gao	2
卢氏麻片	lu shi ma pian	2
卤什件儿	lu shi jian er	7
卤子鹅	lu zi e	7
卤斑鸠	lu ban jiu	5
卤水拼盘	lu shui pin pan	2
卤水鹅掌	lu shui e zhang	9
卤汁凉粉	lu zhi liang fen	3
卤汁豆干	lu zhi dou gan	4
卤牛肉	lu niu rou	43
卤米线	lu mi xian	3
卤肉夹锅魁	lu rou jia guo kui	6
卤肉锅盔	lu rou guo kui	2
卤肉锅魁	lu rou guo kui	5
卤豆腐	lu dou fu	8
卤饵丝	lu er si	1
卤饵块	lu er kuai	7
卤鸡蛋	lu ji dan	11
卤鸭翅	lu ya chi	4
卤鹌鹑蛋	lu an chun dan	7
卧龙戏珠	wo long xi zhu	3
印度咖喱焖羊腩	yin du ka li men yang nan	2
印度奶茶	yin du nai cha	1
印度香米饭	yin du xiang mi fan	5
印糕	yin gao	9
即食鲍鱼	ji shi bao yu	8
卵石鲜鱼汤	luan shi xian yu tang	6
卷煎	juan jian	1
卷筒粉	juan tong fen	9
卷筒蛋糕	juan tong dan gao	4
卷粉	juan fen	11
压合落	ya he luo	4
压韭茄子	ya jiu qie zi	5
厚德福	hou de fu	10
原只木瓜炖雪蛤	yuan zhi mu gua dun xue ge	3
原叶冰红茶	yuan ye bing hong cha	5
原味双皮奶	yuan wei shuang pi nai	4
原味腌制料	yuan wei yan zhi liao	4
原壳鲍鱼	yuan ke bao yu	9
原平锅魁	yuan ping guo kui	7
原盅炖北菇	yuan zhong dun bei gu	3
原笼牛肉	yuan long niu rou	4
原笼玉簪	yuan long yu zan	6
原笼粉蒸	yuan long fen zheng	5
厦门春饼	xia men chun bing	5
厦门沙茶面	xia men sha cha mian	5
厦门薄饼	xia men bao bing	6
去皮番茄罐头	qu pi fan qie guan tou	3
去皮酥	qu pi su	4
县前汤团	xian qian tang tuan	5
参婆千子	shen po qian zi	2
参果炖瘦肉	shen guo dun shou rou	2
参芪母鸡汤	shen qi mu ji tang	5
参芪炖白凤	shen qi dun bai feng	3
参芪红枣乳鸽汤	shen qi hong zao ru ge tang	4
参花茶	shen hua cha	8
参茸茶	shen rong cha	4
参茸葛仙米	shen rong ge xian mi	2
参茸鸡肉汤	shen rong ji rou tang	2
参蒸鳝段	shen zheng shan duan	4
参麦团鱼	shen mai tuan yu	5
参麦雪梨瘦肉汤	shen mai xue li shou rou tang	2
叉子火食	cha zi huo shi	4
叉烤鳜鱼	cha kao gui yu	5
叉烧包子	cha shao bao zi	1
叉烧炒面	cha shao chao mian	4
叉烧猪肉	cha shao zhu rou	4
叉烧酥	cha shao su	22
叉烧鱼	cha shao yu	6
叉烧鸡	cha shao ji	8
叉烧鸭	cha shao ya	7
叉烧鸭子	cha shao ya zi	4
及第粥	ji di zhou	3
双乙酸钠	shuang yi suan na	10
双仁浮皮	shuang ren fu pi	3
双味珍珠元子	shuang wei zhen zhu yuan zi	5
双孢蘑菇罐头	shuang bao mo gu guan tou	5
双层吉士汉堡	shuang ceng ji shi han bao	1
双林姑嫂饼	shuang lin gu sao bing	4
双桥毛尖	shuang qiao mao jian	5
双椒烘蛋	shuang jiao hong dan	3
双椒鸡	shuang jiao ji	8
双流老妈兔头	shuang liu lao ma tu tou	7
双烤肉	shuang kao rou	3
双球冰淇淋	shuang qiu bing qi lin	6
双皮刀鱼	shuang pi dao yu	9
双糯玫瑰糕	shuang nuo mei gui gao	4
双色核桃饼干	shuang se he tao bing gan	2
双色煎鱼	shuang se jian yu	4
双色玫瑰鱼	shuang se mei gui yu	5
双色糕	shuang se gao	5
双色绿茶饼干	shuang se lv cha bing gan	3
双色豆糕	shuang se dou gao	7
双色软糖	shuang se ruan tang	4
双色马蹄糕	shuang se ma ti gao	4
双花饮	shuang hua yin	6
双薯沙拉	shuang shu sha la	1
双酥月饼	shuang su yue bing	4
双酿团	shuang niang tuan	1
双鹤	shuang he	13
双麻火烧	shuang ma huo shao	6
双麻酥饼	shuang ma su bing	7
双黄鱼片	shuang huang yu pian	4
反沙芋头	fan sha yu tou	4
发丝百叶	fa si bai ye	6
发丝百页	fa si bai ye	8
发米粑	fa mi ba	4
发菜蒸蛋	fa cai zheng dan	7
发财好事	fa cai hao shi	6
发财就手	fa cai jiu shou	1
发酵饼干	fa jiao bing gan	7
发面油饼	fa mian you bing	3
发饽饽	fa bo bo	3
叙府陈年糟蛋	xu fu chen nian zao dan	5
口味蛇	kou wei she	7
口味金牛蹄	kou wei jin niu ti	2
口味鳝片	kou wei shan pian	2
口感盐煎肉	kou gan yan jian rou	2
口水鸡	kou shui ji	11
口福鸡	kou fu ji	4
口蘑小包	kou mo xiao bao	2
口蘑蒸鸡	kou mo zheng ji	5
口蘑鹿肉	kou mo lu rou	2
口袋豆腐	kou dai dou fu	8
口镇顺香斋南肠	kou zhen shun xiang zhai nan chang	2
古丈毛尖茶	gu zhang mao jian cha	7
古乐伴宴	gu yue ban yan	7
古井贡	gu jing gong	10
古劳银针	gu lao yin zhen	5
古县蕨菜	gu xian jue cai	2
古月胡	gu yue hu	9
古月胡三合泥	gu yue hu san he ni	6
古老肉	gu lao rou	6
古陈仓牌	gu chen cang pai	2
叫化童鸡	jiao hua tong ji	9
叫化鸡	jiao hua ji	2
可乐土豆饼	ke le tu dou bing	2
可可咖啡	ke ke ka fei	2
可可基	ke ke ji	6
可可壳色	ke ke ke se	4
可可果	ke ke guo	1
可可桃仁	ke ke tao ren	4
可可蛋糕	ke ke dan gao	1
可可麦乳精	ke ke mai ru jing	4
可得然胶	ke de ran jiao	4
可浓	ke nong	15
台北牛肉面	tai bei niu rou mian	1
台式三杯鸡	tai shi san bei ji	7
台式卤肉酥	tai shi lu rou su	4
台湾卤肉饭	tai wan lu rou fan	7
台湾古早味	tai wan gu zao wei	5
台湾盐酥鸡	tai wan yan su ji	5
台湾青枣	tai wan qing zao	9
台茶	tai cha	3
台蘑	tai mo	6
叶儿粑	ye er ba	10
叶儿耙	ye er pa	1
叶子面包	ye zi mian bao	2
叶绿素铜钠盐	ye lv su tong na yan	8
叶绿素铜钾盐	ye lv su tong jia yan	2
叶耳粑	ye er ba	6
叶醇	ye chun	7
号腐干	hao fu gan	6
司岗里	si gang li	2
司康饼	si kang bing	11
司陶特啤酒	si tao te pi jiu	10
合川桃片	he chuan tao pian	1
合川肉片	he chuan rou pian	2
合德堂	he de tang	5
合意饼	he yi bing	6
合梅	he mei	11
合水粉葛	he shui fen ge	7
合水西瓜	he shui xi gua	6
合油酥	he you su	4
合菜盖被	he cai gai bei	3
合阳页面	he yang ye mian	4
吉利大虾	ji li da xia	2
吉利虾	ji li xia	6
吉士蛋堡	ji shi dan bao	6
吉安薄酥饼	ji an bao su bing	4
吉祥干贝	ji xiang gan bei	3
吉祥顶呱呱	ji xiang ding gua gua	5
吊炉饼鸡蛋羹	diao lu bing ji dan geng	2
同和居	tong he ju	7
同安封肉	tong an feng rou	1
同川梨	tong chuan li	8
同江赫哲族生鱼片	tong jiang he zhe zu sheng yu pian	2
同源堂	tong yuan tang	7
同源茂	tong yuan mao	5
吐鲁番葡萄	tu lu fan pu tao	2
吗啉脂肪酸盐果蜡	ma lin zhi fang suan yan guo la	3
君之薇	jun zhi wei	9
君山银针	jun shan yin zhen	1
君山银针茶	jun shan yin zhen cha	9
吞拿鱼	tun na yu	39
吞拿鱼卷	tun na yu juan	5
吞拿鱼罐头	tun na yu guan tou	2
含羞丸子	han xiu wan zi	3
含羞果	han xiu guo	1
吮指原味鸡	shun zhi yuan wei ji	1
吴家熏肉	wu jia xun rou	6
吴山酥油饼	wu shan su you bing	8
吴常昌牛巴	wu chang chang niu ba	3
吴招治	wu zhao zhi	5
吴裕泰茶庄	wu yu tai cha zhuang	9
吹肝	chui gan	9
呈味核苷酸二钠	cheng wei he gan suan er na	9
告别香茗	gao bie xiang ming	4
周村大酥烧饼	zhou cun da su shao bing	6
周村烧饼	zhou cun shao bing	2
周村酥烧饼	zhou cun su shao bing	4
呱嗒子	gua da zi	3
味之臾	wei zhi yu	2
味好美	wei hao mei	4
味源	wei yuan	1
味窖板	wei jiao ban	6
咀香园	ju xiang yuan	3
和其正	he qi zheng	22
和合腰子	he he yao zi	5
和味炒田螺	he wei chao tian luo	5
和味牛杂萝卜	he wei niu za luo bo	8
和记米粉	he ji mi fen	6
咕咕霍夫	gu gu huo fu	5
咕噜肉	gu lu rou	25
咖哩牛肉	ka li niu rou	3
咖哩鸡	ka li ji	7
咖啡欧蕾	ka fei ou lei	1
咖啡糖	ka fei tang	6
咖啡蛋糕卷	ka fei dan gao juan	1
咖啡饼干	ka fei bing gan	1
咖喱樱桃	ka li ying tao	2
咖喱焖羊腩	ka li men yang nan	2
咖喱焖鸡	ka li men ji	3
咖喱焗肉蟹	ka li ju rou xie	2
咖喱牛排	ka li niu pai	6
咖喱牛肉汤	ka li niu rou tang	7
咖喱粉	ka li fen	2
咖喱菜花	ka li cai hua	6
咖喱饺	ka li jiao	9
咖喱鱿鱼	ka li you yu	5
咖喱鸡丁	ka li ji ding	6
咖喱鸡丝羹	ka li ji si geng	2
咯嗒面	ge da mian	3
咸味奶油糖	xian wei nai you tang	1
咸烧白	xian shao bai	1
咸煎饼	xian jian bing	4
咸甜薄餐	xian tian bo can	2
咸真酥	xian zhen su	2
咸肉丝儿	xian rou si er	5
咸菜鸭	xian cai ya	4
咸蛋节瓜鱼尾汤	xian dan jie gua yu wei tang	4
咸蛋蒸肉饼	xian dan zheng rou bing	10
咸金枣	xian jin zao	5
咸馓子	xian san zi	6
咸鱼片片	xian yu pian pian	5
咸鱼茄子煲	xian yu qie zi bao	5
咸鱼茄瓜煲	xian yu qie gua bao	3
咸鱼饼子	xian yu bing zi	9
咸鸭烧黄豆	xian ya shao huang dou	8
哈尔滨干肠	ha er bin gan chang	2
哈尔滨熏鸡	ha er bin xun ji	3
哈尔滨红肠	ha er bin hong chang	42
哈尔滨风干口条	ha er bin feng gan kou tiao	3
哈特啤酒	ha te pi jiu	4
哈达饼	ha da bing	7
响油鳝糊	xiang you shan hu	4
响铃儿	xiang ling er	9
响铃海参	xiang ling hai shen	5
响铃球	xiang ling qiu	4
哥伦比亚咖啡	ge lun bi ya ka fei	3
哲司	zhe si	26
唐场豆腐乳	tang chang dou fu ru	6
唐纳滋	tang na zi	2
唯我鼎边	wei wo ding bian	2
商芝肉	shang zhi rou	7
啤酒汤	pi jiu tang	1
啤酒鱼	pi jiu yu	33
啤酒鸭	pi jiu ya	44
啤酒鸭火锅	pi jiu ya huo guo	7
喀什馕坑肉	ka shi nang keng rou	2
喇嘛糕	la ma gao	6
喜品	xi pin	2
喜年来食品	xi nian lai shi pin	4
喜歪歪	xi wai wai	7
喜洲破酥粑粑	xi zhou po su ba ba	1
喜洲粑粑	xi zhou ba ba	7
喜洲鱼	xi zhou yu	6
喜立	xi li	1
喜鹊登枝	xi que deng zhi	9
喜鹊登梅	xi que deng mei	1
喝螺	he luo	8
喷火林宝坚尼	pen huo lin bao jian ni	4
喹啉黄	kui lin huang	6
嗡山药	weng shan yao	2
嘉义的鸡肉饭	jia yi de ji rou fan	4
嘉兴粽子	jia xing zong zi	13
嘉兴鲜肉粽子	jia xing xian rou zong zi	3
嘉吉	jia ji	39
噻苯咪唑	sai ben mi zuo	8
四味山药膏	si wei shan yao gao	2
四味荞包	si wei qiao bao	5
四喜丸子	si xi wan zi	28
四喜乾果	si xi qian guo	4
四喜福袋	si xi fu dai	3
四喜蒸饺	si xi zheng jiao	7
四喜饺	si xi jiao	7
四喜鱼卷	si xi yu juan	3
四喜鸭子	si xi ya zi	4
四季柚	si ji you	9
四季美小笼汤包	si ji mei xiao long tang bao	3
四季美汤包	si ji mei tang bao	1
四季鱼头王	si ji yu tou wang	2
四季鲜蔬	si ji xian shu	7
四宝上汤	si bao shang tang	3
四川板鸭	si chuan ban ya	4
四川榨菜	si chuan zha cai	9
四川泡菜	si chuan pao cai	10
四川火锅	si chuan huo guo	13
四川腊肉	si chuan la rou	9
四川辣子鸡	si chuan la zi ji	1
四川风味土豆烧排骨	si chuan feng wei tu dou shao pai gu	4
四条包子	si tiao bao zi	2
四样荤素	si yang hun su	3
四甜蜜饯	si tian mi jian	3
四色片糕	si se pian gao	1
四鲜烤麸	si xian kao fu	6
回手面	hui shou mian	3
回族碾馔儿	hui zu nian zhuan er	3
回族蒸艾叶	hui zu zheng ai ye	2
回族麦芽糖	hui zu mai ya tang	3
回民餐厅	hui min can ting	8
回记绿豆糕	hui ji lv dou gao	4
回锅腊肉	hui guo la rou	3
回锅鱼片	hui guo yu pian	4
团圆汤	tuan yuan tang	4
围炉火锅	wei lu huo guo	1
固体乳胶	gu ti ru jiao	3
圆白菜炒腊肉	yuan bai cai chao la rou	3
圆筒冰淇淋	yuan tong bing qi lin	4
圆蛋糕	yuan dan gao	20
圆黄蛋糕	yuan huang dan gao	2
土沱麻饼	tu tuo ma bing	2
土耳其咖啡	tu er qi ka fei	4
土豆排骨汤	tu dou pai gu tang	1
土豆松糕	tu dou song gao	4
土豆火腿沙拉	tu dou huo tui sha la	3
土豆炖牛肉	tu dou dun niu rou	21
土豆烧排骨	tu dou shao pai gu	23
土豆烧肉	tu dou shao rou	15
土豆烧肉丁	tu dou shao rou ding	3
土豆粑粑	tu dou ba ba	1
土豆罐焖鸡	tu dou guan men ji	2
土豆蛋糕	tu dou dan gao	2
圣堡罗	sheng bao luo	9
圣女果	sheng nv guo	40
圣杞乐	sheng qi le	8
圣诞布丁	sheng dan bu ding	14
圣诞老人蛋糕	sheng dan lao ren dan gao	2
圣诞面包	sheng dan mian bao	6
在家做蛋糕	zai jia zuo dan gao	4
圪坨	ge tuo	1
圪饦汤	ge tuo tang	5
地中海沙拉	di zhong hai sha la	4
地栗糕	di li gao	4
地瓜果脯	di gua guo fu	5
地瓜糖	di gua tang	1
地瓜饼	di gua bing	4
地胆头炖猪月展	di dan tou dun zhu yue zhan	4
地锅草鸡	di guo cao ji	2
坚果蛋糕	jian guo dan gao	1
坛子肉	tan zi rou	13
坦洋工夫茶	tan yang gong fu cha	6
城隍庙五香豆	cheng huang miao wu xiang dou	8
城隍庙梨膏糖	cheng huang miao li gao tang	7
培根奶油蛋汁	pei gen nai you dan zhi	4
培根火腿	pei gen huo tui	6
培根芦笋卷	pei gen lu sun juan	4
培根蔬菜卷	pei gen shu cai juan	5
培根面包	pei gen mian bao	6
基摩	ji mo	38
基斯乐	ji si le	3
基本戚风蛋糕	ji ben qi feng dan gao	3
堂煎牛仔骨	tang jian niu zi gu	5
塔牌	ta pai	12
塘栖板鸭	tang qi ban ya	5
塞上香哪	sai shang xiang na	4
塞外酒堡	sai wai jiu bao	6
增味剂	zeng wei ji	5
增稠剂	zeng chou ji	36
墨子酥	mo zi su	1
墨西哥凉面	mo xi ge liang mian	2
墨西哥玉米片	mo xi ge yu mi pian	1
墨西哥鸡肉玉米汤	mo xi ge ji rou yu mi tang	2
墨鱼羹	mo yu geng	4
墨鱼香菇冬笋粥	mo yu xiang gu dong sun zhou	3
壬内酯	ren nei zhi	2
壬酸乙酯	ren suan yi zhi	2
壳聚糖	ke ju tang	14
壶关羊汤	hu guan yang tang	5
壶冲油茶	hu chong you cha	4
壶壶油茶	hu hu you cha	4
壹条龙	yi tiao long	9
壹条龙饭庄	yi tiao long fan zhuang	7
复元汤	fu yuan tang	6
复原乳	fu yuan ru	13
复盆子酮	fu pen zi tong	5
夏威夷冰咖啡	xia wei yi bing ka fei	3
夏威夷果仁	xia wei yi guo ren	10
夏威夷风光	xia wei yi feng guang	9
夏茂芋包	xia mao yu bao	4
外婆家醉鱼	wai po jia zui yu	8
多味果	duo wei guo	6
多味煎饼	duo wei jian bing	4
多味黄瓜	duo wei huang gua	2
多彩冰皮月饼	duo cai bing pi yue bing	2
夜香冬瓜盅	ye xiang dong gua zhong	5
大京果	da jing guo	5
大京枣	da jing zao	6
大佛白龙井	da fo bai long jing	5
大刀面	da dao mian	2
大卤面	da lu mian	9
大卫杜夫	da wei du fu	2
大厨来桂林辣椒酱	da chu lai gui lin la jiao jiang	2
大厨来海鲜酱	da chu lai hai xian jiang	2
大厨来蒜蓉辣椒酱	da chu lai suan rong la jiao jiang	3
大厨来豆瓣酱	da chu lai dou ban jiang	3
大叶乌龙	da ye wu long	2
大叶芹	da ye qin	9
大叶苦茶	da ye ku cha	4
大块煮羊肉	da kuai zhu yang rou	4
大山合牌	da shan he pai	4
大山牌	da shan pai	6
大救架	da jiu jia	6
大救驾	da jiu jia	6
大方糕	da fang gao	2
大方豆腐	da fang dou fu	5
大朴	da pu	10
大枣姜汤	da zao jiang tang	6
大枣百合汤	da zao bai he tang	3
大树菠萝	da shu bo luo	13
大湖鱼	da hu yu	7
大煮干丝	da zhu gan si	10
大理三道茶	da li san dao cha	7
大理乳扇	da li ru shan	6
大理石芝士蛋糕	da li shi zhi shi dan gao	2
大理石蛋糕	da li shi dan gao	6
大理砂锅鱼	da li sha guo yu	8
大理翠梅酸辣鱼	da li cui mei suan la yu	3
大理雪梨	da li xue li	8
大理雪茶	da li xue cha	4
大理饵块	da li er kuai	6
大白菜水饺	da bai cai shui jiao	4
大盘肚	da pan du	6
大盘鸡	da pan ji	13
大石四季仔	da shi si ji zi	3
大福来锅巴菜	da fu lai guo ba cai	1
大福果	da fu guo	5
大米蛋糕	da mi dan gao	3
大肉饼	da rou bing	6
大花蛋糕	da hua dan gao	3
大茴香醛	da hui xiang quan	5
大荆石莲糊	da jing shi lian hu	2
大荔带把肘子	da li dai ba zhou zi	5
大荔瓜果	da li gua guo	4
大菜糕	da cai gao	3
大蒜干贝	da suan gan bei	2
大蒜鲇鱼	da suan nian yu	4
大蒜鲶鱼	da suan nian yu	4
大蛋散	da dan san	3
大西洋珍鲑比萨	da xi yang zhen gui bi sa	3
大豆磷脂	da dou lin zhi	2
大边炉	da bian lu	6
大雪枣	da xue zao	1
大面白	da mian bai	6
大顺斋糕点厂	da shun zhai gao dian chang	3
大鱼头豆腐汤	da yu tou dou fu tang	5
大麦茶饮料	da mai cha yin liao	6
大麻球	da ma qiu	5
大麻花	da ma hua	3
天一坊	tian yi fang	7
天一坊饭庄	tian yi fang fan zhuang	3
天下第一包	tian xia di yi bao	1
天下第一菜	tian xia di yi cai	9
天下第一鲜	tian xia di yi xian	10
天主堂鸡片	tian zhu tang ji pian	7
天人有机	tian ren you ji	7
天使蛋糕	tian shi dan gao	4
天兴居	tian xing ju	2
天冬蜜饯	tian dong mi jian	3
天山烘绿	tian shan hong lv	3
天府花生	tian fu hua sheng	8
天府花生酥糖	tian fu hua sheng su tang	4
天果	tian guo	2
天水凉粉	tian shui liang fen	4
天水呱呱	tian shui gua gua	1
天水搅团	tian shui jiao tuan	4
天水杂烩	tian shui za hui	7
天水浆水面	tian shui jiang shui mian	3
天水里脊	tian shui li ji	2
天水麻食	tian shui ma shi	2
天津五香猪肉干	tian jin wu xiang zhu rou gan	2
天津包子	tian jin bao zi	1
天津火腿肠	tian jin huo tui chang	5
天津炸酱面	tian jin zha jiang mian	4
天津烧肉	tian jin shao rou	3
天津锅巴	tian jin guo ba	4
天津馄饨	tian jin hun tun	4
天湖凤片	tian hu feng pian	4
天源酱园	tian yuan jiang yuan	2
天然果蔬饮料	tian ran guo shu yin liao	5
天然苋菜红	tian ran xian cai hong	5
天然薄荷脑	tian ran bo he nao	8
天目烘青豆	tian mu hong qing dou	4
天目笋干	tian mu sun gan	9
天目青顶茶	tian mu qing ding cha	5
天福号	tian fu hao	11
天红宝	tian hong bao	5
天门冬氨酸	tian men dong an suan	2
天门冬酰胺酶	tian men dong xian an mei	7
天门冬酰苯氨酸甲酯	tian men dong xian ben an suan jia zhi	2
天香鲍鱼	tian xiang bao yu	6
天麻全鸡	tian ma quan ji	3
天麻汽锅鸡	tian ma qi guo ji	7
天麻酒	tian ma jiu	8
天麻鱼头汤	tian ma yu tou tang	6
太仓肉松	tai cang rou song	1
太原酱肘花	tai yuan jiang zhou hua	4
太史饼	tai shi bing	3
太后御膳泡泡糕	tai hou yu shan pao pao gao	5
太后火锅	tai hou huo guo	6
太子参无花果瘦肉汤	tai zi shen wu hua guo shou rou tang	3
太子参百合田鸡汤	tai zi shen bai he tian ji tang	3
太子奶	tai zi nai	3
太子麦蕉	tai zi mai jiao	2
太安鱼	tai an yu	6
太师面	tai shi mian	8
太师饼	tai shi bing	9
太平燕	tai ping yan	1
太平猴魁绿茶	tai ping hou kui lv cha	4
太平猴魁茶	tai ping hou kui cha	8
太平糕	tai ping gao	3
太极双泥	tai ji shuang ni	2
太极发财燕	tai ji fa cai yan	4
太极干巴菌	tai ji gan ba jun	7
太极芋头	tai ji yu tou	2
太爷鸡	tai ye ji	9
太白庄园	tai bai zhuang yuan	4
太白拉糕	tai bai la gao	4
太白鸭	tai bai ya	8
太谷饼	tai gu bing	19
太阳糕	tai yang gao	9
太阳饼	tai yang bing	29
夫妻肺片店	fu qi fei pian dian	1
夷陵春卷	yi ling chun juan	3
夹心虾糕	jia xin xia gao	4
夹心蛋糕	jia xin dan gao	5
夹心饼干	jia xin bing gan	6
夹沙月饼	jia sha yue bing	2
夹沙条头糕	jia sha tiao tou gao	2
夹沙牛肉	jia sha niu rou	7
夹沙荞糕	jia sha qiao gao	4
奇力元	qi li yuan	4
奇味干锅	qi wei gan guo	1
奇味酱	qi wei jiang	5
奇峰阁	qi feng ge	5
奇峰阁酒家	qi feng ge jiu jia	4
奇异天空	qi yi tian kong	2
奇异果煎虾沙拉	qi yi guo jian xia sha la	3
奉化摇蜡	feng hua yao la	5
奉香上寿	feng xiang shang shou	3
奎元馆	kui yuan guan	7
奎宁水	kui ning shui	1
套四宝	tao si bao	9
奥地利式烤牛肉扒	ao di li shi kao niu rou ba	2
奥德曼	ao de man	11
女贞子酒	nv zhen zi jiu	5
奶层糕	nai ceng gao	4
奶干	nai gan	11
奶汁角	nai zhi jiao	4
奶汁鱼片	nai zhi yu pian	6
奶汤	nai tang	6
奶汤元鱼	nai tang yuan yu	3
奶汤火腿大鱼头	nai tang huo tui da yu tou	4
奶汤白菜	nai tang bai cai	5
奶汤蒲菜	nai tang pu cai	8
奶汤面	nai tang mian	3
奶汤鸡脯	nai tang ji pu	5
奶油乳酪蛋糕	nai you ru lao dan gao	2
奶油五香豆	nai you wu xiang dou	1
奶油回饼	nai you hui bing	3
奶油小蛋糕	nai you xiao dan gao	2
奶油小饼干	nai you xiao bing gan	4
奶油曲奇饼	nai you qu qi bing	4
奶油条酥	nai you tiao su	2
奶油核桃糕	nai you he tao gao	3
奶油桂鱼	nai you gui yu	4
奶油沙司	nai you sha si	8
奶油泡芙	nai you pao fu	6
奶油洋菇浓汤	nai you yang gu nong tang	2
奶油火腿馅饼	nai you huo tui xian bing	3
奶油炸糕	nai you zha gao	3
奶油生菜	nai you sheng cai	1
奶油白酱	nai you bai jiang	6
奶油芝士	nai you zhi shi	12
奶油花生米	nai you hua sheng mi	5
奶油花生糖	nai you hua sheng tang	2
奶油花蛋糕	nai you hua dan gao	3
奶油草莓蛋糕	nai you cao mei dan gao	6
奶油菠萝冻	nai you bo luo dong	3
奶油蘑菇鸡	nai you mo gu ji	3
奶油蟹肉	nai you xie rou	6
奶油西兰花	nai you xi lan hua	4
奶油饼干	nai you bing gan	2
奶泡咖啡	nai pao ka fei	2
奶渣	nai zha	16
奶白杏仁	nai bai xing ren	4
奶白枣宝	nai bai zao bao	4
奶白葡萄	nai bai pu tao	5
奶白鲫鱼汤	nai bai ji yu tang	4
奶皮	nai pi	37
奶皮子	nai pi zi	20
奶酪蛋糕	nai lao dan gao	16
奶酪软糖	nai lao ruan tang	3
奶酪魏	nai lao wei	1
奶香海苔吐司	nai xiang hai tai tu si	4
奶香玉米饼	nai xiang yu mi bing	5
奶香菠菜	nai xiang bo cai	2
奶黄冰皮月饼	nai huang bing pi yue bing	2
奶黄雪蛤酥	nai huang xue ge su	3
好丝百叶	hao si bai ye	4
好乐门蛋黄酱	hao le men dan huang jiang	4
好味鸡	hao wei ji	4
好清香	hao qing xiang	5
好胃到	hao wei dao	4
如意乌龙	ru yi wu long	2
如意卷	ru yi juan	9
如意回卤干	ru yi hui lu gan	6
如意竹荪	ru yi zhu sun	3
如意酥	ru yi su	5
如皋肉松	ru gao rou song	5
如皋萝卜粒	ru gao luo bo li	2
姊妹七辣	zi mei qi la	4
姊妹团子	zi mei tuan zi	8
姜丝拌汤	jiang si ban tang	4
姜丝焗肉蟹	jiang si ju rou xie	3
姜丝牛肉	jiang si niu rou	1
姜丝肉蟹	jiang si rou xie	4
姜味蛋糕	jiang wei dan gao	3
姜堰酥饼	jiang yan su bing	2
姜太公柿饼	jiang tai gong shi bing	4
姜奶	jiang nai	9
姜拌藕	jiang ban ou	3
姜母鸭	jiang mu ya	30
姜汁仔鸡	jiang zhi zi ji	5
姜汁刀豆	jiang zhi dao dou	5
姜汁啤酒	jiang zhi pi jiu	8
姜汁扁豆	jiang zhi bian dou	3
姜汁拌菠菜	jiang zhi ban bo cai	2
姜汁排叉儿	jiang zhi pai cha er	7
姜汁热味鸡	jiang zhi re wei ji	5
姜汁热窝鸡	jiang zhi re wo ji	6
姜汁菠菜	jiang zhi bo cai	6
姜汁豆角	jiang zhi dou jiao	5
姜汁饼	jiang zhi bing	8
姜汁鱼片	jiang zhi yu pian	5
姜汁鸭掌	jiang zhi ya zhang	5
姜油	jiang you	1
姜爆三丝	jiang bao san si	3
姜爆鸭丝	jiang bao ya si	5
姜茶乌梅粥	jiang cha wu mei zhou	2
姜茸柠檬锔鸡腿	jiang rong ning meng ju ji tui	4
姜葱炒蟹	jiang cong chao xie	8
姜葱蚬芥蒸鱼云	jiang cong xian jie zheng yu yun	4
姜葱螃蟹	jiang cong pang xie	1
姜葱鸡	jiang cong ji	7
姜黄粉	jiang huang fen	2
姜黄素	jiang huang su	8
姬松茸	ji song rong	7
威化饼干	wei hua bing gan	18
威士忌苏打	wei shi ji su da	8
威宁火腿	wei ning huo tui	8
威宁荞酥	wei ning qiao su	7
威林	wei lin	31
威臣	wei chen	8
娥姐粉果	e jie fen guo	8
婚庆蛋糕	hun qing dan gao	8
婚礼蛋糕	hun li dan gao	21
婺州举岩	wu zhou ju yan	7
婺源茗眉茶	wu yuan ming mei cha	6
婺绿	wu lv	10
嫦娥奔月饼	chang e ben yue bing	3
嫩肉粉	nen rou fen	1
子姜鸭	zi jiang ya	4
子推蒸饼	zi tui zheng bing	5
子萝卜汤	zi luo bo tang	4
孔府一品锅	kong fu yi pin guo	4
孔府地锅一绝	kong fu di guo yi jue	5
孔府家	kong fu jia	4
孔府烤花搅鲑鱼	kong fu kao hua jiao gui yu	3
孔府糕点	kong fu gao dian	8
孜然排骨	zi ran pai gu	1
孜然牛肉	zi ran niu rou	18
孝义火烧	xiao yi huo shao	3
孝感麻糖	xiao gan ma tang	2
孟封饼	meng feng bing	7
宁化老鼠干	ning hua lao shu gan	7
宁夏酿皮子	ning xia niang pi zi	3
宁式苔菜月饼	ning shi tai cai yue bing	2
宁强王家核桃饼	ning qiang wang jia he tao bing	4
宁氏鳝丝	ning shi shan si	2
宁波猪油汤团	ning bo zhu you tang tuan	6
宁波粽子	ning bo zong zi	7
宁波腊鸭	ning bo la ya	2
宁波豆酥糖	ning bo dou su tang	2
宁海望海茶	ning hai wang hai cha	4
宁红茶	ning hong cha	8
安化松针	an hua song zhen	7
安多面片	an duo mian pian	4
安定堡	an ding bao	1
安富丽	an fu li	7
安康窝窝面	an kang wo wo mian	3
安徽菜	an hui cai	8
安泽火腿	an ze huo tui	5
安神首乌粥	an shen shou wu zhou	2
安答	an da	9
安赛蜜	an sai mi	3
安铺鸡饭	an pu ji fan	5
安阳三熏	an yang san xun	4
宋嫂面	song sao mian	1
宋嫂鱼羹	song sao yu geng	11
定胜糕	ding sheng gao	4
定襄蒸肉	ding xiang zheng rou	6
定边羊羔肉	ding bian yang gao rou	2
宜兴百合	yi xing bai he	2
宜宾燃面	yi bin ran mian	36
宜宾肺片	yi bin fei pian	3
宜春松花皮蛋	yi chun song hua pi dan	3
宜红茶	yi hong cha	8
宜良烤鸭	yi liang kao ya	1
宜良烧鸭	yi liang shao ya	6
宝发园	bao fa yuan	1
宝宝福	bao bao fu	7
宝庆猪血丸子	bao qing zhu xue wan zi	8
宝玉鱼唇	bao yu yu chun	4
宝矿力饮料	bao kuang li yin liao	4
宝箱豆腐	bao xiang dou fu	3
宝鸡茶酥	bao ji cha su	5
客家茶果	ke jia cha guo	3
客家酿豆腐	ke jia niang dou fu	1
宣城蜜枣	xuan cheng mi zao	5
宣堡小馄饨	xuan bao xiao hun tun	4
宣威土豆	xuan wei tu dou	6
宣威洋芋	xuan wei yang yu	2
宣威火腿	xuan wei huo tui	6
宫保兔肉	gong bao tu rou	3
宫保虾球	gong bao xia qiu	6
宫保野兔	gong bao ye tu	6
宫保鸡	gong bao ji	13
宫保鸡丁	gong bao ji ding	5
宫廷小窝头	gong ting xiao wo tou	3
宫廷小萝葡	gong ting xiao luo pu	2
宫廷小黄瓜	gong ting xiao huang gua	4
宫廷排翅	gong ting pai chi	4
宫廷风味糕点	gong ting feng wei gao dian	4
宫灯鱼丝	gong deng yu si	4
宫饼	gong bing	9
宰羊羔肉	zai yang gao rou	2
宰羔肉	zai gao rou	3
宴春	yan chun	3
宴春酒楼	yan chun jiu lou	7
宵米	xiao mi	6
家乐番茄沙司	jia le fan qie sha si	5
家乐鲜露	jia le xian lu	4
家乐鸡粉	jia le ji fen	7
家乐鸡精	jia le ji jing	7
家乡南肉	jia xiang nan rou	5
家乡碌鹅	jia xiang lu e	4
家乡肉	jia xiang rou	7
家乡莲藕饼	jia xiang lian ou bing	5
家常旺	jia chang wang	3
家常海参	jia chang hai shen	7
家常炒面	jia chang chao mian	5
家常烤鸡	jia chang kao ji	2
家常熬鱼	jia chang ao yu	6
家常豆腐	jia chang dou fu	11
家常面	jia chang mian	5
家常鸡块	jia chang ji kuai	3
家庭版	jia ting ban	42
容美茶	rong mei cha	6
宿松雪枣	su song xue zao	3
密汁南瓜	mi zhi nan gua	4
密蒙黄	mi meng huang	5
富万利	fu wan li	5
富平太后饼	fu ping tai hou bing	4
富春江鲥鱼	fu chun jiang shi yu	6
富春鸡	fu chun ji	5
富油包	fu you bao	4
富硒酵母	fu xi jiao mu	1
富贵有鱼	fu gui you yu	5
富贵黄金卷	fu gui huang jin juan	4
富顺豆花	fu shun dou hua	5
富马酸	fu ma suan	10
富马酸亚铁	fu ma suan ya tie	10
寡妇之吻	gua fu zhi wen	3
对羟基苯甲酸丙酯钠	dui qiang ji ben jia suan bing zhi na	3
对羟基苯甲酸乙酯	dui qiang ji ben jia suan yi zhi	7
对羟基苯甲酸甲酯钠	dui qiang ji ben jia suan jia zhi na	4
对羟基苯甲酸酯	dui qiang ji ben jia suan zhi	2
寺前馄饨	si qian hun tun	3
寿字五香大虾	shou zi wu xiang da xia	3
寿阳头脑	shou yang tou nao	4
尊尼沃加	zun ni wo jia	2
小凤饼	xiao feng bing	5
小卷粉	xiao juan fen	9
小圆面包	xiao yuan mian bao	2
小孩酥糖	xiao hai su tang	6
小扁豆	xiao bian dou	21
小月担仔面	xiao yue dan zai mian	8
小林煎饼	xiao lin jian bing	1
小林黄姜	xiao lin huang jiang	3
小桃园煨汤	xiao tao yuan wei tang	6
小桃酥	xiao tao su	4
小火煮	xiao huo zhu	18
小炒牛肉	xiao chao niu rou	4
小炒白菜	xiao chao bai cai	3
小炒螃蟹	xiao chao pang xie	5
小炒黄牛肉	xiao chao huang niu rou	3
小煎仔鸡	xiao jian zai ji	3
小煎鸡	xiao jian ji	7
小煮面	xiao zhu mian	7
小猫脚	xiao mao jiao	7
小白菜苡米粥	xiao bai cai yi mi zhou	2
小稀瓜瓜	xiao xi gua gua	3
小笼包子	xiao long bao zi	12
小笼灌汤包	xiao long guan tang bao	1
小笼粉蒸牛肉	xiao long fen zheng niu rou	6
小笼蒸牛肉	xiao long zheng niu rou	8
小笼馒头	xiao long man tou	11
小米凉粉	xiao mi liang fen	2
小米沙拉	xiao mi sha la	5
小米饭	xiao mi fan	20
小红头	xiao hong tou	2
小绍兴	xiao shao xing	11
小绍兴鸡粥	xiao shao xing ji zhou	9
小羊羹	xiao yang geng	3
小肉面	xiao rou mian	3
小肚儿	xiao du er	4
小脑壳烧烤	xiao nao ke shao kao	4
小芝麻饼	xiao zhi ma bing	5
小花片	xiao hua pian	7
小茴香	xiao hui xiang	8
小茶糕	xiao cha gao	3
小葱拌豆腐	xiao cong ban dou fu	17
小葱烧财鱼	xiao cong shao cai yu	3
小葱饼	xiao cong bing	1
小蒸包	xiao zheng bao	6
小西米	xiao xi mi	8
小豆糕	xiao dou gao	6
小豆羹	xiao dou geng	5
小豆芽	xiao dou ya	35
小酥肉	xiao su rou	37
小锅卤饵块	xiao guo lu er kuai	5
小青椒	xiao qing jiao	7
小鱿鱼片	xiao you yu pian	8
小鸡煮稀饭	xiao ji zhu xi fan	4
小鸡酥	xiao ji su	4
小麦啤酒	xiao mai pi jiu	10
小麦草蛋挞	xiao mai cao dan ta	5
小黄玉	xiao huang yu	6
小黑子	xiao hei zi	31
少林八宝酥	shao lin ba bao su	5
尕面片	ga mian pian	8
尖椒兔	jian jiao tu	2
尖椒炒蛋	jian jiao chao dan	5
尖椒耗儿鱼	jian jiao hao er yu	3
尖椒肉丝	jian jiao rou si	7
尖椒鸡	jian jiao ji	8
尖蜜拉	jian mi la	7
尝酥饼	chang su bing	4
尤溪卜鸭	you xi bu ya	3
尧王饼	yao wang bing	3
尼姑素面	ni gu su mian	7
层层酥	ceng ceng su	1
屯溪徽	tun xi hui	5
屯溪徽菜馆	tun xi hui cai guan	4
屯溪醉蟹	tun xi zui xie	6
屯绿	tun lv	11
山东包子	shan dong bao zi	1
山东菜	shan dong cai	10
山之韵	shan zhi yun	7
山城小汤圆	shan cheng xiao tang yuan	8
山城棒棒鸡	shan cheng bang bang ji	3
山外山	shan wai shan	7
山大皇	shan da huang	9
山梨糖醇	shan li tang chun	14
山梨酸	shan li suan	3
山梨酸钾	shan li suan jia	1
山梨醇酐单月桂酸酯	shan li chun gan dan yue gui suan zhi	3
山梨醇酐单油酸酯	shan li chun gan dan you suan zhi	1
山梨醇酐单硬脂酸酯	shan li chun gan dan ying zhi suan zhi	3
山椒凤爪	shan jiao feng zhua	8
山楂云卷糕	shan zha yun juan gao	3
山楂凉茶	shan zha liang cha	4
山楂果	shan zha guo	9
山楂核桃茶	shan zha he tao cha	5
山楂水	shan zha shui	16
山楂牛肉干	shan zha niu rou gan	3
山楂肉干	shan zha rou gan	6
山楂荷叶茶	shan zha he ye cha	6
山楂饼	shan zha bing	11
山毛榉坚果	shan mao ju jian guo	2
山珍刺五加	shan zhen ci wu jia	4
山珍刺龙芽	shan zhen ci long ya	5
山珍大叶芹	shan zhen da ye qin	3
山珍蕨菜	shan zhen jue cai	3
山药桂圆炖甲鱼	shan yao gui yuan dun jia yu	5
山药煮豆腐	shan yao zhu dou fu	3
山药甜汤	shan yao tian tang	2
山药百合大枣粥	shan yao bai he da zao zhou	5
山药蒸鲫鱼	shan yao zheng ji yu	2
山药薏仁茯苓粳米粥	shan yao yi ren fu ling jing mi zhou	3
山药鲫鱼豆腐汤	shan yao ji yu dou fu tang	4
山葵烤牛排	shan kui kao niu pai	2
山西腐乳	shan xi fu ru	4
山霉	shan mei	7
山鸡丁儿	shan ji ding er	5
山鸡片	shan ji pian	8
岐山哨子面	qi shan shao zi mian	2
岐山挂面	qi shan gua mian	1
岐山臊子面	qi shan sao zi mian	18
岐山锅盔	qi shan guo kui	6
岐山面	qi shan mian	2
岐山面皮	qi shan mian pi	5
岳南泡糖	yue nan pao tang	3
峡州碧峰茶	xia zhou bi feng cha	4
峨眉糕	e mei gao	5
峨秀糕	e xiu gao	4
峨蕊茶	e rui cha	7
崂山啤酒	lao shan pi jiu	18
崂山矿啤	lao shan kuang pi	2
崇州荞面	chong zhou qiao mian	3
崞阳麻叶	guo yang ma ye	3
嵌桃麻糕	qian tao ma gao	8
巍山粑肉饵丝	wei shan ba rou er si	3
巍山蜜饯	wei shan mi jian	3
川冬菜炒鲜蚕豆	chuan dong cai chao xian can dou	3
川北凉粉	chuan bei liang fen	1
川味凉面	chuan wei liang mian	6
川味口水鸡	chuan wei kou shui ji	3
川味沸腾鱼	chuan wei fei teng yu	3
川味牛肉	chuan wei niu rou	1
川断	chuan duan	12
川汁鸭掌	chuan zhi ya zhang	3
川红茶	chuan hong cha	6
川芎茶	chuan xiong cha	9
川菜回锅肉	chuan cai hui guo rou	7
川贝炖梨	chuan bei dun li	8
川贝炖鹧鸪	chuan bei dun zhe gu	5
川贝酿梨	chuan bei niang li	6
川贝雪梨猪肺汤	chuan bei xue li zhu fei tang	6
川辣蟹	chuan la xie	2
川辣黄瓜	chuan la huang gua	2
川鱼头火锅	chuan yu tou huo guo	4
巧克力冰糕	qiao ke li bing gao	4
巧克力刺猬	qiao ke li ci wei	2
巧克力夹心蛋糕	qiao ke li jia xin dan gao	6
巧克力奶昔	qiao ke li nai xi	4
巧克力奶茶	qiao ke li nai cha	8
巧克力小蛋糕	qiao ke li xiao dan gao	6
巧克力布朗尼	qiao ke li bu lang ni	6
巧克力慕斯	qiao ke li mu si	15
巧克力收蛋泡盏	qiao ke li shou dan pao zhan	3
巧克力新地	qiao ke li xin di	6
巧克力无花果球	qiao ke li wu hua guo qiu	2
巧克力松露蛋糕	qiao ke li song lu dan gao	1
巧克力汽酒	qiao ke li qi jiu	2
巧克力沙司	qiao ke li sha si	1
巧克力泡芙	qiao ke li pao fu	4
巧克力派	qiao ke li pai	26
巧克力爆米花	qiao ke li bao mi hua	2
巧克力甜甜圈	qiao ke li tian tian quan	4
巧克力芝士蛋糕	qiao ke li zhi shi dan gao	5
巧克力蛋卷	qiao ke li dan juan	1
巧克力鸡尾酒	qiao ke li ji wei jiu	5
巧手烧雁鸢	qiao shou shao yan yuan	4
巧果	qiao guo	7
巧酥	qiao su	8
巨记	ju ji	11
己二酸	ji er suan	16
己基肉桂醛	ji ji rou gui quan	3
己基间苯二酚	ji ji jian ben er fen	4
己烯醇	ji xi chun	2
己烯醛	ji xi quan	1
己酸	ji suan	23
己酸乙酯	ji suan yi zhi	4
己酸烯丙酯	ji suan xi bing zhi	1
己醛	ji quan	31
巴国玉米糕	ba guo yu mi gao	3
巴山银芽	ba shan yin ya	5
巴巴莱拉	ba ba lai la	2
巴拉塔树胶	ba la ta shu jiao	4
巴旦杏	ba dan xing	11
巴西棕榈蜡	ba xi zong lv la	2
布丁蛋糕	bu ding dan gao	8
布朗族菜	bu lang zu cai	5
布里芝士	bu li zhi shi	2
师友面	shi you mian	5
师爷盒	shi ye he	2
希乐夫	xi le fu	3
希腊雪花粥	xi la xue hua zhou	3
帕尔木丁	pa er mu ding	7
帕尔玛火腿	pa er ma huo tui	5
帕玛森芝士	pa ma sen zhi shi	3
帝亚吉欧	di ya ji ou	9
带子上朝	dai zi shang chao	8
带把肘子	dai ba zhou zi	5
带江草堂	dai jiang cao tang	5
带皮黄牛肉	dai pi huang niu rou	6
带鱼罐头	dai yu guan tou	4
常州大麻糕	chang zhou da ma gao	6
常州德泰恒	chang zhou de tai heng	3
常熟叫化鸡	chang shu jiao hua ji	7
干丝	gan si	13
干啤	gan pi	18
干巴月饼	gan ba yue bing	3
干巴菌	gan ba jun	28
干捞米粉	gan lao mi fen	3
干捞粉	gan lao fen	7
干梅子	gan mei zi	6
干火靠大虾	gan huo kao da xia	3
干炒牛河	gan chao niu he	22
干炒牛肉丝	gan chao niu rou si	4
干炸丸子	gan zha wan zi	8
干炸赤鳞鱼	gan zha chi lin yu	5
干炸黄雀	gan zha huang que	3
干烧冬笋	gan shao dong sun	7
干烧大虾	gan shao da xia	5
干烧萝卜	gan shao luo bo	3
干烧辽参	gan shao liao shen	6
干烧雅鱼	gan shao ya yu	3
干烧鱼	gan shao yu	2
干烧鱼翅	gan shao yu chi	8
干烧鲫鱼	gan shao ji yu	6
干烧鸡翅	gan shao ji chi	4
干烹仔鸡	gan peng zi ji	3
干焙洋芋丝	gan bei yang yu si	3
干煎黄鱼	gan jian huang yu	4
干煸冬笋	gan bian dong sun	5
干煸四季豆	gan bian si ji dou	14
干煸土豆丝	gan bian tu dou si	10
干煸牛肉丝	gan bian niu rou si	2
干煸肉丝	gan bian rou si	5
干煸肥肠	gan bian fei chang	3
干煸茭白	gan bian jiao bai	4
干煸莲藕	gan bian lian ou	2
干煸豇豆	gan bian jiang dou	3
干煸鳝背	gan bian shan bei	4
干煸鳝鱼	gan bian shan yu	6
干煸鳝鱼丝	gan bian shan yu si	3
干煽牛肉丝	gan shan niu rou si	6
干窝带皮蛇	gan wo dai pi she	4
干红	gan hong	5
干菜擦酥饼	gan cai ca su bing	3
干菜焖肉	gan cai men rou	8
干菜饺	gan cai jiao	4
干蒸烧卖	gan zheng shao mai	9
干蒸百合	gan zheng bai he	2
干贝云丝豆腐汤	gan bei yun si dou fu tang	2
干贝水晶鸡	gan bei shui jing ji	3
干贝汤	gan bei tang	8
干贝汤包	gan bei tang bao	3
干贝萝卜汤	gan bei luo bo tang	3
干连福海参	gan lian fu hai shen	3
干酱肉	gan jiang rou	4
干锅兔	gan guo tu	11
干锅啤酒鸭	gan guo pi jiu ya	5
干锅土鸡	gan guo tu ji	6
干锅带皮牛肉	gan guo dai pi niu rou	6
干锅带皮黄牛肉	gan guo dai pi huang niu rou	3
干锅手撕包菜	gan guo shou si bao cai	2
干锅泥鳅	gan guo ni qiu	1
干锅牛肉	gan guo niu rou	5
干锅狗肉	gan guo gou rou	3
干锅田鸡	gan guo tian ji	11
干锅肥肠	gan guo fei chang	9
干锅腊味河蚌	gan guo la wei he bang	3
干锅茶树菇	gan guo cha shu gu	8
干锅野猪肉	gan guo ye zhu rou	3
干锅青笋腊肉	gan guo qing sun la rou	3
干锅飘香手撕鸡	gan guo piao xiang shou si ji	3
干锅飘香鸡	gan guo piao xiang ji	3
干锅鸡杂	gan guo ji za	6
干锅鸡翅	gan guo ji chi	4
干锅黄骨鱼	gan guo huang gu yu	4
平安茶	ping an cha	6
平水珠茶	ping shui zhu cha	1
平湖糟蛋	ping hu zao dan	1
平遥熟牛肉	ping yao shu niu rou	2
平遥牛肉	ping yao niu rou	14
平遥碗脱则	ping yao wan tuo ze	6
平都牛肉松	ping du niu rou song	4
平锅羊肉	ping guo yang rou	4
平阴梨丸子	ping yin li wan zi	5
年字口蘑发菜	nian zi kou mo fa cai	4
年轮蛋糕	nian lun dan gao	12
幸福双	xing fu shuang	10
广东文昌鸡	guang dong wen chang ji	5
广东月饼	guang dong yue bing	2
广东省海南省	guang dong sheng hai nan sheng	1
广东粽子	guang dong zong zi	2
广东菜	guang dong cai	5
广味源生抽王	guang wei yuan sheng chou wang	2
广安烘糕	guang an hong gao	5
广州凉粉	guang zhou liang fen	6
广州文昌鸡	guang zhou wen chang ji	7
广州星群	guang zhou xing qun	9
广州甜品	guang zhou tian pin	1
广州白切鸡	guang zhou bai qie ji	3
广州酒家	guang zhou jiu jia	42
广州鸡仔饼	guang zhou ji zai bing	2
广式云吞面	guang shi yun tun mian	5
广式五仁月饼	guang shi wu ren yue bing	5
广式月饼	guang shi yue bing	24
广式点心	guang shi dian xin	14
广式烧填鸭	guang shi shao tian ya	3
广式腊味煲仔饭	guang shi la wei bao zai fan	3
广式蜜饯	guang shi mi jian	4
广汉缠丝兔	guang han chan si tu	7
广灵五香瓜子	guang ling wu xiang gua zi	2
广藿香油	guang huo xiang you	8
广饼	guang bing	5
庄里合儿饼	zhuang li he er bing	6
庆丰包子铺	qing feng bao zi pu	7
庐山云雾	lu shan yun wu	1
庐山云雾茶	lu shan yun wu cha	1
庐山石耳	lu shan shi er	8
庐山石鱼	lu shan shi yu	9
庐山石鸡	lu shan shi ji	9
庐江小红头	lu jiang xiao hong tou	4
庐洲	lu zhou	7
库克洛夫	ku ke luo fu	6
库尔勒香梨	ku er le xiang li	3
库车汤面	ku che tang mian	4
应州牛腰	ying zhou niu yao	5
应记云吞面	ying ji yun tun mian	1
庚酸乙酯	geng suan yi zhi	1
府陈年糟蛋	fu chen nian zao dan	5
庞德咖啡	pang de ka fei	5
度小月担仔面	du xiao yue dan zai mian	8
康家脆哨面	kang jia cui shao mian	5
康师傅冰红茶	kang shi fu bing hong cha	7
延寿堂药糕	yan shou tang yao gao	4
延边冷面	yan bian leng mian	1
延边苹果梨	yan bian ping guo li	1
建德烧饼	jian de shao bing	2
建新园	jian xin yuan	6
建郡扁肉	jian jun bian rou	4
开封套四宝	kai feng tao si bao	2
开屏柴把桂鱼	kai ping chai ba gui yu	6
开心蔬麦	kai xin shu mai	7
开水白菜	kai shui bai cai	5
开洋干丝	kai yang gan si	8
开洋葱油拌面	kai yang cong you ban mian	6
开洋葱油面	kai yang cong you mian	8
开煲狗肉	kai bao gou rou	7
开远小卷粉	kai yuan xiao juan fen	5
开远甜蕌头	kai yuan tian lei tou	3
异戊酸乙酯	yi wu suan yi zhi	1
异戊酸异戊酯	yi wu suan yi wu zhi	1
异抗坏血酸	yi kang huai xue suan	1
异抗坏血酸钠	yi kang huai xue suan na	8
异构化乳糖液	yi gou hua ru tang ye	2
异麦芽酮糖	yi mai ya tong tang	1
异麦芽酮糖醇	yi mai ya tong tang chun	13
弋阳醋鸡	yi yang cu ji	3
张川羊羔肉	zhang chuan yang gao rou	4
张川锅盔	zhang chuan guo kui	4
张记	zhang ji	30
弥渡卷蹄	mi du juan ti	7
弥猴桃	mi hou tao	4
弹珠汽水	dan zhu qi shui	23
强化麦乳精	qiang hua mai ru jing	4
强果	qiang guo	1
归参山药猪腰	gui can shan yao zhu yao	3
当归獐肉	dang gui zhang rou	4
当归百合兔	dang gui bai he tu	4
当归鸡	dang gui ji	8
彝家醉虾	yi jia zui xia	2
彩带鱼头	cai dai yu tou	4
彩椒炒香肠	cai jiao chao xiang chang	4
彩色肉丝	cai se rou si	2
彩虹冰咖啡	cai hong bing ka fei	5
彩虹水晶球	cai hong shui jing qiu	2
彭州九尺板鸭	peng zhou jiu chi ban ya	3
彭集红烧肘子	peng ji hong shao zhou zi	2
径山茶	jing shan cha	1
徐舍小酥糖	xu she xiao su tang	5
得奖英国老黑啤	de jiang ying guo lao hei pi	2
得心斋酝猪蹄	de xin zhai yun zhu ti	3
得月楼	de yue lou	10
得莫利炖活鱼	de mo li dun huo yu	9
得莫利炖鱼	de mo li dun yu	4
御扇豆黄	yu shan dou huang	5
御泉杏仁露	yu quan xing ren lu	4
御珍	yu zhen	8
御福坊	yu fu fang	5
御膳烤鸡	yu shan kao ji	4
御膳粥	yu shan zhou	7
御膳豆黄	yu shan dou huang	4
御菜一品	yu cai yi pin	3
御菜三品	yu cai san pin	5
御菜五品	yu cai wu pin	5
御菜四品	yu cai si pin	5
御香源	yu xiang yuan	4
微晶纤维素	wei jing xian wei su	1
德发长	de fa chang	3
德园包子	de yuan bao zi	8
德国乳酪蛋糕	de guo ru lao dan gao	3
德国啤酒	de guo pi jiu	39
德州扒鸡	de zhou pa ji	6
德式土豆泥	de shi tu dou ni	4
德式生汁香蕉卷	de shi sheng zhi xiang jiao juan	2
德懋恭水晶饼	de mao gong shui jing bing	6
德盛园	de sheng yuan	5
徽州园子	hui zhou yuan zi	2
徽州圆子	hui zhou yuan zi	5
徽州桃脂烧肉	hui zhou tao zhi shao rou	6
徽州状元饭	hui zhou zhuang yuan fan	4
徽州臭豆腐	hui zhou chou dou fu	7
徽州蒸鸡	hui zhou zheng ji	4
徽州裹粽	hui zhou guo zong	5
徽州饼	hui zhou bing	6
徽式炒面	hui shi chao mian	2
徽菜	hui cai	19
心形面包	xin xing mian bao	1
忌廉汤	ji lian tang	4
快乐搭档	kuai le da dang	6
忻州瓦酥	xin zhou wa su	7
怀胎桂鱼	huai tai gui yu	3
怀远三绝	huai yuan san jue	1
怀远石榴	huai yuan shi liu	8
思乐冰	si le bing	5
思朗	si lang	12
怡味莲	yi wei lian	1
怡神饮料	yi shen yin liao	3
怪味兔头	guai wei tu tou	2
怪味大扁	guai wei da bian	4
怪味果仁	guai wei guo ren	2
怪味核桃	guai wei he tao	4
怪味胡豆	guai wei hu dou	6
怪味腰果	guai wei yao guo	4
怪味花仁	guai wei hua ren	2
怪味鸡	guai wei ji	2
怪味鸡块	guai wei ji kuai	1
怪味鸡条	guai wei ji tiao	4
总汇沙拉	zong hui sha la	1
总统鱼	zong tong yu	7
怿味胡豆	yi wei hu dou	3
恋爱豆腐	lian ai dou fu	10
恋爱豆腐果	lian ai dou fu guo	2
恩发德蒸饺	en fa de zheng jiao	4
恩尼艾斯	en ni ai si	7
恩施玉露茶	en shi yu lu cha	1
恩济堂秋梨膏	en ji tang qiu li gao	5
恭城柿饼	gong cheng shi bing	4
悠泡水	you pao shui	9
情中情	qing zhong qing	9
惠如楼	hui ru lou	7
惠山油酥	hui shan you su	7
意大利千层面	yi da li qian ceng mian	7
意大利小松饼	yi da li xiao song bing	2
意大利式米饭	yi da li shi mi fan	4
意大利美食	yi da li mei shi	2
意大利调料	yi da li tiao liao	4
意大利饺子	yi da li jiao zi	3
意式拉花	yi shi la hua	4
意式香浓菜汤	yi shi xiang nong cai tang	5
慈禧小窝头	ci xi xiao wo tou	4
慕尼黑啤酒	mu ni hei pi jiu	10
慕思蛋糕	mu si dan gao	9
慕斯蛋糕	mu si dan gao	29
慧仁米粥	hui ren mi zhou	5
慧娟火腿笋干老鸭面	hui juan huo tui sun gan lao ya mian	3
戊基肉桂醛	wu ji rou gui quan	6
成都子鸡	cheng du zi ji	5
成都担担面	cheng du dan dan mian	1
成都毛风鸡	cheng du mao feng ji	2
成都蛋汤	cheng du dan tang	4
成都餐厅	cheng du can ting	7
我爱烧烤	wo ai shao kao	2
戚风蛋糕	qi feng dan gao	14
扁豆糕	bian dou gao	6
手抓羊排	shou zhua yang pai	1
手抓羊肉	shou zhua yang rou	27
手抓面	shou zhua mian	2
手撕包菜	shou si bao cai	38
手撕火焙鱼	shou si huo bei yu	3
手撕烤兔	shou si kao tu	2
手撕牛肉	shou si niu rou	19
手撕饼	shou si bing	4
手撕鸡	shou si ji	1
扒三样	pa san yang	6
扒三样儿	pa san yang er	5
扒原壳鲍鱼	pa yuan ke bao yu	2
扒擦	pa ca	4
扒板	pa ban	7
扒栗子	pa li zi	5
扒海参	pa hai shen	9
扒海羊	pa hai yang	5
扒澳洲牛柳	pa ao zhou niu liu	6
扒燕窝	pa yan wo	5
扒牛肉条	pa niu rou tiao	4
扒糕	pa gao	4
扒素子双菇	pa su zi shuang gu	2
扒肉	pa rou	10
扒肘条	pa zhou tiao	5
扒酿海参	pa niang hai shen	3
扒面筋	pa mian jin	7
扒驼掌	pa tuo zhang	8
扒鲍鱼芦笋	pa bao yu lu sun	4
扒鸡块儿	pa ji kuai er	5
扒鸡腿儿	pa ji tui er	5
扒龙须鲍鱼	pa long xu bao yu	2
打头道	da tou dao	3
打油茶	da you cha	1
打糕	da gao	22
托板豆腐	tuo ban dou fu	5
扛糟鸡	kang zao ji	2
扣肉梅菜	kou rou mei cai	4
扣鸡	kou ji	7
扬州干丝	yang zhou gan si	8
扬州蛋炒饭	yang zhou dan chao fan	7
扬州酱菜	yang zhou jiang cai	8
扭结糖	niu jie tang	8
扯面	che mian	38
扶风鹿糕	fu feng lu gao	6
扶风鹿糕馍	fu feng lu gao mo	4
扶风鹿羔馍	fu feng lu gao mo	3
承德凉粉	cheng de liang fen	2
抓抓粉	zhua zhua fen	6
抓炒全鱼	zhua chao quan yu	8
抓炒大虾	zhua chao da xia	5
抓炒对虾	zhua chao dui xia	7
抓炒里脊	zhua chao li ji	7
抓炒鱼片	zhua chao yu pian	7
抓炒鲤鱼	zhua chao li yu	7
抗坏血酸	kang huai xue suan	17
抗坏血酸棕榈酸酯	kang huai xue suan zong lv suan zhi	7
抗坏血酸磷酸酯镁	kang huai xue suan lin suan zhi mei	3
抗坏血酸钙	kang huai xue suan gai	7
抗坏血酸钠	kang huai xue suan na	9
抗浪鱼	kang lang yu	6
抗结剂	kang jie ji	1
抗衰老啤酒	kang shuai lao pi jiu	5
折耳根炒肉丝	zhe er gen chao rou si	4
折耳根炒腊肉	zhe er gen chao la rou	1
抚仙湖抗浪鱼	fu xian hu kang lang yu	4
护国寺小吃	hu guo si xiao chi	20
护色剂	hu se ji	10
抱罗粉	bao luo fen	11
抹茶冰淇淋蛋糕	mo cha bing qi lin dan gao	3
抹茶咖啡	mo cha ka fei	1
抹茶慕斯	mo cha mu si	7
抹茶椰奶凉糕	mo cha ye nai liang gao	3
抹茶浮雪	mo cha fu xue	4
抹茶红豆戚风	mo cha hong dou qi feng	5
抹茶起司蛋糕	mo cha qi si dan gao	2
抹茶轻乳酪蛋糕	mo cha qing ru lao dan gao	3
担担油茶	dan dan you cha	3
担担鸡	dan dan ji	3
拆冻鲫鱼	chai dong ji yu	4
拆烩大鱼头	chai hui da yu tou	6
拆烩鲢鱼头	chai hui lian yu tou	9
拉丝烙饼	la si lao bing	4
拉条	la tiao	13
拉糟鱼块	la zao yu kuai	4
拉肠	la chang	19
拉萨啤酒	la sa pi jiu	11
拌海蜇	ban hai zhe	1
拌皮渣儿	ban pi zha er	5
拌稂子	ban lang zi	5
拌粉干	ban fen gan	7
拌肚丝	ban du si	2
拌莴笋	ban wo sun	8
拌蟹肉	ban xie rou	5
拌豆腐干丝	ban dou fu gan si	2
拌银耳	ban yin er	7
拌鸡丝	ban ji si	8
拌鸡块	ban ji kuai	6
拌鸭掌	ban ya zhang	6
拌黄瓜	ban huang gua	35
拔丝元宵	ba si yuan xiao	6
拔丝山药	ba si shan yao	5
拔丝桔子	ba si ju zi	2
拔丝楂糕	ba si zha gao	3
拔丝芋头	ba si yu tou	2
拔丝苹果	ba si ping guo	29
拔丝蜜桔	ba si mi ju	3
拔丝香蕉	ba si xiang jiao	22
拖叶	tuo ye	1
拨御面	bo yu mian	6
拨鱼	bo yu	10
拨鱼儿面	bo yu er mian	2
拼杂烩	pin za hui	2
拿破伦酥	na po lun su	4
拿铁咖啡	na tie ka fei	10
持炉珍珠鸡	chi lu zhen zhu ji	3
挂炉山鸡	gua lu shan ji	4
挂炉沙板鸡	gua lu sha ban ji	4
挂炉烤鸭	gua lu kao ya	11
挂粉汤圆	gua fen tang yuan	5
挂霜丸子	gua shuang wan zi	5
挞挞面	ta ta mian	1
挤花	ji hua	5
挪威水果布丁	nuo wei shui guo bu ding	2
捆蹄	kun ti	2
捶烩鸡片	chui hui ji pian	2
捶肉	chui rou	6
捶肉丸	chui rou wan	4
捶鸡	chui ji	5
捻捻转	nian nian zhuan	7
排冬菜	pai dong cai	7
排骨年糕	pai gu nian gao	32
排骨炖藕	pai gu dun ou	4
排骨酥	pai gu su	2
接骨糯	jie gu nuo	5
提丝发糕	ti si fa gao	3
提浆月饼	ti jiang yue bing	2
插根儿	cha gen er	5
揪片	jiu pian	4
揽饭	lan fan	6
搅团	jiao tuan	19
搅醋丝	jiao cu si	4
摔饼	shuai bing	4
摩利菌	mo li jun	3
摩卡冰咖啡	mo ka bing ka fei	7
摩卡奶油蛋糕	mo ka nai you dan gao	4
摩卡薄荷咖啡	mo ka bo he ka fei	7
摩卡蛋糕	mo ka dan gao	1
摩根斯特	mo gen si te	3
摩登粑粑	mo deng ba ba	5
撒子麻花	sa zi ma hua	5
擂沙圆	lei sha yuan	8
擂茶	lei cha	33
攒盒一品	zan he yi pin	4
支竹羊腩煲	zhi zhu yang nan bao	3
攸县香干	you xian xiang gan	7
改性大豆磷脂	gai xing da dou lin zhi	1
教场门饸饹	jiao chang men he le	4
散饭	san fan	11
敦煌榆钱	dun huang yu qian	2
敬亭绿雪茶	jing ting lv xue cha	7
敬奉环浆	jing feng huan jiang	3
整肢龙虾	zheng zhi long xia	5
文君茶	wen jun cha	6
文山鸡丁	wen shan ji ding	4
文成拉面	wen cheng la mian	3
文旦	wen dan	43
文昌按粑	wen chang an ba	5
文昌空心煎堆	wen chang kong xin jian dui	3
文昌鸡	wen chang ji	1
文楼汤包	wen lou tang bao	7
文楼蟹黄汤包	wen lou xie huang tang bao	6
文蛤饼	wen ge bing	5
斋卤味	zhai lu wei	8
斑鱼汤	ban yu tang	7
斗糕	dou gao	2
斜切通心粉沙拉	xie qie tong xin fen sha la	3
斜桥榨菜	xie qiao zha cai	2
斩鱼圆	zhan yu yuan	5
新一代长城	xin yi dai chang cheng	6
新丰小吃	xin feng xiao chi	7
新兴园蒸饺	xin xing yuan zheng jiao	5
新兴牛肉丸	xin xing niu rou wan	5
新加坡肉骨茶	xin jia po rou gu cha	1
新南轩	xin nan xuan	1
新南轩酒家	xin nan xuan jiu jia	4
新奥尔良烤翅	xin ao er liang kao chi	18
新奥尔良烤鸡腿堡	xin ao er liang kao ji tui bao	3
新奥尔良腌制料	xin ao er liang yan zhi liao	4
新疆丝路明珠	xin jiang si lu ming zhu	3
新疆凉面	xin jiang liang mian	5
新疆抓饭烧麦	xin jiang zhua fan shao mai	3
新疆杏	xin jiang xing	7
新疆琉璃葡萄	xin jiang liu li pu tao	3
新竹肉圆	xin zhu rou yuan	4
新竹贡丸	xin zhu gong wan	7
新红	xin hong	15
新红铝色淀	xin hong lv se dian	3
新郑丁家粉蒸肉	xin zheng ding jia fen zheng rou	3
新都姜糖	xin du jiang tang	2
新都桂花糕	xin du gui hua gao	4
新长发糖炒栗子	xin chang fa tang chao li zi	6
新鲜木瓜南北杏炖雪耳	xin xian mu gua nan bei xing dun xue er	3
方便米粉	fang bian mi fen	10
方便粥	fang bian zhou	9
方糕	fang gao	27
方腊鱼	fang la yu	7
方豆腐	fang dou fu	9
旋子凉粉	xuan zi liang fen	6
旋子锅魁	xuan zi guo kui	4
无为熏鸭	wu wei xun ya	7
无字盐水牛肉	wu zi yan shui niu rou	3
无核小葡萄	wu he xiao pu tao	6
无核桔	wu he ju	7
无核糖枣	wu he tang zao	5
无米粿	wu mi guo	12
无花果炖瘦肉	wu hua guo dun shou rou	4
无锡水蜜桃	wu xi shui mi tao	2
无锡肉排	wu xi rou pai	4
无锡酱烧肝	wu xi jiang shao gan	2
日式戚风	ri shi qi feng	3
日式炸猪排	ri shi zha zhu pai	2
日式照烧鸡腿	ri shi zhao shao ji tui	3
日月生辉	ri yue sheng hui	1
日本南瓜	ri ben nan gua	8
日本豆腐煲	ri ben dou fu bao	4
日本酱油	ri ben jiang you	10
日落黄	ri luo huang	13
日落黄铝色淀	ri luo huang lv se dian	2
早白尖	zao bai jian	7
早餐肠	zao can chang	1
早餐饼	zao can bing	2
旭日升	xu ri sheng	1
旱蒸贝母鸡	han zheng bei mu ji	2
时辰包子	shi chen bao zi	6
旺得芬	wang de fen	3
昆布鸡腿汤	kun bu ji tui tang	3
昆特香精	kun te xiang jing	2
昌化山核桃	chang hua shan he tao	8
昌化鸡血石	chang hua ji xue shi	1
昌顺干货	chang shun gan huo	2
明心糖	ming xin tang	2
明溪肉脯干	ming xi rou fu gan	9
明炉梅子鸭	ming lu mei zi ya	3
明珠豆腐	ming zhu dou fu	4
明珠香芋饼	ming zhu xiang yu bing	4
明顺斋什锦烧饼	ming shun zhai shi jin shao bing	3
明顺斋烧饼	ming shun zhai shao bing	3
昔阳头脑	xi yang tou nao	2
星巴克月饼	xing ba ke yue bing	2
春城鲜虾饺	chun cheng xian xia jiao	4
春笋炒步鱼	chun sun chao bu yu	4
春笋白拌鸡	chun sun bai ban ji	4
春蕊	chun rui	1
春蚕吐丝	chun can tu si	5
春风减肥茶	chun feng jian fei cha	4
晋城炒凉粉	jin cheng chao liang fen	3
晒炉肉	shai lu rou	6
晒青毛茶	shai qing mao cha	1
普宁豆干	pu ning dou gan	6
普宁面线	pu ning mian xian	4
普斯福特	pu si fu te	3
普米饭肠	pu mi fan chang	3
普罗旺斯大蒜西红柿面	pu luo wang si da suan xi hong shi mian	2
普陀山佛茶	pu tuo shan fo cha	6
普集烧鸡	pu ji shao ji	6
普鲁兰酶	pu lu lan mei	5
景家麻花	jing jia ma hua	5
景扬楼	jing yang lou	9
景星碧绿茶	jing xing bi lv cha	2
景芝三盖饼	jing zhi san gai bing	3
晶玉海棠	jing yu hai tang	2
晶糕肉片	jing gao rou pian	4
智德	zhi de	25
晾肉	liang rou	1
暇油黄瓜	xia you huang gua	3
曲园	qu yuan	7
曲园酒家	qu yuan jiu jia	7
曲奇饼干	qu qi bing gan	32
曲奇香奶	qu qi xiang nai	7
曲奇香奶冰淇淋	qu qi xiang nai bing qi lin	4
曲曲汤	qu qu tang	2
曲沃腊牛肉	qu wo la niu rou	4
曲酒	qu jiu	40
曲阜熏豆腐	qu fu xun dou fu	4
曲靖韭菜花	qu jing jiu cai hua	5
曹操鸡	cao cao ji	7
曹记驴肉	cao ji lv rou	8
曹马芝麻糖	cao ma zhi ma tang	4
曼顿	man dun	18
月宫饼	yue gong bing	6
月桂叶	yue gui ye	19
月桂酸	yue gui suan	6
望海天天渔港	wang hai tian tian yu gang	6
朝包子	chao bao zi	2
朝天锅	chao tian guo	10
朝鲜冷面	chao xian leng mian	2
木三对	mu san dui	3
木樨菜	mu xi cai	5
木洞晒枣	mu dong shai zao	3
木犀糕	mu xi gao	5
木瓜凉粉	mu gua liang fen	7
木瓜煲老鸭	mu gua bao lao ya	3
木瓜牛乳	mu gua niu ru	6
木瓜生鱼汤	mu gua sheng yu tang	5
木瓜粟米花生生鱼汤	mu gua su mi hua sheng sheng yu tang	3
木瓜蛋白酶	mu gua dan bai mei	1
木瓜酥	mu gua su	1
木糖醇酐单硬脂酸酯	mu tang chun gan dan ying zhi suan zhi	4
木素	mu su	25
木耳圪贝	mu er ge bei	5
木耳炒肉片	mu er chao rou pian	7
木耳红枣粥	mu er hong zao zhou	3
木耳酱	mu er jiang	1
木耳鸡丝	mu er ji si	3
木耳黄瓜	mu er huang gua	4
木赛来斯	mu sai lai si	5
木金肉丸	mu jin rou wan	7
本地鸡	ben di ji	11
本斋清真肉饼	ben zhai qing zhen rou bing	2
札干	zha gan	4
朱古力慕丝	zhu gu li mu si	4
朱鸿兴	zhu hong xing	2
朴枳果	po zhi guo	5
朴枳粿	po zhi guo	4
机粽	ji zong	3
杀猪饭	sha zhu fan	24
杂烩锅子	za hui guo zi	5
杂瓣海参	za ban hai shen	3
杂粮面	za liang mian	2
杂糖	za tang	9
杂菇煲	za gu bao	6
李咸饼	li xian bing	4
李圪抓	li ge zhua	5
李大同双炊糕	li da tong shuang chui gao	5
李杏	li xing	16
李派林急汁	li pai lin ji zhi	3
李连贵	li lian gui	2
李连贵熏肉大饼	li lian gui xun rou da bing	1
李锦记卤水汁	li jin ji lu shui zhi	5
李锦记叉烧酱	li jin ji cha shao jiang	1
李锦记幼滑虾酱	li jin ji you hua xia jiang	3
李锦记排骨酱	li jin ji pai gu jiang	5
李锦记柱侯酱	li jin ji zhu hou jiang	4
李锦记桂林辣椒酱	li jin ji gui lin la jiao jiang	4
李锦记沙茶酱	li jin ji sha cha jiang	2
李锦记海鲜酱	li jin ji hai xian jiang	6
李锦记精选生抽	li jin ji jing xuan sheng chou	3
李锦记精选老抽	li jin ji jing xuan lao chou	3
李锦记草菇老抽	li jin ji cao gu lao chou	3
李锦记蒸鱼豆豉	li jin ji zheng yu dou chi	3
李锦记蒸鱼豉油	li jin ji zheng yu chi you	2
李锦记豆瓣酱	li jin ji dou ban jiang	5
李锦记豉油鸡汁	li jin ji chi you ji zhi	3
李锦记财神蚝油	li jin ji cai shen hao you	3
李锦记金标生抽	li jin ji jin biao sheng chou	2
李鸿章杂烩	li hong zhang za hui	7
杏仁佛手	xing ren fo shou	6
杏仁儿酪	xing ren er lao	5
杏仁塔	xing ren ta	5
杏仁小饼干	xing ren xiao bing gan	4
杏仁条	xing ren tiao	7
杏仁椰奶果果丁	xing ren ye nai guo guo ding	2
杏仁橄榄	xing ren gan lan	5
杏仁沙拉	xing ren sha la	1
杏仁海绵蛋糕	xing ren hai mian dan gao	4
杏仁炖肉	xing ren dun rou	2
杏仁薄脆	xing ren bao cui	4
杏仁蛋糕	xing ren dan gao	2
杏仁豆腐	xing ren dou fu	37
杏仁银肺汤	xing ren yin fei tang	3
杏仁饼	xing ren bing	37
杏仁香片酥	xing ren xiang pian su	2
杏汁	xing zhi	2
杏源	xing yuan	6
杏瓣儿	xing ban er	6
杏皮水	xing pi shui	9
杏肉	xing rou	2
杏花楼	xing hua lou	46
杏花楼广式月饼	xing hua lou guang shi yue bing	2
杜仲腰花	du zhong yao hua	8
杜康牌	du kang pai	8
杜本内	du ben nei	21
杜梅酥	du mei su	5
杜称奇火烧	du cheng qi huo shao	6
杞子南枣煲鸡蛋	qi zi nan zao bao ji dan	4
杞子炖羊脑	qi zi dun yang nao	6
杞忧烘皮肘	qi you hong pi zhou	3
杠子头	gang zi tou	9
条头糕薄荷糕	tiao tou gao bo he gao	2
条酥	tiao su	1
杨凌蘸水面	yang ling zhan shui mian	7
杨家吊沪饼	yang jia diao hu bing	5
杨家吊炉饼	yang jia diao lu bing	8
杨村糕干	yang cun gao gan	7
杨梅干	yang mei gan	19
杨梅糕	yang mei gao	4
杨梅罐头	yang mei guan tou	1
杨梅虾球	yang mei xia qiu	4
杨梅醛	yang mei quan	2
杨河春绿	yang he chun lv	5
杨裕兴	yang yu xing	8
杨裕兴面条	yang yu xing mian tiao	6
杨记糕点	yang ji gao dian	5
杨长子火腿肠	yang chang zi huo tui chang	3
杨麻子	yang ma zi	2
杭三鲜	hang san xian	6
杭州刺绣	hang zhou ci xiu	7
杭州地方小吃	hang zhou di fang xiao chi	2
杭州绿豆糕	hang zhou lv dou gao	2
杭州老鸭煲	hang zhou lao ya bao	5
杭州菜	hang zhou cai	21
杭州龙井	hang zhou long jing	1
杭式榴莲酥	hang shi liu lian su	3
松丝汤包	song si tang bao	4
松仁小肚	song ren xiao du	1
松仁玉米	song ren yu mi	7
松仁粉丝	song ren fen si	2
松仁糕	song ren gao	7
松子枣泥拉糕	song zi zao ni la gao	3
松子河虾仁	song zi he xia ren	2
松子糕	song zi gao	8
松子茄鱼	song zi qie yu	3
松子酥	song zi su	7
松子鱼	song zi yu	7
松子鱼米	song zi yu mi	4
松子黄干糕	song zi huang gan gao	3
松峰绿茶	song feng lv cha	4
松树猴头	song shu hou tou	4
松树猴头蘑	song shu hou tou mo	3
松江鲈鱼	song jiang lu yu	1
松油醇	song you chun	10
松肉	song rou	13
松脆海蜇皮	song cui hai zhe pi	3
松花彩蛋	song hua cai dan	3
松花淡菜粥	song hua dan cai zhou	5
松花饼干	song hua bing gan	3
松露巧克力	song lu qiao ke li	4
松露菌	song lu jun	3
松香季戊四醇酯	song xiang ji wu si chun zhi	4
松香甘油酯	song xiang gan you zhi	7
松鹤延年	song he yan nian	5
松鹤楼	song he lou	19
松鹤楼菜馆	song he lou cai guan	6
松鼠桂鱼	song shu gui yu	30
松鼠鳜鱼	song shu gui yu	9
板栗仔鸡	ban li zai ji	3
板栗月饼	ban li yue bing	3
板栗焖仔鸡	ban li men zai ji	4
板栗煲老鸡	ban li bao lao ji	2
板栗红烧肉	ban li hong shao rou	6
板栗酒	ban li jiu	5
板粟烧鸡	ban su shao ji	5
板豆腐	ban dou fu	1
枇杷肝	pi pa gan	3
果仁夹心蛋糕	guo ren jia xin dan gao	3
果仁张	guo ren zhang	9
果仁排骨	guo ren pai gu	4
果佳	guo jia	5
果冻三明治	guo dong san ming zhi	1
果冻布丁	guo dong bu ding	4
果后	guo hou	20
果子肉	guo zi rou	6
果条筒	guo tiao tong	6
果汁伴侣	guo zhi ban lv	7
果汁煎肉脯	guo zhi jian rou fu	3
果汁牛肉片	guo zhi niu rou pian	3
果汁软糖	guo zhi ruan tang	2
果汁鱼块	guo zhi yu kuai	6
果瓣子	guo ban zi	4
果粒悬浮饮料	guo li xuan fu yin liao	5
果粒茶	guo li cha	3
果糖饮料	guo tang yin liao	5
果胶裂解酶	guo jiao lie jie mei	3
果胶酯酶	guo jiao zhi mei	1
果胶酶制剂	guo jiao mei zhi ji	4
果蒸棕	guo zheng zong	6
果蔬汁	guo shu zhi	31
果酱三明治	guo jiang san ming zhi	8
果酱咖啡	guo jiang ka fei	3
果酱夹心饼	guo jiang jia xin bing	5
果酱夹心饼干	guo jiang jia xin bing gan	5
果酱巧克力	guo jiang qiao ke li	4
果酱烧饼	guo jiang shao bing	2
果酱白蜂糕	guo jiang bai feng gao	2
果酱蛋糕卷	guo jiang dan gao juan	3
果酱酥	guo jiang su	5
果酱金糕	guo jiang jin gao	3
枣之礼	zao zhi li	7
枣仁龙眼粥	zao ren long yan zhou	3
枣卷	zao juan	1
枣沫糊	zao mo hu	7
枣泥山药糕	zao ni shan yao gao	8
枣泥拉糕	zao ni la gao	1
枣泥松糕	zao ni song gao	3
枣泥米糕	zao ni mi gao	3
枣泥糕	zao ni gao	4
枣泥蛋糕	zao ni dan gao	4
枣泥酥	zao ni su	1
枣泥酥饼	zao ni su bing	7
枣泥锅饼	zao ni guo bing	5
枫泾丁蹄	feng jing ding ti	8
枫镇大面	feng zhen da mian	1
枸杞小米粥	gou qi xiao mi zhou	1
枸杞山药粥	gou qi shan yao zhou	3
枸杞海参鸽蛋	gou qi hai shen ge dan	7
枸杞炖羊脑	gou qi dun yang nao	2
枸杞牛肝汤	gou qi niu gan tang	3
枸杞牛鞭汤	gou qi niu bian tang	4
枸杞田螺汤	gou qi tian luo tang	2
枸杞百合粥	gou qi bai he zhou	2
枸杞粥	gou qi zhou	3
枸杞菊花煲排骨	gou qi ju hua bao pai gu	2
枸杞银耳	gou qi yin er	7
枸杞银耳汤	gou qi yin er tang	5
枸杞食品	gou qi shi pin	5
枸杞香蛋	gou qi xiang dan	3
柏龙	bai long	3
柑桔黄	gan ju huang	8
柑橘黄	gan ju huang	1
柚子蜂蜜	you zi feng mi	1
柚子蜜	you zi mi	13
柠檬乳酪饼	ning meng ru lao bing	4
柠檬夹心蛋糕	ning meng jia xin dan gao	5
柠檬小蛋糕	ning meng xiao dan gao	4
柠檬沙冰	ning meng sha bing	1
柠檬油	ning meng you	6
柠檬糖	ning meng tang	4
柠檬薏米水	ning meng yi mi shui	3
柠檬蛋糕	ning meng dan gao	7
柠檬起司蛋糕	ning meng qi si dan gao	5
柠檬酸一钠	ning meng suan yi na	5
柠檬酸亚锡二钠	ning meng suan ya xi er na	5
柠檬酸钙	ning meng suan gai	16
柠檬酸钠	ning meng suan na	4
柠檬酸钾	ning meng suan jia	2
柠檬酸铁	ning meng suan tie	11
柠檬酸铁铵	ning meng suan tie an	9
柠檬鸡	ning meng ji	1
柠檬黄	ning meng huang	31
柠檬黄铝色淀	ning meng huang lv se dian	3
柠汁炸软鸡	ning zhi zha ruan ji	4
柯尔克孜族烤全羊	ke er ke zi zu kao quan yang	3
柳城云片糕	liu cheng yun pian gao	3
柳州酸	liu zhou suan	5
柳林芝麻饼	liu lin zhi ma bing	5
柳泉居	liu quan ju	4
柴把鱼	chai ba yu	6
柴沟堡熏肉	chai gou bu xun rou	8
柿叶茶	shi ye cha	2
柿子包	shi zi bao	6
柿子糊塌	shi zi hu ta	1
柿霜软糖	shi shuang ruan tang	5
柿面糊塌	shi mian hu ta	7
栀子蓝	zhi zi lan	2
栀子黄	zhi zi huang	9
树叶饼	shu ye bing	1
树根蛋糕	shu gen dan gao	1
树花炖土鸡	shu hua dun tu ji	6
栗子淮山煲鸡脚	li zi huai shan bao ji jiao	3
栗子炒子鸡	li zi chao zi ji	5
栗子焖羊肉	li zi men yang rou	3
栗子球	li zi qiu	9
栗子白菜	li zi bai cai	6
栗子粥	li zi zhou	1
栗子糕	li zi gao	8
栗子肉	li zi rou	10
栗子莲子猪腰汤	li zi lian zi zhu yao tang	3
栗子蛋糕	li zi dan gao	29
栗子鸡	li zi ji	9
栗子黄焖鸡	li zi huang men ji	6
栗羊羹	li yang geng	7
株洲什锦菜	zhu zhou shi jin cai	5
核桃仁	he tao ren	11
核桃仁粥	he tao ren zhou	7
核桃冻	he tao dong	6
核桃奶	he tao nai	4
核桃松糕	he tao song gao	5
核桃粘	he tao zhan	7
核桃糕	he tao gao	2
核桃红米饭	he tao hong mi fan	5
核桃葡萄干面包	he tao pu tao gan mian bao	3
核桃酥	he tao su	26
核桃酪	he tao lao	2
核桃香脆	he tao xiang cui	3
核桃鸡汤	he tao ji tang	3
根面角	gen mian jiao	3
格仔饼	ge zi bing	1
格林斯通	ge lin si tong	7
格瓦斯饮料	ge wa si yin liao	5
桂发祥	gui fa xiang	11
桂发祥麻花	gui fa xiang ma hua	1
桂圆羊肉煲	gui yuan yang rou bao	4
桂平西山茶	gui ping xi shan cha	8
桂林松糕	gui lin song gao	5
桂林田螺	gui lin tian luo	1
桂林粽子	gui lin zong zi	3
桂林酥糖	gui lin su tang	6
桂花元宵	gui hua yuan xiao	1
桂花大头菜	gui hua da tou cai	4
桂花干贝	gui hua gan bei	7
桂花栗子羹	gui hua li zi geng	7
桂花栗子酥	gui hua li zi su	3
桂花栗饼	gui hua li bing	4
桂花核桃冻	gui hua he tao dong	5
桂花楂糕	gui hua zha gao	4
桂花橄榄	gui hua gan lan	3
桂花浸膏	gui hua jin gao	7
桂花炒米糕	gui hua chao mi gao	3
桂花甜酒酿	gui hua tian jiu niang	2
桂花白糖甜菜条	gui hua bai tang tian cai tiao	2
桂花白糖饼	gui hua bai tang bing	3
桂花稠酒	gui hua chou jiu	7
桂花糖大栗	gui hua tang da li	5
桂花糖年糕	gui hua tang nian gao	2
桂花糖粥	gui hua tang zhou	1
桂花糖芋艿	gui hua tang yu nai	5
桂花糖藕	gui hua tang ou	13
桂花糯米藕	gui hua nuo mi ou	7
桂花红烧肉	gui hua hong shao rou	1
桂花翅子	gui hua chi zi	7
桂花肉	gui hua rou	7
桂花茶饼	gui hua cha bing	6
桂花莲藕	gui hua lian ou	3
桂花赤豆汤	gui hua chi dou tang	1
桂花辣酱芥	gui hua la jiang jie	3
桂花酒酿元宵	gui hua jiu niang yuan xiao	6
桂花酥糖	gui hua su tang	1
桂花酱鸡	gui hua jiang ji	3
桂花香糕	gui hua xiang gao	5
桂花鱼条	gui hua yu tiao	6
桂花鲜栗羹	gui hua xian li geng	6
桂醛	gui quan	10
桂鱼排骨	gui yu pai gu	2
桃仁山鸡丁	tao ren shan ji ding	4
桃仁饮	tao ren yin	2
桃仁鸡丁	tao ren ji ding	5
桃仁鸭方	tao ren ya fang	4
桃子色拉	tao zi se la	2
桃杞鸡卷	tao qi ji juan	3
桃片糕	tao pian gao	2
桃盐桃片	tao yan tao pian	2
桃粿	tao guo	8
桃花米线	tao hua mi xian	2
桃花面	tao hua mian	9
桃醛	tao quan	4
桉叶油	an ye you	1
桉叶糖	an ye tang	5
桉叶素	an ye su	7
桐叶粑粑	tong ye ba ba	6
桐庐白梨	tong lu bai li	3
桐蛋	tong dan	6
桑叶眉豆卷	sang ye mei dou juan	3
桑寄生茶	sang ji sheng cha	9
桑普莉	sang pu li	3
桑果雪芭	sang guo xue ba	6
桑椹红	sang shen hong	7
桑椹红枣汤	sang shen hong zao tang	3
桑芽茶	sang ya cha	5
桑葚粥	sang shen zhou	7
桔子柠檬布丁	ju zi ning meng bu ding	2
桔烧巴	ju shao ba	3
桔瓣鱼汆	ju ban yu cuan	2
桔红糕	ju hong gao	5
桔花晶	ju hua jing	2
桔阳	ju yang	6
桔饼	ju bing	1
桥头火锅店	qiao tou huo guo dian	5
桶子鸡	tong zi ji	10
梁平甜茶	liang ping tian cha	5
梁渡银针	liang du yin zhen	6
梁英记裹蒸粽	liang ying ji guo zheng zong	4
梅兰锡咖啡	mei lan xi ka fei	3
梅子排骨	mei zi pai gu	6
梅子肉	mei zi rou	6
梅干月饼	mei gan yue bing	5
梅干菜烧肉	mei gan cai shao rou	8
梅竹山石	mei zhu shan shi	3
梅花粥	mei hua zhou	8
梅花蛋糕	mei hua dan gao	1
梅花青豆糁	mei hua qing dou san	4
梅花香芋	mei hua xiang yu	4
梆梆肉	bang bang rou	2
梓潼片粉	zi tong pian fen	7
梓潼酥饼	zi tong su bing	1
梧州月饼	wu zhou yue bing	3
梧州蜜枣	wu zhou mi zao	6
梧州豆浆	wu zhou dou jiang	4
梨丸	li wan	7
梨子水	li zi shui	7
梨脯	li fu	3
梳乎厘	shu hu li	5
梳子百页	shu zi bai ye	6
棉城鲎	mian cheng hou	3
棉花糕	mian hua gao	7
棋子烧饼	qi zi shao bing	5
棒棒肉	bang bang rou	1
棒棒鸡	bang bang ji	1
棒棒鸡丝	bang bang ji si	6
棒槌果子	bang chui guo zi	7
棒骨土豆地饵汤	bang gu tu dou di er tang	2
棕榈酸	zong lv suan	10
棠花吐蕊	tang hua tu rui	3
森参	sen shen	11
森林木盒	sen lin mu he	5
植物添银花	zhi wu tian yin hua	2
植物炭黑	zhi wu tan hei	5
植物饮料	zhi wu yin liao	10
植酸	zhi suan	5
植酸钠	zhi suan na	10
椒河鳗	jiao he man	4
椒油扁豆	jiao you bian dou	4
椒油茭白	jiao you jiao bai	3
椒油银耳	jiao you yin er	3
椒盐八宝鸡	jiao yan ba bao ji	4
椒盐排骨	jiao yan pai gu	4
椒盐桃片	jiao yan tao pian	7
椒盐海豹蛇	jiao yan hai bao she	4
椒盐粽子	jiao yan zong zi	6
椒盐肘子	jiao yan zhou zi	3
椒盐肚尖	jiao yan du jian	2
椒盐花卷	jiao yan hua juan	5
椒盐虾	jiao yan xia	9
椒盐虾仁	jiao yan xia ren	2
椒盐蹄膀	jiao yan ti pang	4
椒盐锅盔	jiao yan guo kui	3
椒盐锅魁	jiao yan guo kui	4
椒盐馓子	jiao yan san zi	6
椒盐麻饼	jiao yan ma bing	1
椒麻鸡	jiao ma ji	11
椒麻鸡片	jiao ma ji pian	6
椰奶布丁	ye nai bu ding	5
椰子糕	ye zi gao	16
椰子饼	ye zi bing	15
椰汁板兰糕	ye zhi ban lan gao	5
椰汁红豆糕	ye zhi hong dou gao	1
椰汁西米糕	ye zhi xi mi gao	1
椰蓉包	ye rong bao	6
椰蓉杏仁饼	ye rong xing ren bing	3
椰蓉面包	ye rong mian bao	6
椰蓉马卡隆	ye rong ma ka long	3
椰酱	ye jiang	2
椰香咖喱鸡	ye xiang ka li ji	3
椰香红豆糕	ye xiang hong dou gao	3
椰香面包	ye xiang mian bao	6
椿芽焖蛋	chun ya men dan	4
楚宝桂花赤豆汤	chu bao gui hua chi dou tang	2
楠溪麦饼	nan xi mai bing	4
榄仁猪油糕	lan ren zhu you gao	3
榆林豆腐	yu lin dou fu	7
榆次灌肠	yu ci guan chang	6
榆皮面饸咯	yu pi mian he ge	4
榕树茶	rong shu cha	4
榜舍龟	bang she gui	6
榨广椒	zha guang jiao	3
槐茂酱菜	huai mao jiang cai	2
槐豆胶	huai dou jiao	1
槟榔子	bing lang zi	7
槭风蛋糕	qi feng dan gao	4
槽子糕	cao zi gao	3
樊记肉加馍	fan ji rou jia mo	3
樊记腊汁肉	fan ji la zhi rou	2
樟茶鸡	zhang cha ji	4
樟茶鸭	zhang cha ya	4
樟茶鸭子	zhang cha ya zi	9
樱桃土豆	ying tao tu dou	2
樱桃巧克力蛋糕	ying tao qiao ke li dan gao	6
樱桃派	ying tao pai	4
樱桃羹	ying tao geng	6
樱桃肉	ying tao rou	31
樱桃蕃茄	ying tao fan qie	6
樱桃蜜饯	ying tao mi jian	5
樱桃酒咖啡	ying tao jiu ka fei	2
樽皇酒具	zun huang jiu ju	6
橄榄沙拉	gan lan sha la	4
橄榄炖鸡	gan lan dun ji	5
橘瓣鱼圆	ju ban yu yuan	5
橘红糕	ju hong gao	1
橘露汤圆	ju lu tang yuan	3
橙味蛋黄	cheng wei dan huang	2
橙糕	cheng gao	6
橙花排骨	cheng hua pai gu	2
橙酒汁	cheng jiu zhi	3
檀扇鸭掌	tan shan ya zhang	2
欢喜坨	huan xi tuo	3
欢心美	huan xin mei	3
欧利伐	ou li fa	3
欧培拉	ou pei la	3
欧式蛋糕	ou shi dan gao	9
欧式重乳酪蛋糕	ou shi zhong ru lao dan gao	2
欧查果	ou cha guo	4
欧蕾冰咖啡	ou lei bing ka fei	5
歙县豆腐脑髓	she xian dou fu nao sui	3
正宗涮羊肉	zheng zong shuan yang rou	3
正山小种红茶	zheng shan xiao zhong hong cha	3
正明斋糕点	zheng ming zhai gao dian	4
正阳楼	zheng yang lou	11
武功镇起花面	wu gong zhen qi hua mian	5
武城旋饼	wu cheng xuan bing	4
武夷山岩茶	wu yi shan yan cha	9
武平猪胆干	wu ping zhu dan gan	8
武汉热干面	wu han re gan mian	46
武汉猪肉干	wu han zhu rou gan	2
武穴酥糖	wu xue su tang	5
毋米粥	wu mi zhou	11
母子相会	mu zi xiang hui	10
比利时啤酒	bi li shi pi jiu	4
比利时巧克力	bi li shi qiao ke li	10
毕节汤圆	bi jie tang yuan	8
毛叔	mao shu	10
毛哥老鸭汤	mao ge lao ya tang	8
毛嘴卤鸡	mao zui lu ji	6
毛家红烧肉	mao jia hong shao rou	10
毛峰熏鲥鱼	mao feng xun shi yu	8
毛桃	mao tao	13
毛毛虫面包	mao mao chong mian bao	6
毛毛面	mao mao mian	2
毛氏红烧肉	mao shi hong shao rou	9
毛肚火锅	mao du huo guo	9
毛豆煎臭豆腐	mao dou jian chou dou fu	3
毛豆结	mao dou jie	3
毡酒	zhan jiu	2
毫吉阿	hao ji a	2
毫崩	hao beng	7
毫糯索	hao nuo suo	5
氏丸子	shi wan zi	3
气磺蛋	qi huang dan	3
氢化松香甘油酯	qing hua song xiang gan you zhi	3
氢氧化钙	qing yang hua gai	14
氧化铁红	yang hua tie hong	10
氧化铁黑	yang hua tie hei	8
氧化镁	yang hua mei	23
氨基乙酸	an ji yi suan	2
氯化胆碱	lv hua dan jian	11
氯化钙	lv hua gai	20
氯化钾	lv hua jia	28
氯化锰	lv hua meng	8
氯化镁	lv hua mei	21
氰钴胺素	qing gu an su	5
水产罐头	shui chan guan tou	9
水八块	shui ba kuai	1
水分保持剂	shui fen bao chi ji	9
水发海参	shui fa hai shen	12
水晶南瓜	shui jing nan gua	6
水晶团子	shui jing tuan zi	3
水晶扣肉	shui jing kou rou	4
水晶明虾球	shui jing ming xia qiu	3
水晶枇杷	shui jing pi pa	3
水晶梅花包	shui jing mei hua bao	4
水晶橘子	shui jing ju zi	4
水晶粉	shui jing fen	11
水晶翡翠饺	shui jing fei cui jiao	3
水晶肉	shui jing rou	2
水晶肘子	shui jing zhou zi	1
水晶肴肉	shui jing yao rou	6
水晶菊花酥	shui jing ju hua su	3
水晶虾饺	shui jing xia jiao	9
水晶蛋糕	shui jing dan gao	7
水晶蟹粉卷	shui jing xie fen juan	5
水晶蹄膀香肴肉	shui jing ti pang xiang yao rou	3
水晶软糖	shui jing ruan tang	7
水晶酥	shui jing su	7
水晶银菊糕	shui jing yin ju gao	5
水晶饼	shui jing bing	12
水杨酸甲酯	shui yang suan jia zhi	8
水果一品	shui guo yi pin	5
水果塔	shui guo ta	31
水果夹心蛋糕	shui guo jia xin dan gao	4
水果奶油蛋糕	shui guo nai you dan gao	1
水果派	shui guo pai	3
水果蛋糕	shui guo dan gao	33
水果鸡	shui guo ji	9
水桃酥	shui tao su	2
水泡饼干	shui pao bing gan	6
水泡鱼元	shui pao yu yuan	2
水浒肉	shui hu rou	4
水煎乳饼	shui jian ru bing	2
水煎包子	shui jian bao zi	8
水煎饼	shui jian bing	3
水煮凤片	shui zhu feng pian	2
水煮回头鱼	shui zhu hui tou yu	3
水煮田鸡	shui zhu tian ji	6
水煮白扎肉	shui zhu bai zha rou	3
水煮笋罐头	shui zhu sun guan tou	6
水煮羊肉	shui zhu yang rou	1
水煮蹄花	shui zhu ti hua	3
水煮鱼头	shui zhu yu tou	6
水煮鲢鱼	shui zhu lian yu	4
水煮鳝鱼	shui zhu shan yu	6
水瓜柳	shui gua liu	7
水盆大肉	shui pen da rou	2
水盆羊肉	shui pen yang rou	31
水管面	shui guan mian	6
水糍粑	shui ci ba	7
水芝士	shui zhi shi	2
水豆鼓	shui dou gu	6
水饺元	shui jiao yuan	2
水饺子	shui jiao zi	8
水饺豆沙煎饼	shui jiao dou sha jian bing	3
永和园	yong he yuan	9
永安笋干	yong an sun gan	5
永定菜干	yong ding cai gan	8
永州炒血鸭	yong zhou chao xue ya	2
永胜油茶	yong sheng you cha	7
氽三样儿	tun san yang er	5
氽丸子	tun wan zi	8
氽大甲	tun da jia	5
氽毛豆	tun mao dou	4
氽灌肠	tun guan chang	5
氽肥肠儿	tun fei chang er	4
氽节子	tun jie zi	4
氽银耳鸭舌	tun yin er ya she	3
氽鲤鱼	tun li yu	4
汀州伊面	ting zhou yi mian	2
汁鲫鱼	zhi ji yu	1
汇泉	hui quan	47
汇泉饭店	hui quan fan dian	7
汉中梆梆面	han zhong bang bang mian	5
汉中米皮	han zhong mi pi	1
汉中米面皮	han zhong mi mian pi	7
汉斯干啤	han si gan pi	8
汉水银梭	han shui yin suo	7
汉生胶	han sheng jiao	6
汝城板鸭	ru cheng ban ya	5
江北熊鸭子	jiang bei xiong ya zi	5
江华毛尖	jiang hua mao jian	6
江南丸	jiang nan wan	3
江口豆腐干	jiang kou dou fu gan	4
江山绿牡丹茶	jiang shan lv mu dan cha	6
江毛水饺	jiang mao shui jiao	6
江津米花糖	jiang jin mi hua tang	8
江米条	jiang mi tiao	11
江米枣	jiang mi zao	5
江米酿鸭子	jiang mi niang ya zi	7
江苏菜	jiang su cai	2
池塘莲花	chi tang lian hua	1
汤丸王	tang wan wang	1
汤元	tang yuan	17
汤冷面	tang leng mian	2
汤团缸鸭狗	tang tuan gang ya gou	2
汤圆锅子	tang yuan guo zi	5
汤岗子矿泉水	tang gang zi kuang quan shui	4
汤爆双脆	tang bao shuang cui	8
汤类	tang lei	14
汤羊	tang yang	10
汪集鸡汤	wang ji ji tang	7
汽水肉	qi shui rou	2
汽锅鸡	qi guo ji	1
汾宁白糖棉花糕	fen ning bai tang mian hua gao	4
汾酒牛肉	fen jiu niu rou	6
沃凯诺	wo kai nuo	8
沅陵酥糖	yuan ling su tang	2
沐丹阳	mu dan yang	6
沔城莲藕	mian cheng lian ou	5
沔阳三蒸	mian yang san zheng	2
沙勿来	sha wu lai	2
沙县豆腐丸	sha xian dou fu wan	3
沙县馄饨	sha xian hun tun	1
沙参心肺汤	sha shen xin fei tang	3
沙参玉竹老鸭汤	sha shen yu zhu lao ya tang	5
沙司牛尾	sha si niu wei	3
沙嗲羊肉串	sha dia yang rou chuan	2
沙市甜独蒜头	sha shi tian du suan tou	4
沙式饼干	sha shi bing gan	5
沙律海鲜卷	sha lv hai xian juan	5
沙拉海鲜卷	sha la hai xian juan	2
沙拉船	sha la chuan	4
沙拉蛋	sha la dan	5
沙朗牛排	sha lang niu pai	2
沙棘汁	sha ji zhi	22
沙棘黄	sha ji huang	9
沙河粉	sha he fen	2
沙河蛋糕	sha he dan gao	4
沙湖盐蛋	sha hu yan dan	7
沙湾大盘鸡	sha wan da pan ji	6
沙湾姜撞奶	sha wan jiang zhuang nai	7
沙湾白饼	sha wan bai bing	5
沙溪凉茶	sha xi liang cha	1
沙田柚	sha tian you	15
沙窝椒汁大鱼头	sha wo jiao zhi da yu tou	2
沙米粉	sha mi fen	1
沙维康	sha wei kang	3
沙翁	sha weng	6
沙舟踏翠	sha zhou ta cui	5
沙茶烤肉串	sha cha kao rou chuan	6
沙茶牛肉	sha cha niu rou	3
沙茶粿	sha cha guo	1
沙蒿胶	sha hao jiao	4
沙锅散丹	sha guo san dan	3
沙锅鱼头豆腐	sha guo yu tou dou fu	5
沙黄蛋角酥	sha huang dan jiao su	4
沛公狗肉	pei gong gou rou	7
沛县狗肉	pei xian gou rou	8
沟帮子熏鸡	gou bang zi xun ji	2
没食子酸丙酯	mei shi zi suan bing zhi	1
沧州冬菜	cang zhou dong cai	8
沧浪亭	cang lang ting	19
沩山毛尖	wei shan mao jian	8
沫若香茗	mo ruo xiang ming	4
河内圆茶	he nei yuan cha	2
河南卤面	he nan lu mian	4
河岔口咸鸭蛋	he cha kou xian ya dan	2
河州大饼	he zhou da bing	5
河曲红果	he qu hong guo	3
河曲酸粥	he qu suan zhou	4
河水豆花	he shui dou hua	7
沸腾可乐	fei teng ke le	9
沸腾鱼	fei teng yu	34
油卵	you luan	8
油塔子	you ta zi	2
油墩子	you dun zi	16
油攒大虾	you cuan da xia	5
油旋	you xuan	11
油旋子锅魁	you xuan zi guo kui	4
油条烩鳝鱼	you tiao hui shan yu	4
油梨	you li	2
油氽馒头	you tun man tou	7
油汆排骨年糕	you cuan pai gu nian gao	3
油泡鱼青丸	you pao yu qing wan	4
油泼肉	you po rou	6
油泼青鱼	you po qing yu	4
油浸腌肉	you jin yan rou	4
油浸鲳鱼	you jin chang yu	3
油浸鸡	you jin ji	5
油淋笋鸡	you lin sun ji	2
油淋鸡	you lin ji	8
油淋鸽子	you lin ge zi	3
油炒粉	you chao fen	7
油炸卤制花干	you zha lu zhi hua gan	3
油炸果	you zha guo	1
油炸果子	you zha guo zi	8
油炸洋芋	you zha yang yu	2
油炸牛皮	you zha niu pi	7
油炸糖糕	you zha tang gao	6
油炸肺	you zha fei	5
油炸臭干	you zha chou gan	8
油炸臭豆腐	you zha chou dou fu	4
油炸臭豆腐干	you zha chou dou fu gan	7
油炸蜂蛹	you zha feng yong	6
油炸螺丝糕	you zha luo si gao	6
油炸青苔	you zha qing tai	8
油炸馄饨	you zha hun tun	1
油炸鬼	you zha gui	16
油炸麻圆	you zha ma yuan	4
油焖春笋	you men chun sun	5
油焖白菜	you men bai cai	6
油焖竹笋	you men zhu sun	4
油焖草菇	you men cao gu	4
油焖虾	you men xia	7
油焖鲜蘑	you men xian mo	4
油煎南瓜饼	you jian nan gua bing	2
油煎毛豆腐	you jian mao dou fu	7
油煎馄饨	you jian hun tun	5
油煎鸡蛋蘸蜂蜜	you jian ji dan zhan feng mi	4
油燃面	you ran mian	2
油爆双脆	you bao shuang cui	1
油爆肚尖	you bao du jian	4
油爆虾	you bao xia	28
油爆鱼芹	you bao yu qin	2
油爆鱿鱼卷	you bao you yu juan	3
油爆鲜贝	you bao xian bei	5
油爆鸭舌	you bao ya she	2
油甘子	you gan zi	6
油糊角	you hu jiao	4
油糕	you gao	19
油脂肠	you zhi chang	4
油脆	you cui	1
油茶炒面	you cha chao mian	4
油葱果	you cong guo	7
油葵	you kui	12
油豆泡	you dou pao	5
油豆腐干	you dou fu gan	7
油豆腐线粉汤	you dou fu xian fen tang	7
油豆腐镶肉	you dou fu xiang rou	4
油酥小水果	you su xiao shui guo	3
油酥火焙鱼	you su huo bei yu	2
油酥米花糖	you su mi hua tang	7
油酥蛋卷	you su dan juan	2
油酥饼	you su bing	10
油酸	you suan	42
油醋汁	you cu zhi	41
油醪糟	you lao zao	7
油锄片	you chu pian	7
油锅盔	you guo kui	6
油闷春笋	you men chun sun	5
油面	you mian	21
油面筋	you mian jin	40
油馍	you mo	21
油馍馍	you mo mo	7
油馓子	you san zi	9
油鸡棕	you ji zong	6
油鸡纵	you ji zong	7
治德号	zhi de hao	7
沾化冬枣	zhan hua dong zao	8
泉水土鸡	quan shui tu ji	4
泉水鸡	quan shui ji	1
法国红磨坊	fa guo hong mo fang	9
法式乳酪蛋糕	fa shi ru lao dan gao	2
法式桃子布丁	fa shi tao zi bu ding	3
法式烩鱼汤	fa shi hui yu tang	2
法式牛油炸鱼	fa shi niu you zha yu	2
法式红酒焗蜗牛	fa shi hong jiu ju wo niu	1
法式芝香烤翅	fa shi zhi xiang kao chi	3
法餐	fa can	37
法香	fa xiang	12
泡儿油糕	pao er you gao	6
泡凤爪	pao feng zhua	7
泡椒乳鸽	pao jiao ru ge	3
泡椒响螺片	pao jiao xiang luo pian	2
泡椒墨鱼仔	pao jiao mo yu zai	9
泡椒河鳗	pao jiao he man	4
泡椒牛肉	pao jiao niu rou	15
泡椒牛蛙	pao jiao niu wa	11
泡椒猪肝	pao jiao zhu gan	1
泡椒田鸡	pao jiao tian ji	21
泡椒肥肠	pao jiao fei chang	5
泡椒蒸水鱼	pao jiao zheng shui yu	2
泡椒鸡片	pao jiao ji pian	3
泡椒黄辣丁	pao jiao huang la ding	4
泡油糕	pao you gao	2
泡泡油糕	pao pao you gao	1
泡绿菜花	pao lv cai hua	3
泡莱鲫鱼	pao lai ji yu	2
泡菜炒肉末	pao cai chao rou mo	3
泡菜牛肚丝	pao cai niu du si	7
泡菜肉末	pao cai rou mo	3
泡菜鱼	pao cai yu	7
泡菜鹅肠	pao cai e chang	3
波丝油糕	bo si you gao	3
波士顿派	bo shi dun pai	7
波波糖	bo bo tang	1
泥钉冻	ni ding dong	5
泥风鸡	ni feng ji	4
泥鳅煮酸菜	ni qiu zhu suan cai	5
泥鳅钻豆腐	ni qiu zuan dou fu	9
泮塘马蹄糕	pan tang ma ti gao	7
泮溪	pan xi	2
泮溪酒家	pan xi jiu jia	4
泰和乌鸡	tai he wu ji	10
泰国炸鱼	tai guo zha yu	3
泰安三美豆腐	tai an san mei dou fu	4
泰安煎饼	tai an jian bing	7
泰山三美	tai shan san mei	10
泰山女儿茶	tai shan nv er cha	1
泰山豆腐面	tai shan dou fu mian	4
泰山赤鳞鱼	tai shan chi lin yu	8
泰州干丝	tai zhou gan si	4
泰式凉拌海鲜	tai shi liang ban hai xian	4
泰式凉拌花枝	tai shi liang ban hua zhi	2
泰式千层糕	tai shi qian ceng gao	3
泰式咖哩螃蟹	tai shi ka li pang xie	5
泰式咖哩鸡	tai shi ka li ji	4
泰式榴莲酥	tai shi liu lian su	4
泰式酸辣凤爪	tai shi suan la feng zhua	5
泰式酸辣虾汤	tai shi suan la xia tang	4
泰式青木瓜沙拉	tai shi qing mu gua sha la	4
泰德马帝	tai de ma di	5
泰舒茶	tai shu cha	6
泸州鱼头火锅	lu zhou yu tou huo guo	3
泽合	ze he	2
洋县枣糕馍	yang xian zao gao mo	4
洋县猪白血	yang xian zhu bai xue	2
洋县黑米	yang xian hei mi	7
洋参雪耳炖燕窝	yang shen xue er dun yan wo	3
洋姑娘	yang gu niang	2
洋河敦煌	yang he dun huang	5
洋烧排骨	yang shao pai gu	3
洋芋檫檫	yang yu cha cha	4
洋芋粑粑	yang yu ba ba	19
洋芋饼	yang yu bing	3
洋茉莉醛	yang mo li quan	1
洋葱汤	yang cong tang	6
洋葱炒蛋	yang cong chao dan	9
洋葱炒鳝糊	yang cong chao shan hu	3
洋葱酱	yang cong jiang	1
洋钱饼	yang qian bing	5
洗沙白酥	xi sha bai su	6
洛神花茶	luo shen hua cha	10
洛阳水席	luo yang shui xi	1
洞子口张凉粉	dong zi kou zhang liang fen	5
洞庭水岸	dong ting shui an	4
洞庭碧螺春	dong ting bi luo chun	2
洞庭金龟	dong ting jin gui	7
洞顶乌龙	dong ding wu long	8
津兆尹	jin zhao yin	6
津八件	jin ba jian	3
津威	jin wei	32
洪字鸡丝黄瓜	hong zi ji si huang gua	4
洪山桥光饼	hong shan qiao guang bing	4
洪江鸭	hong jiang ya	6
洪洞醪糟	hong dong lao zao	4
洪都鸡	hong du ji	5
洱海弓鱼	er hai gong yu	5
洱海海菜	er hai hai cai	4
活性钙	huo xing gai	12
活血药酒	huo xue yao jiu	3
活钻鲤鱼	huo zuan li yu	5
流蜞蛋	liu qi dan	5
浆水	jiang shui	18
浆水汤	jiang shui tang	5
浆水面	jiang shui mian	19
浆水鱼鱼	jiang shui yu yu	5
浆面条	jiang mian tiao	15
济南扁食	ji nan bian shi	3
济南肴鸡	ji nan yao ji	5
济南蜜三刀	ji nan mi san dao	3
济南香肠	ji nan xiang chang	4
浏阳茴饼	liu yang hui bing	5
浓情香鸡翼	nong qing xiang ji yi	7
浓缩康保蓝	nong suo kang bao lan	2
浓缩果汁	nong suo guo zhi	11
浓缩果酱	nong suo guo jiang	6
浓香鸡块	nong xiang ji kuai	4
浙南鱼面	zhe nan yu mian	2
浙江榨菜	zhe jiang zha cai	5
浙菜	zhe cai	5
浦江蟹羹	pu jiang xie geng	3
浪花天香鱼	lang hua tian xiang yu	6
浮油鸡片	fu you ji pian	4
海东雪梨	hai dong xue li	5
海兔酱	hai tu jiang	1
海凉粉	hai liang fen	7
海南嘉积鸭	hai nan jia ji ya	6
海南椰丝包	hai nan ye si bao	5
海南椰子盅	hai nan ye zi zhong	6
海南椰子船	hai nan ye zi chuan	6
海南萝卜糕	hai nan luo bo gao	5
海参三大件	hai shen san da jian	5
海参木耳汤	hai shen mu er tang	2
海参武昌鱼	hai shen wu chang yu	5
海参炖瘦肉	hai shen dun shou rou	7
海参碗鱼	hai shen wan yu	3
海参羹	hai shen geng	7
海参肘子	hai shen zhou zi	3
海参酥	hai shen su	7
海参饼	hai shen bing	2
海味面	hai wei mian	7
海城馅饼	hai cheng xian bing	1
海天上等蚝油	hai tian shang deng hao you	1
海天味极鲜	hai tian wei ji xian	3
海天海鲜酱	hai tian hai xian jiang	7
海天海鲜酱油	hai tian hai xian jiang you	7
海天特级草菇老抽	hai tian te ji cao gu lao chou	5
海天老抽王	hai tian lao chou wang	4
海天老抽豉油皇	hai tian lao chou chi you huang	3
海天草菇老抽	hai tian cao gu lao chou	5
海天金标生抽	hai tian jin biao sheng chou	8
海天鲜味生抽	hai tian xian wei sheng chou	2
海天黄豆酱	hai tian huang dou jiang	7
海带丝	hai dai si	46
海带排骨汤	hai dai pai gu tang	17
海带清热汤	hai dai qing re tang	2
海带炖鸭	hai dai dun ya	4
海带焖饭	hai dai men fan	4
海带猪骨汤	hai dai zhu gu tang	2
海带结	hai dai jie	10
海带茶	hai dai cha	2
海带萝卜汤	hai dai luo bo tang	4
海带鸭子汤	hai dai ya zi tang	1
海棠果	hai tang guo	28
海棠糕	hai tang gao	5
海水煮海鱼	hai shui zhu hai yu	6
海派罗宋汤	hai pai luo song tang	5
海白米	hai bai mi	5
海米冬瓜	hai mi dong gua	3
海米拌菜花	hai mi ban cai hua	2
海米拌黄瓜	hai mi ban huang gua	4
海米烧菜花	hai mi shao cai hua	2
海米烧萝卜	hai mi shao luo bo	2
海米珍珠笋	hai mi zhen zhu sun	4
海米白菜汤	hai mi bai cai tang	4
海米萝卜汤	hai mi luo bo tang	2
海红	hai hong	3
海绵糕	hai mian gao	2
海绵蛋糕	hai mian dan gao	36
海萝胶	hai luo jiao	7
海藻酸丙二醇酯	hai zao suan bing er chun zhi	6
海藻酸钠	hai zao suan na	6
海藻酸钾	hai zao suan jia	7
海蜇头子	hai zhe tou zi	2
海螺罐头	hai luo guan tou	5
海蟑螂	hai zhang lang	7
海马宫茶	hai ma gong cha	8
海鲜匹萨	hai xian pi sa	5
海鲜大烩	hai xian da hui	5
海鲜小豆腐	hai xian xiao dou fu	8
海鲜拼盘	hai xian pin pan	3
海鲜水果沙拉	hai xian shui guo sha la	5
海鲜汤	hai xian tang	20
海鲜粉干	hai xian fen gan	3
海鲜菇	hai xian gu	5
海鲜豆腐羹	hai xian dou fu geng	3
海鲜铁锅烧	hai xian tie guo shao	2
海鲫鱼	hai ji yu	1
消暑冬瓜盅	xiao shu dong gua zhong	5
消泡剂	xiao pao ji	6
涌溪火青	yong xi huo qing	9
涟水鸡糕	lian shui ji gao	5
润明	run ming	9
涪陵榨菜	fu ling zha cai	33
涮牛肚	shuan niu du	44
液体石蜡	ye ti shi la	1
淀粉软糖	dian fen ruan tang	7
淀粉酶	dian fen mei	26
淡糟香螺片	dan zao xiang luo pian	7
淡菜紫菜瘦肉汤	dan cai zi cai shou rou tang	3
淮安茶馓	huai an cha san	7
淮山薏米羊肾汤	huai shan yi mi yang shen tang	2
淮杞塘虱鱼汤	huai qi tang shi yu tang	3
淮杞炖羊肉	huai qi dun yang rou	3
淮杞鸡脚响螺汤	huai qi ji jiao xiang luo tang	4
淮饺	huai jiao	7
深圳盐田海鲜街	shen zhen yan tian hai xian jie	2
深州蜜桃	shen zhou mi tao	2
深海鳕鱼条	shen hai xue yu tiao	27
深渡包袱	shen du bao fu	4
淳安猕猴桃	chun an mi hou tao	2
淳安辣椒酱	chun an la jiao jiang	3
混合胡椒粉	hun he hu jiao fen	2
混堂锅魁	hun tang guo kui	3
混糖锅魁	hun tang guo kui	4
清凉漱口剂	qing liang shu kou ji	2
清凉的钵仔糕	qing liang de bo zi gao	2
清咽茶	qing yan cha	8
清宫御膳银丝杂面	qing gong yu shan yin si za mian	5
清平鸡	qing ping ji	10
清拌粉皮儿	qing ban fen pi er	5
清拌腰丝儿	qing ban yao si er	5
清明艾饺	qing ming ai jiao	3
清梅居	qing mei ju	5
清水滑子蘑罐头	qing shui hua zi mo guan tou	3
清水白菜	qing shui bai cai	3
清水鲩圆	qing shui huan yuan	3
清江鱼茄子煲	qing jiang yu qie zi bao	3
清汤丸子	qing tang wan zi	5
清汤冬瓜	qing tang dong gua	5
清汤圆子	qing tang yuan zi	2
清汤抄手	qing tang chao shou	7
清汤柳叶燕菜	qing tang liu ye yan cai	9
清汤柴把鸭	qing tang chai ba ya	6
清汤泡糕	qing tang pao gao	4
清汤海参	qing tang hai shen	6
清汤火锅底	qing tang huo guo di	1
清汤炸肚	qing tang zha du	2
清汤燕菜	qing tang yan cai	8
清汤牛肉面	qing tang niu rou mian	2
清汤牛腩	qing tang niu nan	3
清汤玉带鸡	qing tang yu dai ji	2
清汤米线	qing tang mi xian	3
清汤银耳	qing tang yin er	5
清汤银耳素鸽蛋	qing tang yin er su ge dan	2
清汤鱼	qing tang yu	4
清汤鱼圆	qing tang yu yuan	8
清汤鱼翅	qing tang yu chi	7
清汤鲍鱼	qing tang bao yu	4
清油盘丝饼	qing you pan si bing	6
清流笋干	qing liu sun gan	4
清炒三丁	qing chao san ding	2
清炒小花菇	qing chao xiao hua gu	4
清炒河虾仁	qing chao he xia ren	7
清炒海蚌	qing chao hai bang	2
清炒笋尖	qing chao sun jian	4
清炒芦笋	qing chao lu sun	7
清炒莲藕	qing chao lian ou	3
清炒莴笋丝	qing chao wo sun si	5
清炒虾仁	qing chao xia ren	1
清炒蚕豆	qing chao can dou	6
清炒鳝丝	qing chao shan si	4
清炒鳝糊	qing chao shan hu	7
清炒鸭掌	qing chao ya zhang	3
清炖兔子	qing dun tu zi	4
清炖全鸡	qing dun quan ji	1
清炖姜归羊肉汤	qing dun jiang gui yang rou tang	2
清炖开凌梭	qing dun kai ling suo	3
清炖武山鸡	qing dun wu shan ji	4
清炖狼山鸡	qing dun lang shan ji	5
清炖甲鱼	qing dun jia yu	8
清炖羊肉	qing dun yang rou	3
清炖萝卜牛肉	qing dun luo bo niu rou	3
清炖蚌肉	qing dun bang rou	2
清炖蟹粉狮子头	qing dun xie fen shi zi tou	10
清炸鹌鹑	qing zha an chun	4
清炸黄河刀鱼	qing zha huang he dao yu	3
清焖莲子	qing men lian zi	5
清真什锦细点	qing zhen shi jin xi dian	4
清真全羊席	qing zhen quan yang xi	5
清真酱牛肉	qing zhen jiang niu rou	5
清羔羊肉	qing gao yang rou	5
清蒸八宝猪	qing zheng ba bao zhu	7
清蒸冬瓜鸡块	qing zheng dong gua ji kuai	3
清蒸刀鱼	qing zheng dao yu	8
清蒸加吉鱼	qing zheng jia ji yu	8
清蒸哈什蚂	qing zheng ha shi ma	7
清蒸山药	qing zheng shan yao	4
清蒸排骨	qing zheng pai gu	2
清蒸杞甲鱼	qing zheng qi jia yu	3
清蒸桂鱼	qing zheng gui yu	2
清蒸武昌鱼	qing zheng wu chang yu	10
清蒸江团	qing zheng jiang tuan	8
清蒸海鲜	qing zheng hai xian	1
清蒸火腿	qing zheng huo tui	1
清蒸牛蹄筋	qing zheng niu ti jin	5
清蒸甲鱼	qing zheng jia yu	1
清蒸白鱼	qing zheng bai yu	1
清蒸白鳝	qing zheng bai shan	5
清蒸石斑鱼	qing zheng shi ban yu	1
清蒸福寿鱼	qing zheng fu shou yu	5
清蒸羊羔肉	qing zheng yang gao rou	7
清蒸翅子	qing zheng chi zi	6
清蒸荷包红鲤鱼	qing zheng he bao hong li yu	6
清蒸西瓜鸡	qing zheng xi gua ji	3
清蒸钳鱼	qing zheng qian yu	3
清蒸青鳝	qing zheng qing shan	3
清蒸鲈鱼	qing zheng lu yu	24
清蒸鲥鱼	qing zheng shi yu	9
清蒸鲩鱼	qing zheng huan yu	8
清蒸鲻鱼	qing zheng zi yu	4
清蒸鸭子	qing zheng ya zi	8
清蒸鹌鹑	qing zheng an chun	3
清蒸鹰龟	qing zheng ying gui	3
清补凉乳鸽汤	qing bu liang ru ge tang	2
清补羊肉汤	qing bu yang rou tang	6
清音茶	qing yin cha	1
清风送爽	qing feng song shuang	11
渠江	qu jiang	26
温州黄汤茶	wen zhou huang tang cha	3
温江程抄手	wen jiang cheng chao shou	3
温江酥糖	wen jiang su tang	3
温泉菜	wen quan cai	5
温泉鸡	wen quan ji	9
温酒醉虾	wen jiu zui xia	2
渭南时晨包子	wei nan shi chen bao zi	3
渭南水晶饼	wei nan shui jing bing	3
港红	gang hong	15
湖南油淋鸡	hu nan you lin ji	2
湖南腊肉	hu nan la rou	4
湖南腊鱼	hu nan la yu	3
湖州大馄饨	hu zhou da hun tun	3
湖州肉粽	hu zhou rou zong	4
湖彩蛋	hu cai dan	4
湖米茭白	hu mi jiao bai	3
湘味方肉	xiang wei fang rou	2
湘城麻饼	xiang cheng ma bing	4
湘式酥点	xiang shi su dian	3
湘江鱼头王	xiang jiang yu tou wang	4
湘莲罐头	xiang lian guan tou	4
湘西外婆菜	xiang xi wai po cai	1
湘西辣椒	xiang xi la jiao	3
湛江鸡	zhan jiang ji	10
源和堂蜜饯	yuan he tang mi jian	6
源通	yuan tong	7
溜牛里脊	liu niu li ji	6
溜肝尖	liu gan jian	3
溜腰花	liu yao hua	6
溜藕片	liu ou pian	5
溜锅板	liu guo ban	3
溜鸡脯	liu ji pu	6
溜黄菜	liu huang cai	4
溪口香蕉	xi kou xiang jiao	3
溴酸钾	xiu suan jia	1
滇八件	dian ba jian	7
滇八件糕点	dian ba jian gao dian	4
滇味炒面	dian wei chao mian	5
滇红茶	dian hong cha	2
滇绿	dian lv	1
滑溜贝球	hua liu bei qiu	4
滑溜鹌鹑	hua liu an chun	4
滑炒山药	hua chao shan yao	2
滑肉	hua rou	4
滑肉汤	hua rou tang	2
滑肉烩鲜竹	hua rou hui xian zhu	3
滑蛋牛肉	hua dan niu rou	3
滑蛋虾仁	hua dan xia ren	4
满台飞	man tai fei	7
满城香	man cheng xiang	1
满天香贯香寸	man tian xiang guan xiang cun	3
满族饽饽	man zu bo bo	6
滨州锅子饼	bin zhou guo zi bing	3
滷白菜	lu bai cai	2
漆油炒米酒	qi you chao mi jiu	4
漆油炖鸡	qi you dun ji	5
漆油茶	qi you cha	6
漆蜡妙食	qi la miao shi	3
漾濞核桃	yang bi he tao	1
潇湘五元龟	xiao xiang wu yuan gui	4
潇湘猪手	xiao xiang zhu shou	5
潘趣酒	pan qu jiu	2
潮州春饼	chao zhou chun bing	5
潮州烧雁鹅	chao zhou shao yan e	5
潮州粿条	chao zhou guo tiao	6
潮州老婆饼	chao zhou lao po bing	7
潮州肉冻	chao zhou rou dong	3
潮州腐乳饼	chao zhou fu ru bing	4
潮州薄饼	chao zhou bo bing	4
潮州鱼蛋粉	chao zhou yu dan fen	2
潮式老婆饼	chao shi lao po bing	2
潮汕卤水鹅掌	chao shan lu shui e zhang	2
潮汕朥糕	chao shan lao gao	3
潮汕蚝烙	chao shan hao lao	4
潮糕	chao gao	7
潼川豆豉	tong chuan dou chi	7
澄江藕粉	cheng jiang ou fen	5
澳大利亚的芒果	ao da li ya de mang guo	3
澳洲万格红	ao zhou wan ge hong	2
澳洲带子	ao zhou dai zi	6
澳洲牛柳	ao zhou niu liu	7
激情海岸	ji qing hai an	5
灌汤包子	guan tang bao zi	11
灌汤小笼包	guan tang xiao long bao	4
灌肺	guan fei	7
灌蟹鱼圆	guan xie yu yuan	2
火井	huo jing	4
火宫殿臭豆腐	huo gong dian chou dou fu	9
火局鸡	huo ju ji	8
火山鸣	huo shan ming	6
火山鸣泉	huo shan ming quan	8
火晶柿子	huo jing shi zi	1
火炙糕	huo zhi gao	3
火炼金身	huo lian jin shen	7
火烧冬笋	huo shao dong sun	6
火烧头尾	huo shao tou wei	2
火烧猪肉	huo shao zhu rou	7
火烧茨菰	huo shao ci gu	5
火焙豆腐	huo bei dou fu	5
火爆双脆	huo bao shuang cui	5
火爆猪肚	huo bao zhu du	2
火爆猪肝	huo bao zhu gan	3
火爆肚头	huo bao du tou	5
火爆肥肠	huo bao fei chang	7
火爆腰块	huo bao yao kuai	4
火爆腰花	huo bao yao hua	2
火爆荔枝腰	huo bao li zhi yao	4
火腿土司	huo tui tu si	4
火腿大头菜酥	huo tui da tou cai su	6
火腿大白饼	huo tui da bai bing	4
火腿月饼	huo tui yue bing	19
火腿炒茄瓜	huo tui chao qie gua	4
火腿炖甲鱼	huo tui dun jia yu	7
火腿白菜	huo tui bai cai	6
火腿粑粑	huo tui ba ba	7
火腿萝卜丝汤	huo tui luo bo si tang	2
火腿萝卜丝酥饼	huo tui luo bo si su bing	4
火腿豆焖饭	huo tui dou men fan	7
火腿豆豉	huo tui dou chi	2
火腿酥腰	huo tui su yao	3
火腿饼	huo tui bing	2
火腿鱼	huo tui yu	5
火腿鸡丝卷	huo tui ji si juan	5
火腿鸡杂饵丝	huo tui ji za er si	5
火踵鱼翅	huo zhong yu chi	5
火边子牛肉	huo bian zi niu rou	1
火锅牛肉粉	huo guo niu rou fen	5
火锅粉	huo guo fen	8
火鞭牛肉	huo bian niu rou	3
火鸡三明治	huo ji san ming zhi	8
灯影牛肉	deng ying niu rou	34
灯影牛肉干	deng ying niu rou gan	7
灯影苕片	deng ying tiao pian	3
灯笼泡椒	deng long pao jiao	5
灯芯糕	deng xin gao	1
灰树	hui shu	4
灰树花保健饮料	hui shu hua bao jian yin liao	3
灰豆	hui dou	26
灰豆子	hui dou zi	9
灵丘熏鸡	ling qiu xun ji	5
灵山粗粉	ling shan cu fen	4
灵芝恋玉蝉	ling zhi lian yu chan	5
灵芝茶	ling zhi cha	1
灵芝饮料	ling zhi yin liao	6
炉猪	lu zhu	8
炉鸭	lu ya	1
炊石榴鸡	chui shi liu ji	5
炊莲花鸡	chui lian hua ji	3
炊麒麟鱼	chui qi lin yu	4
炒三不沾	chao san bu zhan	7
炒三脆	chao san cui	3
炒丝瓜	chao si gua	17
炒二冬	chao er dong	1
炒八宝饭	chao ba bao fan	4
炒凉粉	chao liang fen	10
炒南瓜	chao nan gua	8
炒双泥	chao shuang ni	2
炒四宝	chao si bao	4
炒墨鱼丝	chao mo yu si	6
炒子蟹	chao zi xie	5
炒小白菜	chao xiao bai cai	11
炒山药泥	chao shan yao ni	3
炒时蔬	chao shi shu	4
炒栗子	chao li zi	19
炒桂花翅	chao gui hua chi	6
炒榛子酱	chao zhen zi jiang	5
炒海蜇	chao hai zhe	6
炒清虾仁	chao qing xia ren	7
炒玉米	chao yu mi	10
炒珍珠鸡	chao zhen zhu ji	5
炒疙瘩	chao ge da	6
炒白果	chao bai guo	8
炒白菜	chao bai cai	32
炒白虾	chao bai xia	1
炒白鸽	chao bai ge	2
炒禾花雀	chao he hua que	2
炒米糖	chao mi tang	2
炒米线	chao mi xian	22
炒粉鱼	chao fen yu	7
炒糊饽	chao hu bo	6
炒糕粿	chao gao guo	7
炒素腰花	chao su yao hua	2
炒绵羊丝	chao mian yang si	3
炒羊肚丝	chao yang du si	4
炒肉团	chao rou tuan	4
炒肉片儿	chao rou pian er	1
炒肝尖儿	chao gan jian er	6
炒肝片	chao gan pian	5
炒肺片	chao fei pian	4
炒胡萝卜酱	chao hu luo bo jiang	6
炒腰脑	chao yao nao	3
炒良乡栗子	chao liang xiang li zi	3
炒芙蓉蟹	chao fu rong xie	4
炒芡子米	chao qian zi mi	5
炒茄丝	chao qie si	6
炒荤素儿	chao hun su er	5
炒萝卜	chao luo bo	6
炒葱椒鸡	chao cong jiao ji	2
炒藤菜	chao teng cai	5
炒虾丝	chao xia si	4
炒虾黄	chao xia huang	5
炒螺丝面	chao luo si mian	2
炒螺蛳	chao luo si	3
炒蟹肉	chao xie rou	6
炒血鸭	chao xue ya	8
炒西兰花	chao xi lan hua	14
炒西施舌	chao xi shi she	6
炒豆腐	chao dou fu	16
炒豆腐松	chao dou fu song	4
炒豆腐脑	chao dou fu nao	6
炒豇豆	chao jiang dou	2
炒豌豆	chao wan dou	5
炒豌豆夹	chao wan dou jia	3
炒豌豆酱	chao wan dou jiang	5
炒蹄筋儿	chao ti jin er	6
炒里脊丝	chao li ji si	7
炒银丝儿	chao yin si er	5
炒银枝儿	chao yin zhi er	5
炒面片	chao mian pian	14
炒面线	chao mian xian	4
炒面鱼	chao mian yu	1
炒饵丝	chao er si	6
炒饵块	chao er kuai	5
炒香舌片	chao xiang she pian	3
炒鳝糊	chao shan hu	1
炒鸡丝	chao ji si	9
炒鸡什件	chao ji shi jian	2
炒鸡米	chao ji mi	3
炒鸭肠	chao ya chang	6
炒麦穗花鱿	chao mai sui hua you	4
炒黄瓜酱	chao huang gua jiang	6
炕洋芋	kang yang yu	8
炕炕馍	kang kang mo	6
炖人参汤	dun ren shen tang	4
炖口蘑龙凤珠	dun kou mo long feng zhu	3
炖吊子	dun diao zi	7
炖柠檬鸭	dun ning meng ya	2
炖梅	dun mei	2
炖狗	dun gou	6
炖禾虫	dun he chong	6
炖羊肉	dun yang rou	18
炖莲子	dun lian zi	2
炖菜核	dun cai he	7
炖豆腐猪蹄香菇	dun dou fu zhu ti xiang gu	3
炖鸡汁	dun ji zhi	6
炖鸡面	dun ji mian	8
炝冬笋	qiang dong sun	5
炝土豆丝	qiang tu dou si	7
炝炒包菜	qiang chao bao cai	3
炝玉龙片	qiang yu long pian	3
炝竹笋	qiang zhu sun	5
炝糟五花肉	qiang zao wu hua rou	2
炝肉	qiang rou	12
炝茭白	qiang jiao bai	6
炝莲白卷	qiang lian bai juan	2
炝豆腐	qiang dou fu	3
炝青蛤	qiang qing ge	6
炝黄瓜	qiang huang gua	7
炝黄瓜条	qiang huang gua tiao	4
炝黄瓜衣	qiang huang gua yi	2
炭烧咖啡	tan shao ka fei	5
炸两	zha liang	5
炸丸子	zha wan zi	28
炸五香	zha wu xiang	4
炸佛手通脊	zha fo shou tong ji	3
炸元宵	zha yuan xiao	18
炸元葱	zha yuan cong	3
炸八块	zha ba kuai	7
炸冬瓜丸子	zha dong gua wan zi	2
炸南瓜条	zha nan gua tiao	5
炸卷果儿	zha juan guo er	5
炸吉利排骨	zha ji li pai gu	3
炸响铃	zha xiang ling	1
炸土豆片	zha tu dou pian	6
炸大扁	zha da bian	4
炸子蟹	zha zi xie	5
炸子鸡	zha zi ji	13
炸排骨	zha pai gu	28
炸支竹	zha zhi zhu	1
炸春卷	zha chun juan	19
炸晃虾	zha huang xia	4
炸木耳	zha mu er	6
炸烹儿	zha peng er	5
炸熘黄鱼	zha liu huang yu	3
炸牛肉	zha niu rou	2
炸珍珠虾	zha zhen zhu xia	4
炸石鸡	zha shi ji	6
炸糯米鸡	zha nuo mi ji	3
炸素卷圈	zha su juan quan	1
炸紫盖儿	zha zi gai er	5
炸绣球	zha xiu qiu	5
炸肥肠	zha fei chang	6
炸脂盖	zha zhi gai	6
炸花件儿	zha hua jian er	5
炸茄盒	zha qie he	9
炸茄饼	zha qie bing	5
炸蒸肉	zha zheng rou	3
炸藕合	zha ou he	6
炸藕盒	zha ou he	5
炸虾饼	zha xia bing	4
炸蚕蛹鸡	zha can yong ji	3
炸蛋包	zha dan bao	4
炸豆奶	zha dou nai	3
炸豆腐	zha dou fu	47
炸豆腐丸子	zha dou fu wan zi	5
炸软巾	zha ruan jin	5
炸面筋	zha mian jin	3
炸飞禽	zha fei qin	6
炸食	zha shi	2
炸馓子	zha san zi	2
炸鱼丸	zha yu wan	7
炸鱼卷	zha yu juan	4
炸鳝段	zha shan duan	4
炸鸡肉串	zha ji rou chuan	4
炸鸡蛋包	zha ji dan bao	3
炸鸳鸯嘎渣	zha yuan yang ga zha	3
炸鹿尾儿	zha lu wei er	5
烀烂甲鱼	hu lan jia yu	5
烀肉	hu rou	6
烘山芋	hong shan yu	14
烘糕	hong gao	1
烙司松饼	lao si song bing	2
烙糕	lao gao	8
烙糕子	lao gao zi	4
烙韭菜馅饼	lao jiu cai xian bing	2
烙饼拌汤	lao bing ban tang	3
烟三鲜儿	yan san xian er	5
烟刀鱼	yan dao yu	5
烟台焖子	yan tai men zi	2
烟熏三文鱼	yan xun san wen yu	6
烟熏三文鱼沙拉	yan xun san wen yu sha la	3
烟熏排骨	yan xun pai gu	11
烟肉蛋麦满分	yan rou dan mai man fen	4
烟薰鸭子	yan xun ya zi	4
烟酰胺	yan xian an	16
烟鸭掌儿	yan ya zhang er	5
烟鸽子蛋	yan ge zi dan	5
烤乳猪	kao ru zhu	1
烤兔肉	kao tu rou	2
烤包子	kao bao zi	12
烤大虾	kao da xia	12
烤小猪	kao xiao zhu	4
烤小鸡	kao xiao ji	6
烤扁担肉	kao bian dan rou	4
烤牌子	kao pai zi	3
烤牛骨	kao niu gu	3
烤网油签	kao wang you qian	2
烤羊方	kao yang fang	5
烤腹脊牛肉	kao fu ji niu rou	2
烤芒果虾	kao mang guo xia	2
烤花揽桂鱼	kao hua lan gui yu	4
烤花揽鳜鱼	kao hua lan gui yu	2
烤茭白笋	kao jiao bai sun	2
烤茶	kao cha	1
烤薄脆	kao bao cui	2
烤豆腐	kao dou fu	26
烤馕	kao nang	21
烤鱼扇	kao yu shan	3
烤鱼片	kao yu pian	28
烤鳗鱼鸡蛋卷	kao man yu ji dan juan	3
烤鸡皮	kao ji pi	12
烤鸡肉串	kao ji rou chuan	3
烤鸭条	kao ya tiao	5
烤鹿脯	kao lu fu	6
烧三味	shao san wei	3
烧三鲜	shao san xian	6
烧五丝	shao wu si	2
烧卖酥	shao mai su	3
烧填鸭	shao tian ya	4
烧大葱	shao da cong	7
烧子鹅	shao zi e	2
烧宝盖儿	shao bao gai er	5
烧椒拌皮蛋	shao jiao ban pi dan	3
烧槟子	shao bin zi	5
烧汁	shao zhi	6
烧烤二品	shao kao er pin	4
烧猪肝	shao zhu gan	7
烧百合	shao bai he	6
烧紫盖儿	shao zi gai er	5
烧罗汉面筋	shao luo han mian jin	3
烧羊肉	shao yang rou	5
烧肉粽	shao rou zong	21
烧肘子	shao zhou zi	1
烧肝尖儿	shao gan jian er	5
烧肥肠儿	shao fei chang er	5
烧肺	shao fei	8
烧臆子	shao yi zi	6
烧花鸭	shao hua ya	6
烧萝卜	shao luo bo	1
烧豆腐	shao dou fu	23
烧连帖	shao lian tie	5
烧雏鸡	shao chu ji	7
烧饵块	shao er kuai	27
烧鱼头	shao yu tou	1
烧鱿鱼	shao you yu	2
烧鸡丁辣子	shao ji ding la zi	3
烧鸡酥	shao ji su	3
烧鸳鸯	shao yuan yang	6
烧鹅仔	shao e zai	3
烩三丝鱼翅	hui san si yu chi	5
烩乌龟蛋	hui wu gui dan	3
烩南荠	hui nan qi	6
烩小吃	hui xiao chi	6
烩散丹	hui san dan	6
烩水果	hui shui guo	6
烩海参	hui hai shen	8
烩番薯	hui fan shu	1
烩白杂碎	hui bai za sui	5
烩白菜	hui bai cai	7
烩羊杂碎	hui yang za sui	7
烩肥肠	hui fei chang	5
烩脐肚	hui qi du	5
烩腰丁儿	hui yao ding er	5
烩节子	hui jie zi	5
烩菜	hui cai	43
烩蟹肉	hui xie rou	5
烩豌豆	hui wan dou	6
烩酸燕儿	hui suan yan er	5
烩酸菜	hui suan cai	6
烩酸蕾	hui suan lei	5
烩金银丝	hui jin yin si	3
烩银丝	hui yin si	6
烩银丝儿	hui yin si er	5
烩银耳	hui yin er	5
烩鸭四宝	hui ya si bao	6
烩鸭腰儿	hui ya yao er	1
烩麻食	hui ma shi	5
烫干丝	tang gan si	8
烫面油糕	tang mian you gao	6
烫面油饼	tang mian you bing	1
烫面蒸饺	tang mian zheng jiao	6
热冬果	re dong guo	7
热带暴风雨	re dai bao feng yu	6
热带杂果罐头	re dai za guo guan tou	3
热水藕	re shui ou	4
热炒四品	re chao si pin	3
热蔗汁	re zhe zhi	2
热酒	re jiu	9
热面皮	re mian pi	22
烹丁香	peng ding xiang	5
烹大肉	peng da rou	5
烹白肉	peng bai rou	7
烹芽韭	peng ya jiu	5
焖大虾	men da xia	2
焖扁豆	men bian dou	8
焖狗肉	men gou rou	8
焖白鳝	men bai shan	7
焖笋	men sun	20
焖肉面	men rou mian	10
焖饼	men bing	5
焖鱼头	men yu tou	7
焖鸭掌儿	men ya zhang er	5
焖黄鳝	men huang shan	1
焚香入宴	fen xiang ru yan	3
焜锅馍	kun guo mo	7
焜锅馍馍	kun guo mo mo	6
焦亚硫酸钠	jiao ya liu suan na	4
焦亚硫酸钾	jiao ya liu suan jia	14
焦圈	jiao quan	19
焦溜肥肠	jiao liu fei chang	4
焦盖烧饼	jiao gai shao bing	5
焦磷酸二氢二钠	jiao lin suan er qing er na	6
焦磷酸钠	jiao lin suan na	3
焦糖咖啡星冰乐	jiao tang ka fei xing bing le	2
焦糖布丁	jiao tang bu ding	42
焦糖泡芙	jiao tang pao fu	1
煌佳	huang jia	9
煎丸子	jian wan zi	1
煎云吞	jian yun tun	2
煎封鲳鱼	jian feng chang yu	6
煎扒鲭鱼头尾	jian ba qing yu tou wei	4
煎灌肠	jian guan chang	8
煎焖子	jian men zi	4
煎碗坨	jian wan tuo	6
煎紫米藕夹	jian zi mi ou jia	4
煎芋饼	jian yu bing	5
煎茄片	jian qie pian	5
煎蒸黄鱼	jian zheng huang yu	2
煎豆腐鱼烙	jian dou fu yu lao	3
煎转鲫鱼	jian zhuan ji yu	2
煎软鸡	jian ruan ji	6
煎连壳蟹	jian lian ke xie	4
煎酿三宝	jian niang san bao	2
煎酿茄子	jian niang qie zi	5
煎金钱牛柳	jian jin qian niu liu	3
煎鹅肝	jian e gan	10
煨牛肉月饼	wei niu rou yue bing	2
煨番薯	wei fan shu	6
煨豆腐	wei dou fu	6
煨鱿鱼	wei you yu	5
煮凉粉	zhu liang fen	2
煮干丝	zhu gan si	11
煮饼	zhu bing	5
煮饽饽锅子	zhu bo bo guo zi	5
煮鹌鹑蛋	zhu an chun dan	6
煲仔鱼丸	bao zai yu wan	5
煲猪肉汤	bao zhu rou tang	5
煸馅水饺	bian xian shui jiao	3
熊掌豆腐	xiong zhang dou fu	8
熊猫品竹	xiong mao pin zhu	5
熊猫蟹肉	xiong mao xie rou	3
熏斑鸠	xun ban jiu	5
熏肘子	xun zhou zi	7
熏肠	xun chang	33
熏马肠	xun ma chang	1
熏鸡白肚儿	xun ji bai du er	7
熘什件儿	liu shi jian er	5
熘土豆丝	liu tu dou si	8
熘白蘑	liu bai mo	6
熘脊髓	liu ji sui	5
熘腰花儿	liu yao hua er	6
熘蟹肉	liu xie rou	4
熘蟹黄	liu xie huang	5
熘豆芽	liu dou ya	3
熘鱼焙面	liu yu bei mian	5
熘鱼片儿	liu yu pian er	1
熘鱼肚	liu yu du	1
熘鱼脯	liu yu fu	1
熘鲜蘑	liu xian mo	1
熙园	xi yuan	10
熟地山药粥	shu di shan yao zhou	2
熟栗糕	shu li gao	4
熟色拉米肠	shu se la mi chang	2
熟菜油	shu cai you	1
熟鱼面	shu yu mian	3
熬乳茶	ao ru cha	3
熬黄花鱼	ao huang hua yu	3
燎花	liao hua	7
燕云楼	yan yun lou	1
燕喜堂	yan xi tang	10
燕尾桃花	yan wei tao hua	5
燕影金蔬	yan ying jin shu	2
燕皮	yan pi	4
燕皮丝	yan pi si	6
燕禾金	yan he jin	4
燕窝四字	yan wo si zi	6
燕窝炖雪梨	yan wo dun xue li	3
燕窝粥	yan wo zhou	1
燕窝酥	yan wo su	8
燕面揉揉	yan mian rou rou	6
燕麦饭	yan mai fan	3
爆三样	bao san yang	1
爆三样儿	bao san yang er	6
爆三脆	bao san cui	5
爆两样	bao liang yang	5
爆乌花	bao wu hua	4
爆墨鱼卷	bao mo yu juan	5
爆墨鱼花	bao mo yu hua	6
爆炒乌鸡	bao chao wu ji	3
爆炒猪血丸子	bao chao zhu xue wan zi	3
爆炒田鸡	bao chao tian ji	1
爆炒羊羔肉	bao chao yang gao rou	2
爆炒羊肚	bao chao yang du	5
爆炒肉片	bao chao rou pian	5
爆炒腰花	bao chao yao hua	10
爆炒鱿鱼	bao chao you yu	4
爆炒鳝片	bao chao shan pian	4
爆焖羊羔肉	bao men yang gao rou	5
爆竹鸡	bao zhu ji	5
爆肚仁儿	bao du ren er	6
爆腰花	bao yao hua	1
爆螺片	bao luo pian	6
爆鱼丁	bao yu ding	4
爆鱼面	bao yu mian	5
爪哇咖啡	zhua wa ka fei	8
爱尔兰咖啡	ai er lan ka fei	10
爱尔香	ai er xiang	2
父子同欢	fu zi tong huan	4
片儿川	pian er chuan	24
片儿川面	pian er chuan mian	7
片烤方肉	pian kao fang rou	4
片皮乳猪	pian pi ru zhu	1
片鸡粉	pian ji fen	5
牌坊面	pai fang mian	1
牙牙饭	ya ya fan	4
牙签肉	ya qian rou	19
牛丸粉	niu wan fen	7
牛佛烘肘	niu fo hong zhou	6
牛外脊	niu wai ji	8
牛头糕	niu tou gao	7
牛奶千层蛋糕	niu nai qian ceng dan gao	3
牛奶咖啡	niu nai ka fei	33
牛奶土司	niu nai tu si	1
牛奶太妃	niu nai tai fei	5
牛奶太妃冰淇淋	niu nai tai fei bing qi lin	5
牛奶朱古力	niu nai zhu gu li	3
牛奶煮平菇	niu nai zhu ping gu	3
牛宝	niu bao	6
牛尾汤罐头	niu wei tang guan tou	4
牛展汤	niu zhan tang	4
牛抵茶	niu di cha	7
牛排罐头	niu pai guan tou	5
牛杂萝卜汤	niu za luo bo tang	6
牛柳	niu liu	48
牛柳炒白蘑	niu liu chao bai mo	3
牛水	niu shui	6
牛油蜜糖玉米	niu you mi tang yu mi	2
牛油面	niu you mian	9
牛清汤	niu qing tang	3
牛王庙怪味面	niu wang miao guai wei mian	5
牛百叶	niu bai ye	37
牛百叶汤	niu bai ye tang	5
牛皮糖	niu pi tang	23
牛磺酸	niu huang suan	12
牛筋煲	niu jin bao	6
牛羊肉泡馍	niu yang rou pao mo	8
牛羊肉煮馍	niu yang rou zhu mo	6
牛肉丝炒芹菜	niu rou si chao qin cai	3
牛肉夹馍	niu rou jia mo	19
牛肉小包	niu rou xiao bao	4
牛肉末炒芹菜	niu rou mo chao qin cai	4
牛肉泡馍	niu rou pao mo	16
牛肉炒粉	niu rou chao fen	1
牛肉烧卖	niu rou shao mai	8
牛肉烧麦	niu rou shao mai	4
牛肉焦饼	niu rou jiao bing	8
牛肉片	niu rou pian	8
牛肉羹	niu rou geng	31
牛肉荞面	niu rou qiao mian	5
牛肉蔬菜浓汤	niu rou shu cai nong tang	2
牛肉蛋花粥	niu rou dan hua zhou	4
牛肉馅饼	niu rou xian bing	11
牛肚火锅	niu du huo guo	6
牛腩莲藕煲	niu nan lian ou bao	5
牛腰子	niu yao zi	3
牛膝炖猪蹄	niu xi dun zhu ti	3
牛膝蹄筋	niu xi ti jin	3
牛舌头饼	niu she tou bing	4
牛蒡排骨汤	niu bang pai gu tang	2
牛蒡沙拉	niu bang sha la	2
牛蒡糕	niu bang gao	4
牛里脊	niu li ji	3
牛骨	niu gu	41
牡丹虾仁	mu dan xia ren	4
牡丹蝎托	mu dan xie tuo	3
牡蛎蒸米饭	mu li zheng mi fan	3
牦牛火锅	mao niu huo guo	3
特丁基对苯二酚	te ding ji dui ben er fen	1
特级板烧鸡腿堡	te ji ban shao ji tui bao	7
特级橄榄油	te ji gan lan you	9
特级红辣椒	te ji hong la jiao	6
特级金标生抽	te ji jin biao sheng chou	1
特级金标生抽王	te ji jin biao sheng chou wang	7
特色炒饭	te se chao fan	8
犀浦酱油	xi pu jiang you	4
状元卤味	zhuang yuan lu wei	2
状元及第粥	zhuang yuan ji di zhou	9
狍子脊	pao zi ji	3
狗不理饭庄	gou bu li fan zhuang	4
狗仔粉	gou zai fen	3
狗浇尿	gou jiao niao	7
狗肉汤	gou rou tang	20
独品	du pin	8
独山盐酸菜	du shan yan suan cai	8
独蒜烧虾	du suan shao xia	2
独蒜烧虾仁	du suan shao xia ren	2
狮子糕	shi zi gao	1
狮峰龙井	shi feng long jing	1
狼牙生菜	lang ya sheng cai	2
狼牙蜜	lang ya mi	6
猪大肠	zhu da chang	1
猪头方肉	zhu tou fang rou	3
猪杂粥	zhu za zhou	9
猪柳蛋汉堡	zhu liu dan han bao	2
猪柳麦满分	zhu liu mai man fen	5
猪油发糕	zhu you fa gao	3
猪油夹沙球	zhu you jia sha qiu	3
猪油夹沙粽子	zhu you jia sha zong zi	6
猪油年糕	zhu you nian gao	2
猪油松子酥	zhu you song zi su	4
猪油松糕	zhu you song gao	4
猪油汤团	zhu you tang tuan	8
猪油汤圆	zhu you tang yuan	7
猪油渣面	zhu you zha mian	5
猪油百果松糕	zhu you bai guo song gao	4
猪油盒	zhu you he	1
猪油米花糖	zhu you mi hua tang	5
猪油饽饽	zhu you bo bo	6
猪灌肠	zhu guan chang	6
猪皮萝卜	zhu pi luo bo	3
猪耳朵面	zhu er duo mian	3
猪肉烧卖	zhu rou shao mai	1
猪肉韭菜馅水饺	zhu rou jiu cai xian shui jiao	3
猪肚包鸡	zhu du bao ji	9
猪肚煲咸菜	zhu du bao xian cai	2
猪肚黄芪汤	zhu du huang qi tang	4
猪肝枸杞子汤	zhu gan gou qi zi tang	2
猪肝水	zhu gan shui	6
猪肝绿豆粥	zhu gan lv dou zhou	7
猪肝菠菜汤	zhu gan bo cai tang	1
猪肠粉	zhu chang fen	2
猪脊鸡肫粥	zhu ji ji zhun zhou	3
猪脏面	zhu zang mian	6
猪脾枣米粥	zhu pi zao mi zhou	3
猪膘肉	zhu biao rou	2
猪血丸子	zhu xue wan zi	6
猪血灌肠	zhu xue guan chang	8
猪蹄粥	zhu ti zhou	5
猪骨煲	zhu gu bao	3
猫儿面	mao er mian	4
猴头四宝	hou tou si bao	2
猴头菇	hou tou gu	1
猴头菇炖竹丝鸡	hou tou gu dun zhu si ji	4
猴头蘑	hou tou mo	11
猴头蘑烩凤片	hou tou mo hui feng pian	3
猴脑汤	hou nao tang	1
猴银鱼	hou yin yu	4
玄明粉	xuan ming fen	10
玄酒一杯	xuan jiu yi bei	2
玉兔海参	yu tu hai shen	5
玉兔白菜	yu tu bai cai	4
玉兰明虾	yu lan ming xia	3
玉兰花糕	yu lan hua gao	3
玉兰饼	yu lan bing	7
玉堂酱菜	yu tang jiang cai	6
玉带糕	yu dai gao	8
玉带酥	yu dai su	4
玉掌献寿	yu zhang xian shou	5
玉板蟹	yu ban xie	4
玉林牛巴	yu lin niu ba	1
玉林牛腩米粉	yu lin niu nan mi fen	3
玉林肉蛋	yu lin rou dan	3
玉林茶泡	yu lin cha pao	7
玉桂叶	yu gui ye	5
玉楼东	yu lou dong	2
玉楼东酒家	yu lou dong jiu jia	7
玉液泉	yu ye quan	8
玉溪水晶蜜饯	yu xi shui jing mi jian	3
玉盏龙眼	yu zhan long yan	2
玉竹心子	yu zhu xin zi	3
玉竹沙参鹧鸪汤	yu zhu sha shen zhe gu tang	2
玉竹猪心	yu zhu zhu xin	4
玉竹百合猪瘦肉汤	yu zhu bai he zhu shou rou tang	3
玉笋蕨菜	yu sun jue cai	4
玉米发糕	yu mi fa gao	1
玉米排骨汤	yu mi pai gu tang	22
玉米汁饮料	yu mi zhi yin liao	8
玉米汤	yu mi tang	25
玉米热狗	yu mi re gou	8
玉米粒罐头	yu mi li guan tou	1
玉米色拉	yu mi se la	7
玉米饭	yu mi fan	2
玉米馒头	yu mi man tou	9
玉米黄	yu mi huang	10
玉蕊茶	yu rui cha	5
玉面葫芦	yu mian hu lu	3
玉馅酥	yu xian su	2
王兴记馄饨	wang xing ji hun tun	6
王四酒家	wang si jiu jia	2
王婆麻辣鸡	wang po ma la ji	3
王家核桃烧饼	wang jia he tao shao bing	4
王家核桃饼	wang jia he tao bing	5
王家核桃馍	wang jia he tao mo	5
王星记扇子	wang xing ji shan zi	8
王桥豆腐	wang qiao dou fu	5
王老吉凉茶	wang lao ji liang cha	9
王记麻花	wang ji ma hua	2
王鸭子	wang ya zi	8
玛加列	ma jia lie	3
玛琪琳	ma qi lin	8
玛瑙团	ma nao tuan	4
玛瑙银杏	ma nao yin xing	3
玫瑰凉糍粑	mei gui liang ci ba	3
玫瑰大头菜	mei gui da tou cai	8
玫瑰子姜	mei gui zi jiang	2
玫瑰杨梅	mei gui yang mei	4
玫瑰果	mei gui guo	27
玫瑰猪油大方糕	mei gui zhu you da fang gao	4
玫瑰百果蜜糕	mei gui bai guo mi gao	2
玫瑰米凉虾	mei gui mi liang xia	5
玫瑰糖	mei gui tang	14
玫瑰花粥	mei gui hua zhou	8
玫瑰茄红	mei gui qie hong	5
玫瑰薄荷茶	mei gui bo he cha	3
玫瑰蜜饯	mei gui mi jian	6
玫瑰豆沙月饼	mei gui dou sha yue bing	1
玫瑰酥	mei gui su	5
玫瑰酥饼	mei gui su bing	1
玫瑰锅炸	mei gui guo zha	5
玫瑰镜糕	mei gui jing gao	3
玫瑰露酒	mei gui lu jiu	2
玫瑰饼	mei gui bing	36
玫瑰魅力	mei gui mei li	7
环宇牌	huan yu pai	7
环己基丙酸烯丙酯	huan ji ji bing suan xi bing zhi	2
环己基氨基磺酸钠	huan ji ji an ji huang suan na	8
环状糊精	huan zhuang hu jing	8
玻璃烧麦	bo li shao mai	7
玻璃蛋糕	bo li dan gao	1
玻璃酥鸡	bo li su ji	3
玻璃鱿鱼	bo li you yu	6
玻璃鲜墨	bo li xian mo	4
珊瑚桂鱼	shan hu gui yu	5
珊瑚金钩	shan hu jin gou	4
珊瑚雪花鸡	shan hu xue hua ji	5
珊瑚鱼丁	shan hu yu ding	3
珍珠丸子	zhen zhu wan zi	8
珍珠元子	zhen zhu yuan zi	8
珍珠南瓜	zhen zhu nan gua	2
珍珠圆子	zhen zhu yuan zi	2
珍珠汤	zhen zhu tang	1
珍珠海参	zhen zhu hai shen	6
珍珠粉耙	zhen zhu fen pa	4
珍珠粥	zhen zhu zhou	7
珍珠肠粉	zhen zhu chang fen	4
珍珠豆腐	zhen zhu dou fu	6
珍珠豆腐羹	zhen zhu dou fu geng	3
珍珠贝肉	zhen zhu bei rou	5
珍珠雪耳	zhen zhu xue er	5
珍珠鲤鱼	zhen zhu li yu	4
珍露	zhen lu	10
珠兰大方	zhu lan da fang	5
珠兰花茶	zhu lan hua cha	1
珠山茶	zhu shan cha	7
珠江啤酒	zhu jiang pi jiu	1
班他	ban ta	12
琅琊酥糖	lang ya su tang	1
琉璃珠玑	liu li zhu ji	6
琉璃藕	liu li ou	4
琥珀桃仁	hu po tao ren	8
琥珀酸二钠	hu po suan er na	5
琥珀鸽蛋	hu po ge dan	8
琵琶大虾	pi pa da xia	6
琵琶酥	pi pa su	4
琵琶鱼肚	pi pa yu du	5
琼酱	qiong jiang	1
瑞士卷	rui shi juan	21
瑞士咖啡人	rui shi ka fei ren	7
瑶族粑粑	yao zu ba ba	4
瑶柱汤	yao zhu tang	5
瓜尔胶	gua er jiao	2
瓜萎	gua wei	1
瓜酒	gua jiu	11
瓤豆腐	rang dou fu	8
瓯江凤尾鱼	ou jiang feng wei yu	7
瓶装金针菇	ping zhuang jin zhen gu	5
甑子糕	zeng zi gao	5
甑山银毫	zeng shan yin hao	5
甑糕	zeng gao	13
甘柠芝麻虾	gan ning zhi ma xia	2
甘氨酸锌	gan an suan xin	7
甘油脂肪酸酯	gan you zhi fang suan zhi	7
甘甜黑巧克力	gan tian hei qiao ke li	3
甘笋蒸饼	gan sun zheng bing	3
甘草抗氧化物	gan cao kang yang hua wu	3
甘草酸三钾	gan cao suan san jia	5
甘草酸铵	gan cao suan an	7
甘菊猪肚	gan ju zhu du	3
甘露糖醇	gan lu tang chun	8
甘露酥	gan lu su	7
甘露饼	gan lu bing	5
甘麦红枣汤	gan mai hong zao tang	4
甜丸卵	tian wan luan	4
甜叶菊	tian ye ju	1
甜合锦	tian he jin	4
甜奶油	tian nai you	1
甜果	tian guo	9
甜椒肉丝	tian jiao rou si	2
甜橙油	tian cheng you	7
甜烧白	tian shao bai	8
甜玉米罐头	tian yu mi guan tou	8
甜玉米饮料	tian yu mi yin liao	3
甜盘子	tian pan zi	5
甜艾团	tian ai tuan	3
甜茶	tian cha	5
甜菊糖	tian ju tang	1
甜菊糖苷	tian ju tang gan	6
甜菊绿茶	tian ju lv cha	2
甜菜红	tian cai hong	5
甜蒜	tian suan	2
甜蒲桃	tian pu tao	3
甜薯片	tian shu pian	5
甜薯羹	tian shu geng	3
甜藕粥	tian ou zhou	6
甜蜜素	tian mi su	11
甜辣乾	tian la gan	3
甜酒汤圆	tian jiu tang yuan	9
甜酒酿	tian jiu niang	13
甜酱	tian jiang	24
甜酱萝葡	tian jiang luo pu	4
甜酸乳瓜	tian suan ru gua	4
甜酸海蜇	tian suan hai zhe	4
甜酸豆腐	tian suan dou fu	3
甜醅	tian pei	13
甜香玉米杯	tian xiang yu mi bei	4
甜麻花	tian ma hua	1
生呛梭子蟹	sheng qiang suo zi xie	3
生嗜鸡块	sheng shi ji kuai	2
生地排骨汤	sheng di pai gu tang	3
生姜粉	sheng jiang fen	9
生姜羊肉汤	sheng jiang yang rou tang	10
生态咖啡调糖	sheng tai ka fei tiao tang	3
生敲膳丝	sheng qiao shan si	2
生榨米粉	sheng zha mi fen	2
生汆丸子	sheng cuan wan zi	5
生炊麒麟鱼	sheng chui qi lin yu	4
生炊龙虾	sheng chui long xia	7
生炒海蚌	sheng chao hai bang	7
生炒菜心	sheng chao cai xin	8
生炒蒜苔肉	sheng chao suan tai rou	3
生炒面	sheng chao mian	3
生烤狍肉	sheng kao pao rou	4
生烧筋尾舌	sheng shao jin wei she	3
生煎肉包	sheng jian rou bao	2
生煎馒头	sheng jian man tou	7
生熏大黄鱼	sheng xun da huang yu	4
生爆盐煎肉	sheng bao yan jian rou	7
生牛肉河粉	sheng niu rou he fen	4
生牛肉酱	sheng niu rou jiang	8
生物碳酸钙	sheng wu tan suan gai	10
生肖蛋糕	sheng xiao dan gao	7
生菜包	sheng cai bao	20
生鱼葛菜汤	sheng yu ge cai tang	6
生鱼面	sheng yu mian	4
甩饼	shuai bing	35
田园汤	tian yuan tang	4
田园脆鸡堡	tian yuan cui ji bao	7
田纳西黑泥	tian na xi hei ni	3
田艾板	tian ai ban	3
田菁胶	tian jing jiao	6
甲基丁酸	jia ji ding suan	24
甲基丁香酚	jia ji ding xiang fen	1
甲基环戊烯醇酮	jia ji huan wu xi chun tong	1
甲基苯乙酮	jia ji ben yi tong	1
甲基邻氨基苯甲酸甲酯	jia ji lin an ji ben jia suan jia zhi	2
甲基香豆素	jia ji xiang dou su	7
甲壳素	jia qiao su	10
电解质饮料	dian jie zhi yin liao	1
留兰香油	liu lan xiang you	8
番茄奶油土豆团	fan qie nai you tu dou tuan	2
番茄松鼠鱼	fan qie song shu yu	5
番茄泡蛋汤	fan qie pao dan tang	3
番茄海蜇	fan qie hai zhe	3
番茄炒豆腐	fan qie chao dou fu	6
番茄煮红衫鱼	fan qie zhu hong shan yu	2
番茄煮黄豆	fan qie zhu huang dou	3
番茄牛肉羹	fan qie niu rou geng	5
番茄腰柳	fan qie yao liu	4
番茄薯仔牛尾汤	fan qie shu zai niu wei tang	2
番茄蛋汤	fan qie dan tang	24
番茄蛋花汤	fan qie dan hua tang	10
番茄豆腐	fan qie dou fu	3
番茄鱼片	fan qie yu pian	1
番茄黄骨鱼汤	fan qie huang gu yu tang	4
番薯糖水	fan shu tang shui	5
疆字红油百叶	jiang zi hong you bai ye	3
疙瘩油茶	ge da you cha	3
痣胡子龙眼包子	zhi hu zi long yan bao zi	5
癸酸乙酯	gui suan yi zhi	1
登瀛楼	deng ying lou	4
登瀛楼饭庄	deng ying lou fan zhuang	7
白丰糕	bai feng gao	2
白丸子	bai wan zi	1
白云凤爪	bai yun feng zhua	1
白云猪手	bai yun zhu shou	4
白俄罗斯鸡尾酒	bai e luo si ji wei jiu	4
白八粿	bai ba guo	2
白兰地酒	bai lan di jiu	7
白刀子	bai dao zi	9
白切	bai qie	41
白切狗	bai qie gou	3
白切虾	bai qie xia	4
白切鸡	bai qie ji	2
白吉馍	bai ji mo	37
白啤酒	bai pi jiu	19
白圆蛋糕	bai yuan dan gao	2
白宫城	bai gong cheng	4
白家肥肠粉	bai jia fei chang fen	8
白封肉	bai feng rou	4
白岘吊瓜子	bai xian diao gua zi	3
白巧克力冰淇淋	bai qiao ke li bing qi lin	4
白巧克力蛋糕	bai qiao ke li dan gao	7
白市驿板鸭	bai shi yi ban ya	8
白干煮三丝	bai gan zhu san si	2
白扒广肚	bai pa guang du	4
白扒鱼唇	bai pa yu chun	4
白扒鱼翅	bai pa yu chi	6
白扒鲍鱼	bai pa bao yu	5
白斩河田鸡	bai zhan he tian ji	7
白月饼	bai yue bing	1
白术猪肚汤	bai zhu zhu du tang	2
白果南杏生鱼汤	bai guo nan xing sheng yu tang	3
白果桂花羹	bai guo gui hua geng	3
白果海鲜羹	bai guo hai xian geng	2
白果烧鸡	bai guo shao ji	8
白梨凤脯	bai li feng fu	3
白橙糖	bai cheng tang	7
白水羊头	bai shui yang tou	1
白水羊肉	bai shui yang rou	6
白汁五柳鱼	bai zhi wu liu yu	2
白汁全鱼	bai zhi quan yu	4
白汁牛肉	bai zhi niu rou	4
白汁甘笋	bai zhi gan sun	3
白汁菜心	bai zhi cai xin	3
白汁鱼肚	bai zhi yu du	5
白汁鲳鱼	bai zhi chang yu	4
白汁鳜鱼	bai zhi gui yu	4
白沙井水煮白扎肉	bai sha jing shui zhu bai za rou	3
白沙液酒	bai sha ye jiu	1
白油	bai you	16
白油肉片	bai you rou pian	2
白油肝片	bai you gan pian	4
白油豆腐	bai you dou fu	6
白浇鳙鱼头	bai jiao yong yu tou	3
白灵菇	bai ling gu	12
白灵菇罐头	bai ling gu guan tou	6
白灼	bai zhuo	28
白灼响螺片	bai zhuo xiang luo pian	1
白灼虾	bai zhuo xia	4
白炒三七花田鸡	bai chao san qi hua tian ji	5
白炒刀鱼丝	bai chao dao yu si	2
白炒墨鱼卷	bai chao mo yu juan	3
白炒虾球	bai chao xia qiu	3
白烧鱼翅	bai shao yu chi	3
白焯响螺	bai chao xiang luo	2
白煮肉	bai zhu rou	1
白猪头肉	bai zhu tou rou	6
白玉翡翠	bai yu fei cui	8
白玉藏珠	bai yu cang zhu	4
白皮儿	bai pi er	2
白皮酥	bai pi su	6
白米酥	bai mi su	4
白糖伦教糕	bai tang lun jiao gao	7
白糖杨梅	bai tang yang mei	6
白糖糕	bai tang gao	12
白糖莲心粥	bai tang lian xin zhou	4
白羊肾羹	bai yang shen geng	4
白肉丝儿	bai rou si er	5
白肉罩火烧	bai rou zhao huo shao	7
白肉血肠	bai rou xue chang	1
白肘子	bai zhou zi	6
白肚	bai du	4
白肠	bai chang	10
白肺汤	bai fei tang	5
白胡椒	bai hu jiao	5
白胡椒粉	bai hu jiao fen	2
白脱核桃	bai tuo he tao	3
白芦笋罐头	bai lu sun guan tou	5
白芨冰糖燕窝	bai ji bing tang yan wo	2
白芷汤	bai zhi tang	4
白菜木须	bai cai mu xu	2
白菜豆腐汤	bai cai dou fu tang	5
白菜锅子	bai cai guo zi	5
白蘑	bai mo	12
白虾干	bai xia gan	5
白蛇烧饼	bai she shao bing	6
白蜂糕	bai feng gao	7
白蜜食	bai mi shi	7
白蜜黄螺	bai mi huang luo	3
白记水饺	bai ji shui jiao	6
白记饺子	bai ji jiao zi	7
白豆	bai dou	5
白豆沙拉	bai dou sha la	4
白象香糕	bai xiang xiang gao	4
白豪银针茶	bai hao yin zhen cha	2
白辣椒	bai la jiao	6
白运章包子	bai yun zhang bao zi	7
白醋鸡蛋	bai cu ji dan	5
白金针	bai jin zhen	8
白银如意	bai yin ru yi	5
白面锅盔	bai mian guo kui	3
白面锅魁	bai mian guo kui	5
白鲞扣鸡	bai xiang kou ji	5
白鹅煨淡菜	bai e wei dan cai	3
百乐熏鸡	bai le xun ji	3
百仁全鸭	bai ren quan ya	3
百侯薄饼	bai hou bao bing	4
百叶酥	bai ye su	3
百合冰咖啡	bai he bing ka fei	3
百合枣仁汤	bai he zao ren tang	2
百合灵芝	bai he ling zhi	3
百合炒西兰花	bai he chao xi lan hua	2
百合熘鸡片	bai he liu ji pian	4
百合牛肉	bai he niu rou	2
百合糕	bai he gao	1
百合糯米粥	bai he nuo mi zhou	4
百合罐头	bai he guan tou	7
百合莲子浆	bai he lian zi jiang	5
百合酥	bai he su	8
百子冬瓜	bai zi dong gua	3
百子寿桃	bai zi shou tao	6
百寿桃	bai shou tao	6
百果佳	bai guo jia	5
百果年糕	bai guo nian gao	1
百果提浆饼	bai guo ti jiang bing	3
百果糕	bai guo gao	7
百果蜜糕	bai guo mi gao	6
百果馅酒酿圆子	bai guo xian jiu niang yuan zi	3
百花串酱菜	bai hua chuan jiang cai	6
百花大虾	bai hua da xia	4
百花糕	bai hua gao	8
百花鸡	bai hua ji	7
百花鸭舌	bai hua ya she	4
百草梨膏糖	bai cao li gao tang	4
百里香叶	bai li xiang ye	7
百里香粉	bai li xiang fen	7
百页	bai ye	31
百鸟还巢	bai niao huan chao	3
皂荚糖胶	zao jia tang jiao	2
皇后双皮奶	huang hou shuang pi nai	5
皇家咖啡	huang jia ka fei	10
皇岭	huang ling	5
皇盾	huang dun	6
皇禽酱鸭	huang qin jiang ya	6
皖古王	wan gu wang	3
皖西黄大茶	wan xi huang da cha	6
皮条鳝鱼	pi tiao shan yu	8
皮片乳猪	pi pian ru zhu	4
皮萨草叶	pi sa cao ye	2
皮蛋糕	pi dan gao	13
皮蛋肠	pi dan chang	1
皮蛋酥	pi dan su	7
益力多	yi li duo	42
益力宝	yi li bao	4
益胃汤	yi wei tang	8
益阳松花皮蛋	yi yang song hua pi dan	5
盐局鸡	yan ju ji	9
盐步秋茄	yan bu qiu qie	7
盐水肘花儿	yan shui zhou hua er	6
盐水肫花	yan shui zhun hua	4
盐水菜心	yan shui cai xin	2
盐水里脊	yan shui li ji	4
盐火局鸡	yan huo ju ji	8
盐焗鹌鹑蛋	yan ju an chun dan	3
盐煎肉	yan jian rou	11
盐菜回锅肉	yan cai hui guo rou	3
盐蛋	yan dan	10
盐酥鸡	yan su ji	3
盐酸硫胺素	yan suan liu an su	7
盐饼	yan bing	1
盐饼子	yan bing zi	6
盒子酥	he zi su	5
盘丝饼	pan si bing	8
盘古神鹿	pan gu shen lu	4
盘飧市	pan sun shi	9
盘餐市	pan can shi	7
盛百威包装	sheng bai wei bao zhuang	5
盛记	sheng ji	4
盱眙小龙虾	xu yi xiao long xia	2
盲公饼	mang gong bing	5
直港大道	zhi gang da dao	6
直腰虾仁	zhi yao xia ren	3
眉毛酥	mei mao su	1
真味珍	zhen wei zhen	5
真如白切羊肉	zhen ru bai qie yang rou	3
真豆咖啡	zhen dou ka fei	3
眼肉	yan rou	7
眼镜面	yan jing mian	9
着色剂	zhuo se ji	5
睁眼辣子	zheng yan la zi	3
知味小笼	zhi wei xiao long	6
知味小笼包	zhi wei xiao long bao	4
知味斋水爆肚	zhi wei zhai shui bao du	3
矮人松糕	ai ren song gao	8
矮子斋	ai zi zhai	3
石亭绿茶	shi ting lv cha	6
石头门坎素包	shi tou men kan su bao	8
石头饼	shi tou bing	15
石子饼	shi zi bing	8
石子馍	shi zi mo	7
石家酱方	shi jia jiang fang	4
石家饭店	shi jia fan dian	3
石家鱼丸	shi jia yu wan	4
石屏烧豆腐	shi ping shao dou fu	6
石屏荔枝酥	shi ping li zhi su	3
石岐乳鸽	shi qi ru ge	8
石板粑粑	shi ban ba ba	8
石榴包	shi liu bao	5
石榴鸡	shi liu ji	6
石狮甜果	shi shi tian guo	5
石磨豆花	shi mo dou hua	1
石竹茶	shi zhu cha	8
石耳炖鸡	shi er dun ji	8
石花菜鲍鱼汤	shi hua cai bao yu tang	2
石蛤蟆	shi ha ma	8
矿泉水冷面	kuang quan shui leng mian	5
砀山梨	dang shan li	8
砂仁糕	sha ren gao	3
砂仁羊肉汤	sha ren yang rou tang	7
砂子饼	sha zi bing	1
砂煲鱼头	sha bao yu tou	3
砂钵狗肉	sha bo gou rou	5
砂钵黄陂三合	sha bo huang pi san he	3
砂锅三味	sha guo san wei	3
砂锅山海	sha guo shan hai	3
砂锅炖驴肉	sha guo dun lv rou	4
砂锅煨鹿筋	sha guo wei lu jin	4
砂锅狗肉	sha guo gou rou	5
砂锅羊肉	sha guo yang rou	6
砂锅肥肠	sha guo fei chang	6
砂锅螃蟹	sha guo pang xie	2
砂锅雅鱼	sha guo ya yu	6
砂锅饭	sha guo fan	14
砂锅鱼	sha guo yu	6
砂锅鱼头	sha guo yu tou	1
砂锅鱿鱼	sha guo you yu	2
砍三刀	kan san dao	11
砍花糖	kan hua tang	2
破酥包	po su bao	1
破酥包子	po su bao zi	8
破酥缸炉	po su gang lu	3
砵仔糕	bo zi gao	8
砸棕	za zong	4
硅酸钙	gui suan gai	2
硅酸铝	gui suan lv	17
硅铝酸钙	gui lv suan gai	4
硅铝酸钠	gui lv suan na	5
硒化卡拉胶	xi hua ka la jiao	8
硝酸硫胺素	xiao suan liu an su	5
硝酸钠	xiao suan na	12
硫代二丙酸二月桂	liu dai er bing suan er yue gui	4
硫代二丙酸二月桂酯	liu dai er bing suan er yue gui zhi	4
硫酸亚铁	liu suan ya tie	19
硫酸钙	liu suan gai	26
硫酸铝钾	liu suan lv jia	1
硫酸铝铵	liu suan lv an	7
硫酸锌	liu suan xin	7
硫酸锰	liu suan meng	5
硬壳火腿饼	ying ke huo tui bing	6
硬脂酰乳酸钙	ying zhi xian ru suan gai	5
硬脂酰乳酸钠	ying zhi xian ru suan na	7
硬脂酸	ying zhi suan	21
硬脂酸钙	ying zhi suan gai	1
硬脂酸钾	ying zhi suan jia	6
硬脂酸镁	ying zhi suan mei	1
硬蛋糕	ying dan gao	6
碎米鸡丁	sui mi ji ding	2
碗仔翅	wan zai chi	15
碗耳糕	wan er gao	7
碣滩茶	jie tan cha	9
碧波田鸡	bi bo tian ji	3
碧海银沙	bi hai yin sha	2
碧玉豌豆仁	bi yu wan dou ren	3
碧绿虾仁	bi lv xia ren	7
碱水粑	jian shui ba	4
碱酥饼	jian su bing	4
碳烧啤酒	tan shao pi jiu	4
碳酸氢三钠	tan suan qing san na	2
碳酸氢钠	tan suan qing na	41
碳酸氢钾	tan suan qing jia	5
碳酸氢铵	tan suan qing an	3
碳酸钙	tan suan gai	40
碳酸钠	tan suan na	46
碳酸钾	tan suan jia	24
碳酸镁	tan suan mei	5
磨浆果	mo jiang guo	4
磷脂酰乙醇胺	lin zhi xian yi chun an	4
磷脂酶	lin zhi mei	17
磷酸三钙	lin suan san gai	10
磷酸三钠	lin suan san na	11
磷酸三钾	lin suan san jia	6
磷酸二氢钙	lin suan er qing gai	2
磷酸二氢钠	lin suan er qing na	3
磷酸二氢钾	lin suan er qing jia	3
磷酸氢二钠	lin suan qing er na	2
磷酸氢二钾	lin suan qing er jia	1
磷酸氢钙	lin suan qing gai	12
磷酸镁	lin suan mei	7
礼品蛋糕	li pin dan gao	9
礼饼	li bing	13
社饭	she fan	11
祁红茶	qi hong cha	7
祖庵鱼翅	zu an yu chi	4
神仙钵	shen xian bo	7
神仙鸭子	shen xian ya zi	8
神农牌	shen nong pai	6
神池麻花	shen chi ma hua	7
神秘果	shen mi guo	12
祥龙双飞	xiang long shuang fei	6
祭灶果	ji zao guo	6
福字瓜烧里脊	fu zi gua shao li ji	5
福寿临门	fu shou lin men	4
福寿糕	fu shou gao	5
福山拉面	fu shan la mian	8
福山烧小鸡	fu shan shao xiao ji	3
福州茉莉花茶	fu zhou mo li hua cha	7
福建乌龙	fu jian wu long	10
福建年糕	fu jian nian gao	4
福建炒饭	fu jian chao fan	2
福建菜	fu jian cai	11
福鼎芋	fu ding yu	7
禹城扒鸡	yu cheng pa ji	6
秀兰邓波尔	xiu lan deng bo er	6
秀山雪枣	xiu shan xue zao	3
秀珍菇	xiu zhen gu	15
秋梨膏的做法	qiu li gao de zuo fa	3
秋禾	qiu he	1
秋菊傲霜	qiu ju ao shuang	7
科劳	ke lao	5
科飞	ke fei	12
秘制口味蛇	mi zhi kou wei she	2
秘制国药中华鳖	mi zhi guo yao zhong hua bie	3
秘制肘子	mi zhi zhou zi	2
秤管糖	cheng guan tang	6
秦妈	qin ma	13
秦安米黄	qin an mi huang	3
秦安肚丝汤	qin an du si tang	7
秦安麻腐馍	qin an ma fu mo	7
秦川牌	qin chuan pai	5
秦椒	qin jiao	2
秦邮全鸭宴	qin you quan ya yan	3
秦镇凉皮	qin zhen liang pi	4
秦镇皮子	qin zhen pi zi	4
秦镇米皮	qin zhen mi pi	9
稀珍黑米粥	xi zhen hei mi zhou	3
稀豆粉	xi dou fen	8
稀豆粉油条	xi dou fen you tiao	3
稍美	shao mei	9
稳定剂	wen ding ji	47
稳定态二氧化氯	wen ding tai er yang hua lv	6
稻花香	dao hua xiang	33
稻香春	dao xiang chun	1
稻香春南味食品	dao xiang chun nan wei shi pin	3
空心南瓜饼	kong xin nan gua bing	2
空心拉面	kong xin la mian	6
空心果	kong xin guo	8
空心琉璃丸子	kong xin liu li wan zi	2
空心酥饼	kong xin su bing	2
空心饼	kong xin bing	7
空心鱼丸汤	kong xin yu wan tang	4
窝丝糖	wo si tang	5
窝子油糕	wo zi you gao	6
竟成园	jing cheng yuan	4
章鱼焖花腩	zhang yu men hua nan	3
竹叶抗氧化物	zhu ye kang yang hua wu	5
竹宴天下	zhu yan tian xia	4
竹影海参	zhu ying hai shen	2
竹桶粽子	zhu tong zong zi	3
竹笋西瓜皮鲤鱼汤	zhu sun xi gua pi li yu tang	2
竹笋香菇汤	zhu sun xiang gu tang	4
竹筒煮汤	zhu tong zhu tang	5
竹筒粉蒸肠	zhu tong fen zheng chang	5
竹筒茶	zhu tong cha	1
竹筒鸡	zhu tong ji	8
竹节虾	zhu jie xia	3
竹节鸡盅	zhu jie ji zhong	2
笋丝百叶	sun si bai ye	2
笋烧海参	sun shao hai shen	7
笋鲍鱼汤	sun bao yu tang	3
笨月饼	ben yue bing	3
第一春	di yi chun	10
笼仔饭	long zi fan	8
笼茶	long cha	7
筒子鸡	tong zi ji	7
筱筱火勺	xiao xiao huo shao	6
简易蛋糕	jian yi dan gao	1
简阳羊肉汤	jian yang yang rou tang	6
箩粉鱼头豆腐汤	luo fen yu tou dou fu tang	4
箬叶芝麻糖细卷	ruo ye zhi ma tang xi juan	3
篮球鸽蛋	lan qiu ge dan	4
簸箕炊	bo ji chui	1
米仁	mi ren	13
米冻	mi dong	3
米冻糕	mi dong gao	4
米冻蜂	mi dong feng	4
米凉粉	mi liang fen	6
米凉虾	mi liang xia	8
米果	mi guo	18
米果汁	mi guo zhi	6
米果食	mi guo shi	4
米汤油馓	mi tang you san	5
米灌肠	mi guan chang	9
米粉蒸肉	mi fen zheng rou	8
米糖	mi tang	12
米老鼠蛋糕	mi lao shu dan gao	2
米肠子	mi chang zi	2
米花茶	mi hua cha	6
米茶	mi cha	26
米茸芋丝虾煲	mi rong yu si xia bao	3
米酒茶香鸭	mi jiu cha xiang ya	4
米面皮子	mi mian pi zi	8
籽瓜	zi gua	11
粉丝汤	fen si tang	12
粉丝海米芹菜汤	fen si hai mi qin cai tang	3
粉丝焗膏蟹	fen si ju gao xie	2
粉丝香菇蛋汤	fen si xiang gu dan tang	3
粉利	fen li	11
粉果	fen guo	7
粉汤	fen tang	4
粉汤彩饺	fen tang cai jiao	3
粉汤羊血	fen tang yang xue	7
粉汤饺子	fen tang jiao zi	9
粉白美人茶	fen bai mei ren cha	2
粉皮子	fen pi zi	7
粉皮辣鱼	fen pi la yu	5
粉皮面筋	fen pi mian jin	8
粉蒸排骨	fen zheng pai gu	10
粉蒸牛羊肉	fen zheng niu yang rou	6
粉蒸牛肉	fen zheng niu rou	9
粉蒸羊肉	fen zheng yang rou	7
粉蒸肉	fen zheng rou	13
粉蒸鳜鱼	fen zheng gui yu	4
粉饺	fen jiao	9
粉鱼	fen yu	4
粑粑卷	ba ba juan	4
粒粒脆	li li cui	6
粗花糕	cu hua gao	2
粗黑胡椒粉	cu hei hu jiao fen	5
粘花饼干	zhan hua bing gan	3
粟米粥	su mi zhou	1
粟米菜花汤	su mi cai hua tang	5
粟米香菇排骨汤	su mi xiang gu pai gu tang	4
粢毛团	zi mao tuan	4
粤香村	yue xiang cun	6
粽子糖	zong zi tang	1
精制番薯粥	jing zhi fan shu zhou	2
精莜面	jing you mian	3
粿汁	guo zhi	35
糊塌子	hu ta zi	11
糊涂鸡	hu tu ji	5
糊辣汤	hu la tang	18
糌粑粥	zan ba zhou	2
糕粑	gao ba	3
糕粑藕粉	gao ba ou fen	3
糕耙稀饭	gao pa xi fan	4
糖不甩	tang bu shuai	13
糖佛手	tang fo shou	5
糖化酶制剂	tang hua mei zhi ji	4
糖卷果	tang juan guo	1
糖拌菜心	tang ban cai xin	2
糖柑饼	tang gan bing	2
糖桂花	tang gui hua	18
糖水杏罐头	tang shui xing guan tou	4
糖水洋梨罐头	tang shui yang li guan tou	3
糖水荔枝罐头	tang shui li zhi guan tou	8
糖水葡萄罐头	tang shui pu tao guan tou	5
糖水黄桃罐头	tang shui huang tao guan tou	5
糖江脐	tang jiang qi	2
糖火烧	tang huo shao	14
糖炒大扁	tang chao da bian	4
糖焖莲子	tang men lian zi	5
糖熘饹儿	tang liu le er	5
糖熘鲤鱼	tang liu li yu	3
糖粉	tang fen	13
糖粥藕	tang zhou ou	7
糖精钠	tang jing na	1
糖耳朵	tang er duo	4
糖胶树胶	tang jiao shu jiao	4
糖腿破酥包子	tang tui po su bao zi	6
糖芋头	tang yu tou	5
糖花蛋糕	tang hua dan gao	5
糖荸荠	tang bi qi	6
糖葱饼	tang cong bing	2
糖藕片	tang ou pian	7
糖酥煎饼	tang su jian bing	8
糖酱鱼	tang jiang yu	3
糖醋包菜	tang cu bao cai	3
糖醋咕噜肉	tang cu gu lu rou	7
糖醋嫩藕	tang cu nen ou	3
糖醋小排	tang cu xiao pai	40
糖醋小萝卜	tang cu xiao luo bo	4
糖醋带鱼	tang cu dai yu	3
糖醋猪腰	tang cu zhu yao	3
糖醋瓦块鱼	tang cu wa kuai yu	6
糖醋白菜	tang cu bai cai	2
糖醋素排骨	tang cu su pai gu	4
糖醋红柿椒	tang cu hong shi jiao	2
糖醋脆皮鱼	tang cu cui pi yu	7
糖醋荷藕	tang cu he ou	4
糖醋莴笋	tang cu wo sun	3
糖醋藕块	tang cu ou kuai	2
糖醋蜜肉	tang cu mi rou	3
糖醋软熘鲤鱼焙面	tang cu ruan liu li yu bei mian	5
糖醋软熘黄河鲤鱼	tang cu ruan liu huang he li yu	3
糖醋面筋	tang cu mian jin	1
糖醋鱼卷	tang cu yu juan	6
糖醋鱼条	tang cu yu tiao	4
糖醋鲤鱼	tang cu li yu	8
糖醋鸡圆	tang cu ji yuan	4
糖醋鸡块	tang cu ji kuai	4
糖饼	tang bing	42
糖麻圆	tang ma yuan	5
糜子粉	mei zi fen	4
糟毛豆	zao mao dou	1
糟烩鞭笋	zao hui bian sun	1
糟煨冬笋	zao wei dong sun	3
糟熘鱼片	zao liu yu pian	8
糟田螺	zao tian luo	8
糟辣脆皮鱼	zao la cui pi yu	7
糟鸡糟肉	zao ji zao rou	2
糟鸭	zao ya	1
糯米丸子	nuo mi wan zi	14
糯米八宝饭	nuo mi ba bao fan	5
糯米凉糕	nuo mi liang gao	6
糯米塞藕	nuo mi sai ou	4
糯米大枣粥	nuo mi da zao zhou	5
糯米球	nuo mi qiu	2
糯米甜糟	nuo mi tian zao	4
糯米砣	nuo mi tuo	3
糯米粑粑	nuo mi ba ba	3
糯米粥	nuo mi zhou	8
糯米糖藕	nuo mi tang ou	4
糯米藕片	nuo mi ou pian	5
糯米鸡	nuo mi ji	11
素枣糕	su zao gao	3
素桃酥	su tao su	3
素椒杂酱面	su jiao za jiang mian	2
素火腿	su huo tui	3
素炒腐球	su chao fu qiu	4
素炒豇豆	su chao jiang dou	1
素炒鸡丁	su chao ji ding	2
素炝春不老	su qiang chun bu lao	5
素烧鹅	su shao e	2
素烩	su hui	1
素脆鳝	su cui shan	3
素臊子面	su sao zi mian	3
素菜包	su cai bao	3
素酿南瓜	su niang nan gua	2
素锅烤鸭	su guo kao ya	3
素锅盔	su guo kui	5
紫光液	zi guang ye	9
紫桂焖大排	zi gui men da pai	3
紫盖肉	zi gai rou	3
紫竹林	zi zhu lin	18
紫米八宝饭	zi mi ba bao fan	7
紫米四喜汤圆	zi mi si xi tang yuan	4
紫糯米	zi nuo mi	6
紫罗兰酮	zi luo lan tong	8
紫背天葵	zi bei tian kui	10
紫胶	zi jiao	12
紫胶红	zi jiao hong	7
紫色沙拉	zi se sha la	2
紫苏叶	zi su ye	3
紫苏梅鸡	zi su mei ji	4
紫草红	zi cao hong	7
紫菜蛋皮卷	zi cai dan pi juan	2
紫菜蛋花汤	zi cai dan hua tang	21
紫萝牛肉	zi luo niu rou	3
紫香乾	zi xiang gan	3
繁峙疤饼	fan shi ba bing	5
红万寿	hong wan shou	4
红丝菜	hong si cai	4
红丸子	hong wan zi	8
红咖喱金瓜加积鸭	hong ka li jin gua jia ji ya	3
红喜包	hong xi bao	3
红土地	hong tu di	35
红庙酥饼	hong miao su bing	5
红扒排翅	hong pa pai chi	3
红扒鱼唇	hong pa yu chun	3
红扒鱼翅	hong pa yu chi	6
红扒鱼肚	hong pa yu du	3
红星兔丁	hong xing tu ding	1
红曲米	hong qu mi	6
红曲红	hong qu hong	9
红杞活鱼	hong qi huo yu	3
红杞蒸鸡	hong qi zheng ji	5
红松宝	hong song bao	7
红松鳜鱼	hong song gui yu	4
红果茶	hong guo cha	5
红果酪	hong guo lao	1
红枣年糕	hong zao nian gao	3
红枣枸杞奶	hong zao gou qi nai	1
红枣炖梨	hong zao dun li	3
红枣炖鲫鱼汤	hong zao dun ji yu tang	2
红枣煨肘	hong zao wei zhou	5
红枣红糖煮南瓜	hong zao hong tang zhu nan gua	3
红枣茯苓粥	hong zao fu ling zhou	7
红枣菊花粥	hong zao ju hua zhou	7
红枣薏仁粥	hong zao yi ren zhou	1
红枣酥肉	hong zao su rou	3
红柿	hong shi	17
红梅牌脆松糖	hong mei pai cui song tang	4
红梅珠香	hong mei zhu xiang	6
红椒爆鲜虾	hong jiao bao xian xia	3
红椒酿肉	hong jiao niang rou	7
红楼糕点	hong lou gao dian	2
红橙	hong cheng	18
红油兔丁	hong you tu ding	3
红油抄手	hong you chao shou	42
红油抄手酱	hong you chao shou jiang	3
红油猪耳	hong you zhu er	4
红油耳片	hong you er pian	6
红油肚丝	hong you du si	1
红油鸡块	hong you ji kuai	7
红油鸭子	hong you ya zi	4
红烧下巴	hong shao xia ba	5
红烧五花肉	hong shao wu hua rou	4
红烧兔头	hong shao tu tou	6
红烧全狗	hong shao quan gou	5
红烧冬瓜	hong shao dong gua	6
红烧划水	hong shao hua shui	8
红烧卷鸡	hong shao juan ji	4
红烧咕噜肉	hong shao gu lu rou	5
红烧大虾	hong shao da xia	2
红烧栗子鸡	hong shao li zi ji	5
红烧梭子蟹	hong shao suo zi xie	7
红烧浮皮	hong shao fu pi	3
红烧海参	hong shao hai shen	2
红烧滑水	hong shao hua shui	4
红烧熊掌	hong shao xiong zhang	2
红烧牛肉罐头	hong shao niu rou guan tou	6
红烧牛腩	hong shao niu nan	3
红烧狮子头	hong shao shi zi tou	24
红烧猪手	hong shao zhu shou	2
红烧猪肚	hong shao zhu du	4
红烧猪脑	hong shao zhu nao	3
红烧猪腰	hong shao zhu yao	4
红烧猪蹄	hong shao zhu ti	31
红烧猪蹄子	hong shao zhu ti zi	2
红烧猴头	hong shao hou tou	5
红烧猴头蘑	hong shao hou tou mo	2
红烧腐竹	hong shao fu zhu	4
红烧草鱼	hong shao cao yu	6
红烧赤贝	hong shao chi bei	4
红烧蹄筋	hong shao ti jin	8
红烧野鸭	hong shao ye ya	7
红烧鮰鱼	hong shao hui yu	7
红烧鱼唇	hong shao yu chun	5
红烧鱼块	hong shao yu kuai	5
红烧鱼骨	hong shao yu gu	5
红烧鲍鱼	hong shao bao yu	8
红烧鲤鱼	hong shao li yu	4
红烧鸭翅	hong shao ya chi	3
红烧鹿筋	hong shao lu jin	5
红烧麒麟面	hong shao qi lin mian	3
红焖海参	hong men hai shen	5
红焖羊头	hong men yang tou	4
红焖肉	hong men rou	2
红白果仁汤	hong bai guo ren tang	2
红碎茶	hong sui cha	3
红米红	hong mi hong	7
红糖米花糖	hong tang mi hua tang	2
红糖锅盔	hong tang guo kui	12
红糟鱼丝	hong zao yu si	3
红肉煮馍	hong rou zhu mo	4
红肘子	hong zhou zi	6
红脸烧饼	hong lian shao bing	2
红花檀香茶	hong hua tan xiang cha	2
红花黄	hong hua huang	3
红芽歪尾桃	hong ya wai wei tao	8
红苕泥	hong shao ni	5
红苕饼	hong shao bing	4
红茶法式薄饼	hong cha fa shi bao bing	3
红茶海绵蛋糕	hong cha hai mian dan gao	3
红茶饼干	hong cha bing gan	3
红菇	hong gu	42
红萝卜排骨汤	hong luo bo pai gu tang	5
红葡萄酒	hong pu tao jiu	48
红葱烧腊肉	hong cong shao la rou	2
红薯宽粉	hong shu kuan fen	4
红薯干	hong shu gan	43
红薯粉丝	hong shu fen si	10
红薯粉条	hong shu fen tiao	10
红薯粥	hong shu zhou	28
红薯酸奶	hong shu suan nai	3
红薯饭	hong shu fan	5
红虾酥心糖	hong xia su xin tang	7
红蜻蜓鱼头火锅	hong qing ting yu tou huo guo	3
红螺食品	hong luo shi pin	7
红袍莲子	hong pao lian zi	4
红豆圆仔汤	hong dou yuan zi tang	2
红豆土司	hong dou tu si	2
红豆百合糖水	hong dou bai he tang shui	3
红豆膳粥	hong dou shan zhou	4
红豆芝士	hong dou zhi shi	1
红豆莲枣粽	hong dou lian zao zong	2
红豆蛋挞	hong dou dan ta	5
红豆酱	hong dou jiang	5
红豆鲤鱼汤	hong dou li yu tang	5
红辣椒爆炒鳝片	hong la jiao bao chao shan pian	4
红酒沙司	hong jiu sha si	3
红酒牛腩	hong jiu niu nan	1
红酒猪排	hong jiu zhu pai	5
红酒醋	hong jiu cu	2
红醋栗	hong cu li	3
红颜汤	hong yan tang	4
红魔鬼	hong mo gui	27
红鱼拜年	hong yu bai nian	2
红龟	hong gui	19
纤扬茶	xian yang cha	7
纳仁	na ren	4
纳溪泡糖	na xi pao tang	3
纸包三鲜	zhi bao san xian	3
纸包鸡	zhi bao ji	3
纸杯蛋糕	zhi bei dan gao	44
纽约芝士蛋糕	niu yue zhi shi dan gao	1
组庵鱼翅	zu an yu chi	8
细花糕	xi hua gao	7
细馓子	xi san zi	4
绍兴腐乳	shao xing fu ru	9
绍兴香糕	shao xing xiang gao	8
绍兴麻鸭	shao xing ma ya	8
绍子烘蛋	shao zi hong dan	5
绒鸡待哺	rong ji dai bu	4
统管糖	tong guan tang	2
绣球乾贝	xiu qiu qian bei	5
绣球全鱼	xiu qiu quan yu	3
绣球干贝	xiu qiu gan bei	7
绣球鱼翅	xiu qiu yu chi	6
绥阳空心面	sui yang kong xin mian	7
继光饼	ji guang bing	1
绩溪一品锅	ji xi yi pin guo	4
绩溪菜糕	ji xi cai gao	3
维也纳冰咖啡	wei ye na bing ka fei	6
维也纳咖啡	wei ye na ka fei	6
维也纳巧克力杏仁蛋糕	wei ye na qiao ke li xing ren dan gao	3
维族烤羊肉	wei zu kao yang rou	4
维西豆腐	wei xi dou fu	4
绿兰莎	lv lan sha	7
绿园居	lv yuan ju	5
绿杨村	lv yang cun	11
绿柳居	lv liu ju	10
绿柳居菜馆	lv liu ju cai guan	6
绿橙	lv cheng	10
绿沁园	lv qin yuan	5
绿波廊	lv bo lang	9
绿波廊船点	lv bo lang chuan dian	2
绿盛源	lv sheng yuan	2
绿芦笋罐头	lv lu sun guan tou	3
绿苹果	lv ping guo	13
绿茵白兔饺	lv yin bai tu jiao	6
绿茶慕斯	lv cha mu si	4
绿茶糕点	lv cha gao dian	2
绿茶糯米卷	lv cha nuo mi juan	3
绿茶蛋糕	lv cha dan gao	1
绿茶软糖	lv cha ruan tang	3
绿茶酥	lv cha su	7
绿草牛	lv cao niu	6
绿豆丸子	lv dou wan zi	6
绿豆乳饮料	lv dou ru yin liao	3
绿豆兜	lv dou dou	5
绿豆冬瓜汤	lv dou dong gua tang	3
绿豆凉粉	lv dou liang fen	2
绿豆凸	lv dou tu	3
绿豆团	lv dou tuan	3
绿豆小煎饼	lv dou xiao jian bing	3
绿豆小米稀饭	lv dou xiao mi xi fan	3
绿豆粉皮	lv dou fen pi	8
绿豆豆沙包	lv dou dou sha bao	2
罐儿肉	guan er rou	1
罐儿蹄	guan er ti	3
罐儿野鸡	guan er ye ji	7
罐儿鹌鹑	guan er an chun	7
罐头梨	guan tou li	1
罐焖鱼唇	guan men yu chun	6
罐罐蒸馍	guan guan zheng mo	6
罐罐豆花	guan guan dou hua	3
罐茶	guan cha	18
网包鳜鱼	wang bao gui yu	3
网油凤肝卷	wang you feng gan juan	3
网油腰卷	wang you yao juan	3
网油鱼卷	wang you yu juan	3
网清茶	wang qing cha	12
罗勒叶	luo le ye	4
罗卜红	luo bo hong	3
罗望子多糖胶	luo wang zi duo tang jiao	3
罗村竹笋	luo cun zhu sun	5
罗汉大虾	luo han da xia	7
罗汉果冲剂	luo han guo chong ji	6
罗汉果焖瓜子鸡	luo han guo men gua zi ji	2
罗汉果爽喉茶	luo han guo shuang hou cha	2
罗汉肚	luo han du	9
罗汉饼	luo han bing	5
罗汉鱼首	luo han yu shou	1
罗汉鸭	luo han ya	4
罗锅肉	luo guo rou	5
罗马风味起士蛋花汤	luo ma feng wei qi shi dan hua tang	2
羊尾桃	yang wei tao	3
羊杂割	yang za ge	4
羊杂汤	yang za tang	45
羊杂汤锅	yang za tang guo	1
羊杂碎	yang za sui	36
羊柳	yang liu	4
羊眼包子	yang yan bao zi	6
羊筋菜	yang jin cai	6
羊羔肉	yang gao rou	18
羊耳鸡塔	yang er ji ta	3
羊肉合面	yang rou he mian	3
羊肉扁食	yang rou bian shi	3
羊肉松	yang rou song	1
羊肉汤锅	yang rou tang guo	17
羊肉火烧	yang rou huo shao	1
羊肉炒面片	yang rou chao mian pian	5
羊肉烩面	yang rou hui mian	9
羊肉焖饼	yang rou men bing	1
羊肉笼笼	yang rou long long	1
羊肉粉	yang rou fen	3
羊肉粥	yang rou zhou	10
羊肉蒸饺	yang rou zheng jiao	6
羊腥汤	yang xing tang	9
羊血米线	yang xue mi xian	5
羊角面包	yang jiao mian bao	10
美乐多	mei le duo	6
美人肝	mei ren gan	8
美味牛肉	mei wei niu rou	9
美味葱油饼	mei wei cong you bing	3
美味蛋包饭	mei wei dan bao fan	3
美国菜	mei guo cai	11
美国蛇果	mei guo she guo	8
美国香瓜	mei guo xiang gua	3
美式洋葱圈	mei shi yang cong quan	3
美式炭烤排骨	mei shi tan kao pai gu	3
美式煮鱼	mei shi zhu yu	3
美式菜肴	mei shi cai yao	7
美极基围虾	mei ji ji wei xia	2
美极虾	mei ji xia	1
美的青春茶	mei di qing chun cha	2
美食之旅	mei shi zhi lv	40
羟丙基淀粉	qiang bing ji dian fen	1
羟丙基淀粉醚	qiang bing ji dian fen mi	5
羟基硬脂精	qiang ji ying zhi jing	5
羟基香茅醛	qiang ji xiang mao quan	1
羟甲基淀粉钠	qiang jia ji dian fen na	4
群虾戏荷	qun xia xi he	2
羧甲基淀粉钠	suo jia ji dian fen na	10
羧甲基纤维素钠	suo jia ji xian wei su na	11
翅子汤	chi zi tang	5
翠云水煮鱼	cui yun shui zhu yu	1
翠亨邨	cui heng cun	5
翠坪银针茶	cui ping yin zhen cha	7
翠柳凤丝	cui liu feng si	2
翠梅酸辣鱼	cui mei suan la yu	8
翠玉豆糕	cui yu dou gao	7
翠竹粉蒸鮰鱼	cui zhu fen zheng hui yu	3
翠竹粉蒸鱼	cui zhu fen zheng yu	3
翠绿玉米	cui lv yu mi	2
翡冷翠提拉米苏	fei leng cui ti la mi su	4
翡翠剔尖	fei cui ti jian	2
翡翠水晶龙珠饺	fei cui shui jing long zhu jiao	5
翡翠烧买	fei cui shao mai	3
翡翠烧麦	fei cui shao mai	6
翡翠玉扇	fei cui yu shan	3
翡翠瑶柱羹	fei cui yao zhu geng	3
翡翠豆腐	fei cui dou fu	9
翡翠银耳	fei cui yin er	4
翡翠鱼丁	fei cui yu ding	2
翡翠鱼珠	fei cui yu zhu	5
翡翠鸡翅	fei cui ji chi	4
翡翠鸳鸯带	fei cui yuan yang dai	4
耀华西餐厅	yao hua xi can ting	3
老世泰糕点	lao shi tai gao dian	5
老二位麻酱烧饼	lao er wei ma jiang shao bing	4
老八大	lao ba da	3
老冬瓜荷叶汤	lao dong gua he ye tang	4
老北京鸡肉卷	lao bei jing ji rou juan	32
老半斋	lao ban zhai	2
老卤	lao lu	5
老友粉	lao you fen	7
老友面	lao you mian	1
老四川	lao si chuan	13
老大房月饼	lao da fang yue bing	3
老妈子带鱼	lao ma zi dai yu	3
老妈宫粽球	lao ma gong zong qiu	3
老妈蹄花	lao ma ti hua	12
老姜枸杞羊肉汤	lao jiang gou qi yang rou tang	2
老姜汤	lao jiang tang	1
老孙家羊肉泡	lao sun jia yang rou pao	4
老山记海城馅饼	lao shan ji hai cheng xian bing	7
老巴布	lao ba bu	8
老徐炒糕粿	lao xu chao gao guo	5
老椰	lao ye	1
老槐树烧饼	lao huai shu shao bing	5
老正兴	lao zheng xing	2
老正兴菜馆	lao zheng xing cai guan	7
老毛手抓	lao mao shou zhua	8
老汤姆金酒	lao tang mu jin jiu	2
老汤黄狗猪头肉	lao tang huang gou zhu tou rou	3
老火汤	lao huo tang	16
老火靓汤	lao huo liang tang	9
老科曼	lao ke man	5
老童家腊羊肉	lao tong jia la yang rou	7
老竹大方茶	lao zhu da fang cha	3
老边	lao bian	31
老边饺子	lao bian jiao zi	5
老都一处	lao du yi chu	8
老面大包	lao mian da bao	2
老鸭炖虫草	lao ya dun chong cao	3
老鸭煲	lao ya bao	7
老麻抄手	lao ma chao shou	37
老鼎丰月饼	lao ding feng yue bing	6
老鼎丰糕点	lao ding feng gao dian	7
考维	kao wei	37
耕之灵	geng zhi ling	6
耗子洞	hao zi dong	4
耗子洞樟茶鸭	hao zi dong zhang cha ya	2
耳朵眼	er duo yan	38
耳朵眼炸糕	er duo yan zha gao	9
耿福兴	geng fu xing	8
聊城铁公鸡	liao cheng tie gong ji	4
联苯醚	lian ben mi	11
聚丁烯	ju ding xi	6
聚三鲜	ju san xian	2
聚丰德	ju feng de	9
聚丰德饭店	ju feng de fan dian	5
聚乙二醇	ju yi er chun	12
聚乙烯醇	ju yi xi chun	25
聚乙酸乙烯酯	ju yi suan yi xi zhi	8
聚二甲基硅氧烷	ju er jia ji gui yang wan	2
聚异丁烯	ju yi ding xi	6
聚春园	ju chun yuan	4
聚甘油单硬脂酸酯	ju gan you dan ying zhi suan zhi	6
聚甘油脂肪酸酯	ju gan you zhi fang suan zhi	6
聚甘油蓖麻醇酯	ju gan you bi ma chun zhi	3
聚福楼	ju fu lou	1
聚葡萄糖	ju pu tao tang	9
聪喝识	cong he shi	2
肇庆裹蒸	zhao qing guo zheng	10
肉丁辣酱	rou ding la jiang	5
肉丁黄瓜酱	rou ding huang gua jiang	2
肉丝两面黄	rou si liang mian huang	4
肉丝春卷	rou si chun juan	7
肉丝汤面	rou si tang mian	1
肉丝炒年糕	rou si chao nian gao	3
肉丝炒饼	rou si chao bing	5
肉丝粉皮	rou si fen pi	4
肉丸胡辣汤	rou wan hu la tang	17
肉丸豆腐	rou wan dou fu	1
肉夹饼	rou jia bing	4
肉干	rou gan	19
肉未烧饼	rou wei shao bing	3
肉末土豆丝	rou mo tu dou si	2
肉末洋葱	rou mo yang cong	3
肉末烧茄	rou mo shao qie	4
肉末烧茄子	rou mo shao qie zi	4
肉末烧饼	rou mo shao bing	9
肉末白菜	rou mo bai cai	2
肉末胡萝卜	rou mo hu luo bo	4
肉松三文治	rou song san wen zhi	2
肉松卷	rou song juan	34
肉松面包	rou song mian bao	33
肉桂油	rou gui you	9
肉桂醛	rou gui quan	5
肉棕	rou zong	4
肉汤圆	rou tang yuan	28
肉火烧	rou huo shao	45
肉燕	rou yan	27
肉燕皮	rou yan pi	3
肉片汤	rou pian tang	12
肉片炒莴笋	rou pian chao wo sun	4
肉片烧茄子	rou pian shao qie zi	6
肉片焖扁豆	rou pian men bian dou	5
肉碎豉椒炒豇豆	rou sui chi jiao chao jiang dou	2
肉米鱼唇	rou mi yu chun	6
肉类罐头	rou lei guan tou	2
肉粥	rou zhou	40
肉罐头	rou guan tou	13
肉罐肉	rou guan rou	5
肉花卷	rou hua juan	4
肉苁蓉炖羊肉	rou cong rong dun yang rou	3
肉苁蓉炖羊肾	rou cong rong dun yang shen	3
肉茸菠菜	rou rong bo cai	3
肉蓉玉米羹	rou rong yu mi geng	4
肉质果	rou zhi guo	1
肉酱茄子	rou jiang qie zi	4
肉酿生麸圆	rou niang sheng fu yuan	4
肉锅盔	rou guo kui	2
肉馕	rou nang	2
肉骨头	rou gu tou	41
肉骨头粥	rou gu tou zhou	5
肉骨茶煲鸡	rou gu cha bao ji	5
肌苷酸二钠	ji gan suan er na	7
肌醇	ji chun	19
肌醇六磷酸钠	ji chun liu lin suan na	3
肚片	du pian	4
肝糕汤	gan gao tang	3
肠旺面	chang wang mian	22
肥肠米粉	fei chang mi fen	4
肥肠粉	fei chang fen	1
肥肠豆花	fei chang dou hua	4
肥肠面	fei chang mian	34
肴肉	yao rou	6
肴肉面	yao rou mian	1
肴驴肉	yao lv rou	9
胆钙化醇	dan gai hua chun	9
胡桃豆腐羹	hu tao dou fu geng	3
胡椒博士	hu jiao bo shi	4
胡椒海参汤	hu jiao hai shen tang	2
胡椒生姜滚猪瘦肉	hu jiao sheng jiang gun zhu shou rou	2
胡椒西红柿	hu jiao xi hong shi	2
胡椒饼	hu jiao bing	8
胡萝卜排骨汤	hu luo bo pai gu tang	3
胡萝卜粥	hu luo bo zhou	1
胡萝卜蛋糕	hu luo bo dan gao	12
胡萝卜餐包	hu luo bo can bao	2
胡麻饼	hu ma bing	1
胭脂虫红	yan zhi chong hong	1
胶东菜	jiao dong cai	3
胶姆糖基础剂	jiao mu tang ji chu ji	9
脂油年糕	zhi you nian gao	5
脂油雪花儿菜	zhi you xue hua er cai	5
脂肪酸单甘油脂	zhi fang suan dan gan you zhi	2
脂肪酸蔗糖酯	zhi fang suan zhe tang zhi	5
脆嫩味辣炒鱿鱼丝	cui nen wei la chao you yu si	2
脆松糖	cui song tang	7
脆炸火龙果	cui zha huo long guo	2
脆皮乳鸽	cui pi ru ge	9
脆皮卷	cui pi juan	6
脆皮咕噜肉	cui pi gu lu rou	3
脆皮大肠	cui pi da chang	7
脆皮桂鱼	cui pi gui yu	3
脆皮炸鲜奶	cui pi zha xian nai	1
脆皮炸鸡	cui pi zha ji	21
脆皮石鱼卷	cui pi shi yu juan	5
脆皮肠	cui pi chang	21
脆皮锅魁	cui pi guo kui	2
脆皮马蹄糕	cui pi ma ti gao	4
脆皮鱼香牛肉	cui pi yu xiang niu rou	2
脆皮鲜奶	cui pi xian nai	7
脆皮鸡	cui pi ji	11
脆皮鸳鸯糕	cui pi yuan yang gao	2
脆绍面	cui shao mian	6
脆署饼	cui shu bing	3
脆青梅	cui qing mei	3
脑磷脂	nao lin zhi	1
脱乙酰甲壳素	tuo yi xian jia ke su	7
脱氢乙酸	tuo qing yi suan	7
脱氢乙酸钠	tuo qing yi suan na	5
脱脂奶粉	tuo zhi nai fen	15
腊兔肉	la tu rou	6
腊八豆腐	la ba dou fu	1
腊味合蒸	la wei he zheng	10
腊味煲仔饭	la wei bao zai fan	4
腊味芋头糕	la wei yu tou gao	4
腊汁肉	la zhi rou	12
腊猪头	la zhu tou	8
腊羊肉	la yang rou	10
腊肉火锅	la rou huo guo	1
腊肉炒菜苔	la rou chao cai tai	4
腌水芥皮	yan shui jie pi	4
腌牛脚筋	yan niu jiao jin	5
腌腊肉	yan la rou	3
腌苤蓝丝儿	yan pie lan si er	6
腌萝卜干	yan luo bo gan	7
腌酸鱼	yan suan yu	8
腌鲜桂鱼	yan xian gui yu	7
腌鲜鳜鱼	yan xian gui yu	1
腐乳饼	fu ru bing	8
腐皮包黄鱼	fu pi bao huang yu	8
腐皮肉卷	fu pi rou juan	5
腐皮虾包	fu pi xia bao	2
腰果芹心	yao guo qin xin	3
腰果虾球	yao guo xia qiu	4
腰果鸡丁	yao guo ji ding	4
腰片	yao pian	9
腾冲大救驾	teng chong da jiu jia	6
膨松剂	peng song ji	8
膳汤一品	shan tang yi pin	5
膳粥一品	shan zhou yi pin	5
自制果冻	zi zhi guo dong	1
自制汽水	zi zhi qi shui	5
自来白月饼	zi lai bai yue bing	6
自来红月饼	zi lai hong yue bing	6
自贡水煮牛肉	zi gong shui zhu niu rou	3
自酥饼	zi su bing	3
臭桂鱼	chou gui yu	10
臭鳜鱼	chou gui yu	49
艄公号子鱼	shao gong hao zi yu	3
艇仔粥	ting zai zhou	47
良友橄榄	liang you gan lan	3
色果子	se guo zi	11
艺术糕团	yi shu gao tuan	5
艾蒿糕	ai hao gao	5
艾西姆桑扎	ai xi mu sang zha	4
芋儿烧排骨	yu er shao pai gu	4
芋儿烧鸡	yu er shao ji	3
芋儿鸡火锅	yu er ji huo guo	4
芋味三绝	yu wei san jue	4
芋头糕	yu tou gao	17
芋头酥	yu tou su	8
芒果果泥	mang guo guo ni	1
芒果班戟	mang guo ban ji	12
芒果色拉	mang guo se la	6
芒果芝士蛋糕	mang guo zhi shi dan gao	3
芒果雪芭	mang guo xue ba	8
芒果鸡柳	mang guo ji liu	3
芒香西番莲	mang xiang xi fan lian	2
芙蓉大虾	fu rong da xia	4
芙蓉套蟹	fu rong tao xie	4
芙蓉干贝	fu rong gan bei	8
芙蓉汤	fu rong tang	4
芙蓉海参	fu rong hai shen	6
芙蓉海底	fu rong hai di	3
芙蓉烧麦	fu rong shao mai	3
芙蓉燕菜	fu rong yan cai	6
芙蓉百花鲍	fu rong bai hua bao	4
芙蓉糕	fu rong gao	2
芙蓉菜心	fu rong cai xin	2
芙蓉藿香饺	fu rong huo xiang jiao	4
芙蓉蛋	fu rong dan	8
芙蓉蟹	fu rong xie	8
芙蓉餐厅	fu rong can ting	6
芙蓉鱼角	fu rong yu jiao	3
芙蓉鱼骨	fu rong yu gu	4
芙蓉鲜蔬汤	fu rong xian shu tang	1
芙蓉鲫鱼	fu rong ji yu	8
芙蓉鹿尾	fu rong lu wei	2
芜湖瓜子	wu hu gua zi	5
芜爆里脊	wu bao li ji	4
芝兰斋糕干	zhi lan zhai gao gan	7
芝士海鲜盏	zhi shi hai xian zhan	2
芝士蛋堡	zhi shi dan bao	6
芝士蛋堡餐	zhi shi dan bao can	2
芝葱饼	zhi cong bing	3
芝香鸡肉酥	zhi xiang ji rou su	3
芝麻南糖	zhi ma nan tang	5
芝麻卷	zhi ma juan	2
芝麻团	zhi ma tuan	1
芝麻小白菜	zhi ma xiao bai cai	2
芝麻杆	zhi ma gan	8
芝麻杏仁糊	zhi ma xing ren hu	4
芝麻汤团	zhi ma tang tuan	1
芝麻汤圆	zhi ma tang yuan	34
芝麻片	zhi ma pian	1
芝麻田鸡	zhi ma tian ji	3
芝麻糕	zhi ma gao	2
芝麻肉丝	zhi ma rou si	5
芝麻肉片	zhi ma rou pian	3
芝麻螺	zhi ma luo	3
芝麻豆腐	zhi ma dou fu	8
芝麻酥	zhi ma su	3
芝麻酥心糖	zhi ma su xin tang	4
芝麻酥糖	zhi ma su tang	1
芝麻酱拌面	zhi ma jiang ban mian	4
芝麻锅炸	zhi ma guo zha	3
芝麻鱼	zhi ma yu	7
芝麻鱼卷	zhi ma yu juan	3
芝麻鱼球	zhi ma yu qiu	2
芡实果	qian shi guo	5
芡实猪肚汤	qian shi zhu du tang	4
芡实百合芋头煲	qian shi bai he yu tou bao	5
芡实糕	qian shi gao	10
芥兰炒香肠	gai lan chao xiang chang	3
芥兰牛肉	gai lan niu rou	5
芥末墩儿	jie mo dun er	1
芥末粉	jie mo fen	1
芥末鸭膀	jie mo ya bang	3
芥茉鸭掌	jie mo ya zhang	5
芥菜咸蛋鱼头汤	gai cai xian dan yu tou tang	2
芥菜圆子	gai cai yuan zi	7
芦笋大虾	lu sun da xia	3
芦笋手卷	lu sun shou juan	7
芦笋炒牛肉	lu sun chao niu rou	4
芦笋炒鸡柳	lu sun chao ji liu	2
芦笋煎黄菜	lu sun jian huang cai	2
芦笋牛肉	lu sun niu rou	1
芦笋罐头	lu sun guan tou	10
芦笋虾球	lu sun xia qiu	2
芦笋鲍鱼汤	lu sun bao yu tang	3
芦笋鸡块	lu sun ji kuai	4
芦荟酒	lu hui jiu	1
芦蒿炒香干	lu hao chao xiang gan	8
芪烧活鱼	qi shao huo yu	4
芪蒸鹌鹑	qi zheng an chun	5
芪蛇汤	qi she tang	3
芫爆仔鸽	yan bao zi ge	6
芫爆肚丝	yan bao du si	5
芮城麻片	rui cheng ma pian	7
花式酥	hua shi su	4
花旗参炖水鸭	hua qi shen dun shui ya	3
花旗参炖竹丝鸡	hua qi shen dun zhu si ji	7
花果黄鱼	hua guo huang yu	2
花样馃子	hua yang guo zi	2
花根	hua gen	7
花椒粉	hua jiao fen	13
花椒鱼片	hua jiao yu pian	1
花江炒粉	hua jiang chao fen	3
花江狗肉	hua jiang gou rou	2
花煎饼	hua jian bing	7
花生仁	hua sheng ren	18
花生大枣猪蹄汤	hua sheng da zao zhu ti tang	3
花生支竹鱼头汤	hua sheng zhi zhu yu tou tang	2
花生枣	hua sheng zao	8
花生桂圆红枣汤	hua sheng gui yuan hong zao tang	2
花生汤	hua sheng tang	44
花生浆	hua sheng jiang	8
花生猪蹄	hua sheng zhu ti	1
花生粘	hua sheng zhan	6
花生糕	hua sheng gao	9
花生糖	hua sheng tang	42
花生衣红	hua sheng yi hong	6
花生酥	hua sheng su	24
花生酥心糖	hua sheng su xin tang	3
花生酱葱花饼	hua sheng jiang cong hua bing	2
花生鸡脚汤	hua sheng ji jiao tang	5
花盏龙眼	hua zhan long yan	3
花篮白菜	hua lan bai cai	2
花胶瘦肉羹	hua jiao shou rou geng	2
花色酥点	hua se su dian	3
花茹田鸡	hua ru tian ji	3
花草堂	hua cao tang	1
花草木三友茶	hua cao mu san you cha	4
花菇田鸡	hua gu tian ji	2
花菇石鸡	hua gu shi ji	2
花菇鸭掌	hua gu ya zhang	4
花蛋糕	hua dan gao	4
花雕酒	hua diao jiu	13
花雕醉虾	hua diao zui xia	3
花雕鸡	hua diao ji	21
芳樟醇	fang zhang chun	6
芸豆卷	yun dou juan	2
芹菜拌腐竹	qin cai ban fu zhu	6
芹菜牛肉丝	qin cai niu rou si	5
芹黄烧鱼条	qin huang shao yu tiao	2
芹黄鱼丝	qin huang yu si	3
苁蓉羊肉羹	cong rong yang rou geng	3
苋菜红	xian cai hong	13
苋菜红铝色淀	xian cai hong lv se dian	2
苏八件	su ba jian	3
苏州茉莉花茶	su zhou mo li hua cha	8
苏州话梅	su zhou hua mei	4
苏州酱汁肉	su zhou jiang zhi rou	5
苏州酱鸭	su zhou jiang ya	4
苏式点心	su shi dian xin	7
苏式船点	su shi chuan dian	4
苏式蜜饯	su shi mi jian	6
苏式鲜肉月饼	su shi xian rou yue bing	4
苏打饼干	su da bing gan	7
苏稽米花糖	su ji mi hua tang	4
苏菜	su cai	4
苔干羊肉丝	tai gan yang rou si	4
苔菜	tai cai	6
苔菜千层酥	tai cai qian ceng su	5
苔菜小方烤	tai cai xiao fang kao	8
苕酥糖	tiao su tang	3
苗乡酸汤水饺	miao xiang suan tang shui jiao	2
苗家粉蒸肉	miao jia fen zheng rou	4
苞芦松	bao lu song	6
苞谷酒	bao gu jiu	1
苣荬菜包子	qu mai cai bao zi	3
苦地胆猪瘦肉汤	ku di dan zhu shou rou tang	2
苦瓜粥	ku gua zhou	7
苦瓜酿肉	ku gua niang rou	1
苦瓜鸡片	ku gua ji pian	2
苦瓜黑鱼汤	ku gua hei yu tang	3
苦艾酒	ku ai jiu	25
苦荞饸饹	ku qiao he le	2
苦麦菜鲩鱼片滚豆腐	ku mai cai huan yu pian gun dou fu	3
苯乙酸	ben yi suan	5
苯乙酸甲酯	ben yi suan jia zhi	1
苯乙醇	ben yi chun	8
苯乙醛	ben yi quan	17
苯基苯酚	ben ji ben fen	8
苯基苯酚钠	ben ji ben fen na	3
苯甲酸苄酯	ben jia suan bian zhi	4
苯甲酸钠	ben jia suan na	4
苯甲醇	ben jia chun	35
英国菜	ying guo cai	10
英德红茶	ying de hong cha	4
苹果冻	ping guo dong	12
苹果卷	ping guo juan	8
苹果啤酒	ping guo pi jiu	7
苹果沙司罐头	ping guo sha si guan tou	2
苹果炖鱼	ping guo dun yu	5
苹果白兰地咖啡	ping guo bai lan di ka fei	2
苹果粟米鸡肉羹	ping guo su mi ji rou geng	2
苹果脯	ping guo fu	9
苹果菠萝生姜汁	ping guo bo luo sheng jiang zhi	3
苹果蛋糕	ping guo dan gao	2
苹果软糖	ping guo ruan tang	7
苹果酥	ping guo su	8
苹果酸	ping guo suan	22
苹果醋	ping guo cu	5
苹果马提尼	ping guo ma ti ni	5
范关酒	fan guan jiu	6
茄团	qie tuan	4
茄子三明治	qie zi san ming zhi	3
茄子晒炉肉	qie zi shai lu rou	5
茄子煮花甲	qie zi zhu hua jia	3
茄汁斑鱼块	qie zhi ban yu kuai	2
茄汁明虾	qie zhi ming xia	6
茄汁牛扒	qie zhi niu pa	3
茄汁牛肉汤	qie zhi niu rou tang	2
茄汁猪排	qie zhi zhu pai	4
茄汁菜包	qie zhi cai bao	3
茄汁薯枣	qie zhi shu zao	2
茄汁鱼卷	qie zhi yu juan	5
茄汁鱼罐头	qie zhi yu guan tou	4
茄汁鳕鱼	qie zhi xue yu	2
茄汁鸡肉	qie zhi ji rou	4
茄汤焗香鸡	qie tang ju xiang ji	3
茅粮	mao liang	8
茅麓旗枪	mao lu qi qiang	2
茉莉浸膏	mo li jin gao	6
茉莉雀舌毫	mo li que she hao	5
茉莉鱼丁	mo li yu ding	3
茭白炒毛豆	jiao bai chao mao dou	2
茯苓糕	fu ling gao	9
茯苓饼	fu ling bing	10
茯苓饼干	fu ling bing gan	2
茴香粥	hui xiang zhou	5
茴香醇	hui xiang chun	2
茶台茗叙	cha tai ming xu	4
茶叶熏鸡	cha ye xun ji	4
茶叶粥	cha ye zhou	6
茶叶鲫鱼汤	cha ye ji yu tang	4
茶多酚	cha duo fen	9
茶树菇	cha shu gu	30
茶树菇烧鸡	cha shu gu shao ji	4
茶熏八爪鱼	cha xun ba zhua yu	3
茶绿色素	cha lv se su	3
茶食刀切	cha shi dao qie	4
茶饼	cha bing	34
茶馓	cha san	9
茶香骨	cha xiang gu	5
茸汤广肚	rong tang guang du	6
荆沙鱼糕	jing sha yu gao	6
草帽饼	cao mao bing	8
草石蚕田鸡汤	cao shi can tian ji tang	5
草粿	cao guo	2
草莓优酪乳	cao mei you lao ru	4
草莓千层派	cao mei qian ceng pai	4
草莓夹心面包	cao mei jia xin mian bao	4
草莓奶油蛋糕	cao mei nai you dan gao	12
草莓慕斯	cao mei mu si	9
草莓摩司	cao mei mo si	3
草莓新地	cao mei xin di	7
草莓果泥	cao mei guo ni	1
草莓绿豆粥	cao mei lv dou zhou	6
草莓芝士蛋糕	cao mei zhi shi dan gao	6
草莓芝士饼	cao mei zhi shi bing	7
草莓薏仁优格	cao mei yi ren you ge	3
草莓酱	cao mei jiang	3
草莓龙舌兰	cao mei long she lan	2
草菇烧笋	cao gu shao sun	5
草菇西兰花	cao gu xi lan hua	6
草香园	cao xiang yuan	4
荔枝罐头	li zhi guan tou	3
荔枝肉	li zhi rou	31
荔枝茶	li zhi cha	8
荔枝酥	li zhi su	5
荔枝鱿鱼	li zhi you yu	5
荔枝鱿鱼卷	li zhi you yu juan	5
荔浦芋	li pu yu	13
荞串	qiao chuan	4
荞凉粉	qiao liang fen	1
荞剁面	qiao duo mian	6
荞坨	qiao tuo	5
荞粑粑	qiao ba ba	4
荞蕨象生梨	qiao jue xiang sheng li	3
荞面包	qiao mian bao	6
荞面包子	qiao mian bao zi	3
荞面合络	qiao mian he luo	4
荞面灌肠	qiao mian guan chang	5
荞面煎饼	qiao mian jian bing	4
荞面饸饹	qiao mian he le	1
荞麦面扒糕	qiao mai mian pa gao	3
荞麦饭	qiao mai fan	7
荠菜春卷	ji cai chun juan	7
荠菜肉馄饨	ji cai rou hun tun	4
荠菜饺	ji cai jiao	9
荠菜鱼卷	ji cai yu juan	5
荣乐园	rong le yuan	8
荣华麻香酥	rong hua ma xiang su	3
荣氏	rong shi	16
荤油米糕	hun you mi gao	2
荤罗汉	hun luo han	3
荤豆花	hun dou hua	13
荪角四宝汤	sun jiao si bao tang	2
药膳煲水鱼	yao shan bao shui yu	2
荷兰水	he lan shui	11
荷兰沙司	he lan sha si	1
荷兰粉	he lan fen	8
荷包圆子	he bao yuan zi	3
荷包桂花糯	he bao gui hua nuo	3
荷包水鱼	he bao shui yu	3
荷包蟹肉	he bao xie rou	5
荷包豆腐	he bao dou fu	6
荷包饭	he bao fan	7
荷包鱿鱼	he bao you yu	4
荷叶三蒸	he ye san zheng	3
荷叶凤脯	he ye feng fu	5
荷叶排骨	he ye pai gu	6
荷叶新凤鸡	he ye xin feng ji	3
荷叶米粉鸡	he ye mi fen ji	3
荷叶粉蒸肉	he ye fen zheng rou	1
荷叶粉蒸鸡	he ye fen zheng ji	6
荷叶粥	he ye zhou	2
荷叶糍粑	he ye ci ba	8
荷叶糯米鸡	he ye nuo mi ji	6
荷叶肉	he ye rou	7
荷叶膳粥	he ye shan zhou	4
荷叶蒸鱼	he ye zheng yu	5
荷叶饭	he ye fan	15
荷叶饼	he ye bing	12
荷叶鸡	he ye ji	9
荷塘莲香	he tang lian xiang	2
荷月	he yue	11
荷花蛋糕	he hua dan gao	3
荷花豆腐大虾	he hua dou fu da xia	4
荷花酥	he hua su	3
荷花鱼翅	he hua yu chi	4
荷香糯米排骨	he xiang nuo mi pai gu	2
荸荠一品锅	bi qi yi pin guo	5
莘塍豆腐干	xin cheng dou fu gan	3
莜面栲栳	you mian kao lao	1
莜面栲栳栳	you mian kao lao lao	2
莜面栳栳	you mian lao lao	2
莜面饸饹	you mian he le	4
莫基多	mo ji duo	5
莫干黄芽茶	mo gan huang ya cha	6
莫斯科红菜汤	mo si ke hong cai tang	5
莲子猪心汤	lian zi zhu xin tang	6
莲子百合糯米粥	lian zi bai he nuo mi zhou	2
莲子糕	lian zi gao	1
莲子膳粥	lian zi shan zhou	4
莲子营养粉	lian zi ying yang fen	3
莲子血糯饭	lian zi xue nuo fan	2
莲子银耳梨	lian zi yin er li	4
莲子鸡丁	lian zi ji ding	4
莲童牌冬瓜条	lian tong pai dong gua tiao	3
莲篷豆腐	lian peng dou fu	3
莲花卷	lian hua juan	2
莲花蛋糕	lian hua dan gao	3
莲茸层层酥	lian rong ceng ceng su	3
莲蓉小鸡	lian rong xiao ji	3
莲蓉甘露酥	lian rong gan lu su	4
莲蓉芝麻球	lian rong zhi ma qiu	5
莲蓉酥饼	lian rong su bing	4
莲蓬豆腐	lian peng dou fu	6
莲蓬鱼	lian peng yu	5
莲香楼	lian xiang lou	37
莲香脱骨鸡	lian xiang tuo gu ji	3
莳萝芦笋三文鱼面	shi luo lu sun san wen yu mian	3
莳萝草	shi luo cao	6
莴笋叶子	wo sun ye zi	1
莴笋肉丝	wo sun rou si	5
莴苣鳝鱼片	wo ju shan yu pian	5
莼菜黄鱼羹	chun cai huang yu geng	4
菁岛啤酒	jing dao pi jiu	2
菊花佛手酥	ju hua fo shou su	3
菊花冬笋	ju hua dong sun	5
菊花卷	ju hua juan	5
菊花对蟹	ju hua dui xie	3
菊花枸杞茶	ju hua gou qi cha	7
菊花海鲜锅	ju hua hai xian guo	3
菊花火锅	ju hua huo guo	2
菊花烧卖	ju hua shao mai	7
菊花猪肝汤	ju hua zhu gan tang	7
菊花糕	ju hua gao	10
菊花豆腐	ju hua dou fu	6
菊花酥	ju hua su	9
菊花酥饼	ju hua su bing	4
菊花酿鱼肚	ju hua niang yu du	8
菊花里脊	ju hua li ji	6
菊花锅	ju hua guo	9
菊花锅子	ju hua guo zi	6
菊花青鱼	ju hua qing yu	6
菊花鱼丸	ju hua yu wan	5
菊花鱼生	ju hua yu sheng	8
菊花鱿鱼	ju hua you yu	7
菊花鲈鱼	ju hua lu yu	8
菊花黄浸膏	ju hua huang jin gao	4
菊花龙虎凤蛇羹	ju hua long hu feng she geng	5
菜合	cai he	5
菜头饼	cai tou bing	5
菜干扣肉	cai gan kou rou	6
菜干鸭肾蜜枣汤	cai gan ya shen mi zao tang	2
菜心炒猪肝	cai xin chao zhu gan	2
菜根香	cai gen xiang	3
菜烩面	cai hui mian	3
菜蟒	cai mang	7
菜豆腐	cai dou fu	16
菜豆腐稀饭	cai dou fu xi fan	4
菜豆腐节节	cai dou fu jie jie	3
菜豆花	cai dou hua	3
菜远卤牛肉	cai yuan lu niu rou	2
菜远牛肉	cai yuan niu rou	4
菜香源川菜馆	cai xiang yuan chuan cai guan	5
菠菜丸子汤	bo cai wan zi tang	1
菠菜炒生鱼片	bo cai chao sheng yu pian	3
菠菜煎饼	bo cai jian bing	3
菠菜猪肝汤	bo cai zhu gan tang	8
菠菜蛋蓉	bo cai dan rong	2
菠菜金钩豆腐汤	bo cai jin gou dou fu tang	5
菠菜鸡煲	bo cai ji bao	4
菠菜鸡蛋汤	bo cai ji dan tang	7
菠萝圆片	bo luo yuan pian	6
菠萝罐头	bo luo guan tou	8
菠萝软糖	bo luo ruan tang	3
菠萝鸡丁	bo luo ji ding	5
菠萝龙眼鱼	bo luo long yan yu	2
菠饺鱼肚	bo jiao yu du	5
萍乡花果	ping xiang hua guo	5
萍踪叠影	ping zong die ying	3
萝卜丝油墩子	luo bo si you dun zi	2
萝卜丝饼	luo bo si bing	13
萝卜丝鲫鱼汤	luo bo si ji yu tang	1
萝卜干炒腊肉	luo bo gan chao la rou	7
萝卜板	luo bo ban	5
萝卜氽鲫鱼	luo bo tun ji yu	3
萝卜泡菜	luo bo pao cai	7
萝卜炖羊肉	luo bo dun yang rou	2
萝卜烧排骨	luo bo shao pai gu	2
萝卜煮肉丸	luo bo zhu rou wan	4
萝卜牛百叶汤	luo bo niu bai ye tang	2
萝卜牛腩	luo bo niu nan	7
萝卜红	luo bo hong	1
萝卜连锅汤	luo bo lian guo tang	4
萝卜饺子	luo bo jiao zi	13
萝卜饼	luo bo bing	14
萝卜鱼	luo bo yu	3
营养强化剂	ying yang qiang hua ji	12
营养藕粉	ying yang ou fen	4
萧山杨梅	xiao shan yang mei	5
萧山花边	xiao shan hua bian	8
萧山萝卜干	xiao shan luo bo gan	9
萨其玛	sa qi ma	10
萨其马	sa qi ma	18
萨其马桃	sa qi ma tao	3
萨拉米	sa la mi	27
萨琪玛	sa qi ma	4
落叶琵琶虾	luo ye pi pa xia	3
落汤糍	luo tang ci	5
落葵红	luo kui hong	3
葛粉圆子	ge fen yuan zi	6
葛记	ge ji	2
葛记焖饼	ge ji men bing	7
葡式烩饭	pu shi hui fan	3
葡式蛋挞	pu shi dan ta	14
葡皇世家	pu huang shi jia	3
葡聚糖酶	pu ju tang mei	9
葡萄仿	pu tao fang	5
葡萄干炒饭	pu tao gan chao fan	2
葡萄柚沙拉	pu tao you sha la	2
葡萄皮红	pu tao pi hong	6
葡萄籽提取物	pu tao zi ti qu wu	12
葡萄糖酸亚铁	pu tao tang suan ya tie	11
葡萄糖酸内酯	pu tao tang suan nei zhi	1
葡萄糖酸钙	pu tao tang suan gai	1
葡萄糖酸钾	pu tao tang suan jia	6
葡萄糖酸铜	pu tao tang suan tong	5
葡萄糖酸锌	pu tao tang suan xin	10
葡萄糖酸锰	pu tao tang suan meng	7
葡萄糖酸镁	pu tao tang suan mei	6
葡萄菠萝杏汁	pu tao bo luo xing zhi	3
葡萄雪鸡	pu tao xue ji	3
葡萄面排	pu tao mian pai	2
葡萄鱼	pu tao yu	3
葡达	pu da	1
葫芦大吉翅子	hu lu da ji chi zi	5
葫芦巴胶	hu lu ba jiao	5
葫芦鸡	hu lu ji	2
葱包桧	cong bao gui	3
葱包桧儿	cong bao gui er	4
葱段	cong duan	18
葱油发面饼	cong you fa mian bing	3
葱油大烧	cong you da shao	2
葱油核桃鱼卷	cong you he tao yu juan	2
葱油桃酥	cong you tao su	4
葱油花卷	cong you hua juan	1
葱油苦瓜	cong you ku gua	2
葱油草菇	cong you cao gu	3
葱油蒸鸭	cong you zheng ya	2
葱油酥	cong you su	7
葱油酥饼	cong you su bing	7
葱油面	cong you mian	27
葱油鸡	cong you ji	1
葱油黄鱼	cong you huang yu	4
葱炖猪蹄	cong dun zhu ti	4
葱烤大排	cong kao da pai	4
葱烤鲫鱼	cong kao ji yu	9
葱烧海参	cong shao hai shen	7
葱烧鲨鱼皮	cong shao sha yu pi	4
葱爆兔肉	cong bao tu rou	3
葱爆牛柳	cong bao niu liu	6
葱爆羊肉	cong bao yang rou	12
葱爆羊肉丁	cong bao yang rou ding	2
葱爆肉丝	cong bao rou si	5
葱白姜糖汤	cong bai jiang tang tang	2
葱肉饼	cong rou bing	7
葱花炒蛋	cong hua chao dan	1
葱花烙饼	cong hua lao bing	1
葱花煎蛋	cong hua jian dan	1
葱花缸炉	cong hua gang lu	3
葱豉豆腐汤	cong chi dou fu tang	4
葱辣鱼	cong la yu	4
葱辣鱼条	cong la yu tiao	3
葱辣鱼脯	cong la yu fu	3
葱饼	cong bing	21
葵花虾饼	kui hua xia bing	7
葵醛	kui quan	5
蒙古包子	meng gu bao zi	1
蒙古手把肉	meng gu shou ba rou	5
蒙古烤肉	meng gu kao rou	7
蒙自年糕	meng zi nian gao	8
蒙自过桥米线	meng zi guo qiao mi xian	2
蒙顶茶	meng ding cha	11
蒜子	suan zi	15
蒜子瑶柱脯	suan zi yao zhu fu	6
蒜拌空心菜	suan ban kong xin cai	2
蒜泥白肉	suan ni bai rou	31
蒜泥茄子	suan ni qie zi	9
蒜泥黄瓜	suan ni huang gua	1
蒜爆肉	suan bao rou	5
蒜苗炒虾	suan miao chao xia	3
蒜蓉白菜	suan rong bai cai	4
蒜蓉粉丝蒸扇贝	suan rong fen si zheng shan bei	6
蒜香烟肉蒸扇贝	suan xiang yan rou zheng shan bei	2
蒜香煎海虾	suan xiang jian hai xia	2
蒜香鲶鱼	suan xiang nian yu	4
蒲公英节	pu gong ying jie	4
蒲城椽头蒸馍	pu cheng chuan tou zheng mo	5
蒲州清柿	pu zhou qing shi	2
蒲江猪油米花糖	pu jiang zhu you mi hua tang	2
蒲江米花糖	pu jiang mi hua tang	6
蒸南瓜	zheng nan gua	17
蒸拌冷面	zheng ban leng mian	4
蒸水蛋	zheng shui dan	10
蒸江团	zheng jiang tuan	8
蒸熊掌	zheng xiong zhang	2
蒸箱	zheng xiang	24
蒸糕	zheng gao	14
蒸羊羔儿	zheng yang gao er	4
蒸肠粉	zheng chang fen	8
蒸莲藕粉	zheng lian ou fen	5
蒸蒸糕	zheng zheng gao	1
蒸蛋糕	zheng dan gao	39
蒸面	zheng mian	32
蒸鲳鱼	zheng chang yu	7
蒸鸡蛋肉卷	zheng ji dan rou juan	4
蒸鹿尾儿	zheng lu wei er	8
蒿杆炒鳝丝	hao gan chao shan si	2
蓝圣斯	lan sheng si	3
蓝城	lan cheng	13
蓝色珊瑚礁	lan se shan hu jiao	14
蓝色香槟	lan se xiang bin	7
蓝莓冻芝士蛋糕	lan mei dong zhi shi dan gao	2
蓝莓奶酪	lan mei nai lao	1
蓝莓慕丝	lan mei mu si	4
蓝莓果泥	lan mei guo ni	4
蓝莓罐头	lan mei guan tou	4
蓝莓芝士	lan mei zhi shi	9
蓝莓蛋糕	lan mei dan gao	7
蓝锭果红	lan ding guo hong	3
蓬莱仙芝茶	peng lai xian zhi cha	2
蓬莱小面	peng lai xiao mian	5
蓬莱米	peng lai mi	7
蓬菜小面	peng cai xiao mian	4
蓼花	liao hua	6
蔊菜雪梨冰糖汁	han cai xue li bing tang zhi	4
蔗糖素	zhe tang su	1
蔗糖脂肪酸酯	zhe tang zhi fang suan zhi	8
蔗糖酯	zhe tang zhi	10
蔡记蒸饺	cai ji zheng jiao	8
蔬果搭配	shu guo da pei	8
蔬菜比萨	shu cai bi sa	7
蔬菜汤	shu cai tang	41
蔬菜饼干	shu cai bing gan	10
蕃茄马蹄	fan qie ma ti	3
蕃茄鸡煲	fan qie ji bao	4
蕨根粉煮鳝鱼	jue gen fen zhu shan yu	2
薄烤饼	bao kao bing	7
薄玉茶	bao yu cha	4
薄皮包	bao pi bao	1
薄皮包子	bao pi bao zi	15
薄皮鲜虾饺	bao pi xian xia jiao	6
薄脆饼干	bao cui bing gan	8
薄荷叶松香	bo he ye song xiang	3
薄荷糕	bo he gao	3
薄荷素油	bo he su you	8
薄荷蔬菜沙拉	bo he shu cai sha la	3
薄荷薰衣草茶	bo he xun yi cao cha	2
薄荷香糕	bo he xiang gao	3
薄饼羊肉	bao bing yang rou	5
薏仁猪肚汤	yi ren zhu du tang	4
薏仁苦瓜粥	yi ren ku gua zhou	2
薏米仁	yi mi ren	1
薏米粉	yi mi fen	19
薏米膳继	yi mi shan ji	2
薏美酥	yi mei su	2
薯粉果	shu fen guo	1
薯粉糕	shu fen gao	5
薰衣草饼干	xun yi cao bing gan	6
藏式面条	zang shi mian tiao	3
藏心鱼圆	zang xin yu yuan	5
藏族吹肺	zang zu chui fei	4
藏族血肠	zang zu xue chang	3
藏族酸奶	zang zu suan nai	4
藏花素	zang hua su	7
藕丝糕	ou si gao	5
藕丝羹	ou si geng	5
藕片汤	ou pian tang	6
藕粉圆子	ou fen yuan zi	8
藕粉饺	ou fen jiao	4
藜蒿炒腊肉	li hao chao la rou	7
藜蒿腊肉	li hao la rou	2
藻蓝	zao lan	11
蘑菇汤	mo gu tang	49
蘑菇沙司	mo gu sha si	4
蘑菇窝窝面	mo gu wo wo mian	3
蘑菇罐头	mo gu guan tou	11
蘸仔鸭	zhan zi ya	6
虎山茶	hu shan cha	5
虎掌金丝面	hu zhang jin si mian	4
虎皮尖椒	hu pi jian jiao	16
虎皮核桃仁	hu pi he tao ren	2
虎皮梳子肉	hu pi shu zi rou	3
虎皮毛豆腐	hu pi mao dou fu	7
虎皮烩鸡丁	hu pi hui ji ding	2
虎皮花生	hu pi hua sheng	6
虎皮蛋糕	hu pi dan gao	21
虎皮香肉	hu pi xiang rou	3
虎跑素火腿	hu pao su huo tui	5
虫胶	chong jiao	10
虫胶红	chong jiao hong	6
虫茶	chong cha	9
虫草全鸭	chong cao quan ya	7
虫草八卦汤	chong cao ba gua tang	2
虫草汽锅鸡	chong cao qi guo ji	7
虫草炖水鸭	chong cao dun shui ya	6
虫草炖鸡	chong cao dun ji	7
虫草饭	chong cao fan	4
虫草鸭	chong cao ya	9
虫草鸭舌	chong cao ya she	4
虫草鸽	chong cao ge	5
虫草鹌鹑	chong cao an chun	4
虹桥绿豆糕	hong qiao lv dou gao	3
虾仁吐司	xia ren tu si	3
虾仁拌莼菜	xia ren ban chun cai	2
虾仁盒子	xia ren he zi	2
虾仁酥	xia ren su	6
虾子茄段	xia zi qie duan	2
虾子面	xia zi mian	4
虾枣汤	xia zao tang	3
虾池	xia chi	6
虾爆鳝面	xia bao shan mian	2
虾片粥	xia pian zhou	2
虾皮炒冬瓜	xia pi chao dong gua	3
虾皮豆腐汤	xia pi dou fu tang	1
虾米笋粿	xia mi sun guo	5
虾米笋馃	xia mi sun guo	3
虾籽	xia zi	9
虾籽冬笋	xia zi dong sun	5
虾籽管廷	xia zi guan ting	3
虾羹汤	xia geng tang	3
虾肉小笼	xia rou xiao long	8
虾肉小笼包	xia rou xiao long bao	5
虾肉月饼	xia rou yue bing	3
虾面	xia mian	13
虾须牛肉	xia xu niu rou	4
蚁酒	yi jiu	10
蚂蚁上树	ma yi shang shu	40
蚕蛹罐头	can yong guan tou	4
蚕豆炒虾仁	can dou chao xia ren	4
蚕豆粉	can dou fen	9
蚕豆罐头	can dou guan tou	6
蚝仔煎	hao zai jian	3
蚝油仔鸡	hao you zi ji	5
蚝油叉烧包	hao you cha shao bao	4
蚝油牛柳	hao you niu liu	5
蚝油牛肉	hao you niu rou	2
蚝油生菜	hao you sheng cai	10
蚝油网鲍片	hao you wang bao pian	6
蚝油蘑菇	hao you mo gu	4
蚝油西兰花	hao you xi lan hua	1
蚝油鲜菇	hao you xian gu	6
蚝油鸭掌	hao you ya zhang	4
蚝煎	hao jian	8
蚝皇凤爪	hao huang feng zhua	4
蚝皇蒸凤爪	hao huang zheng feng zhua	2
蚵仔煎	he zi jian	36
蚵仔面线	he zi mian xian	1
蛇羹	she geng	13
蛇餐馆	she can guan	2
蛋卷饼干	dan juan bing gan	4
蛋圆饼干	dan yuan bing gan	6
蛋奶酥	dan nai su	1
蛋形巧克力	dan xing qiao ke li	1
蛋散	dan san	9
蛋松果	dan song guo	5
蛋烧卖	dan shao mai	7
蛋白果汁饮料	dan bai guo zhi yin liao	3
蛋白混合饮料	dan bai hun he yin liao	11
蛋白糖	dan bai tang	7
蛋花米酒	dan hua mi jiu	2
蛋酥炒面	dan su chao mian	3
蛋香牛堡	dan xiang niu bao	5
蛋黄凤尾白玉卷	dan huang feng wei bai yu juan	3
蛋黄千层糕	dan huang qian ceng gao	4
蛋黄卷	dan huang juan	8
蛋黄果	dan huang guo	9
蛋黄甘露酥	dan huang gan lu su	3
蛋黄莲蓉月饼	dan huang lian rong yue bing	5
蛋黄面包	dan huang mian bao	5
蛋黄饼干	dan huang bing gan	7
蛋黄麻花	dan huang ma hua	1
蛎饼	li bing	12
蛏干烧肉	cheng gan shao rou	3
蛏溜奇	cheng liu qi	3
蛙鱼	wa yu	14
蛤什蟆汤	ge shi ma tang	3
蛤蜊鲫鱼	ge li ji yu	4
蜀风园	shu feng yuan	6
蜂巢芋角	feng chao yu jiao	7
蜂巢蛋糕	feng chao dan gao	1
蜂窝土豆	feng wo tu dou	7
蜂糕	feng gao	1
蜂蜜凉粽子	feng mi liang zong zi	8
蜂蜜花生	feng mi hua sheng	6
蜂蜜麻糖	feng mi ma tang	4
蜜三刀	mi san dao	14
蜜三果	mi san guo	2
蜜佛手	mi fo shou	2
蜜制蜂糕	mi zhi feng gao	5
蜜枣核桃	mi zao he tao	5
蜜枣羊肉	mi zao yang rou	4
蜜枣银心	mi zao yin xin	3
蜜桂花生糖	mi gui hua sheng tang	3
蜜桂芳米花糖	mi gui fang mi hua tang	2
蜜桃片	mi tao pian	7
蜜桔皮	mi ju pi	7
蜜桔罐头	mi ju guan tou	6
蜜汁一品肉	mi zhi yi pin rou	3
蜜汁三文鱼	mi zhi san wen yu	3
蜜汁叉烧	mi zhi cha shao	7
蜜汁叉烧包	mi zhi cha shao bao	1
蜜汁山药	mi zhi shan yao	7
蜜汁梨球	mi zhi li qiu	9
蜜汁江米藕	mi zhi jiang mi ou	2
蜜汁火方	mi zhi huo fang	1
蜜汁红芋	mi zhi hong yu	7
蜜汁肥桃	mi zhi fei tao	3
蜜汁蕃茄	mi zhi fan qie	3
蜜汁辣黄瓜	mi zhi la huang gua	3
蜜汁金枣	mi zhi jin zao	4
蜜瓜脆鳝	mi gua cui shan	3
蜜瓜螺头鸡汤	mi gua luo tou ji tang	3
蜜番茄	mi fan qie	1
蜜芙蓉	mi fu rong	3
蜜蜡肘子	mi la zhou zi	5
蜜辣椒	mi la jiao	1
蜜青梅	mi qing mei	2
蜜食果	mi shi guo	2
蜜饯四品	mi jian si pin	5
蜜饯李子	mi jian li zi	4
蜜饯桂圆	mi jian gui yuan	4
蜜饯桔子	mi jian ju zi	3
蜜饯槟子	mi jian bin zi	3
蜜饯樱桃	mi jian ying tao	1
蜜饯海棠	mi jian hai tang	6
蜜饯瓜条	mi jian gua tiao	4
蜜饯红果	mi jian hong guo	5
蜜饯苹果	mi jian ping guo	4
蜜饯莱阳梨	mi jian lai yang li	4
蜜饯菠萝	mi jian bo luo	4
蜜饯菱角	mi jian ling jiao	3
蜜饯葡萄	mi jian pu tao	4
蜜饯金枣	mi jian jin zao	4
蜜饯银杏	mi jian yin xing	5
蜜饯青梅	mi jian qing mei	6
蜜饯香蕉	mi jian xiang jiao	2
蜜饯马蹄	mi jian ma ti	3
蜜饯鲜桃	mi jian xian tao	4
蜜饯龙眼	mi jian long yan	3
蜜麻花	mi ma hua	2
蝎滚绣球	xie gun xiu qiu	7
蝙蝠包	bian fu bao	7
蝴蝶暇卷	hu die xia juan	4
蝴蝶海参	hu die hai shen	8
蝴蝶烩鳝	hu die hui shan	3
蝴蝶瓜	hu die gua	5
蝴蝶酥	hu die su	42
蝴蝶面	hu die mian	14
螃蟹酥	pang xie su	3
螺丝鸡	luo si ji	8
螺蛳粉	luo si fen	30
蟠龙菜	pan long cai	2
蟹壳黄	xie ke huang	6
蟹壳黄烧饼	xie ke huang shao bing	8
蟹柳沙拉	xie liu sha la	4
蟹粉小笼	xie fen xiao long	11
蟹粉西兰花	xie fen xi lan hua	3
蟹粉豆腐羹	xie fen dou fu geng	5
蟹肉圆子	xie rou yuan zi	2
蟹肉汤包	xie rou tang bao	6
蟹肉罐头	xie rou guan tou	7
蟹肉羹	xie rou geng	7
蟹肉西兰花	xie rou xi lan hua	3
蟹肉青瓜沙律	xie rou qing gua sha lv	2
蟹足棒	xie zu bang	1
蟹黄养汤烧卖	xie huang yang tang shao mai	2
蟹黄大生翅	xie huang da sheng chi	3
蟹黄小汤包	xie huang xiao tang bao	5
蟹黄扒芦笋	xie huang ba lu sun	3
蟹黄汤包	xie huang tang bao	30
蟹黄海参	xie huang hai shen	4
蟹黄灌汤包	xie huang guan tang bao	1
蟹黄灌汤饺	xie huang guan tang jiao	4
蟹黄肉包	xie huang rou bao	4
蟹黄虾盅	xie huang xia zhong	6
蟹黄鱼翅	xie huang yu chi	8
蟾蜍水蛇粥	chan chu shui she zhou	4
血糕	xue gao	4
血糯米	xue nuo mi	35
补血酥糖	bu xue su tang	3
袜底酥	wa di su	5
被膜剂	bei mo ji	9
装饰饼干	zhuang shi bing gan	6
裹烧茭白	guo shao jiao bai	3
裹蒸粽	guo zheng zong	14
西乡牛肉干	xi xiang niu rou gan	1
西亭脆饼	xi ting cui bing	1
西兰花浓汤	xi lan hua nong tang	3
西冷	xi leng	13
西北凉皮	xi bei liang pi	5
西印度樱桃	xi yin du ying tao	1
西塘八珍糕	xi tang ba zhen gao	6
西多士	xi duo shi	31
西安包子	xi an bao zi	3
西安油酥饼	xi an you su bing	3
西安饭庄	xi an fan zhuang	4
西府酿皮	xi fu niang pi	3
西式月饼	xi shi yue bing	1
西式烤面包	xi shi kao mian bao	3
西式米花糕	xi shi mi hua gao	3
西式酥饼	xi shi su bing	3
西施团圆饼	xi shi tuan yuan bing	5
西施舌	xi shi she	1
西柚三文鱼	xi you san wen yu	3
西梅酿羊排	xi mei niang yang pai	3
西樵大饼	xi qiao da bing	9
西汁乳鸽	xi zhi ru ge	5
西泠印泥	xi ling yin ni	8
西洋李子	xi yang li zi	7
西洋烩鸡	xi yang hui ji	3
西洋菜蜜枣鲫鱼汤	xi yang cai mi zao ji yu tang	3
西湖天竺筷	xi hu tian zhu kuai	6
西湖桂花藕粉	xi hu gui hua ou fen	5
西湖牛肉羹	xi hu niu rou geng	9
西湖绸伞	xi hu chou san	9
西湖莼菜	xi hu chun cai	4
西湖藕粉	xi hu ou fen	1
西湖藕粥	xi hu ou zhou	4
西湖蜜皇彩花	xi hu mi huang cai hua	4
西湖醋	xi hu cu	1
西湖龙井	xi hu long jing	31
西班牙土豆煎蛋	xi ban ya tu dou jian dan	3
西班牙海鲜烩饭	xi ban ya hai xian hui fan	5
西班牙海鲜饭	xi ban ya hai xian fan	21
西瓜冻	xi gua dong	3
西瓜奶酪	xi gua nai lao	3
西瓜汁饮料	xi gua zhi yin liao	6
西瓜盅	xi gua zhong	9
西瓜酱罐头	xi gua jiang guan tou	5
西瓜鸡	xi gua ji	9
西米银耳羹	xi mi yin er geng	2
西红柿煎蛋汤	xi hong shi jian dan tang	3
西红柿牛肉汤	xi hong shi niu rou tang	1
西红柿肉片汤	xi hong shi rou pian tang	1
西红柿起司沙拉	xi hong shi qi si sha la	2
西芹百合	xi qin bai he	2
西芹虾仁	xi qin xia ren	7
西芹鸡肫	xi qin ji zhun	3
西藏酥油茶	xi zang su you cha	5
西西里面包	xi xi li mian bao	2
西部牛仔烧烤城	xi bu niu zai shao kao cheng	6
西餐厨师	xi can chu shi	4
视黄醇	shi huang chun	15
解热清滞汤	jie re qing zhi tang	2
解百纳	jie bai na	2
解酒方	jie jiu fang	9
詹王火腿汁	zhan wang huo tui zhi	4
詹王猪骨汁	zhan wang zhu gu zhi	3
詹王瑶柱汁	zhan wang yao zhu zhi	4
詹王鸡粉	zhan wang ji fen	7
试量狗肉	shi liang gou rou	6
诗礼银杏	shi li yin xing	8
话李	hua li	13
话梅手剥笋	hua mei shou bo sun	2
诱惑红	you huo hong	10
诱惑红铝色淀	you huo hong lv se dian	2
诺丽	nuo li	16
调味油	tiao wei you	2
调味酱	tiao wei jiang	17
调和油	tiao he you	13
谈炎记水饺	tan yan ji shui jiao	6
谢凉粉	xie liang fen	7
谢村黄酒	xie cun huang jiu	10
谭豆花	tan dou hua	10
谭鱼头	tan yu tou	2
谷氨酰胺酶	gu an xian an mei	8
谷氨酸钠	gu an suan na	1
谷雨茶	gu yu cha	8
豆乳饮料	dou ru yin liao	7
豆付干	dou fu gan	6
豆末糖	dou mo tang	7
豆汁粥	dou zhi zhou	5
豆汤饭	dou tang fan	6
豆沙凉糕	dou sha liang gao	5
豆沙卷	dou sha juan	2
豆沙奶卷	dou sha nai juan	4
豆沙方糕	dou sha fang gao	4
豆沙月饼	dou sha yue bing	13
豆沙松糕	dou sha song gao	3
豆沙糕	dou sha gao	9
豆沙苹果	dou sha ping guo	4
豆沙锅饼	dou sha guo bing	1
豆浆挂面	dou jiang gua mian	4
豆渣猪头	dou zha zhu tou	4
豆焖饭	dou men fan	8
豆瓣卿鱼	dou ban qing yu	2
豆瓣海参	dou ban hai shen	5
豆瓣肘子	dou ban zhou zi	4
豆瓣鱼条	dou ban yu tiao	2
豆瓣鲜鱼	dou ban xian yu	5
豆瓣鲜鱿	dou ban xian you	3
豆瓣鲫鱼	dou ban ji yu	1
豆皮卷圈	dou pi juan quan	3
豆糕粿	dou gao guo	1
豆腐丸子	dou fu wan zi	8
豆腐圆子	dou fu yuan zi	2
豆腐大菜糕	dou fu da cai gao	4
豆腐帘子	dou fu lian zi	7
豆腐排骨	dou fu pai gu	4
豆腐排骨豆芽汤	dou fu pai gu dou ya tang	2
豆腐老鼠	dou fu lao shu	5
豆腐芝士蛋糕	dou fu zhi shi dan gao	6
豆腐蛎	dou fu li	3
豆腐蟹肉忌廉汤	dou fu xie rou ji lian tang	2
豆腐面	dou fu mian	12
豆腐鲫鱼	dou fu ji yu	3
豆花火锅	dou hua huo guo	7
豆花米线	dou hua mi xian	13
豆花粉	dou hua fen	3
豆花面	dou hua mian	15
豆花鱼	dou hua yu	6
豆芽咸菜	dou ya xian cai	4
豆芽汤	dou ya tang	8
豆芽罐头	dou ya guan tou	3
豆苗炒虾片	dou miao chao xia pian	3
豆苗蘑菇汤	dou miao mo gu tang	3
豆苗虾仁	dou miao xia ren	3
豆茸酿枇杷	dou rong niang pi pa	4
豆蓉糯米饭	dou rong nuo mi fan	6
豆角干煲鲩鱼尾	dou jiao gan bao huan yu wei	4
豆角炒肉片	dou jiao chao rou pian	4
豆豉剁辣椒	dou chi duo la jiao	2
豆豉姜	dou chi jiang	7
豆豉烧中段	dou chi shao zhong duan	2
豆豉鱼	dou chi yu	4
豆酥糖	dou su tang	2
豆面汤圆	dou mian tang yuan	3
豆面球	dou mian qiu	2
豆面糕	dou mian gao	10
豆面酥糖	dou mian su tang	2
豆面饽饽	dou mian bo bo	7
豆香斋牛肉香圈	dou xiang zhai niu rou xiang quan	2
豆香麻糍	dou xiang ma ci	2
豆黄糕	dou huang gao	4
豆鼓肉	dou gu rou	3
豆鼓鱼	dou gu yu	6
豆鼓鲇鱼	dou gu nian yu	6
豇豆烧肉	jiang dou shao rou	5
豇豆糕	jiang dou gao	5
豉椒墨鱼球	chi jiao mo yu qiu	3
豉椒炒牛肉	chi jiao chao niu rou	3
豉椒蒸腊肉	chi jiao zheng la rou	2
豉汁凉瓜炆蟹	chi zhi liang gua wen xie	3
豉汁泰椒浸海螺	chi zhi tai jiao jin hai luo	4
豉汁蒸凤爪	chi zhi zheng feng zhua	2
豉汁蒸排骨	chi zhi zheng pai gu	2
豉汁蟠龙鳝	chi zhi pan long shan	3
豉汁鱼云	chi zhi yu yun	3
豌豆炸酱面	wan dou zha jiang mian	2
豌豆粉	wan dou fen	3
豌豆糕	wan dou gao	3
豌豆面	wan dou mian	7
豌豆黄儿	wan dou huang er	9
象形拼盘	xiang xing pin pan	5
象生雪梨	xiang sheng xue li	3
象眼鸽蛋	xiang yan ge dan	3
豫尔	yu er	6
豫章酥鸭	yu zhang su ya	4
豹骨酒	bao gu jiu	5
贝丝扒菜胆	bei si ba cai dan	2
贝德利	bei de li	10
贡品麻花	gong pin ma hua	3
贡菜	gong cai	15
贴饽饽熬小鱼	tie bo bo ao xiao yu	8
贴饽饽熬鱼	tie bo bo ao yu	6
贵妃松花饼	gui fei song hua bing	3
贵妃饼	gui fei bing	6
贵妃鸡	gui fei ji	12
贵妃鸡火锅	gui fei ji huo guo	6
贵妃鸡翅	gui fei ji chi	7
贻贝	yi bei	49
贾三	jia san	12
贾三灌汤包	jia san guan tang bao	7
贾三灌汤包子	jia san guan tang bao zi	1
贾家灌汤包	jia jia guan tang bao	6
赊店老酒	she dian lao jiu	5
赖桃酥	lai tao su	4
赖氨酸盐酸盐	lai an suan yan suan yan	8
赖汤圆	lai tang yuan	4
赛螃蟹	sai pang xie	14
赛鲍鱼	sai bao yu	6
赣南小炒鱼	gan nan xiao chao yu	9
赣州三鱼	gan zhou san yu	3
赣州麻通	gan zhou ma tong	5
赤小豆粟米须生鱼汤	chi xiao dou su mi xu sheng yu tang	3
赤藓糖醇	chi xian tang chun	3
赤藓红	chi xian hong	1
赤藓红铝色淀	chi xian hong lv se dian	3
赤藻糖醇	chi zao tang chun	3
赤鳞鱼	chi lin yu	11
走油肉	zou you rou	3
起司蛋糕	qi si dan gao	33
起士林	qi shi lin	16
超山梅子	chao shan mei zi	4
超益	chao yi	4
超级至尊比萨	chao ji zhi zun bi sa	5
越橘红	yue ju hong	7
越蔓橘	yue man ju	2
路南乳扇	lu nan ru shan	3
路南乳饼	lu nan ru bing	6
路易歌德	lu yi ge de	3
跳水田鸡	tiao shui tian ji	2
踏绿波	ta lv bo	3
踵鱼翅	zhong yu chi	5
车仔面	che zai mian	45
车前子茶	che qian zi cha	2
车前草茶	che qian cao cha	5
车厘哥夫	che li ge fu	8
车轮饼	che lun bing	1
转面	zhuan mian	13
软儿梨	ruan er li	9
软哨面	ruan shao mian	4
软炸子鸡	ruan zha zi ji	3
软炸石鸡	ruan zha shi ji	3
软炸菜花	ruan zha cai hua	2
软炸虾糕	ruan zha xia gao	2
软炸里脊	ruan zha li ji	4
软炸鲜贝	ruan zha xian bei	5
软炸鸡	ruan zha ji	2
软烧豆腐	ruan shao dou fu	4
软煎虾仁	ruan jian xia ren	3
软脂糕	ruan zhi gao	3
软蛋糕	ruan dan gao	1
软蟳粥	ruan xun zhou	3
软饼干	ruan bing gan	1
轻乳酪蛋糕	qing ru lao dan gao	8
轻糖杏脯	qing tang xing fu	4
轻质碳酸钙	qing zhi tan suan gai	12
轻身减肥茶	qing shen jian fei cha	5
辛烯基琥珀酸铝淀粉	xin xi ji hu po suan lv dian fen	2
辛癸酸甘油酯	xin gui suan gan you zhi	7
辛酸乙酯	xin suan yi zhi	6
辛醛	xin quan	5
辣味炸鸡翅	la wei zha ji chi	2
辣味特级板烧鸡腿堡	la wei te ji ban shao ji tui bao	2
辣味红酒烤羊排	la wei hong jiu kao yang pai	4
辣味肉皮冻	la wei rou pi dong	4
辣味过江鸡	la wei guo jiang ji	2
辣子炒薰肉	la zi chao xun rou	7
辣子牛肉	la zi niu rou	1
辣子肥肠	la zi fei chang	1
辣子脆肠	la zi cui chang	5
辣子蒜羊血	la zi suan yang xue	2
辣子面	la zi mian	5
辣子鱼块	la zi yu kuai	4
辣子鸡丁	la zi ji ding	11
辣椒仔	la jiao zai	5
辣椒叶鸡蛋汤	la jiao ye ji dan tang	2
辣椒干	la jiao gan	11
辣椒橙	la jiao cheng	4
辣椒油树脂	la jiao you shu zhi	6
辣椒炒肚片	la jiao chao du pian	2
辣椒粉	la jiao fen	33
辣椒红	la jiao hong	10
辣椒蟹	la jiao xie	7
辣椒骨	la jiao gu	8
辣椒鱼	la jiao yu	3
辣汁茄丝	la zhi qie si	4
辣汁酱香肘	la zhi jiang xiang zhou	2
辣炒鱿鱼丝	la chao you yu si	4
辣白菜卷	la bai cai juan	4
辣菜饼	la cai bing	5
辣豆瓣鱼	la dou ban yu	4
辣鱼蛋	la yu dan	5
辽牛	liao niu	3
辽阳塔糖	liao yang ta tang	4
达仁堂	da ren tang	2
过手米线	guo shou mi xian	5
过桥抄手	guo qiao chao shou	2
过桥牛百叶	guo qiao niu bai ye	3
过氧化苯甲酰	guo yang hua ben jia xian	6
过氧化钙	guo yang hua gai	9
过油肉	guo you rou	25
迎宾楼	ying bin lou	8
迎宾楼菜馆	ying bin lou cai guan	4
还童茶	huan tong cha	6
进京乳腐	jin jing ru fu	7
进士糕和状元饼	jin shi gao he zhuang yuan bing	2
连城地瓜干	lian cheng di gua gan	8
连城番薯干	lian cheng fan shu gan	4
连理双味鱼	lian li shuang wei yu	4
连锅汤	lian guo tang	4
连雾	lian wu	6
迟菜心滚肉片汤	chi cai xin gun rou pian tang	3
迪凯堡	di kai bao	4
迷宗大包	mi zong da bao	6
迷迭香叶	mi die xiang ye	8
迷迭香提取物	mi die xiang ti qu wu	8
迷迭香粉	mi die xiang fen	5
通三益秋梨膏	tong san yi qiu li gao	3
通海豆末糖	tong hai dou mo tang	4
通草排骨汤	tong cao pai gu tang	3
通草炖猪脚	tong cao dun zhu jiao	3
通草鲫鱼汤	tong cao ji yu tang	5
速溶茶	su rong cha	12
造洋饭书	zao yang fan shu	5
遂川狗牯脑	sui chuan gou gu nao	6
道口烧鸡	dao kou shao ji	13
道口烧鸡罐头	dao kou shao ji guan tou	5
道酒	dao jiu	2
遵义毛峰	zun yi mao feng	8
遵义豆花面	zun yi dou hua mian	7
遵义鸡蛋糕	zun yi ji dan gao	7
邢台道口烧鸡	xing tai dao kou shao ji	6
邢黄牛腐干	xing huang niu fu gan	4
那不勒斯咖啡	na bu le si ka fei	4
那不勒斯风味咖啡	na bu le si feng wei ka fei	7
邮亭鲫鱼	you ting ji yu	4
邻氨基苯甲酸甲酯	lin an ji ben jia suan jia zhi	6
邻苯基苯酚	lin ben ji ben fen	8
郁滋客来	yu zi ke lai	4
郑州烤鸭	zheng zhou kao ya	6
郫县豆瓣	pi xian dou ban	38
郭八火烧	guo ba huo shao	6
郭杜林月饼	guo du lin yue bing	7
郭汤圆	guo tang yuan	6
都一处	du yi chu	7
都匀毛尖	du yun mao jian	1
都督烧卖	du du shao mai	8
都督烧麦	du du shao mai	4
鄣公山茶	zhang gong shan cha	4
鄱阳湖狮子头	po yang hu shi zi tou	3
酒心巧克力	jiu xin qiao ke li	28
酒石酸	jiu shi suan	34
酒石酸氢胆碱	jiu shi suan qing dan jian	6
酒石酸氢钾	jiu shi suan qing jia	1
酒糟汤圆	jiu zao tang yuan	19
酒肠	jiu chang	8
酒酿圆子	jiu niang yuan zi	45
酒酿斑鸠	jiu niang ban jiu	2
酒酿棉子圆	jiu niang mian zi yuan	6
酒酿饼	jiu niang bing	3
酒醉河田鸡	jiu zui he tian ji	7
酒醋汁	jiu cu zhi	4
酒香椒盐肘子	jiu xiang jiao yan zhou zi	1
酥卷佛手	su juan fo shou	3
酥合	su he	2
酥合子	su he zi	6
酥小鲫鱼	su xiao ji yu	4
酥心脆糖	su xin cui tang	3
酥性饼干	su xing bing gan	1
酥油太花盏	su you tai hua zhan	4
酥油糌粑	su you zan ba	9
酥油饼	su you bing	11
酥火烧	su huo shao	9
酥炸嫩鸡	su zha nen ji	3
酥炸排骨	su zha pai gu	5
酥炸春花肉	su zha chun hua rou	2
酥炸牛肉卷	su zha niu rou juan	5
酥炸禾花雀	su zha he hua que	4
酥炸茄盒	su zha qie he	2
酥炸鱿鱼	su zha you yu	5
酥炸鸭子	su zha ya zi	4
酥理玛	su li ma	7
酥皮奶油蛤蜊汤	su pi nai you ge li tang	4
酥皮月饼	su pi yue bing	8
酥皮芋蓉盅	su pi yu rong zhong	2
酥皮莲蓉包	su pi lian rong bao	6
酥皮鸡饺	su pi ji jiao	5
酥皮麻饼	su pi ma bing	4
酥皮龙虾	su pi long xia	6
酥盐鸡块	su yan ji kuai	4
酥盒子	su he zi	4
酥羊肉	su yang rou	7
酥肉汤	su rou tang	3
酥蜜鲜果夹	su mi xian guo jia	2
酥角	su jiao	8
酥锅	su guo	14
酥锅盔	su guo kui	6
酥香凤翅	su xiang feng chi	2
酥鲫鱼	su ji yu	8
酪蛋白磷酸肽	lao dan bai lin suan tai	11
酪蛋白钙肽	lao dan bai gai tai	8
酱板鸭	jiang ban ya	41
酱核桃	jiang he tao	4
酱桃仁	jiang tao ren	4
酱椒鱼头	jiang jiao yu tou	9
酱汁排骨	jiang zhi pai gu	6
酱汁瓦块鱼	jiang zhi wa kuai yu	6
酱油嫩鸡	jiang you nen ji	3
酱泼肉	jiang po rou	6
酱炒萝卜糕	jiang chao luo bo gao	6
酱烧冬瓜条	jiang shao dong gua tiao	3
酱烧茄	jiang shao qie	7
酱烧茄子	jiang shao qie zi	7
酱烧茭白	jiang shao jiao bai	4
酱焖鹌鹑	jiang men an chun	4
酱爆牛肉	jiang bao niu rou	6
酱爆肉	jiang bao rou	7
酱爆肉酥饼	jiang bao rou su bing	3
酱爆螺片	jiang bao luo pian	3
酱爆青蟹	jiang bao qing xie	4
酱玉瓜	jiang yu gua	7
酱瓜丝儿	jiang gua si er	5
酱羊肉	jiang yang rou	10
酱肉丝	jiang rou si	6
酱肉包	jiang rou bao	13
酱腌紫茄	jiang yan zi qie	2
酱菜四品	jiang cai si pin	5
酱萝卜头	jiang luo bo tou	5
酱蜜汁烤鸭脯	jiang mi zhi kao ya fu	3
酱螺蛳	jiang luo si	5
酱豆腐肉	jiang dou fu rou	6
酱酥桃仁	jiang su tao ren	5
酱香萝卜皮	jiang xiang luo bo pi	2
酱鸡	jiang ji	11
酱黄瓜	jiang huang gua	4
酱黑菜	jiang hei cai	5
酵粿	jiao guo	6
酶制剂	mei zhi ji	14
酷梨	ku li	5
酷蛋白酸钠	ku dan bai suan na	3
酸包菜炒粉皮	suan bao cai chao fen pi	3
酸奶子	suan nai zi	11
酸奶戚风	suan nai qi feng	3
酸奶果冻	suan nai guo dong	10
酸奶芝士蛋糕	suan nai zhi shi dan gao	3
酸奶饼	suan nai bing	7
酸奶黄瓜	suan nai huang gua	2
酸度调节剂	suan du tiao jie ji	2
酸性红	suan xing hong	3
酸木瓜	suan mu gua	12
酸枣仁枸杞茶	suan zao ren gou qi cha	2
酸枣色	suan zao se	3
酸枣露	suan zao lu	5
酸橙	suan cheng	6
酸汤水饺	suan tang shui jiao	29
酸汤米线	suan tang mi xian	1
酸汤饵丝	suan tang er si	1
酸汤龙骨面	suan tang long gu mian	3
酸牛乳	suan niu ru	10
酸白菜	suan bai cai	8
酸笋焖鱼	suan sun men yu	3
酸笋煮鸡	suan sun zhu ji	8
酸腌菜炒藕	suan yan cai chao ou	3
酸莓	suan mei	41
酸菜小豆汤	suan cai xiao dou tang	2
酸菜梅鱼	suan cai mei yu	3
酸菜火锅	suan cai huo guo	6
酸菜炒米	suan cai chao mi	2
酸菜煮鱼	suan cai zhu yu	4
酸菜牛	suan cai niu	9
酸菜猪肉炖粉条	suan cai zhu rou dun fen tiao	7
酸菜粉丝汤	suan cai fen si tang	7
酸菜饵块粑	suan cai er kuai ba	2
酸菜鱿鱼	suan cai you yu	5
酸菜黑圪条	suan cai hei ge tiao	5
酸萝卜老鸭汤	suan luo bo lao ya tang	6
酸蚂蚁蛋	suan ma yi dan	5
酸豆	suan dou	10
酸豆角炒肉末	suan dou jiao chao rou mo	1
酸豆角肉沫	suan dou jiao rou mo	5
酸辣三丝	suan la san si	3
酸辣冷鱼	suan la leng yu	3
酸辣凤爪	suan la feng zhua	7
酸辣大白菜	suan la da bai cai	5
酸辣岩水豆花	suan la yan shui dou hua	3
酸辣海参锅巴	suan la hai shen guo ba	2
酸辣牛肉	suan la niu rou	13
酸辣狗肉	suan la gou rou	6
酸辣猪肚	suan la zhu du	2
酸辣白菜	suan la bai cai	6
酸辣羹	suan la geng	5
酸辣肘子	suan la zhou zi	4
酸辣肚丝汤	suan la du si tang	2
酸辣肥肠	suan la fei chang	2
酸辣臊子蹄筋	suan la sao zi ti jin	2
酸辣萝卜干	suan la luo bo gan	3
酸辣蕨根粉	suan la jue gen fen	6
酸辣藕丁	suan la ou ding	3
酸辣豆花	suan la dou hua	9
酸辣蹄筋	suan la ti jin	6
酸辣面	suan la mian	20
酸辣饺面	suan la jiao mian	4
酸辣鱼	suan la yu	11
酸辣鱿鱼丝	suan la you yu si	4
酸辣鸡丁	suan la ji ding	5
酸辣鸡杂	suan la ji za	6
酸鱼	suan yu	5
酸黄菜	suan huang cai	6
酿倭瓜	niang wo gua	4
酿冬瓜	niang dong gua	6
酿冬瓜圈	niang dong gua quan	4
酿山药	niang shan yao	5
酿枇杷	niang pi pa	6
酿海参	niang hai shen	5
酿白兰瓜	niang bai lan gua	5
酿皮	niang pi	44
酿皮子	niang pi zi	19
酿藕	niang ou	6
酿豆腐	niang dou fu	35
酿银瓜	niang yin gua	2
酿雪梨	niang xue li	6
酿青椒	niang qing jiao	2
醉排骨	zui pai gu	2
醉活虾	zui huo xia	5
醉蚌肉	zui bang rou	6
醉蟹	zui xie	37
醉蟹清炖鸡	zui xie qing dun ji	3
醉鸡	zui ji	1
醉鸡翅	zui ji chi	5
醉鹅掌	zui e zhang	2
醋拌莲藕	cu ban lian ou	3
醋椒桂鱼	cu jiao gui yu	4
醋椒活鱼	cu jiao huo yu	3
醋椒鱼	cu jiao yu	8
醋溜白菜	cu liu bai cai	19
醋溜藕片	cu liu ou pian	4
醋溜鱼	cu liu yu	6
醋溜黄瓜	cu liu huang gua	6
醋烟肉片儿	cu yan rou pian er	5
醋熘鳜鱼	cu liu gui yu	6
醋粟	cu su	8
醋辣白菜梗	cu la bai cai geng	3
醒胃腌椰菜花	xing wei yan ye cai hua	2
醒脑安神冬瓜汤	xing nao an shen dong gua tang	2
醪糟小汤圆	lao zao xiao tang yuan	6
醪糟罐头	lao zao guan tou	4
醪糟蛋	lao zao dan	9
醪糟鸡蛋	lao zao ji dan	5
醪糟麻花	lao zao ma hua	5
采芝斋糖果	cai zhi zhai tang guo	4
里叶白莲	li ye bai lian	5
里水金丝虾	li shui jin si xia	2
里水霸王鸭	li shui ba wang ya	2
重庆口水鸡	chong qing kou shui ji	4
重庆毛血旺	chong qing mao xue wang	6
重庆水煮鱼	chong qing shui zhu yu	2
重庆火锅鱼	chong qing huo guo yu	1
重庆老火锅	chong qing lao huo guo	29
重庆辣子鸡	chong qing la zi ji	1
重油炒面	zhong you chao mian	3
重酥烧饼	zhong su shao bing	4
重阳栗糕	chong yang li gao	5
重阳糕	chong yang gao	6
重阳花糕	chong yang hua gao	8
野味火锅	ye wei huo guo	9
野太阳	ye tai yang	24
野山椒河蚌炖猪脚	ye shan jiao he bang dun zhu jiao	2
野山椒牛肉丝	ye shan jiao niu rou si	4
野无花果	ye wu hua guo	4
野猪肉	ye zhu rou	31
野生大鱼坊	ye sheng da yu fang	2
野生菌汤	ye sheng jun tang	1
野生酸枣汁	ye sheng suan zao zhi	6
野菜窝头	ye cai wo tou	6
野鸭桃仁丁	ye ya tao ren ding	5
野鸭脯	ye ya fu	3
野鸭菜饭	ye ya cai fan	5
金万利香橙酒	jin wan li xiang cheng jiu	3
金丝海蟹	jin si hai xie	4
金丝烧麦	jin si shao mai	5
金丝玉兔	jin si yu tu	2
金丝琥珀蜜枣	jin si hu po mi zao	7
金丝蜜枣	jin si mi zao	1
金丝酥雀	jin si su que	6
金丝饼	jin si bing	2
金刚脐	jin gang qi	6
金包银	jin bao yin	2
金华五仁月饼	jin hua wu ren yue bing	2
金华兔头煲	jin hua tu tou bao	7
金华汤包	jin hua tang bao	7
金华火腿	jin hua huo tui	40
金华玉树鸡	jin hua yu shu ji	5
金华豆豉	jin hua dou chi	3
金华酥饼	jin hua su bing	4
金华馒头	jin hua man tou	3
金奖惠明茶	jin jiang hui ming cha	7
金威啤酒	jin wei pi jiu	5
金山时雨茶	jin shan shi yu cha	3
金巴利	jin ba li	27
金德啤酒	jin de pi jiu	4
金星啤酒	jin xing pi jiu	1
金杏	jin xing	4
金枪鱼三文治	jin qiang yu san wen zhi	3
金枪鱼沙拉	jin qiang yu sha la	8
金枪鱼面包	jin qiang yu mian bao	1
金柑桔饼	jin gan ju bing	3
金柑饼	jin gan bing	4
金桔花	jin ju hua	6
金樱子杜仲煲猪尾	jin ying zi du zhong bao zhu wei	3
金樱子棕	jin ying zi zong	4
金汉斯烤肉	jin han si kao rou	7
金溪藕丝糖	jin xi ou si tang	3
金澳	jin ao	1
金牌叉烧酥	jin pai cha shao su	1
金牌手撕鸭	jin pai shou si ya	3
金牌猪手王	jin pai zhu shou wang	3
金牌蒜香骨	jin pai suan xiang gu	6
金牛牌奶油蛋卷	jin niu pai nai you dan juan	3
金牛鸭子	jin niu ya zi	3
金狮绣球	jin shi xiu qiu	3
金玉满堂	jin yu man tang	44
金瓜芋泥	jin gua yu ni	7
金瓜酥	jin gua su	2
金盏松茸	jin zhan song rong	2
金糕	jin gao	11
金糕卷	jin gao juan	4
金线吊葫芦	jin xian diao hu lu	8
金线油塔	jin xian you ta	1
金耳	jin er	26
金腿烧圆鱼	jin tui shao yuan yu	3
金腿脊梅炖腰酥	jin tui ji mei dun yao su	3
金腿鲫鱼	jin tui ji yu	3
金色咖啡茶	jin se ka fei cha	3
金菇掐菜	jin gu qia cai	5
金菊	jin ju	13
金蟾拜月	jin chan bai yue	7
金蟾玉鲍	jin chan yu bao	5
金酒	jin jiu	44
金针菇培根	jin zhen gu pei gen	3
金针菇罐头	jin zhen gu guan tou	8
金针菇肉丝	jin zhen gu rou si	2
金针菇肉丝汤	jin zhen gu rou si tang	3
金针豆腐	jin zhen dou fu	4
金钩包子	jin gou bao zi	2
金钩挂玉牌	jin gou gua yu pai	5
金钩翡翠	jin gou fei cui	4
金钱口蘑汤	jin qian kou mo tang	4
金钱吐丝	jin qian tu si	3
金钱干贝	jin qian gan bei	3
金钱洋芋饼	jin qian yang yu bing	5
金钱海参	jin qian hai shen	6
金钱牛排	jin qian niu pai	3
金钱肉	jin qian rou	9
金钱饼	jin qian bing	8
金钱香菇	jin qian xiang gu	4
金钱鱼肚	jin qian yu du	5
金钱鸡卷	jin qian ji juan	2
金钱鸡塔	jin qian ji ta	5
金银枣	jin yin zao	5
金银蹄	jin yin ti	8
金银馒头	jin yin man tou	2
金银鸽肉	jin yin ge rou	3
金锋鲁肉饭	jin feng lu rou fan	2
金锣火腿肠	jin luo huo tui chang	7
金镶玉板	jin xiang yu ban	2
金雀舌	jin que she	5
金鱼戏莲	jin yu xi lian	7
金鱼角	jin yu jiao	3
金鱼饺	jin yu jiao	7
金鱼鸭掌	jin yu ya zhang	7
金黄蜜枣	jin huang mi zao	7
鑫鼎	xin ding	11
钟水饺	zhong shui jiao	31
钱江鲈鱼	qian jiang lu yu	3
钱钱饭	qian qian fan	4
钵仔禾虫	bo zai he chong	7
钵钵鸡	bo bo ji	11
铁扒仔鸡	tie pa zi ji	3
铁板日本豆腐	tie ban ri ben dou fu	3
铁板泥鳅	tie ban ni qiu	3
铁板牛肉	tie ban niu rou	6
铁板猪杂	tie ban zhu za	5
铁板田鸡	tie ban tian ji	6
铁板肥肠	tie ban fei chang	4
铁板腰花	tie ban yao hua	2
铁板茄子	tie ban qie zi	1
铁板鱿鱼	tie ban you yu	34
铁板鱿鱼须	tie ban you yu xu	1
铁板鳝鱼	tie ban shan yu	5
铁板鸡杂	tie ban ji za	4
铁板黑椒牛柳	tie ban hei jiao niu liu	6
铁狮子头	tie shi zi tou	1
铁素四色球	tie su si se qiu	3
铁锅蛋	tie guo dan	1
铜井巷素面	tong jing xiang su mian	4
铜仁社饭	tong ren she fan	5
铜仁绿豆粉	tong ren lv dou fen	6
铭雄明	ming xiong ming	4
银丝仔乌汤	yin si zi wu tang	2
银丝圆	yin si yuan	5
银丝酥	yin si su	5
银丝面	yin si mian	5
银包金	yin bao jin	9
银杏芋泥	yin xing yu ni	4
银杏蒸鸭	yin xing zheng ya	5
银杏蚬鸭煲	yin xing xian ya bao	3
银杞明目汤	yin qi ming mu tang	3
银牙韭菜花	yin ya jiu cai hua	2
银耳保健饮料	yin er bao jian yin liao	2
银耳大枣汤	yin er da zao tang	5
银耳果羹	yin er guo geng	3
银耳汽锅鸡	yin er qi guo ji	4
银耳雪梨柚子蜜	yin er xue li you zi mi	3
银耳香菇鸡肉汤	yin er xiang gu ji rou tang	3
银花薄荷饮	yin hua bo he yin	5
银芽韭菜花	yin ya jiu cai hua	3
银芽鸡丝	yin ya ji si	6
银鱼干	yin yu gan	1
银鱼柳	yin yu liu	7
银鱼肉丝	yin yu rou si	2
银鱼藕丝	yin yu ou si	3
银鳕鱼	yin xue yu	14
铺层馍馍	pu ceng mo mo	2
铺盖面	pu gai mian	19
锅塌菠菜	guo ta bo cai	6
锅塌蒲菜	guo ta pu cai	4
锅塌豆腐	guo ta dou fu	8
锅塌鸡片	guo ta ji pian	2
锅塌黄鱼	guo ta huang yu	4
锅巴三鲜	guo ba san xian	5
锅巴油粉	guo ba you fen	7
锅巴肉片	guo ba rou pian	1
锅巴菜	guo ba cai	37
锅散丹	guo san dan	3
锅榻腰盒	guo ta yao he	3
锅渣	guo zha	2
锅烧海参	guo shao hai shen	7
锅烧猪蹄儿	guo shao zhu ti er	6
锅烧白菜	guo shao bai cai	6
锅烧肘子	guo shao zhou zi	7
锅烧鲤鱼	guo shao li yu	7
锅烧鳗	guo shao man	6
锅烧鸡	guo shao ji	7
锅烧鸭	guo shao ya	7
锅煽豆腐	guo shan dou fu	3
锅熠银鱼	guo yi yin yu	3
锅盔辣子	guo kui la zi	1
锅盔馍	guo kui mo	8
锅盖面	guo gai mian	27
锅贴石斑夹	guo tie shi ban jia	3
锅贴饺	guo tie jiao	14
锅贴鱼	guo tie yu	6
锅贴鱼片	guo tie yu pian	5
锅贴鸡片	guo tie ji pian	3
锅贴鸭方	guo tie ya fang	2
锅边	guo bian	45
锅边糊	guo bian hu	10
锅酥牛肉	guo su niu rou	2
锅魁夹卤肉	guo kui jia lu rou	4
锡包银鳕鱼	xi bao yin xue yu	3
锥栗	zhui li	8
锥栗罐头	zhui li guan tou	3
锦城露芽	jin cheng lu ya	2
锦山牛肉干	jin shan niu rou gan	6
锦州什锦小菜	jin zhou shi jin xiao cai	3
锦江烤鸭	jin jiang kao ya	5
锦绣鱼丝	jin xiu yu si	6
锦芳	jin fang	18
锦芳小吃店	jin fang xiao chi dian	9
镇宁波波糖	zhen ning bo bo tang	7
镇平道口烧鸡	zhen ping dao kou shao ji	4
镇远陈年道菜	zhen yuan chen nian dao cai	3
镜糕	jing gao	13
镶碗	xiang wan	5
镶竹荪	xiang zhu sun	2
长人馄饨	chang ren hun tun	1
长城干白葡萄酒	chang cheng gan bai pu tao jiu	7
长城饽椤饼	chang cheng bo luo bing	5
长子炒饼	zhang zi chao bing	5
长安板栗	chang an ban li	5
长寿糕	chang shou gao	7
长寿薄脆	chang shou bo cui	3
长寿龙须面	chang shou long xu mian	3
长崎蜂蜜蛋糕	chang qi feng mi dan gao	3
长春卷	chang chun juan	9
长春鹿鞭汤	chang chun lu bian tang	3
长武锅盔	chang wu guo kui	5
长汀豆腐干	chang ting dou fu gan	9
长治山楂饼	chang zhi shan zha bing	4
长治腊驴肉	chang zhi la lv rou	4
长清大素包	chang qing da su bao	4
门钉肉饼	men ding rou bing	5
闪子	shan zi	9
问荆茶	wen jing cha	2
闷炉烧饼	men lu shao bing	2
闻喜煮饼	wen xi zhu bing	8
闻喜饼	wen xi bing	7
闽生果	min sheng guo	5
闽菜	min cai	14
阆中白糖蒸馍	lang zhong bai tang zheng mo	3
阜宁大糕	fu ning da gao	3
阳光地带	yang guang di dai	8
阳城肉罐肉	yang cheng rou guan rou	4
阳高杏脯	yang gao xing fu	6
阴菜牛展汤	yin cai niu zhan tang	2
阿拉伯咖啡	a la bo ka fei	9
阿拉伯胶	a la bo jiao	26
阿斯巴甜	a si ba tian	18
阿焕鸭面	a huan ya mian	5
阿胶养阴粥	e jiao yang yin zhou	3
阿胶炖肉	e jiao dun rou	5
阿胶牛肉汤	e jiao niu rou tang	3
阿里山高山茶	a li shan gao shan cha	9
附片归杞炖羊肉	fu pian gui qi dun yang rou	4
陆家浜糖枣	lu jia bang tang zao	3
陆稿荐卤肉	lu gao jian lu rou	1
陆记烫面炸糕	lu ji tang mian zha gao	5
陇县马蹄酥	long xian ma ti su	5
陈年菜脯鸡	chen nian cai fu ji	3
陈春麻辣粉	chen chun ma la fen	5
陈村枧水	chen cun jian shui	5
陈皮兔肉	chen pi tu rou	4
陈皮爆河虾	chen pi bao he xia	2
陈皮牛肉	chen pi niu rou	9
陈皮鹅	chen pi e	4
陈醋焖咸蛋	chen cu men xian dan	4
陈麻婆	chen ma po	1
陈麻婆豆腐	chen ma po dou fu	3
降红木素	jiang hong mu su	4
降脂益寿茶	jiang zhi yi shou cha	4
陕北红小豆	shan bei hong xiao dou	5
陕西党参	shan xi dang shen	5
陡门头灯盏糕	dou men tou deng zhan gao	4
陵水酸粉	ling shui suan fen	1
陶然居	tao ran ju	2
陶陶居	tao tao ju	30
陶陶居上月	tao tao ju shang yue	5
隆鑫	long xin	9
随上荷叶卷	sui shang he ye juan	3
随上薄饼	sui shang bao bing	4
随滑飞龙	sui hua fei long	2
雀巢冰咖啡	que chao bing ka fei	5
雀巢淡奶油	que chao dan nai you	3
雀巢鸟窝	que chao niao wo	2
雀巢黑椒牛柳	que chao hei jiao niu liu	2
雁荡毛峰茶	yan dang mao feng cha	6
雁荡白云茶	yan dang bai yun cha	3
雄鸡雪莲盅	xiong ji xue lian zhong	2
雅丽嘉	ya li jia	8
雅诗轩	ya shi xuan	4
集贤里	ji xian li	8
雕梅	diao mei	10
雪团	xue tuan	9
雪山梅	xue shan mei	1
雪山潭虾	xue shan tan xia	2
雪山蛋糕	xue shan dan gao	5
雪映红梅	xue ying hong mei	7
雪月羊肉	xue yue yang rou	4
雪梨兔肉羹	xue li tu rou geng	2
雪梨炖燕窝	xue li dun yan wo	4
雪梨肘棒	xue li zhou bang	2
雪梨酒	xue li jiu	8
雪片糕	xue pian gao	7
雪绵豆沙	xue mian dou sha	4
雪耳炖白鸽	xue er dun bai ge	3
雪花桃泥	xue hua tao ni	5
雪花糕	xue hua gao	4
雪花羊肉	xue hua yang rou	8
雪花蟹斗	xue hua xie dou	7
雪花豆腐	xue hua dou fu	7
雪花豆腐羹	xue hua dou fu geng	5
雪花鱼翅	xue hua yu chi	4
雪花鱼肚	xue hua yu du	3
雪花鸡汤	xue hua ji tang	4
雪花鸡淖	xue hua ji nao	4
雪花龙须面	xue hua long xu mian	4
雪菜大汤黄鱼	xue cai da tang huang yu	6
雪菜笋丝汤	xue cai sun si tang	4
雪菜肉丝	xue cai rou si	22
雪蛋	xue dan	4
雪蛤膏专门店	xue ge gao zhuan men dian	4
雪衣红沙	xue yi hong sha	2
雪里红肉沫	xue li hong rou mo	4
雪里藏珍	xue li cang zhen	4
雪里藏珠	xue li cang zhu	2
雪顶咖啡	xue ding ka fei	39
零点咖啡	ling dian ka fei	8
雷公山天麻	lei gong shan tian ma	2
雷家豆腐元子	lei jia dou fu yuan zi	3
雷家豆腐圆子	lei jia dou fu yuan zi	8
雷州狗肉煲	lei zhou gou rou bao	1
雾洞茶	wu dong cha	3
震运同玫瑰酥糖	zhen yun tong mei gui su tang	2
震远同玫瑰酥糖	zhen yuan tong mei gui su tang	6
霉干菜烧肉	mei gan cai shao rou	9
青制啤酒	qing zhi pi jiu	5
青城泡菜	qing cheng pao cai	7
青城苦丁茶	qing cheng ku ding cha	5
青城茶	qing cheng cha	8
青岛纯生	qing dao chun sheng	5
青岛高粱饴	qing dao gao liang yi	5
青岩茗翠	qing yan ming cui	8
青木瓜	qing mu gua	47
青椒南瓜	qing jiao nan gua	3
青椒回锅肉	qing jiao hui guo rou	2
青椒塞肉	qing jiao se rou	3
青椒炒子鸡	qing jiao chao zi ji	3
青椒炒蛋	qing jiao chao dan	14
青椒煎蛋	qing jiao jian dan	2
青椒牛肉丝	qing jiao niu rou si	6
青椒玉米	qing jiao yu mi	5
青椒皮蛋	qing jiao pi dan	5
青椒豇豆	qing jiao jiang dou	1
青海名菜	qing hai ming cai	4
青海带	qing hai dai	9
青海月饼	qing hai yue bing	6
青瓜皮蛋汤	qing gua pi dan tang	3
青粉	qing fen	9
青精饭	qing jing fan	8
青芥末	qing jie mo	2
青苔童鸭糁	qing tai tong ya san	4
青苔童鸭豆糁	qing tai tong ya dou san	2
青菜肉丸汤	qing cai rou wan tang	4
青菠面	qing bo mian	5
青萝卜陈皮煲鸭汤	qing luo bo chen pi bao ya tang	3
青蒜炒腊肉	qing suan chao la rou	4
青蛋糕	qing dan gao	5
青蟹粉丝煲	qing xie fen si bao	3
青豆牛肉末	qing dou niu rou mo	3
青豆色拉	qing dou se la	3
青鱼秃肺	qing yu tu fei	6
靖江牛肉脯	jing jiang niu rou fu	2
静宁烧鸡	jing ning shao ji	1
靛蓝铝色淀	dian lan lv se dian	2
非常可乐	fei chang ke le	7
非常男士	fei chang nan shi	3
面包改良剂	mian bao gai liang ji	8
面包环	mian bao huan	4
面包糠	mian bao kang	27
面包酥	mian bao su	1
面条像裤带	mian tiao xiang ku dai	7
面片汤	mian pian tang	10
面筋百叶	mian jin bai ye	6
面筋皮子	mian jin pi zi	3
面筋萨其马	mian jin sa qi ma	3
面粉处理剂	mian fen chu li ji	9
面粉改良剂	mian fen gai liang ji	1
面肺子	mian fei zi	15
面薄汤	mian bao tang	1
面鱼子	mian yu zi	6
面鲜	mian xian	1
鞍山肉枣	an shan rou zao	2
韧性饼干	ren xing bing gan	9
韩包子	han bao zi	1
韩国人参鸡	han guo ren shen ji	4
韩城羊肉臊子饸饹	han cheng yang rou sao zi he le	2
韩城羊肉饸饹	han cheng yang rou he le	2
韩式烤鱿鱼	han shi kao you yu	3
韩式辣酱鱿鱼丝	han shi la jiang you yu si	2
韭花	jiu hua	10
韭菜包	jiu cai bao	6
韭菜包子	jiu cai bao zi	9
韭菜合子	jiu cai he zi	1
韭菜墨鱼丝	jiu cai mo yu si	2
韭菜炒河虾	jiu cai chao he xia	1
韭菜炒绿豆芽	jiu cai chao lv dou ya	2
韭菜炒肉	jiu cai chao rou	1
韭菜炒莴笋丝	jiu cai chao wo sun si	2
韭菜炒黄鳝	jiu cai chao huang shan	2
韭菜盒	jiu cai he	12
韭菜馃	jiu cai guo	3
韭菜鲜鱿	jiu cai xian you	3
韭黄肉丝	jiu huang rou si	2
顶雪贡糕	ding xue gong gao	7
顶顶糕	ding ding gao	2
顺庆羊肉粉	shun qing yang rou fen	7
顾渚紫笋茶	gu zhu zi sun cha	8
颐之时	yi zhi shi	10
风味南美螺	feng wei nan mei luo	2
风味小炒	feng wei xiao chao	10
风味羊腿	feng wei yang tui	5
风味腊肠卷	feng wei la chang juan	2
风味龙虱	feng wei long shi	5
风封	feng feng	10
风干牛肉	feng gan niu rou	25
风情羊柳	feng qing yang liu	2
风林茄子	feng lin qie zi	4
风猪	feng zhu	10
风车苹果派	feng che ping guo pai	2
风车酥	feng che su	5
风鸡斩肉	feng ji zhan rou	3
风鸭	feng ya	8
飘仙一号	piao xian yi hao	4
飘香猪脆骨	piao xiang zhu cui gu	2
飞龙汤	fei long tang	7
飞龙脯	fei long fu	5
食品香料	shi pin xiang liao	1
食嘉益	shi jia yi	3
餐包	can bao	36
饮料罐头	yin liao guan tou	8
饸饹面	he le mian	10
饺子宴	jiao zi yan	15
饺子粑	jiao zi ba	2
饽饽二品	bo bo er pin	6
饽饽四品	bo bo si pin	6
馄饨侯	hun tun hou	2
馄饨千层饼	hun tun qian ceng bing	4
馄饨香蕉卷	hun tun xiang jiao juan	3
馄饨鸭子	hun tun ya zi	3
馋酥	chan su	4
馏鱼片	liu yu pian	6
馓子麻花	san zi ma hua	9
馕包肉	nang bao rou	6
馕坑肉	nang keng rou	10
首乌熟地炖兔肉	shou wu shu di dun tu rou	2
首乌肝片	shou wu gan pian	7
首乌鸡丁	shou wu ji ding	4
香兰素	xiang lan su	1
香卤猪肘	xiang lu zhu zhou	2
香叶油	xiang ye you	7
香叶醇	xiang ye chun	9
香天液	xiang tian ye	6
香德利	xiang de li	6
香心菜	xiang xin cai	5
香柚蜂蜜茶	xiang you feng mi cha	5
香槟酒	xiang bin jiu	35
香橙糕	xiang cheng gao	3
香水梨干	xiang shui li gan	5
香汁大虾	xiang zhi da xia	5
香油米花糖	xiang you mi hua tang	4
香油膳糊	xiang you shan hu	3
香浓黑巧克力蛋糕	xiang nong hei qiao ke li dan gao	2
香滑椰汁糕	xiang hua ye zhi gao	4
香滑鲈鱼球	xiang hua lu yu qiu	5
香炸云雾	xiang zha yun wu	4
香炸南瓜饼	xiang zha nan gua bing	2
香炸雪梨	xiang zha xue li	4
香烤肋排	xiang kao lei pai	3
香烹狍脊	xiang peng pao ji	3
香焙核桃挞	xiang bei he tao ta	3
香煎南瓜饼	xiang jian nan gua bing	4
香煎土豆饼	xiang jian tu dou bing	4
香煎柠檬鸭	xiang jian ning meng ya	3
香煎牛仔骨	xiang jian niu zai gu	6
香煎翘鱼	xiang jian qiao yu	2
香煎茄片	xiang jian qie pian	3
香煎莲藕饼	xiang jian lian ou bing	2
香煎菜脯蛋	xiang jian cai fu dan	2
香煎黄糕粑	xiang jian huang gao ba	2
香爆螺盏	xiang bao luo zhan	3
香片辫子包	xiang pian bian zi bao	2
香甜滋润玻璃肉饭	xiang tian zi run bo li rou fan	2
香甜粟米棒	xiang tian su mi bang	5
香甜酒	xiang tian jiu	1
香竹烤饭	xiang zhu kao fan	6
香竹饭	xiang zhu fan	9
香粽烧排骨	xiang zong shao pai gu	2
香糕	xiang gao	3
香糟田螺	xiang zao tian luo	4
香肠儿	xiang chang er	1
香肠炒油菜	xiang chang chao you cai	2
香肠烧菜花	xiang chang shao cai hua	3
香肠芥兰	xiang chang jie lan	3
香脂醋风味烤鸡	xiang zhi cu feng wei kao ji	3
香脆葡萄塔	xiang cui pu tao ta	2
香脆锅巴	xiang cui guo ba	4
香芋扣肉	xiang yu kou rou	3
香芋油鸭煲	xiang yu you ya bao	4
香芋蛋糕	xiang yu dan gao	2
香芒冰情	xiang mang bing qing	3
香芒心太软	xiang mang xin tai ruan	3
香芹片	xiang qin pian	4
香芹籽	xiang qin zi	8
香芹酮	xiang qin tong	6
香茅草烤鱼	xiang mao cao kao yu	9
香茅醇	xiang mao chun	13
香茅醛	xiang mao quan	8
香草凤尾虾	xiang cao feng wei xia	6
香草奶昔	xiang cao nai xi	8
香草绿豆糕	xiang cao lv dou gao	3
香草蛋糕	xiang cao dan gao	1
香草话梅	xiang cao hua mei	3
香菇包	xiang gu bao	12
香菇包子	xiang gu bao zi	5
香菇烧菜心	xiang gu shao cai xin	4
香菇瘦肉粥	xiang gu shou rou zhou	5
香菇素鸡	xiang gu su ji	3
香菇肉丝	xiang gu rou si	3
香菇肉末烧卖	xiang gu rou mo shao mai	2
香菇肉酱	xiang gu rou jiang	2
香菇肉酱罐头	xiang gu rou jiang guan tou	5
香菇茭白汤	xiang gu jiao bai tang	3
香菇西兰花	xiang gu xi lan hua	5
香菇豆角	xiang gu dou jiao	2
香菇醉鸡	xiang gu zui ji	4
香菇鸡肉粥	xiang gu ji rou zhou	5
香菜圆子	xiang cai yuan zi	8
香菜籽粉	xiang cai zi fen	5
香菜粉	xiang cai fen	7
香菜芯	xiang cai xin	3
香菠血糯饭	xiang bo xue nuo fan	2
香葱咖喱面包	xiang cong ka li mian bao	2
香葱苏打饼干	xiang cong su da bing gan	2
香蒜	xiang suan	11
香蒜面包	xiang suan mian bao	1
香蕉果炸	xiang jiao guo zha	3
香蕉粥	xiang jiao zhou	1
香蕉糕	xiang jiao gao	1
香蕉船	xiang jiao chuan	47
香蕉芝士蛋糕	xiang jiao zhi shi dan gao	3
香蕉蛋奶饼	xiang jiao dan nai bing	4
香蕉蛋糕	xiang jiao dan gao	15
香蕉软糖	xiang jiao ruan tang	4
香蕉酥	xiang jiao su	2
香蕉锅炸	xiang jiao guo zha	4
香蘑炖鸡	xiang mo dun ji	3
香蜂草	xiang feng cao	3
香辣咖哩面包	xiang la ka li mian bao	2
香辣毛豆	xiang la mao dou	2
香辣炒蟹	xiang la chao xie	6
香辣田鸡	xiang la tian ji	1
香辣盆盆虾	xiang la pen pen xia	6
香辣肉丝	xiang la rou si	4
香辣脆皮明虾	xiang la cui pi ming xia	2
香辣腌制料	xiang la yan zhi liao	3
香辣蹄花	xiang la ti hua	7
香辣霸王肘	xiang la ba wang zhou	5
香辣鸡	xiang la ji	2
香辣鸡翅	xiang la ji chi	17
香辣鸡腿堡	xiang la ji tui bao	13
香辣黄瓜条	xiang la huang gua tiao	4
香酥丹麦曲奇	xiang su dan mai qu qi	2
香酥凤腿	xiang su feng tui	3
香酥山药	xiang su shan yao	3
香酥牛柳卷	xiang su niu liu juan	2
香酥竹荪鱼	xiang su zhu sun yu	3
香酥糕	xiang su gao	6
香酥羊排	xiang su yang pai	6
香酥苹果	xiang su ping guo	5
香酥蛋塔盅	xiang su dan ta zhong	3
香酥蛋挞	xiang su dan ta	2
香酥饼	xiang su bing	1
香酥鸡	xiang su ji	1
香酥鸭	xiang su ya	19
香酥麻鸭	xiang su ma ya	8
香露苹果	xiang lu ping guo	5
馨华	xin hua	11
马乃司	ma nai si	6
马义兴	ma yi xing	7
马奶子酒	ma nai zi jiu	8
马奶酒	ma nai jiu	17
马家烧卖	ma jia shao mai	6
马家烧麦	ma jia shao mai	9
马打滚	ma da gun	8
马拉糕	ma la gao	1
马提尼	ma ti ni	29
马烧麦	ma shao mai	1
马牙肉	ma ya rou	6
马祥兴	ma xiang xing	1
马祥兴菜馆	ma xiang xing cai guan	7
马肉米粉	ma rou mi fen	2
马苏里拉	ma su li la	1
马虎面	ma hu mian	4
马记茶汤	ma ji cha tang	4
马谛氏	ma di shi	8
马赛鱼羹	ma sai yu geng	7
马蹄松	ma ti song	6
马蹄糕	ma ti gao	31
马蹄蛋糕	ma ti dan gao	2
马蹄酥	ma ti su	5
马铃薯冷汤	ma ling shu leng tang	3
马铃薯沙拉	ma ling shu sha la	6
驴板肠	lv ban chang	1
骨牛排	gu niu pai	2
骨痛药酒	gu tong yao jiu	6
骨髓壮	gu sui zhuang	8
高三酱肉	gao san jiang rou	6
高丽豆沙	gao li dou sha	4
高丽香蕉	gao li xiang jiao	3
高丽鱼条	gao li yu tiao	4
高倍果汁	gao bei guo zhi	4
高力豆沙	gao li dou sha	4
高原露	gao yuan lu	7
高密蜜枣	gao mi mi zao	4
高峰云雾茶	gao feng yun wu cha	5
高平烧豆腐	gao ping shao dou fu	7
高桥松糕	gao qiao song gao	3
高桥松饼	gao qiao song bing	2
高梁红	gao liang hong	8
高梁肉	gao liang rou	2
高汤水饺	gao tang shui jiao	7
高河菜	gao he cai	12
高粱饭	gao liang fan	8
高粱饴糖	gao liang yi tang	5
高纤维椰果	gao xian wei ye guo	8
高维苏肠	gao wei su chang	3
高邮咸鸭蛋	gao you xian ya dan	4
高邮董糖	gao you dong tang	2
鬼马牛肉	gui ma niu rou	5
魔力冰淇淋咖啡	mo li bing qi lin ka fei	6
魔芋烧鱼	mo yu shao yu	2
魔芋烧鸭	mo yu shao ya	2
魔芋糕	mo yu gao	6
魔芋锅巴炒肉丝	mo yu guo ba chao rou si	4
鮰鱼肚片	hui yu du pian	2
鯮鱼饼	zong yu bing	3
鱼三味	yu san wei	7
鱼丝面	yu si mian	7
鱼云酥	yu yun su	3
鱼儿粉	yu er fen	6
鱼包	yu bao	13
鱼匹子	yu pi zi	4
鱼咬羊	yu yao yang	8
鱼圆汤	yu yuan tang	7
鱼头火锅	yu tou huo guo	7
鱼头窝	yu tou wo	6
鱼头粉丝煲	yu tou fen si bao	3
鱼头豆腐汤	yu tou dou fu tang	10
鱼头豆腐煲	yu tou dou fu bao	6
鱼头酸笋汤	yu tou suan sun tang	4
鱼松	yu song	14
鱼柳烩杂海鲜	yu liu hui za hai xian	2
鱼汁	yu zhi	1
鱼汤面	yu tang mian	18
鱼片蒸水蛋	yu pian zheng shui dan	5
鱼皮花生	yu pi hua sheng	2
鱼米羹	yu mi geng	3
鱼罐头	yu guan tou	41
鱼羊炖时蔬	yu yang dun shi shu	2
鱼羊鲜	yu yang xian	2
鱼翅四大件	yu chi si da jian	5
鱼翅饺	yu chi jiao	7
鱼肉水饺	yu rou shui jiao	1
鱼肉汉堡	yu rou han bao	1
鱼肉肠	yu rou chang	5
鱼胶圆肉炖水鸭	yu jiao yuan rou dun shui ya	3
鱼脯丸子	yu fu wan zi	5
鱼腥草煲猪肺	yu xing cao bao zhu fei	5
鱼腥草蒸鸡	yu xing cao zheng ji	3
鱼腩煲	yu nan bao	6
鱼花豆腐	yu hua dou fu	2
鱼茸乳扇卷	yu rong ru shan juan	6
鱼露	yu lu	37
鱼饺	yu jiao	3
鱼香全茄	yu xiang quan qie	2
鱼香味	yu xiang wei	3
鱼香大虾	yu xiang da xia	6
鱼香油菜苔	yu xiang you cai tai	3
鱼香炒蛋	yu xiang chao dan	5
鱼香牛肉丝	yu xiang niu rou si	6
鱼香牛腩	yu xiang niu nan	3
鱼香肉片	yu xiang rou pian	6
鱼香腰花	yu xiang yao hua	5
鱼香苦瓜	yu xiang ku gua	4
鱼香茄条	yu xiang qie tiao	1
鱼香茄饼	yu xiang qie bing	6
鱼香荷包蛋	yu xiang he bao dan	5
鱼香菜心	yu xiang cai xin	2
鱼香酥青豆	yu xiang su qing dou	3
鱼鲞	yu xiang	1
鱼鳞酥	yu lin su	3
鱿鱼卷	you yu juan	9
鱿鱼蒜头酱	you yu suan tou jiang	3
鱿鱼鲞	you yu xiang	4
鲍汁百龄菇	bao zhi bai ling gu	3
鲍鱼罐头	bao yu guan tou	7
鲍鱼菇	bao yu gu	1
鲎馃	hou guo	4
鲑鱼奶油冻	gui yu nai you dong	4
鲔鱼三明治	wei yu san ming zhi	8
鲜味大虾	xian wei da xia	2
鲜哈蜜瓜汁	xian ha mi gua zhi	2
鲜奶泡夫	xian nai pao fu	3
鲜奶蘑菇	xian nai mo gu	4
鲜奶蛋糕	xian nai dan gao	2
鲜奶鱼	xian nai yu	4
鲜奶鱼茸羹	xian nai yu rong geng	2
鲜果布丁	xian guo bu ding	5
鲜果羹	xian guo geng	3
鲜果银耳	xian guo yin er	4
鲜果馅汤元	xian guo xian tang yuan	3
鲜柚子汁	xian you zi zhi	4
鲜柠脆虾球	xian ning cui xia qiu	4
鲜椒嫩仔鸡	xian jiao nen zi ji	3
鲜橙多	xian cheng duo	24
鲜炒鱼片	xian chao yu pian	3
鲜牛奶煮鱼	xian niu nai zhu yu	3
鲜瑶柱牛肉	xian yao zhu niu rou	2
鲜百合煎酿绿豆	xian bai he jian niang lv dou	4
鲜竹牛肉	xian zhu niu rou	3
鲜肉包	xian rou bao	6
鲜肉包子	xian rou bao zi	9
鲜肉小笼	xian rou xiao long	9
鲜肉抄手	xian rou chao shou	3
鲜肉榨菜月饼	xian rou zha cai yue bing	4
鲜肉汤团	xian rou tang tuan	7
鲜肉猫耳朵	xian rou mao er duo	4
鲜肉粽子	xian rou zong zi	5
鲜肉蒸馄饨	xian rou zheng hun tun	6
鲜肉香菇烧麦	xian rou xiang gu shao mai	2
鲜花玫瑰饼	xian hua mei gui bing	3
鲜花藤萝饼	xian hua teng luo bing	2
鲜花豆腐	xian hua dou fu	7
鲜荔枝	xian li zhi	3
鲜莲炒子鸡	xian lian chao zi ji	3
鲜菇虾丸汤	xian gu xia wan tang	5
鲜菊酥	xian ju su	4
鲜蔬足尊牛堡	xian shu zu zun niu bao	6
鲜蘑炒肉片	xian mo chao rou pian	2
鲜蘑菜心	xian mo cai xin	6
鲜蘑蒸鸡	xian mo zheng ji	2
鲜蘑豆腐	xian mo dou fu	6
鲜虾扒豆苗	xian xia pa dou miao	2
鲜虾腐皮卷	xian xia fu pi juan	1
鲜虾荷叶饭	xian xia he ye fan	5
鲜虾鸡蛋卷	xian xia ji dan juan	5
鲜豆苗	xian dou miao	4
鲜贝冬瓜球	xian bei dong gua qiu	2
鲜饼	xian bing	9
鲜鱼肉	xian yu rou	11
鲜鸡汤	xian ji tang	9
鲤跃龙门	li yue long men	5
鲤鱼三吃	li yu san chi	8
鲤鱼汤	li yu tang	1
鲤鱼焙面	li yu bei mian	1
鲤鱼粥	li yu zhou	6
鲤鱼苦瓜汤	li yu ku gua tang	3
鲤鱼补血汤	li yu bu xue tang	3
鲫鱼汆白玉	ji yu cuan bai yu	2
鲫鱼蘑菇汤	ji yu mo gu tang	2
鲫鱼豆腐汤	ji yu dou fu tang	11
鲫鱼黄瓜汤	ji yu huang gua tang	3
鲮鱼罐头	ling yu guan tou	3
鳄梨	e li	37
鳎目鱼	ta mu yu	7
鳝鱼凉米线	shan yu liang mi xian	5
鳝鱼煮馍	shan yu zhu mo	2
鳝鱼辣汤	shan yu la tang	3
鸟苷酸二钠	niao gan suan er na	7
鸠坑毛尖	jiu keng mao jian	8
鸡丁干粉	ji ding gan fen	2
鸡丝伊府面	ji si yi fu mian	4
鸡丝凉面	ji si liang mian	9
鸡丝月饼	ji si yue bing	2
鸡丝汤面	ji si tang mian	5
鸡丝炒年糕	ji si chao nian gao	3
鸡丝燕窝	ji si yan wo	7
鸡丝米粉	ji si mi fen	6
鸡丝虎掌菌	ji si hu zhang jun	6
鸡丝豆苗	ji si dou miao	5
鸡丝银耳	ji si yin er	5
鸡丝馄饨	ji si hun tun	7
鸡什刀削	ji shen dao xiao	5
鸡仔饼	ji zai bing	3
鸡包鱼翅	ji bao yu chi	6
鸡尾杯	ji wei bei	7
鸡心豆	ji xin dou	4
鸡杂	ji za	13
鸡杂炒干巴菌	ji za chao gan ba jun	8
鸡杂面	ji za mian	6
鸡枞	ji cong	39
鸡柳汉堡	ji liu han bao	7
鸡棕酥	ji zong su	6
鸡汁土豆泥	ji zhi tu dou ni	7
鸡汁油豆腐	ji zhi you dou fu	4
鸡汁燕窝	ji zhi yan wo	2
鸡汁锅贴	ji zhi guo tie	6
鸡汤三鲜馄饨	ji tang san xian hun tun	4
鸡汤氽海蚌	ji tang tun hai bang	7
鸡汤浸时蔬	ji tang jin shi shu	2
鸡汤煮千丝	ji tang zhu qian si	5
鸡油菜心	ji you cai xin	1
鸡沾口蘑	ji zhan kou mo	5
鸡火酥	ji huo su	5
鸡焖蟹煲	ji men xie bao	2
鸡粉调味料	ji fen tiao wei liao	8
鸡粥	ji zhou	1
鸡粥蒲菜	ji zhou pu cai	3
鸡纵	ji zong	2
鸡翅羊肚菌	ji chi yang du jun	2
鸡肉抄手	ji rou chao shou	7
鸡肉沙拉口袋饼	ji rou sha la kou dai bing	3
鸡肉生煎馒头	ji rou sheng jian man tou	6
鸡肉糁	ji rou shen	7
鸡肉线粉	ji rou xian fen	2
鸡肉饼	ji rou bing	2
鸡肠饼	ji chang bing	3
鸡腿汤	ji tui tang	1
鸡茸笔架鱼肚	ji rong bi jia yu du	4
鸡茸蘑菇汤	ji rong mo gu tang	7
鸡茸银耳	ji rong yin er	5
鸡蓉奶油羹	ji rong nai you geng	3
鸡蛋包藕	ji dan bao ou	3
鸡蛋春饼	ji dan chun bing	4
鸡蛋炒菠菜	ji dan chao bo cai	5
鸡蛋熨斗糕	ji dan yun dou gao	4
鸡蛋米浆粑粑	ji dan mi jiang ba ba	4
鸡蛋糕	ji dan gao	4
鸡蛋紫菜汤	ji dan zi cai tang	6
鸡蛋肉松卷	ji dan rou song juan	5
鸡血汤	ji xue tang	2
鸡血面	ji xue mian	4
鸡西冷面	ji xi leng mian	7
鸡豆冰粉	ji dou bing fen	3
鸡豆花	ji dou hua	9
鸡豌豆凉粉	ji wan dou liang fen	6
鸡蹄花	ji ti hua	4
鸡里爆	ji li bao	2
鸡鸭血汤	ji ya xue tang	1
鸡鸭饸饹	ji ya he le	3
鸭丝掐菜	ya si qia cai	5
鸭掌包	ya zhang bao	1
鸭母捻	ya mu nian	7
鸭油酥烧饼	ya you su shao bing	7
鸭羹	ya geng	1
鸭肝	ya gan	9
鸭肾汤	ya shen tang	4
鸭血汤	ya xue tang	7
鸭血粉丝	ya xue fen si	2
鸭血豆腐汤	ya xue dou fu tang	1
鸭黄豆腐	ya huang dou fu	5
鸳鸯哺乳	yuan yang bu ru	2
鸳鸯夹心饼	yuan yang jia xin bing	3
鸳鸯火锅底	yuan yang huo guo di	4
鸳鸯酥	yuan yang su	2
鸳鸯酥盒	yuan yang su he	4
鸳鸯饼	yuan yang bing	1
鸳鸯鱼枣	yuan yang yu zao	5
鸳鸯鸡粥	yuan yang ji zhou	5
鸽子玻璃糕	ge zi bo li gao	2
鸽戏牛蛙	ge xi niu wa	4
鸽蛋圆子	ge dan yuan zi	8
鸿兴泰	hong xing tai	6
鸿宾楼	hong bin lou	4
鸿起顺	hong qi shun	9
鸿起顺饭馆	hong qi shun fan guan	3
鹅石板江湖菜	e shi ban jiang hu cai	2
鹅肝坯	e gan pi	3
鹅肝酱	e gan jiang	12
鹅肝酱牛排	e gan jiang niu pai	6
鹅黄肉	e huang rou	5
鹌鹑枸杞粥	an chun gou qi zhou	3
鹌鹑蛋罐头	an chun dan guan tou	8
鹤庆乾酒	he qing qian jiu	7
鹤庆米糕	he qing mi gao	4
鹦鹉莴笋	ying wu wo sun	2
鹰扬虎视	ying yang hu shi	6
鹿大哈	lu da ha	1
鹿宛茶	lu wan cha	2
鹿肉汤	lu rou tang	8
鹿肉片	lu rou pian	7
鹿茸炖羊肾	lu rong dun yang shen	3
鹿茸牛肉卷	lu rong niu rou juan	4
鹿角胶	lu jiao jiao	1
鹿邑孔集卤鸡	lu yi kong ji lu ji	3
鹿鞭壮阳汤	lu bian zhuang yang tang	4
麂子干巴	ji zi gan ba	6
麒麟桂鱼	qi lin gui yu	6
麒麟石斑	qi lin shi ban	6
麒麟石斑鱼	qi lin shi ban yu	6
麒麟鲈鱼	qi lin lu yu	6
麝香猫咖啡	she xiang mao ka fei	8
麝香草酚	she xiang cao fen	2
麦仔茶	mai zi cha	3
麦德乐	mai de le	8
麦打滚	mai da gun	4
麦片粥	mai pian zhou	11
麦穗包	mai sui bao	5
麦精酥	mai jing su	2
麦糊烧	mai hu shao	3
麦胚饼干	mai pei bing gan	3
麦芬蛋糕	mai fen dan gao	5
麦芽山楂饮	mai ya shan zha yin	2
麦芽粥	mai ya zhou	7
麦芽糖醇	mai ya tang chun	2
麦芽茶	mai ya cha	9
麦芽酚	mai ya fen	5
麦角钙化醇	mai jiao gai hua chun	4
麦辣鸡翅	mai la ji chi	11
麦辣鸡腿汉堡	mai la ji tui han bao	2
麦金利	mai jin li	31
麦饭	mai fan	33
麦香鱼	mai xiang yu	17
麦香鸡	mai xiang ji	10
麻仁酥	ma ren su	6
麻仁酥鸭	ma ren su ya	3
麻仁鹿肉串	ma ren lu rou chuan	5
麻圆	ma yuan	8
麻城肉糕	ma cheng rou gao	4
麻姑茶	ma gu cha	7
麻婆豆腐餐厅	ma po dou fu can ting	3
麻巧	ma qiao	8
麻心元宵	ma xin yuan xiao	3
麻油干丝	ma you gan si	7
麻油鸡	ma you ji	12
麻滋粿	ma zi guo	3
麻烘糕	ma hong gao	7
麻球	ma qiu	12
麻籽茶	ma zi cha	6
麻粉肘子	ma fen zhou zi	7
麻芝	ma zhi	2
麻花腰子	ma hua yao zi	3
麻花酥鲫鱼	ma hua su ji yu	3
麻蓉炸糕	ma rong zha gao	3
麻辣兔头	ma la tu tou	30
麻辣兔火锅	ma la tu huo guo	2
麻辣冬瓜	ma la dong gua	2
麻辣冬笋	ma la dong sun	3
麻辣凤爪	ma la feng zhua	3
麻辣口条	ma la kou tiao	4
麻辣子鸡	ma la zi ji	9
麻辣水煮鱼	ma la shui zhu yu	12
麻辣火锅底	ma la huo guo di	3
麻辣烤肉	ma la kao rou	4
麻辣牛肉丝	ma la niu rou si	1
麻辣牛肉干	ma la niu rou gan	2
麻辣狗肉	ma la gou rou	1
麻辣猪肉干	ma la zhu rou gan	5
麻辣猪肝	ma la zhu gan	3
麻辣田螺	ma la tian luo	7
麻辣白菜	ma la bai cai	3
麻辣肉丁	ma la rou ding	3
麻辣肉片	ma la rou pian	1
麻辣肚丝	ma la du si	7
麻辣萝卜丝	ma la luo bo si	3
麻辣诱惑蛙	ma la you huo wa	5
麻辣豆腐	ma la dou fu	25
麻辣蹄筋	ma la ti jin	6
麻辣野鸡	ma la ye ji	5
麻辣香水鱼	ma la xiang shui yu	1
麻辣鳝片	ma la shan pian	3
麻辣鸭头	ma la ya tou	4
麻辣鸭脖子	ma la ya bo zi	6
麻辣鹌鹑	ma la an chun	5
麻辣黄鳝	ma la huang shan	4
麻酥油卷儿	ma su you juan er	6
麻酥糖	ma su tang	1
麻酱凤尾	ma jiang feng wei	8
麻酱拌豆腐	ma jiang ban dou fu	2
麻酱菠菜	ma jiang bo cai	6
麻酱饼	ma jiang bing	2
麻雀肉饼	ma que rou bing	3
麻食	ma shi	39
麻食子	ma shi zi	1
麻饼	ma bing	9
麻香酥鸭	ma xiang su ya	2
麻麻豆豆	ma ma dou dou	3
黄则	huang ze	37
黄原胶	huang yuan jiao	11
黄县肉盒	huang xian rou he	5
黄坦糖	huang tan tang	7
黄墩湖腊豆	huang dun hu la dou	2
黄家烤肉	huang jia kao rou	8
黄尖笋	huang jian sun	2
黄山毛峰	huang shan mao feng	2
黄山毛峰茶	huang shan mao feng cha	10
黄山炖鸽	huang shan dun ge	7
黄州烧梅	huang zhou shao mei	4
黄心管儿	huang xin guan er	7
黄松糕	huang song gao	7
黄板	huang ban	1
黄果冻	huang guo dong	1
黄桂柿子饼	huang gui shi zi bing	8
黄桂稠酒	huang gui chou jiu	1
黄桥烧饼	huang qiao shao bing	8
黄河鲤鱼	huang he li yu	6
黄油曲奇	huang you qu qi	13
黄油汁	huang you zhi	6
黄泥煨鸡	huang ni wei ji	6
黄泥螺	huang ni luo	5
黄焖狗肉	huang men gou rou	5
黄焖甲鱼	huang men jia yu	7
黄焖肉	huang men rou	1
黄焖鳗	huang men man	5
黄焖鸡块	huang men ji kuai	6
黄焖鸭肝	huang men ya gan	4
黄狮茶	huang shi cha	4
黄瓜炒肉丝	huang gua chao rou si	5
黄瓜鸡杂汤	huang gua ji za tang	2
黄石港饼	huang shi gang bing	6
黄石溪毛峰	huang shi xi mao feng	6
黄米切糕	huang mi qie gao	4
黄米油糕	huang mi you gao	6
黄米粽子	huang mi zong zi	7
黄粉	huang fen	6
黄精炖肉	huang jing dun rou	3
黄精蒸鸡	huang jing zheng ji	4
黄糕	huang gao	2
黄糕粑	huang gao ba	1
黄芪南枣黄鳝汤	huang qi nan zao huang shan tang	2
黄花菜瘦肉汤	huang hua cai shou rou tang	5
黄花酥	huang hua su	2
黄茶	huang cha	2
黄蚂蚁蛋	huang ma yi dan	6
黄蜀葵胶	huang shu kui jiao	4
黄袍加身	huang pao jia shen	14
黄豆炖猪脚	huang dou dun zhu jiao	4
黄豆猪肝汤	huang dou zhu gan tang	3
黄醪糟	huang lao zao	1
黄金咖喱角	huang jin ka li jiao	3
黄金堡	huang jin bao	4
黄金肉丸	huang jin rou wan	2
黄金角	huang jin jiao	1
黄金豆腐	huang jin dou fu	7
黄金香肉脯	huang jin xiang rou fu	6
黄面	huang mian	24
黄鱼丝	huang yu si	1
黄鱼鱼肚汤	huang yu yu du tang	3
黎家竹筒饭	li jia zhu tong fan	7
黏糊肉	nian hu rou	5
黑京果	hei jing guo	4
黑加仑红	hei jia lun hong	1
黑木耳红枣饮	hei mu er hong zao yin	6
黑松沙士	hei song sha shi	10
黑森林蛋糕	hei sen lin dan gao	14
黑椒牛仔骨	hei jiao niu zai gu	2
黑椒牛扒	hei jiao niu pa	3
黑椒牛柳	hei jiao niu liu	18
黑樱桃	hei ying tao	9
黑樱桃烧鸭脯	hei ying tao shao ya pu	3
黑玉米饮料	hei yu mi yin liao	2
黑玫瑰咖啡	hei mei gui ka fei	5
黑珍珠汤圆	hei zhen zhu tang yuan	4
黑瓜子	hei gua zi	2
黑白冰咖啡	hei bai bing ka fei	4
黑米稀饭	hei mi xi fan	1
黑糯米八宝饭	hei nuo mi ba bao fan	5
黑肠	hei chang	7
黑胡椒	hei hu jiao	45
黑胡椒溜肉	hei hu jiao liu rou	2
黑胡椒牛柳	hei hu jiao niu liu	8
黑胡椒碎	hei hu jiao sui	9
黑胡椒酱汁	hei hu jiao jiang zhi	5
黑菌蘑菇汤	hei jun mo gu tang	4
黑豆叶菜	hei dou ye cai	3
黑豆焖猪蹄	hei dou men zhu ti	4
黑豆红	hei dou hong	6
黑豆鲤鱼汤	hei dou li yu tang	5
黑香槟	hei xiang bin	5
黑麦金笋面	hei mai jin sun mian	2
黑麻酥	hei ma su	4
鼎丰白醋	ding feng bai cu	4
鼎泰丰小笼包	ding tai feng xiao long bao	1
鼎湖上素	ding hu shang su	2
鼎湖山茶饼	ding hu shan cha bing	7
鼎边糊	ding bian hu	2
鼓板龙蟹	gu ban long xie	2
鼓汁排骨	gu zhi pai gu	5
鼠尾草粉	shu wei cao fen	5
鼠曲果	shu qu guo	4
鼠曲粿	shu qu guo	7
齐山毛尖	qi shan mao jian	5
龙丹	long dan	4
龙井竹荪	long jing zhu sun	7
龙井虾仁	long jing xia ren	16
龙井金鱼	long jing jin yu	4
龙俐鱼	long li yu	5
龙凤双锤	long feng shuang chui	2
龙凤柔情	long feng rou qing	5
龙凤炒饭	long feng chao fan	3
龙凤瓦酥	long feng wa su	3
龙凤腿	long feng tui	3
龙凤配	long feng pei	6
龙凤面	long feng mian	1
龙凤饼	long feng bing	8
龙凤鲜汤	long feng xian tang	4
龙城狗肉	long cheng gou rou	3
龙宫照宝鸭	long gong zhao bao ya	3
龙岭五炒粉	long ling wu chao fen	3
龙川矿泉水	long chuan kuang quan shui	4
龙抄手	long chao shou	48
龙抄手餐厅	long chao shou can ting	5
龙抱凤蛋	long bao feng dan	4
龙炒手	long chao shou	4
龙爪肉丝	long zhao rou si	6
龙王夜宴	long wang ye yan	5
龙眼凤肝	long yan feng gan	3
龙眼包子	long yan bao zi	9
龙眼咸烧白	long yan xian shao bai	2
龙眼洋参饮	long yan yang shen yin	4
龙眼甜烧白	long yan tian shao bai	4
龙眼肉	long yan rou	14
龙眼莲子羹	long yan lian zi geng	3
龙眼虾仁	long yan xia ren	5
龙眼酥	long yan su	8
龙翅	long chi	10
龙胆酒	long dan jiu	7
龙脂猪血	long zhi zhu xue	8
龙脊茶	long ji cha	7
龙舟镢鱼	long zhou jue yu	5
龙虎凤烩	long hu feng hui	5
龙虾汤	long xia tang	3
龙虾酥糖	long xia su tang	2
龙衔海棠	long xian hai tang	3
龙身凤尾虾	long shen feng wei xia	7
龙须燕丸	long xu yan wan	4
龙须糕	long xu gao	7
龙须糖	long xu tang	8
龙须酥	long xu su	4
龟山茶	gui shan cha	4
龟鹤延年汤	gui he yan nian tang	3
