# 青简领域词库：历史人物，由 qingjian-dict-convert lexicon 从 THUOCL 拆出，基础词库里没有的部分。词	音节	词频
一真	yi zhen	8
丁丙	ding bing	5
丁义	ding yi	35
丁于	ding yu	6
丁仪	ding yi	1
丁伟	ding wei	29
丁佛言	ding fo yan	1
丁俊晖	ding jun hui	27
丁元公	ding yuan gong	3
丁军	ding jun	1
丁原	ding yuan	11
丁夫人	ding fu ren	2
丁奉	ding feng	20
丁子峻	ding zi jun	5
丁子江	ding zi jiang	3
丁宝桢	ding bao zhen	10
丁宝臣	ding bao chen	1
丁尼生	ding ni sheng	8
丁建华	ding jian hua	15
丁德隆	ding de long	8
丁志成	ding zhi cheng	3
丁惟汾	ding wei fen	39
丁文江	ding wen jiang	40
丁文琪	ding wen qi	2
丁文祥	ding wen xiang	3
丁斐	ding fei	13
丁日昌	ding ri chang	30
丁是娥	ding shi e	5
丁晏	ding yan	1
丁晓兵	ding xiao bing	1
丁晓峰	ding xiao feng	3
丁果仙	ding guo xian	2
丁汀	ding ting	8
丁泰	ding tai	3
丁济万	ding ji wan	3
丁炳权	ding bing quan	2
丁然	ding ran	1
丁玲	ding ling	43
丁瓒	ding zan	3
丁申	ding shen	4
丁磊	ding lei	17
丁福保	ding fu bao	11
丁立	ding li	6
丁立诚	ding li cheng	3
丁管	ding guan	1
丁耀亢	ding yao kang	4
丁肇中	ding zhao zhong	7
丁艳燕	ding yan yan	4
丁芸	ding yun	6
丁薇	ding wei	3
丁西林	ding xi lin	8
丁轶	ding yi	3
丁道衡	ding dao heng	5
丁静怡	ding jing yi	2
七原秋也	qi yuan qiu ye	3
七海奈奈	qi hai nai nai	1
万古蟾	wan gu chan	2
万承风	wan cheng feng	1
万斯大	wan si da	3
万春林	wan chun lin	5
万松龄	wan song ling	2
万正色	wan zheng se	5
万永福	wan yong fu	3
万籁鸣	wan lai ming	7
万经	wan jing	9
万美汐	wan mei xi	2
万耀煌	wan yao huang	11
万表	wan biao	1
万超尘	wan chao chen	2
万适	wan shi	1
三上博史	san shang bo shi	5
三池崇史	san chi chong shi	25
三浦友和	san pu you he	12
三浦春马	san pu chun ma	15
三浦研一	san pu yan yi	3
三石琴乃	san shi qin nai	14
三谷幸喜	san gu xing xi	27
上原多香子	shang yuan duo xiang zi	4
上原美优	shang yuan mei you	3
上地雄辅	shang di xiong fu	5
上官云珠	shang guan yun zhu	2
上官仪	shang guan yi	7
上官周	shang guan zhou	6
上官婉儿	shang guan wan er	27
上川隆也	shang chuan long ye	4
上户彩	shang hu cai	20
上木彩矢	shang mu cai shi	9
上洛	shang luo	3
上田龙也	shang tian long ye	7
上睿	shang rui	3
上野树里	shang ye shu li	21
下邳国	xia pi guo	5
不破万作	bu po wan zuo	4
不韦	bu wei	3
世阿弥	shi a mi	4
丘处机	qiu chu ji	25
丘岳	qiu yue	6
丘建	qiu jian	9
丘志广	qiu zhi guang	2
丘成桐	qiu cheng tong	41
丘逢甲	qiu feng jia	11
丘集	qiu ji	1
东仪秀树	dong yi xiu shu	4
东垣	dong yuan	21
东山纪之	dong shan ji zhi	3
东平陵	dong ping ling	9
东方朔	dong fang shuo	20
东方涂钦	dong fang tu qin	4
东方闻樱	dong fang wen ying	5
东昏侯	dong hun hou	27
东曹属	dong cao shu	2
东曹掾	dong cao yuan	4
东海林	dong hai lin	14
东皋	dong gao	14
两津勘吉	liang jin kan ji	6
严世蕃	yan shi fan	25
严从	yan cong	7
严健	yan jian	1
严凤英	yan feng ying	6
严可均	yan ke jun	11
严复	yan fu	40
严如熤	yan ru yi	2
严宽	yan kuan	36
严岳	yan yue	3
严庆龄	yan qing ling	11
严律南	yan lv nan	5
严恒	yan heng	4
严政	yan zheng	7
严文井	yan wen jing	4
严景耀	yan jing yao	1
严正花	yan zheng hua	5
严济慈	yan ji ci	12
严涛	yan tao	6
严淑明	yan shu ming	3
严澄	yan cheng	3
严独鹤	yan du he	3
严白虎	yan bai hu	6
严纲	yan gang	1
严绳孙	yan sheng sun	2
严蔚	yan wei	3
严衍	yan yan	2
严裕棠	yan yu tang	4
严观	yan guan	2
严辰	yan chen	6
严颜	yan yan	8
严颢	yan hao	3
中丁	zhong ding	3
中丘	zhong qiu	16
中丸雄一	zhong wan xiong yi	3
中井贵一	zhong jing gui yi	19
中友子	zhong you zi	1
中孝介	zhong xiao jie	11
中宿	zhong su	13
中尾隆圣	zhong wei long sheng	17
中居正广	zhong ju zheng guang	21
中山美穗	zhong shan mei sui	19
中岛京子	zhong dao jing zi	13
中岛健藏	zhong dao jian cang	2
中岛美雪	zhong dao mei xue	32
中岛裕翔	zhong dao yu xiang	34
中川翔子	zhong chuan xiang zi	21
中曾根康弘	zhong ceng gen kang hong	35
中村中	zhong cun zhong	3
中村狮童	zhong cun shi tong	10
中村苍	zhong cun cang	13
中村雅俊	zhong cun ya jun	8
中森明菜	zhong sen ming cai	20
中泽裕子	zhong ze yu zi	5
中田秀夫	zhong tian xiu fu	10
中西里菜	zhong xi li cai	3
中谢	zhong xie	6
中野宽也	zhong ye kuan ye	1
中野良子	zhong ye liang zi	3
丰云	feng yun	6
丰坊	feng fang	10
丰子恺	feng zi kai	45
丰川悦司	feng chuan yue si	24
丰臣秀次	feng chen xiu ci	4
丰臣秀赖	feng chen xiu lai	16
丰臣秀长	feng chen xiu chang	2
临戎	lin rong	3
临晋	lin jin	40
临沮	lin ju	7
临菑	lin zi	9
丸山隆平	wan shan long ping	19
主父偃	zhu fu yan	3
久保带人	jiu bao dai ren	45
久保田利伸	jiu bao tian li shen	24
义存	yi cun	9
乌伤	wu shang	14
乌尔班二世	wu er ban er shi	3
乌氏	wu shi	45
乌申斯基	wu shen si ji	4
乌雅氏	wu ya shi	20
乐宁	le ning	4
乐安国	le an guo	2
乐就	yue jiu	7
乐毅	yue yi	29
乐纯	le chun	16
乐进	yue jin	16
乐靖宜	le jing yi	1
乔世宁	qiao shi ning	4
乔冠华	qiao guan hua	27
乔凤伟	qiao feng wei	5
乔吉	qiao ji	38
乔国老	qiao guo lao	3
乔塞佩	qiao sai pei	3
乔宇	qiao yu	3
乔峰	qiao feng	32
乔本	qiao ben	6
乔松年	qiao song nian	1
乔楠	qiao nan	2
乔榛	qiao zhen	4
乔石	qiao shi	49
乔红	qiao hong	7
乔维怡	qiao wei yi	3
乔达	qiao da	17
乘氏	cheng shi	4
乙羽信子	yi yu xin zi	7
九鬼嘉隆	jiu gui jia long	3
乞鞫	qi ju	3
习经	xi jing	12
书佐	shu zuo	24
书圣	shu sheng	7
乾化	qian hua	2
乾祐	qian you	3
乾统	qian tong	4
二之宫知子	er zhi gong zhi zi	5
二乔	er qiao	28
二宫和也	er gong he ye	49
二月丫头	er yue ya tou	5
二月河	er yue he	9
二祥	er xiang	2
于丹	yu dan	34
于伶	yu ling	10
于光远	yu guang yuan	42
于台烟	yu tai yan	7
于吉	yu ji	4
于善庆	yu shan qing	3
于娜	yu na	8
于小伟	yu xiao wei	8
于川	yu chuan	7
于幼华	yu you hua	1
于彤	yu tong	3
于德基	yu de ji	1
于志勇	yu zhi yong	6
于慎行	yu shen xing	20
于敏中	yu min zhong	6
于文华	yu wen hua	5
于新春	yu xin chun	5
于是之	yu shi zhi	8
于曙光	yu shu guang	2
于树德	yu shu de	18
于渊	yu yuan	3
于潜	yu qian	20
于灏	yu hao	4
于照	yu zhao	4
于皓	yu hao	3
于禁	yu jin	42
于莎莎	yu sha sha	27
于西蔓	yu xi man	4
于钦	yu qin	7
于陵	yu ling	14
于震环	yu zhen huan	3
云玲	yun ling	1
五听	wu ting	6
五监	wu jian	2
五轮书	wu lun shu	1
五轮真弓	wu lun zhen gong	1
井上和彦	jing shang he yan	18
井上真央	jing shang zhen yang	25
井上织姬	jing shang zhi ji	16
井上阳水	jing shang yang shui	45
井上雄彦	jing shang xiong yan	19
井之原快彦	jing zhi yuan kuai yan	8
井勿幕	jing wu mu	3
井原西鹤	jing yuan xi he	4
井川遥	jing chuan yao	13
亚当斯密	ya dang si mi	3
亚由美	ya you mei	29
亚相	ya xiang	3
亚纱美	ya sha mei	1
亢宗	kang zong	1
交河城	jiao he cheng	3
亦舒	yi shu	47
亨得利	heng de li	17
亨曼	heng man	9
京本政树	jing ben zheng shu	2
人禅	ren chan	3
什伐赤	shi fa chi	4
仁宇	ren yu	21
仇兆鳌	qiu zhao ao	4
仇垲	qiu kai	4
仇晓	qiu xiao	6
仇连	qiu lian	4
今井绘理子	jin jing hui li zi	1
今宿麻美	jin su ma mei	2
今川义元	jin chuan yi yuan	30
今村俊也	jin cun jun ye	3
介卿	jie qing	15
介文	jie wen	16
从公	cong gong	10
仓持明日香	cang chi ming ri xiang	30
仓木麻衣	cang mu ma yi	49
付光明	fu guang ming	4
付晓芳	fu xiao fang	3
付静	fu jing	2
仙石秀久	xian shi xiu jiu	2
代勇	dai yong	5
代善	dai shan	40
令居	ling ju	21
仪狄	yi di	6
仲仁	zhong ren	18
仲代达矢	zhong dai da shi	16
仲壬	zhong ren	1
仲子	zhong zi	20
仲宣	zhong xuan	17
仲山	zhong shan	8
仲康	zhong kang	11
仲翔	zhong xiang	9
仲远	zhong yuan	29
仲长统	zhong chang tong	2
仲间由纪惠	zhong jian you ji hui	22
仲颖	zhong ying	5
任光	ren guang	31
任可澄	ren ke cheng	5
任城国	ren cheng guo	2
任士林	ren shi lin	2
任家萱	ren jia xuan	15
任峻	ren jun	11
任建新	ren jian xin	6
任晓静	ren xiao jing	9
任枫	ren feng	2
任汝芬	ren ru fen	5
任泉	ren quan	36
任海波	ren hai bo	7
任淇	ren qi	1
任源	ren yuan	3
任溶溶	ren rong rong	5
任玥	ren yue	9
任环	ren huan	5
任程伟	ren cheng wei	8
任远征	ren yuan zheng	2
任道逊	ren dao xun	2
任道镕	ren dao rong	1
任长霞	ren chang xia	2
任陈晋	ren chen jin	2
任颐	ren yi	1
伊万丘克	yi wan qiu ke	4
伊东美咲	yi dong mei xiao	4
伊克巴尔	yi ke ba er	19
伊凡雷帝	yi fan lei di	10
伊利克	yi li ke	4
伊势谷友介	yi shi gu you jie	7
伊基塔	yi ji ta	5
伊壁鸠鲁	yi bi jiu lu	41
伊尹	yi yin	32
伊月	yi yue	3
伊海	yi hai	4
伊秉绶	yi bing shou	6
伊籍	yi ji	5
伊莎贝拉一世	yi sha bei la yi shi	32
伊藤千晃	yi teng qian huang	7
伊藤步	yi teng bu	8
伊藤淳史	yi teng chun shi	5
伊藤由奈	yi teng you nai	1
伊藤英明	yi teng ying ming	22
伊藤诚	yi teng cheng	3
伊藤隆大	yi teng long da	1
伊藤静	yi teng jing	15
伊达直人	yi da zhi ren	5
伍仕贤	wu shi xian	6
伍代夏子	wu dai xia zi	2
伍孚	wu fu	2
伍宪子	wu xian zi	12
伍崇曜	wu chong yao	10
伍延鎏	wu yan liu	3
伍廷芳	wu ting fang	37
伍德彝	wu de yi	3
伍思凯	wu si kai	23
伍洪	wu hong	9
伍洲彤	wu zhou tong	2
伍琼	wu qiong	3
伍瑞隆	wu rui long	3
伍郎	wu lang	2
伍长华	wu zhang hua	3
伍霞	wu xia	6
伍飞	wu fei	3
伍骥	wu ji	2
伏契克	fu qi ke	3
伏完	fu wan	4
伏明霞	fu ming xia	5
伏皇后	fu huang hou	9
伏胜	fu sheng	2
休伊特	xiu yi te	47
休徵	xiu zheng	3
会津藩	hui jin fan	25
会稽王	kuai ji wang	33
会考府	hui kao fu	1
伦森布林克	lun sen bu lin ke	21
伯仁	bo ren	18
伯益	bo yi	6
佐伯日菜子	zuo bo ri cai zi	3
佐佐木小次郎	zuo zuo mu xiao ci lang	24
佐佐木希	zuo zuo mu xi	18
佐佐木敦子	zuo zuo mu dun zi	2
佐佐木麻绪	zuo zuo mu ma xu	1
佐藤健	zuo teng jian	47
佐藤利奈	zuo teng li nai	17
佐藤多佳子	zuo teng duo jia zi	7
佐藤宽子	zuo teng kuan zi	1
佐藤春夫	zuo teng chun fu	9
佐藤浩市	zuo teng hao shi	27
佐藤爱	zuo teng ai	6
佐藤直纪	zuo teng zhi ji	4
佐藤蓝子	zuo teng lan zi	6
佐藤裕美	zuo teng yu mei	13
佐藤隆太	zuo teng long tai	10
佐藤麻衣	zuo teng ma yi	1
何中	he zhong	10
何乔远	he qiao yuan	9
何亮亮	he liang liang	2
何仙姑	he xian gu	31
何元锡	he yuan xi	1
何全	he quan	5
何其伟	he qi wei	1
何冬	he dong	1
何冰	he bing	48
何凤	he feng	11
何叔衡	he shu heng	28
何国栋	he guo dong	1
何基	he ji	13
何大成	he da cheng	3
何太后	he tai hou	6
何如宠	he ru chong	2
何子渊	he zi yuan	4
何孟春	he meng chun	4
何守志	he shou zhi	4
何守正	he shou zheng	6
何宗	he zong	26
何庆元	he qing yuan	2
何志锋	he zhi feng	3
何承天	he cheng tian	10
何振岱	he zhen dai	1
何敏	he min	33
何旃理	he zhan li	2
何晏	he yan	37
何景明	he jing ming	7
何晴	he qing	8
何曼	he man	14
何栋	he dong	12
何桂清	he gui qing	1
何梦瑶	he meng yao	2
何植	he zhi	2
何毅	he yi	37
何永绍	he yong shao	3
何洋	he yang	3
何海洋	he hai yang	2
何深	he shen	6
何澄	he cheng	11
何炫	he xuan	2
何炳棣	he bing di	7
何焯	he zhuo	7
何玉成	he yu cheng	3
何琢言	he zhuo yan	3
何琳	he lin	26
何璋	he zhang	5
何祎	he yi	3
何祐	he you	2
何绍周	he shao zhou	12
何美钿	he mei tian	5
何翀	he chong	1
何耀珊	he yao shan	9
何腾蛟	he teng jiao	36
何苗	he miao	3
何赛飞	he sai fei	10
何辉	he hui	25
何进	he jin	31
何连生	he lian sheng	1
何适	he shi	2
何逊	he xun	4
何采	he cai	5
何鑫	he xin	3
何镗	he tang	1
何静	he jing	11
余一元	yu yi yuan	2
余三胜	yu san sheng	1
余上沅	yu shang yuan	2
余世维	yu shi wei	7
余乐醒	yu le xing	11
余伯泉	yu bo quan	3
余光中	yu guang zhong	38
余华	yu hua	30
余叔岩	yu shu yan	3
余四海	yu si hai	3
余姝	yu shu	9
余安	yu an	23
余少镭	yu shao lei	5
余平	yu ping	5
余彤	yu tong	1
余怀	yu huai	2
余文乐	yu wen le	38
余既成	yu ji cheng	4
余日章	yu ri zhang	8
余晓平	yu xiao ping	4
余栋臣	yu dong chen	2
余治	yu zhi	4
余洪元	yu hong yuan	3
余清芳	yu qing fang	7
余秋雨	yu qiu yu	11
余程万	yu cheng wan	12
余纲	yu gang	3
余绍宋	yu shao song	4
余继登	yu ji deng	2
余翠芝	yu cui zhi	2
余萧客	yu xiao ke	2
余觉	yu jue	3
余谈阵	yu tan zhen	4
余贲民	yu ben min	2
余贵美子	yu gui mei zi	19
余轩朗	yu xuan lang	2
余阙	yu que	1
余集	yu ji	10
余青	yu qing	1
余靖	yu jing	11
余韶	yu shao	1
余鹏	yu peng	4
佟大中	tong da zhong	2
佟岩	tong yan	3
佟韦	tong wei	1
佟麟阁	tong lin ge	13
佩特洛娃	pei te luo wa	20
依娜	yi na	22
依田纪基	yi tian ji ji	6
侯伟	hou wei	8
侯佩岑	hou pei cen	21
侯克中	hou ke zhong	2
侯卫东	hou wei dong	7
侯君集	hou jun ji	20
侯咏	hou yong	4
侯宁	hou ning	4
侯宝林	hou bao lin	20
侯度	hou du	17
侯德榜	hou de bang	5
侯成	hou cheng	3
侯振宇	hou zhen yu	2
侯方域	hou fang yu	5
侯晓军	hou xiao jun	3
侯梁	hou liang	8
侯湘婷	hou xiang ting	8
侯炜	hou wei	5
侯玉山	hou yu shan	1
侯相	hou xiang	19
侯祥麟	hou xiang lin	3
侯耀华	hou yao hua	1
侯耀文	hou yao wen	4
侯自强	hou zi qiang	5
侯览	hou lan	9
侯野	hou ye	3
侯鹄	hou hu	2
保剑锋	bao jian feng	15
保卢斯	bao lu si	20
保巴	bao ba	1
保田圭	bao tian gui	2
保罗艾伦	bao luo ai lun	4
保辜	bao gu	4
保阪尚希	bao ban shang xi	2
俞万春	yu wan chun	3
俞云	yu yun	11
俞佳	yu jia	1
俞兆晟	yu zhao sheng	3
俞力工	yu li gong	2
俞和	yu he	1
俞培	yu pei	1
俞大猷	yu da you	20
俞山	yu shan	2
俞平伯	yu ping bo	26
俞弁	yu bian	3
俞振飞	yu zhen fei	11
俞斌	yu bin	13
俞明震	yu ming zhen	4
俞松	yu song	4
俞樾	yu yue	47
俞正燮	yu zheng xie	4
俞济时	yu ji shi	37
俞琬	yu wan	1
俞莹	yu ying	7
俞蛟	yu jiao	1
俞飞鸿	yu fei hong	26
俞飞鹏	yu fei peng	22
俞鸿钧	yu hong jun	23
信世昌	xin shi chang	1
信陵君	xin ling jun	9
修仪	xiu yi	27
修华	xiu hua	10
修媛	xiu yuan	6
修庆	xiu qing	7
修文馆	xiu wen guan	7
修昔底德	xiu xi di de	42
倍赏千惠子	bei shang qian hui zi	19
倍赏美津子	bei shang mei jin zi	11
倓虚	tan xu	3
倪一膺	ni yi ying	2
倪元璐	ni yuan lu	14
倪华	ni hua	7
倪洪章	ni hong zhang	3
倪田	ni tian	5
倪睿思	ni rui si	2
倪萍	ni ping	21
倪虹洁	ni hong jie	8
倪蜕	ni tui	2
倪超	ni chao	7
倪鸿	ni hong	3
假相国	jia xiang guo	2
傅云龙	fu yun long	9
傅亨	fu heng	2
傅以渐	fu yi jian	1
傅佥	fu qian	1
傅佩荣	fu pei rong	35
傅光宅	fu guang zhai	1
傅国栋	fu guo dong	3
傅增湘	fu zeng xiang	19
傅家俊	fu jia jun	9
傅山	fu shan	12
傅崇碧	fu chong bi	11
傅彪	fu biao	5
傅惜华	fu xi hua	1
傅抱石	fu bao shi	24
傅明宪	fu ming xian	1
傅泾波	fu jing bo	4
傅瀚	fu han	2
傅熊湘	fu xiong xiang	2
傅瑜	fu yu	5
傅眉	fu mei	2
傅秉常	fu bing chang	20
傅聪	fu cong	16
傅阳	fu yang	3
傅雷	fu lei	46
傅鹰	fu ying	7
储光羲	chu guang xi	4
储巏	chu quan	3
僧格林沁	seng ge lin qin	31
僧肇	seng zhao	12
僰道	bo dao	12
儒勒斯	ru le si	3
兀突骨	wu tu gu	7
允常	yun chang	8
允才	yun cai	7
允若	yun ruo	18
元作	yuan zuo	18
元公	yuan gong	22
元善见	yuan shan jian	9
元太宗	yuan tai zong	43
元太祖	yuan tai zu	12
元太祖成吉思汗	yuan tai zu cheng ji si han	7
元好问	yuan hao wen	16
元子攸	yuan zi you	33
元宏	yuan hong	39
元宗	yuan zong	40
元宝炬	yuan bao ju	34
元宪宗	yuan xian zong	48
元廓	yuan kuo	1
元恪	yuan ke	26
元恭	yuan gong	17
元文宗图帖睦尔	yuan wen zong tu tie mu er	4
元昊	yuan hao	33
元晔	yuan ye	12
元泰	yuan tai	32
元淮	yuan huai	1
元猫	yuan mao	2
元秋	yuan qiu	15
元稹	yuan zhen	29
元结	yuan jie	6
元脩	yuan xiu	2
元让	yuan rang	11
元诩	yuan xu	26
元钦	yuan qin	18
光初	guang chu	5
光定	guang ding	4
克劳斯施瓦布	ke lao si shi wa bu	3
克尔凯戈尔	ke er kai ge er	4
克拉姆尼克	ke la mu ni ke	2
克拉普罗特	ke la pu luo te	10
克新	ke xin	6
克林斯曼	ke lin si man	9
克莱斯特	ke lai si te	40
克里斯托弗哥伦布	ke li si tuo fu ge lun bu	2
克鲁伊夫	ke lu yi fu	42
党国英	dang guo ying	10
党国蕾	dang guo lei	4
党均	dang jun	20
党宁	dang ning	4
党成	dang cheng	7
入山杏奈	ru shan xing nai	42
入江直树	ru jiang zhi shu	12
入江纱绫	ru jiang sha ling	1
全勇先	quan yong xian	3
全尚	quan shang	6
全度妍	quan du yan	1
全汉升	quan han sheng	7
全琮	quan cong	20
全端	quan duan	5
八乙女光	ba yi nv guang	32
八代亚纪	ba dai ya ji	5
公刘	gong liu	19
公台	gong tai	12
公孙度	gong sun du	5
公孙康	gong sun kang	17
公孙恭	gong sun gong	3
公孙渊	gong sun yuan	46
公孙瓒	gong sun zan	27
公孙轩辕	gong sun xuan yuan	3
公孙鞅	gong sun yang	3
公孙龙	gong sun long	19
公室告	gong shi gao	1
六卿	liu qing	24
兰石	lan shi	5
兰茂	lan mao	13
共工	gong gong	39
关之琳	guan zhi lin	32
关云长	guan yun chang	18
关兴	guan xing	15
关友声	guan you sheng	4
关口里美	guan kou li mei	3
关向应	guan xiang ying	22
关咏荷	guan yong he	21
关天培	guan tian pei	11
关宁	guan ning	5
关定	guan ding	1
关心妍	guan xin yan	47
关松房	guan song fang	7
关槐	guan huai	3
关汉卿	guan han qing	21
关索	guan suo	32
关纯	guan chun	1
关肃霜	guan su shuang	6
典韦	dian wei	41
冀志罡	ji zhi gang	3
冀朝铸	ji chao zhu	2
冀朝鼎	ji chao ding	10
内山完造	nei shan wan zao	9
内斯肯斯	nei si ken si	1
内村光良	nei cun guang liang	23
内田有纪	nei tian you ji	15
内野圣阳	nei ye sheng yang	15
冈本信彦	gang ben xin yan	16
冈本圭人	gang ben gui ren	24
冈本夏生	gang ben xia sheng	2
冈本多绪	gang ben duo xu	2
冈本真夜	gang ben zhen ye	10
冈村孝子	gang cun xiao zi	1
冈村宁次	gang cun ning ci	43
冈田准一	gang tian zhun yi	16
冈田将生	gang tian jiang sheng	21
冉平	ran ping	2
冉觐祖	ran jin zu	3
冉雄飞	ran xiong fei	6
冒广生	mao guang sheng	1
冒襄	mao xiang	3
冒顿单于	mo du chan yu	11
冢宰	zhong zai	42
冢本晋也	zhong ben jin ye	8
冬日那	dong ri na	2
冯一刀	feng yi dao	2
冯一萌	feng yi meng	2
冯云山	feng yun shan	8
冯保	feng bao	22
冯光裕	feng guang yu	2
冯勇强	feng yong qiang	2
冯友兰	feng you lan	27
冯国章	feng guo zhang	2
冯坤	feng kun	7
冯培元	feng pei yuan	1
冯大刚	feng da gang	5
冯大有	feng da you	2
冯奕	feng yi	15
冯如	feng ru	15
冯媛甄	feng yuan zhen	3
冯嫽	feng liao	2
冯子材	feng zi cai	5
冯安邦	feng an bang	3
冯家妹	feng jia mei	2
冯小	feng xiao	47
冯尔康	feng er kang	2
冯应京	feng ying jing	1
冯庸	feng yong	11
冯延巳	feng yan si	32
冯建章	feng jian zhang	1
冯开	feng kai	5
冯异	feng yi	22
冯弘	feng hong	21
冯德伦	feng de lun	29
冯德英	feng de ying	11
冯惟敏	feng wei min	2
冯成修	feng cheng xiu	2
冯承辉	feng cheng hui	2
冯敏昌	feng min chang	3
冯文炳	feng wen bing	2
冯文蔚	feng wen wei	3
冯春晖	feng chun hui	6
冯晓曦	feng xiao xi	3
冯景兰	feng jing lan	1
冯梦祯	feng meng zhen	4
冯梦龙	feng meng long	35
冯沅君	feng yuan jun	8
冯波	feng bo	5
冯海涛	feng hai tao	6
冯焌光	feng jun guang	2
冯煦	feng xu	8
冯特民	feng te min	4
冯礼	feng li	6
冯简	feng jian	9
冯至	feng zhi	26
冯苏	feng su	4
冯裕	feng yu	3
冯诺伊曼	feng nuo yi man	3
冯跋	feng ba	26
冯钦哉	feng qin zai	13
冯长春	feng chang chun	6
冯集梧	feng ji wu	2
冯雪峰	feng xue feng	40
冯雪松	feng xue song	5
冯雷	feng lei	11
冯骥才	feng ji cai	13
冰川清志	bing chuan qing zhi	7
冷枚	leng mei	4
冷永成	leng yong cheng	6
冼星海	xian xing hai	14
净莲	jing lian	6
凌一	ling yi	6
凌云上	ling yun shang	2
凌勇	ling yong	8
凌叔华	ling shu hua	31
凌岩	ling yan	4
凌广	ling guang	4
凌德	ling de	1
凌必正	ling bi zheng	2
凌曙	ling shu	3
凌濛初	ling meng chu	5
凌纯声	ling chun sheng	5
凌统	ling tong	24
凌震	ling zhen	1
凌霞	ling xia	6
凌青	ling qing	14
凌音	ling yin	4
凌鸿勋	ling hong xun	16
凡尔纳	fan er na	40
凤凰涅	feng huang nie	2
凭神	ping shen	3
凯塞林	kai sai lin	7
凯特尔	kai te er	37
刀美兰	dao mei lan	2
刁包	diao bao	13
刁德一	diao de yi	1
切格瓦拉	qie ge wa la	3
列子	lie zi	15
列科	lie ke	4
刘一含	liu yi han	2
刘一斌	liu yi bin	5
刘万春	liu wan chun	6
刘万永	liu wan yong	8
刘万芳	liu wan fang	3
刘世振	liu shi zhen	4
刘世珩	liu shi heng	3
刘丞	liu cheng	18
刘丽川	liu li chuan	2
刘丽敏	liu li min	6
刘丽梅	liu li mei	6
刘乃仁	liu nai ren	2
刘义庆	liu yi qing	15
刘义符	liu yi fu	16
刘书宏	liu shu hong	12
刘书文	liu shu wen	6
刘乾	liu qian	6
刘于义	liu yu yi	2
刘云华	liu yun hua	6
刘云瀚	liu yun han	2
刘亚力	liu ya li	3
刘亚婷	liu ya ting	4
刘亚平	liu ya ping	2
刘亚楼	liu ya lou	39
刘仁轨	liu ren gui	18
刘仕伟	liu shi wei	3
刘仙洲	liu xian zhou	5
刘仪	liu yi	6
刘仪伟	liu yi wei	9
刘仲仁	liu zhong ren	2
刘仲甫	liu zhong fu	2
刘伯坚	liu bo jian	18
刘体仁	liu ti ren	11
刘体智	liu ti zhi	4
刘侗	liu tong	4
刘保	liu bao	49
刘健群	liu jian qun	6
刘元举	liu yuan ju	3
刘兆辉	liu zhao hui	5
刘先	liu xian	31
刘光大	liu guang da	7
刘光弟	liu guang di	2
刘光泗	liu guang si	2
刘光照	liu guang zhao	3
刘光第	liu guang di	10
刘光远	liu guang yuan	2
刘克庄	liu ke zhuang	7
刘冠翔	liu guan xiang	2
刘冬	liu dong	19
刘准	liu zhun	12
刘凤诰	liu feng gao	3
刘剑青	liu jian qing	3
刘力杨	liu li yang	2
刘力生	liu li sheng	6
刘勇祥	liu yong xiang	4
刘勋	liu xun	46
刘勰	liu xie	16
刘半农	liu ban nong	14
刘华清	liu hua qing	41
刘协	liu xie	13
刘博平	liu bo ping	4
刘原	liu yuan	15
刘合	liu he	3
刘向	liu xiang	49
刘君	liu jun	47
刘启光	liu qi guang	4
刘品言	liu pin yan	17
刘喜海	liu xi hai	3
刘嗣绾	liu si wan	1
刘嘉树	liu jia shu	3
刘嘉颖	liu jia ying	2
刘国昌	liu guo chang	9
刘国正	liu guo zheng	23
刘国用	liu guo yong	4
刘国轩	liu guo xuan	29
刘国钧	liu guo jun	12
刘基	liu ji	26
刘墉	liu yong	31
刘士毅	liu shi yi	20
刘声木	liu sheng mu	1
刘复之	liu fu zhi	8
刘复基	liu fu ji	8
刘大白	liu da bai	4
刘大钧	liu da jun	7
刘天华	liu tian hua	10
刘天和	liu tian he	3
刘天民	liu tian min	7
刘天真	liu tian zhen	1
刘奭	liu shi	18
刘威葳	liu wei wei	5
刘娜	liu na	15
刘婴	liu ying	3
刘子业	liu zi ye	38
刘子扬	liu zi yang	4
刘孜	liu zi	6
刘学洵	liu xue xun	3
刘守卫	liu shou wei	3
刘安祺	liu an qi	17
刘宏君	liu hong jun	2
刘宗周	liu zong zhou	29
刘宜良	liu yi liang	8
刘宝全	liu bao quan	3
刘宝林	liu bao lin	3
刘宝楠	liu bao nan	3
刘实	liu shi	5
刘宠	liu chong	19
刘家秀	liu jia xiu	1
刘家麒	liu jia qi	1
刘容	liu rong	17
刘容嘉	liu rong jia	8
刘寅生	liu yin sheng	3
刘寔	liu shi	1
刘封	liu feng	10
刘小光	liu xiao guang	9
刘尔炘	liu er xin	3
刘尧诲	liu yao hui	3
刘履	liu lv	2
刘岑	liu cen	5
刘岩	liu yan	38
刘岱	liu dai	23
刘崇远	liu chong yuan	3
刘崧	liu song	4
刘巴	liu ba	3
刘师培	liu shi pei	16
刘干	liu gan	5
刘广智	liu guang zhi	1
刘庆东	liu qing dong	6
刘应时	liu ying shi	1
刘度	liu du	16
刘廷玑	liu ting ji	3
刘建宏	liu jian hong	2
刘式训	liu shi xun	5
刘弗陵	liu fu ling	11
刘弘毅	liu hong yi	1
刘弘章	liu hong zhang	7
刘彘	liu zhi	2
刘彧	liu yu	40
刘彻	liu che	22
刘征	liu zheng	16
刘循	liu xun	16
刘德谦	liu de qian	8
刘心武	liu xin wu	8
刘志江	liu zhi jiang	1
刘忻	liu xin	29
刘恂	liu xun	1
刘恒	liu heng	29
刘恕	liu shu	9
刘恢	liu hui	10
刘悦	liu yue	18
刘惠亮	liu hui liang	6
刘愫	liu su	3
刘懋	liu mao	32
刘懋功	liu mao gong	9
刘承俊	liu cheng jun	2
刘承宗	liu cheng zong	3
刘承干	liu cheng gan	2
刘攽	liu ban	1
刘放	liu fang	18
刘敞	liu chang	17
刘敦桢	liu dun zhen	13
刘文华	liu wen hua	5
刘文哲	liu wen zhe	1
刘文彬	liu wen bin	9
刘文敏	liu wen min	1
刘文斌	liu wen bin	12
刘文正	liu wen zheng	24
刘文浩	liu wen hao	7
刘文淇	liu wen qi	2
刘文璞	liu wen pu	1
刘文雄	liu wen xiong	30
刘新华	liu xin hua	7
刘方	liu fang	29
刘日新	liu ri xin	2
刘旺枝	liu wang zhi	3
刘旻	liu min	32
刘昌赫	liu chang he	10
刘星炜	liu xing wei	5
刘春生	liu chun sheng	1
刘春雷	liu chun lei	3
刘春霖	liu chun lin	12
刘昱	liu yu	35
刘晓庆	liu xiao qing	37
刘晔	liu ye	28
刘晟	liu sheng	30
刘晨	liu chen	5
刘景山	liu jing shan	1
刘朴	liu pu	11
刘权之	liu quan zhi	1
刘杉	liu shan	1
刘枚	liu mei	5
刘桂五	liu gui wu	1
刘桂霞	liu gui xia	5
刘桢	liu zhen	10
刘榛	liu zhen	2
刘歆	liu xin	33
刘正山	liu zheng shan	6
刘步蟾	liu bu chan	5
刘武周	liu wu zhou	38
刘殿中	liu dian zhong	3
刘毓	liu yu	23
刘毓中	liu yu zhong	1
刘毓崧	liu yu song	2
刘永治	liu yong zhi	5
刘永济	liu yong ji	6
刘永福	liu yong fu	39
刘永锡	liu yong xi	7
刘江华	liu jiang hua	40
刘治中	liu zhi zhong	3
刘泰	liu tai	27
刘海涛	liu hai tao	11
刘淼	liu miao	11
刘清扬	liu qing yang	15
刘澄	liu cheng	16
刘灼	liu zhuo	3
刘炜	liu wei	43
刘炜华	liu wei hua	3
刘炟	liu da	4
刘炯	liu jiong	7
刘焉	liu yan	33
刘熙	liu xi	39
刘熙载	liu xi zai	3
刘爵	liu jue	3
刘牢之	liu lao zhi	36
刘献廷	liu xian ting	1
刘玉新	liu yu xin	6
刘玉浦	liu yu pu	2
刘玉章	liu yu zhang	6
刘玢	liu bin	12
刘珊玲	liu shan ling	4
刘珏	liu jue	5
刘珝	liu xu	2
刘理	liu li	8
刘琦	liu qi	19
刘琨	liu kun	42
刘琬	liu wan	4
刘琮	liu cong	17
刘琰	liu yan	4
刘琼	liu qiong	5
刘瑜	liu yu	26
刘瑶	liu yao	9
刘璇	liu xuan	22
刘璈	liu ao	8
刘璘	liu lin	3
刘璞	liu pu	2
刘瓒	liu zan	12
刘畴西	liu chou xi	5
刘白羽	liu bai yu	5
刘盈	liu ying	13
刘瞻	liu zhan	4
刘知几	liu zhi ji	13
刘磊	liu lei	17
刘祜	liu hu	3
刘福通	liu fu tong	22
刘禹锡	liu yu xi	20
刘秉忠	liu bing zhong	13
刘积仁	liu ji ren	7
刘穆	liu mu	11
刘端阳	liu duan yang	3
刘粲	liu can	15
刘素萍	liu su ping	9
刘繇	liu yao	9
刘纪鹏	liu ji peng	9
刘纯燕	liu chun yan	3
刘纶	liu lun	5
刘绍先	liu shao xian	9
刘绍南	liu shao nan	2
刘绍棠	liu shao tang	8
刘继元	liu ji yuan	16
刘缵	liu zuan	3
刘胡兰	liu hu lan	35
刘致	liu zhi	14
刘艾	liu ai	15
刘节	liu jie	6
刘芳菲	liu fang fei	5
刘苌	liu chang	2
刘茂恩	liu mao en	19
刘范	liu fan	7
刘菁	liu jing	3
刘蓓	liu bei	7
刘藻	liu zao	5
刘虞	liu yu	23
刘蜕	liu tui	3
刘衎	liu kan	4
刘衡	liu heng	2
刘询	liu xun	13
刘谌	liu chen	3
刘豫	liu yu	19
刘豹	liu bao	3
刘贤	liu xian	44
刘超	liu chao	36
刘辩	liu bian	5
刘辰翁	liu chen weng	2
刘达	liu da	46
刘迎	liu ying	15
刘迎建	liu ying jian	7
刘运生	liu yun sheng	1
刘连昆	liu lian kun	3
刘道一	liu dao yi	5
刘鄂	liu e	3
刘醒龙	liu xing long	15
刘銮	liu luan	14
刘鋹	liu chang	5
刘钧	liu jun	23
刘铮	liu zheng	49
刘锋	liu feng	15
刘锜	liu qi	15
刘锡玲	liu xi ling	3
刘锴	liu kai	1
刘长佑	liu chang you	3
刘长卿	liu chang qing	4
刘陶	liu tao	17
刘隆	liu long	10
刘隐	liu yin	34
刘雨卿	liu yu qing	7
刘雪庵	liu xue an	8
刘震东	liu zhen dong	5
刘震云	liu zhen yun	24
刘青藜	liu qing li	4
刘青青	liu qing qing	6
刘静波	liu jing bo	6
刘静钰	liu jing yu	3
刘韧	liu ren	6
刘颂	liu song	10
刘馥	liu fu	8
刘骜	liu ao	10
刘鸿声	liu hong sheng	1
刘鸿恩	liu hong en	2
刘鹏云	liu peng yun	4
刘鹗	liu e	8
刘麟瑞	liu lin rui	3
刘黑闼	liu hei ta	25
刘齐	liu qi	19
刘龙田	liu long tian	2
刚秋英	gang qiu ying	2
初元	chu yuan	25
利智	li zhi	14
别尔嘉耶夫	bie er jia ye fu	6
别拉诺夫	bie la nuo fu	3
别林斯基	bie lin si ji	26
前川清	qian chuan qing	1
前田亚季	qian tian ya ji	11
前田刚	qian tian gang	8
前田庆次	qian tian qing ci	11
前田有纪	qian tian you ji	1
前田爱	qian tian ai	17
剔成	ti cheng	4
加护亚依	jia hu ya yi	4
加斯奎特	jia si kui te	31
加林查	jia lin cha	1
加濑亮	jia lai liang	4
加藤嘉明	jia teng jia ming	3
加藤夏希	jia teng xia xi	7
加藤惠	jia teng hui	2
加藤正夫	jia teng zheng fu	1
加藤清正	jia teng qing zheng	31
加藤爱	jia teng ai	10
加藤登纪子	jia teng deng ji zi	10
加藤绫子	jia teng ling zi	8
加藤罗莎	jia teng luo sha	1
加藤英美里	jia teng ying mei li	20
加藤达也	jia teng da ye	14
加藤雅也	jia teng ya ye	1
励守谦	li shou qian	1
励宗万	li zong wan	3
劳乃宣	lao nai xuan	6
劳之辨	lao zhi bian	2
劳史	lao shi	3
劳干	lao gan	3
劳德鲁普	lao de lu pu	3
劳春燕	lao chun yan	1
劳权	lao quan	42
劳格	lao ge	20
勃劳希契	bo lao xi qi	1
勃朗特	bo lang te	30
勒夏特列	le xia te lie	47
勾践	gou jian	48
包世臣	bao shi chen	6
包冉	bao ran	6
包天笑	bao tian xiao	7
包尔汉	bao er han	15
包玉刚	bao yu gang	25
化方	hua fang	3
北乃纪伊	bei nai ji yi	2
北地郡	bei di jun	49
北山宏光	bei shan hong guang	11
北岛三郎	bei dao san lang	11
北川景子	bei chuan jing zi	23
北村一辉	bei cun yi hui	20
北条司	bei tiao si	15
北野武	bei ye wu	48
匡斌	kuang bin	1
匡衡	kuang heng	12
区大相	ou da xiang	4
区星	ou xing	3
千利休	qian li xiu	20
千叶彻弥	qian ye che mi	21
千叶真一	qian ye zhen yi	14
千叶繁	qian ye fan	19
半野喜弘	ban ye xi hong	3
华之鸿	hua zhi hong	1
华以刚	hua yi gang	1
华佗	hua tuo	43
华允诚	hua yun cheng	2
华坚	hua jian	33
华学明	hua xue ming	2
华察	hua cha	10
华岱	hua dai	1
华彦钧	hua yan jun	6
华恩	hua en	5
华文漪	hua wen yi	1
华栋	hua dong	4
华核	hua he	2
华歆	hua xin	10
华沅	hua yuan	2
华瀚	hua han	1
华燧	hua sui	3
华珵	hua cheng	3
华益慰	hua yi wei	2
华秋苹	hua qiu ping	13
华纯	hua chun	4
华西列夫斯基	hua xi lie fu si ji	37
华铨	hua quan	1
华雄	hua xiong	36
华黎明	hua li ming	10
卑弥呼	bei mi hu	31
卓琳	zhuo lin	7
卓秉恬	zhuo bing tian	1
单之蔷	shan zhi qiang	5
单士兵	dan shi bing	1
单大伟	dan da wei	5
单宇	dan yu	5
单希征	shan xi zheng	4
单炜	shan wei	3
单父	shan fu	19
单田芳	shan tian fang	8
单雄信	shan xiong xin	7
单霞丽	shan xia li	4
南佳也	nan jia ye	2
南凉	nan liang	46
南宫民	nan gong min	6
南庚	nan geng	2
南弘	nan hong	2
南怀瑾	nan huai jin	35
南明奈	nan ming nai	4
南海道	nan hai dao	7
博县	bo xian	3
博尔忽	bo er hu	11
博巴	bo ba	4
博斯曼	bo si man	36
博明	bo ming	43
博格坎普	bo ge kan pu	3
博涅克	bo nie ke	6
卜万苍	bu wan cang	22
卜凤波	bu feng bo	5
卜祥志	bu xiang zhi	1
卞喜	bian xi	1
卞永誉	bian yong yu	5
卞秉彬	bian bing bin	2
占旭刚	zhan xu gang	7
占西女王	zhan xi nv wang	2
卡尔马克思	ka er ma ke si	2
卡尼吉亚	ka ni ji ya	1
卡纳斯	ka na si	6
卡耐基	ka nai ji	29
卡萨尔斯	ka sa er si	17
卡萨诺瓦	ka sa nuo wa	31
卡雷卡	ka lei ka	5
卢世昌	lu shi chang	3
卢仝	lu tong	1
卢伦	lu lun	2
卢作孚	lu zuo fu	16
卢俊义	lu jun yi	8
卢冬生	lu dong sheng	5
卢南樵	lu nan qiao	4
卢同	lu tong	15
卢周来	lu zhou lai	2
卢嘉锡	lu jia xi	19
卢宇光	lu yu guang	7
卢巧音	lu qiao yin	40
卢广伟	lu guang wei	4
卢德铭	lu de ming	15
卢志	lu zhi	39
卢志强	lu zhi qiang	11
卢怀慎	lu huai shen	2
卢植	lu zhi	17
卢正雨	lu zheng yu	4
卢水胡	lu shui hu	9
卢永祥	lu yong xiang	33
卢求	lu qiu	3
卢洪春	lu hong chun	5
卢潮	lu chao	2
卢照邻	lu zhao lin	2
卢照龄	lu zhao ling	3
卢燕	lu yan	28
卢琦	lu qi	5
卢纶	lu lun	6
卢致德	lu zhi de	2
卢见曾	lu jian zeng	11
卢象升	lu xiang sheng	10
卢逊	lu xun	1
卢镐	lu hao	1
卢鸿杰	lu hong jie	3
卢龙塞	lu long sai	4
卫仲道	wei zhong dao	2
卫出公	wei chu gong	18
卫宣公	wei xuan gong	2
卫庄公	wei zhuang gong	7
卫康叔	wei kang shu	3
卫弘	wei hong	3
卫慧	wei hui	3
卫懿公	wei yi gong	6
卫成公	wei cheng gong	7
卫桓公	wei huan gong	3
卫武公	wei wu gong	2
卫灵公	wei ling gong	29
卫献公	wei xian gong	18
卫王	wei wang	30
卫瓘	wei guan	37
印建坤	yin jian kun	4
危素	wei su	6
卿士	qing shi	6
厂卫	chang wei	7
厉以宁	li yi ning	12
厉娜	li na	5
厉志	li zhi	11
厉晓秋	li xiao qiu	3
厉王	li wang	22
厉鹗	li e	2
厌次	yan ci	11
原千寻	yuan qian xun	1
原哲夫	yuan zhe fu	23
原济	yuan ji	3
原田芳雄	yuan tian fang xiong	6
原由子	yuan you zi	4
原纱央莉	yuan sha yang li	3
原鹿	yuan lu	7
及川光博	ji chuan guang bo	11
及川奈央	ji chuan nai yang	5
反町隆史	fan ding long shi	5
叔向	shu xiang	28
叔孙通	shu sun tong	3
古利特	gu li te	5
古华	gu hua	18
古多尔	gu duo er	12
古宇	gu yu	22
古德里安	gu de li an	26
古月	gu yue	9
古灵益	gu ling yi	7
古畑任三郎	gu tian ren san lang	10
古谷实	gu gu shi	2
古谷彻	gu gu che	17
句章	ju zhang	8
可韵	ke yun	3
史东山	shi dong shan	9
史冬鹏	shi dong peng	9
史善长	shi shan chang	2
史圣	shi sheng	3
史培	shi pei	1
史大成	shi da cheng	2
史孟麟	shi meng lin	2
史小诺	shi xiao nuo	1
史康	shi kang	3
史弼	shi bi	16
史文	shi wen	45
史明	shi ming	46
史沫特莱	shi mo te lai	11
史泰龙	shi tai long	22
史淑华	shi shu hua	3
史琳杰	shi lin jie	6
史良	shi liang	20
史谨	shi jin	2
史贻直	shi yi zhi	1
史量才	shi liang cai	14
史鉴	shi jian	7
史震林	shi zhen lin	2
史鹏	shi peng	2
右扶风	you fu feng	34
叶一茜	ye yi qian	16
叶为铭	ye wei ming	2
叶丽美	ye li mei	1
叶乔波	ye qiao bo	4
叶企孙	ye qi sun	11
叶伯英	ye bo ying	3
叶倩文	ye qian wen	17
叶全真	ye quan zhen	17
叶其蓁	ye qi zhen	3
叶初春	ye chu chun	12
叶卡捷琳娜二世	ye ka jie lin na er shi	48
叶名琛	ye ming chen	5
叶向高	ye xiang gao	22
叶启勋	ye qi xun	4
叶启彬	ye qi bin	3
叶国华	ye guo hua	3
叶圣陶	ye sheng tao	26
叶天士	ye tian shi	11
叶天赐	ye tian ci	3
叶子铭	ye zi ming	1
叶宪祖	ye xian zu	3
叶容	ye rong	1
叶廖缅科	ye liao mian ke	13
叶德辉	ye de hui	7
叶志成	ye zhi cheng	4
叶志超	ye zhi chao	3
叶恒	ye heng	4
叶文心	ye wen xin	4
叶时	ye shi	8
叶昌炽	ye chang chi	3
叶春及	ye chun ji	24
叶暗	ye an	1
叶树林	ye shu lin	2
叶桂	ye gui	10
叶梦龙	ye meng long	4
叶永烈	ye yong lie	13
叶洮	ye tao	5
叶满林	ye man lin	2
叶焕	ye huan	3
叶焕荣	ye huan rong	5
叶燮	ye xie	1
叶王	ye wang	4
叶璇	ye xuan	37
叶童	ye tong	40
叶笃正	ye du zheng	6
叶绍袁	ye shao yuan	3
叶美香	ye mei xiang	2
叶自成	ye zi cheng	4
叶舟	ye zhou	15
叶茂中	ye mao zhong	16
叶蓓	ye bei	2
叶衍兰	ye yan lan	5
叶襄	ye xiang	2
叶迎春	ye ying chun	2
叶适	ye shi	10
叶道芬	ye dao fen	2
叶钧	ye jun	3
叶铿	ye keng	2
叶长春	ye chang chun	2
叶长盛	ye chang sheng	4
叶飞	ye fei	45
叶鼎	ye ding	2
司徒眉生	si tu mei sheng	3
司徒非	si tu fei	1
司汤达	si tang da	17
司空图	si kong tu	24
司过	si guo	3
司马丕	si ma pi	6
司马南	si ma nan	20
司马奕	si ma yi	16
司马孚	si ma fu	26
司马岳	si ma yue	6
司马彪	si ma biao	10
司马德宗	si ma de zong	7
司马德文	si ma de wen	25
司马徽	si ma hui	8
司马攸	si ma you	22
司马曜	si ma yao	10
司马朗	si ma lang	8
司马望	si ma wang	14
司马炽	si ma chi	16
司马相如	si ma xiang ru	31
司马绍	si ma shao	11
司马聃	si ma dan	3
司马衍	si ma yan	12
司马衷	si ma zhong	22
司马邺	si ma ye	15
合浦郡	he pu jun	23
吉吉亚	ji ji ya	2
吉太	ji tai	2
吉奥夫	ji ao fu	3
吉梦熊	ji meng xiong	3
吉永小百合	ji yong xiao bai he	30
吉泽明步	ji ze ming bu	13
吉濑美智子	ji lai mei zhi zi	4
吉田拓郎	ji tian tuo lang	6
吉田洁	ji tian jie	12
吉田秋生	ji tian qiu sheng	14
吉田美香	ji tian mei xiang	3
吉祥天女	ji xiang tian nv	45
吉高由里子	ji gao you li zi	32
吉鸿昌	ji hong chang	49
吉黄	ji huang	4
同治帝	tong zhi di	36
名取裕子	ming qu yu zi	4
后槽	hou cao	3
后水尾天皇	hou shui wei tian huang	18
后藤真希	hou teng zhen xi	20
后藤麻衣	hou teng ma yi	3
后阳成天皇	hou yang cheng tian huang	17
吐尔逊	tu er xun	30
向举	xiang ju	4
向井亚纪	xiang jing ya ji	4
向井理	xiang jing li	15
向县	xiang xian	13
向守志	xiang shou zhi	5
向宠	xiang chong	3
向文波	xiang wen bo	9
向朗	xiang lang	12
向秀	xiang xiu	6
向警予	xiang jing yu	41
向阳红	xiang yang hong	5
向鼎	xiang ding	5
吕世杰	lv shi jie	3
吕丽萍	lv li ping	14
吕伯奢	lv bo she	6
吕伯望	lv bo wang	5
吕佛庭	lv fo ting	6
吕元	lv yuan	17
吕兴林	lv xing lin	2
吕凯	lv kai	5
吕厚山	lv hou shan	4
吕及	lv ji	2
吕叔湘	lv shu xiang	11
吕后	lv hou	33
吕坚	lv jian	18
吕坤	lv kun	4
吕天成	lv tian cheng	2
吕学	lv xue	46
吕宁思	lv ning si	6
吕宫	lv gong	10
吕宾	lv bin	6
吕小白	lv xiao bai	2
吕尚	lv shang	21
吕尚春	lv shang chun	3
吕山	lv shan	23
吕岱	lv dai	29
吕常	lv chang	1
吕建	lv jian	26
吕得	lv de	2
吕怀	lv huai	2
吕思勉	lv si mian	12
吕惠生	lv hui sheng	1
吕据	lv ju	6
吕旃蒙	lv zhan meng	5
吕晓明	lv xiao ming	1
吕本	lv ben	11
吕本富	lv ben fu	8
吕浩	lv hao	2
吕海寰	lv hai huan	12
吕淑华	lv shu hua	8
吕渊	lv yuan	4
吕熊	lv xiong	11
吕燕	lv yan	5
吕献	lv xian	1
吕王	lv wang	3
吕璜	lv huang	1
吕祖谦	lv zu qian	10
吕端	lv duan	4
吕纪	lv ji	5
吕纯阳	lv chun yang	13
吕继周	lv ji zhou	2
吕翔	lv xiang	7
吕良伟	lv liang wei	46
吕范	lv fan	33
吕荣	lv rong	2
吕虔	lv qian	3
吕贤基	lv xian ji	3
吕赤	lv chi	4
吕钦	lv qin	4
吕锦文	lv jin wen	3
吕陶	lv tao	5
吕隆	lv long	3
吕雉	lv zhi	16
吕震	lv zhen	3
吕静	lv jing	15
含章	han zhang	36
启功	qi gong	48
启普	qi pu	1
吴一舟	wu yi zhou	2
吴一鹏	wu yi peng	3
吴世泰	wu shi tai	3
吴东峰	wu dong feng	4
吴中行	wu zhong xing	6
吴之振	wu zhi zhen	1
吴之璠	wu zhi fan	3
吴之英	wu zhi ying	2
吴仁杰	wu ren jie	6
吴仞之	wu ren zhi	1
吴令	wu ling	28
吴仲禧	wu zhong xi	10
吴任臣	wu ren chen	5
吴优	wu you	25
吴伟业	wu wei ye	4
吴传玉	wu chuan yu	1
吴伯箫	wu bo xiao	1
吴作人	wu zuo ren	14
吴佩慈	wu pei ci	7
吴佳龙	wu jia long	3
吴俊卿	wu jun qing	4
吴信泉	wu xin quan	10
吴修	wu xiu	25
吴倩莲	wu qian lian	12
吴健雄	wu jian xiong	18
吴元龙	wu yuan long	1
吴兆棠	wu zhao tang	1
吴先声	wu xian sheng	4
吴光浩	wu guang hao	6
吴克仁	wu ke ren	1
吴克华	wu ke hua	12
吴克群	wu ke qun	49
吴兑	wu dui	1
吴兰	wu lan	19
吴兴祚	wu xing zuo	3
吴其浚	wu qi jun	1
吴冷西	wu leng xi	20
吴剑平	wu jian ping	8
吴匡	wu kuang	2
吴升	wu sheng	36
吴南	wu nan	22
吴历	wu li	9
吴可读	wu ke du	4
吴向东	wu xiang dong	3
吴向飞	wu xiang fei	3
吴启华	wu qi hua	21
吴嗣爵	wu si jue	1
吴嘉善	wu jia shan	3
吴国发	wu guo fa	3
吴国太	wu guo tai	9
吴均	wu jun	7
吴坤修	wu kun xiu	3
吴士杰	wu shi jie	1
吴复	wu fu	9
吴复古	wu fu gu	3
吴大帝孙权	wu da di sun quan	6
吴大澄	wu da cheng	1
吴大琨	wu da kun	27
吴大维	wu da wei	8
吴天保	wu tian bao	11
吴天明	wu tian ming	8
吴夫人	wu fu ren	3
吴奇伟	wu qi wei	22
吴奕	wu yi	17
吴妍秀	wu yan xiu	2
吴娈	wu luan	1
吴子兰	wu zi lan	10
吴子孝	wu zi xiao	2
吴子牛	wu zi niu	8
吴子良	wu zi liang	16
吴孟超	wu meng chao	10
吴安	wu an	24
吴宓	wu mi	15
吴宗濂	wu zong lian	15
吴宗麟	wu zong lin	1
吴宝书	wu bao shu	7
吴宝秀	wu bao xiu	2
吴小莉	wu xiao li	4
吴尔芙	wu er fu	11
吴岱	wu dai	44
吴岱豪	wu dai hao	4
吴嵩梁	wu song liang	2
吴广	wu guang	44
吴庆云	wu qing yun	4
吴应熊	wu ying xiong	7
吴应箕	wu ying ji	4
吴廷华	wu ting hua	2
吴廷康	wu ting kang	8
吴廷栋	wu ting dong	5
吴廷燮	wu ting xie	13
吴廷琛	wu ting chen	2
吴建豪	wu jian hao	49
吴建飞	wu jian fei	4
吴式芬	wu shi fen	2
吴弘道	wu hong dao	2
吴强	wu qiang	21
吴德福	wu de fu	3
吴志伟	wu zhi wei	1
吴志忠	wu zhi zhong	1
吴志淳	wu zhi chun	2
吴思敏	wu si min	4
吴恺	wu kai	9
吴懿	wu yi	5
吴成基	wu cheng ji	4
吴房	wu fang	12
吴承仕	wu cheng shi	21
吴振棫	wu zhen yu	5
吴振民	wu zhen min	1
吴敏树	wu min shu	3
吴敬梓	wu jing zi	7
吴敬琏	wu jing lian	18
吴文俊	wu wen jun	10
吴文炳	wu wen bing	2
吴新宇	wu xin yu	5
吴旦	wu dan	1
吴晋	wu jin	16
吴晓东	wu xiao dong	5
吴晓邦	wu xiao bang	24
吴景帝	wu jing di	12
吴智豪	wu zhi hao	3
吴暻	wu jing	3
吴有性	wu you xing	6
吴有训	wu you xun	15
吴末帝	wu mo di	6
吴本忠	wu ben zhong	2
吴极	wu ji	2
吴标	wu biao	4
吴格	wu ge	4
吴桂森	wu gui sen	2
吴梅	wu mei	39
吴棠	wu tang	7
吴楚帆	wu chu fan	10
吴楚材	wu chu cai	4
吴榕	wu rong	3
吴樾	wu yue	22
吴永刚	wu yong gang	2
吴汤兴	wu tang xing	5
吴沃尧	wu wo yao	1
吴沙	wu sha	26
吴泰	wu tai	26
吴浊流	wu zhuo liu	18
吴浚	wu jun	5
吴浩康	wu hao kang	48
吴涵	wu han	5
吴淑英	wu shu ying	5
吴淞笙	wu song sheng	1
吴淦	wu gan	1
吴清源	wu qing yuan	34
吴清玉	wu qing yu	5
吴渭	wu wei	3
吴湖帆	wu hu fan	17
吴激	wu ji	1
吴火狮	wu huo shi	22
吴炎	wu yan	5
吴烈	wu lie	13
吴焕先	wu huan xian	2
吴煦	wu xu	7
吴照	wu zhao	4
吴熙	wu xi	19
吴熙载	wu xi zai	1
吴献	wu xian	7
吴玉林	wu yu lin	6
吴玠	wu jie	48
吴班	wu ban	6
吴琠	wu tian	5
吴琼	wu qiong	23
吴瑕	wu xia	2
吴瑞林	wu rui lin	20
吴璘	wu lin	44
吴省钦	wu sheng qin	3
吴睿	wu rui	17
吴硕	wu shuo	12
吴祖光	wu zu guang	6
吴祥麟	wu xiang lin	2
吴禄贞	wu lu zhen	27
吴纯	wu chun	11
吴纲	wu gang	10
吴组缃	wu zu xiang	4
吴绍周	wu shao zhou	12
吴经熊	wu jing xiong	9
吴绮	wu qi	10
吴群	wu qun	7
吴翌凤	wu yi feng	1
吴耀宗	wu yao zong	25
吴肇毅	wu zhao yi	7
吴自新	wu zi xin	2
吴节	wu jie	5
吴芳吉	wu fang ji	4
吴芹	wu qin	4
吴若权	wu ruo quan	4
吴若甫	wu ruo fu	2
吴茵	wu yin	24
吴荣光	wu rong guang	2
吴荣生	wu rong sheng	4
吴菊花	wu ju hua	3
吴蓓	wu bei	10
吴藻	wu zao	11
吴虞	wu yu	4
吴襄	wu xiang	2
吴观岱	wu guan dai	1
吴觉农	wu jue nong	5
吴讷	wu ne	5
吴说	wu shuo	11
吴质	wu zhi	9
吴贻弓	wu yi gong	7
吴辰君	wu chen jun	1
吴运铎	wu yun duo	3
吴道子	wu dao zi	8
吴道镕	wu dao rong	1
吴郁生	wu yu sheng	1
吴金寿	wu jin shou	3
吴金梅	wu jin mei	4
吴钦烈	wu qin lie	2
吴钧	wu jun	7
吴铨	wu quan	1
吴锡麟	wu xi lin	3
吴锦城	wu jin cheng	3
吴镜汀	wu jing ting	6
吴阿仑	wu a lun	3
吴隐	wu yin	41
吴雪	wu xue	22
吴雯	wu wen	6
吴雷	wu lei	3
吴霖	wu lin	5
吴韦	wu wei	2
吴颂今	wu song jin	6
吴飞鹏	wu fei peng	5
吴鹏	wu peng	37
吴鹰	wu ying	1
吴麟	wu lin	13
吴麟征	wu lin zheng	8
吴鼎	wu ding	40
吴鼎元	wu ding yuan	2
吹石一惠	chui shi yi hui	7
吾彦	wu yan	1
吾粲	wu can	5
吾酷	wu ku	2
周一良	zhou yi liang	8
周世德	zhou shi de	4
周世金	zhou shi jin	4
周丽淇	zhou li qi	15
周义成	zhou yi cheng	1
周之桢	zhou zhi zhen	1
周之礼	zhou zhi li	3
周之祯	zhou zhi zhen	1
周乐清	zhou le qing	2
周亚夫	zhou ya fu	15
周京	zhou jing	6
周亮工	zhou liang gong	6
周仓	zhou cang	34
周仕	zhou shi	3
周伟童	zhou wei tong	4
周传瑛	zhou chuan ying	6
周传雄	zhou chuan xiong	19
周伦	zhou lun	3
周伯琦	zhou bo qi	1
周佐	zhou zuo	2
周体仁	zhou ti ren	6
周作人	zhou zuo ren	24
周佩	zhou pei	20
周俊勋	zhou jun xun	23
周信	zhou xin	32
周信芳	zhou xin fang	13
周健君	zhou jian jun	2
周元王	zhou yuan wang	6
周光召	zhou guang zhao	10
周克成	zhou ke cheng	3
周克芹	zhou ke qin	5
周兴岱	zhou xing dai	2
周兵	zhou bing	7
周其凤	zhou qi feng	5
周冕	zhou mian	5
周准	zhou zhun	4
周勃	zhou bo	27
周匡王	zhou kuang wang	2
周升	zhou sheng	7
周厉王	zhou li wang	22
周去非	zhou qu fei	1
周召	zhou shao	2
周号	zhou hao	3
周启邦	zhou qi bang	3
周哲	zhou zhe	24
周国平	zhou guo ping	16
周培源	zhou pei yuan	24
周士彬	zhou shi bin	4
周士第	zhou shi di	6
周士锦	zhou shi jin	2
周复	zhou fu	11
周大新	zhou da xin	9
周天球	zhou tian qiu	4
周太玄	zhou tai xuan	4
周太祖	zhou tai zu	32
周夷王	zhou yi wang	8
周奇奇	zhou qi qi	7
周如璧	zhou ru bi	4
周如砥	zhou ru di	1
周威烈王	zhou wei lie wang	5
周子安	zhou zi an	3
周子扬	zhou zi yang	4
周孝王	zhou xiao wang	18
周宁	zhou ning	43
周守忠	zhou shou zhong	4
周安王	zhou an wang	2
周宗建	zhou zong jian	9
周定王	zhou ding wang	22
周宝英	zhou bao ying	2
周实	zhou shi	5
周宣帝	zhou xuan di	48
周宣王	zhou xuan wang	46
周寿祺	zhou shou qi	2
周尚	zhou shang	16
周尚文	zhou shang wen	1
周履靖	zhou lv jing	2
周岱	zhou dai	18
周崇林	zhou chong lin	3
周巽	zhou xun	2
周希汉	zhou xi han	13
周干	zhou gan	6
周平王	zhou ping wang	10
周幽王	zhou you wang	15
周庄王	zhou zhuang wang	2
周庆云	zhou qing yun	2
周庆祥	zhou qing xiang	6
周应合	zhou ying he	1
周康王	zhou kang wang	10
周建人	zhou jian ren	20
周建烈	zhou jian lie	3
周开成	zhou kai cheng	2
周彦宏	zhou yan hong	6
周彩	zhou cai	3
周循	zhou xun	4
周德刚	zhou de gang	6
周必大	zhou bi da	17
周志兴	zhou zhi xing	7
周志群	zhou zhi qun	1
周志高	zhou zhi gao	1
周恕	zhou shu	2
周恭	zhou gong	6
周惠王	zhou hui wang	34
周愈	zhou yu	2
周慕莲	zhou mu lian	1
周懋琦	zhou mao qi	1
周懿王	zhou yi wang	17
周成王	zhou cheng wang	21
周才鸿	zhou cai hong	3
周承德	zhou cheng de	2
周拔	zhou ba	3
周敬王	zhou jing wang	33
周文彬	zhou wen bin	4
周文王	zhou wen wang	45
周文雍	zhou wen yong	17
周旨	zhou zhi	4
周昆	zhou kun	4
周昕	zhou xin	1
周星诒	zhou xing yi	1
周昭王	zhou zhao wang	15
周显王	zhou xian wang	7
周景王	zhou jing wang	13
周权	zhou quan	7
周树人	zhou shu ren	9
周桂	zhou gui	8
周桓王	zhou huan wang	32
周棠	zhou tang	2
周楫	zhou ji	6
周武王姬发	zhou wu wang ji fa	3
周殿元	zhou dian yuan	1
周永年	zhou yong nian	1
周永泰	zhou yong tai	4
周汶锜	zhou wen qi	1
周泰	zhou tai	29
周洲	zhou zhou	2
周海媚	zhou hai mei	25
周海滨	zhou hai bin	3
周涛	zhou tao	34
周淑禧	zhou shu xi	3
周淦	zhou gan	2
周清原	zhou qing yuan	3
周渔	zhou yu	2
周灵王	zhou ling wang	7
周炳文	zhou bing wen	6
周煌	zhou huang	24
周煦	zhou xu	2
周玉衡	zhou yu heng	7
周瑛琦	zhou ying qi	6
周瑞生	zhou rui sheng	5
周璇	zhou xuan	20
周璋	zhou zhang	2
周盛传	zhou sheng chuan	3
周真	zhou zhen	5
周矩	zhou ju	3
周祖晃	zhou zu huang	6
周祯	zhou zhen	3
周科进	zhou ke jin	2
周稚舜	zhou zhi shun	3
周穆王	zhou mu wang	35
周笠	zhou li	2
周简王	zhou jian wang	15
周绍龙	zhou shao long	3
周群	zhou qun	21
周而复	zhou er fu	2
周胜考	zhou sheng kao	1
周胤	zhou yin	5
周臣	zhou chen	13
周至柔	zhou zhi rou	40
周舫	zhou fang	3
周茂兰	zhou mao lan	2
周荃	zhou quan	1
周莲	zhou lian	6
周莹	zhou ying	32
周蕙	zhou hui	14
周襄王	zhou xiang wang	34
周西成	zhou xi cheng	34
周谷城	zhou gu cheng	15
周贻白	zhou yi bai	3
周赧王	zhou nan wang	13
周达武	zhou da wu	3
周述	zhou shu	8
周逸群	zhou yi qun	23
周邦彦	zhou bang yan	3
周钟	zhou zhong	32
周钟岳	zhou zhong yue	8
周铁衡	zhou tie heng	2
周铎	zhou duo	8
周锡年	zhou xi nian	10
周锷	zhou e	3
周镜	zhou jing	1
周长发	zhou chang fa	4
周雷	zhou lei	6
周静帝	zhou jing di	20
周顺昌	zhou shun chang	9
周颢	zhou hao	4
周驰	zhou chi	5
周高起	zhou gao qi	2
周魁	zhou kui	4
周鲲	zhou kun	3
周鸿彬	zhou hong bin	3
周鸿祎	zhou hong yi	40
周鸿陵	zhou hong ling	3
周鹤洋	zhou he yang	8
味县	wei xian	3
呼揭	hu jie	3
和久井映见	he jiu jing ying jian	16
和田现子	he tian xian zi	2
咸清	xian qing	3
咸熙	xian xi	20
哀宗	ai zong	47
哈吉甫	ha ji fu	1
哈孜艾买提	ha zi ai mai ti	3
哈定	ha ding	7
哈密王	ha mi wang	4
哈斯木	ha si mu	36
哈谢克	ha xie ke	3
哈贝马斯	ha bei ma si	9
哲别	zhe bie	9
唐世美	tang shi mei	3
唐伯虎	tang bo hu	24
唐元结	tang yuan jie	2
唐光	tang guang	7
唐冬梅	tang dong mei	4
唐周	tang zhou	3
唐和春	tang he chun	2
唐哀帝	tang ai di	16
唐国强	tang guo qiang	47
唐国章	tang guo zhang	3
唐培华	tang pei hua	2
唐复	tang fu	8
唐大年	tang da nian	5
唐大柏	tang da bai	6
唐大烈	tang da lie	2
唐天驷	tang tian si	2
唐太宗李世民	tang tai zong li shi min	37
唐孝威	tang xiao wei	2
唐季礼	tang ji li	10
唐宇昭	tang yu zhao	2
唐守治	tang shou zhi	2
唐寅	tang yin	14
唐富春	tang fu chun	6
唐尧	tang yao	14
唐峥	tang zheng	1
唐师曾	tang shi zeng	2
唐广	tang guang	2
唐彬	tang bin	12
唐才常	tang cai chang	30
唐执玉	tang zhi yu	4
唐敖庆	tang ao qing	9
唐敬宗	tang jing zong	22
唐文凤	tang wen feng	3
唐文治	tang wen zhi	15
唐昌	tang chang	7
唐明皇	tang ming huang	13
唐春晖	tang chun hui	3
唐昭宣帝	tang zhao xuan di	2
唐晖	tang hui	1
唐景崧	tang jing song	18
唐杰忠	tang jie zhong	2
唐林	tang lin	27
唐枢	tang shu	2
唐树义	tang shu yi	5
唐桂芳	tang gui fang	2
唐槐秋	tang huai qiu	7
唐毅	tang yi	6
唐泽寿明	tang ze shou ming	14
唐泽雪穗	tang ze xue sui	4
唐洁	tang jie	1
唐淮源	tang huai yuan	3
唐清建	tang qing jian	2
唐炯	tang jiong	8
唐熙	tang xi	2
唐瑞	tang rui	5
唐皋	tang gao	1
唐磊	tang lei	3
唐穆宗	tang mu zong	46
唐笑	tang xiao	1
唐纵	tang zong	14
唐肃	tang su	4
唐芬	tang fen	6
唐芸洲	tang yun zhou	2
唐莉	tang li	36
唐赛儿	tang sai er	9
唐重	tang zhong	2
唐隆	tang long	16
唐顺之	tang shun zhi	7
唐顺宗	tang shun zong	41
唐顺宗李诵	tang shun zong li song	3
唐高祖李渊	tang gao zu li yuan	30
商思源	shang si yuan	2
商挺	shang ting	3
商盘	shang pan	1
商纣	shang zhou	6
商纣王	shang zhou wang	14
商衍鎏	shang yan liu	3
商辂	shang lu	3
商鸿逵	shang hong kui	1
喀什噶里	ka shi ga li	11
善住	shan zhu	16
喜多郎	xi duo lang	18
喻培伦	yu pei lun	7
喻恩泰	yu en tai	9
喻昌	yu chang	2
喻林祥	yu lin xiang	7
喻红	yu hong	8
嘉数由美	jia shu you mei	11
嘎立立	ga li li	3
嘎达梅林	ga da mei lin	3
四元奈生美	si yuan nai sheng mei	3
图伯特	tu bo te	9
图哈切夫斯基	tu ha qie fu si ji	34
图帖睦尔	tu tie mu er	15
图特摩斯	tu te mo si	21
图特摩斯三世	tu te mo si san shi	20
圆瑛	yuan ying	4
圜土	yuan tu	2
土安	tu an	43
土屋安娜	tu wu an na	5
土肥原贤二	tu fei yuan xian er	21
土鼓	tu gu	2
圣彼德	sheng bi de	32
圣西门	sheng xi men	18
圣通	sheng tong	11
地节	di jie	5
坂本冬美	ban ben dong mei	3
坂本昌行	ban ben chang xing	3
坂本真	ban ben zhen	16
坂本真绫	ban ben zhen ling	24
坂本龙一	ban ben long yi	30
坂本龙马	ban ben long ma	36
坂田荣男	ban tian rong nan	3
坂田银时	ban tian yin shi	15
坐山雕	zuo shan diao	1
坚昆	jian kun	23
埃尔克耶尔	ai er ke ye er	3
埃尔顿	ai er dun	16
埃布登	ai bu deng	4
埃德尔曼	ai de er man	7
埃德蒙德	ai de meng de	29
埃斯科巴	ai si ke ba	13
城旦舂	cheng dan chong	2
城田优	cheng tian you	11
基冈	ji gang	17
基马尔	ji ma er	4
堀北真希	ku bei zhen xi	28
堀川亮	ku chuan liang	2
堂本光一	tang ben guang yi	17
堂本刚	tang ben gang	41
堤幸彦	di xing yan	12
堤真一	di zhen yi	26
堵胤锡	du yin xi	11
堺利彦	jie li yan	4
堺雅人	jie ya ren	34
塔信	ta xin	6
塔尔德利	ta er de li	3
塞尔赫	sai er he	3
塞林格	sai lin ge	17
墨卡托	mo ka tuo	11
墨翟	mo di	3
士燮	shi xie	24
壮武	zhuang wu	27
夏业良	xia ye liang	1
夏书绅	xia shu shen	4
夏于乔	xia yu qiao	18
夏伯和	xia bo he	3
夏侯和	xia hou he	4
夏侯威	xia hou wei	2
夏侯尚	xia hou shang	9
夏侯惠	xia hou hui	3
夏侯杰	xia hou jie	3
夏侯楙	xia hou mao	7
夏侯玄	xia hou xuan	21
夏侯霸	xia hou ba	15
夏同	xia tong	4
夏同善	xia tong shan	1
夏国章	xia guo zhang	2
夏完淳	xia wan chun	9
夏宏	xia hong	5
夏寿田	xia shou tian	4
夏尚朴	xia shang pu	1
夏川里美	xia chuan li mei	6
夏帆	xia fan	44
夏恽	xia yun	2
夏敬渠	xia jing qu	9
夏敬观	xia jing guan	5
夏文彦	xia wen yan	4
夏明翰	xia ming han	26
夏曾佑	xia zeng you	5
夏木真理	xia mu zhen li	3
夏木麻里	xia mu ma li	11
夏树芳	xia shu fang	9
夏桀	xia jie	9
夏梦	xia meng	27
夏榕	xia rong	3
夏汝弼	xia ru bi	3
夏炯	xia jiong	1
夏烧雅	xia shao ya	9
夏目雅子	xia mu ya zi	2
夏禹	xia yu	19
夏荷生	xia he sheng	3
夏銮	xia luan	2
夏青	xia qing	8
夏颖	xia ying	2
夕鹤	xi he	4
外丙	wai bing	3
外黄	wai huang	10
多部未华子	duo bu wei hua zi	23
大仓忠义	da cang zhong yi	16
大仲马	da zhong ma	49
大内义隆	da nei yi long	8
大原	da yuan	8
大原丽子	da yuan li zi	4
大原沙耶香	da yuan sha ye xiang	15
大友克洋	da you ke yang	11
大和抚子	da he fu zi	26
大地真央	da di zhen yang	6
大岛由加利	da dao you jia li	3
大政绚	da zheng xuan	8
大暮维人	da mu wei ren	1
大杉涟	da shan lian	30
大松博文	da song bo wen	5
大桥卓弥	da qiao zhuo mi	5
大森南朋	da sen nan peng	17
大汕	da shan	3
大江千里	da jiang qian li	7
大泉洋	da quan yang	30
大泽隆夫	da ze long fu	9
大涵	da han	47
大竹英雄	da zhu ying xiong	2
大策	da ce	6
大良造	da liang zao	2
大行令	da xing ling	4
大谷太郎	da gu tai lang	3
大贯妙子	da guan miao zi	8
大野智	da ye zhi	29
大须	da xu	29
大鸟圭介	da niao gui jie	13
大黑摩季	da hei mo ji	15
天海佑希	tian hai you xi	2
天玺	tian xi	25
天纪	tian ji	4
天野喜孝	tian ye xi xiao	12
天野浩成	tian ye hao cheng	5
太丁	tai ding	3
太史慈	tai shi ci	14
太史院	tai shi yuan	4
太戊	tai wu	3
太熙	tai xi	6
太田光	tai tian guang	7
太田裕美	tai tian yu mei	3
太田道灌	tai tian dao guan	33
太田雄贵	tai tian xiong gui	3
太甲	tai jia	5
太祖努尔哈赤	tai zu nu er ha chi	4
央金	yang jin	45
头曼	tou man	3
夷洲	yi zhou	13
夷道	yi dao	23
夸父	kua fu	13
夸美纽斯	kua mei niu si	19
奇拉维特	qi la wei te	23
奈保尔	nai bao er	2
奈瓦尔	nai wa er	2
奉常	feng chang	25
奉礼郎	feng li lang	6
奉高	feng gao	17
奏曹掾	zou cao yuan	2
奔霄	ben xiao	1
奕山	yi shan	24
奕詝	yi zhu	5
奚仲	xi zhong	17
奚冈	xi gang	1
奚疑	xi yi	1
奚美娟	xi mei juan	9
奢香	she xiang	46
奥井雅美	ao jing ya mei	20
奥克塔维奥	ao ke ta wei ao	23
奥勒留	ao le liu	45
奥尔布赖特	ao er bu lai te	17
奥斯特洛夫斯基	ao si te luo fu si ji	28
奥特加	ao te jia	12
奥维兰	ao wei lan	5
奥金莱克	ao jin lai ke	3
如妃	ru fei	3
如德	ru de	38
妇好	fu hao	7
妙才	miao cai	3
妙真	miao zhen	10
妫满	gui man	1
妲已	da yi	1
妹喜	mei xi	6
妻夫木聪	qi fu mu cong	36
姆贝基	mu bei ji	17
始皇帝	shi huang di	31
姚一苇	yao yi wei	4
姚中英	yao zhong ying	1
姚仁安	yao ren an	4
姚仁寿	yao ren shou	3
姚仔	yao zai	2
姚以价	yao yi jie	16
姚依林	yao yi lin	49
姚北辰	yao bei chen	2
姚华	yao hua	5
姚名达	yao ming da	22
姚启圣	yao qi sheng	6
姚国辉	yao guo hui	5
姚培谦	yao pei qian	2
姚堂	yao tang	3
姚夏	yao xia	8
姚岚	yao lan	8
姚崇	yao chong	31
姚希孟	yao xi meng	2
姚弘	yao hong	3
姚怀祥	yao huai xiang	3
姚文俊	yao wen jun	5
姚文瀚	yao wen han	3
姚明恭	yao ming gong	2
姚柬之	yao jian zhi	3
姚椿	yao chun	2
姚水娟	yao shui juan	4
姚永朴	yao yong pu	1
姚永概	yao yong gai	3
姚泓	yao hong	33
姚洋	yao yang	8
姚洪业	yao hong ye	2
姚涛	yao tao	7
姚淑	yao shu	4
姚澜	yao lan	1
姚燧	yao sui	5
姚燮	yao xie	3
姚珩	yao heng	4
姚琛	yao chen	16
姚琮	yao cong	2
姚礼修	yao li xiu	2
姚祥	yao xiang	2
姚福	yao fu	6
姚绶	yao shou	1
姚能	yao neng	5
姚芸竹	yao yun zhu	2
姚范	yao fan	2
姚觐元	yao jin yuan	1
姚谦	yao qian	26
姚采颖	yao cai ying	2
姚际恒	yao ji heng	2
姚集鲁	yao ji lu	2
姚雪垠	yao xue yin	8
姚鼐	yao nai	7
姜丰	jiang feng	5
姜丹书	jiang dan shu	8
姜勋	jiang xun	10
姜培琳	jiang pei lin	5
姜声扬	jiang sheng yang	5
姜夔	jiang kui	23
姜宝	jiang bao	15
姜宸英	jiang chen ying	1
姜寒	jiang han	3
姜广平	jiang guang ping	2
姜建铭	jiang jian ming	2
姜彤	jiang tong	1
姜惠贞	jiang hui zhen	1
姜昆	jiang kun	15
姜昊	jiang hao	3
姜易	jiang yi	2
姜晖	jiang hui	7
姜末	jiang mo	30
姜桂	jiang gui	15
姜椿芳	jiang chun fang	4
姜楠	jiang nan	4
姜武	jiang wu	34
姜汉忠	jiang han zhong	5
姜洪	jiang hong	13
姜浩波	jiang hao bo	8
姜筠	jiang yun	3
姜绍祖	jiang shao zu	4
姜育恒	jiang yu heng	12
姜薇	jiang wei	1
姜贞	jiang zhen	7
姜贵	jiang gui	1
姬云	ji yun	2
姬元	ji yuan	1
姬光	ji guang	2
姬兰	ji lan	1
姬友	ji you	3
姬发	ji fa	49
姬周	ji zhou	5
姬哙	ji kuai	2
姬喜	ji xi	2
姬奭	ji shi	3
姬完	ji wan	2
姬封	ji feng	1
姬平	ji ping	1
姬度	ji du	2
姬康	ji kang	3
姬延	ji yan	2
姬开	ji kai	2
姬强	ji qiang	4
姬旦	ji dan	2
姬昌	ji chang	38
姬晋	ji jin	3
姬林	ji lin	2
姬满	ji man	2
姬玉	ji yu	3
姬班	ji ban	1
姬申	ji shen	2
姬秋	ji qiu	19
姬苏	ji su	2
姬蒯聩	ji kuai kui	2
姬虞	ji yu	1
姬诡诸	ji gui zhu	2
姬诵	ji song	3
姬起	ji qi	2
姬辄	ji zhe	2
姬重耳	ji chong er	3
姬野	ji ye	24
姬钊	ji zhao	3
姬静	ji jing	3
威公	wei gong	9
威娜	wei na	12
威帝	wei di	2
威廉托马斯	wei lian tuo ma si	2
威阿	wei a	8
娄义华	lou yi hua	6
娄健	lou jian	3
娄雷	lou lei	6
嬴子楚	ying zi chu	1
嬴柱	ying zhu	4
嬴稷	ying ji	1
子丹	zi dan	9
子义	zi yi	9
子云	zi yun	44
子伯	zi bo	2
子尤	zi you	9
子建	zi jian	28
子桓	zi huan	4
子高	zi gao	5
子鱼	zi yu	32
孔丘	kong qiu	20
孔从洲	kong cong zhou	7
孔令晖	kong ling hui	11
孔传鋕	kong chuan zhi	2
孔伯华	kong bo hua	6
孔元措	kong yuan cuo	3
孔媛媛	kong yuan yuan	1
孔宙	kong zhou	34
孔宪培	kong xian pei	3
孔尚任	kong shang ren	2
孔广林	kong guang lin	3
孔广森	kong guang sen	3
孔广陶	kong guang tao	3
孔庆东	kong qing dong	13
孔庚	kong geng	33
孔昱	kong yu	6
孔杰	kong jie	17
孔毓圻	kong yu qi	4
孔比	kong bi	3
孔琳琳	kong lin lin	19
孔璋	kong zhang	3
孔甲	kong jia	1
孔硕	kong shuo	2
孔祥明	kong xiang ming	1
孔祥瑞	kong xiang rui	8
孔秀	kong xiu	9
孔繁森	kong fan sen	5
孔继涑	kong ji su	1
孔颖达	kong ying da	10
孔齐	kong qi	3
孙东山	sun dong shan	2
孙中新	sun zhong xin	3
孙乾	sun qian	12
孙云晓	sun yun xiao	11
孙亿	sun yi	3
孙仁	sun ren	30
孙仲	sun zhong	43
孙传庭	sun chuan ting	26
孙作	sun zuo	12
孙倩	sun qian	2
孙光大	sun guang da	3
孙光宪	sun guang xian	6
孙光祀	sun guang si	1
孙光裕	sun guang yu	3
孙克弘	sun ke hong	3
孙刚	sun gang	7
孙勇征	sun yong zheng	4
孙匡	sun kuang	3
孙嘉淦	sun jia gan	2
孙国柱	sun guo zhu	4
孙坤	sun kun	2
孙堂	sun tang	2
孙士毅	sun shi yi	25
孙奇逢	sun qi feng	1
孙奕	sun yi	4
孙威	sun wei	3
孙宁	sun ning	10
孙宝珊	sun bao shan	6
孙家鼐	sun jia nai	14
孙小茹	sun xiao ru	2
孙少先	sun shao xian	2
孙尔准	sun er zhun	5
孙山	sun shan	1
孙岩	sun yan	6
孙岳颁	sun yue ban	1
孙峻	sun jun	24
孙干	sun gan	29
孙庚	sun geng	2
孙延	sun yan	28
孙廷铨	sun ting quan	1
孙开华	sun kai hua	11
孙异	sun yi	6
孙德谦	sun de qian	2
孙志伟	sun zhi wei	1
孙志宏	sun zhi hong	5
孙忠同	sun zhong tong	3
孙思邈	sun si miao	18
孙恭	sun gong	1
孙悦	sun yue	35
孙慎行	sun shen xing	2
孙懋	sun mao	2
孙承恩	sun cheng en	5
孙承泽	sun cheng ze	5
孙据	sun ju	11
孙文涛	sun wen tao	5
孙明东	sun ming dong	3
孙明瑾	sun ming jin	1
孙星衍	sun xing yan	8
孙智正	sun zhi zheng	3
孙朗	sun lang	1
孙本文	sun ben wen	3
孙林	sun lin	26
孙树成	sun shu cheng	2
孙桐萱	sun tong xuan	11
孙桓	sun huan	3
孙桢	sun zhen	4
孙梁	sun liang	2
孙梅	sun mei	24
孙楷	sun kai	5
孙歆	sun xin	18
孙殿起	sun dian qi	1
孙毓汶	sun yu wen	2
孙永清	sun yong qing	2
孙沄	sun yun	3
孙河	sun he	24
孙洁	sun jie	7
孙浪	sun lang	4
孙海峰	sun hai feng	8
孙海英	sun hai ying	7
孙淦	sun gan	4
孙滨	sun bin	2
孙灏	sun hao	2
孙炎	sun yan	8
孙犁	sun li	4
孙玉庭	sun yu ting	2
孙玥	sun yue	3
孙玺	sun xi	5
孙珑	sun long	2
孙琮	sun cong	1
孙瑜	sun yu	18
孙甘露	sun gan lu	8
孙登	sun deng	32
孙皎	sun jiao	1
孙睿	sun rui	3
孙礼	sun li	5
孙秉枢	sun bing shu	2
孙立群	sun li qun	11
孙端	sun duan	15
孙綝	sun chen	4
孙纯	sun chun	4
孙绪	sun xu	2
孙翊	sun yi	21
孙艾	sun ai	2
孙菲菲	sun fei fei	11
孙蕙	sun hui	3
孙虹钢	sun hong gang	5
孙衣言	sun yi yan	2
孙观	sun guan	10
孙诒让	sun yi rang	7
孙谦	sun qian	34
孙资	sun zi	6
孙超曾	sun chao zeng	3
孙逊	sun xun	3
孙逸	sun yi	47
孙逸飞	sun yi fei	7
孙道临	sun dao lin	10
孙道明	sun dao ming	4
孙道静	sun dao jing	4
孙里	sun li	2
孙铨	sun quan	2
孙铸	sun zhu	3
孙锵鸣	sun qiang ming	3
孙隆	sun long	16
孙雄	sun xiong	19
孙雪泥	sun xue ni	4
孙雯	sun wen	4
孙静	sun jing	30
孙韶	sun shao	12
孙飞	sun fei	5
孙高	sun gao	4
孝庄皇后	xiao zhuang huang hou	2
孝昭帝	xiao zhao di	36
孟京涛	meng jing tao	5
孟优	meng you	4
孟光	meng guang	5
孟坦	meng tan	1
孟复	meng fu	3
孟姜女	meng jiang nv	38
孟宗	meng zong	31
孟尝君	meng chang jun	13
孟尧	meng yao	3
孟庭苇	meng ting wei	13
孟昭忠	meng zhao zhong	2
孟欣	meng xin	9
孟母	meng mu	1
孟浩然	meng hao ran	22
孟湄	meng mei	3
孟爽	meng shuang	4
孟珍	meng zhen	1
孟立国	meng li guo	4
孟节	meng jie	1
孟获	meng huo	44
孟起	meng qi	6
孟超然	meng chao ran	2
孟达	meng da	46
孟郊	meng jiao	10
季佐	ji zuo	3
季宁	ji ning	4
季小军	ji xiao jun	7
季振同	ji zhen tong	4
季振宜	ji zhen yi	1
季本	ji ben	6
季红	ji hong	4
季羡林	ji xian lin	45
季芝昌	ji zhi chang	2
季麟	ji lin	9
学蕴	xue yun	3
孺子婴	ru zi ying	3
宁妃	ning fei	5
宁调元	ning tiao yuan	7
宁财神	ning cai shen	19
宁随	ning sui	2
宇喜多秀家	yu xi duo xiu jia	16
宇垣缠	yu yuan chan	4
宇文宪	yu wen xian	41
宇文成都	yu wen cheng du	6
宇文毓	yu wen yu	18
宇文虚中	yu wen xu zhong	2
宇文觉	yu wen jue	15
宇文赟	yu wen yun	23
宇文阐	yu wen chan	7
宇梶刚士	yu wei gang shi	5
宇津井健	yu jin jing jian	4
宇豪	yu hao	27
宇鹏	yu peng	8
安以轩	an yi xuan	33
安众	an zhong	32
安倍吉俊	an bei ji jun	2
安又琪	an you qi	9
安妮宝贝	an ni bao bei	17
安嫔	an pin	10
安室奈美惠	an shi nai mei hui	48
安岐	an qi	10
安平国	an ping guo	6
安德拉德	an de la de	42
安德王	an de wang	3
安德雷斯	an de lei si	11
安惠	an hui	40
安文钦	an wen qin	2
安汉	an han	20
安沂华	an yi hua	4
安泽豪	an ze hao	2
安熙	an xi	15
安琥	an hu	5
安田成美	an tian cheng mei	16
安祚永	an zuo yong	4
安童	an tong	21
安致远	an zhi yuan	4
安藤政信	an teng zheng xin	10
安西奇	an xi qi	3
安达佑实	an da you shi	3
安钧璨	an jun can	5
宋一平	song yi ping	16
宋世德	song shi de	3
宋之的	song zhi di	10
宋之问	song zhi wen	1
宋任穷	song ren qiong	43
宋伯仁	song bo ren	4
宋俊德	song jun de	5
宋公	song gong	14
宋冰洁	song bing jie	3
宋善美	song shan mei	4
宋嘉宝	song jia bao	3
宋国强	song guo qiang	9
宋国青	song guo qing	2
宋太祖赵匡胤	song tai zu zhao kuang yin	31
宋子千	song zi qian	6
宋定国	song ding guo	4
宋宪	song xian	4
宋少帝	song shao di	25
宋平	song ping	48
宋广平	song guang ping	1
宋应星	song ying xing	3
宋度宗	song du zong	39
宋康昊	song kang hao	26
宋开春	song kai chun	2
宋微子	song wei zi	1
宋忠	song zhong	28
宋念申	song nian shen	6
宋思仁	song si ren	2
宋恕	song shu	1
宋恭帝	song gong di	26
宋慈	song ci	7
宋文公	song wen gong	6
宋无	song wu	3
宋旭	song xu	2
宋昭公	song zhao gong	8
宋晋	song jin	6
宋晓军	song xiao jun	1
宋景公	song jing gong	22
宋景诗	song jing shi	3
宋曹	song cao	3
宋权	song quan	3
宋果	song guo	7
宋柯	song ke	4
宋桓公	song huan gong	11
宋殇公	song shang gong	1
宋毅	song yi	2
宋汶	song wen	9
宋濂	song lian	18
宋炜	song wei	2
宋燕	song yan	1
宋献	song xian	7
宋玉林	song yu lin	5
宋珏	song jue	3
宋琪	song qi	1
宋琬	song wan	4
宋瑞	song rui	5
宋白	song bai	2
宋祖德	song zu de	4
宋祖英	song zu ying	12
宋端宗	song duan zong	17
宋策	song ce	6
宋纁	song xun	3
宋耕	song geng	3
宋至	song zhi	15
宋英杰	song ying jie	5
宋荦	song luo	4
宋蔼龄	song ai ling	4
宋襄公	song xiang gong	8
宋谦	song qian	5
宋达	song da	7
宋金刚	song jin gang	11
宋雪林	song xue lin	1
宋霖	song lin	4
宋顺帝	song shun di	21
宋骏业	song jun ye	1
完颜守绪	wan yan shou xu	3
完颜宗弼	wan yan zong bi	33
完颜承麟	wan yan cheng lin	2
完颜永济	wan yan yong ji	23
完颜璟	wan yan jing	15
完颜阿骨打	wan yan a gu da	24
完颜雍	wan yan yong	30
宏瑜	hong yu	2
宗义智	zong yi zhi	2
宗周	zong zhou	39
宗子	zong zi	36
宗安	zong an	2
宗宝	zong bao	14
宗朗	zong lang	1
宗杲	zong gao	10
宗楷	zong kai	3
宗次郎	zong ci lang	13
宗永生	zong yong sheng	3
宗泰	zong tai	35
宗涛	zong tao	2
宗王	zong wang	48
宗珊	zong shan	1
宗璞	zong pu	4
宗臣	zong chen	5
宗预	zong yu	5
官廉	guan lian	10
定妃	ding fei	2
宛陵	wan ling	22
宜妃	yi fei	1
宜禄	yi lu	20
实源	shi yuan	4
审配	shen pei	20
宣侠父	xuan xia fu	3
宣华华	xuan hua hua	8
宣恒	xuan heng	5
宣昭	xuan zhao	5
宣永光	xuan yong guang	2
室井滋	shi jing zi	8
宫东风	gong dong feng	3
宫少朋	gong shao peng	5
宫崎吾朗	gong qi wu lang	13
宫崎寅藏	gong qi yin cang	18
宫崎葵	gong qi kui	24
宫本直毅	gong ben zhi yi	3
宫泽佐江	gong ze zuo jiang	43
宫泽理惠	gong ze li hui	18
宰执	zai zhi	30
家弓家正	jia gong jia zheng	2
家永三郎	jia yong san lang	1
宸妃	chen fei	22
容华	rong hua	24
容国团	rong guo tuan	13
容嫔	rong pin	2
容庚	rong geng	14
容有略	rong you lve	2
容闳	rong hong	43
宾汉姆	bin han mu	10
寄尘	ji chen	3
密立根	mi li gen	15
寇世勋	kou shi xun	8
寇准	kou zhun	31
寇遐	kou xia	21
富豪刑事	fu hao xing shi	17
寝陵	qin ling	1
寸性奇	cun xing qi	4
寺岛忍	si dao ren	9
寺岛进	si dao jin	1
寿富	shou fu	19
寿梦	shou meng	4
寿里	shou li	35
封谞	feng xu	7
封锡禄	feng xi lu	3
尉健行	yu jian xing	8
尉迟恭	yu chi gong	17
尉迟敬德	yu chi jing de	20
尉迟琳嘉	yu chi lin jia	3
小乙	xiao yi	6
小仓优子	xiao cang you zi	4
小出惠介	xiao chu hui jie	4
小县真树	xiao xian zhen shu	2
小向美奈子	xiao xiang mei nai zi	2
小天	xiao tian	11
小室友里	xiao shi you li	6
小山力也	xiao shan li ye	24
小岛南	xiao dao nan	5
小岛圣	xiao dao sheng	2
小川悦司	xiao chuan yue si	4
小早川秀秋	xiao zao chuan xiu qiu	9
小早川隆景	xiao zao chuan long jing	11
小松拓也	xiao song tuo ye	3
小林优子	xiao lin you zi	9
小林优美	xiao lin you mei	1
小林光一	xiao lin guang yi	11
小林惠美	xiao lin hui mei	2
小林爱	xiao lin ai	17
小林薰	xiao lin xun	6
小林觉	xiao lin jue	6
小林诚	xiao lin cheng	10
小林香菜	xiao lin xiang cai	14
小桥惠	xiao qiao hui	1
小森美果	xiao sen mei guo	17
小池荣子	xiao chi rong zi	21
小泉今日子	xiao quan jin ri zi	33
小泉孝太郎	xiao quan xiao tai lang	5
小波尔加	xiao bo er jia	6
小泽圆	xiao ze yuan	1
小泽征尔	xiao ze zheng er	16
小泽征悦	xiao ze zheng yue	5
小泽玛利亚	xiao ze ma li ya	1
小清水亚美	xiao qing shui ya mei	13
小爱	xiao ai	10
小田切让	xiao tian qie rang	23
小田和正	xiao tian he zheng	13
小甲	xiao jia	6
小畑健	xiao tian jian	13
小西真奈美	xiao xi zhen nai mei	3
小西行长	xiao xi hang zhang	21
小辛	xiao xin	3
小野丽莎	xiao ye li sha	13
小野友树	xiao ye you shu	26
小野大辅	xiao ye da fu	39
小野贤章	xiao ye xian zhang	21
小阪由佳	xiao ban you jia	7
小鹿纯子	xiao lu chun zi	9
少宰	shao zai	18
少正	shao zheng	4
尔冬升	er dong sheng	36
尚其亨	shang qi heng	12
尚威	shang wei	2
尚小云	shang xiao yun	8
尚广	shang guang	2
尚玄	shang xuan	4
尚进	shang jin	18
尤乘	you cheng	3
尤侗	you dong	1
尤利塞斯	you li sai si	2
尤勇	you yong	7
尤太忠	you tai zhong	4
尤怡	you yi	3
尤珍	you zhen	2
尤良	you liang	3
尤荫	you yin	3
尤西比奥	you xi bi ao	15
尤颖钦	you ying qin	4
尹中立	yin zhong li	9
尹丽川	yin li chuan	3
尹仲容	yin zhong rong	4
尹会一	yin hui yi	3
尹卫红	yin wei hong	3
尹宗禹	yin zong yu	5
尹宽	yin kuan	10
尹旭	yin xu	4
尹昌衡	yin chang heng	23
尹桂芳	yin gui fang	9
尹珍	yin zhen	14
尹相杰	yin xiang jie	12
尹礼	yin li	7
尹继善	yin ji shan	14
尹默	yin mo	6
尼耳斯	ni er si	3
尾生	wei sheng	5
尾田荣一郎	wei tian rong yi lang	29
居巢	ju chao	10
居廉	ju lian	8
居节	ju jie	2
居里夫人	ju li fu ren	32
屈万里	qu wan li	10
屈修	qu xiu	2
屈大均	qu da jun	16
屈轶	qu yi	5
展子虔	zhan zi qian	2
屠娇娇	tu jiao jiao	1
屠寄	tu ji	8
屠滽	tu yong	5
屠隆	tu long	12
山下敬吾	shan xia jing wu	17
山下达郎	shan xia da lang	30
山内铃兰	shan nei ling lan	28
山县昌景	shan xian chang jing	2
山口晶	shan kou jing	3
山口智子	shan kou zhi zi	13
山口理惠	shan kou li hui	2
山口登	shan kou deng	4
山口百惠	shan kou bai hui	22
山口胜平	shan kou sheng ping	31
山城宏	shan cheng hong	1
山奇	shan qi	6
山寺宏一	shan si hong yi	27
山崎一	shan qi yi	6
山崎和佳奈	shan qi he jia nai	8
山崎真由美	shan qi zhen you mei	2
山本五十六	shan ben wu shi liu	36
山本勘助	shan ben kan zhu	2
山本圭	shan ben gui	17
山本润子	shan ben run zi	1
山本百合子	shan ben bai he zi	3
山本萨夫	shan ben sa fu	4
山本裕典	shan ben yu dian	5
山樱	shan ying	14
山涛	shan tao	16
山田优	shan tian you	8
山田信夫	shan tian xin fu	2
山田孝之	shan tian xiao zhi	44
山田美穗	shan tian mei sui	2
山田规三生	shan tian gui san sheng	4
山阳郡	shan yang jun	29
山阴道	shan yin dao	6
岑仲勉	cen zhong mian	19
岑凯伦	cen kai lun	4
岑参	cen shen	3
岑威	cen wei	2
岑昏	cen hun	3
岑永康	cen yong kang	5
岑科	cen ke	7
岛津义弘	dao jin yi hong	32
岛谷瞳	dao gu tong	7
岩下志麻	yan xia zhi ma	8
岩井俊二	yan jing jun er	40
岩代太郎	yan dai tai lang	7
岩佐真悠子	yan zuo zhen you zi	2
岩本薰	yan ben xun	3
岩松了	yan song liao	10
岩田光央	yan tian guang yang	22
岩田达明	yan tian da ming	4
岳岱	yue dai	2
岳正	yue zheng	4
岳武穆	yue wu mu	7
岳美中	yue mei zhong	3
岳跃	yue yue	9
岳雷	yue lei	8
岳高	yue gao	2
岸惠子	an hui zi	10
岸本加世子	an ben jia shi zi	6
崇厚	chong hou	22
崇宗	chong zong	18
崇恩	chong en	24
崔元星	cui yuan xing	2
崔勇	cui yong	14
崔可夫	cui ke fu	34
崔哲瀚	cui zhe han	10
崔哲翰	cui zhe han	2
崔圭丙	cui gui bing	1
崔天凯	cui tian kai	23
崔夫人	cui fu ren	3
崔奕	cui yi	6
崔子范	cui zi fan	1
崔岩	cui yan	1
崔志刚	cui zhi gang	2
崔明	cui ming	38
崔明勋	cui ming xun	5
崔晓光	cui xiao guang	2
崔林	cui lin	16
崔毅	cui yi	4
崔江熙	cui jiang xi	2
崔烈	cui lie	12
崔琦	cui qi	28
崔琰	cui yan	11
崔纪	cui ji	2
崔美善	cui mei shan	3
崔致远	cui zhi yuan	43
崔蔚林	cui wei lin	4
崔述	cui shu	16
崔陟	cui zhi	4
崔颢	cui hao	6
崔鸿	cui hong	4
嵇含	ji han	10
嵇康	ji kang	22
嵇文甫	ji wen fu	12
嵇曾筠	ji zeng yun	3
川井宪次	chuan jing xian ci	19
川井郁子	chuan jing yu zi	2
川口开治	chuan kou kai zhi	2
川岛直美	chuan dao zhi mei	3
川岛茉树代	chuan dao mo shu dai	2
川端康成	chuan duan kang cheng	23
州泰	zhou tai	28
巡警部	xun jing bu	9
工藤新一	gong teng xin yi	25
工藤静香	gong teng jing xiang	16
左丘明	zuo qiu ming	7
左光斗	zuo guang dou	24
左冷禅	zuo leng chan	38
左宝贵	zuo bao gui	3
左尹	zuo yin	5
左思	zuo si	25
左慈	zuo ci	9
左执法	zuo zhi fa	1
左晓蕾	zuo xiao lei	8
左正	zuo zheng	11
左舜生	zuo shun sheng	10
左齐	zuo qi	7
巨平	ju ping	7
巩建丰	gong jian feng	3
巩志	gong zhi	3
巫县	wu xian	9
巫继学	wu ji xue	1
巴乔	ba qiao	27
巴克礼	ba ke li	22
巴勃鲁	ba bo lu	4
巴多里奥	ba duo li ao	2
巴家伟	ba jia wei	3
巴尔德斯	ba er de si	49
巴尔扎克	ba er zha ke	36
巴尔达诺	ba er da nuo	5
巴拉迪	ba la di	14
巴斯腾	ba si teng	3
巴曙松	ba shu song	2
巴甫洛维奇	ba fu luo wei qi	22
巴蒂斯图塔	ba di si tu ta	2
巴蔓子	ba man zi	6
巴雷西	ba lei xi	18
币原坦	bi yuan tan	3
市井纱耶香	shi jing sha ye xiang	4
市原隼人	shi yuan sun ren	8
市川昆	shi chuan kun	19
市川染五郎	shi chuan ran wu lang	18
市川由衣	shi chuan you yi	7
布劳岱尔	bu lao dai er	4
布勒东	bu le dong	35
布尔达	bu er da	8
布德尔	bu de er	26
布施明	bu shi ming	2
布洛欣	bu luo xin	2
布洛赫	bu luo he	40
布特拉格诺	bu te la ge nuo	1
布罗茨基	bu luo ci ji	38
布莱希特	bu lai xi te	27
布莱德雷	bu lai de lei	15
布袋寅泰	bu dai yin tai	15
布鲁查加	bu lu cha jia	2
帅我	shuai wo	5
师婆	shi po	5
师春玲	shi chun ling	3
师洋	shi yang	1
师纂	shi zuan	2
帕拉塞尔苏斯	pa la sai er su si	14
帕罗特	pa luo te	10
帕萨雷拉	pa sa lei la	2
帝乙	di yi	16
帝喾	di ku	12
帝昺	di bing	2
帝辛	di xin	17
带方	dai fang	38
席佩兰	xi pei lan	3
席慕蓉	xi mu rong	6
常任侠	chang ren xia	4
常伦	chang lun	10
常关	chang guan	11
常大淳	chang da chun	9
常宝	chang bao	28
常宽	chang kuan	4
常彬	chang bin	4
常昊	chang hao	15
常明芳	chang ming fang	4
常晓阳	chang xiao yang	2
常盘贵子	chang pan gui zi	9
常红利	chang hong li	2
常远	chang yuan	11
常颖	chang ying	2
常香玉	chang xiang yu	14
干休	gan xiu	5
干宝	gan bao	13
平井理央	ping jing li yang	6
平原绫香	ping yuan ling xiang	3
平夷	ping yi	30
平春	ping chun	16
平步青	ping bu qing	2
平田广明	ping tian guang ming	13
平襄	ping xiang	6
平野绫	ping ye ling	34
平鑫涛	ping xin tao	4
年希尧	nian xi yao	4
年王臣	nian wang chen	3
幸田来未	xing tian lai wei	48
幼平	you ping	9
广末凉子	guang mo liang zi	31
广汉郡	guang han jun	36
广田亮平	guang tian liang ping	1
广田弘毅	guang tian hong yi	7
广禄	guang lu	15
庄则栋	zhuang ze dong	10
庄周	zhuang zhou	45
庄妃	zhuang fei	8
庄山	zhuang shan	5
庄恒	zhuang heng	5
庄昶	zhuang chang	1
庄有恭	zhuang you gong	2
庄泳	zhuang yong	7
庄玉庭	zhuang yu ting	5
庄绶甲	zhuang shou jia	2
庄羽	zhuang yu	2
庄肃	zhuang su	6
庄臻凤	zhuang zhen feng	2
庄蕴宽	zhuang yun kuan	5
庄长恭	zhuang chang gong	2
庆保	qing bao	5
庆泰	qing tai	28
库仑	ku lun	35
库兹涅佐娃	ku zi nie zuo wa	18
库利克	ku li ke	16
库尔提斯	ku er ti si	3
库巴拉	ku ba la	16
库里申科	ku li shen ke	6
应云卫	ying yun wei	23
应仁	ying ren	31
应劭	ying shao	25
应慈	ying ci	3
应采儿	ying cai er	34
庞义	pang yi	3
庞人铨	pang ren quan	2
庞会	pang hui	5
庞元济	pang yuan ji	4
庞卫国	pang wei guo	1
庞哲	pang zhe	10
庞德公	pang de gong	9
庞舒	pang shu	1
庞鸿书	pang hong shu	5
庞龙	pang long	6
庶老	shu lao	2
康丁	kang ding	14
康军	kang jun	35
康国平	kang guo ping	4
康子妮	kang zi ni	2
康宗	kang zong	22
康帕内拉	kang pa nei la	12
康广仁	kang guang ren	1
康建刚	kang jian gang	2
康恺	kang kai	3
康绍镛	kang shao yong	2
康辰	kang chen	2
廖二平	liao er ping	2
廖仲恺	liao zhong kai	48
廖化	liao hua	16
廖寅	liao yin	3
廖平	liao ping	3
廖政国	liao zheng guo	6
廖文毅	liao wen yi	15
廖新波	liao xin bo	11
廖桂永	liao gui yong	2
廖立	liao li	4
廖纪	liao ji	3
廖静文	liao jing wen	3
廪人	lin ren	2
延初	yan chu	3
延历寺	yan li si	35
延康	yan kang	17
延熙	yan xi	46
建公	jian gong	24
建婷	jian ting	2
建衡	jian heng	34
弗兰奇	fu lan qi	42
弗兰明	fu lan ming	2
弗尔迈伊	fu er mai yi	2
弗朗西斯培根	fu lang xi si pei gen	3
弗朗西斯科利	fu lang xi si ke li	4
弗格	fu ge	46
弗罗伦斯	fu luo lun si	13
弘一大师	hong yi da shi	17
弘昌	hong chang	13
弘景	hong jing	3
张一一	zhang yi yi	22
张一奇	zhang yi qi	3
张一麟	zhang yi lin	4
张世仁	zhang shi ren	1
张世平	zhang shi ping	9
张世杰	zhang shi jie	22
张世贤	zhang shi xian	2
张丙	zhang bing	21
张业	zhang ye	37
张东凯	zhang dong kai	2
张东涛	zhang dong tao	5
张东臣	zhang dong chen	2
张丰毅	zhang feng yi	27
张临	zhang lin	7
张丹丹	zhang dan dan	12
张丹露	zhang dan lu	4
张举	zhang ju	35
张乃燕	zhang nai yan	4
张乃耆	zhang nai qi	2
张之万	zhang zhi wan	5
张之江	zhang zhi jiang	23
张之翰	zhang zhi han	6
张之象	zhang zhi xiang	2
张乐	zhang le	31
张乐行	zhang le xing	1
张九龄	zhang jiu ling	16
张习孔	zhang xi kong	2
张二奎	zhang er kui	3
张云仙	zhang yun xian	3
张云逸	zhang yun yi	36
张云锦	zhang yun jin	3
张云飞	zhang yun fei	2
张云鹤	zhang yun he	3
张云龙	zhang yun long	37
张五典	zhang wu dian	9
张五常	zhang wu chang	7
张井	zhang jing	2
张亚东	zhang ya dong	26
张亮基	zhang liang ji	4
张介宾	zhang jie bin	1
张以宁	zhang yi ning	3
张仲景	zhang zhong jing	29
张任	zhang ren	6
张休	zhang xiu	18
张会祥	zhang hui xiang	4
张伟平	zhang wei ping	1
张伯声	zhang bo sheng	4
张伯行	zhang bo xing	12
张位	zhang wei	5
张作楠	zhang zuo nan	2
张佩纶	zhang pei lun	3
张佩芳	zhang pei fang	3
张佳胤	zhang jia yin	7
张俭	zhang jian	25
张健鹏	zhang jian peng	4
张元举	zhang yuan ju	3
张元忭	zhang yuan bian	6
张元济	zhang yuan ji	31
张元芳	zhang yuan fang	3
张元贞	zhang yuan zhen	3
张兆志	zhang zhao zhi	8
张兆祥	zhang zhao xiang	6
张先	zhang xian	47
张光东	zhang guang dong	7
张光孝	zhang guang xiao	1
张光年	zhang guang nian	5
张克俭	zhang ke jian	22
张克帆	zhang ke fan	4
张兵	zhang bing	9
张其昀	zhang qi yun	30
张其淦	zhang qi gan	1
张养浩	zhang yang hao	1
张凤翼	zhang feng yi	12
张剑荆	zhang jian jing	5
张劭	zhang shao	4
张化麒	zhang hua qi	2
张千里	zhang qian li	6
张华立	zhang hua li	3
张卓	zhang zhuo	21
张南	zhang nan	10
张南庄	zhang nan zhuang	3
张卤	zhang lu	5
张卫	zhang wei	20
张卫平	zhang wei ping	11
张卫星	zhang wei xing	4
张即之	zhang ji zhi	1
张历历	zhang li li	5
张厉生	zhang li sheng	28
张原	zhang yuan	14
张叔夜	zhang shu ye	4
张叔明	zhang shu ming	3
张可颐	zhang ke yi	18
张合	zhang he	10
张吉安	zhang ji an	10
张向东	zhang xiang dong	9
张向宁	zhang xiang ning	1
张君秋	zhang jun qiu	13
张含英	zhang han ying	4
张员	zhang yuan	24
张和	zhang he	8
张咪	zhang mi	5
张唐英	zhang tang ying	3
张善为	zhang shan wei	1
张嘉谟	zhang jia mo	2
张嘎	zhang ga	21
张四维	zhang si wei	11
张国光	zhang guo guang	7
张国凤	zhang guo feng	5
张国华	zhang guo hua	33
张国庆	zhang guo qing	8
张国忠	zhang guo zhong	11
张国成	zhang guo cheng	2
张国政	zhang guo zheng	5
张国淦	zhang guo gan	3
张国维	zhang guo wei	13
张均	zhang jun	20
张坚	zhang jian	28
张坤生	zhang kun sheng	2
张坦	zhang tan	19
张埙	zhang xun	2
张培爵	zhang pei jue	13
张士俊	zhang shi jun	5
张士元	zhang shi yuan	4
张夔	zhang kui	5
张大受	zhang da shou	1
张大复	zhang da fu	4
张大煜	zhang da yu	1
张天复	zhang tian fu	4
张天德	zhang tian de	10
张天成	zhang tian cheng	1
张天翼	zhang tian yi	6
张天英	zhang tian ying	2
张天锡	zhang tian xi	24
张天骏	zhang tian jun	1
张奔斗	zhang ben dou	1
张如芝	zhang ru zhi	1
张媛媛	zhang yuan yuan	2
张子俊	zhang zi jun	1
张子清	zhang zi qing	6
张孝祥	zhang xiao xiang	1
张学冬	zhang xue dong	8
张学曾	zhang xue zeng	3
张宗恒	zhang zong heng	3
张宗法	zhang zong fa	3
张宗泰	zhang zong tai	2
张宗海	zhang zong hai	7
张宗祥	zhang zong xiang	2
张宗苍	zhang zong cang	1
张宗逊	zhang zong xun	13
张宝华	zhang bao hua	14
张实	zhang shi	5
张宣	zhang xuan	9
张宪	zhang xian	33
张家震	zhang jia zhen	4
张家驹	zhang jia ju	4
张家鹏	zhang jia peng	6
张宾	zhang bin	15
张寒晖	zhang han hui	7
张寰	zhang huan	3
张寿臣	zhang shou chen	4
张寿荣	zhang shou rong	1
张寿镛	zhang shou yong	8
张小倩	zhang xiao qian	4
张小爱	zhang xiao ai	1
张小蓓	zhang xiao bei	1
张小霞	zhang xiao xia	7
张少华	zhang shao hua	8
张少舫	zhang shao fang	1
张尔岐	zhang er qi	3
张尚	zhang shang	30
张尹	zhang yin	5
张履祥	zhang lv xiang	3
张岱	zhang dai	32
张岳崧	zhang yue song	9
张峻	zhang jun	37
张崟	zhang yin	3
张嶷	zhang yi	14
张布	zhang bu	7
张常在	zhang chang zai	2
张年	zhang nian	7
张幼仪	zhang you yi	2
张广天	zhang guang tian	1
张广瑞	zhang guang rui	7
张庆澍	zhang qing shu	2
张庆鹏	zhang qing peng	4
张应奎	zhang ying kui	5
张应文	zhang ying wen	3
张应昌	zhang ying chang	4
张应梅	zhang ying mei	3
张庚	zhang geng	18
张度	zhang du	34
张庭	zhang ting	45
张庭伟	zhang ting wei	5
张廉	zhang lian	19
张延登	zhang yan deng	2
张廷桂	zhang ting gui	2
张廷济	zhang ting ji	3
张建刚	zhang jian gang	8
张弋	zhang yi	1
张弥	zhang mi	10
张弦	zhang xian	7
张弧	zhang hu	2
张弨	zhang chao	4
张强	zhang qiang	44
张弼	zhang bi	14
张当	zhang dang	6
张录	zhang lu	4
张彤	zhang tong	18
张德培	zhang de pei	2
张德奎	zhang de kui	1
张德成	zhang de cheng	9
张德纯	zhang de chun	4
张德能	zhang de neng	2
张德芬	zhang de fen	5
张德荣	zhang de rong	4
张德馨	zhang de xin	8
张心悦	zhang xin yue	2
张志宏	zhang zhi hong	2
张志强	zhang zhi qiang	14
张志新	zhang zhi xin	10
张志熙	zhang zhi xi	2
张志让	zhang zhi rang	8
张忻	zhang xin	4
张思伦	zhang si lun	2
张思孝	zhang si xiao	1
张思德	zhang si de	3
张怡宁	zhang yi ning	21
张恕	zhang shu	10
张恨水	zhang hen shui	17
张恭	zhang gong	15
张恺	zhang kai	21
张恺帆	zhang kai fan	24
张悌	zhang ti	7
张悦然	zhang yue ran	5
张惠民	zhang hui min	6
张惠真	zhang hui zhen	3
张惠言	zhang hui yan	3
张慎	zhang shen	6
张慎言	zhang shen yan	6
张懿	zhang yi	10
张戒	zhang jie	3
张承志	zhang cheng zhi	11
张承烈	zhang cheng lie	1
张拉拉	zhang la la	1
张择端	zhang ze duan	2
张振勋	zhang zhen xun	3
张振宗	zhang zhen zong	5
张掖郡	zhang ye jun	41
张敦仁	zhang dun ren	4
张文东	zhang wen dong	7
张文治	zhang wen zhi	8
张文泉	zhang wen quan	1
张文灿	zhang wen can	5
张文瑞	zhang wen rui	1
张文盛	zhang wen sheng	1
张文虎	zhang wen hu	4
张文豪	zhang wen hao	2
张文郁	zhang wen yu	3
张斌	zhang bin	39
张斐	zhang fei	1
张新国	zhang xin guo	2
张既	zhang ji	10
张时彻	zhang shi che	3
张旸	zhang yang	2
张昀	zhang yun	1
张昂	zhang ang	4
张昆弟	zhang kun di	15
张明先	zhang ming xian	5
张明忠	zhang ming zhong	1
张明炜	zhang ming wei	3
张昭汉	zhang zhao han	3
张晃	zhang huang	3
张晋福	zhang jin fu	4
张晓平	zhang xiao ping	7
张晓梅	zhang xiao mei	7
张晞	zhang xi	11
张普	zhang pu	7
张景严	zhang jing yan	2
张景中	zhang jing zhong	2
张景山	zhang jing shan	1
张晴	zhang qing	7
张智成	zhang zhi cheng	33
张曜	zhang yao	10
张曜孙	zhang yao sun	1
张曼菱	zhang man ling	6
张有清	zhang you qing	3
张朝阳	zhang chao yang	3
张本渝	zhang ben yu	2
张松	zhang song	33
张果老	zhang guo lao	10
张枝	zhang zhi	3
张柠	zhang ning	7
张栋伟	zhang dong wei	4
张栋梁	zhang dong liang	37
张栩	zhang xu	11
张梁	zhang liang	7
张梅	zhang mei	29
张梓	zhang zi	41
张森楷	zhang sen kai	3
张楫如	zhang ji ru	2
张榕	zhang rong	45
张横	zhang heng	12
张正光	zhang zheng guang	2
张毅君	zhang yi jun	4
张民表	zhang min biao	3
张民革	zhang min ge	2
张永立	zhang yong li	4
张汉林	zhang han lin	8
张汝霖	zhang ru lin	6
张江树	zhang jiang shu	1
张江裁	zhang jiang cai	2
张沐	zhang mu	3
张治安	zhang zhi an	3
张波	zhang bo	13
张泰青	zhang tai qing	3
张泽峰	zhang ze feng	6
张泽群	zhang ze qun	11
张泽钧	zhang ze jun	1
张洁雯	zhang jie wen	16
张津	zhang jin	10
张洪伟	zhang hong wei	7
张洲	zhang zhou	3
张洽	zhang qia	13
张济	zhang ji	20
张浩宇	zhang hao yu	1
张海迪	zhang hai di	11
张海鹏	zhang hai peng	13
张涛	zhang tao	39
张润	zhang run	33
张润之	zhang run zhi	3
张淦	zhang gan	9
张淮	zhang huai	7
张渥	zhang wo	3
张湄	zhang mei	2
张溥	zhang pu	11
张潜	zhang qian	20
张澜	zhang lan	47
张澜澜	zhang lan lan	4
张灵甫	zhang ling fu	9
张灼	zhang zhuo	12
张炎	zhang yan	28
张炜	zhang wei	31
张炤	zhang zhao	1
张焱	zhang yan	1
张煌言	zhang huang yan	24
张燕	zhang yan	44
张燮	zhang xie	24
张爱萍	zhang ai ping	45
张爽	zhang shuang	4
张特	zhang te	6
张玄靓	zhang xuan liang	19
张玉书	zhang yu shu	5
张玉娘	zhang yu niang	1
张玉宁	zhang yu ning	10
张现伟	zhang xian wei	3
张玲玲	zhang ling ling	2
张珏	zhang jue	4
张珪	zhang gui	5
张球	zhang qiu	4
张琏	zhang lian	6
张琼文	zhang qiong wen	1
张瑜平	zhang yu ping	3
张瑞图	zhang rui tu	4
张瑞敏	zhang rui min	5
张瑞芳	zhang rui fang	7
张瑶	zhang yao	14
张璁	zhang cong	39
张璇	zhang xuan	27
张璧	zhang bi	41
张瓒	zhang zan	5
张申	zhang shen	17
张申宏	zhang shen hong	4
张百龄	zhang bai ling	2
张皋	zhang gao	3
张相文	zhang xiang wen	13
张眉孙	zhang mei sun	3
张石	zhang shi	14
张确	zhang que	5
张祖同	zhang zu tong	1
张祖翼	zhang zu yi	1
张祖谅	zhang zu liang	1
张祖辉	zhang zu hui	3
张祚	zhang zuo	36
张祥云	zhang xiang yun	5
张祥河	zhang xiang he	2
张秀英	zhang xiu ying	6
张秋人	zhang qiu ren	3
张穆	zhang mu	19
张立松	zhang li song	5
张立群	zhang li qun	6
张竞生	zhang jing sheng	1
张笃庆	zhang du qing	4
张符	zhang fu	5
张籍	zhang ji	4
张约	zhang yue	8
张纪中	zhang ji zhong	7
张纮	zhang hong	7
张纯修	zhang chun xiu	2
张纶	zhang lun	14
张绅	zhang shen	3
张绍祖	zhang shao zu	4
张经武	zhang jing wu	28
张统	zhang tong	8
张绣	zhang xiu	20
张继军	zhang ji jun	2
张绳武	zhang sheng wu	1
张维仁	zhang wei ren	8
张维华	zhang wei hua	4
张维屏	zhang wei ping	3
张维翰	zhang wei han	41
张维迎	zhang wei ying	5
张缉	zhang ji	23
张羽材	zhang yu cai	2
张翥	zhang zhu	5
张翼翔	zhang yi xiang	10
张耀翔	zhang yao xiang	1
张聿光	zhang yu guang	5
张肃	zhang su	8
张肇金	zhang zhao jin	2
张自德	zhang zi de	3
张致中	zhang zhi zhong	2
张舒涵	zhang shu han	4
张节	zhang jie	5
张芾	zhang fu	1
张苍	zhang cang	9
张苞	zhang bao	17
张若澄	zhang ruo cheng	1
张若虚	zhang ruo xu	8
张范	zhang fan	5
张茜	zhang qian	40
张荣明	zhang rong ming	1
张荫桓	zhang yin huan	15
张荫麟	zhang yin lin	5
张莉	zhang li	29
张莘	zhang shen	6
张蔚华	zhang wei hua	19
张虎	zhang hu	21
张行孚	zhang xing fu	2
张行简	zhang xing jian	1
张裔	zhang yi	13
张裕钊	zhang yu zhao	1
张角	zhang jue	36
张誉	zhang yu	3
张让	zhang rang	9
张训	zhang xun	9
张诗	zhang shi	36
张诩	zhang xu	2
张说	zhang yue	9
张谞行	zhang xu xing	3
张谨	zhang jin	1
张象	zhang xiang	10
张贞观	zhang zhen guan	3
张贤亮	zhang xian liang	4
张贵人	zhang gui ren	1
张轨	zhang gui	47
张轸	zhang zhen	29
张载	zhang zai	41
张辉瓒	zhang hui zan	28
张迪哲	zhang di zhe	2
张适	zhang shi	1
张逊	zhang xun	6
张遂	zhang sui	7
张道中	zhang dao zhong	3
张道真	zhang dao zhen	5
张道陵	zhang dao ling	6
张遵	zhang zun	11
张邈	zhang miao	20
张邦基	zhang bang ji	4
张邵刚	zhang shao gang	2
张重华	zhang zhong hua	14
张金吾	zhang jin wu	3
张金枝	zhang jin zhi	5
张鉴	zhang jian	16
张鋆	zhang yun	6
张钫	zhang fang	28
张钰哲	zhang yu zhe	15
张铁林	zhang tie lin	28
张铁英	zhang tie ying	7
张铉	zhang xuan	11
张锐	zhang rui	27
张锡兰	zhang xi lan	2
张锦芳	zhang jin fang	1
张镜心	zhang jing xin	3
张长城	zhang chang cheng	3
张闿	zhang kai	21
张阳德	zhang yang de	6
张际亮	zhang ji liang	2
张际鹏	zhang ji peng	4
张陵	zhang ling	16
张雄	zhang xiong	38
张雨森	zhang yu sen	2
张雪中	zhang xue zhong	18
张雪松	zhang xue song	2
张震岳	zhang zhen yue	18
张静东	zhang jing dong	4
张静初	zhang jing chu	23
张韬	zhang tao	12
张音	zhang yin	5
张须陀	zhang xu tuo	10
张颂文	zhang song wen	37
张颌	zhang he	1
张颐	zhang yi	12
张颐武	zhang yi wu	7
张颖洁	zhang ying jie	5
张飞飞	zhang fei fei	7
张驰	zhang chi	17
张骁	zhang xiao	3
张骏	zhang jun	29
张骏祥	zhang jun xiang	4
张鲜堂	zhang xian tang	2
张鸣珂	zhang ming ke	4
张鸿烈	zhang hong lie	30
张鹏翀	zhang peng chong	3
张鹏翔	zhang peng xiang	4
张鹏翮	zhang peng he	6
张鹏翼	zhang peng yi	6
张鹤龄	zhang he ling	14
张鼎丞	zhang ding cheng	28
张鼐	zhang nai	5
张龑	zhang yan	7
张龙德	zhang long de	2
弥尔顿	mi er dun	47
弥海砂	mi hai sha	6
弼德院	bi de yuan	3
归亚蕾	gui ya lei	14
归庄	gui zhuang	3
归有光	gui you guang	8
彭丹	peng dan	6
彭丽媛	peng li yuan	26
彭任	peng ren	3
彭伯	peng bo	8
彭光谦	peng guang qian	9
彭加木	peng jia mu	7
彭启丰	peng qi feng	2
彭和	peng he	7
彭城国	peng cheng guo	3
彭壁生	peng bi sheng	2
彭士量	peng shi liang	5
彭孙贻	peng sun yi	3
彭孙遹	peng sun yu	3
彭宇	peng yu	27
彭安	peng an	5
彭定求	peng ding qiu	2
彭家煌	peng jia huang	4
彭家珍	peng jia zhen	4
彭小枫	peng xiao feng	9
彭帅	peng shuai	39
彭师度	peng shi du	2
彭平之	peng ping zhi	3
彭年	peng nian	35
彭德清	peng de qing	19
彭志强	peng zhi qiang	7
彭春霞	peng chun xia	4
彭昱尧	peng yu yao	2
彭杰如	peng jie ru	4
彭楚藩	peng chu fan	6
彭泰来	peng tai lai	2
彭烈	peng lie	5
彭珑	peng long	4
彭睿	peng rui	3
彭立尧	peng li yao	3
彭端淑	peng duan shu	4
彭绍升	peng shao sheng	1
彭羕	peng yang	4
彭翼仲	peng yi zhong	1
彭荃	peng quan	4
彭莉	peng li	3
彭葵	peng kui	3
彭蕴章	peng yun zhang	1
彭蠡	peng li	1
彭进	peng jin	4
彭道儒	peng dao ru	2
彭遵泗	peng zun si	2
彭雪枫	peng xue feng	48
彭龟年	peng gui nian	13
影山浩宣	ying shan hao xuan	34
影木荣贵	ying mu rong gui	2
彼什科夫	bi shen ke fu	3
彼得梅尔	bi de mei er	2
很北	hen bei	4
徐上瀛	xu shang ying	2
徐世刚	xu shi gang	3
徐中约	xu zhong yue	1
徐中雄	xu zhong xiong	3
徐乃昌	xu nai chang	1
徐之明	xu zhi ming	4
徐云志	xu yun zhi	3
徐仁铸	xu ren zhu	3
徐令	xu ling	19
徐以升	xu yi sheng	5
徐俐	xu li	3
徐傅霖	xu fu lin	2
徐元文	xu yuan wen	1
徐兢	xu jing	5
徐凯	xu kai	20
徐勋	xu xun	1
徐卓	xu zhuo	10
徐县	xu xian	3
徐友渔	xu you yu	6
徐名世	xu ming shi	2
徐君	xu jun	24
徐启明	xu qi ming	6
徐商	xu shang	7
徐嘉瑞	xu jia rui	7
徐国麟	xu guo lin	2
徐士林	xu shi lin	3
徐大椿	xu da chun	3
徐天利	xu tian li	2
徐天红	xu tian hong	2
徐夫人	xu fu ren	1
徐奉洙	xu feng zhu	12
徐婷	xu ting	1
徐媛媛	xu yuan yuan	7
徐子苓	xu zi ling	2
徐存	xu cun	5
徐守铭	xu shou ming	2
徐宗亮	xu zong liang	1
徐宗干	xu zong gan	4
徐宗浩	xu zong hao	2
徐宝璜	xu bao huang	6
徐家驹	xu jia ju	3
徐小凤	xu xiao feng	49
徐小平	xu xiao ping	12
徐尚	xu shang	32
徐帆	xu fan	36
徐师曾	xu shi zeng	1
徐应明	xu ying ming	3
徐庭瑶	xu ting yao	14
徐庶	xu shu	10
徐康	xu kang	18
徐彪	xu biao	7
徐彬	xu bin	36
徐必达	xu bi da	5
徐志勋	xu zhi xun	2
徐念慈	xu nian ci	3
徐怀钰	xu huai yu	18
徐恩曾	xu en zeng	22
徐懋庸	xu mao yong	5
徐承东	xu cheng dong	2
徐文惠	xu wen hui	1
徐文烈	xu wen lie	3
徐文靖	xu wen jing	3
徐方	xu fang	15
徐无	xu wu	2
徐时栋	xu shi dong	5
徐昉	xu fang	6
徐星友	xu xing you	2
徐春	xu chun	12
徐晃	xu huang	32
徐景达	xu jing da	4
徐有贞	xu you zhen	2
徐本禹	xu ben yu	3
徐松	xu song	44
徐枋	xu fang	1
徐枢	xu shu	4
徐枫	xu feng	11
徐柏龄	xu bai ling	2
徐柱	xu zhu	4
徐柳	xu liu	4
徐桐	xu tong	6
徐桢立	xu zhen li	2
徐楚	xu chu	20
徐樾	xu yue	3
徐步云	xu bu yun	2
徐泓	xu hong	11
徐泰	xu tai	12
徐洋	xu yang	6
徐海东	xu hai dong	15
徐涵	xu han	1
徐渭	xu wei	14
徐溶	xu rong	3
徐滇庆	xu dian qing	1
徐澄	xu cheng	3
徐炼	xu lian	2
徐焕升	xu huan sheng	14
徐焕斗	xu huan dou	2
徐焕然	xu huan ran	1
徐焰	xu yan	2
徐熙	xu xi	22
徐熙娣	xu xi di	18
徐熙媛	xu xi yuan	13
徐特立	xu te li	42
徐猛	xu meng	7
徐玉兰	xu yu lan	8
徐玑	xu ji	2
徐玫	xu mei	1
徐玮	xu wei	22
徐珊	xu shan	3
徐百卉	xu bai hui	8
徐盛	xu sheng	22
徐秉义	xu bing yi	4
徐筠	xu yun	5
徐红	xu hong	5
徐继畲	xu ji she	3
徐翊	xu yi	13
徐自华	xu zi hua	3
徐自明	xu zi ming	1
徐舫	xu fang	3
徐艳	xu yan	3
徐芳	xu fang	25
徐茂公	xu mao gong	2
徐葆光	xu bao guang	1
徐行可	xu xing ke	2
徐质	xu zhi	5
徐贲	xu ben	5
徐超	xu chao	7
徐辉	xu hui	41
徐达源	xu da yuan	2
徐迟	xu chi	12
徐邦	xu bang	18
徐采	xu cai	2
徐鉴	xu jian	15
徐钰	xu yu	3
徐铸成	xu zhu cheng	1
徐问	xu wen	3
徐陵	xu ling	21
徐隆	xu long	2
徐震	xu zhen	13
徐霈	xu pei	2
徐霞客	xu xia ke	36
徐颖	xu ying	4
徐颢菲	xu hao fei	2
徐骧	xu xiang	4
徐鹤	xu he	5
徐鼎	xu ding	14
徐鼒	xu zi	3
御猫	yu mao	18
德利马	de li ma	2
德川家光	de chuan jia guang	40
德川家茂	de chuan jia mao	12
德川庆喜	de chuan qing xi	35
德川秀忠	de chuan xiu zhong	33
德川齐昭	de chuan qi zhao	11
德拉克洛瓦	de la ke luo wa	11
德操	de cao	17
德昂	de ang	26
德止	de zhi	2
德永英明	de yong ying ming	10
德祐	de you	43
德谟克里特	de mo ke li te	2
德重聪	de zhong cong	3
德门蒂耶娃	de men di ye wa	1
忌野清志郎	ji ye qing zhi lang	2
志田未来	zhi tian wei lai	26
志贺直哉	zhi he zhi zai	10
志锐	zhi rui	19
念常	nian chang	2
忽必来	hu bi lai	2
忽那汐里	hu na xi li	4
忽雷驳	hu lei bo	3
怀海	huai hai	9
怀贤	huai xian	2
恒文	heng wen	1
恩锡	en xi	18
恭小兵	gong xiao bing	4
恶逆	e ni	13
恽寿平	yun shou ping	3
恽毓鼎	yun yu ding	3
恽逸群	yun yi qun	1
恽道生	yun dao sheng	2
悉达多	xi da duo	35
悼公	dao gong	21
惠士奇	hui shi qi	3
惠夫	hui fu	1
惠妃	hui fei	37
惠帝	hui di	31
惠栋	hui dong	2
惠雯	hui wen	19
慈明	ci ming	33
慕中华	mu zhong hua	2
慕容儁	mu rong jun	2
慕容冲	mu rong chong	20
慕容博	mu rong bo	1
慕容复	mu rong fu	17
慕容宝	mu rong bao	32
慕容德	mu rong de	42
慕容暐	mu rong wei	4
慕容永	mu rong yong	22
慕容泓	mu rong hong	8
慕容熙	mu rong xi	11
慕容皝	mu rong huang	35
慕容盛	mu rong sheng	26
慕容超	mu rong chao	40
慕容部	mu rong bu	6
慕容雪村	mu rong xue cun	7
慕容麟	mu rong lin	5
慧南	hui nan	5
慧能	hui neng	8
慧远	hui yuan	20
戈尔德施密特	ge er de shi mi te	2
戈汕	ge shan	2
戈涛	ge tao	4
戈耶切亚	ge ye qie ya	5
成乐	cheng le	23
成仿吾	cheng fang wu	15
成兆才	cheng zhao cai	2
成光	cheng guang	19
成妃	cheng fei	1
成宜	cheng yi	27
成宫宽贵	cheng gong kuan gui	9
成岭	cheng ling	3
成平	cheng ping	49
成廉	cheng lian	4
成无己	cheng wu ji	2
成昌	cheng chang	15
成泰燊	cheng tai shen	5
成济	cheng ji	10
成海璃子	cheng hai li zi	1
成濑心美	cheng lai xin mei	15
成田剑	cheng tian jian	4
成皋	cheng gao	49
成纪	cheng ji	37
成贵妃	cheng gui fei	2
成钧	cheng jun	22
成阳	cheng yang	9
戚海燕	qi hai yan	2
戚迹	qi ji	3
戴严	dai yan	3
戴之奇	dai zhi qi	16
戴仁	dai ren	6
戴光洁	dai guang jie	2
戴军	dai jun	17
戴叔伦	dai shu lun	3
戴名世	dai ming shi	4
戴员	dai yuan	15
戴均元	dai jun yuan	3
戴复古	dai fu gu	3
戴娇倩	dai jiao qian	30
戴学峰	dai xue feng	1
戴安澜	dai an lan	10
戴忠仁	dai zhong ren	3
戴明说	dai ming shuo	5
戴晓微	dai xiao wei	2
戴望舒	dai wang shu	8
戴浩	dai hao	3
戴熙	dai xi	6
戴爱莲	dai ai lian	5
戴睿	dai rui	2
戴礼	dai li	17
戴经	dai jing	3
戴维逊	dai wei xun	1
戴聪	dai cong	1
戴艺	dai yi	4
戴芳澜	dai fang lan	4
戴荣	dai rong	4
戴衢亨	dai qu heng	2
戴表元	dai biao yuan	3
戴谦	dai qian	6
戴进	dai jin	15
戴钧衡	dai jun heng	1
戴震	dai zhen	11
戴鹏飞	dai peng fei	5
户川纯	hu chuan chun	3
户田惠梨香	hu tian hui li xiang	41
房思瑜	fang si yu	5
房玄龄	fang xuan ling	46
房祖名	fang zu ming	16
房陵	fang ling	33
房龙	fang long	5
扁鹊	bian que	9
手塚治虫	shou zhong zhi chong	4
手岛优	shou dao you	1
才溢	cai yi	3
扎加洛	zha jia luo	6
扎卡里	zha ka li	39
托帕洛夫	tuo pa luo fu	5
托浑布	tuo hun bu	2
托马斯杰佛逊	tuo ma si jie fo xun	4
托马斯莫尔	tuo ma si mo er	3
执讯	zhi xun	3
扩廓帖木儿	kuo kuo tie mu er	16
扬武	yang wu	34
扬雄	yang xiong	16
承衣	cheng yi	2
折笠富美子	zhe li fu mei zi	16
押尾学	ya wei xue	4
拉姆斯菲尔德	la mu si fei er de	25
拉德布鲁赫	la de bu lu he	21
拉罗什福科	la luo shi fu ke	2
拉西德	la xi de	3
拓跋余	tuo ba yu	16
拓跋弘	tuo ba hong	38
拓跋濬	tuo ba jun	33
拔都	ba du	4
拖雷	tuo lei	36
招子庸	zhao zi yong	4
拳毛騧	quan mao gua	4
挹娄	yi lou	7
掌书	zhang shu	5
掾吏	yuan li	9
掾属	yuan shu	10
揆一	kui yi	20
揆叙	kui xu	5
摩根索	mo gen suo	35
摩索拉斯	mo suo la si	6
改琦	gai qi	5
放勋	fang xun	3
敖幼祥	ao you xiang	3
敖英	ao ying	3
敖陶孙	ao tao sun	1
敬一丹	jing yi dan	13
敬嫔	jing pin	15
敬帝	jing di	31
文丑	wen chou	6
文仪	wen yi	27
文伯仁	wen bo ren	1
文则	wen ze	44
文台	wen tai	5
文同	wen tong	7
文姬	wen ji	24
文幼章	wen you zhang	2
文彭	wen peng	1
文征明	wen zheng ming	23
文徵明	wen zheng ming	8
文怀沙	wen huai sha	20
文成公主	wen cheng gong zhu	42
文晸赫	wen zheng he	5
文沛然	wen pei ran	15
文泰来	wen tai lai	8
文洪	wen hong	5
文淑	wen shu	16
文点	wen dian	5
文然	wen ran	6
文聘	wen pin	9
文若	wen ruo	16
文谦	wen qian	43
文震亨	wen zhen heng	1
文震孟	wen zhen meng	7
斋藤义龙	zhai teng yi long	4
斋藤千穗	zhai teng qian sui	2
斋藤工	zhai teng gong	24
斋藤步	zhai teng bu	1
斛律光	hu lv guang	22
断事官	duan shi guan	19
斯卡罗尼	si ka luo ni	5
斯基拉奇	si ji la qi	26
斯塔夫里阿诺斯	si ta fu li a nuo si	7
斯塔比尔	si ta bi er	3
斯托伊奇科夫	si tuo yi qi ke fu	3
斯泰潘内克	si tai pan nei ke	29
斯琴塔日哈	si qin ta ri ha	4
斯琴格日乐	si qin ge ri le	1
斯琴高娃	si qin gao wa	35
斯维德伯格	si wei de bo ge	3
斯维德勒	si wei de le	4
斯蒂法诺	si di fa nuo	19
斯行健	si xing jian	1
新凤霞	xin feng xia	3
新息	xin xi	21
新贵人	xin gui ren	12
方东树	fang dong shu	1
方中信	fang zhong xin	29
方以智	fang yi zhi	16
方伯谦	fang bo qian	4
方元	fang yuan	17
方先觉	fang xian jue	7
方凤	fang feng	6
方刚	fang gang	24
方功惠	fang gong hui	2
方叔洪	fang shu hong	4
方哲	fang zhe	5
方回	fang hui	7
方国栋	fang guo dong	4
方士庶	fang shi shu	3
方壶	fang hu	13
方夏	fang xia	6
方夔	fang kui	2
方天丰	fang tian feng	1
方奇	fang qi	7
方婉仪	fang wan yi	2
方孝儒	fang xiao ru	4
方孝标	fang xiao biao	2
方寿	fang shou	6
方峻	fang jun	5
方延平	fang yan ping	2
方志敏	fang zhi min	35
方悦	fang yue	5
方成培	fang cheng pei	3
方扬	fang yang	6
方捷	fang jie	5
方新	fang xin	10
方朝	fang chao	9
方梅	fang mei	6
方槐	fang huai	3
方殿元	fang dian yuan	3
方泉	fang quan	12
方浚颐	fang jun yi	1
方润华	fang run hua	21
方淦	fang gan	5
方炯	fang jiong	16
方熊	fang xiong	5
方玉润	fang yu run	1
方珍	fang zhen	6
方登峄	fang deng yi	2
方纪	fang ji	8
方肇	fang zhao	3
方苞	fang bao	9
方薰	fang xun	2
方观	fang guan	1
方观承	fang guan cheng	1
方豪	fang hao	11
方钧	fang jun	1
方靖	fang jing	6
方鼎英	fang ding ying	12
於梨华	yu li hua	3
施世明	shi shi ming	3
施北衡	shi bei heng	6
施发	shi fa	8
施士洁	shi shi jie	3
施子清	shi zi qing	16
施存统	shi cun tong	17
施宜生	shi yi sheng	21
施小墨	shi xiao mo	3
施忠	shi zhong	6
施洋	shi yang	1
施源	shi yuan	2
施炎	shi yan	3
施瑞伯	shi rui bo	2
施瓦兹	shi wa zi	24
施耐庵	shi nai an	7
施蛰存	shi zhe cun	5
施达	shi da	13
无强	wu qiang	5
日南郡	ri nan jun	19
日御	ri yu	11
日章	ri zhang	44
时任三郎	shi ren san lang	16
时大彬	shi da bin	1
时寒冰	shi han bing	4
旻宁	min ning	5
昂山素姬	ang shan su ji	14
昆体良	kun ti liang	3
昆泽	kun ze	12
昇明	sheng ming	2
明中	ming zhong	8
明仁宗	ming ren zong	40
明代宗	ming dai zong	29
明光宗	ming guang zong	15
明升	ming sheng	7
明叔亮	ming shu liang	3
明太祖朱元璋	ming tai zu zhu yuan zhang	46
明怀	ming huai	1
明思宗	ming si zong	31
明惠帝	ming hui di	4
明日花	ming ri hua	37
明景帝	ming jing di	36
明智光秀	ming zhi guang xiu	40
明玉珍	ming yu zhen	24
明穆宗	ming mu zong	35
易中天	yi zhong tian	10
易军	yi jun	12
易卜生	yi bu sheng	41
易君左	yi jun zuo	3
易培基	yi pei ji	12
易安华	yi an hua	6
易宪容	yi xian rong	2
易慧	yi hui	2
易王	yi wang	5
易立	yi li	15
易简	yi jian	14
易茗	yi ming	4
易顺鼎	yi shun ding	4
昙华	tan hua	45
星瀚	xing han	5
星野亚希	xing ye ya xi	2
春日局	chun ri ju	21
春申君	chun shen jun	16
春野樱	chun ye ying	11
昭媛	zhao yuan	2
昭容	zhao rong	46
昴星	mao xing	42
显亲	xian qin	11
显道	xian dao	17
晁盖	chao gai	2
晁衡	chao heng	2
晁补之	chao bu zhi	3
晁错	chao cuo	16
晋侯	jin hou	18
晋厉侯	jin li hou	2
晋厉公	jin li gong	16
晋哀侯	jin ai hou	2
晋孝侯	jin xiao hou	2
晋定公	jin ding gong	12
晋平公	jin ping gong	16
晋废帝	jin fei di	4
晋康帝	jin kang di	10
晋怀帝	jin huai di	42
晋恭帝	jin gong di	20
晋悼公	jin dao gong	18
晋惠公	jin hui gong	31
晋愍帝	jin min di	30
晋成侯	jin cheng hou	1
晋成公	jin cheng gong	2
晋成帝	jin cheng di	45
晋文侯	jin wen hou	1
晋文公	jin wen gong	38
晋明帝	jin ming di	20
晋景公	jin jing gong	26
晋林波	jin lin bo	4
晋武侯	jin wu hou	1
晋灵公	jin ling gong	10
晋烈公	jin lie gong	3
晋献侯	jin xian hou	3
晋献公	jin xian gong	36
晋穆侯	jin mu hou	5
晋穆帝	jin mu di	24
晋襄公	jin xiang gong	17
晋靖侯	jin jing hou	3
晋静公	jin jing gong	2
晋顷公	jin qing gong	7
晏婴	yan ying	9
晏子	yan zi	11
晏安澜	yan an lan	3
晏明	yan ming	1
晏殊	yan shu	14
晨凫	chen fu	3
晨岚	chen lan	3
普尔塔	pu er ta	5
普拉蒂尼	pu la di ni	21
普斯卡什	pu si ka shen	13
普荷	pu he	19
普里戈金	pu li ge jin	3
普雷格尔	pu lei ge er	1
景元	jing yuan	49
景初	jing chu	33
景学义	jing xue yi	3
景岗山	jing gang shan	9
景炎	jing yan	22
景焕	jing huan	4
景王	jing wang	29
景耀	jing yao	35
智永	zhi yong	42
智融	zhi rong	2
曲向东	qu xiang dong	1
曲梁	qu liang	21
曲波	qu bo	12
曲阿	qu e	4
更始帝	geng shi di	24
曹中铭	cao zhong ming	8
曹丹丹	cao dan dan	5
曹仁虎	cao ren hu	1
曹休	cao xiu	31
曹侃	cao kan	4
曹健	cao jian	9
曹元忠	cao yuan zhong	6
曹元恒	cao yuan heng	2
曹克明	cao ke ming	2
曹冲	cao chong	14
曹刚川	cao gang chuan	6
曹叔	cao shu	3
曹喜蛙	cao xi wa	4
曹国舅	cao guo jiu	8
曹均	cao jun	7
曹增辉	cao zeng hui	7
曹大元	cao da yuan	3
曹大章	cao da zhang	3
曹奂	cao huan	17
曹子建	cao zi jian	3
曹孟德	cao meng de	1
曹学	cao xue	19
曹宇	cao yu	30
曹寇	cao kou	6
曹岳	cao yue	8
曹崧	cao song	8
曹嵩	cao song	8
曹建海	cao jian hai	6
曹彦	cao yan	4
曹彰	cao zhang	7
曹征	cao zheng	5
曹德	cao de	43
曹性	cao xing	5
曹恒	cao heng	4
曹据	cao ju	7
曹方	cao fang	4
曹日晖	cao ri hui	4
曹时中	cao shi zhong	2
曹显兵	cao xian bing	3
曹景行	cao jing xing	1
曹曦文	cao xi wen	6
曹曾	cao zeng	5
曹本荣	cao ben rong	1
曹枫	cao feng	3
曹森	cao sen	2
曹汝霖	cao ru lin	41
曹泰	cao tai	15
曹洪	cao hong	28
曹润堂	cao run tang	2
曹湘	cao xiang	6
曹溶	cao rong	3
曹熊	cao xiong	3
曹燕	cao yan	4
曹燕华	cao yan hua	15
曹爽	cao shuang	43
曹珏	cao jue	2
曹申吉	cao shen ji	2
曹盛洁	cao sheng jie	3
曹真	cao zhen	48
曹秀先	cao xiu xian	3
曹端	cao duan	5
曹素功	cao su gong	6
曹纯	cao chun	4
曹羲	cao xi	2
曹腾	cao teng	9
曹节	cao jie	36
曹荻秋	cao di qiu	24
曹薰铉	cao xun xuan	9
曹虹	cao hong	10
曹训	cao xun	1
曹谨	cao jin	3
曹豹	cao bao	3
曹辅	cao fu	4
曹远征	cao yuan zheng	10
曹鉴	cao jian	9
曹鉴冰	cao jian bing	2
曹铭	cao ming	17
曹锡宝	cao xi bao	1
曹锡璜	cao xi huang	2
曹阳	cao yang	15
曹阿瞒	cao a man	1
曹雪	cao xue	16
曹霖	cao lin	3
曹霸	cao ba	1
曹靖华	cao jing hua	14
曹颖	cao ying	16
曹鸿勋	cao hong xun	6
曼施坦因	man shi tan yin	19
曼施泰因	man shi tai yin	4
曼柏	man bai	6
曾万钟	zeng wan zhong	2
曾世荣	zeng shi rong	1
曾业辉	zeng ye hui	4
曾之乔	zeng zhi qiao	18
曾乔	zeng qiao	4
曾习经	zeng xi jing	1
曾会明	zeng hui ming	4
曾兰芳	zeng lan fang	3
曾凤仪	zeng feng yi	1
曾勉	zeng mian	4
曾参	zeng shen	33
曾国荃	zeng guo quan	38
曾士峨	zeng shi e	1
曾子	zeng zi	9
曾子航	zeng zi hang	7
曾孝谷	zeng xiao gu	4
曾宝仪	zeng bao yi	15
曾宝荪	zeng bao sun	5
曾宣	zeng xuan	3
曾宪锋	zeng xian feng	3
曾少宗	zeng shao zong	17
曾巩	zeng gong	14
曾庆祝	zeng qing zhu	1
曾廉	zeng lian	3
曾建徽	zeng jian hui	2
曾懿	zeng yi	3
曾春华	zeng chun hua	4
曾昭抡	zeng zhao lun	8
曾朴	zeng pu	2
曾泽生	zeng ze sheng	6
曾瀞漪	zeng jing yi	4
曾灿	zeng can	2
曾灿灯	zeng can deng	3
曾炜	zeng wei	1
曾炳权	zeng bing quan	3
曾玲	zeng ling	1
曾瑞	zeng rui	8
曾璜	zeng huang	5
曾祥金	zeng xiang jin	3
曾约农	zeng yue nong	1
曾纪泽	zeng ji ze	18
曾衍东	zeng yan dong	2
曾钊	zeng zhao	8
曾铣	zeng xian	19
曾铸	zeng zhu	8
曾黎	zeng li	8
月亮姐姐	yue liang jie jie	41
有冈大贵	you gang da gui	43
有森也实	you sen ye shi	1
有里知花	you li zhi hua	1
朋霍费尔	peng huo fei er	3
服部半藏	fu bu ban zang	11
朗缪尔	lang miu er	19
朗费罗	lang fei luo	10
朝仓音梦	chao cang yin meng	2
朝审	chao shen	16
朝田龙太郎	chao tian long tai lang	3
期思	qi si	19
木下惠介	mu xia hui jie	8
木华黎	mu hua li	38
木口亚矢	mu kou ya shi	4
木增	mu zeng	20
木子美	mu zi mei	25
木户孝允	mu hu xiao yun	8
木拉提	mu la ti	21
木村佳乃	mu cun jia nai	12
木村雅史	mu cun ya shi	6
末主	mo zhu	3
本乡奏多	ben xiang zou duo	9
本拉登	ben la deng	16
本木雅弘	ben mu ya hong	19
本田邦久	ben tian bang jiu	2
术赤	zhu chi	45
朱一新	zhu yi xin	9
朱世杰	zhu shi jie	2
朱东润	zhu dong run	6
朱为弼	zhu wei bi	2
朱丽娅	zhu li ya	3
朱之瑜	zhu zhi yu	1
朱之蕃	zhu zhi fan	3
朱之锡	zhu zhi xi	2
朱书	zhu shu	14
朱云卿	zhu yun qing	1
朱云辉	zhu yun hui	4
朱仁荣	zhu ren rong	2
朱伦瀚	zhu lun han	2
朱允炆	zhu yun wen	30
朱先	zhu xian	6
朱光亚	zhu guang ya	11
朱光潜	zhu guang qian	9
朱克靖	zhu ke jing	5
朱冲	zhu chong	21
朱凤标	zhu feng biao	3
朱剑凡	zhu jian fan	2
朱剑秋	zhu jian qiu	3
朱勇均	zhu yong jun	2
朱勋	zhu xun	1
朱升	zhu sheng	7
朱华	zhu hua	11
朱厚照	zhu hou zhao	13
朱厚熜	zhu hou cong	8
朱友珪	zhu you gui	35
朱友贞	zhu you zhen	44
朱可欣	zhu ke xin	4
朱右	zhu you	1
朱启南	zhu qi nan	3
朱启连	zhu qi lian	1
朱启钤	zhu qi qian	49
朱善	zhu shan	9
朱国盛	zhu guo sheng	1
朱坤	zhu kun	7
朱士勤	zhu shi qin	4
朱士林	zhu shi lin	3
朱大可	zhu da ke	1
朱奇伟	zhu qi wei	2
朱威廉	zhu wei lian	5
朱娜	zhu na	6
朱媛媛	zhu yuan yuan	3
朱孝天	zhu xiao tian	13
朱孝纯	zhu xiao chun	1
朱学增	zhu xue zeng	3
朱学范	zhu xue fan	38
朱守道	zhu shou dao	1
朱安禹	zhu an yu	3
朱宝善	zhu bao shan	2
朱实夫	zhu shi fu	23
朱家宝	zhu jia bao	13
朱少屏	zhu shao ping	1
朱岷	zhu min	4
朱峤	zhu jiao	3
朱常洛	zhu chang luo	17
朱庆元	zhu qing yuan	2
朱廷刚	zhu ting gang	3
朱建华	zhu jian hua	12
朱建新	zhu jian xin	1
朱异	zhu yi	26
朱彝尊	zhu yi zun	31
朱彭	zhu peng	1
朱彭年	zhu peng nian	2
朱德润	zhu de run	4
朱志尧	zhu zhi yao	3
朱戟	zhu ji	4
朱承	zhu cheng	19
朱承爵	zhu cheng jue	3
朱敦儒	zhu dun ru	4
朱文学	zhu wen xue	4
朱文泉	zhu wen quan	1
朱文涛	zhu wen tao	5
朱文清	zhu wen qing	6
朱斯特	zhu si te	8
朱方华	zhu fang hua	6
朱昂	zhu ang	3
朱昆田	zhu kun tian	2
朱易	zhu yi	19
朱晓东	zhu xiao dong	29
朱朗	zhu lang	5
朱本	zhu ben	3
朱术桂	zhu shu gui	8
朱朴	zhu pu	5
朱权	zhu quan	7
朱杰	zhu jie	24
朱桓	zhu huan	33
朱棣文	zhu di wen	15
朱次琦	zhu ci qi	2
朱永康	zhu yong kang	2
朱汝华	zhu ru hua	1
朱沆	zhu hang	3
朱治	zhu zhi	12
朱泳腾	zhu yong teng	6
朱洗	zhu xi	10
朱洵	zhu xun	1
朱淇	zhu qi	1
朱清时	zhu qing shi	5
朱澄	zhu cheng	2
朱瀚	zhu han	3
朱灵	zhu ling	11
朱烈	zhu lie	4
朱焱	zhu yan	6
朱然	zhu ran	30
朱照	zhu zhao	3
朱燮元	zhu xie yuan	45
朱玮杰	zhu wei jie	5
朱珪	zhu gui	1
朱理	zhu li	31
朱琏	zhu lian	10
朱琰	zhu yan	4
朱璟	zhu jing	3
朱生豪	zhu sheng hao	1
朱用纯	zhu yong chun	3
朱由校	zhu you jiao	2
朱由检	zhu you jian	17
朱由榔	zhu you lang	19
朱相宇	zhu xiang yu	3
朱真	zhu zhen	4
朱瞻基	zhu zhan ji	24
朱石麟	zhu shi lin	1
朱研	zhu yan	3
朱祁钰	zhu qi yu	13
朱祐樘	zhu you tang	9
朱祖祥	zhu zu xiang	5
朱祖谋	zhu zu mou	2
朱祺	zhu qi	1
朱端钧	zhu duan jun	3
朱筠	zhu yun	4
朱简	zhu jian	3
朱素臣	zhu su chen	3
朱绅	zhu shen	10
朱缨	zhu ying	3
朱翊钧	zhu yi jun	4
朱耷	zhu da	4
朱聿键	zhu yu jian	25
朱肱	zhu gong	2
朱能	zhu neng	4
朱芬	zhu fen	9
朱芳	zhu fang	24
朱芳雨	zhu fang yu	9
朱芾	zhu fu	2
朱芾煌	zhu fu huang	10
朱荃	zhu quan	2
朱虚	zhu xu	26
朱虹	zhu hong	23
朱裕	zhu yu	1
朱裳	zhu chang	3
朱见深	zhu jian shen	28
朱诚泳	zhu cheng yong	3
朱谌之	zhu chen zhi	3
朱谨	zhu jin	2
朱象贤	zhu xiang xian	2
朱赞	zhu zan	11
朱践耳	zhu jian er	1
朱轶	zhu yi	7
朱轼	zhu shi	1
朱载垕	zhu zai hou	2
朱载堉	zhu zai yu	1
朱载育	zhu zai yu	2
朱迅	zhu xun	19
朱邦	zhu bang	13
朱采	zhu cai	1
朱金兰	zhu jin lan	3
朱钦	zhu qin	5
朱钧	zhu jun	5
朱钰	zhu yu	1
朱铁	zhu tie	10
朱陵	zhu ling	1
朱霁青	zhu ji qing	14
朱震亨	zhu zhen heng	3
朱骏声	zhu jun sheng	1
朱高炽	zhu gao chi	18
朱鹤	zhu he	10
朱鼎玉	zhu ding yu	4
朱龄	zhu ling	4
朴俊奎	piao jun kui	1
朴勇宇	piao yong yu	2
朴永训	piao yong xun	10
朴海日	piao hai ri	10
朴真熙	piao zhen xi	3
朴趾源	piao zhi yuan	5
权相宇	quan xiang yu	2
权量	quan liang	3
杉内雅男	shan nei ya nan	6
杉原杏璃	shan yuan xing li	2
杉山纪彰	shan shan ji zhang	6
杉本有美	shan ben you mei	1
杉村春子	shan cun chun zi	10
李一氓	li yi mang	8
李万居	li wan ju	11
李世倬	li shi zhuo	2
李世泽	li shi ze	4
李世熊	li shi xiong	3
李世石	li shi shi	14
李世芳	li shi fang	1
李世英	li shi ying	4
李世龙	li shi long	4
李东奎	li dong kui	4
李东旭	li dong xu	13
李东波	li dong bo	1
李东生	li dong sheng	16
李东田	li dong tian	1
李东阳	li dong yang	24
李严	li yan	28
李中南	li zhong nan	2
李中师	li zhong shi	14
李中立	li zhong li	1
李丰永	li feng yong	3
李丹	li dan	33
李丽珊	li li shan	11
李丽珍	li li zhen	15
李义庭	li yi ting	3
李之芳	li zhi fang	7
李之龙	li zhi long	2
李书华	li shu hua	7
李井泉	li jing quan	34
李亚伟	li ya wei	1
李亚春	li ya chun	3
李亚蓉	li ya rong	4
李亚鹏	li ya peng	32
李亦雯	li yi wen	3
李亨	li heng	27
李亮	li liang	20
李仁堂	li ren tang	3
李仁孝	li ren xiao	3
李仍	li reng	9
李仕学	li shi xue	3
李仙得	li xian de	37
李仪祉	li yi zhi	4
李仲扬	li zhong yang	4
李伏	li fu	1
李众	li zhong	32
李伟文	li wei wen	5
李佐贤	li zuo xian	5
李作鹏	li zuo peng	22
李佳璘	li jia lin	3
李佳豫	li jia yu	13
李依桐	li yi tong	3
李俊基	li jun ji	2
李俊山	li jun shan	6
李俊慧	li jun hui	23
李俊民	li jun min	2
李保田	li bao tian	5
李修贤	li xiu xian	34
李倩妮	li qian ni	3
李健吾	li jian wu	4
李傻傻	li sha sha	1
李儇	li xuan	1
李儒	li ru	21
李元度	li yuan du	2
李元昊	li yuan hao	37
李元阳	li yuan yang	3
李元霸	li yuan ba	4
李兆年	li zhao nian	2
李兆洛	li zhao luo	1
李先芳	li xian fang	2
李光久	li guang jiu	5
李光地	li guang di	6
李光弼	li guang bi	45
李光斗	li guang dou	1
李公朴	li gong pu	22
李公麟	li gong lin	3
李兰娟	li lan juan	20
李兴春	li xing chun	1
李兵	li bing	14
李典	li dian	17
李再华	li zai hua	3
李再雯	li zai wen	1
李冬梅	li dong mei	1
李冲	li chong	30
李冶	li ye	1
李准基	li zhun ji	44
李凯年	li kai nian	2
李别	li bie	3
李劫	li jie	1
李劫夫	li jie fu	6
李劲然	li jing ran	3
李势	li shi	19
李华军	li hua jun	1
李华国	li hua guo	4
李南星	li nan xing	6
李卜克内西	li bu ke nei xi	38
李厚霖	li hou lin	8
李友太	li you tai	3
李友梅	li you mei	4
李叔同	li shu tong	23
李吉寿	li ji shou	2
李名	li ming	6
李呈祥	li cheng xiang	4
李和	li he	10
李响	li xiang	34
李善兰	li shan lan	2
李善长	li shan chang	10
李嘉欣	li jia xin	44
李嘉绩	li jia ji	2
李因	li yin	8
李因笃	li yin du	2
李固	li gu	48
李国勋	li guo xun	4
李国文	li guo wen	6
李国江	li guo jiang	5
李国良	li guo liang	9
李国训	li guo xun	3
李国豪	li guo hao	20
李圣天	li sheng tian	2
李坛	li tan	2
李坤军	li kun jun	4
李培林	li pei lin	3
李基宇	li ji yu	1
李塨	li gong	3
李士彬	li shi bin	2
李士桢	li shi zhen	1
李大亮	li da liang	5
李大嘴	li da zui	7
李大昌	li da chang	4
李天任	li tian ren	7
李天根	li tian gen	2
李天植	li tian zhi	3
李天馥	li tian fu	1
李好	li hao	8
李如一	li ru yi	5
李妍熙	li yan xi	5
李妍瑾	li yan jin	1
李妮娜	li ni na	9
李威克	li wei ke	3
李媛媛	li yuan yuan	29
李子亮	li zi liang	1
李子旸	li zi yang	2
李子雄	li zi xiong	27
李存信	li cun xin	5
李存孝	li cun xiao	17
李学川	li xue chuan	2
李学庆	li xue qing	1
李学林	li xue lin	11
李安全	li an quan	4
李宗信	li zong xin	2
李宗吾	li zong wu	4
李宗扬	li zong yang	5
李宗昉	li zong fang	6
李宗瀚	li zong han	3
李宗翰	li zong han	21
李宗黄	li zong huang	37
李宜芳	li yi fang	1
李宝嘉	li bao jia	2
李宝章	li bao zhang	15
李宪乔	li xian qiao	2
李家华	li jia hua	1
李家钰	li jia yu	10
李封	li feng	6
李小双	li xiao shuang	7
李小婉	li xiao wan	6
李少春	li shao chun	2
李少红	li shao hong	19
李尹桑	li yin sang	3
李屾	li shen	3
李岚清	li lan qing	30
李嵩	li song	31
李希特	li xi te	41
李常在	li chang zai	2
李平书	li ping shu	11
李广平	li guang ping	2
李广田	li guang tian	5
李庆良	li qing liang	5
李康华	li kang hua	1
李廷相	li ting xiang	2
李建兵	li jian bing	7
李开先	li kai xian	5
李开复	li kai fu	28
李开芳	li kai fang	5
李异	li yi	4
李弥	li mi	42
李彦宏	li yan hong	28
李彩虹	li cai hong	2
李德光	li de guang	3
李德孝	li de xiao	3
李德强	li de qiang	4
李德才	li de cai	6
李德旺	li de wang	1
李德林	li de lin	10
李德生	li de sheng	47
李德纯	li de chun	3
李德钢	li de gang	3
李心传	li xin chuan	3
李心怡	li xin yi	1
李心洁	li xin jie	25
李必蕃	li bi fan	1
李忱	li chen	9
李念慈	li nian ci	3
李怀民	li huai min	1
李思训	li si xun	3
李恂	li xun	18
李恒	li heng	40
李恕	li shu	11
李恢	li hui	15
李恩元	li en yuan	6
李恪	li ke	11
李悝	li kui	3
李惟淼	li wei miao	2
李惠堂	li hui tang	7
李想	li xiang	11
李惺	li xing	2
李意	li yi	23
李慈铭	li ci ming	10
李慎之	li shen zhi	8
李慧珍	li hui zhen	24
李戈	li ge	1
李成梁	li cheng liang	25
李承鹏	li cheng peng	4
李振清	li zhen qing	13
李振裕	li zhen yu	2
李攀龙	li pan long	4
李放	li fang	9
李政道	li zheng dao	24
李敦白	li dun bai	2
李敬思	li jing si	2
李敬泽	li jing ze	8
李文子	li wen zi	4
李文忠	li wen zhong	31
李文杰	li wen jie	29
李文瀚	li wen han	7
李文炤	li wen zhao	1
李文田	li wen tian	15
李文耕	li wen geng	3
李文藻	li wen zao	3
李文通	li wen tong	1
李斯羽	li si yu	6
李新芳	li xin fang	5
李方膺	li fang ying	3
李方训	li fang xun	1
李日华	li ri hua	5
李时珍	li shi zhen	28
李时行	li shi xing	2
李时雍	li shi yong	4
李昇	li sheng	4
李昌镐	li chang hao	12
李明德	li ming de	19
李明文	li ming wen	6
李明雪	li ming xue	3
李明顺	li ming shun	4
李易祥	li yi xiang	1
李星	li xing	45
李星沅	li xing yuan	3
李春熙	li chun xi	2
李春燕	li chun yan	11
李春福	li chun fu	2
李春香	li chun xiang	7
李昭玘	li zhao qi	3
李是男	li shi nan	3
李昱	li yu	5
李晏	li yan	6
李晓峰	li xiao feng	12
李晔	li ye	9
李晖	li hui	19
李晶	li jing	37
李智屏	li zhi ping	3
李暄	li xuan	4
李暠	li hao	28
李暹	li xian	16
李服	li fu	2
李朔	li shuo	8
李期	li qi	3
李材	li cai	11
李来群	li lai qun	4
李林松	li lin song	1
李林甫	li lin fu	24
李柷	li zhu	4
李桓	li huan	17
李桢	li zhen	23
李梦阳	li meng yang	6
李楚瀛	li chu ying	7
李楷	li kai	12
李樯	li qiang	5
李欧梵	li ou fan	7
李歆	li xin	11
李正伦	li zheng lun	6
李正先	li zheng xian	3
李毓芬	li yu fen	12
李汉仪	li han yi	1
李汝华	li ru hua	2
李汝珍	li ru zhen	15
李汝龙	li ru long	4
李汶	li wen	46
李治民	li zhi min	5
李泉	li quan	44
李波	li bo	36
李泰成	li tai cheng	2
李洪海	li hong hai	8
李洵	li xun	2
李流芳	li liu fang	6
李济平	li ji ping	5
李海卓	li hai zhuo	2
李海洋	li hai yang	1
李海观	li hai guan	4
李海青	li hai qing	1
李涌	li yong	4
李淑华	li shu hua	8
李淑卿	li shu qing	2
李淦	li gan	1
李淳风	li chun feng	11
李清照	li qing zhao	36
李渔	li yu	21
李湛	li zhan	26
李溥光	li pu guang	2
李滨	li bin	44
李漼	li cui	3
李潮	li chao	1
李澄中	li cheng zhong	2
李瀛寰	li ying huan	5
李灵	li ling	16
李炎	li yan	20
李炳辰	li bing chen	1
李焕章	li huan zhang	7
李焘	li tao	12
李熙垣	li xi yuan	3
李熹	li xi	1
李玄	li xuan	27
李玄霸	li xuan ba	2
李玉堂	li yu tang	19
李玉琳	li yu lin	3
李玖哲	li jiu zhe	27
李玟真	li wen zhen	3
李玥	li yue	7
李玲玉	li ling yu	3
李玲蔚	li ling wei	16
李球	li qiu	4
李琛	li chen	6
李琳	li lin	33
李瑛	li ying	26
李瑞清	li rui qing	11
李瑞英	li rui ying	5
李璋煜	li zhang yu	3
李璧	li bi	28
李瓒	li zan	13
李生光	li sheng guang	5
李生寅	li sheng yin	2
李用清	li yong qing	3
李百军	li bai jun	3
李益	li yi	42
李盖凡	li gai fan	3
李盛铎	li sheng duo	11
李相勋	li xiang xun	4
李真	li zhen	11
李睍	li xian	2
李瞻	li zhan	3
李硕	li shuo	37
李硕勋	li shuo xun	10
李碧华	li bi hua	25
李磊	li lei	16
李祖望	li zu wang	3
李祖泽	li zu ze	2
李祥凤	li xiang feng	2
李禹东	li yu dong	3
李秀成	li xiu cheng	28
李秀明	li xiu ming	2
李秉德	li bing de	4
李秉衡	li bing heng	11
李立群	li li qun	29
李童	li tong	4
李端	li duan	47
李符	li fu	2
李素妍	li su yan	4
李约瑟	li yue se	31
李纪珠	li ji zhu	1
李绂	li fu	3
李绅	li shen	19
李绍珍	li shao zhen	1
李经	li jing	41
李经方	li jing fang	6
李绩	li ji	5
李续宜	li xu yi	4
李续宾	li xu bin	3
李绮红	li qi hong	6
李群	li qun	47
李翊君	li yi jun	45
李翠芳	li cui fang	7
李翠菊	li cui ju	3
李翰卿	li han qing	1
李翰祥	li han xiang	31
李耳	li er	5
李聃	li dan	6
李肃	li su	18
李腾蛟	li teng jiao	3
李膺	li ying	45
李良年	li liang nian	3
李艳	li yan	35
李艾	li ai	23
李艾东	li ai dong	3
李若彤	li ruo tong	21
李苹	li ping	6
李萼	li e	25
李蒙	li meng	25
李蕃	li fan	8
李藩	li fan	6
李虎	li hu	26
李虎军	li hu jun	5
李西闽	li xi min	6
李见明	li jian ming	5
李觉	li jue	39
李觏	li gou	3
李言闻	li yan wen	2
李诗琪	li shi qi	1
李诚儒	li cheng ru	2
李详	li xiang	1
李诫	li jie	5
李诵	li song	10
李谷	li gu	35
李豫	li yu	16
李豫川	li yu chuan	3
李贡	li gong	6
李贺	li he	21
李贽	li zhi	29
李赞	li zan	7
李辉仁	li hui ren	3
李迎春	li ying chun	1
李远哲	li yuan zhe	32
李迪	li di	29
李适	li shi	26
李通	li tong	26
李遵顼	li zun xu	7
李邕	li yong	10
李重华	li zhong hua	4
李重茂	li zhong mao	4
李金斗	li jin dou	2
李鑫淼	li xin miao	4
李钟秀	li zhong xiu	1
李钢	li gang	8
李铁军	li tie jun	21
李铭顺	li ming shun	40
李银河	li yin he	30
李镜清	li jing qing	28
李长之	li chang zhi	1
李长庚	li chang geng	17
李长春	li chang chun	39
李长熙	li chang xi	4
李阳春	li yang chun	3
李陵	li ling	40
李隆基	li long ji	44
李雄	li xiong	49
李雨霏	li yu fei	5
李雪健	li xue jian	25
李雪松	li xue song	2
李雷	li lei	16
李霁	li ji	12
李霖	li lin	16
李霞	li xia	23
李霨	li wei	1
李青川	li qing chuan	2
李青海	li qing hai	5
李静芳	li jing fang	14
李颀	li qi	5
李颐	li yi	1
李颙	li yong	1
李香君	li xiang jun	6
李馥	li fu	7
李驹	li ju	3
李骥	li ji	31
李鳝	li shan	2
李鸿嘉	li hong jia	4
李鸿藻	li hong zao	8
李鸿裔	li hong yi	3
李麟	li lin	39
李默	li mo	23
李默庵	li mo an	19
李默然	li mo ran	16
李鼎峰	li ding feng	3
杏里	xing li	35
村上爱	cun shang ai	2
村上龙	cun shang long	6
杜丽	du li	46
杜义	du yi	12
杜亚泉	du ya quan	33
杜佑	du you	20
杜可名	du ke ming	3
杜叶锡恩	du ye xi en	3
杜唯	du wei	1
杜士基	du shi ji	2
杜大成	du da cheng	2
杜如晦	du ru hui	13
杜子美	du zi mei	3
杜审言	du shen yan	4
杜宣	du xuan	5
杜库雷	du ku lei	1
杜微	du wei	4
杜志华	du zhi hua	5
杜思敬	du si jing	2
杜拉斯	du la si	12
杜敬	du jing	26
杜文澜	du wen lan	8
杜春生	du chun sheng	5
杜本	du ben	6
杜欣	du xin	4
杜泉	du quan	3
杜淳	du chun	41
杜煦	du xu	2
杜牧	du mu	33
杜猛	du meng	6
杜琼	du qiong	9
杜睿	du rui	5
杜纲	du gang	3
杜绾	du wan	4
杜臻	du zhen	1
杜芸	du yun	2
杜荀鹤	du xun he	3
杜袭	du xi	2
杜越	du yue	7
杜路	du lu	7
杜远	du yuan	10
杜锐	du rui	1
杜长生	du chang sheng	3
杜震宇	du zhen yu	3
杜预	du yu	49
杜鹏程	du peng cheng	3
束星北	shu xing bei	5
来岛通总	lai dao tong zong	4
来护儿	lai hu er	15
来敏	lai min	3
杨一	yang yi	9
杨万里	yang wan li	17
杨东平	yang dong ping	3
杨东明	yang dong ming	15
杨中讷	yang zhong ne	1
杨丽菁	yang li jing	5
杨义臣	yang yi chen	7
杨乐渝	yang le yu	6
杨于嘉	yang yu jia	2
杨仁寿	yang ren shou	12
杨介	yang jie	11
杨仕省	yang shi sheng	4
杨仙逸	yang xian yi	6
杨以增	yang yi zeng	4
杨仪	yang yi	11
杨仲明	yang zhong ming	2
杨任	yang ren	32
杨传广	yang chuan guang	5
杨侑	yang you	11
杨修	yang xiu	23
杨倩	yang qian	22
杨儒	yang ru	9
杨兆麟	yang zhao lin	4
杨光钰	yang guang yu	2
杨克煌	yang ke huang	36
杨六郎	yang liu lang	9
杨兴权	yang xing quan	4
杨再兴	yang zai xing	2
杨凝式	yang ning shi	7
杨凤苞	yang feng bao	2
杨利伟	yang li wei	15
杨剑	yang jian	29
杨劲松	yang jin song	5
杨匏安	yang pao an	17
杨千霈	yang qian pei	20
杨吉昌	yang ji chang	2
杨名时	yang ming shi	3
杨向奎	yang xiang kui	2
杨哲宜	yang zhe yi	1
杨嘉祚	yang jia zuo	3
杨国强	yang guo qiang	11
杨国忠	yang guo zhong	39
杨国梁	yang guo liang	13
杨士林	yang shi lin	3
杨士海	yang shi hai	5
杨大明	yang da ming	1
杨天明	yang tian ming	7
杨天民	yang tian min	4
杨天骥	yang tian ji	2
杨奇清	yang qi qing	14
杨奉	yang feng	25
杨威	yang wei	34
杨娟	yang juan	3
杨婷	yang ting	8
杨子姗	yang zi shan	26
杨学涛	yang xue tao	6
杨守愚	yang shou yu	8
杨守敬	yang shou jing	26
杨宏胜	yang hong sheng	5
杨宏道	yang hong dao	3
杨宗稷	yang zong ji	20
杨宣	yang xuan	20
杨小乐	yang xiao le	1
杨小楼	yang xiao lou	11
杨小黎	yang xiao li	26
杨尚文	yang shang wen	1
杨巍	yang wei	5
杨巨源	yang ju yuan	28
杨平	yang ping	25
杨应奎	yang ying kui	2
杨应春	yang ying chun	1
杨庚	yang geng	10
杨度	yang du	17
杨庶堪	yang shu kan	30
杨延昭	yang yan zhao	7
杨廷宝	yang ting bao	15
杨开慧	yang kai hui	39
杨彪	yang biao	12
杨彬	yang bin	25
杨思圣	yang si sheng	2
杨思敏	yang si min	7
杨恢	yang hui	2
杨恩寿	yang en shou	1
杨恭如	yang gong ru	10
杨恺	yang kai	6
杨惟义	yang wei yi	3
杨惠珊	yang hui shan	3
杨慧林	yang hui lin	6
杨扬	yang yang	14
杨振宁	yang zhen ning	34
杨振鸿	yang zhen hong	19
杨挺伟	yang ting wei	2
杨文干	yang wen gan	12
杨文意	yang wen yi	1
杨文骢	yang wen cong	4
杨文魁	yang wen kui	1
杨时乔	yang shi qiao	6
杨昂	yang ang	6
杨明哲	yang ming zhe	4
杨昱	yang yu	19
杨晋	yang jin	21
杨晋华	yang jin hua	2
杨晓明	yang xiao ming	10
杨晖	yang hui	4
杨晦	yang hui	1
杨朔	yang shuo	2
杨朝英	yang chao ying	1
杨本	yang ben	18
杨朱	yang zhu	6
杨村彬	yang cun bin	2
杨果	yang guo	4
杨枢	yang shu	17
杨柏	yang bai	5
杨柯	yang ke	3
杨栋	yang dong	3
杨树达	yang shu da	8
杨根思	yang gen si	10
杨桓	yang huan	6
杨棨	yang qi	6
杨欣	yang xin	29
杨武之	yang wu zhi	3
杨毅	yang yi	43
杨永年	yang yong nian	3
杨永明	yang yong ming	32
杨永衍	yang yong yan	3
杨沂孙	yang yi sun	3
杨沛	yang pei	7
杨沫	yang mo	6
杨泗洪	yang si hong	2
杨洪	yang hong	44
杨济	yang ji	12
杨海峰	yang hai feng	9
杨海鹰	yang hai ying	6
杨淇	yang qi	16
杨淑华	yang shu hua	10
杨深秀	yang shen xiu	4
杨清顺	yang qing shun	1
杨溥	yang pu	47
杨潮	yang chao	29
杨澄	yang cheng	38
杨澜	yang lan	26
杨炎	yang yan	34
杨炯	yang jiong	19
杨爽	yang shuang	7
杨玉和	yang yu he	5
杨玉明	yang yu ming	2
杨琛	yang chen	4
杨琦	yang qi	20
杨琴	yang qin	9
杨瑀	yang yu	1
杨瑞云	yang rui yun	2
杨璇	yang xuan	6
杨瓒	yang zan	15
杨白冰	yang bai bing	4
杨石先	yang shi xian	6
杨磊	yang lei	27
杨秀峰	yang xiu feng	23
杨秀川	yang xiu chuan	3
杨秀清	yang xiu qing	24
杨笃	yang du	3
杨笃生	yang du sheng	1
杨紫云	yang zi yun	2
杨绍文	yang shao wen	4
杨继业	yang ji ye	4
杨继昌	yang ji chang	14
杨继盛	yang ji sheng	36
杨维桢	yang wei zhen	2
杨综	yang zong	9
杨缵绪	yang zuan xu	14
杨翰	yang han	9
杨联升	yang lian sheng	3
杨臣刚	yang chen gang	3
杨致和	yang zhi he	1
杨致远	yang zhi yuan	9
杨芳灿	yang fang can	2
杨若兮	yang ruo xi	2
杨虎山	yang hu shan	4
杨讷	yang ne	3
杨谦	yang qian	8
杨赓笙	yang geng sheng	1
杨采妮	yang cai ni	27
杨重远	yang zhong yuan	1
杨钟羲	yang zhong xi	32
杨钫涵	yang fang han	3
杨铎	yang duo	2
杨铨	yang quan	9
杨锋	yang feng	11
杨锐	yang rui	30
杨锡绂	yang xi fu	1
杨锦麟	yang jin lin	1
杨锴	yang kai	5
杨镐	yang hao	18
杨险峰	yang xian feng	4
杨陵	yang ling	14
杨雅筑	yang ya zhu	3
杨雍建	yang yong jian	3
杨霁云	yang ji yun	3
杨静仁	yang jing ren	20
杨韵	yang yun	4
杨颐	yang yi	1
杨鸿玺	yang hong xi	4
杭世骏	hang shi jun	3
杰克伦敦	jie ke lun dun	2
杵臼	chu jiu	24
松下奈绪	song xia nai xu	13
松任谷由实	song ren gu you shi	40
松坂庆子	song ban qing zi	16
松尾铃木	song wei ling mu	3
松山健一	song shan jian yi	1
松山千春	song shan qian chun	3
松岛枫	song dao feng	4
松岛菜菜子	song dao cai cai zi	2
松平健	song ping jian	12
松年	song nian	8
松本友	song ben you	3
松本大	song ben da	7
松本明子	song ben ming zi	4
松本晃彦	song ben huang yan	2
松本梨香	song ben li xiang	16
松本润	song ben run	20
松本零士	song ben ling shi	14
松浦亚弥	song pu ya mi	12
松田圣子	song tian sheng zi	32
松田翔太	song tian xiang tai	8
松田龙平	song tian long ping	37
松赞干布	song zan gan bu	36
松重丰	song zhong feng	17
松隆子	song long zi	29
松雪	song xue	25
松雪泰子	song xue tai zi	13
板垣退助	ban yuan tui zhu	11
林为洲	lin wei zhou	8
林之夏	lin zhi xia	3
林云铭	lin yun ming	2
林伯桐	lin bo tong	1
林佩琴	lin pei qin	3
林佳慧	lin jia hui	6
林佶	lin ji	1
林侗	lin tong	2
林依轮	lin yi lun	7
林俊宪	lin jun xian	17
林保怡	lin bao yi	49
林兆华	lin zhao hua	2
林凤华	lin feng hua	3
林凤娇	lin feng jiao	2
林凤祥	lin feng xiang	9
林勇	lin yong	14
林原惠美	lin yuan hui mei	1
林又立	lin you li	3
林君桦	lin jun hua	2
林启桢	lin qi zhen	2
林嘉欣	lin jia xin	22
林国桢	lin guo zhen	6
林圣贤	lin sheng xian	3
林圭	lin gui	8
林基路	lin ji lu	9
林奴儿	lin nu er	2
林子冲	lin zi chong	2
林宏敏	lin hong min	2
林宗庆	lin zong qing	2
林寿图	lin shou tu	12
林少华	lin shao hua	3
林少猫	lin shao mao	9
林尧英	lin yao ying	2
林尹民	lin yin min	4
林岫	lin xiu	1
林巧稚	lin qiao zhi	9
林希逸	lin xi yi	1
林幼春	lin you chun	1
林广发	lin guang fa	2
林庚白	lin geng bai	31
林建宏	lin jian hong	4
林彦峰	lin yan feng	1
林彬	lin bin	47
林徽因	lin hui yin	49
林志杰	lin zhi jie	8
林思进	lin si jin	3
林散之	lin san zhi	1
林文俊	lin wen jun	2
林文卿	lin wen qing	4
林文察	lin wen cha	14
林文英	lin wen ying	4
林旭	lin xu	33
林时	lin shi	8
林明军	lin ming jun	3
林春山	lin chun shan	4
林晓峰	lin xiao feng	34
林有麟	lin you lin	2
林朝华	lin chao hua	2
林朝崧	lin chao song	7
林朝栋	lin chao dong	6
林枝春	lin zhi chun	1
林柏生	lin bai sheng	11
林模	lin mo	2
林永升	lin yong sheng	6
林永裕	lin yong yu	4
林泉生	lin quan sheng	3
林泳	lin yong	7
林海音	lin hai yin	12
林清玄	lin qing xuan	10
林湘萍	lin xiang ping	8
林瀚	lin han	7
林熊祥	lin xiong xiang	4
林熙蕾	lin xi lei	2
林献堂	lin xian tang	40
林獬	lin xie	6
林珊珊	lin shan shan	12
林琼	lin qiong	10
林申	lin shen	11
林白水	lin bai shui	3
林直勉	lin zhi mian	2
林祖密	lin zu mi	6
林祥谦	lin xiang qian	21
林秀贞	lin xiu zhen	9
林立果	lin li guo	4
林竹	lin zhu	4
林纪	lin ji	16
林纾	lin shu	15
林维源	lin wei yuan	3
林美惠	lin mei hui	1
林育南	lin yu nan	31
林育容	lin yu rong	2
林育英	lin yu ying	8
林艺	lin yi	17
林节	lin jie	3
林英灿	lin ying can	2
林莉	lin li	9
林蒲封	lin pu feng	3
林蓝	lin lan	1
林蔚	lin wei	20
林虑	lin lv	24
林衡	lin heng	25
林觉民	lin jue min	9
林语堂	lin yu tang	29
林进春	lin jin chun	1
林逋	lin bu	4
林野	lin ye	31
林针	lin zhen	4
林钧	lin jun	43
林韦君	lin wei jun	5
林顶立	lin ding li	1
林魁	lin kui	2
林鹤年	lin he nian	7
林黛	lin dai	14
林龙	lin long	7
枚乘	mei cheng	17
果戈理	guo ge li	10
柄本明	bing ben ming	12
柏人	bai ren	49
柏原崇	bai yuan chong	18
柏原收史	bai yuan shou shi	3
柏景伟	bai jing wei	2
柏杨	bai yang	35
柏谦	bai qian	1
柏辉章	bai hui zhang	10
柏邦妮	bai bang ni	3
柔石	rou shi	17
柚木提娜	you mu ti na	2
查升	zha sheng	1
查可欣	zha ke xin	4
查嗣瑮	zha si li	1
查士标	zha shi biao	1
查小欣	zha xiao xin	9
查旭	cha xu	3
查理大帝	cha li da di	43
查礼	cha li	4
柯云路	ke yun lu	1
柯以敏	ke yi min	15
柯以柔	ke yi rou	2
柯俊雄	ke jun xiong	8
柯劭忞	ke shao min	8
柯受良	ke shou liang	14
柯奇士	ke qi shi	3
柯岩	ke yan	23
柯平	ke ping	5
柯怡	ke yi	5
柯有伦	ke you lun	28
柯灵	ke ling	3
柯琴	ke qin	3
柯罗连科	ke luo lian ke	27
柯蓝	ke lan	17
柯赐海	ke ci hai	6
柯铁	ke tie	26
柳下惠	liu xia hui	5
柳云龙	liu yun long	22
柳亚子	liu ya zi	24
柳信美	liu xin mei	3
柳公权	liu gong quan	13
柳大华	liu da hua	1
柳宗元	liu zong yuan	40
柳开	liu kai	2
柳敏	liu min	4
柳时元	liu shi yuan	4
柳比西奇	liu bi xi qi	9
柳永	liu yong	23
柳真	liu zhen	5
柳诒徵	liu yi zhi	5
柳贯	liu guan	4
柳隐	liu yin	2
柴宗训	chai zong xun	5
柴崎幸	chai qi xing	31
柴桑	chai sang	27
柴绍炳	chai shao bing	2
柴进	chai jin	8
柴门文	chai men wen	5
柿原彻也	shi yuan che ye	24
树木希林	shu mu xi lin	29
栗原小卷	li yuan xiao juan	1
栗原惠	li yuan hui	1
栗山千明	li shan qian ming	16
栗毓美	li yu mei	4
根岸季衣	gen an ji yi	6
根本博	gen ben bo	2
格列奇科	ge lie qi ke	14
格尔凡德	ge er fan de	1
格拉斯曼	ge la si man	32
格拉肖	ge la xiao	8
格里森姆	ge li sen mu	3
栾斌	luan bin	4
栾璞	luan pu	2
桂永清	gui yong qing	23
桂王	gui wang	21
桂良	gui liang	24
桂萼	gui e	26
桂衡	gui heng	2
桂馥	gui fu	5
桃井晴子	tao jing qing zi	16
桃井望	tao jing wang	1
桃井薰	tao jing xun	10
桃城武	tao cheng wu	3
桃香	tao xiang	48
桐原亮司	tong yuan liang si	2
桐谷美玲	tong gu mei ling	19
桑兰	sang lan	22
桑地诺	sang di nuo	24
桑弧	sang hu	1
桑悦	sang yue	4
桑戴克	sang dai ke	2
桑维翰	sang wei han	23
桑门	sang men	2
桑雪	sang xue	6
桓彝	huan yi	6
桓范	huan fan	2
桓谭	huan tan	6
桓阶	huan jie	4
桥口隆志	qiao kou long zhi	2
桥本丽香	qiao ben li xiang	3
桥本昌二	qiao ben chang er	1
桥本爱	qiao ben ai	32
桥本雄二郎	qiao ben xiong er lang	2
梁乃鹏	liang nai peng	8
梁九图	liang jiu tu	3
梁伟棠	liang wei tang	4
梁佳	liang jia	7
梁储	liang chu	3
梁兴初	liang xing chu	27
梁刚	liang gang	7
梁华盛	liang hua sheng	5
梁发芾	liang fa fu	7
梁周翰	liang zhou han	1
梁国治	liang guo zhi	2
梁士诒	liang shi yi	35
梁宗岱	liang zong dai	6
梁实秋	liang shi qiu	36
梁宰豪	liang zai hao	3
梁宽	liang kuan	16
梁寅	liang yin	3
梁寒操	liang han cao	20
梁小民	liang xiao min	8
梁希	liang xi	15
梁希贤	liang xi xian	2
梁序昭	liang xu zhao	2
梁廷楠	liang ting nan	3
梁思礼	liang si li	8
梁文博	liang wen bo	6
梁文斌	liang wen bin	3
梁文道	liang wen dao	30
梁斌	liang bin	10
梁晓声	liang xiao sheng	9
梁枢	liang shu	3
梁柏台	liang bai tai	2
梁楷	liang kai	11
梁永斌	liang yong bin	6
梁洛施	liang luo shi	12
梁洪	liang hong	14
梁淑贞	liang shu zhen	1
梁清标	liang qing biao	1
梁熙	liang xi	43
梁玉珍	liang yu zhen	5
梁玉绳	liang yu sheng	1
梁琦	liang qi	2
梁瑛	liang ying	6
梁璐	liang lu	3
梁甫	liang fu	12
梁立柱	liang li zhu	1
梁章钜	liang zhang ju	8
梁紫	liang zi	15
梁红玉	liang hong yu	6
梁绍壬	liang shao ren	4
梁群	liang qun	22
梁羽生	liang yu sheng	43
梁耀汉	liang yao han	1
梁芷珊	liang zhi shan	4
梁蔼如	liang ai ru	3
梁诗正	liang shi zheng	1
梁诚	liang cheng	6
梁邹	liang zou	38
梁靖琪	liang jing qi	7
梁静	liang jing	32
梁鹤年	liang he nian	8
梁麟	liang lin	1
梁鼎芬	liang ding fen	9
梅启照	mei qi zhao	1
梅哲	mei zhe	4
梅婷	mei ting	43
梅宫安娜	mei gong an na	2
梅尧臣	mei yao chen	7
梅巧龄	mei qiao ling	2
梅希文	mei xi wen	4
梅成栋	mei cheng dong	2
梅文鼎	mei wen ding	9
梅洁	mei jie	1
梅清	mei qing	3
梅瑴成	mei jue cheng	2
梅田彩佳	mei tian cai jia	28
梅益	mei yi	4
梅英杰	mei ying jie	2
梅葆玖	mei bao jiu	5
梅诺蒂	mei nuo di	5
梅贻琦	mei yi qi	20
梅达沃	mei da wo	1
梅阿查	mei a cha	1
梅雨田	mei yu tian	4
梅鼎祚	mei ding zuo	1
梦麟	meng lin	34
梵隆	fan long	3
梶浦由记	wei pu you ji	27
棉棉	mian mian	27
棋哥	qi ge	12
棒球英豪	bang qiu ying hao	13
森久保祥太郎	sen jiu bao xiang tai lang	15
森光子	sen guang zi	7
森山未来	sen shan wei lai	10
森本龙太郎	sen ben long tai lang	1
森村诚一	sen cun cheng yi	16
森次晃嗣	sen ci huang si	11
森理世	sen li shi	3
森田美位子	sen tian mei wei zi	1
森田芳光	sen tian fang guang	16
森高千里	sen gao qian li	30
植村花菜	zhi cun hua cai	3
椎名桔平	zhui ming ju ping	11
楚共王	chu gong wang	27
楚威王	chu wei wang	5
楚宣王	chu xuan wang	13
楚平王	chu ping wang	45
楚幽王	chu you wang	3
楚庄王	chu zhuang wang	47
楚康王	chu kang wang	14
楚怀王	chu huai wang	43
楚悼王	chu dao wang	12
楚惠王	chu hui wang	7
楚成王	chu cheng wang	19
楚文王	chu wen wang	11
楚昭王	chu zhao wang	26
楚武王	chu wu wang	7
楚灵王	chu ling wang	37
楚穆王	chu mu wang	12
楚简王	chu jian wang	2
楚考烈王	chu kao lie wang	7
楚肃王	chu su wang	3
楚顷襄王	chu qing xiang wang	10
楠桂	nan gui	2
楼烦	lou fan	27
楼玄	lou xuan	4
榎本武扬	jia ben wu yang	16
槐里	huai li	25
槙原敬之	dian yuan jing zhi	15
樊增祥	fan zeng xiang	7
樊建	fan jian	26
樊彬	fan bin	4
樊志松	fan zhi song	3
樊春晖	fan chun hui	2
樊梨花	fan li hua	19
樊粹庭	fan cui ting	3
樊能	fan neng	3
樊钟秀	fan zhong xiu	22
樗里疾	chu li ji	7
横山裕	heng shan yu	17
樱井幸子	ying jing xing zi	1
樱井翔	ying jing xiang	47
樱井莉亚	ying jing li ya	2
樱庭奈奈美	ying ting nai nai mei	12
樱桃子	ying tao zi	29
橘未稀	ju wei xi	2
檀自新	tan zi xin	1
欧几里德	ou ji li de	38
欧普拉	ou pu la	15
欧汉声	ou han sheng	21
欧阳予倩	ou yang yu qian	20
欧阳勋	ou yang xun	1
欧阳奋强	ou yang fen qiang	6
欧阳婵娟	ou yang chan juan	2
欧阳山	ou yang shan	5
欧阳峰	ou yang feng	2
欧阳章	ou yang zhang	1
欧阳询	ou yang xun	32
欧阳贞	ou yang zhen	3
欧阳钦	ou yang qin	10
欧阳静茹	ou yang jing ru	3
欧震	ou zhen	3
止中	zhi zhong	3
步阐	bu chan	10
步非烟	bu fei yan	1
武丁	wu ding	31
武三思	wu san si	31
武乙	wu yi	1
武云	wu yun	8
武井咲	wu jing xiao	32
武亿	wu yi	1
武伯英	wu bo ying	2
武兹	wu zi	10
武内英树	wu nei ying shu	1
武卫强	wu wei qiang	5
武原	wu yuan	29
武后	wu hou	44
武士敏	wu shi min	2
武安国	wu an guo	4
武宫正树	wu gong zheng shu	8
武庭麟	wu ting lin	8
武曌	wu zhao	4
武泉	wu quan	4
武田铁矢	wu tian tie shi	12
武肃王	wu su wang	21
武藤兰	wu teng lan	3
武藤美幸	wu teng mei xing	2
武衡	wu heng	11
武训	wu xun	18
武都郡	wu du jun	26
武陵郡	wu ling jun	33
段业	duan ye	8
段伯宇	duan bo yu	1
段光清	duan guang qing	5
段兴智	duan xing zhi	2
段坚	duan jian	3
段大章	duan da zhang	2
段婷	duan ting	6
段嵘	duan rong	2
段德昌	duan de chang	11
段成式	duan cheng shi	2
段智兴	duan zhi xing	6
段暄	duan xuan	8
段玉裁	duan yu cai	12
段珪	duan gui	17
段琦	duan qi	4
段芝贵	duan zhi gui	24
段誉	duan yu	37
段随	duan sui	4
段颎	duan jiong	19
殷兆镛	yin zhao yong	3
殷勇	yin yong	10
殷化行	yin hua xing	2
殷善	yin shan	1
殷士儋	yin shi dan	2
殷奎	yin kui	1
殷悦	yin yue	2
殷桃	yin tao	21
殷海光	yin hai guang	16
殷海洁	yin hai jie	2
殷纯	yin chun	2
殷罡	yin gang	1
殷震	yin zhen	6
比嘉爱未	bi jia ai wei	10
比尔盖茨	bi er gai ci	12
比干	bi gan	4
比拉尔多	bi la er duo	1
毕升	bi sheng	8
毕慧	bi hui	16
毕昇	bi sheng	2
毕星海	bi xing hai	2
毕本	bi ben	2
毕涵	bi han	4
毕淑敏	bi shu min	8
毕然	bi ran	4
毕熙东	bi xi dong	5
毕玉玺	bi yu xi	6
毕琛	bi chen	3
毕磊	bi lei	7
毕锐	bi rui	1
毛人凤	mao ren feng	33
毛依罕	mao yi han	1
毛利元就	mao li yuan jiu	21
毛利辉元	mao li hui yuan	14
毛子水	mao zi shui	8
毛宁	mao ning	29
毛岱钧	mao dai jun	3
毛岸英	mao an ying	23
毛志成	mao zhi cheng	5
毛怀	mao huai	1
毛戈平	mao ge ping	5
毛扆	mao yi	1
毛承基	mao cheng ji	2
毛昱衡	mao yu heng	3
毛晋	mao jin	14
毛森	mao sen	5
毛江森	mao jiang sen	1
毛润之	mao run zhi	1
毛澄	mao cheng	7
毛玠	mao jie	5
毛瑞斯莫	mao rui si mo	5
毛纪	mao ji	1
毛良	mao liang	4
毛遂	mao sui	10
毛阿敏	mao a min	17
毛际可	mao ji ke	2
毛鸿宾	mao hong bin	1
水华	shui hua	21
水原希子	shui yuan xi zi	13
水均益	shui jun yi	14
水岛宏	shui dao hong	3
水岛裕	shui dao yu	11
水户黄门	shui hu huang men	32
水木一郎	shui mu yi lang	15
水木茂	shui mu mao	18
水菜丽	shui cai li	4
水谷丰	shui gu feng	19
水野亚美	shui ye ya mei	4
水野真纪	shui ye zhen ji	2
水野美纪	shui ye mei ji	12
永井大	yong jing da	5
永作博美	yong zuo bo mei	5
永山绚斗	yong shan xuan dou	4
永山耕三	yong shan geng san	4
永昌郡	yong chang jun	23
永濑正敏	yong lai zheng min	13
永珊	yong shan	4
永琴	yong qin	1
永穆	yong mu	4
汉中郡	han zhong jun	34
汉光武帝刘秀	han guang wu di liu xiu	20
汉冲帝	han chong di	3
汉安	han an	16
汉少帝	han shao di	5
汉惠帝	han hui di	20
汉文帝刘恒	han wen di liu heng	3
汉昌	han chang	33
汉昭帝	han zhao di	40
汉质帝	han zhi di	7
汉高帝	han gao di	19
汉高祖刘邦	han gao zu liu bang	23
汗王	han wang	19
江东伟	jiang dong wei	2
江云龙	jiang yun long	3
江亢虎	jiang kang hu	3
江以达	jiang yi da	5
江凯文	jiang kai wen	1
江口洋介	jiang kou yang jie	20
江国香织	jiang guo xiang zhi	10
江声	jiang sheng	11
江大来	jiang da lai	2
江姐	jiang jie	37
江孔殷	jiang kong yin	3
江守彻	jiang shou che	3
江尊	jiang zun	1
江小鱼	jiang xiao yu	9
江总	jiang zong	46
江恂	jiang xun	3
江春炎	jiang chun yan	2
江春霖	jiang chun lin	2
江昱	jiang yu	2
江枫	jiang feng	16
江柏	jiang bai	4
江柏青	jiang bai qing	2
江标	jiang biao	4
江桂	jiang gui	13
江欣荣	jiang xin rong	4
江泽	jiang ze	36
江泽熙	jiang ze xi	4
江涛	jiang tao	33
江淹	jiang yan	4
江炯	jiang jiong	6
江玉	jiang yu	21
江珠	jiang zhu	14
江珩	jiang heng	2
江盈科	jiang ying ke	1
江立	jiang li	9
江竹筠	jiang zhu yun	6
江美琪	jiang mei qi	17
江胜	jiang sheng	8
江腾一	jiang teng yi	1
江蓉	jiang rong	5
江采	jiang cai	5
江铸久	jiang zhu jiu	6
江鸣久	jiang ming jiu	3
池内博之	chi nei bo zhi	9
池墨	chi mo	1
池珍熙	chi zhen xi	6
池田理代子	chi tian li dai zi	1
池胁千鹤	chi xie qian he	3
池莉	chi li	11
汤一介	tang yi jie	4
汤世澍	tang shi shu	2
汤光启	tang guang qi	2
汤加丽	tang jia li	7
汤卓光	tang zhuo guang	2
汤哲	tang zhe	6
汤圆成	tang yuan cheng	5
汤姆逊	tang mu xun	32
汤子敬	tang zi jing	3
汤宾	tang bin	6
汤尔和	tang er he	29
汤川学	tang chuan xue	8
汤慧	tang hui	5
汤斌	tang bin	7
汤显祖	tang xian zu	24
汤汉	tang han	15
汤涤	tang di	3
汤玮	tang wei	4
汤用彤	tang yong tong	15
汤苏阳	tang su yang	2
汤若望	tang ruo wang	28
汤贻汾	tang yi fen	2
汤镇业	tang zhen ye	18
汤镇宗	tang zhen zong	5
汪一龙	wang yi long	1
汪丁丁	wang ding ding	2
汪乔年	wang qiao nian	3
汪云生	wang yun sheng	3
汪元亨	wang yuan heng	2
汪光华	wang guang hua	3
汪凤藻	wang feng zao	1
汪初	wang chu	5
汪后来	wang hou lai	1
汪喜孙	wang xi sun	1
汪士龙	wang shi long	2
汪大渊	wang da yuan	5
汪大钧	wang da jun	2
汪庆	wang qing	5
汪康年	wang kang nian	4
汪廷珍	wang ting zhen	2
汪廷讷	wang ting ne	2
汪律本	wang lv ben	1
汪德耀	wang de yao	3
汪敬	wang jing	7
汪文柏	wang wen bai	2
汪文溥	wang wen pu	3
汪昂	wang ang	4
汪昉	wang fang	2
汪昭	wang zhao	5
汪昱	wang yu	4
汪晓波	wang xiao bo	6
汪曙	wang shu	1
汪曾祺	wang zeng qi	22
汪机	wang ji	2
汪栋	wang dong	5
汪棣	wang di	1
汪森	wang sen	3
汪沁	wang qin	4
汪沆	wang hang	1
汪波	wang bo	4
汪洪度	wang hong du	2
汪洵	wang xun	3
汪浩	wang hao	17
汪淇	wang qi	3
汪溶	wang rong	1
汪灏	wang hao	1
汪炳文	wang bing wen	4
汪然	wang ran	6
汪珂玉	wang ke yu	3
汪琥	wang hu	2
汪琬	wang wan	1
汪璐	wang lu	1
汪由敦	wang you dun	3
汪皓	wang hao	2
汪直	wang zhi	12
汪端	wang duan	5
汪答应	wang da ying	3
汪篯	wang jian	1
汪继培	wang ji pei	2
汪舸	wang ge	3
汪芬	wang fen	4
汪若海	wang ruo hai	2
汪荣宝	wang rong bao	3
汪见虹	wang jian hong	1
汪辉	wang hui	9
汪辉祖	wang hui zu	5
汪近圣	wang jin sheng	3
汪连	wang lian	2
汪道昆	wang dao kun	15
汪道涵	wang dao han	21
汪铎	wang duo	4
汪震	wang zhen	1
汪霖	wang lin	4
汪鸣銮	wang ming luan	6
汪鸿志	wang hong zhi	1
汪龙	wang long	7
沃丁	wo ding	22
沃勒尔	wo le er	4
沃甲	wo jia	1
沈不负	shen bu fu	3
沈业富	shen ye fu	2
沈中阳	shen zhong yang	8
沈之问	shen zhi wen	2
沈从文	shen cong wen	37
沈伯俊	shen bo jun	5
沈兆霖	shen zhao lin	4
沈冰	shen bing	8
沈凌	shen ling	41
沈初	shen chu	2
沈前	shen qian	4
沈卫	shen wei	1
沈发藻	shen fa zao	3
沈史	shen shi	2
沈右	shen you	4
沈周	shen zhou	9
沈善登	shen shan deng	1
沈培艺	shen pei yi	2
沈增植	shen zeng zhi	2
沈大成	shen da cheng	26
沈宏非	shen hong fei	2
沈宗翰	shen zong han	4
沈宗骞	shen zong qian	3
沈容	shen rong	2
沈富雄	shen fu xiong	2
沈寿	shen shou	7
沈尹默	shen yin mo	19
沈岸登	shen an deng	2
沈峻	shen jun	11
沈广	shen guang	6
沈度	shen du	6
沈建宏	shen jian hong	13
沈彤	shen tong	3
沈彩	shen cai	3
沈德潜	shen de qian	12
沈心	shen xin	7
沈心工	shen xin gong	4
沈思	shen si	19
沈性	shen xing	8
沈恒	shen heng	4
沈恩孚	shen en fu	4
沈恺	shen kai	2
沈惠	shen hui	4
沈慧芬	shen hui fen	3
沈懋德	shen mao de	1
沈括	shen kuo	26
沈挺	shen ting	1
沈捷	shen jie	7
沈文婷	shen wen ting	3
沈时	shen shi	17
沈昂	shen ang	3
沈昆	shen kun	5
沈景修	shen jing xiu	2
沈朝初	shen chao chu	2
沈比利	shen bi li	1
沈永年	shen yong nian	1
沈浮	shen fu	4
沈涵	shen han	5
沈淮	shen huai	4
沈清瑞	shen qing rui	2
沈源	shen yuan	2
沈潜	shen qian	6
沈潮	shen chao	5
沈瀚	shen han	7
沈炎	shen yan	3
沈炼	shen lian	13
沈熙	shen xi	9
沈玲	shen ling	1
沈琼	shen qiong	9
沈瑜庆	shen yu qing	3
沈瑞清	shen rui qing	2
沈璇	shen xuan	9
沈璐	shen lu	6
沈瓒	shen zan	5
沈畅	shen chang	1
沈白	shen bai	13
沈真	shen zhen	3
沈硕	shen shuo	3
沈祖德	shen zu de	2
沈立	shen li	10
沈维鐈	shen wei qiao	2
沈翼	shen yi	3
沈肇年	shen zhao nian	6
沈育	shen yu	3
沈英	shen ying	2
沈荃	shen quan	1
沈荣庆	shen rong qing	2
沈莉	shen li	7
沈莹	shen ying	27
沈葆桢	shen bao zhen	29
沈虹	shen hong	3
沈西苓	shen xi ling	9
沈诚	shen cheng	2
沈辽	shen liao	16
沈进	shen jin	4
沈遇	shen yu	1
沈遴奇	shen lin qi	2
沈铨	shen quan	4
沈颢	shen hao	1
沈鲤	shen li	9
沈鸿	shen hong	28
沈鼎	shen ding	2
沐琮	mu cong	2
沙东	sha dong	46
沙宝亮	sha bao liang	18
沙我	sha wo	3
沙明	sha ming	7
沙汀	sha ting	10
沙羡	sha xian	15
沙陵	sha ling	3
沙雪	sha xue	6
沟口健二	gou kou jian er	14
沟端淳平	gou duan chun ping	4
沧月	cang yue	21
沮渠无讳	ju qu wu hui	9
沮渠牧犍	ju qu mu jian	23
河上肇	he shang zhao	5
河亶甲	he dan jia	1
河口恭吾	he kou gong wu	2
河村隆	he cun long	4
河村隆一	he cun long yi	4
河莉秀	he li xiu	1
河间国	he jian guo	11
泉谷茂	quan gu mao	3
泉陵	quan ling	6
法尔考	fa er kao	31
法显	fa xian	46
法朗士	fa lang shi	28
法桢	fa zhen	3
法正	fa zheng	8
法聚	fa ju	2
法良	fa liang	5
法若真	fa ruo zhen	1
波伏瓦	bo fu wa	1
波佐	bo zuo	47
波德莱尔	bo de lai er	37
波爱修斯	bo ai xiu si	8
泥阳	ni yang	9
泫氏	xuan shi	6
泷廉太郎	long lian tai lang	3
泷泽秀明	long ze xiu ming	33
泷田洋二郎	long tian yang er lang	14
泽口靖子	ze kou jing zi	6
泽尻绘里香	ze kao hui li xiang	3
泽村一树	ze cun yi shu	29
泽田研二	ze tian yan er	12
洁尘	jie chen	11
洛兵	luo bing	5
洛塔尔	luo ta er	33
洛芙	luo fu	24
津川雅彦	jin chuan ya yan	21
洪七公	hong qi gong	46
洪亮吉	hong liang ji	28
洪兰友	hong lan you	5
洪声	hong sheng	7
洪天贵福	hong tian gui fu	9
洪如	hong ru	8
洪应明	hong ying ming	5
洪建平	hong jian ping	6
洪战辉	hong zhan hui	8
洪晃	hong huang	4
洪智	hong zhi	19
洪波	hong bo	44
洪深	hong shen	17
洪渊	hong yuan	3
洪行	hong xing	4
洪迈	hong mai	10
洪钢	hong gang	3
洼冢洋介	wa zhong yang jie	8
流氓燕	liu mang yan	1
浅田真央	qian tian zhen yang	6
浅野优子	qian ye you zi	3
浅野忠信	qian ye zhong xin	31
浅野温子	qian ye wen zi	9
浅野真澄	qian ye zhen cheng	6
济北国	ji bei guo	23
济北王	ji bei wang	43
浚仪	xun yi	25
浦大邦	pu da bang	2
浦泽	pu ze	4
浦泽直树	pu ze zhi shu	6
浦起龙	pu qi long	3
浦远	pu yuan	2
浪兄	lang xiong	2
浪川大辅	lang chuan da fu	30
浮克	fu ke	4
浮阳	fu yang	16
海伦凯勒	hai lun kai le	5
海兰珠	hai lan zhu	18
海升	hai sheng	7
海容天天	hai rong tian tian	3
海岩	hai yan	29
海德里希	hai de li xi	45
海怀	hai huai	3
海森伯	hai sen bo	1
海西公	hai xi gong	4
海鸣威	hai ming wei	3
涂凌	tu ling	2
涂瀛	tu ying	2
涂紫凝	tu zi ning	1
涂长望	tu chang wang	6
涅阳	nie yang	14
淑容	shu rong	30
淑惠妃	shu hui fei	2
淮阳王	huai yang wang	14
深作欣二	shen zuo xin er	22
深津绘里	shen jin hui li	11
深游	shen you	5
深田恭子	shen tian gong zi	27
淳于意	chun yu yi	4
淳于琼	chun yu qiong	3
清世宗	qing shi zong	29
清世祖	qing shi zu	41
清仁宗	qing ren zong	15
清太祖努尔哈赤	qing tai zu nu er ha chi	30
清德宗	qing de zong	47
清文宗	qing wen zong	5
清春	qing chun	23
清水崇	qing shui chong	11
清穆宗	qing mu zong	13
清贵	qing gui	38
渊泉	yuan quan	14
渡哲也	du zhe ye	7
渡濑悠宇	du lai you yu	10
渡边博子	du bian bo zi	3
渡边美奈	du bian mei nai	5
渡边谦	du bian qian	27
渡部笃郎	du bu du lang	10
渥巴锡	wo ba xi	1
渥美清	wo mei qing	27
温世霖	wen shi lin	1
温体仁	wen ti ren	27
温兆伦	wen zhao lun	30
温子升	wen zi sheng	12
温岚	wen lan	17
温庭筠	wen ting yun	9
温斯莱特	wen si lai te	1
温汝能	wen ru neng	2
温汝适	wen ru shi	2
温汝遂	wen ru sui	2
温特哈尔特	wen te ha er te	1
温玉成	wen yu cheng	11
温王	wen wang	23
温碧霞	wen bi xia	24
温铁军	wen tie jun	9
温雯	wen wen	5
游弥坚	you mi jian	8
游本嘉	you ben jia	1
游鸿明	you hong ming	23
湖衣姬	hu yi ji	2
湛若水	zhan ruo shui	21
滕久寿	teng jiu shou	4
滕代远	teng dai yuan	35
滕弘	teng hong	2
滕文公	teng wen gong	3
滕矢初	teng shi chu	10
滕胤	teng yin	8
满宠	man chong	9
满岛光	man dao guang	31
满文军	man wen jun	3
漆侠	qi xia	1
漆琪生	qi qi sheng	1
漆道征	qi dao zheng	2
漠璇	mo xuan	3
潘世恩	pan shi en	9
潘举	pan ju	2
潘仪君	pan yi jun	5
潘伯鹰	pan bo ying	14
潘允端	pan yun duan	3
潘光旦	pan guang dan	16
潘凤	pan feng	5
潘和	pan he	9
潘坤	pan kun	5
潘天寿	pan tian shou	47
潘奕隽	pan yi jun	2
潘婕	pan jie	2
潘媛	pan yuan	1
潘岳	pan yue	37
潘府	pan fu	2
潘德舆	pan de yu	3
潘恭寿	pan gong shou	3
潘慈康	pan ci kang	2
潘振波	pan zhen bo	2
潘昌猷	pan chang you	2
潘春生	pan chun sheng	3
潘晓婷	pan xiao ting	3
潘永贵	pan yong gui	3
潘泉	pan quan	4
潘漠子	pan mo zi	2
潘濬	pan jun	14
潘燕辉	pan yan hui	3
潘玉良	pan yu liang	12
潘琳	pan lin	9
潘璋	pan zhang	12
潘相	pan xiang	4
潘眉	pan mei	6
潘祖荫	pan zu yin	8
潘秉衡	pan bing heng	4
潘菽	pan shu	6
潘虹	pan hong	18
潘西凤	pan xi feng	3
潘遂	pan sui	5
潘遵祁	pan zun qi	2
潘铎	pan duo	2
潘锡恩	pan xi en	4
潘锦	pan jin	6
潘长江	pan chang jiang	27
潘隐	pan yin	2
潘飞声	pan fei sheng	4
潘鼎	pan ding	3
潘龄皋	pan ling gao	1
濑户朝香	lai hu zhao xiang	6
濑濑敬久	lai lai jing jiu	3
濮存昕	pu cun xin	23
濮阳兴	pu yang xing	2
灌婴	guan ying	34
灞水	ba shui	1
灰原哀	hui yuan ai	32
灵壁	ling bi	11
灵帝	ling di	21
烈祖	lie zu	16
焦仲卿	jiao zhong qing	2
焦建成	jiao jian cheng	4
焦恩俊	jiao en jun	17
焦文龙	jiao wen long	2
焦波	jiao bo	7
焦炳	jiao bing	4
焦立坤	jiao li kun	8
焦竑	jiao hong	15
焦达峰	jiao da feng	23
熊丙奇	xiong bing qi	5
熊严	xiong yan	1
熊仁荣	xiong ren rong	1
熊伯齐	xiong bo qi	1
熊伯龙	xiong bo long	3
熊佛西	xiong fo xi	2
熊侣	xiong lv	1
熊勇	xiong yong	1
熊向晖	xiong xiang hui	7
熊均	xiong jun	2
熊大木	xiong da mu	5
熊川	xiong chuan	17
熊庆来	xiong qing lai	5
熊心	xiong xin	30
熊怡	xiong yi	4
熊成基	xiong cheng ji	17
熊文	xiong wen	26
熊晖	xiong hui	2
熊景星	xiong jing xing	1
熊梦祥	xiong meng xiang	2
熊横	xiong heng	5
熊汝霖	xiong ru lin	7
熊珍	xiong zhen	3
熊琪	xiong qi	3
熊田曜子	xiong tian yao zi	2
熊秉坤	xiong bing kun	8
熊笑三	xiong xiao san	2
熊绎	xiong yi	2
熊艳	xiong yan	2
熊赐履	xiong ci lv	1
熊超	xiong chao	5
熊过	xiong guo	3
熊迪	xiong di	1
熊通	xiong tong	6
熊锐	xiong rui	1
熊霜	xiong shuang	3
熙平	xi ping	28
燕南天	yan nan tian	6
燕子李三	yan zi li san	1
燕惠王	yan hui wang	4
燕昭王	yan zhao wang	9
燕青	yan qing	21
爰书	yuan shu	1
爱尔维修	ai er wei xiu	6
爱彩	ai cai	6
爱田由	ai tian you	1
爱野美奈子	ai ye mei nai zi	4
牂牁郡	zang ke jun	7
片冈聪	pian gang cong	1
片冈鹤太郎	pian gang he tai lang	4
片山阳加	pian shan yang jia	11
牛僧孺	niu seng ru	25
牛振华	niu zhen hua	2
牛田洋	niu tian yang	18
牛皋	niu gao	10
牛莉	niu li	7
牛运震	niu yun zhen	1
牛金	niu jin	13
牛鉴	niu jian	7
牛雨田	niu yu tian	9
牛青峰	niu qing feng	3
牟宗三	mou zong san	21
牧守	mu shou	4
牧正	mu zheng	3
牧野杉菜	mu ye shan cai	1
牧野由依	mu ye you yi	11
特伟	te wei	3
特勒骠	te le biao	3
特拉梅尔	te la mei er	4
狄尔泰	di er tai	3
狄慈根	di ci gen	3
狄膺	di ying	8
猫街	mao jie	27
献帝	xian di	46
玄德	xuan de	14
玄烨	xuan ye	18
玉恒	yu heng	6
玉木宏	yu mu hong	28
玉素甫	yu su fu	32
玉置浩二	yu zhi hao er	18
玉贵人	yu gui ren	8
王一亭	wang yi ting	15
王一宁	wang yi ning	11
王一峰	wang yi feng	2
王一鹏	wang yi peng	4
王万顺	wang wan shun	3
王世发	wang shi fa	4
王世宇	wang shi yu	9
王世德	wang shi de	2
王世懋	wang shi mao	3
王世永	wang shi yong	5
王世琛	wang shi chen	2
王世相	wang shi xiang	1
王世芬	wang shi fen	2
王世茂	wang shi mao	2
王世雄	wang shi xiong	1
王丙	wang bing	13
王业	wang ye	38
王东亮	wang dong liang	3
王中阳	wang zhong yang	5
王丹凤	wang dan feng	10
王丽达	wang li da	4
王乃征	wang nai zheng	1
王义夫	wang yi fu	2
王之佐	wang zhi zuo	5
王之垣	wang zhi yuan	1
王之政	wang zhi zheng	1
王之涣	wang zhi huan	6
王九思	wang jiu si	8
王买	wang mai	4
王二小	wang er xiao	2
王云五	wang yun wu	24
王亚南	wang ya nan	8
王亚彬	wang ya bin	1
王亚楠	wang ya nan	6
王亚樵	wang ya qiao	6
王亚欧	wang ya ou	2
王亦民	wang yi min	2
王人美	wang ren mei	2
王仁堪	wang ren kan	3
王仁龙	wang ren long	4
王仕鹏	wang shi peng	5
王仲元	wang zhong yuan	3
王仲铭	wang zhong ming	15
王任叔	wang ren shu	12
王伉	wang kang	3
王会汾	wang hui fen	2
王传一	wang chuan yi	14
王伯当	wang bo dang	8
王伯祥	wang bo xiang	18
王伯臣	wang bo chen	3
王佑	wang you	37
王作华	wang zuo hua	1
王作楫	wang zuo ji	7
王佩兰	wang pei lan	4
王佳一	wang jia yi	1
王佳宇	wang jia yu	2
王修	wang xiu	44
王偁	wang cheng	3
王允	wang yun	46
王允恭	wang yun gong	2
王元亮	wang yuan liang	1
王元勋	wang yuan xun	2
王元启	wang yuan qi	4
王元淑	wang yuan shu	1
王充	wang chong	26
王兆相	wang zhao xiang	4
王兆祥	wang zhao xiang	6
王先谦	wang xian qian	19
王光祈	wang guang qi	6
王光美	wang guang mei	34
王克俭	wang ke jian	3
王克勤	wang ke qin	8
王六生	wang liu sheng	5
王兴家	wang xing jia	4
王兴尧	wang xing yao	6
王兵	wang bing	18
王冈	wang gang	3
王冉	wang ran	2
王冕	wang mian	33
王军军	wang jun jun	4
王军霞	wang jun xia	3
王冠军	wang guan jun	20
王凡夫	wang fan fu	3
王凤仪	wang feng yi	3
王凤娴	wang feng xian	2
王凤山	wang feng shan	3
王凤岗	wang feng gang	4
王凤梧	wang feng wu	2
王凤翔	wang feng xiang	5
王凯泰	wang kai tai	5
王初桐	wang chu tong	3
王剑岳	wang jian yue	4
王励勤	wang li qin	24
王劲修	wang jin xiu	4
王劼	wang jie	3
王勃	wang bo	14
王勇峰	wang yong feng	2
王勋	wang xun	40
王化贞	wang hua zhen	8
王匡	wang kuang	21
王华生	wang hua sheng	14
王原祁	wang yuan qi	6
王又曾	wang you ceng	8
王友亮	wang you liang	4
王友石	wang you shi	2
王叔和	wang shu he	4
王吉武	wang ji wu	2
王同愈	wang tong yu	1
王同辉	wang tong hui	3
王向明	wang xiang ming	3
王含	wang han	9
王和顺	wang he shun	43
王啸坤	wang xiao kun	3
王嗣奭	wang si shi	2
王嘉福	wang jia fu	3
王嘉良	wang jia liang	5
王国光	wang guo guang	5
王国刚	wang guo gang	8
王国安	wang guo an	4
王国宾	wang guo bin	2
王国敏	wang guo min	5
王国斌	wang guo bin	4
王国林	wang guo lin	8
王坚	wang jian	26
王垠	wang yin	5
王域	wang yu	4
王基	wang ji	4
王士元	wang shi yuan	2
王士珍	wang shi zhen	12
王士禄	wang shi lu	3
王士雄	wang shi xiong	7
王士雯	wang shi wen	1
王处一	wang chu yi	4
王复	wang fu	27
王复元	wang fu yuan	2
王大伟	wang da wei	7
王大明	wang da ming	15
王大雷	wang da lei	13
王太岳	wang tai yue	4
王夫之	wang fu zhi	26
王奇	wang qi	15
王妍	wang yan	13
王姝	wang shu	4
王姬	wang ji	23
王姮	wang heng	3
王婧	wang jing	5
王婷婷	wang ting ting	3
王嫱	wang qiang	1
王子平	wang zi ping	6
王子服	wang zi fu	21
王子英	wang zi ying	14
王子鸣	wang zi ming	8
王子鹏	wang zi peng	2
王季思	wang ji si	8
王季烈	wang ji lie	2
王学兵	wang xue bing	11
王学浩	wang xue hao	2
王孺童	wang ru tong	2
王守恂	wang shou xun	6
王守才	wang shou cai	4
王安忆	wang an yi	9
王宏亮	wang hong liang	7
王宏坤	wang hong kun	25
王宏撰	wang hong zhuan	2
王宏祚	wang hong zuo	2
王宗山	wang zong shan	1
王宗沐	wang zong mu	4
王宗炎	wang zong yan	4
王定安	wang ding an	2
王宜胜	wang yi sheng	4
王宝仁	wang bao ren	3
王实味	wang shi wei	24
王审知	wang shen zhi	32
王家楫	wang jia ji	3
王寂	wang ji	2
王寿年	wang shou nian	3
王封	wang feng	21
王尊三	wang zun san	2
王小丫	wang xiao ya	10
王小列	wang xiao lie	1
王小山	wang xiao shan	8
王小帅	wang xiao shuai	21
王小星	wang xiao xing	6
王少堂	wang shao tang	1
王少磊	wang shao lei	5
王尔琢	wang er zhuo	3
王尧	wang yao	24
王尽美	wang jin mei	16
王履	wang lv	1
王履端	wang lv duan	2
王岩	wang yan	32
王岱	wang dai	2
王岳	wang yue	44
王岷	wang min	2
王峻	wang jun	49
王崇德	wang chong de	4
王崇简	wang chong jian	3
王嵎生	wang yu sheng	9
王川	wang chuan	9
王左	wang zuo	5
王巩	wang gong	3
王希廉	wang xi lian	2
王广心	wang guang xin	2
王庆云	wang qing yun	8
王庆麟	wang qing lin	4
王应华	wang ying hua	2
王应麟	wang ying lin	5
王庭筠	wang ting yun	3
王康弘	wang kang hong	4
王延钧	wang yan jun	41
王廷相	wang ting xiang	12
王廷魁	wang ting kui	1
王建华	wang jian hua	6
王建宏	wang jian hong	7
王建忠	wang jian zhong	5
王建民	wang jian min	42
王建章	wang jian zhang	3
王式丹	wang shi dan	2
王弥	wang mi	22
王弼	wang bi	48
王彤	wang tong	23
王彰	wang zhang	16
王得臣	wang de chen	4
王德标	wang de biao	2
王德瑛	wang de ying	5
王心一	wang xin yi	2
王心刚	wang xin gang	4
王必	wang bi	36
王必成	wang bi cheng	22
王志坚	wang zhi jian	3
王忠诚	wang zhong cheng	2
王念祖	wang nian zu	6
王思任	wang si ren	4
王思思	wang si si	11
王思懿	wang si yi	2
王怡	wang yi	35
王怡仁	wang yi ren	2
王恕	wang shu	19
王恽	wang yun	7
王愫	wang su	3
王懋功	wang mao gong	7
王懿德	wang yi de	1
王懿荣	wang yi rong	7
王戎	wang rong	41
王成家	wang cheng jia	2
王承烈	wang cheng lie	3
王拯	wang zheng	1
王持	wang chi	2
王振辉	wang zhen hui	4
王掞	wang yan	1
王揖唐	wang yi tang	31
王敏刚	wang min gang	15
王敏川	wang min chuan	4
王敏生	wang min sheng	2
王敏超	wang min chao	2
王敬铭	wang jing ming	1
王文思	wang wen si	1
王文洁	wang wen jie	5
王文琳	wang wen lin	5
王文禄	wang wen lu	4
王文雄	wang wen xiong	7
王文韶	wang wen shao	16
王斌	wang bin	34
王新亭	wang xin ting	4
王方定	wang fang ding	3
王方正	wang fang zheng	4
王旭	wang xu	42
王旭东	wang xu dong	35
王旭烽	wang xu feng	3
王时敏	wang shi min	2
王昌龄	wang chang ling	13
王易	wang yi	10
王春露	wang chun lu	9
王昱婷	wang yu ting	1
王晋	wang jin	27
王晓倩	wang xiao qian	5
王晓华	wang xiao hua	10
王晓明	wang xiao ming	26
王晓籁	wang xiao lai	5
王晓鲁	wang xiao lu	4
王晓鹰	wang xiao ying	1
王晔	wang ye	14
王景和	wang jing he	5
王智新	wang zhi xin	5
王曦	wang xi	21
王有仁	wang you ren	4
王有龄	wang you ling	5
王朔	wang shuo	20
王柏心	wang bai xin	3
王栋	wang dong	29
王树声	wang shu sheng	24
王树谷	wang shu gu	2
王桂元	wang gui yuan	5
王梦兰	wang meng lan	3
王植	wang zhi	13
王楠	wang nan	27
王楷	wang kai	11
王概	wang gai	2
王樵	wang qiao	3
王檄	wang xi	4
王欣如	wang xin ru	2
王正敏	wang zheng min	9
王正鹏	wang zheng peng	3
王步青	wang bu qing	1
王毓曾	wang yu zeng	1
王毓麟	wang yu lin	2
王永旭	wang yong xu	8
王永民	wang yong min	2
王永积	wang yong ji	2
王汝南	wang ru nan	2
王汝璧	wang ru bi	1
王沅	wang yuan	7
王沈	wang shen	27
王泮	wang pan	9
王泰吉	wang tai ji	18
王泰林	wang tai lin	3
王洛	wang luo	49
王洪军	wang hong jun	2
王浑	wang hun	22
王浚	wang jun	26
王海容	wang hai rong	5
王海钧	wang hai jun	3
王海鸰	wang hai ling	1
王涛	wang tao	44
王淦	wang gan	4
王淦昌	wang gan chang	20
王清任	wang qing ren	2
王溥	wang pu	17
王潜	wang qian	5
王濬	wang jun	8
王火	wang huo	7
王炀	wang yang	4
王炳森	wang bing sen	6
王炳燮	wang bing xie	2
王煜辉	wang yu hui	4
王煦	wang xu	3
王燮	wang xie	8
王猛	wang meng	42
王献	wang xian	38
王献之	wang xian zhi	24
王献唐	wang xian tang	9
王猷定	wang you ding	2
王玉国	wang yu guo	8
王玉如	wang yu ru	1
王玉娥	wang yu e	5
王玉璋	wang yu zhang	2
王玖	wang jiu	1
王玥	wang yue	21
王玲珑	wang ling long	4
王玺	wang xi	19
王珏	wang jue	24
王球	wang qiu	4
王理	wang li	22
王琰	wang yan	7
王琳娜	wang lin na	7
王瑚	wang hu	3
王瓘	wang guan	4
王用之	wang yong zhi	3
王甫	wang fu	39
王甲本	wang jia ben	1
王畴	wang chou	25
王畿	wang ji	28
王百姓	wang bai xing	8
王真	wang zhen	9
王睿章	wang rui zhang	2
王瞳	wang tong	44
王祖光	wang zu guang	2
王祖庆	wang zu qing	3
王祜	wang hu	1
王祥	wang xiang	40
王禔	wang zhi	3
王禹九	wang yu jiu	5
王秉国	wang bing guo	3
王秉诚	wang bing cheng	3
王秉钧	wang bing jun	8
王立丰	wang li feng	6
王立德	wang li de	6
王立群	wang li qun	3
王立诚	wang li cheng	8
王竑	wang hong	5
王竣	wang jun	7
王答	wang da	1
王筝	wang zheng	1
王筱磊	wang xiao lei	1
王籍	wang ji	15
王粲	wang can	15
王累	wang lei	2
王纲	wang gang	15
王纶	wang lun	18
王绂	wang fu	2
王绅	wang shen	11
王绍兰	wang shao lan	1
王统照	wang tong zhao	4
王继贤	wang ji xian	3
王继飞	wang ji fei	6
王绩	wang ji	28
王维宁	wang wei ning	7
王维德	wang wei de	7
王维桢	wang wei zhen	4
王维珍	wang wei zhen	2
王维翰	wang wei han	5
王美人	wang mei ren	7
王美秀	wang mei xiu	1
王群	wang qun	33
王翘	wang qiao	3
王翚	wang hui	2
王耀武	wang yao wu	28
王耀辉	wang yao hui	5
王聘珍	wang pin zhen	2
王肃	wang su	42
王肇基	wang zhao ji	1
王肇辉	wang zhao hui	6
王育芳	wang yu fang	2
王臣	wang chen	31
王艮	wang gen	5
王节	wang jie	8
王芑孙	wang qi sun	2
王芸生	wang yun sheng	15
王茜	wang qian	23
王荪	wang sun	2
王莆中	wang pu zhong	2
王菁华	wang jing hua	7
王萌	wang meng	15
王葆心	wang bao xin	2
王蓉	wang rong	19
王蕴章	wang yun zhang	2
王藻	wang zao	25
王融	wang rong	13
王衡	wang heng	12
王襄	wang xiang	18
王观	wang guan	19
王诏	wang zhao	12
王诗文	wang shi wen	1
王诗琪	wang shi qi	7
王诤	wang zheng	22
王诩	wang xu	11
王语嫣	wang yu yan	25
王谋	wang mou	6
王谔	wang e	2
王谷祥	wang gu xiang	4
王象晋	wang xiang jin	1
王贝	wang bei	4
王贞仪	wang zhen yi	2
王贵福	wang gui fu	4
王跃文	wang yue wen	10
王跃飞	wang yue fei	8
王轶琼	wang yi qiong	3
王辅	wang fu	7
王辅臣	wang fu chen	40
王辉耀	wang hui yao	1
王辟之	wang bi zhi	2
王近山	wang jin shan	3
王进喜	wang jin xi	24
王连庆	wang lian qing	1
王述	wang shu	23
王道生	wang dao sheng	4
王邑	wang yi	16
王重民	wang zhong min	3
王重阳	wang chong yang	23
王金勇	wang jin yong	2
王金发	wang jin fa	11
王鎏	wang liu	2
王鏊	wang ao	7
王钊	wang zhao	15
王钟声	wang zhong sheng	5
王钧	wang jun	25
王钺	wang yue	7
王铎	wang duo	46
王铨	wang quan	33
王铭新	wang ming xin	2
王铭琬	wang ming wan	9
王铭章	wang ming zhang	12
王铮	wang zheng	32
王铸九	wang zhu jiu	3
王锜	wang qi	1
王锡元	wang xi yuan	4
王锡圭	wang xi gui	2
王锡彤	wang xi tong	1
王锡荣	wang xi rong	6
王锦辉	wang jin hui	12
王长喜	wang chang xi	1
王闿运	wang kai yun	16
王际华	wang ji hua	1
王隽	wang jun	13
王雁	wang yan	29
王雅捷	wang ya jie	10
王雅迪	wang ya di	1
王雪纯	wang xue chun	4
王震生	wang zhen sheng	5
王青芳	wang qing fang	2
王韬	wang tao	11
王顼龄	wang xu ling	1
王颀	wang qi	6
王飞雪	wang fei xue	3
王馥荔	wang fu li	8
王骥德	wang ji de	3
王鸣盛	wang ming sheng	7
王鸣韶	wang ming shao	1
王鸿寿	wang hong shou	3
王鸿绪	wang hong xu	4
王鹏运	wang peng yun	2
王鹰	wang ying	10
王龄	wang ling	6
玻恩	bo en	49
珍妃	zhen fei	38
珍嫔	zhen pin	2
班录	ban lu	3
班彪	ban biao	9
班扬	ban yang	5
班昭	ban zhao	3
班超	ban chao	22
琦善	qi shan	43
琪琪格	qi qi ge	3
琴乃	qin nai	28
琶杰	pa jie	1
瑜妃	yu fei	2
瑞迪克	rui di ke	22
瑶淼	yao miao	7
瑾妃	jin fei	9
瓦塔纳	wa ta na	46
瓦尔德内尔	wa er de nei er	5
瓦德西	wa de xi	16
瓦斯科达伽马	wa si ke da jia ma	9
甄伟	zhen wei	4
甘丽初	gan li chu	8
甘国栋	gan guo dong	5
甘夫人	gan fu ren	4
甘旸	gan yang	2
甘渭汉	gan wei han	2
甘福	gan fu	2
甘英	gan ying	11
甘茂	gan mao	9
甘萍	gan ping	7
生天目仁美	sheng tian mu ren mei	12
生濑胜久	sheng lai sheng jiu	13
生田斗真	sheng tian dou zhen	36
田中丽奈	tian zhong li nai	32
田中义一	tian zhong yi yi	19
田中健	tian zhong jian	21
田中千绘	tian zhong qian hui	5
田中哲司	tian zhong zhe si	10
田中大文	tian zhong da wen	4
田中敦子	tian zhong dun zi	14
田中理惠	tian zhong li hui	13
田中真纪子	tian zhong zhen ji zi	3
田中绢代	tian zhong juan dai	3
田中美保	tian zhong mei bao	4
田中裕子	tian zhong yu zi	13
田中要次	tian zhong yao ci	6
田中角荣	tian zhong jiao rong	45
田云龙	tian yun long	3
田伯平	tian bo ping	8
田兰芳	tian lan fang	2
田单	tian dan	16
田原俊彦	tian yuan jun yan	10
田喆	tian zhe	3
田垒	tian lei	4
田岷	tian min	4
田崎敬浩	tian qi jing hao	2
田建	tian jian	9
田昭武	tian zhao wu	1
田村淳	tian cun chun	10
田桐	tian tong	38
田楠	tian nan	4
田沁鑫	tian qin xin	6
田海蓉	tian hai rong	15
田炯锦	tian jiong jin	6
田祥	tian xiang	13
田穰苴	tian rang ju	3
田章	tian zhang	34
田续	tian xu	1
田长霖	tian chang lin	2
田雯	tian wen	2
田震	tian zhen	32
田鹏飞	tian peng fei	1
由拳	you quan	8
申不害	shen bu hai	3
申东靖	shen dong jing	1
申佳胤	shen jia yin	1
申敏儿	shen min er	1
申时行	shen shi xing	40
申梅	shen mei	14
申涵光	shen han guang	2
申甫	shen fu	9
申贤俊	shen xian jun	4
申鹏	shen peng	3
电车男	dian che nan	28
画圣	hua sheng	5
留平	liu ping	18
番和	fan he	6
疏广	shu guang	34
登闻鼓	deng wen gu	11
白义	bai yi	1
白云上	bai yun shang	1
白云鹏	bai yun peng	1
白亨利	bai heng li	3
白修德	bai xiu de	14
白元	bai yuan	5
白先勇	bai xian yong	43
白冰冰	bai bing bing	30
白凤鸣	bai feng ming	4
白君实	bai jun shi	2
白圭	bai gui	6
白寿	bai shou	41
白庆琳	bai qing lin	1
白悦	bai yue	4
白朴	bai piao	2
白永成	bai yong cheng	1
白洁	bai jie	16
白洲次郎	bai zhou ci lang	6
白淑湘	bai shu xiang	5
白灵	bai ling	30
白燕	bai yan	15
白珽	bai ting	3
白石美帆	bai shi mei fan	3
白石裕	bai shi yu	2
白英	bai ying	27
白茵	bai yin	6
白行简	bai xing jian	1
白蹄乌	bai ti wu	4
白采	bai cai	2
白音格力	bai yin ge li	2
白鹏飞	bai peng fei	10
百华	bai hua	14
百里奚	bai li xi	6
百里溪	bai li xi	2
皇建	huang jian	17
皇甫嵩	huang fu song	40
皇甫谧	huang fu mi	18
皓天	hao tian	7
皮埃尔居里	pi ai er ju li	2
皮埃罗	pi ai luo	12
皮定均	pi ding jun	5
皮日休	pi ri xiu	10
皮海洲	pi hai zhou	9
益若翼	yi ruo yi	9
盐渎	yan du	4
盖丽丽	gai li li	1
盖叫天	gai jiao tian	7
盖吕萨克	gai lv sa ke	2
盖尔曼	gai er man	20
盘庚	pan geng	17
盛乐	sheng le	21
盛和煜	sheng he yu	1
盛大士	sheng da shi	2
盛敏耕	sheng min geng	2
盛昌	sheng chang	15
盛昌黎	sheng chang li	3
盛熙	sheng xi	5
盛远	sheng yuan	5
相叶雅纪	xiang ye ya ji	19
相武纱季	xiang wu sha ji	8
相润	xiang run	3
相邦	xiang bang	9
省登宇	sheng deng yu	3
眉佳	mei jia	3
真木阳子	zhen mu yang zi	27
真琴翼	zhen qin yi	4
真田幸村	zhen tian xing cun	43
真田广之	zhen tian guang zhi	29
真田昌幸	zhen tian chang xing	16
睦镇硕	mu zhen shuo	4
睿略	rui lve	1
瞿中溶	qu zhong rong	1
瞿俊	qu jun	5
瞿启甲	qu qi jia	2
瞿应绍	qu ying shao	3
瞿祐	qu you	4
瞿颖	qu ying	8
矢口真里	shi kou zhen li	8
矢口高雄	shi kou gao xiong	5
矢泽爱	shi ze ai	2
矢野浩二	shi ye hao er	7
石介	shi jie	6
石作衡	shi zuo heng	2
石勤	shi qin	1
石原良纯	shi yuan liang chun	3
石原裕次郎	shi yuan yu ci lang	19
石原里美	shi yuan li mei	47
石坂浩二	shi ban hao er	11
石子坚	shi zi jian	4
石小群	shi xiao qun	9
石川亚沙美	shi chuan ya sha mei	2
石川智晶	shi chuan zhi jing	13
石川梨华	shi chuan li hua	10
石川淳一	shi chuan chun yi	3
石川英郎	shi chuan ying lang	2
石川达三	shi chuan da san	14
石广元	shi guang yuan	1
石应康	shi ying kang	7
石康	shi kang	10
石弘	shi hong	10
石慧	shi hui	9
石扬	shi yang	1
石挥	shi hui	3
石敬亭	shi jing ting	16
石斌	shi bin	3
石春霞	shi chun xia	2
石桥凌	shi qiao ling	7
石森章太郎	shi sen zhang tai lang	8
石玉昆	shi yu kun	3
石璜	shi huang	2
石璞	shi pu	1
石田一成	shi tian yi cheng	3
石田三成	shi tian san cheng	36
石田彰	shi tian zhang	41
石田晴香	shi tian qing xiang	18
石苞	shi bao	9
石西民	shi xi min	2
石觉	shi jue	17
石贺	shi he	6
石重贵	shi chong gui	42
石鉴	shi jian	49
石鑫	shi xin	8
石韫玉	shi yun yu	3
石颐	shi yi	2
砂器	sha qi	8
砂时计	sha shi ji	17
碧野	bi ye	1
祁坤	qi kun	2
祁寯藻	qi jun zao	6
祁彪佳	qi biao jia	8
祁曼	qi man	1
祁致中	qi zhi zhong	5
祁顺	qi shun	2
祖乙	zu yi	14
祖册	zu ce	1
祖冲之	zu chong zhi	24
祖厉	zu li	4
祖大寿	zu da shou	45
祖庚	zu geng	3
祖江	zu jiang	1
祖甲	zu jia	5
祖茂	zu mao	12
祖辛	zu xin	4
祖逖	zu ti	9
祝义才	zhu yi cai	5
祝允明	zhu yun ming	4
祝史	zhu shi	3
祝希娟	zhu xi juan	2
祝明扬	zhu ming yang	3
祝望	zhu wang	3
祝枝山	zhu zhi shan	11
祝潜	zhu qian	2
祝绍周	zhu shao zhou	11
祝阿	zhu e	4
祝静	zhu jing	5
神册	shen ce	10
神尔	shen er	3
神木隆之介	shen mu long zhi jie	25
神武天皇	shen wu tian huang	42
神田沙也加	shen tian sha ye jia	7
祢衡	mi heng	4
福原爱	fu yuan ai	43
福周	fu zhou	3
福山润	fu shan run	49
福岛正则	fu dao zheng ze	8
福开森	fu kai sen	18
福泽克雄	fu ze ke xiong	9
福泽谕吉	fu ze yu ji	27
福田沙纪	fu tian sha ji	5
福田雄一	fu tian xiong yi	41
福禄培尔	fu lu pei er	3
福贵人	fu gui ren	1
禹之鼎	yu zhi ding	5
秃发乌孤	tu fa wu gu	2
秉志	bing zhi	8
秋元才加	qiu yuan cai jia	34
秋吉久美子	qiu ji jiu mei zi	10
秋川雅史	qiu chuan ya shi	2
秋田雨雀	qiu tian yu que	2
秋苹	qiu ping	1
种拂	chong fu	5
科内鲁	ke nei lu	5
科尔沁夫	ke er qin fu	2
科恩伯格	ke en bo ge	7
科拉松	ke la song	14
科斯坚纽克	ke si jian niu ke	4
科涅夫	ke nie fu	24
秦九韶	qin jiu shao	4
秦二世	qin er shi	34
秦仪	qin yi	2
秦仲	qin zhong	17
秦仲文	qin zhong wen	4
秦伯未	qin bo wei	1
秦侃滢	qin kan ying	3
秦兆阳	qin zhao yang	9
秦力山	qin li shan	12
秦叔宝	qin shu bao	13
秦哀公	qin ai gong	6
秦基伟	qin ji wei	19
秦大士	qin da shi	2
秦子忱	qin zi chen	2
秦孝公	qin xiao gong	27
秦孝文王	qin xiao wen wang	4
秦宓	qin mi	4
秦宝	qin bao	4
秦宣公	qin xuan gong	6
秦宪公	qin xian gong	24
秦庄公	qin zhuang gong	9
秦庄襄王	qin zhuang xiang wang	7
秦德公	qin de gong	13
秦德纯	qin de chun	49
秦怡	qin yi	9
秦惠公	qin hui gong	3
秦惠文王	qin hui wen wang	20
秦成公	qin cheng gong	3
秦文公	qin wen gong	17
秦日纲	qin ri gang	7
秦昭襄王	qin zhao xiang wang	40
秦景公	qin jing gong	12
秦朗	qin lang	15
秦桓公	qin huan gong	12
秦梁	qin liang	10
秦楠	qin nan	3
秦武公	qin wu gong	23
秦武王	qin wu wang	13
秦涛	qin tao	7
秦溱	qin zhen	1
秦瀛	qin ying	7
秦灵公	qin ling gong	4
秦炳	qin bing	7
秦炳文	qin bing wen	2
秦牧	qin mu	5
秦献公	qin xian gong	9
秦琪	qin qi	1
秦琼	qin qiong	32
秦祖永	qin zu yong	3
秦穆公	qin mu gong	49
秦良	qin liang	10
秦良玉	qin liang yu	23
秦荣光	qin rong guang	1
秦裕伯	qin yu bo	1
秦襄公	qin xiang gong	15
秦观	qin guan	14
秦邦宪	qin bang xian	30
秦铁	qin tie	4
秦霖	qin lin	27
秦鸣雷	qin ming lei	3
称制	cheng zhi	46
程世才	cheng shi cai	22
程云鹏	cheng yun peng	5
程先甲	cheng xian jia	1
程功	cheng gong	3
程勋	cheng xun	4
程南云	cheng nan yun	2
程发轫	cheng fa ren	2
程哲	cheng zhe	5
程嘉燧	cheng jia sui	2
程嘉美	cheng jia mei	2
程国仁	cheng guo ren	2
程堂	cheng tang	1
程大位	cheng da wei	3
程奎光	cheng kui guang	4
程子华	cheng zi hua	32
程季淑	cheng ji shu	3
程岩	cheng yan	6
程川	cheng chuan	1
程庭鹭	cheng ting lu	1
程德全	cheng de quan	28
程思远	cheng si yuan	17
程怡	cheng yi	10
程文荣	cheng wen rong	2
程昱	cheng yu	45
程普	cheng pu	21
程本立	cheng ben li	1
程松	cheng song	36
程欣	cheng xin	7
程步高	cheng bu gao	2
程武	cheng wu	8
程法	cheng fa	3
程海	cheng hai	44
程灵素	cheng ling su	3
程炜	cheng wei	2
程琳	cheng lin	12
程瑞声	cheng rui sheng	6
程瑶田	cheng yao tian	1
程璧光	cheng bi guang	42
程知节	cheng zhi jie	10
程福生	cheng fu sheng	3
程绍	cheng shao	8
程胜	cheng sheng	3
程苓峰	cheng ling feng	6
程荣	cheng rong	5
程进超	cheng jin chao	4
程远	cheng yuan	31
程邃	cheng sui	1
程钜夫	cheng ju fu	1
程银	cheng yin	5
程长庚	cheng chang geng	2
程门雪	cheng men xue	4
程雄	cheng xiong	1
程青松	cheng qing song	3
程颂万	cheng song wan	1
程颐	cheng yi	16
程颢	cheng hao	5
程鹤麟	cheng he lin	5
稻垣吾郎	dao yuan wu lang	25
稻垣润一	dao yuan run yi	1
稻森丽奈	dao sen li nai	2
稻森泉	dao sen quan	8
穆利斯	mu li si	17
穆尼尔	mu ni er	17
穆彰阿	mu zhang a	10
穆旦	mu dan	5
穆青	mu qing	9
穆顺	mu shun	3
窦光鼐	dou guang nai	2
窦唯	dou wei	48
窦固	dou gu	21
窦文涛	dou wen tao	26
窦智孔	dou zhi kong	17
窦武	dou wu	28
窦融	dou rong	24
立花慎之介	li hua shen zhi jie	19
章亚若	zhang ya ruo	15
章剑锋	zhang jian feng	7
章学诚	zhang xue cheng	16
章宪	zhang xian	3
章寿麟	zhang shou lin	1
章小蕙	zhang xiao hui	3
章懋	zhang mao	7
章溢	zhang yi	1
章炳麟	zhang bing lin	8
章琰	zhang yan	8
章甫	zhang fu	33
章穆	zhang mu	2
章鉴	zhang jian	2
章鋆	zhang yun	1
章钰	zhang yu	5
章陵	zhang ling	8
章韵	zhang yun	5
童书业	tong shu ye	2
童叶庚	tong ye geng	14
童大年	tong da nian	3
童大焕	tong da huan	9
童宁	tong ning	6
童安格	tong an ge	14
童炎生	tong yan sheng	2
童第周	tong di zhou	16
童自荣	tong zi rong	7
童芷苓	tong zhi ling	3
童衡	tong heng	2
童贯	tong guan	26
童轩	tong xuan	4
童钰	tong yu	2
童雪鸿	tong xue hong	2
端木蕻良	duan mu hong liang	8
竹中半兵卫	zhu zhong ban bing wei	5
竹中直人	zhu zhong zhi ren	29
竹内结子	zhu nei jie zi	11
竹内顺子	zhu nei shun zi	28
竹斋	zhu zhai	13
竹野内丰	zhu ye nei feng	16
笃姬	du ji	11
笑楚	xiao chu	3
符廷贵	fu ting gui	5
符曾	fu zeng	3
符馨尹	fu xin yin	3
符验	fu yan	5
笪重光	da chong guang	1
第斯多惠	di si duo hui	4
笮融	ze rong	6
筒井康隆	tong jing kang long	14
筱原凉子	xiao yuan liang zi	3
筱崎爱	xiao qi ai	2
简大狮	jian da shi	3
简明富	jian ming fu	2
简朝亮	jian chao liang	2
简福疆	jian fu jiang	3
简经纶	jian jing lun	9
简雍	jian yong	1
管亥	guan hai	6
管仲	guan zhong	47
管学军	guan xue jun	2
管宁	guan ning	8
管干贞	guan gan zhen	1
管念慈	guan nian ci	3
管桦	guan hua	37
管涛	guan tao	8
管清友	guan qing you	1
管燕草	guan yan cao	4
管辂	guan lu	16
管鹏	guan peng	9
米万钟	mi wan zhong	4
米仓凉子	mi cang liang zi	35
米仓千寻	mi cang qian xun	17
米克尔森	mi ke er sen	18
米勒德	mi le de	23
米卢蒂诺维奇	mi lu di nuo wei qi	1
米友仁	mi you ren	8
米尼兹	mi ni zi	3
米拉蒙特斯	mi la meng te si	1
米晓彬	mi xiao bin	2
米泽瑠美	mi ze liu mei	1
粟戎生	su rong sheng	2
精卫	jing wei	18
糜夫人	mi fu ren	4
素黑	su hei	14
索乌萨	suo wu sa	2
索贝尔	suo bei er	9
紫式部	zi shi bu	25
紫葵	zi kui	3
紫雨林	zi yu lin	3
红兰	hong lan	5
红叱拨	hong chi bo	3
红月	hong yue	9
红音	hong yin	9
红音萤	hong yin ying	2
约瑟夫斯大林	yue se fu si da lin	2
约翰松	yue han song	18
约翰沃克	yue han wo ke	2
约里奥	yue li ao	24
纪如璟	ji ru jing	1
纪容舒	ji rong shu	3
纪小龙	ji xiao long	6
纪弦	ji xian	10
纪政	ji zheng	19
纪敏佳	ji min jia	2
纪昀	ji yun	42
纪灵	ji ling	1
纪贞	ji zhen	1
纪远	ji yuan	2
纯情闪耀	chun qing shan yao	1
纱奈	sha nai	27
纳兰性德	na lan xing de	36
纳尔班迪安	na er ban di an	9
纳素夫	na su fu	2
纽兰兹	niu lan zi	10
细川忠兴	xi chuan zhong xing	5
细川智荣子	xi chuan zhi rong zi	2
细川藤孝	xi chuan teng xiao	6
织田裕二	zhi tian yu er	12
经元善	jing yuan shan	2
结城聪	jie cheng cong	2
绚香	xuan xiang	26
绝群	jue qun	3
绫波优	ling bo you	2
绫濑遥	ling lai yao	46
绫辻行人	ling shi xing ren	13
续桐溪	xu tong xi	2
续范亭	xu fan ting	13
维利莫维斯基	wei li mo wei si ji	2
维多利奥	wei duo li ao	5
维多利诺	wei duo li nuo	1
维尔塔宁	wei er ta ning	4
维格纳	wei ge na	34
绿川光	lv chuan guang	25
绿川英子	lv chuan ying zi	2
绿珠	lv zhu	13
缪丹	miao dan	3
缪勒	miao le	14
缪希雍	miao xi yong	3
缪昌期	miao chang qi	5
缪荃孙	miao quan sun	9
罗东进	luo dong jin	4
罗中旭	luo zhong xu	3
罗亦农	luo yi nong	30
罗亨信	luo heng xin	3
罗京	luo jing	9
罗会祥	luo hui xiang	3
罗伯斯	luo bo si	35
罗伯斯比尔	luo bo si bi er	11
罗佐夫	luo zuo fu	32
罗侨	luo qiao	2
罗允缵	luo yun zuan	2
罗兵	luo bing	15
罗典	luo dian	6
罗凤	luo feng	9
罗卓英	luo zhuo ying	29
罗历戎	luo li rong	1
罗又伦	luo you lun	3
罗君强	luo jun qiang	2
罗嘉良	luo jia liang	24
罗国纲	luo guo gang	2
罗坤山	luo kun shan	1
罗大春	luo da chun	5
罗学赞	luo xue zan	2
罗家英	luo jia ying	42
罗宾德拉纳特	luo bin de la na te	10
罗小卫	luo xiao wei	5
罗尔纲	luo er gang	10
罗布雷多	luo bu lei duo	26
罗常培	luo chang pei	14
罗广文	luo guang wen	12
罗建文	luo jian wen	2
罗惇曧	luo dun rong	1
罗惇衍	luo dun yan	1
罗振宇	luo zhen yu	12
罗振玉	luo zhen yu	31
罗文俊	luo wen jun	1
罗文嘉	luo wen jia	43
罗斯金	luo si jin	8
罗日杰斯特文斯基	luo ri jie si te wen si ji	45
罗晓莹	luo xiao ying	3
罗曼罗兰	luo man luo lan	4
罗永娟	luo yong juan	4
罗汝怀	luo ru huai	1
罗汝芳	luo ru fang	10
罗泽南	luo ze nan	1
罗洗河	luo xi he	4
罗洪先	luo hong xian	16
罗海琼	luo hai qiong	7
罗湘	luo xiang	3
罗炳辉	luo bing hui	21
罗点	luo dian	5
罗烈	luo lie	10
罗烜	luo xuan	3
罗玘	luo qi	3
罗琦	luo qi	26
罗璟	luo jing	2
罗盛教	luo sheng jiao	1
罗石冰	luo shi bing	8
罗礼贤	luo li xian	5
罗章龙	luo zhang long	34
罗纳尔迪尼奥	luo na er di ni ao	2
罗继祖	luo ji zu	4
罗聘	luo pin	4
罗肃	luo su	2
罗胤	luo yin	5
罗蛟	luo jiao	4
罗西北	luo xi bei	3
罗谦	luo qian	5
罗贤	luo xian	7
罗迪克	luo di ke	38
罗遵殿	luo zun dian	2
罗钦顺	luo qin shun	8
罗隐	luo yin	6
罗雪娟	luo xue juan	5
罗香林	luo xiang lin	14
罗马里奥	luo ma li ao	2
羊祜	yang hu	25
羌道	qiang dao	8
美内铃惠	mei nei ling hui	2
美川宪一	mei chuan xian yi	5
美稷	mei ji	4
美空云雀	mei kong yun que	23
美阳	mei yang	5
羽原大介	yu yuan da jie	3
羽根泰正	yu gen tai zheng	2
羽根直树	yu gen zhi shu	6
翁俊明	weng jun ming	5
翁同书	weng tong shu	1
翁子瑜	weng zi yu	2
翁心存	weng xin cun	5
翁方纲	weng fang gang	19
翁森	weng sen	6
翁泽生	weng ze sheng	4
翁照	weng zhao	10
翁红	weng hong	4
翁美玲	weng mei ling	8
翁良毓	weng liang yu	1
翁芝	weng zhi	3
翁萨格	weng sa ge	3
翁虹	weng hong	11
翟元	zhai yuan	4
翟勤	zhai qin	2
翟泉	zhai quan	3
翟灏	zhai hao	9
翟让	zhai rang	12
翠黄	cui huang	2
翦伯赞	jian bo zan	28
耶律大石	ye lv da shi	9
耶律延禧	ye lv yan xi	15
耶律德光	ye lv de guang	29
耶律楚材	ye lv chu cai	10
耶律洪基	ye lv hong ji	7
耶律贤	ye lv xian	31
耶律阮	ye lv ruan	21
耶律阿保机	ye lv a bao ji	35
耶律隆绪	ye lv long xu	3
耿志炜	geng zhi wei	2
耿昭忠	geng zhao zhong	1
耿武	geng wu	3
耿渊	geng yuan	2
耿飚	geng biao	30
聂元梓	nie yuan zi	36
聂凤智	nie feng zhi	13
聂华苓	nie hua ling	3
聂卫平	nie wei ping	21
聂士成	nie shi cheng	11
聂夷中	nie yi zhong	3
聂尔	nie er	19
聂政	nie zheng	5
聂豹	nie bao	5
聂远	nie yuan	27
聂铁文	nie tie wen	3
聂隐娘	nie yin niang	40
聂鲁达	nie lu da	36
肃顺	su shun	13
肖伯纳	xiao bo na	4
肖刚	xiao gang	4
肖利华	xiao li hua	5
肖劲	xiao jin	8
肖国栋	xiao guo dong	3
肖山令	xiao shan ling	2
肖峰	xiao feng	3
肖扬	xiao yang	16
肖晓琳	xiao xiao lin	1
肖洛霍夫	xiao luo huo fu	6
肖纪美	xiao ji mei	3
肖良志	xiao liang zhi	8
肖革联	xiao ge lian	3
肯佩斯	ken pei si	9
胜保	sheng bao	24
胜地凉	sheng di liang	8
胜海舟	sheng hai zhou	23
胡一刀	hu yi dao	8
胡一鹏	hu yi peng	2
胡万春	hu wan chun	8
胡世宁	hu shi ning	8
胡世昌	hu shi chang	2
胡世荣	hu shi rong	3
胡中玉	hu zhong yu	3
胡亥	hu hai	13
胡介祉	hu jie zhi	2
胡以晃	hu yi huang	5
胡伯翰	hu bo han	5
胡佳	hu jia	47
胡俊翔	hu jun xiang	2
胡俨	hu yan	1
胡元倓	hu yuan tan	1
胡先骕	hu xian su	10
胡兵	hu bing	36
胡冲	hu chong	4
胡凤丹	hu feng dan	4
胡凯莉	hu kai li	6
胡前	hu qian	3
胡助	hu zhu	2
胡华	hu hua	13
胡卫民	hu wei min	7
胡唐	hu tang	1
胡喆	hu zhe	9
胡嘉言	hu jia yan	3
胡因梦	hu yin meng	3
胡国栋	hu guo dong	2
胡坚	hu jian	9
胡大一	hu da yi	9
胡大文	hu da wen	3
胡奇	hu qi	40
胡奇才	hu qi cai	21
胡奋	hu fen	7
胡宗仁	hu zong ren	1
胡宗华	hu zong hua	3
胡宗成	hu zong cheng	2
胡家凤	hu jia feng	4
胡密	hu mi	3
胡小石	hu xiao shi	15
胡居仁	hu ju ren	2
胡峻	hu jun	3
胡希	hu xi	22
胡庆阳	hu qing yang	3
胡底	hu di	2
胡康民	hu kang min	2
胡廷	hu ting	30
胡志仁	hu zhi ren	4
胡愈之	hu yu zhi	23
胡才	hu cai	5
胡承诺	hu cheng nuo	2
胡敬	hu jing	23
胡斌	hu bin	11
胡方平	hu fang ping	2
胡旦	hu dan	4
胡春玲	hu chun ling	5
胡春生	hu chun sheng	8
胡晓光	hu xiao guang	1
胡智锋	hu zhi feng	7
胡有猷	hu you you	2
胡林翼	hu lin yi	8
胡根天	hu gen tian	4
胡桂	hu gui	6
胡梅	hu mei	6
胡正栋	hu zheng dong	2
胡正言	hu zheng yan	5
胡永年	hu yong nian	1
胡汝嘉	hu ru jia	1
胡泰	hu tai	3
胡泳	hu yong	6
胡泽红	hu ze hong	2
胡海泉	hu hai quan	38
胡渊	hu yuan	4
胡澍	hu shu	3
胡濙	hu ying	4
胡灵	hu ling	2
胡炳文	hu bing wen	4
胡烈	hu lie	9
胡然	hu ran	10
胡煦	hu xu	5
胡照	hu zhao	16
胡燕妮	hu yan ni	2
胡玉琦	hu yu qi	2
胡珏	hu jue	5
胡班	hu ban	12
胡琏	hu lian	33
胡琛	hu chen	4
胡瑗	hu yuan	2
胡璞	hu pu	2
胡百昌	hu bai chang	2
胡直	hu zhi	2
胡秋原	hu qiu yuan	16
胡紫薇	hu zi wei	2
胡缵宗	hu zuan zong	13
胡耀宇	hu yao yu	6
胡艳	hu yan	3
胡节	hu jie	1
胡荣华	hu rong hua	3
胡谊	hu yi	4
胡质	hu zhi	1
胡达源	hu da yuan	1
胡适之	hu shi zhi	2
胡遵	hu zun	5
胡鄂公	hu e gong	4
胡钧	hu jun	21
胡隽	hu jun	4
胡雪峰	hu xue feng	9
胡震	hu zhen	4
胡震亨	hu zhen heng	2
胡静	hu jing	19
胡鞍钢	hu an gang	3
胡颖	hu ying	21
胤禛	yin zhen	39
胥浦	xu pu	8
脂习	zhi xi	6
臧克家	zang ke jia	13
臧启芳	zang qi fang	3
臧天朔	zang tian shuo	12
臧霸	zang ba	36
臼井仪人	jiu jing yi ren	10
舒乙	shu yi	13
舒位	shu wei	1
舒健	shu jian	2
舒县	shu xian	7
舒天	shu tian	4
舒妃	shu fei	5
舒尔金	shu er jin	4
舒巧	shu qiao	1
舒庆春	shu qing chun	1
舒新城	shu xin cheng	4
舒浩	shu hao	3
舒绣文	shu xiu wen	8
舒芬	shu fen	10
舒荣	shu rong	10
舒高	shu gao	11
舜天齐	shun tian qi	2
舜帝	shun di	4
般阳	ban yang	3
船越英一郎	chuan yue ying yi lang	2
良妃	liang fei	6
良娣	liang di	33
艾利亚斯	ai li ya si	11
艾县	ai xian	2
艾吕雅	ai lv ya	9
艾小羊	ai xiao yang	7
艾思奇	ai si qi	34
艾敬	ai jing	7
艾昕	ai xin	5
艾柯	ai ke	19
艾梦萌	ai meng meng	1
艾芜	ai wu	5
艾薇塔	ai wei ta	12
艾青	ai qing	23
节文	jie wen	4
芒克	mang ke	13
芙蓉姐姐	fu rong jie jie	10
芮乃伟	rui nai wei	24
花信风	hua xin feng	2
花永	hua yong	4
芳仪	fang yi	20
芹洋子	qin yang zi	2
苍井优	cang jing you	41
苍梧郡	cang wu jun	17
苏兆征	su zhao zheng	20
苏六朋	su liu peng	2
苏叔阳	su shu yang	3
苏和	su he	8
苏培科	su pei ke	7
苏士澍	su shi shu	6
苏宣	su xuan	2
苏廷玉	su ting yu	8
苏志威	su zhi wei	6
苏新	su xin	8
苏昊	su hao	2
苏昕	su xin	1
苏曼殊	su man shu	12
苏杰	su jie	37
苏步青	su bu qing	21
苏武	su wu	41
苏殷	su yin	3
苏洵	su xun	10
苏浚	su jun	7
苏炳文	su bing wen	4
苏焕智	su huan zhi	39
苏瑾	su jin	4
苏祥	su xiang	2
苏秦	su qin	39
苏章	su zhang	7
苏答应	su da ying	1
苏翊杰	su yi jie	1
苏胜	su sheng	4
苏舜钦	su shun qin	2
苏芳	su fang	27
苏莱曼大帝	su lai man da di	19
苏越	su yue	40
苏辙	su zhe	20
苏过	su guo	5
苏钲	su zheng	2
苏雪林	su xue lin	16
苏震	su zhen	42
苏飞	su fei	30
苑田勇一	yuan tian yong yi	2
苗人凤	miao ren feng	1
苗利明	miao li ming	3
苗朝阳	miao chao yang	3
苗永鹏	miao yong peng	3
苗泽	miao ze	12
苗炜	miao wei	1
苗立杰	miao li jie	1
若槻千夏	ruo gui qian xia	1
英布	ying bu	15
英廉	ying lian	17
英若诚	ying ruo cheng	9
苻丕	fu pi	14
苻健	fu jian	23
苻洪	fu hong	9
苻生	fu sheng	32
范之杰	fan zhi jie	1
范任	fan ren	15
范伟	fan wei	39
范健	fan jian	7
范光阳	fan guang yang	3
范启	fan qi	3
范咸	fan xian	1
范增	fan zeng	13
范寿康	fan shou kang	8
范小冲	fan xiao chong	7
范少卿	fan shao qing	2
范常	fan chang	3
范徐丽泰	fan xu li tai	20
范德华	fan de hua	24
范志毅	fan zhi yi	6
范成	fan cheng	5
范成大	fan cheng da	18
范承谟	fan cheng mo	4
范振绪	fan zhen xu	2
范摅	fan shu	1
范文成	fan wen cheng	3
范文澜	fan wen lan	33
范文程	fan wen cheng	7
范文芳	fan wen fang	19
范文英	fan wen ying	3
范昶	fan chang	2
范景文	fan jing wen	8
范曾	fan zeng	8
范松	fan song	2
范永祺	fan yong qi	2
范洪	fan hong	3
范涞	fan lai	1
范滂	fan pang	13
范炳	fan bing	6
范猛	fan meng	4
范理	fan li	3
范瑞芳	fan rui fang	3
范疆	fan jiang	2
范紫东	fan zi dong	1
范绍增	fan shao zeng	28
范缜	fan zhen	13
范萍	fan ping	1
范蠡	fan li	29
范质	fan zhi	3
范逸臣	fan yi chen	16
范钦	fan qin	3
范锋	fan feng	5
范锴	fan kai	2
范长江	fan chang jiang	17
范鸿达	fan hong da	4
茅于轼	mao yu shi	7
茅以升	mao yi sheng	37
茅元仪	mao yuan yi	3
茅坤	mao kun	5
茅阳	mao yang	1
茨威格	ci wei ge	20
茶圣	cha sheng	4
荀况	xun kuang	2
荀勖	xun xu	20
荀卿	xun qing	4
荀子	xun zi	40
荀彧	xun yu	45
荀恽	xun yun	6
荀攸	xun you	19
荀正	xun zheng	2
荀爽	xun shuang	3
荆歌	jing ge	5
荆浩	jing hao	3
草剪刚	cao jian gang	3
荒川弘	huang chuan hong	5
荒木由美子	huang mu you mei zi	2
荣仓奈奈	rong cang nai nai	14
荣智健	rong zhi jian	2
荣松	rong song	13
荣柱	rong zhu	3
荣毅仁	rong yi ren	24
荣霖	rong lin	2
药圣	yao sheng	2
荷尔德林	he er de lin	3
荻野真	di ye zhen	3
莉香	li xiang	49
莎乐美	sha le mei	31
莎拉波娃	sha la bo wa	41
莫万丹	mo wan dan	4
莫乃倩	mo nai qian	2
莫合买提	mo he mai ti	1
莫塞莱	mo sai lai	16
莫应丰	mo ying feng	5
莫德尔	mo de er	15
莫德惠	mo de hui	16
莫德格玛	mo de ge ma	2
莫敖	mo ao	5
莫洛亚	mo luo ya	3
莫罕达斯	mo han da si	3
莫罗阿	mo luo a	2
莱博维茨	lai bo wei ci	3
莱昂尼达斯	lai ang ni da si	4
莱纳特	lai na te	8
莱茵克尔	lai yin ke er	4
莲佛美沙子	lian fo mei sha zi	6
莲舫	lian fang	19
菅田俊	jian tian jun	1
菅野洋子	jian ye yang zi	17
菅野美穗	jian ye mei sui	23
菊地凛子	ju di lin zi	9
菊川怜	ju chuan lian	3
菊池宽	ju chi kuan	19
菊池智子	ju chi zhi zi	2
菲尔莫尔	fei er mo er	33
菲戈	fei ge	28
菲洛尔	fei luo er	2
营道	ying dao	12
萧三	xiao san	19
萧乾	xiao qian	13
萧云从	xiao yun cong	4
萧何	xiao he	48
萧公权	xiao gong quan	3
萧军	xiao jun	42
萧劲光	xiao jin guang	40
萧博仁	xiao bo ren	6
萧友梅	xiao you mei	8
萧培元	xiao pei yuan	2
萧太后	xiao tai hou	37
萧宝融	xiao bao rong	23
萧岿	xiao kui	26
萧峰	xiao feng	7
萧庄	xiao zhuang	12
萧德藻	xiao de zao	2
萧方智	xiao fang zhi	20
萧昭文	xiao zhao wen	18
萧晨	xiao chen	4
萧朝贵	xiao chao gui	5
萧栋	xiao dong	11
萧楚女	xiao chu nv	9
萧毅肃	xiao yi su	5
萧淑慎	xiao shu shen	7
萧灼基	xiao zhuo ji	12
萧燕	xiao yan	6
萧琮	xiao cong	17
萧秋水	xiao qiu shui	11
萧统	xiao tong	22
萧耀南	xiao yao nan	12
萧良有	xiao liang you	3
萧蔷	xiao qiang	10
萧观音	xiao guan yin	14
萧道管	xiao dao guan	2
萧长华	xiao chang hua	1
萧鼎	xiao ding	15
萧龙友	xiao long you	1
萨义德	sa yi de	29
萨孟武	sa meng wu	9
萨文	sa wen	36
萨本栋	sa ben dong	5
萨罗斯	sa luo si	9
萨芬	sa fen	46
萨达特	sa da te	34
萨顶顶	sa ding ding	37
葛存壮	ge cun zhuang	3
葛昕	ge xin	6
葛洪	ge hong	45
葛红兵	ge hong bing	6
葛维蒲	ge wei pu	2
葛越	ge yue	3
葛雍	ge yong	4
葛震	ge zhen	4
葛饰北斋	ge shi bei zhai	28
董仲书	dong zhong shu	3
董仲舒	dong zhong shu	43
董份	dong fen	5
董作宾	dong zuo bin	12
董其昌	dong qi chang	39
董勇	dong yong	8
董厥	dong jue	2
董含	dong han	1
董和	dong he	6
董国兴	dong guo xing	4
董国政	dong guo zheng	3
董大	dong da	31
董太后	dong tai hou	3
董存瑞	dong cun rui	37
董学群	dong xue qun	3
董宗祈	dong zong qi	2
董宜阳	dong yi yang	3
董平	dong ping	9
董彦	dong yan	20
董恂	dong xun	2
董振堂	dong zhen tang	11
董文华	dong wen hua	2
董旭彬	dong xu bin	3
董旻	dong min	2
董易林	dong yi lin	4
董昭	dong zhao	9
董显光	dong xian guang	6
董朗	dong lang	1
董朝	dong chao	5
董榕	dong rong	13
董沛	dong pei	2
董波	dong bo	2
董海超	dong hai chao	4
董源	dong yuan	10
董炳	dong bing	5
董煜	dong yu	2
董燧	dong sui	2
董璇	dong xuan	37
董白	dong bai	8
董石才	dong shi cai	3
董祀	dong si	6
董福祥	dong fu xiang	26
董维	dong wei	12
董藩	dong fan	10
董行佶	dong xing ji	4
董衡	dong heng	7
董讷	dong ne	1
董超	dong chao	10
董路	dong lu	9
董辰生	dong chen sheng	4
董邦达	dong bang da	2
董鄂氏	dong e shi	28
董重	dong zhong	8
葭萌	jia meng	19
葵实野理	kui shi ye li	2
蒋一葵	jiang yi kui	1
蒋举	jiang ju	6
蒋仁	jiang ren	4
蒋仪	jiang yi	1
蒋伊	jiang yi	3
蒋信	jiang xin	4
蒋元益	jiang yuan yi	2
蒋先云	jiang xian yun	8
蒋光煦	jiang guang xu	2
蒋全胜	jiang quan sheng	6
蒋勤勤	jiang qin qin	32
蒋南翔	jiang nan xiang	22
蒋博	jiang bo	1
蒋和	jiang he	7
蒋国榜	jiang guo bang	2
蒋坦	jiang tan	3
蒋堂	jiang tang	2
蒋士铨	jiang shi quan	1
蒋奇	jiang qi	4
蒋子龙	jiang zi long	15
蒋宝龄	jiang bao ling	2
蒋峰	jiang feng	8
蒋嵩	jiang song	2
蒋川	jiang chuan	12
蒋希曾	jiang xi zeng	3
蒋干	jiang gan	29
蒋延	jiang yan	5
蒋廷黻	jiang ting fu	23
蒋彪	jiang biao	4
蒋恺	jiang kai	2
蒋惠	jiang hui	7
蒋攸铦	jiang you xian	5
蒋敬	jiang jing	1
蒋文平	jiang wen ping	6
蒋斌	jiang bin	8
蒋方舟	jiang fang zhou	12
蒋显	jiang xian	20
蒋月泉	jiang yue quan	3
蒋毓英	jiang yu ying	10
蒋汝藻	jiang ru zao	1
蒋泽中	jiang ze zhong	4
蒋济	jiang ji	19
蒋深	jiang shen	1
蒋溥	jiang pu	2
蒋炳	jiang bing	3
蒋煜	jiang yu	1
蒋理	jiang li	1
蒋琬	jiang wan	14
蒋维乔	jiang wei qiao	5
蒋翊武	jiang yi wu	10
蒋能	jiang neng	16
蒋舒	jiang shu	11
蒋芸	jiang yun	16
蒋衡	jiang heng	2
蒋贵	jiang gui	5
蒋进	jiang jin	2
蒋钦	jiang qin	12
蒋锄欧	jiang chu ou	1
蒋骥	jiang ji	3
蒙恬	meng tian	30
蒙文通	meng wen tong	4
蒙田	meng tian	41
蒙藏院	meng zang yuan	20
蒯大富	kuai da fu	16
蒯祥	kuai xiang	2
蒯越	kuai yue	8
蒲子	pu zi	14
蒲松龄	pu song ling	42
蒲洋	pu yang	2
蓝东	lan dong	3
蓝廷珍	lan ting zhen	8
蓝心湄	lan xin mei	29
蓝正龙	lan zheng long	38
蓝沁	lan qin	3
蓝洁瑛	lan jie ying	19
蓝涛	lan tao	5
蓝瑛	lan ying	1
蓝祖蔚	lan zu wei	5
蓝马	lan ma	7
蓝鼎元	lan ding yuan	9
蔡世远	cai shi yuan	1
蔡中	cai zhong	7
蔡为民	cai wei min	8
蔡亚林	cai ya lin	1
蔡仲	cai zhong	14
蔡会文	cai hui wen	1
蔡伦	cai lun	23
蔡公时	cai gong shi	31
蔡博	cai bo	16
蔡发	cai fa	3
蔡叔度	cai shu du	1
蔡含	cai han	2
蔡和	cai he	8
蔡哀侯	cai ai hou	5
蔡哲夫	cai zhe fu	3
蔡嘉	cai jia	34
蔡国权	cai guo quan	7
蔡国珍	cai guo zhen	1
蔡妍	cai yan	6
蔡婧	cai jing	5
蔡子华	cai zi hua	4
蔡孟君	cai meng jun	1
蔡宇翔	cai yu xiang	5
蔡少芬	cai shao fen	49
蔡廷兰	cai ting lan	6
蔡建中	cai jian zhong	2
蔡建忠	cai jian zhong	5
蔡志忠	cai zhi zhong	3
蔡忠诚	cai zhong cheng	2
蔡惠如	cai hui ru	4
蔡文胜	cai wen sheng	1
蔡新	cai xin	6
蔡昉	cai fang	10
蔡智堪	cai zhi kan	4
蔡林蒸	cai lin zheng	2
蔡根	cai gen	19
蔡格	cai ge	3
蔡欢	cai huan	4
蔡泽	cai ze	32
蔡海山	cai hai shan	2
蔡渊	cai yuan	3
蔡潮	cai chao	5
蔡澜	cai lan	23
蔡灿得	cai can de	6
蔡照明	cai zhao ming	5
蔡琰	cai yan	8
蔡琴	cai qin	47
蔡琼	cai qiong	4
蔡瑁	cai mao	5
蔡畅	cai chang	35
蔡福如	cai fu ru	4
蔡绦	cai tao	4
蔡羽	cai yu	1
蔡襄	cai xiang	16
蔡远	cai yuan	2
蔡道宪	cai dao xian	2
蔡邕	cai yong	49
蔡长沄	cai chang yun	3
蔡阳	cai yang	12
蔡鸿岩	cai hong yan	5
蔺玉红	lin yu hong	5
蔺瑶	lin yao	3
蔺相如	lin xiang ru	31
蕃学	fan xue	10
薛丁山	xue ding shan	16
薛乔	xue qiao	2
薛仁贵	xue ren gui	40
薛佳凝	xue jia ning	9
薛侃	xue kan	3
薛兆英	xue zhao ying	3
薛兰	xue lan	2
薛凤祚	xue feng zuo	1
薛则	xue ze	3
薛刚	xue gang	9
薛夫彬	xue fu bin	4
薛季宣	xue ji xuan	3
薛宝钗	xue bao chai	14
薛居正	xue ju zheng	3
薛承基	xue cheng ji	2
薛文强	xue wen qiang	5
薛时雨	xue shi yu	3
薛澍	xue shu	3
薛焕	xue huan	5
薛玉洋	xue yu yang	7
薛瑄	xue xuan	3
薛礼	xue li	4
薛福成	xue fu cheng	23
薛绍彭	xue shao peng	3
薛绍徽	xue shao hui	2
薛莹	xue ying	3
薛蕙	xue hui	1
薛论道	xue lun dao	2
薛雪	xue xue	2
藤井树	teng jing shu	3
藤井莉娜	teng jing li na	16
藤北彩香	teng bei cai xiang	4
藤原纪香	teng yuan ji xiang	5
藤原龙也	teng yuan long ye	15
藤堂高虎	teng tang gao hu	13
藤川优里	teng chuan you li	6
藤木直人	teng mu zhi ren	19
藤本美贵	teng ben mei gui	7
藤泽周平	teng ze zhou ping	9
藤泽秀行	teng ze xiu xing	1
藤田咲	teng tian xiao	14
藤田惠美	teng tian hui mei	5
藤田真	teng tian zhen	6
藤谷太辅	teng gu tai fu	19
虎臣	hu chen	35
虚竹	xu zhu	30
虚谷	xu gu	7
虞世南	yu shi nan	24
虞人	yu ren	14
虞允文	yu yun wen	9
虞堪	yu kan	2
虞松	yu song	26
虞梅	yu mei	1
虞泳	yu yong	2
虞洋	yu yang	5
虞洽卿	yu qia qing	9
虞翻	yu fan	6
虞舜	yu shun	14
虞集	yu ji	15
虹影	hong ying	9
蛯原友里	lao yuan you li	3
蜜雪薇琪	mi xue wei qi	1
蜷川实花	quan chuan shi hua	20
蜷川幸雄	quan chuan xing xiong	14
行一	xing yi	11
衣笠贞之助	yi li zhen zhi zhu	9
袁一泓	yuan yi hong	3
袁世海	yuan shi hai	6
袁中道	yuan zhong dao	3
袁也烈	yuan ye lie	5
袁伟民	yuan wei min	8
袁佑	yuan you	2
袁兆庄	yuan zhao zhuang	3
袁克定	yuan ke ding	5
袁克文	yuan ke wen	3
袁嘉谷	yuan jia gu	9
袁婷	yuan ting	1
袁媛	yuan yuan	5
袁守侗	yuan shou dong	3
袁宏道	yuan hong dao	4
袁宗道	yuan zong dao	1
袁家骝	yuan jia liu	3
袁岳	yuan yue	5
袁峻	yuan jun	3
袁希涛	yuan xi tao	6
袁廷梼	yuan ting tao	1
袁征	yuan zheng	9
袁惟仁	yuan wei ren	21
袁承志	yuan cheng zhi	11
袁文康	yuan wen kang	31
袁昶	yuan chang	9
袁晓园	yuan xiao yuan	3
袁枢	yuan shu	26
袁树	yuan shu	3
袁树勋	yuan shu xun	10
袁桐	yuan tong	4
袁桷	yuan jue	3
袁梦	yuan meng	13
袁水拍	yuan shui pai	1
袁泓	yuan hong	4
袁熙	yuan xi	28
袁燮	yuan xie	1
袁牧之	yuan mu zhi	5
袁瑛	yuan ying	1
袁瑞良	yuan rui liang	3
袁甫	yuan fu	3
袁登道	yuan deng dao	2
袁端	yuan duan	2
袁紫衣	yuan zi yi	2
袁耀	yuan yao	7
袁胤	yuan yin	3
袁茂峰	yuan mao feng	2
袁褧	yuan jiong	2
袁谭	yuan tan	47
袁达	yuan da	10
袁野	yuan ye	13
袁金铠	yuan jin kai	14
袁隆平	yuan long ping	39
袁隗	yuan wei	3
袁雨来	yuan yu lai	3
袁雪芬	yuan xue fen	2
袁鸣	yuan ming	3
袁鹰	yuan ying	1
袁黄	yuan huang	4
裕禄	yu lu	17
裕谦	yu qian	29
裴元庆	pei yuan qing	2
裴多菲	pei duo fei	25
裴应章	pei ying zhang	2
裴怀亮	pei huai liang	1
裴文中	pei wen zhong	3
裴斗娜	pei dou na	22
裴斯泰洛齐	pei si tai luo qi	8
裴昌会	pei chang hui	23
裴景福	pei jing fu	3
裴松之	pei song zhi	44
裴琳	pei lin	14
裴秀	pei xiu	19
裴绪	pei xu	1
裴行俭	pei xing jian	35
裴远颖	pei yuan ying	1
裴钰	pei yu	9
褒姒	bao si	7
褚人获	chu ren huo	2
褚师	chu shi	5
褚德彝	chu de yi	1
褚民谊	chu min yi	21
褚爽	chu shuang	4
褚遂良	chu sui liang	22
襄邑	xiang yi	49
西乡隆盛	xi xiang long sheng	31
西博格	xi bo ge	15
西域马	xi yu ma	3
西尾由佳理	xi wei you jia li	1
西岛秀俊	xi dao xiu jun	30
西崎崇子	xi qi chong zi	4
西川贵教	xi chuan gui jiao	22
西楚霸王	xi chu ba wang	6
西楚霸王项羽	xi chu ba wang xiang yu	8
西田敏行	xi tian min xing	28
西蒙玻利瓦尔	xi meng bo li wa er	5
西贝斯	xi bei si	3
西辽	xi liao	36
西鄂	xi e	32
西野翔	xi ye xiang	10
要润	yao run	7
覃异之	qin yi zhi	10
覃彪喜	qin biao xi	2
观月亚里莎	guan yue ya li sha	12
观月雏乃	guan yue chu nai	5
观津	guan jin	15
觉堂	jue tang	3
解固基	jie gu ji	3
解小东	xie xiao dong	5
言慧珠	yan hui zhu	2
言穆江	yan mu jiang	2
言菊朋	yan ju peng	2
詹景凤	zhan jing feng	3
詹瑞文	zhan rui wen	8
计楠	ji nan	3
议功	yi gong	1
议宾	yi bin	1
许丙	xu bing	11
许乃普	xu nai pu	11
许乃钊	xu nai zhao	3
许之衡	xu zhi heng	1
许云峰	xu yun feng	1
许仲琳	xu zhong lin	2
许允	xu yun	42
许元溥	xu yuan pu	2
许光达	xu guang da	34
许克祥	xu ke xiang	25
许初	xu chu	3
许劭	xu shao	4
许华	xu hua	7
许南英	xu nan ying	4
许县	xu xian	6
许友	xu you	10
许善达	xu shan da	2
许国璋	xu guo zhang	1
许地山	xu di shan	10
许均	xu jun	3
许增	xu zeng	7
许孚远	xu fu yuan	2
许安安	xu an an	3
许寿裳	xu shou chang	8
许尚	xu shang	7
许崇清	xu chong qing	30
许川	xu chuan	2
许广平	xu guang ping	24
许建阳	xu jian yang	5
许德珩	xu de heng	27
许惠	xu hui	13
许慈	xu ci	2
许慎	xu shen	21
许慧欣	xu hui xin	23
许戈辉	xu ge hui	7
许承宣	xu cheng xuan	3
许承尧	xu cheng yao	3
许攸	xu you	1
许文学	xu wen xue	4
许昭	xu zhao	26
许昱华	xu yu hua	6
许晓静	xu xiao jing	6
许朝	xu chao	15
许桂林	xu gui lin	1
许梿	xu lian	3
许永	xu yong	43
许汜	xu si	1
许波	xu bo	6
许海峰	xu hai feng	10
许瀚	xu han	8
许珍	xu zhen	6
许珏	xu jue	1
许琛	xu chen	3
许由	xu you	6
许知远	xu zhi yuan	15
许纯美	xu chun mei	4
许绍洋	xu shao yang	6
许继慎	xu ji shen	2
许缵曾	xu zuan zeng	3
许肇南	xu zhao nan	3
许自昌	xu zi chang	2
许芝	xu zhi	7
许芳	xu fang	5
许茹芸	xu ru yun	39
许虹	xu hong	6
许衡	xu heng	8
许褚	xu chu	42
许观	xu guan	4
许贡	xu gong	3
许达然	xu da ran	2
许还幻	xu huan huan	1
许遇	xu yu	2
许银川	xu yin chuan	5
许飞	xu fei	21
证停	zheng ting	6
诸宸	zhu chen	1
诸樊	zhu fan	3
诸葛均	zhu ge jun	3
诸葛孔明	zhu ge kong ming	29
诸葛尚	zhu ge shang	1
诸葛玄	zhu ge xuan	6
诸葛瑾	zhu ge jin	16
诸葛瞻	zhu ge zhan	4
诸葛绪	zhu ge xu	9
诸葛诞	zhu ge dan	27
诸葛靓	zhu ge jing	5
诸闻韵	zhu wen yun	8
诺盛	nuo sheng	4
读鞫	du ju	2
调露	tiao lu	18
谈歌	tan ge	3
谈迁	tan qian	6
谋圣	mou sheng	1
谌容	chen rong	1
谌湛溪	chen zhan xi	1
谏院	jian yuan	37
谢业枧	xie ye jian	4
谢东娜	xie dong na	6
谢亚芳	xie ya fang	1
谢六逸	xie liu yi	8
谢兰生	xie lan sheng	1
谢军	xie jun	7
谢冠生	xie guan sheng	13
谢卓森	xie zhuo sen	2
谢向荣	xie xiang rong	4
谢君豪	xie jun hao	21
谢和弦	xie he xian	45
谢园	xie yuan	12
谢国文	xie guo wen	5
谢国桢	xie guo zhen	6
谢堂	xie tang	12
谢娟	xie juan	9
谢子长	xie zi chang	19
谢寿康	xie shou kang	2
谢小双	xie xiao shuang	6
谢岿	xie kui	5
谢希德	xie xi de	13
谢平	xie ping	3
谢庄	xie zhuang	12
谢应芳	xie ying fang	3
谢思明	xie si ming	1
谢振华	xie zhen hua	18
谢振定	xie zhen ding	5
谢旌	xie jing	2
谢时臣	xie shi chen	4
谢晋	xie jin	25
谢晋元	xie jin yuan	36
谢晓亮	xie xiao liang	7
谢有顺	xie you shun	2
谢枋得	xie fang de	4
谢榛	xie zhen	4
谢欣颖	xie xin ying	22
谢武	xie wu	28
谢洪赉	xie hong lai	2
谢济世	xie ji shi	3
谢添	xie tian	9
谢玄	xie xuan	28
谢玉琼	xie yu qiong	3
谢石	xie shi	16
谢石钦	xie shi qin	3
谢硕文	xie shuo wen	4
谢缙	xie jin	3
谢翱	xie ao	3
谢良	xie liang	16
谢芳	xie fang	10
谢观	xie guan	3
谢觉哉	xie jue zai	48
谢贯一	xie guan yi	7
谢迁	xie qian	4
谢远定	xie yuan ding	2
谢鑫	xie xin	9
谢铁骊	xie tie li	8
谢雄	xie xiong	3
谢雨欣	xie yu xin	5
谢靖	xie jing	11
谢颖颖	xie ying ying	8
谢飞	xie fei	29
谦妃	qian fei	2
谭一平	tan yi ping	3
谭中军	tan zhong jun	4
谭人凤	tan ren feng	12
谭元春	tan yuan chun	2
谭其骧	tan qi xiang	36
谭勇	tan yong	3
谭善	tan shan	3
谭嗣同	tan si tong	47
谭处端	tan chu duan	1
谭泽闿	tan ze kai	3
谭炎午	tan yan wu	2
谭献	tan xian	4
谭盾	tan dun	11
谭莹	tan ying	4
谭迁	tan qian	4
谭邦林	tan bang lin	3
谭鑫培	tan xin pei	20
谭雄	tan xiong	5
谭颖	tan ying	5
谭飞	tan fei	1
谯周	qiao zhou	4
谯纵	qiao zong	17
谷利	gu li	2
谷原章介	gu yuan zhang jie	12
谷口治郎	gu kou zhi lang	1
谷景生	gu jing sheng	12
谷村新司	gu cun xin si	7
谷村美月	gu cun mei yue	11
谷正伦	gu zheng lun	43
谷正文	gu zheng wen	11
谷清	gu qing	22
豫章王萧栋	yu zhang wang xiao dong	1
貂禅	diao chan	1
贝克汉姆	bei ke han mu	39
贝卢斯科尼	bei lu si ke ni	47
贝尔戈米	bei er ge mi	4
贝弗里奇	bei fu li qi	37
贝肯鲍尔	bei ken bao er	39
贝贝托	bei bei tuo	6
贝阿尔佐特	bei a er zuo te	4
贝隆	bei long	37
贝青乔	bei qing qiao	2
贞妃	zhen fei	20
贡云峰	gong yun feng	2
贫穷贵公子	pin qiong gui gong zi	8
贯云石	guan yun shi	2
贯地谷诗穗梨	guan di gu shi sui li	3
贵姬	gui ji	2
贵由	gui you	3
费丹旭	fei dan xu	1
费伯雄	fei bo xiong	3
费俊	fei jun	2
费公直	fei gong zhi	3
费夫尔	fei fu er	5
费孝通	fei xiao tong	41
费宏	fei hong	6
费希特	fei xi te	29
费恩曼	fei en man	1
费祎	fei yi	17
费穆	fei mu	8
费翔	fei xiang	23
费观	fei guan	1
费誓	fei shi	3
费雷罗	fei lei luo	29
贺军翔	he jun xiang	25
贺卫方	he wei fang	13
贺均	he jun	1
贺子珍	he zi zhen	17
贺宽	he kuan	2
贺拉斯	he la si	35
贺敬之	he jing zhi	9
贺晋年	he jin nian	10
贺熙龄	he xi ling	1
贺知章	he zhi zhang	24
贺绿汀	he lv ting	23
贺若弼	he ruo bi	18
贺衷寒	he zhong han	10
贺金声	he jin sheng	2
贺钦	he qin	1
贺钧	he jun	1
贺铸	he zhu	2
贺长龄	he chang ling	2
贺齐	he qi	13
贾一平	jia yi ping	6
贾三近	jia san jin	11
贾丹	jia dan	8
贾似道	jia si dao	38
贾作光	jia zuo guang	2
贾华	jia hua	19
贾卧龙	jia wo long	6
贾可	jia ke	17
贾培之	jia pei zhi	2
贾妮	jia ni	9
贾妮妮	jia ni ni	3
贾宪	jia xian	1
贾岛	jia dao	29
贾思勰	jia si xie	2
贾昊	jia hao	6
贾景德	jia jing de	13
贾植芳	jia zhi fang	7
贾正	jia zheng	8
贾汉复	jia han fu	2
贾洪林	jia hong lin	3
贾知若	jia zhi ruo	7
贾诩	jia xu	30
贾谊	jia yi	26
贾逵	jia kui	34
贾铭	jia ming	5
贾鲁	jia lu	9
贾鹏雷	jia peng lei	5
赖传湘	lai chuan xiang	4
赖佳微	lai jia wei	2
赖先	lai xian	3
赖名汤	lai ming tang	7
赖恭	lai gong	11
赖文光	lai wen guang	1
赖际熙	lai ji xi	7
赖雅妍	lai ya yan	14
赛金花	sai jin hua	16
赢驷	ying si	2
赤名莉香	chi ming li xiang	2
赤松健	chi song jian	9
赤西仁	chi xi ren	10
赫奕	he yi	10
赫尔岑	he er cen	23
赫尔巴特	he er ba te	6
赫拉克利特	he la ke li te	12
赫施巴赫	he shi ba he	2
赫连勃勃	he lian bo bo	32
赫连定	he lian ding	20
赫连昌	he lian chang	23
赫里斯托	he li si tuo	17
赭白	zhe bai	3
赵一曼	zhao yi man	8
赵一荻	zhao yi di	6
赵万里	zhao wan li	21
赵世炎	zhao shi yan	48
赵丙	zhao bing	4
赵丰邦	zhao feng bang	3
赵丹	zhao dan	39
赵丽宏	zhao li hong	4
赵乃抟	zhao nai tuan	4
赵之琛	zhao zhi chen	4
赵之谦	zhao zhi qian	5
赵九章	zhao jiu zhang	7
赵亮	zhao liang	31
赵令畴	zhao ling chou	3
赵以文	zhao yi wen	3
赵以炯	zhao yi jiong	2
赵伟	zhao wei	25
赵传	zhao chuan	41
赵佑	zhao you	2
赵佶	zhao ji	36
赵信	zhao xin	11
赵倩	zhao qian	10
赵元任	zhao yuan ren	29
赵充国	zhao chong guo	17
赵光喜	zhao guang xi	3
赵冠芳	zhao guan fang	5
赵凤仪	zhao feng yi	1
赵凤翔	zhao feng xiang	3
赵剑	zhao jian	17
赵勇刚	zhao yong gang	6
赵匡义	zhao kuang yi	5
赵半山	zhao ban shan	4
赵半狄	zhao ban di	7
赵南哲	zhao nan zhe	3
赵原	zhao yuan	3
赵又新	zhao you xin	7
赵吉士	zhao ji shi	3
赵启霖	zhao qi lin	3
赵咨	zhao zi	18
赵善津	zhao shan jin	7
赵国荣	zhao guo rong	1
赵基	zhao ji	36
赵士祯	zhao shi zhen	2
赵士麟	zhao shi lin	2
赵声	zhao sheng	26
赵备	zhao bei	2
赵大晋	zhao da jin	2
赵大贤	zhao da xian	1
赵天卫	zhao tian wei	3
赵奕	zhao yi	43
赵奢	zhao she	6
赵姝	zhao shu	4
赵婷婷	zhao ting ting	7
赵媛媛	zhao yuan yuan	9
赵孝成王	zhao xiao cheng wang	7
赵安平	zhao an ping	1
赵完璧	zhao wan bi	9
赵宏	zhao hong	27
赵宝刚	zhao bao gang	13
赵家骧	zhao jia xiang	4
赵宽	zhao kuan	5
赵小兰	zhao xiao lan	6
赵尚志	zhao shang zhi	37
赵岐	zhao qi	20
赵岑	zhao cen	4
赵师秀	zhao shi xiu	3
赵干	zhao gan	9
赵广	zhao guang	14
赵庆阁	zhao qing ge	3
赵廞	zhao xin	2
赵弘	zhao hong	41
赵弼	zhao bi	3
赵忠	zhao zhong	35
赵忠尧	zhao zhong yao	11
赵忠祥	zhao zhong xiang	23
赵怀业	zhao huai ye	4
赵怀玉	zhao huai yu	8
赵思敬	zhao si jing	2
赵恒	zhao heng	40
赵悼襄王	zhao dao xiang wang	10
赵惇	zhao dun	9
赵惠文王	zhao hui wen wang	12
赵懿	zhao yi	2
赵成穆	zhao cheng mu	2
赵戴文	zhao dai wen	19
赵执信	zhao zhi xin	5
赵扩	zhao kuo	7
赵承佑	zhao cheng you	3
赵括	zhao kuo	15
赵敬	zhao jing	25
赵文卓	zhao wen zhuo	36
赵文哲	zhao wen zhe	3
赵新宇	zhao xin yu	7
赵时春	zhao shi chun	3
赵昀	zhao yun	9
赵昂	zhao ang	1
赵昉	zhao fang	5
赵明诚	zhao ming cheng	11
赵明阳	zhao ming yang	6
赵昚	zhao shen	2
赵昭	zhao zhao	7
赵昰	zhao shi	8
赵昱	zhao yu	8
赵昺	zhao bing	13
赵显	zhao xian	22
赵显宏	zhao xian hong	2
赵晓明	zhao xiao ming	5
赵晖	zhao hui	18
赵普	zhao pu	32
赵景深	zhao jing shen	9
赵智凤	zhao zhi feng	1
赵曙	zhao shu	11
赵曾	zhao zeng	23
赵月	zhao yue	7
赵本山	zhao ben shan	21
赵树理	zhao shu li	10
赵桐珊	zhao tong shan	2
赵桓	zhao huan	23
赵梦朱	zhao meng zhu	3
赵武灵王	zhao wu ling wang	39
赵汉	zhao han	31
赵汉乘	zhao han cheng	9
赵汝适	zhao ru kuo	5
赵沨	zhao feng	3
赵治勋	zhao zhi xun	6
赵泰来	zhao tai lai	6
赵济羹	zhao ji geng	2
赵浚	zhao jun	16
赵浩	zhao hao	9
赵浩生	zhao hao sheng	1
赵海川	zhao hai chuan	3
赵渭滨	zhao wei bin	2
赵灿	zhao can	4
赵炳麟	zhao bing lin	10
赵烈文	zhao lie wen	14
赵煦	zhao xu	4
赵牧	zhao mu	1
赵玉芬	zhao yu fen	2
赵琛	zhao chen	27
赵琳	zhao lin	10
赵璧	zhao bi	34
赵畇	zhao yun	2
赵登禹	zhao deng yu	36
赵祯	zhao zhen	10
赵禥	zhao qi	5
赵秉冲	zhao bing chong	2
赵秉忠	zhao bing zhong	5
赵秉钧	zhao bing jun	7
赵立凡	zhao li fan	6
赵素	zhao su	26
赵统	zhao tong	1
赵维德	zhao wei de	2
赵翼	zhao yi	30
赵舒翘	zhao shu qiao	3
赵良璋	zhao liang zhang	2
赵艳	zhao yan	10
赵苍璧	zhao cang bi	8
赵范	zhao fan	4
赵莲	zhao lian	3
赵萌	zhao meng	3
赵藩	zhao fan	4
赵虹	zhao hong	5
赵融	zhao rong	2
赵观涛	zhao guan tao	11
赵贞吉	zhao zhen ji	1
赵赵	zhao zhao	7
赵起	zhao qi	6
赵超构	zhao chao gou	2
赵越	zhao yue	9
赵连芳	zhao lian fang	5
赵野	zhao ye	6
赵鑫珊	zhao xin shan	6
赵鑫鑫	zhao xin xin	5
赵铨	zhao quan	1
赵锡田	zhao xi tian	5
赵陀	zhao tuo	2
赵雅芝	zhao ya zhi	45
赵雪	zhao xue	15
赵震	zhao zhen	28
赵青	zhao qing	16
赵音奇	zhao yin qi	4
赵顼	zhao xu	10
赵颜	zhao yan	4
赵飞燕	zhao fei yan	16
赵高	zhao gao	42
赵魏	zhao wei	15
赵龙	zhao long	37
赵龙文	zhao long wen	3
越影	yue ying	1
越王勾践	yue wang gou jian	43
足利义政	zu li yi zheng	19
路嘉怡	lu jia yi	2
路大荒	lu da huang	2
路振飞	lu zhen fei	11
蹇硕	jian shuo	13
蹋顿	ta dun	14
车万育	che wan yu	3
车书	che shu	6
车令	che ling	9
车太铉	che tai xuan	14
车尔尼雪夫斯基	che er ni xue fu si ji	31
车径行	che jing xing	1
车正	che zheng	11
车泽武	che ze wu	4
车田正美	che tian zheng mei	6
车胄	che zhou	1
载沣	zai feng	35
载淳	zai chun	7
载湉	zai tian	4
载澜	zai lan	2
辛全	xin quan	1
辛吉斯	xin ji si	47
辛宪英	xin xian ying	6
辛德拉尔	xin de la er	1
辛明	xin ming	9
辛晓琪	xin xiao qi	38
辛柏青	xin bai qing	12
辛毗	xin pi	14
辛逸	xin yi	1
辜严倬云	gu yan zhuo yun	4
辜显荣	gu xian rong	27
辟兵	bi bing	5
辨喜	bian xi	1
辰亦儒	chen yi ru	19
辰巳奈都子	chen si nai du zi	1
边伟	bian wei	3
边让	bian rang	8
边贡	bian gong	1
辽圣宗耶律隆绪	liao sheng zong ye lv long xu	20
辽太祖	liao tai zu	48
辽穆宗	liao mu zong	45
达娃	da wa	39
达曾	da zeng	4
达格利什	da ge li shi	3
达洪阿	da hong a	1
达海林	da hai lin	3
达礼	da li	43
达维登科	da wei deng ke	16
达萨耶夫	da sa ye fu	5
达贝妮	da bei ni	3
达赫迪	da he di	5
达鉴	da jian	2
迁陵	qian ling	20
迈斯纳	mai si na	22
迈特纳	mai te na	15
迈耶尔	mai ye er	6
近藤真彦	jin teng zhen yan	18
近野成美	jin ye cheng mei	1
远涌	yuan yong	2
远藤宪一	yuan teng xian yi	13
连横	lian heng	37
连歌	lian ge	25
连阔如	lian kuo ru	4
连震东	lian zhen dong	9
迟万春	chi wan chun	4
迟帅	chi shuai	13
迟福林	chi fu lin	4
迟重瑞	chi zhong rui	1
迪克牛仔	di ke niu zai	42
迮朗	ze lang	3
迷当	mi dang	12
通容	tong rong	1
通文	tong wen	5
速不台	su bu tai	21
速水重道	su shui zhong dao	1
逢泽	feng ze	16
逾辉	yu hui	2
遂城	sui cheng	21
遇晗	yu han	3
邓世昌	deng shi chang	47
邓义	deng yi	1
邓九云	deng jiu yun	4
邓予立	deng yu li	5
邓亚萍	deng ya ping	22
邓传安	deng chuan an	1
邓传密	deng chuan mi	3
邓凯	deng kai	23
邓加	deng jia	8
邓友梅	deng you mei	1
邓大林	deng da lin	3
邓婕	deng jie	9
邓子恢	deng zi hui	44
邓实	deng shi	4
邓家彦	deng jia yan	3
邓尼茨	deng ni ci	27
邓岳	deng yue	2
邓希贤	deng xi xian	2
邓廷桢	deng ting zhen	10
邓建国	deng jian guo	8
邓志谟	deng zhi mo	11
邓忠	deng zhong	13
邓怀农	deng huai nong	3
邓恩铭	deng en ming	11
邓惠芳	deng hui fang	3
邓拓	deng tuo	26
邓散木	deng san mu	9
邓文宪	deng wen xian	3
邓昌友	deng chang you	16
邓毅生	deng yi sheng	3
邓渭	deng wei	1
邓焘	deng tao	2
邓焜	deng kun	2
邓牧	deng mu	3
邓玮	deng wei	5
邓石如	deng shi ru	4
邓稼先	deng jia xian	9
邓良	deng liang	12
邓芝	deng zhi	16
邓茂	deng mao	7
邓萃英	deng cui ying	35
邓萃雯	deng cui wen	20
邓萍	deng ping	4
邓蕾	deng lei	1
邓贤	deng xian	31
邓邦述	deng bang shu	3
邓郁	deng yu	2
邓钟岳	deng zhong yue	2
邓颂宏	deng song hong	3
邓龙	deng long	34
邓龙光	deng long guang	10
邝露	kuang lu	3
邢侗	xing tong	11
邢傲伟	xing ao wei	1
邢其毅	xing qi yi	2
邢文军	xing wen jun	3
邢澍	xing shu	2
邢端	xing duan	2
那多	na duo	11
那威	na wei	6
那彦成	na yan cheng	11
邬彬	wu bin	4
邱冬	qiu dong	6
邱国栋	qiu guo dong	5
邱太三	qiu tai san	12
邱少云	qiu shao yun	21
邱岳峰	qiu yue feng	2
邱峻	qiu jun	2
邱心志	qiu xin zhi	8
邱昭良	qiu zhao liang	2
邱淑贞	qiu shu zhen	19
邱清泉	qiu qing quan	18
邱琦雯	qiu qi wen	5
邱立成	qiu li cheng	4
邱蔚六	qiu wei liu	1
邱震海	qiu zhen hai	8
邴原	bing yuan	5
邵一萍	shao yi ping	4
邵亦波	shao yi bo	5
邵伟刚	shao wei gang	2
邵兵	shao bing	10
邵友濂	shao you lian	18
邵周祥	shao zhou xiang	4
邵学	shao xue	6
邵宝	shao bao	9
邵小珊	shao xiao shan	4
邵弥	shao mi	2
邵晋涵	shao jin han	1
邵沛	shao pei	3
邵洵美	shao xun mei	21
邵源	shao yuan	2
邵炜刚	shao wei gang	1
邵美琪	shao mei qi	42
邵谊	shao yi	2
邵达	shao da	5
邵雨涵	shao yu han	1
邵震中	shao zhen zhong	4
邵飘萍	shao piao ping	9
邹一桂	zou yi gui	4
邹伯奇	zou bo qi	4
邹元标	zou yuan biao	22
邹声泉	zou sheng quan	2
邹守益	zou shou yi	14
邹安	zou an	2
邹容	zou rong	41
邹建锋	zou jian feng	4
邹弢	zou tao	3
邹德忠	zou de zhong	4
邹忠	zou zhong	6
邹智	zou zhi	2
邹泉	zou quan	6
邹涛	zou tao	1
邹澍	zou shu	2
邹益	zou yi	1
邹秉文	zou bing wen	1
邹穆公	zou mu gong	2
邹立武	zou li wu	2
邹绍孟	zou shao meng	1
邹缉	zou ji	3
邹蓝	zou lan	3
邹谦	zou qian	3
邹铉	zou xuan	2
邹靖	zou jing	8
邹韬奋	zou tao fen	41
邹骏	zou jun	9
邹鸣鹤	zou ming he	5
邺县	ye xian	25
邾隐公	zhu yin gong	3
郁文博	yu wen bo	2
郁琼	yu qiong	1
郁达夫	yu da fu	31
郎咸平	lang xian ping	6
郎平	lang ping	27
郎廷极	lang ting ji	2
郎简	lang jian	2
郎绍安	lang shao an	4
郎葆辰	lang bao chen	3
郎遂	lang sui	1
郑一泓	zheng yi hong	5
郑世豪	zheng shi hao	21
郑丽君	zheng li jun	39
郑乃东	zheng nai dong	3
郑之珍	zheng zhi zhen	3
郑介民	zheng jie min	25
郑仲夔	zheng zhong kui	1
郑伦	zheng lun	20
郑作民	zheng zuo min	2
郑佩佩	zheng pei pei	21
郑侠	zheng xia	9
郑侨	zheng qiao	7
郑克塽	zheng ke shuang	42
郑兰孙	zheng lan sun	2
郑凡	zheng fan	9
郑凤荣	zheng feng rong	2
郑勇	zheng yong	6
郑勋	zheng xun	2
郑厉公	zheng li gong	6
郑吉	zheng ji	8
郑君	zheng jun	32
郑君里	zheng jun li	37
郑善夫	zheng shan fu	3
郑培	zheng pei	1
郑士良	zheng shi liang	17
郑多彬	zheng duo bin	7
郑大海	zheng da hai	2
郑天翔	zheng tian xiang	9
郑奎飞	zheng kui fei	2
郑宁	zheng ning	7
郑宇成	zheng yu cheng	1
郑宝清	zheng bao qing	7
郑小毛	zheng xiao mao	3
郑小瑛	zheng xiao ying	7
郑岱	zheng dai	1
郑岳	zheng yue	4
郑希怡	zheng xi yi	18
郑广文	zheng guang wen	3
郑庄公	zheng zhuang gong	30
郑度	zheng du	4
郑廉	zheng lian	3
郑弘	zheng hong	28
郑律成	zheng lv cheng	7
郑思肖	zheng si xiao	4
郑振瑶	zheng zhen yao	1
郑振铎	zheng zhen duo	41
郑敦谨	zheng dun jin	2
郑文公	zheng wen gong	19
郑新年	zheng xin nian	3
郑新民	zheng xin min	6
郑昊	zheng hao	5
郑昶	zheng chang	4
郑晋	zheng jin	3
郑晓东	zheng xiao dong	3
郑晓龙	zheng xiao long	9
郑普	zheng pu	8
郑杭生	zheng hang sheng	2
郑板桥	zheng ban qiao	21
郑树	zheng shu	10
郑树森	zheng shu sen	22
郑桓公	zheng huan gong	5
郑梁	zheng liang	1
郑梅梅	zheng mei mei	3
郑樗	zheng chu	1
郑樵	zheng qiao	16
郑正秋	zheng zheng qiu	14
郑武公	zheng wu gong	4
郑沅	zheng yuan	3
郑泽	zheng ze	49
郑洁	zheng jie	42
郑洞国	zheng dong guo	25
郑浩	zheng hao	40
郑海麟	zheng hai lin	5
郑渊洁	zheng yuan jie	13
郑湘	zheng xiang	1
郑濂	zheng lian	5
郑灵公	zheng ling gong	3
郑燮	zheng xie	6
郑献甫	zheng xian fu	3
郑玄	zheng xuan	45
郑玮	zheng wei	6
郑环	zheng huan	2
郑珍	zheng zhen	5
郑璜	zheng huang	9
郑石桥	zheng shi qiao	1
郑穆公	zheng mu gong	11
郑简公	zheng jian gong	33
郑簠	zheng fu	4
郑纪	zheng ji	26
郑维山	zheng wei shan	14
郑若曾	zheng ruo ceng	7
郑虔	zheng qian	1
郑观应	zheng guan ying	12
郑运鹏	zheng yun peng	18
郑道光	zheng dao guang	4
郑鄤	zheng man	3
郑重光	zheng zhong guang	1
郑钧	zheng jun	32
郑铮	zheng zheng	8
郑阳	zheng yang	10
郑际唐	zheng ji tang	1
郑集	zheng ji	14
郑鸿	zheng hong	40
郕王	cheng wang	9
郗虑	xi lv	20
郝丽娜	hao li na	4
郝宇飞	hao yu fei	3
郝懿行	hao yi xing	5
郝昭	hao zhao	7
郝梦龄	hao meng ling	9
郝洪军	hao hong jun	6
郝浴	hao yu	2
郝海	hao hai	12
郝立新	hao li xin	6
郝莲	hao lian	2
郝菲尔	hao fei er	5
郝萌	hao meng	9
郦道元	li dao yuan	44
郭东	guo dong	35
郭云鹏	guo yun peng	2
郭任远	guo ren yuan	13
郭传林	guo chuan lin	3
郭佳	guo jia	36
郭全宝	guo quan bao	1
郭凡生	guo fan sheng	6
郭则沄	guo ze yun	5
郭利君	guo li jun	2
郭励弘	guo li hong	3
郭华	guo hua	22
郭印	guo yin	1
郭可盈	guo ke ying	6
郭品超	guo pin chao	44
郭图	guo tu	5
郭士强	guo shi qiang	1
郭大顺	guo da shun	5
郭奕	guo yi	25
郭子斌	guo zi bin	8
郭子章	guo zi zhang	4
郭守敬	guo shou jing	8
郭寄峤	guo ji qiao	7
郭小川	guo xiao chuan	7
郭小溪	guo xiao xi	2
郭尚先	guo shang xian	7
郭常	guo chang	3
郭应禄	guo ying lu	9
郭廷以	guo ting yi	9
郭开森	guo kai sen	2
郭强	guo qiang	11
郭徽	guo hui	9
郭忠	guo zhong	33
郭怀一	guo huai yi	4
郭思演	guo si yan	1
郭恩	guo en	14
郭成	guo cheng	22
郭文涛	guo wen tao	2
郭昂	guo ang	2
郭晋安	guo jin an	37
郭晓冬	guo xiao dong	3
郭晟	guo sheng	3
郭晶晶	guo jing jing	19
郭智博	guo zhi bo	3
郭智敏	guo zhi min	6
郭松民	guo song min	4
郭柏苍	guo bo cang	4
郭楠	guo nan	1
郭汉	guo han	10
郭汜	guo si	44
郭汝瑰	guo ru gui	5
郭汝霖	guo ru lin	2
郭汝龙	guo ru long	3
郭沔	guo mian	5
郭海峰	guo hai feng	1
郭涛	guo tao	27
郭淮	guo huai	35
郭添财	guo tian cai	1
郭澄	guo cheng	15
郭照	guo zhao	1
郭珍霓	guo zhen ni	8
郭瑞霞	guo rui xia	4
郭璞	guo pu	29
郭畀	guo bi	2
郭石	guo shi	9
郭碧婷	guo bi ting	32
郭磊	guo lei	3
郭立源	guo li yuan	2
郭策	guo ce	2
郭纯	guo chun	8
郭绚	guo xuan	14
郭翼	guo yi	3
郭胜	guo sheng	13
郭莉萍	guo li ping	4
郭菩萨	guo pu sa	3
郭衣洞	guo yi dong	3
郭襄	guo xiang	31
郭象	guo xiang	17
郭跃华	guo yue hua	4
郭郛	guo fu	2
郭金	guo jin	36
郭长顺	guo chang shun	3
郭雍	guo yong	2
郭颖	guo ying	11
郭风	guo feng	3
郭麟	guo lin	4
都任	du ren	7
都台	du tai	4
都德	du de	6
都锦生	du jin sheng	1
鄂尔奇	e er qi	2
鄢颇	yan po	2
酒井彩名	jiu jing cai ming	4
酒井忠次	jiu jing zhong ci	3
酒井忠胜	jiu jing zhong sheng	6
酒井法子	jiu jing fa zi	10
酒井美纪	jiu jing mei ji	11
酒圣	jiu sheng	7
采女	cai nv	27
里希特霍芬	li xi te huo fen	34
里杰卡尔德	li jie ka er de	4
里瓦尔多	li wa er duo	3
里维利诺	li wei li nuo	1
重泉	chong quan	4
重耳	chong er	35
重野秀一	zhong ye xiu yi	3
重鉴	chong jian	5
野岛健儿	ye dao jian er	14
野村万斋	ye cun wan zhai	9
野泽雅子	ye ze ya zi	9
野田惠	ye tian hui	2
野际阳子	ye ji yang zi	8
金一南	jin yi nan	17
金之俊	jin zhi jun	1
金乙东	jin yi dong	2
金仲华	jin zhong hua	6
金俊明	jin jun ming	3
金兆梓	jin zhao zi	2
金光悌	jin guang ti	1
金农	jin nong	12
金准	jin zhun	4
金凯平	jin kai ping	6
金剑啸	jin jian xiao	3
金原瞳	jin yuan tong	3
金可采	jin ke cai	3
金启	jin qi	4
金启昌	jin qi chang	1
金善宝	jin shan bao	3
金国栋	jin guo dong	5
金圣叹	jin sheng tan	8
金坡	jin po	2
金城武	jin cheng wu	39
金基范	jin ji fan	1
金士高	jin shi gao	3
金天德	jin tian de	1
金太祖	jin tai zu	46
金宏义	jin hong yi	3
金寅	jin yin	1
金尚	jin shang	33
金履祥	jin lv xiang	1
金崇印	jin chong yin	2
金巧巧	jin qiao qiao	10
金建华	jin jian hua	2
金式如	jin shi ru	3
金彤	jin tong	3
金德舆	jin de yu	2
金志勋	jin zhi xun	3
金成龙	jin cheng long	5
金承俊	jin cheng jun	3
金敞	jin chang	22
金旋	jin xuan	29
金日焕	jin ri huan	3
金昆	jin kun	7
金晓辛	jin xiao xin	2
金智秀	jin zhi xiu	8
金李	jin li	21
金来沅	jin lai yuan	20
金松	jin song	33
金梁	jin liang	10
金梓	jin zi	3
金檀	jin tan	1
金泽荣	jin ze rong	1
金海心	jin hai xin	24
金渊	jin yuan	10
金焜	jin kun	1
金焰	jin yan	34
金照	jin zhao	4
金理	jin li	5
金琮	jin cong	1
金璇	jin xuan	1
金璜	jin huang	3
金相庆	jin xiang qing	6
金磊	jin lei	5
金祎	jin yi	5
金秀路	jin xiu lu	11
金童	jin tong	45
金继	jin ji	7
金维	jin wei	25
金莉莉	jin li li	2
金蓉镜	jin rong jing	3
金豆	jin dou	40
金贵人	jin gui ren	5
金近	jin jin	5
金鉴	jin jian	37
金钟云	jin zhong yun	3
金铨	jin quan	14
金镕	jin rong	13
金镛	jin yong	27
金长勋	jin chang xun	3
金问	jin wen	5
鉴真	jian zhen	31
钉宫理惠	ding gong li hui	38
钟丽缇	zhong li ti	15
钟会	zhong hui	9
钟伟	zhong wei	43
钟兰	zhong lan	4
钟华	zhong hua	23
钟复	zhong fu	6
钟宁	zhong ning	7
钟嵘	zhong rong	8
钟师	zhong shi	3
钟彬	zhong bin	12
钟志	zhong zhi	38
钟惺	zhong xing	4
钟朋荣	zhong peng rong	6
钟树	zhong shu	3
钟楚红	zhong chu hong	15
钟欣怡	zhong xin yi	3
钟毅	zhong yi	9
钟毓	zhong yu	25
钟涛	zhong tao	7
钟理和	zhong li he	27
钟礼	zhong li	15
钟繇	zhong you	29
钟纪	zhong ji	3
钟缙	zhong jin	2
钟肇政	zhong zhao zheng	37
钟进	zhong jin	1
钟镇涛	zhong zhen tao	47
钟阿城	zhong a cheng	4
钟震	zhong zhen	2
钭江明	tou jiang ming	5
钮福保	niu fu bao	2
钱万里	qian wan li	3
钱三强	qian san qiang	24
钱东	qian dong	6
钱临	qian lin	3
钱乙	qian yi	1
钱以发	qian yi fa	2
钱仪吉	qian yi ji	24
钱伟长	qian wei chang	21
钱俶	qian chu	24
钱凤鸣	qian feng ming	2
钱北秋	qian bei qiu	3
钱厚	qian hou	5
钱名世	qian ming shi	3
钱基博	qian ji bo	7
钱壮飞	qian zhuang fei	5
钱大昕	qian da xin	35
钱宇平	qian yu ping	3
钱封	qian feng	4
钱崇澍	qian chong shu	2
钱廉	qian lian	2
钱式	qian shi	6
钱弘佐	qian hong zuo	10
钱德洪	qian de hong	5
钱志伟	qian zhi wei	4
钱思亮	qian si liang	9
钱成	qian cheng	9
钱捷	qian jie	4
钱敬忠	qian jing zhong	2
钱新之	qian xin zhi	10
钱旃	qian zhan	1
钱时	qian shi	13
钱昌照	qian chang zhao	19
钱曾	qian zeng	6
钱杜	qian du	4
钱松	qian song	6
钱林	qian lin	7
钱枚	qian mei	3
钱楷	qian kai	4
钱正英	qian zheng ying	17
钱沣	qian feng	11
钱泰吉	qian tai ji	2
钱泳	qian yong	13
钱渊	qian yuan	2
钱潮	qian chao	11
钱澄之	qian cheng zhi	2
钱熙	qian xi	1
钱玄同	qian xuan tong	17
钱理群	qian li qun	12
钱琦	qian qi	4
钱璞	qian pu	1
钱皮	qian pi	27
钱纳水	qian na shui	2
钱维乔	qian wei qiao	2
钱维城	qian wei cheng	5
钱缪	qian miao	5
钱肃乐	qian su le	7
钱芬	qian fen	4
钱芹	qian qin	2
钱薇	qian wei	6
钱观	qian guan	3
钱谦益	qian qian yi	32
钱起	qian qi	5
钱载	qian zai	3
钱远镜	qian yuan jing	3
钱选	qian xuan	6
钱钟书	qian zhong shu	32
钱钧	qian jun	3
钱陆灿	qian lu can	2
钱陈群	qian chen qun	10
钱霖	qian lin	3
钱鼎铭	qian ding ming	2
铁保	tie bao	22
铁拐李	tie guai li	15
铁木耳	tie mu er	1
铁穆耳	tie mu er	15
铃木亚美	ling mu ya mei	9
铃木京香	ling mu jing xiang	23
铃木亮	ling mu liang	13
铃木保奈美	ling mu bao nai mei	9
铃木千寻	ling mu qian xun	13
铃木春信	ling mu chun xin	1
铃木杏	ling mu xing	16
铃木砂羽	ling mu sha yu	6
铃木雄介	ling mu xiong jie	3
铃村健一	ling cun jian yi	36
铜爵	tong jue	1
铨叙部	quan xu bu	49
锅岛直茂	guo dao zhi mao	2
锡县	xi xian	5
锦户亮	jin hu liang	44
长享	chang xiang	21
长孙无忌	zhang sun wu ji	30
长孙晟	zhang sun sheng	16
长宗我部元亲	chang zong wo bu yuan qin	12
长岛一茂	chang dao yi mao	3
长崎莉奈	chang qi li nai	2
长广王	chang guang wang	21
长沙郡	chang sha jun	28
长濑智也	chang lai zhi ye	20
长社	chang she	30
长谷川京子	chang gu chuan jing zi	4
长谷川润	chang gu chuan run	5
长谷川等伯	chang gu chuan deng bo	2
长龄	chang ling	48
闫勤	yan qin	6
闫文清	yan wen qing	4
闫晓龙	yan xiao long	3
闫跃龙	yan yue long	4
闯王	chuang wang	29
闯王李自成	chuang wang li zi cheng	6
闻信	wen xin	3
闻捷	wen jie	17
阎兴邦	yan xing bang	2
阎宇	yan yu	4
阎安	yan an	3
阎宗临	yan zong lin	2
阎尔梅	yan er mei	2
阎文清	yan wen qing	2
阎立本	yan li ben	8
阎象	yan xiang	3
阎青妤	yan qing yu	6
阖闾	he lv	36
阙汉骞	que han qian	14
阙道华	que dao hua	7
阚泽	kan ze	4
阚维雍	kan wei yong	5
阪泉	ban quan	4
阮云生	ruan yun sheng	2
阮孝绪	ruan xiao xu	6
阮宗泽	ruan zong ze	11
阮性山	ruan xing shan	3
阮晔	ruan ye	3
阮次山	ruan ci shan	2
阮煜	ruan yu	3
阮琳	ruan lin	4
阮籍	ruan ji	25
阮葵生	ruan kui sheng	2
阮长耿	ruan chang geng	1
阳武	yang wu	46
阳羡	yang xian	35
阳群	yang qun	4
阳翰笙	yang han sheng	37
阳蕾	yang lei	5
阳阿	yang e	4
阵内智则	zhen nei zhi ze	2
阿伦特	a lun te	35
阿兰德隆	a lan de long	4
阿初	a chu	5
阿卜杜尔	a bu du er	28
阿历克斯	a li ke si	24
阿喀琉斯	a ka liu si	46
阿庆嫂	a qing sao	8
阿德米尔	a de mi er	3
阿忆	a yi	3
阿怪	a guai	34
阿扁	a bian	12
阿拉塔	a la ta	7
阿曼尼莎汗	a man ni sha han	1
阿朵	a duo	28
阿来	a lai	10
阿沁	a qin	35
阿沛阿旺晋美	a pei a wang jin mei	5
阿笛	a di	3
阿罗尼扬	a luo ni yang	1
阿英	a ying	10
阿西莫夫	a xi mo fu	46
阿贝格	a bei ge	15
阿赫罗梅耶夫	a he luo mei ye fu	5
阿辰	a chen	2
阿连德	a lian de	32
阿速吉八	a su ji ba	6
阿部力	a bu li	7
阿部宽	a bu kuan	42
阿部规秀	a bu gui xiu	3
阿里克谢	a li ke xie	1
阿里斯托芬	a li si tuo fen	17
阿里汉	a li han	13
阿阳	a yang	18
阿马里尔多	a ma li er duo	4
阿骨打	a gu da	40
际元	ji yuan	3
陆丹林	lu dan lin	2
陆九渊	lu jiu yuan	2
陆九韶	lu jiu shao	3
陆九龄	lu jiu ling	1
陆云	lu yun	38
陆云龙	lu yun long	3
陆仁	lu ren	13
陆以湉	lu yi tian	3
陆修静	lu xiu jing	4
陆元琪	lu yuan qi	1
陆凯	lu kai	23
陆卫明	lu wei ming	4
陆原	lu yuan	7
陆友	lu you	4
陆圻	lu qi	2
陆坊	lu fang	3
陆培	lu pei	5
陆天尧	lu tian yao	3
陆天明	lu tian ming	4
陆婉珍	lu wan zhen	3
陆学艺	lu xue yi	7
陆完	lu wan	10
陆宝	lu bao	23
陆宣	lu xuan	4
陆容	lu rong	3
陆小曼	lu xiao man	8
陆峥嵘	lu zheng rong	3
陆嵩	lu song	4
陆巡	lu xun	44
陆师	lu shi	4
陆师道	lu shi dao	2
陆广	lu guang	13
陆康	lu kang	12
陆廷灿	lu ting can	2
陆徵祥	lu zheng xiang	5
陆德明	lu de ming	8
陆心源	lu xin yuan	13
陆怡	lu yi	6
陆恢	lu hui	7
陆抗	lu kang	35
陆文夫	lu wen fu	9
陆新之	lu xin zhi	1
陆景	lu jing	18
陆晶清	lu jing qing	6
陆楷	lu kai	3
陆正	lu zheng	14
陆治	lu zhi	11
陆法言	lu fa yan	1
陆洪涛	lu hong tao	10
陆润庠	lu run xiang	12
陆深	lu shen	7
陆游	lu you	46
陆灏	lu hao	2
陆灿	lu can	6
陆玑	lu ji	3
陆珍	lu zhen	1
陆琳	lu lin	6
陆皓东	lu hao dong	27
陆秀夫	lu xiu fu	21
陆绩	lu ji	8
陆耀	lu yao	3
陆耀遹	lu yao yu	2
陆艺	lu yi	4
陆英	lu ying	6
陆蓉	lu rong	7
陆西星	lu xi xing	3
陆费逵	lu fei kui	9
陆贽	lu zhi	17
陆贾	lu jia	19
陆道培	lu dao pei	2
陆道淮	lu dao huai	2
陆采	lu cai	5
陆金	lu jin	5
陆钢	lu gang	1
陆锡熊	lu xi xiong	1
陆陇其	lu long qi	3
陆靖	lu jing	1
陆韬	lu tao	5
陆骏	lu jun	17
陆龟蒙	lu gui meng	5
陈丕显	chen pi xian	42
陈世倌	chen shi guan	5
陈世昌	chen shi chang	5
陈东湖	chen dong hu	2
陈中凡	chen zhong fan	2
陈临新	chen lin xin	2
陈丹赤	chen dan chi	3
陈丹青	chen dan qing	12
陈丽娜	chen li na	21
陈乃乾	chen nai qian	4
陈之平	chen zhi ping	5
陈之遴	chen zhi lin	1
陈乔年	chen qiao nian	8
陈云峰	chen yun feng	2
陈云裳	chen yun shang	4
陈亚军	chen ya jun	7
陈亚宁	chen ya ning	6
陈亮	chen liang	46
陈仁锡	chen ren xi	2
陈仅	chen jin	1
陈介祺	chen jie qi	9
陈仙梅	chen xian mei	3
陈以诚	chen yi cheng	5
陈伟明	chen wei ming	30
陈伟鸿	chen wei hong	12
陈伯华	chen bo hua	8
陈伯吹	chen bo chui	21
陈伯宗	chen bo zong	27
陈伯陶	chen bo tao	2
陈作霖	chen zuo lin	5
陈佩斯	chen pei si	18
陈佩骐	chen pei qi	3
陈依秋	chen yi qiu	3
陈俊峰	chen jun feng	3
陈俞	chen yu	42
陈信安	chen xin an	26
陈元光	chen yuan guang	17
陈元安	chen yuan an	3
陈元赟	chen yuan yun	2
陈充	chen chong	1
陈兆龙	chen zhao long	1
陈先奎	chen xian kui	7
陈克非	chen ke fei	2
陈兰	chen lan	33
陈其元	chen qi yuan	8
陈其学	chen qi xue	1
陈其美	chen qi mei	34
陈其采	chen qi cai	14
陈兼	chen jian	1
陈农	chen nong	1
陈冠中	chen guan zhong	9
陈冠英	chen guan ying	4
陈冠霖	chen guan lin	19
陈凤林	chen feng lin	5
陈函辉	chen han hui	3
陈功	chen gong	24
陈劲松	chen jin song	9
陈勋	chen xun	9
陈化成	chen hua cheng	13
陈千秋	chen qian qiu	2
陈博生	chen bo sheng	1
陈厚	chen hou	11
陈原	chen yuan	8
陈去病	chen qu bing	6
陈司翰	chen si han	11
陈名夏	chen ming xia	5
陈君长	chen jun chang	2
陈启天	chen qi tian	7
陈启明	chen qi ming	8
陈吾德	chen wu de	2
陈周全	chen zhou quan	2
陈和	chen he	9
陈和生	chen he sheng	1
陈哀公	chen ai gong	11
陈嘉桦	chen jia hua	30
陈嘉荣	chen jia rong	3
陈嘉谟	chen jia mo	17
陈嘉锐	chen jia rui	2
陈国东	chen guo dong	5
陈国顺	chen guo shun	4
陈圆圆	chen yuan yuan	15
陈垣	chen yuan	28
陈基	chen ji	26
陈墨	chen mo	5
陈墨香	chen mo xiang	2
陈士元	chen shi yuan	3
陈士铎	chen shi duo	4
陈复	chen fu	20
陈大受	chen da shou	1
陈大悲	chen da bei	6
陈大科	chen da ke	3
陈大齐	chen da qi	10
陈天华	chen tian hua	11
陈天桥	chen tian qiao	2
陈天瑞	chen tian rui	1
陈天锡	chen tian xi	2
陈奂	chen huan	35
陈奉兹	chen feng zi	3
陈奕禧	chen yi xi	4
陈好	chen hao	9
陈妃平	chen fei ping	1
陈威翰	chen wei han	1
陈娟红	chen juan hong	5
陈婉珍	chen wan zhen	2
陈婧	chen jing	7
陈子升	chen zi sheng	4
陈子和	chen zi he	3
陈子壮	chen zi zhuang	19
陈子威	chen zi wei	1
陈子昂	chen zi ang	7
陈孙	chen sun	8
陈孝荣	chen xiao rong	1
陈学松	chen xue song	3
陈学海	chen xue hai	1
陈安保	chen an bao	3
陈安齐	chen an qi	3
陈完	chen wan	3
陈宓	chen mi	3
陈宗彝	chen zong yi	1
陈宝国	chen bao guo	32
陈宝琛	chen bao chen	23
陈宝箴	chen bao zhen	7
陈宝莲	chen bao lian	14
陈宫	chen gong	24
陈家伟	chen jia wei	8
陈家洛	chen jia luo	36
陈宽	chen kuan	10
陈富杰	chen fu jie	4
陈寒峰	chen han feng	3
陈寰	chen huan	1
陈寿祺	chen shou qi	1
陈小翠	chen xiao cui	4
陈小艺	chen xiao yi	11
陈尚志	chen shang zhi	4
陈就	chen jiu	8
陈尹	chen yin	2
陈履和	chen lv he	7
陈峻青	chen jun qing	4
陈师曾	chen shi zeng	6
陈师道	chen shi dao	5
陈希曾	chen xi zeng	20
陈庆之	chen qing zhi	18
陈应	chen ying	46
陈庚	chen geng	21
陈废帝	chen fei di	22
陈度	chen du	3
陈廉	chen lian	13
陈延年	chen yan nian	19
陈廷敬	chen ting jing	10
陈建功	chen jian gong	16
陈建国	chen jian guo	22
陈建斌	chen jian bin	36
陈建翔	chen jian xiang	5
陈录	chen lu	1
陈彤	chen tong	5
陈德容	chen de rong	14
陈德荣	chen de rong	6
陈志刚	chen zhi gang	3
陈志武	chen zhi wu	3
陈念祖	chen nian zu	1
陈思思	chen si si	27
陈怡嘉	chen yi jia	7
陈怡蓉	chen yi rong	17
陈恪	chen ke	7
陈恺	chen kai	7
陈惠祯	chen hui zhen	4
陈慧珊	chen hui shan	22
陈懿	chen yi	19
陈抟	chen tuan	9
陈捷	chen jie	30
陈揆	chen kui	6
陈撄宁	chen ying ning	1
陈敬学	chen jing xue	3
陈敬宗	chen jing zong	1
陈文定	chen wen ding	7
陈文彬	chen wen bin	18
陈文杞	chen wen qi	1
陈文治	chen wen zhi	2
陈文灯	chen wen deng	2
陈文瑞	chen wen rui	3
陈文茜	chen wen qian	14
陈斌	chen bin	33
陈新亚	chen xin ya	3
陈新全	chen xin quan	3
陈旅	chen lv	3
陈旦	chen dan	6
陈昂	chen ang	3
陈昊	chen hao	40
陈昌凤	chen chang feng	8
陈昌齐	chen chang qi	3
陈明仁	chen ming ren	47
陈明远	chen ming yuan	3
陈星聚	chen xing ju	5
陈映真	chen ying zhen	17
陈昭荣	chen zhao rong	9
陈显廷	chen xian ting	3
陈晓旭	chen xiao xu	3
陈晓晓	chen xiao xiao	5
陈晓林	chen xiao lin	1
陈晓琦	chen xiao qi	3
陈晖	chen hui	8
陈普	chen pu	6
陈景润	chen jing run	8
陈景藻	chen jing zao	3
陈暹	chen xian	2
陈曦	chen xi	13
陈朗	chen lang	17
陈望道	chen wang dao	33
陈木胜	chen mu sheng	24
陈松伶	chen song ling	18
陈枚	chen mei	3
陈柏祥	chen bai xiang	2
陈染	chen ran	7
陈柱天	chen zhu tian	2
陈栎	chen li	2
陈桐	chen tong	8
陈桓	chen huan	6
陈桓公	chen huan gong	1
陈梦飞	chen meng fei	2
陈植	chen zhi	17
陈楚良	chen chu liang	4
陈模	chen mo	12
陈樵	chen qiao	1
陈武帝	chen wu di	47
陈水	chen shui	24
陈永棋	chen yong qi	9
陈永燊	chen yong shen	2
陈永贵	chen yong gui	38
陈汉第	chen han di	6
陈汝言	chen ru yan	3
陈江波	chen jiang bo	4
陈沂	chen yi	24
陈沛	chen pei	48
陈波	chen bo	22
陈波儿	chen bo er	4
陈泰来	chen tai lai	16
陈洁如	chen jie ru	1
陈洪武	chen hong wu	3
陈洪绶	chen hong shou	6
陈浩民	chen hao min	44
陈涛	chen tao	20
陈涟	chen lian	2
陈淑兰	chen shu lan	6
陈淑琬	chen shu wan	3
陈滢	chen ying	27
陈潢	chen huang	2
陈灵公	chen ling gong	5
陈炼	chen lian	3
陈炽	chen chi	3
陈焘	chen tao	1
陈焜	chen kun	14
陈焯	chen chao	8
陈煦	chen xu	28
陈熙晋	chen xi jin	3
陈燕燕	chen yan yan	6
陈爱莲	chen ai lian	17
陈玉佳	chen yu jia	1
陈玉成	chen yu cheng	19
陈玉辉	chen yu hui	1
陈玫君	chen mei jun	11
陈珏	chen jue	5
陈球	chen qiu	10
陈瑄	chen xuan	6
陈瑚	chen hu	3
陈瑞球	chen rui qiu	2
陈瑸	chen bin	4
陈璋	chen zhang	37
陈璘	chen lin	8
陈璜	chen huang	1
陈璧君	chen bi jun	22
陈生	chen sheng	10
陈用光	chen yong guang	1
陈申	chen shen	8
陈登	chen deng	32
陈登科	chen deng ke	7
陈登龙	chen deng long	3
陈白尘	chen bai chen	5
陈白沙	chen bai sha	10
陈相	chen xiang	17
陈知建	chen zhi jian	7
陈矫	chen jiao	3
陈祖德	chen zu de	4
陈祖武	chen zu wu	5
陈祚明	chen zuo ming	1
陈秀丽	chen xiu li	4
陈秉钧	chen bing jun	2
陈秋菊	chen qiu ju	1
陈立伟	chen li wei	8
陈立平	chen li ping	7
陈竺	chen zhu	26
陈箓	chen lu	26
陈粲	chen can	1
陈素卿	chen su qing	14
陈紫函	chen zi han	13
陈红	chen hong	46
陈红峰	chen hong feng	2
陈纯甄	chen chun zhen	2
陈纲	chen gang	44
陈纳德	chen na de	29
陈绍堂	chen shao tang	5
陈绍芳	chen shao fang	4
陈绍英	chen shao ying	4
陈继承	chen ji cheng	19
陈继红	chen ji hong	7
陈维博	chen wei bo	1
陈维城	chen wei cheng	4
陈维宗	chen wei zong	2
陈维崧	chen wei song	12
陈维邦	chen wei bang	2
陈美琪	chen mei qi	5
陈翀	chen chong	7
陈翰笙	chen han sheng	15
陈聂恒	chen nie heng	1
陈肃	chen su	7
陈育平	chen yu ping	4
陈育新	chen yu xin	3
陈胡公	chen hu gong	4
陈舒	chen shu	23
陈良谟	chen liang mo	1
陈若曦	chen ruo xi	10
陈范	chen fan	25
陈荐夫	chen jian fu	2
陈荒煤	chen huang mei	6
陈荣昌	chen rong chang	6
陈荣森	chen rong sen	7
陈荣瑞	chen rong rui	3
陈莉莉	chen li li	2
陈莹	chen ying	32
陈藻	chen zao	2
陈虎	chen hu	19
陈虞之	chen yu zhi	2
陈虬	chen qiu	1
陈衍	chen yan	31
陈衡哲	chen heng zhe	4
陈衡恪	chen heng ke	1
陈裕光	chen yu guang	2
陈裴之	chen pei zhi	3
陈西贝	chen xi bei	4
陈诗欣	chen shi xin	16
陈谏	chen jian	2
陈谟	chen mo	8
陈谦寿	chen qian shou	2
陈谷	chen gu	7
陈豫钟	chen yu zhong	3
陈质平	chen zhi ping	3
陈赛	chen sai	3
陈赛娟	chen sai juan	2
陈辰	chen chen	9
陈达元	chen da yuan	1
陈远	chen yuan	18
陈造	chen zao	3
陈逵	chen kui	5
陈逸飞	chen yi fei	5
陈遇	chen yu	10
陈道复	chen dao fu	4
陈道远	chen dao yuan	4
陈邦彦	chen bang yan	12
陈金城	chen jin cheng	16
陈鉴	chen jian	30
陈銮	chen luan	9
陈钊	chen zhao	3
陈钦	chen qin	25
陈铁军	chen tie jun	6
陈铨	chen quan	9
陈锡嘏	chen xi gu	2
陈锡文	chen xi wen	12
陈锡联	chen xi lian	25
陈锦泉	chen jin quan	4
陈镔	chen bin	1
陈镜开	chen jing kai	4
陈镜湖	chen jing hu	25
陈闯	chen chuang	6
陈际泰	chen ji tai	2
陈雅丹	chen ya dan	4
陈雅玲	chen ya ling	1
陈雅琳	chen ya lin	6
陈雪根	chen xue gen	4
陈霆锐	chen ting rui	3
陈韶	chen shao	6
陈顺	chen shun	41
陈顺乐	chen shun le	4
陈颀	chen qi	7
陈骞	chen qian	8
陈鲤庭	chen li ting	4
陈鳌	chen ao	4
陈鸿寿	chen hong shou	7
陈鸿远	chen hong yuan	1
陈鸿道	chen hong dao	7
陈鹏年	chen peng nian	2
陈鹤	chen he	28
陈麟	chen lin	6
陈黻宸	chen fu chen	1
陈龙正	chen long zheng	3
陶东风	tao dong feng	6
陶伟	tao wei	16
陶侃	tao kan	35
陶勇	tao yong	28
陶复初	tao fu chu	5
陶季	tao ji	9
陶宏景	tao hong jing	2
陶寿伯	tao shou bo	1
陶峙岳	tao zhi yue	27
陶希圣	tao xi sheng	28
陶思璇	tao si xuan	5
陶成	tao cheng	9
陶景奎	tao jing kui	1
陶柯	tao ke	1
陶梁	tao liang	8
陶楷	tao kai	2
陶樽	tao zun	3
陶正祥	tao zheng xiang	2
陶永	tao yong	2
陶汉明	tao han ming	5
陶汉章	tao han zhang	7
陶汝鼐	tao ru nai	2
陶浚	tao jun	1
陶滔	tao tao	4
陶潜	tao qian	9
陶澍	tao shu	10
陶熔	tao rong	1
陶珽	tao ting	2
陶琳	tao lin	1
陶红	tao hong	14
陶虹	tao hong	22
陶谦	tao qian	25
陶铸	tao zhu	44
陶馥	tao fu	2
隆文	long wen	25
隋恭帝	sui gong di	15
隋文帝杨坚	sui wen di yang jian	33
隋菲菲	sui fei fei	8
雅丹	ya dan	10
雅琦	ya qi	12
雅辛	ya xin	32
雍县	yong xian	8
雍奴	yong nu	19
雍忠玮	yong zhong wei	3
雏乃	chu nai	9
雏形明子	chu xing ming zi	4
雨宫萤	yu gong ying	5
雨音	yu yin	24
雪庄	xue zhuang	1
雪瑶	xue yao	10
雪舟	xue zhou	8
零阳	ling yang	4
雷以诚	lei yi cheng	2
雷发达	lei fa da	4
雷大升	lei da sheng	2
雷宇	lei yu	33
雷恪	lei ke	5
雷恺	lei kai	11
雷晓丽	lei xiao li	4
雷永青	lei yong qing	4
雷洁琼	lei jie qiong	21
雷涅	lei nie	25
雷玲	lei ling	6
雷米特	lei mi te	13
雷诺德	lei nuo de	8
雷诺阿	lei nuo a	24
雷贞倜	lei zhen ti	2
雷铜	lei tong	1
霍守义	huo shou yi	3
霍尔金娜	huo er jin na	8
霍峻	huo jun	1
霍揆章	huo kui zhang	3
霍都	huo du	3
霍韬	huo tao	13
青之炎	qing zhi yan	13
青山真治	qing shan zhen zhi	4
青木爱	qing mu ai	6
青海骢	qing hai cong	2
青野武	qing ye wu	5
静嫔	jing pin	16
靳军	jin jun	8
靳玉砚	jin yu yan	2
靳祥	jin xiang	2
靳荣藩	jin rong fan	2
靳贵	jin gui	1
靳鑫	jin xin	5
鞠萍	ju ping	19
韦君宜	wei jun yi	1
韦唯	wei wei	20
韦庄	wei zhuang	13
韦庆	wei qing	9
韦应物	wei ying wu	9
韦康	wei kang	14
韦悫	wei que	3
韦拔群	wei ba qun	7
韦昌辉	wei chang hui	15
韦昭	wei zhao	22
韦玄成	wei xuan cheng	9
韦编	wei bian	3
韦钰	wei yu	10
韩三奇	han san qi	3
韩世忠	han shi zhong	33
韩世昌	han shi chang	7
韩乔生	han qiao sheng	6
韩令坤	han ling kun	8
韩佩颖	han pei ying	3
韩先楚	han xian chu	37
韩再芬	han zai fen	5
韩冰	han bing	42
韩勇	han yong	7
韩哀侯	han ai hou	3
韩国钧	han guo jun	12
韩复榘	han fu ju	7
韩奕	han yi	4
韩孝珠	han xiao zhu	7
韩宰锡	han zai xi	2
韩家麟	han jia lin	1
韩山童	han shan tong	5
韩嵩	han song	34
韩巍	han wei	1
韩当	han dang	13
韩德勤	han de qin	34
韩志国	han zhi guo	6
韩忠	han zhong	30
韩拙	han zhuo	3
韩擒虎	han qin hu	16
韩文侯	han wen hou	2
韩昭侯	han zhao hou	2
韩暹	han xian	1
韩松龄	han song ling	3
韩林儿	han lin er	33
韩浩	han hao	7
韩浩月	han hao yue	3
韩湘子	han xiang zi	29
韩猛	han meng	5
韩玄	han xuan	19
韩玮	han wei	10
韩珩	han heng	4
韩琦	han qi	28
韩琪	han qi	3
韩琼	han qiong	1
韩瑛	han ying	3
韩真真	han zhen zhen	6
韩石山	han shi shan	6
韩祯	han zhen	1
韩福	han fu	27
韩福德	han fu de	3
韩红林	han hong lin	3
韩综	han zong	33
韩美林	han mei lin	13
韩胄	han zhou	3
韩荣光	han rong guang	3
韩菼	han tan	3
韩融	han rong	11
韩诗	han shi	23
韩贞	han zhen	8
韩起祥	han qi xiang	2
韩邦庆	han bang qing	3
韩金英	han jin ying	3
韩非子	han fei zi	32
韩飞	han fei	3
项伯	xiang bo	1
项元汴	xiang yuan bian	4
项县	xiang xian	5
项圣谟	xiang sheng mo	2
项少龙	xiang shao long	6
项梁	xiang liang	29
项穆	xiang mu	3
项立刚	xiang li gang	10
项维仁	xiang wei ren	2
顺仪	shun yi	4
顾仲彝	gu zhong yi	2
顾允成	gu yun cheng	6
顾元庆	gu yuan qing	3
顾光旭	gu guang xu	1
顾况	gu kuang	9
顾准	gu zhun	12
顾列铭	gu lie ming	4
顾印愚	gu yin yu	3
顾复初	gu fu chu	3
顾大申	gu da shen	1
顾大章	gu da zhang	2
顾岩	gu yan	1
顾广圻	gu guang qi	2
顾应祥	gu ying xiang	3
顾彩	gu cai	1
顾德林	gu de lin	4
顾恺之	gu kai zhi	12
顾承	gu cheng	16
顾文渊	gu wen yuan	2
顾昉	gu fang	3
顾明道	gu ming dao	2
顾晓明	gu xiao ming	6
顾景星	gu jing xing	6
顾栋高	gu dong gao	11
顾樵	gu qiao	3
顾正红	gu zheng hong	9
顾汝修	gu ru xiu	2
顾沄	gu yun	1
顾海	gu hai	16
顾海滨	gu hai bin	4
顾湄	gu mei	2
顾湘	gu xiang	1
顾源	gu yuan	13
顾炎武	gu yan wu	36
顾玉东	gu yu dong	2
顾玉龙	gu yu long	4
顾珊	gu shan	2
顾琳	gu lin	5
顾瑛	gu ying	3
顾瑜	gu yu	3
顾璘	gu lin	4
顾皋	gu gao	2
顾祖禹	gu zu yu	7
顾翰	gu han	2
顾英	gu ying	9
顾蕙	gu hui	3
顾衡	gu heng	1
顾诚	gu cheng	7
顾贞观	gu zhen guan	3
顾起元	gu qi yuan	4
顾铨	gu quan	4
顾锡畴	gu xi chou	3
顾长卫	gu chang wei	21
顾闻	gu wen	1
顾阳	gu yang	1
顾随	gu sui	3
顾雍	gu yong	7
顾顺章	gu shun zhang	38
顾鼎臣	gu ding chen	3
顿喜	dun xi	2
颍阳	ying yang	16
颙琰	yong yan	7
颛顼	zhuan xu	35
颜丹晨	yan dan chen	8
颜之推	yan zhi tui	21
颜元	yan yuan	6
颜光敏	yan guang min	1
颜嘉璐	yan jia lu	3
颜延之	yan yan zhi	3
颜思齐	yan si qi	11
颜惠庆	yan hui qing	33
颜晓华	yan xiao hua	6
颜杲卿	yan gao qing	13
颜良	yan liang	13
额敏和卓	e min he zhuo	1
颢然	hao ran	4
风味绝佳	feng wei jue jia	4
风清扬	feng qing yang	21
风间杜夫	feng jian du fu	13
风音	feng yin	3
风魔小太郎	feng mo xiao tai lang	5
飒露紫	sa lu zi	5
飞翮	fei he	3
饭岛爱	fan dao ai	13
饭岛直子	fan dao zhi zi	10
饶国华	rao guo hua	6
饶毓泰	rao yu tai	7
饶漱石	rao shu shi	32
饶颖	rao ying	3
饶鹏	rao peng	4
香取慎吾	xiang qu shen wu	40
香川照之	xiang chuan zhao zhi	27
香月明美	xiang yue ming mei	1
香里奈	xiang li nai	18
騊駼	tao tu	2
马一龙	ma yi long	3
马丁路德	ma ding lu de	32
马丁路德金	ma ding lu de jin	7
马三立	ma san li	7
马世俊	ma shi jun	2
马世芳	ma shi fang	27
马中立	ma zhong li	3
马伊俐	ma yi li	4
马信	ma xin	5
马俪文	ma li wen	6
马健	ma jian	34
马健翎	ma jian ling	7
马元驭	ma yuan yu	2
马兆麟	ma zhao lin	1
马克吐温	ma ke tu wen	20
马克斯普朗克	ma ke si pu lang ke	7
马全良	ma quan liang	11
马公愚	ma gong yu	6
马兵	ma bing	14
马其昶	ma qi chang	3
马凯尔	ma kai er	13
马刚	ma gang	9
马励武	ma li wu	13
马千里	ma qian li	4
马卡连柯	ma ka lian ke	3
马叙伦	ma xu lun	47
马国伟	ma guo wei	7
马国瀚	ma guo han	3
马国珍	ma guo zhen	2
马国翰	ma guo han	8
马国贤	ma guo xian	2
马均	ma jun	5
马士图	ma shi tu	2
马天越	ma tian yue	3
马奇诺	ma qi nuo	29
马婧	ma jing	1
马宇	ma yu	12
马守真	ma shou zhen	20
马宗汉	ma zong han	10
马少华	ma shao hua	7
马尔蒂尼	ma er di ni	16
马尔顿	ma er dun	14
马尚	ma shang	46
马岱	ma dai	19
马师曾	ma shi zeng	21
马希范	ma xi fan	34
马康年	ma kang nian	3
马延	ma yan	34
马彦祥	ma yan xiang	3
马德兴	ma de xing	1
马忠	ma zhong	28
马思聪	ma si cong	8
马愈	ma yu	1
马拉多拉	ma la duo la	3
马援	ma yuan	47
马文生	ma wen sheng	4
马斌	ma bin	5
马斯洛	ma si luo	39
马新贻	ma xin yi	2
马方业	ma fang ye	5
马昂	ma ang	20
马明博	ma ming bo	4
马晋	ma jin	17
马晓年	ma xiao nian	8
马晓春	ma xiao chun	6
马景涛	ma jing tao	29
马晶	ma jing	1
马本斋	ma ben zhai	9
马树华	ma shu hua	5
马注	ma zhu	2
马瀛	ma ying	2
马烽	ma feng	5
马燕红	ma yan hong	4
马特乌斯	ma te wu si	34
马特维耶维奇	ma te wei ye wei qi	6
马特西亚斯	ma te xi ya si	2
马玉仁	ma yu ren	7
马玉麟	ma yu lin	4
马玩	ma wan	4
马琬	ma wan	2
马璧	ma bi	2
马留	ma liu	5
马相伯	ma xiang bo	11
马石	ma shi	6
马祖光	ma zu guang	1
马稷	ma ji	3
马端临	ma duan lin	8
马约翰	ma yue han	2
马纯	ma chun	4
马绍荣	ma shao rong	4
马聪玲	ma cong ling	4
马肃	ma su	5
马胜利	ma sheng li	3
马自强	ma zi qiang	1
马臻	ma zhen	4
马艳丽	ma yan li	9
马芳	ma fang	9
马荣祖	ma rong zu	2
马莉	ma li	20
马融	ma rong	19
马谡	ma su	28
马超俊	ma chao jun	23
马跃	ma yue	29
马连良	ma lian liang	23
马遵	ma zun	6
马邈	ma miao	1
马郁	ma yu	3
马鑫	ma xin	2
马钰	ma yu	8
马铁	ma tie	5
马长海	ma chang hai	8
马雄镇	ma xiong zhen	2
马雅可夫斯基	ma ya ke fu si ji	14
马霖	ma lin	6
马麟	ma lin	45
马鼎盛	ma ding sheng	1
骆宾基	luo bin ji	6
骆爽	luo shuang	2
骆玉笙	luo yu sheng	5
骆秉章	luo bing zhang	6
骆轶航	luo yi hang	4
高仓健	gao cang jian	24
高仙芝	gao xian zhi	15
高佩	gao pei	5
高俅	gao qiu	6
高健	gao jian	18
高健平	gao jian ping	3
高元钧	gao yuan jun	7
高兆	gao zhao	5
高其佩	gao qi pei	7
高其倬	gao qi zhuo	6
高凤翰	gao feng han	1
高凤阁	gao feng ge	3
高剑巍	gao jian wei	2
高剑父	gao jian fu	39
高原彩	gao yuan cai	4
高吉人	gao ji ren	2
高君宇	gao jun yu	15
高启	gao qi	16
高咏	gao yong	2
高国栋	gao guo dong	1
高垲	gao kai	3
高士其	gao shi qi	2
高士华	gao shi hua	4
高士奇	gao shi qi	14
高士达	gao shi da	14
高奴	gao nu	1
高娅媛	gao ya yuan	1
高娜	gao na	6
高子平	gao zi ping	1
高季兴	gao ji xing	20
高守	gao shou	3
高定	gao ding	9
高宝宝	gao bao bao	5
高小英	gao xiao ying	6
高尾绅路	gao wei shen lu	8
高山南	gao shan nan	19
高岛礼子	gao dao li zi	6
高峰秀子	gao feng xiu zi	3
高希舜	gao xi shun	1
高常在	gao chang zai	1
高平子	gao ping zi	5
高庆奎	gao qing kui	3
高延宗	gao yan zong	7
高振霄	gao zhen xiao	4
高敏	gao min	42
高文秀	gao wen xiu	1
高旗	gao qi	10
高旭	gao xu	33
高明海	gao ming hai	4
高显	gao xian	28
高晓声	gao xiao sheng	3
高杉晋作	gao shan jin zuo	13
高林生	gao lin sheng	5
高枫	gao feng	8
高柔	gao rou	7
高树勋	gao shu xun	39
高桥一生	gao qiao yi sheng	47
高桥克典	gao qiao ke dian	8
高桥努	gao qiao nu	6
高桥幸宏	gao qiao xing hong	13
高桥洋子	gao qiao yang zi	24
高桥爱	gao qiao ai	14
高桥美纪	gao qiao mei ji	2
高桥阳一	gao qiao yang yi	1
高梦旦	gao meng dan	1
高棅	gao bing	2
高楷	gao kai	3
高殷	gao yin	18
高汀	gao ting	25
高沛	gao pei	7
高波	gao bo	11
高海博	gao hai bo	4
高海燕	gao hai yan	4
高润霖	gao run lin	3
高淮	gao huai	5
高渐离	gao jian li	17
高濂	gao lian	8
高焕文	gao huan wen	2
高燮	gao xie	4
高玮	gao wei	6
高珊珊	gao shan shan	5
高田延彦	gao tian yan yan	1
高田裕司	gao tian yu si	4
高田麻衣	gao tian ma yi	3
高百岁	gao bai sui	3
高硕	gao shuo	21
高秀敏	gao xiu min	6
高秋福	gao qiu fu	1
高立民	gao li min	4
高简	gao jian	7
高红	gao hong	9
高群书	gao qun shu	10
高翥	gao zhu	3
高耀洁	gao yao jie	11
高老头	gao lao tou	3
高而颐	gao er yi	1
高良健吾	gao liang jian wu	14
高虎	gao hu	31
高览	gao lan	3
高觉敷	gao jue fu	5
高语罕	gao yu han	12
高辛	gao xin	8
高迪奥	gao di ao	9
高适	gao shi	11
高道士	gao dao shi	3
高道素	gao dao su	8
高部爱	gao bu ai	3
高金素梅	gao jin su mei	12
高鉴	gao jian	5
高钧	gao jun	5
高铃	gao ling	4
高铨	gao quan	3
高阜	gao fu	3
高顺	gao shun	38
高鹏振	gao peng zhen	2
高鹗	gao e	16
髡残	kun can	6
鬲国	ge guo	3
鬼束千寻	gui shu qian xun	12
魏乔	wei qiao	1
魏伯阳	wei bo yang	1
魏佳庆	wei jia qing	5
魏允贞	wei yun zhen	6
魏元帝	wei yuan di	7
魏克斯	wei ke si	9
魏击	wei ji	2
魏初	wei chu	10
魏君子	wei jun zi	2
魏坤	wei kun	33
魏学	wei xue	14
魏学曾	wei xue zeng	4
魏学濂	wei xue lian	5
魏尔伦	wei er lun	19
魏巍	wei wei	21
魏平	wei ping	14
魏延	wei yan	40
魏彬	wei bin	3
魏征	wei zheng	42
魏徵	wei zheng	5
魏惠王	wei hui wang	25
魏成	wei cheng	21
魏敏芝	wei min zhi	6
魏文侯	wei wen hou	16
魏文通	wei wen tong	1
魏斐德	wei fei de	4
魏明伦	wei ming lun	3
魏校	wei xiao	5
魏武侯	wei wu hou	6
魏武帝	wei wu di	24
魏浚	wei jun	23
魏湘	wei xiang	3
魏源	wei yuan	18
魏礼	wei li	5
魏祖清	wei zu qing	2
魏禧	wei xi	4
魏秀仁	wei xiu ren	3
魏续	wei xu	4
魏裔介	wei yi jie	3
魏襄王	wei xiang wang	18
魏象枢	wei xiang shu	1
魏道明	wei dao ming	31
魏野	wei ye	18
魏长生	wei chang sheng	3
魏骥	wei ji	2
魏鹤龄	wei he ling	3
鱼夫	yu fu	5
鱼翼	yu yi	3
鲁健	lu jian	17
鲁僖公	lu xi gong	23
鲁公	lu gong	14
鲁哀公	lu ai gong	28
鲁孝公	lu xiao gong	2
鲁宁	lu ning	23
鲁定公	lu ding gong	23
鲁宣公	lu xuan gong	9
鲁庄公	lu zhuang gong	12
鲁彦	lu yan	2
鲁彦周	lu yan zhou	3
鲁得之	lu de zhi	1
鲁悼公	lu dao gong	2
鲁惠公	lu hui gong	3
鲁文公	lu wen gong	19
鲁昭公	lu zhao gong	39
鲁杰里	lu jie li	1
鲁桓公	lu huan gong	24
鲁梅尼格	lu mei ni ge	19
鲁比亚	lu bi ya	20
鲁炀公	lu yang gong	1
鲁穆公	lu mu gong	1
鲁肃	lu su	30
鲁襄公	lu xiang gong	32
鲁贞	lu zhen	2
鲁超	lu chao	6
鲁闵公	lu min gong	2
鲁阳	lu yang	40
鲁隐公	lu yin gong	27
鲁顷公	lu qing gong	2
鲍俊	bao jun	5
鲍信	bao xin	5
鲍刚	bao gang	18
鲍宁	bao ning	6
鲍康	bao kang	11
鲍廷博	bao ting bo	1
鲍忠	bao zhong	5
鲍方	bao fang	8
鲍林	bao lin	24
鲍照	bao zhao	10
鲍皋	bao gao	2
鲍素	bao su	2
鲍超	bao chao	1
鲍隆	bao long	5
鲜于枢	xian yu shu	8
鸾鸟	luan niao	8
鹿传霖	lu chuan lin	21
鹿地亘	lu di gen	7
麟趾宫	lin zhi gong	3
麦人	mai ren	4
麦克卢汉	mai ke lu han	1
麦克道尔	mai ke dao er	10
麦克马纳斯	mai ke ma na si	7
麦卡勒斯	mai ka le si	7
麻理惠	ma li hui	6
麻美由真	ma mei you zhen	5
黄一苇	huang yi wei	4
黄万里	huang wan li	8
黄丕烈	huang pi lie	8
黄世忠	huang shi zhong	2
黄世成	huang shi cheng	2
黄世清	huang shi qing	4
黄世荣	huang shi rong	5
黄中理	huang zhong li	1
黄丽松	huang li song	2
黄举平	huang ju ping	2
黄乃裳	huang nai chang	5
黄义明	huang yi ming	4
黄义达	huang yi da	10
黄亚平	huang ya ping	11
黄仁宇	huang ren yu	11
黄仕清	huang shi qing	3
黄仕豪	huang shi hao	3
黄以周	huang yi zhou	2
黄仲元	huang zhong yuan	2
黄仲生	huang zhong sheng	3
黄伊汶	huang yi wen	6
黄伯思	huang bo si	3
黄伯涛	huang bo tao	2
黄佐	huang zuo	21
黄佐临	huang zuo lin	4
黄体芳	huang ti fang	1
黄侃	huang kan	34
黄俊郎	huang jun lang	6
黄健中	huang jian zhong	10
黄健翔	huang jian xiang	13
黄元御	huang yuan yu	5
黄公望	huang gong wang	12
黄公略	huang gong lve	16
黄兴文	huang xing wen	5
黄利华	huang li hua	6
黄勇	huang yong	20
黄华琼	huang hua qiong	7
黄卿	huang qing	6
黄叔璥	huang shu jing	6
黄吉安	huang ji an	4
黄君	huang jun	41
黄启东	huang qi dong	5
黄启川	huang qi chuan	5
黄国书	huang guo shu	15
黄国祯	huang guo zhen	2
黄国镇	huang guo zhen	8
黄土水	huang tu shui	8
黄圣依	huang sheng yi	44
黄培芳	huang pei fang	4
黄士衡	huang shi heng	1
黄士陵	huang shi ling	1
黄天菊	huang tian ju	2
黄天鹏	huang tian peng	3
黄奎	huang kui	39
黄奕中	huang yi zhong	5
黄婉伶	huang wan ling	4
黄子卿	huang zi qing	1
黄子君	huang zi jun	2
黄季陆	huang ji lu	18
黄守忠	huang shou zhong	1
黄安涛	huang an tao	1
黄宗仰	huang zong yang	1
黄宗会	huang zong hui	2
黄宗羲	huang zong xi	49
黄宗英	huang zong ying	4
黄宗颜	huang zong yan	3
黄家驷	huang jia si	4
黄宾虹	huang bin hong	39
黄小燕	huang xiao yan	3
黄山寿	huang shan shou	4
黄岚	huang lan	2
黄峻	huang jun	3
黄崇	huang chong	29
黄希文	huang xi wen	4
黄应谌	huang ying chen	2
黄度	huang du	3
黄庭坚	huang ting jian	38
黄廉	huang lian	19
黄建华	huang jian hua	3
黄彦	huang yan	30
黄彦平	huang yan ping	1
黄彪	huang biao	8
黄彭年	huang peng nian	3
黄征	huang zheng	15
黄德源	huang de yuan	2
黄志强	huang zhi qiang	28
黄志红	huang zhi hong	2
黄念祖	huang nian zu	1
黄怒波	huang nu bo	6
黄性震	huang xing zhen	2
黄承彦	huang cheng yan	1
黄文弼	huang wen bi	20
黄文达	huang wen da	2
黄日华	huang ri hua	14
黄明生	huang ming sheng	6
黄易	huang yi	29
黄春明	huang chun ming	13
黄显声	huang xian sheng	11
黄晞	huang xi	1
黄晟	huang sheng	28
黄景仁	huang jing ren	2
黄景贤	huang jing xian	3
黄暐	huang wei	2
黄朝琴	huang chao qin	12
黄本骥	huang ben ji	5
黄权	huang quan	7
黄杜	huang du	5
黄格选	huang ge xuan	1
黄桂秋	huang gui qiu	5
黄棠	huang tang	3
黄楚九	huang chu jiu	1
黄欣	huang xin	24
黄正宗	huang zheng zong	1
黄永年	huang yong nian	1
黄永玉	huang yong yu	9
黄永耀	huang yong yao	3
黄永胜	huang yong sheng	37
黄汝成	huang ru cheng	1
黄泓	huang hong	12
黄洛峰	huang luo feng	1
黄济	huang ji	23
黄浚	huang jun	4
黄海冰	huang hai bing	7
黄海林	huang hai lin	7
黄海波	huang hai bo	11
黄淳	huang chun	13
黄淳耀	huang chun yao	11
黄溥	huang pu	2
黄瀚	huang han	3
黄焕	huang huan	23
黄熙	huang xi	2
黄爱	huang ai	7
黄爵滋	huang jue zi	3
黄献	huang xian	14
黄玉莹	huang yu ying	3
黄玉阶	huang yu jie	6
黄现璠	huang xian fan	1
黄玺庆	huang xi qing	4
黄珊	huang shan	35
黄珍吾	huang zhen wu	7
黄珏	huang jue	3
黄琮	huang cong	8
黄璟	huang jing	6
黄璧	huang bi	3
黄登	huang deng	20
黄皓	huang hao	9
黄省曾	huang sheng zeng	2
黄真真	huang zhen zhen	5
黄睿	huang rui	4
黄祯	huang zhen	3
黄福林	huang fu lin	5
黄秋耘	huang qiu yun	5
黄笑宇	huang xiao yu	3
黄绍昌	huang shao chang	1
黄绍统	huang shao tong	2
黄继光	huang ji guang	17
黄维仁	huang wei ren	1
黄绾	huang wan	3
黄罗斌	huang luo bin	21
黄自	huang zi	26
黄航	huang hang	4
黄舸	huang ge	7
黄良玉	huang liang yu	4
黄节	huang jie	9
黄芳	huang fang	29
黄茂	huang mao	29
黄荃	huang quan	1
黄药师	huang yao shi	29
黄菊	huang ju	36
黄葆戊	huang bao wu	2
黄蓉	huang rong	49
黄蓓蕾	huang bei lei	1
黄薇	huang wei	21
黄薪	huang xin	9
黄衷	huang zhong	12
黄觉	huang jue	19
黄诚	huang cheng	13
黄谦	huang qian	10
黄超然	huang chao ran	1
黄进先	huang jin xian	3
黄远生	huang yuan sheng	5
黄道婆	huang dao po	23
黄遵宪	huang zun xian	15
黄金富	huang jin fu	4
黄金荣	huang jin rong	23
黄鑫	huang xin	12
黄锦康	huang jin kang	1
黄镇球	huang zhen qiu	10
黄阅	huang yue	3
黄雅莉	huang ya li	25
黄集伟	huang ji wei	7
黄霑	huang zhan	7
黄鸣龙	huang ming long	7
黄齐生	huang qi sheng	4
黎凯	li kai	8
黎培敬	li pei jing	2
黎姿	li zi	37
黎庶昌	li shu chang	2
黎德志	li de zhi	4
黎春华	li chun hua	4
黎民怀	li min huai	3
黎民表	li min biao	1
黎汝清	li ru qing	3
黎泽泰	li ze tai	2
黎玉玺	li yu xi	4
黎磊石	li lei shi	3
黎简	li jian	4
黎贞	li zhen	3
黎锦晖	li jin hui	8
黑崎一护	hei qi yi hu	20
黑木明纱	hei mu ming sha	3
黑木瞳	hei mu tong	10
黑楠	hei nan	5
黑田如水	hei tian ru shui	1
黑田官兵卫	hei tian guan bing wei	3
黑田长政	hei tian chang zheng	4
黛咪	dai mi	36
黛琪	dai qi	3
齐万年	qi wan nian	11
齐世英	qi shi ying	7
齐丹	qi dan	7
齐千郡	qi qian jun	3
齐召南	qi zhao nan	2
齐哀公	qi ai gong	1
齐太公	qi tai gong	5
齐如山	qi ru shan	8
齐妃	qi fei	4
齐威王	qi wei wang	11
齐孝公	qi xiao gong	5
齐学启	qi xue qi	1
齐宣公	qi xuan gong	2
齐宣王	qi xuan wang	38
齐庄公	qi zhuang gong	31
齐康公	qi kang gong	2
齐悼公	qi dao gong	23
齐惠公	qi hui gong	2
齐文公	qi wen gong	3
齐灵公	qi ling gong	21
齐献公	qi xian gong	1
齐简公	qi jian gong	18
齐胡公	qi hu gong	1
齐良琨	qi liang kun	3
齐藤庆子	qi teng qing zi	2
齐襄公	qi xiang gong	14
齐襄王	qi xiang wang	6
齐豫	qi yu	26
齐达内	qi da nei	21
齐闵王	qi min wang	1
齐顷公	qi qing gong	9
齐麟	qi lin	35
龙为霖	long wei lin	1
龙仁夫	long ren fu	2
龙元任	long yuan ren	3
龙勒	long le	3
龙启	long qi	6
龙启瑞	long qi rui	1
龙媒	long mei	1
龙德施泰特	long de shi tai te	3
龙纪	long ji	20
龙舒	long shu	23
龙蕾	long lei	6
龚丽	gong li	14
龚兰生	gong lan sheng	3
龚勤	gong qin	2
龚均	gong jun	4
龚宝铨	gong bao quan	1
龚居中	gong ju zhong	2
龚廷贤	gong ting xian	4
龚明之	gong ming zhi	2
龚易图	gong yi tu	1
龚晓跃	gong xiao yue	16
龚景	gong jing	1
龚浩	gong hao	8
龚睿那	gong rui na	3
龚秋声	gong qiu sheng	3
龚稼农	gong jia nong	3
龚翔麟	gong xiang lin	1
龚自珍	gong zi zhen	27
龚蓓苾	gong bei bi	2
龚贤	gong xian	15
龚都	gong du	4
龚鹏程	gong peng cheng	3
龚鼎孳	gong ding zi	6
龟井兹矩	gui jing zi ju	6
龟井绘里	gui jing hui li	3
龟梨和也	gui li he ye	29
