# 青简领域词库：法律，由 qingjian-dict-convert lexicon 从 THUOCL 拆出，基础词库里没有的部分。词	音节	词频
一上班	yi shang ban	15
一串铃法	yi chuan ling fa	3
一事一议制度	yi shi yi yi zhi du	7
一事不再理	yi shi bu zai li	4
一事不再罚原则	yi shi bu zai fa yuan ze	8
一切危险保险合同	yi qie wei xian bao xian he tong	2
一切可能措施	yi qie ke neng cuo shi	8
一切合理措施	yi qie he li cuo shi	7
一切必要措施	yi qie bi yao cuo shi	17
一参一控	yi can yi kong	1
一告九不理	yi gao jiu bu li	2
一夫一妻制	yi fu yi qi zhi	40
一夫多妻制	yi fu duo qi zhi	36
一如法界	yi ru fa jie	3
一审判决书	yi shen pan jue shu	9
一审法院	yi shen fa yuan	36
一审终结	yi shen zhong jie	8
一审裁定	yi shen cai ding	2
一对多业务	yi dui duo ye wu	3
一律予以没收	yi lv yu yi mo shou	8
一支黑玫瑰	yi zhi hei mei gui	6
一次指数平滑法	yi ci zhi shu ping hua fa	5
一次课征制	yi ci ke zheng zhi	5
一物一权	yi wu yi quan	9
一物一权原则	yi wu yi quan yuan ze	8
一签字	yi qian zi	10
一级市场	yi ji shi chang	1
一级漏电	yi ji lou dian	6
一级漏电保护	yi ji lou dian bao hu	5
一级谋杀	yi ji mou sha	48
一经循公诉程序定罪	yi jing xun gong su cheng xu ding zui	6
一致表决	yi zhi biao jue	2
一致裁决	yi zhi cai jue	7
一般交易条件	yi ban jiao yi tiao jian	7
一般侵权行为	yi ban qin quan xing wei	1
一般保证	yi ban bao zheng	12
一般共同犯罪	yi ban gong tong fan zui	8
一般共犯	yi ban gong fan	5
一般商事行为	yi ban shang shi xing wei	2
一般地域管辖例外	yi ban di yu guan xia li wai	2
一般地方立法	yi ban di fang li fa	7
一般担保	yi ban dan bao	9
一般担保责任	yi ban dan bao ze ren	6
一般授权	yi ban shou quan	2
一般授权立法	yi ban shou quan li fa	5
一般权利	yi ban quan li	9
一般法	yi ban fa	14
一般法律监督	yi ban fa lv jian du	5
一般流氓行为	yi ban liu mang xing wei	3
一般渎职罪	yi ban du zhi zui	4
一般留置权	yi ban liu zhi quan	4
一般税收协定	yi ban shui shou xie ding	4
一般累犯	yi ban lei fan	9
一般经济责任制	yi ban jing ji ze ren zhi	5
一般经纪商	yi ban jing ji shang	3
一般缓刑	yi ban huan xing	6
一般行政法原理	yi ban xing zheng fa yuan li	3
一般转让背书	yi ban zhuan rang bei shu	4
一般过失	yi ban guo shi	1
一般违法行为	yi ban wei fa xing wei	11
一般附加险	yi ban fu jia xian	9
一裁终局	yi cai zhong ju	11
一裁终局制度	yi cai zhong ju zhi du	8
一调一裁两审制	yi tiao yi cai liang shen zhi	3
一部露出说	yi bu lu chu shuo	2
丁凌华	ding ling hua	4
七出三不去	qi chu san bu qu	6
七十自画像	qi shi zi hua xiang	3
七去三不去	qi qu san bu qu	2
三三制法	san san zhi fa	2
三代以内直系血亲	san dai yi nei zhi xi xue qin	7
三元陶瓷集团	san yuan tao ci ji tuan	4
三农政策学习问答	san nong zheng ce xue xi wen da	3
三台县公安局	san tai xian gong an ju	7
三方责任事故	san fang ze ren shi gu	5
三明市烟草专卖局	san ming shi yan cao zhuan mai ju	6
三来一补	san lai yi bu	3
三来一补企业	san lai yi bu qi ye	9
三段警备法	san duan jing bei fa	1
三维谈判法	san wei tan pan fa	2
三重标准	san chong biao zhun	2
三高农业	san gao nong ye	10
上位法	shang wei fa	7
上市公司收购	shang shi gong si shou gou	1
上市公司现场检查办法	shang shi gong si xian chang jian cha ban fa	3
上市公司私有化	shang shi gong si si you hua	1
上海市专利费资助办法	shang hai shi zhuan li fei zi zhu ban fa	2
上海市协力律师事务所	shang hai shi xie li lv shi shi wu suo	9
上海市安全生产条例	shang hai shi an quan sheng chan tiao li	6
上海市展览业管理办法	shang hai shi zhan lan ye guan li ban fa	6
上海市工会条例	shang hai shi gong hui tiao li	4
上海市恒谊律师事务所	shang hai shi heng yi lv shi shi wu suo	4
上海市统计登记办法	shang hai shi tong ji deng ji ban fa	3
上海市防汛条例	shang hai shi fang xun tiao li	4
上海段和段律师事务所	shang hai duan he duan lv shi shi wu suo	7
上海税收优惠政策	shang hai shui shou you hui zheng ce	3
上诉审裁处	shang su shen cai chu	5
下关惨案	xia guan can an	6
下岗工人	xia gang gong ren	8
下级人民法院	xia ji ren min fa yuan	1
下级法庭	xia ji fa ting	5
不作为侵权	bu zuo wei qin quan	9
不作为债务	bu zuo wei zhai wu	6
不作为犯	bu zuo wei fan	3
不作为犯研究	bu zuo wei fan yan jiu	5
不具有法律效力	bu ju you fa lv xiao li	1
不动产信用控制	bu dong chan xin yong kong zhi	5
不动产物权变动模式	bu dong chan wu quan bian dong mo shi	4
不动产物权登记制度	bu dong chan wu quan deng ji zhi du	6
不动产登记法	bu dong chan deng ji fa	1
不动产统一登记制度	bu dong chan tong yi deng ji zhi du	8
不单方接触	bu dan fang jie chu	6
不可侵犯权	bu ke qin fan quan	7
不可分之债	bu ke fen zhi zhai	5
不可抗力事件	bu ke kang li shi jian	12
不可撤销贷款承诺	bu ke che xiao dai kuan cheng nuo	4
不可避免披露原则	bu ke bi mian pi lu yuan ze	5
不合常理	bu he chang li	30
不告不理	bu gao bu li	2
不安全行为	bu an quan xing wei	2
不安全食品	bu an quan shi pin	12
不安抗辩权	bu an kang bian quan	12
不完全履行	bu wan quan lv xing	13
不完全酷刑档案	bu wan quan ku xing dang an	3
不定值保险合同	bu ding zhi bao xian he tong	9
不定期航班	bu ding qi hang ban	3
不履行合同	bu lv xing he tong	14
不履行合约	bu lv xing he yue	8
不得担任国家	bu de dan ren guo jia	1
不正当有奖销售行为	bu zheng dang you jiang xiao shou xing wei	6
不歧视待遇	bu qi shi dai yu	4
不真正不作为犯	bu zhen zheng bu zuo wei fan	6
不真正连带之债	bu zhen zheng lian dai zhi zhai	4
不确定性经济学	bu que ding xing jing ji xue	5
不能犯未遂	bu neng fan wei sui	7
不良行为记录	bu liang xing wei ji lu	13
不要式合同	bu yao shi he tong	8
不要式民事法律行为	bu yao shi min shi fa lv xing wei	4
不要式法律行为	bu yao shi fa lv xing wei	6
不计免赔率特约险	bu ji mian pei lv te yue xian	9
不配合强奸	bu pei he qiang jian	2
与国际惯例接轨	yu guo ji guan li jie gui	13
专业化银行制	zhuan ye hua yin hang zhi	4
专业技术类职位	zhuan ye ji shu lei zhi wei	8
专业技术职务聘任制	zhuan ye ji shu zhi wu pin ren zhi	11
专业标准化技术委员会	zhuan ye biao zhun hua ji shu wei yuan hui	10
专业计算	zhuan ye ji suan	14
专利产品	zhuan li chan pin	4
专利代理人考核委员会	zhuan li dai li ren kao he wei yuan hui	8
专利代理委托书	zhuan li dai li wei tuo shu	8
专利代理费	zhuan li dai li fei	7
专利使用费	zhuan li shi yong fei	2
专利侵权	zhuan li qin quan	25
专利侵权救济	zhuan li qin quan jiu ji	5
专利侵权行为	zhuan li qin quan xing wei	2
专利保护期限	zhuan li bao hu qi xian	8
专利保护范围	zhuan li bao hu fan wei	1
专利信息	zhuan li xin xi	13
专利制度	zhuan li zhi du	2
专利发展战略研究	zhuan li fa zhan zhan lve yan jiu	5
专利合作条约	zhuan li he zuo tiao yue	11
专利复审委员会	zhuan li fu shen wei yuan hui	4
专利实施强制许可办法	zhuan li shi shi qiang zhi xu ke ban fa	7
专利实施许可合同	zhuan li shi shi xu ke he tong	12
专利审查协作中心	zhuan li shen cha xie zuo zhong xin	1
专利审查指南	zhuan li shen cha zhi nan	9
专利技术转让合同	zhuan li ji shu zhuan rang he tong	8
专利文件	zhuan li wen jian	14
专利无效诉讼	zhuan li wu xiao su song	6
专利权人	zhuan li quan ren	1
专利权利要求	zhuan li quan li yao qiu	3
专利权归属	zhuan li quan gui shu	9
专利权无效	zhuan li quan wu xiao	5
专利权终止	zhuan li quan zhong zhi	8
专利权质押合同	zhuan li quan zhi ya he tong	9
专利权转让	zhuan li quan zhuan rang	12
专利权转让合同	zhuan li quan zhuan rang he tong	10
专利法	zhuan li fa	22
专利法实施细则	zhuan li fa shi shi xi ze	2
专利法条约	zhuan li fa tiao yue	6
专利法研究	zhuan li fa yan jiu	6
专利流氓	zhuan li liu mang	6
专利独立权利要求	zhuan li du li quan li yao qiu	10
专利申请优先权	zhuan li shen qing you xian quan	6
专利申请号标准	zhuan li shen qing hao biao zhun	6
专利申请实施许可合同	zhuan li shen qing shi shi xu ke he tong	6
专利申请权	zhuan li shen qing quan	13
专利申请权人	zhuan li shen qing quan ren	6
专利申请权转让	zhuan li shen qing quan zhuan rang	10
专利申请权转让合同	zhuan li shen qing quan zhuan rang he tong	9
专利的分案申请	zhuan li de fen an shen qing	3
专利知识产权	zhuan li zhi shi chan quan	10
专利终止	zhuan li zhong zhi	4
专利维持	zhuan li wei chi	1
专利联营	zhuan li lian ying	6
专利许可协议	zhuan li xu ke xie yi	2
专利许可贸易	zhuan li xu ke mao yi	8
专利费用减缓办法	zhuan li fei yong jian huan ban fa	6
专利转让	zhuan li zhuan rang	2
专属经济区和大陆架法	zhuan shu jing ji qu he da lu jia fa	8
专有出版发行权	zhuan you chu ban fa xing quan	5
专有出版权	zhuan you chu ban quan	11
专有技术	zhuan you ji shu	8
专有技术秘密	zhuan you ji shu mi mi	4
专有技术许可合同	zhuan you ji shu xu ke he tong	7
专有表演权	zhuan you biao yan quan	4
专权离婚主义	zhuan quan li hun zhu yi	4
专款专用	zhuan kuan zhuan yong	8
专用记账凭证	zhuan yong ji zhang ping zheng	7
专用采访证	zhuan yong cai fang zheng	5
专科学校法	zhuan ke xue xiao fa	7
专约	zhuan yue	11
专营政策	zhuan ying zheng ce	9
专门业务培训	zhuan men ye wu pei xun	10
专门人民检察院	zhuan men ren min jian cha yuan	1
专门人民法院	zhuan men ren min fa yuan	7
专门检察院	zhuan men jian cha yuan	3
专门法庭	zhuan men fa ting	8
专门法院	zhuan men fa yuan	9
专项应急预案	zhuan xiang ying ji yu an	1
专题讲座配套练习	zhuan ti jiang zuo pei tao lian xi	3
世界人权约法总览	shi jie ren quan yue fa zong lan	1
世界动物卫生组织	shi jie dong wu wei sheng zu zhi	43
世界法学家协会	shi jie fa xue jia xie hui	8
世界法律传统	shi jie fa lv chuan tong	3
世界法律名著选读	shi jie fa lv ming zhu xuan du	4
世界法律日	shi jie fa lv ri	5
世界濒危动物红皮书	shi jie bin wei dong wu hong pi shu	5
世界环境法汇编	shi jie huan jing fa hui bian	2
世界知识产权组织	shi jie zhi shi chan quan zu zhi	25
世界贸易组织协议	shi jie mao yi zu zhi xie yi	2
业主临时公约	ye zhu lin shi gong yue	12
业主大会规程	ye zhu da hui gui cheng	9
业主大会议事规则	ye zhu da hui yi shi gui ze	13
业主委员会	ye zhu wei yuan hui	27
业主工程款支付担保	ye zhu gong cheng kuan zhi fu dan bao	10
业主撤销权	ye zhu che xiao quan	2
业主权	ye zhu quan	2
业务分类	ye wu fen lei	3
业权文件	ye quan wen jian	4
业瑜伽	ye yu jia	12
东南欧稳定公约	dong nan ou wen ding gong yue	2
东坡先生墓志铭	dong po xian sheng mu zhi ming	5
东营市中级人民法院	dong ying shi zhong ji ren min fa yuan	9
丞相史	cheng xiang shi	10
丢失枪支不报罪	diu shi qiang zhi bu bao zui	5
两值期权	liang zhi qi quan	2
两全保险	liang quan bao xian	13
两段招标	liang duan zhao biao	5
两非案件	liang fei an jian	5
个人二手住房贷款	ge ren er shou zhu fang dai kuan	8
个人代理人	ge ren dai li ren	11
个人住房加按揭贷款	ge ren zhu fang jia an jie dai kuan	7
个人住房转按揭贷款	ge ren zhu fang zhuan an jie dai kuan	7
个人恐怖犯罪	ge ren kong bu fan zui	5
个人独资企业法	ge ren du zi qi ye fa	11
个人经营	ge ren jing ying	8
个体工商户	ge ti gong shang hu	26
个体工商户纳税	ge ti gong shang hu na shui	7
个体经济法	ge ti jing ji fa	3
个体经济组织	ge ti jing ji zu zhi	13
个体经营	ge ti jing ying	17
个别发行证券	ge bie fa xing zheng quan	3
中世纪西欧骑士制度	zhong shi ji xi ou qi shi zhi du	4
中介服务收费管理办法	zhong jie fu wu shou fei guan li ban fa	7
中位数价格法	zhong wei shu jia ge fa	3
中俄密约	zhong e mi yue	7
中俄续勘喀什噶尔界约	zhong e xu kan ka shi ga er jie yue	7
中保财产保险公司	zhong bao cai chan bao xian gong si	8
中共中央书记处研究室	zhong gong zhong yang shu ji chu yan jiu shi	8
中共中央政法委员会	zhong gong zhong yang zheng fa wei yuan hui	10
中共中央调查部	zhong gong zhong yang diao cha bu	16
中共贵港市委政法委	zhong gong gui gang shi wei zheng fa wei	2
中凯律师事务所	zhong kai lv shi shi wu suo	8
中募委	zhong mu wei	8
中医医院管理评价指南	zhong yi yi yuan guan li ping jia zhi nan	6
中医药管理局	zhong yi yao guan li ju	14
中医药继续教育规定	zhong yi yao ji xu jiao yu gui ding	6
中华人民共和国专利局	zhong hua ren min gong he guo zhuan li ju	8
中华人民共和国主席	zhong hua ren min gong he guo zhu xi	14
中华人民共和国仲裁法	zhong hua ren min gong he guo zhong cai fa	11
中华人民共和国价格法	zhong hua ren min gong he guo jia ge fa	12
中华人民共和国保险法	zhong hua ren min gong he guo bao xian fa	12
中华人民共和国兵役法	zhong hua ren min gong he guo bing yi fa	11
中华人民共和国军事法	zhong hua ren min gong he guo jun shi fa	4
中华人民共和国农业部	zhong hua ren min gong he guo nong ye bu	11
中华人民共和国国务院	zhong hua ren min gong he guo guo wu yuan	14
中华人民共和国学位法	zhong hua ren min gong he guo xue wei fa	3
中华人民共和国学校法	zhong hua ren min gong he guo xue xiao fa	4
中华人民共和国审计法	zhong hua ren min gong he guo shen ji fa	12
中华人民共和国建设部	zhong hua ren min gong he guo jian she bu	12
中华人民共和国旅游法	zhong hua ren min gong he guo lv you fa	6
中华人民共和国森林法	zhong hua ren min gong he guo sen lin fa	11
中华人民共和国水法	zhong hua ren min gong he guo shui fa	11
中华人民共和国测绘法	zhong hua ren min gong he guo ce hui fa	10
中华人民共和国海关法	zhong hua ren min gong he guo hai guan fa	12
中华人民共和国渔业法	zhong hua ren min gong he guo yu ye fa	10
中华人民共和国煤炭法	zhong hua ren min gong he guo mei tan fa	9
中华人民共和国物权法	zhong hua ren min gong he guo wu quan fa	13
中华人民共和国电信法	zhong hua ren min gong he guo dian xin fa	6
中华人民共和国种子法	zhong hua ren min gong he guo zhong zi fa	10
中华人民共和国继承法	zhong hua ren min gong he guo ji cheng fa	10
中华人民共和国证券法	zhong hua ren min gong he guo zheng quan fa	14
中华人民共和国财政部	zhong hua ren min gong he guo cai zheng bu	12
中华人民共和国铁路法	zhong hua ren min gong he guo tie lu fa	9
中华人民共和国防洪法	zhong hua ren min gong he guo fang hong fa	10
中华人民共和国食品法	zhong hua ren min gong he guo shi pin fa	4
中华全国工商业联合会	zhong hua quan guo gong shang ye lian he hui	13
中华全国律师协会	zhong hua quan guo lv shi xie hui	21
中华全国律师协会章程	zhong hua quan guo lv shi xie hui zhang cheng	6
中华女	zhong hua nv	13
中华民国宪法概要	zhong hua min guo xian fa gai yao	1
中华民国约法	zhong hua min guo yue fa	6
中华民国鄂州约法	zhong hua min guo e zhou yue fa	5
中华法系	zhong hua fa xi	4
中卫市农牧局	zhong wei shi nong mu ju	3
中国专利信息中心	zhong guo zhuan li xin xi zhong xin	8
中国专利制度	zhong guo zhuan li zhi du	8
中国专利发明人年鉴	zhong guo zhuan li fa ming ren nian jian	4
中国专利局	zhong guo zhuan li ju	4
中国个体劳动者协会	zhong guo ge ti lao dong zhe xie hui	10
中国中小企业协会章程	zhong guo zhong xiao qi ye xie hui zhang cheng	3
中国之路与中国民法典	zhong guo zhi lu yu zhong guo min fa dian	3
中国习惯法论	zhong guo xi guan fa lun	4
中国书画装裱大全	zhong guo shu hua zhuang biao da quan	2
中国人权年刊	zhong guo ren quan nian kan	4
中国人民政治协商会议	zhong guo ren min zheng zhi xie shang hui yi	15
中国人民解放军财务部	zhong guo ren min jie fang jun cai wu bu	5
中国人民银行法	zhong guo ren min yin hang fa	9
中国价格法	zhong guo jia ge fa	4
中国企业商标网	zhong guo qi ye shang biao wang	4
中国企业家协会	zhong guo qi ye jia xie hui	9
中国企业法律事典	zhong guo qi ye fa lv shi dian	4
中国作家协会章程	zhong guo zuo jia xie hui zhang cheng	6
中国侵权损害赔偿网	zhong guo qin quan sun hai pei chang wang	3
中国保障性住房	zhong guo bao zhang xing zhu fang	4
中国信鸽协会竞赛规则	zhong guo xin ge xie hui jing sai gui ze	6
中国公证员协会	zhong guo gong zheng yuan xie hui	8
中国兵器工业总公司	zhong guo bing qi gong ye zong gong si	10
中国典型海事案例评析	zhong guo dian xing hai shi an li ping xi	2
中国农民工权利保障	zhong guo nong min gong quan li bao zhang	2
中国农民权益保护	zhong guo nong min quan yi bao hu	5
中国刑事法杂志	zhong guo xing shi fa za zhi	2
中国刑事警察	zhong guo xing shi jing cha	7
中国刑事辩护网	zhong guo xing shi bian hu wang	7
中国刑法近代化论纲	zhong guo xing fa jin dai hua lun gang	2
中国十大杰出检察官	zhong guo shi da jie chu jian cha guan	9
中国华能集团公司	zhong guo hua neng ji tuan gong si	2
中国反垄断法	zhong guo fan long duan fa	10
中国发明协会	zhong guo fa ming xie hui	5
中国古代判词研究	zhong guo gu dai pan ci yan jiu	2
中国古代契约法	zhong guo gu dai qi yue fa	4
中国古代巡视制度	zhong guo gu dai xun shi zhi du	3
中国古代权力与法律	zhong guo gu dai quan li yu fa lv	3
中国古代行政立法	zhong guo gu dai xing zheng li fa	2
中国司法现代化研究	zhong guo si fa xian dai hua yan jiu	3
中国名律师办案实录	zhong guo ming lv shi ban an shi lu	3
中国国有资产法研究	zhong guo guo you zi chan fa yan jiu	3
中国国际商会仲裁院	zhong guo guo ji shang hui zhong cai yuan	6
中国国际私法完善研究	zhong guo guo ji si fa wan shan yan jiu	3
中国土地权利研究	zhong guo tu di quan li yan jiu	6
中国土地法大纲	zhong guo tu di fa da gang	11
中国增值税法	zhong guo zeng zhi shui fa	2
中国外贸依存度	zhong guo wai mao yi cun du	9
中国外轮代理公司	zhong guo wai lun dai li gong si	2
中国大案侦破实录	zhong guo da an zhen po shi lu	7
中国大陆行政诉讼	zhong guo da lu xing zheng su song	4
中国妇女发展基金会	zhong guo fu nv fa zhan ji jin hui	12
中国妇女研究会	zhong guo fu nv yan jiu hui	8
中国婚姻家庭及其变迁	zhong guo hun yin jia ting ji qi bian qian	6
中国婚姻法学研究会	zhong guo hun yin fa xue yan jiu hui	3
中国安全防范行业年鉴	zhong guo an quan fang fan hang ye nian jian	5
中国宪政史研究纲要	zhong guo xian zheng shi yan jiu gang yao	3
中国宪法研究	zhong guo xian fa yan jiu	4
中国家具消费维权宝典	zhong guo jia ju xiao fei wei quan bao dian	5
中国家族法原理	zhong guo jia zu fa yuan li	6
中国对外承包工程商会	zhong guo dui wai cheng bao gong cheng shang hui	11
中国对外贸易法	zhong guo dui wai mao yi fa	7
中国少数民族法制史	zhong guo shao shu min zu fa zhi shi	4
中国工商银行办公室	zhong guo gong shang yin hang ban gong shi	6
中国广告法	zhong guo guang gao fa	7
中国当代法学争鸣实录	zhong guo dang dai fa xue zheng ming shi lu	4
中国影响性诉讼	zhong guo ying xiang xing su song	4
中国律师办案全程实录	zhong guo lv shi ban an quan cheng shi lu	7
中国律师涉案实录	zhong guo lv shi she an shi lu	3
中国战争电影史	zhong guo zhan zheng dian ying shi	5
中国房地产法	zhong guo fang di chan fa	1
中国房地产税收	zhong guo fang di chan shui shou	9
中国执业药师	zhong guo zhi ye yao shi	9
中国摄影家协会章程	zhong guo she ying jia xie hui zhang cheng	4
中国新闻传播事业史纲	zhong guo xin wen chuan bo shi ye shi gang	3
中国新闻工作者协会	zhong guo xin wen gong zuo zhe xie hui	7
中国普法网	zhong guo pu fa wang	11
中国未成年人	zhong guo wei cheng nian ren	6
中国核工业总公司	zhong guo he gong ye zong gong si	10
中国残疾人福利基金会	zhong guo can ji ren fu li ji jin hui	11
中国残疾人联合会	zhong guo can ji ren lian he hui	27
中国民用航空总局	zhong guo min yong hang kong zong ju	20
中国法制史	zhong guo fa zhi shi	8
中国法制频道	zhong guo fa zhi pin dao	3
中国法学前沿	zhong guo fa xue qian yan	2
中国法学教育研究	zhong guo fa xue jiao yu yan jiu	1
中国法律思想史	zhong guo fa lv si xiang shi	2
中国法律知识资源总库	zhong guo fa lv zhi shi zi yuan zong ku	4
中国法律门户网	zhong guo fa lv men hu wang	5
中国注册会计师	zhong guo zhu ce kuai ji shi	2
中国注册会计师协会	zhong guo zhu ce kuai ji shi xie hui	14
中国注册会计师法	zhong guo zhu ce kuai ji shi fa	6
中国海关关徽	zhong guo hai guan guan hui	3
中国滑雪场所管理规范	zhong guo hua xue chang suo guan li gui fan	4
中国烟草总公司	zhong guo yan cao zong gong si	11
中国煤炭行业自律公约	zhong guo mei tan hang ye zi lv gong yue	4
中国特色社会主义制度	zhong guo te se she hui zhu yi zhi du	10
中国现代史	zhong guo xian dai shi	49
中国盲人协会	zhong guo mang ren xie hui	1
中国知识产权	zhong guo zhi shi chan quan	3
中国知识产权司法保护	zhong guo zhi shi chan quan si fa bao hu	8
中国知识产权法	zhong guo zhi shi chan quan fa	1
中国知识产权研究会	zhong guo zhi shi chan quan yan jiu hui	9
中国知识产权评论	zhong guo zhi shi chan quan ping lun	3
中国社会工作者协会	zhong guo she hui gong zuo zhe xie hui	9
中国税收守法基本问题	zhong guo shui shou shou fa ji ben wen ti	2
中国稻田甲烷排放	zhong guo dao tian jia wan pai fang	3
中国第一圣	zhong guo di yi sheng	4
中国经济制度	zhong guo jing ji zhi du	9
中国统配煤矿总公司	zhong guo tong pei mei kuang zong gong si	9
中国聋哑人协会	zhong guo long ya ren xie hui	3
中国能源法律体系研究	zhong guo neng yuan fa lv ti xi yan jiu	4
中国航空法	zhong guo hang kong fa	7
中国药事法	zhong guo yao shi fa	5
中国药事法规	zhong guo yao shi fa gui	5
中国证券业协会	zhong guo zheng quan ye xie hui	6
中国证券业协会章程	zhong guo zheng quan ye xie hui zhang cheng	6
中国证券投资基金法	zhong guo zheng quan tou zi ji jin fa	5
中国财贸工会	zhong guo cai mao gong hui	4
中国质量监督	zhong guo zhi liang jian du	10
中国轻工总会	zhong guo qing gong zong hui	5
中国违宪审查制度	zhong guo wei xian shen cha zhi du	5
中国连锁经营协会	zhong guo lian suo jing ying xie hui	4
中国道路交通安全法	zhong guo dao lu jiao tong an quan fa	4
中国重案纪实录	zhong guo zhong an ji shi lu	3
中国银行业维权公约	zhong guo yin hang ye wei quan gong yue	5
中国银行业自律公约	zhong guo yin hang ye zi lv gong yue	6
中国食品工业协会	zhong guo shi pin gong ye xie hui	8
中外合作经营企业	zhong wai he zuo jing ying qi ye	4
中外合资企业章程	zhong wai he zi qi ye zhang cheng	3
中外合资经营企业法	zhong wai he zi jing ying qi ye fa	12
中外法学名著指要	zhong wai fa xue ming zhu zhi yao	2
中央与地方财政	zhong yang yu di fang cai zheng	10
中央储备糖管理办法	zhong yang chu bei tang guan li ban fa	7
中央军事委员会主席	zhong yang jun shi wei yuan hui zhu xi	14
中央地方共享税	zhong yang di fang gong xiang shui	9
中央电视台晚会	zhong yang dian shi tai wan hui	7
中央转业建设委员会	zhong yang zhuan ye jian she wei yuan hui	4
中小企业扶持资金	zhong xiao qi ye fu chi zi jin	7
中小企业政策	zhong xiao qi ye zheng ce	1
中小企业标准暂行规定	zhong xiao qi ye biao zhun zan xing gui ding	8
中小学校会计制度	zhong xiao xue xiao kuai ji zhi du	8
中小学校长培训规定	zhong xiao xue xiao zhang pei xun gui ding	7
中小板指数	zhong xiao ban zhi shu	13
中德法学论坛	zhong de fa xue lun tan	3
中性货币政策	zhong xing huo bi zheng ce	8
中方县法院	zhong fang xian fa yuan	3
中日四个政治文件	zhong ri si ge zheng zhi wen jian	3
中日通商行船条约	zhong ri tong shang xing chuan tiao yue	5
中欧法学院	zhong ou fa xue yuan	7
中欧自由贸易区	zhong ou zi you mao yi qu	6
中止令	zhong zhi ling	1
中止执行	zhong zhi zhi xing	5
中止谈判	zhong zhi tan pan	9
中毒性精神病	zhong du xing jing shen bing	1
中法网学校	zhong fa wang xue xiao	14
中直机关事务管理局	zhong zhi ji guan shi wu guan li ju	7
中等职业学校德育大纲	zhong deng zhi ye xue xiao de yu da gang	6
中美审判效率比较研究	zhong mei shen pan xiao lv bi jiao yan jiu	2
中表婚	zhong biao hun	7
中豪律师事务所	zhong hao lv shi shi wu suo	8
中转服务	zhong zhuan fu wu	5
中铁五局集团	zhong tie wu ju ji tuan	3
中间业主	zhong jian ye zhu	5
中间判决	zhong jian pan jue	6
中间媒介	zhong jian mei jie	10
中青年法学文库	zhong qing nian fa xue wen ku	5
中韩铁路轮渡	zhong han tie lu lun du	8
临夏回族自治州公安局	lin xia hui zu zi zhi zhou gong an ju	4
临时价格干预	lin shi jia ge gan yu	15
临时使用土地合同	lin shi shi yong tu di he tong	9
临时使用土地补偿费	lin shi shi yong tu di bu chang fei	8
临时存储粮	lin shi cun chu liang	11
临时性禁止令	lin shi xing jin zhi ling	2
丹诺辩护实录	dan nuo bian hu shi lu	2
为亲友非法牟利罪	wei qin you fei fa mou li zui	9
为什么制度重要	wei shen me zhi du zhong yao	4
为利执法	wei li zhi fa	2
为吏之道	wei li zhi dao	7
为官僚制正名	wei guan liao zhi zheng ming	2
为实施权	wei shi shi quan	6
为废除死刑而战	wei fei chu si xing er zhan	4
为政以德	wei zheng yi de	1
为权利而斗争	wei quan li er dou zheng	11
为权益而战	wei quan yi er zhan	5
为第三人利益合同	wei di san ren li yi he tong	5
主体不符	zhu ti bu fu	9
主动交代违法违纪行为	zhu dong jiao dai wei fa wei ji xing wei	8
主审裁判官	zhu shen cai pan guan	5
主客观相统一	zhu ke guan xiang tong yi	9
主权外债	zhu quan wai zhai	9
主权违约	zhu quan wei yue	1
主营业地	zhu ying ye di	10
主要业务地点	zhu yao ye wu di dian	4
主要债务人	zhu yao zhai wu ren	9
主要办事处	zhu yao ban shi chu	6
主要林木品种审定办法	zhu yao lin mu pin zhong shen ding ban fa	4
主要民事赔偿责任	zhu yao min shi pei chang ze ren	6
主观恶性	zhu guan e xing	6
举证责任倒置原则	ju zheng ze ren dao zhi yuan ze	9
乌尔纳木法典	wu er na mu fa dian	6
乌鲁木齐县法院	wu lu mu qi xian fa yuan	2
乌鲁木齐市信访局	wu lu mu qi shi xin fang ju	4
乐业县人民检察院	le ye xian ren min jian cha yuan	3
乐安县公安局	le an xian gong an ju	5
乐都县司法局	le du xian si fa ju	3
乙方受让	yi fang shou rang	7
九江市扶贫办	jiu jiang shi fu pin ban	2
乞丐罪	qi gai zui	4
也许正在发生	ye xu zheng zai fa sheng	8
习惯国际法	xi guan guo ji fa	9
乡村医生从业管理条例	xiang cun yi sheng cong ye guan li tiao li	9
乡村规划	xiang cun gui hua	13
乡镇企业用地使用权	xiang zhen qi ye yong di shi yong quan	5
乡镇联营企业暂行规定	xiang zhen lian ying qi ye zan xing gui ding	5
书记员宣读法庭纪律	shu ji yuan xuan du fa ting ji lv	4
书记官专业	shu ji guan zhuan ye	5
买卖军用标志罪	mai mai jun yong biao zhi zui	6
乱集资	luan ji zi	11
乾理律师事务所	qian li lv shi shi wu suo	4
争论点	zheng lun dian	12
事业单位人事管理条例	shi ye dan wei ren shi guan li tiao li	7
事业单位人员失职罪	shi ye dan wei ren yuan shi zhi zui	7
事业单位人员聘用制度	shi ye dan wei ren yuan pin yong zhi du	9
事业单位养老保险	shi ye dan wei yang lao bao xian	12
事业单位工资制度	shi ye dan wei gong zi zhi du	11
事业单位法人	shi ye dan wei fa ren	10
事业单位法人证书	shi ye dan wei fa ren zheng shu	11
事业单位登记管理制度	shi ye dan wei deng ji guan li zhi du	6
事业单位聘用制	shi ye dan wei pin yong zhi	10
事业单位财务管理制度	shi ye dan wei cai wu guan li zhi du	6
事件驱动型策略	shi jian qu dong xing ce lve	4
事务性工作	shi wu xing gong zuo	10
事后不可罚行为	shi hou bu ke fa xing wei	4
事后不能	shi hou bu neng	9
事急从权	shi ji cong quan	11
事故发生制	shi gu fa sheng zhi	3
事故责任比例	shi gu ze ren bi li	10
事断于法	shi duan yu fa	6
二十种随烦恼	er shi zhong sui fan nao	1
二审判决书	er shen pan jue shu	3
二审法院	er shen fa yuan	40
二审法院经审理认为	er shen fa yuan jing shen li ren wei	8
二审裁定书	er shen cai ding shu	8
二手房买卖操作实务	er shou fang mai mai cao zuo shi wu	3
二种邪见	er zhong xie jian	5
二空观	er kong guan	4
二级谋杀罪	er ji mou sha zui	13
云南省人才市场条例	yun nan sheng ren cai shi chang tiao li	4
云南省拥军优属规定	yun nan sheng yong jun you shu gui ding	3
云南省杞麓湖管理条例	yun nan sheng qi lu hu guan li tiao li	2
云南省残疾人优待规定	yun nan sheng can ji ren you dai gui ding	4
云南省物业管理规定	yun nan sheng wu ye guan li gui ding	3
云南省私营企业条例	yun nan sheng si ying qi ye tiao li	2
云南省药品管理条例	yun nan sheng yao pin guan li tiao li	3
云南省见义勇为基金会	yun nan sheng jian yi yong wei ji jin hui	4
云法律	yun fa lv	5
互免签证协议	hu mian qian zheng xie yi	5
互相印证	hu xiang yin zheng	2
互联网控制信息协议	hu lian wang kong zhi xin xi xie yi	3
互联网站管理工作细则	hu lian wang zhan guan li gong zuo xi ze	6
五不租	wu bu zu	10
五城察院	wu cheng cha yuan	4
五大连池市国家税务局	wu da lian chi shi guo jia shui wu ju	2
五定	wu ding	13
五朝会典	wu chao hui dian	6
五福牌	wu fu pai	4
五级三节制	wu ji san jie zhi	7
五荒地	wu huang di	7
五险一金小全书	wu xian yi jin xiao quan shu	3
亚太空间合作组织公约	ya tai kong jian he zuo zu zhi gong yue	7
亚太贸易协定	ya tai mao yi xie ding	10
亚硝酸盐中毒	ya xiao suan yan zhong du	11
亚非法律协商委员会	ya fei fa lv xie shang wei yuan hui	3
交叉互换	jiao cha hu huan	5
交叉补贴	jiao cha bu tie	1
交强险赔偿范围	jiao qiang xian pei chang fan wei	6
交战团体	jiao zhan tuan ti	4
交投活跃	jiao tou huo yue	14
交投清淡	jiao tou qing dan	14
交换配偶	jiao huan pei ou	1
交易安全与中国民商法	jiao yi an quan yu zhong guo min shang fa	3
交通事故伤残鉴定	jiao tong shi gu shang can jian ding	10
交通事故处理	jiao tong shi gu chu li	3
交通事故处理程序规定	jiao tong shi gu chu li cheng xu gui ding	10
交通事故损害赔偿	jiao tong shi gu sun hai pei chang	13
交通事故死亡赔偿金	jiao tong shi gu si wang pei chang jin	7
交通事故认定书	jiao tong shi gu ren ding shu	13
交通事故责任强制保险	jiao tong shi gu ze ren qiang zhi bao xian	15
交通事故赔偿项目	jiao tong shi gu pei chang xiang mu	4
交通幽默	jiao tong you mo	4
交通拥堵费	jiao tong yong du fei	12
交通法规制定程序规定	jiao tong fa gui zhi ding cheng xu gui ding	5
交通行政执法实务	jiao tong xing zheng zhi fa shi wu	3
交通行政执法规范	jiao tong xing zheng zhi fa gui fan	4
交通违章违法行为	jiao tong wei zhang wei fa xing wei	6
交通部汽车运价规则	jiao tong bu qi che yun jia gui ze	2
交钥匙合同	jiao yao shi he tong	7
交钥匙工程合同条件	jiao yao shi gong cheng he tong tiao jian	7
交钥匙工程承包合同	jiao yao shi gong cheng cheng bao he tong	2
交错要约	jiao cuo yao yue	2
产业结构调整政策	chan ye jie gou tiao zheng zheng ce	10
产业结构调节法	chan ye jie gou tiao jie fa	5
产供销一体化	chan gong xiao yi ti hua	1
产前诊断技术管理办法	chan qian zhen duan ji shu guan li ban fa	7
产品企业标准备案	chan pin qi ye biao zhun bei an	2
产品侵权行为	chan pin qin quan xing wei	5
产品侵权责任	chan pin qin quan ze ren	8
产品创新法则	chan pin chuang xin fa ze	5
产品及周期优化法	chan pin ji zhou qi you hua fa	5
产品局部欺诈	chan pin ju bu qi zha	6
产品开发建议书	chan pin kai fa jian yi shu	7
产品标识	chan pin biao zhi	2
产品瑕疵	chan pin xia ci	3
产品瑕疵责任	chan pin xia ci ze ren	5
产品税	chan pin shui	3
产品缺陷	chan pin que xian	10
产品缺陷责任	chan pin que xian ze ren	7
产品设计图	chan pin she ji tu	11
产品责任保险	chan pin ze ren bao xian	11
产品责任保险合同	chan pin ze ren bao xian he tong	4
产品责任保险条款	chan pin ze ren bao xian tiao kuan	3
产品责任法	chan pin ze ren fa	1
产品责任法律适用公约	chan pin ze ren fa lv shi yong gong yue	6
产品质量标准	chan pin zhi liang biao zhun	14
产品质量监督	chan pin zhi liang jian du	9
产品质量监督检查制度	chan pin zhi liang jian du jian cha zhi du	7
产品质量监督管理	chan pin zhi liang jian du guan li	12
产品质量监督试行办法	chan pin zhi liang jian du shi xing ban fa	4
产品销售权	chan pin xiao shou quan	9
产品防伪监督管理办法	chan pin fang wei jian du guan li ban fa	5
产地标记权	chan di biao ji quan	5
产权交易信息发布	chan quan jiao yi xin xi fa bu	5
产权分割	chan quan fen ge	1
产权制度	chan quan zhi du	3
产权制度改革	chan quan zhi du gai ge	2
产权变更	chan quan bian geng	13
产权或有变动事项	chan quan huo you bian dong shi xiang	4
产权残缺	chan quan can que	8
产权瑕疵	chan quan xia ci	6
产权界定	chan quan jie ding	1
产权登记	chan quan deng ji	3
产权登记证	chan quan deng ji zheng	11
产权登记面积	chan quan deng ji mian ji	11
产权设定	chan quan she ding	6
产量分成合同	chan liang fen cheng he tong	7
产销衔接	chan xiao xian jie	1
享乐价格法	xiang le jia ge fa	2
亮证执法制度	liang zheng zhi fa zhi du	5
亲子关系准据法	qin zi guan xi zhun ju fa	2
亲属法专论	qin shu fa zhuan lun	4
亲生父亲或母亲	qin sheng fu qin huo mu qin	6
亲生父母	qin sheng fu mu	48
人事代理制度	ren shi dai li zhi du	10
人事监督	ren shi jian du	9
人事聘用合同	ren shi pin yong he tong	8
人体器官移植委员会	ren ti qi guan yi zhi wei yuan hui	4
人体器官移植条例	ren ti qi guan yi zhi tiao li	3
人保财险机动车辆保险	ren bao cai xian ji dong che liang bao xian	2
人员监督	ren yuan jian du	4
人均国内生产总值	ren jun guo nei sheng chan zong zhi	28
人大代表议案	ren da dai biao yi an	11
人工影响天气管理条例	ren gong ying xiang tian qi guan li tiao li	7
人性化执法	ren xing hua zhi fa	12
人才派遣法	ren cai pai qian fa	4
人才贡献率	ren cai gong xian lv	3
人权和公民权宣言	ren quan he gong min quan xuan yan	19
人格权法专论	ren ge quan fa zhuan lun	2
人民代表大会主席团	ren min dai biao da hui zhu xi tuan	11
人民币升值压力	ren min bi sheng zhi ya li	14
人民币汇率法案	ren min bi hui lv fa an	3
人民币管理条例	ren min bi guan li tiao li	1
人民检察院组织法	ren min jian cha yuan zu zhi fa	7
人民法庭书记员	ren min fa ting shu ji yuan	3
人民法院审判案件	ren min fa yuan shen pan an jian	9
人民法院特定主管原则	ren min fa yuan te ding zhu guan yuan ze	5
人民法院组织法	ren min fa yuan zu zhi fa	20
人民法院诉讼收费办法	ren min fa yuan su song shou fei ban fa	10
人民监督员制度	ren min jian du yuan zhi du	12
人民解放军军事法院	ren min jie fang jun jun shi fa yuan	7
人民解放军土地管理局	ren min jie fang jun tu di guan li ju	2
人民解放军总参谋部	ren min jie fang jun zong can mou bu	12
人民解放军总后勤部	ren min jie fang jun zong hou qin bu	12
人民解放军总政治部	ren min jie fang jun zong zheng zhi bu	12
人民解放军财务部	ren min jie fang jun cai wu bu	5
人民警察常用法规选编	ren min jing cha chang yong fa gui xuan bian	2
人民调解员素质	ren min tiao jie yuan su zhi	5
人民陪审员制度	ren min pei shen yuan zhi du	12
人禽流感诊疗方案	ren qin liu gan zhen liao fang an	9
人类生殖科技条例	ren lei sheng zhi ke ji tiao li	4
人类精子库	ren lei jing zi ku	1
人类精子库管理办法	ren lei jing zi ku guan li ban fa	8
人类遗传资源管理条例	ren lei yi chuan zi yuan guan li tiao li	3
人行横道线	ren xing heng dao xian	3
人身权法典型判例研究	ren shen quan fa dian xing pan li yan jiu	3
亿霖木业	yi lin mu ye	12
仇嫌回避原则	chou xian hui bi yuan ze	3
今日说法故事精选	jin ri shuo fa gu shi jing xuan	3
介绍贿赂罪	jie shao hui lu zui	11
介绍贿赂行为	jie shao hui lu xing wei	8
从一重处断	cong yi zhong chu duan	9
从传统到现代	cong chuan tong dao xian dai	10
从传统到近代	cong chuan tong dao jin dai	5
从债务人	cong zhai wu ren	1
从债权	cong zhai quan	10
从契约到身份的回归	cong qi yue dao shen fen de hui gui	3
从宪法规范到规范宪法	cong xian fa gui fan dao gui fan xian fa	7
从属专利	cong shu zhuan li	9
从属权利要求	cong shu quan li yao qiu	11
从新兼从轻原则	cong xin jian cong qing yuan ze	5
从民事法律行为	cong min shi fa lv xing wei	5
从法律行为	cong fa lv xing wei	7
从给付义务	cong ji fu yi wu	8
从重处罚	cong zhong chu fa	25
仓储保管人	cang chu bao guan ren	7
仓储保管合同	cang chu bao guan he tong	9
仓储保管合同实务	cang chu bao guan he tong shi wu	3
仓储合同	cang chu he tong	11
仓单持有人	cang dan chi you ren	11
仓库契约	cang ku qi yue	2
仓库租赁合同	cang ku zu lin he tong	7
仓库管理制度	cang ku guan li zhi du	10
仓库防火安全管理规则	cang ku fang huo an quan guan li gui ze	7
他项权利登记	ta xiang quan li deng ji	11
付款委托	fu kuan wei tuo	9
仙游县城西中心小学	xian you xian cheng xi zhong xin xiao xue	2
代为清偿	dai wei qing chang	1
代为给付	dai wei ji fu	5
代位执行	dai wei zhi xing	9
代位权	dai wei quan	13
代位权制度	dai wei quan zhi du	9
代位权诉讼	dai wei quan su song	11
代位权诉讼制度	dai wei quan su song zhi du	3
代位求偿权	dai wei qiu chang quan	2
代位清偿	dai wei qing chang	7
代写文书	dai xie wen shu	7
代扣代缴	dai kou dai jiao	2
代执行	dai zhi xing	3
代物清偿	dai wu qing chang	8
代理出口合同	dai li chu kou he tong	7
代理协议	dai li xie yi	6
代理席位	dai li xi wei	6
代理房地产买卖	dai li fang di chan mai mai	6
代理房地产转让	dai li fang di chan zhuan rang	5
代理控告	dai li kong gao	7
代理收付款项	dai li shou fu kuan xiang	1
代理法律适用公约	dai li fa lv shi yong gong yue	3
以出顶进	yi chu ding jin	11
以刑去刑	yi xing qu xing	8
以卑犯尊	yi bei fan zun	6
以德配天	yi de pei tian	8
以拘代捕	yi ju dai bu	2
以格代科	yi ge dai ke	4
仲裁协议效力	zhong cai xie yi xiao li	10
仲裁协议效力异议	zhong cai xie yi xiao li yi yi	5
仲裁地	zhong cai di	1
仲裁机构	zhong cai ji gou	5
仲裁案例选编	zhong cai an li xuan bian	3
仲裁第三人制度	zhong cai di san ren zhi du	5
仲裁被诉人	zhong cai bei su ren	2
仲裁裁决	zhong cai cai jue	8
仲裁解决法	zhong cai jie jue fa	4
价值位阶原则	jia zhi wei jie yuan ze	4
价值分析业务	jia zhi fen xi ye wu	5
价值判断	jia zhi pan duan	33
价值形成过程	jia zhi xing cheng guo cheng	9
价值理性	jia zhi li xing	3
价值目标	jia zhi mu biao	9
价格保护	jia ge bao hu	11
价格形成机制	jia ge xing cheng ji zhi	14
价格承诺	jia ge cheng nuo	13
价格指标	jia ge zhi biao	11
价格放开	jia ge fang kai	13
价格欺诈	jia ge qi zha	4
价格法	jia ge fa	15
价格监测规定	jia ge jian ce gui ding	7
价格监督检查	jia ge jian du jian cha	14
价格管理机构	jia ge guan li ji gou	7
价格统计制度	jia ge tong ji zhi du	5
价格评估管理办法	jia ge ping gu guan li ban fa	5
价格违法行为	jia ge wei fa xing wei	14
任前公示制	ren qian gong shi zhi	10
任意性规定	ren yi xing gui ding	8
任职前公示制	ren zhi qian gong shi zhi	9
任职试用期制度	ren zhi shi yong qi zhi du	9
仿冒行为	fang mao xing wei	1
仿制药品审批办法	fang zhi yao pin shen pi ban fa	6
仿印邮票图案管理办法	fang yin you piao tu an guan li ban fa	5
企业一般制度	qi ye yi ban zhi du	2
企业专利工作办法	qi ye zhuan li gong zuo ban fa	4
企业专利工作管理办法	qi ye zhuan li gong zuo guan li ban fa	4
企业产权制度	qi ye chan quan zhi du	1
企业产权界定	qi ye chan quan jie ding	10
企业人事管理制度	qi ye ren shi guan li zhi du	8
企业人员行贿罪	qi ye ren yuan xing hui zui	10
企业债券	qi ye zhai quan	5
企业债券管理条例	qi ye zhai quan guan li tiao li	11
企业债券罪	qi ye zhai quan zui	8
企业兼并	qi ye jian bing	8
企业兼并合同纠纷	qi ye jian bing he tong jiu fen	5
企业兼并重组	qi ye jian bing chong zu	1
企业创新决策	qi ye chuang xin jue ce	4
企业制度	qi ye zhi du	5
企业劳动争议处理条例	qi ye lao dong zheng yi chu li tiao li	11
企业合并	qi ye he bing	19
企业名称权	qi ye ming cheng quan	1
企业名称登记管理规定	qi ye ming cheng deng ji guan li gui ding	11
企业国有产权	qi ye guo you chan quan	14
企业家协会	qi ye jia xie hui	27
企业工会工作条例	qi ye gong hui gong zuo tiao li	9
企业常用法律文书范本	qi ye chang yong fa lv wen shu fan ben	4
企业年度检验办法	qi ye nian du jian yan ban fa	10
企业年金试行办法	qi ye nian jin shi xing ban fa	10
企业年金试行方案	qi ye nian jin shi xing fang an	2
企业承包合同	qi ye cheng bao he tong	7
企业承包经营合同	qi ye cheng bao jing ying he tong	8
企业投资自主权	qi ye tou zi zi zhu quan	9
企业挂靠	qi ye gua kao	1
企业效益	qi ye xiao yi	1
企业效绩评价操作细则	qi ye xiao ji ping jia cao zuo xi ze	5
企业无抵押小额贷款	qi ye wu di ya xiao e dai kuan	8
企业治理结构	qi ye zhi li jie gou	12
企业法人年度检验办法	qi ye fa ren nian du jian yan ban fa	6
企业法人登记条例	qi ye fa ren deng ji tiao li	6
企业法人登记管理条例	qi ye fa ren deng ji guan li tiao li	12
企业法人破产还债程序	qi ye fa ren po chan huan zhai cheng xu	10
企业法律顾问考试教材	qi ye fa lv gu wen kao shi jiao cai	5
企业法律风险管理	qi ye fa lv feng xian guan li	7
企业法律风险防范	qi ye fa lv feng xian fang fan	10
企业注册局	qi ye zhu ce ju	2
企业登记代理	qi ye deng ji dai li	12
企业登记公示制度	qi ye deng ji gong shi zhi du	5
企业登记程序规定	qi ye deng ji cheng xu gui ding	8
企业租赁经营合同	qi ye zu lin jing ying he tong	7
企业章程	qi ye zhang cheng	13
企业管理委员会	qi ye guan li wei yuan hui	9
企业经营决策	qi ye jing ying jue ce	12
企业经营自主权	qi ye jing ying zi zhu quan	10
企业维持	qi ye wei chi	1
企业职工奖惩条例	qi ye zhi gong jiang cheng tiao li	11
企业设备管理制度	qi ye she bei guan li zhi du	4
企业财产保险合同	qi ye cai chan bao xian he tong	5
企业财产制度	qi ye cai chan zhi du	5
企业质量体系认证制度	qi ye zhi liang ti xi ren zheng zhi du	8
企业资金违规流入股市	qi ye zi jin wei gui liu ru gu shi	2
企业转让	qi ye zhuan rang	1
企业集团战略	qi ye ji tuan zhan lve	9
伊斯兰委员会	yi si lan wei yuan hui	2
优先承租权	you xian cheng zu quan	10
优先采矿权	you xian cai kuang quan	6
优化资源配置	you hua zi yuan pei zhi	1
优惠价格	you hui jia ge	17
优惠原产地规则	you hui yuan chan di gui ze	8
优惠待遇	you hui dai yu	29
优惠成交法	you hui cheng jiao fa	3
优抚安置	you fu an zhi	15
优抚安置制度	you fu an zhi zhi du	1
优抚家庭子女	you fu jia ting zi nv	8
优楼频螺迦叶	you lou pin luo jia ye	1
优秀辩护词代理词精选	you xiu bian hu ci dai li ci jing xuan	4
优者危险负担原则	you zhe wei xian fu dan yuan ze	5
优者危险责任	you zhe wei xian ze ren	2
优良种畜登记规则	you liang zhong chu deng ji gui ze	6
优质产品标志实施办法	you zhi chan pin biao zhi shi shi ban fa	3
会员分级结算制度	hui yuan fen ji jie suan zhi du	10
会展法	hui zhan fa	7
会展法规	hui zhan fa gui	5
会展知识产权	hui zhan zhi shi chan quan	8
会社法	hui she fa	2
会计专业职务试行条例	kuai ji zhuan ye zhi wu shi xing tiao li	8
会计人员职权条例	kuai ji ren yuan zhi quan tiao li	6
会计从业资格管理办法	kuai ji cong ye zi ge guan li ban fa	10
会计信息产权	kuai ji xin xi chan quan	8
会计地方法规	kuai ji di fang fa gui	4
会计基础工作规范	kuai ji ji chu gong zuo gui fan	12
会计档案管理办法	kuai ji dang an guan li ban fa	10
会计法	kuai ji fa	34
会计法律制度	kuai ji fa lv zhi du	11
会计法律责任	kuai ji fa lv ze ren	8
会计职业判断能力	kuai ji zhi ye pan duan neng li	6
传媒责任险	chuan mei ze ren xian	3
传播性病罪	chuan bo xing bing zui	9
传染病防治法	chuan ran bing fang zhi fa	47
传染病防治法实施办法	chuan ran bing fang zhi fa shi shi ban fa	8
伤残就业补助金	shang can jiu ye bu zhu jin	12
伤残抚恤管理办法	shang can fu xu guan li ban fa	8
伤残等级评定	shang can deng ji ping ding	9
伤残鉴定如何做	shang can jian ding ru he zuo	3
伤残鉴定标准	shang can jian ding biao zhun	7
伦维尔协定	lun wei er xie ding	10
伪劣产品	wei lie chan pin	10
伪舆论监督	wei yu lun jian du	7
伪证罪	wei zheng zui	14
伪造公文证件印章罪	wei zao gong wen zheng jian yin zhang zui	3
伪造单据	wei zao dan ju	9
伪造变造金融票证罪	wei zao bian zao jin rong piao zheng zui	3
伪造国家货币	wei zao guo jia huo bi	7
伪造国家货币罪	wei zao guo jia huo bi zui	6
伪造文件	wei zao wen jian	25
伪造有价票证罪	wei zao you jia piao zheng zui	7
伪造有价证券罪	wei zao you jia zheng quan zui	5
伪造现场	wei zao xian chang	1
伪造计划供应票证罪	wei zao ji hua gong ying piao zheng zui	4
伪造车票罪	wei zao che piao zui	4
估价公约	gu jia gong yue	5
住宅保险	zhu zhai bao xian	9
住宅权	zhu zhai quan	10
住房产权	zhu fang chan quan	12
住房保障托底	zhu fang bao zhang tuo di	2
住房保障法	zhu fang bao zhang fa	8
住房信贷保险	zhu fang xin dai bao xian	4
住房债券	zhu fang zhai quan	8
住房公积金专户	zhu fang gong ji jin zhuan hu	9
住房公积金管理条例	zhu fang gong ji jin guan li tiao li	12
住房制度改革领导小组	zhu fang zhi du gai ge ling dao xiao zu	10
住房基金个人帐户	zhu fang ji jin ge ren zhang hu	2
住房权研究	zhu fang quan yan jiu	5
住房货币化	zhu fang huo bi hua	12
住房部分产权	zhu fang bu fen chan quan	5
住所搜查	zhu suo sou cha	5
住所法	zhu suo fa	1
住院伙食补助费	zhu yuan huo shi bu zhu fei	12
体制改革办公室	ti zhi gai ge ban gong shi	17
体罚虐待被监管人员罪	ti fa nve dai bei jian guan ren yuan zui	3
体育器材设备审定办法	ti yu qi cai she bei shen ding ban fa	2
体育赛事合同	ti yu sai shi he tong	2
何怀宏	he huai hong	10
何谓法律	he wei fa lv	6
佘祥林案	she xiang lin an	11
余姚市公安局	yu yao shi gong an ju	7
余姚市公路管理段	yu yao shi gong lu guan li duan	2
佛瑞斯塔号航空母舰	fo rui si ta hao hang kong mu jian	4
作业性违章	zuo ye xing wei zhang	6
作品登记	zuo pin deng ji	11
作品自愿登记试行办法	zuo pin zi yuan deng ji shi xing ban fa	5
佟柔先生	tong rou xian sheng	8
佟连发	tong lian fa	7
你有权沉默	ni you quan chen mo	4
使失效	shi shi xiao	7
使用假币罪	shi yong jia bi zui	8
供应合同	gong ying he tong	3
供应链风险管理	gong ying lian feng xian guan li	7
供用电合同	gong yong dian he tong	12
供用电监督管理办法	gong yong dian jian du guan li ban fa	4
供电营业规则	gong dian ying ye gui ze	9
依法查处	yi fa cha chu	19
依法治党	yi fa zhi dang	8
依法治藏	yi fa zhi zang	5
依法登记成立	yi fa deng ji cheng li	2
侦查对策	zhen cha dui ce	7
侦查方法论	zhen cha fang fa lun	4
侦查监督业务教程	zhen cha jian du ye wu jiao cheng	2
侦查监督制度	zhen cha jian du zhi du	3
侦查监督处	zhen cha jian du chu	6
侦监处	zhen jian chu	6
侮辱妇女	wu ru fu nv	14
侯代比亚和约	hou dai bi ya he yue	5
侵华日军罪行	qin hua ri jun zui xing	1
侵占行为	qin zhan xing wei	11
侵害肖像权	qin hai xiao xiang quan	1
侵权产品	qin quan chan pin	4
侵权司法对策	qin quan si fa dui ce	3
侵权纠纷裁决	qin quan jiu fen cai jue	3
侵权行为之债	qin quan xing wei zhi zhai	8
侵权行为法	qin quan xing wei fa	2
侵权行为法研究	qin quan xing wei fa yan jiu	7
侵权行为法论	qin quan xing wei fa lun	4
侵权行为自体法	qin quan xing wei zi ti fa	5
侵权责任法学	qin quan ze ren fa xue	3
侵权责任法研究	qin quan ze ren fa yan jiu	6
侵犯专利权	qin fan zhuan li quan	5
侵犯住宅权	qin fan zhu zhai quan	2
侵犯公民住宅权	qin fan gong min zhu zhai quan	5
侵犯公民民主权利	qin fan gong min min zhu quan li	1
侵犯商业机密罪	qin fan shang ye ji mi zui	4
侵犯商业秘密行为	qin fan shang ye mi mi xing wei	10
侵犯商标权	qin fan shang biao quan	2
侵犯商标权罪	qin fan shang biao quan zui	3
侵犯性动机	qin fan xing dong ji	2
侵犯权利	qin fan quan li	3
侵犯注册商标罪	qin fan zhu ce shang biao zui	3
侵犯知识产权罪	qin fan zhi shi chan quan zui	9
侵犯著作权判例	qin fan zhu zuo quan pan li	2
侵犯财产所有权	qin fan cai chan suo you quan	8
侵犯财产罪	qin fan cai chan zui	2
侵犯通信自由罪	qin fan tong xin zi you zui	1
侵略性保护贸易政策	qin lve xing bao hu mao yi zheng ce	2
促进与保护投资协定	cu jin yu bao hu tou zi xie ding	5
促进社会和谐	cu jin she hui he xie	5
俄克拉荷马爆炸案	e ke la he ma bao zha an	6
俄国农奴制度	e guo nong nu zhi du	1
俄罗斯当代女诗人诗选	e luo si dang dai nv shi ren shi xuan	2
俄罗斯联邦刑事法典	e luo si lian bang xing shi fa dian	4
俄罗斯联邦执行程序法	e luo si lian bang zhi xing cheng xu fa	2
保健食品标识规定	bao jian shi pin biao zhi gui ding	6
保健食品注册管理办法	bao jian shi pin zhu ce guan li ban fa	10
保全权	bao quan quan	8
保函效力	bao han xiao li	5
保单现金价值	bao dan xian jin jia zhi	11
保卫民主全国委员会	bao wei min zhu quan guo wei yuan hui	3
保外就医工作管理条例	bao wai jiu yi gong zuo guan li tiao li	2
保守国家机密暂行条例	bao shou guo jia ji mi zan xing tiao li	6
保守国家秘密	bao shou guo jia mi mi	2
保守国家秘密法	bao shou guo jia mi mi fa	6
保安员培训教程	bao an yuan pei xun jiao cheng	2
保护作品完整权	bao hu zuo pin wan zheng quan	11
保护工业产权巴黎公约	bao hu gong ye chan quan ba li gong yue	11
保护录制者公约	bao hu lu zhi zhe gong yue	3
保护性法律关系	bao hu xing fa lv guan xi	7
保护现场	bao hu xian chang	13
保持浮泊	bao chi fu bo	5
保证金和职业责任保险	bao zheng jin he zhi ye ze ren bao xian	3
保险专营	bao xian zhuan ying	3
保险中介制度	bao xian zhong jie zhi du	8
保险事故	bao xian shi gu	1
保险人说明义务	bao xian ren shuo ming yi wu	6
保险代位	bao xian dai wei	10
保险代位权	bao xian dai wei quan	9
保险代位求偿	bao xian dai wei qiu chang	9
保险代理	bao xian dai li	10
保险代理人	bao xian dai li ren	11
保险代理制度	bao xian dai li zhi du	6
保险代理机构管理规定	bao xian dai li ji gou guan li gui ding	9
保险代理权	bao xian dai li quan	6
保险价值与保险金额	bao xian jia zhi yu bao xian jin e	5
保险保障基金	bao xian bao zhang ji jin	1
保险保障基金管理办法	bao xian bao zhang ji jin guan li ban fa	9
保险公估人	bao xian gong gu ren	11
保险公司投资债券	bao xian gong si tou zi zhai quan	6
保险公司撤销	bao xian gong si che xiao	6
保险公司次级定期债务	bao xian gong si ci ji ding qi zhai wu	7
保险公司治理结构	bao xian gong si zhi li jie gou	11
保险公司股权管理办法	bao xian gong si gu quan guan li ban fa	10
保险公司营销服务部	bao xian gong si ying xiao fu wu bu	6
保险兼业代理合同	bao xian jian ye dai li he tong	6
保险利益原则	bao xian li yi yuan ze	9
保险危险	bao xian wei xian	8
保险合同	bao xian he tong	3
保险合同客体	bao xian he tong ke ti	3
保险合同法律问题研究	bao xian he tong fa lv wen ti yan jiu	2
保险合同生效期	bao xian he tong sheng xiao qi	6
保险条款	bao xian tiao kuan	3
保险标的	bao xian biao di	1
保险案例	bao xian an li	10
保险法律手册	bao xian fa lv shou ce	3
保险监督管理委员会	bao xian jian du guan li wei yuan hui	14
保险监管	bao xian jian guan	2
保险监管人员行为准则	bao xian jian guan ren yuan xing wei zhun ze	5
保险监管机构	bao xian jian guan ji gou	12
保险空白期	bao xian kong bai qi	5
保险精算技术	bao xian jing suan ji shu	6
保险纠纷案例	bao xian jiu fen an li	3
保险经纪	bao xian jing ji	18
保险经纪人	bao xian jing ji ren	23
保险经纪公司管理规定	bao xian jing ji gong si guan li gui ding	7
保险经营规则	bao xian jing ying gui ze	7
保险统计管理暂行规定	bao xian tong ji guan li zan xing gui ding	6
保险范围	bao xian fan wei	6
保险营销员管理规定	bao xian ying xiao yuan guan li gui ding	9
保险责任和除外责任	bao xian ze ren he chu wai ze ren	8
保险责任范围	bao xian ze ren fan wei	13
保险费率	bao xian fei lv	10
保险金额	bao xian jin e	5
保障安全权	bao zhang an quan quan	6
信号失真	xin hao shi zhen	2
信息与计算机科学专业	xin xi yu ji suan ji ke xue zhuan ye	6
信息产权	xin xi chan quan	1
信息公开制度	xin xi gong kai zhi du	2
信息共享系统	xin xi gong xiang xi tong	10
信息化工作领导小组	xin xi hua gong zuo ling dao xiao zu	12
信息安全条例	xin xi an quan tiao li	7
信息安全法	xin xi an quan fa	10
信息技术产品协议	xin xi ji shu chan pin xie yi	7
信息披露	xin xi pi lu	44
信息披露规则	xin xi pi lu gui ze	11
信息无障碍法规	xin xi wu zhang ai fa gui	5
信息权	xin xi quan	12
信息知情权	xin xi zhi qing quan	9
信托代理关系	xin tuo dai li guan xi	4
信托公司治理指引	xin tuo gong si zhi li zhi yin	7
信托公司管理办法	xin tuo gong si guan li ban fa	10
信托担保	xin tuo dan bao	8
信托法之理论与实务	xin tuo fa zhi li lun yu shi wu	4
信托财产登记	xin tuo cai chan deng ji	7
信托贷款	xin tuo dai kuan	14
信用代码	xin yong dai ma	10
信用价差期权	xin yong jia cha qi quan	2
信用保险	xin yong bao xian	11
信用保险合同	xin yong bao xian he tong	8
信用保障制度	xin yong bao zhang zhi du	6
信用卡冒用	xin yong ka mao yong	4
信用卡恶意透支	xin yong ka e yi tou zhi	9
信用卡挂失	xin yong ka gua shi	10
信用卡诈骗罪	xin yong ka zha pian zui	12
信访与诉讼	xin fang yu su song	3
信访专业	xin fang zhuan ye	5
信访代理制	xin fang dai li zhi	8
信访制度	xin fang zhi du	2
信访办	xin fang ban	10
信访权	xin fang quan	9
信访条例释义	xin fang tiao li shi yi	2
信贷协定	xin dai xie ding	10
信贷合同	xin dai he tong	9
信贷规模考核	xin dai gui mo kao he	4
修律大臣沈家本	xiu lv da chen shen jia ben	6
倒卖计划供应票证罪	dao mai ji hua gong ying piao zheng zui	3
倒签提单	dao qian ti dan	10
倒签期权	dao qian qi quan	4
借仓交易	jie cang jiao yi	3
借新还旧	jie xin huan jiu	2
借用合同	jie yong he tong	1
借腹生子	jie fu sheng zi	13
债券托管结算业务	zhai quan tuo guan jie suan ye wu	6
债券期权	zhai quan qi quan	1
债券罪	zhai quan zui	10
债务为由	zhai wu wei you	1
债务人迟延	zhai wu ren chi yan	7
债务协定	zhai wu xie ding	2
债务合约	zhai wu he yue	8
债务履行辅助人	zhai wu lv xing fu zhu ren	5
债务承担	zhai wu cheng dan	1
债务效力	zhai wu xiao li	3
债务清偿率	zhai wu qing chang lv	7
债务清欠	zhai wu qing qian	10
债务移转	zhai wu yi zhuan	7
债务转移	zhai wu zhuan yi	13
债权人代位权	zhai quan ren dai wei quan	9
债权人撤销权	zhai quan ren che xiao quan	9
债权人撤销权纠纷	zhai quan ren che xiao quan jiu fen	2
债权人迟延	zhai quan ren chi yan	7
债权保全	zhai quan bao quan	9
债权债务	zhai quan zhai wu	9
债权制度	zhai quan zhi du	1
债权形式主义	zhai quan xing shi zhu yi	9
债权约束	zhai quan yue shu	7
债权行为	zhai quan xing wei	11
债权证书	zhai quan zheng shu	7
债权请求权	zhai quan qing qiu quan	10
债权质权	zhai quan zhi quan	7
债权转让	zhai quan zhuan rang	1
倾倒区管理暂行规定	qing dao qu guan li zan xing gui ding	3
倾斜政策	qing xie zheng ce	13
假冒专利罪	jia mao zhuan li zui	8
假冒他人专利	jia mao ta ren zhuan li	12
假冒他人专利罪	jia mao ta ren zhuan li zui	5
假冒他人姓名	jia mao ta ren xing ming	7
假冒伪劣产品	jia mao wei lie chan pin	1
假冒伪劣商品犯罪研究	jia mao wei lie shang pin fan zui yan jiu	2
假冒商品	jia mao shang pin	3
假冒商标	jia mao shang biao	12
假冒商标罪	jia mao shang biao zui	7
假冒注册商标罪	jia mao zhu ce shang biao zui	11
假名冒牌行为	jia ming mao pai xing wei	3
停工留薪期	ting gong liu xin qi	12
停止执行死刑程序	ting zhi zhi xing si xing cheng xu	2
停薪留职合同	ting xin liu zhi he tong	7
健康保险管理办法	jian kang bao xian guan li ban fa	10
偶发性犯罪人	ou fa xing fan zui ren	4
偶成条件	ou cheng tiao jian	3
偶然因果关系	ou ran yin guo guan xi	7
偶然所得税	ou ran suo de shui	10
偶犯	ou fan	1
偷税漏税罪	tou shui lou shui zui	6
偷越国边境罪	tou yue guo bian jing zui	6
偿义务机关后置	chang yi wu ji guan hou zhi	2
偿还欠款	chang huan qian kuan	2
储备头寸负债管理	chu bei tou cun fu zhai guan li	3
储架注册制度	chu jia zhu ce zhi du	3
儒法国家	ru fa guo jia	2
儿童发展权	er tong fa zhan quan	2
儿童权利公约	er tong quan li gong yue	34
儿童玩具召回管理规定	er tong wan ju zhao hui guan li gui ding	8
允诺禁反言	yun nuo jin fan yan	5
允诺禁反言原则	yun nuo jin fan yan yuan ze	2
充分公开	chong fen gong kai	10
充分安置	chong fen an zhi	5
充分披露原则	chong fen pi lu yuan ze	7
先予执行申请书	xian yu zhi xing shen qing shu	6
先占	xian zhan	15
先天性缺陷	xian tian xing que xian	9
先履行抗辩权	xian lv xing kang bian quan	10
先行裁决	xian xing cai jue	9
先补偿后拆迁	xian bu chang hou chai qian	4
先进先出法	xian jin xian chu fa	12
先进性别文化	xian jin xing bie wen hua	7
光单汇票	guang dan hui piao	3
克拉伦登法典	ke la lun deng fa dian	1
克拉灵顿诏令	ke la ling dun zhao ling	4
免予处分	mian yu chu fen	3
免于刑事处分	mian yu xing shi chu fen	9
党员干部法律知识读本	dang yuan gan bu fa lv zhi shi du ben	3
党员权利	dang yuan quan li	3
党指挥枪	dang zhi hui qiang	4
党政分工	dang zheng fen gong	1
入境发展黑社会组织罪	ru jing fa zhan hei she hui zu zhi zui	7
入室盗窃	ru shi dao qie	20
入市交易	ru shi jiao yi	1
全产权	quan chan quan	13
全体一致原则	quan ti yi zhi yuan ze	6
全包装注册	quan bao zhuang zhu ce	2
全南县人民检察院	quan nan xian ren min jian cha yuan	4
全员劳动合同制	quan yuan lao dong he tong zhi	1
全员承租	quan yuan cheng zu	4
全员聘用制	quan yuan pin yong zhi	1
全国供用电规则	quan guo gong yong dian gui ze	7
全国农业普查条例	quan guo nong ye pu cha tiao li	9
全国医院工作条例	quan guo yi yuan gong zuo tiao li	5
全国博士后管理委员会	quan guo bo shi hou guan li wei yuan hui	8
全国各级检察机关	quan guo ge ji jian cha ji guan	1
全国和解令	quan guo he jie ling	6
全国打击走私领导小组	quan guo da ji zou si ling dao xiao zu	7
全国教育工会	quan guo jiao yu gong hui	1
全国污染源普查条例	quan guo wu ran yuan pu cha tiao li	9
全国消防安全日	quan guo xiao fang an quan ri	5
全国环保系统六项禁令	quan guo huan bao xi tong liu xiang jin ling	5
全国生态环境保护纲要	quan guo sheng tai huan jing bao hu gang yao	8
全国经济普查条例	quan guo jing ji pu cha tiao li	10
全国老龄委	quan guo lao ling wei	10
全权代理	quan quan dai li	5
全权代理委托书	quan quan dai li wei tuo shu	4
全查法	quan cha fa	4
全民医疗服务制度	quan min yi liao fu wu zhi du	2
全民所有企业	quan min suo you qi ye	8
全民所有制工业企业	quan min suo you zhi gong ye qi ye	11
全民皆兵制	quan min jie bing zhi	6
全球企业法律顾问协会	quan qiu qi ye fa lv gu wen xie hui	5
全球投资表现标准	quan qiu tou zi biao xian biao zhun	7
全要素生产率	quan yao su sheng chan lv	11
全进全出	quan jin quan chu	11
全部保险	quan bu bao xian	11
全部到位	quan bu dao wei	5
全部履行法	quan bu lv xing fa	6
全部成本计算制度	quan bu cheng ben ji suan zhi du	5
全部露出说	quan bu lu chu shuo	4
全面审计法	quan mian shen ji fa	3
全面指定交易制度	quan mian zhi ding jiao yi zhi du	8
全面摊薄每股盈利	quan mian tan bo mei gu ying li	6
全面检查法	quan mian jian cha fa	3
全风险代理	quan feng xian dai li	7
八千云月	ba qian yun yue	6
八邪罪	ba xie zui	4
公债制度	gong zhai zhi du	7
公债发行条件	gong zhai fa xing tiao jian	4
公共劳务收费法	gong gong lao wu shou fei fa	2
公共工程承包合同	gong gong gong cheng cheng bao he tong	3
公共文化体育设施条例	gong gong wen hua ti yu she shi tiao li	8
公共航空运输企业	gong gong hang kong yun shu qi ye	5
公务员免职	gong wu yuan mian zhi	4
公务员回避制度	gong wu yuan hui bi zhi du	7
公务员回避规定	gong wu yuan hui bi gui ding	4
公务员奖励	gong wu yuan jiang li	10
公务员录用	gong wu yuan lu yong	16
公务员录用规定	gong wu yuan lu yong gui ding	10
公务员权利	gong wu yuan quan li	9
公务员法	gong wu yuan fa	13
公务员监督	gong wu yuan jian du	8
公务员禁酒令	gong wu yuan jin jiu ling	5
公务员考核规定	gong wu yuan kao he gui ding	9
公务员考试制度	gong wu yuan kao shi zhi du	9
公务员职务任免	gong wu yuan zhi wu ren mian	7
公务员职务行为	gong wu yuan zhi wu xing wei	5
公务员聘任合同	gong wu yuan pin ren he tong	5
公务员范围	gong wu yuan fan wei	10
公务员调任规定	gong wu yuan tiao ren gui ding	5
公务员轮换	gong wu yuan lun huan	4
公务员辞职辞退制度	gong wu yuan ci zhi ci tui zhi du	6
公务接待管理办法	gong wu jie dai guan li ban fa	5
公募法	gong mu fa	10
公司企业人员受贿罪	gong si qi ye ren yuan shou hui zui	8
公司住址	gong si zhu zhi	7
公司债	gong si zhai	19
公司债券	gong si zhai quan	20
公司债券发行	gong si zhai quan fa xing	1
公司债券发行试点办法	gong si zhai quan fa xing shi dian ban fa	11
公司合并分立	gong si he bing fen li	7
公司歇业	gong si xie ye	2
公司登记管理条例	gong si deng ji guan li tiao li	13
公墓产权	gong mu chan quan	3
公安执法监督	gong an zhi fa jian du	8
公安机关信访工作规定	gong an ji guan xin fang gong zuo gui ding	8
公安机关办理行政案件	gong an ji guan ban li xing zheng an jian	10
公安机关对被管制	gong an ji guan dui bei guan zhi	5
公安机关督察条例	gong an ji guan du cha tiao li	9
公室告与非公室告	gong shi gao yu fei gong shi gao	3
公布成文法	gong bu cheng wen fa	8
公开承诺制	gong kai cheng nuo zhi	10
公文法定格式	gong wen fa ding ge shi	3
公文证件印章	gong wen zheng jian yin zhang	7
公有住宅租赁合同	gong you zhu zhai zu lin he tong	7
公有房屋承租使用权	gong you fang wu cheng zu shi yong quan	2
公有技术	gong you ji shu	7
公权市场	gong quan shi chang	3
公民道德建设实施纲要	gong min dao de jian she shi shi gang yao	13
公用企业限制竞争行为	gong yong qi ye xian zhi jing zheng xing wei	7
公用宅基地	gong yong zhai ji di	3
公用电信设施罪	gong yong dian xin she shi zui	2
公益信托监察人	gong yi xin tuo jian cha ren	5
公益法人	gong yi fa ren	8
公证员协会	gong zheng yuan xie hui	10
公证员执业管理办法	gong zheng yuan zhi ye guan li ban fa	7
公证员职责	gong zheng yuan zhi ze	4
公证机构执业管理办法	gong zheng ji gou zhi ye guan li ban fa	8
公证行业自律公约	gong zheng hang ye zi lv gong yue	2
公诉制度	gong su zhi du	9
公费医疗	gong fei yi liao	8
公路工程竣工验收办法	gong lu gong cheng jun gong yan shou ban fa	7
公路工程质量监督规定	gong lu gong cheng zhi liang jian du gui ding	6
公路工程造价师	gong lu gong cheng zao jia shi	3
公路建设市场准入规定	gong lu jian she shi chang zhun ru gui ding	5
公路建设市场管理办法	gong lu jian she shi chang guan li ban fa	7
公路建设监督管理办法	gong lu jian she jian du guan li ban fa	7
公路旅客运输合同	gong lu lv ke yun shu he tong	4
共同债务	gong tong zhai wu	13
共同危险行为	gong tong wei xian xing wei	11
共同实施违法行为	gong tong shi shi wei fa xing wei	5
共同居住人	gong tong ju zhu ren	2
共同居住权	gong tong ju zhu quan	3
共同违法违纪	gong tong wei fa wei ji	8
共有财产分割	gong you cai chan fen ge	8
共谋共同正犯	gong mou gong tong zheng fan	1
共负盈亏	gong fu ying kui	1
共青团工作	gong qing tuan gong zuo	17
关内外铁路借款合同	guan nei wai tie lu jie kuan he tong	3
关系过远	guan xi guo yuan	2
关键事件法	guan jian shi jian fa	9
兴业银行个人消费贷款	xing ye yin hang ge ren xiao fei dai kuan	4
兴安证券投资基金	xing an zheng quan tou zi ji jin	11
兴达人力资源市场	xing da ren li zi yuan shi chang	3
兵器工业总公司	bing qi gong ye zong gong si	2
其行为已经构成诈骗罪	qi xing wei yi jing gou cheng zha pian zui	7
具体处罚行为	ju ti chu fa xing wei	3
具体犯罪	ju ti fan zui	1
具有法律约束力	ju you fa lv yue shu li	21
具誓护法	ju shi hu fa	2
典型民事案例评析	dian xing min shi an li ping xi	2
典当合同	dian dang he tong	9
典当物	dian dang wu	11
典当管理办法	dian dang guan li ban fa	11
典当行管理暂行办法	dian dang hang guan li zan xing ban fa	6
典签制度	dian qian zhi du	2
养殖合同书	yang zhi he tong shu	6
养殖水面使用权	yang zhi shui mian shi yong quan	6
养父母子女关系	yang fu mu zi nv guan xi	7
养老保险法	yang lao bao xian fa	9
兼业代理人	jian ye dai li ren	9
兼职收入	jian zhi shou ru	11
兽药广告审查办法	shou yao guang gao shen cha ban fa	4
兽药注册办法	shou yao zhu ce ban fa	6
兽药管理条例	shou yao guan li tiao li	11
内发型法制现代化	nei fa xing fa zhi xian dai hua	2
内含价值法	nei han jia zhi fa	8
内地段	nei di duan	17
内外资税率统一	nei wai zi shui lv tong yi	6
内幕交易	nei mu jiao yi	34
内幕交易审裁处	nei mu jiao yi shen cai chu	6
内幕交易者	nei mu jiao yi zhe	10
内河交通安全管理条例	nei he jiao tong an quan guan li tiao li	9
内海湾	nei hai wan	9
内蒙古大学法学院	nei meng gu da xue fa xue yuan	8
内蒙古建中律师事务所	nei meng gu jian zhong lv shi shi wu suo	7
内部牵制制度	nei bu qian zhi zhi du	9
内部职工股	nei bu zhi gong gu	2
内部行政违法	nei bu xing zheng wei fa	4
再保险业务管理规定	zai bao xian ye wu guan li gui ding	7
再保险公司	zai bao xian gong si	6
再保险公司设立规定	zai bao xian gong si she li gui ding	6
再保险分出人	zai bao xian fen chu ren	9
冒充军人招摇撞骗罪	mao chong jun ren zhao yao zhuang pian zui	8
冒险借贷	mao xian jie dai	5
冒领存款	mao ling cun kuan	8
军事审判法	jun shi shen pan fa	19
军事检察院	jun shi jian cha yuan	23
军事法规军事规章条例	jun shi fa gui jun shi gui zhang tiao li	5
军事管制制度	jun shi guan zhi zhi du	4
军人战时造谣惑众罪	jun ren zhan shi zao yao huo zhong zui	2
军人抚恤优待条例	jun ren fu xu you dai tiao li	10
军人泄露军事机密罪	jun ren xie lou jun shi ji mi zui	3
军人违反职责罪	jun ren wei fan zhi ze zui	1
军人道德规范	jun ren dao de gui fan	8
军委总政治部	jun wei zong zheng zhi bu	9
军委纪律检查委员会	jun wei ji lv jian cha wei yuan hui	8
军队信访条例	jun dui xin fang tiao li	7
军队参加抢险救灾条例	jun dui can jia qiang xian jiu zai tiao li	8
农业企业经营管理学	nong ye qi ye jing ying guan li xue	6
农业保险再保险制度	nong ye bao xian zai bao xian zhi du	7
农业保险合同	nong ye bao xian he tong	5
农业保险统计制度	nong ye bao xian tong ji zhi du	5
农业协议	nong ye xie yi	10
农业发展条例	nong ye fa zhan tiao li	1
农业承包合同	nong ye cheng bao he tong	11
农业承包合同纠纷仲裁	nong ye cheng bao he tong jiu fen zhong cai	4
农业技术体系	nong ye ji shu ti xi	8
农业技术推广法	nong ye ji shu tui guang fa	9
农业机械事故处理办法	nong ye ji xie shi gu chu li ban fa	5
农业机械化促进法	nong ye ji xie hua cu jin fa	1
农业机械维修管理规定	nong ye ji xie wei xiu guan li gui ding	7
农业机械试验鉴定办法	nong ye ji xie shi yan jian ding ban fa	7
农业生产者	nong ye sheng chan zhe	4
农业知识产权	nong ye zhi shi chan quan	8
农业经济法律关系	nong ye jing ji fa lv guan xi	3
农业综合开发办公室	nong ye zong he kai fa ban gong shi	10
农业行政处罚程序规定	nong ye xing zheng chu fa cheng xu gui ding	7
农业规划	nong ye gui hua	9
农业部信息公开规定	nong ye bu xin xi gong kai gui ding	4
农业野生植物保护办法	nong ye ye sheng zhi wu bao hu ban fa	5
农业银行	nong ye yin hang	34
农产品质量安全法	nong chan pin zhi liang an quan fa	13
农产品贸易规则	nong chan pin mao yi gui ze	5
农会法	nong hui fa	7
农作物良种补贴政策	nong zuo wu liang zhong bu tie zheng ce	3
农副产品收购合同	nong fu chan pin shou gou he tong	7
农副产品购销合同条例	nong fu chan pin gou xiao he tong tiao li	6
农副产品采购支出	nong fu chan pin cai gou zhi chu	2
农地承包经营权	nong di cheng bao jing ying quan	9
农家店建设与改造规范	nong jia dian jian she yu gai zao gui fan	8
农工商联合企业	nong gong shang lian he qi ye	1
农村五保供养工作条例	nong cun wu bao gong yang gong zuo tiao li	10
农村体育工作暂行规定	nong cun ti yu gong zuo zan xing gui ding	3
农村公共物品	nong cun gong gong wu pin	9
农村公路建设管理办法	nong cun gong lu jian she guan li ban fa	7
农村发展研究中心	nong cun fa zhan yan jiu zhong xin	17
农村合作基金会	nong cun he zuo ji jin hui	1
农村土地承包	nong cun tu di cheng bao	15
农村土地承包合同	nong cun tu di cheng bao he tong	10
农村土地承包法	nong cun tu di cheng bao fa	13
农村土地确权	nong cun tu di que quan	7
农村宅基地	nong cun zhai ji di	6
农村宅基地使用权	nong cun zhai ji di shi yong quan	9
农村实用法律	nong cun shi yong fa lv	6
农村实用法律常识	nong cun shi yong fa lv chang shi	2
农村实用法律手册	nong cun shi yong fa lv shou ce	2
农村实用法律知识问答	nong cun shi yong fa lv zhi shi wen da	3
农村常用法律法规汇编	nong cun chang yong fa lv fa gui hui bian	2
农村房屋问题	nong cun fang wu wen ti	2
农村承包经营户	nong cun cheng bao jing ying hu	11
农村新型合作医疗制度	nong cun xin xing he zuo yi liao zhi du	11
农村用地	nong cun yong di	9
农林特产税	nong lin te chan shui	10
农民专业合作社法	nong min zhuan ye he zuo she fa	13
农民工带薪休假制	nong min gong dai xin xiu jia zhi	3
农民工权益手册	nong min gong quan yi shou ce	3
农民科学素质行动计划	nong min ke xue su zhi xing dong ji hua	4
农民集体	nong min ji ti	6
农活承包	nong huo cheng bao	2
农经人员	nong jing ren yuan	7
农耕制度	nong geng zhi du	5
农药产业政策	nong yao chan ye zheng ce	6
农药安全使用制度	nong yao an quan shi yong zhi du	2
农药残留物	nong yao can liu wu	1
农药生产管理办法	nong yao sheng chan guan li ban fa	7
农药管理条例	nong yao guan li tiao li	11
农药限制使用管理规定	nong yao xian zhi shi yong guan li gui ding	4
冲突规范	chong tu gui fan	12
冶金工业局	ye jin gong ye ju	5
冷眼观潮	leng yan guan chao	8
冷静时间	leng jing shi jian	7
准予就业最低年龄公约	zhun yu jiu ye zui di nian ling gong yue	4
准占有	zhun zhan you	1
准契约	zhun qi yue	8
准禁治产人	zhun jin zhi chan ren	1
减持之路	jian chi zhi lu	5
出入澳门赌博	chu ru ao men du bo	4
出口信贷	chu kou xin dai	1
出口加工区	chu kou jia gong qu	35
出口统一管理	chu kou tong yi guan li	2
出口退税制度	chu kou tui shui zhi du	10
出名营业人	chu ming ying ye ren	7
出售出入境证件罪	chu shou chu ru jing zheng jian zui	6
出售非法制造发票罪	chu shou fei fa zhi zao fa piao zui	5
出版发行事业	chu ban fa xing shi ye	8
出版发行权	chu ban fa xing quan	10
出版物印刷管理规	chu ban wu yin shua guan li gui	5
出版物市场管理规定	chu ban wu shi chang guan li gui ding	9
出版物经营许可证	chu ban wu jing ying xu ke zheng	10
出让国有土地使用权	chu rang guo you tu di shi yong quan	14
出资额转让	chu zi e zhuan rang	10
分业经营	fen ye jing ying	2
分仓交易	fen cang jiao yi	7
分保险业务	fen bao xian ye wu	8
分别背书记载	fen bie bei shu ji zai	2
分别财产制	fen bie cai chan zhi	9
分割房地产	fen ge fang di chan	7
分割论	fen ge lun	6
分居不离婚	fen ju bu li hun	2
分居令	fen ju ling	5
分承包	fen cheng bao	11
分担损失	fen dan sun shi	10
分级分税制	fen ji fen shui zhi	3
分级包干体制	fen ji bao gan ti zhi	5
分级固定佣金制	fen ji gu ding yong jin zhi	2
分级培训	fen ji pei xun	10
分舱单	fen cang dan	5
分镜头剧本	fen jing tou ju ben	10
刑事一体化	xing shi yi ti hua	1
刑事办案手册	xing shi ban an shou ce	4
刑事和解制度研究	xing shi he jie zhi du yan jiu	3
刑事回避	xing shi hui bi	4
刑事审判方式改革研究	xing shi shen pan fang shi gai ge yan jiu	3
刑事审判模式	xing shi shen pan mo shi	6
刑事审判监督	xing shi shen pan jian du	1
刑事审判监督程序研究	xing shi shen pan jian du cheng xu yan jiu	3
刑事审判认证指南	xing shi shen pan ren zheng zhi nan	2
刑事影像技术	xing shi ying xiang ji shu	4
刑事执行制度研究	xing shi zhi xing zhi du yan jiu	3
刑事抗诉	xing shi kang su	9
刑事抗诉书	xing shi kang su shu	7
刑事抗诉案例评析	xing shi kang su an li ping xi	2
刑事未成年人	xing shi wei cheng nian ren	3
刑事案件侦查教程	xing shi an jian zhen cha jiao cheng	2
刑事案件律师	xing shi an jian lv shi	6
刑事案件现场勘查规则	xing shi an jian xian chang kan cha gui ze	5
刑事案例研究	xing shi an li yan jiu	3
刑事殖民地	xing shi zhi min di	1
刑事法判解研究	xing shi fa pan jie yan jiu	5
刑事法前沿	xing shi fa qian yan	5
刑事法学研究	xing shi fa xue yan jiu	2
刑事法律小辞典	xing shi fa lv xiao ci dian	3
刑事法治发展研究报告	xing shi fa zhi fa zhan yan jiu bao gao	4
刑事犯罪侦查警察	xing shi fan zui zhen cha jing cha	3
刑事科学技术	xing shi ke xue ji shu	7
刑事程序的法哲学原理	xing shi cheng xu de fa zhe xue yuan li	2
刑事简易程序	xing shi jian yi cheng xu	7
刑事被告人	xing shi bei gao ren	2
刑事裁决书	xing shi cai jue shu	5
刑事裁判文书	xing shi cai pan wen shu	9
刑事裁定书	xing shi cai ding shu	8
刑事裁量权论	xing shi cai liang quan lun	2
刑事证人证言规则	xing shi zheng ren zheng yan gui ze	2
刑事证据制度与理论	xing shi zheng ju zhi du yu li lun	4
刑事诉讼前沿研究	xing shi su song qian yan yan jiu	4
刑事诉讼参与人	xing shi su song can yu ren	8
刑事诉讼法学专题研究	xing shi su song fa xue zhuan ti yan jiu	3
刑事诉讼法学研究综述	xing shi su song fa xue yan jiu zong shu	5
刑事诉讼程序	xing shi su song cheng xu	13
刑事诉讼程序价值	xing shi su song cheng xu jia zhi	3
刑事诉讼程序全书	xing shi su song cheng xu quan shu	2
刑事调解书	xing shi tiao jie shu	3
刑事责任解读	xing shi ze ren jie du	3
刑事辩护	xing shi bian hu	16
刑事辩护制度	xing shi bian hu zhi du	2
刑事辩护学	xing shi bian hu xue	5
刑事辩护技巧	xing shi bian hu ji qiao	4
刑事辩护指南	xing shi bian hu zhi nan	4
刑事违法性	xing shi wei fa xing	10
刑事附带民事诉讼	xing shi fu dai min shi su song	4
刑复	xing fu	14
刑奴	xing nu	6
刑法一本通	xing fa yi ben tong	6
刑法中错误论	xing fa zhong cuo wu lun	3
刑法关联法规精选	xing fa guan lian fa gui jing xuan	3
刑法典问题之全景揭示	xing fa dian wen ti zhi quan jing jie shi	2
刑法志	xing fa zhi	9
刑法总论专题研究	xing fa zong lun zhuan ti yan jiu	3
刑法指导原则草案	xing fa zhi dao yuan ze cao an	1
刑法效力范围	xing fa xiao li fan wei	2
刑法新解读	xing fa xin jie du	3
刑法时效制度	xing fa shi xiao zhi du	2
刑法界定	xing fa jie ding	6
刑法适用范围	xing fa shi yong fan wei	5
刑罚执行犹豫	xing fa zhi xing you yu	2
刑罚执行监督	xing fa zhi xing jian du	9
刑罚适应性	xing fa shi ying xing	4
刑部比照加减成案	xing bu bi zhao jia jian cheng an	3
列席人	lie xi ren	13
创业板上市实战	chuang ye ban shang shi shi zhan	4
创意产业知识产权管理	chuang yi chan ye zhi shi chan quan guan li	2
创新与知识产权制度	chuang xin yu zhi shi chan quan zhi du	2
创新发展之路	chuang xin fa zhan zhi lu	11
初始土地登记	chu shi tu di deng ji	9
判例解读中韩法律	pan li jie du zhong han fa lv	5
判决婚姻无效	pan jue hun yin wu xiao	6
判决定罪准确	pan jue ding zui zhun que	1
判决执行	pan jue zhi xing	6
判决权	pan jue quan	1
判决理据	pan jue li ju	1
判决生效	pan jue sheng xiao	21
判后答疑	pan hou da yi	10
判工行为	pan gong xing wei	3
利息之债	li xi zhi zhai	6
利息回收率	li xi hui shou lv	8
利息金	li xi jin	11
利津县卫生监督执法局	li jin xian wei sheng jian du zhi fa ju	3
利用职务之便	li yong zhi wu zhi bian	30
利益返还请求权	li yi fan huan qing qiu quan	8
到岸价格	dao an jia ge	1
制作声讯节目	zhi zuo sheng xun jie mu	2
制信息权	zhi xin xi quan	10
制创新权	zhi chuang xin quan	3
制定和实施货币政策	zhi ding he shi shi huo bi zheng ce	9
制定法	zhi ding fa	3
制度变迁	zhi du bian qian	5
制度规范	zhi du gui fan	10
制度设计与变迁	zhi du she ji yu bian qian	5
制裁规则	zhi cai gui ze	4
刻骨挚爱	ke gu zhi ai	4
前提条件	qian ti tiao jian	33
前期物业服务合同	qian qi wu ye fu wu he tong	12
前期物业管理	qian qi wu ye guan li	13
前父母	qian fu mu	12
前科报告制度	qian ke bao gao zhi du	7
前置程序	qian zhi cheng xu	1
前置许可证	qian zhi xu ke zheng	7
前苏联检察制度	qian su lian jian cha zhi du	3
前郭县财政局	qian guo xian cai zheng ju	5
前门牌	qian men pai	2
剑桥法律英语国际证书	jian qiao fa lv ying yu guo ji zheng shu	3
剥夺公权	bo duo gong quan	8
副主席若干人	fu zhu xi ruo gan ren	4
力拓案	li tuo an	2
办公法律好帮手	ban gong fa lv hao bang shou	3
办理存款业务	ban li cun kuan ye wu	1
办理执行案件法律依据	ban li zhi xing an jian fa lv yi ju	3
功利主义法学	gong li zhu yi fa xue	6
功利主义法学派	gong li zhu yi fa xue pai	4
加大结构调整力度	jia da jie gou tiao zheng li du	11
加工合同	jia gong he tong	12
加工承揽合同	jia gong cheng lan he tong	12
加工承揽合同条例	jia gong cheng lan he tong tiao li	6
加工贸易	jia gong mao yi	10
加强企业管理领导小组	jia qiang qi ye guan li ling dao xiao zu	5
加强劳动保护	jia qiang lao dong bao hu	11
加强税收征管稽查	jia qiang shui shou zheng guan ji cha	4
加强证据	jia qiang zheng ju	8
加拿大刑事法典	jia na da xing shi fa dian	5
加拿大商事仲裁法案	jia na da shang shi zhong cai fa an	2
加拿大家庭法汇编	jia na da jia ting fa hui bian	3
加拿大最高法院	jia na da zui gao fa yuan	16
加拿大法律	jia na da fa lv	12
加拿大环境法	jia na da huan jing fa	3
加权平均值	jia quan ping jun zhi	5
动产抵押登记办法	dong chan di ya deng ji ban fa	6
动植物检疫失职罪	dong zhi wu jian yi shi zhi zui	6
动植物检疫徇私舞弊罪	dong zhi wu jian yi xun si wu bi zui	6
动物致害责任	dong wu zhi hai ze ren	5
助理审判员	zhu li shen pan yuan	34
助理执业医师	zhu li zhi ye yi shi	10
劫持交通工具罪	jie chi jiao tong gong ju zui	2
劫持船只	jie chi chuan zhi	2
劳保医疗制度	lao bao yi liao zhi du	1
劳务分包合同	lao wu fen bao he tong	10
劳务派遣	lao wu pai qian	12
劳动争议仲裁当事人	lao dong zheng yi zhong cai dang shi ren	6
劳动争议仲裁时效	lao dong zheng yi zhong cai shi xiao	8
劳动争议仲裁程序	lao dong zheng yi zhong cai cheng xu	8
劳动争议处理	lao dong zheng yi chu li	14
劳动争议处理实务	lao dong zheng yi chu li shi wu	4
劳动争议处理政策问答	lao dong zheng yi chu li zheng ce wen da	3
劳动争议处理权益维护	lao dong zheng yi chu li quan yi wei hu	2
劳动争议调解仲裁法	lao dong zheng yi tiao jie zhong cai fa	13
劳动仲裁程序	lao dong zhong cai cheng xu	9
劳动保险金	lao dong bao xian jin	10
劳动关系三方协商机制	lao dong guan xi san fang xie shang ji zhi	9
劳动合同争议处理程序	lao dong he tong zheng yi chu li cheng xu	3
劳动合同权益维护	lao dong he tong quan yi wei hu	4
劳动合同法办案手册	lao dong he tong fa ban an shou ce	2
劳动合同法案例判解	lao dong he tong fa an li pan jie	3
劳动合同违约	lao dong he tong wei yue	9
劳动和社会保障部	lao dong he she hui bao zhang bu	37
劳动就业制度	lao dong jiu ye zhi du	10
劳动就业法律问题研究	lao dong jiu ye fa lv wen ti yan jiu	2
劳动教养试行办法	lao dong jiao yang shi xing ban fa	1
劳动新法	lao dong xin fa	6
劳动派遣合同	lao dong pai qian he tong	6
劳动用工	lao dong yong gong	1
劳动用工权	lao dong yong gong quan	7
劳动者权益法律通	lao dong zhe quan yi fa lv tong	3
劳动者维权法律手册	lao dong zhe wei quan fa lv shou ce	5
劳动防护用品管理规定	lao dong fang hu yong pin guan li gui ding	6
劳改场	lao gai chang	1
劳教人员习艺劳动	lao jiao ren yuan xi yi lao dong	3
劳资矛盾	lao zi mao dun	4
募股文件	mu gu wen jian	4
募集设立	mu ji she li	13
包庇毒品犯罪分子罪	bao bi du pin fan zui fen zi zui	7
化妆品卫生监督条例	hua zhuang pin wei sheng jian du tiao li	10
化妆品标识	hua zhuang pin biao zhi	10
化妆品标识管理规定	hua zhuang pin biao zhi guan li gui ding	8
化妆品监管法规	hua zhuang pin jian guan fa gui	2
化学危险物品	hua xue wei xian wu pin	12
化州市公路局	hua zhou shi gong lu ju	4
化性起伪	hua xing qi wei	8
化验室管理制度	hua yan shi guan li zhi du	5
北京住房公积金管理	bei jing zhu fang gong ji jin guan li	12
北京大学法律援助协会	bei jing da xue fa lv yuan zhu xie hui	3
北京居住证制	bei jing ju zhu zheng zhi	2
北京市信息化促进条例	bei jing shi xin xi hua cu jin tiao li	10
北京市公路条例	bei jing shi gong lu tiao li	9
北京市包诚律师事务所	bei jing shi bao cheng lv shi shi wu suo	2
北京市君永律师事务所	bei jing shi jun yong lv shi shi wu suo	5
北京市国源律师事务所	bei jing shi guo yuan lv shi shi wu suo	6
北京市宝鼎律师事务所	bei jing shi bao ding lv shi shi wu suo	5
北京市怀柔区司法局	bei jing shi huai rou qu si fa ju	2
北京市朝阳区司法局	bei jing shi chao yang qu si fa ju	5
北京市浩东律师事务所	bei jing shi hao dong lv shi shi wu suo	7
北京市盈科律师事务所	bei jing shi ying ke lv shi shi wu suo	7
北京市经纬律师事务	bei jing shi jing wei lv shi shi wu	6
北京市道路运输条例	bei jing shi dao lu yun shu tiao li	4
北京市食品安全条例	bei jing shi shi pin an quan tiao li	9
北京庞标律师事务所	bei jing pang biao lv shi shi wu suo	5
北京德恒律师事务所	bei jing de heng lv shi shi wu suo	10
北京法院指导案例	bei jing fa yuan zhi dao an li	3
北京莫少平律师事务所	bei jing mo shao ping lv shi shi wu suo	6
北京重光律师事务所	bei jing chong guang lv shi shi wu suo	6
北约自由统一法案	bei yue zi you tong yi fa an	7
区别对待	qu bie dui dai	34
区域产业转移	qu yu chan ye zhuan yi	7
区域性国际组织	qu yu xing guo ji zu zhi	2
医事法律	yi shi fa lv	9
医事法研究	yi shi fa yan jiu	2
医女制度	yi nv zhi du	6
医师法	yi shi fa	27
医师资格考试暂行办法	yi shi zi ge kao shi zan xing ban fa	8
医患关系与权利维护	yi huan guan xi yu quan li wei hu	3
医患协商	yi huan xie shang	5
医患权益与保护	yi huan quan yi yu bao hu	4
医生干涉权	yi sheng gan she quan	4
医疗事故处理条例	yi liao shi gu chu li tiao li	13
医疗事故赔	yi liao shi gu pei	11
医疗事故赔偿法	yi liao shi gu pei chang fa	3
医疗事故鉴定	yi liao shi gu jian ding	14
医疗产品责任	yi liao chan pin ze ren	3
医疗侵权	yi liao qin quan	10
医疗保健福利制度	yi liao bao jian fu li zhi du	2
医疗保险合同	yi liao bao xian he tong	8
医疗保险法	yi liao bao xian fa	2
医疗告知手册	yi liao gao zhi shou ce	4
医疗器械临床试验规定	yi liao qi xie lin chuang shi yan gui ding	6
医疗器械标准管理办法	yi liao qi xie biao zhun guan li ban fa	7
医疗器械注册管理办法	yi liao qi xie zhu ce guan li ban fa	9
医疗器械注册证	yi liao qi xie zhu ce zheng	13
医疗器械监督管理条例	yi liao qi xie jian du guan li tiao li	11
医疗器械管理条例	yi liao qi xie guan li tiao li	7
医疗广告管理办法	yi liao guang gao guan li ban fa	1
医疗废物管理条例	yi liao fei wu guan li tiao li	10
医疗待遇	yi liao dai yu	34
医疗技术事故	yi liao ji shu shi gu	8
医疗损害赔偿诉讼实务	yi liao sun hai pei chang su song shi wu	2
医疗改革	yi liao gai ge	38
医疗服务合同	yi liao fu wu he tong	11
医疗机构执业资格	yi liao ji gou zhi ye zi ge	6
医疗机构校验管理办法	yi liao ji gou jiao yan guan li ban fa	5
医疗气功管理暂行规定	yi liao qi gong guan li zan xing gui ding	5
医疗法律学	yi liao fa lv xue	4
医疗纠纷案件律师业务	yi liao jiu fen an jian lv shi ye wu	3
医疗药费	yi liao yao fei	7
医疗过失行为	yi liao guo shi xing wei	11
医药卫生法	yi yao wei sheng fa	6
医药卫生法律手册	yi yao wei sheng fa lv shou ce	3
医诉	yi su	7
医院中药饮片管理规范	yi yuan zhong yao yin pian guan li gui fan	5
医院分级管理办法	yi yuan fen ji guan li ban fa	1
医院感染管理办法	yi yuan gan ran guan li ban fa	8
医院评审	yi yuan ping shen	29
十堰市卫生监督局	shi yan shi wei sheng jian du ju	2
十字架刑	shi zi jia xing	1
十年观察	shi nian guan cha	2
十指指纹登记	shi zhi zhi wen deng ji	2
千年回合	qian nian hui he	6
千户制	qian hu zhi	3
华人风俗习惯法典	hua ren feng su xi guan fa dian	1
华盛顿公约	hua sheng dun gong yue	10
华贸硅谷律师事务所	hua mao gui gu lv shi shi wu suo	5
协会罢工险条款	xie hui ba gong xian tiao kuan	4
协作型联营	xie zuo xing lian ying	5
协力义务	xie li yi wu	6
协商一致原则	xie shang yi zhi yuan ze	9
协商定价法	xie shang ding jia fa	2
协商性司法	xie shang xing si fa	6
协定贸易	xie ding mao yi	7
协议一方	xie yi yi fang	1
协议交割	xie yi jiao ge	6
协议仲裁制度研究	xie yi zhong cai zhi du yan jiu	3
协议全损	xie yi quan sun	3
协议出让土地使用权	xie yi chu rang tu di shi yong quan	8
协议外资金额	xie yi wai zi jin e	5
协议工	xie yi gong	12
协议收购	xie yi shou gou	1
协议无效	xie yi wu xiao	8
协议离婚制度	xie yi li hun zhi du	6
协议转让	xie yi zhuan rang	5
单一之债	dan yi zhi zhai	6
单一客体	dan yi ke ti	8
单一来源采购	dan yi lai yuan cai gou	2
单一欧洲法	dan yi ou zhou fa	5
单一风险合同	dan yi feng xian he tong	3
单位产权	dan wei chan quan	11
单位产权房	dan wei chan quan fang	9
单位住房	dan wei zhu fang	2
单位犯罪主体	dan wei fan zui zhu ti	8
单位犯罪诉讼程序	dan wei fan zui su song cheng xu	3
单位经营资金	dan wei jing ying zi jin	3
单位行贿罪	dan wei xing hui zui	20
单位被害人	dan wei bei hai ren	4
单位违法违纪	dan wei wei fa wei ji	7
单层次的选择构成	dan ceng ci de xuan ze gou cheng	3
单方允诺	dan fang yun nuo	8
单方民事法律行为	dan fang min shi fa lv xing wei	7
单方终止合同	dan fang zhong zhi he tong	9
单独定价药品	dan du ding jia yao pin	9
单病种医保	dan bing zhong yi bao	3
单纯形成权	dan chun xing cheng quan	4
卖出回购证券	mai chu hui gou zheng quan	12
南京市地名管理规定	nan jing shi di ming guan li gui ding	2
南京市城市规划条例	nan jing shi cheng shi gui hua tiao li	7
南京市档案条例	nan jing shi dang an tiao li	4
南京市物业管理办法	nan jing shi wu ye guan li ban fa	6
南京德本律师事务所	nan jing de ben lv shi shi wu suo	5
南北榜案	nan bei bang an	1
南安市金桥中学	nan an shi jin qiao zhong xue	2
南昌市公益林保护条例	nan chang shi gong yi lin bao hu tiao li	4
南昌市节能监察中心	nan chang shi jie neng jian cha zhong xin	3
南通市城管局	nan tong shi cheng guan ju	3
南部县卫生局	nan bu xian wei sheng ju	3
南锥体共同市场	nan zhui ti gong tong shi chang	5
南非共和国宪法	nan fei gong he guo xian fa	4
博帕尔事件	bo pa er shi jian	1
博彩专营合约	bo cai zhuan ying he yue	5
博登海默	bo deng hai mo	10
博纳姆医生案	bo na mu yi sheng an	3
占住	zhan zhu	8
占有人	zhan you ren	14
占有保护请求权	zhan you bao hu qing qiu quan	7
占有制度	zhan you zhi du	2
占有回复请求权	zhan you hui fu qing qiu quan	3
占有改定	zhan you gai ding	9
占有时效	zhan you shi xiao	7
占有权	zhan you quan	2
占有权能	zhan you quan neng	7
占用公物	zhan yong gong wu	8
占用资金	zhan yong zi jin	1
占编不入编	zhan bian bu ru bian	4
占道经营	zhan dao jing ying	9
卡尔多补偿	ka er duo bu chang	2
卡尔斯巴德决议	ka er si ba de jue yi	5
卢一凡	lu yi fan	4
卢森堡议会	lu sen bao yi hui	5
卫生信访工作办法	wei sheng xin fang gong zuo ban fa	4
卫生监督员管理办法	wei sheng jian du yuan guan li ban fa	6
卫生行政执法文书规范	wei sheng xing zheng zhi fa wen shu gui fan	9
卫生部门信访工作办法	wei sheng bu men xin fang gong zuo ban fa	3
印刷业管理	yin shua ye guan li	10
印刷业管理条例	yin shua ye guan li tiao li	9
印刷品广告管理办法	yin shua pin guang gao guan li ban fa	8
印刷品承印管理规定	yin shua pin cheng yin guan li gui ding	5
印度共和国宪法	yin du gong he guo xian fa	1
印度古代法	yin du gu dai fa	3
印度国防大学	yin du guo fang da xue	1
印第安人迁移法	yin di an ren qian yi fa	14
印花税法	yin hua shui fa	12
印花税法案	yin hua shui fa an	4
危害公共安全	wei hai gong gong an quan	26
危害公共安全罪	wei hai gong gong an quan zui	33
危害种族罪公约	wei hai zhong zu zui gong yue	2
危害税收征管罪	wei hai shui shou zheng guan zui	8
危机与未来	wei ji yu wei lai	4
危险作业	wei xian zuo ye	1
危险刑法	wei xian xing fa	2
危险单位	wei xian dan wei	11
危险品场站	wei xian pin chang zhan	2
危险品安全运输管理	wei xian pin an quan yun shu guan li	2
危险故意	wei xian gu yi	6
危险源	wei xian yuan	6
危险物品运输法	wei xian wu pin yun shu fa	2
危险犯	wei xian fan	14
危险犯研究	wei xian fan yan jiu	1
危险责任原则	wei xian ze ren yuan ze	6
危险驾驶罪	wei xian jia shi zui	19
原产地规则协议	yuan chan di gui ze xie yi	7
原告人事毕不放回	yuan gao ren shi bi bu fang hui	2
原来你并不快乐	yuan lai ni bing bu kuai le	3
原裁定	yuan cai ding	6
厦门大学法学院	xia men da xue fa xue yuan	11
厦门市专利保护规定	xia men shi zhuan li bao hu gui ding	2
厦门市节约能源条例	xia men shi jie yue neng yuan tiao li	2
厦门科宏眼科医院	xia men ke hong yan ke yi yuan	5
厩苑律	jiu yuan lv	5
县长考试条例	xian zhang kao shi tiao li	4
参加付款人	can jia fu kuan ren	6
参加优先股	can jia you xian gu	6
参加公司债	can jia gong si zhai	4
参加承兑	can jia cheng dui	8
参加承兑人	can jia cheng dui ren	8
参加民兵组织	can jia min bing zu zhi	3
参加黑社会性质组织罪	can jia hei she hui xing zhi zu zhi zui	12
参汉酌金	can han zhuo jin	5
参照公务员法	can zhao gong wu yuan fa	6
参照单位	can zhao dan wei	8
参见罪状	can jian zui zhuang	3
参观访问法	can guan fang wen fa	4
双层船壳	shuang ceng chuan ke	5
双方自愿离婚	shuang fang zi yuan li hun	1
双本位制	shuang ben wei zhi	5
双边冲突规范	shuang bian chong tu gui fan	7
双边货币互换协议	shuang bian huo bi hu huan xie yi	9
双重否决权	shuang chong fou jue quan	4
双重标准理论	shuang chong biao zhun li lun	3
双重犯罪原则	shuang chong fan zui yuan ze	6
双面打印	shuang mian da yin	1
反价格垄断规定	fan jia ge long duan gui ding	8
反倾销初步裁定	fan qing xiao chu bu cai ding	4
反倾销应对一点通	fan qing xiao ying dui yi dian tong	2
反倾销日落复审	fan qing xiao ri luo fu shen	9
反倾销最终裁定	fan qing xiao zui zhong cai ding	4
反倾销退税暂行规则	fan qing xiao tui shui zan xing gui ze	4
反假人民币奖励办法	fan jia ren min bi jiang li ban fa	3
反分裂国家法	fan fen lie guo jia fa	12
反商业贿赂	fan shang ye hui lu	13
反垄断公益诉讼	fan long duan gong yi su song	2
反垄断政策	fan long duan zheng ce	5
反垄断法	fan long duan fa	30
反垄断法与经济学	fan long duan fa yu jing ji xue	3
反垄断法律问题研究	fan long duan fa lv wen ti yan jiu	3
反垄断法理解与适用	fan long duan fa li jie yu shi yong	4
反垄断法研究	fan long duan fa yan jiu	7
反垄断法经典判例解析	fan long duan fa jing dian pan li jie xi	3
反垄断的经济学分析	fan long duan de jing ji xue fen xi	3
反基因歧视法	fan ji yin qi shi fa	1
反对劫持人质国际公约	fan dui jie chi ren zhi guo ji gong yue	5
反对官僚主义	fan dui guan liao zhu yi	5
反对解释	fan dui jie shi	8
反对邪教保障人权	fan dui xie jiao bao zhang ren quan	2
反应性精神病	fan ying xing jing shen bing	2
反洗钱的理论与实践	fan xi qian de li lun yu shi jian	3
反渎局	fan du ju	1
反渎职侵权	fan du zhi qin quan	13
反渎职侵权局	fan du zhi qin quan ju	1
反社会党人非常法	fan she hui dang ren fei chang fa	3
反补贴与中国产业安全	fan bu tie yu zhong guo chan ye an quan	3
反要约	fan yao yue	9
反贪污贿赂局	fan tan wu hui lu ju	6
发包与承包	fa bao yu cheng bao	10
发展与稳定	fa zhan yu wen ding	1
发展中八国集团	fa zhan zhong ba guo ji tuan	9
发展及其影响	fa zhan ji qi ying xiang	8
发展权	fa zhan quan	20
发展权利宣言	fa zhan quan li xuan yan	7
发展权论	fa zhan quan lun	3
发明专利权	fa ming zhuan li quan	10
发明专利权人	fa ming zhuan li quan ren	8
发生劳动争议怎么办	fa sheng lao dong zheng yi zen me ban	8
发生法律效力	fa sheng fa lv xiao li	6
发行中介机构	fa xing zhong jie ji gou	6
发行放映权	fa xing fang ying quan	5
发行货币	fa xing huo bi	38
发言表决免究权	fa yan biao jue mian jiu quan	2
发还相关被害人	fa huan xiang guan bei hai ren	3
发遣	fa qian	31
取得后	qu de hou	11
取消性惩罚	qu xiao xing cheng fa	5
取缔教育歧视公约	qu di jiao yu qi shi gong yue	5
受人民监督	shou ren min jian du	2
受供养子女	shou gong yang zi nv	5
受委托人	shou wei tuo ren	13
受托保管人	shou tuo bao guan ren	6
受益方	shou yi fang	2
受让股权	shou rang gu quan	2
受贿罪研究新动向	shou hui zui yan jiu xin dong xiang	4
受贿罪辩护	shou hui zui bian hu	4
变劣发明	bian lie fa ming	4
变卖试行办法	bian mai shi xing ban fa	6
变更产权	bian geng chan quan	10
变更企业性质	bian geng qi ye xing zhi	6
变更注册商标公告	bian geng zhu ce shang biao gong gao	2
变更登记	bian geng deng ji	29
变造国家货币	bian zao guo jia huo bi	5
口供补强规则	kou gong bu qiang gui ze	5
口头委托协议	kou tou wei tuo xie yi	4
古典自然法学派	gu dian zi ran fa xue pai	8
古埃及法	gu ai ji fa	25
古城派出所	gu cheng pai chu suo	1
古希腊军事法	gu xi la jun shi fa	2
古希腊法	gu xi la fa	2
古建筑消防管理规则	gu jian zhu xiao fang guan li gui ze	5
古生物化石管理办法	gu sheng wu hua shi guan li ban fa	6
古籍数字化	gu ji shu zi hua	8
古籍普查	gu ji pu cha	1
古董法规	gu dong fa gui	7
另一种和谐	ling yi zhong he xie	7
另行委托辩护	ling xing wei tuo bian hu	1
可作多种解释	ke zuo duo zhong jie shi	6
可再生能源法	ke zai sheng neng yuan fa	13
可再生能源配额制政策	ke zai sheng neng yuan pei e zhi zheng ce	5
可分之债	ke fen zhi zhai	6
可待因中毒	ke dai yin zhong du	6
可得利益损失	ke de li yi sun shi	10
可执行财产	ke zhi xing cai chan	2
可持续发展与法律变革	ke chi xu fa zhan yu fa lv bian ge	3
可持续发展环境法律	ke chi xu fa zhan huan jing fa lv	2
可比非受控价格法	ke bi fei shou kong jia ge fa	7
可流转票据	ke liu zhuan piao ju	2
可自由兑换货币	ke zi you dui huan huo bi	10
可行性报告	ke xing xing bao gao	24
可调价格合同	ke tiao jia ge he tong	7
可转债回售	ke zhuan zhai hui shou	8
可转换债券	ke zhuan huan zhai quan	10
可转让单证	ke zhuan rang dan zheng	5
可转让票据	ke zhuan rang piao ju	6
可转让许可证	ke zhuan rang xu ke zheng	4
可选择性指定交易制度	ke xuan ze xing zhi ding jiao yi zhi du	2
台商故事	tai shang gu shi	7
台港澳民事诉讼制度	tai gang ao min shi su song zhi du	3
台湾南投地方法院	tai wan nan tou di fang fa yuan	2
台湾同胞投资保护法	tai wan tong bao tou zi bao hu fa	9
台湾基隆地方法院	tai wan ji long di fang fa yuan	7
台湾鸦片令	tai wan ya pian ling	2
台规	tai gui	1
台谏合一	tai jian he yi	4
台谏官	tai jian guan	4
台院	tai yuan	10
史密斯和基南英国法	shi mi si he ji nan ying guo fa	4
叶亚飞	ye ya fei	9
叶波	ye bo	12
司户参军	si hu can jun	43
司法体制改革	si fa ti zhi gai ge	13
司法信息技术	si fa xin xi ji shu	7
司法公正与诉讼程序	si fa gong zheng yu su song cheng xu	2
司法制度新论	si fa zhi du xin lun	3
司法制度比较	si fa zhi du bi jiao	5
司法协助制度	si fa xie zhu zhi du	7
司法协助条约	si fa xie zhu tiao yue	2
司法参军事	si fa can jun shi	2
司法实用文写作	si fa shi yong wen xie zuo	5
司法局副局长	si fa ju fu ju zhang	8
司法局局长	si fa ju ju zhang	7
司法工作人员	si fa gong zuo ren yuan	9
司法改革研究	si fa gai ge yan jiu	9
司法理念与裁判方法	si fa li nian yu cai pan fang fa	3
司法理论与司法模式	si fa li lun yu si fa mo shi	2
司法笔录训练	si fa bi lu xun lian	4
司法考试大纲	si fa kao shi da gang	12
司法考试教材	si fa kao shi jiao cai	10
司法考试记忆通	si fa kao shi ji yi tong	3
司法院校	si fa yuan xiao	11
司法黄牛	si fa huang niu	4
司法黄牛案	si fa huang niu an	4
吃好好	chi hao hao	9
各委员会主任	ge wei yuan hui zhu ren	1
各级地方政府	ge ji di fang zheng fu	16
合众为一	he zhong wei yi	22
合伙企业法	he huo qi ye fa	14
合伙企业法辞解	he huo qi ye fa ci jie	3
合伙企业登记管理办法	he huo qi ye deng ji guan li ban fa	9
合伙共有财产	he huo gong you cai chan	5
合作社法	he zuo she fa	3
合作社法律制度研究	he zuo she fa lv zhi du yan jiu	3
合作社章程	he zuo she zhang cheng	2
合同保险金额	he tong bao xian jin e	9
合同债权质押	he tong zhai quan zhi ya	4
合同台帐	he tong tai zhang	8
合同小签	he tong xiao qian	3
合同履行不能	he tong lv xing bu neng	7
合同履行地	he tong lv xing di	12
合同履行瑕疵	he tong lv xing xia ci	3
合同战术	he tong zhan shu	8
合同承担	he tong cheng dan	10
合同效力制度	he tong xiao li zhi du	5
合同权利义务概括转移	he tong quan li yi wu gai kuo zhuan yi	3
合同欺诈及其法律对策	he tong qi zha ji qi fa lv dui ce	2
合同煤	he tong mei	13
合同生效要件	he tong sheng xiao yao jian	8
合同示范文本	he tong shi fan wen ben	14
合同约定	he tong yue ding	16
合同缔约过失责任	he tong di yue guo shi ze ren	3
合同能源管理模式	he tong neng yuan guan li mo shi	9
合同自体法	he tong zi ti fa	5
合同诈骗	he tong zha pian	3
合同诈骗罪研究	he tong zha pian zui yan jiu	3
合并审理	he bing shen li	4
合法稳定住所	he fa wen ding zhu suo	3
合理性要求	he li xing yao qiu	9
合理注意义务	he li zhu yi yi wu	10
合约一方	he yue yi fang	6
合约期权	he yue qi quan	7
合肥市城市供水条例	he fei shi cheng shi gong shui tiao li	5
合营企业协议	he ying qi ye xie yi	10
合营企业章程	he ying qi ye zhang cheng	9
合谋诈骗	he mou zha pian	9
吉林华港律师事务所	ji lin hua gang lv shi shi wu suo	3
吉林市昌邑区人民法院	ji lin shi chang yi qu ren min fa yuan	6
吉林省地方铁路条例	ji lin sheng di fang tie lu tiao li	4
吉林省城市供热条例	ji lin sheng cheng shi gong re tiao li	5
吉林省失业保险办法	ji lin sheng shi ye bao xian ban fa	8
同业拆借市场利率	tong ye chai jie shi chang li lv	8
同业竞争关系	tong ye jing zheng guan xi	1
同住人	tong zhu ren	1
同害报应	tong hai bao ying	2
同居财产	tong ju cai chan	6
同志研究	tong zhi yan jiu	4
同时履行抗辩	tong shi lv xing kang bian	1
同时履行抗辩权	tong shi lv xing kang bian quan	11
同步辅导与强化训练	tong bu fu dao yu qiang hua xun lian	7
名为联营实为借贷	ming wei lian ying shi wei jie dai	5
名义税收负担	ming yi shui shou fu dan	3
名优标志	ming you biao zhi	11
名家杂志社	ming jia za zhi she	5
名律师谈名案	ming lv shi tan ming an	2
后契约责任	hou qi yue ze ren	5
后悔权制度	hou hui quan zhi du	2
后法优于前法	hou fa you yu qian fa	8
后现代法学	hou xian dai fa xue	9
后现代法学思潮	hou xian dai fa xue si chao	6
后魏律	hou wei lv	4
吐鲁番地区行政公署	tu lu fan di qu xing zheng gong shu	4
向公众招标	xiang gong zhong zhao biao	2
向单位行贿罪	xiang dan wei xing hui zui	7
吕忠梅	lv zhong mei	12
吞吐基础货币	tun tu ji chu huo bi	7
吴丹红	wu dan hong	11
吸收客户资金不入账罪	xi shou ke hu zi jin bu ru zhang zui	5
告知义务范围	gao zhi yi wu fan wei	4
告诉才处理	gao su cai chu li	11
员工培训制度	yuan gong pei xun zhi du	9
员工福利与退休计划	yuan gong fu li yu tui xiu ji hua	7
员工维权实战兵法	yuan gong wei quan shi zhan bing fa	10
周忠海国际法论文集	zhou zhong hai guo ji fa lun wen ji	4
周林彬	zhou lin bin	8
呵护权利	he hu quan li	2
呼和浩特第二监狱	hu he hao te di er jian yu	4
和谐与法治	he xie yu fa zhi	5
和谐发展	he xie fa zhan	23
和谐奥运	he xie ao yun	12
和谐权	he xie quan	8
和谐社会的宪政之维	he xie she hui de xian zheng zhi wei	3
咨询业经营诀窍	zi xun ye jing ying jue qiao	2
品官占田荫客制	pin guan zhan tian yin ke zhi	4
品牌安全	pin pai an quan	11
品牌独特性	pin pai du te xing	7
品牌诉求	pin pai su qiu	1
品种保护权	pin zhong bao hu quan	8
品种权代理	pin zhong quan dai li	7
品质增减价条款	pin zhi zeng jian jia tiao kuan	4
品质机动幅度	pin zhi ji dong fu du	7
哈尔滨市养犬管理条例	ha er bin shi yang quan guan li tiao li	6
哈尔滨市河道管理条例	ha er bin shi he dao guan li tiao li	4
哈尔滨市物业管理规定	ha er bin shi wu ye guan li gui ding	6
哈尔滨新建监狱	ha er bin xin jian jian yu	3
哑吧英语	ya ba ying yu	10
唐代民事法律制度论稿	tang dai min shi fa lv zhi du lun gao	2
唐山市土地管理办法	tang shan shi tu di guan li ban fa	5
唐明律合编	tang ming lv he bian	1
唐朝官制	tang chao guan zhi	1
售定	shou ding	13
唯一代表	wei yi dai biao	35
商业企业	shang ye qi ye	29
商业会计法	shang ye kuai ji fa	19
商业保险	shang ye bao xian	8
商业保险纠纷诉讼	shang ye bao xian jiu fen su song	4
商业信贷风险	shang ye xin dai feng xian	5
商业判断原则	shang ye pan duan yuan ze	5
商业医疗保险合同	shang ye yi liao bao xian he tong	3
商业承兑汇票	shang ye cheng dui hui piao	14
商业标志法	shang ye biao zhi fa	4
商业欺诈	shang ye qi zha	4
商业欺诈行为	shang ye qi zha xing wei	1
商业特许经营管理办法	shang ye te xu jing ying guan li ban fa	10
商业犯罪研究	shang ye fan zui yan jiu	3
商业登记法	shang ye deng ji fa	1
商业综合责任保险	shang ye zong he ze ren bao xian	2
商业诽谤行为	shang ye fei bang xing wei	4
商业贿赂	shang ye hui lu	2
商业贿赂犯罪研究	shang ye hui lu fan zui yan jiu	3
商业贿赂罪	shang ye hui lu zui	9
商业贿赂行为	shang ye hui lu xing wei	1
商业银行信息披露办法	shang ye yin hang xin xi pi lu ban fa	6
商业银行信贷文化	shang ye yin hang xin dai wen hua	3
商业银行贷款政策	shang ye yin hang dai kuan zheng ce	4
商业银行金融创新指引	shang ye yin hang jin rong chuang xin zhi yin	9
商业银行风险管理	shang ye yin hang feng xian guan li	10
商业风险担保	shang ye feng xian dan bao	2
商事代理	shang shi dai li	1
商事代理法	shang shi dai li fa	6
商事关系	shang shi guan xi	2
商事合伙	shang shi he huo	7
商事登记效力	shang shi deng ji xiao li	3
商务部特许经营备案	shang wu bu te xu jing ying bei an	3
商品化权	shang pin hua quan	9
商品房买卖法律关系	shang pin fang mai mai fa lv guan xi	5
商品房协议书	shang pin fang xie yi shu	5
商品房销售管理办法	shang pin fang xiao shou guan li ban fa	12
商品条码管理办法	shang pin tiao ma guan li ban fa	8
商品认证标志	shang pin ren zheng biao zhi	5
商学院生存指南	shang xue yuan sheng cun zhi nan	3
商改住	shang gai zhu	6
商标专利版权	shang biao zhuan li ban quan	7
商标专用权质押合同	shang biao zhuan yong quan zhi ya he tong	6
商标专用权转让	shang biao zhuan yong quan zhuan rang	7
商标仿冒	shang biao fang mao	5
商标优先注册权	shang biao you xian zhu ce quan	3
商标使用不当	shang biao shi yong bu dang	5
商标使用许可协议	shang biao shi yong xu ke xie yi	9
商标印制管理制度	shang biao yin zhi guan li zhi du	5
商标印制管理办法	shang biao yin zhi guan li ban fa	7
商标反向假冒	shang biao fan xiang jia mao	6
商标平台	shang biao ping tai	4
商标抢注	shang biao qiang zhu	12
商标权使用权	shang biao quan shi yong quan	3
商标权利范围	shang biao quan li fan wei	4
商标权续展	shang biao quan xu zhan	3
商标权转让	shang biao quan zhuan rang	1
商标禁止权	shang biao jin zhi quan	5
商用密码科研定点单位	shang yong mi ma ke yan ding dian dan wei	6
商用密码科研管理规定	shang yong mi ma ke yan guan li gui ding	3
商用房开发贷款	shang yong fang kai fa dai kuan	4
商贸企业文化	shang mao qi ye wen hua	4
商贸法律与案例	shang mao fa lv yu an li	5
啬夫	se fu	7
喜临门牌	xi lin men pai	5
喜欢不是罪	xi huan bu shi zui	6
喜马拉雅条款	xi ma la ya tiao kuan	4
嗣后不能	si hou bu neng	7
器官移植与脑死亡	qi guan yi zhi yu nao si wang	4
器官移植法研究	qi guan yi zhi fa yan jiu	2
器材管理制度	qi cai guan li zhi du	6
四不原则	si bu yuan ze	8
四个一批	si ge yi pi	19
四个坚定不移	si ge jian ding bu yi	12
四个服从	si ge fu cong	9
四固定	si gu ding	2
四定法	si ding fa	5
四川省专利保护条例	si chuan sheng zhuan li bao hu tiao li	4
四川省价格监测规定	si chuan sheng jia ge jian ce gui ding	3
四川省价格管理条例	si chuan sheng jia ge guan li tiao li	4
四川省全民健身条例	si chuan sheng quan min jian shen tiao li	6
四川省公墓管理条例	si chuan sheng gong mu guan li tiao li	4
四川省地方志工作条例	si chuan sheng di fang zhi gong zuo tiao li	4
四川省天然林保护条例	si chuan sheng tian ran lin bao hu tiao li	5
四川省旅游执法总队	si chuan sheng lv you zhi fa zong dui	5
四平市公安局铁西分局	si ping shi gong an ju tie xi fen ju	5
四库全书术数初集	si ku quan shu shu shu chu ji	4
四强公约	si qiang gong yue	3
四级三审制	si ji san shen zhi	8
四级两审终审制	si ji liang shen zhong shen zhi	6
四警合一	si jing he yi	4
回归价值	hui gui jia zhi	12
回购协议	hui gou xie yi	3
回避决定	hui bi jue ding	10
回避制度	hui bi zhi du	2
因特网服务提供者	yin te wang fu wu ti gong zhe	6
团体保险合同	tuan ti bao xian he tong	6
团体协约法	tuan ti xie yue fa	1
团队为赢	tuan dui wei ying	6
园冶	yuan ye	19
围堵政策	wei du zheng ce	7
固定价格法	gu ding jia ge fa	5
固定再保险合同	gu ding zai bao xian he tong	4
国事犯	guo shi fan	1
国事犯罪	guo shi fan zui	5
国债一级自营商	guo zhai yi ji zi ying shang	8
国债专项资金	guo zhai zhuan xiang zi jin	10
国债代地方政府发行	guo zhai dai di fang zheng fu fa xing	3
国债发行价格	guo zhai fa xing jia ge	6
国债回购	guo zhai hui gou	13
国债法	guo zhai fa	9
国共两党庐山谈判	guo gong liang dang lu shan tan pan	3
国共停战协定	guo gong ting zhan xie ding	1
国内优先分保	guo nei you xian fen bao	7
国内外蜂产品标准选编	guo nei wai feng chan pin biao zhun xuan bian	4
国内经济公证	guo nei jing ji gong zheng	6
国内船舶管理业规定	guo nei chuan bo guan li ye gui ding	3
国内运营权	guo nei yun ying quan	5
国军抗战连坐法	guo jun kang zhan lian zuo fa	2
国务院企业管理委员会	guo wu yuan qi ye guan li wei yuan hui	4
国务院体制改革办公室	guo wu yuan ti zhi gai ge ban gong shi	6
国务院信访条例	guo wu yuan xin fang tiao li	8
国务院关税税则委员会	guo wu yuan guan shui shui ze wei yuan hui	12
国务院发展研究中心	guo wu yuan fa zhan yan jiu zhong xin	16
国务院口岸领导小组	guo wu yuan kou an ling dao xiao zu	6
国务院台湾事务办公室	guo wu yuan tai wan shi wu ban gong shi	14
国务院国资委工作规则	guo wu yuan guo zi wei gong zuo gui ze	4
国务院外事办	guo wu yuan wai shi ban	1
国务院审计长	guo wu yuan shen ji zhang	3
国务院扶贫开发办	guo wu yuan fu pin kai fa ban	1
国务院法制办	guo wu yuan fa zhi ban	10
国务院科技干部局	guo wu yuan ke ji gan bu ju	2
国务院组织法	guo wu yuan zu zhi fa	7
国务院经济贸易办公室	guo wu yuan jing ji mao yi ban gong shi	9
国务院证券委员会	guo wu yuan zheng quan wei yuan hui	1
国土资源听证规定	guo tu zi yuan ting zheng gui ding	9
国土资源监察员	guo tu zi yuan jian cha yuan	4
国外救灾救助法规汇编	guo wai jiu zai jiu zhu fa gui hui bian	3
国家专营企业	guo jia zhuan ying qi ye	4
国家主席制度	guo jia zhu xi zhi du	7
国家产业技术政策	guo jia chan ye ji shu zheng ce	9
国家产业政策	guo jia chan ye zheng ce	1
国家人事局	guo jia ren shi ju	9
国家以工代赈管理办法	guo jia yi gong dai zhen guan li ban fa	5
国家保密法	guo jia bao mi fa	3
国家公务员回避制度	guo jia gong wu yuan hui bi zhi du	6
国家公务员暂行条例	guo jia gong wu yuan zan xing tiao li	12
国家公务员法	guo jia gong wu yuan fa	8
国家公职人员受贿罪	guo jia gong zhi ren yuan shou hui zui	4
国家公职人员犯罪	guo jia gong zhi ren yuan fan zui	5
国家公证	guo jia gong zheng	11
国家公诉人	guo jia gong su ren	5
国家农业委员会	guo jia nong ye wei yuan hui	7
国家冶金工业局	guo jia ye jin gong ye ju	4
国家出入境检验检疫局	guo jia chu ru jing jian yan jian yi ju	11
国家出版局	guo jia chu ban ju	17
国家卫生城市标准	guo jia wei sheng cheng shi biao zhun	10
国家危险废物名录	guo jia wei xian fei wu ming lu	10
国家厉行节约	guo jia li xing jie yue	8
国家及其财产豁免权	guo jia ji qi cai chan huo mian quan	4
国家发展计划委员会	guo jia fa zhan ji hua wei yuan hui	13
国家司法考试大纲	guo jia si fa kao shi da gang	12
国家司法考试应试规则	guo jia si fa kao shi ying shi gui ze	8
国家国内贸易局	guo jia guo nei mao yi ju	5
国家国防动员委员会	guo jia guo fang dong yuan wei yuan hui	9
国家土地督察制度	guo jia tu di du cha zhi du	3
国家土地督察济南局	guo jia tu di du cha ji nan ju	7
国家土地管理局	guo jia tu di guan li ju	13
国家地震应急预案	guo jia di zhen ying ji yu an	8
国家城市建设总局	guo jia cheng shi jian she zong ju	9
国家基本养老保险	guo jia ji ben yang lao bao xian	1
国家基本建设委员会	guo jia ji ben jian she wei yuan hui	8
国家基本药物制度	guo jia ji ben yao wu zhi du	3
国家基本药物目录	guo jia ji ben yao wu mu lu	5
国家外国专家局	guo jia wai guo zhuan jia ju	28
国家安全工作	guo jia an quan gong zuo	13
国家安全法实施细则	guo jia an quan fa shi shi xi ze	7
国家审判机关	guo jia shen pan ji guan	10
国家工作人员	guo jia gong zuo ren yuan	46
国家工商行政管理局	guo jia gong shang xing zheng guan li ju	15
国家干预	guo jia gan yu	14
国家广播电影电视总局	guo jia guang bo dian ying dian shi zong ju	14
国家建筑材料工业局	guo jia jian zhu cai liao gong ye ju	10
国家建设用地	guo jia jian she yong di	9
国家开发银行办公厅	guo jia kai fa yin hang ban gong ting	2
国家总动员法	guo jia zong dong yuan fa	4
国家恐怖主义	guo jia kong bu zhu yi	7
国家房管局	guo jia fang guan ju	4
国家执业医师资格考试	guo jia zhi ye yi shi zi ge kao shi	11
国家教育委员会	guo jia jiao yu wei yuan hui	31
国家新闻出版署	guo jia xin wen chu ban shu	44
国家无线电管理委员会	guo jia wu xian dian guan li wei yuan hui	9
国家有色金属工业局	guo jia you se jin shu gong ye ju	8
国家机关工作人员	guo jia ji guan gong zuo ren yuan	17
国家机械工业局	guo jia ji xie gong ye ju	4
国家核安全局	guo jia he an quan ju	25
国家核应急预案	guo jia he ying ji yu an	6
国家民族事务委员会	guo jia min zu shi wu wei yuan hui	11
国家法官学院	guo jia fa guan xue yuan	2
国家测绘局	guo jia ce hui ju	15
国家海上搜救应急预案	guo jia hai shang sou jiu ying ji yu an	8
国家烟草专卖局	guo jia yan cao zhuan mai ju	14
国家煤炭工业局	guo jia mei tan gong ye ju	3
国家版权局	guo jia ban quan ju	35
国家环境保护总局	guo jia huan jing bao hu zong ju	39
国家现金管理制度	guo jia xian jin guan li zhi du	5
国家电力公司	guo jia dian li gong si	20
国家监督	guo jia jian du	7
国家直接投资	guo jia zhi jie tou zi	1
国家督学聘任管理办法	guo jia du xue pin ren guan li ban fa	4
国家石油和化学工业局	guo jia shi you he hua xue gong ye ju	9
国家科学技术奖励条例	guo jia ke xue ji shu jiang li tiao li	9
国家科学技术委员会	guo jia ke xue ji shu wei yuan hui	11
国家税收执法权	guo jia shui shou zhi fa quan	2
国家管辖权	guo jia guan xia quan	1
国家级专项规划	guo jia ji zhuan xiang gui hua	7
国家纺织工业局	guo jia fang zhi gong ye ju	9
国家经济主权原则	guo jia jing ji zhu quan yuan ze	5
国家经济委员会	guo jia jing ji wei yuan hui	43
国家经济安全	guo jia jing ji an quan	2
国家经济政策	guo jia jing ji zheng ce	1
国家经济贸易委员会	guo jia jing ji mao yi wei yuan hui	15
国家结构	guo jia jie gou	7
国家结构形式	guo jia jie gou xing shi	1
国家统一司法考试	guo jia tong yi si fa kao shi	1
国家编制委员会	guo jia bian zhi wei yuan hui	2
国家职权主义	guo jia zhi quan zhu yi	5
国家股	guo jia gu	16
国家能源委员会	guo jia neng yuan wei yuan hui	8
国家能源投资公司	guo jia neng yuan tou zi gong si	8
国家药品监督管理局	guo jia yao pin jian du guan li ju	14
国家补偿	guo jia bu chang	12
国家计划生育委员会	guo jia ji hua sheng yu wei yuan hui	11
国家计量局	guo jia ji liang ju	1
国家豁免权	guo jia huo mian quan	7
国家财产豁免权	guo jia cai chan huo mian quan	4
国家财政政策	guo jia cai zheng zheng ce	10
国家货币政策	guo jia huo bi zheng ce	11
国家质量技术监督局	guo jia zhi liang ji shu jian du ju	13
国家赔偿费用管理办法	guo jia pei chang fei yong guan li ban fa	7
国家轻工业局	guo jia qing gong ye ju	10
国家边界	guo jia bian jie	15
国家进出口管理委员会	guo jia jin chu kou guan li wei yuan hui	9
国家进出口银行	guo jia jin chu kou yin hang	9
国家通信保障应急预案	guo jia tong xin bao zhang ying ji yu an	5
国家通用语言文字法	guo jia tong yong yu yan wen zi fa	11
国家重点公园管理办法	guo jia zhong dian gong yuan guan li ban fa	6
国家金库制度	guo jia jin ku zhi du	1
国家防汛抗旱应急预案	guo jia fang xun kang han ying ji yu an	7
国家黄金管理局	guo jia huang jin guan li ju	7
国有产权转让	guo you chan quan zhuan rang	14
国有企业改革法律报告	guo you qi ye gai ge fa lv bao gao	3
国有企业清产核资办法	guo you qi ye qing chan he zi ban fa	9
国有企业经营权	guo you qi ye jing ying quan	7
国有保险公司监事会	guo you bao xian gong si jian shi hui	7
国有农场税费改革	guo you nong chang shui fei gai ge	10
国有化政策	guo you hua zheng ce	10
国有土地使用权流转	guo you tu di shi yong quan liu zhuan	4
国有煤矿瓦斯治理规定	guo you mei kuang wa si zhi li gui ding	5
国有独资企业	guo you du zi qi ye	23
国有独资公司	guo you du zi gong si	22
国有独资商业银行	guo you du zi shang ye yin hang	1
国有股减持	guo you gu jian chi	15
国有股权法律制度研究	guo you gu quan fa lv zhi du yan jiu	2
国有财产法	guo you cai chan fa	4
国有资产产权界定	guo you zi chan chan quan jie ding	9
国有资本经营预算制度	guo you zi ben jing ying yu suan zhi du	12
国民住宅条例	guo min zhu zhai tiao li	3
国籍抵触	guo ji di chu	4
国籍税收管辖权	guo ji shui shou guan xia quan	3
国营企业调节税	guo ying qi ye tiao jie shui	2
国营公司	guo ying gong si	15
国营贸易制度	guo ying mao yi zhi du	4
国防专利代理机构	guo fang zhuan li dai li ji gou	5
国防专利条例	guo fang zhuan li tiao li	6
国防动员委员会	guo fang dong yuan wei yuan hui	30
国际习惯	guo ji xi guan	10
国际习惯做法	guo ji xi guan zuo fa	5
国际产品责任法	guo ji chan pin ze ren fa	6
国际人权公约与中国	guo ji ren quan gong yue yu zhong guo	3
国际人权条约	guo ji ren quan tiao yue	1
国际人权法	guo ji ren quan fa	46
国际信用担保	guo ji xin yong dan bao	8
国际刑事司法协助研究	guo ji xing shi si fa xie zhu yan jiu	3
国际刑事法院规约	guo ji xing shi fa yuan gui yue	1
国际化新形势新对策	guo ji hua xin xing shi xin dui ce	3
国际发展援助	guo ji fa zhan yuan zhu	1
国际发展法	guo ji fa zhan fa	1
国际商事仲裁法	guo ji shang shi zhong cai fa	8
国际商事合同法	guo ji shang shi he tong fa	5
国际商事合同法统一化	guo ji shang shi he tong fa tong yi hua	2
国际商法学习指导	guo ji shang fa xue xi zhi dao	6
国际奶制品协议	guo ji nai zhi pin xie yi	4
国际工程承包	guo ji gong cheng cheng bao	13
国际强行法	guo ji qiang xing fa	2
国际恐怖主义犯罪	guo ji kong bu zhu yi fan zui	7
国际托管制度	guo ji tuo guan zhi du	5
国际技术转让合同	guo ji ji shu zhuan rang he tong	7
国际支付手段	guo ji zhi fu shou duan	8
国际服务贸易	guo ji fu wu mao yi	6
国际植物保护公约	guo ji zhi wu bao hu gong yue	8
国际植物命名法规	guo ji zhi wu ming ming fa gui	4
国际武器贸易条例	guo ji wu qi mao yi tiao li	3
国际民事管辖权	guo ji min shi guan xia quan	6
国际民商事程序法通论	guo ji min shang shi cheng xu fa tong lun	2
国际民商事诉讼程序法	guo ji min shang shi su song cheng xu fa	2
国际法专题研究	guo ji fa zhuan ti yan jiu	4
国际法律服务贸易	guo ji fa lv fu wu mao yi	3
国际法渊源	guo ji fa yuan yuan	7
国际法研究院	guo ji fa yan jiu yuan	4
国际法输入与晚清中国	guo ji fa shu ru yu wan qing zhong guo	3
国际法院新近案例研究	guo ji fa yuan xin jin an li yan jiu	3
国际法院规约	guo ji fa yuan gui yue	5
国际海上避碰规则公约	guo ji hai shang bi peng gui ze gong yue	5
国际海事欺诈	guo ji hai shi qi zha	4
国际海运危险货物规则	guo ji hai yun wei xian huo wu gui ze	7
国际湿地公约	guo ji shi di gong yue	1
国际热带木材协定	guo ji re dai mu cai xie ding	5
国际牛肉协议	guo ji niu rou xie yi	4
国际特许经营指南	guo ji te xu jing ying zhi nan	3
国际电信公约	guo ji dian xin gong yue	6
国际知识产权制度	guo ji zhi shi chan quan zhi du	8
国际知识产权法	guo ji zhi shi chan quan fa	1
国际纺织品贸易协定	guo ji fang zhi pin mao yi xie ding	5
国际经济合作实务	guo ji jing ji he zuo shi wu	7
国际经济法	guo ji jing ji fa	28
国际经济法习题集	guo ji jing ji fa xi ti ji	4
国际经济法教程	guo ji jing ji fa jiao cheng	4
国际经济贸易法律制度	guo ji jing ji mao yi fa lv zhi du	5
国际航空法	guo ji hang kong fa	6
国际船舶载重线公约	guo ji chuan bo zai zhong xian gong yue	5
国际许可证协议	guo ji xu ke zheng xie yi	5
国际货币法	guo ji huo bi fa	5
国际货币金融法	guo ji huo bi jin rong fa	7
国际货物运输保险	guo ji huo wu yun shu bao xian	9
国际贸易促进委员会	guo ji mao yi cu jin wei yuan hui	14
国际贸易术语解释通则	guo ji mao yi shu yu jie shi tong ze	10
国际贸易条约	guo ji mao yi tiao yue	1
国际贸易欺诈案例集	guo ji mao yi qi zha an li ji	3
国际贸易法专论	guo ji mao yi fa zhuan lun	2
国际贸易法规与惯例	guo ji mao yi fa gui yu guan li	4
国际道路运输管理规定	guo ji dao lu yun shu guan li gui ding	6
国际重复征税	guo ji chong fu zheng shui	9
国际集装箱安全公约	guo ji ji zhuang xiang an quan gong yue	5
图解刑法适用大全	tu jie xing fa shi yong da quan	4
圆审	yuan shen	7
土地二轮延包	tu di er lun yan bao	9
土地交易价格	tu di jiao yi jia ge	12
土地产权	tu di chan quan	16
土地产权制度	tu di chan quan zhi du	11
土地使用权出让合同	tu di shi yong quan chu rang he tong	14
土地使用权出让底价	tu di shi yong quan chu rang di jia	6
土地使用权初始登记	tu di shi yong quan chu shi deng ji	7
土地储备管理办法	tu di chu bei guan li ban fa	11
土地储备证	tu di chu bei zheng	3
土地共有使用权	tu di gong you shi yong quan	4
土地出让使用权	tu di chu rang shi yong quan	7
土地出让金	tu di chu rang jin	6
土地分等定级	tu di fen deng ding ji	9
土地初始登记	tu di chu shi deng ji	8
土地利用总体规划	tu di li yong zong ti gui hua	7
土地发展公司	tu di fa zhan gong si	13
土地发展权	tu di fa zhan quan	9
土地国有	tu di guo you	3
土地增值税暂行条例	tu di zeng zhi shui zan xing tiao li	11
土地复垦	tu di fu ken	4
土地定着物	tu di ding zhuo wu	5
土地审裁处法官	tu di shen cai chu fa guan	2
土地影子费用	tu di ying zi fei yong	3
土地房屋权证	tu di fang wu quan zheng	8
土地执法大全	tu di zhi fa da quan	2
土地承包合同	tu di cheng bao he tong	12
土地承包合同案例评析	tu di cheng bao he tong an li ping xi	3
土地承包法	tu di cheng bao fa	13
土地承包经营合同	tu di cheng bao jing ying he tong	8
土地承包经营权	tu di cheng bao jing ying quan	1
土地承包经营权纠纷	tu di cheng bao jing ying quan jiu fen	7
土地抵押权	tu di di ya quan	10
土地抵押权实现	tu di di ya quan shi xian	4
土地招拍挂制度	tu di zhao pai gua zhi du	10
土地招标拍卖挂牌	tu di zhao biao pai mai gua pai	10
土地按揭	tu di an jie	6
土地改革法公布施行	tu di gai ge fa gong bu shi xing	3
土地有偿使用合同	tu di you chang shi yong he tong	10
土地权属制度	tu di quan shu zhi du	5
土地权属变更登记	tu di quan shu bian geng deng ji	8
土地注册处	tu di zhu ce chu	14
土地注册处处长	tu di zhu ce chu chu zhang	4
土地生产潜力	tu di sheng chan qian li	7
土地登记	tu di deng ji	15
土地登记代理合同	tu di deng ji dai li he tong	4
土地登记制度	tu di deng ji zhi du	9
土地登记办法	tu di deng ji ban fa	10
土地登记规则	tu di deng ji gui ze	10
土地盐渍化	tu di yan zi hua	8
土地管理法	tu di guan li fa	14
土地管理法实施条例	tu di guan li fa shi shi tiao li	11
土地管理法配套规定	tu di guan li fa pei tao gui ding	2
土地荒漠化	tu di huang mo hua	1
土地证书印制管理办法	tu di zheng shu yin zhi guan li ban fa	3
土地调查条例	tu di tiao cha tiao li	9
土地转让过户	tu di zhuan rang guo hu	6
土木工程合同管理	tu mu gong cheng he tong guan li	5
圣母无染原罪节	sheng mu wu ran yuan zui jie	2
在刑满释放五年内又犯	zai xing man shi fang wu nian nei you fan	2
在合同履行中	zai he tong lv xing zhong	9
在职法律硕士	zai zhi fa lv shuo shi	13
在险价值	zai xian jia zhi	8
地产权属登记	di chan quan shu deng ji	11
地指国	di zhi guo	5
地方人民检察院	di fang ren min jian cha yuan	6
地方分权制	di fang fen quan zhi	7
地方分权制度	di fang fen quan zhi du	5
地方国家机构	di fang guo jia ji gou	8
地方志工作条例	di fang zhi gong zuo tiao li	1
地方性会计法规	di fang xing kuai ji fa gui	7
地方性法规	di fang xing fa gui	31
地方政府权力	di fang zheng fu quan li	2
地方法	di fang fa	16
地方法规	di fang fa gui	11
地方立法研究	di fang li fa yan jiu	7
地方自治制度	di fang zi zhi zhi du	17
地方自治试行条例	di fang zi zhi shi xing tiao li	2
地方行政机关	di fang xing zheng ji guan	18
地理标志产品保护规定	di li biao zhi chan pin bao hu gui ding	10
地表水环境质量标准	di biao shui huan jing zhi liang biao zhun	10
地质灾害防治管理条例	di zhi zai hai fang zhi guan li tiao li	4
地震行政执法规定	di zhen xing zheng zhi fa gui ding	3
垄断行业	long duan hang ye	3
垄断行为	long duan xing wei	12
埃尔默案	ai er mo an	2
城乡医疗救助	cheng xiang yi liao jiu zhu	13
城乡规划法	cheng xiang gui hua fa	12
城北派出所	cheng bei pai chu suo	11
城市住宅局	cheng shi zhu zhai ju	4
城市供水水质管理规定	cheng shi gong shui shui zhi guan li gui ding	7
城市公有房屋管理规定	cheng shi gong you fang wu guan li gui ding	6
城市动物园管理规定	cheng shi dong wu yuan guan li gui ding	5
城市危险房屋管理规定	cheng shi wei xian fang wu guan li gui ding	7
城市合作银行	cheng shi he zuo yin hang	10
城市商品房预售管理法	cheng shi shang pin fang yu shou guan li fa	2
城市基层权力重组	cheng shi ji ceng quan li chong zu	2
城市居民最低生活保障	cheng shi ju min zui di sheng huo bao zhang	15
城市建筑垃圾管理规定	cheng shi jian zhu la ji guan li gui ding	9
城市建设总局	cheng shi jian she zong ju	2
城市建设拆迁管理条例	cheng shi jian she chai qian guan li tiao li	5
城市建设档案管理规定	cheng shi jian she dang an guan li gui ding	7
城市建设维护税	cheng shi jian she wei hu shui	11
城市房地产税	cheng shi fang di chan shui	6
城市房地产管理办法	cheng shi fang di chan guan li ban fa	7
城市房地产管理法	cheng shi fang di chan guan li fa	1
城市房屋拆迁工作规程	cheng shi fang wu chai qian gong zuo gui cheng	6
城市房屋租赁管理办法	cheng shi fang wu zu lin guan li ban fa	10
城市房屋被拆迁人	cheng shi fang wu bei chai qian ren	2
城市民族工作条例	cheng shi min zu gong zuo tiao li	7
城市治理与中国发展	cheng shi zhi li yu zhong guo fa zhan	3
城市物价管理	cheng shi wu jia guan li	2
城市私房用地使用权	cheng shi si fang yong di shi yong quan	4
城市私有房屋管理条例	cheng shi si you fang wu guan li tiao li	10
城市规划法	cheng shi gui hua fa	9
城市规划管理与法规	cheng shi gui hua guan li yu fa gui	9
城市规划编制办法	cheng shi gui hua bian zhi ban fa	4
城市规划行政处罚	cheng shi gui hua xing zheng chu fa	5
城市道路管理条例	cheng shi dao lu guan li tiao li	9
城市黄线管理办法	cheng shi huang xian guan li ban fa	7
城建建材工会	cheng jian jian cai gong hui	3
城建监察	cheng jian jian cha	12
城建监察规定	cheng jian jian cha gui ding	5
城旦	cheng dan	8
城邦民主制	cheng bang min zhu zhi	7
城镇廉租住房管理办法	cheng zhen lian zu zhu fang guan li ban fa	10
基层人民法院院长	ji ceng ren min fa yuan yuan zhang	7
基层公安机关	ji ceng gong an ji guan	12
基层建设年	ji ceng jian she nian	7
基层执法疑难问题研究	ji ceng zhi fa yi nan wen ti yan jiu	2
基本住房保障法	ji ben zhu fang bao zhang fa	4
基本养老保险	ji ben yang lao bao xian	4
基本农田	ji ben nong tian	8
基督与受骗女子	ji du yu shou pian nv zi	2
基金会信息公布办法	ji jin hui xin xi gong bu ban fa	5
塔克西拉古城遗址	ta ke xi la gu cheng yi zhi	4
境内非居民	jing nei fei ju min	6
境外就业中介管理规定	jing wai jiu ye zhong jie guan li gui ding	7
增值税专用缴款书	zeng zhi shui zhuan yong jiao kuan shu	10
增值税发票	zeng zhi shui fa piao	15
增值税暂行条例	zeng zhi shui zan xing tiao li	6
增值税纳税人	zeng zhi shui na shui ren	11
增加农业投入	zeng jia nong ye tou ru	11
增收节支措施	zeng shou jie zhi cuo shi	8
壹刑	yi xing	6
处理恰当	chu li qia dang	11
复仇掠夺	fu chou lve duo	2
复保险合同	fu bao xian he tong	7
复制发行	fu zhi fa xing	1
复合氨基酸	fu he an ji suan	12
复员军人	fu yuan jun ren	9
复员费	fu yuan fei	2
复杂共犯	fu za gong fan	5
复议前置	fu yi qian zhi	10
复议参加人	fu yi can jia ren	8
复议范围	fu yi fan wei	10
复议被申请人	fu yi bei shen qing ren	7
夏凤英	xia feng ying	5
夏朝法律制度	xia chao fa lv zhi du	3
外专外语	wai zhuan wai yu	5
外事办	wai shi ban	18
外出经营许可证	wai chu jing ying xu ke zheng	5
外商投资产业指导目录	wai shang tou zi chan ye zhi dao mu lu	13
外商投资企业法律手册	wai shang tou zi qi ye fa lv shou ce	2
外商投资流通业	wai shang tou zi liu tong ye	2
外商独资保险公司	wai shang du zi bao xian gong si	9
外国专家局	wai guo zhuan jia ju	8
外国仲裁裁决公约	wai guo zhong cai cai jue gong yue	9
外国保险公司分公司	wai guo bao xian gong si fen gong si	9
外国在华领事裁判权	wai guo zai hua ling shi cai pan quan	6
外国法院说	wai guo fa yuan shuo	2
外国行政强制法律制度	wai guo xing zheng qiang zhi fa lv zhi du	3
外大陆架	wai da lu jia	2
外层空间武器	wai ceng kong jian wu qi	6
外层空间法	wai ceng kong jian fa	8
外币国债	wai bi guo zhai	5
外汇保证金开户	wai hui bao zheng jin kai hu	8
外观设计法律保护	wai guan she ji fa lv bao hu	5
外贸代理	wai mao dai li	12
外贸代理制度	wai mao dai li zhi du	5
外贸易经营者	wai mao yi jing ying zhe	13
外贸法律实务	wai mao fa lv shi wu	3
外资企业法实施细则	wai zi qi ye fa shi shi xi ze	9
外资保险公司	wai zi bao xian gong si	14
外资银行管理条例	wai zi yin hang guan li tiao li	12
外轮代理公司	wai lun dai li gong si	4
多元文化公民权	duo yuan wen hua gong min quan	2
多式联运经营人	duo shi lian yun jing ying ren	12
多数辩护	duo shu bian hu	4
多次课征制	duo ci ke zheng zhi	4
多种纤维协议	duo zhong xian wei xie yi	7
多管转膛炮迅雷铳	duo guan zhuan tang pao xun lei chong	3
多边国际公约	duo bian guo ji gong yue	1
大事纪	da shi ji	18
大副收据	da fu shou ju	9
大宇文法论坛	da yu wen fa lun tan	2
大宋提刑官断案宝典	da song ti xing guan duan an bao dian	2
大小非征税	da xiao fei zheng shui	5
大律师登记册	da lv shi deng ji ce	3
大户持仓报告制度	da hu chi cang bao gao zhi du	8
大拇指法则	da mu zhi fa ze	5
大日本帝国宪法	da ri ben di guo xian fa	27
大石音乐版权	da shi yin yue ban quan	2
大规模集成电路测试	da gui mo ji cheng dian lu ce shi	6
大贺茂	da he mao	2
大连市政府法制办	da lian shi zheng fu fa zhi ban	4
大陆架公约	da lu jia gong yue	8
大陆法	da lu fa	7
大陆法国家民法典研究	da lu fa guo jia min fa dian yan jiu	5
大陆法系	da lu fa xi	17
大陆法系刑法	da lu fa xi xing fa	2
大面额纸币	da mian e zhi bi	3
大额可转让定期存单	da e ke zhuan rang ding qi cun dan	8
大额疾病医疗保险	da e ji bing yi liao bao xian	2
天津市地方性法规汇编	tian jin shi di fang xing fa gui hui bian	2
天津市大港区人民法院	tian jin shi da gang qu ren min fa yuan	5
天津市就业促进条例	tian jin shi jiu ye cu jin tiao li	4
天津耀达律师事务所	tian jin yao da lv shi shi wu suo	4
太平洋盆地经济理事会	tai ping yang pen di jing ji li shi hui	7
太平洋经济合作理事会	tai ping yang jing ji he zuo li shi hui	9
夫妻住所	fu qi zhu suo	3
夫妻共同债务	fu qi gong tong zhai wu	1
夫妻共同债务认定	fu qi gong tong zhai wu ren ding	4
夫妻共同所有财产	fu qi gong tong suo you cai chan	5
夫妻共同财产分割	fu qi gong tong cai chan fen ge	9
夫妻分居	fu qi fen ju	1
夫妻约定财产制	fu qi yue ding cai chan zhi	8
夫妻约定财产制度	fu qi yue ding cai chan zhi du	3
夫妻财产约定公证	fu qi cai chan yue ding gong zheng	4
夫妻财产约定协议公证	fu qi cai chan yue ding xie yi gong zheng	5
失业下岗人员权益维护	shi ye xia gang ren yuan quan yi wei hu	3
失业保险法	shi ye bao xian fa	1
失业登记	shi ye deng ji	7
失信惩戒办法	shi xin cheng jie ban fa	4
失信成本	shi xin cheng ben	11
失去时效	shi qu shi xiao	9
失效专利	shi xiao zhuan li	10
失职行为	shi zhi xing wei	10
奉法者强则国强	feng fa zhe qiang ze guo qiang	6
奏定学堂章程	zou ding xue tang zhang cheng	7
契约型基金	qi yue xing ji jin	11
契约登记	qi yue deng ji	5
套期保值合约	tao qi bao zhi he yue	7
奢侈品之战	she chi pin zhi zhan	2
奥东律师事务所	ao dong lv shi shi wu suo	6
奥利弗温德尔霍姆斯	ao li fu wen de er huo mu si	2
奥地利普通民法典	ao di li pu tong min fa dian	4
奥地利民法典	ao di li min fa dian	8
奥本海国际法	ao ben hai guo ji fa	7
奥林匹克标志保护条例	ao lin pi ke biao zhi bao hu tiao li	11
奥狄思法则	ao di si fa ze	2
女娲神枪	nv wa shen qiang	5
女官制度	nv guan zhi du	1
女性意外险	nv xing yi wai xian	4
女性自我防卫	nv xing zi wo fang wei	3
女权主义法学	nv quan zhu yi fa xue	7
女职工劳动	nv zhi gong lao dong	12
女职工劳动保护	nv zhi gong lao dong bao hu	1
女职工劳动保护规定	nv zhi gong lao dong bao hu gui ding	11
奴隶制五刑	nu li zhi wu xing	7
奴隶制法	nu li zhi fa	1
奴隶宪法	nu li xian fa	4
奸党罪	jian dang zui	7
奸淫幼女罪	jian yin you nv zui	2
好猫论	hao mao lun	4
如东县国土资源局	ru dong xian guo tu zi yuan ju	6
如何保障消费者权益	ru he bao zhang xiao fei zhe quan yi	5
如何写民事诉状	ru he xie min shi su zhuang	2
如何购买二手房	ru he gou mai er shou fang	8
妇女儿童权益保护法	fu nv er tong quan yi bao hu fa	8
妇女就业	fu nv jiu ye	7
妇女权益	fu nv quan yi	22
妇女权益保障	fu nv quan yi bao zhang	14
妇女权益保障法	fu nv quan yi bao zhang fa	5
妇女权益法律保障研究	fu nv quan yi fa lv bao zhang yan jiu	3
妇女法研究	fu nv fa yan jiu	4
妖书案	yao shu an	5
妨害民事诉讼行为	fang hai min shi su song xing wei	8
妨害风化犯罪	fang hai feng hua fan zui	4
姐妹船	jie mei chuan	8
委付	wei fu	12
委任合同	wei ren he tong	7
委任性规则	wei ren xing gui ze	7
委任性规范	wei ren xing gui fan	6
委任统治权	wei ren tong zhi quan	1
委员制	wei yuan zhi	14
委员小组	wei yuan xiao zu	10
委托下单	wei tuo xia dan	13
委托不明	wei tuo bu ming	4
委托书收购	wei tuo shu shou gou	6
委托买卖契约	wei tuo mai mai qi yue	5
委托人民法院	wei tuo ren min fa yuan	12
委托代理人	wei tuo dai li ren	2
委托代理合同	wei tuo dai li he tong	12
委托作品	wei tuo zuo pin	5
委托关系	wei tuo guan xi	2
委托创作	wei tuo chuang zuo	25
委托创作作品	wei tuo chuang zuo zuo pin	6
委托加工合同	wei tuo jia gong he tong	10
委托合同	wei tuo he tong	4
委托开发	wei tuo kai fa	6
委托开发合同	wei tuo kai fa he tong	11
委托执行	wei tuo zhi xing	11
委托拆迁	wei tuo chai qian	11
委托拍卖合同	wei tuo pai mai he tong	11
委托招标	wei tuo zhao biao	11
委托授权	wei tuo shou quan	2
委托授权书	wei tuo shou quan shu	11
委托授权行为	wei tuo shou quan xing wei	6
委托物	wei tuo wu	1
委托监护	wei tuo jian hu	2
委托监护人	wei tuo jian hu ren	8
委托背书	wei tuo bei shu	4
委托调查	wei tuo diao cha	11
委托购买合同	wei tuo gou mai he tong	6
委托辩护	wei tuo bian hu	1
委托辩护人	wei tuo bian hu ren	5
委托送达	wei tuo song da	10
威廉姆斯法	wei lian mu si fa	7
威斯敏斯特法案	wei si min si te fa an	8
威斯特伐利亚公会	wei si te fa li ya gong hui	3
娱乐场所治安管理办法	yu le chang suo zhi an guan li ban fa	8
娱乐场所管理条例	yu le chang suo guan li tiao li	12
娱乐场所管理条例释义	yu le chang suo guan li tiao li shi yi	2
婚前保健工作规范	hun qian bao jian gong zuo gui fan	8
婚前协议	hun qian xie yi	2
婚前婚后财产	hun qian hun hou cai chan	8
婚前财产	hun qian cai chan	1
婚姻与收养登记	hun yin yu shou yang deng ji	2
婚姻完全破裂	hun yin wan quan po lie	4
婚姻家庭法前沿	hun yin jia ting fa qian yan	2
婚姻家庭法律适用全书	hun yin jia ting fa lv shi yong quan shu	2
婚姻家庭继承法学	hun yin jia ting ji cheng fa xue	6
婚姻法学参考资料	hun yin fa xue can kao zi liao	3
婚姻登记制度	hun yin deng ji zhi du	9
婚姻登记地	hun yin deng ji di	6
婚姻登记工作暂行规范	hun yin deng ji gong zuo zan xing gui fan	8
婚姻登记所	hun yin deng ji suo	10
婚姻登记档案	hun yin deng ji dang an	12
婚姻登记档案管理办法	hun yin deng ji dang an guan li ban fa	9
婚姻纠纷维权必备	hun yin jiu fen wei quan bi bei	5
婚姻继承纠纷	hun yin ji cheng jiu fen	12
媒介暴力	mei jie bao li	6
媒体与司法关系研究	mei ti yu si fa guan xi yan jiu	5
媒体法	mei ti fa	10
媒体法律与市场	mei ti fa lv yu shi chang	3
媒体监督	mei ti jian du	11
媒氏	mei shi	1
嫡长继承制	di zhang ji cheng zhi	3
子产铸刑鼎	zi chan zhu xing ding	5
子女保障信托	zi nv bao zhang xin tuo	2
子女监护权	zi nv jian hu quan	6
子孙违犯教令	zi sun wei fan jiao ling	5
子目注释	zi mu zhu shi	8
孕妇盗窃团	yun fu dao qie tuan	3
存单挂失	cun dan gua shi	8
存款保险法律制度	cun kuan bao xian fa lv zhi du	5
孙艺军	sun yi jun	6
学习驾驶技术	xue xi jia shi ji shu	10
学位委员会	xue wei wei yuan hui	32
学位授予法	xue wei shou yu fa	6
学位论文写作指导	xue wei lun wen xie zuo zhi dao	4
学术风景线	xue shu feng jing xian	3
学校卫生工作条例	xue xiao wei sheng gong zuo tiao li	10
学校教育制度	xue xiao jiao yu zhi du	2
学校法律治理研究	xue xiao fa lv zhi li yan jiu	3
学校突发事件应急管理	xue xiao tu fa shi jian ying ji guan li	3
学生常用法规全书	xue sheng chang yong fa gui quan shu	4
学生常用法规掌中宝	xue sheng chang yong fa gui zhang zhong bao	3
宁波市爱国卫生条例	ning bo shi ai guo wei sheng tiao li	5
宅地法	zhai di fa	4
宅基地使用权	zhai ji di shi yong quan	14
宅基地法律问题	zhai ji di fa lv wen ti	3
宅基地纠纷	zhai ji di jiu fen	10
宅基地证	zhai ji di zheng	10
宇宙开发法	yu zhou kai fa fa	1
安全保障权	an quan bao zhang quan	1
安全关照义务	an quan guan zhao yi wu	7
安全检查员	an quan jian cha yuan	2
安全泊位	an quan bo wei	6
安全生产事故罪	an quan sheng chan shi gu zui	6
安全生产培训管理办法	an quan sheng chan pei xun guan li ban fa	6
安全生产奖惩制度	an quan sheng chan jiang cheng zhi du	7
安全生产工作规定	an quan sheng chan gong zuo gui ding	7
安全生产法	an quan sheng chan fa	2
安全生产综合预控法	an quan sheng chan zong he yu kong fa	3
安全生产许可证条例	an quan sheng chan xu ke zheng tiao li	11
安全用药知识读本	an quan yong yao zhi shi du ben	5
安全监督	an quan jian du	33
安全警示录	an quan jing shi lu	6
安全评价机构管理规定	an quan ping jia ji gou guan li gui ding	7
安全饮品	an quan yin pin	10
安徽九华律师事务所	an hui jiu hua lv shi shi wu suo	3
安徽华普会计师事务所	an hui hua pu kuai ji shi shi wu suo	12
安徽大学法律评论	an hui da xue fa lv ping lun	5
安徽徽达律师事务所	an hui hui da lv shi shi wu suo	7
安徽昌法律师事务所	an hui chang fa lv shi shi wu suo	3
安徽法院案例选	an hui fa yuan an li xuan	2
安徽省中小企业协会	an hui sheng zhong xiao qi ye xie hui	4
安徽省地方志工作条例	an hui sheng di fang zhi gong zuo tiao li	5
安徽省失业保险规定	an hui sheng shi ye bao xian gui ding	5
安徽省收费管理条例	an hui sheng shou fei guan li tiao li	4
安徽省蚕种管理条例	an hui sheng can zhong guan li tiao li	6
安徽金亚太律师事务所	an hui jin ya tai lv shi shi wu suo	7
安意外残疾附加条款	an yi wai can ji fu jia tiao kuan	3
安福俱乐部	an fu ju le bu	5
安维律师事务所	an wei lv shi shi wu suo	3
安置补助费	an zhi bu zhu fei	14
安远县人民法院	an yuan xian ren min fa yuan	4
安陆市人民检察院	an lu shi ren min jian cha yuan	4
宋代法律与社会	song dai fa lv yu she hui	3
宋代法规	song dai fa gui	3
宋代物权关系研究	song dai wu quan guan xi yan jiu	2
宋建中	song jian zhong	1
宋维强	song wei qiang	4
宋英辉	song ying hui	9
完全产权房	wan quan chan quan fang	7
完全债权	wan quan zhai quan	5
完全合并	wan quan he bing	9
完全民事行为人	wan quan min shi xing wei ren	6
完全民事行为能力	wan quan min shi xing wei neng li	5
完全物权	wan quan wu quan	9
完全知识产权	wan quan zhi shi chan quan	1
完全行为能力	wan quan xing wei neng li	9
完全过失责任制	wan quan guo shi ze ren zhi	6
完善宏观调控	wan shan hong guan tiao kong	12
完善现代企业制度	wan shan xian dai qi ye zhi du	12
宏观经济基本状况	hong guan jing ji ji ben zhuang kuang	4
宏观经济管理体制	hong guan jing ji guan li ti zhi	7
宏观调控权	hong guan tiao kong quan	9
宏观调控法	hong guan tiao kong fa	1
宏观调控法律制度研究	hong guan tiao kong fa lv zhi du yan jiu	3
宏观调控目标	hong guan tiao kong mu biao	13
宏观财政政策	hong guan cai zheng zheng ce	8
宗教指导者	zong jiao zhi dao zhe	4
宗教活动场所登记办法	zong jiao huo dong chang suo deng ji ban fa	5
宗教院校设立办法	zong jiao yuan xiao she li ban fa	3
官方语言法案	guan fang yu yan fa an	1
定值保险与不定值保险	ding zhi bao xian yu bu ding zhi bao xian	4
定值保险合同	ding zhi bao xian he tong	9
定向募集	ding xiang mu ji	5
定向募集设立	ding xiang mu ji she li	9
定性决策法	ding xing jue ce fa	3
定日付款	ding ri fu kuan	9
定稿创作	ding gao chuang zuo	3
实体公正	shi ti gong zheng	12
实体法	shi ti fa	7
实体法律	shi ti fa lv	11
实效主义法学	shi xiao zhu yi fa xue	2
实施强制	shi shi qiang zhi	12
实用中医药诊疗技术	shi yong zhong yi yao zhen liao ji shu	2
实用古汉语知识宝典	shi yong gu han yu zhi shi bao dian	4
实用国际贸易	shi yong guo ji mao yi	6
实用国际贸易法	shi yong guo ji mao yi fa	3
实用宪法学新词典	shi yong xian fa xue xin ci dian	3
实用新型专利	shi yong xin xing zhuan li	4
实用新型专利权	shi yong xin xing zhuan li quan	1
实用法律指南	shi yong fa lv zhi nan	4
实用法律文书写作	shi yong fa lv wen shu xie zuo	4
实用法律英语	shi yong fa lv ying yu	4
实行国民待遇	shi xing guo min dai yu	11
实行改制	shi xing gai zhi	1
实行犯过限	shi xing fan guo xian	4
实行终了未遂	shi xing zhong liao wei sui	3
实质性改变	shi zhi xing gai bian	2
实质性特点	shi zhi xing te dian	2
实质性金钱损失	shi zhi xing jin qian sun shi	3
实践性行为	shi jian xing xing wei	1
实际全损	shi ji quan sun	10
审判公正问题研究	shen pan gong zheng wen ti yan jiu	2
审判前沿观察	shen pan qian yan guan cha	2
审判案例研究	shen pan an li yan jiu	4
审判监督	shen pan jian du	17
审判监督制度	shen pan jian du zhi du	9
审判监督制度实证研究	shen pan jian du zhi du shi zheng yan jiu	3
审判监督指导	shen pan jian du zhi dao	6
审判监督指导与研究	shen pan jian du zhi dao yu yan jiu	4
审判监督程序	shen pan jian du cheng xu	5
审判程序合法	shen pan cheng xu he fa	4
审判长宣布开庭	shen pan zhang xuan bu kai ting	9
审前羁押与保释	shen qian ji ya yu bao shi	5
审录司	shen lu si	3
审查公诉	shen cha gong su	7
审查判断证据	shen cha pan duan zheng ju	9
审查案件	shen cha an jian	9
审查逮捕证据参考标准	shen cha dai bu zheng ju can kao biao zhun	5
审核委托方	shen he wei tuo fang	8
审裁小组	shen cai xiao zu	1
审计合谋	shen ji he mou	8
审计委员会制度	shen ji wei yuan hui zhi du	9
审计案例	shen ji an li	11
审计案例分析	shen ji an li fen xi	9
审计法律规范	shen ji fa lv gui fan	6
审计规范体系	shen ji gui fan ti xi	6
审计调查项目	shen ji diao cha xiang mu	9
客观归罪	ke guan gui zui	9
客观标准	ke guan biao zhun	6
客观标志原则	ke guan biao zhi yuan ze	3
宣判笔录	xuan pan bi lu	8
宣宁高速公路	xuan ning gao su gong lu	2
宣布战争状态	xuan bu zhan zheng zhuang tai	1
宪台格例	xian tai ge li	3
宪政古今	xian zheng gu jin	5
宪政哲学问题要论	xian zheng zhe xue wen ti yao lun	2
宪政文化与近代中国	xian zheng wen hua yu jin dai zhong guo	4
宪法修改案	xian fa xiu gai an	2
宪法制定权	xian fa zhi ding quan	6
宪法及其相关法	xian fa ji qi xiang guan fa	3
宪法及相关法律法规	xian fa ji xiang guan fa lv fa gui	4
宪法变迁论	xian fa bian qian lun	5
宪法性文件	xian fa xing wen jian	5
宪法性法律	xian fa xing fa lv	7
宫泽喜一	gong ze xi yi	13
家事代理权	jia shi dai li quan	8
家兔常见病诊断图谱	jia tu chang jian bing zhen duan tu pu	3
家具定作合同	jia ju ding zuo he tong	4
家庭实用法律知识手册	jia ting shi yong fa lv zhi shi shou ce	3
家庭寄养管理暂行办法	jia ting ji yang guan li zan xing ban fa	8
家庭必备法律全书	jia ting bi bei fa lv quan shu	3
家庭必备法律手册	jia ting bi bei fa lv shou ce	4
家庭承包权利	jia ting cheng bao quan li	3
家庭承包经营权	jia ting cheng bao jing ying quan	7
家庭联产承包责任制	jia ting lian chan cheng bao ze ren zhi	13
家庭财产两全保险合同	jia ting cai chan liang quan bao xian he tong	3
家庭财产分割协议	jia ting cai chan fen ge xie yi	3
家庭责任观	jia ting ze ren guan	5
家父权	jia fu quan	2
家犬管理条例	jia quan guan li tiao li	4
家用汽车产品修理	jia yong qi che chan pin xiu li	9
家长专制	jia zhang zhuan zhi	1
容留妇女卖淫罪	rong liu fu nv mai yin zui	7
宿迁市宿城区人民法院	su qian shi su cheng qu ren min fa yuan	6
寄存保管	ji cun bao guan	1
寄搭户	ji da hu	4
密云县妇幼保健院	mi yun xian fu you bao jian yuan	8
密码管理委员会办公室	mi ma guan li wei yuan hui ban gong shi	9
富危机	fu wei ji	5
富源县人民法院	fu yuan xian ren min fa yuan	5
富裕县妇联	fu yu xian fu lian	3
对价制度	dui jia zhi du	5
对价持票人	dui jia chi piao ren	4
对偶婚	dui ou hun	2
对冲会计法	dui chong kuai ji fa	3
对单位行贿罪	dui dan wei xing hui zui	9
对合共犯	dui he gong fan	3
对合犯	dui he fan	6
对外友协	dui wai you xie	7
对外承包工程商会	dui wai cheng bao gong cheng shang hui	11
对外直接投资统计制度	dui wai zhi jie tou zi tong ji zhi du	7
对外经济贸易部	dui wai jing ji mao yi bu	31
对外贸易信贷	dui wai mao yi xin dai	5
对外贸易合同	dui wai mao yi he tong	10
对外贸易国别政策	dui wai mao yi guo bie zheng ce	4
对外贸易法	dui wai mao yi fa	7
对外贸易管制制度	dui wai mao yi guan zhi zhi du	4
对外贸易经济合作部	dui wai mao yi jing ji he zuo bu	14
对席判决	dui xi pan jue	6
对抗第三人	dui kang di san ren	12
对比文件	dui bi wen jian	4
对第三人债权	dui di san ren zhai quan	4
寻求经济法真谛之路	xun qiu jing ji fa zhen di zhi lu	3
导游人员管理条例	dao you ren yuan guan li tiao li	11
导游员手册	dao you yuan shou ce	3
封闭式住宅小区	feng bi shi zhu zhai xiao qu	7
封闭贷款管理暂行办法	feng bi dai kuan guan li zan xing ban fa	5
射倖合同	she xing he tong	5
射击场设置管理规程	she ji chang she zhi guan li gui cheng	3
射幸合同	she xing he tong	8
尉杂	wei za	7
尊重和保障人权	zun zhong he bao zhang ren quan	5
尊重社会公德	zun zhong she hui gong de	12
小产权	xiao chan quan	17
小产权房	xiao chan quan fang	15
小企业会计准则	xiao qi ye kuai ji zhun ze	5
小企业融资	xiao qi ye rong zi	10
小型企业应急预案范本	xiao xing qi ye ying ji yu an fan ben	3
小小偷	xiao xiao tou	9
小木屋生活丛书	xiao mu wu sheng huo cong shu	5
小石城事件	xiao shi cheng shi jian	5
小股东控权人	xiao gu dong kong quan ren	3
小规模纳税人	xiao gui mo na shui ren	1
小野寺利孝	xiao ye si li xiao	3
小额诉讼制度	xiao e su song zhi du	6
小额钱债审裁处	xiao e qian zhai shen cai chu	7
少数民族习惯法	shao shu min zu xi guan fa	6
少数派股东救济措施	shao shu pai gu dong jiu ji cuo shi	4
尤溪县公安局	you xi xian gong an ju	8
尧蔚云	yao wei yun	2
就业与和谐社会发展	jiu ye yu he xie she hui fa zhan	3
就业政策公约	jiu ye zheng ce gong yue	5
就业有路	jiu ye you lu	8
尾山宏	wei shan hong	9
居住区级道路	ju zhu qu ji dao lu	6
居住权	ju zhu quan	39
居民自治公约	ju min zi zhi gong yue	5
居民自治章程	ju min zi zhi zhang cheng	7
居港权	ju gang quan	20
居间牟利	ju jian mou li	1
展会知识产权保护办法	zhan hui zhi shi chan quan bao hu ban fa	9
展览权	zhan lan quan	2
属地管辖权	shu di guan xia quan	8
履行不能	lv xing bu neng	1
履行合同	lv xing he tong	18
履行地	lv xing di	1
履行抗辩权	lv xing kang bian quan	12
履行法定职责	lv xing fa ding zhi ze	2
履行迟延	lv xing chi yan	9
履行障碍法研究	lv xing zhang ai fa yan jiu	3
山东文康律师事务所	shan dong wen kang lv shi shi wu suo	5
山东省信访规定	shan dong sheng xin fang gui ding	6
山东省农药管理办法	shan dong sheng nong yao guan li ban fa	4
山东省土地登记条例	shan dong sheng tu di deng ji tiao li	5
山东省黄河防汛条例	shan dong sheng huang he fang xun tiao li	6
山东鲁泉律师事务所	shan dong lu quan lv shi shi wu suo	4
山西杏梅律师事务所	shan xi xing mei lv shi shi wu suo	4
山西省世界经济学会	shan xi sheng shi jie jing ji xue hui	2
山西省红十字会条例	shan xi sheng hong shi zi hui tiao li	2
崇法集	chong fa ji	2
巡视官	xun shi guan	8
工业中路派出所	gong ye zhong lu pai chu suo	5
工业产品	gong ye chan pin	37
工业产权	gong ye chan quan	4
工业产权出资	gong ye chan quan chu zi	8
工业产权巴黎公约	gong ye chan quan ba li gong yue	11
工业产权法	gong ye chan quan fa	2
工业企业成本报表	gong ye qi ye cheng ben bao biao	3
工业企业法	gong ye qi ye fa	1
工业品买卖合同	gong ye pin mai mai he tong	9
工业团体法	gong ye tuan ti fa	5
工业增加值	gong ye zeng jia zhi	14
工业成本利润率	gong ye cheng ben li run lv	4
工业统计报表制度	gong ye tong ji bao biao zhi du	6
工会工作	gong hui gong zuo	20
工伤伤残等级	gong shang shang can deng ji	7
工伤保险待遇	gong shang bao xian dai yu	2
工伤保险案例评析	gong shang bao xian an li ping xi	2
工伤维权速查	gong shang wei quan su cha	4
工农联盟	gong nong lian meng	6
工商企业登记法	gong shang qi ye deng ji fa	3
工商注册	gong shang zhu ce	11
工商营业执照	gong shang ying ye zhi zhao	3
工商财经	gong shang cai jing	7
工商银行办公室	gong shang yin hang ban gong shi	7
工商银行工交信贷部	gong shang yin hang gong jiao xin dai bu	2
工商银行财务会计部	gong shang yin hang cai wu kuai ji bu	3
工效挂钩制	gong xiao gua gou zhi	7
工矿产品合同试行条例	gong kuang chan pin he tong shi xing tiao li	2
工程建设工法管理办法	gong cheng jian she gong fa guan li ban fa	5
工程量清单计价法	gong cheng liang qing dan ji jia fa	7
工程项目管理暂行办法	gong cheng xiang mu guan li zan xing ban fa	5
工资制度改革	gong zi zhi du gai ge	13
工资制度改革小组	gong zi zhi du gai ge xiao zu	7
工资支付暂行规定	gong zi zhi fu zan xing gui ding	10
巨灾保险制度	ju zai bao xian zhi du	11
巨灾风险	ju zai feng xian	1
差别存款准备金率制度	cha bie cun kuan zhun bei jin lv zhi du	10
巴塞尔银行监理委员会	ba sai er yin hang jian li wei yuan hui	2
巴托鲁斯	ba tuo lu si	8
巴特勒教育法	ba te le jiao yu fa	2
巴特尔比	ba te er bi	6
巴黎公约成员国	ba li gong yue cheng yuan guo	8
市价总值	shi jia zong zhi	11
市场主体法	shi chang zhu ti fa	9
市场主体规制法	shi chang zhu ti gui zhi fa	5
市场从业员	shi chang cong ye yuan	5
市场价格拆迁补偿	shi chang jia ge chai qian bu chang	3
市场价格法	shi chang jia ge fa	6
市场准入制度	shi chang zhun ru zhi du	14
市场分割	shi chang fen ge	2
市场参与者	shi chang can yu zhe	8
市场支配地位	shi chang zhi pei di wei	14
市场法	shi chang fa	15
市场法治规则	shi chang fa zhi gui ze	2
市场秩序维护	shi chang zhi xu wei hu	8
市场经济与法制建设	shi chang jing ji yu fa zhi jian she	6
市场经济法	shi chang jing ji fa	12
市场经济法学	shi chang jing ji fa xue	4
市场经济法律制度概论	shi chang jing ji fa lv zhi du gai lun	3
市场经济法律基础	shi chang jing ji fa lv ji chu	3
市场规制法	shi chang gui zhi fa	10
市场规制法研究	shi chang gui zhi fa yan jiu	3
市场规范管理	shi chang gui fan guan li	10
市场转型与规则嬗变	shi chang zhuan xing yu gui ze shan bian	2
布朗诉托皮卡教育局案	bu lang su tuo pi ka jiao yu ju an	4
布鲁厄姆勋爵	bu lu e mu xun jue	5
师德行为规范	shi de xing wei gui fan	4
希望工程圆梦助学行动	xi wang gong cheng yuan meng zhu xue xing dong	2
帝国之鞭与寡头之链	di guo zhi bian yu gua tou zhi lian	4
带薪坐牢	dai xin zuo lao	5
席位连通	xi wei lian tong	3
常业犯	chang ye fan	5
常习惯犯	chang xi guan fan	3
常习犯	chang xi fan	4
常住户口	chang zhu hu kou	6
常用法律手册	chang yong fa lv shou ce	8
常用法律新编	chang yong fa lv xin bian	5
常用药事法规千问	chang yong yao shi fa gui qian wen	2
常见错误分类精讲	chang jian cuo wu fen lei jing jiang	4
常设仲裁机构	chang she zhong cai ji gou	9
幕吏	mu li	1
幕府制度	mu fu zhi du	8
干部民族化	gan bu min zu hua	4
平仓价	ping cang jia	13
平台架	ping tai jia	12
平均化效应	ping jun hua xiao ying	4
平民百姓讨公道	ping min bai xing tao gong dao	3
平等互利协商一致	ping deng hu li xie shang yi zhi	4
平等位次条款	ping deng wei ci tiao kuan	4
平等保护条款	ping deng bao hu tiao kuan	32
平等和谐发展	ping deng he xie fa zhan	7
平等就业权	ping deng jiu ye quan	2
平等自愿	ping deng zi yuan	2
平行开发制	ping xing kai fa zhi	5
平衡发展	ping heng fa zhan	12
平衡合拢	ping heng he long	5
平阳县国家税务局	ping yang xian guo jia shui wu ju	4
年海上保险法	nian hai shang bao xian fa	7
年终奖	nian zhong jiang	5
年薪制	nian xin zhi	2
并存债务承担	bing cun zhai wu cheng dan	2
并将继续加强	bing jiang ji xu jia qiang	9
并行程序设计方法学	bing xing cheng xu she ji fang fa xue	4
并购与反垄断	bing gou yu fan long duan	4
幸发芬	xing fa fen	7
幻觉犯	huan jue fan	4
幻觉错误	huan jue cuo wu	2
广东中大圣律师事务所	guang dong zhong da sheng lv shi shi wu suo	3
广东信德盛律师事务所	guang dong xin de sheng lv shi shi wu suo	6
广东天诺律师事务所	guang dong tian nuo lv shi shi wu suo	4
广东德法理律师事务所	guang dong de fa li lv shi shi wu suo	3
广东星凯律师事务所	guang dong xing kai lv shi shi wu suo	5
广东法学	guang dong fa xue	6
广东珠江律师事务所	guang dong zhu jiang lv shi shi wu suo	5
广东省专利保护条例	guang dong sheng zhuan li bao hu tiao li	5
广东省专利条例	guang dong sheng zhuan li tiao li	4
广东省信访条例	guang dong sheng xin fang tiao li	2
广东省发展中医条例	guang dong sheng fa zhan zhong yi tiao li	4
广东省合伙经营条例	guang dong sheng he huo jing ying tiao li	2
广东省国家安全厅	guang dong sheng guo jia an quan ting	1
广东省地方立法条例	guang dong sheng di fang li fa tiao li	6
广东省屠宰税征收办法	guang dong sheng tu zai shui zheng shou ban fa	2
广东省志愿服务条例	guang dong sheng zhi yuan fu wu tiao li	2
广东省扶助残疾人办法	guang dong sheng fu zhu can ji ren ban fa	3
广东省档案条例	guang dong sheng dang an tiao li	4
广东省档案管理规定	guang dong sheng dang an guan li gui ding	6
广东省湿地保护条例	guang dong sheng shi di bao hu tiao li	5
广东省盐业管理条例	guang dong sheng yan ye guan li tiao li	6
广东省禁止赌博条例	guang dong sheng jin zhi du bo tiao li	4
广东省风景名胜区条例	guang dong sheng feng jing ming sheng qu tiao li	4
广东管理科学研究院	guang dong guan li ke xue yan jiu yuan	8
广东纬国律师事务所	guang dong wei guo lv shi shi wu suo	4
广东鑫一华律师事务所	guang dong xin yi hua lv shi shi wu suo	7
广发律师事务所	guang fa lv shi shi wu suo	6
广告佣金	guang gao yong jin	10
广告发布合同	guang gao fa bu he tong	9
广告发布者	guang gao fa bu zhe	13
广告效益法	guang gao xiao yi fa	4
广告服务明码标价规定	guang gao fu wu ming ma biao jia gui ding	5
广告法律制度	guang gao fa lv zhi du	5
广告法规与管理	guang gao fa gui yu guan li	8
广告经营者	guang gao jing ying zhe	13
广安市工商行政管理局	guang an shi gong shang xing zheng guan li ju	6
广州市公安局法制处	guang zhou shi gong an ju fa zhi chu	5
广州市养犬管理规定	guang zhou shi yang quan guan li gui ding	9
广州市农药管理规定	guang zhou shi nong yao guan li gui ding	6
广州市控制吸烟条例	guang zhou shi kong zhi xi yan tiao li	7
广州市老年人优待办法	guang zhou shi lao nian ren you dai ban fa	5
广州市越秀区司法局	guang zhou shi yue xiu qu si fa ju	2
广播权	guang bo quan	5
广播电视大学暂行规定	guang bo dian shi da xue zan xing gui ding	3
广播电视法	guang bo dian shi fa	21
广播电视法规选编	guang bo dian shi fa gui xuan bian	3
广播电视管理条例	guang bo dian shi guan li tiao li	5
广播电视设施	guang bo dian shi she shi	2
广播电视设施保护条例	guang bo dian shi she shi bao hu tiao li	8
广播组织权	guang bo zu zhi quan	1
广西海警第一支队	guang xi hai jing di yi zhi dui	4
库兹涅茨拐点	ku zi nie ci guai dian	3
应予维持	ying yu wei chi	1
应付标价法	ying fu biao jia fa	7
应受刑罚惩罚性	ying shou xing fa cheng fa xing	8
应城市人民检察院	ying cheng shi ren min jian cha yuan	1
应对机制	ying dui ji zhi	11
应当从重处罚	ying dang cong zhong chu fa	11
应当分工负责	ying dang fen gong fu ze	9
应当判处有期徒刑	ying dang pan chu you qi tu xing	10
应当宣布无效	ying dang xuan bu wu xiao	3
应急管理工作手册	ying ji guan li gong zuo shou ce	3
应战美国反倾销	ying zhan mei guo fan qing xiao	3
应收未收利息	ying shou wei shou li xi	10
应用型道路交通安全法	ying yong xing dao lu jiao tong an quan fa	3
应用文写作词典	ying yong wen xie zuo ci dian	3
应用法学	ying yong fa xue	1
应申请行政行为判解	ying shen qing xing zheng xing wei pan jie	2
应诉管辖	ying su guan xia	6
应该采纳	ying gai cai na	1
应请求行政行为	ying qing qiu xing zheng xing wei	2
庞世耀	pang shi yao	4
庞德法学文述	pang de fa xue wen shu	3
庞标	pang biao	10
废罢诉权	fei ba su quan	5
废除在华治外法权	fei chu zai hua zhi wai fa quan	5
废除治外法权	fei chu zhi wai fa quan	3
废除肉刑	fei chu rou xing	1
庭前会议制度	ting qian hui yi zhi du	4
康复疗法学	kang fu liao fa xue	3
廉洁从政行为规范	lian jie cong zheng xing wei gui fan	8
廉租住房保障办法	lian zu zhu fang bao zhang ban fa	12
廉租住房制度	lian zu zhu fang zhi du	15
延安革命遗址保护条例	yan an ge ming yi zhi bao hu tiao li	2
延迟履行金	yan chi lv xing jin	6
延迟条款	yan chi tiao kuan	3
延长工作时间制度	yan chang gong zuo shi jian zhi du	2
建筑业企业资质证书	jian zhu ye qi ye zi zhi zheng shu	11
建筑业协会	jian zhu ye xie hui	15
建筑业安全卫生公约	jian zhu ye an quan wei sheng gong yue	4
建筑安全玻璃管理规定	jian zhu an quan bo li guan li gui ding	9
建筑安装工程承包合同	jian zhu an zhuang gong cheng cheng bao he tong	10
建筑市场管理规定	jian zhu shi chang guan li gui ding	7
建设与房地产法规	jian she yu fang di chan fa gui	2
建设工程保险制度	jian she gong cheng bao xian zhi du	4
建设工程合同	jian she gong cheng he tong	13
建设工程安全监理规程	jian she gong cheng an quan jian li gui cheng	4
建设工程承包合同	jian she gong cheng cheng bao he tong	10
建设工程法律实务	jian she gong cheng fa lv shi wu	5
建设工程规划管理	jian she gong cheng gui hua guan li	7
建设工程质量管理条例	jian she gong cheng zhi liang guan li tiao li	12
建设法规教程	jian she fa gui jiao cheng	3
建设用地使用权	jian she yong di shi yong quan	2
建设用地计划管理办法	jian she yong di ji hua guan li ban fa	3
建设项目质量	jian she xiang mu zhi liang	9
建隆编敕	jian long bian chi	4
开县红十字会	kai xian hong shi zi hui	3
开发区规划管理办法	kai fa qu gui hua guan li ban fa	3
开发经营部	kai fa jing ying bu	8
开平非法批地案	kai ping fei fa pi di an	5
开放登记	kai fang deng ji	6
开明英文文法	kai ming ying wen wen fa	6
开膛手杰克	kai tang shou jie ke	36
开采权投资	kai cai quan tou zi	3
异地资金汇划	yi di zi jin hui hua	5
弃权与禁止反言	qi quan yu jin zhi fan yan	6
引诱妇女卖淫罪	yin you fu nv mai yin zui	4
张家山汉律研究	zhang jia shan han lv yan jiu	2
张家港市人民检察院	zhang jia gang shi ren min jian cha yuan	5
弱势群体法律援助	ruo shi qun ti fa lv yuan zhu	1
弹性学习制度	tan xing xue xi zhi du	9
强世功	qiang shi gong	17
强令违章冒险作业罪	qiang ling wei zhang mao xian zuo ye zui	7
强制保险合同	qiang zhi bao xian he tong	10
强制卸货	qiang zhi xie huo	7
强制变卖被扣押船舶	qiang zhi bian mai bei kou ya chuan bo	5
强制性公积金	qiang zhi xing gong ji jin	11
强制性期限	qiang zhi xing qi xian	3
强制性能效标准	qiang zhi xing neng xiao biao zhun	10
强制性能效标识制度	qiang zhi xing neng xiao biao zhi zhi du	8
强制性规则	qiang zhi xing gui ze	8
强制性规定	qiang zhi xing gui ding	3
强制性转股条款	qiang zhi xing zhuan gu tiao kuan	4
强制执行指导与参考	qiang zhi zhi xing zhi dao yu can kao	6
强制执行措施	qiang zhi zhi xing cuo shi	13
强制执行效力	qiang zhi zhi xing xiao li	11
强制执行法	qiang zhi zhi xing fa	4
强制执行法学	qiang zhi zhi xing fa xue	2
强制拆迁	qiang zhi chai qian	12
强制汽车责任保险法	qiang zhi qi che ze ren bao xian fa	6
强制法	qiang zhi fa	2
强制继续履行	qiang zhi ji xu lv xing	5
强制缔约	qiang zhi di yue	9
强制许可制度	qiang zhi xu ke zhi du	9
强制辩护	qiang zhi bian hu	6
强制违约金	qiang zhi wei yue jin	3
强奸妇女罪	qiang jian fu nv zui	8
强奸幼女罪	qiang jian you nv zui	9
强奸未遂	qiang jian wei sui	16
强奸罪判解研究	qiang jian zui pan jie yan jiu	3
强英军	qiang ying jun	5
强行减仓	qiang xing jian cang	7
强行性规范	qiang xing xing gui fan	1
强行搭售	qiang xing da shou	10
强行法	qiang xing fa	33
强迫他人吸毒罪	qiang po ta ren xi du zui	7
强迫妇女卖淫罪	qiang po fu nv mai yin zui	7
强迫购买	qiang po gou mai	9
强镇扩权	qiang zhen kuo quan	1
归侨侨眷权益保护法	gui qiao qiao juan quan yi bao hu fa	11
归分记忆法	gui fen ji yi fa	8
当事人主义诉讼结构	dang shi ren zhu yi su song jie gou	6
当事人起诉要求	dang shi ren qi su yao qiu	4
当代世界法制	dang dai shi jie fa zhi	6
当代中国法律发展研究	dang dai zhong guo fa lv fa zhan yan jiu	2
当代中国法律思想史	dang dai zhong guo fa lv si xiang shi	3
当代主要法律体系	dang dai zhu yao fa lv ti xi	7
录制权	lu zhi quan	6
录囚	lu qiu	12
录用合同	lu yong he tong	9
录音制作者权	lu yin zhi zuo zhe quan	11
录音制品	lu yin zhi pin	36
录音遗嘱	lu yin yi zhu	9
彝族法律文化研究	yi zu fa lv wen hua yan jiu	2
形式要件	xing shi yao jian	2
形成之诉	xing cheng zhi su	7
形成判决	xing cheng pan jue	1
形成权	xing cheng quan	13
形成诉权	xing cheng su quan	4
彩票发行销售管理办法	cai piao fa xing xiao shou guan li ban fa	3
影响性诉讼	ying xiang xing su song	1
影子价格	ying zi jia ge	2
影子定价法	ying zi ding jia fa	8
影子腐败	ying zi fu bai	3
影子董事	ying zi dong shi	6
影视法导论	ying shi fa dao lun	4
往来港澳通行证	wang lai gang ao tong xing zheng	18
征信概论	zheng xin gai lun	2
征地安置补偿纠纷	zheng di an zhi bu chang jiu fen	3
征收排污费制度	zheng shou pai wu fei zhi du	5
征用土地公告办法	zheng yong tu di gong gao ban fa	7
征用耕地补偿费	zheng yong geng di bu chang fei	5
律师伪证罪	lv shi wei zheng zui	7
律师制度与实务	lv shi zhi du yu shi wu	6
律师协会会员奖励办法	lv shi xie hui hui yuan jiang li ban fa	2
律师实用口才	lv shi shi yong kou cai	2
律师执业基本素养	lv shi zhi ye ji ben su yang	2
律师执业行为规范	lv shi zhi ye xing wei gui fan	8
律师提前介入	lv shi ti qian jie ru	7
律师收费	lv shi shou fei	1
律师文摘	lv shi wen zhai	9
律师服务收费管理办法	lv shi fu wu shou fei guan li ban fa	10
律师维权案例选	lv shi wei quan an li xuan	2
律师职业行为规则概论	lv shi zhi ye xing wei gui ze gai lun	3
律师解析特许经营	lv shi jie xi te xu jing ying	3
律师责任保险制度	lv shi ze ren bao xian zhi du	4
律母	lv mu	8
徐前权	xu qian quan	4
得伟君尚律师事务所	de wei jun shang lv shi shi wu suo	10
得减主义	de jian zhu yi	8
得撤销婚姻	de che xiao hun yin	3
御侮副尉	yu wu fu wei	1
御侮校尉	yu wu xiao wei	1
御制大诰	yu zhi da gao	6
御成败式目	yu cheng bai shi mu	5
循环型社会法律研究	xun huan xing she hui fa lv yan jiu	5
微小价值	wei xiao jia zhi	4
微笑教育法	wei xiao jiao yu fa	2
微软反垄断案	wei ruan fan long duan an	10
德主刑辅	de zhu xing fu	10
德保县公安局	de bao xian gong an ju	5
德国专利法	de guo zhuan li fa	5
德国保险合同法	de guo bao xian he tong fa	2
德国债法分论	de guo zhai fa fen lun	4
德国债法改革	de guo zhai fa gai ge	5
德国刑事诉讼程序	de guo xing shi su song cheng xu	5
德国医疗保险制度	de guo yi liao bao xian zhi du	3
德国古典哲理法学	de guo gu dian zhe li fa xue	3
德国循环经济研究	de guo xun huan jing ji yan jiu	5
德国政治制度	de guo zheng zhi zhi du	4
德国新债法	de guo xin zhai fa	5
德国民法典评注	de guo min fa dian ping zhu	2
德国法院系统	de guo fa yuan xi tong	3
德国物权法	de guo wu quan fa	8
德国现代刑法	de guo xian dai xing fa	2
德国联邦最高法院	de guo lian bang zui gao fa yuan	3
德国荷兰保密法律制度	de guo he lan bao mi fa lv zhi du	5
德国著作权法	de guo zhu zuo quan fa	7
德国行政法读本	de guo xing zheng fa du ben	2
德恒高中谋杀档案	de heng gao zhong mou sha dang an	6
德意志帝国宪法	de yi zhi di guo xian fa	4
德拉古法	de la gu fa	1
德本刑用	de ben xing yong	2
德沃金	de wo jin	15
德衡律师事务所	de heng lv shi shi wu suo	9
心智发育不完全	xin zhi fa yu bu wan quan	3
心智发育迟缓	xin zhi fa yu chi huan	5
必要共同诉讼人	bi yao gong tong su song ren	8
必要共同诉讼制度	bi yao gong tong su song zhi du	5
必要技术特征	bi yao ji shu te zheng	12
必须进行斗争	bi xu jin xing dou zheng	8
志愿兵役制	zhi yuan bing yi zhi	7
志愿者协议	zhi yuan zhe xie yi	3
忠诚与智慧	zhong cheng yu zhi hui	6
忠诚协议	zhong cheng xie yi	10
忠诚合同	zhong cheng he tong	4
忠诚调查令	zhong cheng diao cha ling	2
忧患与责任	you huan yu ze ren	2
忽里台大会	hu li tai da hui	2
怀邵衡铁路	huai shao heng tie lu	7
思南县国土资源局	si nan xian guo tu zi yuan ju	2
急要	ji yao	14
性买卖特别法	xing mai mai te bie fa	5
性交易法	xing jiao yi fa	5
性价比法	xing jia bi fa	7
性别与法律	xing bie yu fa lv	2
性别发展指数	xing bie fa zhan zhi shu	5
性功能司法鉴定	xing gong neng si fa jian ding	7
性法学	xing fa xue	2
性犯罪研究	xing fan zui yan jiu	1
性贿赂	xing hui lu	4
性贿赂罪	xing hui lu zui	10
性越轨	xing yue gui	1
性违法	xing wei fa	11
总登记	zong deng ji	32
总遗产税制	zong yi chan shui zhi	8
恐吓威胁罪	kong he wei xie zui	2
恐怖刑场	kong bu xing chang	4
恐怖组织罪	kong bu zu zhi zui	9
恐惧之谷	kong ju zhi gu	3
恒生指数期权	heng sheng zhi shu qi quan	6
恢复性司法	hui fu xing si fa	1
恢复性司法论坛	hui fu xing si fa lun tan	3
恢复行使主权	hui fu xing shi zhu quan	10
息工待岗	xi gong dai gang	6
恶意占有	e yi zhan you	11
恶意欠薪罪	e yi qian xin zui	6
情事变更原则	qing shi bian geng yuan ze	10
情妇准则	qing fu zhun ze	7
情感障碍	qing gan zhang ai	12
情报信息研判	qing bao xin xi yan pan	7
惟终	wei zhong	1
惠州市物业管理协会	hui zhou shi wu ye guan li xie hui	3
意向性担保	yi xiang xing dan bao	4
意志刑法	yi zhi xing fa	6
意思表达一致	yi si biao da yi zhi	7
感染性精神病	gan ran xing jing shen bing	5
感谢法	gan xie fa	12
愿意支付高息	yuan yi zhi fu gao xi	2
慕亚平	mu ya ping	8
慰问金	wei wen jin	24
成员权	cheng yuan quan	8
成品油定价权	cheng pin you ding jia quan	7
成套机电产品	cheng tao ji dian chan pin	6
成文法公布	cheng wen fa gong bu	5
成本加酬金合同	cheng ben jia chou jin he tong	8
成都市摩托车管理规定	cheng du shi mo tuo che guan li gui ding	3
成都市犬只管理办法	cheng du shi quan zhi guan li ban fa	5
成都社保	cheng du she bao	7
我只忠于法律	wo zhi zhong yu fa lv	2
我的房产我作主	wo de fang chan wo zuo zhu	3
我维我权	wo wei wo quan	2
我见青山多妩媚	wo jian qing shan duo wu mei	10
或有要求权	huo you yao qiu quan	5
或裁或审制度	huo cai huo shen zhi du	5
战后中日关系	zhan hou zhong ri guan xi	9
战役法	zhan yi fa	3
战时临阵脱逃罪	zhan shi lin zhen tuo tao zui	1
战时军律	zhan shi jun lv	7
战时刑事特别法	zhan shi xing shi te bie fa	1
战时拒绝军事征用罪	zhan shi ju jue jun shi zheng yong zui	4
战时缓刑制度	zhan shi huan xing zhi du	5
战时自伤罪	zhan shi zi shang zui	6
战时违抗命令罪	zhan shi wei kang ming ling zui	1
战时造谣惑众罪	zhan shi zao yao huo zhong zui	1
战时造谣扰乱军心罪	zhan shi zao yao rao luan jun xin zui	4
截关	jie guan	11
戴西和莫里斯论冲突法	dai xi he mo li si lun chong tu fa	5
户口挂靠	hu kou gua kao	10
户外广告登记管理规定	hu wai guang gao deng ji guan li gui ding	9
房产保卫战	fang chan bao wei zhan	3
房产变更登记	fang chan bian geng deng ji	9
房地产中介机构	fang di chan zhong jie ji gou	13
房地产产权证书	fang di chan chan quan zheng shu	7
房地产他项权利登记	fang di chan ta xiang quan li deng ji	7
房地产典当	fang di chan dian dang	10
房地产初始登记	fang di chan chu shi deng ji	9
房地产制度	fang di chan zhi du	10
房地产前沿	fang di chan qian yan	7
房地产合作开发协议	fang di chan he zuo kai fa xie yi	7
房地产合同案例评析	fang di chan he tong an li ping xi	3
房地产开发企业	fang di chan kai fa qi ye	17
房地产开发公司	fang di chan kai fa gong si	21
房地产抵押	fang di chan di ya	2
房地产抵押权	fang di chan di ya quan	10
房地产拆迁补偿	fang di chan chai qian bu chang	5
房地产权初始登记	fang di chan quan chu shi deng ji	5
房地产权利人	fang di chan quan li ren	12
房地产权属	fang di chan quan shu	13
房地产权属档案	fang di chan quan shu dang an	10
房地产权登记	fang di chan quan deng ji	11
房地产法	fang di chan fa	15
房地产法前沿	fang di chan fa qian yan	4
房地产法律制度研究	fang di chan fa lv zhi du yan jiu	4
房地产法律行为	fang di chan fa lv xing wei	5
房地产法律要点解答	fang di chan fa lv yao dian jie da	2
房地产注销登记	fang di chan zhu xiao deng ji	5
房地产登记	fang di chan deng ji	2
房地产确权	fang di chan que quan	7
房地产税收制度	fang di chan shui shou zhi du	10
房地产营销与风险防范	fang di chan ying xiao yu feng xian fang fan	3
房地产转让	fang di chan zhuan rang	1
房地产转让合同	fang di chan zhuan rang he tong	10
房地产销售策划	fang di chan xiao shou ce hua	9
房地产项目开发程序	fang di chan xiang mu kai fa cheng xu	5
房屋买卖与权属登记	fang wu mai mai yu quan shu deng ji	3
房屋交割协议书	fang wu jiao ge xie yi shu	3
房屋产权单位	fang wu chan quan dan wei	11
房屋产权登记	fang wu chan quan deng ji	12
房屋产权继承	fang wu chan quan ji cheng	5
房屋他项权利登记	fang wu ta xiang quan li deng ji	9
房屋共有产权	fang wu gong you chan quan	6
房屋征收与拆迁	fang wu zheng shou yu chai qian	9
房屋征收决定	fang wu zheng shou jue ding	1
房屋所有权登记发证	fang wu suo you quan deng ji fa zheng	10
房屋拆迁	fang wu chai qian	4
房屋拆迁安置协议	fang wu chai qian an zhi xie yi	7
房屋拆迁当事人	fang wu chai qian dang shi ren	8
房屋拆迁案件	fang wu chai qian an jian	7
房屋拆迁纠纷维权必备	fang wu chai qian jiu fen wei quan bi bei	5
房屋拆迁裁决	fang wu chai qian cai jue	9
房屋拆迁资格证书	fang wu chai qian zi ge zheng shu	10
房屋有限产权	fang wu you xian chan quan	2
房屋权属	fang wu quan shu	1
房屋权属总登记	fang wu quan shu zong deng ji	2
房屋泡沫	fang wu pao mo	7
房屋登记办法	fang wu deng ji ban fa	12
房屋登记办法释义	fang wu deng ji ban fa shi yi	2
房屋维修管理制度	fang wu wei xiu guan li zhi du	3
房屋部分产权	fang wu bu fen chan quan	6
所有权人设定他物权	suo you quan ren she ding ta wu quan	2
所有非法僭建物	suo you fei fa jian jian wu	3
手工业管理局	shou gong ye guan li ju	12
手按	shou an	16
手机辐射法	shou ji fu she fa	4
手段不能犯	shou duan bu neng fan	4
手段错误	shou duan cuo wu	7
手钩	shou gou	4
扎赉特旗烟草专卖局	zha lai te qi yan cao zhuan mai ju	2
打击走私领导小组	da ji zou si ling dao xiao zu	8
打经济官司	da jing ji guan si	6
托收承付	tuo shou cheng fu	12
扛楼帮	kang lou bang	4
扣押债务人财产令状	kou ya zhai wu ren cai chan ling zhuang	2
扣押物品清单	kou ya wu pin qing dan	9
扣船	kou chuan	2
扣除法	kou chu fa	9
扣除物价因素	kou chu wu jia yin su	1
扣额法	kou e fa	6
执业医师法	zhi ye yi shi fa	13
执业登记	zhi ye deng ji	4
执业范围	zhi ye fan wei	8
执业证	zhi ye zheng	14
执业证年检	zhi ye zheng nian jian	4
执法为民	zhi fa wei min	3
执法办案第一线	zhi fa ban an di yi xian	4
执法效率原则	zhi fa xiao lv yuan ze	2
执法行为	zhi fa xing wei	7
执行停止	zhi xing ting zhi	9
执行公务	zhi xing gong wu	30
执行刑	zhi xing xing	2
执行判决	zhi xing pan jue	17
执行变更	zhi xing bian geng	8
执行员	zhi xing yuan	15
执行和解	zhi xing he jie	7
执行回转	zhi xing hui zhuan	11
执行客体	zhi xing ke ti	5
执行工作指导	zhi xing gong zuo zhi dao	4
执行承担	zhi xing cheng dan	8
执行担保	zhi xing dan bao	10
执行拘传	zhi xing ju chuan	7
执行救济	zhi xing jiu ji	9
执行机关	zhi xing ji guan	29
执行根据	zhi xing gen ju	10
执行死刑命令	zhi xing si xing ming ling	9
执行监督	zhi xing jian du	8
执行程序文件	zhi xing cheng xu wen jian	8
执行笔录	zhi xing bi lu	7
执行终结	zhi xing zhong jie	10
执行罚	zhi xing fa	12
执行调查令	zhi xing diao cha ling	6
执行费用	zhi xing fei yong	11
执行赔偿	zhi xing pei chang	1
执行通知书	zhi xing tong zhi shu	3
执行逮捕	zhi xing dai bu	14
扫盲工作部际协调小组	sao mang gong zuo bu ji xie tiao xiao zu	2
扫除文盲工作条例	sao chu wen mang gong zuo tiao li	7
扰乱公共秩序	rao luan gong gong zhi xu	27
扰乱办公秩序	rao luan ban gong zhi xu	1
扰乱市场秩序罪	rao luan shi chang zhi xu zui	8
扰乱法庭秩序罪	rao luan fa ting zhi xu zui	1
扶养义务法律适用公约	fu yang yi wu fa lv shi yong gong yue	2
扶贫开发办	fu pin kai fa ban	11
批准文号	pi zhun wen hao	17
批判法学	pi pan fa xue	6
批租土地财产	pi zu tu di cai chan	5
承付	cheng fu	1
承兑票据	cheng dui piao ju	2
承兑行	cheng dui hang	10
承典人	cheng dian ren	11
承包主体资格	cheng bao zhu ti zi ge	7
承包人履约担保	cheng bao ren lv yue dan bao	7
承包企业法人	cheng bao qi ye fa ren	4
承包商付款担保	cheng bao shang fu kuan dan bao	7
承包商违约	cheng bao shang wei yue	7
承包土地权	cheng bao tu di quan	6
承包承租	cheng bao cheng zu	10
承包经营	cheng bao jing ying	10
承包经营合同	cheng bao jing ying he tong	11
承包经营权	cheng bao jing ying quan	3
承包金	cheng bao jin	12
承印验证制度	cheng yin yan zheng zhi du	6
承德山庄律师事务所	cheng de shan zhuang lv shi shi wu suo	3
承德德律律师事务所	cheng de de lv lv shi shi wu suo	3
承担连带责任	cheng dan lian dai ze ren	3
承诺转质	cheng nuo zhuan zhi	7
承购包销	cheng gou bao xiao	9
技术密集型产品	ji shu mi ji xing chan pin	11
技术性贸易壁垒协议	ji shu xing mao yi bi lei xie yi	8
技术止损法	ji shu zhi sun fa	7
技术转让合同	ji shu zhuan rang he tong	1
技术转让法律实务	ji shu zhuan rang fa lv shi wu	3
技术进出口合同	ji shu jin chu kou he tong	10
抄袭剽窃	chao xi piao qie	1
抓捕器	zhua bu qi	9
投保险别	tou bao xian bie	8
投放危险物质罪	tou fang wei xian wu zhi zui	2
投放虚假危险物质罪	tou fang xu jia wei xian wu zhi zui	8
投资银行家	tou zi yin hang jia	35
抗旱应急响应	kang han ying ji xiang ying	7
折价补偿	zhe jia bu chang	11
抚摩灵魂	fu mo ling hun	4
护士执业注册管理办法	hu shi zhi ye zhu ce guan li ban fa	5
护理文件书写	hu li wen jian shu xie	8
护肤护发品	hu fu hu fa pin	11
报关注册登记制度	bao guan zhu ce deng ji zhi du	6
报告及报表	bao gao ji bao biao	9
报应刑主义	bao ying xing zhu yi	3
报废汽车回收管理办法	bao fei qi che hui shou guan li ban fa	10
报社记者站管理办法	bao she ji zhe zhan guan li ban fa	8
报纸管理暂行规定	bao zhi guan li zan xing gui ding	6
报警回差	bao jing hui cha	5
报警回执制度	bao jing hui zhi zhi du	3
披露制度	pi lu zhi du	1
披露文件	pi lu wen jian	13
抵制恶意软件自律公约	di zhi e yi ruan jian zi lv gong yue	8
抵扣税款发票罪	di kou shui kuan fa piao zui	9
抵押式兼并	di ya shi jian bing	3
抵押担保债券	di ya dan bao zhai quan	7
抵押放款	di ya fang kuan	1
抵押权人权利	di ya quan ren quan li	4
抵押权制度研究	di ya quan zhi du yan jiu	5
抵押权登记	di ya quan deng ji	11
抵押权登记制度	di ya quan deng ji zhi du	4
抵押物登记	di ya wu deng ji	1
抵押转递证券	di ya zhuan di zheng quan	4
抽签审	chou qian shen	4
抽签轮次偿还法	chou qian lun ci chang huan fa	3
抽象行政行为	chou xiang xing zheng xing wei	13
抽逃出资	chou tao chu zi	12
抽逃出资罪	chou tao chu zi zui	10
担保企业会计制度	dan bao qi ye kuai ji zhi du	3
担保法判解研究与适用	dan bao fa pan jie yan jiu yu shi yong	2
担保物权制度	dan bao wu quan zhi du	10
担保物权法比较研究	dan bao wu quan fa bi jiao yan jiu	4
拆迁主体资格	chai qian zhu ti zi ge	5
拆迁人	chai qian ren	1
拆迁安置费	chai qian an zhi fei	10
拆迁范围	chai qian fan wei	9
拆迁补偿协议	chai qian bu chang xie yi	2
拆迁补偿安置协议	chai qian bu chang an zhi xie yi	13
拍卖法案例指南	pai mai fa an li zhi nan	3
拍卖监督管理暂行办法	pai mai jian du guan li zan xing ban fa	5
拍案说法	pai an shuo fa	10
拐卖妇女儿童	guai mai fu nv er tong	12
拐卖婴儿	guai mai ying er	10
拒不执行判决裁定罪	ju bu zhi xing pan jue cai ding zui	8
拒绝商业贿赂	ju jue shang ye hui lu	8
拒绝承付	ju jue cheng fu	6
拓展期权	tuo zhan qi quan	3
拖欠工程款	tuo qian gong cheng kuan	1
拘传票	ju chuan piao	8
招摇撞骗罪	zhao yao zhuang pian zui	12
招标出让土地使用权	zhao biao chu rang tu di shi yong quan	7
招标投标	zhao biao tou biao	5
招标投标买卖	zhao biao tou biao mai mai	8
招标投标法	zhao biao tou biao fa	14
招标投标法律实务	zhao biao tou biao fa lv shi wu	3
招股章程	zhao gu zhang cheng	15
拟中标单位	ni zhong biao dan wei	5
拟建规模	ni jian gui mo	9
拨改贷	bo gai dai	11
择业派遣期	ze ye pai qian qi	7
拿破仑法典	na po lun fa dian	7
持有假币罪	chi you jia bi zui	9
持有犯罪研究	chi you fan zui yan jiu	3
持枪令	chi qiang ling	3
持枪权	chi qiang quan	10
持械聚众叛乱罪	chi xie ju zhong pan luan zui	3
持续性要约	chi xu xing yao yue	3
持股公司	chi gu gong si	10
挂失止付	gua shi zhi fu	11
挂靠经营	gua kao jing ying	2
指令回避	zhi ling hui bi	5
指令性措施	zhi ling xing cuo shi	5
指使部属违反职责罪	zhi shi bu shu wei fan zhi ze zui	6
指供	zhi gong	2
指定人员	zhi ding ren yuan	6
指定代理人	zhi ding dai li ren	4
指定仲裁员	zhi ding zhong cai yuan	11
指定仲裁员函	zhi ding zhong cai yuan han	3
指定承接	zhi ding cheng jie	6
指定管辖	zhi ding guan xia	20
指定辩护	zhi ding bian hu	4
指定辩护人	zhi ding bian hu ren	2
指定辩护制度	zhi ding bian hu zhi du	6
指定部位	zhi ding bu wei	1
指定金钱信托	zhi ding jin qian xin tuo	2
指导性计划	zhi dao xing ji hua	12
指示收货人	zhi shi shou huo ren	5
指纹断案	zhi wen duan an	2
指纹破案	zhi wen po an	7
按份债权人	an fen zhai quan ren	5
按揭抵押债券	an jie di ya zhai quan	9
按揭贷款	an jie dai kuan	22
按揭贷款保证金	an jie dai kuan bao zheng jin	4
按摩治疗常见病	an mo zhi liao chang jian bing	5
按摩疗法治百病	an mo liao fa zhi bai bing	2
挑战知识产权	tiao zhan zhi shi chan quan	3
挤占挪用	ji zhan nuo yong	14
挪威成人教育法	nuo wei cheng ren jiao yu fa	2
挪用公款罪	nuo yong gong kuan zui	24
挪用公款罪主体	nuo yong gong kuan zui zhu ti	6
挪用公款行为	nuo yong gong kuan xing wei	8
挪用特定款物罪	nuo yong te ding kuan wu zui	1
挪用资金罪	nuo yong zi jin zui	4
捉拿归案	zhuo na gui an	5
捍卫国家法律尊严	han wei guo jia fa lv zun yan	3
损余处理	sun yu chu li	5
损失分担	sun shi fen dan	8
损害上市公司利益罪	sun hai shang shi gong si li yi zui	8
损害赔偿裁决	sun hai pei chang cai jue	3
损益相抵规则	sun yi xiang di gui ze	6
换证签发手续	huan zheng qian fa shou xu	5
授信合同	shou xin he tong	11
授权委托书	shou quan wei tuo shu	18
授权性规则	shou quan xing gui ze	8
授权性规范	shou quan xing gui fan	9
授权文件	shou quan wen jian	3
授权立法研究	shou quan li fa yan jiu	4
授权签字人	shou quan qian zi ren	1
授权经营	shou quan jing ying	6
授权规范	shou quan gui fan	7
授权许可证	shou quan xu ke zheng	1
掉期合同法	diao qi he tong fa	3
掉期合约	diao qi he yue	10
掌控合同运作	zhang kong he tong yun zuo	3
排污收费制度	pai wu shou fei zhi du	10
排除危害	pai chu wei hai	10
排除妨害请求权	pai chu fang hai qing qiu quan	8
排除妨碍	pai chu fang ai	12
排除责任条款	pai chu ze ren tiao kuan	3
接触说	jie chu shuo	9
接送不合格兵员罪	jie song bu he ge bing yuan zui	6
控制现金投放	kong zhi xian jin tou fang	5
控告人	kong gao ren	13
控告式诉讼	kong gao shi su song	5
控告申述部门	kong gao shen shu bu men	5
控诉职能	kong su zhi neng	9
控辩平等对抗	kong bian ping deng dui kang	5
推勘院	tui kan yuan	3
推定交货	tui ding jiao huo	3
推定全损	tui ding quan sun	11
推定占有	tui ding zhan you	7
推定行为	tui ding xing wei	8
推定过失责任	tui ding guo shi ze ren	2
推拿功法学	tui na gong fa xue	6
措施控制法	cuo shi kong zhi fa	2
提供虚假证明文件罪	ti gong xu jia zheng ming wen jian zui	9
提供虚假财会报告罪	ti gong xu jia cai kuai bao gao zui	10
提篮桥监狱	ti lan qiao jian yu	14
揭开公司面纱	jie kai gong si mian sha	10
搁置否决权	ge zhi fou jue quan	4
搬迁合同	ban qian he tong	9
搬迁补助款	ban qian bu zhu kuan	4
携款潜逃	xie kuan qian tao	3
携款潜逃罪	xie kuan qian tao zui	3
摄影合同	she ying he tong	5
摄影师法律实用手册	she ying shi fa lv shi yong shou ce	3
摊丁入亩	tan ding ru mu	2
摘抄本	zhai chao ben	2
摩奴法典	mo nu fa dian	3
摩尔根	mo er gen	28
摩西律法	mo xi lv fa	14
撤销仲裁裁决申请书	che xiao zhong cai cai jue shen qing shu	2
撤销判决	che xiao pan jue	1
撤销权法律关系	che xiao quan fa lv guan xi	2
撰写法律文章	zhuan xie fa lv wen zhang	2
擅自采矿	shan zi cai kuang	1
操纵市场	cao zong shi chang	3
操纵证券市场	cao zong zheng quan shi chang	8
支农惠农政策	zhi nong hui nong zheng ce	14
收入来源地税收管辖权	shou ru lai yuan di shui shou guan xia quan	7
收养登记工作规范	shou yang deng ji gong zuo gui fan	3
收回土地使用权	shou hui tu di shi yong quan	3
收回权	shou hui quan	10
收市价	shou shi jia	7
收当	shou dang	14
收支平衡定价法	shou zhi ping heng ding jia fa	2
收案	shou an	4
收款凭证	shou kuan ping zheng	3
收款银行协议	shou kuan yin hang xie yi	3
收汇风险	shou hui feng xian	10
收监执行	shou jian zhi xing	4
收继婚	shou ji hun	4
收购兼并	shou gou jian bing	1
收购单位	shou gou dan wei	11
收购土地	shou gou tu di	14
收费公路权益转让办法	shou fei gong lu quan yi zhuan rang ban fa	10
收费公路管理条例	shou fei gong lu guan li tiao li	2
收集刑事证据实务	shou ji xing shi zheng ju shi wu	4
改低档	gai di dang	7
改制分流一百问	gai zhi fen liu yi bai wen	4
改好率	gai hao lv	8
改法为律	gai fa wei lv	7
改编播放	gai bian bo fang	3
改订商律草案	gai ding shang lv cao an	6
改进劳动组织	gai jin lao dong zu zhi	1
改革企业体制	gai ge qi ye ti zhi	5
放射性废物管理规定	fang she xing fei wu guan li gui ding	2
放射性污染防治法	fang she xing wu ran fang zhi fa	9
放射诊疗管理规定	fang she zhen liao guan li gui ding	8
放弃承包权	fang qi cheng bao quan	6
放弃重复侵害行为	fang qi chong fu qin hai xing wei	5
放火罪	fang huo zui	16
政务院财经委员会	zheng wu yuan cai jing wei yuan hui	4
政协科教文卫体委员会	zheng xie ke jiao wen wei ti wei yuan hui	9
政府价格决策听证办法	zheng fu jia ge jue ce ting zheng ban fa	10
政府信息公开条例	zheng fu xin xi gong kai tiao li	2
政府制定价格听证办法	zheng fu zhi ding jia ge ting zheng ban fa	8
政府制定价格行为规则	zheng fu zhi ding jia ge xing wei gui ze	8
政府市场营销	zheng fu shi chang ying xiao	3
政治协商会议章程	zheng zhi xie shang hui yi zhang cheng	11
政治参与权	zheng zhi can yu quan	4
政治成本	zheng zhi cheng ben	4
政治排斥	zheng zhi pai chi	6
政治法律制度	zheng zhi fa lv zhi du	10
政治犯不引渡原则	zheng zhi fan bu yin du yuan ze	5
政策与模式	zheng ce yu mo shi	5
政策性关闭破产	zheng ce xing guan bi po chan	12
政策性税收筹划	zheng ce xing shui shou chou hua	6
故意损毁名胜古迹罪	gu yi sun hui ming sheng gu ji zui	6
故意泄露国家机密罪	gu yi xie lou guo jia ji mi zui	4
效力待定法律行为	xiao li dai ding fa lv xing wei	2
效力未定合同	xiao li wei ding he tong	7
效力未定民事行为	xiao li wei ding min shi xing wei	5
效力终止	xiao li zhong zhi	1
效律	xiao lv	9
效果意思	xiao guo yi si	9
效率违约	xiao lv wei yue	6
救灾捐赠管理办法	jiu zai juan zeng guan li ban fa	9
教会法大全	jiao hui fa da quan	5
教你不花冤枉钱	jiao ni bu hua yuan wang qian	3
教务专约	jiao wu zhuan yue	5
教师法治教育读本	jiao shi fa zhi jiao yu du ben	5
教师职称评定制度	jiao shi zhi cheng ping ding zhi du	6
教育收费公示制度	jiao yu shou fei gong shi zhi du	11
教育用房	jiao yu yong fang	7
教育附加费	jiao yu fu jia fei	12
数字千年版权法	shu zi qian nian ban quan fa	14
数钱费	shu qian fei	4
敲诈勒索罪	qiao zha le suo zui	21
敲诈罪	qiao zha zui	3
文义证券	wen yi zheng quan	7
文书定制	wen shu ding zhi	4
文件处置办法	wen jian chu zhi ban fa	1
文件清单	wen jian qing dan	2
文件证物	wen jian zheng wu	2
文件透露	wen jian tou lu	2
文剑南	wen jian nan	10
文化主权	wen hua zhu quan	11
文化事业费	wen hua shi ye fei	8
文化产业促进法	wen hua chan ye cu jin fa	8
文化全球化	wen hua quan qiu hua	11
文化创新思考	wen hua chuang xin si kao	2
文化暴力	wen hua bao li	3
文化遗产报告	wen hua yi chan bao gao	4
文化遗产法	wen hua yi chan fa	4
文化部创新奖奖励办法	wen hua bu chuang xin jiang jiang li ban fa	5
文官统治制度	wen guan tong zhi zhi du	3
文康律师事务所	wen kang lv shi shi wu suo	6
文本与实践之间	wen ben yu shi jian zhi jian	3
文秘写作学	wen mi xie zuo xue	2
文秘写作指南	wen mi xie zuo zhi nan	2
文稿竞价	wen gao jing jia	8
文职干部制度	wen zhi gan bu zhi du	1
文艺复兴时期法律	wen yi fu xing shi qi fa lv	2
斩绞监候	zhan jiao jian hou	4
斯宾诺莎	si bin nuo sha	45
斯瓦尔巴德条约	si wa er ba de tiao yue	6
新丰县公安局	xin feng xian gong an ju	8
新估价法规	xin gu jia fa gui	5
新保险法	xin bao xian fa	7
新公司法与公司登记	xin gong si fa yu gong si deng ji	2
新公司法的制度创新	xin gong si fa de zhi du chuang xin	2
新兽药研制管理办法	xin shou yao yan zhi guan li ban fa	5
新出口商复审	xin chu kou shang fu shen	9
新分析法学	xin fen xi fa xue	1
新分析法学派	xin fen xi fa xue pai	4
新刑法研究与适用	xin xing fa yan jiu yu shi yong	4
新加坡刑法	xin jia po xing fa	6
新加坡工作准证	xin jia po gong zuo zhun zheng	5
新加坡律政部	xin jia po lv zheng bu	1
新加坡最高法院	xin jia po zui gao fa yuan	6
新华区人民检察院	xin hua qu ren min jian cha yuan	5
新华通讯社	xin hua tong xun she	40
新古典契约	xin gu dian qi yue	4
新台州律师事务所	xin tai zhou lv shi shi wu suo	11
新合伙人入伙	xin he huo ren ru huo	9
新合伙企业法	xin he huo qi ye fa	8
新员工指导人制度	xin yuan gong zhi dao ren zhi du	6
新媒体百科全书	xin mei ti bai ke quan shu	4
新安县检察院	xin an xian jian cha yuan	5
新安县法院	xin an xian fa yuan	5
新屋开工及营建许可	xin wu kai gong ji ying jian xu ke	6
新巴赛尔协议	xin ba sai er xie yi	4
新康德主义法学	xin kang de zhu yi fa xue	5
新康德主义法学派	xin kang de zhu yi fa xue pai	3
新开工项目	xin kai gong xiang mu	2
新拆迁条例	xin chai qian tiao li	6
新时期汉语语法学史	xin shi qi han yu yu fa xue shi	2
新昌县司法局	xin chang xian si fa ju	6
新杰逊条款	xin jie xun tiao kuan	2
新汉英法学词典	xin han ying fa xue ci dian	5
新法规月刊	xin fa gui yue kan	2
新疆产权交易所	xin jiang chan quan jiao yi suo	2
新疆师范大学法经学院	xin jiang shi fan da xue fa jing xue yuan	6
新经济体制	xin jing ji ti zhi	3
新经济增长点	xin jing ji zeng zhang dian	12
新编中国刑法学	xin bian zhong guo xing fa xue	6
新编中国刑法学通论	xin bian zhong guo xing fa xue tong lun	3
新编中国法律文书范本	xin bian zhong guo fa lv wen shu fan ben	3
新编企业经营法小全书	xin bian qi ye jing ying fa xiao quan shu	3
新编公司法案例大点拨	xin bian gong si fa an li da dian bo	2
新编公民实用法律大全	xin bian gong min shi yong fa lv da quan	3
新编养老保险政策问答	xin bian yang lao bao xian zheng ce wen da	4
新编军队法律服务手册	xin bian jun dui fa lv fu wu shou ce	6
新编刑事法律适用手册	xin bian xing shi fa lv shi yong shou ce	2
新编劳动争议仲裁案例	xin bian lao dong zheng yi zhong cai an li	3
新编司法文书教程	xin bian si fa wen shu jiao cheng	3
新编司法文书范本	xin bian si fa wen shu fan ben	4
新编合同法	xin bian he tong fa	3
新编国际经济法	xin bian guo ji jing ji fa	4
新编房地产法学	xin bian fang di chan fa xue	2
新编新闻编辑学	xin bian xin wen bian ji xue	3
新编法律文书写作	xin bian fa lv wen shu xie zuo	4
新编法律文书完全范本	xin bian fa lv wen shu wan quan fan ben	3
新编物权法小全书	xin bian wu quan fa xiao quan shu	2
新编纪检监察业务教材	xin bian ji jian jian cha ye wu jiao cai	3
新编经济法	xin bian jing ji fa	7
新编经济法概论	xin bian jing ji fa gai lun	3
新莽钱	xin mang qian	1
新西兰探亲签证	xin xi lan tan qin qian zheng	5
新证券法条文解析	xin zheng quan fa tiao wen jie xi	3
新译日本法规大全	xin yi ri ben fa gui da quan	6
新资源食品管理办法	xin zi yuan shi pin guan li ban fa	8
新郑市财政局	xin zheng shi cai zheng ju	4
新门监狱	xin men jian yu	3
新闻出版保密规定	xin wen chu ban bao mi gui ding	5
新闻出版统计管理办法	xin wen chu ban tong ji guan li ban fa	6
新闻出版署	xin wen chu ban shu	45
新闻出版自由法	xin wen chu ban zi you fa	4
新闻发布制度	xin wen fa bu zhi du	12
新闻报道失实	xin wen bao dao shi shi	1
新闻监督	xin wen jian du	12
新闻舆论监督权	xin wen yu lun jian du quan	6
新闻记者法	xin wen ji zhe fa	4
新闻记者登记法	xin wen ji zhe deng ji fa	3
新闻记者证管理办法	xin wen ji zhe zheng guan li ban fa	8
新闻道德与法规	xin wen dao de yu fa gui	6
新颖性	xin ying xing	16
新黑格尔主义法学	xin hei ge er zhu yi fa xue	1
方刚成	fang gang cheng	5
方圆法治	fang yuan fa zhi	10
施塔姆勒	shi ta mu le	1
施米特与政治法学	shi mi te yu zheng zhi fa xue	5
旅客意外伤害保险合同	lv ke yi wai shang hai bao xian he tong	3
旅客运输合同	lv ke yun shu he tong	2
旅游发展规划管理办法	lv you fa zhan gui hua guan li ban fa	4
旅游可持续发展	lv you ke chi xu fa zhan	10
旅游合同	lv you he tong	15
旅游安全管理暂行办法	lv you an quan guan li zan xing ban fa	6
旅游法	lv you fa	13
旅游法学	lv you fa xue	8
旅游法研究	lv you fa yan jiu	6
旅游法论丛	lv you fa lun cong	3
旅游经济政策	lv you jing ji zheng ce	3
旅游资源保护暂行办法	lv you zi yuan bao hu zan xing ban fa	6
旅行社公告制度	lv xing she gong gao zhi du	4
旅行社责任保险合同	lv xing she ze ren bao xian he tong	4
无人继承遗产	wu ren ji cheng yi chan	6
无单放货法律问题研究	wu dan fang huo fa lv wen ti yan jiu	2
无对价抗辩	wu dui jia kang bian	3
无形财产	wu xing cai chan	1
无形财产权制度研究	wu xing cai chan quan zhi du yan jiu	5
无性婚姻	wu xing hun yin	1
无抵押债券	wu di ya zhai quan	1
无担保债权	wu dan bao zhai quan	9
无担保债权人	wu dan bao zhai quan ren	7
无效保险合同	wu xiao bao xian he tong	5
无效判决	wu xiao pan jue	8
无效协议	wu xiao xie yi	10
无效房屋买卖合同	wu xiao fang wu mai mai he tong	3
无效民事行为	wu xiao min shi xing wei	11
无效约定	wu xiao yue ding	8
无效经济合同	wu xiao jing ji he tong	1
无效行为	wu xiao xing wei	2
无权代理行为	wu quan dai li xing wei	10
无权占有	wu quan zhan you	11
无正本提单放货	wu zheng ben ti dan fang huo	7
无民事行为能力	wu min shi xing wei neng li	14
无民事行为能力人	wu min shi xing wei neng li ren	13
无法廻避	wu fa hui bi	3
无现金行权	wu xian jin xing quan	6
无知之幕	wu zhi zhi mu	2
无纸交易	wu zhi jiao yi	7
无行为能力	wu xing wei neng li	9
无行为能力人	wu xing wei neng li ren	1
无记名公司债	wu ji ming gong si zhai	9
无记名有价证券	wu ji ming you jia zheng quan	8
无责任底薪	wu ze ren di xin	12
无责底薪	wu ze di xin	8
无过失责任保险	wu guo shi ze ren bao xian	4
无遗嘱者遗产条例	wu yi zhu zhe yi chan tiao li	4
既判案件	ji pan an jian	4
日元息差交易	ri yuan xi cha jiao yi	6
日内瓦公约	ri nei wa gong yue	33
日净值增长率	ri jing zhi zeng zhang lv	9
日出条款	ri chu tiao kuan	4
日尔曼法	ri er man fa	1
日常家事代理权	ri chang jia shi dai li quan	7
日志中国	ri zhi zhong guo	4
日本专利制度	ri ben zhuan li zhi du	4
日本专利法	ri ben zhuan li fa	6
日本众议院选举制度	ri ben zhong yi yuan xuan ju zhi du	3
日本公司法规范	ri ben gong si fa gui fan	3
日本国家总动员法	ri ben guo jia zong dong yuan fa	2
日本国检察制度	ri ben guo jian cha zhi du	2
日本庄园制度	ri ben zhuang yuan zhi du	3
日本新防卫大纲	ri ben xin fang wei da gang	6
日本民事诉讼法论纲	ri ben min shi su song fa lun gang	5
日本永驻权	ri ben yong zhu quan	2
日本现代审判制度	ri ben xian dai shen pan zhi du	4
日本禁止垄断法	ri ben jin zhi long duan fa	5
日本行政诉讼法	ri ben xing zheng su song fa	5
日本近代刑法	ri ben jin dai xing fa	4
日本违宪审查制度	ri ben wei xian shen cha zhi du	4
日落复审	ri luo fu shen	11
时代九和律师事务所	shi dai jiu he lv shi shi wu suo	7
时效中断	shi xiao zhong duan	12
时效中止	shi xiao zhong zhi	11
时效公约	shi xiao gong yue	5
时效制度	shi xiao zhi du	2
时效延长	shi xiao yan chang	9
昆仑法学论丛	kun lun fa xue lun cong	5
昆明城市绿地管理办法	kun ming cheng shi lv di guan li ban fa	3
明清土地契约文书研究	ming qing tu di qi yue wen shu yan jiu	4
明清法制初探	ming qing fa zhi chu tan	2
昏墨贼杀	hun mo zei sha	3
易制毒化学品管理条例	yi zhi du hua xue pin guan li tiao li	9
星空点灯	xing kong dian deng	3
星级饭店访查规范	xing ji fan dian fang cha gui fan	8
星野英一	xing ye ying yi	8
显性存款保险制度	xian xing cun kuan bao xian zhi du	7
普及法律常识办公室	pu ji fa lv chang shi ban gong shi	7
普及特惠税制度	pu ji te hui shui zhi du	1
普及破产主义	pu ji po chan zhu yi	4
普惠制待遇	pu hui zhi dai yu	10
普法运动	pu fa yun dong	7
普洱茶经	pu er cha jing	10
普衡律师事务所	pu heng lv shi shi wu suo	1
普通优惠制	pu tong you hui zhi	2
普通刑事案件	pu tong xing shi an jian	6
普遍优惠制	pu bian you hui zhi	1
普遍优惠制原则	pu bian you hui zhi yuan ze	5
普遍优惠制税	pu bian you hui zhi shui	3
普遍回升	pu bian hui sheng	10
普遍国际法	pu bian guo ji fa	4
普遍性管辖权	pu bian xing guan xia quan	3
普遍管辖权	pu bian guan xia quan	4
普那卡条约	pu na ka tiao yue	7
普鲁士普通邦法	pu lu shi pu tong bang fa	6
暂予监外执行罪	zan yu jian wai zhi xing zui	9
暂住制度	zan zhu zhi du	7
暴力危及飞行安全罪	bao li wei ji fei xing an quan zui	7
曾代伟	zeng dai wei	3
替代市场法	ti dai shi chang fa	5
替代性市场法	ti dai xing shi chang fa	4
最初谈判权	zui chu tan pan quan	5
最新刑事办案一本全	zui xin xing shi ban an yi ben quan	4
最新刑事法律适用手册	zui xin xing shi fa lv shi yong shou ce	2
最新医疗诉讼案例精点	zui xin yi liao su song an li jing dian	4
最新商务文书写作全编	zui xin shang wu wen shu xie zuo quan bian	6
最新国际货币金融法	zui xin guo ji huo bi jin rong fa	3
最新婚姻法实用问答	zui xin hun yin fa shi yong wen da	3
最新工伤处理操作实务	zui xin gong shang chu li cao zuo shi wu	10
最新常用经济法律法规	zui xin chang yong jing ji fa lv fa gui	4
最新民事法律文件解读	zui xin min shi fa lv wen jian jie du	4
最新金融法律适用大全	zui xin jin rong fa lv shi yong da quan	3
最终产品法	zui zhong chan pin fa	5
最终控股公司	zui zhong kong gu gong si	1
最终解释权	zui zhong jie shi quan	4
最长诉讼时效	zui chang su song shi xiao	8
最高人民法院公报	zui gao ren min fa yuan gong bao	4
最高人民法院研究室	zui gao ren min fa yuan yan jiu shi	9
月旦民商法研究	yue dan min shang fa yan jiu	3
有产与无产	you chan yu wu chan	5
有价支付凭证	you jia zhi fu ping zheng	7
有价证券诈骗罪	you jia zheng quan zha pian zui	7
有偿占有	you chang zhan you	6
有偿双务合同	you chang shuang wu he tong	3
有偿收回土地使用权	you chang shou hui tu di shi yong quan	5
有偿民事法律行为	you chang min shi fa lv xing wei	4
有偿法律行为	you chang fa lv xing wei	6
有偿行为	you chang xing wei	8
有关刑事判决书	you guan xing shi pan jue shu	4
有夫权婚姻	you fu quan hun yin	7
有奖征集活动	you jiang zheng ji huo dong	13
有害化学品安全手册	you hai hua xue pin an quan shou ce	3
有害食品罪	you hai shi pin zui	9
有尘作业	you chen zuo ye	4
有序用电管理办法	you xu yong dian guan li ban fa	5
有形资产净值	you xing zi chan jing zhi	8
有抵押权证	you di ya quan zheng	4
有担保债权人	you dan bao zhai quan ren	6
有效关税保护率	you xiao guan shui bao hu lv	5
有效文件	you xiao wen jian	3
有机产品认证实施规则	you ji chan pin ren zheng shi shi gui ze	4
有条件录取	you tiao jian lu qu	11
有毒物质控制法	you du wu zhi kong zhi fa	7
有法律代表	you fa lv dai biao	3
有法必依	you fa bi yi	13
有线电视管理暂行办法	you xian dian shi guan li zan xing ban fa	6
有限责任公司规范意见	you xian ze ren gong si gui fan yi jian	7
有限责任合伙	you xian ze ren he huo	8
服务协议谈判	fu wu xie yi tan pan	4
服务对等	fu wu dui deng	7
服务瑕疵	fu wu xia ci	9
服务贸易总协定	fu wu mao yi zong xie ding	2
期前追索权	qi qian zhui suo quan	6
期后背书	qi hou bei shu	7
期后追索权	qi hou zhui suo quan	6
期指合约	qi zhi he yue	10
期末存货	qi mo cun huo	12
期货从业人员管理办法	qi huo cong ye ren yuan guan li ban fa	8
期货法律与监管制度	qi huo fa lv yu jian guan zhi du	5
木桩刑	mu zhuang xing	10
木石	mu shi	29
木腿正义	mu tui zheng yi	7
未决犯	wei jue fan	10
未利用地	wei li yong di	1
未必故意	wei bi gu yi	7
未成年人保护法	wei cheng nian ren bao hu fa	13
未成年人保护法律常识	wei cheng nian ren bao hu fa lv chang shi	3
未成年人保护法律手册	wei cheng nian ren bao hu fa lv shou ce	3
未成年人刑事司法制度	wei cheng nian ren xing shi si fa zhi du	4
未成年人权益保障	wei cheng nian ren quan yi bao zhang	7
未成年人监护制度	wei cheng nian ren jian hu zhi du	1
未成年人网络保护条例	wei cheng nian ren wang luo bao hu tiao li	3
未成年子女	wei cheng nian zi nv	34
未成年罪犯	wei cheng nian zui fan	2
未有效	wei you xiao	3
未注册商标权	wei zhu ce shang biao quan	5
未确认融资费用摊销	wei que ren rong zi fei yong tan xiao	3
未经许可使用	wei jing xu ke shi yong	5
未遂事故	wei sui shi gu	9
末永敏和	mo yong min he	5
本地法院	ben di fa yuan	8
本外币对冲操作	ben wai bi dui chong cao zuo	4
本溪市档案管理规定	ben xi shi dang an guan li gui ding	2
本溪市森林防火办法	ben xi shi sen lin fang huo ban fa	2
本溪市物业管理条例	ben xi shi wu ye guan li tiao li	2
本顿维尔监狱	ben dun wei er jian yu	6
朱三太子案	zhu san tai zi an	7
朴茨茅斯条约	po ci mao si tiao yue	4
机关单位	ji guan dan wei	22
机关岗位责任制	ji guan gang wei ze ren zhi	6
机关档案工作条例	ji guan dang an gong zuo tiao li	6
机关法人	ji guan fa ren	4
机动车登记办法	ji dong che deng ji ban fa	8
机动车登记规定	ji dong che deng ji gui ding	1
机动车第三者责任保险	ji dong che di san zhe ze ren bao xian	11
机动车第三者责任险	ji dong che di san zhe ze ren xian	10
机动车维修管理规定	ji dong che wei xiu guan li gui ding	10
机动车辆综合保险条款	ji dong che liang zong he bao xian tiao kuan	4
机动车驾驶员考试办法	ji dong che jia shi yuan kao shi ban fa	8
机械产品目录实施细则	ji xie chan pin mu lu shi shi xi ze	2
机械复制权	ji xie fu zhi quan	5
机械工业委员会	ji xie gong ye wei yuan hui	6
机械工业局	ji xie gong ye ju	8
机电产品出口招标办法	ji dian chan pin chu kou zhao biao ban fa	4
机要文件	ji yao wen jian	8
杀婴	sha ying	20
权利人	quan li ren	20
权利冲突	quan li chong tu	1
权利和利益	quan li he li yi	2
权利失效原则	quan li shi xiao yuan ze	4
权利平等与地方差异	quan li ping deng yu di fang cha yi	2
权利文件	quan li wen jian	1
权利本位	quan li ben wei	12
权利滥用禁止原则	quan li lan yong jin zhi yuan ze	4
权利瑕疵	quan li xia ci	11
权利瑕疵担保	quan li xia ci dan bao	9
权利用尽	quan li yong jin	8
权利耗尽原则	quan li hao jin yuan ze	6
权利范围	quan li fan wei	1
权利要求	quan li yao qiu	17
权利要求书	quan li yao qiu shu	13
权利质押合同	quan li zhi ya he tong	10
权利质权	quan li zhi quan	1
权利贫困论	quan li pin kun lun	2
权力制约原则	quan li zhi yue yuan ze	7
权力监督与制衡	quan li jian du yu zhi heng	4
权力结构	quan li jie gou	24
权属纠纷裁决	quan shu jiu fen cai jue	3
权权交易	quan quan jiao yi	1
权益回报率	quan yi hui bao lv	9
权益披露	quan yi pi lu	1
权益转让书	quan yi zhuan rang shu	10
权责统一	quan ze tong yi	11
李浩培法学文集	li hao pei fa xue wen ji	3
村上龙电影小说	cun shang long dian ying xiao shuo	2
村民委员会	cun min wei yuan hui	35
村民委员会法律知识	cun min wei yuan hui fa lv zhi shi	3
村民委员会组织法	cun min wei yuan hui zu zhi fa	3
村民实用法律手册	cun min shi yong fa lv shou ce	3
村民自治法	cun min zi zhi fa	9
杜克大学法学院	du ke da xue fa xue yuan	2
杜钢建	du gang jian	10
杜集区人民法院	du ji qu ren min fa yuan	4
杠杆收购	gang gan shou gou	9
条件未完全的合约	tiao jian wei wan quan de he yue	2
杨兆全	yang zhao quan	10
杭州市钱塘公证处	hang zhou shi qian tang gong zheng chu	4
杭州新紫罗兰大酒店	hang zhou xin zi luo lan da jiu dian	6
构建和谐劳动关系	gou jian he xie lao dong guan xi	11
构成要件符合性	gou cheng yao jian fu he xing	7
林业执法理论与实务	lin ye zhi fa li lun yu shi wu	2
林业标准化管理办法	lin ye biao zhun hua guan li ban fa	3
林地使用权	lin di shi yong quan	12
林律师办案手记	lin lv shi ban an shou ji	3
林木承包合同	lin mu cheng bao he tong	3
林木种子质量管理办法	lin mu zhong zi zhi liang guan li ban fa	3
林木种质资源管理办法	lin mu zhong zhi zi yuan guan li ban fa	3
林木采伐权	lin mu cai fa quan	6
林权纠纷法律指导	lin quan jiu fen fa lv zhi dao	3
林语堂在大陆	lin yu tang zai da lu	3
枪弹痕迹司法鉴定	qiang dan hen ji si fa jian ding	3
枪支管理法	qiang zhi guan li fa	1
枪通条	qiang tong tiao	8
某甲	mou jia	41
查封裁定	cha feng cai ding	8
查缉走私	cha ji zou si	16
查阅法条	cha yue fa tiao	8
柬埔寨宪法	jian pu zhai xian fa	7
柯英	ke ying	5
栅栏理论	zha lan li lun	3
标书翻译	biao shu fan yi	11
标准化良好行为企业	biao zhun hua liang hao xing wei qi ye	10
标的额	biao di e	2
标签和说明书管理规定	biao qian he shuo ming shu guan li gui ding	8
栖霞市国土资源局	qi xia shi guo tu zi yuan ju	5
校园侵权	xiao yuan qin quan	4
株连式拆迁	zhu lian shi chai qian	7
核安全相关法律法规	he an quan xiang guan fa lv fa gui	6
核工业总公司	he gong ye zong gong si	2
核热电厂辐射防护规定	he re dian chang fu she fang hu gui ding	3
核电站保险	he dian zhan bao xian	6
根本扭转	gen ben niu zhuan	1
根本违约	gen ben wei yue	11
格尔木市城市管理局	ge er mu shi cheng shi guan li ju	3
桃江县国土资源局	tao jiang xian guo tu zi yuan ju	4
案件接洽	an jian jie qia	4
案情复杂	an qing fu za	4
案情重大	an qing zhong da	8
桑植县人民法院	sang zhi xian ren min fa yuan	7
桓台县烟草专卖局	huan tai xian yan cao zhuan mai ju	4
桶抓	tong zhua	7
梁家杰	liang jia jie	49
梅县国税局	mei xian guo shui ju	3
梅县审计局	mei xian shen ji ju	3
梅夏英	mei xia ying	8
梅州市司法局	mei zhou shi si fa ju	3
梅慎实	mei shen shi	7
梅根法案	mei gen fa an	2
梅汝璈法学文集	mei ru ao fa xue wen ji	2
检察基础理论与应用	jian cha ji chu li lun yu ying yong	2
检察委员会检察员	jian cha wei yuan hui jian cha yuan	2
检察官任职回避	jian cha guan ren zhi hui bi	3
检察官手记	jian cha guan shou ji	7
检察官职业道德规范	jian cha guan zhi ye dao de gui fan	6
检察改革措施研究	jian cha gai ge cuo shi yan jiu	4
检察理念与执法规范	jian cha li nian yu zhi fa gui fan	4
检察院法医	jian cha yuan fa yi	8
检察院派出机构	jian cha yuan pai chu ji gou	4
棠景派出所	tang jing pai chu suo	6
森林法实施条例	sen lin fa shi shi tiao li	9
森林法院	sen lin fa yuan	5
森林病虫害防治条例	sen lin bing chong hai fang zhi tiao li	8
森林采伐更新管理办法	sen lin cai fa geng xin guan li ban fa	6
森林防火条例	sen lin fang huo tiao li	1
植物卷	zhi wu juan	2
植物新品种保护	zhi wu xin pin zhong bao hu	4
植物检疫	zhi wu jian yi	19
植物检疫条例	zhi wu jian yi tiao li	10
楔形文字法	xie xing wen zi fa	7
概括移转	gai kuo yi zhuan	6
概然性教唆	gai ran xing jiao suo	4
模拟仲裁庭	mo ni zhong cai ting	6
模拟民事审判庭	mo ni min shi shen pan ting	5
模拟法庭训练	mo ni fa ting xun lian	5
模范刑事诉讼法典	mo fan xing shi su song fa dian	5
横县国土资源局	heng xian guo tu zi yuan ju	4
樱木建二	ying mu jian er	8
欠妥之处	qian tuo zhi chu	2
欠息	qian xi	4
欠款证明书	qian kuan zheng ming shu	3
欠税公告办法	qian shui gong gao ban fa	8
欠缴	qian jiao	8
欠缺所有权	qian que suo you quan	2
欠缺真诚	qian que zhen cheng	1
次代理	ci dai li	3
次给付义务	ci ji fu yi wu	6
次要责任	ci yao ze ren	3
欧共体竞争法	ou gong ti jing zheng fa	8
欧共体竞争法通论	ou gong ti jing zheng fa tong lun	4
欧共体竞争立法	ou gong ti jing zheng li fa	4
欧式期权	ou shi qi quan	9
欧洲专利制度	ou zhou zhuan li zhi du	5
欧洲专利局	ou zhou zhuan li ju	2
欧洲人权法	ou zhou ren quan fa	44
欧洲审计院	ou zhou shen ji yuan	1
欧洲市场一体化	ou zhou shi chang yi ti hua	4
欧洲战史	ou zhou zhan shi	5
欧洲有机法案	ou zhou you ji fa an	4
欧洲比较侵权行为法	ou zhou bi jiao qin quan xing wei fa	8
欧洲民航会议	ou zhou min hang hui yi	5
欧洲法院	ou zhou fa yuan	27
欧洲联盟国际私法	ou zhou lian meng guo ji si fa	3
欧盟企业合并控制制度	ou meng qi ye he bing kong zhi zhi du	3
欧盟普惠制	ou meng pu hui zhi	8
欧盟环境政策法律研究	ou meng huan jing zheng ce fa lv yan jiu	4
欧盟知识产权法	ou meng zhi shi chan quan fa	5
欧美史研究	ou mei shi yan jiu	2
欧陆法系	ou lu fa xi	13
欧麦里	ou mai li	1
欺诈例外	qi zha li wai	9
欺诈客户行为	qi zha ke hu xing wei	9
欺诈消费者行为	qi zha xiao fei zhe xing wei	10
止赎	zhi shu	6
止赎权	zhi shu quan	1
正式谈判	zheng shi tan pan	12
武凯	wu kai	9
武器事典	wu qi shi dian	5
武城县人大常委会	wu cheng xian ren da chang wei hui	5
武汉大学国际法研究所	wu han da xue guo ji fa yan jiu suo	7
武汉大学法学院	wu han da xue fa xue yuan	31
武汉市专利管理条例	wu han shi zhuan li guan li tiao li	4
武汉市城市排水条例	wu han shi cheng shi pai shui tiao li	4
武汉市城市规划条例	wu han shi cheng shi gui hua tiao li	5
武汉市工会条例	wu han shi gong hui tiao li	5
武汉市房产管理条例	wu han shi fang chan guan li tiao li	3
武汉市旅游条例	wu han shi lv you tiao li	5
武汉市殡葬管理办法	wu han shi bin zang guan li ban fa	3
武汉市湖泊保护条例	wu han shi hu bo bao hu tiao li	6
武汉市防洪管理规定	wu han shi fang hong guan li gui ding	2
武汉法律咨询	wu han fa lv zi xun	4
武警法	wu jing fa	4
歪曲篡改他人作品	wai qu cuan gai ta ren zuo pin	2
死亡宣告撤销	si wang xuan gao che xiao	6
死亡营	si wang ying	12
死刑不引渡	si xing bu yin du	8
死刑制度比较研究	si xing zhi du bi jiao yan jiu	6
死刑复奏制	si xing fu zou zhi	7
死刑复核	si xing fu he	21
死刑复核制度	si xing fu he zhi du	2
死刑复核权	si xing fu he quan	21
死刑复核裁定	si xing fu he cai ding	3
死刑改革探索	si xing gai ge tan suo	5
死刑改革研究报告	si xing gai ge yan jiu bao gao	4
死刑缓期二年执行	si xing huan qi er nian zhi xing	8
死刑缓期执行	si xing huan qi zhi xing	15
残疾人就业条例	can ji ren jiu ye tiao li	10
残疾人康复工作办公室	can ji ren kang fu gong zuo ban gong shi	7
残疾人教育条例	can ji ren jiao yu tiao li	8
残疾人权利国际公约	can ji ren quan li guo ji gong yue	6
残疾人福利基金会	can ji ren fu li ji jin hui	9
残疾赔偿金	can ji pei chang jin	13
殴击罪	ou ji zui	1
殴打他人	ou da ta ren	6
段和段	duan he duan	2
段爱群	duan ai qun	7
毁灭国家机关公文	hui mie guo jia ji guan gong wen	5
母女关系	mu nv guan xi	11
母婴保健	mu ying bao jian	14
母婴保健法	mu ying bao jian fa	13
母婴保健法实施办法	mu ying bao jian fa shi shi ban fa	9
母法	mu fa	12
每日结算制度	mei ri jie suan zhi du	7
毒品原植物	du pin yuan zhi wu	12
毒品犯罪研究	du pin fan zui yan jiu	6
比较民事诉讼论丛	bi jiao min shi su song lun cong	2
比较法在中国	bi jiao fa zai zhong guo	6
比较法研究	bi jiao fa yan jiu	13
毛国华	mao guo hua	5
毛地出让	mao di chu rang	9
毛泽东集	mao ze dong ji	12
毛璟文	mao jing wen	6
民主自决权	min zhu zi jue quan	4
民主视野	min zhu shi ye	4
民事习惯调查报告录	min shi xi guan diao cha bao gao lu	5
民事侵权构成要件	min shi qin quan gou cheng yao jian	6
民事保全程序研究	min shi bao quan cheng xu yan jiu	3
民事决定书	min shi jue ding shu	6
民事委托代理合同	min shi wei tuo dai li he tong	6
民事审判手册	min shi shen pan shou ce	4
民事审判技能	min shi shen pan ji neng	2
民事审判指导与参考	min shi shen pan zhi dao yu can kao	7
民事审判简易程序	min shi shen pan jian yi cheng xu	3
民事强制执行新视野	min shi qiang zhi zhi xing xin shi ye	2
民事强制执行新论	min shi qiang zhi zhi xing xin lun	3
民事强制执行法	min shi qiang zhi zhi xing fa	8
民事执行权	min shi zhi xing quan	8
民事执行程序	min shi zhi xing cheng xu	9
民事授权委托书	min shi shou quan wei tuo shu	5
民事无效行为	min shi wu xiao xing wei	3
民事案件由规定	min shi an jian you gui ding	3
民事欺诈行为	min shi qi zha xing wei	8
民事法律行为	min shi fa lv xing wei	4
民事特别法	min shi te bie fa	8
民事督促起诉	min shi du cu qi su	7
民事程序法	min shi cheng xu fa	9
民事程序法研究	min shi cheng xu fa yan jiu	4
民事程序选择权	min shi cheng xu xuan ze quan	5
民事简易程序研究	min shi jian yi cheng xu yan jiu	4
民事管辖权	min shi guan xia quan	8
民事纠纷	min shi jiu fen	13
民事纠纷法律知识手册	min shi jiu fen fa lv zhi shi shou ce	3
民事纠纷解决	min shi jiu fen jie jue	8
民事行为能力	min shi xing wei neng li	1
民事裁判	min shi cai pan	2
民事裁判方法	min shi cai pan fang fa	5
民事裁判标准规范	min shi cai pan biao zhun gui fan	2
民事裁定	min shi cai ding	14
民事证据规则应用	min shi zheng ju gui ze ying yong	2
民事诉讼制度改革研究	min shi su song zhi du gai ge yan jiu	5
民事诉讼基本结构	min shi su song ji ben jie gou	3
民事诉讼委托代理合同	min shi su song wei tuo dai li he tong	5
民事诉讼案例精析	min shi su song an li jing xi	3
民事诉讼法习题集	min shi su song fa xi ti ji	3
民事诉讼法学新编	min shi su song fa xue xin bian	5
民事诉讼目的	min shi su song mu di	8
民事诉讼程序公约	min shi su song cheng xu gong yue	6
民事诉讼程序改革报告	min shi su song cheng xu gai ge bao gao	3
民事诉讼终结	min shi su song zhong jie	4
民事调解制度	min shi tiao jie zhi du	6
民事责任承担方式	min shi ze ren cheng dan fang shi	8
民事责任构成要件	min shi ze ren gou cheng yao jian	6
民事责任竞合	min shi ze ren jing he	7
民事错诉责任	min shi cuo su ze ren	5
民办非企业单位	min ban fei qi ye dan wei	9
民商事案件	min shang shi an jian	8
民商事案件裁判方法	min shang shi an jian cai pan fang fa	4
民商合一	min shang he yi	10
民商审判简明手册	min shang shen pan jian ming shou ce	5
民商法在职研究生	min shang fa zai zhi yan jiu sheng	5
民商法辞典	min shang fa ci dian	3
民商法问题研究与适用	min shang fa wen ti yan jiu yu shi yong	4
民国名人诉讼案	min guo ming ren su song an	3
民国时期西藏法制研究	min guo shi qi xi zang fa zhi yan jiu	3
民国法学论文精萃	min guo fa xue lun wen jing cui	4
民政优抚对象	min zheng you fu dui xiang	7
民族区域自治法	min zu qu yu zi zhi fa	1
民权公约评注	min quan gong yue ping zhu	4
民法典探索与展望	min fa dian tan suo yu zhan wang	3
民法法典化研究	min fa fa dian hua yan jiu	3
民用建筑节能条例	min yong jian zhu jie neng tiao li	11
民用建筑节能管理规定	min yong jian zhu jie neng guan li gui ding	10
民用建筑隔声设计规范	min yong jian zhu ge sheng she ji gui fan	8
民用机场使用许可规定	min yong ji chang shi yong xu ke gui ding	4
民用机场管理暂行规定	min yong ji chang guan li zan xing gui ding	4
民用机场管理条例	min yong ji chang guan li tiao li	7
民用爆炸物品管理条例	min yong bao zha wu pin guan li tiao li	9
民用航空器优先权	min yong hang kong qi you xian quan	9
民用航空器融资租赁	min yong hang kong qi rong zi zu lin	6
民用航空器贸易协议	min yong hang kong qi mao yi xie yi	4
民用航空法	min yong hang kong fa	8
民用航空管理制度	min yong hang kong guan li zhi du	5
民用运力国防动员条例	min yong yun li guo fang dong yuan tiao li	7
民营企业法律实用指导	min ying qi ye fa lv shi yong zhi dao	5
民营企业法律顾问	min ying qi ye fa lv gu wen	7
民营企业经营环境	min ying qi ye jing ying huan jing	5
民行处	min xing chu	8
民行科	min xing ke	10
气候变化协议	qi hou bian hua xie yi	8
气候变化框架公约	qi hou bian hua kuang jia gong yue	16
气瓶安全监察规定	qi ping an quan jian cha gui ding	7
气象行业管理若干规定	qi xiang hang ye guan li ruo gan gui ding	3
水下文化遗产保护公约	shui xia wen hua yi chan bao hu gong yue	5
水产资源繁殖保护条例	shui chan zi yuan fan zhi bao hu tiao li	6
水利旅游项目管理办法	shui li lv you xiang mu guan li ban fa	4
水利部信访工作办法	shui li bu xin fang gong zuo ban fa	2
水利风景区管理办法	shui li feng jing qu guan li ban fa	4
水土保持工作协调小组	shui tu bao chi gong zuo xie tiao xiao zu	3
水库大坝安全管理条例	shui ku da ba an quan guan li tiao li	8
水库大坝注册登记办法	shui ku da ba zhu ce deng ji ban fa	4
水政监察工作章程	shui zheng jian cha gong zuo zhang cheng	5
水权流转	shui quan liu zhuan	6
水资源保护法	shui zi yuan bao hu fa	7
水资源勘察	shui zi yuan kan cha	7
水资源开发利用规划	shui zi yuan kai fa li yong gui hua	8
水资源所有权	shui zi yuan suo you quan	9
水路危险货物运输规则	shui lu wei xian huo wu yun shu gui ze	4
水路运输违章处罚规定	shui lu yun shu wei zhang chu fa gui ding	3
水运工程质量监督规定	shui yun gong cheng zhi liang jian du gui ding	4
水闸安全鉴定管理办法	shui zha an quan jian ding guan li ban fa	2
永久居住权	yong jiu ju zhu quan	5
永久居所	yong jiu ju suo	1
永久性抗辩权	yong jiu xing kang bian quan	4
永久性职位	yong jiu xing zhi wei	5
汇票兑付	hui piao dui fu	6
汇票签发	hui piao qian fa	8
汇票转	hui piao zhuan	9
汉德分类词语手册	han de fen lei ci yu shou ce	4
汉德经济和经济法词典	han de jing ji he jing ji fa ci dian	4
汉摩拉比法典	han mo la bi fa dian	1
汉文帝刑制改革	han wen di xing zhi gai ge	4
汉漠拉比法典	han mo la bi fa dian	6
汉英法律翻译教程	han ying fa lv fan yi jiao cheng	4
汕头市地价管理规定	shan tou shi di jia guan li gui ding	3
江苏博事达律师事务所	jiang su bo shi da lv shi shi wu suo	7
江苏君远律师事务所	jiang su jun yuan lv shi shi wu suo	8
江苏汇天元律师事务所	jiang su hui tian yuan lv shi shi wu suo	5
江苏省公路条例	jiang su sheng gong lu tiao li	5
江苏省志愿服务条例	jiang su sheng zhi yuan fu wu tiao li	6
江苏省财政监督办法	jiang su sheng cai zheng jian du ban fa	4
江苏茂通律师事务所	jiang su mao tong lv shi shi wu suo	5
江西宋城律师事务所	jiang xi song cheng lv shi shi wu suo	4
江西惟民律师事务所	jiang xi wei min lv shi shi wu suo	11
江西省土地登记办法	jiang xi sheng tu di deng ji ban fa	4
污染源监测管理办法	wu ran yuan jian ce guan li ban fa	2
污水综合排放标准	wu shui zong he pai fang biao zhun	1
汤姆森商法教程	tang mu sen shang fa jiao cheng	2
汪辜会谈共同协议	wang gu hui tan gong tong xie yi	1
汽垫船	qi dian chuan	9
汽车保险法律法规	qi che bao xian fa lv fa gui	2
汽车运输船	qi che yun shu chuan	8
沃尔芬森	wo er fen sen	3
沃尔芬登委员会	wo er fen deng wei yuan hui	3
沈家本	shen jia ben	32
沈家本年谱初编	shen jia ben nian pu chu bian	4
沈寄簃先生遗书	shen ji yi xian sheng yi shu	4
沈木珠	shen mu zhu	8
沉默方式	chen mo fang shi	7
沉默权	chen mo quan	1
沉默欺诈	chen mo qi zha	3
沐川县司法局	mu chuan xian si fa ju	3
沙利文诉纽约时报案	sha li wen su niu yue shi bao an	2
沙头角街道党工委	sha tou jiao jie dao dang gong wei	5
沙里亚法规	sha li ya fa gui	1
沙里亚法院	sha li ya fa yuan	7
没收违法所得	mo shou wei fa suo de	16
没收非法财物	mo shou fei fa cai wu	2
没有书面凭证	mei you shu mian ping zheng	6
沧州市产权交易中心	cang zhou shi chan quan jiao yi zhong xin	3
河北子辰律师事务所	he bei zi chen lv shi shi wu suo	6
河北法学	he bei fa xue	1
河北省义务植树条例	he bei sheng yi wu zhi shu tiao li	5
河北省信访条例	he bei sheng xin fang tiao li	4
河北省发展中医条例	he bei sheng fa zhan zhong yi tiao li	4
河北省土木建筑学会	he bei sheng tu mu jian zhu xue hui	4
河北省地方志工作规定	he bei sheng di fang zhi gong zuo gui ding	4
河北省奶业条例	he bei sheng nai ye tiao li	7
河北省节约能源条例	he bei sheng jie yue neng yuan tiao li	7
河北马倍战律师事务所	he bei ma bei zhan lv shi shi wu suo	5
河南千业律师事务所	he nan qian ye lv shi shi wu suo	7
河南工业大学法学院	he nan gong ye da xue fa xue yuan	4
河南昌浩律师事务所	he nan chang hao lv shi shi wu suo	4
河南省信访条例	he nan sheng xin fang tiao li	4
河南省母婴保健条例	he nan sheng mu ying bao jian tiao li	4
河南省煤炭条例	he nan sheng mei tan tiao li	4
河南陆达律师事务所	he nan lu da lv shi shi wu suo	12
河津市检察院	he jin shi jian cha yuan	7
治国方略	zhi guo fang lve	1
治安保卫委员会	zhi an bao wei wei yuan hui	1
治安处罚	zhi an chu fa	3
治安案件查处概论	zhi an an jian cha chu gai lun	2
治安管理处罚条例	zhi an guan li chu fa tiao li	1
治安管理处罚法	zhi an guan li chu fa fa	23
治安联防队员	zhi an lian fang dui yuan	11
治安行政处罚	zhi an xing zheng chu fa	9
治安行政处置权	zhi an xing zheng chu zhi quan	5
治安行政法	zhi an xing zheng fa	7
治理商业贿赂简明读本	zhi li shang ye hui lu jian ming du ben	3
治道变革与法精神转型	zhi dao bian ge yu fa jing shen zhuan xing	2
沾化县海洋与渔业局	zhan hua xian hai yang yu yu ye ju	5
沿海航标管理办法	yan hai hang biao guan li ban fa	4
沿海航运权	yan hai hang yun quan	3
沿海运输	yan hai yun shu	3
泄密事件	xie mi shi jian	16
泄密罪	xie mi zui	7
泄露内幕信息罪	xie lu nei mu xin xi zui	11
泄露国家机密	xie lu guo jia ji mi	13
泄露国家机密罪	xie lu guo jia ji mi zui	5
泉州市科技局	quan zhou shi ke ji ju	7
泊位合同	bo wei he tong	4
法与农村社会变迁	fa yu nong cun she hui bian qian	3
法与恢复性司法	fa yu hui fu xing si fa	3
法书要录	fa shu yao lu	8
法人制度法理研究	fa ren zhi du fa li yan jiu	2
法人型联营	fa ren xing lian ying	8
法人委托书	fa ren wei tuo shu	13
法人章程	fa ren zhang cheng	1
法人配售发行方式指引	fa ren pei shou fa xing fang shi zhi yin	5
法令不能改变社会	fa ling bu neng gai bian she hui	2
法价值哲学导论	fa jia zhi zhe xue dao lun	3
法兰西第五共和国宪法	fa lan xi di wu gong he guo xian fa	3
法制办	fa zhi ban	21
法制日报社	fa zhi ri bao she	5
法制浙江	fa zhi zhe jiang	6
法制科	fa zhi ke	5
法医人类学经典	fa yi ren lei xue jing dian	3
法医学辞典	fa yi xue ci dian	2
法医学鉴定人	fa yi xue jian ding ren	6
法医检验	fa yi jian yan	6
法医鉴定学	fa yi jian ding xue	5
法国发明专利法	fa guo fa ming zhuan li fa	2
法国现代合同法	fa guo xian dai he tong fa	6
法大民商经济法评论	fa da min shang jing ji fa ping lun	3
法学专业英语教程	fa xue zhuan ye ying yu jiao cheng	6
法学前沿名家谈	fa xue qian yan ming jia tan	2
法学基础课程导读	fa xue ji chu ke cheng dao du	4
法学学位论文写作方法	fa xue xue wei lun wen xie zuo fang fa	3
法学教学参考书	fa xue jiao xue can kao shu	6
法学方法论与德沃金	fa xue fang fa lun yu de wo jin	4
法学方法论导论	fa xue fang fa lun dao lun	4
法学研究与方法论	fa xue yan jiu yu fang fa lun	3
法学经纬	fa xue jing wei	2
法学课程	fa xue ke cheng	7
法官职业化	fa guan zhi ye hua	11
法官职业道德	fa guan zhi ye dao de	11
法官职业道德基本准则	fa guan zhi ye dao de ji ben zhun ze	9
法官行为与职业伦理	fa guan xing wei yu zhi ye lun li	3
法定分保	fa ding fen bao	10
法定垄断	fa ding long duan	8
法定孳息	fa ding zi xi	1
法定强制保险	fa ding qiang zhi bao xian	9
法定清偿物	fa ding qing chang wu	3
法定财产重估增值	fa ding cai chan chong gu zeng zhi	7
法庭语言技巧	fa ting yu yan ji qiao	5
法律与习俗	fa lv yu xi su	6
法律与现代社会	fa lv yu xian dai she hui	5
法律与社会规范	fa lv yu she hui gui fan	6
法律专业逻辑学教程	fa lv zhuan ye luo ji xue jiao cheng	2
法律事件	fa lv shi jian	5
法律价值	fa lv jia zhi	6
法律信息学	fa lv xin xi xue	3
法律儒家化	fa lv ru jia hua	7
法律写作	fa lv xie zuo	3
法律判决认定	fa lv pan jue ren ding	2
法律及其配套规定丛书	fa lv ji qi pei tao gui ding cong shu	6
法律和市场经济	fa lv he shi chang jing ji	6
法律基础新编	fa lv ji chu xin bian	3
法律实用全书	fa lv shi yong quan shu	3
法律小全书	fa lv xiao quan shu	6
法律帝国	fa lv di guo	9
法律思维	fa lv si wei	12
法律思维研究	fa lv si wei yan jiu	3
法律推理与政治冲突	fa lv tui li yu zheng zhi chong tu	5
法律政策研究室	fa lv zheng ce yan jiu shi	8
法律效力论	fa lv xiao li lun	4
法律教育网校	fa lv jiao yu wang xiao	3
法律文书写作	fa lv wen shu xie zuo	12
法律文书写作思维	fa lv wen shu xie zuo si wei	4
法律文书范例评析	fa lv wen shu fan li ping xi	2
法律文化	fa lv wen hua	24
法律文化史研究	fa lv wen hua shi yan jiu	5
法律文化研究	fa lv wen hua yan jiu	1
法律文本翻译	fa lv wen ben fan yi	5
法律文盲	fa lv wen mang	6
法律是什么	fa lv shi shen me	2
法律智慧的火花	fa lv zhi hui de huo hua	2
法律智慧警句集	fa lv zhi hui jing ju ji	4
法律法规适用范围	fa lv fa gui shi yong fan wei	3
法律现代化	fa lv xian dai hua	1
法律监督	fa lv jian du	7
法律监督机关	fa lv jian du ji guan	12
法律监督论纲	fa lv jian du lun gang	3
法律移植	fa lv yi zhi	11
法律移植与法律文化	fa lv yi zhi yu fa lv wen hua	6
法律程序文件	fa lv cheng xu wen jian	7
法律维权启示录	fa lv wei quan qi shi lu	4
法律网站	fa lv wang zhan	7
法律职业	fa lv zhi ye	32
法律职业共同体	fa lv zhi ye gong tong ti	10
法律职业资格考试	fa lv zhi ye zi ge kao shi	18
法律英语	fa lv ying yu	2
法律英语写作	fa lv ying yu xie zuo	6
法律英语教程	fa lv ying yu jiao cheng	5
法律英语词汇速记练习	fa lv ying yu ci hui su ji lian xi	2
法律行为无效	fa lv xing wei wu xiao	2
法律规范行为	fa lv gui fan xing wei	8
法律议案	fa lv yi an	10
法律语言规范化研究	fa lv yu yan gui fan hua yan jiu	4
法律调整过程	fa lv tiao zheng guo cheng	6
法律谈判之道	fa lv tan pan zhi dao	4
法律起源	fa lv qi yuan	8
法律进家家家安	fa lv jin jia jia jia an	5
法律防火墙	fa lv fang huo qiang	6
法律限制和约束	fa lv xian zhi he yue shu	3
法律面前人人平等	fa lv mian qian ren ren ping deng	11
法律面前人人平等原则	fa lv mian qian ren ren ping deng yuan ze	9
法民初字第	fa min chu zi di	10
法治与国际和谐社会	fa zhi yu guo ji he xie she hui	8
法治中国	fa zhi zhong guo	9
法治二十讲	fa zhi er shi jiang	2
法治及其本土资源	fa zhi ji qi ben tu zi yuan	9
法治周末	fa zhi zhou mo	8
法治国家	fa zhi guo jia	35
法治国家与行政法治	fa zhi guo jia yu xing zheng fa zhi	2
法治国家论	fa zhi guo jia lun	4
法治建设与法学	fa zhi jian she yu fa xue	7
法治快报	fa zhi kuai bao	8
法治百家谈	fa zhi bai jia tan	3
法治维新	fa zhi wei xin	2
法治讲演录	fa zhi jiang yan lu	4
法治论丛	fa zhi lun cong	6
法理学论丛	fa li xue lun cong	6
法社会学在中国	fa she hui xue zai zhong guo	5
法苑撷英	fa yuan xie ying	4
法西斯主义法学思潮	fa xi si zhu yi fa xue si chao	3
法规宝典	fa gui bao dian	5
法规规章备案条例	fa gui gui zhang bei an tiao li	8
法规规章备案规定	fa gui gui zhang bei an gui ding	6
法象万千	fa xiang wan qian	3
法院与媒体	fa yuan yu mei ti	6
法院刑事判决书	fa yuan xing shi pan jue shu	1
法院地	fa yuan di	4
法院地法	fa yuan di fa	10
法院强制执行	fa yuan qiang zhi zhi xing	1
法院志	fa yuan zhi	7
法院执行依据	fa yuan zhi xing yi ju	4
法院执行原理与实务	fa yuan zhi xing yuan li yu shi wu	2
法院执行案件	fa yuan zhi xing an jian	10
法院改革	fa yuan gai ge	2
法院法医	fa yuan fa yi	9
法院电子签章	fa yuan dian zi qian zhang	3
法院电子签章系统	fa yuan dian zi qian zhang xi tong	2
法院程序	fa yuan cheng xu	7
法院组织法	fa yuan zu zhi fa	48
法院组织法论	fa yuan zu zhi fa lun	2
法院经审理查明	fa yuan jing shen li cha ming	2
法院编制法	fa yuan bian zhi fa	12
法院诉讼文书格式样本	fa yuan su song wen shu ge shi yang ben	2
泡沫效应	pao mo xiao ying	8
波兰第一共和国	bo lan di yi gong he guo	1
波斯纳与法律经济分析	bo si na yu fa lv jing ji fen xi	4
注册会计师侵权责任	zhu ce kuai ji shi qin quan ze ren	2
注册会计师协会	zhu ce kuai ji shi xie hui	15
注册会计师法	zhu ce kuai ji shi fa	2
注册会计师注册办法	zhu ce kuai ji shi zhu ce ban fa	7
注册会计师管理制度	zhu ce kuai ji shi guan li zhi du	3
注册公用设备工程师	zhu ce gong yong she bei gong cheng shi	12
注册助理安全工程师	zhu ce zhu li an quan gong cheng shi	7
注册商标专用权	zhu ce shang biao zhuan yong quan	3
注册商标使用许可	zhu ce shang biao shi yong xu ke	10
注册商标权	zhu ce shang biao quan	3
注册商标转让	zhu ce shang biao zhuan rang	10
注册商标转让合同	zhu ce shang biao zhuan rang he tong	6
注册建筑师条例	zhu ce jian zhu shi tiao li	8
注册建造师管理规定	zhu ce jian zao shi guan li gui ding	8
注意义务研究	zhu yi yi wu yan jiu	4
注意障碍	zhu yi zhang ai	9
注销注册商标公告	zhu xiao zhu ce shang biao gong gao	2
注销登记	zhu xiao deng ji	15
泰和县质量技术监督局	tai he xian zhi liang ji shu jian du ju	3
泰安市农业局	tai an shi nong ye ju	4
洗寨子	xi zhai zi	3
洗钱犯罪与对策	xi qian fan zui yu dui ce	3
洞穴奇案	dong xue qi an	3
津浦铁路借款合同	jin pu tie lu jie kuan he tong	3
洪范九畴	hong fan jiu chou	1
洪范广住律师事务所	hong fan guang zhu lv shi shi wu suo	7
洪范评论	hong fan ping lun	6
派遣制合同工	pai qian zhi he tong gong	2
派遣制柜员	pai qian zhi gui yuan	2
流动与非流动项目法	liu dong yu fei liu dong xiang mu fa	4
流动资产周转率	liu dong zi chan zhou zhuan lv	10
流氓罪	liu mang zui	13
流氓行为	liu mang xing wei	8
测绘工作证管理规定	ce hui gong zuo zheng guan li gui ding	3
测绘法	ce hui fa	3
济南市摄影家协会	ji nan shi she ying jia xie hui	5
济南市法律援助中心	ji nan shi fa lv yuan zhu zhong xin	7
济贫法	ji pin fa	8
浑河站	hun he zhan	10
浓缩法学	nong suo fa xue	3
浙江人地律师事务所	zhe jiang ren di lv shi shi wu suo	4
浙江政法联律师事务所	zhe jiang zheng fa lian lv shi shi wu suo	4
浙江法制报	zhe jiang fa zhi bao	1
浙江省专利	zhe jiang sheng zhuan li	1
浙江省专利保护条例	zhe jiang sheng zhuan li bao hu tiao li	5
浙江省信访条例	zhe jiang sheng xin fang tiao li	6
浙江省全民健身条例	zhe jiang sheng quan min jian shen tiao li	6
浙江省公墓管理办法	zhe jiang sheng gong mu guan li ban fa	5
浙江省劳动监察规定	zhe jiang sheng lao dong jian cha gui ding	5
浙江省城镇体系规划	zhe jiang sheng cheng zhen ti xi gui hua	6
浙江省招标投标条例	zhe jiang sheng zhao biao tou biao tiao li	5
浙江省林地管理办法	zhe jiang sheng lin di guan li ban fa	4
浙江省森林管理条例	zhe jiang sheng sen lin guan li tiao li	5
浙江省渔业管理条例	zhe jiang sheng yu ye guan li tiao li	6
浙江省监察厅	zhe jiang sheng jian cha ting	4
浙江省职工教育条例	zhe jiang sheng zhi gong jiao yu tiao li	2
海上交通安全法	hai shang jiao tong an quan fa	3
海上保险合同	hai shang bao xian he tong	1
海上旅客运输合同	hai shang lv ke yun shu he tong	8
海上船舶保险合同	hai shang chuan bo bao xian he tong	4
海上财产	hai shang cai chan	6
海上财产无主	hai shang cai chan wu zhu	5
海上货物运输保险合同	hai shang huo wu yun shu bao xian he tong	8
海事仲裁程序规则	hai shi zhong cai cheng xu gui ze	3
海事仲裁裁决	hai shi zhong cai cai jue	1
海事侵权损害赔偿	hai shi qin quan sun hai pei chang	3
海事债权登记	hai shi zhai quan deng ji	8
海事债权确权	hai shi zhai quan que quan	3
海事国际私法	hai shi guo ji si fa	1
海事强制令	hai shi qiang zhi ling	10
海事报告	hai shi bao gao	8
海事担保	hai shi dan bao	1
海事法院	hai shi fa yuan	24
海事诉讼与海事仲裁法	hai shi su song yu hai shi zhong cai fa	3
海事诉讼时效制度	hai shi su song shi xiao zhi du	6
海事诉讼特别程序法	hai shi su song te bie cheng xu fa	10
海事诉讼特别程序研究	hai shi su song te bie cheng xu yan jiu	3
海事请求保全	hai shi qing qiu bao quan	10
海关估价协议	hai guan gu jia xie yi	7
海关保税核查办法	hai guan bao shui he cha ban fa	4
海关关务公开办法	hai guan guan wu gong kai ban fa	6
海关商品估价公约	hai guan shang pin gu jia gong yue	5
海关实施人身扣留规定	hai guan shi shi ren shen kou liu gui ding	4
海关税则分类目录公约	hai guan shui ze fen lei mu lu gong yue	3
海口市秀英区人民法院	hai kou shi xiu ying qu ren min fa yuan	6
海域使用权登记办法	hai yu shi yong quan deng ji ban fa	5
海域使用权研究	hai yu shi yong quan yan jiu	2
海域使用权管理规定	hai yu shi yong quan guan li gui ding	4
海域使用管理法	hai yu shi yong guan li fa	11
海域有偿使用制度	hai yu you chang shi yong zhi du	8
海宁市慈善总会	hai ning shi ci shan zong hui	4
海底电缆敷设船	hai di dian lan fu she chuan	2
海底电缆管道保护规定	hai di dian lan guan dao bao hu gui ding	5
海洋国策研究文集	hai yang guo ce yan jiu wen ji	3
海洋渔业船员发证规定	hai yang yu ye chuan yuan fa zheng gui ding	4
海洋石油安全生产规定	hai yang shi you an quan sheng chan gui ding	5
海洋行政执法必读	hai yang xing zheng zhi fa bi du	3
海滩救助	hai tan jiu zhu	5
海牙第一公约	hai ya di yi gong yue	2
消耗定额记录制度	xiao hao ding e ji lu zhi du	4
消费产品安全法	xiao fei chan pin an quan fa	5
消费全程操作索赔	xiao fei quan cheng cao zuo suo pei	3
消费者安全权	xiao fei zhe an quan quan	9
消费者权益法	xiao fei zhe quan yi fa	10
消费者监督权	xiao fei zhe jian du quan	6
消防产品监督管理规定	xiao fang chan pin jian du guan li gui ding	4
消防应急预案	xiao fang ying ji yu an	9
消防法适用词汇手册	xiao fang fa shi yong ci hui shou ce	3
消除影响	xiao chu ying xiang	18
涉众型经济犯罪	she zhong xing jing ji fan zui	11
涉外人员守则	she wai ren yuan shou ze	6
涉外企业法律实用指导	she wai qi ye fa lv shi yong zhi dao	4
涉外民事关系	she wai min shi guan xi	3
涉外民事诉讼程序	she wai min shi su song cheng xu	9
涉外民商事案件	she wai min shang shi an jian	9
涉外法律制度案例	she wai fa lv zhi du an li	3
涉外税收优惠	she wai shui shou you hui	8
涉外经济合同法	she wai jing ji he tong fa	10
涉外经贸法律英语	she wai jing mao fa lv ying yu	2
涉枪犯罪	she qiang fan zui	11
涉案金额	she an jin e	32
涉法涉诉	she fa she su	13
涉法涉诉案件	she fa she su an jian	9
涤除抵押权	di chu di ya quan	3
涨跌停板	zhang die ting ban	14
液体化学品运输船	ye ti hua xue pin yun shu chuan	6
淄博市地方史志办公室	zi bo shi di fang shi zhi ban gong shi	2
淫亵物品审裁处	yin xie wu pin shen cai chu	11
深圳市义工服务条例	shen zhen shi yi gong fu wu tiao li	6
深圳市制定法规条例	shen zhen shi zhi ding fa gui tiao li	4
深圳市城市更新办法	shen zhen shi cheng shi geng xin ban fa	3
深层次矛盾	shen ceng ci mao dun	13
清偿抵充	qing chang di chong	4
清偿标的	qing chang biao di	4
清华大学法学院	qing hua da xue fa xue yuan	29
清华法律评论	qing hua fa lv ping lun	6
清朝法制史	qing chao fa zhi shi	1
清末四大奇案	qing mo si da qi an	4
清末预备立宪	qing mo yu bei li xian	6
清理整顿公司领导小组	qing li zheng dun gong si ling dao xiao zu	6
清算公司	qing suan gong si	6
清苑县公安局	qing yuan xian gong an ju	6
清远市法律援助处	qing yuan shi fa lv yuan zhu chu	2
渎职侵权检察科	du zhi qin quan jian cha ke	7
渎职侵权犯罪案件	du zhi qin quan fan zui an jian	12
渎职案	du zhi an	11
渔业用海	yu ye yong hai	6
渔业资源增殖保护费	yu ye zi yuan zeng zhi bao hu fei	9
渤海生物资源养护规定	bo hai sheng wu zi yuan yang hu gui ding	6
温莎诏令	wen sha zhao ling	2
港口作业	gang kou zuo ye	2
港口危险货物管理规定	gang kou wei xian huo wu guan li gui ding	5
港口合同	gang kou he tong	4
港口工程竣工验收办法	gang kou gong cheng jun gong yan shou ban fa	6
港口煤尘防治规定	gang kou mei chen fang zhi gui ding	3
港口经营管理规定	gang kou jing ying guan li gui ding	6
港口规划管理规定	gang kou gui hua guan li gui ding	5
港币发行权	gang bi fa xing quan	3
港澳台同胞	gang ao tai tong bao	8
游艇安全管理规定	you ting an quan guan li gui ding	4
湖北为维律师事务所	hu bei wei wei lv shi shi wu suo	8
湖北法院要案评析	hu bei fa yuan yao an ping xi	3
湖北省农村公路条例	hu bei sheng nong cun gong lu tiao li	5
湖南一星律师事务所	hu nan yi xing lv shi shi wu suo	8
湖南唯楚律师事务所	hu nan wei chu lv shi shi wu suo	5
湖南富强律师事务所	hu nan fu qiang lv shi shi wu suo	2
湖南崇民律师事务所	hu nan chong min lv shi shi wu suo	6
湖南挚友律师事务所	hu nan zhi you lv shi shi wu suo	5
湖南星邦律师事务所	hu nan xing bang lv shi shi wu suo	2
湖南湘剑律师事务所	hu nan xiang jian lv shi shi wu suo	6
湖南白泉律师事务所	hu nan bai quan lv shi shi wu suo	3
湖南省植物保护条例	hu nan sheng zhi wu bao hu tiao li	6
湖南莽源律师事务所	hu nan mang yuan lv shi shi wu suo	7
湖南麓和律师事务所	hu nan lu he lv shi shi wu suo	2
湖南龙溪律师事务所	hu nan long xi lv shi shi wu suo	2
溢价股	yi jia gu	8
滑坡灾害风险分析	hua po zai hai feng xian fen xi	3
滥伐林木罪	lan fa lin mu zui	10
滥用代理权	lan yong dai li quan	9
滥用市场支配地位	lan yong shi chang zhi pei di wei	4
滥用职权罪	lan yong zhi quan zui	43
漂流物	piao liu wu	6
漏洞层出	lou dong ceng chu	8
潜在投标人	qian zai tou biao ren	14
潜在资源	qian zai zi yuan	11
潜水医务保障	qian shui yi wu bao zhang	2
潜逃境外	qian tao jing wai	2
澳大利亚专利法	ao da li ya zhuan li fa	3
澳大利亚宪法	ao da li ya xian fa	9
澳大利亚法律发达史	ao da li ya fa lv fa da shi	2
澳大利亚联邦宪法	ao da li ya lian bang xian fa	2
澳门报告	ao men bao gao	1
澳门检察制度	ao men jian cha zhi du	3
澳门特别行政区基本法	ao men te bie xing zheng qu ji ben fa	11
澳门特别行政区驻军法	ao men te bie xing zheng qu zhu jun fa	7
澳门高等法院	ao men gao deng fa yuan	3
激冷效应	ji leng xiao ying	5
激情犯	ji qing fan	11
火灾保险	huo zai bao xian	27
火灾爆炸危险场所	huo zai bao zha wei xian chang suo	4
火灾责任事故认定	huo zai ze ren shi gu ren ding	3
炒楼黑名单	chao lou hei ming dan	2
烟台市福山区人民法院	yan tai shi fu shan qu ren min fa yuan	3
烟叶税暂行条例	yan ye shui zan xing tiao li	1
烟草专卖法	yan cao zhuan mai fa	4
烟草专卖法实施条例	yan cao zhuan mai fa shi shi tiao li	10
烟草专卖法律法规	yan cao zhuan mai fa lv fa gui	11
烟草总公司	yan cao zong gong si	13
热泵技术与应用	re beng ji shu yu ying yong	3
热风焊接法	re feng han jie fa	4
焦点网谈	jiao dian wang tan	11
煤炭出口配额管理办法	mei tan chu kou pei e guan li ban fa	6
煤炭工业局	mei tan gong ye ju	6
煤炭法	mei tan fa	12
煤炭经营监管办法	mei tan jing ying jian guan ban fa	7
煤矿工会	mei kuang gong hui	2
煽动颠覆国家政权罪	shan dong dian fu guo jia zheng quan zui	8
燕薪	yan xin	2
爆炸危险场所安全规定	bao zha wei xian chang suo an quan gui ding	6
爆炸罪	bao zha zui	6
爱尔兰自治法案	ai er lan zi zhi fa an	1
父母子女关系	fu mu zi nv guan xi	12
父母权	fu mu quan	10
片面共犯	pian mian gong fan	8
版式权	ban shi quan	7
版权侵权行为	ban quan qin quan xing wei	8
版权转让	ban quan zhuan rang	15
版权转让合同	ban quan zhuan rang he tong	1
牛文军	niu wen jun	6
牛津法律大辞典	niu jin fa lv da ci dian	1
牛津规则	niu jin gui ze	7
牛羊课	niu yang ke	4
牟取暴利	mou qu bao li	9
牟逍媛	mou xiao yuan	5
牡丹海航国际信用卡	mu dan hai hang guo ji xin yong ka	6
物上代位性	wu shang dai wei xing	8
物业服务企业	wu ye fu wu qi ye	2
物业服务收费管理办法	wu ye fu wu shou fei guan li ban fa	11
物业管理单位	wu ye guan li dan wei	4
物业管理法律规范	wu ye guan li fa lv gui fan	6
物业转移税	wu ye zhuan yi shui	5
物价管理体制	wu jia guan li ti zhi	1
物价管理制度	wu jia guan li zhi du	6
物品偷逃税款暂行办法	wu pin tou tao shui kuan zan xing ban fa	2
物权公示制度	wu quan gong shi zhi du	7
物权取得权	wu quan qu de quan	5
物权契约	wu quan qi yue	9
物权效力	wu quan xiao li	11
物权法研究	wu quan fa yan jiu	9
物权登记制度	wu quan deng ji zhi du	8
物权行为无因性	wu quan xing wei wu yin xing	2
物流信息系统规划	wu liu xin xi xi tong gui hua	6
物证检验报告等证据	wu zheng jian yan bao gao deng zheng ju	3
牵引溜放法	qian yin liu fang fa	3
牵连犯	qian lian fan	3
牵连管辖	qian lian guan xia	7
特别授权	te bie shou quan	4
特别授权立法	te bie shou quan li fa	5
特别权	te bie quan	12
特别权力关系	te bie quan li guan xi	10
特别检察厅副厅长	te bie jian cha ting fu ting zhang	5
特别法	te bie fa	42
特别法庭副庭长	te bie fa ting fu ting zhang	6
特别法庭庭长	te bie fa ting ting zhang	8
特别留置权	te bie liu zhi quan	4
特别累犯	te bie lei fan	8
特别规定	te bie gui ding	27
特别诉讼时效	te bie su song shi xiao	8
特别诉讼程序	te bie su song cheng xu	6
特别附加险	te bie fu jia xian	8
特大刑事案件	te da xing shi an jian	1
特定义务	te ding yi wu	1
特定之债	te ding zhi zhai	7
特定保险合同	te ding bao xian he tong	3
特定常规武器公约	te ding chang gui wu qi gong yue	8
特定时段交易操纵	te ding shi duan jiao yi cao zong	6
特定物	te ding wu	4
特定物之债	te ding wu zhi zhai	5
特定税收协定	te ding shui shou xie ding	4
特定行政行为	te ding xing zheng xing wei	5
特恩权	te en quan	6
特案减免	te an jian mian	7
特殊利益集团	te shu li yi ji tuan	7
特殊标志权	te shu biao zhi quan	6
特殊标志管理条例	te shu biao zhi guan li tiao li	2
特殊目的信托	te shu mu di xin tuo	7
特殊风险保险	te shu feng xian bao xian	6
特种劳动防护用品	te zhong lao dong fang hu yong pin	10
特种意外伤害保险合同	te zhong yi wai shang hai bao xian he tong	3
特种设备安全监察	te zhong she bei an quan jian cha	13
特种设备安全监察条例	te zhong she bei an quan jian cha tiao li	11
特许权使用费所得	te xu quan shi yong fei suo de	12
特许经营管理办法	te xu jing ying guan li ban fa	11
特鲁瓦条约	te lu wa tiao yue	9
犯罪中断	fan zui zhong duan	2
犯罪中止	fan zui zhong zhi	1
犯罪地点	fan zui di dian	1
犯罪客观方面	fan zui ke guan fang mian	1
犯罪客观要件	fan zui ke guan yao jian	7
犯罪情报分析	fan zui qing bao fen xi	1
犯罪手段	fan zui shou duan	6
犯罪未完成	fan zui wei wan cheng	7
犯罪未遂	fan zui wei sui	7
犯罪构成	fan zui gou cheng	2
犯罪构成客观方面	fan zui gou cheng ke guan fang mian	7
犯罪构成理论	fan zui gou cheng li lun	2
犯罪构成要件	fan zui gou cheng yao jian	2
犯罪目的	fan zui mu di	12
狂犬病防治技术规范	kuang quan bing fang zhi ji shu gui fan	5
独占实施权	du zhan shi shi quan	8
独占实施许可	du zhan shi shi xu ke	9
独占性许可合同	du zhan xing xu ke he tong	3
独占权	du zhan quan	4
独占许可	du zhan xu ke	11
独占许可协议	du zhan xu ke xie yi	5
独占许可证	du zhan xu ke zheng	7
独家代理合同	du jia dai li he tong	9
独家购买协议	du jia gou mai xie yi	6
独立承包合同	du li cheng bao he tong	3
独立核算工业企业	du li he suan gong ye qi ye	8
独立行使民事权利	du li xing shi min shi quan li	6
独资经营企业	du zi jing ying qi ye	1
狱内刑事案件立案标准	yu nei xing shi an jian li an biao zhun	2
猎捕量限额	lie bu liang xian e	6
环境与自然资源法	huan jing yu zi ran zi yuan fa	4
环境与资源保护法	huan jing yu zi yuan bao hu fa	1
环境与资源保护立法	huan jing yu zi yuan bao hu li fa	6
环境侵权救济法律制度	huan jing qin quan jiu ji fa lv zhi du	4
环境信息公开制度	huan jing xin xi gong kai zhi du	8
环境信访办法	huan jing xin fang ban fa	6
环境噪声污染防治法	huan jing zao sheng wu ran fang zhi fa	10
环境影响评价法	huan jing ying xiang ping jia fa	12
环境民事纠纷	huan jing min shi jiu fen	5
环境行政执法行为	huan jing xing zheng zhi fa xing wei	5
环境资源法论丛	huan jing zi yuan fa lun cong	5
现代产权制度	xian dai chan quan zhi du	13
现代企业制度	xian dai qi ye zhi du	11
现代奴隶制	xian dai nu li zhi	9
现代婚姻家庭经典案例	xian dai hun yin jia ting jing dian an li	3
现地法人	xian di fa ren	1
现场勘查学	xian chang kan cha xue	7
现场勘验	xian chang kan yan	11
现场检查制度	xian chang jian cha zhi du	7
现场监督公证	xian chang jian du gong zheng	9
现场笔录	xian chang bi lu	11
现收现付制	xian shou xian fu zhi	11
现行反革命犯	xian xing fan ge ming fan	7
现货交割	xian huo jiao ge	11
现货合约	xian huo he yue	10
现货库存认证	xian huo ku cun ren zheng	6
现货月份	xian huo yue fen	9
现金买卖	xian jin mai mai	8
现金价值	xian jin jia zhi	2
现金储备账户	xian jin chu bei zhang hu	6
现金流量贴现法	xian jin liu liang tie xian fa	6
现金管理暂行条例	xian jin guan li zan xing tiao li	10
玻璃小鞋	bo li xiao xie	6
珠海市人民检察院	zhu hai shi ren min jian cha yuan	8
珠海市土地管理条例	zhu hai shi tu di guan li tiao li	4
珠海市斗门区人民法院	zhu hai shi dou men qu ren min fa yuan	4
珠海市环境保护条例	zhu hai shi huan jing bao hu tiao li	5
理解价值定价法	li jie jia zhi ding jia fa	6
理论法学	li lun fa xue	3
理顺外贸体制	li shun wai mao ti zhi	2
瑕疵出资	xia ci chu zi	7
瑕疵出资股东	xia ci chu zi gu dong	5
瑕疵担保	xia ci dan bao	1
瑕疵担保责任	xia ci dan bao ze ren	11
瑕疵给付	xia ci gei fu	6
瑕疵证据	xia ci zheng ju	7
瑞典环境法	rui dian huan jing fa	2
瓶颈制约	ping jing zhi yue	14
甘肃省农作物种子条例	gan su sheng nong zuo wu zhong zi tiao li	5
生产资料市场管理条例	sheng chan zi liao shi chang guan li tiao li	6
生产销售伪劣产品罪	sheng chan xiao shou wei lie chan pin zui	8
生产销售伪劣商品罪	sheng chan xiao shou wei lie shang pin zui	6
生产销售劣药罪	sheng chan xiao shou lie yao zui	1
生前行为	sheng qian xing wei	2
生效判决裁定	sheng xiao pan jue cai ding	7
生效时间	sheng xiao shi jian	10
生效要件	sheng xiao yao jian	5
生死两全保险合同	sheng si liang quan bao xian he tong	2
用尽当地救济原则	yong jin dang di jiu ji yuan ze	4
用工制度	yong gong zhi du	2
用工单位	yong gong dan wei	2
用户故事	yong hu gu shi	5
用本民族语言进行诉讼	yong ben min zu yu yan jin xing su song	6
用电检查权	yong dian jian cha quan	3
由拥有	you yong you	44
甲醛中毒	jia quan zhong du	10
申请回避	shen qing hui bi	2
申请回避权	shen qing hui bi quan	9
电信安全	dian xin an quan	1
电信建设管理办法	dian xin jian she guan li ban fa	6
电信服务明码标价规定	dian xin fu wu ming ma biao jia gui ding	8
电信服务规范	dian xin fu wu gui fan	10
电力业务许可证制度	dian li ye wu xu ke zheng zhi du	5
电力企业信息报送规定	dian li qi ye xin xi bao song gui ding	6
电力企业信息披露规定	dian li qi ye xin xi pi lu gui ding	6
电力供应与使用条例	dian li gong ying yu shi yong tiao li	9
电力安全生产监管办法	dian li an quan sheng chan jian guan ban fa	5
电力市场监管办法	dian li shi chang jian guan ban fa	6
电力市场运营基本规则	dian li shi chang yun ying ji ben gui ze	7
电力监管信息公开办法	dian li jian guan xin xi gong kai ban fa	5
电子代理人	dian zi dai li ren	8
电子出版物管理规定	dian zi chu ban wu guan li gui ding	7
电子商务签名法	dian zi shang wu qian ming fa	3
电子支付指引	dian zi zhi fu zhi yin	10
电子版合同	dian zi ban he tong	6
电子签名人	dian zi qian ming ren	10
电子银行业务管理办法	dian zi yin hang ye wu guan li ban fa	9
电子银行安全评估指引	dian zi yin hang an quan ping gu zhi yin	8
电工入网证	dian gong ru wang zheng	5
电影审查规定	dian ying shen cha gui ding	6
电影导演方法	dian ying dao yan fang fa	2
电影法	dian ying fa	9
电梯应急指南	dian ti ying ji zhi nan	4
电磁辐射防护规定	dian ci fu she fang hu gui ding	8
电网运行规则	dian wang yun xing gui ze	5
电脑传票	dian nao chuan piao	5
电视剧审查管理规定	dian shi ju shen cha guan li gui ding	6
电视播音与主持	dian shi bo yin yu zhu chi	8
电视管理暂行办法	dian shi guan li zan xing ban fa	6
电视转播权	dian shi zhuan bo quan	4
电话计费	dian hua ji fei	11
界碑界桩	jie bei jie zhuang	4
留置调查法	liu zhi diao cha fa	2
登记主义	deng ji zhu yi	8
登记制度	deng ji zhi du	23
登记动产	deng ji dong chan	3
登记国	deng ji guo	2
登记地国	deng ji di guo	6
登记生效主义	deng ji sheng xiao zhu yi	9
登记移转	deng ji yi zhuan	5
登记过户	deng ji guo hu	12
登闻鼓院	deng wen gu yuan	6
白鹿洞规	bai lu dong gui	5
百分比合同	bai fen bi he tong	3
百度邮件新闻订阅	bai du you jian xin wen ding yue	6
皮下出血	pi xia chu xue	3
盆景作品	pen jing zuo pin	10
盈余公积金	ying yu gong ji jin	14
盐城市民政局	yan cheng shi min zheng ju	4
监守盗	jian shou dao	4
监狱经济体制改革研究	jian yu jing ji ti zhi gai ge yan jiu	4
监督体系	jian du ti xi	6
监督批评权	jian du pi ping quan	6
监督权	jian du quan	34
监督管理权限	jian du guan li quan xian	8
监视居住决定书	jian shi ju zhu jue ding shu	8
监视居住委托书	jian shi ju zhu wei tuo shu	2
盗伐林木罪	dao fa lin mu zui	10
盗打电话	dao da dian hua	10
盗掘古墓罪	dao jue gu mu zui	4
盗掘古墓葬罪	dao jue gu mu zang zui	8
盗窃枪支	dao qie qiang zhi	1
盗窃枪支弹药罪	dao qie qiang zhi dan yao zui	6
盗贼重法	dao zei zhong fa	6
目标作业法	mu biao zuo ye fa	2
目标成本计算法	mu biao cheng ben ji suan fa	4
目的犯	mu di fan	1
盲人协会	mang ren xie hui	4
盲人犯罪	mang ren fan zui	2
直接产权	zhi jie chan quan	5
直接代理	zhi jie dai li	12
直接侵权行为	zhi jie qin quan xing wei	8
直接利害关系人	zhi jie li hai guan xi ren	1
直接加害人	zhi jie jia hai ren	6
直接占有	zhi jie zhan you	11
直接因果关系	zhi jie yin guo guan xi	3
直接客体	zhi jie ke ti	10
直接承认	zhi jie cheng ren	12
直接报告业务	zhi jie bao gao ye wu	7
直接故意	zhi jie gu yi	5
直接法	zhi jie fa	12
直接言词原则	zhi jie yan ci yuan ze	8
直接调控	zhi jie tiao kong	2
直接调控方式向	zhi jie tiao kong fang shi xiang	2
直系血缘关系	zhi xi xue yuan guan xi	1
直线参谋制	zhi xian can mou zhi	5
直诉	zhi su	2
直诉制度	zhi su zhi du	6
直销法规知识解读	zhi xiao fa gui zhi shi jie du	2
直销计酬制度	zhi xiao ji chou zhi du	2
相关比率法	xiang guan bi lv fa	5
相对法律关系	xiang dui fa lv guan xi	8
相对确定性规范	xiang dui que ding xing gui fan	3
相对记载事项	xiang dui ji zai shi xiang	7
相对负刑事责任时期	xiang dui fu xing shi ze ren shi qi	4
相对集中行政处罚权	xiang dui ji zhong xing zheng chu fa quan	12
相应权益	xiang ying quan yi	10
省市自治区检察院	sheng shi zi zhi qu jian cha yuan	2
省议会暂行法	sheng yi hui zan xing fa	2
真正不作为犯	zhen zheng bu zuo wei fan	6
督查工作	du cha gong zuo	1
知名商品特有名称	zhi ming shang pin te you ming cheng	9
知识产权侵权民事救济	zhi shi chan quan qin quan min shi jiu ji	4
知识产权保护战略研究	zhi shi chan quan bao hu zhan lve yan jiu	4
知识产权保护范围	zhi shi chan quan bao hu fan wei	8
知识产权托管	zhi shi chan quan tuo guan	6
知识产权权利冲突	zhi shi chan quan quan li chong tu	8
知识产权民事保护	zhi shi chan quan min shi bao hu	3
知识产权法专业	zhi shi chan quan fa zhuan ye	6
知识产权海关保护条例	zhi shi chan quan hai guan bao hu tiao li	10
知识产权研究会	zhi shi chan quan yan jiu hui	3
知识产权经营	zhi shi chan quan jing ying	9
知识产权证券化	zhi shi chan quan zheng quan hua	7
知识产权请求权	zhi shi chan quan qing qiu quan	7
知识产权转让	zhi shi chan quan zhuan rang	1
知识产权转让合同	zhi shi chan quan zhuan rang he tong	3
知识产权间接侵权	zhi shi chan quan jian jie qin quan	4
知识薪酬	zhi shi xin chou	6
矫制矫诏	jiao zhi jiao zhao	2
矫正社会工作	jiao zheng she hui gong zuo	5
短期融资券管理办法	duan qi rong zi quan guan li ban fa	11
石家庄市行政执法条例	shi jia zhuang shi xing zheng zhi fa tiao li	2
石油和化学工业局	shi you he hua xue gong ye ju	2
石红英	shi hong ying	3
矿业权	kuang ye quan	9
矿业权利	kuang ye quan li	5
矿业权有偿取得	kuang ye quan you chang qu de	10
矿业权管理	kuang ye quan guan li	1
矿产资源所有权	kuang chan zi yuan suo you quan	9
研究生学籍管理规定	yan jiu sheng xue ji guan li gui ding	8
研究生法学	yan jiu sheng fa xue	7
破产债务人	po chan zhai wu ren	7
破产欺诈罪	po chan qi zha zui	5
破产终结	po chan zhong jie	4
破坏交通设备罪	po huai jiao tong she bei zui	6
破坏名胜古迹罪	po huai ming sheng gu ji zui	3
破坏性地震应急条例	po huai xing di zhen ying ji tiao li	8
破坏性采矿罪	po huai xing cai kuang zui	7
破坏永久性测量标志罪	po huai yong jiu xing ce liang biao zhi zui	3
破坏电力设备	po huai dian li she bei	12
破坏界碑界桩罪	po huai jie bei jie zhuang zui	2
破坏计算机信息系统罪	po huai ji suan ji xin xi xi tong zui	11
硬式谈判法	ying shi tan pan fa	4
硬贷款	ying dai kuan	9
硬预算约束	ying yu suan yue shu	7
确认不侵犯专利权诉讼	que ren bu qin fan zhuan li quan su song	3
社会主义公有制	she hui zhu yi gong you zhi	6
社会主义市场机制	she hui zhu yi shi chang ji zhi	7
社会主义法制理论读本	she hui zhu yi fa zhi li lun du ben	5
社会主义法律制定	she hui zhu yi fa lv zhi ding	6
社会主义法治国家	she hui zhu yi fa zhi guo jia	4
社会主义法治理念读本	she hui zhu yi fa zhi li nian du ben	3
社会互助	she hui hu zhu	12
社会互助制度	she hui hu zhu zhi du	6
社会优抚	she hui you fu	10
社会保险基金财务制度	she hui bao xian ji jin cai wu zhi du	7
社会保险稽核办法	she hui bao xian ji he ban fa	6
社会公德	she hui gong de	9
社会公知技术	she hui gong zhi ji shu	3
社会化用工	she hui hua yong gong	7
社会危害性	she hui wei hai xing	9
社会团体登记管理条例	she hui tuan ti deng ji guan li tiao li	11
社会在职人员	she hui zai zhi ren yuan	13
社会工作案例精选	she hui gong zuo an li jing xuan	2
社会工作者协会	she hui gong zuo zhe xie hui	10
社会文教支出	she hui wen jiao zhi chu	5
社会治安综合治理	she hui zhi an zong he zhi li	25
社会福利法	she hui fu li fa	1
社会集团购买力	she hui ji tuan gou mai li	10
社保公积金	she bao gong ji jin	8
社保政策	she bao zheng ce	11
社保转出程序	she bao zhuan chu cheng xu	2
社团产权	she tuan chan quan	5
祖父条款	zu fu tiao kuan	9
神州华茂	shen zhou hua mao	7
票据伪造	piao ju wei zao	8
票据承兑人	piao ju cheng dui ren	6
票据收款人	piao ju shou kuan ren	6
票据文句	piao ju wen ju	3
票据粘单	piao ju zhan dan	3
票据议付	piao ju yi fu	2
票面价额	piao mian jia e	5
禁止不当接触制度	jin zhi bu dang jie chu zhi du	2
禁止传销条例	jin zhi chuan xiao tiao li	2
禁止使用童工规定	jin zhi shi yong tong gong gui ding	10
禁止双重危险原则	jin zhi shuang chong wei xian yuan ze	5
禁止权利滥用原则	jin zhi quan li lan yong yuan ze	8
禁止流通物	jin zhi liu tong wu	8
禁止规范	jin zhi gui fan	8
禁止转让背书	jin zhi zhuan rang bei shu	4
禁止酷刑公约	jin zhi ku xing gong yue	10
禁止重复追究原则	jin zhi chong fu zhui jiu yuan ze	3
禁止非法使用武力	jin zhi fei fa shi yong wu li	4
禁治产宣告	jin zhi chan xuan gao	6
禁用标志	jin yong biao zhi	6
禁用集束炸弹公约	jin yong ji shu zha dan gong yue	4
福利分房制度	fu li fen fang zhi du	11
福州市除四害条例	fu zhou shi chu si hai tiao li	2
福建泉中律师事务所	fu jian quan zhong lv shi shi wu suo	10
福建省安全生产条例	fu jian sheng an quan sheng chan tiao li	4
离婚协议书	li hun xie yi shu	4
离婚法律问题指南	li hun fa lv wen ti zhi nan	4
离婚财产分割	li hun cai chan fen ge	1
私分罚没财产罪	si fen fa mei cai chan zui	3
私募法律	si mu fa lv	3
私放俘虏罪	si fang fu lu zui	5
私有产权	si you chan quan	6
私有财产权	si you cai chan quan	6
私有财产神圣不可侵犯	si you cai chan shen sheng bu ke qin fan	10
私立学校法	si li xue xiao fa	10
私自开拆	si zi kai chai	1
私自接受委托	si zi jie shou wei tuo	9
私营企业法	si ying qi ye fa	8
私营工商业	si ying gong shang ye	5
私营工商业者	si ying gong shang ye zhe	1
私营独资企业	si ying du zi qi ye	12
私闯民宅	si chuang min zhai	1
秋后问斩	qiu hou wen zhan	10
种子管理条例	zhong zi guan li tiao li	3
种族血缘	zhong zu xue yuan	5
种植业保险合同	zhong zhi ye bao xian he tong	2
种植制度	zhong zhi zhi du	1
科学技术工业委员会	ke xue ji shu gong ye wei yuan hui	13
科学技术普及法	ke xue ji shu pu ji fa	10
科托努协定	ke tuo nu xie ding	8
科研不端行为	ke yan bu duan xing wei	11
秘密拘捕	mi mi ju bu	7
秘密权行为	mi mi quan xing wei	3
秦伟立	qin wei li	3
秦半两	qin ban liang	3
秦希燕联合律师事务所	qin xi yan lian he lv shi shi wu suo	8
秩序维护员	zhi xu wei hu yuan	10
积极贿赂	ji ji hui lu	2
移植管理办法	yi zhi guan li ban fa	5
稀土领导小组	xi tu ling dao xiao zu	5
稀缺经济	xi que jing ji	8
程序违法	cheng xu wei fa	3
税务代理业务规程	shui wu dai li ye wu gui cheng	4
税务尽职调查	shui wu jin zhi diao cha	5
税务稽查报告	shui wu ji cha bao gao	8
税收代征人员	shui shou dai zheng ren yuan	3
税收优惠政策	shui shou you hui zheng ce	5
税收保全措施	shui shou bao quan cuo shi	12
税收单行法	shui shou dan xing fa	5
税收回报理论	shui shou hui bao li lun	4
税收强制执行制度	shui shou qiang zhi zhi xing zhi du	2
税收强制执行措施	shui shou qiang zhi zhi xing cuo shi	9
税收征收管理法	shui shou zheng shou guan li fa	1
税收执法检查规则	shui shou zhi fa jian cha gui ze	5
税收撤销权	shui shou che xiao quan	7
税收救济权	shui shou jiu ji quan	2
税收救济法	shui shou jiu ji fa	6
税收档板	shui shou dang ban	4
税收激励效应	shui shou ji li xiao ying	4
税收程序性权利	shui shou cheng xu xing quan li	6
税收管理权限	shui shou guan li quan xian	10
税收规范性文件	shui shou gui fan xing wen jian	10
税收课征权	shui shou ke zheng quan	3
税种登记	shui zhong deng ji	9
稳心高度	wen xin gao du	30
稳步增长	wen bu zeng zhang	21
穆斯林发展中八国集团	mu si lin fa zhan zhong ba guo ji tuan	4
空地税	kong di shui	2
空壳公司	kong ke gong si	34
空头转帐支票	kong tou zhuan zhang zhi piao	5
空姐溶尸案	kong jie rong shi an	3
空床费	kong chuang fei	11
空气空间	kong qi kong jian	1
空港服务	kong gang fu wu	2
空白背书	kong bai bei shu	10
空舱费	kong cang fei	7
空间效力	kong jian xiao li	9
空间效力范围	kong jian xiao li fan wei	6
空间权	kong jian quan	11
空间物体登记管理办法	kong jian wu ti deng ji guan li ban fa	4
空防安全	kong fang an quan	1
突发事件典型案例汇编	tu fa shi jian dian xing an li hui bian	3
突发事件应对法	tu fa shi jian ying dui fa	13
突发公共事件管理	tu fa gong gong shi jian guan li	8
窃照专用器材罪	qie zhao zhuan yong qi cai zui	6
窃电	qie dian	15
窃盗赃	qie dao zang	3
窑灰	yao hui	1
立即撤销委托	li ji che xiao wei tuo	2
立法宗旨	li fa zong zhi	4
站笼	zhan long	1
竞业禁止	jing ye jin zhi	6
竞业禁止合同	jing ye jin zhi he tong	8
章服制度	zhang fu zhi du	7
竺农范	zhu nong fan	4
笑刑	xiao xing	9
第一付款责任	di yi fu kuan ze ren	7
第一代独生子女	di yi dai du sheng zi nv	12
第一危险保险	di yi wei xian bao xian	2
第一女子侦探事务所	di yi nv zi zhen tan shi wu suo	4
第一审刑事判决书	di yi shen xing shi pan jue shu	7
第一审程序	di yi shen cheng xu	11
第一批异体字整理表	di yi pi yi ti zi zheng li biao	8
第一法律门户	di yi fa lv men hu	3
第一顺位继承人	di yi shun wei ji cheng ren	9
第一顺序继承人	di yi shun xu ji cheng ren	2
第三人侵害债权	di san ren qin hai zhai quan	9
第三人清偿	di san ren qing chang	6
第三人过错行为	di san ren guo cuo xing wei	3
第二审刑事判决书	di er shen xing shi pan jue shu	5
第二次答辩	di er ci da bian	7
第六次全国人口普查	di liu ci quan guo ren kou pu cha	5
第四次宪法修正案	di si ci xian fa xiu zheng an	6
等价有偿原则	deng jia you chang yuan ze	10
等同物替换	deng tong wu ti huan	5
签章	qian zhang	40
签订日期	qian ding ri qi	3
简单权益法	jian dan quan yi fa	6
管制刀具	guan zhi dao ju	22
粘性增值	nian xing zeng zhi	4
粤汉川汉铁路借款合同	yue han chuan han tie lu jie kuan he tong	3
粮食收购保护价	liang shi shou gou bao hu jia	8
粮食流通监督检查	liang shi liu tong jian du jian cha	11
精神抚慰金	jing shen fu wei jin	9
精神药品罪	jing shen yao pin zui	7
精神药物公约	jing shen yao wu gong yue	5
精神药物进出口准许证	jing shen yao wu jin chu kou zhun xu zheng	2
精神错乱辩护	jing shen cuo luan bian hu	6
精神障碍与犯罪	jing shen zhang ai yu fan zui	5
精神障碍者	jing shen zhang ai zhe	6
系统性金融危机	xi tong xing jin rong wei ji	7
索赔时效	suo pei shi xiao	1
红十字会法	hong shi zi hui fa	11
红十字标志使用办法	hong shi zi biao zhi shi yong ban fa	7
纤维检验	xian wei jian yan	12
约定回购	yue ding hui gou	8
约定条款内容	yue ding tiao kuan nei rong	4
约定解除	yue ding jie chu	11
约定财产制	yue ding cai chan zhi	1
约定违约金	yue ding wei yue jin	12
约束性保护	yue shu xing bao hu	4
纪检监察信访工作	ji jian jian cha xin fang gong zuo	9
纳税影响法	na shui ying xiang fa	7
纵向垄断协议	zong xiang long duan xie yi	7
纵联品牌法	zong lian pin pai fa	2
纸币流通规律	zhi bi liu tong gui lv	7
纺织品与服装协议	fang zhi pin yu fu zhuang xie yi	9
纺织品出口管理办法	fang zhi pin chu kou guan li ban fa	9
纽约公约	niu yue gong yue	10
纽约市立大学皇后学院	niu yue shi li da xue huang hou xue yuan	6
纽约金属交易所	niu yue jin shu jiao yi suo	6
组织健康报告法	zu zhi jian kang bao gao fa	2
组织越狱罪	zu zhi yue yu zui	7
终局行政行为	zhong ju xing zheng xing wei	4
终局裁决	zhong ju cai jue	11
终止劳动合同协议书	zhong zhi lao dong he tong xie yi shu	3
终止权	zhong zhi quan	12
终止生效时间	zhong zhi sheng xiao shi jian	2
终止用电	zhong zhi yong dian	7
终结执行	zhong jie zhi xing	3
终结罪恶	zhong jie zui e	7
经常性贷款	jing chang xing dai kuan	3
经常账户可兑换	jing chang zhang hu ke dui huan	3
经济体制改革委员会	jing ji ti zhi gai ge wei yuan hui	13
经济公益诉讼	jing ji gong yi su song	7
经济合作合同	jing ji he zuo he tong	7
经济合同仲裁委员会	jing ji he tong zhong cai wei yuan hui	9
经济合同法	jing ji he tong fa	13
经济合同法律关系	jing ji he tong fa lv guan xi	2
经济帮助	jing ji bang zhu	3
经济建设支出	jing ji jian she zhi chu	9
经济承受能力	jing ji cheng shou neng li	3
经济技术合作协定	jing ji ji shu he zuo xie ding	3
经济担保	jing ji dan bao	14
经济指标体系	jing ji zhi biao ti xi	8
经济案件级别管辖	jing ji an jian ji bie guan xia	4
经济检察	jing ji jian cha	6
经济法专业	jing ji fa zhuan ye	29
经济法主体研究	jing ji fa zhu ti yan jiu	3
经济法制手段	jing ji fa zhi shou duan	4
经济法学家	jing ji fa xue jia	13
经济法律行为	jing ji fa lv xing wei	7
经济法理论的重构	jing ji fa li lun de chong gou	1
经济法规研究中心	jing ji fa gui yan jiu zhong xin	2
经济法论丛	jing ji fa lun cong	2
经济犯罪案件	jing ji fan zui an jian	4
经济监督	jing ji jian du	2
经济等检察厅	jing ji deng jian cha ting	2
经济管理权	jing ji guan li quan	4
经济解释	jing ji jie shi	3
经济警察制度	jing ji jing cha zhi du	2
经济贸易办公室	jing ji mao yi ban gong shi	2
经研究	jing yan jiu	48
经营保险业务许可证	jing ying bao xian ye wu xu ke zheng	11
经营信息	jing ying xin xi	4
经营判断规则	jing ying pan duan gui ze	6
经营权租赁	jing ying quan zu lin	7
经营权转让	jing ying quan zhuan rang	9
经营自主权	jing ying zi zhu quan	1
经营许可证	jing ying xu ke zheng	28
结婚生育法律问题指南	jie hun sheng yu fa lv wen ti zhi nan	4
结婚登记颁证制度	jie hun deng ji ban zheng zhi du	6
结构价格	jie gou jia ge	9
结构优化	jie gou you hua	10
结构化产品	jie gou hua chan pin	10
结构化信托业务	jie gou hua xin tuo ye wu	3
结构失调	jie gou shi tiao	11
结构性矛盾突出	jie gou xing mao dun tu chu	13
结构扭曲	jie gou niu qu	1
结构票	jie gou piao	5
结构调整政策	jie gou tiao zheng zheng ce	2
结果加重犯	jie guo jia zhong fan	2
结核病防治管理办法	jie he bing fang zhi guan li ban fa	5
结清债权债务	jie qing zhai quan zhai wu	8
结算会员制度	jie suan hui yuan zhi du	7
绕规模贷款	rao gui mo dai kuan	5
绘画颜料与色彩指南	hui hua yan liao yu se cai zhi nan	2
给付性保险合同	ji fu xing bao xian he tong	3
给农民朋友讲刑法	gei nong min peng you jiang xing fa	3
绝对不定期刑	jue dui bu ding qi xing	5
绝对不能犯	jue dui bu neng fan	1
绝对保留事项	jue dui bao liu shi xiang	4
绝对剩余价值生产	jue dui sheng yu jia zhi sheng chan	8
绝对必要事项	jue dui bi yao shi xiang	3
绝对法律行为	jue dui fa lv xing wei	4
统一代码标识制度	tong yi dai ma biao zhi zhi du	7
统一会计制度	tong yi kuai ji zhi du	11
统一全国税政	tong yi quan guo shui zheng	1
统一实体规范	tong yi shi ti gui fan	6
统一汇票本票法公约	tong yi hui piao ben piao fa gong yue	4
统计执法检查规定	tong ji zhi fa jian cha gui ding	6
统计法实施细则	tong ji fa shi shi xi ze	9
统计监督职能	tong ji jian du zhi neng	5
统计调查证管理办法	tong ji diao cha zheng guan li ban fa	5
统配煤矿总公司	tong pei mei kuang zong gong si	1
继子女关系	ji zi nv guan xi	7
继承恢复请求权	ji cheng hui fu qing qiu quan	7
继承既得权	ji cheng ji de quan	3
继承法比较研究	ji cheng fa bi jiao yan jiu	2
继承纠纷维权必备	ji cheng jiu fen wei quan bi bei	4
继承纠纷锦囊	ji cheng jiu fen jin nang	4
继承遗产	ji cheng yi chan	14
继父母	ji fu mu	2
继父母子女关系	ji fu mu zi nv guan xi	8
绩效考核制度	ji xiao kao he zhi du	13
绩效问责制	ji xiao wen ze zhi	5
续展注册商标公告	xu zhan zhu ce shang biao gong gao	3
维也纳条约法公约	wei ye na tiao yue fa gong yue	4
维护尊严权	wei hu zun yan quan	6
维护社会公平正义	wei hu she hui gong ping zheng yi	13
维护科学尊严	wei hu ke xue zun yan	7
维持判决	wei chi pan jue	2
维持原判决	wei chi yuan pan jue	6
维斯比规则	wei si bi gui ze	9
维权与信访	wei quan yu xin fang	2
维权成本	wei quan cheng ben	1
维特伯爵回忆录	wei te bo jue hui yi lu	3
综合效益指标	zong he xiao yi zhi biao	7
综合管理类职位	zong he guan li lei zhi wei	11
综合计算工时制	zong he ji suan gong shi zhi	10
绿色产业与绿色产业法	lv se chan ye yu lv se chan ye fa	2
绿色市场认证实施规则	lv se shi chang ren zheng shi shi gui ze	5
绿色食品认证	lv se shi pin ren zheng	13
缅甸公司法	mian dian gong si fa	2
缔约权	di yue quan	8
缔约过失	di yue guo shi	13
缔约过失责任	di yue guo shi ze ren	12
缔结条约程序法	di jie tiao yue cheng xu fa	1
编辑作品	bian ji zuo pin	10
编辑工作手册	bian ji gong zuo shou ce	4
编辑权	bian ji quan	3
缘坐	yuan zuo	1
缘法而治	yuan fa er zhi	6
缺乏后劲	que fa hou jin	1
缺席判决	que xi pan jue	1
缺席审判	que xi shen pan	34
网盟营销	wang meng ying xiao	4
网站侵权	wang zhan qin quan	5
网络传播权	wang luo chuan bo quan	8
网络传播法律问题研究	wang luo chuan bo fa lv wen ti yan jiu	3
网络信用卡诈骗犯罪	wang luo xin yong ka zha pian fan zui	4
网络发言人	wang luo fa yan ren	10
网络后台实名制	wang luo hou tai shi ming zhi	2
网络安全法	wang luo an quan fa	26
网络文化经营许可证	wang luo wen hua jing ying xu ke zheng	13
网络法律制度	wang luo fa lv zhi du	4
网络犯罪	wang luo fan zui	16
网络犯罪公约	wang luo fan zui gong yue	1
网络知识产权法律保护	wang luo zhi shi chan quan fa lv bao hu	4
网络著作权侵权	wang luo zhu zuo quan qin quan	9
网络购物维权	wang luo gou wu wei quan	3
网络赌博	wang luo du bo	5
罗马法与现代民法	luo ma fa yu xian dai min fa	6
罚未遂	fa wei sui	6
罚没收入	fa mo shou ru	2
罢工权	ba gong quan	11
罪刑相适应原则	zui xing xiang shi ying yuan ze	2
罪犯英雄化	zui fan ying xiong hua	3
罪责自负原则	zui ze zi fu yuan ze	7
置业安居法律知识问答	zhi ye an ju fa lv zhi shi wen da	5
羁押制度与人权保障	ji ya zhi du yu ren quan bao zhang	3
美国专利法	mei guo zhuan li fa	2
美国住房政策	mei guo zhu fang zheng ce	7
美国刑事诉讼中的辩护	mei guo xing shi su song zhong de bian hu	2
美国劳动雇佣法	mei guo lao dong gu yong fa	4
美国史上的市场与法律	mei guo shi shang de shi chang yu fa lv	2
美国宪法第一章	mei guo xian fa di yi zhang	5
美国政府道德法	mei guo zheng fu dao de fa	3
美国最高法院内幕	mei guo zui gao fa yuan nei mu	3
美国枪支法	mei guo qiang zhi fa	1
美国法律呼悠谈	mei guo fa lv hu you tan	2
美国法律概况	mei guo fa lv gai kuang	3
美国法律英语	mei guo fa lv ying yu	2
美国法律辞典	mei guo fa lv ci dian	6
美国法的变迁	mei guo fa de bian qian	3
美国犯罪现场鉴	mei guo fan zui xian chang jian	5
美国电力市场	mei guo dian li shi chang	6
美国签证新政策	mei guo qian zheng xin zheng ce	2
美国红十字会	mei guo hong shi zi hui	17
美国联邦应急管理局	mei guo lian bang ying ji guan li ju	7
美国联邦最高法院判例	mei guo lian bang zui gao fa yuan pan li	5
美国非农就业指数	mei guo fei nong jiu ye zhi shu	5
美术品经营管理办法	mei shu pin jing ying guan li ban fa	6
翘尾因素	qiao wei yin su	13
翡翠分级标准	fei cui fen ji biao zhun	5
翻译人员	fan yi ren yuan	14
翻译名义集	fan yi ming yi ji	3
老旧运输船舶管理规定	lao jiu yun shu chuan bo guan li gui ding	7
老百姓法定权利指南	lao bai xing fa ding quan li zhi nan	5
老龄委	lao ling wei	2
考试法	kao shi fa	13
耕地占用税	geng di zhan yong shui	21
耕地占补平衡考核办法	geng di zhan bu ping heng kao he ban fa	8
聊城市中级人民法院	liao cheng shi zhong ji ren min fa yuan	8
职业健康与安全	zhi ye jian kang yu an quan	2
职业健康检查管理办法	zhi ye jian kang jian cha guan li ban fa	3
职业分工	zhi ye fen gong	1
职业医闹	zhi ye yi nao	10
职业安全健康管理制度	zhi ye an quan jian kang guan li zhi du	4
职业安全卫生	zhi ye an quan wei sheng	34
职业年金制度	zhi ye nian jin zhi du	7
职业技能鉴定证书	zhi ye ji neng jian ding zheng shu	8
职业特权	zhi ye te quan	7
职业犯	zhi ye fan	10
职业生涯管理制度	zhi ye sheng ya guan li zhi du	4
职业病伤残鉴定与赔偿	zhi ye bing shang can jian ding yu pei chang	2
职业病防治法	zhi ye bing fang zhi fa	13
职业责任保险合同	zhi ye ze ren bao xian he tong	3
职业责任险	zhi ye ze ren xian	10
职业道德与法律基础	zhi ye dao de yu fa lv ji chu	3
职业道德和法律法规	zhi ye dao de he fa lv fa gui	6
职业道德评价	zhi ye dao de ping jia	8
职业银行家	zhi ye yin hang jia	1
职位聘任	zhi wei pin ren	9
职务作品	zhi wu zuo pin	12
职务侵占	zhi wu qin zhan	10
职务侵占罪	zhi wu qin zhan zui	15
职务侵权	zhi wu qin quan	9
职务侵权行为	zhi wu qin quan xing wei	7
职务犯罪举报工作	zhi wu fan zui ju bao gong zuo	6
职务犯罪面面观	zhi wu fan zui mian mian guan	2
职务犯罪预防战略研究	zhi wu fan zui yu fang zhan lve yan jiu	3
职务行为	zhi wu xing wei	6
职工医疗费用	zhi gong yi liao fei yong	9
职工教育管理委员会	zhi gong jiao yu guan li wei yuan hui	6
职工董事制度	zhi gong dong shi zhi du	7
职权主义诉讼模式	zhi quan zhu yi su song mo shi	9
职权主义诉讼结构	zhi quan zhu yi su song jie gou	6
职权原则	zhi quan yuan ze	7
职称英语考试政策	zhi cheng ying yu kao shi zheng ce	5
职能管辖	zhi neng guan xia	8
职能转换	zhi neng zhuan huan	2
联合兼并	lian he jian bing	11
联合国千年首脑会议	lian he guo qian nian shou nao hui yi	9
联合国海洋法公约	lian he guo hai yang fa gong yue	31
联合国裁军审议委员会	lian he guo cai jun shen yi wei yuan hui	6
联合国贸易法委员会	lian he guo mao yi fa wei yuan hui	7
联营协议	lian ying xie yi	10
联邦成员法	lian bang cheng yuan fa	5
联邦水污染控制法	lian bang shui wu ran kong zhi fa	5
联邦贸易委员会法	lian bang mao yi wei yuan hui fa	8
聚众冲击军事禁区罪	ju zhong chong ji jun shi jin qu zui	5
聚众冲击国家机关罪	ju zhong chong ji guo jia ji guan zui	10
聚众扰乱交通秩序罪	ju zhong rao luan jiao tong zhi xu zui	8
聚众持械劫狱罪	ju zhong chi xie jie yu zui	6
聚众斗殴	ju zhong dou ou	10
聚众斗殴罪	ju zhong dou ou zui	6
肖像权纠纷	xiao xiang quan jiu fen	9
肖君拥	xiao jun yong	4
肖小勇	xiao xiao yong	1
肖建国	xiao jian guo	4
肖永平论冲突法	xiao yong ping lun chong tu fa	2
股东代位诉讼	gu dong dai wei su song	8
股东大会议事规则	gu dong da hui yi shi gui ze	15
股东总回报	gu dong zong hui bao	8
股份制企业	gu fen zhi qi ye	25
股份合作企业	gu fen he zuo qi ye	1
股市断头	gu shi duan tou	3
股市泡沫论	gu shi pao mo lun	10
股改承诺	gu gai cheng nuo	14
股权典当	gu quan dian dang	5
股权回购请求权	gu quan hui gou qing qiu quan	5
股权执行	gu quan zhi xing	1
股权收购合同	gu quan shou gou he tong	7
股权转让款	gu quan zhuan rang kuan	14
股权转让纠纷	gu quan zhuan rang jiu fen	1
股权过户登记	gu quan guo hu deng ji	10
股票交易印花税	gu piao jiao yi yin hua shui	13
股票升值权	gu piao sheng zhi quan	6
股票发行核准制	gu piao fa xing he zhun zhi	8
股票发行注册制	gu piao fa xing zhu ce zhi	2
股票回购	gu piao hui gou	1
股票指数期货期权	gu piao zhi shu qi huo qi quan	4
育婴假	yu ying jia	8
胁从犯	xie cong fan	11
胁迫行为	xie po xing wei	5
背书不连续	bei shu bu lian xu	8
背书转让	bei shu zhuan rang	13
胡惟庸案	hu wei yong an	3
胡文坚	hu wen jian	5
能源供应合同	neng yuan gong ying he tong	5
能源委员会	neng yuan wei yuan hui	20
能源宪章条约	neng yuan xian zhang tiao yue	7
能源效率标识管理办法	neng yuan xiao lv biao zhi guan li ban fa	9
能源标准化管理办法	neng yuan biao zhun hua guan li ban fa	2
能源管理法	neng yuan guan li fa	1
脑死亡与器官移植	nao si wang yu qi guan yi zhi	4
脱媒现象	tuo mei xian xiang	9
脱户漏口	tuo hu lou kou	3
自为行为	zi wei xing wei	3
自保权	zi bao quan	6
自动出口限制	zi dong chu kou xian zhi	7
自动弃权行为	zi dong qi quan xing wei	4
自动投案	zi dong tou an	3
自发性负债	zi fa xing fu zhai	6
自发辩证法	zi fa bian zheng fa	6
自告	zi gao	3
自己代理	zi ji dai li	12
自己代理行为	zi ji dai li xing wei	5
自愿保险	zi yuan bao xian	10
自愿保险合同	zi yuan bao xian he tong	3
自愿出口配额	zi yuan chu kou pei e	3
自愿协议	zi yuan xie yi	1
自愿行为	zi yuan xing wei	4
自愿辞职	zi yuan ci zhi	10
自我检讨	zi wo jian tao	6
自执行条约	zi zhi xing tiao yue	5
自拆自建	zi chai zi jian	8
自救行为	zi jiu xing wei	2
自救行为论	zi jiu xing wei lun	2
自治机关	zi zhi ji guan	4
自然资源国家所有权	zi ran zi yuan guo jia suo you quan	4
自然资源法学	zi ran zi yuan fa xue	4
自然遗产保护法研究	zi ran yi chan bao hu fa yan jiu	2
自由文档许可证	zi you wen dang xu ke zheng	2
自行回避	zi xing hui bi	3
自行拆迁	zi xing chai qian	1
自行组织招标	zi xing zu zhi zhao biao	8
自行辩护	zi xing bian hu	1
自贡市司法局	zi gong shi si fa ju	4
自贡市法律援助中心	zi gong shi fa lv yuan zhu zhong xin	2
自费出版	zi fei chu ban	44
自适应加权式	zi shi ying jia quan shi	3
舆论监督权	yu lun jian du quan	1
舌战羊皮卷	she zhan yang pi juan	3
舞弊侦查技巧与策略	wu bi zhen cha ji qiao yu ce lve	2
航海日程表	hang hai ri cheng biao	2
航班超售	hang ban chao shou	1
航空安全管理	hang kong an quan guan li	1
航空旅客权益保护	hang kong lv ke quan yi bao hu	2
航空管理公约	hang kong guan li gong yue	4
航空货物运输合同	hang kong huo wu yun shu he tong	8
航空货运代理	hang kong huo yun dai li	11
航空货运单	hang kong huo yun dan	11
航空黑名单	hang kong hei ming dan	4
舱口围板	cang kou wei ban	6
船东互保协会	chuan dong hu bao xie hui	9
船员劳务合同	chuan yuan lao wu he tong	7
船员服务管理规定	chuan yuan fu wu guan li gui ding	4
船舶优先权催告	chuan bo you xian quan cui gao	9
船舶保险单	chuan bo bao xian dan	6
船舶吨位	chuan bo dun wei	5
船舶油污应急计划	chuan bo you wu ying ji ji hua	4
船舶登记证书	chuan bo deng ji zheng shu	9
船舶经营管理	chuan bo jing ying guan li	6
船舶维修费	chuan bo wei xiu fei	4
船舶营运费用	chuan bo ying yun fei yong	4
良好操作规范	liang hao cao zuo gui fan	9
艰难与希望	jian nan yu xi wang	4
艺术法概要	yi shu fa gai yao	2
艾滋病离我们有多远	ai zi bing li wo men you duo yuan	9
艾滋病防治条例	ai zi bing fang zhi tiao li	1
节约用水制度	jie yue yong shui zhi du	5
节约能源法	jie yue neng yuan fa	14
节约能源管理暂行条例	jie yue neng yuan guan li zan xing tiao li	6
芝加哥公约	zhi jia ge gong yue	3
芦映	lu ying	5
芦汉铁路借款合同	lu han tie lu jie kuan he tong	4
苏州市公墓管理办法	su zhou shi gong mu guan li ban fa	5
苏州市古村落保护办法	su zhou shi gu cun luo bao hu ban fa	5
苏悉地法	su xi di fa	3
苏泊尔并购案	su po er bing gou an	10
苏芬友好合作互助条约	su fen you hao he zuo hu zhu tiao yue	2
苏锦梁	su jin liang	16
苗疆事宜	miao jiang shi yi	3
英吉利法研究	ying ji li fa yan jiu	3
英国侵权法	ying guo qin quan fa	5
英国信托法	ying guo xin tuo fa	6
英国信托法原理与判例	ying guo xin tuo fa yuan li yu pan li	3
英国刑事诉讼程序	ying guo xing shi su song cheng xu	5
英国商标注册	ying guo shang biao zhu ce	6
英国大宪章	ying guo da xian zhang	1
英国普通法制度之旅	ying guo pu tong fa zhi du zhi lv	3
英国最高法院	ying guo zui gao fa yuan	47
英国枢密院	ying guo shu mi yuan	49
英国法律发达史	ying guo fa lv fa da shi	1
英国法院系统	ying guo fa yuan xi tong	3
英国海上保险条款详论	ying guo hai shang bao xian tiao kuan xiang lun	3
英国违宪审查	ying guo wei xian shen cha	5
英国陆军法	ying guo lu jun fa	3
英文合同	ying wen he tong	10
英法协约	ying fa xie yue	2
英美司法制度	ying mei si fa zhi du	5
英美商事法	ying mei shang shi fa	2
英美法系	ying mei fa xi	41
英荷条约	ying he tiao yue	9
英语现场导游辞	ying yu xian chang dao you ci	3
范长江新闻奖	fan chang jiang xin wen jiang	2
茧丝质量监督管理办法	jian si zhi liang jian du guan li ban fa	5
草原监理人员行为准则	cao yuan jian li ren yuan xing wei zhun ze	2
药事法	yao shi fa	12
药事法学	yao shi fa xue	3
药事管理与法规	yao shi guan li yu fa gui	11
药事管理学	yao shi guan li xue	10
药品上市许可人制度	yao pin shang shi xu ke ren zhi du	3
药品与医疗器械	yao pin yu yi liao qi xie	7
药品临床试验管理规范	yao pin lin chuang shi yan guan li gui fan	8
药品使用单位	yao pin shi yong dan wei	9
药品加工出口管理规定	yao pin jia gong chu kou guan li gui ding	2
药品加成率	yao pin jia cheng lv	8
药品召回管理办法	yao pin zhao hui guan li ban fa	10
药品差比价规则	yao pin cha bi jia gui ze	10
药品广告审查办法	yao pin guang gao shen cha ban fa	11
药品广告审查发布标准	yao pin guang gao shen cha fa bu biao zhun	10
药品流通监督管理办法	yao pin liu tong jian du guan li ban fa	10
药品管制	yao pin guan zhi	9
药品管理法	yao pin guan li fa	23
药品管理法实施条例	yao pin guan li fa shi shi tiao li	11
药品经营质量管理规范	yao pin jing ying zhi liang guan li gui fan	12
药品行政保护	yao pin xing zheng bao hu	1
药政管理条例	yao zheng guan li tiao li	5
药检站	yao jian zhan	4
药物分析实验方法学	yao wu fen xi shi yan fang fa xue	2
莫小莎	mo xiao sha	2
莫急于盗贼	mo ji yu dao zei	7
莫桑比克共和国议会	mo sang bi ke gong he guo yi hui	5
莫虎	mo hu	1
莱茵河航行公约	lai yin he hang xing gong yue	3
获得报酬权	huo de bao chou quan	11
菲迪克	fei di ke	1
营业员上岗证	ying ye yuan shang gang zheng	9
营业性演出管理条例	ying ye xing yan chu guan li tiao li	11
营业权论	ying ye quan lun	2
营业犯	ying ye fan	3
营业秘密	ying ye mi mi	8
营业税暂行条例	ying ye shui zan xing tiao li	3
营业税条例	ying ye shui tiao li	1
营养工作规范	ying yang gong zuo gui fan	2
营利性治沙管理办法	ying li xing zhi sha guan li ban fa	4
营利性法人	ying li xing fa ren	2
营利法人	ying li fa ren	9
营利犯	ying li fan	4
营利目的	ying li mu di	11
萧何定律	xiao he ding lv	6
著作权与邻接权	zhu zuo quan yu lin jie quan	6
著作权交易市场	zhu zuo quan jiao yi shi chang	3
著作权使用费	zhu zuo quan shi yong fei	10
著作权侵权	zhu zuo quan qin quan	18
著作权侵权行为	zhu zuo quan qin quan xing wei	1
著作权国际公约	zhu zuo quan guo ji gong yue	5
著作权强制许可	zhu zuo quan qiang zhi xu ke	2
著作权法实施条例	zhu zuo quan fa shi shi tiao li	11
著作权许可使用合同	zhu zuo quan xu ke shi yong he tong	9
著作权转让合同	zhu zuo quan zhuan rang he tong	9
葡萄酒分级制度	pu tao jiu fen ji zhi du	1
董事会会议制度	dong shi hui hui yi zhi du	7
董事会召开程序	dong shi hui zhao kai cheng xu	6
董事会授权	dong shi hui shou quan	1
董事会权限	dong shi hui quan xian	10
董事解任	dong shi jie ren	3
葫芦牌	hu lu pai	6
蒋有才	jiang you cai	5
蒙古国刑法典	meng gu guo xing fa dian	4
蓬溪县农业局	peng xi xian nong ye ju	4
蔺存宝	lin cun bao	6
薪酬等级制度	xin chou deng ji zhi du	5
藐视法庭罪	miao shi fa ting zui	30
蘑菇定律	mo gu ding lv	10
虐待动物罪	nve dai dong wu zui	2
虐待罪	nve dai zui	4
虚伪意思表示	xu wei yi si biao shi	6
虚假存单	xu jia cun dan	7
虚假广告	xu jia guang gao	20
虚假广告罪	xu jia guang gao zui	1
虚假广告行为	xu jia guang gao xing wei	9
虚功实做	xu gong shi zuo	9
虚开增值税专用发票罪	xu kai zeng zhi shui zhuan yong fa piao zui	11
虚开增值税发票	xu kai zeng zhi shui fa piao	12
虚开增值税发票罪	xu kai zeng zhi shui fa piao zui	8
虚报注册资本罪	xu bao zhu ce zi ben zui	1
虚构事实	xu gou shi shi	6
虚构事实诈骗他人钱财	xu gou shi shi zha pian ta ren qian cai	2
蚕种管理办法	can zhong guan li ban fa	7
融资融券合同必备条款	rong zi rong quan he tong bi bei tiao kuan	8
血吸虫病防治条例	xue xi chong bing fang zhi tiao li	1
血族复仇	xue zu fu chou	8
血液制品管理条例	xue ye zhi pin guan li tiao li	9
血站管理办法	xue zhan guan li ban fa	9
血站管理暂行办法	xue zhan guan li zan xing ban fa	2
血缘婚	xue yuan hun	1
血铅临床检验技术规范	xue qian lin chuang jian yan ji shu gui fan	4
行为判定	xing wei pan ding	9
行为地法	xing wei di fa	11
行为性质错误	xing wei xing zhi cuo wu	3
行为手段	xing wei shou duan	1
行为法学派	xing wei fa xue pai	2
行为犯	xing wei fan	2
行为犯研究	xing wei fan yan jiu	3
行为目标法	xing wei mu biao fa	3
行为规范	xing wei gui fan	25
行为记录法	xing wei ji lu fa	5
行为障碍	xing wei zhang ai	34
行为默示形式	xing wei mo shi xing shi	3
行刑社会化	xing xing she hui hua	8
行政争议法律援助	xing zheng zheng yi fa lv yuan zhu	4
行政事业单位资产核实	xing zheng shi ye dan wei zi chan he shi	6
行政事业收费许可证	xing zheng shi ye shou fei xu ke zheng	5
行政体制改革研究	xing zheng ti zhi gai ge yan jiu	5
行政划拨用地	xing zheng hua bo yong di	9
行政单位会计制度	xing zheng dan wei kuai ji zhi du	9
行政单位财务管理	xing zheng dan wei cai wu guan li	5
行政即时强制	xing zheng ji shi qiang zhi	6
行政复议法	xing zheng fu yi fa	2
行政复议法学	xing zheng fu yi fa xue	5
行政复议法实务指导	xing zheng fu yi fa shi wu zhi dao	2
行政复议范围	xing zheng fu yi fan wei	9
行政应急性原则	xing zheng ying ji xing yuan ze	7
行政强制执行	xing zheng qiang zhi zhi xing	1
行政强制措施	xing zheng qiang zhi cuo shi	14
行政强制法	xing zheng qiang zhi fa	1
行政强制法草案	xing zheng qiang zhi fa cao an	10
行政强制程序	xing zheng qiang zhi cheng xu	6
行政执法类职位	xing zheng zhi fa lei zhi wei	10
行政执行法	xing zheng zhi xing fa	15
行政没收	xing zheng mo shou	6
行政法学方法论之变迁	xing zheng fa xue fang fa lun zhi bian qian	3
行政法律关系研究	xing zheng fa lv guan xi yan jiu	3
行政法律适用新解析	xing zheng fa lv shi yong xin jie xi	3
行政法规制定程序条例	xing zheng fa gui zhi ding cheng xu tiao li	9
行政法规及规则	xing zheng fa gui ji gui ze	2
行政相对方	xing zheng xiang dui fang	10
行政终局裁决行为	xing zheng zhong ju cai jue xing wei	5
行政行为主体合法	xing zheng xing wei zhu ti he fa	4
行政行为基本范畴研究	xing zheng xing wei ji ben fan chou yan jiu	3
行政规范性文件	xing zheng gui fan xing wen jian	12
行政许可法实用解答	xing zheng xu ke fa shi yong jie da	3
行政许可法注评	xing zheng xu ke fa zhu ping	2
行政诉讼参加人	xing zheng su song can jia ren	7
行政诉讼受案范围	xing zheng su song shou an fan wei	11
行政诉讼收费制度	xing zheng su song shou fei zhi du	3
行政诉讼案件	xing zheng su song an jian	2
行政诉讼裁定	xing zheng su song cai ding	7
行政附带民事调解书	xing zheng fu dai min shi tiao jie shu	2
行文规则	xing wen gui ze	1
行纪	xing ji	7
行纪人	xing ji ren	13
行纪合同	xing ji he tong	10
行纪行为	xing ji xing wei	7
行贿罪	xing hui zui	47
行贿黑名单	xing hui hei ming dan	10
补偿性财政政策	bu chang xing cai zheng zheng ce	4
补偿贸易	bu chang mao yi	3
补充保障	bu chong bao zhang	2
补缺性条款	bu que xing tiao kuan	2
表决权回避制度	biao jue quan hui bi zhi du	5
表决权限制制度	biao jue quan xian zhi zhi du	3
表外科目	biao wai ke mu	10
表现代理	biao xian dai li	7
表现犯	biao xian fan	7
表示行为	biao shi xing wei	10
袁毓明	yuan yu ming	9
袖珍英汉法律词典	xiu zhen ying han fa lv ci dian	2
被公安机关抓获归案后	bei gong an ji guan zhua huo gui an hou	5
被告住所地	bei gao zhu suo di	13
被害人承诺	bei hai ren cheng nuo	7
被庐之法	bei lu zhi fa	5
被拆迁人	bei chai qian ren	16
被申请执行人	bei shen qing zhi xing ren	10
被裁定为	bei cai ding wei	13
袭击罪	xi ji zui	27
裁判员技术等级制度	cai pan yuan ji shu deng ji zhi du	6
裁定书	cai ding shu	19
裁定权	cai ding quan	1
裁定驳回	cai ding bo hui	36
装卸货时间	zhuang xie huo shi jian	1
装卸费用	zhuang xie fei yong	10
装运前检验协议	zhuang yun qian jian yan xie yi	5
西安城墙保护条例	xi an cheng qiang bao hu tiao li	4
西安市土地储备条例	xi an shi tu di chu bei tiao li	3
西方法学名著提要	xi fang fa xue ming zhu ti yao	5
西方法学家列传	xi fang fa xue jia lie zhuan	1
西方法治主义的源与流	xi fang fa zhi zhu yi de yuan yu liu	3
西方马克思主义法学	xi fang ma ke si zhu yi fa xue	6
西藏自治区信访条例	xi zang zi zhi qu xin fang tiao li	4
西藏自治区公路条例	xi zang zi zhi qu gong lu tiao li	3
西藏节日文化	xi zang jie ri wen hua	5
西非经济与货币联盟	xi fei jing ji yu huo bi lian meng	3
要式民事法律行为	yao shi min shi fa lv xing wei	6
要式法律行为	yao shi fa lv xing wei	9
要式行为	yao shi xing wei	1
要式证券	yao shi zheng quan	8
要求轻判	yao qiu qing pan	7
要约失效	yao yue shi xiao	9
要约撤回	yao yue che hui	7
要约收购	yao yue shou gou	6
要约效力	yao yue xiao li	6
要约文件	yao yue wen jian	8
见习期制度	jian xi qi zhi du	7
规划审批权	gui hua shen pi quan	8
规划建设法规	gui hua jian she fa gui	4
规划环境影响评价条例	gui hua huan jing ying xiang ping jia tiao li	8
规划许可证	gui hua xu ke zheng	6
规定性通知	gui ding xing tong zhi	2
规定行政措施	gui ding xing zheng cuo shi	9
规模效益	gui mo xiao yi	2
规模经济学	gui mo jing ji xue	5
规模经济政策	gui mo jing ji zheng ce	3
规矩方圆	gui ju fang yuan	9
规章制定程序条例	gui zhang zhi ding cheng xu tiao li	9
规范与价值	gui fan yu jia zhi	7
规范与法律	gui fan yu fa lv	9
规范性	gui fan xing	49
规范性文件	gui fan xing wen jian	19
规范性解释	gui fan xing jie shi	8
规范权力	gui fan quan li	1
规范法学	gui fan fa xue	8
规范行为	gui fan xing wei	3
视频合同	shi pin he tong	3
解放军总直属队	jie fang jun zong zhi shu dui	3
解约日	jie yue ri	7
解读私募股权基金	jie du si mu gu quan ji jin	5
解除与终止劳动合同	jie chu yu zhong zhi lao dong he tong	4
言词原则	yan ci yuan ze	9
警察圈套	jing cha quan tao	8
警察职务犯罪研究	jing cha zhi wu fan zui yan jiu	3
警械	jing xie	5
计算机网络犯罪	ji suan ji wang luo fan zui	8
计算机软件应用技术	ji suan ji ruan jian ying yong ji shu	6
计算机软件著作权保护	ji suan ji ruan jian zhu zuo quan bao hu	7
计量比对管理办法	ji liang bi dui guan li ban fa	4
计量认证标志	ji liang ren zheng biao zhi	7
计量违法行为处罚细则	ji liang wei fa xing wei chu fa xi ze	4
认定公民无民事行为	ren ding gong min wu min shi xing wei	9
认真对待人权	ren zhen dui dai ren quan	3
认证标志	ren zheng biao zhi	2
让予担保	rang yu dan bao	4
让法律做主	rang fa lv zuo zhu	3
让路船	rang lu chuan	6
训政时期约法	xun zheng shi qi yue fa	9
议付	yi fu	14
议付行	yi fu hang	12
讯问笔录	xun wen bi lu	4
记名有价证券	ji ming you jia zheng quan	8
许可经营范围	xu ke jing ying fan wei	7
许可证制度	xu ke zheng zhi du	5
许可证协议	xu ke zheng xie yi	11
许可证贸易协议	xu ke zheng mao yi xie yi	3
许小平律师事务所	xu xiao ping lv shi shi wu suo	8
许诺人	xu nuo ren	7
许诺销售	xu nuo xiao shou	2
许诺销售权	xu nuo xiao shou quan	5
讹诈行为	e zha xing wei	6
论不动产登记	lun bu dong chan deng ji	3
论争中的渔业权	lun zheng zhong de yu ye quan	3
论公正	lun gong zheng	9
论公法原则	lun gong fa yuan ze	3
论国家补偿	lun guo jia bu chang	2
论文抄袭	lun wen chao xi	25
论比例原则	lun bi li yuan ze	3
论法律	lun fa lv	12
论澳门基本法	lun ao men ji ben fa	4
论犯罪和刑罚	lun fan zui he xing fa	4
论犯罪观	lun fan zui guan	2
论科学发展观	lun ke xue fa zhan guan	7
论缔约过失责任	lun di yue guo shi ze ren	4
论股东表决权	lun gu dong biao jue quan	3
设备利用	she bei li yong	2
设备润滑管理制度	she bei run hua guan li zhi du	4
设备租赁合同	she bei zu lin he tong	9
设备管理制度	she bei guan li zhi du	10
设定信托	she ding xin tuo	9
设权证券	she quan zheng quan	7
设立自治机关	she li zi zhi ji guan	10
证券业协会	zheng quan ye xie hui	9
证券业同业公会	zheng quan ye tong ye gong hui	5
证券交易佣金	zheng quan jiao yi yong jin	9
证券交易清算	zheng quan jiao yi qing suan	11
证券信用控制	zheng quan xin yong kong zhi	3
证券公司检查办法	zheng quan gong si jian cha ban fa	5
证券公司监督管理条例	zheng quan gong si jian du guan li tiao li	12
证券公司财务制度	zheng quan gong si cai wu zhi du	6
证券公司风险处置条例	zheng quan gong si feng xian chu zhi tiao li	12
证券发行注册制	zheng quan fa xing zhu ce zhi	3
证券回购	zheng quan hui gou	1
证券委员会	zheng quan wei yuan hui	2
证券市场民事赔偿制度	zheng quan shi chang min shi pei chang zhi du	5
证券市场禁入制度	zheng quan shi chang jin ru zhi du	6
证券市场禁入规定	zheng quan shi chang jin ru gui ding	9
证券市场违法犯罪	zheng quan shi chang wei fa fan zui	7
证券承销	zheng quan cheng xiao	5
证券投资基金法	zheng quan tou zi ji jin fa	15
证券投资基金行业公约	zheng quan tou zi ji jin xing ye gong yue	4
证券法律制度	zheng quan fa lv zhi du	10
证券法比较研究	zheng quan fa bi jiao yan jiu	2
证券法苑	zheng quan fa yuan	2
证券监督委员会	zheng quan jian du wei yuan hui	3
证券监管法律制度研究	zheng quan jian guan fa lv zhi du yan jiu	3
证券自营商	zheng quan zi ying shang	1
证券违法犯罪	zheng quan wei fa fan zui	8
证券集中托管	zheng quan ji zhong tuo guan	4
证据之间相互印证	zheng ju zhi jian xiang hu yin zheng	6
证据制度若干问题研究	zheng ju zhi du ruo gan wen ti yan jiu	2
证明责任倒置	zheng ming ze ren dao zhi	8
评估报告法	ping gu bao gao fa	5
诈伪	zha wei	4
诈保	zha bao	7
诈欺和解罪	zha qi he jie zui	4
诈骗他人钱财	zha pian ta ren qian cai	10
诈骗犯罪研究	zha pian fan zui yan jiu	3
诉中财产保全	su zhong cai chan bao quan	6
诉前	su qian	2
诉前保全	su qian bao quan	11
诉前保全申请	su qian bao quan shen qing	7
诉前扣船	su qian kou chuan	6
诉前财产保全	su qian cai chan bao quan	12
诉前财产保全申请书	su qian cai chan bao quan shen qing shu	5
诉愿权	su yuan quan	1
诉讼与非诉讼程序法	su song yu fei su song cheng xu fa	8
诉讼保全	su song bao quan	2
诉讼保险制度	su song bao xian zhi du	6
诉讼制度改革研究	su song zhi du gai ge yan jiu	5
诉讼参与人	su song can yu ren	3
诉讼参加人	su song can jia ren	11
诉讼对抗	su song dui kang	7
诉讼承担	su song cheng dan	8
诉讼时效中止	su song shi xiao zhong zhi	11
诉讼时效效力	su song shi xiao xiao li	4
诉讼时效重新计算	su song shi xiao chong xin ji suan	7
诉讼标的	su song biao di	10
诉讼标的额	su song biao di e	1
诉讼费用交纳办法	su song fei yong jiao na ban fa	11
诉讼费用交纳办法释义	su song fei yong jiao na ban fa shi yi	4
诉辩交易	su bian jiao yi	9
试点与改革	shi dian yu gai ge	4
该公司总经理	gai gong si zong jing li	9
诬告反坐	wu gao fan zuo	7
语境中的法学与法律	yu jing zhong de fa xue yu fa lv	3
语言文字工作委员会	yu yan wen zi gong zuo wei yuan hui	12
语言文字词典	yu yan wen zi ci dian	4
请求恢复原状	qing qiu hui fu yuan zhuang	8
请求排除妨碍	qing qiu pai chu fang ai	7
诺成合同	nuo cheng he tong	10
诺成性合同	nuo cheng xing he tong	8
诺成性民事法律行为	nuo cheng xing min shi fa lv xing wei	5
诺成性行为	nuo cheng xing xing wei	4
诺成法律行为	nuo cheng fa lv xing wei	4
诺成行为	nuo cheng xing wei	5
读律佩觽	du lv pei xi	3
调处息讼	tiao chu xi song	5
调解裁决	tiao jie cai jue	6
谈判与辩论技巧	tan pan yu bian lun ji qiao	2
谈判主体	tan pan zhu ti	7
谋取暴利	mou qu bao li	8
谋大逆	mou da ni	6
谢伟俊	xie wei jun	37
谢在全	xie zai quan	1
谢尔曼反托拉斯法	xie er man fan tuo la si fa	2
谢尔曼法	xie er man fa	10
谢尔曼法案	xie er man fa an	5
谢文强	xie wen qiang	7
谢雪梅	xie xue mei	9
谦抑原则	qian yi yuan ze	7
谦抑性原则	qian yi xing yuan ze	1
谨告犯人	jin gao fan ren	3
象棋中局精妙战法	xiang qi zhong ju jing miao zhan fa	3
豪宅税	hao zhai shui	9
贝克汉姆法案	bei ke han mu fa an	3
负直接	fu zhi jie	8
贡献毛益法	gong xian mao yi fa	3
财产保全	cai chan bao quan	9
财产保全制度	cai chan bao quan zhi du	8
财产保全申请书	cai chan bao quan shen qing shu	8
财产保全费	cai chan bao quan fei	12
财产保险合同	cai chan bao xian he tong	11
财产保险基本险条款	cai chan bao xian ji ben xian tiao kuan	5
财产分割	cai chan fen ge	8
财产清偿顺序	cai chan qing chang shun xu	7
财团债权	cai tuan zhai quan	5
财团抵押	cai tuan di ya	9
财政普法读本	cai zheng pu fa du ben	3
财政检查工作办法	cai zheng jian cha gong zuo ban fa	6
财政管理体制法	cai zheng guan li ti zhi fa	5
财政转移支付法律制度	cai zheng zhuan yi zhi fu fa lv zhi du	4
财智攻略	cai zhi gong lve	2
财经法律与企业经营	cai jing fa lv yu qi ye jing ying	3
责令作出具体行政行为	ze ling zuo chu ju ti xing zheng xing wei	3
责任保险	ze ren bao xian	22
责任保险中的第三人	ze ren bao xian zhong de di san ren	3
责任保险合同	ze ren bao xian he tong	10
责任保险赔偿	ze ren bao xian pei chang	7
责任分担	ze ren fen dan	3
责任分散效应	ze ren fen san xiao ying	6
责任竞合	ze ren jing he	11
货币化安置	huo bi hua an zhi	1
货币防伪	huo bi fang wei	6
货款拖欠	huo kuan tuo qian	1
货物所有权转移	huo wu suo you quan zhuan yi	7
货物运输保险	huo wu yun shu bao xian	12
货物运输保险合同	huo wu yun shu bao xian he tong	1
质次价高商品	zhi ci jia gao shang pin	8
质量技术监督局	zhi liang ji shu jian du ju	45
质量监督检验检疫概论	zhi liang jian du jian yan jian yi gai lun	2
贩卖假药罪	fan mai jia yao zui	4
贩卖毒品罪	fan mai du pin zui	4
贩卖毒品罪研究	fan mai du pin zui yan jiu	2
贩卖淫秽物品罪	fan mai yin hui wu pin zui	7
贪污罪共犯	tan wu zui gong fan	6
购房住房无忧宝典	gou fang zhu fang wu you bao dian	4
购房落户	gou fang luo hu	11
贴现成本	tie xian cheng ben	7
贴现负债	tie xian fu zhai	4
贵州民族学院法学院	gui zhou min zu xue yuan fa xue yuan	4
贵州省招标投标条例	gui zhou sheng zhao biao tou biao tiao li	5
贵州省风景名胜区条例	gui zhou sheng feng jing ming sheng qu tiao li	5
贷款展期	dai kuan zhan qi	1
贷款欺诈	dai kuan qi zha	9
贷款约束机制	dai kuan yue shu ji zhi	3
贷款诈骗罪	dai kuan zha pian zui	11
贺梅法案	he mei fa an	6
贾东明	jia dong ming	7
贿赂案	hui lu an	16
贿赂犯罪	hui lu fan zui	1
资产价值法	zi chan jia zhi fa	7
资产保值增值	zi chan bao zhi zeng zhi	3
资产收购合同	zi chan shou gou he tong	8
资产评估收费标准	zi chan ping gu shou fei biao zhun	4
资助恐怖活动罪	zi zhu kong bu huo dong zui	2
资政院院章	zi zheng yuan yuan zhang	4
资本充足性管制	zi ben chong zu xing guan zhi	6
资本市场有效原则	zi ben shi chang you xiao yuan ze	6
资源保护和回收法	zi yuan bao hu he hui shou fa	5
资源开发审批制度	zi yuan kai fa shen pi zhi du	3
资源有偿使用制度	zi yuan you chang shi yong zhi du	1
资源核算制度	zi yuan he suan zhi du	5
资源税	zi yuan shui	11
资源税制度改革	zi yuan shui zhi du gai ge	9
资源税暂行条例	zi yuan shui zan xing tiao li	2
资源配置经济效益	zi yuan pei zhi jing ji xiao yi	5
资金汇划	zi jin hui hua	1
赌博罪	du bo zui	16
赎楼利息	shu lou li xi	5
赔偿范围	pei chang fan wei	13
赔礼道歉	pei li dao qian	44
赢之路	ying zhi lu	1
赢利能力	ying li neng li	15
走私制毒物品罪	zou si zhi du wu pin zui	7
走私普通货物物品罪	zou si pu tong huo wu wu pin zui	6
走进农民工	zou jin nong min gong	7
赵秉志	zhao bing zhi	2
赵虎林	zhao hu lin	6
起诉要求赔偿损失	qi su yao qiu pei chang sun shi	7
起重机械安全监察规定	qi zhong ji xie an quan jian cha gui ding	6
超欠幅度	chao qian fu du	5
超级小律师	chao ji xiao lv shi	4
超越代理权	chao yue dai li quan	11
超越使用范围	chao yue shi yong fan wei	3
超越比利牛斯山	chao yue bi li niu si shan	4
超越法定职权	chao yue fa ding zhi quan	11
超越职权	chao yue zhi quan	1
越南海洋法	yue nan hai yang fa	1
越南落地签	yue nan luo di qian	4
越权无效	yue quan wu xiao	8
越权无效原则	yue quan wu xiao yuan ze	6
越权经营	yue quan jing ying	7
越权行为	yue quan xing wei	3
越级诉讼	yue ji su song	5
趋势加强	qu shi jia qiang	10
足迹检验技术	zu ji jian yan ji shu	3
跟单信用证统一惯例	gen dan xin yong zheng tong yi guan li	11
跨国银行法律制度研究	kua guo yin hang fa lv zhi du yan jiu	3
跨境破产	kua jing po chan	9
跨年度采购	kua nian du cai gou	3
跨类保护	kua lei bao hu	9
路政岗位	lu zheng gang wei	3
路政执法	lu zheng zhi fa	12
身份证重号	shen fen zheng chong hao	11
身故保险金受益人	shen gu bao xian jin shou yi ren	11
车上座位责任险	che shang zuo wei ze ren xian	6
车不越线	che bu yue xian	6
车船税征收标准	che chuan shui zheng shou biao zhun	7
车辆识别代号管理办法	che liang shi bie dai hao guan li ban fa	5
转一种	zhuan yi zhong	7
转业军人	zhuan ye jun ren	4
转业费	zhuan ye fei	11
转代理	zhuan dai li	8
转委托	zhuan wei tuo	3
转承责任	zhuan cheng ze ren	1
转折关头	zhuan zhe guan tou	1
转移价格策略	zhuan yi jia ge ce lve	2
转移所有权	zhuan yi suo you quan	10
转移登记	zhuan yi deng ji	2
转股协议	zhuan gu xie yi	10
转让债权	zhuan rang zhai quan	10
转让合同	zhuan rang he tong	15
转让定价法律问题研究	zhuan rang ding jia fa lv wen ti yan jiu	3
转让方	zhuan rang fang	1
转让注册商标公告	zhuan rang zhu ce shang biao gong gao	3
转让背书	zhuan rang bei shu	9
转质权	zhuan zhi quan	9
转贷牟利罪	zhuan dai mou li zui	3
轮机日志	lun ji ri zhi	7
软件外包项目管理	ruan jian wai bao xiang mu guan li	7
软件相关发明专利保护	ruan jian xiang guan fa ming zhuan li bao hu	3
软件著作权登记	ruan jian zhu zuo quan deng ji	1
软法与硬法之间	ruan fa yu ying fa zhi jian	3
软预算约束	ruan yu suan yue shu	9
轻工业局	qing gong ye ju	12
轻工总会	qing gong zong hui	2
轻微缺陷	qing wei que xian	8
轻微违约行为	qing wei wei yue xing wei	4
载货清单	zai huo qing dan	1
载驳船	zai bo chuan	1
辞职权	ci zhi quan	10
辩护与代理	bian hu yu dai li	13
辩护与代理制度	bian hu yu dai li zhi du	3
辩护制度	bian hu zhi du	3
辩护职能	bian hu zhi neng	8
辩护要点	bian hu yao dian	6
辩护词	bian hu ci	24
辩护阶段	bian hu jie duan	1
辩证唯物主义纲要	bian zheng wei wu zhu yi gang yao	4
边复习	bian fu xi	1
边缘刑法学	bian yuan xing fa xue	2
边缘法学	bian yuan fa xue	8
边防检查站	bian fang jian cha zhan	32
辽宁久鼎律师事务所	liao ning jiu ding lv shi shi wu suo	6
辽宁省学校安全条例	liao ning sheng xue xiao an quan tiao li	7
辽宁省朝阳市公安局	liao ning sheng chao yang shi gong an ju	4
辽宁省禁止赌博条例	liao ning sheng jin zhi du bo tiao li	4
辽宁鑫诺律师事务所	liao ning xin nuo lv shi shi wu suo	6
达能强购娃哈哈事件	da neng qiang gou wa ha ha shi jian	3
达马托法	da ma tuo fa	8
迁出通知书	qian chu tong zhi shu	6
过于自信过失	guo yu zi xin guo shi	8
过失引起中毒罪	guo shi yin qi zhong du zui	2
过失泄露国家秘密罪	guo shi xie lu guo jia mi mi zui	7
过失爆炸罪	guo shi bao zha zui	7
过程控制仪表技术	guo cheng kong zhi yi biao ji shu	2
迈向和谐	mai xiang he xie	1
迎鸽律师事务所	ying ge lv shi shi wu suo	3
运六歇一	yun liu xie yi	5
运输经济法规	yun shu jing ji fa gui	3
运输车辆管理制度	yun shu che liang guan li zhi du	2
运送他人偷越国边境罪	yun song ta ren tou yue guo bian jing zui	4
这就是公民	zhe jiu shi gong min	1
进京户口完全手册	jin jing hu kou wan quan shou ce	3
进出口企业管理制度	jin chu kou qi ye guan li zhi du	2
进出口商品复验办法	jin chu kou shang pin fu yan ban fa	5
进出口商品检验制度	jin chu kou shang pin jian yan zhi du	5
进出口商品检验法	jin chu kou shang pin jian yan fa	11
进出口国家垄断	jin chu kou guo jia long duan	3
进出口管理委员会	jin chu kou guan li wei yuan hui	14
进出口经营权	jin chu kou jing ying quan	1
进出口贸易管理	jin chu kou mao yi guan li	1
进口商品安全质量许可	jin kou shang pin an quan zhi liang xu ke	9
进口旧机电产品备案	jin kou jiu ji dian chan pin bei an	6
进口药材抽样规定	jin kou yao cai chou yang gui ding	5
进口药材管理办法	jin kou yao cai guan li ban fa	6
进口贴息资金管理办法	jin kou tie xi zi jin guan li ban fa	4
进口食品标签	jin kou shi pin biao qian	9
进行国事活动	jin xing guo shi huo dong	8
进行审计监督	jin xing shen ji jian du	1
远东国际军事法庭宪章	yuan dong guo ji jun shi fa ting xian zhang	7
远东律师事务所	yuan dong lv shi shi wu suo	9
远恶军州	yuan e jun zhou	1
远期交割月份	yuan qi jiao ge yue fen	6
远期交货合同	yuan qi jiao huo he tong	6
远期信用证	yuan qi xin yong zheng	12
远期外汇业务	yuan qi wai hui ye wu	7
远洋渔业管理规定	yuan yang yu ye guan li gui ding	4
远离令	yuan li ling	1
远离商业贿赂	yuan li shang ye hui lu	4
远程视频接访	yuan cheng shi pin jie fang	1
违令作战消极罪	wei ling zuo zhan xiao ji zui	5
违反海关监管规定	wei fan hai guan jian guan gui ding	10
违反禁止标线	wei fan jin zhi biao xian	7
违反要件	wei fan yao jian	6
违反诉讼程序	wei fan su song cheng xu	2
违反财经纪律行为	wei fan cai jing ji lv xing wei	8
违宪审查权	wei xian shen cha quan	3
违法发放贷款罪	wei fa fa fang dai kuan zui	1
违法广告	wei fa guang gao	10
违法拘禁	wei fa ju jin	6
违法物品	wei fa wu pin	1
违法经营	wei fa jing ying	14
违法行政行为	wei fa xing zheng xing wei	1
违法要求履行义务	wei fa yao qiu lv xing yi wu	9
违法责任原则	wei fa ze ren yuan ze	7
违法转包	wei fa zhuan bao	9
违禁物	wei jin wu	1
违章处理	wei zhang chu li	12
违章建筑	wei zhang jian zhu	49
违章操作	wei zhang cao zuo	1
违约形态比较研究	wei yue xing tai bi jiao yan jiu	3
违约损害赔偿	wei yue sun hai pei chang	10
违约行为	wei yue xing wei	12
违约行为形态	wei yue xing wei xing tai	6
违约责任	wei yue ze ren	14
违约责任论	wei yue ze ren lun	8
违背妇女意志	wei bei fu nv yi zhi	2
违规出具金融票证罪	wei gui chu ju jin rong piao zheng zui	5
违规提供担保	wei gui ti gong dan bao	7
连带债务责任	lian dai zhai wu ze ren	4
连带责任保证	lian dai ze ren bao zheng	2
连续式投放策略	lian xu shi tou fang ce lve	3
连锁经营协会	lian suo jing ying xie hui	14
追加对价	zhui jia dui jia	14
追加当事人	zhui jia dang shi ren	9
追加被告	zhui jia bei gao	9
退一赔一	tui yi pei yi	12
退回补充侦查	tui hui bu chong zhen cha	1
退役安置	tui yi an zhi	1
退货责任规定	tui huo ze ren gui ding	1
送达回执	song da hui zhi	11
适用除外制度	shi yong chu wai zhi du	8
逃避动植物检疫罪	tao bi dong zhi wu jian yi zui	4
逃避商检罪	tao bi shang jian zui	6
逃避缴纳税款	tao bi jiao na shui kuan	1
逃避追缴欠税	tao bi zhui jiao qian shui	10
逃避追缴欠税罪	tao bi zhui jiao qian shui zui	7
选择性合同	xuan ze xing he tong	5
通信协助执法法案	tong xin xie zhu zhi fa fa an	2
通用经济法	tong yong jing ji fa	2
通用航空飞行管制条例	tong yong hang kong fei xing guan zhi tiao li	9
通臂二十四式	tong bi er shi si shi	5
通行价格定价法	tong xing jia ge ding jia fa	4
通话录音	tong hua lu yin	4
通谋招投标行为	tong mou zhao tou biao xing wei	3
速遣费	su qian fei	9
造纸产业发展政策	zao zhi chan ye fa zhan zheng ce	10
逾期违约金	yu qi wei yue jin	1
道德概论	dao de gai lun	2
道路交通事故侵权责任	dao lu jiao tong shi gu qin quan ze ren	4
道路交通事故处理	dao lu jiao tong shi gu chu li	1
道路交通事故处理办法	dao lu jiao tong shi gu chu li ban fa	12
道路交通事故现场勘查	dao lu jiao tong shi gu xian chang kan cha	6
道路交通安全法	dao lu jiao tong an quan fa	16
道路交通安全法学	dao lu jiao tong an quan fa xue	3
道路交通标志和标线	dao lu jiao tong biao zhi he biao xian	9
道路交通管理	dao lu jiao tong guan li	25
道路运输从业资格证	dao lu yun shu cong ye zi ge zheng	8
道路运输经营许可证	dao lu yun shu jing ying xu ke zheng	12
遗产共同共有	yi chan gong tong gong you	3
遗产分割	yi chan fen ge	3
遗产承办处	yi chan cheng ban chu	1
遗产管理人	yi chan guan li ren	3
遗产继承	yi chan ji cheng	19
遗产继承权	yi chan ji cheng quan	2
遗产继承法律通	yi chan ji cheng fa lv tong	2
遗产继承纠纷	yi chan ji cheng jiu fen	1
遗产范围	yi chan fan wei	3
遗嘱执行人	yi zhu zhi xing ren	12
遗漏主体	yi lou zhu ti	3
遗漏罪	yi lou zui	8
避险不得已	bi xian bu de yi	3
邓晓芒	deng xiao mang	1
邮包战争险	you bao zhan zheng xian	4
邮政普遍服务	you zheng pu bian fu wu	12
邮电工作人员	you dian gong zuo ren yuan	8
邵东县司法局	shao dong xian si fa ju	4
邹忠臣	zou zhong chen	8
邻接权研究	lin jie quan yan jiu	2
郑州大学法学专业	zheng zhou da xue fa xue zhuan ye	5
郑州市限制养犬条例	zheng zhou shi xian zhi yang quan tiao li	6
郑州日产	zheng zhou ri chan	2
部分抄袭	bu fen chao xi	1
部门法	bu men fa	4
部门管辖	bu men guan xia	5
部门越权	bu men yue quan	9
郴州福康医院	chen zhou fu kang yi yuan	7
都察院则例	du cha yuan ze li	3
都服从国务院	du fu cong guo wu yuan	8
酌定不起诉	zhuo ding bu qi su	9
配偶权	pei ou quan	1
配偶继承权	pei ou ji cheng quan	5
配偶赡养费	pei ou shan yang fei	6
酒店实用法规	jiu dian shi yong fa gui	5
酒店管理经典案例	jiu dian guan li jing dian an li	3
酒泉市中级人民法院	jiu quan shi zhong ji ren min fa yuan	8
酸沉降监测技术规范	suan chen jiang jian ce ji shu gui fan	5
采取虚构事实隐瞒真相	cai qu xu gou shi shi yin man zhen xiang	4
采矿权注销	cai kuang quan zhu xiao	5
释放学习	shi fang xue xi	8
里格斯诉帕尔默案	li ge si su pa er mo an	4
重典治吏	zhong dian zhi li	7
重典治国	zhong dian zhi guo	7
重复保险	chong fu bao xian	11
重复处理行为	chong fu chu li xing wei	8
重大事故隐患管理规定	zhong da shi gu yin huan guan li gui ding	5
重大刑事犯罪案件	zhong da xing shi fan zui an jian	8
重大动物疫情应急条例	zhong da dong wu yi qing ying ji tiao li	10
重大危险源安全评估	zhong da wei xian yuan an quan ping gu	5
重大嫌疑人	zhong da xian yi ren	1
重大环境污染事故罪	zhong da huan jing wu ran shi gu zui	9
重大疾病保险合同	zhong da ji bing bao xian he tong	8
重大疾病保险理赔	zhong da ji bing bao xian li pei	6
重大税务案件审理办法	zhong da shui wu an jian shen li ban fa	5
重大立功表现	zhong da li gong biao xian	11
重大误解	zhong da wu jie	13
重大责任事故	zhong da ze ren shi gu	6
重大责任事故罪	zhong da ze ren shi gu zui	20
重大选题备案制	zhong da xuan ti bei an zhi	6
重庆市查禁赌博条例	chong qing shi cha jin du bo tiao li	7
重庆志同律师事务所	chong qing zhi tong lv shi shi wu suo	7
重庆浩邦律师事务所	chong qing hao bang lv shi shi wu suo	4
重播权	zhong bo quan	5
重新鉴定	chong xin jian ding	6
重法地法	zhong fa di fa	6
重点法条随身记	zhong dian fa tiao sui shen ji	3
重点讲义民事诉讼法	zhong dian jiang yi min shi su song fa	5
重置价值条款	chong zhi jia zhi tiao kuan	5
重置成本	chong zhi cheng ben	1
重返犯罪现场	chong fan fan zui xian chang	24
野副州旦	ye fu zhou dan	2
野生动物保护法	ye sheng dong wu bao hu fa	6
野生植物保护法	ye sheng zhi wu bao hu fa	5
野蛮对待	ye man dui dai	8
野踩	ye cai	6
量刑规范化	liang xing gui fan hua	7
金块本位制度	jin kuai ben wei zhi du	2
金堂县公安局	jin tang xian gong an ju	8
金枪鱼案	jin qiang yu an	4
金甲虫奖	jin jia chong jiang	3
金融企业财务规则	jin rong qi ye cai wu gui ze	8
金融凭证诈骗罪	jin rong ping zheng zha pian zui	11
金融审判案例研究	jin rong shen pan an li yan jiu	3
金融恐慌	jin rong kong huang	18
金融机构反洗钱规定	jin rong ji gou fan xi qian gui ding	11
金融远期合约	jin rong yuan qi he yue	6
金融风波	jin rong feng bo	1
金钱赔偿	jin qian pei chang	7
金银复本位制度	jin yin fu ben wei zhi du	4
针刺补泻法	zhen ci bu xie fa	2
钢铁产业发展	gang tie chan ye fa zhan	13
钦定台规	qin ding tai gui	2
钦定工部则例	qin ding gong bu ze li	1
钦定西藏章程	qin ding xi zang zhang cheng	7
钦州市公安局钦北分局	qin zhou shi gong an ju qin bei fen ju	2
钱继磊	qian ji lei	2
铁路交通事故	tie lu jiao tong shi gu	6
铁路刑事疑难案例研究	tie lu xing shi yi nan an li yan jiu	2
铁路检察院	tie lu jian cha yuan	3
铁路法院	tie lu fa yuan	11
铁路留用土地办法	tie lu liu yong tu di ban fa	2
铁路行车事故处理规则	tie lu xing che shi gu chu li gui ze	6
铁路货物运输合同	tie lu huo wu yun shu he tong	7
铁路货运单	tie lu huo yun dan	5
铁路运营安全事故罪	tie lu yun ying an quan shi gu zui	8
铁路运输中级法院	tie lu yun shu zhong ji fa yuan	29
铁路运输安全	tie lu yun shu an quan	9
铁路运输安全保护条例	tie lu yun shu an quan bao hu tiao li	10
铁路运输收入管理规程	tie lu yun shu shou ru guan li gui cheng	5
铁路运输检察院	tie lu yun shu jian cha yuan	11
铁路运输法院	tie lu yun shu fa yuan	41
铁面急先锋	tie mian ji xian feng	1
银团放款	yin tuan fang kuan	3
银团贷款暂行办法	yin tuan dai kuan zan xing ban fa	5
银本位币铸造条例	yin ben wei bi zhu zao tiao li	3
银河法律教育中心	yin he fa lv jiao yu zhong xin	7
银行业协会工作指引	yin hang ye xie hui gong zuo zhi yin	5
银行业监督管理法	yin hang ye jian du guan li fa	12
银行保函	yin hang bao han	12
银行卡管理办法	yin hang ka guan li ban fa	8
银行及金融机构法	yin hang ji jin rong ji gou fa	1
银行存款法	yin hang cun kuan fa	4
银行抵消权	yin hang di xiao quan	5
银行新存贷业务与法规	yin hang xin cun dai ye wu yu fa gui	3
银行法律与业务	yin hang fa lv yu ye wu	5
银行法律基础知识	yin hang fa lv ji chu zhi shi	3
销售人员意见法	xiao shou ren yuan yi jian fa	4
销售代理合同	xiao shou dai li he tong	10
销售侵权作品	xiao shou qin quan zuo pin	6
销售侵权复制品	xiao shou qin quan fu zhi pin	10
销售侵权复制品罪	xiao shou qin quan fu zhi pin zui	9
销售间谍专用器材罪	xiao shou jian die zhuan yong qi cai zui	7
锅炉压力容器检验所	guo lu ya li rong qi jian yan suo	8
锅炉房安全管理规则	guo lu fang an quan guan li gui ze	3
锯木机杀妻案	ju mu ji sha qi an	5
长三角法学论坛	chang san jiao fa xue lun tan	6
长城保护条例	chang cheng bao hu tiao li	6
长江河道采砂管理条例	chang jiang he dao cai sha guan li tiao li	8
长臂管辖权	chang bi guan xia quan	33
门晶	men jing	9
闭口合同	bi kou he tong	9
闲置土地处理办法	xian zhi tu di chu li ban fa	9
闲置土地处置办法	xian zhi tu di chu zhi ban fa	10
间接代理	jian jie dai li	10
间接法	jian jie fa	9
间歇性神经病	jian xie xing shen jing bing	8
间歇性精神病	jian xie xing jing shen bing	12
阅卷笔录	yue juan bi lu	1
队伍建设	dui wu jian she	20
防伪专用品	fang wei zhuan yong pin	10
防止义务	fang zhi yi wu	1
防止贪污法	fang zhi tan wu fa	7
防雷减灾管理办法	fang lei jian zai guan li ban fa	8
防震减灾法律法规	fang zhen jian zai fa lv fa gui	7
阴谋犯	yin mou fan	8
阴谋颠覆政府罪	yin mou dian fu zheng fu zui	6
阵地式谈判	zhen di shi tan pan	4
阶段性技术成果	jie duan xing ji shu cheng guo	8
阻碍军事行动罪	zu ai jun shi xing dong zui	5
阻碍军人执行职务罪	zu ai jun ren zhi xing zhi wu zui	6
阻碍司法公正	zu ai si fa gong zheng	6
阻碍执行军事职务罪	zu ai zhi xing jun shi zhi wu zui	6
阿提卡之夜	a ti ka zhi ye	3
附会汉法	fu hui han fa	5
附加残疾保险	fu jia can ji bao xian	3
附带民事诉讼案件	fu dai min shi su song an jian	10
附带民事诉讼被告	fu dai min shi su song bei gao	1
附期限民事法律行为	fu qi xian min shi fa lv xing wei	4
附认股权证公司债	fu ren gu quan zheng gong si zhai	1
附赠式有奖销售	fu zeng shi you jiang xiao shou	7
陆岩	lu yan	11
陆志安	lu zhi an	1
陆新华	lu xin hua	1
陆海空军刑法	lu hai kong jun xing fa	20
陆空保险	lu kong bao xian	3
陆良县人民法院	lu liang xian ren min fa yuan	7
陈东坡	chen dong po	1
陈俊平	chen jun ping	10
陈光中	chen guang zhong	10
陈华彬	chen hua bin	10
陈大献	chen da xian	2
陈智军	chen zhi jun	4
陈朝璧	chen chao bi	5
陈耀权	chen yao quan	4
陈锦红	chen jin hong	5
陈际红	chen ji hong	6
陈顾远	chen gu yuan	40
降价排挤行为	jiang jia pai ji xing wei	3
限制出口商品	xian zhi chu kou shang pin	6
限制性商业行为	xian zhi xing shang ye xing wei	7
限制民事行为能力	xian zhi min shi xing wei neng li	2
限制民事行为能力人	xian zhi min shi xing wei neng li ren	13
限制民事行为能力案件	xian zhi min shi xing wei neng li an jian	8
限制证券买卖实施办法	xian zhi zheng quan mai mai shi shi ban fa	8
限期险额结报制度	xian qi xian e jie bao zhi du	3
陕甘宁边区施政纲领	shan gan ning bian qu shi zheng gang ling	8
陕西省价格监测规定	shan xi sheng jia ge jian ce gui ding	3
陕西省劳动力市场条例	shan xi sheng lao dong li shi chang tiao li	5
陕西省红十字医院	shan xi sheng hong shi zi yi yuan	5
院落整治	yuan luo zheng zhi	5
除外规定	chu wai gui ding	8
除权判决	chu quan pan jue	9
陪审员制度	pei shen yuan zhi du	12
陶文俊	tao wen jun	4
陶景洲	tao jing zhou	9
隆安县人民法院	long an xian ren min fa yuan	4
隆林各族自治县公安局	long lin ge zu zi zhi xian gong an ju	5
随缺地	sui que di	3
随船工作证	sui chuan gong zuo zheng	5
随附义务	sui fu yi wu	8
隐形合约	yin xing he yue	2
隐性腐败	yin xing fu bai	8
隔地犯	ge di fan	5
障碍未遂	zhang ai wei sui	4
雅典法律制度	ya dian fa lv zhi du	2
雅各宾宪法	ya ge bin xian fa	4
雅尔塔协定	ya er ta xie ding	4
集体协商与集体合同	ji ti xie shang yu ji ti he tong	6
集体合同规定	ji ti he tong gui ding	12
集体安全体制	ji ti an quan ti zhi	7
集体所有制单位	ji ti suo you zhi dan wei	12
集体私分国有资产罪	ji ti si fen guo you zi chan zui	6
集市交易税	ji shi jiao yi shui	3
集成电路布图设计	ji cheng dian lu bu tu she ji	1
集成电路布图设计权	ji cheng dian lu bu tu she ji quan	8
集成电路知识产权条约	ji cheng dian lu zhi shi chan quan tiao yue	6
雇佣保证	gu yong bao zheng	4
雇佣合约	gu yong he yue	8
雇佣法律关系	gu yong fa lv guan xi	8
雪山惨案	xue shan can an	3
零售药店设置暂行规定	ling shou yao dian she zhi zan xing gui ding	5
零售销售差值	ling shou xiao shou cha zhi	9
需与乙方	xu yu yi fang	5
震撼战地手记	zhen han zhan di shou ji	3
霍菲尔德	huo fei er de	9
青山大乐队	qing shan da yue dui	7
青岛市养犬管理办法	qing dao shi yang quan guan li ban fa	7
青海省地方病防治条例	qing hai sheng di fang bing fang zhi tiao li	2
靖江市地方税务局	jing jiang shi di fang shui wu ju	5
靖远黄河大桥	jing yuan huang he da qiao	4
非专业人士	fei zhuan ye ren shi	12
非专利技术	fei zhuan li ji shu	14
非专利技术转让合同	fei zhuan li ji shu zhuan rang he tong	7
非专属权	fei zhuan shu quan	5
非企业法人	fei qi ye fa ren	10
非债清偿	fei zhai qing chang	6
非全日制劳动合同	fei quan ri zhi lao dong he tong	9
非全日制用工	fei quan ri zhi yong gong	13
非全日制职工	fei quan ri zhi zhi gong	9
非公司制企业	fei gong si zhi qi ye	9
非公室告	fei gong shi gao	8
非关税壁垒	fei guan shui bi lei	7
非劳动价值	fei lao dong jia zhi	7
非合伙律师	fei he huo lv shi	2
非商业性风险	fei shang ye xing feng xian	7
非固有权	fei gu you quan	5
非国家工作人员受贿罪	fei guo jia gong zuo ren yuan shou hui zui	10
非基本当事人	fei ji ben dang shi ren	7
非婚性行为	fei hun xing xing wei	10
非婚生子女	fei hun sheng zi nv	16
非定向拍卖	fei ding xiang pai mai	4
非封闭阳台	fei feng bi yang tai	7
非居民个人	fei ju min ge ren	2
非居民企业	fei ju min qi ye	12
非居民纳税义务人	fei ju min na shui yi wu ren	6
非居民纳税人	fei ju min na shui ren	9
非常法律语文	fei chang fa lv yu wen	4
非常诉讼	fei chang su song	5
非必要共同诉讼	fei bi yao gong tong su song	4
非折现法	fei zhe xian fa	5
非方便法院	fei fang bian fa yuan	5
非根本性违约	fei gen ben xing wei yue	6
非法买卖制毒物品罪	fei fa mai mai zhi du wu pin zui	7
非法买卖枪支弹药罪	fei fa mai mai qiang zhi dan yao zui	8
非法买卖爆炸物品罪	fei fa mai mai bao zha wu pin zui	7
非法人团体研究	fei fa ren tuan ti yan jiu	3
非法侵入住宅罪	fei fa qin ru zhu zhai zui	2
非法侵占	fei fa qin zhan	19
非法僭建物	fei fa jian jian wu	1
非法出售发票罪	fei fa chu shou fa piao zui	7
非法出境行为	fei fa chu jing xing wei	4
非法募捐	fei fa mu juan	8
非法占地	fei fa zhan di	5
非法占有罪	fei fa zhan you zui	6
非法占用农用地罪	fei fa zhan yong nong yong di zui	9
非法占用土地	fei fa zhan yong tu di	1
非法占用耕地改作他用	fei fa zhan yong geng di gai zuo ta yong	8
非法占用耕地罪	fei fa zhan yong geng di zui	8
非法同居关系	fei fa tong ju guan xi	11
非法吸收公众存款罪	fei fa xi shou gong zhong cun kuan zui	13
非法复制品	fei fa fu zhi pin	7
非法委托	fei fa wei tuo	8
非法就业	fei fa jiu ye	4
非法性行为	fei fa xing xing wei	4
非法拆迁	fei fa chai qian	1
非法拘禁	fei fa ju jin	46
非法拘禁罪	fei fa ju jin zui	12
非法持有毒品罪	fei fa chi you du pin zui	3
非法捕捞水产品罪	fei fa bu lao shui chan pin zui	1
非法提供	fei fa ti gong	17
非法查封财产	fei fa cha feng cai chan	2
非法猎捕	fei fa lie bu	1
非法用工	fei fa yong gong	14
非法种植毒品原植物罪	fei fa zhong zhi du pin yuan zhi wu zui	8
非法管制罪	fei fa guan zhi zui	6
非法组织卖血罪	fei fa zu zhi mai xue zui	8
非法经营	fei fa jing ying	31
非法经营同类营业罪	fei fa jing ying tong lei ying ye zui	8
非法经营数额	fei fa jing ying shu e	12
非法经营罪	fei fa jing ying zui	15
非法获取军事秘密罪	fei fa huo qu jun shi mi mi zui	6
非法行医	fei fa xing yi	8
非法行医罪	fei fa xing yi zui	8
非法证券活动	fei fa zheng quan huo dong	14
非法证据排除规则	fei fa zheng ju pai chu gui ze	1
非法转让	fei fa zhuan rang	5
非法转让土地	fei fa zhuan rang tu di	12
非法转让土地使用权	fei fa zhuan rang tu di shi yong quan	10
非法转让技术	fei fa zhuan rang ji shu	3
非法进行节育手术罪	fei fa jin xing jie yu shou shu zui	8
非法逮捕	fei fa dai bu	8
非法音像制品	fei fa yin xiang zhi pin	12
非洲人权与民族权法院	fei zhou ren quan yu min zu quan fa yuan	3
非物质性结果	fei wu zhi xing jie guo	5
非物质文化遗产保护法	fei wu zhi wen hua yi chan bao hu fa	9
非犯罪化研究	fei fan zui hua yan jiu	3
非现场交通违章	fei xian chang jiao tong wei zhang	2
非现场稽核	fei xian chang ji he	9
非生息资产	fei sheng xi zi chan	6
非罪化	fei zui hua	2
非自执行条约	fei zi zhi xing tiao yue	4
非表意行为	fei biao yi xing wei	5
非规范性法律文件	fei gui fan xing fa lv wen jian	8
非计划合同	fei ji hua he tong	4
非讼案件	fei song an jian	9
非诉维权	fei su wei quan	2
非诉讼时效	fei su song shi xiao	5
非财产责任	fei cai chan ze ren	8
非赢利性机构	fei ying li xing ji gou	10
非转让背书	fei zhuan rang bei shu	6
非金融机构	fei jin rong ji gou	4
非金融部门债权	fei jin rong bu men zhai quan	3
非银行金融机构	fei yin hang jin rong ji gou	7
非限制性债权	fei xian zhi xing zhai quan	6
非隔隙犯	fei ge xi fan	4
非领导职务层次	fei ling dao zhi wu ceng ci	8
靳如超	jin ru chao	2
韦伯论中国传统法律	wei bo lun zhong guo chuan tong fa lv	5
韩国专利制度	han guo zhuan li zhi du	2
韩国民事执行法	han guo min shi zhi xing fa	4
韬奋钟声	tao fen zhong sheng	3
音乐版权保护	yin yue ban quan bao hu	8
音像制品制作管理规定	yin xiang zhi pin zhi zuo guan li gui ding	4
项目公司原则	xiang mu gong si yuan ze	6
项目可行性报告	xiang mu ke xing xing bao gao	12
项目执行	xiang mu zhi xing	12
项目谈判	xiang mu tan pan	13
预先披露制度	yu xian pi lu zhi du	10
预期违约制度	yu qi wei yue zhi du	9
预期违约责任	yu qi wei yue ze ren	6
预算管理职权	yu suan guan li zhi quan	7
预算级次	yu suan ji ci	11
预约保险合同	yu yue bao xian he tong	8
预约再保险合同	yu yue zai bao xian he tong	4
预约分保	yu yue fen bao	5
预谋故意	yu mou gu yi	1
预防性拘留	yu fang xing ju liu	14
预防未成年人犯罪法	yu fang wei cheng nian ren fan zui fa	12
预防重大工业事故公约	yu fang zhong da gong ye shi gu gong yue	5
领事关系法	ling shi guan xi fa	7
领养母亲	ling yang mu qin	4
领导带班作业制度	ling dao dai ban zuo ye zhi du	3
领导职位权	ling dao zhi wei quan	4
领空带	ling kong dai	2
频繁进出澳门	pin fan jin chu ao men	2
风云论道	feng yun lun dao	3
风景名胜区条例	feng jing ming sheng qu tiao li	1
风暴眼	feng bao yan	1
风险代理律师	feng xian dai li lv shi	6
风险价值法	feng xian jia zhi fa	5
风险保证金	feng xian bao zheng jin	4
风险可保性	feng xian ke bao xing	4
风险导向型审计	feng xian dao xiang xing shen ji	6
风险承担	feng xian cheng dan	2
风险抵押金	feng xian di ya jin	13
风险揭示声明书	feng xian jie shi sheng ming shu	7
风险敞口	feng xian chang kou	12
风险暴露	feng xian bao lu	3
风险责任负担	feng xian ze ren fu dan	4
飞行基本规则	fei xing ji ben gui ze	2
飞行间隔规定	fei xing jian ge gui ding	2
飞越权	fei yue quan	1
食品召回管理规定	shi pin zhao hui guan li gui ding	9
食品安全市场准入制度	shi pin an quan shi chang zhun ru zhi du	8
食品安全有奖举报制度	shi pin an quan you jiang ju bao zhi du	4
食品安全标准	shi pin an quan biao zhun	2
食品安全法	shi pin an quan fa	10
食品安全管理制度	shi pin an quan guan li zhi du	9
食品安全风险监测	shi pin an quan feng xian jian ce	9
食品工业协会	shi pin gong ye xie hui	13
食品标识管理规定	shi pin biao zhi guan li gui ding	8
食用菌菌种管理办法	shi yong jun jun zhong guan li ban fa	6
食盐专营办法	shi yan zhuan ying ban fa	9
食盐价格管理办法	shi yan jia ge guan li ban fa	5
餐饮业经营者责任保险	can yin ye jing ying zhe ze ren bao xian	3
饲料产品认证管理办法	si liao chan pin ren zheng guan li ban fa	5
饲料生产企业审查办法	si liao sheng chan qi ye shen cha ban fa	7
首席律师	shou xi lv shi	7
首席法律顾问	shou xi fa lv gu wen	18
首次就业合同	shou ci jiu ye he tong	5
香港公司法	xiang gang gong si fa	10
香港刑事法	xiang gang xing shi fa	1
香港商业登记条例	xiang gang shang ye deng ji tiao li	3
香港大律师公会	xiang gang da lv shi gong hui	47
香港法概论	xiang gang fa gai lun	6
香港法院系统	xiang gang fa yuan xi tong	2
香港特别行政区居民	xiang gang te bie xing zheng qu ju min	9
马基雅弗利	ma ji ya fu li	2
马基雅弗利主义	ma ji ya fu li zhu yi	4
马库什权利要求	ma ku shi quan li yao qiu	3
马来西亚海关	ma lai xi ya hai guan	7
马耳他刑事法典	ma er ta xing shi fa dian	4
马锡五审判方式	ma xi wu shen pan fang shi	9
驱逐鞑虏	qu zhu da lu	3
驻营条例	zhu ying tiao li	3
高伟绅律师事务所	gao wei shen lv shi shi wu suo	2
高新技术成果出资	gao xin ji shu cheng guo chu zi	9
高新科技园区立法研究	gao xin ke ji yuan qu li fa yan jiu	3
高等学校学生行为准则	gao deng xue xiao xue sheng xing wei zhun ze	10
高等学校档案管理办法	gao deng xue xiao dang an guan li ban fa	4
高等教育法制论纲	gao deng jiao yu fa zhi lun gang	3
高级魔药制备	gao ji mo yao zhi bei	6
高速公路交通管理办法	gao su gong lu jiao tong guan li ban fa	8
高速公路路政管理	gao su gong lu lu zheng guan li	9
高速公路通行费	gao su gong lu tong xing fei	4
高速客船安全管理	gao su ke chuan an quan guan li	4
魏振瀛	wei zhen ying	3
魏玛宪法	wei ma xian fa	12
魔鬼岛	mo gui dao	6
鹿弹	lu dan	14
鹿特丹公约	lu te dan gong yue	3
鹿邑县人民检察院	lu yi xian ren min jian cha yuan	4
麻侃	ma kan	5
麻醉品单一公约	ma zui pin dan yi gong yue	4
麻醉药品	ma zui yao pin	17
黄律师服务空间站	huang lv shi fu wu kong jian zhan	2
黄日灿	huang ri can	5
黄村派出所	huang cun pai chu suo	7
黄茂荣	huang mao rong	1
黄赌毒	huang du du	2
黄长勇	huang chang yong	4
黄陂区公安分局	huang pi qu gong an fen ju	6
黎建飞	li jian fei	11
黑市价格	hei shi jia ge	3
黑市经济	hei shi jing ji	1
黑龙江省劳动安全条例	hei long jiang sheng lao dong an quan tiao li	2
黑龙江省发展中医条例	hei long jiang sheng fa zhan zhong yi tiao li	4
黑龙江省安全生产条例	hei long jiang sheng an quan sheng chan tiao li	7
黑龙江省种子管理局	hei long jiang sheng zhong zi guan li ju	6
默示废止	mo shi fei zhi	6
默示担保	mo shi dan bao	10
默示担保义务	mo shi dan bao yi wu	6
默示授权	mo shi shou quan	6
