# 青简领域词库：医学，由 qingjian-dict-convert lexicon 从 THUOCL 拆出，基础词库里没有的部分。词	音节	词频
一元论	yi yuan lun	20
一年生植物	yi nian sheng zhi wu	6
一捻金胶囊	yi nian jin jiao nang	3
一期愈合	yi qi yu he	3
一期梅毒	yi qi mei du	1
一期缝合	yi qi feng he	4
一枝黄花	yi zhi huang hua	16
一次性使用导尿管	yi ci xing shi yong dao niao guan	6
一次性使用静脉输液针	yi ci xing shi yong jing mai shu ye zhen	4
一次性口罩	yi ci xing kou zhao	18
一次性输液器	yi ci xing shu ye qi	7
一氯二氟乙烷	yi lv er fu yi wan	2
一清胶囊	yi qing jiao nang	3
一清软胶囊	yi qing ruan jiao nang	3
一清颗粒	yi qing ke li	4
一甲胺	yi jia an	4
一级亲属	yi ji qin shu	7
一级预防	yi ji yu fang	1
一贯煎	yi guan jian	4
一过性脑缺血	yi guo xing nao que xue	5
丁丙诺啡	ding bing nuo fei	18
丁二磺酸腺苷蛋氨酸	ding er huang suan xian gan dan an suan	2
丁公藤	ding gong teng	3
丁卡因	ding ka yin	1
丁咯地尔	ding ge di er	3
丁型病毒性肝炎	ding xing bing du xing gan yan	2
丁甘仁	ding gan ren	5
丁硼乳膏	ding peng ru gao	2
丁细牙痛胶囊	ding xi ya tong jiao nang	2
丁胺卡那霉素	ding an ka na mei su	5
丁蔻理中丸	ding kou li zhong wan	3
丁螺环酮	ding luo huan tong	6
丁酸氢化可的松	ding suan qing hua ke di song	2
丁香叶	ding xiang ye	4
丁香油酚	ding xiang you fen	5
七制香附丸	qi zhi xiang fu wan	2
七匹狼	qi pi lang	3
七十味珍珠	qi shi wei zhen zhu	2
七十味珍珠丸	qi shi wei zhen zhu wan	1
七厘散	qi li san	6
七厘胶囊	qi li jiao nang	4
七叶一枝花	qi ye yi zhi hua	6
七叶洋地黄双苷滴眼液	qi ye yang di huang shuang gan di yan ye	3
七叶皂苷钠	qi ye zao gan na	3
七叶皂苷钠片	qi ye zao gan na pian	2
七叶神安滴丸	qi ye shen an di wan	3
七叶神安片	qi ye shen an pian	3
七味消渴胶囊	qi wei xiao ke jiao nang	3
七味糖脉舒胶囊	qi wei tang mai shu jiao nang	3
七味葡萄散	qi wei pu tao san	4
七味螃蟹甲丸	qi wei pang xie jia wan	4
七味解毒活血膏	qi wei jie du huo xue gao	2
七味都气丸	qi wei du qi wan	2
七味铁屑丸	qi wei tie xie wan	3
七宝美髯丹	qi bao mei ran dan	4
七情	qi qing	6
七氟醚	qi fu mi	24
七生力片	qi sheng li pian	2
七生静片	qi sheng jing pian	2
七美岛	qi mei dao	1
七鞭回春乐胶囊	qi bian hui chun le jiao nang	4
万乃洛韦	wan nai luo wei	3
万古霉素	wan gu mei su	46
万应宝珍膏	wan ying bao zhen gao	2
万应甘和茶	wan ying gan he cha	2
万托林	wan tuo lin	5
万氏牛黄清心丸	wan shi niu huang qing xin wan	2
万爽力	wan shuang li	6
万痛筋骨贴	wan tong jin gu tie	3
万通筋骨片	wan tong jin gu pian	5
万通筋骨贴	wan tong jin gu tie	4
三七伤药片	san qi shang yao pian	5
三七养血胶囊	san qi yang xue jiao nang	2
三七总皂苷	san qi zong zao gan	4
三七片	san qi pian	7
三七粉	san qi fen	8
三七胶囊	san qi jiao nang	4
三七药酒	san qi yao jiu	3
三七血伤宁胶囊	san qi xue shang ning jiao nang	2
三七通舒胶囊	san qi tong shu jiao nang	3
三两半药酒	san liang ban yao jiu	4
三九胃泰	san jiu wei tai	5
三九胃泰胶囊	san jiu wei tai jiao nang	3
三九胃泰颗粒	san jiu wei tai ke li	4
三仙丹	san xian dan	3
三体性	san ti xing	3
三倍体	san bei ti	23
三十六味消渴胶囊	san shi liu wei xiao ke jiao nang	3
三十烷醇	san shi wan chun	1
三叉神经	san cha shen jing	10
三叉神经痛	san cha shen jing tong	3
三叉苦	san cha ku	2
三叶虫类	san ye chong lei	1
三味蒺藜散	san wei ji li san	3
三唑仑片	san zuo lun pian	4
三因极一病证方论	san yin ji yi bing zheng fang lun	2
三妙丸	san miao wan	2
三子养亲汤	san zi yang qin tang	3
三宝胶囊	san bao jiao nang	5
三尖杉酯碱	san jian shan zhi jian	1
三尖瓣	san jian ban	26
三尖瓣狭窄	san jian ban xia zhai	3
三尖瓣返流	san jian ban fan liu	5
三尖瓣闭锁不全	san jian ban bi suo bu quan	2
三带喙库蚊	san dai hui ku wen	1
三房心	san fang xin	3
三日疟	san ri nve	2
三期梅毒	san qi mei du	1
三查七对	san cha qi dui	5
三氟拉嗪	san fu la qin	1
三氧化二砷	san yang hua er shen	9
三氯乙烯	san lv yi xi	8
三氯乙烯中毒	san lv yi xi zhong du	5
三氯叔丁醇	san lv shu ding chun	4
三氯甲烷	san lv jia wan	19
三焦	san jiao	2
三焦俞	san jiao shu	3
三焦俞穴	san jiao shu xue	2
三焦辨证	san jiao bian zheng	1
三物备急丸	san wu bei ji wan	2
三甲复脉汤	san jia fu mai tang	2
三白草	san bai cao	16
三相避孕片	san xiang bi yun pian	3
三硅酸镁	san gui suan mei	3
三硝基甲苯	san xiao ji jia ben	27
三碘甲状腺原氨酸	san dian jia zhuang xian yuan an suan	4
三碘甲腺原氨酸	san dian jia xian yuan an suan	1
三磷酸肌醇	san lin suan ji chun	1
三磷酸腺苷	san lin suan xian gan	19
三磷酸腺苷二钠	san lin suan xian gan er na	3
三磷酸腺苷二钠片	san lin suan xian gan er na pian	3
三磷酸鸟苷	san lin suan niao gan	2
三糖	san tang	3
三级结构	san ji jie gou	18
三级预防	san ji yu fang	9
三羧酸循环	san suo suan xun huan	18
三联体	san lian ti	8
三联体密码	san lian ti mi ma	1
三联律	san lian lv	2
三聚体	san ju ti	46
三肾丸	san shen wan	3
三腔二囊管	san qiang er nang guan	2
三苯双脒肠溶片	san ben shuang mi chang rong pian	2
三角肌	san jiao ji	15
三角风	san jiao feng	4
三角骨	san jiao gu	4
三踝骨折	san huai gu zhe	5
三金片	san jin pian	7
三阳合病	san yang he bing	2
三阳络	san yang luo	2
三阴	san yin	9
三阴交	san yin jiao	8
三阴交穴	san yin jiao xue	7
三面镜	san mian jing	1
三颗针	san ke zhen	2
三黄片	san huang pian	7
上关	shang guan	9
上寒下热	shang han xia re	2
上巨虚	shang ju xu	3
上巨虚穴	shang ju xu xue	3
上廉	shang lian	8
上廉泉	shang lian quan	2
上段	shang duan	10
上海口腔医学	shang hai kou qiang yi xue	2
上海生物制品研究所	shang hai sheng wu zhi pin yan jiu suo	8
上消化道出血	shang xiao hua dao chu xue	2
上消化道造影	shang xiao hua dao zao ying	1
上清液	shang qing ye	7
上热下寒	shang re xia han	4
上皮样细胞	shang pi yang xi bao	5
上皮样肉瘤	shang pi yang rou liu	2
上皮珠	shang pi zhu	3
上皮生长因子	shang pi sheng zhang yin zi	3
上皮瘤	shang pi liu	3
上皮癌	shang pi ai	12
上皮组织	shang pi zu zhi	36
上盛下虚	shang sheng xia xu	3
上睑	shang jian	8
上睑下垂	shang jian xia chui	7
上矢状窦	shang shi zhuang dou	4
上矢状窦血栓形成	shang shi zhuang dou xue shuan xing cheng	2
上纵隔	shang zong ge	5
上肢肌	shang zhi ji	1
上肢长	shang zhi chang	2
上肢骨	shang zhi gu	1
上脘	shang wan	1
上脘穴	shang wan xue	3
上腔静脉	shang qiang jing mai	11
上腔静脉综合征	shang qiang jing mai zong he zheng	3
上臂假肢	shang bi jia zhi	3
上迎香	shang ying xiang	3
上颌前突	shang he qian tu	4
上颌动脉	shang he dong mai	3
上颌后缩	shang he hou suo	1
上颌神经	shang he shen jing	3
上颌窦	shang he dou	4
上颌窦囊肿	shang he dou nang zhong	3
上颌窦炎	shang he dou yan	5
上颌窦骨折	shang he dou gu zhe	2
上颌骨骨折	shang he gu gu zhe	1
上髎	shang liao	3
下丘脑性闭经	xia qiu nao xing bi jing	2
下丘脑综合征	xia qiu nao zong he zheng	3
下乳涌泉散	xia ru yong quan san	2
下关穴	xia guan xue	3
下利清谷	xia li qing gu	4
下巨虚	xia ju xu	3
下廉	xia lian	4
下木	xia mu	6
下极俞	xia ji shu	2
下火王	xia huo wang	4
下疳	xia gan	2
下痢	xia li	11
下肢动脉硬化	xia zhi dong mai ying hua	7
下肢深静脉血栓形成	xia zhi shen jing mai xue shuan xing cheng	6
下肢溃疡	xia zhi kui yang	1
下肢肌	xia zhi ji	7
下肢脉管炎	xia zhi mai guan yan	3
下肢静脉	xia zhi jing mai	2
下肢静脉功能不全	xia zhi jing mai gong neng bu quan	4
下肢静脉炎	xia zhi jing mai yan	1
下肢静脉血栓形成	xia zhi jing mai xue shuan xing cheng	5
下肢静脉造影	xia zhi jing mai zao ying	6
下肢骨	xia zhi gu	3
下脘	xia wan	4
下脘穴	xia wan xue	4
下腔静脉	xia qiang jing mai	18
下颌下腺	xia he xia xian	3
下颌关节脱位	xia he guan jie tuo wei	4
下颌前突	xia he qian tu	5
下颌后缩	xia he hou suo	5
下颌角	xia he jiao	1
下颌骨骨折	xia he gu gu zhe	1
下颌骨髁突	xia he gu ke tu	2
下髎	xia liao	2
下鼻甲	xia bi jia	7
下鼻甲部分切除术	xia bi jia bu fen qie chu shu	3
不典型增生	bu dian xing zeng sheng	1
不内外因	bu nei wai yin	2
不分离	bu fen li	9
不动关节	bu dong guan jie	2
不孕不育	bu yun bu yu	9
不安腿综合征	bu an tui zong he zheng	4
不完全显性	bu wan quan xian xing	2
不完全流产	bu wan quan liu chan	20
不寐	bu mei	21
不寐病	bu mei bing	2
不应期	bu ying qi	21
不换金正气散	bu huan jin zheng qi san	3
不育性	bu yu xing	2
不育症	bu yu zheng	9
不规则散光	bu gui ze san guang	5
不规则热	bu gui ze re	3
不规则阴道出血	bu gui ze yin dao chu xue	6
不规则骨	bu gui ze gu	1
不随意肌	bu sui yi ji	1
不随意运动	bu sui yi yun dong	1
不饱和脂肪酸	bu bao he zhi fang suan	23
丘墟	qiu xu	4
丘小庆	qiu xiao qing	3
丘比特	qiu bi te	47
丘疱疹	qiu pao zhen	6
丘疹性荨麻疹	qiu zhen xing xun ma zhen	8
丘脑	qiu nao	22
丘脑出血	qiu nao chu xue	5
丙咪嗪	bing mi qin	3
丙型病毒性肝炎	bing xing bing du xing gan yan	6
丙型肝炎病毒	bing xing gan yan bing du	31
丙戊酰胺片	bing wu xian an pian	3
丙戊酸	bing wu suan	1
丙戊酸钠	bing wu suan na	2
丙戊酸钠口服液	bing wu suan na kou fu ye	2
丙戊酸钠片	bing wu suan na pian	3
丙戊酸钠缓释片	bing wu suan na huan shi pian	3
丙戊酸镁	bing wu suan mei	3
丙戊酸镁缓释片	bing wu suan mei huan shi pian	2
丙氧匹林片	bing yang pi lin pian	6
丙氧氨酚复方片	bing yang an fen fu fang pian	2
丙氧氨酚片	bing yang an fen pian	6
丙氨酸氨基转移酶	bing an suan an ji zhuan yi mei	1
丙氨酸转氨酶	bing an suan zhuan an mei	4
丙泊酚	bing bo fen	2
丙泊酚注射液	bing bo fen zhu she ye	5
丙烯酰胺	bing xi xian an	5
丙硫异烟胺	bing liu yi yan an	2
丙硫氧嘧啶	bing liu yang mi ding	4
丙硫氧嘧啶片	bing liu yang mi ding pian	4
丙磺舒	bing huang shu	1
丙种球蛋白	bing zhong qiu dan bai	2
丙类传染病	bing lei chuan ran bing	1
丙肝抗体	bing gan kang ti	9
丙胺卡因	bing an ka yin	1
丙谷胺	bing gu an	3
丙酮酸激酶缺乏症	bing tong suan ji mei que fa zheng	3
丙酯	bing zhi	28
丙酸倍氯米松	bing suan bei lv mi song	2
丙酸倍氯米松鼻喷雾剂	bing suan bei lv mi song bi pen wu ji	3
丙酸氟替卡松	bing suan fu ti ka song	3
丙酸氟替卡松气雾剂	bing suan fu ti ka song qi wu ji	2
丙酸氯倍他索	bing suan lv bei ta suo	3
丙酸氯倍他索乳膏	bing suan lv bei ta suo ru gao	3
丙酸睾丸素	bing suan gao wan su	2
丙酸血症	bing suan xue zheng	2
丛林斑疹伤寒	cong lin ban zhen shang han	5
丛集性头痛	cong ji xing tou tong	3
东方田鼠	dong fang tian shu	6
东方疖	dong fang jie	3
东方福尔灵	dong fang fu er ling	2
东茛菪碱	dong gen dang jian	3
东莨菪碱	dong lang dang jian	3
东风桔	dong feng ju	2
丝氨酸	si an suan	45
丝氨酸蛋白酶	si an suan dan bai mei	20
丝状疣	si zhuang you	2
丝瓜络	si gua luo	2
丝竹空	si zhu kong	1
丝竹空穴	si zhu kong xue	4
丝腺	si xian	3
丝萸养血益肾颗粒	si yu yang xue yi shen ke li	2
丝虫	si chong	14
丝虫病	si chong bing	14
丝裂原	si lie yuan	4
丝裂霉素	si lie mei su	8
丢了棒	diu le bang	1
两对半	liang dui ban	8
两性畸形	liang xing ji xing	7
两课	liang ke	8
两面针	liang mian zhen	15
严用和	yan yong he	1
严迪	yan di	4
个人识别	ge ren shi bie	12
个体发育	ge ti fa yu	6
个虫	ge chong	6
中冲	zhong chong	10
中冲穴	zhong chong xue	5
中医五官科学	zhong yi wu guan ke xue	3
中医伤科学	zhong yi shang ke xue	2
中医儿科学	zhong yi er ke xue	1
中医内科学	zhong yi nei ke xue	11
中医各家学说	zhong yi ge jia xue shuo	1
中医基础理论	zhong yi ji chu li lun	1
中医外科学	zhong yi wai ke xue	2
中医妇科学	zhong yi fu ke xue	6
中医学基础	zhong yi xue ji chu	4
中医心理学	zhong yi xin li xue	4
中医护理学	zhong yi hu li xue	1
中医护理技术	zhong yi hu li ji shu	5
中医杂志	zhong yi za zhi	5
中医正骨学	zhong yi zheng gu xue	2
中医男科学	zhong yi nan ke xue	4
中医眼科学	zhong yi yan ke xue	2
中医科	zhong yi ke	24
中医美容学	zhong yi mei rong xue	2
中医耳鼻咽喉科学	zhong yi er bi yan hou ke xue	1
中医药学	zhong yi yao xue	5
中医药学概论	zhong yi yao xue gai lun	2
中医药膳学	zhong yi yao shan xue	3
中医诊断	zhong yi zhen duan	8
中医诊断学	zhong yi zhen duan xue	3
中医针灸疗法	zhong yi zhen jiu liao fa	6
中医预防医学	zhong yi yu fang yi xue	2
中医骨伤科学	zhong yi gu shang ke xue	3
中华口腔医学杂志	zhong hua kou qiang yi xue za zhi	3
中华按蚊	zhong hua an wen	6
中华跌打丸	zhong hua die da wan	4
中华跌打酒	zhong hua die da jiu	2
中厚皮片	zhong hou pi pian	3
中和抗体	zhong he kang ti	8
中和汤	zhong he tang	3
中和试验	zhong he shi yan	5
中央成分	zhong yang cheng fen	2
中封	zhong feng	7
中封穴	zhong feng xue	3
中心卫生院	zhong xin wei sheng yuan	5
中心法则	zhong xin fa ze	4
中心静脉压	zhong xin jing mai ya	5
中心静脉导管	zhong xin jing mai dao guan	2
中性皮肤	zhong xing pi fu	6
中性粒细胞	zhong xing li xi bao	13
中性粒细胞减少	zhong xing li xi bao jian shao	6
中恶	zhong e	6
中斜角肌	zhong xie jiao ji	2
中暑痉挛	zhong shu jing luan	3
中暑衰竭	zhong shu shuai jie	4
中极穴	zhong ji xue	4
中枢兴奋药	zhong shu xing fen yao	6
中枢性眩晕	zhong shu xing xuan yun	3
中枢神经系统感染	zhong shu shen jing xi tong gan ran	1
中柱	zhong zhu	39
中毒性休克	zhong du xing xiu ke	4
中毒性休克综合征	zhong du xing xiu ke zong he zheng	4
中毒性巨结肠	zhong du xing ju jie chang	2
中毒性弱视	zhong du xing ruo shi	4
中毒性心肌炎	zhong du xing xin ji yan	1
中毒性痢疾	zhong du xing li ji	6
中毒性白内障	zhong du xing bai nei zhang	2
中毒性红斑	zhong du xing hong ban	2
中毒性肝炎	zhong du xing gan yan	7
中毒性肝病	zhong du xing gan bing	5
中毒性肝硬化	zhong du xing gan ying hua	2
中毒性肺水肿	zhong du xing fei shui zhong	4
中毒性肺炎	zhong du xing fei yan	4
中毒性脑病	zhong du xing nao bing	1
中毒病	zhong du bing	4
中毒颗粒	zhong du ke li	3
中气下陷	zhong qi xia xian	1
中气下陷证	zhong qi xia xian zheng	2
中注	zhong zhu	5
中渎	zhong du	2
中渚	zhong zhu	1
中老年高钙片	zhong lao nian gao gai pian	3
中耳胆脂瘤	zhong er dan zhi liu	4
中肠	zhong chang	5
中肾	zhong shen	8
中脘	zhong wan	7
中脘穴	zhong wan xue	7
中膈	zhong ge	9
中药化学	zhong yao hua xue	1
中药学	zhong yao xue	13
中药学专业知识	zhong yao xue zhuan ye zhi shi	2
中药散剂	zhong yao san ji	5
中药汤剂	zhong yao tang ji	1
中药炮制学	zhong yao pao zhi xue	3
中药药剂学	zhong yao yao ji xue	1
中药药理学	zhong yao yao li xue	2
中药鉴定学	zhong yao jian ding xue	4
中间型	zhong jian xing	26
中间层	zhong jian ceng	38
中间清醒期	zhong jian qing xing qi	3
中间神经元	zhong jian shen jing yuan	1
中间缺失	zhong jian que shi	6
中静脉	zhong jing mai	4
中风回春丸	zhong feng hui chun wan	3
中风回春片	zhong feng hui chun pian	3
中风安口服液	zhong feng an kou fu ye	3
中髎	zhong liao	2
中鼻甲	zhong bi jia	5
中鼻道	zhong bi dao	3
丰隆穴	feng long xue	5
临床免疫学	lin chuang mian yi xue	6
临床护理	lin chuang hu li	12
临床检验	lin chuang jian yan	11
临床检验基础	lin chuang jian yan ji chu	3
临床死亡	lin chuang si wang	5
临床法医学	lin chuang fa yi xue	4
临床流行病学	lin chuang liu xing bing xue	6
临床病理学	lin chuang bing li xue	2
临床经验	lin chuang jing yan	18
临床药学	lin chuang yao xue	7
临床药理学	lin chuang yao li xue	4
临床营养学	lin chuang ying yang xue	3
临床诊断学	lin chuang zhen duan xue	2
临床遗传学	lin chuang yi chuan xue	4
临床麻醉	lin chuang ma zui	2
临床麻醉学	lin chuang ma zui xue	2
丹七片	dan qi pian	3
丹七软胶囊	dan qi ruan jiao nang	2
丹参保心茶	dan shen bao xin cha	3
丹参川芎嗪注射液	dan shen chuan xiong qin zhu she ye	3
丹参注射液	dan shen zhu she ye	6
丹参滴注液	dan shen di zhu ye	3
丹参片	dan shen pian	7
丹参胶囊	dan shen jiao nang	3
丹参舒心	dan shen shu xin	2
丹参舒心胶囊	dan shen shu xin jiao nang	3
丹参酮	dan shen tong	5
丹参酮胶囊	dan shen tong jiao nang	2
丹宁酸	dan ning suan	1
丹杞颗粒	dan qi ke li	3
丹栀逍遥丸	dan zhi xiao yao wan	4
丹栀逍遥散	dan zhi xiao yao san	4
丹栀逍遥胶囊	dan zhi xiao yao jiao nang	3
丹桂香颗粒	dan gui xiang ke li	2
丹毒病	dan du bing	2
丹溪心法	dan xi xin fa	5
丹皮酚	dan pi fen	7
丹红化瘀口服液	dan hong hua yu kou fu ye	2
丹红注射液	dan hong zhu she ye	2
丹葛颈舒胶囊	dan ge jing shu jiao nang	3
丹蓝通络口服液	dan lan tong luo kou fu ye	3
丹香冠心注射液	dan xiang guan xin zhu she ye	2
丹鹿通督片	dan lu tong du pian	2
主任药师	zhu ren yao shi	3
主动免疫	zhu dong mian yi	2
主动脉动脉瘤	zhu dong mai dong mai liu	1
主动脉夹层	zhu dong mai jia ceng	3
主动脉夹层动脉瘤	zhu dong mai jia ceng dong mai liu	1
主动脉弓	zhu dong mai gong	10
主动脉炎	zhu dong mai yan	2
主动脉狭窄	zhu dong mai xia zhai	6
主动脉瓣	zhu dong mai ban	16
主动脉瓣狭窄	zhu dong mai ban xia zhai	8
主动脉瓣置换术	zhu dong mai ban zhi huan shu	1
主动脉瓣赘生物	zhu dong mai ban zhui sheng wu	2
主动脉瓣返流	zhu dong mai ban fan liu	2
主动脉瘤	zhu dong mai liu	14
主动脉硬化	zhu dong mai ying hua	5
主动脉窦	zhu dong mai dou	4
主动脉结	zhu dong mai jie	2
主动脉缩窄	zhu dong mai suo zhai	1
主动转运	zhu dong zhuan yun	3
主动运动	zhu dong yun dong	7
主动运输	zhu dong yun shu	5
主基因	zhu ji yin	3
主管药师	zhu guan yao shi	8
主细胞	zhu xi bao	1
主要组织相容性复合体	zhu yao zu zhi xiang rong xing fu he ti	4
丽珠优可	li zhu you ke	2
丽珠得乐	li zhu de le	6
丽珠肠乐	li zhu chang le	5
丽达	li da	32
久强脑立清	jiu qiang nao li qing	3
久泄	jiu xie	4
义眼	yi yan	40
义齿性口炎	yi chi xing kou yan	5
乌司他丁	wu si ta ding	3
乌头碱	wu tou jian	6
乌拉地尔	wu la di er	3
乌梅丸	wu mei wan	4
乌梢蛇	wu shao she	8
乌洛托品	wu luo tuo pin	3
乌洛托品溶液	wu luo tuo pin rong ye	5
乌灵胶囊	wu ling jiao nang	6
乌灵菌粉	wu ling jun fen	2
乌苯美司	wu ben mei si	2
乌药	wu yao	7
乌蛇	wu she	1
乌蛇止痒丸	wu she zhi yang wan	3
乌贝颗粒	wu bei ke li	3
乌贼墨	wu zei mo	3
乌贼骨	wu zei gu	3
乌金口服液	wu jin kou fu ye	4
乌鸡增乳胶囊	wu ji zeng ru jiao nang	2
乌鸡白凤丸	wu ji bai feng wan	7
乌鸡白凤片	wu ji bai feng pian	2
乌鸡白凤颗粒	wu ji bai feng ke li	2
乌龙养血胶囊	wu long yang xue jiao nang	7
乐力	le li	5
乐力钙	le li gai	4
乐卡地平	le ka di ping	3
乐思哲	le si zhe	4
乔木层	qiao mu ceng	5
乙亚胺	yi ya an	3
乙双吗啉	yi shuang ma lin	4
乙型病毒性肝炎	yi xing bing du xing gan yan	9
乙型肝炎人免疫球蛋白	yi xing gan yan ren mian yi qiu dan bai	6
乙型肝炎免疫球蛋白	yi xing gan yan mian yi qiu dan bai	4
乙型肝炎疫苗	yi xing gan yan yi miao	5
乙型肝炎病毒	yi xing gan yan bing du	4
乙型脑炎减毒活疫苗	yi xing nao yan jian du huo yi miao	7
乙型脑炎灭活疫苗	yi xing nao yan mie huo yi miao	6
乙型脑炎纯化疫苗	yi xing nao yan chun hua yi miao	4
乙基纤维素	yi ji xian wei su	4
乙氧苯柳胺	yi yang ben liu an	2
乙水杨胺片	yi shui yang an pian	2
乙状结肠	yi zhuang jie chang	12
乙状结肠扭转	yi zhuang jie chang niu zhuan	1
乙状结肠系膜	yi zhuang jie chang xi mo	3
乙状结肠造瘘术	yi zhuang jie chang zao lou shu	2
乙状结肠镜检查	yi zhuang jie chang jing jian cha	4
乙琥胺	yi hu an	2
乙类传染病	yi lei chuan ran bing	10
乙肝两对半	yi gan liang dui ban	8
乙肝免疫球蛋白	yi gan mian yi qiu dan bai	8
乙肝核心抗体	yi gan he xin kang ti	4
乙肝清热解毒胶囊	yi gan qing re jie du jiao nang	2
乙肝灵丸	yi gan ling wan	3
乙肝灵胶囊	yi gan ling jiao nang	4
乙肝疫苗	yi gan yi miao	14
乙肝舒康	yi gan shu kang	3
乙肝舒康胶囊	yi gan shu kang jiao nang	3
乙肝表面抗体	yi gan biao mian kang ti	6
乙肝表面抗原	yi gan biao mian kang yuan	10
乙胺丁醇	yi an ding chun	2
乙胺吡嗪利福异烟片	yi an bi qin li fu yi yan pian	2
乙胺嘧啶	yi an mi ding	15
乙胺嘧啶片	yi an mi ding pian	2
乙脑减毒活疫苗	yi nao jian du huo yi miao	7
乙脑疫苗	yi nao yi miao	3
乙脑病毒	yi nao bing du	7
乙酰丙嗪	yi xian bing qin	1
乙酰半胱氨酸	yi xian ban guang an suan	3
乙酰半胱氨酸颗粒	yi xian ban guang an suan ke li	3
乙酰可待因	yi xian ke dai yin	4
乙酰唑胺	yi xian zuo an	4
乙酰唑胺片	yi xian zuo an pian	2
乙酰氨基酚	yi xian an ji fen	1
乙酰胆碱	yi xian dan jian	34
乙酰胆碱酯酶	yi xian dan jian zhi mei	34
乙酰胺注射液	yi xian an zhu she ye	4
乙酰螺旋霉素	yi xian luo xuan mei su	5
乙酰螺旋霉素片	yi xian luo xuan mei su pian	4
乙酰谷酰胺	yi xian gu xian an	2
乙酰麦迪霉素	yi xian mai di mei su	3
乙醇中毒	yi chun zhong du	2
乙醇溶液	yi chun rong ye	31
九制大黄丸	jiu zhi da huang wan	3
九华痔疮栓	jiu hua zhi chuang shuan	2
九华膏	jiu hua gao	3
九卷	jiu juan	34
九味健肾胶囊	jiu wei jian shen jiao nang	3
九味双解口服液	jiu wei shuang jie kou fu ye	3
九味沉香胶囊	jiu wei chen xiang jiao nang	2
九味石灰华散	jiu wei shi hui hua san	2
九味羌活丸	jiu wei qiang huo wan	4
九味羌活汤	jiu wei qiang huo tang	3
九味羌活颗粒	jiu wei qiang huo ke li	3
九味肝泰胶囊	jiu wei gan tai jiao nang	3
九节菖蒲	jiu jie chang pu	3
九里香	jiu li xiang	15
习惯性流产	xi guan xing liu chan	4
习惯性脱位	xi guan xing tuo wei	4
乡村医生	xiang cun yi sheng	10
乡镇卫生院	xiang zhen wei sheng yuan	7
买麻藤	mai ma teng	40
乳中	ru zhong	10
乳中穴	ru zhong xue	3
乳头内陷	ru tou nei xian	1
乳头溢液	ru tou yi ye	1
乳头状囊腺癌	ru tou zhuang nang xian ai	2
乳头状瘤	ru tou zhuang liu	10
乳头状腺瘤	ru tou zhuang xian liu	2
乳头瘤病毒	ru tou liu bing du	6
乳宁片	ru ning pian	2
乳宁胶囊	ru ning jiao nang	2
乳宁颗粒	ru ning ke li	2
乳房下垂	ru fang xia chui	8
乳房假体	ru fang jia ti	2
乳房再造术	ru fang zai zao shu	4
乳房发育不良	ru fang fa yu bu liang	3
乳房悬韧带	ru fang xuan ren dai	4
乳房湿疹	ru fang shi zhen	4
乳房肿块	ru fang zhong kuai	8
乳房良性肿瘤	ru fang liang xing zhong liu	5
乳果糖	ru guo tang	3
乳果糖口服溶液	ru guo tang kou fu rong ye	2
乳核内消片	ru he nei xiao pian	2
乳核散结片	ru he san jie pian	2
乳根	ru gen	5
乳根穴	ru gen xue	3
乳清蛋白粉	ru qing dan bai fen	4
乳牙列	ru ya lie	4
乳牙早失	ru ya zao shi	4
乳牙滞留	ru ya zhi liu	5
乳痂	ru jia	21
乳痛症	ru tong zheng	4
乳癖消片	ru pi xiao pian	4
乳癖清胶囊	ru pi qing jiao nang	2
乳突炎	ru tu yan	3
乳糖酸红霉素	ru tang suan hong mei su	4
乳糜尿	ru mi niao	5
乳糜微粒	ru mi wei li	10
乳糜胸	ru mi xiong	2
乳腺囊肿	ru xian nang zhong	1
乳腺增生	ru xian zeng sheng	1
乳腺外科	ru xian wai ke	5
乳腺导管扩张	ru xian dao guan kuo zhang	4
乳腺康注射液	ru xian kang zhu she ye	2
乳腺炎	ru xian yan	35
乳腺癌改良根治术	ru xian ai gai liang gen zhi shu	1
乳腺癌根治术	ru xian ai gen zhi shu	6
乳腺纤维腺瘤	ru xian xian wei xian liu	6
乳腺结核	ru xian jie he	3
乳腺腺病	ru xian xian bing	2
乳膏	ru gao	7
乳膏剂	ru gao ji	6
乳酶生	ru mei sheng	6
乳酶生片	ru mei sheng pian	5
乳酸亚铁糖浆	ru suan ya tie tang jiang	2
乳酸依沙吖啶	ru suan yi sha a ding	2
乳酸依沙吖啶注射液	ru suan yi sha a ding zhu she ye	3
乳酸依沙吖啶溶液	ru suan yi sha a ding rong ye	2
乳酸左氧氟沙星	ru suan zuo yang fu sha xing	2
乳酸左氧氟沙星注射液	ru suan zuo yang fu sha xing zhu she ye	3
乳酸左氧氟沙星片	ru suan zuo yang fu sha xing pian	2
乳酸性酸中毒	ru suan xing suan zhong du	6
乳酸溶液	ru suan rong ye	3
乳酸脱氢酶	ru suan tuo qing mei	11
乳酸菌素	ru suan jun su	4
乳酸菌素片	ru suan jun su pian	5
乳酸菌素颗粒	ru suan jun su ke li	2
乳酸钙片	ru suan gai pian	2
了哥王	liao ge wang	2
事件相关电位	shi jian xiang guan dian wei	5
二乙氨基乙醇	er yi an ji yi chun	2
二仙汤	er xian tang	3
二代病例	er dai bing li	1
二倍体细胞	er bei ti xi bao	8
二分体	er fen ti	10
二十五味余甘子丸	er shi wu wei yu gan zi wan	4
二十五味儿茶丸	er shi wu wei er cha wan	3
二十五味大汤丸	er shi wu wei da tang wan	2
二十五味松石丸	er shi wu wei song shi wan	4
二十五味珊瑚丸	er shi wu wei shan hu wan	2
二十五味珍珠丸	er shi wu wei zhen zhu wan	1
二十五味肺病丸	er shi wu wei fei bing wan	2
二十五味阿魏胶囊	er shi wu wei a wei jiao nang	2
二十五味驴血丸	er shi wu wei lv xue wan	3
二十五味鬼臼丸	er shi wu wei gui jiu wan	3
二十八烷醇	er shi ba wan chun	2
二十味肉豆蔻丸	er shi wei rou dou kou wan	4
二十碳四烯酸	er shi tan si xi suan	3
二咖啡酰奎尼酸	er ka fei xian kui ni suan	2
二尖瓣	er jian ban	20
二尖瓣关闭不全	er jian ban guan bi bu quan	5
二尖瓣成形术	er jian ban cheng xing shu	4
二尖瓣狭窄	er jian ban xia zhai	3
二尖瓣球囊扩张术	er jian ban qiu nang kuo zhang shu	3
二尖瓣置换术	er jian ban zhi huan shu	5
二尖瓣脱垂	er jian ban tuo chui	3
二尖瓣返流	er jian ban fan liu	4
二巯丁二酸	er qiu ding er suan	3
二巯丙磺钠注射液	er qiu bing huang na zhu she ye	2
二巯基丙磺酸钠	er qiu ji bing huang suan na	3
二异丙胺	er yi bing an	3
二异氰酸甲苯酯	er yi qing suan jia ben zhi	3
二期梅毒	er qi mei du	7
二期缝合	er qi feng he	4
二次感染	er ci gan ran	15
二次结构	er ci jie gou	8
二母宁嗽丸	er mu ning sou wan	3
二母宁嗽片	er mu ning sou pian	3
二母清肺丸	er mu qing fei wan	2
二氢吡啶	er qing bi ding	8
二氢埃托啡	er qing ai tuo fei	2
二氢睾酮	er qing gao tong	3
二氧丙嗪	er yang bing qin	3
二氧化氮	er yang hua dan	45
二氧化氯	er yang hua lv	5
二氧化硫中毒	er yang hua liu zhong du	4
二氧化碳中毒	er yang hua tan zhong du	7
二氧化碳分压	er yang hua tan fen ya	4
二氧化碳激光器	er yang hua tan ji guang qi	7
二氧化碳激光治疗	er yang hua tan ji guang zhi liao	3
二氧化碳麻醉	er yang hua tan ma zui	4
二氧化钛	er yang hua tai	25
二氮嗪	er dan qin	5
二氮嗪注射液	er dan qin zhu she ye	4
二氯乙烷	er lv yi wan	14
二氯乙烷中毒	er lv yi wan zhong du	8
二氯二氟甲烷	er lv er fu jia wan	3
二氯异氰尿酸钠	er lv yi qing niao suan na	1
二溴乙烷	er xiu yi wan	11
二溴氯丙烷	er xiu lv bing wan	4
二漏	er lou	4
二甲双胍	er jia shuang gua	20
二甲双胍格列本脲片	er jia shuang gua ge lie ben niao pian	2
二甲双胍缓释片	er jia shuang gua huan shi pian	5
二甲基乙酰胺	er jia ji yi xian an	3
二甲基甲酰胺	er jia ji jia xian an	20
二甲基苯胺	er jia ji ben an	7
二甲硅油	er jia gui you	3
二甲硅油乳剂	er jia gui you ru ji	3
二甲硅油气雾剂	er jia gui you qi wu ji	2
二甲硅油片	er jia gui you pian	3
二甲磺酸阿米三嗪	er jia huang suan a mi san qin	2
二甲苯中毒	er jia ben zhong du	2
二白	er bai	7
二硝基甲苯	er xiao ji jia ben	1
二硝基苯	er xiao ji ben	8
二硫化硒	er liu hua xi	1
二硫苏糖醇	er liu su tang chun	2
二磷酸果糖	er lin suan guo tang	4
二级医院	er ji yi yuan	23
二级预防	er ji yu fang	4
二羟基丙酮	er qiang ji bing tong	4
二羟苯甲酸	er qiang ben jia suan	3
二至丸	er zhi wan	5
二苯乙烯	er ben yi xi	7
二苯甲烷二异氰酸酯	er ben jia wan er yi qing suan zhi	2
二苯甲酮	er ben jia tong	4
二苯胺	er ben an	3
二重感染	er chong gan ran	2
二龙喉公园	er long hou gong yuan	4
云南白药创可贴	yun nan bai yao chuang ke tie	6
云南白药片	yun nan bai yao pian	3
云南白药胶囊	yun nan bai yao jiao nang	7
云南白药膏	yun nan bai yao gao	7
云南白药酊	yun nan bai yao ding	7
云母尘肺	yun mu chen fei	4
云芝糖肽	yun zhi tang tai	2
云芝胞内糖肽	yun zhi bao nei tang tai	2
云芝胞内糖肽胶囊	yun zhi bao nei tang tai jiao nang	3
云芝菌胶囊	yun zhi jun jiao nang	2
云门穴	yun men xue	3
互交	hu jiao	6
五仁丸	wu ren wan	2
五仁润肠丸	wu ren run chang wan	2
五加参归芪精	wu jia shen gui qi jing	2
五加皮	wu jia pi	2
五味子丸	wu wei zi wan	3
五味子乙素	wu wei zi yi su	2
五味子甲素	wu wei zi jia su	2
五味子糖浆	wu wei zi tang jiang	2
五味子颗粒	wu wei zi ke li	2
五味安神颗粒	wu wei an shen ke li	3
五味沙棘散	wu wei sha ji san	3
五味消毒饮	wu wei xiao du yin	4
五味黄连丸	wu wei huang lian wan	5
五子衍宗丸	wu zi yan zong wan	5
五官科学	wu guan ke xue	1
五心烦热	wu xin fan re	8
五更太平丸	wu geng tai ping wan	3
五更泄泻	wu geng xie xie	4
五氟利多	wu fu li duo	1
五氟利多片	wu fu li duo pian	3
五氯酚	wu lv fen	5
五氯酚钠	wu lv fen na	4
五海瘿瘤丸	wu hai ying liu wan	5
五灵肝复胶囊	wu ling gan fu jiao nang	2
五灵脂	wu ling zhi	1
五皮饮	wu pi yin	3
五禽戏	wu qin xi	2
五维赖氨酸片	wu wei lai an suan pian	3
五肽胃泌素	wu tai wei mi su	2
五苓散	wu ling san	5
五苓胶囊	wu ling jiao nang	2
五藏	wu zang	1
五行相生相克	wu xing xiang sheng xiang ke	6
五输穴	wu shu xue	3
亚叶酸钙	ya ye suan gai	3
亚急性	ya ji xing	47
亚急性甲状腺炎	ya ji xing jia zhuang xian yan	2
亚急性皮肤型红斑狼疮	ya ji xing pi fu xing hong ban lang chuang	2
亚急性硬化性全脑炎	ya ji xing ying hua xing quan nao yan	3
亚急性细菌性心内膜炎	ya ji xing xi jun xing xin nei mo yan	3
亚成虫	ya cheng chong	2
亚油酸甲酯	ya you suan jia zhi	3
亚甲蓝	ya jia lan	5
亚界	ya jie	22
亚砷酸氯化钠注射液	ya shen suan lv hua na zhu she ye	3
亚硝酸异戊酯	ya xiao suan yi wu zhi	3
亚硝酸异戊酯吸入剂	ya xiao suan yi wu zhi xi ru ji	2
亚硝酸钠注射液	ya xiao suan na zhu she ye	3
亚硫酸氢钠甲萘醌	ya liu suan qing na jia nai kun	2
亚硫酸盐	ya liu suan yan	31
亚胺培南	ya an pei nan	44
亚高山带	ya gao shan dai	4
亚麻子	ya ma zi	3
亡阳证	wang yang zheng	2
交会穴	jiao hui xue	5
交信	jiao xin	6
交叉免疫	jiao cha mian yi	1
交叉反应	jiao cha fan ying	15
交叉耐受	jiao cha nai shou	1
交叉配血试验	jiao cha pei xue shi yan	3
交感性眼炎	jiao gan xing yan yan	1
交感神经型颈椎病	jiao gan shen jing xing jing zhui bing	5
交感神经系统	jiao gan shen jing xi tong	12
交换子	jiao huan zi	5
交沙霉素片	jiao sha mei su pian	2
交界痣	jiao jie zhi	5
交界瘤	jiao jie liu	2
交通心肾	jiao tong xin shen	5
产伤	chan shang	9
产前出血	chan qian chu xue	17
产前子痫	chan qian zi xian	3
产前检查	chan qian jian cha	7
产前诊断	chan qian zhen duan	5
产卵场	chan luan chang	3
产后子宫复旧不全	chan hou zi gong fu jiu bu quan	2
产后甲状腺炎	chan hou jia zhuang xian yan	1
产后精神病	chan hou jing shen bing	3
产宝	chan bao	1
产热	chan re	8
产程延长	chan cheng yan chang	6
产褥期感染	chan ru qi gan ran	4
亨特氏综合征	heng te shi zong he zheng	2
京万红	jing wan hong	6
京万红软膏	jing wan hong ruan gao	4
京制牛黄解毒片	jing zhi niu huang jie du pian	5
京必舒新	jing bi shu xin	2
京都念慈庵	jing du nian ci an	17
京门	jing men	31
京门穴	jing men xue	2
亮丙瑞林	liang bing rui lin	6
亮嗓胖大海清咽糖	liang sang pang da hai qing yan tang	3
亮氨酸	liang an suan	31
亮甲	liang jia	7
亮菌甲素	liang jun jia su	4
亮菌甲素注射液	liang jun jia su zhu she ye	5
亲合力	qin he li	2
亲社会行为	qin she hui xing wei	3
人中穴	ren zhong xue	1
人为灾害	ren wei zai hai	2
人乳头瘤病毒	ren ru tou liu bing du	1
人体寄生虫学	ren ti ji sheng chong xue	1
人体形态学	ren ti xing tai xue	5
人体曲线	ren ti qu xian	1
人体模型	ren ti mo xing	24
人体测量学	ren ti ce liang xue	5
人体病理学	ren ti bing li xue	3
人体结构学	ren ti jie gou xue	1
人体解剖	ren ti jie pou	15
人体解剖学	ren ti jie pou xue	22
人体解剖生理学	ren ti jie pou sheng li xue	3
人体黄金分割	ren ti huang jin fen ge	2
人免疫球蛋白	ren mian yi qiu dan bai	6
人凝血酶原复合物	ren ning xue mei yuan fu he wu	4
人参健脾丸	ren shen jian pi wan	6
人参养荣丸	ren shen yang rong wan	5
人参养荣汤	ren shen yang rong tang	4
人参再造丸	ren shen zai zao wan	5
人参口服液	ren shen kou fu ye	3
人参叶	ren shen ye	5
人参固本丸	ren shen gu ben wan	2
人参多糖注射液	ren shen duo tang zhu she ye	2
人参天麻药酒	ren shen tian ma yao jiu	3
人参归脾丸	ren shen gui pi wan	4
人参皂苷	ren shen zao gan	19
人参胡桃汤	ren shen hu tao tang	2
人参芦	ren shen lu	2
人参芦头	ren shen lu tou	2
人参茎叶总皂苷注射液	ren shen jing ye zong zao gan zhu she ye	3
人参茎叶皂苷	ren shen jing ye zao gan	2
人参药酒	ren shen yao jiu	3
人参蛤蚧散	ren shen ge jie san	3
人参蜂王浆	ren shen feng wang jiang	5
人参袋泡茶	ren shen dai pao cha	2
人参首乌胶囊	ren shen shou wu jiao nang	4
人口学	ren kou xue	11
人字缝	ren zi feng	3
人工全髋关节置换术	ren gong quan kuan guan jie zhi huan shu	5
人工关节	ren gong guan jie	2
人工剥离胎盘术	ren gong bo li tai pan shu	2
人工喉	ren gong hou	4
人工晶体	ren gong jing ti	20
人工晶体植入术	ren gong jing ti zhi ru shu	8
人工概念	ren gong gai nian	2
人工泪液	ren gong lei ye	3
人工牙	ren gong ya	1
人工牛黄	ren gong niu huang	8
人工牛黄甲硝唑	ren gong niu huang jia xiao zuo	4
人工牛黄甲硝唑胶囊	ren gong niu huang jia xiao zuo jiao nang	7
人工瓣膜	ren gong ban mo	1
人工皮	ren gong pi	3
人工皮炎	ren gong pi yan	2
人工破膜	ren gong po mo	4
人工破膜术	ren gong po mo shu	2
人工种子	ren gong zhong zi	2
人工股骨头置换术	ren gong gu gu tou zhi huan shu	6
人工肺	ren gong fei	3
人工血管	ren gong xue guan	2
人工阴茎	ren gong yin jing	9
人工阴道	ren gong yin dao	4
人工骨	ren gong gu	7
人工髋关节	ren gong kuan guan jie	3
人工麝香	ren gong she xiang	1
人工鼻	ren gong bi	1
人格心理学	ren ge xin li xue	12
人狂犬病免疫球蛋白	ren kuang quan bing mian yi qiu dan bai	4
人用狂犬病纯化疫苗	ren yong kuang quan bing chun hua yi miao	2
人畜共患传染病	ren chu gong huan chuan ran bing	9
人痘接种	ren dou jie zhong	5
人知降糖胶囊	ren zhi jiang tang jiao nang	3
人破伤风免疫球蛋白	ren po shang feng mian yi qiu dan bai	4
人类免疫缺陷病毒	ren lei mian yi que xian bing du	47
人类疾病动物模型	ren lei ji bing dong wu mo xing	5
人类遗传学	ren lei yi chuan xue	14
人纤维蛋白原	ren xian wei dan bai yuan	1
人绒毛膜促性腺激素	ren rong mao mo cu xing xian ji su	6
人群易感性	ren qun yi gan xing	5
人胎盘片	ren tai pan pian	3
人胎盘组织液	ren tai pan zu zhi ye	5
人胎盘脂多糖注射液	ren tai pan zhi duo tang zhu she ye	2
人胰岛素	ren yi dao su	4
人血丙种球蛋白	ren xue bing zhong qiu dan bai	3
人血清白蛋白	ren xue qing bai dan bai	6
人血白蛋白	ren xue bai dan bai	1
人血白蛋白注射液	ren xue bai dan bai zhu she ye	4
人迎	ren ying	8
人迎穴	ren ying xue	4
人造器官	ren zao qi guan	8
人造血管	ren zao xue guan	8
人际沟通	ren ji gou tong	10
仁青常觉	ren qing chang jue	5
仁青芒觉	ren qing mang jue	4
仆参	pu can	2
介入医学	jie ru yi xue	7
介入放射学	jie ru fang she xue	1
介入治疗	jie ru zhi liao	22
他克莫司	ta ke mo si	6
他克莫司胶囊	ta ke mo si jiao nang	2
他唑巴坦	ta zuo ba tan	2
他唑巴坦钠	ta zuo ba tan na	5
他莫昔芬	ta mo xi fen	3
他达拉非	ta da la fei	8
仙乐雄胶囊	xian le xiong jiao nang	4
仙授理伤续断秘方	xian shou li shang xu duan mi fang	2
仙方活命饮	xian fang huo ming yin	2
仙灵骨葆胶囊	xian ling gu bao jiao nang	5
仙茅	xian mao	6
仙藜口服液	xian li kou fu ye	3
仙鹤草	xian he cao	7
代偿性肥大	dai chang xing fei da	1
代田稔	dai tian ren	4
代谢当量	dai xie dang liang	3
代谢性疾病	dai xie xing ji bing	6
代谢性白内障	dai xie xing bai nei zhang	3
代谢性碱中毒	dai xie xing jian zhong du	1
代谢性酸中毒	dai xie xing suan zhong du	9
代谢性骨病	dai xie xing gu bing	1
代谢紊乱	dai xie wen luan	10
代谢综合征	dai xie zong he zheng	5
代谢酶	dai xie mei	4
代谢障碍	dai xie zhang ai	7
代赭石	dai zhe shi	4
仪式化	yi shi hua	15
仲景胃灵丸	zhong jing wei ling wan	3
任应秋	ren ying qiu	3
任脉	ren mai	2
伊托必利	yi tuo bi li	3
伊曲康唑	yi qu kang zuo	5
伊曲康唑胶囊	yi qu kang zuo jiao nang	4
伊来西胺片	yi lai xi an pian	2
伊班膦酸钠注射液	yi ban lin suan na zhu she ye	2
伊立替康	yi li ti kang	1
伊维菌素	yi wei jun su	4
伊藤痣	yi teng zhi	5
伊蚊	yi wen	11
伊达比星	yi da bi xing	3
伍连德	wu lian de	13
伏兔	fu tu	1
伏格列波糖	fu ge lie bo tang	4
伏格列波糖胶囊	fu ge lie bo tang jiao nang	2
伏梁	fu liang	2
伏立康唑	fu li kang zuo	5
伏立康唑片	fu li kang zuo pian	2
伏龙肝	fu long gan	4
伐地那非	fa di na fei	1
伐昔洛韦	fa xi luo wei	3
休克型肺炎	xiu ke xing fei yan	2
休克肺	xiu ke fei	2
休息期	xiu xi qi	7
休止期脱发	xiu zhi qi tuo fa	8
休眠卵	xiu mian luan	2
休眠芽	xiu mian ya	4
众生胶囊	zhong sheng jiao nang	3
优氯净	you lv jing	6
优生优育	you sheng you yu	6
优生学	you sheng xue	20
优甲乐	you jia le	6
会厌囊肿	hui yan nang zhong	1
会厌软骨	hui yan ruan gu	6
会宗	hui zong	3
会穴	hui xue	3
会计学基础	kuai ji xue ji chu	2
会阳	hui yang	4
会阴切开术	hui yin qie kai shu	1
会阴疝	hui yin shan	2
会阴穴	hui yin xue	6
伞形花序	san xing hua xu	11
传代培养	chuan dai pei yang	1
传导性耳聋	chuan dao xing er long	6
传导路	chuan dao lu	3
传导通路	chuan dao tong lu	5
传播媒介	chuan bo mei jie	37
传播途径	chuan bo tu jing	34
传染性单核细胞增多症	chuan ran xing dan he xi bao zeng duo zheng	6
传染性红斑	chuan ran xing hong ban	1
传染性软疣	chuan ran xing ruan you	16
传染期	chuan ran qi	3
传染病学	chuan ran bing xue	37
传染病报告卡	chuan ran bing bao gao ka	5
传染过程	chuan ran guo cheng	1
传统科学	chuan tong ke xue	6
传递细胞	chuan di xi bao	1
伤口敷料	shang kou fu liao	2
伤寒杂病论	shang han za bing lun	6
伤寒杆菌	shang han gan jun	3
伤寒疫苗	shang han yi miao	9
伤寒菌苗	shang han jun miao	1
伤寒论	shang han lun	34
伤寒论选读	shang han lun xuan du	2
伤暑	shang shu	1
伤湿	shang shi	6
伤湿止痛膏	shang shi zhi tong gao	7
伤湿祛痛膏	shang shi qu tong gao	4
伤益气雾剂	shang yi qi wu ji	3
伤科接骨片	shang ke jie gu pian	3
伤风停片	shang feng ting pian	2
伤风止咳糖浆	shang feng zhi ke tang jiang	2
伤食	shang shi	6
伦琴	lun qin	18
伪影	wei ying	1
伪膜性肠炎	wei mo xing chang yan	1
伪足	wei zu	39
伯氨喹	bo an kui	2
伴性遗传	ban xing yi chuan	2
伴随免疫	ban sui mian yi	2
伴高血压	ban gao xue ya	5
伸筋丹胶囊	shen jin dan jiao nang	3
伸筋活络丸	shen jin huo luo wan	3
伸筋草	shen jin cao	4
伸肌	shen ji	5
似动现象	si dong xian xiang	3
伽玛刀治疗	jia ma dao zhi liao	5
位听神经	wei ting shen jing	2
低丙种球蛋白血症	di bing zhong qiu dan bai xue zheng	1
低体重儿	di ti zhong er	1
低分子右旋糖酐	di fen zi you xuan tang gan	4
低分子肝素	di fen zi gan su	6
低分子量肝素	di fen zi liang gan su	3
低分子量肝素钙注射液	di fen zi liang gan su gai zhu she ye	3
低密度脂蛋白	di mi du zhi dan bai	19
低密度脂蛋白胆固醇	di mi du zhi dan bai dan gu chun	9
低常儿童	di chang er tong	4
低氧	di yang	41
低温冰箱	di wen bing xiang	5
低白蛋白血症	di bai dan bai xue zheng	1
低盐饮食	di yan yin shi	2
低色素性贫血	di se su xing pin xue	1
低血容量	di xue rong liang	4
低血糖症	di xue tang zheng	5
低钙血症	di gai xue zheng	4
低钠血症	di na xue zheng	2
低钾血症	di jia xue zheng	7
低镁血症	di mei xue zheng	3
低颅压性头痛	di lu ya xing tou tong	2
佐剂	zuo ji	13
佐匹克隆	zuo pi ke long	20
佐匹克隆片	zuo pi ke long pian	5
佐米曲普坦	zuo mi qu pu tan	2
体位性低血压	ti wei xing di xue ya	8
体像障碍	ti xiang zhang ai	3
体内平衡	ti nei ping heng	8
体内过程	ti nei guo cheng	2
体外冲击波碎石	ti wai chong ji bo sui shi	6
体外反搏治疗	ti wai fan bo zhi liao	3
体外培育牛黄	ti wai pei yu niu huang	6
体外寄生虫	ti wai ji sheng chong	1
体循环	ti xun huan	14
体格检查	ti ge jian cha	9
体毛	ti mao	44
体液免疫	ti ye mian yi	6
体液调节	ti ye tiao jie	5
体温过低	ti wen guo di	14
体癣	ti xuan	2
体细胞突变	ti xi bao tu bian	2
体虚	ti xu	9
体虚感冒	ti xu gan mao	6
体虱	ti shi	4
体质性矮小	ti zhi xing ai xiao	3
体重减轻	ti zhong jian qing	49
何志平	he zhi ping	11
何若愚	he ruo yu	1
余云岫	yu yun xiu	1
余甘子	yu gan zi	5
余甘子喉片	yu gan zi hou pian	2
佛焰花序	fo yan hua xu	2
佛焰苞	fo yan bao	13
作业治疗学	zuo ye zhi liao xue	3
作业疗法	zuo ye liao fa	3
佩吉特氏病	pei ji te shi bing	4
佩夫人止咳露	pei fu ren zhi ke lu	3
使君子	shi jun zi	14
依从性	yi cong xing	9
依匹斯汀	yi pi si ting	2
依地酸钙钠	yi di suan gai na	3
依地酸钙钠注射液	yi di suan gai na zhu she ye	3
依巴斯汀	yi ba si ting	4
依巴斯汀片	yi ba si ting pian	2
依帕司他	yi pa si ta	3
依托咪酯	yi tuo mi zhi	3
依托度酸	yi tuo du suan	2
依托度酸片	yi tuo du suan pian	2
依托泊苷	yi tuo bo gan	7
依托泊苷注射液	yi tuo bo gan zhu she ye	2
依托红霉素颗粒	yi tuo hong mei su ke li	3
依替米星	yi ti mi xing	2
依沙吖啶	yi sha a ding	3
依苏	yi su	3
依西美坦	yi xi mei tan	2
依诺沙星	yi nuo sha xing	5
依诺沙星乳膏	yi nuo sha xing ru gao	2
依诺沙星滴眼液	yi nuo sha xing di yan ye	2
依诺肝素	yi nuo gan su	4
依赖型人格障碍	yi lai xing ren ge zhang ai	2
依达拉奉	yi da la feng	6
依那普利	yi na pu li	6
依那普利拉	yi na pu li la	2
依马打正红花油	yi ma da zheng hong hua you	2
侠溪	xia xi	1
侠溪穴	xia xi xue	2
侧单眼	ce dan yan	3
侧柏叶	ce bai ye	6
侧脑室	ce nao shi	3
侯凡凡	hou fan fan	1
侵袭力	qin xi li	6
便乃通茶	bian nai tong cha	4
便塞停	bian se ting	2
便血病	bian xue bing	2
便通胶囊	bian tong jiao nang	2
便闭	bian bi	4
促凝血药	cu ning xue yao	2
促卵泡生成素	cu luan pao sheng cheng su	3
促卵泡素	cu luan pao su	1
促性腺激素	cu xing xian ji su	14
促性腺激素释放激素	cu xing xian ji su shi fang ji su	6
促甲状腺激素	cu jia zhuang xian ji su	19
促皮质激素	cu pi zhi ji su	4
促皮质素	cu pi zhi su	1
促红细胞生成素	cu hong xi bao sheng cheng su	4
促肝细胞生长素	cu gan xi bao sheng zhang su	2
促肾上腺皮质激素	cu shen shang xian pi zhi ji su	9
促胰液素	cu yi ye su	4
促黄体生成激素	cu huang ti sheng cheng ji su	4
促黄体生成素	cu huang ti sheng cheng su	4
促黄体素	cu huang ti su	6
促黑素细胞激素	cu hei su xi bao ji su	1
俄歇电子	e xie dian zi	6
保元汤	bao yuan tang	4
保列治	bao lie zhi	5
保利尔胶囊	bao li er jiao nang	3
保卫细胞	bao wei xi bao	1
保和丸	bao he wan	7
保妇康凝胶	bao fu kang ning jiao	2
保妇康栓	bao fu kang shuan	4
保婴丹	bao ying dan	7
保守性	bao shou xing	19
保守疗法	bao shou liao fa	8
保护性免疫	bao hu xing mian yi	4
保护性抗原	bao hu xing kang yuan	1
保护膜	bao hu mo	9
保泰松	bao tai song	7
保济丸	bao ji wan	40
保济口服液	bao ji kou fu ye	5
保育培养	bao yu pei yang	2
保胎无忧片	bao tai wu you pian	2
保胎灵	bao tai ling	3
保胎灵胶囊	bao tai ling jiao nang	2
俞府	yu fu	2
俞府穴	yu fu xue	2
俞梦孙	yu meng sun	7
俞穴	yu xue	6
信号序列	xin hao xu lie	3
信息体	xin xi ti	4
信息素	xin xi su	20
修复体	xiu fu ti	6
修复术	xiu fu shu	9
修复酶	xiu fu mei	3
修饰基因	xiu shi ji yin	4
修饰行为	xiu shi xing wei	3
倍他乐克	bei ta le ke	6
倍他米松	bei ta mi song	4
倍他米松戊酸酯	bei ta mi song wu suan zhi	3
倍他米隆	bei ta mi long	2
倍氯米松	bei lv mi song	1
倍美力片	bei mei li pian	2
倒位	dao wei	6
倒扣草	dao kou cao	3
倒经	dao jing	4
倒置显微镜	dao zhi xian wei jing	5
倪葆春	ni bao chun	2
倾倒综合征	qing dao zong he zheng	3
假两性同体	jia liang xing tong ti	2
假两性畸形	jia liang xing ji xing	6
假体	jia ti	19
假单胞菌	jia dan bao jun	34
假怒	jia nu	2
假性动脉瘤	jia xing dong mai liu	1
假性幻觉	jia xing huan jue	3
假性延髓麻痹	jia xing yan sui ma bi	3
假性性早熟	jia xing xing zao shu	8
假性斑秃	jia xing ban tu	2
假性球麻痹	jia xing qiu ma bi	3
假性痴呆	jia xing chi dai	4
假性肥大	jia xing fei da	3
假根	jia gen	8
假狂犬病	jia kuang quan bing	4
假眼	jia yan	9
假肥大性肌营养不良	jia fei da xing ji ying yang bu liang	3
假阳性	jia yang xing	31
假阴性	jia yin xing	12
偏历	pian li	1
偏态分布	pian tai fen bu	7
偏执型人格障碍	pian zhi xing ren ge zhang ai	2
偏执型精神分裂症	pian zhi xing jing shen fen lie zheng	5
偏执状态	pian zhi zhuang tai	7
偏振光显微镜	pian zhen guang xian wei jing	1
偏流	pian liu	2
偏瘫复原丸	pian tan fu yuan wan	4
偏盲	pian mang	1
偏航	pian hang	16
停药反应	ting yao fan ying	5
健儿止泻颗粒	jian er zhi xie ke li	3
健儿消食口服液	jian er xiao shi kou fu ye	5
健儿清解液	jian er qing jie ye	4
健儿疳积散	jian er gan ji san	2
健康促进	jian kang cu jin	40
健康带菌者	jian kang dai jun zhe	7
健康心理学	jian kang xin li xue	5
健康教育学	jian kang jiao yu xue	1
健康档案	jian kang dang an	28
健康行为	jian kang xing wei	14
健康证	jian kang zheng	3
健康评估	jian kang ping gu	9
健延龄胶囊	jian yan ling jiao nang	3
健民咽喉片	jian min yan hou pian	3
健肾生发丸	jian shen sheng fa wan	4
健肾益肺口服液	jian shen yi fei kou fu ye	2
健肾益肺颗粒	jian shen yi fei ke li	2
健胃消炎颗粒	jian wei xiao yan ke li	2
健胃消食口服液	jian wei xiao shi kou fu ye	3
健胃消食片	jian wei xiao shi pian	9
健脑益气片	jian nao yi qi pian	2
健脑胶囊	jian nao jiao nang	4
健脑补肾丸	jian nao bu shen wan	2
健脾	jian pi	14
健脾丸	jian pi wan	4
健脾五味丸	jian pi wu wei wan	2
健脾化湿	jian pi hua shi	8
健脾壮腰药酒	jian pi zhuang yao yao jiu	2
健脾止遗片	jian pi zhi yi pian	4
健脾消食丸	jian pi xiao shi wan	2
健脾益气	jian pi yi qi	9
健脾益肾	jian pi yi shen	7
健脾益肾颗粒	jian pi yi shen ke li	3
健脾祛湿	jian pi qu shi	8
健脾糕片	jian pi gao pian	2
健脾补血	jian pi bu xue	6
健身跑	jian shen pao	9
健身长春膏	jian shen chang chun gao	2
健阳胶囊	jian yang jiao nang	3
偶合反应	ou he fan ying	13
傅培彬	fu pei bin	1
储存宿主	chu cun su zhu	2
催产素	cui chan su	31
催产素引产	cui chan su yin chan	2
催眠剂	cui mian ji	6
催眠药	cui mian yao	8
僵人综合征	jiang ren zong he zheng	1
儿康宁糖浆	er kang ning tang jiang	3
儿感清口服液	er gan qing kou fu ye	3
儿泻康贴膜	er xie kang tie mo	4
儿科七厘散	er ke qi li san	2
儿科学	er ke xue	42
儿科护理学	er ke hu li xue	2
儿童保健学	er tong bao jian xue	5
儿童口腔医学	er tong kou qiang yi xue	1
儿童咳液	er tong ke ye	3
儿童少年卫生学	er tong shao nian wei sheng xue	2
儿童感热清丸	er tong gan re qing wan	3
儿童护理	er tong hu li	8
儿童清肺丸	er tong qing fei wan	4
儿童清肺口服液	er tong qing fei kou fu ye	4
儿童脑性瘫痪	er tong nao xing tan huan	4
儿童高钙片	er tong gao gai pian	3
儿童鼻窦炎	er tong bi dou yan	5
儿茶素	er cha su	7
儿茶酸	er cha suan	9
元参	yuan shen	2
元洲仔	yuan zhou zai	24
元神之府	yuan shen zhi fu	4
元素主义	yuan su zhu yi	2
元胡止痛滴丸	yuan hu zhi tong di wan	4
元胡止痛片	yuan hu zhi tong pian	4
元胡止痛胶囊	yuan hu zhi tong jiao nang	3
充溢性尿失禁	chong yi xing niao shi jin	2
充盈缺损	chong ying que sun	4
充血性心力衰竭	chong xue xing xin li shuai jie	35
先兆临产	xian zhao lin chan	5
先兆子痫	xian zhao zi xian	1
先兆早产	xian zhao zao chan	7
先兆流产	xian zhao liu chan	1
先天性主动脉缩窄	xian tian xing zhu dong mai suo zhai	3
先天性代谢缺陷	xian tian xing dai xie que xian	2
先天性再生障碍性贫血	xian tian xing zai sheng zhang ai xing pin xue	4
先天性动脉瘤	xian tian xing dong mai liu	4
先天性卵巢发育不全	xian tian xing luan chao fa yu bu quan	5
先天性后鼻孔闭锁	xian tian xing hou bi kong bi suo	3
先天性喉喘鸣	xian tian xing hou chuan ming	3
先天性喉蹼	xian tian xing hou pu	2
先天性垂直距骨	xian tian xing chui zhi ju gu	2
先天性多毛症	xian tian xing duo mao zheng	4
先天性巨结肠	xian tian xing ju jie chang	2
先天性弱视	xian tian xing ruo shi	7
先天性心脏病	xian tian xing xin zang bing	33
先天性愚型	xian tian xing yu xing	6
先天性斜颈	xian tian xing xie jing	5
先天性无虹膜	xian tian xing wu hong mo	4
先天性晶状体脱位	xian tian xing jing zhuang ti tuo wei	2
先天性梅毒	xian tian xing mei du	8
先天性漏斗胸	xian tian xing lou dou xiong	4
先天性疾病	xian tian xing ji bing	9
先天性白内障	xian tian xing bai nei zhang	2
先天性眼球震颤	xian tian xing yan qiu zhen chan	4
先天性睑内翻	xian tian xing jian nei fan	2
先天性秃发	xian tian xing tu fa	2
先天性缺牙	xian tian xing que ya	2
先天性耳前瘘管	xian tian xing er qian lou guan	2
先天性耳聋	xian tian xing er long	1
先天性肌强直	xian tian xing ji qiang zhi	2
先天性肌病	xian tian xing ji bing	2
先天性肝内胆管扩张	xian tian xing gan nei dan guan kuo zhang	4
先天性肝囊肿	xian tian xing gan nang zhong	2
先天性肺动脉狭窄	xian tian xing fei dong mai xia zhai	5
先天性肺动静脉瘘	xian tian xing fei dong jing mai lou	2
先天性肺发育不全	xian tian xing fei fa yu bu quan	2
先天性肺囊肿	xian tian xing fei nang zhong	4
先天性肾囊肿	xian tian xing shen nang zhong	3
先天性肿瘤	xian tian xing zhong liu	5
先天性脑积水	xian tian xing nao ji shui	8
先天性脑血管畸形	xian tian xing nao xue guan ji xing	6
先天性脱发	xian tian xing tuo fa	4
先天性膈疝	xian tian xing ge shan	5
先天性色痣	xian tian xing se zhi	2
先天性足畸形	xian tian xing zu ji xing	3
先天性阴道闭锁	xian tian xing yin dao bi suo	3
先天性青光眼	xian tian xing qing guang yan	7
先天性风疹综合征	xian tian xing feng zhen zong he zheng	4
先天性风疹综合症	xian tian xing feng zhen zong he zheng	2
先天性食管狭窄	xian tian xing shi guan xia zhai	3
先天性食管闭锁	xian tian xing shi guan bi suo	5
先天性马蹄内翻足	xian tian xing ma ti nei fan zu	7
先天性髋关节发育不良	xian tian xing kuan guan jie fa yu bu liang	4
先天性髋关节脱位	xian tian xing kuan guan jie tuo wei	7
先天性髋内翻	xian tian xing kuan nei fan	2
先天性髋脱位	xian tian xing kuan tuo wei	3
先天性髌骨脱位	xian tian xing bin gu tuo wei	2
先天梅毒	xian tian mei du	1
先强严灵	xian qiang yan ling	2
先证者	xian zheng zhe	4
光动力学疗法	guang dong li xue liao fa	3
光动力疗法	guang dong li liao fa	1
光化性唇炎	guang hua xing chun yan	2
光化性角化病	guang hua xing jiao hua bing	3
光固化	guang gu hua	3
光固化机	guang gu hua ji	4
光固化树脂	guang gu hua shu zhi	3
光学显微镜	guang xue xian wei jing	49
光导	guang dao	11
光感受器	guang gan shou qi	9
光接触性皮炎	guang jie chu xing pi yan	2
光敏性皮炎	guang min xing pi yan	6
光敏物质	guang min wu zhi	2
光明穴	guang ming xue	3
光果甘草	guang guo gan cao	5
光毒性反应	guang du xing fan ying	1
光毒性皮炎	guang du xing pi yan	3
光气	guang qi	39
光气中毒	guang qi zhong du	4
光泽度	guang ze du	7
光点	guang dian	11
光电效应	guang dian xiao ying	10
光疗法	guang liao fa	2
光线性唇炎	guang xian xing chun yan	3
光线性角化病	guang xian xing jiao hua bing	3
光老化	guang lao hua	2
光谱分析	guang pu fen xi	22
光谱图	guang pu tu	1
光辉霉素	guang hui mei su	2
光适应	guang shi ying	4
克仑特罗	ke lun te luo	5
克伤痛搽剂	ke shang tong cha ji	2
克伦特罗	ke lun te luo	1
克咳敏	ke ke min	4
克咳胶囊	ke ke jiao nang	2
克感利咽颗粒	ke gan li yan ke li	2
克拉克现象	ke la ke xian xiang	3
克拉维酸	ke la wei suan	5
克拉维酸钾	ke la wei suan jia	5
克拉霉素	ke la mei su	5
克拉霉素干混悬剂	ke la mei su gan hun xuan ji	3
克拉霉素片	ke la mei su pian	2
克拉霉素胶囊	ke la mei su jiao nang	4
克拉霉素颗粒	ke la mei su ke li	2
克林霉素	ke lin mei su	6
克林霉素磷酸酯	ke lin mei su lin suan zhi	6
克林霉素磷酸酯注射液	ke lin mei su lin suan zhi zhu she ye	8
克氏针	ke shi zhen	1
克氏锥虫	ke shi zhui chong	5
克汀病	ke ting bing	1
克淋通胶囊	ke lin tong jiao nang	5
克痒舒洗液	ke yang shu xi ye	3
克痢痧胶囊	ke li sha jiao nang	3
克痹骨泰胶囊	ke bi gu tai jiao nang	2
克罗恩病	ke luo en bing	8
克银丸	ke yin wan	3
克隆变异	ke long bian yi	2
克隆繁殖	ke long fan zhi	4
克霉唑	ke mei zuo	1
克霉唑乳膏	ke mei zuo ru gao	3
克霉唑栓	ke mei zuo shuan	2
克霉唑片	ke mei zuo pian	2
克霉唑癣药水	ke mei zuo xuan yao shui	2
克霉唑软膏	ke mei zuo ruan gao	4
克霉唑阴道片	ke mei zuo yin dao pian	2
免疫佐剂	mian yi zuo ji	2
免疫力低下	mian yi li di xia	12
免疫功能	mian yi gong neng	37
免疫化学	mian yi hua xue	4
免疫印迹法	mian yi yin ji fa	2
免疫原	mian yi yuan	4
免疫原性	mian yi yuan xing	26
免疫吸附柱	mian yi xi fu zhu	2
免疫器官	mian yi qi guan	3
免疫固定电泳	mian yi gu ding dian yong	3
免疫增强药	mian yi zeng qiang yao	2
免疫复合物	mian yi fu he wu	1
免疫学检验	mian yi xue jian yan	1
免疫屏障	mian yi ping zhang	4
免疫应答	mian yi ying da	45
免疫性	mian yi xing	15
免疫成功率	mian yi cheng gong lv	4
免疫抑制	mian yi yi zhi	35
免疫抑制剂	mian yi yi zhi ji	42
免疫抑制疗法	mian yi yi zhi liao fa	1
免疫抗体	mian yi kang ti	2
免疫排斥	mian yi pai chi	2
免疫接种	mian yi jie zhong	22
免疫效果	mian yi xiao guo	4
免疫核糖核酸	mian yi he tang he suan	3
免疫毒性	mian yi du xing	3
免疫毒素	mian yi du su	2
免疫活性	mian yi huo xing	4
免疫活性细胞	mian yi huo xing xi bao	4
免疫球蛋白基因	mian yi qiu dan bai ji yin	1
免疫生物学	mian yi sheng wu xue	2
免疫电泳	mian yi dian yong	2
免疫疗法	mian yi liao fa	34
免疫病理学	mian yi bing li xue	2
免疫监视	mian yi jian shi	1
免疫程序	mian yi cheng xu	1
免疫策略	mian yi ce lve	2
免疫组织化学法	mian yi zu zhi hua xue fa	1
免疫缺乏	mian yi que fa	39
免疫缺陷	mian yi que xian	37
免疫缺陷病	mian yi que xian bing	2
免疫网络	mian yi wang luo	4
免疫耐受	mian yi nai shou	3
免疫耐受性	mian yi nai shou xing	1
免疫荧光	mian yi ying guang	6
免疫荧光试验	mian yi ying guang shi yan	1
免疫血清	mian yi xue qing	1
免疫规划	mian yi gui hua	10
免疫记忆	mian yi ji yi	3
免疫诊断	mian yi zhen duan	3
免疫调节	mian yi tiao jie	16
免疫遗传学	mian yi yi chuan xue	2
免疫防御	mian yi fang yu	2
免疫预防	mian yi yu fang	1
兔热病	tu re bing	8
兔眼	tu yan	1
兔耳草	tu er cao	34
全冠	quan guan	4
全口义齿	quan kou yi chi	6
全同胞	quan tong bao	3
全喉切除术	quan hou qie chu shu	5
全天麻胶囊	quan tian ma jiao nang	3
全瓷冠	quan ci guan	7
全瓷牙	quan ci ya	8
全白内障	quan bai nei zhang	2
全秃	quan tu	3
全科医学	quan ke yi xue	42
全科医学概论	quan ke yi xue gai lun	3
全肺切除术	quan fei qie chu shu	1
全胃切除术	quan wei qie chu shu	4
全能性	quan neng xing	3
全能细胞	quan neng xi bao	3
全膀胱切除术	quan pang guang qie chu shu	4
全色盲	quan se mang	4
全葡萄膜炎	quan pu tao mo yan	3
全血黏度	quan xue nian du	2
全身乏力	quan shen fa li	1
全身体格检查	quan shen ti ge jian cha	4
全身作用	quan shen zuo yong	4
全身性感染	quan shen xing gan ran	11
全身感染	quan shen gan ran	2
全身炎症反应综合征	quan shen yan zheng fan ying zong he zheng	4
全身麻醉	quan shen ma zui	37
全身麻醉药	quan shen ma zui yao	23
全髋关节置换术	quan kuan guan jie zhi huan shu	5
全鹿丸	quan lu wan	4
全鹿大补丸	quan lu da bu wan	3
八仙长寿丸	ba xian chang shou wan	3
八会穴	ba hui xue	2
八十一难	ba shi yi nan	4
八华	ba hua	7
八味和胃口服液	ba wei he wei kou fu ye	2
八味地黄丸	ba wei di huang wan	3
八味沉香丸	ba wei chen xiang wan	2
八味沉香散	ba wei chen xiang san	2
八味石灰华丸	ba wei shi hui hua wan	4
八宝眼药	ba bao yan yao	2
八段锦	ba duan jin	5
八氟环丁烷	ba fu huan ding wan	2
八珍丸	ba zhen wan	3
八珍汤	ba zhen tang	6
八珍片	ba zhen pian	3
八珍益母丸	ba zhen yi mu wan	4
八珍颗粒	ba zhen ke li	3
八纲辨证	ba gang bian zheng	1
八角枫	ba jiao feng	7
八角茴香	ba jiao hui xiang	4
八角茴香水	ba jiao hui xiang shui	3
八通关	ba tong guan	16
八邪	ba xie	3
八邪穴	ba xie xue	2
八风	ba feng	5
公丁香	gong ding xiang	5
公孙穴	gong sun xue	3
六一散	liu yi san	6
六合定中丸	lu he ding zhong wan	3
六君子丸	liu jun zi wan	4
六君子汤	liu jun zi tang	4
六味地黄	liu wei di huang	4
六味地黄丸	liu wei di huang wan	10
六味地黄口服液	liu wei di huang kou fu ye	2
六味地黄滴丸	liu wei di huang di wan	2
六味地黄片	liu wei di huang pian	2
六味地黄胶囊	liu wei di huang jiao nang	5
六味地黄膏	liu wei di huang gao	2
六味地黄软胶囊	liu wei di huang ruan jiao nang	3
六味壮骨	liu wei zhuang gu	3
六味安消胶囊	liu wei an xiao jiao nang	4
六味防脱生发酊	liu wei fang tuo sheng fa ding	3
六味香连胶囊	liu wei xiang lian jiao nang	2
六氯苯	liu lv ben	5
六淫	liu yin	3
六甲溴铵	liu jia xiu an	2
六神丸	liu shen wan	6
六神散	liu shen san	4
六经辨证	liu jing bian zheng	2
兰室秘藏	lan shi mi cang	2
兰州生物制品研究所	lan zhou sheng wu zhi pin yan jiu suo	8
兰索拉唑片	lan suo la zuo pian	4
兰索拉唑肠溶片	lan suo la zuo chang rong pian	2
兰索拉唑肠溶胶囊	lan suo la zuo chang rong jiao nang	2
共同性外斜视	gong tong xing wai xie shi	3
共同性斜视	gong tong xing xie shi	4
共同抗原	gong tong kang yuan	1
共同运动	gong tong yun dong	5
共培养	gong pei yang	17
共振论	gong zhen lun	2
共济失调	gong ji shi tiao	21
共生固氮	gong sheng gu dan	1
共生生物	gong sheng sheng wu	1
共生细菌	gong sheng xi jun	7
共聚焦显微镜	gong ju jiao xian wei jing	2
共转染	gong zhuan ran	2
共运输	gong yun shu	2
关元	guan yuan	16
关元俞穴	guan yuan shu xue	2
关元穴	guan yuan xue	1
关冲	guan chong	1
关木通	guan mu tong	16
关白附	guan bai fu	2
关系妄想	guan xi wang xiang	6
关节僵硬	guan jie jiang ying	2
关节内游离体	guan jie nei you li ti	9
关节囊	guan jie nang	12
关节学	guan jie xue	3
关节强直	guan jie qiang zhi	1
关节扭伤	guan jie niu shang	4
关节止痛膏	guan jie zhi tong gao	4
关节活动度	guan jie huo dong du	3
关节畸形	guan jie ji xing	8
关节疼痛	guan jie teng tong	20
关节盂	guan jie yu	4
关节盘	guan jie pan	1
关节腔	guan jie qiang	4
关节软骨	guan jie ruan gu	23
关节镜	guan jie jing	9
关节镜检查	guan jie jing jian cha	8
关节面	guan jie mian	27
关通舒胶囊	guan tong shu jiao nang	2
关闸广场	guan zha guang chang	18
关闸马路	guan zha ma lu	12
兴奋性	xing fen xing	12
兴奋性突触	xing fen xing tu chu	1
其他粉尘	qi ta fen chen	5
具体运算阶段	ju ti yun suan jie duan	2
典型肺结核	dian xing fei jie he	2
养心宁神丸	yang xin ning shen wan	5
养心安神	yang xin an shen	9
养心定悸口服液	yang xin ding ji kou fu ye	3
养心定悸膏	yang xin ding ji gao	2
养心汤	yang xin tang	4
养正消积胶囊	yang zheng xiao ji jiao nang	3
养老穴	yang lao xue	4
养肝胶囊	yang gan jiao nang	2
养肾活血酒	yang shen huo xue jiu	3
养胃舒胶囊	yang wei shu jiao nang	4
养胃舒颗粒	yang wei shu ke li	2
养胃颗粒	yang wei ke li	2
养荣祛斑膏	yang rong qu ban gao	2
养血口服液	yang xue kou fu ye	2
养血安神	yang xue an shen	1
养血安神丸	yang xue an shen wan	4
养血安神片	yang xue an shen pian	4
养血当归糖浆	yang xue dang gui tang jiang	3
养血清脑丸	yang xue qing nao wan	3
养血清脑颗粒	yang xue qing nao ke li	4
养血生发胶囊	yang xue sheng fa jiao nang	4
养血荣筋丸	yang xue rong jin wan	4
养血补肾丸	yang xue bu shen wan	4
养血调经	yang xue tiao jing	6
养阴口香合剂	yang yin kou xiang he ji	6
养阴清肺	yang yin qing fei	6
养阴清肺丸	yang yin qing fei wan	5
养阴清肺口服液	yang yin qing fei kou fu ye	4
养阴清肺汤	yang yin qing fei tang	4
养阴清肺糖浆	yang yin qing fei tang jiang	3
养阴清肺膏	yang yin qing fei gao	3
养阴降压胶囊	yang yin jiang ya jiao nang	4
兼性厌氧菌	jian xing yan yang jun	3
内侧楔骨	nei ce xie gu	2
内侧纵束	nei ce zong shu	2
内侧隆起	nei ce long qi	2
内侧韧带	nei ce ren dai	5
内倒转术	nei dao zhuan shu	2
内关	nei guan	8
内分泌失调	nei fen mi shi tiao	7
内分泌病	nei fen mi bing	3
内分泌系统	nei fen mi xi tong	17
内分泌腺	nei fen mi xian	27
内切酶	nei qie mei	2
内含子	nei han zi	21
内囊	nei nang	6
内因子	nei yin zi	1
内容效度	nei rong xiao du	5
内庭穴	nei ting xue	2
内斜视	nei xie shi	16
内板	nei ban	7
内毒素	nei du su	8
内消	nei xiao	28
内消瘰疬片	nei xiao luo li pian	2
内源基因	nei yuan ji yin	1
内源性感染	nei yuan xing gan ran	4
内源性支气管哮喘	nei yuan xing zhi qi guan xiao chuan	3
内照射	nei zhao she	9
内环境	nei huan jing	28
内环境稳定	nei huan jing wen ding	5
内皮素	nei pi su	3
内皮舒张因子	nei pi shu zhang yin zi	2
内眦赘皮	nei zi zhui pi	2
内眦赘皮矫正术	nei zi zhui pi jiao zheng shu	3
内科学基础	nei ke xue ji chu	2
内科护理学	nei ke hu li xue	4
内细胞群	nei xi bao qun	3
内经选读	nei jing xuan du	2
内翻性乳头状瘤	nei fan xing ru tou zhuang liu	3
内翻足	nei fan zu	5
内耳疾病	nei er ji bing	5
内胚层	nei pei ceng	10
内胚窦瘤	nei pei dou liu	4
内脏下垂	nei zang xia chui	7
内脏痛	nei zang tong	4
内脏神经	nei zang shen jing	3
内膜系统	nei mo xi tong	3
内膝眼	nei xi yan	2
内补养荣丸	nei bu yang rong wan	3
内踝	nei huai	6
内踝尖	nei huai jian	6
内部言语	nei bu yan yu	2
内镜逆行胰胆管造影	nei jing ni xing yi dan guan zao ying	4
内闭外脱	nei bi wai tuo	1
内隐斜	nei yin xie	2
内隐记忆	nei yin ji yi	3
内韧带	nei ren dai	6
冈上肌	gang shang ji	4
冈下肌	gang xia ji	2
冉雪峰	ran xue feng	2
再分	zai fen	11
再分化	zai fen hua	5
再分布	zai fen bu	5
再受精	zai shou jing	4
再变态	zai bian tai	3
再循环	zai xun huan	26
再灌注损伤	zai guan zhu sun shang	1
再生不良性贫血	zai sheng bu liang xing pin xue	11
再生障碍性贫血	zai sheng zhang ai xing pin xue	7
再通	zai tong	9
再造想象	zai zao xiang xiang	2
再造林	zai zao lin	1
再造生血片	zai zao sheng xue pian	2
军团菌	jun tuan jun	8
军团菌感染	jun tuan jun gan ran	4
军团菌病	jun tuan jun bing	6
农民肺	nong min fei	3
冠周炎	guan zhou yan	5
冠心丹参片	guan xin dan shen pian	2
冠心丹参胶囊	guan xin dan shen jiao nang	2
冠心宁	guan xin ning	3
冠心宁注射液	guan xin ning zhu she ye	3
冠心生脉丸	guan xin sheng mai wan	3
冠心苏合丸	guan xin su he wan	4
冠心苏合胶囊	guan xin su he jiao nang	3
冠心静片	guan xin jing pian	2
冠沟	guan gou	3
冠状动脉搭桥术	guan zhuang dong mai da qiao shu	7
冠状动脉狭窄	guan zhuang dong mai xia zhai	7
冠状动脉痉挛	guan zhuang dong mai jing luan	1
冠状动脉造影	guan zhuang dong mai zao ying	3
冠状沟	guan zhuang gou	4
冠状窦	guan zhuang dou	4
冠状缝	guan zhuang feng	4
冠状面	guan zhuang mian	3
冠突	guan tu	2
冠脉循环	guan mai xun huan	3
冠脉搭桥术	guan mai da qiao shu	6
冠脉通片	guan mai tong pian	4
冬凌草	dong ling cao	3
冬凌草片	dong ling cao pian	4
冬凌草甲素	dong ling cao jia su	3
冬凌草糖浆	dong ling cao tang jiang	2
冬瓜仁	dong gua ren	6
冬瓜子	dong gua zi	5
冬瓜皮	dong gua pi	8
冬眠灵	dong mian ling	5
冬芽	dong ya	5
冬葵子	dong kui zi	2
冯了性风湿跌打药酒	feng liao xing feng shi die da yao jiu	3
冰栀伤痛气雾剂	bing zhi shang tong qi wu ji	2
冰点降低法	bing dian jiang di fa	2
冰硼含片	bing peng han pian	2
冰硼散	bing peng san	5
冰箱病	bing xiang bing	6
冰醋酸溶液	bing cu suan rong ye	3
冰黄肤乐软膏	bing huang fu le ruan gao	2
冲任不固	chong ren bu gu	4
冲击伤	chong ji shang	1
冲击疗法	chong ji liao fa	6
冲洗器	chong xi qi	1
冲门	chong men	10
冲门穴	chong men xue	2
冲阳	chong yang	2
决明子	jue ming zi	13
冷休克	leng xiu ke	3
冷伤	leng shang	4
冷冻保存	leng dong bao cun	12
冷冻保护剂	leng dong bao hu ji	11
冷冻干燥法	leng dong gan zao fa	2
冷冻疗法	leng dong liao fa	4
冷冻置换	leng dong zhi huan	2
冷却速度	leng que su du	6
冷厥	leng jue	3
冷球蛋白血症	leng qiu dan bai xue zheng	3
冷疗法	leng liao fa	3
冷纤维蛋白原血症	leng xian wei dan bai yuan xue zheng	2
冷藏包	leng cang bao	1
冷藏运输	leng cang yun shu	3
冷觉	leng jue	4
冷链系统	leng lian xi tong	1
冻原	dong yuan	48
冻干人凝血酶原复合物	dong gan ren ning xue mei yuan fu he wu	3
冻干人用狂犬病疫苗	dong gan ren yong kuang quan bing yi miao	6
冻干人血浆	dong gan ren xue jiang	3
冻干水痘减毒活疫苗	dong gan shui dou jian du huo yi miao	4
冻干疫苗	dong gan yi miao	3
冻干粉针剂	dong gan fen zhen ji	7
冻干重组人脑利钠肽	dong gan chong zu ren nao li na tai	2
冻疮膏	dong chuang gao	8
冻结肩	dong jie jian	5
净化水	jing hua shui	6
凉膈散	liang ge san	3
凉血止血	liang xue zhi xue	1
凌一揆	ling yi kui	2
凌霄花	ling xiao hua	2
减压病	jian ya bing	8
减毒活疫苗	jian du huo yi miao	15
减肥茶	jian fei cha	9
减肥贴	jian fei tie	5
减脂	jian zhi	10
凝乳酶	ning ru mei	2
凝固性坏死	ning gu xing huai si	6
凝聚法	ning ju fa	3
凝胶剂	ning jiao ji	7
凝血因子	ning xue yin zi	48
凝血机制	ning xue ji zhi	7
凝血活酶	ning xue huo mei	12
凝血酶	ning xue mei	14
凝血酶原	ning xue mei yuan	9
凝血酶原复合物	ning xue mei yuan fu he wu	6
凝血酶原时间	ning xue mei yuan shi jian	9
凝血酶时间	ning xue mei shi jian	1
凝血障碍	ning xue zhang ai	9
凝集原	ning ji yuan	2
凝集反应	ning ji fan ying	1
凝集素	ning ji su	31
几何平均数	ji he ping jun shu	3
凤凰衣	feng huang yi	5
凤尾草	feng wei cao	1
凹甲	ao jia	6
凹陷性疤痕	ao xian xing ba hen	5
凹陷瘢痕	ao xian ban hen	3
出牙	chu ya	8
出血倾向	chu xue qing xiang	3
出血性休克	chu xue xing xiu ke	6
出血性梗死	chu xue xing geng si	2
出血性直肠炎	chu xue xing zhi chang yan	2
出血性膀胱炎	chu xue xing pang guang yan	1
出血时间	chu xue shi jian	1
出血点	chu xue dian	1
出血热	chu xue re	45
函数模型	han shu mo xing	5
刀柄	dao bing	49
分光光度法	fen guang guang du fa	16
分光光度计	fen guang guang du ji	21
分光计	fen guang ji	5
分化因子	fen hua yin zi	1
分子免疫学	fen zi mian yi xue	6
分子影像学	fen zi ying xiang xue	1
分子杂交	fen zi za jiao	2
分子病毒学	fen zi bing du xue	7
分子病理学	fen zi bing li xue	1
分子细胞遗传学	fen zi xi bao yi chuan xue	2
分子药理学	fen zi yao li xue	1
分子识别	fen zi shi bie	4
分子遗传学	fen zi yi chuan xue	41
分层抽样	fen ceng chou yang	2
分布类型	fen bu lei xing	4
分散体系	fen san ti xi	5
分散法	fen san fa	3
分散片	fen san pian	7
分析细胞学	fen xi xi bao xue	2
分果	fen guo	3
分枝杆菌	fen zhi gan jun	23
分水线	fen shui xian	1
分泌型	fen mi xing	11
分泌性中耳炎	fen mi xing zhong er yan	1
分泌性腹泻	fen mi xing fu xie	3
分泌成分	fen mi cheng fen	2
分泌神经	fen mi shen jing	1
分泌组织	fen mi zu zhi	4
分泌细胞	fen mi xi bao	9
分泌蛋白	fen mi dan bai	3
分流术	fen liu shu	10
分清五淋丸	fen qing wu lin wan	2
分离剂	fen li ji	2
分离柱	fen li zhu	2
分蘖期	fen nie qi	1
分蘖节	fen nie jie	1
分裂型人格障碍	fen lie xing ren ge zhang ai	2
分裂情感性精神病	fen lie qing gan xing jing shen bing	4
分裂生殖	fen lie sheng zhi	1
分裂症	fen lie zheng	6
分辨力	fen bian li	3
切创	qie chuang	4
切口疝	qie kou shan	1
切断传播途径	qie duan chuan bo tu jing	1
切片机	qie pian ji	5
切牙	qie ya	7
切迹	qie ji	3
列缺	lie que	5
列缺穴	lie que xue	1
刘完素	liu wan su	6
刘寄奴	liu ji nu	1
刘沅	liu yuan	1
刘渡舟	liu du zhou	3
刘翰	liu han	11
创伤后应激障碍	chuang shang hou ying ji zhang ai	22
创伤学	chuang shang xue	3
创伤弹道学	chuang shang dan dao xue	2
创伤性休克	chuang shang xing xiu ke	3
创伤性气胸	chuang shang xing qi xiong	4
创伤性湿肺	chuang shang xing shi fei	8
创伤性溃疡	chuang shang xing kui yang	5
创伤性窒息	chuang shang xing zhi xi	6
创伤性耳聋	chuang shang xing er long	3
创伤性脾破裂	chuang shang xing pi po lie	5
创伤性血胸	chuang shang xing xue xiong	2
创伤愈合	chuang shang yu he	7
创可贴	chuang ke tie	28
初级卵母细胞	chu ji luan mu xi bao	3
初级消费者	chu ji xiao fei zhe	1
初级精母细胞	chu ji jing mu xi bao	1
利什曼原虫	li shi man yuan chong	13
利什曼病	li shi man bing	5
利他林	li ta lin	6
利凡诺	li fan nuo	1
利可君片	li ke jun pian	2
利咽含片	li yan han pian	2
利咽灵片	li yan ling pian	3
利咽解毒颗粒	li yan jie du ke li	2
利咽颗粒	li yan ke li	2
利培酮	li pei tong	6
利培酮口腔崩解片	li pei tong kou qiang beng jie pian	3
利培酮片	li pei tong pian	4
利多卡因	li duo ka yin	23
利多卡因注射液	li duo ka yin zhu she ye	2
利夫康洗剂	li fu kang xi ji	2
利尿药	li niao yao	1
利巴韦林含片	li ba wei lin han pian	2
利巴韦林喷剂	li ba wei lin pen ji	2
利巴韦林喷雾剂	li ba wei lin pen wu ji	2
利巴韦林气雾剂	li ba wei lin qi wu ji	3
利巴韦林氯化钠注射液	li ba wei lin lv hua na zhu she ye	2
利巴韦林泡腾颗粒	li ba wei lin pao teng ke li	3
利巴韦林注射液	li ba wei lin zhu she ye	6
利巴韦林滴眼液	li ba wei lin di yan ye	4
利巴韦林片	li ba wei lin pian	3
利巴韦林胶囊	li ba wei lin jiao nang	2
利巴韦林颗粒	li ba wei lin ke li	5
利托那韦	li tuo na wei	23
利拉萘酯乳膏	li la nai zhi ru gao	2
利水渗湿	li shui shen shi	7
利水通淋	li shui tong lin	1
利福喷丁	li fu pen ding	3
利福平	li fu ping	8
利福平滴眼液	li fu ping di yan ye	2
利福平片	li fu ping pian	2
利福昔明	li fu xi ming	10
利福霉素	li fu mei su	1
利肺片	li fei pian	3
利肺胶囊	li fei jiao nang	2
利胆排石片	li dan pai shi pian	3
利胆片	li dan pian	3
利胆石颗粒	li dan shi ke li	3
利脑心片	li nao xin pian	6
利血平	li xue ping	2
利血平片	li xue ping pian	3
利血生	li xue sheng	2
利鲁唑片	li lu zuo pian	4
别嘌醇	bie piao chun	2
别嘌醇片	bie piao chun pian	6
刮匙	gua chi	4
刮宫术	gua gong shu	5
制何首乌	zhi he shou wu	1
制剂学	zhi ji xue	4
制动试验	zhi dong shi yan	2
制半夏	zhi ban xia	5
制南星	zhi nan xing	3
制草乌	zhi cao wu	5
制药工程设计	zhi yao gong cheng she ji	4
制附子	zhi fu zi	4
制霉素	zhi mei su	3
制霉菌素	zhi mei jun su	2
制霉菌素片	zhi mei jun su pian	3
制首乌	zhi shou wu	6
刷状缘	shua zhuang yuan	4
刺丝囊	ci si nang	2
刺乌养心口服液	ci wu yang xin kou fu ye	3
刺五加注射液	ci wu jia zhu she ye	6
刺五加片	ci wu jia pian	4
刺五加糖浆	ci wu jia tang jiang	2
刺五加脑灵液	ci wu jia nao ling ye	3
刺五加脑灵胶囊	ci wu jia nao ling jiao nang	2
刺五加颗粒	ci wu jia ke li	2
刺创	ci chuang	8
刺激反应	ci ji fan ying	4
刺激素	ci ji su	9
刺猬皮	ci wei pi	3
刺细胞	ci xi bao	1
剂量反应	ji liang fan ying	4
剂量效应	ji liang xiao ying	2
前交叉韧带	qian jiao cha ren dai	7
前体细胞	qian ti xi bao	12
前体药物	qian ti yao wu	20
前列回春丸	qian lie hui chun wan	4
前列回春胶囊	qian lie hui chun jiao nang	2
前列地尔	qian lie di er	2
前列地尔注射液	qian lie di er zhu she ye	4
前列欣胶囊	qian lie xin jiao nang	3
前列泰片	qian lie tai pian	2
前列泰颗粒	qian lie tai ke li	2
前列环素	qian lie huan su	3
前列腺切除术	qian lie xian qie chu shu	2
前列腺囊肿	qian lie xian nang zhong	3
前列腺增生	qian lie xian zeng sheng	4
前列腺按摩	qian lie xian an mo	5
前列腺炎	qian lie xian yan	6
前列腺特异性抗原	qian lie xian te yi xing kang yuan	1
前列腺特异抗原	qian lie xian te yi kang yuan	5
前列腺素	qian lie xian su	14
前列腺结核	qian lie xian jie he	3
前列腺结石	qian lie xian jie shi	5
前列腺肿瘤	qian lie xian zhong liu	8
前列腺脓肿	qian lie xian nong zhong	4
前列腺萎缩	qian lie xian wei suo	3
前列腺酸性磷酸酶	qian lie xian suan xing lin suan mei	2
前列舒乐	qian lie shu le	3
前列舒乐片	qian lie shu le pian	2
前列舒乐胶囊	qian lie shu le jiao nang	4
前列解毒胶囊	qian lie jie du jiao nang	4
前列通瘀	qian lie tong yu	2
前列通瘀片	qian lie tong yu pian	5
前列通胶囊	qian lie tong jiao nang	3
前叶	qian ye	38
前哨淋巴结	qian shao lin ba jie	3
前哨痔	qian shao zhi	3
前囟	qian xin	6
前巩膜炎	qian gong mo yan	3
前庭大腺	qian ting da xian	1
前庭大腺囊肿	qian ting da xian nang zhong	5
前庭大腺脓肿	qian ting da xian nong zhong	4
前房出血	qian fang chu xue	4
前房积脓	qian fang ji nong	2
前房积血	qian fang ji xue	5
前房角	qian fang jiao	5
前斜角肌	qian xie jiao ji	2
前正中线	qian zheng zhong xian	5
前白蛋白	qian bai dan bai	4
前瞻性研究	qian zhan xing yan jiu	11
前瞻性调查	qian zhan xing diao cha	5
前突	qian tu	21
前纵隔	qian zong ge	1
前纵韧带	qian zong ren dai	3
前置胎盘	qian zhi tai pan	48
前肠	qian chang	5
前肾	qian shen	3
前胡	qian hu	7
前膜	qian mo	1
前臂假肢	qian bi jia zhi	2
前臂长	qian bi chang	4
前谷	qian gu	5
前负荷	qian fu he	9
前阴	qian yin	2
前顶	qian ding	3
前驱期	qian qu qi	2
剑突	jian tu	1
剑龙类	jian long lei	29
剖宫产	pou gong chan	15
剖腹探查术	pou fu tan cha shu	7
剥脱	bo tuo	6
剥脱性角质松解症	bo tuo xing jiao zhi song jie zheng	3
剥脱性骨软骨炎	bo tuo xing gu ruan gu yan	2
剪切率	jian qie lv	2
剪创	jian chuang	3
剪接位点	jian jie wei dian	4
剪接体	jian jie ti	3
副中肾管	fu zhong shen guan	4
副主任医师	fu zhu ren yi shi	38
副主任药师	fu zhu ren yao shi	9
副乳切除术	fu ru qie chu shu	3
副乳房	fu ru fang	3
副交感神经	fu jiao gan shen jing	18
副交感神经系统	fu jiao gan shen jing xi tong	3
副反应	fu fan ying	9
副溶血性弧菌	fu rong xue xing hu jun	8
副甲状腺	fu jia zhuang xian	48
副神经	fu shen jing	1
副神经节瘤	fu shen jing jie liu	4
副粘病毒	fu nian bing du	2
副耳	fu er	6
副胎盘	fu tai pan	3
副脾	fu pi	3
副银屑病	fu yin xie bing	3
副霍乱	fu huo luan	3
劈刀	pi dao	1
劈裂	pi lie	10
力保肪宁	li bao fang ning	3
力克肺疾	li ke fei ji	2
力克舒	li ke shu	4
力加寿片	li jia shou pian	2
力月西	li yue xi	4
力比泰	li bi tai	5
力补金秋胶囊	li bu jin qiu jiao nang	1
办公室自动化	ban gong shi zi dong hua	1
功劳木	gong lao mu	2
功能位	gong neng wei	5
功能性消化不良	gong neng xing xiao hua bu liang	2
功能性肠病	gong neng xing chang bing	4
功能性胃肠病	gong neng xing wei chang bing	6
功能性腹泻	gong neng xing fu xie	6
功能解剖学	gong neng jie pou xue	2
加减复脉汤	jia jian fu mai tang	2
加压素	jia ya su	6
加合百服宁	jia he bai fu ning	3
加味保和丸	jia wei bao he wan	3
加味八珍益母膏	jia wei ba zhen yi mu gao	4
加味左金丸	jia wei zuo jin wan	2
加味藿香正气丸	jia wei huo xiang zheng qi wan	4
加味藿香正气软胶囊	jia wei huo xiang zheng qi ruan jiao nang	3
加味逍遥丸	jia wei xiao yao wan	4
加味逍遥散	jia wei xiao yao san	3
加味霍香正气丸	jia wei huo xiang zheng qi wan	3
加味香连丸	jia wei xiang lian wan	3
加巴喷丁	jia ba pen ding	7
加替沙星	jia ti sha xing	1
加替沙星氯化钠注射液	jia ti sha xing lv hua na zhu she ye	2
加替沙星注射液	jia ti sha xing zhu she ye	3
加替沙星片	jia ti sha xing pian	2
加替沙星胶囊	jia ti sha xing jiao nang	3
加碘盐	jia dian yan	1
加速试验	jia su shi yan	1
动作思维	dong zuo si wei	3
动力不稳定性	dong li bu wen ding xing	1
动力定型	dong li ding xing	5
动功	dong gong	3
动压	dong ya	14
动态心电图	dong tai xin dian tu	2
动态脑电图	dong tai nao dian tu	6
动态血压监测	dong tai xue ya jian ce	7
动机性遗忘	dong ji xing yi wang	1
动点	dong dian	10
动物交往	dong wu jiao wang	2
动物分类学	dong wu fen lei xue	9
动物地理学	dong wu di li xue	5
动物心理学	dong wu xin li xue	2
动物毒素	dong wu du su	5
动物生态学	dong wu sheng tai xue	4
动物生物学	dong wu sheng wu xue	1
动物生理学	dong wu sheng li xue	3
动物疾病	dong wu ji bing	17
动物病理学	dong wu bing li xue	1
动物群落	dong wu qun luo	2
动物解剖	dong wu jie pou	6
动物遗传学	dong wu yi chuan xue	3
动眼神经	dong yan shen jing	17
动眼神经麻痹	dong yan shen jing ma bi	4
动脉导管	dong mai dao guan	12
动脉导管未闭	dong mai dao guan wei bi	10
动脉栓塞	dong mai shuan se	15
动脉注射	dong mai zhu she	2
动脉瘤性骨囊肿	dong mai liu xing gu nang zhong	1
动脉瘤样骨囊肿	dong mai liu yang gu nang zhong	3
动脉硬化性精神病	dong mai ying hua xing jing shen bing	3
动脉硬化性脑病	dong mai ying hua xing nao bing	3
动脉管壁	dong mai guan bi	6
动脉粥样硬化	dong mai zhou yang ying hua	49
动脉脉搏	dong mai mai bo	5
动脉血压	dong mai xue ya	2
动脉造影	dong mai zao ying	5
动静脉畸形	dong jing mai ji xing	3
动静脉瘘	dong jing mai lou	2
动静脉造瘘术	dong jing mai zao lou shu	2
助力运动	zhu li yun dong	4
助行器	zhu xing qi	3
劳动卫生	lao dong wei sheng	23
劳宫	lao gong	5
劳宫穴	lao gong xue	7
劳拉西泮	lao la xi pan	4
劳永乐	lao yong le	2
劳淋	lao lin	2
勃林格殷格翰	bo lin ge yin ge han	3
募穴	mu xue	1
包含体	bao han ti	2
包涵体	bao han ti	13
包皮垢	bao pi gou	12
包皮嵌顿	bao pi qian dun	4
包皮环切术	bao pi huan qie shu	9
包皮粘连	bao pi zhan lian	4
包皮过长	bao pi guo chang	8
包皮龟头炎	bao pi gui tou yan	6
包膜挛缩	bao mo luan suo	6
包茎	bao jing	23
匍匐茎	pu fu jing	17
匐行疹	fu xing zhen	3
化妆品痤疮	hua zhuang pin cuo chuang	3
化妆品皮炎	hua zhuang pin pi yan	4
化学剥脱术	hua xue bo tuo shu	3
化学性皮肤灼伤	hua xue xing pi fu zhuo shang	3
化学性眼部灼伤	hua xue xing yan bu zhuo shang	3
化学感受器	hua xue gan shou qi	2
化学感觉	hua xue gan jue	5
化学渗透	hua xue shen tou	4
化学烧伤	hua xue shao shang	5
化学疗法	hua xue liao fa	39
化学计量学	hua xue ji liang xue	2
化学试剂	hua xue shi ji	26
化性	hua xing	6
化斑汤	hua ban tang	2
化生	hua sheng	35
化症回生口服液	hua zheng hui sheng kou fu ye	3
化症回生片	hua zheng hui sheng pian	3
化痔灵片	hua zhi ling pian	2
化痔胶囊	hua zhi jiao nang	2
化痰平喘片	hua tan ping chuan pian	3
化皮	hua pi	6
化积口服液	hua ji kou fu ye	3
化脓性中耳炎	hua nong xing zhong er yan	7
化脓性关节炎	hua nong xing guan jie yan	9
化脓性心包炎	hua nong xing xin bao yan	3
化脓性汗腺炎	hua nong xing han xian yan	1
化脓性炎	hua nong xing yan	1
化脓性眼内炎	hua nong xing yan nei yan	4
化脓性肉芽肿	hua nong xing rou ya zhong	1
化脓性胸膜炎	hua nong xing xiong mo yan	3
化脓性脑炎	hua nong xing nao yan	4
化脓性脑膜脑炎	hua nong xing nao mo nao yan	3
化脓性腮腺炎	hua nong xing sai xian yan	4
化脓性颌骨骨髓炎	hua nong xing he gu gu sui yan	2
化脓性骨髓炎	hua nong xing gu sui yan	4
化脓性鼻窦炎	hua nong xing bi dou yan	3
化虫丸	hua chong wan	3
化风丹	hua feng dan	3
北五味子	bei wu wei zi	3
北京口腔医学	bei jing kou qiang yi xue	1
北京生物制品研究所	bei jing sheng wu zhi pin yan jiu suo	5
北山楂	bei shan zha	3
北沙参	bei sha shen	7
北芪五加片	bei qi wu jia pian	3
北苍术	bei cang zhu	3
北豆根	bei dou gen	1
北豆根片	bei dou gen pian	3
北豆根胶囊	bei dou gen jiao nang	3
北里柴三郎	bei li chai san lang	11
北野政次	bei ye zheng ci	2
匙状甲	chi zhuang jia	2
匹多莫德	pi duo mo de	3
匹多莫德分散片	pi duo mo de fen san pian	2
匹多莫德口服液	pi duo mo de kou fu ye	3
匹多莫德颗粒	pi duo mo de ke li	2
匹莫林	pi mo lin	2
区乐民	ou le min	2
医古文	yi gu wen	6
医和	yi he	9
医学专业英语	yi xue zhuan ye ying yu	3
医学伦理学	yi xue lun li xue	11
医学免疫学	yi xue mian yi xue	4
医学分子生物学	yi xue fen zi sheng wu xue	5
医学化学	yi xue hua xue	2
医学实验动物学	yi xue shi yan dong wu xue	3
医学导论	yi xue dao lun	3
医学康复	yi xue kang fu	1
医学影像学	yi xue ying xiang xue	8
医学影像检查技术	yi xue ying xiang jian cha ji shu	3
医学影像物理学	yi xue ying xiang wu li xue	2
医学影像设备管理	yi xue ying xiang she bei guan li	2
医学影像诊断学	yi xue ying xiang zhen duan xue	3
医学微生物学	yi xue wei sheng wu xue	7
医学心理学	yi xue xin li xue	6
医学心理学与精神病学	yi xue xin li xue yu jing shen bing xue	5
医学文献检索	yi xue wen xian jian suo	4
医学检验	yi xue jian yan	37
医学模式	yi xue mo shi	3
医学物理学	yi xue wu li xue	4
医学生物学	yi xue sheng wu xue	10
医学真菌学	yi xue zhen jun xue	2
医学神经生物学	yi xue shen jing sheng wu xue	2
医学纲目	yi xue gang mu	2
医学细胞生物学	yi xue xi bao sheng wu xue	3
医学统计学	yi xue tong ji xue	2
医学美学	yi xue mei xue	7
医学美容	yi xue mei rong	20
医学美容技术	yi xue mei rong ji shu	7
医学营养学	yi xue ying yang xue	3
医学衷中参西录	yi xue zhong zhong can xi lu	5
医学遗传学	yi xue yi chuan xue	30
医学隔离	yi xue ge li	15
医宗金鉴	yi zong jin jian	1
医家	yi jia	36
医方集解	yi fang ji jie	5
医明	yi ming	7
医源性传播	yi yuan xing chuan bo	6
医源性感染	yi yuan xing gan ran	8
医用化学	yi yong hua xue	4
医用棉签	yi yong mian qian	7
医用缝合针	yi yong feng he zhen	2
医用羊肠线	yi yong yang chang xian	3
医用耗材	yi yong hao cai	4
医用高等数学	yi yong gao deng shu xue	2
医疗体操	yi liao ti cao	5
医疗体育	yi liao ti yu	7
医疗垃圾	yi liao la ji	1
医疗废物	yi liao fei wu	1
医缓	yi huan	2
医院内感染	yi yuan nei gan ran	2
医院感染	yi yuan gan ran	29
医院管理学	yi yuan guan li xue	3
医院药事管理	yi yuan yao shi guan li	1
医风	yi feng	2
十一味甘露胶囊	shi yi wei gan lu jiao nang	4
十一烯酸	shi yi xi suan	4
十一酸睾酮	shi yi suan gao tong	1
十一酸睾酮胶丸	shi yi suan gao tong jiao wan	2
十三味菥蓂丸	shi san wei xi ming wan	3
十二指肠息肉	shi er zhi chang xi rou	4
十二指肠损伤	shi er zhi chang sun shang	2
十二指肠水平部	shi er zhi chang shui ping bu	3
十二指肠炎	shi er zhi chang yan	6
十二指肠瘘	shi er zhi chang lou	5
十二指肠降部	shi er zhi chang jiang bu	4
十二烷基硫酸钠	shi er wan ji liu suan na	4
十五味乳鹏丸	shi wu wei ru peng wan	4
十五味乳鹏胶囊	shi wu wei ru peng jiao nang	2
十五味萝蒂明目丸	shi wu wei luo di ming mu wan	3
十五味黑药胶囊	shi wu wei hei yao jiao nang	3
十五味龙胆花丸	shi wu wei long dan hua wan	4
十全大补丸	shi quan da bu wan	5
十全大补膏	shi quan da bu gao	4
十八味党参丸	shi ba wei dang shen wan	3
十八味杜鹃丸	shi ba wei du juan wan	3
十八味诃子利尿丸	shi ba wei he zi li niao wan	3
十六味消渴胶囊	shi liu wei xiao ke jiao nang	3
十味乳香丸	shi wei ru xiang wan	2
十味乳香散	shi wei ru xiang san	3
十味乳香胶囊	shi wei ru xiang jiao nang	5
十味玉泉胶囊	shi wei yu quan jiao nang	2
十味蒂达胶囊	shi wei di da jiao nang	2
十味降糖颗粒	shi wei jiang tang ke li	3
十味黑冰片丸	shi wei hei bing pian wan	5
十味龙胆花颗粒	shi wei long dan hua ke li	2
十四经穴	shi si jing xue	2
十大功劳叶	shi da gong lao ye	3
十宣	shi xuan	1
十宣穴	shi xuan xue	5
十滴水	shi di shui	10
十滴水软胶囊	shi di shui ruan jiao nang	3
十灰散	shi hui san	2
十香定痛丸	shi xiang ding tong wan	2
十香暖脐膏	shi xiang nuan qi gao	3
十香止痛丸	shi xiang zhi tong wan	3
千年健	qian nian jian	1
千斤拔	qian jin ba	35
千斤肾安宁胶囊	qian jin shen an ning jiao nang	3
千柏鼻炎片	qian bai bi yan pian	3
千柏鼻炎胶囊	qian bai bi yan jiao nang	3
千粒重	qian li zhong	3
千里光	qian li guang	34
千金子霜	qian jin zi shuang	2
千金止带丸	qian jin zhi dai wan	3
千金翼方	qian jin yi fang	1
千金要方	qian jin yao fang	2
升主动脉	sheng zhu dong mai	2
升华硫	sheng hua liu	3
升压素	sheng ya su	3
升结肠	sheng jie chang	2
升血小板胶囊	sheng xue xiao ban jiao nang	2
升阳十一味丸	sheng yang shi yi wei wan	4
升麻葛根汤	sheng ma ge gen tang	2
午后潮热	wu hou chao re	5
午夜香吻	wu ye xiang wen	1
午时茶颗粒	wu shi cha ke li	2
午节	wu jie	4
半乳糖基转移酶	ban ru tang ji zhuan yi mei	3
半乳糖性白内障	ban ru tang xing bai nei zhang	2
半乳糖激酶	ban ru tang ji mei	3
半乳糖激酶缺乏	ban ru tang ji mei que fa	2
半乳糖苷酶	ban ru tang gan mei	4
半乳糖血症	ban ru tang xue zheng	1
半乳糖醛酸	ban ru tang quan suan	3
半乳聚糖	ban ru ju tang	1
半同胞	ban tong bao	4
半喉切除术	ban hou qie chu shu	2
半夏厚朴汤	ban xia hou po tang	2
半夏天麻丸	ban xia tian ma wan	3
半夏曲	ban xia qu	4
半夏止咳糖浆	ban xia zhi ke tang jiang	2
半夏泻心汤	ban xia xie xin tang	3
半夏白术天麻汤	ban xia bai zhu tian ma tang	4
半夏糖浆	ban xia tang jiang	3
半寄生植物	ban ji sheng zhi wu	2
半抗原	ban kang yuan	2
半数致死剂量	ban shu zhi si ji liang	1
半数致死量	ban shu zhi si liang	10
半日花科	ban ri hua ke	1
半月清	ban yue qing	4
半月瓣	ban yue ban	3
半月皱襞	ban yue zhou bi	1
半枝莲	ban zhi lian	1
半枫荷	ban feng he	16
半椎体畸形	ban zhui ti ji xing	3
半灌木	ban guan mu	14
半种	ban zhong	5
半胱胺	ban guang an	3
半腱肌	ban jian ji	3
半膜肌	ban mo ji	2
半表半里	ban biao ban li	2
半规管	ban gui guan	18
半边莲	ban bian lian	37
半透性	ban tou xing	2
半透膜	ban tou mo	7
半阴阳	ban yin yang	3
华佗再造丸	hua tuo zai zao wan	6
华佗膏	hua tuo gao	4
华山参	hua shan shen	2
华支睾吸虫	hua zhi gao xi chong	3
华支睾吸虫病	hua zhi gao xi chong bing	4
华法林	hua fa lin	11
华法林钠	hua fa lin na	2
华盖散	hua gai san	2
华素片	hua su pian	7
华蟾素注射液	hua chan su zhu she ye	3
华蟾素片	hua chan su pian	2
华西口腔医学杂志	hua xi kou qiang yi xue za zhi	3
协同作用	xie tong zuo yong	19
协定处方	xie ding chu fang	5
协日嘎四味汤散	xie ri ga si wei tang san	3
协调运动	xie tiao yun dong	3
卒中	cu zhong	20
卓青	zhuo qing	2
单一序列	dan yi xu lie	2
单交	dan jiao	8
单体型	dan ti xing	3
单体性	dan ti xing	4
单倍型	dan bei xing	31
单剂量	dan ji liang	2
单因素方差分析	dan yin su fang cha fen xi	3
单基因病	dan ji yin bing	6
单层柱状上皮	dan ceng zhu zhuang shang pi	3
单心室	dan xin shi	2
单心房	dan xin fang	5
单态氧	dan tai yang	3
单性	dan xing	39
单性花	dan xing hua	12
单果	dan guo	7
单核吞噬细胞	dan he tun shi xi bao	7
单核细胞	dan he xi bao	41
单核细胞增多症	dan he xi bao zeng duo zheng	2
单核细胞白血病	dan he xi bao bai xue bing	3
单硝酸异山梨酯	dan xiao suan yi shan li zhi	1
单硝酸异山梨酯片	dan xiao suan yi shan li zhi pian	3
单硝酸异山梨酯缓释片	dan xiao suan yi shan li zhi huan shi pian	5
单硝酸异山梨酯胶囊	dan xiao suan yi shan li zhi jiao nang	3
单磷酸阿糖腺苷	dan lin suan a tang xian gan	3
单纯型精神分裂症	dan chun xing jing shen fen lie zheng	7
单纯性牙周炎	dan chun xing ya zhou yan	2
单纯性甲状腺肿	dan chun xing jia zhuang xian zhong	3
单纯性痒疹	dan chun xing yang zhen	2
单纯性肾囊肿	dan chun xing shen nang zhong	3
单纯疱疹	dan chun pao zhen	8
单纯疱疹病毒	dan chun pao zhen bing du	14
单细胞生物	dan xi bao sheng wu	32
单肾	dan shen	7
单胺氧化酶	dan an yang hua mei	18
单脐动脉	dan qi dong mai	3
单面性	dan mian xing	4
南五味子	nan wu wei zi	24
南北沙参	nan bei sha shen	2
南板蓝根	nan ban lan gen	5
南沙参	nan sha shen	5
博来霉素	bo lai mei su	13
博氏线	bo shi xian	3
博落回	bo luo hui	4
卟啉病	bu lin bing	1
卡介菌多糖核酸	ka jie jun duo tang he suan	3
卡介菌多糖核酸注射液	ka jie jun duo tang he suan zhu she ye	4
卡介菌纯蛋白衍生物	ka jie jun chun dan bai yan sheng wu	4
卡他性中耳炎	ka ta xing zhong er yan	4
卡他性结膜炎	ka ta xing jie mo yan	1
卡前列甲酯栓	ka qian lie jia zhi shuan	2
卡前列素氨丁三醇	ka qian lie su an ding san chun	3
卡培他滨	ka pei ta bin	5
卡培他滨片	ka pei ta bin pian	4
卡尔达诺	ka er da nuo	3
卡巴拉汀	ka ba la ting	3
卡托普利	ka tuo pu li	7
卡托普利片	ka tuo pu li pian	4
卡比多巴	ka bi duo ba	2
卡泊三醇	ka bo san chun	2
卡泊芬净	ka bo fen jing	3
卡波姆	ka bo mu	1
卡波西肉瘤	ka bo xi rou liu	3
卡环	ka huan	2
卡立普多	ka li pu duo	1
卡络磺钠氯化钠注射液	ka luo huang na lv hua na zhu she ye	3
卡维地洛	ka wei di luo	4
卡维地洛片	ka wei di luo pian	2
卡莫氟	ka mo fu	1
卡那霉素	ka na mei su	1
卡铂	ka bo	13
卡马西平	ka ma xi ping	10
卡马西平片	ka ma xi ping pian	4
卢于道	lu yu dao	3
卢宠茂	lu chong mao	23
卢煜明	lu yu ming	2
卤地菊	lu di ju	3
卫气	wei qi	7
卫气同病	wei qi tong bing	4
卫气营血	wei qi ying xue	5
卫气营血辨证	wei qi ying xue bian zheng	2
卫生事业管理	wei sheng shi ye guan li	8
卫生事业管理学	wei sheng shi ye guan li xue	4
卫生信息管理	wei sheng xin xi guan li	1
卫生化学	wei sheng hua xue	5
卫生学	wei sheng xue	35
卫生微生物学	wei sheng wei sheng wu xue	3
卫生检验	wei sheng jian yan	8
卫生法	wei sheng fa	27
卫生法学	wei sheng fa xue	8
卫生法律法规	wei sheng fa lv fa gui	8
卫生法规	wei sheng fa gui	2
卫生监督	wei sheng jian du	19
卫生经济学	wei sheng jing ji xue	6
卫生统计	wei sheng tong ji	7
卫生统计学	wei sheng tong ji xue	5
卫生行政部门	wei sheng xing zheng bu men	18
卫生许可证	wei sheng xu ke zheng	1
卫莹芳	wei ying fang	2
印堂穴	yin tang xue	7
印度大麻	yin du da ma	5
印度神油	yin du shen you	3
印戒细胞癌	yin jie xi bao ai	1
印模	yin mo	15
印模材料	yin mo cai liao	2
印象形成	yin xiang xing cheng	2
危害因素	wei hai yin su	1
危象	wei xiang	19
危重病医学	wei zhong bing yi xue	1
即刻义齿	ji ke yi chi	2
即早	ji zao	8
卵原细胞	luan yuan xi bao	3
卵圆孔	luan yuan kong	2
卵圆窝	luan yuan wo	1
卵壳膜	luan ke mo	3
卵子发生	luan zi fa sheng	2
卵巢切除术	luan chao qie chu shu	2
卵巢动脉	luan chao dong mai	2
卵巢发育不良	luan chao fa yu bu liang	5
卵巢发育异常	luan chao fa yu yi chang	2
卵巢囊肿	luan chao nang zhong	6
卵巢囊肿剔除术	luan chao nang zhong ti chu shu	6
卵巢妊娠	luan chao ren shen	4
卵巢恶性肿瘤	luan chao e xing zhong liu	1
卵巢扭转	luan chao niu zhuan	3
卵巢早衰	luan chao zao shuai	9
卵巢炎	luan chao yan	11
卵巢畸胎瘤	luan chao ji tai liu	4
卵巢破裂	luan chao po lie	5
卵巢肿瘤	luan chao zhong liu	9
卵巢良性肿瘤	luan chao liang xing zhong liu	6
卵巢过度刺激综合征	luan chao guo du ci ji zong he zheng	6
卵巢颗粒细胞瘤	luan chao ke li xi bao liu	4
卵巢黄体破裂	luan chao huang ti po lie	4
卵母细胞	luan mu xi bao	13
卵泡	luan pao	21
卵泡刺激素	luan pao ci ji su	6
卵泡破裂	luan pao po lie	4
卵泡细胞	luan pao xi bao	3
卵白蛋白	luan bai dan bai	3
卵磷脂片	luan lin zhi pian	2
卵磷脂络合碘	luan lin zhi luo he dian	2
卵裂	luan lie	12
卵裂球	luan lie qiu	3
卵黄	luan huang	16
卵黄磷蛋白	luan huang lin dan bai	2
卵黄管	luan huang guan	1
卵黄膜	luan huang mo	2
卷曲霉素	juan qu mei su	4
厄贝沙坦	e bei sha tan	5
厄贝沙坦氢氯噻嗪片	e bei sha tan qing lv sai qin pian	4
厄贝沙坦片	e bei sha tan pian	4
厄贝沙坦胶囊	e bei sha tan jiao nang	4
历算学	li suan xue	3
压力性尿失禁	ya li xing niao shi jin	3
压力感受性反射	ya li gan shou xing fan she	3
压差	ya cha	9
压电效应	ya dian xiao ying	6
压痛	ya tong	33
压舌板	ya she ban	7
压迫性荨麻疹	ya po xing qian ma zhen	2
厌恶治疗	yan wu zhi liao	2
厌恶疗法	yan wu liao fa	3
厌氧菌	yan yang jun	18
厚朴	hou po	24
厚朴温中汤	hou po wen zhong tang	3
厚朴花	hou po hua	3
厚朴酚	hou po fen	2
厚皮性骨膜病	hou pi xing gu mo bing	3
原位杂交	yuan wei za jiao	12
原位杂交技术	yuan wei za jiao ji shu	3
原位癌	yuan wei ai	41
原位移植	yuan wei yi zhi	5
原儿茶醛	yuan er cha quan	5
原发性三叉神经痛	yuan fa xing san cha shen jing tong	5
原发性侧索硬化	yuan fa xing ce suo ying hua	1
原发性开角型青光眼	yuan fa xing kai jiao xing qing guang yan	5
原发性痛经	yuan fa xing tong jing	7
原发性肺结核	yuan fa xing fei jie he	3
原发性肾病综合征	yuan fa xing shen bing zong he zheng	5
原发性肾病综合症	yuan fa xing shen bing zong he zheng	2
原发性腹膜炎	yuan fa xing fu mo yan	3
原发性血小板减少症	yuan fa xing xue xiao ban jian shao zheng	3
原发性血小板增多症	yuan fa xing xue xiao ban zeng duo zheng	4
原发性视网膜脱离	yuan fa xing shi wang mo tuo li	3
原发性闭经	yuan fa xing bi jing	5
原发性闭角型青光眼	yuan fa xing bi jiao xing qing guang yan	5
原发性高血压	yuan fa xing gao xue ya	11
原始卵泡	yuan shi luan pao	5
原子吸收分光光度法	yuan zi xi shou fen guang guang du fa	3
原子吸收分光光度计	yuan zi xi shou fen guang guang du ji	6
原条	yuan tiao	4
原核细胞	yuan he xi bao	12
原气	yuan qi	1
原生殖细胞	yuan sheng zhi xi bao	2
原生质体	yuan sheng zhi ti	24
原生质体融合	yuan sheng zhi ti rong he	2
原癌基因	yuan ai ji yin	3
原穴	yuan xue	1
原结	yuan jie	1
原肌球蛋白	yuan ji qiu dan bai	1
厥冷	jue leng	7
厥心痛	jue xin tong	3
厥阴	jue yin	1
厥阴俞	jue yin shu	3
厥阴病	jue yin bing	2
去个体化	qu ge ti hua	5
去乙酰毛花苷	qu yi xian mao hua gan	3
去乙酰毛花苷注射液	qu yi xian mao hua gan zhu she ye	4
去垢剂	qu gou ji	3
去大脑强直	qu da nao qiang zhi	2
去极化	qu ji hua	37
去氢胆酸	qu qing dan suan	2
去氧孕烯炔雌醇片	qu yang yun xi que ci chun pian	2
去氧肾上腺素	qu yang shen shang xian su	4
去氧胆酸	qu yang dan suan	5
去甲万古霉素	qu jia wan gu mei su	4
去甲乌药碱	qu jia wu yao jian	4
去甲伪麻黄碱	qu jia wei ma huang jian	3
去甲斑蝥酸钠	qu jia ban mao suan na	3
去甲替林	qu jia ti lin	2
去甲肾上腺素	qu jia shen shang xian su	43
去羟肌苷	qu qiang ji gan	3
去腐生肌散	qu fu sheng ji san	2
去铁胺	qu tie an	5
县医院	xian yi yuan	41
县级医院	xian ji yi yuan	5
参七心疏胶囊	shen qi xin shu jiao nang	4
参七脑康胶囊	shen qi nao kang jiao nang	3
参仙升脉口服液	shen xian sheng mai kou fu ye	2
参南星口服液	shen nan xing kou fu ye	3
参地益肾口服液	shen di yi shen kou fu ye	4
参归润燥搽剂	shen gui run zao cha ji	3
参志胶囊	shen zhi jiao nang	2
参术胶囊	shen zhu jiao nang	3
参杞颗粒	shen qi ke li	2
参松养心胶囊	shen song yang xin jiao nang	6
参桂理中丸	shen gui li zhong wan	2
参桂鹿茸丸	shen gui lu rong wan	4
参梅养胃颗粒	shen mei yang wei ke li	2
参灵肝康胶囊	shen ling gan kang jiao nang	2
参灵蓝胶囊	shen ling lan jiao nang	1
参竹精颗粒	shen zhu jing ke li	2
参考点	can kao dian	45
参芍片	shen shao pian	2
参芎葡萄糖注射液	shen xiong pu tao tang zhu she ye	2
参芪健胃颗粒	shen qi jian wei ke li	2
参芪十一味颗粒	shen qi shi yi wei ke li	2
参芪扶正注射液	shen qi fu zheng zhu she ye	3
参芪片	shen qi pian	2
参芪胶囊	shen qi jiao nang	4
参芪降糖胶囊	shen qi jiang tang jiao nang	3
参芪降糖颗粒	shen qi jiang tang ke li	2
参芪颗粒	shen qi ke li	2
参苏丸	shen su wan	3
参苏感冒片	shen su gan mao pian	2
参苓白术丸	shen ling bai shu wan	5
参苓白术散	shen ling bai shu san	6
参苓白术胶囊	shen ling bai shu jiao nang	2
参苓白术颗粒	shen ling bai shu ke li	3
参茸	shen rong	10
参茸三肾胶囊	shen rong san shen jiao nang	4
参茸卫生丸	shen rong wei sheng wan	2
参茸壮骨丸	shen rong zhuang gu wan	2
参茸大补膏	shen rong da bu gao	5
参茸强肾片	shen rong qiang shen pian	3
参茸珍宝片	shen rong zhen bao pian	2
参茸白凤丸	shen rong bai feng wan	4
参茸补血酒	shen rong bu xue jiu	2
参茸阿胶	shen rong e jiao	3
参茸鞭丸	shen rong bian wan	2
参茸鹿胎丸	shen rong lu tai wan	2
参莲胶囊	shen lian jiao nang	2
参蛤平喘胶囊	shen ge ping chuan jiao nang	4
参蛾温肾口服液	shen e wen shen kou fu ye	3
参蟾消解胶囊	shen chan xiao jie jiao nang	3
参锁巴戟口服液	shen suo ba ji kou fu ye	2
参阳胶囊	shen yang jiao nang	3
参附汤	shen fu tang	4
参附注射液	shen fu zhu she ye	6
参鹿扶正胶囊	shen lu fu zheng jiao nang	5
参麦注射液	shen mai zhu she ye	1
参龙宁心胶囊	shen long ning xin jiao nang	2
双一	shuang yi	8
双分伪麻片	shuang fen wei ma pian	3
双参龙胶囊	shuang shen long jiao nang	2
双向凝胶电泳	shuang xiang ning jiao dian yong	3
双唑泰栓	shuang zuo tai shuan	3
双喃氟啶	shuang nan fu ding	2
双嘧达莫	shuang mi da mo	3
双嘧达莫片	shuang mi da mo pian	5
双奇胶囊	shuang qi jiao nang	5
双子宫	shuang zi gong	7
双尖牙	shuang jian ya	2
双扑伪麻分散片	shuang pu wei ma fen san pian	3
双扑伪麻片	shuang pu wei ma pian	3
双扑口服液	shuang pu kou fu ye	3
双料喉风含片	shuang liao hou feng han pian	3
双料喉风散	shuang liao hou feng san	5
双歧三联活菌胶囊	shuang qi san lian huo jun jiao nang	2
双歧杆菌	shuang qi gan jun	18
双歧杆菌三联活菌胶囊	shuang qi gan jun san lian huo jun jiao nang	3
双歧杆菌四联活菌片	shuang qi gan jun si lian huo jun pian	3
双氢青蒿素	shuang qing qing hao su	1
双氢青蒿素哌喹片	shuang qing qing hao su pai kui pian	3
双氢青蒿素片	shuang qing qing hao su pian	3
双氯芬酸	shuang lv fen suan	1
双氯芬酸二乙胺乳胶剂	shuang lv fen suan er yi an ru jiao ji	2
双氯芬酸钠	shuang lv fen suan na	1
双氯芬酸钠缓释片	shuang lv fen suan na huan shi pian	4
双氯芬酸钠缓释胶囊	shuang lv fen suan na huan shi jiao nang	2
双氯芬酸钠肠溶片	shuang lv fen suan na chang rong pian	4
双氯芬酸钠贴片	shuang lv fen suan na tie pian	2
双氯芬酸钾	shuang lv fen suan jia	3
双氯芬酸钾片	shuang lv fen suan jia pian	3
双氯西林钠	shuang lv xi lin na	2
双灵固本散	shuang ling gu ben san	9
双环醇片	shuang huan chun pian	2
双瓜糖安胶囊	shuang gua tang an jiao nang	4
双生子研究	shuang sheng zi yan jiu	13
双盲实验	shuang mang shi yan	6
双相障碍	shuang xiang zhang ai	7
双眼复视	shuang yan fu shi	3
双眼竞争	shuang yan jing zheng	3
双眼视差	shuang yan shi cha	4
双箕斗	shuang ji dou	2
双红活血胶囊	shuang hong huo xue jiao nang	5
双肼屈嗪	shuang jing qu qin	2
双胎	shuang tai	3
双胎妊娠	shuang tai ren shen	7
双胎输血综合征	shuang tai shu xue zong he zheng	2
双苓止泻口服液	shuang ling zhi xie kou fu ye	3
双角子宫	shuang jiao zi gong	4
双醋瑞因	shuang cu rui yin	3
双重分离	shuang chong fen li	2
双金胃疡胶囊	shuang jin wei yang jiao nang	3
双金胃肠胶囊	shuang jin wei chang jiao nang	3
双阴道	shuang yin dao	5
双顶径	shuang ding jing	5
双颌前突	shuang he qian tu	4
双香豆素	shuang xiang dou su	4
双黄平喘颗粒	shuang huang ping chuan ke li	2
双黄消炎片	shuang huang xiao yan pian	2
双黄连	shuang huang lian	7
双黄连口服液	shuang huang lian kou fu ye	27
双黄连注射液	shuang huang lian zhu she ye	9
双黄连片	shuang huang lian pian	2
双黄连粉针剂	shuang huang lian fen zhen ji	5
双黄连胶囊	shuang huang lian jiao nang	4
双黄连软胶囊	shuang huang lian ruan jiao nang	4
双黄连颗粒	shuang huang lian ke li	4
反丁烯二酸	fan ding xi er suan	4
反义寡核苷酸	fan yi gua he gan suan	9
反刍胃	fan chu wei	2
反向形成	fan xiang xing cheng	4
反向遗传学	fan xiang yi chuan xue	4
反密码子	fan mi ma zi	6
反射中枢	fan she zhong shu	3
反射光	fan she guang	42
反射动作	fan she dong zuo	5
反射学	fan she xue	5
反射异常	fan she yi chang	1
反射弧	fan she hu	6
反射性癫痫	fan she xing dian xian	4
反射计	fan she ji	1
反应结构	fan ying jie gou	1
反流性胃炎	fan liu xing wei yan	5
反流性食管炎	fan liu xing shi guan yan	7
反甲	fan jia	4
反社会行为	fan she hui xing wei	26
反跳痛	fan tiao tong	6
反转录	fan zhuan lu	6
反转录病毒	fan zhuan lu bing du	18
反转录酶	fan zhuan lu mei	7
发作性睡病	fa zuo xing shui bing	4
发作性睡眠	fa zuo xing shui mian	5
发作期	fa zuo qi	4
发情期	fa qing qi	15
发汗剂	fa han ji	3
发绀	fa gan	14
发育不全	fa yu bu quan	27
发育不良痣	fa yu bu liang zhi	2
发育迟缓	fa yu chi huan	40
发育遗传学	fa yu yi chuan xue	1
发酵虫草菌粉	fa jiao chong cao jun fen	3
取皮机	qu pi ji	3
受体脱敏	shou ti tuo min	1
受体蛋白质	shou ti dan bai zhi	6
受体阻滞剂	shou ti zu zhi ji	10
受盛之官	shou cheng zhi guan	3
变应原	bian ying yuan	6
变应性咳嗽	bian ying xing ke sou	3
变应性接触性皮炎	bian ying xing jie chu xing pi yan	3
变应性皮肤血管炎	bian ying xing pi fu xue guan yan	3
变应性血管炎	bian ying xing xue guan yan	3
变异体	bian yi ti	11
变异性	bian yi xing	35
变异系数	bian yi xi shu	2
变形性骨炎	bian xing xing gu yan	4
变形杆菌	bian xing gan jun	5
变形运动	bian xing yun dong	1
变态反应	bian tai fan ying	6
变态反应学	bian tai fan ying xue	4
变态心理学	bian tai xin li xue	2
变性术	bian xing shu	4
变换器	bian huan qi	29
变色牙	bian se ya	7
叠加法	die jia fa	4
口僻	kou pi	3
口含片	kou han pian	5
口周皮炎	kou zhou pi yan	3
口唇疱疹	kou chun pao zhen	5
口干	kou gan	26
口干症	kou gan zheng	1
口底蜂窝织炎	kou di feng wo zhi yan	3
口服双歧杆菌活菌制剂	kou fu shuang qi gan jun huo jun zhi ji	2
口服水解蛋白	kou fu shui jie dan bai	3
口服混悬剂	kou fu hun xuan ji	2
口服溶液剂	kou fu rong ye ji	6
口服给药	kou fu gei yao	30
口服葡萄糖	kou fu pu tao tang	7
口服葡萄糖粉	kou fu pu tao tang fen	2
口服补液盐	kou fu bu ye yan	8
口服补液盐溶液	kou fu bu ye yan rong ye	3
口服轮状病毒活疫苗	kou fu lun zhuang bing du huo yi miao	6
口炎	kou yan	4
口炎清颗粒	kou yan qing ke li	6
口疮病	kou chuang bing	4
口眼歪斜	kou yan wai xie	8
口腔修复学	kou qiang xiu fu xue	1
口腔内科学	kou qiang nei ke xue	1
口腔医学研究	kou qiang yi xue yan jiu	5
口腔卫生	kou qiang wei sheng	33
口腔学	kou qiang xue	5
口腔崩解片	kou qiang beng jie pian	4
口腔念珠菌病	kou qiang nian zhu jun bing	3
口腔材料学	kou qiang cai liao xue	3
口腔正畸学	kou qiang zheng ji xue	1
口腔溃疡一次宁	kou qiang kui yang yi ci ning	2
口腔溃疡散	kou qiang kui yang san	3
口腔溃疡膜	kou qiang kui yang mo	3
口腔炎喷雾剂	kou qiang yan pen wu ji	2
口腔生物学	kou qiang sheng wu xue	1
口腔疱疹	kou qiang pao zhen	5
口腔疾病	kou qiang ji bing	2
口腔病理学	kou qiang bing li xue	2
口腔种植学	kou qiang zhong zhi xue	7
口腔科	kou qiang ke	13
口腔科学	kou qiang ke xue	1
口腔粘膜病	kou qiang zhan mo bing	4
口腔粘膜病学	kou qiang zhan mo bing xue	2
口腔粘膜白斑病	kou qiang zhan mo bai ban bing	3
口腔红斑	kou qiang hong ban	3
口腔血管瘤	kou qiang xue guan liu	2
口腔解剖生理学	kou qiang jie pou sheng li xue	1
口腔预防保健	kou qiang yu fang bao jian	6
口腔预防医学	kou qiang yu fang yi xue	4
口腔颌面外科学	kou qiang he mian wai ke xue	5
口腔颌面部肿瘤	kou qiang he mian bu zhong liu	4
口舌生疮	kou she sheng chuang	1
口角炎	kou jiao yan	3
口蹄病	kou ti bing	3
口轮匝肌	kou lun za ji	4
口道	kou dao	21
口针	kou zhen	1
古今图书集成	gu jin tu shu ji cheng	38
古代哲学	gu dai zhe xue	17
古拉定	gu la ding	3
古汉养生精口服液	gu han yang sheng jing kou fu ye	4
古汉养生精片	gu han yang sheng jing pian	2
叩诊	kou zhen	3
可乐定	ke le ding	8
可乐定控释贴	ke le ding kong shi tie	5
可乐必妥	ke le bi tuo	3
可信区间	ke xin qu jian	2
可利迈仙	ke li mai xian	2
可力地高辛片	ke li di gao xin pian	2
可变剪接	ke bian jian jie	3
可变区	ke bian qu	9
可吸收线	ke xi shou xian	5
可吸收缝合线	ke xi shou feng he xian	3
可吸收缝线	ke xi shou feng xian	1
可复性疝	ke fu xing shan	2
可待因	ke dai yin	28
可愈糖浆	ke yu tang jiang	5
可拉明	ke la ming	3
可摘局部义齿	ke zhai ju bu yi chi	3
可溶性止血纱布	ke rong xing zhi xue sha bu	4
可的松	ke di song	20
可立克	ke li ke	8
可见光谱	ke jian guang pu	22
右丙氧芬	you bing yang fen	3
右位心	you wei xin	6
右半结肠切除术	you ban jie chang qie chu shu	5
右归丸	you gui wan	6
右心室	you xin shi	9
右心室双出口	you xin shi shuang chu kou	4
右心房	you xin fang	19
右旋体	you xuan ti	1
右旋布洛芬栓	you xuan bu luo fen shuan	2
右旋糖酐	you xuan tang gan	2
右旋糖酐铁	you xuan tang gan tie	3
右旋糖酐铁注射液	you xuan tang gan tie zhu she ye	2
右束支传导阻滞	you shu zhi chuan dao zu zhi	6
右美沙芬	you mei sha fen	4
右美沙芬片	you mei sha fen pian	3
右芬氟拉明	you fen fu la ming	4
叶状体	ye zhuang ti	11
叶绿体基质	ye lv ti ji zhi	1
叶酸片	ye suan pian	7
叶酸缺乏症	ye suan que fa zheng	1
叶金排石胶囊	ye jin pai shi jiao nang	3
叶黄素	ye huang su	47
司他夫定	si ta fu ding	3
司他夫定胶囊	si ta fu ding jiao nang	2
司可巴比妥	si ke ba bi tuo	2
司可林	si ke lin	3
司坦唑醇	si tan zuo chun	4
司帕沙星	si pa sha xing	5
司帕沙星片	si pa sha xing pian	3
司来吉兰	si lai ji lan	2
司氟沙星	si fu sha xing	5
司法心理学	si fa xin li xue	4
司盘	si pan	3
司米安	si mi an	5
合并伤	he bing shang	5
合成酶	he cheng mei	36
合欢皮	he huan pi	6
合欢花	he huan hua	7
合理情绪疗法	he li qing xu liao fa	4
合瓣	he ban	2
合胞体	he bao ti	3
合谷	he gu	2
合谷穴	he gu xue	1
合酶	he mei	39
吉祥草	ji xiang cao	2
吉米沙星	ji mi sha xing	5
吉西他滨	ji xi ta bin	18
吉非替尼	ji fei ti ni	5
吉非罗齐	ji fei luo qi	3
同仁乌鸡白凤丸	tong ren wu ji bai feng wan	4
同仁大活络丸	tong ren da huo luo wan	4
同仁安神丸	tong ren an shen wan	4
同化激素	tong hua ji su	4
同卵双生	tong luan shuang sheng	8
同基因骨髓移植	tong ji yin gu sui yi zhi	3
同工酶	tong gong mei	12
同形反应	tong xing fan ying	3
同步化	tong bu hua	10
同步培养	tong bu pei yang	4
同步生长	tong bu sheng zhang	4
同源四倍体	tong yuan si bei ti	3
同源性	tong yuan xing	45
同源染色体	tong yuan ran se ti	10
同病异治	tong bing yi zhi	5
同种抗体	tong zhong kang ti	3
同种抗原	tong zhong kang yuan	3
同系移植	tong xi yi zhi	2
同线性	tong xian xing	4
同胞竞争障碍	tong bao jing zheng zhang ai	4
后交通动脉	hou jiao tong dong mai	3
后发性白内障	hou fa xing bai nei zhang	2
后叶	hou ye	8
后囟	hou xin	3
后尿道	hou niao dao	7
后放	hou fang	12
后溪	hou xi	24
后溪穴	hou xi xue	5
后牙	hou ya	8
后纵隔	hou zong ge	5
后纵韧带	hou zong ren dai	1
后负荷	hou fu he	6
后遗效应	hou yi xiao ying	4
后阴	hou yin	6
后顶	hou ding	7
后颊	hou jia	2
后马托品	hou ma tuo pin	3
吐根糖浆	tu gen tang jiang	2
吐血病	tu xie bing	3
向心收缩	xiang xin shou suo	2
向触性	xiang chu xing	3
吕炳奎	lv bing kui	4
吕留良	lv liu liang	6
吗丁啉	ma ding lin	8
吗啉胍	ma lin gua	5
吗啡中毒	ma fei zhong du	4
吗啡注射液	ma fei zhu she ye	3
吗替麦考酚酯	ma ti mai kao fen zhi	1
吗替麦考酚酯片	ma ti mai kao fen zhi pian	2
吗替麦考酚酯胶囊	ma ti mai kao fen zhi jiao nang	2
吗氯贝胺	ma lv bei an	1
吞咽困难	tun yan kun nan	27
吞噬体	tun shi ti	4
吞噬作用	tun shi zuo yong	48
吞噬细胞	tun shi xi bao	24
吞气症	tun qi zheng	3
吞饮	tun yin	4
吡哌酸	bi pai suan	3
吡啶甲酸	bi ding jia suan	7
吡喹酮	bi kui tong	5
吡喹酮片	bi kui tong pian	4
吡嗪酰胺	bi qin xian an	3
吡拉西坦	bi la xi tan	7
吡拉西坦片	bi la xi tan pian	2
吡柔比星	bi rou bi xing	2
吡格列酮	bi ge lie tong	4
吡罗昔康片	bi luo xi kang pian	3
吡美莫司	bi mei mo si	2
吡诺克辛	bi nuo ke xin	3
吡诺克辛钠滴眼液	bi nuo ke xin na di yan ye	2
吡贝地尔	bi bei di er	1
含氟牙膏	han fu ya gao	9
含氯消毒剂	han lv xiao du ji	2
含氯石灰	han lv shi hui	2
含牙囊肿	han ya nang zhong	3
含珠停	han zhu ting	3
含量均匀度	han liang jun yun du	1
含铁血黄素	han tie xue huang su	3
听会穴	ting hui xue	4
听宫	ting gong	3
听小骨	ting xiao gu	6
听幻觉	ting huan jue	4
听性脑干反应	ting xing nao gan fan ying	4
听神经瘤	ting shen jing liu	3
听觉中枢	ting jue zhong shu	3
听觉过敏	ting jue guo min	20
听觉适应	ting jue shi ying	3
吮吸反射	shun xi fan she	2
吲哚美辛片	yin duo mei xin pian	3
吲哚美辛肠溶片	yin duo mei xin chang rong pian	2
吲达帕胺	yin da pa an	4
吲达帕胺片	yin da pa an pian	3
吴太咽炎片	wu tai yan yan pian	2
吴新荣	wu xin rong	31
吴昆	wu kun	31
吴瑭	wu tang	3
吴祖泽	wu zu ze	7
吴茱萸	wu zhu yu	8
吴茱萸汤	wu zhu yu tang	2
吴萸	wu yu	4
吴谦	wu qian	19
吴阶平	wu jie ping	10
吴鞠通	wu ju tong	6
吸入剂	xi ru ji	11
吸入性损伤	xi ru xing sun shang	10
吸入性炭疽	xi ru xing tan ju	5
吸入性肺炎	xi ru xing fei yan	18
吸入麻醉	xi ru ma zui	1
吸入麻醉药	xi ru ma zui yao	3
吸吮线虫病	xi shun xian chong bing	4
吸宫术	xi gong shu	3
吸引管	xi yin guan	5
吸收作用	xi shou zuo yong	2
吸收剂量	xi shou ji liang	3
吸收剂量率	xi shou ji liang lv	10
吸根	xi gen	6
吸虫病	xi chong bing	5
吸血昆虫	xi xue kun chong	6
吸附能	xi fu neng	3
呃逆	e ni	8
呆小病	dai xiao bing	1
告知义务	gao zhi yi wu	12
呋喃唑酮	fu nan zuo tong	8
呋喃唑酮片	fu nan zuo tong pian	4
呋喃坦啶	fu nan tan ding	2
呋喃妥因	fu nan tuo yin	3
呋喃妥因肠溶片	fu nan tuo yin chang rong pian	3
呋喃果糖苷酶	fu nan guo tang gan mei	3
呋喃甲醛	fu nan jia quan	1
呋喃硫胺	fu nan liu an	2
呋喃硫胺片	fu nan liu an pian	3
呋喃西林	fu nan xi lin	7
呋喃西林溶液	fu nan xi lin rong ye	3
呋塞米	fu sai mi	9
呋塞米注射液	fu sai mi zhu she ye	5
呋塞米片	fu sai mi pian	2
呋麻滴鼻液	fu ma di bi ye	1
呕吐中枢	ou tu zhong shu	1
周一岳	zhou yi yue	5
周围性面瘫	zhou wei xing mian tan	6
周围神经	zhou wei shen jing	10
周围神经病	zhou wei shen jing bing	9
周围神经系统	zhou wei shen jing xi tong	20
周围血管疾病	zhou wei xue guan ji bing	6
周围血管病	zhou wei xue guan bing	7
周期性精神病	zhou qi xing jing shen bing	3
周期性麻痹	zhou qi xing ma bi	5
周氏回生丸	zhou shi hui sheng wan	2
周荣	zhou rong	42
呼吸内科	hu xi nei ke	28
呼吸孔	hu xi kong	4
呼吸根	hu xi gen	2
呼吸酶	hu xi mei	4
命名性失语	ming ming xing shi yu	8
命名性失语症	ming ming xing shi yu zheng	8
命门火衰	ming men huo shuai	4
命门穴	ming men xue	6
命题学习	ming ti xue xi	2
咀嚼片	ju jue pian	8
咀嚼肌	ju jue ji	7
和中理脾丸	he zhong li pi wan	2
和兴白花油	he xing bai hua you	2
和络舒肝胶囊	he luo shu gan jiao nang	2
和胃整肠丸	he wei zheng chang wan	2
和胃止痛	he wei zhi tong	5
和胃降逆	he wei jiang ni	5
和血明目片	he xue ming mu pian	3
和血胶囊	he xue jiao nang	2
和解少阳	he jie shao yang	3
咖啡斑	ka fei ban	7
咖啡酸	ka fei suan	10
咨询心理学	zi xun xin li xue	2
咪唑斯汀	mi zuo si ting	4
咪唑斯汀缓释片	mi zuo si ting huan shi pian	2
咪唑立宾片	mi zuo li bin pian	2
咪康唑	mi kang zuo	4
咪康唑氯倍他索乳膏	mi kang zuo lv bei ta suo ru gao	2
咪达唑仑	mi da zuo lun	20
咪达唑仑注射液	mi da zuo lun zhu she ye	2
咬指甲	yao zhi jia	1
咬肌	yao ji	11
咬肌间隙感染	yao ji jian xi gan ran	3
咯血病	ka xue bing	3
咳喘	ke chuan	5
咳喘停膏	ke chuan ting gao	3
咳喘宁	ke chuan ning	5
咳喘宁口服液	ke chuan ning kou fu ye	3
咳喘宁胶囊	ke chuan ning jiao nang	4
咳喘舒片	ke chuan shu pian	3
咳嗽病	ke sou bing	2
咳嗽痰多	ke sou tan duo	1
咳宁糖浆	ke ning tang jiang	2
咳宁胶囊	ke ning jiao nang	3
咳必清	ke bi qing	6
咳欣康片	ke xin kang pian	4
咳特灵	ke te ling	4
咳特灵片	ke te ling pian	4
咳特灵胶囊	ke te ling jiao nang	6
咳痰	ke tan	5
咳痰清糖浆	ke tan qing tang jiang	2
咳舒糖浆	ke shu tang jiang	3
咳露口服液	ke lu kou fu ye	2
咽后壁脓肿	yan hou bi nong zhong	3
咽后间隙	yan hou jian xi	5
咽喉异物	yan hou yi wu	5
咽喉溃疡	yan hou kui yang	3
咽喉痛	yan hou tong	6
咽峡炎	yan xia yan	1
咽扁桃体	yan bian tao ti	2
咽拭子	yan shi zi	36
咽旁间隙	yan pang jian xi	2
咽炎含片	yan yan han pian	3
咽炎清片	yan yan qing pian	2
咽炎片	yan yan pian	6
咽结膜热	yan jie mo re	6
咽肌痉挛	yan ji jing luan	5
咽部异感症	yan bu yi gan zheng	3
咽鼓管咽口	yan gu guan yan kou	5
品行障碍	pin xing zhang ai	11
哈乐胶囊	ha le jiao nang	2
哈勒曼	ha le man	3
哈蟆油	ha ma you	2
哈西奈德乳膏	ha xi nai de ru gao	2
哌唑嗪	pai zuo qin	5
哌喹	pai kui	5
哌嗪	pai qin	7
哌拉西林	pai la xi lin	17
哌拉西林舒巴坦	pai la xi lin shu ba tan	4
哌拉西林钠	pai la xi lin na	3
哌拉西林钠舒巴坦钠	pai la xi lin na shu ba tan na	4
哑门	ya men	4
哑门穴	ya men xue	3
哨点医院	shao dian yi yuan	11
哨点监测	shao dian jian ce	10
哮吼	xiao hou	3
哮喘性支气管炎	xiao chuan xing zhi qi guan yan	4
哮喘持续状态	xiao chuan chi xu zhuang tai	1
哮喘胶囊	xiao chuan jiao nang	2
哮病	xiao bing	4
哮鸣音	xiao ming yin	7
哲学基础	zhe xue ji chu	27
哺乳期	bu ru qi	39
唇外翻	chun wai fan	4
唇炎	chun yan	2
唇珠	chun zhu	1
唇瓣	chun ban	32
唇疱疹	chun pao zhen	5
唇癌	chun ai	6
唇红缘	chun hong yuan	3
唇腺	chun xian	2
唇裂修复术	chun lie xiu fu shu	3
唇面	chun mian	3
唐宗海	tang zong hai	3
唐慎微	tang shen wei	3
唑来膦酸	zuo lai lin suan	4
唑来膦酸注射液	zuo lai lin suan zhu she ye	2
唯达宁	wei da ning	5
唾液分泌	tuo ye fen mi	4
唾液检测	tuo ye jian ce	1
唾液淀粉酶	tuo ye dian fen mei	5
唾液管	tuo ye guan	3
唾液腺	tuo ye xian	25
唾液腺炎	tuo ye xian yan	3
唾液酸	tuo ye suan	42
唾液酸酶	tuo ye suan mei	2
唾腺	tuo xian	5
商丘穴	shang qiu xue	1
商曲	shang qu	3
商阳	shang yang	4
商阳穴	shang yang xue	5
啮齿类	nie chi lei	40
啰音	luo yin	1
善存银片	shan cun yin pian	4
善宁	shan ning	5
喉上神经	hou shang shen jing	3
喉关	hou guan	2
喉咽	hou yan	2
喉咽清口服液	hou yan qing kou fu ye	2
喉囊肿	hou nang zhong	4
喉头水肿	hou tou shui zhong	1
喉室	hou shi	4
喉息肉	hou xi rou	3
喉气管炎	hou qi guan yan	5
喉水肿	hou shui zhong	1
喉爽	hou shuang	5
喉狭窄	hou xia zhai	3
喉疾灵胶囊	hou ji ling jiao nang	3
喉痉挛	hou jing luan	2
喉痛灵片	hou tong ling pian	2
喉痹	hou bi	1
喉瘤	hou liu	3
喉癌	hou ai	38
喉白斑病	hou bai ban bing	2
喉结核	hou jie he	4
喉罩	hou zhao	1
喉肌	hou ji	5
喉腔	hou qiang	8
喉角化症	hou jiao hua zheng	3
喉返神经	hou fan shen jing	17
喉返神经损伤	hou fan shen jing sun shang	5
喉镜	hou jing	14
喘咳宁片	chuan ke ning pian	3
喘定	chuan ding	5
喘息灵胶囊	chuan xi ling jiao nang	2
喘病	chuan bing	2
喘络通胶囊	chuan luo tong jiao nang	3
喘鸣	chuan ming	7
喙突	hui tu	8
喜保福宁	xi bao fu ning	3
喜山鬣蜥	xi shan lie xi	3
喜树碱	xi shu jian	3
喜炎平注射液	xi yan ping zhu she ye	7
喜阴植物	xi yin zhi wu	6
喷射性呕吐	pen she xing ou tu	1
喷托维林	pen tuo wei lin	3
喷昔洛韦	pen xi luo wei	2
喷替酸钙钠	pen ti suan gai na	2
喷砂机	pen sha ji	6
喷砂洁牙机	pen sha jie ya ji	4
喷雾剂	pen wu ji	12
喹诺酮类	kui nuo tong lei	4
嗅沟脑膜瘤	xiu gou nao mo liu	4
嗅细胞	xiu xi bao	1
嗅觉丧失	xiu jue sang shi	8
嗅觉倒错	xiu jue dao cuo	3
嗅觉感受器	xiu jue gan shou qi	4
嗅觉障碍	xiu jue zhang ai	7
嗜中性粒细胞	shi zhong xing li xi bao	11
嗜人按蚊	shi ren an wen	4
嗜眠	shi mian	4
嗜眠症	shi mian zheng	4
嗜碱性	shi jian xing	40
嗜碱性粒细胞	shi jian xing li xi bao	6
嗜肺军团菌	shi fei jun tuan jun	10
嗜血分枝杆菌	shi xue fen zhi gan jun	3
嗜酸乳杆菌	shi suan ru gan jun	3
嗜酸性	shi suan xing	16
嗜酸性粒细胞	shi suan xing li xi bao	19
嗜酸性细胞	shi suan xing xi bao	4
嗜酸性肉芽肿	shi suan xing rou ya zhong	2
嗜酸细胞	shi suan xi bao	1
嗜铬细胞瘤	shi ge xi bao liu	2
嗳气	ai qi	2
嘌呤霉素	piao ling mei su	10
噎膈	ye ge	4
器官培养	qi guan pei yang	4
器械体操	qi xie ti cao	3
器质性精神病	qi zhi xing jing shen bing	7
器质性精神障碍	qi zhi xing jing shen zhang ai	7
噪声聋	zao sheng long	6
噻吗心安	sai ma xin an	3
噻吗洛尔	sai ma luo er	3
噻吩	sai fen	28
噻嗪类利尿药	sai qin lei li niao yao	3
噻嘧啶	sai mi ding	3
噻托溴铵	sai tuo xiu an	1
囊尾蚴病	nang wei you bing	1
囊性纤维化	nang xing xian wei hua	8
囊斑	nang ban	4
囊肿性痤疮	nang zhong xing cuo chuang	3
囊胚	nang pei	17
囊腺瘤	nang xian liu	5
囊虫抗体	nang chong kang ti	2
四乙基铅	si yi ji qian	12
四乙基铅中毒	si yi ji qian zhong du	2
四倍体	si bei ti	25
四免一关怀	si mian yi guan huai	9
四分体	si fen ti	1
四君子丸	si jun zi wan	2
四君子汤	si jun zi tang	6
四妙丸	si miao wan	4
四季感冒片	si ji gan mao pian	4
四季感冒胶囊	si ji gan mao jiao nang	4
四季青片	si ji qing pian	3
四方胃胶囊	si fang wei jiao nang	3
四气	si qi	8
四氢大麻酚	si qing da ma fen	23
四氢帕马丁	si qing pa ma ding	3
四氯化碳	si lv hua tan	44
四消丸	si xiao wan	4
四渎	si du	18
四满	si man	5
四物汤	si wu tang	7
四物膏	si wu gao	2
四物颗粒	si wu ke li	3
四环素片	si huan su pian	3
四环素牙	si huan su ya	1
四环素眼膏	si huan su yan gao	4
四环素软膏	si huan su ruan gao	3
四白	si bai	8
四磨汤	si mo tang	6
四磨汤口服液	si mo tang kou fu ye	6
四神丸	si shen wan	6
四神聪	si shen cong	6
四缝	si feng	4
四缝穴	si feng xue	4
四肢瘫	si zhi tan	6
四肢骨	si zhi gu	1
四诊	si zhen	1
四诊法	si zhen fa	6
四足动物	si zu dong wu	44
四逆散	si ni san	4
四逆汤	si ni tang	5
四部医典	si bu yi dian	28
回复突变	hui fu tu bian	3
回天再造丸	hui tian zai zao wan	2
回春如意胶囊	hui chun ru yi jiao nang	5
回春胶囊	hui chun jiao nang	2
回植	hui zhi	7
回流法	hui liu fa	3
回状头皮	hui zhuang tou pi	3
回生再造丸	hui sheng zai zao wan	3
回生甘露丸	hui sheng gan lu wan	3
回生第一丹胶囊	hui sheng di yi dan jiao nang	3
回盲部	hui mang bu	6
回肠	hui chang	13
回苏林	hui su lin	2
回苏灵	hui su ling	4
回避型人格障碍	hui bi xing ren ge zhang ai	1
回阳救逆	hui yang jiu ni	5
回音必	hui yin bi	5
因果联想	yin guo lian xiang	3
园艺疗法	yuan yi liao fa	5
围产期	wei chan qi	8
围产期保健	wei chan qi bao jian	7
围术期	wei shu qi	7
固体培养基	gu ti pei yang ji	3
固元颗粒	gu yuan ke li	2
固原地区	gu yuan di qu	4
固定义齿	gu ding yi chi	7
固定修复	gu ding xiu fu	7
固定器	gu ding qi	15
固定性药疹	gu ding xing yao zhen	2
固定桥	gu ding qiao	6
固定矫治器	gu ding jiao zhi qi	4
固本丸	gu ben wan	3
固本咳喘片	gu ben ke chuan pian	3
固本咳喘胶囊	gu ben ke chuan jiao nang	4
固本回元口服液	gu ben hui yuan kou fu ye	2
固本延龄丸	gu ben yan ling wan	5
固本强身胶囊	gu ben qiang shen jiao nang	4
固本益肠片	gu ben yi chang pian	3
固沙植物	gu sha zhi wu	3
固精丸	gu jing wan	4
固精麦斯哈片	gu jing mai si ha pian	2
固肠止泻丸	gu chang zhi xie wan	3
固肠胶囊	gu chang jiao nang	2
固肾生发丸	gu shen sheng fa wan	3
固表止汗	gu biao zhi han	5
国公酒	guo gong jiu	1
国际医药贸易	guo ji yi yao mao yi	2
国际口腔种植学会	guo ji kou qiang zhong zhi xue hui	6
图距	tu ju	4
圆球体	yuan qiu ti	6
圆管	yuan guan	11
圈套器	quan tao qi	6
土地测绘	tu di ce hui	2
土壤剖面	tu rang pou mian	2
土壤动物	tu rang dong wu	3
土壤学	tu rang xue	32
土壤形成	tu rang xing cheng	10
土壤微生物	tu rang wei sheng wu	6
土壤改良剂	tu rang gai liang ji	2
土壤污染	tu rang wu ran	9
土壤热	tu rang re	1
土壤质地	tu rang zhi di	4
土大黄	tu da huang	1
土大黄苷	tu da huang gan	2
土木香	tu mu xiang	3
土茯苓	tu fu ling	4
土荆芥	tu jing jie	2
土贝母	tu bei mu	4
土霉素片	tu mei su pian	4
土霉素钙	tu mei su gai	2
土鳖虫	tu bie chong	5
圣通平	sheng tong ping	3
在线清洗	zai xian qing xi	4
地丁三味汤散	di ding san wei tang san	4
地丁草	di ding cao	2
地不容	di bu rong	1
地中海热	di zhong hai re	2
地五会	di wu hui	2
地仓	di cang	1
地图舌	di tu she	5
地塞米松	di sai mi song	18
地塞米松注射液	di sai mi song zhu she ye	3
地塞米松片	di sai mi song pian	4
地塞米松磷酸钠	di sai mi song lin suan na	4
地塞米松磷酸钠注射液	di sai mi song lin suan na zhu she ye	5
地奥司明	di ao si ming	3
地奥司明片	di ao si ming pian	4
地奥心血康	di ao xin xue kang	1
地奥心血康胶囊	di ao xin xue kang jiao nang	6
地奥心血康软胶囊	di ao xin xue kang ruan jiao nang	3
地尔硫卓	di er liu zhuo	1
地屈孕酮	di qu yun tong	2
地屈孕酮片	di qu yun tong pian	3
地巴唑	di ba zuo	3
地方性克汀病	di fang xing ke ting bing	1
地方性斑疹伤寒	di fang xing ban zhen shang han	1
地方性氟中毒	di fang xing fu zhong du	7
地方性氟病	di fang xing fu bing	2
地方性甲状腺肿	di fang xing jia zhuang xian zhong	4
地方性砷中毒	di fang xing shen zhong du	6
地方病学	di fang bing xue	4
地昔帕明	di xi pa ming	1
地机穴	di ji xue	4
地板效应	di ban xiao ying	4
地枫皮	di feng pi	1
地榆	di yu	27
地榆槐角丸	di yu huai jiao wan	3
地氯雷他定	di lv lei ta ding	4
地氯雷他定片	di lv lei ta ding pian	2
地瓜藤	di gua teng	5
地磁气	di ci qi	3
地红霉素	di hong mei su	2
地红霉素肠溶片	di hong mei su chang rong pian	3
地肤子	di fu zi	7
地芍消渴颗粒	di shao xiao ke ke li	2
地芬尼多	di fen ni duo	3
地芬诺酯	di fen nuo zhi	6
地蒽酚	di en fen	2
地蜈蚣	di wu gong	13
地衣芽孢杆菌活菌胶囊	di yi ya bao gan jun huo jun jiao nang	2
地西泮	di xi pan	14
地西泮注射液	di xi pan zhu she ye	4
地西泮片	di xi pan pian	6
地诺前列素	di nuo qian lie su	4
地诺前列酮	di nuo qian lie tong	3
地锦草	di jin cao	6
地骨皮	di gu pi	7
地高辛	di gao xin	4
地高辛片	di gao xin pian	6
地高辛酏剂	di gao xin yi ji	2
地黄	di huang	9
地黄饮子	di huang yin zi	2
地龙注射液	di long zhu she ye	3
场依存性	chang yi cun xing	3
均匀性	jun yun xing	24
均质性	jun zhi xing	2
坎地沙坦酯片	kan di sha tan zhi pian	4
坏死性外耳道炎	huai si xing wai er dao yan	2
坏死性筋膜炎	huai si xing jin mo yan	4
坏死性肠炎	huai si xing chang yan	4
坏疽性胆囊炎	huai ju xing dan nang yan	3
坏疽性脓皮病	huai ju xing nong pi bing	2
坏胆固醇	huai dan gu chun	2
坐珠达西	zuo zhu da xi	4
坐骨大孔	zuo gu da kong	3
坐骨神经损伤	zuo gu shen jing sun shang	3
坐骨神经痛	zuo gu shen jing tong	6
坐骨腰痛丸	zuo gu yao tong wan	4
块菌	kuai jun	32
坠积性肺炎	zhui ji xing fei yan	6
坠落伤	zhui luo shang	7
坦度螺酮	tan du luo tong	2
垂体后叶素	chui ti hou ye su	3
垂体微腺瘤	chui ti wei xian liu	4
垂体性侏儒	chui ti xing zhu ru	1
垂体窝	chui ti wo	4
垂体细胞	chui ti xi bao	2
垂盆草	chui pen cao	5
垂直传播	chui zhi chuan bo	3
垂直传递	chui zhi chuan di	4
垂直分布	chui zhi fen bu	5
垂直感染	chui zhi gan ran	1
垂直迁移	chui zhi qian yi	3
垂耳	chui er	13
垫上运动	dian shang yun dong	6
埃勒斯	ai le si	18
埃博拉出血热	ai bo la chu xue re	17
埃博拉病毒	ai bo la bing du	37
埃博拉病毒病	ai bo la bing du bing	2
埃及伊蚊	ai ji yi wen	9
埃可病毒	ai ke bing du	6
埃可病毒感染	ai ke bing du gan ran	4
埃索美拉唑	ai suo mei la zuo	5
埃索美拉唑镁肠溶片	ai suo mei la zuo mei chang rong pian	3
埋伏牙	mai fu ya	1
培元通脑胶囊	pei yuan tong nao jiao nang	2
培养瓶	pei yang ping	1
培养皿	pei yang min	22
培哚普利	pei duo pu li	3
培哚普利吲达帕胺片	pei duo pu li yin da pa an pian	2
培哚普利片	pei duo pu li pian	3
培植牛黄	pei zhi niu huang	5
培氟沙星	pei fu sha xing	5
培美曲塞二钠	pei mei qu sai er na	3
培高利特	pei gao li te	2
基因产物	ji yin chan wu	10
基因传递	ji yin chuan di	4
基因位点	ji yin wei dian	7
基因变异	ji yin bian yi	13
基因定位	ji yin ding wei	5
基因家族	ji yin jia zu	19
基因工程干扰素	ji yin gong cheng gan rao su	2
基因座	ji yin zuo	31
基因座位	ji yin zuo wei	1
基因扩增	ji yin kuo zeng	4
基因拷贝	ji yin kao bei	3
基因治疗	ji yin zhi liao	29
基因簇	ji yin cu	7
基因组文库	ji yin zu wen ku	3
基因缺陷	ji yin que xian	21
基因诊断	ji yin zhen duan	5
基因转移	ji yin zhuan yi	10
基因重组	ji yin chong zu	26
基因重组疫苗	ji yin chong zu yi miao	4
基因频率	ji yin pin lv	4
基底动脉	ji di dong mai	5
基底层	ji di ceng	22
基底神经节	ji di shen jing jie	3
基底细胞上皮瘤	ji di xi bao shang pi liu	3
基底细胞瘤	ji di xi bao liu	1
基底细胞癌	ji di xi bao ai	10
基底膜	ji di mo	36
基托	ji tuo	43
基本组织	ji ben zu zhi	6
基础代谢	ji chu dai xie	4
基础代谢率	ji chu dai xie lv	5
基础化学	ji chu hua xue	8
基础护理学	ji chu hu li xue	4
基础护理技术	ji chu hu li ji shu	2
基础生命支持	ji chu sheng ming zhi chi	1
基础药理学	ji chu yao li xue	2
基础麻醉	ji chu ma zui	4
基线调查	ji xian diao cha	9
基膜	ji mo	6
基质细胞	ji zhi xi bao	2
堆积岩	dui ji yan	2
塑化剂	su hua ji	42
塞克硝唑	sai ke xiao zuo	4
塞曲司特片	sai qu si te pian	3
塞来昔布	sai lai xi bu	2
塞洛唑啉	sai luo zuo lin	4
塞隆风湿胶囊	sai long feng shi jiao nang	3
塞隆骨	sai long gu	3
塞雪风湿胶囊	sai xue feng shi jiao nang	3
增强子	zeng qiang zi	21
增效联磺片	zeng xiao lian huang pian	4
增溶剂	zeng rong ji	2
增生性息肉	zeng sheng xing xi rou	4
增生性瘢痕	zeng sheng xing ban hen	4
壁细胞	bi xi bao	23
壅积	yong ji	1
士的宁	shi di ning	7
壬二酸	ren er suan	18
壬苯醇醚	ren ben chun mi	1
壬苯醇醚凝胶	ren ben chun mi ning jiao	3
壬苯醇醚膜	ren ben chun mi mo	3
壮元补身酒	zhuang yuan bu shen jiu	2
壮腰健肾丸	zhuang yao jian shen wan	5
壮腰补肾丸	zhuang yao bu shen wan	4
壮阳春胶囊	zhuang yang chun jiao nang	2
壮骨伸筋胶囊	zhuang gu shen jin jiao nang	3
壮骨关节丸	zhuang gu guan jie wan	3
壮骨关节胶囊	zhuang gu guan jie jiao nang	2
壮骨药酒	zhuang gu yao jiu	2
壮骨麝香止痛膏	zhuang gu she xiang zhi tong gao	2
声嘶	sheng si	2
声囊	sheng nang	1
声带囊肿	sheng dai nang zhong	5
声带小结	sheng dai xiao jie	7
声带息肉	sheng dai xi rou	3
声带炎	sheng dai yan	5
声带白斑	sheng dai bai ban	3
声带麻痹	sheng dai ma bi	5
声影	sheng ying	5
声门水肿	sheng men shui zhong	3
壳顶	ke ding	45
壶腹	hu fu	35
处女膜闭锁	chu nv mo bi suo	4
处方管理办法	chu fang guan li ban fa	8
备皮刀	bei pi dao	3
复制型	fu zhi xing	1
复制子	fu zhi zi	3
复制起点	fu zhi qi dian	4
复发性多软骨炎	fu fa xing duo ruan gu yan	3
复发性阿弗他溃疡	fu fa xing a fu ta kui yang	2
复合乳酸菌胶囊	fu he ru suan jun jiao nang	2
复合伤	fu he shang	1
复合剂	fu he ji	1
复合因子	fu he yin zi	4
复合性溃疡	fu he xing kui yang	2
复合树脂	fu he shu zhi	1
复合痣	fu he zhi	3
复合维生素	fu he wei sheng su	24
复性	fu xing	5
复方一枝蒿颗粒	fu fang yi zhi hao ke li	3
复方万年青胶囊	fu fang wan nian qing jiao nang	2
复方三七片	fu fang san qi pian	2
复方三七胶囊	fu fang san qi jiao nang	3
复方两面针含片	fu fang liang mian zhen han pian	3
复方丹参	fu fang dan shen	5
复方丹参丸	fu fang dan shen wan	3
复方丹参注射液	fu fang dan shen zhu she ye	3
复方丹参滴丸	fu fang dan shen di wan	9
复方丹参片	fu fang dan shen pian	3
复方丹参颗粒	fu fang dan shen ke li	3
复方乙酰水杨酸	fu fang yi xian shui yang suan	2
复方五味子酊	fu fang wu wei zi ding	2
复方党参片	fu fang dang shen pian	3
复方公英胶囊	fu fang gong ying jiao nang	3
复方利血平氨苯蝶啶	fu fang li xue ping an ben die ding	2
复方利血平氨苯蝶啶片	fu fang li xue ping an ben die ding pian	4
复方利血平片	fu fang li xue ping pian	6
复方北五味子片	fu fang bei wu wei zi pian	2
复方北豆根氨酚那敏片	fu fang bei dou gen an fen na min pian	2
复方南板蓝根颗粒	fu fang nan ban lan gen ke li	2
复方卡托普利片	fu fang ka tuo pu li pian	3
复方双花片	fu fang shuang hua pian	3
复方可待因口服溶液	fu fang ke dai yin kou fu rong ye	3
复方吉祥草含片	fu fang ji xiang cao han pian	2
复方和血丸	fu fang he xue wan	2
复方咳喘胶囊	fu fang ke chuan jiao nang	3
复方嗜酸乳杆菌片	fu fang shi suan ru gan jun pian	2
复方土槿皮酊	fu fang tu jin pi ding	3
复方地塞米松乳膏	fu fang di sai mi song ru gao	3
复方地芬诺酯	fu fang di fen nuo zhi	4
复方地芬诺酯片	fu fang di fen nuo zhi pian	5
复方地茯口服液	fu fang di fu kou fu ye	2
复方太子参止咳益气散	fu fang tai zi shen zhi ke yi qi san	2
复方太子参颗粒	fu fang tai zi shen ke li	3
复方奎宁注射液	fu fang kui ning zhu she ye	2
复方妥英麻黄茶碱片	fu fang tuo ying ma huang cha jian pian	2
复方对乙酰氨基酚片	fu fang dui yi xian an ji fen pian	3
复方山莨菪碱软膏	fu fang shan lang dang jian ruan gao	2
复方岗稔片	fu fang gang ren pian	3
复方川贝精片	fu fang chuan bei jing pian	3
复方左炔诺孕酮	fu fang zuo que nuo yun tong	3
复方布洛伪麻缓释片	fu fang bu luo wei ma huan shi pian	4
复方康纳乐霜	fu fang kang na le shuang	2
复方当归注射液	fu fang dang gui zhu she ye	6
复方感冒灵片	fu fang gan mao ling pian	5
复方感冒灵胶囊	fu fang gan mao ling jiao nang	2
复方感冒灵颗粒	fu fang gan mao ling ke li	3
复方感冒片	fu fang gan mao pian	2
复方感冒胶囊	fu fang gan mao jiao nang	2
复方手参益智胶囊	fu fang shou shen yi zhi jiao nang	2
复方斑蝥胶囊	fu fang ban mao jiao nang	2
复方新诺明	fu fang xin nuo ming	6
复方新霉素软膏	fu fang xin mei su ruan gao	3
复方曲安奈德乳膏	fu fang qu an nai de ru gao	3
复方木尼孜其颗粒	fu fang mu ni zi qi ke li	3
复方木香小檗碱片	fu fang mu xiang xiao bo jian pian	2
复方杏香兔耳风	fu fang xing xiang tu er feng	3
复方杏香兔耳风胶囊	fu fang xing xiang tu er feng jiao nang	4
复方杜仲健骨颗粒	fu fang du zhong jian gu ke li	4
复方杜仲胶囊	fu fang du zhong jiao nang	3
复方板蓝根颗粒	fu fang ban lan gen ke li	6
复方枣仁胶囊	fu fang zao ren jiao nang	3
复方枸橼酸铁铵糖浆	fu fang ju yuan suan tie an tang jiang	2
复方柳菊片	fu fang liu ju pian	3
复方柴胡安神颗粒	fu fang chai hu an shen ke li	2
复方桐叶烧伤油	fu fang tong ye shao shang you	2
复方桔梗止咳片	fu fang jie geng zhi ke pian	2
复方桔梗麻黄碱糖浆	fu fang jie geng ma huang jian tang jiang	3
复方樟脑乳膏	fu fang zhang nao ru gao	2
复方樟脑酊	fu fang zhang nao ding	3
复方氟米松软膏	fu fang fu mi song ruan gao	2
复方氢氧化铝片	fu fang qing yang hua lv pian	4
复方氨基比林注射液	fu fang an ji bi lin zhu she ye	3
复方氨基酸	fu fang an ji suan	5
复方氨基酸注射液	fu fang an ji suan zhu she ye	4
复方氨敏虎杖胶囊	fu fang an min hu zhang jiao nang	2
复方氨林巴比妥注射液	fu fang an lin ba bi tuo zhu she ye	3
复方氨维胶囊	fu fang an wei jiao nang	3
复方氨酚愈敏口服溶液	fu fang an fen yu min kou fu rong ye	2
复方氨酚烷胺	fu fang an fen wan an	5
复方氨酚烷胺片	fu fang an fen wan an pian	5
复方氨酚烷胺胶囊	fu fang an fen wan an jiao nang	6
复方氨酚烷胺颗粒	fu fang an fen wan an ke li	2
复方氨酚苯海拉明片	fu fang an fen ben hai la ming pian	4
复方氯化钠	fu fang lv hua na	3
复方氯化钠注射液	fu fang lv hua na zhu she ye	2
复方氯唑沙宗片	fu fang lv zuo sha zong pian	2
复方氯已定含漱液	fu fang lv yi ding han shu ye	2
复方氯霉素阴道泡腾片	fu fang lv mei su yin dao pao teng pian	2
复方水杨酸溶液	fu fang shui yang suan rong ye	2
复方泛影葡胺注射液	fu fang fan ying pu an zhu she ye	3
复方消化酶	fu fang xiao hua mei	4
复方消化酶胶囊	fu fang xiao hua mei jiao nang	4
复方炉甘石外用散	fu fang lu gan shi wai yong san	2
复方炉甘石洗剂	fu fang lu gan shi xi ji	4
复方炔诺酮片	fu fang que nuo tong pian	4
复方热敷散	fu fang re fu san	2
复方熊胆乙肝胶囊	fu fang xiong dan yi gan jiao nang	2
复方熊胆通鼻喷雾剂	fu fang xiong dan tong bi pen wu ji	2
复方牵正膏	fu fang qian zheng gao	2
复方玄驹胶囊	fu fang xuan ju jiao nang	3
复方珍珠口疮颗粒	fu fang zhen zhu kou chuang ke li	3
复方甘草	fu fang gan cao	4
复方甘草口服液	fu fang gan cao kou fu ye	5
复方甘草口服溶液	fu fang gan cao kou fu rong ye	5
复方甘草合剂	fu fang gan cao he ji	6
复方甘草含片	fu fang gan cao han pian	3
复方甘草片	fu fang gan cao pian	8
复方甘草酸单铵注射液	fu fang gan cao suan dan an zhu she ye	2
复方甘草酸苷	fu fang gan cao suan gan	3
复方甘草酸苷片	fu fang gan cao suan gan pian	3
复方甘草麻黄碱片	fu fang gan cao ma huang jian pian	3
复方甲地孕酮片	fu fang jia di yun tong pian	2
复方甲氧那明胶囊	fu fang jia yang na ming jiao nang	4
复方甲硝唑阴道栓	fu fang jia xiao zuo yin dao shuan	2
复方百部止咳糖浆	fu fang bai bu zhi ke tang jiang	2
复方益母口服液	fu fang yi mu kou fu ye	3
复方益母草膏	fu fang yi mu cao gao	3
复方益肝丸	fu fang yi gan wan	2
复方盐酸阿米洛利片	fu fang yan suan a mi luo li pian	2
复方石韦胶囊	fu fang shi wei jiao nang	2
复方硫酸新霉素	fu fang liu suan xin mei su	3
复方硫酸新霉素滴眼液	fu fang liu suan xin mei su di yan ye	2
复方硫酸软骨素滴眼液	fu fang liu suan ruan gu su di yan ye	2
复方硫黄乳膏	fu fang liu huang ru gao	2
复方硼砂溶液	fu fang peng sha rong ye	3
复方碳酸钙颗粒	fu fang tan suan gai ke li	3
复方磷酸可待因	fu fang lin suan ke dai yin	1
复方磷酸可待因溶液	fu fang lin suan ke dai yin rong ye	5
复方磷酸可待因片	fu fang lin suan ke dai yin pian	2
复方磷酸可待因糖浆	fu fang lin suan ke dai yin tang jiang	3
复方磺胺甲恶唑	fu fang huang an jia e zuo	4
复方磺胺甲恶唑分散片	fu fang huang an jia e zuo fen san pian	2
复方磺胺甲恶唑注射液	fu fang huang an jia e zuo zhu she ye	4
复方磺胺甲恶唑片	fu fang huang an jia e zuo pian	3
复方福尔可定口服溶液	fu fang fu er ke ding kou fu rong ye	3
复方穿心莲片	fu fang chuan xin lian pian	2
复方米非司酮片	fu fang mi fei si tong pian	3
复方红豆杉胶囊	fu fang hong dou shan jiao nang	3
复方罗布麻片	fu fang luo bu ma pian	2
复方罗汉果止咳冲剂	fu fang luo han guo zhi ke chong ji	2
复方罗汉果清肺颗粒	fu fang luo han guo qing fei ke li	3
复方羚角降压片	fu fang ling jiao jiang ya pian	2
复方聚维酮碘搽剂	fu fang ju wei tong dian cha ji	5
复方肝浸膏片	fu fang gan jin gao pian	4
复方肝浸膏糖浆	fu fang gan jin gao tang jiang	2
复方肝浸膏胶囊	fu fang gan jin gao jiao nang	3
复方胃宁胶囊	fu fang wei ning jiao nang	3
复方胃膜素胶囊	fu fang wei mo su jiao nang	2
复方胃蛋白酶散	fu fang wei dan bai mei san	3
复方胃蛋白酶颗粒	fu fang wei dan bai mei ke li	3
复方胚肝铁铵片	fu fang pei gan tie an pian	2
复方脑蛋白水解物片	fu fang nao dan bai shui jie wu pian	3
复方芦丁片	fu fang lu ding pian	2
复方芦荟胶囊	fu fang lu hui jiao nang	4
复方苦参注射液	fu fang ku shen zhu she ye	4
复方苦参洗剂	fu fang ku shen xi ji	2
复方苦木消炎片	fu fang ku mu xiao yan pian	2
复方苯佐卡因凝胶	fu fang ben zuo ka yin ning jiao	2
复方苯佐卡因软膏	fu fang ben zuo ka yin ruan gao	2
复方苯海拉明搽剂	fu fang ben hai la ming cha ji	2
复方苯甲酸软膏	fu fang ben jia suan ruan gao	2
复方苯甲酸酊	fu fang ben jia suan ding	3
复方茶碱麻黄碱	fu fang cha jian ma huang jian	2
复方茶碱麻黄碱片	fu fang cha jian ma huang jian pian	6
复方荆芥熏洗剂	fu fang jing jie xun xi ji	2
复方草珊瑚含片	fu fang cao shan hu han pian	5
复方莪术油软胶囊	fu fang e zhu you ruan jiao nang	2
复方蒲公英注射液	fu fang pu gong ying zhu she ye	3
复方蒲芩片	fu fang pu qin pian	2
复方蒿甲醚	fu fang hao jia mi	1
复方薄荷脑	fu fang bo he nao	2
复方薄荷脑软膏	fu fang bo he nao ruan gao	3
复方藏红花油	fu fang zang hong hua you	3
复方虫草口服液	fu fang chong cao kou fu ye	2
复方蚂蚁活络胶囊	fu fang ma yi huo luo jiao nang	4
复方蛇胆川贝散	fu fang she dan chuan bei san	2
复方蛇胆川贝末	fu fang she dan chuan bei mo	2
复方蛤青胶囊	fu fang ge qing jiao nang	3
复方血栓通胶囊	fu fang xue shuan tong jiao nang	4
复方血栓通软胶囊	fu fang xue shuan tong ruan jiao nang	2
复方补骨脂颗粒	fu fang bu gu zhi ke li	2
复方西羚解毒片	fu fang xi ling jie du pian	3
复方角菜酸酯栓	fu fang jiao cai suan zhi shuan	2
复方谷氨酰胺	fu fang gu an xian an	2
复方谷氨酰胺颗粒	fu fang gu an xian an ke li	2
复方贝母氯化铵片	fu fang bei mu lv hua an pian	3
复方酮康唑乳膏	fu fang tong kang zuo ru gao	3
复方酮康唑发用洗剂	fu fang tong kang zuo fa yong xi ji	2
复方酮康唑软膏	fu fang tong kang zuo ruan gao	3
复方醋酸地塞米松乳膏	fu fang cu suan di sai mi song ru gao	4
复方醋酸氟轻松酊	fu fang cu suan fu qing song ding	2
复方醋酸甲地孕酮片	fu fang cu suan jia di yun tong pian	3
复方金银花颗粒	fu fang jin yin hua ke li	2
复方铝酸铋片	fu fang lv suan bi pian	3
复方银杏通脉口服液	fu fang yin xing tong mai kou fu ye	2
复方银翘氨敏胶囊	fu fang yin qiao an min jiao nang	2
复方门冬维甘滴眼液	fu fang men dong wei gan di yan ye	3
复方阿司匹林	fu fang a si pi lin	5
复方阿司匹林片	fu fang a si pi lin pian	2
复方阿嗪米特肠溶片	fu fang a qin mi te chang rong pian	3
复方阿米三嗪片	fu fang a mi san qin pian	6
复方阿胶浆	fu fang e jiao jiang	7
复方陈香胃片	fu fang chen xiang wei pian	2
复方降压片	fu fang jiang ya pian	5
复方青果颗粒	fu fang qing guo ke li	2
复方青黛丸	fu fang qing dai wan	4
复方风湿宁片	fu fang feng shi ning pian	2
复方驱虫斑鸠菊丸	fu fang qu chong ban jiu ju wan	3
复方骨肽注射液	fu fang gu tai zhu she ye	4
复方鱼腥草合剂	fu fang yu xing cao he ji	3
复方鱼腥草胶囊	fu fang yu xing cao jiao nang	2
复方鱼腥草软胶囊	fu fang yu xing cao ruan jiao nang	2
复方鲜竹沥液	fu fang xian zhu li ye	4
复方鳖甲软肝片	fu fang bie jia ruan gan pian	4
复方鹿仙草颗粒	fu fang lu xian cao ke li	2
复方黄松洗液	fu fang huang song xi ye	2
复方黄柏液	fu fang huang bai ye	2
复方黄莲素片	fu fang huang lian su pian	2
复方黄藤洗液	fu fang huang teng xi ye	2
复方黄连素片	fu fang huang lian su pian	5
复方鼻炎膏	fu fang bi yan gao	4
复方龙胆碳酸氢钠片	fu fang long dan tan suan qing na pian	2
复明片	fu ming pian	4
复明胶囊	fu ming jiao nang	4
复溜	fu liu	4
复溜穴	fu liu xue	3
复肾宁胶囊	fu shen ning jiao nang	3
复脉定胶囊	fu mai ding jiao nang	2
复脉汤	fu mai tang	3
复色	fu se	1
夏天无	xia tian wu	5
夏天无滴眼液	xia tian wu di yan ye	2
夏天无片	xia tian wu pian	3
夏季热	xia ji re	7
夏季皮炎	xia ji pi yan	6
夏枯草	xia ku cao	11
夏枯草口服液	xia ku cao kou fu ye	3
夏枯草胶囊	xia ku cao jiao nang	2
夏枯草膏	xia ku cao gao	3
夏桑菊颗粒	xia sang ju ke li	5
夏眠	xia mian	10
夏科	xia ke	6
夏鸟	xia niao	3
外上髁	wai shang ke	7
外伤性白内障	wai shang xing bai nei zhang	2
外侧半月板	wai ce ban yue ban	6
外关	wai guan	6
外关穴	wai guan xue	6
外分泌	wai fen mi	15
外分泌腺	wai fen mi xian	8
外劳宫	wai lao gong	4
外台秘要	wai tai mi yao	5
外周阻力	wai zhou zu li	4
外周静脉压	wai zhou jing mai ya	4
外展神经	wai zhan shen jing	2
外感风寒	wai gan feng han	3
外感风寒颗粒	wai gan feng han ke li	3
外斐氏反应	wai fei shi fan ying	2
外斜视	wai xie shi	9
外显子	wai xian zi	35
外显率	wai xian lv	1
外显记忆	wai xian ji yi	1
外板	wai ban	11
外毒素	wai du su	10
外消旋体	wai xiao xuan ti	8
外源凝集素	wai yuan ning ji su	1
外源基因	wai yuan ji yin	5
外源性感染	wai yuan xing gan ran	4
外照射急性放射病	wai zhao she ji xing fang she bing	2
外照射慢性放射病	wai zhao she man xing fang she bing	4
外生殖器	wai sheng zhi qi	30
外用应急软膏	wai yong ying ji ruan gao	2
外用无敌膏	wai yong wu di gao	3
外科护理学	wai ke hu li xue	4
外科疾病	wai ke ji bing	8
外翻	wai fan	46
外翻足	wai fan zu	4
外耳道	wai er dao	20
外耳道乳头状瘤	wai er dao ru tou zhuang liu	3
外耳道异物	wai er dao yi wu	5
外耳道疖	wai er dao jie	2
外耳道胆脂瘤	wai er dao dan zhi liu	3
外耳道闭锁	wai er dao bi suo	5
外胚层	wai pei ceng	19
外胚层发育不良	wai pei ceng fa yu bu liang	1
外踝尖	wai huai jian	4
外邪	wai xie	3
外阴	wai yin	28
外阴尖锐湿疣	wai yin jian rui shi you	3
外阴溃疡	wai yin kui yang	4
外阴炎	wai yin yan	7
外阴瘙痒	wai yin sao yang	1
外阴癌根治术	wai yin ai gen zhi shu	4
外阴白色病变	wai yin bai se bing bian	2
外阴萎缩	wai yin wei suo	3
外阴营养不良	wai yin ying yang bu liang	4
外阴阴道炎	wai yin yin dao yan	5
外隐斜	wai yin xie	3
外鼻	wai bi	1
多不饱和脂肪酸	duo bu bao he zhi fang suan	3
多乐士	duo le shi	9
多乳房	duo ru fang	4
多价疫苗	duo jia yi miao	3
多倍体	duo bei ti	12
多元分析	duo yuan fen xi	4
多克隆抗体	duo ke long kang ti	18
多功能酶	duo gong neng mei	2
多动宁胶囊	duo dong ning jiao nang	2
多发伤	duo fa shang	1
多发性大动脉炎	duo fa xing da dong mai yan	5
多发性硬化	duo fa xing ying hua	45
多发性神经纤维瘤	duo fa xing shen jing xian wei liu	2
多发性肌炎	duo fa xing ji yan	1
多发性肾结石	duo fa xing shen jie shi	4
多发性脂肪瘤	duo fa xing zhi fang liu	2
多发性脑梗塞	duo fa xing nao geng se	1
多发性骨折	duo fa xing gu zhe	1
多发性骨髓瘤	duo fa xing gu sui liu	43
多器官功能衰竭	duo qi guan gong neng shuai jie	8
多囊卵巢综合征	duo nang luan chao zong he zheng	9
多囊肝	duo nang gan	6
多囊肾	duo nang shen	5
多基因病	duo ji yin bing	3
多塞平	duo se ping	1
多奈哌齐	duo nai pai qi	11
多寐	duo mei	4
多尿	duo niao	4
多巴丝肼	duo ba si jing	3
多巴丝肼片	duo ba si jing pian	3
多巴胺受体	duo ba an shou ti	19
多廿烷醇	duo nian wan chun	4
多形性日光疹	duo xing xing ri guang zhen	2
多形性红斑	duo xing xing hong ban	2
多形性胶质母细胞瘤	duo xing xing jiao zhi mu xi bao liu	4
多形红斑	duo xing hong ban	5
多态现象	duo tai xian xiang	2
多指	duo zhi	10
多普勒检查	duo pu le jian cha	3
多毛	duo mao	8
多毛症	duo mao zheng	9
多氯联苯	duo lv lian ben	42
多汗症	duo han zheng	4
多沙唑嗪	duo sha zuo qin	2
多潘立酮分散片	duo pan li tong fen san pian	4
多潘立酮片	duo pan li tong pian	6
多潜能性	duo qian neng xing	1
多烯磷脂酰胆碱	duo xi lin zhi xian dan jian	2
多烯磷脂酰胆碱胶囊	duo xi lin zhi xian dan jian jiao nang	3
多烯紫杉醇	duo xi zi shan chun	2
多烯酸乙酯	duo xi suan yi zhi	2
多生牙	duo sheng ya	5
多生齿	duo sheng chi	3
多瘤病毒	duo liu bing du	3
多粘菌素	duo nian jun su	5
多精入卵	duo jing ru luan	3
多糖疫苗	duo tang yi miao	5
多糖铁复合物胶囊	duo tang tie fu he wu jiao nang	3
多糖铁胶囊	duo tang tie jiao nang	2
多系统萎缩	duo xi tong wei suo	4
多索茶碱注射液	duo suo cha jian zhu she ye	2
多维元素片	duo wei yuan su pian	3
多维元素胶囊	duo wei yuan su jiao nang	3
多维铁口服溶液	duo wei tie kou fu rong ye	2
多聚甲醛	duo ju jia quan	2
多聚酶	duo ju mei	1
多肌炎	duo ji yan	4
多胎妊娠	duo tai ren shen	2
多能性	duo neng xing	6
多血质	duo xue zhi	1
多西他赛	duo xi ta sai	4
多西他赛注射液	duo xi ta sai zhu she ye	4
多西环素	duo xi huan su	3
多西紫杉醇	duo xi zi shan chun	2
多趾	duo zhi	3
多酶片	duo mei pian	7
多黏菌素	duo nian jun su	6
夜交藤	ye jiao teng	7
夜尿	ye niao	10
夜尿宁丸	ye niao ning wan	4
夜尿症	ye niao zheng	5
夜盲	ye mang	1
夜语	ye yu	9
大三阳	da san yang	9
大于胎龄儿	da yu tai ling er	1
大便失禁	da bian shi jin	7
大便潜血	da bian qian xue	7
大力补	da li bu	6
大劣按蚊	da lie an wen	2
大动脉炎	da dong mai yan	2
大动脉转位	da dong mai zhuan wei	1
大包穴	da bao xue	4
大医精诚	da yi jing cheng	9
大印象减肥茶	da yin xiang jian fei cha	3
大口畸形	da kou ji xing	2
大叶性肺炎	da ye xing fei yan	2
大叶紫珠	da ye zi zhu	2
大圆肌	da yuan ji	1
大学物理实验	da xue wu li shi yan	2
大学英语口语	da xue ying yu kou yu	3
大官人	da guan ren	2
大定风珠	da ding feng zhu	3
大实有羸状	da shi you lei zhuang	2
大家鼠	da jia shu	2
大小恒常性	da xiao heng chang xing	2
大小知觉	da xiao zhi jue	2
大小蓟	da xiao ji	2
大山楂丸	da shan zha wan	6
大巨	da ju	6
大巨穴	da ju xue	2
大扶康	da fu kang	4
大承气汤	da cheng qi tang	4
大收肌	da shou ji	2
大敦	da dun	7
大敦穴	da dun xue	5
大明胶囊	da ming jiao nang	3
大杼	da zhu	1
大果木姜子	da guo mu jiang zi	1
大枫子	da feng zi	3
大柴胡汤	da chai hu tang	4
大椎	da zhui	15
大椎穴	da zhui xue	8
大横	da heng	6
大横穴	da heng xue	4
大汗腺	da han xian	2
大泡性肺气肿	da pao xing fei qi zhong	2
大活络丸	da huo luo wan	5
大活络丹	da huo luo dan	4
大活络胶囊	da huo luo jiao nang	2
大疱性类天疱疮	da pao xing lei tian pao chuang	1
大疱性表皮松解症	da pao xing biao pi song jie zheng	1
大疱性鼓膜炎	da pao xing gu mo yan	3
大细胞性贫血	da xi bao xing pin xue	3
大结节	da jie jie	6
大网膜	da wang mo	1
大肠俞	da chang shu	5
大肠俞穴	da chang shu xue	4
大肠埃希菌	da chang ai xi jun	4
大肠恶性肿瘤	da chang e xing zhong liu	1
大肠杆菌内毒素	da chang gan jun nei du su	2
大肠梗阻	da chang geng zu	2
大肠湿热	da chang shi re	3
大肠菌群	da chang jun qun	5
大脑前动脉	da nao qian dong mai	4
大脑半球	da nao ban qiu	11
大脑后动脉	da nao hou dong mai	3
大脑大静脉	da nao da jing mai	2
大脑皮质	da nao pi zhi	28
大腹皮	da fu pi	6
大腿截肢术	da tui jie zhi shu	3
大腿长	da tui chang	5
大花红景天	da hua hong jing tian	3
大蒜油软胶囊	da suan you ruan jiao nang	3
大蒜素	da suan su	1
大蒜素胶囊	da suan su jiao nang	2
大蒜素软胶囊	da suan su ruan jiao nang	2
大蒜辣素	da suan la su	5
大血管	da xue guan	17
大血藤	da xue teng	4
大补丸	da bu wan	6
大补元煎	da bu yuan jian	2
大补阴丸	da bu yin wan	5
大观霉素	da guan mei su	1
大角膜	da jiao mo	2
大豆苷	da dou gan	5
大豆苷元	da dou gan yuan	8
大败毒胶囊	da bai du jiao nang	4
大赫	da he	4
大转子	da zhuan zi	2
大迎	da ying	5
大迎穴	da ying xue	3
大量培养	da liang pei yang	3
大长今	da chang jin	29
大陵	da ling	18
大陵穴	da ling xue	5
大陷胸汤	da xian xiong tang	3
大隐静脉	da yin jing mai	2
大隐静脉曲张	da yin jing mai qu zhang	6
大青叶	da qing ye	9
大青盐	da qing yan	4
大青龙汤	da qing long tang	2
大静脉	da jing mai	2
大颗粒淋巴细胞	da ke li lin ba xi bao	2
大骨盆	da gu pen	3
大骨空	da gu kong	2
大鱼际	da yu ji	3
大黄流浸膏	da huang liu jin gao	2
大黄牡丹汤	da huang mu dan tang	2
大黄碳酸氢钠片	da huang tan suan qing na pian	3
大黄素	da huang su	4
大黄素甲醚	da huang su jia mi	3
大黄蛰虫丸	da huang zhe chong wan	3
大黄通便颗粒	da huang tong bian ke li	2
大黄酚	da huang fen	2
大黄酸	da huang suan	4
大黄附子汤	da huang fu zi tang	3
天一止咳糖浆	tian yi zhi ke tang jiang	4
天人关系	tian ren guan xi	6
天仙子	tian xian zi	11
天仙藤	tian xian teng	5
天保宁	tian bao ning	3
天冬	tian dong	39
天冲	tian chong	7
天冲穴	tian chong xue	2
天听	tian ting	9
天和追风膏	tian he zhui feng gao	2
天和骨通贴膏	tian he gu tong tie gao	3
天坛生物	tian tan sheng wu	1
天宗	tian zong	5
天宗穴	tian zong xue	3
天容	tian rong	5
天府穴	tian fu xue	2
天方罗欣	tian fang luo xin	2
天普洛安	tian pu luo an	2
天智颗粒	tian zhi ke li	2
天杞补肾胶囊	tian qi bu shen jiao nang	2
天枢	tian shu	15
天枢穴	tian shu xue	7
天柱穴	tian zhu xue	4
天母降压片	tian mu jiang ya pian	3
天池穴	tian chi xue	2
天泉	tian quan	16
天溪	tian xi	5
天溪穴	tian xi xue	3
天演论	tian yan lun	8
天然冰片	tian ran bing pian	5
天然抗体	tian ran kang ti	2
天然维生素	tian ran wei sheng su	8
天然药物化学	tian ran yao wu hua xue	3
天然药物学	tian ran yao wu xue	3
天然食品	tian ran shi pin	10
天王补心丸	tian wang bu xin wan	4
天王补心丹	tian wang bu xin dan	5
天疱疮	tian pao chuang	1
天突	tian tu	7
天竺黄	tian zhu huang	4
天胡荽愈肝片	tian hu sui yu gan pian	3
天舒胶囊	tian shu jiao nang	3
天芪降糖胶囊	tian qi jiang tang jiao nang	2
天花板效应	tian hua ban xiao ying	7
天花病毒	tian hua bing du	9
天花粉	tian hua fen	3
天花粉蛋白	tian hua fen dan bai	3
天葵子	tian kui zi	1
天麦消渴片	tian mai xiao ke pian	2
天麻丸	tian ma wan	5
天麻头痛片	tian ma tou tong pian	3
天麻头风灵胶囊	tian ma tou feng ling jiao nang	2
天麻片	tian ma pian	4
天麻素	tian ma su	7
天麻素注射液	tian ma su zhu she ye	5
天麻胶囊	tian ma jiao nang	6
天麻追风膏	tian ma zhui feng gao	5
天麻醒脑胶囊	tian ma xing nao jiao nang	4
天麻钩藤颗粒	tian ma gou teng ke li	3
天麻钩藤饮	tian ma gou teng yin	4
天麻首乌片	tian ma shou wu pian	2
天麻首乌胶囊	tian ma shou wu jiao nang	2
天鼎	tian ding	7
太冲	tai chong	8
太冲穴	tai chong xue	2
太太口服液	tai tai kou fu ye	6
太子保心口服液	tai zi bao xin kou fu ye	3
太平惠民和剂局方	tai ping hui min he ji ju fang	9
太渊	tai yuan	9
太渊穴	tai yuan xue	5
太溪	tai xi	6
太溪穴	tai xi xue	6
太田痣	tai tian zhi	7
太阳病	tai yang bing	13
太阳神口服液	tai yang shen kou fu ye	4
太阳黑子	tai yang hei zi	35
太阴病	tai yin bing	3
夫西地酸	fu xi di suan	5
夫西地酸钠	fu xi di suan na	3
失写症	shi xie zheng	6
失活剂	shi huo ji	2
失用症	shi yong zheng	15
失笑散	shi xiao san	3
失血性休克	shi xue xing xiu ke	10
失血性贫血	shi xue xing pin xue	7
失访	shi fang	6
失读症	shi du zheng	6
失音症	shi yin zheng	2
头发移植	tou fa yi zhi	6
头孢丙烯	tou bao bing xi	4
头孢丙烯片	tou bao bing xi pian	3
头孢丙烯胶囊	tou bao bing xi jiao nang	2
头孢他啶	tou bao ta ding	7
头孢他定	tou bao ta ding	4
头孢他美酯	tou bao ta mei zhi	2
头孢克洛	tou bao ke luo	2
头孢克洛分散片	tou bao ke luo fen san pian	4
头孢克洛干混悬剂	tou bao ke luo gan hun xuan ji	4
头孢克洛片	tou bao ke luo pian	3
头孢克洛缓释片	tou bao ke luo huan shi pian	3
头孢克洛缓释胶囊	tou bao ke luo huan shi jiao nang	2
头孢克洛胶囊	tou bao ke luo jiao nang	4
头孢克洛颗粒	tou bao ke luo ke li	4
头孢克肟	tou bao ke wo	3
头孢克肟分散片	tou bao ke wo fen san pian	4
头孢克肟干混悬剂	tou bao ke wo gan hun xuan ji	4
头孢克肟片	tou bao ke wo pian	4
头孢克肟胶囊	tou bao ke wo jiao nang	3
头孢克肟颗粒	tou bao ke wo ke li	4
头孢匹罗	tou bao pi luo	4
头孢匹胺	tou bao pi an	4
头孢匹胺钠	tou bao pi an na	4
头孢吡肟	tou bao bi wo	4
头孢呋辛	tou bao fu xin	2
头孢呋辛脂	tou bao fu xin zhi	2
头孢呋辛酯	tou bao fu xin zhi	2
头孢呋辛酯分散片	tou bao fu xin zhi fen san pian	3
头孢呋辛酯片	tou bao fu xin zhi pian	4
头孢呋辛酯胶囊	tou bao fu xin zhi jiao nang	3
头孢咪唑	tou bao mi zuo	3
头孢哌酮钠	tou bao pai tong na	5
头孢哌酮钠舒巴坦钠	tou bao pai tong na shu ba tan na	5
头孢唑啉钠	tou bao zuo lin na	4
头孢唑林	tou bao zuo lin	6
头孢唑林钠	tou bao zuo lin na	4
头孢唑肟	tou bao zuo wo	5
头孢唑肟钠	tou bao zuo wo na	3
头孢噻肟	tou bao sai wo	18
头孢噻肟钠	tou bao sai wo na	5
头孢地嗪	tou bao di qin	4
头孢地尼	tou bao di ni	4
头孢地尼分散片	tou bao di ni fen san pian	4
头孢地尼胶囊	tou bao di ni jiao nang	3
头孢尼西	tou bao ni xi	2
头孢拉定	tou bao la ding	8
头孢拉定分散片	tou bao la ding fen san pian	2
头孢拉定干混悬剂	tou bao la ding gan hun xuan ji	3
头孢拉定片	tou bao la ding pian	2
头孢拉定胶囊	tou bao la ding jiao nang	7
头孢曲松钠	tou bao qu song na	8
头孢替唑	tou bao ti zuo	3
头孢替唑钠	tou bao ti zuo na	3
头孢氨苄	tou bao an bian	4
头孢氨苄片	tou bao an bian pian	4
头孢氨苄甲氧苄啶胶囊	tou bao an bian jia yang bian ding jiao nang	4
头孢氨苄缓释片	tou bao an bian huan shi pian	2
头孢氨苄缓释胶囊	tou bao an bian huan shi jiao nang	2
头孢氨苄胶囊	tou bao an bian jiao nang	6
头孢氨苄颗粒	tou bao an bian ke li	3
头孢沙定	tou bao sha ding	2
头孢泊肟酯	tou bao bo wo zhi	3
头孢泊肟酯片	tou bao bo wo zhi pian	3
头孢特仑新戊酯	tou bao te lun xin wu zhi	2
头孢磺啶	tou bao huang ding	3
头孢米诺	tou bao mi nuo	5
头孢米诺钠	tou bao mi nuo na	3
头孢美唑	tou bao mei zuo	5
头孢美唑钠	tou bao mei zuo na	4
头孢羟氨苄	tou bao qiang an bian	4
头孢羟氨苄胶囊	tou bao qiang an bian jiao nang	3
头孢菌素类	tou bao jun su lei	7
头孢西丁	tou bao xi ding	4
头孢西丁钠	tou bao xi ding na	4
头痛宁胶囊	tou tong ning jiao nang	2
头痛片	tou tong pian	3
头痛病	tou tong bing	7
头皮挫伤	tou pi cuo shang	7
头皮损伤	tou pi sun shang	1
头皮撕脱伤	tou pi si tuo shang	6
头皮瘙痒	tou pi sao yang	6
头皮血肿	tou pi xue zhong	10
头皮裂伤	tou pi lie shang	10
头维	tou wei	4
头肌	tou ji	25
头臂干	tou bi gan	2
头节	tou jie	5
头花蓼	tou hua liao	1
头虱	tou shi	4
头静脉	tou jing mai	1
头风病	tou feng bing	5
夹竹桃中毒	jia zhu tao zhong du	3
夹脊	jia ji	2
夹脊穴	jia ji xue	3
奇效良方	qi xiao liang fang	4
奇正消痛贴膏	qi zheng xiao tong tie gao	3
奈普生	nai pu sheng	3
奈替米星	nai ti mi xing	2
奈瑟氏菌	nai se shi jun	1
奈非那韦	nai fei na wei	1
奈韦拉平	nai wei la ping	4
奈韦拉平片	nai wei la ping pian	2
奋乃静	fen nai jing	2
奎尼丁	kui ni ding	1
奔马律	ben ma lv	3
奥利司他	ao li si ta	1
奥利司他胶囊	ao li si ta jiao nang	5
奥卡西平	ao ka xi ping	2
奥卡西平片	ao ka xi ping pian	3
奥妮	ao ni	42
奥扎格雷	ao zha ge lei	4
奥扎格雷钠	ao zha ge lei na	4
奥拉西坦	ao la xi tan	2
奥拉西坦注射液	ao la xi tan zhu she ye	3
奥施康定	ao shi kang ding	2
奥曲肽	ao qu tai	16
奥格门汀	ao ge men ting	3
奥氮平	ao dan ping	9
奥氮平片	ao dan ping pian	3
奥沙利铂	ao sha li bo	8
奥沙利铂注射液	ao sha li bo zhu she ye	2
奥沙利铂甘露醇注射液	ao sha li bo gan lu chun zhu she ye	3
奥沙西泮	ao sha xi pan	2
奥洛他定滴眼液	ao luo ta ding di yan ye	4
奥硝唑	ao xiao zuo	5
奥硝唑氯化钠注射液	ao xiao zuo lv hua na zhu she ye	3
奥硝唑注射液	ao xiao zuo zhu she ye	3
奥美拉唑	ao mei la zuo	4
奥美拉唑肠溶片	ao mei la zuo chang rong pian	3
奥美拉唑肠溶胶囊	ao mei la zuo chang rong jiao nang	6
奥美拉唑胶囊	ao mei la zuo jiao nang	3
奥美拉唑镁	ao mei la zuo mei	2
奥美拉唑镁肠溶片	ao mei la zuo mei chang rong pian	2
奥美沙坦酯	ao mei sha tan zhi	2
奥西那林	ao xi na lin	2
女性假两性畸形	nv xing jia liang xing ji xing	5
女性生殖器官恶性肿瘤	nv xing sheng zhi qi guan e xing zhong liu	3
女贞	nv zhen	30
女贞子	nv zhen zi	1
如意金黄散	ru yi jin huang san	4
妄想型精神分裂症	wang xiang xing jing shen fen lie zheng	7
妄想狂	wang xiang kuang	3
妇乐冲剂	fu le chong ji	2
妇产科学	fu chan ke xue	17
妇产科护理学	fu chan ke hu li xue	3
妇女养血丸	fu nv yang xue wan	4
妇女带下	fu nv dai xia	5
妇女痛经丸	fu nv tong jing wan	2
妇婴保健	fu ying bao jian	12
妇婴医院	fu ying yi yuan	3
妇宁胶囊	fu ning jiao nang	3
妇平胶囊	fu ping jiao nang	3
妇康宁胶囊	fu kang ning jiao nang	2
妇康片	fu kang pian	4
妇月康胶囊	fu yue kang jiao nang	2
妇炎净片	fu yan jing pian	4
妇炎康丸	fu yan kang wan	2
妇炎康复片	fu yan kang fu pian	3
妇炎康复胶囊	fu yan kang fu jiao nang	2
妇炎康片	fu yan kang pian	2
妇炎泰颗粒	fu yan tai ke li	2
妇炎洁	fu yan jie	2
妇炎消口服液	fu yan xiao kou fu ye	3
妇科再造丸	fu ke zai zao wan	3
妇科分清丸	fu ke fen qing wan	3
妇科十味片	fu ke shi wei pian	4
妇科千金洗液	fu ke qian jin xi ye	3
妇科千金片	fu ke qian jin pian	1
妇科千金胶囊	fu ke qian jin jiao nang	5
妇科检查	fu ke jian cha	8
妇科止带片	fu ke zhi dai pian	3
妇科止带胶囊	fu ke zhi dai jiao nang	2
妇科止痒胶囊	fu ke zhi yang jiao nang	3
妇科用药	fu ke yong yao	1
妇科白凤胶囊	fu ke bai feng jiao nang	2
妇科白带膏	fu ke bai dai gao	2
妇血康颗粒	fu xue kang ke li	2
妈咪爱	ma mi ai	8
妊娠合并心脏病	ren shen he bing xin zang bing	6
妊娠合并阑尾炎	ren shen he bing lan wei yan	2
妊娠水肿	ren shen shui zhong	7
妊娠痒疹	ren shen yang zhen	3
妊娠纹	ren shen wen	27
妥布霉素	tuo bu mei su	5
妥布霉素滴眼液	tuo bu mei su di yan ye	3
始基子宫	shi ji zi gong	4
姑息疗法	gu xi liao fa	2
委中	wei zhong	9
委阳	wei yang	3
姜半夏	jiang ban xia	6
姜片虫病	jiang pian chong bing	4
姜英	jiang ying	15
姿势反射	zi shi fan she	4
威吓行为	wei he xing wei	1
威灵仙	wei ling xian	10
威麦宁胶囊	wei mai ning jiao nang	2
娃娃宁泡腾片	wa wa ning pao teng pian	2
娑罗子	suo luo zi	2
婚姻治疗	hun yin zhi liao	6
婚姻状况	hun yin zhuang kuang	28
婴儿健脾散	ying er jian pi san	3
婴儿坏疽性皮炎	ying er huai ju xing pi yan	2
婴儿安片	ying er an pian	2
婴儿死亡率	ying er si wang lv	38
婴儿猝死综合症	ying er cu si zong he zheng	5
婴儿素	ying er su	3
嫌色细胞癌	xian se xi bao ai	2
子孢子	zi bao zi	5
子实层	zi shi ceng	35
子宫体	zi gong ti	11
子宫内翻	zi gong nei fan	2
子宫内膜增生	zi gong nei mo zeng sheng	10
子宫内膜异位囊肿	zi gong nei mo yi wei nang zhong	4
子宫内膜异位症	zi gong nei mo yi wei zheng	29
子宫内膜息肉	zi gong nei mo xi rou	2
子宫内膜炎	zi gong nei mo yan	5
子宫内膜癌	zi gong nei mo ai	17
子宫内膜结核	zi gong nei mo jie he	1
子宫内膜间质肉瘤	zi gong nei mo jian zhi rou liu	4
子宫出血	zi gong chu xue	11
子宫切除术	zi gong qie chu shu	14
子宫前位	zi gong qian wei	3
子宫动脉	zi gong dong mai	6
子宫发育不良	zi gong fa yu bu liang	7
子宫圆韧带	zi gong yuan ren dai	3
子宫底	zi gong di	4
子宫收缩	zi gong shou suo	20
子宫炎	zi gong yan	4
子宫畸形	zi gong ji xing	1
子宫癌	zi gong ai	12
子宫移位	zi gong yi wei	3
子宫穴	zi gong xue	4
子宫穿孔	zi gong chuan kong	8
子宫粘膜下肌瘤	zi gong nian mo xia ji liu	4
子宫粘连	zi gong zhan lian	1
子宫纵隔	zi gong zong ge	4
子宫肉瘤	zi gong rou liu	3
子宫肌层	zi gong ji ceng	9
子宫肌炎	zi gong ji yan	4
子宫肌瘤	zi gong ji liu	16
子宫肥大	zi gong fei da	4
子宫脱垂	zi gong tuo chui	2
子宫腺肌病	zi gong xian ji bing	3
子宫萎缩	zi gong wei suo	5
子宫输卵管碘油造影	zi gong shu luan guan dian you zao ying	3
子宫阔韧带	zi gong kuo ren dai	2
子宫颈原位癌	zi gong jing yuan wei ai	3
子座	zi zuo	12
子痫	zi xian	31
孔圣枕中丸	kong sheng zhen zhong wan	2
孔圣枕中丹	kong sheng zhen zhong dan	2
孔最	kong zui	4
孔源性视网膜脱离	kong yuan xing shi wang mo tuo li	5
孕三烯酮胶囊	yun san xi tong jiao nang	5
孕二烯酮	yun er xi tong	3
孕囊	yun nang	8
孕囊回声	yun nang hui sheng	2
孕康口服液	yun kang kou fu ye	3
孕酮测定	yun tong ce ding	3
孜孜汲汲	zi zi ji ji	3
孟氏骨折	meng shi gu zhe	2
孟鲁司特钠	meng lu si te na	2
孟鲁司特钠咀嚼片	meng lu si te na ju jue pian	3
孢囊	bao nang	8
孢子体	bao zi ti	15
孢子菌	bao zi jun	10
季德胜蛇药	ji de sheng she yao	4
季德胜蛇药片	ji de sheng she yao pian	5
季相	ji xiang	3
季节型	ji jie xing	6
孤立肾	gu li shen	5
学习障碍	xue xi zhang ai	39
学校卫生	xue xiao wei sheng	11
宁嗽化痰丸	ning sou hua tan wan	5
宁心安神胶囊	ning xin an shen jiao nang	3
宁心宝胶囊	ning xin bao jiao nang	4
宁泌泰胶囊	ning mi tai jiao nang	2
宁血汤	ning xue tang	2
安乃近	an nai jin	7
安乃近注射液	an nai jin zhu she ye	2
安乃近滴鼻液	an nai jin di bi ye	2
安乐片	an le pian	3
安体舒通	an ti shu tong	5
安儿宁颗粒	an er ning ke li	3
安全性行为	an quan xing xing wei	20
安全注射	an quan zhu she	4
安全范围	an quan fan wei	10
安博维	an bo wei	10
安嗽糖浆	an sou tang jiang	2
安坤赞育丸	an kun zan yu wan	3
安坦	an tan	2
安宫止血颗粒	an gong zhi xue ke li	2
安宫牛黄丸	an gong niu huang wan	1
安宫牛黄片	an gong niu huang pian	2
安宫降压丸	an gong jiang ya wan	3
安宫黄体酮	an gong huang ti tong	1
安康欣胶囊	an kang xin jiao nang	3
安慰剂效应	an wei ji xiao ying	11
安替比林	an ti bi lin	5
安痛定注射液	an tong ding zhu she ye	3
安眠穴	an mian xue	4
安眠补脑口服液	an mian bu nao kou fu ye	2
安眠补脑糖浆	an mian bu nao tang jiang	2
安神丸	an shen wan	5
安神健脑液	an shen jian nao ye	4
安神益脑丸	an shen yi nao wan	2
安神胶囊	an shen jiao nang	3
安神补心丸	an shen bu xin wan	3
安神补心颗粒	an shen bu xin ke li	2
安神补脑口服液	an shen bu nao kou fu ye	2
安神补脑液	an shen bu nao ye	6
安神补脑片	an shen bu nao pian	4
安神补脑颗粒	an shen bu nao ke li	2
安络化纤丸	an luo hua xian wan	2
安络痛片	an luo tong pian	2
安络血	an luo xue	4
安胃胶囊	an wei jiao nang	2
安胎	an tai	10
安阳固本膏	an yang gu ben gao	4
宋梧生	song wu sheng	2
宋瑞楼	song rui lou	10
完全性右束支传导阻滞	wan quan xing you shu zhi chuan dao zu zhi	3
完全性失语	wan quan xing shi yu	1
完全性房室传导阻滞	wan quan xing fang shi chuan dao zu zhi	3
完全抗原	wan quan kang yuan	1
完带汤	wan dai tang	2
完谷不化	wan gu bu hua	2
完骨	wan gu	1
官窍	guan qiao	3
定向力	ding xiang li	2
定向细胞	ding xiang xi bao	1
定向训练	ding xiang xun lian	5
定向诱变	ding xiang you bian	2
定向障碍	ding xiang zhang ai	3
定喘	ding chuan	1
定喘穴	ding chuan xue	4
定性研究	ding xing yan jiu	9
定眩丸	ding xuan wan	3
定群研究	ding qun yan jiu	2
定量研究	ding liang yan jiu	11
定量资料	ding liang zi liao	2
宝宝乐	bao bao le	6
宝宝金水	bao bao jin shui	6
实体癌	shi ti ai	4
实则泻之	shi ze xie zhi	4
实时成像	shi shi cheng xiang	6
实热	shi re	8
实热证	shi re zheng	4
实验室检查	shi yan shi jian cha	20
实验室生物安全	shi yan shi sheng wu an quan	3
实验心理学	shi yan xin li xue	41
实验核医学	shi yan he yi xue	2
实验社会心理学	shi yan she hui xin li xue	2
实验设计	shi yan she ji	34
实验诊断学	shi yan zhen duan xue	2
审讯心理学	shen xun xin li xue	3
宣肺	xuan fei	6
宣肺止嗽合剂	xuan fei zhi sou he ji	2
室上性心动过速	shi shang xing xin dong guo su	4
室性心动过速	shi xing xin dong guo su	4
室性心律失常	shi xing xin lv shi chang	3
室管膜瘤	shi guan mo liu	5
室间孔	shi jian kong	1
室间隔	shi jian ge	2
室间隔穿孔	shi jian ge chuan kong	4
室间隔缺损	shi jian ge que sun	2
室间隔缺损修补术	shi jian ge que sun xiu bu shu	6
室间隔缺损封堵术	shi jian ge que sun feng du shu	4
室间隔膜部	shi jian ge mo bu	5
宫炎平片	gong yan ping pian	3
宫炎平胶囊	gong yan ping jiao nang	2
宫瘤清片	gong liu qing pian	3
宫腔	gong qiang	34
宫腔镜检查	gong qiang jing jian cha	1
宫血宁胶囊	gong xue ning jiao nang	4
宫颈刮片	gong jing gua pian	8
宫颈息肉	gong jing xi rou	2
宫颈涂片	gong jing tu pian	6
宫颈炎	gong jing yan	9
宫颈肌瘤	gong jing ji liu	4
家庭史	jia ting shi	4
家族性地中海热	jia zu xing di zhong hai re	3
家族性结肠息肉	jia zu xing jie chang xi rou	4
家族性高胆固醇血症	jia zu xing gao dan gu chun xue zheng	4
家蝇	jia ying	16
宽筋藤	kuan jin teng	3
宽胸散结	kuan xiong san jie	1
宿玉成	su yu cheng	3
寄生性	ji sheng xing	48
寄生虫感染	ji sheng chong gan ran	19
寄生虫病	ji sheng chong bing	47
寄生追风液	ji sheng zhui feng ye	4
密度梯度离心	mi du ti du li xin	1
密蒙花	mi meng hua	3
密陀僧	mi tuo seng	1
寇热	kou re	3
富血口服液	fu xue kou fu ye	2
富马酸依美斯汀滴眼液	fu ma suan yi mei si ting di yan ye	2
富马酸喹硫平	fu ma suan kui liu ping	2
富马酸喹硫平片	fu ma suan kui liu ping pian	4
富马酸异丙吡仑片	fu ma suan yi bing bi lun pian	2
富马酸比索洛尔片	fu ma suan bi suo luo er pian	3
富马酸福莫特罗	fu ma suan fu mo te luo	3
富马酸酮替芬	fu ma suan tong ti fen	2
富马酸酮替芬滴眼液	fu ma suan tong ti fen di yan ye	2
寒冷性多形红斑	han leng xing duo xing hong ban	3
寒冷性脂膜炎	han leng xing zhi mo yan	5
寒冷性荨麻疹	han leng xing qian ma zhen	6
寒喘祖帕颗粒	han chuan zu pa ke li	3
寒性脓肿	han xing nong zhong	3
寒水石	han shui shi	1
寒湿	han shi	4
寒湿困脾	han shi kun pi	2
寒湿证	han shi zheng	2
寒热痹胶囊	han re bi jiao nang	2
寒热错杂	han re cuo za	5
寒痹	han bi	4
寒证	han zheng	7
寰枕关节	huan zhen guan jie	1
寰枢关节	huan shu guan jie	8
寰椎骨折	huan zhui gu zhe	1
寸关尺	cun guan chi	3
对乙酰氨基酚	dui yi xian an ji fen	23
对乙酰氨基酚口服溶液	dui yi xian an ji fen kou fu rong ye	3
对乙酰氨基酚栓	dui yi xian an ji fen shuan	3
对乙酰氨基酚泡腾片	dui yi xian an ji fen pao teng pian	2
对乙酰氨基酚泡腾颗粒	dui yi xian an ji fen pao teng ke li	2
对乙酰氨基酚溶液	dui yi xian an ji fen rong ye	2
对乙酰氨基酚滴剂	dui yi xian an ji fen di ji	4
对乙酰氨基酚片	dui yi xian an ji fen pian	4
对乙酰氨基酚缓释片	dui yi xian an ji fen huan shi pian	3
对二氯苯	dui er lv ben	11
对叔丁基苯酚	dui shu ding ji ben fen	2
对因治疗	dui yin zhi liao	7
对比敏感度	dui bi min gan du	6
对氨基偶氮苯	dui an ji ou dan ben	3
对氨基水杨酸钠	dui an ji shui yang suan na	3
对氨基苯甲酸	dui an ji ben jia suan	12
对流混合	dui liu hun he	2
对症治疗	dui zheng zhi liao	15
对硝基苯胺	dui xiao ji ben an	1
对立违抗性障碍	dui li wei kang xing zhang ai	2
对羟基苯甘氨酸	dui qiang ji ben gan an suan	3
对羟基苯甲酸丁酯	dui qiang ji ben jia suan ding zhi	1
对羟基苯甲酸丙酯	dui qiang ji ben jia suan bing zhi	2
对羟基苯甲酸甲酯	dui qiang ji ben jia suan jia zhi	2
对苯二酚	dui ben er fen	32
寻常型银屑病	xun chang xing yin xie bing	5
寻常性痤疮	xun chang xing cuo chuang	2
寻常疣	xun chang you	5
寻常痤疮	xun chang cuo chuang	4
寻骨风	xun gu feng	4
导尿术	dao niao shu	4
导管内乳头状瘤	dao guan nei ru tou zhuang liu	4
导管插入术	dao guan cha ru shu	7
导赤散	dao chi san	4
寿命表	shou ming biao	4
寿星补汁	shou xing bu zhi	4
寿比山	shou bi shan	5
寿比山片	shou bi shan pian	2
封口机	feng kou ji	10
封闭抗体	feng bi kang ti	1
封闭疗法	feng bi liao fa	5
射干	she gan	15
射干利咽口服液	she gan li yan kou fu ye	2
射干抗病毒注射液	she gan kang bing du zhu she ye	2
射精障碍	she jing zhang ai	1
射血分数	she xue fen shu	6
射频消融术	she pin xiao rong shu	5
小三阳	xiao san yang	9
小于胎龄儿	xiao yu tai ling er	4
小体	xiao ti	9
小便不利	xiao bian bu li	2
小便淋沥	xiao bian lin li	3
小便短赤	xiao bian duan chi	1
小便频数	xiao bian pin shuo	7
小儿七星茶	xiao er qi xing cha	8
小儿七星茶口服液	xiao er qi xing cha kou fu ye	2
小儿七星茶糖浆	xiao er qi xing cha tang jiang	3
小儿七星茶颗粒	xiao er qi xing cha ke li	4
小儿健脾化积口服液	xiao er jian pi hua ji kou fu ye	2
小儿健脾散	xiao er jian pi san	2
小儿内科学	xiao er nei ke xue	2
小儿利宝	xiao er li bao	2
小儿功劳止泻颗粒	xiao er gong lao zhi xie ke li	2
小儿化痰止咳颗粒	xiao er hua tan zhi ke ke li	4
小儿化食丸	xiao er hua shi wan	3
小儿化食口服液	xiao er hua shi kou fu ye	2
小儿咳喘	xiao er ke chuan	5
小儿咳喘灵	xiao er ke chuan ling	2
小儿咳喘灵冲剂	xiao er ke chuan ling chong ji	2
小儿咳喘灵口服液	xiao er ke chuan ling kou fu ye	3
小儿咳喘灵颗粒	xiao er ke chuan ling ke li	6
小儿咳喘颗粒	xiao er ke chuan ke li	2
小儿咳嗽糖浆	xiao er ke sou tang jiang	3
小儿咽扁颗粒	xiao er yan bian ke li	4
小儿四维葡钙颗粒	xiao er si wei pu gai ke li	2
小儿回春丹	xiao er hui chun dan	2
小儿复方四维亚铁散	xiao er fu fang si wei ya tie san	2
小儿复方氨酚烷胺片	xiao er fu fang an fen wan an pian	5
小儿复方麻黄碱桔梗	xiao er fu fang ma huang jian ju geng	2
小儿外科	xiao er wai ke	33
小儿外科学	xiao er wai ke xue	1
小儿安	xiao er an	6
小儿定风丸	xiao er ding feng wan	2
小儿宝泰康颗粒	xiao er bao tai kang ke li	5
小儿宣肺止咳颗粒	xiao er xuan fei zhi ke ke li	3
小儿惊	xiao er jing	3
小儿惊风	xiao er jing feng	3
小儿感冒	xiao er gan mao	8
小儿感冒口服液	xiao er gan mao kou fu ye	2
小儿感冒宁糖浆	xiao er gan mao ning tang jiang	3
小儿感冒片	xiao er gan mao pian	4
小儿感冒颗粒	xiao er gan mao ke li	6
小儿推拿学	xiao er tui na xue	2
小儿敷脐止泻散	xiao er fu qi zhi xie san	3
小儿柴桂退热颗粒	xiao er chai gui tui re ke li	3
小儿止咳糖浆	xiao er zhi ke tang jiang	5
小儿止嗽金丹	xiao er zhi sou jin dan	2
小儿氨基酸注射液	xiao er an ji suan zhu she ye	3
小儿氨酚烷胺	xiao er an fen wan an	3
小儿氨酚烷胺颗粒	xiao er an fen wan an ke li	1
小儿氨酚黄那敏颗粒	xiao er an fen huang na min ke li	6
小儿消积止咳口服液	xiao er xiao ji zhi ke kou fu ye	3
小儿消食片	xiao er xiao shi pian	4
小儿消食颗粒	xiao er xiao shi ke li	2
小儿清感灵片	xiao er qing gan ling pian	3
小儿清热利肺口服液	xiao er qing re li fei kou fu ye	3
小儿清热止咳口服液	xiao er qing re zhi ke kou fu ye	3
小儿清热止咳糖浆	xiao er qing re zhi ke tang jiang	2
小儿清热止咳颗粒	xiao er qing re zhi ke ke li	2
小儿清热片	xiao er qing re pian	2
小儿清热解毒口服液	xiao er qing re jie du kou fu ye	3
小儿清肺化痰口服液	xiao er qing fei hua tan kou fu ye	4
小儿清肺化痰颗粒	xiao er qing fei hua tan ke li	3
小儿清肺止咳片	xiao er qing fei zhi ke pian	2
小儿清解颗粒	xiao er qing jie ke li	3
小儿热咳口服液	xiao er re ke kou fu ye	2
小儿热速清口服液	xiao er re su qing kou fu ye	3
小儿热速清糖浆	xiao er re su qing tang jiang	2
小儿热速清颗粒	xiao er re su qing ke li	3
小儿疳积	xiao er gan ji	3
小儿硫酸亚铁糖浆	xiao er liu suan ya tie tang jiang	2
小儿维生素咀嚼片	xiao er wei sheng su ju jue pian	2
小儿羚羊散	xiao er ling yang san	3
小儿肝炎	xiao er gan yan	3
小儿肠炎	xiao er chang yan	2
小儿肠胃康颗粒	xiao er chang wei kang ke li	3
小儿肺热咳喘口服液	xiao er fei re ke chuan kou fu ye	6
小儿肺热咳喘颗粒	xiao er fei re ke chuan ke li	2
小儿腹泻宁糖浆	xiao er fu xie ning tang jiang	3
小儿腹泻散	xiao er fu xie san	2
小儿腹泻贴	xiao er fu xie tie	3
小儿至宝丸	xiao er zhi bao wan	4
小儿药证直诀	xiao er yao zheng zhi jue	4
小儿葫芦散	xiao er hu lu san	4
小儿豉翘清热颗粒	xiao er chi qiao qing re ke li	4
小儿退热口服液	xiao er tui re kou fu ye	4
小儿退热颗粒	xiao er tui re ke li	2
小儿金丹片	xiao er jin dan pian	3
小儿麻痹糖丸	xiao er ma bi tang wan	4
小儿鼻炎	xiao er bi yan	2
小动脉	xiao dong mai	23
小卫星	xiao wei xing	31
小口畸形	xiao kou ji xing	5
小圆肌	xiao yuan ji	1
小头畸形	xiao tou ji xing	16
小家鼠	xiao jia shu	9
小建中汤	xiao jian zhong tang	3
小承气汤	xiao cheng qi tang	3
小施尔康	xiao shi er kang	3
小柴胡	xiao chai hu	1
小柴胡冲剂	xiao chai hu chong ji	4
小柴胡汤	xiao chai hu tang	6
小柴胡汤丸	xiao chai hu tang wan	3
小柴胡片	xiao chai hu pian	3
小柴胡颗粒	xiao chai hu ke li	7
小梁切除术	xiao liang qie chu shu	3
小檗碱	xiao bo jian	4
小檗碱甲氧苄啶胶囊	xiao bo jian jia yang bian ding jiao nang	5
小汗腺	xiao han xian	1
小活络丸	xiao huo luo wan	3
小活络丹	xiao huo luo dan	4
小海	xiao hai	10
小潭山	xiao tan shan	14
小牛脾提取物注射液	xiao niu pi ti qu wu zhu she ye	2
小牛血去蛋白提取物	xiao niu xue qu dan bai ti qu wu	4
小牛血清去蛋白	xiao niu xue qing qu dan bai	2
小牛血清去蛋白注射液	xiao niu xue qing qu dan bai zhu she ye	3
小盾片	xiao dun pian	2
小红参	xiao hong shen	1
小细胞	xiao xi bao	8
小细胞癌	xiao xi bao ai	3
小结节	xiao jie jie	2
小续命汤	xiao xu ming tang	3
小网膜	xiao wang mo	4
小耳畸形	xiao er ji xing	6
小肠俞	xiao chang shu	2
小肠俞穴	xiao chang shu xue	3
小肠息肉	xiao chang xi rou	3
小肠恶性肿瘤	xiao chang e xing zhong liu	1
小肠梗阻	xiao chang geng zu	3
小肠溃疡	xiao chang kui yang	3
小肠疝	xiao chang shan	1
小肠破裂	xiao chang po lie	1
小肠移植	xiao chang yi zhi	1
小肠结肠炎	xiao chang jie chang yan	5
小肠造影	xiao chang zao ying	2
小胶质细胞	xiao jiao zhi xi bao	9
小脑出血	xiao nao chu xue	6
小脑性共济失调	xiao nao xing gong ji shi tiao	4
小脑扁桃体	xiao nao bian tao ti	13
小脑扁桃体下疝畸形	xiao nao bian tao ti xia shan ji xing	4
小脑梗塞	xiao nao geng se	1
小脑脓肿	xiao nao nong zhong	2
小脑萎缩	xiao nao wei suo	13
小腿三头肌	xiao tui san tou ji	4
小腿溃疡	xiao tui kui yang	4
小腿长	xiao tui chang	1
小腿骨	xiao tui gu	6
小舞蹈病	xiao wu dao bing	3
小蓟	xiao ji	6
小蓟饮子	xiao ji yin zi	2
小角膜	xiao jiao mo	4
小诺霉素	xiao nuo mei su	4
小通草	xiao tong cao	4
小金丸	xiao jin wan	1
小金胶囊	xiao jin jiao nang	2
小针刀治疗	xiao zhen dao zhi liao	5
小针刀疗法	xiao zhen dao liao fa	5
小阴唇	xiao yin chun	9
小阴茎	xiao yin jing	7
小陷胸汤	xiao xian xiong tang	2
小隐静脉	xiao yin jing mai	3
小青龙口服液	xiao qing long kou fu ye	4
小青龙合剂	xiao qing long he ji	4
小青龙汤	xiao qing long tang	8
小青龙糖浆	xiao qing long tang jiang	3
小青龙颗粒	xiao qing long ke li	3
小静脉	xiao jing mai	6
小骨盆	xiao gu pen	2
小麦胚芽	xiao mai pei ya	2
少冲	shao chong	6
少冲穴	shao chong xue	4
少商	shao shang	5
少商穴	shao shang xue	5
少尿	shao niao	1
少府穴	shao fu xue	3
少林跌打止痛膏	shao lin die da zhi tong gao	2
少林风湿跌打膏	shao lin feng shi die da gao	3
少泽	shao ze	14
少泽穴	shao ze xue	3
少海	shao hai	8
少海穴	shao hai xue	3
少腹	shao fu	6
少腹急结	shao fu ji jie	2
少腹拘急	shao fu ju ji	2
少腹逐瘀丸	shao fu zhu yu wan	2
少腹逐瘀汤	shao fu zhu yu tang	4
少腹逐瘀颗粒	shao fu zhu yu ke li	2
少阳病	shao yang bing	1
少阴病	shao yin bing	3
尖头畸形	jian tou ji xing	2
尖锐湿疣	jian rui shi you	2
尚佳	shang jia	6
尤卓尔软膏	you zhuo er ruan gao	3
尤因肉瘤	you yin rou liu	5
尪痹	wang bi	3
尪痹复康颗粒	wang bi fu kang ke li	3
就业与创业指导	jiu ye yu chuang ye zhi dao	5
尸体现象	shi ti xian xiang	1
尸体腐败	shi ti fu bai	7
尸体解剖	shi ti jie pou	16
尸僵	shi jiang	9
尸冷	shi leng	2
尸厥	shi jue	4
尸斑	shi ban	5
尸蜡	shi la	3
尸道	shi dao	6
尺侧腕伸肌	chi ce wan shen ji	2
尺侧腕屈肌	chi ce wan qu ji	2
尺动脉	chi dong mai	1
尺泽	chi ze	4
尺泽穴	chi ze xue	4
尺神经	chi shen jing	1
尺神经损伤	chi shen jing sun shang	4
尺神经麻痹	chi shen jing ma bi	3
尼卡地平	ni ka di ping	3
尼可刹米	ni ke sha mi	4
尼可刹米注射液	ni ke sha mi zhu she ye	2
尼尔雌醇片	ni er ci chun pian	2
尼扎替丁	ni zha ti ding	12
尼美舒利	ni mei shu li	9
尼美舒利分散片	ni mei shu li fen san pian	4
尼美舒利干混悬剂	ni mei shu li gan hun xuan ji	3
尼美舒利片	ni mei shu li pian	2
尼美舒利胶囊	ni mei shu li jiao nang	4
尼美舒利颗粒	ni mei shu li ke li	7
尼美舒利颗粒剂	ni mei shu li ke li ji	3
尼群地平	ni qun di ping	5
尼群地平片	ni qun di ping pian	4
尼群地平软胶囊	ni qun di ping ruan jiao nang	2
尼莫司汀	ni mo si ting	2
尼莫地平	ni mo di ping	6
尼莫地平注射液	ni mo di ping zhu she ye	5
尼莫地平片	ni mo di ping pian	4
尼莫地平胶囊	ni mo di ping jiao nang	4
尼麦角林	ni mai jiao lin	5
尼麦角林注射液	ni mai jiao lin zhu she ye	5
尾管	wei guan	25
尾索	wei suo	3
尾脂腺	wei zhi xian	2
尾节	wei jie	27
尾身茂	wei shen mao	10
尾静脉	wei jing mai	3
尾骨痛	wei gu tong	4
尿三杯试验	niao san bei shi yan	3
尿促性素	niao cu xing su	3
尿嘧啶	niao mi ding	22
尿嘧啶替加氟片	niao mi ding ti jia fu pian	2
尿囊	niao nang	4
尿囊素	niao nang su	2
尿囊素铝	niao nang su lv	3
尿塞通片	niao se tong pian	2
尿妊娠试验	niao ren shen shi yan	5
尿崩	niao beng	5
尿布皮炎	niao bu pi yan	4
尿常规检查	niao chang gui jian cha	8
尿感宁颗粒	niao gan ning ke li	3
尿毒	niao du	5
尿毒排析散	niao du pai xi san	4
尿毒清	niao du qing	3
尿毒清颗粒	niao du qing ke li	2
尿毒症性心肌病	niao du zheng xing xin ji bing	3
尿毒症性脑病	niao du zheng xing nao bing	3
尿流中断	niao liu zhong duan	6
尿浊	niao zhuo	3
尿液分析	niao ye fen xi	5
尿潴留	niao zhu liu	3
尿激酶	niao ji mei	4
尿生殖膈	niao sheng zhi ge	1
尿痛	niao tong	3
尿瘘	niao lou	5
尿石	niao shi	1
尿石症	niao shi zheng	6
尿碘	niao dian	8
尿糖	niao tang	3
尿素乳膏	niao su ru gao	5
尿素氮	niao su dan	21
尿素细菌	niao su xi jun	3
尿素软膏	niao su ruan gao	6
尿红细胞位相	niao hong xi bao wei xiang	2
尿胆素	niao dan su	7
尿色素	niao se su	1
尿苷	niao gan	23
尿苷酸	niao gan suan	3
尿蛋白	niao dan bai	5
尿血病	niao xue bing	3
尿诊	niao zhen	1
尿路感染	niao lu gan ran	13
尿路梗阻	niao lu geng zu	7
尿道上裂	niao dao shang lie	1
尿道下裂	niao dao xia lie	7
尿道下裂修复术	niao dao xia lie xiu fu shu	2
尿道损伤	niao dao sun shang	6
尿道海绵体	niao dao hai mian ti	7
尿道炎	niao dao yan	22
尿道狭窄	niao dao xia zhai	6
尿道球腺	niao dao qiu xian	2
尿道球部	niao dao qiu bu	3
尿道畸形	niao dao ji xing	4
尿道癌	niao dao ai	2
尿道结石	niao dao jie shi	2
尿道综合征	niao dao zong he zheng	2
尿道肉阜	niao dao rou fu	3
尿道肿瘤	niao dao zhong liu	2
尿道腺	niao dao xian	1
尿道造影	niao dao zao ying	4
尿道镜	niao dao jing	4
尿酸性肾病	niao suan xing shen bing	5
尿酸酶	niao suan mei	3
尿量	niao liang	9
局方至宝丸	ju fang zhi bao wan	3
局部作用	ju bu zuo yong	2
局部免疫	ju bu mian yi	5
局部兴奋	ju bu xing fen	2
局部反应	ju bu fan ying	2
局部感染	ju bu gan ran	9
局部浸润麻醉	ju bu jin run ma zui	4
局部肥胖	ju bu fei pang	6
局部解剖学	ju bu jie pou xue	4
局部麻醉	ju bu ma zui	37
局部麻醉药	ju bu ma zui yao	41
局限性多汗症	ju xian xing duo han zheng	3
层板状鱼鳞病	ceng ban zhuang yu lin bing	2
层流	ceng liu	27
屈光不正	qu guang bu zheng	4
屈光不正性弱视	qu guang bu zheng xing ruo shi	3
屈光参数	qu guang can shu	4
屈光手术学	qu guang shou shu xue	4
屏风生脉胶囊	ping feng sheng mai jiao nang	2
展筋活血散	zhan jin huo xue san	2
山东阿胶膏	shan dong e jiao gao	2
山中伸弥	shan zhong shen mi	4
山慈姑	shan ci gu	2
山慈菇	shan ci gu	3
山柰	shan nai	17
山柰酚	shan nai fen	3
山栀子	shan zhi zi	1
山桃仁	shan tao ren	3
山梨糖	shan li tang	3
山楂内金胶囊	shan zha nei jin jiao nang	2
山楂冲剂	shan zha chong ji	2
山楂叶	shan zha ye	1
山楂核	shan zha he	5
山楂炭	shan zha tan	4
山楂调中丸	shan zha tiao zhong wan	2
山楂降压胶囊	shan zha jiang ya jiao nang	5
山玫胶囊	shan mei jiao nang	2
山绿茶	shan lv cha	4
山绿茶降压片	shan lv cha jiang ya pian	2
山胁东洋	shan xie dong yang	2
山芝麻	shan zhi ma	29
山荔枝	shan li zhi	1
山药丸	shan yao wan	3
山莨菪碱	shan lang dang jian	6
山豆根	shan dou gen	19
山麦冬	shan mai dong	10
岗松	gang song	5
岩白菜素	yan bai cai su	2
岩鹿乳康胶囊	yan lu ru kang jiao nang	2
岩黄连	yan huang lian	3
崩解剂	beng jie ji	4
崩解时限	beng jie shi xian	5
嵌体	qian ti	8
嵌体修复	qian ti xiu fu	4
嵌合抗体	qian he kang ti	3
嵌甲	qian jia	6
嵌顿包茎	qian dun bao jing	3
嵌顿痔	qian dun zhi	5
川乌	chuan wu	2
川射干	chuan she gan	3
川木通	chuan mu tong	1
川木香	chuan mu xiang	4
川楝	chuan lian	3
川楝子	chuan lian zi	1
川牛膝	chuan niu xi	7
川百止痒洗剂	chuan bai zhi yang xi ji	2
川芎	chuan xiong	13
川芎嗪	chuan xiong qin	6
川芎茶调散	chuan xiong cha tiao san	4
川芎茶调颗粒	chuan xiong cha tiao ke li	3
川花椒	chuan hua jiao	2
川西獐牙菜	chuan xi zhang ya cai	2
川贝枇杷糖浆	chuan bei pi pa tang jiang	5
川贝枇杷颗粒	chuan bei pi pa ke li	3
川贝止咳糖浆	chuan bei zhi ke tang jiang	3
川贝止咳露	chuan bei zhi ke lu	4
川贝母	chuan bei mu	4
川贝清肺糖浆	chuan bei qing fei tang jiang	3
川贝雪梨	chuan bei xue li	5
川贝雪梨膏	chuan bei xue li gao	2
巢元方	chao yuan fang	1
巢脾	chao pi	5
工业微生物	gong ye wei sheng wu	2
工业性氟病	gong ye xing fu bing	3
工业粉尘	gong ye fen chen	1
工作疗法	gong zuo liao fa	3
左半结肠切除术	zuo ban jie chang qie chu shu	3
左卡尼汀	zuo ka ni ting	4
左卡尼汀口服液	zuo ka ni ting kou fu ye	2
左归丸	zuo gui wan	5
左归饮	zuo gui yin	3
左心发育不全综合症	zuo xin fa yu bu quan zong he zheng	2
左心室	zuo xin shi	27
左心房	zuo xin fang	13
左房	zuo fang	5
左旋体	zuo xuan ti	4
左旋咪唑	zuo xuan mi zuo	1
左旋多巴	zuo xuan duo ba	8
左旋门冬酰胺酶	zuo xuan men dong xian an mei	2
左束支传导阻滞	zuo shu zhi chuan dao zu zhi	1
左氧氟沙星	zuo yang fu sha xing	1
左氧氟沙星注射液	zuo yang fu sha xing zhu she ye	5
左氧氟沙星滴眼液	zuo yang fu sha xing di yan ye	2
左氧氟沙星片	zuo yang fu sha xing pian	4
左炔诺孕酮	zuo que nuo yun tong	16
左炔诺孕酮炔雌醚片	zuo que nuo yun tong que ci mi pian	3
左炔诺孕酮片	zuo que nuo yun tong pian	6
左甲状腺素钠	zuo jia zhuang xian su na	4
左甲状腺素钠片	zuo jia zhuang xian su na pian	4
左羟丙哌嗪	zuo qiang bing pai qin	2
左西替利嗪	zuo xi ti li qin	1
左金丸	zuo jin wan	4
巨乳症	ju ru zheng	1
巨乳缩小术	ju ru suo xiao shu	5
巨人观	ju ren guan	5
巨口	ju kou	20
巨噬细胞系统	ju shi xi bao xi tong	1
巨大儿	ju da er	9
巨幼红细胞性贫血	ju you hong xi bao xing pin xue	1
巨指	ju zhi	2
巨核细胞	ju he xi bao	11
巨球蛋白	ju qiu dan bai	3
巨眼	ju yan	6
巨细胞动脉炎	ju xi bao dong mai yan	5
巨细胞病毒	ju xi bao bing du	23
巨细胞病毒性肺炎	ju xi bao bing du xing fei yan	2
巨舌	ju she	5
巨舌症	ju she zheng	5
巨阙	ju que	10
巨阙穴	ju que xue	4
巨髎	ju liao	3
巩膜炎	gong mo yan	9
巩膜葡萄肿	gong mo pu tao zhong	3
巩膜黄染	gong mo huang ran	6
差异心理学	cha yi xin li xue	2
差异表达	cha yi biao da	5
巯嘌呤片	qiu piao ling pian	2
巯基蛋白酶	qiu ji dan bai mei	2
己二烯雌酚	ji er xi ci fen	2
己内酰胺	ji nei xian an	3
己烯雌酚	ji xi ci fen	3
己烯雌酚片	ji xi ci fen pian	2
己烷雌酚	ji wan ci fen	3
巴尔通体病	ba er tong ti bing	2
巴德年	ba de nian	7
巴戟口服液	ba ji kou fu ye	3
巴戟天	ba ji tian	32
巴戟胶囊	ba ji jiao nang	3
巴戟补酒	ba ji bu jiu	3
巴氏消毒	ba shi xiao du	5
巴氯芬	ba lv fen	1
巴豆中毒	ba dou zhong du	3
巴豆霜	ba dou shuang	2
巴贝虫病	ba bei chong bing	2
巴龙霉素	ba long mei su	3
布加综合征	bu jia zong he zheng	1
布地奈德	bu di nai de	9
布地奈德气雾剂	bu di nai de qi wu ji	3
布托啡诺	bu tuo fei nuo	1
布替萘芬	bu ti nai fen	2
布林佐胺	bu lin zuo an	2
布氏杆菌	bu shi gan jun	1
布氏田鼠	bu shi tian shu	1
布洛伪麻分散片	bu luo wei ma fen san pian	3
布洛芬	bu luo fen	30
布洛芬混悬液	bu luo fen hun xuan ye	2
布洛芬混悬滴剂	bu luo fen hun xuan di ji	4
布洛芬片	bu luo fen pian	4
布洛芬缓释混悬剂	bu luo fen huan shi hun xuan ji	2
布洛芬缓释片	bu luo fen huan shi pian	5
布洛芬缓释胶囊	bu luo fen huan shi jiao nang	6
布洛芬胶囊	bu luo fen jiao nang	1
布洛芬软胶囊	bu luo fen ruan jiao nang	3
布洛芬颗粒	bu luo fen ke li	4
布渣叶	bu zha ye	2
布病	bu bing	8
布美他尼	bu mei ta ni	3
布袋澳	bu dai ao	16
布鲁氏杆菌病	bu lu shi gan jun bing	1
布鲁氏菌病	bu lu shi jun bing	14
布鲁菌病	bu lu jun bing	4
希刻劳	xi ke lao	4
希波克拉底	xi bo ke la di	46
希罗达	xi luo da	5
希舒美	xi shu mei	4
帕尼培南	pa ni pei nan	2
帕珠沙星	pa zhu sha xing	4
帕米磷酸二钠	pa mi lin suan er na	3
帕罗西汀	pa luo xi ting	3
帕金森叠加综合征	pa jin sen die jia zong he zheng	2
帕金森综合征	pa jin sen zong he zheng	9
带下病	dai xia bing	6
带型	dai xing	6
带状疱疹	dai zhuang pao zhen	20
带环	dai huan	7
带脉	dai mai	6
带脉穴	dai mai xue	4
带菌者	dai jun zhe	45
带虫者	dai chong zhe	4
常居	chang ju	19
常模参照测验	chang mo can zhao ce yan	4
常润茶	chang run cha	6
常用护理技术	chang yong hu li ji shu	4
常见急症处理	chang jian ji zheng chu li	4
帽状腱膜	mao zhuang jian mo	4
干啰音	gan luo yin	3
干姜	gan jiang	4
干性坏疽	gan xing huai ju	3
干性皮肤	gan xing pi fu	1
干扰理论	gan rao li lun	1
干扰电疗法	gan rao dian liao fa	2
干槽症	gan cao zheng	3
干混悬剂	gan hun xuan ji	8
干燥性角膜炎	gan zao xing jiao mo yan	2
干燥综合征	gan zao zong he zheng	3
干部病房	gan bu bing fang	1
干酪样坏死	gan lao yang huai si	3
干酵母	gan jiao mu	3
干酵母片	gan jiao mu pian	1
平喘药	ping chuan yao	7
平均潜伏期	ping jun qian fu qi	7
平扫	ping sao	1
平消片	ping xiao pian	2
平消胶囊	ping xiao jiao nang	4
平滑肌瘤	ping hua ji liu	3
平滑肌肉瘤	ping hua ji rou liu	1
平痔胶囊	ping zhi jiao nang	3
平肝熄风	ping gan xi feng	6
平衡器	ping heng qi	5
平衡易位	ping heng yi wei	1
平衡石	ping heng shi	2
平衡膳食	ping heng shan shi	10
平衡觉	ping heng jue	2
平衡运动	ping heng yun dong	5
平贝母	ping bei mu	3
平阳霉素	ping yang mei su	1
年轻恒牙	nian qing heng ya	4
年龄相关性白内障	nian ling xiang guan xing bai nei zhang	4
并发性白内障	bing fa xing bai nei zhang	5
并指畸形	bing zhi ji xing	10
幸福止痛素	xing fu zhi tong su	2
幻肢痛	huan zhi tong	1
幼儿急疹	you er ji zhen	5
幼兽	you shou	24
幼年性类风湿性关节炎	you nian xing lei feng shi xing guan jie yan	2
幼枝	you zhi	12
幼泻宁颗粒	you xie ning ke li	2
幼稚型子宫	you zhi xing zi gong	2
幽门括约肌	you men kuo yue ji	2
幽门梗阻	you men geng zu	6
幽门狭窄	you men xia zhai	8
幽门痉挛	you men jing luan	4
幽门螺杆菌	you men luo gan jun	12
广东凉茶	guang dong liang cha	8
广东凉茶颗粒	guang dong liang cha ke li	5
广场恐怖	guang chang kong bu	1
广泛性焦虑障碍	guang fan xing jiao lv zhang ai	4
广藿香	guang huo xiang	3
广谱	guang pu	37
广谱抗生素	guang pu kang sheng su	6
广金钱草	guang jin qian cao	3
广防己	guang fang ji	5
庄绰	zhuang chuo	3
庄辉	zhuang hui	2
庆大霉素注射液	qing da mei su zhu she ye	3
庆大霉素滴眼液	qing da mei su di yan ye	3
庆大霉素片	qing da mei su pian	3
庆大霉素碳酸铋胶囊	qing da mei su tan suan bi jiao nang	2
序列测定	xu lie ce ding	1
库欣综合征	ku xin zong he zheng	5
库蚊	ku wen	13
库鲁病	ku lu bing	6
应元岳	ying yuan yue	1
应力性骨折	ying li xing gu zhe	5
应急办	ying ji ban	12
应激	ying ji	43
应激反应	ying ji fan ying	16
应激性溃疡	ying ji xing kui yang	7
应激性生活事件	ying ji xing sheng huo shi jian	4
应激状态	ying ji zhuang tai	3
应用心理学	ying yong xin li xue	20
应用文写作	ying yong wen xie zuo	1
底栖动物	di qi dong wu	4
庚型肝炎病毒	geng xing gan yan bing du	3
府舍	fu she	12
废用性弱视	fei yong xing ruo shi	3
康公庙	kang gong miao	2
康力欣胶囊	kang li xin jiao nang	2
康力龙	kang li long	4
康复功能评定	kang fu gong neng ping ding	3
康复医学	kang fu yi xue	27
康复医学概论	kang fu yi xue gai lun	2
康复工程	kang fu gong cheng	3
康复心理学	kang fu xin li xue	2
康复护理	kang fu hu li	3
康复护理学	kang fu hu li xue	3
康复护理技术	kang fu hu li ji shu	5
康复新液	kang fu xin ye	4
康复治疗技术	kang fu zhi liao ji shu	1
康复评定	kang fu ping ding	7
康妇消炎栓	kang fu xiao yan shuan	2
康妇灵胶囊	kang fu ling jiao nang	3
康妇炎胶囊	kang fu yan jiao nang	1
康欣胶囊	kang xin jiao nang	2
康王洗剂	kang wang xi ji	4
康艾注射液	kang ai zhu she ye	3
康莱特注射液	kang lai te zhu she ye	5
廉泉	lian quan	4
廉泉穴	lian quan xue	4
延丹益心胶囊	yan dan yi xin jiao nang	3
延生护宝液	yan sheng hu bao ye	3
延胡	yan hu	4
延胡索	yan hu suo	30
延胡索乙素	yan hu suo yi su	2
延髓背外侧综合征	yan sui bei wai ce zong he zheng	3
延髓麻痹	yan sui ma bi	5
建里	jian li	5
开关基因	kai guan ji yin	3
开博通	kai bo tong	6
开塞露	kai sai lu	9
开放性颅脑损伤	kai fang xing lu nao sun shang	9
开窍于舌	kai qiao yu she	4
开胃健脾丸	kai wei jian pi wan	3
开胃理脾丸	kai wei li pi wan	2
开胸消食片	kai xiong xiao shi pian	2
开胸顺气丸	kai xiong shun qi wan	4
开角型青光眼	kai jiao xing qing guang yan	1
异丙嗪	yi bing qin	6
异丙嗪胆汁片	yi bing qin dan zhi pian	2
异丙安替比林	yi bing an ti bi lin	3
异丙托溴铵	yi bing tuo xiu an	2
异丙托溴铵气雾剂	yi bing tuo xiu an qi wu ji	2
异丙肾上腺素	yi bing shen shang xian su	1
异丙酚	yi bing fen	4
异丙醇	yi bing chun	40
异亮氨酸	yi liang an suan	16
异位妊娠	yi wei ren shen	22
异位肾	yi wei shen	4
异功散	yi gong san	3
异博定	yi bo ding	3
异卡波肼	yi ka bo jing	1
异卵双生	yi luan shuang sheng	9
异基因	yi ji yin	1
异基因骨髓移植	yi ji yin gu sui yi zhi	5
异尖线虫病	yi jian xian chong bing	4
异山梨醇	yi shan li chun	2
异常脑电图	yi chang nao dian tu	4
异常血红蛋白	yi chang xue hong dan bai	3
异戊巴比妥	yi wu ba bi tuo	3
异戊巴比妥钠	yi wu ba bi tuo na	1
异染性	yi ran xing	3
异染性脑白质营养不良	yi ran xing nao bai zhi ying yang bu liang	4
异染色质	yi ran se zhi	3
异氟烷	yi fu wan	2
异氟醚	yi fu mi	24
异源多倍体	yi yuan duo bei ti	2
异烟肼	yi yan jing	6
异烟肼注射液	yi yan jing zhu she ye	2
异烟肼片	yi yan jing pian	3
异物肉芽肿	yi wu rou ya zhong	2
异环磷酰胺	yi huan lin xian an	2
异甘草酸镁	yi gan cao suan mei	3
异病同治	yi bing tong zhi	6
异相睡眠	yi xiang shui mian	1
异种抗体	yi zhong kang ti	2
异种抗原	yi zhong kang yuan	3
异种移植	yi zhong yi zhi	7
异种移植物	yi zhong yi zhi wu	6
异黄樟素	yi huang zhang su	3
异鼠李素	yi shu li su	1
异龄林	yi ling lin	3
弓动脉	gong dong mai	2
弓形虫病	gong xing chong bing	5
引流管	yin liu guan	28
引流袋	yin liu dai	6
引物	yin wu	24
弛张热	chi zhang re	4
弛豫	chi yu	15
弛豫时间	chi yu shi jian	15
张丽珠	zhang li zhu	5
张从正	zhang cong zheng	2
张元素	zhang yuan su	4
张力性尿失禁	zhang li xing niao shi jin	3
张力性气胸	zhang li xing qi xiong	6
张力计	zhang li ji	2
张子和	zhang zi he	1
张孝骞	zhang xiao qian	6
张山雷	zhang shan lei	3
张志聪	zhang zhi cong	1
张涤生	zhang di sheng	2
张璐	zhang lu	5
张锡纯	zhang xi chun	6
弥可保	mi ke bao	3
弥散性血管内凝血	mi san xing xue guan nei ning xue	6
弧菌	hu jun	37
弯折	wan zhe	20
弱电解质	ruo dian jie zhi	4
弱碱	ruo jian	2
弱蛋白银	ruo dan bai yin	2
弱视训练	ruo shi xun lian	6
弱酸	ruo suan	16
弹性纤维	tan xing xian wei	22
弹性组织	tan xing zu zhi	3
弹性蛋白酶	tan xing dan bai mei	2
弹性软骨	tan xing ruan gu	10
弹道学	dan dao xue	15
弹道系数	dan dao xi shu	6
强力健身胶囊	qiang li jian shen jiao nang	2
强力天麻杜仲胶囊	qiang li tian ma du zhong jiao nang	4
强力安喘通	qiang li an chuan tong	2
强力定眩片	qiang li ding xuan pian	2
强力感冒片	qiang li gan mao pian	3
强力枇杷胶囊	qiang li pi pa jiao nang	2
强力枇杷露	qiang li pi pa lu	6
强力皮康王	qiang li pi kang wang	3
强力脑心康胶囊	qiang li nao xin kang jiao nang	4
强力霉素	qiang li mei su	4
强化免疫	qiang hua mian yi	9
强回声	qiang hui sheng	1
强心药	qiang xin yao	7
强电解质	qiang dian jie zhi	5
强痛定	qiang tong ding	4
强直性肌营养不良	qiang zhi xing ji ying yang bu liang	4
强碱中毒	qiang jian zhong du	2
强筋健骨丸	qiang jin jian gu wan	2
强肾养心胶囊	qiang shen yang xin jiao nang	4
强身胶囊	qiang shen jiao nang	2
强迫型人格障碍	qiang po xing ren ge zhang ai	12
强迫性神经症	qiang po xing shen jing zheng	4
强迫观念	qiang po guan nian	5
强酸中毒	qiang suan zhong du	2
强间	qiang jian	1
强阳保肾丸	qiang yang bao shen wan	4
强骨生血口服液	qiang gu sheng xue kou fu ye	3
强骨胶囊	qiang gu jiao nang	3
强龙益肾胶囊	qiang long yi shen jiao nang	3
归元健脑片	gui yuan jian nao pian	2
归口管理	gui kou guan li	28
归来穴	gui lai xue	2
归脾丸	gui pi wan	6
归脾汤	gui pi tang	6
归脾颗粒	gui pi ke li	2
归芍地黄丸	gui shao di huang wan	4
当归六黄汤	dang gui liu huang tang	3
当归四逆汤	dang gui si ni tang	4
当归尾	dang gui wei	6
当归拈痛汤	dang gui nian tong tang	3
当归散	dang gui san	4
当归流浸膏	dang gui liu jin gao	3
当归生姜羊肉汤	dang gui sheng jiang yang rou tang	1
当归红花酊	dang gui hong hua ding	3
当归腹痛宁滴丸	dang gui fu tong ning di wan	3
当归芍药散	dang gui shao yao san	3
当归苦参丸	dang gui ku shen wan	2
当归补血丸	dang gui bu xue wan	2
当归补血口服液	dang gui bu xue kou fu ye	3
当归补血汤	dang gui bu xue tang	5
当归饮子	dang gui yin zi	3
当归龙荟丸	dang gui long hui wan	3
当归龙荟片	dang gui long hui pian	3
形势与政策	xing shi yu zheng ce	6
形态发生	xing tai fa sheng	29
彩斑	cai ban	4
彩色多普勒血流显像	cai se duo pu le xue liu xian xiang	3
彩色多普勒超声	cai se duo pu le chao sheng	1
影像技术学	ying xiang ji shu xue	3
影像诊断学	ying xiang zhen duan xue	5
往来寒热	wang lai han re	3
往湾洲	wang wan zhou	4
徐长卿	xu chang qing	6
徒手伤	tu shou shang	3
徒手体操	tu shou ti cao	5
得力生注射液	de li sheng zhu she ye	2
得普利麻	de pu li ma	5
得生胶囊	de sheng jiao nang	3
得胜花园	de sheng hua yuan	1
循环障碍	xun huan zhang ai	1
循证医学	xun zheng yi xue	14
微丝	wei si	18
微丸	wei wan	1
微动脉	wei dong mai	5
微囊化	wei nang hua	4
微孔膜	wei kong mo	4
微孔过滤	wei kong guo lv	4
微小按蚊	wei xiao an wen	3
微嵌合体	wei qian he ti	2
微核	wei he	4
微泡	wei pao	1
微波治疗	wei bo zhi liao	8
微波疗法	wei bo liao fa	3
微注射	wei zhu she	3
微球蛋白	wei qiu dan bai	2
微生物学与免疫学	wei sheng wu xue yu mian yi xue	4
微生物学检验	wei sheng wu xue jian yan	5
微生物检验技术	wei sheng wu jian yan ji shu	4
微生物药物学	wei sheng wu yao wu xue	2
微生物限度检查法	wei sheng wu xian du jian cha fa	2
微笑线	wei xiao xian	3
微管蛋白	wei guan dan bai	16
微粉硅胶	wei fen gui jiao	3
微粒体	wei li ti	7
微细胞	wei xi bao	4
微绒毛	wei rong mao	19
微脓肿	wei nong zhong	2
微血栓	wei xue shuan	2
微载体培养	wei zai ti pei yang	3
微量元素肥料	wei liang yuan su fei liao	4
微量注射泵	wei liang zhu she beng	4
微静脉	wei jing mai	7
心下痞硬	xin xia pi ying	3
心主血脉	xin zhu xue mai	6
心俞	xin shu	5
心元胶囊	xin yuan jiao nang	3
心内注射	xin nei zhu she	6
心内膜	xin nei mo	27
心内膜炎	xin nei mo yan	33
心前区疼痛	xin qian qu teng tong	7
心功能不全	xin gong neng bu quan	3
心动周期	xin dong zhou qi	2
心动过速	xin dong guo su	7
心动过速性心肌病	xin dong guo su xing xin ji bing	3
心包剥脱术	xin bao bo tuo shu	2
心包囊肿	xin bao nang zhong	3
心包填塞	xin bao tian se	14
心包炎	xin bao yan	15
心包积液	xin bao ji ye	1
心包积血	xin bao ji xue	9
心包穿刺术	xin bao chuan ci shu	3
心包肌	xin bao ji	3
心包腔	xin bao qiang	7
心可宁胶囊	xin ke ning jiao nang	2
心可舒片	xin ke shu pian	3
心可舒颗粒	xin ke shu ke li	2
心因性	xin yin xing	41
心因性失眠	xin yin xing shi mian	2
心境障碍	xin jing zhang ai	6
心壁	xin bi	2
心外膜	xin wai mo	1
心宝	xin bao	4
心室晚电位	xin shi wan dian wei	2
心室率	xin shi lv	2
心室肥厚	xin shi fei hou	4
心室肥大	xin shi fei da	2
心尖搏动	xin jian bo dong	2
心律不齐	xin lv bu qi	14
心律失常	xin lv shi chang	38
心律平	xin lv ping	5
心律紊乱	xin lv wen luan	8
心悦胶囊	xin yue jiao nang	2
心悸失眠	xin ji shi mian	1
心悸病	xin ji bing	2
心房扑动	xin fang pu dong	5
心房粘液瘤	xin fang nian ye liu	2
心房间隔缺损	xin fang jian ge que sun	1
心指数	xin zhi shu	2
心搏	xin bo	44
心搏骤停	xin bo zhou ting	2
心无忧片	xin wu you pian	2
心气虚证	xin qi xu zheng	2
心源性休克	xin yuan xing xiu ke	3
心源性哮喘	xin yuan xing xiao chuan	4
心源性晕厥	xin yuan xing yun jue	4
心源性水肿	xin yuan xing shui zhong	4
心火上炎	xin huo shang yan	6
心理动力学	xin li dong li xue	2
心理学基础	xin li xue ji chu	6
心理旋转	xin li xuan zhuan	3
心理生理学	xin li sheng li xue	5
心理疗法	xin li liao fa	8
心理神经免疫学	xin li shen jing mian yi xue	3
心理科	xin li ke	12
心理统计学	xin li tong ji xue	8
心理能动性	xin li neng dong xing	2
心理评估	xin li ping gu	5
心理量表	xin li liang biao	2
心瓣膜	xin ban mo	2
心瓣膜病	xin ban mo bing	6
心电	xin dian	31
心电向量图	xin dian xiang liang tu	3
心电图异常	xin dian tu yi chang	7
心电图机	xin dian tu ji	3
心电监护	xin dian jian hu	2
心电监测	xin dian jian ce	8
心磷脂	xin lin zhi	1
心肌劳损	xin ji lao sun	5
心肌抑制因子	xin ji yi zhi yin zi	2
心肌挫伤	xin ji cuo shang	3
心肌炎后遗症	xin ji yan hou yi zheng	4
心肌纤维化	xin ji xian wei hua	4
心肌缺血	xin ji que xue	9
心肌肌钙蛋白	xin ji ji gai dan bai	4
心肌肥大	xin ji fei da	7
心肌衰竭	xin ji shuai jie	5
心肌酶谱	xin ji mei pu	1
心肝火旺	xin gan huo wang	5
心肺功能	xin fei gong neng	10
心肺复苏	xin fei fu su	26
心肺复苏术	xin fei fu su shu	22
心肺脑复苏	xin fei nao fu su	5
心肾不交	xin shen bu jiao	6
心肾不交证	xin shen bu jiao zheng	2
心脉隆注射液	xin mai long zhu she ye	1
心脏传导阻滞	xin zang chuan dao zu zhi	2
心脏停搏	xin zang ting bo	6
心脏恶性肿瘤	xin zang e xing zhong liu	4
心脏扩大	xin zang kuo da	2
心脏损伤	xin zang sun shang	2
心脏杂音	xin zang za yin	7
心脏瓣膜病	xin zang ban mo bing	7
心脏破裂	xin zang po lie	3
心脏神经官能症	xin zang shen jing guan neng zheng	2
心脏移植	xin zang yi zhi	25
心脏移植术	xin zang yi zhi shu	6
心脏粘液瘤	xin zang nian ye liu	4
心脏肥大	xin zang fei da	2
心脏肿瘤	xin zang zhong liu	6
心脑健胶囊	xin nao jian jiao nang	3
心脑康	xin nao kang	6
心脑康胶囊	xin nao kang jiao nang	5
心脑欣胶囊	xin nao xin jiao nang	3
心脑清软胶囊	xin nao qing ruan jiao nang	5
心脑血管	xin nao xue guan	24
心脑血管疾病	xin nao xue guan ji bing	4
心脾两虚	xin pi liang xu	7
心脾两虚证	xin pi liang xu zheng	3
心舒胶囊	xin shu jiao nang	3
心虚胆怯	xin xu dan qie	5
心血不足	xin xue bu zu	7
心血瘀阻	xin xue yu zu	4
心血管中枢	xin xue guan zhong shu	2
心血管内科	xin xue guan nei ke	17
心血管梅毒	xin xue guan mei du	4
心血管病学	xin xue guan bing xue	4
心血管系统	xin xue guan xi tong	19
心血管造影	xin xue guan zao ying	6
心衰病	xin shuai bing	3
心身医学	xin shen yi xue	5
心身疾病	xin shen ji bing	8
心输出量	xin shu chu liang	18
心达康片	xin da kang pian	2
心速宁胶囊	xin su ning jiao nang	2
心间隔	xin jian ge	3
心音图	xin yin tu	2
必嗽平	bi sou ping	3
必理通	bi li tong	5
必需脂肪酸	bi xu zhi fang suan	10
忍冬感冒颗粒	ren dong gan mao ke li	2
忍冬藤	ren dong teng	5
志室	zhi shi	5
志贺菌属	zhi he jun shu	3
志贺菌病	zhi he jun bing	3
快克	kuai ke	8
快速冷冻	kuai su leng dong	3
快速动眼期	kuai su dong yan qi	8
念珠菌性包皮龟头炎	nian zhu jun xing bao pi gui tou yan	2
念珠菌感染	nian zhu jun gan ran	3
念珠菌病	nian zhu jun bing	9
怀牛膝	huai niu xi	1
态度量表	tai du liang biao	2
思博海	si bo hai	3
思想道德修养	si xiang dao de xiu yang	6
思维障碍	si wei zhang ai	7
思诺思	si nuo si	1
思过半矣	si guo ban yi	3
急下存阴	ji xia cun yin	2
急性中毒	ji xing zhong du	18
急性中耳炎	ji xing zhong er yan	1
急性乳腺炎	ji xing ru xian yan	7
急性会厌炎	ji xing hui yan yan	2
急性传染病	ji xing chuan ran bing	5
急性冠周炎	ji xing guan zhou yan	3
急性出血性坏死性肠炎	ji xing chu xue xing huai si xing chang yan	2
急性出血性结膜炎	ji xing chu xue xing jie mo yan	1
急性出血性肠炎	ji xing chu xue xing chang yan	4
急性出血性胰腺炎	ji xing chu xue xing yi xian yan	3
急性前列腺炎	ji xing qian lie xian yan	7
急性化脓性中耳炎	ji xing hua nong xing zhong er yan	4
急性化脓性胆管炎	ji xing hua nong xing dan guan yan	3
急性化脓性鼻窦炎	ji xing hua nong xing bi dou yan	2
急性单核细胞性白血病	ji xing dan he xi bao xing bai xue bing	4
急性卡他性中耳炎	ji xing ka ta xing zhong er yan	3
急性卡他性结膜炎	ji xing ka ta xing jie mo yan	4
急性卵巢炎	ji xing luan chao yan	2
急性咽喉炎	ji xing yan hou yan	7
急性咽炎	ji xing yan yan	4
急性喉气管支气管炎	ji xing hou qi guan zhi qi guan yan	2
急性喉炎	ji xing hou yan	1
急性外耳道炎	ji xing wai er dao yan	3
急性多发性神经炎	ji xing duo fa xing shen jing yan	3
急性子宫内膜炎	ji xing zi gong nei mo yan	3
急性左心衰竭	ji xing zuo xin shuai jie	5
急性应激反应	ji xing ying ji fan ying	7
急性弥漫性腹膜炎	ji xing mi man xing fu mo yan	6
急性心力衰竭	ji xing xin li shuai jie	3
急性心包炎	ji xing xin bao yan	1
急性心因性反应	ji xing xin yin xing fan ying	4
急性心肌炎	ji xing xin ji yan	4
急性扁桃体炎	ji xing bian tao ti yan	7
急性排斥反应	ji xing pai chi fan ying	1
急性支气管炎	ji xing zhi qi guan yan	5
急性早幼粒细胞白血病	ji xing zao you li xi bao bai xue bing	9
急性期	ji xing qi	14
急性根尖周炎	ji xing gen jian zhou yan	4
急性气管支气管炎	ji xing qi guan zhi qi guan yan	6
急性气管炎	ji xing qi guan yan	3
急性泪囊炎	ji xing lei nang yan	3
急性淋巴细胞性白血病	ji xing lin ba xi bao xing bai xue bing	8
急性淋巴细胞白血病	ji xing lin ba xi bao bai xue bing	11
急性淋巴结炎	ji xing lin ba jie yan	4
急性炎症	ji xing yan zheng	3
急性牙髓炎	ji xing ya sui yan	5
急性甲状腺炎	ji xing jia zhuang xian yan	3
急性病毒性肝炎	ji xing bing du xing gan yan	1
急性白血病	ji xing bai xue bing	26
急性盆腔炎	ji xing pen qiang yan	6
急性粒细胞性白血病	ji xing li xi bao xing bai xue bing	5
急性粒细胞白血病	ji xing li xi bao bai xue bing	1
急性粟粒性肺结核	ji xing su li xing fei jie he	3
急性糜烂性胃炎	ji xing mi lan xing wei yan	4
急性结膜炎	ji xing jie mo yan	1
急性肛裂	ji xing gang lie	2
急性肝功能衰竭	ji xing gan gong neng shuai jie	1
急性肝炎	ji xing gan yan	4
急性肝衰竭	ji xing gan shuai jie	14
急性肠梗阻	ji xing chang geng zu	1
急性肺水肿	ji xing fei shui zhong	2
急性肾小球肾炎	ji xing shen xiao qiu shen yan	5
急性肾小管坏死	ji xing shen xiao guan huai si	3
急性肾损伤	ji xing shen sun shang	5
急性肾炎综合征	ji xing shen yan zong he zheng	2
急性肾盂肾炎	ji xing shen yu shen yan	2
急性肾衰	ji xing shen shuai	1
急性肾衰竭	ji xing shen shuai jie	20
急性胃扩张	ji xing wei kuo zhang	7
急性胃粘膜病变	ji xing wei nian mo bing bian	4
急性胃肠炎	ji xing wei chang yan	2
急性胆囊炎	ji xing dan nang yan	13
急性胆管炎	ji xing dan guan yan	5
急性胰腺炎	ji xing yi xian yan	9
急性脑血管病	ji xing nao xue guan bing	3
急性腹膜炎	ji xing fu mo yan	2
急性膀胱炎	ji xing pang guang yan	6
急性荨麻疹	ji xing qian ma zhen	1
急性蜂窝织炎	ji xing feng wo zhi yan	3
急性酒精中毒	ji xing jiu jing zhong du	10
急性闭角型青光眼	ji xing bi jiao xing qing guang yan	2
急性间歇性卟啉病	ji xing jian xie xing bu lin bing	2
急性阑尾炎	ji xing lan wei yan	5
急性阴道炎	ji xing yin dao yan	4
急性附睾炎	ji xing fu gao yan	3
急性青光眼	ji xing qing guang yan	7
急性风湿热	ji xing feng shi re	3
急性骨髓炎	ji xing gu sui yan	9
急性高原病	ji xing gao yuan bing	7
急性黄疸型肝炎	ji xing huang dan xing gan yan	1
急性鼻炎	ji xing bi yan	8
急性鼻窦炎	ji xing bi dou yan	1
急支糖浆	ji zhi tang jiang	7
急救中心	ji jiu zhong xin	18
急救半径	ji jiu ban jing	7
急救车	ji jiu che	14
急脉	ji mai	2
急诊医学	ji zhen yi xue	32
急重症护理学	ji zhong zheng hu li xue	2
性交疼痛	xing jiao teng tong	7
性信息素	xing xin xi su	1
性倒错	xing dao cuo	4
性偏好障碍	xing pian hao zhang ai	1
性偏离	xing pian li	13
性别决定	xing bie jue ding	34
性别决定基因	xing bie jue ding ji yin	3
性别分化	xing bie fen hua	12
性别角色社会化	xing bie jue se she hui hua	4
性医学	xing yi xue	20
性厌恶	xing yan wu	5
性周期	xing zhou qi	5
性因子	xing yin zi	19
性导	xing dao	4
性染色体	xing ran se ti	27
性染色体病	xing ran se ti bing	2
性欲亢进	xing yu kang jin	11
性欲减退	xing yu jian tui	4
性比	xing bi	9
性激素结合球蛋白	xing ji su jie he qiu dan bai	1
性病学	xing bing xue	1
性病性淋巴肉芽肿	xing bing xing lin ba rou ya zhong	6
性病淋巴肉芽肿	xing bing lin ba rou ya zhong	3
性病疣	xing bing you	2
性腺轴	xing xian zhou	2
性行为异常	xing xing wei yi chang	4
性身份障碍	xing shen fen zhang ai	6
性转换	xing zhuan huan	16
性连锁	xing lian suo	1
总氮	zong dan	1
总胆固醇	zong dan gu chun	2
总胆汁酸	zong dan zhi suan	3
总胆红素	zong dan hong su	3
总蛋白	zong dan bai	7
总辐射	zong fu she	9
总铁结合力	zong tie jie he li	2
恋物症	lian wu zheng	4
恒定区	heng ding qu	6
恒河猴	heng he hou	15
恒牙	heng ya	3
恙虫病	yang chong bing	4
恙螨皮炎	yang man pi yan	2
恩拉霉素	en la mei su	4
恩曲他滨	en qu ta bin	4
恩替卡韦	en ti ka wei	7
恩替卡韦片	en ti ka wei pian	4
息斯敏	xi si min	7
恰加斯病	qia jia si bing	4
恶丝虫病	e si chong bing	3
恶唑烷酮	e zuo wan tong	1
恶寒发热	e han fa re	1
恶性嗜铬细胞瘤	e xing shi ge xi bao liu	3
恶性畸胎瘤	e xing ji tai liu	4
恶性疟疾	e xing nve ji	6
恶性皮肤肿瘤	e xing pi fu zhong liu	1
恶性神经鞘瘤	e xing shen jing qiao liu	3
恶性纤维组织细胞瘤	e xing xian wei zu zhi xi bao liu	5
恶性组织细胞病	e xing zu zhi xi bao bing	4
恶性萎缩性丘疹病	e xing wei suo xing qiu zhen bing	3
恶性营养不良	e xing ying yang bu liang	1
恶性血管内皮细胞瘤	e xing xue guan nei pi xi bao liu	2
恶性贫血	e xing pin xue	4
恶性青光眼	e xing qing guang yan	3
恶性高热	e xing gao re	28
恶性高血压	e xing gao xue ya	8
恶核	e he	2
恶病质	e bing zhi	7
恽铁樵	yun tie qiao	1
悉尼线	xi ni xian	3
悦可婷	yue ke ting	2
悬浮培养	xuan fu pei yang	5
悬浮物	xuan fu wu	8
悬钟	xuan zhong	4
悬雍垂	xuan yong chui	4
悬颅	xuan lu	3
情感倒错	qing gan dao cuo	3
情感性精神病	qing gan xing jing shen bing	2
情感淡漠	qing gan dan mo	1
情感高涨	qing gan gao zhang	5
情景记忆	qing jing ji yi	3
情绪反应	qing xu fan ying	33
情绪记忆	qing xu ji yi	6
惊恐症	jing kong zheng	5
惊恐障碍	jing kong zhang ai	6
愈三消胶囊	yu san xiao jiao nang	2
愈伤灵胶囊	yu shang ling jiao nang	7
愈伤组织	yu shang zu zhi	9
愈创木酚	yu chuang mu fen	3
愈创甘油醚	yu chuang gan you mi	3
愈美甲麻敏糖浆	yu mei jia ma min tang jiang	3
愈酚伪麻待因口服溶液	yu fen wei ma dai yin kou fu rong ye	3
愈酚待因口服液	yu fen dai yin kou fu ye	2
愈酚甲麻那敏	yu fen jia ma na min	2
愈风宁心滴丸	yu feng ning xin di wan	3
愈风宁心片	yu feng ning xin pian	3
愈风宁心胶囊	yu feng ning xin jiao nang	3
意义识记	yi yi shi ji	2
意可贴	yi ke tie	3
意向性震颤	yi xiang xing zhen chan	4
意外伤害	yi wai shang hai	15
意志障碍	yi zhi zhang ai	4
意舍	yi she	4
意识丧失	yi shi sang shi	12
意识障碍	yi shi zhang ai	26
感冒咳嗽	gan mao ke sou	1
感冒康胶囊	gan mao kang jiao nang	2
感冒欣喷雾剂	gan mao xin pen wu ji	2
感冒止咳冲剂	gan mao zhi ke chong ji	2
感冒止咳糖浆	gan mao zhi ke tang jiang	4
感冒止咳颗粒	gan mao zhi ke ke li	4
感冒消炎片	gan mao xiao yan pian	3
感冒清热冲剂	gan mao qing re chong ji	6
感冒清热口服液	gan mao qing re kou fu ye	2
感冒清热胶囊	gan mao qing re jiao nang	4
感冒清热软胶囊	gan mao qing re ruan jiao nang	4
感冒清热颗粒	gan mao qing re ke li	7
感冒清片	gan mao qing pian	5
感冒清胶囊	gan mao qing jiao nang	7
感冒灵冲剂	gan mao ling chong ji	3
感冒灵片	gan mao ling pian	3
感冒灵胶囊	gan mao ling jiao nang	6
感冒灵颗粒	gan mao ling ke li	6
感冒疏风丸	gan mao shu feng wan	2
感冒疏风片	gan mao shu feng pian	2
感冒疏风颗粒	gan mao shu feng ke li	2
感冒疮	gan mao chuang	3
感冒解毒颗粒	gan mao jie du ke li	3
感冒软胶囊	gan mao ruan jiao nang	5
感冒退热颗粒	gan mao tui re ke li	4
感冒颗粒	gan mao ke li	6
感康	gan kang	7
感愈胶囊	gan yu jiao nang	4
感染性休克	gan ran xing xiu ke	6
感染性关节炎	gan ran xing guan jie yan	10
感染性发热	gan ran xing fa re	6
感染性心内膜炎	gan ran xing xin nei mo yan	8
感染性心肌炎	gan ran xing xin ji yan	4
感染性疾病	gan ran xing ji bing	21
感染性结膜炎	gan ran xing jie mo yan	5
感染性腹泻	gan ran xing fu xie	3
感染性荨麻疹	gan ran xing qian ma zhen	3
感染期	gan ran qi	3
感染源	gan ran yuan	43
感觉上皮	gan jue shang pi	2
感觉中枢	gan jue zhong shu	1
感觉减退	gan jue jian tui	2
感觉剥夺	gan jue bo duo	1
感觉区	gan jue qu	4
感觉单位	gan jue dan wei	5
感觉器	gan jue qi	5
感觉器官	gan jue qi guan	19
感觉异常	gan jue yi chang	12
感觉性失语	gan jue xing shi yu	5
感觉毛	gan jue mao	5
感觉神经	gan jue shen jing	12
感觉神经元	gan jue shen jing yuan	15
感觉神经性耳聋	gan jue shen jing xing er long	5
感觉细胞	gan jue xi bao	7
感觉过敏	gan jue guo min	5
感觉阈限	gan jue yu xian	1
感觉障碍	gan jue zhang ai	2
感音性聋	gan yin xing long	4
慢严舒柠	man yan shu ning	5
慢性中耳炎	man xing zhong er yan	7
慢性乳腺炎	man xing ru xian yan	4
慢性光化性皮炎	man xing guang hua xing pi yan	3
慢性再生障碍性贫血	man xing zai sheng zhang ai xing pin xue	7
慢性前列腺炎	man xing qian lie xian yan	3
慢性化脓性中耳炎	man xing hua nong xing zhong er yan	2
慢性化脓性骨髓炎	man xing hua nong xing gu sui yan	3
慢性化脓性鼻窦炎	man xing hua nong xing bi dou yan	3
慢性单纯性青光眼	man xing dan chun xing qing guang yan	2
慢性喉炎	man xing hou yan	2
慢性喘息型支气管炎	man xing chuan xi xing zhi qi guan yan	2
慢性喘息性支气管炎	man xing chuan xi xing zhi qi guan yan	2
慢性外耳道炎	man xing wai er dao yan	4
慢性子宫内膜炎	man xing zi gong nei mo yan	3
慢性心力衰竭	man xing xin li shuai jie	7
慢性心包炎	man xing xin bao yan	4
慢性扁桃体炎	man xing bian tao ti yan	7
慢性排斥反应	man xing pai chi fan ying	5
慢性根尖周炎	man xing gen jian zhou yan	3
慢性气管炎	man xing qi guan yan	1
慢性泪囊炎	man xing lei nang yan	6
慢性活动性肝炎	man xing huo dong xing gan yan	7
慢性浅表性胃炎	man xing qian biao xing wei yan	7
慢性淋巴细胞白血病	man xing lin ba xi bao bai xue bing	6
慢性游走性红斑	man xing you zou xing hong ban	2
慢性牙周炎	man xing ya zhou yan	6
慢性牙髓炎	man xing ya sui yan	4
慢性牙龈炎	man xing ya yin yan	4
慢性甲状腺炎	man xing jia zhuang xian yan	3
慢性疲劳综合症	man xing pi lao zong he zheng	7
慢性病毒性肝炎	man xing bing du xing gan yan	2
慢性白血病	man xing bai xue bing	3
慢性盆腔炎	man xing pen qiang yan	8
慢性直肠炎	man xing zhi chang yan	2
慢性硬膜下血肿	man xing ying mo xia xue zhong	5
慢性结肠炎	man xing jie chang yan	8
慢性结膜炎	man xing jie mo yan	3
慢性肛裂	man xing gang lie	3
慢性肝炎	man xing gan yan	4
慢性肝病	man xing gan bing	13
慢性肺源性心脏病	man xing fei yuan xing xin zang bing	6
慢性肾功能衰竭	man xing shen gong neng shuai jie	1
慢性肾小球肾炎	man xing shen xiao qiu shen yan	1
慢性肾炎综合征	man xing shen yan zong he zheng	2
慢性肾炎综合症	man xing shen yan zong he zheng	2
慢性肾病	man xing shen bing	9
慢性肾盂肾炎	man xing shen yu shen yan	2
慢性肾脏病	man xing shen zang bing	26
慢性胃溃疡	man xing wei kui yang	13
慢性胃炎	man xing wei yan	2
慢性胃肠炎	man xing wei chang yan	1
慢性胆囊炎	man xing dan nang yan	5
慢性胆管炎	man xing dan guan yan	1
慢性胰腺炎	man xing yi xian yan	5
慢性脑膜炎	man xing nao mo yan	1
慢性腮腺炎	man xing sai xian yan	2
慢性腹泻	man xing fu xie	2
慢性腹膜炎	man xing fu mo yan	3
慢性膀胱炎	man xing pang guang yan	1
慢性荨麻疹	man xing qian ma zhen	1
慢性输卵管炎	man xing shu luan guan yan	1
慢性迁延性肝炎	man xing qian yan xing gan yan	4
慢性酒精中毒	man xing jiu jing zhong du	1
慢性闭角型青光眼	man xing bi jiao xing qing guang yan	5
慢性间质性肾炎	man xing jian zhi xing shen yan	5
慢性阑尾炎	man xing lan wei yan	7
慢性阻塞性肺疾病	man xing zu se xing fei ji bing	3
慢性非传染性疾病	man xing fei chuan ran xing ji bing	6
慢性风湿性心脏病	man xing feng shi xing xin zang bing	1
慢性食管炎	man xing shi guan yan	4
慢性骨髓炎	man xing gu sui yan	9
慢性鼻咽炎	man xing bi yan yan	4
慢性鼻炎	man xing bi yan	1
慢性鼻窦炎	man xing bi dou yan	2
慢波睡眠	man bo shui mian	1
慢病	man bing	1
慢病毒感染	man bing du gan ran	2
慢肾宝合剂	man shen bao he ji	2
憩室	qi shi	20
憩室炎	qi shi yan	20
戈舍瑞林	ge she rui lin	5
戊二醛	wu er quan	3
戊型病毒性肝炎	wu xing bing du xing gan yan	8
戊巴比妥	wu ba bi tuo	3
戊巴比妥钠	wu ba bi tuo na	4
戊酸雌二醇	wu suan ci er chun	2
戊酸雌二醇片	wu suan ci er chun pian	3
成人护理	cheng ren hu li	5
成就测验	cheng jiu ce yan	3
成熟林	cheng shu lin	5
成熟阶段	cheng shu jie duan	11
成瘾性	cheng yin xing	15
成纤维细胞生长因子	cheng xian wei xi bao sheng zhang yin zi	5
成肌细胞	cheng ji xi bao	4
成脓期	cheng nong qi	3
成都生物制品研究所	cheng du sheng wu zhi pin yan jiu suo	6
成釉细胞瘤	cheng you xi bao liu	3
成长快乐	cheng zhang kuai le	7
戒断症状	jie duan zheng zhuang	35
戒断综合征	jie duan zong he zheng	2
战伤	zhan shang	16
战壕热	zhan hao re	1
战壕足	zhan hao zu	2
戚寿南	qi shou nan	2
截根术	jie gen shu	3
截肢术	jie zhi shu	1
房室	fang shi	11
房室传导阻滞	fang shi chuan dao zu zhi	7
房室结	fang shi jie	6
房室结折返性心动过速	fang shi jie zhe fan xing xin dong guo su	2
房性心动过速	fang xing xin dong guo su	5
房间隔缺损	fang jian ge que sun	1
房间隔缺损修补术	fang jian ge que sun xiu bu shu	5
房间隔缺损封堵术	fang jian ge que sun feng du shu	4
扁平湿疣	bian ping shi you	3
扁平疣	bian ping you	1
扁平细胞	bian ping xi bao	5
扁平苔癣	bian ping tai xuan	1
扁平苔藓	bian ping tai xian	6
扁平足	bian ping zu	11
扁平髋	bian ping kuan	3
扁桃体切除术	bian tao ti qie chu shu	5
扁桃体周围脓肿	bian tao ti zhou wei nong zhong	2
扁桃体增生	bian tao ti zeng sheng	3
扁桃体恶性肿瘤	bian tao ti e xing zhong liu	2
扁桃体炎	bian tao ti yan	10
扁桃体结石	bian tao ti jie shi	3
扁桃体肥大	bian tao ti fei da	7
扁桃体角化症	bian tao ti jiao hua zheng	2
扁桃腺	bian tao xian	21
扁豆花	bian dou hua	2
扁豆衣	bian dou yi	4
扁骨	bian gu	3
手三里	shou san li	4
手三里穴	shou san li xue	2
手厥阴心包经	shou jue yin xin bao jing	5
手参肾宝胶囊	shou can shen bao jiao nang	2
手太阳小肠经	shou tai yang xiao chang jing	1
手太阴肺经	shou tai yin fei jing	2
手少阳三焦经	shou shao yang san jiao jing	1
手少阴心经	shou shao yin xin jing	1
手性药物	shou xing yao wu	6
手指再造术	shou zhi zai zao shu	3
手指畸形	shou zhi ji xing	5
手损伤	shou sun shang	1
手斧	shou fu	23
手术放大镜	shou shu fang da jing	4
手术显微镜	shou shu xian wei jing	4
手术疗法	shou shu liao fa	1
手消毒剂	shou xiao du ji	1
手湿疹	shou shi zhen	2
手癣	shou xuan	2
手肌	shou ji	3
手臂振动病	shou bi zhen dong bing	5
手舟骨	shou zhou gu	1
手足口病	shou zu kou bing	6
手足徐动症	shou zu xu dong zheng	1
手足心热	shou zu xin re	8
手足癣	shou zu xuan	8
手足皲裂	shou zu jun lie	6
手足逆冷	shou zu ni leng	3
手阳明大肠经	shou yang ming da chang jing	1
手骨	shou gu	17
扎冲十三味丸	zha chong shi san wei wan	3
扎来普隆	zha lai pu long	3
扎那米韦	zha na mi wei	2
扑尔伪麻片	pu er wei ma pian	4
扑尔敏片	pu er min pian	5
扑热息痛	pu re xi tong	9
扑痫酮	pu xian tong	3
扑米酮	pu mi tong	2
扑花	pu hua	1
托吡卡胺	tuo bi ka an	4
托吡酯片	tuo bi zhi pian	3
托品酰胺	tuo pin xian an	2
托尼萘酸片	tuo ni nai suan pian	2
托槽	tuo cao	8
托氟沙星	tuo fu sha xing	5
托烷司琼	tuo wan si qiong	3
托瑞米芬	tuo rui mi fen	3
扛板归	kang ban gui	3
执业助理医师	zhi ye zhu li yi shi	1
执业医师	zhi ye yi shi	18
扩增片段长度多态性	kuo zeng pian duan chang du duo tai xing	2
扩大免疫规划	kuo da mian yi gui hua	1
扩张型心肌病	kuo zhang xing xin ji bing	4
扩散系数	kuo san xi shu	16
扫描电子显微镜	sao miao dian zi xian wei jing	16
扫日劳清肺止咳胶囊	sao ri lao qing fei zhi ke jiao nang	3
扭转痉挛	niu zhuan jing luan	5
扶他林	fu ta lin	6
扶正化瘀	fu zheng hua yu	4
扶正化瘀片	fu zheng hua yu pian	4
扶正化瘀胶囊	fu zheng hua yu jiao nang	4
扶正固本	fu zheng gu ben	8
扶正女贞素	fu zheng nv zhen su	2
扶正散结合剂	fu zheng san jie he ji	3
扶正解表	fu zheng jie biao	4
扶芳藤	fu fang teng	6
承光	cheng guang	38
承山	cheng shan	5
承山穴	cheng shan xue	1
承扶	cheng fu	4
承扶穴	cheng fu xue	3
承泣	cheng qi	5
承泣穴	cheng qi xue	5
承浆	cheng jiang	3
承浆穴	cheng jiang xue	5
承满	cheng man	3
承灵	cheng ling	2
承灵穴	cheng ling xue	2
承筋	cheng jin	3
抑制基因	yi zhi ji yin	16
抑制效应	yi zhi xiao ying	5
抑制素	yi zhi su	3
抑制细胞	yi zhi xi bao	13
抑癌基因	yi ai ji yin	13
抑素	yi su	14
抑肽酶	yi tai mei	1
抑菌	yi jun	49
抑郁发作	yi yu fa zuo	3
抑郁性神经症	yi yu xing shen jing zheng	3
抑郁状态	yi yu zhuang tai	7
抓握反射	zhua wo fan she	3
抓痕	zhua hen	5
投射纤维	tou she xian wei	2
抗中性粒细胞胞浆抗体	kang zhong xing li xi bao bao jiang kang ti	4
抗乙肝转移因子口服液	kang yi gan zhuan yi yin zi kou fu ye	2
抗五步蛇毒血清	kang wu bu she du xue qing	1
抗体多样性	kang ti duo yang xing	2
抗体异质性	kang ti yi zhi xing	2
抗体效价	kang ti xiao jia	5
抗体滴度	kang ti di du	2
抗冻蛋白	kang dong dan bai	5
抗凝剂	kang ning ji	27
抗凝血酶	kang ning xue mei	4
抗凝血酶缺乏	kang ning xue mei que fa	3
抗利尿激素	kang li niao ji su	17
抗力	kang li	3
抗原决定簇	kang yuan jue ding cu	2
抗原性	kang yuan xing	7
抗原抗体	kang yuan kang ti	2
抗原抗体反应	kang yuan kang ti fan ying	1
抗原转换	kang yuan zhuan huan	4
抗坏血酸氧化酶	kang huai xue suan yang hua mei	2
抗妇炎胶囊	kang fu yan jiao nang	4
抗宫炎片	kang gong yan pian	3
抗宫炎胶囊	kang gong yan jiao nang	2
抗心磷脂抗体	kang xin lin zhi kang ti	4
抗感泡腾片	kang gan pao teng pian	2
抗感灵片	kang gan ling pian	3
抗感胶囊	kang gan jiao nang	2
抗感解毒颗粒	kang gan jie du ke li	3
抗感颗粒	kang gan ke li	3
抗栓再造丸	kang shuan zai zao wan	3
抗栓胶囊	kang shuan jiao nang	5
抗核抗体	kang he kang ti	5
抗毒素	kang du su	6
抗炭疽血清	kang tan ju xue qing	2
抗焦虑药	kang jiao lv yao	9
抗狂犬病血清	kang kuang quan bing xue qing	6
抗生物素蛋白	kang sheng wu su dan bai	4
抗疟药	kang nve yao	13
抗病毒口服液	kang bing du kou fu ye	1
抗病毒咀嚼片	kang bing du ju jue pian	3
抗病毒片	kang bing du pian	3
抗病毒胶囊	kang bing du jiao nang	7
抗病毒药物	kang bing du yao wu	45
抗病毒颗粒	kang bing du ke li	5
抗眼镜蛇毒血清	kang yan jing she du xue qing	1
抗磷脂抗体	kang lin zhi kang ti	1
抗磷脂综合症	kang lin zhi zong he zheng	3
抗精子抗体	kang jing zi kang ti	3
抗组胺剂	kang zu an ji	6
抗肌萎缩蛋白	kang ji wei suo dan bai	3
抗肿瘤抗生素	kang zhong liu kang sheng su	2
抗肿瘤药	kang zhong liu yao	40
抗肿瘤药物	kang zhong liu yao wu	17
抗胰蛋白酶	kang yi dan bai mei	3
抗胸腺细胞球蛋白	kang xiong xian xi bao qiu dan bai	1
抗脑衰胶囊	kang nao shuai jiao nang	2
抗腿抽筋高钙片	kang tui chou jin gao gai pian	3
抗菌消炎片	kang jun xiao yan pian	3
抗菌消炎胶囊	kang jun xiao yan jiao nang	4
抗菌药物	kang jun yao wu	29
抗菌谱	kang jun pu	19
抗蛇毒血清	kang she du xue qing	3
抗蝮蛇毒血清	kang fu she du xue qing	1
抗血友病球蛋白	kang xue you bing qiu dan bai	4
抗血小板药	kang xue xiao ban yao	3
抗血清	kang xue qing	1
抗衰老	kang shuai lao	15
抗衰老口服液	kang shuai lao kou fu ye	1
抗贫血药	kang pin xue yao	1
抗酸杆菌	kang suan gan jun	5
抗酸药	kang suan yao	6
抗银环蛇毒血清	kang yin huan she du xue qing	5
抗阻运动	kang zu yun dong	4
抗雄激素	kang xiong ji su	7
抗风湿药酒	kang feng shi yao jiu	3
抗骨增生丸	kang gu zeng sheng wan	2
抗骨增生片	kang gu zeng sheng pian	6
抗骨增生胶囊	kang gu zeng sheng jiao nang	2
抗骨质增生丸	kang gu zhi zeng sheng wan	6
抛光膏	pao guang gao	3
抛光轮	pao guang lun	1
抛射剂	pao she ji	4
抢救车	qiang jiu che	28
护彤	hu tong	4
护心胶囊	hu xin jiao nang	3
护理专业英语	hu li zhuan ye ying yu	3
护理伦理学	hu li lun li xue	2
护理学基础	hu li xue ji chu	4
护理心理学	hu li xin li xue	3
护理技术	hu li ji shu	6
护理教育学	hu li jiao yu xue	2
护理概论	hu li gai lun	2
护理研究	hu li yan jiu	2
护理礼仪	hu li li yi	5
护理管理学	hu li guan li xue	5
护理美学	hu li mei xue	5
护肝宁片	hu gan ning pian	2
护肝片	hu gan pian	2
护肝胶囊	hu gan jiao nang	2
护骨胶囊	hu gu jiao nang	3
报道基因	bao dao ji yin	3
抬肩	tai jian	1
抽动秽语综合症	chou dong hui yu zong he zheng	4
抽屉试验	chou ti shi yan	2
抽样误差	chou yang wu cha	7
抽样调查	chou yang diao cha	41
拇长展肌	mu chang zhan ji	2
拉坦前列素	la tan qian lie su	2
拉沙热	la sha re	6
拉米夫定	la mi fu ding	6
拉米夫定片	la mi fu ding pian	4
拉莫三嗪片	la mo san qin pian	3
拉西地平	la xi di ping	3
拉贝洛尔	la bei luo er	1
拉钩	la gou	1
拓扑异构酶	tuo pu yi gou mei	11
拔毒	ba du	3
拔毒膏	ba du gao	5
拔毛癖	ba mao pi	3
拔牙钳	ba ya qian	4
拔管	ba guan	27
拔罐器	ba guan qi	6
拔罐疗法	ba guan liao fa	7
招风耳	zhao feng er	3
拜复乐	bai fu le	4
拜新同	bai xin tong	6
拜阿司匹灵	bai a si pi ling	4
拟除虫菊酯类	ni chu chong ju zhi lei	1
拨云眼膏	bo yun yan gao	2
括约肌	kuo yue ji	20
拮抗	jie kang	41
拮抗作用	jie kang zuo yong	7
拮抗药	jie kang yao	1
持久性豆状角化过度症	chi jiu xing dou zhuang jiao hua guo du zheng	2
持水量	chi shui liang	5
持续性发热	chi xu xing fa re	4
持续性枕后位	chi xu xing zhen hou wei	3
持续痛	chi xu tong	3
持针器	chi zhen qi	6
挂号费	gua hao fei	8
指压止血法	zhi ya zhi xue fa	4
指掌	zhi zhang	15
指示剂	zhi shi ji	19
指纹法	zhi wen fa	3
指缝	zhi feng	3
指腹	zhi fu	2
指间关节	zhi jian guan jie	4
指骨骨折	zhi gu gu zhe	3
按摩乳	an mo ru	4
按摩膏	an mo gao	6
按蚊	an wen	10
挤压伤	ji ya shang	1
挤压综合征	ji ya zong he zheng	9
挥发物	hui fa wu	19
挥鞭伤	hui bian shang	5
挫裂创	cuo lie chuang	6
振动光谱	zhen dong guang pu	2
振动效应	zhen dong xiao ying	3
振动病	zhen dong bing	1
振动觉	zhen dong jue	3
振颤	zhen chan	1
换药室	huan yao shi	8
掌指关节	zhang zhi guan jie	2
掌指关节脱位	zhang zhi guan jie tuo wei	3
掌跖脓疱病	zhang zhi nong pao bing	3
掌跖角化病	zhang zhi jiao hua bing	2
掌长肌	zhang chang ji	4
掌骨骨折	zhang gu gu zhe	2
排卵期出血	pai luan qi chu xue	5
排尿反射	pai niao fan she	5
排尿困难	pai niao kun nan	5
排毒养颜胶囊	pai du yang yan jiao nang	1
排毒养颜茶	pai du yang yan cha	3
排油素	pai you su	3
排油茶	pai you cha	5
排泄性尿路造影	pai xie xing niao lu zao ying	2
排牙	pai ya	1
排石颗粒	pai shi ke li	4
接种率	jie zhong lv	12
接触传播	jie chu chuan bo	9
接触区	jie chu qu	1
接触性出血	jie chu xing chu xue	1
接触性唇炎	jie chu xing chun yan	3
接触性皮炎	jie chu xing pi yan	17
接触性荨麻疹	jie chu xing qian ma zhen	3
接触点	jie chu dian	49
接触面	jie chu mian	33
接骨七厘片	jie gu qi li pian	2
接骨板	jie gu ban	5
接骨续筋片	jie gu xu jin pian	2
控制传染源	kong zhi chuan ran yuan	8
控制性降压	kong zhi xing jiang ya	3
控制措施	kong zhi cuo shi	44
控释制剂	kong shi zhi ji	6
推拿学	tui na xue	2
推拿治疗学	tui na zhi liao xue	2
揉捏法	rou nie fa	3
提取液	ti qu ye	7
提睾肌	ti gao ji	10
插入序列	cha ru xu lie	1
插入片段	cha ru pian duan	2
携带者	xie dai zhe	40
搽剂	cha ji	6
摄食中枢	she shi zhong shu	6
摩擦水疱	mo ca shui pao	2
摩擦法	mo ca fa	3
摩擦症	mo ca zheng	3
摩擦音	mo ca yin	5
摩罗丹	mo luo dan	3
撕脱伤	si tuo shang	8
撕裂伤	si lie shang	47
撞击伤	zhuang ji shang	7
操作主义	cao zuo zhu yi	3
操作性定义	cao zuo xing ding yi	1
操作条件反射	cao zuo tiao jian fan she	1
操纵基因	cao zong ji yin	4
操纵子	cao zong zi	8
擦剂	ca ji	6
擦烂	ca lan	5
攒竹	zan zhu	6
攒竹穴	zan zhu xue	7
支具	zhi ju	2
支原体	zhi yuan ti	9
支原体感染	zhi yuan ti gan ran	8
支原体肺炎	zhi yuan ti fei yan	7
支托	zhi tuo	3
支抗	zhi kang	7
支持带	zhi chi dai	6
支持性心理治疗	zhi chi xing xin li zhi liao	1
支持细胞	zhi chi xi bao	4
支柱根	zhi zhu gen	1
支正	zhi zheng	5
支气管哮喘	zhi qi guan xiao chuan	5
支气管扩张	zhi qi guan kuo zhang	20
支气管激发试验	zhi qi guan ji fa shi yan	5
支气管痉挛	zhi qi guan jing luan	5
支气管结石	zhi qi guan jie shi	3
支气管肺发育不良	zhi qi guan fei fa yu bu liang	6
支气管肺炎	zhi qi guan fei yan	6
支气管胸膜瘘	zhi qi guan xiong mo lou	3
支气管舒张试验	zhi qi guan shu zhang shi yan	4
支气管镜检查	zhi qi guan jing jian cha	1
支沟	zhi gou	10
支沟穴	zhi gou xue	3
支链淀粉	zhi lian dian fen	5
支饮	zhi yin	4
收敛剂	shou lian ji	6
收率	shou lv	16
收缩压	shou suo ya	23
收缩期	shou suo qi	4
收肌	shou ji	6
改水	gai shui	11
放射医学	fang she yi xue	7
放射复合伤	fang she fu he shang	2
放射性损伤	fang she xing sun shang	1
放射性活度	fang she xing huo du	4
放射性甲状腺疾病	fang she xing jia zhuang xian ji bing	4
放射性白内障	fang she xing bai nei zhang	4
放射性皮炎	fang she xing pi yan	2
放射性皮肤疾病	fang she xing pi fu ji bing	4
放射性直肠炎	fang she xing zhi chang yan	2
放射性肠炎	fang she xing chang yan	4
放射性肺炎	fang she xing fei yan	1
放射性肿瘤	fang she xing zhong liu	5
放射性药品	fang she xing yao pin	2
放射性骨坏死	fang she xing gu huai si	2
放射状角膜切开术	fang she zhuang jiao mo qie kai shu	3
放射痛	fang she tong	7
放射诊断学	fang she zhen duan xue	3
放松疗法	fang song liao fa	1
放松训练	fang song xun lian	2
放线菌	fang xian jun	28
放血疗法	fang xue liao fa	9
故纸	gu zhi	4
效价	xiao jia	27
效应物	xiao ying wu	1
敏化作用	min hua zuo yong	2
敏感性皮肤	min gan xing pi fu	7
救心丸	jiu xin wan	9
救心金丸	jiu xin jin wan	3
救护站	jiu hu zhan	39
散发性脑炎	san fa xing nao yan	2
散痛舒片	san tong shu pian	2
散结灵胶囊	san jie ling jiao nang	4
散风活络丸	san feng huo luo wan	2
数量性状	shu liang xing zhuang	6
数量遗传学	shu liang yi chuan xue	6
整体观念	zheng ti guan nian	4
整合素	zheng he su	14
整形手术	zheng xing shou shu	38
整形科	zheng xing ke	5
整理活动	zheng li huo dong	1
整群抽样	zheng qun chou yang	7
整肠生胶囊	zheng chang sheng jiao nang	2
敷贴法	fu tie fa	4
文化休克	wen hua xiu ke	5
文拉法辛	wen la fa xin	5
文献检索	wen xian jian suo	7
文眉	wen mei	8
文迪雅	wen di ya	7
文迪雅片	wen di ya pian	2
斑丘疹	ban qiu zhen	5
斑片	ban pian	6
斑状	ban zhuang	16
斑疹	ban zhen	6
斑蝥中毒	ban mao zhong du	2
斑马导丝	ban ma dao si	3
斑驳病	ban bo bing	2
斑鸫	ban dong	1
斜方肌	xie fang ji	2
斜疝	xie shan	7
斜视性弱视	xie shi xing ruo shi	2
斜角肌	xie jiao ji	4
斜颈	xie jing	1
斧标正红花油	fu biao zheng hong hua you	3
斧标驱风油	fu biao qu feng you	3
断乳	duan ru	1
断指再植	duan zhi zai zhi	2
断肢再植	duan zhi zai zhi	8
断血流	duan xue liu	3
断血流胶囊	duan xue liu jiao nang	6
断裂基因	duan lie ji yin	4
斯利安叶酸片	si li an ye suan pian	5
斯奇康	si qi kang	4
斯德哥尔摩综合征	si de ge er mo zong he zheng	8
斯特鲁普效应	si te lu pu xiao ying	7
斯瓦尔巴群岛	si wa er ba qun dao	28
斯皮仁诺	si pi ren nuo	4
斯皮仁诺胶囊	si pi ren nuo jiao nang	2
斯达舒胶囊	si da shu jiao nang	4
新乐康片	xin le kang pian	3
新乐敦	xin le dun	4
新体卡松	xin ti ka song	2
新加香薷饮	xin jia xiang ru yin	3
新型农村合作医疗	xin xing nong cun he zuo yi liao	5
新型隐球菌	xin xing yin qiu jun	8
新型隐球菌性脑膜炎	xin xing yin qiu jun xing nao mo yan	3
新复方大青叶片	xin fu fang da qing ye pian	2
新山地明	xin shan di ming	4
新康泰克	xin kang tai ke	10
新斯的明	xin si di ming	3
新泰洛其	xin tai luo qi	3
新清宁片	xin qing ning pian	3
新生儿休克	xin sheng er xiu ke	4
新生儿低血糖	xin sheng er di xue tang	1
新生儿化脓性脑膜炎	xin sheng er hua nong xing nao mo yan	3
新生儿发热	xin sheng er fa re	2
新生儿呕吐	xin sheng er ou tu	3
新生儿心律失常	xin sheng er xin lv shi chang	2
新生儿惊厥	xin sheng er jing jue	2
新生儿期	xin sheng er qi	3
新生儿核黄疸	xin sheng er he huang dan	3
新生儿泪囊炎	xin sheng er lei nang yan	5
新生儿湿肺	xin sheng er shi fei	4
新生儿病理性黄疸	xin sheng er bing li xing huang dan	1
新生儿皮下坏疽	xin sheng er pi xia huai ju	2
新生儿眼炎	xin sheng er yan yan	3
新生儿破伤风	xin sheng er po shang feng	2
新生儿窒息	xin sheng er zhi xi	2
新生儿筛查	xin sheng er shai cha	3
新生儿缺血缺氧性脑病	xin sheng er que xue que yang xing nao bing	4
新生儿肝炎	xin sheng er gan yan	3
新生儿肺炎	xin sheng er fei yan	9
新生儿肺透明膜病	xin sheng er fei tou ming mo bing	5
新生儿胆道闭锁	xin sheng er dan dao bi suo	1
新生儿脐炎	xin sheng er qi yan	5
新生儿败血症	xin sheng er bai xue zheng	1
新生儿贫血	xin sheng er pin xue	5
新生儿黄疸	xin sheng er huang dan	13
新生血管性青光眼	xin sheng xue guan xing qing guang yan	5
新生霉素	xin sheng mei su	3
新疆出血热	xin jiang chu xue re	5
新癀片	xin huang pian	4
新福林	xin fu lin	1
新精神分析	xin jing shen fen xi	1
新肤螨灵霜	xin fu man ling shuang	2
新血宝胶囊	xin xue bao jiao nang	3
新诺明	xin nuo ming	3
新谷弘实	xin gu hong shi	1
新雪颗粒	xin xue ke li	4
新霉素	xin mei su	13
新霉素滴眼剂	xin mei su di yan ji	2
新霉素软膏	xin mei su ruan gao	2
方位知觉	fang wei zhi jue	3
方剂学	fang ji xue	3
方勺	fang shao	2
方形管	fang xing guan	3
方心让	fang xin rang	1
方有执	fang you zhi	6
方药中	fang yao zhong	1
施今墨	shi jin mo	4
施保利通片	shi bao li tong pian	2
施多宁	shi duo ning	2
施尔康	shi er kang	3
施普善	shi pu shan	3
旁分泌	pang fen mi	7
旁观者效应	pang guan zhe xiao ying	2
旅行者腹泻	lv xing zhe fu xie	3
旋光度	xuan guang du	2
旋前圆肌	xuan qian yuan ji	2
旋后肌	xuan hou ji	2
旋复代赭汤	xuan fu dai zhe tang	2
旋复花	xuan fu hua	1
旋毛虫	xuan mao chong	8
旋毛虫病	xuan mao chong bing	6
旋涡混合器	xuan wo hun he qi	2
旋覆代赭汤	xuan fu dai zhe tang	2
旋覆花	xuan fu hua	2
旋转式压片机	xuan zhuan shi ya pian ji	3
无义突变	wu yi tu bian	14
无偿献血	wu chang xian xue	16
无名动脉	wu ming dong mai	1
无害化处理	wu hai hua chu li	7
无尾类	wu wei lei	2
无尿	wu niao	4
无性细胞瘤	wu xing xi bao liu	3
无敌丹胶囊	wu di dan jiao nang	2
无敌止痛搽剂	wu di zhi tong cha ji	2
无敌药酒	wu di yao jiu	3
无条件反射	wu tiao jian fan she	2
无极膏	wu ji gao	6
无核细胞	wu he xi bao	2
无欲无求	wu yu wu qiu	2
无水乙醇	wu shui yi chun	4
无水亚硫酸钠	wu shui ya liu suan na	4
无水氯化钙	wu shui lv hua gai	1
无水硫酸镁	wu shui liu suan mei	2
无水葡萄糖	wu shui pu tao tang	4
无汗	wu han	8
无汗症	wu han zheng	6
无油空气压缩机	wu you kong qi ya suo ji	1
无热	wu re	7
无睾症	wu gao zheng	3
无精子症	wu jing zi zheng	4
无脑儿	wu nao er	8
无脑畸形	wu nao ji xing	3
无色素痣	wu se su zhi	2
无菌培养	wu jun pei yang	3
无菌性炎症	wu jun xing yan zheng	1
无菌操作	wu jun cao zuo	4
无菌术	wu jun shu	3
无菌水	wu jun shui	1
无蒂	wu di	4
无虹膜	wu hong mo	2
无血清培养基	wu xue qing pei yang ji	2
无足	wu zu	23
无骨	wu gu	18
既往史	ji wang shi	8
日光性荨麻疹	ri guang xing qian ma zhen	16
日光性角化病	ri guang xing jiao hua bing	3
日光疗法	ri guang liao fa	2
日光皮炎	ri guang pi yan	5
日夜百服咛	ri ye bai fu ning	7
日常概念	ri chang gai nian	3
日晒防治膏	ri shai fang zhi gao	2
日本脑炎	ri ben nao yan	11
日本药局方	ri ben yao ju fang	1
日本血吸虫	ri ben xue xi chong	6
旧结核菌素	jiu jie he jun su	4
早产儿贫血	zao chan er pin xue	3
早孕	zao yun	2
早期诊断	zao qi zhen duan	26
早秃	zao tu	6
早老性痴呆	zao lao xing chi dai	8
早老症	zao lao zheng	1
旱生植物	han sheng zhi wu	2
时标	shi biao	13
时行感冒	shi xing gan mao	6
时间知觉	shi jian zhi jue	4
昂丹司琼	ang dan si qiong	2
昆仙胶囊	kun xian jiao nang	2
昆布	kun bu	35
昆明山海棠	kun ming shan hai tang	4
明党参	ming dang shen	1
明泽胶囊	ming ze jiao nang	3
明目上清片	ming mu shang qing pian	5
明目二十五味丸	ming mu er shi wu wei wan	3
明目地黄丸	ming mu di huang wan	4
明目羊肝丸	ming mu yang gan wan	3
明目蒺藜丸	ming mu ji li wan	4
明胶海绵	ming jiao hai mian	4
明露	ming lu	3
昏睡病	hun shui bing	1
易善复	yi shan fu	3
易性癖	yi xing pi	2
易患性	yi huan xing	4
易感人群	yi gan ren qun	5
易感性	yi gan xing	26
易感者	yi gan zhe	1
易蒙停	yi meng ting	5
易蒙停胶囊	yi meng ting jiao nang	2
星形细胞瘤	xing xing xi bao liu	8
星形胶质细胞	xing xing jiao zhi xi bao	18
星状毛	xing zhuang mao	11
春季结膜炎	chun ji jie mo yan	1
春温	chun wen	2
春雷霉素	chun lei mei su	4
昼夜节律	zhou ye jie lv	24
昼盲	zhou mang	3
显微外科	xian wei wai ke	5
显微外科技术	xian wei wai ke ji shu	7
显微外科术	xian wei wai ke shu	2
显微技术	xian wei ji shu	5
显微摄影术	xian wei she ying shu	2
显微操作	xian wei cao zuo	1
显微注射	xian wei zhu she	1
显微解剖	xian wei jie pou	3
显性感染	xian xing gan ran	1
显性遗传	xian xing yi chuan	23
晒伤	shai shang	19
晕动片	yun dong pian	4
晕动病	yun dong bing	2
晕海宁	yun hai ning	4
晕痣	yun zhi	2
晚孕	wan yun	6
晚材	wan cai	2
普乐可复	pu le ke fu	4
普乐安	pu le an	3
普乐安片	pu le an pian	4
普乐安胶囊	pu le an jiao nang	3
普伐他汀	pu fa ta ting	5
普伐他汀钠	pu fa ta ting na	3
普伐他汀钠片	pu fa ta ting na pian	3
普拉洛芬	pu la luo fen	2
普秃	pu tu	1
普米克都保	pu mi ke du bao	3
普罗布考片	pu luo bu kao pian	2
普罗帕酮	pu luo pa tong	5
普萘洛尔	pu nai luo er	4
普诺地嗪	pu nuo di qin	2
普贝生	pu bei sheng	3
普适泰片	pu shi tai pian	4
普通型偏头痛	pu tong xing pian tou tong	3
普通外科学	pu tong wai ke xue	3
普遍种	pu bian zhong	3
普鲁卡因	pu lu ka yin	16
普鲁卡因胺	pu lu ka yin an	11
普鲁卡因青霉素	pu lu ka yin qing mei su	1
景参益气颗粒	jing shen yi qi ke li	2
景天三七	jing tian san qi	3
景岳全书	jing yue quan shu	4
晶体渗透压	jing ti shen tou ya	3
晶体溶解性青光眼	jing ti rong jie xing qing guang yan	1
晶体蛋白	jing ti dan bai	1
晶态智力	jing tai zhi li	3
晶核	jing he	10
晶状体囊	jing zhuang ti nang	1
晶状体溶解性青光眼	jing zhuang ti rong jie xing qing guang yan	3
晶珠本草	jing zhu ben cao	4
智力低下	zhi li di xia	2
智杞颗粒	zhi qi ke li	3
智齿冠周炎	zhi chi guan zhou yan	6
暑湿感冒颗粒	shu shi gan mao ke li	2
暑热感冒颗粒	shu re gan mao ke li	3
暑热症	shu re zheng	4
暑热证	shu re zheng	3
暑证	shu zheng	2
暖宫七味丸	nuan gong qi wei wan	3
暖宫孕子丸	nuan gong yun zi wan	3
暖温带	nuan wen dai	31
暗区	an qu	8
暗点	an dian	7
暗视觉	an shi jue	2
暗适应	an shi ying	3
暴力死	bao li si	2
暴发性紫癜	bao fa xing zi dian	3
暴发调查	bao fa diao cha	4
暴泻	bao xie	1
暴牙	bao ya	5
曲伏前列素滴眼液	qu fu qian lie su di yan ye	2
曲克芦丁	qu ke lu ding	3
曲克芦丁注射液	qu ke lu ding zhu she ye	2
曲克芦丁片	qu ke lu ding pian	4
曲克芦丁胶囊	qu ke lu ding jiao nang	3
曲匹地尔片	qu pi di er pian	2
曲咪新乳膏	qu mi xin ru gao	3
曲妥珠单抗	qu tuo zhu dan kang	8
曲安奈德	qu an nai de	5
曲安奈德新霉素贴膏	qu an nai de xin mei su tie gao	3
曲安奈德注射液	qu an nai de zhu she ye	2
曲安奈德益康唑乳膏	qu an nai de yi kang zuo ru gao	2
曲安奈德软膏	qu an nai de ruan gao	3
曲安西龙	qu an xi long	1
曲尼司特	qu ni si te	3
曲张	qu zhang	8
曲普瑞林	qu pu rui lin	4
曲池	qu chi	7
曲池穴	qu chi xue	1
曲泉	qu quan	5
曲泉穴	qu quan xue	2
曲泽	qu ze	1
曲焕章	qu huan zhang	5
曲美	qu mei	10
曲美他嗪	qu mei ta qin	2
曲酸	qu suan	1
曲霉病	qu mei bing	2
曲骨	qu gu	4
曲骨穴	qu gu xue	4
更年安片	geng nian an pian	2
更年期忧郁症	geng nian qi you yu zheng	3
更年期抑郁症	geng nian qi yi yu zheng	4
更年期精神病	geng nian qi jing shen bing	3
更昔洛韦	geng xi luo wei	2
更昔洛韦钠	geng xi luo wei na	3
曹洪欣	cao hong xin	3
曹炳章	cao bing zhang	2
曼氏迭宫绦虫	man shi die gong tao chong	5
曼秀雷敦薄荷膏	man xiu lei dun bo he gao	2
曾其毅	zeng qi yi	7
曾秋坤	zeng qiu kun	4
替代强化	ti dai qiang hua	2
替加氟	ti jia fu	3
替普瑞酮	ti pu rui tong	2
替普瑞酮胶囊	ti pu rui tong jiao nang	2
替硝唑	ti xiao zuo	6
替硝唑栓	ti xiao zuo shuan	2
替硝唑氯化钠注射液	ti xiao zuo lv hua na zhu she ye	2
替硝唑葡萄糖注射液	ti xiao zuo pu tao tang zhu she ye	2
替米沙坦	ti mi sha tan	1
替米沙坦片	ti mi sha tan pian	3
替米沙坦胶囊	ti mi sha tan jiao nang	2
替考拉宁	ti kao la ning	4
替莫唑胺	ti mo zuo an	9
最低装量检查法	zui di zhuang liang jian cha fa	2
最后诊断	zui hou zhen duan	1
最大效能	zui da xiao neng	1
最大无作用剂量	zui da wu zuo yong ji liang	2
最大耐受剂量	zui da nai shou ji liang	3
最小腰围	zui xiao yao wei	4
最小致死剂量	zui xiao zhi si ji liang	2
最小致死量	zui xiao zhi si liang	1
月亮错觉	yue liang cuo jue	2
月桂醇硫酸钠	yue gui chun liu suan na	5
月经先期	yue jing xian qi	5
月经史	yue jing shi	6
月经后期	yue jing hou qi	5
月经失调	yue jing shi tiao	3
月经疹	yue jing zhen	4
月经稀少	yue jing xi shao	7
月经超前	yue jing chao qian	3
月经过多	yue jing guo duo	3
月经频繁	yue jing pin fan	3
月见草油	yue jian cao you	6
月见草油胶丸	yue jian cao you jiao wan	3
月骨	yue gu	1
有性世代	you xing shi dai	6
有效剂量	you xiao ji liang	4
有效氯	you xiao lv	6
有效滤过压	you xiao lv guo ya	2
有机磷	you ji lin	45
有机磷农药	you ji lin nong yao	6
有机锡	you ji xi	19
有机锡中毒	you ji xi zhong du	3
有核细胞	you he xi bao	2
有氧训练	you yang xun lian	1
有蹄类	you ti lei	28
朗格汉斯细胞	lang ge han si xi bao	5
望诊	wang zhen	8
期前收缩	qi qian shou suo	4
期门	qi men	1
期门穴	qi men xue	4
木僵	mu jiang	2
木夹板	mu jia ban	5
木材化学	mu cai hua xue	1
木材纹理	mu cai wen li	2
木材防腐剂	mu cai fang fu ji	2
木栓质	mu shuan zhi	2
木焦油	mu jiao you	1
木犀草素	mu xi cao su	5
木犀草苷	mu xi cao gan	6
木竭胶囊	mu jie jiao nang	4
木糖	mu tang	16
木纤维	mu xian wei	1
木耳舒筋丸	mu er shu jin wan	2
木聚糖	mu ju tang	3
木聚糖酶	mu ju tang mei	1
木芙蓉叶	mu fu rong ye	2
木质部	mu zhi bu	19
木贼草	mu zei cao	1
木贼麻黄	mu zei ma huang	1
木馏油	mu liu you	2
木香	mu xiang	25
木香槟榔丸	mu xiang bing lang wan	3
木香顺气丸	mu xiang shun qi wan	5
木鳖子	mu bie zi	3
未分化癌	wei fen hua ai	2
末梢神经	mo shao shen jing	14
末梢血	mo shao xue	5
末端重复	mo duan chong fu	3
本神	ben shen	4
本能冲动	ben neng chong dong	2
本能行为	ben neng xing wei	3
本草学	ben cao xue	19
术后镇痛	shu hou zhen tong	6
朱丹溪	zhu dan xi	2
朱砂安神丸	zhu sha an shen wan	4
朱砂根	zhu sha gen	3
朱砂莲	zhu sha lian	4
机会感染	ji hui gan ran	4
机化	ji hua	1
机化性肺炎	ji hua xing fei yan	2
机械性损伤	ji xie xing sun shang	9
机械性窒息	ji xie xing zhi xi	6
机械性肠梗阻	ji xie xing chang geng zu	4
机能主义	ji neng zhu yi	6
杀伤细胞	sha shang xi bao	6
杀虫脒	sha chong mi	5
杂交瘤	za jiao liu	2
杂合子	za he zi	10
杂病	za bing	2
杆菌肽	gan jun tai	4
杆菌肽锌	gan jun tai xin	4
李东垣	li dong yuan	2
李中梓	li zhong zi	1
李善庆	li shan qing	1
李国章	li guo zhang	27
李斯特菌	li si te jun	6
李斯特菌病	li si te jun bing	4
李明亮	li ming liang	5
李杲	li gao	6
李树芬	li shu fen	9
李梃	li ting	1
李清云	li qing yun	1
李辰	li chen	11
李镇源	li zhen yuan	5
杏仁止咳糖浆	xing ren zhi ke tang jiang	4
杏灵颗粒	xing ling ke li	3
杏苏二陈丸	xing su er chen wan	2
杏苏止咳糖浆	xing su zhi ke tang jiang	3
杏苏止咳颗粒	xing su zhi ke ke li	2
杏香兔耳风	xing xiang tu er feng	2
村卫生室	cun wei sheng shi	5
杓状软骨	shao zhuang ruan gu	28
杜仲	du zhong	36
杜仲冲剂	du zhong chong ji	3
杜仲叶	du zhong ye	5
杜仲壮骨胶囊	du zhong zhuang gu jiao nang	2
杜仲平压	du zhong ping ya	2
杜仲皮	du zhong pi	1
杜冷丁	du leng ding	10
杜蕾斯	du lei si	5
杞枣口服液	qi zao kou fu ye	3
杞菊地黄丸	qi ju di huang wan	7
杞菊地黄口服液	qi ju di huang kou fu ye	3
束支传导阻滞	shu zhi chuan dao zu zhi	3
束骨	shu gu	2
杠板归	gang ban gui	4
条件致病菌	tiao jian zhi bing jun	3
条口	tiao kou	6
条口穴	tiao kou xue	3
来曲唑片	lai qu zuo pian	3
来氟米特	lai fu mi te	4
来立信	lai li xin	4
杨树花	yang shu hua	4
杨梅舌	yang mei she	4
杨永强	yang yong qiang	2
杨泮池	yang pan chi	14
杯状耳	bei zhuang er	3
杰士邦	jie shi bang	8
杵状指	chu zhuang zhi	6
松塔	song ta	7
松果体母细胞瘤	song guo ti mu xi bao liu	3
松果体瘤	song guo ti liu	3
松果体细胞瘤	song guo ti xi bao liu	3
松解	song jie	2
松解术	song jie shu	7
松质骨	song zhi gu	1
板兰根	ban lan gen	6
板兰根冲剂	ban lan gen chong ji	4
板层状鱼鳞病	ban ceng zhuang yu lin bing	2
板层角膜移植术	ban ceng jiao mo yi zhi shu	5
板栗壳	ban li ke	1
板状腹	ban zhuang fu	3
板蓝根凉茶	ban lan gen liang cha	2
板蓝根口服液	ban lan gen kou fu ye	2
板蓝根注射液	ban lan gen zhu she ye	4
板蓝根滴丸	ban lan gen di wan	3
板蓝根片	ban lan gen pian	4
板蓝根糖浆	ban lan gen tang jiang	2
板蓝根茶	ban lan gen cha	3
板蓝根颗粒	ban lan gen ke li	9
板蓝清热颗粒	ban lan qing re ke li	2
板鳃亚纲	ban sai ya gang	6
板齿鼠	ban chi shu	1
极泉	ji quan	5
极泉穴	ji quan xue	5
构制	gou zhi	3
构效关系	gou xiao guan xi	7
枇杷叶	pi pa ye	7
枇杷叶膏	pi pa ye gao	4
枇杷止咳颗粒	pi pa zhi ke ke li	2
枇杷膏	pi pa gao	5
枇杷露	pi pa lu	7
枕叶	zhen ye	10
枕外隆突	zhen wai long tu	2
枕大神经	zhen da shen jing	3
枕大神经痛	zhen da shen jing tong	3
枕头洲	zhen tou zhou	1
枕神经痛	zhen shen jing tong	3
枕骨大孔	zhen gu da kong	7
枕骨大孔疝	zhen gu da kong shan	3
林亿	lin yi	3
林兆鑫	lin zhao xin	4
林可胜	lin ke sheng	9
林可霉素	lin ke mei su	2
林可霉素利多卡因凝胶	lin ke mei su li duo ka yin ning jiao	2
林旦	lin dan	8
林格氏液	lin ge shi ye	2
林顺潮	lin shun chao	14
果糖注射液	guo tang zhu she ye	4
果醋	guo cu	3
枣仁安神液	zao ren an shen ye	4
枣仁安神颗粒	zao ren an shen ke li	4
枪弹创	qiang dan chuang	3
枫糖尿症	feng tang niao zheng	5
枫荷除痹酊	feng he chu bi ding	3
枫蓼肠胃康胶囊	feng liao chang wei kang jiao nang	2
枯矾	ku fan	5
枳壳	zhi qiao	9
枳实	zhi shi	1
枳实导滞丸	zhi shi dao zhi wan	3
枳术丸	zhi zhu wan	4
枸杞多糖	gou qi duo tang	6
枸杞根	gou qi gen	4
枸橼酸哌嗪	ju yuan suan pai qin	2
枸橼酸喷托维林片	ju yuan suan pen tuo wei lin pian	3
枸橼酸喷托维林糖浆	ju yuan suan pen tuo wei lin tang jiang	2
枸橼酸氯米芬	ju yuan suan lv mi fen	4
枸橼酸氯米芬片	ju yuan suan lv mi fen pian	5
枸橼酸氯米芬胶囊	ju yuan suan lv mi fen jiao nang	2
枸橼酸芬太尼	ju yuan suan fen tai ni	2
枸橼酸西地那非	ju yuan suan xi di na fei	7
枸橼酸钙	ju yuan suan gai	4
枸橼酸铁铵	ju yuan suan tie an	4
枸橼酸铋钾片	ju yuan suan bi jia pian	3
枸橼酸铋钾胶囊	ju yuan suan bi jia jiao nang	2
枸橼酸锌	ju yuan suan xin	2
柏子仁	bai zi ren	7
柏子仁丸	bai zi ren wan	2
柏子养心丸	bai zi yang xin wan	4
柏油便	bai you bian	2
柏油样便	bai you yang bian	4
染料激光器	ran liao ji guang qi	15
染色体不分离	ran se ti bu fen li	3
染色体丢失	ran se ti diu shi	1
染色体分析	ran se ti fen xi	3
染色体图	ran se ti tu	3
染色体多态性	ran se ti duo tai xing	3
染色体工程	ran se ti gong cheng	1
染色体异常	ran se ti yi chang	26
染色体断裂	ran se ti duan lie	3
染色体畸变	ran se ti ji bian	14
染色体病	ran se ti bing	1
染色体组	ran se ti zu	7
染色体组型	ran se ti zu xing	1
染色体结	ran se ti jie	2
染色体臂	ran se ti bi	1
染色体重复	ran se ti chong fu	1
染色体重排	ran se ti chong pai	3
染色单体	ran se dan ti	2
染色质	ran se zhi	42
柔红霉素	rou hong mei su	1
柘木	zhe mu	1
柚皮苷	you pi gan	12
柠檬烯胶囊	ning meng xi jiao nang	2
柯棣华	ke di hua	13
柯萨奇病毒	ke sa qi bing du	2
柯萨奇病毒感染	ke sa qi bing du gan ran	3
柳氮磺吡啶	liu dan huang bi ding	3
柴石退热颗粒	chai shi tui re ke li	2
柴胡口服液	chai hu kou fu ye	5
柴胡注射液	chai hu zhu she ye	1
柴胡滴丸	chai hu di wan	3
柴胡疏肝散	chai hu shu gan san	5
柴胡皂苷	chai hu zao gan	3
柴葛解肌汤	chai ge jie ji tang	2
柴银口服液	chai yin kou fu ye	5
柴黄颗粒	chai huang ke li	3
柿蒂	shi di	6
栀子苷	zhi zi gan	2
栀子金花丸	zhi zi jin hua wan	5
标准化法	biao zhun hua fa	2
标准化病人	biao zhun hua bing ren	5
标准操作程序	biao zhun cao zuo cheng xu	1
标准桃金娘油肠溶胶囊	biao zhun tao jin niang you chang rong jiao nang	2
标准溶液	biao zhun rong ye	3
标准误	biao zhun wu	1
标准误差	biao zhun wu cha	2
标示量	biao shi liang	2
标记物	biao ji wu	30
树枝状细胞	shu zhi zhuang xi bao	4
树突	shu tu	17
树突状细胞	shu tu zhuang xi bao	24
树突细胞	shu tu xi bao	8
栖所	qi suo	11
校准曲线	jiao zhun qu xian	18
校注妇人良方	jiao zhu fu ren liang fang	3
样地	yang di	6
样本量	yang ben liang	15
核医学	he yi xue	27
核型	he xing	38
核小体	he xiao ti	19
核溶解	he rong jie	3
核糖体蛋白	he tang ti dan bai	3
核糖核苷酸	he tang he gan suan	7
核糖核酸酶	he tang he suan mei	12
核糖霉素	he tang mei su	2
核纤层蛋白	he xian ceng dan bai	2
核苷	he gan	42
核苷酸序列	he gan suan xu lie	12
核苷酸酶	he gan suan mei	3
核衣壳	he yi ke	4
核衰变	he shuai bian	2
核酪口服液	he lao kou fu ye	2
核酸内切酶	he suan nei qie mei	5
核酸外切酶	he suan wai qie mei	9
核黄素磷酸钠	he huang su lin suan na	2
核黄素磷酸钠注射液	he huang su lin suan na zhu she ye	4
根冠	gen guan	7
根压	gen ya	6
根头	gen tou	4
根尖周炎	gen jian zhou yan	6
根尖周病	gen jian zhou bing	1
根尖囊肿	gen jian nang zhong	2
根尖脓肿	gen jian nong zhong	3
根托	gen tuo	13
根本死因	gen ben si yin	6
根株	gen zhu	9
根毛	gen mao	9
根痛平胶囊	gen tong ping jiao nang	3
根痛平颗粒	gen tong ping ke li	3
根管治疗	gen guan zhi liao	3
根管治疗术	gen guan zhi liao shu	2
根纤维	gen xian wei	7
根颈	gen jing	2
格列吡嗪	ge lie bi qin	6
格列吡嗪控释片	ge lie bi qin kong shi pian	3
格列吡嗪片	ge lie bi qin pian	2
格列喹酮	ge lie kui tong	5
格列喹酮片	ge lie kui tong pian	2
格列本脲	ge lie ben niao	8
格列本脲片	ge lie ben niao pian	3
格列波脲	ge lie bo niao	2
格列美脲	ge lie mei niao	2
格列美脲片	ge lie mei niao pian	3
格列美脲胶囊	ge lie mei niao jiao nang	3
格列苯脲	ge lie ben niao	1
格列齐特	ge lie qi te	6
格列齐特分散片	ge lie qi te fen san pian	2
格列齐特片	ge lie qi te pian	3
格列齐特缓释片	ge lie qi te huan shi pian	3
格华止	ge hua zhi	4
格拉司琼	ge la si qiong	3
桂利嗪	gui li qin	2
桂哌齐特	gui pai qi te	3
桂圆琼玉冲剂	gui yuan qiong yu chong ji	3
桂林西瓜霜	gui lin xi gua shuang	5
桂枝人参汤	gui zhi ren can tang	2
桂枝汤	gui zhi tang	16
桂枝茯苓丸	gui zhi fu ling wan	4
桂枝茯苓胶囊	gui zhi fu ling jiao nang	3
桂枝颗粒	gui zhi ke li	2
桂皮醛	gui pi quan	2
桂蒲肾清胶囊	gui pu shen qing jiao nang	3
桂附地黄丸	gui fu di huang wan	5
桂附理中丸	gui fu li zhong wan	2
桂龙咳喘宁	gui long ke chuan ning	3
桂龙咳喘宁片	gui long ke chuan ning pian	3
桃儿七	tao er qi	3
桃红四物汤	tao hong si wu tang	5
桃红清血丸	tao hong qing xue wan	3
桉柠蒎肠溶软胶囊	an ning pai chang rong ruan jiao nang	3
桉油精	an you jing	1
桑国卫	sang guo wei	4
桑姜感冒片	sang jiang gan mao pian	2
桑枝	sang zhi	2
桑枝颗粒	sang zhi ke li	3
桑椹子	sang shen zi	5
桑椹胚	sang shen pei	3
桑椹颗粒	sang shen ke li	4
桑毛虫皮炎	sang mao chong pi yan	2
桑白皮	sang bai pi	1
桑皮	sang pi	35
桑菊感冒丸	sang ju gan mao wan	3
桑菊感冒冲剂	sang ju gan mao chong ji	2
桑菊感冒片	sang ju gan mao pian	1
桑菊感冒颗粒	sang ju gan mao ke li	4
桑菊饮	sang ju yin	6
桑螵蛸	sang piao xiao	5
桑螵蛸散	sang piao xiao san	2
桔梗汤	ju geng tang	5
桡侧	rao ce	3
桡侧副韧带	rao ce fu ren dai	2
桡侧腕屈肌	rao ce wan qu ji	3
桡侧腕短伸肌	rao ce wan duan shen ji	2
桡动脉	rao dong mai	2
桡神经	rao shen jing	1
桡神经损伤	rao shen jing sun shang	5
桡神经沟	rao shen jing gou	2
桡神经麻痹	rao shen jing ma bi	3
桡腕关节	rao wan guan jie	1
桡骨头	rao gu tou	2
桡骨头骨折	rao gu tou gu zhe	2
桡骨小头半脱位	rao gu xiao tou ban tuo wei	4
桡骨茎突	rao gu jing tu	5
桡骨茎突腱鞘炎	rao gu jing tu jian qiao yan	4
桥粒	qiao li	3
桩冠	zhuang guan	4
桶状胸	tong zhuang xiong	4
梁丘	liang qiu	26
梁丘穴	liang qiu xue	3
梁卓伟	liang zhuo wei	20
梁定邦	liang ding bang	8
梁家骝	liang jia liu	5
梁智仁	liang zhi ren	8
梁智鸿	liang zhi hong	8
梁财信跌打丸	liang cai xin die da wan	2
梁门	liang men	2
梅克尔憩室	mei ke er qi shi	3
梅尼埃病	mei ni ai bing	1
梅核气	mei he qi	4
梅毒性心脏病	mei du xing xin zang bing	2
梅毒疹	mei du zhen	3
梅毒螺旋体	mei du luo xuan ti	9
梓醇	zi chun	4
梗阻性肾病	geng zu xing shen bing	4
梗阻性脑积水	geng zu xing nao ji shui	1
梦里共醉	meng li gong zui	2
梧桐子	wu tong zi	4
梨状孔	li zhuang kong	4
梨状肌	li zhuang ji	5
梨状肌综合征	li zhuang ji zong he zheng	5
梭状芽胞杆菌	suo zhuang ya bao gan jun	5
检出率	jian chu lv	8
检疫期	jian yi qi	28
棉子油	mian zi you	1
棉尘病	mian chen bing	3
棉酚	mian fen	7
棍棒伤	gun bang shang	4
棒状杆菌	bang zhuang gan jun	5
棒酸	bang suan	3
棘上韧带	ji shang ren dai	4
棘层	ji ceng	5
棘球蚴病	ji qiu you bing	3
棘突	ji tu	21
森林脑炎	sen lin nao yan	8
森林脑炎疫苗	sen lin nao yan yi miao	4
森鸥外	sen ou wai	14
植入剂	zhi ru ji	5
植入片	zhi ru pian	3
植物凝集素	zhi wu ning ji su	4
植物带	zhi wu dai	6
植物极	zhi wu ji	4
植物状态	zhi wu zhuang tai	9
植物界	zhi wu jie	17
植物碱	zhi wu jian	4
植物蜡	zhi wu la	5
植物血凝素	zhi wu xue ning su	2
植皮术	zhi pi shu	7
植被图	zhi bei tu	1
植被型	zhi bei xing	4
植被带	zhi bei dai	9
植骨术	zhi gu shu	6
椎前间隙	zhui qian jian xi	2
椎动脉	zhui dong mai	8
椎动脉型颈椎病	zhui dong mai xing jing zhui bing	6
椎基底动脉	zhui ji di dong mai	4
椎孔	zhui kong	6
椎弓	zhui gong	11
椎弓根	zhui gong gen	7
椎板	zhui ban	34
椎管	zhui guan	4
椎管内肿瘤切除术	zhui guan nei zhong liu qie chu shu	1
椎管内麻醉	zhui guan nei ma zui	1
椎管狭窄	zhui guan xia zhai	5
椎管造影	zhui guan zao ying	2
椎间孔	zhui jian kong	4
椎间盘变性	zhui jian pan bian xing	4
椎间盘脱出	zhui jian pan tuo chu	4
椎间盘造影	zhui jian pan zao ying	3
椭圆囊	tuo yuan nang	4
椰岛鹿龟酒	ye dao lu gui jiu	6
椹果	shen guo	4
椿根皮	chun gen pi	2
椿皮	chun pi	2
楔状缺损	xie zhuang que sun	5
楤木	song mu	27
楮实子	chu shi zi	3
楼英	lou ying	3
楼莲胶囊	lou lian jiao nang	2
榄香烯	lan xiang xi	1
榄香烯乳注射液	lan xiang xi ru zhu she ye	2
榄香烯口服乳	lan xiang xi kou fu ru	5
榄香烯注射液	lan xiang xi zhu she ye	3
槐杞黄颗粒	huai qi huang ke li	2
槐米	huai mi	7
槐耳颗粒	huai er ke li	2
槐角	huai jiao	5
槐角丸	huai jiao wan	4
槐角苷	huai jiao gan	4
槟榔四消丸	bing lang si xiao wan	4
槟榔四消片	bing lang si xiao pian	2
槟榔花	bing lang hua	1
槲叶	hu ye	4
槲皮素	hu pi su	8
槲皮苷	hu pi gan	3
樟脑软膏	zhang nao ruan gao	3
模型材料	mo xing cai liao	6
模拟试卷	mo ni shi juan	3
横分裂	heng fen lie	3
横切面	heng qie mian	42
横断面调查	heng duan mian diao cha	5
横桥	heng qiao	10
横突孔	heng tu kong	3
横窦	heng dou	3
横纹肌肉瘤	heng wen ji rou liu	3
横结肠	heng jie chang	6
横结肠系膜	heng jie chang xi mo	2
横膈	heng ge	20
横骨	heng gu	3
橄榄桥脑小脑萎缩	gan lan qiao nao xiao nao wei suo	2
橘核丸	ju he wan	2
橘红化痰丸	ju hong hua tan wan	2
橘红痰咳泡腾片	ju hong tan ke pao teng pian	2
橘红痰咳液	ju hong tan ke ye	3
橘红痰咳煎膏	ju hong tan ke jian gao	3
橘红胶囊	ju hong jiao nang	2
橘红颗粒	ju hong ke li	4
橘络	ju luo	6
橙皮	cheng pi	21
橙皮苷	cheng pi gan	1
橡胶膏剂	xiang jiao gao ji	4
檀香油	tan xiang you	5
次乌头碱	ci wu tou jian	5
次氯酸钠	ci lv suan na	18
次碳酸铋	ci tan suan bi	3
次级消费者	ci ji xiao fei zhe	3
次要特质	ci yao te zhi	2
次髎	ci liao	4
次黄嘌呤	ci huang piao ling	12
欣康	xin kang	4
款冬花	kuan dong hua	6
止咳化痰丸	zhi ke hua tan wan	2
止咳定喘丸	zhi ke ding chuan wan	3
止咳宝片	zhi ke bao pian	3
止咳橘红口服液	zhi ke ju hong kou fu ye	2
止咳橘红胶囊	zhi ke ju hong jiao nang	2
止咳橘红颗粒	zhi ke ju hong ke li	2
止咳片	zhi ke pian	4
止咳胶囊	zhi ke jiao nang	5
止喘灵气雾剂	zhi chuan ling qi wu ji	2
止嗽化痰颗粒	zhi sou hua tan ke li	2
止嗽扫痰丸	zhi sou sao tan wan	2
止嗽散	zhi sou san	2
止嗽青果丸	zhi sou qing guo wan	2
止泻颗粒	zhi xie ke li	2
止点	zhi dian	6
止痒消炎水	zhi yang xiao yan shui	2
止痛膏	zhi tong gao	7
止痛透骨膏	zhi tong tou gu gao	3
止眩安神颗粒	zhi xuan an shen ke li	5
止血剂	zhi xue ji	2
止血带	zhi xue dai	13
止血散	zhi xue san	4
止血粉	zhi xue fen	5
止血钳	zhi xue qian	29
正丁醇	zheng ding chun	17
正中神经	zheng zhong shen jing	4
正中神经损伤	zheng zhong shen jing sun shang	5
正体类要	zheng ti lei yao	3
正天丸	zheng tian wan	5
正定霉素	zheng ding mei su	1
正常人体功能	zheng chang ren ti gong neng	2
正常值	zheng chang zhi	27
正常菌群	zheng chang jun qun	3
正心泰片	zheng xin tai pian	2
正心泰胶囊	zheng xin tai jiao nang	2
正心泰颗粒	zheng xin tai ke li	3
正态分布曲线	zheng tai fen bu qu xian	1
正柴胡饮	zheng chai hu yin	5
正柴胡饮颗粒	zheng chai hu yin ke li	5
正水	zheng shui	4
正清风痛宁胶囊	zheng qing feng tong ning jiao nang	2
正畸	zheng ji	6
正畸治疗	zheng ji zhi liao	7
正畸矫治器	zheng ji jiao zhi qi	3
正红花油	zheng hong hua you	6
正营	zheng ying	10
正营穴	zheng ying xue	2
步幅	bu fu	2
步廊	bu lang	18
步态分析	bu tai fen xi	6
步态蹒跚	bu tai pan shan	6
步足	bu zu	14
武力拔寒散	wu li ba han san	2
武忠弼	wu zhong bi	2
武汉生物制品研究所	wu han sheng wu zhi pin yan jiu suo	6
死产	si chan	30
死区	si qu	6
死后伤	si hou shang	4
死疫苗	si yi miao	5
死精症	si jing zheng	1
残胃炎	can wei yan	2
残角子宫	can jiao zi gong	4
残遗种	can yi zhong	4
残髓炎	can sui yan	2
殷门	yin men	2
殷门穴	yin men xue	2
毁灭效应	hui mie xiao ying	3
母丁香	mu ding xiang	4
母婴传播	mu ying chuan bo	3
母婴护理	mu ying hu li	1
母斑	mu ban	4
母系遗传	mu xi yi chuan	1
每搏输出量	mei bo shu chu liang	3
毒力	du li	25
毒性反应	du xing fan ying	18
毒性弥漫性甲状腺肿	du xing mi man xing jia zhuang xian zhong	3
毒物学	du wu xue	8
毒物鉴定	du wu jian ding	6
毒理学基础	du li xue ji chu	2
毒症	du zheng	11
毒蕈碱	du xun jian	10
毒蛇咬伤	du she yao shang	9
毒血症	du xue zheng	20
毒鱼藤	du yu teng	3
毓婷	yu ting	8
比沙可啶	bi sha ke ding	2
比沙可啶肠溶片	bi sha ke ding chang rong pian	2
比活度	bi huo du	1
比特力	bi te li	3
比目鱼肌	bi mu yu ji	1
比索洛尔	bi suo luo er	4
比较免疫学	bi jiao mian yi xue	3
比较心理学	bi jiao xin li xue	8
毕业设计	bi ye she ji	17
毛乳头	mao ru tou	1
毛冬青	mao dong qing	3
毛冬青注射液	mao dong qing zhu she ye	2
毛冬青片	mao dong qing pian	3
毛冬青甲素	mao dong qing jia su	2
毛发上皮瘤	mao fa shang pi liu	2
毛发移植	mao fa yi zhi	7
毛发移植术	mao fa yi zhi shu	4
毛发红糠疹	mao fa hong kang zhen	2
毛囊炎	mao nang yan	4
毛囊虫病	mao nang chong bing	2
毛囊角化病	mao nang jiao hua bing	2
毛果芸香碱	mao guo yun xiang jian	2
毛果芸香碱滴眼液	mao guo yun xiang jian di yan ye	2
毛根	mao gen	15
毛母质瘤	mao mu zhi liu	1
毛毡苔	mao zhan tai	16
毛泽东思想概论	mao ze dong si xiang gai lun	2
毛滴虫病	mao di chong bing	1
毛状体	mao zhuang ti	2
毛痣	mao zhi	5
毛细支气管炎	mao xi zhi qi guan yan	6
毛细淋巴管	mao xi lin ba guan	2
毛细管电泳	mao xi guan dian yong	2
毛细管电泳法	mao xi guan dian yong fa	2
毛细血管扩张	mao xi xue guan kuo zhang	13
毛细血管扩张症	mao xi xue guan kuo zhang zheng	1
毛细血管瘤	mao xi xue guan liu	5
毛舌	mao she	46
毛诃子	mao he zi	2
毛霉病	mao mei bing	4
毛霉菌病	mao mei jun bing	4
气不摄血	qi bu she xue	3
气不摄血证	qi bu she xue zheng	2
气中	qi zhong	9
气体交换	qi ti jiao huan	25
气冲	qi chong	2
气冲穴	qi chong xue	4
气分大热	qi fen da re	2
气功疗法	qi gong liao fa	1
气压创伤性中耳炎	qi ya chuang shang xing zhong er yan	3
气厥	qi jue	2
气味腺	qi wei xian	3
气垫床	qi dian chuang	3
气尿	qi niao	2
气性坏疽	qi xing huai ju	2
气户	qi hu	7
气流式粉碎机	qi liu shi fen sui ji	3
气海	qi hai	13
气海俞	qi hai shu	3
气海穴	qi hai xue	6
气滞胃痛颗粒	qi zhi wei tong ke li	2
气滞血瘀	qi zhi xue yu	1
气滞血瘀证	qi zhi xue yu zheng	4
气滞证	qi zhi zheng	2
气相色谱法	qi xiang se pu fa	6
气穴	qi xue	4
气端	qi duan	1
气管切开术	qi guan qie kai shu	6
气管插管	qi guan cha guan	32
气管插管术	qi guan cha guan shu	1
气管支架	qi guan zhi jia	4
气管炎丸	qi guan yan wan	4
气管炎橡胶膏	qi guan yan xiang jiao gao	3
气管炎疫苗	qi guan yan yi miao	4
气管镜	qi guan jing	8
气管食管瘘	qi guan shi guan lou	5
气胀	qi zhang	8
气脑造影	qi nao zao ying	4
气腹	qi fu	6
气舍	qi she	3
气虚便秘	qi xu bian bi	5
气虚证	qi xu zheng	4
气血两燔	qi xue liang fan	3
气血两虚证	qi xue liang xu zheng	3
气血双补丸	qi xue shuang bu wan	4
气血双补口服液	qi xue shuang bu kou fu ye	2
气血固本口服液	qi xue gu ben kou fu ye	3
气血失调	qi xue shi tiao	1
气血康胶囊	qi xue kang jiao nang	3
气血津液	qi xue jin ye	1
气血运行	qi xue yun xing	10
气道阻力	qi dao zu li	5
气郁	qi yu	8
气阴两虚证	qi yin liang xu zheng	4
气随血脱	qi sui xue tuo	2
气雾剂	qi wu ji	3
氘氚反应	dao chuan fan ying	4
氟中毒	fu zhong du	1
氟乙酰胺	fu yi xian an	1
氟他胺片	fu ta an pian	3
氟伏沙明	fu fu sha ming	5
氟伐他汀	fu fa ta ting	4
氟化泡沫	fu hua pao mo	6
氟哌啶醇	fu pai ding chun	13
氟哌啶醇片	fu pai ding chun pian	2
氟哌噻吨美利曲辛片	fu pai sai dun mei li qu xin pian	5
氟哌酸	fu pai suan	8
氟哌酸胶囊	fu pai suan jiao nang	5
氟啶酸	fu ding suan	2
氟喹诺酮	fu kui nuo tong	3
氟奋乃静	fu fen nai jing	1
氟安定	fu an ding	2
氟尿嘧啶	fu niao mi ding	27
氟康唑	fu kang zuo	12
氟康唑氯化钠注射液	fu kang zuo lv hua na zhu she ye	3
氟康唑注射液	fu kang zuo zhu she ye	4
氟康唑片	fu kang zuo pian	4
氟康唑胶囊	fu kang zuo jiao nang	5
氟替卡松	fu ti ka song	1
氟桂利嗪	fu gui li qin	1
氟桂嗪	fu gui qin	2
氟氯西林	fu lv xi lin	3
氟氯西林钠	fu lv xi lin na	3
氟烷	fu wan	28
氟牙症	fu ya zheng	5
氟硝西泮	fu xiao xi pan	24
氟罗沙星	fu luo sha xing	5
氟罗沙星注射液	fu luo sha xing zhu she ye	2
氟罗沙星葡萄糖注射液	fu luo sha xing pu tao tang zhu she ye	3
氟胞嘧啶片	fu bao mi ding pian	2
氟西汀	fu xi ting	6
氟西泮	fu xi pan	2
氟轻松	fu qing song	4
氟达拉滨	fu da la bin	5
氟马西尼	fu ma xi ni	2
氟骨病	fu gu bing	1
氟骨症	fu gu zheng	7
氢化可的松	qing hua ke di song	6
氢吗啡酮	qing ma fei tong	4
氢氟噻嗪	qing fu sai qin	2
氢氧化铝	qing yang hua lv	21
氢氧化铝凝胶	qing yang hua lv ning jiao	5
氢氧化镁	qing yang hua mei	2
氢氯吡格雷片	qing lv bi ge lei pian	2
氢氯噻嗪	qing lv sai qin	8
氢氯噻嗪片	qing lv sai qin pian	1
氢溴酸东莨菪碱	qing xiu suan dong lang dang jian	2
氢溴酸加兰他敏片	qing xiu suan jia lan ta min pian	3
氢溴酸右美沙芬	qing xiu suan you mei sha fen	6
氢溴酸右美沙芬片	qing xiu suan you mei sha fen pian	4
氢溴酸右美沙芬糖浆	qing xiu suan you mei sha fen tang jiang	2
氢溴酸山莨菪碱	qing xiu suan shan lang dang jian	1
氢溴酸槟榔碱	qing xiu suan bing lang jian	2
氢溴酸西酞普兰片	qing xiu suan xi tai pu lan pian	2
氢溴酸高乌甲素	qing xiu suan gao wu jia su	2
氢溴酸高乌甲素注射液	qing xiu suan gao wu jia su zhu she ye	5
氦氖激光器	hai nai ji guang qi	2
氧分压	yang fen ya	14
氧化应激	yang hua ying ji	16
氧化纤维素	yang hua xian wei su	3
氧化苦参碱	yang hua ku shen jian	2
氧化还原电位	yang hua huan yuan dian wei	13
氧化锌	yang hua xin	27
氧化锌油	yang hua xin you	3
氧化锌软膏	yang hua xin ruan gao	4
氧含量	yang han liang	14
氧哌嗪青霉素	yang pai qin qing mei su	3
氧容量	yang rong liang	3
氧效应	yang xiao ying	2
氧氟沙星	yang fu sha xing	1
氧氟沙星氯化钠注射液	yang fu sha xing lv hua na zhu she ye	3
氧氟沙星滴眼液	yang fu sha xing di yan ye	6
氧氟沙星滴耳液	yang fu sha xing di er ye	4
氧氟沙星片	yang fu sha xing pian	3
氧氟沙星眼膏	yang fu sha xing yan gao	2
氧氟沙星胶囊	yang fu sha xing jiao nang	2
氧自由基	yang zi you ji	9
氧输送	yang shu song	4
氧饱和度	yang bao he du	28
氨中毒	an zhong du	7
氨咖黄敏	an ka huang min	3
氨咖黄敏胶囊	an ka huang min jiao nang	6
氨咖黄敏颗粒	an ka huang min ke li	2
氨基乙磺酸	an ji yi huang suan	2
氨基偶氮苯	an ji ou dan ben	1
氨基比林	an ji bi lin	4
氨基比林咖啡因片	an ji bi lin ka fei yin pian	4
氨基甲酸酯类农药	an ji jia suan zhi lei nong yao	7
氨基糖苷	an ji tang gan	4
氨基苷类抗生素	an ji gan lei kang sheng su	4
氨基葡萄糖	an ji pu tao tang	3
氨基酸代谢病	an ji suan dai xie bing	4
氨基酸代谢紊乱	an ji suan dai xie wen luan	2
氨基酸口服液	an ji suan kou fu ye	5
氨基酸注射液	an ji suan zhu she ye	6
氨基酸螯合钙	an ji suan ao he gai	3
氨基酸颗粒	an ji suan ke li	2
氨曲南	an qu nan	1
氨氯地平	an lv di ping	1
氨溴特罗口服溶液	an xiu te luo kou fu rong ye	3
氨溴索	an xiu suo	6
氨溴索口服液	an xiu suo kou fu ye	2
氨溴索注射液	an xiu suo zhu she ye	2
氨甲环酸	an jia huan suan	1
氨甲环酸注射液	an jia huan suan zhu she ye	3
氨甲苯酸	an jia ben suan	3
氨磺必利	an huang bi li	42
氨苄	an bian	8
氨苄西林	an bian xi lin	2
氨苄西林胶囊	an bian xi lin jiao nang	2
氨苄西林钠	an bian xi lin na	3
氨苯砜	an ben feng	2
氨苯蝶啶	an ben die ding	4
氨茶碱	an cha jian	1
氨茶碱注射液	an cha jian zhu she ye	4
氨茶碱片	an cha jian pian	2
氨酚伪麻片	an fen wei ma pian	4
氨酚伪麻美芬片	an fen wei ma mei fen pian	5
氨酚伪麻美那敏片	an fen wei ma mei na min pian	3
氨酚伪麻胶囊	an fen wei ma jiao nang	2
氨酚伪麻那敏片	an fen wei ma na min pian	3
氨酚双氢可待因片	an fen shuang qing ke dai yin pian	2
氨酚待因	an fen dai yin	3
氨酚待因片	an fen dai yin pian	2
氨酚曲马多片	an fen qu ma duo pian	2
氨酚氯雷伪麻缓释片	an fen lv lei wei ma huan shi pian	4
氨酚烷胺那敏胶囊	an fen wan an na min jiao nang	5
氨酚美伪麻片	an fen mei wei ma pian	3
氨酚羟考酮	an fen qiang kao tong	5
氨酪酸	an lao suan	3
氨金黄敏颗粒	an jin huang min ke li	6
氨非咖片	an fei ka pian	2
氨麻美敏口服溶液	an ma mei min kou fu rong ye	3
氨麻美敏片	an ma mei min pian	3
氮平衡	dan ping heng	1
氮杂胞苷	dan za bao gan	2
氮芥	dan jie	25
氮质血症	dan zhi xue zheng	6
氯丁二烯	lv ding er xi	1
氯丙咪嗪	lv bing mi qin	4
氯丙嗪	lv bing qin	12
氯丙烯	lv bing xi	2
氯丙那林	lv bing na lin	3
氯乙烯	lv yi xi	29
氯乙烯中毒	lv yi xi zhong du	3
氯乙烷	lv yi wan	24
氯化亚汞	lv hua ya gong	4
氯化琥珀胆碱	lv hua hu po dan jian	1
氯化钠注射液	lv hua na zhu she ye	7
氯化钠溶液	lv hua na rong ye	5
氯化钠滴眼液	lv hua na di yan ye	3
氯化钾注射液	lv hua jia zhu she ye	4
氯化钾片	lv hua jia pian	2
氯化钾缓释片	lv hua jia huan shi pian	2
氯化铵	lv hua an	40
氯吡格雷	lv bi ge lei	20
氯哌斯汀	lv pai si ting	3
氯唑西林	lv zuo xi lin	2
氯唑西林钠	lv zuo xi lin na	2
氯噻酮	lv sai tong	1
氯地孕酮	lv di yun tong	2
氯己定苯佐卡因含片	lv ji ding ben zuo ka yin han pian	3
氯已定	lv yi ding	2
氯气中毒	lv qi zhong du	8
氯氮卓	lv dan zhuo	5
氯氮平片	lv dan ping pian	4
氯沙坦	lv sha tan	5
氯沙坦钾	lv sha tan jia	4
氯沙坦钾氢氯噻嗪片	lv sha tan jia qing lv sai qin pian	3
氯沙坦钾片	lv sha tan jia pian	3
氯烯雌醚	lv xi ci mi	2
氯痤疮	lv cuo chuang	6
氯硝柳胺	lv xiao liu an	2
氯硝西泮	lv xiao xi pan	3
氯硝西泮片	lv xiao xi pan pian	3
氯磷定	lv lin ding	2
氯磺丙脲	lv huang bing niao	4
氯磺丙脲片	lv huang bing niao pian	3
氯美扎酮	lv mei zha tong	5
氯美扎酮片	lv mei zha tong pian	3
氯胺酮	lv an tong	20
氯膦酸二钠胶囊	lv lin suan er na jiao nang	3
氯芬黄敏片	lv fen huang min pian	5
氯苯那敏	lv ben na min	2
氯解磷定	lv jie lin ding	3
氯解磷定注射液	lv jie lin ding zhu she ye	2
氯诺昔康	lv nuo xi kang	2
氯酚	lv fen	4
氯雷他定	lv lei ta ding	7
氯雷他定咀嚼片	lv lei ta ding ju jue pian	2
氯雷他定片	lv lei ta ding pian	5
氯雷他定糖浆	lv lei ta ding tang jiang	3
氯雷他定胶囊	lv lei ta ding jiao nang	3
氯霉素注射液	lv mei su zhu she ye	4
氯霉素滴眼液	lv mei su di yan ye	7
氯霉素片	lv mei su pian	3
氯马斯汀	lv ma si ting	2
氰化物中毒	qing hua wu zhong du	1
水中毒	shui zhong du	7
水位计	shui wei ji	3
水凝胶	shui ning jiao	4
水分平衡	shui fen ping heng	2
水分穴	shui fen xue	3
水利尿	shui li niao	5
水半夏	shui ban xia	4
水合氯醛	shui he lv quan	7
水媒	shui mei	3
水孔	shui kong	13
水平传递	shui ping chuan di	2
水杨梅	shui yang mei	2
水杨酸盐	shui yang suan yan	4
水杨酸苯酚贴膏	shui yang suan ben fen tie gao	2
水杨酸软膏	shui yang suan ruan gao	3
水杨酸钠	shui yang suan na	5
水气凌心	shui qi ling xin	3
水沟穴	shui gou xue	3
水泥尘肺	shui ni chen fei	4
水溶性维生素	shui rong xing wei sheng su	3
水牛角	shui niu jiao	5
水牛角浓缩粉	shui niu jiao nong suo fen	4
水电解质	shui dian jie zhi	1
水电解质紊乱	shui dian jie zhi wen luan	6
水疗法	shui liao fa	2
水疱疹	shui pao zhen	14
水痘疫苗	shui dou yi miao	13
水突	shui tu	1
水突穴	shui tu xue	3
水管系	shui guan xi	5
水红花子	shui hong hua zi	3
水翁花	shui weng hua	1
水肿病	shui zhong bing	3
水菖蒲	shui chang pu	5
水蛭素	shui zhi su	4
水蜈蚣	shui wu gong	5
水蜜丸	shui mi wan	6
水解明胶	shui jie ming jiao	2
水解蛋白	shui jie dan bai	3
水解酶	shui jie mei	27
水谷之海	shui gu zhi hai	3
水谷精微	shui gu jing wei	6
水道穴	shui dao xue	2
水金凤	shui jin feng	2
水陆二仙丹	shui lu er xian dan	3
水飞蓟宾胶囊	shui fei ji bin jiao nang	2
水飞蓟宾葡甲胺片	shui fei ji bin pu jia an pian	2
水飞蓟素	shui fei ji su	8
永盛合阿胶	yong sheng he e jiao	4
求美动机	qiu mei dong ji	3
汉坦病毒	han tan bing du	2
汉坦病毒肺综合症	han tan bing du fei zong he zheng	3
汉桃叶	han tao ye	2
汉桃叶软胶囊	han tao ye ruan jiao nang	2
汗孔	han kong	7
汗孔角化症	han kong jiao hua zheng	1
汗疱症	han pao zheng	2
汗管瘤	han guan liu	4
汗腺炎	han xian yan	4
汞中毒	gong zhong du	6
汞溴红溶液	gong xiu hong rong ye	3
汤于翰	tang yu han	2
汤佩松	tang pei song	2
汤液	tang ye	2
汽油中毒	qi you zhong du	4
沃正刚	wo zheng gang	2
沈克非	shen ke fei	4
沈祖尧	shen zu yao	26
沈自尹	shen zi yin	2
沈阳急救中心	shen yang ji jiu zhong xin	7
沈阳红药	shen yang hong yao	1
沈阳红药胶囊	chen yang hong yao jiao nang	2
沉水植物	chen shui zhi wu	2
沉降分析	chen jiang fen xi	3
沉降率	chen jiang lv	10
沉降系数	chen jiang xi shu	1
沉香化气丸	chen xiang hua qi wan	3
沉香化气胶囊	chen xiang hua qi jiao nang	3
沉香化滞丸	chen xiang hua zhi wan	3
沉香十七味丸	chen xiang shi qi wei wan	2
沉香曲	chen xiang qu	2
沙丁胺醇	sha ding an chun	3
沙丁胺醇气雾剂	sha ding an chun qi wu ji	5
沙利度胺	sha li du an	6
沙参止咳汤散	sha shen zhi ke tang san	3
沙参麦冬汤	sha shen mai dong tang	4
沙培林	sha pei lin	3
沙壤土	sha rang tu	3
沙奎那韦	sha kui na wei	1
沙岩	sha yan	9
沙棘油	sha ji you	5
沙棘籽油软胶囊	sha ji zi you ruan jiao nang	2
沙眼衣原体	sha yan yi yuan ti	7
沙美特罗	sha mei te luo	1
沙美特罗替卡松	sha mei te luo ti ka song	3
沙门氏菌	sha men shi jun	33
沙门氏菌感染	sha men shi jun gan ran	1
沙鼠	sha shu	7
没药	mo yao	9
没食子酸	mo shi zi suan	30
河豚毒	he tun du	1
河车大造丸	he che da zao wan	4
沸腾干燥	fei teng gan zao	3
油剂	you ji	4
油彩皮炎	you cai pi yan	2
油性皮肤	you xing pi fu	8
油斑	you ban	7
治伤消瘀丸	zhi shang xiao yu wan	2
治伤软膏	zhi shang ruan gao	4
治偏痛颗粒	zhi pian tong ke li	2
治则	zhi ze	16
治咳川贝枇杷滴丸	zhi ke chuan bei pi pa di wan	3
治咳川贝枇杷露	zhi ke chuan bei pi pa lu	6
治感佳片	zhi gan jia pian	3
治疗室	zhi liao shi	15
治疗指数	zhi liao zhi shu	8
治疗措施	zhi liao cuo shi	10
治病求本	zhi bing qiu ben	6
治糜灵栓	zhi mi ling shuan	2
沿河土家族自治县	yan he tu jia zu zi zhi xian	2
泄殖腔畸形	xie zhi qiang ji xing	3
泄泻	xie xie	7
泊洛沙姆	bo luo sha mu	2
泌乳素	mi ru su	2
泌乳素瘤	mi ru su liu	1
泌尿外科	mi niao wai ke	47
泌尿外科学	mi niao wai ke xue	7
泌尿宁胶囊	mi niao ning jiao nang	2
泌尿科	mi niao ke	27
泌尿系	mi niao xi	1
泌尿系结核	mi niao xi jie he	1
泌尿系结石	mi niao xi jie shi	8
泌尿系统	mi niao xi tong	32
泌尿系统药	mi niao xi tong yao	2
泌淋清胶囊	mi lin qing jiao nang	3
法医人类学	fa yi ren lei xue	17
法医学概论	fa yi xue gai lun	3
法医毒物分析	fa yi du wu fen xi	1
法医毒理学	fa yi du li xue	4
法医物证学	fa yi wu zheng xue	5
法医病理学	fa yi bing li xue	18
法医精神病学	fa yi jing shen bing xue	2
法医遗传学	fa yi yi chuan xue	4
法半夏	fa ban xia	7
法氏囊	fa shi nang	5
法洛四联症	fa luo si lian zheng	4
法洛氏三联症	fa luo shi san lian zheng	4
法罗培南钠	fa luo pei nan na	2
法舒地尔	fa shu di er	2
法莫替丁	fa mo ti ding	2
法莫替丁咀嚼片	fa mo ti ding ju jue pian	3
泛发性脓疱型银屑病	fan fa xing nong pao xing yin xie bing	3
泛影葡胺	fan ying pu an	4
泛昔洛韦	fan xi luo wei	2
泛昔洛韦片	fan xi luo wei pian	2
泛素	fan su	43
泛酸钙	fan suan gai	6
泡囊	pao nang	14
泡腾崩解剂	pao teng beng jie ji	3
泡腾片	pao teng pian	8
波依定	bo yi ding	6
波立维	bo li wei	8
泥浴	ni yu	10
泥炭藓	ni tan xian	33
注射剂	zhu she ji	37
注射用丁溴东莨菪碱	zhu she yong ding xiu dong lang dang jian	3
注射用三磷酸腺苷二钠	zhu she yong san lin suan xian gan er na	2
注射用乳酸依沙吖啶	zhu she yong ru suan yi sha a ding	2
注射用五水头孢唑林钠	zhu she yong wu shui tou bao zuo lin na	4
注射用伏立康唑	zhu she yong fu li kang zuo	3
注射用促皮质素	zhu she yong cu pi zhi su	7
注射用促肝细胞生长素	zhu she yong cu gan xi bao sheng zhang su	2
注射用克林霉素磷酸酯	zhu she yong ke lin mei su lin suan zhi	3
注射用加替沙星	zhu she yong jia ti sha xing	3
注射用单磷酸阿糖腺苷	zhu she yong dan lin suan a tang xian gan	2
注射用去甲斑蝥酸钠	zhu she yong qu jia ban mao suan na	3
注射用双黄连	zhu she yong shuang huang lian	2
注射用哌拉西林钠	zhu she yong pai la xi lin na	2
注射用培美曲塞二钠	zhu she yong pei mei qu sai er na	4
注射用复合辅酶	zhu she yong fu he fu mei	4
注射用多索茶碱	zhu she yong duo suo cha jian	2
注射用夫西地酸钠	zhu she yong fu xi di suan na	6
注射用头孢他啶	zhu she yong tou bao ta ding	4
注射用头孢匹胺钠	zhu she yong tou bao pi an na	2
注射用头孢呋辛钠	zhu she yong tou bao fu xin na	3
注射用头孢哌酮钠	zhu she yong tou bao pai tong na	3
注射用头孢唑林钠	zhu she yong tou bao zuo lin na	4
注射用头孢噻肟钠	zhu she yong tou bao sai wo na	4
注射用头孢地嗪钠	zhu she yong tou bao di qin na	2
注射用头孢孟多酯钠	zhu she yong tou bao meng duo zhi na	2
注射用头孢尼西钠	zhu she yong tou bao ni xi na	3
注射用头孢拉定	zhu she yong tou bao la ding	3
注射用头孢曲松钠	zhu she yong tou bao qu song na	6
注射用头孢替唑钠	zhu she yong tou bao ti zuo na	2
注射用头孢硫脒	zhu she yong tou bao liu mi	5
注射用头孢米诺钠	zhu she yong tou bao mi nuo na	4
注射用头孢美唑钠	zhu she yong tou bao mei zuo na	5
注射用头孢西丁钠	zhu she yong tou bao xi ding na	3
注射用奈达铂	zhu she yong nai da bo	2
注射用奥美拉唑钠	zhu she yong ao mei la zuo na	5
注射用尼莫地平	zhu she yong ni mo di ping	2
注射用尿激酶	zhu she yong niao ji mei	5
注射用心肌肽	zhu she yong xin ji tai	2
注射用更昔洛韦	zhu she yong geng xi luo wei	3
注射用果糖	zhu she yong guo tang	3
注射用氢溴酸高乌甲素	zhu she yong qing xiu suan gao wu jia su	5
注射用氨曲南	zhu she yong an qu nan	4
注射用水	zhu she yong shui	6
注射用法莫替丁	zhu she yong fa mo ti ding	2
注射用泮托拉唑钠	zhu she yong pan tuo la zuo na	5
注射用洛铂	zhu she yong luo bo	2
注射用灯盏花素	zhu she yong deng zhan hua su	2
注射用炎琥宁	zhu she yong yan hu ning	4
注射用环磷腺苷	zhu she yong huan lin xian gan	2
注射用环磷酰胺	zhu she yong huan lin xian an	2
注射用玻璃酸酶	zhu she yong bo li suan mei	5
注射用甘氨双唑钠	zhu she yong gan an shuang zuo na	2
注射用甘露聚糖肽	zhu she yong gan lu ju tang tai	2
注射用生长抑素	zhu she yong sheng zhang yi su	2
注射用甲氨蝶呤	zhu she yong jia an die ling	3
注射用甲磺酸加贝酯	zhu she yong jia huang suan jia bei zhi	2
注射用甲磺酸帕珠沙星	zhu she yong jia huang suan pa zhu sha xing	3
注射用盐酸伊达比星	zhu she yong yan suan yi da bi xing	3
注射用盐酸吉西他滨	zhu she yong yan suan ji xi ta bin	3
注射用盐酸大观霉素	zhu she yong yan suan da guan mei su	2
注射用盐酸头孢替安	zhu she yong yan suan tou bao ti an	3
注射用盐酸头孢甲肟	zhu she yong yan suan tou bao jia wo	2
注射用盐酸氨溴索	zhu she yong yan suan an xiu suo	2
注射用盐酸瑞芬太尼	zhu she yong yan suan rui fen tai ni	2
注射用盐酸甲氯芬酯	zhu she yong yan suan jia lv fen zhi	4
注射用硝普钠	zhu she yong xiao pu na	2
注射用硫代硫酸钠	zhu she yong liu dai liu suan na	2
注射用硫酸链霉素	zhu she yong liu suan lian mei su	3
注射用磷霉素钠	zhu she yong lin mei su na	2
注射用磺苄西林钠	zhu she yong huang bian xi lin na	4
注射用穿琥宁	zhu she yong chuan hu ning	3
注射用紫杉醇脂质体	zhu she yong zi shan chun zhi zhi ti	2
注射用细辛脑	zhu she yong xi xin nao	4
注射用绒促性素	zhu she yong rong cu xing su	4
注射用美洛西林钠	zhu she yong mei luo xi lin na	3
注射用美罗培南	zhu she yong mei luo pei nan	2
注射用肝水解肽	zhu she yong gan shui jie tai	3
注射用胸腺五肽	zhu she yong xiong xian wu tai	4
注射用胸腺肽	zhu she yong xiong xian tai	5
注射用脑蛋白水解物	zhu she yong nao dan bai shui jie wu	3
注射用苄星青霉素	zhu she yong bian xing qing mei su	4
注射用葛根素	zhu she yong ge gen su	2
注射用血凝酶	zhu she yong xue ning mei	2
注射用血栓通	zhu she yong xue shuan tong	8
注射用转化糖	zhu she yong zhuan hua tang	3
注射用醋酸卡泊芬净	zhu she yong cu suan ka bo fen jing	2
注射用醋酸奥曲肽	zhu she yong cu suan ao qu tai	2
注射用重组人生长激素	zhu she yong chong zu ren sheng zhang ji su	5
注射用长春西汀	zhu she yong chang chun xi ting	3
注射用阿奇霉素	zhu she yong a qi mei su	3
注射用阿昔洛韦	zhu she yong a xi luo wei	2
注射用阿洛西林钠	zhu she yong a luo xi lin na	2
注射用阿糖腺苷	zhu she yong a tang xian gan	2
注射用阿莫西林钠	zhu she yong a mo xi lin na	5
注射用青蒿琥酯	zhu she yong qing hao hu zhi	1
注射用青霉素钠	zhu she yong qing mei su na	5
注射用青霉素钾	zhu she yong qing mei su jia	2
注射用顺铂	zhu she yong shun bo	2
注射用骨瓜提取物	zhu she yong gu gua ti qu wu	2
注射用骨肽	zhu she yong gu tai	2
注射用鼠神经生长因子	zhu she yong shu shen jing sheng zhang yin zi	4
注射给药	zhu she gei yao	20
注意分配	zhu yi fen pei	4
注意增强	zhu yi zeng qiang	8
注意广度	zhu yi guang du	4
注意转移	zhu yi zhuan yi	1
泪囊炎	lei nang yan	2
泪小管断裂	lei xiao guan duan lie	5
泪溢	lei yi	3
泪管	lei guan	6
泪道冲洗	lei dao chong xi	5
泪道狭窄	lei dao xia zhai	1
泪道阻塞	lei dao zu se	5
泪骨	lei gu	26
泮库溴铵	pan ku xiu an	1
泮托拉唑	pan tuo la zuo	1
泮托拉唑钠	pan tuo la zuo na	3
泮托拉唑钠肠溶片	pan tuo la zuo na chang rong pian	3
泮托拉唑钠肠溶胶囊	pan tuo la zuo na chang rong jiao nang	3
泰利必妥	tai li bi tuo	3
泰利霉素	tai li mei su	4
泰宝	tai bao	2
泰脂安胶囊	tai zhi an jiao nang	4
泰诺林	tai nuo lin	7
泻下剂	xie xia ji	4
泻心汤	xie xin tang	2
泻痢停	xie li ting	4
泻痢固肠丸	xie li gu chang wan	2
泻痢消片	xie li xiao pian	3
泻黄散	xie huang san	3
泼尼松	po ni song	7
泼尼松龙	po ni song long	6
泽泻	ze xie	21
洁尔阴	jie er yin	2
洁尔阴泡腾片	jie er yin pao teng pian	2
洁尔阴洗液	jie er yin xi ye	4
洁治器	jie zhi qi	3
洁阴灵洗剂	jie yin ling xi ji	2
洋参保肺丸	yang shen bao fei wan	2
洋参保肺胶囊	yang shen bao fei jiao nang	3
洋参雪哈口服液	yang shen xue ha kou fu ye	2
洋参龟灵口服液	yang shen gui ling kou fu ye	2
洋地黄	yang di huang	1
洋地黄中毒	yang di huang zhong du	6
洋地黄叶	yang di huang ye	2
洋地黄毒苷注射液	yang di huang du gan zhu she ye	3
洋金花	yang jin hua	7
洗剂	xi ji	11
洗必泰	xi bi tai	6
洗液	xi ye	9
洗耳球	xi er qiu	4
洗胃	xi wei	15
洛伐他汀	luo fa ta ting	1
洛哌丁胺	luo pai ding an	3
洛汀新	luo ting xin	6
洛索洛芬	luo suo luo fen	1
洛索洛芬钠	luo suo luo fen na	3
洛索洛芬钠片	luo suo luo fen na pian	2
洛美沙星	luo mei sha xing	1
洛芬待因片	luo fen dai yin pian	2
洛芬葡锌那敏片	luo fen pu xin na min pian	3
洛贝林	luo bei lin	1
洛赛克	luo sai ke	6
洞天长春膏	dong tian chang chun gao	3
洞穴学	dong xue xue	6
津力达颗粒	jin li da ke li	2
津液亏损	jin ye kui sun	3
洪长庚	hong chang geng	2
活体检验	huo ti jian yan	7
活体解剖	huo ti jie pou	18
活力源口服液	huo li yuan kou fu ye	4
活力苏口服液	huo li su kou fu ye	3
活动性肝炎	huo dong xing gan yan	5
活动性肺结核	huo dong xing fei jie he	9
活动矫治器	huo dong jiao zhi qi	3
活检	huo jian	42
活疫苗	huo yi miao	7
活络止痛丸	huo luo zhi tong wan	4
活络油	huo luo you	8
活血化瘀	huo xue hua yu	6
活血壮筋丸	huo xue zhuang jin wan	3
活血应痛丸	huo xue ying tong wan	2
活血止痛散	huo xue zhi tong san	2
活血止痛片	huo xue zhi tong pian	3
活血止痛胶囊	huo xue zhi tong jiao nang	5
活血止痛膏	huo xue zhi tong gao	4
活血消炎丸	huo xue xiao yan wan	2
活血祛瘀	huo xue qu yu	7
活血胶囊	huo xue jiao nang	3
活血解毒	huo xue jie du	5
活血解毒丸	huo xue jie du wan	2
活血调经	huo xue tiao jing	7
活血通经	huo xue tong jing	7
活血通脉片	huo xue tong mai pian	2
活血风湿膏	huo xue feng shi gao	3
活髓切断术	huo sui qie duan shu	2
流式细胞仪	liu shi xi bao yi	7
流感丸	liu gan wan	3
流感全病毒灭活疫苗	liu gan quan bing du mie huo yi miao	2
流感疫苗	liu gan yi miao	33
流感病毒裂解疫苗	liu gan bing du lie jie yi miao	3
流感裂解疫苗	liu gan lie jie yi miao	6
流浸膏剂	liu jin gao ji	2
流涎	liu xian	8
流涕	liu ti	27
流脑疫苗	liu nao yi miao	1
流行性乙型脑炎	liu xing xing yi xing nao yan	4
流行性出血性结膜炎	liu xing xing chu xue xing jie mo yan	5
流行性出血热	liu xing xing chu xue re	1
流行性出血热疫苗	liu xing xing chu xue re yi miao	4
流行性感冒疫苗	liu xing xing gan mao yi miao	4
流行性感冒裂解疫苗	liu xing xing gan mao lie jie yi miao	3
流行性斑疹伤寒	liu xing xing ban zhen shang han	2
流行性肌痛	liu xing xing ji tong	2
流行性脑炎	liu xing xing nao yan	2
流行性脑脊髓膜炎	liu xing xing nao ji sui mo yan	2
流行性腮腺炎	liu xing xing sai xian yan	22
流行性腹泻	liu xing xing fu xie	20
流行病学调查	liu xing bing xue diao cha	39
流行过程	liu xing guo cheng	1
流量表	liu liang biao	2
浅二度烧伤	qian er du shao shang	7
浅深	qian shen	3
浅筋膜	qian jin mo	2
浅部真菌病	qian bu zhen jun bing	4
浅静脉	qian jing mai	4
浅龋	qian qu	4
浆液性炎	jiang ye xing yan	2
浆细胞	jiang xi bao	18
浆细胞性乳腺炎	jiang xi bao xing ru xian yan	5
浆细胞瘤	jiang xi bao liu	1
浆细胞白血病	jiang xi bao bai xue bing	1
浆膜	jiang mo	2
浊度	zhuo du	12
浊度计	zhuo du ji	2
测验焦虑	ce yan jiao lv	2
济川煎	ji chuan jian	3
济生肾气丸	ji sheng shen qi wan	4
浓维磷糖浆	nong wei lin tang jiang	2
浓缩丸	nong suo wan	7
浓缩当归丸	nong suo dang gui wan	4
浙贝	zhe bei	6
浙贝母	zhe bei mu	4
浮小麦	fu xiao mai	1
浮游物	fu you wu	6
浮白	fu bai	4
海底火山	hai di huo shan	30
海昆肾喜胶囊	hai kun shen xi jiao nang	4
海星类	hai xing lei	3
海洋药物	hai yang yao wu	8
海浮石	hai fu shi	3
海狗肾	hai gou shen	4
海王金樽	hai wang jin zun	4
海王银得菲	hai wang yin de fei	2
海珠喘息定片	hai zhu chuan xi ding pian	2
海百合类	hai bai he lei	2
海绵体	hai mian ti	35
海绵状淋巴管瘤	hai mian zhuang lin ba guan liu	2
海绵状血管瘤	hai mian zhuang xue guan liu	7
海绵窦	hai mian dou	5
海绵窦血栓性静脉炎	hai mian dou xue shuan xing jing mai yan	4
海绵组织	hai mian zu zhi	5
海绵肾	hai mian shen	3
海绵骨针	hai mian gu zhen	3
海胆刺伤	hai dan ci shang	3
海藻多糖空心胶囊	hai zao duo tang kong xin jiao nang	2
海藻糖	hai zao tang	3
海藻酸钙	hai zao suan gai	2
海螵蛸	hai piao xiao	4
海豹油	hai bao you	5
海金沙	hai jin sha	36
海风藤	hai feng teng	3
海马多鞭丸	hai ma duo bian wan	3
海马巴戟胶囊	hai ma ba ji jiao nang	2
海马旁回	hai ma pang hui	4
海马结构	hai ma jie gou	4
海鱼分枝杆菌	hai yu fen zhi gan jun	3
浸泡足	jin pao zu	5
浸浴	jin yu	8
浸润性突眼	jin run xing tu yan	2
浸软	jin ruan	8
涂膜剂	tu mo ji	3
涂阴肺结核	tu yin fei jie he	4
消化内科	xiao hua nei ke	14
消化器官	xiao hua qi guan	14
消化性溃疡	xiao hua xing kui yang	40
消化科	xiao hua ke	4
消化管	xiao hua guan	2
消化腺	xiao hua xian	6
消化道传染病	xiao hua dao chuan ran bing	8
消化道出血	xiao hua dao chu xue	6
消化道憩室	xiao hua dao qi shi	2
消咳喘糖浆	xiao ke chuan tang jiang	5
消咳宁片	xiao ke ning pian	4
消心痛	xiao xin tong	6
消旋卡多曲	xiao xuan ka duo qu	4
消旋卡多曲颗粒	xiao xuan ka duo qu ke li	4
消旋山莨菪碱	xiao xuan shan lang dang jian	4
消旋山莨菪碱片	xiao xuan shan lang dang jian pian	3
消朦胶囊	xiao meng jiao nang	2
消栓再造丸	xiao shuan zai zao wan	2
消栓口服液	xiao shuan kou fu ye	3
消栓通络片	xiao shuan tong luo pian	5
消毒液	xiao du ye	29
消毒盒	xiao du he	5
消渴	xiao ke	4
消渴丸	xiao ke wan	7
消渴安胶囊	xiao ke an jiao nang	4
消渴平片	xiao ke ping pian	2
消渴康颗粒	xiao ke kang ke li	2
消渴灵片	xiao ke ling pian	2
消渴灵胶囊	xiao ke ling jiao nang	2
消渴病	xiao ke bing	5
消渴降糖片	xiao ke jiang tang pian	3
消渴降糖胶囊	xiao ke jiang tang jiao nang	5
消炎利胆片	xiao yan li dan pian	7
消炎止咳片	xiao yan zhi ke pian	4
消炎止咳胶囊	xiao yan zhi ke jiao nang	3
消炎止痛膏	xiao yan zhi tong gao	3
消炎止痢灵片	xiao yan zhi li ling pian	2
消炎片	xiao yan pian	6
消炎痛	xiao yan tong	8
消炎癣湿药膏	xiao yan xuan shi yao gao	3
消炎解毒丸	xiao yan jie du wan	4
消炎退热颗粒	xiao yan tui re ke li	2
消炎镇痛膏	xiao yan zhen tong gao	4
消痔灵注射液	xiao zhi ling zhu she ye	2
消痔软膏	xiao zhi ruan gao	2
消痛贴膏	xiao tong tie gao	5
消痞和胃胶囊	xiao pi he wei jiao nang	4
消瘰丸	xiao luo wan	3
消癌平口服液	xiao ai ping kou fu ye	4
消癌平片	xiao ai ping pian	4
消癌平胶囊	xiao ai ping jiao nang	3
消癌平颗粒	xiao ai ping ke li	3
消白软膏	xiao bai ruan gao	2
消糖灵胶囊	xiao tang ling jiao nang	4
消糜栓	xiao mi shuan	5
消结安胶囊	xiao jie an jiao nang	2
消耗性疾病	xiao hao xing ji bing	8
消肿止痛酊	xiao zhong zhi tong ding	2
消胆胺	xiao dan an	1
消谷善饥	xiao gu shan ji	4
消费者行为研究	xiao fei zhe xing wei yan jiu	6
消银胶囊	xiao yin jiao nang	4
消食健胃片	xiao shi jian wei pian	2
消食化滞	xiao shi hua zhi	7
消食颗粒	xiao shi ke li	2
涌泉穴	yong quan xue	1
涎石	xian shi	3
涎石病	xian shi bing	2
涎腺	xian xian	2
润伊容胶囊	run yi rong jiao nang	3
润燥化痰	run zao hua tan	6
润燥止痒胶囊	run zao zhi yang jiao nang	2
润肠丸	run chang wan	4
润肠胶囊	run chang jiao nang	6
润肠通便	run chang tong bian	2
润肺止咳	run fei zhi ke	10
润肺止嗽丸	run fei zhi sou wan	4
润肺膏	run fei gao	2
润通胶囊	run tong jiao nang	6
涩肠止泻	se chang zhi xie	6
液体制剂	ye ti zhi ji	8
液体药剂	ye ti yao ji	4
液性暗区	ye xing an qu	4
液气胸	ye qi xiong	7
液氮冷冻治疗	ye dan leng dong zhi liao	4
液泡膜	ye pao mo	2
液门	ye men	2
淀粉样变性	dian fen yang bian xing	5
淀粉浆	dian fen jiang	5
淀粉粒	dian fen li	2
淀粉酶口服液	dian fen mei kou fu ye	2
淋巴上皮癌	lin ba shang pi ai	3
淋巴器官	lin ba qi guan	3
淋巴囊肿	lin ba nang zhong	3
淋巴因子	lin ba yin zi	3
淋巴循环	lin ba xun huan	1
淋巴母细胞	lin ba mu xi bao	3
淋巴毒素	lin ba du su	4
淋巴水肿	lin ba shui zhong	3
淋巴液	lin ba ye	10
淋巴滤泡	lin ba lv pao	6
淋巴管	lin ba guan	23
淋巴管炎	lin ba guan yan	1
淋巴管瘤	lin ba guan liu	2
淋巴管肌瘤病	lin ba guan ji liu bing	5
淋巴系统	lin ba xi tong	37
淋巴组织	lin ba zu zhi	17
淋巴细胞减少症	lin ba xi bao jian shao zheng	2
淋巴细胞白血病	lin ba xi bao bai xue bing	26
淋巴细胞计数	lin ba xi bao ji shu	1
淋巴结核	lin ba jie he	7
淋巴结炎	lin ba jie yan	3
淋巴结肿大	lin ba jie zhong da	22
淋巴肉瘤	lin ba rou liu	21
淋巴肉芽肿	lin ba rou ya zhong	1
淋球菌	lin qiu jun	6
淋菌性尿道炎	lin jun xing niao dao yan	4
淋菌性结膜炎	lin jun xing jie mo yan	2
淋菌性阴道炎	lin jun xing yin dao yan	3
淡竹叶	dan zhu ye	2
淡色库蚊	dan se ku wen	7
淡豆豉	dan dou chi	6
淤滞	yu zhi	9
淤积性皮炎	yu ji xing pi yan	4
淫羊藿苷	yin yang huo gan	3
淮山	huai shan	5
深二度烧伤	shen er du shao shang	8
深度知觉	shen du zhi jue	3
深海鱼油	shen hai yu you	9
深覆合	shen fu he	4
深覆颌	shen fu he	3
深部热疗	shen bu re liao	5
深部真菌病	shen bu zhen jun bing	3
深静脉	shen jing mai	24
深龋	shen qu	4
混合性皮肤	hun he xing pi fu	4
混合性结缔组织病	hun he xing jie di zu zhi bing	4
混合感染	hun he gan ran	2
混合抗球蛋白反应	hun he kang qiu dan bai fan ying	2
混合淋巴细胞培养	hun he lin ba xi bao pei yang	2
混合痔	hun he zhi	8
混合痣	hun he zhi	4
混合瘤	hun he liu	2
混合血栓	hun he xue shuan	3
混响	hun xiang	23
混悬剂	hun xuan ji	6
混悬液	hun xuan ye	8
混色	hun se	8
清凉喉片	qing liang hou pian	3
清凉防暑颗粒	qing liang fang shu ke li	3
清凉鼻舒吸入剂	qing liang bi shu xi ru ji	2
清创术	qing chuang shu	2
清咽六味散	qing yan liu wei san	3
清喉利咽颗粒	qing hou li yan ke li	3
清宫寿桃丸	qing gong shou tao wan	4
清宫术	qing gong shu	6
清宫长春胶囊	qing gong chang chun jiao nang	2
清开灵	qing kai ling	8
清开灵口服液	qing kai ling kou fu ye	6
清开灵注射液	qing kai ling zhu she ye	7
清开灵片	qing kai ling pian	3
清开灵胶囊	qing kai ling jiao nang	4
清开灵软胶囊	qing kai ling ruan jiao nang	5
清开灵颗粒	qing kai ling ke li	5
清心明目上清丸	qing xin ming mu shang qing wan	4
清心沉香八味丸	qing xin chen xiang ba wei wan	4
清心莲子饮	qing xin lian zi yin	3
清暑益气	qing shu yi qi	5
清暑益气丸	qing shu yi qi wan	3
清暑益气汤	qing shu yi qi tang	4
清暑解毒颗粒	qing shu jie du ke li	3
清气化痰丸	qing qi hua tan wan	2
清洁灌肠	qing jie guan chang	4
清浊益肾胶囊	qing zhuo yi shen jiao nang	4
清淋颗粒	qing lin ke li	2
清火栀麦片	qing huo zhi mai pian	3
清火栀麦胶囊	qing huo zhi mai jiao nang	3
清火片	qing huo pian	4
清火胶囊	qing huo jiao nang	3
清热八味胶囊	qing re ba wei jiao nang	3
清热凉茶	qing re liang cha	3
清热凉血	qing re liang xue	2
清热利湿	qing re li shi	11
清热剂	qing re ji	4
清热化湿	qing re hua shi	7
清热化湿口服液	qing re hua shi kou fu ye	2
清热化痰	qing re hua tan	1
清热开窍	qing re kai qiao	2
清热明目茶	qing re ming mu cha	3
清热暗疮丸	qing re an chuang wan	2
清热泻火	qing re xie huo	1
清热消炎宁胶囊	qing re xiao yan ning jiao nang	4
清热灵颗粒	qing re ling ke li	3
清热生津	qing re sheng jin	1
清热祛湿	qing re qu shi	8
清热祛湿颗粒	qing re qu shi ke li	3
清热药	qing re yao	6
清热解毒	qing re jie du	35
清热解毒口服液	qing re jie du kou fu ye	7
清热解毒注射液	qing re jie du zhu she ye	3
清热解毒片	qing re jie du pian	4
清热解毒胶囊	qing re jie du jiao nang	3
清热解毒软胶囊	qing re jie du ruan jiao nang	4
清热解毒颗粒	qing re jie du ke li	4
清热通淋	qing re tong lin	4
清热通淋片	qing re tong lin pian	2
清热通淋胶囊	qing re tong lin jiao nang	8
清燥救肺汤	qing zao jiu fei tang	3
清瘟解毒	qing wen jie du	5
清瘟解毒丸	qing wen jie du wan	2
清瘟解毒片	qing wen jie du pian	3
清瘟败毒饮	qing wen bai du yin	5
清经散	qing jing san	2
清络饮	qing luo yin	3
清肝利胆口服液	qing gan li dan kou fu ye	2
清肝降压胶囊	qing gan jiang ya jiao nang	3
清肺化痰	qing fei hua tan	7
清肺化痰丸	qing fei hua tan wan	2
清肺十八味丸	qing fei shi ba wei wan	5
清肺口服液	qing fei kou fu ye	2
清肺抑火丸	qing fei yi huo wan	3
清肺抑火片	qing fei yi huo pian	3
清肺散结丸	qing fei san jie wan	5
清肺消炎丸	qing fei xiao yan wan	3
清胃汤	qing wei tang	2
清胃黄连丸	qing wei huang lian wan	4
清胰汤	qing yi tang	2
清脑复神液	qing nao fu shen ye	2
清脑降压片	qing nao jiang ya pian	2
清脑降压颗粒	qing nao jiang ya ke li	2
清艾条	qing ai tiao	4
清营凉血	qing ying liang xue	2
清营汤	qing ying tang	4
清血八味	qing xue ba wei	5
清血八味胶囊	qing xue ba wei jiao nang	3
清解	qing jie	1
清金降火汤	qing jin jiang huo tang	2
渊腋	yuan ye	3
渊腋穴	yuan ye xue	3
渗出性中耳炎	shen chu xing zhong er yan	4
渗出性多形红斑	shen chu xing duo xing hong ban	3
渗出性胸膜炎	shen chu xing xiong mo yan	4
渗出液	shen chu ye	7
渗湿	shen shi	2
渗透性利尿	shen tou xing li niao	1
渡船街	du chuan jie	25
温中散寒	wen zhong san han	8
温凉	wen liang	6
温度感受器	wen du gan shou qi	2
温度效应	wen du xiao ying	1
温度系数	wen du xi shu	13
温毒发斑	wen du fa ban	3
温热经纬	wen re jing wei	3
温疫	wen yi	8
温疫论	wen yi lun	3
温病学	wen bing xue	8
温病条辨	wen bing tiao bian	2
温经	wen jing	1
温经散寒	wen jing san han	8
温经活血	wen jing huo xue	5
温肾前列胶囊	wen shen qian lie jiao nang	2
温胃舒胶囊	wen wei shu jiao nang	4
温胃舒颗粒	wen wei shu ke li	2
温脾固肠散	wen pi gu chang san	2
温觉	wen jue	1
温郁金	wen yu jin	4
渴乐宁胶囊	ke le ning jiao nang	2
游动孢子	you dong bao zi	4
游戏疗法	you xi liao fa	6
游泳足	you yong zu	2
游离二氧化硅	you li er yang hua gui	5
游离基因	you li ji yin	5
游离甲状腺素	you li jia zhuang xian su	3
游离皮片移植术	you li pi pian yi zhi shu	3
游离酸	you li suan	5
游离龈	you li yin	3
湖北贝母	hu bei bei mu	1
湿困脾阳	shi kun pi yang	2
湿性坏疽	shi xing huai ju	3
湿敷	shi fu	1
湿毒清胶囊	shi du qing jiao nang	4
湿毒清软膏	shi du qing ruan gao	2
湿法制粒	shi fa zhi li	3
湿润剂	shi run ji	3
湿润烧伤膏	shi run shao shang gao	4
湿温病	shi wen bing	2
湿热下注证	shi re xia zhu zheng	3
湿热壅滞证	shi re yong zhi zheng	2
湿热症	shi re zheng	5
湿热蕴结证	shi re yun jie zheng	3
湿热证	shi re zheng	5
湿疣	shi you	1
湿疹样皮炎	shi zhen yang pi yan	4
湿症	shi zheng	6
湿痹	shi bi	7
湿证	shi zheng	4
湿邪	shi xie	10
湿重	shi zhong	8
湿阻	shi zu	6
溃疡性睑缘炎	kui yang xing jian yuan yan	2
溃疡性结肠炎	kui yang xing jie chang yan	22
溃疡性肠炎	kui yang xing chang yan	4
溃疡病穿孔	kui yang bing chuan kong	2
溪黄草	xi huang cao	3
溯源堂	su yuan tang	1
溴丙胺太林	xiu bing an tai lin	3
溴甲烷	xiu jia wan	33
溴甲烷中毒	xiu jia wan zhong du	3
溴米那普鲁卡因	xiu mi na pu lu ka yin	2
溴苯那敏	xiu ben na min	2
溴隐亭	xiu yin ting	6
溶出速度	rong chu su du	3
溶剂提取	rong ji ti qu	7
溶剂法	rong ji fa	2
溶栓脑通胶囊	rong shuan nao tong jiao nang	6
溶液剂	rong ye ji	6
溶液培养	rong ye pei yang	1
溶菌	rong jun	2
溶菌酶	rong jun mei	11
溶菌酶含片	rong jun mei han pian	3
溶血性贫血	rong xue xing pin xue	16
溶血性黄疸	rong xue xing huang dan	6
溶血素	rong xue su	8
溶解度参数	rong jie du can shu	13
溶解性	rong jie xing	26
溶解扩散	rong jie kuo san	2
溶酶体	rong mei ti	33
溶酶体贮积症	rong mei ti zhu ji zheng	4
滋养体	zi yang ti	7
滋养层	zi yang ceng	4
滋肾	zi shen	9
滋肾育胎丸	zi shen yu tai wan	4
滋补生发片	zi bu sheng fa pian	2
滋补肝肾	zi bu gan shen	9
滋补肝肾丸	zi bu gan shen wan	2
滋阴清热	zi yin qing re	2
滋阴潜阳	zi yin qian yang	6
滋阴益胃	zi yin yi wei	2
滋阴补肾丸	zi yin bu shen wan	3
滑囊	hua nang	6
滑囊炎	hua nang yan	11
滑液	hua ye	16
滑液囊	hua ye nang	20
滑石	hua shi	26
滑石尘肺	hua shi chen fei	4
滑精	hua jing	1
滑肉门	hua rou men	3
滑脱	hua tuo	9
滑膜	hua mo	18
滑膜囊	hua mo nang	2
滑膜炎	hua mo yan	31
滑膜炎颗粒	hua mo yan ke li	3
滑膜肉瘤	hua mo rou liu	1
滑车神经	hua che shen jing	2
滕卫平	teng wei ping	5
滞产	zhi chan	4
满婷	man ting	5
满山白	man shan bai	3
满山白糖浆	man shan bai tang jiang	2
滤器	lv qi	11
滤泡	lv pao	16
滤泡上皮细胞	lv pao shang pi xi bao	2
滤泡性淋巴瘤	lv pao xing lin ba liu	4
滤过	lv guo	12
滤过率	lv guo lv	2
滤过膜	lv guo mo	5
滴定曲线	di ding qu xian	8
滴定法	di ding fa	11
滴度	di du	7
滴瓶	di ping	3
滴眼剂	di yan ji	6
滴眼用利福平	di yan yong li fu ping	3
滴耳剂	di er ji	5
滴虫性前列腺炎	di chong xing qian lie xian yan	2
滴虫性尿道炎	di chong xing niao dao yan	3
滴虫性阴道炎	di chong xing yin dao yan	3
滴通鼻炎水	di tong bi yan shui	5
滴鼻剂	di bi ji	7
漂白粉消毒	piao bai fen xiao du	6
漆姑草	qi gu cao	1
漏出液	lou chu ye	4
漏尿	lou niao	6
漏斗胸	lou dou xiong	3
漏谷穴	lou gu xue	2
演替	yan ti	11
演替系列	yan ti xi lie	3
潘佩璆	pan pei qiu	1
潘木枝	pan mu zhi	2
潘生丁	pan sheng ding	6
潜伏梅毒	qian fu mei du	3
潜血	qian xue	8
潮上带	chao shang dai	3
潮气量	chao qi liang	1
潮汐周期	chao xi zhou qi	5
澎湖水道	peng hu shui dao	3
澳凼大桥	ao dang da qiao	3
澳泰乐颗粒	ao tai le ke li	2
激光刀	ji guang dao	5
激光手术	ji guang shou shu	7
激光损伤	ji guang sun shang	3
激光治疗仪	ji guang zhi liao yi	8
激光脱毛术	ji guang tuo mao shu	2
激动药	ji dong yao	19
激活因子	ji huo yin zi	8
激素替代疗法	ji su ti dai liao fa	32
激肽	ji tai	47
灌木带	guan mu dai	5
灌流	guan liu	6
灌肠剂	guan chang ji	1
火器伤	huo qi shang	6
火把花根片	huo ba hua gen pian	4
火棉胶	huo mian jiao	10
火毒	huo du	1
火激红斑	huo ji hong ban	4
火炭母	huo tan mu	7
火焰子	huo yan zi	2
火麻仁	huo ma ren	7
灭活疫苗	mie huo yi miao	34
灭湿痛	mie shi tong	3
灭滴灵	mie di ling	5
灭菌剂	mie jun ji	1
灭菌技术	mie jun ji shu	3
灭菌法	mie jun fa	4
灭菌注射用水	mie jun zhu she yong shui	4
灯台叶片	deng tai ye pian	3
灯心草	deng xin cao	36
灯盏生脉胶囊	deng zhan sheng mai jiao nang	2
灯盏细辛	deng zhan xi xin	3
灯盏花注射液	deng zhan hua zhu she ye	2
灯盏花素	deng zhan hua su	4
灯盏花素注射液	deng zhan hua su zhu she ye	4
灯盏花素片	deng zhan hua su pian	3
灰婴综合征	hui ying zong he zheng	4
灰阶	hui jie	41
灰黄霉素	hui huang mei su	13
灵丹草颗粒	ling dan cao ke li	2
灵仙	ling xian	7
灵仙跌打片	ling xian die da pian	4
灵兰秘典论	ling lan mi dian lun	3
灵枢	ling shu	5
灵精胶囊	ling jing jiao nang	3
灵芝多糖	ling zhi duo tang	6
灵芝孢子粉	ling zhi bao zi fen	8
灵芝孢子粉胶囊	ling zhi bao zi fen jiao nang	6
灵芝片	ling zhi pian	6
灵芝益寿胶囊	ling zhi yi shou jiao nang	3
灵芝胶囊	ling zhi jiao nang	6
灵道	ling dao	14
灸法	jiu fa	1
灼性神经痛	zhuo xing shen jing tong	2
炉甘石	lu gan shi	8
炉甘石洗剂	lu gan shi xi ji	1
炉甘石粉	lu gan shi fen	4
炎可宁	yan ke ning	2
炎可宁片	yan ke ning pian	3
炎宁胶囊	yan ning jiao nang	3
炎性假瘤	yan xing jia liu	4
炎性息肉	yan xing xi rou	4
炎琥宁	yan hu ning	6
炎琥宁注射液	yan hu ning zhu she ye	4
炎症反应	yan zheng fan ying	33
炎症后色素沉着	yan zheng hou se su chen zhuo	4
炎立消	yan li xiao	2
炎立消片	yan li xiao pian	2
炎立消胶囊	yan li xiao jiao nang	8
炎见宁片	yan jian ning pian	2
炒决明子	chao jue ming zi	4
炒白术	chao bai zhu	6
炒莱菔子	chao lai fu zi	5
炒葶苈子	chao ting li zi	4
炒鸡内金	chao ji nei jin	3
炒麦芽	chao mai ya	6
炔诺酮	que nuo tong	13
炔雌醇	que ci chun	15
炔雌醇片	que ci chun pian	3
炔雌醚	que ci mi	2
炙甘草	zhi gan cao	8
炙甘草汤	zhi gan cao tang	4
炙黄芪	zhi huang qi	6
炭疽杆菌	tan ju gan jun	9
炭疽活疫苗	tan ju huo yi miao	2
炮姜	pao jiang	6
炮弹休克	pao dan xiu ke	3
点突变	dian tu bian	12
烂脚	lan jiao	4
烟斑	yan ban	5
烟曲霉	yan qu mei	22
烟草花叶病毒	yan cao hua ye bing du	3
烟酸片	yan suan pian	2
烟酸缓释片	yan suan huan shi pian	2
烟雾病	yan wu bing	7
烦渴	fan ke	1
烦躁不安	fan zao bu an	6
烧伤喷雾剂	shao shang pen wu ji	2
烧伤感染	shao shang gan ran	5
烧伤面积	shao shang mian ji	7
烧烫伤软膏	shao tang shang ruan gao	2
热价	re jia	10
热休克蛋白	re xiu ke dan bai	3
热入心包	re ru xin bao	3
热原	re yuan	6
热发光	re fa guang	5
热射病	re she bing	6
热带农业	re dai nong ye	10
热极生风	re ji sheng feng	5
热毒宁注射液	re du ning zhu she ye	6
热毒平颗粒	re du ping ke li	3
热毒症	re du zheng	3
热毒证	re du zheng	3
热淋	re lin	2
热淋清片	re lin qing pian	2
热淋清颗粒	re lin qing ke li	2
热激红斑	re ji hong ban	3
热炎宁合剂	re yan ning he ji	2
热炎宁颗粒	re yan ning ke li	3
热烧伤	re shao shang	5
热疗法	re liao fa	1
热症	re zheng	5
热痱搽剂	re fei cha ji	2
热痹	re bi	4
热盛伤津	re sheng shang jin	4
热缺血时间	re que xue shi jian	4
热证	re zheng	7
烯酸	xi suan	33
烷化剂	wan hua ji	14
焦山楂	jiao shan zha	1
焦度	jiao du	4
焦炉工人肺癌	jiao lu gong ren fei ai	4
焦痂	jiao jia	8
焦神曲	jiao shen qu	5
焦虑性抑郁症	jiao lv xing yi yu zheng	3
焦虑性障碍	jiao lv xing zhang ai	4
焦虑状态	jiao lv zhuang tai	4
焦麦芽	jiao mai ya	5
然谷	ran gu	3
煅牡蛎	duan mu li	6
煅石膏	duan shi gao	2
煎煮法	jian zhu fa	2
煤工尘肺	mei gong chen fei	7
照海	zhao hai	6
照海穴	zhao hai xue	4
熊去氧胆酸	xiong qu yang dan suan	2
熊去氧胆酸片	xiong qu yang dan suan pian	2
熊去氧胆酸胶囊	xiong qu yang dan suan jiao nang	5
熊果酸	xiong guo suan	25
熊胆丸胶囊	xiong dan wan jiao nang	2
熊胆川贝口服液	xiong dan chuan bei kou fu ye	3
熊胆救心丸	xiong dan jiu xin wan	3
熊胆救心丹	xiong dan jiu xin dan	3
熊胆滴眼液	xiong dan di yan ye	3
熊胆痔灵栓	xiong dan zhi ling shuan	3
熊胆痔灵膏	xiong dan zhi ling gao	4
熊胆痔疮膏	xiong dan zhi chuang gao	2
熊胆眼药水	xiong dan yan yao shui	5
熊胆胶囊	xiong dan jiao nang	7
熊胆茵陈口服液	xiong dan yin chen kou fu ye	3
熊胆跌打膏	xiong dan die da gao	2
熊胆黄芩滴眼液	xiong dan huang qin di yan ye	4
熔融法	rong rong fa	1
熟地黄	shu di huang	1
燥湿	zao shi	1
燥湿化痰	zao shi hua tan	7
爆炸伤	bao zha shang	5
爪形手	zhao xing shou	1
爬行者	pa xing zhe	18
爬行运动	pa xing yun dong	6
爱普列特	ai pu lie te	2
爱普列特片	ai pu lie te pian	2
爱维心口服液	ai wei xin kou fu ye	3
片仔癀	pian zai huang	3
片姜黄	pian jiang huang	4
牙体牙髓病学	ya ti ya sui bing xue	1
牙冠	ya guan	33
牙冠延长术	ya guan yan chang shu	3
牙列不齐	ya lie bu qi	8
牙医学	ya yi xue	9
牙周病学	ya zhou bing xue	3
牙周组织	ya zhou zu zhi	3
牙周组织病	ya zhou zu zhi bing	2
牙周翻瓣术	ya zhou fan ban shu	2
牙周脓肿	ya zhou nong zhong	7
牙周膜	ya zhou mo	1
牙周萎缩	ya zhou wei suo	4
牙周袋	ya zhou dai	2
牙垫	ya dian	2
牙外伤	ya wai shang	6
牙尖	ya jian	7
牙式	ya shi	5
牙弓	ya gong	3
牙挺	ya ting	7
牙本质	ya ben zhi	13
牙本质小管	ya ben zhi xiao guan	4
牙本质过敏	ya ben zhi guo min	5
牙板	ya ban	4
牙椅	ya yi	8
牙槽脓肿	ya cao nong zhong	1
牙槽骨	ya cao gu	7
牙槽骨修整术	ya cao gu xiu zheng shu	2
牙源性肿瘤	ya yuan xing zhong liu	3
牙片	ya pian	8
牙痛	ya tong	35
牙痛一粒丸	ya tong yi li wan	3
牙痛安	ya tong an	2
牙瘤	ya liu	4
牙科综合治疗台	ya ke zong he zhi liao tai	4
牙科综合治疗机	ya ke zong he zhi liao ji	4
牙线	ya xian	25
牙结石	ya jie shi	1
牙胚	ya pei	2
牙色	ya se	6
牙菌斑	ya jun ban	6
牙釉质	ya you zhi	25
牙钻	ya zuan	7
牙隐裂	ya yin lie	6
牙颌面畸形	ya he mian ji xing	4
牙骨质	ya gu zhi	1
牙髓	ya sui	15
牙髓坏死	ya sui huai si	1
牙髓摘除术	ya sui zhai chu shu	3
牙髓炎	ya sui yan	4
牙髓病	ya sui bing	8
牙齿变色	ya chi bian se	1
牙齿拥挤	ya chi yong ji	6
牙齿松动	ya chi song dong	4
牙齿楔状缺损	ya chi xie zhuang que sun	3
牙齿漂白术	ya chi piao bai shu	2
牙齿腐蚀	ya chi fu shi	5
牙龈出血	ya yin chu xue	2
牙龈切除术	ya yin qie chu shu	2
牙龈增生	ya yin zeng sheng	5
牙龈炎	ya yin yan	2
牙龈病	ya yin bing	1
牙龈瘘管	ya yin lou guan	3
牙龈瘤	ya yin liu	5
牙龈肿痛	ya yin zhong tong	9
牙龈退缩	ya yin tui suo	5
牛乳钙	niu ru gai	5
牛初乳	niu chu ru	1
牛尾海	niu wei hai	6
牛惠生	niu hui sheng	7
牛疫	niu yi	4
牛痘苗	niu dou miao	3
牛皮癣关节炎	niu pi xuan guan jie yan	3
牛皮癣性关节炎	niu pi xuan xing guan jie yan	3
牛磺熊去氧胆酸	niu huang xiong qu yang dan suan	5
牛磺胆酸	niu huang dan suan	5
牛磺胆酸钠	niu huang dan suan na	2
牛磺酸滴眼液	niu huang suan di yan ye	2
牛磺酸颗粒	niu huang suan ke li	3
牛膝	niu xi	19
牛蒡子	niu bang zi	2
牛蒡根	niu bang gen	4
牛黄上清丸	niu huang shang qing wan	6
牛黄上清片	niu huang shang qing pian	3
牛黄上清胶囊	niu huang shang qing jiao nang	2
牛黄千金散	niu huang qian jin san	3
牛黄消炎丸	niu huang xiao yan wan	3
牛黄消炎灵胶囊	niu huang xiao yan ling jiao nang	2
牛黄消炎片	niu huang xiao yan pian	4
牛黄清心丸	niu huang qing xin wan	2
牛黄清感胶囊	niu huang qing gan jiao nang	3
牛黄清火丸	niu huang qing huo wan	3
牛黄清肺散	niu huang qing fei san	2
牛黄清肺片	niu huang qing fei pian	2
牛黄清胃丸	niu huang qing wei wan	6
牛黄蛇胆川贝液	niu huang she dan chuan bei ye	3
牛黄蛇胆川贝胶囊	niu huang she dan chuan bei jiao nang	4
牛黄解毒片	niu huang jie du pian	8
牛黄解毒胶囊	niu huang jie du jiao nang	2
牛黄解毒软胶囊	niu huang jie du ruan jiao nang	4
牛黄降压丸	niu huang jiang ya wan	4
牛黄降压胶囊	niu huang jiang ya jiao nang	2
牡丹皮	mu dan pi	8
牡荆油胶丸	mu jing you jiao wan	3
牡蛎碳酸钙颗粒	mu li tan suan gai ke li	2
物理医学	wu li yi xue	5
物理因子疗法	wu li yin zi liao fa	3
物理治疗学	wu li zhi liao xue	5
物理疗法	wu li liao fa	1
物种形成	wu zhong xing cheng	21
牵张反射	qian zhang fan she	2
牵拉性视网膜脱离	qian la xing shi wang mo tuo li	4
牵正	qian zheng	3
牵涉痛	qian she tong	4
特克斯和凯科斯群岛	te ke si he kai ke si qun dao	7
特利加压素	te li jia ya su	3
特发性震颤	te fa xing zhen chan	6
特子社复	te zi she fu	3
特布他林	te bu ta lin	1
特应性	te ying xing	2
特应性皮炎	te ying xing pi yan	3
特异性免疫	te yi xing mian yi	3
特异性抗原	te yi xing kang yuan	4
特异质反应	te yi zhi fan ying	2
特拉唑嗪	te la zuo qin	5
特殊检查	te shu jian cha	3
特殊迁移	te shu qian yi	3
特比萘芬	te bi nai fen	1
特灵眼药	te ling yan yao	5
特级护理	te ji hu li	8
特罗凯	te luo kai	1
特非那丁片	te fei na ding pian	2
特非那定	te fei na ding	4
特非那定片	te fei na ding pian	2
犀羚解毒丸	xi ling jie du wan	2
犀角化毒丸	xi jiao hua du wan	2
犀角地黄丸	xi jiao di huang wan	2
犀角地黄汤	xi jiao di huang tang	4
犁骨	li gu	11
犁鼻器	li bi qi	2
犊鼻	du bi	3
犊鼻穴	du bi xue	3
犬钩端螺旋体病	quan gou duan luo xuan ti bing	4
状态焦虑	zhuang tai jiao lv	2
狂犬	kuang quan	14
狂犬疫苗	kuang quan yi miao	21
狂犬病免疫球蛋白	kuang quan bing mian yi qiu dan bai	1
狂犬病毒	kuang quan bing du	15
狂病	kuang bing	1
狐惑病	hu huo bing	2
狗皮膏	gou pi gao	7
狗脊	gou ji	22
独一味	du yi wei	1
独一味咀嚼片	du yi wei ju jue pian	2
独一味胶囊	du yi wei jiao nang	2
独一味软胶囊	du yi wei ruan jiao nang	3
独一味颗粒	du yi wei ke li	2
独参汤	du shen tang	3
独圣活血片	du sheng huo xue pian	4
独活	du huo	22
独活寄生汤	du huo ji sheng tang	4
独特位	du te wei	4
独特型	du te xing	1
独生儿童	du sheng er tong	3
独阴	du yin	3
狭叶红景天	xia ye hong jing tian	1
狭心症	xia xin zheng	2
狭颅症	xia lu zheng	5
狼疮性肾炎	lang chuang xing shen yan	3
狼疮肾炎	lang chuang shen yan	5
猝倒症	cu dao zheng	2
猪殃殃	zhu yang yang	29
猪牙皂	zhu ya zao	2
猪肺磷脂注射液	zhu fei lin zhi zhu she ye	4
猪苓	zhu ling	8
猪苓多糖	zhu ling duo tang	2
猪苓多糖注射液	zhu ling duo tang zhu she ye	2
猪蹄甲	zhu ti jia	4
猪链球菌	zhu lian qiu jun	1
猪链球菌病	zhu lian qiu jun bing	1
猫人参	mao ren shen	2
猫抓病	mao zhua bing	3
猫须草	mao xu cao	1
猴头菌片	hou tou jun pian	4
猴枣	hou zao	21
猴痘	hou dou	4
猴耳环消炎片	hou er huan xiao yan pian	2
猴耳环消炎胶囊	hou er huan xiao yan jiao nang	2
猴菇菌片	hou gu jun pian	3
玄麦甘桔颗粒	xuan mai gan ju ke li	3
率谷	shuai gu	1
玉丹荣心丸	yu dan rong xin wan	2
玉叶清火片	yu ye qing huo pian	4
玉女煎	yu nv jian	3
玉屏风	yu ping feng	6
玉屏风口服液	yu ping feng kou fu ye	4
玉屏风散	yu ping feng san	1
玉屏风滴丸	yu ping feng di wan	2
玉屏风颗粒	yu ping feng ke li	5
玉枕	yu zhen	6
玉枕穴	yu zhen xue	2
玉泉丸	yu quan wan	2
玉竹	yu zhu	3
王不留行	wang bu liu xing	6
王世真	wang shi zhen	3
王冰	wang bing	22
王卫平	wang wei ping	6
王台	wang tai	44
王振义	wang zhen yi	2
王旭高	wang xu gao	2
王朴诚	wang pu cheng	2
王氏保赤丸	wang shi bao chi wan	4
王氏连朴饮	wang shi lian pu yin	3
王焘	wang tao	10
王肯堂	wang ken tang	3
玫瑰疹	mei gui zhen	3
玫瑰糠疹	mei gui kang zhen	1
玫瑰花结	mei gui hua jie	4
环丙孕酮	huan bing yun tong	3
环丙氟哌酸	huan bing fu pai suan	2
环丙沙星	huan bing sha xing	10
环丙沙星注射液	huan bing sha xing zhu she ye	3
环丙沙星滴眼液	huan bing sha xing di yan ye	2
环丙沙星片	huan bing sha xing pian	2
环丝氨酸	huan si an suan	4
环境卫生学	huan jing wei sheng xue	12
环孢素	huan bao su	13
环孢素胶囊	huan bao su jiao nang	4
环孢素软胶囊	huan bao su ruan jiao nang	5
环孢菌素	huan bao jun su	3
环己胺	huan ji an	6
环己酮	huan ji tong	11
环形红斑	huan xing hong ban	3
环指	huan zhi	1
环枢	huan shu	5
环氧乙烷	huan yang yi wan	27
环氧化酶	huan yang hua mei	5
环状胰腺	huan zhuang yi xian	2
环状软骨	huan zhuang ruan gu	17
环磷腺苷注射液	huan lin xian gan zhu she ye	5
环磷酰胺	huan lin xian an	16
环磷酰胺注射液	huan lin xian an zhu she ye	4
环磷酸鸟苷	huan lin suan niao gan	7
环腺苷酸	huan xian gan suan	6
环跳	huan tiao	2
环转	huan zhuan	1
环酯红霉素	huan zhi hong mei su	3
环酯红霉素片	huan zhi hong mei su pian	2
现代医学模式	xian dai yi xue mo shi	6
现代口腔种植学	xian dai kou qiang zhong zhi xue	3
现况调查	xian kuang diao cha	2
现场研究	xian chang yan jiu	11
现存量	xian cun liang	6
玻璃体出血	bo li ti chu xue	6
玻璃体切割术	bo li ti qie ge shu	6
玻璃体变性	bo li ti bian xing	4
玻璃体液	bo li ti ye	2
玻璃体液化	bo li ti ye hua	5
玻璃体混浊	bo li ti hun zhuo	1
玻璃体病	bo li ti bing	2
玻璃体积血	bo li ti ji xue	6
玻璃化	bo li hua	25
玻璃离子水门汀	bo li li zi shui men ting	2
玻璃膜疣	bo li mo you	5
玻璃酸酶	bo li suan mei	3
玻璃酸钠	bo li suan na	1
玻璃酸钠滴眼液	bo li suan na di yan ye	3
珊瑚七十味丸	shan hu qi shi wei wan	3
珊瑚姜	shan hu jiang	1
珍合灵片	zhen he ling pian	2
珍宝丸	zhen bao wan	4
珍珠层粉	zhen zhu ceng fen	5
珍珠明目滴眼液	zhen zhu ming mu di yan ye	4
珍珠母	zhen zhu mu	36
珍珠活络二十九味丸	zhen zhu huo luo er shi jiu wei wan	4
珍珠粉	zhen zhu fen	9
珍珠粉胶囊	zhen zhu fen jiao nang	3
珍珠芦荟	zhen zhu lu hui	3
珍红颗粒	zhen hong ke li	3
珍芪降糖胶囊	zhen qi jiang tang jiao nang	4
珍视明滴眼液	zhen shi ming di yan ye	4
珍香胶囊	zhen xiang jiao nang	3
珠子参	zhu zi shen	2
班布特罗	ban bu te luo	4
班氏丝虫病	ban shi si chong bing	3
球囊	qiu nang	40
球囊扩张导管	qiu nang kuo zhang dao guan	5
球囊斑	qiu nang ban	2
球孢子菌病	qiu bao zi jun bing	5
球旁细胞	qiu pang xi bao	2
球结膜	qiu jie mo	3
球麻痹	qiu ma bi	3
理中丸	li zhong wan	3
理性情绪疗法	li xing qing xu liao fa	3
理气舒心片	li qi shu xin pian	4
理论心理学	li lun xin li xue	2
理论生物学	li lun sheng wu xue	4
琥乙红霉素	hu yi hong mei su	5
琥乙红霉素片	hu yi hong mei su pian	3
琥乙红霉素胶囊	hu yi hong mei su jiao nang	2
琥珀氯霉素	hu po lv mei su	2
琥珀胆碱	hu po dan jian	5
琥珀还睛丸	hu po huan jing wan	2
琥珀酰明胶注射液	hu po xian ming jiao zhu she ye	4
琥珀酸	hu po suan	15
琥珀酸亚铁	hu po suan ya tie	2
琥珀酸氧化酶	hu po suan yang hua mei	2
琥珀酸美托洛尔	hu po suan mei tuo luo er	2
琥珀酸美托洛尔缓释片	hu po suan mei tuo luo er huan shi pian	3
琼玉膏	qiong yu gao	4
琼脂糖	qiong zhi tang	2
琼脂糖凝胶电泳	qiong zhi tang ning jiao dian yong	2
瑞像岩	rui xiang yan	2
瑞巴派特	rui ba pai te	3
瑞格列奈	rui ge lie nai	5
瑞格列奈片	rui ge lie nai pian	3
瑞舒伐他汀钙	rui shu fa ta ting gai	2
瑞芬太尼	rui fen tai ni	4
瑞贝克	rui bei ke	6
璇玑	xuan ji	23
瓜子金	gua zi jin	3
瓜氨酸	gua an suan	6
瓜蒌仁	gua lou ren	4
瓜蒌薤白半夏汤	gua lou xie bai ban xia tang	2
瓜蒌薤白白酒汤	gua lou xie bai bai jiu tang	2
瓜霜退热灵胶囊	gua shuang tui re ling jiao nang	4
瓣膜性心脏病	ban mo xing xin zang bing	1
瓣膜成形术	ban mo cheng xing shu	4
瓣膜置换术	ban mo zhi huan shu	1
瓦松	wa song	29
瓦楞子	wa leng zi	3
瓷牙	ci ya	10
瓷贴面	ci tie mian	1
甘利欣	gan li xin	4
甘松	gan song	35
甘桔冰梅片	gan ju bing mei pian	3
甘油三脂	gan you san zhi	7
甘油三酯	gan you san zhi	11
甘油果糖	gan you guo tang	4
甘油灌肠剂	gan you guan chang ji	2
甘油醇溶液	gan you chun rong ye	2
甘精胰岛素	gan jing yi dao su	6
甘精胰岛素注射液	gan jing yi dao su zhu she ye	3
甘草干姜茯苓白术汤	gan cao gan jiang fu ling bai zhu tang	2
甘草次酸	gan cao ci suan	10
甘草泻心汤	gan cao xie xin tang	3
甘草流浸膏	gan cao liu jin gao	4
甘草浸膏	gan cao jin gao	5
甘草片	gan cao pian	8
甘草甜素	gan cao tian su	2
甘草酸二钠	gan cao suan er na	2
甘草酸二钾	gan cao suan er jia	3
甘草酸二铵	gan cao suan er an	2
甘草酸二铵注射液	gan cao suan er an zhu she ye	2
甘草酸二铵胶囊	gan cao suan er an jiao nang	3
甘草酸单铵	gan cao suan dan an	3
甘草酸单铵盐	gan cao suan dan an yan	3
甘草酸苷	gan cao suan gan	3
甘草锌颗粒	gan cao xin ke li	3
甘薯	gan shu	44
甘遂	gan sui	3
甘露消毒丸	gan lu xiao du wan	3
甘露消毒丹	gan lu xiao du dan	4
甘露消渴胶囊	gan lu xiao ke jiao nang	4
甘露糖	gan lu tang	17
甘露糖苷酶	gan lu tang gan mei	3
甘露聚糖肽	gan lu ju tang tai	1
甘露聚糖肽口服液	gan lu ju tang tai kou fu ye	3
甘露聚糖肽口服溶液	gan lu ju tang tai kou fu rong ye	4
甘露聚糖肽片	gan lu ju tang tai pian	2
甘露醇	gan lu chun	19
甘露醇注射液	gan lu chun zhu she ye	4
甘麦大枣汤	gan mai da zao tang	6
甜地丁	tian di ding	3
甜菊苷	tian ju gan	2
甜菜碱	tian cai jian	1
生三七散	sheng san qi san	2
生前伤	sheng qian shang	1
生力胶囊	sheng li jiao nang	4
生化丸	sheng hua wan	3
生化反应	sheng hua fan ying	11
生化汤	sheng hua tang	5
生化药物	sheng hua yao wu	4
生发中心	sheng fa zhong xin	3
生命体征	sheng ming ti zheng	29
生命活动	sheng ming huo dong	9
生命质量	sheng ming zhi liang	1
生地	sheng di	10
生地黄	sheng di huang	1
生大黄	sheng dai huang	7
生天南星	sheng tian nan xing	3
生姜油	sheng jiang you	3
生姜泻心汤	sheng jiang xie xin tang	2
生存值	sheng cun zhi	2
生态群	sheng tai qun	3
生态遗传学	sheng tai yi chuan xue	2
生晒参	sheng shai shen	7
生橡胶	sheng xiang jiao	1
生殖免疫学	sheng zhi mian yi xue	1
生殖器疱疹	sheng zhi qi pao zhen	5
生殖细胞	sheng zhi xi bao	27
生殖细胞瘤	sheng zhi xi bao liu	8
生殖行为	sheng zhi xing wei	1
生活事件	sheng huo shi jian	13
生活事件量表	sheng huo shi jian liang biao	2
生活力	sheng huo li	3
生物利用度	sheng wu li yong du	31
生物制剂	sheng wu zhi ji	45
生物制药工艺学	sheng wu zhi yao gong yi xue	2
生物化学检验	sheng wu hua xue jian yan	3
生物医学模式	sheng wu yi xue mo shi	6
生物反应器	sheng wu fan ying qi	3
生物反馈	sheng wu fan kui	7
生物反馈法	sheng wu fan kui fa	2
生物反馈疗法	sheng wu fan kui liao fa	4
生物因素	sheng wu yin su	6
生物安全柜	sheng wu an quan gui	1
生物心理学	sheng wu xin li xue	6
生物性传播	sheng wu xing chuan bo	3
生物技术制药	sheng wu ji shu zhi yao	2
生物敷料	sheng wu fu liao	1
生物材料学	sheng wu cai liao xue	5
生物等效性	sheng wu deng xiao xing	2
生物素缺乏	sheng wu su que fa	1
生物节律	sheng wu jie lv	4
生物药剂学	sheng wu yao ji xue	2
生物转化	sheng wu zhuan hua	16
生物陶瓷	sheng wu tao ci	5
生狼毒	sheng lang du	4
生理反射	sheng li fan she	2
生理心理学	sheng li xin li xue	3
生理性飞蚊症	sheng li xing fei wen zheng	3
生理氯化钠溶液	sheng li lv hua na rong ye	3
生石膏	sheng shi gao	8
生精上皮	sheng jing shang pi	2
生精细胞	sheng jing xi bao	6
生精胶囊	sheng jing jiao nang	4
生肌玉红膏	sheng ji yu hong gao	3
生脉	sheng mai	6
生脉散	sheng mai san	6
生脉注射液	sheng mai zhu she ye	7
生脉胶囊	sheng mai jiao nang	2
生脉饮	sheng mai yin	6
生脉饮口服液	sheng mai yin kou fu ye	4
生药学	sheng yao xue	14
生蒲黄	sheng pu huang	4
生薏米	sheng yi mi	6
生长发育	sheng zhang fa yu	26
生长抑素	sheng zhang yi su	5
生长期脱发	sheng zhang qi tuo fa	4
生长激素	sheng zhang ji su	37
生长激素缺乏症	sheng zhang ji su que fa zheng	1
生长迟缓	sheng zhang chi huan	5
生马钱子	sheng ma qian zi	3
用药安全	yong yao an quan	3
田七痛经胶囊	tian qi tong jing jiao nang	2
田七花叶颗粒	tian qi hua ye ke li	2
田七补丸	tian qi bu wan	4
田基黄	tian ji huang	1
甲卡西酮	jia ka xi tong	4
甲周炎	jia zhou yan	2
甲地孕酮	jia di yun tong	4
甲型副伤寒	jia xing fu shang han	6
甲型病毒性肝炎	jia xing bing du xing gan yan	7
甲型肝炎减毒活疫苗	jia xing gan yan jian du huo yi miao	4
甲型肝炎灭活疫苗	jia xing gan yan mie huo yi miao	1
甲型肝炎病毒	jia xing gan yan bing du	1
甲基丙二酸尿症	jia ji bing er suan niao zheng	2
甲基丙烯酸酯	jia ji bing xi suan zhi	3
甲基吡咯烷酮	jia ji bi luo wan tong	5
甲基吡啶	jia ji bi ding	47
甲基吲哚	jia ji yin duo	1
甲基咪唑	jia ji mi zuo	22
甲基多巴	jia ji duo ba	8
甲基多巴片	jia ji duo ba pian	3
甲基己胺	jia ji ji an	1
甲基睾丸素	jia ji gao wan su	4
甲基睾丸酮	jia ji gao wan tong	1
甲基硫氧嘧啶	jia ji liu yang mi ding	3
甲基纤维素	jia ji xian wei su	1
甲基组氨酸	jia ji zu an suan	2
甲基苄肼	jia ji bian jing	1
甲基苯丙氨酸	jia ji ben bing an suan	2
甲基转移酶	jia ji zhuan yi mei	11
甲基麻黄碱	jia ji ma huang jian	4
甲基黄嘌呤	jia ji huang piao ling	4
甲壳蓝蛋白	jia qiao lan dan bai	2
甲巯咪唑	jia qiu mi zuo	12
甲巯咪唑片	jia qiu mi zuo pian	7
甲床	jia chuang	6
甲强龙	jia qiang long	6
甲氟喹	jia fu kui	2
甲氧氯普胺片	jia yang lv pu an pian	2
甲氧苄啶	jia yang bian ding	2
甲氧西林	jia yang xi lin	31
甲氨喋呤	jia an die ling	4
甲氨蝶呤	jia an die ling	10
甲氨蝶呤片	jia an die ling pian	4
甲氰咪胍	jia qing mi gua	4
甲泼尼龙	jia po ni long	3
甲泼尼龙片	jia po ni long pian	2
甲状	jia zhuang	23
甲状旁腺	jia zhuang pang xian	4
甲状旁腺功能亢进	jia zhuang pang xian gong neng kang jin	2
甲状旁腺功能减退症	jia zhuang pang xian gong neng jian tui zheng	3
甲状旁腺机能减退	jia zhuang pang xian ji neng jian tui	1
甲状旁腺激素	jia zhuang pang xian ji su	4
甲状腺上动脉	jia zhuang xian shang dong mai	3
甲状腺切除术	jia zhuang xian qie chu shu	9
甲状腺功能减退	jia zhuang xian gong neng jian tui	5
甲状腺危象	jia zhuang xian wei xiang	2
甲状腺囊肿	jia zhuang xian nang zhong	6
甲状腺恶性肿瘤	jia zhuang xian e xing zhong liu	3
甲状腺次全切除术	jia zhuang xian ci quan qie chu shu	4
甲状腺毒症	jia zhuang xian du zheng	15
甲状腺激素	jia zhuang xian ji su	26
甲状腺炎	jia zhuang xian yan	24
甲状腺片	jia zhuang xian pian	4
甲状腺球蛋白	jia zhuang xian qiu dan bai	7
甲状腺球蛋白抗体	jia zhuang xian qiu dan bai kang ti	5
甲状腺病	jia zhuang xian bing	7
甲状腺癌	jia zhuang xian ai	42
甲状腺粉	jia zhuang xian fen	3
甲状腺素	jia zhuang xian su	37
甲状腺结节	jia zhuang xian jie jie	18
甲状腺腺瘤	jia zhuang xian xian liu	2
甲状腺钙化	jia zhuang xian gai hua	3
甲状舌管囊肿	jia zhuang she guan nang zhong	3
甲状软骨	jia zhuang ruan gu	23
甲癣	jia xuan	4
甲睾酮	jia gao tong	20
甲睾酮片	jia gao tong pian	2
甲砜霉素	jia feng mei su	3
甲砜霉素肠溶片	jia feng mei su chang rong pian	3
甲砜霉素胶囊	jia feng mei su jiao nang	5
甲硝唑	jia xiao zuo	7
甲硝唑口颊片	jia xiao zuo kou jia pian	2
甲硝唑含漱液	jia xiao zuo han shu ye	2
甲硝唑棒	jia xiao zuo bang	3
甲硝唑注射液	jia xiao zuo zhu she ye	4
甲硝唑溶液	jia xiao zuo rong ye	3
甲硝唑片	jia xiao zuo pian	6
甲硝唑缓释片	jia xiao zuo huan shi pian	3
甲硝唑胶囊	jia xiao zuo jiao nang	3
甲硝唑芬布芬胶囊	jia xiao zuo fen bu fen jiao nang	3
甲硝唑葡萄糖注射液	jia xiao zuo pu tao tang zhu she ye	2
甲硝唑阴道泡腾片	jia xiao zuo yin dao pao teng pian	3
甲硝唑霜	jia xiao zuo shuang	2
甲硫氨酸	jia liu an suan	28
甲磺酸伊马替尼	jia huang suan yi ma ti ni	1
甲磺酸培氟沙星	jia huang suan pei fu sha xing	3
甲磺酸帕珠沙星	jia huang suan pa zhu sha xing	4
甲磺酸帕珠沙星注射液	jia huang suan pa zhu sha xing zhu she ye	2
甲磺酸酚妥拉明	jia huang suan fen tuo la ming	3
甲磺酸酚妥拉明分散片	jia huang suan fen tuo la ming fen san pian	2
甲磺酸酚妥拉明注射液	jia huang suan fen tuo la ming zhu she ye	4
甲福明	jia fu ming	4
甲类传染病	jia lei chuan ran bing	17
甲紫	jia zi	4
甲羟孕酮	jia qiang yun tong	1
甲羟孕酮片	jia qiang yun tong pian	3
甲肝减毒活疫苗	jia gan jian du huo yi miao	7
甲肝疫苗	jia gan yi miao	6
甲胎蛋白	jia tai dan bai	1
甲胺磷	jia an lin	2
甲芬那酸	jia fen na suan	1
甲苯中毒	jia ben zhong du	3
甲苯咪唑	jia ben mi zuo	2
甲苯咪唑咀嚼片	jia ben mi zuo ju jue pian	3
甲苯磺丁脲	jia ben huang ding niao	1
甲苯磺丁脲片	jia ben huang ding niao pian	3
甲苯磺酸妥舒沙星片	jia ben huang suan tuo shu sha xing pian	2
甲苯胺	jia ben an	5
甲苯达唑	jia ben da zuo	3
甲营养不良	jia ying yang bu liang	1
甲酚	jia fen	20
甲酚皂溶液	jia fen zao rong ye	1
甲醇中毒	jia chun zhong du	12
甲醛溶液	jia quan rong ye	2
甲钴胺	jia gu an	4
甲钴胺片	jia gu an pian	3
甲钴胺胶囊	jia gu an jiao nang	3
甲骨	jia gu	37
申脉	shen mai	2
电休克	dian xiu ke	6
电休克治疗	dian xiu ke zhi liao	6
电休克疗法	dian xiu ke liao fa	1
电击伤	dian ji shang	2
电子俘获	dian zi fu huo	3
电子染色	dian zi ran se	2
电子睡眠仪	dian zi shui mian yi	4
电子耳蜗植入术	dian zi er wo zhi ru shu	2
电工与电子技术	dian gong yu dian zi ji shu	3
电泳法	dian yong fa	3
电渗析	dian shen xi	8
电渗析法	dian shen xi fa	4
电灼术	dian zhuo shu	4
电烙术	dian lao shu	2
电烧伤	dian shao shang	6
电焊工尘肺	dian han gong chen fei	5
电疗法	dian liao fa	5
电磁流量计	dian ci liu liang ji	5
电离作用	dian li zuo yong	1
电离辐射	dian li fu she	43
电穿孔	dian chuan kong	12
电突触	dian tu chu	3
电解质紊乱	dian jie zhi wen luan	2
电诊断	dian zhen duan	1
男儿本色	nan er ben se	18
男宝胶囊	nan bao jiao nang	4
男性不育症	nan xing bu yu zheng	9
男性假两性畸形	nan xing jia liang xing ji xing	6
男性型秃发	nan xing xing tu fa	3
男性女性化	nan xing nv xing hua	5
男性尿道	nan xing niao dao	2
男性性功能障碍	nan xing xing gong neng zhang ai	1
男性更年期综合征	nan xing geng nian qi zong he zheng	5
男性更年期综合症	nan xing geng nian qi zong he zheng	3
男性生殖系统	nan xing sheng zhi xi tong	7
甾类化合物	zai lei hua he wu	3
番木瓜碱	fan mu gua jian	4
番泻叶	fan xie ye	8
番石榴叶	fan shi liu ye	1
番茄汁	fan qie zhi	17
畸形学	ji xing xue	5
畸形性骨炎	ji xing xing gu yan	2
畸形足	ji xing zu	6
畸胎瘤	ji tai liu	3
疏松结缔组织	shu song jie di zu zhi	6
疏痛安涂膜剂	shu tong an tu mo ji	3
疏血通	shu xue tong	5
疏血通注射液	shu xue tong zhu she ye	5
疏风再造丸	shu feng zai zao wan	2
疏风定痛丸	shu feng ding tong wan	4
疑病症	yi bing zheng	8
疖病	jie bing	1
疖病疫苗	jie bing yi miao	3
疖肿	jie zhong	4
疗癣卡西甫散	liao xuan ka xi fu san	4
疝修补术	shan xiu bu shu	1
疝内容物	shan nei rong wu	6
疝囊	shan nang	6
疝立消	shan li xiao	6
疣状	you zhuang	11
疣状痣	you zhuang zhi	3
疣状胃炎	you zhuang wei yan	3
疣状表皮发育不良	you zhuang biao pi fa yu bu liang	4
疤痕体质	ba hen ti zhi	7
疤痕增生	ba hen zeng sheng	8
疫情监测	yi qing jian ce	6
疫水	yi shui	1
疫源地	yi yuan di	2
疫源地消毒	yi yuan di xiao du	5
疫点	yi dian	5
疫苗注射	yi miao zhu she	28
疮疡	chuang yang	5
疰夏	zhu xia	7
疱疹性咽峡炎	pao zhen xing yan xia yan	8
疱疹性结膜炎	pao zhen xing jie mo yan	2
疱疹性脑膜炎	pao zhen xing nao mo yan	2
疱疹样皮炎	pao zhen yang pi yan	2
疲劳综合征	pi lao zong he zheng	2
疲劳骨折	pi lao gu zhe	4
疳病	gan bing	2
疼痛门诊	teng tong men zhen	6
疼痛难忍	teng tong nan ren	3
疾病控制中心	ji bing kong zhi zhong xin	15
疾病监测	ji bing jian ce	19
痄腮	zha sai	1
病例对照研究	bing li dui zhao yan jiu	7
病原学	bing yuan xue	10
病原携带者	bing yuan xie dai zhe	9
病原生物学	bing yuan sheng wu xue	12
病因学	bing yin xue	7
病媒生物	bing mei sheng wu	1
病态人格	bing tai ren ge	7
病机	bing ji	6
病死率	bing si lv	23
病毒受体	bing du shou ti	1
病毒唑	bing du zuo	1
病毒基因组	bing du ji yin zu	33
病毒性出血热	bing du xing chu xue re	5
病毒性咽炎	bing du xing yan yan	3
病毒性心肌炎	bing du xing xin ji yan	9
病毒性感冒	bing du xing gan mao	10
病毒性疾病	bing du xing ji bing	31
病毒性皮疹	bing du xing pi zhen	3
病毒性结膜炎	bing du xing jie mo yan	2
病毒性肝炎	bing du xing gan yan	38
病毒性肠炎	bing du xing chang yan	2
病毒性肺炎	bing du xing fei yan	45
病毒性胃肠炎	bing du xing wei chang yan	1
病毒性脑膜炎	bing du xing nao mo yan	2
病毒性角膜炎	bing du xing jiao mo yan	7
病毒抗体	bing du kang ti	9
病毒携带者	bing du xie dai zhe	16
病毒病	bing du bing	35
病毒粒子	bing du li zi	10
病毒血症	bing du xue zheng	5
病毒载体	bing du zai ti	44
病毒载量	bing du zai liang	11
病毒遗传学	bing du yi chuan xue	2
病理反射	bing li fan she	4
病理学与病理生理学	bing li xue yu bing li sheng li xue	5
病理学基础	bing li xue ji chu	2
病理形态学	bing li xing tai xue	5
病理性偷窃	bing li xing tou qie	5
病理性赌博	bing li xing du bo	4
病理性骨折	bing li xing gu zhe	8
病理检验技术	bing li jian yan ji shu	3
病理生理学	bing li sheng li xue	39
病理解剖学	bing li jie pou xue	7
病理过程	bing li guo cheng	5
症状性癫痫	zheng zhuang xing dian xian	5
痉挛性偏瘫	jing luan xing pian tan	3
痉挛性截瘫	jing luan xing jie tan	5
痉挛性瘫痪	jing luan xing tan huan	5
痉挛性睑内翻	jing luan xing jian nei fan	3
痒点	yang dian	7
痒疹	yang zhen	5
痔环切术	zhi huan qie shu	3
痔疮栓	zhi chuang shuan	4
痔疮止血颗粒	zhi chuang zhi xue ke li	4
痔疮胶囊	zhi chuang jiao nang	2
痔疮膏	zhi chuang gao	6
痔疾洗液	zhi ji xi ye	2
痔血胶囊	zhi xue jiao nang	3
痕量元素	hen liang yuan su	2
痘病毒	dou bing du	15
痛如针刺	tong ru zhen ci	3
痛性痉挛	tong xing jing luan	2
痛泻要方	tong xie yao fang	3
痛经软膏	tong jing ruan gao	2
痛舒胶囊	tong shu jiao nang	3
痛觉过敏	tong jue guo min	2
痛阈	tong yu	2
痛风定片	tong feng ding pian	4
痛风性关节炎	tong feng xing guan jie yan	4
痛风性肾病	tong feng xing shen bing	1
痛风石	tong feng shi	4
痛风舒胶囊	tong feng shu jiao nang	4
痞满	pi man	6
痢特灵片	li te ling pian	3
痰厥	tan jue	4
痰咳净	tan ke jing	5
痰咳净片	tan ke jing pian	3
痰多	tan duo	10
痰浊中阻	tan zhuo zhong zu	3
痰湿	tan shi	10
痰热清	tan re qing	6
痰热清注射液	tan re qing zhu she ye	7
痰热证	tan re zheng	2
痰瘀互结证	tan yu hu jie zheng	2
痰迷心窍	tan mi xin qiao	3
痰饮	tan yin	6
痹病	bi bing	4
痹痛	bi tong	2
痹痛宁胶囊	bi tong ning jiao nang	4
痹证	bi zheng	1
痿躄	wei bi	2
瘀斑	yu ban	5
瘀点	yu dian	10
瘀血阻络证	yu xue zu luo zheng	3
瘘管	lou guan	34
瘙痒病	sao yang bing	4
瘢痕体质	ban hen ti zhi	7
瘢痕性睑内翻	ban hen xing jian nei fan	2
瘢痕性脱发	ban hen xing tuo fa	3
瘢痕疙瘩	ban hen ge da	6
瘢痕癌	ban hen ai	4
瘢痕组织	ban hen zu zhi	7
瘤胃	liu wei	15
瘤胃微生物	liu wei wei sheng wu	3
瘭疽	biao ju	1
瘿病	ying bing	4
癃闭	long bi	5
癃闭舒片	long bi shu pian	2
癃闭舒胶囊	long bi shu jiao nang	3
癌前病变	ai qian bing bian	5
癌基因	ai ji yin	14
癌性发热	ai xing fa re	3
癌胚抗原	ai pei kang yuan	3
癔症	yi zheng	3
癔症性精神病	yi zheng xing jing shen bing	5
癣病	xuan bing	6
癣药水	xuan yao shui	3
癣菌疹	xuan jun zhen	2
癫病	dian bing	4
癫痫大发作	dian xian da fa zuo	6
癫痫小发作	dian xian xiao fa zuo	4
癫痫性精神障碍	dian xian xing jing shen zhang ai	4
癫痫持续状态	dian xian chi xu zhuang tai	1
登革出血热	deng ge chu xue re	2
登革热病毒	deng ge re bing du	4
白三烯	bai san xi	31
白介素	bai jie su	13
白内障囊内摘除术	bai nei zhang nang nei zhai chu shu	4
白内障囊外摘除术	bai nei zhang nang wai zhai chu shu	4
白凡士林	bai fan shi lin	4
白前	bai qian	6
白加黑	bai jia hei	12
白化症	bai hua zheng	17
白参	bai shen	10
白喉抗毒素	bai hou kang du su	7
白喉棒状杆菌	bai hou bang zhuang gan jun	2
白喉病	bai hou bing	3
白喉类毒素	bai hou lei du su	1
白垢	bai gou	6
白垩土	bai e tu	2
白垩色	bai e se	1
白头粉刺	bai tou fen ci	5
白头翁加甘草阿胶汤	bai tou weng jia gan cao e jiao tang	2
白头翁汤	bai tou weng tang	4
白屈菜	bai qu cai	6
白带净胶囊	bai dai jing jiao nang	2
白带异常	bai dai yi chang	8
白念珠菌	bai nian zhu jun	3
白扁豆	bai bian dou	9
白敬宇眼药	bai jing yu yan yao	2
白晕	bai yun	3
白术	bai zhu	7
白术散	bai zhu san	2
白果内酯	bai guo nei zhi	4
白树油	bai shu you	3
白毛舌	bai mao she	4
白毛藤	bai mao teng	2
白消安	bai xiao an	3
白点病	bai dian bing	2
白癜风胶囊	bai dian feng jiao nang	5
白石清热颗粒	bai shi qing re ke li	2
白石英	bai shi ying	1
白破	bai po	1
白破疫苗	bai po yi miao	7
白纹伊蚊	bai wen yi wen	1
白线疝	bai xian shan	4
白细胞介素	bai xi bao jie su	48
白细胞减少	bai xi bao jian shao	13
白细胞凝集素	bai xi bao ning ji su	3
白细胞增多	bai xi bao zeng duo	1
白细胞计数	bai xi bao ji shu	7
白细辛	bai xi xin	2
白脉软膏	bai mai ruan gao	2
白腻	bai ni	1
白舒非	bai shu fei	5
白色糠疹	bai se kang zhen	2
白色血栓	bai se xue shuan	5
白芍总苷胶囊	bai shao zong gan jiao nang	3
白芥子	bai jie zi	2
白芨	bai ji	5
白花油	bai hua you	1
白花油麻藤	bai hua you ma teng	1
白花蛇	bai hua she	5
白花蛇舌草	bai hua she she cao	6
白若杂纳	bai ruo za na	7
白茅根	bai mao gen	3
白莲洞公园	bai lian dong gong yuan	1
白蒺藜	bai ji li	6
白蔹	bai lian	4
白蔻	bai kou	5
白薇	bai wei	10
白藜芦醇	bai li lu chun	5
白藤湖	bai teng hu	6
白虎加人参汤	bai hu jia ren shen tang	3
白虎汤	bai hu tang	2
白蚁巢	bai yi chao	1
白蛋白	bai dan bai	28
白血病病毒	bai xue bing bing du	3
白豆蔻	bai dou kou	2
白质	bai zhi	34
白通汤	bai tong tang	3
白附片	bai fu pian	3
白降丹	bai jiang dan	4
白霜	bai shuang	18
白首乌	bai shou wu	5
白鲜皮	bai xian pi	3
白鸽巢公园	bai ge chao gong yuan	3
百乐眠胶囊	bai le mian jiao nang	3
百令胶囊	bai ling jiao nang	5
百会	bai hui	8
百会穴	bai hui xue	1
百分等级	bai fen deng ji	1
百劳	bai lao	2
百合固金丸	bai he gu jin wan	3
百合固金汤	bai he gu jin tang	4
百咳静糖浆	bai ke jing tang jiang	2
百多邦	bai duo bang	7
百年乐	bai nian le	3
百日咳杆菌	bai ri ke gan jun	5
百日咳菌苗	bai ri ke jun miao	3
百服宁	bai fu ning	8
百消丹	bai xiao dan	3
百病不生	bai bing bu sheng	6
百癣夏塔热片	bai xuan xia ta re pian	3
百癣夏塔热胶囊	bai xuan xia ta re jiao nang	2
百白破	bai bai po	3
百白破三联疫苗	bai bai po san lian yi miao	2
百白破疫苗	bai bai po yi miao	18
百白破联合疫苗	bai bai po lian he yi miao	3
百秋李醇	bai qiu li chun	2
百草霜	bai cao shuang	4
百蕊胶囊	bai rui jiao nang	2
百蕊草	bai rui cao	30
百虫窝	bai chong wo	2
皂刺	zao ci	5
皂化	zao hua	13
皂化值	zao hua zhi	1
皂苷	zao gan	18
皮下出血点	pi xia chu xue dian	5
皮下囊肿	pi xia nang zhong	4
皮下注射	pi xia zhu she	23
皮下结节	pi xia jie jie	4
皮下血肿	pi xia xue zhong	8
皮亚杰学派	pi ya jie xue pai	2
皮内注射	pi nei zhu she	2
皮内痣	pi nei zhi	5
皮库	pi ku	38
皮康王	pi kang wang	5
皮样囊肿	pi yang nang zhong	2
皮水	pi shui	6
皮炎平软膏	pi yan ping ruan gao	4
皮炎平霜	pi yan ping shuang	4
皮炎洗剂	pi yan xi ji	3
皮炎芽生菌	pi yan ya sheng jun	5
皮特克恩岛	pi te ke en dao	2
皮瓣	pi ban	6
皮瓣移植	pi ban yi zhi	3
皮瓣移植术	pi ban yi zhi shu	5
皮痛	pi tong	2
皮痹	pi bi	2
皮癣	pi xuan	49
皮管	pi guan	4
皮纹	pi wen	3
皮纹学	pi wen xue	1
皮肌炎	pi ji yan	22
皮肤免疫系统	pi fu mian yi xi tong	2
皮肤再生不良	pi fu zai sheng bu liang	2
皮肤出血点	pi fu chu xue dian	5
皮肤划痕症	pi fu hua hen zheng	4
皮肤原位癌	pi fu yuan wei ai	2
皮肤性病学	pi fu xing bing xue	2
皮肤感染	pi fu gan ran	9
皮肤松垂	pi fu song chui	4
皮肤松弛症	pi fu song chi zheng	5
皮肤淋巴细胞瘤	pi fu lin ba xi bao liu	2
皮肤溃疡	pi fu kui yang	14
皮肤炭疽	pi fu tan ju	3
皮肤疣	pi fu you	1
皮肤病学	pi fu bing xue	8
皮肤病血毒丸	pi fu bing xue du wan	4
皮肤癌	pi fu ai	34
皮肤癣菌病	pi fu xuan jun bing	3
皮肤真菌病	pi fu zhen jun bing	1
皮肤磨削术	pi fu mo xiao shu	4
皮肤科用药	pi fu ke yong yao	5
皮肤移植	pi fu yi zhi	9
皮肤移植术	pi fu yi zhi shu	4
皮肤粘膜	pi fu zhan mo	2
皮肤纤维瘤	pi fu xian wei liu	1
皮肤结核	pi fu jie he	4
皮肤肿瘤	pi fu zhong liu	4
皮肤色素	pi fu se su	7
皮肤色素沉着	pi fu se su chen zhuo	7
皮肤萎缩	pi fu wei suo	3
皮肤蝇蛆病	pi fu ying qu bing	3
皮肤行为症	pi fu xing wei zheng	2
皮肤附属器	pi fu fu shu qi	2
皮肤黏膜	pi fu nian mo	9
皮肤黑热病	pi fu hei re bing	3
皮脂缺乏症	pi zhi que fa zheng	2
皮脂腺	pi zhi xian	14
皮脂腺囊肿	pi zhi xian nang zhong	5
皮脂腺增生	pi zhi xian zeng sheng	1
皮脂腺痣	pi zhi xian zhi	5
皮脂腺癌	pi zhi xian ai	3
皮角	pi jiao	5
皮质性白内障	pi zhi xing bai nei zhang	3
皮质激素	pi zhi ji su	6
皮质盲	pi zhi mang	4
皮质素	pi zhi su	14
皮革样化	pi ge yang hua	4
皮革胃	pi ge wei	4
皱缩	zhou suo	9
皱襞	zhou bi	10
盂肱关节	yu gong guan jie	2
盂肱韧带	yu gong ren dai	3
盆炎净片	pen yan jing pian	2
盆炎净胶囊	pen yan jing jiao nang	7
盆炎净颗粒	pen yan jing ke li	2
盆腔囊肿	pen qiang nang zhong	9
盆腔脓肿	pen qiang nong zhong	6
益元散	yi yuan san	3
益坤宁颗粒	yi kun ning ke li	2
益寿大补酒	yi shou da bu jiu	2
益寿宁	yi shou ning	2
益心舒片	yi xin shu pian	2
益心舒胶囊	yi xin shu jiao nang	3
益心酮分散片	yi xin tong fen san pian	2
益心酮片	yi xin tong pian	2
益智仁	yi zhi ren	7
益智康脑丸	yi zhi kang nao wan	4
益智温肾十味丸	yi zhi wen shen shi wei wan	4
益母草冲剂	yi mu cao chong ji	3
益母草流浸膏	yi mu cao liu jin gao	3
益母草片	yi mu cao pian	3
益母草碱	yi mu cao jian	3
益母草胶囊	yi mu cao jiao nang	3
益母草膏	yi mu cao gao	4
益母草软胶囊	yi mu cao ruan jiao nang	3
益母草颗粒	yi mu cao ke li	5
益气健脾	yi qi jian pi	8
益气养血口服液	yi qi yang xue kou fu ye	4
益气安神	yi qi an shen	6
益气活血	yi qi huo xue	1
益气消渴颗粒	yi qi xiao ke ke li	4
益气润肠膏	yi qi run chang gao	2
益气生津	yi qi sheng jin	1
益气聪明丸	yi qi cong ming wan	8
益气聪明汤	yi qi cong ming tang	5
益津降糖胶囊	yi jin jiang tang jiao nang	3
益肝明目口服液	yi gan ming mu kou fu ye	4
益肝解毒	yi gan jie du	3
益肝解毒茶	yi gan jie du cha	4
益肾健骨片	yi shen jian gu pian	3
益肾十七味丸	yi shen shi qi wei wan	3
益肾壮阳膏	yi shen zhuang yang gao	4
益肾安神口服液	yi shen an shen kou fu ye	3
益肾强身丸	yi shen qiang shen wan	3
益肾糖浆	yi shen tang jiang	2
益肾蠲痹丸	yi shen juan bi wan	3
益脉康胶囊	yi mai kang jiao nang	3
益脑复健胶囊	yi nao fu jian jiao nang	3
益脑胶囊	yi nao jiao nang	3
益血生胶囊	yi xue sheng jiao nang	2
益身灵丸	yi shen ling wan	4
盐卤中毒	yan lu zhong du	2
盐土	yan tu	5
盐水浴	yan shui yu	4
盐皮质激素	yan pi zhi ji su	20
盐酸丁丙诺啡	yan suan ding bing nuo fei	3
盐酸丁咯地尔	yan suan ding luo di er	2
盐酸万古霉素	yan suan wan gu mei su	2
盐酸丙美卡因滴眼液	yan suan bing mei ka yin di yan ye	2
盐酸乙胺丁醇	yan suan yi an ding chun	3
盐酸二氢埃托啡	yan suan er qing ai tuo fei	5
盐酸二氢埃托啡片	yan suan er qing ai tuo fei pian	2
盐酸二氢埃托啡舌下片	yan suan er qing ai tuo fei she xia pian	3
盐酸二氧丙嗪	yan suan er yang bing qin	2
盐酸二甲双胍	yan suan er jia shuang gua	7
盐酸二甲双胍片	yan suan er jia shuang gua pian	5
盐酸二甲双胍缓释片	yan suan er jia shuang gua huan shi pian	3
盐酸二甲双胍肠溶片	yan suan er jia shuang gua chang rong pian	2
盐酸伊托必利	yan suan yi tuo bi li	3
盐酸伊立替康	yan suan yi li ti kang	2
盐酸伊立替康注射液	yan suan yi li ti kang zhu she ye	2
盐酸伐地那非	yan suan fa di na fei	3
盐酸伪麻黄碱	yan suan wei ma huang jian	1
盐酸克仑特罗	yan suan ke lun te luo	9
盐酸克仑特罗栓	yan suan ke lun te luo shuan	3
盐酸克仑特罗气雾剂	yan suan ke lun te luo qi wu ji	2
盐酸克仑特罗片	yan suan ke lun te luo pian	4
盐酸克林霉素	yan suan ke lin mei su	4
盐酸克林霉素棕榈酸酯	yan suan ke lin mei su zong lv suan zhi	2
盐酸克林霉素胶囊	yan suan ke lin mei su jiao nang	3
盐酸利多卡因注射液	yan suan li duo ka yin zhu she ye	4
盐酸利托君片	yan suan li tuo jun pian	3
盐酸去氧肾上腺素	yan suan qu yang shen shang xian su	3
盐酸去甲万古霉素	yan suan qu jia wan gu mei su	2
盐酸可乐定	yan suan ke le ding	5
盐酸吖啶黄	yan suan a ding huang	4
盐酸吗啉胍片	yan suan ma lin gua pian	7
盐酸吗啡注射液	yan suan ma fei zhu she ye	3
盐酸吗啡片	yan suan ma fei pian	4
盐酸吡格列酮	yan suan bi ge lie tong	4
盐酸吡格列酮片	yan suan bi ge lie tong pian	2
盐酸吡硫醇注射液	yan suan bi liu chun zhu she ye	2
盐酸哌替啶	yan suan pai ti ding	3
盐酸哌替啶片	yan suan pai ti ding pian	2
盐酸哌甲酯	yan suan pai jia zhi	4
盐酸噻氯匹定	yan suan sai lv pi ding	2
盐酸四咪唑	yan suan si mi zuo	2
盐酸四环素	yan suan si huan su	5
盐酸四环素胶囊	yan suan si huan su jiao nang	2
盐酸地芬尼多片	yan suan di fen ni duo pian	3
盐酸多塞平	yan suan duo sai ping	3
盐酸多塞平乳膏	yan suan duo sai ping ru gao	2
盐酸多塞平片	yan suan duo sai ping pian	3
盐酸多奈哌齐	yan suan duo nai pai qi	3
盐酸多奈哌齐片	yan suan duo nai pai qi pian	3
盐酸多巴胺	yan suan duo ba an	5
盐酸多巴胺注射液	yan suan duo ba an zhu she ye	4
盐酸多巴酚丁胺注射液	yan suan duo ba fen ding an zhu she ye	2
盐酸多西环素	yan suan duo xi huan su	4
盐酸头孢他美	yan suan tou bao ta mei	2
盐酸头孢他美酯	yan suan tou bao ta mei zhi	2
盐酸头孢甲肟	yan suan tou bao jia wo	3
盐酸奈福泮注射液	yan suan nai fu pan zhu she ye	6
盐酸奈福泮片	yan suan nai fu pan pian	4
盐酸安非他酮	yan suan an fei ta tong	3
盐酸安非他酮缓释片	yan suan an fei ta tong huan shi pian	3
盐酸小檗碱	yan suan xiao bo jian	5
盐酸小檗碱片	yan suan xiao bo jian pian	4
盐酸尼卡地平缓释胶囊	yan suan ni ka di ping huan shi jiao nang	2
盐酸山莨菪碱	yan suan shan lang dang jian	2
盐酸川芎嗪	yan suan chuan xiong qin	3
盐酸左旋咪唑	yan suan zuo xuan mi zuo	4
盐酸左旋咪唑宝塔糖	yan suan zuo xuan mi zuo bao ta tang	3
盐酸左旋咪唑片	yan suan zuo xuan mi zuo pian	3
盐酸左氧氟沙星	yan suan zuo yang fu sha xing	5
盐酸左氧氟沙星注射液	yan suan zuo yang fu sha xing zhu she ye	2
盐酸左氧氟沙星滴眼液	yan suan zuo yang fu sha xing di yan ye	2
盐酸左氧氟沙星片	yan suan zuo yang fu sha xing pian	5
盐酸左氧氟沙星胶囊	yan suan zuo yang fu sha xing jiao nang	5
盐酸左西替利嗪片	yan suan zuo xi ti li qin pian	2
盐酸左西替利嗪胶囊	yan suan zuo xi ti li qin jiao nang	2
盐酸巴马汀	yan suan ba ma ting	2
盐酸布桂嗪	yan suan bu gui qin	2
盐酸帕罗西汀片	yan suan pa luo xi ting pian	3
盐酸度洛西汀	yan suan du luo xi ting	3
盐酸异丙嗪	yan suan yi bing qin	6
盐酸异丙嗪注射液	yan suan yi bing qin zhu she ye	3
盐酸异丙嗪片	yan suan yi bing qin pian	2
盐酸托哌酮	yan suan tuo pai tong	2
盐酸托烷司琼	yan suan tuo wan si qiong	2
盐酸托烷司琼注射液	yan suan tuo wan si qiong zhu she ye	2
盐酸拓扑替康	yan suan tuo pu ti kang	2
盐酸文拉法辛缓释胶囊	yan suan wen la fa xin huan shi jiao nang	2
盐酸昂丹司琼注射液	yan suan ang dan si qiong zhu she ye	3
盐酸普罗帕酮片	yan suan pu luo pa tong pian	2
盐酸普萘洛尔片	yan suan pu nai luo er pian	3
盐酸普鲁卡因	yan suan pu lu ka yin	4
盐酸曲美他嗪	yan suan qu mei ta qin	5
盐酸曲美他嗪片	yan suan qu mei ta qin pian	4
盐酸曲马多注射液	yan suan qu ma duo zhu she ye	4
盐酸曲马多片	yan suan qu ma duo pian	7
盐酸曲马多缓释片	yan suan qu ma duo huan shi pian	2
盐酸替罗非班	yan suan ti luo fei ban	3
盐酸林可霉素	yan suan lin ke mei su	6
盐酸林可霉素注射液	yan suan lin ke mei su zhu she ye	3
盐酸柔红霉素	yan suan rou hong mei su	2
盐酸氟哌噻吨	yan suan fu pai sai dun	4
盐酸氟桂利嗪胶囊	yan suan fu gui li qin jiao nang	3
盐酸氟西汀	yan suan fu xi ting	3
盐酸氨基葡萄糖	yan suan an ji pu tao tang	3
盐酸氨基葡萄糖片	yan suan an ji pu tao tang pian	2
盐酸氨基葡萄糖胶囊	yan suan an ji pu tao tang jiao nang	3
盐酸氨溴索	yan suan an xiu suo	5
盐酸氨溴索口服溶液	yan suan an xiu suo kou fu rong ye	3
盐酸氨溴索注射液	yan suan an xiu suo zhu she ye	3
盐酸氨溴索片	yan suan an xiu suo pian	4
盐酸氨溴索糖浆	yan suan an xiu suo tang jiang	2
盐酸氯丙嗪	yan suan lv bing qin	3
盐酸氯丙那林	yan suan lv bing na lin	6
盐酸氯胺酮	yan suan lv an tong	1
盐酸氯胺酮注射液	yan suan lv an tong zhu she ye	3
盐酸沙格雷酯	yan suan sha ge lei zhi	2
盐酸沙格雷酯片	yan suan sha ge lei zhi pian	2
盐酸法舒地尔	yan suan fa shu di er	2
盐酸洛美沙星	yan suan luo mei sha xing	2
盐酸洛美沙星滴眼液	yan suan luo mei sha xing di yan ye	2
盐酸洛美沙星片	yan suan luo mei sha xing pian	3
盐酸洛美沙星胶囊	yan suan luo mei sha xing jiao nang	3
盐酸洛贝林注射液	yan suan luo bei lin zhu she ye	3
盐酸溴己新	yan suan xiu ji xin	4
盐酸溴己新注射液	yan suan xiu ji xin zhu she ye	3
盐酸溴己新片	yan suan xiu ji xin pian	3
盐酸特拉唑嗪	yan suan te la zuo qin	2
盐酸特拉唑嗪片	yan suan te la zuo qin pian	2
盐酸特比萘芬乳膏	yan suan te bi nai fen ru gao	2
盐酸环丙沙星	yan suan huan bing sha xing	2
盐酸环丙沙星片	yan suan huan bing sha xing pian	2
盐酸环丙沙星胶囊	yan suan huan bing sha xing jiao nang	2
盐酸甲氧氯普胺	yan suan jia yang lv pu an	3
盐酸硫胺	yan suan liu an	2
盐酸米诺环素胶囊	yan suan mi nuo huan su jiao nang	3
盐酸纳曲酮	yan suan na qu tong	3
盐酸纳洛酮	yan suan na luo tong	3
盐酸纳洛酮舌下片	yan suan na luo tong she xia pian	2
盐酸组氨酸	yan suan zu an suan	2
盐酸维拉帕米片	yan suan wei la pa mi pian	2
盐酸罂粟碱	yan suan ying su jian	2
盐酸罂粟碱注射液	yan suan ying su jian zhu she ye	2
盐酸罗哌卡因注射液	yan suan luo pai ka yin zhu she ye	3
盐酸罗沙替丁醋酸酯	yan suan luo sha ti ding cu suan zhi	2
盐酸美他环素	yan suan mei ta huan su	2
盐酸美他环素片	yan suan mei ta huan su pian	3
盐酸美利曲辛	yan suan mei li qu xin	4
盐酸美金刚	yan suan mei jin gang	3
盐酸肾上腺素	yan suan shen shang xian su	6
盐酸肾上腺素注射液	yan suan shen shang xian su zhu she ye	6
盐酸胺碘酮	yan suan an dian tong	3
盐酸胺碘酮注射液	yan suan an dian tong zhu she ye	2
盐酸胺碘酮胶囊	yan suan an dian tong jiao nang	2
盐酸芬氟拉明	yan suan fen fu la ming	4
盐酸苯乙双胍	yan suan ben yi shuang gua	6
盐酸苯海拉明	yan suan ben hai la ming	4
盐酸苯海拉明注射液	yan suan ben hai la ming zhu she ye	2
盐酸苯海拉明片	yan suan ben hai la ming pian	2
盐酸苯海索	yan suan ben hai suo	3
盐酸苯海索片	yan suan ben hai suo pian	3
盐酸苯环壬酯片	yan suan ben huan ren zhi pian	4
盐酸萘替芬乳膏	yan suan nai ti fen ru gao	2
盐酸萘替芬溶液	yan suan nai ti fen rong ye	2
盐酸萘甲唑啉	yan suan nai jia zuo lin	2
盐酸萘甲唑啉滴鼻液	yan suan nai jia zuo lin di bi ye	2
盐酸萘甲唑林	yan suan nai jia zuo lin	2
盐酸表柔比星	yan suan biao rou bi xing	2
盐酸西布曲明	yan suan xi bu qu ming	7
盐酸西布曲明片	yan suan xi bu qu ming pian	2
盐酸西布曲明胶囊	yan suan xi bu qu ming jiao nang	4
盐酸西替利嗪	yan suan xi ti li qin	3
盐酸西替利嗪滴剂	yan suan xi ti li qin di ji	2
盐酸西替利嗪片	yan suan xi ti li qin pian	2
盐酸贝尼地平	yan suan bei ni di ping	2
盐酸贝那普利	yan suan bei na pu li	2
盐酸贝那普利片	yan suan bei na pu li pian	4
盐酸赖氨酸	yan suan lai an suan	3
盐酸赛庚啶	yan suan sai geng ding	2
盐酸达克罗宁胶浆	yan suan da ke luo ning jiao jiang	3
盐酸金刚烷胺片	yan suan jin gang wan an pian	2
盐酸金霉素	yan suan jin mei su	4
盐酸金霉素眼膏	yan suan jin mei su yan gao	5
盐酸金霉素软膏	yan suan jin mei su ruan gao	2
盐酸阿比朵尔	yan suan a bi duo er	1
盐酸阿比朵尔胶囊	yan suan a bi duo er jiao nang	2
盐酸阿米替林	yan suan a mi ti lin	2
盐酸阿莫地喹片	yan suan a mo di kui pian	2
盐酸阿莫罗芬搽剂	yan suan a mo luo fen cha ji	2
盐酸阿霉素	yan suan a mei su	2
盐酸雷尼替丁	yan suan lei ni ti ding	2
盐酸雷尼替丁片	yan suan lei ni ti ding pian	2
盐酸雷尼替丁胶囊	yan suan lei ni ti ding jiao nang	5
盐酸青藤碱	yan suan qing teng jian	2
盐酸麻黄碱	yan suan ma huang jian	1
盐酸麻黄碱滴鼻液	yan suan ma huang jian di bi ye	4
盐酸黄连素片	yan suan huang lian su pian	3
盖天力	gai tian li	3
盘尾丝虫病	pan wei si chong bing	4
盘状红斑狼疮	pan zhuang hong ban lang chuang	1
盘龙七片	pan long qi pian	2
盛寅	sheng yin	4
目病	mu bing	1
目的论	mu di lun	26
直接死因	zhi jie si yin	1
直接胆红素	zhi jie dan hong su	1
直疝	zhi shan	5
直线回归	zhi xian hui gui	2
直线相关	zhi xian xiang guan	3
直肠前突	zhi chang qian tu	4
直肠指检	zhi chang zhi jian	6
直肠损伤	zhi chang sun shang	5
直肠溃疡	zhi chang kui yang	4
直肠炎	zhi chang yan	3
直肠类癌	zhi chang lei ai	1
直肠粘膜脱垂	zhi chang zhan mo tuo chui	4
直肠给药	zhi chang gei yao	5
直肠脱垂	zhi chang tuo chui	7
直肠腺	zhi chang xian	3
直肠膨出	zhi chang peng chu	3
直肠闭锁	zhi chang bi suo	3
直肠阴道瘘	zhi chang yin dao lou	1
直肠阴道瘘修补术	zhi chang yin dao lou xiu bu shu	2
直链淀粉	zhi lian dian fen	4
相互交叉	xiang hu jiao cha	16
相互易位	xiang hu yi wei	5
相似系数	xiang si xi shu	2
相关学科基础	xiang guan xue ke ji chu	5
相变制冷	xiang bian zhi leng	2
相对不应期	xiang dui bu ying qi	3
相对数	xiang dui shu	9
相对缓脉	xiang dui huan mai	4
相对误差	xiang dui wu cha	2
相差显微镜	xiang cha xian wei jing	4
相思子	xiang si zi	6
相火妄动	xiang huo wang dong	4
盾片	dun pian	16
眉冲	mei chong	2
眉弓	mei gong	1
眉提升术	mei ti sheng shu	3
眉棱骨痛	mei leng gu tong	4
眉毛移植	mei mao yi zhi	4
真寒假热	zhen han jia re	3
真性动脉瘤	zhen xing dong mai liu	3
真性尿失禁	zhen xing niao shi jin	4
真性红细胞增多症	zhen xing hong xi bao zeng duo zheng	7
真果	zhen guo	7
真核细胞	zhen he xi bao	40
真武汤	zhen wu tang	3
真溶液	zhen rong ye	3
真热假寒	zhen re jia han	2
真空吸引器	zhen kong xi yin qi	10
真空干燥	zhen kong gan zao	14
真菌孢子	zhen jun bao zi	13
真菌学	zhen jun xue	40
真菌性脑膜炎	zhen jun xing nao mo yan	1
真菌性角膜炎	zhen jun xing jiao mo yan	2
真菌性鼻窦炎	zhen jun xing bi dou yan	3
真菌感染	zhen jun gan ran	41
真菌病	zhen jun bing	8
真菌败血症	zhen jun bai xue zheng	2
眠安宁口服液	mian an ning kou fu ye	3
眠尔通	mian er tong	3
眨眼反射	zha yan fan she	5
眩晕停	xuan yun ting	4
眩晕病	xuan yun bing	5
眶下孔	kuang xia kong	3
眶下间隙感染	kuang xia jian xi gan ran	2
眶底骨折	kuang di gu zhe	2
眶蜂窝织炎	kuang feng wo zhi yan	3
眶骨骨折	kuang gu gu zhe	4
眼内炎	yan nei yan	1
眼压检查	yan ya jian cha	6
眼外伤	yan wai shang	2
眼底出血	yan di chu xue	1
眼底动脉硬化	yan di dong mai ying hua	6
眼烧伤	yan shao shang	2
眼球内陷	yan qiu nei xian	3
眼球破裂	yan qiu po lie	7
眼球穿孔伤	yan qiu chuan kong shang	3
眼球穿通伤	yan qiu chuan tong shang	6
眼球突出	yan qiu tu chu	8
眼球钝挫伤	yan qiu dun cuo shang	7
眼球震颤	yan qiu zhen chan	10
眼电图	yan dian tu	3
眼疲劳	yan pi lao	2
眼病学	yan bing xue	2
眼眶外伤	yan kuang wai shang	4
眼眶疾病	yan kuang ji bing	3
眼眶肿瘤	yan kuang zhong liu	6
眼睑外伤	yan jian wai shang	2
眼睑外翻矫正术	yan jian wai fan jiao zheng shu	2
眼睑成形术	yan jian cheng xing shu	4
眼睑挫伤	yan jian cuo shang	5
眼睑整形术	yan jian zheng xing shu	2
眼睑水肿	yan jian shui zhong	2
眼睑湿疹	yan jian shi zhen	1
眼睑炎	yan jian yan	5
眼睑痉挛	yan jian jing luan	1
眼睑肿瘤	yan jian zhong liu	3
眼睑脓肿	yan jian nong zhong	2
眼睑闭合不全	yan jian bi he bu quan	6
眼科学	yan ke xue	23
眼科学基础	yan ke xue ji chu	2
眼结膜	yan jie mo	4
眼缺血综合征	yan que xue zong he zheng	2
眼药水	yan yao shui	34
眼虫病	yan chong bing	4
眼袋整形术	yan dai zheng xing shu	3
眼裂	yan lie	3
眼轮匝肌	yan lun za ji	2
眼部带状疱疹	yan bu dai zhuang pao zhen	2
眼镜学	yan jing xue	3
眼震	yan zhen	4
眼震电图	yan zhen dian tu	3
眼震颤	yan zhen chan	2
着丝粒	zhuo si li	5
着色性干皮病	zhuo se xing gan pi bing	2
着色真菌病	zhuo se zhen jun bing	5
睑下垂	jian xia chui	8
睑内翻	jian nei fan	6
睑内翻矫正术	jian nei fan jiao zheng shu	2
睑外翻	jian wai fan	4
睑板	jian ban	2
睑板腺	jian ban xian	7
睑球粘连	jian qiu zhan lian	4
睑结膜	jian jie mo	9
睑缘炎	jian yuan yan	5
睑腺炎	jian xian yan	5
睑裂	jian lie	6
睑裂斑	jian lie ban	3
睑黄瘤	jian huang liu	3
睛明	jing ming	6
睛明穴	jing ming xue	7
睡眠障碍	shui mian zhang ai	48
督俞穴	du shu xue	2
督脉	du mai	2
睫毛移植	jie mao yi zhi	2
睫状体	jie zhuang ti	28
睾丸下降不全	gao wan xia jiang bu quan	1
睾丸切除术	gao wan qie chu shu	2
睾丸囊肿	gao wan nang zhong	4
睾丸固定术	gao wan gu ding shu	3
睾丸扭转	gao wan niu zhuan	2
睾丸损伤	gao wan sun shang	5
睾丸活检术	gao wan huo jian shu	3
睾丸炎	gao wan yan	2
睾丸畸形	gao wan ji xing	2
睾丸疼痛	gao wan teng tong	1
睾丸癌	gao wan ai	20
睾丸素	gao wan su	1
睾丸结核	gao wan jie he	4
睾丸肿瘤	gao wan zhong liu	6
睾丸萎缩	gao wan wei suo	7
睾丸间质细胞	gao wan jian zhi xi bao	3
睾丸附件扭转	gao wan fu jian niu zhuan	2
睾丸静脉	gao wan jing mai	3
睾丸鞘膜	gao wan qiao mo	3
睾丸鞘膜积液	gao wan qiao mo ji ye	6
瞳孔反射	tong kong fan she	1
瞿麦	qu mai	2
矢状缝	shi zhuang feng	3
矢状面	shi zhuang mian	17
知心爱人	zhi xin ai ren	8
知柏地黄丸	zhi bai di huang wan	7
知柏地黄颗粒	zhi bai di huang ke li	2
知母	zhi mu	11
知觉恒常性	zhi jue heng chang xing	2
知觉障碍	zhi jue zhang ai	1
矫形器	jiao xing qi	2
矫形外科	jiao xing wai ke	14
矫形鞋	jiao xing xie	1
矫正术	jiao zheng shu	9
矫正运动	jiao zheng yun dong	1
矫治器	jiao zhi qi	1
矫治心理学	jiao zhi xin li xue	2
短指	duan zhi	3
短日照植物	duan ri zhao zhi wu	4
短杆菌肽	duan gan jun tai	1
短波疗法	duan bo liao fa	2
短肠综合征	duan chang zong he zheng	5
短肢	duan zhi	1
短角	duan jiao	46
短骨	duan gu	10
矮地茶	ai di cha	3
石关	shi guan	16
石决明	shi jue ming	6
石吊兰	shi diao lan	2
石墨尘肺	shi mo chen fei	3
石斛夜光丸	shi hu ye guang wan	5
石杉碱甲	shi shan jian jia	4
石杉碱甲胶囊	shi shan jian jia jiao nang	4
石棉带	shi mian dai	2
石棉沉着病	shi mian chen zhuo bing	3
石棉状糠疹	shi mian zhuang kang zhen	2
石棉肺	shi mian fei	2
石楠叶	shi nan ye	3
石榴健胃散	shi liu jian wei san	2
石榴子	shi liu zi	4
石榴日轮丸	shi liu ri lun wan	3
石榴皮	shi liu pi	2
石水	shi shui	5
石淋	shi lin	4
石淋通片	shi lin tong pian	3
石管	shi guan	4
石细胞	shi xi bao	1
石美鑫	shi mei xin	2
石膏绷带	shi gao beng dai	2
石菖蒲	shi chang pu	2
石蜡切片	shi la qie pian	4
石蜡疗法	shi la liao fa	2
石龙清血颗粒	shi long qing xue ke li	3
矽尘	xi chen	5
矾藤痔注射液	fan teng zhi zhu she ye	2
矿泉疗法	kuang quan liao fa	3
砂仁	sha ren	24
砍创	kan chuang	3
研磨器	yan mo qi	5
破伤风人免疫球蛋白	po shang feng ren mian yi qiu dan bai	4
破伤风抗毒素	po shang feng kang du su	3
破伤风毒素	po shang feng du su	1
破伤风类毒素	po shang feng lei du su	1
破骨细胞	po gu xi bao	25
砷中毒	shen zhong du	3
砷化氢	shen hua qing	8
砷化氢中毒	shen hua qing zhong du	5
砷角化病	shen jiao hua bing	2
硅凝胶	gui ning jiao	2
硅橡胶	gui xiang jiao	19
硅油	gui you	10
硅藻土	gui zao tu	3
硅酮	gui tong	3
硅酸	gui suan	48
硒蛋白	xi dan bai	3
硒酵母	xi jiao mu	2
硝呋太尔	xiao fu tai er	2
硝基甲苯	xiao ji jia ben	14
硝普钠	xiao pu na	2
硝苯吡啶	xiao ben bi ding	3
硝苯地平	xiao ben di ping	1
硝苯地平控释片	xiao ben di ping kong shi pian	5
硝苯地平片	xiao ben di ping pian	4
硝苯地平缓释片	xiao ben di ping huan shi pian	5
硝西泮	xiao xi pan	1
硝酸咪康唑	xiao suan mi kang zuo	4
硝酸咪康唑乳膏	xiao suan mi kang zuo ru gao	3
硝酸咪康唑栓	xiao suan mi kang zuo shuan	2
硝酸异山梨酯	xiao suan yi shan li zhi	1
硝酸异山梨酯喷雾剂	xiao suan yi shan li zhi pen wu ji	2
硝酸异山梨酯注射液	xiao suan yi shan li zhi zhu she ye	2
硝酸毛果芸香碱注射液	xiao suan mao guo yun xiang jian zhu she ye	2
硝酸甘油喷雾剂	xiao suan gan you pen wu ji	3
硝酸甘油气雾剂	xiao suan gan you qi wu ji	2
硝酸甘油注射液	xiao suan gan you zhu she ye	3
硝酸甘油片	xiao suan gan you pian	7
硝酸甘油贴片	xiao suan gan you tie pian	2
硝酸舍他康唑乳膏	xiao suan she ta kang zuo ru gao	2
硝酸钾	xiao suan jia	12
硫代硫酸钠	liu dai liu suan na	11
硫利达嗪	liu li da qin	1
硫化氢中毒	liu hua qing zhong du	8
硫化硒	liu hua xi	3
硫唑嘌呤	liu zuo piao ling	14
硫喷妥钠	liu pen tuo na	3
硫循环	liu xun huan	1
硫必利	liu bi li	1
硫普罗宁	liu pu luo ning	2
硫普罗宁注射液	liu pu luo ning zhu she ye	4
硫柳汞	liu liu gong	14
硫氧还蛋白还原酶	liu yang huan dan bai huan yuan mei	1
硫磺软膏	liu huang ruan gao	5
硫糖铝	liu tang lv	1
硫糖铝咀嚼片	liu tang lv ju jue pian	2
硫糖铝片	liu tang lv pian	3
硫细菌	liu xi jun	5
硫胺素酶	liu an su mei	2
硫脲	liu niao	15
硫软膏	liu ruan gao	3
硫辛酸	liu xin suan	2
硫酸二甲酯	liu suan er jia zhi	6
硫酸亚铁片	liu suan ya tie pian	4
硫酸亚铁铵	liu suan ya tie an	3
硫酸伪麻黄碱	liu suan wei ma huang jian	1
硫酸依替米星	liu suan yi ti mi xing	3
硫酸卡那霉素	liu suan ka na mei su	6
硫酸双肼屈嗪	liu suan shuang jing qu qin	2
硫酸吗啡缓释片	liu suan ma fei huan shi pian	2
硫酸妥布霉素	liu suan tuo bu mei su	3
硫酸妥布霉素注射液	liu suan tuo bu mei su zhu she ye	2
硫酸小诺霉素	liu suan xiao nuo mei su	2
硫酸庆大霉素	liu suan qing da mei su	7
硫酸庆大霉素注射液	liu suan qing da mei su zhu she ye	5
硫酸异帕米星	liu suan yi pa mi xing	2
硫酸新霉素	liu suan xin mei su	5
硫酸氢氯吡格雷片	liu suan qing lv bi ge lei pian	6
硫酸氨基葡萄糖	liu suan an ji pu tao tang	4
硫酸氨基葡萄糖片	liu suan an ji pu tao tang pian	2
硫酸氨基葡萄糖胶囊	liu suan an ji pu tao tang jiao nang	2
硫酸氯吡格雷	liu suan lv bi ge lei	3
硫酸沙丁胺醇	liu suan sha ding an chun	5
硫酸沙丁胺醇片	liu suan sha ding an chun pian	4
硫酸特布他林	liu suan te bu ta lin	6
硫酸特布他林片	liu suan te bu ta lin pian	2
硫酸盐还原细菌	liu suan yan huan yuan xi jun	2
硫酸粘菌素	liu suan nian jun su	3
硫酸粘菌素片	liu suan nian jun su pian	2
硫酸羟氯喹片	liu suan qiang lv kui pian	2
硫酸软骨素	liu suan ruan gu su	30
硫酸软骨素注射液	liu suan ruan gu su zhu she ye	2
硫酸酯酶	liu suan zhi mei	2
硫酸钠	liu suan na	28
硫酸钾	liu suan jia	37
硫酸铁铵	liu suan tie an	1
硫酸链霉素	liu suan lian mei su	4
硫酸锌口服液	liu suan xin kou fu ye	3
硫酸锌口服溶液	liu suan xin kou fu rong ye	2
硫酸锌尿囊素滴眼液	liu suan xin niao nang su di yan ye	2
硫酸锌滴眼液	liu suan xin di yan ye	2
硫酸锌片	liu suan xin pian	3
硫酸锌糖浆	liu suan xin tang jiang	3
硫酸镁	liu suan mei	11
硫酸镁注射液	liu suan mei zhu she ye	4
硫酸镁溶液	liu suan mei rong ye	4
硫酸长春新碱	liu suan chang chun xin jian	3
硫酸阿托品	liu suan a tuo pin	1
硫酸阿托品注射液	liu suan a tuo pin zhu she ye	4
硫酸阿米卡星注射液	liu suan a mi ka xing zhu she ye	3
硫酸鱼精蛋白	liu suan yu jing dan bai	4
硫酸鱼精蛋白注射液	liu suan yu jing dan bai zhu she ye	7
硫酸黏菌素	liu suan nian jun su	3
硫酸黏菌素片	liu suan nian jun su pian	2
硬化剂	ying hua ji	2
硬化性	ying hua xing	8
硬化性胆管炎	ying hua xing dan guan yan	3
硬化症	ying hua zheng	47
硬皮病	ying pi bing	7
硬石膏	ying shi gao	3
硬胶囊剂	ying jiao nang ji	6
硬脂醇	ying zhi chun	2
硬脊膜	ying ji mo	6
硬脑膜	ying nao mo	39
硬脑膜下血肿	ying nao mo xia xue zhong	2
硬脑膜动静脉瘘	ying nao mo dong jing mai lou	5
硬脑膜外血肿	ying nao mo wai xue zhong	4
硬膜	ying mo	27
硬膜外腔	ying mo wai qiang	1
硬膜外麻醉	ying mo wai ma zui	1
硬蛋白	ying dan bai	5
硬骨鱼类	ying gu yu lei	18
硼替佐米	peng ti zuo mi	1
硼砂甘油钾溶液	peng sha gan you jia rong ye	2
硼酸溶液	peng suan rong ye	6
硼酸软膏	peng suan ruan gao	4
碘伏	dian fu	1
碘克沙醇	dian ke sha chun	3
碘化油	dian hua you	3
碘化钾	dian hua jia	23
碘化钾片	dian hua jia pian	6
碘普罗胺	dian pu luo an	2
碘普罗胺注射液	dian pu luo an zhu she ye	4
碘油造影	dian you zao ying	5
碘海醇	dian hai chun	5
碘甘油	dian gan you	4
碘缺乏	dian que fa	12
碘缺乏病	dian que fa bing	5
碘解磷定	dian jie lin ding	2
碘酊	dian ding	1
碘酸钾	dian suan jia	8
碧玉散	bi yu san	3
碱性磷酸酶	jian xing lin suan mei	24
碱烧伤	jian shao shang	1
碱石灰	jian shi hui	1
碳氧血红蛋白	tan yang xue hong dan bai	15
碳酸利多卡因	tan suan li duo ka yin	2
碳酸氢钠注射液	tan suan qing na zhu she ye	5
碳酸氢钠片	tan suan qing na pian	5
碳酸氢钠粉	tan suan qing na fen	3
碳酸酐酶	tan suan gan mei	1
碳酸钙片	tan suan gai pian	1
碳酸钙胶囊	tan suan gai jiao nang	4
碳酸钙颗粒	tan suan gai ke li	4
碳酸锂	tan suan li	14
碳酸锂片	tan suan li pian	3
碾压伤	nian ya shang	6
磁共振成像	ci gong zhen cheng xiang	38
磁朱丸	ci zhu wan	3
磨光面	mo guang mian	3
磷中毒	lin zhong du	29
磷代谢紊乱	lin dai xie wen luan	5
磷化氢	lin hua qing	37
磷化铝	lin hua lv	3
磷化锌	lin hua xin	5
磷壁酸	lin bi suan	3
磷脂酰肌醇	lin zhi xian ji chun	17
磷酸二酯酶	lin suan er zhi mei	37
磷酸伯氨喹	lin suan bo an kui	2
磷酸伯氨喹片	lin suan bo an kui pian	3
磷酸化酶	lin suan hua mei	6
磷酸可待因	lin suan ke dai yin	7
磷酸吡哆醛	lin suan bi duo quan	1
磷酸咯啶	lin suan ge ding	2
磷酸哌喹	lin suan pai kui	4
磷酸哌喹片	lin suan pai kui pian	2
磷酸哌嗪	lin suan pai qin	3
磷酸哌嗪宝塔糖	lin suan pai qin bao ta tang	2
磷酸奥司他韦胶囊	lin suan ao si ta wei jiao nang	6
磷酸川芎嗪	lin suan chuan xiong qin	3
磷酸果糖激酶	lin suan guo tang ji mei	2
磷酸氯喹	lin suan lv kui	3
磷酸氯喹片	lin suan lv kui pian	4
磷酸甘油	lin suan gan you	21
磷酸肌酸	lin suan ji suan	3
磷酸腺苷	lin suan xian gan	7
磷酸酯酶	lin suan zhi mei	3
磷酸酶	lin suan mei	33
磷酸钙	lin suan gai	29
磷酸钙结石	lin suan gai jie shi	4
磷酸铝凝胶	lin suan lv ning jiao	3
磷霉素	lin mei su	6
磷霉素钙甲氧苄啶胶囊	lin mei su gai jia yang bian ding jiao nang	2
磷霉素钠	lin mei su na	3
磺胺二甲嘧啶	huang an er jia mi ding	1
磺胺二甲基嘧啶	huang an er jia ji mi ding	1
磺胺嘧啶	huang an mi ding	18
磺胺嘧啶片	huang an mi ding pian	3
磺胺嘧啶钠注射液	huang an mi ding na zhu she ye	5
磺胺嘧啶银	huang an mi ding yin	1
磺胺嘧啶银乳膏	huang an mi ding yin ru gao	3
磺胺嘧啶锌	huang an mi ding xin	3
磺胺噻唑	huang an sai zuo	1
磺胺多辛	huang an duo xin	1
磺胺甲恶唑	huang an jia e zuo	1
磺胺脒	huang an mi	3
磺胺药	huang an yao	6
磺胺醋酰钠	huang an cu xian na	1
磺胺间甲氧嘧啶	huang an jian jia yang mi ding	4
磺苄西林	huang bian xi lin	2
磺苄西林钠	huang bian xi lin na	4
礞石滚痰片	meng shi gun tan pian	2
社交恐怖	she jiao kong bu	4
社会医学	she hui yi xue	27
社会学基础	she hui xue ji chu	3
社会康复	she hui kang fu	2
社会性昆虫	she hui xing kun chong	3
社会生物学	she hui sheng wu xue	18
社会距离	she hui ju li	7
社区保健	she qu bao jian	4
社区医学	she qu yi xue	4
社区医疗	she qu yi liao	10
社区医院	she qu yi yuan	13
社区卫生服务管理	she qu wei sheng fu wu guan li	9
社区康复	she qu kang fu	3
社区心理学	she qu xin li xue	2
社区急救	she qu ji jiu	6
社区护理	she qu hu li	1
社区护理学	she qu hu li xue	4
祖卡木颗粒	zu ka mu ke li	4
祖师麻	zu shi ma	2
祖师麻片	zu shi ma pian	3
祛斑霜	qu ban shuang	8
祛浊胶囊	qu zhuo jiao nang	3
祛痘	qu dou	2
祛痰灵口服液	qu tan ling kou fu ye	2
祛痰药	qu tan yao	7
祛瘀	qu yu	7
祛风湿药	qu feng shi yao	1
祛风湿药酒	qu feng shi yao jiu	3
神仙水	shen xian shui	2
神你油	shen ni you	3
神农本草经	shen nong ben cao jing	12
神劳	shen lao	3
神堂	shen tang	40
神庭穴	shen ting xue	2
神志不清	shen zhi bu qing	31
神昏	shen hun	2
神牡安神胶囊	shen mu an shen jiao nang	2
神犀丹	shen xi dan	3
神经上皮	shen jing shang pi	1
神经丝	shen jing si	3
神经丝蛋白	shen jing si dan bai	2
神经修复术	shen jing xiu fu shu	3
神经元特异性烯醇化酶	shen jing yuan te yi xing xi chun hua mei	4
神经免疫学	shen jing mian yi xue	4
神经内分泌癌	shen jing nei fen mi ai	1
神经内膜	shen jing nei mo	3
神经再生	shen jing zai sheng	3
神经冲动	shen jing chong dong	13
神经分泌	shen jing fen mi	1
神经切除术	shen jing qie chu shu	2
神经刺激器	shen jing ci ji qi	5
神经功能障碍	shen jing gong neng zhang ai	6
神经原性休克	shen jing yuan xing xiu ke	5
神经原纤维	shen jing yuan xian wei	3
神经官能症	shen jing guan neng zheng	2
神经嵴	shen jing ji	2
神经康复学	shen jing kang fu xue	3
神经心理学	shen jing xin li xue	18
神经性厌食	shen jing xing yan shi	15
神经性呕吐	shen jing xing ou tu	5
神经性头痛	shen jing xing tou tong	8
神经性梅毒	shen jing xing mei du	28
神经性疼痛	shen jing xing teng tong	10
神经性皮炎	shen jing xing pi yan	3
神经性耳聋	shen jing xing er long	9
神经性贪食	shen jing xing tan shi	1
神经损伤	shen jing sun shang	40
神经末梢	shen jing mo shao	17
神经束	shen jing shu	7
神经松解术	shen jing song jie shu	3
神经板	shen jing ban	2
神经根型颈椎病	shen jing gen xing jing zhui bing	6
神经根损害	shen jing gen sun hai	2
神经梅毒	shen jing mei du	2
神经母细胞瘤	shen jing mu xi bao liu	17
神经毒理学	shen jing du li xue	4
神经毒素	shen jing du su	30
神经氨酸酶	shen jing an suan mei	6
神经源性膀胱	shen jing yuan xing pang guang	5
神经激素	shen jing ji su	5
神经炎	shen jing yan	33
神经生理学	shen jing sheng li xue	28
神经生长因子	shen jing sheng zhang yin zi	6
神经病学	shen jing bing xue	30
神经瘤	shen jing liu	2
神经科	shen jing ke	22
神经移位术	shen jing yi wei shu	2
神经管	shen jing guan	17
神经精神病学	shen jing jing shen bing xue	6
神经系统检查	shen jing xi tong jian cha	6
神经系统疾病	shen jing xi tong ji bing	47
神经纤维	shen jing xian wei	26
神经纤维瘤病	shen jing xian wei liu bing	7
神经纤维肉瘤	shen jing xian wei rou liu	2
神经组织	shen jing zu zhi	31
神经细胞	shen jing xi bao	48
神经胶质	shen jing jiao zhi	16
神经胶质细胞	shen jing jiao zhi xi bao	31
神经节苷脂沉积病	shen jing jie gan zhi chen ji bing	3
神经营养因子	shen jing ying yang yin zi	8
神经调节	shen jing tiao jie	4
神经通路	shen jing tong lu	2
神经阻滞	shen jing zu zhi	3
神经阻滞麻醉	shen jing zu zhi ma zui	4
神经鞘瘤	shen jing qiao liu	7
神藏	shen cang	5
神门	shen men	33
神阙	shen que	7
神阙穴	shen que xue	8
禁水试验	jin shui shi yan	2
福多司坦	fu duo si tan	3
福字阿胶	fu zi e jiao	3
福寿胶囊	fu shou jiao nang	3
福尔可定	fu er ke ding	4
福格特	fu ge te	49
福莫特罗	fu mo te luo	9
福辛普利	fu xin pu li	3
福辛普利片	fu xin pu li pian	2
福辛普利钠	fu xin pu li na	2
福辛普利钠片	fu xin pu li na pian	3
禹余粮	yu yu liang	1
离子交换柱	li zi jiao huan zhu	1
离子交换法	li zi jiao huan fa	1
离差智商	li cha zhi shang	3
离心收缩	li xin shou suo	3
离心管	li xin guan	6
离心铸造机	li xin zhu zao ji	3
离散程度	li san cheng du	7
秃发性毛囊炎	tu fa xing mao nang yan	2
秉风	bing feng	3
秋梨润肺膏	qiu li run fei gao	3
秋水仙碱	qiu shui xian jian	4
秋水仙碱片	qiu shui xian jian pian	7
秋石丹	qiu shi dan	2
种子休眠	zhong zi xiu mian	1
种子处理	zhong zi chu li	2
种子年	zhong zi nian	5
种子生活力	zhong zi sheng huo li	1
种植义齿	zhong zhi yi chi	7
种植机	zhong zhi ji	7
种牛痘	zhong niu dou	12
种特异性	zhong te yi xing	1
种皮	zhong pi	8
种系	zhong xi	8
种质学说	zhong zhi xue shuo	1
科素亚	ke su ya	5
秘制舒肝丸	mi zhi shu gan wan	2
秘诀清凉散	mi jue qing liang san	4
秦皮	qin pi	12
秦艽	qin jiao	9
秩边	zhi bian	3
积极优生学	ji ji you sheng xue	2
积热	ji re	1
积雪草	ji xue cao	3
移动抑制因子	yi dong yi zhi yin zi	2
移植免疫	yi zhi mian yi	1
移植免疫学	yi zhi mian yi xue	1
移植排斥	yi zhi pai chi	6
移植术	yi zhi shu	19
移植物	yi zhi wu	48
移植物抗宿主反应	yi zhi wu kang su zhu fan ying	5
移植物抗宿主病	yi zhi wu kang su zhu bing	1
移植物排斥	yi zhi wu pai chi	1
移码突变	yi ma tu bian	4
移行细胞癌	yi xing xi bao ai	2
稀戊二醛溶液	xi wu er quan rong ye	2
稀盐酸	xi yan suan	11
稀释液	xi shi ye	11
程应旄	cheng ying mao	2
稳压胶囊	wen ya jiao nang	2
稳心颗粒	wen xin ke li	1
稻农皮炎	dao nong pi yan	2
稽留热	ji liu re	3
穗轴	sui zhou	8
穴位按摩	xue wei an mo	1
穴位注射	xue wei zhu she	1
空巢综合征	kong chao zong he zheng	6
空心胶囊	kong xin jiao nang	11
空气栓塞	kong qi shuan se	1
空气透视	kong qi tou shi	1
空洞型肺结核	kong dong xing fei jie he	5
空肠	kong chang	29
空蝶鞍	kong die an	2
空间定位	kong jian ding wei	5
空间知觉	kong jian zhi jue	5
穿刺针	chuan ci zhen	8
穿心莲内酯	chuan xin lian nei zhi	6
穿心莲内酯滴丸	chuan xin lian nei zhi di wan	4
穿心莲内酯软胶囊	chuan xin lian nei zhi ruan jiao nang	2
穿心莲注射液	chuan xin lian zhu she ye	2
穿心莲片	chuan xin lian pian	4
穿心莲胶囊	chuan xin lian jiao nang	4
穿琥宁注射液	chuan hu ning zhu she ye	4
穿透性	chuan tou xing	29
突发性耳聋	tu fa xing er long	2
突变体	tu bian ti	41
突变基因	tu bian ji yin	17
突变率	tu bian lv	6
突眼性甲状腺肿	tu yan xing jia zhuang xian zhong	5
突触前抑制	tu chu qian yi zhi	2
突触前膜	tu chu qian mo	1
突触可塑性	tu chu ke su xing	5
突触后膜	tu chu hou mo	5
窗位	chuang wei	5
窗口期	chuang kou qi	9
窗宽	chuang kuan	5
窝沟封闭	wo gou feng bi	6
窝沟封闭剂	wo gou feng bi ji	5
窝沟龋	wo gou qu	3
窝洞	wo dong	1
窦性停搏	dou xing ting bo	4
窦性心动过缓	dou xing xin dong guo huan	6
窦性心动过速	dou xing xin dong guo su	6
窦房传导阻滞	dou fang chuan dao zu zhi	2
窦房结	dou fang jie	8
窦腺	dou xian	2
窦道	dou dao	1
立体化学	li ti hua xue	29
立体定向手术	li ti ding xiang shou shu	1
立体显微镜	li ti xian wei jing	4
立体镜	li ti jing	2
立克次体感染	li ke ci ti gan ran	3
立克次氏体	li ke ci shi ti	1
立克次氏体病	li ke ci shi ti bing	2
立加利仙	li jia li xian	3
立普妥	li pu tuo	1
竞赛心理	jing sai xin li	3
章动	zhang dong	5
章门	zhang men	6
章门穴	zhang men xue	3
童参	tong can	4
童坦君	tong tan jun	3
端粒	duan li	30
端脑	duan nao	12
竹原	zhu yuan	27
竹叶柴胡	zhu ye chai hu	1
竹叶石膏汤	zhu ye shi gao tang	4
竹桃霉素	zhu tao mei su	3
竹节参	zhu jie shen	3
竹茹	zhu ru	5
第一信号系统	di yi xin hao xi tong	3
第一极体	di yi ji ti	2
第三磨牙	di san mo ya	5
第三肝门	di san gan men	2
第三脑室	di san nao shi	6
第二信使	di er xin shi	9
第二信号系统	di er xin hao xi tong	3
第二性征	di er xing zheng	29
第二肝门	di er gan men	4
第二触角	di er chu jiao	1
第四脑室	di si nao shi	3
等势原理	deng shi yuan li	2
等渗溶液	deng shen rong ye	1
等级资料	deng ji zi liao	2
等速运动	deng su yun dong	3
等长收缩	deng chang shou suo	4
筋缩	jin suo	4
筋膜	jin mo	42
筋膜炎	jin mo yan	14
筋膜皮瓣	jin mo pi ban	2
筋骨疼痛	jin gu teng tong	1
筋骨草	jin gu cao	48
筒线虫病	tong xian chong bing	2
筛分	shai fen	10
筛孔	shai kong	7
筛板	shai ban	4
筛窦	shai dou	6
筛窦炎	shai dou yan	5
筛管	shai guan	5
筛骨	shai gu	5
简单反应时	jian dan fan ying shi	2
简易凝血活酶生成试验	jian yi ning xue huo mei sheng cheng shi yan	3
算术平均数	suan shu ping jun shu	5
管型尿	guan xing niao	2
管状腺瘤	guan zhuang xian liu	5
管状花	guan zhuang hua	4
管状骨	guan zhuang gu	5
管理学基础	guan li xue ji chu	1
管足	guan zu	11
管轶	guan yi	7
箭根薯	jian gen shu	3
米力农	mi li nong	4
米力农注射液	mi li nong zhu she ye	2
米帕明	mi pa ming	6
米托蒽醌	mi tuo en kun	9
米氮平片	mi dan ping pian	2
米索前列醇	mi suo qian lie chun	6
米索前列醇片	mi suo qian lie chun pian	5
米诺地尔	mi nuo di er	1
米诺地尔酊	mi nuo di er ding	3
米诺环素	mi nuo huan su	5
米象	mi xiang	4
米非司酮	mi fei si tong	2
米非司酮片	mi fei si tong pian	7
米非司酮胶丸	mi fei si tong jiao wan	2
米非司酮胶囊	mi fei si tong jiao nang	3
类囊体	lei nang ti	15
类固醇激素	lei gu chun ji su	15
类型学	lei xing xue	37
类天疱疮	lei tian pao chuang	4
类毒素	lei du su	7
类毒素疫苗	lei du su yi miao	2
类病毒	lei bing du	11
类癌综合征	lei ai zong he zheng	3
类白喉杆菌	lei bai hou gan jun	2
类风湿关节炎	lei feng shi guan jie yan	21
类风湿因子	lei feng shi yin zi	17
类风湿性心脏病	lei feng shi xing xin zang bing	3
类风湿结节	lei feng shi jie jie	1
类骨质	lei gu zhi	4
类鼻疽	lei bi ju	4
籽骨	zi gu	21
粉刺立消净	fen ci li xiao jing	3
粉尘采样器	fen chen cai yang qi	3
粉碎性骨折	fen sui xing gu zhe	10
粉针	fen zhen	3
粉针剂	fen zhen ji	7
粒子大小	li zi da xiao	3
粒细胞肉瘤	li xi bao rou liu	3
粒细胞集落刺激因子	li xi bao ji luo ci ji yin zi	5
粗死亡率	cu si wang lv	2
粘多糖	nian duo tang	3
粘多糖病	nian duo tang bing	1
粘弹性	nian tan xing	10
粘液性水肿	nian ye xing shui zhong	3
粘液癌	nian ye ai	2
粘液腺癌	nian ye xian ai	1
粘液表皮样癌	nian ye biao pi yang ai	3
粘膜下层	nian mo xia ceng	2
粘膜层	nian mo ceng	2
粘膜炎	nian mo yan	3
粘菌素	nian jun su	6
粘连性中耳炎	zhan lian xing zhong er yan	2
粟丘疹	su qiu zhen	4
粥样斑块	zhou yang ban kuai	1
粪产碱杆菌	fen chan jian gan jun	2
粪便检查	fen bian jian cha	5
粪尿	fen niao	5
粪瘘	fen lou	3
粪石	fen shi	4
精制冠心片	jing zhi guan xin pian	5
精制冠心软胶囊	jing zhi guan xin ruan jiao nang	4
精制冠心颗粒	jing zhi guan xin ke li	2
精制破伤风抗毒素	jing zhi po shang feng kang du su	3
精制银翘解毒片	jing zhi yin qiao jie du pian	3
精包	jing bao	9
精原细胞	jing yuan xi bao	16
精原细胞瘤	jing yuan xi bao liu	3
精囊	jing nang	22
精囊囊肿	jing nang nang zhong	2
精囊恶性肿瘤	jing nang e xing zhong liu	2
精囊炎	jing nang yan	2
精囊结石	jing nang jie shi	2
精囊肿瘤	jing nang zhong liu	4
精子发生	jing zi fa sheng	13
精子形成	jing zi xing cheng	6
精子细胞	jing zi xi bao	4
精子获能	jing zi huo neng	3
精子计数	jing zi ji shu	3
精密附着体	jing mi fu zhuo ti	5
精巢	jing chao	2
精核	jing he	2
精母细胞	jing mu xi bao	2
精氨酸	jing an suan	23
精氨酸加压素	jing an suan jia ya su	2
精氨酸酶	jing an suan mei	3
精液常规检查	jing ye chang gui jian cha	5
精神依赖性	jing shen yi lai xing	7
精神外科	jing shen wai ke	6
精神抑郁症	jing shen yi yu zheng	1
精神疗法	jing shen liao fa	2
精神病护理	jing shen bing hu li	5
精神症状	jing shen zheng zhuang	17
精神科护理学	jing shen ke hu li xue	1
精神萎靡	jing shen wei mi	2
精神衰退	jing shen shuai tui	6
精神运动性癫痫	jing shen yun dong xing dian xian	2
精索	jing suo	7
精索炎	jing suo yan	3
精索静脉曲张	jing suo jing mai qu zhang	9
精索静脉结扎术	jing suo jing mai jie zha shu	4
精索静脉高位结扎术	jing suo jing mai gao wei jie zha shu	4
精细胞	jing xi bao	4
精蛋白	jing dan bai	6
精蛋白锌重组人胰岛素	jing dan bai xin chong zu ren yi dao su	2
精阜炎	jing fu yan	3
糊剂	hu ji	1
糖丸	tang wan	9
糖化血红蛋白	tang hua xue hong dan bai	9
糖原贮积症	tang yuan zhu ji zheng	3
糖尿乐片	tang niao le pian	3
糖尿乐胶囊	tang niao le jiao nang	5
糖尿病前期	tang niao bing qian qi	9
糖尿病性周围神经病	tang niao bing xing zhou wei shen jing bing	3
糖尿病性心脏病	tang niao bing xing xin zang bing	4
糖尿病性白内障	tang niao bing xing bai nei zhang	1
糖尿病性肾病	tang niao bing xing shen bing	5
糖尿病性视网膜病变	tang niao bing xing shi wang mo bing bian	7
糖尿病昏迷	tang niao bing hun mi	6
糖尿病肾病	tang niao bing shen bing	2
糖尿病酮症酸中毒	tang niao bing tong zheng suan zhong du	5
糖异生作用	tang yi sheng zuo yong	3
糖浆剂	tang jiang ji	1
糖维胶囊	tang wei jiao nang	4
糖耐量	tang nai liang	1
糖耐量异常	tang nai liang yi chang	1
糖脂宁胶囊	tang zhi ning jiao nang	7
糖脉康颗粒	tang mai kang ke li	2
糖适平	tang shi ping	6
糖醛酸	tang quan suan	19
糜烂性胃炎	mi lan xing wei yan	8
糜蛋白酶	mi dan bai mei	2
糠秕马拉色菌	kang bi ma la se jun	3
糠酸	kang suan	6
糠酸莫米松	kang suan mo mi song	3
糠酸莫米松乳膏	kang suan mo mi song ru gao	3
糯稻根	nuo dao gen	4
系带	ji dai	9
系统性接触性皮炎	xi tong xing jie chu xing pi yan	2
系统性红斑狼疮	xi tong xing hong ban lang chuang	6
系统性血管炎	xi tong xing xue guan yan	5
系统生物学	xi tong sheng wu xue	25
系统解剖	xi tong jie pou	6
系统解剖学	xi tong jie pou xue	3
素问	su wen	10
素馨花	su xin hua	1
素髎	su liao	3
素高捷疗	su gao jie liao	2
索密痛	suo mi tong	3
索米痛	suo mi tong	2
索马杜林	suo ma du lin	4
紧密连接	jin mi lian jie	15
紧张型精神分裂症	jin zhang xing jing shen fen lie zheng	7
紧张性	jin zhang xing	12
紧张性头痛	jin zhang xing tou tong	7
紧张性收缩	jin zhang xing shou suo	2
紧张症	jin zhang zheng	1
紫外光显微镜	zi wai guang xian wei jing	2
紫外分光光度法	zi wai fen guang guang du fa	3
紫外灯	zi wai deng	3
紫外线消毒	zi wai xian xiao du	1
紫外线消毒车	zi wai xian xiao du che	4
紫外线灯管	zi wai xian deng guan	6
紫外线照射	zi wai xian zhao she	26
紫宫	zi gong	3
紫归治裂膏	zi gui zhi lie gao	2
紫斑	zi ban	46
紫杉醇	zi shan chun	45
紫杉醇注射液	zi shan chun zhu she ye	4
紫檀香	zi tan xiang	3
紫河车	zi he che	2
紫河车胶囊	zi he che jiao nang	4
紫灯胶囊	zi deng jiao nang	2
紫癜	zi dian	8
紫癫	zi dian	4
紫花地丁	zi hua di ding	1
紫花杜鹃	zi hua du juan	1
紫花杜鹃片	zi hua du juan pian	2
紫苏	zi su	30
紫苏子	zi su zi	4
紫苏梗	zi su geng	3
紫苏油	zi su you	1
紫荆皮	zi jing pi	3
紫金莲	zi jin lian	3
紫金龙	zi jin long	9
紫雪丹	zi xue dan	5
紫雪颗粒	zi xue ke li	3
紫龙金片	zi long jin pian	3
累积死亡率	lei ji si wang lv	2
繁殖行为	fan zhi xing wei	8
红三叶草	hong san ye cao	6
红光治疗	hong guang zhi liao	6
红参片	hong shen pian	5
红唇	hong chun	44
红外线治疗	hong wai xian zhi liao	6
红外线热像仪	hong wai xian re xiang yi	4
红大戟	hong da ji	3
红宝石激光器	hong bao shi ji guang qi	4
红归胶囊	hong gui jiao nang	4
红斑性肢痛症	hong ban xing zhi tong zheng	2
红景天	hong jing tian	32
红杜仲	hong du zhong	1
红核妇洁洗液	hong he fu jie xi ye	2
红桃	hong tao	12
红甲	hong jia	3
红痱	hong fei	5
红癣	hong xuan	3
红白血病	hong bai xue bing	6
红皮病	hong pi bing	7
红皮病型银屑病	hong pi bing xing yin xie bing	4
红皮病性银屑病	hong pi bing xing yin xie bing	2
红细胞保存液	hong xi bao bao cun ye	3
红细胞凝集	hong xi bao ning ji	5
红细胞增多	hong xi bao zeng duo	1
红细胞增多症	hong xi bao zeng duo zheng	2
红细胞寿命测定	hong xi bao shou ming ce ding	2
红细胞沉降率测定	hong xi bao chen jiang lv ce ding	2
红细胞生成性原卟啉症	hong xi bao sheng cheng xing yuan bu lin zheng	3
红细胞生成素	hong xi bao sheng cheng su	6
红细胞膜	hong xi bao mo	2
红细胞计数	hong xi bao ji shu	4
红肌	hong ji	1
红色毛癣菌	hong se mao xuan jun	1
红色血栓	hong se xue shuan	1
红芪	hong qi	6
红芪口服液	hong qi kou fu ye	2
红花口服液	hong hua kou fu ye	2
红花油	hong hua you	2
红花注射液	hong hua zhu she ye	5
红花黄色素	hong hua huang se su	4
红草止鼾	hong cao zhi han	3
红草止鼾颗粒	hong cao zhi han ke li	2
红药气雾剂	hong yao qi wu ji	3
红药片	hong yao pian	3
红药贴膏	hong yao tie gao	3
红莲子	hong lian zi	4
红藤	hong teng	4
红藻	hong zao	25
红藻氨酸	hong zao an suan	3
红豆蔻	hong dou kou	1
红霉素注射液	hong mei su zhu she ye	2
红霉素片	hong mei su pian	4
红霉素眼膏	hong mei su yan gao	6
红霉素肠溶片	hong mei su chang rong pian	4
红霉素软膏	hong mei su ruan gao	7
红骨髓	hong gu sui	6
红髓	hong sui	1
红鹿参片	hong lu shen pian	3
纤溶酶	xian rong mei	11
纤维喉镜检查	xian wei hou jing jian cha	4
纤维性	xian wei xing	10
纤维性骨炎	xian wei xing gu yan	2
纤维斑块	xian wei ban kuai	3
纤维植物	xian wei zhi wu	5
纤维环	xian wei huan	8
纤维瘤病	xian wei liu bing	1
纤维素衍生物	xian wei su yan sheng wu	2
纤维组织	xian wei zu zhi	25
纤维细胞	xian wei xi bao	21
纤维肉瘤	xian wei rou liu	1
纤维腺瘤	xian wei xian liu	15
纤维蛋白原	xian wei dan bai yuan	26
纤维软骨	xian wei ruan gu	26
纤维连接蛋白	xian wei lian jie dan bai	3
级联反应	ji lian fan ying	13
纯合子	chun he zi	13
纯阳正气丸	chun yang zheng qi wan	4
纳多洛尔	na duo luo er	3
纳洛酮	na luo tong	28
纳米球	na mi qiu	1
纵膈	zong ge	11
纵膈淋巴结肿大	zong ge lin ba jie zhong da	2
纵裂	zong lie	12
纵隔	zong ge	13
纵隔子宫	zong ge zi gong	3
纵隔气肿	zong ge qi zhong	1
纵隔炎	zong ge yan	5
纵隔胸膜	zong ge xiong mo	2
纵隔脓肿	zong ge nong zhong	1
纵隔镜检查	zong ge jing jian cha	1
纹状体	wen zhuang ti	10
纺锤体	fang chui ti	3
线粒体遗传	xian li ti yi chuan	6
线索细胞	xian suo xi bao	1
线虫病	xian chong bing	8
组氨酸	zu an suan	24
组织修复	zu zhi xiu fu	8
组织分化	zu zhi fen hua	1
组织化学	zu zhi hua xue	15
组织因子	zu zhi yin zi	10
组织培养	zu zhi pei yang	36
组织学与胚胎学	zu zhi xue yu pei tai xue	1
组织工程学	zu zhi gong cheng xue	1
组织库	zu zhi ku	7
组织液	zu zhi ye	7
组织相容性	zu zhi xiang rong xing	13
组织相容性抗原	zu zhi xiang rong xing kang yuan	4
组织移植	zu zhi yi zhi	3
组织细胞	zu zhi xi bao	31
组织细胞增多症	zu zhi xi bao zeng duo zheng	2
组织胚胎学	zu zhi pei tai xue	3
组织胺	zu zhi an	40
组织行为学	zu zhi xing wei xue	6
组织转化	zu zhi zhuan hua	6
组胺	zu an	43
细丝	xi si	43
细支气管	xi zhi qi guan	2
细支气管炎	xi zhi qi guan yan	4
细支气管肺泡癌	xi zhi qi guan fei pao ai	2
细管	xi guan	25
细胞免疫	xi bao mian yi	6
细胞免疫学	xi bao mian yi xue	1
细胞决定	xi bao jue ding	2
细胞分裂素	xi bao fen lie su	1
细胞分选	xi bao fen xuan	3
细胞动力学	xi bao dong li xue	2
细胞化学	xi bao hua xue	3
细胞周期蛋白	xi bao zhou qi dan bai	5
细胞学	xi bao xue	24
细胞工程	xi bao gong cheng	5
细胞库	xi bao ku	7
细胞形态学	xi bao xing tai xue	1
细胞杂交	xi bao za jiao	3
细胞株	xi bao zhu	13
细胞毒	xi bao du	3
细胞毒素	xi bao du su	5
细胞液	xi bao ye	7
细胞溶解	xi bao rong jie	7
细胞生理学	xi bao sheng li xue	6
细胞生长因子	xi bao sheng zhang yin zi	3
细胞生长肽	xi bao sheng zhang tai	3
细胞病理学	xi bao bing li xue	3
细胞癌	xi bao ai	19
细胞移动	xi bao yi dong	4
细胞移植	xi bao yi zhi	11
细胞粘着	xi bao zhan zhuo	2
细胞粘附分子	xi bao zhan fu fen zi	6
细胞组织	xi bao zu zhi	21
细胞肿胀	xi bao zhong zhang	1
细胞融合	xi bao rong he	12
细胞表面抗原	xi bao biao mian kang yuan	2
细胞衰老	xi bao shuai lao	4
细胞角蛋白	xi bao jiao dan bai	3
细胞识别	xi bao shi bie	1
细胞谱系	xi bao pu xi	3
细胞运动	xi bao yun dong	4
细胞连接	xi bao lian jie	3
细胞遗传学	xi bao yi chuan xue	25
细胞骨架	xi bao gu jia	24
细脉	xi mai	7
细菌内毒素	xi jun nei du su	1
细菌学检验	xi jun xue jian yan	4
细菌性前列腺炎	xi jun xing qian lie xian yan	7
细菌性心内膜炎	xi jun xing xin nei mo yan	2
细菌性感染	xi jun xing gan ran	2
细菌性痢疾	xi jun xing li ji	4
细菌性结膜炎	xi jun xing jie mo yan	3
细菌性肠炎	xi jun xing chang yan	6
细菌性肺炎	xi jun xing fei yan	11
细菌性脑膜炎	xi jun xing nao mo yan	3
细菌性腹膜炎	xi jun xing fu mo yan	4
细菌性膀胱炎	xi jun xing pang guang yan	3
细菌性角膜溃疡	xi jun xing jiao mo kui yang	3
细菌性角膜炎	xi jun xing jiao mo yan	1
细菌性阴道炎	xi jun xing yin dao yan	9
细菌性阴道病	xi jun xing yin dao bing	8
细菌性食物中毒	xi jun xing shi wu zhong du	2
细菌毒素	xi jun du su	2
细辛脑	xi xin nao	5
细辛脑氯化钠注射液	xi xin nao lv hua na zhu she ye	4
细辛脑注射液	xi xin nao zhu she ye	6
终末消毒	zhong mo xiao du	4
终末细支气管	zhong mo xi zhi qi guan	3
终止子	zhong zhi zi	2
终止密码子	zhong zhi mi ma zi	17
终毛	zhong mao	1
经前平颗粒	jing qian ping ke li	2
经前综合征	jing qian zong he zheng	6
经外奇穴	jing wai qi xue	5
经尿道前列腺电切术	jing niao dao qian lie xian dian qie shu	5
经带宁胶囊	jing dai ning jiao nang	3
经期延长	jing qi yan chang	8
经气	jing qi	7
经渠	jing qu	3
经渠穴	jing qu xue	2
经皮神经电刺激疗法	jing pi shen jing dian ci ji liao fa	2
经皮肾镜取石术	jing pi shen jing qu shi shu	6
经络腧穴学	jing luo shu xue xue	3
经舒胶囊	jing shu jiao nang	3
经舒颗粒	jing shu ke li	2
经间痛	jing jian tong	3
经颅多普勒	jing lu duo pu le	1
经颅多普勒超声	jing lu duo pu le chao sheng	4
绒促性素	rong cu xing su	3
绒毛状腺瘤	rong mao zhuang xian liu	4
绒毛膜上皮癌	rong mao mo shang pi ai	5
绒毛膜促性腺激素	rong mao mo cu xing xian ji su	13
结合蛋白质	jie he dan bai zhi	4
结合雌激素	jie he ci ji su	4
结扎术	jie za shu	7
结晶尿	jie jing niao	1
结构基因	jie gou ji yin	14
结构性访谈	jie gou xing fang tan	3
结构效度	jie gou xiao du	1
结构蛋白质	jie gou dan bai zhi	1
结核分枝杆菌	jie he fen zhi gan jun	7
结核性关节炎	jie he xing guan jie yan	3
结核性肛瘘	jie he xing gang lou	2
结核性脑膜炎	jie he xing nao mo yan	8
结核性腹膜炎	jie he xing fu mo yan	6
结核球	jie he qiu	3
结核结节	jie he jie jie	2
结核菌素	jie he jun su	1
结核菌素试验	jie he jun su shi yan	2
结直肠肿瘤	jie zhi chang zhong liu	1
结石康胶囊	jie shi kang jiao nang	2
结石清胶囊	jie shi qing jiao nang	2
结石通茶	jie shi tong cha	5
结缔组织病	jie di zu zhi bing	3
结缔组织痣	jie di zu zhi zhi	2
结肠切除术	jie chang qie chu shu	4
结肠息肉	jie chang xi rou	7
结肠憩室	jie chang qi shi	2
结肠憩室炎	jie chang qi shi yan	2
结肠旁沟	jie chang pang gou	3
结肠溃疡	jie chang kui yang	4
结肠炎	jie chang yan	30
结肠瘘	jie chang lou	2
结肠破裂	jie chang po lie	5
结肠系膜	jie chang xi mo	4
结肠袋	jie chang dai	2
结肠透析	jie chang tou xi	4
结肠造口术	jie chang zao kou shu	1
结肠镜	jie chang jing	1
结肠镜检查	jie chang jing jian cha	3
结肠黑变病	jie chang hei bian bing	2
结膜充血	jie mo chong xue	8
结膜囊	jie mo nang	7
结膜干燥症	jie mo gan zao zheng	2
结膜结石	jie mo jie shi	4
结舌	jie she	6
结节影	jie jie ying	4
结节性	jie jie xing	26
结节性多动脉炎	jie jie xing duo dong mai yan	2
结节性梅毒疹	jie jie xing mei du zhen	2
结节性甲状腺肿	jie jie xing jia zhuang xian zhong	36
结节性痒疹	jie jie xing yang zhen	4
结节性硬化症	jie jie xing ying hua zheng	13
结节性红斑	jie jie xing hong ban	12
结节性脑硬化	jie jie xing nao ying hua	3
结节性血管炎	jie jie xing xue guan yan	3
结节性黄色瘤	jie jie xing huang se liu	2
绘画疗法	hui hua liao fa	5
给药系统	gei yao xi tong	3
络却	luo que	2
络合碘	luo he dian	5
络活喜	luo huo xi	7
络病学	luo bing xue	5
络瘀通胶囊	luo yu tong jiao nang	2
络石藤	luo shi teng	5
络穴	luo xue	3
络脉	luo mai	6
绝对不应期	jue dui bu ying qi	3
绝经后骨质疏松	jue jing hou gu zhi shu song	3
绝骨	jue gu	3
绞窄性肠梗阻	jiao zhai xing chang geng zu	4
绞股蓝	jiao gu lan	22
绞股蓝总甙片	jiao gu lan zong dai pian	3
绦虫病	tao chong bing	6
继代培养	ji dai pei yang	4
继发性	ji fa xing	23
继发性免疫缺陷	ji fa xing mian yi que xian	3
继发性感染	ji fa xing gan ran	7
继发性痛经	ji fa xing tong jing	7
继发性癫痫	ji fa xing dian xian	7
继发性糖尿病	ji fa xing tang niao bing	4
继发性肺动脉高压	ji fa xing fei dong mai gao ya	3
继发性肺结核	ji fa xing fei jie he	7
继发性血小板增多症	ji fa xing xue xiao ban zeng duo zheng	2
继发性贫血	ji fa xing pin xue	6
继发性闭经	ji fa xing bi jing	1
继发性青光眼	ji fa xing qing guang yan	7
继发性高血压	ji fa xing gao xue ya	7
继发感染	ji fa gan ran	4
继发龋	ji fa qu	3
续发率	xu fa lv	4
续名医类案	xu ming yi lei an	3
续命汤	xu ming tang	6
续随子	xu sui zi	8
维尔康胶囊	wei er kang jiao nang	2
维库溴铵	wei ku xiu an	2
维拉帕米	wei la pa mi	5
维生素中毒	wei sheng su zhong du	2
维生素咀嚼片	wei sheng su ju jue pian	2
维生素片	wei sheng su pian	2
维生素缺乏	wei sheng su que fa	4
维生素缺乏症	wei sheng su que fa zheng	3
维管束	wei guan shu	47
维管植物	wei guan zhi wu	48
维肝福泰片	wei gan fu tai pian	3
维胺酯	wei an zhi	3
维胺酯胶囊	wei an zhi jiao nang	3
维血宁	wei xue ning	2
维道	wei dao	4
绵萆薢	mian bi xie	2
综合防治	zong he fang zhi	5
绿原酸	lv yuan suan	3
绿脓杆菌	lv nong gan jun	20
绿脓杆菌性肺炎	lv nong gan jun xing fei yan	2
绿色果园	lv se guo yuan	6
绿色瘤	lv se liu	2
绿药膏	lv yao gao	5
绿萍	lv ping	8
缓冲液	huan chong ye	16
缓解期	huan jie qi	30
缓释制剂	huan shi zhi ji	1
缓释胶囊	huan shi jiao nang	1
缔合物	di he wu	34
编码区	bian ma qu	5
缝匠肌	feng jiang ji	3
缝针	feng zhen	14
缝隙连接	feng xi lian jie	14
缢死	yi si	12
缩合葡萄糖	suo he pu tao tang	2
缩宫素	suo gong su	7
缩宫素注射液	suo gong su zhu she ye	3
缩泉丸	suo quan wan	5
缩泉胶囊	suo quan jiao nang	3
缩窄性心包炎	suo zhai xing xin bao yan	5
缬氨酸	xie an suan	18
缬沙坦	xie sha tan	7
缬沙坦分散片	xie sha tan fen san pian	2
缬沙坦氢氯噻嗪片	xie sha tan qing lv sai qin pian	3
缬沙坦片	xie sha tan pian	2
缬沙坦胶囊	xie sha tan jiao nang	4
缺如	que ru	6
缺氧症	que yang zheng	6
缺盆	que pen	3
缺盆穴	que pen xue	4
缺硒	que xi	8
缺血性坏死	que xue xing huai si	2
缺血性心肌病	que xue xing xin ji bing	6
缺血性挛缩	que xue xing luan suo	4
缺血性肌挛缩	que xue xing ji luan suo	2
缺血性肠炎	que xue xing chang yan	3
缺血性肠病	que xue xing chang bing	3
缺血性视盘病变	que xue xing shi pan bing bian	2
缺血性视神经病变	que xue xing shi shen jing bing bian	1
缺铁性贫血	que tie xing pin xue	14
罂粟壳	ying su ke	1
网格蛋白	wang ge dan bai	21
网状内皮系统	wang zhuang nei pi xi tong	4
网状纤维	wang zhuang xian wei	32
网状组织	wang zhuang zu zhi	10
网状细胞	wang zhuang xi bao	19
网状结构	wang zhuang jie gou	32
网状脉	wang zhuang mai	5
网球肘	wang qiu zhou	10
网织红细胞	wang zhi hong xi bao	3
网织红细胞计数	wang zhi hong xi bao ji shu	2
网胃	wang wei	4
网膜炎	wang mo yan	1
罗哌卡因	luo pai ka yin	3
罗嘉瑞	luo jia rui	1
罗布麻	luo bu ma	11
罗布麻叶	luo bu ma ye	2
罗布麻叶片	luo bu ma ye pian	3
罗布麻降压片	luo bu ma jiang ya pian	2
罗格列酮	luo ge lie tong	5
罗格列酮片	luo ge lie tong pian	3
罗格列酮钠	luo ge lie tong na	3
罗格列酮钠片	luo ge lie tong na pian	2
罗汉果止咳胶囊	luo han guo zhi ke jiao nang	3
罗浮山百草油	luo fu shan bai cao you	7
罗浮山风湿膏药	luo fu shan feng shi gao yao	2
罗珍胶囊	luo zhen jiao nang	4
罗红霉素	luo hong mei su	8
罗红霉素分散片	luo hong mei su fen san pian	5
罗红霉素干混悬剂	luo hong mei su gan hun xuan ji	2
罗红霉素片	luo hong mei su pian	4
罗红霉素缓释胶囊	luo hong mei su huan shi jiao nang	3
罗红霉素胶囊	luo hong mei su jiao nang	6
罗红霉素颗粒	luo hong mei su ke li	2
罗补甫克比日丸	luo bu fu ke bi ri wan	2
罗通定	luo tong ding	4
罗通定片	luo tong ding pian	3
罗非昔布	luo fei xi bu	1
罗非昔布片	luo fei xi bu pian	3
罪犯改造心理学	zui fan gai zao xin li xue	3
置换价	zhi huan jia	4
罹患率	li huan lv	11
羊毛脂	yang mao zhi	2
羊水栓塞	yang shui shuan se	4
羊水细胞	yang shui xi bao	1
羊水过多	yang shui guo duo	8
羊水过少	yang shui guo shao	4
羊痘	yang dou	2
羊耳菊	yang er ju	2
羊胎素	yang tai su	1
羊胎素胶囊	yang tai su jiao nang	2
羊膜带综合征	yang mo dai zong he zheng	3
羊膜穿刺术	yang mo chuan ci shu	1
羊藿三七片	yang huo san qi pian	3
羊踯躅根	yang zhi zhu gen	3
羊蹄根	yang ti gen	3
羌月乳膏	qiang yue ru gao	2
羌活	qiang huo	10
羌活胜湿汤	qiang huo sheng shi tang	3
美他多辛胶囊	mei ta duo xin jiao nang	2
美他环素	mei ta huan su	5
美克洛嗪	mei ke luo qin	3
美加明	mei jia ming	1
美司钠	mei si na	2
美吡哒	mei bi da	2
美国药典	mei guo yao dian	8
美复威	mei fu wei	2
美学基础	mei xue ji chu	1
美容保健	mei rong bao jian	1
美容化妆品学	mei rong hua zhuang pin xue	2
美容医学	mei rong yi xue	3
美容外科学	mei rong wai ke xue	4
美容学	mei rong xue	7
美容心理学	mei rong xin li xue	3
美容术	mei rong shu	8
美容皮肤科学	mei rong pi fu ke xue	3
美容药物学	mei rong yao wu xue	2
美尼尔综合征	mei ni er zong he zheng	5
美愈伪麻胶囊	mei yu wei ma jiao nang	2
美扑伪麻片	mei pu wei ma pian	4
美托洛尔	mei tuo luo er	5
美敏伪麻溶液	mei min wei ma rong ye	4
美施康定	mei shi kang ding	2
美沙拉嗪	mei sha la qin	9
美沙拉秦缓释颗粒剂	mei sha la qin huan shi ke li ji	2
美沙酮	mei sha tong	23
美洛培南	mei luo pei nan	2
美洛昔康	mei luo xi kang	2
美洛昔康注射液	mei luo xi kang zhu she ye	3
美洛西林	mei luo xi lin	4
美洛西林钠	mei luo xi lin na	4
美洛西林钠舒巴坦钠	mei luo xi lin na shu ba tan na	3
美满霉素	mei man mei su	4
美索巴莫	mei suo ba mo	2
美罗培南	mei luo pei nan	5
美菲康	mei fei kang	2
美西律	mei xi lv	5
羚羊感冒片	ling yang gan mao pian	5
羚羊感冒胶囊	ling yang gan mao jiao nang	8
羚羊感冒软胶囊	ling yang gan mao ruan jiao nang	2
羚羊清肺丸	ling yang qing fei wan	5
羚羊清肺颗粒	ling yang qing fei ke li	2
羚羊角口服液	ling yang jiao kou fu ye	3
羚羊角散	ling yang jiao san	3
羚羊角滴丸	ling yang jiao di wan	2
羚羊角颗粒	ling yang jiao ke li	2
羚翘解毒丸	ling qiao jie du wan	4
羚翘解毒片	ling qiao jie du pian	2
羚贝止咳糖浆	ling bei zhi ke tang jiang	2
羚黄宝儿丸	ling huang bao er wan	3
羞明	xiu ming	1
羟丁酸钠	qiang ding suan na	2
羟丙基甲基纤维素	qiang bing ji jia ji xian wei su	4
羟丙基纤维素	qiang bing ji xian wei su	3
羟乙基淀粉	qiang yi ji dian fen	1
羟乙基淀粉注射液	qiang yi ji dian fen zhu she ye	3
羟乙基纤维素	qiang yi ji xian wei su	1
羟喜树碱	qiang xi shu jian	2
羟嗪	qiang qin	4
羟甲唑啉	qiang jia zuo lin	1
羟甲基糠醛	qiang jia ji kang quan	1
羟甲基纤维素	qiang jia ji xian wei su	3
羟甲基纤维素钠	qiang jia ji xian wei su na	2
羟甲烟胺片	qiang jia yan an pian	3
羟甲烯龙	qiang jia xi long	1
羟甲香豆素	qiang jia xiang dou su	1
羟脯氨酸	qiang pu an suan	1
羟苯乙酯	qiang ben yi zhi	6
羟苯甲酯	qiang ben jia zhi	4
羟苯磺酸钙	qiang ben huang suan gai	3
羟苯磺酸钙胶囊	qiang ben huang suan gai jiao nang	2
群体反应性抗体	qun ti fan ying xing kang ti	3
群体密度	qun ti mi du	5
群体思维	qun ti si wei	5
群体遗传学	qun ti yi chuan xue	10
群落生态学	qun luo sheng tai xue	1
羧甲司坦	suo jia si tan	4
羧甲司坦片	suo jia si tan pian	2
羧甲基纤维素	suo jia ji xian wei su	2
羧苄西林	suo bian xi lin	2
羰基镍	tang ji nie	10
翁心植	weng xin zhi	3
翅果	chi guo	31
翳明	yi ming	2
翳风	yi feng	4
翻正反射	fan zheng fan she	2
翻瓣术	fan ban shu	3
翻白草	fan bai cao	4
翻译后修饰	fan yi hou xiu shi	14
翻身床	fan shen chuang	1
翼内肌	yi nei ji	1
翼状胬肉	yi zhuang nu rou	2
翼状胬肉切除术	yi zhuang nu rou qie chu shu	3
老年心理学	lao nian xin li xue	6
老年性癫痫	lao nian xing dian xian	3
老年性白内障	lao nian xing bai nei zhang	10
老年性白斑	lao nian xing bai ban	3
老年性精神病	lao nian xing jing shen bing	4
老年性紫癜	lao nian xing zi dian	2
老年性血管瘤	lao nian xing xue guan liu	2
老年性黄斑变性	lao nian xing huang ban bian xing	8
老年护理学	lao nian hu li xue	4
老年疣	lao nian you	3
老年黄斑变性	lao nian huang ban bian xing	3
老死	lao si	10
老范志万应神曲	lao fan zhi wan ying shen qu	2
老视	lao shi	6
老鹳草	lao guan cao	29
耆鹿逐痹口服液	qi lu zhu bi kou fu ye	3
耐寒性	nai han xing	13
耐热性	nai re xing	30
耐盐性	nai yan xing	5
耐药	nai yao	45
耐量试验	nai liang shi yan	6
耳再造术	er zai zao shu	4
耳出血	er chu xue	1
耳垂缺损	er chui que sun	2
耳大神经	er da shen jing	3
耳屏	er ping	2
耳带状疱疹	er dai zhuang pao zhen	2
耳廓假性囊肿	er kuo jia xing nang zhong	4
耳廓再造术	er kuo zai zao shu	3
耳廓缺损	er kuo que sun	3
耳廓软骨膜炎	er kuo ruan gu mo yan	4
耳流脓	er liu nong	5
耳源性脑脓肿	er yuan xing nao nong zhong	2
耳痛	er tong	6
耳硬化症	er ying hua zheng	2
耳结核	er jie he	6
耳聋左慈丸	er long zuo ci wan	3
耳聋病	er long bing	3
耳聋胶囊	er long jiao nang	2
耳聋通窍丸	er long tong qiao wan	5
耳部带状疱疹	er bu dai zhuang pao zhen	2
耳颞神经	er nie shen jing	2
耳鸣耳聋	er ming er long	9
耳鼻咽喉	er bi yan hou	19
耳鼻咽喉头颈外科	er bi yan hou tou jing wai ke	4
耳鼻咽喉头颈外科学	er bi yan hou tou jing wai ke xue	4
耵聍栓塞	ding ning shuan se	5
耻骨梳	chi gu shu	2
耻骨联合	chi gu lian he	19
耿鉴庭	geng jian ting	2
聋哑病	long ya bing	4
聋哑症	long ya zheng	1
职业康复	zhi ye kang fu	6
职业性哮喘	zhi ye xing xiao chuan	5
职业性痤疮	zhi ye xing cuo chuang	3
职业性白内障	zhi ye xing bai nei zhang	3
职业性皮肤病	zhi ye xing pi fu bing	1
职业性肿瘤	zhi ye xing zhong liu	7
职业暴露	zhi ye bao lu	4
联体儿	lian ti er	6
联合免疫	lian he mian yi	1
联合化疗	lian he hua liao	5
联合用药	lian he yong yao	10
联合疫苗	lian he yi miao	1
联环尔定	lian huan er ding	2
联磺甲氧苄啶	lian huang jia yang bian ding	3
联苯乙酸	lian ben yi suan	3
联苯双酯	lian ben shuang zhi	4
联苯苄唑	lian ben bian zuo	1
联苯苄唑乳膏	lian ben bian zuo ru gao	4
联邦止咳露	lian bang zhi ke lu	6
聚丙烯酰胺	ju bing xi xian an	4
聚丙烯酰胺凝胶	ju bing xi xian an ning jiao	6
聚乙二醇电解质散剂	ju yi er chun dian jie zhi san ji	2
聚乙烯醇滴眼液	ju yi xi chun di yan ye	2
聚乙醇酸	ju yi chun suan	3
聚二甲硅氧烷	ju er jia gui yang wan	3
聚合性痤疮	ju he xing cuo chuang	3
聚合酶链反应	ju he mei lian fan ying	2
聚合酶链式反应	ju he mei lian shi fan ying	27
聚山梨酯	ju shan li zhi	1
聚明胶肽	ju ming jiao tai	2
聚明胶肽注射液	ju ming jiao tai zhu she ye	3
聚泉	ju quan	5
聚甲基丙烯酸甲酯	ju jia ji bing xi suan jia zhi	10
聚维酮碘	ju wei tong dian	10
聚肌胞	ju ji bao	1
聚肌胞注射液	ju ji bao zhu she ye	3
聚花果	ju hua guo	1
聚谷氨酸	ju gu an suan	3
肉柱	rou zhu	5
肉桂叶	rou gui ye	4
肉桂酸	rou gui suan	22
肉毒中毒	rou du zhong du	2
肉毒抗毒素	rou du kang du su	4
肉毒杆菌	rou du gan jun	41
肉毒毒素	rou du du su	1
肉瘤变	rou liu bian	4
肉芽组织	rou ya zu zhi	8
肉苁蓉	rou cong rong	19
肉蔻	rou kou	1
肉蔻四神丸	rou kou si shen wan	2
肋椎关节	lei zhui guan jie	3
肋沟	lei gou	2
肋膈角	lei ge jiao	2
肋软骨	lei ruan gu	6
肋软骨炎	lei ruan gu yan	1
肋间外肌	lei jian wai ji	12
肋间神经痛	lei jian shen jing tong	6
肋间肌	lei jian ji	6
肋间隙	lei jian xi	1
肋骨骨折	lei gu gu zhe	20
肌上皮细胞	ji shang pi xi bao	2
肌内注射	ji nei zhu she	3
肌凝蛋白	ji ning dan bai	9
肌动蛋白	ji dong dan bai	49
肌原纤维	ji yuan xian wei	3
肌张力	ji zhang li	10
肌强直	ji qiang zhi	7
肌性斜颈	ji xing xie jing	5
肌无力	ji wu li	10
肌无力危象	ji wu li wei xiang	3
肌松药	ji song yao	4
肌氨肽苷注射液	ji an tai gan zhu she ye	2
肌炎	ji yan	2
肌球蛋白	ji qiu dan bai	17
肌电图	ji dian tu	19
肌病	ji bing	9
肌瘤	ji liu	3
肌皮瓣	ji pi ban	1
肌皮神经	ji pi shen jing	3
肌筋膜炎	ji jin mo yan	1
肌紧张	ji jin zhang	5
肌纤维	ji xian wei	25
肌组织	ji zu zhi	2
肌细胞	ji xi bao	42
肌肉酸痛	ji rou suan tong	27
肌肤甲错	ji fu jia cuo	4
肌腱延长术	ji jian yan chang shu	2
肌腱炎	ji jian yan	30
肌腱粘连	ji jian zhan lian	5
肌腹	ji fu	3
肌膜	ji mo	11
肌膜炎	ji mo yan	5
肌节	ji jie	6
肌苷	ji gan	9
肌苷注射液	ji gan zhu she ye	3
肌苷片	ji gan pian	4
肌苷葡萄糖注射液	ji gan pu tao tang zhu she ye	4
肌苷酸钠	ji gan suan na	3
肌萎缩侧索硬化	ji wei suo ce suo ying hua	5
肌质	ji zhi	5
肌酐	ji gan	3
肌酸激酶	ji suan ji mei	2
肌钙蛋白	ji gai dan bai	11
肌阵挛	ji zhen luan	7
肓俞	huang shu	2
肖传国	xiao chuan guo	9
肘关节脱位	zhou guan jie tuo wei	6
肘内翻	zhou nei fan	1
肘外翻	zhou wai fan	2
肘尖	zhou jian	5
肘拐	zhou guai	3
肘正中静脉	zhou zheng zhong jing mai	3
肘管综合征	zhou guan zong he zheng	4
肘肌	zhou ji	3
肘髎	zhou liao	3
肚痛健胃整肠丸	du tong jian wei zheng chang wan	3
肛乳头炎	gang ru tou yan	3
肛乳头肥大	gang ru tou fei da	5
肛周炎	gang zhou yan	4
肛周脓肿	gang zhou nong zhong	8
肛康穆库利片	gang kang mu ku li pian	3
肛提肌	gang ti ji	3
肛管	gang guan	2
肛管损伤	gang guan sun shang	3
肛管炎	gang guan yan	3
肛管癌	gang guan ai	4
肛管直肠癌	gang guan zhi chang ai	2
肛肠	gang chang	9
肛肠科	gang chang ke	2
肛裂	gang lie	1
肛门出血	gang men chu xue	1
肛门外括约肌	gang men wai kuo yue ji	4
肛门失禁	gang men shi jin	6
肛门息肉	gang men xi rou	3
肛门括约肌	gang men kuo yue ji	7
肛门指检	gang men zhi jian	7
肛门湿疣	gang men shi you	3
肛门狭窄	gang men xia zhai	1
肛门瘙痒	gang men sao yang	1
肛门镜	gang men jing	6
肛门镜检查	gang men jing jian cha	7
肛门闭锁	gang men bi suo	7
肛隐窝炎	gang yin wo yan	2
肝主疏泄	gan zhu shu xie	6
肝主谋虑	gan zhu mou lv	2
肝俞	gan shu	5
肝俞穴	gan shu xue	4
肝内胆管结石	gan nei dan guan jie shi	7
肝出血	gan chu xue	4
肝功能不全	gan gong neng bu quan	3
肝功能异常	gan gong neng yi chang	4
肝功能衰竭	gan gong neng shuai jie	14
肝动脉	gan dong mai	5
肝动脉造影	gan dong mai zao ying	3
肝包虫病	gan bao chong bing	6
肝十二指肠韧带	gan shi er zhi chang ren dai	3
肝厥	gan jue	2
肝固有动脉	gan gu you dong mai	4
肝外胆道	gan wai dan dao	4
肝大	gan da	7
肝宁片	gan ning pian	3
肝小叶	gan xiao ye	8
肝小静脉闭塞	gan xiao jing mai bi se	5
肝开窍于目	gan kai qiao yu mu	7
肝必复软胶囊	gan bi fu ruan jiao nang	3
肝性昏迷	gan xing hun mi	3
肝总动脉	gan zong dong mai	2
肝损伤	gan sun shang	16
肝掌	gan zhang	5
肝母细胞瘤	gan mu xi bao liu	7
肝毒净颗粒	gan du jing ke li	2
肝气横逆	gan qi heng ni	3
肝气犯胃	gan qi fan wei	4
肝气郁滞	gan qi yu zhi	6
肝气郁结	gan qi yu jie	8
肝海绵状血管瘤	gan hai mian zhuang xue guan liu	4
肝淤血	gan yu xue	3
肝火上炎	gan huo shang yan	6
肝火犯肺	gan huo fan fei	3
肝炎康复丸	gan yan kang fu wan	2
肝炎灵注射液	gan yan ling zhu she ye	2
肝炎病毒	gan yan bing du	37
肝热病	gan re bing	2
肝爽颗粒	gan shuang ke li	3
肝片吸虫病	gan pian xi chong bing	3
肝病科	gan bing ke	9
肝硬变	gan ying bian	6
肝积	gan ji	3
肝移植术	gan yi zhi shu	7
肝管结石	gan guan jie shi	2
肝素钠	gan su na	1
肝素钠乳膏	gan su na ru gao	2
肝素钠注射液	gan su na zhu she ye	3
肝素钠软膏	gan su na ruan gao	2
肝纤维化	gan xian wei hua	2
肝细胞移植	gan xi bao yi zhi	1
肝细胞腺瘤	gan xi bao xian liu	2
肝经湿热	gan jing shi re	4
肝经湿热证	gan jing shi re zheng	3
肝结核	gan jie he	3
肝结石	gan jie shi	4
肝肠循环	gan chang xun huan	4
肝肺综合征	gan fei zong he zheng	2
肝肾综合征	gan shen zong he zheng	6
肝肾阴虚	gan shen yin xu	8
肝肾阴虚证	gan shen yin xu zheng	4
肝肿大	gan zhong da	5
肝胃不和	gan wei bu he	6
肝胃不和证	gan wei bu he zheng	3
肝胃气痛	gan wei qi tong	4
肝胃郁热证	gan wei yu re zheng	2
肝胆湿热	gan dan shi re	1
肝胆湿热证	gan dan shi re zheng	2
肝胆病	gan dan bing	1
肝胆相表里	gan dan xiang biao li	3
肝脓肿	gan nong zhong	1
肝脾不和	gan pi bu he	5
肝脾肿大	gan pi zhong da	3
肝腹水	gan fu shui	1
肝苏软胶囊	gan su ruan jiao nang	3
肝萎缩	gan wei suo	2
肝著	gan zhu	3
肝血	gan xue	9
肝血窦	gan xue dou	4
肝血管瘤	gan xue guan liu	7
肝血虚证	gan xue xu zheng	3
肝衰竭	gan shuai jie	29
肝豆状核变性	gan dou zhuang he bian xing	3
肝速康胶囊	gan su kang jiao nang	3
肝郁脾虚	gan yu pi xu	6
肝郁脾虚证	gan yu pi xu zheng	2
肝郁血虚证	gan yu xue xu zheng	2
肝郁调经膏	gan yu tiao jing gao	6
肝门	gan men	7
肝门静脉	gan men jing mai	9
肝阳上亢	gan yang shang kang	1
肝静脉	gan jing mai	8
肝风内动	gan feng nei dong	5
肝龙胶囊	gan long jiao nang	1
肠伤寒	chang shang han	1
肠内营养	chang nei ying yang	7
肠内营养乳剂	chang nei ying yang ru ji	2
肠内营养混悬液	chang nei ying yang hun xuan ye	2
肠出血	chang chu xue	5
肠出血性大肠杆菌	chang chu xue xing da chang gan jun	1
肠功能紊乱	chang gong neng wen luan	5
肠外瘘	chang wai lou	1
肠外营养	chang wai ying yang	3
肠多糖片	chang duo tang pian	2
肠套叠	chang tao die	3
肠康胶囊	chang kang jiao nang	4
肠息肉	chang xi rou	1
肠扭结	chang niu jie	3
肠扭转	chang niu zhuan	10
肠损伤	chang sun shang	4
肠易激综合征	chang yi ji zong he zheng	1
肠杆菌	chang gan jun	12
肠毒素	chang du su	5
肠清茶	chang qing cha	4
肠溃疡	chang kui yang	27
肠溶空心胶囊	chang rong kong xin jiao nang	2
肠溶胶囊	chang rong jiao nang	7
肠炎宁片	chang yan ning pian	3
肠炎宁胶囊	chang yan ning jiao nang	4
肠炎宁颗粒	chang yan ning ke li	4
肠炭疽	chang tan ju	5
肠狭窄	chang xia zhai	1
肠病性肢端皮炎	chang bing xing zhi duan pi yan	3
肠痈	chang yong	1
肠痉挛	chang jing luan	2
肠瘘	chang lou	6
肠瘤	chang liu	1
肠神经官能症	chang shen jing guan neng zheng	2
肠穿孔	chang chuan kong	7
肠粘连	chang zhan lian	8
肠粘连松解术	chang zhan lian song jie shu	4
肠系膜	chang xi mo	41
肠系膜上动脉	chang xi mo shang dong mai	2
肠系膜上静脉	chang xi mo shang jing mai	1
肠系膜下动脉	chang xi mo xia dong mai	1
肠系膜下静脉	chang xi mo xia jing mai	1
肠系膜淋巴结结核	chang xi mo lin ba jie jie he	2
肠线	chang xian	2
肠绒毛	chang rong mao	10
肠结	chang jie	2
肠结核	chang jie he	1
肠胀气	chang zhang qi	6
肠胃宁片	chang wei ning pian	3
肠胃舒胶囊	chang wei shu jiao nang	3
肠道传染病	chang dao chuan ran bing	11
肠道寄生虫病	chang dao ji sheng chong bing	1
肠道病毒	chang dao bing du	9
肠道病毒感染	chang dao bing du gan ran	7
肠郁	chang yu	2
肠闭锁	chang bi suo	5
肠鸣音	chang ming yin	6
肠麻痹	chang ma bi	6
股三角	gu san jiao	1
股二头肌	gu er tou ji	2
股动脉	gu dong mai	10
股动脉假性动脉瘤	gu dong mai jia xing dong mai liu	2
股四头肌	gu si tou ji	10
股外侧皮神经炎	gu wai ce pi shen jing yan	3
股深动脉	gu shen dong mai	4
股环	gu huan	4
股疝	gu shan	5
股癣	gu xuan	6
股神经	gu shen jing	3
股神经损伤	gu shen jing sun shang	4
股管	gu guan	3
股薄肌	gu bo ji	2
股静脉	gu jing mai	2
股骨头	gu gu tou	18
股骨头无菌性坏死	gu gu tou wu jun xing huai si	8
股骨头缺血性坏死	gu gu tou que xue xing huai si	7
股骨头置换术	gu gu tou zhi huan shu	5
股骨头骨折	gu gu tou gu zhe	7
股骨干骨折	gu gu gan gu zhe	8
股骨粗隆间骨折	gu gu cu long jian gu zhe	7
股骨转子下骨折	gu gu zhuan zi xia gu zhe	2
股骨长	gu gu chang	8
股骨颈	gu gu jing	17
股骨颈骨折	gu gu jing gu zhe	2
股骨骨折	gu gu gu zhe	5
股骨髁上骨折	gu gu ke shang gu zhe	2
肢体麻木	zhi ti ma mu	1
肢端肥大症	zhi duan fei da zheng	6
肤痒颗粒	fu yang ke li	4
肤纹学	fu wen xue	4
肤轻松软膏	fu qing song ruan gao	6
肥儿散	fei er san	2
肥儿糖浆	fei er tang jiang	3
肥厚性幽门狭窄	fei hou xing you men xia zhai	2
肥厚性心肌病	fei hou xing xin ji bing	2
肥厚性胃炎	fei hou xing wei yan	2
肥大细胞	fei da xi bao	35
肥气	fei qi	3
肩中俞	jian zhong shu	3
肩井	jian jing	6
肩井穴	jian jing xue	7
肩关节	jian guan jie	13
肩关节脱位	jian guan jie tuo wei	6
肩周炎贴	jian zhou yan tie	3
肩外俞	jian wai shu	3
肩宽	jian kuan	20
肩峰	jian feng	12
肩手综合征	jian shou zong he zheng	4
肩板	jian ban	12
肩胛下肌	jian jia xia ji	2
肩胛提肌	jian jia ti ji	4
肩贞	jian zhen	3
肩锁关节	jian suo guan jie	2
肩锁关节脱位	jian suo guan jie tuo wei	4
肩髃	jian yu	4
肩髎	jian liao	4
肯特令	ken te ling	2
肱三头肌	gong san tou ji	3
肱二头肌	gong er tou ji	7
肱动脉	gong dong mai	3
肱动脉损伤	gong dong mai sun shang	3
肱桡肌	gong rao ji	4
肱肌	gong ji	1
肱骨内上髁骨折	gong gu nei shang ke gu zhe	4
肱骨外科颈骨折	gong gu wai ke jing gu zhe	5
肱骨外髁骨折	gong gu wai ke gu zhe	5
肱骨头	gong gu tou	3
肱骨头骨折	gong gu tou gu zhe	2
肱骨小头	gong gu xiao tou	2
肱骨干骨折	gong gu gan gu zhe	5
肱骨骨折	gong gu gu zhe	1
肱骨髁间骨折	gong gu ke jian gu zhe	2
育亨宾	yu heng bin	1
肺不张	fei bu zhang	7
肺为贮痰之器	fei wei zhu tan zhi qi	4
肺主治节	fei zhu zhi jie	2
肺主皮毛	fei zhu pi mao	6
肺俞	fei shu	7
肺俞穴	fei shu xue	6
肺充血	fei chong xue	1
肺内压	fei nei ya	3
肺内异物	fei nei yi wu	3
肺出血	fei chu xue	3
肺力咳合剂	fei li ke he ji	4
肺力咳胶囊	fei li ke jiao nang	5
肺功能检查	fei gong neng jian cha	2
肺动脉	fei dong mai	14
肺动脉干	fei dong mai gan	2
肺动脉扩张	fei dong mai kuo zhang	2
肺动脉瓣	fei dong mai ban	4
肺动脉瓣狭窄	fei dong mai ban xia zhai	2
肺动脉瓣闭锁	fei dong mai ban bi suo	1
肺动脉闭锁	fei dong mai bi suo	7
肺动脉高压	fei dong mai gao ya	5
肺动静脉瘘	fei dong jing mai lou	4
肺包虫病	fei bao chong bing	3
肺叶切除术	fei ye qie chu shu	13
肺吸虫	fei xi chong	8
肺吸虫病	fei xi chong bing	3
肺咳	fei ke	4
肺囊肿	fei nang zhong	1
肺外结核	fei wai jie he	6
肺大泡	fei da pao	8
肺失清肃	fei shi qing su	3
肺失肃降	fei shi su jiang	2
肺宁胶囊	fei ning jiao nang	4
肺实变	fei shi bian	2
肺开窍于鼻	fei kai qiao yu bi	5
肺循环	fei xun huan	19
肺挫伤	fei cuo shang	10
肺曲菌病	fei qu jun bing	2
肺朝百脉	fei chao bai mai	3
肺楔形切除术	fei xie xing qie chu shu	3
肺段	fei duan	5
肺段切除术	fei duan qie chu shu	5
肺气上逆	fei qi shang ni	4
肺气不宣	fei qi bu xuan	4
肺气肿片	fei qi zhong pian	3
肺气虚症	fei qi xu zheng	2
肺气虚证	fei qi xu zheng	2
肺水	fei shui	3
肺泡囊	fei pao nang	2
肺泡管	fei pao guan	1
肺泡细胞癌	fei pao xi bao ai	3
肺泡表面活性物质	fei pao biao mian huo xing wu zhi	2
肺泡通气量	fei pao tong qi liang	2
肺泡隔	fei pao ge	2
肺源性心脏病	fei yuan xing xin zang bing	7
肺炎双球菌	fei yan shuang qiu jun	3
肺炎支原体	fei yan zhi yuan ti	4
肺炎球菌性肺炎	fei yan qiu jun xing fei yan	4
肺炎球菌感染	fei yan qiu jun gan ran	6
肺炎球菌疫苗	fei yan qiu jun yi miao	8
肺炎疫苗	fei yan yi miao	20
肺炎衣原体	fei yan yi yuan ti	2
肺炎链球菌性肺炎	fei yan lian qiu jun xing fei yan	1
肺炭疽	fei tan ju	7
肺热	fei re	9
肺热病	fei re bing	3
肺痈	fei yong	2
肺移植	fei yi zhi	18
肺移植术	fei yi zhi shu	3
肺穿刺	fei chuan ci	4
肺纤维化	fei xian wei hua	35
肺纹理	fei wen li	6
肺肾两虚	fei shen liang xu	6
肺肾气虚	fei shen qi xu	3
肺肾阴虚	fei shen yin xu	6
肺胀	fei zhang	4
肺脓肿	fei nong zhong	2
肺脾两虚	fei pi liang xu	3
肺良性肿瘤	fei liang xing zhong liu	3
肺萎陷	fei wei xian	4
肺血管病	fei xue guan bing	5
肺衰	fei shuai	5
肺裂伤	fei lie shang	6
肺通气	fei tong qi	2
肺野	fei ye	5
肺门	fei men	7
肺间质纤维化	fei jian zhi xian wei hua	2
肺隐球菌病	fei yin qiu jun bing	2
肺隔离症	fei ge li zheng	4
肺静脉	fei jing mai	11
肺鼠疫	fei shu yi	9
肼屈嗪	jing qu qin	3
肾上腺囊肿	shen shang xian nang zhong	2
肾上腺增生	shen shang xian zeng sheng	4
肾上腺皮质功能亢进	shen shang xian pi zhi gong neng kang jin	4
肾上腺皮质机能减退	shen shang xian pi zhi ji neng jian tui	4
肾上腺皮质激素	shen shang xian pi zhi ji su	6
肾上腺皮质腺瘤	shen shang xian pi zhi xian liu	3
肾上腺素受体激动药	shen shang xian su shou ti ji dong yao	4
肾上腺素注射液	shen shang xian su zhu she ye	3
肾上腺素能受体	shen shang xian su neng shou ti	10
肾上腺素能神经	shen shang xian su neng shen jing	2
肾上腺肿瘤	shen shang xian zhong liu	7
肾上腺脑白质营养不良	shen shang xian nao bai zhi ying yang bu liang	4
肾上腺酮	shen shang xian tong	3
肾上腺髓质增生	shen shang xian sui zhi zeng sheng	5
肾下垂	shen xia chui	5
肾不纳气	shen bu na qi	5
肾乳头坏死	shen ru tou huai si	5
肾俞	shen shu	1
肾俞穴	shen shu xue	7
肾元胶囊	shen yuan jiao nang	4
肾内科	shen nei ke	4
肾切除术	shen qie chu shu	6
肾功能不全	shen gong neng bu quan	9
肾功能异常	shen gong neng yi chang	5
肾动脉	shen dong mai	2
肾动脉栓塞	shen dong mai shuan se	4
肾动脉狭窄	shen dong mai xia zhai	6
肾动脉瘤	shen dong mai liu	4
肾动脉造影	shen dong mai zao ying	3
肾区	shen qu	7
肾单位	shen dan wei	6
肾发育不全	shen fa yu bu quan	1
肾发育不良	shen fa yu bu liang	1
肾周炎	shen zhou yan	3
肾周脓肿	shen zhou nong zhong	3
肾囊肿	shen nang zhong	1
肾囊肿切除术	shen nang zhong qie chu shu	2
肾宁散胶囊	shen ning san jiao nang	3
肾宝合剂	shen bao he ji	2
肾宝糖浆	shen bao tang jiang	2
肾实质	shen shi zhi	2
肾小体	shen xiao ti	1
肾小球	shen xiao qiu	33
肾小球性蛋白尿	shen xiao qiu xing dan bai niao	2
肾小球滤过率	shen xiao qiu lv guo lv	4
肾小球硬化	shen xiao qiu ying hua	2
肾小球肾炎	shen xiao qiu shen yan	11
肾小盏	shen xiao zhan	2
肾小管	shen xiao guan	19
肾小管坏死	shen xiao guan huai si	2
肾小管性蛋白尿	shen xiao guan xing dan bai niao	2
肾小管性酸中毒	shen xiao guan xing suan zhong du	1
肾康宁片	shen kang ning pian	3
肾康注射液	shen kang zhu she ye	4
肾开窍于二阴	shen kai qiao yu er yin	3
肾开窍于耳	shen kai qiao yu er	7
肾性尿崩症	shen xing niao beng zheng	1
肾性贫血	shen xing pin xue	7
肾性骨病	shen xing gu bing	5
肾性骨营养不良	shen xing gu ying yang bu liang	3
肾性高血压	shen xing gao xue ya	7
肾恶性肿瘤	shen e xing zhong liu	4
肾挫伤	shen cuo shang	8
肾损伤	shen sun shang	3
肾排泄	shen pai xie	1
肾母细胞瘤	shen mu xi bao liu	12
肾气不固	shen qi bu gu	5
肾气丸	shen qi wan	6
肾水	shen shui	7
肾炎康复片	shen yan kang fu pian	3
肾炎温阳胶囊	shen yan wen yang jiao nang	2
肾炎舒片	shen yan shu pian	2
肾病综合征	shen bing zong he zheng	3
肾癌	shen ai	47
肾皮质	shen pi zhi	7
肾盂分离	shen yu fen li	3
肾盂扩张	shen yu kuo zhang	3
肾盂癌	shen yu ai	6
肾盂积水	shen yu ji shui	6
肾盂肾炎	shen yu shen yan	5
肾盂肿瘤	shen yu zhong liu	3
肾盏	shen zhan	6
肾盏憩室	shen zhan qi shi	3
肾破裂	shen po lie	7
肾积水	shen ji shui	1
肾积脓	shen ji nong	5
肾移植	shen yi zhi	12
肾穿刺活检术	shen chuan ci huo jian shu	2
肾精不足证	shen jing bu zu zheng	2
肾细胞癌	shen xi bao ai	24
肾结核	shen jie he	6
肾结核对侧肾积水	shen jie he dui ce shen ji shui	5
肾绞痛	shen jiao tong	8
肾缺如	shen que ru	4
肾肿瘤	shen zhong liu	8
肾脏损伤	shen zang sun shang	1
肾脏损害	shen zang sun hai	1
肾脏病	shen zang bing	40
肾脓肿	shen nong zhong	4
肾脾双补口服液	shen pi shuang bu kou fu ye	2
肾茶	shen cha	2
肾茶袋泡茶	shen cha dai pao cha	4
肾萎缩	shen wei suo	1
肾虚眩晕	shen xu xuan yun	2
肾血流量	shen xue liu liang	1
肾血管性高血压	shen xue guan xing gao xue ya	4
肾血管瘤	shen xue guan liu	3
肾衰	shen shuai	10
肾衰宁胶囊	shen shuai ning jiao nang	2
肾透明细胞癌	shen tou ming xi bao ai	1
肾透析	shen tou xi	9
肾部分切除术	shen bu fen qie chu shu	4
肾钙化	shen gai hua	3
肾错构瘤	shen cuo gou liu	5
肾门	shen men	5
肾间质纤维化	shen jian zhi xian wei hua	3
肾阳不足	shen yang bu zu	1
肾阳虚证	shen yang xu zheng	5
肾阴不足	shen yin bu zu	7
肾阴虚证	shen yin xu zheng	3
肾静脉	shen jing mai	8
肾髓质	shen sui zhi	6
肾髓质囊性病	shen sui zhi nang xing bing	3
肿物	zhong wu	10
肿痛	zhong tong	21
肿痛凝胶	zhong tong ning jiao	3
肿痛安胶囊	zhong tong an jiao nang	2
肿痛搽剂	zhong tong cha ji	3
肿痛气雾剂	zhong tong qi wu ji	3
肿瘤免疫学	zhong liu mian yi xue	1
肿瘤发生	zhong liu fa sheng	13
肿瘤启动	zhong liu qi dong	3
肿瘤坏死因子	zhong liu huai si yin zi	45
肿瘤抗原	zhong liu kang yuan	18
肿瘤放射治疗学	zhong liu fang she zhi liao xue	3
肿瘤特异性抗原	zhong liu te yi xing kang yuan	2
肿瘤病毒	zhong liu bing du	2
肿瘤相关抗原	zhong liu xiang guan kang yuan	3
肿瘤科	zhong liu ke	39
肿瘤进展	zhong liu jin zhan	2
肿瘤遗传学	zhong liu yi chuan xue	2
肿节风	zhong jie feng	3
肿节风分散片	zhong jie feng fen san pian	2
肿节风注射液	zhong jie feng zhu she ye	2
胀果甘草	zhang guo gan cao	1
胁痛	xie tong	6
胃下垂	wei xia chui	1
胃主受纳	wei zhu shou na	3
胃乃安胶囊	wei nai an jiao nang	4
胃乐	wei le	3
胃乐新胶囊	wei le xin jiao nang	3
胃俞	wei shu	5
胃俞穴	wei shu xue	5
胃切除术	wei qie chu shu	6
胃动素	wei dong su	2
胃十二指肠动脉	wei shi er zhi chang dong mai	1
胃十二指肠溃疡	wei shi er zhi chang kui yang	7
胃反	wei fan	5
胃可安胶囊	wei ke an jiao nang	2
胃喜润恶燥	wei xi run wu zao	3
胃囊肿	wei nang zhong	2
胃复安	wei fu an	7
胃复春片	wei fu chun pian	5
胃大部切除术	wei da bu qie chu shu	6
胃寒证	wei han zheng	2
胃小凹	wei xiao ao	4
胃小弯	wei xiao wan	1
胃底折叠术	wei di zhe die shu	4
胃底腺	wei di xian	1
胃康灵	wei kang ling	1
胃康灵胶囊	wei kang ling jiao nang	8
胃康灵颗粒	wei kang ling ke li	3
胃康胶囊	wei kang jiao nang	4
胃得乐	wei de le	4
胃必治	wei bi zhi	5
胃息肉	wei xi rou	7
胃恶性淋巴瘤	wei e xing lin ba liu	3
胃扭转	wei niu zhuan	2
胃损伤	wei sun shang	5
胃排空	wei pai kong	7
胃气上逆	wei qi shang ni	5
胃气上逆证	wei qi shang ni zheng	2
胃气不足	wei qi bu zu	3
胃气胀	wei qi zhang	4
胃泌素瘤	wei mi su liu	2
胃泰胶囊	wei tai jiao nang	2
胃溃疡出血	wei kui yang chu xue	6
胃潴留	wei zhu liu	2
胃灼热	wei zhuo re	9
胃炎宁颗粒	wei yan ning ke li	2
胃炎康胶囊	wei yan kang jiao nang	2
胃热清胶囊	wei re qing jiao nang	2
胃热症	wei re zheng	3
胃疡宁丸	wei yang ning wan	4
胃疼宁片	wei teng ning pian	2
胃痉挛	wei jing luan	9
胃痛	wei tong	33
胃痛丸	wei tong wan	2
胃痛宁片	wei tong ning pian	2
胃痛定胶囊	wei tong ding jiao nang	2
胃痞	wei pi	4
胃癌根治术	wei ai gen zhi shu	6
胃石症	wei shi zheng	5
胃破裂	wei po lie	7
胃空肠吻合术	wei kong chang wen he shu	4
胃窦	wei dou	4
胃结核	wei jie he	3
胃结石	wei jie shi	1
胃缓	wei huan	2
胃网膜右动脉	wei wang mo you dong mai	3
胃肠减压	wei chang jian ya	6
胃肠功能紊乱	wei chang gong neng wen luan	1
胃肠安丸	wei chang an wan	3
胃肠胀气	wei chang zhang qi	7
胃胀	wei zhang	1
胃胀气	wei zhang qi	1
胃腺	wei xian	4
胃舒宁颗粒	wei shu ning ke li	3
胃苏冲剂	wei su chong ji	4
胃苏颗粒	wei su ke li	5
胃药胶囊	wei yao jiao nang	2
胃蛋白酶	wei dan bai mei	6
胃蛋白酶原	wei dan bai mei yuan	2
胃蛋白酶片	wei dan bai mei pian	2
胃造口术	wei zao kou shu	3
胃酸缺乏	wei suan que fa	2
胃酸过多	wei suan guo duo	9
胃镜检查	wei jing jian cha	2
胆俞	dan shu	3
胆俞穴	dan shu xue	3
胆南星	dan nan xing	5
胆囊三角	dan nang san jiao	3
胆囊切除术	dan nang qie chu shu	3
胆囊切除术后综合征	dan nang qie chu shu hou zong he zheng	2
胆囊囊肿	dan nang nang zhong	3
胆囊息肉	dan nang xi rou	8
胆囊收缩素	dan nang shou suo su	4
胆囊癌	dan nang ai	8
胆囊积水	dan nang ji shui	3
胆囊穿孔	dan nang chuan kong	4
胆囊结石	dan nang jie shi	9
胆囊肿大	dan nang zhong da	5
胆囊胆固醇沉着症	dan nang dan gu chun chen zhuo zheng	2
胆囊造瘘术	dan nang zao lou shu	3
胆固醇结石	dan gu chun jie shi	6
胆康胶囊	dan kang jiao nang	2
胆心综合征	dan xin zong he zheng	3
胆总管	dan zong guan	2
胆总管扩张	dan zong guan kuo zhang	4
胆总管结石	dan zong guan jie shi	1
胆木注射液	dan mu zhu she ye	2
胆木浸膏片	dan mu jin gao pian	2
胆木浸膏胶囊	dan mu jin gao jiao nang	2
胆汁反流性胃炎	dan zhi fan liu xing wei yan	6
胆汁性肝硬化	dan zhi xing gan ying hua	7
胆汁性腹膜炎	dan zhi xing fu mo yan	3
胆汁淤积	dan zhi yu ji	5
胆汁酸	dan zhi suan	20
胆泥	dan ni	4
胆源性胰腺炎	dan yuan xing yi xian yan	6
胆癌	dan ai	1
胆盐	dan yan	2
胆石	dan shi	11
胆石清片	dan shi qing pian	3
胆碱受体	dan jian shou ti	6
胆碱能性荨麻疹	dan jian neng xing xun ma zhen	3
胆碱能神经	dan jian neng shen jing	1
胆碱酯酶	dan jian zhi mei	32
胆管囊肿	dan guan nang zhong	4
胆管炎	dan guan yan	4
胆管狭窄	dan guan xia zhai	4
胆管癌	dan guan ai	27
胆管结石	dan guan jie shi	21
胆绞痛	dan jiao tong	4
胆舒胶囊	dan shu jiao nang	2
胆舒软胶囊	dan shu ruan jiao nang	4
胆茶碱	dan cha jian	2
胆道出血	dan dao chu xue	4
胆道感染	dan dao gan ran	6
胆道梗阻	dan dao geng zu	6
胆道蛔虫病	dan dao hui chong bing	4
胆酸	dan suan	28
背侧丘脑	bei ce qiu nao	2
背肌	bei ji	6
背胸	bei xiong	3
背部痉挛	bei bu jing luan	1
背阔肌	bei kuo ji	2
胎中胎	tai zhong tai	5
胎产式	tai chan shi	2
胎儿宫内生长迟缓	tai er gong nei sheng zhang chi huan	4
胎儿期	tai er qi	8
胎儿水肿	tai er shui zhong	2
胎儿窘迫	tai er jiong po	7
胎儿酒精综合征	tai er jiu jing zong he zheng	4
胎儿镜	tai er jing	6
胎动不安	tai dong bu an	6
胎头吸引术	tai tou xi yin shu	4
胎心率	tai xin lv	7
胎漏	tai lou	5
胎生植物	tai sheng zhi wu	1
胎盘多肽	tai pan duo tai	3
胎盘屏障	tai pan ping zhang	6
胎盘早剥	tai pan zao bo	9
胎粪	tai fen	5
胎粪性腹膜炎	tai fen xing fu mo yan	4
胎膜	tai mo	20
胎膜早破	tai mo zao po	8
胖大海	pang da hai	1
胖大海含片	pang da hai han pian	4
胚层	pei ceng	39
胚泡	pei pao	1
胚盘	pei pan	1
胚胎发生	pei tai fa sheng	5
胚胎培养	pei tai pei yang	7
胚胎学	pei tai xue	37
胚胎时期	pei tai shi qi	6
胜红清热胶囊	sheng hong qing re jiao nang	4
胞中	bao zhong	15
胞二磷胆碱	bao er lin dan jian	1
胞内共生	bao nei gong sheng	3
胞吐作用	bao tu zuo yong	9
胞嘧啶	bao mi ding	42
胞浆	bao jiang	46
胞浆素	bao jiang su	5
胞磷胆碱	bao lin dan jian	2
胞磷胆碱钠	bao lin dan jian na	2
胞磷胆碱钠注射液	bao lin dan jian na zhu she ye	3
胞苷酸	bao gan suan	6
胞质	bao zhi	32
胞质杂种	bao zhi za zhong	2
胞饮作用	bao yin zuo yong	6
胡传揆	hu chuan kui	3
胡宝珍	hu bao zhen	6
胡椒碱	hu jiao jian	6
胡海牙	hu hai ya	1
胡连	hu lian	19
胡麻仁	hu ma ren	4
胡黄连	hu huang lian	4
胫侧副韧带	jing ce fu ren dai	2
胫前动脉	jing qian dong mai	5
胫前粘液性水肿	jing qian nian ye xing shui zhong	2
胫后动脉	jing hou dong mai	4
胫神经损伤	jing shen jing sun shang	2
胫腓骨骨折	jing fei gu gu zhe	8
胫骨前肌	jing gu qian ji	4
胬肉	nu rou	7
胰十二指肠切除术	yi shi er zhi chang qie chu shu	7
胰岛移植	yi dao yi zhi	1
胰岛素抗体	yi dao su kang ti	3
胰岛素昏迷	yi dao su hun mi	3
胰岛素样生长因子	yi dao su yang sheng zhang yin zi	14
胰岛素注射液	yi dao su zhu she ye	6
胰岛素泵	yi dao su beng	1
胰岛素瘤	yi dao su liu	12
胰岛素释放试验	yi dao su shi fang shi yan	3
胰岛细胞瘤	yi dao xi bao liu	2
胰淀粉酶	yi dian fen mei	4
胰激肽原酶	yi ji tai yuan mei	3
胰激肽原酶肠溶片	yi ji tai yuan mei chang rong pian	2
胰瘘	yi lou	1
胰癌	yi ai	1
胰结石	yi jie shi	3
胰胀	yi zhang	2
胰腺囊肿	yi xian nang zhong	5
胰腺损伤	yi xian sun shang	5
胰腺瘤	yi xian liu	4
胰腺破裂	yi xian po lie	5
胰腺移植	yi xian yi zhi	6
胰腺肿瘤	yi xian zhong liu	1
胰腺脓肿	yi xian nong zhong	1
胰蛋白酶	yi dan bai mei	14
胰蛋白酶原	yi dan bai mei yuan	3
胰酶	yi mei	2
胰酶肠溶片	yi mei chang rong pian	2
胰酶肠溶胶囊	yi mei chang rong jiao nang	2
胰高糖素	yi gao tang su	4
胰高血糖素	yi gao xue tang su	10
胱氨酸	guang an suan	4
胱氨酸尿症	guang an suan niao zheng	1
胱氨酸片	guang an suan pian	2
胱氨酸贮积症	guang an suan zhu ji zheng	3
胶体果胶铋	jiao ti guo jiao bi	3
胶体果胶铋胶囊	jiao ti guo jiao bi jiao nang	3
胶体渗透压	jiao ti shen tou ya	2
胶体溶液	jiao ti rong ye	5
胶原	jiao yuan	27
胶原病	jiao yuan bing	1
胶原纤维	jiao yuan xian wei	25
胶原蛋白海绵	jiao yuan dan bai hai mian	2
胶原酶	jiao yuan mei	2
胶囊剂	jiao nang ji	4
胶束	jiao shu	19
胶浆	jiao jiang	1
胶艾汤	jiao ai tang	2
胶质母细胞瘤	jiao zhi mu xi bao liu	20
胸主动脉	xiong zhu dong mai	1
胸厚	xiong hou	4
胸大肌	xiong da ji	5
胸导管	xiong dao guan	2
胸小肌	xiong xiao ji	5
胸带	xiong dai	8
胸廓	xiong kuo	17
胸廓内动脉	xiong kuo nei dong mai	5
胸廓出口综合征	xiong kuo chu kou zong he zheng	4
胸椎结核	xiong zhui jie he	1
胸椎骨折	xiong zhui gu zhe	8
胸水	xiong shui	2
胸痛	xiong tong	35
胸痹	xiong bi	1
胸肋关节	xiong lei guan jie	1
胸肌	xiong ji	18
胸胁苦满	xiong xie ku man	3
胸腔积液	xiong qiang ji ye	11
胸腔闭式引流	xiong qiang bi shi yin liu	7
胸腔闭式引流术	xiong qiang bi shi yin liu shu	1
胸腰筋膜	xiong yao jin mo	2
胸腺五肽	xiong xian wu tai	6
胸腺切除术	xiong xian qie chu shu	3
胸腺发育不全	xiong xian fa yu bu quan	3
胸腺嘧啶	xiong xian mi ding	17
胸腺嘧啶二聚体	xiong xian mi ding er ju ti	2
胸腺增生	xiong xian zeng sheng	3
胸腺瘤	xiong xian liu	7
胸腺素	xiong xian su	4
胸腺细胞	xiong xian xi bao	5
胸腺肽	xiong xian tai	6
胸腺肽氯化钠注射液	xiong xian tai lv hua na zhu she ye	4
胸腺肽注射液	xiong xian tai zhu she ye	4
胸腺肽肠溶片	xiong xian tai chang rong pian	3
胸腺蛋白口服溶液	xiong xian dan bai kou fu rong ye	2
胸膜增厚	xiong mo zeng hou	4
胸膜粘连	xiong mo zhan lian	5
胸膜肺炎	xiong mo fei yan	1
胸膜腔	xiong mo qiang	8
胸膜腔内压	xiong mo qiang nei ya	2
胸膜间皮瘤	xiong mo jian pi liu	6
胸膜顶	xiong mo ding	3
胸苷	xiong gan	32
胸苷激酶	xiong gan ji mei	4
胸部损伤	xiong bu sun shang	2
胸锁乳突肌	xiong suo ru tu ji	2
胸锁关节	xiong suo guan jie	4
胸骨柄	xiong gu bing	5
胸骨舌骨肌	xiong gu she gu ji	2
胸骨裂	xiong gu lie	3
胸骨角	xiong gu jiao	2
胸骨骨折	xiong gu gu zhe	8
胺碘酮	an dian tong	6
胼胝	pian zhi	1
胼胝体	pian zhi ti	11
能力倾向测验	neng li qing xiang ce yan	3
能力分组	neng li fen zu	2
能量代谢	neng liang dai xie	6
能量耗散	neng liang hao san	10
脂多糖	zhi duo tang	19
脂必妥	zhi bi tuo	3
脂必妥片	zhi bi tuo pian	3
脂溢性皮炎	zhi yi xing pi yan	8
脂溢性脱发	zhi yi xing tuo fa	7
脂溢性角化病	zhi yi xing jiao hua bing	4
脂溶性维生素	zhi rong xing wei sheng su	8
脂瘤	zhi liu	4
脂纹	zhi wen	3
脂肪乳	zhi fang ru	2
脂肪乳剂	zhi fang ru ji	4
脂肪乳注射液	zhi fang ru zhu she ye	3
脂肪代谢	zhi fang dai xie	3
脂肪变性	zhi fang bian xing	1
脂肪吸收不良	zhi fang xi shou bu liang	3
脂肪层	zhi fang ceng	8
脂肪抽吸	zhi fang chou xi	5
脂肪抽吸术	zhi fang chou xi shu	4
脂肪栓塞	zhi fang shuan se	1
脂肪水肿	zhi fang shui zhong	2
脂肪浸润	zhi fang jin run	2
脂肪痢	zhi fang li	2
脂肪瘤切除术	zhi fang liu qie chu shu	3
脂肪细胞	zhi fang xi bao	30
脂肪肉瘤	zhi fang rou liu	4
脂肪营养不良	zhi fang ying yang bu liang	3
脂肪酶	zhi fang mei	11
脂脉康胶囊	zhi mai kang jiao nang	2
脂膜炎	zhi mo yan	1
脂蛋白	zhi dan bai	12
脂蛋白血症	zhi dan bai xue zheng	1
脂褐素	zhi he su	18
脂褐质	zhi he zhi	3
脂质体	zhi zhi ti	30
脂降宁片	zhi jiang ning pian	3
脆甲症	cui jia zheng	2
脉痹	mai bi	5
脉管复康胶囊	mai guan fu kang jiao nang	5
脉管系统	mai guan xi tong	2
脉经	mai jing	4
脉络宁	mai luo ning	6
脉络宁注射液	mai luo ning zhu she ye	7
脉络膜	mai luo mo	44
脉络膜炎	mai luo mo yan	17
脉络膜脱离	mai luo mo tuo li	4
脉络膜血管瘤	mai luo mo xue guan liu	2
脉络膜黑色素瘤	mai luo mo hei se su liu	3
脉络通片	mai luo tong pian	2
脉血康胶囊	mai xue kang jiao nang	2
脉通	mai tong	7
脊柱炎	ji zhu yan	9
脊椎炎	ji zhui yan	34
脊椎病	ji zhui bing	10
脊索	ji suo	38
脊索瘤	ji suo liu	6
脏腑学说	zang fu xue shuo	1
脏腑辨证	zang fu bian zheng	1
脏象学说	zang xiang xue shuo	4
脏躁	zang zao	4
脐尿管	qi niao guan	5
脐带感染	qi dai gan ran	5
脐带血	qi dai xue	7
脐炎	qi yan	5
脐疝	qi shan	3
脐膨出	qi peng chu	6
脐静脉	qi jing mai	5
脑内血肿	nao nei xue zhong	7
脑出血后遗症	nao chu xue hou yi zheng	7
脑力宝丸	nao li bao wan	2
脑功能成像	nao gong neng cheng xiang	3
脑动脉	nao dong mai	12
脑动脉炎	nao dong mai yan	4
脑动脉痉挛	nao dong mai jing luan	2
脑动脉硬化	nao dong mai ying hua	1
脑动静脉畸形	nao dong jing mai ji xing	6
脑卒中	nao cu zhong	7
脑器质性精神病	nao qi zhi xing jing shen bing	4
脑囊肿	nao nang zhong	5
脑囊虫病	nao nang chong bing	5
脑地形图	nao di xing tu	2
脑型疟疾	nao xing nve ji	5
脑塞通丸	nao se tong wan	5
脑复康	nao fu kang	1
脑外伤后综合征	nao wai shang hou zong he zheng	5
脑安颗粒	nao an ke li	2
脑室内出血	nao shi nei chu xue	2
脑室出血	nao shi chu xue	1
脑室炎	nao shi yan	1
脑岛	nao dao	4
脑干出血	nao gan chu xue	4
脑干损伤	nao gan sun shang	8
脑干梗塞	nao gan geng se	6
脑干脑炎	nao gan nao yan	6
脑康泰胶囊	nao kang tai jiao nang	7
脑得生片	nao de sheng pian	2
脑循环	nao xun huan	1
脑心安胶囊	nao xin an jiao nang	3
脑心清片	nao xin qing pian	5
脑心综合征	nao xin zong he zheng	2
脑心舒	nao xin shu	3
脑心舒口服液	nao xin shu kou fu ye	4
脑心通	nao xin tong	3
脑心通胶囊	nao xin tong jiao nang	4
脑性瘫痪	nao xing tan huan	4
脑户	nao hu	2
脑挫伤	nao cuo shang	2
脑栓塞	nao shuan se	3
脑栓通胶囊	nao shuan tong jiao nang	3
脑桥	nao qiao	5
脑桥出血	nao qiao chu xue	3
脑梗塞	nao geng se	46
脑梗死	nao geng si	3
脑水肿	nao shui zhong	16
脑活素	nao huo su	4
脑灵素胶囊	nao ling su jiao nang	3
脑灵通	nao ling tong	2
脑炎后遗症	nao yan hou yi zheng	7
脑疝	nao shan	21
脑病	nao bing	48
脑白质病	nao bai zhi bing	1
脑白质营养不良	nao bai zhi ying yang bu liang	5
脑白金	nao bai jin	7
脑立清	nao li qing	3
脑立清丸	nao li qing wan	3
脑立清胶囊	nao li qing jiao nang	2
脑络通胶囊	nao luo tong jiao nang	4
脑肽胶囊	nao tai jiao nang	4
脑脊液	nao ji ye	45
脑脊膜	nao ji mo	4
脑脊膜炎	nao ji mo yan	4
脑脊髓膜炎	nao ji sui mo yan	4
脑脓肿	nao nong zhong	1
脑膜刺激征	nao mo ci ji zheng	6
脑膜炎球菌多糖疫苗	nao mo yan qiu jun duo tang yi miao	7
脑膜瘤	nao mo liu	2
脑膜白血病	nao mo bai xue bing	3
脑膜脑炎	nao mo nao yan	12
脑苷肌肽	nao gan ji tai	3
脑萎缩	nao wei suo	2
脑蛋白水解物	nao dan bai shui jie wu	4
脑蛋白水解物口服液	nao dan bai shui jie wu kou fu ye	4
脑蛋白水解物注射液	nao dan bai shui jie wu zhu she ye	3
脑蛋白水解物片	nao dan bai shui jie wu pian	3
脑血栓后遗症	nao xue shuan hou yi zheng	8
脑血栓形成	nao xue shuan xing cheng	7
脑血栓片	nao xue shuan pian	4
脑血管意外	nao xue guan yi wai	1
脑血管畸形	nao xue guan ji xing	9
脑血管瘤	nao xue guan liu	1
脑血管破裂	nao xue guan po lie	3
脑血管造影	nao xue guan zao ying	6
脑裂	nao lie	3
脑软化	nao ruan hua	5
脑轻松	nao qing song	4
脑震荡后综合征	nao zhen dang hou zong he zheng	2
脑颅骨	nao lu gu	6
脑鸣	nao ming	6
脓尿	nong niao	5
脓毒性休克	nong du xing xiu ke	1
脓毒败血症	nong du bai xue zheng	6
脓疱	nong pao	8
脓疱型银屑病	nong pao xing yin xie bing	5
脓疱疮	nong pao chuang	7
脓疱疹	nong pao zhen	1
脓癣	nong xuan	2
脓皮病	nong pi bing	3
脓细胞	nong xi bao	1
脓胸	nong xiong	3
脓血便	nong xue bian	7
脓血症	nong xue zheng	2
脘腹胀满	wan fu zhang man	7
脚气冲心	jiao qi chong xin	2
脚汗	jiao han	3
脚臭	jiao chou	18
脯氨酸	pu an suan	30
脱垂	tuo chui	6
脱屑	tuo xie	8
脱敏	tuo min	20
脱敏治疗	tuo min zhi liao	1
脱敏牙膏	tuo min ya gao	2
脱敏疗法	tuo min liao fa	1
脱毛霜	tuo mao shuang	3
脱氧核糖核酸酶	tuo yang he tang he suan mei	1
脱氧核苷酸钠注射液	tuo yang he gan suan na zhu she ye	2
脱氧胆酸	tuo yang dan suan	5
脱水穿心莲内酯	tuo shui chuan xin lian nei zhi	3
脱脂乳	tuo zhi ru	7
脱脂纱布	tuo zhi sha bu	6
脱色剂	tuo se ji	2
脱证	tuo zheng	4
脱髓鞘	tuo sui qiao	11
脱髓鞘病	tuo sui qiao bing	3
脾不统血	pi bu tong xue	3
脾为后天之本	pi wei hou tian zhi ben	7
脾为生痰之源	pi wei sheng tan zhi yuan	5
脾主四肢	pi zhu si zhi	4
脾主肌肉	pi zhu ji rou	4
脾主运化	pi zhu yun hua	6
脾俞	pi shu	7
脾俞穴	pi shu xue	5
脾切除术	pi qie chu shu	6
脾动脉瘤	pi dong mai liu	4
脾喜燥恶湿	pi xi zao wu shi	3
脾囊肿	pi nang zhong	3
脾大	pi da	7
脾寒	pi han	5
脾开窍于口	pi kai qiao yu kou	4
脾气虚证	pi qi xu zheng	2
脾氨肽口服冻干粉	pi an tai kou fu dong gan fen	2
脾热	pi re	3
脾病	pi bing	1
脾破裂	pi po lie	9
脾移植	pi yi zhi	2
脾约	pi yue	2
脾结核	pi jie he	6
脾肺气虚证	pi fei qi xu zheng	3
脾肾两虚	pi shen liang xu	5
脾肾双补丸	pi shen shuang bu wan	6
脾肾阳虚	pi shen yang xu	7
脾胃气虚证	pi wei qi xu zheng	2
脾胃湿热	pi wei shi re	7
脾胃湿热证	pi wei shi re zheng	3
脾胃舒丸	pi wei shu wan	2
脾胃虚寒	pi wei xu han	3
脾胃虚寒证	pi wei xu han zheng	3
脾胃虚弱	pi wei xu ruo	2
脾脏损伤	pi zang sun shang	4
脾虚	pi xu	6
脾虚水肿	pi xu shui zhong	4
脾虚湿困	pi xu shi kun	4
脾虚湿困证	pi xu shi kun zheng	2
脾虚湿热证	pi xu shi re zheng	2
脾虚湿盛证	pi xu shi sheng zheng	2
脾虚证	pi xu zheng	4
脾阳	pi yang	7
脾阴	pi yin	4
腋前线	ye qian xian	2
腋动脉	ye dong mai	3
腐生菌	fu sheng jun	7
腐食性	fu shi xing	5
腓侧副韧带	fei ce fu ren dai	3
腓总神经	fei zong shen jing	7
腓深神经	fei shen shen jing	3
腓肠	fei chang	3
腓肠神经	fei chang shen jing	2
腓肠肌	fei chang ji	6
腓骨头	fei gu tou	1
腓骨短肌	fei gu duan ji	1
腓骨肌萎缩	fei gu ji wei suo	3
腓骨颈	fei gu jing	2
腔上囊	qiang shang nang	2
腔静脉造影	qiang jing mai zao ying	2
腔静脉阻塞综合征	qiang jing mai zu se zong he zheng	2
腕关节	wan guan jie	8
腕关节脱位	wan guan jie tuo wei	2
腕掌关节	wan zhang guan jie	1
腕管	wan guan	1
腕管综合征	wan guan zong he zheng	7
腕舟状骨骨折	wan zhou zhuang gu gu zhe	2
腕骨	wan gu	28
腘动脉	guo dong mai	5
腘窝	guo wo	1
腘静脉	guo jing mai	4
腭咽闭合不全	e yan bi he bu quan	3
腭扁桃体	e bian tao ti	4
腭腺	e xian	3
腭裂修复术	e lie xiu fu shu	3
腭骨	e gu	10
腮腺囊肿	sai xian nang zhong	3
腮腺恶性肿瘤	sai xian e xing zhong liu	3
腮腺炎减毒活疫苗	sai xian yan jian du huo yi miao	6
腮腺炎疫苗	sai xian yan yi miao	4
腮腺炎病毒	sai xian yan bing du	3
腮腺管	sai xian guan	3
腰俞	yao shu	2
腰俞穴	yao shu xue	2
腰动脉	yao dong mai	2
腰大肌	yao da ji	1
腰奇	yao qi	2
腰奇穴	yao qi xue	2
腰息痛胶囊	yao xi tong jiao nang	4
腰方肌	yao fang ji	3
腰椎痹痛丸	yao zhui bi tong wan	5
腰椎穿刺	yao zhui chuan ci	20
腰椎穿刺术	yao zhui chuan ci shu	5
腰椎结核	yao zhui jie he	6
腰椎骨折	yao zhui gu zhe	1
腰椎骶化	yao zhui di hua	2
腰疝	yao shan	4
腰痛	yao tong	41
腰痛宁胶囊	yao tong ning jiao nang	4
腰痛点	yao tong dian	4
腰痛病	yao tong bing	6
腰痹通胶囊	yao bi tong jiao nang	5
腰眼穴	yao yan xue	4
腰背痛	yao bei tong	1
腰腿痛	yao tui tong	1
腰腿痛丸	yao tui tong wan	4
腰腿痛贴	yao tui tong tie	3
腰膝酸软	yao xi suan ruan	10
腰阳关	yao yang guan	5
腰阳关穴	yao yang guan xue	3
腱反射	jian fan she	5
腱索	jian suo	1
腱膜	jian mo	6
腱鞘	jian qiao	19
腱鞘囊肿	jian qiao nang zhong	14
腱鞘囊肿切除术	jian qiao nang zhong qie chu shu	2
腹中雷鸣	fu zhong lei ming	2
腹主动脉	fu zhu dong mai	1
腹主动脉瘤	fu zhu dong mai liu	13
腹内斜肌	fu nei xie ji	3
腹内疝	fu nei shan	5
腹厚	fu hou	4
腹可安片	fu ke an pian	4
腹围	fu wei	9
腹型癫痫	fu xing dian xian	2
腹壁	fu bi	31
腹壁下动脉	fu bi xia dong mai	4
腹壁反射	fu bi fan she	4
腹壁成形术	fu bi cheng xing shu	4
腹壁挫伤	fu bi cuo shang	2
腹壁整形术	fu bi zheng xing shu	4
腹外斜肌	fu wai xie ji	6
腹外疝	fu wai shan	5
腹带	fu dai	6
腹横筋膜	fu heng jin mo	2
腹横肌	fu heng ji	1
腹痛拒按	fu tong ju an	2
腹直肌	fu zhi ji	14
腹管	fu guan	4
腹股沟淋巴结	fu gu gou lin ba jie	1
腹股沟疝	fu gu gou shan	18
腹股沟疝修补术	fu gu gou shan xiu bu shu	5
腹股沟管	fu gu gou guan	2
腹股沟韧带	fu gu gou ren dai	9
腹腔妊娠	fu qiang ren shen	6
腹腔干	fu qiang gan	4
腹腔感染	fu qiang gan ran	2
腹腔积液	fu qiang ji ye	10
腹腔穿刺	fu qiang chuan ci	6
腹腔穿刺术	fu qiang chuan ci shu	4
腹腔脓肿	fu qiang nong zhong	5
腹腔镜	fu qiang jing	35
腹腔镜下胆囊切除术	fu qiang jing xia dan nang qie chu shu	4
腹腔镜胆囊切除术	fu qiang jing dan nang qie chu shu	7
腹腔镜脾切除术	fu qiang jing pi qie chu shu	3
腹膜后充气造影	fu mo hou chong qi zao ying	2
腹膜后出血	fu mo hou chu xue	1
腹膜后恶性肿瘤	fu mo hou e xing zhong liu	2
腹膜后脓肿	fu mo hou nong zhong	3
腹膜后血肿	fu mo hou xue zhong	5
腹膜外剖宫产术	fu mo wai pou gong chan shu	2
腹膜腔	fu mo qiang	8
腹膜透析	fu mo tou xi	8
腹膜透析液	fu mo tou xi ye	6
腹裂	fu lie	2
腹部损伤	fu bu sun shang	1
腺体肥大	xian ti fei da	3
腺嘌呤核苷	xian piao ling he gan	4
腺性膀胱炎	xian xing pang guang yan	5
腺样体肥大	xian yang ti fei da	8
腺样囊性癌	xian yang nang xing ai	1
腺泡	xian pao	2
腺淋巴瘤	xian lin ba liu	2
腺炎	xian yan	10
腺病毒	xian bing du	28
腺病毒感染	xian bing du gan ran	1
腺瘤样息肉	xian liu yang xi rou	4
腺苷蛋氨酸	xian gan dan an suan	3
腺苷钴胺片	xian gan gu an pian	3
腺鼠疫	xian shu yi	12
腿节	tui jie	31
膀胱三角	pang guang san jiao	1
膀胱下垂	pang guang xia chui	3
膀胱俞	pang guang shu	4
膀胱俞穴	pang guang shu xue	2
膀胱冲洗	pang guang chong xi	2
膀胱嗜铬细胞瘤	pang guang shi ge xi bao liu	2
膀胱外翻	pang guang wai fan	5
膀胱息肉	pang guang xi rou	2
膀胱憩室	pang guang qi shi	4
膀胱挛缩	pang guang luan suo	4
膀胱挫伤	pang guang cuo shang	2
膀胱损伤	pang guang sun shang	5
膀胱炎	pang guang yan	9
膀胱瘘	pang guang lou	2
膀胱破裂	pang guang po lie	1
膀胱移行细胞癌	pang guang yi xing xi bao ai	1
膀胱纤维化	pang guang xian wei hua	4
膀胱结核	pang guang jie he	6
膀胱结石	pang guang jie shi	6
膀胱肿瘤	pang guang zhong liu	3
膀胱脱垂	pang guang tuo chui	3
膀胱腺癌	pang guang xian ai	3
膀胱膨出	pang guang peng chu	3
膀胱虚寒	pang guang xu han	2
膀胱输尿管反流	pang guang shu niao guan fan liu	4
膀胱造影	pang guang zao ying	3
膀胱部分切除术	pang guang bu fen qie chu shu	2
膀胱镜	pang guang jing	6
膀胱镜检查	pang guang jing jian cha	1
膀胱阴道瘘	pang guang yin dao lou	1
膀胱阴道瘘修补术	pang guang yin dao lou xiu bu shu	2
膀胱颈挛缩	pang guang jing luan suo	3
膀胱颈梗阻	pang guang jing geng zu	5
膈下脓肿	ge xia nong zhong	4
膈下逐瘀汤	ge xia zhu yu tang	3
膈俞	ge shu	5
膈俞穴	ge shu xue	3
膈疝	ge shan	7
膈疝修补术	ge shan xiu bu shu	4
膈神经	ge shen jing	2
膈肌	ge ji	7
膈肌麻痹	ge ji ma bi	4
膏桐	gao tong	6
膏肓俞	gao huang shu	2
膜固思达	mo gu si da	2
膜性肾病	mo xing shen bing	5
膜片钳	mo pian qian	15
膝交叉韧带	xi jiao cha ren dai	1
膝关	xi guan	3
膝关节损伤	xi guan jie sun shang	1
膝关节病	xi guan jie bing	9
膝关节结核	xi guan jie jie he	2
膝关节置换术	xi guan jie zhi huan shu	3
膝关节脱位	xi guan jie tuo wei	4
膝内翻	xi nei fan	1
膝外翻	xi wai fan	2
膝眼	xi yan	6
膝眼穴	xi yan xue	3
膝离断假肢	xi li duan jia zhi	2
膝阳关	xi yang guan	3
膦甲酸钠	lin jia suan na	2
膦甲酸钠氯化钠注射液	lin jia suan na lv hua na zhu she ye	2
膨胀性生长	peng zhang xing sheng zhang	4
膨胀运动	peng zhang yun dong	1
膺窗	ying chuang	2
膻中	shan zhong	6
膻中穴	shan zhong xue	6
臀上皮神经	tun shang pi shen jing	3
臀位	tun wei	11
臀厚	tun hou	3
臀大肌	tun da ji	7
臀小肌	tun xiao ji	3
臀肌	tun ji	5
臀肌挛缩	tun ji luan suo	4
臁疮	lian chuang	4
臂丛	bi cong	2
臂丛神经	bi cong shen jing	1
臂丛神经损伤	bi cong shen jing sun shang	7
臂痛	bi tong	1
臂臑	bi nao	3
臂部	bi bu	6
臂间倒位	bi jian dao wei	2
臆想症	yi xiang zheng	7
臣功再欣	chen gong zai xin	4
自主神经系统	zi zhu shen jing xi tong	23
自主运动	zi zhu yun dong	7
自交不亲和性	zi jiao bu qin he xing	2
自体免疫性疾病	zi ti mian yi xing ji bing	45
自体受精	zi ti shou jing	7
自体移植	zi ti yi zhi	2
自体骨髓移植	zi ti gu sui yi zhi	5
自发性气胸	zi fa xing qi xiong	1
自发行为	zi fa xing wei	4
自复制	zi fu zhi	1
自律性	zi lv xing	12
自恋型人格障碍	zi lian xing ren ge zhang ai	3
自我保健	zi wo bao jian	5
自我心理学	zi wo xin li xue	2
自我训练	zi wo xun lian	11
自我防御机制	zi wo fang yu ji zhi	2
自旋标记	zi xuan biao ji	2
自杀企图	zi sha qi tu	5
自汗	zi han	3
自溶	zi rong	16
自然杀伤细胞	zi ran sha shang xi bao	10
自然流产	zi ran liu chan	5
自然疫源地	zi ran yi yuan di	7
自然疫源性疾病	zi ran yi yuan xing ji bing	8
自然突变	zi ran tu bian	3
自然铜	zi ran tong	1
自由组合	zi you zu he	18
自花传粉	zi hua chuan fen	2
自身免疫	zi shen mian yi	14
自身免疫性溶血性贫血	zi shen mian yi xing rong xue xing pin xue	5
自身免疫性疾病	zi shen mian yi xing ji bing	6
自身抗体	zi shen kang ti	2
自身抗原	zi shen kang yuan	8
自身疫苗	zi shen yi miao	4
自身耐受	zi shen nai shou	3
自身调节	zi shen tiao jie	2
自身输血	zi shen shu xue	1
自限性	zi xian xing	8
自限性疾病	zi xian xing ji bing	8
臭汗症	chou han zheng	3
臭腺	chou xian	1
至宝三鞭丸	zhi bao san bian wan	4
至宝三鞭酒	zhi bao san bian jiu	3
至阳	zhi yang	10
至阳穴	zhi yang xue	1
至阴	zhi yin	2
至阴穴	zhi yin xue	3
致倦库蚊	zhi juan ku wen	1
致密结缔组织	zhi mi jie di zu zhi	16
致康胶囊	zhi kang jiao nang	2
致敏作用	zhi min zuo yong	5
致死基因	zhi si ji yin	4
致畸物	zhi ji wu	6
致畸试验	zhi ji shi yan	4
致病微生物	zhi bing wei sheng wu	4
致癌作用	zhi ai zuo yong	7
致癌原	zhi ai yuan	5
致癌因子	zhi ai yin zi	4
致突变作用	zhi tu bian zuo yong	7
舌下神经	she xia shen jing	2
舌下腺	she xia xian	1
舌下腺囊肿	she xia xian nang zhong	5
舌乳头	she ru tou	2
舌乳头炎	she ru tou yan	3
舌咽神经	she yan shen jing	1
舌咽神经痛	she yan shen jing tong	5
舌弓	she gong	3
舌扁桃体	she bian tao ti	2
舌淡	she dan	7
舌炎	she yan	1
舌痛	she tong	1
舌痛症	she tong zheng	2
舌癌	she ai	5
舌系带	she xi dai	5
舌系带过短	she xi dai guo duan	1
舌红	she hong	1
舌苔黄腻	she tai huang ni	6
舌裂	she lie	5
舌象	she xiang	7
舌骨	she gu	27
舌骨上肌群	she gu shang ji qun	2
舌骨骨折	she gu gu zhe	1
舒丽启能	shu li qi neng	2
舒乐安定	shu le an ding	6
舒他西林	shu ta xi lin	4
舒喘灵	shu chuan ling	4
舒坦罗	shu tan luo	3
舒巴坦	shu ba tan	1
舒巴坦钠	shu ba tan na	1
舒张压	shu zhang ya	19
舒心宁片	shu xin ning pian	3
舒必利	shu bi li	8
舒必利片	shu bi li pian	2
舒林酸	shu lin suan	3
舒眠胶囊	shu mian jiao nang	3
舒筋定痛	shu jin ding tong	4
舒筋定痛片	shu jin ding tong pian	3
舒筋活络酒	shu jin huo luo jiu	4
舒筋活血丸	shu jin huo xue wan	3
舒筋活血片	shu jin huo xue pian	4
舒筋胶囊	shu jin jiao nang	3
舒筋通络	shu jin tong luo	6
舒筋通络颗粒	shu jin tong luo ke li	2
舒肝丸	shu gan wan	2
舒肝健胃丸	shu gan jian wei wan	4
舒肝和胃丸	shu gan he wei wan	2
舒肝止痛丸	shu gan zhi tong wan	3
舒肝片	shu gan pian	3
舒肤止痒酊	shu fu zhi yang ding	3
舒胸胶囊	shu xiong jiao nang	3
舒芬太尼	shu fen tai ni	3
舒血宁注射液	shu xue ning zhu she ye	5
舒降之	shu jiang zhi	5
舞蹈疗法	wu dao liao fa	1
舞蹈病	wu dao bing	2
舟状头	zhou zhuang tou	1
舟骨	zhou gu	3
航天心理学	hang tian xin li xue	4
航空病	hang kong bing	2
船形乌头	chuan xing wu tou	2
船湾淡水湖	chuan wan dan shui hu	13
良姜	liang jiang	1
良性肝肿瘤	liang xing gan zhong liu	1
良性脑瘤	liang xing nao liu	5
良性高血压	liang xing gao xue ya	8
良附丸	liang fu wan	4
色板	se ban	7
色汗症	se han zheng	4
色甘酸钠	se gan suan na	5
色甘酸钠气雾剂	se gan suan na qi wu ji	3
色甘酸钠滴眼液	se gan suan na di yan ye	3
色素减退	se su jian tui	5
色素失禁症	se su shi jin zheng	1
色素性毛表皮痣	se su xing mao biao pi zhi	3
色素性视网膜炎	se su xing shi wang mo yan	6
色素性青光眼	se su xing qing guang yan	3
色素斑	se su ban	1
色素沉着	se su chen zhuo	5
色素痣	se su zhi	1
色素脱失	se su tuo shi	11
色素膜	se su mo	2
色羟丙钠	se qiang bing na	2
色觉检查	se jue jian cha	4
艾叶	ai ye	14
艾叶油	ai ye you	3
艾司唑仑	ai si zuo lun	2
艾司唑仑片	ai si zuo lun pian	5
艾夫吉夫	ai fu ji fu	2
艾森克人格问卷	ai sen ke ren ge wen juan	3
艾滋病初筛实验室	ai zi bing chu shai shi yan shi	6
艾滋病抗体	ai zi bing kang ti	9
艾滋病疫苗	ai zi bing yi miao	4
艾迪注射液	ai di zhu she ye	3
艾迪生	ai di sheng	36
艾附暖宫丸	ai fu nuan gong wan	5
节细胞	jie xi bao	5
节育器	jie yu qi	11
节菖蒲	jie chang pu	3
芍药汤	shao yao tang	3
芍药苷	shao yao gan	3
芎菊上清片	xiong ju shang qing pian	2
芒果止咳片	mang guo zhi ke pian	2
芙蓉叶	fu rong ye	2
芦丁	lu ding	4
芦丁片	lu ding pian	2
芦氟沙星	lu fu sha xing	5
芦苇沼泽	lu wei zhao ze	2
芦荟胶囊	lu hui jiao nang	5
芦荟苷	lu hui gan	2
芩连四物汤	qin lian si wu tang	3
芩连片	qin lian pian	3
芩黄喉症胶囊	qin huang hou zheng jiao nang	2
芪仙补肾胶囊	qi xian bu shen jiao nang	4
芪参胶囊	qi shen jiao nang	3
芪参虫草酒	qi shen chong cao jiu	3
芪枣健胃茶	qi zao jian wei cha	3
芪枣颗粒	qi zao ke li	3
芪苈强心胶囊	qi li qiang xin jiao nang	5
芪蓉润肠口服液	qi rong run chang kou fu ye	3
芪蛭通络胶囊	qi zhi tong luo jiao nang	3
芪蛭降糖胶囊	qi zhi jiang tang jiao nang	2
芪龙通络胶囊	qi long tong luo jiao nang	4
芫花	yuan hua	8
芬太尼	fen tai ni	33
芬太尼透皮贴剂	fen tai ni tou pi tie ji	3
芬布芬	fen bu fen	3
芬布芬胶囊	fen bu fen jiao nang	5
芬必得	fen bi de	9
芬氟拉明	fen fu la ming	5
芭蕉根	ba jiao gen	4
花生四烯酸	hua sheng si xi suan	12
花生红衣	hua sheng hong yi	5
花百胶囊	hua bai jiao nang	2
花粉培养	hua fen pei yang	2
花粉症	hua fen zheng	9
花红片	hua hong pian	3
花红胶囊	hua hong jiao nang	3
花药培养	hua yao pei yang	4
花蕊石	hua rui shi	2
花蛇解痒胶囊	hua she jie yang jiao nang	3
花被片	hua bei pian	42
花鼠	hua shu	5
芳基硫酸酯酶	fang ji liu suan zhi mei	2
芳香化浊	fang xiang hua zhuo	6
芳香植物	fang xiang zhi wu	3
芸香甙	yun xiang dai	4
芸香草	yun xiang cao	1
芽变	ya bian	1
芽孢杆菌	ya bao gan jun	27
芽胞杆菌	ya bao gan jun	5
芽鳞	ya lin	10
苁蓉通便口服液	cong rong tong bian kou fu ye	3
苁黄补肾丸	cong huang bu shen wan	2
苄星青霉素	bian xing qing mei su	1
苄达赖氨酸滴眼液	bian da lai an suan di yan ye	1
苋菜黄连素胶囊	xian cai huang lian su jiao nang	2
苍术	cang zhu	13
苍耳子	cang er zi	7
苍耳子鼻炎胶囊	cang er zi bi yan jiao nang	7
苏冰滴丸	su bing di wan	3
苏合香	su he xiang	5
苏合香丸	su he xiang wan	1
苏子降气丸	su zi jiang qi wan	3
苏子降气汤	su zi jiang qi tang	2
苏敬	su jing	30
苏梗	su geng	5
苏氨酸	su an suan	22
苓桂术甘汤	ling gui zhu gan tang	3
苔藓样变	tai xian yang bian	4
苦丁降压胶囊	ku ding jiang ya jiao nang	3
苦参	ku shen	16
苦参总碱	ku shen zong jian	3
苦参栓	ku shen shuan	3
苦参片	ku shen pian	2
苦参碱	ku shen jian	1
苦参碱栓	ku shen jian shuan	2
苦参素	ku shen su	4
苦参素注射液	ku shen su zhu she ye	3
苦参素葡萄糖注射液	ku shen su pu tao tang zhu she ye	2
苦地丁	ku di ding	4
苦木	ku mu	19
苦杏仁	ku xing ren	5
苦楝皮	ku lian pi	3
苦玄参	ku xuan shen	2
苦甘冲剂	ku gan chong ji	4
苦甘草	ku gan cao	2
苦甘颗粒	ku gan ke li	3
苦碟子注射液	ku die zi zhu she ye	3
苦竹叶	ku zhu ye	2
苦菜子	ku cai zi	2
苦豆草	ku dou cao	3
苯丙哌林	ben bing pai lin	3
苯丙氨酸	ben bing an suan	30
苯丙氨酸羟化酶	ben bing an suan qiang hua mei	8
苯丙酮尿症	ben bing tong niao zheng	6
苯丙酸诺龙	ben bing suan nuo long	3
苯丙酸诺龙注射液	ben bing suan nuo long zhu she ye	2
苯中毒	ben zhong du	8
苯乙双胍	ben yi shuang gua	4
苯乙酸睾酮	ben yi suan gao tong	1
苯佐卡因	ben zuo ka yin	4
苯佐卡因糊剂	ben zuo ka yin hu ji	2
苯佐那酯	ben zuo na zhi	3
苯唑西林	ben zuo xi lin	18
苯唑西林钠	ben zuo xi lin na	2
苯噻啶	ben sai ding	1
苯妥英钠	ben tuo ying na	6
苯妥英钠片	ben tuo ying na pian	3
苯巴比妥	ben ba bi tuo	6
苯巴比妥片	ben ba bi tuo pian	4
苯巴比妥钠	ben ba bi tuo na	2
苯巴比妥钠注射液	ben ba bi tuo na zhu she ye	2
苯扎氯铵	ben zha lv an	2
苯扎氯铵溶液	ben zha lv an rong ye	3
苯扎溴铵	ben zha xiu an	4
苯扎溴铵溶液	ben zha xiu an rong ye	2
苯氧乙醇	ben yang yi chun	2
苯氧基乙醇	ben yang ji yi chun	3
苯海拉明	ben hai la ming	5
苯海拉明糖浆	ben hai la ming tang jiang	2
苯海索	ben hai suo	1
苯溴马隆片	ben xiu ma long pian	3
苯环利定	ben huan li ding	3
苯甲托品	ben jia tuo pin	3
苯甲酰胺	ben jia xian an	5
苯甲酸酯	ben jia suan zhi	4
苯甲酸雌二醇	ben jia suan ci er chun	5
苯甲酸雌二醇注射液	ben jia suan ci er chun zhu she ye	4
苯甲醇注射液	ben jia chun zhu she ye	2
苯磺酸左旋氨氯地平	ben huang suan zuo xuan an lv di ping	3
苯磺酸左旋氨氯地平片	ben huang suan zuo xuan an lv di ping pian	4
苯磺酸氨氯地平	ben huang suan an lv di ping	4
苯磺酸氨氯地平片	ben huang suan an lv di ping pian	6
苯肾上腺素	ben shen shang xian su	1
苯酚中毒	ben fen zhong du	4
英太青	ying tai qing	3
英语写作	ying yu xie zuo	13
苷元	gan yuan	11
范明	fan ming	44
茅苍术	mao cang zhu	3
茎叶	jing ye	42
茎尖	jing jian	5
茎突	jing tu	2
茚地那韦	yin di na wei	2
茜草双酯	qian cao shuang zhi	2
茯神	fu shen	1
茯芩	fu qin	1
茯苓多糖	fu ling duo tang	5
茯苓皮	fu ling pi	3
茴拉西坦颗粒	hui la xi tan ke li	3
茴香桔核丸	hui xiang ju he wan	2
茴香橘核丸	hui xiang ju he wan	2
茴香油	hui xiang you	4
茴香醛	hui xiang quan	3
茵栀黄口服液	yin zhi huang kou fu ye	4
茵栀黄注射液	yin zhi huang zhu she ye	5
茵栀黄颗粒	yin zhi huang ke li	2
茵陈	yin chen	8
茵陈五疸丸	yin chen wu dan wan	2
茵陈五苓丸	yin chen wu ling wan	5
茵陈五苓散	yin chen wu ling san	2
茵陈蒿汤	yin chen hao tang	2
茶愈胶囊	cha yu jiao nang	3
茶新那敏片	cha xin na min pian	2
茶碱控释胶囊	cha jian kong shi jiao nang	2
茶碱缓释片	cha jian huan shi pian	4
茶碱麻黄碱片	cha jian ma huang jian pian	3
茶苯海明	cha ben hai ming	3
茶苯海明片	cha ben hai ming pian	3
茸参补肾胶囊	rong shen bu shen jiao nang	2
茸地益肾胶囊	rong di yi shen jiao nang	2
茸杞补肾健脾茶	rong qi bu shen jian pi cha	5
茸芪益肾口服液	rong qi yi shen kou fu ye	2
茸血补脑液	rong xue bu nao ye	2
荆芥穗	jing jie sui	6
荆花胃康胶丸	jing hua wei kang jiao wan	3
荆防败毒丸	jing fang bai du wan	2
荆防败毒散	jing fang bai du san	5
荆防颗粒	jing fang ke li	2
草乌	cao wu	9
草乌甲素	cao wu jia su	3
草木犀	cao mu xi	9
草果	cao guo	10
草珊瑚含片	cao shan hu han pian	6
草莓状血管瘤	cao mei zhuang xue guan liu	4
草莓舌	cao mei she	5
草蔻	cao kou	3
草豆蔻	cao dou kou	2
草酸钙结石	cao suan gai jie shi	7
荔枝核	li zhi he	1
荔花鼻窦炎片	li hua bi dou yan pian	2
荚膜	jia mo	27
荚膜多糖	jia mo duo tang	1
荜茇	bi ba	1
荜铃胃痛颗粒	bi ling wei tong ke li	2
荠菜花	ji cai hua	5
荣发胶囊	rong fa jiao nang	2
荧光分光光度计	ying guang fen guang guang du ji	3
荧光探针	ying guang tan zhen	6
荧光显微镜	ying guang xian wei jing	21
荧光染料	ying guang ran liao	10
荧光素	ying guang su	10
荧光素钠	ying guang su na	3
荨麻疹性血管炎	xun ma zhen xing xue guan yan	2
药事管理	yao shi guan li	1
药剂学	yao ji xue	21
药动学	yao dong xue	3
药品有效期	yao pin you xiao qi	1
药品标准	yao pin biao zhun	1
药品质量标准	yao pin zhi liang biao zhun	1
药品通用名	yao pin tong yong ming	7
药学服务	yao xue fu wu	8
药学监护	yao xue jian hu	2
药学综合知识与技能	yao xue zong he zhi shi yu ji neng	3
药学英语	yao xue ying yu	2
药效动力学	yao xiao dong li xue	3
药效学	yao xiao xue	8
药敏试验	yao min shi yan	7
药源性疾病	yao yuan xing ji bing	6
药物不良反应	yao wu bu liang fan ying	12
药物中毒	yao wu zhong du	18
药物代谢	yao wu dai xie	10
药物代谢动力学	yao wu dai xie dong li xue	5
药物作用	yao wu zuo yong	19
药物依赖性	yao wu yi lai xing	5
药物分布	yao wu fen bu	4
药物分析	yao wu fen xi	6
药物剂型	yao wu ji xing	1
药物动力学	yao wu dong li xue	2
药物化学	yao wu hua xue	47
药物反应	yao wu fan ying	9
药物合成	yao wu he cheng	7
药物合成反应	yao wu he cheng fan ying	3
药物吸收	yao wu xi shou	2
药物性肝炎	yao wu xing gan yan	7
药物性胃炎	yao wu xing wei yan	4
药物性鼻炎	yao wu xing bi yan	2
药物排泄	yao wu pai xie	1
药物敏感试验	yao wu min gan shi yan	5
药物毒理学	yao wu du li xue	1
药物洗脱支架	yao wu xi tuo zhi jia	6
药物相互作用	yao wu xiang hu zuo yong	9
药物经济学	yao wu jing ji xue	2
药物蓄积	yao wu xu ji	6
药物载体	yao wu zai ti	7
药物过敏	yao wu guo min	12
药物过敏反应	yao wu guo min fan ying	1
药物遗传学	yao wu yi chuan xue	3
药理效应	yao li xiao ying	3
药用植物学	yao yong zhi wu xue	1
药用炭	yao yong tan	4
药用炭片	yao yong tan pian	2
药用高分子材料	yao yong gao fen zi cai liao	3
药疹	yao zhen	4
药盒	yao he	19
药艾条	yao ai tiao	4
荷丹片	he dan pian	3
荷包缝合	he bao feng he	3
荷叶碱	he ye jian	1
荷叶调脂茶	he ye tiao zhi cha	2
莪术	e zhu	2
莪术油	e zhu you	3
莪术油葡萄糖注射液	e zhu you pu tao tang zhu she ye	2
莪术醇	e zhu chun	2
莫匹罗星	mo pi luo xing	1
莫匹罗星软膏	mo pi luo xing ruan gao	4
莫树锦	mo shu jin	1
莫沙必利	mo sha bi li	4
莫西沙星	mo xi sha xing	2
莫达非尼	mo da fei ni	14
莱姆病	lai mu bing	19
莱菔子	lai fu zi	7
莱阳梨膏	lai yang li gao	3
莲子心	lian zi xin	8
莲心碱	lian xin jian	3
莲芝消炎胶囊	lian zhi xiao yan jiao nang	2
莲芯	lian xin	6
莲须	lian xu	4
获得性状	huo de xing zhuang	3
菊明降压丸	ju ming jiang ya wan	4
菊石类	ju shi lei	9
菊粉	ju fen	3
菊芋	ju yu	1
菊花心	ju hua xin	1
菊苣	ju ju	9
菊蓝抗流感片	ju lan kang liu gan pian	3
菊蓝抗流感胶囊	ju lan kang liu gan jiao nang	2
菌体	jun ti	30
菌体抗原	jun ti kang yuan	3
菌托	jun tuo	6
菌柄	jun bing	44
菌核	jun he	6
菌群失调	jun qun shi tiao	9
菌胶团	jun jiao tuan	3
菌落形成单位	jun luo xing cheng dan wei	3
菌落总数	jun luo zong shu	4
菌血症	jun xue zheng	31
菜粉蝶	cai fen die	16
菜花耳	cai hua er	3
菠萝蛋白酶	bo luo dan bai mei	1
菱形肌	ling xing ji	3
萆薢	bi xie	2
萎缩性咽炎	wei suo xing yan yan	2
萎缩性胃炎	wei suo xing wei yan	5
萎缩性胆囊炎	wei suo xing dan nang yan	3
萎缩性鼻炎	wei suo xing bi yan	7
萎缩纹	wei suo wen	3
萘丁美酮胶囊	nai ding mei tong jiao nang	3
萘哌地尔	nai pai di er	2
萘哌地尔片	nai pai di er pian	3
萘夫西林	nai fu xi lin	1
萘敏维滴眼液	nai min wei di yan ye	3
萘普生	nai pu sheng	2
萘普生片	nai pu sheng pian	3
萘替芬酮康唑乳膏	nai ti fen tong kang zuo ru gao	2
萘甲唑林	nai jia zuo lin	2
萘胺	nai an	15
萝巴新	luo ba xin	2
营养与膳食	ying yang yu shan shi	6
营养与膳食指导	ying yang yu shan shi zhi dao	3
营养与食品卫生学	ying yang yu shi pin wei sheng xue	2
营养性水肿	ying yang xing shui zhong	3
营养性贫血	ying yang xing pin xue	7
营养支持	ying yang zhi chi	3
营养液	ying yang ye	10
营养神经	ying yang shen jing	9
营养细胞	ying yang xi bao	2
营养缺乏	ying yang que fa	7
萧道应	xiao dao ying	26
萨热十三味鹏鸟丸	sa re shi san wei peng niao wan	3
萱草根	xuan cao gen	3
落叶型天疱疮	luo ye xing tian pao chuang	2
落日征	luo ri zheng	3
落花生枝叶	luo hua sheng zhi ye	2
葛兰素史克	ge lan su shi ke	41
葛根汤合剂	ge gen tang he ji	3
葛根汤颗粒	ge gen tang ke li	3
葛根素	ge gen su	3
葛根素注射液	ge gen su zhu she ye	2
葛根芩连丸	ge gen qin lian wan	3
葛根芩连微丸	ge gen qin lian wei wan	5
葛根芩连片	ge gen qin lian pian	5
葡立	pu li	3
葡萄状肉瘤	pu tao zhuang rou liu	3
葡萄球菌感染	pu tao qiu jun gan ran	6
葡萄球菌肠毒素	pu tao qiu jun chang du su	5
葡萄籽	pu tao zi	3
葡萄糖氯化钠	pu tao tang lv hua na	4
葡萄糖氯化钠注射液	pu tao tang lv hua na zhu she ye	6
葡萄糖注射液	pu tao tang zhu she ye	1
葡萄糖酸亚铁片	pu tao tang suan ya tie pian	2
葡萄糖酸氯已定	pu tao tang suan lv yi ding	3
葡萄糖酸钙口服溶液	pu tao tang suan gai kou fu rong ye	4
葡萄糖酸钙注射液	pu tao tang suan gai zhu she ye	1
葡萄糖酸钙片	pu tao tang suan gai pian	4
葡萄糖酸钙锌口服液	pu tao tang suan gai xin kou fu ye	3
葡萄糖酸钙锌口服溶液	pu tao tang suan gai xin kou fu rong ye	4
葡萄糖酸钠	pu tao tang suan na	5
葡萄糖酸锌口服液	pu tao tang suan xin kou fu ye	3
葡萄糖酸锌口服溶液	pu tao tang suan xin kou fu rong ye	3
葡萄糖酸锌咀嚼片	pu tao tang suan xin ju jue pian	2
葡萄糖酸锌片	pu tao tang suan xin pian	1
葡萄糖酸锌颗粒	pu tao tang suan xin ke li	3
葡萄糖酸锌鼻喷剂	pu tao tang suan xin bi pen ji	2
葡萄糖酸锑钠注射液	pu tao tang suan ti na zhu she ye	2
葡萄糖醛酸	pu tao tang quan suan	18
葡萄胎	pu tao tai	14
葡萄膜	pu tao mo	8
葡萄膜大脑炎	pu tao mo da nao yan	2
葡萄膜炎	pu tao mo yan	20
葡萄酒色痣	pu tao jiu se zhi	2
葡醛内酯	pu quan nei zhi	3
葡醛内酯片	pu quan nei zhi pian	3
葡醛酸钠注射液	pu quan suan na zhu she ye	4
葫芦巴	hu lu ba	9
葫芦巴碱	hu lu ba jian	5
葫芦素片	hu lu su pian	2
葫芦茶	hu lu cha	4
葵花护肝片	kui hua hu gan pian	2
葶苈子	ting li zi	2
葶苈草颗粒	ting li cao ke li	4
蒂巴因	di ba yin	1
蒋彦永	jiang yan yong	4
蒎烯	pai xi	29
蒙古斑	meng gu ban	4
蒙脱石	meng tuo shi	8
蒙脱石散	meng tuo shi san	7
蒙脱石散剂	meng tuo shi san ji	3
蒲公英胶囊	pu gong ying jiao nang	2
蒲公英颗粒	pu gong ying ke li	2
蒲地蓝消炎口服液	pu di lan xiao yan kou fu ye	5
蒲地蓝消炎片	pu di lan xiao yan pian	5
蒲地蓝消炎胶囊	pu di lan xiao yan jiao nang	3
蒲黄	pu huang	1
蒸发器	zheng fa qi	20
蒸汽消毒	zheng qi xiao du	3
蒸腾系数	zheng teng xi shu	2
蒸馏水机	zheng liu shui ji	4
蒽油	en you	4
蒽醌	en kun	16
蒽醌类	en kun lei	3
蒿甲醚	hao jia mi	2
蒿甲醚注射液	hao jia mi zhu she ye	3
蒿甲醚片	hao jia mi pian	3
蒿芩清胆汤	hao qin qing dan tang	2
蓖麻子	bi ma zi	7
蓖麻油	bi ma you	13
蓝痣	lan zhi	3
蓝绿藻	lan lv zao	8
蓝芩口服液	lan qin kou fu ye	6
蓝芩颗粒	lan qin ke li	2
蓝顿	lan dun	8
蓼参胶囊	liao shen jiao nang	2
蔓状血管瘤	man zhuang xue guan liu	2
蔓荆子	man jing zi	2
蔗糖酶	zhe tang mei	1
蔗糖铁	zhe tang tie	2
蔬菜皮炎	shu cai pi yan	2
蕈样肉芽肿	xun yang rou ya zhong	1
蕲蛇酶注射液	qi she mei zhu she ye	3
薄层层析法	bao ceng ceng xi fa	3
薄层扫描	bao ceng sao miao	4
薄层色谱法	bao ceng se pu fa	3
薄芝糖肽注射液	bo zhi tang tai zhu she ye	2
薄荷喉片	bo he hou pian	3
薄荷桉油含片	bo he an you han pian	2
薄荷油	bo he you	3
薄荷酮	bo he tong	4
薄荷麝香草酚搽剂	bo he she xiang cao fen cha ji	2
薏苡仁	yi yi ren	2
薏苡仁汤	yi yi ren tang	3
薏苡附子败酱散	yi yi fu zi bai jiang san	2
薏辛除湿止痛胶囊	yi xin chu shi zhi tong jiao nang	5
薛氏医案	xue shi yi an	3
薛社普	xue she pu	3
薯莨	shu liang	1
薯蓣皂苷	shu yu zao gan	1
藁本	gao ben	9
藏毛窦	zang mao dou	3
藏菖蒲	zang chang pu	2
藏锦鸡儿	zang jin ji er	2
藏青果喉片	zang qing guo hou pian	2
藕节	ou jie	8
藤野严九郎	teng ye yan jiu lang	13
藤黄健骨丸	teng huang jian gu wan	3
藻红蛋白	zao hong dan bai	2
藻蓝蛋白	zao lan dan bai	3
藻酸双脂钠	zao suan shuang zhi na	2
藻酸双脂钠片	zao suan shuang zhi na pian	4
藻酸双酯钠	zao suan shuang zhi na	3
藻酸双酯钠片	zao suan shuang zhi na pian	2
藿朴夏苓汤	huo po xia ling tang	3
藿香正气丸	huo xiang zheng qi wan	1
藿香正气口服液	huo xiang zheng qi kou fu ye	2
藿香正气散	huo xiang zheng qi san	6
藿香正气滴丸	huo xiang zheng qi di wan	6
藿香正气片	huo xiang zheng qi pian	5
藿香正气胶囊	huo xiang zheng qi jiao nang	7
藿香正气软胶囊	huo xiang zheng qi ruan jiao nang	5
藿香正气颗粒	huo xiang zheng qi ke li	3
藿香清胃胶囊	huo xiang qing wei jiao nang	2
藿香祛暑软胶囊	huo xiang qu shu ruan jiao nang	3
蘑菇肺	mo gu fei	3
虎力散	hu li san	2
虎力散胶囊	hu li san jiao nang	2
虎口穴	hu kou xue	5
虎杖	hu zhang	30
虎杖苷	hu zhang gan	3
虎标万金油	hu biao wan jin you	3
虎潜丸	hu qian wan	1
虎驹乙肝胶囊	hu ju yi gan jiao nang	2
虎骨木瓜丸	hu gu mu gua wan	3
虎骨追风酒	hu gu zhui feng jiu	3
虚则补之	xu ze bu zhi	7
虚劳病	xu lao bing	3
虚实夹杂证	xu shi jia za zheng	2
虚寒	xu han	1
虚寒症	xu han zheng	6
虚寒胃痛颗粒	xu han wei tong ke li	2
虚寒证	xu han zheng	5
虚汗停颗粒	xu han ting ke li	4
虚烦不眠	xu fan bu mian	4
虚热证	xu re zheng	3
虚邪贼风	xu xie zei feng	6
虫媒	chong mei	3
虫媒传染病	chong mei chuan ran bing	1
虫媒病毒	chong mei bing du	5
虫室	chong shi	2
虫白蜡	chong bai la	3
虫草五味颗粒	chong cao wu wei ke li	3
虫草参芪口服液	chong cao shen qi kou fu ye	3
虫草参芪膏	chong cao shen qi gao	3
虫草川贝膏	chong cao chuan bei gao	3
虫草氨基酸	chong cao an ji suan	4
虫草洋参胶囊	chong cao yang shen jiao nang	2
虫草清肺胶囊	chong cao qing fei jiao nang	4
虫草素	chong cao su	1
虫草芪参胶囊	chong cao qi shen jiao nang	2
虫黄藻	chong huang zao	8
虱病	shi bing	3
虹彩病毒	hong cai bing du	3
虹膜切除术	hong mo qie chu shu	2
虹膜根部离断	hong mo gen bu li duan	3
虹膜睫状体炎	hong mo jie zhuang ti yan	17
虹膜缺损	hong mo que sun	1
虹膜角膜内皮综合征	hong mo jiao mo nei pi zong he zheng	3
蚁力神	yi li shen	4
蚁走感	yi zou gan	4
蚁陈固涩口服液	yi chen gu se kou fu ye	2
蚂蚁双参通痹丸	ma yi shuang shen tong bi wan	3
蚊不叮	wen bu ding	6
蚓激酶	yin ji mei	4
蚕砂	can sha	6
蚕豆病	can dou bing	1
蚤叮咬	zao ding yao	3
蛇伤解毒片	she shang jie du pian	2
蛇六谷	she liu gu	2
蛇咬伤	she yao shang	17
蛇床子	she chuang zi	1
蛇毒中毒	she du zhong du	4
蛇毒血凝酶	she du xue ning mei	2
蛇纹石	she wen shi	17
蛇胆川贝口服液	she dan chuan bei kou fu ye	3
蛇胆川贝散	she dan chuan bei san	4
蛇胆川贝枇杷膏	she dan chuan bei pi pa gao	5
蛇胆川贝液	she dan chuan bei ye	1
蛇胆川贝胶囊	she dan chuan bei jiao nang	2
蛇胆追风丸	she dan zhui feng wan	2
蛇胆陈皮	she dan chen pi	1
蛇胆陈皮口服液	she dan chen pi kou fu ye	4
蛇胆陈皮散	she dan chen pi san	3
蛇胆陈皮液	she dan chen pi ye	2
蛇舌草	she she cao	7
蛋白原	dan bai yuan	1
蛋白水解酶	dan bai shui jie mei	1
蛋白激酶	dan bai ji mei	24
蛋白琥珀酸铁口服溶液	dan bai hu po suan tie kou fu rong ye	2
蛋白粉	dan bai fen	7
蛋白质合成	dan bai zhi he cheng	37
蛋白质粉	dan bai zhi fen	9
蛋白质能量营养不良	dan bai zhi neng liang ying yang bu liang	3
蛋白质营养不良	dan bai zhi ying yang bu liang	3
蛋白酶抑制剂	dan bai mei yi zhi ji	20
蛔厥	hui jue	3
蛔虫卵	hui chong luan	7
蛔虫性肠梗阻	hui chong xing chang geng zu	4
蛔虫病	hui chong bing	8
蛛网膜	zhu wang mo	12
蛛网膜下出血	zhu wang mo xia chu xue	3
蛛网膜下腔	zhu wang mo xia qiang	34
蛛网膜囊肿	zhu wang mo nang zhong	6
蛛网膜炎	zhu wang mo yan	1
蛛网膜颗粒	zhu wang mo ke li	3
蛤蚧定喘丸	ge jie ding chuan wan	3
蛤蚧定喘胶囊	ge jie ding chuan jiao nang	2
蛤蚧补肾丸	ge jie bu shen wan	2
蛲虫病	nao chong bing	2
蛾苓丸	e ling wan	3
蛾贞胶丸	e zhen jiao wan	4
蜂窝织炎	feng wo zhi yan	2
蜂腊	feng la	1
蜂蛰伤	feng zhe shang	5
蜂螫伤	feng shi shang	1
蜈蚣咬伤	wu gong yao shang	6
蜈黛软膏	wu dai ruan gao	2
蜘蛛咬伤	zhi zhu yao shang	9
蜘蛛痣	zhi zhu zhi	6
蜘蛛香	zhi zhu xiang	3
蜜炼川贝枇杷膏	mi lian chuan bei pi pa gao	1
蜜甘草	mi gan cao	3
蜡刀	la dao	4
蜡样芽胞杆菌	la yang ya bao gan jun	6
蜡片	la pian	17
蜡腺	la xian	4
蜱传回归热	pi chuan hui gui re	3
蜱传脑炎	pi chuan nao yan	3
蜱叮咬	pi ding yao	1
蝇蛆病	ying qu bing	3
蝎毒	xie du	6
蝮蛇抗栓酶	fu she kang shuan mei	2
蝰蛇科	kui she ke	3
蝶窦	die dou	1
蝶鞍	die an	7
蝶骨	die gu	18
螃蟹甲	pang xie jia	3
融合基因	rong he ji yin	7
螨病	man bing	3
螨皮炎	man pi yan	2
螨虫病	man chong bing	4
螺内酯	luo nei zhi	2
螺内酯片	luo nei zhi pian	4
螺内酯胶囊	luo nei zhi jiao nang	2
螺旋器	luo xuan qi	4
螺旋藻片	luo xuan zao pian	7
螺旋藻胶囊	luo xuan zao jiao nang	4
螺旋藻软胶囊	luo xuan zao ruan jiao nang	3
螺旋霉素	luo xuan mei su	6
螺旋霉素片	luo xuan mei su pian	3
螺纹管	luo wen guan	3
螺线管	luo xian guan	15
螺菌	luo jun	3
蟹黄肤宁软膏	xie huang fu ning ruan gao	3
蟾皮病	chan pi bing	2
蟾蜍中毒	chan chu zhong du	5
蟾蜍毒	chan chu du	4
蟾麝救心丸	chan she jiu xin wan	3
蠕形螨病	ru xing man bing	1
蠕虫病	ru chong bing	16
蠲痹汤	juan bi tang	3
血余炭	xue yu tan	4
血凝抑制试验	xue ning yi zhi shi yan	4
血凝素	xue ning su	10
血凝试验	xue ning shi yan	1
血凝酶	xue ning mei	3
血友病性关节炎	xue you bing xing guan jie yan	3
血吸虫性肝硬化	xue xi chong xing gan ying hua	4
血型抗原	xue xing kang yuan	6
血型物质	xue xing wu zhi	5
血型系统	xue xing xi tong	6
血塞通	xue sai tong	1
血塞通分散片	xue sai tong fen san pian	4
血塞通注射液	xue sai tong zhu she ye	4
血塞通滴丸	xue sai tong di wan	3
血塞通片	xue sai tong pian	4
血塞通胶囊	xue sai tong jiao nang	3
血塞通软胶囊	xue sai tong ruan jiao nang	3
血容量	xue rong liang	23
血小板减少	xue xiao ban jian shao	18
血小板减少性紫癜	xue xiao ban jian shao xing zi dian	5
血小板减少症	xue xiao ban jian shao zheng	10
血小板无力症	xue xiao ban wu li zheng	1
血小板衍生生长因子	xue xiao ban yan sheng sheng zhang yin zi	3
血小板计数	xue xiao ban ji shu	5
血尿安胶囊	xue niao an jiao nang	3
血常规	xue chang gui	4
血府逐瘀丸	xue fu zhu yu wan	3
血府逐瘀口服液	xue fu zhu yu kou fu ye	2
血府逐瘀汤	xue fu zhu yu tang	5
血府逐瘀胶囊	xue fu zhu yu jiao nang	5
血康口服液	xue kang kou fu ye	2
血必净注射液	xue bi jing zhu she ye	7
血栓性微血管病	xue shuan xing wei xue guan bing	1
血栓性脉管炎	xue shuan xing mai guan yan	4
血栓栓塞	xue shuan shuan se	11
血栓通	xue shuan tong	8
血栓通注射液	xue shuan tong zhu she ye	5
血栓通胶囊	xue shuan tong jiao nang	2
血栓闭塞性脉管炎	xue shuan bi se xing mai guan yan	3
血气分析	xue qi fen xi	1
血气胸	xue qi xiong	10
血氨	xue an	2
血汗症	xue han zheng	3
血流速度	xue liu su du	3
血流量	xue liu liang	30
血浆同型半胱氨酸	xue jiang tong xing ban guang an suan	3
血浆置换术	xue jiang zhi huan shu	7
血浆蛋白	xue jiang dan bai	40
血浆蛋白结合率	xue jiang dan bai jie he lv	4
血海穴	xue hai xue	5
血液传播	xue ye chuan bo	9
血液保存液	xue ye bao cun ye	3
血液内科	xue ye nei ke	5
血液凝固	xue ye ning gu	14
血液制品	xue ye zhi pin	27
血液学	xue ye xue	44
血液学检验	xue ye xue jian yan	3
血液循环系统	xue ye xun huan xi tong	5
血液滤过	xue ye lv guo	7
血液灌流	xue ye guan liu	3
血液灌流器	xue ye guan liu qi	3
血液稀释	xue ye xi shi	2
血液透析滤过	xue ye tou xi lv guo	5
血清型	xue qing xing	18
血清学	xue qing xue	30
血清学诊断	xue qing xue zhen duan	4
血清抗体	xue qing kang ti	23
血清球蛋白	xue qing qiu dan bai	3
血清疗法	xue qing liao fa	5
血清病	xue qing bing	4
血清病性荨麻疹	xue qing bing xing qian ma zhen	2
血清白蛋白	xue qing bai dan bai	2
血清胆红素	xue qing dan hong su	7
血清蛋白	xue qing dan bai	6
血源性肺脓肿	xue yuan xing fei nong zhong	2
血滞通胶囊	xue zhi tong jiao nang	4
血热妄行	xue re wang xing	1
血热证	xue re zheng	3
血疗	xue liao	2
血疱	xue pao	6
血痹	xue bi	2
血瘀	xue yu	4
血瘀证	xue yu zheng	1
血窦	xue dou	2
血站	xue zhan	21
血竭	xue jie	4
血管内支架	xue guan nei zhi jia	5
血管吻合	xue guan wen he	8
血管平滑肌瘤	xue guan ping hua ji liu	3
血管性头痛	xue guan xing tou tong	8
血管性水肿	xue guan xing shui zhong	16
血管性痴呆	xue guan xing chi dai	2
血管性紫癜	xue guan xing zi dian	2
血管性血友病	xue guan xing xue you bing	2
血管成形术	xue guan cheng xing shu	9
血管损伤	xue guan sun shang	22
血管支架	xue guan zhi jia	3
血管收缩	xue guan shou suo	18
血管活性肠肽	xue guan huo xing chang tai	1
血管淋巴管瘤	xue guan lin ba guan liu	2
血管炎	xue guan yan	17
血管球	xue guan qiu	1
血管球瘤	xue guan qiu liu	3
血管痉挛	xue guan jing luan	5
血管痣	xue guan zhi	4
血管瘤	xue guan liu	8
血管移植术	xue guan yi zhi shu	3
血管系统	xue guan xi tong	24
血管紧张素	xue guan jin zhang su	22
血管紧张素转化酶	xue guan jin zhang su zhuan hua mei	13
血管网状细胞瘤	xue guan wang zhuang xi bao liu	4
血管肉瘤	xue guan rou liu	3
血管脂肪瘤	xue guan zhi fang liu	4
血管舒张	xue guan shu zhang	14
血管运动性鼻炎	xue guan yun dong xing bi yan	1
血管造影	xue guan zao ying	3
血糖试纸	xue tang shi zhi	2
血红蛋白电泳	xue hong dan bai dian yong	5
血红蛋白病	xue hong dan bai bing	6
血细胞分析	xue xi bao fen xi	7
血络通胶囊	xue luo tong jiao nang	2
血胎屏障	xue tai ping zhang	3
血胸	xue xiong	6
血脂康胶囊	xue zhi kang jiao nang	3
血脂灵胶囊	xue zhi ling jiao nang	6
血脑屏障	xue nao ping zhang	36
血脱	xue tuo	4
血色病	xue se bing	5
血药浓度	xue yao nong du	13
血虚寒凝证	xue xu han ning zheng	3
血虚生风	xue xu sheng feng	4
血虚证	xue xu zheng	4
血行播散型肺结核	xue xing bo san xing fei jie he	3
行为医学	xing wei yi xue	7
行为治疗	xing wei zhi liao	25
行为生态学	xing wei sheng tai xue	7
行为遗传学	xing wei yi chuan xue	9
行气活血	xing qi huo xue	1
衣原体	yi yuan ti	15
补中益气	bu zhong yi qi	2
补中益气丸	bu zhong yi qi wan	6
补中益气汤	bu zhong yi qi tang	1
补中益气颗粒	bu zhong yi qi ke li	2
补体	bu ti	38
补体受体	bu ti shou ti	3
补体系统	bu ti xi tong	21
补气升提	bu qi sheng ti	3
补牙	bu ya	11
补益强心片	bu yi qiang xin pian	3
补益资生丸	bu yi zi sheng wan	3
补肝汤	bu gan tang	2
补肺活血胶囊	bu fei huo xue jiao nang	2
补肾	bu shen	8
补肾丸	bu shen wan	6
补肾养血丸	bu shen yang xue wan	3
补肾固齿	bu shen gu chi	4
补肾固齿丸	bu shen gu chi wan	3
补肾填精丸	bu shen tian jing wan	4
补肾强身胶囊	bu shen qiang shen jiao nang	3
补肾益寿胶囊	bu shen yi shou jiao nang	7
补肾益气胶囊	bu shen yi qi jiao nang	2
补肾益脑胶囊	bu shen yi nao jiao nang	3
补脑安神片	bu nao an shen pian	2
补脾益肠丸	bu pi yi chang wan	3
补脾益肺	bu pi yi fei	6
补虚药	bu xu yao	3
补血口服液	bu xue kou fu ye	4
补血益母颗粒	bu xue yi mu ke li	3
补血药	bu xue yao	7
补阳还五汤	bu yang huan wu tang	4
补骨脂	bu gu zhi	7
补骨脂素	bu gu zhi su	5
补骨脂酊	bu gu zhi ding	3
表位	biao wei	19
表儿茶素	biao er cha su	2
表寒	biao han	5
表寒里热	biao han li re	3
表寒里热证	biao han li re zheng	2
表层结构	biao ceng jie gou	3
表情肌	biao qing ji	7
表气不固	biao qi bu gu	3
表演型人格障碍	biao yan xing ren ge zhang ai	1
表现度	biao xian du	4
表皮囊肿	biao pi nang zhong	3
表皮样囊肿	biao pi yang nang zhong	3
表皮生长因子	biao pi sheng zhang yin zi	30
表皮痣	biao pi zhi	1
表皮细胞	biao pi xi bao	15
表皮葡萄球菌	biao pi pu tao qiu jun	5
表证	biao zheng	30
表达性失语	biao da xing shi yu	2
表达载体	biao da zai ti	23
表里俱热	biao li ju re	3
表阿霉素	biao a mei su	1
表面培养	biao mian pei yang	3
表面抗原	biao mian kang yuan	10
表面效度	biao mian xiao du	2
表面电荷	biao mian dian he	18
表面结构	biao mian jie gou	10
表面麻醉	biao mian ma zui	3
被动体位	bei dong ti wei	4
被动免疫	bei dong mian yi	2
被动吸烟	bei dong xi yan	5
被动扩散	bei dong kuo san	2
被动攻击型人格障碍	bei dong gong ji xing ren ge zhang ai	3
被动运动	bei dong yun dong	3
被动运输	bei dong yun shu	2
被囊	bei nang	5
被害妄想	bei hai wang xiang	11
被膜	bei mo	8
裂头绦虫病	lie tou tao chong bing	2
裂头蚴病	lie tou you bing	5
裂纹舌	lie wen she	3
裂解疫苗	lie jie yi miao	6
裂解酶	lie jie mei	24
裂谷热	lie gu re	1
装死	zhuang si	48
裘法祖	qiu fa zu	2
裸花紫珠	luo hua zi zhu	3
裸花紫珠片	luo hua zi zhu pian	3
裸花紫珠胶囊	luo hua zi zhu jiao nang	2
褐家鼠	he jia shu	12
褐藻多糖硫酸酯	he zao duo tang liu suan zhi	2
褐黄病	he huang bing	3
褪黑素	tui hei su	5
西乐葆	xi le bao	4
西京医院	xi jing yi yuan	2
西医内科学	xi yi nei ke xue	3
西医外科学	xi yi wai ke xue	2
西司他丁钠	xi si ta ding na	11
西吡氯铵含片	xi bi lv an han pian	3
西咪替丁	xi mi ti ding	12
西咪替丁片	xi mi ti ding pian	2
西地兰	xi di lan	8
西地碘	xi di dian	3
西地碘含片	xi di dian han pian	4
西地碘片	xi di dian pian	4
西妥昔单抗	xi tuo xi dan kang	1
西尼罗河热	xi ni luo he re	1
西布曲明	xi bu qu ming	5
西帕依固龈液	xi pa yi gu yin ye	3
西拉普利	xi la pu li	2
西方文明史	xi fang wen ming shi	1
西替利嗪	xi ti li qin	2
西比灵	xi bi ling	5
西汉古酒	xi han gu jiu	2
西沙必利	xi sha bi li	5
西洋参含片	xi yang shen han pian	1
西洋参胶囊	xi yang shen jiao nang	6
西洛他唑	xi luo ta zuo	2
西洛他唑片	xi luo ta zuo pian	3
西瓜霜润喉片	xi gua shuang run hou pian	5
西索米星	xi suo mi xing	2
西红花苷	xi hong hua gan	2
西罗莫司	xi luo mo si	3
西藏高原	xi zang gao yuan	15
西酞普兰	xi tai pu lan	5
西黄丸	xi huang wan	3
西黄清醒丸	xi huang qing xing wan	2
覃勤	qin qin	2
覆盖义齿	fu gai yi chi	3
覆盖义齿修复	fu gai yi chi xiu fu	4
观众效应	guan zhong xiao ying	1
觅食反射	mi shi fan she	5
视乳头水肿	shi ru tou shui zhong	1
视交叉	shi jiao cha	8
视交叉上核	shi jiao cha shang he	4
视力丧失	shi li sang shi	6
视敏度	shi min du	1
视杆细胞	shi gan xi bao	40
视盘水肿	shi pan shui zhong	2
视神经乳头水肿	shi shen jing ru tou shui zhong	6
视神经乳头炎	shi shen jing ru tou yan	3
视神经炎	shi shen jing yan	7
视神经疾病	shi shen jing ji bing	4
视神经病变	shi shen jing bing bian	3
视神经管	shi shen jing guan	1
视神经胶质瘤	shi shen jing jiao zhi liu	3
视神经萎缩	shi shen jing wei suo	8
视紫红质	shi zi hong zhi	2
视紫质	shi zi zhi	6
视网膜动脉硬化	shi wang mo dong mai ying hua	3
视网膜动脉阻塞	shi wang mo dong mai zu se	5
视网膜变性	shi wang mo bian xing	2
视网膜挫伤	shi wang mo cuo shang	5
视网膜母细胞瘤	shi wang mo mu xi bao liu	9
视网膜炎	shi wang mo yan	26
视网膜照度	shi wang mo zhao du	2
视网膜电图	shi wang mo dian tu	3
视网膜电流图	shi wang mo dian liu tu	2
视网膜疾病	shi wang mo ji bing	1
视网膜病	shi wang mo bing	4
视网膜病变	shi wang mo bing bian	22
视网膜脱离	shi wang mo tuo li	4
视网膜色素	shi wang mo se su	4
视网膜色素变性	shi wang mo se su bian xing	8
视网膜萎缩	shi wang mo wei suo	3
视网膜血管炎	shi wang mo xue guan yan	5
视网膜震荡	shi wang mo zhen dang	6
视网膜静脉周围炎	shi wang mo jing mai zhou wei yan	3
视网膜静脉阻塞	shi wang mo jing mai zu se	1
视蛋白	shi dan bai	27
视觉中枢	shi jue zhong shu	1
视觉器官	shi jue qi guan	5
视觉噪声	shi jue zao sheng	1
视觉诱发电位	shi jue you fa dian wei	2
视觉适应	shi jue shi ying	3
视觉障碍	shi jue zhang ai	40
视诊	shi zhen	5
视野缺损	shi ye que sun	4
视错觉	shi cuo jue	13
视锥	shi zhui	10
视黄醛	shi huang quan	15
角化不全	jiao hua bu quan	1
角化不良	jiao hua bu liang	2
角化棘皮瘤	jiao hua ji pi liu	1
角化病	jiao hua bing	5
角化过度	jiao hua guo du	1
角孙	jiao sun	2
角孙穴	jiao sun xue	2
角巩膜缘	jiao gong mo yuan	4
角弓反张	jiao gong fan zhang	5
角膜变性	jiao mo bian xing	5
角膜基质炎	jiao mo ji zhi yan	1
角膜基质环植入术	jiao mo ji zhi huan zhi ru shu	2
角膜异物	jiao mo yi wu	4
角膜挫伤	jiao mo cuo shang	3
角膜擦伤	jiao mo ca shang	5
角膜新生血管	jiao mo xin sheng xue guan	5
角膜映光法	jiao mo ying guang fa	3
角膜水肿	jiao mo shui zhong	3
角膜浑浊	jiao mo hun zhuo	4
角膜混浊	jiao mo hun zhuo	4
角膜溃疡	jiao mo kui yang	6
角膜瘘	jiao mo lou	2
角膜瘢痕	jiao mo ban hen	1
角膜白斑	jiao mo bai ban	1
角膜移植	jiao mo yi zhi	11
角膜移植术	jiao mo yi zhi shu	2
角膜翳	jiao mo yi	1
角膜营养不良	jiao mo ying yang bu liang	4
角膜葡萄肿	jiao mo pu tao zhong	3
角膜血管翳	jiao mo xue guan yi	4
角色偏差	jue se pian cha	3
角色紧张	jue se jin zhang	4
角色行为	jue se xing wei	4
角蛋白	jiao dan bai	33
角质层	jiao zhi ceng	28
角质形成细胞	jiao zhi xing cheng xi bao	12
角鲨烯胶丸	jiao sha xi jiao wan	4
解偶联	jie ou lian	6
解偶联剂	jie ou lian ji	2
解剖显微镜	jie pou xian wei jing	3
解剖生理学	jie pou sheng li xue	4
解毒作用	jie du zuo yong	2
解毒止泻胶囊	jie du zhi xie jiao nang	2
解毒生肌膏	jie du sheng ji gao	2
解毒胶囊	jie du jiao nang	7
解溪	jie xi	4
解溪穴	jie xi xue	3
解热止痛散	jie re zhi tong san	2
解热镇痛抗炎药	jie re zhen tong kang yan yao	4
解热镇痛药	jie re zhen tong yao	5
解痉	jie jing	14
解痉镇痛酊	jie jing zhen tong ding	3
解脲支原体	jie niao zhi yuan ti	1
解郁	jie yu	10
解郁和肝丸	jie yu he gan wan	3
解郁安神	jie yu an shen	5
触毛	chu mao	1
触觉小体	chu jue xiao ti	3
触诊	chu zhen	40
言语治疗	yan yu zhi liao	17
警戒色	jing jie se	15
计划免疫	ji hua mian yi	6
计算机体层摄影	ji suan ji ti ceng she ying	3
计算机应用基础	ji suan ji ying yong ji chu	6
计算机文化基础	ji suan ji wen hua ji chu	3
认知地图	ren zhi di tu	31
认知治疗	ren zhi zhi liao	5
认知疗法	ren zhi liao fa	4
认知神经科学	ren zhi shen jing ke xue	29
认知行为治疗	ren zhi xing wei zhi liao	17
认知革命	ren zhi ge ming	7
认知领悟疗法	ren zhi ling wu liao fa	3
记忆减退	ji yi jian tui	1
记忆增强	ji yi zeng qiang	4
记忆广度	ji yi guang du	4
记忆痕迹	ji yi hen ji	7
记忆细胞	ji yi xi bao	3
记忆表象	ji yi biao xiang	2
记忆障碍	ji yi zhang ai	8
许叔微	xu shu wei	3
许希	xu xi	8
许强	xu qiang	32
许浚	xu jun	35
论治	lun zhi	3
证治准绳	zheng zhi zhun sheng	4
诃子	he zi	3
评定量表	ping ding liang biao	10
识别位点	shi bie wei dian	3
诊断学	zhen duan xue	6
诊断学基础	zhen duan xue ji chu	3
诊断性刮宫	zhen duan xing gua gong	5
诊断性刮宫术	zhen duan xing gua gong shu	1
诊断试剂	zhen duan shi ji	12
诊法	zhen fa	6
词汇学	ci hui xue	14
试剂盒	shi ji he	48
试管凝集试验	shi guan ning ji shi yan	3
试管刷	shi guan shua	4
试管夹	shi guan jia	3
诗乐	shi yue	2
语义记忆	yu yi ji yi	4
语声低微	yu sheng di wei	5
语言中枢	yu yan zhong shu	2
语言发育障碍	yu yan fa yu zhang ai	6
语言困难	yu yan kun nan	1
误吸	wu xi	1
诱发电位	you fa dian wei	1
诱发突变	you fa tu bian	3
诱变	you bian	14
诱变剂	you bian ji	9
诱变育种	you bian yu zhong	7
诸病源候论	zhu bing yuan hou lun	2
诸葛行军散	zhu ge xing jun san	4
诺和灵	nuo he ling	6
诺氟沙星	nuo fu sha xing	9
诺氟沙星注射液	nuo fu sha xing zhu she ye	2
诺氟沙星滴眼液	nuo fu sha xing di yan ye	2
诺氟沙星胶囊	nuo fu sha xing jiao nang	8
诺迪康胶囊	nuo di kang jiao nang	2
诺雷得	nuo lei de	4
课堂讨论	ke tang tao lun	9
调中益气汤	tiao zhong yi qi tang	2
调和肝脾	tiao he gan pi	4
调和脾胃	tiao he pi wei	6
调定点	diao ding dian	4
调经	tiao jing	4
调经促孕丸	tiao jing cu yun wan	3
调经止痛胶囊	tiao jing zhi tong jiao nang	2
调经活血片	tiao jing huo xue pian	2
调经益母片	tiao jing yi mu pian	2
调经益灵片	tiao jing yi ling pian	2
调经祛斑胶囊	tiao jing qu ban jiao nang	3
调经至宝丸	tiao jing zhi bao wan	5
调经补血丸	tiao jing bu xue wan	4
调肝汤	tiao gan tang	3
调胃承气汤	tiao wei cheng qi tang	2
调胃舒肝丸	tiao wei shu gan wan	2
调节性内斜视	tiao jie xing nei xie shi	3
调质	tiao zhi	6
谢婉雯	xie wan wen	2
谢通门	xie tong men	13
谵妄状态	zhan wang zhuang tai	2
谷丙甘氨酸胶囊	gu bing gan an suan jiao nang	4
谷丙转氨酶	gu bing zhuan an mei	8
谷氨酰胺	gu an xian an	6
谷氨酰转移酶	gu an xian zhuan yi mei	1
谷氨酰转肽酶	gu an xian zhuan tai mei	5
谷甾醇	gu zai chun	5
谷红注射液	gu hong zhu she ye	2
谷维素	gu wei su	1
谷维素片	gu wei su pian	5
谷胱甘肽	gu guang gan tai	23
谷胱甘肽还原酶	gu guang gan tai huan yuan mei	1
谷芽	gu ya	2
谷草转氨酶	gu cao zhuan an mei	7
象皮病	xiang pi bing	1
象皮肿	xiang pi zhong	5
豹纹状眼底	bao wen zhuang yan di	3
贝克痣	bei ke zhi	2
贝叶斯定理	bei ye si ding li	9
贝尼地平	bei ni di ping	2
贝时璋	bei shi zhang	19
贝母枇杷糖浆	bei mu pi pa tang jiang	3
贝母花	bei mu hua	3
贝羚胶囊	bei ling jiao nang	2
贝苗	bei miao	6
贝诺酯	bei nuo zhi	1
贝诺酯片	bei nuo zhi pian	2
贝那普利	bei na pu li	4
贝齿	bei chi	5
贞芪扶正胶囊	zhen qi fu zheng jiao nang	3
负荷超声心动图	fu he chao sheng xin dong tu	2
败酱草	bai jiang cao	6
质壁分离	zhi bi fen li	1
质子泵	zhi zi beng	5
质控	zhi kong	13
质膜	zhi mo	35
质谱仪	zhi pu yi	43
质谱法	zhi pu fa	37
质量性状	zhi liang xing zhuang	2
贪食	tan shi	32
贫血性心脏病	pin xue xing xin zang bing	5
贫血痣	pin xue zhi	2
贮积症	zhu ji zheng	5
贯通伤	guan tong shang	2
贯黄感冒颗粒	guan huang gan mao ke li	2
贴剂	tie ji	8
贴敷疗法	tie fu liao fa	7
贵要静脉	gui yao jing mai	3
费城染色体	fei cheng ran se ti	7
贾伯乐提督街	jia bo le ti du jie	13
资生丸	zi sheng wan	3
赖氨匹林	lai an pi lin	3
赖氨匹林肠溶胶囊	lai an pi lin chang rong jiao nang	2
赖氨葡锌片	lai an pu xin pian	3
赖氨酸	lai an suan	32
赖氨酸磷酸氢钙颗粒	lai an suan lin suan qing gai ke li	3
赖诺普利	lai nuo pu li	4
赖诺普利片	lai nuo pu li pian	2
赘生物	zhui sheng wu	13
赛庚啶	sai geng ding	6
赛胃安胶囊	sai wei an jiao nang	2
赤小豆	chi xiao dou	1
赤松德赞	chi song de zan	23
赤白肉际	chi bai rou ji	2
赤石脂	chi shi zhi	5
赤芍	chi shao	8
赤芍药	chi shao yao	4
赤芝	chi zhi	3
赤魟	chi hong	3
走马牙疳	zou ma ya gan	2
赵学敏	zhao xue min	3
赵继宗	zhao ji zong	6
起病	qi bing	11
超临界流体	chao lin jie liu ti	17
超分子	chao fen zi	32
超声内镜	chao sheng nei jing	7
超声医学	chao sheng yi xue	2
超声吸脂	chao sheng xi zhi	2
超声心动图	chao sheng xin dong tu	3
超声成像	chao sheng cheng xiang	1
超声波洁牙机	chao sheng bo jie ya ji	4
超声波疗法	chao sheng bo liao fa	1
超声疗法	chao sheng liao fa	3
超声诊断学	chao sheng zhen duan xue	4
超声造影	chao sheng zao ying	4
超声雾化	chao sheng wu hua	6
超声雾化器	chao sheng wu hua qi	2
超常期	chao chang qi	3
超微型浮游生物	chao wei xing fu you sheng wu	2
超微结构	chao wei jie gou	9
超急性排斥反应	chao ji xing pai chi fan ying	6
超抗原	chao kang yuan	3
超敏反应	chao min fan ying	10
超数排卵	chao shu pai luan	4
超极化	chao ji hua	10
超氧化物岐化酶	chao yang hua wu qi hua mei	4
超氧化物歧化酶	chao yang hua wu qi hua mei	2
超滑导丝	chao hua dao si	2
超滤	chao lv	8
超滤器	chao lv qi	2
超短波疗法	chao duan bo liao fa	2
超种	chao zhong	3
超稳定性	chao wen ding xing	5
超薄切片机	chao bo qie pian ji	1
超螺旋	chao luo xuan	9
超速离心机	chao su li xin ji	3
越鞠丸	yue ju wan	3
越鞠保和丸	yue ju bao he wan	2
趋化因子	qu hua yin zi	32
趋化性	qu hua xing	5
趋异	qu yi	3
足三里	zu san li	1
足临泣	zu lin qi	3
足五里穴	zu wu li xue	2
足光散	zu guang san	2
足光粉	zu guang fen	4
足关节	zu guan jie	1
足内翻	zu nei fan	3
足厥阴肝经	zu jue yin gan jing	6
足太阳膀胱经	zu tai yang pang guang jing	1
足太阴脾经	zu tai yin pi jing	6
足少阳胆经	zu shao yang dan jing	6
足少阴肾经	zu shao yin shen jing	7
足癣	zu xuan	8
足窍阴	zu qiao yin	3
足细胞	zu xi bao	5
足背动脉	zu bei dong mai	6
足舟骨	zu zhou gu	3
足菌肿	zu jun zhong	2
足跟痛	zu gen tong	2
足阳明胃经	zu yang ming wei jing	2
足骨	zu gu	5
趾疣	zhi you	2
趾骨骨折	zhi gu gu zhe	1
跌倒发作	die dao fa zuo	3
跌打万花油	die da wan hua you	5
跌打损伤	die da sun shang	16
跌打损伤丸	die da sun shang wan	2
跌打止痛液	die da zhi tong ye	2
跌打活血散	die da huo xue san	4
跌打生骨颗粒	die da sheng gu ke li	2
跌打红药片	die da hong yao pian	3
跌打药酒	die da yao jiu	4
跌打风湿药酒	die da feng shi yao jiu	2
跖屈	zhi qu	1
跖疣	zhi you	5
跖筋膜炎	zhi jin mo yan	4
跖趾	zhi zhi	1
跖趾关节	zhi zhi guan jie	1
跖趾关节脱位	zhi zhi guan jie tuo wei	3
跖骨痛	zhi gu tong	4
跖骨骨折	zhi gu gu zhe	4
跗跖	fu zhi	37
距骨	ju gu	46
距骨骨折	ju gu gu zhe	5
跟腱断裂	gen jian duan lie	10
跟腱炎	gen jian yan	2
跟骨	gen gu	26
跟骨骨刺	gen gu gu ci	6
跟骨骨折	gen gu gu zhe	1
跳痛	tiao tong	6
踝关节	huai guan jie	23
踝关节扭伤	huai guan jie niu shang	3
踝关节脱位	huai guan jie tuo wei	5
踝关节融合术	huai guan jie rong he shu	2
踝关节骨折	huai guan jie gu zhe	3
踝足矫形器	huai zu jiao xing qi	3
踝骨骨折	huai gu gu zhe	8
蹦蹦跳	beng beng tiao	7
蹼趾	pu zhi	1
躁狂	zao kuang	9
躁狂抑郁性精神病	zao kuang yi yu xing jing shen bing	2
躁狂症	zao kuang zheng	9
身体依赖性	shen ti yi lai xing	5
身体意象	shen ti yi xiang	13
身柱	shen zhu	4
身柱穴	shen zhu xue	3
身痛逐瘀汤	shen tong zhu yu tang	3
躯体化障碍	qu ti hua zhang ai	1
躯体变形障碍	qu ti bian xing zhang ai	4
躯体形式障碍	qu ti xing shi zhang ai	1
躯体效应	qu ti xiao ying	4
躯干肌	qu gan ji	3
躯干骨	qu gan gu	2
转位	zhuan wei	49
转化体	zhuan hua ti	6
转化基因	zhuan hua ji yin	3
转化生长因子	zhuan hua sheng zhang yin zi	2
转化糖	zhuan hua tang	4
转化糖注射液	zhuan hua tang zhu she ye	3
转化糖电解质注射液	zhuan hua tang dian jie zhi zhu she ye	2
转化酶	zhuan hua mei	10
转基因动物	zhuan ji yin dong wu	5
转基因植物	zhuan ji yin zhi wu	1
转座因子	zhuan zuo yin zi	2
转座子	zhuan zuo zi	7
转换区	zhuan huan qu	2
转换性障碍	zhuan huan xing zhang ai	5
转换率	zhuan huan lv	12
转染	zhuan ran	33
转移因子	zhuan yi yin zi	1
转移因子口服液	zhuan yi yin zi kou fu ye	3
转移因子口服溶液	zhuan yi yin zi kou fu rong ye	3
转移性腺癌	zhuan yi xing xian ai	1
转肽酶	zhuan tai mei	2
转谷氨酰胺酶	zhuan gu an xian an mei	1
转铁蛋白	zhuan tie dan bai	12
轮回选择	lun hui xuan ze	4
轮状病毒	lun zhuang bing du	7
轮状病毒抗原	lun zhuang bing du kang yuan	3
轮状病毒疫苗	lun zhuang bing du yi miao	2
软下疳	ruan xia gan	6
软产道异常	ruan chan dao yi chang	3
软材	ruan cai	1
软甲	ruan jia	7
软纤维瘤	ruan xian wei liu	3
软组织损伤	ruan zu zhi sun shang	8
软组织肉瘤	ruan zu zhi rou liu	4
软胶囊	ruan jiao nang	3
软胶囊剂	ruan jiao nang ji	5
软脑膜	ruan nao mo	17
软腐病	ruan fu bing	2
软膏剂	ruan gao ji	2
软骨发育不全	ruan gu fa yu bu quan	2
软骨炎	ruan gu yan	10
软骨瘤	ruan gu liu	6
软骨细胞	ruan gu xi bao	15
软骨肉瘤	ruan gu rou liu	1
软骨膜	ruan gu mo	7
轴位	zhou wei	6
轴突运输	zhou tu yun shu	1
轻度精神发育迟滞	qing du jing shen fa yu chi zhi	7
轻粉	qing fen	6
轻躁狂	qing zao kuang	1
载体效应	zai ti xiao ying	4
载玻片	zai bo pian	11
载脂蛋白	zai zhi dan bai	19
辅助生殖技术	fu zhu sheng zhi ji shu	7
辅肌动蛋白	fu ji dong dan bai	3
辐射性白内障	fu she xing bai nei zhang	2
辐射损伤	fu she sun shang	1
输卵管伞	shu luan guan san	5
输卵管卵巢脓肿	shu luan guan luan chao nong zhong	3
输卵管发育异常	shu luan guan fa yu yi chang	2
输卵管吻合术	shu luan guan wen he shu	5
输卵管囊肿	shu luan guan nang zhong	3
输卵管妊娠	shu luan guan ren shen	6
输卵管恶性肿瘤	shu luan guan e xing zhong liu	1
输卵管炎	shu luan guan yan	12
输卵管积水	shu luan guan ji shui	6
输卵管积脓	shu luan guan ji nong	3
输卵管粘连	shu luan guan zhan lian	7
输卵管结扎术	shu luan guan jie zha shu	6
输卵管结核	shu luan guan jie he	4
输卵管通水	shu luan guan tong shui	4
输卵管通液术	shu luan guan tong ye shu	4
输导组织	shu dao zu zhi	4
输尿管乙状结肠吻合术	shu niao guan yi zhuang jie chang wen he shu	2
输尿管切开取石术	shu niao guan qie kai qu shi shu	3
输尿管扩张	shu niao guan kuo zhang	5
输尿管损伤	shu niao guan sun shang	5
输尿管炎	shu niao guan yan	2
输尿管狭窄	shu niao guan xia zhai	1
输尿管畸形	shu niao guan ji xing	4
输尿管肿瘤	shu niao guan zhong liu	2
输尿管镜碎石术	shu niao guan jing sui shi shu	3
输液反应	shu ye fan ying	7
输液泵	shu ye beng	2
输精管吻合术	shu jing guan wen he shu	4
输精管复通术	shu jing guan fu tong shu	4
输精管炎	shu jing guan yan	4
输精管结扎术	shu jing guan jie zha shu	6
输精管缺如	shu jing guan que ru	1
输精管造影	shu jing guan zao ying	3
输血反应	shu xue fan ying	6
输血器	shu xue qi	6
辛伐他汀	xin fa ta ting	2
辛伐他汀片	xin fa ta ting pian	5
辛伐他汀胶囊	xin fa ta ting jiao nang	3
辛凉解表	xin liang jie biao	2
辛夷花	xin yi hua	2
辛夷鼻炎丸	xin yi bi yan wan	3
辛弗林	xin fu lin	4
辛温解表	xin wen jie biao	4
辛芳鼻炎胶囊	xin fang bi yan jiao nang	3
辣椒素	la jiao su	13
辨证论治	bian zheng lun zhi	8
边材	bian cai	7
边缘区	bian yuan qu	8
边缘型人格障碍	bian yuan xing ren ge zhang ai	3
边缘系统	bian yuan xi tong	9
边缘运动	bian yuan yun dong	4
辽宁成大	liao ning cheng da	7
达克宁	da ke ning	7
达卡巴嗪	da ka ba qin	3
达原饮	da yuan yin	3
达喜	da xi	17
达宁	da ning	38
达峰时间	da feng shi jian	1
达立通颗粒	da li tong ke li	3
达菲林	da fei lin	4
达那唑	da na zuo	7
达那唑胶囊	da na zuo jiao nang	2
过岗龙	guo gang long	5
过度疲劳	guo du pi lao	11
过敏体质	guo min ti zhi	2
过敏史	guo min shi	4
过敏性休克	guo min xing xiu ke	33
过敏性咳嗽	guo min xing ke sou	7
过敏性哮喘	guo min xing xiao chuan	1
过敏性疾病	guo min xing ji bing	6
过敏性皮疹	guo min xing pi zhen	7
过敏性紫癜	guo min xing zi dian	8
过敏性结肠炎	guo min xing jie chang yan	1
过敏性结膜炎	guo min xing jie mo yan	16
过敏性肺炎	guo min xing fei yan	4
过敏性腹泻	guo min xing fu xie	3
过敏性血管炎	guo min xing xue guan yan	1
过敏毒素	guo min du su	3
过敏科	guo min ke	5
过期产儿	guo qi chan er	2
过期妊娠	guo qi ren shen	2
过氧乙酸	guo yang yi suan	7
过氧乙酸溶液	guo yang yi suan rong ye	5
过氧化物酶	guo yang hua wu mei	27
过氧化苯酰	guo yang hua ben xian	3
过氧苯甲酰	guo yang ben jia xian	4
过渡带	guo du dai	24
过渡相	guo du xiang	1
过硼酸钠	guo peng suan na	1
过继免疫	guo ji mian yi	3
过继转移	guo ji zhuan yi	2
过饱和	guo bao he	34
迈之灵	mai zhi ling	4
迈之灵片	mai zhi ling pian	3
迎香	ying xiang	4
迎香穴	ying xiang xue	1
运动中枢	yun dong zhong shu	6
运动区	yun dong qu	10
运动单位	yun dong dan wei	3
运动处方	yun dong chu fang	7
运动失调	yun dong shi tiao	9
运动强度	yun dong qiang du	10
运动性失语	yun dong xing shi yu	1
运动生理学	yun dong sheng li xue	3
运动疗法	yun dong liao fa	4
运动知觉	yun dong zhi jue	1
运动神经元	yun dong shen jing yuan	17
运动神经元病	yun dong shen jing yuan bing	1
运动系统	yun dong xi tong	16
运动终板	yun dong zhong ban	2
运动觉	yun dong jue	3
运动记忆	yun dong ji yi	1
运动障碍	yun dong zhang ai	32
运铁蛋白	yun tie dan bai	14
近中	jin zhong	9
近交	jin jiao	41
近交系数	jin jiao xi shu	4
近亲系数	jin qin xi shu	4
近亲结婚	jin qin jie hun	12
近侧	jin ce	9
返魂草	fan hun cao	6
返魂草颗粒	fan hun cao ke li	2
还原固精丸	huan yuan gu jing wan	3
还原型谷胱甘肽	huan yuan xing gu guang gan tai	3
进动	jin dong	35
进化遗传学	jin hua yi chuan xue	2
进行性多灶性白质脑病	jin xing xing duo zao xing bai zhi nao bing	3
进行性指掌角皮症	jin xing xing zhi zhang jiao pi zheng	2
进行性核上性麻痹	jin xing xing he shang xing ma bi	1
进行性脂肪营养不良	jin xing xing zhi fang ying yang bu liang	2
进行性骨化性肌炎	jin xing xing gu hua xing ji yan	3
进食障碍	jin shi zhang ai	20
远中	yuan zhong	9
远程会诊	yuan cheng hui zhen	4
远程医学	yuan cheng yi xue	1
远缘杂种	yuan yuan za zhong	1
连合纤维	lian he xian wei	2
连接体	lian jie ti	1
连接蛋白	lian jie dan bai	4
连接酶	lian jie mei	14
连枷胸	lian jia xiong	2
连环蛋白	lian huan dan bai	2
连续切片	lian xu qie pian	3
连续变量	lian xu bian liang	4
连续培养	lian xu pei yang	2
连翘提取物	lian qiao ti qu wu	3
连翘败毒丸	lian qiao bai du wan	4
连翘败毒片	lian qiao bai du pian	2
连花清瘟胶囊	lian hua qing wen jiao nang	40
连锁不平衡	lian suo bu ping heng	1
连锁分析	lian suo fen xi	4
连锁图	lian suo tu	3
连锁基因	lian suo ji yin	1
连锁相	lian suo xiang	3
连锁群	lian suo qun	9
连锁遗传	lian suo yi chuan	4
迟发性运动障碍	chi fa xing yun dong zhang ai	7
述情障碍	shu qing zhang ai	19
迷走神经	mi zou shen jing	25
迷路炎	mi lu yan	1
追风药酒	zhui feng yao jiu	4
追风透骨丸	zhui feng tou gu wan	4
追风透骨片	zhui feng tou gu pian	3
退变性关节炎	tui bian xing guan jie yan	2
退嗽露	tui sou lu	2
退热贴	tui re tie	8
退行期	tui xing qi	2
退障眼膏	tui zhang yan gao	2
适合度	shi he du	7
适宜刺激	shi yi ci ji	2
适应证	shi ying zheng	9
适应障碍	shi ying zhang ai	16
逆传心包	ni chuan xin bao	3
逆行射精	ni xing she jing	2
逆行性牙髓炎	ni xing xing ya sui yan	2
逆行肾盂造影	ni xing shen yu zao ying	3
选择压力	xuan ze ya li	6
选择反应时	xuan ze fan ying shi	6
选择基因	xuan ze ji yin	2
选择强度	xuan ze qiang du	1
选择性培养基	xuan ze xing pei yang ji	2
选择性注意	xuan ze xing zhu yi	5
选择性缄默症	xuan ze xing jian mo zheng	16
选择指数	xuan ze zhi shu	6
选择染色	xuan ze ran se	2
选择毒性	xuan ze du xing	4
选择系数	xuan ze xi shu	2
选择蛋白	xuan ze dan bai	3
逍遥丸	xiao yao wan	7
逍遥丸浓缩丸	xiao yao wan nong suo wan	2
逍遥散	xiao yao san	6
透壁性心肌梗死	tou bi xing xin ji geng si	4
透明层	tou ming ceng	6
透明质酸	tou ming zhi suan	16
透明质酸酶	tou ming zhi suan mei	2
透明质酸钠凝胶	tou ming zhi suan na ning jiao	3
透明软骨	tou ming ruan gu	26
透析器	tou xi qi	9
透析液	tou xi ye	1
透皮贴剂	tou pi tie ji	5
透过性	tou guo xing	7
透骨草	tou gu cao	6
透骨香	tou gu xiang	4
递质	di zhi	3
通便消痤片	tong bian xiao cuo pian	3
通便灵	tong bian ling	4
通便灵胶囊	tong bian ling jiao nang	7
通天口服液	tong tian kou fu ye	6
通天穴	tong tian xue	3
通宣理肺丸	tong xuan li fei wan	6
通宣理肺片	tong xuan li fei pian	2
通心络胶囊	tong xin luo jiao nang	6
通痹胶囊	tong bi jiao nang	4
通窍救心油	tong qiao jiu xin you	2
通窍活血汤	tong qiao huo xue tang	2
通窍益心丸	tong qiao yi xin wan	2
通窍耳聋丸	tong qiao er long wan	3
通窍鼻炎片	tong qiao bi yan pian	3
通络下乳	tong luo xia ru	4
通络生骨胶囊	tong luo sheng gu jiao nang	2
通络祛痛膏	tong luo qu tong gao	4
通脉养心丸	tong mai yang xin wan	4
通脉胶囊	tong mai jiao nang	3
通脉降糖胶囊	tong mai jiang tang jiao nang	3
通脉降脂片	tong mai jiang zhi pian	2
通脉颗粒	tong mai ke li	3
通舒口爽胶囊	tong shu kou shuang jiao nang	5
通草	tong cao	11
通谷	tong gu	3
通透性	tong tou xing	34
通里	tong li	7
速克感冒片	su ke gan mao pian	3
速尿	su niao	7
速尿片	su niao pian	3
速感宁胶囊	su gan ning jiao nang	3
速效心痛滴丸	su xiao xin tong di wan	2
速效感冒胶囊	su xiao gan mao jiao nang	6
速效救心丸	su xiao jiu xin wan	1
速效止泻胶囊	su xiao zhi xie jiao nang	4
速溶阿胶颗粒	su rong e jiao ke li	3
造口	zao kou	42
造口术	zao kou shu	10
造影剂	zao ying ji	16
造影导管	zao ying dao guan	4
造影术	zao ying shu	1
造血器官	zao xue qi guan	9
造血干细胞	zao xue gan xi bao	38
造血祖细胞	zao xue zu xi bao	2
造血系统	zao xue xi tong	3
造釉细胞瘤	zao you xi bao liu	2
逻辑记忆	luo ji ji yi	4
逼尿肌	bi niao ji	4
遗传与优生	yi chuan yu you sheng	4
遗传印记	yi chuan yin ji	2
遗传咨询	yi chuan zi xun	6
遗传图	yi chuan tu	1
遗传密码	yi chuan mi ma	15
遗传异质性	yi chuan yi zhi xing	4
遗传性共济失调	yi chuan xing gong ji shi tiao	6
遗传性小脑性共济失调	yi chuan xing xiao nao xing gong ji shi tiao	3
遗传性疾病	yi chuan xing ji bing	30
遗传性痉挛性截瘫	yi chuan xing jing luan xing jie tan	4
遗传性肾炎	yi chuan xing shen yan	4
遗传性血管性水肿	yi chuan xing xue guan xing shui zhong	1
遗传标记	yi chuan biao ji	17
遗传流行病学	yi chuan liu xing bing xue	1
遗传漂变	yi chuan piao bian	9
遗传物质	yi chuan wu zhi	28
遗传疾病	yi chuan ji bing	47
遗传背景	yi chuan bei jing	10
遗传药理学	yi chuan yao li xue	1
遗传距离	yi chuan ju li	1
遗尿停胶囊	yi niao ting jiao nang	2
遗尿病	yi niao bing	2
遗忘症	yi wang zheng	1
遗忘综合征	yi wang zong he zheng	4
遥测心电图	yao ce xin dian tu	2
避孕器	bi yun qi	17
邓小平理论概论	deng xiao ping li lun gai lun	3
邓铁涛	deng tie tao	6
邝安堃	kuang an kun	2
那他霉素	na ta mei su	3
那可丁	na ke ding	8
那如三味丸	na ru san wei wan	3
那敏伪麻胶囊	na min wei ma jiao nang	4
那格列奈	na ge lie nai	4
那格列奈片	na ge lie nai pian	2
那氟沙星	na fu sha xing	5
邪正	xie zheng	9
邪气盛则实	xie qi sheng ze shi	3
邬维庸	wu wei yong	3
邹国英	zou guo ying	2
邻氨基苯甲酸	lin an ji ben jia suan	2
郁李仁	yu li ren	5
郁滞	yu zhi	2
郁病	yu bing	4
郁积性皮炎	yu ji xing pi yan	3
郁证	yu zheng	4
郁金	yu jin	35
郁金银屑片	yu jin yin xie pian	5
郄穴	qie xue	3
郄门	qie men	3
郑夏恩	zheng xia en	1
郑怀贤	zheng huai xian	1
郑曼青	zheng man qing	5
郑维健	zheng wei jian	3
部分冠	bu fen guan	1
都梁滴丸	du liang di wan	2
都梁软胶囊	du liang ruan jiao nang	3
都气丸	du qi wan	3
酊剂	ding ji	12
配伍禁忌	pei wu jin ji	1
配子体	pei zi ti	14
酒友	jiu you	20
酒渣鼻	jiu zha bi	1
酒石	jiu shi	7
酒石酸吉他霉素	jiu shi suan ji ta mei su	3
酒石酸唑吡坦片	jiu shi suan zuo bi tan pian	3
酒石酸托特罗定	jiu shi suan tuo te luo ding	2
酒石酸溴莫尼定滴眼液	jiu shi suan xiu mo ni ding di yan ye	2
酒石酸美托洛尔	jiu shi suan mei tuo luo er	2
酒石酸美托洛尔片	jiu shi suan mei tuo luo er pian	2
酒石酸锑钾	jiu shi suan ti jia	16
酒石酸长春瑞滨	jiu shi suan chang chun rui bin	1
酒窝成形术	jiu wo cheng xing shu	4
酒精中毒	jiu jing zhong du	29
酒精中毒性脑病	jiu jing zhong du xing nao bing	5
酒精性肝损坏	jiu jing xing gan sun huai	3
酒精性肝炎	jiu jing xing gan yan	4
酒精性肝硬化	jiu jing xing gan ying hua	1
酒精性脂肪肝	jiu jing xing zhi fang gan	5
酒精擦浴	jiu jing ca yu	7
酚中毒	fen zhong du	1
酚咖麻敏胶囊	fen ka ma min jiao nang	5
酚妥拉明	fen tuo la ming	4
酚氨咖敏片	fen an ka min pian	2
酚磺乙胺注射液	fen huang yi an zhu she ye	3
酚苄明	fen bian ming	3
酚酞	fen tai	4
酚酞片	fen tai pian	5
酚醛树脂	fen quan shu zhi	16
酚麻美敏片	fen ma mei min pian	5
酞丁安乳膏	tai ding an ru gao	3
酪氨酸血症	lao an suan xue zheng	1
酪氨酸酶	lao an suan mei	3
酪胺	lao an	20
酪蛋白	lao dan bai	14
酪酸梭菌	lao suan suo jun	2
酪酸梭菌活菌胶囊	lao suan suo jun huo jun jiao nang	3
酪醇	lao chun	6
酮康他索乳膏	tong kang ta suo ru gao	2
酮康唑	tong kang zuo	5
酮康唑乳膏	tong kang zuo ru gao	3
酮康唑洗剂	tong kang zuo xi ji	4
酮康唑片	tong kang zuo pian	2
酮康唑胶囊	tong kang zuo jiao nang	2
酮替芬	tong ti fen	4
酮洛芬	tong luo fen	4
酮洛芬搽剂	tong luo fen cha ji	2
酮症	tong zheng	40
酮酸	tong suan	42
酯酶	zhi mei	23
酰胺键	xian an jian	4
酵解	jiao jie	23
酶切	mei qie	3
酶原	mei yuan	11
酶联免疫吸附测定	mei lian mian yi xi fu ce ding	2
酶联免疫吸附试验	mei lian mian yi xi fu shi yan	1
酸中毒	suan zhong du	29
酸性磷酸酶	suan xing lin suan mei	4
酸性蛋白酶	suan xing dan bai mei	2
酸枣仁汤	suan zao ren tang	6
酸碱度	suan jian du	16
酸败	suan bai	4
醋氮酰胺	cu dan xian an	2
醋氯芬酸	cu lv fen suan	2
醋氯芬酸肠溶片	cu lv fen suan chang rong pian	2
醋甲唑胺	cu jia zuo an	3
醋甲唑胺片	cu jia zuo an pian	2
醋硝香豆素	cu xiao xiang dou su	2
醋碘苯酸钠	cu dian ben suan na	3
醋酸亮丙瑞林	cu suan liang bing rui lin	3
醋酸倍他米松搽剂	cu suan bei ta mi song cha ji	2
醋酸可的松	cu suan ke di song	2
醋酸可的松滴眼液	cu suan ke di song di yan ye	2
醋酸地塞米松	cu suan di sai mi song	5
醋酸地塞米松软膏	cu suan di sai mi song ruan gao	2
醋酸曲安奈德	cu suan qu an nai de	3
醋酸曲安奈德注射液	cu suan qu an nai de zhu she ye	2
醋酸曲普瑞林	cu suan qu pu rui lin	1
醋酸氟轻松	cu suan fu qing song	2
醋酸氟轻松乳膏	cu suan fu qing song ru gao	2
醋酸氢化可的松	cu suan qing hua ke di song	4
醋酸氯地孕酮	cu suan lv di yun tong	2
醋酸泼尼松	cu suan po ni song	6
醋酸泼尼松片	cu suan po ni song pian	4
醋酸泼尼松龙	cu suan po ni song long	1
醋酸甲羟孕酮	cu suan jia qiang yun tong	5
醋酸甲羟孕酮片	cu suan jia qiang yun tong pian	2
醋酸白试验	cu suan bai shi yan	2
醋酸纤维素	cu suan xian wei su	5
醋酸钙颗粒	cu suan gai ke li	2
醋酸铅	cu suan qian	2
醑剂	xu ji	1
醒脑再造胶囊	xing nao zai zao jiao nang	3
醒脑安神胶囊	xing nao an shen jiao nang	2
醒脑静	xing nao jing	1
醒脑静注射液	xing nao jing zhu she ye	6
醒脾开胃颗粒	xing pi kai wei ke li	6
醛固酮	quan gu tong	45
醛缩酶	quan suo mei	2
醽醁	ling lu	2
采血针	cai xue zhen	1
釉质发育不全	you zhi fa yu bu quan	2
释放因子	shi fang yin zi	1
释放度	shi fang du	5
里急后重	li ji hou zhong	7
重吸收	zhong xi shou	11
重唇	zhong chun	8
重复尿道	chong fu niao dao	2
重复感染	chong fu gan ran	8
重复肾	chong fu shen	6
重大传染病疫情	zhong da chuan ran bing yi qing	10
重度精神发育迟滞	zhong du jing shen fa yu chi zhi	6
重感灵片	zhong gan ling pian	3
重接	chong jie	7
重楼	chong lou	16
重氮化	chong dan hua	22
重瓣胃	zhong ban wei	1
重症联合免疫缺陷	zhong zheng lian he mian yi que xian	4
重症肌无力	zhong zheng ji wu li	9
重睑	chong jian	7
重睑成形术	chong jian cheng xing shu	4
重睑术	chong jian shu	7
重组人生长激素	chong zu ren sheng zhang ji su	1
重组人胰岛素	chong zu ren yi dao su	6
重组体	chong zu ti	4
重组修复	chong zu xiu fu	1
重组值	chong zu zhi	2
重组子	chong zu zi	1
重组率	chong zu lv	3
重组质粒	chong zu zhi li	4
重结晶	chong jie jing	29
重铬酸盐	zhong ge suan yan	4
重链	zhong lian	35
野兔热	ye tu re	6
野决明	ye jue ming	25
野口英世	ye kou ying shi	3
野战外科学	ye zhan wai ke xue	1
野木瓜片	ye mu gua pian	3
野生型	ye sheng xing	35
野生型基因	ye sheng xing ji yin	3
野百合碱	ye bai he jian	2
野菊花栓	ye ju hua shuan	2
野豌豆	ye wan dou	44
野颠茄	ye dian qie	3
野马追	ye ma zhui	4
量反应	liang fan ying	3
金世力德	jin shi li de	2
金丝桃苷	jin si tao gan	3
金乌骨通胶囊	jin wu gu tong jiao nang	4
金佛止痛丸	jin fo zhi tong wan	4
金刚乙胺	jin gang yi an	2
金刚烷胺	jin gang wan an	5
金刚胶囊	jin gang jiao nang	3
金刚藤胶囊	jin gang teng jiao nang	3
金刚藤软胶囊	jin gang teng ruan jiao nang	2
金刺参九正合剂	jin ci can jiu zheng he ji	3
金匮肾气丸	jin kui shen qi wan	6
金匮要略	jin kui yao lve	12
金喉健喷雾剂	jin hou jian pen wu ji	3
金嗓子喉宝	jin sang zi hou bao	7
金嗓子喉片	jin sang zi hou pian	5
金嗓散结丸	jin sang san jie wan	2
金复康口服液	jin fu kang kou fu ye	2
金奥康	jin ao kang	3
金属支架	jin shu zhi jia	9
金属烟热	jin shu yan re	3
金属络合剂	jin shu luo he ji	1
金属酶	jin shu mei	1
金属陶瓷	jin shu tao ci	2
金振口服液	jin zhen kou fu ye	3
金日牌西洋参含片	jin ri pai xi yang shen han pian	2
金明渊	jin ming yuan	2
金果榄	jin guo lan	2
金栀洁龈含漱液	jin zhi jie yin han shu ye	2
金梅清暑颗粒	jin mei qing shu ke li	3
金樱	jin ying	4
金樱子	jin ying zi	2
金樱根	jin ying gen	5
金樱首乌汁	jin ying shou wu zhi	5
金橘叶	jin ju ye	2
金水宝片	jin shui bao pian	4
金水宝胶囊	jin shui bao jiao nang	5
金泽冠心胶囊	jin ze guan xin jiao nang	3
金津	jin jin	38
金牛眼药	jin niu yan yao	2
金盏银盘	jin zhan yin pan	2
金石斛	jin shi hu	20
金线莲	jin xian lian	6
金缨子	jin ying zi	3
金羚感冒片	jin ling gan mao pian	3
金胃泰胶囊	jin wei tai jiao nang	2
金芪降糖胶囊	jin qi jiang tang jiao nang	3
金芪降糖颗粒	jin qi jiang tang ke li	2
金花明目丸	jin hua ming mu wan	2
金荞麦	jin qiao mai	4
金荞麦片	jin qiao mai pian	4
金莲清热泡腾片	jin lian qing re pao teng pian	5
金莲清热颗粒	jin lian qing re ke li	3
金莲花胶囊	jin lian hua jiao nang	3
金莲花软胶囊	jin lian hua ruan jiao nang	3
金菌灵胶囊	jin jun ling jiao nang	2
金葡素注射液	jin pu su zhu she ye	3
金观源	jin guan yuan	2
金诺芬	jin nuo fen	2
金贝痰咳清颗粒	jin bei tan ke qing ke li	4
金达克宁	jin da ke ning	2
金钱草	jin qian cao	4
金铁锁	jin tie suo	1
金铃子散	jin ling zi san	3
金银花口服液	jin yin hua kou fu ye	2
金银花含片	jin yin hua han pian	3
金银花露	jin yin hua lu	7
金银花颗粒	jin yin hua ke li	3
金锁固精丸	jin suo gu jing wan	5
金防感冒颗粒	jin fang gan mao ke li	3
金雀花碱	jin que hua jian	1
金霉素眼膏	jin mei su yan gao	6
金霉素软膏	jin mei su ruan gao	3
金骨莲胶囊	jin gu lian jiao nang	4
金鸡片	jin ji pian	3
金鸡胶囊	jin ji jiao nang	4
金龙胶囊	jin long jiao nang	2
鉴别染色	jian bie ran se	1
鉴别诊断	jian bie zhen duan	28
针刺疗法	zhen ci liao fa	6
针刺试验	zhen ci shi yan	3
针刺镇痛	zhen ci zhen tong	2
针刺麻醉	zhen ci ma zui	2
针灸学	zhen jiu xue	11
针灸治疗学	zhen jiu zhi liao xue	3
针灸甲乙经	zhen jiu jia yi jing	6
钕玻璃	nv bo li	4
钙代谢紊乱	gai dai xie wen luan	2
钙化上皮瘤	gai hua shang pi liu	1
钙化影	gai hua ying	2
钙化性肌腱炎	gai hua xing ji jian yan	2
钙化灶	gai hua zao	6
钙拮抗药	gai jie kang yao	2
钙结合蛋白	gai jie he dan bai	3
钙调蛋白	gai tiao dan bai	6
钙铁锌硒维生素	gai tie xin xi wei sheng su	3
钛板	tai ban	1
钝器伤	dun qi shang	7
钝痛	dun tong	8
钟乳洞	zhong ru dong	16
钟尚志	zhong shang zhi	1
钟惠澜	zhong hui lan	4
钠泵	na beng	2
钡餐透视	bei can tou shi	4
钢牙	gang ya	49
钩吻中毒	gou wen zhong du	5
钩椎关节	gou zhui guan jie	4
钩毛	gou mao	6
钩端螺旋体	gou duan luo xuan ti	3
钩端螺旋体疫苗	gou duan luo xuan ti yi miao	4
钩端螺旋体病	gou duan luo xuan ti bing	11
钩藤	gou teng	40
钩藤汤	gou teng tang	2
钩虫病	gou chong bing	11
钩骨	gou gu	18
钱雷	qian lei	5
钳刮术	qian gua shu	5
钻山风	zuan shan feng	3
钻山风糖浆	zuan shan feng tang jiang	2
铁扫帚	tie sao zhou	9
铁染色	tie ran se	2
铁棒锤止痛膏	tie bang chui zhi tong gao	3
铁皮枫斗胶囊	tie pi feng dou jiao nang	3
铁皮枫斗颗粒	tie pi feng dou ke li	5
铁筷子	tie kuai zi	3
铁缺乏	tie que fa	2
铁蛋白	tie dan bai	7
铁锌钙	tie xin gai	5
铅中毒	qian zhong du	19
铅尘	qian chen	8
铋中毒	bi zhong du	4
铜中毒	tong zhong du	1
铝尘肺	lv chen fei	4
铝碳酸镁	lv tan suan mei	6
铝碳酸镁咀嚼片	lv tan suan mei ju jue pian	3
铝碳酸镁片	lv tan suan mei pian	4
铝碳酸镁颗粒	lv tan suan mei ke li	3
铝镁加混悬液	lv mei jia hun xuan ye	3
铬中毒	ge zhong du	7
铬酸盐	ge suan yan	9
铬酸盐制造业工人肺癌	ge suan yan zhi zao ye gong ren fei ai	4
铬鼻病	ge bi bing	4
银丹心泰滴丸	yin dan xin tai di wan	3
银丹心脑通软胶囊	yin dan xin nao tong ruan jiao nang	3
银屑灵	yin xie ling	2
银屑病	yin xie bing	17
银屑病关节炎	yin xie bing guan jie yan	2
银屑胶囊	yin xie jiao nang	5
银屑颗粒	yin xie ke li	3
银杏内酯	yin xing nei zhi	4
银杏叶	yin xing ye	12
银杏叶丸	yin xing ye wan	2
银杏叶分散片	yin xing ye fen san pian	4
银杏叶提取物	yin xing ye ti qu wu	7
银杏叶提取物注射液	yin xing ye ti qu wu zhu she ye	3
银杏叶提取物片	yin xing ye ti qu wu pian	3
银杏叶片	yin xing ye pian	7
银杏叶胶囊	yin xing ye jiao nang	5
银杏叶软胶囊	yin xing ye ruan jiao nang	3
银杏洋参胶囊	yin xing yang shen jiao nang	3
银杏胶囊	yin xing jiao nang	6
银杏软胶囊	yin xing ruan jiao nang	3
银杏达莫注射液	yin xing da mo zhu she ye	3
银杏酮酯	yin xing tong zhi	3
银杏酮酯分散片	yin xing tong zhi fen san pian	2
银杏酮酯滴丸	yin xing tong zhi di wan	3
银杏酸	yin xing suan	5
银柴胡	yin chai hu	3
银柴颗粒	yin chai ke li	3
银汞合金	yin gong he jin	1
银红补肾药酒	yin hong bu shen yao jiu	2
银翘散	yin qiao san	1
银翘片	yin qiao pian	10
银翘解毒丸	yin qiao jie du wan	6
银翘解毒合剂	yin qiao jie du he ji	3
银翘解毒片	yin qiao jie du pian	6
银翘解毒胶囊	yin qiao jie du jiao nang	4
银翘解毒颗粒	yin qiao jie du ke li	4
银翘颗粒	yin qiao ke li	3
银耳多糖	yin er duo tang	5
银花感冒颗粒	yin hua gan mao ke li	3
银花泌炎灵片	yin hua mi yan ling pian	2
银菊清咽颗粒	yin ju qing yan ke li	2
银葛通脉茶	yin ge tong mai cha	3
银贝止咳颗粒	yin bei zhi ke ke li	2
银黄	yin huang	6
银黄分散片	yin huang fen san pian	3
银黄口服液	yin huang kou fu ye	4
银黄含化片	yin huang han hua pian	2
银黄含片	yin huang han pian	5
银黄注射液	yin huang zhu she ye	2
银黄清肺胶囊	yin huang qing fei jiao nang	3
银黄滴丸	yin huang di wan	2
银黄片	yin huang pian	3
银黄胶囊	yin huang jiao nang	4
银黄颗粒	yin huang ke li	6
铸工尘肺	zhu gong chen fei	4
链激酶	lian ji mei	3
链球菌性肺炎	lian qiu jun xing fei yan	2
链球菌感染	lian qiu jun gan ran	32
锁定钢板	suo ding gang ban	3
锁阳	suo yang	4
锁阳固精丸	suo yang gu jing wan	5
锁阳补肾胶囊	suo yang bu shen jiao nang	4
锁骨上淋巴结	suo gu shang lin ba jie	6
锁骨上窝	suo gu shang wo	6
锁骨下动脉	suo gu xia dong mai	9
锁骨下静脉	suo gu xia jing mai	3
锁骨中线	suo gu zhong xian	4
锁骨骨折	suo gu gu zhe	10
锌中毒	xin zhong du	4
锌缺乏	xin que fa	11
锐痛	rui tong	5
错义突变	cuo yi tu bian	3
错构瘤	cuo gou liu	2
锤状趾	chui zhuang zhi	1
锥体外系	zhui ti wai xi	2
锥体外系反应	zhui ti wai xi fan ying	4
锥体外系疾病	zhui ti wai xi ji bing	3
锥体系统	zhui ti xi tong	2
锦灯笼	jin deng long	4
锯齿缘	ju chi yuan	20
镇咳糖浆	zhen ke tang jiang	3
镇咳药	zhen ke yao	2
镇痛膏	zhen tong gao	5
镇脑宁胶囊	zhen nao ning jiao nang	2
镇静药	zhen jing yao	4
镍钛合金	nie tai he jin	4
镜检	jing jian	3
镜湖马路	jing hu ma lu	4
镫骨	deng gu	6
镫骨手术	deng gu shou shu	2
镰刀菌病	lian dao jun bing	3
镰状细胞贫血	lian zhuang xi bao pin xue	4
长头	chang tou	9
长强	chang qiang	5
长强穴	chang qiang xue	6
长时记忆	chang shi ji yi	5
长春宝丸	chang chun bao wan	3
长春新碱	chang chun xin jian	6
长春瑞滨	chang chun rui bin	4
长春生物制品研究所	chang chun sheng wu zhi pin yan jiu suo	5
长春益寿膏	chang chun yi shou gao	3
长春碱	chang chun jian	9
长春西汀	chang chun xi ting	3
长春西汀注射液	chang chun xi ting zhu she ye	3
长春西汀葡萄糖注射液	chang chun xi ting pu tao tang zhu she ye	3
长源甘平	chang yuan gan ping	2
长牙	chang ya	34
长肌	chang ji	6
长骨	chang gu	35
门体分流术	men ti fen liu shu	4
门冬氨酸	men dong an suan	4
门冬氨酸钾	men dong an suan jia	3
门冬氨酸钾镁	men dong an suan jia mei	4
门冬氨酸钾镁注射液	men dong an suan jia mei zhu she ye	2
门冬氨酸鸟氨酸	men dong an suan niao an suan	2
门冬胰岛素	men dong yi dao su	3
门冬胰岛素注射液	men dong yi dao su zhu she ye	3
门冬酰胺	men dong xian an	2
门冬酰胺酶	men dong xian an mei	4
门脉高压	men mai gao ya	5
门静脉	men jing mai	22
门静脉血栓形成	men jing mai xue shuan xing cheng	1
门静脉高压	men jing mai gao ya	3
闭合性气胸	bi he xing qi xiong	2
闭合性脑损伤	bi he xing nao sun shang	6
闭塞性动脉硬化	bi se xing dong mai ying hua	5
闭塞性动脉硬化症	bi se xing dong mai ying hua zheng	1
闭孔	bi kong	15
闭孔疝	bi kong shan	2
闭孔神经	bi kong shen jing	5
闭角型青光眼	bi jiao xing qing guang yan	2
闭锁综合征	bi suo zong he zheng	5
间使	jian shi	6
间使穴	jian shi xue	3
间变	jian bian	3
间接接触	jian jie jie chu	9
间接推理	jian jie tui li	1
间接死因	jian jie si yin	3
间接转移	jian jie zhuan yi	6
间日疟	jian ri nve	6
间歇性外斜视	jian xie xing wai xie shi	2
间歇性跛行	jian xie xing bo xing	1
间歇热	jian xie re	1
间皮	jian pi	3
间皮瘤	jian pi liu	14
间羟胺	jian qiang an	1
间脑	jian nao	4
间苯三酚	jian ben san fen	12
间苯二酚	jian ben er fen	20
间质性肺炎	jian zhi xing fei yan	9
间质性肾炎	jian zhi xing shen yan	3
间质性膀胱炎	jian zhi xing pang guang yan	3
间隙连接	jian xi lian jie	4
阈浓度	yu nong du	2
阉割情结	yan ge qing jie	2
阑尾穴	lan wei xue	2
阑尾类癌	lan wei lei ai	2
阔筋膜张肌	kuo jin mo zhang ji	2
队列研究	dui lie yan jiu	9
防伪标志	fang wei biao zhi	3
防保站	fang bao zhan	7
防参止痒颗粒	fang shen zhi yang ke li	2
防己黄芪汤	fang ji huang qi tang	3
防御机制	fang yu ji zhi	23
防护口罩	fang hu kou zhao	14
防护手套	fang hu shou tao	4
防护用品	fang hu yong pin	13
防芷鼻炎片	fang zhi bi yan pian	2
防衰益寿丸	fang shuai yi shou wan	3
防风通圣	fang feng tong sheng	2
防风通圣丸	fang feng tong sheng wan	5
防风通圣散	fang feng tong sheng san	1
阳交	yang jiao	1
阳性体征	yang xing ti zheng	7
阳春口服液	yang chun kou fu ye	2
阳春砂	yang chun sha	5
阳极效应	yang ji xiao ying	2
阳池	yang chi	5
阳溪	yang xi	28
阳溪穴	yang xi xue	3
阳生植物	yang sheng zhi wu	3
阳白	yang bai	5
阳白穴	yang bai xue	2
阳脉之海	yang mai zhi hai	5
阳虚寒凝证	yang xu han ning zheng	2
阳虚水泛	yang xu shui fan	3
阳虚血瘀证	yang xu xue yu zheng	2
阳谷穴	yang gu xue	1
阳起石	yang qi shi	1
阳辅穴	yang fu xue	2
阳陵泉	yang ling quan	1
阴交	yin jiao	3
阴包	yin bao	2
阴囊损伤	yin nang sun shang	2
阴囊水肿	yin nang shui zhong	4
阴囊湿疹	yin nang shi zhen	6
阴囊炎	yin nang yan	4
阴囊疱疹	yin nang pao zhen	2
阴囊瘙痒	yin nang sao yang	4
阴囊肿大	yin nang zhong da	1
阴寒证	yin han zheng	2
阴市	yin shi	3
阴平阳秘	yin ping yang mi	6
阴影效应	yin ying xiao ying	2
阴液亏损	yin ye kui sun	4
阴盛格阳	yin sheng ge yang	2
阴脉之海	yin mai zhi hai	4
阴茎假体植入术	yin jing jia ti zhi ru shu	4
阴茎再造术	yin jing zai zao shu	4
阴茎延长术	yin jing yan chang shu	5
阴茎异常勃起	yin jing yi chang bo qi	6
阴茎扭转	yin jing niu zhuan	1
阴茎损伤	yin jing sun shang	1
阴茎海绵体	yin jing hai mian ti	31
阴茎畸形	yin jing ji xing	2
阴茎癌	yin jing ai	6
阴茎肿瘤	yin jing zhong liu	3
阴茎部分切除术	yin jing bu fen qie chu shu	3
阴虚内热证	yin xu nei re zheng	2
阴虚发热	yin xu fa re	5
阴虚火旺	yin xu huo wang	1
阴虚火旺证	yin xu huo wang zheng	2
阴虚血瘀证	yin xu xue yu zheng	2
阴虚阳亢	yin xu yang kang	6
阴虚阳亢证	yin xu yang kang zheng	2
阴虱病	yin shi bing	2
阴谷	yin gu	1
阴道再造术	yin dao zai zao shu	3
阴道冲洗	yin dao chong xi	1
阴道出血	yin dao chu xue	14
阴道分泌物检查	yin dao fen mi wu jian cha	6
阴道前庭	yin dao qian ting	1
阴道成形术	yin dao cheng xing shu	1
阴道松弛	yin dao song chi	1
阴道横隔	yin dao heng ge	3
阴道毛滴虫病	yin dao mao di chong bing	3
阴道炎	yin dao yan	28
阴道痉挛	yin dao jing luan	4
阴道紧缩术	yin dao jin suo shu	5
阴道纵膈	yin dao zong ge	3
阴道纵隔	yin dao zong ge	2
阴道肿瘤	yin dao zhong liu	3
阴道脱垂	yin dao tuo chui	1
阴道镜检查	yin dao jing jian cha	8
阴道闭锁	yin dao bi suo	4
阴都	yin du	4
阴阜	yin fu	14
阴阳两虚证	yin yang liang xu zheng	3
阴阳互根	yin yang hu gen	3
阴阳消长	yin yang xiao zhang	1
阴阳离决	yin yang li jue	3
阴阳转化	yin yang zhuan hua	4
阴陵泉	yin ling quan	6
阵发性室上性心动过速	zhen fa xing shi shang xing xin dong guo su	6
阵发性心动过速	zhen fa xing xin dong guo su	4
阵挛	zhen luan	1
阻力血管	zu li xue guan	2
阻塞性肺气肿	zu se xing fei qi zhong	7
阻生牙	zu sheng ya	5
阻生牙拔除术	zu sheng ya ba chu shu	4
阻遏蛋白	zu e dan bai	5
阿义马林	a yi ma lin	1
阿仑膦酸钠	a lun lin suan na	5
阿伐斯汀	a fa si ting	7
阿加曲班	a jia qu ban	3
阿卡波糖	a ka bo tang	1
阿卡波糖片	a ka bo tang pian	6
阿司匹林泡腾片	a si pi lin pao teng pian	4
阿司匹林片	a si pi lin pian	5
阿司匹林缓释片	a si pi lin huan shi pian	4
阿司匹林肠溶片	a si pi lin chang rong pian	7
阿司匹林肠溶缓释片	a si pi lin chang rong huan shi pian	2
阿司匹林肠溶胶囊	a si pi lin chang rong jiao nang	3
阿司咪唑	a si mi zuo	4
阿司米星	a si mi xing	2
阿咖酚散	a ka fen san	3
阿咖酚胶囊	a ka fen jiao nang	3
阿奇霉素分散片	a qi mei su fen san pian	5
阿奇霉素干混悬剂	a qi mei su gan hun xuan ji	3
阿奇霉素氯化钠注射液	a qi mei su lv hua na zhu she ye	2
阿奇霉素注射液	a qi mei su zhu she ye	4
阿奇霉素片	a qi mei su pian	5
阿奇霉素磷酸二氢钠	a qi mei su lin suan er qing na	2
阿奇霉素肠溶片	a qi mei su chang rong pian	2
阿奇霉素胶囊	a qi mei su jiao nang	5
阿奇霉素颗粒	a qi mei su ke li	6
阿尔马尔	a er ma er	4
阿归养血糖浆	a gui yang xue tang jiang	2
阿德福韦酯	a de fu wei zhi	7
阿德福韦酯片	a de fu wei zhi pian	4
阿德福韦酯胶囊	a de fu wei zhi jiao nang	4
阿扑吗啡	a pu ma fei	1
阿托伐他汀	a tuo fa ta ting	2
阿托伐他汀钙	a tuo fa ta ting gai	1
阿托伐他汀钙片	a tuo fa ta ting gai pian	5
阿托品	a tuo pin	19
阿托品眼膏	a tuo pin yan gao	2
阿拉伯糖	a la bo tang	23
阿拉斯加深海鱼油	a la si jia shen hai yu you	4
阿拉明	a la ming	6
阿拓莫兰	a tuo mo lan	2
阿昔洛韦	a xi luo wei	8
阿昔洛韦乳膏	a xi luo wei ru gao	4
阿昔洛韦滴眼液	a xi luo wei di yan ye	4
阿昔洛韦片	a xi luo wei pian	4
阿昔洛韦眼膏	a xi luo wei yan gao	2
阿昔洛韦软膏	a xi luo wei ruan gao	3
阿昔莫司	a xi mo si	2
阿普唑仑	a pu zuo lun	6
阿普唑仑片	a pu zuo lun pian	6
阿曲库铵	a qu ku an	3
阿替普酶	a ti pu mei	5
阿替洛尔	a ti luo er	5
阿柔比星	a rou bi xing	4
阿法骨化醇	a fa gu hua chun	1
阿洛西林	a luo xi lin	5
阿洛西林钠	a luo xi lin na	3
阿片中毒	a pian zhong du	2
阿立哌唑	a li pai zuo	5
阿立哌唑片	a li pai zuo pian	3
阿米三嗪萝巴新片	a mi san qin luo ba xin pian	6
阿米卡星	a mi ka xing	5
阿米巴性肝脓肿	a mi ba xing gan nong zhong	2
阿米巴肝脓肿	a mi ba gan nong zhong	1
阿米巴肺脓肿	a mi ba fei nong zhong	2
阿米替林	a mi ti lin	5
阿米福汀	a mi fu ting	2
阿糖胞苷	a tang bao gan	5
阿胶三宝膏	e jiao san bao gao	3
阿胶养血膏	e jiao yang xue gao	2
阿胶口服液	e jiao kou fu ye	4
阿胶枣	e jiao zao	7
阿胶泡腾颗粒	e jiao pao teng ke li	2
阿胶益寿晶	e jiao yi shou jing	3
阿胶胶囊	e jiao jiao nang	3
阿胶补血口服液	e jiao bu xue kou fu ye	4
阿胶补血膏	e jiao bu xue gao	4
阿胶补血颗粒	e jiao bu xue ke li	2
阿胶颗粒	e jiao ke li	4
阿胶鸡子黄汤	e jiao ji zi huang tang	4
阿芬太尼	a fen tai ni	2
阿苯达唑	a ben da zuo	8
阿苯达唑片	a ben da zuo pian	5
阿苯达唑颗粒	a ben da zuo ke li	2
阿莫罗芬	a mo luo fen	3
阿莫西林	a mo xi lin	15
阿莫西林克拉维酸钾	a mo xi lin ke la wei suan jia	8
阿莫西林克拉维酸钾片	a mo xi lin ke la wei suan jia pian	4
阿莫西林分散片	a mo xi lin fen san pian	5
阿莫西林咀嚼片	a mo xi lin ju jue pian	4
阿莫西林干混悬剂	a mo xi lin gan hun xuan ji	3
阿莫西林片	a mo xi lin pian	4
阿莫西林胶囊	a mo xi lin jiao nang	9
阿莫西林舒巴坦匹酯片	a mo xi lin shu ba tan pi zhi pian	2
阿莫西林钠	a mo xi lin na	3
阿莫西林钠氟氯西林钠	a mo xi lin na fu lv xi lin na	2
阿莫西林颗粒	a mo xi lin ke li	6
阿达帕林凝胶	a da pa lin ning jiao	2
阿那曲唑	a na qu zuo	3
阿里红咳喘口服液	a li hong ke chuan kou fu ye	2
阿霉素	a mei su	11
阿魏化痞膏	a wei hua pi gao	3
阿魏酸	a wei suan	9
阿魏酸钠葡萄糖注射液	a wei suan na pu tao tang zhu she ye	2
阿黑皮素原	a hei pi su yuan	3
附分	fu fen	2
附加剂	fu jia ji	4
附子	fu zi	28
附子理中丸	fu zi li zhong wan	5
附睾囊肿	fu gao nang zhong	3
附睾炎	fu gao yan	4
附睾管	fu gao guan	4
附睾结核	fu gao jie he	2
附红细胞体病	fu hong xi bao ti bing	4
陆栖动物	lu qi dong wu	4
陆生植物	lu sheng zhi wu	20
陈世益	chen shi yi	1
陈中伟	chen zhong wei	2
陈冯富珍	chen feng fu zhen	7
陈国栋	chen guo dong	25
陈垣崇	chen yuan chong	1
陈定信	chen ding xin	4
陈宜张	chen yi zhang	1
陈无择	chen wu ze	1
陈旧性心肌梗死	chen jiu xing xin ji geng si	5
陈旧性肺结核	chen jiu xing fei jie he	5
陈旧性骨折	chen jiu xing gu zhe	8
陈昭遇	chen zhao yu	2
陈景虹	chen jing hong	3
陈梦雷	chen meng lei	4
陈永兴	chen yong xing	18
陈维昭	chen wei zhao	20
陈耀昌	chen yao chang	17
陈肇隆	chen zhao long	1
陈藏器	chen cang qi	4
陈述性记忆	chen shu xing ji yi	8
陈香露白露	chen xiang lu bai lu	2
陈香露白露片	chen xiang lu bai lu pian	2
降压片	jiang ya pian	7
降压袋泡茶	jiang ya dai pao cha	4
降压颗粒	jiang ya ke li	2
降气	jiang qi	8
降真	jiang zhen	5
降糖丸	jiang tang wan	2
降糖宁胶囊	jiang tang ning jiao nang	6
降糖甲片	jiang tang jia pian	2
降糖舒胶囊	jiang tang shu jiao nang	2
降糖通脉胶囊	jiang tang tong mai jiao nang	3
降纤酶	jiang xian mei	2
降结肠	jiang jie chang	2
降脂排毒胶囊	jiang zhi pai du jiao nang	3
降脂灵片	jiang zhi ling pian	2
降脂灵胶囊	jiang zhi ling jiao nang	4
降钙素	jiang gai su	5
降钙素基因相关肽	jiang gai su ji yin xiang guan tai	2
降香	jiang xiang	1
限制性心肌病	xian zhi xing xin ji bing	2
限制性片段长度多态性	xian zhi xing pian duan chang du duo tai xing	2
院前急救	yuan qian ji jiu	11
除极	chu ji	48
除皱术	chu zhou shu	6
除脂生发片	chu zhi sheng fa pian	2
除障则海甫片	chu zhang ze hai fu pian	5
除障则海甫胶囊	chu zhang ze hai fu jiao nang	3
除颤器	chu chan qi	11
陶弘景	tao hong jing	7
陶道穴	tao dao xue	4
隆突性皮肤纤维肉瘤	long tu xing pi fu xian wei rou liu	4
隆鼻术	long bi shu	7
随体	sui ti	7
随意后注意	sui yi hou zhu yi	3
随意肌	sui yi ji	1
随意运动	sui yi yun dong	1
随时消毒	sui shi xiao du	1
随机婚配	sui ji hun pei	2
随机误差	sui ji wu cha	13
随诊	sui zhen	1
隐丹参酮	yin dan shen tong	2
隐匿阴茎	yin ni yin jing	5
隐孢子虫病	yin bao zi chong bing	6
隐形义齿	yin xing yi chi	4
隐性基因	yin xing ji yin	6
隐性感染	yin xing gan ran	3
隐性梅毒	yin xing mei du	4
隐性遗传	yin xing yi chuan	47
隐球菌病	yin qiu jun bing	4
隐白	yin bai	4
隐白穴	yin bai xue	3
隐睾	yin gao	3
隐睾症	yin gao zheng	5
隐翅虫皮炎	yin chi chong pi yan	6
隐耳	yin er	3
隐蔽抗原	yin bi kang yuan	2
隔代遗传	ge dai yi chuan	4
隔山消积颗粒	ge shan xiao ji ke li	5
隔离服	ge li fu	4
障眼明片	zhang yan ming pian	3
难治性贫血	nan zhi xing pin xue	1
难经	nan jing	8
雄性激素	xiong xing ji su	8
雄激素不敏感综合征	xiong ji su bu min gan zong he zheng	4
雅司	ya si	20
雅司病	ya si bing	11
雅士利奶粉	ya shi li nai fen	2
雅施达	ya shi da	4
集中趋势	ji zhong qu shi	6
集落刺激因子	ji luo ci ji yin zi	32
雌三醇	ci san chun	11
雌二醇	ci er chun	47
雌二醇贴片	ci er chun tie pian	2
雌核发育	ci he fa yu	2
雌激素受体	ci ji su shou ti	24
雌激素替代治疗	ci ji su ti dai zhi liao	5
雌酮	ci tong	17
雌雄间体	ci xiong jian ti	3
雪上一枝蒿	xue shang yi zhi hao	1
雪山胃宝丸	xue shan wei bao wan	2
雪梨膏	xue li gao	6
雪胆胃肠丸	xue dan wei chang wan	4
雪莲注射液	xue lian zhu she ye	2
雷丸	lei wan	1
雷公藤	lei gong teng	15
雷公藤双层片	lei gong teng shuang ceng pian	4
雷公藤多甙	lei gong teng duo dai	3
雷公藤多甙片	lei gong teng duo dai pian	2
雷公藤多苷片	lei gong teng duo gan pian	4
雷公藤总萜片	lei gong teng zong tie pian	4
雷公藤片	lei gong teng pian	5
雷公藤甲素	lei gong teng jia su	1
雷击死	lei ji si	6
雷尼替丁	lei ni ti ding	5
雷尼替丁胶囊	lei ni ti ding jiao nang	3
雷洛昔芬	lei luo xi fen	3
雷米普利片	lei mi pu li pian	2
雷诺病	lei nuo bing	3
雷诺考特	lei nuo kao te	4
雷贝拉唑	lei bei la zuo	4
雷贝拉唑钠肠溶片	lei bei la zuo na chang rong pian	3
雷贝拉唑钠肠溶胶囊	lei bei la zuo na chang rong jiao nang	3
雾化吸入	wu hua xi ru	4
雾化吸入剂	wu hua xi ru ji	1
雾化吸入器	wu hua xi ru qi	5
雾化器	wu hua qi	4
震颤法	zhen chan fa	3
霉菌性外耳道炎	mei jun xing wai er dao yan	5
霉菌性肺炎	mei jun xing fei yan	4
霉菌性角膜炎	mei jun xing jiao mo yan	3
霉菌感染	mei jun gan ran	4
霍乱弧菌	huo luan hu jun	9
霍乱病	huo luan bing	5
霍乱转筋	huo luan zhuan jin	2
霰粒肿	xian li zhong	6
露阴症	lu yin zheng	3
露龈笑	lu yin xiao	2
青壮年猝死综合征	qing zhuang nian cu si zong he zheng	5
青大将丸	qing da jiang wan	3
青少年牙周炎	qing shao nian ya zhou yan	2
青春型精神分裂症	qing chun xing jing shen fen lie zheng	4
青果丸	qing guo wan	2
青枝骨折	qing zhi gu zhe	3
青橄榄	qing gan lan	7
青洲大马路	qing zhou da ma lu	8
青灵	qing ling	4
青礞石	qing meng shi	1
青稞酒	qing ke jiu	9
青箱子	qing xiang zi	3
青草油	qing cao you	3
青葙子	qing xiang zi	4
青蒿琥酯	qing hao hu zhi	13
青蒿琥酯片	qing hao hu zhi pian	3
青蒿素	qing hao su	10
青蒿鳖甲汤	qing hao bie jia tang	3
青藏龙胆	qing zang long dan	2
青藤碱	qing teng jian	1
青霉病	qing mei bing	1
青霉素皮试剂	qing mei su pi shi ji	3
青霉素酶	qing mei su mei	4
青霉素钠	qing mei su na	5
青霉素钾	qing mei su jia	4
青霉胺	qing mei an	1
青风藤	qing feng teng	2
静功	jing gong	3
静心口服液	jing xin kou fu ye	5
静息能量消耗	jing xi neng liang xiao hao	2
静止期	jing zhi qi	4
静止龋	jing zhi qu	2
静纤毛	jing xian mao	4
静置培养	jing zhi pei yang	2
静脉丛	jing mai cong	2
静脉回流	jing mai hui liu	7
静脉推注	jing mai tui zhu	8
静脉滴注	jing mai di zhu	5
静脉炎	jing mai yan	46
静脉瓣	jing mai ban	1
静脉留置针	jing mai liu zhi zhen	2
静脉石	jing mai shi	4
静脉穿刺	jing mai chuan ci	10
静脉窦	jing mai dou	11
静脉肾盂造影	jing mai shen yu zao ying	1
静脉血	jing mai xue	24
静脉血栓形成	jing mai xue shuan xing cheng	9
静脉输液	jing mai shu ye	7
静脉麻醉	jing mai ma zui	7
静脉麻醉药	jing mai ma zui yao	4
靛玉红	dian yu hong	3
非何杰金氏淋巴瘤	fei he jie jin shi lin ba liu	5
非参数检验	fei can shu jian yan	3
非处方药	fei chu fang yao	40
非小细胞肺癌	fei xiao xi bao fei ai	40
非必需氨基酸	fei bi xu an ji suan	2
非感染性腹泻	fei gan ran xing fu xie	7
非接触眼压计	fei jie chu yan ya ji	4
非整倍体	fei zheng bei ti	15
非整倍性	fei zheng bei xing	4
非洛地平	fei luo di ping	5
非洛地平片	fei luo di ping pian	3
非洛地平缓释片	fei luo di ping huan shi pian	5
非洲锥虫病	fei zhou zhui chong bing	2
非淋球菌性尿道炎	fei lin qiu jun xing niao dao yan	3
非淋菌性尿道炎	fei lin jun xing niao dao yan	6
非溃疡性消化不良	fei kui yang xing xiao hua bu liang	2
非特异性免疫	fei te yi xing mian yi	2
非特异性尿道炎	fei te yi xing niao dao yan	1
非特异性睾丸炎	fei te yi xing gao wan yan	2
非特异性阴道炎	fei te yi xing yin dao yan	3
非甾体抗炎药	fei zai ti kang yan yao	15
非胰岛素依赖型糖尿病	fei yi dao su yi lai xing tang niao bing	5
非诺贝特	fei nuo bei te	5
非诺贝特分散片	fei nuo bei te fen san pian	2
非诺贝特胶囊	fei nuo bei te jiao nang	3
非那甾胺	fei na zai an	1
非那西丁	fei na xi ding	1
非那雄胺	fei na xiong an	2
非那雄胺片	fei na xiong an pian	3
面先露	mian xian lu	2
面型	mian xing	10
面斜裂	mian xie lie	2
面横裂	mian heng lie	3
面神经核	mian shen jing he	2
面神经麻痹	mian shen jing ma bi	2
面肌	mian ji	7
面肌痉挛	mian ji jing luan	8
面肌萎缩	mian ji wei suo	2
面色萎黄	mian se wei huang	9
面部烧伤	mian bu shao shang	1
面部老化	mian bu lao hua	4
面部肉芽肿	mian bu rou ya zhong	2
面部除皱术	mian bu chu zhou shu	5
面颅骨	mian lu gu	3
革兰氏染色	ge lan shi ran se	6
革兰氏染色阳性	ge lan shi ran se yang xing	2
革兰氏阳性菌	ge lan shi yang xing jun	36
革兰氏阴性菌	ge lan shi yin xing jun	49
革螨	ge man	1
靶向制剂	ba xiang zhi ji	19
靶器官	ba qi guan	4
靶细胞	ba xi bao	20
鞍上池	an shang chi	2
鞍区	an qu	1
鞍结节脑膜瘤	an jie jie nao mo liu	4
鞍背	an bei	3
鞘内注射	qiao nei zhu she	2
鞘氨醇	qiao an chun	19
鞘膜积液	qiao mo ji ye	1
鞣酸	rou suan	34
鞣酸加压素	rou suan jia ya su	3
鞣酸小檗碱	rou suan xiao bo jian	2
鞣酸苦参碱胶囊	rou suan ku shen jian jiao nang	4
鞣酸蛋白	rou suan dan bai	1
鞣酸蛋白散	rou suan dan bai san	2
鞣酸蛋白酵母散	rou suan dan bai jiao mu san	3
鞣酸软膏	rou suan ruan gao	4
鞭毛虫	bian mao chong	34
鞭毛蛋白	bian mao dan bai	2
鞭虫	bian chong	5
鞭虫病	bian chong bing	2
韧带损伤	ren dai sun shang	16
韩启德	han qi de	8
韩文海	han wen hai	2
韩氏医通	han shi yi tong	2
音乐疗法	yin yue liao fa	10
顶交	ding jiao	3
顶体	ding ti	4
顶体反应	ding ti fan ying	3
顶泌汗腺	ding mi han xian	10
顶突	ding tu	4
顶芽	ding ya	24
项目反应理论	xiang mu fan ying li lun	3
项韧带	xiang ren dai	1
顺峰	shun feng	7
顺序效应	shun xu xiao ying	1
顺应性	shun ying xing	15
顺磁性	shun ci xing	35
顺行性遗忘	shun xing xing yi wang	5
顺铂	shun bo	34
顺铂注射液	shun bo zhu she ye	2
须疮	xu chuang	2
顾方舟	gu fang zhou	5
顿服	dun fu	7
预激综合征	yu ji zong he zheng	1
预知子	yu zhi zi	3
预胶化淀粉	yu jiao hua dian fen	3
预防为主	yu fang wei zhu	5
预防口腔医学	yu fang kou qiang yi xue	4
预防接种工作规范	yu fang jie zhong gong zuo gui fan	8
预防接种异常反应	yu fang jie zhong yi chang fan ying	1
颅中窝	lu zhong wo	3
颅内出血	lu nei chu xue	49
颅内动脉瘤	lu nei dong mai liu	1
颅内动静脉畸形	lu nei dong jing mai ji xing	5
颅内占位性病变	lu nei zhan wei xing bing bian	4
颅内压	lu nei ya	24
颅内压升高	lu nei ya sheng gao	5
颅内压增高	lu nei ya zeng gao	2
颅内高压	lu nei gao ya	1
颅前窝	lu qian wo	3
颅后窝	lu hou wo	3
颅咽管瘤	lu yan guan liu	6
颅底骨折	lu di gu zhe	10
颅痛宁颗粒	lu tong ning ke li	5
颅盖	lu gai	1
颅神经	lu shen jing	7
颅神经损害	lu shen jing sun hai	3
颅脑损伤	lu nao sun shang	10
颅腔	lu qiang	5
颅裂	lu lie	3
颅骨修补术	lu gu xiu bu shu	5
颅骨线形骨折	lu gu xian xing gu zhe	2
颅骨缺损	lu gu que sun	8
颅骨骨折	lu gu gu zhe	16
颅骨骨瘤	lu gu gu liu	2
颈内动脉	jing nei dong mai	1
颈内动脉海绵窦瘘	jing nei dong mai hai mian dou lou	3
颈内静脉	jing nei jing mai	2
颈动脉	jing dong mai	48
颈动脉体瘤	jing dong mai ti liu	4
颈动脉内膜切除术	jing dong mai nei mo qie chu shu	1
颈动脉内膜剥脱术	jing dong mai nei mo bo tuo shu	5
颈动脉狭窄	jing dong mai xia zhai	2
颈动脉瘤	jing dong mai liu	5
颈动脉硬化	jing dong mai ying hua	1
颈动脉窦	jing dong mai dou	6
颈动脉管	jing dong mai guan	3
颈动脉鞘	jing dong mai qiao	4
颈复康颗粒	jing fu kang ke li	5
颈外动脉	jing wai dong mai	6
颈外静脉	jing wai jing mai	6
颈总动脉	jing zong dong mai	4
颈曲	jing qu	5
颈椎半脱位	jing zhui ban tuo wei	6
颈椎病贴	jing zhui bing tie	3
颈椎结核	jing zhui jie he	1
颈椎脱位	jing zhui tuo wei	6
颈椎间盘	jing zhui jian pan	4
颈椎骨折	jing zhui gu zhe	3
颈淋巴结炎	jing lin ba jie yan	4
颈百劳	jing bai lao	3
颈肋	jing lei	9
颈肌	jing ji	7
颈腰康胶囊	jing yao kang jiao nang	2
颈舒颗粒	jing shu ke li	3
颈蹼	jing pu	3
颈部损伤	jing bu sun shang	8
颈部淋巴结结核	jing bu lin ba jie jie he	3
颈部烧伤	jing bu shao shang	1
颈部血管瘤	jing bu xue guan liu	3
颈静脉	jing jing mai	11
颈静脉孔	jing jing mai kong	4
颈静脉怒张	jing jing mai nu zhang	2
颊肌	jia ji	1
颊脂垫	jia zhi dian	5
颊车	jia che	4
颊部	jia bu	31
颊间隙	jia jian xi	3
颌下淋巴结	he xia lin ba jie	1
颌下腺	he xia xian	1
颌下腺炎	he xia xian yan	3
颌面部间隙感染	he mian bu jian xi gan ran	4
颌骨发育不全	he gu fa yu bu quan	1
颌骨囊肿	he gu nang zhong	4
颌骨骨髓炎	he gu gu sui yan	5
颏成形术	ke cheng xing shu	3
颏舌肌	ke she ji	2
颗粒剂	ke li ji	4
颗粒层	ke li ceng	6
颗粒细胞瘤	ke li xi bao liu	4
颚口线虫病	e kou xian chong bing	5
颜面再发性皮炎	yan mian zai fa xing pi yan	5
额外牙	e wai ya	2
额外肾	e wai shen	4
额尔古纳右旗	e er gu na you qi	4
额窦	e dou	1
额窦炎	e dou yan	5
额窦骨折	e dou gu zhe	3
颞下窝	nie xia wo	4
颞下颌关节	nie xia he guan jie	12
颞下颌关节强直	nie xia he guan jie qiang zhi	3
颞下颌关节炎	nie xia he guan jie yan	1
颞下颌关节脱位	nie xia he guan jie tuo wei	3
颞叶	nie ye	34
颞窝	nie wo	3
颞肌	nie ji	11
颞部	nie bu	5
颞部除皱术	nie bu chu zhou shu	3
颞骨	nie gu	11
颞骨骨折	nie gu gu zhe	8
颠茄合剂	dian qie he ji	4
颠茄流浸膏	dian qie liu jin gao	2
颠茄浸膏	dian qie jin gao	3
颠茄片	dian qie pian	6
颠茄草	dian qie cao	2
颤病	chan bing	3
颧骨骨折	quan gu gu zhe	7
颧髎	quan liao	2
风媒	feng mei	6
风害	feng hai	3
风寒双离拐片	feng han shuang li guai pian	2
风寒双离拐胶囊	feng han shuang li guai jiao nang	3
风寒咳嗽	feng han ke sou	8
风寒感冒	feng han gan mao	1
风寒感冒冲剂	feng han gan mao chong ji	4
风寒感冒颗粒	feng han gan mao ke li	4
风市	feng shi	5
风府	feng fu	1
风府穴	feng fu xue	6
风池	feng chi	1
风池穴	feng chi xue	9
风温肺热病	feng wen fei re bing	3
风湿关节炎丸	feng shi guan jie yan wan	3
风湿关节炎片	feng shi guan jie yan pian	3
风湿安泰片	feng shi an tai pian	3
风湿定胶囊	feng shi ding jiao nang	4
风湿寒痛片	feng shi han tong pian	2
风湿性多肌痛	feng shi xing duo ji tong	5
风湿性心脏病	feng shi xing xin zang bing	7
风湿热	feng shi re	14
风湿症	feng shi zheng	4
风湿痛药酒	feng shi tong yao jiu	2
风湿贴	feng shi tie	4
风湿马钱片	feng shi ma qian pian	2
风湿骨痛	feng shi gu tong	8
风湿骨痛胶囊	feng shi gu tong jiao nang	4
风湿骨痛药酒	feng shi gu tong yao jiu	3
风热咳嗽	feng re ke sou	6
风热感冒	feng re gan mao	1
风热感冒颗粒	feng re gan mao ke li	5
风疹减毒活疫苗	feng zhen jian du huo yi miao	3
风疹疫苗	feng zhen yi miao	3
风疹病毒	feng zhen bing du	4
风痛宁片	feng tong ning pian	2
风痱	feng fei	2
风痹	feng bi	2
风眩	feng xuan	4
风能胜湿	feng neng sheng shi	3
风门穴	feng men xue	5
飞沫传播	fei mo chuan bo	10
飞沫传染	fei mo chuan ran	7
飞行错觉	fei xing cuo jue	1
飞龙夺命丸	fei long duo ming wan	2
食亦	shi yi	3
食品理化检验	shi pin li hua jian yan	2
食团	shi tuan	6
食欲不振	shi yu bu zhen	49
食欲亢进	shi yu kang jin	6
食母生	shi mu sheng	5
食母生片	shi mu sheng pian	1
食源性疾病	shi yuan xing ji bing	1
食物嵌塞	shi wu qian se	7
食盐水	shi yan shui	14
食管扩张	shi guan kuo zhang	4
食管气管瘘	shi guan qi guan lou	4
食管炎	shi guan yan	3
食管狭窄	shi guan xia zhai	6
食管癌	shi guan ai	8
食管穿孔	shi guan chuan kong	1
食管裂孔	shi guan lie kong	5
食管裂孔疝	shi guan lie kong shan	2
食管裂孔疝修补术	shi guan lie kong shan xiu bu shu	4
食管造影	shi guan zao ying	4
食管闭锁	shi guan bi suo	4
食管静脉曲张	shi guan jing mai qu zhang	2
食糜	shi mi	6
食腐动物	shi fu dong wu	22
食道平散	shi dao ping san	2
饥饿性酮症	ji e xing tong zheng	4
饮食疗法	yin shi liao fa	2
饮食美容	yin shi mei rong	2
饱和脂肪酸	bao he zhi fang suan	14
首乌	shou wu	2
首乌延寿片	shou wu yan shou pian	3
首乌强身片	shou wu qiang shen pian	3
首乌藤	shou wu teng	6
首关消除	shou guan xiao chu	2
首明山胶囊	shou ming shan jiao nang	3
首过效应	shou guo xiao ying	4
香丹注射液	xiang dan zhu she ye	6
香加皮	xiang jia pi	4
香子兰	xiang zi lan	3
香橼	xiang yuan	15
香砂六君丸	xiang sha liu jun wan	4
香砂六君子汤	xiang sha liu jun zi tang	4
香砂养胃丸	xiang sha yang wei wan	7
香砂养胃片	xiang sha yang wei pian	2
香砂和胃丸	xiang sha he wei wan	3
香砂平胃丸	xiang sha ping wei wan	3
香砂枳术丸	xiang sha zhi zhu wan	3
香精油	xiang jing you	5
香苏正胃丸	xiang su zheng wei wan	3
香草酸	xiang cao suan	2
香草醛	xiang cao quan	6
香菇多糖	xiang gu duo tang	3
香菊感冒颗粒	xiang ju gan mao ke li	3
香菊胶囊	xiang ju jiao nang	4
香薷散	xiang ru san	3
香连丸	xiang lian wan	5
香附	xiang fu	2
馥感啉口服液	fu gan lin kou fu ye	2
马兜铃酸	ma dou ling suan	12
马利兰片	ma li lan pian	3
马尾综合征	ma wei zong he zheng	3
马尿泡	ma niao pao	4
马尿酸	ma niao suan	2
马应龙八宝眼粉	ma ying long ba bao yan fen	2
马应龙痔疮膏	ma ying long zhi chuang gao	5
马应龙麝香痔疮膏	ma ying long she xiang zhi chuang gao	4
马拉硫磷	ma la liu lin	9
马方综合征	ma fang zong he zheng	2
马普替林	ma pu ti lin	1
马来酸依那普利片	ma lai suan yi na pu li pian	4
马来酸依那普利胶囊	ma lai suan yi na pu li jiao nang	3
马来酸咪达唑仑	ma lai suan mi da zuo lun	3
马来酸咪达唑仑片	ma lai suan mi da zuo lun pian	3
马来酸多潘立酮	ma lai suan duo pan li tong	3
马来酸左旋氨氯地平片	ma lai suan zuo xuan an lv di ping pian	3
马来酸氟伏沙明片	ma lai suan fu fu sha ming pian	2
马来酸氨氯地平片	ma lai suan an lv di ping pian	3
马来酸氯苯那敏	ma lai suan lv ben na min	8
马来酸氯苯那敏注射液	ma lai suan lv ben na min zhu she ye	3
马来酸氯苯那敏片	ma lai suan lv ben na min pian	4
马来酸罗格列酮	ma lai suan luo ge lie tong	5
马来酸罗格列酮片	ma lai suan luo ge lie tong pian	4
马桑叶	ma sang ye	2
马槟榔	ma bin lang	1
马氏杆	ma shi gan	3
马海德	ma hai de	10
马蔺子素胶囊	ma lin zi su jiao nang	2
马蹄肾	ma ti shen	4
马钱子	ma qian zi	16
马钱子散	ma qian zi san	2
马钱子碱	ma qian zi jian	4
马钱苷	ma qian gan	2
驱动蛋白	qu dong dan bai	6
驱白巴布期片	qu bai ba bu qi pian	3
驱虫	qu chong	16
驱虫斑鸠菊	qu chong ban jiu ju	1
驱虫消食片	qu chong xiao shi pian	3
驱蛔灵糖浆	qu hui ling tang jiang	3
驱风	qu feng	3
驱风油	qu feng you	7
驴胶补血冲剂	lv jiao bu xue chong ji	3
驴胶补血颗粒	lv jiao bu xue ke li	5
驼峰鼻	tuo feng bi	6
骨不愈合	gu bu yu he	3
骨伤	gu shang	40
骨伤医院	gu shang yi yuan	3
骨关节	gu guan jie	10
骨关节炎	gu guan jie yan	40
骨关节病	gu guan jie bing	48
骨关节结核	gu guan jie jie he	5
骨刺平片	gu ci ping pian	3
骨刺消痛液	gu ci xiao tong ye	2
骨刺消痛胶囊	gu ci xiao tong jiao nang	3
骨力胶囊	gu li jiao nang	3
骨化三醇	gu hua san chun	7
骨化三醇胶丸	gu hua san chun jiao wan	2
骨化中心	gu hua zhong xin	6
骨化性纤维瘤	gu hua xing xian wei liu	3
骨化性肌炎	gu hua xing ji yan	1
骨友灵巴布膏	gu you ling ba bu gao	3
骨友灵搽剂	gu you ling cha ji	3
骨囊肿	gu nang zhong	1
骨坏死	gu huai si	2
骨基质	gu ji zhi	8
骨外科	gu wai ke	23
骨外膜	gu wai mo	1
骨密度测定	gu mi du ce ding	6
骨密质	gu mi zhi	3
骨小梁	gu xiao liang	1
骨巨细胞瘤	gu ju xi bao liu	2
骨康胶囊	gu kang jiao nang	4
骨性	gu xing	18
骨性标志	gu xing biao zhi	3
骨性结合	gu xing jie he	4
骨性联结	gu xing lian jie	2
骨愈灵胶囊	gu yu ling jiao nang	3
骨扫描	gu sao miao	6
骨折不愈合	gu zhe bu yu he	6
骨折愈合	gu zhe yu he	3
骨折畸形愈合	gu zhe ji xing yu he	5
骨折病	gu zhe bing	3
骨松质	gu song zhi	2
骨样骨瘤	gu yang gu liu	2
骨水泥	gu shui ni	13
骨溶解症	gu rong jie zheng	1
骨炎	gu yan	4
骨炎灵片	gu yan ling pian	2
骨片	gu pian	37
骨瓜提取物注射液	gu gua ti qu wu zhu she ye	3
骨疏康胶囊	gu shu kang jiao nang	2
骨疏康颗粒	gu shu kang ke li	4
骨痂	gu jia	4
骨病	gu bing	2
骨痛	gu tong	6
骨痹	gu bi	5
骨瘤	gu liu	10
骨皮质	gu pi zhi	2
骨盆倾斜度	gu pen qing xie du	2
骨盆测量	gu pen ce liang	3
骨盆狭窄	gu pen xia zhai	4
骨盆骨折	gu pen gu zhe	2
骨盐	gu yan	3
骨硬化病	gu ying hua bing	2
骨科学	gu ke xue	7
骨移植	gu yi zhi	1
骨筋丸胶囊	gu jin wan jiao nang	4
骨筋膜室综合征	gu jin mo shi zong he zheng	4
骨筋膜室综合症	gu jin mo shi zong he zheng	4
骨管	gu guan	2
骨纤维异常增殖症	gu xian wei yi chang zeng zhi zheng	5
骨组织	gu zu zhi	13
骨肉瘤	gu rou liu	6
骨肌	gu ji	8
骨肽注射液	gu tai zhu she ye	3
骨胶原	gu jiao yuan	2
骨膜反应	gu mo fan ying	3
骨膜增生厚皮症	gu mo zeng sheng hou pi zheng	2
骨膜炎	gu mo yan	17
骨蒸潮热	gu zheng chao re	6
骨血管瘤	gu xue guan liu	2
骨质疏松	gu zhi shu song	15
骨质疏松症	gu zhi shu song zheng	37
骨质破坏	gu zhi po huai	3
骨赘	gu zhui	2
骨转移	gu zhuan yi	6
骨软骨瘤	gu ruan gu liu	1
骨通贴膏	gu tong tie gao	3
骨重建	gu chong jian	3
骨钙素	gu gai su	4
骨风宁胶囊	gu feng ning jiao nang	2
骨骺	gu hou	18
骨骺炎	gu hou yan	1
骨骼风痛片	gu ge feng tong pian	4
骨髓增生异常综合征	gu sui zeng sheng yi chang zong he zheng	8
骨髓抑制	gu sui yi zhi	25
骨髓炎	gu sui yan	31
骨髓瘤	gu sui liu	6
骨髓瘤细胞	gu sui liu xi bao	2
骨髓移植	gu sui yi zhi	37
骨髓穿刺术	gu sui chuan ci shu	5
骨髓纤维化	gu sui xian wei hua	6
骨髓腔	gu sui qiang	2
骨髓象	gu sui xiang	4
骨龄	gu ling	2
骰骨	tou gu	4
骶尾部挫伤	di wei bu cuo shang	4
骶棘肌	di ji ji	4
骶椎	di zhui	26
骶椎腰化	di zhui yao hua	2
骶管裂孔	di guan lie kong	2
骶角	di jiao	2
骶骨骨折	di gu gu zhe	1
骶髂关节	di qia guan jie	1
骶髂关节炎	di qia guan jie yan	1
髀关穴	bi guan xue	2
髁突	ke tu	2
髂内动脉	qia nei dong mai	5
髂内静脉	qia nei jing mai	3
髂前上棘	qia qian shang ji	4
髂后上棘	qia hou shang ji	3
髂外动脉	qia wai dong mai	1
髂嵴	qia ji	4
髂总静脉	qia zong jing mai	1
髂窝脓肿	qia wo nong zhong	3
髂肌	qia ji	3
髂胫束	qia jing shu	5
髂腰肌	qia yao ji	5
髂骨致密性骨炎	qia gu zhi mi xing gu yan	2
髋关节炎	kuan guan jie yan	5
髋关节脱位	kuan guan jie tuo wei	8
髋离断假肢	kuan li duan jia zhi	3
髋肌	kuan ji	3
髋臼	kuan jiu	40
髋臼骨折	kuan jiu gu zhe	7
髋部	kuan bu	45
髌韧带	bin ren dai	1
髌骨骨折	bin gu gu zhe	1
髓内钉	sui nei ding	1
髓核	sui he	9
髓母细胞瘤	sui mu xi bao liu	2
髓腔	sui qiang	5
髓质	sui zhi	32
髓鞘	sui qiao	15
高乌甲素	gao wu jia su	2
高位截瘫	gao wei jie tan	2
高催乳素血症	gao cui ru su xue zheng	9
高出叶	gao chu ye	1
高半胱氨酸	gao ban guang an suan	4
高危人群	gao wei ren qun	11
高危妊娠	gao wei ren shen	9
高压氧治疗	gao ya yang zhi liao	8
高压氧疗法	gao ya yang liao fa	5
高压灭菌器	gao ya mie jun qi	1
高压蒸汽灭菌	gao ya zheng qi mie jun	5
高原反应	gao yuan fan ying	5
高原性心脏病	gao yuan xing xin zang bing	6
高原性高血压	gao yuan xing gao xue ya	4
高原病	gao yuan bing	1
高原适应不全症	gao yuan shi ying bu quan zheng	3
高士德大马路	gao shi de da ma lu	8
高密度影	gao mi du ying	6
高密度脂蛋白	gao mi du zhi dan bai	12
高密度脂蛋白胆固醇	gao mi du zhi dan bai dan gu chun	8
高尔基体	gao er ji ti	20
高尿酸血症	gao niao suan xue zheng	9
高干队	gao gan dui	3
高度近视	gao du jin shi	4
高弓足	gao gong zu	1
高效液相层析	gao xiao ye xiang ceng xi	3
高敏性	gao min xing	4
高树森	gao shu sen	1
高氟水	gao fu shui	8
高氧	gao yang	3
高氨血症	gao an xue zheng	4
高永文	gao yong wen	43
高泌乳素血症	gao bi ru su xue zheng	1
高热惊厥	gao re jing jue	1
高甘油三酯血症	gao gan you san zhi xue zheng	6
高盐饮食	gao yan yin shi	9
高碘性甲状腺肿	gao dian xing jia zhuang xian zhong	5
高碳酸血症	gao tan suan xue zheng	7
高粘稠血症	gao nian chou xue zheng	2
高胡萝卜素血症	gao hu luo bo su xue zheng	5
高胰岛素血症	gao yi dao su xue zheng	29
高脂蛋白血症	gao zhi dan bai xue zheng	1
高脂血	gao zhi xue	6
高脂血症	gao zhi xue zheng	13
高致病性禽流感	gao zhi bing xing qin liu gan	4
高良姜	gao liang jiang	8
高苯丙氨酸血症	gao ben bing an suan xue zheng	4
高血压危象	gao xue ya wei xiang	1
高血压性心脏病	gao xue ya xing xin zang bing	10
高血压性脑病	gao xue ya xing nao bing	3
高血压患者	gao xue ya huan zhe	13
高血压速降丸	gao xue ya su jiang wan	2
高血压防治	gao xue ya fang zhi	8
高血糖	gao xue tang	31
高钙血症	gao gai xue zheng	3
高钠血症	gao na xue zheng	2
高钾血症	gao jia xue zheng	3
高铁血红蛋白血症	gao tie xue hong dan bai xue zheng	6
高锰酸钾外用片	gao meng suan jia wai yong pian	2
高镁血症	gao mei xue zheng	4
高频通气	gao pin tong qi	3
鬼针草	gui zhen cao	36
魄门	po men	2
鱼毒性	yu du xing	4
鱼石脂	yu shi zhi	3
鱼石脂软膏	yu shi zhi ruan gao	5
鱼精蛋白	yu jing dan bai	3
鱼肝油乳	yu gan you ru	3
鱼肝油酸钠	yu gan you suan na	3
鱼胆中毒	yu dan zhong du	6
鱼腥草注射液	yu xing cao zhu she ye	6
鱼腥草滴眼液	yu xing cao di yan ye	2
鱼腥草素	yu xing cao su	4
鱼腰	yu yao	6
鱼腹	yu fu	29
鱼藤酮	yu teng tong	4
鱼金注射液	yu jin zhu she ye	3
鱼际	yu ji	1
鱼际穴	yu ji xue	1
鱼鳞病	yu lin bing	1
鲁南欣康	lu nan xin kang	2
鲁南贝特	lu nan bei te	4
鲑鱼降钙素	gui yu jiang gai su	3
鲑鱼降钙素注射液	gui yu jiang gai su zhu she ye	2
鲜竹沥	xian zhu li	5
鲨肝醇	sha gan chun	4
鲨肝醇片	sha gan chun pian	2
鲸须	jing xu	12
鳃裂	sai lie	26
鳃裂瘘管	sai lie lou guan	2
鳖甲	bie jia	8
鳖甲煎丸	bie jia jian wan	3
鳗钙	man gai	3
鳞叶	lin ye	27
鳞屑	lin xie	5
鳞屑性睑缘炎	lin xie xing jian yuan yan	1
鳞状细胞癌	lin zhuang xi bao ai	37
鸟分枝杆菌	niao fen zhi gan jun	3
鸟嘌呤	niao piao ling	43
鸟毒性	niao du xing	3
鸠尾	jiu wei	1
鸠尾穴	jiu wei xue	2
鸡尾酒疗法	ji wei jiu liao fa	4
鸡眼膏	ji yan gao	4
鸡矢藤	ji shi teng	40
鸡蛋花	ji dan hua	6
鸡骨草	ji gu cao	4
鸡骨草胶囊	ji gu cao jiao nang	3
鸡鸣散	ji ming san	3
鸣管	ming guan	3
鸦胆子	ya dan zi	11
鸦胆子油	ya dan zi you	2
鸦胆子油乳注射液	ya dan zi you ru zhu she ye	3
鸦胆子油口服乳液	ya dan zi you kou fu ru ye	3
鸦胆子油软胶囊	ya dan zi you ruan jiao nang	3
鸭跖草	ya zhi cao	31
鹅不食草	e bu shi cao	3
鹅去氧胆酸	e qu yang dan suan	9
鹅口疮	e kou chuang	9
鹅管石	e guan shi	3
鹤草芽	he cao ya	2
鹤草酚	he cao fen	3
鹤虱	he shi	2
鹤顶	he ding	32
鹦鹉热	ying wu re	1
鹪鹩	jiao liao	14
鹰钩鼻	ying gou bi	4
鹿尾鞭酒	lu wei bian jiu	3
鹿瓜多肽注射液	lu gua duo tai zhu she ye	2
鹿筋壮骨酒	lu jin zhuang gu jiu	2
鹿茸参鞭酒	lu rong shen bian jiu	5
鹿茸口服液	lu rong kou fu ye	2
鹿茸洋参片	lu rong yang shen pian	4
鹿角片	lu jiao pian	4
鹿角霜	lu jiao shuang	2
鹿鞭回春胶囊	lu bian hui chun jiao nang	3
鹿鞭补酒	lu bian bu jiu	4
鹿首安神颗粒	lu shou an shen ke li	3
麝香保心丸	she xiang bao xin wan	7
麝香壮骨膏	she xiang zhuang gu gao	5
麝香心脑乐片	she xiang xin nao le pian	3
麝香心脑乐胶囊	she xiang xin nao le jiao nang	2
麝香心脑通胶囊	she xiang xin nao tong jiao nang	4
麝香抗栓丸	she xiang kang shuan wan	4
麝香接骨胶囊	she xiang jie gu jiao nang	5
麝香海马追风膏	she xiang hai ma zhui feng gao	3
麝香狗皮膏	she xiang gou pi gao	2
麝香痔疮栓	she xiang zhi chuang shuan	3
麝香祛痛搽剂	she xiang qu tong cha ji	2
麝香祛痛气雾剂	she xiang qu tong qi wu ji	2
麝香舒活精	she xiang shu huo jing	3
麝香草	she xiang cao	5
麝香跌打风湿膏	she xiang die da feng shi gao	2
麝香追风膏	she xiang zhui feng gao	4
麝香酮	she xiang tong	4
麝香镇痛膏	she xiang zhen tong gao	3
麝香风湿胶囊	she xiang feng shi jiao nang	4
麦克罗辛	mai ke luo xin	3
麦司卡林	mai si ka lin	4
麦味地黄丸	mai wei di huang wan	5
麦味地黄口服液	mai wei di huang kou fu ye	3
麦氏点	mai shi dian	2
麦白霉素片	mai bai mei su pian	3
麦粉	mai fen	10
麦粒肿	mai li zhong	2
麦芽汁	mai ya zhi	6
麦角固醇	mai jiao gu chun	16
麦角新碱	mai jiao xin jian	4
麦角胺	mai jiao an	6
麦角胺咖啡因	mai jiao an ka fei yin	4
麦角胺咖啡因片	mai jiao an ka fei yin pian	2
麦迪霉素	mai di mei su	5
麦迪霉素片	mai di mei su pian	3
麦门冬汤	mai men dong tang	2
麻仁丸	ma ren wan	5
麻仁润肠丸	ma ren run chang wan	5
麻仁润肠软胶囊	ma ren run chang ruan jiao nang	2
麻仁滋脾丸	ma ren zi pi wan	3
麻仁胶囊	ma ren jiao nang	3
麻仁软胶囊	ma ren ruan jiao nang	3
麻叶	ma ye	13
麻子仁丸	ma zi ren wan	2
麻杏止咳片	ma xing zhi ke pian	4
麻杏止咳糖浆	ma xing zhi ke tang jiang	4
麻杏石甘汤	ma xing shi gan tang	1
麻疹减毒活疫苗	ma zhen jian du huo yi miao	2
麻疹疫苗	ma zhen yi miao	48
麻疹病毒	ma zhen bing du	34
麻痹性斜视	ma bi xing xie shi	5
麻痹性痴呆	ma bi xing chi dai	4
麻痹性肠梗阻	ma bi xing chang geng zu	5
麻蝇	ma ying	3
麻醉学	ma zui xue	21
麻醉机	ma zui ji	6
麻醉诱导	ma zui you dao	1
麻风分枝杆菌	ma feng fen zhi gan jun	1
麻黄根	ma huang gen	5
麻黄汤	ma huang tang	8
麻黄浸膏	ma huang jin gao	6
麻黄碱	ma huang jian	18
麻黄碱苯海拉明	ma huang jian ben hai la ming	3
麻黄碱苯海拉明片	ma huang jian ben hai la ming pian	3
麻黄附子细辛汤	ma huang fu zi xi xin tang	3
黄世杰	huang shi jie	14
黄体化激素	huang ti hua ji su	2
黄体生成素	huang ti sheng cheng su	8
黄体血肿	huang ti xue zhong	2
黄体酮	huang ti tong	10
黄体酮注射液	huang ti tong zhu she ye	4
黄体酮胶丸	huang ti tong jiao wan	2
黄体酮胶囊	huang ti tong jiao nang	4
黄嘌呤	huang piao ling	5
黄嘌呤氧化酶	huang piao ling yang hua mei	4
黄宽	huang kuan	8
黄尿酸	huang niao suan	2
黄帝内经	huang di nei jing	21
黄斑中心凹	huang ban zhong xin ao	4
黄斑出血	huang ban chu xue	6
黄斑前膜	huang ban qian mo	5
黄斑变性	huang ban bian xing	9
黄斑水肿	huang ban shui zhong	2
黄斑裂孔	huang ban lie kong	6
黄曲霉毒素	huang qu mei du su	3
黄杨宁片	huang yang ning pian	2
黄枝	huang zhi	9
黄柏胶囊	huang bo jiao nang	2
黄栀花口服液	huang zhi hua kou fu ye	3
黄根	huang gen	9
黄氏响声丸	huang shi xiang sheng wan	3
黄热减毒活疫苗	huang re jian du huo yi miao	3
黄热病毒	huang re bing du	1
黄甲	huang jia	7
黄疸型肝炎	huang dan xing gan yan	1
黄瘤病	huang liu bing	3
黄皮	huang pi	25
黄竹斋	huang zhu zhai	3
黄精	huang jing	11
黄素腺嘌呤二核苷酸	huang su xian piao ling er he gan suan	3
黄胸鼠	huang xiong shu	6
黄色瘤	huang se liu	1
黄色素细胞	huang se su xi bao	2
黄芩提取物	huang qin ti qu wu	2
黄芩汤	huang qin tang	5
黄芩素	huang qin su	4
黄芩素铝胶囊	huang qin su lv jiao nang	3
黄芩苷	huang qin gan	2
黄芪多糖	huang qi duo tang	1
黄芪建中汤	huang qi jian zhong tang	4
黄芪桂枝五物汤	huang qi gui zhi wu wu tang	4
黄芪注射液	huang qi zhu she ye	4
黄芪生脉饮	huang qi sheng mai yin	3
黄芪甲苷	huang qi jia gan	3
黄芪精	huang qi jing	2
黄芪精口服液	huang qi jing kou fu ye	4
黄芪颗粒	huang qi ke li	3
黄芫花	huang yuan hua	3
黄荆子	huang jing zi	1
黄药子	huang yao zi	4
黄萱益肝散	huang xuan yi gan san	4
黄葵胶囊	huang kui jiao nang	3
黄藤素片	huang teng su pian	4
黄藤素胶囊	huang teng su jiao nang	2
黄豆苷元	huang dou gan yuan	1
黄豆苷元片	huang dou gan yuan pian	5
黄连上清丸	huang lian shang qing wan	6
黄连上清片	huang lian shang qing pian	6
黄连上清胶囊	huang lian shang qing jiao nang	3
黄连清胃丸	huang lian qing wei wan	2
黄连羊肝丸	huang lian yang gan wan	4
黄连胶囊	huang lian jiao nang	2
黄连解毒丸	huang lian jie du wan	3
黄连解毒汤	huang lian jie du tang	3
黄连阿胶汤	huang lian e jiao tang	4
黄金搭档	huang jin da dang	6
黄金视宝	huang jin shi bao	2
黄韧带	huang ren dai	1
黄骨髓	huang gu sui	1
黄龙汤	huang long tang	3
黏液囊肿	nian ye nang zhong	1
黏胶	nian jiao	6
黑头粉刺	hei tou fen ci	1
黑尿热	hei niao re	2
黑桃皇后	hei tao huang hou	5
黑棘皮病	hei ji pi bing	1
黑甲	hei jia	3
黑疸	hei dan	2
黑皮病	hei pi bing	1
黑种草子	hei zhong cao zi	2
黑穗病	hei sui bing	7
黑素体	hei su ti	4
黑素细胞	hei su xi bao	7
黑线姬鼠	hei xian ji shu	5
黑老虎	hei lao hu	2
黑色素沉着	hei se su chen zhuo	6
黑色素痣	hei se su zhi	6
黑色素细胞	hei se su xi bao	17
黑芝麻	hei zhi ma	7
黑蒙	hei meng	2
黑蚂蚁	hei ma yi	2
黑豆馏油软膏	hei dou liu you ruan gao	3
黑骨藤追风活络胶囊	hei gu teng zhui feng huo luo jiao nang	3
黛力新	dai li xin	5
黛蛤散	dai ge san	2
鼓室	gu shi	9
鼓室成形术	gu shi cheng xing shu	4
鼓室硬化症	gu shi ying hua zheng	3
鼓槌体	gu chui ti	2
鼓膜修补术	gu mo xiu bu shu	4
鼓膜充血	gu mo chong xue	5
鼓膜炎	gu mo yan	3
鼓膜穿孔	gu mo chuan kong	9
鼓音	gu yin	18
鼠曲草	shu qu cao	26
鼠李糖	shu li tang	10
鼠疫杆菌	shu yi gan jun	4
鼠神经生长因子	shu shen jing sheng zhang yin zi	3
鼠药	shu yao	12
鼻中隔	bi zhong ge	7
鼻中隔偏曲	bi zhong ge pian qu	8
鼻中隔成形术	bi zhong ge cheng xing shu	1
鼻中隔溃疡	bi zhong ge kui yang	3
鼻中隔矫正术	bi zhong ge jiao zheng shu	5
鼻中隔穿孔	bi zhong ge chuan kong	6
鼻中隔脓肿	bi zhong ge nong zhong	2
鼻中隔软骨	bi zhong ge ruan gu	6
鼻内镜检查	bi nei jing jian cha	4
鼻再造术	bi zai zao shu	3
鼻前庭	bi qian ting	1
鼻前庭炎	bi qian ting yan	4
鼻咽	bi yan	29
鼻咽炎	bi yan yan	5
鼻咽癌	bi yan ai	45
鼻唇沟	bi chun gou	9
鼻干	bi gan	2
鼻息肉	bi xi rou	2
鼻息肉摘除术	bi xi rou zhai chu shu	2
鼻成形术	bi cheng xing shu	1
鼻损伤	bi sun shang	2
鼻整形术	bi zheng xing shu	4
鼻根	bi gen	13
鼻梅毒	bi mei du	2
鼻横沟	bi heng gou	3
鼻沟	bi gou	6
鼻泪管	bi lei guan	2
鼻渊	bi yuan	1
鼻渊糖浆	bi yuan tang jiang	2
鼻渊舒口服液	bi yuan shu kou fu ye	2
鼻渊通窍颗粒	bi yuan tong qiao ke li	2
鼻溢液	bi yi ye	2
鼻炎喷剂	bi yan pen ji	4
鼻炎宁胶囊	bi yan ning jiao nang	4
鼻炎宁颗粒	bi yan ning ke li	2
鼻炎康片	bi yan kang pian	6
鼻炎灵	bi yan ling	4
鼻炎灵片	bi yan ling pian	3
鼻炎片	bi yan pian	5
鼻煽	bi shan	3
鼻甲肥大	bi jia fei da	1
鼻疽	bi ju	13
鼻病	bi bing	8
鼻病毒	bi bing du	6
鼻病毒感染	bi bing du gan ran	2
鼻窦囊肿	bi dou nang zhong	3
鼻窦恶性肿瘤	bi dou e xing zhong liu	2
鼻窦炎口服液	bi dou yan kou fu ye	2
鼻端出火	bi duan chu huo	2
鼻翼缺损修复术	bi yi que sun xiu fu shu	2
鼻背动脉	bi bei dong mai	3
鼻腔冲洗	bi qiang chong xi	3
鼻腔异物	bi qiang yi wu	6
鼻腔恶性肿瘤	bi qiang e xing zhong liu	3
鼻舒适片	bi shu shi pian	2
鼻衄	bi nv	7
鼻通宁滴剂	bi tong ning di ji	2
鼻通滴鼻剂	bi tong di bi ji	2
鼻部囊肿	bi bu nang zhong	2
鼻饲法	bi si fa	3
鼻骨骨折	bi gu gu zhe	21
鼻高	bi gao	5
鼻鼾	bi han	1
鼾症	han zheng	9
齐一说	qi yi shuo	2
齐墩果酸	qi dun guo suan	4
齐墩果酸胶囊	qi dun guo suan jiao nang	3
齐多夫定	qi duo fu ding	5
齐多拉米双夫定片	qi duo la mi shuang fu ding pian	1
齿槽	chi cao	43
齿衄	chi nv	3
齿髓	chi sui	4
齿龈出血	chi yin chu xue	5
龈下刮治术	yin xia gua zhi shu	2
龈交穴	yin jiao xue	5
龈沟液	yin gou ye	4
龈炎	yin yan	4
龋病	qu bing	9
龋病学	qu bing xue	3
龙枣胶囊	long zao jiao nang	4
龙牙肝泰胶囊	long ya gan tai jiao nang	2
龙牡壮骨颗粒	long mu zhuang gu ke li	3
龙珠软膏	long zhu ruan gao	3
龙眼蜜	long yan mi	6
龙线虫病	long xian chong bing	3
龙胆泻肝丸	long dan xie gan wan	7
龙胆泻肝口服液	long dan xie gan kou fu ye	3
龙胆泻肝汤	long dan xie gan tang	1
龙胆泻肝片	long dan xie gan pian	2
龙胆泻肝胶囊	long dan xie gan jiao nang	3
龙胆泻肝软胶囊	long dan xie gan ruan jiao nang	3
龙胆碳酸氢钠	long dan tan suan qing na	2
龙胆紫溶液	long dan zi rong ye	4
龙胆花	long dan hua	2
龙胆苦苷	long dan ku gan	3
龙胆草	long dan cao	3
龙血竭	long xue jie	4
龙血竭片	long xue jie pian	3
龙血竭胶囊	long xue jie jiao nang	4
龙金通淋胶囊	long jin tong lin jiao nang	3
龙骨颈椎胶囊	long gu jing zhui jiao nang	3
龙鼓水道	long gu shui dao	3
龙鼓滩	long gu tan	27
龙齿	long chi	4
龚仁心	gong ren xin	1
龟头炎	gui tou yan	2
龟甲胶	gui jia jiao	6
龟鳖丸	gui bie wan	4
龟鹿二仙膏	gui lu er xian gao	2
龟鹿二胶丸	gui lu er jiao wan	2
