# 青简领域词库：地名，由 qingjian-dict-convert lexicon 从 THUOCL 拆出，基础词库里没有的部分。词	音节	词频
一一七中学	yi yi qi zhong xue	1
一中	yi zhong	15
一二九街	yi er jiu jie	7
一二八纪念路	yi er ba ji nian lu	3
一二条社区	yi er tiao she qu	3
一亩园	yi mu yuan	3
一亩园社区	yi mu yuan she qu	4
一人巷	yi ren xiang	3
一公司	yi gong si	13
一公园	yi gong yuan	11
一六一医院	yi liu yi yi yuan	4
一六八医院	yi liu ba yi yuan	1
一分场	yi fen chang	14
一医	yi yi	10
一医院	yi yi yuan	12
一号桥	yi hao qiao	29
一号立井	yi hao li jing	1
一号船闸	yi hao chuan zha	7
一号路	yi hao lu	14
一号路四号大街口	yi hao lu si hao da jie kou	3
一号闸	yi hao zha	6
一品嘉园	yi pin jia yuan	5
一四二中	yi si er zhong	3
一声霹雳	yi sheng pi li	2
一多楼	yi duo lou	5
一字桥	yi zi qiao	2
一建	yi jian	11
一建家属院	yi jian jia shu yuan	4
一德东	yi de dong	4
一德西	yi de xi	5
一德路	yi de lu	19
一斗泉乡	yi dou quan xiang	2
一汽公司	yi qi gong si	2
一清新村	yi qing xin cun	5
一渡	yi du	8
一环路东一段	yi huan lu dong yi duan	6
一环路东三段	yi huan lu dong san duan	7
一环路九里堤路口	yi huan lu jiu li di lu kou	3
一环路北三段	yi huan lu bei san duan	7
一环路北四段	yi huan lu bei si duan	8
一环路南四段	yi huan lu nan si duan	7
一环路大石路口	yi huan lu da shi lu kou	5
一环路建设路口	yi huan lu jian she lu kou	6
一环路新鸿路口	yi huan lu xin hong lu kou	4
一环路菊乐路口	yi huan lu ju le lu kou	1
一环路高升桥东路	yi huan lu gao sheng qiao dong lu	3
一环路高升桥东路口	yi huan lu gao sheng qiao dong lu kou	3
一纬路	yi wei lu	1
一职高	yi zhi gao	2
一节路	yi jie lu	2
一街新村	yi jie xin cun	2
一路吉祥	yi lu ji xiang	5
一轴两翼	yi zhou liang yi	8
一配	yi pei	8
一里坡	yi li po	3
一零四团	yi ling si tuan	4
一马路	yi ma lu	10
丁仁山	ding ren shan	3
丁卯街道	ding mao jie dao	5
丁司垱镇	ding si dang zhen	4
丁各庄	ding ge zhuang	5
丁堰	ding yan	5
丁塘镇	ding tang zhen	4
丁墙	ding qiang	7
丁子路口	ding zi lu kou	1
丁字口	ding zi kou	1
丁字古	ding zi gu	3
丁字桥	ding zi qiao	10
丁字沽	ding zi gu	1
丁字沽一号路	ding zi gu yi hao lu	4
丁字沽三号路	ding zi gu san hao lu	1
丁字沽二号路	ding zi gu er hao lu	3
丁字胡同	ding zi hu tong	3
丁字路口	ding zi lu kou	42
丁家坝	ding jia ba	4
丁家堡	ding jia bao	4
丁家堡村	ding jia bao cun	2
丁家山	ding jia shan	2
丁家山景区	ding jia shan jing qu	4
丁家庄	ding jia zhuang	4
丁家村	ding jia cun	2
丁家桥	ding jia qiao	7
丁家桥村	ding jia qiao cun	2
丁家沟乡	ding jia gou xiang	5
丁家滩	ding jia tan	4
丁山	ding shan	32
丁山乡	ding shan xiang	2
丁庄	ding zhuang	5
丁店	ding dian	6
丁所	ding suo	5
丁杨	ding yang	2
丁桥	ding qiao	12
丁桥镇政府	ding qiao zhen zheng fu	4
丁楼	ding lou	5
丁氏祠堂	ding shi ci tang	2
丁溪	ding xi	1
丁溪村	ding xi cun	3
丁甲庄	ding jia zhuang	4
丁白村	ding bai cun	2
丁白路西口	ding bai lu xi kou	4
丁章胡同	ding zhang hu tong	2
丁营村	ding ying cun	3
丁贤	ding xian	2
丁陂乡	ding bei xiang	2
丁集	ding ji	4
丁青	ding qing	32
丁香公寓	ding xiang gong yu	3
丁香园	ding xiang yuan	18
丁香胡同	ding xiang hu tong	4
丁香街	ding xiang jie	5
丁香路	ding xiang lu	20
七一厂	qi yi chang	3
七一村	qi yi cun	1
七一酱园	qi yi jiang yuan	4
七七街	qi qi jie	2
七二一	qi er yi	14
七井胡同	qi jing hu tong	3
七农场	qi nong chang	8
七前	qi qian	4
七十二团场	qi shi er tuan chang	2
七十二泾	qi shi er jing	4
七十六中	qi shi liu zhong	4
七厂	qi chang	17
七厂十字	qi chang shi zi	7
七台河市	qi tai he shi	47
七号桥	qi hao qiao	5
七号码头	qi hao ma tou	2
七号门	qi hao men	4
七圣南路	qi sheng nan lu	3
七圣庙	qi sheng miao	1
七圣路	qi sheng lu	4
七堡南	qi bao nan	2
七塔寺	qi ta si	10
七塘	qi tang	2
七孔桥	qi kong qiao	12
七宝山	qi bao shan	5
七宝路	qi bao lu	3
七宝镇	qi bao zhen	39
七家子	qi jia zi	9
七家湾	qi jia wan	14
七山乡	qi shan xiang	6
七府坟	qi fu fen	6
七建乡	qi jian xiang	2
七彩小康城	qi cai xiao kang cheng	4
七彩星城	qi cai xing cheng	6
七房	qi fang	11
七星井	qi xing jing	2
七星关	qi xing guan	37
七星园	qi xing yuan	2
七星园北社区	qi xing yuan bei she qu	2
七星园南社区	qi xing yuan nan she qu	2
七星岗	qi xing gang	22
七星岩	qi xing yan	38
七星市场	qi xing shi chang	1
七星桥村	qi xing qiao cun	2
七星椒	qi xing jiao	16
七星洞	qi xing dong	3
七星街	qi xing jie	2
七星路	qi xing lu	21
七条巷	qi tiao xiang	5
七样菜	qi yang cai	5
七格小区	qi ge xiao qu	4
七格村	qi ge cun	2
七桥	qi qiao	16
七棵松	qi ke song	1
七步沟	qi bu gou	1
七浦路	qi pu lu	15
七渡	qi du	4
七甲	qi jia	44
七甲闸村	qi jia zha cun	5
七画	qi hua	4
七管村	qi guan cun	2
七纬路	qi wei lu	5
七纺	qi fang	3
七经路	qi jing lu	1
七美	qi mei	6
七翘八拱	qi qiao ba gong	3
七莘路	qi xin lu	49
七角井	qi jiao jing	7
七角井镇	qi jiao jing zhen	4
七贤岭	qi xian ling	11
七贤桥	qi xian qiao	1
七贤路	qi xian lu	5
七连庄	qi lian zhuang	4
七道堰	qi dao yan	1
七道堰街	qi dao yan jie	5
七道岭乡	qi dao ling xiang	4
七道河	qi dao he	5
七道湾	qi dao wan	5
七里亭村	qi li ting cun	2
七里墩街道	qi li dun jie dao	3
七里山	qi li shan	10
七里山园艺场	qi li shan yuan yi chang	3
七里岗	qi li gang	1
七里庄	qi li zhuang	6
七里店	qi li dian	5
七里庙	qi li miao	3
七里村	qi li cun	6
七里沟	qi li gou	8
七里沟街道	qi li gou jie dao	2
七里渠	qi li qu	3
七里渠西桥	qi li qu xi qiao	2
七里湖街道	qi li hu jie dao	2
七里甸街道	qi li dian jie dao	1
七里畈	qi li fan	3
七里街	qi li jie	7
七里街道	qi li jie dao	5
七里香溪	qi li xiang xi	4
七马路	qi ma lu	7
万丈湖农场	wan zhang hu nong chang	3
万东路	wan dong lu	1
万丰	wan feng	41
万丰村	wan feng cun	4
万丰路南口	wan feng lu nan kou	3
万丰镇	wan feng zhen	4
万事利花园	wan shi li hua yuan	3
万事利集团	wan shi li ji tuan	6
万亩村	wan mu cun	4
万亩榴园	wan mu liu yuan	1
万人餐厅	wan ren can ting	2
万众村	wan zhong cun	3
万佛华侨陵园	wan fo hua qiao ling yuan	7
万佛山	wan fo shan	4
万佳百货	wan jia bai huo	6
万佳通	wan jia tong	4
万全道	wan quan dao	2
万利镇	wan li zhen	2
万博花园	wan bo hua yuan	2
万县市	wan xian shi	16
万合永镇	wan he yong zhen	2
万和源	wan he yuan	4
万和路	wan he lu	7
万商电脑城	wan shang dian nao cheng	3
万国广场	wan guo guang chang	4
万国金色家园	wan guo jin se jia yuan	4
万坪乡	wan ping xiang	3
万坪镇	wan ping zhen	5
万埠	wan bu	1
万基	wan ji	8
万子营	wan zi ying	1
万宁县	wan ning xian	16
万宁桥	wan ning qiao	28
万安山	wan an shan	14
万安村	wan an cun	3
万安路	wan an lu	3
万宜水库	wan yi shui ku	27
万宝湖	wan bao hu	2
万宝街	wan bao jie	1
万家丽	wan jia li	10
万家寨镇	wan jia zhai zhen	3
万家庄	wan jia zhuang	2
万家庄乡	wan jia zhuang xiang	3
万家桥	wan jia qiao	1
万家花城	wan jia hua cheng	1
万富	wan fu	33
万寨港	wan zhai gang	2
万寿中路	wan shou zhong lu	6
万寿公园	wan shou gong yuan	3
万寿场	wan shou chang	1
万寿塔	wan shou ta	4
万寿寺	wan shou si	37
万寿寺街	wan shou si jie	2
万寿庄	wan shou zhuang	2
万寿桥	wan shou qiao	6
万寿禅寺	wan shou chan si	7
万寿西宫	wan shou xi gong	7
万寿路	wan shou lu	24
万寿路北口	wan shou lu bei kou	5
万寿路南口	wan shou lu nan kou	2
万屋边	wan wu bian	1
万山湖	wan shan hu	4
万山特区	wan shan te qu	7
万岁街	wan sui jie	1
万峪河乡	wan yu he xiang	3
万峰林场	wan feng lin chang	2
万川	wan chuan	7
万川路	wan chuan lu	3
万年场	wan nian chang	26
万年场公交宿舍	wan nian chang gong jiao su she	4
万年胡同	wan nian hu tong	1
万年花城	wan nian hua cheng	8
万年路	wan nian lu	13
万庄	wan zhuang	6
万庄村	wan zhuang cun	6
万康	wan kang	1
万德庄	wan de zhuang	2
万德庄南北街	wan de zhuang nan bei jie	2
万德庄大街	wan de zhuang da jie	1
万德路	wan de lu	2
万新村	wan xin cun	6
万方乐奏有于阗	wan fang yue zou you yu tian	6
万春街	wan chun jie	2
万晟现代城	wan sheng xian dai cheng	2
万村村委会	wan cun cun wei hui	2
万杨	wan yang	5
万杰医院	wan jie yi yuan	1
万松岭	wan song ling	9
万松岭路口	wan song ling lu kou	3
万果园	wan guo yuan	3
万柏林区委	wan bai lin qu wei	7
万柳中路	wan liu zhong lu	6
万柳中路北口	wan liu zhong lu bei kou	2
万柳中路南口	wan liu zhong lu nan kou	4
万柳园社区	wan liu yuan she qu	3
万柳村	wan liu cun	4
万柳村大街	wan liu cun da jie	4
万柳村村	wan liu cun cun	2
万柳路	wan liu lu	5
万欣翠园	wan xin cui yuan	3
万民乡	wan min xiang	5
万江共和新城	wan jiang gong he xin cheng	6
万泉寺	wan quan si	7
万泉寺社区	wan quan si she qu	2
万泉庄	wan quan zhuang	9
万泉庄南社区	wan quan zhuang nan she qu	3
万泉河路	wan quan he lu	10
万泉路	wan quan lu	5
万洞	wan dong	4
万源县	wan yuan xian	2
万源市	wan yuan shi	9
万源街西口	wan yuan jie xi kou	2
万源路	wan yuan lu	28
万田	wan tian	6
万田乡政府	wan tian xiang zheng fu	3
万田村	wan tian cun	1
万盛石林	wan sheng shi lin	5
万祠巷	wan ci xiang	3
万福桥	wan fu qiao	3
万福河	wan fu he	10
万福社区	wan fu she qu	7
万福街道	wan fu jie dao	1
万福路	wan fu lu	10
万科上东区	wan ke shang dong qu	3
万科东郡	wan ke dong jun	5
万科光明城市	wan ke guang ming cheng shi	6
万科花园	wan ke hua yuan	9
万科金色家园	wan ke jin se jia yuan	8
万科魅力之城	wan ke mei li zhi cheng	1
万科魅力城	wan ke mei li cheng	4
万红西街	wan hong xi jie	5
万聚庄村	wan ju zhuang cun	3
万胜围	wan sheng wei	23
万航渡路	wan hang du lu	17
万花山乡	wan hua shan xiang	4
万芳桥东	wan fang qiao dong	4
万芳桥北	wan fang qiao bei	2
万英	wan ying	24
万荣小区	wan rong xiao qu	2
万荣路	wan rong lu	8
万虹	wan hong	2
万蛇	wan she	8
万谷	wan gu	2
万象园	wan xiang yuan	1
万载县工业园区	wan zai xian gong ye yuan qu	3
万达华府	wan da hua fu	7
万达江南明珠	wan da jiang nan ming zhu	3
万达紫金明珠	wan da zi jin ming zhu	4
万通大厦	wan tong da sha	1
万里城	wan li cheng	1
万里小区	wan li xiao qu	4
万里新村	wan li xin cun	3
万里桥	wan li qiao	7
万镇路	wan zhen lu	3
万青路街道	wan qing lu jie dao	3
万顺路	wan shun lu	5
万鱼	wan yu	6
万龙	wan long	9
丈人峰	zhang ren feng	1
丈八东村	zhang ba dong cun	4
丈八东路	zhang ba dong lu	3
丈八宾馆	zhang ba bin guan	5
丈八寺镇	zhang ba si zhen	2
三不老胡同	san bu lao hu tong	7
三丘田	san qiu tian	7
三两乡	san liang xiang	2
三中	san zhong	15
三中金山中学	san zhong jin shan zhong xue	3
三中金山校区	san zhong jin shan xiao qu	6
三义庙	san yi miao	11
三义庙社区	san yi miao she qu	4
三义村	san yi cun	3
三义桥	san yi qiao	2
三义泉镇	san yi quan zhen	1
三义里社区	san yi li she qu	2
三乐	san le	8
三乐路	san le lu	1
三乐路口	san le lu kou	1
三九医院	san jiu yi yuan	1
三乡村	san xiang cun	5
三二三医院	san er san yi yuan	4
三二村	san er cun	3
三五一一厂	san wu yi yi chang	3
三井巷	san jing xiang	2
三井胡同	san jing hu tong	4
三交乡	san jiao xiang	6
三会镇	san hui zhen	1
三保市场	san bao shi chang	3
三倒拐街	san dao guai jie	4
三元东桥西	san yuan dong qiao xi	2
三元居委会	san yuan ju wei hui	3
三元庵胡同	san yuan an hu tong	2
三元村	san yuan cun	1
三元桥	san yuan qiao	15
三元桥东站	san yuan qiao dong zhan	4
三元桥北	san yuan qiao bei	3
三元桥西站	san yuan qiao xi zhan	2
三元街	san yuan jie	1
三元路	san yuan lu	1
三元里	san yuan li	35
三兆村	san zhao cun	6
三八广场	san ba guang chang	6
三八村	san ba cun	6
三八路口	san ba lu kou	2
三八镇	san ba zhen	2
三公司	san gong si	11
三兴	san xing	8
三兴街	san xing jie	4
三农场	san nong chang	5
三凌	san ling	4
三凌村	san ling cun	2
三凤镇	san feng zhen	2
三分场	san fen chang	9
三北防护林带	san bei fang hu lin dai	3
三区三社区	san qu san she qu	3
三区二社区	san qu er she qu	3
三区社区	san qu she qu	4
三十中	san shi zhong	7
三十九中	san shi jiu zhong	1
三十六中	san shi liu zhong	4
三十六村	san shi liu cun	5
三十号乡	san shi hao xiang	1
三十四中	san shi si zhong	2
三十四团场	san shi si tuan chang	2
三十埠大桥	san shi bu da qiao	3
三十头乡	san shi tou xiang	5
三十都	san shi du	6
三十里铺	san shi li pu	18
三十顷地	san shi qing di	4
三千路	san qian lu	3
三华天运	san hua tian yun	3
三南	san nan	7
三卫村	san wei cun	4
三县洲大桥	san xian zhou da qiao	2
三叉村	san cha cun	4
三叉街	san cha jie	2
三叉街新村	san cha jie xin cun	5
三叉路	san cha lu	4
三友化工厂	san you hua gong chang	2
三友路北	san you lu bei	2
三友路南	san you lu nan	2
三叠泉	san die quan	16
三古乡	san gu xiang	2
三只耳	san zhi er	2
三台子	san tai zi	6
三台新村	san tai xin cun	2
三叶农场	san ye nong chang	2
三号井	san hao jing	1
三号地村	san hao di cun	2
三号桥	san hao qiao	10
三号桥市场	san hao qiao shi chang	2
三号路	san hao lu	12
三合南里	san he nan li	3
三合口	san he kou	1
三合小区	san he xiao qu	3
三合山	san he shan	2
三合庄	san he zhuang	12
三合庄园	san he zhuang yuan	3
三合店	san he dian	1
三合村委会	san he cun wei hui	4
三合村村委会	san he cun cun wei hui	4
三合街	san he jie	4
三吴	san wu	6
三吴村	san wu cun	2
三和	san he	11
三和学院	san he xue yuan	4
三和小区	san he xiao qu	3
三和开发区	san he kai fa qu	3
三善桥	san shan qiao	3
三嘉乡	san jia xiang	3
三围村	san wei cun	5
三圣寺	san sheng si	5
三圣庙	san sheng miao	5
三圣祠街	san sheng ci jie	3
三圣街	san sheng jie	3
三坑	san keng	8
三坑村	san keng cun	1
三块田	san kuai tian	2
三坝	san ba	7
三坝纳西族乡	san ba na xi zu xiang	2
三坨	san tuo	21
三坪	san ping	26
三坪农场	san ping nong chang	3
三垟	san yang	4
三埠	san bu	9
三埠街道办事处	san bu jie dao ban shi chu	3
三堡公寓	san bao gong yu	2
三堡社区	san bao she qu	1
三堤口街道	san di kou jie dao	2
三塔寺	san ta si	1
三塘公寓	san tang gong yu	5
三塘兰园	san tang lan yuan	3
三塘南村	san tang nan cun	4
三塘小区	san tang xiao qu	6
三塘桂园	san tang gui yuan	3
三塘樱园	san tang ying yuan	3
三塘汶苑	san tang wen yuan	4
三塘竹苑	san tang zhu yuan	1
三墩	san dun	49
三墩村	san dun cun	1
三墩镇政府	san dun zhen zheng fu	4
三多桥	san duo qiao	5
三多路	san duo lu	8
三天竺	san tian zhu	5
三天门	san tian men	3
三天门村	san tian men cun	3
三好街	san hao jie	9
三姓街	san xing jie	3
三娘湾	san niang wan	1
三孔桥	san kong qiao	4
三官堂	san guan tang	19
三官堂街	san guan tang jie	7
三官塘	san guan tang	1
三官庙	san guan miao	42
三官庙村	san guan miao cun	3
三官庙村委会	san guan miao cun wei hui	2
三官村	san guan cun	7
三官殿	san guan dian	32
三官洞林区	san guan dong lin qu	2
三宫回族乡	san gong hui zu xiang	3
三宫殿	san gong dian	4
三家庄	san jia zhuang	6
三家店后街	san jia dian hou jie	2
三家店火车站	san jia dian huo che zhan	1
三家店街道	san jia dian jie dao	3
三家村	san jia cun	41
三家馆乡	san jia guan xiang	6
三将军	san jiang jun	6
三屯碑	san tun bei	16
三山园社区	san shan yuan she qu	2
三山岛	san shan dao	9
三山新新家园	san shan xin xin jia yuan	3
三山村	san shan cun	9
三山矶	san shan ji	1
三山街	san shan jie	17
三山门	san shan men	4
三山陵园	san shan ling yuan	2
三岔口	san cha kou	36
三岔子	san cha zi	6
三岔沟	san cha gou	5
三岔河	san cha he	22
三岔河南站	san cha he nan zhan	3
三岔港	san cha gang	5
三岭	san ling	11
三岭村	san ling cun	6
三岸	san an	18
三峡人才市场	san xia ren cai shi chang	3
三峡农行	san xia nong hang	4
三峡医院	san xia yi yuan	5
三峡卷烟厂	san xia juan yan chang	3
三峡坝区	san xia ba qu	3
三峡大学	san xia da xue	23
三峡学院	san xia xue yuan	9
三峡宾馆	san xia bin guan	1
三峡广场	san xia guang chang	43
三峡镇	san xia zhen	9
三峰	san feng	9
三工街道	san gong jie dao	5
三市	san shi	14
三市立交桥	san shi li jiao qiao	3
三平镇街道	san ping zhen jie dao	2
三广村	san guang cun	4
三庙	san miao	23
三庙乡	san miao xiang	2
三府湾	san fu wan	9
三府湾西口	san fu wan xi kou	2
三座坟	san zuo fen	4
三座桥	san zuo qiao	17
三座桥胡同	san zuo qiao hu tong	1
三廊庙	san lang miao	9
三建中学	san jian zhong xue	3
三建学校	san jian xue xiao	2
三弄乡	san nong xiang	3
三弄瑶族乡	san nong yao zu xiang	3
三张镇	san zhang zhen	1
三德大酒店	san de da jiu dian	3
三思乡	san si xiang	2
三成局村	san cheng ju cun	3
三招	san zhao	12
三教堂	san jiao tang	6
三斗	san dou	7
三新	san xin	11
三新村	san xin cun	2
三新路	san xin lu	6
三星大厦	san xing da sha	3
三星庄	san xing zhuang	3
三星庄南口	san xing zhuang nan kou	2
三星庄村	san xing zhuang cun	1
三星村	san xing cun	1
三星桥	san xing qiao	3
三星酒店	san xing jiu dian	8
三望坡	san wang po	3
三木小区	san mu xiao qu	3
三朱	san zhu	3
三朱村	san zhu cun	3
三村村	san cun cun	4
三条墩	san tiao dun	4
三条巷	san tiao xiang	4
三条石大街	san tiao shi da jie	3
三条营	san tiao ying	9
三板小学	san ban xiao xue	3
三板市场	san ban shi chang	8
三板桥	san ban qiao	11
三林	san lin	11
三林中学	san lin zhong xue	1
三林城	san lin cheng	6
三林塘	san lin tang	4
三林村	san lin cun	4
三栋屋	san dong wu	17
三栋楼	san dong lou	13
三桂	san gui	13
三桂村	san gui cun	5
三桥东	san qiao dong	1
三桥交易市场	san qiao jiao yi shi chang	2
三桥农贸市场	san qiao nong mao shi chang	4
三桥南岸	san qiao nan an	4
三桥村	san qiao cun	2
三梅	san mei	5
三梅村	san mei cun	2
三森国际家居	san sen guo ji jia ju	6
三森建材城	san sen jian cai cheng	3
三槐堂	san huai tang	3
三欧	san ou	4
三欧村	san ou cun	2
三步两桥	san bu liang qiao	1
三殿村	san dian cun	2
三民村	san min cun	14
三民街	san min jie	1
三水厂	san shui chang	3
三水县	san shui xian	33
三水市	san shui shi	46
三水湾小区	san shui wan xiao qu	2
三水湾菜场	san shui wan cai chang	4
三水道	san shui dao	3
三永湖	san yong hu	1
三汊矶大桥	san cha ji da qiao	9
三江县	san jiang xian	3
三江口	san jiang kou	32
三江大道	san jiang da dao	1
三江并流	san jiang bing liu	4
三江村	san jiang cun	1
三江桥	san jiang qiao	5
三江桥头	san jiang qiao tou	3
三江楼	san jiang lou	1
三江汇流	san jiang hui liu	3
三江花园	san jiang hua yuan	3
三江路	san jiang lu	6
三汽公司	san qi gong si	18
三河县	san he xian	46
三河口	san he kou	7
三河口乡	san he kou xiang	1
三河坝乡	san he ba xiang	3
三河尖乡	san he jian xiang	3
三河马场	san he ma chang	3
三沿	san yan	8
三泉	san quan	35
三泉路	san quan lu	4
三泰街	san tai jie	6
三洋村	san yang cun	1
三洞桥街道	san dong qiao jie dao	4
三洪奇	san hong qi	3
三洲	san zhou	29
三洲山村	san zhou shan cun	2
三洲市场	san zhou shi chang	4
三洲村	san zhou cun	2
三洲驿街道	san zhou yi jie dao	6
三浃	san jia	4
三清观	san qing guan	1
三渡	san du	9
三渡水	san du shui	1
三港	san gang	9
三游洞	san you dong	5
三湖村	san hu cun	1
三湘海尚花园	san xiang hai shang hua yuan	4
三湾村	san wan cun	8
三源村	san yuan cun	2
三源胡同	san yuan hu tong	2
三溪村	san xi cun	4
三溪水	san xi shui	3
三溪水库	san xi shui ku	3
三潭路	san tan lu	4
三灶	san zao	38
三灶医院	san zao yi yuan	5
三灶街	san zao jie	3
三灶车站	san zao che zhan	3
三炷香	san zhu xiang	21
三点金	san dian jin	2
三烈乡	san lie xiang	3
三牌楼	san pai lou	23
三猛乡	san meng xiang	1
三王庄村	san wang zhuang cun	4
三王庙	san wang miao	2
三王村	san wang cun	3
三王街	san wang jie	7
三环公司	san huan gong si	6
三环新城英和医院	san huan xin cheng ying he yi yuan	2
三环路口	san huan lu kou	6
三环路川陕立交桥北	san huan lu chuan shan li jiao qiao bei	4
三环路川陕立交桥南	san huan lu chuan shan li jiao qiao nan	5
三环路成渝立交桥北	san huan lu cheng yu li jiao qiao bei	4
三环路成渝立交桥南	san huan lu cheng yu li jiao qiao nan	3
三环路琉璃立交桥南	san huan lu liu li li jiao qiao nan	3
三环路石羊立交桥北	san huan lu shi yang li jiao qiao bei	2
三环路羊犀立交桥北	san huan lu yang xi li jiao qiao bei	3
三环路蓝天立交桥	san huan lu lan tian li jiao qiao	4
三班村	san ban cun	3
三电厂	san dian chang	5
三画	san hua	6
三疗社区	san liao she qu	2
三白山村	san bai shan cun	2
三益公司	san yi gong si	3
三眼井胡同	san yan jing hu tong	2
三眼桥	san yan qiao	17
三眼桥街道	san yan qiao jie dao	5
三码头	san ma tou	4
三福庄	san fu zhuang	4
三秀路	san xiu lu	6
三穗	san sui	17
三窑	san yao	4
三级站	san ji zhan	1
三经街	san jing jie	4
三经路	san jing lu	1
三给村	san gei cun	6
三维桥	san wei qiao	5
三老四严	san lao si yan	1
三联村	san lian cun	4
三股泉村	san gu quan cun	3
三芝乡	san zhi xiang	7
三花石乡	san hua shi xiang	2
三苏木乡	san su mu xiang	3
三营宿舍	san ying su she	3
三营盘	san ying pan	1
三营门	san ying men	1
三营门南	san ying men nan	3
三营门社区	san ying men she qu	4
三街坊	san jie fang	6
三街小学	san jie xiao xue	3
三角井	san jiao jing	3
三角地第一社区	san jiao di di yi she qu	3
三角地第二社区	san jiao di di er she qu	4
三角场	san jiao chang	4
三角坑	san jiao keng	4
三角坝	san jiao ba	1
三角城	san jiao cheng	17
三角埔	san jiao bu	18
三角埕	san jiao cheng	3
三角塘	san jiao tang	1
三角山	san jiao shan	8
三角巷口	san jiao xiang kou	3
三角村	san jiao cun	1
三角桥	san jiao qiao	3
三角池	san jiao chi	1
三角湖	san jiao hu	7
三角窝	san jiao wo	4
三角花园	san jiao hua yuan	24
三角道	san jiao dao	4
三角门	san jiao men	3
三解	san jie	1
三贵街	san gui jie	5
三路口	san lu kou	22
三路居	san lu ju	7
三路居社区	san lu ju she qu	3
三路里镇	san lu li zhen	1
三连点	san lian dian	3
三道关	san dao guan	3
三道堰	san dao yan	7
三道岭	san dao ling	14
三道岭矿区	san dao ling kuang qu	4
三道川乡	san dao chuan xiang	2
三道拐	san dao guai	3
三道栅栏	san dao zha lan	3
三道栅栏胡同	san dao zha lan hu tong	4
三道桥	san dao qiao	9
三道桥镇	san dao qiao zhen	1
三道沟	san dao gou	10
三道沟村	san dao gou cun	2
三道湾	san dao wan	2
三郎桥	san lang qiao	3
三里	san li	11
三里亭	san li ting	5
三里亭小区	san li ting xiao qu	1
三里亭村	san li ting cun	3
三里垅	san li long	5
三里墩	san li dun	1
三里庄	san li zhuang	4
三里店	san li dian	4
三里店大圆盘	san li dian da yuan pan	1
三里村	san li cun	5
三里桥路	san li qiao lu	3
三里河一区社区	san li he yi qu she qu	3
三里河东口	san li he dong kou	3
三里河东路南口	san li he dong lu nan kou	5
三里河乡	san li he xiang	2
三里洞街道	san li dong jie dao	3
三里湾街道	san li wan jie dao	3
三重市	san chong shi	24
三金药业	san jin yao ye	1
三锅乡	san guo xiang	5
三长村	san chang cun	1
三门中学	san men zhong xue	5
三门村	san men cun	1
三门滩	san men tan	1
三门路	san men lu	7
三门里	san men li	4
三间房东村	san jian fang dong cun	2
三间房西村	san jian fang xi cun	2
三阳村	san yang cun	5
三阳路	san yang lu	2
三陂	san bei	2
三雁	san yan	3
三青村	san qing cun	3
三马路	san ma lu	16
三高公司	san gao gong si	3
三高农业示范区	san gao nong ye shi fan qu	2
三高路	san gao lu	6
三黄庄村	san huang zhuang cun	2
三龙村	san long cun	1
上三路	shang san lu	2
上三路口	shang san lu kou	4
上三里	shang san li	4
上下九步行街	shang xia jiu bu xing jie	6
上下川	shang xia chuan	2
上东国际	shang dong guo ji	7
上东廓	shang dong kuo	5
上东村	shang dong cun	2
上中	shang zhong	11
上中西路	shang zhong xi lu	6
上中路	shang zhong lu	4
上丰村	shang feng cun	2
上九东	shang jiu dong	1
上云	shang yun	9
上云村	shang yun cun	2
上亚东乡	shang ya dong xiang	5
上伊	shang yi	5
上佳市	shang jia shi	1
上佳市小学	shang jia shi xiao xue	3
上佳市市场	shang jia shi shi chang	3
上僚	shang liao	5
上元门	shang yuan men	4
上党郡	shang dang jun	41
上八寨乡	shang ba zhai xiang	4
上八庙镇	shang ba miao zhen	4
上兰街道	shang lan jie dao	4
上农新村	shang nong xin cun	4
上冯村	shang feng cun	3
上冲总站	shang chong zong zhan	7
上冲检查站	shang chong jian cha zhan	1
上净水	shang jing shui	1
上凹	shang ao	5
上北良村	shang bei liang cun	2
上升乡	shang sheng xiang	1
上升村	shang sheng cun	6
上午通	shang wu tong	3
上华	shang hua	7
上华村	shang hua cun	5
上南中学	shang nan zhong xue	6
上南二村	shang nan er cun	3
上南新村	shang nan xin cun	2
上南村	shang nan cun	3
上南花苑	shang nan hua yuan	3
上南路	shang nan lu	44
上厅	shang ting	6
上厅村	shang ting cun	2
上厝	shang cuo	4
上厝村	shang cuo cun	2
上司乡	shang si xiang	4
上司源乡	shang si yuan xiang	4
上合村	shang he cun	6
上后街	shang hou jie	4
上吴村	shang wu cun	4
上周村	shang zhou cun	1
上喇叭	shang la ba	6
上团	shang tuan	7
上团乡	shang tuan xiang	2
上园	shang yuan	8
上围新村	shang wei xin cun	2
上固乡	shang gu xiang	2
上国强胡同	shang guo qiang hu tong	2
上圩村	shang wei cun	4
上地	shang di	11
上地七街	shang di qi jie	5
上地五街	shang di wu jie	2
上地佳园	shang di jia yuan	4
上地南口	shang di nan kou	4
上地南路	shang di nan lu	5
上地村	shang di cun	2
上地桥东	shang di qiao dong	3
上地环岛东	shang di huan dao dong	3
上地环岛南	shang di huan dao nan	3
上坂村	shang ban cun	3
上坊	shang fang	15
上坑	shang keng	6
上坑村	shang keng cun	6
上坡坑	shang po keng	3
上坪寨乡	shang ping zhai xiang	3
上城区秋涛路	shang cheng qu qiu tao lu	2
上城风景	shang cheng feng jing	5
上埔	shang pu	3
上埠	shang bu	8
上堡村	shang bao cun	7
上堰	shang yan	3
上塘村	shang tang cun	1
上塘路口	shang tang lu kou	6
上塘路舟山路口	shang tang lu zhou shan lu kou	3
上墩	shang dun	2
上壤塘乡	shang rang tang xiang	4
上大垅	shang da long	5
上大垅街道	shang da long jie dao	3
上大城	shang da cheng	3
上天竺	shang tian zhu	30
上妙	shang miao	11
上姚	shang yao	5
上姚村	shang yao cun	4
上姜	shang jiang	5
上宁桥	shang ning qiao	4
上宅	shang zhai	7
上宋	shang song	6
上官坊乡	shang guan fang xiang	3
上宜园	shang yi yuan	2
上宝	shang bao	6
上察隅镇	shang cha yu zhen	6
上寨	shang zhai	12
上寨村	shang zhai cun	6
上寺店乡	shang si dian xiang	2
上小河	shang xiao he	2
上尧	shang yao	6
上尧村	shang yao cun	5
上屋村	shang wu cun	2
上屯	shang tun	4
上山排	shang shan pai	4
上山村	shang shan cun	9
上山溪	shang shan xi	2
上岗头	shang gang tou	3
上岙	shang ao	2
上岭	shang ling	6
上峡乡	shang xia xiang	4
上川岛	shang chuan dao	24
上川路	shang chuan lu	1
上布	shang bu	7
上帅镇	shang shuai zhen	2
上帝王	shang di wang	3
上庄水库	shang zhuang shui ku	7
上庄站	shang zhuang zhan	1
上库力农场	shang ku li nong chang	4
上店	shang dian	7
上店路口	shang dian lu kou	2
上延河	shang yan he	2
上张村	shang zhang cun	4
上徐	shang xu	6
上徐村	shang xu cun	1
上德	shang de	8
上忍	shang ren	5
上怡二村	shang yi er cun	1
上怡新村	shang yi xin cun	5
上户沟哈萨克民族乡	shang hu gou ha sa ke min zu xiang	4
上扬村	shang yang cun	3
上护	shang hu	6
上拉秀乡	shang la xiu xiang	7
上新城乡	shang xin cheng xiang	4
上新塘	shang xin tang	3
上新屋	shang xin wu	1
上新庄	shang xin zhuang	21
上新村	shang xin cun	6
上新河	shang xin he	3
上方村	shang fang cun	5
上方门	shang fang men	1
上旺	shang wang	4
上明乡	shang ming xiang	2
上春	shang chun	11
上春村	shang chun cun	4
上智村	shang zhi cun	2
上朗	shang lang	5
上望	shang wang	9
上木拉乡	shang mu la xiang	2
上木村	shang mu cun	1
上村仔	shang cun zai	2
上村小学	shang cun xiao xue	3
上村村	shang cun cun	1
上村社区	shang cun she qu	2
上杨回族乡	shang yang hui zu xiang	3
上杨村	shang yang cun	5
上杭路	shang hang lu	3
上杭路芳馨园	shang hang lu fang xin yuan	2
上林村	shang lin cun	13
上林湖	shang lin hu	10
上林苑	shang lin yuan	38
上林苑小区	shang lin yuan xiao qu	4
上林苑社区	shang lin yuan she qu	2
上柴厂	shang chai chang	2
上栅	shang zha	1
上栗	shang li	12
上栗区	shang li qu	2
上格	shang ge	6
上桥街道	shang qiao jie dao	2
上梅林	shang mei lin	3
上梧江瑶族乡	shang wu jiang yao zu xiang	5
上楼村	shang lou cun	5
上楼背	shang lou bei	3
上横街	shang heng jie	5
上步中学	shang bu zhong xue	6
上步中路	shang bu zhong lu	1
上步北路	shang bu bei lu	6
上步南路	shang bu nan lu	1
上步码头	shang bu ma tou	5
上步路	shang bu lu	3
上水头	shang shui tou	1
上水径	shang shui jing	3
上水流	shang shui liu	7
上水磨村	shang shui mo cun	4
上江	shang jiang	8
上江考棚	shang jiang kao peng	2
上江路	shang jiang lu	6
上沙	shang sha	9
上沙新村	shang sha xin cun	4
上沙村	shang sha cun	1
上沙河	shang sha he	1
上沙街	shang sha jie	6
上沟	shang gou	7
上河坝	shang he ba	1
上河头	shang he tou	3
上河村	shang he cun	8
上河湾	shang he wan	6
上河溪乡	shang he xi xiang	4
上河滨	shang he bin	2
上河街街道	shang he jie jie dao	2
上河西	shang he xi	4
上泉	shang quan	4
上泉村	shang quan cun	1
上洋	shang yang	40
上洋村	shang yang cun	6
上洋桥	shang yang qiao	2
上洋路	shang yang lu	3
上洛阳	shang luo yang	4
上洞	shang dong	7
上洞街乡	shang dong jie xiang	5
上洲	shang zhou	6
上浦	shang pu	7
上浦村	shang pu cun	1
上浦路	shang pu lu	2
上浮桥	shang fu qiao	3
上海东路	shang hai dong lu	1
上海中学	shang hai zhong xue	25
上海体育场	shang hai ti yu chang	18
上海体育馆	shang hai ti yu guan	17
上海儿童医学中心	shang hai er tong yi xue zhong xin	5
上海农产品市场	shang hai nong chan pin shi chang	2
上海农学院	shang hai nong xue yuan	7
上海华联	shang hai hua lian	6
上海南汇区周浦镇	shang hai nan hui qu zhou pu zhen	2
上海南汇区惠南镇	shang hai nan hui qu hui nan zhen	2
上海南汇区芦潮港镇	shang hai nan hui qu lu chao gang zhen	2
上海口	shang hai kou	6
上海嘉定区南翔镇	shang hai jia ding qu nan xiang zhen	5
上海嘉定区外冈镇	shang hai jia ding qu wai gang zhen	2
上海嘉定区安亭镇	shang hai jia ding qu an ting zhen	4
上海嘉定区徐行镇	shang hai jia ding qu xu xing zhen	4
上海嘉定区江桥镇	shang hai jia ding qu jiang qiao zhen	1
上海嘉定区马陆镇	shang hai jia ding qu ma lu zhen	4
上海嘉定区黄渡镇	shang hai jia ding qu huang du zhen	3
上海奉贤区南桥镇	shang hai feng xian qu nan qiao zhen	1
上海奉贤区四团镇	shang hai feng xian qu si tuan zhen	3
上海奉贤区头桥镇	shang hai feng xian qu tou qiao zhen	3
上海奉贤区庄行镇	shang hai feng xian qu zhuang xing zhen	3
上海奉贤区金汇镇	shang hai feng xian qu jin hui zhen	4
上海奉贤区青村镇	shang hai feng xian qu qing cun zhen	2
上海宾馆	shang hai bin guan	6
上海崇明县城桥镇	shang hai chong ming xian cheng qiao zhen	4
上海崇明县庙镇	shang hai chong ming xian miao zhen	3
上海工业综合开发区	shang hai gong ye zong he kai fa qu	4
上海师大	shang hai shi da	6
上海新村	shang hai xin cun	1
上海春城	shang hai chun cheng	5
上海机床厂	shang hai ji chuang chang	17
上海松江区九亭镇	shang hai song jiang qu jiu ting zhen	5
上海松江区叶榭镇	shang hai song jiang qu ye xie zhen	4
上海松江区新桥镇	shang hai song jiang qu xin qiao zhen	4
上海松江区新浜镇	shang hai song jiang qu xin bang zhen	3
上海松江区泖港镇	shang hai song jiang qu mao gang zhen	2
上海松江区泗泾镇	shang hai song jiang qu si jing zhen	4
上海松江区洞泾镇	shang hai song jiang qu dong jing zhen	3
上海松江区石湖荡镇	shang hai song jiang qu shi hu dang zhen	2
上海松江区车墩镇	shang hai song jiang qu che dun zhen	1
上海植物园	shang hai zhi wu yuan	12
上海浦东新区三林镇	shang hai pu dong xin qu san lin zhen	4
上海浦东新区北蔡镇	shang hai pu dong xin qu bei cai zhen	3
上海浦东新区合庆镇	shang hai pu dong xin qu he qing zhen	3
上海浦东新区唐镇	shang hai pu dong xin qu tang zhen	4
上海浦东新区花木镇	shang hai pu dong xin qu hua mu zhen	2
上海浦东新区金桥镇	shang hai pu dong xin qu jin qiao zhen	4
上海浦东新区高东镇	shang hai pu dong xin qu gao dong zhen	2
上海浦东新区高桥镇	shang hai pu dong xin qu gao qiao zhen	3
上海浦东新区高行镇	shang hai pu dong xin qu gao xing zhen	2
上海游泳馆	shang hai you yong guan	5
上海火车站	shang hai huo che zhan	31
上海莘城	shang hai xin cheng	2
上海西新村	shang hai xi xin cun	4
上海西站	shang hai xi zhan	10
上海金山区兴塔镇	shang hai jin shan qu xing ta zhen	2
上海金山区吕巷镇	shang hai jin shan qu lv xiang zhen	4
上海金山区山阳镇	shang hai jin shan qu shan yang zhen	3
上海金山区廊下镇	shang hai jin shan qu lang xia zhen	4
上海金山区朱泾镇	shang hai jin shan qu zhu jing zhen	3
上海金山区枫泾镇	shang hai jin shan qu feng jing zhen	1
上海金山区漕泾镇	shang hai jin shan qu cao jing zhen	4
上海金山区金山卫镇	shang hai jin shan qu jin shan wei zhen	4
上海闵行区七宝镇	shang hai min hang qu qi bao zhen	5
上海闵行区华漕镇	shang hai min hang qu hua cao zhen	5
上海闵行区吴泾镇	shang hai min hang qu wu jing zhen	4
上海闵行区梅陇镇	shang hai min hang qu mei long zhen	6
上海闵行区浦江镇	shang hai min hang qu pu jiang zhen	5
上海闵行区莘庄镇	shang hai min hang qu xin zhuang zhen	5
上海闵行区虹桥镇	shang hai min hang qu hong qiao zhen	3
上海闵行区颛桥镇	shang hai min hang qu zhuan qiao zhen	4
上海闵行区马桥镇	shang hai min hang qu ma qiao zhen	4
上海青浦区华新镇	shang hai qing pu qu hua xin zhen	3
上海青浦区徐泾镇	shang hai qing pu qu xu jing zhen	2
上海青浦区朱家角镇	shang hai qing pu qu zhu jia jiao zhen	3
上海青浦区白鹤镇	shang hai qing pu qu bai he zhen	3
上海青浦区练塘镇	shang hai qing pu qu lian tang zhen	3
上海青浦区赵巷镇	shang hai qing pu qu zhao xiang zhen	3
上海青浦区重固镇	shang hai qing pu qu zhong gu zhen	4
上海青浦区金泽镇	shang hai qing pu qu jin ze zhen	3
上涌村	shang yong cun	5
上深井	shang shen jing	2
上深水	shang shen shui	4
上深涧乡	shang shen jian xiang	4
上清	shang qing	9
上清宫	shang qing gong	6
上清寺	shang qing si	14
上清水	shang qing shui	5
上渡	shang du	13
上湖	shang hu	7
上湖村	shang hu cun	3
上溪村	shang xi cun	4
上滩头	shang tan tou	3
上漫	shang man	4
上潞园小区	shang lu yuan xiao qu	5
上灯村	shang deng cun	3
上灶	shang zao	1
上烟村	shang yan cun	2
上狮村	shang shi cun	3
上王家坪	shang wang jia ping	2
上环桥村	shang huan qiao cun	2
上田坝乡	shang tian ba xiang	4
上田村	shang tian cun	3
上甸子村	shang dian zi cun	1
上石	shang shi	7
上石堡	shang shi bao	3
上石家	shang shi jia	3
上石村	shang shi cun	3
上碧湘街	shang bi xiang jie	4
上磨山	shang mo shan	3
上祝	shang zhu	6
上祠堂	shang ci tang	4
上秃亥乡	shang tu hai xiang	4
上秦村	shang qin cun	3
上窑	shang yao	9
上站	shang zhan	12
上肖墙	shang xiao qiang	1
上肚子	shang du zi	4
上舍村	shang she cun	3
上花园村	shang hua yuan cun	3
上花岔乡	shang hua cha xiang	5
上苑	shang yuan	8
上英	shang ying	6
上营	shang ying	7
上营子	shang ying zi	3
上营子村	shang ying zi cun	1
上葫芦	shang hu lu	7
上蒋	shang jiang	6
上蒲溪瑶族乡	shang pu xi yao zu xiang	6
上虹新村	shang hong xin cun	2
上街镇政府	shang jie zhen zheng fu	5
上西办事处	shang xi ban shi chu	2
上西坑	shang xi keng	2
上西坑村	shang xi keng cun	3
上西市村	shang xi shi cun	2
上西村	shang xi cun	5
上西顺城街	shang xi shun cheng jie	3
上贡麻乡	shang gong ma xiang	3
上赵村	shang zhao cun	3
上路头	shang lu tou	3
上路村	shang lu cun	3
上车上	shang che shang	6
上辇	shang nian	3
上辛堡信用社	shang xin bao xin yong she	4
上辛堡村	shang xin bao cun	5
上逸园	shang yi yuan	3
上郎村	shang lang cun	3
上郝庄村	shang hao zhuang cun	5
上郭	shang guo	6
上郭乡	shang guo xiang	3
上都村	shang du cun	2
上金龙	shang jin long	3
上鉴	shang jian	3
上钢一厂	shang gang yi chang	1
上钢三厂	shang gang san chang	7
上钢三村	shang gang san cun	2
上钢新村	shang gang xin cun	2
上钢路	shang gang lu	5
上钱村	shang qian cun	3
上镇	shang zhen	7
上阁	shang ge	14
上阮	shang ruan	4
上阳	shang yang	6
上陂	shang bei	3
上降乡	shang jiang xiang	3
上陡门	shang dou men	5
上陡门住宅区	shang dou men zhu zhai qu	5
上青山	shang qing shan	5
上饶地区	shang rao di qu	3
上马墩	shang ma dun	3
上马墩街道	shang ma dun jie dao	5
上高寨乡	shang gao zhai xiang	3
上高桥回族彝族苗族乡	shang gao qiao hui zu yi zu miao zu xiang	3
上鸡	shang ji	6
上龙潭	shang long tan	3
上龛乡	shang kan xiang	7
下丁家	xia ding jia	1
下东洲	xia dong zhou	2
下亚东乡	xia ya dong xiang	4
下仓	xia cang	5
下付	xia fu	3
下份	xia fen	5
下伍堡	xia wu bao	1
下会村	xia hui cun	3
下元市场	xia yuan shi chang	2
下元街道	xia yuan jie dao	4
下八寨乡	xia ba zhai xiang	2
下关后	xia guan hou	3
下关街道	xia guan jie dao	3
下农场	xia nong chang	5
下农家	xia nong jia	7
下冻镇	xia dong zhen	5
下刘	xia liu	6
下包	xia bao	7
下十号村	xia shi hao cun	3
下南山	xia nan shan	4
下南路	xia nan lu	4
下卢	xia lu	4
下厝	xia cuo	38
下原	xia yuan	7
下双乡	xia shuang xiang	2
下双坑	xia shuang keng	2
下后街	xia hou jie	2
下吕浦	xia lv pu	8
下唐刀胡同	xia tang dao hu tong	3
下喇叭	xia la ba	7
下喇叭乡	xia la ba xiang	5
下地村	xia di cun	4
下场镇	xia chang zhen	3
下坂	xia ban	5
下坂峪村	xia ban yu cun	4
下坂村	xia ban cun	1
下坊	xia fang	2
下坑	xia keng	8
下坑村	xia keng cun	2
下坝子	xia ba zi	3
下坡屯	xia po tun	4
下坦	xia tan	3
下坪村	xia ping cun	6
下垄	xia long	3
下垅	xia long	3
下垟乡	xia yang xiang	3
下垵村	xia an cun	1
下城区石桥路	xia cheng qu shi qiao lu	4
下埔	xia pu	21
下埔村	xia pu cun	4
下埔社区	xia pu she qu	2
下埠	xia bu	1
下堡村	xia bao cun	5
下塘村	xia tang cun	6
下墓	xia mu	9
下墩	xia dun	5
下大垅	xia da long	5
下大城	xia da cheng	3
下大塘	xia da tang	3
下夹河乡	xia jia he xiang	3
下孟乡	xia meng xiang	2
下宁桥	xia ning qiao	4
下宅	xia zhai	14
下宅村	xia zhai cun	5
下宫	xia gong	6
下宫村	xia gong cun	10
下宫村乡	xia gong cun xiang	2
下寅	xia yin	4
下寨	xia zhai	14
下寮村	xia liao cun	3
下尾	xia wei	6
下尾村	xia wei cun	4
下屋	xia wu	22
下屋场	xia wu chang	2
下屯	xia tun	4
下山后村	xia shan hou cun	2
下山坝	xia shan ba	3
下山头	xia shan tou	1
下山村	xia shan cun	1
下山溪	xia shan xi	4
下岐村	xia qi cun	4
下岗胡同	xia gang hu tong	3
下岙	xia ao	8
下岩	xia yan	5
下岩石	xia yan shi	7
下岭	xia ling	2
下岭头	xia ling tou	3
下岭村	xia ling cun	4
下岸	xia an	3
下川岛	xia chuan dao	17
下巷	xia xiang	8
下布	xia bu	5
下库	xia ku	6
下应	xia ying	10
下底塘	xia di tang	3
下庙	xia miao	6
下廿里铺乡	xia nian li pu xiang	2
下张	xia zhang	8
下径	xia jing	4
下德	xia de	5
下念头村	xia nian tou cun	3
下房村	xia fang cun	3
下拉秀乡	xia la xiu xiang	1
下拖	xia tuo	8
下拱桥	xia gong qiao	2
下摄司街道	xia she si jie dao	8
下斜街	xia xie jie	4
下新厝	xia xin cuo	31
下新屋	xia xin wu	3
下新屋村	xia xin wu cun	3
下旺	xia wang	4
下昂村	xia ang cun	2
下星	xia xing	4
下曲村	xia qu cun	2
下曲镇	xia qu zhen	1
下曾村	xia ceng cun	2
下木拉乡	xia mu la xiang	3
下木村	xia mu cun	3
下木角乡	xia mu jiao xiang	3
下朱庄街道	xia zhu zhuang jie dao	2
下朱村	xia zhu cun	4
下李乡	xia li xiang	2
下村村	xia cun cun	5
下杖	xia zhang	3
下杨	xia yang	5
下杨村	xia yang cun	5
下板泉	xia ban quan	4
下林	xia lin	6
下林村	xia lin cun	2
下枣林乡	xia zao lin xiang	3
下柏村	xia bai cun	4
下栅	xia zha	4
下栅检查站	xia zha jian cha zhan	6
下格	xia ge	7
下格村	xia ge cun	2
下梅林	xia mei lin	1
下梅林市场	xia mei lin shi chang	5
下楼角	xia lou jiao	3
下步庙	xia bu miao	4
下段	xia duan	11
下水乡	xia shui xiang	1
下水头	xia shui tou	4
下水头乡	xia shui tou xiang	3
下水底	xia shui di	3
下水径	xia shui jing	3
下水磨	xia shui mo	4
下水磨村	xia shui mo cun	4
下水腰村	xia shui yao cun	3
下江乡	xia jiang xiang	4
下江村	xia jiang cun	4
下汤村	xia tang cun	1
下沙城	xia sha cheng	3
下沙小学	xia sha xiao xue	5
下沙村	xia sha cun	3
下沙河	xia sha he	3
下沙综合市场	xia sha zong he shi chang	3
下沙高教东区	xia sha gao jiao dong qu	6
下沙高教文津站	xia sha gao jiao wen jin zhan	6
下沙高教文溯站	xia sha gao jiao wen su zhan	5
下沟小学	xia gou xiao xue	2
下河坝	xia he ba	5
下河坝街	xia he ba jie	2
下河湾	xia he wan	2
下河滨	xia he bin	2
下河街	xia he jie	10
下泉	xia quan	4
下洋村	xia yang cun	4
下洛阳	xia luo yang	4
下洪	xia hong	4
下洪村	xia hong cun	5
下洼	xia wa	6
下洼子	xia wa zi	4
下浦街道	xia pu jie dao	4
下海乡	xia hai xiang	2
下海口	xia hai kou	23
下涂	xia tu	4
下涌	xia yong	9
下涌村	xia yong cun	2
下涝坝乡	xia lao ba xiang	5
下淀	xia dian	7
下深井	xia shen jing	1
下渡	xia du	8
下渡乡	xia du xiang	4
下港	xia gang	6
下湄桥街道	xia mei qiao jie dao	6
下湾	xia wan	6
下溪村	xia xi cun	5
下漫	xia man	3
下灯村	xia deng cun	3
下灶	xia zao	2
下灶村	xia zao cun	3
下炉村	xia lu cun	1
下烟村	xia yan cun	2
下玲村	xia ling cun	2
下瑶	xia yao	1
下疃	xia tuan	4
下白	xia bai	7
下白石	xia bai shi	2
下石堡	xia shi bao	2
下石家	xia shi jia	3
下石村	xia shi cun	5
下码头	xia ma tou	8
下碧湘街	xia bi xiang jie	5
下祭	xia ji	3
下窝	xia wo	5
下窝头镇	xia wo tou zhen	3
下站街道	xia zhan jie dao	4
下罗	xia luo	6
下罗乡	xia luo xiang	1
下舍村	xia she cun	3
下花园村	xia hua yuan cun	3
下苇店	xia wei dian	5
下苇甸	xia wei dian	6
下苑村	xia yuan cun	4
下茶村	xia cha cun	2
下莲池	xia lian chi	1
下营子	xia ying zi	1
下营藏族乡	xia ying zang zu xiang	3
下董	xia dong	4
下蔡	xia cai	37
下藏科乡	xia zang ke xiang	3
下裴	xia pei	3
下西	xia xi	7
下西坑	xia xi keng	4
下西坑村	xia xi keng cun	3
下西坝	xia xi ba	1
下西市	xia xi shi	3
下西社区	xia xi she qu	2
下许	xia xu	5
下谢	xia xie	6
下谢村	xia xie cun	2
下贡麻乡	xia gong ma xiang	3
下车上	xia che shang	8
下车子	xia che zi	5
下辛堡村	xia xin bao cun	5
下辛庄	xia xin zhuang	5
下郑	xia zheng	4
下郭街道	xia guo jie dao	4
下都	xia du	13
下都村	xia du cun	4
下金厂乡	xia jin chang xiang	2
下金龙路口	xia jin long lu kou	2
下钱东村	xia qian dong cun	4
下钱村	xia qian cun	5
下镇	xia zhen	6
下镇村	xia zhen cun	5
下陂	xia bei	3
下陈	xia chen	7
下隆	xia long	4
下雄乡	xia xiong xiang	4
下面高乡	xia mian gao xiang	4
下马岭	xia ma ling	1
下马峪乡	xia ma yu xiang	2
下马崖乡	xia ma ya xiang	7
下马庄	xia ma zhuang	11
下马石	xia ma shi	1
下马陵	xia ma ling	10
下麦地乡	xia mai di xiang	3
下黄	xia huang	7
下黄村	xia huang cun	4
下黎家坡	xia li jia po	4
下龙潭	xia long tan	1
不落教	bu luo jiao	3
不连沟	bu lian gou	4
且拖乡	qie tuo xiang	1
且莫乡	qie mo xiang	3
世埠	shi bu	4
世家星城	shi jia xing cheng	1
世涛天朗小区	shi tao tian lang xiao qu	2
世界乐园	shi jie le yuan	6
世界公园	shi jie gong yuan	14
世界地热博览园	shi jie di re bo lan yuan	6
世界花卉大观园	shi jie hua hui da guan yuan	9
世界路	shi jie lu	6
世科	shi ke	3
世科坊	shi ke fang	5
世纪华城	shi ji hua cheng	5
世纪嘉园	shi ji jia yuan	6
世纪城东区社区	shi ji cheng dong qu she qu	2
世纪城市花园	shi ji cheng shi hua yuan	3
世纪城西区社区	shi ji cheng xi qu she qu	3
世纪大街	shi ji da jie	7
世纪大道北侧	shi ji da dao bei ce	4
世纪小学	shi ji xiao xue	6
世纪尚城	shi ji shang cheng	2
世纪新城	shi ji xin cheng	5
世纪明珠园	shi ji ming zhu yuan	4
世纪星城	shi ji xing cheng	7
世纪村	shi ji cun	1
世纪桥	shi ji qiao	4
世纪百盛	shi ji bai sheng	4
世纪花园	shi ji hua yuan	19
世纪花苑	shi ji hua yuan	3
世纪苑	shi ji yuan	6
世纪茗苑	shi ji ming yuan	3
世纪街	shi ji jie	5
世茂滨江新城	shi mao bin jiang xin cheng	5
世贸广场	shi mao guang chang	11
丘东平	qiu dong ping	1
丘山	qiu shan	49
丙厝	bing cuo	3
丙州	bing zhou	1
丙底乡	bing di xiang	3
丙所	bing suo	3
业田	ye tian	14
丛台路	cong tai lu	5
丛山村	cong shan cun	3
丛式井	cong shi jing	5
丛罗峪镇	cong luo yu zhen	4
东一	dong yi	12
东一条路	dong yi tiao lu	3
东一楼	dong yi lou	1
东一里	dong yi li	1
东七条	dong qi tiao	1
东七楼	dong qi lou	3
东七经路	dong qi jing lu	2
东七路	dong qi lu	4
东三召乡	dong san zhao xiang	2
东三旗	dong san qi	12
东三旗南站	dong san qi nan zhan	2
东三旗路口	dong san qi lu kou	2
东三条街	dong san tiao jie	3
东三楼	dong san lou	3
东三环路五段	dong san huan lu wu duan	5
东三环路四段	dong san huan lu si duan	5
东三街道	dong san jie dao	3
东三里	dong san li	7
东上园	dong shang yuan	4
东下塘	dong xia tang	3
东不压桥胡同	dong bu ya qiao hu tong	5
东中华路	dong zhong hua lu	5
东中胡同	dong zhong hu tong	3
东主楼	dong zhu lou	1
东丽经济开发区	dong li jing ji kai fa qu	3
东丽经济技术开发区	dong li jing ji ji shu kai fa qu	3
东乌珠尔苏木	dong wu zhu er su mu	2
东乐	dong le	15
东乐花园	dong le hua yuan	1
东九	dong jiu	34
东九教学楼	dong jiu jiao xue lou	4
东九楼	dong jiu lou	2
东二	dong er	11
东二中心村	dong er zhong xin cun	4
东二旗	dong er qi	3
东二旗村	dong er qi cun	1
东二条街	dong er tiao jie	5
东二楼	dong er lou	1
东二环	dong er huan	44
东二路口	dong er lu kou	4
东二里	dong er li	5
东五楼	dong wu lou	4
东五经路	dong wu jing lu	2
东五路	dong wu lu	3
东五里营村	dong wu li ying cun	3
东井	dong jing	6
东井亭	dong jing ting	6
东井岭乡	dong jing ling xiang	3
东井新村	dong jing xin cun	3
东井村	dong jing cun	7
东亭	dong ting	23
东付村	dong fu cun	5
东仙坡	dong xian po	4
东仪福利区	dong yi fu li qu	3
东仪路	dong yi lu	1
东会乡	dong hui xiang	3
东体育会路	dong ti yu hui lu	11
东侧路	dong ce lu	6
东便村	dong bian cun	4
东便门	dong bian men	29
东信大道闻涛路口	dong xin da dao wen tao lu kou	2
东光小区	dong guang xiao qu	1
东光村	dong guang cun	2
东光胡同	dong guang hu tong	3
东光花园	dong guang hua yuan	2
东八号乡	dong ba hao xiang	1
东八家户	dong ba jia hu	1
东八村	dong ba cun	2
东八楼	dong ba lou	1
东八路	dong ba lu	1
东八里庄	dong ba li zhuang	2
东八里村	dong ba li cun	5
东八间房	dong ba jian fang	7
东六楼	dong liu lou	1
东六经路	dong liu jing lu	3
东兰路	dong lan lu	12
东关上	dong guan shang	4
东关南街街道	dong guan nan jie jie dao	6
东关后街	dong guan hou jie	2
东关大桥	dong guan da qiao	1
东关头	dong guan tou	5
东关村委会	dong guan cun wei hui	3
东关村村委会	dong guan cun cun wei hui	4
东关桥	dong guan qiao	2
东关正街	dong guan zheng jie	8
东关菜市场	dong guan cai shi chang	3
东关街	dong guan jie	33
东兴办事处	dong xing ban shi chu	4
东兴大街	dong xing da jie	2
东兴大道	dong xing da dao	1
东兴立交桥	dong xing li jiao qiao	2
东兴街	dong xing jie	3
东兴路	dong xing lu	35
东兴路立交桥	dong xing lu li jiao qiao	2
东内小街	dong nei xiao jie	6
东冉村	dong ran cun	2
东冠村	dong guan cun	4
东冠集团	dong guan ji tuan	4
东冲	dong chong	15
东冶头镇	dong ye tou zhen	4
东凉村	dong liang cun	2
东凌	dong ling	6
东凤	dong feng	13
东凤山村	dong feng shan cun	3
东刘庄	dong liu zhuang	3
东利市营	dong li shi ying	2
东利市营胡同	dong li shi ying hu tong	3
东北七街	dong bei qi jie	2
东北园	dong bei yuan	2
东北园胡同	dong bei yuan hu tong	3
东北大街	dong bei da jie	10
东北大马路	dong bei da ma lu	13
东北庄	dong bei zhuang	6
东北快速路	dong bei kuai su lu	1
东北旺	dong bei wang	2
东北旺中路	dong bei wang zhong lu	5
东北旺北	dong bei wang bei	3
东北旺土井村	dong bei wang tu jing cun	3
东北旺西口	dong bei wang xi kou	3
东北电	dong bei dian	4
东北电力学院	dong bei dian li xue yuan	1
东北社区	dong bei she qu	4
东北街	dong bei jie	6
东北街村委会	dong bei jie cun wei hui	3
东北郊新区	dong bei jiao xin qu	4
东十二	dong shi er	3
东十二教学楼	dong shi er jiao xue lou	4
东十二楼	dong shi er lou	2
东十楼	dong shi lou	2
东十里堡村	dong shi li pu cun	3
东升医院	dong sheng yi yuan	6
东升厂	dong sheng chang	3
东升园	dong sheng yuan	5
东升大厦	dong sheng da sha	5
东升大酒店	dong sheng da jiu dian	3
东升小区	dong sheng xiao qu	2
东升幼儿园	dong sheng you er yuan	4
东升村	dong sheng cun	11
东升社区	dong sheng she qu	3
东升街	dong sheng jie	1
东升路	dong sheng lu	6
东华东	dong hua dong	15
东华东路	dong hua dong lu	1
东华南	dong hua nan	1
东华土家族苗族乡	dong hua tu jia zu miao zu xiang	2
东华山	dong hua shan	1
东华村	dong hua cun	3
东华社区	dong hua she qu	6
东华西路	dong hua xi lu	7
东华路	dong hua lu	1
东单公园	dong dan gong yuan	5
东南乡	dong nan xiang	8
东南医院	dong nan yi yuan	3
东南园	dong nan yuan	3
东南园胡同	dong nan yuan hu tong	3
东南坊	dong nan fang	4
东南城角	dong nan cheng jiao	1
东南山	dong nan shan	12
东南村	dong nan cun	2
东南次	dong nan ci	3
东南电视台	dong nan dian shi tai	3
东南眼科医院	dong nan yan ke yi yuan	1
东南研垡村	dong nan yan fa cun	2
东南花园	dong nan hua yuan	4
东南街	dong nan jie	5
东南造船厂	dong nan zao chuan chang	5
东博寮海峡	dong bo liao hai xia	1
东厂胡同	dong chang hu tong	6
东厅社区	dong ting she qu	3
东双山	dong shuang shan	2
东古	dong gu	7
东召乡	dong zhao xiang	2
东台县	dong tai xian	19
东台市	dong tai shi	21
东台路	dong tai lu	6
东合	dong he	13
东合村	dong he cun	1
东吉祥胡同	dong ji xiang hu tong	3
东吕	dong lv	4
东周各庄	dong zhou ge zhuang	2
东周庄	dong zhou zhuang	3
东周村	dong zhou cun	4
东咀	dong zui	2
东和春天	dong he chun tian	1
东喜乡	dong xi xiang	2
东四七条	dong si qi tiao	8
东四三条	dong si san tiao	3
东四九条	dong si jiu tiao	1
东四二条	dong si er tiao	1
东四五条	dong si wu tiao	2
东四八条	dong si ba tiao	4
东四六条	dong si liu tiao	7
东四十一条	dong si shi yi tiao	6
东四十二条	dong si shi er tiao	2
东四十条	dong si shi tiao	30
东四十条桥	dong si shi tiao qiao	1
东四十条桥东	dong si shi tiao qiao dong	1
东四十条桥南	dong si shi tiao qiao nan	4
东四十条桥西	dong si shi tiao qiao xi	4
东四四条	dong si si tiao	1
东四头条	dong si tou tiao	1
东四楼	dong si lou	4
东四站	dong si zhan	6
东四管理区	dong si guan li qu	4
东四经路	dong si jing lu	3
东团堡乡	dong tuan bao xiang	4
东园小区	dong yuan xiao qu	6
东园开发区	dong yuan kai fa qu	2
东园村	dong yuan cun	1
东园镇政府	dong yuan zhen zheng fu	2
东围	dong wei	3
东圃	dong pu	40
东圃镇	dong pu zhen	7
东土城乡	dong tu cheng xiang	3
东土城路	dong tu cheng lu	7
东土城路南口	dong tu cheng lu nan kou	3
东土山	dong tu shan	1
东土村	dong tu cun	3
东场	dong chang	5
东坂	dong ban	13
东坂村	dong ban cun	1
东坊	dong fang	12
东坊城乡	dong fang cheng xiang	1
东坑公园	dong keng gong yuan	1
东坑坪	dong keng ping	2
东坑山	dong keng shan	4
东坑村	dong keng cun	4
东坝中街	dong ba zhong jie	5
东坝中路	dong ba zhong lu	6
东坝中路南口	dong ba zhong lu nan kou	3
东坝南	dong ba nan	6
东坝家园	dong ba jia yuan	5
东坝建材城	dong ba jian cai cheng	4
东坝西北门	dong ba xi bei men	3
东坞村	dong wu cun	3
东坡场	dong po chang	2
东坡底乡	dong po di xiang	3
东坡路	dong po lu	35
东坡路平海路口	dong po lu ping hai lu kou	5
东坡路庆春路口	dong po lu qing chun lu kou	5
东坡镇	dong po zhen	3
东坡雅居	dong po ya ju	2
东坪路	dong ping lu	4
东垟	dong yang	4
东垡村	dong fa cun	3
东埂	dong geng	1
东城世家	dong cheng shi jia	5
东城办事处	dong cheng ban shi chu	7
东城区沙滩后街	dong cheng qu sha tan hou jie	2
东城天下	dong cheng tian xia	1
东城根上街	dong cheng gen shang jie	1
东城根南街	dong cheng gen nan jie	1
东城水岸	dong cheng shui an	1
东城花园	dong cheng hua yuan	6
东城雅筑	dong cheng ya zhu	2
东城驾校	dong cheng jia xiao	3
东埔	dong pu	41
东埔三村	dong pu san cun	2
东埔村	dong pu cun	6
东埔路	dong pu lu	2
东埕村	dong cheng cun	4
东埠	dong bu	7
东埭村	dong dai cun	3
东堂子胡同	dong tang zi hu tong	3
东堤村	dong di cun	4
东堤横街	dong di heng jie	2
东塔机场	dong ta ji chang	20
东塔桥	dong ta qiao	4
东塘	dong tang	35
东塘村	dong tang cun	4
东塱	dong lang	7
东增	dong zeng	7
东墟乡	dong xu xiang	2
东墩	dong dun	1
东墩街道	dong dun jie dao	4
东壁	dong bi	41
东夏	dong xia	22
东外大街社区	dong wai da jie she qu	5
东外斜街	dong wai xie jie	1
东外环路	dong wai huan lu	6
东大坝	dong da ba	2
东大屯乡	dong da tun xiang	3
东大幼儿园	dong da you er yuan	4
东大村	dong da cun	1
东大桥	dong da qiao	41
东大梁村	dong da liang cun	3
东大河	dong da he	2
东大滩乡	dong da tan xiang	1
东大营	dong da ying	4
东大街北口	dong da jie bei kou	3
东大街南口	dong da jie nan kou	5
东大街居委会	dong da jie ju wei hui	3
东大道乡	dong da dao xiang	1
东大陈村	dong da chen cun	3
东大院	dong da yuan	8
东太乡	dong tai xiang	2
东太堡	dong tai bao	2
东太平街社区	dong tai ping jie she qu	2
东头工业区	dong tou gong ye qu	5
东头村	dong tou cun	24
东夹道	dong jia dao	4
东套里村	dong tao li cun	4
东姚村	dong yao cun	5
东姜村	dong jiang cun	5
东孔兑镇	dong kong dui zhen	2
东孙	dong sun	1
东孚	dong fu	9
东孟家庄	dong meng jia zhuang	2
东宁巷	dong ning xiang	2
东宁市场	dong ning shi chang	2
东宅	dong zhai	6
东宅村	dong zhai cun	4
东安分局	dong an fen ju	5
东安南路	dong an nan lu	6
东安大街	dong an da jie	4
东安市场	dong an shi chang	10
东安庄	dong an zhuang	3
东安新村	dong an xin cun	4
东安福胡同	dong an fu hu tong	14
东安街头条社区	dong an jie tou tiao she qu	2
东安路	dong an lu	13
东官坊村	dong guan fang cun	3
东官房	dong guan fang	1
东官房胡同	dong guan fang hu tong	4
东宝兴路	dong bao xing lu	3
东宝嘉景苑	dong bao jia jing yuan	3
东宝路口	dong bao lu kou	4
东宝道	dong bao dao	2
东宝镇	dong bao zhen	3
东寨	dong zhai	10
东寮村	dong liao cun	4
东寺头乡	dong si tou xiang	2
东寺峪村	dong si yu cun	3
东寺庄	dong si zhuang	3
东寺渠	dong si qu	1
东小井	dong xiao jing	4
东小区	dong xiao qu	4
东小口	dong xiao kou	1
东小口东	dong xiao kou dong	3
东小口地区	dong xiao kou di qu	7
东小口村委会	dong xiao kou cun wei hui	4
东小寨村	dong xiao zhai cun	5
东小庄	dong xiao zhuang	4
东小河	dong xiao he	3
东小河屯	dong xiao he tun	3
东小营	dong xiao ying	5
东小门	dong xiao men	3
东尚社区	dong shang she qu	5
东局子	dong ju zi	5
东屯	dong tun	6
东屯乡	dong tun xiang	3
东屯村村委会	dong tun cun cun wei hui	2
东屯渡	dong tun du	2
东山仔	dong shan zai	1
东山侗族乡	dong shan dong zu xiang	5
东山公园	dong shan gong yuan	6
东山农场	dong shan nong chang	1
东山加油站	dong shan jia you zhan	4
东山口总站	dong shan kou zong zhan	4
东山圩村	dong shan xu cun	3
东山坡社区	dong shan po she qu	3
东山大道	dong shan da dao	3
东山头	dong shan tou	6
东山寨	dong shan zhai	1
东山寺	dong shan si	8
东山小区	dong shan xiao qu	1
东山岭	dong shan ling	7
东山峰	dong shan feng	7
东山峰农场	dong shan feng nong chang	4
东山峰管理区	dong shan feng guan li qu	6
东山广场	dong shan guang chang	1
东山底村	dong shan di cun	1
东山总站	dong shan zong zhan	1
东山林场	dong shan lin chang	1
东山湾海域	dong shan wan hai yu	7
东山花园	dong shan hua yuan	2
东山路口	dong shan lu kou	14
东山隧道	dong shan sui dao	2
东屿	dong yu	9
东屿村	dong yu cun	1
东岗子	dong gang zi	2
东岗小学	dong gang xiao xue	2
东岗岭	dong gang ling	2
东岗街道	dong gang jie dao	6
东岗西路街道	dong gang xi lu jie dao	6
东岙	dong ao	8
东岭	dong ling	31
东岭村	dong ling cun	4
东岱	dong dai	18
东岱乡	dong dai xiang	2
东岳寺	dong yue si	3
东岳庙	dong yue miao	45
东岳村	dong yue cun	3
东岳社区	dong yue she qu	5
东岳街道	dong yue jie dao	1
东峻广场	dong jun guang chang	4
东川市	dong chuan shi	1
东川村	dong chuan cun	1
东川路	dong chuan lu	30
东工业区	dong gong ye qu	4
东巴扎回族乡	dong ba zha hui zu xiang	3
东市区	dong shi qu	19
东市场	dong shi chang	46
东市场社区	dong shi chang she qu	2
东平总站	dong ping zong zhan	3
东平村口	dong ping cun kou	3
东平派出所	dong ping pai chu suo	5
东平里	dong ping li	24
东广村	dong guang cun	3
东广街道	dong guang jie dao	1
东庄头	dong zhuang tou	5
东庄子	dong zhuang zi	4
东庄社区	dong zhuang she qu	5
东庆街	dong qing jie	5
东庙	dong miao	31
东庵	dong an	9
东康各庄	dong kang ge zhuang	2
东康路	dong kang lu	4
东庸村	dong yong cun	3
东建世纪广场	dong jian shi ji guang chang	7
东建乡	dong jian xiang	3
东建街	dong jian jie	6
东张	dong zhang	7
东张孟乡	dong zhang meng xiang	3
东张村	dong zhang cun	1
东影	dong ying	12
东径	dong jing	1
东御河沿街	dong yu he yan jie	6
东总布社区	dong zong bu she qu	2
东总布胡同	dong zong bu hu tong	4
东恒阳光嘉园	dong heng yang guang jia yuan	2
东戈壁	dong ge bi	32
东押堤村	dong ya di cun	3
东教场	dong jiao chang	2
东教场胡同	dong jiao chang hu tong	6
东文山乡	dong wen shan xiang	3
东新东路	dong xin dong lu	2
东新园南门	dong xin yuan nan men	3
东新园小区	dong xin yuan xiao qu	6
东新城市花园	dong xin cheng shi hua yuan	4
东新帘子胡同	dong xin lian zi hu tong	2
东新开胡同	dong xin kai hu tong	4
东新村	dong xin cun	3
东新苑	dong xin yuan	2
东新街	dong xin jie	12
东新路	dong xin lu	20
东方中学	dong fang zhong xue	9
东方乐园	dong fang le yuan	2
东方俊园	dong fang jun yuan	2
东方公寓	dong fang gong yu	1
东方化工厂	dong fang hua gong chang	3
东方医院	dong fang yi yuan	36
东方县	dong fang xian	7
东方商城	dong fang shang cheng	4
东方国贸	dong fang guo mao	5
东方地铁站	dong fang di tie zhan	2
东方城	dong fang cheng	1
东方夏湾拿	dong fang xia wan na	5
东方大厦	dong fang da sha	2
东方大学城高尔夫球场	dong fang da xue cheng gao er fu qiu chang	3
东方大市场	dong fang da shi chang	6
东方大酒店	dong fang da jiu dian	5
东方天郡	dong fang tian jun	6
东方太阳城	dong fang tai yang cheng	7
东方家园	dong fang jia yuan	9
东方家园家具广场	dong fang jia yuan jia ju guang chang	3
东方广场街道	dong fang guang chang jie dao	6
东方文化园	dong fang wen hua yuan	6
东方时代广场	dong fang shi dai guang chang	6
东方时尚驾校	dong fang shi shang jia xiao	3
东方明珠花园	dong fang ming zhu hua yuan	5
东方景苑	dong fang jing yuan	3
东方机械厂	dong fang ji xie chang	2
东方村	dong fang cun	2
东方润园	dong fang run yuan	1
东方电视台	dong fang dian shi tai	39
东方红广场	dong fang hong guang chang	16
东方红煤矿	dong fang hong mei kuang	5
东方红路	dong fang hong lu	3
东方花园	dong fang hua yuan	3
东方豪园	dong fang hao yuan	2
东方超市	dong fang chao shi	6
东方路	dong fang lu	43
东方路乳山路	dong fang lu ru shan lu	1
东方路南	dong fang lu nan	2
东方通信大厦	dong fang tong xin da sha	3
东方金座	dong fang jin zuo	2
东方银座	dong fang yin zuo	4
东方食品厂	dong fang shi pin chang	3
东方高尔夫球场	dong fang gao er fu qiu chang	6
东方黎族自治县	dong fang li zu zi zhi xian	1
东旭	dong xu	46
东旭村	dong xu cun	5
东旭花园	dong xu hua yuan	4
东旺	dong wang	16
东旺胡同	dong wang hu tong	3
东昇路	dong sheng lu	4
东昌总站	dong chang zong zhan	2
东昌村	dong chang cun	3
东昌路	dong chang lu	16
东昌路地铁站	dong chang lu di tie zhan	5
东昌路渡口	dong chang lu du kou	6
东明村	dong ming cun	6
东明胡同	dong ming hu tong	3
东星	dong xing	43
东星村	dong xing cun	5
东星社区	dong xing she qu	4
东星路	dong xing lu	2
东晁村	dong chao cun	3
东晋桃园	dong jin tao yuan	4
东晓南路	dong xiao nan lu	8
东晖星城	dong hui xing cheng	3
东景花园	dong jing hua yuan	4
东智义胡同	dong zhi yi hu tong	5
东曲	dong qu	5
东曲街道	dong qu jie dao	3
东曹营村	dong cao ying cun	4
东月	dong yue	7
东望街	dong wang jie	7
东木头市	dong mu tou shi	8
东朱庄村	dong zhu zhuang cun	2
东村家园南门	dong cun jia yuan nan men	2
东村居委会	dong cun ju wei hui	3
东村村	dong cun cun	2
东村牌坊	dong cun pai fang	3
东村社区	dong cun she qu	5
东杜村	dong du cun	4
东来	dong lai	10
东杨庄	dong yang zhuang	4
东松树胡同	dong song shu hu tong	3
东林寺	dong lin si	28
东林村	dong lin cun	3
东林路	dong lin lu	1
东柳	dong liu	3
东柳村村委会	dong liu cun cun wei hui	2
东校区体育馆	dong xiao qu ti yu guan	5
东桂村	dong gui cun	3
东桂街	dong gui jie	2
东桃园胡同	dong tao yuan hu tong	3
东桑园	dong sang yuan	4
东桥	dong qiao	39
东桥村	dong qiao cun	3
东梁庄	dong liang zhuang	2
东梁村村委会	dong liang cun cun wei hui	5
东梁街道	dong liang jie dao	2
东梅	dong mei	8
东梅社区	dong mei she qu	3
东棉花胡同	dong mian hua hu tong	1
东槐里胡同	dong huai li hu tong	2
东横街	dong heng jie	7
东武威路	dong wu wei lu	2
东水井胡同	dong shui jing hu tong	4
东水泉	dong shui quan	1
东水路口	dong shui lu kou	3
东汝乡	dong ru xiang	4
东江村	dong jiang cun	1
东江路	dong jiang lu	5
东江道	dong jiang dao	3
东沃	dong wo	5
东沅	dong yuan	2
东沈村	dong shen cun	4
东沙公路	dong sha gong lu	3
东沙各庄	dong sha ge zhuang	3
东沙大道	dong sha da dao	7
东沙开发区	dong sha kai fa qu	4
东沟	dong gou	40
东沟路	dong gou lu	2
东河下	dong he xia	3
东河沿	dong he yan	6
东河花园	dong he hua yuan	1
东河锦园	dong he jin yuan	4
东沿村	dong yan cun	1
东泉	dong quan	30
东泉乡	dong quan xiang	4
东泰路	dong tai lu	1
东洋村	dong yang cun	5
东洞	dong dong	5
东洞庭湖管委会	dong dong ting hu guan wei hui	3
东洲	dong zhou	48
东洲商务公寓	dong zhou shang wu gong yu	2
东洲坑	dong zhou keng	2
东流路	dong liu lu	2
东浜村	dong bang cun	2
东浦	dong pu	34
东浦社区	dong pu she qu	3
东浦镇政府	dong pu zhen zheng fu	3
东海中学	dong hai zhong xue	7
东海公园	dong hai gong yuan	1
东海学院	dong hai xue yuan	9
东海小学	dong hai xiao xue	15
东海未名园	dong hai wei ming yuan	1
东海海域	dong hai hai yu	20
东海渔村	dong hai yu cun	1
东海湾	dong hai wan	10
东海滨城	dong hai bin cheng	3
东海花园	dong hai hua yuan	2
东海镇政府	dong hai zhen zheng fu	4
东涌中学	dong chong zhong xue	3
东涌湾	dong chong wan	1
东涧河	dong jian he	5
东深河	dong shen he	5
东清苑	dong qing yuan	3
东渚镇	dong zhu zhen	4
东渡路	dong du lu	6
东温泉	dong wen quan	3
东港市	dong gang shi	15
东港路	dong gang lu	5
东湖三路	dong hu san lu	3
东湖二路	dong hu er lu	2
东湖公园	dong hu gong yuan	28
东湖医院	dong hu yi yuan	1
东湖塘	dong hu tang	4
东湖客运站	dong hu ke yun zhan	1
东湖小学	dong hu xiao xue	6
东湖居委会	dong hu ju wei hui	2
东湖开发区	dong hu kai fa qu	1
东湖影院	dong hu ying yuan	2
东湖新技术开发区	dong hu xin ji shu kai fa qu	3
东湖新村	dong hu xin cun	7
东湖春晓	dong hu chun xiao	6
东湖村	dong hu cun	13
东湖汽车站	dong hu qi che zhan	5
东湖港	dong hu gang	1
东湖社区	dong hu she qu	1
东湖花园	dong hu hua yuan	11
东湖路	dong hu lu	23
东湖路口	dong hu lu kou	6
东湖酒业公司	dong hu jiu ye gong si	2
东湖镇政府	dong hu zhen zheng fu	4
东湖风景区	dong hu feng jing qu	6
东湖高中	dong hu gao zhong	1
东湖高新	dong hu gao xin	27
东湾	dong wan	32
东湾子村	dong wan zi cun	1
东源大厦	dong yuan da sha	2
东溪口	dong xi kou	4
东溪村	dong xi cun	3
东溪河	dong xi he	3
东溪河乡	dong xi he xiang	1
东滨河路	dong bin he lu	7
东滨河路社区	dong bin he lu she qu	4
东滩村	dong tan cun	7
东漖北路	dong jiao bei lu	7
东漖镇	dong jiao zhen	4
东漳堡乡	dong zhang bao xiang	4
东潞州村	dong lu zhou cun	2
东澳岛	dong ao dao	16
东澳村	dong ao cun	5
东澳湾	dong ao wan	2
东灶港	dong zao gang	1
东炮台	dong pao tai	17
东煤厂胡同	dong mei chang hu tong	2
东牛角峪村	dong niu jiao yu cun	2
东牛角胡同	dong niu jiao hu tong	2
东玉北街社区	dong yu bei jie she qu	2
东王佐北	dong wang zuo bei	3
东王化营村	dong wang hua ying cun	4
东王坡乡	dong wang po xiang	3
东王庄	dong wang zhuang	2
东王庄村委会	dong wang zhuang cun wei hui	2
东王村	dong wang cun	7
东环北路	dong huan bei lu	1
东环路	dong huan lu	36
东珠新村	dong zhu xin cun	4
东瓜山	dong gua shan	2
东瓜市	dong gua shi	4
东甘池	dong gan chi	4
东田庄	dong tian zhuang	3
东田村	dong tian cun	6
东田村村委会	dong tian cun cun wei hui	2
东疆	dong jiang	28
东白疃村	dong bai tuan cun	2
东白鱼潭社区	dong bai yu tan she qu	2
东皇村	dong huang cun	4
东直门内	dong zhi men nei	11
东直门北小街北口	dong zhi men bei xiao jie bei kou	4
东直门北小街南口	dong zhi men bei xiao jie nan kou	5
东直门外	dong zhi men wai	12
东直门长途汽车站	dong zhi men chang tu qi che zhan	6
东石一	dong shi yi	3
东石槽胡同	dong shi cao hu tong	2
东社村	dong she cun	6
东社街道	dong she jie dao	3
东祥路	dong xiang lu	5
东秀庄乡	dong xiu zhuang xiang	3
东秀路	dong xiu lu	4
东移北扩	dong yi bei kuo	5
东窑	dong yao	5
东窑子	dong yao zi	1
东立交	dong li jiao	7
东站菜市场	dong zhan cai shi chang	4
东等驾坡	dong deng jia po	4
东粱乡	dong liang xiang	2
东红	dong hong	8
东红寺	dong hong si	3
东红村	dong hong cun	5
东绒线胡同	dong rong xian hu tong	4
东绦胡同	dong tao hu tong	4
东缉虎营	dong ji hu ying	7
东罗圈胡同	dong luo quan hu tong	4
东羊市	dong yang shi	6
东羊管胡同	dong yang guan hu tong	2
东美	dong mei	7
东美小区	dong mei xiao qu	2
东美村	dong mei cun	1
东美社区	dong mei she qu	4
东翠路口	dong cui lu kou	1
东老庄	dong lao zhuang	2
东联	dong lian	28
东胜县	dong sheng xian	10
东胜坊	dong sheng fang	2
东胜市	dong sheng shi	6
东胜路	dong sheng lu	1
东胡林	dong hu lin	3
东舍墩村	dong she dun cun	3
东良各庄村	dong liang ge zhuang cun	2
东花厅胡同	dong hua ting hu tong	1
东花市	dong hua shi	3
东花沟村	dong hua gou cun	2
东苇路	dong wei lu	7
东苇路北口	dong wei lu bei kou	2
东苑公寓	dong yuan gong yu	3
东苑小学	dong yuan xiao xue	5
东茅岭街道	dong mao ling jie dao	5
东茅街	dong mao jie	5
东茶食胡同	dong cha shi hu tong	2
东草马路	dong cao ma lu	3
东莞庄	dong guan zhuang	4
东莞庄路	dong guan zhuang lu	2
东莲	dong lian	2
东莲村	dong lian cun	1
东莺新村	dong ying xin cun	2
东菜园	dong cai yuan	5
东菜园小区	dong cai yuan xiao qu	2
东菜园村	dong cai yuan cun	3
东菜园村村委会	dong cai yuan cun cun wei hui	3
东菜园社区	dong cai yuan she qu	4
东营子	dong ying zi	1
东营房	dong ying fang	3
东葫芦峪村	dong hu lu yu cun	3
东蒂汶	dong di wen	4
东蒋村	dong jiang cun	1
东蒲洼街道	dong pu wa jie dao	3
东虹路口	dong hong lu kou	4
东街口	dong jie kou	41
东街居委会	dong jie ju wei hui	1
东街村委会	dong jie cun wei hui	3
东街村村委会	dong jie cun cun wei hui	3
东衡村	dong heng cun	1
东裱褙胡同	dong biao bei hu tong	2
东西主干道	dong xi zhu gan dao	6
东西塔	dong xi ta	7
东西快速干道	dong xi kuai su gan dao	8
东西村	dong xi cun	6
东西湖	dong xi hu	43
东角头	dong jiao tou	1
东谷	dong gu	36
东贯市	dong guan shi	3
东贺村	dong he cun	3
东路街道	dong lu jie dao	4
东软信息学院	dong ruan xin xi xue yuan	2
东较场	dong jiao chang	2
东辉职校	dong hui zhi xiao	5
东辛屯	dong xin tun	4
东辛庄	dong xin zhuang	3
东辛庄村委会	dong xin zhuang cun wei hui	3
东辛店	dong xin dian	3
东辛店村村委会	dong xin dian cun cun wei hui	3
东辛房	dong xin fang	6
东辛房村	dong xin fang cun	2
东辛撞村	dong xin zhuang cun	2
东辛称村	dong xin cheng cun	3
东边村	dong bian cun	2
东边社区	dong bian she qu	3
东迁村	dong qian cun	3
东通化街道	dong tong hua jie dao	2
东通顺街	dong tong shun jie	5
东逸湾	dong yi wan	7
东道口	dong dao kou	1
东郊农场	dong jiao nong chang	4
东郊小镇	dong jiao xiao zhen	1
东郊第一职工医院	dong jiao di yi zhi gong yi yuan	4
东郊车管所	dong jiao che guan suo	5
东部校区	dong bu xiao qu	1
东都	dong du	9
东都花园	dong du hua yuan	5
东里南社区	dong li nan she qu	4
东里村	dong li cun	6
东里解	dong li jie	5
东鑫	dong xin	2
东铁匠胡同	dong tie jiang hu tong	4
东铁营桥东	dong tie ying qiao dong	2
东长安街	dong chang an jie	33
东长沟村	dong chang gou cun	3
东长治路	dong chang zhi lu	2
东门中	dong men zhong	6
东门仓胡同	dong men cang hu tong	4
东门北路	dong men bei lu	7
东门口	dong men kou	22
东门大桥	dong men da qiao	21
东门市场	dong men shi chang	10
东门村	dong men cun	9
东门桥	dong men qiao	9
东门社区	dong men she qu	3
东门街	dong men jie	17
东门路	dong men lu	17
东闸	dong zha	2
东阳县	dong yang xian	42
东阳市	dong yang shi	34
东阳村	dong yang cun	4
东阳街	dong yang jie	5
东阶	dong jie	3
东陆公路	dong lu gong lu	2
东陆新村	dong lu xin cun	1
东陆路	dong lu lu	1
东陵区	dong ling qu	6
东雷乡	dong lei xiang	3
东青	dong qing	40
东韩寨村委会	dong han zhai cun wei hui	2
东顺城街	dong shun cheng jie	1
东风东	dong feng dong	2
东风中	dong feng zhong	1
东风中学	dong feng zhong xue	5
东风中路	dong feng zhong lu	1
东风仪表厂	dong feng yi biao chang	1
东风傈僳族乡	dong feng li su zu xiang	2
东风南路	dong feng nan lu	4
东风场区	dong feng chang qu	5
东风大桥	dong feng da qiao	2
东风大街	dong feng da jie	3
东风大酒店	dong feng da jiu dian	7
东风小学	dong feng xiao xue	1
东风居委会	dong feng ju wei hui	4
东风工业区	dong feng gong ye qu	4
东风市场	dong feng shi chang	6
东风新村	dong feng xin cun	6
东风日产专营店	dong feng ri chan zhuan ying dian	8
东风桥	dong feng qiao	7
东风桥东	dong feng qiao dong	4
东风桥北	dong feng qiao bei	2
东风桥南	dong feng qiao nan	4
东风渠	dong feng qu	12
东风立交桥	dong feng li jiao qiao	2
东风街	dong feng jie	3
东风西路	dong feng xi lu	9
东风设计院	dong feng she ji yuan	3
东风路街道	dong feng lu jie dao	4
东风里	dong feng li	6
东风铁路桥	dong feng tie lu qiao	3
东香	dong xiang	3
东馨园社区	dong xin yuan she qu	4
东马各庄	dong ma ge zhuang	4
东马各庄桥	dong ma ge zhuang qiao	2
东马尾帽胡同	dong ma wei mao hu tong	6
东马庄	dong ma zhuang	5
东马棚街	dong ma peng jie	2
东马路	dong ma lu	2
东马道	dong ma dao	3
东驿达村	dong yi da cun	2
东高	dong gao	9
东高各庄	dong gao ge zhuang	2
东高地	dong gao di	27
东高庄村	dong gao zhuang cun	5
东高新	dong gao xin	1
东鲁	dong lu	38
东黄坨镇	dong huang tuo zhen	2
东黄城乡	dong huang cheng xiang	3
东黄城根北口	dong huang cheng gen bei kou	2
东龙湾村	dong long wan cun	3
丝国	si guo	3
丝窝乡	si wo xiang	2
丝绸之路宾馆	si chou zhi lu bin guan	3
丝绸博物馆	si chou bo wu guan	4
丝绸群雕	si chou qun diao	5
丝绸路	si chou lu	1
丝罗乡	si luo xiang	4
丝路花城	si lu hua cheng	6
两口塘	liang kou tang	6
两城	liang cheng	12
两头塘	liang tou tang	3
两家子	liang jia zi	17
两家子村	liang jia zi cun	1
两寺渡	liang si du	6
两山口	liang shan kou	4
两岔乡	liang cha xiang	4
两林乡	liang lin xiang	7
两水苗族乡	liang shui miao zu xiang	1
两江乡	liang jiang xiang	1
两江四湖	liang jiang si hu	6
两江国际机场	liang jiang guo ji ji chang	3
两河口	liang he kou	32
两河流域	liang he liu yu	41
两路口	liang lu kou	44
两间房乡	liang jian fang xiang	4
严中路	yan zhong lu	3
严伟	yan wei	5
严向东	yan xiang dong	5
严家乡	yan jia xiang	2
严家圩村	yan jia wei cun	2
严家宅	yan jia zhai	3
严家山	yan jia shan	1
严家弄	yan jia long	6
严家弄口	yan jia long kou	4
严家村	yan jia cun	7
严家渠	yan jia qu	4
严家潭	yan jia tan	3
严家祠	yan jia ci	5
严家院子	yan jia yuan zi	3
严庄村	yan zhuang cun	3
严昆	yan kun	4
严杨路	yan yang lu	2
个旧市	ge jiu shi	20
丫他镇	ya ta zhen	1
丫头子	ya tou zi	20
丫河	ya he	1
丫角山	ya jiao shan	3
中下村	zhong xia cun	4
中东村	zhong dong cun	3
中云办事处	zhong yun ban shi chu	4
中云村	zhong yun cun	4
中五井乡	zhong wu jing xiang	4
中亚北路	zhong ya bei lu	6
中亚广场	zhong ya guang chang	4
中亭乡	zhong ting xiang	3
中亭街	zhong ting jie	15
中亭街口	zhong ting jie kou	3
中仓	zhong cang	6
中俄伊犁条约	zhong e yi li tiao yue	4
中俄北京条约	zhong e bei jing tiao yue	28
中保	zhong bao	37
中信城	zhong xin cheng	8
中信广场	zhong xin guang chang	3
中共武安市委	zhong gong wu an shi wei	4
中共綦江县委	zhong gong qi jiang xian wei	2
中关园	zhong guan yuan	1
中关园北站	zhong guan yuan bei zhan	3
中关村一街	zhong guan cun yi jie	3
中关村东路	zhong guan cun dong lu	4
中兴公园	zhong xing gong yuan	3
中兴北路	zhong xing bei lu	2
中兴南路	zhong xing nan lu	6
中兴大厦	zhong xing da sha	1
中兴大桥	zhong xing da qiao	2
中兴大道	zhong xing da dao	2
中兴小区	zhong xing xiao qu	4
中兴广场	zhong xing guang chang	1
中兴村	zhong xing cun	8
中兴街	zhong xing jie	37
中凉新村	zhong liang xin cun	4
中凌	zhong ling	8
中创	zhong chuang	14
中北学院	zhong bei xue yuan	7
中北新村	zhong bei xin cun	2
中北桥	zhong bei qiao	1
中北花园	zhong bei hua yuan	2
中北路	zhong bei lu	10
中北路口	zhong bei lu kou	4
中医分院	zhong yi fen yuan	3
中医总院	zhong yi zong yuan	5
中医附院	zhong yi fu yuan	3
中十六	zhong shi liu	4
中十六联合站	zhong shi liu lian he zhan	3
中华人民共和国首都	zhong hua ren min gong he guo shou du	4
中华新村	zhong hua xin cun	4
中华新路	zhong hua xin lu	6
中华村	zhong hua cun	17
中华橡胶厂	zhong hua xiang jiao chang	10
中华民族园	zhong hua min zu yuan	26
中华船厂	zhong hua chuan chang	3
中华西路	zhong hua xi lu	13
中华门	zhong hua men	20
中南乡	zhong nan xiang	3
中南医院	zhong nan yi yuan	24
中南商场	zhong nan shang chang	1
中南大学铁道学院	zhong nan da xue tie dao xue yuan	1
中南市场	zhong nan shi chang	7
中南百草园	zhong nan bai cao yuan	4
中南美	zhong nan mei	21
中南道	zhong nan dao	2
中南酒店	zhong nan jiu dian	3
中原小区	zhong yuan xiao qu	5
中原路	zhong yuan lu	32
中县	zhong xian	8
中吉乌	zhong ji wu	1
中咀岭乡	zhong zui ling xiang	2
中和中学	zhong he zhong xue	1
中和市	zhong he shi	18
中和老车站	zhong he lao che zhan	1
中和街	zhong he jie	23
中和西镇	zhong he xi zhen	4
中咱	zhong zan	3
中咱乡	zhong zan xiang	3
中嘉路	zhong jia lu	2
中国公安大学	zhong guo gong an da xue	9
中国农业大学东校区	zhong guo nong ye da xue dong xiao qu	5
中国农业大学西校区	zhong guo nong ye da xue xi xiao qu	4
中国农业科学院南门	zhong guo nong ye ke xue yuan nan men	2
中国农业科学院印刷厂	zhong guo nong ye ke xue yuan yin shua chang	3
中国农科院社区	zhong guo nong ke yuan she qu	2
中国华艺广播公司	zhong guo hua yi guang bo gong si	1
中国地名	zhong guo di ming	30
中国强胡同	zhong guo qiang hu tong	4
中国戏曲学院	zhong guo xi qu xue yuan	33
中国政法大学昌平	zhong guo zheng fa da xue chang ping	5
中国武装警察部队	zhong guo wu zhuang jing cha bu dui	3
中国气象局社区	zhong guo qi xiang ju she qu	4
中国水泥厂	zhong guo shui ni chang	3
中国现代文学馆	zhong guo xian dai wen xue guan	17
中国石榴之乡	zhong guo shi liu zhi xiang	5
中国科技馆	zhong guo ke ji guan	4
中国科技馆东门	zhong guo ke ji guan dong men	3
中国经济时报社	zhong guo jing ji shi bao she	2
中国轻纺城	zhong guo qing fang cheng	8
中土乡	zhong tu xiang	3
中坝	zhong ba	35
中坞	zhong wu	2
中坪	zhong ping	9
中坪乡	zhong ping xiang	3
中坪村	zhong ping cun	1
中城康桥花园	zhong cheng kang qiao hua yuan	2
中埠	zhong bu	7
中堡	zhong bao	7
中堡子村	zhong bao zi cun	5
中堡苗族乡	zhong bao miao zu xiang	2
中塅	zhong duan	3
中塘	zhong tang	5
中壤塘乡	zhong rang tang xiang	3
中大五院	zhong da wu yuan	8
中大南门	zhong da nan men	5
中大屯村	zhong da tun cun	2
中大广场	zhong da guang chang	1
中大颐和湾	zhong da yi he wan	3
中天名园	zhong tian ming yuan	2
中天竺	zhong tian zhu	21
中天门	zhong tian men	24
中央主楼	zhong yang zhu lou	3
中央党校东站	zhong yang dang xiao dong zhan	3
中央党校北门	zhong yang dang xiao bei men	4
中央党校社区	zhong yang dang xiao she qu	3
中央公馆	zhong yang gong guan	1
中央商场	zhong yang shang chang	1
中央大道	zhong yang da dao	15
中央新影社区	zhong yang xin ying she qu	2
中央村	zhong yang cun	16
中央美院城市设计学院	zhong yang mei yuan cheng shi she ji xue yuan	4
中央花	zhong yang hua	5
中央花园	zhong yang hua yuan	3
中央花城	zhong yang hua cheng	4
中央花苑	zhong yang hua yuan	4
中央镇	zhong yang zhen	2
中学巷	zhong xue xiang	3
中学街	zhong xue jie	1
中学路口	zhong xue lu kou	4
中宁	zhong ning	37
中宁路	zhong ning lu	1
中寨	zhong zhai	16
中小企业发展局	zhong xiao qi ye fa zhan ju	1
中小河	zhong xiao he	8
中屯乡	zhong tun xiang	5
中山一路	zhong shan yi lu	14
中山中学	zhong shan zhong xue	27
中山中路	zhong shan zhong lu	12
中山二路	zhong shan er lu	14
中山五路	zhong shan wu lu	4
中山亭	zhong shan ting	17
中山公园地铁站	zhong shan gong yuan di tie zhan	1
中山公园站	zhong shan gong yuan zhan	21
中山公园路	zhong shan gong yuan lu	3
中山北一路	zhong shan bei yi lu	14
中山北二路	zhong shan bei er lu	6
中山北路口	zhong shan bei lu kou	3
中山南一路	zhong shan nan yi lu	13
中山南二路	zhong shan nan er lu	9
中山南街街道	zhong shan nan jie jie dao	5
中山县	zhong shan xian	29
中山四路	zhong shan si lu	23
中山园路	zhong shan yuan lu	5
中山大桥	zhong shan da qiao	5
中山大道	zhong shan da dao	29
中山幼儿园	zhong shan you er yuan	5
中山广场	zhong shan guang chang	21
中山桥	zhong shan qiao	11
中山植物园	zhong shan zhi wu yuan	1
中山社区	zhong shan she qu	1
中山纪念堂	zhong shan ji nian tang	45
中山纪念林	zhong shan ji nian lin	1
中山街	zhong shan jie	11
中山门	zhong shan men	21
中山门一号路	zhong shan men yi hao lu	2
中山门三号路	zhong shan men san hao lu	3
中山门二号路	zhong shan men er hao lu	2
中山门四号路	zhong shan men si hao lu	3
中山门立交桥	zhong shan men li jiao qiao	3
中山饭店	zhong shan fan dian	3
中岗	zhong gang	12
中岭	zhong ling	3
中岭村	zhong ling cun	6
中岳村	zhong yue cun	1
中州路	zhong zhou lu	26
中市	zhong shi	10
中市区	zhong shi qu	6
中庙街道	zhong miao jie dao	1
中康路	zhong kang lu	1
中张村	zhong zhang cun	1
中心三路	zhong xin san lu	3
中心东道	zhong xin dong dao	4
中心二路	zhong xin er lu	6
中心体育馆	zhong xin ti yu guan	14
中心北路	zhong xin bei lu	5
中心南道	zhong xin nan dao	2
中心四路	zhong xin si lu	6
中心坑	zhong xin keng	3
中心坝	zhong xin ba	2
中心大街	zhong xin da jie	8
中心客运站	zhong xin ke yun zhan	20
中心岗楼	zhong xin gang lou	2
中心市场	zhong xin shi chang	10
中心广	zhong xin guang	6
中心排	zhong xin pai	6
中心新村	zhong xin xin cun	1
中心段	zhong xin duan	5
中心沙	zhong xin sha	4
中心河	zhong xin he	1
中心站街道	zhong xin zhan jie dao	2
中心花园	zhong xin hua yuan	5
中心血站	zhong xin xue zhan	1
中心西道	zhong xin xi dao	2
中意路	zhong yi lu	1
中成大厦	zhong cheng da sha	3
中所镇	zhong suo zhen	3
中新小区	zhong xin xiao qu	2
中新社区	zhong xin she qu	5
中新路	zhong xin lu	3
中施	zhong shi	7
中日医院	zhong ri yi yuan	8
中日联谊	zhong ri lian yi	3
中星苑	zhong xing yuan	3
中春路	zhong chun lu	32
中春路华中路	zhong chun lu hua zhong lu	1
中曹司街道	zhong cao si jie dao	2
中木拉乡	zhong mu la xiang	2
中木村	zhong mu cun	1
中杨镇	zhong yang zhen	3
中林	zhong lin	9
中林卡乡	zhong lin ka xiang	2
中林路	zhong lin lu	3
中标村	zhong biao cun	3
中桥二村	zhong qiao er cun	2
中楼社区	zhong lou she qu	2
中江路	zhong jiang lu	1
中沙	zhong sha	12
中沙岛礁	zhong sha dao jiao	5
中沙村	zhong sha cun	5
中沟	zhong gou	17
中沟村	zhong gou cun	5
中河路口	zhong he lu kou	7
中泰国际广场	zhong tai guo ji guang chang	6
中洋	zhong yang	29
中洋村	zhong yang cun	11
中洞	zhong dong	7
中津桥路	zhong jin qiao lu	4
中流泉	zhong liu quan	3
中浩森林湾	zhong hao sen lin wan	4
中海华庭	zhong hai hua ting	1
中海塞纳丽舍	zhong hai sai na li she	6
中海子	zhong hai zi	5
中海康城花园	zhong hai kang cheng hua yuan	5
中涂	zhong tu	7
中渡	zhong du	16
中湾村	zhong wan cun	5
中溪村	zhong xi cun	5
中滩	zhong tan	7
中滩北站	zhong tan bei zhan	2
中潭村	zhong tan cun	2
中潭路	zhong tan lu	4
中灶	zhong zao	5
中牌楼	zhong pai lou	5
中王庄	zhong wang zhuang	3
中环东路	zhong huan dong lu	3
中环国际广场	zhong huan guo ji guang chang	6
中环线	zhong huan xian	46
中环路	zhong huan lu	42
中珠桥	zhong zhu qiao	2
中电大厦	zhong dian da sha	1
中甸县	zhong dian xian	20
中石村	zhong shi cun	1
中石油桥	zhong shi you qiao	5
中石镇	zhong shi zhen	3
中砥村	zhong di cun	4
中禾	zhong he	5
中科院地球所	zhong ke yuan di qiu suo	2
中科院地理所	zhong ke yuan di li suo	7
中窑	zhong yao	5
中立交	zhong li jiao	1
中粮集团	zhong liang ji tuan	18
中纺前街	zhong fang qian jie	3
中纺街	zhong fang jie	3
中绦胡同	zhong tao hu tong	5
中羊坊	zhong yang fang	3
中群	zhong qun	7
中老胡同	zhong lao hu tong	1
中联家居	zhong lian jia ju	4
中联村	zhong lian cun	1
中航苑	zhong hang yuan	3
中芯国际	zhong xin guo ji	25
中芯花园	zhong xin hua yuan	3
中苑宾馆	zhong yuan bin guan	5
中茅坪	zhong mao ping	2
中药三厂	zhong yao san chang	4
中行大厦	zhong hang da sha	3
中西顺城街	zhong xi shun cheng jie	3
中角乡	zhong jiao xiang	3
中赵甫村	zhong zhao fu cun	3
中远船厂	zhong yuan chuan chang	4
中远路	zhong yuan lu	4
中连川乡	zhong lian chuan xiang	4
中道村	zhong dao cun	3
中都	zhong du	16
中钢公司	zhong gang gong si	7
中铁乡	zhong tie xiang	3
中铁匠胡同	zhong tie jiang hu tong	2
中铁现代物流	zhong tie xian dai wu liu	4
中银大厦	zhong yin da sha	14
中银酒店	zhong yin jiu dian	3
中门寺生态园	zhong men si sheng tai yuan	4
中门花园	zhong men hua yuan	4
中间地带	zhong jian di dai	27
中闸	zhong zha	15
中阳楼街道	zhong yang lou jie dao	1
中雁	zhong yan	2
中黄	zhong huang	9
丰乐中路	feng le zhong lu	6
丰乐公寓	feng le gong yu	4
丰乐北	feng le bei	5
丰乐北路	feng le bei lu	8
丰乐南路	feng le nan lu	3
丰乐村	feng le cun	6
丰乐桥北	feng le qiao bei	4
丰乐桥南	feng le qiao nan	1
丰乐路	feng le lu	14
丰产路	feng chan lu	12
丰仪	feng yi	3
丰兆	feng zhao	3
丰北桥东	feng bei qiao dong	2
丰南	feng nan	34
丰南县	feng nan xian	3
丰台体育中心	feng tai ti yu zhong xin	10
丰台体育中心南门	feng tai ti yu zhong xin nan men	3
丰台北路	feng tai bei lu	7
丰台北路东	feng tai bei lu dong	4
丰台区东高地	feng tai qu dong gao di	3
丰台区辛庄	feng tai qu xin zhuang	5
丰台区长辛店乡	feng tai qu chang xin dian xiang	4
丰台医院	feng tai yi yuan	1
丰台曹家沟	feng tai cao jia gou	4
丰台桥梁厂	feng tai qiao liang chang	1
丰台火车站	feng tai huo che zhan	6
丰台西站	feng tai xi zhan	2
丰台路口	feng tai lu kou	6
丰台镇东安街	feng tai zhen dong an jie	4
丰和日丽	feng he ri li	4
丰善村	feng shan cun	3
丰坪	feng ping	2
丰城市	feng cheng shi	46
丰城市工业园	feng cheng shi gong ye yuan	3
丰太	feng tai	6
丰富村	feng fu cun	10
丰富胡同	feng fu hu tong	1
丰山村	feng shan cun	4
丰州村	feng zhou cun	3
丰州镇政府	feng zhou zhen zheng fu	4
丰巢	feng chao	17
丰年村	feng nian cun	2
丰庄	feng zhuang	2
丰庆街	feng qing jie	2
丰庆路东口	feng qing lu dong kou	1
丰庆路西段	feng qing lu xi duan	4
丰恒	feng heng	4
丰户营	feng hu ying	2
丰户营西站	feng hu ying xi zhan	2
丰收一场	feng shou yi chang	4
丰收新村	feng shou xin cun	3
丰收河	feng shou he	1
丰收胡同	feng shou hu tong	2
丰收镇	feng shou zhen	2
丰桥村	feng qiao cun	6
丰民路	feng min lu	3
丰江	feng jiang	5
丰沙尔	feng sha er	27
丰泉古井	feng quan gu jing	7
丰泉环保公司	feng quan huan bao gong si	3
丰泽	feng ze	44
丰泽区政府	feng ze qu zheng fu	2
丰泽客运站	feng ze ke yun zhan	2
丰泽小区	feng ze xiao qu	4
丰泽社区	feng ze she qu	6
丰润县	feng run xian	32
丰润门	feng run men	1
丰港乡	feng gang xiang	2
丰溪	feng xi	37
丰溪村	feng xi cun	4
丰溪林场	feng xi lin chang	3
丰满大坝	feng man da ba	6
丰潭路南口	feng tan lu nan kou	5
丰潭路口	feng tan lu kou	6
丰田村	feng tian cun	22
丰登村	feng deng cun	3
丰登路	feng deng lu	1
丰登路北口	feng deng lu bei kou	5
丰益	feng yi	4
丰益桥	feng yi qiao	9
丰益桥东	feng yi qiao dong	2
丰益桥北	feng yi qiao bei	3
丰益桥南	feng yi qiao nan	2
丰益桥西	feng yi qiao xi	5
丰盛胡同	feng sheng hu tong	4
丰福	feng fu	5
丰禾路	feng he lu	9
丰管路	feng guan lu	1
丰翔路	feng xiang lu	8
丰联	feng lian	1
丰联村	feng lian cun	4
丰苑	feng yuan	5
丰融园社区	feng rong yuan she qu	3
丰裕街	feng yu jie	2
丰谷路	feng gu lu	2
丰贤东路	feng xian dong lu	2
丰贤中路	feng xian zhong lu	2
丰都	feng du	12
丰都村	feng du cun	2
丰镇县	feng zhen xian	2
丰镇市	feng zhen shi	10
丰镇新村	feng zhen xin cun	5
丰镇路	feng zhen lu	1
丰镐遗址	feng hao yi zhi	1
丰顺街	feng shun jie	1
丰顺路	feng shun lu	6
串窑街	chuan yao jie	3
临丁路笕丁路口	lin ding lu jian ding lu kou	2
临五路	lin wu lu	3
临半路口	lin ban lu kou	5
临夏市	lin xia shi	43
临安县	lin an xian	48
临安市	lin an shi	14
临川市	lin chuan shi	5
临平北站	lin ping bei zhan	4
临平北路	lin ping bei lu	6
临平南站	lin ping nan zhan	5
临平新天地	lin ping xin tian di	3
临平桂花城	lin ping gui hua cheng	3
临平站	lin ping zhan	25
临桂路	lin gui lu	4
临水道	lin shui dao	2
临汝县	lin ru xian	18
临江区	lin jiang qu	1
临江市	lin jiang shi	22
临江支路	lin jiang zhi lu	6
临江溪	lin jiang xi	4
临江码头	lin jiang ma tou	6
临江花园	lin jiang hua yuan	6
临江苑	lin jiang yuan	6
临江门	lin jiang men	27
临江门大桥	lin jiang men da qiao	1
临汾县	lin fen xian	34
临汾地区	lin fen di qu	4
临汾路	lin fen lu	9
临沂新村	lin yi xin cun	5
临沂路	lin yi lu	1
临沧地区	lin cang di qu	10
临沭	lin shu	49
临河县	lin he xian	14
临河市	lin he shi	3
临河村村委会	lin he cun cun wei hui	3
临河街	lin he jie	13
临河路	lin he lu	6
临泉路	lin quan lu	19
临泽	lin ze	32
临洮街街道	lin tao jie jie dao	4
临海小学	lin hai xiao xue	3
临淮路	lin huai lu	7
临清县	lin qing xian	22
临清市	lin qing shi	29
临清村	lin qing cun	2
临渝	lin yu	4
临渭	lin wei	26
临湖学生公寓	lin hu xue sheng gong yu	2
临湖街道	lin hu jie dao	3
临湘县	lin xiang xian	14
临湘市	lin xiang shi	8
临漳门	lin zhang men	3
临潭	lin tan	34
临潼县	lin tong xian	24
临潼路	lin tong lu	1
临澧	lin li	35
临濮镇	lin pu zhen	4
临空经济园区	lin kong jing ji yuan qu	1
临西	lin xi	14
临青路	lin qing lu	2
临颖	lin ying	4
临颖县	lin ying xian	1
丹东路	dan dong lu	3
丹凤新寓	dan feng xin yu	5
丹凤新村	dan feng xin cun	3
丹凤街	dan feng jie	10
丹凤镇	dan feng zhen	8
丹口镇	dan kou zhen	8
丹寨	dan zhai	15
丹巴路	dan ba lu	1
丹拉高速	dan la gao su	7
丹景乡	dan jing xiang	1
丹林乡	dan lin xiang	2
丹桂公寓	dan gui gong yu	3
丹桂园	dan gui yuan	6
丹桂花园	dan gui hua yuan	1
丹桂苑	dan gui yuan	6
丹桂街街道	dan gui jie jie dao	2
丹江口市	dan jiang kou shi	23
丹河道	dan he dao	2
丹竹	dan zhu	10
丹竹坑	dan zhu keng	1
丹竹头村	dan zhu tou cun	4
丹达乡	dan da xiang	3
丹阳县	dan yang xian	45
丹阳市	dan yang shi	43
丹阳街道	dan yang jie dao	4
丹阳路	dan yang lu	7
丹霞山风景名胜区	dan xia shan feng jing ming sheng qu	4
丹青镇	dan qing zhen	7
为公桥	wei gong qiao	4
为农市场	wei nong shi chang	3
主校区体育馆	zhu xiao qu ti yu guan	3
丽京门	li jing men	3
丽华新村	li hua xin cun	3
丽君街道	li jun jie dao	3
丽园路	li yuan lu	5
丽山	li shan	29
丽山村	li shan cun	3
丽日华庭	li ri hua ting	5
丽日豪庭	li ri hao ting	5
丽春路	li chun lu	5
丽景	li jing	47
丽景华庭	li jing hua ting	5
丽景天下大酒店	li jing tian xia da jiu dian	2
丽景家园	li jing jia yuan	3
丽景花园	li jing hua yuan	1
丽景苑	li jing yuan	8
丽景街街道	li jing jie jie dao	1
丽晶国际	li jing guo ji	1
丽晶酒店	li jing jiu dian	13
丽水县	li shui xian	43
丽水园	li shui yuan	5
丽水地区	li shui di qu	2
丽水大街	li shui da jie	1
丽江地区	li jiang di qu	10
丽江苑	li jiang yuan	4
丽泽中二路	li ze zhong er lu	3
丽泽桥	li ze qiao	3
丽泽桥东	li ze qiao dong	4
丽泽桥北	li ze qiao bei	5
丽泽桥南	li ze qiao nan	4
丽泽桥西	li ze qiao xi	4
丽泽桥长途汽车站	li ze qiao chang tu qi che zhan	6
丽湖	li hu	37
丽湖花园	li hu hua yuan	6
丽湖馨居	li hu xin ju	4
丽田	li tian	1
丽都饭店	li du fan dian	7
丽阳国际	li yang guo ji	3
举口村	ju kou cun	2
举源	ju yuan	4
举源村	ju yuan cun	3
举溪	ju xi	1
举溪村	ju xi cun	2
乃东	nai dong	13
乃仁克尔乡	nai ren ke er xiang	1
乃只盖乡	nai zhi gai xiang	3
乃干屯	nai gan tun	3
乃托镇	nai tuo zhen	2
乃渠乡	nai qu xiang	2
乃西乡	nai xi xiang	2
乃龙乡	nai long xiang	4
久东	jiu dong	4
久南	jiu nan	3
久敬庄	jiu jing zhuang	2
久敬庄社区	jiu jing zhuang she qu	2
久治	jiu zhi	26
久盛路	jiu sheng lu	5
久福路	jiu fu lu	3
久隆	jiu long	17
么六桥乡	yao liu qiao xiang	2
么里镇	yao li zhen	2
义乌县	yi wu xian	25
义井	yi jing	22
义兴村	yi xing cun	4
义利食品厂	yi li shi pin chang	2
义南	yi nan	3
义和场	yi he chang	3
义和庄	yi he zhuang	8
义和庄东里社区	yi he zhuang dong li she qu	2
义和庄南里社区	yi he zhuang nan li she qu	2
义圩镇	yi wei zhen	1
义字	yi zi	38
义安村	yi an cun	5
义山村	yi shan cun	4
义岗镇	yi gang zhen	3
义序	yi xu	10
义桥	yi qiao	24
义桥大桥	yi qiao da qiao	2
义桥村	yi qiao cun	3
义皋村	yi gao cun	3
义茶亭	yi cha ting	4
义蓬镇	yi peng zhen	3
义达里社区	yi da li she qu	7
义门乡	yi men xiang	4
义集	yi ji	10
义马市	yi ma shi	8
乌丘	wu qiu	8
乌丹	wu dan	36
乌云山	wu yun shan	6
乌什塔拉回族乡	wu shi ta la hui zu xiang	1
乌伊岭	wu yi ling	14
乌伦古河	wu lun gu he	6
乌兰不浪	wu lan bu lang	1
乌兰哈达	wu lan ha da	18
乌兰布统乡	wu lan bu tong xiang	2
乌兰浩特市	wu lan hao te shi	40
乌兰监狱	wu lan jian yu	3
乌兰陶勒盖镇	wu lan tao le gai zhen	4
乌土	wu tu	9
乌土村	wu tu cun	4
乌坎	wu kan	16
乌坎港	wu kan gang	6
乌坑	wu keng	3
乌塔其监狱	wu ta qi jian yu	5
乌夏克巴什镇	wu xia ke ba shen zhen	2
乌奎高速	wu kui gao su	1
乌孙	wu sun	27
乌孜别克	wu zi bie ke	11
乌审召镇	wu shen zhao zhen	5
乌尊布拉克乡	wu zun bu la ke xiang	3
乌尔其乡	wu er qi xiang	3
乌山村	wu shan cun	4
乌山桥西	wu shan qiao xi	2
乌山路	wu shan lu	8
乌山路口	wu shan lu kou	6
乌岩岭林场	wu yan ling lin chang	2
乌布尔宝力格苏木	wu bu er bao li ge su mu	3
乌当	wu dang	15
乌恰	wu qia	32
乌抛乡	wu pao xiang	3
乌拉台哈萨克族乡	wu la tai ha sa ke zu xiang	3
乌拉斯台农场	wu la si tai nong chang	4
乌拉泊	wu la bo	23
乌拉湾	wu la wan	2
乌拉溪	wu la xi	3
乌拉溪乡	wu la xi xiang	4
乌拉盖牧场	wu la gai mu chang	1
乌斯满	wu si man	21
乌昌路街道	wu chang lu jie dao	3
乌木山	wu mu shan	4
乌来乡	wu lai xiang	2
乌树	wu shu	3
乌江路	wu jiang lu	5
乌沙村	wu sha cun	1
乌泥	wu ni	6
乌泥坑	wu ni keng	2
乌泥塘	wu ni tang	3
乌洲	wu zhou	4
乌海市乌达	wu hai shi wu da	6
乌海市乌达区	wu hai shi wu da qu	8
乌海市海勃湾	wu hai shi hai bo wan	7
乌海市海勃湾区	wu hai shi hai bo wan qu	2
乌海市海南	wu hai shi hai nan	4
乌海市海南区	wu hai shi hai nan qu	3
乌牛镇	wu niu zhen	5
乌玛塘乡	wu ma tang xiang	3
乌盖苏木	wu gai su mu	3
乌石坑	wu shi keng	6
乌石头	wu shi tou	3
乌石岭	wu shi ling	1
乌石村	wu shi cun	3
乌石社区	wu shi she qu	4
乌科乡	wu ke xiang	3
乌管处	wu guan chu	1
乌素图街道	wu su tu jie dao	3
乌苏县	wu su xian	6
乌苏啤酒厂	wu su pi jiu chang	3
乌苏监狱	wu su jian yu	6
乌蛟腾	wu jiao teng	4
乌衣巷	wu yi xiang	7
乌西大队	wu xi da dui	7
乌金村	wu jin cun	3
乌镇路	wu zhen lu	1
乌鲁木齐东路街道	wu lu mu qi dong lu jie dao	4
乌鲁木齐中路	wu lu mu qi zhong lu	4
乌鲁木齐八中	wu lu mu qi ba zhong	4
乌鲁木齐北路	wu lu mu qi bei lu	3
乌鲁木齐南路	wu lu mu qi nan lu	5
乌鲁木齐西路街道	wu lu mu qi xi lu jie dao	3
乌鲁木齐路	wu lu mu qi lu	7
乌鸦乡	wu ya xiang	5
乌鸦泡镇	wu ya pao zhen	1
乌龙庙	wu long miao	3
乌龙桥	wu long qiao	2
乌龙江大桥	wu long jiang da qiao	2
乌龙沟乡	wu long gou xiang	3
乌龟塘	wu gui tang	3
乌龟山	wu gui shan	4
乌龟碑	wu gui bei	4
乍浦路	zha pu lu	8
乐东	le dong	46
乐丰村	le feng cun	4
乐元镇	le yuan zhen	1
乐兴村	le xing cun	4
乐华村	le hua cun	1
乐华街道	le hua jie dao	3
乐古道巷	le gu dao xiang	3
乐园东社区	le yuan dong she qu	2
乐园村	le yuan cun	1
乐园路	le yuan lu	4
乐园道	le yuan dao	9
乐堂堡乡	le tang bao xiang	2
乐安村	le an cun	5
乐安铺苗族侗族乡	le an pu miao zu dong zu xiang	4
乐峰	le feng	20
乐平县	le ping xian	44
乐平市	le ping shi	7
乐庭	le ting	13
乐才	le cai	5
乐昌县	le chang xian	10
乐昌市	le chang shi	44
乐桥村	le qiao cun	2
乐清市	yue qing shi	48
乐满地	le man di	10
乐福堂乡	le fu tang xiang	5
乐素河镇	le su he zhen	2
乐约乡	le yue xiang	4
乐群小学	le qun xiao xue	7
乐群村	le qun cun	8
乐群满族乡	le qun man zu xiang	2
乐群路	le qun lu	2
乐育北路	le yu bei lu	5
乐育南路	le yu nan lu	5
乐育路	le yu lu	6
乐苑新村	le yuan xin cun	1
乐英乡	le ying xiang	5
乐西	le xi	6
乐跃镇	le yue zhen	1
乐都	le du	10
乐陵县	le ling xian	12
乐陵市	le ling shi	5
乐青地乡	le qing di xiang	2
乔仁哈萨克族乡	qiao ren ha sa ke zu xiang	3
乔勒潘乡	qiao le pan xiang	2
乔口区	qiao kou qu	3
乔司一监区	qiao si yi jian qu	2
乔司农场	qiao si nong chang	1
乔司监狱狱部	qiao si jian yu yu bu	1
乔家沟村	qiao jia gou cun	3
乔家湖	qiao jia hu	3
乔家湾乡	qiao jia wan xiang	3
乔尔玛	qiao er ma	8
乔屯	qiao tun	2
乔屯乡	qiao tun xiang	2
乔屯街道	qiao tun jie dao	2
乔山墓园	qiao shan mu yuan	2
乔岔滩乡	qiao cha tan xiang	4
乔庄	qiao zhuang	16
乔庄北街	qiao zhuang bei jie	4
乔庄北街居委会	qiao zhuang bei jie ju wei hui	3
乔戈里峰	qiao ge li feng	26
乔户村	qiao hu cun	3
乔拉克铁热克乡	qiao la ke tie re ke xiang	3
乔柿园村	qiao shi yuan cun	3
乔格里峰	qiao ge li feng	4
乔梓乡	qiao zi xiang	4
乔沟湾乡	qiao gou wan xiang	3
乔河乡	qiao he xiang	3
乔溪村	qiao xi cun	2
乔虹苑	qiao hong yuan	6
乔达乡	qiao da xiang	6
乔音乡	qiao yin xiang	1
乘风庄	cheng feng zhuang	2
乘风湖	cheng feng hu	3
九一街	jiu yi jie	5
九七医院	jiu qi yi yuan	1
九万方	jiu wan fang	7
九三分局	jiu san fen ju	6
九中金乡	jiu zhong jin xiang	4
九丰	jiu feng	1
九丰村	jiu feng cun	3
九二路	jiu er lu	3
九亩村	jiu mu cun	4
九仙山	jiu xian shan	15
九令	jiu ling	3
九仪里	jiu yi li	3
九八医院	jiu ba yi yuan	4
九兴大道	jiu xing da dao	4
九兴大道创业路口	jiu xing da dao chuang ye lu kou	3
九农场	jiu nong chang	4
九分场	jiu fen chang	2
九十一团	jiu shi yi tuan	2
九华山庄	jiu hua shan zhuang	3
九华山路	jiu hua shan lu	2
九华山风景区管委会	jiu hua shan feng jing qu guan wei hui	6
九华村	jiu hua cun	4
九口乡	jiu kou xiang	3
九台县	jiu tai xian	5
九台市	jiu tai shi	6
九台庄园	jiu tai zhuang yuan	4
九台街道	jiu tai jie dao	4
九号坝	jiu hao ba	4
九号桥	jiu hao qiao	1
九号码头	jiu hao ma tou	2
九号院	jiu hao yuan	1
九和	jiu he	9
九园公路	jiu yuan gong lu	3
九圩港	jiu wei gang	1
九堡农贸市场	jiu bao nong mao shi chang	3
九如村	jiu ru cun	2
九如里	jiu ru li	5
九安	jiu an	7
九宫山风景名胜区	jiu gong shan feng jing ming sheng qu	2
九家庄	jiu jia zhuang	3
九家湾	jiu jia wan	3
九寨沟风景名胜区	jiu zhai gou feng jing ming sheng qu	3
九尾冲	jiu wei chong	6
九山北路	jiu shan bei lu	3
九岗	jiu gang	4
九岗岭	jiu gang ling	3
九岭	jiu ling	14
九峰公园	jiu feng gong yuan	2
九峰森林动物园	jiu feng sen lin dong wu yuan	8
九彩乡	jiu cai xiang	2
九彩巷	jiu cai xiang	4
九总	jiu zong	5
九成监狱管理分局	jiu cheng jian yu guan li fen ju	5
九斗	jiu dou	8
九日山	jiu ri shan	4
九曲村	jiu qu cun	6
九曲桥	jiu qu qiao	23
九曲水	jiu qu shui	2
九曲湾农场	jiu qu wan nong chang	3
九月庭院	jiu yue ting yuan	4
九村	jiu cun	40
九条岭	jiu tiao ling	1
九树公寓	jiu shu gong yu	4
九樵路	jiu qiao lu	3
九水路街道	jiu shui lu jie dao	6
九江医院	jiu jiang yi yuan	6
九江路	jiu jiang lu	14
九江郡	jiu jiang jun	25
九洲城	jiu zhou cheng	3
九洲大厦	jiu zhou da sha	1
九洲岛	jiu zhou dao	4
九洲村	jiu zhou cun	4
九洲港	jiu zhou gang	44
九洲环宇	jiu zhou huan yu	3
九洲花园	jiu zhou hua yuan	3
九渡乡	jiu du xiang	6
九溪山庄	jiu xi shan zhuang	2
九溪村	jiu xi cun	5
九溪玫瑰园	jiu xi mei gui yuan	3
九王坟	jiu wang fen	1
九画	jiu hua	3
九眼	jiu yan	8
九矿广场街道	jiu kuang guang chang jie dao	2
九礤村	jiu ca cun	2
九纬路	jiu wei lu	4
九经路	jiu jing lu	5
九股泉	jiu gu quan	2
九茹村	jiu ru cun	2
九莲新村	jiu lian xin cun	7
九运司	jiu yun si	5
九连山路	jiu lian shan lu	4
九道拐	jiu dao guai	4
九道湾	jiu dao wan	1
九郊街道	jiu jiao jie dao	3
九都	jiu du	8
九都乡	jiu du xiang	3
九都路	jiu du lu	8
九里堤公交站	jiu li di gong jiao zhan	8
九里堤北路	jiu li di bei lu	8
九里堤南路	jiu li di nan lu	2
九里山	jiu li shan	15
九里松	jiu li song	2
九里松花苑	jiu li song hua yuan	2
九里步	jiu li bu	3
九里香堤	jiu li xiang di	4
九间房	jiu jian fang	6
九队	jiu dui	20
九降	jiu jiang	5
九食堂	jiu shi tang	7
九龙一号	jiu long yi hao	3
九龙南路	jiu long nan lu	3
九龙口	jiu long kou	2
九龙家园	jiu long jia yuan	5
九龙山庄	jiu long shan zhuang	7
九龙岗	jiu long gang	22
九龙峡	jiu long xia	1
九龙巷	jiu long xiang	2
九龙庙	jiu long miao	4
九龙新寓	jiu long xin yu	4
九龙村	jiu long cun	11
九龙涧	jiu long jian	3
九龙游乐园	jiu long you le yuan	5
九龙路	jiu long lu	8
九龙雅苑	jiu long ya yuan	4
也克先拜巴扎乡	ye ke xian bai ba zha xiang	4
也木勒牧场	ye mu le mu chang	4
习勤路	xi qin lu	1
习友路	xi you lu	13
习武园	xi wu yuan	1
习溪桥街道	xi xi qiao jie dao	3
乡企局	xiang qi ju	6
乡宁	xiang ning	14
乡村赛马场	xiang cun sai ma chang	3
乡镇企业局	xiang zhen qi ye ju	12
书林苑	shu lin yuan	4
书田	shu tian	24
书铺巷	shu pu xiang	2
书阁	shu ge	19
书院南街	shu yuan nan jie	4
书院桥	shu yuan qiao	1
书院街	shu yuan jie	16
书院路	shu yuan lu	9
书香名门	shu xiang ming men	4
书香大庆	shu xiang da qing	3
买家集镇	mai jia ji zhen	2
买巴乡	mai ba xiang	4
乱掘	luan jue	5
乱石村	luan shi cun	3
乳品厂	ru pin chang	1
乳山县	ru shan xian	6
乳山市	ru shan shi	22
乳山新村	ru shan xin cun	3
乳山路	ru shan lu	6
乾务	qian wu	7
乾宁	qian ning	7
乾安	qian an	8
乾溪新村	qian xi xin cun	3
乾溪路	qian xi lu	2
乾陵	qian ling	9
乾龙乡	qian long xiang	2
争胜乡	zheng sheng xiang	2
事业小区	shi ye xiao qu	3
事故大队	shi gu da dui	1
二一医院	er yi yi yuan	3
二七三医院	er qi san yi yuan	2
二七厂	er qi chang	4
二七新村	er qi xin cun	9
二九零农场	er jiu ling nong chang	1
二五三医院	er wu san yi yuan	2
二井	er jing	25
二仙桥	er xian qiao	15
二仙桥北二路	er xian qiao bei er lu	7
二仙桥北二路中	er xian qiao bei er lu zhong	4
二仙桥北路	er xian qiao bei lu	7
二仙桥街道	er xian qiao jie dao	6
二仙桥西路北	er xian qiao xi lu bei	2
二八台农场	er ba tai nong chang	4
二六一医院	er liu yi yi yuan	4
二六三医院	er liu san yi yuan	1
二凉亭	er liang ting	6
二分场	er fen chang	22
二化	er hua	7
二医	er yi	11
二十三中学	er shi san zhong xue	6
二十五中学	er shi wu zhong xue	6
二十八所	er shi ba suo	1
二十四中	er shi si zhong	4
二十四街坊	er shi si jie fang	4
二十埠河	er shi bu he	8
二十家子满族镇	er shi jia zi man zu zhen	2
二十里堡	er shi li pu	5
二十里店	er shi li dian	6
二十里铺	er shi li pu	17
二十里铺村	er shi li pu cun	4
二十高中	er shi gao zhong	6
二印	er yin	6
二号大街绕城高架	er hao da jie rao cheng gao jia	2
二号桥市场	er hao qiao shi chang	2
二号站	er hao zhan	5
二号船闸	er hao chuan zha	7
二号闸	er hao zha	3
二司村	er si cun	3
二员工	er yuan gong	4
二嘎里乡	er ga li xiang	2
二圣庙	er sheng miao	1
二坊坪乡	er fang ping xiang	4
二塘	er tang	26
二塬子	er yuan zi	3
二外语	er wai yu	3
二大队	er da dui	47
二天门	er tian men	1
二宫火车站	er gong huo che zhan	4
二工	er gong	16
二工区	er gong qu	4
二工村五队	er gong cun wu dui	2
二工街道	er gong jie dao	5
二平台村	er ping tai cun	3
二庙乡	er miao xiang	2
二府坪	er fu ping	2
二府庄	er fu zhuang	7
二府营村	er fu ying cun	3
二府街	er fu jie	1
二戈寨	er ge zhai	1
二戈寨街道	er ge zhai jie dao	2
二拨子	er bo zi	1
二拨子新村	er bo zi xin cun	4
二拨子新村东	er bo zi xin cun dong	3
二支河牧场	er zhi he mu chang	4
二机厂	er ji chang	5
二杆子	er gan zi	9
二条街村	er tiao jie cun	4
二板桥	er ban qiao	8
二校门	er xiao men	8
二案	er an	4
二桥路	er qiao lu	6
二棉厂	er mian chang	1
二次创业	er ci chuang ye	32
二水厂	er shui chang	4
二江寺桥	er jiang si qiao	2
二汽公司	er qi gong si	8
二汽莘庄场	er qi xin zhuang chang	2
二沙东	er sha dong	4
二沙岛东	er sha dao dong	2
二沙岛西	er sha dao xi	1
二沙西	er sha xi	3
二河	er he	7
二泉井乡	er quan jing xiang	3
二洞乡	er dong xiang	3
二渡	er du	4
二港	er gang	5
二爻	er yao	3
二牧场	er mu chang	3
二环北路	er huan bei lu	3
二环南路口	er huan nan lu kou	3
二环西路	er huan xi lu	1
二环路东一段	er huan lu dong yi duan	7
二环路东三段	er huan lu dong san duan	8
二环路东五段	er huan lu dong wu duan	1
二环路东四段	er huan lu dong si duan	7
二环路九里堤路口	er huan lu jiu li di lu kou	6
二环路北二段	er huan lu bei er duan	2
二环路北四段中	er huan lu bei si duan zhong	3
二环路南四段	er huan lu nan si duan	7
二环路少陵路口	er huan lu shao ling lu kou	5
二环路府南新区路口	er huan lu fu nan xin qu lu kou	4
二环路科华路口	er huan lu ke hua lu kou	6
二环路西一段南	er huan lu xi yi duan nan	4
二球	er qiu	36
二甲村	er jia cun	1
二电小区	er dian xiao qu	3
二画	er hua	4
二疗	er liao	6
二百亩	er bai mu	1
二眼井	er yan jing	3
二码头	er ma tou	6
二砖厂	er zhuan chang	3
二程祠	er cheng ci	2
二站	er zhan	15
二站乡	er zhan xiang	1
二级站	er ji zhan	8
二纺机总厂	er fang ji zong chang	4
二菜场	er cai chang	3
二营盘	er ying pan	6
二行	er hang	6
二补	er bu	6
二表	er biao	6
二转子	er zhuan zi	4
二轻大楼	er qing da lou	3
二道桥	er dao qiao	25
二道桥乡	er dao qiao xiang	4
二道江	er dao jiang	10
二道沟	er dao gou	20
二道河	er dao he	22
二道洼	er dao wa	3
二道渠	er dao qu	4
二道渠乡	er dao qu xiang	3
二道湾	er dao wan	2
二道湾村	er dao wan cun	2
二道街	er dao jie	13
二郎庙	er lang miao	29
二都村	er du cun	3
二酉乡	er you xiang	7
二酉苗族乡	er you miao zu xiang	6
二里岗街道	er li gang jie dao	5
二里庄	er li zhuang	1
二里庄北口	er li zhuang bei kou	3
二里庄南口	er li zhuang nan kou	2
二里桥	er li qiao	4
二里桥社区	er li qiao she qu	2
二里沟	er li gou	6
二里沟东口	er li gou dong kou	3
二里沟西口	er li gou xi kou	3
二里河	er li he	4
二里界乡	er li jie xiang	2
二针	er zhen	3
二钢	er gang	6
二铺	er pu	8
二间房	er jian fang	3
二附中	er fu zhong	4
二零五所	er ling wu suo	3
二马路	er ma lu	44
二麻二麻	er ma er ma	7
二龙岗	er long gang	3
二龙路	er long lu	7
二龙路西街	er long lu xi jie	2
于北村	yu bei cun	1
于坝	yu ba	4
于家园	yu jia yuan	1
于家坝	yu jia ba	3
于家官庄	yu jia guan zhuang	2
于家屯	yu jia tun	3
于家庄	yu jia zhuang	3
于家村村委会	yu jia cun cun wei hui	2
于家河	yu jia he	3
于家洼村	yu jia wa cun	3
于山	yu shan	10
于庄	yu zhuang	6
于庄子	yu zhuang zi	4
于桥	yu qiao	6
于楼村委会	yu lou cun wei hui	2
于河	yu he	8
于田监狱	yu tian jian yu	1
于营	yu ying	6
于辛庄	yu xin zhuang	1
于都	yu du	10
于都人	yu du ren	10
于都县城	yu du xian cheng	4
于都河	yu du he	2
于阗文	yu tian wen	5
云一	yun yi	7
云二	yun er	5
云二村	yun er cun	2
云仔	yun zai	6
云仙彝族乡	yun xian yi zu xiang	4
云佛山度假村	yun fo shan du jia cun	3
云光商场	yun guang shang chang	2
云光环岛	yun guang huan dao	3
云勇林场	yun yong lin chang	3
云南大理市下关镇	yun nan da li shi xia guan zhen	2
云南路	yun nan lu	15
云台山村	yun tai shan cun	4
云台村	yun tai cun	6
云台花园	yun tai hua yuan	15
云台路	yun tai lu	9
云城	yun cheng	23
云埔工业区	yun pu gong ye qu	4
云安镇	yun an zhen	1
云居	yun ju	23
云居寺	yun ju si	32
云居胡同	yun ju hu tong	1
云屏	yun ping	5
云屏乡	yun ping xiang	4
云山叠翠	yun shan die cui	6
云山寺	yun shan si	3
云山村	yun shan cun	1
云山社区	yun shan she qu	1
云山街	yun shan jie	8
云山路	yun shan lu	15
云山锦绣	yun shan jin xiu	5
云岗	yun gang	9
云岗北区	yun gang bei qu	4
云岗南宫	yun gang nan gong	5
云岩	yun yan	31
云岩村	yun yan cun	4
云岭东路	yun ling dong lu	1
云岭路	yun ling lu	3
云峰宾馆	yun feng bin guan	3
云峰寺	yun feng si	3
云峰村	yun feng cun	7
云峰街	yun feng jie	6
云干乡	yun gan xiang	3
云庄	yun zhuang	19
云庄村	yun zhuang cun	1
云影路	yun ying lu	5
云昙乡	yun tan xiang	2
云景东路	yun jing dong lu	1
云景里	yun jing li	6
云松	yun song	12
云林村	yun lin cun	3
云栖村	yun qi cun	3
云栖竹径	yun qi zhu jing	14
云桥路	yun qiao lu	2
云梯畲族乡	yun ti she zu xiang	5
云水村	yun shui cun	4
云水苑	yun shui yuan	5
云池街道	yun chi jie dao	2
云河湾	yun he wan	4
云浮县	yun fu xian	2
云海路	yun hai lu	5
云湖乡	yun hu xiang	3
云溪办事处	yun xi ban shi chu	3
云溪工业园	yun xi gong ye yuan	6
云溪村	yun xi cun	6
云灵村	yun ling cun	2
云盘村	yun pan cun	6
云秀花园社区	yun xiu hua yuan she qu	2
云簇镇	yun cu zhen	2
云美	yun mei	4
云翔寺	yun xiang si	8
云老	yun lao	26
云莲路	yun lian lu	4
云蒙山	yun meng shan	25
云西路	yun xi lu	4
云西路社区	yun xi lu she qu	3
云谷	yun gu	36
云谷小区	yun gu xiao qu	3
云谷工业区	yun gu gong ye qu	3
云谷社区	yun gu she qu	1
云贵乡	yun gui xiang	13
云趣园	yun qu yuan	1
云趣园一区	yun qu yuan yi qu	5
云趣园三区	yun qu yuan san qu	4
云趣园社区	yun qu yuan she qu	4
云路公园	yun lu gong yuan	2
云路市场	yun lu shi chang	3
云路村	yun lu cun	1
云锦美地	yun jin mei di	6
云门山	yun men shan	9
云阳道	yun yang dao	2
云集村	yun ji cun	3
云集路	yun ji lu	1
云集隧道	yun ji sui dao	4
云雾土家族乡	yun wu tu jia zu xiang	3
云雾村	yun wu cun	5
云露街	yun lu jie	3
云顶村	yun ding cun	4
云马林场	yun ma lin chang	3
云驾岭	yun jia ling	4
云鹿路	yun lu lu	3
云麓	yun lu	7
云龙山	yun long shan	25
云龙山东门	yun long shan dong men	3
云龙山隧道	yun long shan sui dao	3
云龙村	yun long cun	2
互助南道	hu zhu nan dao	2
互助村	hu zhu cun	1
互助路	hu zhu lu	2
互助路口	hu zhu lu kou	3
互助路立交	hu zhu lu li jiao	1
互助道	hu zhu dao	3
五一剧场	wu yi ju chang	1
五一夜市	wu yi ye shi	2
五一大桥	wu yi da qiao	4
五一大楼	wu yi da lou	4
五一大道	wu yi da dao	4
五一小学	wu yi xiao xue	8
五一新村	wu yi xin cun	8
五一村	wu yi cun	30
五一林场	wu yi lin chang	1
五一西路	wu yi xi lu	7
五丁桥	wu ding qiao	6
五七村	wu qi cun	4
五七桥	wu qi qiao	2
五七路	wu qi lu	9
五七路口	wu qi lu kou	2
五丈原	wu zhang yuan	14
五三农场	wu san nong chang	1
五中路	wu zhong lu	6
五丰	wu feng	15
五丰村	wu feng cun	3
五二一医院	wu er yi yi yuan	6
五二四厂	wu er si chang	2
五井	wu jing	25
五仙霞洞	wu xian xia dong	1
五侯路口	wu hou lu kou	2
五八八	wu ba ba	1
五典坡	wu dian po	5
五凌	wu ling	3
五凤兰亭	wu feng lan ting	4
五分场	wu fen chang	11
五化村	wu hua cun	3
五十亩地	wu shi mu di	5
五十六中	wu shi liu zhong	1
五印乡	wu yin xiang	4
五厂	wu chang	35
五厍农业园区	wu she nong ye yuan qu	3
五厍镇	wu she zhen	2
五原郡	wu yuan jun	13
五台花园	wu tai hua yuan	6
五号井	wu hao jing	3
五号堤路	wu hao di lu	2
五号村	wu hao cun	3
五号桥	wu hao qiao	6
五号路四号大街口	wu hao lu si hao da jie kou	2
五味什字	wu wei shen zi	1
五和南路	wu he nan lu	3
五和路	wu he lu	1
五四北路	wu si bei lu	7
五四场	wu si chang	2
五四广场	wu si guang chang	39
五四村	wu si cun	4
五四路	wu si lu	17
五四路口	wu si lu kou	3
五团镇	wu tuan zhen	7
五图	wu tu	5
五图河农场	wu tu he nong chang	2
五图街道	wu tu jie dao	4
五圩镇	wu wei zhen	5
五坊	wu fang	5
五块石客运站	wu kuai shi ke yun zhan	9
五坝	wu ba	3
五坪	wu ping	7
五垒岛湾	wu lei dao wan	3
五堆子	wu dui zi	1
五堡	wu pu	4
五堡三区	wu pu san qu	3
五堡四区	wu pu si qu	3
五塘新村一段	wu tang xin cun yi duan	4
五塘新村二段	wu tang xin cun er duan	6
五塘村	wu tang cun	8
五大花园	wu da hua yuan	4
五大莲池市	wu da lian chi shi	2
五大连池市	wu da lian chi shi	14
五大道	wu da dao	46
五孔桥	wu kong qiao	2
五孔闸	wu kong zha	1
五官乡	wu guan xiang	5
五宪乡	wu xian xiang	2
五家尧	wu jia yao	3
五家山	wu jia shan	5
五家曾	wu jia zeng	3
五家沟	wu jia gou	3
五家渠市	wu jia qu shi	10
五寨	wu zhai	34
五尺乡	wu chi xiang	1
五山中学	wu shan zhong xue	2
五岳宫街	wu yue gong jie	3
五峰四路	wu feng si lu	5
五峰村	wu feng cun	1
五常县	wu chang xian	16
五庄村	wu zhuang cun	4
五总	wu zong	5
五户乡	wu hu xiang	3
五所村	wu suo cun	7
五指乡	wu zhi xiang	3
五指山市	wu zhi shan shi	19
五接	wu jie	4
五教	wu jiao	37
五斗斋	wu dou zhai	3
五新村	wu xin cun	3
五方桥西	wu fang qiao xi	4
五方院	wu fang yuan	2
五旗	wu qi	25
五星家园	wu xing jia yuan	1
五星村	wu xing cun	6
五星社区	wu xing she qu	6
五星街	wu xing jie	8
五星街街道	wu xing jie jie dao	3
五星路	wu xing lu	2
五星路建工医院	wu xing lu jian gong yi yuan	4
五显庙	wu xian miao	1
五月香山	wu yue xiang shan	3
五条巷	wu tiao xiang	2
五林洞林场	wu lin dong lin chang	1
五柳	wu liu	11
五柳村	wu liu cun	3
五栋楼	wu dong lou	6
五根檩胡同	wu gen lin hu tong	3
五桂村	wu gui cun	1
五桂桥	wu gui qiao	9
五桂桥公交站	wu gui qiao gong jiao zhan	7
五桥区	wu qiao qu	2
五棵松社区	wu ke song she qu	2
五汽公司	wu qi gong si	6
五汽冠忠	wu qi guan zhong	3
五沙	wu sha	1
五沙小学	wu sha xiao xue	3
五河路	wu he lu	1
五洲大厦	wu zhou da sha	2
五渡	wu du	1
五湖	wu hu	46
五湖新区	wu hu xin qu	1
五湾	wu wan	2
五爱北路	wu ai bei lu	4
五爱家园	wu ai jia yuan	1
五爱屯	wu ai tun	1
五爱广场	wu ai guang chang	1
五爱街	wu ai jie	4
五爱道	wu ai dao	4
五狮	wu shi	6
五环家具城	wu huan jia ju cheng	2
五环晨曦	wu huan chen xi	4
五环路	wu huan lu	15
五琴路	wu qin lu	1
五甲村	wu jia cun	6
五画	wu hua	4
五百村	wu bai cun	6
五百滩	wu bai tan	3
五社村	wu she cun	2
五福天桥	wu fu tian qiao	1
五福家园	wu fu jia yuan	5
五福村	wu fu cun	4
五福街	wu fu jie	7
五经路	wu jing lu	4
五缘湾	wu yuan wan	39
五美路	wu mei lu	2
五老村	wu lao cun	2
五老胡同	wu lao hu tong	1
五股乡	wu gu xiang	13
五股泉乡	wu gu quan xiang	1
五脑山林场	wu nao shan lin chang	2
五良太乡	wu liang tai xiang	1
五芳园	wu fang yuan	5
五莲	wu lian	47
五莲山	wu lian shan	4
五莲路	wu lian lu	15
五西	wu xi	4
五角塘	wu jiao tang	6
五象岭	wu xiang ling	2
五路口	wu lu kou	33
五路居	wu lu ju	7
五路桥	wu lu qiao	1
五路桥东	wu lu qiao dong	4
五通山村	wu tong shan cun	3
五通庙	wu tong miao	2
五通村	wu tong cun	6
五通桥	wu tong qiao	32
五道沟村	wu dao gou cun	4
五道河乡	wu dao he xiang	3
五道箐乡	wu dao qing xiang	5
五道营	wu dao ying	22
五道营子满族乡	wu dao ying zi man zu xiang	3
五道营社区	wu dao ying she qu	4
五道营胡同	wu dao ying hu tong	11
五郭店乡	wu guo dian xiang	2
五里亭	wu li ting	19
五里亭大桥	wu li ting da qiao	4
五里仓	wu li cang	4
五里仓家具城	wu li cang jia ju cheng	3
五里仓第二社区	wu li cang di er she qu	2
五里坡村	wu li po cun	3
五里坨	wu li tuo	2
五里坪	wu li ping	4
五里堆	wu li dui	7
五里堆街道	wu li dui jie dao	8
五里堤	wu li di	5
五里塘路	wu li tang lu	2
五里墩	wu li dun	8
五里墩东路	wu li dun dong lu	4
五里墩支路	wu li dun zhi lu	4
五里岭村	wu li ling cun	5
五里工业区	wu li gong ye qu	4
五里店	wu li dian	22
五里店村	wu li dian cun	4
五里店第二社区	wu li dian di er she qu	3
五里新村	wu li xin cun	1
五里村	wu li cun	7
五里桥	wu li qiao	11
五里沟	wu li gou	1
五里沟街道	wu li gou jie dao	5
五里牌	wu li pai	36
五里牌水库	wu li pai shui ku	2
五里街	wu li jie	8
五金城	wu jin cheng	6
五门闸	wu men zha	4
五间厅	wu jian ting	1
五间房	wu jian fang	7
五间楼	wu jian lou	5
五雅	wu ya	3
五顷塬回族乡	wu qing yuan hui zu xiang	1
五马场哈萨克族乡	wu ma chang ha sa ke zu xiang	4
五马街	wu ma jie	15
五马路	wu ma lu	10
五鹤村	wu he cun	3
五龙壮族乡	wu long zhuang zu xiang	1
五龙山	wu long shan	16
五龙岗	wu long gang	3
五龙村	wu long cun	4
井亭村	jing ting cun	3
井亭桥	jing ting qiao	1
井企集团	jing qi ji tuan	3
井儿沟乡	jing er gou xiang	2
井冈山市	jing gang shan shi	3
井冈山路	jing gang shan lu	13
井冈山路瑞光里	jing gang shan lu rui guang li	2
井冈山路瑞金里	jing gang shan lu rui jin li	2
井口街道	jing kou jie dao	1
井叶特西乡	jing ye te xi xiang	2
井坑	jing keng	2
井塘瑶族乡	jing tang yao zu xiang	3
井大路	jing da lu	5
井头	jing tou	19
井子	jing zi	35
井子沟	jing zi gou	2
井完	jing wan	1
井岗山	jing gang shan	5
井岸	jing an	22
井岸派出所	jing an pai chu suo	4
井庄	jing zhuang	41
井庄乡	jing zhuang xiang	2
井林村	jing lin cun	2
井栏树	jing lan shu	14
井楼胡同	jing lou hu tong	2
井江乡	jing jiang xiang	3
井沟	jing gou	10
井沟村	jing gou cun	6
井河镇	jing he zhen	3
井湾	jing wan	5
井湾子街道	jing wan zi jie dao	7
井湾路	jing wan lu	1
井湾路中	jing wan lu zhong	2
井边	jing bian	30
井边亭	jing bian ting	2
井边村	jing bian cun	3
井陉矿	jing xing kuang	11
井龙街道	jing long jie dao	5
亚丁乡	ya ding xiang	3
亚东国际公寓	ya dong guo ji gong yu	5
亚中机电市场	ya zhong ji dian shi chang	5
亚喀艾日克乡	ya ka ai ri ke xiang	2
亚大路	ya da lu	1
亚太集团	ya tai ji tuan	2
亚尔堂乡	ya er tang xiang	3
亚峰	ya feng	34
亚峰农贸市场	ya feng nong mao shi chang	2
亚布力滑雪场	ya bu li hua xue chang	14
亚拉镇	ya la zhen	1
亚日贡乡	ya ri gong xiang	1
亚明街道	ya ming jie dao	2
亚曼苏柯尔克孜族乡	ya man su ke er ke zi zu xiang	3
亚来乡	ya lai xiang	3
亚欧大陆桥	ya ou da lu qiao	11
亚泰大街	ya tai da jie	23
亚泰樱花苑	ya tai ying hua yuan	3
亚洲艺术公园	ya zhou yi shu gong yuan	1
亚热乡	ya re xiang	4
亚瓦格街道	ya wa ge jie dao	1
亚科瑞克乡	ya ke rui ke xiang	4
亚细亚广场	ya xi ya guang chang	4
亚美大厦	ya mei da sha	6
亚艺公园南门	ya yi gong yuan nan men	3
亚马逊部落	ya ma xun bu luo	4
亚龙乡	ya long xiang	5
亢山广场	kang shan guang chang	6
亢山社区	kang shan she qu	3
交城	jiao cheng	46
交大三村	jiao da san cun	1
交大东路南口	jiao da dong lu nan kou	3
交大二院	jiao da er yuan	4
交大南门	jiao da nan men	1
交大商场	jiao da shang chang	1
交大电脑城	jiao da dian nao cheng	1
交大科技园	jiao da ke ji yuan	1
交大经发学校	jiao da jing fa xue xiao	3
交大路	jiao da lu	5
交大路西	jiao da lu xi	4
交岔乡	jiao cha xiang	3
交接处	jiao jie chu	48
交暨路	jiao ji lu	2
交椅洲	jiao yi zhou	28
交河	jiao he	43
交河故城	jiao he gu cheng	4
交界河	jiao jie he	6
交行大厦	jiao hang da sha	2
交警三大队	jiao jing san da dui	11
交警中心	jiao jing zhong xin	5
交警中队	jiao jing zhong dui	6
交警事故处理中心	jiao jing shi gu chu li zhong xin	4
交警二大队	jiao jing er da dui	1
交警指挥中心	jiao jing zhi hui zhong xin	3
交警支队	jiao jing zhi dui	28
交通俱乐部	jiao tong ju le bu	1
交通医院	jiao tong yi yuan	10
交通大厦	jiao tong da sha	4
交通大楼	jiao tong da lou	6
交通学校	jiao tong xue xiao	9
交通安全学校	jiao tong an quan xue xiao	5
交通技校	jiao tong ji xiao	2
交通职业技术学院	jiao tong zhi ye ji shu xue yuan	32
交通胡同	jiao tong hu tong	4
交通西路	jiao tong xi lu	5
交通队	jiao tong dui	26
交道一街	jiao dao yi jie	2
交道口东	jiao dao kou dong	6
交道口南	jiao dao kou nan	5
交道口南二条	jiao dao kou nan er tiao	2
交里乡	jiao li xiang	3
交麻乡	jiao ma xiang	1
亦庄中学	yi zhuang zhong xue	3
亦庄中心小学	yi zhuang zhong xin xiao xue	3
亦庄体育中心	yi zhuang ti yu zhong xin	3
亦庄实验学校	yi zhuang shi yan xue xiao	3
亦庄桥北	yi zhuang qiao bei	4
亦庄桥南	yi zhuang qiao nan	4
亦庄站	yi zhuang zhan	1
亦庄镇政府	yi zhuang zhen zheng fu	6
产业园公交调度站	chan ye yuan gong jiao diao du zhan	3
产业园管委会	chan ye yuan guan wei hui	1
产德乡	chan de xiang	3
产贤村	chan xian cun	2
亨通镇	heng tong zhen	2
享堂	xiang tang	38
京东方	jing dong fang	42
京东运乔建材城	jing dong yun qiao jian cai cheng	1
京东驾校	jing dong jia xiao	4
京九街道	jing jiu jie dao	2
京保路	jing bao lu	2
京信大厦	jing xin da sha	3
京包铁路	jing bao tie lu	24
京南路	jing nan lu	1
京原东站	jing yuan dong zhan	3
京原路口	jing yuan lu kou	6
京哈公路	jing ha gong lu	6
京塘水库	jing tang shui ku	3
京密公路	jing mi gong lu	3
京山村	jing shan cun	2
京山街道	jing shan jie dao	3
京山铁路	jing shan tie lu	21
京师园北门	jing shi yuan bei men	2
京开康庄路口	jing kai kang zhuang lu kou	2
京张路口	jing zhang lu kou	1
京张高速	jing zhang gao su	8
京张高速公路	jing zhang gao su gong lu	6
京惠花园	jing hui hua yuan	4
京承公路	jing cheng gong lu	4
京承铁路	jing cheng tie lu	25
京承高速公路	jing cheng gao su gong lu	13
京昌路回龙观	jing chang lu hui long guan	2
京星农牧场	jing xing nong mu chang	4
京津公路	jing jin gong lu	1
京津公路立交桥	jing jin gong lu li jiao qiao	2
京津花园	jing jin hua yuan	2
京津路	jing jin lu	4
京源路	jing yuan lu	2
京溪小区	jing xi xiao qu	4
京溪街道	jing xi jie dao	7
京煤集团	jing mei ji tuan	9
京燕饭店	jing yan fan dian	1
京瑞大厦	jing rui da sha	4
京福公路	jing fu gong lu	4
京福高速	jing fu gao su	5
京科苑	jing ke yuan	3
京西旅游	jing xi lv you	5
京都大酒店	jing du da jiu dian	2
京都苑	jing du yuan	5
京顺路丽都饭店	jing shun lu li du fan dian	3
京顺车管所	jing shun che guan suo	5
京马	jing ma	3
亭下	ting xia	13
亭东	ting dong	4
亭北	ting bei	3
亭南	ting nan	2
亭子桥村	ting zi qiao cun	3
亭山	ting shan	26
亭川	ting chuan	3
亭店	ting dian	4
亭店社区	ting dian she qu	3
亭林	ting lin	25
亭脚	ting jiao	1
亭自庄	ting zi zhuang	2
亭西	ting xi	1
亭读	ting du	2
亭顶	ting ding	6
亭顶村	ting ding cun	2
亮丽道	liang li dao	2
亮坪村	liang ping cun	2
亮岩镇	liang yan zhen	2
亮果厂	liang guo chang	3
亮果厂胡同	liang guo chang hu tong	3
亮源乡	liang yuan xiang	4
亮甲台乡	liang jia tai xiang	2
亮甲店	liang jia dian	1
亮马厂	liang ma chang	3
亮马桥	liang ma qiao	8
亲亲家园	qin qin jia yuan	5
亲仁乡	qin ren xiang	1
亲仁路	qin ren lu	7
亳县	bo xian	17
人东	ren dong	7
人人乐西丽店	ren ren le xi li dian	2
人南立交桥东	ren nan li jiao qiao dong	4
人和家园	ren he jia yuan	6
人和宾馆	ren he bin guan	3
人和店	ren he dian	3
人和春天	ren he chun tian	1
人大办	ren da ban	9
人头山	ren tou shan	9
人定湖社区	ren ding hu she qu	3
人定湖西里社区	ren ding hu xi li she qu	3
人才储备中心	ren cai chu bei zhong xin	6
人才大厦	ren cai da sha	10
人才大市场	ren cai da shi chang	10
人拉肩扛	ren la jian kang	2
人民东路	ren min dong lu	14
人民中路	ren min zhong lu	16
人民中路三段	ren min zhong lu san duan	8
人民中路二段	ren min zhong lu er duan	7
人民体育场	ren min ti yu chang	39
人民保险	ren min bao xian	8
人民北路	ren min bei lu	19
人民北路一段	ren min bei lu yi duan	6
人民北路二段	ren min bei lu er duan	7
人民南路	ren min nan lu	17
人民南路一段	ren min nan lu yi duan	7
人民南路一环路口	ren min nan lu yi huan lu kou	1
人民南路三段中	ren min nan lu san duan zhong	3
人民南路二段	ren min nan lu er duan	7
人民南路四段北	ren min nan lu si duan bei	2
人民南路四段南	ren min nan lu si duan nan	2
人民商场	ren min shang chang	2
人民大厦公寓	ren min da sha gong yu	2
人民大垸农场	ren min da yuan nong chang	2
人民大学西门	ren min da xue xi men	5
人民家园	ren min jia yuan	4
人民广场东	ren min guang chang dong	3
人民广场南	ren min guang chang nan	4
人民支路	ren min zhi lu	6
人民新村	ren min xin cun	7
人民日报社区	ren min ri bao she qu	3
人民日报记者站	ren min ri bao ji zhe zhan	2
人民村	ren min cun	6
人民村北站	ren min cun bei zhan	3
人民桥	ren min qiao	13
人民西路	ren min xi lu	9
人民路中段	ren min lu zhong duan	1
人民路口	ren min lu kou	8
人民路延伸段	ren min lu yan shen duan	3
人民路立交桥	ren min lu li jiao qiao	8
人民路街道办事处	ren min lu jie dao ban shi chu	6
人潮溪乡	ren chao xi xiang	5
人瑞路	ren rui lu	2
人造板厂	ren zao ban chang	7
人防办	ren fang ban	4
亿万饭店	yi wan fan dian	3
亿乐	yi le	4
亿嘉	yi jia	4
亿城嘉园	yi cheng jia yuan	3
亿达世纪城	yi da shi ji cheng	2
什刹海公园	shi cha hai gong yuan	5
什坊院	shi fang yuan	6
什坊院西站	shi fang yuan xi zhan	2
什巴乡	shi ba xiang	3
什邡县	shi fang xian	9
什邡市	shi fang shi	29
什锦花园胡同	shi jin hua yuan hu tong	5
什集	shi ji	3
仁义村	ren yi cun	3
仁兴园	ren xing yuan	2
仁加乡	ren jia xiang	3
仁和医院	ren he yi yuan	6
仁和家园	ren he jia yuan	5
仁和村委会	ren he cun wei hui	2
仁堆乡	ren dui xiang	2
仁宅	ren zhai	2
仁宅村	ren zhai cun	1
仁寿村	ren shou cun	2
仁寿路	ren shou lu	8
仁寿里	ren shou li	21
仁峰	ren feng	5
仁峰村	ren feng cun	3
仁德医院	ren de yi yuan	3
仁怀县	ren huai xian	7
仁怀市	ren huai shi	11
仁恒国际公寓	ren heng guo ji gong yu	4
仁恒玉兰山庄	ren heng yu lan shan zhuang	2
仁恒翠竹园	ren heng cui zhu yuan	6
仁果	ren guo	22
仁果乡	ren guo xiang	5
仁桥	ren qiao	8
仁爱花园	ren ai hua yuan	2
仁皇山路	ren huang shan lu	3
仁福村	ren fu cun	4
仁美园	ren mei yuan	2
仁达	ren da	34
仁里社区	ren li she qu	2
仁里街道	ren li jie dao	2
仁风	ren feng	8
仁风社区	ren feng she qu	3
仁香	ren xiang	45
仇店	qiu dian	3
仇楼镇	qiu lou zhen	1
仇毕	qiu bi	1
今典花园	jin dian hua yuan	5
今古洲经济开发试验区	jin gu zhou jing ji kai fa shi yan qu	2
今日嘉园	jin ri jia yuan	4
今日花园	jin ri hua yuan	1
今飞集团	jin fei ji tuan	5
介休县	jie xiu xian	25
介休市	jie xiu shi	19
介山	jie shan	18
介廷乡	jie ting xiang	4
介福	jie fu	22
介福路街道	jie fu lu jie dao	3
从化三中	cong hua san zhong	1
从化中学	cong hua zhong xue	4
从化二中	cong hua er zhong	4
从化五中	cong hua wu zhong	4
从化六中	cong hua liu zhong	6
从化县	cong hua xian	13
从化四中	cong hua si zhong	4
从化市	cong hua shi	12
从台区	cong tai qu	3
从钢铁市场	cong gang tie shi chang	5
从阳村	cong yang cun	2
仑上村	lun shang cun	2
仑前村	lun qian cun	4
仑后村	lun hou cun	3
仑头	lun tou	29
仑头村	lun tou cun	11
仑山	lun shan	20
仑山村	lun shan cun	2
仑苍	lun cang	1
仑苍镇	lun cang zhen	2
仓上	cang shang	7
仓上小区	cang shang xiao qu	3
仓下	cang xia	5
仓前	cang qian	31
仓前街道	cang qian jie dao	8
仓南胡同	cang nan hu tong	4
仓基新村	cang ji xin cun	7
仓头	cang tou	4
仓夹道	cang jia dao	1
仓山影院	cang shan ying yuan	3
仓山步行街	cang shan bu xing jie	3
仓山科技园	cang shan ke ji yuan	2
仓山镇政府	cang shan zhen zheng fu	3
仓巷	cang xiang	7
仓库区	cang ku qu	4
仓房小区	cang fang xiao qu	3
仓房沟	cang fang gou	5
仓房沟村	cang fang gou cun	6
仓房沟路	cang fang gou lu	1
仓湾	cang wan	3
仓田乡	cang tian xiang	5
仓田村	cang tian cun	1
仓街	cang jie	11
仓边路	cang bian lu	6
仓门	cang men	14
仓门村	cang men cun	4
仓门街街道	cang men jie jie dao	3
仔下	zai xia	4
仕公岭	shi gong ling	5
仕春	shi chun	1
仕春村	shi chun cun	3
仕望集乡	shi wang ji xiang	3
仕版	shi ban	7
仕版工业区	shi ban gong ye qu	3
仕版村	shi ban cun	4
他山	ta shan	7
他砂乡	ta sha xiang	6
他窖村	ta jiao cun	3
付各庄	fu ge zhuang	2
付家坡	fu jia po	4
付家庄	fu jia zhuang	10
付家院子	fu jia yuan zi	5
付山	fu shan	4
付庄村	fu zhuang cun	1
付水平	fu shui ping	5
付波	fu bo	6
付雯	fu wen	4
仙东	xian dong	2
仙人山	xian ren shan	1
仙人庄街道	xian ren zhuang jie dao	3
仙人洞	xian ren dong	23
仙人湾瑶族乡	xian ren wan yao zu xiang	6
仙公山	xian gong shan	3
仙公庙	xian gong miao	7
仙凤	xian feng	3
仙凤村	xian feng cun	3
仙台坝乡	xian tai ba xiang	2
仙回瑶族乡	xian hui yao zu xiang	3
仙地	xian di	1
仙坛	xian tan	5
仙塔街	xian ta jie	3
仙塘	xian tang	28
仙塘农场	xian tang nong chang	2
仙塘社区	xian tang she qu	2
仙境村	xian jing cun	4
仙夹	xian jia	3
仙女洞	xian nv dong	2
仙女滩	xian nv tan	3
仙妈	xian ma	4
仙家村	xian jia cun	3
仙山村	xian shan cun	5
仙岩	xian yan	21
仙岭	xian ling	48
仙岭村	xian ling cun	3
仙岳山	xian yue shan	12
仙岳路	xian yue lu	6
仙庄	xian zhuang	10
仙庄乡	xian zhuang xiang	2
仙景	xian jing	4
仙景村	xian jing cun	2
仙林新村	xian lin xin cun	6
仙桃村	xian tao cun	5
仙桥村	xian qiao cun	3
仙桥街	xian qiao jie	4
仙江	xian jiang	16
仙河	xian he	5
仙涌	xian yong	3
仙湖植物园	xian hu zhi wu yuan	4
仙湖路	xian hu lu	6
仙石村	xian shi cun	3
仙米乡	xian mi xiang	1
仙美	xian mei	4
仙美村	xian mei cun	2
仙苑	xian yuan	1
仙苑村	xian yuan cun	2
仙西	xian xi	1
仙迹	xian ji	27
仙都	xian du	8
仙都村	xian du cun	3
仙门	xian men	29
仙阳	xian yang	1
仙阳村	xian yang cun	3
仙霞新村	xian xia xin cun	4
仙霞西路	xian xia xi lu	4
仙霞路	xian xia lu	39
仙鹤路	xian he lu	1
仙鹤门	xian he men	3
仙龙	xian long	3
仝庄村	tong zhuang cun	2
仝沟村	tong gou cun	3
代力吉镇	dai li ji zhen	3
代字营乡	dai zi ying xiang	2
代家	dai jia	7
代家院子	dai jia yuan zi	3
代群	dai qun	2
令公	ling gong	45
以气补油	yi qi bu you	4
仪井镇	yi jing zhen	4
仪凤桥	yi feng qiao	2
仪凤门	yi feng men	8
仪封园艺场	yi feng yuan yi chang	1
仪征县	yi zheng xian	15
仪征市	yi zheng shi	27
仪表厂	yi biao chang	8
仰义	yang yi	9
仰天湖	yang tian hu	4
仰峰村	yang feng cun	3
仰恩	yang en	39
仲尼	zhong ni	46
仲庄村	zhong zhuang cun	3
仲景街道	zhong jing jie dao	2
仲达乡	zhong da xiang	3
件只乡	jian zhi xiang	3
任丘市	ren qiu shi	13
任东	ren dong	40
任圩街道	ren wei jie dao	3
任头	ren tou	5
任家口	ren jia kou	6
任家寨	ren jia zhai	4
任家庄	ren jia zhuang	2
任家村村	ren jia cun cun	2
任家桥	ren jia qiao	2
任庄	ren zhuang	3
任庄村委会	ren zhuang cun wei hui	2
任庄村村委会	ren zhuang cun cun wei hui	3
任桥	ren qiao	5
任港	ren gang	16
任港路	ren gang lu	4
任营	ren ying	8
任西	ren xi	43
企岭下	qi ling xia	1
企西	qi xi	4
伊中村	yi zhong cun	2
伊丹友好中心	yi dan you hao zhong xin	4
伊克乌兰乡	yi ke wu lan xiang	3
伊克乌图布拉格牧场	yi ke wu tu bu la ge mu chang	6
伊克尔	yi ke er	14
伊合昂街道	yi he ang jie dao	2
伊吾军马场	yi wu jun ma chang	3
伊吾镇	yi wu zhen	1
伊和乌素镇	yi he wu su zhen	2
伊和塔拉嘎查	yi he ta la ga cha	3
伊和淖尔苏木	yi he nao er su mu	3
伊基克	yi ji ke	32
伊宁市园艺场	yi ning shi yuan yi chang	3
伊宁铁路	yi ning tie lu	2
伊敏	yi min	35
伊敏嘎查	yi min ga cha	4
伊敏河路	yi min he lu	4
伊斯兰教圣墓	yi si lan jiao sheng mu	4
伊斯兰经学院	yi si lan jing xue yuan	2
伊斯拉木阿瓦提乡	yi si la mu a wa ti xiang	3
伊日乡	yi ri xiang	3
伊明江	yi ming jiang	6
伊林经营所	yi lin jing ying suo	5
伊河漂流	yi he piao liu	5
伊犁地区	yi li di qu	20
伊犁河路街道	yi li he lu jie dao	6
伊犁路	yi li lu	13
伊车嘎善锡伯族乡	yi che ga shan xi bo zu xiang	4
伊通河	yi tong he	17
伊里其乡	yi li qi xiang	4
伍号	wu hao	3
伍堡	wu bao	5
伍堡村	wu bao cun	2
伍堡社区	wu bao she qu	3
伍家井	wu jia jing	4
伍家大院	wu jia da yuan	3
伍家岗	wu jia gang	6
伍家岭	wu jia ling	4
伍家岭路	wu jia ling lu	4
伍家湾乡	wu jia wan xiang	6
伍市	wu shi	4
伍市工业园	wu shi gong ye yuan	4
伍春晖	wu chun hui	4
伍林村	wu lin cun	2
伍浦村	wu pu cun	3
伍涛	wu tao	4
伏波山	fu bo shan	2
伏虎村	fu hu cun	5
休屠王	xiu tu wang	15
休门	xiu men	8
休门街道	xiu men jie dao	5
休闲街	xiu xian jie	3
休闲长廊	xiu xian chang lang	9
众兴村	zhong xing cun	3
众合公司	zhong he gong si	4
众和公司	zhong he gong si	5
众安桥	zhong an qiao	10
众涌	zhong yong	2
众益胡同	zhong yi hu tong	2
优云乡	you yun xiang	1
优越路街道	you yue lu jie dao	2
会同路口	hui tong lu kou	2
会城镇	hui cheng zhen	7
会城门	hui cheng men	4
会战大街	hui zhan da jie	3
会昌街道	hui chang jie dao	3
会泽	hui ze	11
会湖	hui hu	2
会立乡	hui li xiang	6
会计司	kuai ji si	17
会计司胡同	kuai ji si hu tong	5
会龙桥	hui long qiao	1
伞塔路	san ta lu	7
伞铺街	san pu jie	2
伟业星城	wei ye xing cheng	5
伟业路口	wei ye lu kou	5
伟伦楼	wei lun lou	1
伟创力	wei chuang li	5
伟士	wei shi	29
传素瑶族乡	chuan su yao zu xiang	4
伦教	lun jiao	27
伦教医院	lun jiao yi yuan	6
伦教工业区	lun jiao gong ye qu	3
伦教市场	lun jiao shi chang	3
伦教木工机械城	lun jiao mu gong ji xie cheng	4
伦教荔村	lun jiao li cun	2
伦教街道办	lun jiao jie dao ban	6
伦敦路	lun dun lu	6
伦桂路	lun gui lu	6
伦龙	lun long	1
伯元	bo yuan	17
伯公坳	bo gong ao	3
伯安	bo an	5
伯方	bo fang	9
伯爵山庄	bo jue shan zhuang	5
伶站瑶族乡	ling zhan yao zu xiang	2
伽师	jia shi	30
佃坪乡	dian ping xiang	3
佃起中心村	dian qi zhong xin cun	3
佃起村	dian qi cun	5
位邱	wei qiu	7
低坪	di ping	4
低涌	di yong	3
低港	di gang	3
住友家园	zhu you jia yuan	3
佐安村	zuo an cun	3
佐戈依达乡	zuo ge yi da xiang	5
佐盖多玛乡	zuo gai duo ma xiang	3
佐盖曼玛乡	zuo gai man ma xiang	4
佑圣观路口	you sheng guan lu kou	3
佑母塘路	you mu tang lu	3
体育中心南	ti yu zhong xin nan	32
体育中心西	ti yu zhong xin xi	4
体育中心西门	ti yu zhong xin xi men	7
体育公园北门	ti yu gong yuan bei men	3
体育南大街	ti yu nan da jie	7
体育南路	ti yu nan lu	8
体育场小区	ti yu chang xiao qu	5
体育场西门	ti yu chang xi men	6
体育场路口	ti yu chang lu kou	8
体育场路高架	ti yu chang lu gao jia	1
体育大街	ti yu da jie	7
体育西路	ti yu xi lu	40
体育训练中心	ti yu xun lian zhong xin	21
体育馆西路	ti yu guan xi lu	1
体育馆路	ti yu guan lu	6
体院北	ti yuan bei	2
体院北路	ti yuan bei lu	3
体院路	ti yuan lu	1
何仙	he xian	3
何公	he gong	15
何勇兵	he yong bing	3
何厝	he cuo	45
何各庄	he ge zhuang	2
何善衡楼	he shan heng lou	4
何坪乡	he ping xiang	2
何宅	he zhai	9
何宅村	he zhai cun	4
何官	he guan	12
何家三队	he jia san dui	4
何家坳村	he jia ao cun	3
何家垅	he jia long	2
何家寨	he jia zhai	1
何家屯	he jia tun	1
何家峪	he jia yu	3
何家巷	he jia xiang	5
何家庄	he jia zhuang	2
何家村	he jia cun	11
何家桥	he jia qiao	1
何家湾	he jia wan	5
何家湾路	he jia wan lu	4
何家营	he jia ying	11
何家院子	he jia yuan zi	4
何小溪	he xiao xi	3
何山村	he shan cun	3
何岗	he gang	5
何庄	he zhuang	7
何庄村	he zhuang cun	3
何德云	he de yun	3
何明清	he ming qing	4
何春莲	he chun lian	5
何村村	he cun cun	3
何柳	he liu	2
何桥	he qiao	3
何正	he zheng	13
何留	he liu	1
佘家	she jia	1
佘家塘	she jia tang	3
余东	yu dong	28
余坪	yu ping	27
余塅乡	yu duan xiang	2
余墩村	yu dun cun	2
余姚路	yu yao lu	4
余姚路延平路	yu yao lu yan ping lu	3
余家坝	yu jia ba	3
余家大院	yu jia da yuan	3
余家头	yu jia tou	2
余家寨	yu jia zhai	1
余家巷	yu jia xiang	4
余家村	yu jia cun	1
余家林	yu jia lin	3
余家桥	yu jia qiao	4
余家河	yu jia he	2
余家湖	yu jia hu	7
余家湖村	yu jia hu cun	5
余家漾社区	yu jia yang she qu	2
余山村	yu shan cun	3
余干镇	yu gan zhen	1
余庄村	yu zhuang cun	5
余庆桥	yu qing qiao	4
余庆街	yu qing jie	1
余村村	yu cun cun	2
余杭塘上	yu hang tang shang	5
余杭市	yu hang shi	5
余楼村	yu lou cun	4
余湾乡	yu wan xiang	2
余石村	yu shi cun	1
余窑	yu yao	5
余纯顺	yu chun shun	6
余荡	yu dang	4
余荫院	yu yin yuan	3
余西	yu xi	4
余龙	yu long	6
佛光乡	fo guang xiang	2
佛图关	fo tu guan	10
佛坪	fo ping	47
佛坪国家级自然保护区	fo ping guo jia ji zi ran bao hu qu	7
佛堂村	fo tang cun	2
佛子庄	fo zi zhuang	5
佛子庄乡政府	fo zi zhuang xiang zheng fu	4
佛宁门	fo ning men	3
佛山中医院	fo shan zhong yi yuan	3
佛山乐园	fo shan le yuan	6
佛山奥园	fo shan ao yuan	5
佛山火车站	fo shan huo che zhan	9
佛山科技学院北门	fo shan ke ji xue yuan bei men	2
佛岭	fo ling	2
佛岭村	fo ling cun	4
佛平路	fo ping lu	9
佛心桥	fo xin qiao	6
佛星镇	fo xing zhen	1
佛楼镇	fo lou zhen	3
佛陈大桥	fo chen da qiao	7
佛陈路	fo chen lu	7
作古正经	zuo gu zheng jing	2
作疃乡	zuo tuan xiang	4
作阳	zuo yang	6
佟家务村	tong jia wu cun	2
佟家坟	tong jia fen	1
佟家村	tong jia cun	3
佟楼公园	tong lou gong yuan	3
佟营村	tong ying cun	2
佟麟阁路	tong lin ge lu	4
你虾子	ni xia zi	3
佩因	pei yin	3
佳亨路	jia heng lu	4
佳园北里	jia yuan bei li	3
佳境天城	jia jing tian cheng	1
佳宁娜广场	jia ning na guang chang	1
佳木乡	jia mu xiang	2
佳木斯路	jia mu si lu	2
佳木林场	jia mu lin chang	3
佳林路	jia lin lu	3
佳灵路	jia ling lu	11
佳灵路高新路口	jia ling lu gao xin lu kou	3
佳达	jia da	5
佳馨花园	jia xin hua yuan	6
使者校尉	shi zhe xiao wei	3
侉子店村	kua zi dian cun	2
侏儒街道	zhu ru jie dao	3
供应处	gong ying chu	18
供水大厦	gong shui da sha	3
供水总公司	gong shui zong gong si	1
供济堂乡	gong ji tang xiang	3
供电公司	gong dian gong si	22
供销公司	gong xiao gong si	9
供销大厦	gong xiao da sha	5
供销学校	gong xiao xue xiao	7
供销技校	gong xiao ji xiao	3
供销联社	gong xiao lian she	1
供销部	gong xiao bu	6
依兰路	yi lan lu	3
依吉乡	yi ji xiang	3
依安	yi an	24
依果觉乡	yi guo jue xiang	4
依洛乡	yi luo xiang	2
依洛地坝乡	yi luo di ba xiang	2
依盖尔其镇	yi gai er qi zhen	3
依翠园北社区	yi cui yuan bei she qu	2
依西哈拉镇	yi xi ha la zhen	2
依西肯乡	yi xi ken xiang	4
依香	yi xiang	4
侧岭乡	ce ling xiang	2
侨光小学	qiao guang xiao xue	2
侨光西	qiao guang xi	1
侨光路	qiao guang lu	1
侨兴花园	qiao xing hua yuan	3
侨城东路	qiao cheng dong lu	6
侨社	qiao she	17
侨群	qiao qun	3
侨苑	qiao yuan	1
侨雄	qiao xiong	1
侨鸿国际	qiao hong guo ji	1
侯二小区	hou er xiao qu	3
侯位胡同	hou wei hu tong	3
侯堂村	hou tang cun	2
侯家塘	hou jia tang	15
侯家宅	hou jia zhai	2
侯家岗乡	hou jia gang xiang	4
侯家峪村	hou jia yu cun	3
侯家川乡	hou jia chuan xiang	3
侯家庄	hou jia zhuang	1
侯家营镇	hou jia ying zhen	2
侯山窝	hou shan wo	3
侯庄	hou zhuang	1
侯庄子	hou zhuang zi	4
侯庄村委会	hou zhuang cun wei hui	2
侯庄路口南	hou zhuang lu kou nan	2
侯村镇	hou cun zhen	4
侯桥	hou qiao	1
侯楼村	hou lou cun	1
侯贯镇	hou guan zhen	4
侯集回族镇	hou ji hui zu zhen	4
侯马市	hou ma shi	14
便民中心	bian min zhong xin	2
便民河	bian min he	4
便民站	bian min zhan	7
便民街	bian min jie	4
便民街东口	bian min jie dong kou	3
便民街西口	bian min jie xi kou	2
便河边	bian he bian	6
促进小区	cu jin xiao qu	1
促进村	cu jin cun	8
促进社区	cu jin she qu	7
俄亚纳西族乡	e ya na xi zu xiang	5
俄体镇	e ti zhen	3
俄克拉何马州	e ke la he ma zhou	46
俄南	e nan	7
俄多马乡	e duo ma xiang	3
俄尔	e er	7
俄西乡	e xi xiang	3
保丰	bao feng	7
保丰村	bao feng cun	6
保乐路	bao le lu	4
保亭县	bao ting xian	12
保俶路	bao chu lu	10
保健村	bao jian cun	4
保健院	bao jian yuan	7
保元	bao yuan	41
保兴庄	bao xing zhuang	2
保利红棉花园	bao li hong mian hua yuan	5
保力村	bao li cun	3
保升乡	bao sheng xiang	4
保卫村	bao wei cun	1
保国村	bao guo cun	4
保宁桥	bao ning qiao	2
保宁街道	bao ning jie dao	4
保安大街	bao an da jie	2
保安寺	bao an si	9
保安寺街	bao an si jie	6
保安村	bao an cun	3
保安河	bao an he	2
保安沼监狱	bao an zhao jian yu	4
保安里	bao an li	4
保定路	bao ding lu	6
保定道	bao ding dao	2
保山县	bao shan xian	17
保山地区	bao shan di qu	8
保山西道	bao shan xi dao	1
保山道	bao shan dao	4
保工街	bao gong jie	3
保康县	bao kang xian	7
保康路	bao kang lu	5
保德路	bao de lu	2
保旺	bao wang	1
保田	bao tian	22
保石乡	bao shi xiang	3
保福	bao fu	16
保福寺	bao fu si	3
保福寺桥南	bao fu si qiao nan	4
保福寺桥西	bao fu si qiao xi	5
保税区北门	bao shui qu bei men	1
保税区港区	bao shui qu gang qu	3
保税区西门	bao shui qu xi men	2
保联	bao lian	3
保通	bao tong	2
保障桥	bao zhang qiao	1
保靖	bao jing	21
俞大猷墓	yu da you mu	2
俞家	yu jia	24
俞家埭村	yu jia dai cun	2
俞家山	yu jia shan	3
俞家巷	yu jia xiang	6
俞家潭	yu jia tan	3
信丰	xin feng	38
信丰县工业园	xin feng xian gong ye yuan	3
信义假日名城	xin yi jia ri ming cheng	5
信发街道	xin fa jie dao	3
信号厂	xin hao chang	1
信号山公园	xin hao shan gong yuan	1
信合站	xin he zhan	2
信和站	xin he zhan	3
信宜县	xin yi xian	12
信宜市	xin yi shi	46
信息大道	xin xi da dao	5
信息工程学校	xin xi gong cheng xue xiao	1
信用联社	xin yong lian she	7
信诚路口	xin cheng lu kou	4
信谊新村	xin yi xin cun	2
信阳县	xin yang xian	23
信阳地区	xin yang di qu	12
信鸿花园	xin hong hua yuan	4
修家沟	xiu jia gou	2
修文街	xiu wen jie	4
修正路	xiu zheng lu	7
修造厂	xiu zao chang	13
俱乐乡	ju le xiang	3
俸伯	feng bo	2
俸伯小学	feng bo xiao xue	3
俸伯村	feng bo cun	2
倍加皂镇	bei jia zao zhen	2
倒口南村	dao kou nan cun	5
倒西	dao xi	5
倒钞胡同	dao chao hu tong	2
倘庄村	tang zhuang cun	2
候播乃拖乡	hou bo nai tuo xiang	3
候机大楼	hou ji da lou	8
候村	hou cun	1
候潮公寓	hou chao gong yu	4
倚绿山庄	yi lv shan zhuang	4
借母溪乡	jie mu xi xiang	8
倪家	ni jia	15
倪家堰	ni jia yan	2
倪家桥	ni jia qiao	9
倪家桥路	ni jia qiao lu	6
倪巷	ni xiang	2
倴城镇	ben cheng zhen	2
倾多镇	qing duo zhen	3
偃师县	yan shi xian	20
偃师市	yan shi shi	31
假农庄	jia nong zhuang	3
假山新村	jia shan xin cun	3
假老练	jia lao lian	3
偏亮	pian liang	3
偏关	pian guan	32
偏吉乡	pian ji xiang	3
偏坡峪村	pian po yu cun	4
偏坡布依族乡	pian po bu yi zu xiang	2
偏岩乡	pian yan xiang	2
偏岭	pian ling	8
偏店乡	pian dian xiang	3
偏桥子镇	pian qiao zi zhen	4
偕乐桥	xie le qiao	6
停河铺乡	ting he pu xiang	1
停车场路口	ting che chang lu kou	1
健园	jian yuan	2
健康公寓	jian kang gong yu	5
健康村	jian kang cun	13
健康胡同	jian kang hu tong	5
健德门桥东	jian de men qiao dong	3
健德门桥北	jian de men qiao bei	2
健德门桥西	jian de men qiao xi	3
健美乡	jian mei xiang	4
健翔桥	jian xiang qiao	2
健翔桥东	jian xiang qiao dong	4
健翔桥北	jian xiang qiao bei	5
健翔桥西	jian xiang qiao xi	4
健身路	jian shen lu	3
傅厚岗	fu hou gang	10
傅坊乡	fu fang xiang	4
傅家坛林场	fu jia tan lin chang	2
傅家坡	fu jia po	7
傅家堰乡	fu jia yan xiang	4
傅家巷	fu jia xiang	4
傅家洲	fu jia zhou	7
傅村	fu cun	6
傍河	bang he	1
傍河乡	bang he xiang	1
储奇门	chu qi men	9
储库营	chu ku ying	1
储库营胡同	chu ku ying hu tong	4
储运处	chu yun chu	4
傲徕峰	ao lai feng	2
僧固	seng gu	3
儋县	dan xian	25
儒山	ru shan	3
儒林社区	ru lin she qu	2
儒林雅居	ru lin ya ju	5
儒江	ru jiang	2
儿口	er kou	4
儿娃子	er wa zi	15
儿童医学中心	er tong yi xue zhong xin	18
儿童医院天桥	er tong yi yuan tian qiao	4
儿童医院路口西	er tong yi yuan lu kou xi	2
儿童福利院	er tong fu li yuan	10
元东	yuan dong	3
元北	yuan bei	6
元台子	yuan tai zi	3
元和建材城	yuan he jian cai cheng	3
元坑	yuan keng	5
元坪村	yuan ping cun	2
元培中学	yuan pei zhong xue	3
元堡子镇	yuan bao zi zhen	2
元大都城垣遗址公园	yuan da du cheng yuan yi zhi gong yuan	7
元子街镇	yuan zi jie zhen	3
元宝山	yuan bao shan	28
元山子村	yuan shan zi cun	4
元岗	yuan gang	23
元岗街道	yuan gang jie dao	5
元岭	yuan ling	4
元帅庙	yuan shuai miao	7
元庄	yuan zhuang	4
元江县	yuan jiang xian	5
元洪城	yuan hong cheng	3
元潭	yuan tan	5
元石乡	yuan shi xiang	2
元纬路	yuan wei lu	2
元聚	yuan ju	4
元营	yuan ying	3
元西	yuan xi	7
元通北路	yuan tong bei lu	2
元门村	yuan men cun	3
元霄灯会	yuan xiao deng hui	3
元高	yuan gao	10
元鹏	yuan peng	2
元龙寺乡	yuan long si xiang	5
充古乡	chong gu xiang	2
兆丰桥	zhao feng qiao	4
兆丰花园	zhao feng hua yuan	1
兆嘉乡	zhao jia xiang	2
兆园	zhao yuan	6
兆祥东路	zhao xiang dong lu	4
兆祥公园	zhao xiang gong yuan	1
先丰	xian feng	6
先人板板	xian ren ban ban	3
先农坛	xian nong tan	21
先峰乡	xian feng xiang	3
先拜巴扎镇	xian bai ba zha zhen	5
先施大厦	xian shi da sha	4
先春园大街	xian chun yuan da jie	2
先晓胡同	xian xiao hu tong	4
先源乡	xian yuan xiang	3
先行街道	xian xing jie dao	6
先进居委会	xian jin ju wei hui	4
先遣乡	xian qian xiang	5
先锋厅	xian feng ting	1
先锋村	xian feng cun	13
先锋路	xian feng lu	13
先锋道街道	xian feng dao jie dao	2
光中路	guang zhong lu	1
光前村	guang qian cun	1
光华中路	guang hua zhong lu	3
光华厂	guang hua chang	4
光华县	guang hua xian	2
光华园	guang hua yuan	6
光华村街	guang hua cun jie	8
光华村街西	guang hua cun jie xi	3
光华桥	guang hua qiao	4
光华桥北	guang hua qiao bei	3
光华桥南	guang hua qiao nan	4
光华桥西	guang hua qiao xi	4
光华街	guang hua jie	4
光华路	guang hua lu	48
光华路东口	guang hua lu dong kou	5
光华门	guang hua men	8
光塔街道	guang ta jie dao	1
光塔路	guang ta lu	2
光孝	guang xiao	46
光孝村	guang xiao cun	3
光孝菩提	guang xiao pu ti	4
光山村	guang shan cun	3
光岳楼	guang yue lou	4
光彩批发市场	guang cai pi fa shi chang	3
光彩胡同	guang cai hu tong	4
光德	guang de	5
光德村	guang de cun	1
光新路	guang xin lu	15
光明东街	guang ming dong jie	3
光明农场	guang ming nong chang	4
光明北社区	guang ming bei she qu	3
光明南街	guang ming nan jie	1
光明小区	guang ming xiao qu	1
光明居委会	guang ming ju wei hui	4
光明巷	guang ming xiang	4
光明市场	guang ming shi chang	2
光明新村	guang ming xin cun	7
光明村	guang ming cun	23
光明桥	guang ming qiao	17
光明桥东	guang ming qiao dong	4
光明楼	guang ming lou	4
光明港公园	guang ming gang gong yuan	6
光明眼病医院	guang ming yan bing yi yuan	3
光明胡同	guang ming hu tong	9
光明街	guang ming jie	37
光明路口	guang ming lu kou	6
光明道	guang ming dao	2
光明里社区	guang ming li she qu	4
光武庙	guang wu miao	4
光泽胡同	guang ze hu tong	3
光烈	guang lie	25
光熙门	guang xi men	2
光熙门北里	guang xi men bei li	1
光熙门北里北社区	guang xi men bei li bei she qu	2
光熙门南里社区	guang xi men nan li she qu	3
光生	guang sheng	27
光禄坊	guang lu fang	6
光耀村	guang yao cun	4
光荣村	guang rong cun	1
光荣路	guang rong lu	7
光荣道	guang rong dao	3
光裕堡乡	guang yu bao xiang	3
光裕里	guang yu li	4
光谷太阳城	guang gu tai yang cheng	2
光辉巷	guang hui xiang	5
光辉村	guang hui cun	4
光阳	guang yang	49
克一河镇	ke yi he zhen	3
克东	ke dong	7
克东路	ke dong lu	6
克令乡	ke ling xiang	6
克伯克于孜乡	ke bo ke yu zi xiang	4
克其力克农场	ke qi li ke nong chang	3
克孜勒苏乡	ke zi le su xiang	3
克孜勒苏州	ke zi le su zhou	6
克孜勒陶乡	ke zi le tao xiang	5
克尔古提乡	ke er gu ti xiang	6
克山路	ke shan lu	6
克拉玛依东路	ke la ma yi dong lu	1
克拉玛依市	ke la ma yi shi	31
克拉玛依西路	ke la ma yi xi lu	7
克拉玛依路	ke la ma yi lu	8
克林乡	ke lin xiang	1
克果乡	ke guo xiang	3
克玛乡	ke ma xiang	2
克虎镇	ke hu zhen	6
克西路	ke xi lu	1
克赖斯特彻奇	ke lai si te che qi	12
克里斯托巴尔	ke li si tuo ba er	15
克里阳乡	ke li yang xiang	4
克长乡	ke chang xiang	1
免税商场	mian shui shang chang	5
免税商店	mian shui shang dian	19
兔儿山	tu er shan	6
兔街镇	tu jie zhen	3
兖州县	yan zhou xian	3
兖州市	yan zhou shi	18
党坝乡	dang ba xiang	3
党坪苗族乡	dang ping miao zu xiang	5
党家沟村	dang jia gou cun	4
党岔镇	dang cha zhen	5
党川乡	dang chuan xiang	3
党巴	dang ba	3
党巴乡	dang ba xiang	5
党庙村	dang miao cun	2
党政机关办公区	dang zheng ji guan ban gong qu	6
党留庄乡	dang liu zhuang xiang	2
党集乡	dang ji xiang	1
全兴路	quan xing lu	1
全兴路中	quan xing lu zhong	3
全南	quan nan	47
全安街道	quan an jie dao	4
全家场村	quan jia chang cun	2
全心村	quan xin cun	4
全椒路	quan jiao lu	3
全民乡	quan min xiang	2
全球通大厦	quan qiu tong da sha	14
全省总计	quan sheng zong ji	1
全程公里	quan cheng gong li	1
全胜村	quan sheng cun	4
八一七中路	ba yi qi zhong lu	1
八一七北路	ba yi qi bei lu	1
八一七南路	ba yi qi nan lu	4
八一七路	ba yi qi lu	2
八一五中路	ba yi wu zhong lu	4
八一停车场	ba yi ting che chang	2
八一农场	ba yi nong chang	1
八一农大	ba yi nong da	4
八一分场	ba yi fen chang	2
八一大	ba yi da	8
八一家具城	ba yi jia ju cheng	5
八一射击场	ba yi she ji chang	4
八一小学	ba yi xiao xue	4
八一总场	ba yi zong chang	7
八一村	ba yi cun	2
八一桥	ba yi qiao	25
八一桥街道	ba yi qiao jie dao	3
八一水库	ba yi shui ku	2
八一湖	ba yi hu	3
八一街	ba yi jie	5
八一路口	ba yi lu kou	3
八一饭店	ba yi fan dian	3
八七路	ba qi lu	2
八七路东段	ba qi lu dong duan	2
八中	ba zhong	12
八乡山镇	ba xiang shan zhen	5
八乡村	ba xiang cun	3
八于乡	ba yu xiang	3
八五零农场	ba wu ling nong chang	3
八仙岭公园	ba xian ling gong yuan	5
八仙庄	ba xian zhuang	5
八仙庵	ba xian an	7
八仙村	ba xian cun	1
八兴滩	ba xing tan	3
八农场	ba nong chang	3
八十中学	ba shi zhong xue	1
八千平社区	ba qian ping she qu	2
八南社区	ba nan she qu	2
八卦一路	ba gua yi lu	2
八卦三路	ba gua san lu	7
八卦二路	ba gua er lu	7
八卦四路	ba gua si lu	7
八卦岭	ba gua ling	17
八卦工业区	ba gua gong ye qu	3
八卦新村	ba gua xin cun	3
八卦洲	ba gua zhou	21
八卦田	ba gua tian	8
八卦花园	ba gua hua yuan	4
八卦路	ba gua lu	35
八厂	ba chang	16
八古墩	ba gu dun	6
八号桥	ba hao qiao	4
八咏楼	ba yong lou	3
八团乡	ba tuan xiang	5
八圩瑶族乡	ba xu yao zu xiang	3
八圩镇	ba xu zhen	2
八坊	ba fang	17
八坊街道	ba fang jie dao	2
八堡	ba bao	29
八墙子乡	ba qiang zi xiang	5
八大人胡同	ba da ren hu tong	2
八大公山乡	ba da gong shan xiang	4
八大处中学	ba da chu zhong xue	5
八大处公园	ba da chu gong yuan	9
八大石	ba da shi	3
八女投江	ba nv tou jiang	11
八孔	ba kong	20
八字墙	ba zi qiang	4
八字桥	ba zi qiao	42
八字桥村	ba zi qiao cun	1
八宝前街	ba bao qian jie	6
八宝坑胡同	ba bao keng hu tong	2
八宝山地铁	ba bao shan di tie	6
八宝庄	ba bao zhuang	5
八宝庄社区	ba bao zhuang she qu	2
八宝胡同	ba bao hu tong	3
八宝街	ba bao jie	11
八家	ba jia	13
八家户	ba jia hu	2
八家户农场	ba jia hu nong chang	6
八家社区	ba jia she qu	3
八家路	ba jia lu	4
八宿	ba su	33
八寨沟	ba zhai gou	1
八府塘	ba fu tang	2
八府庄	ba fu zhuang	7
八廓街道	ba kuo jie dao	3
八总	ba zong	4
八总乡	ba zong xiang	1
八户梁	ba hu liang	6
八房湾	ba fang wan	2
八方大厦	ba fang da sha	3
八日乡	ba ri xiang	3
八条巷	ba tiao xiang	1
八松乡	ba song xiang	2
八桂	ba gui	9
八桂大厦	ba gui da sha	3
八棵杨社区	ba ke yang she qu	5
八楞乡	ba leng xiang	2
八步乡	ba bu xiang	4
八步口胡同	ba bu kou hu tong	3
八渡	ba du	1
八渡瑶族乡	ba du yao zu xiang	1
八王坟	ba wang fen	12
八珠乡	ba zhu xiang	4
八盖乡	ba gai xiang	1
八窝龙乡	ba wo long xiang	2
八纬北路	ba wei bei lu	3
八纬路	ba wei lu	2
八经路	ba jing lu	3
八美	ba mei	7
八耳镇	ba er zhen	4
八腊瑶族乡	ba la yao zu xiang	4
八苏木	ba su mu	3
八街坊东社区	ba jie fang dong she qu	2
八街坊西社区	ba jie fang xi she qu	2
八衣绒乡	ba yi rong xiang	2
八角井	ba jiao jing	6
八角亭村	ba jiao ting cun	4
八角北路东口	ba jiao bei lu dong kou	3
八角北路特钢社区	ba jiao bei lu te gang she qu	4
八角南路	ba jiao nan lu	1
八角南里社区	ba jiao nan li she qu	2
八角庙	ba jiao miao	1
八角村	ba jiao cun	4
八角楼	ba jiao lou	35
八角楼乡	ba jiao lou xiang	5
八角西街	ba jiao xi jie	5
八角西街北口	ba jiao xi jie bei kou	3
八角路	ba jiao lu	2
八路军办事处	ba lu jun ban shi chu	34
八达大厦	ba da da sha	3
八达岭温泉度假村	ba da ling wen quan du jia cun	4
八达岭陵园	ba da ling ling yuan	7
八道江	ba dao jiang	10
八道沟村	ba dao gou cun	4
八道河	ba dao he	9
八道湾	ba dao wan	2
八道湾胡同	ba dao wan hu tong	5
八道湾街道	ba dao wan jie dao	4
八道街道	ba dao jie dao	3
八邦	ba bang	5
八都	ba du	8
八里台立交桥	ba li tai li jiao qiao	5
八里堡街道	ba li bao jie dao	4
八里小区	ba li xiao qu	6
八里屯	ba li tun	3
八里庄	ba li zhuang	20
八里庄东里社区	ba li zhuang dong li she qu	4
八里庄北里	ba li zhuang bei li	1
八里庄北里东站	ba li zhuang bei li dong zhan	3
八里庄南里	ba li zhuang nan li	5
八里庄村村委会	ba li zhuang cun cun wei hui	2
八里庄西里社区	ba li zhuang xi li she qu	4
八里庄路	ba li zhuang lu	3
八里庄路北	ba li zhuang lu bei	3
八里店	ba li dian	3
八里庙	ba li miao	3
八里庙村委会	ba li miao cun wei hui	2
八里村	ba li cun	10
八里桥	ba li qiao	35
八里桥北站	ba li qiao bei zhan	2
八里桥社区	ba li qiao she qu	3
八里河	ba li he	18
八里湾	ba li wan	7
八里街	ba li jie	7
八铺街	ba pu jie	3
八门城镇	ba men cheng zhen	1
八门村	ba men cun	2
八陡	ba dou	4
八院	ba yuan	17
八马路	ba ma lu	2
八马路街道	ba ma lu jie dao	2
公主坟	gong zhu fen	34
公主坟东	gong zhu fen dong	2
公主坟村	gong zhu fen cun	6
公主坟站	gong zhu fen zhan	2
公主坟西	gong zhu fen xi	1
公交一公司	gong jiao yi gong si	4
公交三公司	gong jiao san gong si	5
公交东站	gong jiao dong zhan	3
公交二公司	gong jiao er gong si	4
公交二场	gong jiao er chang	2
公交五公司	gong jiao wu gong si	5
公交五公司家属院	gong jiao wu gong si jia shu yuan	3
公交修理厂	gong jiao xiu li chang	5
公交停靠站	gong jiao ting kao zhan	1
公交八公司	gong jiao ba gong si	7
公交六公司	gong jiao liu gong si	9
公交六公司东区	gong jiao liu gong si dong qu	4
公交六公司西区	gong jiao liu gong si xi qu	5
公交分局	gong jiao fen ju	12
公交华丰停车场	gong jiao hua feng ting che chang	3
公交南站	gong jiao nan zhan	4
公交四公司	gong jiao si gong si	1
公交大修厂	gong jiao da xiu chang	5
公交宿舍	gong jiao su she	5
公交广告公司	gong jiao guang gao gong si	7
公交总公司东	gong jiao zong gong si dong	4
公交总公司南	gong jiao zong gong si nan	4
公交技校	gong jiao ji xiao	6
公交新村	gong jiao xin cun	4
公交花园	gong jiao hua yuan	3
公交集团公司	gong jiao ji tuan gong si	5
公交驾校	gong jiao jia xiao	10
公兴路	gong xing lu	1
公利医院	gong li yi yuan	5
公务大厦	gong wu da sha	2
公合	gong he	2
公吉寺镇	gong ji si zhen	3
公和	gong he	9
公和庄	gong he zhuang	3
公园中路	gong yuan zhong lu	1
公园北街	gong yuan bei jie	4
公园北路	gong yuan bei lu	7
公园北门	gong yuan bei men	7
公园区	gong yuan qu	19
公园南街	gong yuan nan jie	4
公园南路中段	gong yuan nan lu zhong duan	4
公园南路北口	gong yuan nan lu bei kou	5
公园新村	gong yuan xin cun	1
公园桥	gong yuan qiao	3
公园绿涛湾	gong yuan lv tao wan	2
公园西路	gong yuan xi lu	4
公园西门	gong yuan xi men	7
公塘乡	gong tang xiang	2
公安农场	gong an nong chang	2
公安医院	gong an yi yuan	1
公安大楼	gong an da lou	6
公安学校	gong an xue xiao	31
公安巷	gong an xiang	3
公安干校	gong an gan xiao	3
公安村	gong an cun	10
公平水库	gong ping shui ku	4
公平路	gong ping lu	10
公庄	gong zhuang	26
公店乡	gong dian xiang	3
公德屯	gong de tun	2
公教一村	gong jiao yi cun	1
公明镇	gong ming zhen	1
公检法大楼	gong jian fa da lou	4
公正路	gong zheng lu	13
公沟	gong gou	2
公益东桥	gong yi dong qiao	2
公益东桥北	gong yi dong qiao bei	2
公益桥	gong yi qiao	6
公益桥北	gong yi qiao bei	3
公益西桥北	gong yi xi qiao bei	3
公积金中心	gong ji jin zhong xin	7
公立村	gong li cun	4
公管所	gong guan suo	4
公腊胡洞乡	gong la hu dong xiang	3
公议庄	gong yi zhuang	3
公路二局	gong lu er ju	4
公路分局	gong lu fen ju	10
公路小区	gong lu xiao qu	2
公路总段	gong lu zong duan	10
公道镇	gong dao zhen	5
六一环岛	liu yi huan dao	5
六一路	liu yi lu	3
六二三路	liu er san lu	9
六公主坟	liu gong zhu fen	5
六公园	liu gong yuan	10
六农场	liu nong chang	2
六分场	liu fen chang	8
六十三团场	liu shi san tuan chang	3
六十九中	liu shi jiu zhong	1
六十九团	liu shi jiu tuan	2
六十二中学	liu shi er zhong xue	1
六十二团场	liu shi er tuan chang	3
六十五中学	liu shi wu zhong xue	6
六十八团	liu shi ba tuan	3
六十六团场	liu shi liu tuan chang	2
六十四团场	liu shi si tuan chang	2
六厂	liu chang	36
六号大街三号路口	liu hao da jie san hao lu kou	3
六号桥	liu hao qiao	6
六号门	liu hao men	4
六合县	lu he xian	35
六合园	lu he yuan	5
六合园南社区	lu he yuan nan she qu	2
六合垸农场	lu he yuan nong chang	3
六合天寓	lu he tian yu	5
六合彝族乡	lu he yi zu xiang	2
六合路	lu he lu	9
六和塔	liu he ta	16
六和桥	liu he qiao	4
六和路新生路口	liu he lu xin sheng lu kou	3
六圈	liu quan	16
六堆子	liu dui zi	4
六堡	liu bao	10
六塘公寓	liu tang gong yu	3
六大市场	liu da shi chang	1
六大队	liu da dui	11
六安县	lu an xian	22
六安地	lu an di	3
六安地区	lu an di qu	12
六安路	lu an lu	3
六官营子镇	liu guan ying zi zhen	2
六岙	liu ao	1
六庄村	liu zhuang cun	2
六所乡	liu suo xiang	2
六指街道	liu zhi jie dao	4
六教	liu jiao	20
六斗	liu dou	28
六村堡	liu cun bao	9
六村堡办事处	liu cun bao ban shi chu	2
六村堡工业园	liu cun bao gong ye yuan	5
六步村	liu bu cun	2
六民乡	liu min xiang	2
六江	liu jiang	7
六河乡	liu he xiang	4
六渡	liu du	1
六灶	liu zao	5
六甲村	liu jia cun	4
六画	liu hua	4
六盘水市钟山区	liu pan shui shi zhong shan qu	3
六硍镇	liu yin zhen	2
六约村	liu yue cun	1
六纬路	liu wei lu	2
六经路	liu jing lu	4
六联村	liu lian cun	5
六股道	liu gu dao	3
六胜塔	liu sheng ta	4
六营门	liu ying men	4
六营门社区	liu ying men she qu	3
六街坊东社区	liu jie fang dong she qu	2
六街坊西社区	liu jie fang xi she qu	3
六道口	liu dao kou	6
六道口社区	liu dao kou she qu	4
六道口街道	liu dao kou jie dao	2
六道河	liu dao he	6
六道湾	liu dao wan	1
六道湾医院	liu dao wan yi yuan	3
六道湾街道	liu dao wan jie dao	6
六道门	liu dao men	3
六郎庄	liu lang zhuang	2
六郎庄村	liu lang zhuang cun	6
六部口	liu bu kou	6
六部桥	liu bu qiao	1
六都	liu du	10
六都村	liu du cun	3
六里屯	liu li tun	11
六里屯村	liu li tun cun	6
六里山	liu li shan	2
六里桥东	liu li qiao dong	1
六里桥北	liu li qiao bei	5
六里桥北里	liu li qiao bei li	2
六里桥南	liu li qiao nan	7
六里桥村	liu li qiao cun	1
六里桥西	liu li qiao xi	5
六里桥长途客运站	liu li qiao chang tu ke yun zhan	7
六里桥长途站	liu li qiao chang tu zhan	6
六铁乡	liu tie xiang	3
六铺炕	liu pu kang	4
六铺街	liu pu jie	2
六门乡	liu men xiang	2
六顺街道	liu shun jie dao	3
六马乡	liu ma xiang	1
六马路	liu ma lu	10
兰亭雅苑	lan ting ya yuan	3
兰园	lan yuan	8
兰园社区	lan yuan she qu	6
兰圃	lan pu	23
兰坪	lan ping	27
兰坪县	lan ping xian	7
兰坪路	lan ping lu	1
兰城路	lan cheng lu	4
兰埔	lan pu	5
兰家院子	lan jia yuan zi	2
兰峪乡	lan yu xiang	2
兰州东路	lan zhou dong lu	5
兰州西路	lan zhou xi lu	1
兰州路	lan zhou lu	3
兰州道	lan zhou dao	9
兰干路	lan gan lu	6
兰德湖	lan de hu	3
兰新线	lan xin xian	13
兰旗卡伦乡	lan qi ka lun xiang	2
兰木乡	lan mu xiang	5
兰桂花园	lan gui hua yuan	5
兰桥	lan qiao	12
兰桥镇	lan qiao zhen	5
兰湖	lan hu	40
兰溪县	lan xi xian	23
兰溪口村	lan xi kou cun	4
兰溪村	lan xi cun	5
兰溪瑶族乡	lan xi yao zu xiang	6
兰溪路	lan xi lu	1
兰溪门	lan xi men	1
兰田	lan tian	18
兰田村	lan tian cun	5
兰田瑶族乡	lan tian yao zu xiang	3
兰竹路	lan zhu lu	5
兰翔新村	lan xiang xin cun	3
兰花市场	lan hua shi chang	2
兰花新村	lan hua xin cun	3
兰花村	lan hua cun	1
兰苑路	lan yuan lu	2
兰英乡	lan ying xiang	4
兰茶	lan cha	3
兰蓉乡	lan rong xiang	6
兰采乡	lan cai xiang	1
兰阿	lan a	7
兰陵路	lan ling lu	4
兰韵天城	lan yun tian cheng	2
共乐街道	gong le jie dao	2
共兴村	gong xing cun	3
共兴镇	gong xing zhen	3
共升村	gong sheng cun	4
共同村	gong tong cun	5
共和巷	gong he xiang	4
共和新村	gong he xin cun	4
共和新路	gong he xin lu	8
共和新路场中路	gong he xin lu chang zhong lu	4
共和新路芷江西路	gong he xin lu zhi jiang xi lu	4
共和村	gong he cun	30
共和路	gong he lu	13
共安彝族乡	gong an yi zu xiang	5
共富新村	gong fu xin cun	1
共富路	gong fu lu	6
共康七村	gong kang qi cun	3
共康东路	gong kang dong lu	4
共康中学	gong kang zhong xue	6
共康八村	gong kang ba cun	4
共康六村	gong kang liu cun	3
共康四村	gong kang si cun	4
共康新村	gong kang xin cun	4
共康路	gong kang lu	7
共星	gong xing	6
共江路	gong jiang lu	7
共联村	gong lian cun	6
共裕村	gong yu cun	4
共青团路	gong qing tuan lu	1
共青开放开发区	gong qing kai fang kai fa qu	2
关东店	guan dong dian	5
关东店北街东口	guan dong dian bei jie dong kou	2
关公乡	guan gong xiang	4
关南	guan nan	21
关南小区	guan nan xiao qu	3
关卜乡	guan bu xiang	3
关口街道办事处	guan kou jie dao ban shi chu	5
关后街	guan hou jie	1
关址村	guan zhi cun	4
关坝乡	guan ba xiang	4
关家川乡	guan jia chuan xiang	3
关家村	guan jia cun	3
关山一路	guan shan yi lu	9
关山中学	guan shan zhong xue	9
关山口	guan shan kou	7
关山口华中科技大学	guan shan kou hua zhong ke ji da xue	2
关山村	guan shan cun	9
关山饭店	guan shan fan dian	3
关市镇	guan shi zhen	4
关帝乡	guan di xiang	3
关帝庙村	guan di miao cun	1
关庄	guan zhuang	15
关庄乡	guan zhuang xiang	4
关庄居委会	guan zhuang ju wei hui	2
关庙村	guan miao cun	4
关正街	guan zheng jie	6
关河东路	guan he dong lu	3
关河中路	guan he zhong lu	3
关河西路	guan he xi lu	3
关河路	guan he lu	1
关渡乡	guan du xiang	2
关爷庙	guan ye miao	3
关王	guan wang	6
关王庙	guan wang miao	9
关西小区	guan xi xiao qu	7
关路乡	guan lu xiang	2
关门乡	guan men xiang	5
关门山	guan men shan	28
兴业东路	xing ye dong lu	3
兴业中	xing ye zhong	1
兴业中路	xing ye zhong lu	3
兴业公司	xing ye gong si	18
兴业大街	xing ye da jie	5
兴业街	xing ye jie	9
兴业西路	xing ye xi lu	1
兴业路	xing ye lu	15
兴业里	xing ye li	3
兴东机场	xing dong ji chang	1
兴中路	xing zhong lu	47
兴中门	xing zhong men	5
兴丰北大街	xing feng bei da jie	2
兴丰街南口	xing feng jie nan kou	2
兴义县	xing yi xian	5
兴义市	xing yi shi	35
兴义路	xing yi lu	2
兴乔	xing qiao	4
兴云小区	xing yun xiao qu	4
兴元嘉园	xing yuan jia yuan	5
兴关路街道	xing guan lu jie dao	2
兴化县	xing hua xian	31
兴化市	xing hua shi	15
兴化路	xing hua lu	8
兴北	xing bei	8
兴华一路	xing hua yi lu	5
兴华中学	xing hua zhong xue	3
兴华二路	xing hua er lu	2
兴华公司	xing hua gong si	6
兴华北街	xing hua bei jie	14
兴华北路	xing hua bei lu	3
兴华南小区	xing hua nan xiao qu	6
兴华园	xing hua yuan	7
兴华宾馆	xing hua bin guan	2
兴华小区	xing hua xiao qu	1
兴华村	xing hua cun	5
兴华水族乡	xing hua shui zu xiang	2
兴华胡同	xing hua hu tong	1
兴华街	xing hua jie	42
兴华路	xing hua lu	9
兴华路街道	xing hua lu jie dao	5
兴南街	xing nan jie	4
兴卫	xing wei	5
兴各庄村	xing ge zhuang cun	2
兴和朝鲜族乡	xing he chao xian zu xiang	2
兴唐寺乡	xing tang si xiang	7
兴善寺东街	xing shan si dong jie	6
兴善寺西街	xing shan si xi jie	2
兴善寺西街西口	xing shan si xi jie xi kou	3
兴围村	xing wei cun	3
兴国路	xing guo lu	14
兴城县	xing cheng xian	7
兴城市	xing cheng shi	14
兴城路	xing cheng lu	6
兴宁县	xing ning xian	17
兴宁市	xing ning shi	24
兴宁桥	xing ning qiao	5
兴宁桥东	xing ning qiao dong	4
兴安堡村	xing an bao cun	3
兴安宾馆	xing an bin guan	3
兴安路	xing an lu	31
兴家小区	xing jia xiao qu	2
兴宾	xing bin	7
兴寿	xing shou	14
兴寿村	xing shou cun	4
兴寿站	xing shou zhan	1
兴寿镇政府	xing shou zhen zheng fu	5
兴山村	xing shan cun	3
兴工街	xing gong jie	20
兴平仓	xing ping cang	3
兴平县	xing ping xian	26
兴平市	xing ping shi	28
兴庆公园	xing qing gong yuan	9
兴庆公园北门	xing qing gong yuan bei men	3
兴庆路	xing qing lu	10
兴康北路	xing kang bei lu	2
兴怀大街	xing huai da jie	5
兴房东里社区	xing fang dong li she qu	2
兴手袋厂	xing shou dai chang	2
兴政街西口	xing zheng jie xi kou	3
兴旺店	xing wang dian	1
兴旺村	xing wang cun	2
兴旺胡同	xing wang hu tong	3
兴楼	xing lou	26
兴武林村	xing wu lin cun	3
兴民路	xing min lu	6
兴汉路	xing han lu	6
兴汉门	xing han men	2
兴河	xing he	7
兴泰	xing tai	28
兴泰路	xing tai lu	4
兴海	xing hai	40
兴海大道	xing hai da dao	1
兴海学校	xing hai xue xiao	4
兴海管理区	xing hai guan li qu	3
兴港	xing gang	3
兴港大道	xing gang da dao	4
兴湖路	xing hu lu	4
兴环	xing huan	1
兴盛大厦	xing sheng da sha	2
兴盛街	xing sheng jie	5
兴盛街西口	xing sheng jie xi kou	3
兴礼	xing li	8
兴福兴	xing fu xing	4
兴胜	xing sheng	10
兴胜村	xing sheng cun	4
兴胜社区	xing sheng she qu	4
兴花	xing hua	4
兴蒙蒙古族乡	xing meng meng gu zu xiang	3
兴达集团	xing da ji tuan	4
兴都花园	xing du hua yuan	5
兴都苑小区	xing du yuan xiao qu	3
兴阳	xing yang	5
兴隆区	xing long qu	5
兴隆台	xing long tai	17
兴隆台锡伯族镇	xing long tai xi bo zu zhen	4
兴隆地	xing long di	1
兴隆家园	xing long jia yuan	1
兴隆寨	xing long zhai	4
兴隆屯	xing long tun	5
兴隆巷	xing long xiang	2
兴隆庄	xing long zhuang	20
兴隆村	xing long cun	11
兴隆苗族乡	xing long miao zu xiang	3
兴隆街	xing long jie	35
兴隆路	xing long lu	25
兴顺街	xing shun jie	3
兴马乡	xing ma xiang	2
兵团一团	bing tuan yi tuan	3
兵团一牧场	bing tuan yi mu chang	5
兵团七十九团	bing tuan qi shi jiu tuan	3
兵团三建	bing tuan san jian	3
兵团八十三团	bing tuan ba shi san tuan	4
兵团农一师九团	bing tuan nong yi shi jiu tuan	3
兵团农一师十三团	bing tuan nong yi shi shi san tuan	3
兵团农十二师三坪农场	bing tuan nong shi er shi san ping nong chang	4
兵团农十二师五一农场	bing tuan nong shi er shi wu yi nong chang	3
兵团医院	bing tuan yi yuan	4
兵团司令部	bing tuan si ling bu	16
兵团四建	bing tuan si jian	5
兵团奇台农场	bing tuan qi tai nong chang	2
兵团火箭农场	bing tuan huo jian nong chang	2
兵团黄田农场	bing tuan huang tian nong chang	2
兵房	bing fang	19
兵港	bing gang	4
兵运司	bing yun si	4
兵部洼	bing bu wa	4
兵部洼胡同	bing bu wa hu tong	6
兵马司	bing ma si	35
兵马司胡同	bing ma si hu tong	2
兵马营	bing ma ying	2
其中口乡	qi zhong kou xiang	3
其国	qi guo	10
其坑	qi keng	4
其尾	qi wei	9
具厂	ju chang	3
具城	ju cheng	6
具广	ju guang	3
典补乡	dian bu xiang	2
典雅居	dian ya ju	1
养子沟	yang zi gou	7
养殖小区	yang zhi xiao qu	1
养猪厂	yang zhu chang	4
养禽厂	yang qin chang	2
养禽场	yang qin chang	4
养路总段	yang lu zong duan	4
养路段	yang lu duan	1
养路费征稽处	yang lu fei zheng ji chu	4
养马甸子乡	yang ma dian zi xiang	3
养马营	yang ma ying	3
养鱼池路	yang yu chi lu	1
养鸡场	yang ji chang	30
兽医站	shou yi zhan	20
冀县	ji xian	28
冀州市	ji zhou shi	29
冀氏镇	ji shi zhen	4
内丘	nei qiu	22
内东河区	nei dong he qu	2
内军庄	nei jun zhuang	2
内务部街	nei wu bu jie	8
内厝	nei cuo	13
内厝村	nei cuo cun	3
内地村	nei di cun	2
内坑	nei keng	7
内坑村	nei keng cun	1
内官庄村	nei guan zhuang cun	4
内官镇	nei guan zhen	4
内尔逊	nei er xun	3
内山村	nei shan cun	2
内岗	nei gang	6
内春村	nei chun cun	3
内村村	nei cun cun	4
内江公园	nei jiang gong yuan	1
内江市东兴	nei jiang shi dong xing	5
内江市东兴区	nei jiang shi dong xing qu	7
内江路	nei jiang lu	7
内洋	nei yang	2
内洋村	nei yang cun	3
内洞	nei dong	11
内湖村	nei hu cun	1
内湖湾	nei hu wan	3
内溪乡	nei xi xiang	5
内灶村	nei zao cun	3
内环路	nei huan lu	34
内盖夫的沙漠城镇	nei gai fu de sha mo cheng zhen	2
内碧村	nei bi cun	2
内社	nei she	36
内社村	nei she cun	2
内苑村	nei yuan cun	4
内茂	nei mao	4
内蒙古区	nei meng gu qu	2
内蒙古医院	nei meng gu yi yuan	1
内蒙古工业大学	nei meng gu gong ye da xue	12
内蒙古电力学校	nei meng gu dian li xue xiao	2
内蒙古电视台	nei meng gu dian shi tai	13
内蒙古白绒山羊种羊场	nei meng gu bai rong shan yang zhong yang chang	3
内蒙古精神卫生中心	nei meng gu jing shen wei sheng zhong xin	5
内许	nei xu	3
内都	nei du	14
冈纬路	gang wei lu	2
冈陵	gang ling	4
冉家坪	ran jia ping	4
冉店乡	ran dian xiang	3
册井乡	ce jing xiang	3
册亨	ce heng	31
再生资源市场	zai sheng zi yuan shi chang	7
再行路	zai xing lu	1
冒家巷	mao jia xiang	3
冒皮皮	mao pi pi	15
冒辟疆	mao bi jiang	2
写轮眼	xie lun yan	36
军仓乡	jun cang xiang	2
军供大厦	jun gong da sha	4
军供站	jun gong zhan	4
军区大院	jun qu da yuan	18
军区总医院	jun qu zong yi yuan	43
军区总院	jun qu zong yuan	2
军区招待所	jun qu zhao dai suo	3
军区联勤部大院社区	jun qu lian qin bu da yuan she qu	2
军响	jun xiang	5
军地坪街道	jun di ping jie dao	7
军城镇	jun cheng zhen	5
军埔	jun pu	7
军寨	jun zhai	5
军寮	jun liao	2
军山街道	jun shan jie dao	6
军工路	jun gong lu	28
军庄	jun zhuang	3
军庄小学	jun zhuang xiao xue	3
军庄镇政府	jun zhuang zhen zheng fu	3
军庄镇新村	jun zhuang zhen xin cun	3
军张村	jun zhang cun	3
军桥	jun qiao	6
军田	jun tian	10
军田坝	jun tian ba	3
军田路	jun tian lu	3
军留庄	jun liu zhuang	3
军粮城	jun liang cheng	9
军粮城镇永兴村	jun liang cheng zhen yong xing cun	2
军船头	jun chuan tou	3
军训基地	jun xun ji di	16
军话	jun hua	4
军都度假村	jun du du jia cun	4
军马场	jun ma chang	17
农三师	nong san shi	18
农业展览馆	nong ye zhan lan guan	17
农业开发区	nong ye kai fa qu	3
农业村	nong ye cun	2
农业示范区	nong ye shi fan qu	2
农业示范园区	nong ye shi fan yuan qu	2
农业试验站	nong ye shi yan zhan	8
农业银行石狮市支行	nong ye yin hang shi shi shi zhi hang	2
农业队	nong ye dui	6
农中	nong zhong	7
农丰村	nong feng cun	5
农乐垸村	nong le yuan cun	2
农二哥	nong er ge	1
农二师医院	nong er shi yi yuan	2
农产品市场	nong chan pin shi chang	11
农作乡	nong zuo xiang	4
农信大厦	nong xin da sha	3
农光东里	nong guang dong li	5
农光里中社区	nong guang li zhong she qu	4
农六师芳草湖总场	nong liu shi fang cao hu zong chang	3
农兴乡	nong xing xiang	3
农兴村	nong xing cun	7
农创村	nong chuang cun	2
农副产品市场	nong fu chan pin shi chang	4
农办	nong ban	31
农发行	nong fa hang	12
农园路	nong yuan lu	1
农场东站	nong chang dong zhan	3
农场口	nong chang kou	2
农垦大学	nong ken da xue	8
农大南路西口	nong da nan lu xi kou	4
农大路北口	nong da lu bei kou	4
农展南里社区	nong zhan nan li she qu	5
农展馆	nong zhan guan	5
农工商学院	nong gong shang xue yuan	5
农广校	nong guang xiao	1
农技校	nong ji xiao	1
农机公司	nong ji gong si	2
农机厂	nong ji chang	17
农机市场	nong ji shi chang	8
农林大学	nong lin da xue	31
农林路	nong lin lu	3
农民新村	nong min xin cun	3
农民日报社	nong min ri bao she	1
农民村	nong min cun	2
农牧场	nong mu chang	32
农牧局	nong mu ju	3
农牧渔良种场	nong mu yu liang zhong chang	4
农科中心	nong ke zhong xin	6
农科奇观	nong ke qi guan	2
农科所	nong ke suo	17
农科院南门	nong ke yuan nan men	2
农花	nong hua	1
农药厂	nong yao chang	9
农行干校	nong hang gan xiao	1
农行楼	nong hang lou	3
农讲所	nong jiang suo	25
农贸路	nong mao lu	4
农轩路	nong xuan lu	4
农都市场	nong du shi chang	7
冠世榴园	guan shi liu yuan	1
冠亚城市花园	guan ya cheng shi hua yuan	3
冠亚广场	guan ya guang chang	3
冠华学校	guan hua xue xiao	3
冠山顶	guan shan ding	2
冠岩	guan yan	7
冠生园路	guan sheng yuan lu	3
冢子	zhong zi	8
冢子坡	zhong zi po	3
冢王村	zhong wang cun	1
冬塔	dong ta	5
冬塔乡	dong ta xiang	5
冬桃	dong tao	5
冬瓜桥	dong gua qiao	3
冯原镇	feng yuan zhen	5
冯君	feng jun	25
冯地坑乡	feng di keng xiang	2
冯堡	feng bao	3
冯子材故居	feng zi cai gu ju	3
冯家坪乡	feng jia ping xiang	2
冯家寨乡	feng jia zhai xiang	3
冯家屯	feng jia tun	4
冯家川乡	feng jia chuan xiang	3
冯家沟	feng jia gou	1
冯家湾	feng jia wan	1
冯家祠	feng jia ci	2
冯家窑	feng jia yao	3
冯家营	feng jia ying	3
冯家院子	feng jia yuan zi	4
冯封街道	feng feng jie dao	2
冯屋	feng wu	4
冯川	feng chuan	6
冯庄	feng zhuang	13
冯村西里	feng cun xi li	4
冯格庄街道	feng ge zhuang jie dao	4
冯桥	feng qiao	3
冯河乡	feng he xiang	2
冯湾	feng wan	1
冯营子村	feng ying zi cun	3
冯营街道	feng ying jie dao	2
冰塘	bing tang	4
冰窖口胡同西口	bing jiao kou hu tong xi kou	4
冲口	chong kou	8
冲口街道	chong kou jie dao	5
冲坑	chong keng	5
冲塘村	chong tang cun	2
冲天庙	chong tian miao	4
冲山镇	chong shan zhen	1
冲心	chong xin	3
冲蒌	chong lou	5
冲鹤	chong he	3
冶城	ye cheng	40
冶山道院	ye shan dao yuan	5
冶源	ye yuan	14
冶金厂	ye jin chang	18
冶金技校	ye jin ji xiao	4
冶金路	ye jin lu	5
冶陶	ye tao	5
冷冻厂	leng dong chang	3
冷口乡	leng kou xiang	3
冷家村	leng jia cun	4
冷水井乡	leng shui jing xiang	5
冷水坑	leng shui keng	36
冷水村	leng shui cun	3
冷水江市	leng shui jiang shi	10
冷水滩	leng shui tan	28
冷水滩区逸云路	leng shui tan qu yi yun lu	3
冷水滩市	leng shui tan shi	2
冷水铺街道	leng shui pu jie dao	2
冷泉镇	leng quan zhen	1
冷湖	leng hu	6
冷湖行委	leng hu xing wei	3
冷碛	leng qi	14
冻列乡	dong lie xiang	2
冻青树	dong qing shu	6
冻青树街	dong qing shu jie	6
冼村	xian cun	33
净北村	jing bei cun	2
净南村	jing nan cun	3
净土寺胡同	jing tu si hu tong	3
净土村	jing tu cun	2
净土胡同	jing tu hu tong	3
净寺	jing si	8
净峰	jing feng	7
净峰寺	jing feng si	2
净月大街	jing yue da jie	7
净水厂	jing shui chang	33
净瓶山大桥	jing ping shan da qiao	2
准东街道	zhun dong jie dao	2
准噶尔盆地	zhun ga er pen di	11
凇沪路	song hu lu	2
凇虹路	song hong lu	3
凉井	liang jing	3
凉亭坳乡	liang ting ao xiang	1
凉亭垭	liang ting ya	3
凉伞镇	liang san zhen	5
凉城公园	liang cheng gong yuan	4
凉城新村	liang cheng xin cun	5
凉城路	liang cheng lu	9
凉果厂	liang guo chang	4
凉水井	liang shui jing	10
凉水井水库	liang shui jing shui ku	5
凉水口镇	liang shui kou zhen	6
凉水朝鲜族乡	liang shui chao xian zu xiang	3
凉水河	liang shui he	16
凉水河桥北	liang shui he qiao bei	4
凉水河桥南	liang shui he qiao nan	3
凉水泉	liang shui quan	4
凉泉	liang quan	8
凉风顶	liang feng ding	5
凌东	ling dong	1
凌云楼	ling yun lou	4
凌云路	ling yun lu	6
凌兆新村	ling zhao xin cun	1
凌兆路	ling zhao lu	1
凌坑	ling keng	7
凌宵路	ling xiao lu	3
凌家桥	ling jia qiao	1
凌家桥路口	ling jia qiao lu kou	3
凌宾路	ling bin lu	5
凌桥	ling qiao	1
凌河路	ling he lu	5
凌津滩镇	ling jin tan zhen	4
凌海市	ling hai shi	19
凌港	ling gang	2
凌源县	ling yuan xian	18
凌源市	ling yuan shi	44
凌素珍	ling su zhen	4
凌边	ling bian	6
凌达市场	ling da shi chang	4
几爷子	ji ye zi	36
凤亭路	feng ting lu	4
凤仪村	feng yi cun	3
凤仪街	feng yi jie	5
凤仪路	feng yi lu	4
凤冈	feng gang	35
凤冈路	feng gang lu	3
凤凰一村	feng huang yi cun	3
凤凰三村	feng huang san cun	5
凤凰二村	feng huang er cun	5
凤凰亭	feng huang ting	7
凤凰公园	feng huang gong yuan	10
凤凰别墅	feng huang bie shu	1
凤凰剧院	feng huang ju yuan	7
凤凰北	feng huang bei	19
凤凰北苑	feng huang bei yuan	4
凤凰北街街道	feng huang bei jie jie dao	6
凤凰区	feng huang qu	2
凤凰南苑	feng huang nan yuan	4
凤凰台	feng huang tai	26
凤凰咀	feng huang zui	3
凤凰和鸣	feng huang he ming	3
凤凰城广场	feng huang cheng guang chang	4
凤凰大桥	feng huang da qiao	3
凤凰官庄	feng huang guan zhuang	2
凤凰山农场	feng huang shan nong chang	3
凤凰山庄	feng huang shan zhuang	5
凤凰山陵园	feng huang shan ling yuan	1
凤凰山风景区	feng huang shan feng jing qu	2
凤凰岗	feng huang gang	2
凤凰岭	feng huang ling	25
凤凰峪	feng huang yu	3
凤凰工业园区	feng huang gong ye yuan qu	3
凤凰巷	feng huang xiang	4
凤凰广场	feng huang guang chang	5
凤凰庄	feng huang zhuang	1
凤凰新村	feng huang xin cun	4
凤凰村	feng huang cun	10
凤凰桥头	feng huang qiao tou	1
凤凰池	feng huang chi	3
凤凰花园	feng huang hua yuan	3
凤凰花园城	feng huang hua yuan cheng	7
凤凰苑	feng huang yuan	3
凤凰街	feng huang jie	8
凤凰西街	feng huang xi jie	5
凤凰路	feng huang lu	35
凤凰路口	feng huang lu kou	6
凤北	feng bei	5
凤北村	feng bei cun	1
凤南	feng nan	7
凤南村	feng nan cun	3
凤台乡	feng tai xiang	3
凤台路	feng tai lu	2
凤台门	feng tai men	4
凤地	feng di	3
凤坡	feng po	6
凤坪村	feng ping cun	3
凤城一路	feng cheng yi lu	4
凤城三路	feng cheng san lu	5
凤城三路西口	feng cheng san lu xi kou	2
凤城中学	feng cheng zhong xue	5
凤城二路	feng cheng er lu	2
凤城五路中段	feng cheng wu lu zhong duan	4
凤城市	feng cheng shi	33
凤城新村	feng cheng xin cun	4
凤城花苑	feng cheng hua yuan	2
凤城路	feng cheng lu	2
凤城酒店	feng cheng jiu dian	5
凤埔	feng pu	1
凤埔村	feng pu cun	3
凤安	feng an	4
凤安村	feng an cun	1
凤屯镇	feng tun zhen	2
凤山公园	feng shan gong yuan	3
凤山妈祖	feng shan ma zu	2
凤山工业城	feng shan gong ye cheng	5
凤山村	feng shan cun	2
凤山社区	feng shan she qu	2
凤山祖庙旅游区	feng shan zu miao lv you qu	2
凤山花苑	feng shan hua yuan	2
凤山西	feng shan xi	1
凤山路	feng shan lu	5
凤山道	feng shan dao	1
凤山门	feng shan men	14
凤屿	feng yu	1
凤巢	feng chao	8
凤巢村	feng chao cun	2
凤形	feng xing	2
凤形山村	feng xing shan cun	4
凤村乡	feng cun xiang	3
凤来	feng lai	38
凤林村	feng lin cun	2
凤栖	feng qi	20
凤栖园	feng qi yuan	3
凤栖苑	feng qi yuan	6
凤歧坪乡	feng qi ping xiang	3
凤毛	feng mao	13
凤毛寨村	feng mao zhai cun	3
凤河营	feng he ying	1
凤泉	feng quan	9
凤洋	feng yang	5
凤洋村	feng yang cun	3
凤游寺	feng you si	1
凤溪	feng xi	27
凤溪乡	feng xi xiang	3
凤溪村	feng xi cun	5
凤溪路	feng xi lu	2
凤田	feng tian	2
凤祥	feng xiang	25
凤禾乡	feng he xiang	4
凤翔小学	feng xiang xiao xue	6
凤翔村	feng xiang cun	3
凤翔科技开发区	feng xiang ke ji kai fa qu	3
凤翔站	feng xiang zhan	5
凤翔苑	feng xiang yuan	2
凤苑	feng yuan	5
凤起	feng qi	32
凤起东路口	feng qi dong lu kou	5
凤起立交	feng qi li jiao	5
凤起苑	feng qi yuan	4
凤起路	feng qi lu	44
凤里	feng li	11
凤里街道办事处	feng li jie dao ban shi chu	4
凤门	feng men	7
凤阳村	feng yang cun	6
凤阳路	feng yang lu	26
凤院	feng yuan	6
凤鸣路	feng ming lu	3
凤鸣路口	feng ming lu kou	4
凤麓镇	feng lu zhen	2
凤龙	feng long	15
凭祥市	ping xiang shi	32
凯丰路	kai feng lu	6
凯佐乡	kai zuo xiang	1
凯安道	kai an dao	2
凯宾斯基	kai bin si ji	44
凯悦大酒店	kai yue da jiu dian	6
凯悦天琴	kai yue tian qin	4
凯旋公寓	kai xuan gong yu	2
凯旋城	kai xuan cheng	6
凯旋宫	kai xuan gong	2
凯旋新村	kai xuan xin cun	3
凯旋花园	kai xuan hua yuan	3
凯旋苑	kai xuan yuan	4
凯旋路北口	kai xuan lu bei kou	3
凯旋路长宁路	kai xuan lu chang ning lu	3
凯润金城	kai run jin cheng	6
凯祥花苑	kai xiang hua yuan	3
凯胜	kai sheng	1
凯里县	kai li xian	3
凯里市	kai li shi	20
凯铁新村	kai tie xin cun	3
凰岗镇	huang gang zhen	5
凳寨乡	deng zhai xiang	3
凹下	ao xia	15
凹头	ao tou	24
凹子	ao zi	25
凹桥	ao qiao	6
凹背	ao bei	3
凹里村	ao li cun	1
出入是门	chu ru shi men	3
出口加工区西区北门	chu kou jia gong qu xi qu bei men	3
出口加工区西区南门	chu kou jia gong qu xi qu nan men	3
出口工业区	chu kou gong ye qu	4
出所	chu suo	11
出河店	chu he dian	5
出租公司	chu zu gong si	14
出花园	chu hua yuan	11
出阝江镇	chu fu jiang zhen	4
刀告乡	dao gao xiang	2
刀围	dao wei	1
刁东农场	diao dong nong chang	3
刁口	diao kou	6
刁家村	diao jia cun	4
刁汊湖养殖场	diao cha hu yang zhi chang	2
刃具立交	ren ju li jiao	8
分司厅	fen si ting	1
分司厅胡同	fen si ting hu tong	3
分水坳	fen shui ao	1
分金街	fen jin jie	4
分钟寺	fen zhong si	3
分钟寺桥西	fen zhong si qiao xi	4
切吉乡	qie ji xiang	1
切学乡	qie xue xiang	3
切热乡	qie re xiang	3
切片厂	qie pian chang	5
切粉	qie fen	6
切都	qie dou	6
划船俱乐部	hua chuan ju le bu	16
划龙桥	hua long qiao	5
划龙桥西	hua long qiao xi	3
列夕乡	lie xi xiang	4
列巴乡	lie ba xiang	2
列瓦乡	lie wa xiang	3
列衣乡	lie yi xiang	4
列麦乡	lie mai xiang	1
刘中	liu zhong	8
刘井村	liu jing cun	5
刘传金	liu chuan jin	4
刘先俊	liu xian jun	3
刘公巷	liu gong xiang	4
刘兰塑胡同	liu lan su hu tong	2
刘前进	liu qian jin	5
刘北	liu bei	4
刘千河乡	liu qian he xiang	3
刘南	liu nan	20
刘卫平	liu wei ping	1
刘叶	liu ye	7
刘各庄	liu ge zhuang	4
刘各长村	liu ge chang cun	2
刘和强	liu he qiang	3
刘国具乡	liu guo ju xiang	3
刘国平	liu guo ping	4
刘圩	liu wei	2
刘坑	liu keng	2
刘坑村	liu keng cun	3
刘坝	liu ba	2
刘埠	liu bu	3
刘备寨乡	liu bei zhai xiang	3
刘季	liu ji	32
刘家会镇	liu jia hui zhen	3
刘家冲	liu jia chong	6
刘家台乡	liu jia tai xiang	3
刘家场	liu jia chang	3
刘家坝	liu jia ba	7
刘家坡	liu jia po	4
刘家坪	liu jia ping	3
刘家坪村	liu jia ping cun	5
刘家坪白族乡	liu jia ping bai zu xiang	6
刘家堡	liu jia pu	3
刘家塔	liu jia ta	3
刘家塘村	liu jia tang cun	4
刘家大塘	liu jia da tang	3
刘家大门	liu jia da men	5
刘家尧	liu jia yao	3
刘家屯	liu jia tun	7
刘家山	liu jia shan	6
刘家山乡	liu jia shan xiang	2
刘家岭	liu jia ling	2
刘家峪	liu jia yu	3
刘家庄	liu jia zhuang	4
刘家店子	liu jia dian zi	1
刘家村	liu jia cun	3
刘家村村委会	liu jia cun cun wei hui	3
刘家林	liu jia lin	1
刘家桥	liu jia qiao	3
刘家河	liu jia he	9
刘家洼	liu jia wa	1
刘家渠	liu jia qu	3
刘家渡村	liu jia du cun	3
刘家碾	liu jia nian	3
刘家祠堂	liu jia ci tang	5
刘家窑	liu jia yao	1
刘家窑桥东	liu jia yao qiao dong	5
刘家窑桥北	liu jia yao qiao bei	4
刘家窑桥西	liu jia yao qiao xi	5
刘家窑第三社区	liu jia yao di san she qu	3
刘家窑第二社区	liu jia yao di er she qu	2
刘家站垦殖场	liu jia zhan ken zhi chang	3
刘家胡同	liu jia hu tong	3
刘家花园	liu jia hua yuan	6
刘家营	liu jia ying	1
刘家边	liu jia bian	3
刘家铺村	liu jia pu cun	6
刘家院子	liu jia yuan zi	6
刘家馆子镇	liu jia guan zi zhen	1
刘寨村村委会	liu zhai cun cun wei hui	3
刘屋	liu wu	5
刘山乡	liu shan xiang	4
刘山街道	liu shan jie dao	3
刘庄北站	liu zhuang bei zhan	4
刘庄子	liu zhuang zi	4
刘庄村委会	liu zhuang cun wei hui	4
刘庄村村委会	liu zhuang cun cun wei hui	4
刘店乡政府	liu dian xiang zheng fu	3
刘店村	liu dian cun	6
刘店集乡	liu dian ji xiang	1
刘建超	liu jian chao	3
刘房子镇	liu fang zi zhen	1
刘振阳	liu zhen yang	1
刘文村	liu wen cun	1
刘斌堡	liu bin bao	6
刘李店	liu li dian	3
刘村	liu cun	39
刘村村委会	liu cun cun wei hui	4
刘杨	liu yang	15
刘杨村	liu yang cun	4
刘林村	liu lin cun	4
刘林池村	liu lin chi cun	2
刘桂江	liu gui jiang	5
刘桥	liu qiao	7
刘桥街道	liu qiao jie dao	2
刘楼	liu lou	5
刘楼村	liu lou cun	1
刘永福故居	liu yong fu gu ju	4
刘汉乡	liu han xiang	3
刘沟村	liu gou cun	1
刘河村	liu he cun	1
刘洞镇	liu dong zhen	4
刘海胡同	liu hai hu tong	5
刘湾	liu wan	3
刘湾街道	liu wan jie dao	5
刘环	liu huan	9
刘福生	liu fu sheng	2
刘素	liu su	19
刘艳霞	liu yan xia	7
刘行	liu xing	35
刘行镇	liu xing zhen	4
刘西	liu xi	6
刘辛庄	liu xin zhuang	3
刘邦村	liu bang cun	4
刘黄村	liu huang cun	4
则徐广场	ze xu guang chang	4
则拉乡	ze la xiang	3
则约乡	ze yue xiang	5
刚察	gang cha	34
刚察胡同	gang cha hu tong	2
创业园	chuang ye yuan	42
创业大厦	chuang ye da sha	2
创业大街	chuang ye da jie	4
创业大道	chuang ye da dao	1
创业村	chuang ye cun	6
创业街道	chuang ye jie dao	3
创业路	chuang ye lu	14
创业路二环路口南	chuang ye lu er huan lu kou nan	3
创业道	chuang ye dao	4
创新公司	chuang xin gong si	8
创新大厦	chuang xin da sha	3
创新路	chuang xin lu	35
创新道	chuang xin dao	2
创造再生	chuang zao zai sheng	1
初家	chu jia	6
利丰路	li feng lu	2
利元	li yuan	4
利兹城市公寓	li zi cheng shi gong yu	4
利周瑶族乡	li zhou yao zu xiang	1
利坑	li keng	3
利客隆	li ke long	2
利川县	li chuan xian	7
利川市	li chuan shi	20
利州区	li zhou qu	5
利店镇	li dian zhen	1
利民社区	li min she qu	6
利民苑	li min yuan	3
利民街道	li min jie dao	2
利民路	li min lu	3
利民道	li min dao	2
利泽中二路	li ze zhong er lu	2
利泽西街东口	li ze xi jie dong kou	2
利津	li jin	45
利津路	li jin lu	2
利济北路	li ji bei lu	1
利特尔顿	li te er dun	28
利福道	li fu dao	3
别口乡	bie kou xiang	3
别斯托别乡	bie si tuo bie xiang	6
别斯铁热克乡	bie si tie re ke xiang	4
别藏镇	bie zang zhen	2
到湾	dao wan	5
到背	dao bei	8
制刷厂	zhi shua chang	4
制氧厂	zhi yang chang	2
制管厂	zhi guan chang	1
制造局	zhi zao ju	39
制造局路	zhi zao ju lu	6
刷经寺镇	shua jing si zhen	1
刺桐	ci tong	37
刺桐公园	ci tong gong yuan	5
刺桐新村	ci tong xin cun	3
刺猬河	ci wei he	6
剅河镇	lou he zhen	6
前七里河	qian qi li he	3
前三眼桥	qian san yan qiao	4
前下邢各庄	qian xia xing ge zhuang	2
前丰林场	qian feng lin chang	2
前临河	qian lin he	1
前乡	qian xiang	5
前井胡同	qian jing hu tong	1
前京	qian jing	7
前亭	qian ting	8
前亭村	qian ting cun	2
前八家	qian ba jia	1
前关	qian guan	29
前冯	qian feng	4
前凡	qian fan	4
前北宫村	qian bei gong cun	4
前北岸	qian bei an	1
前北营村	qian bei ying cun	4
前卢村	qian lu cun	4
前卫街	qian wei jie	5
前卫街道	qian wei jie dao	1
前厂胡同	qian chang hu tong	4
前哨盐场	qian shao yan chang	2
前园	qian yuan	35
前园村	qian yuan cun	1
前圆恩寺胡同	qian yuan en si hu tong	6
前坂	qian ban	3
前坂村	qian ban cun	2
前坑	qian keng	4
前坑村	qian keng cun	4
前坡	qian po	8
前坡村	qian po cun	4
前坦克	qian tan ke	3
前型	qian xing	41
前垵村	qian an cun	4
前城	qian cheng	7
前埔	qian pu	30
前埔村	qian pu cun	5
前域乡	qian yu xiang	3
前埭	qian dai	3
前埭村	qian dai cun	2
前堆	qian dui	7
前大磨乡	qian da mo xiang	3
前大营	qian da ying	3
前大营村	qian da ying cun	3
前头村	qian tou cun	1
前头社区	qian tou she qu	3
前宅	qian zhai	4
前安	qian an	6
前安定	qian an ding	3
前安定村	qian an ding cun	2
前安村	qian an cun	1
前尾	qian wei	6
前尾村	qian wei cun	2
前屯	qian tun	15
前屯社区	qian tun she qu	3
前屯路	qian tun lu	4
前山哈萨克族乡	qian shan ha sa ke zu xiang	3
前山市场	qian shan shi chang	3
前山桥东	qian shan qiao dong	1
前山港	qian shan gang	1
前山西门	qian shan xi men	4
前屿	qian yu	5
前岩	qian yan	4
前峰	qian feng	11
前峰村	qian feng cun	3
前崖	qian ya	4
前川街道	qian chuan jie dao	1
前州	qian zhou	8
前巷	qian xiang	6
前平坊村	qian ping fang cun	3
前平房	qian ping fang	4
前庄	qian zhuang	12
前店	qian dian	43
前店口	qian dian kou	2
前张	qian zhang	8
前张家庄	qian zhang jia zhuang	2
前张村	qian zhang cun	1
前徐	qian xu	1
前房子	qian fang zi	1
前拐棒胡同	qian guai bang hu tong	4
前春	qian chun	6
前曹各庄	qian cao ge zhuang	2
前曹各庄村	qian cao ge zhuang cun	3
前村村	qian cun cun	1
前杨	qian yang	6
前杨村村委会	qian yang cun cun wei hui	2
前林	qian lin	7
前林村	qian lin cun	1
前柳	qian liu	4
前栗园	qian li yuan	3
前桃园	qian tao yuan	1
前桃洼村	qian tao wa cun	3
前桥小区	qian qiao xiao qu	3
前梅	qian mei	4
前梧村	qian wu cun	2
前榆林	qian yu lin	1
前横路	qian heng lu	1
前欧	qian ou	5
前水峪	qian shui yu	3
前永康胡同	qian yong kang hu tong	3
前沙涧	qian sha jian	1
前沟	qian gou	6
前河村	qian he cun	1
前沿社区	qian yan she qu	2
前泥洼	qian ni wa	8
前洋	qian yang	5
前洋村	qian yang cun	1
前洪	qian hong	3
前洪村	qian hong cun	3
前洼村	qian wa cun	4
前海子	qian hai zi	3
前海村	qian hai cun	3
前海西街	qian hai xi jie	7
前渠	qian qu	3
前港	qian gang	44
前港村	qian gang cun	3
前湖	qian hu	30
前湖村	qian hu cun	2
前溪	qian xi	5
前溪乡	qian xi xiang	4
前溪村	qian xi cun	5
前溪桥	qian xi qiao	14
前炉	qian lu	3
前炒面胡同	qian chao mian hu tong	1
前烧	qian shao	7
前烧村	qian shao cun	2
前牛角胡同	qian niu jiao hu tong	2
前王会村	qian wang hui cun	2
前王庄	qian wang zhuang	3
前王村	qian wang cun	1
前盐村	qian yan cun	4
前石桥	qian shi qiao	2
前程街	qian cheng jie	2
前章胡同	qian zhang hu tong	2
前红井胡同	qian hong jing hu tong	2
前细瓦厂胡同	qian xi wa chang hu tong	3
前网	qian wang	8
前群	qian qun	5
前群村	qian qun cun	2
前花	qian hua	11
前苇沟	qian wei gou	3
前苏庄	qian su zhuang	2
前苑上村	qian yuan shang cun	3
前英子胡同	qian ying zi hu tong	3
前营胡同	qian ying hu tong	3
前蔡	qian cai	1
前蔡村	qian cai cun	3
前街村村委会	qian jie cun cun wei hui	2
前见	qian jian	9
前见村	qian jian cun	1
前赵家楼胡同	qian zhao jia lou hu tong	4
前赵村	qian zhao cun	3
前辛庄	qian xin zhuang	1
前辛房村	qian xin fang cun	3
前进一路	qian jin yi lu	9
前进东路	qian jin dong lu	3
前进中路	qian jin zhong lu	5
前进公社	qian jin gong she	4
前进大街	qian jin da jie	17
前进新村	qian jin xin cun	4
前进水库	qian jin shui ku	1
前进街	qian jin jie	1
前进西路	qian jin xi lu	1
前进路	qian jin lu	20
前进道	qian jin dao	2
前郭村	qian guo cun	3
前铁社区	qian tie she qu	3
前锋学校	qian feng xue xiao	3
前锋村	qian feng cun	1
前锋路	qian feng lu	7
前门东	qian men dong	1
前门西河沿社区	qian men xi he yan she qu	6
前陈	qian chen	7
前马厂	qian ma chang	2
前马厂胡同	qian ma chang hu tong	2
前高米店村	qian gao mi dian cun	3
前鲁	qian lu	6
前黄	qian huang	8
前黄村	qian huang cun	1
前鼓楼苑	qian gu lou yuan	5
前鼓楼苑胡同	qian gu lou yuan hu tong	5
前龙	qian long	5
剑光街道	jian guang jie dao	3
剑山村	jian shan cun	2
剑川路	jian chuan lu	12
剑斗	jian dou	12
剑斗村	jian dou cun	2
剑桥公社	jian qiao gong she	1
剑桥国际	jian qiao guo ji	6
剑河路	jian he lu	2
剧场村	ju chang cun	3
剩头	sheng tou	1
剪子巷	jian zi xiang	4
剪子湾	jian zi wan	4
剪子湾东口	jian zi wan dong kou	3
副业队	fu ye dui	6
副食品市场	fu shi pin shi chang	9
割尾	ge wei	2
割山	ge shan	2
割山村	ge shan cun	3
劈柴胡同	pi chai hu tong	3
力争村	li zheng cun	4
力学胡同	li xue hu tong	1
力所拉祜族乡	li suo la hu zu xiang	1
力旺康景	li wang kang jing	3
劝业场	quan ye chang	22
办冲	ban chong	3
加义	jia yi	5
加依乡	jia yi xiang	3
加元村	jia yuan cun	2
加克西乡	jia ke xi xiang	2
加兴乡	jia xing xiang	5
加勉乡	jia mian xiang	4
加南	jia nan	5
加哈乌拉斯台乡	jia ha wu la si tai xiang	6
加尔布拉克农场	jia er bu la ke nong chang	3
加尕斯台乡	jia ga si tai xiang	4
加尤镇	jia you zhen	1
加德士加油站	jia de shi jia you zhan	5
加拉萨乡	jia la sa xiang	3
加措乡	jia cuo xiang	2
加斗乡	jia dou xiang	3
加查	jia cha	41
加格达奇	jia ge da qi	27
加气站	jia qi zhan	26
加汗巴格乡	jia han ba ge xiang	3
加洋路	jia yang lu	4
加特地区	jia te di qu	7
加纳利群岛	jia na li qun dao	24
加贡乡	jia gong xiang	3
加郡	jia jun	3
加郡乡	jia jun xiang	3
加马铁力克乡	jia ma tie li ke xiang	2
加麻乡	jia ma xiang	3
务川	wu chuan	18
务川县	wu chuan xian	11
务江乡	wu jiang xiang	5
动力厂	dong li chang	3
动植物公园	dong zhi wu gong yuan	6
动物园南门	dong wu yuan nan men	4
动物园社区	dong wu yuan she qu	3
助剂厂	zhu ji chang	2
努力乡	nu li xiang	2
努古斯台镇	nu gu si tai zhen	2
努尔巴格乡	nu er ba ge xiang	4
努文木仁乡	nu wen mu ren xiang	4
努日木镇	nu ri mu zhen	3
努美阿	nu mei a	31
劲松东社区	jin song dong she qu	3
劲松中街	jin song zhong jie	1
劲松北路	jin song bei lu	1
劲松南路	jin song nan lu	6
劲松南路西口	jin song nan lu xi kou	2
劲松桥东	jin song qiao dong	5
劲松桥北	jin song qiao bei	4
劲松桥南	jin song qiao nan	4
劲松桥西	jin song qiao xi	2
劲松西口	jin song xi kou	3
劲松西社区	jin song xi she qu	1
劲松路	jin song lu	1
劳保厂	lao bao chang	3
劳光村	lao guang cun	2
劳动东路	lao dong dong lu	7
劳动中路	lao dong zhong lu	1
劳动南路	lao dong nan lu	2
劳动广场	lao dong guang chang	2
劳动新村	lao dong xin cun	6
劳动村	lao dong cun	1
劳动街	lao dong jie	3
劳动西路	lao dong xi lu	2
劳动西路口	lao dong xi lu kou	5
劳动路	lao dong lu	22
劳动路口	lao dong lu kou	8
劳动道	lao dong dao	3
劳南市场	lao nan shi chang	3
劳岭村	lao ling cun	5
劳改支队	lao gai zhi dui	4
劳村	lao cun	6
勇士营	yong shi ying	2
勇达大厦	yong da da sha	2
勍香镇	qing xiang zhen	4
勐库华侨农场	meng ku hua qiao nong chang	2
勐往乡	meng wang xiang	5
勐满农场	meng man nong chang	1
勐简乡	meng jian xiang	2
勒秀乡	le xiu xiang	4
勒竹	le zhu	3
勘测大队	kan ce da dui	4
勤业新村	qin ye xin cun	4
勤中	qin zhong	4
勤丰桥	qin feng qiao	3
勤俭大桥	qin jian da qiao	2
勤俭村	qin jian cun	3
勤俭桥	qin jian qiao	4
勤俭路	qin jian lu	1
勤俭道	qin jian dao	5
勤劳村	qin lao cun	3
勤劳镇	qin lao zhen	1
勤勇	qin yong	4
勤奋路	qin fen lu	8
勤学路	qin xue lu	5
勤德家园	qin de jia yuan	3
勤政楼	qin zheng lou	2
勤远里	qin yuan li	4
勾庄	gou zhuang	6
包伊	bao yi	3
包头南路	bao tou nan lu	5
包头湖农场	bao tou hu nong chang	5
包头胡同	bao tou hu tong	2
包头路	bao tou lu	4
包头道	bao tou dao	3
包家村	bao jia cun	4
包尔图牧场	bao er tu mu chang	2
包座乡	bao zuo xiang	1
包拉温都蒙古族乡	bao la wen du meng gu zu xiang	2
包桥村	bao qiao cun	4
包江桥	bao jiang qiao	1
包沟村	bao gou cun	3
包河大道	bao he da dao	11
包装材料厂	bao zhuang cai liao chang	7
包谷坪乡	bao gu ping xiang	2
包谷垴乡	bao gu nao xiang	9
包黑子	bao hei zi	5
化学化工与环境学院	hua xue hua gong yu huan jing xue yuan	5
化学馆	hua xue guan	24
化客头	hua ke tou	6
化客头街道	hua ke tou jie dao	4
化州县	hua zhou xian	2
化工一厂	hua gong yi chang	5
化工一路	hua gong yi lu	3
化工三厂	hua gong san chang	1
化工专区	hua gong zhuan qu	5
化工二厂	hua gong er chang	3
化工四村	hua gong si cun	3
化工大院社区	hua gong da yuan she qu	3
化工学校	hua gong xue xiao	15
化工总厂	hua gong zong chang	8
化工技校	hua gong ji xiao	1
化工桥东	hua gong qiao dong	3
化工路	hua gong lu	21
化工路西口	hua gong lu xi kou	2
化工院	hua gong yuan	2
化庄	hua zhuang	5
化德	hua de	6
化成街	hua cheng jie	3
化机厂	hua ji chang	5
化物所	hua wu suo	8
化石戈乡	hua shi ge xiang	2
化纤俱乐部	hua xian ju le bu	4
化纤厂	hua xian chang	9
化纤厂宿舍	hua xian chang su she	4
化纤新村	hua xian xin cun	6
化肥站	hua fei zhan	3
化行村	hua xing cun	3
化起镇	hua qi zhen	3
化马湾	hua ma wan	6
化马湾乡	hua ma wan xiang	2
化龙堰镇	hua long yan zhen	4
化龙巷	hua long xiang	1
化龙池	hua long chi	5
化龙社区	hua long she qu	3
北一东路	bei yi dong lu	2
北一路	bei yi lu	9
北七家	bei qi jia	13
北七家建材批发市场	bei qi jia jian cai pi fa shi chang	3
北七家镇政府	bei qi jia zhen zheng fu	6
北三乡	bei san xiang	4
北上坡村	bei shang po cun	3
北上庄村	bei shang zhuang cun	3
北下关	bei xia guan	2
北下关社区	bei xia guan she qu	4
北下庄乡	bei xia zhuang xiang	4
北下洼子胡同	bei xia wa zi hu tong	3
北中路	bei zhong lu	7
北丽桥	bei li qiao	2
北二环	bei er huan	37
北二街	bei er jie	4
北二西路	bei er xi lu	4
北井儿胡同	bei jing er hu tong	2
北亚花园	bei ya hua yuan	3
北京世界公园	bei jing shi jie gong yuan	2
北京世纪坛医院	bei jing shi ji tan yi yuan	9
北京东站	bei jing dong zhan	14
北京东站北	bei jing dong zhan bei	4
北京东路外滩	bei jing dong lu wai tan	5
北京人定湖公园	bei jing ren ding hu gong yuan	3
北京人家北门	bei jing ren jia bei men	3
北京人家小区	bei jing ren jia xiao qu	4
北京人文大学	bei jing ren wen da xue	2
北京什刹海公园	bei jing shi cha hai gong yuan	2
北京体育馆	bei jing ti yu guan	4
北京供电局	bei jing gong dian ju	1
北京儿童医院	bei jing er tong yi yuan	15
北京儿童医院西门	bei jing er tong yi yuan xi men	4
北京八大处公园	bei jing ba da chu gong yuan	5
北京农业职业学院	bei jing nong ye zhi ye xue yuan	2
北京农学院	bei jing nong xue yuan	3
北京制线厂	bei jing zhi xian chang	4
北京制药厂	bei jing zhi yao chang	6
北京动物园	bei jing dong wu yuan	6
北京劳动人民文化宫	bei jing lao dong ren min wen hua gong	5
北京化工大学昌平校区	bei jing hua gong da xue chang ping xiao qu	4
北京十中	bei jing shi zhong	6
北京华侨城	bei jing hua qiao cheng	7
北京南路	bei jing nan lu	3
北京四中	bei jing si zhong	11
北京团结湖公园	bei jing tuan jie hu gong yuan	3
北京国际雕塑园	bei jing guo ji diao su yuan	6
北京圆明园遗址公园	bei jing yuan ming yuan yi zhi gong yuan	4
北京地坛公园	bei jing di tan gong yuan	1
北京城市学院	bei jing cheng shi xue yuan	9
北京大兴区亦庄镇	bei jing da xing qu yi zhuang zhen	2
北京大兴区安定镇	bei jing da xing qu an ding zhen	3
北京大兴区庞各庄镇	bei jing da xing qu pang ge zhuang zhen	5
北京大兴区旧宫镇	bei jing da xing qu jiu gong zhen	6
北京大兴区榆垡镇	bei jing da xing qu yu fa zhen	4
北京大兴区西红门镇	bei jing da xing qu xi hong men zhen	5
北京大兴区魏善庄镇	bei jing da xing qu wei shan zhuang zhen	4
北京大兴区黄村镇	bei jing da xing qu huang cun zhen	6
北京大学西门	bei jing da xue xi men	3
北京大观园	bei jing da guan yuan	1
北京天坛	bei jing tian tan	12
北京太阳城	bei jing tai yang cheng	1
北京太阳宫公园	bei jing tai yang gong gong yuan	2
北京奥林匹克花园	bei jing ao lin pi ke hua yuan	5
北京妇产医院	bei jing fu chan yi yuan	6
北京射击场	bei jing she ji chang	5
北京展览馆	bei jing zhan lan guan	19
北京工业大学	bei jing gong ye da xue	49
北京工业大学北站	bei jing gong ye da xue bei zhan	2
北京工业大学南门	bei jing gong ye da xue nan men	4
北京工业大学耿丹学院	bei jing gong ye da xue geng dan xue yuan	7
北京工商大学良乡校区	bei jing gong shang da xue liang xiang xiao qu	4
北京市供销学校	bei jing shi gong xiao xue xiao	3
北京市动物园	bei jing shi dong wu yuan	6
北京市双河农场	bei jing shi shuang he nong chang	2
北京市地震局	bei jing shi di zhen ju	9
北京市植物园	bei jing shi zhi wu yuan	6
北京市界	bei jing shi jie	1
北京师范大学南门	bei jing shi fan da xue nan men	4
北京戏曲艺术职业学院	bei jing xi qu yi shu zhi ye xue yuan	7
北京房山区良乡镇	bei jing fang shan qu liang xiang zhen	2
北京房山区长沟镇	bei jing fang shan qu chang gou zhen	4
北京房山区青龙湖镇	bei jing fang shan qu qing long hu zhen	4
北京日坛公园	bei jing ri tan gong yuan	4
北京昌平区东小口镇	bei jing chang ping qu dong xiao kou zhen	3
北京昌平区北七家镇	bei jing chang ping qu bei qi jia zhen	3
北京昌平区小汤山镇	bei jing chang ping qu xiao tang shan zhen	3
北京昌平区沙河镇	bei jing chang ping qu sha he zhen	3
北京明城墙遗址公园	bei jing ming cheng qiang yi zhi gong yuan	5
北京月坛公园	bei jing yue tan gong yuan	1
北京朝来农艺园	bei jing chao lai nong yi yuan	2
北京朝阳公园	bei jing chao yang gong yuan	8
北京机械厂	bei jing ji xie chang	2
北京杂技团	bei jing za ji tuan	5
北京林业大学	bei jing lin ye da xue	21
北京柳荫公园	bei jing liu yin gong yuan	2
北京植物园	bei jing zhi wu yuan	4
北京植物园南门	bei jing zhi wu yuan nan men	6
北京海淀区上庄镇	bei jing hai dian qu shang zhuang zhen	3
北京海淀区苏家坨镇	bei jing hai dian qu su jia tuo zhen	3
北京涮羊肉	bei jing shuan yang rou	15
北京游乐园	bei jing you le yuan	1
北京焦化厂	bei jing jiao hua chang	2
北京物资学院	bei jing wu zi xue yuan	3
北京物资学院南站	bei jing wu zi xue yuan nan zhan	3
北京玉渊潭公园	bei jing yu yuan tan gong yuan	1
北京电机总厂	bei jing dian ji zong chang	3
北京石景山游乐园	bei jing shi jing shan you le yuan	6
北京科技大学北门	bei jing ke ji da xue bei men	4
北京站前街	bei jing zhan qian jie	6
北京站口	bei jing zhan kou	6
北京紫竹院公园	bei jing zi zhu yuan gong yuan	1
北京红领巾公园	bei jing hong ling jin gong yuan	4
北京经贸职业学院	bei jing jing mao zhi ye xue yuan	6
北京莲花池公园	bei jing lian hua chi gong yuan	5
北京菖蒲河公园	bei jing chang pu he gong yuan	3
北京街	bei jing jie	7
北京西站东	bei jing xi zhan dong	6
北京西站南广场	bei jing xi zhan nan guang chang	2
北京西路	bei jing xi lu	49
北京语言大学	bei jing yu yan da xue	44
北京财政学院	bei jing cai zheng xue yuan	3
北京路口	bei jing lu kou	1
北京路派出所	bei jing lu pai chu suo	9
北京轮胎厂	bei jing lun tai chang	3
北京轴承厂	bei jing zhou cheng chang	2
北京通州区台湖镇	bei jing tong zhou qu tai hu zhen	4
北京通州区宋庄镇	bei jing tong zhou qu song zhuang zhen	4
北京通州区永顺镇	bei jing tong zhou qu yong shun zhen	4
北京野生动物园	bei jing ye sheng dong wu yuan	2
北京金盏郁金香花园	bei jing jin zhan yu jin xiang hua yuan	2
北京金融学院	bei jing jin rong xue yuan	4
北京陶然亭公园	bei jing tao ran ting gong yuan	5
北京青年湖公园	bei jing qing nian hu gong yuan	3
北京青龙湖公园	bei jing qing long hu gong yuan	3
北京顺义区仁和镇	bei jing shun yi qu ren he zhen	6
北京顺义区北小营镇	bei jing shun yi qu bei xiao ying zhen	4
北京顺义区南彩镇	bei jing shun yi qu nan cai zhen	2
北京顺义区李桥镇	bei jing shun yi qu li qiao zhen	1
北京顺义区高丽营镇	bei jing shun yi qu gao li ying zhen	3
北京颐和园	bei jing yi he yuan	7
北京龙潭湖公园	bei jing long tan hu gong yuan	3
北人集团	bei ren ji tuan	8
北什轴乡	bei shen zhou xiang	4
北仑电厂	bei lun dian chang	5
北仓道	bei cang dao	3
北位乡	bei wei xiang	4
北何村	bei he cun	2
北侯	bei hou	5
北傍	bei bang	4
北六马路	bei liu ma lu	1
北关办事处	bei guan ban shi chu	4
北关工业园	bei guan gong ye yuan	4
北关新村	bei guan xin cun	5
北关村村委会	bei guan cun cun wei hui	3
北关桥	bei guan qiao	6
北关闸	bei guan zha	5
北兵马司	bei bing ma si	5
北兵马司胡同	bei bing ma si hu tong	5
北冶	bei ye	1
北冶村	bei ye cun	3
北刘庄	bei liu zhuang	4
北刘村	bei liu cun	5
北务	bei wu	3
北区一路	bei qu yi lu	2
北区汽车站	bei qu qi che zhan	6
北医三院	bei yi san yuan	27
北十五经路	bei shi wu jing lu	2
北十里铺西村	bei shi li pu xi cun	3
北半截胡同	bei ban jie hu tong	2
北华	bei hua	31
北华大学	bei hua da xue	8
北卡罗来州	bei ka luo lai zhou	3
北台	bei tai	30
北台乡	bei tai xiang	2
北号	bei hao	4
北吉祥胡同	bei ji xiang hu tong	2
北吴	bei wu	2
北呈乡	bei cheng xiang	1
北周庄	bei zhou zhuang	3
北咀	bei zui	4
北四卫头	bei si wei tou	5
北回归线标志塔	bei hui gui xian biao zhi ta	6
北团结	bei tuan jie	4
北团结街	bei tuan jie jie	5
北园子村	bei yuan zi cun	2
北园春	bei yuan chun	2
北园春市场	bei yuan chun shi chang	8
北园路	bei yuan lu	4
北围	bei wei	2
北围工业区	bei wei gong ye qu	3
北固	bei gu	11
北固乡	bei gu xiang	4
北国温泉之乡	bei guo wen quan zhi xiang	4
北国风光	bei guo feng guang	37
北土城	bei tu cheng	19
北土城东路	bei tu cheng dong lu	4
北土城西路东口	bei tu cheng xi lu dong kou	4
北土城路	bei tu cheng lu	1
北圩路	bei wei lu	8
北场	bei chang	6
北坊	bei fang	3
北坑	bei keng	18
北坛	bei tan	11
北坞村	bei wu cun	33
北坞村西站	bei wu cun xi zhan	2
北坦	bei tan	1
北城区	bei cheng qu	3
北城新风	bei cheng xin feng	2
北城根	bei cheng gen	1
北城街	bei cheng jie	5
北堂子胡同	bei tang zi hu tong	3
北堡村	bei bao cun	4
北堤	bei di	46
北堰	bei yan	5
北塔街道	bei ta jie dao	4
北塘	bei tang	45
北塘排污河	bei tang pai wu he	1
北墙湾	bei qiang wan	2
北壁乡	bei bi xiang	6
北大分校	bei da fen xiao	5
北大地	bei da di	3
北大桥	bei da qiao	19
北大武山	bei da wu shan	17
北大社	bei da she	10
北大科技园	bei da ke ji yuan	1
北大街东口	bei da jie dong kou	3
北大街居委会	bei da jie ju wei hui	2
北天堂村	bei tian tang cun	6
北太平庄	bei tai ping zhuang	20
北太平庄社区	bei tai ping zhuang she qu	5
北太平桥东	bei tai ping qiao dong	2
北太平桥南	bei tai ping qiao nan	4
北太平桥西	bei tai ping qiao xi	6
北太平路东口	bei tai ping lu dong kou	2
北太平路口	bei tai ping lu kou	3
北头村	bei tou cun	1
北头营乡	bei tou ying xiang	3
北姚村	bei yao cun	4
北孙各庄	bei sun ge zhuang	2
北孙庄村	bei sun zhuang cun	2
北孝顺胡同	bei xiao shun hu tong	3
北宁市	bei ning shi	12
北宅	bei zhai	11
北安县	bei an xian	7
北安市	bei an shi	22
北安桥	bei an qiao	3
北安河	bei an he	7
北安河西口	bei an he xi kou	3
北安路	bei an lu	9
北安路北三胡同	bei an lu bei san hu tong	3
北宋庄村	bei song zhuang cun	2
北官厅	bei guan ting	1
北官园胡同	bei guan yuan hu tong	2
北官场胡同	bei guan chang hu tong	3
北官房胡同	bei guan fang hu tong	1
北宝兴路	bei bao xing lu	2
北宫森林公园	bei gong sen lin gong yuan	2
北宫门	bei gong men	4
北宿舍	bei su she	4
北寒	bei han	3
北寨乡	bei zhai xiang	1
北寺	bei si	43
北小区	bei xiao qu	6
北小庄乡	bei xiao zhuang xiang	2
北小栓胡同	bei xiao shuan hu tong	3
北小河	bei xiao he	5
北小河西	bei xiao he xi	2
北小营	bei xiao ying	4
北小街豁口	bei xiao jie huo kou	6
北尖山	bei jian shan	2
北屏乡	bei ping xiang	1
北展	bei zhan	35
北屯市	bei tun shi	7
北山东营村	bei shan dong ying cun	2
北山公园	bei shan gong yuan	7
北山农场	bei shan nong chang	3
北山口	bei shan kou	4
北山坡	bei shan po	3
北山工业区	bei shan gong ye qu	5
北山底	bei shan di	2
北山村	bei shan cun	22
北山林场	bei shan lin chang	4
北山根村	bei shan gen cun	2
北山脚	bei shan jiao	3
北山门	bei shan men	6
北岔	bei cha	1
北岗子	bei gang zi	3
北岗村	bei gang cun	3
北岗桥	bei gang qiao	3
北岗街	bei gang jie	2
北岙镇	bei ao zhen	4
北岩	bei yan	9
北岭公园	bei ling gong yuan	2
北岭村	bei ling cun	1
北岳村	bei yue cun	2
北峰乡	bei feng xiang	1
北峰工业区	bei feng gong ye qu	3
北峰社区	bei feng she qu	2
北川县	bei chuan xian	23
北川村	bei chuan cun	1
北工业区	bei gong ye qu	2
北市场	bei shi chang	20
北市街道	bei shi jie dao	2
北师大附中	bei shi da fu zhong	12
北师大附小	bei shi da fu xiao	7
北帝庙	bei di miao	22
北干一苑	bei gan yi yuan	4
北干二苑	bei gan er yuan	3
北庄	bei zhuang	41
北庄头	bei zhuang tou	3
北店嘉园	bei dian jia yuan	5
北店子	bei dian zi	1
北庭大都护府	bei ting da du hu fu	5
北康村	bei kang cun	5
北延立交桥	bei yan li jiao qiao	2
北张	bei zhang	7
北张华浜	bei zhang hua bang	3
北张村	bei zhang cun	2
北彩村	bei cai cun	3
北徐	bei xu	27
北徐庄村	bei xu zhuang cun	6
北总布胡同	bei zong bu hu tong	1
北拉镇	bei la zhen	2
北探小区	bei tan xiao qu	3
北控	bei kong	41
北操	bei cao	3
北斗小学	bei dou xiao xue	1
北斗溪乡	bei dou xi xiang	5
北斗路	bei dou lu	7
北新仓	bei xin cang	15
北新仓胡同	bei xin cang hu tong	1
北新平胡同	bei xin ping hu tong	3
北新庄	bei xin zhuang	5
北新村	bei xin cun	9
北新桥	bei xin qiao	48
北新泾	bei xin jing	23
北新科技园	bei xin ke ji yuan	2
北新胡同	bei xin hu tong	1
北新街	bei xin jie	2
北新街北口	bei xin jie bei kou	2
北方交大	bei fang jiao da	6
北方工业大学	bei fang gong ye da xue	12
北方明珠社区	bei fang ming zhu she qu	4
北方村	bei fang cun	4
北方种业	bei fang zhong ye	4
北星	bei xing	31
北星社区	bei xing she qu	4
北晓顺胡同	bei xiao shun hu tong	2
北普陀影视城	bei pu tuo ying shi cheng	3
北景东苑	bei jing dong yuan	2
北景园	bei jing yuan	1
北望	bei wang	17
北李家庄	bei li jia zhuang	1
北杨庄村	bei yang zhuang cun	3
北杨村	bei yang cun	2
北杨集乡	bei yang ji xiang	4
北极广场	bei ji guang chang	1
北极阁	bei ji ge	9
北极阁胡同	bei ji ge hu tong	4
北林	bei lin	8
北林办事处	bei lin ban shi chu	4
北林路	bei lin lu	1
北果	bei guo	6
北栅	bei zha	2
北栅子村	bei zha zi cun	5
北桥头	bei qiao tou	11
北梁庄	bei liang zhuang	3
北欧小镇	bei ou xiao zhen	2
北正	bei zheng	7
北正街	bei zheng jie	5
北武当镇	bei wu dang zhen	6
北水关	bei shui guan	1
北水旧村	bei shui jiu cun	2
北水路口	bei shui lu kou	2
北江中学	bei jiang zhong xue	2
北江乡	bei jiang xiang	3
北江大厦	bei jiang da sha	2
北江大桥	bei jiang da qiao	1
北江路	bei jiang lu	6
北池	bei chi	4
北池头	bei chi tou	2
北池子	bei chi zi	16
北汤村	bei tang cun	1
北汪乡	bei wang xiang	4
北沈家桥	bei shen jia qiao	4
北沙	bei sha	14
北沙沟	bei sha gou	4
北沙滩	bei sha tan	4
北沙滩桥东	bei sha tan qiao dong	4
北沙滩桥北	bei sha tan qiao bei	3
北沙滩桥南	bei sha tan qiao nan	3
北沙滩桥西	bei sha tan qiao xi	3
北沟沿	bei gou yan	2
北沟沿胡同	bei gou yan hu tong	4
北河口	bei he kou	28
北河庄镇	bei he zhuang zhen	3
北河胡同	bei he hu tong	1
北河西	bei he xi	1
北洋径路	bei yang jing lu	3
北洋泾路	bei yang jing lu	6
北洋道	bei yang dao	2
北洛平村	bei luo ping cun	3
北津城路	bei jin cheng lu	4
北洸乡	bei guang xiang	1
北洼子村	bei wa zi cun	4
北洼路	bei wa lu	2
北洼路北口	bei wa lu bei kou	3
北洼路南口	bei wa lu nan kou	2
北洼路西里	bei wa lu xi li	3
北流县	bei liu xian	25
北流市	bei liu shi	36
北海公园	bei hai gong yuan	48
北海北门	bei hai bei men	1
北海后门	bei hai hou men	1
北海渔村	bei hai yu cun	3
北海街	bei hai jie	23
北涧	bei jian	3
北深沟	bei shen gou	2
北清河	bei qing he	3
北渔	bei yu	21
北温泉	bei wen quan	6
北港村	bei gang cun	3
北湖公园	bei hu gong yuan	16
北湖公园南	bei hu gong yuan nan	3
北湖农场	bei hu nong chang	5
北湖山	bei hu shan	2
北湖村	bei hu cun	2
北湖渠	bei hu qu	4
北湖渠村	bei hu qu cun	5
北湖街	bei hu jie	7
北湾子	bei wan zi	3
北湾子胡同	bei wan zi hu tong	2
北源	bei yuan	14
北溪村	bei xi cun	5
北溪河	bei xi he	2
北滘中学	bei jiao zhong xue	1
北滘医院	bei jiao yi yuan	2
北滘港	bei jiao gang	5
北漍镇	bei guo zhen	2
北潞园	bei lu yuan	6
北潭	bei tan	37
北澳市场	bei ao shi chang	2
北火扇胡同	bei huo shan hu tong	1
北炉乡	bei lu xiang	2
北炮社区	bei pao she qu	2
北照台村	bei zhao tai cun	2
北牙瑶族乡	bei ya yao zu xiang	3
北王乡	bei wang xiang	3
北王平村	bei wang ping cun	2
北王庄	bei wang zhuang	3
北王庄村	bei wang zhuang cun	4
北环大道	bei huan da dao	5
北环新村	bei huan xin cun	4
北环西路	bei huan xi lu	2
北环路	bei huan lu	47
北环铁路	bei huan tie lu	9
北甘池村	bei gan chi cun	2
北田村	bei tian cun	3
北甲地	bei jia di	4
北甸	bei dian	4
北留智镇	bei liu zhi zhen	4
北留路	bei liu lu	3
北疆乡	bei jiang xiang	1
北白	bei bai	4
北白岱村	bei bai dai cun	3
北皋	bei gao	1
北盛	bei sheng	4
北石家村	bei shi jia cun	4
北石桥	bei shi qiao	5
北石槽	bei shi cao	5
北石路	bei shi lu	1
北石道街	bei shi dao jie	2
北研垡村	bei yan fa cun	3
北神树	bei shen shu	7
北神树东口	bei shen shu dong kou	2
北神树西口	bei shen shu xi kou	2
北票县	bei piao xian	4
北票市	bei piao shi	28
北稍门	bei shao men	1
北穆家峪村	bei mu jia yu cun	3
北空干休所	bei kong gan xiu suo	4
北窑	bei yao	2
北窑头	bei yao tou	2
北窖镇	bei jiao zhen	3
北站立交桥	bei zhan li jiao qiao	3
北站西路街道	bei zhan xi lu jie dao	5
北站货场	bei zhan huo chang	1
北站路	bei zhan lu	2
北章客村	bei zhang ke cun	4
北红门村	bei hong men cun	2
北纬路	bei wei lu	7
北线阁	bei xian ge	1
北组	bei zu	5
北翔凤胡同	bei xiang feng hu tong	3
北翟路	bei di lu	16
北耽车乡	bei dan che xiang	4
北肖墙	bei xiao qiang	6
北胡同	bei hu tong	1
北臧村镇政府	bei zang cun zhen zheng fu	5
北艾路	bei ai lu	6
北芦草园	bei lu cao yuan	3
北芦草园胡同	bei lu cao yuan hu tong	3
北花	bei hua	5
北苑之星	bei yuan zhi xing	3
北苑家园	bei yuan jia yuan	1
北苑小区	bei yuan xiao qu	3
北苑村	bei yuan cun	6
北苑村北站	bei yuan cun bei zhan	2
北苑桥	bei yuan qiao	6
北苑路北站	bei yuan lu bei zhan	3
北苑路大屯	bei yuan lu da tun	4
北苑路大屯北站	bei yuan lu da tun bei zhan	3
北草厂	bei cao chang	1
北草厂胡同	bei cao chang hu tong	3
北菜园	bei cai yuan	6
北营	bei ying	19
北营房	bei ying fang	1
北营房西里社区	bei ying fang xi li she qu	3
北营火车站	bei ying huo che zhan	5
北营门	bei ying men	2
北蒲州营村	bei pu zhou ying cun	3
北蔡	bei cai	19
北蔡中学	bei cai zhong xue	4
北虹路	bei hong lu	1
北蜂窝路	bei feng wo lu	2
北蜂窝路南口	bei feng wo lu nan kou	2
北街口	bei jie kou	6
北街居委会	bei jie ju wei hui	4
北街村	bei jie cun	3
北街村委会	bei jie cun wei hui	2
北街村村委会	bei jie cun cun wei hui	2
北褚乡	bei chu xiang	2
北西庄	bei xi zhuang	2
北贾壁乡	bei jia bi xiang	2
北路口	bei lu kou	32
北车营	bei che ying	2
北较场	bei jiao chang	3
北较场西路	bei jiao chang xi lu	6
北辛安	bei xin an	7
北辛安大街社区	bei xin an da jie she qu	2
北辛安街道	bei xin an jie dao	2
北辛屯村	bei xin tun cun	3
北辛庄	bei xin zhuang	4
北辛庄村村委会	bei xin zhuang cun cun wei hui	2
北辰东路	bei chen dong lu	4
北辰桥西	bei chen qiao xi	5
北辰经济技术开发区	bei chen jing ji ji shu kai fa qu	3
北辰西桥北	bei chen xi qiao bei	4
北辰西桥南	bei chen xi qiao nan	6
北辰西路	bei chen xi lu	11
北辰路	bei chen lu	16
北道埠	bei dao bu	2
北道德乡	bei dao de xiang	2
北郊农场桥东	bei jiao nong chang qiao dong	4
北郊农场桥西	bei jiao nong chang qiao xi	3
北郊区	bei jiao qu	4
北郊医院	bei jiao yi yuan	7
北郊客运站	bei jiao ke yun zhan	3
北郊市场	bei jiao shi chang	4
北郊长途汽车站	bei jiao chang tu qi che zhan	5
北郊面粉厂	bei jiao mian fen chang	2
北郎中	bei lang zhong	6
北郎中加油站	bei lang zhong jia you zhan	2
北部新区	bei bu xin qu	13
北郭	bei guo	14
北郭庄	bei guo zhuang	3
北郭村村委会	bei guo cun cun wei hui	3
北里王东村	bei li wang dong cun	2
北野厂村	bei ye chang cun	2
北野场	bei ye chang	4
北锣鼓巷	bei luo gu xiang	8
北镇市	bei zhen shi	28
北长路	bei chang lu	2
北门口	bei men kou	11
北门外大街	bei men wai da jie	1
北门桥	bei men qiao	7
北门社区	bei men she qu	2
北门群艺馆	bei men qun yi guan	5
北门药材公司	bei men yao cai gong si	5
北门街	bei men jie	25
北门路	bei men lu	28
北闸口镇大芦庄村	bei zha kou zhen da lu zhuang cun	2
北附	bei fu	6
北陡	bei dou	9
北陵农场	bei ling nong chang	4
北陵大街	bei ling da jie	1
北韩乡	bei han xiang	2
北顺城街	bei shun cheng jie	3
北顺社区	bei shun she qu	4
北馆陶	bei guan tao	3
北马庄	bei ma zhuang	6
北马房	bei ma fang	3
北马村	bei ma cun	4
北马桥	bei ma qiao	2
北马路	bei ma lu	4
北高庄村	bei gao zhuang cun	4
北黑山	bei hei shan	3
匡家	kuang jia	4
匪头子	fei tou zi	1
匹河怒族乡	pi he nu zu xiang	5
区一中	qu yi zhong	6
区一建	qu yi jian	2
区一院	qu yi yuan	3
区中医院	qu zhong yi yuan	5
区二小	qu er xiao	3
区五建	qu wu jian	3
区交通局	qu jiao tong ju	32
区党校	qu dang xiao	7
区委办	qu wei ban	2
区武装部	qu wu zhuang bu	3
区社区	qu she qu	46
医大口腔医院	yi da kou qiang yi yuan	3
医学院二附院	yi xue yuan er fu yuan	3
医学院宿舍楼	yi xue yuan su she lou	2
医疗器械厂	yi liao qi xie chang	5
医药中专	yi yao zhong zhuan	4
医药园	yi yao yuan	1
医药大厦	yi yao da sha	6
十一农场	shi yi nong chang	2
十一区	shi yi qu	8
十一号村	shi yi hao cun	1
十一号院社区	shi yi hao yuan she qu	3
十一学校	shi yi xue xiao	8
十一小学	shi yi xiao xue	1
十一校	shi yi xiao	1
十一画	shi yi hua	4
十一纬路	shi yi wei lu	5
十一经路	shi yi jing lu	2
十一经路立交桥	shi yi jing lu li jiao qiao	4
十七户	shi qi hu	3
十三中	shi san zhong	25
十三坑	shi san keng	3
十三小学	shi san xiao xue	5
十三户	shi san hu	6
十三排	shi san pai	2
十三纬路	shi san wei lu	4
十三经路	shi san jing lu	4
十三股	shi san gu	2
十三里	shi san li	10
十三陵水库	shi san ling shui ku	6
十九中学	shi jiu zhong xue	4
十二中学	shi er zhong xue	3
十二号村	shi er hao cun	3
十二吐乡	shi er tu xiang	1
十二堡	shi er bao	1
十二岗	shi er gang	2
十二排	shi er pai	4
十二木卡姆	shi er mu ka mu	4
十二桥	shi er qiao	4
十二渡	shi er du	6
十二湖	shi er hu	8
十二画	shi er hua	10
十二经路	shi er jing lu	4
十二街	shi er jie	3
十五中	shi wu zhong	24
十五中学	shi wu zhong xue	13
十五小学	shi wu xiao xue	5
十五经路	shi wu jing lu	4
十亩地乡	shi mu di xiang	3
十人间	shi ren jian	12
十八中	shi ba zhong	13
十八中学	shi ba zhong xue	4
十八口	shi ba kou	4
十八台镇	shi ba tai zhen	2
十八家	shi ba jia	10
十八户村委会	shi ba hu cun wei hui	2
十八村	shi ba cun	2
十八步岛	shi ba bu dao	4
十八湾	shi ba wan	4
十八潭	shi ba tan	8
十八盘	shi ba pan	14
十八里	shi ba li	31
十八里店	shi ba li dian	7
十八里店乡	shi ba li dian xiang	1
十八里店乡政府	shi ba li dian xiang zheng fu	6
十八里店北桥	shi ba li dian bei qiao	6
十八里店南桥	shi ba li dian nan qiao	6
十八里店南站	shi ba li dian nan zhan	3
十八里店村	shi ba li dian cun	1
十八里村	shi ba li cun	6
十八间	shi ba jian	12
十六中	shi liu zhong	15
十六浦	shi liu pu	12
十六街区	shi liu jie qu	3
十六街坊	shi liu jie fang	5
十农场	shi nong chang	2
十北社区	shi bei she qu	3
十号桥	shi hao qiao	4
十四中	shi si zhong	28
十四桥	shi si qiao	1
十四经路	shi si jing lu	3
十字桥	shi zi qiao	4
十字横街	shi zi heng jie	2
十字港村	shi zi gang cun	2
十字街北	shi zi jie bei	2
十字街西	shi zi jie xi	1
十字马路	shi zi ma lu	2
十总	shi zong	4
十月厂	shi yue chang	3
十月小区	shi yue xiao qu	4
十月村	shi yue cun	8
十条社区	shi tiao she qu	2
十甲	shi jia	21
十甲村	shi jia cun	2
十画	shi hua	4
十纬路	shi wei lu	1
十经路	shi jing lu	4
十里坪镇	shi li ping zhen	7
十里堡	shi li pu	32
十里堡北区	shi li pu bei qu	3
十里堡北里	shi li pu bei li	7
十里堡小区	shi li pu xiao qu	3
十里墩	shi li dun	4
十里店	shi li dian	16
十里店公交站	shi li dian gong jiao zhan	7
十里村	shi li cun	1
十里桥	shi li qiao	3
十里河居然之家	shi li he ju ran zhi jia	4
十里河桥	shi li he qiao	8
十里河桥东	shi li he qiao dong	4
十里河桥北	shi li he qiao bei	5
十里河桥南	shi li he qiao nan	4
十里泉	shi li quan	1
十里牌村	shi li pai cun	2
十里红村	shi li hong cun	3
十里银杏	shi li yin xing	3
十里铺	shi li pu	37
十里香	shi li xiang	4
十间头	shi jian tou	4
十院	shi yuan	5
十陵镇	shi ling zhen	7
十陵镇政府	shi ling zhen zheng fu	2
十食堂	shi shi tang	6
千万贯乡	qian wan guan xiang	3
千丘村	qian qiu cun	4
千丰村	qian feng cun	4
千井	qian jing	4
千亿山庄	qian yi shan zhuang	3
千佛岭乡	qian fo ling xiang	3
千佛林	qian fo lin	3
千佛洞是	qian fo dong shi	1
千佛阁村	qian fo ge cun	3
千军台村	qian jun tai cun	4
千厮门	qian si men	16
千台	qian tai	10
千唐志斋	qian tang zhi zhai	1
千家店	qian jia dian	4
千家店镇社区	qian jia dian zhen she qu	3
千家洲乡	qian jia zhou xiang	2
千家街	qian jia jie	7
千山路	qian shan lu	8
千岛龙庭	qian dao long ting	3
千峰南路	qian feng nan lu	8
千峰彩翠	qian feng cai cui	3
千工坪乡	qian gong ping xiang	6
千年古桑	qian nian gu sang	4
千总巷	qian zong xiang	3
千户村	qian hu cun	3
千斤沟镇	qian jin gou zhen	4
千步	qian bu	39
千禧园	qian xi yuan	1
千禧小区	qian xi xiao qu	2
千秋村	qian qiu cun	6
千秋街	qian qiu jie	6
千里堤	qian li di	1
千里马环岛	qian li ma huan dao	2
千金坪	qian jin ping	3
千金村	qian jin cun	2
千阳路	qian yang lu	5
千顷堂村	qian qing tang cun	2
千龙村	qian long cun	2
升安大街	sheng an da jie	3
升官渡	sheng guan du	4
升官渡小区	sheng guan du xiao qu	6
升平区	sheng ping qu	2
升平社区	sheng ping she qu	5
升平街	sheng ping jie	4
升平路	sheng ping lu	8
升文	sheng wen	2
升隆乡	sheng long xiang	2
午城镇	wu cheng zhen	5
午山	wu shan	5
午山岗村	wu shan gang cun	2
午山村	wu shan cun	4
午桥	wu qiao	2
午汲	wu ji	11
半凇园路	ban song yuan lu	5
半坑	ban keng	3
半坡博物馆	ban po bo wu guan	3
半坡店村	ban po dian cun	4
半坡村	ban po cun	7
半塔村	ban ta cun	2
半塘路	ban tang lu	3
半壁店	ban bi dian	4
半壁店森林公园	ban bi dian sen lin gong yuan	3
半壁街	ban bi jie	2
半屏山路	ban ping shan lu	2
半山亭	ban shan ting	3
半山园	ban shan yuan	2
半山村	ban shan cun	1
半山电厂	ban shan dian chang	1
半山花园	ban shan hua yuan	2
半岛山庄	ban dao shan zhuang	3
半岛晨报社	ban dao chen bao she	3
半岛碧桂园	ban dao bi gui yuan	2
半岛花园	ban dao hua yuan	2
半岛苑	ban dao yuan	3
半岭村	ban ling cun	2
半引路北口	ban yin lu bei kou	3
半截塔镇	ban jie ta zhen	1
半截楼	ban jie lou	5
半截楼村	ban jie lou cun	4
半截河街道	ban jie he jie dao	3
半截胡同	ban jie hu tong	4
半扇门	ban shan men	3
半扇门乡	ban shan men xiang	3
半排	ban pai	2
半步桥	ban bu qiao	6
半步桥胡同	ban bu qiao hu tong	4
半汤街道	ban tang jie dao	1
半淞园路	ban song yuan lu	3
半湘街	ban xiang jie	5
半湾	ban wan	1
半溪	ban xi	5
半腰桥	ban yao qiao	2
半路凉亭	ban lu liang ting	1
半边山	ban bian shan	2
半边桥	ban bian qiao	5
半道红	ban dao hong	2
华业	hua ye	16
华业大厦	hua ye da sha	6
华东家具市场	hua dong jia ju shi chang	6
华东家具广场	hua dong jia ju guang chang	3
华东师大	hua dong shi da	44
华东物资城	hua dong wu zi cheng	3
华东理工	hua dong li gong	21
华东理工学院	hua dong li gong xue yuan	3
华东陶瓷建材市场	hua dong tao ci jian cai shi chang	2
华严北里	hua yan bei li	1
华严北里社区	hua yan bei li she qu	4
华严寺	hua yan si	44
华严路	hua yan lu	6
华中农业大学	hua zhong nong ye da xue	40
华中大	hua zhong da	13
华中理工大学	hua zhong li gong da xue	37
华中科大	hua zhong ke da	2
华丰公交站	hua feng gong jiao zhan	5
华丰宿舍	hua feng su she	4
华丰小区	hua feng xiao qu	5
华丰市场	hua feng shi chang	1
华丰新村	hua feng xin cun	4
华丰村	hua feng cun	1
华丰村口	hua feng cun kou	2
华丰桥	hua feng qiao	3
华丰楼	hua feng lou	1
华丰社区	hua feng she qu	1
华丰胡同	hua feng hu tong	3
华丰路	hua feng lu	8
华丽环岛	hua li huan dao	4
华丽西村	hua li xi cun	3
华丽路	hua li lu	7
华之友超市	hua zhi you chao shi	2
华乐街	hua le jie	2
华乐街道	hua le jie dao	3
华亭宾馆	hua ting bin guan	3
华亭苑	hua ting yuan	3
华仑	hua lun	5
华仑社区	hua lun she qu	3
华侨医院	hua qiao yi yuan	4
华侨城医院	hua qiao cheng yi yuan	2
华侨大厦	hua qiao da sha	13
华侨大学	hua qiao da xue	49
华侨宾馆	hua qiao bin guan	6
华侨投资区	hua qiao tou zi qu	8
华侨新村	hua qiao xin cun	22
华侨管区	hua qiao guan qu	3
华侨纸厂	hua qiao zhi chang	3
华侨街	hua qiao jie	3
华侨路	hua qiao lu	6
华侨酒店	hua qiao jiu dian	1
华侨饭店	hua qiao fan dian	5
华信花园	hua xin hua yuan	2
华光乡	hua guang xiang	1
华光城	hua guang cheng	4
华光巷	hua guang xiang	2
华光村	hua guang cun	6
华光路	hua guang lu	1
华兴公司	hua xing gong si	1
华兴大街	hua xing da jie	3
华兴正街	hua xing zheng jie	6
华兴街道	hua xing jie dao	1
华兴道	hua xing dao	3
华凌市场	hua ling shi chang	9
华利小区	hua li xiao qu	2
华北市场	hua bei shi chang	8
华南中学	hua nan zhong xue	1
华南国际商城	hua nan guo ji shang cheng	1
华南广场	hua nan guang chang	13
华南社区	hua nan she qu	1
华发地产	hua fa di chan	3
华发新城	hua fa xin cheng	4
华口	hua kou	3
华口居委会	hua kou ju wei hui	6
华口工业区	hua kou gong ye qu	2
华口市场	hua kou shi chang	3
华口村	hua kou cun	5
华唐苑	hua tang yuan	2
华商数码	hua shang shu ma	4
华嘉寺	hua jia si	2
华嘉胡同	hua jia hu tong	5
华园小区	hua yuan xiao qu	6
华圣欧洲城	hua sheng ou zhou cheng	2
华地	hua di	7
华地村	hua di cun	2
华坑	hua keng	2
华坞	hua wu	5
华坪	hua ping	37
华坪路	hua ping lu	4
华城	hua cheng	40
华城嘉园	hua cheng jia yuan	2
华城广场	hua cheng guang chang	6
华城新都	hua cheng xin du	5
华堂商场大兴店	hua tang shang chang da xing dian	3
华塑二厂	hua su er chang	1
华塑社区	hua su she qu	3
华塘街道	hua tang jie dao	7
华夏路	hua xia lu	6
华夏银行	hua xia yin hang	8
华大社区	hua da she qu	3
华天道	hua tian dao	2
华威南路	hua wei nan lu	2
华威南路东口	hua wei nan lu dong kou	2
华威桥南	hua wei qiao nan	4
华威西里	hua wei xi li	6
华宇家园	hua yu jia yuan	2
华宇购物广场	hua yu gou wu guang chang	6
华安公司	hua an gong si	6
华安大街	hua an da jie	2
华安路	hua an lu	5
华安里	hua an li	1
华宝	hua bao	19
华宝新村	hua bao xin cun	3
华宝路	hua bao lu	7
华宝集团	hua bao ji tuan	2
华富村	hua fu cun	1
华富路	hua fu lu	5
华山中学	hua shan zhong xue	6
华山中心医院	hua shan zhong xin yi yuan	4
华山分厂	hua shan fen chang	4
华山医院	hua shan yi yuan	40
华山寺	hua shan si	9
华山村	hua shan cun	4
华山监狱	hua shan jian yu	5
华山镇政府	hua shan zhen zheng fu	5
华山龙湖苑	hua shan long hu yuan	5
华岩	hua yan	11
华岩寺	hua yan si	7
华岩村	hua yan cun	2
华峰村	hua feng cun	5
华府庄园	hua fu zhuang yuan	4
华庭云顶	hua ting yun ding	4
华强中学	hua qiang zhong xue	4
华强路口	hua qiang lu kou	5
华投	hua tou	1
华拓数码	hua tuo shu ma	5
华捷道	hua jie dao	3
华文学院	hua wen xue yuan	10
华新公司	hua xin gong si	3
华新大街	hua xin da jie	3
华新村	hua xin cun	3
华新社区	hua xin she qu	1
华新街	hua xin jie	24
华新路	hua xin lu	6
华昌大街	hua chang da jie	4
华昌街	hua chang jie	4
华昌街道	hua chang jie dao	4
华昌路口	hua chang lu kou	3
华昌道	hua chang dao	3
华昌道华馨公寓	hua chang dao hua xin gong yu	2
华星社区	hua xing she qu	5
华星路	hua xing lu	1
华普超市航天桥店	hua pu chao shi hang tian qiao dian	3
华景北苑	hua jing bei yuan	4
华景花园	hua jing hua yuan	4
华林四桥	hua lin si qiao	4
华林山垦殖场	hua lin shan ken zhi chang	3
华林路	hua lin lu	9
华桥村	hua qiao cun	3
华正	hua zheng	13
华民乡	hua min xiang	2
华汇商厦	hua hui shang sha	2
华汇康城	hua hui kang cheng	4
华江	hua jiang	40
华江支路	hua jiang zhi lu	5
华池路	hua chi lu	4
华泰花园	hua tai hua yuan	4
华泾路	hua jing lu	7
华洲	hua zhou	10
华洲市场	hua zhou shi chang	2
华洲村	hua zhou cun	3
华浙	hua zhe	2
华浜新村	hua bang xin cun	2
华海	hua hai	27
华海园	hua hai yuan	5
华海村	hua hai cun	3
华海路口	hua hai lu kou	1
华润公司	hua run gong si	4
华润君悦酒店	hua run jun yue jiu dian	2
华润小区	hua run xiao qu	4
华清	hua qing	39
华清园	hua qing yuan	2
华清园小区	hua qing yuan xiao qu	1
华清山庄	hua qing shan zhuang	3
华清村	hua qing cun	5
华漕	hua cao	3
华灵路	hua ling lu	7
华特工业区	hua te gong ye qu	2
华瑞	hua rui	33
华盛	hua sheng	26
华碧道	hua bi dao	3
华福路	hua fu lu	9
华科大	hua ke da	9
华立	hua li	26
华站	hua zhan	18
华美公司	hua mei gong si	6
华美学院	hua mei xue yuan	4
华美新村	hua mei xin cun	3
华美村	hua mei cun	6
华联吉买盛	hua lian ji mai sheng	1
华联大厦	hua lian da sha	1
华联新村	hua lian xin cun	2
华胜	hua sheng	27
华艺大厦	hua yi da sha	3
华苑	hua yuan	17
华苑产业园	hua yuan chan ye yuan	3
华苑产业园区	hua yuan chan ye yuan qu	5
华苑公寓	hua yuan gong yu	3
华苑西路	hua yuan xi lu	2
华苑路	hua yuan lu	1
华苑酒家	hua yuan jiu jia	4
华英园	hua ying yuan	3
华英学校西门	hua ying xue xiao xi men	2
华茂大厦	hua mao da sha	4
华茂路	hua mao lu	1
华荣超市	hua rong chao shi	3
华莹市	hua ying shi	3
华蓥乡	hua ying xiang	2
华蓥山镇	hua ying shan zhen	2
华蓥市	hua ying shi	7
华西小区	hua xi xiao qu	3
华西街	hua xi jie	32
华西街道	hua xi jie dao	3
华西路口	hua xi lu kou	4
华财古玩城	hua cai gu wan cheng	5
华贵路口	hua gui lu kou	4
华越道	hua yue dao	2
华软学院	hua ruan xue yuan	7
华远东路	hua yuan dong lu	7
华远东路口	hua yuan dong lu kou	3
华远市场	hua yuan shi chang	5
华通	hua tong	40
华通公司	hua tong gong si	7
华通商厦	hua tong shang sha	4
华都大酒店	hua du da jiu dian	4
华都肉鸡厂	hua du rou ji chang	2
华都饭店	hua du fan dian	1
华鑫	hua xin	10
华银	hua yin	6
华银铝	hua yin lv	1
华锐	hua rui	28
华锦路	hua jin lu	3
华门	hua men	26
华阳东路	hua yang dong lu	3
华阳中学	hua yang zhong xue	3
华阳佳园	hua yang jia yuan	5
华阳客运站	hua yang ke yun zhan	6
华阳绕城路口	hua yang rao cheng lu kou	3
华阴县	hua yin xian	43
华阴市	hua yin shi	15
华静家园	hua jing jia yuan	3
华飞	hua fei	5
华高新村	hua gao xin cun	4
华鸿	hua hong	3
华龙坊	hua long fang	4
华龙桥	hua long qiao	3
华龙温泉公寓	hua long wen quan gong yu	2
华龙苑北里	hua long yuan bei li	3
华龙苑北里北门	hua long yuan bei li bei men	2
华龙苑南里	hua long yuan nan li	4
华龙道	hua long dao	4
协作胡同	xie zuo hu tong	4
协和胡同	xie he hu tong	4
协和路	xie he lu	3
协德	xie de	9
协操坪	xie cao ping	1
协比乃尔布呼乡	xie bi nai er bu hu xiang	5
协盛	xie sheng	26
协雄乡	xie xiong xiang	2
卓克基镇	zhuo ke ji zhen	4
卓刀泉	zhuo dao quan	5
卓家营	zhuo jia ying	4
卓展购物中心	zhuo zhan gou wu zhong xin	7
卓湖	zhuo hu	3
卓资	zhuo zi	17
卓越世纪中心	zhuo yue shi ji zhong xin	2
卓里工贸区	zhuo li gong mao qu	4
单南	dan nan	5
单台子乡	dan tai zi xiang	3
单寨乡	dan zhai xiang	2
单庄村	dan zhuang cun	4
单店	dan dian	11
单店村	dan dian cun	5
单晶河乡	dan jing he xiang	3
单村	dan cun	1
单村北口	dan cun bei kou	2
单石桥	dan shi qiao	2
单竹	dan zhu	8
单竹坑	dan zhu keng	2
卖鱼桥	mai yu qiao	6
卖麻桥	mai ma qiao	3
南一楼	nan yi lou	2
南一路	nan yi lu	23
南一马路	nan yi ma lu	1
南七家	nan qi jia	1
南七家庄村	nan qi jia zhuang cun	5
南七里站街道	nan qi li zhan jie dao	2
南万	nan wan	7
南三楼	nan san lou	4
南三路	nan san lu	21
南三里社区	nan san li she qu	2
南三门	nan san men	3
南下洼子胡同	nan xia wa zi hu tong	2
南东坊镇	nan dong fang zhen	2
南中	nan zhong	10
南丰村	nan feng cun	5
南丰胡同	nan feng hu tong	6
南丰路	nan feng lu	13
南丹东路	nan dan dong lu	1
南丹路	nan dan lu	1
南二楼	nan er lou	6
南二社区	nan er she qu	6
南二路	nan er lu	22
南二门	nan er men	2
南五老胡同	nan wu lao hu tong	3
南五里店	nan wu li dian	5
南五马路	nan wu ma lu	2
南井	nan jing	2
南亚医院	nan ya yi yuan	2
南京东路外滩	nan jing dong lu wai tan	5
南京仙林大学城	nan jing xian lin da xue cheng	2
南京南街	nan jing nan jie	11
南京工业大学	nan jing gong ye da xue	28
南京林业大学	nan jing lin ye da xue	15
南京财经大学	nan jing cai jing da xue	6
南京路外滩	nan jing lu wai tan	5
南京迈皋桥创业园	nan jing mai gao qiao chuang ye yuan	3
南仓桥	nan cang qiao	2
南仓道	nan cang dao	2
南位	nan wei	7
南体路	nan ti lu	2
南何村	nan he cun	4
南侨	nan qiao	38
南侨村	nan qiao cun	2
南元宫巷	nan yuan gong xiang	4
南充县	nan chong xian	32
南八宝胡同	nan ba bao hu tong	3
南公园	nan gong yuan	32
南六楼	nan liu lou	4
南六马路	nan liu ma lu	4
南关办事处	nan guan ban shi chu	5
南关岭	nan guan ling	16
南关岭镇	nan guan ling zhen	2
南关村村委会	nan guan cun cun wei hui	5
南兴道	nan xing dao	3
南内环东口	nan nei huan dong kou	3
南内环桥西	nan nei huan qiao xi	1
南农大	nan nong da	3
南农社区	nan nong she qu	2
南冬村	nan dong cun	3
南凌	nan ling	4
南凡镇	nan fan zhen	3
南化各庄	nan hua ge zhuang	4
南化新村	nan hua xin cun	4
南化镇	nan hua zhen	4
南北主干道	nan bei zhu gan dao	8
南北大街	nan bei da jie	5
南北大街北洋新里	nan bei da jie bei yang xin li	2
南北桥	nan bei qiao	3
南北港水产场	nan bei gang shui chan chang	3
南北里社区	nan bei li she qu	3
南北高速	nan bei gao su	7
南区第二社区	nan qu di er she qu	2
南区路	nan qu lu	8
南十里	nan shi li	4
南十里堡	nan shi li pu	2
南十里居	nan shi li ju	1
南十里居北站	nan shi li ju bei zhan	2
南十里铺村	nan shi li pu cun	5
南半壁店	nan ban bi dian	4
南半截胡同	nan ban jie hu tong	1
南华园三区	nan hua yuan san qu	3
南华园四区	nan hua yuan si qu	3
南华城	nan hua cheng	5
南华市场	nan hua shi chang	1
南华村	nan hua cun	3
南华苑	nan hua yuan	6
南华西街道	nan hua xi jie dao	6
南华路	nan hua lu	9
南口农场	nan kou nong chang	6
南口前	nan kou qian	1
南口北站	nan kou bei zhan	4
南口医院	nan kou yi yuan	5
南口李庄	nan kou li zhuang	2
南口环岛	nan kou huan dao	3
南口路	nan kou lu	4
南口铁路医院	nan kou tie lu yi yuan	5
南口镇村	nan kou zhen cun	3
南召	nan zhao	48
南各	nan ge	8
南各庄	nan ge zhuang	8
南各庄村	nan ge zhuang cun	4
南合	nan he	15
南吉祥胡同	nan ji xiang hu tong	4
南后街	nan hou jie	19
南吕	nan lv	4
南园小区	nan yuan xiao qu	7
南园村	nan yuan cun	3
南园社区	nan yuan she qu	3
南园路	nan yuan lu	8
南园路口	nan yuan lu kou	5
南圣胡安	nan sheng hu an	1
南坊	nan fang	21
南坎	nan kan	30
南坑乡	nan keng xiang	2
南坑尾	nan keng wei	3
南坑村	nan keng cun	7
南坑水库	nan keng shui ku	3
南坛村	nan tan cun	2
南坝村	nan ba cun	2
南坞	nan wu	10
南坪县	nan ping xian	1
南坪村	nan ping cun	8
南坪河	nan ping he	2
南垣乡	nan yuan xiang	2
南垭	nan ya	4
南城区	nan cheng qu	11
南城子	nan cheng zi	4
南城美境	nan cheng mei jing	3
南城脚	nan cheng jiao	3
南城街	nan cheng jie	5
南埔工业区	nan pu gong ye qu	4
南埔村	nan pu cun	5
南埕	nan cheng	1
南埕村	nan cheng cun	3
南埠	nan bu	5
南埠村	nan bu cun	3
南堂	nan tang	12
南堤寺东村	nan di si dong cun	3
南堤寺西村	nan di si xi cun	3
南堰	nan yan	7
南塑	nan su	4
南塘村	nan tang cun	2
南塘社区	nan tang she qu	4
南塬乡	nan yuan xiang	2
南墅	nan shu	6
南墙湾	nan qiang wan	3
南墙缝社区	nan qiang feng she qu	3
南墩	nan dun	1
南墩村	nan dun cun	4
南壕堑	nan hao qian	2
南夏墅	nan xia shu	6
南大井	nan da jing	13
南大亭	nan da ting	2
南大安胡同	nan da an hu tong	2
南大山满族乡	nan da shan man zu xiang	2
南大桥	nan da qiao	14
南大湖村	nan da hu cun	2
南大红门	nan da hong men	5
南大红门村	nan da hong men cun	4
南大街居委会	nan da jie ju wei hui	2
南大街村	nan da jie cun	2
南大路	nan da lu	6
南天寺	nan tian si	7
南天竺	nan tian zhu	19
南天花园	nan tian hua yuan	3
南太常寺	nan tai chang si	7
南头中学	nan tou zhong xue	4
南头总站	nan tou zong zhan	2
南头联检站	nan tou lian jian zhan	4
南奉公路	nan feng gong lu	16
南姚村	nan yao cun	4
南姜村	nan jiang cun	4
南娄底乡	nan lou di xiang	2
南孙庄乡	nan sun zhuang xiang	3
南孙庄村	nan sun zhuang cun	3
南孙村	nan sun cun	2
南孟	nan meng	4
南宁路	nan ning lu	8
南宅	nan zhai	2
南宅庄户村	nan zhai zhuang hu cun	4
南官庄	nan guan zhuang	1
南官房	nan guan fang	1
南官房胡同	nan guan fang hu tong	4
南宫东站	nan gong dong zhan	4
南宫南站	nan gong nan zhan	4
南宫县	nan gong xian	35
南宫市	nan gong shi	33
南宫市场	nan gong shi chang	5
南宫新苑小区	nan gong xin yuan xiao qu	4
南家	nan jia	6
南家沟	nan jia gou	2
南寒广场	nan han guang chang	4
南寒街道	nan han jie dao	3
南寨	nan zhai	17
南寨村委会	nan zhai cun wei hui	2
南小区	nan xiao qu	1
南小区社区	nan xiao qu she qu	2
南小岛	nan xiao dao	39
南小巷	nan xiao xiang	2
南小庄	nan xiao zhuang	3
南小河	nan xiao he	2
南小街	nan xiao jie	12
南小街一村	nan xiao jie yi cun	3
南小街三村	nan xiao jie san cun	6
南小街东里	nan xiao jie dong li	3
南小街中里	nan xiao jie zhong li	3
南小街二村	nan xiao jie er cun	4
南小街西里	nan xiao jie xi li	5
南少林	nan shao lin	26
南尚乐	nan shang le	4
南尧	nan yao	4
南尼乡	nan ni xiang	2
南屏中学	nan ping zhong xue	2
南屏大桥	nan ping da qiao	5
南屏小区	nan ping xiao qu	3
南屏工业园	nan ping gong ye yuan	5
南屏桥	nan ping qiao	5
南屏水库	nan ping shui ku	1
南屏科技园	nan ping ke ji yuan	5
南屏街口	nan ping jie kou	7
南屯基镇	nan tun ji zhen	1
南山下	nan shan xia	10
南山公安分局	nan shan gong an fen ju	10
南山农批	nan shan nong pi	7
南山医院	nan shan yi yuan	2
南山园	nan shan yuan	6
南山大道	nan shan da dao	2
南山头	nan shan tou	3
南山安置区	nan shan an zhi qu	3
南山宾馆	nan shan bin guan	7
南山小学	nan shan xiao xue	6
南山市场	nan shan shi chang	1
南山文体中心	nan shan wen ti zhong xin	2
南山楼	nan shan lou	2
南山法院	nan shan fa yuan	4
南山矿	nan shan kuang	2
南山矿区	nan shan kuang qu	1
南山社区	nan shan she qu	3
南山门口	nan shan men kou	5
南岔	nan cha	42
南岔沟	nan cha gou	2
南岗子	nan gang zi	1
南岗子社区	nan gang zi she qu	3
南岗洼	nan gang wa	2
南岩	nan yan	8
南岩村	nan yan cun	1
南岭医院	nan ling yi yuan	5
南岭村	nan ling cun	7
南岳寺	nan yue si	2
南岳庙	nan yue miao	3
南岳村	nan yue cun	7
南岸公园	nan an gong yuan	7
南岸明珠	nan an ming zhu	3
南岸晶都	nan an jing du	5
南岸村	nan an cun	7
南峪乡	nan yu xiang	3
南峰凹	nan feng ao	3
南峰镇	nan feng zhen	2
南崇明路	nan chong ming lu	5
南川东路街道	nan chuan dong lu jie dao	2
南川县	nan chuan xian	20
南川园	nan chuan yuan	3
南川市	nan chuan shi	2
南巢	nan chao	5
南工业区	nan gong ye qu	4
南市大街	nan shi da jie	2
南市街	nan shi jie	3
南市镇	nan shi zhen	5
南幢	nan chuang	1
南幢村	nan chuang cun	3
南平庄	nan ping zhuang	8
南平街	nan ping jie	2
南年丰村	nan nian feng cun	4
南广阳城	nan guang yang cheng	2
南庄医院	nan zhuang yi yuan	6
南庄头	nan zhuang tou	1
南庄村村委会	nan zhuang cun cun wei hui	3
南庄街道	nan zhuang jie dao	2
南店	nan dian	7
南店子	nan dian zi	6
南店村	nan dian cun	3
南庙村	nan miao cun	4
南康县	nan kang xian	8
南康市	nan kang shi	9
南康新村	nan kang xin cun	6
南庸村	nan yong cun	3
南开三纬路	nan kai san wei lu	4
南开三马路	nan kai san ma lu	1
南开二纬路	nan kai er wei lu	3
南开二马路	nan kai er ma lu	4
南开五纬路	nan kai wu wei lu	3
南开五马路	nan kai wu ma lu	3
南开六马路	nan kai liu ma lu	2
南开四纬路	nan kai si wei lu	3
南开大学北村	nan kai da xue bei cun	2
南开大学经济系	nan kai da xue jing ji xi	15
南开大学西南村	nan kai da xue xi nan cun	3
南开苗族彝族乡	nan kai miao zu yi zu xiang	2
南弓匠营胡同	nan gong jiang ying hu tong	4
南张岱村	nan zhang dai cun	2
南张村	nan zhang cun	7
南彩	nan cai	6
南徐	nan xu	47
南徐村乡	nan xu cun xiang	3
南恩街道	nan en jie dao	4
南所	nan suo	6
南扬新村	nan yang xin cun	2
南效公园	nan xiao gong yuan	3
南文昌胡同	nan wen chang hu tong	1
南斗村	nan dou cun	4
南新园	nan xin yuan	1
南新小区	nan xin xiao qu	4
南新平胡同	nan xin ping hu tong	4
南新庄	nan xin zhuang	13
南新新村	nan xin xin cun	3
南新街	nan xin jie	9
南新路	nan xin lu	3
南新路口	nan xin lu kou	3
南方商城	nan fang shang cheng	2
南方喀斯特地貌	nan fang ka si te di mao	4
南方大厦	nan fang da sha	4
南方花园	nan fang hua yuan	2
南方药厂	nan fang yao chang	2
南方软件园	nan fang ruan jian yuan	1
南旺	nan wang	21
南昆山	nan kun shan	22
南昌市朝阳农场	nan chang shi zhao yang nong chang	2
南昌路	nan chang lu	32
南昌路口	nan chang lu kou	1
南明街道	nan ming jie dao	3
南星公寓	nan xing gong yu	3
南星村	nan xing cun	5
南星桥	nan xing qiao	27
南春	nan chun	11
南晓顺胡同	nan xiao shun hu tong	5
南景	nan jing	11
南景村	nan jing cun	4
南望	nan wang	15
南朝鲜	nan chao xian	39
南木乡	nan mu xiang	3
南木达乡	nan mu da xiang	3
南李	nan li	3
南李庄	nan li zhuang	2
南李村	nan li cun	5
南村村	nan cun cun	2
南村街道	nan cun jie dao	5
南杨庄	nan yang zhuang	4
南杨村	nan yang cun	4
南林	nan lin	10
南林村	nan lin cun	5
南林路	nan lin lu	5
南果	nan guo	24
南枝村	nan zhi cun	3
南柴	nan chai	3
南桂桥	nan gui qiao	4
南桥头	nan qiao tou	6
南桥村	nan qiao cun	3
南梁坡	nan liang po	2
南梁村	nan liang cun	4
南梨园	nan li yuan	2
南榆林乡	nan yu lin xiang	4
南横街	nan heng jie	7
南樱桃园	nan ying tao yuan	5
南樱桃园路口北	nan ying tao yuan lu kou bei	2
南樱桃园路口南	nan ying tao yuan lu kou nan	2
南樱桃园路口西	nan ying tao yuan lu kou xi	2
南正街	nan zheng jie	2
南武乡	nan wu xiang	2
南水关	nan shui guan	6
南水关胡同	nan shui guan hu tong	3
南水市场	nan shui shi chang	3
南水新村	nan shui xin cun	4
南水车站	nan shui che zhan	3
南江村	nan jiang cun	6
南江滨公园	nan jiang bin gong yuan	6
南江苑	nan jiang yuan	4
南江路	nan jiang lu	2
南池	nan chi	5
南池子	nan chi zi	8
南池子大街	nan chi zi da jie	2
南汤	nan tang	4
南沙岗	nan sha gang	2
南沙岛	nan sha dao	3
南沙村	nan sha cun	1
南沙湾	nan sha wan	11
南沙滩	nan sha tan	5
南沙窝桥	nan sha wo qiao	6
南沙街	nan sha jie	2
南沟	nan gou	9
南沟林场	nan gou lin chang	3
南沟沿	nan gou yan	1
南沟沿胡同	nan gou yan hu tong	2
南沟泥河	nan gou ni he	3
南河滩	nan he tan	6
南河西	nan he xi	2
南油大厦	nan you da sha	4
南油花园	nan you hua yuan	4
南油酒店	nan you jiu dian	5
南泉区	nan quan qu	2
南泉新村	nan quan xin cun	1
南泉路	nan quan lu	4
南法信	nan fa xin	6
南泥湾路	nan ni wan lu	3
南洋中学	nan yang zhong xue	15
南洋学校	nan yang xue xiao	1
南洋村	nan yang cun	6
南洋职业技术学院	nan yang zhi ye ji shu xue yuan	2
南洋路	nan yang lu	4
南洛	nan luo	8
南洛平村	nan luo ping cun	3
南洞庭芦苇场	nan dong ting lu wei chang	3
南津关	nan jin guan	2
南津路街道	nan jin lu jie dao	2
南洲	nan zhou	28
南洲大桥	nan zhou da qiao	3
南洲社区	nan zhou she qu	5
南洲街道	nan zhou jie dao	1
南洼村	nan wa cun	5
南浔村	nan xun cun	2
南浜村	nan bang cun	2
南浦住宅区	nan pu zhu zhai qu	4
南浦公园	nan pu gong yuan	5
南浦大桥	nan pu da qiao	32
南浦村	nan pu cun	2
南浦桥	nan pu qiao	6
南浦路	nan pu lu	1
南浦镇	nan pu zhen	3
南海公安局	nan hai gong an ju	1
南海区政府	nan hai qu zheng fu	2
南海医院	nan hai yi yuan	6
南海大厦	nan hai da sha	1
南海实验中学	nan hai shi yan zhong xue	6
南海市	nan hai shi	40
南海渔场	nan hai yu chang	6
南海路	nan hai lu	14
南海食街	nan hai shi jie	3
南涧县	nan jian xian	3
南淝河路	nan fei he lu	3
南渠	nan qu	7
南湖东园	nan hu dong yuan	3
南湖东园居委会	nan hu dong yuan ju wei hui	2
南湖俪苑	nan hu li yuan	3
南湖公园	nan hu gong yuan	36
南湖南路	nan hu nan lu	8
南湖南路北口	nan hu nan lu bei kou	2
南湖原种场	nan hu yuan zhong chang	1
南湖大山	nan hu da shan	34
南湖大桥	nan hu da qiao	4
南湖大路	nan hu da lu	12
南湖大饭店	nan hu da fan dian	2
南湖实验小学	nan hu shi yan xiao xue	3
南湖小区	nan hu xiao qu	5
南湖山庄	nan hu shan zhuang	6
南湖广场	nan hu guang chang	9
南湖新村	nan hu xin cun	7
南湖新村中街	nan hu xin cun zhong jie	6
南湖景苑	nan hu jing yuan	2
南湖村	nan hu cun	10
南湖桥	nan hu qiao	1
南湖渔场	nan hu yu chang	6
南湖港	nan hu gang	5
南湖花园	nan hu hua yuan	1
南湖花苑	nan hu hua yuan	4
南湖西园	nan hu xi yuan	6
南湖西里	nan hu xi li	4
南湖路	nan hu lu	14
南湖路北口	nan hu lu bei kou	2
南湫乡	nan qiu xiang	5
南湾子胡同	nan wan zi hu tong	3
南湾湖军垦农场	nan wan hu jun ken nong chang	2
南湾湖办事处	nan wan hu ban shi chu	2
南源	nan yuan	9
南源街道	nan yuan jie dao	5
南溪县	nan xi xian	17
南溪山	nan xi shan	10
南溪村	nan xi cun	2
南溪河	nan xi he	18
南溪路	nan xi lu	3
南滨花园	nan bin hua yuan	5
南潘村	nan pan cun	3
南澳山	nan ao shan	1
南澳洲	nan ao zhou	36
南澳镇	nan ao zhen	6
南火扇胡同	nan huo shan hu tong	2
南炼新村	nan lian xin cun	2
南燕竹镇	nan yan zhu zhen	1
南牌坊胡同	nan pai fang hu tong	3
南独乐河	nan du le he	1
南王路	nan wang lu	3
南环中路	nan huan zhong lu	3
南环路	nan huan lu	43
南环路西	nan huan lu xi	1
南环里社区	nan huan li she qu	3
南珠东大街	nan zhu dong da jie	3
南珠西大街	nan zhu xi da jie	3
南瑶	nan yao	39
南瓦乡	nan wa xiang	2
南瓦坊	nan wa fang	3
南甘池村	nan gan chi cun	2
南田乡	nan tian xiang	2
南田村	nan tian cun	5
南甸子镇	nan dian zi zhen	2
南甸苑	nan dian yuan	3
南界村	nan jie cun	4
南疆铁路	nan jiang tie lu	24
南白象	nan bai xiang	3
南百二级	nan bai er ji	3
南百高速	nan bai gao su	1
南皋	nan gao	5
南皋乡政府	nan gao xiang zheng fu	3
南盛街道	nan sheng jie dao	5
南石	nan shi	25
南石村	nan shi cun	2
南石桥村	nan shi qiao cun	2
南石槽	nan shi cao	3
南石路	nan shi lu	3
南石道街	nan shi dao jie	3
南码头	nan ma tou	12
南码头路	nan ma tou lu	5
南磨房	nan mo fang	7
南磨房乡	nan mo fang xiang	1
南礼士路	nan li shi lu	22
南禄办事处	nan lu ban shi chu	2
南禅山	nan chan shan	4
南福巷	nan fu xiang	2
南秀村	nan xiu cun	2
南稍门	nan shao men	17
南窑	nan yao	12
南窑头	nan yao tou	3
南窑头东区	nan yao tou dong qu	1
南窑头小区	nan yao tou xiao qu	2
南窑子村	nan yao zi cun	4
南窖	nan jiao	2
南站党校	nan zhan dang xiao	2
南站西路	nan zhan xi lu	7
南站货场	nan zhan huo chang	1
南章客村	nan zhang ke cun	2
南竹杆社区	nan zhu gan she qu	3
南竹杆胡同	nan zhu gan hu tong	5
南箐乡	nan qing xiang	4
南粉浆胡同	nan fen jiang hu tong	2
南纬路	nan wei lu	7
南纬路社区	nan wei lu she qu	2
南线阁	nan xian ge	1
南组	nan zu	4
南羌	nan qiang	5
南美拉祜族乡	nan mei la hu zu xiang	3
南美村	nan mei cun	4
南美社区	nan mei she qu	3
南翔凤胡同	nan xiang feng hu tong	2
南联村	nan lian cun	8
南联路	nan lian lu	5
南肖埠	nan xiao bu	1
南肖埠小区	nan xiao bu xiao qu	5
南航公司	nan hang gong si	8
南航揽翠苑	nan hang lan cui yuan	3
南芦草园胡同	nan lu cao yuan hu tong	3
南芬	nan fen	4
南花园	nan hua yuan	10
南苑一村	nan yuan yi cun	2
南苑北里	nan yuan bei li	5
南苑北马路	nan yuan bei ma lu	3
南苑小区	nan yuan xiao qu	3
南苑新村	nan yuan xin cun	6
南苑机场	nan yuan ji chang	37
南苑街	nan yuan jie	1
南苑西路	nan yuan xi lu	2
南苑路果园	nan yuan lu guo yuan	4
南英	nan ying	37
南茶坊通达南站	nan cha fang tong da nan zhan	2
南莫	nan mo	5
南菜园	nan cai yuan	3
南营	nan ying	45
南营子	nan ying zi	1
南营子村	nan ying zi cun	2
南营街道	nan ying jie dao	2
南蒲州营村	nan pu zhou ying cun	2
南蛇坑	nan she keng	3
南蛇岭	nan she ling	3
南街居委会	nan jie ju wei hui	4
南街社区	nan jie she qu	6
南西庄	nan xi zhuang	4
南观	nan guan	3
南调街道	nan tiao jie dao	4
南谯	nan qiao	39
南赛乡	nan sai xiang	3
南路一社区	nan lu yi she qu	3
南路三社区	nan lu san she qu	4
南路二社区	nan lu er she qu	4
南车站	nan che zhan	38
南车站路	nan che zhan lu	6
南车路	nan che lu	3
南较场	nan jiao chang	1
南辛堡	nan xin bao	1
南辛堡村	nan xin bao cun	4
南辛庄	nan xin zhuang	2
南辛庄户村	nan xin zhuang hu cun	3
南辛庄街道	nan xin zhuang jie dao	6
南辛店一村	nan xin dian yi cun	3
南运河	nan yun he	44
南运河北路	nan yun he bei lu	3
南运河南路	nan yun he nan lu	5
南通中学	nan tong zhong xue	11
南通博物院	nan tong bo wu yuan	4
南通县	nan tong xian	15
南通大学	nan tong da xue	15
南通港	nan tong gang	8
南通火车站	nan tong huo che zhan	5
南通路	nan tong lu	10
南通附院	nan tong fu yuan	4
南邵	nan shao	8
南郊三公里	nan jiao san gong li	2
南郊二公里	nan jiao er gong li	3
南郊公园	nan jiao gong yuan	10
南郊六公里	nan jiao liu gong li	3
南郊路	nan jiao lu	2
南郑村	nan zheng cun	5
南郝庄	nan hao zhuang	2
南郝庄村	nan hao zhuang cun	4
南郭庄村	nan guo zhuang cun	3
南郭门	nan guo men	1
南都	nan du	18
南都花园	nan du hua yuan	1
南里乡	nan li xiang	3
南金	nan jin	6
南金公路	nan jin gong lu	4
南金村	nan jin cun	4
南镇安街	nan zhen an jie	3
南门仓	nan men cang	4
南门仓社区	nan men cang she qu	3
南门仓胡同	nan men cang hu tong	4
南门外大街	nan men wai da jie	4
南门头	nan men tou	9
南门岗	nan men gang	1
南门桥	nan men qiao	24
南门江	nan men jiang	1
南门洋	nan men yang	3
南门湖	nan men hu	3
南门街	nan men jie	21
南门里	nan men li	13
南阁乡	nan ge xiang	4
南阳县	nan yang xian	36
南阳油田	nan yang you tian	1
南阳湖	nan yang hu	7
南阳胡同	nan yang hu tong	3
南阳街	nan yang jie	6
南陈路	nan chen lu	6
南院门	nan yuan men	7
南陵路	nan ling lu	6
南雄县	nan xiong xian	12
南雅新村	nan ya xin cun	3
南雅水库	nan ya shui ku	2
南霞美村	nan xia mei cun	3
南顶村	nan ding cun	5
南顶路社区	nan ding lu she qu	2
南颂年胡同	nan song nian hu tong	2
南风大酒店	nan feng da jiu dian	3
南香峪村	nan xiang yu cun	3
南香里	nan xiang li	4
南马庄	nan ma zhuang	1
南马村	nan ma cun	5
南马路	nan ma lu	8
南马集	nan ma ji	3
南驿	nan yi	5
南高崖乡	nan gao ya xiang	2
南高庄村	nan gao zhuang cun	3
南高庄村村委会	nan gao zhuang cun cun wei hui	2
博乐县	bo le xian	1
博兴	bo xing	33
博兴胡同	bo xing hu tong	3
博兴路	bo xing lu	11
博士楼	bo shi lou	8
博士路	bo shi lu	5
博士路北口	bo shi lu bei kou	3
博大中路	bo da zhong lu	2
博大乡	bo da xiang	2
博头	bo tou	2
博孜墩柯尔克孜族乡	bo zi dun ke er ke zi zu xiang	2
博孜墩牧场	bo zi dun mu chang	4
博孜达克农场	bo zi da ke nong chang	6
博学胡同	bo xue hu tong	14
博尔塔拉州	bo er ta la zhou	1
博尔通古牧场	bo er tong gu mu chang	4
博山东路	bo shan dong lu	12
博山路	bo shan lu	10
博山道	bo shan dao	3
博州	bo zhou	46
博文路	bo wen lu	2
博斯坦市场	bo si tan shi chang	4
博斯腾宾馆	bo si teng bin guan	3
博斯腾湖	bo si teng hu	2
博斯腾湖宾馆	bo si teng hu bin guan	2
博村	bo cun	2
博济桥街道	bo ji qiao jie dao	3
博湖	bo hu	16
博爱大厦	bo ai da sha	3
博爱家园	bo ai jia yuan	9
博爱路	bo ai lu	36
博爱道	bo ai dao	3
博社	bo she	2
博科乡	bo ke xiang	3
博窝乡	bo wo xiang	3
博美乡	bo mei xiang	2
博美诗邦	bo mei shi bang	3
博铺街道	bo pu jie dao	3
博雅医院	bo ya yi yuan	4
卜家庄乡	bu jia zhuang xiang	2
卜弋	bu yi	4
卞家村	bian jia cun	4
卞桥	bian qiao	3
占下	zhan xia	7
占哇乡	zhan wa xiang	3
占山乡	zhan shan xiang	2
占桥	zhan qiao	4
占石村	zhan shi cun	4
卡加道乡	ka jia dao xiang	3
卡哈洛乡	ka ha luo xiang	2
卡坝乡	ka ba xiang	5
卡堆乡	ka dui xiang	2
卡娘	ka niang	3
卡娘乡	ka niang xiang	3
卡子湾	ka zi wan	4
卡子湾水泥厂	ka zi wan shui ni chang	4
卡子湾管理处	ka zi wan guan li chu	3
卡子湾街道	ka zi wan jie dao	4
卡拉乡	ka la xiang	2
卡拉脚乡	ka la jiao xiang	3
卡玛多乡	ka ma duo xiang	2
卡瓦斯	ka wa si	14
卡罗乡	ka luo xiang	2
卡若镇	ka ruo zhen	2
卡达乡	ka da xiang	3
卡麦乡	ka mai xiang	3
卡龙乡	ka long xiang	2
卢厝	lu cuo	14
卢家寨	lu jia zhai	1
卢家巷	lu jia xiang	3
卢家庄村	lu jia zhuang cun	2
卢家村	lu jia cun	5
卢家湾	lu jia wan	1
卢家湾村	lu jia wan cun	4
卢家院子	lu jia yuan zi	3
卢屯乡	lu tun xiang	5
卢庄	lu zhuang	2
卢沟新桥	lu gou xin qiao	7
卢沟桥农场	lu gou qiao nong chang	4
卢湾	lu wan	21
卢湾中学	lu wan zhong xue	3
卢盼	lu pan	3
卢野	lu ye	4
卢龙山庄	lu long shan zhuang	5
卤粉	lu fen	6
卧佛寺	wo fo si	26
卧牛	wo niu	28
卧牛吐达斡尔族镇	wo niu tu da wo er zu zhen	1
卧牛河乡	wo niu he xiang	2
卧虎山公园	wo hu shan gong yuan	4
卧虎沟乡	wo hu gou xiang	3
卧里屯	wo li tun	1
卧里屯乡	wo li tun xiang	2
卧里屯街道	wo li tun jie dao	2
卧龙岗	wo long gang	19
卧龙道	wo long dao	2
卫东五队	wei dong wu dui	4
卫国道	wei guo dao	6
卫宁路	wei ning lu	4
卫岗街道	wei gang jie dao	3
卫峪乡	wei yu xiang	1
卫工街	wei gong jie	7
卫昆桥	wei kun qiao	4
卫星广场	wei xing guang chang	21
卫星村	wei xing cun	2
卫星路	wei xing lu	20
卫校附属医院	wei xiao fu shu yi yuan	4
卫桥南航	wei qiao nan hang	3
卫津南路	wei jin nan lu	4
卫津河	wei jin he	1
卫津路	wei jin lu	15
卫滨	wei bin	3
卫生监督局	wei sheng jian du ju	4
卫生部社区	wei sheng bu she qu	4
卫红	wei hong	16
卫胡同	wei hu tong	5
卫辉市	wei hui shi	35
印刷市场	yin shua shi chang	1
印斗镇	yin dou zhen	4
印机厂	yin ji chang	4
印染厂	yin ran chang	14
印江	yin jiang	15
印洲塘	yin zhou tang	8
印花厂	yin hua chang	3
即墨县	ji mo xian	30
即墨市	ji mo shi	12
卸甲坪土家族乡	xie jia ping tu jia zu xiang	4
卸甲山村	xie jia shan cun	3
卸甲村	xie jia cun	4
卸甲营	xie jia ying	2
卿园村	qing yuan cun	2
厂前街道	chang qian jie dao	1
厂前路	chang qian lu	1
厂北	chang bei	4
厂北路口	chang bei lu kou	6
厂医院	chang yi yuan	2
厂南	chang nan	2
厂招待所	chang zhao dai suo	3
厂桥	chang qiao	16
厂桥胡同	chang qiao hu tong	3
厂洼	chang wa	1
厂社区	chang she qu	1
厂门口	chang men kou	17
厅上	ting shang	7
历史城区	li shi cheng qu	32
历城路	li cheng lu	6
厉家寨	li jia zhai	6
压赛堰	ya sai yan	1
厚俸桥南	hou feng qiao nan	2
厚全村	hou quan cun	3
厚德巷	hou de xiang	2
厚德村	hou de cun	4
厚畛子乡	hou zhen zi xiang	3
厚阳	hou yang	4
厝上村	cuo shang cun	3
厝仔村	cuo zi cun	3
厝斗村	cuo dou cun	3
原任乡	yuan ren xiang	4
原厝	yuan cuo	4
原子能院	yuan zi neng yuan	3
原平县	yuan ping xian	8
原平市	yuan ping shi	41
原平路	yuan ping lu	1
原水公司	yuan shui gong si	1
原水厂	yuan shui chang	7
原汁汤	yuan zhi tang	4
原长途汽车站	yuan chang tu qi che zhan	3
原阳	yuan yang	28
厢白旗桥	xiang bai qi qiao	5
厢红旗	xiang hong qi	6
厢黄旗	xiang huang qi	2
厦港	xia gang	11
厦禾	xia he	5
厦禾路	xia he lu	13
厦门路	xia men lu	4
县三中	xian san zhong	7
县东路	xian dong lu	4
县中医院	xian zhong yi yuan	15
县乡镇企业	xian xiang zhen qi ye	5
县乡镇企业局	xian xiang zhen qi ye ju	6
县交警大队	xian jiao jing da dui	2
县党校	xian dang xiao	2
县公交公司	xian gong jiao gong si	6
县农科所	xian nong ke suo	1
县前街	xian qian jie	14
县功	xian gong	5
县原种场	xian yuan zhong chang	5
县委办	xian wei ban	8
县学街	xian xue jie	3
县工业园区	xian gong ye yuan qu	1
县府街	xian fu jie	1
县建行	xian jian hang	1
县开发区	xian kai fa qu	3
县林场	xian lin chang	3
县正街	xian zheng jie	1
县水泥厂	xian shui ni chang	2
县河水库	xian he shui ku	4
县电厂	xian dian chang	3
县经济技术开发区	xian jing ji ji shu kai fa qu	4
县羊场	xian yang chang	2
县行政中心	xian xing zheng zhong xin	6
县道北侧	xian dao bei ce	1
县道南侧	xian dao nan ce	2
县邮电局	xian you dian ju	2
参内	can nei	2
参山	can shan	8
参山村	can shan cun	2
参政胡同	can zheng hu tong	4
叆阳镇	ai yang zhen	4
叉口	cha kou	2
叉路口	cha lu kou	41
叉车厂	cha che chang	6
友好三中	you hao san zhong	4
友好商场	you hao shang chang	8
友好园	you hao yuan	4
友好夜市	you hao ye shi	2
友好广场	you hao guang chang	18
友好花园	you hao hua yuan	3
友好路	you hao lu	10
友好酒店	you hao jiu dian	5
友新街道	you xin jie dao	3
友谊北路	you yi bei lu	1
友谊区	you yi qu	2
友谊医院	you yi yi yuan	9
友谊南路	you yi nan lu	10
友谊商城	you yi shang cheng	3
友谊小区	you yi xiao qu	6
友谊广场	you yi guang chang	10
友谊支路	you yi zhi lu	4
友谊新村	you yi xin cun	6
友谊村	you yi cun	10
友谊桥	you yi qiao	16
友谊街	you yi jie	5
友谊路	you yi lu	44
友谊路友谊	you yi lu you yi	2
友谊路街	you yi lu jie	4
友谊队	you yi dui	4
友谊集团	you yi ji tuan	2
友邻路	you lin lu	5
双一村	shuang yi cun	3
双上	shuang shang	7
双下	shuang xia	7
双东	shuang dong	8
双东坊	shuang dong fang	1
双东街道	shuang dong jie dao	5
双东路	shuang dong lu	4
双丰村	shuang feng cun	6
双义	shuang yi	5
双乐乡	shuang le xiang	4
双井头	shuang jing tou	4
双井巷	shuang jing xiang	4
双井村	shuang jing cun	1
双井桥	shuang jing qiao	8
双井桥东	shuang jing qiao dong	5
双井桥北	shuang jing qiao bei	7
双井桥南	shuang jing qiao nan	5
双井桥西	shuang jing qiao xi	5
双仙	shuang xian	4
双佛镇	shuang fo zhen	2
双兴小区	shuang xing xiao qu	3
双兴小学	shuang xing xiao xue	3
双兴桥	shuang xing qiao	2
双兴苑	shuang xing yuan	1
双兴街	shuang xing jie	4
双凉亭	shuang liang ting	2
双凤桥	shuang feng qiao	8
双华场	shuang hua chang	1
双协村	shuang xie cun	3
双南	shuang nan	8
双台	shuang tai	35
双台子	shuang tai zi	12
双合村	shuang he cun	1
双吉寺	shuang ji si	4
双吉胡同	shuang ji hu tong	2
双吉街道	shuang ji jie dao	4
双和	shuang he	9
双园村	shuang yuan cun	3
双土乡	shuang tu xiang	1
双土地	shuang tu di	3
双土村	shuang tu cun	5
双坂	shuang ban	3
双坳村	shuang ao cun	6
双城县	shuang cheng xian	6
双城市	shuang cheng shi	7
双城路	shuang cheng lu	7
双埠	shuang bu	9
双埠头村	shuang bu tou cun	1
双堂乡	shuang tang xiang	3
双堆	shuang dui	3
双堡乡	shuang bao xiang	4
双堰塘	shuang yan tang	5
双塔南路	shuang ta nan lu	6
双塔寺	shuang ta si	7
双塔社区	shuang ta she qu	3
双塘	shuang tang	11
双塘村	shuang tang cun	1
双塘涧灵山景区	shuang tang jian ling shan jing qu	5
双塘街道	shuang tang jie dao	1
双墩	shuang dun	46
双子星大厦	shuang zi xing da sha	6
双家	shuang jia	5
双寨	shuang zhai	7
双寺	shuang si	4
双寺社区	shuang si she qu	2
双寺胡同	shuang si hu tong	2
双山梁	shuang shan liang	1
双山路	shuang shan lu	2
双屿	shuang yu	8
双屿工业区	shuang yu gong ye qu	4
双岔乡	shuang cha xiang	4
双岘乡	shuang xian xiang	1
双岭	shuang ling	10
双岭村	shuang ling cun	2
双峪	shuang yu	2
双峪环岛	shuang yu huan dao	1
双峪环岛西	shuang yu huan dao xi	4
双峪路口	shuang yu lu kou	1
双峰山旅游渡假区	shuang feng shan lv you du jia qu	2
双峰路	shuang feng lu	6
双峰道	shuang feng dao	4
双师	shuang shi	9
双庆路口	shuang qing lu kou	5
双庙	shuang miao	21
双建路	shuang jian lu	7
双建路中	shuang jian lu zhong	3
双建路南	shuang jian lu nan	2
双抛桥	shuang pao qiao	2
双拥路	shuang yong lu	7
双拱镇	shuang gong zhen	4
双星小区	shuang xing xiao qu	3
双晨社区	shuang chen she qu	6
双林中横路	shuang lin zhong heng lu	8
双林乡	shuang lin xiang	2
双林北支路	shuang lin bei zhi lu	8
双林南路	shuang lin nan lu	4
双林村	shuang lin cun	1
双林路一环路口东	shuang lin lu yi huan lu kou dong	2
双林路一环路口西	shuang lin lu yi huan lu kou xi	2
双柏	shuang bai	47
双柏村	shuang bai cun	6
双柏树	shuang bai shu	1
双柳巷社区	shuang liu xiang she qu	3
双柳树	shuang liu shu	1
双柳街道	shuang liu jie dao	5
双栅子街	shuang zha zi jie	7
双栅栏胡同	shuang zha lan hu tong	1
双树村	shuang shu cun	5
双格	shuang ge	4
双格村	shuang ge cun	2
双桂坊	shuang gui fang	4
双桂寺	shuang gui si	2
双桂山	shuang gui shan	5
双桂桥	shuang gui qiao	2
双桥东路	shuang qiao dong lu	7
双桥中学	shuang qiao zhong xue	5
双桥中路	shuang qiao zhong lu	5
双桥农场	shuang qiao nong chang	2
双桥北二街口	shuang qiao bei er jie kou	2
双桥医院	shuang qiao yi yuan	6
双桥子	shuang qiao zi	12
双桥子街道	shuang qiao zi jie dao	6
双桥新村	shuang qiao xin cun	5
双桥村	shuang qiao cun	4
双桥河	shuang qiao he	7
双桥烟雨	shuang qiao yan yu	5
双桥路	shuang qiao lu	3
双桥路中	shuang qiao lu zhong	3
双桥门	shuang qiao men	2
双楠	shuang nan	10
双楠小区	shuang nan xiao qu	7
双楠街道	shuang nan jie dao	7
双楠路	shuang nan lu	8
双楠路南	shuang nan lu nan	3
双楼	shuang lou	6
双楼村	shuang lou cun	1
双楼镇	shuang lou zhen	2
双榆树	shuang yu shu	11
双榆树小区	shuang yu shu xiao qu	4
双槐树	shuang huai shu	8
双槐里社区	shuang huai li she qu	3
双水乡	shuang shui xiang	1
双水村	shuang shui cun	5
双水碾街道	shuang shui nian jie dao	6
双水磨	shuang shui mo	5
双江县	shuang jiang xian	13
双江口	shuang jiang kou	3
双江口村	shuang jiang kou cun	5
双江村	shuang jiang cun	1
双沟	shuang gou	28
双沟社区	shuang gou she qu	4
双河村	shuang he cun	10
双河路	shuang he lu	6
双泉堡	shuang quan bao	7
双泉堡东	shuang quan bao dong	4
双泉寺	shuang quan si	2
双泉村	shuang quan cun	7
双洋	shuang yang	11
双洋村	shuang yang cun	5
双洛乡	shuang luo xiang	2
双洞	shuang dong	21
双流乡	shuang liu xiang	4
双涵路	shuang han lu	2
双清中路	shuang qing zhong lu	6
双清南路	shuang qing nan lu	7
双清路	shuang qing lu	6
双渡	shuang du	1
双港	shuang gang	28
双港口	shuang gang kou	1
双港开发区	shuang gang kai fa qu	2
双湖	shuang hu	44
双源桥东	shuang yuan qiao dong	3
双溜索乡	shuang liu suo xiang	6
双溪口村	shuang xi kou cun	5
双溪村	shuang xi cun	2
双溪桥	shuang xi qiao	35
双滘镇	shuang jiao zhen	5
双滦	shuang luan	23
双灰山	shuang hui shan	1
双灶	shuang zao	4
双燕村	shuang yan cun	3
双牌	shuang pai	16
双玉南街社区	shuang yu nan jie she qu	2
双环路	shuang huan lu	4
双田	shuang tian	5
双百路	shuang bai lu	3
双盆	shuang pen	4
双盘	shuang pan	9
双石桥	shuang shi qiao	1
双碑	shuang bei	25
双碑村	shuang bei cun	1
双碾乡	shuang nian xiang	5
双磨村	shuang mo cun	4
双福桥村	shuang fu qiao cun	3
双秀公园	shuang xiu gong yuan	7
双窖镇	shuang jiao zhen	5
双竹林场	shuang zhu lin chang	3
双第华侨农场	shuang di hua qiao nong chang	5
双紫园社区	shuang zi yuan she qu	2
双红居委会	shuang hong ju wei hui	2
双羊	shuang yang	7
双美	shuang mei	8
双美村	shuang mei cun	3
双群	shuang qun	5
双联村	shuang lian cun	7
双胜村	shuang sheng cun	2
双芫乡	shuang yuan xiang	2
双花园	shuang hua yuan	1
双花村	shuang hua cun	1
双芹	shuang qin	3
双芹村	shuang qin cun	2
双菱小区	shuang ling xiao qu	4
双菱新村	shuang ling xin cun	1
双菱路北口	shuang ling lu bei kou	4
双菱路口	shuang ling lu kou	5
双营	shuang ying	7
双虹桥	shuang hong qiao	4
双语学校	shuang yu xue xiao	30
双路乡	shuang lu xiang	4
双车头	shuang che tou	2
双辽县	shuang liao xian	2
双辽市	shuang liao shi	35
双都	shuang du	7
双金	shuang jin	16
双门前	shuang men qian	4
双闸	shuang zha	7
双阳县	shuang yang xian	4
双阳路	shuang yang lu	3
双鸽	shuang ge	1
双龙东路	shuang long dong lu	5
双龙南里	shuang long nan li	6
双龙大桥	shuang long da qiao	5
双龙大桥北	shuang long da qiao bei	2
双龙小区	shuang long xiao qu	1
双龙巷	shuang long xiang	2
双龙村	shuang long cun	7
双龙桥	shuang long qiao	5
双龙水库	shuang long shui ku	5
双龙池	shuang long chi	1
双龙街乡	shuang long jie xiang	3
发展一村	fa zhan yi cun	7
发展中心大厦	fa zhan zhong xin da sha	1
发展大厦	fa zhan da sha	1
发展大道	fa zhan da dao	9
发展银行大厦	fa zhan yin hang da sha	2
发改局	fa gai ju	2
发电站村	fa dian zhan cun	2
发车地点	fa che di dian	2
取水楼	qu shui lou	2
取灯胡同	qu deng hu tong	6
受水河	shou shui he	3
受荣村	shou rong cun	3
变压器厂	bian ya qi chang	5
变电所路	bian dian suo lu	3
叠北	die bei	1
叠南	die nan	5
叠山镇	die shan zhen	4
叠彩	die cai	7
叠彩山	die cai shan	11
叠彩路	die cai lu	3
叠石	die shi	28
口东镇	kou dong zhen	3
口前	kou qian	26
口口香	kou kou xiang	5
口头坝乡	kou tou ba xiang	5
口子上村	kou zi shang cun	4
口子村村	kou zi cun cun	2
口子梁	kou zi liang	2
口岗	kou gang	1
口岸大队	kou an da dui	6
口岸小区	kou an xiao qu	4
口岸广场	kou an guang chang	5
口牌坊	kou pai fang	3
口门子	kou men zi	1
古三座	gu san zuo	5
古丝绸之路	gu si chou zhi lu	11
古丰	gu feng	3
古丰乡	gu feng xiang	4
古二乡	gu er xiang	3
古井巷	gu jing xiang	3
古交工矿区	gu jiao gong kuang qu	3
古交市	gu jiao shi	5
古住	gu zhu	3
古佛乡	gu fo xiang	3
古冶	gu ye	48
古北新城	gu bei xin cheng	3
古北路	gu bei lu	45
古北道	gu bei dao	1
古南	gu nan	31
古南乡	gu nan xiang	3
古厝村	gu cuo cun	3
古县乡	gu xian xiang	3
古县村	gu xian cun	7
古吊桥	gu diao qiao	3
古坝	gu ba	5
古坳	gu ao	1
古城东街	gu cheng dong jie	1
古城公园	gu cheng gong yuan	3
古城剧场	gu cheng ju chang	2
古城北路	gu cheng bei lu	5
古城南街	gu cheng nan jie	6
古城南里社区	gu cheng nan li she qu	2
古城台街道	gu cheng tai jie dao	3
古城回族乡	gu cheng hui zu xiang	2
古城堤	gu cheng di	3
古城大院	gu cheng da yuan	4
古城西路北社区	gu cheng xi lu bei she qu	2
古城西路南社区	gu cheng xi lu nan she qu	2
古城路社区	gu cheng lu she qu	4
古堆山	gu dui shan	4
古塔乡	gu ta xiang	3
古塘	gu tang	19
古塘村	gu tang cun	3
古墩	gu dun	15
古墩路南口	gu dun lu nan kou	4
古学乡	gu xue xiang	4
古宜路	gu yi lu	5
古家巷	gu jia xiang	2
古寨	gu zhai	15
古寨瑶族乡	gu zhai yao zu xiang	3
古将	gu jiang	8
古尔班通古特	gu er ban tong gu te	6
古山村	gu shan cun	2
古岭	gu ling	6
古崖居	gu ya ju	4
古平岗	gu ping gang	2
古庄	gu zhuang	17
古店	gu dian	4
古店社区	gu dian she qu	3
古庵	gu an	5
古彭大厦	gu peng da sha	3
古恰	gu qia	3
古拉乡	gu la xiang	5
古文化街	gu wen hua jie	23
古新路	gu xin lu	5
古春	gu chun	4
古春村	gu chun cun	2
古曲路	gu qu lu	7
古月堂	gu yue tang	4
古朗	gu lang	9
古林街	gu lin jie	2
古枫	gu feng	7
古桥街道	gu qiao jie dao	3
古楼坪村	gu lou ping cun	3
古楼村	gu lou cun	3
古樟乡	gu zhang xiang	2
古汉台	gu han tai	6
古汉路	gu han lu	7
古江	gu jiang	10
古江巴格街道	gu jiang ba ge jie dao	2
古池	gu chi	3
古沟	gu gou	5
古洋	gu yang	3
古浪路	gu lang lu	8
古浮	gu fu	4
古浮村	gu fu cun	2
古海道	gu hai dao	4
古渡	gu du	13
古渡公园	gu du gong yuan	4
古港	gu gang	44
古湖	gu hu	23
古湖村	gu hu cun	3
古源	gu yuan	10
古漪园	gu yi yuan	6
古潭街	gu tan jie	5
古灶	gu zao	5
古猗园	gu yi yuan	6
古玉乡	gu yu xiang	5
古王集乡	gu wang ji xiang	4
古现街道	gu xian jie dao	3
古琴台	gu qin tai	8
古瓦窑	gu wa yao	3
古田一路	gu tian yi lu	1
古田三路	gu tian san lu	8
古田二路	gu tian er lu	1
古田四路	gu tian si lu	9
古田路	gu tian lu	2
古石峪村	gu shi yu cun	3
古砦仫佬族乡	gu zhai mu lao zu xiang	1
古祠留芳	gu ci liu fang	4
古福	gu fu	5
古福村	gu fu cun	2
古稻田	gu dao tian	6
古羊路	gu yang lu	6
古美三村	gu mei san cun	4
古美五村	gu mei wu cun	3
古美八村	gu mei ba cun	3
古美新村	gu mei xin cun	2
古美西路	gu mei xi lu	7
古美路	gu mei lu	7
古翠路口	gu cui lu kou	1
古翠路天目山路口	gu cui lu tian mu shan lu kou	4
古老背街道	gu lao bei jie dao	5
古船陈列馆	gu chuan chen lie guan	3
古荡	gu dang	25
古荡小区	gu dang xiao qu	6
古荡新村	gu dang xin cun	2
古荡新村西	gu dang xin cun xi	4
古荡湾新村	gu dang wan xin cun	4
古莲花池	gu lian hua chi	3
古营盘村	gu ying pan cun	2
古蔺	gu lin	30
古贲	gu bi	3
古路乡	gu lu xiang	8
古路村	gu lu cun	6
古迹岭	gu ji ling	5
古道岭	gu dao ling	3
古遗井	gu yi jing	4
古邵	gu shao	2
古鉴	gu jian	11
古鉴村	gu jian cun	4
古雄	gu xiong	8
古露镇	gu lu zhen	3
古风洞	gu feng dong	4
古龙村	gu long cun	1
句城村	ju cheng cun	2
句容市方山茶场	ju rong shi fang shan cha chang	1
只几梁乡	zhi ji liang xiang	3
召地	shao di	13
召梁	shao liang	2
召里	shao li	3
召里村	shao li cun	3
召陵	shao ling	13
叮咛店	ding ning dian	3
可乐路	ke le lu	4
可塘	ke tang	6
可慕	ke mu	2
可慕村	ke mu cun	4
可湖	ke hu	5
台儿庄南路	tai er zhuang nan lu	2
台儿庄路	tai er zhuang lu	5
台北路	tai bei lu	9
台北路天桥	tai bei lu tian qiao	3
台城花园	tai cheng hua yuan	6
台基厂	tai ji chang	22
台头	tai tou	8
台官李村	tai guan li cun	3
台客隆超市	tai ke long chao shi	2
台山一中	tai shan yi zhong	1
台山县	tai shan xian	42
台山村	tai shan cun	4
台屿	tai yu	5
台州中学	tai zhou zhong xue	13
台州市车管所	tai zhou shi che guan suo	3
台州日报社	tai zhou ri bao she	1
台州电厂	tai zhou dian chang	3
台州路口	tai zhou lu kou	3
台师	tai shi	4
台村村委会	tai cun cun wei hui	2
台江区委	tai jiang qu wei	3
台江广场	tai jiang guang chang	5
台江影院	tai jiang ying yuan	2
台江步行街	tai jiang bu xing jie	7
台江江滨路	tai jiang jiang bin lu	3
台江港务	tai jiang gang wu	3
台江路	tai jiang lu	6
台洞	tai dong	2
台湖	tai hu	15
台湖西街	tai hu xi jie	2
台湖镇政府	tai hu zhen zheng fu	5
台湾工业区	tai wan gong ye qu	5
台湾省台北县	tai wan sheng tai bei xian	8
台湾花园	tai wan hua yuan	6
台湾路	tai wan lu	8
台湾饭店	tai wan fan dian	1
台百	tai bai	2
台石村	tai shi cun	2
台联酒店	tai lian jiu dian	2
台角	tai jiao	1
台鱼乡	tai yu xiang	2
史东仪村	shi dong yi cun	3
史中坞村	shi zhong wu cun	3
史努比主题公园	shi nu bi zhu ti gong yuan	3
史各庄	shi ge zhuang	6
史回乡	shi hui xiang	5
史家坑社区	shi jia keng she qu	2
史家屯	shi jia tun	4
史家巷	shi jia xiang	3
史家庄	shi jia zhuang	1
史家新村	shi jia xin cun	3
史家滩	shi jia tan	2
史家畔乡	shi jia pan xiang	4
史家胡同	shi jia hu tong	5
史家营	shi jia ying	4
史家院乡	shi jia yuan xiang	4
史店乡	shi dian xiang	4
史德镇	shi de zhen	6
史志办	shi zhi ban	10
史河路	shi he lu	4
史院	shi yuan	1
右北平	you bei ping	20
右外大街	you wai da jie	4
右安门	you an men	9
右安门东	you an men dong	4
右安门内	you an men nei	2
右安门外	you an men wai	4
右安门大街	you an men da jie	4
右安门桥	you an men qiao	1
右安门西	you an men xi	6
右局巷	you ju xiang	2
右江	you jiang	38
右江日报	you jiang ri bao	4
右江民族医学院	you jiang min zu yi xue yuan	4
右江矿务局	you jiang kuang wu ju	5
右滩	you tan	5
右近	you jin	18
叶亦克乡	ye yi ke xiang	8
叶兴	ye xing	5
叶厝	ye cuo	10
叶城	ye cheng	48
叶城镇	ye cheng zhen	4
叶埠桥	ye bu qiao	4
叶宅	ye zhai	5
叶家坪	ye jia ping	2
叶家宅	ye jia zhai	4
叶家宅路	ye jia zhai lu	5
叶家弄	ye jia long	4
叶家湾	ye jia wan	5
叶家院子	ye jia yuan zi	1
叶屋	ye wu	2
叶庄	ye zhuang	4
叶村	ye cun	31
叶柏寿	ye bai shou	15
叶柏寿镇	ye bai shou zhen	3
叶格乡	ye ge xiang	2
叶洋	ye yang	2
叶镇	ye zhen	15
叶麻店	ye ma dian	3
号头庄回族乡	hao tou zhuang hui zu xiang	3
号桥	hao qiao	39
号路二十号大街口	hao lu er shi hao da jie kou	2
号院社区	hao yuan she qu	6
司前街	si qian jie	2
司南	si nan	18
司家村委会	si jia cun wei hui	2
司家营	si jia ying	3
司家营村	si jia ying cun	1
司寨	si zhai	1
司徒村	si tu cun	7
司法学校	si fa xue xiao	12
司法学院	si fa xue yuan	7
司背后	si bei hou	3
司营子村	si ying zi cun	2
司辛庄村	si xin zhuang cun	3
司里街	si li jie	6
司马里	si ma li	3
各井	ge jing	1
各卡乡	ge ka xiang	3
各塔埠街道	ge ta bu jie dao	3
各莫乡	ge mo xiang	3
合丰	he feng	18
合乐苗族乡	he le miao zu xiang	3
合作化路	he zuo hua lu	5
合作市	he zuo shi	15
合作桥乡	he zuo qiao xiang	5
合兴	he xing	29
合兴路	he xing lu	4
合利	he li	4
合南	he nan	1
合室乡	he shi xiang	4
合山市	he shan shi	6
合川县	he chuan xian	12
合川市	he chuan shi	4
合川路	he chuan lu	27
合建村	he jian cun	5
合建楼社区	he jian lou she qu	3
合心村	he xin cun	5
合成公社区	he cheng gong she qu	3
合成氨厂	he cheng an chang	2
合林	he lin	2
合江亭	he jiang ting	8
合江路	he jiang lu	6
合港	he gang	9
合溪村	he xi cun	4
合漳乡	he zhang xiang	1
合班	he ban	17
合盛堡	he sheng bao	4
合盛堡乡	he sheng bao xiang	4
合石	he shi	4
合罗山	he luo shan	6
合群新村	he qun xin cun	3
合群村	he qun cun	5
合群桥	he qun qiao	2
合肥路	he fei lu	7
合肥道	he fei dao	2
合荣村	he rong cun	2
合裕路	he yu lu	1
合门	he men	24
合阳	he yang	34
吉仁高勒镇	ji ren gao le zhen	2
吉仓乡	ji cang xiang	3
吉兆胡同	ji zhao hu tong	3
吉兆路	ji zhao lu	1
吉利墟	ji li xu	3
吉利大学	ji li da xue	12
吉利集团	ji li ji tuan	11
吉力湖	ji li hu	3
吉化	ji hua	3
吉华路	ji hua lu	8
吉卡乡	ji ka xiang	2
吉厦村	ji sha cun	1
吉坑	ji keng	3
吉坝	ji ba	2
吉塘镇	ji tang zhen	3
吉大市场	ji da shi chang	2
吉大总站	ji da zong zhan	18
吉安县工业园区	ji an xian gong ye yuan qu	2
吉安地区	ji an di qu	3
吉安路	ji an lu	3
吉定镇	ji ding zhen	2
吉家坊	ji jia fang	2
吉家庄乡	ji jia zhuang xiang	1
吉尔孟乡	ji er meng xiang	3
吉尔格郎乡	ji er ge lang xiang	4
吉尼赛乡	ji ni sai xiang	3
吉居	ji ju	4
吉居乡	ji ju xiang	3
吉山	ji shan	39
吉山新村	ji shan xin cun	4
吉山村	ji shan cun	1
吉岭村	ji ling cun	3
吉崩岗街道	ji beng gang jie dao	3
吉布库镇	ji bu ku zhen	6
吉庆家园	ji qing jia yuan	7
吉庆庄	ji qing zhuang	4
吉庆庄村	ji qing zhuang cun	3
吉庆苑	ji qing yuan	3
吉庆街	ji qing jie	16
吉庆路	ji qing lu	5
吉庇路	ji bi lu	2
吉日嘎朗图镇	ji ri ga lang tu zhen	1
吉日嘎郎吐镇	ji ri ga lang tu zhen	3
吉日嘎郎图嘎查	ji ri ga lang tu ga cha	4
吉晟别墅	ji sheng bie shu	4
吉曲乡	ji qu xiang	4
吉木乃	ji mu nai	24
吉木萨尔	ji mu sa er	29
吉村委会	ji cun wei hui	2
吉林省四平市	ji lin sheng si ping shi	32
吉林省图们市	ji lin sheng tu men shi	4
吉林省梅河口	ji lin sheng mei he kou	5
吉林省江源县	ji lin sheng jiang yuan xian	1
吉林省通化市	ji lin sheng tong hua shi	32
吉林路	ji lin lu	4
吉格斯太镇	ji ge si tai zhen	1
吉水县文峰镇	ji shui xian wen feng zhen	5
吉水门	ji shui men	3
吉汝乡	ji ru xiang	4
吉浦路	ji pu lu	6
吉滩	ji tan	1
吉盛路	ji sheng lu	3
吉祥南路	ji xiang nan lu	4
吉祥国际	ji xiang guo ji	3
吉祥山	ji xiang shan	5
吉祥庵	ji xiang an	6
吉祥村	ji xiang cun	19
吉祥楼	ji xiang lou	3
吉祥物业	ji xiang wu ye	4
吉祥街	ji xiang jie	14
吉祥诚信商业街	ji xiang cheng xin shang ye jie	5
吉祥路	ji xiang lu	3
吉祥鸟	ji xiang niao	5
吉福街	ji fu jie	3
吉米镇	ji mi zhen	3
吉粮康郡	ji liang kang jun	3
吉粮集团	ji liang ji tuan	5
吉羊	ji yang	11
吉达乡	ji da xiang	3
吉迈镇	ji mai zhen	4
吉隆坡大酒店	ji long po da jiu dian	4
吉隆水库	ji long shui ku	2
吉雄镇	ji xiong zhen	4
吉首市	ji shou shi	39
吉龙	ji long	35
吊桥路	diao qiao lu	5
吊滩乡	diao tan xiang	3
吊马庄	diao ma zhuang	1
同三高速公路	tong san gao su gong lu	3
同义庄	tong yi zhuang	4
同义庄村	tong yi zhuang cun	2
同乐关	tong le guan	7
同乐村	tong le cun	5
同乐苗族乡	tong le miao zu xiang	3
同乐路	tong le lu	8
同仁医院亦庄分院	tong ren yi yuan yi zhuang fen yuan	7
同仁路	tong ren lu	8
同仁路口	tong ren lu kou	6
同仁里	tong ren li	4
同会	tong hui	6
同兴	tong xing	43
同兴园	tong xing yuan	5
同兴园社区	tong xing yuan she qu	2
同兴路	tong xing lu	4
同升湖路	tong sheng hu lu	4
同华园小区	tong hua yuan xiao qu	3
同华西	tong hua xi	1
同华路	tong hua lu	6
同协路口	tong xie lu kou	5
同南路	tong nan lu	1
同卡镇	tong ka zhen	3
同友路口	tong you lu kou	4
同合庄	tong he zhuang	2
同善桥横街	tong shan qiao heng jie	4
同善路	tong shan lu	3
同城印象	tong cheng yin xiang	3
同安道	tong an dao	3
同家庄镇	tong jia zhuang zhen	5
同富裕工业区	tong fu yu gong ye qu	6
同尾	tong wei	9
同平	tong ping	4
同庆街	tong qing jie	7
同德路	tong de lu	5
同心村	tong xin cun	9
同心路	tong xin lu	14
同志街	tong zhi jie	7
同意村	tong yi cun	5
同文路	tong wen lu	4
同方部	tong fang bu	2
同普路	tong pu lu	7
同曦艺术家园	tong xi yi shu jia yuan	2
同江县	tong jiang xian	2
同江市	tong jiang shi	20
同泰街	tong tai jie	1
同泰路	tong tai lu	8
同济中路	tong ji zhong lu	3
同济北路	tong ji bei lu	1
同济市场	tong ji shi chang	7
同济支路	tong ji zhi lu	4
同济男科医院	tong ji nan ke yi yuan	2
同济路	tong ji lu	6
同石乡	tong shi xiang	2
同美农场	tong mei nong chang	2
同美村	tong mei cun	3
同胜工业区	tong sheng gong ye qu	3
同集路	tong ji lu	5
名亭公园	ming ting gong yuan	1
名仕嘉园	ming shi jia yuan	4
名仕园	ming shi yuan	2
名仕家园	ming shi jia yuan	4
名佳花园	ming jia hua yuan	4
名嘉佳园	ming jia jia yuan	3
名城左岸花园	ming cheng zuo an hua yuan	2
名城港湾	ming cheng gang wan	5
名城花园	ming cheng hua yuan	4
名山乡	ming shan xiang	2
名山县	ming shan xian	14
名流花园	ming liu hua yuan	4
名流花园社区	ming liu hua yuan she qu	2
名湖雅居	ming hu ya ju	3
名珏	ming jue	1
名罗	ming luo	7
名街花园	ming jie hua yuan	3
名都	ming du	12
名都大酒店	ming du da jiu dian	6
名都酒店	ming du jiu dian	1
后七里河	hou qi li he	4
后三乡	hou san xiang	4
后东村	hou dong cun	3
后乡村	hou xiang cun	7
后井	hou jing	6
后井村	hou jing cun	4
后京	hou jing	7
后亭	hou ting	9
后亭村	hou ting cun	14
后亭社区	hou ting she qu	5
后任村	hou ren cun	2
后伏	hou fu	7
后余杭	hou yu hang	4
后八家	hou ba jia	5
后兴	hou xing	6
后内	hou nei	8
后冲	hou chong	18
后勤基地	hou qin ji di	7
后勤学院	hou qin xue yuan	28
后勤工程学院	hou qin gong cheng xue yuan	3
后勤装备部	hou qin zhuang bei bu	2
后北宫	hou bei gong	1
后北宫村	hou bei gong cun	4
后北屯	hou bei tun	3
后南仓	hou nan cang	6
后南台村	hou nan tai cun	2
后占	hou zhan	11
后卢村	hou lu cun	3
后厂村	hou chang cun	25
后厂村东	hou chang cun dong	2
后厂村路	hou chang cun lu	3
后厝社区	hou cuo she qu	2
后周镇	hou zhou zhen	5
后围	hou wei	9
后围寨	hou wei zhai	1
后圆恩寺胡同	hou yuan en si hu tong	5
后圩	hou wei	5
后圩村	hou wei cun	4
后坂	hou ban	3
后坂村	hou ban cun	6
后坊子村	hou fang zi cun	2
后坎	hou kan	4
后坑	hou keng	7
后坑村	hou keng cun	6
后坑社区	hou keng she qu	4
后坝村	hou ba cun	6
后坞村	hou wu cun	4
后坡	hou po	5
后坡村	hou po cun	1
后坨村	hou tuo cun	1
后坪	hou ping	4
后垟	hou yang	4
后城	hou cheng	7
后城口	hou cheng kou	3
后城文化街	hou cheng wen hua jie	3
后城里	hou cheng li	6
后埔村	hou pu cun	1
后埔社区	hou pu she qu	5
后域乡	hou yu xiang	3
后堀村	hou ku cun	3
后堡	hou bao	7
后堰上村	hou yan shang cun	2
后塘	hou tang	10
后塘村	hou tang cun	6
后塘瑶族乡	hou tang yao zu xiang	7
后壁林	hou bi lin	1
后夏公庄	hou xia gong zhuang	2
后头村	hou tou cun	3
后宅	hou zhai	28
后宅村	hou zhai cun	4
后宅胡同	hou zhai hu tong	3
后安	hou an	8
后安定	hou an ding	3
后安村	hou an cun	3
后完	hou wan	6
后宰门	hou zai men	13
后小井胡同	hou xiao jing hu tong	3
后小朱	hou xiao zhu	1
后屯	hou tun	23
后山停车场	hou shan ting che chang	3
后山村	hou shan cun	6
后山社区	hou shan she qu	4
后山铺	hou shan pu	4
后屿	hou yu	4
后屿路	hou yu lu	3
后岩	hou yan	38
后岭	hou ling	4
后峡地区	hou xia di qu	3
后峪村	hou yu cun	1
后工	hou gong	6
后庄村	hou zhuang cun	3
后库	hou ku	7
后底	hou di	6
后店	hou dian	8
后建村	hou jian cun	3
后张	hou zhang	11
后张村	hou zhang cun	5
后径	hou jing	5
后房	hou fang	9
后房村	hou fang cun	2
后所村	hou suo cun	6
后拐棒胡同	hou guai bang hu tong	4
后掌	hou zhang	12
后支	hou zhi	6
后新片	hou xin pian	3
后明村	hou ming cun	2
后曾村	hou zeng cun	1
后杆	hou gan	3
后杆柄	hou gan bing	3
后杆柄村	hou gan bing cun	2
后李家	hou li jia	1
后李村委会	hou li cun wei hui	2
后李甲	hou li jia	1
后杜	hou du	7
后松园	hou song yuan	3
后林	hou lin	9
后林新村	hou lin xin cun	3
后林村	hou lin cun	1
后柏山	hou bai shan	2
后格	hou ge	4
后格村	hou ge cun	3
后桃园	hou tao yuan	3
后桃园胡同	hou tao yuan hu tong	3
后桃洼村	hou tao wa cun	3
后桥	hou qiao	24
后棚	hou peng	4
后椅子胡同	hou yi zi hu tong	3
后横村	hou heng cun	2
后横街	hou heng jie	4
后水峪	hou shui yu	4
后水泡	hou shui pao	3
后永康胡同	hou yong kang hu tong	3
后江埭	hou jiang dai	1
后池	hou chi	22
后沈埠村	hou shen bu cun	2
后沙峪	hou sha yu	20
后沙涧	hou sha jian	3
后沟	hou gou	29
后沟胡同	hou gou hu tong	2
后河	hou he	9
后河村	hou he cun	4
后河西	hou he xi	3
后泉路	hou quan lu	7
后洋	hou yang	5
后洋村	hou yang cun	1
后洋陈路	hou yang chen lu	3
后洪	hou hong	6
后洼子村	hou wa zi cun	2
后海北沿	hou hai bei yan	2
后海小学	hou hai xiao xue	2
后海村	hou hai cun	4
后海西沿社区	hou hai xi yan she qu	5
后清	hou qing	8
后渎	hou du	3
后渚	hou zhu	8
后渚村	hou zhu cun	3
后渠	hou qu	3
后港村	hou gang cun	1
后湖村	hou hu cun	6
后湖管理区	hou hu guan li qu	5
后湖街道	hou hu jie dao	2
后湖路	hou hu lu	1
后溪乡	hou xi xiang	1
后溪村	hou xi cun	3
后溪河	hou xi he	1
后澳	hou ao	5
后牛角胡同	hou niu jiao hu tong	1
后王会	hou wang hui	3
后王庄	hou wang zhuang	3
后甫	hou fu	5
后甫村	hou fu cun	3
后田	hou tian	8
后田村	hou tian cun	1
后疃	hou tuan	3
后皋村	hou gao cun	3
后盐村	hou yan cun	1
后盐车市	hou yan che shi	2
后石	hou shi	7
后石坞	hou shi wu	4
后石桥	hou shi qiao	2
后石道胡同	hou shi dao hu tong	2
后石门	hou shi men	5
后福村	hou fu cun	3
后红井胡同	hou hong jing hu tong	2
后细瓦厂胡同	hou xi wa chang hu tong	1
后罗圈胡同	hou luo quan hu tong	2
后罗庄村	hou luo zhuang cun	3
后羊村	hou yang cun	2
后聂村	hou nie cun	2
后肖家胡同	hou xiao jia hu tong	4
后花社区	hou hua she qu	2
后苇沟村	hou wei gou cun	4
后英房胡同	hou ying fang hu tong	2
后茂	hou mao	4
后茂社区	hou mao she qu	3
后营乡	hou ying xiang	2
后蔡村	hou cai cun	1
后街村委会	hou jie cun wei hui	2
后街村村委会	hou jie cun cun wei hui	2
后西	hou xi	7
后许	hou xu	8
后许村	hou xu cun	3
后路坪	hou lu ping	2
后边村	hou bian cun	1
后邓	hou deng	8
后郭	hou guo	7
后郭村	hou guo cun	2
后野	hou ye	4
后野厂村	hou ye chang cun	2
后间	hou jian	7
后阳	hou yang	6
后陈村	hou chen cun	7
后陈村村委会	hou chen cun cun wei hui	2
后韩寺庄	hou han si zhuang	2
后马厂胡同	hou ma chang hu tong	1
后高市场	hou gao shi chang	2
后鲁	hou lu	5
后鼓楼苑胡同	hou gu lou yuan hu tong	2
后龙山	hou long shan	1
后龙村	hou long cun	5
吐乌大	tu wu da	2
吐外特乡	tu wai te xiang	5
吐火罗文	tu huo luo wen	12
吐鲁番县	tu lu fan xian	6
向丘陵	xiang qiu ling	1
向东乡	xiang dong xiang	4
向东南路	xiang dong nan lu	5
向东园	xiang dong yuan	3
向东村	xiang dong cun	6
向东站	xiang dong zhan	5
向化藏族乡	xiang hua zang zu xiang	3
向华	xiang hua	39
向南村	xiang nan cun	6
向南路	xiang nan lu	6
向婷婷	xiang ting ting	6
向家台	xiang jia tai	4
向家园	xiang jia yuan	1
向家坪	xiang jia ping	6
向家村	xiang jia cun	6
向家湾	xiang jia wan	5
向山区	xiang shan qu	3
向工街	xiang gong jie	8
向应公园	xiang ying gong yuan	2
向应广场	xiang ying guang chang	3
向海蒙古族乡	xiang hai meng gu zu xiang	3
向艳	xiang yan	5
向荣乡	xiang rong xiang	2
向西路	xiang xi lu	3
向道	xiang dao	6
向银路	xiang yin lu	3
向阳坡	xiang yang po	6
向阳市场	xiang yang shi chang	5
向阳店	xiang yang dian	6
向阳胡同	xiang yang hu tong	3
向阳菜市	xiang yang cai shi	2
向阳街	xiang yang jie	5
向阳里街道	xiang yang li jie dao	1
向韶村	xiang shao cun	6
吕一品	lv yi pin	2
吕仙亭街道	lv xian ting jie dao	5
吕公堡镇	lv gong bao zhen	4
吕厝	lv cuo	33
吕厝村	lv cuo cun	1
吕地	lv di	7
吕墅	lv shu	3
吕家庄村委会	lv jia zhuang cun wei hui	3
吕家营	lv jia ying	1
吕小寨	lv xiao zhai	1
吕屋	lv wu	1
吕山村	lv shan cun	3
吕布屯	lv bu tun	2
吕庄村	lv zhuang cun	6
吕村	lv cun	47
吕村南站	lv cun nan zhan	2
吕村村委会	lv cun cun wei hui	5
吕标	lv biao	3
吕浦八区	lv pu ba qu	2
吕滨	lv bin	3
吕营花园	lv ying hua yuan	4
吕虹村	lv hong cun	2
君临国际	jun lin guo ji	6
君临紫金	jun lin zi jin	1
君兰	jun lan	5
君坝	jun ba	4
君坝乡	jun ba xiang	3
君子兰公园	jun zi lan gong yuan	4
君平街	jun ping jie	7
君悦城市花园	jun yue cheng shi hua yuan	3
君悦大酒店	jun yue da jiu dian	3
君竹环岛	jun zhu huan dao	4
君竹路	jun zhu lu	5
吞盘乡	tun pan xiang	3
吟诗村	yin shi cun	2
含元殿	han yuan dian	10
含元殿村	han yuan dian cun	3
含元殿遗址	han yuan dian yi zhi	5
含元路口	han yuan lu kou	5
含光路	han guang lu	4
含光路南口	han guang lu nan kou	4
含光门	han guang men	8
含山村	han shan cun	3
含山路	han shan lu	7
含春	han chun	7
含晖苑	han hui yuan	2
听涛园	ting tao yuan	1
听涛雅苑	ting tao ya yuan	4
听溪园	ting xi yuan	2
启东县	qi dong xian	5
启东市	qi dong shi	26
启兴	qi xing	7
启安村	qi an cun	2
启工街	qi gong jie	7
启文花园	qi wen hua yuan	3
启明北路	qi ming bei lu	5
启明小区	qi ming xiao qu	4
启明街道	qi ming jie dao	3
启明路	qi ming lu	6
启智学校	qi zhi xue xiao	12
启潮路	qi chao lu	4
启秀	qi xiu	27
吴中路	wu zhong lu	49
吴儿城	wu er cheng	2
吴兴大道	wu xing da dao	3
吴兴路	wu xing lu	1
吴厝村	wu cuo cun	5
吴县市	wu xian shi	2
吴叶	wu ye	7
吴各庄	wu ge zhuang	1
吴合村	wu he cun	2
吴园	wu yuan	19
吴坊营	wu fang ying	3
吴城村	wu cheng cun	4
吴宅	wu zhai	22
吴宝路	wu bao lu	11
吴家坝	wu jia ba	5
吴家坟	wu jia fen	1
吴家坪	wu jia ping	1
吴家堡	wu jia bu	3
吴家堡街道	wu jia bu jie dao	1
吴家宅	wu jia zhai	4
吴家寺	wu jia si	2
吴家屯	wu jia tun	4
吴家巷	wu jia xiang	2
吴家庄	wu jia zhuang	1
吴家庄子	wu jia zhuang zi	2
吴家庄村	wu jia zhuang cun	5
吴家村	wu jia cun	2
吴家村委会	wu jia cun wei hui	2
吴家村路东口	wu jia cun lu dong kou	2
吴家村路西口	wu jia cun lu xi kou	3
吴家桥	wu jia qiao	4
吴家楼	wu jia lou	4
吴家沟	wu jia gou	1
吴家湾	wu jia wan	3
吴家石桥	wu jia shi qiao	3
吴家祠堂	wu jia ci tang	1
吴家窑	wu jia yao	5
吴家窑二号路	wu jia yao er hao lu	6
吴家窑大街	wu jia yao da jie	5
吴家营	wu jia ying	4
吴家铺	wu jia pu	3
吴家院子	wu jia yuan zi	3
吴寺村	wu si cun	3
吴屯	wu tun	1
吴山公交站	wu shan gong jiao zhan	2
吴山广场	wu shan guang chang	35
吴山村	wu shan cun	1
吴岭	wu ling	1
吴岭村	wu ling cun	4
吴川县	wu chuan xian	19
吴川市	wu chuan shi	40
吴庄	wu zhuang	7
吴庄南站	wu zhuang nan zhan	2
吴庄小区	wu zhuang xiao qu	2
吴庄村村委会	wu zhuang cun cun wei hui	2
吴店子	wu dian zi	3
吴德星	wu de xing	5
吴旗	wu qi	6
吴旗县	wu qi xian	2
吴村	wu cun	30
吴村村	wu cun cun	3
吴林乡	wu lin xiang	2
吴林西村	wu lin xi cun	3
吴桥村村委会	wu qiao cun cun wei hui	3
吴桥路	wu qiao lu	7
吴江市	wu jiang shi	39
吴泾	wu jing	23
吴泾路	wu jing lu	3
吴涌	wu yong	2
吴淞大桥	wu song da qiao	1
吴淞煤气厂	wu song mei qi chang	4
吴淞码头	wu song ma tou	2
吴淞路	wu song lu	27
吴窑	wu yao	3
吴美凤	wu mei feng	4
吴翼	wu yi	8
吴航镇	wu hang zhen	3
吴越路	wu yue lu	3
吴边	wu bian	2
吴雄寺	wu xiong si	3
吴顺	wu shun	42
吴马营	wu ma ying	2
吴马营乡	wu ma ying xiang	3
吹壳子	chui ke zi	12
吹楼	chui lou	2
吼山	hou shan	4
吼山村	hou shan cun	2
吾东	wu dong	4
吾中	wu zhong	3
吾中村	wu zhong cun	4
吾伊乡	wu yi xiang	2
吾华	wu hua	2
吾华村	wu hua cun	2
吾合沙鲁乡	wu he sha lu xiang	6
吾坑村	wu keng cun	2
吾宗布拉克牧场	wu zong bu la ke mu chang	3
吾岗	wu gang	2
吾峰	wu feng	4
吾斯塘博依街道	wu si tang bo yi jie dao	2
吾西	wu xi	5
吾邦	wu bang	1
吾都	wu du	4
吾顶村	wu ding cun	2
呈美	cheng mei	3
呈贡县	cheng gong xian	16
员宅村	yuan zhai cun	2
周光英	zhou guang ying	3
周公巷	zhou gong xiang	2
周华	zhou hua	12
周厝村	zhou cuo cun	4
周口地区	zhou kou di qu	4
周口店	zhou kou dian	37
周口店北京猿人遗址	zhou kou dian bei jing yuan ren yi zhi	6
周口店社区	zhou kou dian she qu	2
周口店路口	zhou kou dian lu kou	4
周口村路口	zhou kou cun lu kou	3
周吴	zhou wu	7
周圩	zhou wei	3
周坑	zhou keng	3
周坑村	zhou keng cun	2
周坡庄村	zhou po zhuang cun	2
周宅	zhou zhai	5
周宏亮	zhou hong liang	6
周宏伟	zhou hong wei	3
周家乡政府	zhou jia xiang zheng fu	3
周家井	zhou jia jing	4
周家冲	zhou jia chong	5
周家嘴路	zhou jia zui lu	14
周家嘴路黄兴路	zhou jia zui lu huang xing lu	4
周家坝	zhou jia ba	1
周家坡	zhou jia po	3
周家堡	zhou jia pu	3
周家大湾	zhou jia da wan	2
周家大院	zhou jia da yuan	2
周家寨	zhou jia zhai	2
周家屯	zhou jia tun	1
周家峪	zhou jia yu	4
周家巷	zhou jia xiang	1
周家庄	zhou jia zhuang	2
周家庄南站	zhou jia zhuang nan zhan	3
周家庄路西口	zhou jia zhuang lu xi kou	2
周家店	zhou jia dian	5
周家店子	zhou jia dian zi	2
周家村村	zhou jia cun cun	2
周家村村委会	zhou jia cun cun wei hui	3
周家桥	zhou jia qiao	9
周家楼子	zhou jia lou zi	2
周家泉街道	zhou jia quan jie dao	2
周家渡	zhou jia du	11
周家湾	zhou jia wan	5
周家湾叉口	zhou jia wan cha kou	2
周家硷镇	zhou jia jian zhen	3
周家祠	zhou jia ci	1
周家院子	zhou jia yuan zi	4
周宿渡	zhou su du	3
周小玲	zhou xiao ling	5
周屯	zhou tun	2
周山	zhou shan	8
周岗乡	zhou gang xiang	2
周岙底	zhou ao di	4
周庄乡	zhou zhuang xiang	2
周庄村委会	zhou zhuang cun wei hui	3
周庆和	zhou qing he	3
周店	zhou dian	6
周建军	zhou jian jun	14
周建水	zhou jian shui	3
周建玲	zhou jian ling	8
周建琴	zhou jian qin	4
周徐	zhou xu	1
周恩来故居	zhou en lai gu ju	2
周恩来祖居	zhou en lai zu ju	4
周戈庄	zhou ge zhuang	3
周新庄	zhou xin zhuang	1
周方	zhou fang	10
周春燕	zhou chun yan	6
周村村	zhou cun cun	4
周村村委会	zhou cun cun wei hui	4
周村水库	zhou cun shui ku	1
周村镇	zhou cun zhen	1
周桥	zhou qiao	4
周桥新村	zhou qiao xin cun	3
周梅村	zhou mei cun	2
周棚	zhou peng	5
周棚街道	zhou peng jie dao	3
周河湾	zhou he wan	5
周浦	zhou pu	28
周矶管理区	zhou ji guan li qu	4
周祖森林公园	zhou zu sen lin gong yuan	2
周祝公路	zhou zhu gong lu	8
周线巷	zhou xian xiang	3
周良庄	zhou liang zhuang	3
周路口街道	zhou lu kou jie dao	2
周雪艳	zhou xue yan	3
味道江湖	wei dao jiang hu	2
呷巴	xia ba	4
呷巴乡	xia ba xiang	1
呷拉	xia la	4
呷拉乡	xia la xiang	5
呷衣	xia yi	3
呷衣乡	xia yi xiang	3
呼兰县	hu lan xian	8
呼兰路	hu lan lu	2
呼家庄	hu jia zhuang	3
呼家楼	hu jia lou	39
呼武公路	hu wu gong lu	3
呼热图淖尔苏木	hu re tu nao er su mu	4
呼玛	hu ma	33
呼玛一村	hu ma yi cun	2
呼玛新村	hu ma xin cun	3
呼玛路	hu ma lu	5
呼铁局	hu tie ju	9
咀头	ju tou	2
和义东里第三社区	he yi dong li di san she qu	4
和义农场	he yi nong chang	4
和义南站	he yi nan zhan	4
和义路	he yi lu	7
和乐街	he le jie	1
和会街	he hui jie	1
和兴村	he xing cun	6
和兴街道	he xing jie dao	3
和兴路街道	he xing lu jie dao	4
和坪村	he ping cun	7
和夏阿瓦提乡	he xia a wa ti xiang	6
和安村	he an cun	3
和家庄镇	he jia zhuang zhen	5
和尚塘	he shang tang	1
和尚山	he shang shan	1
和尚桥	he shang qiao	7
和尚田	he shang tian	1
和川镇	he chuan zhen	4
和布克塞尔	he bu ke sai er	4
和布克赛尔县	he bu ke sai er xian	10
和平东桥	he ping dong qiao	7
和平东桥北	he ping dong qiao bei	3
和平东桥南	he ping dong qiao nan	5
和平中	he ping zhong	9
和平公园	he ping gong yuan	44
和平北街	he ping bei jie	3
和平北路	he ping bei lu	5
和平南路	he ping nan lu	3
和平商业大厦	he ping shang ye da sha	2
和平大街	he ping da jie	8
和平宾馆	he ping bin guan	5
和平小区	he ping xiao qu	4
和平居委会	he ping ju wei hui	3
和平巷	he ping xiang	2
和平广场	he ping guang chang	32
和平新村	he ping xin cun	9
和平村	he ping cun	46
和平村大街	he ping cun da jie	2
和平桥	he ping qiao	25
和平溪村	he ping xi cun	2
和平社区	he ping she qu	16
和平管区	he ping guan qu	3
和平街	he ping jie	29
和平街北口	he ping jie bei kou	1
和平街居委会	he ping jie ju wei hui	2
和平西桥	he ping xi qiao	5
和平西桥北	he ping xi qiao bei	3
和平西街	he ping xi jie	6
和平路居委会	he ping lu ju wei hui	2
和平都会	he ping du hui	1
和平里北街	he ping li bei jie	3
和平里南口	he ping li nan kou	4
和平里南街	he ping li nan jie	5
和平里火车站	he ping li huo che zhan	3
和平门	he ping men	48
和弄	he nong	6
和政	he zheng	9
和春村	he chun cun	3
和村村	he cun cun	7
和林村	he lin cun	1
和林格尔	he lin ge er	40
和燕园	he yan yuan	4
和燕花苑	he yan hua yuan	4
和田街	he tian jie	1
和田街街道	he tian jie jie dao	5
和田路	he tian lu	1
和畅堂	he chang tang	4
和睦小区	he mu xiao qu	6
和睦新村	he mu xin cun	8
和睦村	he mu cun	1
和美村	he mei cun	2
和胜乡	he sheng xiang	2
和胜村	he sheng cun	3
和蓉	he rong	17
和谐家园	he xie jia yuan	6
和谐家园一区北门	he xie jia yuan yi qu bei men	3
和谐家园一区西门	he xie jia yuan yi qu xi men	4
和谐家园二区西门	he xie jia yuan er qu xi men	4
和进路	he jin lu	1
和钢小区	he gang xiao qu	2
和铺	he pu	8
和铺村	he pu cun	3
和顺村	he shun cun	3
和顺路	he shun lu	6
和风路	he feng lu	4
和龙县	he long xian	6
和龙市	he long shi	33
和龙林业局	he long lin ye ju	2
和龙路	he long lu	4
咏生乡	yong sheng xiang	3
咖啡小镇	ka fei xiao zhen	2
咯尔乡	ka er xiang	4
咸丰路街道	xian feng lu jie dao	4
咸亨酒店	xian heng jiu dian	1
咸嘉新村	xian jia xin cun	9
咸嘉湖	xian jia hu	4
咸嘉湖路	xian jia hu lu	8
咸塘	xian tang	1
咸宁侯	xian ning hou	3
咸宁侯村	xian ning hou cun	6
咸宁路	xian ning lu	2
咸家	xian jia	4
咸家庄	xian jia zhuang	2
咸平路	xian ping lu	3
咸水沽	xian shui gu	26
咸水沽镇体育场路	xian shui gu zhen ti yu chang lu	2
咸水沽镇建国大街	xian shui gu zhen jian guo da jie	2
咸田村	xian tian cun	10
咸茶	xian cha	14
咸通北路	xian tong bei lu	6
咸通南路	xian tong nan lu	4
咸通路	xian tong lu	5
咸阳中学	xian yang zhong xue	5
咸阳北路	xian yang bei lu	5
咸阳师范	xian yang shi fan	5
咸阳桥	xian yang qiao	1
咸阳纺织机械厂	xian yang fang zhi ji xie chang	2
咸阳路	xian yang lu	7
品建	pin jian	3
品清	pin qing	6
品清湖	pin qing hu	1
品诺	pin nuo	3
哇尔玛乡	wa er ma xiang	10
哇赛乡	wa sai xiang	2
哈依	ha yi	30
哈儿	ha er	7
哈医大	ha yi da	2
哈医大五院	ha yi da wu yuan	3
哈吐气蒙古族乡	ha tu qi meng gu zu xiang	1
哈咇嘎乡	ha bi ga xiang	3
哈哈乡	ha ha xiang	2
哈喇河乡	ha la he xiang	4
哈图	ha tu	6
哈多河镇	ha duo he zhen	1
哈大齐	ha da qi	6
哈大齐工业走廊	ha da qi gong ye zou lang	7
哈密县	ha mi xian	6
哈密路	ha mi lu	16
哈密道	ha mi dao	3
哈尔墩乡	ha er dun xiang	2
哈尔姆斯塔德	ha er mu si ta de	11
哈尔滨市阿城区	ha er bin shi a cheng qu	9
哈尔滨路	ha er bin lu	11
哈尔滨道	ha er bin dao	5
哈尔脑乡	ha er nao xiang	3
哈岘乡	ha xian xiang	3
哈巴格希乡	ha ba ge xi xiang	2
哈德良长城	ha de liang chang cheng	9
哈拉合少乡	ha la he shao xiang	5
哈拉奇乡	ha la qi xiang	6
哈拉布拉克乡	ha la bu la ke xiang	5
哈拉沟	ha la gou	1
哈拉盖图农牧场	ha la gai tu nong mu chang	4
哈拉道口	ha la dao kou	2
哈拉黑镇	ha la hei zhen	2
哈数	ha shu	4
哈日高毕嘎查	ha ri gao bi ga cha	3
哈曲乡	ha qu xiang	4
哈毕日嘎镇	ha bi ri ga zhen	4
哈沙图	ha sha tu	3
哈洛乡	ha luo xiang	3
哈甘乡	ha gan xiang	4
哈腾套海农场	ha teng tao hai nong chang	2
哈达图	ha da tu	4
哈达阳镇	ha da yang zhen	2
哈里哈乡	ha li ha xiang	4
响动岩	xiang dong yan	3
响嘡镇	xiang tang zhen	3
响堂管理区	xiang tang guan li qu	3
响山	xiang shan	1
响水桥	xiang shui qiao	7
响水水库	xiang shui shui ku	3
响水滩乡	xiang shui tan xiang	4
响石岭街道	xiang shi ling jie dao	5
哑巴弄	ya ba nong	5
哨马营村	shao ma ying cun	3
哪旁乡	na pang xiang	2
哪阵	na zhen	40
唐丽娜	tang li na	7
唐乃亥乡	tang nai hai xiang	3
唐兴路	tang xing lu	7
唐南	tang nan	15
唐厝村	tang cuo cun	3
唐口新村	tang kou xin cun	2
唐口镇	tang kou zhen	4
唐嘎乡	tang ga xiang	3
唐园	tang yuan	2
唐城宾馆	tang cheng bin guan	6
唐大庄村	tang da zhuang cun	3
唐大明	tang da ming	3
唐央乡	tang yang xiang	1
唐宅	tang zhai	1
唐宫路	tang gong lu	7
唐家口	tang jia kou	1
唐家坪	tang jia ping	3
唐家墩	tang jia dun	3
唐家岭	tang jia ling	1
唐家岭北站	tang jia ling bei zhan	2
唐家巷	tang jia xiang	5
唐家市场	tang jia shi chang	4
唐家村	tang jia cun	5
唐家桥	tang jia qiao	1
唐家沱	tang jia tuo	7
唐家湾	tang jia wan	25
唐家铺乡	tang jia pu xiang	3
唐家院子	tang jia yuan zi	7
唐尕昂乡	tang ga ang xiang	4
唐屋	tang wu	1
唐山市南堡开发区	tang shan shi nan pu kai fa qu	3
唐山街	tang shan jie	1
唐山路	tang shan lu	33
唐山道	tang shan dao	1
唐市村	tang shi cun	3
唐庄	tang zhuang	16
唐庄村委会	tang zhuang cun wei hui	2
唐延路	tang yan lu	10
唐恭陵	tang gong ling	1
唐指山	tang zhi shan	4
唐森林	tang sen lin	3
唐沟	tang gou	4
唐洪	tang hong	6
唐海县	tang hai xian	10
唐溪乡	tang xi xiang	2
唐溪茶场	tang xi cha chang	2
唐胖子	tang pang zi	4
唐自口村	tang zi kou cun	2
唐舍村	tang she cun	3
唐芳	tang fang	2
唐蔡路	tang cai lu	7
唐虞	tang yu	8
唐邱乡	tang qiu xiang	2
唐都医院	tang du yi yuan	9
唐陆路	tang lu lu	6
唯亭镇	wei ting zhen	3
唱歌乡	chang ge xiang	4
唱经楼	chang jing lou	24
商丘县	shang qiu xian	34
商丘市梁园区	shang qiu shi liang yuan qu	13
商丘市睢阳区	shang qiu shi sui yang qu	11
商丘路	shang qiu lu	7
商业厅农场	shang ye ting nong chang	3
商业场	shang ye chang	5
商业大	shang ye da	10
商业幼儿园	shang ye you er yuan	7
商业广场	shang ye guang chang	23
商业街口	shang ye jie kou	6
商业街路口	shang ye jie lu kou	6
商东	shang dong	4
商储公司	shang chu gong si	1
商务会馆	shang wu hui guan	2
商务学院	shang wu xue yuan	12
商务局	shang wu ju	22
商务街	shang wu jie	7
商县	shang xian	46
商周遗址	shang zhou yi zhi	3
商园	shang yuan	8
商场居委会	shang chang ju wei hui	2
商城路	shang cheng lu	33
商埠街	shang bu jie	6
商宇	shang yu	9
商州市	shang zhou shi	6
商庄村	shang zhuang cun	2
商报路	shang bao lu	1
商林乡	shang lin xiang	3
商水县农场	shang shui xian nong chang	2
商河镇	shang he zhen	3
商洛地区	shang luo di qu	13
商茂新园	shang mao xin yuan	2
商运司	shang yun si	3
啤酒花公司	pi jiu hua gong si	3
啤酒路	pi jiu lu	1
喀什东路街道	ka shi dong lu jie dao	5
喀什市	ka shi shi	49
喀尔交乡	ka er jiao xiang	5
喀尔克乡	ka er ke xiang	4
喀拉也木勒乡	ka la ye mu le xiang	5
喀拉喀什镇	ka la ka shi zhen	1
喀拉布勒根乡	ka la bu le gen xiang	6
喀拉希力克乡	ka la xi li ke xiang	4
喀拉托别乡	ka la tuo bie xiang	6
喀拉托海乡	ka la tuo hai xiang	5
喀拉达拉乡	ka la da la xiang	5
喀热克其克乡	ka re ke qi ke xiang	4
喀瓦克乡	ka wa ke xiang	3
喀赞其街道	ka zan qi jie dao	5
喂马乡	wei ma xiang	4
善各庄	shan ge zhuang	3
善各庄西站	shan ge zhuang xi zhan	4
善坛	shan tan	1
善坛村	shan tan cun	2
善家坟	shan jia fen	4
善感乡	shan gan xiang	3
善斋	shan zhai	13
善溪乡	shan xi xiang	6
善溪村	shan xi cun	3
善益	shan yi	1
善益村	shan yi cun	3
善贤村	shan xian cun	3
善贤路	shan xian lu	1
喇叭沟门	la ba gou men	5
喇叭沟门村	la ba gou men cun	3
喇叭胡同	la ba hu tong	3
喇嘛垭乡	la ma ya xiang	4
喇嘛庙	la ma miao	48
喇嘛昭乡	la ma zhao xiang	4
喇嘛湾镇	la ma wan zhen	5
喇嘛甸	la ma dian	5
喜得宝公司	xi de bao gong si	4
喜来登饭店	xi lai deng fan dian	5
喜泰路	xi tai lu	3
喜灵洲	xi ling zhou	34
喜鹊巢	xi que chao	4
喜鹊桥	xi que qiao	4
喜鹊胡同	xi que hu tong	3
喻园	yu yuan	5
喻园小区	yu yuan xiao qu	4
喻家冲	yu jia chong	4
嗓等	sang deng	1
嘉业国际城	jia ye guo ji cheng	6
嘉业藏书楼	jia ye cang shu lou	1
嘉业阳光城	jia ye yang guang cheng	5
嘉丰新城	jia feng xin cheng	3
嘉乐泉乡	jia le quan xiang	5
嘉乐镇	jia le zhen	2
嘉会镇	jia hui zhen	2
嘉信城市花园	jia xin cheng shi hua yuan	2
嘉兴一中	jia xing yi zhong	3
嘉兴二院	jia xing er yuan	4
嘉兴大剧院	jia xing da ju yuan	6
嘉兴学院医学院	jia xing xue yuan yi xue yuan	3
嘉兴市委党校	jia xing shi wei dang xiao	4
嘉兴服务区	jia xing fu wu qu	1
嘉兴职业技术学院	jia xing zhi ye ji shu xue yuan	2
嘉兴路	jia xing lu	41
嘉凤公路	jia feng gong lu	3
嘉利坊	jia li fang	3
嘉北	jia bei	11
嘉华大桥	jia hua da qiao	3
嘉华小区	jia hua xiao qu	4
嘉华苑	jia hua yuan	4
嘉南公寓	jia nan gong yu	3
嘉园	jia yuan	43
嘉园一里	jia yuan yi li	5
嘉园三里	jia yuan san li	5
嘉园三里北	jia yuan san li bei	3
嘉园东	jia yuan dong	9
嘉园二里东门	jia yuan er li dong men	3
嘉园二里南门	jia yuan er li nan men	3
嘉园二里西门	jia yuan er li xi men	3
嘉定山公园	jia ding shan gong yuan	1
嘉宾路	jia bin lu	8
嘉尔嘎勒赛汉镇	jia er ga le sai han zhen	1
嘉山	jia shan	23
嘉山县	jia shan xian	6
嘉峪关路街道	jia yu guan lu jie dao	6
嘉川路	jia chuan lu	3
嘉年华城堡	jia nian hua cheng bao	3
嘉德园小区	jia de yuan xiao qu	3
嘉排村	jia pai cun	2
嘉泽	jia ze	7
嘉滨路	jia bin lu	8
嘉盛苑	jia sheng yuan	10
嘉盛路	jia sheng lu	2
嘉禾北京城	jia he bei jing cheng	3
嘉禾国际	jia he guo ji	1
嘉禾桥	jia he qiao	3
嘉禾花苑	jia he hua yuan	2
嘉禾苑	jia he yuan	4
嘉禾路	jia he lu	11
嘉绿名苑	jia lv ming yuan	3
嘉绿苑	jia lv yuan	1
嘉绿苑西	jia lv yuan xi	2
嘉节	jia jie	6
嘉荫	jia yin	46
嘉铭园	jia ming yuan	5
嘉陵乡	jia ling xiang	2
嘉陵村	jia ling cun	2
嘉陵江大桥	jia ling jiang da qiao	11
嘉陵道	jia ling dao	3
嘉雨路	jia yu lu	8
嘉顺花园	jia shun hua yuan	2
嘉黎	jia li	30
嘎东镇	ga dong zhen	4
嘎什根乡	ga shi gen xiang	3
嘎呀河	ga ya he	4
嘎嘎胡同	ga ga hu tong	2
嘎塔乡	ga ta xiang	4
嘎措乡	ga cuo xiang	4
嘎木乡	ga mu xiang	3
嘎玛乡	ga ma xiang	2
嘎玛贡桑街道	ga ma gong sang jie dao	2
嘎美乡	ga mei xiang	2
嘎达苏种畜场	ga da su zhong chu chang	3
嘴头镇	zui tou zhen	2
嘶塘	si tang	3
四一九医院	si yi jiu yi yuan	1
四三	si san	8
四三医院	si san yi yuan	2
四丰	si feng	5
四会县	si hui xian	16
四会市	si hui shi	34
四元桥东	si yuan qiao dong	1
四元桥西	si yuan qiao xi	3
四农场	si nong chang	10
四分场	si fen chang	9
四医院	si yi yuan	35
四医院社区	si yi yuan she qu	2
四十七中学	si shi qi zhong xue	1
四十中	si shi zhong	7
四十亩	si shi mu	6
四十八中	si shi ba zhong	3
四十六中学	si shi liu zhong xue	4
四十户乡	si shi hu xiang	4
四十里梁镇	si shi li liang zhen	2
四厂	si chang	47
四号大街五号路口	si hao da jie wu hao lu kou	3
四号桥	si hao qiao	11
四司村	si si cun	2
四各庄村	si ge zhuang cun	3
四合庄	si he zhuang	2
四合新村	si he xin cun	3
四合村委会	si he cun wei hui	4
四合村村委会	si he cun cun wei hui	3
四同	si tong	9
四员厅居委会	si yuan ting ju wei hui	3
四和村	si he cun	1
四喜凉亭	si xi liang ting	3
四圣祠街	si sheng ci jie	4
四圩	si wei	1
四埠	si bu	4
四境	si jing	8
四境社区	si jing she qu	2
四大寨乡	si da zhai xiang	3
四大队	si da dui	20
四女寺	si nv si	2
四季东巷	si ji dong xiang	5
四季屯村	si ji tun cun	4
四季新城	si ji xin cheng	3
四季星座	si ji xing zuo	4
四季美景社区	si ji mei jing she qu	4
四季花城	si ji hua cheng	1
四季阳光	si ji yang guang	2
四季青桥东	si ji qing qiao dong	3
四季青桥北	si ji qing qiao bei	3
四季青桥南	si ji qing qiao nan	1
四季青桥西	si ji qing qiao xi	3
四季青特色街	si ji qing te se jie	2
四季香山小区	si ji xiang shan xiao qu	1
四安	si an	4
四家子	si jia zi	15
四家庄	si jia zhuang	4
四家村	si jia cun	2
四寨镇	si zhai zhen	1
四岔口乡	si cha kou xiang	3
四川中路	si chuan zhong lu	7
四川北路	si chuan bei lu	46
四川北路天潼路	si chuan bei lu tian tong lu	2
四川北路山阴路	si chuan bei lu shan yin lu	2
四川大厦	si chuan da sha	5
四川省达县	si chuan sheng da xian	7
四川路	si chuan lu	41
四川郫县犀浦镇	si chuan pi xian xi pu zhen	2
四平东道	si ping dong dao	3
四平西道	si ping xi dao	3
四平道	si ping dao	2
四庄村	si zhuang cun	2
四得公园	si de gong yuan	3
四总	si zong	5
四惠东站	si hui dong zhan	1
四惠桥	si hui qiao	2
四惠桥西	si hui qiao xi	5
四惠站	si hui zhan	7
四房村	si fang cun	4
四拨子	si bo zi	1
四教	si jiao	38
四新农场	si xin nong chang	4
四方坪	si fang ping	4
四方堰	si fang yan	5
四方塘	si fang tang	6
四方新村	si fang xin cun	7
四方村	si fang cun	1
四方桥西	si fang qiao xi	4
四方溪乡	si fang xi xiang	5
四方石	si fang shi	4
四方碑	si fang bei	4
四方站	si fang zhan	4
四明路	si ming lu	1
四根旗杆	si gen qi gan	3
四棵乡	si ke xiang	3
四池	si chi	6
四洼乡	si wa xiang	4
四海桥	si hai qiao	1
四海花园	si hai hua yuan	6
四海路	si hai lu	1
四清河	si qing he	2
四渡	si du	17
四港	si gang	5
四湾	si wan	9
四潭沟村	si tan gou cun	2
四环胡同	si huan hu tong	4
四甘普乡	si gan pu xiang	2
四甲村	si jia cun	6
四画	si hua	5
四皓乡	si hao xiang	2
四眼井	si yan jing	13
四眼井胡同	si yan jing hu tong	2
四知	si zhi	11
四福巷	si fu xiang	1
四窝铺村	si wo pu cun	2
四经路	si jing lu	4
四美	si mei	9
四美塘	si mei tang	8
四联村	si lian cun	2
四街坊	si jie fang	6
四褐山	si he shan	4
四褐山区	si he shan qu	1
四角楼	si jiao lou	12
四路通	si lu tong	3
四达路	si da lu	4
四运司	si yun si	4
四运集团	si yun ji tuan	4
四通市场	si tong shi chang	2
四通桥东	si tong qiao dong	1
四通桥南	si tong qiao nan	1
四通桥西	si tong qiao xi	1
四通达	si tong da	3
四通达乡	si tong da xiang	2
四道口	si dao kou	15
四道口东	si dao kou dong	4
四道口北	si dao kou bei	3
四道口南	si dao kou nan	2
四道桥	si dao qiao	5
四道街	si dao jie	14
四都坪	si du ping	3
四都坪乡	si du ping xiang	4
四都村	si du cun	4
四里庄	si li zhuang	1
四里村	si li cun	6
四里营村	si li ying cun	2
四铺	si pu	13
四间房村	si jian fang cun	5
四青街道	si qing jie dao	2
四面山	si mian shan	18
四顷三村	si qing san cun	2
四马	si ma	7
四马路	si ma lu	14
四黄	si huang	6
四黄村	si huang cun	2
回兴	hui xing	26
回北村	hui bei cun	2
回南家园	hui nan jia yuan	1
回南村	hui nan cun	3
回回营	hui hui ying	15
回坪乡	hui ping xiang	2
回小	hui xiao	9
回收仓库	hui shou cang ku	5
回族镇	hui zu zhen	6
回林乡	hui lin xiang	4
回民中学	hui min zhong xue	11
回民公墓	hui min gong mu	3
回民区交警大队	hui min qu jiao jing da dui	1
回民区政府	hui min qu zheng fu	1
回民小学	hui min xiao xue	17
回民村	hui min cun	2
回民果园	hui min guo yuan	3
回民营	hui min ying	4
回澜阁	hui lan ge	1
回王陵	hui wang ling	5
回龙场乡	hui long chang xiang	3
回龙埔	hui long bu	7
回龙寺	hui long si	10
回龙山	hui long shan	7
回龙村	hui long cun	5
回龙桥	hui long qiao	1
回龙河办事处	hui long he ban shi chu	3
回龙湾村	hui long wan cun	3
回龙观东大街	hui long guan dong da jie	3
回龙观东站	hui long guan dong zhan	4
回龙观北站	hui long guan bei zhan	4
回龙观医院	hui long guan yi yuan	2
回龙观地区	hui long guan di qu	2
回龙观城北市场	hui long guan cheng bei shi chang	6
回龙观小区	hui long guan xiao qu	6
回龙观小区东站	hui long guan xiao qu dong zhan	2
回龙观第二小学	hui long guan di er xiao xue	3
回龙观西大街	hui long guan xi da jie	1
因村镇	yin cun zhen	5
团乐村	tuan le cun	2
团乡村	tuan xiang cun	3
团华村	tuan hua cun	2
团园	tuan yuan	2
团坝乡	tuan ba xiang	2
团坝镇	tuan ba zhen	2
团城山	tuan cheng shan	6
团城山街道	tuan cheng shan jie dao	3
团埠村	tuan bu cun	2
团安村	tuan an cun	5
团山	tuan shan	9
团山子	tuan shan zi	7
团岛	tuan dao	23
团岛湾	tuan dao wan	1
团市委	tuan shi wei	41
团庄村	tuan zhuang cun	4
团柏乡	tuan bai xiang	4
团桂路口	tuan gui lu kou	2
团河农场	tuan he nong chang	1
团河北村	tuan he bei cun	5
团河南村	tuan he nan cun	2
团河村	tuan he cun	3
团河行宫	tuan he xing gong	6
团河路	tuan he lu	3
团河路北口	tuan he lu bei kou	1
团河路口	tuan he lu kou	2
团河路西口	tuan he lu xi kou	2
团泊镇	tuan bo zhen	2
团结东路	tuan jie dong lu	8
团结中路	tuan jie zhong lu	1
团结公交站	tuan jie gong jiao zhan	2
团结南路	tuan jie nan lu	2
团结市场	tuan jie shi chang	3
团结村路	tuan jie cun lu	3
团结湖	tuan jie hu	31
团结湖公园	tuan jie hu gong yuan	1
团结湖北口	tuan jie hu bei kou	4
团结湖路	tuan jie hu lu	6
团结湖路北口	tuan jie hu lu bei kou	3
团结街	tuan jie jie	11
团结西路	tuan jie xi lu	7
团结路	tuan jie lu	26
团结路口	tuan jie lu kou	1
团结路天桥	tuan jie lu tian qiao	3
团结路派出所	tuan jie lu pai chu suo	8
团风	tuan feng	23
团黄公路	tuan huang gong lu	3
团龙	tuan long	7
园丁公寓	yuan ding gong yu	2
园丁小区	yuan ding xiao qu	8
园丁新村	yuan ding xin cun	4
园东花园	yuan dong hua yuan	1
园中花园	yuan zhong hua yuan	4
园中苑	yuan zhong yuan	3
园中路	yuan zhong lu	10
园北	yuan bei	10
园区总站	yuan qu zong zhan	3
园南三村	yuan nan san cun	2
园南新村	yuan nan xin cun	3
园坂村	yuan ban cun	1
园墩	yuan dun	2
园子岔乡	yuan zi cha xiang	4
园宏胡同	yuan hong hu tong	2
园山	yuan shan	39
园山东	yuan shan dong	2
园山仔	yuan shan zai	2
园岭	yuan ling	7
园岭东路	yuan ling dong lu	4
园岭中路	yuan ling zhong lu	4
园岭仔	yuan ling zai	3
园岭市场	yuan ling shi chang	2
园岭林场	yuan ling lin chang	3
园岭西路	yuan ling xi lu	4
园底	yuan di	3
园明新园	yuan ming xin yuan	1
园景胡同	yuan jing hu tong	3
园林场	yuan lin chang	2
园林基地	yuan lin ji di	6
园林处苗圃	yuan lin chu miao pu	2
园林大酒店	yuan lin da jiu dian	3
园林村	yuan lin cun	7
园林西	yuan lin xi	4
园林路	yuan lin lu	25
园林路南	yuan lin lu nan	2
园田队	yuan tian dui	2
园美	yuan mei	5
园美村	yuan mei cun	3
园艺厂	yuan yi chang	3
园艺村	yuan yi cun	1
园艺研究所	yuan yi yan jiu suo	1
园艺路	yuan yi lu	5
园荫道	yuan yin dao	2
园长江	yuan chang jiang	4
围仔	wei zai	15
围内	wei nei	37
围垦指挥部	wei ken zhi hui bu	5
围堤道	wei di dao	4
围墙巷	wei qiang xiang	6
围头村	wei tou cun	4
围子里	wei zi li	1
围寨	wei zhai	5
围田	wei tian	3
围肚	wei du	4
围里	wei li	8
固义	gu yi	5
固原县	gu yuan xian	28
固县乡	gu xian xiang	3
固安工业园区	gu an gong ye yuan qu	6
固安汽车站	gu an qi che zhan	3
固贤乡	gu xian xiang	2
固阳	gu yang	38
固院村	gu yuan cun	2
国京路	guo jing lu	3
国付	guo fu	3
国信嘉园	guo xin jia yuan	5
国光路	guo guang lu	44
国兴胡同	guo xing hu tong	2
国兴路	guo xing lu	4
国内旅客列车	guo nei lv ke lie che	3
国华纪念中学	guo hua ji nian zhong xue	7
国合公司	guo he gong si	4
国和一村	guo he yi cun	3
国和新村	guo he xin cun	2
国和路	guo he lu	1
国土资源局	guo tu zi yuan ju	34
国太桥乡	guo tai qiao xiang	4
国威路	guo wei lu	6
国学巷	guo xue xiang	1
国学胡同	guo xue hu tong	3
国定路	guo ding lu	15
国家体育总局社区	guo jia ti yu zong ju she qu	3
国家体育馆	guo jia ti yu guan	19
国家工商总局	guo jia gong shang zong ju	23
国家沟	guo jia gou	4
国家高级教育行政学院	guo jia gao ji jiao yu xing zheng xue yuan	4
国寿大厦	guo shou da sha	1
国展中心	guo zhan zhong xin	6
国庆新村	guo qing xin cun	5
国庆路	guo qing lu	13
国强路	guo qiang lu	6
国投电厂	guo tou dian chang	3
国旺社区	guo wang she qu	2
国旺胡同	guo wang hu tong	4
国有林场管理局	guo you lin chang guan li ju	5
国权北路	guo quan bei lu	4
国权路	guo quan lu	2
国林宾馆	guo lin bin guan	3
国棉一厂	guo mian yi chang	2
国棉七厂	guo mian qi chang	2
国棉三厂	guo mian san chang	3
国棉二厂	guo mian er chang	7
国棉五六厂	guo mian wu liu chang	2
国棉五厂	guo mian wu chang	5
国棉六厂	guo mian liu chang	14
国棉十七厂	guo mian shi qi chang	4
国棉四厂	guo mian si chang	4
国泰商场	guo tai shang chang	5
国泰大酒店	guo tai da jiu dian	4
国泰花园	guo tai hua yuan	2
国泰路	guo tai lu	22
国盛道	guo sheng dao	2
国祥胡同	guo xiang hu tong	4
国美第一城小区	guo mei di yi cheng xiao qu	5
国胜	guo sheng	22
国茂大酒店	guo mao da jiu dian	3
国营三江农场	guo ying san jiang nong chang	3
国营东兴农场	guo ying dong xing nong chang	4
国营东升农场	guo ying dong sheng nong chang	2
国营东和农场	guo ying dong he nong chang	4
国营东太农场	guo ying dong tai nong chang	3
国营东平农场	guo ying dong ping nong chang	2
国营东方红农场	guo ying dong fang hong nong chang	2
国营东昌农场	guo ying dong chang nong chang	3
国营东红农场	guo ying dong hong nong chang	4
国营东路农场	guo ying dong lu nong chang	2
国营中坤农场	guo ying zhong kun nong chang	4
国营中建农场	guo ying zhong jian nong chang	3
国营中瑞农场	guo ying zhong rui nong chang	3
国营乌石农场	guo ying wu shi nong chang	1
国营乐光农场	guo ying le guang nong chang	3
国营保国农场	guo ying bao guo nong chang	3
国营八一农场	guo ying ba yi nong chang	1
国营公爱农场	guo ying gong ai nong chang	2
国营农牧场	guo ying nong mu chang	1
国营加钗农场	guo ying jia chai nong chang	3
国营南俸农场	guo ying nan feng nong chang	3
国营南吕农场	guo ying nan lv nong chang	2
国营南岛农场	guo ying nan dao nong chang	3
国营南平农场	guo ying nan ping nong chang	1
国营南新农场	guo ying nan xin nong chang	3
国营南林农场	guo ying nan lin nong chang	2
国营南滨农场	guo ying nan bin nong chang	3
国营南田农场	guo ying nan tian nong chang	3
国营南阳农场	guo ying nan yang nong chang	2
国营大岭农场	guo ying da ling nong chang	2
国营太平农场	guo ying tai ping nong chang	3
国营山荣农场	guo ying shan rong nong chang	3
国营岭门农场	guo ying ling men nong chang	3
国营广坝农场	guo ying guang ba nong chang	3
国营敦煌农场	guo ying dun huang nong chang	3
国营新中农场	guo ying xin zhong nong chang	4
国营新洋农场	guo ying xin yang nong chang	2
国营新盈农场	guo ying xin ying nong chang	3
国营林场	guo ying lin chang	16
国营桂林洋农场	guo ying gui lin yang nong chang	4
国营浩特陶海牧场	guo ying hao te tao hai mu chang	2
国营牧场	guo ying mu chang	6
国营畅好农场	guo ying chang hao nong chang	3
国营红光农场	guo ying hong guang nong chang	4
国营红华农场	guo ying hong hua nong chang	4
国营红岗农场	guo ying hong gang nong chang	2
国营红岭农场	guo ying hong ling nong chang	2
国营红林农场	guo ying hong lin nong chang	3
国营罗豆农场	guo ying luo dou nong chang	3
国营芙蓉田农场	guo ying fu rong tian nong chang	2
国营蓝洋农场	guo ying lan yang nong chang	3
国营西培农场	guo ying xi pei nong chang	3
国营西庆农场	guo ying xi qing nong chang	3
国营西流农场	guo ying xi liu nong chang	2
国营西联农场	guo ying xi lian nong chang	4
国营西达农场	guo ying xi da nong chang	2
国营邦溪农场	guo ying bang xi nong chang	3
国营金安农场	guo ying jin an nong chang	2
国营长征农场	guo ying chang zheng nong chang	3
国营阳江农场	guo ying yang jiang nong chang	4
国营马场	guo ying ma chang	4
国营龙山农场	guo ying long shan nong chang	3
国货路	guo huo lu	9
国贸中心	guo mao zhong xin	7
国贸大厦	guo mao da sha	7
国贸宾馆	guo mao bin guan	5
国通大厦	guo tong da sha	4
国通物流城	guo tong wu liu cheng	6
国道路口	guo dao lu kou	1
国都公寓	guo du gong yu	5
国防公路	guo fang gong lu	2
国防大厦	guo fang da sha	1
国防教育中心	guo fang jiao yu zhong xin	6
国防路	guo fang lu	7
国际企业中心	guo ji qi ye zhong xin	4
国际商业城	guo ji shang ye cheng	6
国际商学院	guo ji shang xue yuan	29
国际大酒店	guo ji da jiu dian	25
国际学术交流中心	guo ji xue shu jiao liu zhong xin	1
国际家	guo ji jia	8
国际展览中心	guo ji zhan lan zhong xin	42
国际经贸园区	guo ji jing mao yuan qu	3
国际网球中心	guo ji wang qiu zhong xin	12
国际航空港	guo ji hang kong gang	1
国际花园	guo ji hua yuan	16
国际饭店西门	guo ji fan dian xi men	2
国顺东路	guo shun dong lu	2
国顺路	guo shun lu	6
图们市	tu men shi	6
图布信苏木	tu bu xin su mu	3
图木舒克市	tu mu shu ke shi	16
图木舒克市区	tu mu shu ke shi qu	3
图木舒克市永安坝	tu mu shu ke shi yong an ba	1
图牧吉镇	tu mu ji zhen	3
图美	tu mei	6
图门路	tu men lu	1
圆墩	yuan dun	11
圆德	yuan de	4
圆恩寺社区	yuan en si she qu	4
圆明园东路	yuan ming yuan dong lu	5
圆明园东门	yuan ming yuan dong men	1
圆明园公园	yuan ming yuan gong yuan	7
圆明园南门	yuan ming yuan nan men	6
圆明山庄	yuan ming shan zhuang	3
圆明新园	yuan ming xin yuan	11
圆梦园	yuan meng yuan	1
圆梦花园	yuan meng hua yuan	3
圆清路北口	yuan qing lu bei kou	2
圆潭	yuan tan	11
圆通庵	yuan tong an	3
圈刘村	quan liu cun	2
圉镇镇	yu zhen zhen	1
土井村西口	tu jing cun xi kou	3
土儿胡同	tu er hu tong	1
土古洞村	tu gu dong cun	2
土园	tu yuan	2
土地前	tu di qian	1
土地后	tu di hou	33
土地围	tu di wei	1
土地坡	tu di po	4
土地岭	tu di ling	6
土地梁	tu di liang	2
土场	tu chang	13
土坑村	tu keng cun	1
土坝子	tu ba zi	2
土坝孜	tu ba zi	2
土坝孜街道	tu ba zi jie dao	3
土型	tu xing	3
土型村	tu xing cun	1
土城头	tu cheng tou	8
土城子	tu cheng zi	36
土城子村	tu cheng zi cun	1
土城子满族朝鲜族乡	tu cheng zi man zu chao xian zu xiang	2
土城子街道	tu cheng zi jie dao	3
土城市	tu cheng shi	6
土堤村	tu di cun	3
土山村	tu shan cun	3
土岭	tu ling	5
土布加乡	tu bu jia xiang	4
土庄	tu zhuang	3
土庙子村	tu miao zi cun	2
土桥新村	tu qiao xin cun	3
土沟	tu gou	9
土沟乡	tu gou xiang	2
土洋村	tu yang cun	5
土湾	tu wan	1
土特产品市场	tu te chan pin shi chang	4
土直	tu zhi	2
土羊	tu yang	5
土老肥	tu lao fei	3
土贵乌拉乡	tu gui wu la xiang	2
土遁	tu dun	19
土门关乡	tu men guan xiang	4
土门商厦	tu men shang sha	4
土门大桥	tu men da qiao	2
土门新市场	tu men xin shi chang	5
土龙山镇	tu long shan zhen	1
土龙路口	tu long lu kou	6
圣劳拉	sheng lao la	1
圣基尔达岛	sheng ji er da dao	1
圣墓	sheng mu	44
圣寿寺	sheng shou si	6
圣水南大街	sheng shui nan da jie	2
圣水峪乡	sheng shui yu xiang	3
圣淘沙花城	sheng tao sha hua cheng	2
圣湖	sheng hu	41
圣湖社区	sheng hu she qu	3
圣灯	sheng deng	10
圣芭芭拉	sheng ba ba la	16
圣贤道	sheng xian dao	1
圣音寺	sheng yin si	2
在坳	zai ao	4
在城镇	zai cheng zhen	14
圩仔	wei zi	4
圩塘	wei tang	4
圩墩新村	wei dun xin cun	2
圪垱店乡	ge dang dian xiang	1
圪塔头村	ge ta tou cun	1
圪塔村	ge ta cun	4
圪达上乡	ge da shang xiang	2
圭塘	gui tang	4
圭塘路	gui tang lu	7
地主爷	di zhu ye	5
地兴居	di xing ju	3
地区一农场	di qu yi nong chang	3
地区实验林场	di qu shi yan lin chang	5
地区种牛场	di qu zhong niu chang	3
地坛东门	di tan dong men	5
地坛西门	di tan xi men	7
地坪	di ping	32
地州乡	di zhou xiang	3
地巫乡	di wu xiang	2
地毯厂	di tan chang	4
地毯厂路	di tan chang lu	3
地洛乡	di luo xiang	3
地湖	di hu	3
地王大厦	di wang da sha	10
地税局	di shui ju	20
地窝堡	di wo pu	28
地纬路	di wei lu	2
地莫乡	di mo xiang	3
地藏庵	di zang an	33
地调处	di diao chu	2
地质大队	di zhi da dui	17
地质宫	di zhi gong	14
地质社区	di zhi she qu	5
地质队	di zhi dui	16
地铁八宝山站	di tie ba bao shan zhan	7
地铁苹果园站	di tie ping guo yuan zhan	6
地铁莘庄站	di tie xin zhuang zhan	3
圳上村	zhen shang cun	2
圳下	zhen xia	1
圳下村	zhen xia cun	2
场东	chang dong	6
场中路	chang zhong lu	11
场坝镇	chang ba zhen	3
场联路	chang lian lu	2
场西	chang xi	7
场部	chang bu	10
坂中	ban zhong	7
坂仔	ban zi	1
坂头	ban tou	1
坂头村	ban tou cun	4
坂头社区	ban tou she qu	3
坂田工业区	ban tian gong ye qu	3
坂田村	ban tian cun	1
坂田村委	ban tian cun wei	3
坂田汽车站	ban tian qi che zhan	5
均利广场	jun li guang chang	4
均县	jun xian	6
均安中学	jun an zhong xue	4
均安交通中心	jun an jiao tong zhong xin	7
均安医院	jun an yi yuan	5
均安牛仔	jun an niu zi	6
均安镇政府	jun an zhen zheng fu	5
均昌	jun chang	2
坊上	fang shang	15
坊前	fang qian	5
坊前村	fang qian cun	1
坊城	fang cheng	10
坊安	fang an	2
坊安街道	fang an jie dao	2
坊脚	fang jiao	3
坊脚村	fang jiao cun	2
坎头	kan tou	3
坎尔孜乡	kan er zi xiang	4
坎布里奇	kan bu li qi	6
坎底	kan di	9
坎苏乡	kan su xiang	5
坎西	kan xi	34
坑下	keng xia	8
坑东村	keng dong cun	3
坑仔	keng zai	27
坑仔口	keng zai kou	2
坑仔尾	keng zai wei	2
坑仔底	keng zai di	3
坑仔底村	keng zai di cun	2
坑内村	keng nei cun	3
坑南	keng nan	4
坑南村	keng nan cun	3
坑口村	keng kou cun	17
坑园	keng yuan	1
坑头	keng tou	14
坑头村	keng tou cun	9
坑头社区	keng tou she qu	2
坑尾	keng wei	6
坑尾村	keng wei cun	11
坑梓镇	keng zi zhen	1
坑背	keng bei	4
坑螺	keng luo	2
坑角	keng jiao	3
坑边村	keng bian cun	1
坑黄	keng huang	2
坚木克尔街道	jian mu ke er jie dao	2
坛下乡	tan xia xiang	4
坛山	tan shan	5
坛神庙	tan shen miao	3
坛顶	tan ding	3
坝下	ba xia	6
坝下村	ba xia cun	4
坝东	ba dong	4
坝仔	ba zai	2
坝南	ba nan	4
坝头村	ba tou cun	2
坝子村	ba zi cun	3
坝子街	ba zi jie	1
坝子里	ba zi li	3
坝底村	ba di cun	3
坝心	ba xin	6
坝接桥	ba jie qiao	2
坝桥	ba qiao	9
坝梁	ba liang	4
坝河	ba he	19
坝田	ba tian	4
坝田村	ba tian cun	2
坝营镇	ba ying zhen	1
坝街乡	ba jie xiang	2
坝里	ba li	6
坝陵桥	ba ling qiao	2
坝陵桥街道	ba ling qiao jie dao	4
坝陵街道	ba ling jie dao	3
坝首	ba shou	8
坞城街道	wu cheng jie dao	7
坞城路	wu cheng lu	6
坟上村	fen shang cun	4
坡上村	po shang cun	1
坡下	po xia	25
坡仔	po zai	2
坡刘村	po liu cun	1
坡坑	po keng	2
坡塘	po tang	3
坡头	po tou	36
坡子	po zi	10
坡子街	po zi jie	46
坡底街道	po di jie dao	3
坡李村	po li cun	2
坡楼	po lou	4
坡脚镇	po jiao zhen	2
坡荷乡	po he xiang	3
坡角	po jiao	7
坡面	po mian	34
坤和	kun he	38
坤和山水人家	kun he shan shui ren jia	2
坤地	kun di	3
坤平乡	kun ping xiang	2
坤洲	kun zhou	2
坦克博物馆	tan ke bo wu guan	15
坦埠	tan bu	6
坦塘	tan tang	1
坦头	tan tou	5
坦洲路口	tan zhou lu kou	4
坦西	tan xi	14
坦西村	tan xi cun	4
坨里	tuo li	4
坨院街道	tuo yuan jie dao	1
坪上	ping shang	21
坪下	ping xia	5
坪乐乡	ping le xiang	2
坪坑	ping keng	5
坪塔	ping ta	4
坪塘	ping tang	5
坪头乡	ping tou xiang	3
坪定乡	ping ding xiang	2
坪山社区	ping shan she qu	6
坪岭	ping ling	6
坪巷	ping xiang	7
坪庄乡	ping zhuang xiang	3
坪林乡	ping lin xiang	2
坪水	ping shui	1
坪沟乡	ping gou xiang	3
坪溪村	ping xi cun	3
坪田	ping tian	16
坪营	ping ying	1
坪里	ping li	28
坭坝乡	ni ba xiang	2
坭美彝族乡	ni mei yi zu xiang	3
坭金镇	ni jin zhen	3
坳上	ao shang	3
坳下	ao xia	6
坳头村	ao tou cun	6
坳背	ao bei	7
坳里	ao li	2
坳里乡	ao li xiang	3
垂杨柳	chui yang liu	9
垂杨柳西里社区	chui yang liu xi li she qu	3
垂柳路	chui liu lu	4
垂虹公园	chui hong gong yuan	5
垂虹路	chui hong lu	4
垄下	long xia	4
垄溪乡	long xi xiang	4
垅下	long xia	4
型厝村	xing cuo cun	2
垌冢镇	dong zhong zhen	3
垟儿路	yang er lu	6
垟儿路口	yang er lu kou	5
垟山	yang shan	3
垡上	fa shang	4
垡头	fa tou	4
垡头南站	fa tou nan zhan	3
垡头市场	fa tou shi chang	4
垡头桥西	fa tou qiao xi	3
垦利	ken li	19
垦牧	ken mu	4
垮沙乡	kua sha xiang	3
垵口乡	an kou xiang	4
埌南镇	lang nan zhen	3
城上村	cheng shang cun	4
城东乡政府	cheng dong xiang zheng fu	3
城东体育中心	cheng dong ti yu zhong xin	2
城东办事处	cheng dong ban shi chu	3
城东大道	cheng dong da dao	5
城东客运中心	cheng dong ke yun zhong xin	7
城东村	cheng dong cun	10
城东汽车城	cheng dong qi che cheng	3
城东汽车站	cheng dong qi che zhan	4
城东路口	cheng dong lu kou	1
城中南	cheng zhong nan	3
城中花园	cheng zhong hua yuan	4
城仔	cheng zai	8
城关小学	cheng guan xiao xue	7
城关镇政府	cheng guan zhen zheng fu	8
城内市场	cheng nei shi chang	4
城内街道	cheng nei jie dao	1
城内路	cheng nei lu	2
城前村	cheng qian cun	3
城北一路	cheng bei yi lu	1
城北二路	cheng bei er lu	3
城北大桥	cheng bei da qiao	4
城北客运站	cheng bei ke yun zhan	3
城北幼儿园	cheng bei you er yuan	5
城北开发区	cheng bei kai fa qu	5
城北新村	cheng bei xin cun	4
城北村	cheng bei cun	16
城北村委会	cheng bei cun wei hui	4
城北桥	cheng bei qiao	6
城北街	cheng bei jie	3
城北路	cheng bei lu	10
城北路街道	cheng bei lu jie dao	2
城区办事处	cheng qu ban shi chu	6
城区管理委员会	cheng qu guan li wei yuan hui	4
城南二村	cheng nan er cun	3
城南公园	cheng nan gong yuan	5
城南分社	cheng nan fen she	2
城南办事处	cheng nan ban shi chu	5
城南区	cheng nan qu	8
城南医院	cheng nan yi yuan	1
城南嘉园	cheng nan jia yuan	5
城南嘉园北	cheng nan jia yuan bei	5
城南大道	cheng nan da dao	1
城南客运站	cheng nan ke yun zhan	11
城南家园北	cheng nan jia yuan bei	2
城南市场	cheng nan shi chang	7
城南开发区	cheng nan kai fa qu	6
城南新区	cheng nan xin qu	14
城南村	cheng nan cun	14
城南村委会	cheng nan cun wei hui	4
城南花园	cheng nan hua yuan	2
城南街道办事处	cheng nan jie dao ban shi chu	1
城南路	cheng nan lu	15
城厢东路	cheng xiang dong lu	3
城厢中路	cheng xiang zhong lu	3
城厢西路	cheng xiang xi lu	2
城口社区	cheng kou she qu	3
城台乡	cheng tai xiang	1
城坊街口	cheng fang jie kou	3
城坡	cheng po	5
城坪	cheng ping	3
城埠	cheng bu	2
城墙岩	cheng qiang yan	3
城外村	cheng wai cun	4
城头村	cheng tou cun	1
城子河	cheng zi he	1
城守街	cheng shou jie	4
城寨乡	cheng zhai xiang	3
城山村	cheng shan cun	2
城巴总站	cheng ba zong zhan	5
城市之心	cheng shi zhi xin	9
城市假日广场	cheng shi jia ri guang chang	2
城市先锋	cheng shi xian feng	5
城市六环路	cheng shi liu huan lu	2
城市家园	cheng shi jia yuan	8
城市心境	cheng shi xin jing	1
城市花苑	cheng shi hua yuan	3
城市运动公园	cheng shi yun dong gong yuan	5
城市部落	cheng shi bu luo	6
城市阳光	cheng shi yang guang	6
城市院落	cheng shi yuan luo	3
城庄镇	cheng zhuang zhen	5
城康	cheng kang	4
城建东逸	cheng jian dong yi	1
城建四社区	cheng jian si she qu	3
城建大楼	cheng jian da lou	4
城建学院	cheng jian xue yuan	24
城建总公司	cheng jian zong gong si	1
城建新村	cheng jian xin cun	3
城建集团	cheng jian ji tuan	17
城开国际	cheng kai guo ji	3
城开家园	cheng kai jia yuan	4
城新	cheng xin	11
城标	cheng biao	5
城正街街道	cheng zheng jie jie dao	6
城步	cheng bu	26
城河	cheng he	32
城河村	cheng he cun	6
城港路	cheng gang lu	1
城监支队	cheng jian zhi dui	5
城站火车站	cheng zhan huo che zhan	8
城美	cheng mei	8
城西大桥	cheng xi da qiao	2
城西客运站	cheng xi ke yun zhan	3
城西小学	cheng xi xiao xue	2
城西工业园区	cheng xi gong ye yuan qu	5
城西村	cheng xi cun	7
城西村委会	cheng xi cun wei hui	4
城郊医院	cheng jiao yi yuan	4
城郊村	cheng jiao cun	1
城郊街	cheng jiao jie	3
城铁上地站	cheng tie shang di zhan	1
城铁五道口站	cheng tie wu dao kou zhan	2
城铁北苑站	cheng tie bei yuan zhan	6
城铁双桥站	cheng tie shuang qiao zhan	2
城铁回龙观站	cheng tie hui long guan zhan	5
城铁大钟寺站	cheng tie da zhong si zhan	3
城铁望京西站	cheng tie wang jing xi zhan	5
城铁柳芳站	cheng tie liu fang zhan	6
城铁梨园站	cheng tie li yuan zhan	4
城铁立水桥站	cheng tie li shui qiao zhan	4
城铁西二旗站	cheng tie xi er qi zhan	5
城铁西直门站	cheng tie xi zhi men zhan	3
城铁通州北苑站	cheng tie tong zhou bei yuan zhan	3
城铁霍营站	cheng tie huo ying zhan	5
城铁龙泽站	cheng tie long ze zhan	5
城门头	cheng men tou	1
城门派出所	cheng men pai chu suo	8
城门西	cheng men xi	5
城阳郡	cheng yang jun	39
城隍巷	cheng huang xiang	2
城隍庙街	cheng huang miao jie	5
城隍街	cheng huang jie	2
埔上	bu shang	4
埔南路	bu nan lu	2
埔头	bu tou	30
埔头村	bu tou cun	4
埔尾村	bu wei cun	10
埔当村	bu dang cun	2
埔心村	bu xin cun	6
埔田	bu tian	8
埔美	bu mei	3
埔边	bu bian	6
埔锦村	bu jin cun	2
埔顶	bu ding	43
埕头	cheng tou	1
埕边	cheng bian	1
埕边村	cheng bian cun	3
埝坛村	nian tan cun	3
埠上	bu shang	1
埠下	bu xia	3
埠南	bu nan	1
埠口	bu kou	2
埠子	bu zi	16
埠西	bu xi	2
埭头	dai tou	10
埭头村	dai tou cun	6
埭头社区	dai tou she qu	3
埭边村	dai bian cun	3
培丰	pei feng	5
培元桥	pei yuan qiao	6
培华学院	pei hua xue yuan	3
培新	pei xin	17
培新街	pei xin jie	2
培智胡同	pei zhi hu tong	3
培正路	pei zheng lu	3
培民	pei min	12
培福	pei fu	11
培育胡同	pei yu hu tong	4
培英中学	pei ying zhong xue	22
培英胡同	pei ying hu tong	3
培训餐厅	pei xun can ting	3
培黎街道	pei li jie dao	6
基场水族乡	ji chang shui zu xiang	2
基尾	ji wei	1
基建队	ji jian dui	6
基桩公司	ji zhuang gong si	3
基础公司	ji chu gong si	9
基础工业训练中心	ji chu gong ye xun lian zhong xin	6
基觉乡	ji jue xiang	2
堂子巷	tang zi xiang	1
堂子胡同	tang zi hu tong	4
堂李村	tang li cun	2
堂皇巷	tang huang xiang	3
堆北	dui bei	4
堆头	dui tou	5
堆纳乡	dui na xiang	3
堆齐牛录乡	dui qi niu lu xiang	4
堆龙德庆	dui long de qing	12
堌阳镇	gu yang zhen	5
堎底下镇	leng di xia zhen	3
堡头	bao tou	3
堡子坝乡	pu zi ba xiang	3
堡子里	bao zi li	1
堡子里街道	bao zi li jie dao	3
堡河	bao he	3
堤下街	di xia jie	3
堤北	di bei	7
堤南	di nan	3
堤南道	di nan dao	2
堤口街道	di kou jie dao	3
堤防所	di fang suo	1
堰口	yan kou	5
堰塘	yan tang	5
堰头	yan tou	2
堰头村	yan tou cun	2
堵格乡	du ge xiang	4
堽城镇	gang cheng zhen	1
塌山乡	ta shan xiang	3
塌水桥	ta shui qiao	1
塑料公司	su liao gong si	2
塑料厂	su liao chang	11
塑料城管委会	su liao cheng guan wei hui	3
塑机厂	su ji chang	1
塔上	ta shang	11
塔上村	ta shang cun	4
塔下	ta xia	11
塔下街社区	ta xia jie she qu	2
塔东村	ta dong cun	3
塔中	ta zhong	11
塔什库尔干	ta shi ku er gan	34
塔什库尔干乡	ta shi ku er gan xiang	1
塔什库尔干县	ta shi ku er gan xian	7
塔什库尔干镇	ta shi ku er gan zhen	3
塔什店	ta shi dian	7
塔什米里克乡	ta shi mi li ke xiang	3
塔儿村乡	ta er cun xiang	3
塔克拉玛干	ta ke la ma gan	18
塔克拉玛干大沙漠	ta ke la ma gan da sha mo	2
塔兜	ta dou	5
塔兜村	ta dou cun	5
塔公	ta gong	8
塔兴	ta xing	4
塔前	ta qian	9
塔前村	ta qian cun	3
塔吉乡	ta ji xiang	2
塔园村	ta yuan cun	4
塔城县	ta cheng xian	3
塔城市	ta cheng shi	18
塔埔	ta pu	4
塔塔尔	ta ta er	31
塔头	ta tou	39
塔子坝	ta zi ba	2
塔子城镇	ta zi cheng zhen	2
塔子山公园	ta zi shan gong yuan	5
塔寺	ta si	32
塔尔坡	ta er po	5
塔尔根镇	ta er gen zhen	3
塔尕尔其乡	ta ga er qi xiang	5
塔山公园	ta shan gong yuan	9
塔山市场	ta shan shi chang	3
塔山村	ta shan cun	1
塔山村委	ta shan cun wei	2
塔山西路	ta shan xi lu	1
塔岭	ta ling	1
塔崖驿乡	ta ya yi xiang	4
塔布勒合特蒙古民族乡	ta bu le he te meng gu min zu xiang	4
塔布赛乡	ta bu sai xiang	4
塔影新村	ta ying xin cun	3
塔影苑	ta ying yuan	3
塔拉沟	ta la gou	3
塔拉瓦	ta la wa	39
塔指	ta zhi	3
塔提让乡	ta ti rang xiang	6
塔格拉克牧场	ta ge la ke mu chang	4
塔棚乡	ta peng xiang	2
塔河乡	ta he xiang	3
塔泥乡	ta ni xiang	4
塔温敖宝镇	ta wen ao bao zhen	4
塔湾	ta wan	29
塔湾街	ta wan jie	7
塔湾镇	ta wan zhen	4
塔然高勒乡	ta ran gao le xiang	2
塔照村	ta zhao cun	1
塔瓦库勒乡	ta wa ku le xiang	1
塔石村	ta shi cun	7
塔石瑶族水族乡	ta shi yao zu shui zu xiang	2
塔管局	ta guan ju	4
塔营	ta ying	4
塔营村	ta ying cun	4
塔里木大学	ta li mu da xue	9
塔铺	ta pu	5
塔院小区南门	ta yuan xiao qu nan men	5
塔院干休所社区	ta yuan gan xiu suo she qu	2
塘上	tang shang	7
塘上村	tang shang cun	5
塘下村	tang xia cun	2
塘且乡	tang qie xiang	3
塘东	tang dong	5
塘东村	tang dong cun	6
塘九公路	tang jiu gong lu	3
塘冲村	tang chong cun	5
塘前	tang qian	2
塘北村	tang bei cun	5
塘南新村	tang nan xin cun	2
塘南村	tang nan cun	1
塘南路	tang nan lu	3
塘口	tang kou	18
塘口村	tang kou cun	2
塘口派出所	tang kou pai chu suo	3
塘后	tang hou	6
塘后村	tang hou cun	1
塘唇	tang chun	1
塘园	tang yuan	1
塘坊	tang fang	17
塘坑村	tang keng cun	1
塘坡	tang po	4
塘坳乡	tang ao xiang	2
塘头村	tang tou cun	1
塘子堰村	tang zi yan cun	5
塘家村	tang jia cun	4
塘家湾	tang jia wan	4
塘尾	tang wei	33
塘尾村	tang wei cun	3
塘尾街道	tang wei jie dao	3
塘工局	tang gong ju	6
塘市	tang shi	3
塘底	tang di	4
塘底乡	tang di xiang	1
塘朗村	tang lang cun	5
塘栖	tang qi	38
塘格木农场	tang ge mu nong chang	2
塘桥村	tang qiao cun	1
塘桥浦东南路	tang qiao pu dong nan lu	3
塘汇	tang hui	1
塘河新村	tang he xin cun	6
塘河村	tang he cun	1
塘沽开发区	tang gu kai fa qu	7
塘沽营口道	tang gu ying kou dao	5
塘沽路	tang gu lu	6
塘泾村	tang jing cun	2
塘湖	tang hu	30
塘湾	tang wan	15
塘湾村	tang wan cun	1
塘溪	tang xi	14
塘溪村	tang xi cun	4
塘窝	tang wo	6
塘红村	tang hong cun	2
塘美	tang mei	4
塘肚	tang du	4
塘背	tang bei	5
塘西	tang xi	21
塘西村	tang xi cun	5
塘西社区	tang xi she qu	3
塘角	tang jiao	8
塘边	tang bian	19
塘边村	tang bian cun	1
塘里	tang li	14
塘雅镇	tang ya zhen	3
塘面	tang mian	1
塘麻	tang ma	3
塞尔维亚和黑山	sai er wei ya he hei shan	44
塞德港	sai de gang	23
塬上	yuan shang	15
境港	jing gang	29
墉桥区	yong qiao qu	4
墙背	qiang bei	3
增产村	zeng chan cun	2
增产路	zeng chan lu	1
增产道	zeng chan dao	1
增光路	zeng guang lu	7
增光路东口	zeng guang lu dong kou	2
增光道	zeng guang dao	2
增坑	zeng keng	1
增坪	zeng ping	2
增城县	zeng cheng xian	15
增城市	zeng cheng shi	8
增子	zeng zi	12
增期乡	zeng qi xiang	2
增江街道	zeng jiang jie dao	4
增福村	zeng fu cun	4
墟镇	xu zhen	18
墨庄村	mo zhuang cun	2
墨江县	mo jiang xian	16
墨池坊	mo chi fang	4
墨竹工卡	mo zhu gong ka	13
墨脱镇	mo tuo zhen	4
墨镫乡	mo deng xiang	3
墨香山庄	mo xiang shan zhuang	6
墨香苑	mo xiang yuan	4
墩上镇	dun shang zhen	3
墩下	dun xia	6
墩中	dun zhong	6
墩买里街道	dun mai li jie dao	3
墩北	dun bei	1
墩南	dun nan	1
墩和	dun he	7
墩头	dun tou	7
墩子塘街道	dun zi tang jie dao	3
墩巴格乡	dun ba ge xiang	3
墩村	dun cun	30
墩背	dun bei	1
墩阔坦镇	dun kuo tan zhen	3
壤口乡	rang kou xiang	3
壤塘	rang tang	8
壤柯镇	rang ke zhen	2
士林镇	shi lin zhen	10
士英路	shi ying lu	4
壬庄乡	ren zhuang xiang	1
壮丁屯村	zhuang ding tun cun	3
壮溪乡	zhuang xi xiang	3
声东	sheng dong	4
壶中村	hu zhong cun	2
壶关	hu guan	43
壶觞	hu shang	4
壹公馆	yi gong guan	4
壹城	yi cheng	1
处仔	chu zai	2
复乐村	fu le cun	3
复兴一村	fu xing yi cun	5
复兴东路	fu xing dong lu	11
复兴东路外滩	fu xing dong lu wai tan	3
复兴中路	fu xing zhong lu	29
复兴中路马当路	fu xing zhong lu ma dang lu	4
复兴北苑	fu xing bei yuan	3
复兴南苑	fu xing nan yuan	5
复兴岛	fu xing dao	4
复兴岛公园	fu xing dao gong yuan	1
复兴庄	fu xing zhuang	1
复兴社区	fu xing she qu	4
复兴街	fu xing jie	6
复兴西路	fu xing xi lu	6
复兴路北口	fu xing lu bei kou	4
复兴路水西园	fu xing lu shui xi yuan	2
复兴里	fu xing li	22
复兴里街	fu xing li jie	3
复北社区	fu bei she qu	4
复南	fu nan	1
复县	fu xian	39
复地朗香别墅	fu di lang xiang bie shu	4
复康路	fu kang lu	2
夏东	xia dong	3
夏侯村	xia hou cun	2
夏口	xia kou	26
夏各庄村	xia ge zhuang cun	5
夏圩	xia wei	3
夏场	xia chang	4
夏坡	xia po	3
夏垫	xia dian	2
夏堡	xia bao	2
夏堡镇	xia bao zhen	3
夏如乡	xia ru xiang	2
夏宜瑶族乡	xia yi yao zu xiang	3
夏家冲	xia jia chong	5
夏家园	xia jia yuan	3
夏家巷	xia jia xiang	5
夏家庄	xia jia zhuang	7
夏家店街道	xia jia dian jie dao	4
夏家村	xia jia cun	7
夏家桥	xia jia qiao	3
夏家桥村	xia jia qiao cun	3
夏家河子海滨	xia jia he zi hai bin	3
夏家胡同	xia jia hu tong	8
夏家边	xia jia bian	3
夏屋	xia wu	3
夏庄	xia zhuang	28
夏庄村	xia zhuang cun	1
夏店	xia dian	7
夏日哈镇	xia ri ha zhen	4
夏日港湾	xia ri gang wan	4
夏桥	xia qiao	2
夏桥村	xia qiao cun	4
夏殿村	xia dian cun	5
夏泰	xia tai	3
夏津	xia jin	48
夏湾	xia wan	17
夏湾市场	xia wan shi chang	2
夏湾新村	xia wan xin cun	2
夏湾村	xia wan cun	1
夏溪	xia xi	1
夏溪乡	xia xi xiang	4
夏特柯尔克孜族乡	xia te ke er ke zi zu xiang	1
夏西	xia xi	7
夏邛镇	xia qiong zhen	5
夏镇	xia zhen	37
夏阳村	xia yang cun	2
夏集	xia ji	6
夏霖园	xia lin yuan	3
夕照寺	xi zhao si	4
夕照寺街北口	xi zhao si jie bei kou	3
夕照寺西里社区	xi zhao si xi li she qu	3
夕阳彝族乡	xi yang yi zu xiang	4
外乔司	wai qiao si	3
外事学院	wai shi xue yuan	38
外事学院北区	wai shi xue yuan bei qu	4
外交部街	wai jiao bu jie	2
外伶仃岛	wai ling ding dao	15
外坝	wai ba	1
外埔乡	wai bu xiang	35
外外	wai wai	40
外大桥	wai da qiao	4
外宅	wai zhai	6
外寨	wai zhai	2
外寨村	wai zhai cun	2
外山村	wai shan cun	2
外岙	wai ao	4
外庄村	wai zhuang cun	2
外文印刷厂	wai wen yin shua chang	1
外文印刷厂西门	wai wen yin shua chang xi men	4
外曾	wai zeng	7
外村公园	wai cun gong yuan	2
外沙	wai sha	14
外沟门乡	wai gou men xiang	4
外河	wai he	3
外浣花	wai huan hua	2
外湘春街	wai xiang chun jie	2
外炮村	wai pao cun	4
外环东路	wai huan dong lu	7
外环北路	wai huan bei lu	5
外环南路	wai huan nan lu	2
外环线	wai huan xian	38
外环西路	wai huan xi lu	6
外环路	wai huan lu	38
外环路站	wai huan lu zhan	7
外碧村	wai bi cun	3
外语大学社区	wai yu da xue she qu	2
外贸中心酒店	wai mao zhong xin jiu dian	5
外贸仓库	wai mao cang ku	5
外贸学校	wai mao xue xiao	6
外贸汽修厂	wai mao qi xiu chang	2
外贸物流	wai mao wu liu	7
外运司	wai yun si	3
外郎营村	wai lang ying cun	4
外铁铺巷	wai tie pu xiang	2
外馆斜街	wai guan xie jie	2
外高桥保税区	wai gao qiao bao shui qu	11
外龙	wai long	4
多伦路	duo lun lu	48
多伦道	duo lun dao	4
多儿乡	duo er xiang	4
多功乡	duo gong xiang	7
多却乡	duo que xiang	2
多哇乡	duo wa xiang	6
多宝寺	duo bao si	8
多宝路	duo bao lu	4
多宝路口	duo bao lu kou	5
多布扎乡	duo bu zha xiang	3
多彩乡	duo cai xiang	2
多彩商场	duo cai shang chang	3
多彩商城	duo cai shang cheng	6
多拉特乡	duo la te xiang	4
多松乡	duo song xiang	7
多浪农场	duo lang nong chang	5
多稼路	duo jia lu	3
多米尼克国	duo mi ni ke guo	3
多蓝水岸	duo lan shui an	5
多角乡	duo jiao xiang	2
多贡麻乡	duo gong ma xiang	4
夜个	ye ge	3
大万山岛	da wan shan dao	11
大下坡	da xia po	7
大世界商业广场	da shi jie shang ye guang chang	3
大世界家具广场	da shi jie jia ju guang chang	2
大世界游乐场	da shi jie you le chang	4
大世纪花园	da shi ji hua yuan	4
大丘园农庄	da qiu yuan nong zhuang	3
大业路	da ye lu	12
大东关	da dong guan	9
大东关街道	da dong guan jie dao	4
大东各庄村	da dong ge zhuang cun	2
大东沟	da dong gou	43
大东流	da dong liu	1
大东流苗圃	da dong liu miao pu	4
大东营	da dong ying	10
大东路	da dong lu	11
大严备乡	da yan bei xiang	3
大中村	da zhong cun	5
大中路	da zhong lu	7
大丰东马路	da feng dong ma lu	2
大丰县	da feng xian	4
大丰市	da feng shi	15
大丰路	da feng lu	22
大乌山	da wu shan	2
大乘寺	da cheng si	1
大乘胡同	da cheng hu tong	2
大九号村	da jiu hao cun	2
大乡	da xiang	9
大乡村	da xiang cun	4
大乾	da qian	6
大乾村	da qian cun	3
大五女镇	da wu nv zhen	2
大井巷	da jing xiang	6
大井村委会	da jing cun wei hui	2
大井胡同	da jing hu tong	4
大交镇	da jiao zhen	4
大亭	da ting	4
大亭乡	da ting xiang	3
大亭子	da ting zi	1
大仁庄乡	da ren zhuang xiang	4
大仑社区	da lun she qu	3
大仓村	da cang cun	6
大仓路	da cang lu	2
大仙村	da xian cun	3
大件码头	da jian ma tou	3
大任庄路	da ren zhuang lu	3
大众公交	da zhong gong jiao	5
大众桥	da zhong qiao	3
大众汽修厂	da zhong qi xiu chang	5
大佛寺	da fo si	44
大佛寺乡	da fo si xiang	4
大修厂	da xiu chang	6
大光路	da guang lu	6
大兜路	da dou lu	4
大公桥	da gong qiao	6
大公桥街道	da gong qiao jie dao	2
大六号镇	da liu hao zhen	2
大关东一苑	da guan dong yi yuan	3
大关东三苑	da guan dong san yuan	3
大关东九苑	da guan dong jiu yuan	4
大关东二苑	da guan dong er yuan	3
大关东五苑	da guan dong wu yuan	4
大关东六苑	da guan dong liu yuan	4
大关东四苑	da guan dong si yuan	3
大关北	da guan bei	6
大关南七苑	da guan nan qi yuan	3
大关南三苑	da guan nan san yuan	3
大关南二苑	da guan nan er yuan	3
大关南八苑	da guan nan ba yuan	3
大关南六苑	da guan nan liu yuan	4
大关南四苑	da guan nan si yuan	3
大关南苑	da guan nan yuan	5
大关小区	da guan xiao qu	7
大关小区北	da guan xiao qu bei	3
大关桥西	da guan qiao xi	4
大关苑	da guan yuan	1
大关西七苑	da guan xi qi yuan	3
大关西三苑	da guan xi san yuan	4
大关西五苑	da guan xi wu yuan	3
大关西八苑	da guan xi ba yuan	3
大关西六苑	da guan xi liu yuan	4
大关西四苑	da guan xi si yuan	3
大关路口	da guan lu kou	1
大兴一中	da xing yi zhong	5
大兴一职	da xing yi zhi	4
大兴中医院	da xing zhong yi yuan	3
大兴二中	da xing er zhong	4
大兴八中	da xing ba zhong	4
大兴区医院	da xing qu yi yuan	6
大兴区经济技术开发区	da xing qu jing ji ji shu kai fa qu	3
大兴区行政服务中心	da xing qu xing zheng fu wu zhong xin	2
大兴大羊坊	da xing da yang fang	2
大兴宾馆	da xing bin guan	4
大兴寨	da xing zhai	5
大兴小营	da xing xiao ying	3
大兴庄	da xing zhuang	2
大兴庄镇政府	da xing zhuang zhen zheng fu	2
大兴影剧院	da xing ying ju yuan	4
大兴村	da xing cun	9
大兴桥东	da xing qiao dong	3
大兴桥北	da xing qiao bei	4
大兴桥南	da xing qiao nan	3
大兴桥西	da xing qiao xi	3
大兴法院	da xing fa yuan	1
大兴环岛	da xing huan dao	3
大兴胡同	da xing hu tong	1
大兴街	da xing jie	19
大兴西庄	da xing xi zhuang	2
大兴西路社区	da xing xi lu she qu	5
大兴西路西段	da xing xi lu xi duan	3
大兴辛店村	da xing xin dian cun	3
大兴长途站	da xing chang tu zhan	4
大兴集	da xing ji	4
大军山	da jun shan	2
大冲	da chong	10
大冲口	da chong kou	7
大冲村	da chong cun	1
大冶县	da ye xian	25
大冶市	da ye shi	35
大凸	da tu	3
大凹	da ao	8
大刘各庄村	da liu ge zhuang cun	2
大刘寨	da liu zhai	4
大刘庄乡	da liu zhuang xiang	1
大刘庄村	da liu zhuang cun	5
大则乡	da ze xiang	3
大利嘉城	da li jia cheng	4
大前	da qian	10
大前村	da qian cun	3
大力胡同	da li hu tong	2
大勘村	da kan cun	4
大勺子	da shao zi	19
大化医院	da hua yi yuan	5
大化县	da hua xian	3
大化集团	da hua ji tuan	7
大北关	da bei guan	2
大北坞	da bei wu	4
大北坞村	da bei wu cun	3
大北庄	da bei zhuang	1
大北汪镇	da bei wang zhen	3
大北窑	da bei yao	11
大北窑东	da bei yao dong	2
大北窑北	da bei yao bei	5
大北窑南	da bei yao nan	1
大北窑西	da bei yao xi	5
大北门	da bei men	33
大十三里	da shi san li	3
大十字街道	da shi zi jie dao	4
大半截胡同	da ban jie hu tong	5
大华一路	da hua yi lu	5
大华三路	da hua san lu	2
大华二村	da hua er cun	4
大华二路	da hua er lu	6
大华厂	da hua chang	3
大华山	da hua shan	6
大华新村	da hua xin cun	3
大华路	da hua lu	5
大华锦绣华城	da hua jin xiu hua cheng	8
大南关	da nan guan	2
大南坑	da nan keng	3
大南峪乡	da nan yu xiang	4
大南庄	da nan zhuang	8
大南沟	da nan gou	3
大南沟乌孜别克族乡	da nan gou wu zi bie ke zu xiang	4
大南沟村	da nan gou cun	9
大南街	da nan jie	23
大南路	da nan lu	6
大卧龙	da wo long	3
大卿	da qing	3
大卿村	da qing cun	2
大厂三村	da chang san cun	2
大厂县医院	da chang xian yi yuan	3
大厅村	da ting cun	2
大厝	da cuo	37
大厝村	da cuo cun	4
大厦村	da sha cun	3
大参林药店	da can lin yao dian	5
大双村	da shuang cun	2
大发村	da fa cun	3
大发瑶族乡	da fa yao zu xiang	3
大发路	da fa lu	1
大取灯胡同	da qu deng hu tong	3
大口钦满族镇	da kou qin man zu zhen	2
大古道巷	da gu dao xiang	5
大台	da tai	10
大台乡	da tai xiang	3
大合坪乡	da he ping xiang	6
大合镇	da he zhen	2
大吉岭喜马拉雅铁路	da ji ling xi ma la ya tie lu	3
大同夭乡	da tong yao xiang	1
大同市场	da tong shi chang	12
大同村	da tong cun	8
大同桥	da tong qiao	3
大同街	da tong jie	14
大同道	da tong dao	3
大名城	da ming cheng	1
大后山村	da hou shan cun	3
大吴	da wu	8
大吴村	da wu cun	4
大周各庄村	da zhou ge zhuang cun	2
大周村	da zhou cun	1
大唐世家	da tang shi jia	2
大唐庄	da tang zhuang	5
大唐庄村	da tang zhuang cun	4
大唐庄镇	da tang zhuang zhen	3
大唐电信	da tang dian xin	18
大唐芙蓉园南门	da tang fu rong yuan nan men	7
大唐芙蓉园西门	da tang fu rong yuan xi men	6
大唐花园	da tang hua yuan	4
大唐西域记	da tang xi yu ji	44
大商集团	da shang ji tuan	9
大园地	da yuan di	3
大园村	da yuan cun	3
大围山	da wei shan	7
大围山国家森林公园	da wei shan guo jia sen lin gong yuan	8
大地站	da di zhan	5
大地豪庭	da di hao ting	4
大地集团	da di ji tuan	1
大场东街	da chang dong jie	3
大坂村	da ban cun	3
大坑口	da keng kou	6
大坑头	da keng tou	3
大坑村	da keng cun	4
大块田	da kuai tian	4
大坝咀	da ba zui	4
大坝村	da ba cun	2
大坝村委会	da ba cun wei hui	3
大坝路	da ba lu	5
大坞	da wu	9
大坟包	da fen bao	4
大坟坝	da fen ba	2
大坡子	da po zi	3
大坡村	da po cun	4
大坡田	da po tian	2
大坦沙	da tan sha	10
大坪坡	da ping po	3
大坪子	da ping zi	5
大坪子乡	da ping zi xiang	6
大坪尾	da ping wei	3
大坪村	da ping cun	5
大坪社区	da ping she qu	5
大型物资运输公司	da xing wu zi yun shu gong si	3
大城西乡	da cheng xi xiang	2
大埔村	da bu cun	7
大埠村	da bu cun	5
大埠桥街道	da bu qiao jie dao	1
大培	da pei	3
大基头	da ji tou	3
大堡底	da bao di	2
大堡村	da bao cun	1
大堤镇	da di zhen	1
大堰村	da yan cun	3
大塅	da duan	5
大塅镇	da duan zhen	5
大塔	da ta	7
大塘冲	da tang chong	6
大塘口	da tang kou	4
大塘头	da tang tou	5
大塘新村	da tang xin cun	6
大塘沟	da tang gou	3
大塘湖	da tang hu	1
大塘街	da tang jie	8
大塘街道	da tang jie dao	1
大塘里	da tang li	4
大塘面	da tang mian	3
大塱	da lang	1
大境门	da jing men	4
大墩子	da dun zi	11
大备	da bei	5
大外廊营	da wai lang ying	4
大外廊营胡同	da wai lang ying hu tong	4
大夫堂	da fu tang	4
大头村	da tou cun	3
大姑村	da gu cun	2
大孙乡	da sun xiang	3
大孙各庄	da sun ge zhuang	3
大孙村	da sun cun	5
大孟村镇	da meng cun zhen	1
大孤山	da gu shan	27
大学园区	da xue yuan qu	4
大学城北	da xue cheng bei	17
大学城南	da xue cheng nan	22
大学新村	da xue xin cun	3
大学路北口	da xue lu bei kou	4
大学路社区	da xue lu she qu	5
大学道	da xue dao	3
大宁山庄	da ning shan zhuang	4
大宁路	da ning lu	6
大宅村	da zhai cun	3
大宅科	da zhai ke	2
大安县	da an xian	6
大安头	da an tou	3
大安山	da an shan	29
大安市	da an shi	9
大安村	da an cun	4
大安澜营	da an lan ying	3
大安澜营社区	da an lan ying she qu	4
大安澜营胡同	da an lan ying hu tong	4
大安胡同	da an hu tong	2
大安路	da an lu	12
大官亭乡	da guan ting xiang	4
大官小学	da guan xiao xue	3
大官庄	da guan zhuang	1
大定街道	da ding jie dao	3
大宛其农场	da wan qi nong chang	4
大宛马	da wan ma	1
大宝鼎街道	da bao ding jie dao	1
大宫门	da gong men	14
大家乐超市	da jia le chao shi	2
大家村	da jia cun	4
大家洼	da jia wa	6
大家洼街道	da jia wa jie dao	3
大家润购物广场	da jia run gou wu guang chang	2
大富山	da fu shan	1
大寨村委会	da zhai cun wei hui	1
大寨沟	da zhai gou	3
大寨河	da zhai he	5
大寨路	da zhai lu	5
大小和卓	da xiao he zhuo	40
大小寺	da xiao si	1
大小磨刀	da xiao mo dao	14
大尖山	da jian shan	13
大尧村	da yao cun	3
大屈	da qu	3
大屋村	da wu cun	7
大屯东	da tun dong	4
大屯南	da tun nan	3
大屯村委会	da tun cun wei hui	3
大屯营	da tun ying	6
大屯营乡	da tun ying xiang	5
大屯路东站	da tun lu dong zhan	1
大山下	da shan xia	4
大山后	da shan hou	7
大山后社区	da shan hou she qu	3
大山坪街道	da shan ping jie dao	5
大山头	da shan tou	5
大山子	da shan zi	10
大山庄	da shan zhuang	5
大山村	da shan cun	6
大山村委会	da shan cun wei hui	4
大山桥东	da shan qiao dong	3
大山江街道	da shan jiang jie dao	2
大山背	da shan bei	4
大山顶	da shan ding	5
大岙	da ao	3
大岙溪	da ao xi	3
大岞	da zuo	1
大岞村	da zuo cun	5
大岩村	da yan cun	6
大岩洞乡	da yan dong xiang	5
大岭上	da ling shang	3
大岭下	da ling xia	4
大岭头	da ling tou	3
大岭山林场	da ling shan lin chang	1
大岭水库	da ling shui ku	3
大岭沟村	da ling gou cun	3
大岭背	da ling bei	3
大岱乡	da dai xiang	2
大峪	da yu	10
大峪子	da yu zi	3
大崀镇	da lang zhen	5
大崔各庄	da cui ge zhuang	2
大嶝岛	da deng dao	37
大工路	da gong lu	2
大差市	da chai shi	2
大巷子	da xiang zi	4
大市新胡同	da shi xin hu tong	2
大席胡同	da xi hu tong	3
大平台乡	da ping tai xiang	3
大平山	da ping shan	7
大平瑶族乡	da ping yao zu xiang	3
大广高速	da guang gao su	15
大庄桥	da zhuang qiao	3
大庄科	da zhuang ke	21
大庆一中	da qing yi zhong	1
大庆书苑	da qing shu yuan	4
大庆农场	da qing nong chang	2
大庆北路	da qing bei lu	5
大庆南路	da qing nan lu	2
大庆大学	da qing da xue	5
大庆师范学院	da qing shi fan xue yuan	4
大庆日报	da qing ri bao	1
大庆晚报	da qing wan bao	1
大庆油田公司	da qing you tian gong si	7
大庆石化总厂	da qing shi hua zong chang	1
大庆石油	da qing shi you	11
大庆石油学院	da qing shi you xue yuan	10
大庆石油管理局	da qing shi you guan li ju	16
大庆网	da qing wang	6
大庆路街道办事处	da qing lu jie dao ban shi chu	1
大库伦乡	da ku lun xiang	3
大库联乡	da ku lian xiang	1
大庙山	da miao shan	1
大庙弄	da miao nong	2
大庙李村	da miao li cun	2
大庙村	da miao cun	6
大庭	da ting	48
大庭村	da ting cun	2
大康度假村	da kang du jia cun	3
大庸	da yong	20
大庸县	da yong xian	3
大庸市	da yong shi	3
大庸桥街道	da yong qiao jie dao	6
大开岭村	da kai ling cun	2
大弯街道	da wan jie dao	1
大彭村	da peng cun	5
大影壁	da ying bi	1
大径	da jing	8
大徐	da xu	6
大徐庄村	da xu zhuang cun	3
大得酒店	da de jiu dian	2
大德	da de	12
大德山	da de shan	4
大德山林场	da de shan lin chang	2
大德路	da de lu	7
大悲乡	da bei xiang	1
大慈寺	da ci si	47
大慈寺街	da ci si jie	3
大慈阁小区	da ci ge xiao qu	3
大慧寺	da hui si	1
大慧寺路西口	da hui si lu xi kou	3
大成县	da cheng xian	3
大成小区	da cheng xiao qu	4
大成村	da cheng cun	3
大成桥	da cheng qiao	4
大成苑	da cheng yuan	3
大成街道	da cheng jie dao	1
大成路	da cheng lu	17
大房农场	da fang nong chang	3
大房子村	da fang zi cun	4
大房山	da fang shan	3
大房村	da fang cun	1
大房身	da fang shen	8
大才回族乡	da cai hui zu xiang	3
大托铺	da tuo pu	3
大报恩寺	da bao en si	12
大拐棒胡同	da guai bang hu tong	4
大文村	da wen cun	2
大新	da xin	12
大新庄	da xin zhuang	9
大新开胡同	da xin kai hu tong	2
大新开路	da xin kai lu	3
大新街	da xin jie	6
大新西	da xin xi	3
大新路	da xin lu	23
大新路口	da xin lu kou	6
大方家社区	da fang jia she qu	5
大方家胡同	da fang jia hu tong	6
大方巷	da fang xiang	4
大方胡同	da fang hu tong	7
大旦	da dan	3
大旺	da wang	10
大旺务	da wang wu	3
大昌隆	da chang long	5
大明官庄	da ming guan zhuang	2
大明宫建材家居城	da ming gong jian cai jia ju cheng	6
大明宫建材市场	da ming gong jian cai shi chang	7
大明宫陶瓷批发市场	da ming gong tao ci pi fa shi chang	2
大明花园	da ming hua yuan	4
大明道	da ming dao	2
大星胡同	da xing hu tong	2
大曲堤乡	da qu di xiang	2
大曹庄	da cao zhuang	5
大曹庄乡	da cao zhuang xiang	3
大曹庄农场	da cao zhuang nong chang	2
大有庄	da you zhuang	9
大有庄社区	da you zhuang she qu	3
大有恬园	da you tian yuan	1
大望京	da wang jing	2
大望村	da wang cun	2
大朝乡	da chao xiang	5
大木仓胡同	da mu cang hu tong	3
大木厂	da mu chang	1
大木桥	da mu qiao	4
大木桥路	da mu qiao lu	5
大木桥路斜土路	da mu qiao lu xie tu lu	3
大机房	da ji fang	3
大李村	da li cun	2
大李窑	da li yao	3
大李纱帽胡同	da li sha mao hu tong	2
大村村	da cun cun	4
大村村委会	da cun cun wei hui	4
大杜社	da du she	5
大林子	da lin zi	8
大柏树	da bai shu	7
大柳塔镇	da liu ta zhen	8
大柳树	da liu shu	7
大柳树北站	da liu shu bei zhan	2
大柳树南站	da liu shu nan zhan	3
大柳树环岛南	da liu shu huan dao nan	2
大柳树环岛西	da liu shu huan dao xi	2
大栅栏	da zha lan	33
大栅栏街	da zha lan jie	1
大栅栏西街	da zha lan xi jie	8
大栏	da lan	7
大树坳乡	da shu ao xiang	4
大树头	da shu tou	4
大树村	da shu cun	3
大树根	da shu gen	2
大树湾镇	da shu wan zhen	2
大栗树	da li shu	3
大校场	da xiao chang	27
大格	da ge	8
大桃园	da tao yuan	2
大桥头	da qiao tou	27
大桥村	da qiao cun	30
大桥道	da qiao dao	11
大桥镇政府	da qiao zhen zheng fu	6
大梁子	da liang zi	13
大梗	da geng	3
大椿桥	da chun qiao	6
大楠镇	da nan zhen	2
大楼村委会	da lou cun wei hui	3
大榆树	da yu shu	13
大樟村	da zhang cun	4
大正村	da zheng cun	9
大武口	da wu kou	41
大殷	da yin	4
大毕庄	da bi zhuang	8
大毕庄村	da bi zhuang cun	3
大水井	da shui jing	4
大水口	da shui kou	1
大水坝	da shui ba	8
大水坪	da shui ping	3
大水垅	da shui long	3
大水沟	da shui gou	4
大水田村	da shui tian cun	5
大汉七十二峰	da han qi shi er feng	3
大江公司	da jiang gong si	5
大江市场	da jiang shi chang	4
大江村	da jiang cun	1
大江社区	da jiang she qu	4
大江胡同	da jiang hu tong	7
大江路	da jiang lu	5
大江路口	da jiang lu kou	3
大江里	da jiang li	6
大池农场	da chi nong chang	4
大汤山	da tang shan	3
大汶口	da wen kou	38
大汶河	da wen he	26
大汾	da fen	8
大沙东路	da sha dong lu	7
大沙场	da sha chang	3
大沙头	da sha tou	11
大沙头码头	da sha tou ma tou	7
大沙村	da sha cun	5
大沙河林场	da sha he lin chang	2
大沙河水库	da sha he shui ku	5
大沙街	da sha jie	7
大沙西	da sha xi	4
大沙西路	da sha xi lu	3
大沥里	da li li	3
大沩山林场	da wei shan lin chang	3
大河中路街道	da he zhong lu jie dao	3
大河口	da he kou	7
大河塔乡	da he ta xiang	4
大河塘	da he tang	2
大河店乡	da he dian xiang	3
大河村	da he cun	7
大河洼	da he wa	2
大河背	da he bei	4
大河苗族乡	da he miao zu xiang	5
大河路	da he lu	15
大河道乡	da he dao xiang	3
大治市	da zhi shi	4
大治河以北	da zhi he yi bei	4
大沽北路	da gu bei lu	5
大沽南路	da gu nan lu	3
大沽桥	da gu qiao	5
大沽河	da gu he	13
大沽路	da gu lu	16
大泉塔塔尔族乡	da quan ta ta er zu xiang	4
大泥河	da ni he	4
大洋村	da yang cun	4
大洋桥	da yang qiao	12
大洋田	da yang tian	5
大洋百货	da yang bai huo	21
大洞口	da dong kou	6
大洞镇	da dong zhen	3
大津口	da jin kou	1
大洲村	da zhou cun	6
大浪村	da lang cun	16
大浮坨	da fu tuo	3
大浮山	da fu shan	3
大海环	da hai huan	3
大润发超市	da run fa chao shi	4
大涧乡	da jian xiang	4
大液	da ye	4
大液河	da ye he	2
大淋	da lin	3
大淡	da dan	5
大渠村	da qu cun	3
大渠街道	da qu jie dao	3
大渡	da du	17
大渡河路	da du he lu	11
大渡河路铜川路	da du he lu tong chuan lu	3
大渭溪乡	da wei xi xiang	3
大港振兴路	da gang zhen xing lu	2
大港村	da gang cun	2
大湖头	da hu tou	1
大湖山	da hu shan	4
大湖村	da hu cun	9
大湖洋	da hu yang	3
大湖里	da hu li	6
大湾口	da wan kou	2
大湾子村	da wan zi cun	3
大湾村	da wan cun	6
大湾罗乡	da wan luo xiang	4
大源村	da yuan cun	3
大溪头	da xi tou	1
大溪村	da xi cun	2
大溪沟	da xi gou	4
大溪河	da xi he	3
大滩	da tan	40
大滩乡	da tan xiang	5
大滩村	da tan cun	5
大漈乡	da ji xiang	5
大演	da yan	7
大演村	da yan cun	1
大潘	da pan	6
大潘村	da pan cun	2
大潘镇	da pan zhen	4
大潭水塘	da tan shui tang	3
大灰厂	da hui chang	7
大灰厂社区	da hui chang she qu	3
大灰厂西站	da hui chang xi zhan	5
大熊山国有林场	da xiong shan guo you lin chang	2
大熊猫栖息地	da xiong mao qi xi di	3
大牌楼	da pai lou	7
大牛房	da niu fang	1
大狼垡村	da lang fa cun	3
大王家巷	da wang jia xiang	5
大王岭	da wang ling	1
大王庄	da wang zhuang	9
大王村	da wang cun	6
大理县	da li xian	2
大理道	da li dao	4
大瑞乡	da rui xiang	4
大瓦窑村	da wa yao cun	5
大甜水井	da tian shui jing	1
大甜水井胡同	da tian shui jing hu tong	24
大生庄	da sheng zhuang	4
大生村	da sheng cun	1
大生里	da sheng li	6
大田刘村	da tian liu cun	4
大田医院	da tian yi yuan	3
大田村	da tian cun	4
大田洼乡	da tian wa xiang	4
大甸乡	da dian xiang	4
大畈乡	da fan xiang	1
大畲	da she	4
大白乡	da bai xiang	2
大白杨	da bai yang	21
大白杨村	da bai yang cun	5
大白楼	da bai lou	4
大白楼村	da bai lou cun	4
大皮营	da pi ying	4
大盂	da yu	7
大盆胡同	da pen hu tong	1
大盖	da gai	7
大盘乡	da pan xiang	3
大盘排骨	da pan pai gu	3
大盛	da sheng	48
大直沽	da zhi gu	1
大直沽中路	da zhi gu zhong lu	3
大直沽八号路	da zhi gu ba hao lu	3
大直沽六号路	da zhi gu liu hao lu	2
大直沽十号路	da zhi gu shi hao lu	2
大直沽街道	da zhi gu jie dao	1
大直沽西路	da zhi gu xi lu	4
大相各庄乡	da xiang ge zhuang xiang	4
大眉	da mei	3
大石东	da shi dong	1
大石作胡同	da shi zuo hu tong	2
大石南路	da shi nan lu	6
大石南路菊乐路口	da shi nan lu ju le lu kou	3
大石古	da shi gu	5
大石坝街	da shi ba jie	1
大石岭	da shi ling	1
大石岭乡	da shi ling xiang	3
大石布依族乡	da shi bu yi zu xiang	3
大石桥市	da shi qiao shi	7
大石桥村	da shi qiao cun	6
大石桥胡同	da shi qiao hu tong	2
大石河	da shi he	12
大石碑胡同	da shi bei hu tong	7
大石磨	da shi mo	7
大石窑村	da shi yao cun	4
大石虎胡同	da shi hu hu tong	4
大石西路中	da shi xi lu zhong	3
大码头	da ma tou	10
大码头街道办事处	da ma tou jie dao ban shi chu	3
大研镇	da yan zhen	1
大碱厂	da jian chang	2
大磁窑镇	da ci yao zhen	1
大磏镇	da qian zhen	4
大禅寺	da chan si	5
大福村	da fu cun	9
大福源	da fu yuan	15
大福源超市	da fu yuan chao shi	4
大禹乡	da yu xiang	1
大禹陵	da yu ling	7
大禾坑	da he keng	2
大禾村	da he cun	1
大秤钩胡同	da cheng gou hu tong	3
大秦回族乡	da qin hui zu xiang	2
大稿新村	da gao xin cun	3
大窝山	da wo shan	6
大章村	da zhang cun	4
大竹园	da zhu yuan	1
大竹园村	da zhu yuan cun	1
大竹村	da zhu cun	6
大笼	da long	4
大箐乡	da qing xiang	5
大糖房胡同	da tang fang hu tong	3
大红柳峡乡	da hong liu xia xiang	6
大红沟乡	da hong gou xiang	4
大红罗厂西口	da hong luo chang xi kou	2
大红门	da hong men	37
大红门东桥	da hong men dong qiao	1
大红门服装城	da hong men fu zhuang cheng	6
大红门桥	da hong men qiao	1
大红门桥北	da hong men qiao bei	1
大红门西里	da hong men xi li	4
大红门集美家居	da hong men ji mei jia ju	3
大纱帽巷	da sha mao xiang	4
大纱帽胡同	da sha mao hu tong	15
大线场	da xian chang	2
大练乡	da lian xiang	4
大练庄	da lian zhuang	1
大经厂	da jing chang	3
大经路	da jing lu	7
大统路	da tong lu	15
大羊坊	da yang fang	6
大羊坊北村	da yang fang bei cun	2
大羊宜宾胡同	da yang yi bin hu tong	4
大羊毛胡同	da yang mao hu tong	1
大美村	da mei cun	2
大羽村	da yu cun	4
大翔凤胡同	da xiang feng hu tong	3
大老子一村	da lao zi yi cun	2
大耳胡同	da er hu tong	5
大联村	da lian cun	4
大肚山	da du shan	15
大胡同	da hu tong	19
大胡营	da hu ying	4
大芦村	da lu cun	6
大芬村	da fen cun	1
大花乡	da hua xiang	5
大苏吉乡	da su ji xiang	3
大苏州	da su zhou	40
大苏村	da su cun	4
大苑上	da yuan shang	3
大茂	da mao	40
大茅	da mao	6
大茶村	da cha cun	2
大草厂	da cao chang	2
大草场	da cao chang	7
大草坡	da cao po	5
大荡漾村	da dang yang cun	2
大荣村	da rong cun	3
大荷花巷	da he hua xiang	2
大菉镇	da lu zhen	2
大菊胡同	da ju hu tong	4
大菜市	da cai shi	14
大营坡	da ying po	3
大营子村	da ying zi cun	2
大营盘	da ying pan	3
大葛	da ge	3
大蒋家胡同	da jiang jia hu tong	4
大蕉园	da jiao yuan	2
大藏乡	da zang xiang	3
大藏寺	da zang si	4
大虞	da yu	1
大虹桥村	da hong qiao cun	3
大蛇头乡	da she tou xiang	3
大行宫	da xing gong	35
大街东社区	da jie dong she qu	2
大街村委会	da jie cun wei hui	2
大街西社区	da jie xi she qu	2
大衙门	da ya men	1
大袁村	da yuan cun	4
大褚桥	da chu qiao	3
大西庄	da xi zhuang	5
大西村	da xi cun	1
大西沟	da xi gou	9
大西洋新城东门	da xi yang xin cheng dong men	3
大西洋新城南门	da xi yang xin cheng nan men	1
大西洋社区	da xi yang she qu	4
大西湖村	da xi hu cun	3
大西门	da xi men	41
大西韩乡	da xi han xiang	4
大观园西	da guan yuan xi	4
大观园西门	da guan yuan xi men	4
大观堰	da guan yan	4
大观山	da guan shan	2
大觉社区	da jue she qu	3
大许	da xu	6
大豆铺乡	da dou pu xiang	3
大豫	da yu	14
大贺庄	da he zhuang	3
大赵峪街道	da zhao yu jie dao	4
大赵庄村	da zhao zhuang cun	3
大足县	da zu xian	35
大路下	da lu xia	6
大路口	da lu kou	10
大路口村	da lu kou cun	4
大路坪	da lu ping	3
大路峁	da lu mao	2
大路槽乡	da lu cao xiang	3
大路沟乡	da lu gou xiang	3
大路脚	da lu jiao	1
大路街	da lu jie	5
大车家巷	da che jia xiang	1
大辛寨	da xin zhai	4
大辛峰	da xin feng	4
大辛庄	da xin zhuang	27
大辛庄村委会	da xin zhuang cun wei hui	3
大辛庄社区	da xin zhuang she qu	3
大运河水梦园	da yun he shui meng yuan	1
大远	da yuan	8
大连交通大学	da lian jiao tong da xue	9
大连大学	da lian da xue	24
大连晚报社	da lian wan bao she	4
大连民族学院	da lian min zu xue yuan	2
大连湾	da lian wan	33
大连火车站	da lian huo che zhan	12
大连西路	da lian xi lu	23
大连警校	da lian jing xiao	3
大连路	da lian lu	38
大连道	da lian dao	2
大通县	da tong xian	17
大通学堂	da tong xue tang	16
大通桥	da tong qiao	12
大通桥社区	da tong qiao she qu	4
大通烟雨	da tong yan yu	4
大通花园	da tong hua yuan	4
大通路	da tong lu	10
大道地	da dao di	7
大道埔	da dao bu	2
大邢庄乡	da xing zhuang xiang	3
大郊亭桥	da jiao ting qiao	2
大郊亭桥东	da jiao ting qiao dong	5
大郊亭桥南	da jiao ting qiao nan	5
大郊亭桥西	da jiao ting qiao xi	5
大郭村	da guo cun	5
大郭村村委会	da guo cun cun wei hui	2
大酱房胡同	da jiang fang hu tong	2
大里村	da li cun	9
大金丝胡同	da jin si hu tong	5
大金钟路	da jin zhong lu	8
大鉴寺	da jian si	2
大钟寺	da zhong si	5
大钟寺东	da zhong si dong	1
大钟寺市场	da zhong si shi chang	5
大钳	da qian	4
大铭	da ming	22
大锡乡	da xi xiang	5
大镜山	da jing shan	5
大门庄	da men zhuang	2
大闸路	da zha lu	1
大阮府胡同	da ruan fu hu tong	4
大阳沟	da yang gou	1
大陂头	da bei tou	3
大际乡	da ji xiang	2
大陇镇	da long zhen	3
大陈各庄	da chen ge zhuang	4
大陈庄	da chen zhuang	2
大陈村	da chen cun	1
大院胡同	da yuan hu tong	4
大雁塔北广场	da yan ta bei guang chang	5
大雁塔南广场	da yan ta nan guang chang	4
大雄城市花园	da xiong cheng shi hua yuan	3
大雅宝社区	da ya bao she qu	4
大雅宝胡同	da ya bao hu tong	1
大霞美	da xia mei	1
大青嘴镇	da qing zui zhen	2
大青沟	da qing gou	9
大青沟村	da qing gou cun	2
大面镇	da mian zhen	3
大韩庄	da han zhuang	4
大韩继	da han ji	5
大顶山	da ding shan	5
大饭铺	da fan pu	5
大香	da xiang	8
大马庄	da ma zhuang	5
大马鞍水库	da ma an shui ku	2
大高坪苗族乡	da gao ping miao zu xiang	6
大鲁店	da lu dian	2
大鲁店东街	da lu dian dong jie	4
大鸦洲	da ya zhou	3
大鹁鸽胡同	da bo ge hu tong	3
大麦岛	da mai dao	6
大黄山	da huang shan	25
大黄山圆盘道	da huang shan yuan pan dao	2
大黄山矿	da huang shan kuang	5
大黄巍乡	da huang wei xiang	4
大黄庄桥东	da huang zhuang qiao dong	3
大黄庄桥西	da huang zhuang qiao xi	3
大黄木厂村	da huang mu chang cun	3
大黄村	da huang cun	6
大黑山	da hei shan	39
大黑沙土镇	da hei sha tu zhen	2
大黑河乡	da hei he xiang	1
大黑石	da hei shi	7
大齐家胡同	da qi jia hu tong	3
大龙华乡	da long hua xiang	4
大龙坝	da long ba	2
大龙坪	da long ping	1
大龙市场	da long shi chang	3
大龙桥	da long qiao	3
天一城	tian yi cheng	1
天一家园	tian yi jia yuan	5
天一网吧	tian yi wang ba	3
天下第一城	tian xia di yi cheng	6
天乙	tian yi	26
天云乡	tian yun xiang	2
天仙胡同	tian xian hu tong	1
天伦北里社区	tian lun bei li she qu	3
天伦酒店	tian lun jiu dian	3
天伦锦城	tian lun jin cheng	5
天佑六路	tian you liu lu	4
天佑城	tian you cheng	6
天元乡	tian yuan xiang	4
天元吉第	tian yuan ji di	3
天元大酒店	tian yuan da jiu dian	4
天公庙	tian gong miao	28
天凤乡	tian feng xiang	3
天剑路	tian jian lu	6
天华北街西口	tian hua bei jie xi kou	2
天华北路西口	tian hua bei lu xi kou	2
天华路	tian hua lu	37
天华路口	tian hua lu kou	1
天印花园	tian yin hua yuan	4
天台路	tian tai lu	9
天合村	tian he cun	3
天后宫街	tian hou gong jie	1
天和	tian he	13
天和乡	tian he xiang	4
天和苑	tian he yuan	6
天和药业	tian he yao ye	4
天和路	tian he lu	6
天嘉水晶城	tian jia shui jing cheng	3
天地十二坊	tian di shi er fang	3
天地新城	tian di xin cheng	7
天坛东门	tian tan dong men	4
天坛体育场	tian tan ti yu chang	4
天坛公园	tian tan gong yuan	8
天坛北门	tian tan bei men	3
天坛南门	tian tan nan men	2
天坛西门	tian tan xi men	6
天城区	tian cheng qu	6
天城路	tian cheng lu	41
天城路口	tian cheng lu kou	1
天堂寨林场	tian tang zhai lin chang	1
天堂河	tian tang he	3
天堂河小区	tian tang he xiao qu	3
天堂顶	tian tang ding	7
天堡	tian bao	5
天塔	tian ta	7
天塔道	tian ta dao	4
天塘	tian tang	1
天塘村	tian tang cun	2
天外村	tian wai cun	1
天天商场	tian tian shang chang	4
天太永村	tian tai yong cun	1
天子岗	tian zi gang	2
天子岭	tian zi ling	3
天子庄园	tian zi zhuang yuan	4
天宁寺桥北	tian ning si qiao bei	4
天宁寺桥西	tian ning si qiao xi	4
天宁寺西里	tian ning si xi li	2
天安数码城	tian an shu ma cheng	1
天安河滨花园	tian an he bin hua yuan	2
天安花园	tian an hua yuan	4
天安门东	tian an men dong	1
天安门广场东	tian an men guang chang dong	3
天安门广场西	tian an men guang chang xi	1
天安门西	tian an men xi	1
天宝南街	tian bao nan jie	3
天宝堂	tian bao tang	2
天宝家园	tian bao jia yuan	4
天宝西路	tian bao xi lu	5
天宝路	tian bao lu	8
天宫院	tian gong yuan	9
天封塔	tian feng ta	3
天山东路	tian shan dong lu	5
天山北坡	tian shan bei po	4
天山北路	tian shan bei lu	8
天山南路	tian shan nan lu	17
天山商场	tian shan shang chang	4
天山庙	tian shan miao	4
天山支路	tian shan zhi lu	3
天山村	tian shan cun	2
天山砖厂	tian shan zhuan chang	3
天山西路	tian shan xi lu	6
天岳	tian yue	26
天峨	tian e	24
天峰	tian feng	6
天峰坪镇	tian feng ping zhen	3
天峰宾馆	tian feng bin guan	3
天峻	tian jun	9
天平架总站	tian ping jia zong zhan	1
天平桥	tian ping qiao	4
天平路	tian ping lu	15
天府广场东	tian fu guang chang dong	5
天府广场西	tian fu guang chang xi	1
天府花园	tian fu hua yuan	7
天府软件园东侧	tian fu ruan jian yuan dong ce	3
天府长城	tian fu chang cheng	3
天心游路	tian xin you lu	4
天心街	tian xin jie	4
天心路	tian xin lu	4
天心阁	tian xin ge	1
天成	tian cheng	12
天成嘉苑	tian cheng jia yuan	3
天成寺	tian cheng si	4
天成苑	tian cheng yuan	3
天成街	tian cheng jie	7
天拖北道	tian tuo bei dao	2
天明路	tian ming lu	7
天星山林场	tian xing shan lin chang	3
天星村	tian xing cun	7
天星湖	tian xing hu	4
天林	tian lin	7
天林乡	tian lin xiang	2
天柱东路	tian zhu dong lu	2
天柱寺	tian zhu si	5
天柱山	tian zhu shan	17
天桥位置	tian qiao wei zhi	7
天桥名称	tian qiao ming cheng	3
天桥商场	tian qiao shang chang	2
天桥居委会	tian qiao ju wei hui	2
天桥汽车站	tian qiao qi che zhan	4
天桥站	tian qiao zhan	1
天桥长途汽车站	tian qiao chang tu qi che zhan	3
天棒	tian bang	3
天正湖滨花园	tian zheng hu bin hua yuan	3
天毛	tian mao	4
天水县	tian shui xian	41
天水村	tian shui cun	3
天水桥	tian shui qiao	4
天水滨江	tian shui bin jiang	5
天水火车站	tian shui huo che zhan	1
天池宾馆	tian chi bin guan	4
天河化工厂	tian he hua gong chang	2
天河北路	tian he bei lu	9
天河小区	tian he xiao qu	5
天河桥	tian he qiao	3
天河路	tian he lu	36
天河飘绢	tian he piao juan	6
天河驾校	tian he jia xiao	1
天泉路	tian quan lu	6
天泓山庄	tian hong shan zhuang	5
天泰路	tian tai lu	4
天泰路福嘉园	tian tai lu fu jia yuan	2
天津军粮城	tian jin jun liang cheng	1
天津区	tian jin qu	6
天津大学电子信息	tian jin da xue dian zi xin xi	5
天津宁河县芦台镇	tian jin ning he xian lu tai zhen	3
天津开发区	tian jin kai fa qu	5
天津新技术产业园区	tian jin xin ji shu chan ye yuan qu	6
天津新村	tian jin xin cun	6
天津港保税区	tian jin gang bao shui qu	7
天津港保税区扩展区	tian jin gang bao shui qu kuo zhan qu	5
天津空港物流	tian jin kong gang wu liu	4
天津经济开发区	tian jin jing ji kai fa qu	5
天津经济技术开发区	tian jin jing ji ji shu kai fa qu	9
天津街	tian jin jie	16
天津西青区中北镇	tian jin xi qing qu zhong bei zhen	3
天津西青区杨柳青镇	tian jin xi qing qu yang liu qing zhen	3
天津路口	tian jin lu kou	1
天津铁道职业技术学院	tian jin tie dao zhi ye ji shu xue yuan	5
天润城	tian run cheng	11
天湖村	tian hu cun	4
天潼路	tian tong lu	13
天然气资源	tian ran qi zi yuan	12
天王庙	tian wang miao	4
天生桥镇	tian sheng qiao zhen	3
天百	tian bai	7
天百名店	tian bai ming dian	4
天目东路	tian mu dong lu	1
天目中路	tian mu zhong lu	4
天目北路	tian mu bei lu	2
天目国际村	tian mu guo ji cun	2
天目山路古墩路口	tian mu shan lu gu dun lu kou	6
天目山路学院路口	tian mu shan lu xue yuan lu kou	1
天目星城	tian mu xing cheng	2
天目路	tian mu lu	3
天石村	tian shi cun	3
天祥寺	tian xiang si	1
天祥寺街	tian xiang si jie	3
天福超市	tian fu chao shi	3
天禧星园	tian xi xing yuan	3
天秀花园	tian xiu hua yuan	5
天竺中学	tian zhu zhong xue	4
天竺卫生院	tian zhu wei sheng yuan	3
天竺大街	tian zhu da jie	2
天竺花园	tian zhu hua yuan	4
天竺路	tian zhu lu	14
天竺镇	tian zhu zhen	3
天等路	tian deng lu	4
天纬路	tian wei lu	2
天苑花园	tian yuan hua yuan	6
天荒坪抽水蓄能电站	tian huang ping chou shui xu neng dian zhan	4
天街坊	tian jie fang	3
天补	tian bu	7
天赐温泉	tian ci wen quan	7
天赐湾乡	tian ci wan xiang	2
天赐良园	tian ci liang yuan	6
天赐良园二期	tian ci liang yuan er qi	3
天路通	tian lu tong	4
天辰路	tian chen lu	5
天连村	tian lian cun	2
天通东苑	tian tong dong yuan	6
天通东苑第四社区	tian tong dong yuan di si she qu	3
天通东苑西门	tian tong dong yuan xi men	2
天通北苑	tian tong bei yuan	4
天通北苑一区	tian tong bei yuan yi qu	4
天通北苑一区南	tian tong bei yuan yi qu nan	3
天通北苑三区	tian tong bei yuan san qu	3
天通北苑三区南	tian tong bei yuan san qu nan	2
天通北苑三区南门	tian tong bei yuan san qu nan men	3
天通北苑二区	tian tong bei yuan er qu	3
天通北苑二区南	tian tong bei yuan er qu nan	2
天通北苑第二社区	tian tong bei yuan di er she qu	2
天通苑东一区	tian tong yuan dong yi qu	5
天通苑东三区	tian tong yuan dong san qu	5
天通苑东三区北站	tian tong yuan dong san qu bei zhan	2
天通苑东二区	tian tong yuan dong er qu	5
天通苑东区小学	tian tong yuan dong qu xiao xue	4
天通苑东大门	tian tong yuan dong da men	3
天通苑北	tian tong yuan bei	47
天通苑北一区	tian tong yuan bei yi qu	6
天通苑北三区	tian tong yuan bei san qu	5
天通苑北二区	tian tong yuan bei er qu	6
天通苑南	tian tong yuan nan	1
天通苑塔楼	tian tong yuan ta lou	3
天通苑太平庄	tian tong yuan tai ping zhuang	2
天通苑环岛	tian tong yuan huan dao	4
天通苑环岛北站	tian tong yuan huan dao bei zhan	2
天通苑第二社区	tian tong yuan di er she qu	2
天通苑西三区	tian tong yuan xi san qu	6
天通苑西三区北门	tian tong yuan xi san qu bei men	3
天通苑西二区	tian tong yuan xi er qu	6
天通苑西门	tian tong yuan xi men	4
天通西苑北	tian tong xi yuan bei	2
天通西苑南	tian tong xi yuan nan	2
天通西苑第四社区	tian tong xi yuan di si she qu	3
天都城	tian du cheng	11
天都芳庭	tian du fang ting	4
天鑫家园	tian xin jia yuan	6
天钥新村	tian yao xin cun	5
天钥桥路	tian yao qiao lu	5
天钥桥路徐家汇	tian yao qiao lu xu jia hui	2
天锋	tian feng	5
天锡楼	tian xi lou	3
天镇	tian zhen	9
天长县	tian chang xian	29
天门县	tian men xian	29
天门垭	tian men ya	4
天阳	tian yang	8
天韵家园	tian yun jia yuan	3
天顺圪梁	tian shun ge liang	2
天马华侨农场	tian ma hua qiao nong chang	5
天马大桥	tian ma da qiao	6
天马街道	tian ma jie dao	3
天鹅塘	tian e tang	1
天鹅山	tian e shan	1
天龙大厦	tian long da sha	5
天龙市场	tian long shi chang	3
天龙路	tian long lu	9
天龙饭店	tian long fan dian	3
太乙宫街道	tai yi gong jie dao	4
太乙寺	tai yi si	2
太乙路	tai yi lu	2
太仆寺街社区	tai pu si jie she qu	3
太仓县	tai cang xian	11
太仓路	tai cang lu	6
太保庄	tai bao zhuang	5
太保庄村	tai bao zhuang cun	3
太傅庙	tai fu miao	3
太傅村	tai fu cun	2
太傅里	tai fu li	4
太元路	tai yuan lu	7
太升北路	tai sheng bei lu	7
太升南路	tai sheng nan lu	10
太升路口	tai sheng lu kou	5
太华路	tai hua lu	5
太原飞机场	tai yuan fei ji chang	1
太古乡	tai gu xiang	4
太古城花园	tai gu cheng hua yuan	4
太和乡政府	tai he xiang zheng fu	3
太和寨乡	tai he zhai xiang	2
太和庄	tai he zhuang	1
太和苑	tai he yuan	3
太和路	tai he lu	43
太堡街	tai bao jie	5
太子井乡	tai zi jing xiang	3
太子务	tai zi wu	5
太子坡	tai zi po	5
太子墓	tai zi mu	8
太子山庄	tai zi shan zhuang	1
太子峪环岛	tai zi yu huan dao	4
太子峪环岛北	tai zi yu huan dao bei	4
太子峪陵园	tai zi yu ling yuan	1
太子府村	tai zi fu cun	2
太子河	tai zi he	34
太子路	tai zi lu	3
太宁村	tai ning cun	4
太宁路	tai ning lu	5
太安路	tai an lu	5
太山	tai shan	8
太山村	tai shan cun	6
太师学院	tai shi xue yuan	3
太平仓	tai ping cang	5
太平仓胡同	tai ping cang hu tong	1
太平园	tai ping yuan	22
太平家园	tai ping jia yuan	1
太平寺	tai ping si	36
太平岭	tai ping ling	4
太平巷	tai ping xiang	3
太平庄村委会	tai ping zhuang cun wei hui	4
太平庄满族村	tai ping zhuang man zu cun	2
太平店乡	tai ping dian xiang	2
太平村委会	tai ping cun wei hui	5
太平桥东里	tai ping qiao dong li	5
太平桥南里社区	tai ping qiao nan li she qu	2
太平桥路	tai ping qiao lu	6
太平洋群岛	tai ping yang qun dao	31
太平洞	tai ping dong	5
太平湾	tai ping wan	5
太平湾街道	tai ping wan jie dao	1
太平胡同	tai ping hu tong	1
太平苑	tai ping yuan	4
太平营乡	tai ping ying xiang	4
太平路东口	tai ping lu dong kou	2
太平路口	tai ping lu kou	1
太平鸟公司	tai ping niao gong si	3
太扬家园社区	tai yang jia yuan she qu	2
太拥乡	tai yong xiang	1
太昌	tai chang	38
太昌村	tai chang cun	2
太来彝族苗族乡	tai lai yi zu miao zu xiang	2
太桥村	tai qiao cun	3
太泊湖农业综合开发区	tai bo hu nong ye zong he kai fa qu	3
太湖三宝	tai hu san bao	3
太湖乐园	tai hu le yuan	2
太湖农场	tai hu nong chang	4
太湖大道	tai hu da dao	7
太湖山庄	tai hu shan zhuang	8
太湖广场	tai hu guang chang	11
太湖明珠网	tai hu ming zhu wang	5
太湖明珠苑	tai hu ming zhu yuan	3
太湖村	tai hu cun	6
太湖花园	tai hu hua yuan	4
太湖花园二区	tai hu hua yuan er qu	2
太湖路	tai hu lu	22
太白南路建材市场	tai bai nan lu jian cai shi chang	4
太白小区	tai bai xiao qu	7
太白路	tai bai lu	6
太白路立交	tai bai lu li jiao	2
太石河乡	tai shi he xiang	4
太福庄村	tai fu zhuang cun	2
太舟坞	tai zhou wu	1
太舟坞村	tai zhou wu cun	5
太莪乡	tai e xiang	3
太西街道	tai xi jie dao	3
太邑彝族乡	tai yi yi zu xiang	2
太钢东门	tai gang dong men	6
太阳升	tai yang sheng	29
太阳升村	tai yang sheng cun	5
太阳城紫玉园	tai yang cheng zi yu yuan	2
太阳宫公园	tai yang gong gong yuan	7
太阳宫村	tai yang gong cun	3
太阳宫桥	tai yang gong qiao	8
太阳宫路	tai yang gong lu	4
太阳岭乡	tai yang ling xiang	2
太阳庙	tai yang miao	3
太阳新城	tai yang xin cheng	5
太阳村	tai yang cun	7
太阳殿	tai yang dian	4
太阳能公司	tai yang neng gong si	11
太阳花园	tai yang hua yuan	1
太阳集团	tai yang ji tuan	6
太青山	tai qing shan	5
夫子石	fu zi shi	3
央子	yang zi	14
央隆乡	yang long xiang	5
夯沙镇	hang sha zhen	2
头二三街道	tou er san jie dao	2
头二营	tou er ying	3
头二营村	tou er ying cun	3
头区政府	tou qu zheng fu	2
头发胡同	tou fa hu tong	1
头台	tou tai	5
头坊	tou fang	1
头宫	tou gong	2
头屯	tou tun	5
头屯河	tou tun he	19
头屯河街道	tou tun he jie dao	4
头山门	tou shan men	4
头条社区	tou tiao she qu	5
头格村	tou ge cun	4
头案	tou an	6
头洋	tou yang	2
头补	tou bu	4
头道桥街道	tou dao qiao jie dao	2
头道沟	tou dao gou	9
头颅洲	tou lu zhou	2
夷陵中学	yi ling zhong xue	3
夷陵医院	yi ling yi yuan	1
夷陵大道	yi ling da dao	2
夷陵广场	yi ling guang chang	8
夸察夸尔科斯	kua cha kua er ke si	10
夹塘村	jia tang cun	3
夹壁乡	jia bi xiang	3
夹子里	jia zi li	7
夹山寺	jia shan si	7
夹山管理处	jia shan guan li chu	5
夹岗	jia gang	1
夹岗门	jia gang men	4
夹水	jia shui	10
夹河套	jia he tao	4
夹河矿	jia he kuang	2
夹河街	jia he jie	6
夹道居	jia dao ju	2
夹道居胡同	jia dao ju hu tong	2
夹马	jia ma	3
夺多	duo duo	4
夺多乡	duo duo xiang	2
奇台路	qi tai lu	7
奇头	qi tou	4
奇源林场	qi yuan lin chang	2
奇饭	qi fan	3
奉化市	feng hua shi	19
奉化路	feng hua lu	1
奉化道	feng hua dao	4
奉合水族乡	feng he shui zu xiang	4
奉贤区现代农业园区	feng xian qu xian dai nong ye yuan qu	2
奉贤南竹港	feng xian nan zhu gang	2
奉贤县	feng xian xian	39
奋斗经营所	fen dou jing ying suo	3
奋斗镇	fen dou zhen	3
奋章胡同	fen zhang hu tong	4
奎依巴格镇	kui yi ba ge zhen	2
奎勒河镇	kui le he zhen	2
奎园小区	kui yuan xiao qu	1
奎壁	kui bi	2
奎壁村	kui bi cun	2
奎屯市	kui tun shi	17
奎山	kui shan	17
奎山公园	kui shan gong yuan	4
奎德素镇	kui de su zhen	3
奎文	kui wen	22
奎星楼街	kui xing lou jie	9
奎湖	kui hu	2
奎溪坪村	kui xi ping cun	2
奎照路	kui zhao lu	4
奎福古寺	kui fu gu si	3
奎素村	kui su cun	4
奎聚	kui ju	6
奎门村	kui men cun	2
奎霞	kui xia	3
奎霞村	kui xia cun	3
契爷岭	qi ye ling	2
奔戈乡	ben ge xiang	2
奔腾集团	ben teng ji tuan	6
奔达	ben da	3
奔达乡	ben da xiang	4
奔都乡	ben du xiang	4
套浩太乡	tao hao tai xiang	3
套里庄乡	tao li zhuang xiang	1
奚官营村	xi guan ying cun	2
奠安乡	dian an xiang	3
奤夿屯村	ha ba tun cun	5
奥体东门	ao ti dong men	2
奥体北门	ao ti bei men	1
奥体新城	ao ti xin cheng	1
奥体西门	ao ti xi men	5
奥依亚依拉克乡	ao yi ya yi la ke xiang	3
奥依托格拉克乡	ao yi tuo ge la ke xiang	6
奥兰多小镇	ao lan duo xiao zhen	4
奥园华庭	ao yuan hua ting	2
奥家湾乡	ao jia wan xiang	4
奥尔胡斯	ao er hu si	2
奥斯博恩庄园	ao si bo en zhuang yuan	3
奥林匹克中心北门	ao lin pi ke zhong xin bei men	4
奥林匹克体育中心总站	ao lin pi ke ti yu zhong xin zong zhan	4
奥林匹克广场	ao lin pi ke guang chang	7
奥林匹克村	ao lin pi ke cun	1
奥林匹克花园	ao lin pi ke hua yuan	5
奥林匹克花园东门	ao lin pi ke hua yuan dong men	2
奥林匹克花园北门	ao lin pi ke hua yuan bei men	2
奥林小区	ao lin xiao qu	4
奥林花园	ao lin hua yuan	7
奥索博神树林	ao suo bo shen shu lin	2
奥辉	ao hui	5
奥运村乡	ao yun cun xiang	5
奥运村地区	ao yun cun di qu	6
奥韵家园	ao yun jia yuan	2
女人世界	nv ren shi jie	7
女娃子	nv wa zi	8
奴尔巴格街道	nu er ba ge jie dao	3
奶娃娃	nai wa wa	21
奶子房	nai zi fang	6
奶山羊场	nai shan yang chang	2
奶牛二场	nai niu er chang	2
奶疙瘩	nai ge da	4
奶西市场	nai xi shi chang	3
好力保乡	hao li bao xiang	2
好卵	hao luan	3
好又多大卖场	hao you duo da mai chang	3
好又多联信店	hao you duo lian xin dian	3
好又多超市	hao you duo chao shi	10
好景胡同	hao jing hu tong	3
好望角大酒店	hao wang jiao da jiu dian	4
好来稿	hao lai gao	3
好梯乡	hao ti xiang	3
好腰苏木镇	hao yao su mu zhen	2
如中	ru zhong	10
如华	ru hua	20
如师	ru shi	5
如意公司	ru yi gong si	4
如意巷	ru yi xiang	2
如意开发区管委会	ru yi kai fa qu guan wei hui	4
如意胡同	ru yi hu tong	2
如意街	ru yi jie	1
如意路	ru yi lu	8
如意里	ru yi li	2
如海河	ru hai he	1
如皋中学	ru gao zhong xue	6
如皋县	ru gao xian	36
如皋市	ru gao shi	22
如皋市经济开发区	ru gao shi jing ji kai fa qu	4
如美镇	ru mei zhen	3
如苏	ru su	15
妇产医院	fu chan yi yuan	10
妇保医院	fu bao yi yuan	1
妇保院	fu bao yuan	11
妇儿医院	fu er yi yuan	9
妇儿活动中心	fu er huo dong zhong xin	7
妇幼医院	fu you yi yuan	15
妇幼活动中心	fu you huo dong zhong xin	2
妇联居委会	fu lian ju wei hui	2
妇联幼儿园	fu lian you er yuan	5
妈妈镇	ma ma zhen	3
妈湾	ma wan	3
妈湾港	ma wan gang	1
妙山村	miao shan cun	3
妙峰庵	miao feng an	4
妙果寺	miao guo si	1
妙泉乡	miao quan xiang	2
妙西村	miao xi cun	2
妙隘乡	miao ai xiang	3
妙高峰	miao gao feng	6
妥坝	tuo ba	1
妥坝乡	tuo ba xiang	2
妥坝县	tuo ba xian	2
妫川广场	gui chuan guang chang	2
妹子山	mei zi shan	5
姊妹桥	zi mei qiao	7
始兴郡	shi xing jun	14
姐儿堰	jie er yan	4
姑咱	gu za	5
姑墨	gu mo	4
姑嫂塔	gu sao ta	3
姑师	gu shi	2
姚哥庄	yao ge zhuang	3
姚园寺巷	yao yuan si xiang	6
姚坊门	yao fang men	5
姚坪乡	yao ping xiang	4
姚孟街道	yao meng jie dao	3
姚家园	yao jia yuan	7
姚家园东	yao jia yuan dong	3
姚家园北一路	yao jia yuan bei yi lu	4
姚家园西	yao jia yuan xi	3
姚家园西口	yao jia yuan xi kou	4
姚家园西里	yao jia yuan xi li	1
姚家坝村	yao jia ba cun	3
姚家小区	yao jia xiao qu	5
姚家岭	yao jia ling	7
姚家岭村	yao jia ling cun	5
姚家峪	yao jia yu	5
姚家巷	yao jia xiang	6
姚家庄	yao jia zhuang	2
姚家村	yao jia cun	5
姚家桥	yao jia qiao	2
姚家桥村	yao jia qiao cun	2
姚家湾	yao jia wan	5
姚家营	yao jia ying	4
姚州	yao zhou	30
姚庄	yao zhuang	5
姚庄村	yao zhuang cun	6
姚敬	yao jing	5
姚村村	yao cun cun	4
姚江	yao jiang	45
姚江公园	yao jiang gong yuan	5
姚江村	yao jiang cun	2
姚江胡同	yao jiang hu tong	2
姚江路	yao jiang lu	7
姚港	yao gang	1
姚港路	yao gang lu	1
姚隘路	yao ai lu	1
姜中	jiang zhong	6
姜凌	jiang ling	3
姜刘	jiang liu	5
姜北	jiang bei	7
姜园	jiang yuan	1
姜堰市	jiang yan shi	7
姜宇	jiang yu	17
姜家台	jiang jia tai	4
姜家园	jiang jia yuan	3
姜家圩	jiang jia wei	5
姜家山	jiang jia shan	5
姜家店乡	jiang jia dian xiang	4
姜家店朝鲜族乡	jiang jia dian chao xian zu xiang	2
姜家村	jiang jia cun	1
姜家湾	jiang jia wan	4
姜山头	jiang shan tou	1
姜川	jiang chuan	5
姜州乡	jiang zhou xiang	3
姜庄	jiang zhuang	7
姜庄村	jiang zhuang cun	2
姜庄村委会	jiang zhuang cun wei hui	2
姜庄湖	jiang zhuang hu	6
姜店村	jiang dian cun	2
姜村	jiang cun	8
姜桥	jiang qiao	9
姜泽峰	jiang ze feng	2
姜浩	jiang hao	6
姜源	jiang yuan	6
姜灶	jiang zao	3
姜莲村	jiang lian cun	3
姜菲	jiang fei	4
姬堂	ji tang	5
姬家庄	ji jia zhuang	4
威兰西	wei lan xi	4
威宁	wei ning	48
威宁路	wei ning lu	12
威尼斯水城	wei ni si shui cheng	6
威尼斯花园	wei ni si hua yuan	5
威廉斯塔德	wei lian si ta de	21
威旁乡	wei pang xiang	3
威派	wei pai	4
威溪乡	wei xi xiang	6
威王站	wei wang zhan	2
威瓦克	wei wa ke	4
威盛大厦	wei sheng da sha	2
威莱大街	wei lai da jie	3
娃娃山	wa wa shan	3
娄园	lou yuan	2
娄家庄	lou jia zhuang	2
娄山关路	lou shan guan lu	23
娄山路	lou shan lu	3
娄山道	lou shan dao	4
娄峪村	lou yu cun	3
娄村满族乡	lou cun man zu xiang	2
娄桥	lou qiao	3
娄桥中学	lou qiao zhong xue	4
娄桥镇	lou qiao zhen	6
娑婆乡	suo po xiang	4
娑罗家园	suo luo jia yuan	2
娘娘庄乡	niang niang zhuang xiang	3
娘娘庙	niang niang miao	44
娘娘庙前街	niang niang miao qian jie	2
娘娘府	niang niang fu	3
娘子神乡	niang zi shen xiang	3
娘拉乡	niang la xiang	3
婆湾	po wan	3
婆石	po shi	1
婺城	wu cheng	1
婺州公园	wu zhou gong yuan	4
婺江新村	wu jiang xin cun	3
嫘祖庙	lei zu miao	3
嫩哇乡	nen wa xiang	2
嫩江街	nen jiang jie	2
嫩江路	nen jiang lu	3
嫩江路包头路	nen jiang lu bao tou lu	3
嫩江里	nen jiang li	3
子中乡	zi zhong xiang	3
子位	zi wei	4
子午乡	zi wu xiang	2
子午路	zi wu lu	11
子午道	zi wu dao	5
子干乡	zi gan xiang	3
子庚乡	zi geng xiang	5
子思桥村	zi si qiao cun	3
子房山	zi fang shan	3
子材西大街	zi cai xi da jie	3
子桥	zi qiao	13
子洲	zi zhou	27
子洲路	zi zhou lu	2
子牙河	zi ya he	14
子牙河北	zi ya he bei	2
子牙河北路	zi ya he bei lu	2
子牙河南路	zi ya he nan lu	2
子科滩	zi ke tan	3
子科滩镇	zi ke tan zhen	4
子芳路	zi fang lu	3
子英	zi ying	26
子英村	zi ying cun	1
子里甲乡	zi li jia xiang	1
子长	zi chang	9
子长路	zi chang lu	5
孔坪乡	kong ping xiang	2
孔家埠	kong jia bu	3
孔家埭	kong jia dai	5
孔家崖街道	kong jia ya jie dao	6
孔家庄	kong jia zhuang	4
孔家村	kong jia cun	2
孔庄	kong zhuang	3
孔府	kong fu	29
孔村村委会	kong cun cun wei hui	2
孔氏乡	kong shi xiang	2
孔浦	kong pu	3
孔浦医院	kong pu yi yuan	3
孔滩	kong tan	3
孔玉	kong yu	10
孔玉乡	kong yu xiang	5
孔色乡	kong se xiang	4
孔雀公园	kong que gong yuan	6
孔雀胡同	kong que hu tong	2
孔集	kong ji	4
孖湾	ma wan	3
字嘎乡	zi ga xiang	3
字库街	zi ku jie	3
字街	zi jie	5
存仁	cun ren	31
孙丽娜	sun li na	7
孙卫	sun wei	3
孙口乡	sun kou xiang	3
孙史山村	sun shi shan cun	4
孙家坡	sun jia po	5
孙家坪	sun jia ping	4
孙家坪乡	sun jia ping xiang	4
孙家宅	sun jia zhai	1
孙家小庄	sun jia xiao zhuang	2
孙家岗	sun jia gang	1
孙家庄	sun jia zhuang	4
孙家村	sun jia cun	2
孙家桥	sun jia qiao	2
孙家桥村	sun jia qiao cun	4
孙家沟	sun jia gou	4
孙家沟乡	sun jia gou xiang	5
孙家湾	sun jia wan	3
孙家湾街道	sun jia wan jie dao	5
孙家滩开发区	sun jia tan kai fa qu	3
孙家院子	sun jia yuan zi	3
孙家集	sun jia ji	2
孙屋	sun wu	1
孙庄	sun zhuang	19
孙庄子	sun zhuang zi	3
孙庄村委会	sun zhuang cun wei hui	3
孙庄村村委会	sun zhuang cun cun wei hui	2
孙旺	sun wang	3
孙村开发区	sun cun kai fa qu	2
孙桥	sun qiao	3
孙桥农业园区	sun qiao nong ye yuan qu	3
孙河东站	sun he dong zhan	3
孙河乡政府	sun he xiang zheng fu	6
孙河村	sun he cun	6
孙洼村	sun wa cun	3
孙渡街道	sun du jie dao	3
孙王场村	sun wang chang cun	1
孙玮	sun wei	4
孙甘店乡	sun gan dian xiang	3
孙祠堂村	sun ci tang cun	2
孙窑	sun yao	2
孙航	sun hang	2
孙营	sun ying	2
孙都村	sun du cun	2
孜托镇	zi tuo zhen	3
孜热甫夏提塔吉克族乡	zi re fu xia ti ta ji ke zu xiang	3
孜然粉	zi ran fen	2
孝义县	xiao yi xian	26
孝义庄	xiao yi zhuang	2
孝义营	xiao yi ying	2
孝南	xiao nan	2
孝友胡同	xiao you hu tong	4
孝友里	xiao you li	4
孝庄小学	xiao zhuang xiao xue	2
孝感县	xiao gan xian	24
孝感市孝南区	xiao gan shi xiao nan qu	5
孝感市直	xiao gan shi zhi	3
孝陵卫	xiao ling wei	17
孝顺胡同	xiao shun hu tong	3
孟城	meng cheng	1
孟塬乡	meng yuan xiang	2
孟定农场	meng ding nong chang	2
孟家场	meng jia chang	2
孟家大院	meng jia da yuan	2
孟家官庄	meng jia guan zhuang	3
孟家屯	meng jia tun	6
孟家庄	meng jia zhuang	2
孟家村	meng jia cun	10
孟家村村委会	meng jia cun cun wei hui	2
孟家沟	meng jia gou	18
孟家沟村	meng jia gou cun	3
孟家湾乡	meng jia wan xiang	5
孟州市	meng zhou shi	10
孟庄	meng zhuang	39
孟店乡	meng dian xiang	5
孟德峰	meng de feng	2
孟村	meng cun	37
孟村村委会	meng cun cun wei hui	2
孟根布拉格苏木	meng gen bu la ge su mu	3
孟河	meng he	12
孟洲坝	meng zhou ba	4
孟溪村	meng xi cun	6
孟甘乡	meng gan xiang	3
孟疃	meng tuan	5
孟端胡同	meng duan hu tong	5
孟良崮	meng liang gu	37
孟连县	meng lian xian	25
孟连镇	meng lian zhen	2
孟鹏	meng peng	1
季华园西门	ji hua yuan xi men	1
季华路	ji hua lu	11
季园	ji yuan	4
季家	ji jia	7
季家庄	ji jia zhuang	2
季家村	ji jia cun	1
季庄社区	ji zhuang she qu	3
季延	ji yan	3
季明	ji ming	28
孤兀禺山	gu wu yu shan	3
孤堆乡	gu dui xiang	4
孤山口	gu shan kou	4
孤山村	gu shan cun	2
孤山路	gu shan lu	7
孤店乡	gu dian xiang	2
学一食堂	xue yi shi tang	5
学人书店	xue ren shu dian	6
学前东路	xue qian dong lu	2
学前街	xue qian jie	10
学各庄村	xue ge zhuang cun	3
学堂园	xue tang yuan	4
学堂坡	xue tang po	8
学堂墩	xue tang dun	3
学士路	xue shi lu	19
学士路北口	xue shi lu bei kou	1
学宫门正街	xue gong men zheng jie	3
学庄乡	xue zhuang xiang	4
学府园	xue fu yuan	3
学府大道西口	xue fu da dao xi kou	2
学府街西口	xue fu jie xi kou	3
学府路口	xue fu lu kou	2
学服	xue fu	3
学林街文汇路口	xue lin jie wen hui lu kou	2
学林街文泽路口	xue lin jie wen ze lu kou	3
学林街文澜路口	xue lin jie wen lan lu kou	2
学源街	xue yuan jie	5
学生服务中心	xue sheng fu wu zhong xin	2
学田北苑	xue tian bei yuan	3
学田苑	xue tian yuan	3
学知园	xue zhi yuan	5
学知园社区	xue zhi yuan she qu	3
学知桥	xue zhi qiao	7
学知桥北	xue zhi qiao bei	4
学研大厦	xue yan da sha	3
学老	xue lao	6
学苑北路	xue yuan bei lu	3
学苑商场	xue yuan shang chang	2
学苑路	xue yuan lu	5
学道街	xue dao jie	1
学院桥	xue yuan qiao	5
学院桥东	xue yuan qiao dong	4
学院桥西	xue yuan qiao xi	1
学院胡同	xue yuan hu tong	5
学院街	xue yuan jie	14
学院路北口	xue yuan lu bei kou	4
学院路口	xue yuan lu kou	1
学院路天目山路口	xue yuan lu tian mu shan lu kou	3
学院路文二路口	xue yuan lu wen er lu kou	3
孩儿巷	hai er xiang	9
宁兴小区	ning xing xiao qu	3
宁冈	ning gang	18
宁冈县	ning gang xian	6
宁利乡	ning li xiang	4
宁化新村	ning hua xin cun	1
宁化路	ning hua lu	2
宁化路口	ning hua lu kou	3
宁华路街道	ning hua lu jie dao	4
宁南	ning nan	40
宁启铁路	ning qi tie lu	46
宁国县	ning guo xian	35
宁国市	ning guo shi	19
宁国路	ning guo lu	22
宁夏区	ning xia qu	2
宁夏湾	ning xia wan	4
宁夏自治区	ning xia zi zhi qu	35
宁夏街	ning xia jie	2
宁夏路	ning xia lu	17
宁安县	ning an xian	26
宁安小区	ning an xiao qu	6
宁安市	ning an shi	13
宁家村	ning jia cun	1
宁家湾村	ning jia wan cun	3
宁山路	ning shan lu	8
宁川路	ning chuan lu	3
宁工新寓	ning gong xin yu	7
宁庄村	ning zhuang cun	1
宁康乡	ning kang xiang	4
宁康园	ning kang yuan	4
宁德县	ning de xian	13
宁新街道	ning xin jie dao	4
宁木特乡	ning mu te xiang	1
宁条梁镇	ning tiao liang zhen	4
宁桥路	ning qiao lu	2
宁武路	ning wu lu	4
宁水花园	ning shui hua yuan	5
宁河区	ning he qu	11
宁波大厦	ning bo da sha	2
宁波房地产市场	ning bo fang di chan shi chang	4
宁波路	ning bo lu	20
宁波道	ning bo dao	4
宁海中学	ning hai zhong xue	11
宁海中学分校	ning hai zhong xue fen xiao	7
宁海小区	ning hai xiao qu	3
宁海路	ning hai lu	17
宁穿路	ning chuan lu	5
宁站	ning zhan	20
宁芜铁路	ning wu tie lu	8
宁蒗	ning lang	21
宁蒗县	ning lang xian	9
宁边路街道	ning bian lu jie dao	4
宁通	ning tong	6
宁阳路	ning yang lu	1
宁陕	ning shan	18
宅内	zhai nei	26
宅北乡	zhai bei xiang	4
宅科	zhai ke	1
宅西	zhai xi	3
宅边	zhai bian	1
宇智波佐助	yu zhi bo zuo zhu	29
宇智波鼬	yu zhi bo you	13
宇秦园	yu qin yuan	2
宇纬路	yu wei lu	2
宇航小区	yu hang xiao qu	3
宇路	yu lu	31
守仁桥街	shou ren qiao jie	2
守虎山林场	shou hu shan lin chang	1
安下	an xia	11
安丘县	an qiu xian	45
安丘市	an qiu shi	36
安业乡	an ye xiang	2
安业馨园	an ye xin yuan	2
安东村	an dong cun	1
安东街	an dong jie	13
安东街北口	an dong jie bei kou	3
安中村	an zhong cun	1
安丰路	an feng lu	8
安乐堂	an le tang	10
安乐堂胡同	an le tang hu tong	2
安乐庄	an le zhuang	3
安乐新村	an le xin cun	5
安乐林	an le lin	6
安乐林社区	an le lin she qu	4
安乐河乡	an le he xiang	2
安乐街	an le jie	3
安乐路	an le lu	19
安云路	an yun lu	1
安仁坊	an ren fang	7
安兜	an dou	4
安全村	an quan cun	7
安冲乡	an chong xiang	6
安利隆	an li long	5
安前	an qian	4
安化楼	an hua lou	5
安化楼社区	an hua lou she qu	2
安北街道	an bei jie dao	2
安华桥	an hua qiao	5
安华桥南	an hua qiao nan	3
安华西里	an hua xi li	6
安华里	an hua li	6
安厦世纪城	an sha shi ji cheng	2
安各庄	an ge zhuang	2
安后	an hou	6
安后村	an hou cun	2
安和街道	an he jie dao	4
安品街	an pin jie	1
安国县	an guo xian	14
安国寺	an guo si	34
安国市	an guo shi	12
安场	an chang	4
安城村	an cheng cun	8
安埠街道	an bu jie dao	2
安塘	an tang	9
安外甘水桥	an wai gan shui qiao	4
安子岭	an zi ling	1
安子沟	an zi gou	4
安孜乡	an zi xiang	2
安宁县	an ning xian	8
安宁市	an ning shi	42
安宁庄东路	an ning zhuang dong lu	5
安宁庄东路南口	an ning zhuang dong lu nan kou	1
安宁庄北路	an ning zhuang bei lu	1
安宁庄小区	an ning zhuang xiao qu	2
安宁村	an ning cun	5
安宁桥	an ning qiao	4
安宁渠	an ning qu	8
安宁西路街道	an ning xi lu jie dao	4
安宁里	an ning li	4
安宁里南站	an ning li nan zhan	3
安定小学	an ding xiao xue	1
安定广场	an ding guang chang	1
安定社区	an ding she qu	1
安定苑	an ding yuan	2
安定里	an ding li	31
安家庄	an jia zhuang	1
安家楼	an jia lou	1
安家沟	an jia gou	5
安富市场	an fu shi chang	2
安居园	an ju yuan	6
安居坊	an ju fang	3
安居小区	an ju xiao qu	1
安州大道	an zhou da dao	3
安平大厦	an ping da sha	4
安平小区	an ping xiao qu	3
安平村	an ping cun	2
安平桥	an ping qiao	7
安庄村委会	an zhuang cun wei hui	2
安庆路	an qing lu	16
安康办	an kang ban	1
安康医院	an kang yi yuan	6
安康县	an kang xian	27
安康地区	an kang di qu	8
安康街道	an kang jie dao	2
安康路	an kang lu	11
安德路	an de lu	4
安德路南社区	an de lu nan she qu	2
安德路西口	an de lu xi kou	4
安徽和县历阳镇	an hui he xian li yang zhen	2
安徽大厦	an hui da sha	1
安徽无为县高沟镇	an hui wu wei xian gao gou zhen	3
安徽省利辛县	an hui sheng li xin xian	10
安徽省怀宁县	an hui sheng huai ning xian	3
安徽省无为县	an hui sheng wu wei xian	7
安徽省枞阳县	an hui sheng zong yang xian	4
安徽省潜山县	an hui sheng qian shan xian	13
安徽路	an hui lu	23
安怀新村	an huai xin cun	5
安怀村	an huai cun	2
安慧东里社区	an hui dong li she qu	4
安慧北里秀雅社区	an hui bei li xiu ya she qu	3
安慧桥	an hui qiao	7
安慧桥东	an hui qiao dong	5
安慧桥北	an hui qiao bei	4
安慧桥西	an hui qiao xi	3
安斗乡	an dou xiang	3
安新	an xin	9
安曲乡	an qu xiang	5
安格庄乡	an ge zhuang xiang	3
安桥村	an qiao cun	4
安次	an ci	8
安民街	an min jie	1
安沙	an sha	22
安泰中心	an tai zhong xin	5
安洲坝村	an zhou ba cun	3
安淡	an dan	5
安溪村	an xi cun	6
安澜路	an lan lu	6
安灵苑	an ling yuan	5
安然村	an ran cun	4
安燃	an ran	4
安监局	an jian ju	31
安祥寺	an xiang si	3
安福胡同	an fu hu tong	6
安纳布尔纳峰	an na bu er na feng	14
安绕镇	an rao zhen	3
安置农场	an zhi nong chang	5
安羌乡	an qiang xiang	4
安美	an mei	7
安美居	an mei ju	4
安美村	an mei cun	2
安苑东里	an yuan dong li	4
安苑路	an yuan lu	5
安荣	an rong	7
安荣乡	an rong xiang	2
安蔡楼镇	an cai lou zhen	2
安装公司	an zhuang gong si	15
安装四处	an zhuang si chu	5
安西大都护府	an xi da du hu fu	5
安西都护府	an xi du hu fu	14
安贞医院	an zhen yi yuan	11
安贞医院北站	an zhen yi yuan bei zhan	3
安贞大厦	an zhen da sha	1
安贞桥	an zhen qiao	7
安贞桥东	an zhen qiao dong	6
安贞桥北	an zhen qiao bei	2
安贞桥西	an zhen qiao xi	5
安贞西里	an zhen xi li	7
安贞里	an zhen li	7
安贞里社区	an zhen li she qu	3
安辛庄	an xin zhuang	2
安达公司	an da gong si	7
安达县	an da xian	5
安达市	an da shi	35
安达路	an da lu	1
安通驾校	an tong jia xiao	5
安邑街道	an yi jie dao	3
安邦河	an bang he	14
安阳市北关区	an yang shi bei guan qu	2
安阳花苑	an yang hua yuan	2
安阳街	an yang jie	2
安陆县	an lu xian	35
安陆市	an lu shi	18
安静街道	an jing jie dao	1
安顺县	an shun xian	3
安顺地区	an shun di qu	3
安马乡	an ma xiang	1
宋代羊城八景	song dai yang cheng ba jing	4
宋光	song guang	20
宋各庄乡	song ge zhuang xiang	3
宋君	song jun	13
宋坪乡	song ping xiang	4
宋坪村	song ping cun	6
宋塘路	song tang lu	2
宋姑娘胡同	song gu niang hu tong	2
宋家园	song jia yuan	3
宋家坡	song jia po	2
宋家坡村	song jia po cun	4
宋家塘	song jia tang	1
宋家巷子	song jia xiang zi	3
宋家庄	song jia zhuang	40
宋家村	song jia cun	1
宋家桥	song jia qiao	5
宋家桥街道	song jia qiao jie dao	5
宋家沟	song jia gou	1
宋家沟乡	song jia gou xiang	5
宋家河村	song jia he cun	3
宋岗	song gang	10
宋市村	song shi cun	3
宋庄子乡	song zhuang zi xiang	4
宋庄村委会	song zhuang cun wei hui	3
宋庄路第一社区	song zhuang lu di yi she qu	2
宋庄铸造厂	song zhuang zhu zao chang	3
宋店	song dian	1
宋建文	song jian wen	1
宋戈庄	song ge zhuang	3
宋村	song cun	16
宋村村	song cun cun	4
宋桥	song qiao	6
宋梅桥	song mei qiao	2
宋殿	song dian	7
宋江村	song jiang cun	5
宋溪村	song xi cun	2
宋石	song shi	1
宋石村	song shi cun	2
宋都	song du	9
宋都美域	song du mei yu	6
完县	wan xian	6
完工镇	wan gong zhen	3
宏三	hong san	4
宏业村街道	hong ye cun jie dao	2
宏丰乡	hong feng xiang	2
宏利大厦	hong li da sha	4
宏升乡	hong sheng xiang	2
宏坝	hong ba	4
宏城花园	hong cheng hua yuan	7
宏基花园	hong ji hua yuan	4
宏塔社区	hong ta she qu	2
宏大小区	hong da xiao qu	2
宏大广场	hong da guang chang	1
宏学路	hong xue lu	3
宏康路	hong kang lu	1
宏建村	hong jian cun	2
宏德中学	hong de zhong xue	3
宏怡花园	hong yi hua yuan	2
宏昌路	hong chang lu	1
宏桥乡	hong qiao xiang	2
宏模乡	hong mo xiang	3
宏济桥头	hong ji qiao tou	2
宏源路	hong yuan lu	5
宏盘乡	hong pan xiang	4
宏盛家园	hong sheng jia yuan	3
宏福苑小区	hong fu yuan xiao qu	6
宏福苑小区西	hong fu yuan xiao qu xi	5
宏福路	hong fu lu	4
宏缘乡	hong yuan xiang	4
宏苑小区	hong yuan xiao qu	2
宏达中路	hong da zhong lu	1
宏道	hong dao	36
宗关	zong guan	18
宗关街道	zong guan jie dao	1
宗别立镇	zong bie li zhen	5
宗加镇	zong jia zhen	2
宗城	zong cheng	15
宗塔	zong ta	2
宗塔乡	zong ta xiang	4
宗岱	zong dai	45
宗海乡	zong hai xiang	2
宗科乡	zong ke xiang	3
宗营	zong ying	2
宗麦乡	zong mai xiang	3
官书院	guan shu yuan	2
官书院胡同	guan shu yuan hu tong	4
官亭路	guan ting lu	14
官仓村	guan cang cun	4
官保巷	guan bao xiang	2
官儿乡	guan er xiang	4
官冲	guan chong	5
官前	guan qian	7
官升镇	guan sheng zhen	1
官后	guan hou	8
官园	guan yuan	26
官园社区	guan yuan she qu	4
官园街道	guan yuan jie dao	2
官坑	guan keng	5
官塘	guan tang	45
官塘三村	guan tang san cun	2
官头	guan tou	4
官家村	guan jia cun	3
官寨苗族乡	guan zhai miao zu xiang	2
官山林场	guan shan lin chang	4
官巷口	guan xiang kou	5
官庄小学	guan zhuang xiao xue	5
官庄村委会	guan zhuang cun wei hui	3
官庄道口	guan zhuang dao kou	3
官庙	guan miao	2
官志卷村	guan zhi juan cun	3
官房胡同	guan fang hu tong	2
官桥村	guan qiao cun	4
官桥社区	guan qiao she qu	1
官洋	guan yang	1
官洋村	guan yang cun	1
官洲	guan zhou	8
官渡桥	guan du qiao	4
官溪	guan xi	3
官溪村	guan xi cun	2
官滩	guan tan	1
官滩乡	guan tan xiang	3
官牛坊	guan niu fang	1
官田小学	guan tian xiao xue	5
官田村	guan tian cun	4
官盛镇	guan sheng zhen	4
官窖村	guan jiao cun	2
官道路口	guan dao lu kou	3
官阳	guan yang	1
官黎坪街道	guan li ping jie dao	1
官龙村	guan long cun	5
定东乡	ding dong xiang	5
定中门街道	ding zhong men jie dao	3
定仙墕镇	ding xian yan zhen	3
定坊	ding fang	13
定宁镇	ding ning zhen	3
定安桥	ding an qiao	2
定安苑	ding an yuan	1
定安路	ding an lu	5
定安镇	ding an zhen	1
定居胡同	ding ju hu tong	3
定慧北桥	ding hui bei qiao	4
定慧寺	ding hui si	11
定慧寺东	ding hui si dong	5
定慧桥	ding hui qiao	2
定慧桥东	ding hui qiao dong	3
定慧桥北	ding hui qiao bei	4
定慧桥南	ding hui qiao nan	4
定日	ding ri	10
定时班车	ding shi ban che	13
定波	ding bo	4
定波乡	ding bo xiang	3
定海新村	ding hai xin cun	4
定海村	ding hai cun	1
定海桥	ding hai qiao	6
定海路	ding hai lu	8
定淮门	ding huai men	11
定王台	ding wang tai	1
定福庄	ding fu zhuang	12
定福庄村	ding fu zhuang cun	5
定福庄西村	ding fu zhuang xi cun	3
定福黄庄	ding fu huang zhuang	4
定福黄庄村	ding fu huang zhuang cun	5
定结	ding jie	5
定结乡	ding jie xiang	2
定襄郡	ding xiang jun	12
定西南里社区	ding xi nan li she qu	2
定西地区	ding xi di qu	4
定西路	ding xi lu	13
定身术	ding shen shu	5
定辛庄村	ding xin zhuang cun	4
定陵	ding ling	41
定陵道口	ding ling dao kou	3
定鼎路	ding ding lu	2
宛城	wan cheng	20
宛委山	wan wei shan	4
宛平南路	wan ping nan lu	24
宛平路	wan ping lu	10
宛水街道	wan shui jie dao	4
宜丰	yi feng	43
宜丰县工业园区	yi feng xian gong ye yuan qu	4
宜兴乡	yi xing xiang	3
宜兴街	yi xing jie	2
宜兴路	yi xing lu	1
宜园	yi yuan	4
宜坪乡	yi ping xiang	3
宜城县	yi cheng xian	12
宜城市	yi cheng shi	8
宜家装饰广场	yi jia zhuang shi guang chang	2
宜宾道	yi bin dao	3
宜山北路	yi shan bei lu	5
宜山县	yi shan xian	10
宜山路	yi shan lu	26
宜川二村	yi chuan er cun	2
宜川四村	yi chuan si cun	1
宜川路	yi chuan lu	21
宜川路街道	yi chuan lu jie dao	8
宜州市	yi zhou shi	12
宜昌县	yi chang xian	22
宜昌开发区	yi chang kai fa qu	6
宜昌桃花岭饭店	yi chang tao hua ling fan dian	2
宜昌路	yi chang lu	47
宜昌道	yi chang dao	3
宜春县	yi chun xian	43
宜春地区	yi chun di qu	2
宜木	yi mu	4
宜木乡	yi mu xiang	5
宜村	yi cun	8
宜棉小区	yi mian xiao qu	4
宜正路	yi zheng lu	2
宜清路	yi qing lu	2
宜牧地乡	yi mu di xiang	4
宜白路	yi bai lu	4
宜秀	yi xiu	8
宜都县	yi du xian	10
宜都市	yi du shi	13
宜里镇	yi li zhen	3
宜阳新区	yi yang xin qu	4
宜黄	yi huang	39
宝东路	bao dong lu	3
宝中路	bao zhong lu	3
宝丰二路	bao feng er lu	5
宝丰路	bao feng lu	20
宝丽路	bao li lu	3
宝丽雅	bao li ya	6
宝云山	bao yun shan	2
宝五乡	bao wu xiang	3
宝交公司	bao jiao gong si	5
宝产胡同	bao chan hu tong	9
宝仪花园	bao yi hua yuan	3
宝华山	bao hua shan	14
宝华路	bao hua lu	5
宝华路口	bao hua lu kou	5
宝南街	bao nan jie	2
宝南路	bao nan lu	4
宝台乡	bao tai xiang	2
宝商集团	bao shang ji tuan	4
宝善公寓	bao shan gong yu	3
宝善庄	bao shan zhuang	2
宝善桥	bao shan qiao	24
宝善桥建国路口	bao shan qiao jian guo lu kou	4
宝善街	bao shan jie	3
宝地区	bao di qu	3
宝地园	bao di yuan	6
宝城路	bao cheng lu	6
宝塔下	bao ta xia	5
宝塔山	bao ta shan	13
宝塔山村	bao ta shan cun	4
宝塔根	bao ta gen	5
宝塔桥	bao ta qiao	1
宝塔桥东街	bao ta qiao dong jie	1
宝塔河	bao ta he	1
宝塔河街道	bao ta he jie dao	1
宝塔路街道	bao ta lu jie dao	5
宝威	bao wei	3
宝安北路	bao an bei lu	7
宝安区政府	bao an qu zheng fu	3
宝安南路	bao an nan lu	7
宝安商厦	bao an shang sha	2
宝安广场	bao an guang chang	3
宝安机场	bao an ji chang	32
宝安汽车站	bao an qi che zhan	7
宝山下	bao shan xia	2
宝山区界	bao shan qu jie	2
宝山医院	bao shan yi yuan	1
宝山宾馆	bao shan bin guan	4
宝山社区	bao shan she qu	6
宝山路	bao shan lu	27
宝山饭店	bao shan fan dian	1
宝岗大道	bao gang da dao	5
宝岗大道总站	bao gang da dao zong zhan	4
宝岛路	bao dao lu	4
宝峰	bao feng	43
宝峰彝族乡	bao feng yi zu xiang	2
宝带路	bao dai lu	3
宝平路	bao ping lu	7
宝成仪表厂	bao cheng yi biao chang	1
宝日呼吉尔街道	bao ri hu ji er jie dao	3
宝日希勒镇	bao ri xi le zhen	4
宝昌路	bao chang lu	3
宝杨码头	bao yang ma tou	6
宝杨路	bao yang lu	4
宝杨路汽车站	bao yang lu qi che zhan	3
宝林寺	bao lin si	8
宝林路	bao lin lu	5
宝楼	bao lou	1
宝民二路	bao min er lu	6
宝民路	bao min lu	4
宝汉公路	bao han gong lu	4
宝泉岭分局	bao quan ling fen ju	5
宝洲	bao zhou	11
宝洲小商品市场	bao zhou xiao shang pin shi chang	2
宝深路	bao shen lu	6
宝源乡	bao yuan xiang	2
宝源社区	bao yuan she qu	5
宝源路	bao yuan lu	2
宝潭村	bao tan cun	2
宝灵街	bao ling jie	3
宝珊花园	bao shan hua yuan	2
宝珠子胡同	bao zhu zi hu tong	2
宝珠镇	bao zhu zhen	3
宝界村	bao jie cun	2
宝盖胡同	bao gai hu tong	2
宝盛乡	bao sheng xiang	10
宝盛西里	bao sheng xi li	3
宝盛里	bao sheng li	1
宝盛里小区	bao sheng li xiao qu	2
宝石新村	bao shi xin cun	4
宝祥	bao xiang	13
宝福路	bao fu lu	4
宝秀路	bao xiu lu	3
宝美	bao mei	34
宝美村	bao mei cun	3
宝藏乡	bao zang xiang	2
宝通道	bao tong dao	3
宝都	bao du	9
宝都村	bao du cun	3
宝钛集团	bao tai ji tuan	6
宝钞南社区	bao chao nan she qu	4
宝钞胡同	bao chao hu tong	3
宝钢医院	bao gang yi yuan	7
宝隆公寓小区	bao long gong yu xiao qu	4
宝马路	bao ma lu	5
宝马镇	bao ma zhen	1
宝鸡东岭集团	bao ji dong ling ji tuan	4
宝鸡东道	bao ji dong dao	3
宝鸡中学	bao ji zhong xue	1
宝鸡卷烟厂	bao ji juan yan chang	5
宝鸡县	bao ji xian	17
宝鸡商场	bao ji shang chang	5
宝鸡文理学院	bao ji wen li xue yuan	6
宝鸡桥梁厂	bao ji qiao liang chang	5
宝鸡石油中学	bao ji shi you zhong xue	4
宝鸡石油机械厂	bao ji shi you ji xie chang	3
宝鸡石油机械有限公司	bao ji shi you ji xie you xian gong si	3
宝鸡石油钢管厂	bao ji shi you gang guan chang	1
宝鸡职业技术学院	bao ji zhi ye ji shu xue yuan	1
宝麓山庄	bao lu shan zhuang	5
宝龙城市广场	bao long cheng shi guang chang	8
实兴乡	shi xing xiang	2
实辉巷	shi hui xiang	4
实验室与设备处	shi yan shi yu she bei chu	3
实验站	shi yan zhan	21
审章塘瑶族乡	shen zhang tang yao zu xiang	6
审计局	shen ji ju	44
客头	ke tou	7
客户地址	ke hu di zhi	1
客楼	ke lou	1
客运东站	ke yun dong zhan	4
客运中心站	ke yun zhong xin zhan	32
客运西站	ke yun xi zhan	9
宣内	xuan nei	5
宣化村	xuan hua cun	3
宣城地区	xuan cheng di qu	4
宣城路	xuan cheng lu	1
宣大高速	xuan da gao su	8
宣威县	xuan wei xian	1
宣威市	xuan wei shi	14
宣家埠一区	xuan jia bu yi qu	2
宣家埠二区	xuan jia bu er qu	2
宣州市	xuan zhou shi	4
宣平堡乡	xuan ping bu xiang	5
宣恩	xuan en	47
宣武医院	xuan wu yi yuan	13
宣武市场	xuan wu shi chang	5
宣河乡	xuan he xiang	3
宣闸	xuan zha	1
宣颐家园	xuan yi jia yuan	5
室韦俄罗斯族民族乡	shi wei e luo si zu min zu xiang	2
宫前路	gong qian lu	5
宫前道	gong qian dao	3
宫北大街	gong bei da jie	1
宫南大街	gong nan da jie	3
宫口村	gong kou cun	3
宫家庄	gong jia zhuang	2
宫巷口	gong xiang kou	2
宫庄	gong zhuang	7
宫角	gong jiao	5
宫门口社区	gong men kou she qu	3
宰相庄	zai xiang zhuang	3
宰相庄村	zai xiang zhuang cun	3
家世界	jia shi jie	13
家世界超市	jia shi jie chao shi	4
家乡亲	jia xiang qin	6
家俱城	jia ju cheng	5
家具市场	jia ju shi chang	7
家园里	jia yuan li	4
家属区	jia shu qu	13
家属村	jia shu cun	1
家润碧泽园	jia run bi ze yuan	3
家电市场	jia dian shi chang	1
家福超市	jia fu chao shi	2
容城	rong cheng	23
容大	rong da	32
容奇	rong qi	4
容山书院	rong shan shu yuan	4
容山商场	rong shan shang chang	3
容新	rong xin	2
容桂	rong gui	42
容桂中学	rong gui zhong xue	6
容桂法庭	rong gui fa ting	4
容边	rong bian	5
容里	rong li	3
容里中学	rong li zhong xue	3
容里小学	rong li xiao xue	4
宽城县	kuan cheng xian	7
宽塘	kuan tang	4
宽巷子	kuan xiang zi	19
宾友道	bin you dao	2
宾川	bin chuan	44
宾悦桥	bin yue qiao	4
宾水西道	bin shui xi dao	4
宾水道	bin shui dao	5
宾达乡	bin da xiang	3
宾阳路	bin yang lu	4
宾馆南道	bin guan nan dao	3
宾馆西路	bin guan xi lu	1
宾馆路	bin guan lu	3
宿县地区	su xian di qu	3
宿松路	su song lu	3
宿纬路	su wei lu	3
宿豫	su yu	21
宿迁县	su qian xian	15
密云一支路	mi yun yi zhi lu	3
密云交通局	mi yun jiao tong ju	3
密云十里堡	mi yun shi li pu	6
密云南菜园	mi yun nan cai yuan	3
密云县医院	mi yun xian yi yuan	8
密云县政府	mi yun xian zheng fu	8
密云奥林匹克公园	mi yun ao lin pi ke gong yuan	4
密云工商局	mi yun gong shang ju	2
密云新农村	mi yun xin nong cun	3
密云果园小区	mi yun guo yuan xiao qu	3
密云检测场	mi yun jian ce chang	3
密云水库	mi yun shui ku	22
密云汽车站	mi yun qi che zhan	2
密云河南寨	mi yun he nan zhai	1
密云火车站	mi yun huo che zhan	3
密云西大桥	mi yun xi da qiao	3
密云路	mi yun lu	12
密云鼓楼	mi yun gu lou	1
密山县	mi shan xian	13
密山市	mi shan shi	12
密岩	mi yan	3
密州	mi zhou	34
密执安州	mi zhi an zhou	1
密水	mi shui	2
密水街道	mi shui jie dao	5
密渡桥路口	mi du qiao lu kou	1
密溪林场	mi xi lin chang	2
密灌	mi guan	5
密西小区	mi xi xiao qu	2
寇家塬镇	kou jia yuan zhen	2
寇庄村	kou zhuang cun	4
富东街	fu dong jie	1
富丰桥南	fu feng qiao nan	2
富丰桥西	fu feng qiao xi	6
富丽华大酒店	fu li hua da jiu dian	7
富丽家园	fu li jia yuan	5
富丽山庄	fu li shan zhuang	7
富丽花园	fu li hua yuan	7
富丽苑	fu li yuan	3
富乐乡	fu le xiang	3
富乐北里	fu le bei li	3
富乐北里社区	fu le bei li she qu	4
富乐小区	fu le xiao qu	4
富乐社区	fu le she qu	3
富仕广场	fu shi guang chang	3
富兴	fu xing	19
富兴堡街道	fu xing bao jie dao	2
富兴路	fu xing lu	1
富力半岛花园	fu li ban dao hua yuan	6
富力又一城	fu li you yi cheng	7
富力又一城南区	fu li you yi cheng nan qu	4
富华大厦	fu hua da sha	6
富华广场	fu hua guang chang	4
富华街	fu hua jie	3
富华路口	fu hua lu kou	3
富卓苑社区	fu zhuo yuan she qu	3
富发	fu fa	23
富口	fu kou	1
富各庄	fu ge zhuang	5
富国街	fu guo jie	8
富国里社区	fu guo li she qu	4
富地	fu di	36
富坑	fu keng	5
富坪	fu ping	1
富塘乡	fu tang xiang	1
富士达	fu shi da	7
富奥临河湾	fu ao lin he wan	2
富宁街街道	fu ning jie jie dao	6
富安工业区	fu an gong ye qu	4
富官庄乡	fu guan zhuang xiang	2
富川县	fu chuan xian	16
富工街	fu gong jie	2
富平路	fu ping lu	6
富庄	fu zhuang	3
富庄镇	fu zhuang zhen	3
富康花园	fu kang hua yuan	27
富康路	fu kang lu	3
富建胡同	fu jian hu tong	2
富强南里社区	fu qiang nan li she qu	2
富强村	fu qiang cun	4
富强胡同	fu qiang hu tong	16
富强路	fu qiang lu	6
富强道	fu qiang dao	3
富拉尔基	fu la er ji	11
富春江花园	fu chun jiang hua yuan	3
富春江路	fu chun jiang lu	1
富有道	fu you dao	3
富村	fu cun	34
富林路	fu lin lu	1
富森美家居	fu sen mei jia ju	8
富民东路	fu min dong lu	3
富民区	fu min qu	3
富民小区	fu min xiao qu	6
富民广场	fu min guang chang	4
富民经济开发区	fu min jing ji kai fa qu	3
富民街道	fu min jie dao	3
富民路	fu min lu	19
富河园北门	fu he yuan bei men	2
富河园小区	fu he yuan xiao qu	5
富海镇	fu hai zhen	2
富润社区	fu run she qu	3
富港	fu gang	4
富源里	fu yuan li	4
富溪工业园区	fu xi gong ye yuan qu	3
富溪村	fu xi cun	1
富盛	fu sheng	17
富禄苗族乡	fu lu miao zu xiang	3
富纳富提	fu na fu ti	15
富藏乡	fu zang xiang	3
富裕市场	fu yu shi chang	3
富裕村	fu yu cun	1
富裕路	fu yu lu	1
富贵园	fu gui yuan	3
富贵山	fu gui shan	2
富贵路	fu gui lu	2
富贵鸟	fu gui niao	19
富路镇	fu lu zhen	2
富达广场	fu da guang chang	3
富锦县	fu jin xian	15
富锦嘉园社区	fu jin jia yuan she qu	3
富锦市	fu jin shi	20
富锦路	fu jin lu	5
富阳农民城	fu yang nong min cheng	3
富阳市	fu yang shi	20
富雅坪	fu ya ping	6
富顺乡	fu shun xiang	6
富饶乡	fu rao xiang	2
寒亭	han ting	23
寒桥	han qiao	3
寒石	han shi	1
寒葱沟镇	han cong gou zhen	1
察哈尔路	cha ha er lu	1
察尔其镇	cha er qi zhen	2
察布乡	cha bu xiang	3
察布查尔	cha bu cha er	15
察布查尔县	cha bu cha er xian	8
察布查尔锡伯	cha bu cha er xi bo	9
察拉乡	cha la xiang	2
察汗乌苏镇	cha han wu su zhen	4
察院胡同	cha yuan hu tong	4
察雅	cha ya	18
寨上	zhai shang	5
寨上村	zhai shang cun	6
寨下	zhai xia	5
寨仔	zhai zai	1
寨内	zhai nei	16
寨前村	zhai qian cun	3
寨口	zhai kou	2
寨后	zhai hou	5
寨后村	zhai hou cun	4
寨圪塔乡	zhai ge ta xiang	4
寨坡乡	zhai po xiang	4
寨坪	zhai ping	2
寨外	zhai wai	4
寨子塔	zhai zi ta	3
寨子岗	zhai zi gang	3
寨子村	zhai zi cun	9
寨桥	zhai qiao	1
寨湾村	zhai wan cun	2
寨顶	zhai ding	5
寮前	liao qian	5
寮山	liao shan	9
寮背窝	liao bei wo	3
寸金街道	cun jin jie dao	2
对坡镇	dui po zhen	5
对坪	dui ping	6
对外口岸	dui wai kou an	4
对外学术文化交流中心	dui wai xue shu wen hua jiao liu zhong xin	4
对外经贸大学	dui wai jing mao da xue	14
对川茶场	dui chuan cha chang	4
对旗山	dui qi shan	2
对河口村	dui he kou cun	3
对湖	dui hu	9
对湖街道	dui hu jie dao	1
对湖路	dui hu lu	5
对溪村	dui xi cun	3
对竹镇	dui zhu zhen	7
对角沟门村	dui jiao gou men cun	3
对达	dui da	11
对门山	dui men shan	1
对门岭	dui men ling	4
对面坡	dui mian po	2
对面街	dui mian jie	6
对面铺	dui mian pu	5
寺上	si shang	5
寺上村村委会	si shang cun cun wei hui	5
寺东	si dong	35
寺儿沟	si er gou	2
寺后	si hou	44
寺坡	si po	5
寺坡村	si po cun	1
寺头	si tou	2
寺寨乡	si zhai xiang	1
寺山乡	si shan xiang	2
寺桥	si qiao	9
寺沟村	si gou cun	2
寺街	si jie	27
寺西	si xi	35
寺门村	si men cun	3
寻乌	xun wu	35
寻寨镇	xun zhai zhen	3
寻甸	xun dian	32
寻甸县	xun dian xian	13
导生	dao sheng	22
导航站	dao hang zhan	4
寿乐镇	shou le zhen	4
寿保乡	shou bao xiang	1
寿园里	shou yuan li	2
寿宝庄	shou bao zhuang	1
寿宝庄北站	shou bao zhuang bei zhan	2
寿宝庄村	shou bao zhuang cun	4
寿山寺乡	shou shan si xiang	3
寿星街	shou xing jie	6
寿春路	shou chun lu	6
寿比胡同	shou bi hu tong	1
寿民路	shou min lu	3
寿逾百胡同	shou yu bai hu tong	2
封窦乡	feng dou xiang	2
射击馆	she ji guan	1
将军关	jiang jun guan	6
将军台	jiang jun tai	4
将军坟	jiang jun fen	11
将军坨风景区	jiang jun tuo feng jing qu	3
将军堡街道	jiang jun bao jie dao	4
将军山	jiang jun shan	46
将军帽	jiang jun mao	2
将军村	jiang jun cun	11
将军桥	jiang jun qiao	1
将军港	jiang jun gang	3
将军碑	jiang jun bei	5
将军祠	jiang jun ci	10
将军第	jiang jun di	10
将军衙门街	jiang jun ya men jie	3
将军路	jiang jun lu	12
将台洼	jiang tai wa	1
将坛东路	jiang tan dong lu	2
将坛西路	jiang tan xi lu	2
将坛路	jiang tan lu	3
尉家坡	yu jia po	3
尉庄乡	yu zhuang xiang	3
尉犁	yu li	23
尉郭乡	yu guo xiang	1
尊园	zun yuan	6
小万山岛	xiao wan shan dao	6
小世界幼儿园	xiao shi jie you er yuan	2
小丘镇	xiao qiu zhen	5
小东庄	xiao dong zhuang	11
小东梁	xiao dong liang	1
小东沟	xiao dong gou	6
小东流	xiao dong liu	6
小东社区	xiao dong she qu	1
小东营	xiao dong ying	3
小东镇	xiao dong zhen	2
小东门	xiao dong men	44
小东门东站	xiao dong men dong zhan	2
小丰营	xiao feng ying	5
小二台乡	xiao er tai xiang	5
小于家	xiao yu jia	2
小井子	xiao jing zi	1
小井胡同	xiao jing hu tong	3
小伙巷	xiao huo xiang	3
小何西村	xiao he xi cun	6
小六部口胡同	xiao liu bu kou hu tong	4
小关庙街	xiao guan miao jie	6
小刘寨	xiao liu zhai	3
小务村	xiao wu cun	4
小北关村	xiao bei guan cun	3
小北哨村	xiao bei shao cun	2
小北坞村	xiao bei wu cun	3
小北堡村	xiao bei pu cun	3
小北沟	xiao bei gou	2
小北街	xiao bei jie	5
小十三里	xiao shi san li	3
小十字	xiao shi zi	13
小半截胡同	xiao ban jie hu tong	4
小南国	xiao nan guo	32
小南沟乡	xiao nan gou xiang	4
小南门桥	xiao nan men qiao	3
小博士幼儿园	xiao bo shi you er yuan	1
小卫街	xiao wei jie	7
小取灯胡同	xiao qu deng hu tong	3
小口袋胡同	xiao kou dai hu tong	3
小古道巷	xiao gu dao xiang	5
小召前街街道	xiao zhao qian jie jie dao	2
小吉场镇	xiao ji chang zhen	4
小吕家	xiao lv jia	4
小吕寨镇	xiao lv zhai zhen	2
小吴门	xiao wu men	4
小周各庄村	xiao zhou ge zhuang cun	2
小唐庄村	xiao tang zhuang cun	1
小商品市场	xiao shang pin shi chang	23
小四平镇	xiao si ping zhen	4
小围堤	xiao wei di	3
小围堤道	xiao wei di dao	4
小圣庙	xiao sheng miao	1
小圣庙村	xiao sheng miao cun	6
小地窝堡	xiao di wo pu	7
小坑里	xiao keng li	6
小坝	xiao ba	13
小坝子村	xiao ba zi cun	4
小坝村	xiao ba cun	2
小坞	xiao wu	4
小坟包	xiao fen bao	4
小坪	xiao ping	16
小坵	xiao qiu	4
小坵村	xiao qiu cun	1
小城之春	xiao cheng zhi chun	4
小城子村	xiao cheng zi cun	2
小埔	xiao pu	26
小埠	xiao bu	11
小堡台	xiao bao tai	2
小堡台村	xiao bao tai cun	3
小堡藏族彝族乡	xiao bao zang zu yi zu xiang	3
小堰	xiao yan	1
小墩村	xiao dun cun	3
小壕兔乡	xiao hao tu xiang	5
小天北街	xiao tian bei jie	1
小天鹅宾馆	xiao tian e bin guan	6
小孤山中里	xiao gu shan zhong li	4
小孤山镇	xiao gu shan zhen	3
小安乡	xiao an xiang	3
小安澜营	xiao an lan ying	3
小安澜营胡同	xiao an lan ying hu tong	2
小宋各庄村	xiao song ge zhuang cun	2
小官庄	xiao guan zhuang	5
小宫门	xiao gong men	3
小宽镇	xiao kuan zhen	5
小寨服装城	xiao zhai fu zhuang cheng	3
小寨村委会	xiao zhai cun wei hui	2
小寨村村委会	xiao zhai cun cun wei hui	3
小寺	xiao si	6
小将村	xiao jiang cun	3
小尧村	xiao yao cun	3
小居安村	xiao ju an cun	1
小屯东口	xiao tun dong kou	2
小屯村委会	xiao tun cun wei hui	3
小屯村村委会	xiao tun cun cun wei hui	4
小屯社区	xiao tun she qu	2
小屯西路南口	xiao tun xi lu nan kou	3
小屯路南口	xiao tun lu nan kou	3
小山头	xiao shan tou	14
小山子	xiao shan zi	6
小屿	xiao yu	5
小岔乡	xiao cha xiang	4
小岔河乡	xiao cha he xiang	4
小岗	xiao gang	19
小岙	xiao ao	1
小岛饭店	xiao dao fan dian	3
小岞	xiao zuo	2
小岞镇	xiao zuo zhen	4
小岭乡	xiao ling xiang	3
小峪	xiao yu	3
小峪子	xiao yu zi	5
小川北口	xiao chuan bei kou	3
小市口	xiao shi kou	1
小市新村	xiao shi xin cun	6
小市村	xiao shi cun	5
小市街	xiao shi jie	6
小市街道	xiao shi jie dao	8
小布林社区	xiao bu lin she qu	2
小席胡同	xiao xi hu tong	2
小平地	xiao ping di	5
小平岛	xiao ping dao	16
小平易乡	xiao ping yi xiang	1
小庄子	xiao zhuang zi	3
小庄科	xiao zhuang ke	2
小店育才小学	xiao dian yu cai xiao xue	3
小店路口	xiao dian lu kou	3
小庙后	xiao miao hou	2
小庙子乡	xiao miao zi xiang	3
小张庄村	xiao zhang zhuang cun	4
小张本庄村	xiao zhang ben zhuang cun	3
小张湾村	xiao zhang wan cun	3
小快乐	xiao kuai le	6
小报房胡同	xiao bao fang hu tong	3
小效	xiao xiao	4
小文公乡	xiao wen gong xiang	1
小新塘	xiao xin tang	6
小新开胡同	xiao xin kai hu tong	2
小星胡同	xiao xing hu tong	4
小曹庄	xiao cao zhuang	3
小木桥	xiao mu qiao	5
小木桥路	xiao mu qiao lu	4
小李庄	xiao li zhuang	22
小李村	xiao li cun	2
小李集办事处	xiao li ji ban shi chu	3
小村	xiao cun	12
小村乡	xiao cun xiang	4
小杜两河村	xiao du liang he cun	2
小杜社村	xiao du she cun	3
小杨各庄村	xiao yang ge zhuang cun	4
小杨家胡同	xiao yang jia hu tong	4
小杨村	xiao yang cun	1
小松垡村	xiao song fa cun	3
小松林	xiao song lin	3
小板桥	xiao ban qiao	10
小林子冲	xiao lin zi chong	1
小柳市场	xiao liu shi chang	3
小树林大街	xiao shu lin da jie	3
小校场	xiao jiao chang	1
小桃园	xiao tao yuan	14
小桥头	xiao qiao tou	3
小桥社区	xiao qiao she qu	4
小椿树胡同	xiao chun shu hu tong	2
小檀村	xiao tan cun	2
小武基村	xiao wu ji cun	8
小武基桥	xiao wu ji qiao	6
小武基桥东	xiao wu ji qiao dong	4
小武基桥北	xiao wu ji qiao bei	4
小武基桥南	xiao wu ji qiao nan	4
小武基桥西	xiao wu ji qiao xi	3
小武基路西口	xiao wu ji lu xi kou	3
小水渠	xiao shui qu	2
小江口乡	xiao jiang kou xiang	3
小江村委会	xiao jiang cun wei hui	3
小江水库	xiao jiang shui ku	4
小江湖街道	xiao jiang hu jie dao	1
小江胡同	xiao jiang hu tong	6
小汤山	xiao tang shan	28
小汤山农业园	xiao tang shan nong ye yuan	4
小汤山医院	xiao tang shan yi yuan	12
小汤山镇政府	xiao tang shan zhen zheng fu	5
小汤山马坊	xiao tang shan ma fang	2
小沉渎村	xiao chen du cun	2
小沙土园胡同	xiao sha tu yuan hu tong	3
小沛	xiao pei	15
小沟村	xiao gou cun	6
小沟河	xiao gou he	4
小沧畲族乡	xiao cang she zu xiang	2
小河东	xiao he dong	5
小河北	xiao he bei	6
小河口	xiao he kou	5
小河口村	xiao he kou cun	2
小河头	xiao he tou	3
小河头镇	xiao he tou zhen	5
小河套	xiao he tao	1
小河子乡	xiao he zi xiang	3
小河小学	xiao he xiao xue	6
小河屯	xiao he tun	1
小河崖	xiao he ya	2
小河村	xiao he cun	5
小河沿	xiao he yan	11
小河湾	xiao he wan	1
小河路	xiao he lu	4
小泥河村	xiao ni he cun	4
小泥湾社区	xiao ni wan she qu	2
小洋口	xiao yang kou	6
小洋镇	xiao yang zhen	4
小洼	xiao wa	2
小浦村	xiao pu cun	3
小浯塘社区	xiao wu tang she qu	3
小海子	xiao hai zi	9
小海子村	xiao hai zi cun	5
小海子镇	xiao hai zi zhen	3
小海字村	xiao hai zi cun	3
小海村	xiao hai cun	2
小海镇街道	xiao hai zhen jie dao	2
小涌	xiao yong	4
小淖坝	xiao nao ba	3
小渠子乡	xiao qu zi xiang	3
小渭村	xiao wei cun	3
小港新村	xiao gang xin cun	3
小湖村	xiao hu cun	5
小溪口	xiao xi kou	1
小溪口村	xiao xi kou cun	5
小溪塔镇	xiao xi ta zhen	1
小溪村	xiao xi cun	2
小溪河	xiao xi he	20
小潞邑	xiao lu yi	4
小潞邑北站	xiao lu yi bei zhan	3
小潞邑村	xiao lu yi cun	2
小潭	xiao tan	6
小澳	xiao ao	4
小瀛洲	xiao ying zhou	2
小牌坊胡同	xiao pai fang hu tong	3
小牛坊村	xiao niu fang cun	6
小牛群乡	xiao niu qun xiang	2
小王庄	xiao wang zhuang	4
小王府	xiao wang fu	2
小王村	xiao wang cun	1
小珠帘胡同	xiao zhu lian hu tong	4
小瓦房	xiao wa fang	1
小瓦窑	xiao wa yao	1
小甘棠村	xiao gan tang cun	3
小甸屯	xiao dian tun	2
小白杨	xiao bai yang	25
小白楼村	xiao bai lou cun	3
小盆胡同	xiao pen hu tong	1
小眉	xiao mei	21
小石桥	xiao shi qiao	2
小石桥彝族乡	xiao shi qiao yi zu xiang	1
小石桥胡同	xiao shi qiao hu tong	1
小石碑胡同	xiao shi bei hu tong	5
小石虎胡同	xiao shi hu hu tong	1
小码头	xiao ma tou	24
小程庄村	xiao cheng zhuang cun	3
小糖房胡同	xiao tang fang hu tong	3
小红庙	xiao hong miao	5
小红沟	xiao hong gou	4
小红门桥	xiao hong men qiao	4
小纱帽	xiao sha mao	7
小细管胡同	xiao xi guan hu tong	3
小经厂	xiao jing chang	2
小经厂胡同	xiao jing chang hu tong	10
小羊坊	xiao yang fang	4
小羊宜宾胡同	xiao yang yi bin hu tong	3
小羊山村	xiao yang shan cun	2
小羊村	xiao yang cun	3
小美子	xiao mei zi	1
小翔凤胡同	xiao xiang feng hu tong	1
小老子	xiao lao zi	3
小肥牛	xiao fei niu	7
小胡家营村	xiao hu jia ying cun	2
小苏吉村	xiao su ji cun	2
小苏州	xiao su zhou	7
小苏村	xiao su cun	5
小苏莽乡	xiao su mang xiang	5
小茂	xiao mao	22
小茅	xiao mao	6
小草场	xiao cao chang	2
小草坡	xiao cao po	4
小草湖	xiao cao hu	2
小荷塘	xiao he tang	3
小莲庄	xiao lian zhuang	3
小菊儿胡同	xiao ju er hu tong	4
小菊胡同	xiao ju hu tong	3
小营	xiao ying	10
小营前	xiao ying qian	3
小营北路	xiao ying bei lu	2
小营房	xiao ying fang	3
小营满族乡	xiao ying man zu xiang	2
小营门	xiao ying men	1
小葆台	xiao bao tai	4
小蒋家胡同	xiao jiang jia hu tong	3
小蒜沟镇	xiao suan gou zhen	2
小蒜镇	xiao suan zhen	3
小街村南口	xiao jie cun nan kou	2
小西关	xiao xi guan	4
小西堡乡	xiao xi bao xiang	3
小西天	xiao xi tian	21
小西庄	xiao xi zhuang	3
小西村	xiao xi cun	2
小西沟	xiao xi gou	9
小西湖	xiao xi hu	41
小西街	xiao xi jie	21
小西路	xiao xi lu	2
小观	xiao guan	6
小观山	xiao guan shan	2
小贺庄	xiao he zhuang	4
小赤坎	xiao chi kan	3
小赵庄乡	xiao zhao zhuang xiang	5
小车桥	xiao che qiao	1
小辛寨	xiao xin zhai	3
小辛庄	xiao xin zhuang	7
小辛庄村委会	xiao xin zhuang cun wei hui	3
小郭家	xiao guo jia	6
小郭庄	xiao guo zhuang	1
小里岗	xiao li gang	2
小金丝胡同	xiao jin si hu tong	5
小金坑	xiao jin keng	3
小金更	xiao jin geng	3
小金洞乡	xiao jin dong xiang	4
小钦岛乡	xiao qin dao xiang	2
小铜井胡同	xiao tong jing hu tong	3
小铭	xiao ming	48
小铺头村	xiao pu tou cun	5
小闸口	xiao zha kou	4
小阵	xiao zhen	8
小陈各庄	xiao chen ge zhuang	3
小院胡同	xiao yuan hu tong	3
小雁塔	xiao yan ta	27
小雄	xiao xiong	7
小雅宝胡同	xiao ya bao hu tong	3
小集村	xiao ji cun	5
小零	xiao ling	24
小青岛	xiao qing dao	10
小馕	xiao nang	4
小香仪村	xiao xiang yi cun	2
小香港	xiao xiang gang	9
小马厂	xiao ma chang	3
小马坊	xiao ma fang	1
小马桥	xiao ma qiao	4
小马路	xiao ma lu	11
小高	xiao gao	11
小高舍村	xiao gao she cun	3
小鱼山	xiao yu shan	5
小鲁庄	xiao lu zhuang	5
小鲁店	xiao lu dian	4
小鲁店村	xiao lu dian cun	4
小鲍庄	xiao bao zhuang	1
小鸡炖蘑菇	xiao ji dun mo gu	1
小鸦洲	xiao ya zhou	1
小鹁鸽胡同	xiao bo ge hu tong	3
小麦村	xiao mai cun	2
小黄圃市场	xiao huang pu shi chang	3
小黄垡村	xiao huang fa cun	4
小黄庄	xiao huang zhuang	2
小黄木厂村	xiao huang mu chang cun	4
小黄村	xiao huang cun	7
小黄杨	xiao huang yang	4
小黑山	xiao hei shan	9
小黑虎胡同	xiao hei hu hu tong	2
小龙潭镇	xiao long tan zhen	3
小龙马乡	xiao long ma xiang	4
少体校	shao ti xiao	22
少坑	shao keng	3
少城街道	shao cheng jie dao	7
少帝路	shao di lu	3
少年宫路	shao nian gong lu	3
少年路	shao nian lu	7
少林社区	shao lin she qu	3
尔力	er li	3
尔赛乡	er sai xiang	1
尕多乡	ga duo xiang	3
尕巴松多	ga ba song duo	1
尕朵乡	ga duo xiang	1
尕海乡	ga hai xiang	4
尖垡村	jian fa cun	5
尖尖山	jian jian shan	2
尖尾	jian wei	40
尖山村	jian shan cun	10
尖山水库	jian shan shui ku	3
尖山街	jian shan jie	1
尖山街道	jian shan jie dao	2
尖山路	jian shan lu	1
尖山顶	jian shan ding	2
尖峰山	jian feng shan	7
尖峰村	jian feng cun	6
尖峰桥西	jian feng qiao xi	2
尖峰水泥厂	jian feng shui ni chang	2
尖峰花园	jian feng hua yuan	2
尖草坪	jian cao ping	35
尚书圩村	shang shu wei cun	4
尚书坊	shang shu fang	5
尚书巷	shang shu xiang	7
尚保	shang bao	1
尚信	shang xin	11
尚俭路	shang jian lu	7
尚儒村	shang ru cun	1
尚勤胡同	shang qin hu tong	2
尚勤路	shang qin lu	8
尚卡乡	shang ka xiang	2
尚卿	shang qing	15
尚城	shang cheng	16
尚塘	shang tang	2
尚家庄	shang jia zhuang	3
尚家镇	shang jia zhen	4
尚寨土家族乡	shang zhai tu jia zu xiang	4
尚山	shang shan	2
尚峪乡	shang yu xiang	2
尚干	shang gan	9
尚庄	shang zhuang	4
尚庄村委会	shang zhuang cun wei hui	2
尚庄街道	shang zhuang jie dao	5
尚德街	shang de jie	1
尚德路	shang de lu	8
尚德门	shang de men	7
尚志县	shang zhi xian	5
尚志市	shang zhi shi	33
尚志街道	shang zhi jie dao	2
尚忠	shang zhong	24
尚忠村	shang zhong cun	2
尚文路	shang wen lu	5
尚村	shang cun	11
尚村村委会	shang cun cun wei hui	2
尚梅村	shang mei cun	2
尚爱路	shang ai lu	6
尚稽镇	shang ji zhen	2
尚芸村	shang yun cun	2
尚都家园	shang du jia yuan	2
尤俊	you jun	4
尤俊村	you jun cun	2
尤家庄	you jia zhuang	5
尤家村	you jia cun	4
尤彰村	you zhang cun	3
尤李东村	you li dong cun	4
尤李村	you li cun	7
尤李西村	you li xi cun	4
尤渡苑	you du yuan	2
尤溪	you xi	47
尤溪洲大桥	you xi zhou da qiao	8
尧上	yao shang	1
尧化	yao hua	33
尧化新村	yao hua xin cun	6
尧塘	yao tang	5
尧安新村	yao an xin cun	3
尧山村	yao shan cun	3
尧建新村	yao jian xin cun	3
尧新	yao xin	6
尧梭乡	yao suo xiang	3
尧水乡	yao shui xiang	3
尧石二村	yao shi er cun	3
尧胜	yao sheng	4
尧辰	yao chen	4
尧阳	yao yang	1
就业中心	jiu ye zhong xin	33
就南	jiu nan	9
就南村	jiu nan cun	2
尹世明	yin shi ming	1
尹各庄村	yin ge zhuang cun	1
尹家圩村	yin jia wei cun	3
尹家巷	yin jia xiang	5
尹家府	yin jia fu	4
尹家河	yin jia he	4
尹家河村	yin jia he cun	4
尹家湾	yin jia wan	1
尹家畈村	yin jia fan cun	3
尹江岸新村	yin jiang an xin cun	2
尹灵芝镇	yin ling zhi zhen	4
尹西	yin xi	1
尼傲乡	ni ao xiang	4
尼勒克	ni le ke	14
尼呷	ni ga	4
尼地乡	ni di xiang	3
尼尔觉乡	ni er jue xiang	2
尼巴乡	ni ba xiang	3
尼斯乡	ni si xiang	4
尼木	ni mu	15
尼玛江热乡	ni ma jiang re xiang	2
尼辖乡	ni xia xiang	2
尾巴胡同	wei ba hu tong	3
尾洋村	wei yang cun	2
尾溪	wei xi	11
局儿胡同	ju er hu tong	2
局关祠	ju guan ci	4
局前街	ju qian jie	3
居乐园	ju le yuan	5
居仁村	ju ren cun	2
居仁里	ju ren li	15
居仁门	ju ren men	2
居住主题公园	ju zhu zhu ti gong yuan	2
居安坊	ju an fang	2
居安里	ju an li	1
居家桥	ju jia qiao	1
居家桥路	ju jia qiao lu	7
居巢区	ju chao qu	2
居庸关长城	ju yong guan chang cheng	3
居易时代	ju yi shi dai	3
居里路	ju li lu	1
居集镇	ju ji zhen	2
屈家桥	qu jia qiao	1
屈庄村	qu zhuang cun	6
屈斗宫	qu dou gong	1
屎壳郎胡同	shi ke lang hu tong	4
屏山公园	ping shan gong yuan	5
屏山牧场	ping shan mu chang	2
屏峰	ping feng	18
屏峰山	ping feng shan	5
屏襄门街道	ping xiang men jie dao	3
屏西	ping xi	5
屏西乡	ping xi xiang	4
屏西新村	ping xi xin cun	2
屏西路口	ping xi lu kou	2
屏边县	ping bian xian	5
展城	zhan cheng	1
展览城	zhan lan cheng	1
展览路	zhan lan lu	6
屯下	tun xia	4
屯佃	tun dian	1
屯佃大桥	tun dian da qiao	2
屯军营村	tun jun ying cun	2
屯圩村	tun wei cun	3
屯垦镇	tun ken zhen	3
屯垦队镇	tun ken dui zhen	2
屯寨	tun zhai	4
屯庄营乡	tun zhuang ying xiang	2
屯昌	tun chang	14
屯昌镇	tun chang zhen	3
屯溪市	tun xi shi	1
屯溪路	tun xi lu	5
屯田戍边	tun tian shu bian	5
屯粮巷	tun liang xiang	4
屯绢胡同	tun juan hu tong	2
屯里林场	tun li lin chang	5
山一	shan yi	12
山一村	shan yi cun	6
山下林场	shan xia lin chang	2
山东中学	shan dong zhong xue	2
山东中路	shan dong zhong lu	1
山东北路	shan dong bei lu	1
山东头	shan dong tou	7
山东峄县	shan dong yi xian	8
山东平度市南村镇	shan dong ping du shi nan cun zhen	2
山东庄	shan dong zhuang	1
山东庄村	shan dong zhuang cun	4
山东枣庄峄城	shan dong zao zhuang yi cheng	3
山东枣庄市峄城区	shan dong zao zhuang shi yi cheng qu	1
山东桓台县马桥镇	shan dong huan tai xian ma qiao zhen	5
山东省乐陵市	shan dong sheng le ling shi	2
山东省五莲县	shan dong sheng wu lian xian	1
山东省宁津县	shan dong sheng ning jin xian	1
山东省庆云县	shan dong sheng qing yun xian	2
山东省德州市	shan dong sheng de zhou shi	41
山东省枣庄市峄城区	shan dong sheng zao zhuang shi yi cheng qu	6
山东省禹城市	shan dong sheng yu cheng shi	6
山东省蓬莱市	shan dong sheng peng lai shi	10
山东省阳谷县	shan dong sheng yang gu xian	14
山东胶南市隐珠镇	shan dong jiao nan shi yin zhu zhen	2
山东荣成市人和镇	shan dong rong cheng shi ren he zhen	2
山东荣成市虎山镇	shan dong rong cheng shi hu shan zhen	2
山东路立交桥	shan dong lu li jiao qiao	3
山东龙口市东江镇	shan dong long kou shi dong jiang zhen	3
山中乡	shan zhong xiang	4
山丹农场	shan dan nong chang	3
山二	shan er	8
山二村	shan er cun	9
山仔社区	shan zai she qu	3
山仔里	shan zai li	2
山兜	shan dou	4
山兜村	shan dou cun	2
山关	shan guan	40
山内村	shan nei cun	22
山前村	shan qian cun	15
山区林场	shan qu lin chang	1
山后村	shan hou cun	4
山咀子镇	shan zui zi zhen	2
山嘴头	shan zui tou	1
山坑	shan keng	7
山坛	shan tan	2
山坡村	shan po cun	6
山坪	shan ping	26
山坪村	shan ping cun	3
山垄	shan long	5
山城村	shan cheng cun	11
山堆	shan dui	8
山塘村	shan tang cun	7
山大一院	shan da yi yuan	1
山大二院	shan da er yuan	9
山大南门	shan da nan men	4
山头店村	shan tou dian cun	2
山头村	shan tou cun	7
山头社	shan tou she	1
山姆会员店	shan mu hui yuan dian	6
山姆士学府店	shan mu shi xue fu dian	3
山姆小镇	shan mu xiao zhen	4
山子	shan zi	7
山子下	shan zi xia	2
山子头	shan zi tou	1
山家村	shan jia cun	3
山尾村	shan wei cun	1
山屏街	shan ping jie	1
山岩乡	shan yan xiang	1
山岭头	shan ling tou	2
山岭村	shan ling cun	4
山峡	shan xia	15
山峡村	shan xia cun	3
山峰村	shan feng cun	5
山峰林场	shan feng lin chang	3
山巴乡	shan ba xiang	4
山底	shan di	28
山林村	shan lin cun	6
山枣乡	shan zao xiang	5
山格	shan ge	4
山格村	shan ge cun	4
山民村	shan min cun	3
山水华门	shan shui hua men	5
山水句容	shan shui ju rong	4
山水大酒店	shan shui da jiu dian	2
山水居	shan shui ju	6
山水方舟	shan shui fang zhou	4
山水湖滨	shan shui hu bin	3
山水苑	shan shui yuan	1
山水雅苑	shan shui ya yuan	4
山江乡	shan jiang xiang	2
山河村	shan he cun	2
山河花园	shan he hua yuan	3
山泉村委	shan quan cun wei	2
山洲岭	shan zhou ling	2
山海关路	shan hai guan lu	3
山海观	shan hai guan	3
山溪村	shan xi cun	2
山猪湖	shan zhu hu	12
山王庙	shan wang miao	2
山碧村	shan bi cun	2
山羊冲	shan yang chong	4
山美	shan mei	10
山美村	shan mei cun	5
山美街道	shan mei jie dao	3
山老胡同	shan lao hu tong	1
山背	shan bei	9
山背村	shan bei cun	6
山腰村	shan yao cun	2
山腰镇	shan yao zhen	3
山苏	shan su	5
山茶村	shan cha cun	2
山蓬	shan peng	2
山西云岗石窟	shan xi yun gang shi ku	2
山西北路	shan xi bei lu	9
山西南村	shan xi nan cun	3
山西南路	shan xi nan lu	4
山西岙	shan xi ao	2
山西巷	shan xi xiang	1
山西报社	shan xi bao she	5
山西村	shan xi cun	2
山西盂县南娄镇	shan xi yu xian nan lou zhen	2
山西省宁武县	shan xi sheng ning wu xian	11
山西省灵石县	shan xi sheng ling shi xian	3
山西省长治市	shan xi sheng chang zhi shi	41
山西省阳泉市	shan xi sheng yang quan shi	19
山西营	shan xi ying	4
山角	shan jiao	12
山语间	shan yu jian	1
山边村	shan bian cun	6
山都	shan du	10
山都村	shan du cun	3
山针	shan zhen	8
山阁镇	shan ge zhen	3
山阳村	shan yang cun	1
山阳路	shan yang lu	1
山阴城	shan yin cheng	2
山阴城镇	shan yin cheng zhen	1
山阴路	shan yin lu	32
山陂	shan bei	4
山陇	shan long	3
山雅村	shan ya cun	2
山霞	shan xia	3
山霞村	shan xia cun	1
山黄林场	shan huang lin chang	3
屺亭镇	qi ting zhen	2
屿后南里	yu hou nan li	3
屿头	yu tou	2
屿头村	yu tou cun	5
屿田	yu tian	3
岐头山	qi tou shan	1
岐山村	qi shan cun	7
岐山社区	qi shan she qu	3
岐山路	qi shan lu	3
岐岭	qi ling	6
岐石	qi shi	3
岐石镇	qi shi zhen	5
岐阳	qi yang	12
岐阳村	qi yang cun	2
岑兜村	cen dou cun	2
岑川	cen chuan	3
岑村	cen cun	15
岑村教练场	cen cun jiao lian chang	6
岑村桥	cen cun qiao	4
岑溪乡	cen xi xiang	4
岑溪县	cen xi xian	28
岑溪市	cen xi shi	24
岔子胡同	cha zi hu tong	1
岔石口村	cha shi kou cun	3
岔路乡	cha lu xiang	4
岔路街	cha lu jie	1
岔道口村	cha dao kou cun	4
岔鞍村	cha an cun	3
岗下	gang xia	1
岗东乡	gang dong xiang	5
岗公园	gang gong yuan	13
岗列街道	gang lie jie dao	1
岗北集约	gang bei ji yue	2
岗南路	gang nan lu	4
岗厦	gang xia	19
岗嘎镇	gang ga zhen	1
岗坪	gang ping	10
岗堆镇	gang dui zhen	4
岗头村	gang tou cun	9
岗子路口	gang zi lu kou	3
岗子里	gang zi li	3
岗尼乡	gang ni xiang	4
岗山村南站	gang shan cun nan zhan	2
岗山路	gang shan lu	4
岗巴	gang ba	21
岗市	gang shi	1
岗店街道	gang dian jie dao	4
岗托镇	gang tuo zhen	4
岗木达乡	gang mu da xiang	3
岗背	gang bei	10
岗虹苑	gang hong yuan	5
岗西小区	gang xi xiao qu	3
岗贝	gang bei	2
岗贝村	gang bei cun	4
岗龙乡	gang long xiang	3
岘山	xian shan	11
岙外	ao wai	3
岙岸村	ao an cun	4
岙底	ao di	1
岚关乡	lan guan xiang	4
岚城镇	lan cheng zhen	1
岚天乡	lan tian xiang	6
岚安乡	lan an xiang	1
岚桥镇	lan qiao zhen	2
岚水乡	lan shui xiang	4
岚漪镇	lan yi zhen	2
岚皋	lan gao	20
岚皋路	lan gao lu	7
岚皋路桥	lan gao lu qiao	4
岛里	dao li	6
岜暮乡	ba mu xiang	2
岜饶乡	ba rao xiang	3
岞山	zuo shan	4
岩东乡	yan dong xiang	5
岩二	yan er	4
岩前	yan qian	14
岩前村	yan qian cun	1
岩坡村	yan po cun	3
岩垅乡	yan long xiang	6
岩塔	yan ta	23
岩头	yan tou	11
岩屋口乡	yan wu kou xiang	3
岩屋村	yan wu cun	1
岩峰	yan feng	28
岩峰村	yan feng cun	2
岩底村	yan di cun	3
岩比乡	yan bi xiang	2
岩泉	yan quan	38
岩湾	yan wan	17
岩脚乡	yan jiao xiang	3
岩腊苗族布依族乡	yan la miao zu bu yi zu xiang	2
岩花	yan hua	12
岩角	yan jiao	1
岩门	yan men	3
岩门口	yan men kou	4
岩门村	yan men cun	6
岭下	ling xia	16
岭下山	ling xia shan	3
岭东乡	ling dong xiang	3
岭仔	ling zai	1
岭兜	ling dou	8
岭兜村	ling dou cun	2
岭南学院	ling nan xue yuan	6
岭南村	ling nan cun	1
岭南路	ling nan lu	39
岭南路西口	ling nan lu xi kou	3
岭后	ling hou	8
岭后村	ling hou cun	4
岭坡	ling po	1
岭头	ling tou	36
岭头坪	ling tou ping	3
岭头村	ling tou cun	3
岭尾	ling wei	3
岭山	ling shan	46
岭峰林场	ling feng lin chang	1
岭底	ling di	1
岭排	ling pai	2
岭背	ling bei	5
岭脚	ling jiao	13
岭脚下	ling jiao xia	5
岭脚村	ling jiao cun	1
岭西村	ling xi cun	3
岭西街道	ling xi jie dao	2
岭角	ling jiao	1
岱仔村	dai zai cun	4
岱仙瀑布	dai xian pu bu	3
岱宗坊	dai zong fang	7
岱山县政府	dai shan xian zheng fu	5
岱山路	dai shan lu	3
岱岭乡	dai ling xiang	4
岱岳乡	dai yue xiang	3
岱庙	dai miao	31
岱道庵	dai dao an	6
岱顶	dai ding	1
岳上村	yue shang cun	3
岳华路	yue hua lu	8
岳各庄	yue ge zhuang	4
岳各庄桥东	yue ge zhuang qiao dong	4
岳各庄桥北	yue ge zhuang qiao bei	1
岳各庄社区	yue ge zhuang she qu	2
岳各庄红星美凯龙	yue ge zhuang hong xing mei kai long	3
岳圩镇	yue wei zhen	2
岳坝乡	yue ba xiang	4
岳城村	yue cheng cun	4
岳塘	yue tang	7
岳家嘴	yue jia zui	4
岳家寨	yue jia zhai	5
岳家庄	yue jia zhuang	2
岳家镇	yue jia zhen	2
岳寨村	yue zhai cun	4
岳峰	yue feng	33
岳巴乡	yue ba xiang	2
岳帅桥	yue shuai qiao	3
岳庄	yue zhuang	5
岳庄村委会	yue zhuang cun wei hui	3
岳店	yue dian	1
岳庙街道	yue miao jie dao	1
岳府街	yue fu jie	8
岳张集	yue zhang ji	1
岳扎乡	yue zha xiang	3
岳旗寨	yue qi zhai	4
岳旗寨村	yue qi zhai cun	3
岳普湖	yue pu hu	4
岳步	yue bu	4
岳源乡	yue yuan xiang	3
岳溪村	yue xi cun	4
岳西	yue xi	30
岳阳医院	yue yang yi yuan	5
岳阳楼	yue yang lou	46
岳阳路	yue yang lu	24
岳阳道	yue yang dao	2
岳麓书院	yue lu shu yuan	44
岳麓区岳麓大道	yue lu qu yue lu da dao	1
岳麓大道	yue lu da dao	1
岵山	hu shan	2
岷江路	min jiang lu	1
岸上乡	an shang xiang	5
岸上村	an shang cun	3
岸上蓝山	an shang lan shan	5
岸兜村	an dou cun	1
岸头	an tou	2
岸西	an xi	1
峄县	yi xian	32
峄县八景	yi xian ba jing	1
峄城	yi cheng	11
峄城万亩榴园	yi cheng wan mu liu yuan	2
峄城区	yi cheng qu	2
峄城石榴	yi cheng shi liu	3
峄山	yi shan	30
峒河街道	dong he jie dao	6
峡南	xia nan	5
峡河乡	xia he xiang	2
峨堡镇	e bao zhen	1
峨山县	e shan xian	24
峨山路	e shan lu	8
峨嵋岭	e mei ling	6
峨溶镇	e rong zhen	4
峨眉县	e mei xian	6
峨眉山市	e mei shan shi	22
峨边	e bian	28
峪园社区	yu yuan she qu	2
峪新居委会	yu xin ju wei hui	2
峪道河	yu dao he	1
峪里	yu li	1
峪里村	yu li cun	3
峰前	feng qian	4
峰前小学	feng qian xiao xue	2
峰前村	feng qian cun	1
峰前街	feng qian jie	2
峰南	feng nan	5
峰南村	feng nan cun	3
峰堆乡	feng dui xiang	1
峰尾	feng wei	8
峰尾镇	feng wei zhen	1
峰岩乡	feng yan xiang	3
峰崎	feng qi	6
峰崎村	feng qi cun	2
峰店	feng dian	2
峰灵乡	feng ling xiang	2
峰高	feng gao	13
崂山东路	lao shan dong lu	4
崂山县	lao shan xian	2
崂山支道	lao shan zhi dao	2
崂山西路	lao shan xi lu	4
崂山道	lao shan dao	14
崆峒区西大街	kong tong qu xi da jie	2
崇业路	chong ye lu	7
崇业路街道	chong ye lu jie dao	1
崇义三街	chong yi san jie	2
崇义二街	chong yi er jie	2
崇仁北路	chong ren bei lu	4
崇信路	chong xin lu	1
崇俭街道	chong jian jie dao	2
崇各庄	chong ge zhuang	2
崇善路	chong shan lu	1
崇国庄	chong guo zhuang	4
崇宁镇	chong ning zhen	2
崇安县	chong an xian	22
崇安寺	chong an si	3
崇安街道	chong an jie dao	5
崇尔乡	chong er xiang	2
崇山	chong shan	46
崇山东路	chong shan dong lu	16
崇山村	chong shan cun	1
崇山路	chong shan lu	7
崇川	chong chuan	33
崇州市	chong zhou shi	29
崇左县	chong zuo xian	6
崇庆县	chong qing xian	5
崇德镇	chong de zhen	3
崇效寺	chong xiao si	5
崇效寺社区	chong xiao si she qu	2
崇效胡同	chong xiao hu tong	4
崇文三里河	chong wen san li he	1
崇文公寓	chong wen gong yu	4
崇文看守所	chong wen kan shou suo	3
崇文里	chong wen li	8
崇明街道	chong ming jie dao	1
崇智胡同	chong zhi hu tong	5
崇智路	chong zhi lu	6
崇武古城	chong wu gu cheng	8
崇海大桥	chong hai da qiao	5
崇福寺	chong fu si	39
崎坑村	qi keng cun	2
崎岭	qi ling	1
崎峰	qi feng	18
崎峰茶	qi feng cha	4
崎峰茶村	qi feng cha cun	2
崔军	cui jun	2
崔各庄	cui ge zhuang	9
崔各庄乡政府	cui ge zhuang xiang zheng fu	6
崔家庄	cui jia zhuang	5
崔家店	cui jia dian	19
崔家店路	cui jia dian lu	2
崔庄子	cui zhuang zi	2
崔庄村	cui zhuang cun	2
崔庄村委会	cui zhuang cun wei hui	2
崔指挥营	cui zhi hui ying	4
崔指挥营村	cui zhi hui ying cun	3
崔村	cui cun	1
崔村二里社区	cui cun er li she qu	2
崔桥	cui qiao	2
崔母	cui mu	3
崔沟村	cui gou cun	5
崔窑村	cui yao cun	3
崔黄口	cui huang kou	3
崖县	ya xian	35
崖城乡	ya cheng xiang	3
崖头	ya tou	11
崖子	ya zi	31
崧山	song shan	2
崮山路	gu shan lu	9
嵇师	ji shi	4
嵊州市	sheng zhou shi	31
嵖岈山乡	cha ya shan xiang	3
嵩山村	song shan cun	1
嵩山路	song shan lu	27
嵩山道	song shan dao	4
嵩峰乡	song feng xiang	4
嵩明	song ming	41
嵩溪	song xi	3
嵩溪村	song xi cun	3
嵩阳苑	song yang yuan	2
嵯岗牧场	cuo gang mu chang	3
嵯岗镇	cuo gang zhen	3
嶂下	zhang xia	4
嶂背	zhang bei	7
巉口乡	chan kou xiang	1
巍山县	wei shan xian	7
川主寺	chuan zhu si	13
川山群岛	chuan shan qun dao	3
川岩乡	chuan yan xiang	3
川师北大门	chuan shi bei da men	5
川底下村	chuan di xia cun	3
川心店	chuan xin dian	1
川心村	chuan xin cun	3
川掌	chuan zhang	2
川桥路	chuan qiao lu	4
川沙县	chuan sha xian	35
川沙新镇	chuan sha xin zhen	13
川沙路	chuan sha lu	2
川港	chuan gang	11
川王府	chuan wang fu	1
川福楼	chuan fu lou	3
州一中	zhou yi zhong	9
州二中	zhou er zhong	1
州人民医院	zhou ren min yi yuan	8
州体育馆	zhou ti yu guan	8
州司法局	zhou si fa ju	7
州国税局	zhou guo shui ju	4
州安全局	zhou an quan ju	4
州客运站	zhou ke yun zhan	5
州宾馆	zhou bin guan	5
州工商局	zhou gong shang ju	6
州建设局	zhou jian she ju	5
州棉纺厂	zhou mian fang chang	3
州气象局	zhou qi xiang ju	1
州消防局	zhou xiao fang ju	4
州煤矿	zhou mei kuang	5
州电视台	zhou dian shi tai	16
州福利院	zhou fu li yuan	3
州财校	zhou cai xiao	3
巡场	xun chang	26
巡特警支队	xun te jing zhi dui	1
巡警大队	xun jing da dui	1
巡道街	xun dao jie	5
巢湖地区	chao hu di qu	8
巢湖路	chao hu lu	5
工一师	gong yi shi	2
工业一路	gong ye yi lu	3
工业东路	gong ye dong lu	6
工业区办公室	gong ye qu ban gong shi	3
工业区办公楼	gong ye qu ban gong lou	3
工业区街道	gong ye qu jie dao	4
工业区路口	gong ye qu lu kou	7
工业品市场	gong ye pin shi chang	3
工业园区管委会	gong ye yuan qu guan wei hui	6
工业园地	gong ye yuan di	1
工业大	gong ye da	11
工业大道	gong ye da dao	16
工业大道中	gong ye da dao zhong	7
工业大道北	gong ye da dao bei	2
工业小区	gong ye xiao qu	2
工业技师学院	gong ye ji shi xue yuan	1
工业科学研究所	gong ye ke xue yan jiu suo	5
工业街	gong ye jie	3
工业路	gong ye lu	48
工业高等专科学校	gong ye gao deng zhuan ke xue xiao	13
工九团	gong jiu tuan	3
工人体育场	gong ren ti yu chang	32
工人体育场南门	gong ren ti yu chang nan men	5
工人体育馆	gong ren ti yu guan	23
工人医院	gong ren yi yuan	9
工人大厦	gong ren da sha	2
工人宿舍	gong ren su she	11
工人文化宫	gong ren wen hua gong	45
工人新村	gong ren xin cun	20
工人村	gong ren cun	17
工人疗养院	gong ren liao yang yuan	27
工人路	gong ren lu	11
工会大厦	gong hui da sha	3
工会大楼	gong hui da lou	3
工体场	gong ti chang	1
工兴街	gong xing jie	2
工具厂	gong ju chang	10
工农兵路	gong nong bing lu	8
工农广场	gong nong guang chang	6
工农新村	gong nong xin cun	7
工农村	gong nong cun	14
工农桥	gong nong qiao	7
工农路北口	gong nong lu bei kou	2
工农路南口	gong nong lu nan kou	3
工区街道	gong qu jie dao	4
工四团	gong si tuan	4
工大桥	gong da qiao	3
工字厅	gong zi ting	1
工布学乡	gong bu xue xiang	2
工布江达	gong bu jiang da	14
工布江达镇	gong bu jiang da zhen	3
工村	gong cun	6
工校	gong xiao	8
工程机械厂	gong cheng ji xie chang	7
工程街道	gong cheng jie dao	4
工行大厦	gong hang da sha	4
工贸中心	gong mao zhong xin	1
工贸城	gong mao cheng	3
工贸路	gong mao lu	1
左东园	zuo dong yuan	2
左冯翊	zuo feng yi	29
左北里社区	zuo bei li she qu	3
左南里社区	zuo nan li she qu	2
左安东路	zuo an dong lu	5
左安路	zuo an lu	6
左安门	zuo an men	18
左家垅	zuo jia long	7
左家塘	zuo jia tang	4
左家宅	zuo jia zhai	3
左家庄	zuo jia zhuang	6
左局街	zuo ju jie	3
左岭	zuo ling	15
左岸名苑	zuo an ming yuan	4
左岸花都	zuo an hua du	4
左庄	zuo zhuang	4
左文襄祠	zuo wen xiang ci	3
左江道	zuo jiang dao	15
左海公园	zuo hai gong yuan	4
左海公园西门	zuo hai gong yuan xi men	3
左源	zuo yuan	4
左滩	zuo tan	3
左贡	zuo gong	23
左邻风度	zuo lin feng du	3
左马	zuo ma	40
巧尔什营乡	qiao er shi ying xiang	3
巧报乡	qiao bao xiang	3
巨化	ju hua	27
巨化生活区	ju hua sheng huo qu	2
巨各庄	ju ge zhuang	4
巨各庄村	ju ge zhuang cun	3
巨合滩	ju he tan	3
巨宝庄镇	ju bao zhuang zhen	1
巨家镇	ju jia zhen	3
巨山	ju shan	19
巨山农场	ju shan nong chang	3
巨峰路	ju feng lu	2
巨日合镇	ju ri he zhen	1
巨星公司	ju xing gong si	4
巨村	ju cun	3
巨轮街道	ju lun jie dao	6
巨野路	ju ye lu	6
巨龙乡	ju long xiang	2
巩乃斯沟乡	gong nai si gou xiang	3
巩义市	gong yi shi	39
巩留	gong liu	7
巩留镇	gong liu zhen	5
已略乡	yi lve xiang	2
巴中县	ba zhong xian	39
巴中地区	ba zhong di qu	4
巴久乡	ba jiu xiang	2
巴什兰干乡	ba shen lan gan xiang	3
巴仑台	ba lun tai	10
巴依阿瓦提乡	ba yi a wa ti xiang	5
巴克寓所	ba ke yu suo	5
巴兰基利亚	ba lan ji li ya	3
巴兰河街	ba lan he jie	3
巴厝村	ba cuo cun	3
巴古乡	ba gu xiang	3
巴哈尔路	ba ha er lu	5
巴嘎乌图布拉格牧场	ba ga wu tu bu la ge mu chang	6
巴嘎乡	ba ga xiang	5
巴士一汽	ba shi yi qi	1
巴士四汽	ba shi si qi	5
巴头乡	ba tou xiang	3
巴家乡	ba jia xiang	2
巴岭乡	ba ling xiang	3
巴州一中	ba zhou yi zhong	4
巴州二中	ba zhou er zhong	6
巴州人民医院	ba zhou ren min yi yuan	8
巴州体育馆	ba zhou ti yu guan	3
巴州农校	ba zhou nong xiao	2
巴州农科所	ba zhou nong ke suo	4
巴州医院	ba zhou yi yuan	5
巴州司法局	ba zhou si fa ju	3
巴州国税局	ba zhou guo shui ju	3
巴州客运站	ba zhou ke yun zhan	4
巴州宾馆	ba zhou bin guan	1
巴州工商局	ba zhou gong shang ju	5
巴州建设局	ba zhou jian she ju	4
巴州气象局	ba zhou qi xiang ju	4
巴州消防局	ba zhou xiao fang ju	2
巴州煤矿	ba zhou mei kuang	3
巴州特教学校	ba zhou te jiao xue xiao	3
巴州电视台	ba zhou dian shi tai	4
巴州福利院	ba zhou fu li yuan	4
巴州财校	ba zhou cai xiao	3
巴州陶瓷厂	ba zhou tao ci chang	2
巴巴掌	ba ba zhang	19
巴巴胡同	ba ba hu tong	2
巴干乡	ba gan xiang	3
巴底	ba di	8
巴庙镇	ba miao zhen	4
巴彦乌拉	ba yan wu la	5
巴彦乌拉镇	ba yan wu la zhen	1
巴彦塔拉	ba yan ta la	40
巴彦塔拉镇	ba yan ta la zhen	4
巴彦套海农场	ba yan tao hai nong chang	3
巴彦嵯岗苏木	ba yan cuo gang su mu	2
巴彦德力格尔嘎查	ba yan de li ge er ga cha	1
巴彦扎拉嘎乡	ba yan zha la ga xiang	5
巴彦敖包嘎查	ba yan ao bao ga cha	3
巴彦木仁苏木	ba yan mu ren su mu	3
巴彦查干乡	ba yan cha gan xiang	4
巴彦淖尔盟	ba yan nao er meng	49
巴彦胡硕镇	ba yan hu shuo zhen	3
巴彦诺日公苏木	ba yan nuo ri gong su mu	2
巴彦鄂温克民族乡	ba yan e wen ke min zu xiang	2
巴彦陶来农场	ba yan tao lai nong chang	3
巴折乡	ba zhe xiang	3
巴拉格歹乡	ba la ge dai xiang	4
巴旺乡	ba wang xiang	4
巴林路	ba lin lu	5
巴格艾日克乡	ba ge ai ri ke xiang	6
巴汝乡	ba ru xiang	2
巴沟乡	ba gou xiang	3
巴沟南路	ba gou nan lu	1
巴沟村	ba gou cun	8
巴沟村西口	ba gou cun xi kou	1
巴浪湖农场	ba lang hu nong chang	3
巴特沃斯	ba te wo si	11
巴纳纳	ba na na	12
巴藏乡	ba zang xiang	1
巴藏沟回族乡	ba zang gou hui zu xiang	2
巴西乡	ba xi xiang	6
巴达尔胡镇	ba da er hu zhen	3
巴郎	ba lang	10
巴郎子	ba lang zi	8
巴里坤县	ba li kun xian	3
巴里坤马	ba li kun ma	3
巴隆乡	ba long xiang	3
巴雅尔吐胡硕镇	ba ya er tu hu shuo zhen	2
巴雅尔图	ba ya er tu	8
巴集乡	ba ji xiang	3
巴青乡	ba qing xiang	3
巴音乌鲁乡	ba yin wu lu xiang	4
巴音傲瓦乡	ba yin ao wa xiang	4
巴音小区	ba yin xiao qu	5
巴音库鲁提乡	ba yin ku lu ti xiang	5
巴音技术学院	ba yin ji shu xue yuan	2
巴音村	ba yin cun	4
巴音温都尔	ba yin wen du er	4
巴音赛街道	ba yin sai jie dao	3
巴音郭楞州	ba yin guo leng zhou	3
巴音锡勒镇	ba yin xi le zhen	3
巴马县	ba ma xian	4
巷仔	xiang zai	14
巷内村	xiang nei cun	2
巷口村	xiang kou cun	1
巷口水库	xiang kou shui ku	2
巷头	xiang tou	10
巷子口	xiang zi kou	22
巽寮镇	xun liao zhen	3
巾山小区	jin shan xiao qu	2
市一医	shi yi yi	1
市一医院	shi yi yi yuan	6
市一小	shi yi xiao	6
市一校	shi yi xiao	3
市一院	shi yi yuan	3
市七中	shi qi zhong	3
市七医院	shi qi yi yuan	8
市三中	shi san zhong	4
市三医院	shi san yi yuan	2
市三医院北	shi san yi yuan bei	3
市三院	shi san yuan	2
市中医院	shi zhong yi yuan	49
市九医院	shi jiu yi yuan	7
市二中	shi er zhong	13
市二医院	shi er yi yuan	24
市二宫	shi er gong	16
市二建	shi er jian	5
市二院	shi er yuan	4
市交警支队	shi jiao jing zhi dui	10
市交警支队车管所	shi jiao jing zhi dui che guan suo	8
市交通工程公司	shi jiao tong gong cheng gong si	2
市京路	shi jing lu	2
市人才储备中心	shi ren cai chu bei zhong xin	3
市人民医院	shi ren min yi yuan	13
市传染病医院	shi chuan ran bing yi yuan	29
市传染病院	shi chuan ran bing yuan	4
市体校	shi ti xiao	4
市体育中心	shi ti yu zhong xin	8
市体育馆	shi ti yu guan	13
市便民服务中心	shi bian min fu wu zhong xin	4
市保险公司	shi bao xian gong si	6
市光三村	shi guang san cun	5
市光新村	shi guang xin cun	4
市光路	shi guang lu	3
市党校	shi dang xiao	2
市公交公司	shi gong jiao gong si	2
市公安汽校	shi gong an qi xiao	2
市公安防暴支队	shi gong an fang bao zhi dui	4
市公积金中心	shi gong ji jin zhong xin	10
市公管处	shi gong guan chu	5
市六中	shi liu zhong	1
市六医院	shi liu yi yuan	3
市六院	shi liu yuan	2
市农行	shi nong hang	6
市制药厂	shi zhi yao chang	3
市劳动力市场	shi lao dong li shi chang	6
市化肥厂	shi hua fei chang	3
市区开发区	shi qu kai fa qu	4
市区街道	shi qu jie dao	7
市十七中学	shi shi qi zhong xue	3
市十中	shi shi zhong	6
市卫校	shi wei xiao	6
市啤酒厂	shi pi jiu chang	2
市四院	shi si yuan	1
市国税局	shi guo shui ju	2
市国际大酒店	shi guo ji da jiu dian	2
市场建设中心	shi chang jian she zhong xin	2
市场西区	shi chang xi qu	6
市外国语学校	shi wai guo yu xue xiao	2
市大工业区	shi da gong ye qu	3
市妇保院	shi fu bao yuan	6
市妇幼保健院	shi fu you bao jian yuan	2
市实验中学	shi shi yan zhong xue	8
市客管处	shi ke guan chu	10
市少年宫	shi shao nian gong	7
市展览馆	shi zhan lan guan	6
市工商局	shi gong shang ju	3
市工商所	shi gong shang suo	4
市广电中心	shi guang dian zhong xin	7
市府二办	shi fu er ban	5
市府大楼	shi fu da lou	3
市府大道	shi fu da dao	1
市府路街道	shi fu lu jie dao	2
市康复中心	shi kang fu zhong xin	4
市建四公司	shi jian si gong si	5
市建委	shi jian wei	30
市建设局	shi jian she ju	12
市开发区	shi kai fa qu	4
市总工会	shi zong gong hui	46
市成教院	shi cheng jiao yuan	3
市手外科医院	shi shou wai ke yi yuan	2
市技校	shi ji xiao	5
市按摩医院	shi an mo yi yuan	5
市政天元城	shi zheng tian yuan cheng	5
市政府大楼	shi zheng fu da lou	15
市政府小区	shi zheng fu xiao qu	5
市政府招待所	shi zheng fu zhao dai suo	2
市教委	shi jiao wei	46
市教院附中	shi jiao yuan fu zhong	3
市林场	shi lin chang	1
市检察院	shi jian cha yuan	22
市残联	shi can lian	2
市气象局	shi qi xiang ju	13
市水泥厂	shi shui ni chang	1
市河	shi he	14
市法院	shi fa yuan	13
市混凝土搅拌站	shi hun ning tu jiao ban zhan	5
市物价局	shi wu jia ju	10
市田	shi tian	20
市皮肤病医院	shi pi fu bing yi yuan	2
市皮肤病院	shi pi fu bing yuan	3
市监察支队	shi jian cha zhi dui	6
市直湖前小区	shi zhi hu qian xiao qu	2
市看守所	shi kan shou suo	2
市石油公司	shi shi you gong si	1
市砖厂	shi zhuan chang	2
市第三中学	shi di san zhong xue	3
市第三医院	shi di san yi yuan	8
市第四医院	shi di si yi yuan	8
市粮库	shi liang ku	4
市红会医院	shi hong hui yi yuan	1
市经济技术开发区	shi jing ji ji shu kai fa qu	2
市职大	shi zhi da	2
市职教中心	shi zhi jiao zhong xin	6
市荔湾区	shi li wan qu	48
市药检所	shi yao jian suo	7
市行政中心	shi xing zheng zhong xin	3
市行政服务中心	shi xing zheng fu wu zhong xin	5
市话大厦	shi hua da sha	4
市财校	shi cai xiao	5
市车管所	shi che guan suo	1
市辖	shi xia	18
市运管处	shi yun guan chu	3
市防疫站	shi fang yi zhan	1
市青少年活动中心	shi qing shao nian huo dong zhong xin	4
市面粉公司	shi mian fen gong si	2
市食品厂	shi shi pin chang	2
市高新技术产业开发区	shi gao xin ji shu chan ye kai fa qu	4
市高新技术开发区	shi gao xin ji shu kai fa qu	6
布下	bu xia	12
布伦托海	bu lun tuo hai	4
布依鲁克塔吉克族乡	bu yi lu ke ta ji ke zu xiang	2
布克赛尔	bu ke sai er	11
布吉农批市场	bu ji nong pi shi chang	8
布吉海关	bu ji hai guan	7
布吉联检站	bu ji lian jian zhan	1
布吉路	bu ji lu	8
布吉镇政府	bu ji zhen zheng fu	5
布嘎回族乡	bu ga hui zu xiang	2
布塔乡	bu ta xiang	2
布多乡	bu duo xiang	2
布尔津	bu er jin	10
布巷子胡同	bu xiang zi hu tong	2
布心山湖居总站	bu xin shan hu ju zong zhan	3
布心市场	bu xin shi chang	5
布心花园	bu xin hua yuan	6
布心路	bu xin lu	6
布拖	bu tuo	11
布敦化牧场	bu dun hua mu chang	3
布斯屯格牧场	bu si tun ge mu chang	5
布朗族傣族自治县	bu lang zu dai zu zi zhi xian	5
布沙路	bu sha lu	3
布溪街道	bu xi jie dao	5
布特哈旗	bu te ha qi	6
布衣族	bu yi zu	5
布连河	bu lian he	2
布里奇顿	bu li qi dun	11
布雅乡	bu ya xiang	3
布龙公路	bu long gong lu	8
帅府园	shuai fu yuan	6
帅府园胡同	shuai fu yuan hu tong	2
师大二附中	shi da er fu zhong	4
师大北门	shi da bei men	1
师大新校区	shi da xin xiao qu	2
师家营村	shi jia ying cun	4
师岗村	shi gang cun	2
师庄乡	shi zhuang xiang	4
师敬湾	shi jing wan	3
师桂	shi gui	3
师河区	shi he qu	3
师素乡	shi su xiang	2
师范大学社区	shi fan da xue she qu	3
师达学校	shi da xue xiao	3
希伯花镇	xi bo hua zhen	3
希望广场	xi wang guang chang	7
帕哈乡	pa ha xiang	5
帕当乡	pa dang xiang	2
帕江乡	pa jiang xiang	2
帕羊镇	pa yang zhen	3
帘子库胡同	lian zi ku hu tong	3
帘官公所街	lian guan gong suo jie	5
帝园商城	di yuan shang cheng	3
帝苑	di yuan	2
帝苑酒店	di yuan jiu dian	5
帝豪花园	di hao hua yuan	6
帝豪酒店	di hao jiu dian	8
帝都花园	di du hua yuan	1
带一脚	dai yi jiao	34
带河路	dai he lu	12
席厂下坡	xi chang xia po	2
席王	xi wang	8
席草田	xi cao tian	2
席里	xi li	12
席麻湾乡	xi ma wan xiang	4
帮州	bang zhou	3
帮洲	bang zhou	3
帮爱乡	bang ai xiang	2
帮达乡	bang da xiang	2
帮重	bang zhong	4
常丰乡	chang feng xiang	2
常乐寺	chang le si	5
常乐小区	chang le xiao qu	5
常兴路	chang xing lu	2
常堡乡	chang bao xiang	3
常增路	chang zeng lu	2
常宁县	chang ning xian	8
常宁宫	chang ning gong	1
常宁市	chang ning shi	3
常家庄	chang jia zhuang	3
常家村村	chang jia cun cun	2
常家湾	chang jia wan	4
常寨	chang zhai	5
常屯乡	chang tun xiang	5
常山乡	chang shan xiang	2
常山郡	chang shan jun	27
常州到	chang zhou dao	6
常州街	chang zhou jie	4
常州路	chang zhou lu	4
常州道	chang zhou dao	5
常州道常州里	chang zhou dao chang zhou li	2
常州道靖泰里	chang zhou dao jing tai li	2
常州里	chang zhou li	1
常庄	chang zhuang	27
常庄村委会	chang zhuang cun wei hui	3
常府风华苑	chang fu feng hua yuan	2
常张乡	chang zhang xiang	2
常德县	chang de xian	8
常德路	chang de lu	19
常德道	chang de dao	1
常教	chang jiao	5
常春路	chang chun lu	3
常河	chang he	6
常熟东南开发区	chang shu dong nan kai fa qu	4
常熟路	chang shu lu	10
常码头	chang ma tou	5
常胜村	chang sheng cun	1
常营	chang ying	11
常营北站	chang ying bei zhan	2
常营北路	chang ying bei lu	3
常营民族家园	chang ying min zu jia yuan	1
常营民族小区	chang ying min zu xiao qu	3
常营西路	chang ying xi lu	4
常袋	chang dai	2
常赖	chang lai	2
常辛村	chang xin cun	2
常里营村	chang li ying cun	2
常青公园	chang qing gong yuan	7
常青园	chang qing yuan	6
常青花园新区管委会	chang qing hua yuan xin qu guan wei hui	4
常青路	chang qing lu	2
帽儿胡同	mao er hu tong	3
帽峰公园	mao feng gong yuan	5
幕府佳园	mu fu jia yuan	6
幕府山庄	mu fu shan zhuang	7
幕府西路	mu fu xi lu	2
幕村	mu cun	3
干堰塘	gan yan tang	4
干山	gan shan	6
干山村	gan shan cun	1
干山镇	gan shan zhen	2
干峪沟村	gan yu gou cun	5
干料	gan liao	2
干柴岭	gan chai ling	1
干水塘	gan shui tang	3
干沟	gan gou	33
干河子林场	gan he zi lin chang	3
干洲垦殖场	gan zhou ken zhi chang	2
干海乡	gan hai xiang	2
干海子	gan hai zi	3
干溪村	gan xi cun	5
干煸炒面	gan bian chao mian	1
干疗	gan liao	3
干锅居	gan guo ju	1
干面胡同	gan mian hu tong	2
干馕	gan nang	1
平东路	ping dong lu	3
平丰村	ping feng cun	5
平乐园	ping le yuan	3
平乐园北	ping le yuan bei	3
平乐园小区	ping le yuan xiao qu	4
平乐村	ping le cun	3
平乐瑶族乡	ping le yao zu xiang	4
平乐路	ping le lu	3
平凉路	ping liang lu	38
平凉路大连路	ping liang lu da lian lu	4
平利	ping li	30
平利路	ping li lu	3
平南羌族乡	ping nan qiang zu xiang	2
平南路	ping nan lu	11
平原林场	ping yuan lin chang	6
平各庄	ping ge zhuang	5
平圩	ping wei	7
平地泉村	ping di quan cun	4
平坊	ping fang	22
平坑	ping keng	1
平坝	ping ba	43
平型关路	ping xing guan lu	2
平塘	ping tang	37
平塘路	ping tang lu	5
平安医院	ping an yi yuan	5
平安场	ping an chang	1
平安大街	ping an da jie	22
平安居	ping an ju	1
平安村	ping an cun	7
平安村四组	ping an cun si zu	2
平安桥	ping an qiao	5
平安洞水库	ping an dong shui ku	3
平安胡同	ping an hu tong	3
平安街	ping an jie	1
平安路	ping an lu	14
平定堡	ping ding bao	1
平定营镇	ping ding ying zhen	3
平山小学	ping shan xiao xue	4
平山村	ping shan cun	15
平山湖蒙古族乡	ping shan hu meng gu zu xiang	3
平山道	ping shan dao	4
平岗	ping gang	5
平岗乡	ping gang xiang	2
平岩乡	ping yan xiang	3
平峪	ping yu	3
平度县	ping du xian	6
平度市	ping du shi	47
平房东口	ping fang dong kou	3
平房北站	ping fang bei zhan	4
平房路	ping fang lu	4
平手外科医院	ping shou wai ke yi yuan	4
平政	ping zheng	8
平政路街道	ping zheng lu jie dao	6
平明	ping ming	19
平村彝族傣族乡	ping cun yi zu dai zu xiang	2
平松乡	ping song xiang	3
平步	ping bu	9
平民乡	ping min xiang	1
平水	ping shui	46
平水镇政府	ping shui zhen zheng fu	4
平江小区	ping jiang xiao qu	2
平江村	ping jiang cun	4
平江路口	ping jiang lu kou	1
平江道	ping jiang dao	1
平沙机械厂	ping sha ji xie chang	2
平沙法庭	ping sha fa ting	4
平泉道	ping quan dao	3
平洋	ping yang	23
平洞乡	ping dong xiang	2
平津道	ping jin dao	2
平海公寓	ping hai gong yu	4
平海路	ping hai lu	31
平涉公路	ping she gong lu	5
平湖市	ping hu shi	33
平湖村	ping hu cun	1
平湖汽车站	ping hu qi che zhan	6
平湖路	ping hu lu	1
平湖门	ping hu men	9
平潭街街道	ping tan jie jie dao	5
平班镇	ping ban zhen	2
平石桥	ping shi qiao	2
平福头乡	ping fu tou xiang	5
平福路	ping fu lu	6
平窝乡	ping wo xiang	3
平羊	ping yang	3
平西府	ping xi fu	9
平西府东口	ping xi fu dong kou	3
平西王府	ping xi wang fu	8
平西王府西	ping xi wang fu xi	2
平西王府路口南	ping xi wang fu lu kou nan	2
平谷世纪广场	ping gu shi ji guang chang	1
平谷中医院	ping gu zhong yi yuan	4
平谷区医院	ping gu qu yi yuan	7
平谷区政府	ping gu qu zheng fu	1
平谷县	ping gu xian	33
平谷岳各庄	ping gu yue ge zhuang	2
平谷检测场	ping gu jian ce chang	2
平谷汽车站	ping gu qi che zhan	1
平里店	ping li dian	1
平阳三村	ping yang san cun	4
平阳寺	ping yang si	3
平阳村	ping yang cun	6
平阳桥	ping yang qiao	2
平阳街道	ping yang jie dao	5
平阳路	ping yang lu	14
平顶山小区	ping ding shan xiao qu	4
平顺路	ping shun lu	4
平马乡	ping ma xiang	3
平鲁	ping lu	32
平鲁县	ping lu xian	6
平齐铁路	ping qi tie lu	8
年丰路	nian feng lu	3
年古	nian gu	9
年堆乡	nian dui xiang	3
年龙	nian long	9
年龙乡	nian long xiang	3
并州饭店	bing zhou fan dian	7
并西商场	bing xi shang chang	2
幸村	xing cun	41
幸福一村	xing fu yi cun	5
幸福三村	xing fu san cun	6
幸福三村社区	xing fu san cun she qu	2
幸福东区	xing fu dong qu	3
幸福中路	xing fu zhong lu	8
幸福二村	xing fu er cun	1
幸福城	xing fu cheng	9
幸福大街	xing fu da jie	10
幸福大酒店	xing fu da jiu dian	1
幸福家	xing fu jia	9
幸福小区	xing fu xiao qu	5
幸福屯	xing fu tun	2
幸福广场	xing fu guang chang	9
幸福影院	xing fu ying yuan	2
幸福新村	xing fu xin cun	8
幸福桥	xing fu qiao	8
幸福河桥	xing fu he qiao	2
幸福电影院	xing fu dian ying yuan	4
幸福美地	xing fu mei di	4
幸福艺居	xing fu yi ju	4
幸福花园	xing fu hua yuan	9
幸福苑	xing fu yuan	7
幸福街口	xing fu jie kou	2
幸福路	xing fu lu	46
幸福路口	xing fu lu kou	2
幸福道	xing fu dao	5
幺儿	yao er	1
幺六桥回族乡	yao liu qiao hui zu xiang	2
幺塘乡	yao tang xiang	4
幺女子	yao nv zi	3
幻溇村	huan lou cun	3
幼山小学	you shan xiao xue	3
幼师学校	you shi xue xiao	3
幼平乡	you ping xiang	2
幽谷神潭	you gu shen tan	2
广东东莞市东坑镇	guang dong dong guan shi dong keng zhen	2
广东东莞市中堂镇	guang dong dong guan shi zhong tang zhen	1
广东东莞市凤岗镇	guang dong dong guan shi feng gang zhen	6
广东东莞市厚街镇	guang dong dong guan shi hou jie zhen	4
广东东莞市塘厦镇	guang dong dong guan shi tang xia zhen	3
广东东莞市大岭山镇	guang dong dong guan shi da ling shan zhen	3
广东东莞市大朗镇	guang dong dong guan shi da lang zhen	5
广东东莞市寮步镇	guang dong dong guan shi liao bu zhen	4
广东东莞市常平镇	guang dong dong guan shi chang ping zhen	4
广东东莞市桥头镇	guang dong dong guan shi qiao tou zhen	3
广东东莞市樟木头镇	guang dong dong guan shi zhang mu tou zhen	5
广东东莞市横沥镇	guang dong dong guan shi heng li zhen	3
广东东莞市洪梅镇	guang dong dong guan shi hong mei zhen	3
广东东莞市清溪镇	guang dong dong guan shi qing xi zhen	4
广东东莞市石排镇	guang dong dong guan shi shi pai zhen	5
广东东莞市石碣镇	guang dong dong guan shi shi jie zhen	4
广东东莞市石龙镇	guang dong dong guan shi shi long zhen	1
广东东莞市茶山镇	guang dong dong guan shi cha shan zhen	3
广东东莞市虎门镇	guang dong dong guan shi hu men zhen	5
广东东莞市谢岗镇	guang dong dong guan shi xie gang zhen	3
广东东莞市长安镇	guang dong dong guan shi chang an zhen	5
广东东莞市麻涌镇	guang dong dong guan shi ma chong zhen	5
广东东莞市黄江镇	guang dong dong guan shi huang jiang zhen	2
广东中山市三乡镇	guang dong zhong shan shi san xiang zhen	4
广东中山市三角镇	guang dong zhong shan shi san jiao zhen	4
广东中山市东凤镇	guang dong zhong shan shi dong feng zhen	3
广东中山市东升镇	guang dong zhong shan shi dong sheng zhen	3
广东中山市南头镇	guang dong zhong shan shi nan tou zhen	2
广东中山市南朗镇	guang dong zhong shan shi nan lang zhen	1
广东中山市古镇镇	guang dong zhong shan shi gu zhen zhen	1
广东中山市坦洲镇	guang dong zhong shan shi tan zhou zhen	3
广东中山市大涌镇	guang dong zhong shan shi da chong zhen	4
广东中山市小榄镇	guang dong zhong shan shi xiao lan zhen	5
广东中山市横栏镇	guang dong zhong shan shi heng lan zhen	5
广东中山市民众镇	guang dong zhong shan shi min zhong zhen	3
广东中山市沙溪镇	guang dong zhong shan shi sha xi zhen	3
广东中山市港口镇	guang dong zhong shan shi gang kou zhen	3
广东中山市石岐区	guang dong zhong shan shi shi qi qu	3
广东中山市黄圃镇	guang dong zhong shan shi huang pu zhen	3
广东南海区西樵镇	guang dong nan hai qu xi qiao zhen	2
广东博罗县石湾镇	guang dong bo luo xian shi wan zhen	2
广东台山市台城镇	guang dong tai shan shi tai cheng zhen	2
广东增城市新塘镇	guang dong zeng cheng shi xin tang zhen	3
广东大厦	guang dong da sha	8
广东宝安区龙华镇	guang dong bao an qu long hua zhen	2
广东山庄路	guang dong shan zhuang lu	3
广东工大	guang dong gong da	7
广东潮安县庵埠镇	guang dong chao an xian an bu zhen	2
广东潮安县彩塘镇	guang dong chao an xian cai tang zhen	2
广东番禺区化龙镇	guang dong fan yu qu hua long zhen	2
广东省龙川县	guang dong sheng long chuan xian	3
广东罐头厂	guang dong guan tou chang	3
广东花都区狮岭镇	guang dong hua du qu shi ling zhen	3
广东路	guang dong lu	27
广东路中裕园	guang dong lu zhong yu yuan	2
广东路外滩	guang dong lu wai tan	3
广东顺德区龙江镇	guang dong shun de qu long jiang zhen	2
广东龙岗区布吉镇	guang dong long gang qu bu ji zhen	2
广中码头	guang zhong ma tou	4
广中路	guang zhong lu	11
广中路水电路	guang zhong lu shui dian lu	2
广义街	guang yi jie	5
广仁寺	guang ren si	3
广仁街	guang ren jie	3
广佛公路	guang fo gong lu	7
广佛寺	guang fo si	1
广佛寺村	guang fo si cun	3
广佛路口	guang fo lu kou	1
广元县	guang yuan xian	4
广元西路	guang yuan xi lu	7
广元路	guang yuan lu	10
广八路	guang ba lu	8
广内	guang nei	3
广利佳苑	guang li jia yuan	2
广利大厦	guang li da sha	4
广化	guang hua	14
广化寺	guang hua si	8
广化桥	guang hua qiao	8
广医二院	guang yi er yuan	2
广卫街道	guang wei jie dao	5
广卫路	guang wei lu	3
广卫路总站	guang wei lu zong zhan	1
广厦城	guang sha cheng	6
广厦天都城	guang sha tian du cheng	3
广厦家园	guang sha jia yuan	4
广发永乡	guang fa yong xiang	2
广和里社区	guang he li she qu	2
广园新村	guang yuan xin cun	5
广场东门	guang chang dong men	7
广场桥	guang chang qiao	4
广场西门	guang chang xi men	3
广场路	guang chang lu	10
广埠屯	guang bu tun	31
广外甘石桥	guang wai gan shi qiao	4
广大公司	guang da gong si	6
广大环球	guang da huan qiu	6
广宁村	guang ning cun	2
广宁路	guang ning lu	3
广宁路实验	guang ning lu shi yan	2
广安县	guang an xian	15
广安大街	guang an da jie	13
广安市场	guang an shi chang	1
广安胡同	guang an hu tong	1
广安门内	guang an men nei	27
广安门北	guang an men bei	8
广安门北站	guang an men bei zhan	4
广安门南	guang an men nan	12
广安门南站	guang an men nan zhan	2
广安门货站	guang an men huo zhan	2
广安门车站西街	guang an men che zhan xi jie	5
广寿桥	guang shou qiao	2
广州军区总医院	guang zhou jun qu zong yi yuan	3
广州北路	guang zhou bei lu	5
广州南路	guang zhou nan lu	5
广州大道中	guang zhou da dao zhong	1
广州大道北	guang zhou da dao bei	1
广州火车	guang zhou huo che	3
广州火车东站	guang zhou huo che dong zhan	10
广州火车站总站	guang zhou huo che zhan zong zhan	5
广州碧桂园	guang zhou bi gui yuan	3
广州碧桂园总站	guang zhou bi gui yuan zong zhan	3
广州街	guang zhou jie	13
广州街道	guang zhou jie dao	1
广州赛马场	guang zhou sai ma chang	2
广州路	guang zhou lu	23
广州道	guang zhou dao	3
广州钢铁厂	guang zhou gang tie chang	1
广延路	guang yan lu	4
广开三马路	guang kai san ma lu	2
广开中街	guang kai zhong jie	2
广开二马路	guang kai er ma lu	2
广开四马路	guang kai si ma lu	5
广开路	guang kai lu	2
广录庄	guang lu zhuang	4
广德小区	guang de xiao qu	3
广德路	guang de lu	4
广成桥	guang cheng qiao	3
广排	guang pai	2
广播电大	guang bo dian da	1
广文	guang wen	38
广新路	guang xin lu	6
广景苑	guang jing yuan	3
广桥	guang qiao	9
广桥村	guang qiao cun	3
广武门街道	guang wu men jie dao	6
广水市	guang shui shi	21
广汉县	guang han xian	4
广汉市	guang han shi	18
广汕公路	guang shan gong lu	26
广泽路	guang ze lu	5
广洋	guang yang	4
广济县	guang ji xian	25
广济桥	guang ji qiao	27
广济街	guang ji jie	3
广海	guang hai	19
广润	guang run	8
广深公路	guang shen gong lu	8
广深高速公路	guang shen gao su gong lu	8
广渠门	guang qu men	37
广渠门内	guang qu men nei	8
广渠门南水关胡同	guang qu men nan shui guan hu tong	2
广渠门外南里社区	guang qu men wai nan li she qu	3
广渠门大街	guang qu men da jie	1
广渠门桥	guang qu men qiao	11
广源小区	guang yuan xiao qu	6
广源路	guang yuan lu	6
广灵一路	guang ling yi lu	6
广灵二路	guang ling er lu	2
广灵四路	guang ling si lu	8
广瑞路	guang rui lu	7
广电中心	guang dian zhong xin	28
广电大厦	guang dian da sha	10
广电局	guang dian ju	49
广电路	guang dian lu	2
广益村	guang yi cun	3
广益隆乡	guang yi long xiang	2
广祥	guang xiang	15
广禄庄村	guang lu zhuang cun	2
广福桥	guang fu qiao	11
广福桥北街	guang fu qiao bei jie	1
广福桥街	guang fu qiao jie	6
广福桥路口	guang fu qiao lu kou	5
广福里	guang fu li	6
广秀路	guang xiu lu	3
广积屯村	guang ji tun cun	6
广粤路	guang yue lu	7
广罗乡	guang luo xiang	3
广艺路	guang yi lu	3
广花一路	guang hua yi lu	5
广花三路	guang hua san lu	3
广茂大街	guang mao da jie	3
广西东兴市东兴镇	guang xi dong xing shi dong xing zhen	2
广西区	guang xi qu	9
广西自治区	guang xi zi zhi qu	39
广视宾馆	guang shi bin guan	3
广达路	guang da lu	1
广通道	guang tong dao	5
广阳大街	guang yang da jie	3
广陵郡	guang ling jun	45
广隆	guang long	41
广顺南大街北口	guang shun nan da jie bei kou	3
广顺南大街南口	guang shun nan da jie nan kou	3
广顺桥南	guang shun qiao nan	3
广顺路	guang shun lu	5
庄上	zhuang shang	8
庄上村	zhuang shang cun	1
庄上镇	zhuang shang zhen	4
庄任	zhuang ren	2
庄任社区	zhuang ren she qu	3
庄内村	zhuang nei cun	3
庄前	zhuang qian	5
庄城	zhuang cheng	8
庄塌乡	zhuang ta xiang	4
庄头峪村	zhuang tou yu cun	4
庄子营	zhuang zi ying	3
庄家村	zhuang jia cun	5
庄山村	zhuang shan cun	3
庄岩	zhuang yan	6
庄桥	zhuang qiao	26
庄楼	zhuang lou	2
庄河县	zhuang he xian	16
庄河市	zhuang he shi	24
庄泉	zhuang quan	4
庄浪	zhuang lang	40
庄灶村	zhuang zao cun	2
庄田	zhuang tian	42
庄田村	zhuang tian cun	4
庄禾集镇	zhuang he ji zhen	4
庄窝	zhuang wo	3
庄窠乡	zhuang ke xiang	2
庄里村	zhuang li cun	7
庄阳	zhuang yang	4
庄顶	zhuang ding	1
庆中	qing zhong	8
庆丰园	qing feng yuan	1
庆丰新村	qing feng xin cun	1
庆丰村	qing feng cun	3
庆丰桥	qing feng qiao	4
庆丰路	qing feng lu	9
庆云南街	qing yun nan jie	7
庆云山街道	qing yun shan jie dao	3
庆云村	qing yun cun	1
庆云桥	qing yun qiao	5
庆云楼	qing yun lou	2
庆云西街	qing yun xi jie	6
庆余路	qing yu lu	2
庆升	qing sheng	1
庆宁乡	qing ning xiang	4
庆宁寺	qing ning si	30
庆客隆	qing ke long	1
庆岭乡	qing ling xiang	2
庆平胡同	qing ping hu tong	3
庆恒乡	qing heng xiang	2
庆春东路	qing chun dong lu	17
庆春立交桥	qing chun li jiao qiao	1
庆春苑	qing chun yuan	3
庆春门	qing chun men	8
庆盛	qing sheng	45
庆符	qing fu	16
庆阳县	qing yang xian	5
庆阳地区	qing yang di qu	1
庆阳村	qing yang cun	2
庆隆乡	qing long xiang	3
庆隆村	qing long cun	4
庆隆苑	qing long yuan	4
庆龙	qing long	34
庐山大厦	lu shan da sha	4
庐山路	lu shan lu	3
庐山风景名胜区	lu shan feng jing ming sheng qu	8
庐江路	lu jiang lu	1
庐江郡	lu jiang jun	44
庑殿一村	wu dian yi cun	3
庑殿三村	wu dian san cun	3
庑殿路南口	wu dian lu nan kou	2
库伦图乡	ku lun tu xiang	2
库依乡	ku yi xiang	3
库兰萨日克乡	ku lan sa ri ke xiang	1
库如奇乡	ku ru qi xiang	3
库尔勒县	ku er le xian	2
库尔楚园艺场	ku er chu yuan yi chang	5
库尔特乡	ku er te xiang	4
库局乡	ku ju xiang	2
库拉木勒克乡	ku la mu le ke xiang	5
库斯拉甫乡	ku si la fu xiang	1
库木代尔瓦扎街道	ku mu dai er wa zha jie dao	2
库湖	ku hu	6
库甫乡	ku fu xiang	4
库科西鲁格乡	ku ke xi lu ge xiang	2
库联村	ku lian cun	3
库车种羊场	ku che zhong yang chang	3
应城县	ying cheng xian	19
应城市	ying cheng shi	11
应天寺	ying tian si	4
应家山	ying jia shan	3
应寺村	ying si cun	3
应山	ying shan	41
应山县	ying shan xian	15
应昌街	ying chang jie	4
应用技术学院	ying yong ji shu xue yuan	26
底阁	di ge	3
底雅乡	di ya xiang	4
店上村委会	dian shang cun wei hui	3
店下	dian xia	7
店头	dian tou	36
店子村	dian zi cun	4
店张	dian zhang	7
店张街道	dian zhang jie dao	3
店排	dian pai	6
店王	dian wang	7
庙上	miao shang	7
庙东村	miao dong cun	2
庙前村	miao qian cun	2
庙前街道	miao qian jie dao	1
庙南	miao nan	3
庙坡头村	miao po tou cun	2
庙坡村	miao po cun	3
庙坪村	miao ping cun	5
庙城	miao cheng	3
庙城地区	miao cheng di qu	1
庙头村	miao tou cun	2
庙安乡	miao an xiang	4
庙尔沟	miao er gou	6
庙山管委会	miao shan guan wei hui	4
庙岭	miao ling	6
庙岭村	miao ling cun	5
庙巷	miao xiang	5
庙庄	miao zhuang	8
庙店	miao dian	1
庙李村	miao li cun	6
庙桥	miao qiao	7
庙沟	miao gou	35
庙泾路	miao jing lu	3
庙港	miao gang	9
庙湾	miao wan	13
庙湾岛	miao wan dao	12
庙王村	miao wang cun	4
庙背	miao bei	1
庙西	miao xi	1
庙角	miao jiao	2
庙路	miao lu	32
庙铺	miao pu	3
庙阳坡	miao yang po	2
府东巷	fu dong xiang	3
府东街	fu dong jie	5
府东里社区	fu dong li she qu	2
府前街	fu qian jie	17
府前路	fu qian lu	21
府南新区	fu nan xin qu	2
府南街道	fu nan jie dao	6
府又	fu you	5
府又市场	fu you shi chang	3
府右街	fu you jie	32
府后街	fu hou jie	9
府后街街道	fu hou jie jie dao	5
府学胡同	fu xue hu tong	8
府庙	fu miao	23
府文庙	fu wen miao	18
府新花园	fu xin hua yuan	1
府明	fu ming	3
府村路	fu cun lu	5
府正街	fu zheng jie	5
府河路	fu he lu	5
府琛花园	fu chen hua yuan	2
府苑新村	fu yuan xin cun	5
府西街	fu xi jie	7
府青路一环路立交桥	fu qing lu yi huan lu li jiao qiao	4
府青路三段	fu qing lu san duan	1
府青路二环路立交桥	fu qing lu er huan lu li jiao qiao	4
府顺	fu shun	1
庞公街道	pang gong jie dao	4
庞各庄	pang ge zhuang	36
庞家乡	pang jia xiang	4
庞家堡	pang jia bao	1
庞家堡区	pang jia bao qu	2
庞家院子	pang jia yuan zi	2
庞庄	pang zhuang	1
庞村	pang cun	7
庞村社区	pang cun she qu	3
庞武	pang wu	3
庞泉沟镇	pang quan gou zhen	4
废旧金属市场	fei jiu jin shu shi chang	5
庭卡乡	ting ka xiang	2
庵上	an shang	3
庵上村	an shang cun	3
庵东	an dong	2
庵内	an nei	15
庵前	an qian	3
庵前村	an qian cun	3
庵山	an shan	9
康东	kang dong	5
康乐园	kang le yuan	38
康乐小区社区	kang le xiao qu she qu	2
康乐居委会	kang le ju wei hui	2
康乐新村	kang le xin cun	1
康乐村	kang le cun	5
康乐街	kang le jie	6
康乐路	kang le lu	37
康乐路北口	kang le lu bei kou	3
康乐路南口	kang le lu nan kou	3
康健新村	kang jian xin cun	3
康健路	kang jian lu	1
康克尔柯尔克孜族乡	kang ke er ke er ke zi zu xiang	3
康勒乡	kang le xiang	2
康坪	kang ping	4
康城南站	kang cheng nan zhan	3
康城镇	kang cheng zhen	5
康复路	kang fu lu	9
康复路北口	kang fu lu bei kou	5
康宁乡	kang ning xiang	5
康宁医院	kang ning yi yuan	7
康宁街东口	kang ning jie dong kou	4
康宁路	kang ning lu	5
康宁镇	kang ning zhen	4
康安	kang an	12
康安村	kang an cun	3
康安社区	kang an she qu	3
康定东路	kang ding dong lu	5
康定路	kang ding lu	22
康定里	kang ding li	4
康家会镇	kang jia hui zhen	2
康家屯	kang jia tun	2
康家桥	kang jia qiao	1
康家沟	kang jia gou	6
康家港乡	kang jia gang xiang	2
康家湾	kang jia wan	4
康富花园	kang fu hua yuan	4
康居小区	kang ju xiao qu	6
康居里	kang ju li	6
康山村	kang shan cun	3
康布乡	kang bu xiang	2
康平街	kang ping jie	1
康平路	kang ping lu	3
康庄小区	kang zhuang xiao qu	5
康庄街	kang zhuang jie	5
康庄路	kang zhuang lu	1
康庄路东口	kang zhuang lu dong kou	2
康庄镇政府	kang zhuang zhen zheng fu	4
康店	kang dian	2
康店村	kang dian cun	3
康怡花园	kang yi hua yuan	21
康扬镇	kang yang zhen	3
康新花园	kang xin hua yuan	1
康有为墓	kang you wei mu	10
康杜村	kang du cun	2
康桥丽景	kang qiao li jing	3
康桥半岛	kang qiao ban dao	5
康桥圣菲	kang qiao sheng fei	5
康桥镇政府	kang qiao zhen zheng fu	5
康盛园	kang sheng yuan	5
康盛园小区	kang sheng yuan xiao qu	4
康盛花园	kang sheng hua yuan	14
康福	kang fu	28
康美村	kang mei cun	2
康苏镇	kang su zhen	4
康藏路	kang zang lu	6
康西	kang xi	19
康西草原	kang xi cao yuan	7
康达尔花园	kang da er hua yuan	5
康郡	kang jun	35
康雄乡	kang xiong xiang	2
康静里	kang jing li	3
康静里南	kang jing li nan	1
康馨家园	kang xin jia yuan	4
康馨苑	kang xin yuan	5
康马	kang ma	5
庸村	yong cun	2
廉江县	lian jiang xian	18
廊坊会展中心	lang fang hui zhan zhong xin	2
廊坊第九中学	lang fang di jiu zhong xue	2
廊房二条	lang fang er tiao	2
廊桥水岸	lang qiao shui an	3
廖公庄	liao gong zhuang	3
廖公庄东站	liao gong zhuang dong zhan	2
廖厝村	liao cuo cun	3
廖国荣	liao guo rong	4
廖家冲	liao jia chong	4
廖家坡	liao jia po	5
廖家坪	liao jia ping	7
廖家坪村	liao jia ping cun	4
廖家巷	liao jia xiang	5
廖家村	liao jia cun	1
廖家湾	liao jia wan	5
廖家祠	liao jia ci	2
廖廓街道	liao kuo jie dao	3
延兴门	yan xing men	3
延吉西路	yan ji xi lu	2
延吉道	yan ji dao	10
延安东路外滩	yan an dong lu wai tan	8
延安中路	yan an zhong lu	28
延安公园	yan an gong yuan	4
延安北路街道	yan an bei lu jie dao	2
延安南路	yan an nan lu	4
延安南路街道	yan an nan lu jie dao	3
延安宾馆	yan an bin guan	1
延安新村	yan an xin cun	8
延安西路凯旋路	yan an xi lu kai xuan lu	3
延安路口	yan an lu kou	8
延安路地道	yan an lu di dao	3
延安路外滩	yan an lu wai tan	3
延安路庆春路口	yan an lu qing chun lu kou	6
延安路解放路口	yan an lu jie fang lu kou	5
延寿村	yan shou cun	5
延平郡王祠	yan ping jun wang ci	11
延庆一中	yan qing yi zhong	5
延庆东关	yan qing dong guan	5
延庆中医院	yan qing zhong yi yuan	3
延庆二中	yan qing er zhong	4
延庆二小	yan qing er xiao	4
延庆五中	yan qing wu zhong	3
延庆交通局	yan qing jiao tong ju	4
延庆公安局	yan qing gong an ju	3
延庆南菜园	yan qing nan cai yuan	7
延庆南菜园总站	yan qing nan cai yuan zong zhan	4
延庆县医院	yan qing xian yi yuan	7
延庆县延庆镇	yan qing xian yan qing zhen	7
延庆县政府	yan qing xian zheng fu	8
延庆地税局	yan qing di shui ju	3
延庆妇幼保健院	yan qing fu you bao jian yuan	3
延庆旧县	yan qing jiu xian	4
延庆汽车站	yan qing qi che zhan	5
延庆火车站	yan qing huo che zhan	6
延江街道	yan jiang jie dao	2
延河路	yan he lu	2
延津县新兴农场	yan jin xian xin xing nong chang	3
延长中路	yan chang zhong lu	2
延长路	yan chang lu	4
延长镇	yan chang zhen	2
延陵	yan ling	34
延陵东路	yan ling dong lu	2
延陵社区	yan ling she qu	2
延陵西路	yan ling xi lu	2
延静里	yan jing li	4
延龄巷	yan ling xiang	7
建业一路	jian ye yi lu	3
建业三路	jian ye san lu	2
建业路	jian ye lu	4
建业路口	jian ye lu kou	5
建东街	jian dong jie	7
建东街东段	jian dong jie dong duan	3
建中小区	jian zhong xiao qu	2
建中村	jian zhong cun	5
建中镇	jian zhong zhen	2
建丰村	jian feng cun	4
建二南路	jian er nan lu	2
建云路	jian yun lu	3
建全村	jian quan cun	3
建兴市场	jian xing shi chang	2
建兴村	jian xing cun	3
建兴社区	jian xing she qu	4
建功北里	jian gong bei li	5
建北桥	jian bei qiao	4
建北街道	jian bei jie dao	5
建华厂	jian hua chang	3
建华新村	jian hua xin cun	5
建华村	jian hua cun	6
建华路	jian hua lu	2
建南小区	jian nan xiao qu	4
建南居委会	jian nan ju wei hui	3
建南汽车站	jian nan qi che zhan	8
建南花园	jian nan hua yuan	3
建和胡同	jian he hu tong	3
建国东路	jian guo dong lu	1
建国中路	jian guo zhong lu	4
建国北路	jian guo bei lu	39
建国北路文晖路口	jian guo bei lu wen hui lu kou	3
建国南苑	jian guo nan yuan	1
建国村	jian guo cun	6
建国西路	jian guo xi lu	3
建国路口	jian guo lu kou	4
建国路街道	jian guo lu jie dao	5
建国道	jian guo dao	1
建国里社区	jian guo li she qu	4
建场	jian chang	25
建坊	jian fang	14
建宁路	jian ning lu	13
建宁郡	jian ning jun	23
建安一路	jian an yi lu	3
建安中学	jian an zhong xue	2
建安宿舍	jian an su she	4
建安村	jian an cun	2
建工医院	jian gong yi yuan	1
建工学校	jian gong xue xiao	4
建工学院	jian gong xue yuan	6
建工技校	jian gong ji xiao	3
建工新村	jian gong xin cun	5
建工路	jian gong lu	5
建平中学	jian ping zhong xue	1
建康新村	jian kang xin cun	5
建康路	jian kang lu	18
建康路街道	jian kang lu jie dao	3
建德县	jian de xian	49
建德市	jian de shi	33
建德花园	jian de hua yuan	5
建成村	jian cheng cun	1
建才	jian cai	7
建政路	jian zheng lu	1
建新东路	jian xin dong lu	6
建新北区	jian xin bei qu	4
建新南区	jian xin nan qu	3
建新巷	jian xin xiang	2
建新庄	jian xin zhuang	5
建新庄村	jian xin zhuang cun	3
建新路	jian xin lu	5
建昌道	jian chang dao	16
建昌道育红东里	jian chang dao yu hong dong li	2
建明村	jian ming cun	4
建星路口	jian xing lu kou	2
建机厂	jian ji chang	5
建材厂	jian cai chang	3
建材城	jian cai cheng	28
建材城东里	jian cai cheng dong li	3
建材城环岛	jian cai cheng huan dao	3
建材城联合社区	jian cai cheng lian he she qu	3
建材市场	jian cai shi chang	39
建材行办	jian cai hang ban	2
建林村	jian lin cun	5
建欣苑	jian xin yuan	7
建民乡	jian min xiang	3
建民街道	jian min jie dao	3
建江村	jian jiang cun	1
建洪	jian hong	1
建港路	jian gang lu	4
建湖道	jian hu dao	3
建湖里	jian hu li	3
建湘路	jian xiang lu	3
建物大街	jian wu da jie	2
建瓯县	jian ou xian	10
建瓯市	jian ou shi	41
建电新村	jian dian xin cun	3
建秦园林	jian qin yuan lin	4
建筑新村	jian zhu xin cun	7
建筑机械厂	jian zhu ji xie chang	3
建筑材料厂	jian zhu cai liao chang	2
建筑街道	jian zhu jie dao	5
建筑路	jian zhu lu	5
建筑馆	jian zhu guan	2
建胜	jian sheng	14
建茶	jian cha	4
建西	jian xi	7
建西社区	jian xi she qu	4
建西街	jian xi jie	6
建设一路	jian she yi lu	7
建设东路	jian she dong lu	13
建设中学	jian she zhong xue	2
建设二路	jian she er lu	8
建设北路三段	jian she bei lu san duan	8
建设南新路	jian she nan xin lu	6
建设南路	jian she nan lu	5
建设大厦	jian she da sha	3
建设大楼	jian she da lou	3
建设大街	jian she da jie	5
建设居委会	jian she ju wei hui	4
建设市场	jian she shi chang	6
建设新村	jian she xin cun	7
建设新街	jian she xin jie	3
建设村	jian she cun	10
建设街	jian she jie	21
建设街街道	jian she jie jie dao	3
建设路东	jian she lu dong	7
建设路中	jian she lu zhong	4
建设路口	jian she lu kou	5
建设路的	jian she lu de	9
建设路街道办事处	jian she lu jie dao ban shi chu	8
建邺路	jian ye lu	6
建都新村	jian du xin cun	3
建阳县	jian yang xian	24
建阳市	jian yang shi	14
建陵镇	jian ling zhen	1
建陶市场	jian tao shi chang	4
建黎乡	jian li xiang	3
廻龙	hui long	4
廻龙村	hui long cun	4
廿地乡	nian di xiang	1
廿里	nian li	3
廿里堡	nian li pu	12
开元寺西门	kai yuan si xi men	2
开元村	kai yuan cun	4
开元社区	kai yuan she qu	1
开关厂	kai guan chang	8
开关小区	kai guan xiao qu	3
开化寺	kai hua si	6
开原县	kai yuan xian	12
开原市	kai yuan shi	35
开发区一中	kai fa qu yi zhong	7
开发区二期	kai fa qu er qi	6
开发区交通服务中心	kai fa qu jiao tong fu wu zhong xin	5
开发区办事处	kai fa qu ban shi chu	5
开发区医院	kai fa qu yi yuan	1
开发区口岸	kai fa qu kou an	4
开发区委	kai fa qu wei	5
开发区宏达	kai fa qu hong da	2
开发区第一大街	kai fa qu di yi da jie	3
开发区第三大街	kai fa qu di san da jie	3
开发区行政中心	kai fa qu xing zheng zhong xin	4
开发大道	kai fa da dao	5
开发新村	kai fa xin cun	4
开古庄	kai gu zhuang	2
开城里街口	kai cheng li jie kou	2
开封道	kai feng dao	3
开州路	kai zhou lu	6
开平县	kai ping xian	29
开平市大沙河水库	kai ping shi da sha he shui ku	2
开平碉楼与村落	kai ping diao lou yu cun luo	2
开庄	kai zhuang	2
开库康乡	kai ku kang xiang	4
开慧	kai hui	11
开放路社区	kai fang lu she qu	2
开明市场	kai ming shi chang	3
开明街	kai ming jie	3
开普顿	kai pu dun	5
开村	kai cun	10
开江南路	kai jiang nan lu	2
开江南里	kai jiang nan li	3
开江道	kai jiang dao	3
开沙	kai sha	5
开福	kai fu	44
开福寺	kai fu si	25
开福寺路	kai fu si lu	3
开禾	kai he	4
开运街	kai yun jie	7
开远市	kai yuan shi	12
开都河	kai du he	8
开锋	kai feng	12
开阳桥南	kai yang qiao nan	4
开阳桥西	kai yang qiao xi	4
开阳里第一社区	kai yang li di yi she qu	2
开阳里第三社区	kai yang li di san she qu	3
开阳里第四社区	kai yang li di si she qu	3
开鲁新村	kai lu xin cun	3
开鲁路	kai lu lu	1
弄口村	long kou cun	2
弓字胡同	gong zi hu tong	2
弓弦胡同	gong xian hu tong	4
弓村	gong cun	11
弓箭坊	gong jian fang	7
弓起	gong qi	5
弓长岭	gong chang ling	11
引胜乡	yin sheng xiang	2
引铺巷	yin pu xiang	2
弗里德堡陨石坑	fu li de bao yun shi keng	3
弘善胡同	hong shan hu tong	1
弘燕名居	hong yan ming ju	3
弘燕桥	hong yan qiao	5
弘燕桥东	hong yan qiao dong	2
弘燕站	hong yan zhan	3
弘燕路	hong yan lu	6
弘燕路小区	hong yan lu xiao qu	3
弘福寺	hong fu si	11
张万坟	zhang wan fen	3
张世刚	zhang shi gang	5
张中坞村	zhang zhong wu cun	2
张二庄	zhang er zhuang	4
张仪村北站	zhang yi cun bei zhan	2
张仪村南站	zhang yi cun nan zhan	4
张仪村总站	zhang yi cun zong zhan	2
张仲实	zhang zhong shi	7
张何	zhang he	5
张保仔洞	zhang bao zai dong	4
张先庄村	zhang xian zhuang cun	2
张兑	zhang dui	7
张公园	zhang gong yuan	7
张公岭	zhang gong ling	5
张公桥街道	zhang gong qiao jie dao	2
张关镇	zhang guan zhen	4
张兴伦	zhang xing lun	4
张兴庄	zhang xing zhuang	1
张利兵	zhang li bing	5
张前社区	zhang qian she qu	3
张剑锋	zhang jian feng	8
张勇强	zhang yong qiang	3
张午乡	zhang wu xiang	3
张华浜	zhang hua bang	4
张华滨	zhang hua bin	4
张各庄	zhang ge zhuang	3
张喜庄	zhang xi zhuang	4
张坂	zhang ban	11
张坊	zhang fang	9
张坊中学	zhang fang zhong xue	4
张坑	zhang keng	5
张坑村	zhang keng cun	5
张埔村	zhang pu cun	2
张堂村委会	zhang tang cun wei hui	2
张塝镇	zhang bang zhen	4
张夏	zhang xia	21
张学敏	zhang xue min	7
张宅	zhang zhai	5
张官岭村	zhang guan ling cun	2
张宣公路	zhang xuan gong lu	3
张家冲	zhang jia chong	6
张家口市宣化区	zhang jia kou shi xuan hua qu	21
张家台	zhang jia tai	1
张家园	zhang jia yuan	1
张家圪台	zhang jia ge tai	1
张家场	zhang jia chang	4
张家坝	zhang jia ba	5
张家坟	zhang jia fen	2
张家坟北	zhang jia fen bei	3
张家埠	zhang jia bu	4
张家堡	zhang jia pu	1
张家塔	zhang jia ta	4
张家塘	zhang jia tang	4
张家宅	zhang jia zhai	3
张家寺	zhang jia si	5
张家屋场	zhang jia wu chang	3
张家屯	zhang jia tun	4
张家山	zhang jia shan	20
张家山村	zhang jia shan cun	5
张家峪	zhang jia yu	1
张家巷	zhang jia xiang	9
张家庄	zhang jia zhuang	19
张家庄子	zhang jia zhuang zi	3
张家店	zhang jia dian	4
张家庙	zhang jia miao	5
张家弄	zhang jia long	1
张家房子	zhang jia fang zi	5
张家村村	zhang jia cun cun	2
张家村村委会	zhang jia cun cun wei hui	4
张家桥	zhang jia qiao	5
张家楼	zhang jia lou	11
张家沙沟	zhang jia sha gou	3
张家沟	zhang jia gou	10
张家浜	zhang jia bang	5
张家湾	zhang jia wan	39
张家湾开发区	zhang jia wan kai fa qu	4
张家湾村	zhang jia wan cun	2
张家牌	zhang jia pai	4
张家畔镇	zhang jia pan zhen	6
张家砭乡	zhang jia bian xiang	3
张家碾	zhang jia nian	3
张家碾村	zhang jia nian cun	3
张家祠	zhang jia ci	4
张家窝	zhang jia wo	2
张家营子	zhang jia ying zi	1
张家院子	zhang jia yuan zi	6
张宽街道	zhang kuan jie dao	2
张寨村委会	zhang zhai cun wei hui	3
张寨村村委会	zhang zhai cun cun wei hui	3
张屋	zhang wu	8
张山营	zhang shan ying	7
张山营村	zhang shan ying cun	4
张市	zhang shi	8
张广文	zhang guang wen	1
张庄小学	zhang zhuang xiao xue	4
张庄村委会	zhang zhuang cun wei hui	4
张庄村村委会	zhang zhuang cun cun wei hui	4
张庄路街道	zhang zhuang lu jie dao	4
张店村	zhang dian cun	6
张府园	zhang fu yuan	8
张建兵	zhang jian bing	7
张建桥	zhang jian qiao	1
张掖农场	zhang ye nong chang	2
张掖县	zhang ye xian	1
张文广	zhang wen guang	1
张文波	zhang wen bo	1
张斌桥	zhang bin qiao	2
张新庄	zhang xin zhuang	1
张方平	zhang fang ping	7
张旺胡同	zhang wang hu tong	1
张春雷	zhang chun lei	1
张曹	zhang cao	4
张李村	zhang li cun	4
张村村	zhang cun cun	5
张村村委会	zhang cun cun wei hui	2
张杜村	zhang du cun	3
张杨路	zhang yang lu	17
张林乡	zhang lin xiang	2
张林村	zhang lin cun	5
张柏树	zhang bai shu	3
张格庄	zhang ge zhuang	6
张桥	zhang qiao	32
张棉乡	zhang mian xiang	2
张楼	zhang lou	6
张楼村委会	zhang lou cun wei hui	3
张槎三路	zhang cha san lu	6
张槎医院	zhang cha yi yuan	6
张永健	zhang yong jian	1
张永康	zhang yong kang	2
张永超	zhang yong chao	7
张江中学	zhang jiang zhong xue	4
张江地铁站	zhang jiang di tie zhan	6
张江科技园区	zhang jiang ke ji yuan qu	1
张江路	zhang jiang lu	4
张江高科技园区	zhang jiang gao ke ji yuan qu	14
张沙	zhang sha	4
张河	zhang he	5
张洼路	zhang wa lu	1
张浮丘村委会	zhang fu qiu cun wei hui	2
张湾	zhang wan	22
张湾村委会	zhang wan cun wei hui	2
张玉玉	zhang yu yu	4
张王庙	zhang wang miao	6
张王疃乡	zhang wang tuan xiang	3
张甸街道	zhang dian jie dao	1
张畔镇	zhang pan zhen	2
张登军	zhang deng jun	4
张登镇	zhang deng zhen	2
张皋镇	zhang gao zhen	2
张石高速	zhang shi gao su	6
张福记	zhang fu ji	3
张老营	zhang lao ying	2
张耳	zhang er	24
张自口	zhang zi kou	1
张自忠路	zhang zi zhong lu	11
张艳梅	zhang yan mei	6
张芝山	zhang zhi shan	5
张芝村	zhang zhi cun	3
张荣华	zhang rong hua	10
张营村委会	zhang ying cun wei hui	2
张葵	zhang kui	5
张蔡庄乡	zhang cai zhuang xiang	5
张虹路	zhang hong lu	2
张行	zhang xing	8
张西堡镇	zhang xi bao zhen	4
张西河乡	zhang xi he xiang	1
张谢	zhang xie	5
张谢村	zhang xie cun	4
张贵庄	zhang gui zhuang	2
张贵庄路	zhang gui zhuang lu	4
张辛	zhang xin	31
张辛庄	zhang xin zhuang	2
张郭庄	zhang guo zhuang	4
张里乡	zhang li xiang	2
张金丽	zhang jin li	4
张门	zhang men	7
张集	zhang ji	32
张面	zhang mian	6
张韩	zhang han	9
张鲁回族镇	zhang lu hui zu zhen	2
张黄港	zhang huang gang	3
弥兴镇	mi xing zhen	2
弥勒县	mi le xian	21
弥沙乡	mi sha xiang	3
弥河	mi he	31
弥渡	mi du	16
弥陀寺	mi tuo si	29
弥陀岩	mi tuo yan	3
弦山街道	xian shan jie dao	3
弦纹	xian wen	13
弯弯树	wan wan shu	2
弯酸	wan suan	35
弹子石	dan zi shi	49
强亚	qiang ya	4
强嘎乡	qiang ga xiang	3
强头	qiang tou	5
强盛道	qiang sheng dao	3
强西北	qiang xi bei	5
弼佑乡	bi you xiang	3
弼教	bi jiao	3
弼教村	bi jiao cun	5
归昌路	gui chang lu	2
归流河镇	gui liu he zhen	1
归航路	gui hang lu	2
当代公司	dang dai gong si	3
当代商城前	dang dai shang cheng qian	2
当代城市家园	dang dai cheng shi jia yuan	6
当代学生公寓	dang dai xue sheng gong yu	4
当奈湿地	dang nai shi di	3
当曲卡镇	dang qu ka zhen	4
当木江乡	dang mu jiang xiang	3
当洛乡	dang luo xiang	2
当涂路	dang tu lu	11
当铺胡同	dang pu hu tong	3
当阳县	dang yang xian	20
当阳市	dang yang shi	19
当雄	dang xiong	46
当顺乡	dang shun xiang	3
彝海乡	yi hai xiang	1
彝良	yi liang	31
彦张村	yan zhang cun	3
彩世界家园	cai shi jie jia yuan	2
彩云路	cai yun lu	7
彩云间	cai yun jian	2
彩印厂	cai yin chang	2
彩田路	cai tian lu	5
彩电社区	cai dian she qu	2
彩管厂	cai guan chang	5
彩虹一路	cai hong yi lu	5
彩虹中学	cai hong zhong xue	1
彩虹北路	cai hong bei lu	1
彩虹医院	cai hong yi yuan	7
彩虹南路	cai hong nan lu	4
彩虹城	cai hong cheng	12
彩虹宾馆	cai hong bin guan	5
彩虹路	cai hong lu	7
彩霞岭社区	cai xia ling she qu	5
彭仕禄	peng shi lu	3
彭刘杨路	peng liu yang lu	3
彭县	peng xian	49
彭园西门	peng yuan xi men	3
彭场	peng chang	1
彭坑	peng keng	3
彭坑村	peng keng cun	1
彭城广场	peng cheng guang chang	5
彭城村	peng cheng cun	2
彭城饭店	peng cheng fan dian	2
彭埠	peng bu	48
彭塔阿雷纳斯	peng ta a lei na si	1
彭塔雷纳斯	peng ta lei na si	3
彭宅	peng zhai	3
彭宅村	peng zhai cun	3
彭官	peng guan	6
彭家乡	peng jia xiang	3
彭家井	peng jia jing	4
彭家屿	peng jia yu	3
彭家村	peng jia cun	1
彭家桥	peng jia qiao	19
彭家沟	peng jia gou	1
彭家湾乡	peng jia wan xiang	1
彭家院子	peng jia yuan zi	1
彭屋	peng wu	4
彭州市	peng zhou shi	23
彭年酒店	peng nian jiu dian	7
彭恒	peng heng	2
彭村	peng cun	3
彭村村委会	peng cun cun wei hui	3
彭村路	peng cun lu	3
彭林	peng lin	18
彭殊村	peng shu cun	2
彭江路	peng jiang lu	5
彭浦新村	peng pu xin cun	22
彭海燕	peng hai yan	7
彭湃故居	peng pai gu ju	5
彭溪	peng xi	1
彭溪村	peng xi cun	4
彭炽	peng chi	3
彭田	peng tian	4
彭田村	peng tian cun	4
彭礼	peng li	3
彭美	peng mei	29
彭越浦	peng yue pu	13
彭阳	peng yang	15
彭高	peng gao	3
彰作村	zhang zuo cun	3
彰冠乡	zhang guan xiang	2
彰化村	zhang hua cun	4
彰化村路	zhang hua cun lu	3
彰武路	zhang wu lu	9
影院街	ying yuan jie	4
徂徕	cu lai	11
径下	jing xia	3
径子	jing zi	1
径新	jing xin	3
径河街道	jing he jie dao	3
径肚	jing du	3
径背	jing bei	5
径贝村	jing bei cun	4
待王街道	dai wang jie dao	1
律纬路	lv wei lu	3
徐世国	xu shi guo	6
徐东村	xu dong cun	1
徐东路	xu dong lu	1
徐中乡	xu zhong xiang	2
徐华伟	xu hua wei	5
徐厝	xu cuo	4
徐台	xu tai	4
徐台村	xu tai cun	2
徐各庄	xu ge zhuang	1
徐园	xu yuan	5
徐园子乡	xu yuan zi xiang	2
徐城镇	xu cheng zhen	2
徐塘	xu tang	2
徐套乡	xu tao xiang	4
徐官屯	xu guan tun	4
徐家井街道	xu jia jing jie dao	2
徐家冲村	xu jia chong cun	3
徐家坊街道	xu jia fang jie dao	3
徐家坡	xu jia po	5
徐家垛乡	xu jia duo xiang	4
徐家堡	xu jia bao	6
徐家寨	xu jia zhai	1
徐家庄	xu jia zhuang	1
徐家庄北口	xu jia zhuang bei kou	3
徐家庄镇	xu jia zhuang zhen	2
徐家村	xu jia cun	2
徐家村村	xu jia cun cun	2
徐家林	xu jia lin	6
徐家桥	xu jia qiao	1
徐家棚	xu jia peng	36
徐家棚街道	xu jia peng jie dao	1
徐家楼	xu jia lou	5
徐家汇天钥桥路	xu jia hui tian yue qiao lu	8
徐家汇广场	xu jia hui guang chang	6
徐家汇路	xu jia hui lu	16
徐家沟	xu jia gou	7
徐家河乡	xu jia he xiang	3
徐家浜村	xu jia bang cun	2
徐家湾	xu jia wan	1
徐家湾桥	xu jia wan qiao	2
徐家漕	xu jia cao	2
徐家院子	xu jia yuan zi	4
徐家麦岛	xu jia mai dao	1
徐州市公园巷小学	xu zhou shi gong yuan xiang xiao xue	3
徐州市公园巷幼儿园	xu zhou shi gong yuan xiang you er yuan	2
徐州市委	xu zhou shi wei	11
徐州市民主路小学	xu zhou shi min zhu lu xiao xue	1
徐州市泉山区	xu zhou shi quan shan qu	13
徐州市湖滨中心小学	xu zhou shi hu bin zhong xin xiao xue	2
徐州市青年路小学	xu zhou shi qing nian lu xiao xue	5
徐州市鼓楼小学	xu zhou shi gu lou xiao xue	4
徐州村	xu zhou cun	3
徐州电厂	xu zhou dian chang	3
徐州街	xu zhou jie	3
徐州道	xu zhou dao	1
徐广国	xu guang guo	2
徐庄	xu zhuang	14
徐强	xu qiang	13
徐征	xu zheng	8
徐戎三村	xu rong san cun	3
徐戎新村	xu rong xin cun	4
徐戎路	xu rong lu	6
徐扈家乡	xu hu jia xiang	3
徐旺村	xu wang cun	3
徐村	xu cun	5
徐林	xu lin	28
徐楼	xu lou	3
徐浦大桥	xu pu da qiao	7
徐湾	xu wan	5
徐盼	xu pan	8
徐石桥	xu shi qiao	2
徐祠巷	xu ci xiang	4
徐虹北路	xu hong bei lu	6
徐辛庄	xu xin zhuang	5
徐集	xu ji	6
徐黄	xu huang	4
徐龙乡	xu long xiang	3
徒骇河	tu hai he	9
徕远宾馆	lai yuan bin guan	4
得力其尔鄂温克民族乡	de li qi er e wen ke min zu xiang	2
得妥	de tuo	21
得妥乡	de tuo xiang	4
得耳布尔镇	de er bu er zhen	2
得胜村	de sheng cun	6
得胜桥	de sheng qiao	8
得荣	de rong	8
御临镇	yu lin zhen	5
御史桥	yu shi qiao	3
御城	yu cheng	32
御屏	yu ping	5
御景华庭	yu jing hua ting	1
御景园	yu jing yuan	3
御景城	yu jing cheng	3
御景苑	yu jing yuan	1
御桥	yu qiao	10
御桥花园	yu qiao hua yuan	3
御水湾花园	yu shui wan hua yuan	4
御温泉	yu wen quan	8
御湖国际	yu hu guo ji	3
御碑楼	yu bei lou	2
御辇	yu nian	2
御辇村	yu nian cun	2
御道东区	yu dao dong qu	3
御道家园	yu dao jia yuan	4
御道街	yu dao jie	6
御青路	yu qing lu	5
御驾宫乡	yu jia gong xiang	3
循礼门	xun li men	34
微山湖	wei shan hu	49
微山路	wei shan lu	4
微山路延长线	wei shan lu yan chang xian	3
微波站	wei bo zhan	4
微笑堂	wei xiao tang	10
微笑堂商厦	wei xiao tang shang sha	4
德丰商厦	de feng shang sha	4
德仁务中街村	de ren wu zhong jie cun	2
德仁务后街村	de ren wu hou jie cun	3
德仁务村	de ren wu cun	3
德令哈市	de ling ha shi	19
德先楼	de xian lou	2
德光楼	de guang lou	2
德兴县	de xing xian	14
德兴大厦	de xing da sha	4
德兴市	de xing shi	8
德兴满族乡	de xing man zu xiang	5
德兴花园	de xing hua yuan	1
德内甘水桥	de nei gan shui qiao	3
德包图乡	de bao tu xiang	1
德化街街道	de hua jie jie dao	4
德化陶瓷博物馆	de hua tao ci bo wu guan	4
德华路	de hua lu	2
德厚里	de hou li	1
德坞街道	de wu jie dao	2
德城	de cheng	47
德城镇	de cheng zhen	5
德基广场	de ji guang chang	7
德外关厢	de wai guan xiang	1
德外大街东社区	de wai da jie dong she qu	2
德外大街西社区	de wai da jie xi she qu	4
德外社区	de wai she qu	4
德威乡	de wei xiang	4
德字	de zi	6
德州市	de zhou shi	46
德州新村	de zhou xin cun	3
德州路	de zhou lu	3
德巫乡	de wu xiang	2
德差	de cha	3
德差乡	de cha xiang	2
德平路	de ping lu	15
德平路浦东大道	de ping lu pu dong da dao	3
德惠县	de hui xian	11
德惠市	de hui shi	46
德意	de yi	32
德政中	de zheng zhong	2
德政路	de zheng lu	8
德新街	de xin jie	31
德昂乡	de ang xiang	2
德民花苑	de min hua yuan	4
德泉村	de quan cun	2
德泉胡同	de quan hu tong	3
德润花园	de run hua yuan	3
德清路	de qing lu	3
德溪乡	de xi xiang	2
德田村	de tian cun	3
德登乡	de deng xiang	3
德盛路	de sheng lu	6
德胜东村	de sheng dong cun	1
德胜大	de sheng da	3
德胜新村	de sheng xin cun	6
德胜村	de sheng cun	1
德胜站	de sheng zhan	1
德胜街	de sheng jie	1
德胜西	de sheng xi	5
德胜西路	de sheng xi lu	1
德胜路口	de sheng lu kou	3
德胜门内	de sheng men nei	16
德胜门外	de sheng men wai	15
德胜门西	de sheng men xi	6
德茂庄	de mao zhuang	7
德跃镇	de yue zhen	3
德达	de da	7
德达乡	de da xiang	4
德都	de du	7
德都县	de du xian	3
德银	de yin	8
德阳县	de yang xian	14
德雅花园	de ya hua yuan	3
德雅路	de ya lu	3
德露苑	de lu yuan	2
德顺蒙古族乡	de shun meng gu zu xiang	1
德风	de feng	6
徽山路	hui shan lu	1
徽州大道	hui zhou da dao	18
徽州庄村	hui zhou zhuang cun	2
徽州道	hui zhou dao	3
心家泊	xin jia bo	1
必发	bi fa	27
必连	bi lian	3
志丹	zhi dan	49
志丹路	zhi dan lu	10
志义	zhi yi	10
志南	zhi nan	4
志成路	zhi cheng lu	3
志成道	zhi cheng dao	4
志新	zhi xin	18
志新北里	zhi xin bei li	4
志新桥北	zhi xin qiao bei	6
志新桥南	zhi xin qiao nan	3
志新桥西	zhi xin qiao xi	3
志新路	zhi xin lu	1
志木村	zhi mu cun	3
志浩	zhi hao	48
志远庄村	zhi yuan zhuang cun	3
忘私	wang si	3
忙畔街道	mang pan jie dao	2
忠实里社区	zhong shi li she qu	4
忠烈祠东街	zhong lie ci dong jie	5
忠烈祠街	zhong lie ci jie	5
忠玉乡	zhong yu xiang	1
快乐村	kuai le cun	4
快安	kuai an	7
快安大道	kuai an da dao	3
快活林	kuai huo lin	14
快阁苑	kuai ge yuan	3
念坛村	nian tan cun	3
忻县	xin xian	23
忻城	xin cheng	28
忻州地区	xin zhou di qu	13
忻康里	xin kang li	4
忽鸡图乡	hu ji tu xiang	2
忽鸡沟乡	hu ji gou xiang	2
怀化县	huai hua xian	21
怀地黄	huai di huang	5
怀头他拉镇	huai tou ta la zhen	2
怀安村	huai an cun	2
怀安环路	huai an huan lu	2
怀庆街道	huai qing jie dao	3
怀德中路	huai de zhong lu	3
怀德北路	huai de bei lu	4
怀德南路	huai de nan lu	1
怀德县	huai de xian	38
怀德名园	huai de ming yuan	2
怀德苑	huai de yuan	5
怀德路	huai de lu	4
怀柔中医院	huai rou zhong yi yuan	4
怀柔北大街	huai rou bei da jie	5
怀柔县	huai rou xian	12
怀柔地区	huai rou di qu	2
怀柔旅游局	huai rou lv you ju	3
怀柔汽车站	huai rou qi che zhan	6
怀柔法院	huai rou fa yuan	9
怀柔车站路	huai rou che zhan lu	2
怀茂乡	huai mao xiang	2
怀远东路	huai yuan dong lu	4
怀远门	huai yuan men	3
怀道乡	huai dao xiang	3
怒江北路	nu jiang bei lu	2
怒江州	nu jiang zhou	25
怒江街	nu jiang jie	4
怒江路	nu jiang lu	1
怒江道	nu jiang dao	3
思依镇	si yi zhen	3
思南路	si nan lu	21
思延乡	si yan xiang	7
思村	si cun	22
思村乡	si cun xiang	4
思江	si jiang	11
思源学院	si yuan xue yuan	3
思源胡同	si yuan hu tong	3
思源路	si yuan lu	5
思溪村	si xi cun	2
思濛镇	si meng zhen	3
思灵乡	si ling xiang	3
思界乡	si jie xiang	2
思礼乡	si li xiang	1
思茅农场	si mao nong chang	2
思茅县	si mao xian	4
思茅地区	si mao di qu	2
思茅市	si mao shi	7
思贤乡	si xian xiang	2
思进	si jin	16
怡丰新城	yi feng xin cheng	3
怡乐中街	yi le zhong jie	4
怡乐园	yi le yuan	3
怡众名城	yi zhong ming cheng	4
怡华苑	yi hua yuan	3
怡华路	yi hua lu	4
怡博苑	yi bo yuan	3
怡和花园	yi he hua yuan	3
怡园	yi yuan	47
怡园路	yi yuan lu	2
怡安街	yi an jie	5
怡康花园	yi kang hua yuan	6
怡德路	yi de lu	1
怡景花园	yi jing hua yuan	2
怡景花城	yi jing hua cheng	3
怡景路	yi jing lu	6
怡村	yi cun	1
怡水嘉园	yi shui jia yuan	2
怡海花园	yi hai hua yuan	7
怡海花园南门	yi hai hua yuan nan men	3
怡海花园西门	yi hai hua yuan xi men	2
怡港花园	yi gang hua yuan	5
怡然家园社区	yi ran jia yuan she qu	2
怡长街	yi chang jie	3
怡馨家园	yi xin jia yuan	3
怡馨花园	yi xin hua yuan	1
怪村	guai cun	5
怪村中心村	guai cun zhong xin cun	5
怪村环岛	guai cun huan dao	3
总堆岗	zong dui gang	3
总堡乡	zong bao xiang	1
总府街	zong fu jie	5
总府路	zong fu lu	8
总政金沟河干休所社区	zong zheng jin gou he gan xiu suo she qu	2
总站路	zong zhan lu	5
总管堂村	zong guan tang cun	4
总管塘	zong guan tang	2
总装小营社区	zong zhuang xiao ying she qu	2
总部胡同	zong bu hu tong	5
总院分院	zong yuan fen yuan	1
恋日家园	lian ri jia yuan	5
恋日绿岛	lian ri lv dao	5
恍兮惚兮	huang xi hu xi	2
恐龙乡	kong long xiang	4
恒丰路	heng feng lu	14
恒仁路	heng ren lu	1
恒兴	heng xing	14
恒升花园	heng sheng hua yuan	2
恒山路	heng shan lu	3
恒昌花园	heng chang hua yuan	4
恒星村	heng xing cun	4
恒晟	heng sheng	5
恒曲县	heng qu xian	1
恒湖垦殖场	heng hu ken zhi chang	5
恒生市场	heng sheng shi chang	2
恒祥花园	heng xiang hua yuan	2
恒福新城	heng fu xin cheng	5
恒立心海湾花园	heng li xin hai wan hua yuan	3
恒美	heng mei	4
恒美村	heng mei cun	4
恒美花园	heng mei hua yuan	2
恒翠花园	heng cui hua yuan	3
恒达路	heng da lu	1
恒逸	heng yi	2
恒隆花园	heng long hua yuan	2
恒雅名园	heng ya ming yuan	3
恩和牧场	en he mu chang	3
恩城	en cheng	8
恩塞纳达	en sai na da	8
恩宁路	en ning lu	13
恩平县	en ping xian	23
恩平市	en ping shi	42
恩施市	en shi shi	22
恩济东街	en ji dong jie	4
恩济东街北口	en ji dong jie bei kou	3
恩济花园	en ji hua yuan	4
恩济西街	en ji xi jie	4
恩济里小区	en ji li xiao qu	3
恭俭胡同	gong jian hu tong	27
恭城县	gong cheng xian	11
息冢	xi zhong	3
息冢乡	xi zhong xiang	3
息塘村	xi tang cun	2
息机园	xi ji yuan	2
息烽	xi feng	28
息陬乡	xi zou xiang	3
恰其力克牧场	qia qi li ke mu chang	4
恰勒什海乡	qia le shi hai xiang	4
恰合吉牧场	qia he ji mu chang	5
恰尔巴格乡政府	qia er ba ge xiang zheng fu	3
恰尔隆乡	qia er long xiang	5
恰盖乡	qia gai xiang	2
恰萨街道	qia sa jie dao	2
恶古	e gu	3
恶古乡	e gu xiang	6
恶虎滩乡	e hu tan xiang	5
悉尼歌剧院	xi ni ge ju yuan	31
悟仙观居委会	wu xian guan ju wei hui	2
悦兴	yue xing	5
悦华路	yue hua lu	1
悦园路	yue yuan lu	3
悦来大酒店	yue lai da jiu dian	3
悦涛雅苑	yue tao ya yuan	4
悼陵监村	dao ling jian cun	2
情侣中路	qing lv zhong lu	8
情侣南路	qing lv nan lu	30
情侣南路北	qing lv nan lu bei	17
情侣路	qing lv lu	34
惊风火扯	jing feng huo che	1
惜字公庄	xi zi gong zhuang	3
惜字宫南街	xi zi gong nan jie	7
惜字宫街	xi zi gong jie	4
惜福街道	xi fu jie dao	3
惜薪司	xi xin si	24
惜阴里	xi yin li	3
惠丰小区	hui feng xiao qu	4
惠农	hui nong	44
惠安乡	hui an xiang	2
惠屿	hui yu	1
惠屿村	hui yu cun	3
惠州路	hui zhou lu	3
惠工立交桥	hui gong li jiao qiao	3
惠工街	hui gong jie	1
惠工路	hui gong lu	6
惠政路	hui zheng lu	3
惠新东桥	hui xin dong qiao	1
惠新东桥东	hui xin dong qiao dong	3
惠新东桥北	hui xin dong qiao bei	4
惠新东桥南	hui xin dong qiao nan	4
惠新东桥西	hui xin dong qiao xi	4
惠新苑	hui xin yuan	4
惠新西街	hui xin xi jie	1
惠新西街北口	hui xin xi jie bei kou	7
惠新西街南口	hui xin xi jie nan kou	9
惠新里	hui xin li	1
惠景城	hui jing cheng	8
惠民南	hui min nan	3
惠民哈尼族乡	hui min ha ni zu xiang	1
惠民小区	hui min xiao qu	3
惠民花园	hui min hua yuan	4
惠民路	hui min lu	18
惠民路口	hui min lu kou	1
惠水	hui shui	40
惠济一路	hui ji yi lu	7
惠济三路	hui ji san lu	3
惠济乡	hui ji xiang	3
惠济路	hui ji lu	9
惠环街道	hui huan jie dao	6
惠阳县	hui yang xian	38
惠阳市	hui yang shi	8
惠龙城	hui long cheng	2
惠龙新村	hui long xin cun	3
愚池	yu chi	4
愚自乐园	yu zi le yuan	6
感业寺	gan ye si	1
感化胡同	gan hua hu tong	3
感德	gan de	6
慈云寺	ci yun si	46
慈云寺桥	ci yun si qiao	4
慈光	ci guang	43
慈口乡	ci kou xiang	4
慈坝乡	ci ba xiang	2
慈孝园	ci xiao yuan	4
慈寿寺桥	ci shou si qiao	1
慈悲社	ci bei she	3
慈惠堂街	ci hui tang jie	6
慈慧胡同	ci hui hu tong	3
慈林镇	ci lin zhen	1
慈溪县	ci xi xian	37
慈航道	ci hang dao	4
慈音街道	ci yin jie dao	2
慎修	shen xiu	17
慎德堂	shen de tang	3
慎益大街	shen yi da jie	3
慕士塔格	mu shi ta ge	19
慧忠北里	hui zhong bei li	2
慧忠北里第一社区	hui zhong bei li di yi she qu	3
慧忠路东口	hui zhong lu dong kou	4
慧忠路西口	hui zhong lu xi kou	2
慧忠里	hui zhong li	7
慧忠里第一社区	hui zhong li di yi she qu	3
慧忠里第二社区	hui zhong li di er she qu	2
慧聪园	hui cong yuan	3
憨班乡	han ban xiang	5
懈寺村	xie si cun	2
懿德园	yi de yuan	2
懿德路	yi de lu	2
戈亭村	ge ting cun	2
戈奎乡	ge kui xiang	4
戈家	ge jia	3
戎苑	rong yuan	4
戏楼胡同	xi lou hu tong	1
戏马台	xi ma tai	1
成业路	cheng ye lu	3
成人教育学院	cheng ren jiao yu xue yuan	24
成仁公交站	cheng ren gong jiao zhan	7
成仁街	cheng ren jie	4
成仁路口	cheng ren lu kou	7
成仁路沙河大桥	cheng ren lu sha he da qiao	2
成仪路	cheng yi lu	5
成仪路社区	cheng yi lu she qu	3
成功街	cheng gong jie	5
成华大道	cheng hua da dao	1
成和园小区	cheng he yuan xiao qu	5
成园山庄	cheng yuan shan zhuang	3
成塘	cheng tang	6
成家川街道	cheng jia chuan jie dao	3
成寿寺	cheng shou si	3
成寿寺社区	cheng shou si she qu	5
成寿寺路	cheng shou si lu	8
成寿寺路中街	cheng shou si lu zhong jie	3
成寿寺路北口	cheng shou si lu bei kou	4
成山	cheng shan	12
成山头	cheng shan tou	10
成山路	cheng shan lu	18
成平满族乡	cheng ping man zu xiang	4
成府路	cheng fu lu	13
成府路东口	cheng fu lu dong kou	4
成府路口南	cheng fu lu kou nan	2
成府路口西	cheng fu lu kou xi	1
成径	cheng jing	3
成教院	cheng jiao yuan	3
成林道	cheng lin dao	5
成林道嘉华新苑	cheng lin dao jia hua xin yuan	2
成洛路公交站	cheng luo lu gong jiao zhan	6
成洛路建材路口	cheng luo lu jian cai lu kou	4
成洲	cheng zhou	3
成洲工业区	cheng zhou gong ye qu	3
成灌高速收费站	cheng guan gao su shou fei zhan	5
成益	cheng yi	1
成竹	cheng zhu	8
成竹村	cheng zhu cun	3
成贤街	cheng xian jie	8
成都出口加工区	cheng du chu kou jia gong qu	5
成都北路	cheng du bei lu	6
成都外国语学校	cheng du wai guo yu xue xiao	4
成都客车厂	cheng du ke che chang	5
成都路	cheng du lu	16
成都道	cheng du dao	9
成雅路口	cheng ya lu kou	3
戒台寺	jie tai si	3
战坂	zhan ban	4
战备路	zhan bei lu	8
战家沟	zhan jia gou	2
战海乡	zhan hai xiang	2
战胜村	zhan sheng cun	5
戚墅堰	qi shu yan	35
戚家	qi jia	23
戚家山	qi jia shan	5
戚家山街道	qi jia shan jie dao	4
戚家村	qi jia cun	4
戚家桥	qi jia qiao	3
戚庄	qi zhuang	1
戚街道	qi jie dao	2
戬浜镇	jian bang zhen	2
戴云	dai yun	8
戴云山	dai yun shan	4
戴北村	dai bei cun	2
戴南村	dai nan cun	3
戴宅	dai zhai	4
戴家巷	dai jia xiang	1
戴家庄	dai jia zhuang	4
戴家村	dai jia cun	6
戴家林	dai jia lin	3
戴家胡同	dai jia hu tong	3
戴家院子	dai jia yuan zi	2
戴山村	dai shan cun	3
戴庄	dai zhuang	7
戴庄村委会	dai zhuang cun wei hui	2
戴戈庄	dai ge zhuang	5
戴湾	dai wan	2
戴溪	dai xi	3
房产交易市场	fang chan jiao yi shi chang	8
房产局	fang chan ju	11
房地产交易中心	fang di chan jiao yi zhong xin	2
房地产交易市场	fang di chan jiao yi shi chang	9
房地产市场	fang di chan shi chang	25
房家	fang jia	7
房家官庄	fang jia guan zhuang	2
房山东大桥	fang shan dong da qiao	3
房山中医院	fang shan zhong yi yuan	5
房山交通局	fang shan jiao tong ju	3
房山北关	fang shan bei guan	3
房山区委党校	fang shan qu wei dang xiao	2
房山区政府	fang shan qu zheng fu	3
房山医院	fang shan yi yuan	4
房山南关	fang shan nan guan	3
房山县	fang shan xian	14
房山岳各庄	fang shan yue ge zhuang	5
房山成教中心	fang shan cheng jiao zhong xin	3
房山汽车站	fang shan qi che zhan	5
房山火车站	fang shan huo che zhan	3
房山窑上	fang shan yao shang	2
房山马各庄	fang shan ma ge zhuang	2
房庄乡	fang zhuang xiang	3
房村	fang cun	18
房田	fang tian	1
房良村	fang liang cun	5
房西	fang xi	5
房车节	fang che jie	4
房辛店	fang xin dian	3
所属地区	suo shu di qu	22
所巷	suo xiang	1
所社区	suo she qu	11
所街村	suo jie cun	3
扁担胡同	bian dan hu tong	3
扇子崖	shan zi ya	4
扇骨里	shan gu li	4
扈胡镇	hu hu zhen	3
手帕口南街	shou pa kou nan jie	1
手帕胡同	shou pa hu tong	3
手抓肉	shou zhua rou	11
手鞠	shou ju	21
才丰乡	cai feng xiang	4
才华街	cai hua jie	7
才盛街	cai sheng jie	4
才茂街	cai mao jie	3
扎兰屯市	zha lan tun shi	24
扎嘎斯台镇	zha ga si tai zhen	2
扎塘镇	zha tang zhen	1
扎拉乡	zha la xiang	3
扎拖乡	zha tuo xiang	5
扎朵镇	zha duo zhen	4
扎毛乡	zha mao xiang	4
扎河乡	zha he xiang	1
扎科	zha ke	26
扎科乡	zha ke xiang	5
扎窝乡	zha wo xiang	2
扎色镇	zha se zhen	2
扎雪乡	zha xue xiang	4
扎青乡	zha qing xiang	4
扎麻什乡	zha ma shi xiang	4
打尖乡	da jian xiang	1
打帮乡	da bang xiang	4
打引乡	da yin xiang	3
打浦桥	da pu qiao	24
打浦路	da pu lu	11
打渔陈乡	da yu chen xiang	3
打滚乡	da gun xiang	2
打石坑	da shi keng	3
打石山	da shi shan	1
打石腰乡	da shi yao xiang	3
打磨厂	da mo chang	7
打索桥	da suo qiao	4
打虎山路	da hu shan lu	7
打赤	da chi	3
打金章	da jin zhang	6
打铁关	da tie guan	22
打铁关新村	da tie guan xin cun	1
打铁垱	da tie dang	4
打铁庄	da tie zhuang	2
打铜街	da tong jie	2
打锡街	da xi jie	5
打鼓泉乡	da gu quan xiang	5
托乐嘉街区	tuo le jia jie qu	4
托云乡	tuo yun xiang	5
托云牧场	tuo yun mu chang	1
托依堡勒迪镇	tuo yi bao le di zhen	4
托克逊	tuo ke xun	25
托叶玛乡	tuo ye ma xiang	1
托尔塔依农场	tuo er ta yi nong chang	4
托扎敏乡	tuo zha min xiang	1
托斯曼牧场	tuo si man mu chang	3
托斯特乡	tuo si te xiang	2
托普软件园	tuo pu ruan jian yuan	3
托普铁热克乡	tuo pu tie re ke xiang	5
托普铁热克镇	tuo pu tie re ke zhen	4
托格拉克勒克乡	tuo ge la ke le ke xiang	1
托格日尕孜乡	tuo ge ri ga zi xiang	2
托田	tuo tian	4
托胡拉乡	tuo hu la xiang	3
托里镇	tuo li zhen	3
执信路	zhi xin lu	1
执法中队	zhi fa zhong dui	1
扫帚巷	sao zhou xiang	6
扫把塘	sao ba tang	6
扫管军营	sao guan jun ying	1
扬中县	yang zhong xian	2
扬中市	yang zhong shi	10
扬俭胡同	yang jian hu tong	1
扬合	yang he	3
扬名中心小学	yang ming zhong xin xiao xue	4
扬名新村	yang ming xin cun	2
扬名村	yang ming cun	3
扬名花园	yang ming hua yuan	3
扬威胡同	yang wei hu tong	4
扬子江路街道	yang zi jiang lu jie dao	6
扬子洲农场	yang zi zhou nong chang	3
扬家	yang jia	1
扬州东路	yang zhou dong lu	3
扬州西路	yang zhou xi lu	4
扬州路	yang zhou lu	8
扬美	yang mei	2
扬美村	yang mei cun	2
扯休乡	che xiu xiang	2
扯把子	che ba zi	1
扯拐	che guai	25
扯旗山	che qi shan	2
扯筋	che jin	2
扶余县	fu yu xian	23
扶余市	fu yu shi	21
扶地	fu di	1
扶大镇	fu da zhen	3
扶胥浴日	fu xu yu ri	5
扶贫办	fu pin ban	42
扶贫楼	fu pin lou	2
扶闾	fu lv	4
承天寺	cheng tian si	26
承平园社区	cheng ping yuan she qu	2
承德道	cheng de dao	2
承恩寺	cheng en si	11
承恩胡同	cheng en hu tong	2
承泽园社区	cheng ze yuan she qu	3
承泽村	cheng ze cun	3
承泽苑	cheng ze yuan	2
承紫河乡	cheng zi he xiang	4
抄手胡同	chao shou hu tong	4
投资大厦	tou zi da sha	16
投醪河	tou lao he	2
抗战路	kang zhan lu	8
抗战雕塑园	kang zhan diao su yuan	1
折巴乡	zhe ba xiang	2
抚宁巷	fu ning xiang	6
抚州地区	fu zhou di qu	10
抚志乡	fu zhi xiang	5
抚琴南路	fu qin nan lu	1
抚琴小区	fu qin xiao qu	1
抚琴西路东	fu qin xi lu dong	4
抚琴西路西	fu qin xi lu xi	4
抚边乡	fu bian xiang	4
抚顺市新抚区	fu shun shi xin fu qu	8
抚顺街	fu shun jie	3
抚顺路	fu shun lu	5
抛石	pao shi	29
护仓胡同	hu cang hu tong	8
护名	hu ming	3
护国寺街	hu guo si jie	26
护国寺西巷	hu guo si xi xiang	10
护安镇	hu an zhen	6
护建乡	hu jian xiang	3
护桥	hu qiao	7
护驾迟镇	hu jia chi zhen	3
护龙镇	hu long zhen	3
报子胡同	bao zi hu tong	4
报恩寺	bao en si	22
报恩寺街	bao en si jie	1
报房胡同	bao fang hu tong	4
报春新村	bao chun xin cun	2
报春路	bao chun lu	6
抱龙村	bao long cun	4
抵季乡	di ji xiang	4
抽屉胡同	chou ti hu tong	4
担山	dan shan	2
担杆岛	dan gan dao	2
担里	dan li	5
拉一木乡	la yi mu xiang	2
拉仁关乡	la ren guan xiang	4
拉依苏	la yi su	4
拉依苏良种场	la yi su liang zhong chang	2
拉僧仲街道	la seng zhong jie dao	3
拉僧庙镇	la seng miao zhen	4
拉加镇	la jia zhen	2
拉咪乡	la mi xiang	4
拉哇	la wa	4
拉哇乡	la wa xiang	2
拉域	la yu	4
拉域大桥	la yu da qiao	2
拉妥乡	la tuo xiang	3
拉孜乡	la zi xiang	2
拉布大林农牧场	la bu da lin nong mu chang	4
拉希德港	la xi de gang	3
拉德芳斯	la de fang si	19
拉普乡	la pu xiang	2
拉木阿觉乡	la mu a jue xiang	4
拉法街道	la fa jie dao	1
拉波乡	la bo xiang	4
拉浪乡	la lang xiang	2
拉玉乡	la yu xiang	3
拉白乡	la bai xiang	1
拉祜族自治县	la hu zu zi zhi xian	18
拉绥乡	la sui xiang	2
拉莫乡	la mo xiang	3
拉萨罗卡德纳斯	la sa luo ka de na si	5
拉萨道	la sa dao	2
拉藏乡	la zang xiang	3
拉西瓦镇	la xi wa zhen	1
拉西镇	la xi zhen	2
拉让乡	la rang xiang	2
拉豁	la huo	11
拉达乡	la da xiang	1
拉郊乡	la jiao xiang	7
拉马乡	la ma xiang	1
拍克其乡	pai ke qi xiang	4
拐枣树街	guai zao shu jie	4
拐棒胡同	guai bang hu tong	2
拒城	ju cheng	3
拒城河	ju cheng he	3
拒洪社区	ju hong she qu	3
拔妙乡	ba miao xiang	3
拔贡镇	ba gong zhen	2
拖乌乡	tuo wu xiang	3
拖坝	tuo ba	4
拖坝乡	tuo ba xiang	4
拖木乡	tuo mu xiang	3
拖桥	tuo qiao	2
拖顶傈僳族乡	tuo ding li su zu xiang	3
招丰社区	zhao feng she qu	1
招商中心	zhao shang zhong xin	9
招商场	zhao shang chang	5
招商城	zhao shang cheng	6
招商大厦	zhao shang da sha	1
招商局漳州开发区	zhao shang ju zhang zhou kai fa qu	4
招商观园	zhao shang guan yuan	6
招坑	zhao keng	4
招来河	zhao lai he	2
招联	zhao lian	7
招联社区	zhao lian she qu	1
招贤社区	zhao xian she qu	4
招远县	zhao yuan xian	14
招远市	zhao yuan shi	12
招远路	zhao yuan lu	6
招集社区	zhao ji she qu	2
拜城	bai cheng	18
拜将台	bai jiang tai	5
拜殿乡	bai dian xiang	3
拜泉	bai quan	14
拥警街	yong jing jie	2
择水	ze shui	7
拱北医院	gong bei yi yuan	5
拱北宾馆	gong bei bin guan	1
拱北小区	gong bei xiao qu	9
拱北汽车总站	gong bei qi che zong zhan	3
拱坝乡	gong ba xiang	5
拱宸	gong chen	31
拱宸桥	gong chen qiao	40
拱宸桥东	gong chen qiao dong	1
拱宸桥西	gong chen qiao xi	1
拱星墩街道	gong xing dun jie dao	6
拱桥上	gong qiao shang	7
拱苑小区	gong yuan xiao qu	4
拱辰北街	gong chen bei jie	4
拱辰南街	gong chen nan jie	3
拴马村	shuan ma cun	3
拾屯	shi tun	3
挂甲寺	gua jia si	1
挂甲寺街道	gua jia si jie dao	3
挂甲屯社区	gua jia tun she qu	5
挂车河镇	gua che he zhen	2
指挥街	zhi hui jie	7
指泉	zhi quan	2
指路碑	zhi lu bei	4
指阳乡	zhi yang xiang	3
按院胡同	an yuan hu tong	3
挖掘机厂	wa jue ji chang	1
挖角彝族藏族乡	wa jiao yi zu zang zu xiang	2
挟河	xie he	3
挥部	hui bu	1
挪威森林	nuo wei sen lin	18
振中路	zhen zhong lu	7
振亚庄	zhen ya zhuang	3
振兴北路	zhen xing bei lu	1
振兴居委会	zhen xing ju wei hui	4
振兴街街道	zhen xing jie jie dao	7
振兴路	zhen xing lu	39
振华南街街道	zhen hua nan jie jie dao	1
振华南路	zhen hua nan lu	4
振华幼儿园	zhen hua you er yuan	3
振华街道	zhen hua jie dao	2
振华西路	zhen hua xi lu	2
振华路	zhen hua lu	23
振华路东口	zhen hua lu dong kou	4
振华路口	zhen hua lu kou	6
振头街道	zhen tou jie dao	5
振安	zhen an	9
振富	zhen fu	6
振林街道	zhen lin jie dao	3
振河	zhen he	11
挹江门	yi jiang men	4
挹翠路	yi cui lu	5
捕鱼港	bu yu gang	5
捞刀河	lao dao he	6
捞村乡	lao cun xiang	1
捡底	jian di	3
捡相因	jian xiang yin	5
捧乍镇	peng zha zhen	4
捧塔	peng ta	4
捧塔乡	peng ta xiang	5
捧河岩村	peng he yan cun	3
捷东	jie dong	4
捷胜	jie sheng	7
掌扇胡同	zhang shan hu tong	4
掌礼村	zhang li cun	2
排下	pai xia	8
排下铺	pai xia pu	4
排坑	pai keng	3
排子坪乡	pai zi ping xiang	2
排子胡同	pai zi hu tong	1
排山	pai shan	7
排岭	pai ling	3
排巷	pai xiang	2
排楼	pai lou	14
排榜村	pai bang cun	3
排沙	pai sha	11
排里	pai li	7
排门	pai men	6
接待中心	jie dai zhong xin	29
接待寺	jie dai si	1
接待村	jie dai cun	6
接贵街	jie gui jie	3
接龙桥	jie long qiao	4
控江新村	kong jiang xin cun	4
控江路	kong jiang lu	8
措周乡	cuo zhou xiang	2
措布西乡	cuo bu xi xiang	2
措折强玛乡	cuo zhe qiang ma xiang	3
措折罗玛镇	cuo zhe luo ma zhen	4
措拉乡	cuo la xiang	4
措果乡	cuo guo xiang	2
措玛乡	cuo ma xiang	3
措瓦乡	cuo wa xiang	2
措美镇	cuo mei zhen	3
措迈乡	cuo mai xiang	2
提督街	ti du jie	3
提篮桥	ti lan qiao	13
提辖庄	ti xia zhuang	3
插岗乡	cha gang xiang	6
揪片子	jiu pian zi	4
揭东	jie dong	35
揭东县	jie dong xian	9
揭阳县	jie yang xian	30
搜狐网络大厦	sou hu wang luo da sha	4
搞不清白	gao bu qing bai	4
搞求不醒豁	gao qiu bu xing huo	3
搪瓷厂	tang ci chang	5
搬东	ban dong	1
搬经	ban jing	5
搬运公司	ban yun gong si	5
搭连街道	da lian jie dao	5
摄乐村	she le cun	5
摄山	she shan	12
摆塘乡	bai tang xiang	4
摆榔彝族布朗族乡	bai lang yi zu bu lang zu xiang	3
摇鞍镇乡	yao an zhen xiang	1
摊子口	tan zi kou	4
摩尔特区	mo er te qu	4
摩托市场	mo tuo shi chang	4
摩托车厂	mo tuo che chang	2
摩托车总厂	mo tuo che zong chang	3
摩松楼	mo song lou	2
摸包包	mo bao bao	3
撇脱	pie tuo	24
撒拉族自治县	sa la zu zi zhi xian	9
撒瓦脚乡	sa wa jiao xiang	1
撒者邑乡	sa zhe yi xiang	2
播尧乡	bo yao xiang	3
擦罗彝族乡	ca luo yi zu xiang	2
攮子	nang zi	1
支家村村	zhi jia cun cun	2
支尔莫乡	zhi er mo xiang	6
支架厂	zhi jia chang	4
支楼	zhi lou	2
支矶石街	zhi ji shi jie	7
收容教育所	shou rong jiao yu suo	1
收水乡	shou shui xiang	3
攸攸板	you you ban	6
改则镇	gai ze zhen	2
改街道	gai jie dao	7
放光村	fang guang cun	3
放牛沟村	fang niu gou cun	5
放珠镇	fang zhu zhen	4
放生园	fang sheng yuan	3
放马坪乡	fang ma ping xiang	3
放鹤路	fang he lu	1
政区沿革	zheng qu yan ge	4
政协办	zheng xie ban	8
政平	zheng ping	6
政府办	zheng fu ban	13
政府后院	zheng fu hou yuan	5
政府街	zheng fu jie	9
政府道	zheng fu dao	4
政府院	zheng fu yuan	3
政新花园	zheng xin hua yuan	5
政本路	zheng ben lu	1
政民路	zheng min lu	4
政法学院南校区	zheng fa xue yuan nan xiao qu	2
政法干校	zheng fa gan xiao	2
政立路	zheng li lu	6
政立路市光路	zheng li lu shi guang lu	3
政肃路	zheng su lu	5
政通路	zheng tong lu	7
故仙乡	gu xian xiang	1
故县村委会	gu xian cun wei hui	2
故宫路	gu gong lu	1
敏盖	min gai	3
敖伦布拉格	ao lun bu la ge	7
敖其镇	ao qi zhen	3
敖尔金牧场	ao er jin mu chang	3
敖阳镇	ao yang zhen	2
教场口	jiao chang kou	4
教场坝	jiao chang ba	4
教场村	jiao chang cun	1
教场胡同	jiao chang hu tong	4
教委小区	jiao wei xiao qu	3
教子胡同	jiao zi hu tong	1
教工新村	jiao gong xin cun	5
教工路	jiao gong lu	18
教工路北口	jiao gong lu bei kou	2
教工路口	jiao gong lu kou	1
教工食堂	jiao gong shi tang	13
教师公寓	jiao shi gong yu	35
教师大厦	jiao shi da sha	3
教师新村	jiao shi xin cun	10
教师村	jiao shi cun	3
教师进修学校	jiao shi jin xiu xue xiao	41
教材中心	jiao cai zhong xin	3
教材科	jiao cai ke	2
教村	jiao cun	3
教练场	jiao lian chang	5
教育街	jiao yu jie	7
散区	san qu	4
散坑	san keng	3
散滩	san tan	3
敦仁巷	dun ren xiang	2
敦仁街道	dun ren jie dao	5
敦化县	dun hua xian	17
敦化坊	dun hua fang	1
敦化坊街道	dun hua fang jie dao	4
敦化市	dun hua shi	40
敦化路	dun hua lu	26
敦操乡	dun cao xiang	6
敦煌县	dun huang xian	8
敦煌市	dun huang shi	37
敦煌莫高窟	dun huang mo gao ku	30
敦煌路	dun huang lu	11
敦煌郡	dun huang jun	41
敬业路	jing ye lu	6
敬园小区	jing yuan xiao qu	3
敬宾街	jing bin jie	6
敬德镇	jing de zhen	2
敬胜胡同	jing sheng hu tong	2
数码广场	shu ma guang chang	21
敲盘子	qiao pan zi	4
整嘛	zheng ma	33
整董镇	zheng dong zhen	5
敷水镇	fu shui zhen	2
文一路口	wen yi lu kou	6
文一路学院路口	wen yi lu xue yuan lu kou	1
文三新村	wen san xin cun	4
文三路口	wen san lu kou	1
文下	wen xia	6
文东街道	wen dong jie dao	5
文丞相胡同	wen cheng xiang hu tong	2
文中村	wen zhong cun	2
文二路口	wen er lu kou	3
文亮	wen liang	45
文体局	wen ti ju	11
文体街	wen ti jie	4
文冲村	wen chong cun	6
文冲街	wen chong jie	7
文化东路	wen hua dong lu	12
文化名园	wen hua ming yuan	1
文化商城	wen hua shang cheng	4
文化城	wen hua cheng	34
文化大厦	wen hua da sha	4
文化巷	wen hua xiang	19
文化巷里	wen hua xiang li	1
文化广	wen hua guang	5
文化桥	wen hua qiao	6
文化步行街	wen hua bu xing jie	1
文化营	wen hua ying	2
文升乡	wen sheng xiang	1
文华中学	wen hua zhong xue	14
文华园宾馆	wen hua yuan bin guan	2
文华小区	wen hua xiao qu	5
文华胡同	wen hua hu tong	5
文华花园	wen hua hua yuan	5
文华路	wen hua lu	4
文华路口	wen hua lu kou	2
文华里	wen hua li	5
文华镇	wen hua zhen	2
文印乡	wen yin xiang	2
文圣常	wen sheng chang	2
文坪	wen ping	4
文坪村	wen ping cun	3
文塔	wen ta	38
文复乡	wen fu xiang	3
文太	wen tai	6
文太村	wen tai cun	2
文安路	wen an lu	4
文安驿镇	wen an yi zhen	2
文家坡	wen jia po	3
文家市	wen jia shi	14
文家湾	wen jia wan	5
文屏	wen ping	7
文屯	wen tun	1
文山县	wen shan xian	14
文山村	wen shan cun	2
文山里	wen shan li	13
文峰北路	wen feng bei lu	3
文峰南路	wen feng nan lu	3
文峰塔	wen feng ta	32
文峰大世界	wen feng da shi jie	5
文峰村	wen feng cun	6
文峰路	wen feng lu	1
文峰饭店	wen feng fan dian	3
文布乡	wen bu xiang	1
文布当桑乡	wen bu dang sang xiang	4
文庄	wen zhuang	31
文庄村	wen zhuang cun	6
文庙后街	wen miao hou jie	6
文庙坪	wen miao ping	6
文德桥	wen de qiao	3
文德路	wen de lu	17
文德里村	wen de li cun	4
文慧园社区	wen hui yuan she qu	3
文慧桥北	wen hui qiao bei	1
文慧桥南	wen hui qiao nan	3
文教路	wen jiao lu	3
文斗村	wen dou cun	6
文昌北路	wen chang bei lu	7
文昌县	wen chang xian	23
文昌小区	wen chang xiao qu	5
文昌市	wen chang shi	32
文昌村	wen chang cun	6
文昌胡同	wen chang hu tong	6
文昌苑	wen chang yuan	4
文昌街	wen chang jie	8
文昌路	wen chang lu	23
文昌门	wen chang men	3
文明小区	wen ming xiao qu	10
文明礼	wen ming li	21
文明胡同	wen ming hu tong	2
文明街	wen ming jie	3
文明路	wen ming lu	38
文星桥	wen xing qiao	5
文星桥巷	wen xing qiao xiang	3
文晖大桥东	wen hui da qiao dong	6
文晖大桥西	wen hui da qiao xi	3
文景公园	wen jing gong yuan	1
文景苑	wen jing yuan	1
文景街	wen jing jie	7
文景路	wen jing lu	1
文村	wen cun	29
文正路	wen zheng lu	2
文武路东	wen wu lu dong	3
文殊院街	wen shu yuan jie	4
文水路	wen shui lu	2
文汇东路	wen hui dong lu	4
文汇西路	wen hui xi lu	5
文汇路	wen hui lu	2
文江路	wen jiang lu	2
文沃	wen wo	3
文河	wen he	24
文河村	wen he cun	2
文泽园	wen ze yuan	3
文泽路学林街口	wen ze lu xue lin jie kou	3
文源广场	wen yuan guang chang	2
文溪	wen xi	17
文溪村	wen xi cun	6
文溯路南	wen su lu nan	2
文澜路	wen lan lu	6
文灶	wen zao	32
文王路	wen wang lu	2
文琼	wen qiong	6
文登县	wen deng xian	41
文登市	wen deng shi	17
文秀路	wen xiu lu	5
文章胡同	wen zhang hu tong	4
文美村	wen mei cun	2
文艺北路	wen yi bei lu	8
文艺路	wen yi lu	19
文艺路南口	wen yi lu nan kou	4
文艺路批发市场	wen yi lu pi fa shi chang	3
文苑小区	wen yuan xiao qu	1
文苑小学	wen yuan xiao xue	6
文苑路	wen yuan lu	4
文苑风情	wen yuan feng qing	2
文萃路	wen cui lu	4
文运街	wen yun jie	5
文锦中路	wen jin zhong lu	1
文锦北路	wen jin bei lu	8
文锦南路	wen jin nan lu	7
文锦苑	wen jin yuan	6
斋堂镇政府	zhai tang zhen zheng fu	4
斐济群岛	fei ji qun dao	20
斑竹垱镇	ban zhu dang zhen	1
斗古乡	dou gu xiang	4
斗姥阁	dou mu ge	2
斗山村	dou shan cun	2
斗母宫	dou mu gong	4
斗池	dou chi	2
斗潭	dou tan	1
斗玉乡	dou yu xiang	3
斗西路	dou xi lu	6
斗门县	dou men xian	4
斗门村	dou men cun	6
斗门镇政府	dou men zhen zheng fu	4
斗鸡坑	dou ji keng	1
斛山乡	hu shan xiang	4
斜卡	xie ka	1
斜土路	xie tu lu	8
斜土路鲁班路	xie tu lu lu ban lu	2
斜山	xie shan	2
斜山村	xie shan cun	2
斜庄	xie zhuang	3
斜桥	xie qiao	40
斜桥巷	xie qiao xiang	3
斜河	xie he	4
斜河涧村	xie he jian cun	2
斥山街道	chi shan jie dao	4
斫曹乡	zhuo cao xiang	4
斯也克乡	si ye ke xiang	3
斯俄乡	si e xiang	3
斯坦利港	si tan li gang	26
斯大林街道	si da lin jie dao	3
斯得雅	si de ya	4
斯木	si mu	5
斯木乡	si mu xiang	4
斯瓦巴德群岛	si wa ba de qun dao	2
斯闸乡	si zha xiang	4
新一中	xin yi zhong	16
新一佳园岭店	xin yi jia yuan ling dian	3
新一村	xin yi cun	3
新上海商业城	xin shang hai shang ye cheng	6
新世界大厦	xin shi jie da sha	3
新世界花园	xin shi jie hua yuan	8
新世纪公寓	xin shi ji gong yu	1
新世纪商厦	xin shi ji shang sha	5
新世纪学校	xin shi ji xue xiao	7
新世纪广场	xin shi ji guang chang	35
新世纪花园	xin shi ji hua yuan	3
新世纪花苑	xin shi ji hua yuan	5
新东	xin dong	9
新东安市场	xin dong an shi chang	5
新东安市场北门	xin dong an shi chang bei men	4
新东方宾馆	xin dong fang bin guan	4
新东村	xin dong cun	3
新东风	xin dong feng	6
新丝路	xin si lu	17
新中	xin zhong	12
新中中学	xin zhong zhong xue	2
新中新村	xin zhong xin cun	2
新中街	xin zhong jie	3
新丰中学	xin feng zhong xue	4
新丰垦殖场	xin feng ken zhi chang	2
新义村	xin yi cun	1
新义街道	xin yi jie dao	6
新乐南街	xin le nan jie	4
新乐县	xin le xian	29
新乐市	xin le shi	34
新乡乡	xin xiang xiang	2
新乡市红旗区	xin xiang shi hong qi qu	2
新乡村	xin xiang cun	8
新二中	xin er zhong	11
新二村	xin er cun	3
新二桥	xin er qiao	2
新二路	xin er lu	5
新五里	xin wu li	1
新五里一路	xin wu li yi lu	5
新亭	xin ting	39
新亭村	xin ting cun	4
新仁	xin ren	24
新仓村	xin cang cun	5
新会	xin hui	13
新会展中心东侧	xin hui zhan zhong xin dong ce	5
新会展中心公交站	xin hui zhan zhong xin gong jiao zhan	6
新会展中心北侧	xin hui zhan zhong xin bei ce	6
新会展中心南侧	xin hui zhan zhong xin nan ce	6
新会村	xin hui cun	1
新伟街道	xin wei jie dao	2
新伦胡同	xin lun hu tong	2
新体育	xin ti yu	8
新余县	xin yu xian	6
新佛寺	xin fo si	3
新作塘	xin zuo tang	4
新侨饭店	xin qiao fan dian	18
新兆路	xin zhao lu	3
新光华街	xin guang hua jie	7
新光大厦	xin guang da sha	2
新光幼儿园	xin guang you er yuan	3
新光路	xin guang lu	18
新光酒家	xin guang jiu jia	3
新兰	xin lan	6
新兰村	xin lan cun	5
新兴东路	xin xing dong lu	3
新兴中路	xin xing zhong lu	1
新兴北路	xin xing bei lu	2
新兴机械厂	xin xing ji xie chang	4
新兴楼	xin xing lou	4
新兴街	xin xing jie	25
新兴西社区	xin xing xi she qu	3
新兴西路	xin xing xi lu	3
新兴路	xin xing lu	34
新兴里社区	xin xing li she qu	3
新兴骏景园	xin xing jun jing yuan	6
新军路	xin jun lu	4
新农大	xin nong da	1
新农村村	xin nong cun cun	4
新农校	xin nong xiao	3
新农街道	xin nong jie dao	3
新凉亭	xin liang ting	1
新凡乡	xin fan xiang	2
新凤村	xin feng cun	4
新利村	xin li cun	3
新前	xin qian	9
新前社区	xin qian she qu	2
新北小区	xin bei xiao qu	1
新北街道	xin bei jie dao	4
新北门	xin bei men	7
新区公安局	xin qu gong an ju	4
新区国税局	xin qu guo shui ju	7
新区管委会	xin qu guan wei hui	36
新医路	xin yi lu	4
新华一村	xin hua yi cun	4
新华下路	xin hua xia lu	1
新华中学	xin hua zhong xue	3
新华二厂	xin hua er chang	4
新华公园	xin hua gong yuan	20
新华加油站	xin hua jia you zhan	4
新华化工厂	xin hua hua gong chang	5
新华北路	xin hua bei lu	9
新华医院	xin hua yi yuan	28
新华南路	xin hua nan lu	3
新华南路尾	xin hua nan lu wei	2
新华印刷厂	xin hua yin shua chang	19
新华友	xin hua you	3
新华大街	xin hua da jie	20
新华家园	xin hua jia yuan	3
新华小区	xin hua xiao qu	7
新华小学	xin hua xiao xue	7
新华居委会	xin hua ju wei hui	1
新华幼儿园	xin hua you er yuan	1
新华广场	xin hua guang chang	8
新华明渠路	xin hua ming qu lu	3
新华村	xin hua cun	9
新华桥	xin hua qiao	6
新华社区	xin hua she qu	10
新华联家园	xin hua lian jia yuan	7
新华联锦园	xin hua lian jin yuan	5
新华西街道	xin hua xi jie dao	2
新华路南口	xin hua lu nan kou	2
新华路口	xin hua lu kou	8
新华里	xin hua li	5
新南村	xin nan cun	3
新南站	xin nan zhan	15
新南街道	xin nan jie dao	1
新南路	xin nan lu	17
新南门	xin nan men	37
新卡乡	xin ka xiang	3
新厅	xin ting	6
新厅村	xin ting cun	3
新双	xin shuang	7
新发地桥北	xin fa di qiao bei	6
新发地桥西	xin fa di qiao xi	2
新发村	xin fa cun	2
新发路	xin fa lu	7
新合	xin he	8
新合作	xin he zuo	11
新合村	xin he cun	7
新合营村	xin he ying cun	4
新吉乡	xin ji xiang	3
新吉林街道	xin ji lin jie dao	2
新君悦酒店	xin jun yue jiu dian	3
新启	xin qi	3
新吴庄	xin wu zhuang	3
新告村	xin gao cun	3
新园大道	xin yuan da dao	1
新园村	xin yuan cun	5
新园街道	xin yuan jie dao	2
新园路	xin yuan lu	8
新园里	xin yuan li	10
新围	xin wei	28
新围仔	xin wei zai	6
新围堤道	xin wei di dao	4
新围村	xin wei cun	7
新圩	xin xu	33
新圩村	xin xu cun	7
新圩江镇	xin xu jiang zhen	2
新地号街道	xin di hao jie dao	3
新地山	xin di shan	2
新圳路	xin zhen lu	3
新坊	xin fang	15
新坑径	xin keng jing	3
新坝	xin ba	5
新坡	xin po	15
新坡头	xin po tou	3
新坪	xin ping	3
新型建材厂	xin xing jian cai chang	6
新型建材市场	xin xing jian cai shi chang	2
新垦农场	xin ken nong chang	4
新垵	xin an	1
新垵村	xin an cun	4
新城中路	xin cheng zhong lu	3
新城佳园	xin cheng jia yuan	4
新城公园	xin cheng gong yuan	8
新城公馆	xin cheng gong guan	7
新城农场	xin cheng nong chang	2
新城分局	xin cheng fen ju	2
新城南都	xin cheng nan du	1
新城国际	xin cheng guo ji	3
新城子	xin cheng zi	5
新城子区	xin cheng zi qu	3
新城子藏族乡	xin cheng zi zang zu xiang	4
新城客运站	xin cheng ke yun zhan	7
新城宾馆	xin cheng bin guan	7
新城小学	xin cheng xiao xue	9
新城工业区	xin cheng gong ye qu	5
新城市场	xin cheng shi chang	6
新城广场	xin cheng guang chang	4
新城花园	xin cheng hua yuan	7
新城西街	xin cheng xi jie	3
新城路	xin cheng lu	14
新城逸境	xin cheng yi jing	4
新城金矿	xin cheng jin kuang	3
新城长岛	xin cheng chang dao	3
新城隧道东口	xin cheng sui dao dong kou	5
新埠	xin bu	9
新埠村	xin bu cun	3
新基	xin ji	8
新基站	xin ji zhan	5
新基路	xin ji lu	6
新堂花园	xin tang hua yuan	3
新堂路	xin tang lu	4
新堡子	xin bao zi	4
新堰	xin yan	4
新塍	xin cheng	8
新塘工业区	xin tang gong ye qu	4
新塘村	xin tang cun	3
新塘社区	xin tang she qu	7
新塘路口	xin tang lu kou	1
新墩	xin dun	6
新外大街北社区	xin wai da jie bei she qu	4
新外大街南社区	xin wai da jie nan she qu	2
新大	xin da	10
新大路	xin da lu	15
新大陆科技园	xin da lu ke ji yuan	3
新天地广场	xin tian di guang chang	3
新天地花苑	xin tian di hua yuan	3
新太乡	xin tai xiang	4
新奥蓝城	xin ao lan cheng	3
新威	xin wei	6
新宅	xin zhai	27
新宅小区	xin zhai xiao qu	2
新安傣族乡	xin an dai zu xiang	3
新安公园	xin an gong yuan	2
新安医院	xin an yi yuan	8
新安小区	xin an xiao qu	6
新安居委会	xin an ju wei hui	3
新安庄	xin an zhuang	4
新安影剧院	xin an ying ju yuan	1
新安村	xin an cun	5
新安江路	xin an jiang lu	3
新安里	xin an li	9
新官	xin guan	40
新宜白大道	xin yi bai da dao	3
新实验小学	xin shi yan xiao xue	4
新客站	xin ke zhan	25
新宫桥	xin gong qiao	1
新家园乡	xin jia yuan xiang	4
新宾路	xin bin lu	2
新密市	xin mi shi	22
新富蕴县	xin fu yun xian	3
新寨	xin zhai	44
新寨子	xin zhai zi	1
新寨村	xin zhai cun	10
新寨里	xin zhai li	5
新寮	xin liao	13
新寮村	xin liao cun	2
新寺	xin si	29
新居里	xin ju li	8
新屋下	xin wu xia	2
新屋仔	xin wu zai	1
新屋家	xin wu jia	6
新屋村	xin wu cun	4
新屋熊	xin wu xiong	4
新屋里	xin wu li	2
新屯街道	xin tun jie dao	1
新山村	xin shan cun	8
新岗	xin gang	2
新岚大厦社区	xin lan da sha she qu	2
新岭	xin ling	8
新岭村	xin ling cun	6
新岳	xin yue	6
新岸	xin an	5
新峰	xin feng	25
新峰村	xin feng cun	6
新峰社区	xin feng she qu	2
新川沙路	xin chuan sha lu	4
新工区	xin gong qu	4
新工地	xin gong di	6
新工房	xin gong fang	6
新工街道	xin gong jie dao	2
新巴镇	xin ba zhen	3
新市北路	xin shi bei lu	5
新市区法院	xin shi qu fa yuan	7
新市南路	xin shi nan lu	5
新市村	xin shi cun	3
新市河乡	xin shi he xiang	3
新市花园	xin shi hua yuan	2
新市街	xin shi jie	16
新布	xin bu	7
新希望路	xin xi wang lu	6
新希望路中	xin xi wang lu zhong	2
新干	xin gan	9
新平县	xin ping xian	20
新平旺街道	xin ping wang jie dao	2
新平村	xin ping cun	2
新平路	xin ping lu	21
新广武	xin guang wu	1
新广路	xin guang lu	5
新庄孜	xin zhuang zi	2
新庄市	xin zhuang shi	27
新庄村	xin zhuang cun	23
新庆	xin qing	5
新庆村	xin qing cun	13
新店医院	xin dian yi yuan	2
新店子	xin dian zi	4
新店子乡	xin dian zi xiang	1
新店市	xin dian shi	24
新店收费站	xin dian shou fei zhan	5
新店旧货市场	xin dian jiu huo shi chang	2
新店村	xin dian cun	1
新店镇政府	xin dian zhen zheng fu	5
新庵	xin an	2
新庵村	xin an cun	3
新康园	xin kang yuan	2
新康家园	xin kang jia yuan	5
新康社区	xin kang she qu	2
新建小学	xin jian xiao xue	9
新建工业区	xin jian gong ye qu	4
新建街居委会	xin jian jie ju wei hui	3
新建路	xin jian lu	16
新建路口	xin jian lu kou	9
新开中路	xin kai zhong lu	3
新开口	xin kai kou	6
新开口镇	xin kai kou zhen	3
新开河村	xin kai he cun	4
新开田	xin kai tian	3
新开胡同	xin kai hu tong	4
新开苑	xin kai yuan	3
新开路	xin kai lu	5
新开路胡同	xin kai lu hu tong	5
新开铺路	xin kai pu lu	8
新径	xin jing	5
新径路	xin jing lu	4
新徐	xin xu	4
新德	xin de	7
新忽热苏木	xin hu re su mu	3
新惠名苑	xin hui ming yuan	2
新惠大厦	xin hui da sha	2
新惠家园	xin hui jia yuan	3
新成温路口	xin cheng wen lu kou	3
新成花园	xin cheng hua yuan	3
新抚	xin fu	6
新捷	xin jie	13
新摸	xin mo	4
新文化街	xin wen hua jie	6
新文化街西口	xin wen hua jie xi kou	3
新文路步行街	xin wen lu bu xing jie	3
新斗门	xin dou men	4
新新家园	xin xin jia yuan	1
新新宾馆	xin xin bin guan	4
新新饭店	xin xin fan dian	3
新旺	xin wang	18
新昌小区	xin chang xiao qu	3
新昌胡同	xin chang hu tong	3
新昌路	xin chang lu	12
新明村	xin ming cun	6
新明楼街道	xin ming lou jie dao	3
新星小区	xin xing xiao qu	7
新星幼儿园	xin xing you er yuan	6
新星村	xin xing cun	6
新春村	xin chun cun	1
新春社区	xin chun she qu	5
新春街	xin chun jie	4
新月村	xin yue cun	2
新月花园	xin yue hua yuan	4
新朋	xin peng	5
新权南路	xin quan nan lu	5
新李	xin li	4
新村仔	xin cun zai	2
新村村	xin cun cun	4
新村村委会	xin cun cun wei hui	2
新村路	xin cun lu	28
新村路真华路	xin cun lu zhen hua lu	3
新松	xin song	47
新松居委会	xin song ju wei hui	2
新松站	xin song zhan	3
新林	xin lin	8
新林村	xin lin cun	4
新林院	xin lin yuan	5
新柳街道	xin liu jie dao	1
新桂市场	xin gui shi chang	2
新桂路	xin gui lu	6
新桃园	xin tao yuan	1
新桥北村	xin qiao bei cun	2
新桥南大街社区	xin qiao nan da jie she qu	2
新桥南街	xin qiao nan jie	3
新桥大街	xin qiao da jie	6
新桥头	xin qiao tou	2
新桥社区	xin qiao she qu	3
新桥职校	xin qiao zhi xiao	2
新桥街	xin qiao jie	5
新桥路	xin qiao lu	11
新桥路社区	xin qiao lu she qu	2
新桥边	xin qiao bian	3
新梁溪人家	xin liang xi ren jia	2
新梅花苑	xin mei hua yuan	1
新楼下	xin lou xia	5
新楼村	xin lou cun	1
新楼社区	xin lou she qu	3
新槐村	xin huai cun	4
新步	xin bu	1
新步社区	xin bu she qu	3
新民中街	xin min zhong jie	7
新民县	xin min xian	15
新民坊	xin min fang	7
新民大街	xin min da jie	11
新民小区	xin min xiao qu	7
新民居委会	xin min ju wei hui	3
新民市	xin min shi	22
新民广场	xin min guang chang	4
新民村	xin min cun	8
新民藏族彝族乡	xin min zang zu yi zu xiang	3
新民街	xin min jie	16
新民路	xin min lu	18
新民门	xin min men	1
新水	xin shui	10
新水利馆	xin shui li guan	2
新江厦商城	xin jiang sha shang cheng	2
新江村	xin jiang cun	2
新江湾城	xin jiang wan cheng	5
新江路口	xin jiang lu kou	1
新池	xin chi	2
新汤	xin tang	4
新汶	xin wen	35
新沂县	xin yi xian	3
新沂市	xin yi shi	26
新沙堤村	xin sha di cun	3
新沟	xin gou	7
新沟桥街道	xin gou qiao jie dao	2
新沟镇街道	xin gou zhen jie dao	1
新沪路	xin hu lu	1
新河一村	xin he yi cun	6
新河北大街	xin he bei da jie	3
新河口	xin he kou	6
新河坝巷	xin he ba xiang	3
新河矿	xin he kuang	1
新河街	xin he jie	3
新河西	xin he xi	1
新河路	xin he lu	2
新河路口	xin he lu kou	4
新泉	xin quan	21
新泰县	xin tai xian	14
新泰市	xin tai shi	39
新泰路	xin tai lu	3
新泻	xin xie	29
新泾七村	xin jing qi cun	2
新泾三村	xin jing san cun	3
新泾五村	xin jing wu cun	4
新泾八村	xin jing ba cun	2
新洋	xin yang	20
新洋街道	xin yang jie dao	3
新洲一街	xin zhou yi jie	3
新洲三街	xin zhou san jie	5
新洲二街	xin zhou er jie	4
新洲五街	xin zhou wu jie	2
新洲县	xin zhou xian	9
新洲垦殖场	xin zhou ken zhi chang	4
新洲城市花园	xin zhou cheng shi hua yuan	6
新洲村	xin zhou cun	1
新洲祠堂村	xin zhou ci tang cun	3
新洲花园	xin zhou hua yuan	1
新洲路	xin zhou lu	3
新浦路	xin pu lu	5
新浮桥	xin fu qiao	4
新海关	xin hai guan	4
新海小区	xin hai xiao qu	4
新涌	xin yong	3
新淮村	xin huai cun	5
新添乡	xin tian xiang	5
新添堡回族乡	xin tian bao hui zu xiang	3
新温	xin wen	4
新港东	xin gang dong	16
新港中学	xin gang zhong xue	1
新港公寓	xin gang gong yu	4
新港村	xin gang cun	4
新湖村	xin hu cun	5
新湖社区	xin hu she qu	5
新湘街道	xin xiang jie dao	4
新湘路街道	xin xiang lu jie dao	4
新源南路西口	xin yuan nan lu xi kou	3
新源村	xin yuan cun	1
新源街路口	xin yuan jie lu kou	2
新源里	xin yuan li	3
新溪	xin xi	16
新溪村	xin xi cun	1
新滘	xin jiao	12
新滘站	xin jiao zhan	3
新滘镇	xin jiao zhen	1
新滩镇街道	xin tan zhen jie dao	3
新潮胡同	xin chao hu tong	3
新澳	xin ao	8
新灶	xin zao	5
新烟街道	xin yan jie dao	2
新王朝酒店	xin wang chao jiu dian	3
新环路	xin huan lu	4
新球医院	xin qiu yi yuan	2
新琼	xin qiong	4
新琼村	xin qiong cun	3
新瓦房	xin wa fang	7
新生桥	xin sheng qiao	4
新生港	xin sheng gang	3
新生路	xin sheng lu	41
新田坑	xin tian keng	2
新田村	xin tian cun	21
新田村委会	xin tian cun wei hui	4
新田河	xin tian he	5
新疆三所	xin jiang san suo	4
新疆农业大学	xin jiang nong ye da xue	7
新疆制药厂	xin jiang zhi yao chang	3
新疆区	xin jiang qu	10
新疆各族人民	xin jiang ge zu ren min	9
新疆师范大学	xin jiang shi fan da xue	18
新疆广播电视大学	xin jiang guang bo dian shi da xue	4
新疆方言	xin jiang fang yan	6
新疆曲子	xin jiang qu zi	8
新疆水泥厂	xin jiang shui ni chang	4
新疆王	xin jiang wang	4
新疆自治区	xin jiang zi zhi qu	46
新疆财经学院	xin jiang cai jing xue yuan	3
新疆路	xin jiang lu	13
新白庙村	xin bai miao cun	2
新百大	xin bai da	5
新盛乡	xin sheng xiang	3
新石桥	xin shi qiao	4
新码头	xin ma tou	21
新码头路	xin ma tou lu	4
新碶镇	xin qi zhen	1
新福街道	xin fu jie dao	2
新秀村	xin xiu cun	6
新秀路	xin xiu lu	6
新窝铺村	xin wo pu cun	3
新立街	xin li jie	1
新站村	xin zhan cun	3
新竹村	xin zhu cun	4
新竹路	xin zhu lu	19
新竹路口	xin zhu lu kou	5
新红桥	xin hong qiao	4
新红路	xin hong lu	3
新纪元石材市场	xin ji yuan shi cai shi chang	4
新美	xin mei	9
新美村	xin mei cun	1
新联	xin lian	31
新联小学	xin lian xiao xue	5
新联村	xin lian cun	3
新胜	xin sheng	29
新胜村	xin sheng cun	2
新能公司	xin neng gong si	5
新舍	xin she	10
新艾里蒙古族乡	xin ai li meng gu zu xiang	2
新芜	xin wu	3
新芝路	xin zhi lu	4
新苑小区	xin yuan xiao qu	1
新荻村	xin di cun	3
新营村	xin ying cun	1
新蓉路	xin rong lu	2
新街下	xin jie xia	2
新街口北	xin jie kou bei	12
新街口南	xin jie kou nan	21
新街口头条	xin jie kou tou tiao	3
新街口西	xin jie kou xi	4
新街口豁口	xin jie kou huo kou	6
新街回族乡	xin jie hui zu xiang	2
新裕	xin yu	5
新裕村	xin yu cun	4
新西庄村	xin xi zhuang cun	3
新观乡	xin guan xiang	4
新貌	xin mao	13
新贤街村	xin xian jie cun	2
新路河乡	xin lu he xiang	1
新车乡	xin che xiang	5
新连	xin lian	5
新道街	xin dao jie	6
新邱	xin qiu	14
新邵	xin shao	23
新郁路	xin yu lu	5
新郑县	xin zheng xian	29
新郑市	xin zheng shi	37
新郝庄	xin hao zhuang	4
新都	xin du	13
新都东站	xin du dong zhan	2
新都会花园	xin du hui hua yuan	3
新都县	xin du xian	16
新都环岛西	xin du huan dao xi	2
新里城	xin li cheng	2
新金	xin jin	9
新金县	xin jin xian	4
新铺上	xin pu shang	6
新铺社区	xin pu she qu	3
新镇村	xin zhen cun	2
新镇路	xin zhen lu	41
新镇路吴中路	xin zhen lu wu zhong lu	2
新镇路顾戴路	xin zhen lu gu dai lu	3
新长征花苑	xin chang zheng hua yuan	3
新门	xin men	9
新门口	xin men kou	2
新门社区	xin men she qu	3
新闸	xin zha	10
新闸路	xin zha lu	21
新闻大厦	xin wen da sha	19
新阁	xin ge	8
新阁村	xin ge cun	2
新阔路	xin kuo lu	2
新阳村	xin yang cun	6
新阳街	xin yang jie	4
新陆	xin lu	12
新隆	xin long	10
新隆基	xin long ji	4
新雨路	xin yu lu	3
新霞	xin xia	6
新霞社区	xin xia she qu	2
新青工业园	xin qing gong ye yuan	6
新青科技园	xin qing ke ji yuan	4
新风小区	xin feng xiao qu	2
新风村	xin feng cun	1
新饶	xin rao	4
新香市	xin xiang shi	5
新马乡	xin ma xiang	1
新高村	xin gao cun	3
新鲜社区	xin xian she qu	6
新鲜胡同	xin xian hu tong	2
新鸿路	xin hong lu	9
新鸿酒店	xin hong jiu dian	2
新龙华	xin long hua	29
新龙城	xin long cheng	1
新龙学校	xin long xue xiao	4
新龙路	xin long lu	1
方下店	fang xia dian	2
方井街	fang jing jie	3
方伟峰	fang wei feng	4
方加镇	fang jia zhen	2
方召乡	fang shao xiang	5
方各庄镇	fang ge zhuang zhen	2
方圆城市绿洲	fang yuan cheng shi lv zhou	3
方圆大厦	fang yuan da sha	7
方圆绿茵	fang yuan lv yin	5
方坪乡	fang ping xiang	3
方头村	fang tou cun	2
方家嘴	fang jia zui	6
方家塘	fang jia tang	5
方家庄村	fang jia zhuang cun	6
方家庄镇	fang jia zhuang zhen	1
方家村	fang jia cun	2
方家胡同	fang jia hu tong	1
方家营	fang jia ying	3
方家营乡	fang jia ying xiang	3
方屋	fang wu	3
方山头	fang shan tou	2
方山窑村	fang shan yao cun	2
方山路	fang shan lu	3
方岩村	fang yan cun	3
方庄	fang zhuang	28
方庄东路	fang zhuang dong lu	6
方庄北口	fang zhuang bei kou	4
方庄南口	fang zhuang nan kou	4
方庄南路南口	fang zhuang nan lu nan kou	2
方庄村	fang zhuang cun	1
方庄桥东	fang zhuang qiao dong	5
方庄桥北	fang zhuang qiao bei	3
方庄桥南	fang zhuang qiao nan	5
方庄桥西	fang zhuang qiao xi	4
方庄环岛北	fang zhuang huan dao bei	3
方庄环岛南	fang zhuang huan dao nan	4
方庄环岛西	fang zhuang huan dao xi	5
方庙街道	fang miao jie dao	2
方强农场	fang qiang nong chang	5
方形广场	fang xing guang chang	2
方斌	fang bin	24
方新村	fang xin cun	7
方新村北	fang xin cun bei	4
方易	fang yi	2
方村	fang cun	32
方村乡	fang cun xiang	3
方正林业局	fang zheng lin ye ju	1
方渡办事处	fang du ban shi chu	2
方溪村	fang xi cun	2
方玉	fang yu	24
方盛园	fang sheng yuan	3
方盛园胡同	fang sheng yuan hu tong	2
方石村	fang shi cun	5
方砖厂	fang zhuan chang	3
方砖厂胡同	fang zhuan chang hu tong	1
方碑村	fang bei cun	6
方耳峪村	fang er yu cun	3
方脑壳	fang nao ke	8
方边	fang bian	5
方金荣	fang jin rong	3
方鑫	fang xin	3
方饭亭	fang fan ting	3
施兴胡同	shi xing hu tong	2
施坪	shi ping	2
施家务村	shi jia wu cun	3
施家寨	shi jia zhai	4
施家村村	shi jia cun cun	2
施家桥	shi jia qiao	2
施家桥村	shi jia qiao cun	2
施家湾	shi jia wan	3
施家胡同	shi jia hu tong	2
施山	shi shan	20
施村	shi cun	2
施甸	shi dian	38
施秉	shi bing	14
旁上	pang shang	7
旁多乡	pang duo xiang	3
旅专	lv zhuan	5
旅游咨询电话	lv you zi xun dian hua	8
旅游委员会	lv you wei yuan hui	14
旅游学院	lv you xue yuan	42
旅游集散中心	lv you ji san zhong xin	14
旅顺开发区	lv shun kai fa qu	6
旅顺路	lv shun lu	2
旋宫酒店	xuan gong jiu dian	5
旌东街道	jing dong jie dao	4
旌阳	jing yang	27
旗山矿	qi shan kuang	4
旗星	qi xing	3
旗星村	qi xing cun	4
旗汛口	qi xun kou	3
旗舰凯旋小区	qi jian kai xuan xiao qu	6
无氏县	wu shi xian	3
无量大人胡同	wu liang da ren hu tong	3
无锡高新技术开发区	wu xi gao xin ji shu kai fa qu	3
日上批发市场	ri shang pi fa shi chang	2
日光清城	ri guang qing cheng	4
日化二厂	ri hua er chang	2
日华花园	ri hua hua yuan	2
日华路	ri hua lu	3
日土	ri tu	8
日土镇	ri tu zhen	2
日坛公园	ri tan gong yuan	1
日坛路	ri tan lu	2
日尔乡	ri er xiang	3
日屋镇	ri wu zhen	3
日怪	ri guai	3
日报大厦	ri bao da sha	3
日新街	ri xin jie	7
日星乡	ri xing xiang	2
日晖新村	ri hui xin cun	5
日月星光花园	ri yue xing guang hua yuan	5
日月路	ri yue lu	3
日朗乡	ri lang xiang	4
日松乡	ri song xiang	2
日照县	ri zhao xian	31
日照街	ri zhao jie	3
日白	ri bai	7
日豪	ri hao	3
日通乡	ri tong xiang	2
日龙乡	ri long xiang	2
旦嘎乡	dan ga xiang	2
旦寨乡	dan zhai xiang	3
旦马乡	dan ma xiang	2
旧乡	jiu xiang	1
旧关	jiu guan	12
旧厝	jiu cuo	3
旧县城	jiu xian cheng	4
旧县镇社区	jiu xian zhen she qu	3
旧城区街道	jiu cheng qu jie dao	3
旧埔村	jiu bu cun	2
旧宫	jiu gong	32
旧宫一村	jiu gong yi cun	3
旧宫三村	jiu gong san cun	3
旧宫东口	jiu gong dong kou	3
旧宫二村	jiu gong er cun	3
旧宫地区	jiu gong di qu	5
旧寨	jiu zhai	4
旧寨村	jiu zhai cun	5
旧屯满族乡	jiu tun man zu xiang	2
旧广武	jiu guang wu	1
旧机动车交易市场	jiu ji dong che jiao yi shi chang	9
旧水	jiu shui	20
旧水利馆	jiu shui li guan	4
旧炮台	jiu pao tai	4
旧货交易市场	jiu huo jiao yi shi chang	5
旧货市场	jiu huo shi chang	19
旧车交易市场	jiu che jiao yi shi chang	8
旧镇政府	jiu zhen zheng fu	4
旧馆村	jiu guan cun	5
早禾	zao he	7
早禾田	zao he tian	3
早科坊	zao ke fang	1
早稼	zao jia	3
旬邑	xun yi	49
旬阳	xun yang	39
旭光村	xu guang cun	5
旭光里	xu guang li	5
旭山	xu shan	20
旭山村	xu shan cun	2
旭日乡	xu ri xiang	1
旭日华庭	xu ri hua ting	5
旭日景城	xu ri jing cheng	6
旱卡子滩哈萨克族乡	han ka zi tan ha sa ke zu xiang	3
旱坑里	han keng li	4
旱塘	han tang	1
旱滩	han tan	2
旱西门	han xi men	2
时中乡	shi zhong xiang	4
时丰	shi feng	29
时代庄园	shi dai zhuang yuan	3
时代房产	shi dai fang chan	4
时代花园	shi dai hua yuan	8
时代购物	shi dai gou wu	4
时代超市	shi dai chao shi	6
时代雅居	shi dai ya ju	5
时光澔韵	shi guang hao yun	1
时刻亮胡同	shi ke liang hu tong	4
时村	shi cun	7
时村乡	shi cun xiang	3
时村营乡	shi cun ying xiang	5
时桥	shi qiao	6
时济	shi ji	18
时济乡	shi ji xiang	2
时潮	shi chao	9
旺业甸镇	wang ye dian zhen	2
旺丹乡	wang dan xiang	3
旺兴村	wang xing cun	3
旺城市场	wang cheng shi chang	2
旺增桥	wang zeng qiao	4
旺岗	wang gang	1
旺庄路	wang zhuang lu	4
旺座现代城	wang zuo xian dai cheng	4
旺旺集团	wang wang ji tuan	18
旺池	wang chi	2
旺沙	wang sha	47
旺藏乡	wang zang xiang	3
旺角花园	wang jiao hua yuan	8
旺达镇	wang da zhen	3
旺龙	wang long	2
旺龙岗	wang long gang	3
昂仁	ang ren	6
昂坪	ang ping	35
昂头	ang tou	5
昂思多镇	ang si duo zhen	3
昂拉乡	ang la xiang	9
昂昂溪	ang ang xi	17
昂格特勒克乡	ang ge te le ke xiang	4
昂赛乡	ang sai xiang	5
昄大乡	ban da xiang	2
昆仑桥	kun lun qiao	7
昆仑桥街道	kun lun qiao jie dao	4
昆仑经济开发区	kun lun jing ji kai fa qu	2
昆仑路	kun lun lu	2
昆坂	kun ban	4
昆坂村	kun ban cun	2
昆山东路	kun shan dong lu	6
昆山中路	kun shan zhong lu	6
昆山西路	kun shan xi lu	6
昆山路	kun shan lu	8
昆得仑牧场	kun de lun mu chang	4
昆明池路	kun ming chi lu	4
昆明街	kun ming jie	4
昆明路	kun ming lu	23
昆明路建材市场	kun ming lu jian cai shi chang	3
昆纬路	kun wei lu	1
昆莎乡	kun sha xiang	5
昆西居委会	kun xi ju wei hui	2
昌乐镇	chang le zhen	2
昌付镇	chang fu zhen	2
昌凌路	chang ling lu	4
昌化新村	chang hua xin cun	4
昌化路	chang hua lu	14
昌吉县	chang ji xian	3
昌吉市	chang ji shi	24
昌大	chang da	40
昌宁	chang ning	31
昌安	chang an	38
昌安东村	chang an dong cun	2
昌岗中	chang gang zhong	1
昌岗路	chang gang lu	9
昌岗路总站	chang gang lu zong zhan	3
昌州大道	chang zhou da dao	5
昌平一中	chang ping yi zhong	1
昌平东关	chang ping dong guan	4
昌平中医院	chang ping zhong yi yuan	4
昌平中心公园	chang ping zhong xin gong yuan	4
昌平二中	chang ping er zhong	6
昌平五中	chang ping wu zhong	3
昌平何营站	chang ping he ying zhan	5
昌平公安局	chang ping gong an ju	4
昌平凤山	chang ping feng shan	5
昌平北站	chang ping bei zhan	23
昌平区医院	chang ping qu yi yuan	7
昌平南口	chang ping nan kou	1
昌平南大街	chang ping nan da jie	1
昌平地税局	chang ping di shui ju	3
昌平崔村	chang ping cui cun	3
昌平水泥厂	chang ping shui ni chang	4
昌平永安路	chang ping yong an lu	2
昌平法院	chang ping fa yuan	11
昌平环保局	chang ping huan bao ju	3
昌平胡庄	chang ping hu zhuang	4
昌平西关	chang ping xi guan	7
昌平西关环岛	chang ping xi guan huan dao	7
昌平西环北路	chang ping xi huan bei lu	2
昌平辛庄	chang ping xin zhuang	6
昌平鼓楼东街	chang ping gu lou dong jie	2
昌平鼓楼西街	chang ping gu lou xi jie	2
昌教	chang jiao	1
昌江县	chang jiang xian	22
昌波乡	chang bo xiang	3
昌洲乡	chang zhou xiang	4
昌盛东街	chang sheng dong jie	5
昌盛北路	chang sheng bei lu	4
昌盛园社区	chang sheng yuan she qu	3
昌盛路	chang sheng lu	2
昌艺园社区	chang yi yuan she qu	2
昌邑县	chang yi xian	41
昌邑市	chang yi shi	42
昌邑路	chang yi lu	1
昌里	chang li	19
昌里东路	chang li dong lu	6
昌里小区	chang li xiao qu	3
昌里花园	chang li hua yuan	4
昌里路	chang li lu	37
昌锋	chang feng	2
昌麻河乡	chang ma he xiang	3
昌龙乡	chang long xiang	1
明中乡	ming zhong xiang	5
明亮胡同	ming liang hu tong	3
明代羊城八景	ming dai yang cheng ba jing	1
明光村	ming guang cun	6
明光村西站	ming guang cun xi zhan	3
明光桥东	ming guang qiao dong	2
明光桥北	ming guang qiao bei	3
明光桥南	ming guang qiao nan	3
明光路	ming guang lu	16
明华新村	ming hua xin cun	6
明发商业广场	ming fa shang ye guang chang	8
明发滨江新城	ming fa bin jiang xin cheng	7
明园	ming yuan	35
明姜镇	ming jiang zhen	4
明官店乡	ming guan dian xiang	2
明峪	ming yu	1
明廉	ming lian	4
明德北	ming de bei	5
明德学校	ming de xue xiao	7
明德广场	ming de guang chang	6
明德满族乡	ming de man zu xiang	3
明德路	ming de lu	26
明德门	ming de men	14
明德门小区	ming de men xiao qu	1
明思克	ming si ke	7
明故宫	ming gu gong	25
明故宫苑	ming gu gong yuan	4
明斋	ming zhai	13
明新	ming xin	48
明新村	ming xin cun	3
明日广场	ming ri guang chang	5
明日新城	ming ri xin cheng	5
明星城	ming xing cheng	5
明星村	ming xing cun	9
明春苑	ming chun yuan	4
明月公园	ming yue gong yuan	3
明月店	ming yue dian	3
明月桥	ming yue qiao	2
明月池	ming yue chi	4
明月港湾	ming yue gang wan	6
明月路	ming yue lu	9
明楼新村	ming lou xin cun	2
明水满族乡	ming shui man zu xiang	1
明水路	ming shui lu	1
明池	ming chi	18
明沙淖乡	ming sha nao xiang	4
明泉	ming quan	14
明泽街	ming ze jie	4
明清皇家陵寝	ming qing huang jia ling qin	1
明清路	ming qing lu	2
明湖山庄	ming hu shan zhuang	4
明湖街道	ming hu jie dao	4
明湖路	ming hu lu	5
明溪	ming xi	8
明溪口镇	ming xi kou zhen	7
明珠二路	ming zhu er lu	4
明珠公寓	ming zhu gong yu	4
明珠北	ming zhu bei	5
明珠大市场	ming zhu da shi chang	4
明珠学校	ming zhu xue xiao	1
明珠家居	ming zhu jia ju	6
明珠宾馆	ming zhu bin guan	5
明珠工业园	ming zhu gong ye yuan	8
明珠广场	ming zhu guang chang	2
明珠影剧院	ming zhu ying ju yuan	3
明珠新村	ming zhu xin cun	1
明珠线虹桥路站	ming zhu xian hong qiao lu zhan	2
明珠花卉	ming zhu hua hui	6
明珠花园	ming zhu hua yuan	10
明珠苑	ming zhu yuan	6
明珠装饰市场	ming zhu zhuang shi shi chang	2
明珠路	ming zhu lu	7
明珠路口	ming zhu lu kou	6
明珠道	ming zhu dao	7
明理楼	ming li lou	2
明皇蜡像宫	ming huang la xiang gong	6
明真宫	ming zhen gong	1
明礼乡	ming li xiang	6
明胜	ming sheng	6
明胜路	ming sheng lu	4
明觉乡	ming jue xiang	1
明辉花园	ming hui hua yuan	4
明辨	ming bian	48
明都雅苑	ming du ya yuan	3
易初莲花	yi chu lian hua	16
易家墩	yi jia dun	1
易家山	yi jia shan	2
易家桥	yi jia qiao	3
易家渡	yi jia du	1
易家湾	yi jia wan	6
易家院子	yi jia yuan zi	2
易屋	yi wu	5
昔色乡	xi se xiang	4
昕水镇	xin shui zhen	3
星光村	xing guang cun	2
星光花园	xing guang hua yuan	2
星华村	xing hua cun	1
星城商厦	xing cheng shang sha	5
星宿苗族彝族仡佬族乡	xing xiu miao zu yi zu ge lao zu xiang	2
星居委会	xing ju wei hui	2
星山	xing shan	20
星座商厦	xing zuo shang sha	4
星明湖度假村	xing ming hu du jia cun	2
星明路	xing ming lu	5
星桥村	xing qiao cun	4
星桥街	xing qiao jie	6
星桥镇	xing qiao zhen	1
星槎	xing cha	15
星民村	xing min cun	4
星汉路	xing han lu	7
星河名居	xing he ming ju	3
星河国际	xing he guo ji	2
星河居委会	xing he ju wei hui	2
星河翠庭	xing he cui ting	5
星河路东	xing he lu dong	2
星河路西	xing he lu xi	2
星洲花园	xing zhou hua yuan	5
星海公园	xing hai gong yuan	29
星海名城	xing hai ming cheng	3
星海浴场	xing hai yu chang	3
星海湾	xing hai wan	23
星港	xing gang	10
星港路	xing gang lu	3
星溪乡	xing xi xiang	3
星火东巷	xing huo dong xiang	4
星火大厦	xing huo da sha	1
星火朝鲜族乡	xing huo chao xian zu xiang	2
星火村	xing huo cun	1
星火路	xing huo lu	4
星灿医院	xing can yi yuan	2
星耀镇	xing yao zhen	1
星联村	xing lian cun	4
星辉东路	xing hui dong lu	7
星辉村	xing hui cun	4
星都	xing du	8
星都家园	xing du jia yuan	2
星雨华府	xing yu hua fu	6
映山菁华	ying shan jing hua	3
映月新村	ying yue xin cun	2
映月潭	ying yue tan	3
映辉楼	ying hui lou	1
春一	chun yi	7
春丰村	chun feng cun	3
春丰苑	chun feng yuan	3
春临村	chun lin cun	3
春光路	chun guang lu	6
春华路	chun hua lu	3
春合苑	chun he yuan	2
春和市场	chun he shi chang	3
春和路	chun he lu	1
春园里	chun yuan li	4
春堆乡	chun dui xiang	2
春天家园	chun tian jia yuan	6
春天宾馆	chun tian bin guan	3
春天沟	chun tian gou	2
春天花园	chun tian hua yuan	8
春意路	chun yi lu	2
春明路	chun ming lu	5
春晓路	chun xiao lu	1
春晖园	chun hui yuan	6
春晖路	chun hui lu	8
春松胡同	chun song hu tong	2
春柳	chun liu	36
春柳河	chun liu he	3
春森彼岸	chun sen bi an	7
春江新城	chun jiang xin cheng	2
春江时代	chun jiang shi dai	4
春江村	chun jiang cun	1
春江花园	chun jiang hua yuan	1
春江花月	chun jiang hua yue	21
春江苑	chun jiang yuan	2
春波小区	chun bo xiao qu	1
春海街	chun hai jie	3
春潮村	chun chao cun	3
春潮花园	chun chao hua yuan	3
春熙路北口	chun xi lu bei kou	6
春申路	chun shen lu	9
春秀路	chun xiu lu	3
春都路	chun du lu	6
春铁大厦	chun tie da sha	1
春雨路	chun yu lu	1
春风路	chun feng lu	1
昭平台库区乡	zhao ping tai ku qu xiang	3
昭忠祠街	zhao zhong ci jie	6
昭忠路	zhao zhong lu	4
昭觉	zhao jue	42
昭觉寺公交站	zhao jue si gong jiao zhan	7
昭觉寺横路	zhao jue si heng lu	1
昭通县	zhao tong xian	5
昭通地区	zhao tong di qu	12
昭陵乡	zhao ling xiang	1
昱东街道	yu dong jie dao	3
昱中街道	yu zhong jie dao	3
昱西街道	yu xi jie dao	2
显径村	xian jing cun	2
显龙乡	xian long xiang	3
晁庄村	chao zhuang cun	2
晁村	chao cun	2
晋元庄	jin yuan zhuang	5
晋元桥东	jin yuan qiao dong	2
晋元桥南	jin yuan qiao nan	2
晋元桥西	jin yuan qiao xi	2
晋元路	jin yuan lu	1
晋县	jin xian	28
晋城县	jin cheng xian	11
晋城市城区	jin cheng shi cheng qu	17
晋城市郊区	jin cheng shi jiao qu	4
晋安区委	jin an qu wei	6
晋安河	jin an he	2
晋州市	jin zhou shi	47
晋机	jin ji	7
晋江二中	jin jiang er zhong	3
晋江机场	jin jiang ji chang	7
晋阳街口	jin yang jie kou	6
晋阳街道	jin yang jie dao	1
晏公庙	yan gong miao	6
晏塘镇	yan tang zhen	3
晏家	yan jia	7
晏家乡	yan jia xiang	4
晏家坪街道	yan jia ping jie dao	5
晏家堡	yan jia pu	5
晏家堡村	yan jia pu cun	3
晏家塘	yan jia tang	5
晏家塘巷	yan jia tang xiang	2
晏家村	yan jia cun	4
晒北滩瑶族乡	shai bei tan yao zu xiang	4
晒口街道	shai kou jie dao	1
晒布路	shai bu lu	1
晒盐场	shai yan chang	2
晒经乡	shai jing xiang	4
晒谷坪	shai gu ping	6
晓云村	xiao yun cun	3
晓云街道	xiao yun jie dao	2
晓园	xiao yuan	16
晓园公园	xiao yuan gong yuan	8
晓园路	xiao yuan lu	6
晓坪村	xiao ping cun	2
晓安胡同	xiao an hu tong	2
晓庄	xiao zhuang	47
晓庐	xiao lu	1
晓月苑一里	xiao yue yuan yi li	4
晓月苑二里	xiao yue yuan er li	4
晓月苑医院	xiao yue yuan yi yuan	3
晓月苑小区	xiao yue yuan xiao qu	1
晓月苑小区南	xiao yue yuan xiao qu nan	2
晓月苑游泳馆	xiao yue yuan you yong guan	3
晓桥	xiao qiao	6
晓河	xiao he	15
晓港	xiao gang	11
晓港新村	xiao gang xin cun	3
晗亭	han ting	2
晚大	wan da	8
晚桥	wan qiao	3
晨光到	chen guang dao	1
晨光村	chen guang cun	1
晨光路	chen guang lu	7
晨光道	chen guang dao	2
晨苑	chen yuan	2
晨阳	chen yang	37
晨阳道	chen yang dao	2
普东	pu dong	4
普乐道	pu le dao	6
普保镇	pu bao zhen	4
普兰店市	pu lan dian shi	6
普兰镇	pu lan zhen	1
普君墟	pu jun xu	1
普善路	pu shan lu	3
普善路沪太路	pu shan lu hu tai lu	3
普坪	pu ping	4
普宁县	pu ning xian	30
普安新村	pu an xin cun	3
普安村	pu an cun	6
普安路	pu an lu	12
普定	pu ding	12
普岭乡	pu ling xiang	3
普巴绒乡	pu ba rong xiang	3
普庆	pu qing	25
普庆桥	pu qing qiao	1
普当乡	pu dang xiang	3
普德村	pu de cun	6
普恰克其乡	pu qia ke qi xiang	1
普惠南里	pu hui nan li	5
普惠南里社区	pu hui nan li she qu	3
普惠寺社区	pu hui si she qu	3
普拉底乡	pu la di xiang	8
普昌镇	pu chang zhen	3
普明	pu ming	25
普明社区	pu ming she qu	4
普明镇	pu ming zhen	5
普沙绒	pu sha rong	3
普洱县	pu er xian	5
普洱哈尼族彝族自治县	pu er ha ni zu yi zu zi zhi xian	2
普洱市	pu er shi	46
普济河东道	pu ji he dong dao	2
普济河道	pu ji he dao	4
普济河道立交桥	pu ji he dao li jiao qiao	3
普澜二路	pu lan er lu	7
普照寺	pu zhao si	30
普照社区	pu zhao she qu	1
普生制药	pu sheng zhi yao	4
普祥路	pu xiang lu	3
普福村	pu fu cun	2
普翁乡	pu weng xiang	4
普萨牧场	pu sa mu chang	3
普诗乡	pu shi xiang	4
普迹	pu ji	7
普陀医院	pu tuo yi yuan	3
普陀县	pu tuo xian	4
普隆乡	pu long xiang	3
普雄路	pu xiong lu	5
普雄镇	pu xiong zhen	3
普马	pu ma	4
普马乡	pu ma xiang	2
景东县	jing dong xian	2
景丽东苑	jing li dong yuan	3
景凤路	jing feng lu	5
景区居委会	jing qu ju wei hui	2
景华苑	jing hua yuan	1
景南	jing nan	19
景古镇	jing gu zhen	6
景哈哈尼族乡	jing ha ha ni zu xiang	2
景园小区	jing yuan xiao qu	8
景坞村	jing wu cun	3
景城花园	jing cheng hua yuan	4
景宁	jing ning	32
景宁县	jing ning xian	9
景家村	jing jia cun	5
景尚乡	jing shang xiang	4
景山东街	jing shan dong jie	12
景山东门	jing shan dong men	2
景山后街	jing shan hou jie	10
景山小区	jing shan xiao qu	2
景山村	jing shan cun	6
景山街	jing shan jie	3
景庄村村委会	jing zhuang cun cun wei hui	3
景御路	jing yu lu	4
景新花园	jing xin hua yuan	7
景新镇	jing xin zhen	2
景明花园	jing ming hua yuan	3
景星街	jing xing jie	7
景月	jing yue	3
景江苑	jing jiang yuan	3
景泰僧归	jing tai seng gui	4
景洪县	jing hong xian	3
景洪市	jing hong shi	17
景湖花园	jing hu hua yuan	6
景湖苑	jing hu yuan	2
景溪村	jing xi cun	3
景潭花园	jing tan hua yuan	3
景田小学	jing tian xiao xue	4
景盛路	jing sheng lu	3
景福苑	jing fu yuan	6
景福街	jing fu jie	11
景秀中学	jing xiu zhong xue	6
景秀花园	jing xiu hua yuan	3
景芝	jing zhi	19
景芳一区	jing fang yi qu	4
景芳三区	jing fang san qu	5
景芳东五区	jing fang dong wu qu	4
景芳东区	jing fang dong qu	5
景芳二区	jing fang er qu	6
景芳五区	jing fang wu qu	7
景芳亭	jing fang ting	4
景芳六区	jing fang liu qu	6
景芳四区	jing fang si qu	5
景芳小区	jing fang xiao qu	1
景西	jing xi	4
景观城	jing guan cheng	5
景谷县	jing gu xian	6
景门	jing men	5
景阳胡同	jing yang hu tong	2
景风乡	jing feng xiang	2
景龙桥乡	jing long qiao xiang	6
晴冬园社区	qing dong yuan she qu	3
晴山蓝城	qing shan lan cheng	2
晴朗乡	qing lang xiang	1
晴照	qing zhao	4
晴隆	qing long	22
智格村	zhi ge cun	4
智水乡	zhi shui xiang	5
智青松多镇	zhi qing song duo zhen	2
暑袜街	shu wa jie	2
暖泉会村	nuan quan hui cun	5
暗坑	an keng	9
暮云	mu yun	36
暹罗湾	xian luo wan	29
曙光公寓	shu guang gong yu	5
曙光南路	shu guang nan lu	7
曙光新村	shu guang xin cun	6
曙光经营所	shu guang jing ying suo	2
曙光花园	shu guang hua yuan	5
曙光花园社区	shu guang hua yuan she qu	2
曙光街	shu guang jie	9
曙光路	shu guang lu	28
曙光里	shu guang li	3
曦阳	xi yang	1
曲依乡	qu yi xiang	2
曲塘	qu tang	5
曲奥乡	qu ao xiang	3
曲家	qu jia	43
曲峨镇	qu e zhen	3
曲峪镇	qu yu zhen	3
曲布雄乡	qu bu xiong xiang	2
曲库乎乡	qu ku hu xiang	3
曲当乡	qu dang xiang	5
曲斗	qu dou	3
曲松乡	qu song xiang	3
曲梁乡	qu liang xiang	1
曲水文华	qu shui wen hua	3
曲江县	qu jiang xian	28
曲江村	qu jiang cun	2
曲江桥	qu jiang qiao	1
曲江水厂	qu jiang shui chang	6
曲江池	qu jiang chi	1
曲江海洋世界	qu jiang hai yang shi jie	5
曲江生态花园	qu jiang sheng tai hua yuan	5
曲江管委会	qu jiang guan wei hui	1
曲江路	qu jiang lu	6
曲沃路	qu wo lu	4
曲洛乡	qu luo xiang	3
曲清	qu qing	2
曲溪	qu xi	8
曲溪村	qu xi cun	4
曲溪街道	qu xi jie dao	2
曲潭	qu tan	1
曲玛乡	qu ma xiang	3
曲瓦乡	qu wa xiang	4
曲登	qu deng	5
曲登乡	qu deng xiang	4
曲线街道	qu xian jie dao	2
曲美乡	qu mei xiang	2
曲阜县	qu fu xian	18
曲阜西路	qu fu xi lu	4
曲阜道	qu fu dao	4
曲阳新村	qu yang xin cun	13
曲阳路	qu yang lu	29
曲院风荷	qu yuan feng he	21
曲雅贡乡	qu ya gong xiang	4
曲靖县	qu jing xian	2
曲鲁海乡	qu lu hai xiang	5
更庆	geng qing	3
更新村	geng xin cun	4
更沙乡	geng sha xiang	2
更知乡	geng zhi xiang	3
曹中村	cao zhong cun	3
曹二	cao er	8
曹公泉	cao gong quan	3
曹公祠	cao gong ci	3
曹刘村	cao liu cun	3
曹古乡	cao gu xiang	2
曹各庄	cao ge zhuang	1
曹后	cao hou	5
曹园	cao yuan	1
曹子里	cao zi li	2
曹宅	cao zhai	5
曹安路	cao an lu	14
曹家垣乡	cao jia yuan xiang	2
曹家堡	cao jia bao	4
曹家堰	cao jia yan	4
曹家宅	cao jia zhai	3
曹家官庄	cao jia guan zhuang	2
曹家寺	cao jia si	4
曹家峪	cao jia yu	3
曹家巷	cao jia xiang	6
曹家庄	cao jia zhuang	2
曹家村	cao jia cun	3
曹家村委会	cao jia cun wei hui	3
曹家桥村	cao jia qiao cun	4
曹家楼	cao jia lou	2
曹家沟	cao jia gou	1
曹家渡	cao jia du	21
曹家花园	cao jia hua yuan	2
曹家营	cao jia ying	3
曹家院子	cao jia yuan zi	3
曹屋	cao wu	5
曹庄	cao zhuang	36
曹庄村村委会	cao zhuang cun cun wei hui	3
曹庵	cao an	1
曹建军	cao jian jun	2
曹张新村	cao zhang xin cun	5
曹报村	cao bao cun	3
曹杨五村	cao yang wu cun	1
曹杨八村	cao yang ba cun	4
曹杨六村	cao yang liu cun	4
曹杨新村	cao yang xin cun	5
曹杨路	cao yang lu	20
曹桥村	cao qiao cun	3
曹楼村委会	cao lou cun wei hui	2
曹湾	cao wan	3
曹石	cao shi	4
曹碾	cao nian	4
曹碾满族乡	cao nian man zu xiang	2
曹章	cao zhang	10
曹营	cao ying	31
曹行	cao hang	34
曹行镇	cao hang zhen	4
曹里村	cao li cun	4
曹门街道	cao men jie dao	3
曹阳路	cao yang lu	4
曼等乡	man deng xiang	3
曾东	zeng dong	6
曾井社区	zeng jing she qu	3
曾凡容	zeng fan rong	3
曾凡强	zeng fan qiang	7
曾厝村	zeng cuo cun	4
曾咀	zeng zui	40
曾坑	zeng keng	4
曾坑社区	zeng keng she qu	5
曾姑娘	zeng gu niang	3
曾家山	zeng jia shan	3
曾家湾	zeng jia wan	1
曾家祠	zeng jia ci	2
曾家院子	zeng jia yuan zi	3
曾屋	zeng wu	2
曾岭村	zeng ling cun	2
曾庄	zeng zhuang	1
曾林	zeng lin	7
曾林社区	zeng lin she qu	1
曾桥村	zeng qiao cun	3
曾营	zeng ying	4
曾达乡	zeng da xiang	2
月乐街	yue le jie	5
月亮湾大道	yue liang wan da dao	5
月亮湾花园	yue liang wan hua yuan	1
月亮湾路口	yue liang wan lu kou	4
月光广场	yue guang guang chang	4
月光胡同	yue guang hu tong	3
月华小区	yue hua xiao qu	3
月台胡同	yue tai hu tong	4
月坛体育场	yue tan ti yu chang	1
月坛公园	yue tan gong yuan	10
月坛北街	yue tan bei jie	8
月坛北街北站	yue tan bei jie bei zhan	2
月堂	yue tang	5
月塘	yue tang	7
月塘街道	yue tang jie dao	5
月姑娘	yue gu niang	8
月季园东里社区	yue ji yuan dong li she qu	2
月季园小区	yue ji yuan xiao qu	5
月季园社区	yue ji yuan she qu	4
月安	yue an	7
月安花园	yue an hua yuan	6
月山	yue shan	9
月形村	yue xing cun	1
月形湾村	yue xing wan cun	5
月旦	yue dan	4
月明村	yue ming cun	4
月明楼	yue ming lou	4
月星	yue xing	10
月星村	yue xing cun	3
月池	yue chi	23
月河	yue he	9
月河小学	yue he xiao xue	3
月河桥	yue he qiao	3
月河社区	yue he she qu	3
月河街	yue he jie	1
月洲围	yue zhou wei	3
月湖公园	yue hu gong yuan	13
月溪苑	yue xi yuan	2
月牙山	yue ya shan	3
月牙巷	yue ya xiang	3
月牙河	yue ya he	14
月牙河东路	yue ya he dong lu	2
月牙河南路	yue ya he nan lu	4
月牙河道	yue ya he dao	2
月牙湖	yue ya hu	15
月牙湖花园	yue ya hu hua yuan	4
月牙胡同	yue ya hu tong	4
月登阁村	yue deng ge cun	6
月眉村	yue mei cun	18
月纬路	yue wei lu	2
月苑	yue yuan	8
月苑五村	yue yuan wu cun	4
月雅桥	yue ya qiao	3
有叶尔羌河	you ye er qiang he	2
有济	you ji	7
有济村	you ji cun	3
朋布西	peng bu xi	4
朋布西乡	peng bu xi xiang	3
服先镇	fu xian zhen	4
服装工业区	fu zhuang gong ye qu	4
服装市场	fu zhuang shi chang	18
服装街	fu zhuang jie	3
朏头	fei tou	3
朔北藏族乡	shuo bei zang zu xiang	3
朔县	shuo xian	24
朔城	shuo cheng	3
朔方路街道	shuo fang lu jie dao	5
朔门	shuo men	2
朗南	lang nan	4
朗子	lang zi	3
朗家园	lang jia yuan	3
朗晴名居	lang qing ming ju	3
朗村	lang cun	27
朗杰学乡	lang jie xue xiang	2
朗溪	lang xi	6
朗诗国际街区	lang shi guo ji jie qu	6
朗诗熙园	lang shi xi yuan	3
望丛祠	wang cong ci	2
望云山	wang yun shan	7
望京东园	wang jing dong yuan	5
望京公园	wang jing gong yuan	5
望京北路东口	wang jing bei lu dong kou	3
望京医院	wang jing yi yuan	5
望京国际商业中心	wang jing guo ji shang ye zhong xin	6
望京开发街道	wang jing kai fa jie dao	2
望京村	wang jing cun	1
望京桥东	wang jing qiao dong	5
望京桥北	wang jing qiao bei	3
望京桥西	wang jing qiao xi	3
望京洲	wang jing zhou	3
望京科技创业园	wang jing ke ji chuang ye yuan	5
望京科技园	wang jing ke ji yuan	5
望京花园	wang jing hua yuan	6
望京花园东区	wang jing hua yuan dong qu	5
望京花园西区	wang jing hua yuan xi qu	5
望京街西口	wang jing jie xi kou	3
望京西园	wang jing xi yuan	8
望京西园三区北门	wang jing xi yuan san qu bei men	2
望京西园二区	wang jing xi yuan er qu	4
望京西园四区	wang jing xi yuan si qu	7
望仙树	wang xian shu	2
望后石	wang hou shi	3
望和桥	wang he qiao	8
望和桥东	wang he qiao dong	3
望垭镇	wang ya zhen	3
望城县	wang cheng xian	20
望城坡	wang cheng po	7
望城岗	wang cheng gang	10
望城村	wang cheng cun	2
望头	wang tou	4
望安岛	wang an dao	7
望岳	wang yue	7
望岳村	wang yue cun	4
望峰岗	wang feng gang	3
望州岗	wang zhou gang	3
望平街	wang ping jie	3
望怀社区	wang huai she qu	3
望新	wang xin	8
望春	wang chun	21
望春门街道	wang chun men jie dao	5
望树镇	wang shu zhen	4
望楚	wang chu	3
望江东路	wang jiang dong lu	5
望江北路	wang jiang bei lu	4
望江南路	wang jiang nan lu	3
望江宾馆	wang jiang bin guan	7
望江楼	wang jiang lou	17
望江西路	wang jiang xi lu	8
望江路	wang jiang lu	16
望江路口	wang jiang lu kou	6
望江路街道	wang jiang lu jie dao	6
望江门	wang jiang men	12
望江门外	wang jiang men wai	4
望泉寺	wang quan si	5
望洲岗	wang zhou gang	3
望海台	wang hai tai	3
望海楼	wang hai lou	5
望湖	wang hu	29
望湖宾馆	wang hu bin guan	1
望湖市场	wang hu shi chang	1
望燕名居	wang yan ming ju	4
望狐乡	wang hu xiang	3
望留	wang liu	3
望花	wang hua	20
望花新村	wang hua xin cun	6
望花路	wang hua lu	6
望花路东里	wang hua lu dong li	3
望花路东里社区	wang hua lu dong li she qu	3
望花路西里	wang hua lu xi li	4
望谟	wang mo	39
望都家园	wang du jia yuan	1
望金路	wang jin lu	2
望青山	wang qing shan	1
望高	wang gao	38
望鱼乡	wang yu xiang	3
望麓	wang lu	3
望麓园	wang lu yuan	1
望麓园街道	wang lu yuan jie dao	8
望龙园	wang long yuan	5
朝东社区	chao dong she qu	2
朝仪侗族乡	chao yi dong zu xiang	4
朝内南小街	chao nei nan xiao jie	6
朝内小街	chao nei xiao jie	5
朝城	chao cheng	17
朝外北街	chao wai bei jie	4
朝外大街	chao wai da jie	4
朝天寺	chao tian si	2
朝山村	chao shan cun	3
朝新嘉园	chao xin jia yuan	1
朝晖一区	zhao hui yi qu	6
朝晖七区	zhao hui qi qu	6
朝晖三区	zhao hui san qu	6
朝晖九区	zhao hui jiu qu	2
朝晖二区	zhao hui er qu	6
朝晖五区	zhao hui wu qu	2
朝晖八区	zhao hui ba qu	1
朝晖六区	zhao hui liu qu	7
朝晖四区	zhao hui si qu	1
朝晖现代城	zhao hui xian dai cheng	3
朝晖苑	zhao hui yuan	4
朝晖路	zhao hui lu	6
朝来农艺园	zhao lai nong yi yuan	3
朝来家园	zhao lai jia yuan	4
朝里瑶族乡	chao li yao zu xiang	2
朝阳中学	zhao yang zhong xue	3
朝阳体育馆	zhao yang ti yu guan	6
朝阳公园	zhao yang gong yuan	48
朝阳公园东门	zhao yang gong yuan dong men	6
朝阳公园北门	zhao yang gong yuan bei men	3
朝阳公园桥东	zhao yang gong yuan qiao dong	4
朝阳公园桥北	zhao yang gong yuan qiao bei	4
朝阳公园桥南	zhao yang gong yuan qiao nan	3
朝阳公园桥西	zhao yang gong yuan qiao xi	4
朝阳公园西门	zhao yang gong yuan xi men	6
朝阳农场	zhao yang nong chang	1
朝阳分社	zhao yang fen she	3
朝阳区办事处	zhao yang qu ban shi chu	4
朝阳区大柳树	zhao yang qu da liu shu	5
朝阳区李家坟	zhao yang qu li jia fen	2
朝阳区沙窝	zhao yang qu sha wo	3
朝阳医院	zhao yang yi yuan	39
朝阳医院分院	zhao yang yi yuan fen yuan	3
朝阳半壁店	zhao yang ban bi dian	3
朝阳厂	zhao yang chang	1
朝阳大街	zhao yang da jie	11
朝阳寺	zhao yang si	6
朝阳寺镇	zhao yang si zhen	4
朝阳小学	zhao yang xiao xue	3
朝阳巷	zhao yang xiang	6
朝阳市双塔区	zhao yang shi shuang ta qu	6
朝阳市场	zhao yang shi chang	1
朝阳幼儿园	zhao yang you er yuan	5
朝阳开发区	chao yang kai fa qu	5
朝阳新城	chao yang xin cheng	8
朝阳新村	chao yang xin cun	6
朝阳楼	chao yang lou	3
朝阳沟	chao yang gou	38
朝阳港	chao yang gang	5
朝阳社区	chao yang she qu	7
朝阳胡同	chao yang hu tong	4
朝阳街	chao yang jie	9
朝阳街街道	chao yang jie jie dao	5
朝阳路口	chao yang lu kou	7
朝阳路高井	chao yang lu gao jing	4
朝阳门内	chao yang men nei	14
朝阳门北	chao yang men bei	1
朝阳门南	chao yang men nan	1
朝阳门外	chao yang men wai	38
木兰中学	mu lan zhong xue	3
木兰寺	mu lan si	3
木卡乡	mu ka xiang	5
木卡姆	mu ka mu	9
木卡拉	mu ka la	1
木器厂	mu qi chang	3
木场巷社区	mu chang xiang she qu	3
木坑	mu keng	1
木坡乡	mu po xiang	3
木垒	mu lei	9
木垒县	mu lei xian	1
木城彝族傈僳族乡	mu cheng yi zu li su zu xiang	2
木城涧	mu cheng jian	7
木塔寨	mu ta zhai	7
木头乡	mu tou xiang	4
木头峪乡	mu tou yu xiang	3
木头沟乡	mu tou gou xiang	4
木头龙	mu tou long	2
木奎拉乡	mu kui la xiang	4
木子树下	mu zi shu xia	2
木尔乡	mu er xiang	3
木尔宗乡	mu er zong xiang	2
木尕拉镇	mu ga la zhen	4
木府乡	mu fu xiang	2
木引乡	mu yin xiang	1
木得	mu de	4
木札岭	mu zha ling	2
木材加工厂	mu cai jia gong chang	3
木材厂	mu cai chang	44
木材市场	mu cai shi chang	4
木材新村	mu cai xin cun	5
木林森	mu lin sen	8
木树乡	mu shu xiang	3
木桠镇	mu ya zhen	3
木桥村	mu qiao cun	1
木梳路	mu shu lu	3
木棉湾村	mu mian wan cun	3
木榴村	mu liu cun	3
木樨园	mu xi yuan	11
木樨园南里社区	mu xi yuan nan li she qu	2
木樨园桥	mu xi yuan qiao	1
木樨园桥东	mu xi yuan qiao dong	5
木樨园桥北	mu xi yuan qiao bei	2
木樨园桥南	mu xi yuan qiao nan	1
木樨园桥西	mu xi yuan qiao xi	5
木樨园第一社区	mu xi yuan di yi she qu	2
木樨园第二社区	mu xi yuan di er she qu	2
木樨园长途汽车站	mu xi yuan chang tu qi che zhan	5
木樨地	mu xi di	31
木江坪镇	mu jiang ping zhen	5
木溪村	mu xi cun	3
木牌楼	mu pai lou	4
木瓜乡	mu gua xiang	4
木瓜园	mu gua yuan	5
木生火	mu sheng huo	3
木皮藏族乡	mu pi zang zu xiang	4
木绒乡	mu rong xiang	2
木老元布朗族彝族乡	mu lao yuan bu lang zu yi zu xiang	3
木老坪乡	mu lao ping xiang	2
木耳乡	mu er xiang	4
木西合乡	mu xi he xiang	2
木许乡	mu xu xiang	2
木遁	mu dun	29
木里县	mu li xian	25
木金	mu jin	5
木马公寓	mu ma gong yu	5
木龙湖	mu long hu	6
未央区交通局	wei yang qu jiao tong ju	3
未央工业品批发市场	wei yang gong ye pin pi fa shi chang	3
未央湖	wei yang hu	7
未来城	wei lai cheng	27
未英胡同	wei ying hu tong	2
本司胡同	ben si hu tong	4
本溪街	ben xi jie	6
本溪路	ben xi lu	3
术布乡	shu bu xiang	3
朱于	zhu yu	6
朱仕农	zhu shi nong	4
朱倭	zhu wo	4
朱倭乡	zhu wo xiang	2
朱元乡	zhu yuan xiang	3
朱冲村	zhu chong cun	3
朱刘	zhu liu	3
朱剑平	zhu jian ping	4
朱厝村	zhu cuo cun	2
朱厦	zhu sha	3
朱地	zhu di	4
朱地村	zhu di cun	3
朱坑	zhu keng	2
朱坑镇	zhu keng zhen	3
朱堂村	zhu tang cun	2
朱宅	zhu zhai	2
朱宏堡	zhu hong bao	3
朱宏路	zhu hong lu	1
朱宏路机电市场	zhu hong lu ji dian shi chang	6
朱官寨乡	zhu guan zhai xiang	3
朱家务村	zhu jia wu cun	2
朱家坟	zhu jia fen	3
朱家坪	zhu jia ping	2
朱家埠	zhu jia bu	3
朱家官庄	zhu jia guan zhuang	4
朱家尖	zhu jia jian	14
朱家尖镇	zhu jia jian zhen	6
朱家峪	zhu jia yu	1
朱家村	zhu jia cun	4
朱家桥	zhu jia qiao	3
朱家河	zhu jia he	10
朱家浜	zhu jia bang	4
朱家湾	zhu jia wan	4
朱家畈村	zhu jia fan cun	3
朱家胡同	zhu jia hu tong	4
朱家花园	zhu jia hua yuan	4
朱家门	zhu jia men	1
朱家院子	zhu jia yuan zi	3
朱寨	zhu zhai	2
朱寨乡	zhu zhai xiang	3
朱屋	zhu wu	2
朱岭	zhu ling	1
朱市街	zhu shi jie	4
朱庄	zhu zhuang	11
朱庄村委会	zhu zhuang cun wei hui	2
朱张渡	zhu zhang du	5
朱戈	zhu ge	4
朱攀	zhu pan	4
朱日和镇	zhu ri he zhen	3
朱杨村	zhu yang cun	3
朱林村	zhu lin cun	3
朱桥	zhu qiao	6
朱梅路	zhu mei lu	2
朱楼	zhu lou	5
朱洞	zhu dong	5
朱洪村	zhu hong cun	2
朱湾村	zhu wan cun	4
朱牛乡	zhu niu xiang	3
朱玲玉	zhu ling yu	3
朱田村	zhu tian cun	2
朱紫	zhu zi	33
朱紫村	zhu zi cun	2
朱继平	zhu ji ping	7
朱苇箔胡同	zhu wei bo hu tong	2
朱行	zhu hang	6
朱辛庄	zhu xin zhuang	2
朱雀山	zhu que shan	26
朱雀新村	zhu que xin cun	3
朱雀桥	zhu que qiao	9
朱雀门	zhu que men	26
朱马店	zhu ma dian	2
朴一	piao yi	3
朴三	piao san	8
朴二村	piao er cun	3
朴山	piao shan	6
机修厂	ji xiu chang	11
机修厂宿舍	ji xiu chang su she	2
机具站	ji ju zhan	5
机动车辆管理所	ji dong che liang guan li suo	6
机场专线	ji chang zhuan xian	30
机场广场	ji chang guang chang	2
机场新村	ji chang xin cun	5
机场河	ji chang he	7
机场派出所	ji chang pai chu suo	1
机场路口	ji chang lu kou	1
机场路新光路口	ji chang lu xin guang lu kou	2
机场道	ji chang dao	6
机场道口	ji chang dao kou	4
机床厂	ji chuang chang	35
机床研究所	ji chuang yan jiu suo	5
机投桥街道	ji tou qiao jie dao	6
机投镇	ji tou zhen	4
机械厂幼儿园	ji xie chang you er yuan	2
机械大厦	ji xie da sha	1
机瓦厂	ji wa chang	4
机电五金城	ji dian wu jin cheng	5
机电公司	ji dian gong si	6
机电大厦	ji dian da sha	1
机电工程学院	ji dian gong cheng xue yuan	25
机电市场	ji dian shi chang	9
机电路	ji dian lu	2
机神新村	ji shen xin cun	5
机神村	ji shen cun	5
杀割	sha ge	2
杂碎汤	za sui tang	4
权妃墓	quan fei mu	3
杆头	gan tou	33
杆石桥	gan shi qiao	3
杈杨村	cha yang cun	2
杉山村	shan shan cun	2
杉岭乡	shan ling xiang	3
杉木河	shan mu he	6
杉树下	shan shu xia	1
杉湖	shan hu	3
杉达大学	shan da da xue	4
李七庄	li qi zhuang	17
李下壕村	li xia hao cun	6
李东村	li dong cun	1
李两河村	li liang he cun	2
李乡潘家	li xiang pan jia	3
李乾贵	li qian gui	4
李云婷	li yun ting	1
李俊乡	li jun xiang	1
李俊贤	li jun xian	16
李兆基中学	li zhao ji zhong xue	5
李光地故居	li guang di gu ju	4
李光秀	li guang xiu	4
李公楼立交桥	li gong lou li jiao qiao	2
李公祠	li gong ci	15
李公祠大街	li gong ci da jie	3
李兴建	li xing jian	5
李兴涛	li xing tao	4
李兴营	li xing ying	3
李剑霞	li jian xia	4
李力峰	li li feng	3
李北	li bei	4
李华村	li hua cun	4
李博宁	li bo ning	3
李厝	li cuo	8
李友明	li you ming	4
李口乡	li kou xiang	2
李各庄	li ge zhuang	3
李各庄社区	li ge zhuang she qu	3
李启民	li qi min	5
李哥庄	li ge zhuang	7
李嘴孜	li zui zi	3
李四官庄	li si guan zhuang	3
李四官庄村	li si guan zhuang cun	3
李园	li yuan	14
李国余	li guo yu	3
李圆圆	li yuan yuan	7
李坝乡	li ba xiang	3
李坤明	li kun ming	4
李坪	li ping	4
李堡	li bao	33
李子坝	li zi ba	20
李子坪	li zi ping	6
李子坪乡	li zi ping xiang	5
李孝河乡	li xiao he xiang	3
李宅	li zhai	12
李安琪	li an qi	4
李宗全	li zong quan	3
李家史山	li jia shi shan	3
李家园	li jia yuan	1
李家坝村	li jia ba cun	4
李家坟	li jia fen	1
李家坡	li jia po	1
李家坡村	li jia po cun	5
李家坪	li jia ping	8
李家坪乡	li jia ping xiang	4
李家塔	li jia ta	5
李家寺	li jia si	1
李家峪	li jia yu	6
李家巷	li jia xiang	1
李家巷子	li jia xiang zi	4
李家庄	li jia zhuang	19
李家庄子	li jia zhuang zi	2
李家庵	li jia an	6
李家房子	li jia fang zi	1
李家村	li jia cun	15
李家村村	li jia cun cun	3
李家村村委会	li jia cun cun wei hui	2
李家林	li jia lin	8
李家桥	li jia qiao	2
李家楼	li jia lou	2
李家楼村委会	li jia lou cun wei hui	2
李家沟	li jia gou	14
李家沟乡	li jia gou xiang	3
李家沱	li jia tuo	12
李家沱长江大桥	li jia tuo chang jiang da qiao	4
李家河	li jia he	10
李家河村	li jia he cun	6
李家湾乡	li jia wan xiang	4
李家湾村	li jia wan cun	1
李家烧坊	li jia shao fang	3
李家祠	li jia ci	5
李家祠堂	li jia ci tang	2
李家窑	li jia yao	5
李家营	li jia ying	4
李家院	li jia yuan	4
李家院子	li jia yuan zi	6
李容	li rong	19
李对红	li dui hong	1
李封街道	li feng jie dao	3
李屋	li wu	13
李巷	li xiang	3
李市村	li shi cun	3
李庄村委会	li zhuang cun wei hui	3
李庙乡	li miao xiang	3
李惠利医院	li hui li yi yuan	9
李成中	li cheng zhong	5
李成兵	li cheng bing	7
李文勋	li wen xun	6
李斯路	li si lu	5
李方方	li fang fang	7
李旗庄	li qi zhuang	2
李时珍路	li shi zhen lu	4
李昌港	li chang gang	2
李明金	li ming jin	2
李晓玮	li xiao wei	6
李曹镇	li cao zhen	3
李朗村	li lang cun	5
李村村委会	li cun cun wei hui	2
李村河	li cun he	8
李树乡	li shu xiang	4
李树村	li shu cun	2
李桥	li qiao	31
李桥政府	li qiao zheng fu	3
李桥村村委会	li qiao cun cun wei hui	2
李楼	li lou	13
李楼村	li lou cun	2
李正芬	li zheng fen	3
李沃	li wo	9
李沃村	li wo cun	3
李沟村	li gou cun	6
李渔路	li yu lu	7
李渠	li qu	3
李港	li gang	12
李溪	li xi	24
李溪村	li xi cun	4
李灶	li zao	4
李熙桥镇	li xi qiao zhen	7
李田	li tian	4
李耀新	li yao xin	1
李老新村	li lao xin cun	4
李西	li xi	6
李西村	li xi cun	4
李贽故居	li zhi gu ju	3
李辅黄	li fu huang	3
李达窑乡	li da yao xiang	1
李遂	li sui	10
李郢孜	li ying zi	1
李都镇	li du zhen	2
李闯	li chuang	3
李阁老胡同	li ge lao hu tong	4
杏东	xing dong	2
杏元村委会	xing yuan cun wei hui	2
杏南	xing nan	25
杏后	xing hou	3
杏园	xing yuan	32
杏坂社区	xing ban she qu	2
杏坛交通中心	xing tan jiao tong zhong xin	3
杏坛小学	xing tan xiao xue	5
杏坛镇政府	xing tan zhen zheng fu	6
杏宅	xing zhai	1
杏寨乡	xing zhai xiang	4
杏山	xing shan	22
杏山村	xing shan cun	1
杏山街道	xing shan jie dao	2
杏山路	xing shan lu	1
杏岭子乡	xing ling zi xiang	3
杏村村	xing cun cun	3
杏杭	xing hang	4
杏林小区	xing lin xiao qu	7
杏林街	xing lin jie	2
杏林马銮湾	xing lin ma luan wan	2
杏树岗	xing shu gang	1
杏田	xing tian	2
杏田社区	xing tian she qu	2
杏石口	xing shi kou	4
杏联中学	xing lian zhong xue	3
杏花园	xing hua yuan	1
杏花天	xing hua tian	2
杏花天胡同	xing hua tian hu tong	2
杏花岭	xing hua ling	12
杏花岭街道	xing hua ling jie dao	5
杏花苑	xing hua yuan	1
杏花街道	xing hua jie dao	5
杏花西里社区	xing hua xi li she qu	2
材料厂	cai liao chang	21
材料批发市场	cai liao pi fa shi chang	1
村下村	cun xia cun	2
村兜村	cun dou cun	3
村前	cun qian	43
村前路	cun qian lu	3
村场村	cun chang cun	3
村头坊	cun tou fang	2
村尾	cun wei	17
村尾总站	cun wei zong zhan	3
村工业区	cun gong ye qu	2
村庄村	cun zhuang cun	4
村戈	cun ge	1
村戈乡	cun ge xiang	4
杜儿坪街道	du er ping jie dao	6
杜兰庄	du lan zhuang	2
杜别克街道	du bie ke jie dao	4
杜厝村	du cuo cun	2
杜园	du yuan	2
杜园村	du yuan cun	2
杜城村	du cheng cun	1
杜家坎	du jia kan	2
杜家坎南	du jia kan nan	4
杜家坎社区	du jia kan she qu	2
杜家坪乡	du jia ping xiang	6
杜家堡	du jia bu	5
杜家岗	du jia gang	2
杜家庄	du jia zhuang	5
杜家村	du jia cun	5
杜家碾	du jia nian	2
杜家街	du jia jie	5
杜庄	du zhuang	7
杜庄村委会	du zhuang cun wei hui	2
杜店街道	du dian jie dao	3
杜志伟	du zhi wei	5
杜晓华	du xiao hua	1
杜村	du cun	13
杜杰	du jie	6
杜桥街道	du qiao jie dao	2
杜楼	du lou	4
杜永村	du yong cun	1
杜湖村	du hu cun	3
杜瓦镇	du wa zhen	5
杜甫江阁	du fu jiang ge	2
杜科	du ke	27
杜英路	du ying lu	5
杜赛尔多夫	du sai er duo fu	4
杜重远	du zhong yuan	7
杜陵东路	du ling dong lu	5
杜陵乡	du ling xiang	2
杜集	du ji	4
杜鹃路	du juan lu	6
杜鹃道	du juan dao	3
束馆镇	shu guan zhen	4
束鹿	shu lu	29
束鹿县	shu lu xian	10
条山集团	tiao shan ji tuan	3
条河乡	tiao he xiang	1
条走	tiao zou	7
来凤街	lai feng jie	6
来南	lai nan	8
来多乡	lai duo xiang	3
来安	lai an	10
来安路	lai an lu	2
来安里	lai an li	1
来宾县	lai bin xian	11
来宾市	lai bin shi	45
来广营	lai guang ying	16
来广营东路	lai guang ying dong lu	7
来广营北	lai guang ying bei	4
来广营花卉市场	lai guang ying hua hui shi chang	3
来广营西桥	lai guang ying xi qiao	2
来广营西桥东	lai guang ying xi qiao dong	2
来福门	lai fu men	4
来航	lai hang	6
来远	lai yuan	7
来阳	lai yang	4
来阳市	lai yang shi	2
来马	lai ma	10
来马乡	lai ma xiang	4
来龙村	lai long cun	2
来龙门街道	lai long men jie dao	5
杨世桥	yang shi qiao	5
杨二庄	yang er zhuang	4
杨公新村	yang gong xin cun	4
杨公村	yang gong cun	6
杨六村	yang liu cun	4
杨凌区	yang ling qu	1
杨北公路	yang bei gong lu	4
杨千河乡	yang qian he xiang	7
杨南新村	yang nan xin cun	3
杨南路	yang nan lu	1
杨厝	yang cuo	41
杨厝村	yang cuo cun	5
杨台	yang tai	5
杨台村	yang tai cun	5
杨各	yang ge	3
杨各乡	yang ge xiang	1
杨各庄	yang ge zhuang	3
杨同	yang tong	15
杨吴村	yang wu cun	2
杨和街道	yang he jie dao	2
杨园	yang yuan	2
杨园街道	yang yuan jie dao	3
杨坨	yang tuo	3
杨坪	yang ping	3
杨城村	yang cheng cun	5
杨埠乡	yang bu xiang	2
杨墩村	yang dun cun	3
杨士街道	yang shi jie dao	2
杨子华	yang zi hua	1
杨宅	yang zhai	4
杨安乡	yang an xiang	1
杨宋庄村	yang song zhuang cun	4
杨官林镇	yang guan lin zhen	2
杨家台	yang jia tai	5
杨家园	yang jia yuan	3
杨家圪台镇	yang jia ge tai zhen	3
杨家坝	yang jia ba	1
杨家坝乡	yang jia ba xiang	3
杨家坝村	yang jia ba cun	4
杨家坟	yang jia fen	1
杨家坟东口	yang jia fen dong kou	4
杨家埠	yang jia bu	14
杨家埠村	yang jia bu cun	4
杨家塘	yang jia tang	1
杨家墩	yang jia dun	5
杨家宅	yang jia zhai	1
杨家山	yang jia shan	8
杨家山村	yang jia shan cun	6
杨家岭	yang jia ling	21
杨家峪	yang jia yu	9
杨家峪街道	yang jia yu jie dao	6
杨家巷	yang jia xiang	3
杨家巷村	yang jia xiang cun	5
杨家庄	yang jia zhuang	18
杨家店村	yang jia dian cun	1
杨家庵	yang jia an	3
杨家文	yang jia wen	5
杨家来	yang jia lai	4
杨家林	yang jia lin	5
杨家桥	yang jia qiao	18
杨家河乡	yang jia he xiang	3
杨家洲	yang jia zhou	4
杨家洼	yang jia wa	5
杨家渡	yang jia du	4
杨家湾	yang jia wan	25
杨家湾村	yang jia wan cun	2
杨家牌坊	yang jia pai fang	5
杨家牌楼	yang jia pai lou	1
杨家碾	yang jia nian	3
杨家营	yang jia ying	2
杨家街	yang jia jie	2
杨家路	yang jia lu	5
杨家院	yang jia yuan	2
杨家院子	yang jia yuan zi	5
杨寨村委会	yang zhai cun wei hui	3
杨屋村	yang wu cun	29
杨屯	yang tun	7
杨山	yang shan	8
杨山村	yang shan cun	6
杨岔路	yang cha lu	1
杨岭村	yang ling cun	7
杨川	yang chuan	4
杨市街道	yang shi jie dao	2
杨广泉	yang guang quan	1
杨庄东	yang zhuang dong	5
杨庄北区社区	yang zhuang bei qu she qu	2
杨庄子	yang zhuang zi	3
杨庄小区	yang zhuang xiao qu	5
杨庄村委会	yang zhuang cun wei hui	4
杨庄村村委会	yang zhuang cun cun wei hui	3
杨庄社区	yang zhuang she qu	6
杨庄西	yang zhuang xi	3
杨庄路东口	yang zhuang lu dong kou	2
杨应君	yang ying jun	4
杨店村	yang dian cun	2
杨府山	yang fu shan	13
杨府山码头	yang fu shan ma tou	3
杨府殿	yang fu dian	3
杨建村	yang jian cun	4
杨文村	yang wen cun	3
杨昌海	yang chang hai	5
杨明宪	yang ming xian	3
杨晓冬	yang xiao dong	5
杨晶晶	yang jing jing	4
杨木坪	yang mu ping	2
杨木林镇	yang mu lin zhen	4
杨木栅子乡	yang mu zha zi xiang	3
杨木桥	yang mu qiao	2
杨村村委会	yang cun cun wei hui	3
杨村甸乡	yang cun dian xiang	4
杨林坳	yang lin ao	4
杨林寨乡	yang lin zhai xiang	6
杨林村	yang lin cun	7
杨林沟镇	yang lin gou zhen	4
杨林路	yang lin lu	1
杨柳园	yang liu yuan	2
杨柳巷	yang liu xiang	6
杨柳村	yang liu cun	9
杨柳沟	yang liu gou	3
杨柳青	yang liu qing	39
杨柳青路	yang liu qing lu	1
杨柳青镇柳口路	yang liu qing zhen liu kou lu	3
杨树岭	yang shu ling	7
杨树岭乡	yang shu ling xiang	3
杨树河村	yang shu he cun	4
杨树洼村	yang shu wa cun	2
杨树浦路	yang shu pu lu	13
杨桃树	yang tao shu	9
杨桥	yang qiao	24
杨桥大街	yang qiao da jie	2
杨桥殿镇	yang qiao dian zhen	4
杨桥畔镇	yang qiao pan zhen	5
杨桥路	yang qiao lu	8
杨梅坑	yang mei keng	32
杨梅坪	yang mei ping	3
杨梅塘	yang mei tang	5
杨梅村	yang mei cun	7
杨楼	yang lou	11
杨楼孜镇	yang lou zi zhen	2
杨楼村	yang lou cun	2
杨楼村委会	yang lou cun wei hui	2
杨汊湖	yang cha hu	5
杨汊湖小区	yang cha hu xiao qu	5
杨沟村	yang gou cun	1
杨泗庙	yang si miao	5
杨泡满族乡	yang pao man zu xiang	1
杨泰新村	yang tai xin cun	2
杨泰路	yang tai lu	6
杨洲	yang zhou	1
杨浦体育场	yang pu ti yu chang	3
杨浦大桥	yang pu da qiao	10
杨海林	yang hai lin	6
杨港	yang gang	2
杨港村	yang gang cun	3
杨湾村	yang wan cun	3
杨滘	yang jiao	4
杨玉萍	yang yu ping	7
杨秀店	yang xiu dian	3
杨竹村	yang zhu cun	2
杨米涧乡	yang mi jian xiang	3
杨舒乡	yang shu xiang	3
杨芳林乡	yang fang lin xiang	3
杨虎城将军陵园	yang hu cheng jiang jun ling yuan	4
杨谈乡	yang tan xiang	3
杨贵妃墓	yang gui fei mu	6
杨辛	yang xin	7
杨运镇	yang yun zhen	1
杨通乡	yang tong xiang	3
杨鑫路	yang xin lu	4
杨镇一中	yang zhen yi zhong	5
杨镇三街	yang zhen san jie	3
杨镇二中	yang zhen er zhong	3
杨镇地区	yang zhen di qu	1
杨闸	yang zha	7
杨闸中学	yang zha zhong xue	3
杨闸环岛东	yang zha huan dao dong	3
杨闸环岛西	yang zha huan dao xi	3
杨闸路口东	yang zha lu kou dong	3
杨闸路口南	yang zha lu kou nan	3
杨闸路口西	yang zha lu kou xi	3
杨集	yang ji	20
杨高中路	yang gao zhong lu	23
杨高路	yang gao lu	15
杭坑村	hang keng cun	2
杭大新村	hang da xin cun	2
杭大路口	hang da lu kou	4
杭富路口	hang fu lu kou	3
杭州乐园	hang zhou le yuan	29
杭州市上城区秋涛路	hang zhou shi shang cheng qu qiu tao lu	2
杭州市下城区石桥路	hang zhou shi xia cheng qu shi qiao lu	2
杭州汽车城	hang zhou qi che cheng	2
杭州湾公寓	hang zhou wan gong yu	3
杭州湾围垦海堤	hang zhou wan wei ken hai di	3
杭州湾围海东侧堤	hang zhou wan wei hai dong ce di	3
杭州湾西侧堤	hang zhou wan xi ce di	3
杭州电化厂	hang zhou dian hua chang	2
杭州绿园	hang zhou lv yuan	2
杭州花圃	hang zhou hua pu	1
杭州解百	hang zhou jie bai	3
杭州路	hang zhou lu	21
杭州路街道	hang zhou lu jie dao	5
杭州道	hang zhou dao	1
杭州野生动物世界	hang zhou ye sheng dong wu shi jie	8
杭州陶瓷品市场	hang zhou tao ci pin shi chang	6
杭州高级中学	hang zhou gao ji zhong xue	17
杭氧	hang yang	13
杭氧社区	hang yang she qu	3
杭玻	hang bo	3
杭盖办事处	hang gai ban shi chu	3
杭边村	hang bian cun	2
杭钢生活区	hang gang sheng huo qu	5
杭长桥	hang chang qiao	1
杭长桥南路	hang chang qiao nan lu	3
杰兴镇	jie xing zhen	4
杰贝阿里	jie bei a li	9
杵坭	chu ni	3
杵坭乡	chu ni xiang	5
松下站	song xia zhan	1
松元村	song yuan cun	6
松光	song guang	5
松兰堡	song lan bao	1
松台	song tai	11
松各庄村	song ge zhuang cun	2
松合村	song he cun	2
松园小区	song yuan xiao qu	4
松园村	song yuan cun	4
松园社区	song yuan she qu	4
松园路	song yuan lu	2
松坑	song keng	2
松坑村	song keng cun	3
松坪中学	song ping zhong xue	2
松坪山	song ping shan	6
松城镇	song cheng zhen	5
松基三井	song ji san jing	17
松多	song duo	6
松多乡	song duo xiang	4
松多藏族乡	song duo zang zu xiang	2
松山村	song shan cun	17
松山湖管委会	song shan hu guan wei hui	1
松山路口	song shan lu kou	4
松岩	song yan	21
松岭	song ling	26
松岭村	song ling cun	6
松峰乡	song feng xiang	1
松庄村	song zhuang cun	5
松木场	song mu chang	15
松村村	song cun cun	2
松杨	song yang	7
松林口	song lin kou	1
松林小学	song lin xiao xue	3
松林湾	song lin wan	5
松林社区	song lin she qu	4
松林谷	song lin gu	4
松林里	song lin li	1
松林里社区	song lin li she qu	3
松柏村	song bai cun	3
松柏胡同	song bai hu tong	2
松柏里	song bai li	2
松树台乡	song shu tai xiang	2
松树坑	song shu keng	2
松树塘	song shu tang	5
松树头	song shu tou	1
松树岗	song shu gang	2
松树岭	song shu ling	2
松树庵	song shu an	2
松树林乡	song shu lin xiang	2
松树桥	song shu qiao	3
松桂园	song gui yuan	9
松桃	song tao	35
松桃县	song tao xian	12
松桥	song qiao	21
松棚村	song peng cun	3
松榆东里	song yu dong li	1
松榆东里南门	song yu dong li nan men	3
松榆西里	song yu xi li	6
松榆里	song yu li	3
松江县	song jiang xian	36
松江路	song jiang lu	16
松江里	song jiang li	3
松泉山庄	song quan shan zhuang	4
松洲街道	song zhou jie dao	6
松活	song huo	8
松海苑	song hai yuan	3
松湖	song hu	10
松溉	song gai	2
松溉镇	song gai zhen	6
松溪乡	song xi xiang	3
松溪村	song xi cun	5
松滋县	song zi xian	34
松滋市	song zi shi	9
松潘路	song pan lu	5
松花江中学	song hua jiang zhong xue	5
松花江路	song hua jiang lu	5
松茂村	song mao cun	3
松裕	song yu	6
松青经营所	song qing jing ying suo	2
松风路	song feng lu	2
松麦镇	song mai zhen	3
板井	ban jing	11
板凳乡	ban deng xiang	4
板升乡	ban sheng xiang	6
板厂南里社区	ban chang nan li she qu	3
板厂胡同	ban chang hu tong	1
板塘	ban tang	12
板塘区	ban tang qu	1
板岭	ban ling	2
板岭乡	ban ling xiang	1
板庙乡	ban miao xiang	2
板庚乡	ban geng xiang	2
板板桥	ban ban qiao	2
板栗垭乡	ban li ya xiang	3
板栗湾	ban li wan	3
板桂街	ban gui jie	3
板桥子	ban qiao zi	2
板桥工业区	ban qiao gong ye qu	2
板桥市	ban qiao shi	31
板桥河	ban qiao he	8
板桥胡同	ban qiao hu tong	1
板桥路口	ban qiao lu kou	5
板樟山	ban zhang shan	2
板江	ban jiang	1
板江乡	ban jiang xiang	3
板洞村	ban dong cun	2
板溪村	ban xi cun	3
板溪林场	ban xi lin chang	2
板章路	ban zhang lu	6
极乐庵	ji le an	3
极孝	ji xiao	1
极速网吧	ji su wang ba	6
构朳镇	gou ba zhen	2
枇杷塘	pi pa tang	5
枋湖	fang hu	6
枕峰	zhen feng	2
林上	lin shang	8
林下林场	lin xia lin chang	3
林业大学	lin ye da xue	48
林业站	lin ye zhan	7
林东村	lin dong cun	3
林丰	lin feng	16
林丰村	lin feng cun	4
林之语嘉园	lin zhi yu jia yuan	2
林产品市场	lin chan pin shi chang	5
林亭口镇	lin ting kou zhen	1
林兆路	lin zhao lu	2
林农镇	lin nong zhen	3
林冲乡	lin chong xiang	5
林则徐纪念馆	lin ze xu ji nian guan	2
林卡乡	lin ka xiang	4
林口村	lin kou cun	4
林口林业局	lin kou lin ye ju	2
林口社区	lin kou she qu	2
林周	lin zhou	6
林和地	lin he di	3
林和街道	lin he jie dao	6
林和西	lin he xi	20
林园村	lin yuan cun	3
林园路	lin yuan lu	3
林地村	lin di cun	2
林场公司	lin chang gong si	4
林坑	lin keng	5
林坑村	lin keng cun	5
林坦镇	lin tan zhen	4
林垟镇	lin yang zhen	1
林堡乡	lin bao xiang	3
林堤乡	lin di xiang	2
林塘	lin tang	2
林大北路东口	lin da bei lu dong kou	5
林头市场	lin tou shi chang	2
林头村	lin tou cun	2
林家坝	lin jia ba	1
林家坪镇	lin jia ping zhen	7
林家村	lin jia cun	1
林家湾	lin jia wan	1
林家祠	lin jia ci	2
林家院子	lin jia yuan zi	4
林屋	lin wu	21
林山寨街道	lin shan zhai jie dao	7
林山居委会	lin shan ju wei hui	3
林山村	lin shan cun	4
林岙	lin ao	3
林岭	lin ling	5
林岭村	lin ling cun	2
林川乡	lin chuan xiang	1
林州市	lin zhou shi	33
林庄村	lin zhuang cun	5
林庙	lin miao	5
林景瑞园	lin jing rui yuan	5
林木种苗场	lin mu zhong miao chang	2
林李	lin li	7
林柄村	lin bing cun	3
林查班	lin cha ban	7
林校路	lin xiao lu	1
林格庄	lin ge zhuang	2
林桥	lin qiao	15
林梓	lin zi	30
林河开发区	lin he kai fa qu	5
林泉山庄	lin quan shan zhuang	3
林浦水闸	lin pu shui zha	3
林海街	lin hai jie	3
林湾公交站	lin wan gong jiao zhan	4
林湾村	lin wan cun	5
林源	lin yuan	15
林甸	lin dian	22
林皋乡	lin gao xiang	3
林科所	lin ke suo	1
林美	lin mei	6
林芝县八一镇	lin zhi xian ba yi zhen	4
林苗圃	lin miao pu	3
林荫中街	lin yin zhong jie	6
林荫家园社区	lin yin jia yuan she qu	2
林荫街	lin yin jie	8
林萃路	lin cui lu	3
林街乡	lin jie xiang	2
林西路	lin xi lu	1
林遮峪乡	lin zhe yu xiang	2
林里乡	lin li xiang	2
果各庄	guo ge zhuang	4
果品厂	guo pin chang	4
果品市场	guo pin shi chang	2
果园东路	guo yuan dong lu	3
果园北区	guo yuan bei qu	2
果园北道	guo yuan bei dao	3
果园南道	guo yuan nan dao	3
果园巷	guo yuan xiang	3
果园新村	guo yuan xin cun	6
果园新里北区社区	guo yuan xin li bei qu she qu	2
果园西里社区	guo yuan xi li she qu	4
果场	guo chang	10
果多	guo duo	8
果子厂	guo zi chang	4
果子山	guo zi shan	4
果子巷	guo zi xiang	4
果子市	guo zi shi	4
果子市社区	guo zi shi she qu	2
果子沟牧场	guo zi gou mu chang	5
果子洼	guo zi wa	4
果房	guo fang	4
果批发市场	guo pi fa shi chang	2
果林场	guo lin chang	5
果树场	guo shu chang	5
果样	guo yang	5
果洛州	guo luo zhou	11
果洲群岛	guo zhou qun dao	11
果菜批发市场	guo cai pi fa shi chang	5
果遂乡	guo sui xiang	2
枝城	zhi cheng	8
枝城市	zhi cheng shi	3
枝柘坪	zhi zhe ping	2
枝江市	zhi jiang shi	13
枣园	zao yuan	40
枣园东里小区	zao yuan dong li xiao qu	3
枣园刘村	zao yuan liu cun	6
枣园北里	zao yuan bei li	4
枣园小区	zao yuan xiao qu	7
枣园路口北	zao yuan lu kou bei	3
枣坑	zao keng	4
枣坑村	zao keng cun	4
枣子园	zao zi yuan	6
枣子巷	zao zi xiang	7
枣子村	zao zi cun	1
枣岭	zao ling	1
枣岭村	zao ling cun	4
枣庄峄县	zao zhuang yi xian	2
枣庄峄城	zao zhuang yi cheng	6
枣庄市峄城	zao zhuang shi yi cheng	4
枣庄市峄城区	zao zhuang shi yi cheng qu	10
枣庄路	zao zhuang lu	5
枣林	zao lin	37
枣林前街	zao lin qian jie	1
枣林庄	zao lin zhuang	4
枣林庄村	zao lin zhuang cun	5
枣林路	zao lin lu	6
枣树林	zao shu lin	2
枣营北里	zao ying bei li	6
枣营路北口	zao ying lu bei kou	3
枣阳县	zao yang xian	18
枣阳市	zao yang shi	12
枧底镇	jian di zhen	1
枧槽苗族乡	jian cao miao zu xiang	4
枧田街乡	jian tian jie xiang	4
枨冲	cheng chong	7
枪厂	qiang chang	10
枫丹雅苑	feng dan ya yuan	5
枫华府第	feng hua fu di	6
枫南小区	feng nan xiao qu	3
枫叶新都市	feng ye xin du shi	1
枫叶苑	feng ye yuan	5
枫坪村	feng ping cun	1
枫情国度尚园	feng qing guo du shang yuan	2
枫木团苗族侗族乡	feng mu tuan miao zu dong zu xiang	3
枫木桥	feng mu qiao	6
枫林村	feng lin cun	2
枫林绿洲	feng lin lv zhou	5
枫林绿洲西门	feng lin lv zhou xi men	1
枫林路	feng lin lu	10
枫树下	feng shu xia	3
枫树坪	feng shu ping	1
枫树山	feng shu shan	1
枫树村	feng shu cun	2
枫树湾村	feng shu wan cun	2
枫树维吾尔族回族乡	feng shu wei wu er zu hui zu xiang	5
枫栖东路	feng qi dong lu	3
枫桥路	feng qiao lu	2
枫桥雅筑	feng qiao ya zhu	3
枫泾镇	feng jing zhen	19
枫港乡	feng gang xiang	2
枫湾	feng wan	7
枫溪街道	feng xi jie dao	1
枫相乡	feng xiang xiang	5
枫逸人家	feng yi ren jia	3
枫香岗乡	feng xiang gang xiang	4
枫香村	feng xiang cun	1
枯柳树	ku liu shu	3
枯柳树环岛	ku liu shu huan dao	7
枯桃	ku tao	7
枯饼巷	ku bing xiang	2
枳沟	zhi gou	4
架科底乡	jia ke di xiang	4
枸桔弄	gou ju long	8
柏加	bai jia	25
柏台	bai tai	14
柏叶	bai ye	14
柏叶村	bai ye cun	5
柏坡	bai po	6
柏城	bai cheng	4
柏孜克里克	bai zi ke li ke	9
柏寺营乡	bai si ying xiang	2
柏山寺乡	bai shan si xiang	3
柏山村	bai shan cun	5
柏岩乡	bai yan xiang	2
柏峪寺乡	bai yu si xiang	2
柏木村	bai mu cun	4
柏杨坪村	bai yang ping cun	2
柏杨河哈萨克族乡	bai yang he ha sa ke zu xiang	3
柏林胡同	bai lin hu tong	4
柏果树	bai guo shu	1
柏枝溪	bai zhi xi	5
柏树下	bai shu xia	6
柏树头	bai shu tou	3
柏树庄	bai shu zhuang	1
柏树村	bai shu cun	3
柏树林	bai shu lin	3
柏树胡同	bai shu hu tong	1
柏溪	bai xi	5
柏溪村	bai xi cun	4
柏露乡	bai lu xiang	3
柏鹤集乡	bai he ji xiang	4
柑仔园	gan zi yuan	16
柑园	gan yuan	10
柑子园	gan zi yuan	5
柑子园乡	gan zi yuan xiang	2
柑市	gan shi	3
柑树下	gan shu xia	3
柑桔场	gan ju chang	1
柑桔示范场	gan ju shi fan chang	2
柑梓树	gan zi shu	3
染料市场	ran liao shi chang	3
柔佛巴鲁	rou fo ba lu	4
柘坪	zhe ping	2
柘山	zhe shan	2
柘庄	zhe zhuang	4
柘木村	zhe mu cun	3
柘林	zhe lin	35
柘港乡	zhe gang xiang	3
柘溪	zhe xi	2
柘溪村	zhe xi cun	4
柘溪林场	zhe xi lin chang	4
柘皋镇	zhe gao zhen	1
柘荣	zhe rong	24
柚山	you shan	2
柚柑树	you gan shu	3
柞村	zha cun	1
柞水	zha shui	28
柠溪	ning xi	16
柠溪市场	ning xi shi chang	4
查务乡	zha wu xiang	3
查干哈达	cha gan ha da	5
查干淖尔镇	cha gan nao er zhen	2
查当乡	cha dang xiang	4
查旦乡	cha dan xiang	4
查查香卡农场	cha cha xiang ka nong chang	2
查汗采开乡	cha han cai kai xiang	5
查理乡	cha li xiang	4
查龙	cha long	5
查龙乡	cha long xiang	1
柯华桥	ke hua qiao	2
柯厝村	ke cuo cun	3
柯坪	ke ping	17
柯城	ke cheng	1
柯城区政府	ke cheng qu zheng fu	5
柯子岭	ke zi ling	7
柯家	ke jia	17
柯家寨	ke jia zhai	3
柯岩风景区	ke yan feng jing qu	4
柯拉乡	ke la xiang	3
柯曲镇	ke qu zhen	4
柯柯里乡	ke ke li xiang	2
柯桥中学	ke qiao zhong xue	2
柯桥镇	ke qiao zhen	1
柯河乡	ke he xiang	3
柯洛洞	ke luo dong	4
柯洛洞乡	ke luo dong xiang	3
柯生乡	ke sheng xiang	1
柯街华侨农场	ke jie hua qiao nong chang	4
柯鲁柯镇	ke lu ke zhen	3
柯麟	ke lin	2
柳上	liu shang	4
柳且乡	liu qie xiang	2
柳东	liu dong	10
柳亭	liu ting	2
柳仓街	liu cang jie	3
柳倩	liu qian	5
柳兴路	liu xing lu	3
柳北	liu bei	18
柳南	liu nan	17
柳厝村	liu cuo cun	2
柳各庄	liu ge zhuang	3
柳圣乡	liu sheng xiang	3
柳堡村	liu bao cun	3
柳塘	liu tang	25
柳子河	liu zi he	3
柳家河	liu jia he	1
柳山	liu shan	9
柳山村	liu shan cun	6
柳峰乡	liu feng xiang	1
柳州南路	liu zhou nan lu	5
柳州路	liu zhou lu	9
柳市	liu shi	39
柳庄村	liu zhuang cun	1
柳影街道	liu ying jie dao	4
柳影路	liu ying lu	1
柳条沟	liu tiao gou	3
柳条路	liu tiao lu	4
柳杭	liu hang	4
柳林桥	liu lin qiao	2
柳林路	liu lin lu	1
柳林馆	liu lin guan	4
柳林馆路	liu lin guan lu	5
柳树井	liu shu jing	6
柳树屯	liu shu tun	1
柳树沟乡	liu shu gou xiang	4
柳树湾	liu shu wan	2
柳树胡同	liu shu hu tong	2
柳树酄镇	liu shu huan zhen	2
柳桥	liu qiao	43
柳毛湾镇	liu mao wan zhen	5
柳汀立交桥	liu ting li jiao qiao	4
柳汀街	liu ting jie	2
柳江路	liu jiang lu	6
柳沟	liu gou	35
柳泉	liu quan	14
柳泉路	liu quan lu	7
柳泉铺乡	liu quan pu xiang	3
柳洪乡	liu hong xiang	4
柳浪游泳场	liu lang you yong chang	3
柳溪村	liu xi cun	5
柳溪街口	liu xi jie kou	4
柳琴戏	liu qin xi	2
柳疃镇	liu tuan zhen	1
柳盛道	liu sheng dao	3
柳罐胡同	liu guan hu tong	3
柳芳北街	liu fang bei jie	6
柳芳北里	liu fang bei li	5
柳芳南里	liu fang nan li	5
柳荫街	liu yin jie	5
柳荫路	liu yin lu	4
柳营社区	liu ying she qu	4
柳营花园	liu ying hua yuan	2
柳营路	liu ying lu	3
柳薄乡	liu bo xiang	5
柳行	liu hang	7
柳西新村	liu xi xin cun	2
柳集乡	liu ji xiang	2
柳青路	liu qing lu	5
柳黄乡	liu huang xiang	4
柴关乡	chai guan xiang	2
柴厂屯镇	chai chang tun zhen	2
柴堆乡	chai dui xiang	3
柴塔村	chai ta cun	1
柴家	chai jia	12
柴家庄	chai jia zhuang	4
柴家浜	chai jia bang	3
柴家门乡	chai jia men xiang	3
柴岗镇	chai gang zhen	2
柴村	chai cun	13
柴林花园	chai lin hua yuan	4
柴桥头	chai qiao tou	24
柴棒胡同	chai bang hu tong	3
柴棚	chai peng	2
柴沟	chai gou	10
柴沟堡	chai gou bu	10
柴油车	chai you che	43
柴湾村	chai wan cun	4
柴登	chai deng	3
柴窝堡	chai wo pu	1
柴窝堡管委会	chai wo pu guan wei hui	3
柴窝铺	chai wo pu	5
柴胡同	chai hu tong	3
柴达木嘎查	chai da mu ga cha	4
柴达木监狱	chai da mu jian yu	4
柿子园	shi zi yuan	7
柿子巷	shi zi xiang	1
柿庄镇	shi zhuang zhen	1
柿树岭村	shi shu ling cun	3
柿溪乡	shi xi xiang	7
柿铺街道	shi pu jie dao	4
栅下	zha xia	2
栅堰新村	zha yan xin cun	2
栅子街	zha zi jie	4
栅桥	zha qiao	3
栅浦	zha pu	3
标杆胡同	biao gan hu tong	1
标营	biao ying	16
栏杆街道	lan gan jie dao	3
树人学校	shu ren xue xiao	36
树兜	shu dou	1
树兜社区	shu dou she qu	3
树勋	shu xun	38
树北	shu bei	5
树台乡	shu tai xiang	4
树坪乡	shu ping xiang	2
树德学校	shu de xue xiao	1
树德里	shu de li	4
树木岭	shu mu ling	8
树木岭路	shu mu ling lu	1
树村社区	shu cun she qu	2
树林子乡	shu lin zi xiang	3
树林市	shu lin shi	4
树生桥	shu sheng qiao	3
树脂厂	shu zhi chang	3
树行	shu hang	5
栓马庄	shuan ma zhuang	2
栖凤楼	qi feng lou	1
栖凤路	qi feng lu	7
栖化新村	qi hua xin cun	4
栖园	qi yuan	5
栖山路	qi shan lu	13
栖霞区技术经济开发区	qi xia qu ji shu jing ji kai fa qu	2
栖霞县	qi xia xian	19
栖霞寺	qi xia si	17
栖霞山庄	qi xia shan zhuang	4
栖霞市	qi xia shi	35
栖霞街	qi xia jie	3
栖霞路	qi xia lu	4
栗园庄	li yuan zhuang	3
栗坪乡	li ping xiang	3
栗子坝乡	li zi ba xiang	2
栗子坪	li zi ping	2
栗子坪彝族乡	li zi ping yi zu xiang	3
栗家村	li jia cun	3
栗山坡	li shan po	3
栗山村	li shan cun	3
栗山河乡	li shan he xiang	2
栗庄村	li zhuang cun	3
栗木	li mu	12
栗林乡	li lin xiang	2
栗林村	li lin cun	2
栗树村	li shu cun	4
栗江村	li jiang cun	2
栗雨街道	li yu jie dao	5
校北	xiao bei	7
校团委	xiao tuan wei	48
校场口	xiao chang kou	5
校场口胡同	xiao chang kou hu tong	4
校尉胡同	xiao wei hu tong	4
校尉营	xiao wei ying	1
校林	xiao lin	1
校正街	jiao zheng jie	3
校河	xiao he	2
校西	xiao xi	7
株州市	zhu zhou shi	5
株木桥	zhu mu qiao	3
株树桥	zhu shu qiao	8
株溪村	zhu xi cun	2
栲栳	kao lao	8
栲栳镇	kao lao zhen	4
样本小区	yang ben xiao qu	5
样田乡	yang tian xiang	4
核二院社区	he er yuan she qu	4
核学会	he xue hui	10
核情报所社区	he qing bao suo she qu	3
核桃园	he tao yuan	5
核桃园东街	he tao yuan dong jie	3
核桃园乡	he tao yuan xiang	4
核桃园村	he tao yuan cun	1
核桃庄乡	he tao zhuang xiang	1
核桃林场	he tao lin chang	4
核桃湾	he tao wan	4
核电花园	he dian hua yuan	3
根德营子乡	gen de ying zi xiang	2
根松	gen song	10
根河市	gen he shi	13
格中	ge zhong	9
格中村	ge zhong cun	2
格兰仕厂	ge lan shi chang	3
格兰杰默斯	ge lan jie mo si	3
格内村	ge nei cun	2
格力地产	ge li di chan	4
格力电器	ge li dian qi	22
格后	ge hou	4
格塘	ge tang	2
格头	ge tou	4
格头村	ge tou cun	2
格子里	ge zi li	15
格孟乡	ge meng xiang	4
格宗	ge zong	4
格宗乡	ge zong xiang	2
格尔木市	ge er mu shi	33
格日勒敖都苏木	ge ri le ao du su mu	4
格村	ge cun	34
格林美地	ge lin mei di	4
格瑞雅居	ge rui ya ju	4
格瑞雅居小区	ge rui ya ju xiao qu	3
格田	ge tian	5
格畈一区	ge fan yi qu	2
格老子	ge lao zi	5
格萨尔王传	ge sa er wang zhuan	3
格西乡	ge xi xiang	5
栾城	luan cheng	49
栾家庄	luan jia zhuang	1
桂东	gui dong	49
桂中	gui zhong	17
桂元路	gui yuan lu	5
桂华村	gui hua cun	2
桂园小学	gui yuan xiao xue	6
桂园路	gui yuan lu	7
桂圆街	gui yuan jie	2
桂城加油站	gui cheng jia you zhan	4
桂埔	gui pu	3
桂塘镇	gui tang zhen	6
桂家宅	gui jia zhai	2
桂家村	gui jia cun	2
桂山大酒店	gui shan da jiu dian	3
桂山岛	gui shan dao	12
桂山社区	gui shan she qu	2
桂巷新村	gui xiang xin cun	3
桂平县	gui ping xian	37
桂平小区	gui ping xiao qu	2
桂平市	gui ping shi	20
桂平路	gui ping lu	3
桂平镇	gui ping zhen	1
桂庙新村	gui miao xin cun	3
桂林东街	gui lin dong jie	1
桂林中学	gui lin zhong xue	7
桂林公园	gui lin gong yuan	5
桂林医学院	gui lin yi xue yuan	6
桂林南路	gui lin nan lu	3
桂林宾馆	gui lin bin guan	1
桂林工学院	gui lin gong xue yuan	5
桂林旅游学院	gui lin lv you xue yuan	2
桂林旅游高等专科学校	gui lin lv you gao deng zhuan ke xue xiao	5
桂林日报	gui lin ri bao	6
桂林晚报	gui lin wan bao	2
桂林村	gui lin cun	1
桂林电子科技大学	gui lin dian zi ke ji da xue	8
桂林街	gui lin jie	24
桂林西街	gui lin xi jie	5
桂林路田林路	gui lin lu tian lin lu	3
桂果路	gui guo lu	3
桂果镇	gui guo zhen	4
桂格	gui ge	30
桂江路	gui jiang lu	2
桂洋	gui yang	4
桂洲	gui zhou	7
桂洲中学	gui zhou zhong xue	1
桂洲长	gui zhou chang	2
桂湖	gui hu	4
桂溪	gui xi	6
桂溪公交站	gui xi gong jiao zhan	7
桂溪街道	gui xi jie dao	6
桂王桥	gui wang qiao	6
桂电	gui dian	25
桂畔小学	gui pan xiao xue	3
桂畔路	gui pan lu	4
桂竹园	gui zhu yuan	3
桂箐路	gui qing lu	3
桂花中	gui hua zhong	5
桂花井	gui hua jing	1
桂花北	gui hua bei	3
桂花园	gui hua yuan	4
桂花园乡	gui hua yuan xiang	5
桂花城	gui hua cheng	12
桂花岗	gui hua gang	13
桂花巷	gui hua xiang	15
桂花并	gui hua bing	4
桂花村	gui hua cun	2
桂花林	gui hua lin	7
桂花胡同	gui hua hu tong	2
桂花街	gui hua jie	2
桂花路	gui hua lu	4
桂苑路	gui yuan lu	5
桂菁路	gui jing lu	1
桂西	gui xi	11
桂路	gui lu	13
桂阳村	gui yang cun	5
桂阳郡	gui yang jun	30
桂集	gui ji	4
桂香楼	gui xiang lou	2
桃三	tao san	8
桃东	tao dong	1
桃仙街	tao xian jie	4
桃北	tao bei	6
桃南街道	tao nan jie dao	2
桃叶渡	tao ye du	2
桃园一巷	tao yuan yi xiang	6
桃园三巷	tao yuan san xiang	1
桃园二巷	tao yuan er xiang	7
桃园北路	tao yuan bei lu	9
桃园四巷	tao yuan si xiang	1
桃园堡	tao yuan bao	3
桃园小区	tao yuan xiao qu	1
桃园居	tao yuan ju	6
桃园居委会	tao yuan ju wei hui	3
桃园新村	tao yuan xin cun	7
桃园村大街	tao yuan cun da jie	2
桃园村委会	tao yuan cun wei hui	1
桃园路	tao yuan lu	9
桃坞路	tao wu lu	3
桃坪	tao ping	3
桃坪村	tao ping cun	5
桃城	tao cheng	18
桃城社区	tao cheng she qu	3
桃子园	tao zi yuan	15
桃子坑	tao zi keng	3
桃子坪	tao zi ping	5
桃子湖	tao zi hu	7
桃子湖路	tao zi hu lu	7
桃峪口	tao yu kou	4
桃峪山庄	tao yu shan zhuang	3
桃李园	tao li yuan	21
桃李村	tao li cun	1
桃村	tao cun	8
桃条胡同	tao tiao hu tong	3
桃林	tao lin	41
桃林路	tao lin lu	6
桃棚村	tao peng cun	3
桃江路	tao jiang lu	3
桃沟村	tao gou cun	3
桃洼	tao wa	4
桃浦七村	tao pu qi cun	1
桃浦公路	tao pu gong lu	3
桃浦六村	tao pu liu cun	4
桃浦十村	tao pu shi cun	4
桃浦新村	tao pu xin cun	6
桃浦西路	tao pu xi lu	6
桃浦路	tao pu lu	4
桃渡路	tao du lu	3
桃湾	tao wan	2
桃源居	tao yuan ju	8
桃源山庄	tao yuan shan zhuang	4
桃源村	tao yuan cun	20
桃源桥	tao yuan qiao	2
桃源洞	tao yuan dong	9
桃源街	tao yuan jie	10
桃源路	tao yuan lu	16
桃溪	tao xi	16
桃溪社区	tao xi she qu	3
桃矿街道	tao kuang jie dao	4
桃红坡镇	tao hong po zhen	5
桃美村	tao mei cun	2
桃舟	tao zhou	4
桃舟村	tao zhou cun	2
桃花井	tao hua jing	2
桃花冲林场	tao hua chong lin chang	1
桃花堤	tao hua di	2
桃花小学	tao hua xiao xue	5
桃花山庄	tao hua shan zhuang	2
桃花村	tao hua cun	8
桃花江	tao hua jiang	7
桃花路	tao hua lu	4
桃莲	tao lian	2
桃蹊路街道	tao qi lu jie dao	7
桃金坑	tao jin keng	2
桃龙藏族乡	tao long zang zu xiang	4
桐乡县	tong xiang xian	39
桐乡市	tong xiang shi	27
桐口	tong kou	2
桐坑村	tong keng cun	3
桐坞村	tong wu cun	6
桐城市	tong cheng shi	38
桐城路	tong cheng lu	2
桐子排	tong zi pai	4
桐山街道	tong shan jie dao	1
桐岭	tong ling	10
桐庐镇	tong lu zhen	2
桐木山	tong mu shan	3
桐木溪乡	tong mu xi xiang	4
桐木漯瑶族乡	tong mu luo yao zu xiang	2
桐杭村	tong hang cun	2
桐林	tong lin	21
桐林村	tong lin cun	5
桐柏路	tong bai lu	22
桐树下	tong shu xia	4
桐树坪	tong shu ping	2
桐桥	tong qiao	4
桐梓坡	tong zi po	2
桐梓坡路	tong zi po lu	1
桐梓林	tong zi lin	44
桐梓林东路	tong zi lin dong lu	1
桐梓林南路	tong zi lin nan lu	1
桐梓林小区	tong zi lin xiao qu	5
桐梓胡同	tong zi hu tong	4
桐楼乡	tong lou xiang	3
桐湖农场	tong hu nong chang	3
桐溪村	tong xi cun	4
桐荫里	tong yin li	6
桑周	sang zhou	2
桑固乡	sang gu xiang	1
桑坝乡	sang ba xiang	3
桑堆	sang dui	2
桑塔木农场	sang ta mu nong chang	3
桑壁镇	sang bi zhen	3
桑宝拉格苏木	sang bao la ge su mu	3
桑家	sang jia	6
桑日镇	sang ri zhen	4
桑日麻乡	sang ri ma xiang	5
桑桑镇	sang sang zhen	1
桑耶镇	sang ye zhen	4
桑荣乡	sang rong xiang	3
桑郎镇	sang lang zhen	1
桑马房村	sang ma fang cun	3
桑麻	sang ma	9
桑麻工业区	sang ma gong ye qu	2
桔乡大道	ju xiang da dao	2
桔儿胡同	ju er hu tong	2
桔园小区	ju yuan xiao qu	7
桔城路	ju cheng lu	2
桕联村	jiu lian cun	2
桤泉乡	qi quan xiang	3
桥东村	qiao dong cun	4
桥东街西口	qiao dong jie xi kou	3
桥中	qiao zhong	35
桥中街道	qiao zhong jie dao	4
桥亭村	qiao ting cun	2
桥仔头	qiao zai tou	44
桥儿头	qiao er tou	2
桥内	qiao nei	4
桥冲	qiao chong	7
桥北头	qiao bei tou	2
桥北街道	qiao bei jie dao	1
桥北镇	qiao bei zhen	2
桥南办	qiao nan ban	2
桥南商场	qiao nan shang chang	3
桥南村	qiao nan cun	4
桥南环岛	qiao nan huan dao	4
桥南社区	qiao nan she qu	2
桥南街道办事处	qiao nan jie dao ban shi chu	4
桥口	qiao kou	44
桥口村	qiao kou cun	2
桥园	qiao yuan	7
桥园路	qiao yuan lu	2
桥坑	qiao keng	1
桥塘村	qiao tang cun	3
桥头区	qiao tou qu	44
桥头溪乡	qiao tou xi xiang	2
桥头营	qiao tou ying	2
桥头街	qiao tou jie	4
桥头铺	qiao tou pu	5
桥头铺镇	qiao tou pu zhen	5
桥收费站	qiao shou fei zhan	6
桥梁厂	qiao liang chang	13
桥梁名称	qiao liang ming cheng	6
桥梓	qiao zi	7
桥梓口	qiao zi kou	5
桥河岔乡	qiao he cha xiang	2
桥港	qiao gang	31
桥湾	qiao wan	4
桥自湾乡	qiao zi wan xiang	3
桥西公园	qiao xi gong yuan	3
桥西村	qiao xi cun	2
桥边村	qiao bian cun	4
桥驿	qiao yi	16
桥龙乡	qiao long xiang	2
桦南	hua nan	43
桦南林业局	hua nan lin ye ju	4
桦川	hua chuan	24
桦林	hua lin	8
桦林园	hua lin yuan	4
桦甸县	hua dian xian	2
桦甸市	hua dian shi	28
桦皮羌子林场	hua pi qiang zi lin chang	3
桶车乡	tong che xiang	6
梁东村	liang dong cun	4
梁乙村	liang yi cun	2
梁二庄乡	liang er zhuang xiang	3
梁公庵	liang gong an	5
梁厝	liang cuo	5
梁原乡	liang yuan xiang	4
梁各庄	liang ge zhuang	6
梁园	liang yuan	15
梁园小区	liang yuan xiao qu	3
梁头	liang tou	5
梁宝寺镇	liang bao si zhen	2
梁家务	liang jia wu	5
梁家务村	liang jia wu cun	4
梁家坝	liang jia ba	4
梁家坪乡	liang jia ping xiang	3
梁家巷	liang jia xiang	9
梁家店	liang jia dian	2
梁家村	liang jia cun	1
梁家潭乡	liang jia tan xiang	6
梁小敏	liang xiao min	4
梁市	liang shi	32
梁庄	liang zhuang	17
梁才街道	liang cai jie dao	2
梁春	liang chun	38
梁沟	liang gou	4
梁溪大桥	liang xi da qiao	4
梁溪路	liang xi lu	1
梁石桥	liang shi qiao	2
梁祝公园	liang zhu gong yuan	1
梁西村	liang xi cun	3
梁邱	liang qiu	1
梁銶琚中学	liang qiu ju zhong xue	3
梁銶琚夫人幼儿园	liang qiu ju fu ren you er yuan	3
梁集乡	liang ji xiang	3
梁霞	liang xia	6
梁青路	liang qing lu	2
梅三路	mei san lu	2
梅东村	mei dong cun	7
梅丽路	mei li lu	1
梅亭	mei ting	11
梅亭村	mei ting cun	3
梅仙	mei xian	3
梅县市	mei xian shi	4
梅园小区	mei yuan xiao qu	1
梅园庄街道	mei yuan zhuang jie dao	2
梅园新村	mei yuan xin cun	15
梅园村	mei yuan cun	9
梅园路	mei yuan lu	3
梅坞农居	mei wu nong ju	2
梅坞口	mei wu kou	3
梅坪乡	mei ping xiang	4
梅埠街道	mei bu jie dao	1
梅塘	mei tang	23
梅塘村	mei tang cun	6
梅墟	mei xu	5
梅子坑	mei zi keng	4
梅子坪乡	mei zi ping xiang	2
梅子垭	mei zi ya	1
梅子山	mei zi shan	7
梅家	mei jia	8
梅家坞	mei jia wu	10
梅家河	mei jia he	4
梅家湾	mei jia wan	4
梅山中学	mei shan zhong xue	1
梅山乡政府	mei shan xiang zheng fu	2
梅山村	mei shan cun	5
梅山社区	mei shan she qu	4
梅山路	mei shan lu	1
梅山路口	mei shan lu kou	4
梅屿	mei yu	3
梅岐乡	mei qi xiang	4
梅岗南街	mei gang nan jie	6
梅岙	mei ao	1
梅岭村	mei ling cun	2
梅峰宾馆	mei feng bin guan	4
梅峰村	mei feng cun	3
梅峰社区	mei feng she qu	2
梅川新村	mei chuan xin cun	2
梅川路	mei chuan lu	2
梅市	mei shi	11
梅市口	mei shi kou	5
梅市口南站	mei shi kou nan zhan	2
梅市口路	mei shi kou lu	1
梅市村	mei shi cun	2
梅庄	mei zhuang	21
梅庄村	mei zhuang cun	1
梅建	mei jian	1
梅所屯村	mei suo tun cun	4
梅新	mei xin	8
梅星	mei xing	1
梅星村	mei xing cun	1
梅村村	mei cun cun	2
梅村路	mei cun lu	1
梅林一村	mei lin yi cun	9
梅林北路	mei lin bei lu	3
梅林医院	mei lin yi yuan	6
梅林村	mei lin cun	1
梅林检查站	mei lin jian cha zhan	8
梅林水厂	mei lin shui chang	5
梅林码头	mei lin ma tou	3
梅林联检站	mei lin lian jian zhan	5
梅林路	mei lin lu	26
梅树	mei shu	42
梅树下	mei shu xia	1
梅树乡	mei shu xiang	3
梅欣	mei xin	14
梅江	mei jiang	47
梅江道	mei jiang dao	2
梅沟营	mei gou ying	3
梅河	mei he	25
梅河口市	mei he kou shi	11
梅洞村	mei dong cun	5
梅洲乡	mei zhou xiang	1
梅湾街道	mei wan jie dao	5
梅溪	mei xi	31
梅溪村	mei xi cun	7
梅溪牌坊	mei xi pai fang	6
梅溪路	mei xi lu	2
梅灵南路	mei ling nan lu	7
梅田湖镇	mei tian hu zhen	4
梅登高桥	mei deng gao qiao	1
梅花山	mei hua shan	26
梅花山庄	mei hua shan zhuang	2
梅花碑	mei hua bei	6
梅花路	mei hua lu	6
梅苑	mei yuan	11
梅苑路	mei yuan lu	2
梅苑阁小区	mei yuan ge xiao qu	2
梅菉街道	mei lu jie dao	3
梅西路	mei xi lu	1
梅里斯	mei li si	27
梅陇	mei long	44
梅陇八村	mei long ba cun	3
梅陇农场	mei long nong chang	3
梅陇十一村	mei long shi yi cun	4
梅陇四村	mei long si cun	3
梅陇路	mei long lu	2
梅雨镇	mei yu zhen	4
梅青	mei qing	5
梅魁	mei kui	6
梅龙公路	mei long gong lu	2
梆子井	bang zi jing	7
梓园	zi yuan	7
梓园路	zi yuan lu	8
梓坊村	zi fang cun	4
梓山	zi shan	6
梓橦庙乡	zi tong miao xiang	3
梓溪村	zi xi cun	3
梓潼桥西街	zi tong qiao xi jie	6
梓里村	zi li cun	3
梦幻漓江	meng huan li jiang	4
梦溪路	meng xi lu	4
梦琴湾	meng qin wan	4
梦白村	meng bai cun	5
梦脚	meng jiao	22
梧坑村	wu keng cun	3
梧宅村	wu zhai cun	2
梧山	wu shan	1
梧山村	wu shan cun	3
梧峰	wu feng	3
梧峰村	wu feng cun	2
梧慈路	wu ci lu	4
梧桐公寓	wu tong gong yu	5
梧桐坑	wu tong keng	2
梧桐墅	wu tong shu	3
梧桐山收费站	wu tong shan shou fei zhan	3
梧桐山隧道	wu tong shan sui dao	8
梧桐村	wu tong cun	2
梧桐社区	wu tong she qu	7
梧桐花园	wu tong hua yuan	6
梧桐苑	wu tong yuan	3
梧桐路	wu tong lu	3
梧田	wu tian	7
梨丰乡	li feng xiang	1
梨元屯镇	li yuan tun zhen	3
梨双公路	li shuang gong lu	3
梨园东里	li yuan dong li	5
梨园东里小区	li yuan dong li xiao qu	4
梨园北街	li yuan bei jie	5
梨园居委会	li yuan ju wei hui	2
梨园店	li yuan dian	5
梨坑	li keng	1
梨坑村	li keng cun	5
梨坪村	li ping cun	1
梨子山	li zi shan	1
梨树下	li shu xia	2
梨树村	li shu cun	3
梨树角	li shu jiao	2
梨羊村	li yang cun	4
梨花小区	li hua xiao qu	3
梨花街	li hua jie	7
梨香园	li xiang yuan	5
梭坡	suo po	2
梭梭板	suo suo ban	5
梭罗村	suo luo cun	3
梭草村	suo cao cun	5
梯门	ti men	7
梳妆楼	shu zhuang lou	19
梵古水郡小区	fan gu shui jun xiao qu	3
梵村	fan cun	2
梵殿乡	fan dian xiang	4
检察官学校	jian cha guan xue xiao	3
检测站	jian ce zhan	23
检验站	jian yan zhan	2
棉城街道	mian cheng jie dao	4
棉山	mian shan	2
棉机厂	mian ji chang	2
棉毛厂	mian mao chang	2
棉纺厂	mian fang chang	29
棉纺新村	mian fang xin cun	3
棉纺织厂	mian fang zhi chang	31
棉花仓库	mian hua cang ku	1
棉花原种场	mian hua yuan zhong chang	4
棉花坪瑶族乡	mian hua ping yao zu xiang	4
棉花巷	mian hua xiang	1
棉花胡同	mian hua hu tong	16
棉鞋营	mian xie ying	6
棉麻公司	mian ma gong si	6
棋杆	qi gan	6
棋盘园	qi pan yuan	2
棋盘新村	qi pan xin cun	3
棋盘村	qi pan cun	5
棋盘石	qi pan shi	1
棒客	bang ke	4
棒老二	bang lao er	5
棕树十街坊	zong shu shi jie fang	3
棕树村	zong shu cun	1
棠东	tang dong	8
棠张	tang zhang	2
棠景街道	tang jing jie dao	1
棠梨沟	tang li gou	4
棠棣村	tang di cun	5
棠花胡同	tang hua hu tong	3
棬子树	quan zi shu	3
森庄	sen zhuang	3
森林公园南门	sen lin gong yuan nan men	3
森林动物园	sen lin dong wu yuan	19
森林大第	sen lin da di	4
森林广场	sen lin guang chang	4
森林总队	sen lin zong dui	3
森荣乡	sen rong xiang	2
椅子胡同	yi zi hu tong	1
植物园路	zhi wu yuan lu	3
植物油厂	zhi wu you chang	4
椑南乡	bei nan xiang	6
椒园乡	jiao yuan xiang	3
椒园村	jiao yuan cun	4
椒子街	jiao zi jie	3
椒房街	jiao fang jie	2
椒江中医院	jiao jiang zhong yi yuan	3
椒江大桥	jiao jiang da qiao	20
椒江大酒店	jiao jiang da jiu dian	3
椿木乡	chun mu xiang	3
椿树园	chun shu yuan	6
椿树岭	chun shu ling	3
椿树胡同	chun shu hu tong	1
椿树馆街	chun shu guan jie	5
楚安村	chu an cun	2
楚州区	chu zhou qu	3
楚湘街	chu xiang jie	5
楚王陵	chu wang ling	5
楚雄县	chu xiong xian	9
楚雄州	chu xiong zhou	32
楚雄市	chu xiong shi	19
楚雄经济技术开发区	chu xiong jing ji ji shu kai fa qu	4
楚雄西道	chu xiong xi dao	3
楠木厅	nan mu ting	6
楠木坪乡	nan mu ping xiang	5
楠木村	nan mu cun	1
楠木林	nan mu lin	7
楠木铺乡	nan mu pu xiang	6
楠海花园	nan hai hua yuan	3
楠竹山村	nan zhu shan cun	5
楠竹林	nan zhu lin	1
楼下村	lou xia cun	2
楼下陈	lou xia chen	4
楼仔	lou zai	7
楼冈	lou gang	4
楼冯	lou feng	3
楼坪	lou ping	4
楼塘	lou tang	2
楼子	lou zi	20
楼岗	lou gang	7
楼巷	lou xiang	1
楼店	lou dian	7
楼张村	lou zhang cun	3
楼梁村	lou liang cun	2
楼梓庄	lou zi zhuang	2
楼梓庄村	lou zi zhuang cun	4
楼田	lou tian	1
楼社	lou she	5
楼窑	lou yao	1
楼背	lou bei	2
楼脚	lou jiao	19
楼脚村	lou jiao cun	2
楼自庄	lou zi zhuang	4
楼自庄村	lou zi zhuang cun	3
楼阁台	lou ge tai	4
榄杆市	lan gan shi	5
榆关道	yu guan dao	3
榆坪	yu ping	4
榆垡	yu fa	9
榆垡村	yu fa cun	4
榆垡镇政府	yu fa zhen zheng fu	4
榆垡镇政府路口	yu fa zhen zheng fu lu kou	2
榆林北路	yu lin bei lu	2
榆林县	yu lin xian	12
榆林街	yu lin jie	3
榆林路	yu lin lu	8
榆树县	yu shu xian	10
榆树壕	yu shu hao	2
榆树屯镇	yu shu tun zhen	2
榆树市	yu shu shi	16
榆树庄	yu shu zhuang	11
榆树村	yu shu cun	2
榆树林子	yu shu lin zi	1
榆树沟	yu shu gou	8
榆树沟乡	yu shu gou xiang	2
榆树湾	yu shu wan	5
榆次县	yu ci xian	26
榆次市	yu ci shi	3
榆科镇	yu ke zhen	3
榆钱胡同	yu qian hu tong	2
榕东街道	rong dong jie dao	2
榕华大道	rong hua da dao	4
榕华街	rong hua jie	3
榕华街道	rong hua jie dao	2
榕园	rong yuan	23
榕城广场	rong cheng guang chang	1
榕树凹	rong shu ao	2
榕树坪	rong shu ping	3
榕桥	rong qiao	9
榕湖	rong hu	1
榕湖饭店	rong hu fan dian	2
榜上村	bang shang cun	3
榜头	bang tou	21
榨鼓乡	zha gu xiang	3
榴园	liu yuan	8
榴园小区	liu yuan xiao qu	2
槎桥村	cha qiao cun	1
槎浦桥	cha pu qiao	2
槎涌	cha yong	4
槐东	huai dong	2
槐东村	huai dong cun	2
槐南乡	huai nan xiang	3
槐古一村	huai gu yi cun	3
槐埝乡	huai nian xiang	3
槐山	huai shan	24
槐川村	huai chuan cun	2
槐店镇	huai dian zhen	3
槐房	huai fang	7
槐房路南口	huai fang lu nan kou	4
槐柏树街	huai bai shu jie	7
槐柏树街东口	huai bai shu jie dong kou	3
槐柏树街西口	huai bai shu jie xi kou	3
槐树关镇	huai shu guan zhen	5
槐树岭	huai shu ling	2
槐树岭公交总站	huai shu ling gong jiao zong zhan	5
槐树岭南站	huai shu ling nan zhan	5
槐树岭社区	huai shu ling she qu	2
槐树巷	huai shu xiang	4
槐树店	huai shu dian	6
槐树店路	huai shu dian lu	3
槐树新村	huai shu xin cun	3
槐树王村	huai shu wang cun	2
槐树胡同	huai shu hu tong	2
槐树街	huai shu jie	1
槐树街东	huai shu jie dong	3
槐树街西	huai shu jie xi	2
槐树路	huai shu lu	2
槐树院	huai shu yuan	2
槐植	huai zhi	7
槐花乡	huai hua xiang	3
槐荫	huai yin	41
槚山乡	jia shan xiang	5
槽坑	cao keng	4
樊东	fan dong	1
樊家寨	fan jia zhai	1
樊家寺	fan jia si	3
樊家川乡	fan jia chuan xiang	6
樊家村北站	fan jia cun bei zhan	2
樊川	fan chuan	5
樊庄村	fan zhuang cun	1
樊村河乡	fan cun he xiang	3
樊江	fan jiang	1
樊洼路	fan wa lu	8
樊羊路北口	fan yang lu bei kou	3
樊西	fan xi	5
樊西巷	fan xi xiang	6
樊野	fan ye	9
樟井	zhang jing	3
樟坑	zhang keng	3
樟岚	zhang lan	3
樟岚村	zhang lan cun	1
樟木滩	zhang mu tan	2
樟村	zhang cun	10
樟林村	zhang lin cun	6
樟树下	zhang shu xia	5
樟树园	zhang shu yuan	2
樟树垄	zhang shu long	2
樟树头	zhang shu tou	8
樟树市	zhang shu shi	25
樟树潭	zhang shu tan	3
樟河	zhang he	4
樟潭	zhang tan	4
樟潭镇	zhang tan zhen	2
樟脚村	zhang jiao cun	3
模具工业园	mu ju gong ye yuan	5
模式口东里	mo shi kou dong li	3
模式口东里社区	mo shi kou dong li she qu	2
模式口南里	mo shi kou nan li	4
模式口西里	mo shi kou xi li	4
模范乡	mo fan xiang	6
模范西路	mo fan xi lu	1
模范马路	mo fan ma lu	15
横一条南口	heng yi tiao nan kou	3
横七条	heng qi tiao	7
横东岭	heng dong ling	3
横令	heng ling	3
横冈	heng gang	3
横冲	heng chong	5
横口	heng kou	8
横台山	heng tai shan	5
横坑	heng keng	26
横坑村	heng keng cun	2
横坪	heng ping	11
横塘	heng tang	38
横塘村	heng tang cun	3
横山下	heng shan xia	2
横山坞村	heng shan wu cun	4
横山头	heng shan tou	3
横山村	heng shan cun	5
横山桥村	heng shan qiao cun	2
横岗	heng gang	49
横岗镇政府	heng gang zhen zheng fu	4
横岩村	heng yan cun	4
横岭	heng ling	14
横岭山	heng ling shan	3
横岭村	heng ling cun	8
横岭瑶族乡	heng ling yao zu xiang	5
横岭背	heng ling bei	3
横岭镇	heng ling zhen	5
横峰	heng feng	30
横庙乡	heng miao xiang	2
横径	heng jing	2
横断山	heng duan shan	10
横板村	heng ban cun	3
横板桥	heng ban qiao	6
横林	heng lin	7
横柏村	heng bai cun	2
横桥乡	heng qiao xiang	4
横槎	heng cha	3
横水	heng shui	37
横江	heng jiang	40
横江村	heng jiang cun	1
横江渡	heng jiang du	4
横江路	heng jiang lu	5
横沙	heng sha	27
横沙村	heng sha cun	1
横沟	heng gou	39
横河	heng he	40
横河堰	heng he yan	3
横河新村	heng he xin cun	3
横泾	heng jing	10
横泾河	heng jing he	3
横洞	heng dong	10
横浜桥	heng bang qiao	2
横浜路	heng bang lu	6
横涧村	heng jian cun	1
横涧镇	heng jian zhen	4
横渎	heng du	5
横港	heng gang	10
横港村	heng gang cun	4
横港街道	heng gang jie dao	3
横湖桥	heng hu qiao	1
横溪	heng xi	23
横溪村	heng xi cun	8
横澜岛	heng lan dao	18
横琴岛	heng qin dao	6
横石	heng shi	6
横街口	heng jie kou	3
横街子	heng jie zi	4
横街村	heng jie cun	1
横路村	heng lu cun	1
横道河子	heng dao he zi	7
横铺	heng pu	2
横马	heng ma	2
樱山	ying shan	6
樱桃园	ying tao yuan	37
樱桃村	ying tao cun	5
樱桃沟	ying tao gou	36
樱桃胡同	ying tao hu tong	5
樱桃镇	ying tao zhen	1
樱花园	ying hua yuan	37
樱花园西街	ying hua yuan xi jie	4
樱花广场	ying hua guang chang	6
樱花路	ying hua lu	9
樱铁村	ying tie cun	6
樱驼花园	ying tuo hua yuan	8
樵村	qiao cun	3
樵湖岭	qiao hu ling	3
橘园洲	ju yuan zhou	1
橘园洲大桥	ju yuan zhou da qiao	6
橘子洲大桥	ju zi zhou da qiao	4
橘子洲尾	ju zi zhou wei	6
橡树园	xiang shu yuan	10
檀山	tan shan	5
檀州家园社区	tan zhou jia yuan she qu	2
檀木村	tan mu cun	5
檀木林	tan mu lin	2
檀木港	tan mu gang	1
檀村	tan cun	2
檀林	tan lin	23
檀林村	tan lin cun	4
檀树村	tan shu cun	4
檀营	tan ying	2
檀营地区	tan ying di qu	2
檀营社区	tan ying she qu	3
檀香园	tan xiang yuan	1
檀香苑	tan xiang yuan	4
檀香苑小区	tan xiang yuan xiao qu	3
檗谷	bo gu	3
檗谷村	bo gu cun	1
檬双乡	meng shuang xiang	4
檬梓村	meng zi cun	5
次渠	ci qu	3
次渠路口	ci qu lu kou	3
次渠镇	ci qu zhen	4
欢胜乡	huan sheng xiang	3
欣乐公园	xin le gong yuan	2
欣和街	xin he jie	1
欣园小区东	xin yuan xiao qu dong	2
欣园小区北	xin yuan xiao qu bei	3
欣园小区西	xin yuan xiao qu xi	3
欣旺大街	xin wang da jie	4
欣汇社区	xin hui she qu	2
欣芝园	xin zhi yuan	2
欣苑	xin yuan	29
欣荣路	xin rong lu	3
欧亚商都	ou ya shang du	2
欧亚学院	ou ya xue yuan	1
欧厝	ou cuo	5
欧坑	ou keng	3
欧拉乡	ou la xiang	1
欧洲商城	ou zhou shang cheng	3
欧洲小镇	ou zhou xiao zhen	21
欧溪村	ou xi cun	4
欧营村	ou ying cun	5
欧阳丽	ou yang li	4
欺头	qi tou	8
歇武镇	xie wu zhen	6
歇浦路	xie pu lu	1
歇浦路渡口	xie pu lu du kou	3
歇甲庄村	xie jia zhuang cun	5
歇甲村	xie jia cun	4
歇马店	xie ma dian	3
歌乐山街道	ge le shan jie dao	2
歌乐沱乡	ge le tuo xiang	1
止园饭店	zhi yuan fan dian	6
止水庙	zhi shui miao	3
止马	zhi ma	2
止马营	zhi ma ying	9
正上岗	zheng shang gang	2
正东上街	zheng dong shang jie	3
正东中街	zheng dong zhong jie	4
正义路南口	zheng yi lu nan kou	2
正义道	zheng yi dao	7
正余	zheng yu	4
正兴乡	zheng xing xiang	4
正原路	zheng yuan lu	3
正场	zheng chang	5
正坑尾	zheng keng wei	2
正大广场	zheng da guang chang	15
正大汽配	zheng da qi pei	3
正大花园	zheng da hua yuan	3
正大路	zheng da lu	3
正大路西口	zheng da lu xi kou	2
正字戏	zheng zi xi	2
正学路	zheng xue lu	5
正宗寺	zheng zong si	3
正岙	zheng ao	4
正巷	zheng xiang	4
正府街	zheng fu jie	6
正斗	zheng dou	18
正斗乡	zheng dou xiang	4
正月半	zheng yue ban	5
正福寺	zheng fu si	4
正科乡	zheng ke xiang	1
正素巷	zheng su xiang	3
正表	zheng biao	15
正西乡	zheng xi xiang	4
正觉胡同	zheng jue hu tong	3
正通顺街	zheng tong shun jie	6
正阳村	zheng yang cun	5
正阳桥北	zheng yang qiao bei	4
正阳河街道	zheng yang he jie dao	3
正阳街	zheng yang jie	4
正阳路	zheng yang lu	6
正阳路步行街	zheng yang lu bu xing jie	4
正骨医院	zheng gu yi yuan	6
步卓	bu zhuo	3
步古沟镇	bu gu gou zhen	3
步头降苗族乡	bu tou jiang miao zu xiang	3
步校	bu xiao	26
步涌村	bu yong cun	5
步长脑心通	bu chang nao xin tong	3
武东街道	wu dong jie dao	3
武东路	wu dong lu	6
武乐乡	wu le xiang	2
武侯大道口	wu hou da dao kou	4
武侯祠	wu hou ci	8
武侯祠东街	wu hou ci dong jie	6
武关驿镇	wu guan yi zhen	4
武冈县	wu gang xian	20
武冈市	wu gang shi	21
武利江	wu li jiang	1
武圣东里	wu sheng dong li	4
武圣乡	wu sheng xiang	1
武圣街	wu sheng jie	1
武圣路	wu sheng lu	3
武坪乡	wu ping xiang	3
武城大桥	wu cheng da qiao	2
武城大街	wu cheng da jie	6
武城街	wu cheng jie	2
武夷花园	wu yi hua yuan	2
武夷路	wu yi lu	16
武威县	wu wei xian	24
武威地区	wu wei di qu	1
武威路	wu wei lu	1
武学园	wu xue yuan	5
武宁南路	wu ning nan lu	1
武宁新村	wu ning xin cun	3
武宁路	wu ning lu	13
武安县	wu an xian	47
武安市人民政府	wu an shi ren min zheng fu	5
武定新村	wu ding xin cun	7
武定胡同	wu ding hu tong	4
武定西路	wu ding xi lu	2
武定路	wu ding lu	18
武定门	wu ding men	5
武家庄	wu jia zhuang	1
武家庄村委会	wu jia zhuang cun wei hui	2
武家庄镇	wu jia zhuang zhen	5
武家河乡	wu jia he xiang	5
武山垦殖场	wu shan ken zhi chang	2
武岗	wu gang	5
武峁子乡	wu mao zi xiang	3
武川路	wu chuan lu	7
武工大	wu gong da	1
武帝陵	wu di ling	4
武平乡	wu ping xiang	1
武康路	wu kang lu	46
武当山古建筑群	wu dang shan gu jian zhu qun	2
武昌街	wu chang jie	10
武昌路	wu chang lu	11
武林小广场	wu lin xiao guang chang	6
武林门	wu lin men	46
武林门北	wu lin men bei	4
武林门南	wu lin men nan	4
武林门湖墅路口	wu lin men hu shu lu kou	3
武林门西	wu lin men xi	5
武棚乡	wu peng xiang	4
武汉体育中心	wu han ti yu zhong xin	13
武汉博物馆	wu han bo wu guan	8
武汉工程大学	wu han gong cheng da xue	8
武汉科技大学	wu han ke ji da xue	20
武汉职业技术学院	wu han zhi ye ji shu xue yuan	1
武汉街	wu han jie	4
武江	wu jiang	34
武江桥	wu jiang qiao	3
武江监狱	wu jiang jian yu	7
武沟乡	wu gou xiang	3
武泰闸	wu tai zha	11
武泰闸花园小区	wu tai zha hua yuan xiao qu	4
武清县	wu qing xian	38
武穴市	wu xue shi	11
武窑村	wu yao cun	4
武胜路	wu sheng lu	33
武莲	wu lian	4
武警七支队	wu jing qi zhi dui	6
武警三支队	wu jing san zhi dui	6
武警五支队	wu jing wu zhi dui	4
武警医院	wu jing yi yuan	13
武警学院	wu jing xue yuan	6
武警总院	wu jing zong yuan	2
武警支队	wu jing zhi dui	8
武警边防支队	wu jing bian fang zhi dui	6
武进市	wu jin shi	3
武进路	wu jin lu	4
武都	wu du	11
武都县	wu du xian	10
武重宿舍	wu zhong su she	5
武钢厂区	wu gang chang qu	6
武陵源	wu ling yuan	27
武陵源风景名胜区	wu ling yuan feng jing ming sheng qu	1
武隆仙女山	wu long xian nv shan	5
武隆芙蓉洞	wu long fu rong dong	5
武青区	wu qing qu	3
歪东西	wai dong xi	3
死亡之海	si wang zhi hai	1
死门	si men	6
段南新村	duan nan xin cun	3
段塘	duan tang	7
段家寨乡	duan jia zhai xiang	5
段家山	duan jia shan	2
段家村	duan jia cun	1
段家村村	duan jia cun cun	2
段家营	duan jia ying	4
段平	duan ping	11
段庄	duan zhuang	11
段庄广场	duan zhuang guang chang	2
段庄村委会	duan zhuang cun wei hui	2
段店北路街道	duan dian bei lu jie dao	5
段店村	duan dian cun	1
段柳乡	duan liu xiang	1
殷婕	yin jie	3
殷家堡	yin jia bao	7
殷家大院	yin jia da yuan	3
殷家庄	yin jia zhuang	1
殷家村	yin jia cun	6
殷家林	yin jia lin	5
殷屯	yin tun	2
殷庄村	yin zhuang cun	5
殷行路	yin xing lu	1
殷谦	yin qian	5
殿上	dian shang	33
毓兰镇	yu lan zhen	5
毓南村	yu nan cun	2
毓文	yu wen	10
毓文中学	yu wen zhong xue	10
毓秀桥	yu xiu qiao	4
比克瑙	bi ke nao	29
比奇峰	bi qi feng	3
比如乡	bi ru xiang	3
比尔乡	bi er xiang	3
毕其格图	bi qi ge tu	2
毕升路	bi sheng lu	6
毕塬东路	bi yuan dong lu	4
毕塬西路	bi yuan xi lu	4
毕家乡	bi jia xiang	3
毕家岗	bi jia gang	4
毕家岗街道	bi jia gang jie dao	2
毕家村	bi jia cun	1
毕节县	bi jie xian	7
毕节地区	bi jie di qu	7
毕都	bi du	5
毗山	pi shan	6
毛井乡	mao jing xiang	5
毛儿盖	mao er gai	10
毛利塔尼亚	mao li ta ni ya	3
毛厂	mao chang	5
毛厝	mao cuo	2
毛厝村	mao cuo cun	3
毛口布依族苗族乡	mao kou bu yi zu miao zu xiang	2
毛坝	mao ba	7
毛坪村	mao ping cun	9
毛坪镇	mao ping zhen	5
毛官营村	mao guan ying cun	4
毛家坪	mao jia ping	3
毛家峪	mao jia yu	5
毛家庄	mao jia zhuang	3
毛家店村	mao jia dian cun	2
毛家村	mao jia cun	2
毛家桥	mao jia qiao	2
毛家桥村	mao jia qiao cun	4
毛家湾	mao jia wan	6
毛家湾胡同	mao jia wan hu tong	5
毛家皂镇	mao jia zao zhen	1
毛家营	mao jia ying	1
毛屋	mao wu	2
毛山东乡	mao shan dong xiang	1
毛山村	mao shan cun	4
毛庄	mao zhuang	26
毛日乡	mao ri xiang	5
毛条厂路	mao tiao chang lu	2
毛条路	mao tiao lu	4
毛根儿	mao gen er	3
毛椒火辣	mao jiao huo la	3
毛湾村	mao wan cun	3
毛演堡乡	mao yan bao xiang	4
毛狗洞	mao gou dong	4
毛田	mao tian	11
毛竹园	mao zhu yuan	4
毛纺厂	mao fang chang	21
毛纺新村	mao fang xin cun	2
毛线沟	mao xian gou	3
毛脱	mao tuo	5
毛茔子	mao ying zi	4
毛藏乡	mao cang xiang	5
毛西	mao xi	5
毛起	mao qi	6
毛里求斯岛	mao li qiu si dao	6
毛集	mao ji	9
毛驴子	mao lv zi	5
毡子胡同	zhan zi hu tong	3
毫州市	hao zhou shi	6
民丰尼雅	min feng ni ya	1
民丰村	min feng cun	6
民丰胡同	min feng hu tong	3
民丰路	min feng lu	7
民丰里	min feng li	4
民主东街	min zhu dong jie	5
民主刚果	min zhu gang guo	21
民主北街社区	min zhu bei jie she qu	3
民主南路	min zhu nan lu	5
民主居委会	min zhu ju wei hui	2
民主广场	min zhu guang chang	10
民主新村	min zhu xin cun	6
民主村委会	min zhu cun wei hui	3
民主社区	min zhu she qu	7
民主街	min zhu jie	11
民主街居委会	min zhu jie ju wei hui	1
民主路	min zhu lu	8
民主路小学	min zhu lu xiao xue	6
民主道	min zhu dao	4
民乐园	min le yuan	21
民乐新村	min yue xin cun	5
民乐村	min yue cun	2
民京路	min jing lu	1
民俗文化村	min su wen hua cun	3
民俗村	min su cun	15
民和村	min he cun	3
民和路	min he lu	7
民声东路	min sheng dong lu	5
民安园	min an yuan	3
民安居	min an ju	3
民安村	min an cun	5
民安胡同	min an hu tong	2
民安苑	min an yuan	5
民安街	min an jie	4
民安路	min an lu	7
民实	min shi	1
民富园	min fu yuan	1
民富园西门	min fu yuan xi men	2
民平	min ping	3
民庆路	min qing lu	5
民府路	min fu lu	1
民康胡同	min kang hu tong	1
民康药业	min kang yao ye	3
民德路	min de lu	3
民意街道	min yi jie dao	2
民政大厦	min zheng da sha	1
民政学院	min zheng xue yuan	2
民政街	min zheng jie	1
民新	min xin	7
民族乐器厂	min zu yue qi chang	1
民族医院	min zu yi yuan	2
民族商务酒店	min zu shang wu jiu dian	3
民族园	min zu yuan	11
民族大学社区	min zu da xue she qu	2
民族文化宫	min zu wen hua gong	21
民族自治县	min zu zi zhi xian	4
民族街道	min zu jie dao	3
民族风情	min zu feng qing	5
民旺社区	min wang she qu	4
民星路	min xing lu	7
民晏路	min yan lu	3
民权街	min quan jie	4
民权门立交桥	min quan men li jiao qiao	1
民桥	min qiao	3
民治乡	min zhi xiang	3
民治村	min zhi cun	4
民治村委	min zhi cun wei	4
民治路	min zhi lu	4
民生大楼	min sheng da lou	5
民生街	min sheng jie	9
民生路街道	min sheng lu jie dao	3
民田路	min tian lu	8
民祥园	min xiang yuan	3
民经一路	min jing yi lu	4
民胜街道	min sheng jie dao	5
民航医院	min hang yi yuan	8
民航大厦	min hang da sha	7
民航大院	min hang da yuan	3
民航学院	min hang xue yuan	3
民航宾馆	min hang bin guan	4
民航班车	min hang ban che	6
民航站	min hang zhan	8
民航管理局	min hang guan li ju	16
民航路	min hang lu	1
民航路口	min hang lu kou	6
民营经济开发区	min ying jing ji kai fa qu	8
民运街	min yun jie	3
民进村	min jin cun	1
民院路	min yuan lu	7
气哪里	qi na li	4
气瓶站	qi ping zhan	3
气象台路	qi xiang tai lu	2
气象里	qi xiang li	4
水上世界	shui shang shi jie	32
水上公园	shui shang gong yuan	49
水上公园东路	shui shang gong yuan dong lu	4
水上公园北道	shui shang gong yuan bei dao	3
水上公园西路	shui shang gong yuan xi lu	2
水上公园路	shui shang gong yuan lu	4
水上分局	shui shang fen ju	6
水上新村	shui shang xin cun	5
水东江街道	shui dong jiang jie dao	5
水丰路	shui feng lu	5
水之国	shui zhi guo	19
水之梦	shui zhi meng	4
水云居	shui yun ju	5
水井头	shui jing tou	4
水产公司	shui chan gong si	2
水产养殖场	shui chan yang zhi chang	1
水产前街	shui chan qian jie	3
水产场	shui chan chang	5
水产大学	shui chan da xue	14
水产大楼	shui chan da lou	1
水产学院	shui chan xue yuan	16
水产市场	shui chan shi chang	34
水产村	shui chan cun	5
水产试验场	shui chan shi yan chang	34
水产路	shui chan lu	8
水仙街	shui xian jie	4
水关新村	shui guan xin cun	4
水关桥	shui guan qiao	6
水冲村	shui chong cun	3
水凼凼	shui dang dang	2
水利厅农场	shui li ting nong chang	2
水利大厦	shui li da sha	1
水制	shui zhi	6
水化	shui hua	32
水北村	shui bei cun	1
水区政府	shui qu zheng fu	3
水南庄	shui nan zhuang	1
水印城	shui yin cheng	4
水印康庭	shui yin kang ting	4
水厂路	shui chang lu	1
水口寺	shui kou si	2
水口山	shui kou shan	30
水口村	shui kou cun	14
水口里	shui kou li	4
水叶子	shui ye zi	1
水唇	shui chun	5
水围村	shui wei cun	1
水坑湖	shui keng hu	3
水坪村	shui ping cun	2
水城路	shui cheng lu	29
水塔街道	shui ta jie dao	6
水塘堡彝族苗族乡	shui tang bao yi zu miao zu xiang	2
水大院	shui da yuan	2
水头社区	shui tou she qu	2
水子	shui zi	7
水宽乡	shui kuan xiang	4
水富	shui fu	25
水尾水族乡	shui wei shui zu xiang	3
水屯	shui tun	4
水屯家园	shui tun jia yuan	2
水屯市场	shui tun shi chang	1
水屯村委会	shui tun cun wei hui	2
水岭乡	shui ling xiang	3
水岸人家	shui an ren jia	5
水岸城市花园	shui an cheng shi hua yuan	2
水岸雅苑	shui an ya yuan	3
水峪	shui yu	14
水峪口	shui yu kou	5
水峪贯镇	shui yu guan zhen	3
水库中	shui ku zhong	20
水库新村	shui ku xin cun	7
水径村	shui jing cun	4
水心	shui xin	9
水心菜场	shui xin cai chang	3
水心邮电	shui xin you dian	3
水拥坑	shui yong keng	5
水景城	shui jing cheng	4
水晶岛	shui jing dao	3
水晶郦城	shui jing li cheng	6
水月宫	shui yue gong	6
水月秦淮	shui yue qin huai	5
水木年华	shui mu nian hua	40
水木秦淮	shui mu qin huai	6
水果湖	shui guo hu	21
水果行	shui guo hang	6
水树峪村	shui shu yu cun	3
水楼	shui lou	6
水榭华庭	shui xie hua ting	4
水榭花都	shui xie hua du	4
水步	shui bu	12
水母宫	shui mu gong	1
水沥	shui li	2
水泉子	shui quan zi	1
水泉子村	shui quan zi cun	3
水泉沟	shui quan gou	3
水泊	shui po	22
水泥三厂	shui ni san chang	3
水泥厂家属区	shui ni chang jia shu qu	5
水泵厂	shui beng chang	4
水洛乡	shui luo xiang	2
水津街	shui jin jie	1
水洪庙	shui hong miao	4
水洼乡	shui wa xiang	2
水流村	shui liu cun	4
水清木华	shui qing mu hua	6
水清路	shui qing lu	3
水湘公寓	shui xiang gong yu	4
水湾头	shui wan tou	5
水湾路	shui wan lu	10
水溪村	shui xi cun	1
水漫桥	shui man qiao	5
水漾人家	shui yang ren jia	3
水漾桥	shui yang qiao	3
水潦乡	shui lao xiang	6
水潦彝族乡	shui lao yi zu xiang	2
水潭村	shui tan cun	5
水澄桥	shui cheng qiao	1
水澳	shui ao	3
水田一街	shui tian yi jie	5
水田坪	shui tian ping	4
水田村	shui tian cun	8
水电七局	shui dian qi ju	1
水电厂	shui dian chang	14
水电新村	shui dian xin cun	5
水电村	shui dian cun	3
水电路	shui dian lu	13
水电路桥	shui dian lu qiao	6
水码头	shui ma tou	6
水碓子	shui dui zi	11
水碓子社区	shui dui zi she qu	5
水碓路口南	shui dui lu kou nan	3
水碾河	shui nian he	17
水碾河路	shui nian he lu	3
水磨头	shui mo tou	4
水磨村	shui mo cun	7
水磨胡同	shui mo hu tong	3
水秀新村	shui xiu xin cun	3
水稻农场	shui dao nong chang	4
水稻良种场	shui dao liang zhong chang	3
水窑乡	shui yao xiang	4
水竹乡	shui zhu xiang	5
水竹村	shui zhu cun	5
水箐镇	shui qing zhen	3
水管局	shui guan ju	5
水管站	shui guan zhan	1
水簸箕	shui bo ji	3
水絮塘	shui xu tang	3
水缸村	shui gang cun	2
水背	shui bei	1
水西村	shui xi cun	9
水西道	shui xi dao	2
水西门	shui xi men	16
水西门大街	shui xi men da jie	4
水观音	shui guan yin	2
水贝	shui bei	16
水贝一路	shui bei yi lu	1
水踏村	shui ta cun	1
水车胡同	shui che hu tong	6
水轮机厂	shui lun ji chang	4
水遁	shui dun	16
水道口	shui dao kou	5
水道子	shui dao zi	1
水道子胡同	shui dao zi hu tong	3
水道巷	shui dao xiang	2
水部门兜	shui bu men dou	1
水门村	shui men cun	1
水门洞	shui men dong	4
水门社区	shui men she qu	3
水阁	shui ge	23
水阁大街	shui ge da jie	3
水阁村	shui ge cun	4
水陡	shui dou	4
水隘乡	shui ai xiang	5
水音乡	shui yin xiang	2
水风井	shui feng jing	7
水龙乡	shui long xiang	3
水龙村	shui long cun	1
永三村	yong san cun	3
永业路	yong ye lu	3
永东乡	yong dong xiang	4
永中	yong zhong	9
永中镇	yong zhong zhen	5
永丰中路	yong feng zhong lu	3
永丰产业基地	yong feng chan ye ji di	7
永丰县工业园区	yong feng xian gong ye yuan qu	2
永丰堡	yong feng bao	3
永丰屯	yong feng tun	4
永丰屯村	yong feng tun cun	5
永丰屯西口	yong feng tun xi kou	2
永丰市场	yong feng shi chang	4
永丰村	yong feng cun	11
永丰科技园	yong feng ke ji yuan	5
永丰立交	yong feng li jiao	9
永丰立交桥	yong feng li jiao qiao	1
永丰站	yong feng zhan	3
永丰路	yong feng lu	20
永丰路口	yong feng lu kou	3
永久乡	yong jiu xiang	2
永乐东小区北社区	yong le dong xiao qu bei she qu	3
永乐居委会	yong le ju wei hui	3
永乐店	yong le dian	4
永乐新村	yong le xin cun	3
永乐苑	yong le yuan	5
永乐西小区	yong le xi xiao qu	6
永乐路	yong le lu	14
永全路	yong quan lu	5
永兴寺	yong xing si	5
永兴村	yong xing cun	24
永兴桥	yong xing qiao	6
永兴站	yong xing zhan	7
永兴街	yong xing jie	12
永兴路	yong xing lu	19
永内东街	yong nei dong jie	5
永利村	yong li cun	1
永升乡	yong sheng xiang	3
永南中学	yong nan zhong xue	3
永发村	yong fa cun	1
永叔街道	yong shu jie dao	3
永合	yong he	3
永合庄	yong he zhuang	6
永和小区	yong he xiao qu	5
永和市	yong he shi	8
永和庄	yong he zhuang	2
永和庄村	yong he zhuang cun	3
永和支路	yong he zhi lu	3
永和新村	yong he xin cun	4
永和村	yong he cun	10
永和路	yong he lu	21
永响	yong xiang	3
永善	yong shan	32
永嘉乡	yong jia xiang	2
永嘉北路	yong jia bei lu	2
永嘉年华	yong jia nian hua	4
永嘉路	yong jia lu	11
永固村	yong gu cun	5
永坚	yong jian	12
永城县	yong cheng xian	37
永堌镇	yong gu zhen	3
永太	yong tai	7
永太乡	yong tai xiang	2
永宁中学	yong ning zhong xue	5
永宁南关	yong ning nan guan	5
永宁卫生院	yong ning wei sheng yuan	2
永宁坪乡	yong ning ping xiang	2
永宁城隍庙	yong ning cheng huang miao	2
永宁寨	yong ning zhai	2
永宁寺	yong ning si	47
永宁社区	yong ning she qu	1
永宁胡同	yong ning hu tong	4
永宁路	yong ning lu	5
永宁镇社区	yong ning zhen she qu	3
永宁门	yong ning men	8
永安台街道	yong an tai jie dao	2
永安园	yong an yuan	2
永安大街	yong an da jie	4
永安小区	yong an xiao qu	6
永安广场	yong an guang chang	5
永安村	yong an cun	17
永安花园	yong an hua yuan	3
永安街	yong an jie	9
永安街道办事处	yong an jie dao ban shi chu	4
永安路	yong an lu	12
永安道	yong an dao	9
永安里	yong an li	46
永定中学	yong ding zhong xue	4
永定寺	yong ding si	2
永定新河	yong ding xin he	17
永定街道	yong ding jie dao	2
永定路南口	yong ding lu nan kou	2
永定路口东	yong ding lu kou dong	1
永定路口北	yong ding lu kou bei	2
永定路口南	yong ding lu kou nan	3
永定道	yong ding dao	2
永定镇政府	yong ding zhen zheng fu	7
永定门	yong ding men	42
永定门东	yong ding men dong	2
永定门东街	yong ding men dong jie	7
永定门内	yong ding men nei	8
永定门火车站	yong ding men huo che zhan	2
永定门西	yong ding men xi	1
永川县	yong chuan xian	12
永川市	yong chuan shi	19
永川路	yong chuan lu	6
永巨街道	yong ju jie dao	3
永常村	yong chang cun	2
永平街	yong ping jie	6
永庄	yong zhuang	3
永庆楼	yong qing lou	1
永康村	yong kang cun	2
永康水族乡	yong kang shui zu xiang	2
永康胡同	yong kang hu tong	4
永建里社区	yong jian li she qu	3
永强村	yong qiang cun	4
永恒胡同	yong heng hu tong	5
永护	yong hu	2
永新县工业园区	yong xin xian gong ye yuan qu	4
永新街	yong xin jie	6
永昌中路	yong chang zhong lu	4
永昌村	yong chang cun	2
永昌路	yong chang lu	7
永明大道	yong ming da dao	3
永明村	yong ming cun	5
永春路	yong chun lu	12
永松路	yong song lu	4
永桂	yong gui	3
永楠路	yong nan lu	3
永水	yong shui	4
永江乡	yong jiang xiang	4
永泉村	yong quan cun	6
永泰乡	yong tai xiang	3
永泰园第一社区	yong tai yuan di yi she qu	2
永泰园第二社区	yong tai yuan di er she qu	2
永泰寺	yong tai si	1
永泰小区	yong tai xiao qu	5
永泰庄社区	yong tai zhuang she qu	2
永泰胡同	yong tai hu tong	2
永泰路	yong tai lu	31
永流	yong liu	4
永济县	yong ji xian	11
永济市	yong ji shi	27
永济渠	yong ji qu	1
永清乡	yong qing xiang	2
永清二村	yong qing er cun	3
永清巷	yong qing xiang	4
永清街	yong qing jie	10
永清路	yong qing lu	2
永湖	yong hu	13
永湖村	yong hu cun	3
永澄北路南口	yong cheng bei lu nan kou	2
永生村	yong sheng cun	5
永盛乡	yong sheng xiang	3
永祥东巷	yong xiang dong xiang	3
永福东大街	yong fu dong da jie	2
永福大道	yong fu da dao	2
永福庄乡	yong fu zhuang xiang	3
永福村	yong fu cun	3
永福西大街	yong fu xi da jie	4
永福路	yong fu lu	27
永红	yong hong	41
永红村	yong hong cun	5
永红林场	yong hong lin chang	1
永红街道	yong hong jie dao	5
永署礁	yong shu jiao	1
永联	yong lian	7
永联村	yong lian cun	3
永胜村	yong sheng cun	2
永茂泉村	yong mao quan cun	3
永贞	yong zhen	47
永进乡	yong jin xiang	4
永远街	yong yuan jie	4
永郎镇	yong lang zhen	1
永铁苑社区	yong tie yuan she qu	5
永阳	yong yang	41
永陵路东	yong ling lu dong	4
永陵路口	yong ling lu kou	3
永青乡	yong qing xiang	3
永青经营所	yong qing jing ying suo	1
永顺西街	yong shun xi jie	3
永顺西里居委会	yong shun xi li ju wei hui	2
汀坪乡	ting ping xiang	7
汀村	ting cun	2
汀江东路	ting jiang dong lu	2
汀洲	ting zhou	8
汀湘	ting xiang	6
汀角	ting jiao	46
求事	qiu shi	5
求吉乡	qiu ji xiang	6
求吉玛乡	qiu ji ma xiang	4
求是新村	qiu shi xin cun	4
求是路	qiu shi lu	2
求水岭	qiu shui ling	2
汇东	hui dong	18
汇东乡	hui dong xiang	3
汇丰新村	hui feng xin cun	3
汇佳	hui jia	11
汇其乐	hui qi le	3
汇园	hui yuan	7
汇城新村	hui cheng xin cun	2
汇头	hui tou	4
汇宇	hui yu	1
汇展园	hui zhan yuan	5
汇川路	hui chuan lu	6
汇景新苑	hui jing xin yuan	4
汇林绿洲	hui lin lv zhou	6
汇泉广场	hui quan guang chang	13
汇滩乡	hui tan xiang	4
汇珉园小区	hui min yuan xiao qu	3
汇翠山庄	hui cui shan zhuang	3
汇能集团	hui neng ji tuan	1
汇贤	hui xian	19
汇贤中学	hui xian zhong xue	4
汇贤居	hui xian ju	6
汇达广场	hui da guang chang	5
汇通广场	hui tong guang chang	3
汇金	hui jin	31
汇金广场	hui jin guang chang	6
汇鑫花园	hui xin hua yuan	4
汇鑫苑	hui xin yuan	4
汇隆	hui long	4
汇龙	hui long	14
汉东回族乡	han dong hui zu xiang	2
汉中中学	han zhong zhong xue	4
汉中街道	han zhong jie dao	4
汉中路	han zhong lu	9
汉中门	han zhong men	12
汉丰	han feng	11
汉北路	han bei lu	1
汉口大街	han kou da jie	2
汉口西道	han kou xi dao	2
汉口路	han kou lu	32
汉口道	han kou dao	28
汉古尔河镇	han gu er he zhen	1
汉台	han tai	11
汉城商业街	han cheng shang ye jie	6
汉城小区	han cheng xiao qu	4
汉城路	han cheng lu	1
汉塘	han tang	5
汉宣帝陵	han xuan di ling	4
汉川县	han chuan xian	25
汉川市	han chuan shi	16
汉族队	han zu dui	3
汉林乡	han lin xiang	4
汉桥	han qiao	23
汉桥村	han qiao cun	6
汉桥街	han qiao jie	2
汉武路	han wu lu	4
汉水桥街道	han shui qiao jie dao	3
汉江河堤	han jiang he di	5
汉江街	han jiang jie	3
汉江街道	han jiang jie dao	3
汉沟	han gou	5
汉沽	han gu	28
汉溪长隆	han xi chang long	5
汉王公墓	han wang gong mu	2
汉白公路	han bai gong lu	3
汉西火车站	han xi huo che zhan	4
汉西路	han xi lu	4
汉西门	han xi men	6
汉语言学院	han yu yan xue yuan	4
汉豪乡	han hao xiang	4
汉阳客运中心	han yang ke yun zhong xin	7
汉阳街	han yang jie	1
汉阳路	han yang lu	8
汉阳路桥	han yang lu qiao	2
汉阳道	han yang dao	2
汉阳门	han yang men	5
汉阳陵	han yang ling	6
汉阴路	han yin lu	2
汉餐	han can	1
汐止市	xi zhi shi	18
汕头路	shan tou lu	2
汕尾中学	shan wei zhong xue	13
汕尾港	shan wei gang	7
汕尾职业技术学院	shan wei zhi ye ji shu xue yuan	1
汕美	shan mei	4
汗牛乡	han niu xiang	4
汗腾格里峰	han teng ge li feng	5
汛桥	xun qiao	2
汝南街	ru nan jie	3
汝城	ru cheng	40
汝州市	ru zhou shi	31
江一	jiang yi	9
江一村	jiang yi cun	5
江三	jiang san	6
江三村	jiang san cun	3
江三路	jiang san lu	4
江上乡	jiang shang xiang	4
江下	jiang xia	7
江东交警大队	jiang dong jiao jing da dui	7
江东眼科医院	jiang dong yan ke yi yuan	3
江东门	jiang dong men	17
江中村	jiang zhong cun	3
江中花园	jiang zhong hua yuan	2
江义	jiang yi	23
江二村	jiang er cun	5
江北东路	jiang bei dong lu	3
江北交警大队	jiang bei jiao jing da dui	7
江北交警支队	jiang bei jiao jing zhi dui	3
江北公安分局	jiang bei gong an fen ju	8
江北区委党校	jiang bei qu wei dang xiao	3
江北县	jiang bei xian	12
江北城街道	jiang bei cheng jie dao	5
江北大桥	jiang bei da qiao	2
江北村	jiang bei cun	5
江十路	jiang shi lu	3
江千乡	jiang qian xiang	2
江南中学	jiang nan zhong xue	5
江南九寨沟	jiang nan jiu zhai gou	3
江南停车场	jiang nan ting che chang	3
江南公寓	jiang nan gong yu	4
江南名城	jiang nan ming cheng	1
江南名府	jiang nan ming fu	1
江南大厦	jiang nan da sha	3
江南大桥	jiang nan da qiao	5
江南大道中	jiang nan da dao zhong	2
江南大道南	jiang nan da dao nan	1
江南市场	jiang nan shi chang	8
江南文枢苑	jiang nan wen shu yuan	5
江南新区	jiang nan xin qu	5
江南明珠园	jiang nan ming zhu yuan	5
江南春城	jiang nan chun cheng	1
江南春晓	jiang nan chun xiao	5
江南村	jiang nan cun	2
江南水泥厂	jiang nan shui ni chang	2
江南豪园	jiang nan hao yuan	5
江南镇政府	jiang nan zhen zheng fu	3
江南镇长江村	jiang nan zhen zhang jiang cun	4
江南青年城	jiang nan qing nian cheng	4
江南馆街	jiang nan guan jie	3
江厝路	jiang cuo lu	6
江厝路口	jiang cuo lu kou	3
江厦桥东	jiang xia qiao dong	5
江厦街道	jiang xia jie dao	4
江园	jiang yuan	6
江场路	jiang chang lu	4
江坡镇	jiang po zhen	1
江坪河	jiang ping he	5
江城县	jiang cheng xian	5
江埔街	jiang pu jie	8
江埠乡	jiang bu xiang	5
江塘镇	jiang tang zhen	3
江夏公园	jiang xia gong yuan	2
江头村	jiang tou cun	3
江宁开发区	jiang ning kai fa qu	10
江宁河	jiang ning he	5
江宁科学园	jiang ning ke xue yuan	1
江宁路	jiang ning lu	23
江宁路长寿路	jiang ning lu chang shou lu	3
江安桥	jiang an qiao	2
江安街道	jiang an jie dao	2
江安路	jiang an lu	3
江宫	jiang gong	3
江家巷	jiang jia xiang	6
江家庄	jiang jia zhuang	3
江家桥	jiang jia qiao	3
江家湾	jiang jia wan	1
江尾	jiang wei	19
江屋	jiang wu	5
江山县	jiang shan xian	29
江山市	jiang shan shi	23
江山镇	jiang shan zhen	1
江山领秀	jiang shan ling xiu	3
江岸水城	jiang an shui cheng	5
江峰路	jiang feng lu	2
江崎村	jiang qi cun	1
江川路	jiang chuan lu	16
江庄	jiang zhuang	2
江心公园	jiang xin gong yuan	6
江心岛	jiang xin dao	5
江心沙	jiang xin sha	3
江心田	jiang xin tian	4
江日堂乡	jiang ri tang xiang	2
江晖路丹枫路口	jiang hui lu dan feng lu kou	3
江晖路江南大道口	jiang hui lu jiang nan da dao kou	3
江普乡	jiang pu xiang	2
江景园	jiang jing yuan	5
江来	jiang lai	5
江杨南路	jiang yang nan lu	4
江杨路	jiang yang lu	3
江枫苑	jiang feng yuan	3
江根	jiang gen	5
江格尔	jiang ge er	1
江桥三村	jiang qiao san cun	3
江梅	jiang mei	4
江水道	jiang shui dao	4
江汉开发区	jiang han kai fa qu	5
江汉路东	jiang han lu dong	4
江沟村	jiang gou cun	2
江河镇	jiang he zhen	3
江油县	jiang you xian	24
江津县	jiang jin xian	16
江洲	jiang zhou	26
江洲瑶族乡	jiang zhou yao zu xiang	4
江浦县	jiang pu xian	13
江浦路	jiang pu lu	5
江浦路延吉西路	jiang pu lu yan ji xi lu	3
江海新村	jiang hai xin cun	4
江渡	jiang du	4
江湖味道	jiang hu wei dao	6
江湾体育场	jiang wan ti yu chang	6
江湾医院	jiang wan yi yuan	6
江湾大桥	jiang wan da qiao	9
江湾游泳池	jiang wan you yong chi	3
江湾路	jiang wan lu	33
江源道	jiang yuan dao	6
江溪村	jiang xi cun	3
江滨公园	jiang bin gong yuan	12
江滨大道	jiang bin da dao	8
江滨小区	jiang bin xiao qu	4
江滨新寓	jiang bin xin yu	4
江滨花园	jiang bin hua yuan	7
江滨路	jiang bin lu	1
江热夏乡	jiang re xia xiang	3
江田村	jiang tian cun	1
江畔明珠广场	jiang pan ming zhu guang chang	4
江石乡	jiang shi xiang	3
江红	jiang hong	3
江绵乡	jiang mian xiang	3
江背	jiang bei	8
江苏丹阳市后巷镇	jiang su dan yang shi hou xiang zhen	3
江苏兴化市张郭镇	jiang su xing hua shi zhang guo zhen	3
江苏启东市汇龙镇	jiang su qi dong shi hui long zhen	3
江苏吴江市七都镇	jiang su wu jiang shi qi du zhen	3
江苏吴江市松陵镇	jiang su wu jiang shi song ling zhen	2
江苏吴江市盛泽镇	jiang su wu jiang shi sheng ze zhen	5
江苏太仓市璜泾镇	jiang su tai cang shi huang jing zhen	2
江苏太仓市陆渡镇	jiang su tai cang shi lu du zhen	2
江苏如皋市如城镇	jiang su ru gao shi ru cheng zhen	3
江苏宜兴市丁蜀镇	jiang su yi xing shi ding shu zhen	2
江苏宜兴市太华镇	jiang su yi xing shi tai hua zhen	2
江苏宜兴市官林镇	jiang su yi xing shi guan lin zhen	2
江苏宜兴市屺亭镇	jiang su yi xing shi qi ting zhen	2
江苏宜兴市芳桥镇	jiang su yi xing shi fang qiao zhen	2
江苏宜兴市高塍镇	jiang su yi xing shi gao cheng zhen	2
江苏常熟市董浜镇	jiang su chang shu shi dong bang zhen	2
江苏常熟市虞山镇	jiang su chang shu shi yu shan zhen	3
江苏张家港市南丰镇	jiang su zhang jia gang shi nan feng zhen	3
江苏扬中市新坝镇	jiang su yang zhong shi xin ba zhen	2
江苏昆山市巴城镇	jiang su kun shan shi ba cheng zhen	4
江苏昆山市淀山湖镇	jiang su kun shan shi dian shan hu zhen	2
江苏昆山市玉山镇	jiang su kun shan shi yu shan zhen	3
江苏昆山市锦溪镇	jiang su kun shan shi jin xi zhen	2
江苏江阴市南闸镇	jiang su jiang yin shi nan zha zhen	2
江苏江阴市周庄镇	jiang su jiang yin shi zhou zhuang zhen	3
江苏江阴市新桥镇	jiang su jiang yin shi xin qiao zhen	4
江苏江阴市璜土镇	jiang su jiang yin shi huang tu zhen	3
江苏江阴市祝塘镇	jiang su jiang yin shi zhu tang zhen	2
江苏江阴市长泾镇	jiang su jiang yin shi chang jing zhen	2
江苏泰兴市泰兴镇	jiang su tai xing shi tai xing zhen	4
江苏海门市三星镇	jiang su hai men shi san xing zhen	2
江苏海门市包场镇	jiang su hai men shi bao chang zhen	3
江苏海门市德胜镇	jiang su hai men shi de sheng zhen	3
江苏海门市海门镇	jiang su hai men shi hai men zhen	2
江苏溧阳市南渡镇	jiang su li yang shi nan du zhen	2
江苏溧阳市溧城镇	jiang su li yang shi li cheng zhen	2
江苏滨海县东坎镇	jiang su bin hai xian dong kan zhen	3
江苏省宝应县	jiang su sheng bao ying xian	8
江苏省实验小学	jiang su sheng shi yan xiao xue	1
江苏省江都市大桥镇	jiang su sheng jiang du shi da qiao zhen	3
江苏省江阴市	jiang su sheng jiang yin shi	10
江苏省泰州市高港区	jiang su sheng tai zhou shi gao gang qu	7
江苏省洪泽湖农场	jiang su sheng hong ze hu nong chang	2
江苏省练湖农场	jiang su sheng lian hu nong chang	2
江苏省西亭高级中学	jiang su sheng xi ting gao ji zhong xue	2
江苏省通州高级中学	jiang su sheng tong zhou gao ji zhong xue	3
江茸乡	jiang rong xiang	3
江虹路新月路口	jiang hong lu xin yue lu kou	2
江西中路	jiang xi zhong lu	12
江西中路汉口路	jiang xi zhong lu han kou lu	2
江西北路	jiang xi bei lu	5
江西沟乡	jiang xi gou xiang	5
江西省余江县	jiang xi sheng yu jiang xian	3
江西省安福县	jiang xi sheng an fu xian	15
江西省都昌县	jiang xi sheng du chang xian	3
江西磷肥厂	jiang xi lin fei chang	2
江西街乡	jiang xi jie xiang	2
江西路	jiang xi lu	32
江边码头	jiang bian ma tou	3
江达	jiang da	35
江都市	jiang du shi	1
江都路	jiang du lu	3
江镜华侨	jiang jing hua qiao	1
江阳工业园区	jiang yang gong ye yuan qu	1
江陵区	jiang ling qu	3
江陵路江汉路口	jiang ling lu jiang han lu kou	3
江陵路滨安路口	jiang ling lu bin an lu kou	3
池口	chi kou	18
池尾街道	chi wei jie dao	1
池店	chi dian	3
池店村	chi dian cun	2
池窖	chi jiao	4
池背	chi bei	3
污水净化中心	wu shui jing hua zhong xin	6
汤下	tang xia	5
汤东	tang dong	2
汤井	tang jing	1
汤内	tang nei	7
汤口村	tang kou cun	6
汤古	tang gu	3
汤园	tang yuan	5
汤图满族乡	tang tu man zu xiang	2
汤坊	tang fang	3
汤坊村	tang fang cun	2
汤城	tang cheng	5
汤堡	tang bao	3
汤头	tang tou	35
汤头村	tang tou cun	4
汤家村	tang jia cun	2
汤家桥	tang jia qiao	4
汤家沟	tang jia gou	5
汤家碾	tang jia nian	3
汤小妹	tang xiao mei	3
汤山假日	tang shan jia ri	3
汤山公馆	tang shan gong guan	3
汤岗子	tang gang zi	12
汤庄	tang zhuang	1
汤村	tang cun	19
汤林林场	tang lin lin chang	2
汤桥	tang qiao	18
汤段	tang duan	7
汤河口	tang he kou	4
汤河口村	tang he kou cun	1
汤河口社区	tang he kou she qu	2
汤泉农场	tang quan nong chang	5
汤湖	tang hu	1
汤湾	tang wan	2
汤溪	tang xi	15
汤西	tang xi	4
汤逊湖北路	tang xun hu bei lu	6
汤道河镇	tang dao he zhen	2
汤铺	tang pu	1
汤陵街道	tang ling jie dao	3
汨湖乡	mi hu xiang	5
汨罗县	mi luo xian	2
汨罗市	mi luo shi	37
汪家墩	wang jia dun	2
汪家拐街道	wang jia guai jie dao	6
汪家村	wang jia cun	7
汪家桥街道	wang jia qiao jie dao	6
汪布顶乡	wang bu ding xiang	1
汪村	wang cun	4
汪海波	wang hai bo	1
汪清林业局	wang qing lin ye ju	3
汪甸瑶族乡	wang dian yao zu xiang	3
汪纸马胡同	wang zhi ma hu tong	2
汪芝麻胡同	wang zhi ma hu tong	4
汪蕾	wang lei	6
汪集村	wang ji cun	4
汭丰乡	rui feng xiang	5
汴塘	bian tang	1
汴河街道	bian he jie dao	4
汴河路	bian he lu	6
汶中	wen zhong	3
汶村	wen cun	5
汶水东路	wen shui dong lu	3
汶水支路	wen shui zhi lu	3
汶水路	wen shui lu	9
汶水镇	wen shui zhen	3
汶河	wen he	42
汶阳	wen yang	16
汽修厂	qi xiu chang	23
汽改厂	qi gai chang	3
汽渡	qi du	15
汽研所	qi yan suo	3
汽车东站	qi che dong zhan	20
汽车产业开发区	qi che chan ye kai fa qu	1
汽车北站	qi che bei zhan	15
汽车南站	qi che nan zhan	26
汽车客运东站	qi che ke yun dong zhan	8
汽车客运西站	qi che ke yun xi zhan	6
汽车广场	qi che guang chang	9
汽车楼	qi che lou	1
汽车研究所	qi che yan jiu suo	6
汽车站街道	qi che zhan jie dao	5
汽车西站	qi che xi zhan	38
汽车西部	qi che xi bu	4
汽车货运站	qi che huo yun zhan	5
汽运司	qi yun si	4
汽配厂	qi pei chang	2
汽配城	qi pei cheng	18
汽配市场	qi pei shi chang	10
汾东公寓	fen dong gong yu	4
汾州胡同	fen zhou hu tong	2
汾庄	fen zhuang	5
汾水	fen shui	40
汾水小区	fen shui xiao qu	4
汾水小区总站	fen shui xiao qu zong zhan	4
汾水村	fen shui cun	5
汾水道	fen shui dao	4
汾江南	fen jiang nan	3
汾江立交	fen jiang li jiao	3
汾江路	fen jiang lu	1
汾河道	fen he dao	4
汾西	fen xi	24
汾西路	fen xi lu	3
汾阳县	fen yang xian	17
汾阳市	fen yang shi	45
汾阳路	fen yang lu	12
汾陈村	fen chen cun	2
沁园路	qin yuan lu	8
沁水新城	qin shui xin cheng	6
沁苑	qin yuan	19
沁阳县	qin yang xian	6
沁阳市	qin yang shi	27
沁雅花园	qin ya hua yuan	21
沂山	yi shan	8
沂山路	yi shan lu	3
沂山镇	yi shan zhen	4
沂溪村	yi xi cun	2
沃富	wo fu	3
沃尔维斯湾	wo er wei si wan	2
沃底乡	wo di xiang	3
沃日乡	wo ri xiang	3
沃柄村	wo bing cun	2
沅江县	yuan jiang xian	4
沅江市	yuan jiang shi	11
沅江路街道	yuan jiang lu jie dao	3
沅溪村	yuan xi cun	3
沈兴北路	shen xing bei lu	4
沈兴南路	shen xing nan lu	4
沈兴路	shen xing lu	2
沈兵	shen bing	1
沈半路口	shen ban lu kou	5
沈园	shen yuan	1
沈场	shen chang	3
沈塘桥	shen tang qiao	6
沈塘桥路	shen tang qiao lu	5
沈塘湾	shen tang wan	4
沈塘苑	shen tang yuan	3
沈宅	shen zhai	7
沈家墩村	shen jia dun cun	4
沈家宅	shen jia zhai	4
沈家庄	shen jia zhuang	5
沈家弄路	shen jia long lu	2
沈家村	shen jia cun	7
沈家桥	shen jia qiao	1
沈家浜	shen jia bang	4
沈家营	shen jia ying	7
沈家营街道	shen jia ying jie dao	3
沈家路东新路口	shen jia lu dong xin lu kou	2
沈家院子	shen jia yuan zi	4
沈屋	shen wu	3
沈屯村委会	shen tun cun wei hui	2
沈岙	shen ao	4
沈平路	shen ping lu	4
沈徐	shen xu	3
沈抚路	shen fu lu	3
沈李村	shen li cun	2
沈村	shen cun	3
沈桥	shen qiao	5
沈水东路	shen shui dong lu	2
沈江	shen jiang	2
沈洋镇	shen yang zhen	4
沈湾村	shen wan cun	5
沈溇村	shen lou cun	2
沈甸	shen dian	2
沈统	shen tong	5
沈钧儒故居	shen jun ru gu ju	3
沈阳和平大街	shen yang he ping da jie	2
沈阳市东陵区	shen yang shi dong ling qu	3
沈阳路	shen yang lu	8
沈阳道	shen yang dao	1
沉洲	chen zhou	3
沉洲社区	chen zhou she qu	2
沌口开发区	zhuan kou kai fa qu	9
沌口街道	zhuan kou jie dao	4
沌阳大街	zhuan yang da jie	5
沌阳街道	zhuan yang jie dao	1
沐三	mu san	3
沐川	mu chuan	36
沐阳	mu yang	23
沐霞路	mu xia lu	3
沔北路	mian bei lu	2
沙丁乡	sha ding xiang	5
沙丘遗址	sha qiu yi zhi	7
沙东乡	sha dong xiang	1
沙井大王山	sha jing da wang shan	4
沙井大道	sha jing da dao	4
沙井胡同	sha jing hu tong	10
沙冈	sha gang	1
沙冲	sha chong	10
沙冲路街道	sha chong lu jie dao	3
沙北	sha bei	5
沙北街道	sha bei jie dao	1
沙区医院	sha qu yi yuan	3
沙区法院	sha qu fa yuan	9
沙南	sha nan	27
沙发城上街	sha fa cheng shang jie	2
沙古堆	sha gu dui	4
沙吓村	sha xia cun	5
沙咀村	sha zui cun	3
沙园	sha yuan	3
沙园市场	sha yuan shi chang	5
沙围	sha wei	14
沙圪坨镇	sha ge tuo zhen	1
沙圪堵	sha ge du	8
沙圪塔乡	sha ge ta xiang	2
沙坑村	sha keng cun	7
沙坝河乡	sha ba he xiang	3
沙坡尾	sha po wei	16
沙坡村	sha po cun	5
沙坦市	sha tan shi	1
沙坪	sha ping	46
沙坪村	sha ping cun	1
沙垌镇	sha dong zhen	3
沙埔	sha pu	17
沙埠	sha bu	6
沙埠村	sha bu cun	5
沙堆	sha dui	38
沙堆乡	sha dui xiang	3
沙堡洲办事处	sha bao zhou ban shi chu	2
沙堤村	sha di cun	6
沙堰街	sha yan jie	4
沙塄河乡	sha leng he xiang	3
沙塘	sha tang	30
沙塘湾街道	sha tang wan jie dao	5
沙塘社区	sha tang she qu	4
沙墩	sha dun	34
沙大	sha da	7
沙头	sha tou	25
沙头居委会	sha tou ju wei hui	3
沙头村	sha tou cun	4
沙头渡口	sha tou du kou	3
沙头角保税区	sha tou jiao bao shui qu	1
沙头角区	sha tou jiao qu	3
沙头角海关	sha tou jiao hai guan	9
沙头角镇	sha tou jiao zhen	1
沙头角镇政府	sha tou jiao zhen zheng fu	2
沙子口	sha zi kou	12
沙子堰	sha zi yan	3
沙子营	sha zi ying	6
沙家寺	sha jia si	3
沙家巷	sha jia xiang	3
沙家店镇	sha jia dian zhen	1
沙家村	sha jia cun	3
沙家浜	sha jia bang	34
沙家浜村	sha jia bang cun	2
沙富	sha fu	9
沙尔呼热镇	sha er hu re zhen	2
沙尔宗乡	sha er zong xiang	3
沙尾	sha wei	7
沙尾工业区	sha wei gong ye qu	4
沙岗	sha gang	38
沙岗乡	sha gang xiang	2
沙岗子	sha gang zi	3
沙岗村	sha gang cun	1
沙岗路	sha gang lu	4
沙岭	sha ling	42
沙岭子	sha ling zi	14
沙岱乡	sha dai xiang	2
沙峪口	sha yu kou	1
沙峪沟	sha yu gou	4
沙峪沟村	sha yu gou cun	3
沙巴台	sha ba tai	4
沙市农场	sha shi nong chang	3
沙市市	sha shi shi	13
沙市道	sha shi dao	2
沙市道迎春里	sha shi dao ying chun li	2
沙庄	sha zhuang	11
沙德乡	sha de xiang	3
沙心乡	sha xin xiang	3
沙日浩来镇	sha ri hao lai zhen	2
沙明乡	sha ming xiang	3
沙枣园	sha zao yuan	3
沙柳北路	sha liu bei lu	3
沙柳南路	sha liu nan lu	2
沙柳路	sha liu lu	3
沙格村	sha ge cun	1
沙桥村	sha qiao cun	4
沙梨乡	sha li xiang	1
沙梨园	sha li yuan	2
沙段	sha duan	6
沙沃村	sha wo cun	3
沙河北大桥	sha he bei da qiao	5
沙河县	sha he xian	5
沙河口火车站	sha he kou huo che zhan	1
沙河地区	sha he di qu	1
沙河子	sha he zi	6
沙河工业园	sha he gong ye yuan	4
沙河市	sha he shi	8
沙河市场	sha he shi chang	6
沙河机场	sha he ji chang	4
沙河村委会	sha he cun wei hui	3
沙河沟	sha he gou	3
沙河滩	sha he tan	4
沙河经济技术开发区	sha he jing ji ji shu kai fa qu	3
沙河街	sha he jie	2
沙河西	sha he xi	3
沙河西站	sha he xi zhan	3
沙河铺路口	sha he pu lu kou	2
沙洋监狱管理局	sha yang jian yu guan li ju	2
沙洛乡	sha luo xiang	3
沙洲县	sha zhou xian	6
沙洲坝镇	sha zhou ba zhen	6
沙洲尾	sha zhou wei	6
沙洼	sha wa	1
沙浦	sha pu	11
沙浦村	sha pu cun	1
沙浮	sha fu	1
沙海	sha hai	39
沙涌	sha yong	4
沙渠村	sha qu cun	4
沙港	sha gang	22
沙湖乡	sha hu xiang	2
沙湖公园	sha hu gong yuan	10
沙湖宾馆	sha hu bin guan	3
沙湖山管理处	sha hu shan guan li chu	3
沙湖路口	sha hu lu kou	3
沙湾头	sha wan tou	3
沙湾村	sha wan cun	4
沙湾海关	sha wan hai guan	5
沙湾联检站	sha wan lian jian zhan	3
沙湾路	sha wan lu	8
沙溪村	sha xi cun	8
沙溪街道	sha xi jie dao	5
沙滘医院	sha jiao yi yuan	2
沙滘村	sha jiao cun	4
沙滘路口	sha jiao lu kou	2
沙滨路	sha bin lu	1
沙漠公路	sha mo gong lu	4
沙漠林业实验中心	sha mo lin ye shi yan zhong xin	3
沙珠玉乡	sha zhu yu xiang	1
沙田村	sha tian cun	7
沙甸镇	sha dian zhen	3
沙石场	sha shi chang	3
沙石路口东	sha shi lu kou dong	4
沙窝村委会	sha wo cun wei hui	2
沙窝桥东	sha wo qiao dong	2
沙窝桥北	sha wo qiao bei	2
沙窝桥西	sha wo qiao xi	2
沙窝社区	sha wo she qu	2
沙美村	sha mei cun	1
沙耳乡	sha er xiang	4
沙联	sha lian	4
沙能街	sha neng jie	2
沙腔乡	sha qiang xiang	2
沙贡乡	sha gong xiang	3
沙跃街	sha yue jie	2
沙边	sha bian	2
沙连堡乡	sha lian bao xiang	1
沙迳镇	sha jing zhen	1
沙里瑶族乡	sha li yao zu xiang	3
沙铺	sha pu	3
沙阳路口	sha yang lu kou	3
沙阳路社区	sha yang lu she qu	3
沙雅	sha ya	27
沙雅监狱	sha ya jian yu	1
沙马乡	sha ma xiang	3
沙马拉达乡	sha ma la da xiang	2
沙龙乡	sha long xiang	4
沙龙街	sha long jie	3
沙龙路	sha long lu	7
沟南乡	gou nan xiang	1
沟头	gou tou	10
沟头巷	gou tou xiang	3
沟头村	gou tou cun	4
沟头社区	gou tou she qu	4
沟沿	gou yan	11
沟溪	gou xi	1
沟西	gou xi	9
沟里乡	gou li xiang	1
沟门	gou men	24
沟门子镇	gou men zi zhen	2
没来头	mei lai tou	4
没梁殿	mei liang dian	2
沣东	feng dong	9
沣东镇	feng dong zhen	3
沣惠南路	feng hui nan lu	1
沣惠路	feng hui lu	6
沣河新区	feng he xin qu	2
沣河桥	feng he qiao	5
沣西	feng xi	5
沣镐东路	feng hao dong lu	5
沥口	li kou	4
沥港镇	li gang zhen	3
沥溪	li xi	3
沥窖	li jiao	1
沧南	cang nan	1
沧口	cang kou	19
沧口区	cang kou qu	4
沧州市南大港	cang zhou shi nan da gang	4
沧州市新华区	cang zhou shi xin hua qu	2
沧江道	cang jiang dao	3
沧波	cang bo	29
沧波门	cang bo men	2
沧浪路	cang lang lu	5
沩山	wei shan	22
沪东新村	hu dong xin cun	2
沪南公路	hu nan gong lu	27
沪太路	hu tai lu	24
沪星村	hu xing cun	2
沪杭公路	hu hang gong lu	21
沪淞公路	hu song gong lu	3
沪芦高速公路	hu lu gao su gong lu	7
沪闵路	hu min lu	43
沫东镇	mo dong zhen	4
沱江河	tuo jiang he	1
沱江路	tuo jiang lu	4
沱江里	tuo jiang li	2
沱河街道	tuo he jie dao	2
河一村	he yi cun	2
河万村	he wan cun	3
河上村	he shang cun	1
河上桥	he shang qiao	4
河下	he xia	8
河丘村	he qiu cun	2
河东北路	he dong bei lu	7
河东南路	he dong nan lu	8
河东市场	he dong shi chang	5
河东店	he dong dian	5
河东店镇	he dong dian zhen	1
河东水库	he dong shui ku	3
河众村	he zhong cun	3
河会	he hui	5
河伯岭林场	he bo ling lin chang	3
河包	he bao	5
河北大街	he bei da jie	3
河北头村	he bei tou cun	2
河北居委会	he bei ju wei hui	2
河北庄	he bei zhuang	2
河北沙河市白塔镇	he bei sha he shi bai ta zhen	3
河北省东光县	he bei sheng dong guang xian	3
河北省丰南县	he bei sheng feng nan xian	3
河北省丰润县	he bei sheng feng run xian	5
河北省任丘市	he bei sheng ren qiu shi	30
河北省南皮县	he bei sheng nan pi xian	8
河北省卢龙县	he bei sheng lu long xian	15
河北省唐山市丰南区	he bei sheng tang shan shi feng nan qu	7
河北省唐山市开平区	he bei sheng tang shan shi kai ping qu	7
河北省唐山市玉田县	he bei sheng tang shan shi yu tian xian	7
河北省大城县	he bei sheng da cheng xian	1
河北省定兴县	he bei sheng ding xing xian	7
河北省宽城县	he bei sheng kuan cheng xian	6
河北省平泉县	he bei sheng ping quan xian	3
河北省廊坊市安次区	he bei sheng lang fang shi an ci qu	7
河北省张家口	he bei sheng zhang jia kou	10
河北省徐水县	he bei sheng xu shui xian	7
河北省抚宁县	he bei sheng fu ning xian	4
河北省故城县	he bei sheng gu cheng xian	2
河北省文安县	he bei sheng wen an xian	6
河北省枣强县	he bei sheng zao qiang xian	5
河北省枣强县大营镇	he bei sheng zao qiang xian da ying zhen	5
河北省永清县	he bei sheng yong qing xian	4
河北省沧县	he bei sheng cang xian	6
河北省沧州市河间市	he bei sheng cang zhou shi he jian shi	2
河北省沧州新华区	he bei sheng cang zhou xin hua qu	2
河北省河间市	he bei sheng he jian shi	9
河北省泊头市	he bei sheng bo tou shi	3
河北省涞水县	he bei sheng lai shui xian	5
河北省清苑县	he bei sheng qing yuan xian	6
河北省玉田县	he bei sheng yu tian xian	3
河北省盐山县	he bei sheng yan shan xian	7
河北省石家庄市长安区	he bei sheng shi jia zhuang shi chang an qu	3
河北省长垣县	he bei sheng chang yuan xian	3
河北省霸州市	he bei sheng ba zhou shi	14
河北省饶阳县	he bei sheng rao yang xian	5
河北省香河县	he bei sheng xiang he xian	7
河北省黄骅市	he bei sheng huang hua shi	3
河北路	he bei lu	37
河北迁安市蔡园镇	he bei qian an shi cai yuan zhen	2
河北里	he bei li	5
河北镇政府	he bei zhen zheng fu	5
河北镇邮局	he bei zhen you ju	2
河北霸州市胜芳镇	he bei ba zhou shi sheng fang zhen	5
河北香河县淑阳镇	he bei xiang he xian shu yang zhen	2
河南东路	he nan dong lu	2
河南中南机械厂	he nan zhong nan ji xie chang	3
河南北路	he nan bei lu	9
河南头	he nan tou	3
河南市	he nan shi	14
河南庄村委会	he nan zhuang cun wei hui	3
河南新村	he nan xin cun	5
河南省南乐县	he nan sheng nan le xian	3
河南省武陟县	he nan sheng wu zhi xian	11
河南省永城市	he nan sheng yong cheng shi	16
河南街	he nan jie	8
河南路桥	he nan lu qiao	3
河南辛庄	he nan xin zhuang	3
河卡镇	he ka zhen	1
河口中学	he kou zhong xue	4
河口屯	he kou tun	2
河口粮库	he kou liang ku	3
河唇	he chun	8
河图村	he tu cun	3
河地乡	he di xiang	3
河坎	he kan	2
河坑	he keng	4
河坡	he po	2
河坪	he ping	5
河埒口	he lie kou	4
河埒新村	he lie xin cun	2
河埠	he bu	4
河堤公园	he di gong yuan	1
河塱镇	he lang zhen	3
河头	he tou	43
河头源	he tou yuan	4
河婆街道	he po jie dao	5
河山村	he shan cun	1
河山桥	he shan qiao	2
河岙	he ao	3
河岛公园	he dao gong yuan	5
河岱	he dai	3
河峪	he yu	4
河崖	he ya	4
河市	he shi	26
河市村	he shi cun	1
河庄	he zhuang	25
河心村	he xin cun	6
河排	he pai	3
河支乡	he zhi xiang	3
河景花园	he jing hua yuan	3
河桥村	he qiao cun	13
河楼乡	he lou xiang	2
河池县	he chi xian	9
河池地区	he chi di qu	8
河沥街道	he li jie dao	3
河沿北路	he yan bei lu	2
河沿大街	he yan da jie	22
河沿村	he yan cun	4
河沿路	he yan lu	6
河沿道	he yan dao	2
河泊厂	he bo chang	3
河泊厂胡同	he bo chang hu tong	2
河洋	he yang	1
河洋桥	he yang qiao	3
河洛话	he luo hua	1
河洞乡	he dong xiang	3
河津县	he jin xian	21
河津市	he jin shi	18
河津营	he jin ying	2
河洼	he wa	14
河浦	he pu	1
河浦街道	he pu jie dao	3
河海中路	he hai zhong lu	2
河海新村	he hai xin cun	3
河湾村委会	he wan cun wei hui	4
河湾村村委会	he wan cun cun wei hui	4
河源县	he yuan xian	11
河溪	he xi	24
河滨公寓	he bin gong yu	4
河滨花园	he bin hua yuan	3
河滨路	he bin lu	9
河滩公路	he tan gong lu	4
河滩居委会	he tan ju wei hui	2
河滩路	he tan lu	4
河滩长途汽车站	he tan chang tu qi che zhan	2
河田中学	he tian zhong xue	2
河畔名居	he pan ming ju	4
河畔花园	he pan hua yuan	3
河美	he mei	5
河美村	he mei cun	3
河背	he bei	25
河蓬乡	he peng xiang	4
河西坑	he xi keng	2
河西新村	he xi xin cun	4
河西洋	he xi yang	4
河西营村	he xi ying cun	3
河路道	he lu dao	1
河边乡	he bian xiang	1
河运校	he yun xiao	5
河间县	he jian xian	27
河间市	he jian shi	14
河间路	he jian lu	6
河防口	he fang kou	8
河阳村	he yang cun	5
河阳花苑	he yang hua yuan	2
河阳街道	he yang jie dao	1
河雍街道	he yong jie dao	3
油公司	you gong si	46
油召乡	you zhao xiang	1
油园	you yuan	4
油坊台子	you fang tai zi	3
油坊头	you fang tou	3
油坊村委会	you fang cun wei hui	3
油坊胡同	you fang hu tong	6
油巷	you xiang	3
油恰乡	you qia xiang	3
油房沟	you fang gou	1
油房湾	you fang wan	3
油房胡同	you fang hu tong	2
油松村	you song cun	5
油柑头	you gan tou	11
油榨	you zha	4
油气资源	you qi zi yuan	6
油泵厂	you beng chang	1
油泵厂社区	you beng chang she qu	2
油溪村	you xi cun	4
油漆作	you qi zuo	4
油漆作胡同	you qi zuo hu tong	3
油田总医院	you tian zong yi yuan	2
油田林场	you tian lin chang	1
油脂公司	you zhi gong si	4
油车村	you che cun	7
油车桥	you che qiao	6
油运司	you yun si	2
油铺街	you pu jie	7
治安大街	zhi an da jie	3
治安镇	zhi an zhen	1
沽源支路	gu yuan zhi lu	3
沽源路	gu yuan lu	2
沾尚镇	zhan shang zhen	5
沾益	zhan yi	49
沿丰街道	yan feng jie dao	3
沿口	yan kou	5
沿头	yan tou	2
沿山市场	yan shan shi chang	4
沿山路	yan shan lu	6
沿岩村	yan yan cun	2
沿岭乡	yan ling xiang	2
沿平	yan ping	30
沿江北路	yan jiang bei lu	6
沿江大道	yan jiang da dao	30
沿江工业园区	yan jiang gong ye yuan qu	5
沿江路	yan jiang lu	25
沿河东路	yan he dong lu	2
沿河南路	yan he nan lu	4
沿河县	yan he xian	2
沿河口村	yan he kou cun	4
沿河城	yan he cheng	2
沿河路	yan he lu	20
沿河路口	yan he lu kou	4
沿海公路	yan hai gong lu	26
沿港路	yan gang lu	2
沿湖小区	yan hu xiao qu	4
沿湖社区	yan hu she qu	4
沿溪	yan xi	14
沿滩	yan tan	11
沿码乡	yan ma xiang	2
泃阳镇	ju yang zhen	1
泄川乡	xie chuan xiang	3
泇口乡	jia kou xiang	2
泉上	quan shang	6
泉东	quan dong	4
泉嘶井	quan si jing	2
泉坪	quan ping	2
泉城路	quan cheng lu	18
泉塘	quan tang	6
泉塘新村	quan tang xin cun	2
泉塘村	quan tang cun	7
泉头	quan tou	8
泉子崖	quan zi ya	2
泉子沟	quan zi gou	5
泉安中路	quan an zhong lu	4
泉山公园	quan shan gong yuan	1
泉山检察院	quan shan jian cha yuan	4
泉山社区	quan shan she qu	3
泉山美墅	quan shan mei shu	3
泉州大桥	quan zhou da qiao	7
泉州市经济技术开发区	quan zhou shi jing ji ji shu kai fa qu	2
泉州师范学院	quan zhou shi fan xue yuan	10
泉州湾	quan zhou wan	24
泉州经贸学院	quan zhou jing mao xue yuan	1
泉州铁路	quan zhou tie lu	5
泉巨永乡	quan ju yong xiang	2
泉庄街道	quan zhuang jie dao	3
泉掌镇	quan zhang zhen	4
泉水坑	quan shui keng	2
泉水头	quan shui tou	4
泉水快轨站	quan shui kuai gui zhan	3
泉水洞	quan shui dong	3
泉水湾	quan shui wan	1
泉江	quan jiang	3
泉江镇	quan jiang zhen	4
泉淮社区	quan huai she qu	3
泉眼岭乡	quan yan ling xiang	1
泉秀	quan xiu	17
泉里	quan li	25
泊头市	bo tou shi	24
泊子	po zi	3
泊岗乡	bo gang xiang	2
泊湾	bo wan	2
泓园	hong yuan	3
泔溪	gan xi	1
法华南里社区	fa hua nan li she qu	4
法华寺	fa hua si	44
法坪乡	fa ping xiang	3
法属玻利尼西亚	fa shu bo li ni xi ya	4
法政路	fa zheng lu	7
法留山	fa liu shan	2
法相岩街道	fa xiang yan jie dao	3
法石	fa shi	2
法石社区	fa shi she qu	2
法脿乡	fa biao xiang	2
法花美社区	fa hua mei she qu	2
法裱镇	fa biao zhen	2
法轮寺	fa lun si	27
法门寺博物馆	fa men si bo wu guan	2
泗上	si shang	1
泗上村	si shang cun	4
泗交镇	si jiao zhen	4
泗坪乡	si ping xiang	4
泗塘新村	si tang xin cun	4
泗庄	si zhuang	4
泗水道	si shui dao	3
泗河街道	si he jie dao	1
泗洲村	si zhou cun	1
泗溪	si xi	6
泗溪村	si xi cun	4
泗滨	si bin	5
泗滨村	si bin cun	3
泗联	si lian	4
泗阳农场	si yang nong chang	2
泗阳道	si yang dao	3
泛北部湾	fan bei bu wan	1
泡桐树街	pao tong shu jie	5
波密乡	bo mi xiang	4
波戈溪乡	bo ge xi xiang	4
波斯坦铁列克乡	bo si tan tie lie ke xiang	4
波斯尼亚和黑塞哥维那	bo si ni ya he hei sai ge wei na	8
波斯河乡	bo si he xiang	4
波波乡	bo bo xiang	2
波洛乡	bo luo xiang	3
波阳	bo yang	9
波阳县	bo yang xian	4
泥坪	ni ping	4
泥尔河乡	ni er he xiang	1
泥岗东路	ni gang dong lu	6
泥岗村	ni gang cun	1
泥岗西路	ni gang xi lu	6
泥岗路	ni gang lu	2
泥巴乡	ni ba xiang	4
泥巴沱	ni ba tuo	4
泥朵乡	ni duo xiang	2
泥沟子	ni gou zi	2
泥湾村	ni wan cun	4
泥窝潭乡	ni wo tan xiang	4
泥金	ni jin	38
泥龙乡	ni long xiang	3
注沟	zhu gou	3
泮塘总站	pan tang zong zhan	4
泮村	pan cun	16
泰东路	tai dong lu	1
泰东路渡口	tai dong lu du kou	3
泰中花园	tai zhong hua yuan	4
泰兴南路	tai xing nan lu	4
泰兴县	tai xing xian	41
泰兴市	tai xing shi	23
泰兴路	tai xing lu	18
泰华寺	tai hua si	2
泰和医院	tai he yi yuan	7
泰和县工业园区	tai he xian gong ye yuan qu	2
泰和西路	tai he xi lu	4
泰和路	tai he lu	7
泰宁道	tai ning dao	3
泰安小区	tai an xiao qu	4
泰安路	tai an lu	18
泰安道	tai an dao	4
泰安里	tai an li	8
泰富广场	tai fu guang chang	1
泰山新村	tai shan xin cun	21
泰山花园	tai shan hua yuan	3
泰山路	tai shan lu	25
泰山郡	tai shan jun	47
泰山风景名胜区	tai shan feng jing ming sheng qu	7
泰州路	tai zhou lu	4
泰康路	tai kang lu	26
泰惠小区	tai hui xiao qu	2
泰昌路	tai chang lu	5
泰景花园	tai jing hua yuan	4
泰来	tai lai	9
泰来苑	tai lai yuan	5
泰河一街西口	tai he yi jie xi kou	3
泰然九路	tai ran jiu lu	1
泰然二路	tai ran er lu	2
泰然八路	tai ran ba lu	5
泰然六路	tai ran liu lu	5
泰然四路	tai ran si lu	5
泰苑	tai yuan	26
泰陵园	tai ling yuan	3
泰陵园村	tai ling yuan cun	3
泸定路	lu ding lu	6
泸州路	lu zhou lu	4
泸桥	lu qiao	3
泸水县六库镇	lu shui xian liu ku zhen	1
泽库	ze ku	16
泽当	ze dang	8
泽普	ze pu	36
泽生	ze sheng	27
泽雅	ze ya	22
泾川	jing chuan	43
泾水路	jing shui lu	3
泾水道	jing shui dao	2
泾河源镇	jing he yuan zhen	3
泾河管委会	jing he guan wei hui	3
洄水镇	hui shui zhen	2
洄澜南苑	hui lan nan yuan	2
洋上	yang shang	5
洋上村	yang shang cun	1
洋下	yang xia	5
洋下新村	yang xia xin cun	5
洋下村	yang xia cun	5
洋中	yang zhong	18
洋中村	yang zhong cun	3
洋中街道	yang zhong jie dao	1
洋内	yang nei	5
洋内村	yang nei cun	2
洋口	yang kou	13
洋坊	yang fang	4
洋坑	yang keng	1
洋坑村	yang keng cun	5
洋坪	yang ping	1
洋坪村	yang ping cun	4
洋埔	yang pu	3
洋埭	yang dai	5
洋埭村	yang dai cun	5
洋塘	yang tang	4
洋头	yang tou	3
洋头口	yang tou kou	1
洋头村	yang tou cun	1
洋宅	yang zhai	1
洋宅村	yang zhai cun	2
洋尾村	yang wei cun	2
洋山村	yang shan cun	4
洋山港	yang shan gang	16
洋山镇	yang shan zhen	2
洋峰农场	yang feng nong chang	2
洋店	yang dian	5
洋桥	yang qiao	12
洋桥西	yang qiao xi	5
洋河酒厂	yang he jiu chang	7
洋泾港桥	yang jing gang qiao	5
洋洞	yang dong	1
洋洽	yang qia	5
洋海	yang hai	11
洋港	yang gang	42
洋溢胡同	yang yi hu tong	1
洋珠巷	yang zhu xiang	6
洋田	yang tian	6
洋田村	yang tian cun	1
洋美	yang mei	25
洋美村	yang mei cun	3
洋茂村	yang mao cun	3
洋蛮河	yang man he	2
洋角	yang jiao	3
洋边	yang bian	1
洋边村	yang bian cun	4
洋里	yang li	14
洎阳街道	ji yang jie dao	4
洑水湾乡	fu shui wan xiang	5
洑江村	fu jiang cun	2
洑溪村	fu xi cun	4
洒拉地坡乡	sa la di po xiang	3
洒金桥	sa jin qiao	1
洗新乡	xi xin xiang	4
洗毛厂	xi mao chang	1
洗泽乡	xi ze xiang	2
洗煤街道	xi mei jie dao	4
洗耳河街道	xi er he jie dao	5
洗衣机总厂	xi yi ji zong chang	3
洗车厂	xi che chang	2
洗车场	xi che chang	13
洗选厂	xi xuan chang	1
洗面桥	xi mian qiao	2
洗面桥横街	xi mian qiao heng jie	7
洗马河街道	xi ma he jie dao	3
洗马路街道	xi ma lu jie dao	3
洚河流镇	jiang he liu zhen	1
洛三高速	luo san gao su	3
洛俄依甘乡	luo e yi gan xiang	3
洛古	luo gu	15
洛古波乡	luo gu bo xiang	4
洛哈镇	luo ha zhen	3
洛四房村	luo si fang cun	3
洛大乡	luo da xiang	1
洛宁	luo ning	45
洛安	luo an	5
洛安村	luo an cun	1
洛尔达乡	luo er da xiang	3
洛峪镇	luo yu zhen	3
洛川东路	luo chuan dong lu	6
洛川路	luo chuan lu	13
洛左乡	luo zuo xiang	3
洛帮镇	luo bang zhen	3
洛庄	luo zhuang	11
洛庄村	luo zhuang cun	1
洛扎	luo zha	40
洛扎镇	luo zha zhen	4
洛本卓白族乡	luo ben zhuo bai zu xiang	2
洛江科技园	luo jiang ke ji yuan	2
洛河桥	luo he qiao	2
洛浦	luo pu	43
洛浦寺林场	luo pu si lin chang	2
洛源镇	luo yuan zhen	2
洛溪桥脚	luo xi qiao jiao	6
洛王街道	luo wang jie dao	6
洛秋乡	luo qiu xiang	4
洛美	luo mei	9
洛若乡	luo ruo xiang	1
洛莫乡	luo mo xiang	2
洛莫依达乡	luo mo yi da xiang	3
洛车乡	luo che xiang	3
洛阳村	luo yang cun	6
洛阳桥	luo yang qiao	8
洛阳道	luo yang dao	5
洛隆	luo long	12
洛须	luo xu	5
洛须镇	luo xu zhen	6
洞上	dong shang	7
洞下	dong xia	8
洞下村	dong xia cun	4
洞井	dong jing	1
洞井瑶族乡	dong jing yao zu xiang	4
洞嘎镇	dong ga zhen	3
洞坑	dong keng	7
洞坪乡	dong ping xiang	2
洞子口	dong zi kou	14
洞尾	dong wei	5
洞山	dong shan	38
洞山村	dong shan cun	3
洞市村	dong shi cun	2
洞市林场	dong shi lin chang	2
洞庭路	dong ting lu	5
洞措乡	dong cuo xiang	2
洞松乡	dong song xiang	3
洞桥	dong qiao	31
洞河镇	dong he zhen	3
洞湾	dong wan	1
洞溪村	dong xi cun	2
洞阳	dong yang	2
洣江乡	mi jiang xiang	6
津保高速公路	jin bao gao su gong lu	5
津南经济开发区	jin nan jing ji kai fa qu	3
津围公路	jin wei gong lu	6
津塘公路	jin tang gong lu	6
津塘路	jin tang lu	6
津岐公路	jin qi gong lu	4
津市市	jin shi shi	4
津昆桥	jin kun qiao	5
津永公路	jin yong gong lu	2
津河	jin he	16
津沽公路	jin gu gong lu	3
津沽路	jin gu lu	2
津泰路	jin tai lu	9
津浦北路	jin pu bei lu	1
津涞道	jin lai dao	3
津港公路	jin gang gong lu	5
津港路	jin gang lu	1
津滨大道	jin bin da dao	7
津赤道	jin chi dao	2
津霸公路	jin ba gong lu	1
津静桥	jin jing qiao	2
洪东	hong dong	13
洪东社区	hong dong she qu	3
洪井乡	hong jing xiang	3
洪佑村	hong you cun	4
洪关苗族乡	hong guan miao zu xiang	3
洪兴路	hong xing lu	6
洪内	hong nei	10
洪内村	hong nei cun	3
洪北	hong bei	2
洪北社区	hong bei she qu	3
洪南	hong nan	5
洪南社区	hong nan she qu	3
洪厝	hong cuo	3
洪厝村	hong cuo cun	2
洪四	hong si	10
洪园村	hong yuan cun	3
洪圣爷	hong sheng ye	2
洪地	hong di	4
洪坝	hong ba	2
洪坝乡	hong ba xiang	4
洪塘	hong tang	17
洪塘中路	hong tang zhong lu	4
洪塘村	hong tang cun	2
洪塘营瑶族乡	hong tang ying yao zu xiang	5
洪安围	hong an wei	4
洪家井	hong jia jing	3
洪家关白族乡	hong jia guan bai zu xiang	7
洪家农牧场	hong jia nong mu chang	2
洪家坡	hong jia po	5
洪家巷	hong jia xiang	3
洪家庄	hong jia zhuang	2
洪家村	hong jia cun	1
洪家桥	hong jia qiao	11
洪山体育馆	hong shan ti yu guan	6
洪山桥	hong shan qiao	12
洪山桥头	hong shan qiao tou	5
洪山西客站	hong shan xi ke zhan	1
洪山路	hong shan lu	14
洪岭	hong ling	4
洪岭村	hong ling cun	3
洪峰乡	hong feng xiang	3
洪庆	hong qing	23
洪旺	hong wang	1
洪春桥	hong chun qiao	7
洪村	hong cun	13
洪格尔苏木	hong ge er su mu	2
洪桥	hong qiao	11
洪桥村	hong qiao cun	5
洪桥街道	hong qiao jie dao	5
洪梅村	hong mei cun	3
洪步村	hong bu cun	2
洪殿	hong dian	1
洪江区	hong jiang qu	3
洪江市	hong jiang shi	19
洪江路	hong jiang lu	3
洪沟	hong gou	9
洪沟第一	hong gou di yi	2
洪河镇	hong he zhen	4
洪波路	hong bo lu	3
洪泽路	hong ze lu	2
洪浪北路	hong lang bei lu	2
洪浪南路	hong lang nan lu	4
洪港	hong gang	2
洪湖东路	hong hu dong lu	3
洪湖南路	hong hu nan lu	2
洪湖县	hong hu xian	7
洪湖市	hong hu shi	26
洪湖西路	hong hu xi lu	1
洪湖路	hong hu lu	5
洪湾	hong wan	13
洪湾水闸	hong wan shui zha	2
洪湾电厂	hong wan dian chang	2
洪源	hong yuan	34
洪溪	hong xi	5
洪溪村	hong xi cun	1
洪潮江水库	hong chao jiang shui ku	3
洪濑	hong lai	47
洪田	hong tian	1
洪田村	hong tian cun	1
洪相乡	hong xiang xiang	4
洪福村	hong fu cun	4
洪窟	hong ku	2
洪竹村	hong zhu cun	3
洪良	hong liang	8
洪苑小区	hong yuan xiao qu	4
洪西	hong xi	13
洪西社区	hong xi she qu	5
洪都街道	hong du jie dao	3
洪门街道	hong men jie dao	3
洮东乡	tao dong xiang	2
洮北	tao bei	13
洮南市	tao nan shi	9
洮安	tao an	6
洮安县	tao an xian	5
洮府乡	tao fu xiang	2
洮砚乡	tao yan xiang	2
洮西	tao xi	4
洲头	zhou tou	15
洲头街道	zhou tou jie dao	3
洲市乡	zhou shi xiang	3
洲心街道	zhou xin jie dao	5
洲河	zhou he	4
洲泰	zhou tai	4
洲美	zhou mei	21
洲陂乡	zhou bei xiang	3
洵阳路	xun yang lu	3
洹北街道	huan bei jie dao	3
洺口镇	ming kou zhen	2
洺州镇	ming zhou zhen	3
活力村	huo li cun	3
活水村	huo shui cun	3
洼堤乡	wa di xiang	3
洼底乡	wa di xiang	4
洼里	wa li	16
洼里南口	wa li nan kou	5
洽川镇	qia chuan zhen	5
派塔	pai ta	4
流仓桥街道	liu cang qiao jie dao	1
流冲河	liu chong he	2
流口	liu kou	6
流坑	liu keng	6
流坑管理局	liu keng guan li ju	2
流塘村	liu tang cun	2
流川乡	liu chuan xiang	3
流星花园西门	liu xing hua yuan xi men	2
流桥	liu qiao	5
流水东苑	liu shui dong yuan	5
流水北苑	liu shui bei yuan	4
流水沟	liu shui gou	4
流水苑	liu shui yuan	6
流沙东街道	liu sha dong jie dao	2
流沙北街道	liu sha bei jie dao	4
流沙南街	liu sha nan jie	2
流沙南街道	liu sha nan jie dao	4
流沙河	liu sha he	14
流沙西街道	liu sha xi jie dao	1
流河沟村	liu he gou cun	3
流洋	liu yang	2
流港	liu gang	3
流源	liu yuan	3
流溪小学	liu xi xiao xue	5
流溪河国家森林公园	liu xi he guo jia sen lin gong yuan	8
流溪河林场	liu xi he lin chang	7
流研所	liu yan suo	3
流花医院	liu hua yi yuan	6
流花宾馆	liu hua bin guan	6
流花玉宇	liu hua yu yu	4
流行港	liu xing gang	3
流镇政府	liu zhen zheng fu	2
流顺乡	liu shun xiang	3
浅水湾城市花园	qian shui wan cheng shi hua yuan	6
浅草名苑	qian cao ming yuan	4
浆洗街	jiang xi jie	6
浆洗街街道	jiang xi jie jie dao	6
浆洞瑶族乡	jiang dong yao zu xiang	5
浇底乡	jiao di xiang	3
浈江	zhen jiang	11
浈江区政府	zhen jiang qu zheng fu	4
浈江法院	zhen jiang fa yuan	6
浉城百丽	shi cheng bai li	3
测绘大队	ce hui da dui	8
济南路	ji nan lu	26
济南郡	ji nan jun	28
济宁路	ji ning lu	11
济川	ji chuan	28
济川村	ji chuan cun	4
济川街道	ji chuan jie dao	5
济州火山岛和熔岩洞	ji zhou huo shan dao he rong yan dong	3
济河街道	ji he jie dao	3
济源县	ji yuan xian	27
济源市	ji yuan shi	43
济阳路	ji yang lu	27
浏城桥	liu cheng qiao	1
浏正街	liu zheng jie	7
浏阳县	liu yang xian	40
浏阳市	liu yang shi	42
浏阳河路	liu yang he lu	6
浏阳生物医药园	liu yang sheng wu yi yao yuan	7
浏阳道	liu yang dao	2
浐水西路	chan shui xi lu	5
浐河	chan he	6
浑江	hun jiang	21
浑江市	hun jiang shi	3
浑邪王	hun ye wang	19
浓桥镇	nong qiao zhen	3
浔中	xun zhong	4
浔中村	xun zhong cun	2
浔埔	xun pu	1
浔埔社区	xun pu she qu	1
浔江路	xun jiang lu	1
浔美	xun mei	2
浔美工业区	xun mei gong ye qu	4
浔美社区	xun mei she qu	3
浔阳	xun yang	29
浙一医院	zhe yi yi yuan	3
浙二医院	zhe er yi yuan	7
浙北大厦	zhe bei da sha	4
浙大之江校区	zhe da zhi jiang xiao qu	2
浙大华家池校区	zhe da hua jia chi xiao qu	2
浙大湖滨校区	zhe da hu bin xiao qu	1
浙大科技园	zhe da ke ji yuan	1
浙大紫金港校区	zhe da zi jin gang xiao qu	7
浙大西溪校区	zhe da xi xi xiao qu	6
浙大附中	zhe da fu zhong	6
浙师大	zhe shi da	47
浙江上虞市崧厦镇	zhe jiang shang yu shi song sha zhen	3
浙江东阳市南马镇	zhe jiang dong yang shi nan ma zhen	3
浙江东阳市横店镇	zhe jiang dong yang shi heng dian zhen	3
浙江中国花木城	zhe jiang zhong guo hua mu cheng	4
浙江中路	zhe jiang zhong lu	7
浙江临海市东塍镇	zhe jiang lin hai shi dong cheng zhen	3
浙江临海市杜桥镇	zhe jiang lin hai shi du qiao zhen	4
浙江义乌市佛堂镇	zhe jiang yi wu shi fo tang zhen	4
浙江义乌市苏溪镇	zhe jiang yi wu shi su xi zhen	2
浙江义乌市赤岸镇	zhe jiang yi wu shi chi an zhen	3
浙江乐清市乐成镇	zhe jiang yue qing shi le cheng zhen	2
浙江乐清市北白象镇	zhe jiang yue qing shi bei bai xiang zhen	4
浙江乐清市大荆镇	zhe jiang yue qing shi da jing zhen	2
浙江乐清市柳市镇	zhe jiang yue qing shi liu shi zhen	2
浙江乐清市虹桥镇	zhe jiang yue qing shi hong qiao zhen	4
浙江余姚市三七市镇	zhe jiang yu yao shi san qi shi zhen	3
浙江余姚市临山镇	zhe jiang yu yao shi lin shan zhen	3
浙江余姚市大隐镇	zhe jiang yu yao shi da yin zhen	3
浙江余姚市泗门镇	zhe jiang yu yao shi si men zhen	2
浙江余姚市黄家埠镇	zhe jiang yu yao shi huang jia bu zhen	2
浙江余杭区乔司镇	zhe jiang yu hang qu qiao si zhen	3
浙江北路	zhe jiang bei lu	1
浙江南路	zhe jiang nan lu	1
浙江嘉善县姚庄镇	zhe jiang jia shan xian yao zhuang zhen	3
浙江嘉善县陶庄镇	zhe jiang jia shan xian tao zhuang zhen	2
浙江嘉善县魏塘镇	zhe jiang jia shan xian wei tang zhen	2
浙江宁海县西店镇	zhe jiang ning hai xian xi dian zhen	2
浙江宁海县黄坛镇	zhe jiang ning hai xian huang tan zhen	2
浙江富阳市灵桥镇	zhe jiang fu yang shi ling qiao zhen	3
浙江富阳市高桥镇	zhe jiang fu yang shi gao qiao zhen	2
浙江工业大学	zhe jiang gong ye da xue	31
浙江工商大学	zhe jiang gong shang da xue	20
浙江平湖市全塘镇	zhe jiang ping hu shi quan tang zhen	2
浙江平湖市新埭镇	zhe jiang ping hu shi xin dai zhen	2
浙江平湖市林埭镇	zhe jiang ping hu shi lin dai zhen	3
浙江平阳县昆阳镇	zhe jiang ping yang xian kun yang zhen	4
浙江平阳县萧江镇	zhe jiang ping yang xian xiao jiang zhen	2
浙江德清县新市镇	zhe jiang de qing xian xin shi zhen	3
浙江德清县武康镇	zhe jiang de qing xian wu kang zhen	2
浙江德清县洛舍镇	zhe jiang de qing xian luo she zhen	3
浙江德清县雷甸镇	zhe jiang de qing xian lei dian zhen	3
浙江慈溪市庵东镇	zhe jiang ci xi shi an dong zhen	2
浙江慈溪市掌起镇	zhe jiang ci xi shi zhang qi zhen	2
浙江慈溪市新浦镇	zhe jiang ci xi shi xin pu zhen	2
浙江慈溪市逍林镇	zhe jiang ci xi shi xiao lin zhen	2
浙江慈溪市附海镇	zhe jiang ci xi shi fu hai zhen	2
浙江新昌县城关镇	zhe jiang xin chang xian cheng guan zhen	4
浙江桐乡市崇福镇	zhe jiang tong xiang shi chong fu zhen	2
浙江桐乡市濮院镇	zhe jiang tong xiang shi pu yuan zhen	3
浙江桐庐县横村镇	zhe jiang tong lu xian heng cun zhen	2
浙江武义县桐琴镇	zhe jiang wu yi xian tong qin zhen	3
浙江永嘉县桥头镇	zhe jiang yong jia xian qiao tou zhen	3
浙江永嘉县瓯北镇	zhe jiang yong jia xian ou bei zhen	3
浙江海宁市周王庙镇	zhe jiang hai ning shi zhou wang miao zhen	2
浙江海宁市斜桥镇	zhe jiang hai ning shi xie qiao zhen	4
浙江海宁市盐官镇	zhe jiang hai ning shi yan guan zhen	4
浙江海宁市袁花镇	zhe jiang hai ning shi yuan hua zhen	3
浙江海宁市许村镇	zhe jiang hai ning shi xu cun zhen	3
浙江海宁市长安镇	zhe jiang hai ning shi chang an zhen	3
浙江海盐县澉浦镇	zhe jiang hai yan xian gan pu zhen	2
浙江淳安县千岛湖镇	zhe jiang chun an xian qian dao hu zhen	2
浙江温岭市大溪镇	zhe jiang wen ling shi da xi zhen	5
浙江温岭市新河镇	zhe jiang wen ling shi xin he zhen	5
浙江温岭市松门镇	zhe jiang wen ling shi song men zhen	3
浙江温岭市泽国镇	zhe jiang wen ling shi ze guo zhen	6
浙江温岭市温峤镇	zhe jiang wen ling shi wen jiao zhen	2
浙江温岭市石塘镇	zhe jiang wen ling shi shi tang zhen	5
浙江温岭市箬横镇	zhe jiang wen ling shi ruo heng zhen	4
浙江玉环县楚门镇	zhe jiang yu huan xian chu men zhen	2
浙江玉环县珠港镇	zhe jiang yu huan xian zhu gang zhen	3
浙江瑞安市塘下镇	zhe jiang rui an shi tang xia zhen	5
浙江瑞安市莘塍镇	zhe jiang rui an shi shen cheng zhen	2
浙江瑞安市陶山镇	zhe jiang rui an shi tao shan zhen	2
浙江瑞安市飞云镇	zhe jiang rui an shi fei yun zhen	3
浙江省平阳县	zhe jiang sheng ping yang xian	7
浙江科技学院	zhe jiang ke ji xue yuan	12
浙江绍兴县孙端镇	zhe jiang shao xing xian sun duan zhen	2
浙江绍兴县富盛镇	zhe jiang shao xing xian fu sheng zhen	2
浙江绍兴县杨汛桥镇	zhe jiang shao xing xian yang xun qiao zhen	5
浙江绍兴县福全镇	zhe jiang shao xing xian fu quan zhen	3
浙江绍兴县齐贤镇	zhe jiang shao xing xian qi xian zhen	2
浙江苍南县金乡镇	zhe jiang cang nan xian jin xiang zhen	2
浙江苍南县钱库镇	zhe jiang cang nan xian qian ku zhen	3
浙江苍南县龙港镇	zhe jiang cang nan xian long gang zhen	4
浙江萧山区瓜沥镇	zhe jiang xiao shan qu gua li zhen	2
浙江萧山区闻堰镇	zhe jiang xiao shan qu wen yan zhen	2
浙江诸暨市大唐镇	zhe jiang zhu ji shi da tang zhen	5
浙江诸暨市山下湖镇	zhe jiang zhu ji shi shan xia hu zhen	2
浙江诸暨市店口镇	zhe jiang zhu ji shi dian kou zhen	3
浙江诸暨市枫桥镇	zhe jiang zhu ji shi feng qiao zhen	1
浙江诸暨市草塔镇	zhe jiang zhu ji shi cao ta zhen	2
浙江象山县石浦镇	zhe jiang xiang shan xian shi pu zhen	2
浙江象山县西周镇	zhe jiang xiang shan xian xi zhou zhen	2
浙江贸易学校	zhe jiang mao yi xue xiao	3
浙江路	zhe jiang lu	13
浙江长兴县洪桥镇	zhe jiang chang xing xian hong qiao zhen	3
浙江长兴县煤山镇	zhe jiang chang xing xian mei shan zhen	3
浚边	xun bian	4
浣沙路	huan sha lu	4
浣纱路口	huan sha lu kou	6
浣花路	huan hua lu	7
浦三路	pu san lu	22
浦东南路	pu dong nan lu	42
浦东图书馆	pu dong tu shu guan	9
浦东大道	pu dong da dao	25
浦东巴士	pu dong ba shi	2
浦东花园	pu dong hua yuan	4
浦东行政中心	pu dong xing zheng zhong xin	4
浦东街	pu dong jie	4
浦东运河	pu dong yun he	5
浦兴路	pu xing lu	2
浦前东路	pu qian dong lu	2
浦北	pu bei	49
浦北路	pu bei lu	7
浦南医院	pu nan yi yuan	1
浦南新村	pu nan xin cun	3
浦城路	pu cheng lu	15
浦建路	pu jian lu	17
浦江苑	pu jiang yuan	5
浦沅	pu yuan	2
浦沿	pu yan	5
浦沿中学	pu yan zhong xue	4
浦沿叉口	pu yan cha kou	4
浦沿路滨文路口	pu yan lu bin wen lu kou	5
浦沿镇	pu yan zhen	2
浦洲花园	pu zhou hua yuan	3
浦电路	pu dian lu	17
浦电路浦东南路	pu dian lu pu dong nan lu	1
浦贝彝族乡	pu bei yi zu xiang	1
浦达路	pu da lu	2
浩泰	hao tai	6
浩海小区	hao hai xiao qu	2
浩饶山乡	hao rao shan xiang	2
浪卡子	lang ka zi	6
浪坪乡	lang ping xiang	3
浪多	lang duo	6
浪多乡	lang duo xiang	3
浪波乡	lang bo xiang	2
浪漫和山	lang man he shan	4
浪琴翠园	lang qin cui yuan	3
浪茄	lang qie	2
浮丘山乡	fu qiu shan xiang	3
浮图店乡	fu tu dian xiang	3
浮图讲乡	fu tu jiang xiang	4
浮坪	fu ping	2
浮塘村	fu tang cun	3
浮墩	fu dun	4
浮头	fu tou	2
浮山所	fu shan suo	4
浮山村	fu shan cun	2
浮山校区	fu shan xiao qu	2
浮村	fu cun	3
浮桥村	fu qiao cun	5
浮桥社区	fu qiao she qu	3
浮桥街	fu qiao jie	2
浮洲	fu zhou	39
浮邱山乡	fu qiu shan xiang	7
浮邱山林场	fu qiu shan lin chang	3
浯口	wu kou	1
浯水道	wu shui dao	5
浯潭村	wu tan cun	2
浰源镇	lian yuan zhen	4
浴鹄湾	yu hu wan	6
海上世界	hai shang shi jie	42
海上新村	hai shang xin cun	3
海东地区	hai dong di qu	11
海东社区	hai dong she qu	5
海东路街道	hai dong lu jie dao	5
海之韵广场	hai zhi yun guang chang	1
海云乡	hai yun xiang	2
海交馆	hai jiao guan	5
海产市场	hai chan shi chang	1
海伦县	hai lun xian	3
海伦市	hai lun shi	30
海傍西路	hai bang xi lu	3
海关大楼	hai guan da lou	28
海关西园社区	hai guan xi yuan she qu	2
海兴	hai xing	34
海兴路	hai xing lu	9
海兴镇	hai xing zhen	2
海军潜艇学院	hai jun qian ting xue yuan	7
海军社区	hai jun she qu	2
海凌	hai ling	1
海则滩乡	hai ze tan xiang	4
海北头乡	hai bei tou xiang	1
海北州	hai bei zhou	40
海北街道	hai bei jie dao	3
海华小学	hai hua xiao xue	4
海华花园	hai hua hua yuan	4
海南州	hai nan zhou	26
海南省琼海市	hai nan sheng qiong hai shi	20
海南路	hai nan lu	15
海南钢铁公司	hai nan gang tie gong si	2
海印桥南	hai yin qiao nan	6
海员路	hai yuan lu	4
海地路	hai di lu	2
海坝	hai ba	23
海坨乡	hai tuo xiang	2
海城县	hai cheng xian	16
海城市	hai cheng shi	30
海外交通史博物馆	hai wai jiao tong shi bo wu guan	7
海天路	hai tian lu	1
海头	hai tou	8
海头街道	hai tou jie dao	3
海子沟乡	hai zi gou xiang	3
海子沿乡	hai zi yan xiang	7
海子滩镇	hai zi tan zhen	4
海子角	hai zi jiao	6
海子角东口	hai zi jiao dong kou	3
海子角北口	hai zi jiao bei kou	3
海子角村	hai zi jiao cun	2
海子角社区	hai zi jiao she qu	2
海子角西里	hai zi jiao xi li	3
海宁盐仓开发区	hai ning yan cang kai fa qu	2
海宁路	hai ning lu	29
海客瀛洲	hai ke ying zhou	6
海宴	hai yan	20
海尾	hai wei	14
海尾村	hai wei cun	2
海山晓霁	hai shan xiao ji	3
海山路	hai shan lu	1
海山道	hai shan dao	18
海岱	hai dai	27
海岸花园	hai an hua yuan	6
海峡之声电台	hai xia zhi sheng dian tai	1
海州管理区	hai zhou guan li qu	2
海幢公园	hai chuang gong yuan	5
海康	hai kang	21
海康县	hai kang xian	20
海归道	hai gui dao	2
海德堡花园	hai de bao hua yuan	3
海心沙	hai xin sha	42
海怡湾畔	hai yi wan pan	3
海慧寺	hai hui si	5
海户屯	hai hu tun	4
海户西里北社区	hai hu xi li bei she qu	4
海户西里南社区	hai hu xi li nan she qu	2
海拉乡	hai la xiang	4
海拉尔市	hai la er shi	7
海拉苏	hai la su	3
海拉苏镇	hai la su zhen	2
海明街道	hai ming jie dao	3
海晏县西海镇	hai yan xian xi hai zhen	3
海景花园	hai jing hua yuan	5
海曙交警大队	hai shu jiao jing da dui	6
海月	hai yue	9
海月桥	hai yue qiao	3
海月花园	hai yue hua yuan	1
海林县	hai lin xian	4
海林市	hai lin shi	12
海林林业局	hai lin lin ye ju	7
海桐路	hai tong lu	1
海棠公园	hai tang gong yuan	3
海棠大道	hai tang da dao	6
海棠学院	hai tang xue yuan	5
海棠里	hai tang li	2
海椒市	hai jiao shi	6
海欣路	hai xin lu	2
海汕公路	hai shan gong lu	3
海江新村	hai jiang xin cun	3
海江路	hai jiang lu	6
海沧农场	hai cang nong chang	2
海沧大道	hai cang da dao	3
海河东路	hai he dong lu	2
海泉湾	hai quan wan	19
海波道	hai bo dao	2
海泰华科七路	hai tai hua ke qi lu	2
海泰华科九路	hai tai hua ke jiu lu	2
海泰南道	hai tai nan dao	2
海泰发展二路	hai tai fa zhan er lu	2
海泰发展六道	hai tai fa zhan liu dao	2
海泰大道	hai tai da dao	4
海泰西路	hai tai xi lu	2
海洋二所	hai yang er suo	4
海洋文化节	hai yang wen hua jie	6
海津大桥	hai jin da qiao	1
海洪	hai hong	5
海洪桥	hai hong qiao	2
海洲路	hai zhou lu	1
海浪机场	hai lang ji chang	1
海润公司	hai run gong si	5
海淀中街	hai dian zhong jie	6
海淀交通支队	hai dian jiao tong zhi dui	9
海淀公园	hai dian gong yuan	3
海淀区政府	hai dian qu zheng fu	8
海淀区残联	hai dian qu can lian	5
海淀南路	hai dian nan lu	5
海淀南路西口	hai dian nan lu xi kou	2
海淀桥东	hai dian qiao dong	4
海淀桥北	hai dian qiao bei	3
海淀桥西	hai dian qiao xi	3
海淀站	hai dian zhan	6
海淀镇	hai dian zhen	3
海淀黄庄	hai dian huang zhuang	11
海淀黄庄东	hai dian huang zhuang dong	2
海淀黄庄北	hai dian huang zhuang bei	6
海淀黄庄西	hai dian huang zhuang xi	2
海渔	hai yu	3
海港中心	hai gang zhong xin	2
海港医院	hai gang yi yuan	4
海港大酒店	hai gang da jiu dian	1
海游街	hai you jie	3
海游路	hai you lu	5
海湾乡	hai wan xiang	3
海湾大酒店	hai wan da jiu dian	2
海源中路	hai yuan zhong lu	5
海源道	hai yuan dao	2
海滨东路	hai bin dong lu	3
海滨区	hai bin qu	17
海滨南	hai bin nan	3
海滨新村	hai bin xin cun	6
海滨村	hai bin cun	4
海滨泳场	hai bin yong chang	2
海滨湾	hai bin wan	3
海滨社区	hai bin she qu	3
海滨街	hai bin jie	2
海滨路	hai bin lu	35
海潮寺	hai chao si	16
海潮庵	hai chao an	1
海潮社区	hai chao she qu	4
海潮路	hai chao lu	2
海潮路口	hai chao lu kou	5
海特花园	hai te hua yuan	6
海特花园第一社区	hai te hua yuan di yi she qu	2
海珠客运站	hai zhu ke yun zhan	1
海珠广场	hai zhu guang chang	9
海福巷	hai fu xiang	2
海管	hai guan	8
海精灵	hai jing ling	4
海红小区	hai hong xiao qu	4
海纳路	hai na lu	2
海联大厦	hai lian da sha	5
海航路	hai hang lu	1
海茂村	hai mao cun	4
海荣新村	hai rong xin cun	4
海虹村	hai hong cun	3
海豚馆	hai tun guan	2
海达广场	hai da guang chang	3
海运仓	hai yun cang	11
海运仓社区	hai yun cang she qu	6
海运仓胡同	hai yun cang hu tong	4
海通道	hai tong dao	27
海逸酒店	hai yi jiu dian	15
海那尔	hai na er	3
海都公司	hai du gong si	5
海门县	hai men xian	20
海门市	hai men shi	15
海门市区	hai men shi qu	5
海门市海门港	hai men shi hai men gang	4
海门村	hai men cun	2
海门港	hai men gang	5
海门路	hai men lu	1
海防路	hai fang lu	5
海阳县	hai yang xian	45
海阳大桥	hai yang da qiao	4
海阳市	hai yang shi	36
海阳新村	hai yang xin cun	3
海陵村	hai ling cun	2
海陵镇	hai ling zhen	5
海霞新村	hai xia xin cun	1
海青路	hai qing lu	1
海韵园	hai yun yuan	2
海高路	hai gao lu	2
海鲁吐镇	hai lu tu zhen	3
海鲜夜排档	hai xian ye pai dang	1
海鲜舫	hai xian fang	6
海鲜街	hai xian jie	18
海鶄落	hai jing luo	5
海鶄落村	hai jing luo cun	5
海鸥街	hai ou jie	2
海龙县	hai long xian	8
涂乍乡	tu zha xiang	4
涂家乡	tu jia xiang	3
涂家冲	tu jia chong	2
涂家岭	tu jia ling	6
涂寨	tu zhai	3
涂寨村	tu zhai cun	3
涂山乡	tu shan xiang	3
涂山村	tu shan cun	3
涂岭	tu ling	1
涂桥	tu qiao	2
涂门	tu men	2
涂门街	tu men jie	6
消夏园社区	xiao xia yuan she qu	2
消毒站	xiao du zhan	8
消浦镇	xiao pu zhen	4
消防中队	xiao fang zhong dui	13
消防大	xiao fang da	9
消防小区	xiao fang xiao qu	2
消防支队	xiao fang zhi dui	49
涌泉寺	yong quan si	16
涌溪	yong xi	10
涌金立交	yong jin li jiao	7
涌金门	yong jin men	6
涝坡	lao po	5
涝洼	lao wa	7
涝洼乡	lao wa xiang	2
涝港	lao gang	2
涝港村	lao gang cun	2
涞沥水村	lai li shui cun	5
涟源市	lian yuan shi	7
涟滨街道	lian bin jie dao	3
涠洲镇	wei zhou zhen	2
涡纹	wo wen	3
涡阳路	wo yang lu	6
润和	run he	31
润德半岛	run de ban dao	2
润星家园	run xing jia yuan	4
润达花园	run da hua yuan	4
涧下村	jian xia cun	3
涧塘	jian tang	1
涧塘村	jian tang cun	3
涧河	jian he	14
涧河办事处	jian he ban shi chu	2
涧河小学	jian he xiao xue	3
涧溪	jian xi	3
涧漕河	jian cao he	3
涧西	jian xi	29
涨桥头	zhang qiao tou	4
涪城	fu cheng	25
涪江道	fu jiang dao	2
涪陵县	fu ling xian	9
涪陵市	fu ling shi	6
涪陵郡	fu ling jun	2
涮坛子	shuan tan zi	3
液化气站	ye hua qi zhan	2
液压件	ye ya jian	8
液压件厂	ye ya jian chang	6
液晶大楼	ye jing da lou	6
涴市镇	wo shi zhen	5
涵口	han kou	1
涵口村	han kou cun	3
涵埭村	han dai cun	3
涵水道	han shui dao	2
涿县	zhuo xian	35
涿州交警大队	zhuo zhou jiao jing da dui	3
涿州市政府	zhuo zhou shi zheng fu	6
涿州开发区	zhuo zhou kai fa qu	5
涿州职教中心	zhuo zhou zhi jiao zhong xin	4
淄河	zi he	20
淇滨区九州路	qi bin qu jiu zhou lu	1
淇澳	qi ao	5
淇澳岛	qi ao dao	6
淋溪河白族乡	lin xi he bai zu xiang	3
淌塘乡	tang tang xiang	3
淑村	shu cun	3
淝南乡	fei nan xiang	4
淞兴路	song xing lu	4
淞南十村	song nan shi cun	4
淞南新村	song nan xin cun	2
淞宝路	song bao lu	6
淞沪路	song hu lu	11
淞滨支路	song bin zhi lu	4
淞滨路	song bin lu	6
淦阳街道	gan yang jie dao	4
淮化集团	huai hua ji tuan	2
淮南国	huai nan guo	12
淮塔东路	huai ta dong lu	2
淮宁湾乡	huai ning wan xiang	4
淮安县	huai an xian	19
淮川	huai chuan	1
淮川街道办事处	huai chuan jie dao ban shi chu	5
淮河街	huai he jie	11
淮河西路	huai he xi lu	2
淮河道	huai he dao	6
淮海东路	huai hai dong lu	11
淮海西路	huai hai xi lu	22
淮海食品城	huai hai shi pin cheng	6
淮滨	huai bin	22
淮西客运站	huai xi ke yun zhan	2
淮阴县	huai yin xian	22
淮阴市	huai yin shi	7
淮阴路	huai yin lu	3
淮青桥	huai qing qiao	3
淯溪镇	yu xi zhen	6
深业大厦	shen ye da sha	4
深凹	shen ao	9
深南中路	shen nan zhong lu	3
深南大道	shen nan da dao	30
深县	shen xian	7
深圳会堂	shen zhen hui tang	1
深圳大剧院	shen zhen da ju yuan	2
深圳大道	shen zhen da dao	1
深圳市保税区	shen zhen shi bao shui qu	4
深圳市粮食储备库	shen zhen shi liang shi chu bei ku	3
深圳市艺术学校	shen zhen shi yi shu xue xiao	4
深圳市高级中学	shen zhen shi gao ji zhong xue	1
深圳村	shen zhen cun	1
深圳湾七路	shen zhen wan qi lu	3
深圳路	shen zhen lu	14
深坑乡	shen keng xiang	3
深坡	shen po	6
深坪	shen ping	3
深埕	shen cheng	4
深塘	shen tang	6
深塘里	shen tang li	3
深大电话公司	shen da dian hua gong si	4
深大附中	shen da fu zhong	8
深奥村	shen ao cun	3
深安	shen an	8
深屈	shen qu	4
深州市	shen zhou shi	10
深度村	shen du cun	3
深径	shen jing	3
深惠公路	shen hui gong lu	7
深村	shen cun	3
深水塘	shen shui tang	6
深沟边	shen gou bian	4
深沪	shen hu	12
深沪湾	shen hu wan	6
深沪湾海底古森林	shen hu wan hai di gu sen lin	3
深河	shen he	32
深洋	shen yang	4
深洋村	shen yang cun	1
深涌	shen yong	4
深渡	shen du	7
深湖	shen hu	3
深湾一路	shen wan yi lu	7
深湾三路	shen wan san lu	3
深湾二路	shen wan er lu	5
深湾四路	shen wan si lu	4
深溪口乡	shen xi kou xiang	6
深溪村	shen xi cun	1
深田湖	shen tian hu	2
深田路	shen tian lu	3
深甽镇	shen zhen zhen	4
深窝	shen wo	3
深蓝广场	shen lan guang chang	6
深辉	shen hui	4
深辉村	shen hui cun	2
淳口	chun kou	7
淳湖	chun hu	4
淹底乡	yan di xiang	4
清三营乡	qing san ying xiang	4
清东	qing dong	5
清代羊城八景	qing dai yang cheng ba jing	5
清内	qing nei	7
清净寺	qing jing si	7
清凉乡	qing liang xiang	4
清凉山	qing liang shan	46
清凉新村	qing liang xin cun	5
清凉路	qing liang lu	4
清凉门	qing liang men	3
清升	qing sheng	4
清华东路	qing hua dong lu	10
清华东路西口	qing hua dong lu xi kou	3
清华南路	qing hua nan lu	3
清华园宾馆	qing hua yuan bin guan	3
清华大学研究院	qing hua da xue yan jiu yuan	5
清华大学西门	qing hua da xue xi men	7
清华学堂	qing hua xue tang	24
清华社区	qing hua she qu	1
清华科技园	qing hua ke ji yuan	8
清华西门	qing hua xi men	3
清华阳光	qing hua yang guang	6
清华附中	qing hua fu zhong	9
清华附小	qing hua fu xiao	3
清合嘉园	qing he jia yuan	2
清和园	qing he yuan	1
清和大街	qing he da jie	4
清坑	qing keng	2
清坛	qing tan	1
清坪	qing ping	5
清城	qing cheng	24
清城社区	qing cheng she qu	2
清塘壮族乡	qing tang zhuang zu xiang	3
清塘村	qing tang cun	5
清塬乡	qing yuan xiang	1
清姜街道	qing jiang jie dao	4
清官渡	qing guan du	4
清山	qing shan	8
清峪路	qing yu lu	5
清律	qing lv	18
清怡花园	qing yi hua yuan	2
清扬新村	qing yang xin cun	4
清扬路	qing yang lu	7
清新县	qing xin xian	10
清明村	qing ming cun	1
清明桥	qing ming qiao	4
清明街	qing ming jie	1
清晖园	qing hui yuan	7
清晖路	qing hui lu	1
清林东路	qing lin dong lu	2
清林中路	qing lin zhong lu	4
清水台街道	qing shui tai jie dao	2
清水塘	qing shui tang	8
清水塘街道	qing shui tang jie dao	8
清水塘路	qing shui tang lu	1
清水岩	qing shui yan	49
清水村	qing shui cun	25
清水桥镇	qing shui qiao zhen	6
清水江乡	qing shui jiang xiang	1
清水沟	qing shui gou	14
清水河一路	qing shui he yi lu	5
清水河三路	qing shui he san lu	5
清水河二路	qing shui he er lu	4
清水河五路	qing shui he wu lu	3
清水河农场	qing shui he nong chang	5
清水河四路	qing shui he si lu	3
清水浦	qing shui pu	3
清水涧	qing shui jian	6
清水湾别墅	qing shui wan bie shu	3
清水潭	qing shui tan	1
清水绿带	qing shui lv dai	3
清水营	qing shui ying	3
清水镇政府	qing shui zhen zheng fu	5
清江公司	qing jiang gong si	5
清江县	qing jiang xian	47
清江市	qing jiang shi	2
清江村	qing jiang cun	7
清江桥乡	qing jiang qiao xiang	1
清江花苑	qing jiang hua yuan	7
清江西苑	qing jiang xi yuan	5
清江路	qing jiang lu	14
清江路钱江路口	qing jiang lu qian jiang lu kou	5
清江门	qing jiang men	3
清池街道	qing chi jie dao	4
清河办事处	qing he ban shi chu	5
清河南镇	qing he nan zhen	5
清河口街道	qing he kou jie dao	2
清河国	qing he guo	5
清河大楼	qing he da lou	3
清河大街	qing he da jie	4
清河小区	qing he xiao qu	5
清河小营	qing he xiao ying	2
清河小营东路	qing he xiao ying dong lu	3
清河小营桥北	qing he xiao ying qiao bei	4
清河小营桥南	qing he xiao ying qiao nan	3
清河小营桥西	qing he xiao ying qiao xi	3
清河新寓	qing he xin yu	6
清河桥	qing he qiao	3
清河沿大街	qing he yan da jie	3
清泉村	qing quan cun	3
清波门	qing bo men	17
清泰南苑	qing tai nan yuan	4
清泰小区	qing tai xiao qu	4
清泰祠	qing tai ci	2
清泰立交桥	qing tai li jiao qiao	1
清泰路	qing tai lu	3
清洋街道	qing yang jie dao	4
清浦	qing pu	43
清浪乡	qing lang xiang	7
清涧新村	qing jian xin cun	2
清湖村	qing hu cun	7
清湾路	qing wan lu	2
清源北路	qing yuan bei lu	4
清源山	qing yuan shan	39
清源山风景区	qing yuan shan feng jing qu	5
清源市场	qing yuan shi chang	3
清源社区	qing yuan she qu	1
清源西路	qing yuan xi lu	5
清源西里	qing yuan xi li	6
清源西里社区	qing yuan xi li she qu	3
清源路	qing yuan lu	1
清源路东口	qing yuan lu dong kou	2
清溪桥	qing xi qiao	2
清溪西路	qing xi xi lu	6
清溪路	qing xi lu	14
清滨路	qing bin lu	3
清潭新村	qing tan xin cun	5
清濛	qing meng	5
清濛开发区	qing meng kai fa qu	2
清濛村	qing meng cun	2
清真巷街道	qing zhen xiang jie dao	2
清真路	qing zhen lu	6
清真风味餐厅	qing zhen feng wei can ting	4
清缘里小区	qing yuan li xiao qu	3
清缘里社区	qing yuan li she qu	3
清美	qing mei	9
清芬园	qing fen yuan	2
清荷	qing he	7
清裕路	qing yu lu	2
清远县	qing yuan xian	19
清远路	qing yuan lu	6
清逸园	qing yi yuan	4
清郊	qing jiao	1
清郊区	qing jiao qu	4
清镇市	qing zhen shi	8
清雅苑	qing ya yuan	6
清风店	qing feng dian	14
清风楼	qing feng lou	16
清风雅静	qing feng ya jing	2
清香坪街道	qing xiang ping jie dao	3
清香留	qing xiang liu	4
渊声巷	yuan sheng xiang	6
渌水道	lu shui dao	29
渔业公司	yu ye gong si	15
渔业基地	yu ye ji di	5
渔业村	yu ye cun	5
渔业社	yu ye she	1
渔农村	yu nong cun	4
渔坪	yu ping	2
渔山村	yu shan cun	1
渔峡口	yu xia kou	1
渔庄	yu zhuang	1
渔度镇	yu du zhen	3
渔户寨乡	yu hu zhai xiang	3
渔械新村	yu xie xin cun	2
渔民新村	yu min xin cun	10
渔民村	yu min cun	5
渔池	yu chi	2
渔洞	yu dong	2
渔渡	yu du	5
渔湾	yu wan	19
渔溪乡	yu xi xiang	3
渔王	yu wang	4
渔种场	yu zhong chang	2
渔阳郡	yu yang jun	28
渔阳饭店	yu yang fan dian	4
渝水	yu shui	11
渝澳大桥	yu ao da qiao	7
渝西	yu xi	10
渠东	qu dong	3
渠头镇	qu tou zhen	2
渠沟	qu gou	9
渠洋镇	qu yang zhen	3
渠犁	qu li	1
渠马镇	qu ma zhen	3
渡口土家族乡	du kou tu jia zu xiang	3
渡口市	du kou shi	9
渡头村	du tou cun	6
渡江路	du jiang lu	1
渡船口	du chuan kou	4
渡驾桥村	du jia qiao cun	2
渣坪	zha ping	1
渣坪乡	zha ping xiang	3
渣洋村	zha yang cun	2
渣草	zha cao	6
温厝	wen cuo	25
温厝村	wen cuo cun	3
温国堡	wen guo bao	2
温坊	wen fang	3
温坊村	wen fang cun	1
温城乡	wen cheng xiang	4
温堡乡	wen bao xiang	2
温大	wen da	8
温室大棚	wen shi da peng	4
温家村	wen jia cun	3
温家溪	wen jia xi	5
温家院子	wen jia yuan zi	2
温宿	wen su	25
温山	wen shan	5
温岭中学	wen ling zhong xue	12
温州大厦	wen zhou da sha	6
温州大学	wen zhou da xue	18
温州市瓯海区	wen zhou shi ou hai qu	13
温州市鹿城区	wen zhou shi lu cheng qu	26
温州街	wen zhou jie	12
温州道	wen zhou dao	2
温州饭店	wen zhou fan dian	4
温师院	wen shi yuan	5
温庄子	wen zhuang zi	3
温庄村委会	wen zhuang cun wei hui	3
温德桥	wen de qiao	5
温德河	wen de he	8
温拖	wen tuo	3
温拖乡	wen tuo xiang	3
温春	wen chun	10
温更镇	wen geng zhen	3
温村	wen cun	13
温栅子村	wen zha zi cun	2
温桥	wen qiao	1
温江寺乡	wen jiang si xiang	2
温泉之乡	wen quan zhi xiang	5
温泉公园	wen quan gong yuan	6
温泉公寓	wen quan gong yu	6
温泉北站	wen quan bei zhan	2
温泉南区	wen quan nan qu	2
温泉圩	wen quan wei	2
温泉山庄	wen quan shan zhuang	5
温泉度假村	wen quan du jia cun	22
温泉支路	wen quan zhi lu	2
温泉花园	wen quan hua yuan	2
温泉苗圃	wen quan miao pu	4
温泉路口	wen quan lu kou	3
温泉辛庄	wen quan xin zhuang	4
温泉风景区	wen quan feng jing qu	4
温波	wen bo	7
温波乡	wen bo xiang	4
温迪路口	wen di lu kou	2
温都尔勒图镇	wen du er le tu zhen	3
温馨家园	wen xin jia yuan	4
温馨花园	wen xin hua yuan	6
渫阳	xie yang	3
渭丰乡	wei feng xiang	4
渭南地区	wei nan di qu	10
渭城	wei cheng	11
渭城桥	wei cheng qiao	1
渭工路	wei gong lu	4
渭桥	wei qiao	14
渭水园度假村	wei shui yuan du jia cun	3
渭水道	wei shui dao	3
渭河大桥	wei he da qiao	2
渭河河堤	wei he he di	1
渭河电厂	wei he dian chang	5
渭河道	wei he dao	2
渭源	wei yuan	42
渭滨	wei bin	10
渭滨公园	wei bin gong yuan	1
渭阳东路	wei yang dong lu	1
渭阳西路	wei yang xi lu	8
渭阳路	wei yang lu	6
港东公路	gang dong gong lu	3
港丰电器	gang feng dian qi	3
港乾	gang qian	2
港前村	gang qian cun	3
港前路	gang qian lu	3
港务幼儿园	gang wu you er yuan	2
港北	gang bei	48
港南小区	gang nan xiao qu	2
港南村	gang nan cun	4
港南路	gang nan lu	1
港口村	gang kou cun	6
港口路	gang kou lu	7
港园	gang yuan	12
港塔	gang ta	3
港塔村	gang ta cun	1
港塘	gang tang	1
港塘公路	gang tang gong lu	3
港墘	gang qian	36
港墘村	gang qian cun	2
港头	gang tou	20
港尾镇卓岐村	gang wei zhen zhuo qi cun	5
港昌中	gang chang zhong	2
港桥	gang qiao	15
港湖大桥	gang hu da qiao	2
港湾北路	gang wan bei lu	4
港湾大道	gang wan da dao	2
港湾路	gang wan lu	1
港窑路	gang yao lu	7
港莲路	gang lian lu	5
港边	gang bian	26
港边村	gang bian cun	4
港闸	gang zha	10
港阜社区	gang fu she qu	2
港隆城购物中心	gang long cheng gou wu zhong xin	3
港馨家园	gang xin jia yuan	3
游击坪	you ji ping	5
游家庄	you jia zhuang	1
游家渡	you jia du	3
游泳场北路东口	you yong chang bei lu dong kou	3
游马村	you ma cun	3
湄池镇	mei chi zhen	2
湄浦路	mei pu lu	3
湍河街道	tuan he jie dao	4
湑水镇	xu shui zhen	3
湓浦街道	pen pu jie dao	3
湖一	hu yi	9
湖三	hu san	8
湖三村	hu san cun	1
湖上村	hu shang cun	4
湖东中路	hu dong zhong lu	3
湖东新村	hu dong xin cun	3
湖东村	hu dong cun	4
湖东社区	hu dong she qu	3
湖东种羊场	hu dong zhong yang chang	5
湖东路	hu dong lu	36
湖东路口	hu dong lu kou	1
湖中村	hu zhong cun	4
湖中路	hu zhong lu	3
湖二	hu er	6
湖二村	hu er cun	2
湖光中街	hu guang zhong jie	6
湖光中街西口	hu guang zhong jie xi kou	2
湖光北街东口	hu guang bei jie dong kou	4
湖光小区	hu guang xiao qu	2
湖光巷	hu guang xiang	2
湖光路	hu guang lu	6
湖内村	hu nei cun	5
湖刘	hu liu	4
湖前	hu qian	7
湖前河	hu qian he	4
湖北大冶市陈贵镇	hu bei da ye shi chen gui zhen	2
湖北庄	hu bei zhuang	3
湖北村	hu bei cun	1
湖北省云梦县	hu bei sheng yun meng xian	7
湖北省宜城市	hu bei sheng yi cheng shi	4
湖北省枣阳市	hu bei sheng zao yang shi	20
湖北省黄梅县	hu bei sheng huang mei xian	19
湖北省黄石市阳新县	hu bei sheng huang shi shi yang xin xian	7
湖南大学北校区	hu nan da xue bei xiao qu	7
湖南宁乡县玉潭镇	hu nan ning xiang xian yu tan zhen	2
湖南村	hu nan cun	3
湖南涉外经济学院	hu nan she wai jing ji xue yuan	2
湖南烈士公园	hu nan lie shi gong yuan	1
湖南省保靖县	hu nan sheng bao jing xian	1
湖南第一师范	hu nan di yi shi fan	20
湖南长沙县江背镇	hu nan chang sha xian jiang bei zhen	4
湖四	hu si	5
湖地	hu di	5
湖坑	hu keng	5
湖坪	hu ping	3
湖塍	hu cheng	2
湖塔	hu ta	2
湖塘中学	hu tang zhong xue	2
湖塘村	hu tang cun	2
湖墅嘉园	hu shu jia yuan	3
湖墅新村	hu shu xin cun	5
湖外路	hu wai lu	3
湖头	hu tou	21
湖头村	hu tou cun	1
湖头街	hu tou jie	5
湖安	hu an	2
湖寮	hu liao	22
湖尾	hu wei	2
湖尾村	hu wei cun	4
湖屯	hu tun	12
湖山村	hu shan cun	1
湖岭	hu ling	8
湖岭村	hu ling cun	1
湖州一中	hu zhou yi zhong	2
湖州中学	hu zhou zhong xue	5
湖州二中	hu zhou er zhong	1
湖州八中	hu zhou ba zhong	2
湖州城	hu zhou cheng	3
湖州大剧院	hu zhou da ju yuan	4
湖州师范学院	hu zhou shi fan xue yuan	16
湖州师院	hu zhou shi yuan	2
湖州新村	hu zhou xin cun	2
湖州职业技术学院	hu zhou zhi ye ji shu xue yuan	1
湖州路	hu zhou lu	5
湖师院	hu shi yuan	3
湖广馆街	hu guang guan jie	2
湖影道	hu ying dao	2
湖心宾馆	hu xin bin guan	3
湖心街口	hu xin jie kou	2
湖心路口	hu xin lu kou	27
湖新	hu xin	6
湖景花园	hu jing hua yuan	2
湖景路中	hu jing lu zhong	3
湖格社区	hu ge she qu	3
湖水道	hu shui dao	4
湖沙坝	hu sha ba	3
湖洋	hu yang	7
湖洋角	hu yang jiao	2
湖洞水	hu dong shui	5
湖源	hu yuan	3
湖溪	hu xi	26
湖滏镇	hu fu zhen	4
湖滨一号	hu bin yi hao	2
湖滨二小	hu bin er xiao	2
湖滨公园	hu bin gong yuan	16
湖滨公寓	hu bin gong yu	6
湖滨农垦集团公司	hu bin nong ken ji tuan gong si	2
湖滨北路	hu bin bei lu	3
湖滨南路	hu bin nan lu	13
湖滨小学	hu bin xiao xue	1
湖滨市场	hu bin shi chang	1
湖滨新村	hu bin xin cun	4
湖滨村	hu bin cun	5
湖滨社区	hu bin she qu	7
湖滨花园	hu bin hua yuan	8
湖滨花苑	hu bin hua yuan	2
湖滨苑	hu bin yuan	3
湖滨街道办事处	hu bin jie dao ban shi chu	5
湖滨路	hu bin lu	23
湖滨路口	hu bin lu kou	5
湖滨路街道	hu bin lu jie dao	2
湖滨道	hu bin dao	3
湖潭	hu tan	7
湖畔之星	hu pan zhi xing	3
湖畔家园	hu pan jia yuan	5
湖畔花园	hu pan hua yuan	4
湖盘	hu pan	1
湖笔文化节	hu bi wen hua jie	1
湖织大道	hu zhi da dao	2
湖美	hu mei	7
湖西庭园	hu xi ting yuan	2
湖西村	hu xi cun	9
湖贝路	hu bei lu	1
湖边村	hu bian cun	3
湖边社区	hu bian she qu	1
湖里大道	hu li da dao	2
湖镜道	hu jing dao	2
湖际	hu ji	4
湖陵	hu ling	14
湖青路	hu qing lu	2
湖顶	hu ding	4
湘乡县	xiang xiang xian	28
湘乡市	xiang xiang shi	18
湘仪	xiang yi	1
湘子庙街	xiang zi miao jie	6
湘家荡旅游区	xiang jia dang lv you qu	2
湘川	xiang chuan	8
湘府路	xiang fu lu	3
湘春路	xiang chun lu	2
湘桥	xiang qiao	15
湘水镇	xiang shui zhen	4
湘江东路	xiang jiang dong lu	7
湘江南路	xiang jiang nan lu	1
湘江街	xiang jiang jie	5
湘江路	xiang jiang lu	2
湘江道	xiang jiang dao	1
湘湖街道	xiang hu jie dao	6
湘湖路	xiang hu lu	2
湘滨镇	xiang bin zhen	5
湘潭街	xiang tan jie	3
湘潭路街道	xiang tan lu jie dao	2
湘潭道	xiang tan dao	3
湘西州	xiang xi zhou	28
湘雅路	xiang ya lu	1
湛山寺	zhan shan si	5
湛江路	zhan jiang lu	8
湛河	zhan he	10
湾丘彝族乡	wan qiu yi zu xiang	1
湾仔沙	wan zai sha	9
湾厦村	wan sha cun	5
湾坝	wan ba	4
湾塘	wan tang	11
湾子头	wan zi tou	3
湾子村	wan zi cun	7
湾子里	wan zi li	4
湾底	wan di	3
湾弄	wan long	1
湾张村	wan zhang cun	3
湾沟门乡	wan gou men xiang	3
湾潭	wan tan	2
湾角	wan jiao	23
湾里小区	wan li xiao qu	3
湾里村	wan li cun	4
湿井胡同	shi jing hu tong	3
溁湾路	ying wan lu	7
溆浦	xu pu	41
源口	yuan kou	3
源口瑶族乡	yuan kou yao zu xiang	5
源城	yuan cheng	6
源头河	yuan tou he	4
源村	yuan cun	45
源汇	yuan hui	7
源泉路	yuan quan lu	3
源淮社区	yuan huai she qu	2
源深体育中心	yuan shen ti yu zhong xin	10
源深路	yuan shen lu	20
源潭	yuan tan	25
源盛路	yuan sheng lu	3
溜下	liu xia	5
溜姑乡	liu gu xiang	3
溜江	liu jiang	4
溜江村	liu jiang cun	1
溜石村	liu shi cun	3
溜石港村	liu shi gang cun	4
溥洛铺镇	pu luo pu zhen	4
溧水县	li shui xian	32
溧水县林场	li shui xian lin chang	4
溧水开发区	li shui kai fa qu	2
溧阳路	li yang lu	11
溪一	xi yi	5
溪一村	xi yi cun	3
溪下	xi xia	5
溪东	xi dong	24
溪东村	xi dong cun	1
溪乾村	xi qian cun	3
溪二	xi er	7
溪亭	xi ting	10
溪内	xi nei	3
溪前村	xi qian cun	1
溪北村	xi bei cun	26
溪南新村	xi nan xin cun	3
溪南村	xi nan cun	6
溪后	xi hou	18
溪后村	xi hou cun	3
溪坂村	xi ban cun	3
溪塔	xi ta	1
溪塔村	xi ta cun	4
溪头村	xi tou cun	3
溪尾村	xi wei cun	2
溪山	xi shan	39
溪山村	xi shan cun	2
溪州村	xi zhou cun	1
溪庄村	xi zhuang cun	2
溪底村	xi di cun	8
溪心村	xi xin cun	4
溪林	xi lin	8
溪林村	xi lin cun	3
溪水经营所	xi shui jing ying suo	5
溪江	xi jiang	35
溪洋	xi yang	3
溪洋村	xi yang cun	3
溪洲村	xi zhou cun	4
溪港村	xi gang cun	2
溪源	xi yuan	29
溪源村	xi yuan cun	1
溪滨	xi bin	12
溪美村	xi mei cun	2
溪翁庄	xi weng zhuang	2
溪西	xi xi	42
溪西村	xi xi cun	4
溪边村	xi bian cun	2
溪霞	xi xia	5
溱湖风景区	qin hu feng jing qu	6
滁县	chu xian	36
滂江街	pang jiang jie	19
滇源路	dian yuan lu	3
滋润乡	zi run xiang	4
滑子村	hua zi cun	1
滑石道村	hua shi dao cun	3
滔溪镇	tao xi zhen	1
滘工业区	jiao gong ye qu	2
滘村	jiao cun	2
滚贝侗族乡	gun bei dong zu xiang	4
满中	man zhong	4
满井	man jing	13
满坪镇	man ping zhen	3
满堂川乡	man tang chuan xiang	3
满家滩街道	man jia tan jie dao	2
满山红	man shan hong	9
满山红村	man shan hong cun	1
满掌乡	man zhang xiang	4
满江东道	man jiang dong dao	1
满江道	man jiang dao	4
满航路	man hang lu	2
满达拉图嘎查	man da la tu ga cha	3
满都拉	man du la	9
滢园	ying yuan	3
滢园餐厅	ying yuan can ting	1
滦水道	luan shui dao	2
滦河道	luan he dao	2
滦镇街道	luan zhen jie dao	5
滨东	bin dong	2
滨兴小区	bin xing xiao qu	1
滨兴路江虹路口	bin xing lu jiang hong lu kou	3
滨北街道	bin bei jie dao	3
滨南	bin nan	11
滨县	bin xian	32
滨城	bin cheng	28
滨州地区	bin zhou di qu	2
滨康小区	bin kang xiao qu	1
滨康路火炬大道口	bin kang lu huo ju da dao kou	4
滨康路聚工路口	bin kang lu ju gong lu kou	3
滨康路西	bin kang lu xi	5
滨文中心站	bin wen zhong xin zhan	6
滨文苑	bin wen yuan	4
滨文路	bin wen lu	3
滨文高教公寓	bin wen gao jiao gong yu	1
滨文高教园	bin wen gao jiao yuan	1
滨江东	bin jiang dong	3
滨江公园	bin jiang gong yuan	23
滨江大道	bin jiang da dao	21
滨江奥城	bin jiang ao cheng	4
滨江工业区	bin jiang gong ye qu	4
滨江新村	bin jiang xin cun	1
滨江新苑	bin jiang xin yuan	2
滨江明珠城	bin jiang ming zhu cheng	3
滨江花园	bin jiang hua yuan	3
滨河公园	bin he gong yuan	10
滨河办事处	bin he ban shi chu	6
滨河南区	bin he nan qu	2
滨河南口	bin he nan kou	2
滨河园	bin he yuan	5
滨河大道	bin he da dao	9
滨河小区	bin he xiao qu	2
滨河村	bin he cun	4
滨河花园	bin he hua yuan	1
滨河苑	bin he yuan	4
滨河西里	bin he xi li	4
滨河西里北区	bin he xi li bei qu	4
滨河西里北区社区	bin he xi li bei qu she qu	2
滨河路街道	bin he lu jie dao	3
滨河高层	bin he gao ceng	2
滨洲线	bin zhou xian	3
滨海家园	bin hai jia yuan	2
滨海楼	bin hai lou	4
滨海胡同	bin hai hu tong	4
滨海道	bin hai dao	4
滨湖公园	bin hu gong yuan	4
滨湖南街	bin hu nan jie	3
滨湖路	bin hu lu	2
滨溪路	bin xi lu	3
滨盛路火炬大道口	bin sheng lu huo ju da dao kou	3
滨盛路西	bin sheng lu xi	3
滨角园	bin jiao yuan	3
滩下	tan xia	4
滩堆乡	tan dui xiang	2
滩头村	tan tou cun	3
滩河	tan he	2
滩面乡	tan mian xiang	1
滴道	di dao	5
漂染厂	piao ran chang	8
漂水	piao shui	4
漂流总站	piao liu zong zhan	2
漆厂	qi chang	2
漉湖芦苇场	lu hu lu wei chang	4
漓江大瀑布	li jiang da pu bu	4
漓江桥	li jiang qiao	1
漓江路	li jiang lu	2
演乐胡同	yan yue hu tong	6
演园	yan yuan	2
演圣镇	yan sheng zhen	2
漕东支路	cao dong zhi lu	4
漕厂村	cao chang cun	2
漕宝路	cao bao lu	43
漕宝路七号桥	cao bao lu qi hao qiao	6
漕宝路停车场	cao bao lu ting che chang	1
漕河泾	cao he jing	47
漕溪北路	cao xi bei lu	8
漠河路	mo he lu	5
漠西乡	mo xi xiang	3
漩涡鸣人	xuan wo ming ren	46
漪景园	yi jing yuan	3
漪汾小区	yi fen xiao qu	1
漪汾桥西	yi fen qiao xi	6
漫城	man cheng	5
漫川关镇	man chuan guan zhen	6
漫水桥	man shui qiao	2
漫水河	man shui he	3
漫泗河	man si he	3
漳平县	zhang ping xian	11
漳平市	zhang ping shi	27
漳浒寨	zhang hu zhai	2
漳港街道	zhang gang jie dao	4
漳溪村	zhang xi cun	2
漳里村	zhang li cun	3
漷县村	huo xian cun	2
漷县镇政府	huo xian zhen zheng fu	4
漾濞	yang bi	13
漾濞县	yang bi xian	6
潆溪乡	ying xi xiang	4
潇浦镇	xiao pu zhen	4
潇湘路	xiao xiang lu	2
潍坊十村	wei fang shi cun	4
潍坊新村	wei fang xin cun	2
潍坊路	wei fang lu	9
潍坊风筝博物馆	wei fang feng zheng bo wu guan	3
潍城	wei cheng	3
潍州	wei zhou	6
潍州路街道	wei zhou lu jie dao	2
潍河	wei he	10
潘内村	pan nei cun	3
潘厝村	pan cuo cun	2
潘坑	pan keng	1
潘坪	pan ping	1
潘墩中心小学	pan dun zhong xin xiao xue	3
潘宅	pan zhai	4
潘安村	pan an cun	2
潘家园东	pan jia yuan dong	3
潘家园东路	pan jia yuan dong lu	6
潘家园东里社区	pan jia yuan dong li she qu	2
潘家园村	pan jia yuan cun	2
潘家园桥	pan jia yuan qiao	2
潘家园桥东	pan jia yuan qiao dong	3
潘家园桥北	pan jia yuan qiao bei	3
潘家园桥西	pan jia yuan qiao xi	2
潘家园路西口	pan jia yuan lu xi kou	4
潘家坪	pan jia ping	3
潘家坪路	pan jia ping lu	6
潘家庄	pan jia zhuang	2
潘家村	pan jia cun	4
潘家桥	pan jia qiao	1
潘家马房村	pan jia ma fang cun	2
潘山	pan shan	4
潘山村	pan shan cun	1
潘岙	pan ao	4
潘岱	pan dai	4
潘州街道	pan zhou jie dao	3
潘庄	pan zhuang	3
潘庄村委会	pan zhuang cun wei hui	3
潘庄村村委会	pan zhuang cun cun wei hui	2
潘店	pan dian	1
潘店村	pan dian cun	4
潘度乡	pan du xiang	2
潘径村	pan jing cun	5
潘昶乡	pan chang xiang	3
潘村村	pan cun cun	2
潘板	pan ban	3
潘桥	pan qiao	4
潘水南苑	pan shui nan yuan	3
潘涂	pan tu	1
潘湖	pan hu	11
潘湖村	pan hu cun	2
潘溪村	pan xi cun	3
潘火	pan huo	12
潘田	pan tian	5
潘田村	pan tian cun	3
潘礼南村	pan li nan cun	2
潘祠	pan ci	2
潘红星	pan hong xing	4
潘苑	pan yuan	4
潘道庙	pan dao miao	4
潘集	pan ji	20
潘集寨学校	pan ji zhai xue xiao	3
潘骞路	pan qian lu	4
潜山路	qian shan lu	26
潜龙曼海宁花园	qian long man hai ning hua yuan	2
潞城县	lu cheng xian	12
潞城市	lu cheng shi	4
潞城瑶族乡	lu cheng yao zu xiang	1
潞城营四村	lu cheng ying si cun	2
潞河医院	lu he yi yuan	10
潞苑南大街	lu yuan nan da jie	5
潞西	lu xi	41
潞西市	lu xi shi	29
潭上村	tan shang cun	3
潭头	tan tou	25
潭头村	tan tou cun	1
潭头河	tan tou he	4
潭柘寺	tan zhe si	27
潭港	tan gang	2
潭湾	tan wan	3
潭溪	tan xi	13
潭溪村	tan xi cun	3
潭碧	tan bi	1
潭西	tan xi	19
潭边	tan bian	12
潭边村	tan bian cun	1
潭阳路	tan yang lu	2
潮乐	chao yue	4
潮乐村	chao yue cun	3
潮南	chao nan	29
潮墩	chao dun	1
潮宗街	chao zong jie	7
潮桥街	chao qiao jie	2
潮江乡	chao jiang xiang	3
潮海街道	chao hai jie dao	2
潮港	chao gang	23
潮王路口	chao wang lu kou	5
潮白陵园	chao bai ling yuan	6
潮碧村	chao bi cun	3
潮阳县	chao yang xian	21
潮音社区	chao yin she qu	4
潮鸣寺巷	chao ming si xiang	3
潮鸣小区	chao ming xiao qu	3
潮鸣苑	chao ming yuan	4
潺坪村	chan ping cun	2
潼关道	tong guan dao	2
潼桥村	tong qiao cun	2
澄坪村	cheng ping cun	2
澄江村	cheng jiang cun	2
澄江桥	cheng jiang qiao	1
澄江路	cheng jiang lu	2
澄沙桥	deng sha qiao	2
澄海县	cheng hai xian	14
澄湖路	cheng hu lu	3
澄潭	cheng tan	1
澄潭江	cheng tan jiang	2
澄碧桥	cheng bi qiao	2
澄碧湖	cheng bi hu	4
澄迈华侨农场	cheng mai hua qiao nong chang	1
澌岸乡	si an xiang	3
澌波乡	si bo xiang	3
澎湖列岛	peng hu lie dao	21
澎湖岛	peng hu dao	34
澎湖湾	peng hu wan	26
澜沧县	lan cang xian	19
澜石二路	lan shi er lu	1
澜石大桥	lan shi da qiao	7
澧水道	li shui dao	3
澧阳	li yang	14
澳丽家园	ao li jia yuan	2
澳仔沟	ao zai gou	2
澳头街道	ao tou jie dao	5
澳新线	ao xin xian	5
澳林春天小区	ao lin chun tian xiao qu	4
澳洲假日	ao zhou jia ri	1
澳洲花园	ao zhou hua yuan	4
澳门历史城区	ao men li shi cheng qu	18
澳门山庄	ao men shan zhuang	4
澳门路	ao men lu	43
澴潭镇	huan tan zhen	3
濂水镇	lian shui zhen	3
濂江村	lian jiang cun	2
濑湍镇	lai tuan zhen	3
濒危世界遗产名录	bin wei shi jie yi chan ming lu	14
濠东	hao dong	4
濠头	hao tou	1
濠景园	hao jing yuan	2
濠江路	hao jiang lu	7
濠沟	hao gou	6
濠河	hao he	18
濮上路	pu shang lu	4
濮家东村	pu jia dong cun	5
濮家新村	pu jia xin cun	7
瀍河区	chan he qu	8
瀛东	ying dong	5
瀛江	ying jiang	3
瀛洲市场	ying zhou shi chang	3
瀛洲湾	ying zhou wan	3
瀛洲镇	ying zhou zhen	2
瀛海工业区	ying hai gong ye qu	2
瀛海庄	ying hai zhuang	2
瀼河乡	rang he xiang	4
灈阳镇	qu yang zhen	2
灌南	guan nan	31
灌县	guan xian	29
灌口	guan kou	41
灌村	guan cun	7
灌阳	guan yang	32
灞桥公安分局	ba qiao gong an fen ju	1
灞桥区政府	ba qiao qu zheng fu	7
灞桥发电厂	ba qiao fa dian chang	3
灞桥火车站	ba qiao huo che zhan	4
灞桥热电厂	ba qiao re dian chang	6
灞陵墓园	ba ling mu yuan	3
火之国	huo zhi guo	27
火后街	huo hou jie	3
火器营	huo qi ying	23
火器营第三社区	huo qi ying di san she qu	2
火场土家族乡	huo chang tu jia zu xiang	4
火寺路	huo si lu	5
火山嶂	huo shan zhang	2
火星街道	huo xing jie dao	8
火村口	huo cun kou	3
火洲	huo zhou	3
火炬大厦	huo ju da sha	4
火炬工业区	huo ju gong ye qu	1
火炬社区	huo ju she qu	5
火炬街道	huo ju jie dao	3
火炬路	huo ju lu	26
火炬镇	huo ju zhen	1
火烈乡	huo lie xiang	2
火烟	huo yan	6
火烧坪	huo shao ping	24
火烧壁	huo shao bi	4
火烧寨乡	huo shao zhai xiang	3
火烧寮	huo shao liao	1
火烧岛	huo shao dao	11
火烧桥	huo shao qiao	3
火瓦巷	huo wa xiang	2
火电三公司	huo dian san gong si	4
火电厂	huo dian chang	46
火石洲	huo shi zhou	4
火神庙胡同	huo shen miao hu tong	1
火神营	huo shen ying	4
火药局	huo yao ju	9
火药局胡同	huo yao ju hu tong	4
火车北站东广场	huo che bei zhan dong guang chang	4
火车北站公交站	huo che bei zhan gong jiao zhan	7
火车南站东路口	huo che nan zhan dong lu kou	3
火车南站公交站	huo che nan zhan gong jiao zhan	3
火车南站机场路	huo che nan zhan ji chang lu	3
火车南站街道	huo che nan zhan jie dao	8
火车头外贸城	huo che tou wai mao cheng	5
火车浜	huo che bang	2
火车站东	huo che zhan dong	11
火车站北广场	huo che zhan bei guang chang	27
火车站南	huo che zhan nan	30
火车站居委会	huo che zhan ju wei hui	3
火车站广场	huo che zhan guang chang	12
火车站西	huo che zhan xi	4
火车站西广场	huo che zhan xi guang chang	10
火车西站	huo che xi zhan	20
火车西站街道	huo che xi zhan jie dao	5
火遁	huo dun	8
灭火处	mie huo chu	5
灯三	deng san	6
灯光村	deng guang cun	3
灯台乡	deng tai xiang	3
灯塔县	deng ta xian	5
灯塔市	deng ta shi	13
灯塔新村	deng ta xin cun	3
灯塔村	deng ta cun	4
灯塔路街道	deng ta lu jie dao	3
灯山	deng shan	5
灯市东口	deng shi dong kou	1
灯市口	deng shi kou	30
灯市西口	deng shi xi kou	4
灯心塘	deng xin tang	3
灯星社区	deng xing she qu	4
灯杆坝	deng gan ba	5
灯泡厂	deng pao chang	8
灯洲	deng zhou	2
灯洲社区	deng zhou she qu	2
灯盏窝	deng zhan wo	6
灯笼市场	deng long shi chang	4
灯笼库胡同	deng long ku hu tong	1
灯笼路口	deng long lu kou	2
灯草胡同	deng cao hu tong	4
灯饰批发市场	deng shi pi fa shi chang	4
灰口	hui kou	3
灰地	hui di	2
灰墩办事处	hui dun ban shi chu	3
灰寨	hui zhai	6
灰桥	hui qiao	1
灰汤温泉	hui tang wen quan	9
灰炉头	hui lu tou	3
灰窑	hui yao	14
灰面	hui mian	9
灵东	ling dong	4
灵东水库	ling dong shui ku	3
灵仙乡	ling xian xiang	2
灵光胡同	ling guang hu tong	3
灵境乡	ling jing xiang	2
灵境胡同	ling jing hu tong	24
灵境胡同东口	ling jing hu tong dong kou	3
灵壁县	ling bi xian	3
灵官庙	ling guan miao	3
灵官渡	ling guan du	3
灵官渡街	ling guan du jie	3
灵宝县	ling bao xian	31
灵宝市	ling bao shi	49
灵宫庙	ling gong miao	6
灵山中学	ling shan zhong xue	1
灵山圣墓	ling shan sheng mu	5
灵山庄	ling shan zhuang	6
灵山村	ling shan cun	5
灵山洞	ling shan dong	5
灵山街道	ling shan jie dao	2
灵山路	ling shan lu	16
灵岩乡	ling yan xiang	3
灵岩南路	ling yan nan lu	5
灵岩路	ling yan lu	6
灵峰	ling feng	29
灵峰村	ling feng cun	3
灵川	ling chuan	43
灵应寺	ling ying si	1
灵感院	ling gan yuan	2
灵树村	ling shu cun	3
灵桥东	ling qiao dong	1
灵桥西	ling qiao xi	1
灵武县	ling wu xian	10
灵武市	ling wu shi	32
灵水	ling shui	20
灵水社区	ling shui she qu	4
灵沼	ling zhao	5
灵洲鳌负	ling zhou ao fu	3
灵渠	ling qu	2
灵源	ling yuan	4
灵源寺	ling yuan si	4
灵溪	ling xi	41
灵溪村	ling xi cun	3
灵狮	ling shi	1
灵璧路	ling bi lu	4
灵石路	ling shi lu	8
灵秀山庄	ling xiu shan zhuang	5
灵秀山庄东站	ling xiu shan zhuang dong zhan	3
灵谷寺	ling gu si	17
灵醒	ling xing	10
灵隐停车场	ling yin ting che chang	4
灵隐道	ling yin dao	2
灵鹫镇	ling jiu zhen	1
灶坑	zao keng	9
灶市街街道	zao shi jie jie dao	1
灶美村	zao mei cun	2
灶背	zao bei	3
炉下	lu xia	16
炉中	lu zhong	43
炉亭坳乡	lu ting ao xiang	1
炉地	lu di	5
炉地村	lu di cun	2
炉坪	lu ping	4
炉城	lu cheng	2
炉头	lu tou	8
炉子下	lu zi xia	3
炉山	lu shan	4
炉山村	lu shan cun	2
炉岩	lu yan	3
炉星村	lu xing cun	3
炉田	lu tian	4
炉田村	lu tian cun	2
炉院街街道	lu yuan jie jie dao	4
炉霍	lu huo	29
炎陵	yan ling	12
炎陵县大院农场	yan ling xian da yuan nong chang	5
炎陵县桃源洞管理局	yan ling xian tao yuan dong guan li ju	3
炎黄艺术馆	yan huang yi shu guan	7
炒意粉	chao yi fen	3
炒油厂	chao you chang	3
炒米店	chao mi dian	7
炒豆胡同	chao dou hu tong	5
炝莲白	qiang lian bai	1
炬光乡	ju guang xiang	3
炭儿胡同	tan er hu tong	5
炭厂村	tan chang cun	3
炭市街	tan shi jie	7
炭库乡	tan ku xiang	2
炭窑渠	tan yao qu	3
炮厂小区	pao chang xiao qu	5
炮厂西小区	pao chang xi xiao qu	5
炮台山公园	pao tai shan gong yuan	1
炮台村	pao tai cun	2
炮团侗族苗族乡	pao tuan dong zu miao zu xiang	3
炮子	pao zi	14
炮局	pao ju	9
炮局胡同	pao ju hu tong	5
炮梁乡	pao liang xiang	2
炸药库	zha yao ku	3
点军	dian jun	8
点军区政府	dian jun qu zheng fu	5
点将台街	dian jiang tai jie	4
炼化	lian hua	44
炼化公司	lian hua gong si	3
烂帐	lan zhang	2
烂泥沟	lan ni gou	1
烂泥湖村	lan ni hu cun	3
烂泥箐乡	lan ni qing xiang	5
烂瓦房	lan wa fang	4
烂缦胡同	lan man hu tong	4
烂角咀	lan jiao zui	1
烈堡乡	lie bao xiang	2
烈士公园	lie shi gong yuan	23
烈士陵	lie shi ling	5
烈太乡	lie tai xiang	4
烈山大道	lie shan da dao	4
烈屿	lie yu	45
烔炀镇	tong yang zhen	1
烘缸	hong gang	5
烟厂住宅小区	yan chang zhu zhai xiao qu	3
烟台道	yan tai dao	3
烟墩	yan dun	31
烟庄村委会	yan zhuang cun wei hui	2
烟波桥	yan bo qiao	3
烟波路	yan bo lu	2
烟溪乡	yan xi xiang	4
烟煤洞乡	yan mei dong xiang	3
烟田村	yan tian cun	3
烟竹乡	yan zhu xiang	3
烟筒屯	yan tong tun	3
烟草大楼	yan cao da lou	5
烟草市场	yan cao shi chang	1
烟袋乡	yan dai xiang	2
烟袋斜街	yan dai xie jie	15
烟锅巴	yan guo ba	2
烟雨小区	yan yu xiao qu	6
烟雨社区	yan yu she qu	4
烤全鱼	kao quan yu	11
烤肉摊子	kao rou tan zi	4
烧公鸡	shao gong ji	5
烧厝	shao cuo	5
烧厝社区	shao cuo she qu	3
烧坊	shao fang	37
烧灰	shao hui	5
烧灰村	shao hui cun	3
烧窑峪村	shao yao yu cun	4
烧酒胡同	shao jiu hu tong	3
烧锅营子乡	shao guo ying zi xiang	2
烧锅镇乡	shao guo zhen xiang	4
热力供气站	re li gong qi zhan	2
热力公司	re li gong si	11
热加	re jia	6
热加乡	re jia xiang	3
热南	re nan	7
热合买提	re he mai ti	7
热寺湾乡	re si wan xiang	2
热尔乡	re er xiang	3
热市镇	re shi zhen	5
热帮乡	re bang xiang	2
热打	re da	5
热打乡	re da xiang	4
热柯依达乡	re ke yi da xiang	3
热柯觉乡	re ke jue xiang	3
热水地区	re shui di qu	3
热水坑	re shui keng	8
热水港桥	re shui gang qiao	3
热水溪	re shui xi	4
热河南路	re he nan lu	1
热河路	re he lu	29
热港	re gang	4
热瓦甫	re wa fu	7
热电厂居委会	re dian chang ju wei hui	3
热索乡	re suo xiang	5
热贼	re zei	3
热龙乡	re long xiang	3
烹坝	peng ba	4
烹坝乡	peng ba xiang	3
烽火路	feng huo lu	5
焉耆县	yan qi xian	6
焊接馆	han jie guan	4
焕新	huan xin	12
焕新胡同	huan xin hu tong	3
焦下	jiao xia	14
焦亚陶罗	jiao ya tao luo	4
焦化分厂	jiao hua fen chang	4
焦各庄	jiao ge zhuang	3
焦园乡	jiao yuan xiang	3
焦坪街道	jiao ping jie dao	3
焦墓	jiao mu	2
焦家	jiao jia	12
焦家坟	jiao jia fen	4
焦家庄	jiao jia zhuang	5
焦家村	jiao jia cun	3
焦家村公交中心站	jiao jia cun gong jiao zhong xin zhan	6
焦家金矿	jiao jia jin kuang	4
焦山	jiao shan	25
焦山门	jiao shan men	3
焦庄	jiao zhuang	7
焦庄户	jiao zhuang hu	7
焦港	jiao gang	4
焦湾	jiao wan	1
焦湿	jiao shi	7
焦溪	jiao xi	1
焦王庄	jiao wang zhuang	6
焦王庄北口	jiao wang zhuang bei kou	2
焦王庄南口	jiao wang zhuang nan kou	4
焦王庄路口	jiao wang zhuang lu kou	3
然乌	ran wu	13
然巴乡	ran ba xiang	3
煤山村	mei shan cun	2
煤山街道	mei shan jie dao	3
煤峪口街道	mei yu kou jie dao	3
煤市街	mei shi jie	6
煤市街南口	mei shi jie nan kou	3
煤建三处	mei jian san chu	2
煤建东大道	mei jian dong da dao	2
煤校	mei xiao	8
煤气公司	mei qi gong si	26
煤气化总公司	mei qi hua zong gong si	6
煤气厂	mei qi chang	24
煤气站	mei qi zhan	9
煤气管道公司	mei qi guan dao gong si	4
煤渣胡同	mei zha hu tong	2
煤炭中心医院	mei tan zhong xin yi yuan	7
煤炭交易所	mei tan jiao yi suo	4
煤炭坡	mei tan po	3
煤球厂	mei qiu chang	3
煤矿医院	mei kuang yi yuan	2
煤矿市场	mei kuang shi chang	5
煤矿村	mei kuang cun	6
煤矿路口	mei kuang lu kou	4
煤窑乡	mei yao xiang	2
煤窑村	mei yao cun	4
煤窝	mei wo	5
煤航	mei hang	3
照壁下	zhao bi xia	1
照母山	zhao mu shan	29
照澜院	zhao lan yuan	1
照耀里	zhao yao li	4
照镜镇	zhao jing zhen	3
照阳河镇	zhao yang he zhen	2
熊屋	xiong wu	1
熊耳寨	xiong er zhai	3
熊耳营	xiong er ying	2
熏香之路	xun xiang zhi lu	3
熏马肉	xun ma rou	6
熙台岭	xi tai ling	6
熙宁街	xi ning jie	3
熟食品交易中心	shu shi pin jiao yi zhong xin	3
熹涌	xi yong	4
燃灯寺	ran deng si	8
燎原村	liao yuan cun	1
燕丹	yan dan	8
燕丹村	yan dan cun	5
燕丹路口西	yan dan lu kou xi	2
燕京啤酒集团	yan jing pi jiu ji tuan	1
燕儿坡	yan er po	3
燕儿岛	yan er dao	10
燕兴小区	yan xing xiao qu	2
燕南路	yan nan lu	4
燕城苑	yan cheng yuan	1
燕夏乡	yan xia xiang	2
燕子岩	yan zi yan	3
燕子岭	yan zi ling	13
燕子村	yan zi cun	4
燕子矶	yan zi ji	21
燕子窝	yan zi wo	15
燕家台村	yan jia tai cun	3
燕家庄	yan jia zhuang	4
燕家胡同	yan jia hu tong	2
燕尔窝	yan er wo	4
燕山区	yan shan qu	1
燕山宾馆	yan shan bin guan	4
燕山影剧院	yan shan ying ju yuan	5
燕山水泥厂	yan shan shui ni chang	6
燕山营村	yan shan ying cun	2
燕山街	yan shan jie	1
燕山路	yan shan lu	15
燕川	yan chuan	3
燕平乡	yan ping xiang	3
燕平家园	yan ping jia yuan	4
燕庄	yan zhuang	9
燕房路	yan fang lu	7
燕江园	yan jiang yuan	5
燕江路	yan jiang lu	7
燕泉街道	yan quan jie dao	5
燕洲	yan zhou	2
燕港	yan gang	6
燕灵路口	yan ling lu kou	3
燕王乡	yan wang xiang	4
燕莎桥东	yan sha qiao dong	5
燕莎桥北	yan sha qiao bei	3
燕莎桥南	yan sha qiao nan	5
燕莎桥西	yan sha qiao xi	3
燕郊中燕小区	yan jiao zhong yan xiao qu	2
燕郊中美医院	yan jiao zhong mei yi yuan	4
燕郊交通干部管理学院	yan jiao jiao tong gan bu guan li xue yuan	2
燕郊冶金一局	yan jiao ye jin yi ju	3
燕郊学院街	yan jiao xue yuan jie	2
燕郊开发区	yan jiao kai fa qu	1
燕郊火车站	yan jiao huo che zhan	6
燕郊燕潮酩酒厂	yan jiao yan chao ming jiu chang	2
燕郊迎宾路口	yan jiao ying bin lu kou	3
燕都	yan du	9
燕雀湖	yan que hu	1
燕鲁公所街	yan lu gong suo jie	4
爨底下村	cuan di xia cun	1
爱买超市	ai mai chao shi	2
爱华路	ai hua lu	2
爱国村	ai guo cun	7
爱国路	ai guo lu	42
爱国道	ai guo dao	4
爱地大厦	ai di da sha	3
爱工街	ai gong jie	6
爱心路	ai xin lu	8
爱恩国际学院	ai en guo ji xue yuan	2
爱榕园	ai rong yuan	1
爱民街	ai min jie	3
爱民路	ai min lu	4
爱涛漪水园	ai tao yi shui yuan	3
爱登堡	ai deng bao	11
爱群大厦	ai qun da sha	3
爱联村	ai lian cun	4
爱联路	ai lian lu	3
爱辉县	ai hui xian	2
爱达花园	ai da hua yuan	6
爱都	ai du	10
爵士风情	jue shi feng qing	6
爵溪街道	jue xi jie dao	4
父子岭村	fu zi ling cun	3
爽秋路社区	shuang qiu lu she qu	3
牌口	pai kou	5
牌坊回族满族乡	pai fang hui zu man zu xiang	4
牌坊湾	pai fang wan	4
牌楼路	pai lou lu	1
牙什尕镇	ya shen ga zhen	4
牙克石农场	ya ke shi nong chang	4
牙克石市	ya ke shi shi	24
牙屯堡镇	ya tun bao zhen	7
牙浪乡	ya lang xiang	2
牛八宝胡同	niu ba bao hu tong	2
牛围	niu wei	3
牛埃石	niu ai shi	3
牛堡屯镇	niu bao tun zhen	3
牛塘	niu tang	8
牛头山	niu tou shan	42
牛奶公司	niu nai gong si	33
牛奶场	niu nai chang	3
牛姆林	niu mu lin	5
牛婆塘	niu po tang	6
牛家	niu jia	8
牛家沟	niu jia gou	5
牛屎	niu shi	35
牛川乡	niu chuan xiang	5
牛市口	niu shi kou	2
牛庄区	niu zhuang qu	2
牛庄村委会	niu zhuang cun wei hui	2
牛径	niu jing	4
牛心台街道	niu xin tai jie dao	1
牛心山	niu xin shan	6
牛战	niu zhan	3
牛房	niu fang	10
牛房圈	niu fang juan	4
牛掰	niu bai	8
牛晓楠	niu xiao nan	4
牛杜工贸区	niu du gong mao qu	2
牛栏山一中	niu lan shan yi zhong	9
牛栏山地区	niu lan shan di qu	2
牛栏山环岛	niu lan shan huan dao	3
牛桥	niu qiao	3
牛桥底	niu qiao di	3
牛楼村委会	niu lou cun wei hui	3
牛沐	niu mu	3
牛湖	niu hu	3
牛湖村	niu hu cun	4
牛牛坝乡	niu niu ba xiang	4
牛牧屯村	niu mu tun cun	2
牛牯岭	niu gu ling	1
牛犄角胡同	niu ji jiao hu tong	2
牛王庙	niu wang miao	22
牛皮地	niu pi di	4
牛皮塘	niu pi tang	2
牛筋面	niu jin mian	42
牛羊肉市场	niu yang rou shi chang	8
牛肉丸子	niu rou wan zi	39
牛背岭	niu bei ling	4
牛街南口	niu jie nan kou	6
牛街礼拜寺	niu jie li bai si	2
牛角坝镇	niu jiao ba zhen	5
牛角塘村	niu jiao tang cun	6
牛角寨乡	niu jiao zhai xiang	2
牛角山	niu jiao shan	1
牛角沱	niu jiao tuo	16
牛角湾	niu jiao wan	5
牛进庄乡	niu jin zhuang xiang	3
牛顿路	niu dun lu	3
牛首山	niu shou shan	27
牛骨头	niu gu tou	25
牛骨头汤	niu gu tou tang	4
牛黄山	niu huang shan	2
牟定	mou ding	15
牟平县	mu ping xian	25
牟平路	mu ping lu	5
牡丹园东	mu dan yuan dong	4
牡丹园北	mu dan yuan bei	1
牡丹园北站	mu dan yuan bei zhan	3
牡丹园小区	mu dan yuan xiao qu	5
牡丹园西	mu dan yuan xi	4
牡丹江一中	mu dan jiang yi zhong	3
牡丹江大学	mu dan jiang da xue	5
牡丹江日报	mu dan jiang ri bao	1
牡丹江晨报	mu dan jiang chen bao	3
牡丹江路	mu dan jiang lu	2
牡丹花园	mu dan hua yuan	2
牡丹花城	mu dan hua cheng	2
牡丹路	mu dan lu	3
牡师院	mu shi yuan	2
牤牛桥社区	mang niu qiao she qu	2
牤牛河	mang niu he	12
牤牛营子乡	mang niu ying zi xiang	2
牧原镇	mu yuan zhen	2
牧马山	mu ma shan	7
牧龙河	mu long he	4
物探三处	wu tan san chu	3
物玛乡	wu ma xiang	1
物理科学学院	wu li ke xue xue yuan	6
物资商贸城	wu zi shang mao cheng	2
物资大楼	wu zi da lou	2
物资学院	wu zi xue yuan	10
特克斯和凯科斯	te ke si he kai ke si	38
特克斯镇	te ke si zhen	5
特兹乡	te zi xiang	2
特区报社	te qu bao she	3
特口甲谷乡	te kou jia gu xiang	2
特合土乡	te he tu xiang	3
特布洛乡	te bu luo xiang	4
特教学校	te jiao xue xiao	7
特种养殖场	te zhong yang zhi chang	3
特补乡	te bu xiang	2
特警支队	te jing zhi dui	10
特警桥	te jing qiao	6
特钢社区	te gang she qu	4
犀浦路口	xi pu lu kou	2
犀牛坪	xi niu ping	2
犁壁山	li bi shan	2
犁头山	li tou shan	11
犁头瑶族乡	li tou yao zu xiang	4
犁头街	li tou jie	1
犁铧街	li hua jie	5
状元境	zhuang yuan jing	3
状元府	zhuang yuan fu	5
状元洲街道	zhuang yuan zhou jie dao	5
状元街	zhuang yuan jie	5
狄寨	di zhai	3
狄村	di cun	1
狄邱乡	di qiu xiang	6
狐狸洞	hu li dong	9
狐狸窝	hu li wo	4
狗头山	gou tou shan	15
狗尾巴胡同	gou wei ba hu tong	3
狗皮山	gou pi shan	2
独义	du yi	4
独乐乡	du le xiang	2
独乐河	du le he	2
独山子	du shan zi	16
独山子大酒店	du shan zi da jiu dian	3
独山村	du shan cun	4
独山湖	du shan hu	7
独山路	du shan lu	4
独松乡	du song xiang	3
独柏村	du bai cun	3
独树	du shu	43
独石村	du shi cun	4
独石沟乡	du shi gou xiang	3
独秀峰	du xiu feng	14
狮东村	shi dong cun	3
狮子包	shi zi bao	4
狮子口	shi zi kou	4
狮子坝	shi zi ba	1
狮子山村	shi zi shan cun	6
狮子山路口	shi zi shan lu kou	3
狮子岩	shi zi yan	13
狮子岭	shi zi ling	7
狮子店胡同	shi zi dian hu tong	3
狮子林大街	shi zi lin da jie	1
狮子林桥	shi zi lin qiao	1
狮子桥	shi zi qiao	43
狮子沟乡	shi zi gou xiang	4
狮子石	shi zi shi	12
狮子营	shi zi ying	4
狮山村	shi shan cun	4
狮岩	shi yan	5
狮峰	shi feng	9
狮峰村	shi feng cun	3
狮泉河	shi quan he	10
狮湖	shi hu	3
狮爷	shi ye	15
狼垡	lang fa	1
狼垡二村	lang fa er cun	4
狼山街道	lang shan jie dao	4
狼牙山镇	lang ya shan zhen	3
狼虎哨村	lang hu shao cun	3
猇亭	xiao ting	11
猎德街道	lie de jie dao	6
猛必乡	meng bi xiang	4
猛虎村	meng hu cun	4
猛追湾	meng zhui wan	28
猛追湾街	meng zhui wan jie	7
猪槽	zhu cao	3
猪石头林场	zhu shi tou lin chang	2
猪脚粉	zhu jiao fen	4
猪蹄火锅	zhu ti huo guo	6
猪麻坝	zhu ma ba	2
猫儿石	mao er shi	3
猫桥	mao qiao	1
猫猫沟	mao mao gou	3
猫起	mao qi	6
猴嘴街道	hou zui jie dao	1
猴场堡乡	hou chang bao xiang	1
猴子桥	hou zi qiao	2
猴子石大桥	hou zi shi da qiao	1
猴王庙	hou wang miao	1
猴石镇	hou shi zhen	3
獐么乡	zhang me xiang	3
獭山	ta shan	3
玄坛庙村	xuan tan miao cun	2
玄庙镇	xuan miao zhen	4
玄武山	xuan wu shan	2
玄武庙	xuan wu miao	1
玄溪	xuan xi	1
玉三	yu san	6
玉井村	yu jing cun	4
玉什喀拉苏乡	yu shi ka la su xiang	2
玉代克力克乡	yu dai ke li ke xiang	4
玉佛寺	yu fo si	41
玉兰村	yu lan cun	5
玉兰路	yu lan lu	7
玉兰里	yu lan li	5
玉函路	yu han lu	8
玉前村	yu qian cun	1
玉华村	yu hua cun	3
玉华路	yu hua lu	4
玉南	yu nan	10
玉双路	yu shuang lu	3
玉双路口	yu shuang lu kou	5
玉古路口	yu gu lu kou	6
玉古路天目山路口	yu gu lu tian mu shan lu kou	4
玉台镇	yu tai zhen	3
玉叶村	yu ye cun	3
玉和园	yu he yuan	2
玉园	yu yuan	4
玉园村	yu yuan cun	1
玉坂村	yu ban cun	3
玉坪乡	yu ping xiang	4
玉堂村	yu tang cun	5
玉塘	yu tang	7
玉塘村	yu tang cun	2
玉太乡	yu tai xiang	1
玉安	yu an	9
玉尔滚	yu er gun	4
玉屏南路	yu ping nan lu	5
玉屏小学	yu ping xiao xue	3
玉屏路	yu ping lu	6
玉山村	yu shan cun	1
玉峰山	yu feng shan	1
玉州	yu zhou	33
玉带园	yu dai yuan	1
玉带桥	yu dai qiao	4
玉带胡同	yu dai hu tong	13
玉带路	yu dai lu	2
玉带路西口	yu dai lu xi kou	2
玉律路	yu lv lu	4
玉成村	yu cheng cun	1
玉斗	yu dou	1
玉斗村	yu dou cun	2
玉新街道	yu xin jie dao	2
玉林上横巷	yu lin shang heng xiang	2
玉林东路	yu lin dong lu	7
玉林东里二区社区	yu lin dong li er qu she qu	3
玉林中路	yu lin zhong lu	6
玉林北路	yu lin bei lu	6
玉林南路	yu lin nan lu	1
玉林县	yu lin xian	4
玉林小区	yu lin xiao qu	7
玉林生活广场	yu lin sheng huo guang chang	6
玉林街	yu lin jie	6
玉林街道	yu lin jie dao	7
玉林西街	yu lin xi jie	4
玉林西路	yu lin xi lu	6
玉林西路东	yu lin xi lu dong	2
玉林西里社区	yu lin xi li she qu	3
玉林路	yu lin lu	23
玉林里社区	yu lin li she qu	3
玉柱	yu zhu	42
玉柱村	yu zhu cun	2
玉树县	yu shu xian	21
玉桃园	yu tao yuan	6
玉桥东路	yu qiao dong lu	4
玉桥中路	yu qiao zhong lu	6
玉桥中路北口	yu qiao zhong lu bei kou	4
玉桥北里	yu qiao bei li	5
玉桥北里社区	yu qiao bei li she qu	4
玉桥南里	yu qiao nan li	4
玉桥南里社区	yu qiao nan li she qu	4
玉桥小区	yu qiao xiao qu	3
玉梅村	yu mei cun	3
玉沙路	yu sha lu	3
玉泉东路	yu quan dong lu	5
玉泉园	yu quan yuan	3
玉泉营	yu quan ying	10
玉泉营桥	yu quan ying qiao	9
玉泉营桥东	yu quan ying qiao dong	5
玉泉营桥北	yu quan ying qiao bei	6
玉泉营桥南	yu quan ying qiao nan	5
玉泉营桥西	yu quan ying qiao xi	6
玉泉街	yu quan jie	1
玉泉西路	yu quan xi lu	7
玉泉路	yu quan lu	49
玉泉路北口	yu quan lu bei kou	2
玉浦	yu pu	5
玉浦村	yu pu cun	4
玉海园	yu hai yuan	5
玉海园三里	yu hai yuan san li	3
玉海园东门	yu hai yuan dong men	2
玉海园南口	yu hai yuan nan kou	3
玉渊潭东门	yu yuan tan dong men	9
玉渊潭公园	yu yuan tan gong yuan	13
玉渊潭南路	yu yuan tan nan lu	7
玉渊潭南路西口	yu yuan tan nan lu xi kou	3
玉渊潭南门	yu yuan tan nan men	3
玉渊潭西门	yu yuan tan xi men	5
玉湖	yu hu	32
玉湖村	yu hu cun	4
玉湖社区	yu hu she qu	4
玉溪县	yu xi xian	6
玉溪村	yu xi cun	1
玉潭	yu tan	6
玉璟园	yu jing yuan	2
玉瓜坑	yu gua keng	2
玉瓦乡	yu wa xiang	3
玉甫上营	yu fu shang ying	2
玉田乡	yu tian xiang	2
玉田支路	yu tian zhi lu	4
玉田新村	yu tian xin cun	3
玉田村	yu tian cun	8
玉田路	yu tian lu	7
玉皇乡	yu huang xiang	3
玉皇坪	yu huang ping	3
玉皇山路口	yu huang shan lu kou	7
玉皇庙	yu huang miao	22
玉皇观街	yu huang guan jie	5
玉皇路	yu huang lu	3
玉皇阁	yu huang ge	42
玉皇阁北街街道	yu huang ge bei jie jie dao	6
玉皇阁大街	yu huang ge da jie	3
玉皇顶	yu huang ding	10
玉石胡同	yu shi hu tong	1
玉磨	yu mo	8
玉祥门	yu xiang men	10
玉窑	yu yao	1
玉芙胡同	yu fu hu tong	2
玉虚观	yu xu guan	1
玉蜓桥	yu ting qiao	2
玉西	yu xi	4
玉西村	yu xi cun	1
玉门市	yu men shi	23
玉门路	yu men lu	6
玉阁胡同	yu ge hu tong	4
玉隆	yu long	7
玉隆花园	yu long hua yuan	2
玉霞	yu xia	27
玉霞社区	yu xia she qu	2
玉马教练场	yu ma jiao lian chang	3
玉龙县	yu long xian	2
玉龙山庄	yu long shan zhuang	5
玉龙岛	yu long dao	6
玉龙桥	yu long qiao	4
王三贵	wang san gui	4
王上村	wang shang cun	4
王世伦	wang shi lun	3
王业村	wang ye cun	4
王东桥	wang dong qiao	4
王串场	wang chuan chang	6
王串场一号路	wang chuan chang yi hao lu	3
王串场三号路	wang chuan chang san hao lu	2
王串场五号路	wang chuan chang wu hao lu	3
王串场六号路	wang chuan chang liu hao lu	2
王串场四号路	wang chuan chang si hao lu	3
王串场富强道	wang chuan chang fu qiang dao	2
王为一	wang wei yi	4
王丽红	wang li hong	8
王丽花	wang li hua	6
王丽英	wang li ying	8
王丽香	wang li xiang	1
王乐泉	wang le quan	5
王什乡	wang shen xiang	3
王佐卫生院	wang zuo wei sheng yuan	3
王佐学校	wang zuo xue xiao	4
王佐村	wang zuo cun	4
王佐汽车站	wang zuo qi che zhan	4
王佐胡同	wang zuo hu tong	2
王佐镇政府	wang zuo zhen zheng fu	5
王佑镇	wang you zhen	4
王佳丽	wang jia li	6
王保村	wang bao cun	4
王兆街道	wang zhao jie dao	3
王公塘	wang gong tang	5
王公村	wang gong cun	1
王兴村	wang xing cun	4
王凤敏	wang feng min	3
王加明	wang jia ming	4
王化庄村	wang hua zhuang cun	3
王北	wang bei	5
王卡乡	wang ka xiang	2
王厝村	wang cuo cun	3
王各庄	wang ge zhuang	5
王启民	wang qi min	7
王吴	wang wu	5
王四营	wang si ying	3
王四营村	wang si ying cun	2
王四营桥	wang si ying qiao	2
王四营桥东	wang si ying qiao dong	4
王土房乡	wang tu fang xiang	2
王场新村	wang chang xin cun	4
王坛	wang tan	19
王坟	wang fen	18
王坟村	wang fen cun	4
王坦	wang tan	18
王坪	wang ping	5
王坪村	wang ping cun	1
王坪镇	wang ping zhen	4
王城商厦	wang cheng shang sha	2
王城寺	wang cheng si	4
王埠	wang bu	2
王堂村委会	wang tang cun wei hui	2
王堂村村委会	wang tang cun cun wei hui	4
王堡	wang bao	2
王堡村	wang bao cun	4
王塘村	wang tang cun	5
王天兵	wang tian bing	24
王头村	wang tou cun	5
王如意	wang ru yi	3
王子楼	wang zi lou	3
王宅	wang zhai	12
王官寨	wang guan zhai	4
王官桥	wang guan qiao	2
王宫社区	wang gong she qu	1
王家冲	wang jia chong	7
王家友	wang jia you	3
王家台村	wang jia tai cun	3
王家后	wang jia hou	6
王家园社区	wang jia yuan she qu	4
王家场	wang jia chang	5
王家坝	wang jia ba	9
王家坝村	wang jia ba cun	5
王家坟	wang jia fen	1
王家坪	wang jia ping	15
王家坪村	wang jia ping cun	7
王家垅	wang jia long	7
王家堡	wang jia pu	5
王家堰	wang jia yan	4
王家墩	wang jia dun	36
王家墩乡	wang jia dun xiang	3
王家墩村	wang jia dun cun	2
王家大湖农场	wang jia da hu nong chang	3
王家宅	wang jia zhai	4
王家寨	wang jia zhai	2
王家屯	wang jia tun	5
王家山下	wang jia shan xia	2
王家岔乡	wang jia cha xiang	3
王家巷子	wang jia xiang zi	2
王家庄	wang jia zhuang	29
王家庄子	wang jia zhuang zi	1
王家庄村委会	wang jia zhuang cun wei hui	3
王家庄牧场	wang jia zhuang mu chang	2
王家店	wang jia dian	2
王家庙	wang jia miao	5
王家村	wang jia cun	12
王家村委会	wang jia cun wei hui	2
王家桥	wang jia qiao	4
王家梁市场	wang jia liang shi chang	4
王家棚	wang jia peng	5
王家楼	wang jia lou	6
王家楼回族乡	wang jia lou hui zu xiang	1
王家沟	wang jia gou	3
王家沟村	wang jia gou cun	2
王家沟街道	wang jia gou jie dao	5
王家河	wang jia he	4
王家湾	wang jia wan	10
王家田村	wang jia tian cun	3
王家畈	wang jia fan	6
王家石桥	wang jia shi qiao	3
王家祠	wang jia ci	4
王家营	wang jia ying	3
王家营村	wang jia ying cun	5
王家院子	wang jia yuan zi	6
王家麦岛	wang jia mai dao	1
王寨村村委会	wang zhai cun cun wei hui	5
王寺街道	wang si jie dao	1
王小梅	wang xiao mei	2
王屯村	wang tun cun	4
王岗山	wang gang shan	3
王岭村	wang ling cun	1
王峪沟	wang yu gou	3
王平地区	wang ping di qu	4
王平村	wang ping cun	5
王庄寨镇	wang zhuang zhai zhen	3
王庄新村	wang zhuang xin cun	5
王庄村委会	wang zhuang cun wei hui	2
王庄村村委会	wang zhuang cun cun wei hui	4
王庄街	wang zhuang jie	3
王庄路	wang zhuang lu	1
王府仓胡同	wang fu cang hu tong	2
王府公寓	wang fu gong yu	1
王府南园	wang fu nan yuan	3
王府园	wang fu yuan	2
王府山	wang fu shan	2
王府庄	wang fu zhuang	4
王府庄村	wang fu zhuang cun	3
王府温馨公寓	wang fu wen xin gong yu	5
王府花园	wang fu hua yuan	10
王府街	wang fu jie	2
王府酒楼	wang fu jiu lou	4
王户庄村	wang hu zhuang cun	2
王文建	wang wen jian	5
王月红	wang yue hong	5
王望	wang wang	15
王木营	wang mu ying	3
王木营村	wang mu ying cun	3
王村村	wang cun cun	2
王村村委会	wang cun cun wei hui	4
王杰部队	wang jie bu dui	4
王格尔塘镇	wang ge er tang zhen	5
王桂窑乡	wang gui yao xiang	1
王桥村	wang qiao cun	7
王梅君	wang mei jun	4
王楼	wang lou	7
王母宫	wang mu gong	2
王母山村	wang mu shan cun	2
王母池	wang mu chi	1
王母观	wang mu guan	2
王民乡	wang min xiang	4
王江泾	wang jiang jing	5
王沟村	wang gou cun	1
王河	wang he	7
王泉营	wang quan ying	3
王波兰	wang bo lan	3
王泮庄	wang pan zhuang	3
王清华	wang qing hua	14
王渠则镇	wang qu ze zhen	5
王渡	wang du	8
王港镇	wang gang zhen	5
王滨沟乡	wang bin gou xiang	2
王滩镇	wang tan zhen	4
王潭	wang tan	1
王爷坟	wang ye fen	1
王牌电器公司	wang pai dian qi gong si	3
王狮乡	wang shi xiang	4
王甫乡	wang fu xiang	4
王甲	wang jia	29
王皮溜镇	wang pi liu zhen	2
王皮胡同	wang pi hu tong	4
王石凹街道	wang shi ao jie dao	5
王社	wang she	31
王称堌乡	wang cheng gu xiang	2
王窑村	wang yao cun	4
王立元	wang li yuan	1
王立庄	wang li zhuang	3
王立庄村	wang li zhuang cun	3
王罡	wang gang	7
王老沟	wang lao gou	2
王致和社区	wang zhi he she qu	3
王舍	wang she	34
王良海	wang liang hai	4
王茅镇	wang mao zhen	5
王荃	wang quan	3
王营子乡	wang ying zi xiang	3
王谦寺镇	wang qian si zhen	1
王贵成	wang gui cheng	5
王辛	wang xin	11
王都庄村	wang du zhuang cun	3
王长发	wang chang fa	5
王闫乡	wang yan xiang	3
王院	wang yuan	33
王陵及贵族墓葬	wang ling ji gui zu mu zang	5
王陵街道	wang ling jie dao	5
王集	wang ji	27
王顶堤	wang ding di	2
王顶堤立交桥	wang ding di li jiao qiao	3
王龙口村	wang long kou cun	2
玛斯兰德	ma si lan de	5
玛曲乡	ma qu xiang	3
玛沁	ma qin	12
玛纳斯园艺场	ma na si yuan yi chang	3
玛纳斯平原林场	ma na si ping yuan lin chang	2
玛纳斯河	ma na si he	7
玩具公司	wan ju gong si	39
玫瑰园东路	mei gui yuan dong lu	3
玫瑰大楼	mei gui da lou	2
玫瑰庄园	mei gui zhuang yuan	3
玫瑰苑	mei gui yuan	4
玫瑰营镇	mei gui ying zhen	3
环东	huan dong	18
环北	huan bei	24
环北市场	huan bei shi chang	8
环北街道	huan bei jie dao	2
环南一大道	huan nan yi da dao	3
环卫处	huan wei chu	6
环卫局	huan wei ju	10
环卫车队	huan wei che dui	7
环城东路	huan cheng dong lu	37
环城北路	huan cheng bei lu	44
环城南路	huan cheng nan lu	15
环城小学	huan cheng xiao xue	5
环城西一路	huan cheng xi yi lu	1
环城西二路	huan cheng xi er lu	3
环城西路	huan cheng xi lu	39
环城西路北段	huan cheng xi lu bei duan	6
环堤	huan di	2
环宇体育	huan yu ti yu	3
环宇公司	huan yu gong si	6
环山村	huan shan cun	5
环山社区	huan shan she qu	4
环岛东路	huan dao dong lu	18
环岛西路	huan dao xi lu	6
环岭乡	huan ling xiang	3
环峰	huan feng	17
环州乡	huan zhou xiang	3
环市东路	huan shi dong lu	14
环市东路天桥	huan shi dong lu tian qiao	2
环市南路	huan shi nan lu	6
环市童装交易中心	huan shi tong zhuang jiao yi zhong xin	4
环市西路	huan shi xi lu	1
环景北路	huan jing bei lu	2
环景南路	huan jing nan lu	3
环本农场	huan ben nong chang	1
环林	huan lin	8
环林西路	huan lin xi lu	13
环桥	huan qiao	31
环水道	huan shui dao	4
环江县	huan jiang xian	8
环池	huan chi	5
环清	huan qing	2
环清社区	huan qing she qu	2
环湖东路	huan hu dong lu	5
环湖中路	huan hu zhong lu	6
环湖西路	huan hu xi lu	8
环湖里	huan hu li	3
环球乐园	huan qiu le yuan	2
环球大酒店	huan qiu da jiu dian	5
环科园	huan ke yuan	1
环翠路	huan cui lu	6
环行铁道	huan xing tie dao	5
环西新村	huan xi xin cun	5
环西苑	huan xi yuan	2
环诸乡	huan zhu xiang	2
环通乡江南村	huan tong xiang jiang nan cun	2
环铁社区	huan tie she qu	2
环镇	huan zhen	5
环镇北路	huan zhen bei lu	4
现代农业开发区	xian dai nong ye kai fa qu	6
现代农装	xian dai nong zhuang	4
现代城	xian dai cheng	12
现代家具广场	xian dai jia ju guang chang	3
现代工业港	xian dai gong ye gang	1
现代广场	xian dai guang chang	3
现代装潢市场	xian dai zhuang huang shi chang	1
现龙	xian long	21
玲珑公园	ling long gong yuan	1
玲珑塔镇	ling long ta zhen	1
玲珑花园	ling long hua yuan	3
玲珑路	ling long lu	7
玻璃城子镇	bo li cheng zi zhen	1
玻璃钢厂	bo li gang chang	5
珊屏村	shan ping cun	2
珊瑚坝	shan hu ba	3
珊瑚沙水库	shan hu sha shui ku	1
珍卿村	zhen qing cun	2
珍地村	zhen di cun	3
珍山	zhen shan	6
珍山村	zhen shan cun	2
珍巷里	zhen xiang li	2
珍珠乐园	zhen zhu le yuan	1
珍珠河	zhen zhu he	6
珍珠泉	zhen zhu quan	20
珍珠湖路口	zhen zhu hu lu kou	3
珍珠路	zhen zhu lu	1
珍田村	zhen tian cun	3
珍秦乡	zhen qin xiang	1
珞南街道	luo nan jie dao	4
珞狮北路	luo shi bei lu	9
珞狮南路	luo shi nan lu	1
珞狮路	luo shi lu	1
珞珈山	luo jia shan	30
珞瑜路	luo yu lu	3
珠光村	zhu guang cun	6
珠加乡	zhu jia xiang	2
珠嘉乡	zhu jia xiang	6
珠固乡	zhu gu xiang	1
珠塔	zhu ta	4
珠塘	zhu tang	3
珠宝街	zhu bao jie	6
珠市口	zhu shi kou	15
珠市街	zhu shi jie	1
珠斯花街道	zhu si hua jie dao	2
珠林桥	zhu lin qiao	1
珠林路	zhu lin lu	7
珠水夜韵	zhu shui ye yun	5
珠水晴波	zhu shui qing bo	3
珠江塑料厂	zhu jiang su liao chang	3
珠江帝景	zhu jiang di jing	2
珠江新城	zhu jiang xin cheng	38
珠江村	zhu jiang cun	1
珠江花园	zhu jiang hua yuan	8
珠江路	zhu jiang lu	26
珠江道	zhu jiang dao	9
珠江镇	zhu jiang zhen	7
珠泉街道	zhu quan jie dao	2
珠泉路	zhu quan lu	2
珠洋	zhu yang	2
珠洋村	zhu yang cun	3
珠海丹心	zhu hai dan xin	6
珠海保税区	zhu hai bao shui qu	2
珠海大桥东	zhu hai da qiao dong	3
珠海大桥西	zhu hai da qiao xi	4
珠海机场	zhu hai ji chang	21
珠海渔女	zhu hai yu nv	2
珠海港	zhu hai gang	11
珠海电厂	zhu hai dian chang	4
珠海电台	zhu hai dian tai	3
珠海百货	zhu hai bai huo	5
珠海粤剧团	zhu hai yue ju tuan	4
珠海艺术学院	zhu hai yi shu xue yuan	2
珠海路	zhu hai lu	2
珠湖乡	zhu hu xiang	3
珠田村	zhu tian cun	2
珩山	heng shan	1
班井	ban jing	3
班佑乡	ban you xiang	4
班家	ban jia	5
班家庄	ban jia zhuang	2
班枣乡	ban zao xiang	2
班迪尔乡	ban di er xiang	1
珲春县	hun chun xian	4
珲春市	hun chun shi	47
球场街	qiu chang jie	7
球子	qiu zi	34
琅山	lang shan	5
琅山村	lang shan cun	2
琅环乡	lang huan xiang	2
琅琊路小学	lang ya lu xiao xue	1
理化苗族彝族乡	li hua miao zu yi zu xiang	2
理工大南湖校区	li gong da nan hu xiao qu	4
理想家园	li xiang jia yuan	4
理抹	li ma	1
琉三路口	liu san lu kou	3
琉璃一街	liu li yi jie	5
琉璃井	liu li jing	8
琉璃井社区	liu li jing she qu	2
琉璃厂	liu li chang	41
琉璃厂社区	liu li chang she qu	3
琉璃场	liu li chang	8
琉璃寺胡同	liu li si hu tong	3
琉璃寺镇	liu li si zhen	5
琉璃庙	liu li miao	5
琉璃河	liu li he	40
琉璃河地区	liu li he di qu	1
琉璃河检查站	liu li he jian cha zhan	5
琉璃河检测站	liu li he jian ce zhan	2
琉璃河水泥厂	liu li he shui ni chang	6
琉璃渠	liu li qu	6
琢初桥	zhuo chu qiao	3
琥珀树	hu po shu	3
琪林苏井	qi lin su jing	3
琯头	guan tou	14
琴亭	qin ting	8
琴亭高架桥	qin ting gao jia qiao	6
琴台路	qin tai lu	3
琴断口街道	qin duan kou jie dao	3
琴棋乡	qin qi xiang	5
琴湖公园	qin hu gong yuan	4
琴湖路	qin hu lu	5
琴湖路口	qin hu lu kou	4
琵琶村	pi pa cun	5
琵琶洲	pi pa zhou	4
琵琶街道	pi pa jie dao	3
琶洲砥柱	pa zhou di zhu	4
琶洲街道	pa zhou jie dao	1
琼中	qiong zhong	40
琼孜乡	qiong zi xiang	3
琼山市	qiong shan shi	2
琼州道	qiong zhou dao	2
琼海县	qiong hai xian	2
琼海市	qiong hai shi	37
琼湖街道	qiong hu jie dao	4
琼湖街道办事处	qiong hu jie dao ban shi chu	3
琼结	qiong jie	5
琼英	qiong ying	15
瑞东	rui dong	11
瑞丰农庄	rui feng nong zhuang	2
瑞丰格林苑	rui feng ge lin yuan	3
瑞丽县	rui li xian	32
瑞丽市姐告边境贸易区	rui li shi jie gao bian jing mao yi qu	3
瑞南路	rui nan lu	5
瑞博	rui bo	6
瑞坂村	rui ban cun	2
瑞城	rui cheng	31
瑞安县	rui an xian	25
瑞安经济开发区	rui an jing ji kai fa qu	4
瑞州街道	rui zhou jie dao	4
瑞慈医院	rui ci yi yuan	5
瑞昌县	rui chang xian	4
瑞昌市	rui chang shi	19
瑞景文华	rui jing wen hua	1
瑞景新村	rui jing xin cun	3
瑞景苑	rui jing yuan	1
瑞王坟	rui wang fen	1
瑞立	rui li	2
瑞芳镇	rui fang zhen	3
瑞苑	rui yuan	5
瑞英小学	rui ying xiao xue	4
瑞豪国际酒店	rui hao guo ji jiu dian	5
瑞达电子	rui da dian zi	3
瑞金一路	rui jin yi lu	1
瑞金中路	rui jin zhong lu	1
瑞金二路	rui jin er lu	10
瑞金北村	rui jin bei cun	7
瑞金北路	rui jin bei lu	6
瑞金医院	rui jin yi yuan	34
瑞金南路	rui jin nan lu	7
瑞金县	rui jin xian	31
瑞金市	rui jin shi	10
瑞金新村	rui jin xin cun	7
瑞金路	rui jin lu	15
瑞鑫兰庭	rui xin lan ting	4
瑞隆路	rui long lu	11
瑞青	rui qing	17
瑶台村	yao tai cun	1
瑶坞村	yao wu cun	2
瑶坪	yao ping	3
瑶山瑶族乡	yao shan yao zu xiang	3
瑶族风情园	yao zu feng qing yuan	5
瑶海区工业园	yao hai qu gong ye yuan	4
瑶溪	yao xi	6
瑶环路	yao huan lu	2
瑶琳路	yao lin lu	3
瑶琼村	yao qiong cun	2
瑶田	yao tian	1
瑶麓瑶族乡	yao lu yao zu xiang	3
璧城镇	bi cheng zhen	1
璧山县	bi shan xian	25
璧山社区	bi shan she qu	2
瓜乡桥	gua xiang qiao	4
瓜什则乡	gua shi ze xiang	3
瓜兮兮	gua xi xi	35
瓜兮兮的	gua xi xi de	47
瓜园乡	gua yuan xiang	1
瓜园则湾乡	gua yuan ze wan xiang	3
瓜地沟	gua di gou	4
瓜堤	gua di	1
瓜子店	gua zi dian	1
瓜山	gua shan	27
瓜山北苑	gua shan bei yuan	4
瓜山南苑	gua shan nan yuan	2
瓜山村	gua shan cun	3
瓜德罗普岛	gua de luo pu dao	9
瓜果之乡	gua guo zhi xiang	2
瓜果市场	gua guo shi chang	6
瓦井	wa jing	1
瓦利斯和富图纳	wa li si he fu tu na	41
瓦利斯和富图纳群岛	wa li si he fu tu na qun dao	4
瓦子村	wa zi cun	4
瓦屋下	wa wu xia	1
瓦屋场	wa wu chang	3
瓦屋山	wa wu shan	28
瓦屑	wa xie	4
瓦山	wa shan	5
瓦岩乡	wa yan xiang	4
瓦店	wa dian	8
瓦恰乡	wa qia xiang	5
瓦房店市	wa fang dian shi	30
瓦房彝族苗族乡	wa fang yi zu miao zu xiang	2
瓦日	wa ri	6
瓦日乡	wa ri xiang	1
瓦泽	wa ze	27
瓦流村	wa liu cun	2
瓦溪乡	wa xi xiang	2
瓦甸	wa dian	1
瓦盆窑	wa pen yao	5
瓦窑头	wa yao tou	1
瓦窑小区	wa yao xiao qu	4
瓦窑河	wa yao he	1
瓦窑湾	wa yao wan	1
瓦胡同村	wa hu tong cun	4
瓦西乡	wa xi xiang	3
瓦里觉乡	wa li jue xiang	3
瓮安	weng an	29
瓮江	weng jiang	5
瓯宁街道	ou ning jie dao	4
瓯昌饭店	ou chang fan dian	2
瓯江大桥	ou jiang da qiao	2
瓯江路	ou jiang lu	1
瓯浦垟	ou pu yang	6
瓯海	ou hai	29
瓯海区府	ou hai qu fu	1
瓯海县	ou hai xian	2
瓯海宾馆	ou hai bin guan	4
瓶窑	ping yao	45
瓷厂	ci chang	44
瓷器口	ci qi kou	29
甘东社区	gan dong she qu	3
甘井子法院	gan jing zi fa yuan	2
甘井胡同	gan jing hu tong	3
甘代	gan dai	4
甘其毛道口岸	gan qi mao dao kou an	4
甘园	gan yuan	4
甘坑	gan keng	22
甘坑林场	gan keng lin chang	3
甘塘乡	gan tang xiang	3
甘子河乡	gan zi he xiang	1
甘官屯乡	gan guan tun xiang	4
甘家口	gan jia kou	15
甘家口商场	gan jia kou shang chang	4
甘家口大厦	gan jia kou da sha	1
甘家口社区	gan jia kou she qu	5
甘家巷	gan jia xiang	3
甘家湖林场	gan jia hu lin chang	2
甘家湖牧场	gan jia hu mu chang	5
甘山	gan shan	6
甘岸街道	gan an jie dao	3
甘庄	gan zhuang	1
甘曲镇	gan qu zhen	3
甘棠	gan tang	42
甘棠乡政府	gan tang xiang zheng fu	3
甘棠桥	gan tang qiao	3
甘棠桥社区	gan tang qiao she qu	4
甘水桥	gan shui qiao	5
甘水桥胡同	gan shui qiao hu tong	2
甘江头乡	gan jiang tou xiang	3
甘沟	gan gou	18
甘泉中学	gan quan zhong xue	1
甘泉医院	gan quan yi yuan	4
甘泉新村	gan quan xin cun	8
甘泉村	gan quan cun	4
甘泉路	gan quan lu	8
甘洛	gan luo	30
甘涧峪	gan jian yu	3
甘涧峪村	gan jian yu cun	4
甘溪路	gan xi lu	1
甘王新村	gan wang xin cun	3
甘王路	gan wang lu	4
甘珠尔苏木	gan zhu er su mu	3
甘田乡	gan tian xiang	6
甘登乡	gan deng xiang	3
甘石桥	gan shi qiao	2
甘肃省金塔县	gan su sheng jin ta xian	9
甘肃矿区	gan su kuang qu	7
甘肃路	gan su lu	8
甘蔗镇	gan zhe zhen	1
甘西社区	gan xi she qu	3
甘长村	gan chang cun	5
甘雨胡同	gan yu hu tong	6
甘露园	gan lu yuan	2
甘露园小区	gan lu yuan xiao qu	5
甘露园西里	gan lu yuan xi li	4
甘露胡同	gan lu hu tong	3
甜水井	tian shui jing	3
甜水井街道	tian shui jing jie dao	3
甜水园北里	tian shui yuan bei li	5
甜水园社区	tian shui yuan she qu	4
甜水园西里	tian shui yuan xi li	2
甜粿	tian guo	7
生产道	sheng chan dao	6
生力啤酒厂	sheng li pi jiu chang	1
生命科学园	sheng ming ke xue yuan	9
生命科学馆	sheng ming ke xue guan	5
生围	sheng wei	15
生康	sheng kang	4
生康乡	sheng kang xiang	3
生建村	sheng jian cun	3
生意秋	sheng yi qiu	1
生机镇	sheng ji zhen	3
生格乡	sheng ge xiang	3
生物制药厂	sheng wu zhi yao chang	1
生药厂	sheng yao chang	2
生达	sheng da	7
生铁冢乡	sheng tie zhong xiang	3
生门	sheng men	48
甪里街	lu li jie	1
甬桥区	yong qiao qu	2
甬江路	yong jiang lu	2
甬港南路	yong gang nan lu	2
田东市场	tian dong shi chang	4
田东村	tian dong cun	5
田中村	tian zhong cun	13
田乾村	tian qian cun	4
田仔	tian zai	23
田仙峪村	tian xian yu cun	7
田何庄	tian he zhuang	4
田兴村	tian xing cun	3
田北村	tian bei cun	1
田南	tian nan	33
田南村	tian nan cun	5
田厝	tian cuo	18
田各庄	tian ge zhuang	4
田和街道	tian he jie dao	2
田园美居	tian yuan mei ju	4
田园风光雅园	tian yuan feng guang ya yuan	4
田图	tian tu	4
田坑	tian keng	9
田坝	tian ba	41
田坪	tian ping	2
田坪村	tian ping cun	6
田堆	tian dui	4
田墘村	tian qian cun	2
田墘街道	tian qian jie dao	2
田头村	tian tou cun	13
田妥镇	tian tuo zhen	4
田宋营村	tian song ying cun	3
田家会街道	tian jia hui jie dao	3
田家园	tian jia yuan	4
田家岭	tian jia ling	4
田家庄	tian jia zhuang	5
田家庄乡	tian jia zhuang xiang	1
田家府	tian jia fu	5
田家庵	tian jia an	41
田家村	tian jia cun	2
田家桥	tian jia qiao	2
田家河乡	tian jia he xiang	7
田家湾	tian jia wan	1
田家炳中学	tian jia bing zhong xue	22
田家炳小学	tian jia bing xiao xue	5
田家营	tian jia ying	2
田寮水库	tian liao shui ku	3
田尾山	tian wei shan	4
田屋	tian wu	10
田岗	tian gang	1
田岙	tian ao	4
田岩	tian yan	2
田庄村委会	tian zhuang cun wei hui	1
田庄湾村	tian zhuang wan cun	3
田底	tian di	20
田府	tian fu	4
田府村	tian fu cun	4
田心东路	tian xin dong lu	5
田心围	tian xin wei	2
田心坝	tian xin ba	4
田心村	tian xin cun	25
田村中街	tian cun zhong jie	3
田村北路	tian cun bei lu	6
田村半壁店	tian cun ban bi dian	3
田村山南路	tian cun shan nan lu	4
田村西口	tian cun xi kou	3
田林	tian lin	17
田林东路	tian lin dong lu	4
田林十一村	tian lin shi yi cun	4
田林新村	tian lin xin cun	2
田林新苑	tian lin xin yuan	4
田林路	tian lin lu	7
田林路合川路	tian lin lu he chuan lu	4
田柳	tian liu	3
田桥	tian qiao	11
田森超市	tian sen chao shi	5
田横路	tian heng lu	3
田洋村	tian yang cun	4
田湾彝族乡	tian wan yi zu xiang	2
田溪村	tian xi cun	5
田独镇	tian du zhen	7
田玉凤	tian yu feng	4
田王	tian wang	7
田界	tian jie	5
田畔	tian pan	13
田老庄乡	tian lao zhuang xiang	4
田背	tian bei	2
田贝	tian bei	6
田贝一路	tian bei yi lu	5
田贝三路	tian bei san lu	5
田贝四路	tian bei si lu	6
田边村	tian bian cun	1
田里村	tian li cun	4
田阜	tian fu	3
田阜乡	tian fu xiang	3
田陇	tian long	2
田陌	tian mo	5
田顺庄	tian shun zhuang	5
田马路	tian ma lu	6
由家村	you jia cun	3
甲下	jia xia	6
甲东	jia dong	16
甲东中学	jia dong zhong xue	1
甲东大桥	jia dong da qiao	3
甲东街	jia dong jie	2
甲北	jia bei	6
甲天下广场	jia tian xia guang chang	3
甲天下电脑城	jia tian xia dian nao cheng	2
甲子中学	jia zi zhong xue	5
甲子村	jia zi cun	2
甲子桥	jia zi qiao	4
甲子港	jia zi gang	5
甲子角	jia zi jiao	4
甲子路	jia zi lu	1
甲学乡	jia xue xiang	1
甲尔多乡	jia er duo xiang	2
甲山街道	jia shan jie dao	2
甲岸村	jia an cun	2
甲戎乡	jia rong xiang	3
甲所	jia suo	5
甲拉	jia la	4
甲拉西乡	jia la xi xiang	3
甲措雄乡	jia cuo xiong xiang	3
甲斯孔乡	jia si kong xiang	2
甲根坝	jia gen ba	6
甲根坝乡	jia gen ba xiang	4
甲正街	jia zheng jie	2
甲洼乡	jia wa xiang	3
甲烈乡	jia lie xiang	1
甲石河乡	jia shi he xiang	2
甲秀	jia xiu	22
甲秀书院	jia xiu shu yuan	2
甲竹林镇	jia zhu lin zhen	4
甲英乡	jia ying xiang	3
甲西	jia xi	17
甲谷乡	jia gu xiang	2
甲里桥	jia li qiao	3
甲里镇	jia li zhen	3
申九	shen jiu	1
申亚乡	shen ya xiang	2
申北路	shen bei lu	1
申家乡	shen jia xiang	2
申家巷	shen jia xiang	5
申家庄	shen jia zhuang	4
申扎乡	shen zha xiang	2
申扎镇	shen zha zhen	2
申明亭	shen ming ting	2
申普乡	shen pu xiang	3
申果乡	shen guo xiang	3
申江路	shen jiang lu	6
申藏乡	shen cang xiang	4
申都乡	shen du xiang	7
电业局	dian ye ju	46
电信中心	dian xin zhong xin	4
电信大楼	dian xin da lou	16
电信宾馆	dian xin bin guan	4
电信枢纽中心	dian xin shu niu zhong xin	3
电信路北	dian xin lu bei	2
电力中学	dian li zhong xue	5
电力医院	dian li yi yuan	1
电力大	dian li da	9
电力大厦	dian li da sha	7
电力大学	dian li da xue	49
电力学校	dian li xue xiao	16
电力宾馆	dian li bin guan	7
电力所	dian li suo	7
电力机械厂	dian li ji xie chang	5
电化厂	dian hua chang	6
电厂东路	dian chang dong lu	7
电厂路	dian chang lu	8
电厂路口	dian chang lu kou	4
电台路	dian tai lu	1
电台道	dian tai dao	3
电城	dian cheng	14
电大路口	dian da lu kou	4
电子二路	dian zi er lu	12
电子二路小区	dian zi er lu xiao qu	3
电子二路西口	dian zi er lu xi kou	5
电子仪器厂	dian zi yi qi chang	3
电子商城	dian zi shang cheng	6
电子四路	dian zi si lu	7
电子城小区	dian zi cheng xiao qu	4
电子小区	dian zi xiao qu	3
电子工业园	dian zi gong ye yuan	7
电子正街	dian zi zheng jie	4
电子科技学院	dian zi ke ji xue yuan	9
电尕乡	dian ga xiang	3
电工器材厂	dian gong qi cai chang	1
电工新村	dian gong xin cun	2
电市镇	dian shi zhen	4
电建	dian jian	34
电建二公司	dian jian er gong si	7
电影厂	dian ying chang	10
电报大楼	dian bao da lou	37
电木厂	dian mu chang	3
电机分厂	dian ji fen chang	3
电机市场	dian ji shi chang	5
电材	dian cai	1
电校	dian xiao	6
电梯厂	dian ti chang	8
电泡	dian pao	3
电瓷新村	dian ci xin cun	3
电白县	dian bai xian	32
电白盐场	dian bai yan chang	3
电石厂	dian shi chang	4
电缆厂	dian lan chang	8
电视中心	dian shi zhong xin	48
电讯站	dian xun zhan	3
男娃子	nan wa zi	4
甸柳街道	dian liu jie dao	5
町前	ting qian	4
畅观楼	chang guan lou	6
界北	jie bei	5
界山	jie shan	42
界山村	jie shan cun	3
界树	jie shu	31
界桥	jie qiao	12
界河口镇	jie he kou zhen	3
界涌	jie yong	2
界涌工业区	jie yong gong ye qu	2
界湖镇	jie hu zhen	2
界溪河	jie xi he	2
界都乡	jie du xiang	3
界首县	jie shou xian	1
界首市	jie shou shi	16
畎桥村	quan qiao cun	2
畔塘	pan tang	4
畔江花园	pan jiang hua yuan	2
留下村	liu xia cun	3
留侯镇	liu hou zhen	5
留医部	liu yi bu	2
留和路北口	liu he lu bei kou	1
留坑	liu keng	14
留坝	liu ba	12
留塘	liu tang	3
留学生公寓	liu xue sheng gong yu	10
留安	liu an	3
留安村	liu an cun	2
留家庄乡	liu jia zhuang xiang	2
留宾乡	liu bin xiang	3
留山村	liu shan cun	2
留早	liu zao	3
留智庙镇	liu zhi miao zhen	3
留标	liu biao	3
留民庄村	liu min zhuang cun	3
留民营	liu min ying	6
留田	liu tian	1
留芳岭	liu fang ling	5
留誉镇	liu yu zhen	6
留题迹胡同	liu ti ji hu tong	4
畛河	zhen he	4
畜牧公司	xu mu gong si	3
畜牧厂	xu mu chang	3
畜牧局	xu mu ju	7
畜牧果林场	xu mu guo lin chang	2
畜牧良种场	xu mu liang zhong chang	4
畜研所	chu yan suo	4
番山云气	fan shan yun qi	3
番禺市	pan yu shi	10
番禺广场	pan yu guang chang	28
番禺路	pan yu lu	20
畲坑	she keng	3
畲话	she hua	10
畹町市	wan ding shi	8
疃里一区	tuan li yi qu	3
疃里三区	tuan li san qu	5
疃里二区	tuan li er qu	3
疃里新村	tuan li xin cun	3
疏影路	shu ying lu	6
疏港公路	shu gang gong lu	2
疏港路	shu gang lu	3
瘟猪	wen zhu	7
癞疙宝	lai ge bao	4
癫痫病医院	dian xian bing yi yuan	6
登云新村	deng yun xin cun	4
登云路口	deng yun lu kou	7
登云路小河路口	deng yun lu xiao he lu kou	4
登仁桥	deng ren qiao	6
登冠	deng guan	7
登封县	deng feng xian	28
登山村	deng shan cun	5
登山楼	deng shan lou	3
登峰大酒店	deng feng da jiu dian	2
登峰社区	deng feng she qu	3
登州路	deng zhou lu	13
登洲	deng zhou	6
登瀛坊	deng ying fang	3
登隆街	deng long jie	5
登高路	deng gao lu	1
登龙	deng long	11
登龙乡	deng long xiang	2
白万泉	bai wan quan	2
白丝街	bai si jie	5
白中社区	bai zhong she qu	2
白丽路	bai li lu	5
白乌镇	bai wu zhen	2
白云亭	bai yun ting	9
白云仔	bai yun zai	10
白云农批市场	bai yun nong pi shi chang	4
白云区医院	bai yun qu yi yuan	1
白云园	bai yun yuan	6
白云大厦	bai yun da sha	1
白云大道北	bai yun da dao bei	9
白云学校	bai yun xue xiao	4
白云宾馆	bai yun bin guan	7
白云寺	bai yun si	13
白云小区	bai yun xiao qu	1
白云山制药厂	bai yun shan zhi yao chang	7
白云山庄	bai yun shan zhuang	5
白云山脚	bai yun shan jiao	7
白云山路	bai yun shan lu	2
白云庵	bai yun an	11
白云新寓	bai yun xin yu	6
白云新村	bai yun xin cun	4
白云晚望	bai yun wan wang	6
白云村	bai yun cun	3
白云松涛	bai yun song tao	7
白云桥	bai yun qiao	12
白云桥西	bai yun qiao xi	2
白云楼	bai yun lou	5
白云洞	bai yun dong	11
白云深处	bai yun shen chu	7
白云石矿	bai yun shi kuang	3
白云矿	bai yun kuang	1
白云矿区	bai yun kuang qu	2
白云社区	bai yun she qu	5
白云索道	bai yun suo dao	2
白云花园	bai yun hua yuan	2
白云苗圃	bai yun miao pu	5
白云街	bai yun jie	4
白云观	bai yun guan	48
白云路	bai yun lu	25
白云路总站	bai yun lu zong zhan	3
白云配件公司	bai yun pei jian gong si	3
白什坎特镇	bai shen kan te zhen	3
白依	bai yi	3
白依乡	bai yi xiang	3
白凤村	bai feng cun	3
白卡卡	bai ka ka	3
白叶	bai ye	30
白叶村	bai ye cun	4
白各庄	bai ge zhuang	4
白嘎乡	bai ga xiang	3
白园	bai yuan	1
白土店乡	bai tu dian xiang	2
白土窑乡	bai tu yao xiang	5
白坊	bai fang	5
白坪	bai ping	6
白坭坑	bai ni keng	6
白垭	bai ya	4
白垭乡	bai ya xiang	3
白垵村	bai an cun	3
白城经济开发区	bai cheng jing ji kai fa qu	5
白城路	bai cheng lu	1
白堆乡	bai dui xiang	3
白堆子	bai dui zi	3
白堤路	bai di lu	4
白塔寺	bai ta si	18
白塔岭	bai ta ling	3
白塔庵	bai ta an	3
白塔沟村	bai ta gou cun	2
白墙村	bai qiang cun	3
白头里乡	bai tou li xiang	5
白奇	bai qi	4
白奇村	bai qi cun	1
白字戏	bai zi xi	6
白家乡	bai jia xiang	5
白家口	bai jia kou	8
白家堡	bai jia pu	3
白家庄	bai jia zhuang	9
白家店村	bai jia dian cun	1
白家村村委会	bai jia cun cun wei hui	2
白家楼	bai jia lou	7
白家楼村	bai jia lou cun	4
白家楼桥东	bai jia lou qiao dong	3
白家沟	bai jia gou	9
白家路口	bai jia lu kou	5
白寺	bai si	5
白小波	bai xiao bo	4
白山村	bai shan cun	2
白山胡同	bai shan hu tong	3
白山路	bai shan lu	5
白岗	bai gang	1
白帝城	bai di cheng	28
白广路北口	bai guang lu bei kou	4
白庄	bai zhuang	9
白庄子	bai zhuang zi	5
白庙子	bai miao zi	15
白庙新村	bai miao xin cun	4
白府	bai fu	4
白彪村	bai biao cun	2
白房子	bai fang zi	9
白扎乡	bai zha xiang	4
白扬	bai yang	1
白搞	bai gao	5
白搞了	bai gao le	3
白敏	bai min	14
白李	bai li	4
白村	bai cun	20
白杨坪	bai yang ping	1
白杨寨	bai yang zhai	5
白杨村	bai yang cun	1
白杨河乡	bai yang he xiang	4
白杨路	bai yang lu	9
白松乡	bai song xiang	4
白果园	bai guo yuan	7
白果巷	bai guo xiang	5
白果村	bai guo cun	2
白果树	bai guo shu	7
白果树下	bai guo shu xia	4
白桃村	bai tao cun	2
白桑关镇	bai sang guan zhen	4
白桥大街	bai qiao da jie	1
白桦林居	bai hua lin ju	8
白桦苑	bai hua yuan	3
白楼	bai lou	29
白楼下	bai lou xia	4
白檀社区	bai tan she qu	3
白毛坪乡	bai mao ping xiang	1
白水塘	bai shui tang	4
白水寨	bai shui zhai	35
白水寺	bai shui si	4
白水村	bai shui cun	1
白水河村	bai shui he cun	1
白水洼	bai shui wa	3
白水湖	bai shui hu	17
白水湖管理处	bai shui hu guan li chu	4
白水湾村	bai shui wan cun	3
白江	bai jiang	8
白沙一	bai sha yi	6
白沙一村	bai sha yi cun	1
白沙中学	bai sha zhong xue	2
白沙二	bai sha er	2
白沙井	bai sha jing	2
白沙县	bai sha xian	14
白沙坑	bai sha keng	27
白沙坝	bai sha ba	4
白沙堆	bai sha dui	1
白沙塘	bai sha tang	2
白沙总站	bai sha zong zhan	2
白沙泉	bai sha quan	5
白沙洲	bai sha zhou	42
白沙洲乡	bai sha zhou xiang	1
白沙液街	bai sha ye jie	6
白沙湖	bai sha hu	3
白沙溪村	bai sha xi cun	3
白沙街	bai sha jie	1
白沙路	bai sha lu	3
白河北村	bai he bei cun	4
白泥坑	bai ni keng	7
白泥坑村	bai ni keng cun	3
白泥村	bai ni cun	6
白洋村	bai yang cun	1
白洋湖	bai yang hu	9
白浮	bai fu	5
白浮桥	bai fu qiao	2
白浮泉路	bai fu quan lu	5
白海子镇	bai hai zi zhen	3
白海豚国际酒店	bai hai tun guo ji jiu dian	2
白海豚酒店	bai hai tun jiu dian	3
白渔潭园艺场	bai yu tan yuan yi chang	3
白渡	bai du	8
白渡桥	bai du qiao	15
白渡路	bai du lu	1
白港	bai gang	4
白湖亭	bai hu ting	31
白湾乡	bai wan xiang	3
白源街道	bai yuan jie dao	1
白溪乡	bai xi xiang	3
白溪村	bai xi cun	6
白潼村	bai tong cun	2
白牦牛	bai mao niu	6
白玉山街道	bai yu shan jie dao	3
白玉村	bai yu cun	1
白玉街	bai yu jie	3
白玉路	bai yu lu	1
白王乡	bai wang xiang	5
白王庄	bai wang zhuang	2
白甸	bai dian	3
白界乡	bai jie xiang	6
白盆窑	bai pen yao	5
白石三道	bai shi san dao	6
白石二道	bai shi er dao	5
白石仔	bai shi zi	4
白石南	bai shi nan	1
白石四道	bai shi si dao	4
白石坑	bai shi keng	4
白石塘	bai shi tang	5
白石塘乡	bai shi tang xiang	3
白石头	bai shi tou	1
白石头乡	bai shi tou xiang	4
白石子	bai shi zi	4
白石岗	bai shi gang	5
白石岩乡	bai shi yan xiang	3
白石岭	bai shi ling	3
白石村	bai shi cun	5
白石桥	bai shi qiao	16
白石桥东	bai shi qiao dong	1
白石桥北	bai shi qiao bei	3
白石桥南	bai shi qiao nan	5
白石洲	bai shi zhou	23
白石湾浴场	bai shi wan yu chang	2
白石碑	bai shi bei	3
白石窝	bai shi wo	2
白石路	bai shi lu	14
白碱滩	bai jian tan	5
白竹	bai zhu	11
白竹园	bai zhu yuan	3
白竹园村	bai zhu yuan cun	4
白竹山	bai zhu shan	2
白竹水村	bai zhu shui cun	2
白米仓胡同	bai mi cang hu tong	3
白纸坊	bai zhi fang	8
白纸坊桥北	bai zhi fang qiao bei	4
白纸坊桥南	bai zhi fang qiao nan	4
白纸坊胡同	bai zhi fang hu tong	3
白纸坊街	bai zhi fang jie	1
白羊塘	bai yang tang	7
白羊山	bai yang shan	2
白羊山村	bai yang shan cun	5
白羊沟	bai yang gou	6
白芒山	bai mang shan	3
白芒联检站	bai mang lian jian zhan	4
白芒铺乡	bai mang pu xiang	3
白花村	bai hua cun	6
白芸	bai yun	5
白若	bai ruo	4
白茅	bai mao	44
白茅湖棉花原种场	bai mao hu mian hua yuan zhong chang	4
白草洼	bai cao wa	15
白草镇	bai cao zhen	1
白荡海人家	bai dang hai ren jia	4
白荡海小区	bai dang hai xiao qu	4
白荻	bai di	1
白莲新村	bai lian xin cun	3
白莲村	bai lian cun	1
白莲泾	bai lian jing	29
白菊路	bai ju lu	6
白菜沟	bai cai gou	3
白蒲	bai pu	21
白蒲中学	bai pu zhong xue	4
白蒲茶干	bai pu cha gan	4
白蕉工业区	bai jiao gong ye qu	3
白蕉长途站	bai jiao chang tu zhan	2
白藤头	bai teng tou	4
白蘋洲	bai ping zhou	3
白虎头	bai hu tou	3
白虎涧	bai hu jian	5
白西社区	bai xi she qu	3
白象街	bai xiang jie	7
白辛庄	bai xin zhuang	2
白道峪	bai dao yu	7
白酒坊	bai jiu fang	1
白金宝	bai jin bao	3
白金海岸花园	bai jin hai an hua yuan	2
白铁坝乡	bai tie ba xiang	2
白银蒙古族乡	bai yin meng gu zu xiang	3
白门	bai men	6
白雀村	bai que cun	3
白雄乡	bai xiong xiang	3
白雨	bai yu	17
白面石	bai mian shi	4
白音乌拉嘎查	bai yin wu la ga cha	2
白音他拉镇	bai yin ta la zhen	2
白音宝力格嘎查	bai yin bao li ge ga cha	5
白音特拉乡	bai yin te la xiang	1
白音胡硕镇	bai yin hu shuo zhen	2
白马公寓	bai ma gong yu	6
白马关村	bai ma guan cun	3
白马南路	bai ma nan lu	1
白马堰	bai ma yan	5
白马岩	bai ma yan	5
白马巷	bai ma xiang	2
白马庙	bai ma miao	6
白马新村	bai ma xin cun	5
白马村	bai ma cun	9
白马桥	bai ma qiao	1
白马河	bai ma he	40
白马洞	bai ma dong	5
白马湖渔村	bai ma hu yu cun	3
白马滩镇	bai ma tan zhen	4
白马路	bai ma lu	6
白驼镇	bai tuo zhen	2
白鱼潭路	bai yu tan lu	3
白鸡乡	bai ji xiang	3
白鹤堰	bai he yan	3
白鹤憩园	bai he qi yuan	7
白鹤新村	bai he xin cun	5
白鹤村	bai he cun	4
白鹤林	bai he lin	8
白鹤洞	bai he dong	14
白鹤观	bai he guan	3
白鹤路	bai he lu	7
白鹭大桥	bai lu da qiao	4
白鹭宾馆	bai lu bin guan	5
白鹭洲	bai lu zhou	36
白鹭郡	bai lu jun	6
白鹿司	bai lu si	4
白鹿寺	bai lu si	13
白鹿影院	bai lu ying yuan	2
白鹿苑	bai lu yuan	3
白龙岗	bai long gang	3
白龙庙	bai long miao	1
白龙村	bai long cun	1
白龙桥	bai long qiao	20
白龙港	bai long gang	4
百万庄	bai wan zhuang	10
百万庄东口	bai wan zhuang dong kou	1
百万庄西社区	bai wan zhuang xi she qu	5
百丈东路	bai zhang dong lu	3
百丈坑	bai zhang keng	2
百丈路	bai zhang lu	6
百中	bai zhong	7
百井坊巷	bai jing fang xiang	11
百仕达花园	bai shi da hua yuan	5
百信	bai xin	29
百信幸福苑	bai xin xing fu yuan	4
百叶路口	bai ye lu kou	2
百合公寓	bai he gong yu	5
百合华府	bai he hua fu	4
百合园	bai he yuan	4
百合山庄	bai he shan zhuang	2
百合果园	bai he guo yuan	5
百合花园	bai he hua yuan	8
百吉机械厂	bai ji ji xie chang	2
百和乡	bai he xiang	4
百善台	bai shan tai	5
百善镇政府	bai shan zhen zheng fu	4
百园路	bai yuan lu	4
百城街道	bai cheng jie dao	4
百子亭	bai zi ting	1
百子湾	bai zi wan	33
百子湾家园	bai zi wan jia yuan	2
百子湾家园东站	bai zi wan jia yuan dong zhan	1
百子湾桥	bai zi wan qiao	6
百子湾桥东	bai zi wan qiao dong	3
百子湾桥西	bai zi wan qiao xi	4
百子湾火车站	bai zi wan huo che zhan	4
百宜乡	bai yi xiang	3
百家汇	bai jia hui	7
百家湖花园	bai jia hu hua yuan	6
百寰建材市场	bai huan jian cai shi chang	2
百尺河	bai chi he	3
百岁苑	bai sui yuan	3
百岁街	bai sui jie	3
百岭	bai ling	1
百崎	bai qi	9
百巴镇	bai ba zhen	4
百新	bai xin	7
百旺乡	bai wang xiang	3
百旺家苑社区	bai wang jia yuan she qu	3
百春园街道	bai chun yuan jie dao	5
百景园	bai jing yuan	1
百望家苑	bai wang jia yuan	2
百望山森林公园	bai wang shan sen lin gong yuan	7
百望新城	bai wang xin cheng	2
百步滨江	bai bu bin jiang	4
百水芊城	bai shui qian cheng	7
百汇街	bai hui jie	5
百湖之城	bai hu zhi cheng	8
百湖周刊	bai hu zhou kan	3
百源	bai yuan	2
百源社区	bai yuan she qu	2
百灵街	bai ling jie	3
百益乡	bai yi xiang	3
百盛园	bai sheng yuan	2
百盛购物中心	bai sheng gou wu zhong xin	6
百矿	bai kuang	2
百福园	bai fu yuan	3
百福村	bai fu cun	4
百胜街	bai sheng jie	2
百脑汇电脑城	bai nao hui dian nao cheng	7
百色县	bai se xian	3
百色学院	bai se xue yuan	10
百色水利枢纽	bai se shui li shu niu	2
百色起义纪念碑	bai se qi yi ji nian bei	6
百色起义纪念馆	bai se qi yi ji nian guan	7
百节	bai jie	6
百花中心站	bai hua zhong xin zhan	8
百花公寓	bai hua gong yu	4
百花四路	bai hua si lu	4
百花园	bai hua yuan	22
百花山路口	bai hua shan lu kou	3
百花广场	bai hua guang chang	8
百花新村	bai hua xin cun	3
百花楼	bai hua lou	1
百花深处	bai hua shen chu	19
百花苑	bai hua yuan	2
百草苑	bai cao yuan	3
百草路	bai cao lu	4
百草路口	bai cao lu kou	3
百草路天河路口	bai cao lu tian he lu kou	3
百草路天辰路口	bai cao lu tian chen lu kou	3
百草路绕城路口	bai cao lu rao cheng lu kou	3
百草路西	bai cao lu xi	3
百葛路口	bai ge lu kou	3
百通	bai tong	12
百里坊	bai li fang	1
百间楼	bai jian lou	2
百顺社区	bai shun she qu	4
百顺胡同	bai shun hu tong	5
百马乡	bai ma xiang	2
百高	bai gao	6
百龙村	bai long cun	2
皂君东里	zao jun dong li	4
皂君庙	zao jun miao	5
皂君庙社区	zao jun miao she qu	2
皂市	zao shi	5
皂户	zao hu	1
皂河桥	zao he qiao	2
皂甲屯	zao jia tun	2
皂甲屯村	zao jia tun cun	3
皂角垭村	zao jiao ya cun	2
皂角树	zao jiao shu	6
皆大	jie da	6
皇亭子	huang ting zi	4
皇亲苑	huang qin yuan	5
皇仓湾	huang cang wan	3
皇册家园	huang ce jia yuan	6
皇华	huang hua	15
皇后店北站	huang hou dian bei zhan	2
皇后店西站	huang hou dian xi zhan	1
皇城根	huang cheng gen	34
皇城蒙古族乡	huang cheng meng gu zu xiang	4
皇城食府	huang cheng shi fu	1
皇家华园	huang jia hua yuan	2
皇岗	huang gang	29
皇岗口岸	huang gang kou an	20
皇岗商务中心	huang gang shang wu zhong xin	5
皇岗村	huang gang cun	8
皇岗村口	huang gang cun kou	2
皇帝酒店	huang di jiu dian	1
皇朝花园	huang chao hua yuan	6
皇木厂	huang mu chang	5
皇木镇	huang mu zhen	3
皇洲花园	huang zhou hua yuan	3
皇经社区	huang jing she qu	1
皇都广场	huang du guang chang	4
皋亭坝	gao ting ba	2
皋兰路街道	gao lan lu jie dao	7
皋埠	gao bu	9
皋埠镇政府	gao bu zhen zheng fu	2
皋塘村	gao tang cun	6
皋营村	gao ying cun	2
皋落镇	gao luo zhen	3
皎西乡	jiao xi xiang	2
皓月大路	hao yue da lu	8
皖南古村落	wan nan gu cun luo	9
皮亚勒玛乡	pi ya le ma xiang	5
皮口镇	pi kou zhen	6
皮各庄	pi ge zhuang	3
皮各庄二村	pi ge zhuang er cun	3
皮库胡同	pi ku hu tong	4
皮恰克松地镇	pi qia ke song di zhen	3
皮拉力乡	pi la li xiang	5
皮擦	pi ca	4
皮擦乡	pi ca xiang	3
皮村	pi cun	20
皮村西口	pi cun xi kou	3
皮牙子	pi ya zi	1
皮特凯恩	pi te kai en	10
皮特凯恩岛	pi te kai en dao	1
皮窝乡	pi wo xiang	4
皮西那乡	pi xi na xiang	4
皮辣红	pi la hong	2
盂县苗圃	yu xian miao pu	2
盆儿胡同	pen er hu tong	4
盆景园	pen jing yuan	9
盈江农场	ying jiang nong chang	2
盈江路	ying jiang lu	4
盈洞瑶族乡	ying dong yao zu xiang	4
益丰	yi feng	36
益丰公园	yi feng gong yuan	2
益丰苑	yi feng yuan	1
益乐村	yi le cun	4
益乐路口	yi le lu kou	5
益人桥	yi ren qiao	2
益仁巷	yi ren xiang	3
益凤村	yi feng cun	4
益哇乡	yi wa xiang	3
益寿路	yi shou lu	6
益寿里	yi shou li	3
益州郡	yi zhou jun	12
益林	yi lin	8
益梅路	yi mei lu	2
益民小区	yi min xiao qu	5
益民路	yi min lu	13
益津书院	yi jin shu yuan	5
益溪村	yi xi cun	2
益田名园	yi tian ming yuan	3
益田村	yi tian cun	3
益田花园	yi tian hua yuan	6
益田路	yi tian lu	3
益辰欣园小区	yi chen xin yuan xiao qu	3
益阳县	yi yang xian	26
益阳道	yi yang dao	2
盐井村	yan jing cun	10
盐仓村	yan cang cun	2
盐仓街	yan cang jie	2
盐场路街道	yan chang lu jie dao	1
盐城县	yan cheng xian	26
盐塘乡	yan tang xiang	3
盐大街	yan da jie	5
盐市口	yan shi kou	34
盐店街	yan dian jie	1
盐张村	yan zhang cun	5
盐港医院	yan gang yi yuan	5
盐湖乡	yan hu xiang	4
盐源	yan yuan	45
盐源乡	yan yuan xiang	4
盐田村	yan tian cun	3
盐田码头	yan tian ma tou	5
盐西村	yan xi cun	2
盐边	yan bian	25
盐道坪	yan dao ping	5
盐道街	yan dao jie	2
盐都县	yan du xian	2
监军庄	jian jun zhuang	1
监堂	jian tang	2
监狱城	jian yu cheng	4
监督电话	jian du dian hua	2
盒子胡同	he zi hu tong	4
盔甲厂	kui jia chang	6
盔甲厂胡同	kui jia chang hu tong	4
盖孜力克乡	gai zi li ke xiang	5
盖山	gai shan	23
盖山镇政府	gai shan zhen zheng fu	4
盖州市	gai zhou shi	33
盖州街	gai zhou jie	4
盖德乡	gai de xiang	4
盖德村	gai de cun	2
盖斯墓	gai si mu	2
盖朗厄尔峡湾	gai lang e er xia wan	5
盖玉乡	gai yu xiang	1
盖租乡	gai zu xiang	3
盖竹	gai zhu	3
盖竹村	gai zhu cun	3
盘县特区	pan xian te qu	1
盘古路	pan gu lu	6
盘塘	pan tang	6
盘山道	pan shan dao	1
盘形	pan xing	6
盘根	pan gen	10
盘石	pan shi	28
盘福路	pan fu lu	5
盘道	pan dao	15
盘道沟村	pan dao gou cun	2
盘锦市	pan jin shi	42
盘锦市双台子区	pan jin shi shuang tai zi qu	2
盘锦花园	pan jin hua yuan	4
盘阳	pan yang	15
盘香沟	pan xiang gou	2
盘龙山庄	pan long shan zhuang	6
盘龙村	pan long cun	3
盛世华城	sheng shi hua cheng	2
盛世名门	sheng shi ming men	6
盛世嘉园	sheng shi jia yuan	1
盛世花园	sheng shi hua yuan	8
盛世营	sheng shi ying	2
盛业大厦	sheng ye da sha	4
盛元	sheng yuan	14
盛土康镇	sheng tu kang zhen	2
盛宅村	sheng zhai cun	3
盛家湾	sheng jia wan	3
盛富	sheng fu	4
盛富村	sheng fu cun	4
盛峰	sheng feng	7
盛平村	sheng ping cun	3
盛庄村	sheng zhuang cun	3
盛星苑	sheng xing yuan	2
盛景园	sheng jing yuan	6
盛桥	sheng qiao	13
盛池乡	sheng chi xiang	3
盛海路	sheng hai lu	2
盛湾村	sheng wan cun	3
盛达花园	sheng da hua yuan	3
盛里	sheng li	48
盛隆街	sheng long jie	6
盛龙路	sheng long lu	4
目涩	mu se	49
直坑	zhi keng	4
直埠	zhi bu	4
直属库	zhi shu ku	16
直杠杠	zhi gang gang	1
直沽街	zhi gu jie	3
直沽街汇贤里	zhi gu jie hui xian li	2
直港	zhi gang	2
直溪	zhi xi	1
直滩乡	zhi tan xiang	4
直通货物列车	zhi tong huo wu lie che	3
直里	zhi li	3
相南街道	xiang nan jie dao	2
相因	xiang yin	9
相家巷	xiang jia xiang	3
相思村	xiang si cun	3
相皮乡	xiang pi xiang	4
省中医院	sheng zhong yi yuan	14
省二人民医院	sheng er ren min yi yuan	6
省二院	sheng er yuan	6
省五建	sheng wu jian	4
省交通学校	sheng jiao tong xue xiao	2
省交通学院	sheng jiao tong xue yuan	3
省交通技校	sheng jiao tong ji xiao	3
省人民医院	sheng ren min yi yuan	24
省会兰州市	sheng hui lan zhou shi	1
省会南京市	sheng hui nan jing shi	2
省会南宁市	sheng hui nan ning shi	1
省会南昌市	sheng hui nan chang shi	1
省会合肥市	sheng hui he fei shi	4
省会哈尔滨市	sheng hui ha er bin shi	2
省会太原市	sheng hui tai yuan shi	1
省会广州市	sheng hui guang zhou shi	15
省会成都市	sheng hui cheng du shi	2
省会昆明市	sheng hui kun ming shi	4
省会杭州市	sheng hui hang zhou shi	2
省会武汉市	sheng hui wu han shi	5
省会沈阳市	sheng hui shen yang shi	6
省会济南市	sheng hui ji nan shi	2
省会海口市	sheng hui hai kou shi	7
省会石家庄市	sheng hui shi jia zhuang shi	4
省会福州市	sheng hui fu zhou shi	4
省会西宁市	sheng hui xi ning shi	7
省会西安市	sheng hui xi an shi	6
省会贵阳市	sheng hui gui yang shi	3
省会郑州市	sheng hui zheng zhou shi	9
省会银川市	sheng hui yin chuan shi	2
省会长春市	sheng hui chang chun shi	7
省会长沙市	sheng hui chang sha shi	9
省体育中心	sheng ti yu zhong xin	18
省体育场	sheng ti yu chang	7
省体育场西门	sheng ti yu chang xi men	7
省公安学校	sheng gong an xue xiao	1
省军区幼儿园	sheng jun qu you er yuan	5
省农科院	sheng nong ke yuan	1
省农行	sheng nong hang	9
省南湖劳教所	sheng nan hu lao jiao suo	2
省博爱医院	sheng bo ai yi yuan	4
省博物馆	sheng bo wu guan	36
省国际商务学院	sheng guo ji shang wu xue yuan	2
省图书馆	sheng tu shu guan	34
省外贸	sheng wai mao	1
省女子劳教所	sheng nv zi lao jiao suo	6
省委招待所	sheng wei zhao dai suo	6
省安装公司	sheng an zhuang gong si	5
省射击场	sheng she ji chang	4
省少管所	sheng shao guan suo	5
省工业学校	sheng gong ye xue xiao	1
省市区	sheng shi qu	18
省市政务中心	sheng shi zheng wu zhong xin	4
省庄村	sheng zhuang cun	1
省府大楼东	sheng fu da lou dong	4
省府大楼西	sheng fu da lou xi	4
省府路	sheng fu lu	9
省建三公司	sheng jian san gong si	1
省建六公司	sheng jian liu gong si	6
省建委	sheng jian wei	2
省彩印厂	sheng cai yin chang	3
省拖拉机厂	sheng tuo la ji chang	2
省政务大厅	sheng zheng wu da ting	7
省教育学院	sheng jiao yu xue yuan	1
省新	sheng xin	13
省新闻出版局	sheng xin wen chu ban ju	44
省机	sheng ji	5
省母	sheng mu	4
省母乡	sheng mu xiang	2
省水电新村一区	sheng shui dian xin cun yi qu	3
省消防总队	sheng xiao fang zong dui	6
省游泳中心	sheng you yong zhong xin	5
省牧草良种繁殖场	sheng mu cao liang zhong fan zhi chang	2
省物价局	sheng wu jia ju	8
省理工学校	sheng li gong xue xiao	3
省电大	sheng dian da	1
省电影公司	sheng dian ying gong si	1
省皮肤病院	sheng pi fu bing yuan	4
省直分校	sheng zhi fen xiao	3
省直湖前小区	sheng zhi hu qian xiao qu	3
省立医院	sheng li yi yuan	46
省第六监狱	sheng di liu jian yu	5
省级机关医院	sheng ji ji guan yi yuan	1
省经贸学校	sheng jing mao xue xiao	5
省经贸学院	sheng jing mao xue yuan	3
省结核病院	sheng jie he bing yuan	2
省老干局	sheng lao gan ju	6
省肿瘤医院	sheng zhong liu yi yuan	9
省艺术馆	sheng yi shu guan	1
省荣军医院	sheng rong jun yi yuan	1
省药材公司	sheng yao cai gong si	1
省血站	sheng xue zhan	4
省警校	sheng jing xiao	6
省话剧团	sheng hua ju tuan	14
省话剧院	sheng hua ju yuan	13
省身	xing shen	2
省道漳云线	sheng dao zhang yun xian	3
省青春医院	sheng qing chun yi yuan	4
眉山县	mei shan xian	5
眉山地区	mei shan di qu	1
眉州路	mei zhou lu	4
眉村	mei cun	22
眉蕉	mei jiao	1
看丹桥	kan dan qiao	1
看杨路南口	kan yang lu nan kou	3
看泵	kan beng	3
真光新村	zhen guang xin cun	3
真光路	zhen guang lu	7
真北新村	zhen bei xin cun	4
真北村	zhen bei cun	2
真北路	zhen bei lu	12
真北路桃浦西路	zhen bei lu tao pu xi lu	3
真华路	zhen hua lu	8
真南路	zhen nan lu	14
真南路二号桥	zhen nan lu er hao qiao	2
真合路	zhen he lu	2
真如中学	zhen ru zhong xue	3
真如新村	zhen ru xin cun	3
真如西村	zhen ru xi cun	3
真新新村	zhen xin xin cun	5
真武庙二条	zhen wu miao er tiao	5
真武庙四里	zhen wu miao si li	3
真武殿	zhen wu dian	19
真理到	zhen li dao	4
真理道	zhen li dao	5
真理道华泰里	zhen li dao hua tai li	2
真达	zhen da	6
真都	zhen dou	8
真金路	zhen jin lu	6
真陈路	zhen chen lu	3
眼火	yan huo	3
着晓乡	zhuo xiao xiang	6
睡佛寺	shui fo si	2
睢宁县城西小学	sui ning xian cheng xi xiao xue	3
睢宁县实验小学	sui ning xian shi yan xiao xue	4
督院街	du yuan jie	1
睦南道	mu nan dao	4
睦村乡	mu cun xiang	3
睦里村	mu li cun	3
瞳里三区	tong li san qu	2
瞻园	zhan yuan	17
瞿昙镇	qu tan zhen	1
瞿溪路	qu xi lu	1
瞿溪车站	qu xi che zhan	2
知床半岛	zhi chuang ban dao	6
知春东里社区	zhi chun dong li she qu	2
知春路	zhi chun lu	48
知春里	zhi chun li	15
知春里东站	zhi chun li dong zhan	2
知春里社区	zhi chun li she qu	3
知木林乡	zhi mu lin xiang	2
知钦乡	zhi qin xiang	1
矩阵小区	ju zhen xiao qu	6
矮屋	ai wu	1
矮岭	ai ling	3
矮郎乡	ai lang xiang	3
石下	shi xia	7
石丽娜	shi li na	5
石于	shi yu	6
石井头林场	shi jing tou lin chang	3
石井村	shi jing cun	2
石井沟	shi jing gou	2
石井社区	shi jing she qu	1
石亭	shi ting	32
石人沟	shi ren gou	9
石人沟乡	shi ren gou xiang	4
石人沟渔业有限公司	shi ren gou yu ye you xian gong si	2
石仔岭	shi zi ling	3
石佛寺	shi fo si	19
石佛庵	shi fo an	3
石佛营东里	shi fo ying dong li	7
石佛营东里居委会	shi fo ying dong li ju wei hui	2
石佛营西里	shi fo ying xi li	6
石佛营西里东站	shi fo ying xi li dong zhan	2
石佳冲	shi jia chong	5
石农	shi nong	7
石凹	shi ao	1
石别镇	shi bie zhen	2
石化厂	shi hua chang	9
石化大厦	shi hua da sha	1
石化大道	shi hua da dao	10
石化总厂	shi hua zong chang	9
石化村	shi hua cun	3
石化路	shi hua lu	9
石化路口	shi hua lu kou	6
石北	shi bei	45
石南	shi nan	26
石博园	shi bo yuan	5
石厂	shi chang	21
石厝	shi cuo	6
石厝村	shi cuo cun	1
石厦	shi xia	5
石厦南	shi xia nan	5
石厦村	shi xia cun	6
石古	shi gu	10
石古山	shi gu shan	4
石古岩	shi gu yan	3
石古村	shi gu cun	2
石各庄	shi ge zhuang	1
石合	shi he	1
石咀	shi zui	16
石咀驿镇	shi zui yi zhen	2
石和镇	shi he zhen	1
石嘴乡	shi zui xiang	2
石嘴子乡	shi zui zi xiang	2
石嘴山区	shi zui shan qu	1
石园东区	shi yuan dong qu	3
石园北区	shi yuan bei qu	3
石园南区	shi yuan nan qu	3
石园小区	shi yuan xiao qu	3
石园西区	shi yuan xi qu	3
石围塘街道	shi wei tang jie dao	5
石圈	shi quan	20
石圳	shi zhen	6
石圳村	shi zhen cun	1
石坝路	shi ba lu	6
石坡	shi po	15
石坡乡	shi po xiang	2
石坡口	shi po kou	2
石坪	shi ping	5
石坪乡	shi ping xiang	3
石坪村	shi ping cun	1
石坪桥	shi ping qiao	11
石坳	shi ao	5
石垅	shi long	1
石垡村	shi fa cun	2
石埂子	shi geng zi	3
石城子	shi cheng zi	8
石城门	shi cheng men	2
石埠	shi bu	20
石埠子	shi bu zi	2
石埠桥	shi bu qiao	6
石堆	shi dui	41
石堤	shi di	19
石堰	shi yan	8
石塔村	shi ta cun	1
石塘下	shi tang xia	4
石塬乡	shi yuan xiang	2
石墙村	shi qiang cun	1
石墩河乡	shi dun he xiang	3
石壁下	shi bi xia	6
石壁坑	shi bi keng	16
石壁村	shi bi cun	2
石大仓乡	shi da cang xiang	2
石大关乡	shi da guan xiang	1
石头围	shi tou wei	1
石头坑	shi tou keng	14
石头堰	shi tou yan	4
石头塘	shi tou tang	3
石头寨乡	shi tou zhai xiang	2
石头山	shi tou shan	8
石头崖	shi tou ya	2
石头店	shi tou dian	1
石头村	shi tou cun	8
石头桥	shi tou qiao	3
石头白族乡	shi tou bai zu xiang	2
石头胡同	shi tou hu tong	1
石夹	shi jia	3
石奎	shi kui	8
石子冲	shi zi chong	6
石子场	shi zi chang	5
石子坪村	shi zi ping cun	3
石室巷	shi shi xiang	2
石家	shi jia	9
石家园子	shi jia yuan zi	1
石家峪	shi jia yu	4
石家村	shi jia cun	2
石家村村委会	shi jia cun cun wei hui	1
石家河	shi jia he	6
石家湾镇	shi jia wan zhen	5
石家碾	shi jia nian	4
石家街	shi jia jie	2
石寨村委会	shi zhai cun wei hui	4
石寺	shi si	26
石山下	shi shan xia	2
石山村	shi shan cun	4
石岘镇	shi xian zhen	5
石岛管理区	shi dao guan li qu	5
石岩下	shi yan xia	1
石岩总站	shi yan zong zhan	3
石岩村	shi yan cun	2
石岩湖	shi yan hu	2
石岭	shi ling	40
石岭塘路	shi ling tang lu	2
石岭村	shi ling cun	3
石峰村	shi feng cun	5
石崎社区	shi qi she qu	3
石州营村	shi zhou ying cun	2
石幢	shi chuang	33
石平	shi ping	44
石平村	shi ping cun	2
石平桥	shi ping qiao	3
石庄	shi zhuang	17
石庙子	shi miao zi	36
石庙村	shi miao cun	3
石府社区	shi fu she qu	2
石建村	shi jian cun	4
石拐	shi guai	14
石排埔	shi pai bu	3
石敢当	shi gan dang	44
石景山南宫	shi jing shan nan gong	4
石景山古城	shi jing shan gu cheng	1
石景山游乐园西门	shi jing shan you le yuan xi men	4
石景山火车站	shi jing shan huo che zhan	3
石景山科技馆	shi jing shan ke ji guan	2
石景山雕塑公园	shi jing shan diao su gong yuan	4
石景山高井	shi jing shan gao jing	5
石材城	shi cai cheng	2
石板坡	shi ban po	5
石板塘	shi ban tang	1
石板床	shi ban chuang	4
石板房	shi ban fang	5
石板房胡同	shi ban fang hu tong	2
石板村	shi ban cun	4
石板梁	shi ban liang	3
石板沟	shi ban gou	2
石板河	shi ban he	5
石板溪	shi ban xi	1
石板滩	shi ban tan	9
石板胡同	shi ban hu tong	2
石林村	shi lin cun	1
石林林场	shi lin lin chang	3
石枧	shi jian	4
石柱县	shi zhu xian	24
石柱头	shi zhu tou	5
石柱黄水森林公园	shi zhu huang shui sen lin gong yuan	5
石柳乡	shi liu xiang	2
石栏杆	shi lan gan	24
石桂	shi gui	2
石桥公交停车场	shi qiao gong jiao ting che chang	4
石桥头	shi qiao tou	10
石桥子	shi qiao zi	8
石桥小区	shi qiao xiao qu	5
石桥村	shi qiao cun	11
石桥村委会	shi qiao cun wei hui	3
石桥胡同	shi qiao hu tong	4
石桥路	shi qiao lu	1
石桥路口	shi qiao lu kou	4
石桥路石祥路口	shi qiao lu shi xiang lu kou	3
石桥铺	shi qiao pu	43
石梨乡	shi li xiang	4
石梯水库	shi ti shui ku	2
石棉矿	shi mian kuang	3
石榴之乡	shi liu zhi xiang	5
石榴园	shi liu yuan	6
石榴园东区	shi liu yuan dong qu	4
石榴园北区	shi liu yuan bei qu	2
石榴塘农场	shi liu tang nong chang	2
石榴庄	shi liu zhuang	4
石榴沟	shi liu gou	2
石槽集乡	shi cao ji xiang	3
石步	shi bu	5
石水田	shi shui tian	4
石池	shi chi	5
石沟	shi gou	14
石河头	shi he tou	1
石河子凉皮	shi he zi liang pi	3
石河子大厦	shi he zi da sha	4
石河子大学	shi he zi da xue	33
石河子市	shi he zi shi	27
石河村	shi he cun	3
石河营	shi he ying	3
石河营建材城	shi he ying jian cai cheng	2
石河营西社区	shi he ying xi she qu	3
石油之光	shi you zhi guang	4
石油医院	shi you yi yuan	5
石油大学东门	shi you da xue dong men	3
石油大院社区	shi you da yuan she qu	2
石油学院学生公寓	shi you xue yuan xue sheng gong yu	4
石油新村	shi you xin cun	7
石油新村街道	shi you xin cun jie dao	5
石油疗养院	shi you liao yang yuan	3
石油资源	shi you zi yuan	35
石油路	shi you lu	11
石油路口	shi you lu kou	6
石泉二路	shi quan er lu	1
石泉小学	shi quan xiao xue	4
石泉村	shi quan cun	7
石泉路	shi quan lu	4
石洞口	shi dong kou	10
石洞沟乡	shi dong gou xiang	3
石洲	shi zhou	7
石洲中学	shi zhou zhong xue	2
石浆	shi jiang	5
石海	shi hai	22
石海乡	shi hai xiang	3
石渔	shi yu	10
石渔村	shi yu cun	2
石渣厂	shi zha chang	5
石港乳腐	shi gang ru fu	2
石湍镇	shi tuan zhen	3
石湖头	shi hu tou	2
石湖峪村	shi hu yu cun	2
石湖港	shi hu gang	6
石湖码头	shi hu ma tou	5
石湾村	shi wan cun	1
石溪水	shi xi shui	4
石潭	shi tan	18
石濑	shi lai	4
石灰岭	shi hui ling	4
石灰桥	shi hui qiao	2
石灰窑	shi hui yao	14
石灰窑区	shi hui yao qu	3
石灶	shi zao	1
石炭井	shi tan jing	27
石燕	shi yan	31
石牌岭	shi pai ling	18
石牌岭路	shi pai ling lu	3
石牌新村	shi pai xin cun	1
石牌村	shi pai cun	9
石牙乡	shi ya xiang	3
石牛山	shi niu shan	6
石牛村	shi niu cun	1
石牛洲	shi niu zhou	3
石狮医院	shi shi yi yuan	3
石狮市	shi shi shi	31
石狮市三中	shi shi shi san zhong	2
石狮市交通局	shi shi shi jiao tong ju	2
石狮市人民检察院	shi shi shi ren min jian cha yuan	5
石狮市人民法院	shi shi shi ren min fa yuan	5
石狮市侨联	shi shi shi qiao lian	4
石狮市公安局	shi shi shi gong an ju	8
石狮市公安局交警大队	shi shi shi gong an ju jiao jing da dui	2
石狮市农办	shi shi shi nong ban	2
石狮市凤里派出所	shi shi shi feng li pai chu suo	4
石狮市医院	shi shi shi yi yuan	5
石狮市华侨医院	shi shi shi hua qiao yi yuan	3
石狮市南洋路	shi shi shi nan yang lu	2
石狮市博物馆	shi shi shi bo wu guan	3
石狮市卫生局	shi shi shi wei sheng ju	3
石狮市司法局	shi shi shi si fa ju	2
石狮市国土资源局	shi shi shi guo tu zi yuan ju	3
石狮市国税局	shi shi shi guo shui ju	2
石狮市宝盖派出所	shi shi shi bao gai pai chu suo	3
石狮市实验小学	shi shi shi shi yan xiao xue	2
石狮市审计局	shi shi shi shen ji ju	2
石狮市总工会	shi shi shi zong gong hui	4
石狮市教育局	shi shi shi jiao yu ju	3
石狮市民政局	shi shi shi min zheng ju	3
石狮市水务处	shi shi shi shui wu chu	3
石狮市永宁中学	shi shi shi yong ning zhong xue	1
石狮市湖滨派出所	shi shi shi hu bin pai chu suo	3
石狮市濠江路	shi shi shi hao jiang lu	4
石狮市灵秀派出所	shi shi shi ling xiu pai chu suo	3
石狮市祥芝镇	shi shi shi xiang zhi zhen	5
石狮市科技文体旅游局	shi shi shi ke ji wen ti lv you ju	3
石狮市第三实验小学	shi shi shi di san shi yan xiao xue	3
石狮市第二实验小学	shi shi shi di er shi yan xiao xue	2
石狮市粮油管理处	shi shi shi liang you guan li chu	2
石狮市经济局	shi shi shi jing ji ju	4
石狮市花园路	shi shi shi hua yuan lu	2
石狮市蚶江中学	shi shi shi han jiang zhong xue	3
石狮市财政局	shi shi shi cai zheng ju	2
石狮市边防大队	shi shi shi bian fang da dui	3
石狮市锦尚镇卢厝村	shi shi shi jin shang zhen lu cuo cun	2
石狮市锦峰实验学校	shi shi shi jin feng shi yan xue xiao	2
石狮市鸳鸯池	shi shi shi yuan yang chi	3
石狮市鸿山派出所	shi shi shi hong shan pai chu suo	3
石狮市鸿山镇伍堡村	shi shi shi hong shan zhen wu bao cun	3
石狮日报社	shi shi ri bao she	2
石狮服装城	shi shi fu zhuang cheng	6
石狮服装城管理办公室	shi shi fu zhuang cheng guan li ban gong shi	2
石狮村	shi shi cun	1
石登乡	shi deng xiang	4
石白头乡	shi bai tou xiang	1
石盘	shi pan	17
石盘村	shi pan cun	2
石矿	shi kuang	32
石矿村	shi kuang cun	2
石码街道	shi ma jie dao	3
石砚	shi yan	3
石砰乡	shi peng xiang	3
石碁	shi qi	10
石碇乡	shi ding xiang	10
石碑胡同	shi bei hu tong	7
石碧乡	shi bi xiang	7
石科院社区	shi ke yuan she qu	2
石窑沟	shi yao gou	4
石窑沟乡	shi yao gou xiang	2
石窝	shi wo	2
石窟群	shi ku qun	32
石粉厂	shi fen chang	1
石经寺	shi jing si	7
石羊农庄	shi yang nong zhuang	3
石羊场	shi yang chang	2
石羊场中心站	shi yang chang zhong xin zhan	4
石羊场街道	shi yang chang jie dao	3
石船	shi chuan	9
石花东路	shi hua dong lu	2
石花尖垦殖场	shi hua jian ken zhi chang	6
石花山	shi hua shan	3
石花村	shi hua cun	4
石花洞	shi hua dong	4
石花洞道口	shi hua dong dao kou	3
石花西路	shi hua xi lu	1
石花路	shi hua lu	1
石英村	shi ying cun	4
石莲亭	shi lian ting	1
石营村	shi ying cun	2
石葵路	shi kui lu	3
石虎胡同	shi hu hu tong	4
石蛇	shi she	3
石西	shi xi	17
石西乡	shi xi xiang	3
石观音	shi guan yin	20
石角	shi jiao	41
石角头	shi jiao tou	1
石角村	shi jiao cun	6
石里乡	shi li xiang	2
石铁乡	shi tie xiang	4
石锦路	shi jin lu	3
石长溪林场	shi chang xi lin chang	3
石门一路	shi men yi lu	7
石门二路	shi men er lu	7
石门坎	shi men kan	12
石门坑	shi men keng	1
石门大桥	shi men da qiao	5
石门峰名人文化公园	shi men feng ming ren wen hua gong yuan	7
石门市场	shi men shi chang	5
石门经济开发区	shi men jing ji kai fa qu	5
石门营	shi men ying	2
石门路	shi men lu	1
石门返照	shi men fan zhao	6
石阡	shi qian	47
石阶前	shi jie qian	2
石陂	shi bei	2
石雀胡同	shi que hu tong	5
石首县	shi shou xian	35
石首市	shi shou shi	13
石马村	shi ma cun	3
石马湾乡	shi ma wan xiang	6
石鹰村	shi ying cun	2
石鼓村	shi gu cun	1
石鼓洲	shi gu zhou	2
石龙东路	shi long dong lu	3
石龙官庄	shi long guan zhuang	3
石龙工业区	shi long gong ye qu	4
石龙村	shi long cun	3
石龙路	shi long lu	5
石龙过江	shi long guo jiang	3
石龟村	shi gui cun	1
矶头市场	ji tou shi chang	2
矶石	ji shi	6
矿业大学社区	kuang ye da xue she qu	3
矿医院	kuang yi yuan	6
矿山医院	kuang shan yi yuan	1
矿山机械厂	kuang shan ji xie chang	4
矿山村	kuang shan cun	4
矿山路加油站	kuang shan lu jia you zhan	2
矿山路口	kuang shan lu kou	5
矿市街道	kuang shi jie dao	3
矿建街	kuang jian jie	3
矿总医院	kuang zong yi yuan	5
矿机厂	kuang ji chang	1
矿机宿舍	kuang ji su she	6
砀山路	dang shan lu	1
码口乡	ma kou xiang	2
码四	ma si	4
码头村	ma tou cun	5
码头社区	ma tou she qu	6
砂吉海矿区	sha ji hai kuang qu	2
砂塘	sha tang	5
砂子塘	sha zi tang	3
砂山街	sha shan jie	6
砂村村	sha cun cun	3
砌坑	qi keng	3
砌坑村	qi keng cun	2
砍脑壳	kan nao ke	12
砖塔胡同	zhuan ta hu tong	2
砖寨营乡	zhuan zhai ying xiang	4
砖屋村	zhuan wu cun	2
砖文	zhuan wen	4
砖桥	zhuan qiao	6
砖瓦厂	zhuan wa chang	37
砖瓦窑村	zhuan wa yao cun	2
砖路	zhuan lu	12
砚池河乡	yan chi he xiang	3
砚瓦池	yan wa chi	6
砣子	tuo zi	6
破鲁堡乡	po lu bao xiang	3
硅谷大街	gui gu da jie	2
硅谷小区	gui gu xiao qu	5
硕儒	shuo ru	2
硕儒村	shuo ru cun	3
硕士路	shuo shi lu	3
硕督镇	shuo du zhen	3
硕集镇	shuo ji zhen	6
硖州乡	xia zhou xiang	3
硖门乡	xia men xiang	1
硗碛乡	qiao qi xiang	7
硚口区法院	qiao kou qu fa yuan	8
硚口镇	qiao kou zhen	2
硫酸厂	liu suan chang	6
硬土	ying tu	1
确布乡	que bu xiang	2
碁山乡	qi shan xiang	2
碁山镇	qi shan zhen	3
碉堡山	diao bao shan	26
碌碡坪	lu zhou ping	5
碎肉抓饭	sui rou zhua fan	3
碑垭	bei ya	4
碓臼峪	dui jiu yu	1
碗窑	wan yao	10
碗米坡镇	wan mi po zhen	8
碛楞乡	qi leng xiang	2
碣石湾	jie shi wan	2
碣石溪	jie shi xi	3
碧一	bi yi	4
碧云山庄	bi yun shan zhuang	5
碧云路	bi yun lu	7
碧土	bi tu	8
碧土乡	bi tu xiang	1
碧坑村	bi keng cun	3
碧山村	bi shan cun	6
碧岩村	bi yan cun	4
碧岩镇	bi yan zhen	4
碧岭	bi ling	8
碧岭村	bi ling cun	5
碧峰寺	bi feng si	1
碧峰胡同	bi feng hu tong	2
碧景园	bi jing yuan	4
碧景苑	bi jing yuan	4
碧朗乡	bi lang xiang	3
碧桂圆	bi gui yuan	1
碧桂花城	bi gui hua cheng	2
碧桂路口	bi gui lu kou	3
碧欣路	bi xin lu	2
碧水云天	bi shui yun tian	2
碧水庄园	bi shui zhuang yuan	1
碧水庄园社区	bi shui zhuang yuan she qu	3
碧水湾	bi shui wan	6
碧水豪园	bi shui hao yuan	2
碧江	bi jiang	28
碧江中学	bi jiang zhong xue	3
碧江县	bi jiang xian	18
碧江金楼	bi jiang jin lou	6
碧沙湖	bi sha hu	1
碧波中学	bi bo zhong xue	4
碧波花园	bi bo hua yuan	1
碧波苑	bi bo yuan	2
碧浪湖	bi lang hu	4
碧浪湖小区	bi lang hu xiao qu	2
碧海云天	bi hai yun tian	8
碧海公园	bi hai gong yuan	4
碧海花园	bi hai hua yuan	1
碧海路	bi hai lu	4
碧涌镇	bi yong zhen	5
碧湘街	bi xiang jie	6
碧湾街	bi wan jie	2
碧溪村	bi xi cun	1
碧玉村	bi yu cun	1
碧瑶花园	bi yao hua yuan	1
碧绿湖	bi lv hu	1
碧门村	bi men cun	4
碧霞祠	bi xia ci	6
碧霞路	bi xia lu	3
碧龙乡	bi long xiang	2
碱房乡	jian fang xiang	2
碱泉街	jian quan jie	1
碱泉街街道	jian quan jie jie dao	4
碳黑厂	tan hei chang	3
碾儿胡同	nian er hu tong	1
碾坝乡	nian ba xiang	4
碾坪村	nian ping cun	2
碾子山	nian zi shan	1
碾子沟	nian zi gou	12
碾子湾	nian zi wan	2
碾子胡同	nian zi hu tong	3
碾子镇	nian zi zhen	4
碾张乡	nian zhang xiang	3
磁各庄	ci ge zhuang	2
磁各庄桥	ci ge zhuang qiao	5
磁器库胡同	ci qi ku hu tong	1
磁家务	ci jia wu	5
磁山一街	ci shan yi jie	2
磁山二街	ci shan er jie	4
磁灶	ci zao	9
磁灶古窑址	ci zao gu yao zhi	2
磁窑	ci yao	16
磁钟	ci zhong	3
磐东街道	pan dong jie dao	3
磐安	pan an	47
磐石县	pan shi xian	4
磐石市	pan shi shi	16
磕头机	ke tou ji	2
磨坊乡	mo fang xiang	4
磨基山	mo ji shan	6
磨头	mo tou	6
磨子土家族乡	mo zi tu jia zu xiang	4
磨子坪	mo zi ping	3
磨子山	mo zi shan	5
磨子村	mo zi cun	4
磨子桥	mo zi qiao	22
磨市镇磨市	mo shi zhen mo shi	2
磨形乡	mo xing xiang	4
磨心山	mo xin shan	2
磨憨镇	mo han zhen	3
磨溪	mo xi	1
磨滩镇	mo tan zhen	1
磨皮擦痒	mo pi ca yang	3
磨盘山	mo pan shan	21
磨盘山码头	mo pan shan ma tou	6
磨盘湾	mo pan wan	1
磨盘街	mo pan jie	1
磨盘院	mo pan yuan	2
磨西	mo xi	2
磨香坪	mo xiang ping	2
磴口	deng kou	26
磴槽	deng cao	5
磺厂	huang chang	1
磻坑	pan keng	2
磻溪	pan xi	4
磻溪村	pan xi cun	4
礁下	jiao xia	5
示范繁殖农场	shi fan fan zhi nong chang	4
礼乐乡	li yue xiang	3
礼品城二楼	li pin cheng er lou	2
礼嘉	li jia	9
礼士胡同	li shi hu tong	2
礼士路	li shi lu	3
礼士路南口	li shi lu nan kou	3
礼岗	li gang	2
礼拜寺	li bai si	13
礼拜寺村	li bai si cun	2
礼拜寺街	li bai si jie	2
礼明庄	li ming zhuang	3
礼河村	li he cun	3
礼贤一村	li xian yi cun	2
礼贤巷	li xian xiang	2
礼贤街	li xian jie	4
礼阳	li yang	3
社下	she xia	5
社二	she er	5
社区教育中心	she qu jiao yu zhong xin	8
社区服务中心	she qu fu wu zhong xin	18
社区管理委员会	she qu guan li wei yuan hui	7
社各	she ge	2
社后乡	she hou xiang	2
社坑	she keng	3
社坑村	she keng cun	3
社坛	she tan	9
社坛村	she tan cun	2
社坛街	she tan jie	2
社坝	she ba	8
社城镇	she cheng zhen	4
社山	she shan	4
社山村	she shan cun	1
社岗	she gang	1
社店	she dian	1
社庚乡	she geng xiang	3
社建村街道	she jian cun jie dao	7
社排	she pai	4
社排村	she pai cun	3
社教中心	she jiao zhong xin	9
社旗	she qi	22
社港	she gang	7
社田	she tian	1
社科乡	she ke xiang	3
社背	she bei	1
祁东	qi dong	36
祁家	qi jia	48
祁家坟	qi jia fen	3
祁家豁子	qi jia huo zi	6
祁家集镇	qi jia ji zhen	4
祁村	qi cun	1
祁禄山镇	qi lu shan zhen	2
祁连山路	qi lian shan lu	6
祁连新村	qi lian xin cun	3
祁连路	qi lian lu	7
祁连镇	qi lian zhen	1
祈山村	qi shan cun	2
祈年大街北口	qi nian da jie bei kou	3
祈年大街南口	qi nian da jie nan kou	2
祈风石刻群	qi feng shi ke qun	4
祊河	beng he	17
祖冲之路	zu chong zhi lu	2
祖厝	zu cuo	41
祖塔	zu ta	5
祖市殿镇	zu shi dian zhen	3
祖师庙村	zu shi miao cun	3
祖庙汽车站	zu miao qi che zhan	6
祖庙路	zu miao lu	3
祖望	zu wang	34
祖门村	zu men cun	2
祝丰亭	zhu feng ting	3
祝丰村	zhu feng cun	2
祝兴	zhu xing	3
祝冯村	zhu feng cun	3
祝华街道	zhu hua jie dao	2
祝园	zhu yuan	15
祝国寺	zhu guo si	6
祝家村	zhu jia cun	5
祝桑乡	zhu sang xiang	2
祝联乡	zhu lian xiang	2
祝黄	zhu huang	4
神亭	shen ting	2
神仙村	shen xian cun	1
神仙树	shen xian shu	27
神仙湾	shen xian wan	1
神冲	shen chong	2
神坝镇	shen ba zhen	3
神堂堡乡	shen tang bao xiang	3
神堂峪	shen tang yu	7
神塘	shen tang	1
神墩村	shen dun cun	3
神山背	shen shan bei	2
神岗	shen gang	13
神峪回族乡	shen yu hui zu xiang	2
神峪寺沟	shen yu si gou	2
神峪沟乡	shen yu gou xiang	2
神州台	shen zhou tai	2
神池	shen chi	31
神灵寨	shen ling zhai	1
神牛环岛	shen niu huan dao	2
神策门	shen ce men	6
神西乡	shen xi xiang	3
神路街	shen lu jie	5
神驹	shen ju	36
神鹿坊	shen lu fang	2
祠堂上	ci tang shang	1
祠堂下	ci tang xia	4
祠堂村	ci tang cun	14
祠堂桥	ci tang qiao	1
祥云村	xiang yun cun	5
祥云社区	xiang yun she qu	4
祥光	xiang guang	42
祥和乐园	xiang he le yuan	3
祥和人家	xiang he ren jia	4
祥和小区	xiang he xiao qu	2
祥和居委会	xiang he ju wei hui	3
祥和桥	xiang he qiao	3
祥和花园	xiang he hua yuan	6
祥和路	xiang he lu	5
祥地	xiang di	5
祥坂小区	xiang ban xiao qu	4
祥坂支路	xiang ban zhi lu	3
祥坂路口	xiang ban lu kou	1
祥安小区	xiang an xiao qu	2
祥平大厦	xiang ping da sha	1
祥德路	xiang de lu	5
祥桥	xiang qiao	6
祥渔村	xiang yu cun	3
祥环新村	xiang huan xin cun	2
祥符村	xiang fu cun	2
祥符桥	xiang fu qiao	3
祥芝	xiang zhi	9
祥谦镇政府	xiang qian zhen zheng fu	2
祥运	xiang yun	6
祥龙乡	xiang long xiang	2
祥龙公交公司	xiang long gong jiao gong si	6
祭下	ji xia	3
祭台村	ji tai cun	5
祭酒岭	ji jiu ling	1
禄劝	lu quan	37
禄劝县	lu quan xian	16
禄安大街	lu an da jie	2
禄米仓	lu mi cang	17
禄米仓胡同	lu mi cang hu tong	2
禅城区政府	shan cheng qu zheng fu	10
福三中	fu san zhong	5
福东	fu dong	6
福东村	fu dong cun	3
福东路	fu dong lu	11
福中村	fu zhong cun	2
福临	fu lin	44
福临乡	fu lin xiang	3
福临街	fu lin jie	4
福丽特	fu li te	6
福乐智慧	fu le zhi hui	7
福井村	fu jing cun	1
福佑路	fu you lu	5
福佬人	fu lao ren	14
福佬话	fu lao hua	8
福光	fu guang	38
福光村	fu guang cun	3
福光路	fu guang lu	5
福全村	fu quan cun	1
福兴大道	fu xing da dao	5
福兴投资区	fu xing tou zi qu	2
福兴隆	fu xing long	4
福利农场	fu li nong chang	4
福利区	fu li qu	14
福利新村	fu li xin cun	4
福利村	fu li cun	4
福利达批发市场	fu li da pi fa shi chang	3
福利院	fu li yuan	36
福前农场	fu qian nong chang	1
福华一路	fu hua yi lu	7
福华三路	fu hua san lu	8
福华四路	fu hua si lu	4
福华新村	fu hua xin cun	1
福华街街道	fu hua jie jie dao	4
福华路	fu hua lu	8
福厦路	fu xia lu	4
福善庄乡	fu shan zhuang xiang	3
福喜公司	fu xi gong si	1
福四中	fu si zhong	2
福园	fu yuan	19
福地村	fu di cun	3
福场	fu chang	2
福场路	fu chang lu	1
福址村	fu zhi cun	2
福坎乡	fu kan xiang	3
福城街道	fu cheng jie dao	2
福埔	fu bu	3
福埔社区	fu bu she qu	3
福基	fu ji	37
福大东门	fu da dong men	5
福大北门	fu da bei men	4
福大新区东门	fu da xin qu dong men	3
福姜路	fu jiang lu	3
福字街	fu zi jie	6
福宁路	fu ning lu	5
福安县	fu an xian	13
福安大街	fu an da jie	3
福安市	fu an shi	15
福寿岭	fu shou ling	6
福寿村	fu shou cun	2
福寿桥	fu shou qiao	1
福寿路	fu shou lu	2
福寿里	fu shou li	4
福山县	fu shan xian	36
福山村	fu shan cun	3
福山路	fu shan lu	9
福屿新村	fu yu xin cun	2
福岭	fu ling	1
福岭村	fu ling cun	3
福峡路	fu xia lu	8
福州外国语学校	fu zhou wai guo yu xue xiao	1
福州展览城	fu zhou zhan lan cheng	1
福州广场	fu zhou guang chang	4
福州总院	fu zhou zong yuan	8
福州电视中心	fu zhou dian shi zhong xin	3
福州英才中学	fu zhou ying cai zhong xue	2
福州软件园	fu zhou ruan jian yuan	7
福州锅炉厂	fu zhou guo lu chang	3
福州高级中学	fu zhou gao ji zhong xue	1
福庆街	fu qing jie	5
福庭	fu ting	6
福建中路	fu jian zhong lu	9
福建北路	fu jian bei lu	1
福建医大	fu jian yi da	1
福建南安市官桥镇	fu jian nan an shi guan qiao zhen	3
福建南安市水头镇	fu jian nan an shi shui tou zhen	4
福建南路	fu jian nan lu	2
福建安溪县凤城镇	fu jian an xi xian feng cheng zhen	3
福建安溪县城厢镇	fu jian an xi xian cheng xiang zhen	2
福建工业学校	fu jian gong ye xue xiao	5
福建工程学院	fu jian gong cheng xue yuan	20
福建师大附中	fu jian shi da fu zhong	7
福建广播影视集团	fu jian guang bo ying shi ji tuan	6
福建德化县龙浔镇	fu jian de hua xian long xun zhen	2
福建惠安县崇武镇	fu jian hui an xian chong wu zhen	3
福建晋江市安海镇	fu jian jin jiang shi an hai zhen	5
福建晋江市永和镇	fu jian jin jiang shi yong he zhen	3
福建晋江市池店镇	fu jian jin jiang shi chi dian zhen	2
福建晋江市深沪镇	fu jian jin jiang shi shen hu zhen	3
福建晋江市磁灶镇	fu jian jin jiang shi ci zao zhen	4
福建晋江市金井镇	fu jian jin jiang shi jin jing zhen	3
福建晋江市陈埭镇	fu jian jin jiang shi chen dai zhen	3
福建晋江市龙湖镇	fu jian jin jiang shi long hu zhen	2
福建炼油厂	fu jian lian you chang	3
福建理工学校	fu jian li gong xue xiao	1
福建省宁德市	fu jian sheng ning de shi	38
福建省安溪县	fu jian sheng an xi xian	11
福建石狮市灵秀镇	fu jian shi shi shi ling xiu zhen	3
福建石狮市祥芝镇	fu jian shi shi shi xiang zhi zhen	3
福建石狮市蚶江镇	fu jian shi shi shi han jiang zhen	3
福建石狮市鸿山镇	fu jian shi shi shi hong shan zhen	3
福建神学院	fu jian shen xue yuan	6
福建福鼎市白琳镇	fu jian fu ding shi bai lin zhen	3
福建行政学院	fu jian xing zheng xue yuan	7
福建路	fu jian lu	27
福建龙海市石码镇	fu jian long hai shi shi ma zhen	4
福建龙海市角美镇	fu jian long hai shi jiao mei zhen	2
福强路	fu qiang lu	1
福录乡	fu lu xiang	2
福德村	fu de cun	16
福慧花园	fu hui hua yuan	2
福斗村	fu dou cun	2
福新	fu xin	8
福新东路	fu xin dong lu	6
福新支路	fu xin zhi lu	2
福新村	fu xin cun	2
福新路	fu xin lu	7
福新路口	fu xin lu kou	4
福昌	fu chang	46
福昌寺	fu chang si	1
福星公司	fu xing gong si	4
福星大	fu xing da	3
福星新村	fu xing xin cun	2
福星村	fu xing cun	7
福星花园社区	fu xing hua yuan she qu	3
福星门	fu xing men	3
福星集团	fu xing ji tuan	2
福春	fu chun	16
福春村	fu chun cun	1
福机	fu ji	5
福林村	fu lin cun	4
福林路	fu lin lu	5
福民新村	fu min xin cun	2
福民村	fu min cun	1
福民路	fu min lu	1
福永镇	fu yong zhen	5
福泉县	fu quan xian	5
福泉市	fu quan shi	5
福泉路	fu quan lu	2
福泰隆	fu tai long	5
福泰隆广场	fu tai long guang chang	2
福洋	fu yang	4
福洋村	fu yang cun	3
福海监狱	fu hai jian yu	5
福海街道	fu hai jie dao	5
福源	fu yuan	39
福源巷	fu yuan xiang	3
福溪	fu xi	25
福溪工业区	fu xi gong ye qu	3
福溪村	fu xi cun	2
福溪街道	fu xi jie dao	5
福滨新村	fu bin xin cun	3
福熙路	fu xi lu	4
福田中医院	fu tian zhong yi yuan	1
福田保税区	fu tian bao shui qu	8
福田公司	fu tian gong si	1
福田公墓	fu tian gong mu	17
福田南	fu tian nan	7
福田寺	fu tian si	12
福田村	fu tian cun	16
福田汽车站	fu tian qi che zhan	8
福田科技广场	fu tian ke ji guang chang	5
福田集团	fu tian ji tuan	1
福盈酒店	fu ying jiu dian	4
福盛社区	fu sheng she qu	2
福盛花园	fu sheng hua yuan	4
福石	fu shi	8
福石村	fu shi cun	4
福祥胡同	fu xiang hu tong	3
福祥路	fu xiang lu	3
福绥境	fu sui jing	2
福缘门社区	fu yuan men she qu	5
福美	fu mei	7
福美村	fu mei cun	3
福联	fu lian	2
福联村	fu lian cun	3
福胜街	fu sheng jie	4
福苑东区	fu yuan dong qu	3
福苑北区	fu yuan bei qu	2
福苑小区	fu yuan xiao qu	1
福贡	fu gong	20
福辉路	fu hui lu	1
福迪汽贸	fu di qi mao	3
福都	fu du	6
福都村	fu du cun	2
福铁	fu tie	1
福铁村	fu tie cun	3
福长街	fu chang jie	5
福阳	fu yang	17
福阳村	fu yang cun	3
福隆乡	fu long xiang	2
福隆园	fu long yuan	5
福雷德广场	fu lei de guang chang	6
福顺天天	fu shun tian tian	1
福飞路	fu fei lu	1
福马路	fu ma lu	1
福高	fu gao	6
福鼎县	fu ding xian	8
福鼎市	fu ding shi	30
福龙瑶族乡	fu long yao zu xiang	3
禹县	yu xian	30
禹城县	yu cheng xian	16
禹城市	yu cheng shi	13
禹州市	yu zhou shi	44
离心机厂	li xin ji chang	3
离石县	li shi xian	24
离石市	li shi shi	5
禾丰	he feng	16
禾丰布依族苗族乡	he feng bu yi zu miao zu xiang	1
禾兴	he xing	1
禾兴北路	he xing bei lu	1
禾兴路	he xing lu	2
禾尼乡	he ni xiang	1
禾山	he shan	40
禾山乡	he shan xiang	2
禾斛岭垦殖场	he hu ling ken zhi chang	3
禾洞农林场	he dong nong lin chang	3
禾洞镇	he dong zhen	5
禾滩乡	he tan xiang	4
禾祥西路	he xiang xi lu	1
禾驮乡	he tuo xiang	1
秀丽路	xiu li lu	4
秀华路	xiu hua lu	1
秀园	xiu yuan	34
秀园路	xiu yuan lu	1
秀城	xiu cheng	13
秀姑峦山	xiu gu luan shan	7
秀山中学	xiu shan zhong xue	5
秀山县	xiu shan xian	38
秀山村	xiu shan cun	3
秀屿	xiu yu	33
秀岩	xiu yan	27
秀峰里	xiu feng li	2
秀川街道	xiu chuan jie dao	6
秀川路	xiu chuan lu	7
秀州中学	xiu zhou zhong xue	11
秀州北路	xiu zhou bei lu	2
秀新路	xiu xin lu	4
秀月街	xiu yue jie	6
秀水苑	xiu shui yuan	7
秀水路	xiu shui lu	4
秀水道	xiu shui dao	2
秀江街道	xiu jiang jie dao	3
秀沿路	xiu yan lu	5
秀洲公园	xiu zhou gong yuan	1
秀涂	xiu tu	6
秀涂村	xiu tu cun	5
秀清路	xiu qing lu	3
秀溪	xiu xi	6
秀溪村	xiu xi cun	4
秀钟乡	xiu zhong xiang	2
秀麻乡	xiu ma xiang	2
私渡镇	si du zhen	4
秋冬美	qiu dong mei	1
秋坡	qiu po	4
秋实园	qiu shi yuan	1
秋实家园社区	qiu shi jia yuan she qu	3
秋山村	qiu shan cun	3
秋智乡	qiu zhi xiang	4
秋木乡	qiu mu xiang	2
秋林铺村	qiu lin pu cun	2
秋水云庐	qiu shui yun lu	1
秋水苑	qiu shui yuan	4
秋涛路	qiu tao lu	6
秋湖	qiu hu	7
秋溪	qiu xi	3
秋炉乡	qiu lu xiang	2
秋瑾故居	qiu jin gu ju	1
秋蚊子	qiu wen zi	8
秋长街道	qiu chang jie dao	3
秋霞路	qiu xia lu	8
种兔场	zhong tu chang	5
种养基地	zhong yang ji di	9
种子公司	zhong zi gong si	18
种子场	zhong zi chang	3
种子站	zhong zi zhan	5
种山	zhong shan	7
种猪场	zhong zhu chang	3
种福寺	zhong fu si	4
种福村	zhong fu cun	3
种禽公司	zhong qin gong si	5
种羊场	zhong yang chang	9
种获乡	zhong huo xiang	4
种蜂场	zhong feng chang	6
种马场	zhong ma chang	16
种鸭场	zhong ya chang	6
科丰桥南	ke feng qiao nan	4
科任村	ke ren cun	3
科克亚乡	ke ke ya xiang	1
科克浩特浩尔蒙古族乡	ke ke hao te hao er meng gu zu xiang	2
科克铁热克乡	ke ke tie re ke xiang	5
科创二街	ke chuang er jie	3
科力	ke li	9
科华中路南	ke hua zhong lu nan	1
科华北路	ke hua bei lu	14
科华南路北	ke hua nan lu bei	2
科华路二环路口	ke hua lu er huan lu kou	3
科博中心	ke bo zhong xin	2
科发路	ke fa lu	6
科名	ke ming	7
科学路街道	ke xue lu jie dao	3
科学院小区	ke xue yuan xiao qu	2
科山公园	ke shan gong yuan	2
科山村	ke shan cun	3
科才乡	ke cai xiang	2
科托努	ke tuo nu	18
科技一路	ke ji yi lu	1
科技三路	ke ji san lu	2
科技二路	ke ji er lu	1
科技二路中段	ke ji er lu zhong duan	3
科技五路	ke ji wu lu	6
科技六路	ke ji liu lu	8
科技六路中段	ke ji liu lu zhong duan	3
科技六路西段	ke ji liu lu xi duan	2
科技商贸学院	ke ji shang mao xue yuan	4
科技四路	ke ji si lu	2
科技四路东段	ke ji si lu dong duan	3
科技园中	ke ji yuan zhong	1
科技园南	ke ji yuan nan	4
科技大厦	ke ji da sha	12
科技大学管庄校区	ke ji da xue guan zhuang xiao qu	2
科技工业园	ke ji gong ye yuan	11
科技新村	ke ji xin cun	1
科技经济管理学院	ke ji jing ji guan li xue yuan	4
科技经营管理学院	ke ji jing ying guan li xue yuan	7
科技苑	ke ji yuan	6
科技谷	ke ji gu	8
科技路	ke ji lu	15
科技路小区	ke ji lu xiao qu	4
科技路西口	ke ji lu xi kou	2
科旺村	ke wang cun	3
科春社区	ke chun she qu	3
科煦社区	ke xu she qu	2
科研北路	ke yan bei lu	2
科苑花园	ke yuan hua yuan	5
科苑路	ke yuan lu	2
科荟桥东	ke hui qiao dong	2
科贸大厦	ke mao da sha	6
科龙空调	ke long kong tiao	7
秣陵路	mo ling lu	7
秦北	qin bei	2
秦团庄乡	qin tuan zhuang xiang	3
秦园居	qin yuan ju	5
秦始皇陵及兵马俑坑	qin shi huang ling ji bing ma yong keng	6
秦婷	qin ting	4
秦孟街	qin meng jie	4
秦宝小区	qin bao xiao qu	5
秦家河	qin jia he	4
秦家港村	qin jia gang cun	2
秦屯	qin tun	3
秦屹	qin yi	4
秦岭野生动物园	qin ling ye sheng dong wu yuan	1
秦川一分厂	qin chuan yi fen chang	4
秦桥乡	qin qiao xiang	4
秦洪桥	qin hong qiao	8
秦淮绿洲	qin huai lv zhou	4
秦潭港	qin tan gang	3
秦灶	qin zao	4
秦皇中路	qin huang zhong lu	5
秦皇南路	qin huang nan lu	4
秦皇寺	qin huang si	7
秦祁乡	qin qi xiang	3
秦老胡同	qin lao hu tong	9
秦西	qin xi	1
秦都	qin du	10
秦都中学	qin du zhong xue	3
秦都桥	qin du qiao	1
秦阿房宫	qin a fang gong	1
秧宅村	yang zhai cun	2
秧田乡	yang tian xiang	2
积善乡	ji shan xiang	1
积善新寓	ji shan xin yu	1
积家	ji jia	14
积水坝	ji shui ba	2
积水潭	ji shui tan	27
积石山保安族	ji shi shan bao an zu	1
积翠乡	ji cui xiang	5
积谷	ji gu	7
称文镇	cheng wen zhen	3
称钩湾	cheng gou wan	4
移动大厦	yi dong da sha	5
移坑	yi keng	2
移山乡	yi shan xiang	3
移村	yi cun	1
移民新村	yi min xin cun	11
移沿山村	yi yan shan cun	5
程介村	cheng jie cun	6
程各庄	cheng ge zhuang	1
程坊乡	cheng fang xiang	2
程埔头	cheng pu tou	3
程家山乡	cheng jia shan xiang	1
程家庄	cheng jia zhuang	3
程家村	cheng jia cun	2
程家桥	cheng jia qiao	14
程家窑村	cheng jia yao cun	4
程家营村	cheng jia ying cun	3
程庄路	cheng zhuang lu	7
程庄路北口	cheng zhuang lu bei kou	3
程庄路南口	cheng zhuang lu nan kou	3
程庄路口东	cheng zhuang lu kou dong	3
程戈庄	cheng ge zhuang	4
程明道	cheng ming dao	3
程晓玲	cheng xiao ling	5
程村村委会	cheng cun cun wei hui	2
程林庄	cheng lin zhuang	3
程林里	cheng lin li	3
程桥	cheng qiao	9
程桥村	cheng qiao cun	3
程油子乡	cheng you zi xiang	5
稍康村	shao kang cun	2
稍户营子镇	shao hu ying zi zhen	3
税务局巷	shui wu ju xiang	3
稔海	ren hai	4
稔湾	ren wan	17
稔田	ren tian	3
稠树塘镇	chou shu tang zhen	4
稳油控水	wen you kong shui	5
稷山营	ji shan ying	2
稻北社区	dao bei she qu	4
稻南社区	dao nan she qu	3
稻地	dao di	1
稻田村	dao tian cun	8
稻田村南	dao tian cun nan	2
稻田村南口	dao tian cun nan kou	4
稻西社区	dao xi she qu	2
稻谷仓	dao gu cang	5
稻香园	dao xiang yuan	5
稻香新村	dao xiang xin cun	5
稻香湖景	dao xiang hu jing	2
稽东	ji dong	4
稽山中学	ji shan zhong xue	1
穆厝	mu cuo	4
穆园子村	mu yuan zi cun	2
穆天子传	mu tian zi zhuan	6
穆家	mu jia	43
穆家峪	mu jia yu	8
穆村	mu cun	1
穆棱县	mu ling xian	5
穆棱市	mu ling shi	9
穗东街	sui dong jie	7
穗东街道	sui dong jie dao	4
穗石洞天	sui shi dong tian	1
穗香村	sui xiang cun	3
穴坊	xue fang	4
空下	kong xia	7
空了吹	kong liao chui	8
空军医院	kong jun yi yuan	27
空军指挥学院	kong jun zhi hui xue yuan	36
空军指挥学院南门	kong jun zhi hui xue yuan nan men	2
空军疗养院	kong jun liao yang yuan	6
空军驻地	kong jun zhu di	2
空壳树乡	kong ke shu xiang	6
空工院	kong gong yuan	1
空港物流开发区	kong gang wu liu kai fa qu	3
空港路	kong gang lu	5
空调器厂	kong tiao qi chang	2
空调大王	kong tiao da wang	4
空院门诊部	kong yuan men zhen bu	3
穿山	chuan shan	10
穿山河	chuan shan he	2
穿山街道	chuan shan jie dao	3
穿山路	chuan shan lu	1
穿石乡	chuan shi xiang	2
穿芳峪乡	chuan fang yu xiang	4
窄巷子	zhai xiang zi	9
窍角沱	qiao jiao tuo	1
窑上	yao shang	4
窑前	yao qian	2
窑前村	yao qian cun	1
窑厂	yao chang	32
窑场村	yao chang cun	3
窑坡	yao po	1
窑坡山	yao po shan	6
窑坪乡	yao ping xiang	2
窑头乡	yao tou xiang	2
窑头村	yao tou cun	9
窑子头乡	yao zi tou xiang	1
窑山花园	yao shan hua yuan	2
窑岭	yao ling	14
窑洼湖桥	yao wa hu qiao	6
窑洼湖桥东	yao wa hu qiao dong	4
窑湾街道	yao wan jie dao	7
窑里	yao li	8
窑里村	yao li cun	3
窑院村	yao yuan cun	2
窖口客运站	jiao kou ke yun zhan	5
窝子上	wo zi shang	4
窝子里	wo zi li	7
窝底乡	wo di xiang	2
窝赛乡	wo sai xiang	2
窦家庄	dou jia zhuang	3
窦店	dou dian	8
窦店汽车站	dou dian qi che zhan	3
窦店火车站	dou dian huo che zhan	2
窦店环岛	dou dian huan dao	3
窦店镇政府	dou dian zhen zheng fu	3
窦村	dou cun	5
立业大厦	li ye da sha	1
立丰船厂	li feng chuan chang	3
立交桥位置	li jiao qiao wei zhi	5
立信街	li xin jie	1
立发乡	li fa xiang	2
立坪	li ping	3
立垡村	li fa cun	3
立墩	li dun	6
立斋	li zhai	11
立新庄村	li xin zhuang cun	2
立新桥	li xin qiao	5
立新路	li xin lu	7
立水桥	li shui qiao	17
立水桥北站	li shui qiao bei zhan	2
立水桥南站	li shui qiao nan zhan	4
立汤路口	li tang lu kou	2
立节乡	li jie xiang	4
站东路	zhan dong lu	6
站儿巷镇	zhan er xiang zhen	4
站前环岛	zhan qian huan dao	2
站前环岛东	zhan qian huan dao dong	2
站前街	zhan qian jie	4
站前路	zhan qian lu	34
站北区	zhan bei qu	2
站北新村	zhan bei xin cun	6
站南街道	zhan nan jie dao	1
站岗乡	zhan gang xiang	2
站邻街	zhan lin jie	3
竞丰村	jing feng cun	2
竞舟路	jing zhou lu	3
竟陵街道	jing ling jie dao	4
章丘县	zhang qiu xian	44
章丘市	zhang qiu shi	30
章佳乡	zhang jia xiang	3
章党街道	zhang dang jie dao	1
章台镇	zhang tai zhen	1
章吉营乡	zhang ji ying xiang	3
章多乡	zhang duo xiang	1
章家坝	zhang jia ba	5
章家埭村	zhang jia dai cun	3
章家桥	zhang jia qiao	4
章庄	zhang zhuang	3
章灵寺	zhang ling si	1
章纳乡	zhang na xiang	4
章谷	zhang gu	9
章贡	zhang gong	3
章都	zhang du	9
章都乡	zhang du xiang	3
章里集乡	zhang li ji xiang	3
童南	tong nan	1
童卫路	tong wei lu	6
童坪	tong ping	2
童堡	tong bao	3
童家	tong jia	34
童家巷	tong jia xiang	4
童家院子	tong jia yuan zi	8
童市	tong shi	8
童店	tong dian	4
童村	tong cun	5
童王	tong wang	1
端履门	duan lv men	3
端芬	duan fen	6
竹亭	zhu ting	16
竹仔坑水库	zhu zi keng shui ku	2
竹仙洞	zhu xian dong	7
竹口	zhu kou	6
竹口村	zhu kou cun	1
竹叶坪乡	zhu ye ping xiang	6
竹园下	zhu yuan xia	2
竹园新村	zhu yuan xin cun	5
竹园村	zhu yuan cun	18
竹园背	zhu yuan bei	3
竹园路	zhu yuan lu	3
竹坑	zhu keng	27
竹坪村	zhu ping cun	6
竹垟乡	zhu yang xiang	3
竹塘路	zhu tang lu	6
竹墩村	zhu dun cun	4
竹头背	zhu tou bei	3
竹子园	zhu zi yuan	2
竹子林	zhu zi lin	14
竹子桥	zhu zi qiao	2
竹寿镇	zhu shou zhen	4
竹山下	zhu shan xia	3
竹山园	zhu shan yuan	6
竹山村	zhu shan cun	3
竹山路	zhu shan lu	2
竹工业区	zhu gong ye qu	2
竹巴龙	zhu ba long	4
竹巴龙乡	zhu ba long xiang	4
竹帘镇	zhu lian zhen	2
竹庆	zhu qing	11
竹庆乡	zhu qing xiang	4
竹径茶语	zhu jing cha yu	4
竹望山	zhu wang shan	4
竹杆巷	zhu gan xiang	2
竹杆社区	zhu gan she qu	6
竹杆胡同	zhu gan hu tong	2
竹林公路	zhu lin gong lu	3
竹林寺	zhu lin si	16
竹林巷	zhu lin xiang	4
竹林新村	zhu lin xin cun	3
竹林村	zhu lin cun	18
竹林路	zhu lin lu	18
竹树下	zhu shu xia	3
竹树下社区	zhu shu xia she qu	4
竹根村	zhu gen cun	4
竹榄	zhu lan	3
竹江	zhu jiang	5
竹江码头	zhu jiang ma tou	6
竹洲	zhu zhou	9
竹海水韵	zhu hai shui yun	5
竹湖	zhu hu	15
竹溪村	zhu xi cun	5
竹炉	zhu lu	3
竹瓦	zhu wa	3
竹瓦根镇	zhu wa gen zhen	6
竹竿巷	zhu gan xiang	6
竹笆市	zhu ba shi	3
竹管寺镇	zhu guan si zhen	6
竹舟江苗族乡	zhu zhou jiang miao zu xiang	3
竹苑	zhu yuan	19
竹苑小区	zhu yuan xiao qu	1
竹苑路	zhu yuan lu	5
竹行	zhu hang	1
竹贤乡	zhu xian xiang	4
竹阳村	zhu yang cun	3
竹阿觉乡	zhu a jue xiang	2
竹院乡	zhu yuan xiang	3
竹马塘	zhu ma tang	5
竹鱼坊	zhu yu fang	2
笃工街道	du gong jie dao	2
笃庆堂	du qing tang	3
笋岗仓库	sun gang cang ku	6
笋岗路	sun gang lu	3
笋浯社区	sun wu she qu	2
笔架山庄	bi jia shan zhuang	3
笔架山水厂	bi jia shan shui chang	6
笔架林场	bi jia lin chang	2
笔管胡同	bi guan hu tong	1
笕丁路口	jian ding lu kou	3
笤帚胡同	tiao zhou hu tong	4
符家	fu jia	16
符家川镇	fu jia chuan zhen	3
符山	fu shan	1
符江	fu jiang	1
符离集镇	fu li ji zhen	1
笨笨猪	ben ben zhu	3
第一农场	di yi nong chang	2
第一国际	di yi guo ji	38
第一桥	di yi qiao	10
第一牧场	di yi mu chang	6
第一监狱	di yi jian yu	32
第一粮库	di yi liang ku	2
第一羊毛衫厂	di yi yang mao shan chang	2
第一良种场	di yi liang zhong chang	2
第七医院	di qi yi yuan	6
第三加油站	di san jia you zhan	1
第三村	di san cun	8
第三监狱	di san jian yu	9
第三羊毛衫厂	di san yang mao shan chang	2
第二公墓	di er gong mu	6
第二农场	di er nong chang	2
第二外国语学院	di er wai guo yu xue yuan	30
第二桥	di er qiao	4
第二毛纺厂	di er mao fang chang	1
第二济困医院	di er ji kun yi yuan	6
第二炮兵工程学院	di er pao bing gong cheng xue yuan	6
第二粮库	di er liang ku	4
第二苗圃	di er miao pu	3
第二菜市场	di er cai shi chang	3
第二长话枢纽大楼	di er chang hua shu niu da lou	3
第五医院	di wu yi yuan	15
第什营乡	di shi ying xiang	4
第八堡乡	di ba pu xiang	2
第十甫	di shi fu	5
第四制药厂	di si zhi yao chang	4
第四村	di si cun	2
第四电器厂	di si dian qi chang	3
第四疃乡	di si tuan xiang	2
第四监狱	di si jian yu	6
笼底	long di	1
笼新	long xin	3
等驾坡	deng jia po	9
策达雅乡	ce da ya xiang	3
筛月亭	shai yue ting	3
筠连	yun lian	35
筲箕涂	shao ji tu	4
筷子路	kuai zi lu	8
筼筜	yun dang	5
筼筜湖	yun dang hu	2
简勇	jian yong	4
简华村	jian hua cun	2
简嘎乡	jian ga xiang	1
简家桥	jian jia qiao	2
简家湾村	jian jia wan cun	2
简易路	jian yi lu	7
简村	jian cun	5
简池镇	jian chi zhen	4
简阳县	jian yang xian	9
简阳市	jian yang shi	36
简阳路	jian yang lu	3
箐河傈僳族乡	qing he li su zu xiang	3
箕漕街	ji cao jie	2
算山	suan shan	4
算球	suan qiu	25
箜篌	kong hou	25
管公	guan gong	2
管华诗	guan hua shi	1
管园	guan yuan	4
管坪村	guan ping cun	3
管城回族	guan cheng hui zu	37
管埭村	guan dai cun	2
管头	guan tou	9
管山	guan shan	5
管帅	guan shuai	3
管庄	guan zhuang	26
管庄惠河建材市场	guan zhuang hui he jian cai shi chang	2
管庄村委会	guan zhuang cun wei hui	2
管庄村村委会	guan zhuang cun cun wei hui	2
管弄新村	guan nong xin cun	5
管窑	guan yao	5
管道液化气公司	guan dao ye hua qi gong si	3
管道煤气公司	guan dao mei qi gong si	5
管陶村	guan tao cun	3
箭厂	jian chang	4
箭厂胡同	jian chang hu tong	1
箭口	jian kou	3
箭弓山	jian gong shan	6
箭杆胡同	jian gan hu tong	4
篁碧乡	huang bi xiang	4
篦子街街道	bi zi jie jie dao	2
篦箕巷	bi ji xiang	5
篱笆房	li ba fang	1
簇桥	cu qiao	16
簇桥街道	cu qiao jie dao	6
簕竹镇	le zhu zhen	5
簰洲湾镇	pai zhou wan zhen	5
簸箕山	bo ji shan	1
簸箕掌	bo ji zhang	2
簸箕营村	bo ji ying cun	3
簸箕街	bo ji jie	4
簸萁	bo qi	4
米仓道	mi cang dao	6
米坑	mi keng	17
米家务乡	mi jia wu xiang	3
米家垣乡	mi jia yuan xiang	3
米家堡	mi jia bao	5
米家堡村	mi jia bao cun	5
米家村	mi jia cun	4
米尔福德港	mi er fu de gang	2
米市大街	mi shi da jie	8
米市巷	mi shi xiang	2
米市河	mi shi he	3
米市镇	mi shi zhen	3
米林镇	mi lin zhen	2
米泉县	mi quan xian	3
米泉市	mi quan shi	6
米秦路西口	mi qin lu xi kou	3
米粉店	mi fen dian	1
米粉馆	mi fen guan	4
米粮屯	mi liang tun	3
米粮库	mi liang ku	1
米粮库社区	mi liang ku she qu	3
米粮库胡同	mi liang ku hu tong	1
米粮泉回族民族乡	mi liang quan hui zu min zu xiang	4
米罗街	mi luo jie	1
米良乡	mi liang xiang	6
米贝苗族乡	mi bei miao zu xiang	2
米龙	mi long	7
米龙乡	mi long xiang	5
粉厂	fen chang	6
粉厂胡同	fen chang hu tong	4
粉子胡同	fen zi hu tong	4
粉巷	fen xiang	22
粉房琉璃街社区	fen fang liu li jie she qu	4
粉铺	fen pu	3
粗坑	cu keng	18
粗石坑	cu shi keng	4
粟特文	su te wen	18
粤东会馆	yue dong hui guan	9
粤北医院	yue bei yi yuan	7
粤北工业开发区	yue bei gong ye kai fa qu	5
粤华园	yue hua yuan	2
粤华西	yue hua xi	3
粤汉街道	yue han jie dao	3
粤海花园	yue hai hua yuan	2
粤秀松涛	yue xiu song tao	3
粤秀连峰	yue xiu lian feng	3
粪厂	fen chang	3
粮丰街	liang feng jie	4
粮机厂	liang ji chang	4
粮校	liang xiao	6
粮油市场	liang you shi chang	11
粮油机械厂	liang you ji xie chang	1
粮管所	liang guan suo	1
粮道街	liang dao jie	19
粮食加工厂	liang shi jia gong chang	2
粮食店街	liang shi dian jie	6
粱山	liang shan	3
粽粑乡	zong ba xiang	4
精武门	jing wu men	17
精河	jing he	29
精细化工厂	jing xi hua gong chang	8
精英大厦	jing ying da sha	3
糖坊	tang fang	2
糖坊巷	tang fang xiang	4
糖坊廊	tang fang lang	3
糖坊桥	tang fang qiao	1
糖房	tang fang	3
糖房大院	tang fang da yuan	2
糖果厂	tang guo chang	10
糖烟酒	tang yan jiu	1
糖烟酒公司	tang yan jiu gong si	2
糟坊巷	zao fang xiang	3
素抓饭	su zhua fan	2
素社街道	su she jie dao	5
素龙街道	su long jie dao	1
索加乡	suo jia xiang	6
索呼日麻乡	suo hu ri ma xiang	2
索家坟	suo jia fen	5
索家坟村	suo jia fen cun	2
索家坟第二社区	suo jia fen di er she qu	2
索池乡	suo chi xiang	3
索溪峪土家族乡	suo xi yu tu jia zu xiang	4
索罟群岛	suo gu qun dao	1
索雄乡	suo xiong xiang	2
紧倒	jin dao	8
紫云小区	zi yun xiao qu	4
紫云山	zi yun shan	9
紫云村	zi yun cun	5
紫云社区	zi yun she qu	4
紫云花园	zi yun hua yuan	6
紫光园	zi guang yuan	4
紫光国际交流中心	zi guang guo ji jiao liu zhong xin	4
紫光路	zi guang lu	3
紫南家园	zi nan jia yuan	6
紫南家园北站	zi nan jia yuan bei zhan	2
紫南家园社区	zi nan jia yuan she qu	3
紫南市场	zi nan shi chang	3
紫各庄村	zi ge zhuang cun	4
紫坊畔乡	zi fang pan xiang	3
紫山	zi shan	7
紫山村	zi shan cun	3
紫帽	zi mao	11
紫微星	zi wei xing	7
紫微路	zi wei lu	3
紫星	zi xing	5
紫松	zi song	4
紫林庵	zi lin an	7
紫江路	zi jiang lu	2
紫沙路	zi sha lu	2
紫泉	zi quan	2
紫湖	zi hu	2
紫湖村	zi hu cun	3
紫琅	zi lang	1
紫竹北街	zi zhu bei jie	5
紫竹园	zi zhu yuan	3
紫竹园公园	zi zhu yuan gong yuan	3
紫竹桥	zi zhu qiao	11
紫竹桥北	zi zhu qiao bei	3
紫竹桥南	zi zhu qiao nan	4
紫竹苑	zi zhu yuan	2
紫竹院	zi zhu yuan	25
紫竹院公园	zi zhu yuan gong yuan	3
紫竹院南门	zi zhu yuan nan men	5
紫竹院社区	zi zhu yuan she qu	3
紫罗	zi luo	3
紫美村	zi mei cun	3
紫花路	zi hua lu	5
紫芳园社区	zi fang yuan she qu	4
紫芳路	zi fang lu	4
紫苑小区	zi yuan xiao qu	6
紫荆北路	zi jing bei lu	2
紫荆南路	zi jing nan lu	4
紫荆园	zi jing yuan	8
紫荆树	zi jing shu	5
紫荆花路南口	zi jing hua lu nan kou	4
紫荆苑	zi jing yuan	3
紫荆街	zi jing jie	4
紫荆西路	zi jing xi lu	1
紫荆西路创业路口	zi jing xi lu chuang ye lu kou	3
紫荆路	zi jing lu	7
紫菘枫林上城	zi song feng lin shang cheng	3
紫薇东路	zi wei dong lu	1
紫薇二村	zi wei er cun	2
紫薇园	zi wei yuan	7
紫薇城市花园	zi wei cheng shi hua yuan	1
紫薇田园都市	zi wei tian yuan du shi	8
紫薇花园	zi wei hua yuan	1
紫薇苑	zi wei yuan	5
紫薇阁	zi wei ge	5
紫藤花园	zi teng hua yuan	4
紫金南苑	zi jin nan yuan	6
紫金山大酒店	zi jin shan da jiu dian	5
紫金山路	zi jin shan lu	1
紫金路	zi jin lu	1
紫鑫中华广场	zi xin zhong hua guang chang	6
紫鑫城	zi xin cheng	4
紫阳立交桥	zi yang li jiao qiao	4
紫阳花苑	zi yang hua yuan	1
紫阳街	zi yang jie	3
紫霞湖	zi xia hu	2
紫鹃新村	zi juan xin cun	3
綦村镇	qi cun zhen	4
綦江县	qi jiang xian	36
綦江县人民政府	qi jiang xian ren min zheng fu	1
繁华大道	fan hua da dao	17
繁华里	fan hua li	1
红下	hong xia	6
红专	hong zhuan	48
红专南路	hong zhuan nan lu	8
红专路小区	hong zhuan lu xiao qu	3
红东	hong dong	6
红丝乡	hong si xiang	2
红中村	hong zhong cun	4
红丰家园	hong feng jia yuan	3
红丰新村	hong feng xin cun	2
红丰村	hong feng cun	1
红丰路	hong feng lu	2
红井	hong jing	3
红井胡同	hong jing hu tong	2
红亮垦殖场	hong liang ken zhi chang	2
红会医院	hong hui yi yuan	7
红光广场	hong guang guang chang	5
红光港机	hong guang gang ji	2
红光胡同	hong guang hu tong	3
红光路	hong guang lu	2
红光路口	hong guang lu kou	3
红光里	hong guang li	5
红兴隆分局	hong xing long fen ju	4
红其拉甫	hong qi la fu	10
红军街道	hong jun jie dao	2
红冠	hong guan	7
红勤	hong qin	3
红卫化工厂	hong wei hua gong chang	2
红卫桥	hong wei qiao	7
红卫煤矿	hong wei mei kuang	5
红印村	hong yin cun	2
红原	hong yuan	43
红古	hong gu	24
红台乡	hong tai xiang	1
红叶大酒店	hong ye da jiu dian	4
红叶路	hong ye lu	6
红合路口	hong he lu kou	2
红四乡	hong si xiang	4
红土坡	hong tu po	5
红土山	hong tu shan	1
红土店社区	hong tu dian she qu	3
红土梁镇	hong tu liang zhen	1
红土湾村	hong tu wan cun	3
红坎	hong kan	1
红垦农场	hong ken nong chang	3
红堡	hong bao	38
红塔寺	hong ta si	3
红塔村	hong ta cun	4
红墙巷	hong qiang xiang	4
红墩界镇	hong dun jie zhen	5
红安	hong an	48
红宝苗族彝族乡	hong bao miao zu yi zu xiang	2
红宫	hong gong	33
红寺	hong si	46
红寺堡开发区	hong si bao kai fa qu	5
红居社区	hong ju she qu	2
红山东路	hong shan dong lu	7
红山公园	hong shan gong yuan	1
红山农场	hong shan nong chang	2
红山半岛	hong shan ban dao	2
红山口	hong shan kou	15
红山嘴子	hong shan zui zi	1
红山坡	hong shan po	2
红山市场	hong shan shi chang	1
红山村	hong shan cun	4
红山林场	hong shan lin chang	2
红山游泳馆	hong shan you yong guan	5
红山站	hong shan zhan	12
红山脚下	hong shan jiao xia	6
红山街	hong shan jie	6
红山西路	hong shan xi lu	6
红山路南	hong shan lu nan	3
红山邮局	hong shan you ju	4
红岗	hong gang	8
红岗花园	hong gang hua yuan	4
红岗街道	hong gang jie dao	2
红岗路	hong gang lu	1
红岩村	hong yan cun	21
红岩胡同	hong yan hu tong	3
红岭	hong ling	29
红岭中学	hong ling zhong xue	1
红岭中路	hong ling zhong lu	3
红岭大厦	hong ling da sha	5
红岭小学	hong ling xiao xue	6
红岭村委会	hong ling cun wei hui	2
红岭林场	hong ling lin chang	3
红庄村	hong zhuang cun	1
红庆河镇	hong qing he zhen	4
红庙北里社区	hong miao bei li she qu	5
红庙坡	hong miao po	7
红庙子	hong miao zi	9
红庙子街道	hong miao zi jie dao	1
红庙山	hong miao shan	3
红庙村村委会	hong miao cun cun wei hui	3
红庙街	hong miao jie	5
红彦镇	hong yan zhen	1
红扎乡	hong zha xiang	1
红旗东路	hong qi dong lu	1
红旗中路	hong qi zhong lu	4
红旗北路	hong qi bei lu	1
红旗医院	hong qi yi yuan	2
红旗南路	hong qi nan lu	6
红旗厂	hong qi chang	5
红旗商店	hong qi shang dian	4
红旗坡	hong qi po	7
红旗大道	hong qi da dao	1
红旗大队	hong qi da dui	1
红旗客运站	hong qi ke yun zhan	3
红旗宾馆	hong qi bin guan	3
红旗小学	hong qi xiao xue	3
红旗居委会	hong qi ju wei hui	4
红旗市场	hong qi shi chang	1
红旗机械厂	hong qi ji xie chang	5
红旗村	hong qi cun	20
红旗桥	hong qi qiao	3
红旗楼	hong qi lou	4
红旗水库	hong qi shui ku	20
红旗河沟	hong qi he gou	24
红旗电影院	hong qi dian ying yuan	2
红旗电缆	hong qi dian lan	5
红旗砖厂	hong qi zhuan chang	2
红旗糖厂	hong qi tang chang	3
红旗营乡	hong qi ying xiang	3
红旗西站	hong qi xi zhan	4
红旗路	hong qi lu	21
红旗路电脑城	hong qi lu dian nao cheng	5
红旗车站	hong qi che zhan	3
红日路	hong ri lu	3
红星北路	hong xing bei lu	5
红星医院	hong xing yi yuan	7
红星场	hong xing chang	4
红星大市场	hong xing da shi chang	1
红星学校	hong xing xue xiao	6
红星居委会	hong xing ju wei hui	1
红星桥	hong xing qiao	13
红星牧场	hong xing mu chang	1
红星站	hong xing zhan	5
红星胡同	hong xing hu tong	4
红星路	hong xing lu	36
红星路一段	hong xing lu yi duan	2
红星路二段	hong xing lu er duan	1
红星路口	hong xing lu kou	7
红星路广场	hong xing lu guang chang	7
红星路广场北	hong xing lu guang chang bei	4
红星路广场南	hong xing lu guang chang nan	4
红星路旁	hong xing lu pang	3
红春	hong chun	3
红木工艺厂	hong mu gong yi chang	4
红松路	hong song lu	12
红果乡	hong guo xiang	1
红果寺	hong guo si	2
红果彝族乡	hong guo yi zu xiang	1
红枫苑	hong feng yuan	3
红柳泉	hong liu quan	4
红柳路	hong liu lu	4
红树林花园	hong shu lin hua yuan	2
红桂路	hong gui lu	1
红桥北大街	hong qiao bei da jie	3
红桥垦殖场	hong qiao ken zhi chang	3
红桥头	hong qiao tou	2
红桥街道	hong qiao jie dao	4
红梅假日花苑	hong mei jia ri hua yuan	2
红梅小区	hong mei xiao qu	2
红梅小学	hong mei xiao xue	3
红梅新村	hong mei xin cun	5
红梅社区	hong mei she qu	6
红梅路	hong mei lu	4
红森公寓	hong sen gong yu	3
红椿土家族乡	hong chun tu jia zu xiang	4
红欣园林	hong xin yuan lin	3
红民村	hong min cun	2
红民村社区	hong min cun she qu	2
红水河镇	hong shui he zhen	2
红池坝经济开发区	hong chi ba jing ji kai fa qu	2
红沙坡	hong sha po	4
红沙沟	hong sha gou	3
红河大道	hong he da dao	6
红泉镇	hong quan zhen	3
红泥沟	hong ni gou	1
红海东路	hong hai dong lu	2
红海湾经济开发区	hong hai wan jing ji kai fa qu	5
红海西路	hong hai xi lu	4
红涂	hong tu	2
红湖	hong hu	10
红湖街	hong hu jie	4
红烧大雁	hong shao da yan	3
红煤厂	hong mei chang	1
红照壁	hong zhao bi	10
红照壁街	hong zhao bi jie	1
红牌楼	hong pai lou	49
红牌楼街道	hong pai lou jie dao	7
红瓦寺	hong wa si	17
红瓦房	hong wa fang	1
红生	hong sheng	7
红甸回族乡	hong dian hui zu xiang	1
红眼川乡	hong yan chuan xiang	4
红石山	hong shi shan	1
红石岭	hong shi ling	3
红石崖乡	hong shi ya xiang	2
红石村	hong shi cun	4
红石板	hong shi ban	1
红石板新村	hong shi ban xin cun	4
红石桥	hong shi qiao	4
红石湾	hong shi wan	4
红砖场	hong zhuan chang	4
红砖桥	hong zhuan qiao	2
红缨路	hong ying lu	1
红罗村	hong luo cun	14
红羊乡	hong yang xiang	4
红耀	hong yao	5
红耀乡	hong yao xiang	6
红联	hong lian	26
红联东村社区	hong lian dong cun she qu	2
红花东路	hong hua dong lu	3
红花南路	hong hua nan lu	4
红花园	hong hua yuan	2
红花地	hong hua di	2
红花坡	hong hua po	6
红花坪	hong hua ping	4
红花堰	hong hua yan	4
红花尔基镇	hong hua er ji zhen	4
红花山	hong hua shan	8
红花岗	hong hua gang	13
红草	hong cao	1
红荔路	hong li lu	9
红莫依达乡	hong mo yi da xiang	2
红莫镇	hong mo zhen	4
红莲中里	hong lian zhong li	4
红莲南路	hong lian nan lu	12
红莲南里	hong lian nan li	2
红菱新村	hong ling xin cun	6
红螺寺	hong luo si	34
红角洲管理处	hong jiao zhou guan li chu	4
红豆林	hong dou lin	4
红豆树	hong dou shu	27
红路头	hong lu tou	2
红辣子	hong la zi	4
红进塔	hong jin ta	3
红道乡	hong dao xiang	4
红里山村	hong li shan cun	2
红钢城街道	hong gang cheng jie dao	4
红门河乡	hong men he xiang	2
红阳	hong yang	16
红阳村	hong yang cun	1
红阳水库	hong yang shui ku	2
红阳街道	hong yang jie dao	5
红陵旭日	hong ling xu ri	5
红雁池	hong yan chi	6
红雁街道	hong yan jie dao	4
红顶	hong ding	35
红领巾公园	hong ling jin gong yuan	3
红领巾桥北	hong ling jin qiao bei	3
红领巾桥南	hong ling jin qiao nan	5
红首	hong shou	4
红骥牧场	hong ji mu chang	2
红龙乡	hong long xiang	2
红龙庙	hong long miao	4
约巴乡	yue ba xiang	1
约改滩	yue gai tan	2
约改镇	yue gai zhen	4
纪台	ji tai	1
纪家	ji jia	20
纪家庙	ji jia miao	7
纪庄	ji zhuang	4
纪庄子	ji zhuang zi	5
纪念街	ji nian jie	3
纪念路	ji nian lu	7
纪念馆路	ji nian guan lu	2
纪昌庄乡	ji chang zhuang xiang	2
纪王镇	ji wang zhen	4
纪畔乡	ji pan xiang	4
纪窑村	ji yao cun	2
纪蕴路	ji yun lu	1
纬一路	wei yi lu	6
纬七路	wei qi lu	4
纬三路	wei san lu	22
纬二十九街	wei er shi jiu jie	1
纬二街	wei er jie	8
纬二路	wei er lu	37
纬五路	wei wu lu	25
纬什街	wei shen jie	7
纬四街道	wei si jie dao	3
纯复乡	chun fu xiang	2
纯正路	chun zheng lu	2
纯水岸	chun shui an	8
纯阳观街	chun yang guan jie	4
纱厂路	sha chang lu	2
纱场	sha chang	4
纱帽北街	sha mao bei jie	4
纱帽村	sha mao cun	4
纱帽街	sha mao jie	7
纲手	gang shou	48
纳久乡	na jiu xiang	2
纳塔乡	na ta xiang	2
纳太	na tai	3
纳尔巴格街道	na er ba ge jie dao	2
纳新桥	na xin qiao	1
纳木错乡	na mu cuo xiang	3
纳林希里镇	na lin xi li zhen	2
纳林镇	na lin zhen	2
纳浪乡	na lang xiang	3
纳溪	na xi	38
纳溪县	na xi xian	6
纳直乡	na zhi xiang	1
纳福胡同	na fu hu tong	4
纳翁乡	na weng xiang	3
纳雍	na yong	21
纳雍乡	na yong xiang	3
纸坊	zhi fang	35
纸坊村	zhi fang cun	1
纸寮	zhi liao	8
纸房镇	zhi fang zhen	3
纸槽村	zhi cao cun	2
纸筋厂	zhi jin chang	2
纸箱厂	zhi xiang chang	3
纺五路	fang wu lu	5
纺北路	fang bei lu	7
纺建路	fang jian lu	6
纺机厂	fang ji chang	2
纺机市场	fang ji shi chang	3
纺校	fang xiao	3
纺科路	fang ke lu	5
纺纱厂	fang sha chang	28
纺织城枣园刘村	fang zhi cheng zao yuan liu cun	4
纺织城火车站	fang zhi cheng huo che zhan	1
纺织城街道	fang zhi cheng jie dao	1
纺织城鹿塬街	fang zhi cheng lu yuan jie	4
纺织基地	fang zhi ji di	1
纺织学校	fang zhi xue xiao	3
纺织学院	fang zhi xue yuan	7
纺织服装学院	fang zhi fu zhuang xue yuan	1
纺织站	fang zhi zhan	4
纺织路	fang zhi lu	2
纺织路街道	fang zhi lu jie dao	4
纽家巷	niu jia xiang	3
线务局	xian wu ju	3
线坑	xian keng	25
线材厂	xian cai chang	1
线路名	xian lu ming	33
线路新村	xian lu xin cun	6
绀村	gan cun	4
组织部招待所	zu zhi bu zhao dai suo	2
绅园	shen yuan	3
细沙	xi sha	46
细沙乡	xi sha xiang	3
细河	xi he	14
细滘	xi jiao	1
细滘居委会	xi jiao ju wei hui	4
细瓦厂	xi wa chang	3
细瓦厂南门	xi wa chang nan men	2
细管胡同	xi guan hu tong	6
细米巷	xi mi xiang	2
织女泉	zhi nv quan	2
织机坊	zhi ji fang	3
织机街	zhi ji jie	4
绍兴一中	shao xing yi zhong	7
绍兴中	shao xing zhong	4
绍兴中专	shao xing zhong zhuan	3
绍兴二	shao xing er	41
绍兴剧院	shao xing ju yuan	2
绍兴图书馆	shao xing tu shu guan	1
绍兴日报社	shao xing ri bao she	4
绍兴路	shao xing lu	24
绍兴路北口	shao xing lu bei kou	3
绍兴路口	shao xing lu kou	5
绍兴道	shao xing dao	1
绍家坡	shao jia po	4
经一路	jing yi lu	10
经七路	jing qi lu	11
经九路	jing jiu lu	9
经九路南段	jing jiu lu nan duan	4
经二路	jing er lu	15
经兜村	jing dou cun	2
经六街	jing liu jie	3
经华南路	jing hua nan lu	6
经华路	jing hua lu	3
经口	jing kou	7
经岭村	jing ling cun	3
经建乡	jing jian xiang	5
经开区城南街道	jing kai qu cheng nan jie dao	3
经开区管委会	jing kai qu guan wei hui	9
经武门	jing wu men	4
经泽大厦	jing ze da sha	3
经济大厦	jing ji da sha	8
经济开发区办事处	jing ji kai fa qu ban shi chu	4
经济开发新区	jing ji kai fa xin qu	4
经济开发试验区	jing ji kai fa shi yan qu	4
经济技术开发区开发区	jing ji ji shu kai fa qu kai fa qu	3
经济技术开发区沿湖	jing ji ji shu kai fa qu yan hu	3
经济技术开发区通海路	jing ji ji shu kai fa qu tong hai lu	2
经济港	jing ji gang	2
经管学院	jing guan xue yuan	39
经纬厂	jing wei chang	2
经贸学校	jing mao xue xiao	2
经贸学院	jing mao xue yuan	30
绒庄新村	rong zhuang xin cun	5
绒盖	rong gai	8
绒盖乡	rong gai xiang	2
绒线胡同	rong xian hu tong	6
绒辖乡	rong xia xiang	8
结印	jie yin	21
结多乡	jie duo xiang	4
结斯乡	jie si xiang	3
结核医院	jie he yi yuan	1
结核病医院	jie he bing yi yuan	17
结研所	jie yan suo	1
绕城路口	rao cheng lu kou	4
绕金乡	rao jin xiang	2
统一路	tong yi lu	6
统军庄	tong jun zhuang	2
统建大江园	tong jian da jiang yuan	5
统建楼	tong jian lou	9
统景	tong jing	35
统溪河乡	tong xi he xiang	5
统管办	tong guan ban	9
统部镇	tong bu zhen	1
统里村	tong li cun	3
绣山	xiu shan	4
绣林街道	xiu lin jie dao	4
绥中路	sui zhong lu	4
绥化县	sui hua xian	12
绥化地区	sui hua di qu	2
绥棱	sui leng	37
绥江道	sui jiang dao	3
绥滨	sui bin	23
绥芬河市	sui fen he shi	45
绦儿胡同	tao er hu tong	2
绩溪路	ji xi lu	1
绮陌乡	qi mo xiang	4
绰尔河农场	chuo er he nong chang	2
绳匠胡同	sheng jiang hu tong	2
绳金塔街道	sheng jin ta jie dao	2
维古乡	wei gu xiang	1
维吾尔玉其温乡	wei wu er yu qi wen xiang	6
维城乡	wei cheng xiang	3
维它	wei ta	4
维山乡	wei shan xiang	5
维新村	wei xin cun	4
绵中	mian zhong	35
绵扎	mian zha	4
绵竹县	mian zhu xian	14
绵竹市	mian zhu shi	26
绵羊山	mian yang shan	3
绷起	beng qi	18
综合农场	zong he nong chang	7
综合场	zong he chang	3
综合垦殖场	zong he ken zhi chang	2
综合市场	zong he shi chang	15
综合执法局	zong he zhi fa ju	6
绿东村街道	lv dong cun jie dao	7
绿丰家园	lv feng jia yuan	4
绿化基地	lv hua ji di	8
绿园度假村	lv yuan du jia cun	3
绿园爱舍	lv yuan ai she	3
绿地世纪城	lv di shi ji cheng	19
绿地医院	lv di yi yuan	1
绿城西子	lv cheng xi zi	6
绿塘乡	lv tang xiang	3
绿岛公园	lv dao gong yuan	2
绿岛华庭	lv dao hua ting	3
绿岛家园	lv dao jia yuan	5
绿川小区	lv chuan xiao qu	2
绿建	lv jian	13
绿春	lv chun	33
绿景二路	lv jing er lu	5
绿景小区	lv jing xiao qu	4
绿景花园	lv jing hua yuan	1
绿杨新村	lv yang xin cun	1
绿杨桥	lv yang qiao	3
绿水种畜场	lv shui zhong chu chang	4
绿洲家园	lv zhou jia yuan	7
绿洲湾公寓	lv zhou wan gong yu	2
绿洲花园	lv zhou hua yuan	8
绿源林场	lv yuan lin chang	1
绿色停车场	lv se ting che chang	5
绿色家园	lv se jia yuan	11
绿色油化之都	lv se you hua zhi du	6
绿苑	lv yuan	29
绿苑小区	lv yuan xiao qu	7
绿苑晨光	lv yuan chen guang	2
绿苑路	lv yuan lu	4
绿茵园小区	lv yin yuan xiao qu	2
绿茵小区	lv yin xiao qu	5
绿茵阁	lv yin ge	20
绿荫西区	lv yin xi qu	3
绿都	lv du	11
绿都花园	lv du hua yuan	4
绿韵康城	lv yun kang cheng	5
缎库胡同	duan ku hu tong	1
缙云山	jin yun shan	38
缝纫机二厂	feng ren ji er chang	3
缝纫机厂	feng ren ji chang	8
缠头	chan tou	17
缤纷路	bin fen lu	4
缫丝厂	sao si chang	12
缸套厂	gang tao chang	3
缸瓦市	gang wa shi	2
缸窑	gang yao	3
缺塘	que tang	3
缺塘社区	que tang she qu	3
罐儿胡同	guan er hu tong	2
罐坝乡	guan ba xiang	4
罐头嘴镇	guan tou zui zhen	7
罐子乡	guan zi xiang	5
罐子窑镇	guan zi yao zhen	3
网山	wang shan	4
网山村	wang shan cun	4
网巾市	wang jin shi	7
网络中心	wang luo zhong xin	33
网络小组	wang luo xiao zu	6
网龙公司	wang long gong si	1
罕艾日克乡	han ai ri ke xiang	4
罕达汽镇	han da qi zhen	3
罕达盖苏木	han da gai su mu	1
罗东村	luo dong cun	2
罗云淑	luo yun shu	5
罗依乡	luo yi xiang	4
罗儿胡同	luo er hu tong	2
罗免彝族苗族乡	luo mian yi zu miao zu xiang	3
罗内村	luo nei cun	2
罗南大道	luo nan da dao	6
罗南镇	luo nan zhen	4
罗古村	luo gu cun	3
罗台	luo tai	3
罗圈胡同	luo quan hu tong	1
罗场乡	luo chang xiang	3
罗坪	luo ping	10
罗城县	luo cheng xian	7
罗城路	luo cheng lu	2
罗埠村	luo bu cun	2
罗塔坪乡	luo ta ping xiang	5
罗塘	luo tang	3
罗奇营	luo qi ying	4
罗妥乡	luo tuo xiang	4
罗子山乡	luo zi shan xiang	4
罗子山瑶族乡	luo zi shan yao zu xiang	7
罗宗	luo zong	29
罗定县	luo ding xian	2
罗定邦中学	luo ding bang zhong xue	11
罗家井	luo jia jing	1
罗家井胡同	luo jia jing hu tong	4
罗家园	luo jia yuan	3
罗家坝	luo jia ba	4
罗家坡	luo jia po	6
罗家坪	luo jia ping	3
罗家大桥	luo jia da qiao	2
罗家大院	luo jia da yuan	6
罗家寨	luo jia zhai	1
罗家庄	luo jia zhuang	5
罗家店	luo jia dian	3
罗家店子	luo jia dian zi	2
罗家村	luo jia cun	7
罗家桥	luo jia qiao	1
罗家沟	luo jia gou	1
罗家湾	luo jia wan	8
罗家碾	luo jia nian	6
罗家胡同	luo jia hu tong	6
罗家路	luo jia lu	7
罗家院	luo jia yuan	5
罗家院子	luo jia yuan zi	4
罗家集乡	luo jia ji xiang	2
罗屋	luo wu	2
罗山川乡	luo shan chuan xiang	2
罗山新村	luo shan xin cun	4
罗山村	luo shan cun	1
罗山溪乡	luo shan xi xiang	3
罗山路	luo shan lu	27
罗岗工业区	luo gang gong ye qu	3
罗岗派出所	luo gang pai chu suo	8
罗岗路	luo gang lu	4
罗岗香雪	luo gang xiang xue	4
罗岩	luo yan	6
罗岩村	luo yan cun	2
罗岭	luo ling	1
罗川乡	luo chuan xiang	3
罗师庄村	luo shi zhuang cun	3
罗庄	luo zhuang	28
罗庄村村委会	luo zhuang cun cun wei hui	2
罗店	luo dian	28
罗戈乡	luo ge xiang	2
罗文村	luo wen cun	4
罗文辉	luo wen hui	2
罗星塔	luo xing ta	8
罗暮乡	luo mu xiang	3
罗村村	luo cun cun	2
罗松	luo song	10
罗水	luo shui	6
罗水乡	luo shui xiang	5
罗汉村	luo han cun	5
罗汉路	luo han lu	4
罗江路	luo jiang lu	3
罗沙公路	luo sha gong lu	7
罗沙市场	luo sha shi chang	5
罗沙路	luo sha lu	4
罗波乡	luo bo xiang	3
罗洞	luo dong	3
罗洞村	luo dong cun	4
罗浮路	luo fu lu	6
罗渡苗族乡	luo du miao zu xiang	3
罗湖中学	luo hu zhong xue	6
罗湖区委	luo hu qu wei	8
罗湖区看守所	luo hu qu kan shou suo	1
罗湖口岸	luo hu kou an	34
罗湖小学	luo hu xiao xue	5
罗湖汽车站	luo hu qi che zhan	1
罗源湾开发区	luo yuan wan kai fa qu	4
罗溪	luo xi	49
罗溪村	luo xi cun	3
罗玛镇	luo ma zhen	4
罗田路	luo tian lu	1
罗秀娟	luo xiu juan	3
罗秀路	luo xiu lu	1
罗芳村	luo fang cun	2
罗芳路	luo fang lu	5
罗苏乡	luo su xiang	4
罗裳	luo chang	5
罗裳社区	luo chang she qu	2
罗贤胡同	luo xian hu tong	2
罗车胡同	luo che hu tong	3
罗道庄	luo dao zhuang	1
罗里乡	luo li xiang	1
罗铺垦殖场	luo pu ken zhi chang	2
罗阳	luo yang	49
罗阳一村	luo yang yi cun	3
罗阳山	luo yang shan	4
罗阳新村	luo yang xin cun	3
罗阳路	luo yang lu	6
罗香路	luo xiang lu	4
罗马公寓	luo ma gong yu	3
罗马环岛	luo ma huan dao	5
罗马花园	luo ma hua yuan	2
罗龙	luo long	7
署前街	shu qian jie	4
羊三木乡	yang san mu xiang	3
羊下水	yang xia shui	1
羊二庄回族镇	yang er zhuang hui zu zhen	3
羊儿疯	yang er feng	3
羊口	yang kou	11
羊古岭	yang gu ling	3
羊台子	yang tai zi	3
羊各庄	yang ge zhuang	3
羊各庄村	yang ge zhuang cun	3
羊圈头	yang juan tou	4
羊圈头村	yang juan tou cun	5
羊圈胡同	yang juan hu tong	4
羊场村	yang chang cun	5
羊场苗族彝族乡	yang chang miao zu yi zu xiang	2
羊坝头	yang ba tou	2
羊城八景	yang cheng ba jing	5
羊城晚报社	yang cheng wan bao she	2
羊头山	yang tou shan	3
羊头崖乡	yang tou ya xiang	3
羊子	yang zi	36
羊尾巴胡同	yang yi ba hu tong	2
羊山公园	yang shan gong yuan	2
羊岑乡	yang cen xiang	3
羊岭镇	yang ling zhen	3
羊市口	yang shi kou	2
羊市塔	yang shi ta	3
羊市街	yang shi jie	5
羊房胡同	yang fang hu tong	5
羊桥土家族乡	yang qiao tu jia zu xiang	2
羊毛湖	yang mao hu	4
羊毛滩	yang mao tan	3
羊毛胡同	yang mao hu tong	2
羊毛衫二厂	yang mao shan er chang	3
羊永乡	yang yong xiang	3
羊沙乡	yang sha xiang	3
羊牯塘街道	yang gu tang jie dao	6
羊皮市	yang pi shi	2
羊群沟乡	yang qun gou xiang	6
羊肉胡同	yang rou hu tong	2
羊肉馅	yang rou xian	41
羊草沟村	yang cao gou cun	5
羊角坑	yang jiao keng	4
羊角村	yang jiao cun	11
羊角沟	yang jiao gou	6
羊角灯胡同	yang jiao deng hu tong	2
羊蹄子	yang ti zi	9
羊额	yang e	1
羊额市场	yang e shi chang	2
羊额村	yang e cun	3
羌纳乡	qiang na xiang	4
美东	mei dong	12
美丽嘉园	mei li jia yuan	4
美丽园	mei li yuan	7
美丽新世界	mei li xin shi jie	40
美丽湾	mei li wan	17
美亭	mei ting	5
美人沟	mei ren gou	5
美仁	mei ren	25
美仁村	mei ren cun	2
美仑村	mei lun cun	2
美内	mei nei	5
美内村	mei nei cun	3
美升	mei sheng	4
美升村	mei sheng cun	2
美博城	mei bo cheng	15
美卿	mei qing	16
美卿村	mei qing cun	3
美园	mei yuan	36
美塘村	mei tang cun	1
美女献花	mei nv xian hua	3
美好花园	mei hao hua yuan	1
美居物流园	mei ju wu liu yuan	8
美山	mei shan	6
美山村	mei shan cun	12
美岭	mei ling	1
美岭村	mei ling cun	4
美岱召	mei dai zhao	2
美庄	mei zhuang	3
美庄村	mei zhuang cun	3
美政桥	mei zheng qiao	2
美政花苑	mei zheng hua yuan	4
美政路	mei zheng lu	6
美景园	mei jing yuan	6
美景天城	mei jing tian cheng	3
美景道	mei jing dao	3
美术馆站	mei shu guan zhan	20
美林东苑	mei lin dong yuan	2
美林园	mei lin yuan	4
美林社区	mei lin she qu	2
美林镇	mei lin zhen	3
美欣家园	mei xin jia yuan	3
美沃乡	mei wo xiang	5
美法	mei fa	11
美洋	mei yang	5
美洋村	mei yang cun	3
美洲花园	mei zhou hua yuan	2
美涂士	mei tu shi	7
美湖	mei hu	7
美溪村	mei xi cun	2
美潭	mei tan	3
美玉乡	mei yu xiang	3
美甘乡	mei gan xiang	2
美莲村	mei lian cun	3
美菱大道	mei ling da dao	1
美西村	mei xi cun	1
美达	mei da	9
美迪克	mei di ke	2
美都	mei du	10
美都广场	mei du guang chang	3
美都新村	mei du xin cun	2
美里湖街道	mei li hu jie dao	6
美顶	mei ding	5
美顶村	mei ding cun	2
美食城路口	mei shi cheng lu kou	3
美食长廊	mei shi chang lang	7
羡塘乡	xian tang xiang	1
群众路	qun zhong lu	3
群利镇	qun li zhen	4
群力村	qun li cun	1
群力胡同	qun li hu tong	10
群山村	qun shan cun	2
群山社区	qun shan she qu	3
群峰乡	qun feng xiang	4
群峰村	qun feng cun	3
群峰社区	qun feng she qu	3
群强村	qun qiang cun	5
群益	qun yi	17
群益村	qun yi cun	6
群益街	qun yi jie	3
群石	qun shi	2
群联	qun lian	5
群艺馆	qun yi guan	3
群芳园	qun fang yuan	6
群芳路	qun fang lu	2
群英中路	qun ying zhong lu	1
群英北路	qun ying bei lu	3
群英巷	qun ying xiang	2
群英村	qun ying cun	6
群英路	qun ying lu	4
群贤村	qun xian cun	1
群青	qun qing	37
群青村	qun qing cun	4
羲皇大道	xi huang da dao	1
羽山路	yu shan lu	15
羽林街道	yu lin jie dao	3
羽绒市场	yu rong shi chang	5
翁丽丽	weng li li	3
翁到	weng dao	4
翁垟镇	weng yang zhen	5
翁家埠	weng jia bu	2
翁家山村	weng jia shan cun	6
翁家庄	weng jia zhuang	1
翁家营	weng jia ying	6
翁排	weng pai	4
翁源	weng yuan	49
翁祐中学	weng you zhong xue	3
翁达镇	weng da zhen	1
翊武路	yi wu lu	7
翔云	xiang yun	13
翔宇大道	xiang yu da dao	2
翔山	xiang shan	10
翔山村	xiang shan cun	2
翔殷支路	xiang yin zhi lu	3
翔殷路	xiang yin lu	10
翔纬路	xiang wei lu	3
翟丹丹	zhai dan dan	3
翟家	zhai jia	13
翟家庄	zhai jia zhuang	4
翟家沟村	zhai jia gou cun	2
翟山	zhai shan	6
翟山市场	zhai shan shi chang	2
翟庄村委会	zhai zhuang cun wei hui	2
翟里村	zhai li cun	4
翠前新村	cui qian xin cun	1
翠北小学	cui bei xiao xue	5
翠北林场	cui bei lin chang	4
翠华路	cui hua lu	34
翠园街	cui yuan jie	3
翠园路	cui yuan lu	1
翠坑	cui keng	3
翠坑村	cui keng cun	3
翠屏东南	cui ping dong nan	4
翠屏北里小区	cui ping bei li xiao qu	4
翠屏南里	cui ping nan li	3
翠屏国际城	cui ping guo ji cheng	4
翠屏小区	cui ping xiao qu	5
翠屏湖	cui ping hu	1
翠屏湾花园城	cui ping wan hua yuan cheng	4
翠屏路	cui ping lu	3
翠山湖	cui shan hu	2
翠山湖管理委员会	cui shan hu guan li wei yuan hui	2
翠岛花城	cui dao hua cheng	6
翠峦	cui luan	19
翠峰乡	cui feng xiang	5
翠庭园小区	cui ting yuan xiao qu	5
翠庭花园	cui ting hua yuan	4
翠微南里	cui wei nan li	6
翠微南里社区	cui wei nan li she qu	2
翠微市场	cui wei shi chang	4
翠微新村	cui wei xin cun	5
翠微西里	cui wei xi li	5
翠微路	cui wei lu	7
翠微路口	cui wei lu kou	5
翠微路社区	cui wei lu she qu	2
翠景工业区	cui jing gong ye qu	3
翠林一里社区	cui lin yi li she qu	4
翠林三里社区	cui lin san li she qu	6
翠林二里社区	cui lin er li she qu	3
翠林小区	cui lin xiao qu	1
翠柏路	cui bai lu	24
翠柳大街	cui liu da jie	4
翠榕苑	cui rong yuan	2
翠湖山庄	cui hu shan zhuang	3
翠湾	cui wan	9
翠溪路	cui xi lu	4
翠福园小区	cui fu yuan xiao qu	5
翠竹园	cui zhu yuan	8
翠竹园小区	cui zhu yuan xiao qu	7
翠竹小区	cui zhu xiao qu	5
翠竹新村	cui zhu xin cun	6
翠竹苑	cui zhu yuan	1
翠竹路	cui zhu lu	1
翠花胡同	cui hua hu tong	4
翠花苑	cui hua yuan	6
翠苑一区	cui yuan yi qu	7
翠苑三区	cui yuan san qu	1
翠苑三区西	cui yuan san qu xi	3
翠苑二区	cui yuan er qu	1
翠苑五区	cui yuan wu qu	5
翠苑四区	cui yuan si qu	1
翠苑小区	cui yuan xiao qu	2
翠苑新村	cui yuan xin cun	6
翠苑项目	cui yuan xiang mu	3
翠薇	cui wei	23
翠谷玉景苑社区	cui gu yu jing yuan she qu	3
翠阳	cui yang	3
翡翠城小区	fei cui cheng xiao qu	6
翡翠城西区	fei cui cheng xi qu	3
翡翠山庄	fei cui shan zhuang	9
翰林花园	han lin hua yuan	1
翰林路中段	han lin lu zhong duan	4
翰林雅居	han lin ya ju	1
翰苑	han yuan	10
翻身大道	fan shen da dao	3
翻身村	fan shen cun	2
耀华创建大厦	yao hua chuang jian da sha	3
耀华路	yao hua lu	15
耀县	yao xian	41
耀武胡同	yao wu hu tong	4
耀江大酒店	yao jiang da jiu dian	3
耀江广厦	yao jiang guang sha	4
耀江福村	yao jiang fu cun	5
耀隆集团	yao long ji tuan	3
老下陆街道	lao xia lu jie dao	2
老东岳	lao dong yue	1
老东门	lao dong men	8
老井村	lao jing cun	6
老亲娘	lao qin niang	1
老亲爷	lao qin ye	3
老人亭	lao ren ting	6
老人城	lao ren cheng	4
老人山	lao ren shan	2
老兴乡	lao xing xiang	4
老军营	lao jun ying	6
老凤祥首饰厂	lao feng xiang shou shi chang	2
老北门	lao bei men	6
老南	lao nan	6
老厝场	lao cuo chang	2
老古城	lao gu cheng	7
老古城前街社区	lao gu cheng qian jie she qu	3
老古城后街社区	lao gu cheng hou jie she qu	2
老君堂	lao jun tang	3
老君堂南站	lao jun tang nan zhan	3
老君山镇	lao jun shan zhen	2
老君岩	lao jun yan	6
老君殿镇	lao jun dian zhen	1
老围	lao wei	20
老坎	lao kan	2
老坝	lao ba	3
老坟嘴乡	lao fen zui xiang	2
老堡子	lao bao zi	4
老大吴	lao da wu	4
老婆娘	lao po niang	1
老官山	lao guan shan	8
老实巷	lao shi xiang	2
老寨	lao zhai	15
老寨子乡	lao zhai zi xiang	4
老屋下	lao wu xia	4
老屋场	lao wu chang	6
老屋坪村	lao wu ping cun	3
老屋村	lao wu cun	2
老山东里北社区	lao shan dong li bei she qu	3
老山村	lao shan cun	1
老山林场	lao shan lin chang	3
老山沟	lao shan gou	4
老巴子	lao ba zi	11
老干部局	lao gan bu ju	41
老平旺街道	lao ping wang jie dao	5
老年公寓	lao nian gong yu	18
老年医院	lao nian yi yuan	5
老年活动中心	lao nian huo dong zhong xin	10
老庄子	lao zhuang zi	2
老庄村	lao zhuang cun	1
老庄村委会	lao zhuang cun wei hui	2
老庙	lao miao	12
老庙村	lao miao cun	3
老庚	lao geng	5
老成温路口	lao cheng wen lu kou	2
老户	lao hu	4
老木乡	lao mu xiang	2
老木厂	lao mu chang	2
老松林	lao song lin	5
老林镇	lao lin zhen	3
老楼	lao lou	45
老汽车南站	lao qi che nan zhan	3
老汽车站	lao qi che zhan	4
老沪闵路	lao hu min lu	8
老河口市	lao he kou shi	13
老河口村	lao he kou cun	2
老河坝乡	lao he ba xiang	3
老湾回族乡	lao wan hui zu xiang	3
老火葬场	lao huo zang chang	2
老火车站	lao huo che zhan	42
老照壁	lao zhao bi	3
老爷庙	lao ye miao	12
老爷庙乡	lao ye miao xiang	2
老牛湾	lao niu wan	4
老石坎村	lao shi kan cun	2
老窝白族乡	lao wo bai zu xiang	3
老窝铺乡	lao wo pu xiang	3
老站街道	lao zhan jie dao	3
老简	lao jian	4
老粮站	lao liang zhan	6
老羊寨	lao yang zhai	3
老范寨乡	lao fan zhai xiang	3
老药洲	lao yao zhou	1
老菜街	lao cai jie	5
老虎叫	lao hu jiao	4
老虎台街道	lao hu tai jie dao	3
老虎坑	lao hu keng	1
老虎屯满族镇	lao hu tun man zu zhen	2
老虎岭	lao hu ling	3
老虎庙	lao hu miao	4
老虎洞村	lao hu dong cun	3
老虎窝	lao hu wo	3
老虎笼	lao hu long	1
老虎菜	lao hu cai	17
老街村委会	lao jie cun wei hui	3
老街镇	lao jie zhen	2
老西店	lao xi dian	2
老西沟村	lao xi gou cun	3
老西门	lao xi men	33
老观里村	lao guan li cun	1
老贵州	lao gui zhou	3
老钱局胡同	lao qian ju hu tong	3
老闸桥	lao zha qiao	3
老集寨乡	lao ji zhai xiang	4
老鸦庄	lao ya zhuang	1
老鸦桥	lao ya qiao	2
老鸦陈街道	lao ya chen jie dao	1
老鸭滩	lao ya tan	2
老鹰咀	lao ying zui	3
老麦乡	lao mai xiang	4
老鼠仔	lao shu zai	14
老龙坑	lao long keng	8
老龙湾	lao long wan	3
老龙潭	lao long tan	1
老龙窝	lao long wo	4
考后村	kao hou cun	2
者浪乡	zhe lang xiang	1
者竜乡	zhe long xiang	3
者米拉祜族乡	zhe mi la hu zu xiang	1
耇街乡	gou jie xiang	2
耍武	shua wu	3
耐火厂	nai huo chang	3
耐火路	nai huo lu	3
耒阳县	lei yang xian	18
耒阳市	lei yang shi	18
耕管	geng guan	5
耗赖山乡	hao lai shan xiang	1
耙齿沥水库	pa chi li shui ku	4
耳巴子	er ba zi	45
耳朵眼胡同	er duo yan hu tong	3
耿屯	geng tun	2
耿庄	geng zhuang	2
耿庄村村委会	geng zhuang cun cun wei hui	2
耿忠	geng zhong	11
耿湾乡	geng wan xiang	3
耿集	geng ji	5
耿马县	geng ma xian	20
聂各庄	nie ge zhuang	5
聂呷乡	nie ga xiang	3
聂唐乡	nie tang xiang	2
聂家村乡	nie jia cun xiang	1
聂家湾	nie jia wan	3
聂庄	nie zhuang	2
聂拉木	nie la mu	24
聂日雄乡	nie ri xiong xiang	2
聂猛	nie meng	4
聂营镇	nie ying zhen	4
聊城县	liao cheng xian	19
聊城经济开发区	liao cheng jing ji kai fa qu	7
聋哑学校	long ya xue xiao	14
职业介绍中心	zhi ye jie shao zhong xin	9
职业驾校	zhi ye jia xiao	4
职介中心	zhi jie zhong xin	10
职工医院	zhi gong yi yuan	33
职工新村	zhi gong xin cun	7
职工新村街道	zhi gong xin cun jie dao	2
职教中心	zhi jiao zhong xin	28
职教城	zhi jiao cheng	9
职防院	zhi fang yuan	7
联中	lian zhong	41
联中村	lian zhong cun	3
联丰	lian feng	17
联丰新村	lian feng xin cun	5
联丰村	lian feng cun	6
联丰路	lian feng lu	2
联兴大厦	lian xing da sha	2
联兴村	lian xing cun	2
联发乡	lian fa xiang	1
联发大厦	lian fa da sha	2
联合仓库	lian he cang ku	3
联合国世界遗产委员会	lian he guo shi jie yi chan wei yuan hui	6
联合大厦	lian he da sha	4
联合小区	lian he xiao qu	8
联合广场	lian he guang chang	40
联合村	lian he cun	20
联合路	lian he lu	10
联合路口	lian he lu kou	4
联城	lian cheng	6
联塘	lian tang	4
联安村	lian an cun	1
联山	lian shan	4
联山村	lian shan cun	1
联岩村	lian yan cun	3
联庄	lian zhuang	23
联庆	lian qing	1
联建村	lian jian cun	6
联想桥北	lian xiang qiao bei	3
联想桥南	lian xiang qiao nan	4
联托运市场	lian tuo yun shi chang	3
联明路	lian ming lu	5
联星村	lian xing cun	1
联春	lian chun	3
联春村	lian chun cun	3
联桥	lian qiao	1
联民苗族瑶族乡	lian min miao zu yao zu xiang	5
联民路	lian min lu	4
联泰路	lian tai lu	4
联港工业区	lian gang gong ye qu	5
联湖	lian hu	3
联漾村	lian yang cun	3
联盟村	lian meng cun	5
联盟路	lian meng lu	4
联结村	lian jie cun	2
联络新	lian luo xin	5
联群	lian qun	4
联群村	lian qun cun	1
联胜村	lian sheng cun	6
联芳经济园区	lian fang jing ji yuan qu	2
联芳花园	lian fang hua yuan	7
联补乡	lian bu xiang	2
联谊村	lian yi cun	1
联谊路	lian yi lu	7
联通公司	lian tong gong si	9
聚博花园	ju bo hua yuan	5
聚和家园	ju he jia yuan	3
聚奎园	ju kui yuan	2
聚宝新城	ju bao xin cheng	3
聚宝社区	ju bao she qu	3
聚宝门	ju bao men	4
聚星	ju xing	41
聚源商场	ju yuan shang chang	2
聚福园	ju fu yuan	1
聚福山庄	ju fu shan zhuang	3
聚福林	ju fu lin	3
聚胜花园	ju sheng hua yuan	3
聚豪园小区	ju hao yuan xiao qu	3
聚酯厂	ju zhi chang	3
聚阳	ju yang	4
聚龙湾	ju long wan	1
肃北	su bei	19
肃南	su nan	43
肇东县	zhao dong xian	7
肇东市	zhao dong shi	28
肇嘉坪	zhao jia ping	3
肇家坪	zhao jia ping	4
肇家浜路	zhao jia bang lu	1
肇州	zhao zhou	26
肇工街	zhao gong jie	7
肇源农场	zhao yuan nong chang	1
肉抓饭	rou zhua fan	1
肉联厂	rou lian chang	21
肉馅饼	rou xian bing	6
肋巴骨	lei ba gu	2
肖下村	xiao xia cun	2
肖两河村	xiao liang he cun	3
肖劲松	xiao jin song	8
肖厝	xiao cuo	18
肖厝村	xiao cuo cun	4
肖坑	xiao keng	3
肖官营乡	xiao guan ying xiang	2
肖家园街道	xiao jia yuan jie dao	4
肖家坝	xiao jia ba	1
肖家坪	xiao jia ping	6
肖家坳村	xiao jia ao cun	4
肖家村	xiao jia cun	8
肖家桥	xiao jia qiao	6
肖家河	xiao jia he	18
肖家河北街	xiao jia he bei jie	5
肖家河沿街	xiao jia he yan jie	6
肖家河街	xiao jia he jie	6
肖家河街道	xiao jia he jie dao	1
肖家湾	xiao jia wan	1
肖家院子	xiao jia yuan zi	4
肖尔布拉克镇	xiao er bu la ke zhen	5
肖庄	xiao zhuang	5
肖村	xiao cun	5
肖村村	xiao cun cun	2
肖村桥	xiao cun qiao	7
肖村桥西	xiao cun qiao xi	3
肖杰	xiao jie	41
肖桥	xiao qiao	4
肖江	xiao jiang	1
肖瑾	xiao jin	1
肖良乡	xiao liang xiang	2
肖马	xiao ma	8
肛肠医院	gang chang yi yuan	9
肝病医院	gan bing yi yuan	1
肥城市	fei cheng shi	37
肥田乡	fei tian xiang	1
肥西路	fei xi lu	1
育仁里社区	yu ren li she qu	5
育华	yu hua	26
育慧东路	yu hui dong lu	3
育慧北里	yu hui bei li	3
育慧南路	yu hui nan lu	5
育慧西里	yu hui xi li	1
育慧里	yu hui li	5
育才小学	yu cai xiao xue	5
育才路	yu cai lu	23
育才驾校	yu cai jia xiao	3
育新	yu xin	24
育新小区	yu xin xiao qu	1
育新小区北口	yu xin xiao qu bei kou	3
育明高中	yu ming gao zhong	3
育树胡同	yu shu hu tong	2
育民	yu min	20
育民乡	yu min xiang	3
育溪镇	yu xi zhen	5
育爱	yu ai	7
育知路南口	yu zhi lu nan kou	3
育红路	yu hong lu	1
育群胡同	yu qun hu tong	6
育芳胡同	yu fang hu tong	2
育英中学	yu ying zhong xue	19
育英学校	yu ying xue xiao	4
育英街	yu ying jie	6
育路	yu lu	4
育麟桥路	yu lin qiao lu	4
育龙家园	yu long jia yuan	5
育龙家园社区	yu long jia yuan she qu	2
肺科医院	fei ke yi yuan	19
背仔角	bei zi jiao	2
背村	bei cun	12
背湖	bei hu	2
背阴胡同	bei yin hu tong	1
胙城	zuo cheng	35
胜丰新村	sheng feng xin cun	2
胜丰镇	sheng feng zhen	4
胜利一路	sheng li yi lu	2
胜利三路	sheng li san lu	1
胜利东路	sheng li dong lu	15
胜利二路	sheng li er lu	3
胜利公园	sheng li gong yuan	22
胜利剧院	sheng li ju yuan	13
胜利北路	sheng li bei lu	3
胜利南路	sheng li nan lu	6
胜利四路	sheng li si lu	2
胜利大桥	sheng li da qiao	1
胜利大街	sheng li da jie	6
胜利小区	sheng li xiao qu	5
胜利居委会	sheng li ju wei hui	2
胜利屯	sheng li tun	1
胜利新村	sheng li xin cun	9
胜利桥	sheng li qiao	13
胜利桥东	sheng li qiao dong	8
胜利桥北	sheng li qiao bei	1
胜利桥西	sheng li qiao xi	2
胜利街	sheng li jie	23
胜利街居委会	sheng li jie ju wei hui	2
胜利街荣华里	sheng li jie rong hua li	3
胜利街西口	sheng li jie xi kou	4
胜利西路	sheng li xi lu	10
胜利路口	sheng li lu kou	2
胜利路街道办事处	sheng li lu jie dao ban shi chu	5
胜利门	sheng li men	20
胜利队	sheng li dui	3
胜阳港	sheng yang gang	5
胡会乡	hu hui xiang	3
胡力吐蒙古族乡	hu li tu meng gu zu xiang	3
胡厝村	hu cuo cun	3
胡各庄	hu ge zhuang	6
胡吉吐莫	hu ji tu mo	4
胡国彬	hu guo bin	4
胡天才	hu tian cai	3
胡姬花园	hu ji hua yuan	4
胡安定	hu an ding	3
胡家场	hu jia chang	1
胡家庄	hu jia zhuang	3
胡家庙	hu jia miao	2
胡家庙新村	hu jia miao xin cun	2
胡家沟	hu jia gou	4
胡家营	hu jia ying	10
胡家院子	hu jia yuan zi	4
胡尔勒镇	hu er le zhen	4
胡岗村	hu gang cun	4
胡岭村	hu ling cun	3
胡峪	hu yu	4
胡峪乡	hu yu xiang	2
胡川乡	hu chuan xiang	3
胡庄	hu zhuang	4
胡庄村村委会	hu zhuang cun cun wei hui	3
胡底乡	hu di xiang	5
胡店	hu dian	4
胡建新	hu jian xin	7
胡总乡	hu zong xiang	4
胡旋舞	hu xuan wu	16
胡村	hu cun	11
胡杨林场	hu yang lin chang	6
胡林	hu lin	38
胡林家乡	hu lin jia xiang	5
胡沟村	hu gou cun	2
胡清	hu qing	13
胡港	hu gang	2
胡湾里	hu wan li	3
胡王村	hu wang cun	4
胡秀丽	hu xiu li	6
胡腾舞	hu teng wu	1
胡舟	hu zhou	5
胡营	hu ying	2
胡辣羊蹄	hu la yang ti	3
胡里山炮台	hu li shan pao tai	4
胡集	hu ji	6
胡雪岩故居	hu xue yan gu ju	3
胥仓村	xu cang cun	2
胥家湾	xu jia wan	3
胥水镇	xu shui zhen	2
胪雷亭	lu lei ting	2
胪雷村	lu lei cun	6
胭脂巷	yan zhi xiang	2
胭脂河	yan zhi he	1
胭脂胡同	yan zhi hu tong	4
胭脂路	yan zhi lu	3
胭脂镇	yan zhi zhen	2
胯子	kua zi	49
胶北	jiao bei	3
胶南县	jiao nan xian	8
胶南市	jiao nan shi	5
胶县	jiao xian	30
胶合板厂	jiao he ban chang	1
胶州东路	jiao zhou dong lu	4
胶州西路	jiao zhou xi lu	4
胶州路	jiao zhou lu	31
胶莱河	jiao lai he	36
胸科医院	xiong ke yi yuan	37
能仁寺	neng ren si	18
能仁里	neng ren li	7
能科乡	neng ke xiang	1
脏班子	zang ban zi	1
脑包沟村	nao bao gou cun	2
脑木更苏木	nao mu geng su mu	1
脑沟	nao gou	10
脚木足乡	jiao mu zu xiang	3
脚板儿	jiao ban er	5
脚猪	jiao zhu	2
脚肚子	jiao du zi	2
脱骨鸡爪	tuo gu ji zhua	4
腊包尔港	la bao er gang	3
腊子口乡	la zi kou xiang	1
腊山路	la shan lu	6
腊库胡同	la ku hu tong	3
腊树下	la shu xia	3
腊窝乡	la wo xiang	2
腰堡街道	yao pu jie dao	2
腰市镇	yao shi zhen	6
腰庄	yao zhuang	1
腰庄乡	yao zhuang xiang	3
腰庄村	yao zhuang cun	4
腰林毛都镇	yao lin mao du zhen	4
腰路堤	yao lu di	2
腰鼓山	yao gu shan	3
腾云	teng yun	38
腾克镇	teng ke zhen	1
腾达路	teng da lu	4
腾达雅苑	teng da ya yuan	3
腾飞园	teng fei yuan	6
腾飞村	teng fei cun	5
腾飞路	teng fei lu	8
膘尔托阔依乡	biao er tuo kuo yi xiang	5
膺福街	ying fu jie	3
臧家庄	zang jia zhuang	2
臧寨乡	zang zhai xiang	3
臧晶	zang jing	3
自制酸奶	zi zhi suan nai	28
自力村	zi li cun	1
自动化工程学院	zi dong hua gong cheng xue yuan	1
自安村	zi an cun	4
自强小区	zi qiang xiao qu	5
自强街	zi qiang jie	1
自强街道	zi qiang jie dao	4
自强西路	zi qiang xi lu	2
自新路	zi xin lu	5
自有路	zi you lu	1
自治区党校	zi zhi qu dang xiao	1
自治区行政区	zi zhi qu xing zheng qu	7
自治区首府拉萨市	zi zhi qu shou fu la sa shi	1
自清亭	zi qing ting	3
自然岭	zi ran ling	6
自然岭路	zi ran ling lu	4
自由大路	zi you da lu	24
自由街村	zi you jie cun	4
自由道	zi you dao	4
至善街	zhi shan jie	14
致和街	zhi he jie	6
致和街道	zhi he jie dao	3
致富乡	zhi fu xiang	1
舍书乡	she shu xiang	4
舍必崖乡	she bi ya xiang	6
舍联	she lian	2
舍联乡	she lian xiang	5
舒兰县	shu lan xian	5
舒兰市	shu lan shi	33
舒家	shu jia	5
舒家坝乡	shu jia ba xiang	3
舒家村	shu jia cun	5
舒家营街道	shu jia ying jie dao	3
舒心苑	shu xin yuan	4
舒林	shu lin	7
舒溶溪乡	shu rong xi xiang	4
舒郊乡	shu jiao xiang	3
舜德楼	shun de lou	1
舜王	shun wang	3
舜耕	shun geng	43
舞凤街道	wu feng jie dao	5
舞钢区	wu gang qu	3
舞钢市	wu gang shi	6
舞雩乡	wu yu xiang	3
舟山东路	zhou shan dong lu	6
舟山路	zhou shan lu	11
舟曲	zhou qu	31
舟群乡	zhou qun xiang	2
航东路	hang dong lu	27
航中路	hang zhong lu	14
航勘社区	hang kan she qu	2
航北路	hang bei lu	16
航华一村	hang hua yi cun	5
航华二村	hang hua er cun	5
航华四村	hang hua si cun	3
航华新村	hang hua xin cun	12
航南路	hang nan lu	22
航天东路	hang tian dong lu	1
航天中路	hang tian zhong lu	4
航天医院	hang tian yi yuan	7
航天南路	hang tian nan lu	2
航天城北站	hang tian cheng bei zhan	3
航天城南站	hang tian cheng nan zhan	2
航天奇观	hang tian qi guan	6
航天恒星	hang tian heng xing	5
航天桥	hang tian qiao	7
航天桥东	hang tian qiao dong	4
航天桥北	hang tian qiao bei	4
航天桥南	hang tian qiao nan	6
航天桥西	hang tian qiao xi	6
航天西路	hang tian xi lu	5
航天西路北口	hang tian xi lu bei kou	2
航天道	hang tian dao	3
航天部医院	hang tian bu yi yuan	4
航展馆	hang zhan guan	8
航星道	hang xing dao	2
航材院社区	hang cai yuan she qu	2
航标路	hang biao lu	5
航标路口	hang biao lu kou	4
航母世界	hang mu shi jie	1
航海学院	hang hai xue yuan	21
航海道	hang hai dao	1
航空博物馆	hang kong bo wu guan	31
航空大酒店	hang kong da jiu dian	7
航空旅游城	hang kong lv you cheng	2
航空胡同	hang kong hu tong	6
航空路	hang kong lu	18
航运码头	hang yun ma tou	1
航道处	hang dao chu	8
舵落口	duo luo kou	2
舵落口大市场	duo luo kou da shi chang	8
舸舫园	ge fang yuan	5
船厂里	chuan chang li	6
船坑	chuan keng	4
船山路	chuan shan lu	6
船村	chuan cun	5
船板胡同	chuan ban hu tong	1
船溪乡	chuan xi xiang	7
船溪村	chuan xi cun	4
船营	chuan ying	4
船路	chuan lu	3
艮园	gen yuan	6
艮山流水苑	gen shan liu shui yuan	1
艮山福居	gen shan fu ju	4
艮山街道	gen shan jie dao	2
艮山西路口	gen shan xi lu kou	2
艮山路杭海路口	gen shan lu hang hai lu kou	2
良丰农场	liang feng nong chang	1
良乡东关	liang xiang dong guan	4
良乡伟业家园	liang xiang wei ye jia yuan	4
良乡北关	liang xiang bei guan	5
良乡北关北站	liang xiang bei guan bei zhan	3
良乡北关环岛	liang xiang bei guan huan dao	3
良乡医院	liang xiang yi yuan	8
良乡南关	liang xiang nan guan	1
良乡南关村	liang xiang nan guan cun	2
良乡吴店村	liang xiang wu dian cun	2
良乡大学城	liang xiang da xue cheng	11
良乡工业开发区	liang xiang gong ye kai fa qu	1
良乡影剧院	liang xiang ying ju yuan	5
良乡火车站	liang xiang huo che zhan	2
良乡肖庄	liang xiang xiao zhuang	2
良乡苏庄	liang xiang su zhuang	3
良乡西路	liang xiang xi lu	3
良乡西门	liang xiang xi men	5
良乡镇	liang xiang zhen	3
良乡闫村桥	liang xiang yan cun qiao	3
良乡陶瓷厂	liang xiang tao ci chang	3
良仁	liang ren	4
良化	liang hua	4
良区	liang qu	20
良医院	liang yi yuan	2
良口	liang kou	10
良各庄	liang ge zhuang	1
良善庄	liang shan zhuang	4
良坝	liang ba	4
良城美景	liang cheng mei jing	2
良安田	liang an tian	5
良官路	liang guan lu	3
良山	liang shan	19
良庄子村	liang zhuang zi cun	4
良庆	liang qing	39
良教	liang jiao	8
良村村	liang cun cun	2
良法庭	liang fa ting	6
良渚文化村	liang zhu wen hua cun	3
良田街道	liang tian jie dao	1
良田路口	liang tian lu kou	4
良种厂	liang zhong chang	4
良种站	liang zhong zhan	2
良种繁育场	liang zhong fan yu chang	1
良繁场	liang fan chang	1
良马乡	liang ma xiang	2
色务乡	se wu xiang	5
色卡乡	se ka xiang	6
色地乡	se di xiang	5
色威乡	se wei xiang	1
色尔古乡	se er gu xiang	1
色帕巴依乡	se pa ba yi xiang	5
色庆乡	se qing xiang	4
色底乡	se di xiang	3
色提力乡	se ti li xiang	4
色树坟	se shu fen	3
色格孜库勒乡	se ge zi ku le xiang	3
色河铺镇	se he pu zhen	3
色西底乡	se xi di xiang	3
色诱之术	se you zhi shu	3
色雄乡	se xiong xiang	2
艳山红街道	yan shan hong jie dao	2
艳阳路	yan yang lu	5
艺教中心	yi jiao zhong xin	5
艺术教育中心	yi shu jiao yu zhong xin	9
艺林路	yi lin lu	3
艾丁湖	ai ding hu	3
艾克医院	ai ke yi yuan	4
艾兰木巴格街道	ai lan mu ba ge jie dao	3
艾官营	ai guan ying	4
艾家嘴	ai jia zui	3
艾家湾	ai jia wan	4
艾尔木东乡	ai er mu dong xiang	4
艾提尕尔清真寺	ai ti ga er qing zhen si	8
艾比湖	ai bi hu	7
艾玛乡	ai ma xiang	4
艾维尔沟街道	ai wei er gou jie dao	2
艾西曼湖	ai xi man hu	2
艾里西湖镇	ai li xi hu zhen	3
节假日发车	jie jia ri fa che	4
节制闸	jie zhi zha	32
节固乡	jie gu xiang	4
节能公司	jie neng gong si	2
芋园	yu yuan	21
芍药居	shao yao ju	27
芍药沟	shao yao gou	4
芒东村	mang dong cun	3
芒普乡	mang pu xiang	2
芒砀山	mang dang shan	32
芒辛乡	mang xin xiang	4
芙蓉北路	fu rong bei lu	10
芙蓉南路	fu rong nan lu	4
芙蓉南路中段	fu rong nan lu zhong duan	3
芙蓉南路西口	fu rong nan lu xi kou	3
芙蓉岛	fu rong dao	4
芙蓉巷	fu rong xiang	5
芙蓉新城	fu rong xin cheng	1
芙蓉村	fu rong cun	3
芙蓉桥白族乡	fu rong qiao bai zu xiang	4
芙蓉江路	fu rong jiang lu	7
芙蓉洞	fu rong dong	11
芙蓉苑	fu rong yuan	1
芙蓉谷	fu rong gu	2
芙蓉路	fu rong lu	14
芙蓉里小区	fu rong li xiao qu	5
芜湖路	wu hu lu	20
芝兰堰路	zhi lan yan lu	2
芝嘉花园	zhi jia hua yuan	4
芝巷小区	zhi xiang xiao qu	2
芝灵	zhi ling	1
芝苞乡	zhi bao xiang	3
芝麻墩街道	zhi ma dun jie dao	4
芝麻湾	zhi ma wan	37
芥园西道	jie yuan xi dao	6
芥园道	jie yuan dao	4
芦上坟村	lu shang fen cun	4
芦井	lu jing	1
芦各庄	lu ge zhuang	1
芦各庄村	lu ge zhuang cun	4
芦圩镇	lu wei zhen	3
芦坪乡	lu ping xiang	1
芦城	lu cheng	1
芦城南口	lu cheng nan kou	3
芦城西口	lu cheng xi kou	2
芦塘乡	lu tang xiang	3
芦头	lu tou	2
芦家	lu jia	5
芦家沟	lu jia gou	3
芦家河	lu jia he	3
芦家湾乡	lu jia wan xiang	2
芦家街道	lu jia jie dao	3
芦山村	lu shan cun	1
芦山镇	lu shan zhen	5
芦岭	lu ling	4
芦庄二区	lu zhuang er qu	2
芦庄六区	lu zhuang liu qu	2
芦庄小区	lu zhuang xiao qu	2
芦汉公路	lu han gong lu	3
芦泾港	lu jing gang	3
芦洞	lu dong	7
芦洲市	lu zhou shi	12
芦溪	lu xi	14
芦溪区	lu xi qu	3
芦田村	lu tian cun	2
芦竹村	lu zhu cun	2
芦笛岩	lu di yan	10
芦花庄	lu hua zhuang	3
芦花港	lu hua gang	3
芦花路	lu hua lu	7
芦苇园	lu wei yuan	2
芦苇场	lu wei chang	7
芦院村	lu yuan cun	2
芦集	lu ji	5
芭茅洲	ba mao zhou	2
花之园	hua zhi yuan	3
花乡政府	hua xiang zheng fu	6
花乡桥	hua xiang qiao	6
花乡桥东	hua xiang qiao dong	3
花乡桥南	hua xiang qiao nan	4
花乡桥西	hua xiang qiao xi	2
花乡驾校	hua xiang jia xiao	2
花井村	hua jing cun	5
花兰	hua lan	4
花卉世界	hua hui shi jie	16
花卉大	hua hui da	7
花卉市场	hua hui shi chang	5
花厅口村	hua ting kou cun	2
花县	hua xian	8
花台	hua tai	35
花台乡	hua tai xiang	2
花吐古拉镇	hua tu gu la zhen	2
花园中学	hua yuan zhong xue	1
花园北区	hua yuan bei qu	5
花园北村	hua yuan bei cun	4
花园北路	hua yuan bei lu	9
花园北路西口	hua yuan bei lu xi kou	2
花园南村	hua yuan nan cun	5
花园台	hua yuan tai	6
花园城	hua yuan cheng	47
花园城居委会	hua yuan cheng ju wei hui	2
花园城社区	hua yuan cheng she qu	3
花园头	hua yuan tou	3
花园宫	hua yuan gong	6
花园小区	hua yuan xiao qu	22
花园岗	hua yuan gang	7
花园岗村	hua yuan gang cun	5
花园新村	hua yuan xin cun	1
花园桥	hua yuan qiao	32
花园桥东	hua yuan qiao dong	3
花园桥北	hua yuan qiao bei	4
花园桥南	hua yuan qiao nan	5
花园港	hua yuan gang	5
花园石桥	hua yuan shi qiao	8
花园背	hua yuan bei	1
花园胡同	hua yuan hu tong	4
花园街	hua yuan jie	49
花园西村	hua yuan xi cun	4
花园角	hua yuan jiao	1
花园路北口	hua yuan lu bei kou	3
花地湾	hua di wan	16
花地街道	hua di jie dao	4
花坝	hua ba	1
花坞	hua wu	8
花坦头	hua tan tou	4
花坪	hua ping	7
花垣	hua yuan	23
花城村	hua cheng cun	2
花城路	hua cheng lu	9
花塔	hua ta	37
花塘	hua tang	1
花好月苑	hua hao yue yuan	3
花官营乡	hua guan ying xiang	3
花家地	hua jia di	6
花家地北里	hua jia di bei li	6
花家地北里社区	hua jia di bei li she qu	3
花家地南街	hua jia di nan jie	2
花家地南里	hua jia di nan li	5
花家地南里社区	hua jia di nan li she qu	4
花家地西里	hua jia di xi li	1
花家地西里三区社区	hua jia di xi li san qu she qu	2
花家庄	hua jia zhuang	4
花家浜路	hua jia bang lu	2
花家湖	hua jia hu	3
花山林场	hua shan lin chang	2
花岗	hua gang	25
花岩溪林场	hua yan xi lin chang	4
花市场	hua shi chang	8
花市街	hua shi jie	5
花庄	hua zhuang	15
花庄村委会	hua zhuang cun wei hui	3
花开四季	hua kai si ji	6
花明楼	hua ming lou	3
花木路	hua mu lu	18
花本	hua ben	6
花板乡	hua ban xiang	4
花板桥	hua ban qiao	1
花林村	hua lin cun	2
花果园街道	hua guo yuan jie dao	2
花果村	hua guo cun	7
花果茶	hua guo cha	17
花果路	hua guo lu	5
花枝胡同	hua zhi hu tong	7
花桥一村	hua qiao yi cun	6
花桥慈济宫	hua qiao ci ji gong	4
花桥村	hua qiao cun	1
花桥街镇	hua qiao jie zhen	3
花桥路	hua qiao lu	1
花梗胡同	hua geng hu tong	3
花梨坎	hua li kan	4
花椒园	hua jiao yuan	1
花楼街道	hua lou jie dao	3
花楼门	hua lou men	2
花江乡	hua jiang xiang	5
花池乡	hua chi xiang	2
花沟村	hua gou cun	1
花溪公园	hua xi gong yuan	1
花溪彝族苗族乡	hua xi yi zu miao zu xiang	3
花溪路	hua xi lu	1
花炮广场	hua pao guang chang	6
花炮观礼台	hua pao guan li tai	5
花牌坊	hua pai fang	3
花牌坊街	hua pai fang jie	6
花牌楼	hua pai lou	1
花牛中心学校	hua niu zhong xin xue xiao	3
花瓶乡	hua ping xiang	3
花瓶屿	hua ping yu	3
花甲村	hua jia cun	3
花石	hua shi	42
花石峡镇	hua shi xia zhen	2
花石村	hua shi cun	6
花石楼	hua shi lou	4
花神庙	hua shen miao	6
花神美境	hua shen mei jing	4
花篱村	hua li cun	4
花红园	hua hong yuan	6
花艳	hua yan	14
花苑新村	hua yuan xin cun	3
花萼乡	hua e xiang	3
花薮坪	hua sou ping	3
花虎沟	hua hu gou	4
花边厂	hua bian chang	5
花都市	hua du shi	7
花门	hua men	43
花露岗	hua lu gang	1
花香乡	hua xiang xiang	4
花龙门	hua long men	4
芳亭	fang ting	30
芳亭村	fang ting cun	2
芳信路	fang xin lu	6
芳华苑	fang hua yuan	7
芳华路	fang hua lu	4
芳古园	fang gu yuan	1
芳古园一区第二社区	fang gu yuan yi qu di er she qu	2
芳嘉园胡同	fang jia yuan hu tong	3
芳园里	fang yuan li	4
芳城东里社区	fang cheng dong li she qu	3
芳城园	fang cheng yuan	1
芳城路东口	fang cheng lu dong kou	3
芳山林场	fang shan lin chang	3
芳星园	fang xing yuan	1
芳星园三区社区	fang xing yuan san qu she qu	2
芳村合兴苑	fang cun he xing yuan	3
芳村大道中	fang cun da dao zhong	6
芳村大道南	fang cun da dao nan	3
芳村大道西	fang cun da dao xi	7
芳村客运站	fang cun ke yun zhan	3
芳村花园总站	fang cun hua yuan zong zhan	3
芳村隧道口	fang cun sui dao kou	1
芳泉	fang quan	4
芳满庭	fang man ting	5
芳草东街	fang cao dong jie	6
芳草园	fang cao yuan	1
芳草地	fang cao di	16
芳草苑	fang cao yuan	4
芳草街	fang cao jie	8
芳草街街道	fang cao jie jie dao	5
芳草西二街	fang cao xi er jie	6
芳草西街	fang cao xi jie	2
芳草路	fang cao lu	18
芳菲路	fang fei lu	6
芷江中路	zhi jiang zhong lu	6
芷江西路	zhi jiang xi lu	3
芷江路	zhi jiang lu	5
芷泉街	zhi quan jie	1
芸美村	yun mei cun	2
芹山	qin shan	2
芹峪口	qin yu kou	2
芹石村	qin shi cun	3
芽祖乡	ya zu xiang	4
苇园	wei yuan	1
苇坑	wei keng	3
苇坑胡同	wei keng hu tong	4
苇子峪村	wei zi yu cun	5
苇子沟	wei zi gou	1
苇沟	wei gou	8
苇湖庄	wei hu zhuang	4
苇湖梁发电厂	wei hu liang fa dian chang	1
苇湖梁街道	wei hu liang jie dao	5
苌池乡	chang chi xiang	2
苍上村	cang shang cun	3
苍场村	cang chang cun	3
苍城	cang cheng	8
苍头	cang tou	21
苍术会村	cang zhu hui cun	3
苍梧路	cang wu lu	1
苍溪村	cang xi cun	3
苍穹道	cang qiong dao	4
苍霞	cang xia	15
苍霞新城	cang xia xin cheng	5
苍霞村	cang xia cun	2
苏一二村	su yi er cun	3
苏三四村	su san si cun	3
苏丰村	su feng cun	3
苏丹尼耶	su dan ni ye	4
苏仙	su xian	10
苏伊士港	su yi shi gang	5
苏元乡	su yuan xiang	4
苏公坨乡	su gong tuo xiang	3
苏公塔	su gong ta	2
苏内	su nei	5
苏内村	su nei cun	2
苏内社区	su nei she qu	3
苏前	su qian	4
苏前社区	su qian she qu	3
苏厝	su cuo	10
苏厝村	su cuo cun	1
苏合	su he	2
苏吉滩乡	su ji tan xiang	6
苏和村	su he cun	2
苏哇龙乡	su wa long xiang	3
苏园	su yuan	1
苏地	su di	5
苏坂	su ban	4
苏坑	su keng	3
苏坑村	su keng cun	1
苏坝乡	su ba xiang	4
苏坟村	su fen cun	3
苏坡	su po	3
苏坨村	su tuo cun	2
苏坪	su ping	2
苏垵村	su an cun	3
苏城苑	su cheng yuan	4
苏堡镇	su bao zhen	3
苏堤	su di	23
苏堤南路	su di nan lu	3
苏堤路	su di lu	3
苏塘	su tang	3
苏塘村	su tang cun	4
苏塘社区	su tang she qu	2
苏夫人姑庙	su fu ren gu miao	3
苏孟	su meng	3
苏宁千秋情缘	su ning qian qiu qing yuan	4
苏宁银河	su ning yin he	5
苏宁雅瑰园	su ning ya gui yuan	2
苏宁馨瑰园	su ning xin gui yuan	4
苏家冲	su jia chong	3
苏家园	su jia yuan	1
苏家坡	su jia po	5
苏家垱乡	su jia dang xiang	5
苏家墩	su jia dun	6
苏家巷	su jia xiang	2
苏家庄	su jia zhuang	6
苏家店乡	su jia dian xiang	1
苏家村	su jia cun	3
苏家湾	su jia wan	6
苏小玲	su xiao ling	4
苏屯	su tun	4
苏屯村	su tun cun	5
苏山	su shan	6
苏山头	su shan tou	3
苏山村	su shan cun	4
苏山街道	su shan jie dao	2
苏岗	su gang	6
苏岭	su ling	1
苏州古典园林	su zhou gu dian yuan lin	7
苏州桥	su zhou qiao	7
苏州桥北	su zhou qiao bei	3
苏州胡同	su zhou hu tong	1
苏州花园	su zhou hua yuan	4
苏州路	su zhou lu	36
苏州道	su zhou dao	2
苏庄	su zhuang	14
苏庄村委会	su zhuang cun wei hui	2
苏建艳阳居	su jian yan yang ju	4
苏建豪庭	su jian hao ting	1
苏木塔什乡	su mu ta shi xiang	6
苏木村	su mu cun	2
苏木溪瑶族乡	su mu xi yao zu xiang	6
苏果	su guo	16
苏沁牧场	su qin mu chang	3
苏河乡	su he xiang	1
苏洋	su yang	7
苏洋村	su yang cun	2
苏洛乡	su luo xiang	2
苏海村委会	su hai cun wei hui	2
苏溪	su xi	4
苏溪乡	su xi xiang	3
苏溪村	su xi cun	1
苏王村	su wang cun	5
苏白	su bai	6
苏米图苏木	su mi tu su mu	5
苏计沟	su ji gou	1
苏轼酒楼	su shi jiu lou	2
苏通大桥	su tong da qiao	8
苏里乡	su li xiang	2
苏闻	su wen	1
苏雄乡	su xiong xiang	3
苏鲁乡	su lu xiang	4
苑东街道	yuan dong jie dao	4
苑东路	yuan dong lu	13
苑中路	yuan zhong lu	5
苑南村	yuan nan cun	2
苑西	yuan xi	13
苑西村	yuan xi cun	3
苑西路	yuan xi lu	1
苕溪大桥	tiao xi da qiao	3
苕溪西路	tiao xi xi lu	1
苕溪路	tiao xi lu	3
苗二河乡	miao er he xiang	1
苗儿石	miao er shi	4
苗圃农场	miao pu nong chang	3
苗圃路	miao pu lu	5
苗家	miao jia	21
苗家村	miao jia cun	2
苗寨乡	miao zhai xiang	2
苗粟县	miao su xian	4
苛岚县	ke lan xian	3
苜蓿园	mu xu yuan	6
苞谷垴乡	bao gu nao xiang	3
苟家坡	gou jia po	3
苟家滩	gou jia tan	5
若克雅乡	ruo ke ya xiang	5
若羌	ruo qiang	42
若羌镇	ruo qiang zhen	1
苦水井	ku shui jing	3
苦竹坝	ku zhu ba	6
苦竹坪	ku zhu ping	5
苦竹坪乡	ku zhu ping xiang	6
苦竹山	ku zhu shan	3
苦竹林	ku zhu lin	6
英买里镇	ying mai li zhen	2
英华街	ying hua jie	2
英各庄	ying ge zhuang	3
英各庄村	ying ge zhuang cun	3
英吉沙	ying ji sha	33
英城	ying cheng	8
英城街道	ying cheng jie dao	2
英塔木乡	ying ta mu xiang	5
英塘	ying tang	1
英塘社区	ying tang she qu	2
英墩	ying dun	3
英墩村	ying dun cun	2
英子胡同	ying zi hu tong	2
英家	ying jia	7
英家坟	ying jia fen	3
英山村	ying shan cun	2
英巴扎街道	ying ba zha jie dao	5
英巴格乡	ying ba ge xiang	4
英德县	ying de xian	15
英才路	ying cai lu	30
英旺乡	ying wang xiang	2
英林	ying lin	33
英歌舞	ying ge wu	2
英武村	ying wu cun	3
英江	ying jiang	2
英脑	ying nao	3
英豪学校	ying hao xue xiao	1
英都	ying du	9
英金路	ying jin lu	2
英雄开发区	ying xiong kai fa qu	5
英雄村	ying xiong cun	5
英雄街道	ying xiong jie dao	2
英额布镇	ying e bu zhen	4
苹果之父	ping guo zhi fu	2
苹果园	ping guo yuan	46
苹果园东	ping guo yuan dong	2
苹果园东口	ping guo yuan dong kou	6
苹果园中学	ping guo yuan zhong xue	7
苹果园南	ping guo yuan nan	3
苹果园南路东口	ping guo yuan nan lu dong kou	6
苹果园地铁	ping guo yuan di tie	7
苹果园小区	ping guo yuan xiao qu	5
苹果园西	ping guo yuan xi	5
苹果苑小区	ping guo yuan xiao qu	3
茂业百货	mao ye bai huo	11
茂亭	mao ting	1
茂亭村	mao ting cun	2
茂南	mao nan	9
茂南开发区	mao nan kai fa qu	2
茂名南路	mao ming nan lu	4
茂名市市辖区	mao ming shi shi xia qu	3
茂名市茂南区	mao ming shi mao nan qu	13
茂名路	mao ming lu	2
茂家乡	mao jia xiang	5
茂林居	mao lin ju	3
茂林居社区	mao lin ju she qu	3
茂港	mao gang	3
茂陵	mao ling	49
茂陵博物馆	mao ling bo wu guan	2
茂霞村	mao xia cun	3
范北村	fan bei cun	5
范南村	fan nan cun	5
范各庄	fan ge zhuang	9
范各庄乡	fan ge zhuang xiang	3
范固	fan gu	4
范家卓子乡	fan jia zhuo zi xiang	3
范家园	fan jia yuan	2
范家官庄	fan jia guan zhuang	2
范家屯	fan jia tun	9
范家庄	fan jia zhuang	2
范家庄乡	fan jia zhuang xiang	2
范家庄子	fan jia zhuang zi	2
范家新苑	fan jia xin yuan	4
范家村	fan jia cun	3
范家林	fan jia lin	3
范家桥	fan jia qiao	2
范家祠	fan jia ci	1
范家营村	fan jia ying cun	5
范庄村委会	fan zhuang cun wei hui	3
范店乡	fan dian xiang	1
范村村委会	fan cun cun wei hui	3
范桥	fan qiao	7
范沙	fan sha	1
范沙村	fan sha cun	2
范沟村	fan gou cun	2
范溪村	fan xi cun	3
范龙	fan long	3
茄子河	qie zi he	2
茅东	mao dong	5
茅台路	mao tai lu	8
茅园村	mao yuan cun	4
茅坡村	mao po cun	4
茅坪	mao ping	33
茅家埠	mao jia bu	5
茅尾海	mao wei hai	1
茅山东道	mao shan dong dao	2
茅山村	mao shan cun	6
茅山道	mao shan dao	18
茅岗	mao gang	1
茅庵	mao an	3
茅林村	mao lin cun	2
茅栗村	mao li cun	2
茅棚街	mao peng jie	3
茅溪	mao xi	6
茅田	mao tian	1
茅竹岭	mao zhu ling	1
茅箭	mao jian	8
茅荆坝乡	mao jing ba xiang	2
茅草坪	mao cao ping	3
茅草山	mao cao shan	1
茅麓	mao lu	11
茈碧乡	ci bi xiang	2
茉莉苑	mo li yuan	4
茜坑	qian keng	8
茜草街道	qian cao jie dao	5
茨巫乡	ci wu xiang	3
茨菇塘街道	ci gu tang jie dao	4
茨营子乡	ci ying zi xiang	2
茨达乡	ci da xiang	1
茫崖	mang ya	16
茫拉乡	mang la xiang	2
茫曲镇	mang qu zhen	4
茶亭公园	cha ting gong yuan	4
茶亭村	cha ting cun	4
茶亭里	cha ting li	3
茶会小区	cha hui xiao qu	6
茶儿胡同	cha er hu tong	3
茶光村	cha guang cun	5
茶口	cha kou	4
茶叶口镇	cha ye kou zhen	3
茶叶实验场	cha ye shi yan chang	3
茶叶沟	cha ye gou	3
茶园坡路	cha yuan po lu	2
茶园坪	cha yuan ping	3
茶园山	cha yuan shan	2
茶园新区	cha yuan xin qu	3
茶园桥	cha yuan qiao	4
茶坊	cha fang	37
茶坑	cha keng	4
茶坞火车站	cha wu huo che zhan	2
茶垭	cha ya	4
茶基	cha ji	4
茶堂	cha tang	8
茶子山路	cha zi shan lu	1
茶家坟	cha jia fen	3
茶家村	cha jia cun	3
茶山刘	cha shan liu	9
茶山工业区	cha shan gong ye qu	2
茶巴拉乡	cha ba la xiang	3
茶店子公交站	cha dian zi gong jiao zhan	3
茶店子西口	cha dian zi xi kou	5
茶庵村	cha an cun	4
茶张村	cha zhang cun	6
茶扎	cha zha	3
茶林	cha lin	16
茶棚	cha peng	13
茶段	cha duan	7
茶洛乡	cha luo xiang	4
茶洞村	cha dong cun	2
茶花庭院	cha hua ting yuan	2
茶花村	cha hua cun	5
茶西村	cha xi cun	2
茶调	cha tiao	3
茶金路	cha jin lu	2
茶院寺	cha yuan si	3
茶陵监狱	cha ling jian yu	6
茶陵路	cha ling lu	4
茶馆巷	cha guan xiang	2
茸安乡	rong an xiang	5
茸木达乡	rong mu da xiang	4
荆南小区	jing nan xiao qu	2
荆南村	jing nan cun	4
荆园	jing yuan	2
荆坪乡	jing ping xiang	2
荆山洼	jing shan wa	3
荆山社区	jing shan she qu	4
荆山翠谷	jing shan cui gu	3
荆川路	jing chuan lu	3
荆州路	jing zhou lu	5
荆湾村	jing wan cun	3
荆竹村	jing zhu cun	4
荆竹铺镇	jing zhu pu zhen	2
荆紫山	jing zi shan	3
荆门县	jing men xian	35
荆门高新区	jing men gao xin qu	1
草一村	cao yi cun	2
草仓路	cao cang lu	6
草厂	cao chang	16
草厂横胡同	cao chang heng hu tong	3
草厂胡同	cao chang hu tong	5
草原兴发	cao yuan xing fa	6
草园胡同	cao yuan hu tong	4
草地乡	cao di xiang	2
草场地	cao chang di	12
草场坡	cao chang po	1
草场村委会	cao chang cun wei hui	2
草场胡同	cao chang hu tong	2
草场门	cao chang men	1
草坂	cao ban	5
草坂村	cao ban cun	3
草坑	cao keng	4
草坡	cao po	40
草埔总站	cao bu zong zhan	4
草堂寺	cao tang si	5
草堂湾	cao tang wan	2
草堰	cao yan	1
草墙湾	cao qiang wan	2
草岚子胡同	cao lan zi hu tong	2
草川铺乡	cao chuan pu xiang	2
草店子	cao dian zi	5
草店村	cao dian cun	5
草庙	cao miao	4
草庵	cao an	26
草暖公园	cao nuan gong yuan	6
草朗村	cao lang cun	3
草村村	cao cun cun	2
草桥	cao qiao	17
草池乡	cao chi xiang	2
草沟堡乡	cao gou bu xiang	2
草洋	cao yang	1
草洋村	cao yang cun	1
草田	cao tian	9
草登乡	cao deng xiang	2
草碾乡	cao nian xiang	2
草科藏族乡	cao ke zang zu xiang	3
草篮子	cao lan zi	3
草芳围	cao fang wei	6
草药铺巷	cao yao pu xiang	3
草莓园	cao mei yuan	3
草阳村	cao yang cun	6
草鞋桥	cao xie qiao	3
草高路	cao gao lu	2
荍坝乡	qiao ba xiang	4
荐福道	jian fu dao	2
荒塘瑶族乡	huang tang yao zu xiang	4
荒庄	huang zhuang	2
荒沟	huang gou	10
荒里	huang li	2
荔南	li nan	2
荔园小学	li yuan xiao xue	1
荔山	li shan	2
荔山村	li shan cun	4
荔景园	li jing yuan	4
荔村	li cun	6
荔枝公园	li zhi gong yuan	7
荔枝巷	li zhi xiang	5
荔枝花园	li zhi hua yuan	5
荔湾渔唱	li wan yu chang	4
荔湾路	li wan lu	4
荔溪乡	li xi xiang	6
荔联街	li lian jie	6
荔联街道	li lian jie dao	2
荔香公园	li xiang gong yuan	2
荔香街	li xiang jie	1
荔香路	li xiang lu	4
荞地乡	qiao di xiang	4
荞窝镇	qiao wo zhen	2
荟芳园	hui fang yuan	4
荣业大街	rong ye da jie	5
荣丰村	rong feng cun	3
荣京东街	rong jing dong jie	6
荣兴	rong xing	26
荣城	rong cheng	12
荣城县	rong cheng xian	3
荣城市	rong cheng shi	4
荣城湾	rong cheng wan	2
荣安大街	rong an da jie	2
荣家寨	rong jia zhai	4
荣山中学	rong shan zhong xue	7
荣成市	rong cheng shi	25
荣成路	rong cheng lu	6
荣星村	rong xing cun	2
荣校	rong xiao	1
荣湾镇	rong wan zhen	1
荣玛乡	rong ma xiang	3
荣邦	rong bang	3
荣隆	rong long	7
荥经	ying jing	24
荥阳县	xing yang xian	30
荥阳市	xing yang shi	48
药场村	yao chang cun	3
药材公司	yao cai gong si	7
药材市场	yao cai shi chang	2
药水弄	yao shui nong	17
药洲春晓	yao zhou chun xiao	1
药物园	yao wu yuan	5
药王洞	yao wang dong	6
药王街	yao wang jie	3
荷兰港	he lan gang	6
荷包岛	he bao dao	2
荷园	he yuan	9
荷园餐厅	he yuan can ting	3
荷坳村	he ao cun	3
荷屋	he wu	3
荷属安的列斯	he shu an di lie si	34
荷李活	he li huo	45
荷村	he cun	8
荷树下	he shu xia	3
荷树坳	he shu ao	3
荷树排	he shu pai	3
荷池	he chi	12
荷泽	he ze	16
荷泽市	he ze shi	5
荷泽路	he ze lu	2
荷清苑	he qing yuan	4
荷清路	he qing lu	4
荷源乡	he yuan xiang	3
荷花一路	he hua yi lu	2
荷花东路	he hua dong lu	1
荷花园	he hua yuan	9
荷花堤	he hua di	5
荷花塘	he hua tang	14
荷花塘村	he hua tang cun	3
荷花市场	he hua shi chang	19
荷花池公寓	he hua chi gong yu	3
荷花苑	he hua yuan	1
荷花街道办事处	he hua jie dao ban shi chu	5
荷花里	he hua li	4
荷花里小区	he hua li xiao qu	3
荻海	di hai	4
荻港	di gang	2
荻港村	di gang cun	1
莎车农场	sha che nong chang	4
莒光乡	ju guang xiang	8
莘东路	xin dong lu	4
莘凌路	xin ling lu	5
莘城苑	xin cheng yuan	4
莘庄地铁北广场	xin zhuang di tie bei guang chang	5
莘庄地铁南广场	xin zhuang di tie nan guang chang	7
莘庄地铁站	xin zhuang di tie zhan	13
莘建东路	xin jian dong lu	1
莘松新村	xin song xin cun	3
莘田	shen tian	4
莘西路	xin xi lu	4
莪山乡	e shan xiang	1
莫乎尔牧场	mo hu er mu chang	6
莫云乡	mo yun xiang	3
莫力达瓦	mo li da wa	39
莫合烟	mo he yan	2
莫坝	mo ba	4
莫坝乡	mo ba xiang	4
莫多乡	mo duo xiang	4
莫家	mo jia	8
莫家巷	mo jia xiang	3
莫家栅村	mo jia zha cun	2
莫尔佛塔	mo er fo ta	4
莫尔兹比港	mo er zi bi gang	46
莫州镇	mo zhou zhen	2
莫干新村	mo gan xin cun	4
莫愁新寓	mo chou xin yu	1
莫愁湖	mo chou hu	29
莫拐农场	mo guai nong chang	3
莫搞	mo gao	26
莫斯台街道	mo si tai jie dao	2
莫泰连锁旅店	mo tai lian suo lv dian	3
莫洛托乎提于孜乡	mo luo tuo hu ti yu zi xiang	4
莫特格乡	mo te ge xiang	6
莫莫格蒙古族乡	mo mo ge meng gu zu xiang	1
莫衙营	mo ya ying	1
莫邪塘南村	mo xie tang nan cun	3
莫邪塘小区	mo xie tang xiao qu	3
莫邪塘社区	mo xie tang she qu	2
莱太花卉	lai tai hua hui	8
莱州市	lai zhou shi	42
莱州湾	lai zhou wan	17
莱芜县	lai wu xian	27
莱茵东郡	lai yin dong jun	6
莱茵达	lai yin da	2
莱蒙都会	lai meng du hui	5
莱西县	lai xi xian	24
莱西市	lai xi shi	34
莱阳市	lai yang shi	48
莱阳路	lai yang lu	36
莲东	lian dong	4
莲东村	lian dong cun	1
莲中	lian zhong	6
莲前	lian qian	17
莲前大道	lian qian da dao	3
莲南路	lian nan lu	2
莲台村	lian tai cun	2
莲园路	lian yuan lu	4
莲坂	lian ban	25
莲坑	lian keng	1
莲坑村	lian keng cun	2
莲塘大道	lian tang da dao	5
莲塘总站	lian tang zong zhan	4
莲塘村	lian tang cun	14
莲塘湾	lian tang wan	3
莲塘路	lian tang lu	7
莲墩村	lian dun cun	3
莲子营	lian zi ying	6
莲宝路口东	lian bao lu kou dong	3
莲宝路口北	lian bao lu kou bei	2
莲宝路口南	lian bao lu kou nan	3
莲山	lian shan	36
莲山村	lian shan cun	2
莲屿	lian yu	3
莲屿社区	lian yu she qu	3
莲岳路	lian yue lu	4
莲峰	lian feng	38
莲峰村	lian feng cun	3
莲峰观海	lian feng guan hai	4
莲房胡同	lian fang hu tong	3
莲新	lian xin	7
莲桂南路	lian gui nan lu	7
莲江	lian jiang	6
莲池村	lian chi cun	5
莲湖公园	lian hu gong yuan	4
莲湖路	lian hu lu	5
莲溪	lian xi	16
莲溪路	lian xi lu	1
莲玉桥东	lian yu qiao dong	4
莲红	lian hong	3
莲美	lian mei	9
莲美村	lian mei cun	2
莲花一区	lian hua yi qu	1
莲花一村	lian hua yi cun	7
莲花三村	lian hua san cun	4
莲花二村	lian hua er cun	1
莲花井	lian hua jing	5
莲花公寓	lian hua gong yu	7
莲花北	lian hua bei	9
莲花北路	lian hua bei lu	5
莲花台村	lian hua tai cun	4
莲花地	lian hua di	1
莲花寨	lian hua zhai	4
莲花小区	lian hua xiao qu	2
莲花广场	lian hua guang chang	1
莲花庄	lian hua zhuang	8
莲花新村	lian hua xin cun	3
莲花村	lian hua cun	11
莲花桥	lian hua qiao	3
莲花池公园	lian hua chi gong yuan	11
莲花池长途汽车站	lian hua chi chang tu qi che zhan	6
莲花洞	lian hua dong	7
莲花港家园	lian hua gang jia yuan	2
莲花湖	lian hua hu	8
莲花白	lian hua bai	47
莲花盆	lian hua pen	2
莲花胡同	lian hua hu tong	2
莲花苑	lian hua yuan	9
莲花苑社区	lian hua yuan she qu	2
莲花街	lian hua jie	12
莲花超市	lian hua chao shi	9
莲花路吴中路	lian hua lu wu zhong lu	3
莲花路地铁站	lian hua lu di tie zhan	14
莲花路宜山路	lian hua lu yi shan lu	3
莲芳桥东	lian fang qiao dong	2
莲芳桥南	lian fang qiao nan	3
莲西	lian xi	4
莲麓镇	lian lu zhen	2
获鹿	huo lu	19
获鹿县	huo lu xian	20
莺歌镇	ying ge zhen	4
莽张乡	mang zhang xiang	4
菊乐路东	ju le lu dong	3
菊儿胡同	ju er hu tong	1
菊园	ju yuan	17
菊园东站	ju yuan dong zhan	3
菊园实验学校	ju yuan shi yan xue xiao	2
菊江	ju jiang	1
菊江村	ju jiang cun	2
菊湖云影	ju hu yun ying	4
菊花园	ju hua yuan	1
菊花岛乡	ju hua dao xiang	3
菊花里	ju hua li	5
菊苑路	ju yuan lu	5
菌边村	jun bian cun	3
菏泽县	he ze xian	3
菜亭	cai ting	4
菜厂	cai chang	4
菜厂胡同	cai chang hu tong	3
菜台	cai tai	5
菜园坑	cai yuan keng	1
菜园坝	cai yuan ba	18
菜园坝火车站	cai yuan ba huo che zhan	3
菜园坝长江大桥	cai yuan ba chang jiang da qiao	8
菜园子	cai yuan zi	49
菜园桥	cai yuan qiao	3
菜场坪	cai chang ping	3
菜坑	cai keng	1
菜堂村	cai tang cun	3
菜市口胡同	cai shi kou hu tong	3
菜市桥	cai shi qiao	2
菜市街	cai shi jie	5
菜户营	cai hu ying	9
菜户营南路	cai hu ying nan lu	1
菜户营桥	cai hu ying qiao	1
菜户营桥东	cai hu ying qiao dong	5
菜户营桥北	cai hu ying qiao bei	4
菜户营桥南	cai hu ying qiao nan	5
菜户营桥西	cai hu ying qiao xi	1
菜粿	cai guo	7
菜花村	cai hua cun	2
菠萝山	bo luo shan	5
菩堤乡	pu di xiang	3
菰城村	gu cheng cun	3
菱北街道	ling bei jie dao	3
菱塘回族乡	ling tang hui zu xiang	4
菱湖中学	ling hu zhong xue	2
菱湖路	ling hu lu	2
菱溪	ling xi	1
菱溪古轩楼	ling xi gu xuan lou	2
菱角堰	ling jiao yan	5
菱角山街道	ling jiao shan jie dao	3
菱角镇	ling jiao zhen	3
菲达	fei da	31
菽庄花园	shu zhuang hua yuan	1
萍州	ping zhou	1
萝卜坑	luo bo keng	16
萝卜洲	luo bo zhou	2
萝卜田乡	luo bo tian xiang	2
营下	ying xia	4
营业处	ying ye chu	30
营什	ying shen	3
营前	ying qian	13
营前寨	ying qian zhai	2
营前村	ying qian cun	3
营口县	ying kou xian	8
营口路	ying kou lu	12
营口道	ying kou dao	5
营合乡	ying he xiang	3
营城子	ying cheng zi	21
营城街道	ying cheng jie dao	1
营子里	ying zi li	4
营市街街道	ying shi jie jie dao	1
营慧寺	ying hui si	3
营楼村	ying lou cun	2
营江乡	ying jiang xiang	4
营海	ying hai	3
营溪	ying xi	19
营田	ying tian	38
营盘山	ying pan shan	8
营盘街	ying pan jie	7
营盘路	ying pan lu	3
营盘里	ying pan li	3
营船港	ying chuan gang	3
营苑	ying yuan	1
营街道	ying jie dao	5
营西	ying xi	7
营邱镇	ying qiu zhen	3
营郭镇	ying guo zhen	3
营里	ying li	37
营门口	ying men kou	10
营门口立交桥东	ying men kou li jiao qiao dong	4
营门口立交桥北	ying men kou li jiao qiao bei	5
营门口立交桥南	ying men kou li jiao qiao nan	5
营防	ying fang	2
萧家营	xiao jia ying	2
萧山市	xiao shan shi	6
萧山汽车西站	xiao shan qi che xi zhan	2
萧村	xiao cun	1
萨依巴格市场	sa yi ba ge shi chang	6
萨依巴格街道	sa yi ba ge jie dao	6
萨依布依街道	sa yi bu yi jie dao	5
萨勒吾则克乡	sa le wu ze ke xiang	3
萨北湖	sa bei hu	2
萨呼腾镇	sa hu teng zhen	5
萨嘎	sa ga	22
萨地克于孜乡	sa di ke yu zi xiang	5
萨大路	sa da lu	4
萨尔乔克牧场	sa er qiao ke mu chang	2
萨尔也木勒牧场	sa er ye mu le mu chang	2
萨尔图机场	sa er tu ji chang	6
萨尔阔布牧场	sa er kuo bu mu chang	2
萨木于孜乡	sa mu yu zi xiang	5
萨瓦甫齐牧场	sa wa fu qi mu chang	3
萨让乡	sa rang xiang	1
萨迈拉古城	sa mai la gu cheng	1
萨马街鄂温克民族乡	sa ma jie e wen ke min zu xiang	4
萨麦苏木	sa mai su mu	1
落别布依族彝族乡	luo bie bu yi zu yi zu xiang	1
落坡岭	luo po ling	3
落帆亭	luo fan ting	3
落教	luo jiao	1
落星	luo xing	5
落星田	luo xing tian	1
落棚桥	luo peng qiao	3
落水村	luo shui cun	2
落润乡	luo run xiang	4
落虹桥街	luo hong qiao jie	5
落霞苑	luo xia yuan	3
落马桥	luo ma qiao	3
葆华	bao hua	28
葆台路	bao tai lu	6
葛化街道	ge hua jie dao	3
葛坑	ge keng	3
葛家	ge jia	11
葛家岔镇	ge jia cha zhen	3
葛家庄	ge jia zhuang	2
葛家桥	ge jia qiao	1
葛寨	ge zhai	2
葛山村	ge shan cun	1
葛岭	ge ling	30
葛岸	ge an	4
葛岸村	ge an cun	5
葛崾岘乡	ge yao xian xiang	3
葛市	ge shi	6
葛布店	ge bu dian	4
葛庄	ge zhuang	1
葛村	ge cun	10
葛沟	ge gou	4
葛洲坝中心医院	ge zhou ba zhong xin yi yuan	6
葛洲坝电厂	ge zhou ba dian chang	6
葛田乡	ge tian xiang	2
葛秀	ge xiu	3
葛竹坪镇	ge zhu ping zhen	4
葛营村委会	ge ying cun wei hui	2
葡东小区	pu dong xiao qu	3
葡东社区	pu dong she qu	3
葡萄嘴	pu tao zui	5
葡萄村	pu tao cun	2
葡萄棚	pu tao peng	7
葡萄花	pu tao hua	4
葡萄酒厂	pu tao jiu chang	15
董云阁烈士故居	dong yun ge lie shi gu ju	2
董各庄	dong ge zhuang	2
董埔	dong pu	3
董宅	dong zhai	3
董家园	dong jia yuan	3
董家坝	dong jia ba	5
董家坟	dong jia fen	3
董家宅	dong jia zhai	1
董家山	dong jia shan	4
董家峪	dong jia yu	3
董家庄	dong jia zhuang	3
董家新村	dong jia xin cun	6
董家村	dong jia cun	7
董家村村	dong jia cun cun	2
董家梁	dong jia liang	3
董家浜	dong jia bang	3
董家渡	dong jia du	13
董小宛	dong xiao wan	5
董岭村	dong ling cun	6
董庄	dong zhuang	4
董庄村	dong zhuang cun	2
董庄村村委会	dong zhuang cun cun wei hui	3
董当乡	dong dang xiang	1
董村村委会	dong cun cun wei hui	4
董架乡	dong jia xiang	5
董沟村	dong gou cun	3
董溪乡	dong xi xiang	2
董王乡	dong wang xiang	4
董糖	dong tang	4
董茹	dong ru	5
葫峰	hu feng	2
葫芦垡	hu lu fa	6
葫芦套乡	hu lu tao xiang	3
葫芦峪	hu lu yu	6
葫芦河	hu lu he	13
葫芦湾	hu lu wan	3
葫芦素	hu lu su	11
葫芦阵	hu lu zhen	1
葭沚街道	jia zhi jie dao	2
葱店	cong dian	4
葱店社区	cong dian she qu	3
葱店胡同	cong dian hu tong	4
葵亭	kui ting	2
葵山	kui shan	3
葵山村	kui shan cun	3
葵巷	kui xiang	1
葵巷建国路口	kui xiang jian guo lu kou	3
葵星村	kui xing cun	2
葵花桥	kui hua qiao	4
葵英街	kui ying jie	4
蒋养房	jiang yang fang	1
蒋凯	jiang kai	5
蒋口镇	jiang kou zhen	3
蒋向阳	jiang xiang yang	6
蒋吴村	jiang wu cun	2
蒋坝	jiang ba	6
蒋坞	jiang wu	3
蒋坪村	jiang ping cun	3
蒋宅口	jiang zhai kou	3
蒋官屯街道	jiang guan tun jie dao	6
蒋家坡	jiang jia po	2
蒋家垅	jiang jia long	7
蒋家店	jiang jia dian	3
蒋家村	jiang jia cun	7
蒋家桥	jiang jia qiao	1
蒋家胡同	jiang jia hu tong	1
蒋家院子	jiang jia yuan zi	3
蒋峪	jiang yu	7
蒋庄	jiang zhuang	10
蒋庄村委会	jiang zhuang cun wei hui	3
蒋庵办事处	jiang an ban shi chu	2
蒋建平	jiang jian ping	7
蒋村公交中心站	jiang cun gong jiao zhong xin zhan	1
蒋村商住区	jiang cun shang zhu qu	5
蒋桥	jiang qiao	1
蒋洪斌	jiang hong bin	3
蒋湾村	jiang wan cun	5
蒋王庙	jiang wang miao	2
蒋王镇	jiang wang zhen	4
蒋辛庄	jiang xin zhuang	4
蒋里庄	jiang li zhuang	5
蒋集乡	jiang ji xiang	3
蒙古汗国	meng gu han guo	11
蒙古自治区	meng gu zi zhi qu	1
蒙古营	meng gu ying	2
蒙古营子村	meng gu ying zi cun	2
蒙古路	meng gu lu	3
蒙古道	meng gu dao	3
蒙坑	meng keng	6
蒙城路	meng cheng lu	7
蒙宜乡	meng yi xiang	3
蒙山路	meng shan lu	1
蒙楼	meng lou	3
蒙民伟楼	meng min wei lou	24
蒙特塞拉特	meng te sai la te	39
蒙自东路	meng zi dong lu	3
蒙自乡	meng zi xiang	4
蒙自县	meng zi xian	17
蒙自路	meng zi lu	2
蒲上乡	pu shang xiang	2
蒲东	pu dong	3
蒲中	pu zhong	3
蒲台乡	pu tai xiang	3
蒲台群岛	pu tai qun dao	2
蒲圻	pu qi	46
蒲圻县	pu qi xian	42
蒲圻市	pu qi shi	3
蒲坂	pu ban	27
蒲坂村	pu ban cun	2
蒲家湾	pu jia wan	2
蒲掌乡	pu zhang xiang	3
蒲排路	pu pai lu	3
蒲方路西口	pu fang lu xi kou	2
蒲汇塘路	pu hui tang lu	6
蒲沟	pu gou	2
蒲涧帘泉	pu jian lian quan	2
蒲窝乡	pu wo xiang	3
蒲西	pu xi	1
蒲西乡	pu xi xiang	4
蒲间濂泉	pu jian lian quan	2
蒲鞋市	pu xie shi	3
蒲麻镇	pu ma zhen	8
蒲黄榆	pu huang yu	2
蒲黄榆第三社区	pu huang yu di san she qu	3
蒲黄榆第二社区	pu huang yu di er she qu	6
蒿吉坪瑶族乡	hao ji ping yao zu xiang	1
蒿子沟村	hao zi gou cun	2
蓄电池厂	xu dian chi chang	2
蓄集乡	xu ji xiang	3
蓉中	rong zhong	5
蓉中村	rong zhong cun	1
蓉园	rong yuan	8
蓉园路	rong yuan lu	5
蓉湖	rong hu	7
蓑衣胡同	suo yi hu tong	5
蓝二	lan er	4
蓝城路	lan cheng lu	3
蓝天假日	lan tian jia ri	3
蓝天园	lan tian yuan	6
蓝天城市花园	lan tian cheng shi hua yuan	2
蓝天宾馆	lan tian bin guan	7
蓝天艺术幼儿园	lan tian yi shu you er yuan	3
蓝天花园	lan tian hua yuan	4
蓝天路	lan tian lu	13
蓝屋	lan wu	6
蓝山国际公寓	lan shan guo ji gong yu	4
蓝岸尚城	lan an shang cheng	4
蓝庭	lan ting	1
蓝旗新村	lan qi xin cun	6
蓝旗营	lan qi ying	2
蓝旗营小区	lan qi ying xiao qu	1
蓝村路	lan cun lu	17
蓝桥	lan qiao	31
蓝桥名苑	lan qiao ming yuan	5
蓝桥社区	lan qiao she qu	4
蓝烟铁路	lan yan tie lu	10
蓝田乡	lan tian xiang	1
蓝田安村	lan tian an cun	4
蓝田村	lan tian cun	3
蓝田街道	lan tian jie dao	1
蓝田路	lan tian lu	3
蓝绍敏	lan shao min	11
蓝调倾城	lan diao qing cheng	3
蓝靛厂	lan dian chang	11
蓝靛厂中路	lan dian chang zhong lu	3
蓟县孙各庄满族乡	ji xian sun ge zhuang man zu xiang	4
蓟县许家台乡	ji xian xu jia tai xiang	2
蓟县马伸桥镇	ji xian ma shen qiao zhen	5
蓟运河	ji yun he	11
蓟门桥	ji men qiao	15
蓟门桥东	ji men qiao dong	4
蓟门桥北	ji men qiao bei	5
蓟门桥南	ji men qiao nan	3
蓟门桥西	ji men qiao xi	5
蓬华	peng hua	1
蓬壶	peng hu	8
蓬安	peng an	47
蓬岛	peng dao	10
蓬岛村	peng dao cun	3
蓬新	peng xin	3
蓬江	peng jiang	38
蓬溪村	peng xi cun	3
蓬莱公园	peng lai gong yuan	4
蓬莱县	peng lai xian	41
蓬莱市	peng lai shi	15
蓬莱新村	peng lai xin cun	2
蓬莱村	peng lai cun	1
蓬莱社区	peng lai she qu	4
蓬莱苑	peng lai yuan	3
蓬莱路	peng lai lu	17
蓼坪乡	liao ping xiang	2
蔗香乡	zhe xiang xiang	1
蔚山路	wei shan lu	1
蔚汾镇	wei fen zhen	4
蔚蓝之都	wei lan zhi du	4
蔚蓝星座	wei lan xing zuo	4
蔡东村	cai dong cun	2
蔡厝	cai cuo	47
蔡厝村	cai cuo cun	1
蔡厝社区	cai cuo she qu	2
蔡和乡	cai he xiang	4
蔡坑	cai keng	1
蔡埠庄	cai bu zhuang	2
蔡塘	cai tang	21
蔡宅	cai zhai	1
蔡官巷公寓	cai guan xiang gong yu	2
蔡家嘴	cai jia zui	6
蔡家坝	cai jia ba	5
蔡家坡	cai jia po	14
蔡家大门	cai jia da men	3
蔡家岗	cai jia gang	7
蔡家崖乡	cai jia ya xiang	5
蔡家巷	cai jia xiang	2
蔡家庄	cai jia zhuang	2
蔡家村	cai jia cun	2
蔡家桥村	cai jia qiao cun	4
蔡家榨镇	cai jia zha zhen	3
蔡家沟	cai jia gou	3
蔡家河	cai jia he	2
蔡家洼	cai jia wa	1
蔡家湖	cai jia hu	6
蔡家湖镇	cai jia hu zhen	1
蔡家站	cai jia zhan	3
蔡家胡同	cai jia hu tong	3
蔡家院子	cai jia yuan zi	3
蔡尖尾山	cai jian wei shan	1
蔡庄	cai zhuang	12
蔡庄村委会	cai zhuang cun wei hui	2
蔡径村	cai jing cun	3
蔡村村委会	cai cun cun wei hui	3
蔡桥	cai qiao	4
蔡氏古民居	cai shi gu min ju	5
蔡江乡	cai jiang xiang	2
蔡海	cai hai	22
蔡西村	cai xi cun	2
蔡锷路	cai e lu	2
蔬果市场	shu guo shi chang	3
蔬菜公司	shu cai gong si	3
蔬菜批发市场	shu cai pi fa shi chang	16
蔷薇新村	qiang wei xin cun	3
蔷薇路	qiang wei lu	5
蔺河乡	lin he xiang	3
蔺高村	lin gao cun	4
蕉北街道	jiao bei jie dao	1
蕉园	jiao yuan	18
蕉坑	jiao keng	2
蕉坑村	jiao keng cun	4
蕉头窝	jiao tou wo	3
蕉江瑶族乡	jiao jiang yao zu xiang	6
蕉溪	jiao xi	7
蕉溪岭	jiao xi ling	7
蕉溪村	jiao xi cun	4
蕉门	jiao men	7
蕴川路	yun chuan lu	6
薄刀峰林场	bo dao feng lin chang	1
薄各庄	bo ge zhuang	2
薄板分厂	bao ban fen chang	5
薛下村乡	xue xia cun xiang	2
薛关镇	xue guan zhen	5
薛圐圙乡	xue ku lve xiang	3
薛圐圙村	xue ku lve cun	3
薛城	xue cheng	14
薛埠	xue bu	2
薛大人庄	xue da ren zhuang	2
薛大人庄村	xue da ren zhuang cun	3
薛家寨	xue jia zhai	1
薛家岛	xue jia dao	21
薛家庄	xue jia zhuang	13
薛家桥	xue jia qiao	1
薛家河镇	xue jia he zhen	3
薛家湾	xue jia wan	14
薛家湾胡同	xue jia wan hu tong	4
薛岭	xue ling	4
薛庄	xue zhuang	5
薛庄村委会	xue zhuang cun wei hui	2
薛强	xue qiang	1
薛村	xue cun	3
薛村镇	xue cun zhen	5
薛玉梅	xue yu mei	4
薛营	xue ying	4
薛辛庄	xue xin zhuang	4
薛阁街道	xue ge jie dao	4
薤山林场	xie shan lin chang	3
藁城县	gao cheng xian	32
藁城市	gao cheng shi	9
藏坝乡	zang ba xiang	3
藏巴哇乡	zang ba wa xiang	5
藏桂乡	zang gui xiang	4
藏经馆社区	zang jing guan she qu	4
藏龙百瀑	cang long bai pu	4
藕团乡	ou tuan xiang	7
藕池	ou chi	11
藕池新村	ou chi xin cun	2
藜山乡	li shan xiang	3
藤加油站	teng jia you zhan	2
藤小学	teng xiao xue	3
藤州市	teng zhou shi	2
藤桥	teng qiao	25
藤桥乡	teng qiao xiang	2
藤藤菜	teng teng cai	23
藩城堤	fan cheng di	3
藩库街	fan ku jie	4
藩正街	fan zheng jie	2
藻江花园	zao jiang hua yuan	4
蘑菇亭	mo gu ting	4
虎丘路	hu qiu lu	5
虎丘路丰乐里	hu qiu lu feng le li	2
虎亭	hu ting	3
虎亭区	hu ting qu	2
虎仔山	hu zai shan	9
虎圩乡	hu xu xiang	4
虎地	hu di	23
虎坊桥	hu fang qiao	22
虎坊路	hu fang lu	2
虎坊路社区	hu fang lu she qu	3
虎坑	hu keng	18
虎坑水库	hu keng shui ku	2
虎城乡	hu cheng xiang	4
虎头兰	hu tou lan	2
虎头崖	hu tou ya	6
虎头桥	hu tou qiao	3
虎山村	hu shan cun	7
虎山路	hu shan lu	1
虎形村	hu xing cun	5
虎林县	hu lin xian	6
虎林市	hu lin shi	17
虎林路	hu lin lu	7
虎桥西路	hu qiao xi lu	3
虎桥路	hu qiao lu	6
虎泉	hu quan	48
虎洞乡	hu dong xiang	3
虎滩乐园	hu tan le yuan	3
虎滩新区	hu tan xin qu	2
虎滩港	hu tan gang	3
虎滩街道	hu tan jie dao	2
虎牙滩	hu ya tan	3
虎牛沟	hu niu gou	2
虎窟	hu ku	3
虎窟村	hu ku cun	1
虎竹	hu zhu	1
虎腰	hu yao	1
虎踞关	hu ju guan	2
虎踞北路	hu ju bei lu	1
虎邱	hu qiu	1
虎门港管委会	hu men gang guan wei hui	1
虒亭镇	si ting zhen	1
虞塘镇	yu tang zhen	4
虞山桥	yu shan qiao	3
虬江村	qiu jiang cun	3
虬江码头	qiu jiang ma tou	3
虬江码头路	qiu jiang ma tou lu	3
虬江路	qiu jiang lu	3
虹中路	hong zhong lu	1
虹二村	hong er cun	4
虹井路	hong jing lu	39
虹光路	hong guang lu	3
虹南	hong nan	6
虹口游泳池	hong kou you yong chi	5
虹口足球场	hong kou zu qiu chang	32
虹古路	hong gu lu	5
虹山	hong shan	20
虹桥中心	hong qiao zhong xin	4
虹桥公园	hong qiao gong yuan	4
虹桥北村	hong qiao bei cun	2
虹桥国际机场	hong qiao guo ji ji chang	17
虹桥开发区	hong qiao kai fa qu	20
虹桥新村	hong qiao xin cun	5
虹桥西村	hong qiao xi cun	2
虹桥路凯旋路	hong qiao lu kai xuan lu	2
虹桥路番禺路	hong qiao lu pan yu lu	4
虹梅南路	hong mei nan lu	12
虹梅路	hong mei lu	35
虹梯关乡	hong ti guan xiang	4
虹漕南路	hong cao nan lu	6
虹漕南路江安路	hong cao nan lu jiang an lu	1
虹漕南路浦北路	hong cao nan lu pu bei lu	2
虹漕南路钦州南路	hong cao nan lu qin zhou nan lu	2
虹漕路	hong cao lu	7
虹苑	hong yuan	1
虹莘路	hong xin lu	15
虹西	hong xi	1
虹许路	hong xu lu	9
虹镇老街	hong zhen lao jie	16
虾仁饺子	xia ren jiao zi	7
虾姑	xia gu	31
虾子坪	xia zi ping	2
虾子沟	xia zi gou	4
虾山	xia shan	5
虾扎	xia za	1
虾扎乡	xia za xiang	6
虾龙圩	xia long wei	1
蚂蚁巷	ma yi xiang	3
蚂蝗堡农场	ma huang bao nong chang	4
蚂蝗村	ma huang cun	3
蚂蝗梁	ma huang liang	1
蚂蝗洲	ma huang zhou	2
蚌埠道	beng bu dao	5
蚌谷乡	bang gu xiang	3
蚬冈	xian gang	2
蚱埠回族乡	zha bu hui zu xiang	2
蚶江	han jiang	14
蚶江村	han jiang cun	3
蛇口东角头	she kou dong jiao tou	6
蛇口体育中心	she kou ti yu zhong xin	3
蛇口招商大厦	she kou zhao shang da sha	2
蛇口新街	she kou xin jie	7
蛇口港	she kou gang	8
蛇口码头	she kou ma tou	5
蛇口西站	she kou xi zhan	4
蛇场乡	she chang xiang	3
蛇形祠	she xing ci	2
蛇窝	she wo	5
蛟河市	jiao he shi	20
蛟湖	jiao hu	1
蛟湖路	jiao hu lu	4
蛟潭	jiao tan	9
蛟翔巷口	jiao xiang xiang kou	3
蛤蛄围	ge gu wei	4
蛤蟆文太	ha ma wen tai	12
蛮会镇	man hui zhen	4
蛮狠	man hen	27
蜀南竹海	shu nan zhu hai	20
蜀汉西路	shu han xi lu	5
蜀汉路	shu han lu	18
蜀汉路东	shu han lu dong	7
蜀汉路同和路口	shu han lu tong he lu kou	4
蜀汉路西	shu han lu xi	4
蜀源路	shu yuan lu	4
蜀营街	shu ying jie	3
蜀都大道红星路口	shu du da dao hong xing lu kou	6
蜂桶寨乡	feng tong zhai xiang	7
蜂疗医院	feng liao yi yuan	4
蜈蚣山	wu gong shan	2
蜈蚣街	wu gong jie	4
蜡树村	la shu cun	3
蜡纸厂	la zhi chang	3
蝉战河乡	chan zhan he xiang	2
蝉街	chan jie	6
蝴蝶泉	hu die quan	26
蝴蝶表厂	hu die biao chang	4
蝶山	die shan	4
螃蟹井	pang xie jing	3
螃蟹桥	pang xie qiao	3
螅镇乡	xi zhen xiang	2
融侨三区	rong qiao san qu	2
融侨东区	rong qiao dong qu	1
融侨中央花园	rong qiao zhong yang hua yuan	5
融侨锦江	rong qiao jin jiang	6
融创上城	rong chuang shang cheng	1
融域嘉园	rong yu jia yuan	3
融安	rong an	27
融水县	rong shui xian	7
融科蔚城	rong ke wei cheng	4
螺丝坝	luo si ba	3
螺丝桥	luo si qiao	1
螺城	luo cheng	2
螺山	luo shan	14
螺山村	luo shan cun	4
螺岭	luo ling	2
螺州	luo zhou	4
螺沙村	luo sha cun	1
螺河	luo he	1
螺河桥	luo he qiao	3
螺溪	luo xi	18
螺阳	luo yang	19
蟠凤	pan feng	4
蟠桃村	pan tao cun	2
蟠龙村	pan long cun	1
蟹岛度假村	xie dao du jia cun	7
蟹岛度假村东门	xie dao du jia cun dong men	3
蟹螺藏族乡	xie luo zang zu xiang	3
蠡园	li yuan	8
蠡园村	li yuan cun	3
蠡桥	li qiao	9
蠡河	li he	1
蠡湖	li hu	24
蠡湖一号	li hu yi hao	3
蠡湖中央公园	li hu zhong yang gong yuan	4
蠡湖人家	li hu ren jia	2
蠡湖大桥	li hu da qiao	1
蠡湖广场	li hu guang chang	2
蠡溪路	li xi lu	1
血站大盘鸡	xue zhan da pan ji	2
血防站	xue fang zhan	6
行实	xing shi	12
行宫小区	xing gong xiao qu	4
行宫社区	xing gong she qu	3
行宫花园	xing gong hua yuan	3
行宫路口	xing gong lu kou	3
行政办公楼	xing zheng ban gong lou	19
行政区社区	xing zheng qu she qu	3
行政服务中心	xing zheng fu wu zhong xin	45
行知中学	xing zhi zhong xue	9
行知路	xing zhi lu	2
行考	xing kao	3
行西	xing xi	5
衍福寺	yan fu si	6
街亭	jie ting	17
街口医院	jie kou yi yuan	3
街口小学	jie kou xiao xue	2
街心公园	jie xin gong yuan	10
街心花园	jie xin hua yuan	27
街街道	jie jie dao	23
街西头	jie xi tou	1
街里街道	jie li jie dao	3
衙下镇	ya xia zhen	3
衙前	ya qian	38
衙口	ya kou	4
衙口村	ya kou cun	2
衙门口	ya men kou	17
衙门口东社区	ya men kou dong she qu	3
衙门口南社区	ya men kou nan she qu	1
衙门口村	ya men kou cun	7
衙门口站	ya men kou zhan	13
衙门口西社区	ya men kou xi she qu	2
衡东	heng dong	25
衡东县城关镇	heng dong xian cheng guan zhen	6
衡东县杨林镇	heng dong xian yang lin zhen	3
衡南	heng nan	25
衡器厂	heng qi chang	1
衡山路	heng shan lu	46
衡山路高安路	heng shan lu gao an lu	3
衡州监狱	heng zhou jian yu	7
衡水县	heng shui xian	9
衡清里	heng qing li	3
衡阳县岣嵝峰林场	heng yang xian gou lou feng lin chang	3
衡阳市农科所	heng yang shi nong ke suo	3
衡阳路	heng yang lu	4
衢县	qu xian	29
衢江路富春江路口	qu jiang lu fu chun jiang lu kou	2
衣冠庙	yi guan miao	12
衣裳街	yi shang jie	9
衣铺街	yi pu jie	4
衣阿华州	yi a hua zhou	5
补尔乡	bu er xiang	2
补浪河乡	bu lang he xiang	4
补约乡	bu yue xiang	4
袁家坝	yuan jia ba	5
袁家岗	yuan jia gang	4
袁家岭	yuan jia ling	1
袁家庄	yuan jia zhuang	4
袁家村村委会	yuan jia cun cun wei hui	3
袁家河	yuan jia he	4
袁家溪乡	yuan jia xi xiang	4
袁家门口	yuan jia men kou	4
袁屋	yuan wu	1
袁山村	yuan shan cun	1
袁庄	yuan zhuang	3
袁新	yuan xin	3
袁桥	yuan qiao	1
袁浦	yuan pu	5
袁海	yuan hai	27
袁聪	yuan cong	2
袁西	yuan xi	2
袍里乡	pao li xiang	2
装甲兵工程学院社区	zhuang jia bing gong cheng xue yuan she qu	2
装饰公司	zhuang shi gong si	31
装饰装璜	zhuang shi zhuang huang	4
裕东路	yu dong lu	43
裕丰	yu feng	30
裕丰围	yu feng wei	8
裕丰村	yu feng cun	5
裕丰路	yu feng lu	5
裕农街	yu nong jie	4
裕华东路	yu hua dong lu	6
裕华公司	yu hua gong si	2
裕华西路	yu hua xi lu	4
裕华路	yu hua lu	15
裕南街	yu nan jie	7
裕南街街道	yu nan jie jie dao	7
裕安一路	yu an yi lu	6
裕强街道	yu qiang jie dao	3
裕德路	yu de lu	1
裕民大厦	yu min da sha	3
裕民大街	yu min da jie	3
裕民村	yu min cun	2
裕民村三组	yu min cun san zu	2
裕民路社区	yu min lu she qu	3
裕河乡	yu he xiang	2
裕湘路	yu xiang lu	2
裕祥花园	yu xiang hua yuan	1
裕阳小区	yu yang xiao qu	3
裕隆回族乡	yu long hui zu xiang	2
裕龙一区	yu long yi qu	3
裕龙三区	yu long san qu	2
裕龙五区	yu long wu qu	2
裕龙六区	yu long liu qu	2
裕龙四区	yu long si qu	3
裕龙花园	yu long hua yuan	4
裕龙花园社区	yu long hua yuan she qu	2
裕龙西区	yu long xi qu	2
裱褙胡同	biao bei hu tong	2
裴家埪村	pei jia kong cun	4
裴家官庄	pei jia guan zhuang	2
裴家桥	pei jia qiao	6
裴家湾	pei jia wan	2
裴岭村	pei ling cun	5
裴庄乡	pei zhuang xiang	1
裴村村委会	pei cun cun wei hui	3
褒河	bao he	8
褚家	chu jia	2
褚集乡	chu ji xiang	3
襄北农场	xiang bei nong chang	5
襄平	xiang ping	34
襄樊市樊城区	xiang fan shi fan cheng qu	6
襄樊市襄城区	xiang fan shi xiang cheng qu	4
襄阳公园	xiang yang gong yuan	6
襄阳北路	xiang yang bei lu	1
襄阳区	xiang yang qu	7
襄阳南路	xiang yang nan lu	5
襄阳县	xiang yang xian	46
襄阳街街道	xiang yang jie jie dao	5
西一	xi yi	12
西一村	xi yi cun	6
西一条街	xi yi tiao jie	4
西七路	xi qi lu	1
西万路加气站	xi wan lu jia qi zhan	3
西万路口	xi wan lu kou	7
西三旗	xi san qi	19
西三旗桥北	xi san qi qiao bei	5
西三旗桥南	xi san qi qiao nan	4
西三条胡同	xi san tiao hu tong	3
西三条路	xi san tiao lu	2
西三爻	xi san yao	2
西三里	xi san li	7
西三马路	xi san ma lu	5
西上园	xi shang yuan	4
西上园小区	xi shang yuan xiao qu	4
西上村	xi shang cun	3
西下庄	xi xia zhuang	2
西中堡村	xi zhong bao cun	5
西主楼	xi zhu lou	2
西丽总站	xi li zong zhan	4
西丽果场	xi li guo chang	7
西丽火车站	xi li huo che zhan	4
西丽镇	xi li zhen	3
西乌鸡村	xi wu ji cun	3
西乐路	xi le lu	5
西乡塘	xi xiang tang	32
西乡塘街道	xi xiang tang jie dao	2
西乡汽车站	xi xiang qi che zhan	5
西乡码头	xi xiang ma tou	5
西乡路	xi xiang lu	5
西乡镇	xi xiang zhen	2
西二旗	xi er qi	42
西二旗北站	xi er qi bei zhan	3
西二旗北路	xi er qi bei lu	3
西二旗大街	xi er qi da jie	4
西二环	xi er huan	43
西于庄	xi yu zhuang	8
西于庄后大道	xi yu zhuang hou da dao	3
西于庄街道	xi yu zhuang jie dao	4
西于村	xi yu cun	4
西五条街	xi wu tiao jie	3
西五里	xi wu li	2
西五里营	xi wu li ying	4
西五里营村	xi wu li ying cun	4
西井	xi jing	24
西井子镇	xi jing zi zhen	1
西井路	xi jing lu	3
西亩村	xi mu cun	4
西京公司	xi jing gong si	5
西亭	xi ting	11
西仓乡	xi cang xiang	4
西仓门	xi cang men	3
西仓门胡同	xi cang men hu tong	3
西体	xi ti	7
西体北路	xi ti bei lu	1
西便门	xi bian men	48
西便门内社区	xi bian men nei she qu	3
西便门西里社区	xi bian men xi li she qu	2
西俄洛	xi e luo	3
西俄洛乡	xi e luo xiang	2
西克尔库勒镇	xi ke er ku le zhen	2
西八家户	xi ba jia hu	6
西八家户路	xi ba jia hu lu	7
西八路	xi ba lu	7
西八里新村	xi ba li xin cun	3
西八里村	xi ba li cun	7
西八里村委会	xi ba li cun wei hui	2
西兰路	xi lan lu	6
西兰路街道	xi lan lu jie dao	4
西关农贸市场	xi guan nong mao shi chang	3
西关北街	xi guan bei jie	5
西关医院	xi guan yi yuan	2
西关大街	xi guan da jie	4
西关头	xi guan tou	3
西关小区	xi guan xiao qu	2
西关小学	xi guan xiao xue	1
西关店	xi guan dian	5
西关村委会	xi guan cun wei hui	4
西关村村委会	xi guan cun cun wei hui	4
西关正街	xi guan zheng jie	2
西关环岛	xi guan huan dao	1
西关街	xi guan jie	24
西兴	xi xing	35
西兴叉口	xi xing cha kou	4
西兴村	xi xing cun	4
西兴盛胡同	xi xing sheng hu tong	5
西军庄	xi jun zhuang	4
西冲村	xi chong cun	6
西凤路	xi feng lu	5
西刘	xi liu	4
西利社区	xi li she qu	3
西化厂	xi hua chang	4
西北一路	xi bei yi lu	2
西北三路	xi bei san lu	6
西北二棉集团	xi bei er mian ji tuan	4
西北勒乡	xi bei le xiang	4
西北化工城	xi bei hua gong cheng	3
西北台村	xi bei tai cun	2
西北国棉一厂	xi bei guo mian yi chang	6
西北国棉二厂	xi bei guo mian er chang	4
西北地	xi bei di	5
西北小区	xi bei xiao qu	4
西北旺	xi bei wang	17
西北旺村	xi bei wang cun	4
西北旺镇政府	xi bei wang zhen zheng fu	7
西北服装城	xi bei fu zhuang cheng	2
西北村	xi bei cun	4
西北桥	xi bei qiao	2
西北橡胶厂	xi bei xiang jiao chang	3
西北欧	xi bei ou	14
西北街村村委会	xi bei jie cun cun wei hui	2
西北街道	xi bei jie dao	3
西北路	xi bei lu	45
西北轻工业学院	xi bei qing gong ye xue yuan	6
西北门	xi bei men	12
西北门村	xi bei men cun	4
西北饭店	xi bei fan dian	3
西区体育馆	xi qu ti yu guan	2
西区大道	xi qu da dao	6
西区大道天宇路口	xi qu da dao tian yu lu kou	4
西区大道天虹路口	xi qu da dao tian hong lu kou	2
西区汽车站	xi qu qi che zhan	5
西区花园	xi qu hua yuan	4
西半壁店村	xi ban bi dian cun	5
西华东村	xi hua dong cun	4
西华园	xi hua yuan	7
西华大学	xi hua da xue	25
西华山	xi hua shan	2
西华村	xi hua cun	1
西华社区	xi hua she qu	6
西华路	xi hua lu	16
西华门	xi hua men	40
西卓子山街道	xi zhuo zi shan jie dao	3
西卓家营村	xi zhuo jia ying cun	3
西单北大街社区	xi dan bei da jie she qu	2
西单手帕胡同	xi dan shou pa hu tong	4
西单站	xi dan zhan	5
西南中沙群岛办事处	xi nan zhong sha qun dao ban shi chu	7
西南交大新校区	xi nan jiao da xin xiao qu	4
西南城角	xi nan cheng jiao	5
西南庄	xi nan zhuang	3
西南村	xi nan cun	13
西南社区	xi nan she qu	2
西南章村	xi nan zhang cun	4
西南街	xi nan jie	7
西南路	xi nan lu	32
西南门	xi nan men	19
西博寮海峡	xi bo liao hai xia	2
西厅	xi ting	7
西厅胡同	xi ting hu tong	3
西原村	xi yuan cun	1
西厢苑社区	xi xiang yuan she qu	2
西双山	xi shuang shan	1
西双版纳州	xi shuang ban na zhou	30
西口外村	xi kou wai cun	2
西口袋胡同	xi kou dai hu tong	3
西古城	xi gu cheng	2
西古城村	xi gu cheng cun	5
西台下村	xi tai xia cun	3
西合休乡	xi he xiu xiang	4
西吉尔镇	xi ji er zhen	5
西吉祥胡同	xi ji xiang hu tong	3
西后地	xi hou di	7
西后街村	xi hou jie cun	3
西吴	xi wu	7
西吴村	xi wu cun	7
西周各庄	xi zhou ge zhuang	3
西周家庄	xi zhou jia zhuang	2
西周庄	xi zhou zhuang	3
西周村	xi zhou cun	1
西哈努克城	xi ha nu ke cheng	4
西善桥	xi shan qiao	6
西四北	xi si bei	25
西四北七条	xi si bei qi tiao	4
西四北三条社区	xi si bei san tiao she qu	3
西四北二条	xi si bei er tiao	2
西四北五条	xi si bei wu tiao	1
西四北八条	xi si bei ba tiao	1
西四北六条	xi si bei liu tiao	6
西四北六条社区	xi si bei liu tiao she qu	4
西四北头条	xi si bei tou tiao	5
西园北里	xi yuan bei li	5
西园路	xi yuan lu	14
西园里	xi yuan li	5
西固义乡	xi gu yi xiang	2
西土城村	xi tu cheng cun	3
西坂	xi ban	19
西坂村	xi ban cun	4
西坊城镇	xi fang cheng zhen	4
西坑尾	xi keng wei	7
西坑村	xi keng cun	3
西坑水库	xi keng shui ku	6
西坛	xi tan	4
西坝小学	xi ba xiao xue	2
西坝岗	xi ba gang	3
西坝村	xi ba cun	3
西坝河	xi ba he	12
西坝河北里	xi ba he bei li	5
西坝河南路	xi ba he nan lu	3
西坝河南里	xi ba he nan li	4
西坝河南里社区	xi ba he nan li she qu	3
西坞村	xi wu cun	1
西坡村	xi po cun	3
西坡村村委会	xi po cun cun wei hui	3
西坨	xi tuo	4
西坪	xi ping	20
西坪村	xi ping cun	6
西垟	xi yang	1
西垡村	xi fa cun	4
西垵村	xi an cun	2
西埌镇	xi lang zhen	2
西城三里河	xi cheng san li he	1
西城丽景	xi cheng li jing	5
西城品阁	xi cheng pin ge	3
西城坊	xi cheng fang	3
西城岚湾	xi cheng lan wan	6
西城年华	xi cheng nian hua	4
西城映象	xi cheng ying xiang	2
西城路	xi cheng lu	11
西埔	xi pu	7
西埔村	xi pu cun	6
西埠头	xi bu tou	7
西埠头村	xi bu tou cun	3
西埠镇	xi bu zhen	3
西堂子胡同	xi tang zi hu tong	1
西堤公园	xi di gong yuan	5
西堰	xi yan	3
西堰村	xi yan cun	3
西塘村	xi tang cun	3
西塘桥	xi tang qiao	1
西墕乡	xi yan xiang	5
西墩村	xi dun cun	3
西壁营胡同	xi bi ying hu tong	4
西夏墅	xi xia shu	2
西外大街	xi wai da jie	2
西大圐圙村	xi da ku lve cun	3
西大垸管理区	xi da yuan guan li qu	2
西大庄	xi da zhuang	6
西大操场	xi da cao chang	3
西大新区	xi da xin qu	5
西大桥	xi da qiao	24
西大河	xi da he	1
西大营	xi da ying	1
西大营村	xi da ying cun	5
西太平	xi tai ping	3
西太平庄村	xi tai ping zhuang cun	3
西太平街社区	xi tai ping jie she qu	2
西头村	xi tou cun	9
西学巷	xi xue xiang	3
西宁小学	xi ning xiao xue	3
西宁西路	xi ning xi lu	2
西宁路街道	xi ning lu jie dao	2
西宁道	xi ning dao	31
西宁郊区	xi ning jiao qu	4
西安中学	xi an zhong xue	5
西安出口加工区	xi an chu kou jia gong qu	1
西安北路	xi an bei lu	3
西安南路	xi an nan lu	1
西安大路	xi an da lu	26
西安工业大学未央校区	xi an gong ye da xue wei yang xiao qu	4
西安市图书馆	xi an shi tu shu guan	1
西安市政府	xi an shi zheng fu	10
西安市第一中学	xi an shi di yi zhong xue	7
西安市第十中学	xi an shi di shi zhong xue	6
西安建筑科技大学	xi an jian zhu ke ji da xue	24
西安文理学院	xi an wen li xue yuan	4
西安机电信息学院	xi an ji dian xin xi xue yuan	3
西安村委会	xi an cun wei hui	3
西安桥	xi an qiao	5
西安泰	xi an tai	1
西安理工大学曲江校区	xi an li gong da xue qu jiang xiao qu	5
西安福胡同	xi an fu hu tong	8
西安翻译学院	xi an fan yi xue yuan	5
西安联合学院	xi an lian he xue yuan	5
西安航天	xi an hang tian	8
西安车辆厂	xi an che liang chang	2
西安软件园	xi an ruan jian yuan	3
西安道	xi an dao	4
西安酒厂	xi an jiu chang	2
西安里	xi an li	4
西宏苑社区	xi hong yuan she qu	3
西官营乡	xi guan ying xiang	5
西官营镇	xi guan ying zhen	2
西宝兴路	xi bao xing lu	3
西宝立交	xi bao li jiao	4
西客站	xi ke zhan	37
西寇	xi kou	2
西寨	xi zhai	5
西寨村委会	xi zhai cun wei hui	3
西寺庄	xi si zhuang	1
西寺庄乡	xi si zhuang xiang	4
西寺院	xi si yuan	3
西小区	xi xiao qu	7
西小召镇	xi xiao zhao zhen	4
西小河	xi xiao he	6
西小营	xi xiao ying	4
西小马庄村	xi xiao ma zhuang cun	3
西局	xi ju	10
西屏乡	xi ping xiang	1
西属巴街道	xi shu ba jie dao	4
西山下	xi shan xia	6
西山东路	xi shan dong lu	7
西山农业园区	xi shan nong ye yuan qu	2
西山口	xi shan kou	7
西山吓	xi shan xia	3
西山塑料厂	xi shan su liao chang	6
西山头村	xi shan tou cun	4
西山宿舍	xi shan su she	4
西山小区	xi shan xiao qu	4
西山小学	xi shan xiao xue	6
西山屯	xi shan tun	3
西山庙	xi shan miao	7
西山桥	xi shan qiao	1
西山水库	xi shan shui ku	4
西山沟村	xi shan gou cun	3
西山烧碱厂	xi shan shao jian chang	6
西山路	xi shan lu	3
西岑	xi cen	6
西岑村	xi cen cun	4
西岗	xi gang	36
西岙	xi ao	8
西岩村	xi yan cun	2
西岭下	xi ling xia	5
西岭下村	xi ling xia cun	4
西岭村	xi ling cun	7
西岭林场	xi ling lin chang	2
西岳台村	xi yue tai cun	4
西岳庙	xi yue miao	1
西岸村	xi an cun	6
西峰山	xi feng shan	5
西峰村	xi feng cun	4
西川村	xi chuan cun	1
西巡	xi xun	15
西工	xi gong	23
西工大软件园	xi gong da ruan jian yuan	4
西工游园	xi gong you yuan	2
西巷子	xi xiang zi	2
西市大街	xi shi da jie	1
西布河乡	xi bu he xiang	2
西干沟乡	xi gan gou xiang	1
西平庄	xi ping zhuang	5
西广大街	xi guang da jie	4
西庄	xi zhuang	45
西庄店	xi zhuang dian	4
西庆	xi qing	10
西库	xi ku	48
西库村	xi ku cun	3
西店环岛	xi dian huan dao	5
西庙乡	xi miao xiang	3
西府营村	xi fu ying cun	3
西康路	xi kang lu	32
西开公司	xi kai gong si	7
西张	xi zhang	5
西张华村	xi zhang hua cun	4
西张庄村	xi zhang zhuang cun	3
西影路	xi ying lu	5
西影路东口	xi ying lu dong kou	2
西御河沿街	xi yu he yan jie	7
西御街	xi yu jie	2
西总布胡同	xi zong bu hu tong	1
西恒河村	xi heng he cun	5
西户部庄村	xi hu bu zhuang cun	3
西扬威胡同	xi yang wei hu tong	3
西拨子	xi bo zi	1
西拨子村	xi bo zi cun	3
西文庙坪	xi wen miao ping	1
西文村	xi wen cun	5
西斋堂	xi zhai tang	2
西斗铺镇	xi dou pu zhen	4
西斗门	xi dou men	1
西斜七路	xi xie qi lu	3
西斜六路	xi xie liu lu	4
西新	xi xin	9
西新华社区	xi xin hua she qu	4
西新城村	xi xin cheng cun	1
西新帘子胡同	xi xin lian zi hu tong	3
西方村	xi fang cun	7
西旺	xi wang	5
西昌县	xi chang xian	8
西昌村	xi chang cun	1
西晁村	xi chao cun	5
西曹村	xi cao cun	4
西月城街	xi yue cheng jie	1
西木头市	xi mu tou shi	2
西木楼社区	xi mu lou she qu	3
西未庄乡	xi wei zhuang xiang	3
西李	xi li	5
西李庄	xi li zhuang	3
西村村	xi cun cun	2
西杨坨村	xi yang tuo cun	3
西杨庄	xi yang zhuang	3
西杨村	xi yang cun	6
西松树胡同	xi song shu hu tong	3
西板桥	xi ban qiao	6
西林寺	xi lin si	24
西林村	xi lin cun	9
西枪厂胡同	xi qiang chang hu tong	1
西查寨	xi cha zhai	3
西柳林	xi liu lin	5
西栅子村	xi zha zi cun	1
西树行	xi shu hang	3
西栓胡同	xi shuan hu tong	2
西格木乡	xi ge mu xiang	3
西桃园	xi tao yuan	6
西梁庄	xi liang zhuang	2
西梁村	xi liang cun	4
西梅村	xi mei cun	3
西梆子市街	xi bang zi shi jie	6
西椅子胡同	xi yi zi hu tong	6
西楼后街	xi lou hou jie	3
西槐里胡同	xi huai li hu tong	2
西槽头乡	xi cao tou xiang	2
西樊各庄村	xi fan ge zhuang cun	4
西横街	xi heng jie	8
西樵云瀑	xi qiao yun pu	3
西樵山	xi qiao shan	37
西橡	xi xiang	4
西歧乡	xi qi xiang	3
西水井胡同	xi shui jing hu tong	4
西水泉	xi shui quan	3
西沈庄村	xi shen zhuang cun	2
西沙各庄	xi sha ge zhuang	3
西沙各庄村	xi sha ge zhuang cun	4
西沙城乡	xi sha cheng xiang	1
西沙屯	xi sha tun	7
西沙屯村	xi sha tun cun	4
西沙村	xi sha cun	5
西沙河	xi sha he	4
西沙窝村	xi sha wo cun	4
西沟外村	xi gou wai cun	2
西沟满族乡	xi gou man zu xiang	2
西沟门乡	xi gou men xiang	3
西沥津村	xi li jin cun	3
西河下	xi he xia	3
西河体育中心	xi he ti yu zhong xin	3
西河庄乡	xi he zhuang xiang	3
西河底镇	xi he di zhen	5
西河桥	xi he qiao	2
西河沿	xi he yan	14
西河街	xi he jie	8
西沿村	xi yan cun	3
西泉	xi quan	13
西波浪泉	xi bo lang quan	5
西洋新村	xi yang xin cun	3
西洋村	xi yang cun	4
西洋桥	xi yang qiao	3
西洋路	xi yang lu	6
西洛镇	xi luo zhen	3
西津古渡	xi jin gu du	6
西津街道	xi jin jie dao	1
西洪泰庄	xi hong tai zhuang	3
西洪路	xi hong lu	7
西洲村	xi zhou cun	1
西洼	xi wa	5
西洼地	xi wa di	6
西洼子	xi wa zi	1
西流乡	xi liu xiang	4
西流湾	xi liu wan	7
西浦路	xi pu lu	2
西海子公园	xi hai zi gong yuan	1
西海烈士陵园	xi hai lie shi ling yuan	3
西海街道	xi hai jie dao	1
西涧河	xi jian he	1
西淮坝乡	xi huai ba xiang	2
西港村	xi gang cun	5
西游记宫	xi you ji gong	5
西湖体育馆	xi hu ti yu guan	5
西湖公园	xi hu gong yuan	33
西湖大道	xi hu da dao	9
西湖大酒店	xi hu da jiu dian	6
西湖头	xi hu tou	2
西湖宾馆	xi hu bin guan	5
西湖小区	xi hu xiao qu	5
西湖时代广场	xi hu shi dai guang chang	6
西湖景区街道	xi hu jing qu jie dao	1
西湖村大街	xi hu cun da jie	3
西湖桥	xi hu qiao	2
西湖港	xi hu gang	2
西湖社区	xi hu she qu	4
西湖苑	xi hu yuan	2
西湖营	xi hu ying	3
西湖路	xi hu lu	16
西湖道	xi hu dao	2
西湖道卧龙北里	xi hu dao wo long bei li	2
西湖金座	xi hu jin zuo	3
西湖高尔夫别墅	xi hu gao er fu bie shu	4
西湾东	xi wan dong	1
西湾子	xi wan zi	3
西湾小学	xi wan xiao xue	5
西溪山庄	xi xi shan zhuang	1
西溪村	xi xi cun	21
西溪桥	xi xi qiao	2
西溪风情	xi xi feng qing	5
西滘	xi jiao	1
西滨河路	xi bin he lu	2
西滩村	xi tan cun	2
西潞园	xi lu yuan	5
西潞苑小区	xi lu yuan xiao qu	4
西澳洲	xi ao zhou	35
西瀛里	xi ying li	1
西燕	xi yan	40
西牌楼	xi pai lou	7
西牛峪村	xi niu yu cun	4
西物	xi wu	2
西狮子巷	xi shi zi xiang	2
西玉河	xi yu he	6
西玉河村	xi yu he cun	4
西玉龙街	xi yu long jie	1
西王佐	xi wang zuo	4
西王化营村	xi wang hua ying cun	3
西王庄	xi wang zhuang	3
西王庄村委会	xi wang zhuang cun wei hui	3
西王村	xi wang cun	3
西王路村	xi wang lu cun	3
西环北路	xi huan bei lu	6
西环南	xi huan nan	4
西环南路	xi huan nan lu	1
西环城	xi huan cheng	1
西环城路	xi huan cheng lu	2
西环街道	xi huan jie dao	3
西环路	xi huan lu	43
西环里	xi huan li	4
西环里社区	xi huan li she qu	3
西班牙港	xi ban ya gang	28
西瓜圃桥	xi gua pu qiao	5
西瓦尔图镇	xi wa er tu zhen	1
西甘池村	xi gan chi cun	2
西田各庄	xi tian ge zhuang	3
西田阳	xi tian yang	6
西田阳村	xi tian yang cun	5
西由	xi you	6
西电医院	xi dian yi yuan	3
西留庄	xi liu zhuang	3
西畲	xi she	3
西畲村	xi she cun	2
西登	xi deng	5
西白家窑	xi bai jia yao	2
西白岱村	xi bai dai cun	4
西白庙村	xi bai miao cun	2
西白村	xi bai cun	3
西白疃村	xi bai tuan cun	2
西白辛庄	xi bai xin zhuang	2
西白辛庄村	xi bai xin zhuang cun	3
西盛	xi sheng	8
西盟	xi meng	25
西盟县	xi meng xian	7
西直河	xi zhi he	8
西直河中街	xi zhi he zhong jie	3
西直河北口	xi zhi he bei kou	3
西直河南里	xi zhi he nan li	3
西直门内	xi zhi men nei	18
西直门南	xi zhi men nan	5
西直门南小街	xi zhi men nan xiao jie	1
西直门外	xi zhi men wai	23
西直门外南路	xi zhi men wai nan lu	7
西直门站外环	xi zhi men zhan wai huan	4
西石古岩村	xi shi gu yan cun	2
西石门	xi shi men	2
西砖胡同	xi zhuan hu tong	3
西碱厂乡	xi jian chang xiang	2
西磁	xi ci	3
西磁各庄	xi ci ge zhuang	2
西禅寺	xi chan si	8
西福	xi fu	13
西福村	xi fu cun	2
西福村社区	xi fu cun she qu	3
西福社区	xi fu she qu	3
西秋乡	xi qiu xiang	2
西稍门	xi shao men	8
西穆坞	xi mu wu	4
西窑	xi yao	3
西窑头	xi yao tou	5
西立交	xi li jiao	1
西立交北	xi li jiao bei	3
西竖镇	xi shu zhen	3
西站前街	xi zhan qian jie	2
西站路口	xi zhan lu kou	6
西章胡同	xi zhang hu tong	3
西管头	xi guan tou	3
西红门	xi hong men	33
西红门一村	xi hong men yi cun	2
西红门七村	xi hong men qi cun	2
西红门二村	xi hong men er cun	2
西红门北站	xi hong men bei zhan	3
西红门医院	xi hong men yi yuan	5
西红门十二村	xi hong men shi er cun	2
西红门十村	xi hong men shi cun	2
西红门南站	xi hong men nan zhan	3
西红门四村	xi hong men si cun	3
西红门地区	xi hong men di qu	2
西红门胡同	xi hong men hu tong	1
西红门西站	xi hong men xi zhan	5
西红门路东口	xi hong men lu dong kou	2
西红门镇政府	xi hong men zhen zheng fu	1
西绒线胡同	xi rong xian hu tong	9
西绦胡同	xi tao hu tong	4
西罗园	xi luo yuan	4
西罗园第三社区	xi luo yuan di san she qu	3
西罗圈胡同	xi luo quan hu tong	4
西羊坊	xi yang fang	2
西羊市	xi yang shi	3
西羊管胡同	xi yang guan hu tong	3
西羊羔乡	xi yang gao xiang	3
西美	xi mei	7
西翠路口东	xi cui lu kou dong	2
西翠路口西	xi cui lu kou xi	2
西老店	xi lao dian	3
西老胡同	xi lao hu tong	2
西脑包	xi nao bao	1
西脑包街道	xi nao bao jie dao	2
西航福利区	xi hang fu li qu	3
西航花园	xi hang hua yuan	7
西芦各庄村	xi lu ge zhuang cun	2
西芦垡村	xi lu fa cun	4
西芦城村	xi lu cheng cun	3
西芯大道	xi xin da dao	8
西芯大道东	xi xin da dao dong	3
西花	xi hua	5
西花厅胡同	xi hua ting hu tong	3
西花园街道	xi hua yuan jie dao	3
西花园路街道	xi hua yuan lu jie dao	6
西苑公园	xi yuan gong yuan	4
西苑北站	xi yuan bei zhan	2
西苑医院	xi yuan yi yuan	4
西苑医院社区	xi yuan yi yuan she qu	2
西苑南站	xi yuan nan zhan	2
西苑街	xi yuan jie	1
西苕溪大桥	xi tiao xi da qiao	2
西草寨	xi cao zhai	3
西草马路	xi cao ma lu	4
西莲乡	xi lian xiang	5
西菜园乡政府	xi cai yuan xiang zheng fu	2
西菜园街道	xi cai yuan jie dao	3
西营子	xi ying zi	3
西营子村	xi ying zi cun	3
西营居委会	xi ying ju wei hui	3
西营房	xi ying fang	4
西营街	xi ying jie	4
西营路	xi ying lu	4
西营门大街	xi ying men da jie	2
西营门街道	xi ying men jie dao	3
西萨摩亚	xi sa mo ya	26
西蒋村	xi jiang cun	2
西蒲村	xi pu cun	3
西蔡村	xi cai cun	3
西藏中路	xi zang zhong lu	20
西藏北路	xi zang bei lu	18
西藏区	xi zang qu	8
西藏南路	xi zang nan lu	23
西藏路	xi zang lu	24
西虹东路	xi hong dong lu	8
西虹路	xi hong lu	5
西行路	xi xing lu	1
西街北口	xi jie bei kou	5
西街小学	xi jie xiao xue	8
西街居委会	xi jie ju wei hui	4
西街市场	xi jie shi chang	4
西街村委会	xi jie cun wei hui	1
西街村村委会	xi jie cun cun wei hui	4
西裱褙胡同	xi biao bei hu tong	10
西观音寺	xi guan yin si	1
西解放立交桥	xi jie fang li jiao qiao	7
西贯市	xi guan shi	1
西贺村	xi he cun	1
西赵家庄	xi zhao jia zhuang	2
西车辆段	xi che liang duan	5
西辛	xi xin	13
西辛力屯村	xi xin li tun cun	4
西辛北区	xi xin bei qu	4
西辛南区	xi xin nan qu	4
西辛峰村	xi xin feng cun	4
西辛庄	xi xin zhuang	5
西辛庄村委会	xi xin zhuang cun wei hui	5
西辛庄村村委会	xi xin zhuang cun cun wei hui	3
西辛店乡	xi xin dian xiang	5
西辛房	xi xin fang	5
西辛第一社区	xi xin di yi she qu	3
西辛置	xi xin zhi	3
西辛营乡	xi xin ying xiang	4
西迁节	xi qian jie	9
西递宏村	xi di hong cun	21
西道口	xi dao kou	9
西道口东	xi dao kou dong	3
西邵渠村	xi shao qu cun	4
西郊农场	xi jiao nong chang	4
西郊宾馆	xi jiao bin guan	8
西郊桥	xi jiao qiao	2
西郊热电厂	xi jiao re dian chang	7
西郊社区	xi jiao she qu	4
西部人才市场	xi bu ren cai shi chang	4
西部国际车城	xi bu guo ji che cheng	6
西部大道	xi bu da dao	4
西部家具城	xi bu jia ju cheng	6
西郭	xi guo	7
西郭城镇	xi guo cheng zhen	2
西郭村村委会	xi guo cun cun wei hui	2
西鄢乡	xi yan xiang	2
西里村	xi li cun	6
西里河	xi li he	1
西里河村	xi li he cun	3
西金村	xi jin cun	4
西钓鱼台	xi diao yu tai	1
西铁分局	xi tie fen ju	4
西铁匠胡同	xi tie jiang hu tong	5
西铁小区	xi tie xiao qu	1
西铁营社区	xi tie ying she qu	3
西铭	xi ming	23
西铭乡	xi ming xiang	3
西铭矿	xi ming kuang	5
西锦	xi jin	1
西锦村	xi jin cun	1
西镇江胡同	xi zhen jiang hu tong	3
西长峪村	xi chang yu cun	3
西长沟村	xi chang gou cun	2
西长街	xi chang jie	1
西长街街道	xi chang jie jie dao	3
西门乡	xi men xiang	2
西门停车场	xi men ting che chang	7
西门口	xi men kou	47
西门头	xi men tou	1
西门安置区	xi men an zhi qu	2
西门村	xi men cun	1
西门社区	xi men she qu	4
西门街	xi men jie	20
西门路	xi men lu	39
西门车站	xi men che zhan	5
西闸	xi zha	9
西闸口	xi zha kou	20
西闸口南口	xi zha kou nan kou	4
西闸村	xi zha cun	4
西队	xi dui	5
西阳回族乡	xi yang hui zu xiang	3
西阳城乡	xi yang cheng xiang	6
西阳泽乡	xi yang ze xiang	3
西阳路	xi yang lu	2
西阶	xi jie	11
西陂	xi bei	4
西陵一路	xi ling yi lu	4
西陵山	xi ling shan	2
西陵村	xi ling cun	4
西青路	xi qing lu	5
西青道	xi qing dao	5
西青龙街	xi qing long jie	3
西靖乡	xi jing xiang	5
西顺城街	xi shun cheng jie	7
西风路	xi feng lu	3
西马厂	xi ma chang	3
西马厂北口	xi ma chang bei kou	2
西马场北里社区	xi ma chang bei li she qu	2
西马场南里社区	xi ma chang nan li she qu	2
西马坊	xi ma fang	4
西马寨	xi ma zhai	5
西马小区社区	xi ma xiao qu she qu	2
西马庄	xi ma zhuang	1
西马村	xi ma cun	1
西马桥小区	xi ma qiao xiao qu	3
西马棚街	xi ma peng jie	4
西马街	xi ma jie	1
西马路	xi ma lu	9
西马路卫安中里	xi ma lu wei an zhong li	2
西高各庄	xi gao ge zhuang	2
西麻各庄村	xi ma ge zhuang cun	2
西黄城根	xi huang cheng gen	8
西黄城根南街	xi huang cheng gen nan jie	14
西黄庄	xi huang zhuang	4
西黄村小区	xi huang cun xiao qu	3
西黄村站	xi huang cun zhan	8
西黄村西口	xi huang cun xi kou	4
西黑沟	xi hei gou	6
西龙头乡	xi long tou xiang	3
西龙湾村	xi long wan cun	3
西龙门乡	xi long men xiang	3
要前	yao qian	7
要家庄乡	yao jia zhuang xiang	3
观光市场	guan guang shi chang	3
观凤乡	guan feng xiang	4
观山	guan shan	45
观山乡	guan shan xiang	2
观山村	guan shan cun	8
观山水	guan shan shui	3
观庄乡	guan zhuang xiang	4
观斗苗族乡	guan dou miao zu xiang	3
观日台	guan ri tai	6
观沙岭	guan sha ling	6
观海路	guan hai lu	3
观潮节	guan chao jie	8
观澜影剧院	guan lan ying ju yuan	3
观澜汽车站	guan lan qi che zhan	7
观澜第二中学	guan lan di er zhong xue	3
观澜镇政府	guan lan zhen zheng fu	3
观畴园	guan chou yuan	2
观绿	guan lv	6
观音井	guan yin jing	1
观音坐莲	guan yin zuo lian	21
观音垱镇	guan yin dang zhen	1
观音堂	guan yin tang	46
观音堂东	guan yin tang dong	1
观音塘	guan yin tang	11
观音塘小区	guan yin tang xiao qu	6
观音寺南里社区	guan yin si nan li she qu	2
观音寺村	guan yin si cun	4
观音寺胡同	guan yin si hu tong	5
观音岩	guan yin yan	25
观音岭	guan yin ling	4
观音庙	guan yin miao	45
观音座前	guan yin zuo qian	3
观音庵	guan yin an	9
观音庵胡同	guan yin an hu tong	2
观音村	guan yin cun	10
观音桥村	guan yin qiao cun	6
观音沟	guan yin gou	4
观音里	guan yin li	7
观音门	guan yin men	1
观风海镇	guan feng hai zhen	4
观鱼镇	guan yu zhen	2
规划三路	gui hua san lu	6
规划人行天桥	gui hua ren xing tian qiao	3
规划十三号路	gui hua shi san hao lu	2
规划名	gui hua ming	11
规划滨江路	gui hua bin jiang lu	1
觅儿寺镇	mi er si zhen	7
觅子乡	mi zi xiang	3
觅子店路口	mi zi dian lu kou	4
觅西路	mi xi lu	4
览表	lan biao	4
觉吾	jue wu	5
觉拉乡	jue la xiang	3
觉洛乡	jue luo xiang	3
觉海寺	jue hai si	3
觉莫乡	jue mo xiang	2
角仔	jiao zi	15
角坑	jiao keng	1
角塘村	jiao tang cun	1
角子	jiao zi	37
角岭	jiao ling	3
角弓镇	jiao gong zhen	4
角斜	jiao xie	2
角方	jiao fang	1
角清	jiao qing	1
角都	jiao du	9
角里	jiao li	8
角门东里一社区	jiao men dong li yi she qu	3
角门东里西社区	jiao men dong li xi she qu	2
角门北路	jiao men bei lu	5
角门北路东口	jiao men bei lu dong kou	2
角门南站	jiao men nan zhan	3
解元乡	jie yuan xiang	3
解家堡乡	jie jia pu xiang	5
解州镇	xie zhou zhen	4
解庄	xie zhuang	1
解放东路	jie fang dong lu	32
解放公园	jie fang gong yuan	14
解放公园路	jie fang gong yuan lu	5
解放军政治学院	jie fang jun zheng zhi xue yuan	13
解放北路	jie fang bei lu	25
解放北路一段	jie fang bei lu yi duan	4
解放南路	jie fang nan lu	19
解放南路口	jie fang nan lu kou	4
解放南路立交桥	jie fang nan lu li jiao qiao	3
解放四村	jie fang si cun	6
解放坝	jie fang ba	1
解放大桥	jie fang da qiao	3
解放大街	jie fang da jie	2
解放大路	jie fang da lu	29
解放广场	jie fang guang chang	11
解放新村	jie fang xin cun	5
解放桥	jie fang qiao	25
解放街	jie fang jie	10
解放西街	jie fang xi jie	1
解放西街口	jie fang xi jie kou	2
解放西街街道	jie fang xi jie jie dao	4
解放西路	jie fang xi lu	46
解放西路小学	jie fang xi lu xiao xue	4
解放路一段	jie fang lu yi duan	8
解放路吴山路口	jie fang lu wu shan lu kou	3
解放路小学	jie fang lu xiao xue	1
解放路秋涛路口	jie fang lu qiu tao lu kou	5
解放门	jie fang men	10
解放阁	jie fang ge	4
解百商店	jie bai shang dian	3
解营	jie ying	5
言志胡同	yan zhi hu tong	3
訾洲	zi zhou	5
詹家	zhan jia	19
詹家湾	zhan jia wan	3
詹家溪街道	zhan jia xi jie dao	5
詹庄子路	zhan zhuang zi lu	3
警官公寓	jing guan gong yu	5
警尔胡同	jing er hu tong	3
警战	jing zhan	3
警民路	jing min lu	4
计家	ji jia	4
计生局	ji sheng ju	3
计算新村	ji suan xin cun	2
计算机房	ji suan ji fang	9
讨口子	tao kou zi	14
讨号板新村	tao hao ban xin cun	4
让家溪乡	rang jia xi xiang	4
讲堂乡	jiang tang xiang	4
讲堂前	jiang tang qian	1
讲武殿	jiang wu dian	4
讲礼	jiang li	9
讷南镇	ne nan zhen	2
讷河县	ne he xian	5
讷河市	ne he shi	14
许东	xu dong	32
许前	xu qian	8
许厝村	xu cuo cun	1
许厝社区	xu cuo she qu	2
许商街道	xu shang jie dao	7
许场村	xu chang cun	2
许坑	xu keng	1
许坑社区	xu keng she qu	3
许坦	xu tan	4
许坦北	xu tan bei	3
许家坊土家族乡	xu jia fang tu jia zu xiang	4
许家山	xu jia shan	5
许家庄	xu jia zhuang	1
许家村	xu jia cun	6
许家桥回族维吾尔族乡	xu jia qiao hui zu wei wu er zu xiang	3
许家湾	xu jia wan	5
许巷	xu xiang	5
许庄	xu zhuang	10
许庄村	xu zhuang cun	3
许庄村委会	xu zhuang cun wei hui	2
许昌市经济技术开发区	xu chang shi jing ji ji shu kai fa qu	3
许昌市魏都区	xu chang shi wei du qu	4
许昌路	xu chang lu	1
许楼	xu lou	5
许洼村	xu wa cun	2
许港	xu gang	2
许营	xu ying	4
许衡街道	xu heng jie dao	3
许西	xu xi	7
设备厂	she bei chang	24
设备处	she bei chu	6
评事街	ping shi jie	1
识字岭	shi zi ling	2
识经乡	shi jing xiang	3
试剑	shi jian	9
诗元村	shi yuan cun	2
诗南	shi nan	3
诗南村	shi nan cun	4
诗山	shi shan	19
诗经村	shi jing cun	3
诗经村乡	shi jing cun xiang	2
诚实胡同	cheng shi hu tong	4
诚峰	cheng feng	3
诚峰村	cheng feng cun	2
诚平村	cheng ping cun	2
诚斋	cheng zhai	19
诚盛花园	cheng sheng hua yuan	5
话园	hua yuan	5
说锤子	shuo chui zi	4
诸城市	zhu cheng shi	33
诸城路	zhu cheng lu	2
诸宅	zhu zhai	2
诸家乡	zhu jia xiang	2
诸暨县	zhu ji xian	33
诸暨市	zhu ji shi	24
诸流	zhu liu	3
诸老大粽子	zhu lao da zong zi	4
诸葛祠	zhu ge ci	3
诺丁山郡	nuo ding shan jun	3
读书村	du shu cun	5
调兵山市	diao bing shan shi	4
谈固街道	tan gu jie dao	1
谈家扇村	tan jia shan cun	2
谈家渡路	tan jia du lu	3
谈桥	tan qiao	4
谝传子	pian chuan zi	4
谝闲传	pian xian chuan	5
谢坑	xie keng	2
谢家坝	xie jia ba	6
谢家坪	xie jia ping	1
谢家垭乡	xie jia ya xiang	4
谢家堡乡	xie jia bao xiang	2
谢家塘	xie jia tang	4
谢家大院	xie jia da yuan	4
谢家寨	xie jia zhai	2
谢家山	xie jia shan	4
谢家庄	xie jia zhuang	7
谢家村	xie jia cun	2
谢家桥	xie jia qiao	2
谢家沟村	xie jia gou cun	2
谢家湾	xie jia wan	12
谢家祠堂	xie jia ci tang	3
谢家胡同	xie jia hu tong	2
谢家营	xie jia ying	1
谢家院子	xie jia yuan zi	4
谢家集	xie jia ji	6
谢屋	xie wu	1
谢庄村	xie zhuang cun	1
谢桥	xie qiao	5
谢桥街道	xie qiao jie dao	2
谢楼	xie lou	3
谢江	xie jiang	18
谢河	xie he	3
谢港	xie gang	4
谢琦	xie qi	3
谢琳	xie lin	22
谢辛庄	xie xin zhuang	2
谢非	xie fei	7
谭坊	tan fang	4
谭家场乡	tan jia chang xiang	6
谭家村	tan jia cun	7
谭家桥	tan jia qiao	4
谭家湾	tan jia wan	3
谭家湾镇	tan jia wan zhen	6
谭家里	tan jia li	3
谭尧	tan yao	4
谭村	tan cun	10
谭桂芬	tan gui fen	4
谭石	tan shi	2
谭艳	tan yan	1
谯琉村	qiao liu cun	2
谷东	gu dong	13
谷堆村	gu dui cun	3
谷塘	gu tang	3
谷塘村	gu tang cun	4
谷家村	gu jia cun	2
谷山路	gu shan lu	5
谷岳路	gu yue lu	4
谷曲乡	gu qu xiang	3
谷水	gu shui	11
谷溪	gu xi	18
谷罗山乡	gu luo shan xiang	1
谷门村	gu men cun	2
豁飘	huo piao	2
豆各庄乡政府	dou ge zhuang xiang zheng fu	5
豆各庄乡政府东	dou ge zhuang xiang zheng fu dong	2
豆各庄桥	dou ge zhuang qiao	5
豆各庄路口南	dou ge zhuang lu kou nan	3
豆各庄路口西	dou ge zhuang lu kou xi	4
豆嘴胡同	dou zui hu tong	3
豆坡	dou po	3
豆庄	dou zhuang	2
豆庄村	dou zhuang cun	3
豆瓣胡同	dou ban hu tong	6
豆腐堰	dou fu yan	5
豆腐巷	dou fu xiang	8
豆腐桥	dou fu qiao	4
豆腐石	dou fu shi	4
豆腐营街道	dou fu ying jie dao	3
豆腐陈胡同	dou fu chen hu tong	2
豆角地	dou jiao di	5
豆角胡同	dou jiao hu tong	4
豆豉园	dou chi yuan	2
象园头	xiang yuan tou	1
象山村	xiang shan cun	3
象山樵歌	xiang shan qiao ge	2
象山社区	xiang shan she qu	6
象州	xiang zhou	49
象房	xiang fang	3
象房新村	xiang fang xin cun	5
象明彝族乡	xiang ming yi zu xiang	2
象栏	xiang lan	4
象鼻山	xiang bi shan	43
豪格松	hao ge song	3
豫丰	yu feng	7
豫新	yu xin	10
豹子岭	bao zi ling	6
豹房	bao fang	5
贝丽北路	bei li bei lu	5
贝澳	bei ao	5
贞丰	zhen feng	30
贞洋村	zhen yang cun	2
贡井	gong jing	39
贡嘎山	gong ga shan	20
贡寮乡	gong liao xiang	18
贡山县	gong shan xian	5
贡当乡	gong dang xiang	5
贡水	gong shui	1
贡江	gong jiang	7
贡波乡	gong bo xiang	2
贡觉	gong jue	31
贡院街	gong yuan jie	3
贡隆	gong long	3
财产保险公司	cai chan bao xian gong si	9
财保	cai bao	3
财厅	cai ting	12
财大社区	cai da she qu	3
财富名城	cai fu ming cheng	2
财富广场	cai fu guang chang	2
财政学校	cai zheng xue xiao	8
财智大厦	cai zhi da sha	3
财神庙街道	cai shen miao jie dao	4
财税学院	cai shui xue yuan	1
财粮	cai liang	12
财经学校	cai jing xue xiao	36
财苑小区	cai yuan xiao qu	2
财贸学校	cai mao xue xiao	22
财贸干校	cai mao gan xiao	4
贤士湖管委会	xian shi hu guan wei hui	2
贤家村	xian jia cun	1
贤王庄村	xian wang zhuang cun	2
贤良祠	xian liang ci	40
货厂	huo chang	5
货场大街	huo chang da jie	3
货场路	huo chang lu	5
货站路	huo zhan lu	6
货运市场	huo yun shi chang	4
质大	zhi da	7
质检基地	zhi jian ji di	5
质量监督局	zhi liang jian du ju	10
购书中心	gou shu zhong xin	36
贲红镇	ben hong zhen	2
贵县	gui xian	40
贵和街	gui he jie	9
贵园东里	gui yuan dong li	2
贵园南里	gui yuan nan li	3
贵园小区	gui yuan xiao qu	4
贵头村	gui tou cun	4
贵峰	gui feng	5
贵峰村	gui feng cun	1
贵州开阳县金中镇	gui zhou kai yang xian jin zhong zhen	3
贵州省威宁县	gui zhou sheng wei ning xian	2
贵州路	gui zhou lu	9
贵昆铁路	gui kun tie lu	10
贵民乡	gui min xiang	4
贵池市	gui chi shi	47
贵池路	gui chi lu	5
贵港市港北	gui gang shi gang bei	5
贵港市港北区	gui gang shi gang bei qu	1
贵港市港南	gui gang shi gang nan	5
贵港市港南区	gui gang shi gang nan qu	2
贵溪县	gui xi xian	48
贵都路	gui du lu	3
贵阳市十九中	gui yang shi shi jiu zhong	2
贵阳市十八中	gui yang shi shi ba zhong	3
贵阳市实验二中	gui yang shi shi yan er zhong	3
贵阳市河滨公园	gui yang shi he bin gong yuan	4
贵阳市环西小学	gui yang shi huan xi xiao xue	2
贵阳市黔灵公园	gui yang shi qian ling gong yuan	3
贵阳街	gui yang jie	4
贵阳路	gui yang lu	8
贵阳路吉利花园	gui yang lu ji li hua yuan	3
贸易学校	mao yi xue xiao	19
贸易开发区	mao yi kai fa qu	5
费尼克斯	fei ni ke si	7
费桥	fei qiao	3
贺丞新村	he cheng xin cun	2
贺兰山西路街道	he lan shan xi lu jie dao	4
贺兰路	he lan lu	3
贺南村	he nan cun	3
贺家会乡	he jia hui xiang	2
贺家土街道	he jia tu jie dao	4
贺家寨	he jia zhai	5
贺家山	he jia shan	5
贺家山原种场	he jia shan yuan zhong chang	4
贺家川镇	he jia chuan zhen	4
贺家庄	he jia zhuang	6
贺家庄乡	he jia zhuang xiang	4
贺家村	he jia cun	7
贺家沟	he jia gou	1
贺家湾乡	he jia wan xiang	2
贺家田乡	he jia tian xiang	1
贺家窑	he jia yao	3
贺庄	he zhuang	1
贺庄村委会	he zhuang cun wei hui	2
贺斌	he bin	1
贺斯格乌拉牧场	he si ge wu la mu chang	1
贺村	he cun	33
贺杖子乡	he zhang zi xiang	2
贺波洛乡	he bo luo xiang	3
贺洋	he yang	1
贺田	he tian	42
贺营乡	he ying xiang	3
贺钊乡	he zhao xiang	2
贺韶村	he shao cun	2
贺龙体育馆	he long ti yu guan	9
贼娃子	zei wa zi	38
贼营	zei ying	3
贾什字	jia shen zi	4
贾光乡	jia guang xiang	6
贾加乡	jia jia xiang	3
贾坝乡	jia ba xiang	6
贾塘乡	jia tang xiang	4
贾家坪镇	jia jia ping zhen	3
贾家垣乡	jia jia yuan xiang	3
贾家屯乡	jia jia tun xiang	4
贾家庄	jia jia zhuang	8
贾家店农场	jia jia dian nong chang	1
贾家弄	jia jia long	4
贾家弄新村	jia jia long xin cun	3
贾家村村	jia jia cun cun	2
贾家村村委会	gu jia cun cun wei hui	2
贾家沟	jia jia gou	4
贾家湾	jia jia wan	4
贾家窑	jia jia yao	3
贾家花园	jia jia hua yuan	4
贾寨村委会	jia zhai cun wei hui	3
贾山	jia shan	1
贾岗	jia gang	1
贾岭村	jia ling cun	2
贾峪口	jia yu kou	4
贾川乡	jia chuan xiang	3
贾市乡	jia shi xiang	6
贾庄	jia zhuang	8
贾庄居委会	jia zhuang ju wei hui	2
贾庄村	jia zhuang cun	2
贾庄村委会	jia zhuang cun wei hui	2
贾悦	jia yue	8
贾戈庄	jia ge zhuang	2
贾掌镇	jia zhang zhen	4
贾洛乡	jia luo xiang	4
贾豁乡	jia huo xiang	1
贾鲁河	jia lu he	19
资兴县	zi xing xian	7
资兴市	zi xing shi	9
资峪乡	zi yu xiang	2
资市镇	zi shi zhen	2
资水道	zi shui dao	1
资溪	zi xi	15
资溪街道	zi xi jie dao	2
资福	zi fu	24
资阳县	zi yang xian	8
资阳地区	zi yang di qu	5
资阳路	zi yang lu	1
赊店镇	she dian zhen	5
赐儿山	ci er shan	1
赐恩岩	ci en yan	3
赐闲湖	ci xian hu	4
赖厝	lai cuo	42
赖厝社区	lai cuo she qu	3
赖家新桥	lai jia xin qiao	3
赖家新桥路口	lai jia xin qiao lu kou	3
赖屋	lai wu	5
赖马庄	lai ma zhuang	1
赛世香樟园	sai shi xiang zhang yuan	4
赛乃姆	sai nai mu	3
赛什斯镇	sai shi si zhen	5
赛博特汽车城	sai bo te qi che cheng	5
赛尔龙乡	sai er long xiang	6
赛德广场	sai de guang chang	3
赛来塘镇	sai lai tang zhen	3
赛格广场	sai ge guang chang	2
赛格电脑城	sai ge dian nao cheng	7
赛汉陶来苏木	sai han tao lai su mu	1
赛特医院	sai te yi yuan	2
赛虹桥	sai hong qiao	1
赛里木湖	sai li mu hu	27
赛鱼街道	sai yu jie dao	3
赞成湖畔居	zan cheng hu pan ju	5
赞杨	zan yang	4
赞阳街道	zan yang jie dao	2
赠科乡	zeng ke xiang	3
赣东大道	gan dong da dao	4
赣江路	gan jiang lu	5
赤丸	chi wan	32
赤南乡	chi nan xiang	2
赤土	chi tu	38
赤土村	chi tu cun	5
赤土社区	chi tu she qu	3
赤坑	chi keng	2
赤城街道	chi cheng jie dao	2
赤城路	chi cheng lu	3
赤塘	chi tang	5
赤塘村	chi tang cun	6
赤壁市	chi bi shi	21
赤壁路小学	chi bi lu xiao xue	7
赤多乡	chi duo xiang	2
赤尾天桥	chi wei tian qiao	4
赤尾岛	chi wei dao	5
赤山埠	chi shan bu	2
赤山村	chi shan cun	7
赤山路	chi shan lu	7
赤岗	chi gang	43
赤岗东	chi gang dong	6
赤岗冲	chi gang chong	1
赤岗塔	chi gang ta	7
赤岗大塘	chi gang da tang	5
赤岗村	chi gang cun	3
赤岗路	chi gang lu	1
赤岛	chi dao	9
赤岭	chi ling	33
赤岭村	chi ling cun	5
赤岭路	chi ling lu	8
赤岸	chi an	12
赤峰县	chi feng xian	8
赤峰街	chi feng jie	3
赤峰路	chi feng lu	16
赤峰道	chi feng dao	2
赤桥村	chi qiao cun	5
赤水县	chi shui xian	5
赤水市	chi shui shi	13
赤水村	chi shui cun	5
赤沙	chi sha	26
赤沙水库	chi sha shui ku	3
赤泥	chi ni	12
赤洲	chi zhou	1
赤涧傅村	chi jian fu cun	2
赤湖	chi hu	1
赤湖村	chi hu cun	3
赤湾	chi wan	42
赤湾三路	chi wan san lu	4
赤湾五路	chi wan wu lu	3
赤湾六路	chi wan liu lu	2
赤湾路	chi wan lu	2
赤溪	chi xi	27
赤溪村	chi xi cun	8
赤片	chi pian	3
赤片村	chi pian cun	2
赤石村	chi shi cun	4
赤花	chi hua	1
赤花村	chi hua cun	3
赤西	chi xi	12
赤门	chi men	19
赤马	chi ma	5
赫德岛	he de dao	21
赫章	he zhang	23
走人户	zou ren hu	10
走野	zou ye	6
走马坪	zou ma ping	4
走马坪白族乡	zou ma ping bai zu xiang	5
走马塘	zou ma tang	16
走马岗	zou ma gang	3
走马岭	zou ma ling	5
走马楼	zou ma lou	37
走马街	zou ma jie	7
赵五家湾乡	zhao wu jia wan xiang	2
赵全营	zhao quan ying	8
赵公口桥南	zhao gong kou qiao nan	4
赵公口桥西	zhao gong kou qiao xi	6
赵公口长途站	zhao gong kou chang tu zhan	5
赵南村	zhao nan cun	3
赵各庄	zhao ge zhuang	14
赵园	zhao yuan	6
赵国臣	zhao guo chen	4
赵坊	zhao fang	2
赵坡	zhao po	2
赵堂子胡同	zhao tang zi hu tong	4
赵塘乡	zhao tang xiang	3
赵宅	zhao zhai	4
赵官庄	zhao guan zhuang	2
赵宝成	zhao bao cheng	5
赵家园	zhao jia yuan	1
赵家场	zhao jia chang	3
赵家坝	zhao jia ba	9
赵家坡	zhao jia po	5
赵家坪	zhao jia ping	2
赵家坪乡	zhao jia ping xiang	3
赵家埠	zhao jia bu	3
赵家屯街道	zhao jia tun jie dao	3
赵家岗土家族乡	zhao jia gang tu jia zu xiang	3
赵家峪	zhao jia yu	4
赵家巷	zhao jia xiang	3
赵家庄村委会	zhao jia zhuang cun wei hui	3
赵家村	zhao jia cun	9
赵家村委会	zhao jia cun wei hui	2
赵家村村	zhao jia cun cun	3
赵家条	zhao jia tiao	3
赵家楼	zhao jia lou	8
赵家楼社区	zhao jia lou she qu	5
赵家楼胡同	zhao jia lou hu tong	2
赵家沟	zhao jia gou	12
赵家浜	zhao jia bang	3
赵家湾	zhao jia wan	5
赵家营	zhao jia ying	5
赵家铺	zhao jia pu	1
赵家院子	zhao jia yuan zi	6
赵山小区	zhao shan xiao qu	4
赵峪	zhao yu	4
赵峪村	zhao yu cun	3
赵幸福	zhao xing fu	3
赵庄	zhao zhuang	24
赵庄南	zhao zhuang nan	3
赵庄子	zhao zhuang zi	4
赵庄村委会	zhao zhuang cun wei hui	3
赵店	zhao dian	2
赵庙	zhao miao	4
赵戈庄	zhao ge zhuang	4
赵文亮	zhao wen liang	5
赵晓红	zhao xiao hong	3
赵村村	zhao cun cun	4
赵桥	zhao qiao	2
赵梦	zhao meng	23
赵楼村村委会	zhao lou cun cun wei hui	2
赵沟村	zhao gou cun	5
赵沽里	zhao gu li	3
赵沽里大街	zhao gu li da jie	3
赵港	zhao gang	3
赵湾村	zhao wan cun	6
赵王河	zhao wang he	12
赵疃	zhao tuan	2
赵石畔镇	zhao shi pan zhen	4
赵窑	zhao yao	4
赵站	zhao zhan	7
赵营	zhao ying	1
赵西村	zhao xi cun	5
赵连城	zhao lian cheng	12
赵陈	zhao chen	4
起义路口	qi yi lu kou	7
起凤	qi feng	36
起凤路	qi feng lu	5
起坞	qi wu	1
起坞乡	qi wu xiang	2
起重机厂	qi zhong ji chang	7
超前路	chao qian lu	1
超山	chao shan	8
超梁子村	chao liang zi cun	5
超毅电子厂	chao yi dian zi chang	2
超越电脑	chao yue dian nao	7
越山路	yue shan lu	5
越桥	yue qiao	3
越河街道	yue he jie dao	1
越秀北路	yue xiu bei lu	2
越秀南路	yue xiu nan lu	5
越秀外国语学院	yue xiu wai guo yu xue yuan	2
越秀层楼	yue xiu ceng lou	4
越秀山	yue xiu shan	33
越秀新晖	yue xiu xin hui	4
越秀桥	yue xiu qiao	7
越秀路	yue xiu lu	4
越秀远眺	yue xiu yuan tiao	5
足民乡	zu min xiang	4
足荣镇	zu rong zhen	3
趴耳朵	pa er duo	5
跃进河	yue jin he	2
跃进社区	yue jin she qu	2
跃进街	yue jin jie	1
跃进路	yue jin lu	18
跃钢办事处	yue gang ban shi chu	3
跃钢家属院	yue gang jia shu yuan	3
跃龙南路	yue long nan lu	3
跃龙路	yue long lu	3
跑马岗	pao ma gang	3
跨塘镇	kua tang zhen	2
跨岸	kua an	5
跨湖桥	kua hu qiao	7
跨车胡同	kua che hu tong	7
路乐	lu le	3
路南彝族自治县	lu nan yi zu zi zhi xian	15
路口村	lu kou cun	3
路头	lu tou	8
路子铺	lu zi pu	7
路家村	lu jia cun	2
路州	lu zhou	6
路庄	lu zhuang	15
路庄村委会	lu zhuang cun wei hui	2
路庄村村委会	lu zhuang cun cun wei hui	2
路庄桥	lu zhuang qiao	3
路新沥青厂	lu xin li qing chang	3
路旺	lu wang	4
路村村	lu cun cun	3
路林市场	lu lin shi chang	5
路桥乡	lu qiao xiang	3
路桥公司	lu qiao gong si	2
路涌	lu yong	5
路溪	lu xi	5
路英	lu ying	3
路西村	lu xi cun	3
路边井	lu bian jing	4
路边社区	lu bian she qu	3
跳伞塔	tiao san ta	8
跳伞塔街道	tiao san ta jie dao	7
跳山	tiao shan	4
跳蹬河	tiao deng he	2
跳蹬河街道	tiao deng he jie dao	7
跸驻乡	bi zhu xiang	2
踏卡	ta ka	2
踏水桥	ta shui qiao	7
踩河	cai he	5
蹇家坡乡	jian jia po xiang	5
躁都镇	zao du zhen	3
车仁乡	che ren xiang	2
车公庄	che gong zhuang	17
车公庙工业区	che gong miao gong ye qu	5
车刘村	che liu cun	5
车南里社区	che nan li she qu	2
车厝社区	che cuo she qu	2
车圈子	che juan zi	4
车坊	che fang	17
车坞乡	che wu xiang	3
车城南街	che cheng nan jie	3
车塔村	che ta cun	3
车塘	che tang	4
车大炮	che da pao	12
车子营	che zi ying	3
车家堡	che jia bao	1
车家岭	che jia ling	6
车家村	che jia cun	2
车巷	che xiang	30
车庄	che zhuang	6
车张村	che zhang cun	4
车拉乡	che la xiang	2
车河管理区	che he guan li qu	2
车添	che tian	4
车田	che tian	7
车留庄	che liu zhuang	1
车站东路	che zhan dong lu	4
车站中里社区	che zhan zhong li she qu	2
车站北路	che zhan bei lu	3
车站北里社区	che zhan bei li she qu	2
车站南路	che zhan nan lu	2
车站大道	che zhan da dao	3
车站新村	che zhan xin cun	5
车站社区	che zhan she qu	7
车站西路	che zhan xi lu	6
车站路	che zhan lu	30
车营	che ying	3
车谷	che gu	29
车赶乡	che gan xiang	4
车轴村	che zhou cun	2
车辇店胡同	che nian dian hu tong	1
车辇胡同	che nian hu tong	3
车道乡	che dao xiang	1
车道沟桥	che dao gou qiao	6
车道沟桥东	che dao gou qiao dong	4
车道沟桥西	che dao gou qiao xi	3
车里坟村	che li fen cun	2
车陂路口	che bei lu kou	6
车鸣峪乡	che ming yu xiang	2
轧钢厂	zha gang chang	16
转导乡	zhuan dao xiang	7
转山子村	zhuan shan zi cun	3
转年村	zhuan nian cun	3
转斗乡	zhuan dou xiang	1
转水	zhuan shui	32
转龙巷	zhuan long xiang	5
轮台	lun tai	23
轮工	lun gong	4
轮渡路	lun du lu	1
轮胎厂	lun tai chang	21
轮船码头	lun chuan ma tou	2
软件园东站	ruan jian yuan dong zhan	2
软件园南站	ruan jian yuan nan zhan	3
软件园广场	ruan jian yuan guang chang	4
软件基地	ruan jian ji di	1
软件工程学院	ruan jian gong cheng xue yuan	5
软件广场	ruan jian guang chang	3
轴承厂	zhou cheng chang	10
轻工学校	qing gong xue xiao	2
轻工学院	qing gong xue yuan	15
轻工小区	qing gong xiao qu	2
轻工市场	qing gong shi chang	1
轻工街	qing gong jie	5
轻工路口	qing gong lu kou	3
轻工路街道	qing gong lu jie dao	3
轻机厂	qing ji chang	5
轻纺城东市场	qing fang cheng dong shi chang	2
轻纺城西市场	qing fang cheng xi shi chang	2
轻纺市场	qing fang shi chang	8
轻纺路	qing fang lu	5
轻院	qing yuan	22
轿子胡同	jiao zi hu tong	5
较场口	jiao chang kou	42
辅城坳总站	fu cheng ao zong zhan	3
辅星路	fu xing lu	3
辅机厂	fu ji chang	1
辉南	hui nan	48
辉县市	hui xian shi	9
辉景乡	hui jing xiang	3
辉煌村	hui huang cun	5
辉苏木	hui su mu	3
辋川	wang chuan	17
辋川村	wang chuan cun	2
辋川镇	wang chuan zhen	1
辑里村	ji li cun	3
输入胡同	shu ru hu tong	5
辕门口街道	yuan men kou jie dao	3
辖曼乡	xia man xiang	4
辛兴	xin xing	6
辛吉街	xin ji jie	2
辛安屯村	xin an tun cun	3
辛安店	xin an dian	3
辛安渡街道	xin an du jie dao	4
辛安镇乡	xin an zhen xiang	2
辛家地	xin jia di	6
辛家安村	xin jia an cun	4
辛家庄	xin jia zhuang	2
辛家庙	xin jia miao	4
辛家庙西村	xin jia miao xi cun	4
辛家沟镇	xin jia gou zhen	4
辛寨	xin zhai	10
辛寨子	xin zhai zi	5
辛寨子广场	xin zhai zi guang chang	3
辛寺胡同	xin si hu tong	1
辛屯	xin tun	6
辛山	xin shan	11
辛庄东站	xin zhuang dong zhan	2
辛庄子	xin zhuang zi	4
辛庄村委会	xin zhuang cun wei hui	3
辛庄村村委会	xin zhuang cun cun wei hui	4
辛庄桥	xin zhuang qiao	7
辛庄路口	xin zhuang lu kou	2
辛庄镇高庄子村	xin zhuang zhen gao zhuang zi cun	2
辛店	xin dian	41
辛立庄	xin li zhuang	4
辛置	xin zhi	1
辛辛板村	xin xin ban cun	5
辛辛板污水处理厂	xin xin ban wu shui chu li chang	3
辛集市	xin ji shi	35
辟才胡同	bi cai hu tong	31
辟才胡同东口	bi cai hu tong dong kou	3
辟才胡同西口	bi cai hu tong xi kou	1
辰兴路	chen xing lu	2
辰山村	chen shan cun	3
辰旺路	chen wang lu	2
辰昌路	chen chang lu	4
辰泰桥	chen tai qiao	2
辰溪	chen xi	45
辰纬路	chen wei lu	3
辰达北路	chen da bei lu	2
辰龙广场	chen long guang chang	5
边坝	bian ba	29
边坝镇	bian ba zhen	3
边家	bian jia	6
边家村	bian jia cun	6
边山	bian shan	40
边巴乡	bian ba xiang	3
边府社区	bian fu she qu	3
边杖子乡	bian zhang zi xiang	3
边检站	bian jian zhan	47
边江村	bian jiang cun	2
边疆宾馆	bian jiang bin guan	7
边石	bian shi	6
边耳	bian er	3
边营	bian ying	5
边防医院	bian fang yi yuan	1
边防局	bian fang ju	19
边防支队	bian fang zhi dui	11
边雄乡	bian xiong xiang	3
边马乡	bian ma xiang	3
辽东郡	liao dong jun	37
辽北路	liao bei lu	3
辽叶湖	liao ye hu	2
辽宁海城市西柳镇	liao ning hai cheng shi xi liu zhen	4
辽宁瓦房店市长兴岛镇	liao ning wa fang dian shi chang xing dao zhen	2
辽宁省兴城市	liao ning sheng xing cheng shi	17
辽宁省抚顺市	liao ning sheng fu shun shi	27
辽宁省新宾满族自治县	liao ning sheng xin bin man zu zi zhi xian	6
辽宁省盘山县	liao ning sheng pan shan xian	4
辽宁省盘锦市	liao ning sheng pan jin shi	13
辽宁省葫芦岛市	liao ning sheng hu lu dao shi	28
辽宁省阜新市	liao ning sheng fu xin shi	19
辽宁省鞍山市	liao ning sheng an shan shi	35
辽宁路	liao ning lu	34
辽市乡	liao shi xiang	4
辽河道	liao he dao	3
辽滨街道	liao bin jie dao	2
辽西乡	liao xi xiang	2
辽阳路	liao yang lu	4
达中	da zhong	9
达仁镇	da ren zhen	2
达前乡	da qian xiang	3
达卡乡	da ka xiang	1
达嘎乡	da ga xiang	5
达地水族乡	da di shui zu xiang	2
达坂城	da ban cheng	27
达埔	da pu	5
达孜	da zi	14
达官营	da guan ying	1
达居乡	da ju xiang	3
达山村	da shan cun	4
达川	da chuan	49
达川市	da chuan shi	4
达巴乡	da ba xiang	3
达布达尔乡	da bu da er xiang	4
达帮乡	da bang xiang	3
达德村	da de cun	2
达拉土族乡	da la tu zu xiang	2
达新	da xin	9
达新村	da xin cun	2
达日	da ri	8
达明路	da ming lu	2
达智桥	da zhi qiao	2
达智桥胡同	da zhi qiao hu tong	7
达木夏乡	da mu xia xiang	2
达木斯乡	da mu si xiang	4
达木珞巴族乡	da mu luo ba zu xiang	2
达来诺日镇	da lai nuo ri zhen	1
达民村	da min cun	3
达洛乡	da luo xiang	3
达浒	da hu	7
达浪乡	da lang xiang	4
达浪坎乡	da lang kan xiang	5
达理村	da li cun	2
达瓦孜	da wa zi	8
达米埃塔	da mi ai ta	1
达萨乡	da sa xiang	4
达衣岩	da yi yan	1
达道	da dao	8
达道路	da dao lu	8
达马乡	da ma xiang	4
达麦乡	da mai xiang	4
迁善居胡同	qian shan ju hu tong	2
迁安县	qian an xian	32
迁安市	qian an shi	27
迂迢村	yu tiao cun	3
过境公路	guo jing gong lu	5
过境路口	guo jing lu kou	5
过山坡	guo shan po	4
过山沟	guo shan gou	1
过水桥	guo shui qiao	1
过油肉拌面	guo you rou ban mian	4
过溪村	guo xi cun	2
过简	guo jian	6
过西	guo xi	6
过路塘	guo lu tang	2
过马营镇	guo ma ying zhen	4
过鹿坪	guo lu ping	3
过鹿坪镇	guo lu ping zhen	3
迈皋桥	mai gao qiao	39
迈皋桥街	mai gao qiao jie	6
迈科龙大厦	mai ke long da sha	3
迎丰街道	ying feng jie dao	1
迎仙	ying xian	2
迎兰朝鲜族乡	ying lan chao xian zu xiang	1
迎和小区	ying he xiao qu	2
迎客广场	ying ke guang chang	1
迎客路	ying ke lu	5
迎宾大道	ying bin da dao	35
迎宾桥	ying bin qiao	4
迎宾街	ying bin jie	6
迎宾街建安里	ying bin jie jian an li	3
迎宾街晨晖里	ying bin jie chen hui li	2
迎宾路口	ying bin lu kou	9
迎宾路立交桥	ying bin lu li jiao qiao	3
迎宾酒店	ying bin jiu dian	3
迎恩门	ying en men	12
迎新路街道	ying xin lu jie dao	5
迎春亭街道	ying chun ting jie dao	3
迎春园	ying chun yuan	1
迎春村	ying chun cun	5
迎春桥	ying chun qiao	3
迎春花园	ying chun hua yuan	3
迎春苑	ying chun yuan	5
迎水道	ying shui dao	4
迎江	ying jiang	8
迎江乡	ying jiang xiang	3
迎泽街道	ying ze jie dao	1
迎津	ying jin	3
迎瑞	ying rui	7
迎胜	ying sheng	2
迎阳	ying yang	1
迎霞路	ying xia lu	4
迎风道	ying feng dao	5
迎龙山	ying long shan	2
迎龙桥	ying long qiao	4
运乔嘉园	yun qiao jia yuan	4
运乔建材城	yun qiao jian cai cheng	5
运伙村	yun huo cun	3
运光新村	yun guang xin cun	2
运光路	yun guang lu	2
运卜屯村	yun bu tun cun	2
运城县	yun cheng xian	5
运城地区	yun cheng di qu	6
运村	yun cun	39
运河文化广场	yun he wen hua guang chang	2
运河饭店	yun he fan dian	3
运洋	yun yang	3
运盛美之国	yun sheng mei zhi guo	4
运管处	yun guan chu	10
运粮湖管理区	yun liang hu guan li qu	4
运输处	yun shu chu	39
运销处	yun xiao chu	3
近华	jin hua	2
近城镇	jin cheng zhen	4
近埠胡同	jin bu hu tong	3
近埠街	jin bu jie	5
近山	jin shan	8
近春园	jin chun yuan	3
近春园宾馆	jin chun yuan bin guan	4
近江世纪坊	jin jiang shi ji fang	5
近江公交站	jin jiang gong jiao zhan	3
近江六园	jin jiang liu yuan	1
近江家园	jin jiang jia yuan	5
近江小区	jin jiang xiao qu	7
近江村	jin jiang cun	5
近良居委会	jin liang ju wei hui	4
迓驾镇	ya jia zhen	6
还懂啊	hai dong a	8
这搭	zhe da	4
进东	jin dong	34
进丰村	jin feng cun	3
进士坊	jin shi fang	20
进安回族乡	jin an hui zu xiang	3
进才中学	jin cai zhong xue	4
进步巷	jin bu xiang	5
进步道	jin bu dao	4
进港公路	jin gang gong lu	6
进港大道	jin gang da dao	1
进站大道	jin zhan da dao	3
进道集装箱	jin dao ji zhuang xiang	2
进都乡	jin du xiang	2
进鲜港	jin xian gang	2
远东公司	yuan dong gong si	1
远东大道	yuan dong da dao	7
远东服装大厦	yuan dong fu zhuang da sha	3
远兴	yuan xing	11
远大路	yuan da lu	4
远大路东口	yuan da lu dong kou	1
远大路西口	yuan da lu xi kou	4
远大都市风景	yuan da du shi feng jing	1
远安	yuan an	38
远洋大厦	yuan yang da sha	5
远洋风景小区	yuan yang feng jing xiao qu	4
远洋风景社区	yuan yang feng jing she qu	3
远竹	yuan zhu	4
远西村	yuan xi cun	3
远达街道	yuan da jie dao	2
远门乡	yuan men xiang	4
连丰乡	lian feng xiang	4
连丰胡同	lian feng hu tong	3
连云路	lian yun lu	4
连五乡	lian wu xiang	3
连儿湾乡	lian er wan xiang	3
连凤小区	lian feng xiao qu	3
连升街	lian sheng jie	6
连南	lian nan	11
连南县	lian nan xian	22
连县	lian xian	8
连坂	lian ban	3
连塘	lian tang	2
连塘村	lian tang cun	5
连塘湾	lian tang wan	3
连墩	lian dun	6
连宗	lian zong	2
连山村	lian shan cun	1
连山林场	lian shan lin chang	3
连山石村	lian shan shi cun	3
连州市	lian zhou shi	48
连心村	lian xin cun	4
连心湖	lian xin hu	2
连村	lian cun	8
连杜	lian du	5
连江一中	lian jiang yi zhong	4
连江中路	lian jiang zhong lu	5
连江南路	lian jiang nan lu	6
连港	lian gang	5
连湖镇	lian hu zhen	1
连湾	lian wan	10
连湾村	lian wan cun	2
连潘	lian pan	3
连潘新村	lian pan xin cun	3
连环湖	lian huan hu	2
连福新村	lian fu xin cun	3
连花村	lian hua cun	2
连里村	lian li cun	2
迟家	chi jia	5
迤那镇	yi na zhen	2
迪丽拜尔	di li bai er	6
迪庄	di zhuang	4
迪庆州	di qing zhou	15
迪康大道	di kang da dao	1
迪里拜尔	di li bai er	1
迭山路	die shan lu	2
迭部	die bu	24
迳头	jing tou	2
迷坝乡	mi ba xiang	3
退沙街道	tui sha jie dao	3
送庄	song zhuang	4
送果盘	song guo pan	3
送酸奶	song suan nai	7
逄家庄	pang jia zhuang	2
逄王四村	pang wang si cun	3
选将营乡	xuan jiang ying xiang	4
选煤厂	xuan mei chang	2
逊克	xun ke	32
逍遥津	xiao yao jin	19
透早	tou zao	2
逐卜乡	zhu bu xiang	2
递铺	di pu	18
递铺中路	di pu zhong lu	3
通什	tong shen	10
通什市	tong shen shi	5
通伏乡	tong fu xiang	3
通信大厦	tong xin da sha	2
通信学院福利区	tong xin xue yuan fu li qu	3
通信市场	tong xin shi chang	3
通信电缆厂	tong xin dian lan chang	3
通信部社区	tong xin bu she qu	3
通兴	tong xing	2
通北路	tong bei lu	13
通南路	tong nan lu	5
通园路	tong yuan lu	5
通城区	tong cheng qu	3
通城巷	tong cheng xiang	3
通天乡	tong tian xiang	2
通安驿镇	tong an yi zhen	4
通川区荷叶街	tong chuan qu he ye jie	2
通州三中	tong zhou san zhong	5
通州三间房	tong zhou san jian fang	3
通州三间房西	tong zhou san jian fang xi	2
通州东关	tong zhou dong guan	6
通州中医院	tong zhou zhong yi yuan	5
通州二中	tong zhou er zhong	3
通州交通队	tong zhou jiao tong dui	4
通州佟麟阁大街	tong zhou tong lin ge da jie	3
通州刘庄	tong zhou liu zhuang	3
通州北苑	tong zhou bei yuan	6
通州区医院	tong zhou qu yi yuan	4
通州半壁店	tong zhou ban bi dian	4
通州南关	tong zhou nan guan	3
通州古城	tong zhou gu cheng	4
通州古玩城	tong zhou gu wan cheng	3
通州国税局	tong zhou guo shui ju	4
通州国税局北	tong zhou guo shui ju bei	3
通州妇幼保健院	tong zhou fu you bao jian yuan	6
通州小街桥东	tong zhou xiao jie qiao dong	4
通州市	tong zhou shi	4
通州李庄	tong zhou li zhuang	5
通州杨庄	tong zhou yang zhuang	5
通州杨庄北口	tong zhou yang zhuang bei kou	2
通州杨庄南口	tong zhou yang zhuang nan kou	3
通州马坊村	tong zhou ma fang cun	2
通州马房	tong zhou ma fang	2
通惠门	tong hui men	3
通扬运河	tong yang yun he	6
通桥	tong qiao	42
通榆	tong yu	46
通江桥	tong jiang qiao	1
通江路	tong jiang lu	2
通河新村	tong he xin cun	1
通河路	tong he lu	5
通泰街	tong tai jie	1
通济桥	tong ji qiao	10
通济门	tong ji men	5
通海路	tong hai lu	7
通淮关岳庙	tong huai guan yue miao	1
通港	tong gang	14
通港路	tong gang lu	1
通灵术	tong ling shu	8
通灵桥	tong ling qiao	2
通用厂	tong yong chang	4
通航路	tong hang lu	3
通让铁路	tong rang tie lu	5
通讯器材厂	tong xun qi cai chang	3
通讯团	tong xun tuan	5
通许	tong xu	36
通辽县	tong liao xian	4
通达园社区	tong da yuan she qu	2
通达镇	tong da zhen	4
通运桥	tong yun qiao	6
通远门	tong yuan men	2
通道南街	tong dao nan jie	4
通道县	tong dao xian	2
通道县地连林场	tong dao xian di lian lin chang	2
通钦街道	tong qin jie dao	2
通锦桥	tong jin qiao	7
通阁路	tong ge lu	1
通顺胡同	tong shun hu tong	2
通顺街	tong shun jie	2
通香路	tong xiang lu	5
通马路口	tong ma lu kou	2
速冻厂	su dong chang	3
造假城	zao jia cheng	2
造化镇	zao hua zhen	5
造漆厂	zao qi chang	4
造甲南里社区	zao jia nan li she qu	2
造甲村东	zao jia cun dong	3
造纸七厂	zao zhi qi chang	3
造纸胡同	zao zhi hu tong	2
造纸设备	zao zhi she bei	6
造贝	zao bei	6
逢沙村	feng sha cun	4
逢源街道	feng yuan jie dao	5
逢源路	feng yuan lu	8
逢简	feng jian	8
逢简市场	feng jian shi chang	2
逯家湾镇	lu jia wan zhen	2
逸仙名居	yi xian ming ju	2
逸仙路	yi xian lu	22
逸城	yi cheng	11
逸夫技术科学楼	yi fu ji shu ke xue lou	3
逸景苑	yi jing yuan	4
逸泉山庄	yi quan shan zhuang	5
逸都路东	yi du lu dong	2
逻西乡	luo xi xiang	3
逼样	bi yang	4
遂宁县	sui ning xian	28
遂安伯	sui an bo	4
遂安伯胡同	sui an bo hu tong	2
遂川	sui chuan	38
遂川县工业园区	sui chuan xian gong ye yuan qu	3
遇龙路	yu long lu	3
道北小学	dao bei xiao xue	5
道北路	dao bei lu	4
道南小学	dao nan xiao xue	2
道县大坪铺农场	dao xian da ping pu nong chang	3
道县月岩林场	dao xian yue yan lin chang	5
道县桥头林场	dao xian qiao tou lin chang	3
道口铺街道	dao kou pu jie dao	4
道古桥	dao gu qiao	3
道吾	dao wu	5
道吾山	dao wu shan	7
道坪村	dao ping cun	2
道士袱	dao shi fu	3
道孚	dao fu	41
道家园	dao jia yuan	5
道山路	dao shan lu	1
道山路口	dao shan lu kou	1
道帏藏族乡	dao wei zang zu xiang	2
道干林场	dao gan lin chang	4
道庄村	dao zhuang cun	2
道教村	dao jiao cun	4
道沟	dao gou	46
道特淖尔镇	dao te nao er zhen	3
道真县	dao zhen xian	1
道石	dao shi	49
道观村	dao guan cun	2
道角	dao jiao	3
道门口	dao men kou	2
遗光寺社区	yi guang si she qu	2
遥观	yao guan	7
遮浪角	zhe lang jiao	4
遵义医学院	zun yi yi xue yuan	9
遵义医院	zun yi yi yuan	6
遵义市红花岗区	zun yi shi hong hua gang qu	10
遵义路	zun yi lu	11
遵义路街道	zun yi lu jie dao	2
遵化县	zun hua xian	46
遵化市	zun hua shi	12
邓三	deng san	5
邓县	deng xian	41
邓各庄	deng ge zhuang	4
邓园	deng yuan	4
邓家土家族乡	deng jia tu jia zu xiang	4
邓家坪	deng jia ping	2
邓家埠水稻原种场	deng jia bu shui dao yuan zhong chang	3
邓家屯	deng jia tun	2
邓家庄	deng jia zhuang	5
邓家村	deng jia cun	3
邓家老院子	deng jia lao yuan zi	1
邓家院子	deng jia yuan zi	4
邓州市	deng zhou shi	30
邓庄	deng zhuang	2
邓庄子	deng zhuang zi	2
邓府山	deng fu shan	2
邓志军	deng zhi jun	5
邓文学	deng wen xue	3
邓明忠	deng ming zhong	3
邓杨	deng yang	2
邓柯乡	deng ke xiang	3
邓油坊镇	deng you fang zhen	3
邓玲	deng ling	1
邓高	deng gao	2
邕宁	yong ning	30
邕宁县	yong ning xian	7
邕江	yong jiang	36
邗江	han jiang	27
邗江县	han jiang xian	7
邗江工业园管委会	han jiang gong ye yuan guan wei hui	2
邙山区	mang shan qu	1
邛崃县	qiong lai xian	8
邛崃市	qiong lai shi	24
邢博	xing bo	1
邢口镇	xing kou zhen	5
邢台市桥东区	xing tai shi qiao dong qu	4
邢各庄	xing ge zhuang	4
邢各庄北站	xing ge zhuang bei zhan	2
邢各庄南站	xing ge zhuang nan zhan	3
邢各庄村	xing ge zhuang cun	4
邢家坞村	xing jia wu cun	3
邢家桥	xing jia qiao	3
邢家要乡	xing jia yao xiang	3
那丹伯镇	na dan bo zhen	2
那仁和布克牧场	na ren he bu ke mu chang	6
那仁宝力格苏木	na ren bao li ge su mu	4
那佐苗族乡	na zuo miao zu xiang	4
那勒寺镇	na le si zhen	3
那吉屯农场	na ji tun nong chang	3
那哈乡	na ha xiang	1
那坝	na ba	4
那尔轰镇	na er hong zhen	3
那才怪	na cai guai	5
那扶	na fu	4
那扶镇	na fu zhen	3
那拉提	na la ti	33
那搭	na da	4
那日图苏木	na ri tu su mu	2
那木斯蒙古族乡	na mu si meng gu zu xiang	1
那毕大桥	na bi da qiao	3
那洪街道	na hong jie dao	1
那洲	na zhou	5
那洲检查站	na zhou jian cha zhan	4
那琴圩	na qin wei	3
那达慕大会	na da mu da hui	4
邦丙乡	bang bing xiang	2
邦堆乡	bang dui xiang	3
邦道	bang dao	3
邮政公寓	you zheng gong yu	1
邮政大厦	you zheng da sha	2
邮政研究院	you zheng yan jiu yuan	4
邮电公寓	you dian gong yu	4
邮电北巷	you dian bei xiang	7
邮电十所	you dian shi suo	4
邮电大学社区	you dian da xue she qu	2
邮电大楼	you dian da lou	7
邮电学校	you dian xue xiao	25
邮电学院南校区	you dian xue yuan nan xiao qu	2
邮电新村	you dian xin cun	8
邮电路	you dian lu	4
邯山	han shan	23
邯郸路	han dan lu	9
邯郸道	han dan dao	17
邱下	qiu xia	3
邱城镇	qiu cheng zhen	6
邱实	qiu shi	1
邱家庄	qiu jia zhuang	3
邱家店	qiu jia dian	1
邱家湾	qiu jia wan	1
邱家祠	qiu jia ci	3
邱家胡同	qiu jia hu tong	3
邱家院子	qiu jia yuan zi	3
邱屋	qiu wu	4
邱文华	qiu wen hua	4
邱村村	qiu cun cun	2
邱良功母节孝坊	qiu liang gong mu jie xiao fang	2
邳县	pi xian	25
邳州市实验小学	pi zhou shi shi yan xiao xue	2
邳州市李口小学	pi zhou shi li kou xiao xue	1
邵公庄	shao gong zhuang	3
邵公庄后大道	shao gong zhuang hou da dao	2
邵公庄大街	shao gong zhuang da jie	2
邵家庄	shao jia zhuang	1
邵平店	shao ping dian	4
邵庄	shao zhuang	28
邵庄村委会	shao zhuang cun wei hui	3
邵武县	shao wu xian	15
邵武市	shao wu shi	34
邵福寺	shao fu si	3
邵金泉	shao jin quan	2
邵阳坪	shao yang ping	3
邹区	zou qu	1
邹县	zou xian	28
邹家村	zou jia cun	5
邹容路	zou rong lu	3
邹平路	zou ping lu	3
邹平镇	zou ping zhen	2
邹庄	zou zhuang	5
邻玉街道	lin yu jie dao	5
邾城街道	zhu cheng jie dao	5
郁家庄	yu jia zhuang	3
郁山	yu shan	4
郁林郡	yu lin jun	13
郁正	yu zheng	1
郁江桥	yu jiang qiao	2
郁江西道	yu jiang xi dao	3
郁花园	yu hua yuan	6
郁花园一里	yu hua yuan yi li	3
郁花园二里	yu hua yuan er li	3
郁花园二里社区	yu hua yuan er li she qu	3
郁花园社区	yu hua yuan she qu	3
郁金香花园	yu jin xiang hua yuan	1
郁金香花园南门	yu jin xiang hua yuan nan men	4
郊东	jiao dong	1
郊区街道	jiao qu jie dao	5
郊南	jiao nan	6
郊纳乡	jiao na xiang	4
郎家园	lang jia yuan	2
郎家桥	lang jia qiao	3
郎家胡同	lang jia hu tong	4
郎山路	lang shan lu	3
郎庄	lang zhuang	3
郎村村	lang cun cun	3
郎溪	lang xi	27
郎溪路	lang xi lu	7
郎西村	lang xi cun	2
郎辛庄	lang xin zhuang	15
郑厝村	zheng cuo cun	4
郑和墓	zheng he mu	4
郑国路	zheng guo lu	3
郑地乡	zheng di xiang	2
郑坑	zheng keng	4
郑坑村	zheng keng cun	5
郑家庄	zheng jia zhuang	2
郑家村	zheng jia cun	2
郑家河	zheng jia he	6
郑家磨村	zheng jia mo cun	5
郑家院子	zheng jia yuan zi	1
郑家集乡	zheng jia ji xiang	3
郑山乡	zheng shan xiang	3
郑州东路	zheng zhou dong lu	5
郑州西路	zheng zhou xi lu	4
郑州路	zheng zhou lu	13
郑常庄	zheng chang zhuang	3
郑常庄村	zheng chang zhuang cun	2
郑庄	zheng zhuang	6
郑庄子	zheng zhuang zi	1
郑庄子大街	zheng zhuang zi da jie	3
郑店街	zheng dian jie	8
郑店街道	zheng dian jie dao	4
郑戈庄	zheng ge zhuang	3
郑成功史迹	zheng cheng gong shi ji	4
郑成功纪念馆	zheng cheng gong ji nian guan	1
郑旗乡	zheng qi xiang	4
郑村	zheng cun	12
郑栅子村	zheng zha zi cun	2
郑桥	zheng qiao	9
郑段	zheng duan	2
郑母	zheng mu	2
郑玉娇	zheng yu jiao	3
郑王坟	zheng wang fen	6
郑福庄	zheng fu zhuang	2
郑裕彤中学	zheng yu tong zhong xue	9
郑陆	zheng lu	4
郗家街	xi jia jie	2
郚山	wu shan	3
郚山镇	wu shan zhen	4
郜庄村	gao zhuang cun	4
郝官屯镇	hao guan tun zhen	3
郝家	hao jia	19
郝家墕乡	hao jia yan xiang	2
郝家庄	hao jia zhuang	3
郝家村	hao jia cun	7
郝家湾	hao jia wan	4
郝庄子	hao zhuang zi	3
郝庄村	hao zhuang cun	4
郝庄村委会	hao zhuang cun wei hui	6
郝庄村村委会	hao zhuang cun cun wei hui	3
郝桥镇	hao qiao zhen	3
郝王庄镇	hao wang zhuang zhen	4
郡治江州	jun zhi jiang zhou	2
郢中街道	ying zhong jie dao	3
郧西	yun xi	44
部队社区	bu dui she qu	2
郫县北大街	pi xian bei da jie	3
郫县医院	pi xian yi yuan	3
郫县客运中心	pi xian ke yun zhong xin	5
郫花路口	pi hua lu kou	3
郭东园巷	guo dong yuan xiang	3
郭二庄	guo er zhuang	1
郭于	guo yu	6
郭公	guo gong	26
郭公坪乡	guo gong ping xiang	5
郭公山	guo gong shan	7
郭公庄	guo gong zhuang	9
郭公村	guo gong cun	3
郭前	guo qian	3
郭前村	guo qian cun	5
郭加乡	guo jia xiang	2
郭勒布衣乡	guo le bu yi xiang	2
郭北村	guo bei cun	5
郭南	guo nan	9
郭厝	guo cuo	5
郭原乡	guo yuan xiang	3
郭园	guo yuan	29
郭圩乡	guo wei xiang	3
郭坑	guo keng	1
郭坑村	guo keng cun	3
郭埔村	guo pu cun	3
郭宅	guo zhai	1
郭宅村	guo zhai cun	4
郭家务	guo jia wu	3
郭家厍村	guo jia she cun	3
郭家场	guo jia chang	4
郭家坞村	guo jia wu cun	4
郭家坪	guo jia ping	4
郭家坳	guo jia ao	1
郭家屯	guo jia tun	6
郭家岭	guo jia ling	3
郭家巷	guo jia xiang	4
郭家庄	guo jia zhuang	7
郭家庄村委会	guo jia zhuang cun wei hui	3
郭家店	guo jia dian	7
郭家村	guo jia cun	2
郭家村委会	guo jia cun wei hui	2
郭家沟镇	guo jia gou zhen	3
郭家沱	guo jia tuo	1
郭家湾	guo jia wan	4
郭家滩	guo jia tan	2
郭家窑	guo jia yao	1
郭家院子	guo jia yuan zi	2
郭屋	guo wu	2
郭岗	guo gang	1
郭巷街道	guo xiang jie dao	4
郭庄	guo zhuang	27
郭庄子	guo zhuang zi	7
郭庄村委会	guo zhuang cun wei hui	2
郭明强	guo ming qiang	3
郭李	guo li	6
郭村村委会	guo cun cun wei hui	2
郭杜十字	guo du shi zi	6
郭杜街办	guo du jie ban	6
郭楼	guo lou	2
郭楼村	guo lou cun	1
郭沟村	guo gou cun	4
郭河乡	guo he xiang	2
郭洞	guo dong	4
郭洼村	guo wa cun	4
郭溪	guo xi	3
郭田	guo tian	20
郭田村	guo tian cun	2
郭茨口	guo ci kou	5
郭营子村	guo ying zi cun	2
郭辛庄村	guo xin zhuang cun	3
郭里园	guo li yuan	4
郭集乡	guo ji xiang	2
郴县	chen xian	45
郸城	dan cheng	34
都亭乡	du ting xiang	3
都伏	du fu	5
都伏镇	du fu zhen	4
都党乡	du dang xiang	2
都兰	du lan	9
都匀县	du yun xian	4
都匀市	du yun shi	24
都塘	du tang	5
都安	du an	10
都安乡	du an xiang	3
都安县	du an xian	13
都市丽景	du shi li jing	4
都市华庭	du shi hua ting	6
都市名园	du shi ming yuan	7
都市家园	du shi jia yuan	6
都市春天	du shi chun tian	3
都市桃源	du shi tao yuan	6
都市水乡	du shi shui xiang	7
都市港湾	du shi gang wan	4
都市花园	du shi hua yuan	5
都市芳园	du shi fang yuan	5
都市路	du shi lu	4
都市雅居	du shi ya ju	2
都心	du xin	11
都心村	du xin cun	3
都悦里小区	du yue li xiao qu	2
都来提巴格街道	du lai ti ba ge jie dao	5
都正街	du zheng jie	4
都正街街道	du zheng jie jie dao	6
都江堰市	du jiang yan shi	35
都溪	du xi	5
都溪村	du xi cun	3
郾城县	yan cheng xian	16
鄂城	e cheng	22
鄂城县	e cheng xian	16
鄂城墩	e cheng dun	1
鄂尔多斯路街道	e er duo si lu jie dao	3
鄂州街	e zhou jie	4
鄂省巷	e sheng xiang	2
鄌郚	tang wu	3
鄌郚镇	tang wu zhen	1
鄚州镇	mao zhou zhen	2
鄞县中心区	yin xian zhong xin qu	2
鄢家河	yan jia he	1
鄱阳路	po yang lu	4
鄱阳郡	po yang jun	28
酂城镇	zan cheng zhen	1
酂阳乡	zan yang xiang	1
酃县	ling xian	38
酃湖渔场	ling hu yu chang	3
酉洲村	you zhou cun	3
酉阳县	you yang xian	30
配电所	pei dian suo	9
酒仙桥	jiu xian qiao	38
酒仙桥中心小学	jiu xian qiao zhong xin xiao xue	3
酒仙桥商场	jiu xian qiao shang chang	4
酒务桥	jiu wu qiao	2
酒十路	jiu shi lu	7
酒店坑	jiu dian keng	2
酒店边	jiu dian bian	4
酒泉县	jiu quan xian	4
酒钢厂区	jiu gang chang qu	1
酥油奶茶	su you nai cha	5
酱骨头	jiang gu tou	14
酸刺沟	suan ci gou	4
酸枣岭	suan zao ling	7
醉爱	zui ai	7
醋章胡同	cu zhang hu tong	2
醍醐乡	ti hu xiang	1
醴陵县	li ling xian	36
醴陵市	li ling shi	6
采哈乡	cai ha xiang	3
采日玛乡	cai ri ma xiang	2
采石路	cai shi lu	7
采育开发区	cai yu kai fa qu	4
采荷东区	cai he dong qu	4
采荷人家	cai he ren jia	1
采荷小区	cai he xiao qu	6
采荷新村	cai he xin cun	6
采荷路	cai he lu	7
采荷路口	cai he lu kou	5
采菊东篱	cai ju dong li	3
采菱路	cai ling lu	4
里仁坡	li ren po	4
里仁堡	li ren bao	2
里仁巷	li ren xiang	4
里仁路	li ren lu	4
里则街道	li ze jie dao	6
里南镇	li nan zhen	3
里塘村	li tang cun	3
里山河	li shan he	3
里岔	li cha	5
里市乡	li shi xiang	2
里当瑶族乡	li dang yao zu xiang	4
里教	li jiao	9
里春	li chun	5
里村路	li cun lu	2
里横街	li heng jie	3
里水	li shui	11
里沟村	li gou cun	1
里浦镇	li pu zhen	2
里炮村	li pao cun	3
里砦镇	li zhai zhen	3
里龙乡	li long xiang	3
重光路	chong guang lu	5
重兴寺	chong xing si	5
重医	zhong yi	43
重孜乡	zhong zi xiang	2
重工街	zhong gong jie	4
重庆北路	chong qing bei lu	25
重庆南岸区南坪镇	chong qing nan an qu nan ping zhen	4
重庆南路	chong qing nan lu	36
重庆沙坪坝区覃家岗镇	chong qing sha ping ba qu qin jia gang zhen	4
重庆胡同	chong qing hu tong	5
重庆路	chong qing lu	13
重庆道	chong qing dao	4
重机厂	zhong ji chang	1
重机学院	zhong ji xue yuan	5
重机宿舍	zhong ji su she	5
重油厂	zhong you chang	2
重渡沟	chong du gou	4
重聚园社区	chong ju yuan she qu	2
重阳村	chong yang cun	5
重阳路	chong yang lu	2
野乐村	ye le cun	3
野云沟	ye yun gou	6
野坡	ye po	6
野林	ye lin	11
野河	ye he	12
野洞河乡	ye dong he xiang	3
野溪	ye xi	17
野牛坪乡	ye niu ping xiang	3
野牛沟乡	ye niu gou xiang	1
野租乡	ye zu xiang	2
野胡拐乡	ye hu guai xiang	2
野蘑菇汤饭	ye mo gu tang fan	1
野角乡	ye jiao xiang	4
野马乡	ye ma xiang	2
野鸭村	ye ya cun	2
金三角商城	jin san jiao shang cheng	3
金三角市场	jin san jiao shi chang	5
金世纪	jin shi ji	2
金东区交通局	jin dong qu jiao tong ju	2
金东区检察院	jin dong qu jian cha yuan	4
金东村	jin dong cun	1
金东海	jin dong hai	5
金中	jin zhong	10
金中村	jin zhong cun	4
金丰城	jin feng cheng	3
金丰小区	jin feng xiao qu	4
金丰村	jin feng cun	5
金丰路	jin feng lu	7
金乐	jin le	11
金乔	jin qiao	8
金五星服装城	jin wu xing fu zhuang cheng	2
金五星百货城	jin wu xing bai huo cheng	3
金井村	jin jing cun	5
金井社区	jin jing she qu	5
金井胡同	jin jing hu tong	2
金交椅	jin jiao yi	6
金仙桥路	jin xian qiao lu	5
金仙镇	jin xian zhen	4
金余	jin yu	5
金信园	jin xin yuan	3
金冠小区	jin guan xiao qu	4
金凤呈祥	jin feng cheng xiang	5
金凤桥	jin feng qiao	6
金凤路	jin feng lu	7
金刘村	jin liu cun	3
金北	jin bei	5
金华中	jin hua zhong	4
金华县	jin hua xian	30
金华商城	jin hua shang cheng	3
金华商城南	jin hua shang cheng nan	2
金华园社区	jin hua yuan she qu	1
金华宾馆	jin hua bin guan	4
金华小区	jin hua xiao qu	6
金华山	jin hua shan	33
金华康恩贝	jin hua kang en bei	3
金华新村	jin hua xin cun	4
金华村	jin hua cun	7
金华桥	jin hua qiao	2
金华电大	jin hua dian da	3
金华路	jin hua lu	18
金南路	jin nan lu	5
金厂河	jin chang he	1
金厢	jin xiang	3
金厦公寓	jin sha gong yu	3
金发工业区	jin fa gong ye qu	2
金发广场	jin fa guang chang	3
金口河	jin kou he	25
金口路	jin kou lu	12
金台园社区	jin tai yuan she qu	3
金台寺	jin tai si	8
金台村	jin tai cun	5
金台路	jin tai lu	13
金叵罗村	jin po luo cun	4
金叶	jin ye	31
金各庄	jin ge zhuang	2
金唐	jin tang	12
金园	jin yuan	11
金园村	jin yuan cun	4
金土地	jin tu di	5
金圭	jin gui	14
金地商都	jin di shang du	3
金地格林小镇	jin di ge lin xiao zhen	6
金地海景花园	jin di hai jing hua yuan	4
金地花园	jin di hua yuan	2
金地酒店	jin di jiu dian	3
金坛市	jin tan shi	4
金坛村	jin tan cun	2
金坪	jin ping	11
金坪华侨农场	jin ping hua qiao nong chang	4
金坪村	jin ping cun	1
金城大厦	jin cheng da sha	6
金城小区	jin cheng xiao qu	5
金城投资区	jin cheng tou zi qu	3
金城村	jin cheng cun	4
金城江	jin cheng jiang	35
金城花园	jin cheng hua yuan	7
金域中央	jin yu zhong yang	2
金域蓝湾	jin yu lan wan	9
金埭村	jin dai cun	2
金基翠城	jin ji cui cheng	4
金堂乡	jin tang xiang	2
金堆城小区	jin dui cheng xiao qu	4
金堡	jin bao	10
金塔村	jin ta cun	5
金塘	jin tang	29
金塘村	jin tang cun	1
金塘街	jin tang jie	1
金塘路口	jin tang lu kou	2
金奖胡同	jin jiang hu tong	3
金威大厦	jin wei da sha	5
金子乡	jin zi xiang	4
金子坝	jin zi ba	2
金子岩侗族苗族乡	jin zi yan dong zu miao zu xiang	4
金宁	jin ning	14
金宁新村	jin ning xin cun	3
金宇大厦	jin yu da sha	2
金安区人民路	jin an qu ren min lu	2
金安村	jin an cun	3
金安桥北	jin an qiao bei	3
金宝大酒店	jin bao da jiu dian	2
金宝屯	jin bao tun	6
金宝山	jin bao shan	5
金家井乡	jin jia jing xiang	3
金家台	jin jia tai	3
金家大院	jin jia da yuan	4
金家岭	jin jia ling	15
金家巷	jin jia xiang	3
金家庄	jin jia zhuang	6
金家店村	jin jia dian cun	2
金家村桥东	jin jia cun qiao dong	2
金家村桥北	jin jia cun qiao bei	2
金家村桥西	jin jia cun qiao xi	3
金家村第二社区	jin jia cun di er she qu	2
金家桥	jin jia qiao	3
金家沟	jin jia gou	5
金家渡	jin jia du	5
金家街	jin jia jie	1
金家街公园	jin jia jie gong yuan	3
金寨路	jin zhai lu	30
金寺	jin si	20
金尚路	jin shang lu	1
金属市场	jin shu shi chang	2
金山住宅区	jin shan zhu zhai qu	2
金山公园	jin shan gong yuan	2
金山办事处	jin shan ban shi chu	1
金山南区	jin shan nan qu	2
金山县	jin shan xian	32
金山城	jin shan cheng	1
金山大厦	jin shan da sha	1
金山大桥	jin shan da qiao	44
金山寺村	jin shan si cun	5
金山小学	jin shan xiao xue	7
金山工业园	jin shan gong ye yuan	6
金山市场	jin shan shi chang	5
金山开发区	jin shan kai fa qu	6
金山投资区	jin shan tou zi qu	2
金山新华图书城	jin shan xin hua tu shu cheng	2
金山明星	jin shan ming xing	3
金山村	jin shan cun	14
金山桥	jin shan qiao	26
金山桥头	jin shan qiao tou	3
金山社区	jin shan she qu	2
金山路	jin shan lu	18
金山路街道	jin shan lu jie dao	5
金山软件股份有限公司	jin shan ruan jian gu fen you xian gong si	4
金山里	jin shan li	5
金山铺乡	jin shan pu xiang	4
金屿	jin yu	3
金屿社区	jin yu she qu	3
金岗库乡	jin gang ku xiang	5
金岙	jin ao	4
金岩村	jin yan cun	5
金岭乡	jin ling xiang	1
金峪	jin yu	3
金峰大市场	jin feng da shi chang	2
金峰新村	jin feng xin cun	3
金崎	jin qi	36
金崎社区	jin qi she qu	2
金川花苑	jin chuan hua yuan	4
金川门	jin chuan men	8
金州乡	jin zhou xiang	4
金州体育场	jin zhou ti yu chang	6
金州开发区管委会	jin zhou kai fa qu guan wei hui	3
金州村	jin zhou cun	3
金州火车站	jin zhou huo che zhan	1
金帝花园	jin di hua yuan	4
金平县	jin ping xian	35
金平路	jin ping lu	6
金广路	jin guang lu	5
金庄	jin zhuang	14
金庄村委会	jin zhuang cun wei hui	3
金庄社区	jin zhuang she qu	4
金座大厦	jin zuo da sha	4
金庭道	jin ting dao	2
金康园	jin kang yuan	5
金怡酒店	jin yi jiu dian	4
金惠乡	jin hui xiang	2
金成花园	jin cheng hua yuan	4
金斗朝鲜族满族乡	jin dou chao xian zu man zu xiang	3
金斗桥	jin dou qiao	4
金新	jin xin	9
金昌市	jin chang shi	37
金昌市区	jin chang shi qu	5
金昌市金川区	jin chang shi jin chuan qu	5
金明园小区	jin ming yuan xiao qu	2
金明路	jin ming lu	5
金星下	jin xing xia	3
金星山	jin xing shan	3
金星村	jin xing cun	8
金星桥西	jin xing qiao xi	2
金星牛场	jin xing niu chang	2
金星西路	jin xing xi lu	5
金星路	jin xing lu	4
金晖新村	jin hui xin cun	4
金杏小区	jin xing xiao qu	2
金村村	jin cun cun	4
金村村委会	jin cun cun wei hui	4
金杨新村	jin yang xin cun	6
金杨路	jin yang lu	13
金林	jin lin	9
金林乡	jin lin xiang	2
金林村	jin lin cun	1
金林社区	jin lin she qu	3
金柄	jin bing	11
金柄社区	jin bing she qu	2
金树村	jin shu cun	4
金桂大厦	jin gui da sha	5
金桂花园	jin gui hua yuan	6
金桂苑	jin gui yuan	1
金桥办事处	jin qiao ban shi chu	2
金桥大厦	jin qiao da sha	5
金桥市场	jin qiao shi chang	8
金桥开发区	jin qiao kai fa qu	9
金桥时代家园	jin qiao shi dai jia yuan	3
金桥社区	jin qiao she qu	8
金桥经济技术开发区	jin qiao jing ji ji shu kai fa qu	5
金桥花园	jin qiao hua yuan	6
金桥路	jin qiao lu	13
金梅	jin mei	45
金梦园	jin meng yuan	4
金梦花园	jin meng hua yuan	3
金棉乡	jin mian xiang	2
金棕榈花园	jin zong lv hua yuan	4
金榜公园	jin bang gong yuan	10
金榜园社区	jin bang yuan she qu	4
金榜村	jin bang cun	4
金榜路	jin bang lu	13
金水农场	jin shui nong chang	1
金水湾	jin shui wan	8
金汇港	jin hui gang	13
金汇花园	jin hui hua yuan	4
金汇路	jin hui lu	2
金汉绿港	jin han lv gang	4
金汤乡	jin tang xiang	3
金汤路	jin tang lu	4
金沙井	jin sha jing	4
金沙公交站	jin sha gong jiao zhan	3
金沙园	jin sha yuan	1
金沙新城	jin sha xin cheng	5
金沙村	jin sha cun	1
金沙江路	jin sha jiang lu	17
金沙河林场	jin sha he lin chang	1
金沙站	jin sha zhan	5
金沙车站	jin sha che zhan	10
金沙里	jin sha li	6
金沟河	jin gou he	3
金沟河社区	jin gou he she qu	2
金沟河路	jin gou he lu	3
金沟河路东口	jin gou he lu dong kou	3
金沪路	jin hu lu	4
金河办事处	jin he ban shi chu	2
金河街	jin he jie	2
金河路	jin he lu	1
金泉一路	jin quan yi lu	2
金泉泰来苑	jin quan tai lai yuan	5
金泉社区	jin quan she qu	6
金泉街	jin quan jie	5
金泉路	jin quan lu	3
金泘沱	jin hu tuo	5
金泰富地大厦	jin tai fu di da sha	2
金泰小区	jin tai xiao qu	6
金泽花园	jin ze hua yuan	4
金洲宾馆	jin zhou bin guan	2
金洲桥	jin zhou qiao	3
金浦社区	jin pu she qu	3
金海学校	jin hai xue xiao	5
金海小区	jin hai xiao qu	3
金海岸中学	jin hai an zhong xue	1
金海湖	jin hai hu	12
金海湾	jin hai wan	9
金海湾西大街	jin hai wan xi da jie	2
金海湾酒店	jin hai wan jiu dian	4
金海花园	jin hai hua yuan	2
金海路	jin hai lu	21
金海道	jin hai dao	2
金淘	jin tao	12
金淘村	jin tao cun	2
金淘镇	jin tao zhen	1
金港大厦	jin gang da sha	5
金港花园	jin gang hua yuan	6
金港路	jin gang lu	10
金湖国际	jin hu guo ji	4
金湖路	jin hu lu	2
金湘路	jin xiang lu	4
金湾	jin wan	37
金湾区法院	jin wan qu fa yuan	6
金湾大酒店	jin wan da jiu dian	2
金湾市场	jin wan shi chang	3
金湾新城	jin wan xin cheng	2
金溪	jin xi	40
金溪村	jin xi cun	1
金满楼	jin man lou	7
金火村	jin huo cun	3
金灶	jin zao	6
金燕大厦	jin yan da sha	3
金牙瑶族乡	jin ya yao zu xiang	3
金牛坝	jin niu ba	6
金牛宾馆	jin niu bin guan	9
金牛山公园	jin niu shan gong yuan	12
金狮家园	jin shi jia yuan	3
金狮村	jin shi cun	11
金狮立交桥	jin shi li jiao qiao	3
金狮苑	jin shi yuan	5
金王府	jin wang fu	5
金瓯村	jin ou cun	3
金田村	jin tian cun	8
金田花园	jin tian hua yuan	5
金田路	jin tian lu	4
金甲岭农场	jin jia ling nong chang	3
金百国际	jin bai guo ji	4
金盆	jin pen	31
金盆岭	jin pen ling	9
金盆村	jin pen cun	1
金盖山路	jin gai shan lu	3
金盘岭镇	jin pan ling zhen	3
金相路	jin xiang lu	1
金盾路	jin dun lu	8
金石井镇	jin shi jing zhen	1
金砂	jin sha	44
金砂区	jin sha qu	3
金碧街道	jin bi jie dao	6
金碧路	jin bi lu	2
金碧辉煌娱乐城	jin bi hui huang yu le cheng	3
金磐开发区	jin pan kai fa qu	2
金祝新村	jin zhu xin cun	5
金禧园	jin xi yuan	3
金秀县	jin xiu xian	5
金科公司	jin ke gong si	4
金科苑	jin ke yuan	6
金稻田路	jin dao tian lu	6
金穗街	jin sui jie	3
金穗路	jin sui lu	6
金窝	jin wo	49
金竹园	jin zhu yuan	6
金竹围	jin zhu wei	3
金竹坑	jin zhu keng	4
金竹坪	jin zhu ping	1
金竹岗	jin zhu gang	4
金竹村	jin zhu cun	7
金粟庵	jin su an	4
金纬路	jin wei lu	4
金线街	jin xian jie	4
金罗	jin luo	5
金罗路	jin luo lu	2
金置电脑广场	jin zhi dian nao guang chang	2
金联村	jin lian cun	4
金色嘉园	jin se jia yuan	1
金色家园	jin se jia yuan	9
金色新城	jin se xin cheng	5
金色海岸	jin se hai an	1
金色港湾	jin se gang wan	1
金色维也纳	jin se wei ye na	5
金色阳光	jin se yang guang	6
金色阳光家园	jin se yang guang jia yuan	3
金花北路	jin hua bei lu	8
金花南路	jin hua nan lu	7
金花堰	jin hua yan	3
金花村	jin hua cun	7
金花桥	jin hua qiao	1
金花桥街道	jin hua qiao jie dao	6
金花路	jin hua lu	2
金苑大厦	jin yuan da sha	4
金茂大厦	jin mao da sha	13
金茂建材市场	jin mao jian cai shi chang	4
金藏路	jin zang lu	5
金虹桥	jin hong qiao	5
金蝉北里	jin chan bei li	5
金融广场	jin rong guang chang	2
金融街社区	jin rong jie she qu	6
金蟾大道	jin chan da dao	4
金衙庄	jin ya zhuang	2
金裕青青家园	jin yu qing qing jia yuan	6
金西	jin xi	7
金谷东园社区	jin gu dong yuan she qu	2
金谷园社区	jin gu yuan she qu	3
金谷园路	jin gu yuan lu	2
金谷村	jin gu cun	4
金辉路	jin hui lu	7
金达苑	jin da yuan	2
金达路	jin da lu	9
金达镇	jin da zhen	4
金通大厦	jin tong da sha	5
金逸雅居	jin yi ya ju	4
金都	jin du	11
金都华府	jin du hua fu	4
金都华庭	jin du hua ting	5
金都名苑	jin du ming yuan	4
金都大厦	jin du da sha	4
金都大酒店	jin du da jiu dian	5
金都新城	jin du xin cheng	3
金都景苑	jin du jing yuan	3
金都花园	jin du hua yuan	1
金都菜市	jin du cai shi	2
金都雅苑	jin du ya yuan	3
金酷肥牛	jin ku fei niu	4
金鑫园	jin xin yuan	4
金鑫苑	jin xin yuan	3
金钟公路	jin zhong gong lu	3
金钟桥大街	jin zhong qiao da jie	3
金钟河	jin zhong he	3
金钟河东街	jin zhong he dong jie	2
金钟河大街	jin zhong he da jie	14
金钟路	jin zhong lu	2
金钩湾	jin gou wan	4
金钩还	jin gou huan	3
金钱寺	jin qian si	3
金钱巷社区	jin qian xiang she qu	5
金铃乡	jin ling xiang	3
金银川	jin yin chuan	17
金银湖街道	jin yin hu jie dao	6
金锁村	jin suo cun	4
金门槛	jin men kan	4
金门民俗文化村	jin men min su wen hua cun	3
金阊	jin chang	13
金阳小区	jin yang xiao qu	1
金阳村	jin yang cun	4
金阳路东	jin yang lu dong	2
金阳路口	jin yang lu kou	5
金陵世纪花园	jin ling shi ji hua yuan	4
金陵东路外滩	jin ling dong lu wai tan	2
金陵中路	jin ling zhong lu	1
金陵二村	jin ling er cun	5
金陵北路	jin ling bei lu	2
金陵名人居	jin ling ming ren ju	4
金陵大公馆	jin ling da gong guan	5
金陵家天下	jin ling jia tian xia	3
金陵寺	jin ling si	5
金陵御沁园	jin ling yu qin yuan	2
金陵新六村	jin ling xin liu cun	4
金陵新四村	jin ling xin si cun	4
金陵路	jin ling lu	12
金隆花园	jin long hua yuan	4
金雨乡	jin yu xiang	2
金雨路	jin yu lu	2
金霞路	jin xia lu	5
金霞路街道	jin xia lu jie dao	2
金顶北街	jin ding bei jie	4
金顶北路	jin ding bei lu	4
金顶南路	jin ding nan lu	1
金顶街	jin ding jie	3
金顶街三区	jin ding jie san qu	3
金顺镇	jin shun zhen	4
金首	jin shou	6
金馨小区	jin xin xiao qu	2
金马剧院	jin ma ju yuan	5
金马大厦	jin ma da sha	5
金马工业区	jin ma gong ye qu	6
金马站	jin ma zhan	6
金马街	jin ma jie	1
金马路	jin ma lu	6
金马郦城	jin ma li cheng	6
金鱼井	jin yu jing	5
金鱼桥	jin yu qiao	2
金鱼池	jin yu chi	19
金鱼胡同	jin yu hu tong	24
金鱼街	jin yu jie	9
金鸡塔	jin ji ta	5
金鸡山	jin ji shan	35
金鸡山公园	jin ji shan gong yuan	1
金鸡山路口	jin ji shan lu kou	3
金鸡村	jin ji cun	2
金鸡桥	jin ji qiao	4
金鸡路	jin ji lu	4
金鸡路口	jin ji lu kou	4
金鹅山村	jin e shan cun	1
金鹏大厦	jin peng da sha	5
金鹏路	jin peng lu	1
金鹗山街道	jin e shan jie dao	4
金鹤乡	jin he xiang	1
金鹭小区	jin lu xiao qu	3
金鹰国际	jin ying guo ji	1
金鹰国际花园	jin ying guo ji hua yuan	4
金鹿雅园	jin lu ya yuan	2
金黄村	jin huang cun	2
金鼎中学	jin ding zhong xue	4
金鼎公寓	jin ding gong yu	4
金鼎医院	jin ding yi yuan	2
金鼎宾馆	jin ding bin guan	4
金鼎山	jin ding shan	4
金鼎工业园	jin ding gong ye yuan	5
金鼎市场	jin ding shi chang	5
金鼎湾	jin ding wan	6
金鼎花园	jin ding hua yuan	4
金鼓乡	jin gu xiang	2
金龙客车厂	jin long ke che chang	2
金龙寺沟	jin long si gou	2
金龙新村	jin long xin cun	4
金龙村	jin long cun	1
金龙街	jin long jie	7
鉴海小学	jian hai xiao xue	4
鉴湖新村	jian hu xin cun	2
銮庆胡同	luan qing hu tong	2
鑫园	xin yuan	4
鑫源	xin yuan	24
鑫福里小区	xin fu li xiao qu	3
鑫鹏大厦	xin peng da sha	2
鑫鹏花园	xin peng hua yuan	2
鑫龙企业集团	xin long qi ye ji tuan	3
针织厂	zhen zhi chang	26
钉子所	ding zi suo	3
钓台镇	diao tai zhen	4
钓峰乡	diao feng xiang	3
钞坑	chao keng	3
钞坑村	chao keng cun	3
钞岱村	chao dai cun	5
钞库街	chao ku jie	6
钟佳桥镇	zhong jia qiao zhen	2
钟厝	zhong cuo	2
钟埭镇	zhong dai zhen	3
钟声胡同	zhong sheng hu tong	4
钟宅	zhong zhai	7
钟家墩村	zhong jia dun cun	2
钟家山	zhong jia shan	1
钟家村	zhong jia cun	26
钟家湾	zhong jia wan	1
钟家铺乡	zhong jia pu xiang	4
钟家院	zhong jia yuan	3
钟家院子	zhong jia yuan zi	3
钟山国际高尔夫	zhong shan guo ji gao er fu	6
钟山晶典	zhong shan jing dian	4
钟山村	zhong shan cun	1
钟山矿	zhong shan kuang	2
钟山美庐	zhong shan mei lu	3
钟山花园城	zhong shan hua yuan cheng	5
钟山里	zhong shan li	3
钟库胡同	zhong ku hu tong	2
钟敬文	zhong jing wen	5
钟楼北	zhong lou bei	6
钟楼北桥北	zhong lou bei qiao bei	2
钟楼南	zhong lou nan	5
钟楼寺	zhong lou si	1
钟楼湾	zhong lou wan	3
钟楼湾社区	zhong lou wan she qu	4
钟楼湾胡同	zhong lou wan hu tong	5
钟武	zhong wu	12
钟涵	zhong han	2
钟灵街	zhong ling jie	9
钟研所	zhong yan suo	4
钟祥县	zhong xiang xian	32
钟管村	zhong guan cun	2
钟美玲	zhong mei ling	1
钟阜路	zhong fu lu	6
钟阜门	zhong fu men	2
钟鹏	zhong peng	4
钢厂宿舍	gang chang su she	3
钢厂路	gang chang lu	2
钢城	gang cheng	20
钢材市场	gang cai shi chang	4
钢研社区	gang yan she qu	4
钢窗厂	gang chuang chang	4
钢都花园	gang du hua yuan	1
钢都花园管委会	gang du hua yuan guan wei hui	4
钢铁市场	gang tie shi chang	2
钤阳管理处	qian yang guan li chu	2
钥匙头村	yao shi tou cun	2
钦北	qin bei	15
钦南	qin nan	2
钦州一中	qin zhou yi zhong	3
钦州二中	qin zhou er zhong	2
钦州北路	qin zhou bei lu	8
钦州南路	qin zhou nan lu	1
钦州南路桂林路	qin zhou nan lu gui lin lu	2
钦州县	qin zhou xian	1
钦州学院	qin zhou xue yuan	3
钦州湾大道	qin zhou wan da dao	4
钦州湾广场	qin zhou wan guang chang	4
钦州路	qin zhou lu	2
钦江	qin jiang	3
钦江路	qin jiang lu	4
钱业会馆	qian ye hui guan	9
钱仓路	qian cang lu	4
钱园	qian yuan	2
钱坑桥村	qian keng qiao cun	2
钱埔村	qian pu cun	3
钱塘人家	qian tang ren jia	5
钱塘春晓花园	qian tang chun xiao hua yuan	3
钱塘村	qian tang cun	5
钱塘雅苑	qian tang ya yuan	3
钱头	qian tou	4
钱头村	qian tou cun	3
钱家坪乡	qian jia ping xiang	5
钱家桥	qian jia qiao	1
钱家湾	qian jia wan	3
钱家溇	qian jia lou	3
钱山	qian shan	8
钱山村	qian shan cun	3
钱岗	qian gang	6
钱市胡同	qian shi hu tong	4
钱庄村	qian zhuang cun	1
钱庙	qian miao	5
钱旺乡	qian wang xiang	6
钱江二桥	qian jiang er qiao	17
钱江大桥	qian jiang da qiao	7
钱江新村	qian jiang xin cun	2
钱江湾花园	qian jiang wan hua yuan	7
钱江路南口	qian jiang lu nan kou	3
钱江路姚江路口	qian jiang lu yao jiang lu kou	3
钱江路望江路口	qian jiang lu wang jiang lu kou	3
钱江道	qian jiang dao	2
钱清原料市场	qian qing yuan liao shi chang	3
钱王祠路口	qian wang ci lu kou	4
钱粮胡同	qian liang hu tong	2
钱长	qian chang	6
钻石街	zuan shi jie	4
铁一中东校区	tie yi zhong dong xiao qu	3
铁一局医院	tie yi ju yi yuan	4
铁一社区	tie yi she qu	3
铁三中	tie san zhong	2
铁三村	tie san cun	2
铁东	tie dong	31
铁东北路	tie dong bei lu	1
铁东路	tie dong lu	5
铁中	tie zhong	9
铁买克乡	tie mai ke xiang	4
铁二中	tie er zhong	8
铁二社区	tie er she qu	5
铁五小	tie wu xiao	4
铁五局	tie wu ju	7
铁井栏	tie jing lan	3
铁人中学	tie ren zhong xue	4
铁人街道	tie ren jie dao	2
铁佛东街	tie fo dong jie	4
铁佛寺	tie fo si	29
铁像寺	tie xiang si	13
铁六中	tie liu zhong	2
铁力县	tie li xian	4
铁力市	tie li shi	27
铁力路	tie li lu	6
铁北区	tie bei qu	3
铁匠营	tie jiang ying	6
铁十二局	tie shi er ju	11
铁十六局	tie shi liu ju	9
铁十六局东站	tie shi liu ju dong zhan	3
铁厂胡同	tie chang hu tong	3
铁合金厂	tie he jin chang	3
铁四局	tie si ju	21
铁坝乡	tie ba xiang	2
铁塔寺路	tie ta si lu	7
铁山中路	tie shan zhong lu	6
铁山坪	tie shan ping	8
铁山垄	tie shan long	2
铁山村	tie shan cun	5
铁岭市银州区	tie ling shi yin zhou qu	3
铁岭河	tie ling he	4
铁岭路	tie ling lu	3
铁工局	tie gong ju	18
铁市巷	tie shi xiang	2
铁布肯乌散乡	tie bu ken wu san xiang	6
铁帽乡	tie mao xiang	2
铁店	tie dian	3
铁心桥	tie xin qiao	15
铁木里克乡	tie mu li ke xiang	4
铁李村	tie li cun	4
铁楼藏族乡	tie lou zang zu xiang	5
铁槽	tie cao	6
铁沙盖镇	tie sha gai zhen	1
铁法	tie fa	16
铁法市	tie fa shi	6
铁炉坑	tie lu keng	5
铁炉塘	tie lu tang	4
铁炉庙	tie lu miao	1
铁炉新村	tie lu xin cun	3
铁炉村	tie lu cun	7
铁炉村委会	tie lu cun wei hui	3
铁热克提乡	tie re ke ti xiang	5
铁热木乡	tie re mu xiang	4
铁狮子坟	tie shi zi fen	1
铁皮厂	tie pi chang	3
铁盖乡	tie gai xiang	2
铁矿社区	tie kuang she qu	2
铁篱	tie li	7
铁营社区	tie ying she qu	3
铁营胡同	tie ying hu tong	2
铁西三村	tie xi san cun	3
铁西乡	tie xi xiang	1
铁西广场	tie xi guang chang	18
铁设院	tie she yuan	5
铁路信号公司	tie lu xin hao gong si	3
铁路俱乐部	tie lu ju le bu	19
铁路公安处	tie lu gong an chu	11
铁路医院	tie lu yi yuan	28
铁路司机学校	tie lu si ji xue xiao	8
铁路坝	tie lu ba	4
铁路小区	tie lu xiao qu	1
铁路广场	tie lu guang chang	17
铁路材料厂	tie lu cai liao chang	4
铁路水电段	tie lu shui dian duan	2
铁路疗养院	tie lu liao yang yuan	1
铁路第二小学	tie lu di er xiao xue	3
铁路街	tie lu jie	4
铁运校	tie yun xiao	4
铁道医院	tie dao yi yuan	10
铁道口	tie dao kou	10
铁道大厦	tie dao da sha	9
铁道大学	tie dao da xue	16
铁铺巷	tie pu xiang	2
铁锋	tie feng	2
铁门坎	tie men kan	8
铁门村	tie men cun	4
铁顶乡	tie ding xiang	2
铁香炉	tie xiang lu	6
铃铛胡同	ling dang hu tong	3
铅锌银矿	qian xin yin kuang	6
铅锌镇	qian xin zhen	2
铜仁县	tong ren xian	5
铜仁路	tong ren lu	11
铜作坊	tong zuo fang	2
铜厂	tong chang	17
铜厂子	tong chang zi	4
铜坊苑	tong fang yuan	3
铜山中学	tong shan zhong xue	4
铜山区	tong shan qu	41
铜山县	tong shan xian	30
铜山县国税局	tong shan xian guo shui ju	3
铜山县政府	tong shan xian zheng fu	1
铜山货场	tong shan huo chang	3
铜川新区	tong chuan xin qu	3
铜川路	tong chuan lu	13
铜普镇	tong pu zhen	1
铜梁县	tong liang xian	28
铜棒厂	tong bang chang	3
铜沛街道	tong pei jie dao	3
铜盆湖	tong pen hu	5
铜盘	tong pan	13
铜盘河	tong pan he	5
铜盘路	tong pan lu	7
铜茨乡	tong ci xiang	2
铜铁厂	tong tie chang	2
铜铺街	tong pu jie	4
铜锣寨	tong luo zhai	9
铜锣湖	tong luo hu	1
铜锣湖农场	tong luo hu nong chang	4
铜陵路	tong ling lu	14
铜鼎乡	tong ding xiang	1
铜鼓峪	tong gu yu	3
铜鼓楼	tong gu lou	2
铝厂	lv chang	38
铧尖	hua jian	5
铭功路街道	ming gong lu jie dao	5
铭湖	ming hu	1
铭爱	ming ai	4
铭雅苑	ming ya yuan	5
银亿	yin yi	7
银兴路	yin xing lu	5
银北	yin bei	7
银厂乡	yin chang xiang	3
银厦广场	yin sha guang chang	1
银古路街道	yin gu lu jie dao	7
银地大厦	yin di da sha	3
银地家园	yin di jia yuan	6
银坑	yin keng	5
银坑乡	yin keng xiang	3
银坑人	yin keng ren	2
银坑圩	yin keng xu	3
银坑村	yin keng cun	6
银城东路	yin cheng dong lu	2
银城大厦	yin cheng da sha	1
银城宝船听涛	yin cheng bao chuan ting tao	3
银城花园	yin cheng hua yuan	7
银城西堤国际	yin cheng xi di guo ji	5
银城酒店	yin cheng jiu dian	7
银多	yin duo	5
银多乡	yin duo xiang	2
银山路	yin shan lu	11
银川路街道	yin chuan lu jie dao	5
银州	yin zhou	25
银建路	yin jian lu	2
银星村	yin xing cun	1
银杏小区	yin xing xiao qu	5
银杏村	yin xing cun	10
银杏苑	yin xing yuan	7
银杏路	yin xing lu	4
银树	yin shu	3
银根苏木	yin gen su mu	2
银桂路	yin gui lu	5
银桦新村	yin hua xin cun	4
银江路	yin jiang lu	3
银沙滩	yin sha tan	6
银河商城	yin he shang cheng	3
银河国际广场	yin he guo ji guang chang	1
银河大街	yin he da jie	5
银河湾	yin he wan	4
银河湾星苑	yin he wan xing yuan	2
银河湾紫苑	yin he wan zi yuan	5
银河社区	yin he she qu	1
银河街	yin he jie	2
银河路	yin he lu	3
银泰商厦	yin tai shang sha	3
银浪	yin lang	5
银海工业区	yin hai gong ye qu	3
银海新村	yin hai xin cun	2
银海社区	yin hai she qu	3
银海街	yin hai jie	3
银湖	yin hu	43
银湖小区	yin hu xiao qu	3
银湖汽车站	yin hu qi che zhan	8
银溪村	yin xi cun	4
银滩路街道	yin tan lu jie dao	5
银盆岭	yin pen ling	4
银盆路	yin pen lu	7
银石雅园	yin shi ya yuan	1
银石雅苑	yin shi ya yuan	2
银花苑	yin hua yuan	3
银苑市场	yin yuan shi chang	2
银苑新村	yin yuan xin cun	3
银行学校	yin hang xue xiao	43
银贡山庄	yin gong shan zhuang	5
银达乡	yin da xiang	3
银都	yin du	10
银都新村	yin du xin cun	4
银都花园	yin du hua yuan	1
银都路	yin du lu	5
银鑫花园	yin xin hua yuan	8
银铁乡	yin tie xiang	4
银锭桥	yin ding qiao	14
银锭桥胡同	yin ding qiao hu tong	3
银闸胡同	yin zha hu tong	3
银鹿乡	yin lu xiang	2
铸管厂	zhu guan chang	6
铸造村	zhu zao cun	5
铸钟厂	zhu zhong chang	1
铸钟胡同	zhu zhong hu tong	3
铺上乡	pu shang xiang	2
铺上村	pu shang cun	4
铺下村	pu xia cun	3
铺前村	pu qian cun	4
铺口乡	pu kou xiang	6
铺尚村	pu shang cun	5
铺山	pu shan	1
铺锦	pu jin	6
铺锦村	pu jin cun	1
铺镇	pu zhen	41
铺集	pu ji	6
铺顶	pu ding	2
锁江羌族乡	suo jiang qiang zu xiang	3
锁金村	suo jin cun	4
锁龙乡	suo long xiang	4
锅底村	guo di cun	2
锅炉下	guo lu xia	4
锅炉厂	guo lu chang	36
锅烧	guo shao	45
锅盖山	guo gai shan	4
锅腔胡同	guo qiang hu tong	2
锅魁	guo kui	18
锋尚国际	feng shang guo ji	5
错那	cuo na	8
错阿乡	cuo a xiang	3
锡坑	xi keng	5
锡坑村	xi keng cun	2
锡山市	xi shan shi	15
锡山新村	xi shan xin cun	2
锡庆里	xi qing li	4
锡惠里	xi hui li	3
锡拉胡同	xi la hu tong	18
锡星苑	xi xing yuan	2
锡林浩特市	xi lin hao te shi	48
锡溪乡	xi xi xiang	4
锡铁山镇	xi tie shan zhen	3
锣锅巷	luo guo xiang	7
锣鼓巷	luo gu xiang	8
锥子山	zhui zi shan	2
锥把胡同	zhui ba hu tong	2
锦一	jin yi	5
锦业一路	jin ye yi lu	2
锦东	jin dong	3
锦东花园	jin dong hua yuan	4
锦丰	jin feng	24
锦丰村	jin feng cun	2
锦二	jin er	1
锦云中园	jin yun zhong yuan	2
锦云南园	jin yun nan yuan	2
锦亭	jin ting	1
锦信	jin xin	1
锦兴路东	jin xing lu dong	3
锦凤	jin feng	4
锦华北园	jin hua bei yuan	2
锦华商场	jin hua shang chang	4
锦华园	jin hua yuan	1
锦华园小区	jin hua yuan xiao qu	4
锦华街道	jin hua jie dao	2
锦县	jin xian	29
锦园	jin yuan	14
锦园小区	jin yuan xiao qu	1
锦园新世纪	jin yuan xin shi ji	7
锦城花园	jin cheng hua yuan	1
锦城花园总站	jin cheng hua yuan zong zhan	4
锦官驿街	jin guan yi jie	6
锦尚	jin shang	2
锦尚村	jin shang cun	2
锦山村	jin shan cun	1
锦川乡	jin chuan xiang	1
锦州道	jin zhou dao	4
锦成	jin cheng	43
锦昌文华	jin chang wen hua	4
锦水	jin shui	23
锦水村	jin shui cun	4
锦水路	jin shui lu	6
锦江丽都	jin jiang li du	3
锦江乐园	jin jiang le yuan	9
锦江园	jin jiang yuan	4
锦江村	jin jiang cun	2
锦江花苑	jin jiang hua yuan	3
锦江苑	jin jiang yuan	3
锦江街	jin jiang jie	1
锦江路	jin jiang lu	8
锦江里	jin jiang li	6
锦江饭店	jin jiang fan dian	5
锦泉南园	jin quan nan yuan	2
锦洋	jin yang	2
锦湖	jin hu	27
锦湖公寓	jin hu gong yu	2
锦源	jin yuan	33
锦溪	jin xi	32
锦溪村	jin xi cun	2
锦田社区	jin tian she qu	4
锦祥	jin xiang	33
锦祥社区	jin xiang she qu	4
锦秀街	jin xiu jie	3
锦秋办事处	jin qiu ban shi chu	2
锦绣中华	jin xiu zhong hua	21
锦绣商城	jin xiu shang cheng	3
锦绣大地	jin xiu da di	3
锦绣大地市场	jin xiu da di shi chang	7
锦绣大地物流港	jin xiu da di wu liu gang	6
锦绣大道	jin xiu da dao	19
锦绣天地	jin xiu tian di	5
锦绣家园	jin xiu jia yuan	1
锦绣小区	jin xiu xiao qu	7
锦绣新村	jin xiu xin cun	6
锦绣江南	jin xiu jiang nan	4
锦绣花园	jin xiu hua yuan	45
锦绣苑	jin xiu yuan	1
锦绣街	jin xiu jie	2
锦绣路	jin xiu lu	41
锦绣钱塘	jin xiu qian tang	3
锦美社区	jin mei she qu	3
锦联	jin lian	11
锦花苑	jin hua yuan	4
锦西县	jin xi xian	9
锦西市	jin xi shi	1
锦西路	jin xi lu	1
锦西路东	jin xi lu dong	4
锦西路西	jin xi lu xi	3
锦辉商城	jin hui shang cheng	3
锦郊街道	jin jiao jie dao	3
锦里中路	jin li zhong lu	7
锦里村	jin li cun	5
锦锈路	jin xiu lu	3
锦阳花苑	jin yang hua yuan	3
锦青社区	jin qing she qu	2
锹峪乡	qiao yu xiang	3
锻压厂	duan ya chang	7
锻压机床厂	duan ya ji chuang chang	1
锻造公司	duan zao gong si	4
锻造厂	duan zao chang	4
镇东南	zhen dong nan	30
镇东村	zhen dong cun	1
镇东街道办	zhen dong jie dao ban	2
镇中村	zhen zhong cun	5
镇北路	zhen bei lu	5
镇南路	zhen nan lu	16
镇圩瑶族乡	zhen xu yao zu xiang	3
镇坪	zhen ping	12
镇坪乡	zhen ping xiang	1
镇坪路	zhen ping lu	8
镇头	zhen tou	5
镇子场	zhen zi chang	2
镇子梁乡	zhen zi liang xiang	3
镇宁路	zhen ning lu	7
镇安路	zhen an lu	1
镇小路	zhen xiao lu	2
镇山	zhen shan	8
镇山村	zhen shan cun	3
镇岗塔路	zhen gang ta lu	2
镇巴	zhen ba	26
镇明	zhen ming	4
镇江寺街道	zhen jiang si jie dao	2
镇江社区	zhen jiang she qu	3
镇江胡同	zhen jiang hu tong	2
镇江路	zhen jiang lu	9
镇江阁	zhen jiang ge	5
镇沅	zhen yuan	17
镇沅县	zhen yuan xian	4
镇海层楼	zhen hai ceng lou	4
镇海水库	zhen hai shui ku	4
镇海石	zhen hai shi	1
镇罗营	zhen luo ying	1
镇西乡	zhen xi xiang	3
镇西村	zhen xi cun	4
镇西路	zhen xi lu	8
镇赉	zhen lai	34
镇郊村	zhen jiao cun	5
镇里固乡	zhen li gu xiang	3
镇阳乡	zhen yang xiang	2
镇靖乡	zhen jing xiang	4
镐京村	hao jing cun	4
镜上	jing shang	8
镜泊湖	jing po hu	32
镡河乡	tan he xiang	3
长一村	chang yi cun	4
长东	chang dong	6
长东街道	chang dong jie dao	1
长丰园一区	chang feng yuan yi qu	3
长丰园二区	chang feng yuan er qu	3
长丰园南站	chang feng yuan nan zhan	3
长丰园社区	chang feng yuan she qu	3
长丰新村	chang feng xin cun	3
长丰村	chang feng cun	6
长丰路	chang feng lu	1
长临路	chang lin lu	7
长久村	chang jiu cun	1
长乐北苑	chang le bei yuan	2
长乐南苑	chang le nan yuan	3
长乐坊	chang le fang	1
长乐坡	chang le po	2
长乐宫	chang le gong	10
长乐巷	chang le xiang	3
长乐市	chang le shi	15
长乐新村	chang le xin cun	4
长乐村	chang le cun	15
长二村	chang er cun	2
长伊公路	chang yi gong lu	3
长元村	chang yuan cun	3
长兴公寓	chang xing gong yu	3
长兴市场	chang xing shi chang	1
长兴社区	chang xing she qu	1
长兴经济技术开发区	chang xing jing ji ji shu kai fa qu	4
长兴苑	chang xing yuan	4
长兴街	chang xing jie	11
长兴路	chang xing lu	18
长兴集乡	chang xing ji xiang	2
长冠城	chang guan cheng	4
长冲	chang chong	5
长冲村	chang chong cun	7
长华	chang hua	7
长华路	chang hua lu	5
长南	chang nan	6
长发西路	chang fa xi lu	3
长发银座	chang fa yin zuo	4
长另	chang ling	3
长台乡	chang tai xiang	1
长各	chang ge	7
长吉铁路	chang ji tie lu	1
长吉高速公路出口	chang ji gao su gong lu chu kou	3
长和廊街道	chang he lang jie dao	2
长哨营	chang shao ying	1
长哨营村	chang shao ying cun	4
长善路	chang shan lu	7
长园	chang yuan	4
长圳	chang zhen	6
长坑	chang keng	6
长坑村	chang keng cun	5
长坑水	chang keng shui	3
长坝	chang ba	6
长坡	chang po	28
长坡村	chang po cun	2
长坪	chang ping	6
长坪村	chang ping cun	1
长坪瑶族乡	chang ping yao zu xiang	3
长城中学	chang cheng zhong xue	6
长城大厦	chang cheng da sha	1
长城旅游学院	chang cheng lv you xue yuan	2
长城机电	chang cheng ji dian	6
长城村	chang cheng cun	1
长城环岛	chang cheng huan dao	1
长城花园	chang cheng hua yuan	7
长城饭店	chang cheng fan dian	8
长埔	chang pu	1
长埔村	chang pu cun	3
长基	chang ji	7
长基村	chang ji cun	2
长堎乡	chang leng xiang	2
长堤村	chang di cun	5
长堰	chang yan	4
长塔	chang ta	4
长塘	chang tang	14
长塘乡	chang tang xiang	3
长塘居委会	chang tang ju wei hui	3
长塘里	chang tang li	8
长子营	zhang zi ying	1
长宁路	chang ning lu	22
长宁道	chang ning dao	4
长安一中	chang an yi zhong	2
长安产业园	chang an chan ye yuan	5
长安区政府	chang an qu zheng fu	9
长安医院	chang an yi yuan	4
长安土家族乡	chang an tu jia zu xiang	3
长安大学	chang an da xue	44
长安大学渭水校区	chang an da xue wei shui xiao qu	6
长安小区	chang an xiao qu	1
长安新城社区	chang an xin cheng she qu	3
长安村	chang an cun	10
长安楼	chang an lou	4
长安汽车站	chang an qi che zhan	6
长安立交	chang an li jiao	1
长安花园	chang an hua yuan	4
长安路	chang an lu	30
长安路口	chang an lu kou	4
长实道	chang shi dao	2
长富	chang fu	44
长富山	chang fu shan	3
长富村	chang fu cun	4
长寿县	chang shou xian	38
长寿巷	chang shou xiang	3
长寿新村	chang shou xin cun	4
长寿桥	chang shou qiao	6
长寿社	chang shou she	3
长寿西	chang shou xi	2
长山头农场	chang shan tou nong chang	2
长山尾	chang shan wei	2
长山峪镇	chang shan yu zhen	1
长山村	chang shan cun	2
长岗山	chang gang shan	2
长岗村	chang gang cun	3
长岛区	chang dao qu	3
长岛绿园	chang dao lv yuan	3
长岛路	chang dao lu	10
长岭岗	chang ling gang	1
长岭路	chang ling lu	3
长岸	chang an	6
长岸路	chang an lu	4
长巷	chang xiang	9
长布	chang bu	6
长干里	chang gan li	3
长平村	chang ping cun	3
长广路	chang guang lu	3
长庄	chang zhuang	49
长庆宾馆	chang qing bin guan	5
长庆小区	chang qing xiao qu	3
长庆胡同	chang qing hu tong	2
长庆街	chang qing jie	2
长店	chang dian	6
长康路	chang kang lu	1
长康镇	chang kang zhen	4
长影世纪村	chang ying shi ji cun	4
长征公园	chang zheng gong yuan	3
长征出发地	chang zheng chu fa di	1
长征医院	chang zheng yi yuan	2
长征广场	chang zheng guang chang	3
长征新村	chang zheng xin cun	5
长征桥	chang zheng qiao	6
长征第一渡	chang zheng di yi du	1
长征路	chang zheng lu	36
长德公寓	chang de gong yu	3
长扶	chang fu	3
长排	chang pai	9
长操	chang cao	1
长新	chang xin	9
长新村	chang xin cun	1
长明	chang ming	9
长春巷	chang chun xiang	2
长春明珠	chang chun ming zhu	6
长春村	chang chun cun	10
长春桥路	chang chun qiao lu	1
长春街道	chang chun jie dao	3
长春路	chang chun lu	22
长春道	chang chun dao	1
长朗	chang lang	8
长木新村	chang mu xin cun	5
长木桥	chang mu qiao	1
长来	chang lai	8
长松寺	chang song si	2
长板坡	chang ban po	2
长板巷	chang ban xiang	1
长林村	chang lin cun	5
长林路	chang lin lu	2
长柏乡	chang bai xiang	3
长桂乡	chang gui xiang	3
长桥新村	chang qiao xin cun	5
长桥村	chang qiao cun	1
长桥水厂	chang qiao shui chang	3
长桥路	chang qiao lu	5
长梯隘	chang ti ai	4
长椿街	chang chun jie	9
长椿街社区	chang chun jie she qu	3
长椿街路口西	chang chun jie lu kou xi	5
长武	chang wu	40
长毛岭乡	chang mao ling xiang	2
长水峪村	chang shui yu cun	2
长汀村	chang ting cun	1
长汀路	chang ting lu	1
长汀里	chang ting li	3
长江三峡风景名胜区	chang jiang san xia feng jing ming sheng qu	4
长江东路	chang jiang dong lu	20
长江中路	chang jiang zhong lu	17
长江之家	chang jiang zhi jia	5
长江医院	chang jiang yi yuan	8
长江南路	chang jiang nan lu	11
长江国际花园	chang jiang guo ji hua yuan	3
长江小区	chang jiang xiao qu	6
长江市场	chang jiang shi chang	2
长江新村	chang jiang xin cun	6
长江村	chang jiang cun	5
长江水库	chang jiang shui ku	3
长江绿岛	chang jiang lv dao	3
长江街	chang jiang jie	8
长江街道	chang jiang jie dao	4
长江西苑	chang jiang xi yuan	2
长江西路	chang jiang xi lu	29
长江路九号	chang jiang lu jiu hao	6
长江道	chang jiang dao	1
长沙世界之窗	chang sha shi jie zhi chuang	18
长沙国家生物产业基地	chang sha guo jia sheng wu chan ye ji di	8
长沙大学	chang sha da xue	15
长沙市劳动东路	chang sha shi lao dong dong lu	5
长沙干马乡	chang sha gan ma xiang	5
长沙海底世界	chang sha hai di shi jie	8
长沙火车站	chang sha huo che zhan	20
长沙经济技术开发区	chang sha jing ji ji shu kai fa qu	9
长沙街道办事处	chang sha jie dao ban shi chu	4
长沙贡马乡	chang sha gong ma xiang	3
长沙路	chang sha lu	17
长沟	chang gou	12
长沟峪	chang gou yu	6
长沟镇政府	chang gou zhen zheng fu	4
长河中学	chang he zhong xue	5
长河乡	chang he xiang	4
长河小区	chang he xiao qu	2
长河桥	chang he qiao	4
长河路	chang he lu	6
长治路	chang zhi lu	12
长洛乡	chang luo xiang	2
长洲湾	chang zhou wan	4
长洲街	chang zhou jie	7
长浜路	chang bang lu	2
长海医院	chang hai yi yuan	19
长海路	chang hai lu	10
长清县	chang qing xian	31
长清镇	chang qing zhen	3
长港	chang gang	7
长港镇	chang gang zhen	8
长湖围	chang hu wei	2
长湖村	chang hu cun	6
长湖路	chang hu lu	3
长湘公路	chang xiang gong lu	7
长湾	chang wan	5
长湾村	chang wan cun	1
长源	chang yuan	16
长源村	chang yuan cun	6
长溪乡	chang xi xiang	3
长溪村	chang xi cun	5
长潭	chang tan	10
长潭坪乡	chang tan ping xiang	4
长潭村	chang tan cun	1
长珲高速公路	chang hun gao su gong lu	5
长生巷	chang sheng xiang	2
长生桥	chang sheng qiao	2
长生街	chang sheng jie	1
长田村	chang tian cun	5
长田湾乡	chang tian wan xiang	5
长田镇	chang tian zhen	4
长甸街道	chang dian jie dao	3
长畛乡	chang zhen xiang	2
长白路	chang bai lu	3
长益路	chang yi lu	6
长盛路	chang sheng lu	4
长睦村	chang mu cun	2
长石村	chang shi cun	4
长福	chang fu	8
长福村	chang fu cun	4
长福社区	chang fu she qu	1
长福路	chang fu lu	2
长缨宾馆	chang ying bin guan	3
长缨路	chang ying lu	7
长胜街	chang sheng jie	7
长航新村	chang hang xin cun	4
长芦大清河盐场	chang lu da qing he yan chang	2
长荣新城	chang rong xin cheng	2
长葛县	chang ge xian	10
长葛市	chang ge shi	37
长虹新村	chang hong xin cun	3
长虹桥东	chang hong qiao dong	5
长虹桥南	chang hong qiao nan	5
长虹桥西	chang hong qiao xi	3
长虹科技大厦	chang hong ke ji da sha	5
长虹西路	chang hong xi lu	6
长虹路	chang hong lu	4
长融街	chang rong jie	3
长西	chang xi	5
长西村	chang xi cun	2
长角坝乡	chang jiao ba xiang	3
长辛店北口	chang xin dian bei kou	3
长辛店医院	chang xin dian yi yuan	6
长辛店南口	chang xin dian nan kou	3
长辛店村	chang xin dian cun	4
长途客运中心	chang tu ke yun zhong xin	3
长途汽车东站	chang tu qi che dong zhan	3
长途汽车总站	chang tu qi che zong zhan	11
长途汽车西站	chang tu qi che xi zhan	2
长途车站	chang tu che zhan	19
长通街道	chang tong jie dao	3
长逸路	chang yi lu	5
长铺子苗族乡	chang pu zi miao zu xiang	4
长阳二村	chang yang er cun	2
长阳环岛南	chang yang huan dao nan	3
长阳花园	chang yang hua yuan	6
长阳路	chang yang lu	10
长阳路口	chang yang lu kou	2
长阳车站	chang yang che zhan	3
长阳镇政府	chang yang zhen zheng fu	6
长陵	chang ling	42
长陵园	chang ling yuan	2
长隆村	chang long cun	3
长青中街	chang qing zhong jie	4
长青二队	chang qing er dui	5
长青公园	chang qing gong yuan	3
长青四队	chang qing si dui	1
长青园社区	chang qing yuan she qu	5
长青经营所	chang qing jing ying suo	1
长青胡同	chang qing hu tong	2
长青街	chang qing jie	30
长青路	chang qing lu	4
长顺路	chang shun lu	1
长须干马乡	chang xu gan ma xiang	2
长须贡马	chang xu gong ma	3
长风二村	chang feng er cun	5
长风停车场	chang feng ting che chang	5
长风公园	chang feng gong yuan	19
长风桥东	chang feng qiao dong	1
长风桥西	chang feng qiao xi	6
长风街东口	chang feng jie dong kou	5
长龙村	chang long cun	1
门前牌	men qian pai	3
门堂乡	men tang xiang	2
门士乡	men shi xiang	4
门头	men tou	35
门头新村	men tou xin cun	3
门头沟南村	men tou gou nan cun	3
门头沟圈门	men tou gou quan men	4
门头沟曹家沟	men tou gou cao jia gou	2
门头沟滨河小区	men tou gou bin he xiao qu	3
门布乡	men bu xiang	4
门庄乡	men zhuang xiang	3
门框胡同	men kuang hu tong	1
门楼下瑶族乡	men lou xia yao zu xiang	6
门楼胡同	men lou hu tong	3
门牌坊	men pai fang	13
门谭路	men tan lu	3
门起	men qi	5
门限石乡	men xian shi xiang	3
闪电河乡	shan dian he xiang	3
闫各庄镇	yan ge zhuang zhen	3
闫家坝	yan jia ba	2
闫家沟	yan jia gou	7
闫家渠	yan jia qu	4
闫家渠村	yan jia qu cun	4
闫寺街道	yan si jie dao	1
闫庄	yan zhuang	2
闫庄村委会	yan zhuang cun wei hui	3
闫庄村村委会	yan zhuang cun cun wei hui	2
闫村	yan cun	3
闫村村委会	yan cun cun wei hui	2
闫桥	yan qiao	4
闫湾村	yan wan cun	3
闲林埠	xian lin bu	1
闲林山水	xian lin shan shui	3
闵家村	min jia cun	5
闵家镇	min jia zhen	4
闵庄	min zhuang	3
闵庄南里	min zhuang nan li	1
闵行中心医院	min hang zhong xin yi yuan	5
闵行路	min hang lu	4
闷墩	men dun	29
闸东	zha dong	1
闸前街	zha qian jie	3
闸北公园	zha bei gong yuan	8
闸北水厂	zha bei shui chang	1
闸北电厂	zha bei dian chang	4
闸口街道	zha kou jie dao	2
闸头	zha tou	5
闸弄口新村	zha nong kou xin cun	7
闸桥	zha qiao	14
闸殷路	zha yin lu	8
闸河	zha he	23
闸站	zha zhan	8
闸西	zha xi	1
闹桥	nao qiao	3
闹麻了	nao ma le	19
闻亭	wen ting	3
闻喜路	wen xi lu	1
闻家堰	wen jia yan	5
闻涛路	wen tao lu	1
闽侯上街	min hou shang jie	2
闽侯县委	min hou xian wei	7
闽侯福州市	min hou fu zhou shi	2
闽侯路	min hou lu	3
闽候	min hou	1
闽水园	min shui yuan	5
闽江世纪广场	min jiang shi ji guang chang	3
闽江公园	min jiang gong yuan	8
闽江大学	min jiang da xue	5
闽江大桥	min jiang da qiao	2
闽江街	min jiang jie	4
闽省巷	min sheng xiang	2
闽运汽车北站	min yun qi che bei zhan	5
阁山乡	ge shan xiang	3
阁山垦殖场	ge shan ken zhi chang	2
阁楼镇	ge lou zhen	3
阅城国际花园	yue cheng guo ji hua yuan	6
阅景龙华	yue jing long hua	5
阅江楼	yue jiang lou	6
阅江花苑	yue jiang hua yuan	3
阅马场	yue ma chang	14
阆中县	lang zhong xian	27
阆中市	lang zhong shi	32
阆苑	lang yuan	5
阎仙垡	yan xian fa	3
阎仙垡村	yan xian fa cun	3
阎家屯	yan jia tun	2
阎家溶	yan jia rong	3
阎家滩	yan jia tan	2
阎庄	yan zhuang	8
阎庄村	yan zhuang cun	4
阎店楼镇	yan dian lou zhen	3
阎楼镇	yan lou zhen	3
阎疃镇	yan tuan zhen	2
阎良	yan liang	24
阎集镇	yan ji zhen	3
阔什塔格乡	kuo shi ta ge xiang	1
阔什萨特玛乡	kuo shi sa te ma xiang	5
阔依其乡	kuo yi qi xiang	4
阔斯特克乡	kuo si te ke xiang	6
阔洪奇乡	kuo hong qi xiang	3
阚家	kan jia	6
阚庄	kan zhuang	3
阜南路	fu nan lu	3
阜埠河路	fu bu he lu	8
阜外医院	fu wai yi yuan	6
阜外大街	fu wai da jie	7
阜外西口	fu wai xi kou	3
阜外西社区	fu wai xi she qu	3
阜安	fu an	1
阜安办事处	fu an ban shi chu	4
阜寨	fu zhai	1
阜山	fu shan	10
阜峰	fu feng	1
阜康县	fu kang xian	2
阜康市	fu kang shi	5
阜成路	fu cheng lu	8
阜新县	fu xin xian	12
阜新路	fu xin lu	2
阜永路口南	fu yong lu kou nan	2
阜永路口西	fu yong lu kou xi	1
阜玉路口东	fu yu lu kou dong	4
阜矿集团	fu kuang ji tuan	6
阜蒙农场	fu meng nong chang	2
阜蒙县	fu meng xian	8
阜西	fu xi	3
阜通东大街	fu tong dong da jie	7
阜通西大街西口	fu tong xi da jie xi kou	3
阜阳县	fu yang xian	17
阜阳地区	fu yang di qu	9
阜阳路	fu yang lu	8
阮厝	ruan cuo	3
阮庄	ruan zhuang	2
阮社	ruan she	1
防化学院	fang hua xue yuan	12
防城县	fang cheng xian	2
防城港市港口	fang cheng gang shi gang kou	6
防城港市港口区	fang cheng gang shi gang kou qu	3
防城港市防城	fang cheng gang shi fang cheng	5
防城港市防城区	fang cheng gang shi fang cheng qu	11
防洪渠	fang hong qu	2
防虏寨乡	fang lu zhai xiang	1
阳三街道	yang san jie dao	2
阳东	yang dong	16
阳东区	yang dong qu	3
阳光丽景	yang guang li jing	1
阳光占乡	yang guang zhan xiang	3
阳光厅	yang guang ting	6
阳光商厦	yang guang shang sha	1
阳光嘉园	yang guang jia yuan	7
阳光园	yang guang yuan	3
阳光城市花园	yang guang cheng shi hua yuan	6
阳光家园二期	yang guang jia yuan er qi	3
阳光小区	yang guang xiao qu	6
阳光小区东门	yang guang xiao qu dong men	2
阳光山城	yang guang shan cheng	3
阳光幼儿园	yang guang you er yuan	6
阳光广场	yang guang guang chang	12
阳光村	yang guang cun	2
阳光聚宝山庄	yang guang ju bao shan zhuang	5
阳光花园	yang guang hua yuan	6
阳光花园小区	yang guang hua yuan xiao qu	7
阳光酒店	yang guang jiu dian	2
阳光雅居	yang guang ya ju	6
阳光驿站	yang guang yi zhan	8
阳公桥	yang gong qiao	3
阳原	yang yuan	38
阳厦	yang sha	2
阳固镇	yang gu zhen	3
阳坊	yang fang	8
阳坊北站	yang fang bei zhan	3
阳坪	yang ping	1
阳堌镇	yang gu zhen	5
阳头升乡	yang tou sheng xiang	2
阳头街道	yang tou jie dao	1
阳安线	yang an xian	6
阳安铁路	yang an tie lu	9
阳山村	yang shan cun	1
阳岐	yang qi	3
阳峰乡	yang feng xiang	3
阳平关	yang ping guan	25
阳旭	yang xu	3
阳明东路	yang ming dong lu	2
阳星	yang xing	5
阳春乡	yang chun xiang	2
阳春县	yang chun xian	40
阳曲路	yang qu lu	1
阳桥	yang qiao	5
阳江县	yang jiang xian	38
阳泉坪	yang quan ping	2
阳泉胡同	yang quan hu tong	2
阳泉路	yang quan lu	1
阳湖名城	yang hu ming cheng	3
阳照胡同	yang zhao hu tong	2
阳西	yang xi	8
阳邑西街	yang yi xi jie	2
阳霞	yang xia	5
阳高乡	yang gao xiang	5
阴田乡	yin tian xiang	1
阴阳界	yin yang jie	33
阻虎乡	zu hu xiang	3
阿万仓乡	a wan cang xiang	6
阿不都克里木	a bu du ke li mu	6
阿乌利亚乡	a wu li ya xiang	5
阿什河街道	a shi he jie dao	4
阿什里哈萨克族乡	a shi li ha sa ke zu xiang	3
阿伯丁郡	a bo ding jun	21
阿依吐拉	a yi tu la	11
阿克吐别克乡	a ke tu bie ke xiang	6
阿克吐木斯克牧场	a ke tu mu si ke mu chang	2
阿克托海依乡	a ke tuo hai yi xiang	3
阿克提坎墩乡	a ke ti kan dun xiang	6
阿克苏县	a ke su xian	2
阿克苏市	a ke su shi	19
阿克苏普乡	a ke su pu xiang	5
阿克萨克马热勒乡	a ke sa ke ma re le xiang	5
阿克陶	a ke tao	21
阿克陶镇	a ke tao zhen	4
阿党镇	a dang zhen	2
阿兹觉乡	a zi jue xiang	2
阿凡提的故事	a fan ti de gu shi	5
阿加尼亚	a jia ni ya	7
阿勒泰县	a le tai xian	3
阿勒泰市	a le tai shi	18
阿勒泰路	a le tai lu	3
阿勒玛勒乡	a le ma le xiang	6
阿古拉镇	a gu la zhen	1
阿合买提江	a he mai ti jiang	20
阿合亚乡	a he ya xiang	2
阿合其农场	a he qi nong chang	3
阿合别里斗乡	a he bie li dou xiang	3
阿合奇	a he qi	15
阿合牙孜牧场	a he ya zi mu chang	2
阿图什市	a tu shi shi	10
阿坞乡	a wu xiang	1
阿城县	a cheng xian	7
阿城市	a cheng shi	7
阿多乡	a duo xiang	6
阿姆瑞特家居中心	a mu rui te jia ju zhong xin	2
阿子滩乡	a zi tan xiang	2
阿孜乡	a zi xiang	3
阿察	a cha	5
阿察乡	a cha xiang	3
阿尔山市	a er shan shi	10
阿尔本格勒镇	a er ben ge le zhen	1
阿尔派电子	a er pai dian zi	3
阿尔金山	a er jin shan	6
阿巴坎市	a ba kan shi	1
阿巴索夫	a ba suo fu	3
阿幼朵	a you duo	1
阿庄镇	a zhuang zhen	5
阿弥岭	a mi ling	1
阿德雷德港	a de lei de gang	3
阿房一路西口	a fang yi lu xi kou	3
阿房四路	a fang si lu	5
阿拉善村	a la shan cun	6
阿拉尔市	a la er shi	19
阿拉尔市区	a la er shi qu	4
阿拉山口	a la shan kou	25
阿拉格尔乡	a la ge er xiang	3
阿拉沟乡	a la gou xiang	5
阿拉腾朝克苏木	a la teng chao ke su mu	3
阿斯塔那	a si ta na	18
阿日希乡	a ri xi xiang	2
阿日扎	a ri zha	4
阿日扎乡	a ri zha xiang	4
阿月乡	a yue xiang	4
阿朗乡	a lang xiang	4
阿木乡	a mu xiang	5
阿木去乎镇	a mu qu hu zhen	1
阿木塔	a mu ta	1
阿柔乡	a rou xiang	1
阿洪口	a hong kou	6
阿洪鲁库木乡	a hong lu ku mu xiang	4
阿热勒镇	a re le zhen	5
阿热吾斯塘乡	a re wu si tang xiang	6
阿瓦提	a wa ti	13
阿瓦提农场	a wa ti nong chang	5
阿秀乡	a xiu xiang	2
阿科里乡	a ke li xiang	2
阿索乡	a suo xiang	2
阿纳库勒乡	a na ku le xiang	4
阿肯弹唱会	a ken tan chang hui	6
阿苏卫	a su wei	8
阿西乡	a xi xiang	5
阿西尔达斡尔民族乡	a xi er da wo er min zu xiang	4
阿西茸乡	a xi rong xiang	5
阿钦安阿纳雨林	a qin an a na yu lin	3
阿须	a xu	17
阿须乡	a xu xiang	3
陀头庙村	tuo tou miao cun	2
陀罗尼经幢	tuo luo ni jing chuang	31
陂坑	bei keng	5
陂头	bei tou	16
陂洋	bei yang	5
附一医院	fu yi yi yuan	1
附中操场	fu zhong cao chang	4
附二医	fu er yi	9
附城	fu cheng	20
附城街道	fu cheng jie dao	6
附小操场	fu xiao cao chang	3
陆东村	lu dong cun	4
陆丰华侨农场	lu feng hua qiao nong chang	5
陆丰县	lu feng xian	17
陆丰市	lu feng shi	30
陆口	lu kou	4
陆家嘴地铁站	lu jia zui di tie zhan	7
陆家嘴花园	lu jia zui hua yuan	6
陆家嘴路	lu jia zui lu	1
陆家宅	lu jia zhai	2
陆家寨	lu jia zhai	5
陆家巷	lu jia xiang	4
陆家庄子	lu jia zhuang zi	2
陆家村	lu jia cun	7
陆家浜路	lu jia bang lu	10
陆家湾村	lu jia wan cun	3
陆家窑	lu jia yao	2
陆家苑	lu jia yuan	3
陆家院子	lu jia yuan zi	3
陆庄	lu zhuang	1
陆慕镇	lu mu zhen	1
陆河	lu he	26
陆洪	lu hong	5
陆渠	lu qu	3
陆港	lu gang	19
陆行	lu xing	46
陆行中学	lu xing zhong xue	1
陇华	long hua	6
陇塘村	long tang cun	3
陇海路街道	long hai lu jie dao	2
陇西村	long xi cun	4
陈世杰	chen shi jie	38
陈严	chen yan	8
陈亚林	chen ya lin	8
陈伟林	chen wei lin	4
陈公村	chen gong cun	4
陈兴华	chen xing hua	3
陈兴强	chen xing qiang	3
陈兴科	chen xing ke	4
陈南	chen nan	40
陈南村	chen nan cun	4
陈古镇	chen gu zhen	3
陈各庄	chen ge zhuang	1
陈合	chen he	4
陈吴	chen wu	11
陈吴乡	chen wu xiang	4
陈咀镇渔坝口村	chen zui zhen yu ba kou cun	2
陈坝	chen ba	2
陈坝村	chen ba cun	2
陈坪街道	chen ping jie dao	7
陈埭	chen dai	10
陈塔村	chen ta cun	3
陈塘	chen tang	23
陈塘庄	chen tang zhuang	20
陈塘村	chen tang cun	1
陈墩	chen dun	2
陈太路	chen tai lu	6
陈官庄乡	chen guan zhuang xiang	3
陈家井	chen jia jing	4
陈家台	chen jia tai	4
陈家坪	chen jia ping	21
陈家大坡	chen jia da po	2
陈家宅	chen jia zhai	2
陈家屋子	chen jia wu zi	3
陈家山村	chen jia shan cun	5
陈家岭	chen jia ling	5
陈家庄	chen jia zhuang	14
陈家庙	chen jia miao	3
陈家房	chen jia fang	3
陈家村	chen jia cun	15
陈家村村	chen jia cun cun	3
陈家林	chen jia lin	7
陈家桅街	chen jia wei jie	3
陈家桥	chen jia qiao	7
陈家梁村	chen jia liang cun	3
陈家楼	chen jia lou	1
陈家沟子	chen jia gou zi	2
陈家河	chen jia he	6
陈家湖	chen jia hu	1
陈家湾	chen jia wan	5
陈家湾乡	chen jia wan xiang	4
陈家湾街道	chen jia wan jie dao	2
陈家祠	chen jia ci	36
陈家胡同	chen jia hu tong	3
陈家菜园	chen jia cai yuan	2
陈家营乡	chen jia ying xiang	3
陈家集乡	chen jia ji xiang	3
陈小蓉	chen xiao rong	5
陈屋	chen wu	6
陈屯村	chen tun cun	4
陈山	chen shan	42
陈山村	chen shan cun	1
陈庄	chen zhuang	37
陈庄村村委会	chen zhuang cun cun wei hui	2
陈店	chen dian	2
陈店村	chen dian cun	6
陈建民	chen jian min	12
陈思桥	chen si qiao	3
陈惠娟	chen hui juan	7
陈方安生	chen fang an sheng	34
陈旗乡	chen qi xiang	3
陈昌辉	chen chang hui	7
陈晓露	chen xiao lu	1
陈村兰花市场	chen cun lan hua shi chang	2
陈村医院	chen cun yi yuan	1
陈村大	chen cun da	2
陈村工业园	chen cun gong ye yuan	3
陈村新圩	chen cun xin xu	2
陈村旧圩	chen cun jiu xu	3
陈村村委会	chen cun cun wei hui	3
陈村社区	chen cun she qu	5
陈村花卉世界	chen cun hua hui shi jie	9
陈村镇政府	chen cun zhen zheng fu	1
陈杨寨	chen yang zhai	1
陈杨寨街道	chen yang zhai jie dao	5
陈林村	chen lin cun	5
陈柏华	chen bai hua	5
陈桥	chen qiao	18
陈桥村	chen qiao cun	7
陈桥镇	chen qiao zhen	3
陈江乡	chen jiang xiang	3
陈浩伟	chen hao wei	3
陈海公路	chen hai gong lu	1
陈海银	chen hai yin	5
陈海霞	chen hai xia	2
陈涌	chen yong	18
陈渡	chen du	2
陈渡新苑	chen du xin yuan	2
陈渡桥	chen du qiao	2
陈港	chen gang	8
陈湾	chen wan	1
陈湾村	chen wan cun	5
陈溪	chen xi	13
陈溪村	chen xi cun	3
陈田村	chen tian cun	1
陈留村	chen liu cun	3
陈留村南口	chen liu cun nan kou	2
陈绍宽故居	chen shao kuan gu ju	3
陈耳镇	chen er zhen	2
陈胜乡	chen sheng xiang	3
陈良玉	chen liang yu	1
陈芬	chen fen	3
陈芹	chen qin	3
陈袁滩乡	chen yuan tan xiang	5
陈记	chen ji	26
陈辛庄	chen xin zhuang	3
陈靳乡	chen jin xiang	3
陈高	chen gao	6
陕师大长安校区	shan shi da chang an xiao qu	6
陕报社	shan bao she	4
陕汽总厂	shan qi zong chang	4
陕西北路	shan xi bei lu	6
陕西南路	shan xi nan lu	38
陕西柴油机厂	shan xi chai you ji chang	1
陕西理工学院	shan xi li gong xue yuan	1
陕西省人民武装学校	shan xi sheng ren min wu zhuang xue xiao	2
陕西省电子工业学校	shan xi sheng dian zi gong ye xue xiao	4
陕西省礼泉县	shan xi sheng li quan xian	5
陕西科技大学未央校区	shan xi ke ji da xue wei yang xiao qu	4
陕西职业技术学院	shan xi zhi ye ji shu xue yuan	5
陕西街	shan xi jie	4
陕西路	shan xi lu	30
陡坡乡	dou po xiang	3
陡岭	dou ling	3
陡岭支路	dou ling zhi lu	4
陡岭路	dou ling lu	5
陡门头	dou men tou	1
院上	yuan shang	8
院下	yuan xia	7
院东	yuan dong	7
院东村	yuan dong cun	2
院前村	yuan qian cun	8
院前社区	yuan qian she qu	3
院尚	yuan shang	1
院桥镇	yuan qiao zhen	2
院社区	yuan she qu	2
院辖市	yuan xia shi	41
陵北街	ling bei jie	1
陵南村	ling nan cun	2
陵园路	ling yuan lu	8
陵园路口	ling yuan lu kou	2
陵城街道	ling cheng jie dao	2
陵水道	ling shui dao	4
陵江乡	ling jiang xiang	2
陵西街道	ling xi jie dao	4
陵阳路	ling yang lu	4
陶下	tao xia	3
陶乐	tao le	30
陶前	tao qian	7
陶力	tao li	9
陶唐峪乡	tao tang yu xiang	2
陶园	tao yuan	7
陶坑	tao keng	1
陶堰	tao yan	1
陶家大院	tao jia da yuan	3
陶家宅	tao jia zhai	3
陶家山	tao jia shan	6
陶家岭	tao jia ling	1
陶家村	tao jia cun	4
陶家湾	tao jia wan	1
陶家湾村	tao jia wan cun	3
陶屯乡	tao tun xiang	2
陶庄	tao zhuang	18
陶晋初	tao jin chu	3
陶朗阿	tao lang a	6
陶李王巷	tao li wang xiang	6
陶村林场	tao cun lin chang	3
陶林	tao lin	19
陶泉乡	tao quan xiang	1
陶然亭	tao ran ting	35
陶然亭公园	tao ran ting gong yuan	3
陶然亭公园北门	tao ran ting gong yuan bei men	6
陶然桥东	tao ran qiao dong	3
陶然桥北	tao ran qiao bei	3
陶王	tao wang	1
陶瓷博物馆	tao ci bo wu guan	18
陶瓷厂	tao ci chang	7
陶瓷市场	tao ci shi chang	1
陶谷新村	tao gu xin cun	5
陶豆	tao dou	7
陶邓乡	tao deng xiang	3
隆兴路	long xing lu	4
隆华	long hua	7
隆华商场	long hua shang chang	3
隆回	long hui	41
隆头镇	long tou zhen	1
隆子	long zi	44
隆子镇	long zi zhen	4
隆家	long jia	3
隆家堡乡	long jia bao xiang	3
隆平路口	long ping lu kou	3
隆平高科	long ping gao ke	3
隆庆街	long qing jie	3
隆康路	long kang lu	4
隆恩寺	long en si	5
隆恩寺社区	long en si she qu	2
隆恩寺路	long en si lu	4
隆政镇	long zheng zhen	3
隆昌南路	long chang nan lu	2
隆昌路	long chang lu	16
隆林	long lin	23
隆林县	long lin xian	11
隆格尔乡	long ge er xiang	2
隆桑镇	long sang zhen	1
隆百铁路	long bai tie lu	4
隆盛工业园	long sheng gong ye yuan	3
隆盛庄村	long sheng zhuang cun	3
隆盛庄镇	long sheng zhuang zhen	1
隆礼路	long li lu	4
隆礼路胡同	long li lu hu tong	3
隆胜镇	long sheng zhen	2
隆西	long xi	3
随县	sui xian	48
随塘河	sui tang he	2
随阳管理区	sui yang guan li qu	3
隐将村	yin jiang cun	2
隐秀苑	yin xiu yuan	3
隐秀路	yin xiu lu	1
隔塘	ge tang	6
隔岸垟新村	ge an yang xin cun	3
隧道六线	sui dao liu xian	4
隧道北	sui dao bei	38
隧道南	sui dao nan	5
雀仁乡	que ren xiang	4
雁南路	yan nan lu	2
雁园	yan yuan	4
雁塔西路	yan ta xi lu	1
雁塔西路东口	yan ta xi lu dong kou	4
雁塘村	yan tang cun	3
雁岭乡	yan ling xiang	2
雁引路	yan yin lu	7
雁影	yan ying	3
雁栖湖	yan qi hu	48
雁栖镇	yan qi zhen	3
雁池	yan chi	2
雁石坪镇	yan shi ping zhen	3
雁翅	yan chi	11
雁门关乡	yan men guan xiang	4
雁陶村	yan tao cun	3
雁鸣小区东门	yan ming xiao qu dong men	2
雄如乡	xiong ru xiang	3
雄狮乡	xiong shi xiang	2
雄玛乡	xiong ma xiang	3
雄镇楼	xiong zhen lou	9
雄麦乡	xiong mai xiang	3
雅仕苑	ya shi yuan	4
雅克拉镇	ya ke la zhen	2
雅兴村	ya xing cun	1
雅吉	ya ji	7
雅周	ya zhou	1
雅园酒店	ya yuan jiu dian	3
雅园里	ya yuan li	1
雅塘村	ya tang cun	1
雅士道	ya shi dao	2
雅安公寓	ya an gong yu	3
雅安县	ya an xian	3
雅安地区	ya an di qu	5
雅安道	ya an dao	3
雅宝路	ya bao lu	5
雅尔根楚镇	ya er gen chu zhen	2
雅居乐花园	ya ju le hua yuan	9
雅干	ya gan	3
雅德乡	ya de xiang	3
雅曲乡	ya qu xiang	4
雅洪	ya hong	5
雅满苏镇	ya man su zhen	3
雅畈	ya fan	2
雅畈初中	ya fan chu zhong	4
雅荷城市花园	ya he cheng shi hua yuan	4
雅荷度假山庄	ya he du jia shan zhuang	3
雅荷花园	ya he hua yuan	6
雅都乡	ya du xiang	2
雅酉镇	ya you zhen	4
雅长乡	ya chang xiang	2
雅雀湖	ya que hu	6
雅龙乡	ya long xiang	5
集中村	ji zhong cun	8
集义	ji yi	22
集乐	ji le	3
集体乡	ji ti xiang	3
集北	ji bei	5
集北工业区	ji bei gong ye qu	2
集北村	ji bei cun	3
集友	ji you	10
集士港镇	ji shi gang zhen	1
集宁市	ji ning shi	1
集安县	ji an xian	2
集安市	ji an shi	21
集店乡	ji dian xiang	3
集新	ji xin	8
集星	ji xing	3
集星村	ji xing cun	1
集虹苑	ji hong yuan	3
集装箱公司	ji zhuang xiang gong si	7
集贤街	ji xian jie	4
集贤路	ji xian lu	13
集里街道办事处	ji li jie dao ban shi chu	6
集青公路	ji qing gong lu	2
雉山桥	zhi shan qiao	3
雍家村	yong jia cun	4
雍王府	yong wang fu	3
雕刻时光	diao ke shi guang	37
雕庄	diao zhuang	1
雕鹗镇	diao e zhen	1
雨儿胡同	yu er hu tong	13
雨冲乡	yu chong xiang	4
雨厂坪	yu chang ping	3
雨敞坪	yu chang ping	7
雨汪乡	yu wang xiang	2
雨湖	yu hu	4
雨笼胡同	yu long hu tong	3
雨花亭	yu hua ting	17
雨花大道	yu hua da dao	6
雨花村	yu hua cun	6
雨花经济技术开发区	yu hua jing ji ji shu kai fa qu	4
雨花路	yu hua lu	1
雨露白族乡	yu lu bai zu xiang	3
雪上	xue shang	11
雪口山乡	xue kou shan xiang	1
雪堡	xue bao	1
雪堰	xue yan	5
雪山北路	xue shan bei lu	2
雪山路	xue shan lu	7
雪岗北路	xue gang bei lu	3
雪岭	xue ling	35
雪岸	xue an	5
雪峰办事处	xue feng ban shi chu	2
雪峰寺	xue feng si	3
雪峰村	xue feng cun	2
雪松街道	xue song jie dao	3
雪松路	xue song lu	4
雪池胡同	xue chi hu tong	3
雪洞巷	xue dong xiang	2
雪洪	xue hong	4
雪莲南路	xue lian nan lu	3
雪莲桥	xue lian qiao	3
雪莲路	xue lian lu	4
雪象村	xue xiang cun	4
零河	ling he	6
零陵县	ling ling xian	18
零陵郡	ling ling jun	26
雷丰村	lei feng cun	4
雷公嘴	lei gong zui	1
雷公坑	lei gong keng	5
雷公坪	lei gong ping	3
雷公塘	lei gong tang	4
雷公山	lei gong shan	3
雷切	lei qie	16
雷园村	lei yuan cun	3
雷塬乡	lei yuan xiang	3
雷家寨	lei jia zhai	4
雷家村	lei jia cun	3
雷家桥	lei jia qiao	5
雷家沟	lei jia gou	4
雷家湾	lei jia wan	2
雷家碛乡	lei jia qi xiang	2
雷家院子	lei jia yuan zi	3
雷寨	lei zhai	2
雷山村	lei shan cun	4
雷岭	lei ling	2
雷峰村	lei feng cun	7
雷建成	lei jian cheng	2
雷打石	lei da shi	7
雷桥	lei qiao	4
雷桥村	lei qiao cun	3
雷王乡	lei wang xiang	3
雷甸村	lei dian cun	2
雷祖殿	lei zu dian	3
雷遁	lei dun	21
雷锋大道	lei feng da dao	3
雷阳镇	lei yang zhen	1
雷龙湾乡	lei long wan xiang	4
雾寒村	wu han cun	2
雾庄	wu zhuang	14
霄云桥	xiao yun qiao	1
震泽新村	zhen ze xin cun	2
霍去病墓	huo qu bing mu	2
霍各庄镇	huo ge zhuang zhen	1
霍城	huo cheng	20
霍尔姆斯学院	huo er mu si xue yuan	4
霍尔巴乡	huo er ba xiang	3
霍屯	huo tun	12
霍山路	huo shan lu	2
霍州市	huo zhou shi	10
霍庄村	huo zhuang cun	1
霍拉姆沙赫尔	huo la mu sha he er	5
霍林郭勒市	huo lin guo le shi	9
霍营	huo ying	6
霍营乡	huo ying xiang	4
霍西	huo xi	6
霍邱路	huo qiu lu	1
霞云	xia yun	12
霞云岭	xia yun ling	12
霞云岭村	xia yun ling cun	4
霞云村	xia yun cun	2
霞光村	xia guang cun	1
霞光社区	xia guang she qu	7
霞光街	xia guang jie	3
霞光道	xia guang dao	3
霞光里社区	xia guang li she qu	6
霞凝新港	xia ning xin gang	6
霞园	xia yuan	1
霞坑	xia keng	4
霞坡	xia po	2
霞城村	xia cheng cun	4
霞山村	xia shan cun	4
霞峰	xia feng	4
霞峰村	xia feng cun	3
霞庭村	xia ting cun	2
霞村	xia cun	7
霞泉村	xia quan cun	4
霞洲	xia zhou	4
霞浯	xia wu	3
霞浯社区	xia wu she qu	2
霞淮社区	xia huai she qu	2
霞湖	xia hu	4
霞溪	xia xi	3
霞溪村	xia xi cun	1
霞石	xia shi	8
霞碧村	xia bi cun	2
霞美	xia mei	6
霞美村	xia mei cun	2
霞美社区	xia mei she qu	3
霞西	xia xi	1
霞西村	xia xi cun	4
霞阳	xia yang	4
露天区	lu tian qu	4
露天集市	lu tian ji shi	7
露江	lu jiang	1
露礁	lu jiao	3
霸县	ba xian	33
霸州市	ba zhou shi	18
霸州市政府	ba zhou shi zheng fu	6
霸州火车站	ba zhou huo che zhan	5
青东村	qing dong cun	4
青丝乡	qing si xiang	3
青乡	qing xiang	3
青云公园	qing yun gong yuan	5
青云坊	qing yun fang	4
青云山	qing yun shan	13
青云山村	qing yun shan cun	3
青云市场	qing yun shi chang	3
青云店	qing yun dian	2
青云店四村	qing yun dian si cun	2
青云村	qing yun cun	6
青云桥	qing yun qiao	6
青云洞	qing yun dong	4
青云湖	qing yun hu	1
青云胡同	qing yun hu tong	2
青云街	qing yun jie	8
青云谱	qing yun pu	21
青云路	qing yun lu	37
青云里	qing yun li	5
青全村	qing quan cun	2
青冈林	qing gang lin	4
青冲	qing chong	4
青凉寺乡	qing liang si xiang	4
青医	qing yi	3
青医附院	qing yi fu yuan	3
青华	qing hua	14
青华社区	qing hua she qu	4
青台	qing tai	12
青台山	qing tai shan	1
青司塘	qing si tang	3
青同镇	qing tong zhen	5
青后庄	qing hou zhuang	4
青和村	qing he cun	2
青园	qing yuan	9
青园街	qing yuan jie	10
青园路	qing yuan lu	1
青土涧村	qing tu jian cun	2
青场镇	qing chang zhen	1
青坑水库	qing keng shui ku	6
青坛	qing tan	1
青坪镇	qing ping zhen	1
青城家园	qing cheng jia yuan	2
青埔	qing pu	45
青堌集镇	qing gu ji zhen	4
青堤乡	qing di xiang	1
青塔小区	qing ta xiao qu	5
青塔秀园	qing ta xiu yuan	4
青塔芳园	qing ta fang yuan	3
青塔蔚园	qing ta wei yuan	4
青塘	qing tang	22
青塘小区	qing tang xiao qu	3
青塘路	qing tang lu	2
青墩	qing dun	2
青墩村	qing dun cun	3
青安坪乡	qing an ping xiang	4
青少年宫	qing shao nian gong	23
青少年活动中心	qing shao nian huo dong zhong xin	29
青山园村	qing shan yuan cun	4
青山村	qing shan cun	25
青山河	qing shan he	2
青山泉	qing shan quan	2
青山洞	qing shan dong	3
青山湖畔	qing shan hu pan	6
青山溪	qing shan xi	5
青山祠	qing shan ci	7
青山词	qing shan ci	2
青山路	qing shan lu	9
青山铺	qing shan pu	1
青山鞋业	qing shan xie ye	2
青岐	qing qi	2
青岚山乡	qing lan shan xiang	3
青岛嘉园北门	qing dao jia yuan bei men	3
青岛大学医学院	qing dao da xue yi xue yuan	2
青岛家园	qing dao jia yuan	4
青岛山公园	qing dao shan gong yuan	3
青岛路	qing dao lu	31
青峙	qing zhi	2
青峰山	qing feng shan	13
青峰村	qing feng cun	2
青川路	qing chuan lu	4
青年公寓	qing nian gong yu	8
青年农场	qing nian nong chang	5
青年南街	qing nian nan jie	5
青年水库	qing nian shui ku	1
青年沟西口	qing nian gou xi kou	3
青年路北口	qing nian lu bei kou	4
青年路南口	qing nian lu nan kou	5
青年路口	qing nian lu kou	8
青年路小区	qing nian lu xiao qu	1
青年路小学	qing nian lu xiao xue	8
青德	qing de	3
青德乡	qing de xiang	3
青新	qing xin	9
青春公园	qing chun gong yuan	3
青春坊	qing chun fang	4
青春小区	qing chun xiao qu	3
青春路北口	qing chun lu bei kou	3
青春路小区	qing chun lu xiao qu	3
青朗侗族苗族乡	qing lang dong zu miao zu xiang	4
青木关	qing mu guan	11
青杉路	qing shan lu	15
青杠坡	qing gang po	1
青杠林	qing gang lin	1
青杨屯村	qing yang tun cun	2
青松岭	qing song ling	6
青松村	qing song cun	1
青松路	qing song lu	8
青林回族维吾尔族乡	qing lin hui zu wei wu er zu xiang	2
青林村	qing lin cun	1
青果巷	qing guo xiang	5
青枫墅园	qing feng shu yuan	4
青树嘴镇	qing shu zui zhen	5
青桥	qing qiao	8
青檀寺	qing tan si	1
青江街道	qing jiang jie dao	3
青沪公路	qing hu gong lu	3
青河农场	qing he nong chang	1
青泊洼	qing bo wa	4
青泥洞乡	qing ni dong xiang	3
青泥洼桥	qing ni wa qiao	22
青洋	qing yang	23
青洋村	qing yang cun	3
青浦县	qing pu xian	42
青浦镇	qing pu zhen	3
青浴乡	qing yu xiang	3
青海油田公司	qing hai you tian gong si	1
青海省囊谦县	qing hai sheng nang qian xian	7
青海路	qing hai lu	34
青湖	qing hu	11
青湾	qing wan	5
青源	qing yuan	6
青溪村	qing xi cun	2
青潭乡	qing tan xiang	3
青炭局胡同	qing tan ju hu tong	3
青牛乡	qing niu xiang	4
青狮潭	qing shi tan	1
青狮镇	qing shi zhen	3
青珍乡	qing zhen xiang	4
青田村	qing tian cun	5
青甸湖	qing dian hu	4
青疃镇	qing tuan zhen	1
青白口	qing bai kou	2
青白石街道	qing bai shi jie dao	6
青石咀镇	qing shi zui zhen	2
青石山街道	qing shi shan jie dao	2
青石村	qing shi cun	2
青石桥	qing shi qiao	37
青石路	qing shi lu	2
青磁窑乡	qing ci yao xiang	1
青礁	qing jiao	9
青礁慈济宫	qing jiao ci ji gong	16
青神	qing shen	46
青羊北路	qing yang bei lu	1
青羊大道北	qing yang da dao bei	4
青羊大道南	qing yang da dao nan	3
青羊宫	qing yang gong	20
青羊小区	qing yang xiao qu	2
青翠园小区	qing cui yuan xiao qu	2
青联村	qing lian cun	4
青胜乡	qing sheng xiang	4
青苑	qing yuan	10
青苑村	qing yuan cun	2
青苔关林场	qing tai guan lin chang	1
青草坞村	qing cao wu cun	2
青莲村	qing lian cun	1
青萍乡	qing ping xiang	2
青西村	qing xi cun	6
青要山	qing yao shan	3
青都乡	qing du xiang	2
青铜峡市	qing tong xia shi	18
青铜路	qing tong lu	1
青阳路	qing yang lu	3
青雅	qing ya	11
青青世界	qing qing shi jie	3
青青家园	qing qing jia yuan	3
青鱼嘴	qing yu zui	1
青麦	qing mai	4
青麦乡	qing mai xiang	2
青龙县	qing long xian	9
青龙咀	qing long zui	5
青龙场	qing long chang	5
青龙山林场	qing long shan lin chang	5
青龙峡	qing long xia	13
青龙庙	qing long miao	6
青龙村	qing long cun	4
青龙桥	qing long qiao	31
青龙港	qing long gang	2
青龙湖	qing long hu	18
青龙胡同	qing long hu tong	1
青龙苑	qing long yuan	5
青龙街	qing long jie	6
青龙路	qing long lu	2
靖和街道	jing he jie dao	2
靖宇东路	jing yu dong lu	6
靖宇中路	jing yu zhong lu	4
靖江北路	jing jiang bei lu	2
靖江县	jing jiang xian	20
靖江市	jing jiang shi	19
靖江村	jing jiang cun	3
靖江桥	jing jiang qiao	4
靖江王陵	jing jiang wang ling	7
靖江路	jing jiang lu	6
靖江道	jing jiang dao	2
靖海路口	jing hai lu kou	4
靖港	jing gang	7
靖源下街	jing yuan xia jie	2
静兰街道	jing lan jie dao	2
静安公墓	jing an gong mu	3
静安墓园	jing an mu yuan	3
静安庄	jing an zhuang	7
静安新城	jing an xin cheng	6
静安花园	jing an hua yuan	3
静安花苑	jing an hua yuan	3
静安里	jing an li	1
静居寺南路	jing ju si nan lu	2
静居寺路	jing ju si lu	7
静怡花苑	jing yi hua yuan	3
静斋	jing zhai	20
静河乡	jing he xiang	1
静海县大邱庄镇大屯村	jing hai xian da qiu zhuang zhen da tun cun	3
静海县子牙镇	jing hai xian zi ya zhen	2
静海县蔡公庄	jing hai xian cai gong zhuang	3
静海县静海镇	jing hai xian jing hai zhen	3
静海寺	jing hai si	8
静淑苑	jing shu yuan	7
静淑苑社区	jing shu yuan she qu	4
靛厂	dian chang	2
靛厂新村	dian chang xin cun	4
靠山集	kao shan ji	4
面小学	mian xiao xue	4
面市场	mian shi chang	5
面旗子	mian qi zi	5
面达乡	mian da xiang	5
革什扎	ge shi zha	4
革什扎乡	ge shi zha xiang	2
革吉	ge ji	6
革吉镇	ge ji zhen	3
革命公园	ge ming gong yuan	16
革新到	ge xin dao	5
革新大道	ge xin da dao	6
革新路	ge xin lu	3
革新道	ge xin dao	1
革新道汇光里	ge xin dao hui guang li	2
革新道通达新苑	ge xin dao tong da xin yuan	3
革镇堡	ge zhen bao	4
革镇堡广场	ge zhen bao guang chang	2
靳各寨	jin ge zhai	3
靳家堡	jin jia bao	3
靳家堡村	jin jia bao cun	3
靳庄村	jin zhuang cun	4
靳村乡	jin cun xiang	3
靳江路	jin jiang lu	6
鞍山新村	an shan xin cun	6
鞍山村	an shan cun	1
鞍山街	an shan jie	1
鞍山西道	an shan xi dao	7
鞍山路	an shan lu	5
鞍山道	an shan dao	4
鞑子桥	da zi qiao	2
鞠庄	ju zhuang	2
鞠桥	ju qiao	2
韦家	wei jia	49
韦家湾	wei jia wan	4
韦家碾	wei jia nian	18
韦庄村	wei zhuang cun	3
韦曲北站	wei qu bei zhan	5
韦曲南站	wei qu nan zhan	1
韦曲西街	wei qu xi jie	5
韦曲镇	wei qu zhen	1
韦营乡	wei ying xiang	3
韦里村	wei li cun	2
韩北	han bei	19
韩卫	han wei	9
韩吉	han ji	5
韩园	han yuan	1
韩园子	han yuan zi	3
韩国城	han guo cheng	28
韩国拌饭	han guo ban fan	10
韩城市	han cheng shi	24
韩婆岭	han po ling	3
韩家坝	han jia ba	5
韩家屯	han jia tun	3
韩家山	han jia shan	1
韩家川	han jia chuan	6
韩家川乡	han jia chuan xiang	2
韩家川南站	han jia chuan nan zhan	3
韩家庄	han jia zhuang	1
韩家庄子	han jia zhuang zi	3
韩家店乡	han jia dian xiang	2
韩家村	han jia cun	6
韩家村村	han jia cun cun	3
韩家桥	han jia qiao	4
韩家湾村	han jia wan cun	7
韩家潭	han jia tan	4
韩家胡同	han jia hu tong	4
韩岔乡	han cha xiang	5
韩庄子北	han zhuang zi bei	4
韩庄村委会	han zhuang cun wei hui	2
韩庄村村委会	han zhuang cun cun wei hui	3
韩庙	han miao	1
韩村村委会	han cun cun wei hui	2
韩村河	han cun he	6
韩森寨	han sen zhai	9
韩楼	han lou	8
韩泰轮胎有限公司	han tai lun tai you xian gong si	5
韩洋	han yang	1
韩营	han ying	7
韩西	han xi	1
韩郝庄	han hao zhuang	3
韩院乡	han yuan xiang	3
韩非路	han fei lu	4
韩马	han ma	2
韭园沟乡	jiu yuan gou xiang	3
韭菜园	jiu cai yuan	13
韭菜园路	jiu cai yuan lu	3
韭菜庄乡	jiu cai zhuang xiang	4
音小区	yin xiao qu	3
音河镇	yin he zhen	2
韵苑	yun yuan	11
韵苑学生公寓	yun yuan xue sheng gong yu	4
韶九胡同	shao jiu hu tong	1
韶关剧院	shao guan ju yuan	1
韶关国家森林公园	shao guan guo jia sen lin gong yuan	4
韶关大学	shao guan da xue	2
韶关市委党校	shao guan shi wei dang xiao	4
韶关市第一中学	shao guan shi di yi zhong xue	3
韶关市第九中学	shao guan shi di jiu zhong xue	2
韶关市高级技工学校	shao guan shi gao ji ji gong xue xiao	3
韶关日报社	shao guan ri bao she	4
韶关火车站	shao guan huo che zhan	6
韶关路	shao guan lu	2
韶山区	shao shan qu	3
韶山市	shao shan shi	11
韶山路	shao shan lu	5
韶州师范	shao zhou shi fan	3
顶乡	ding xiang	22
顶内	ding nei	6
顶寨	ding zhai	3
顶新乡	ding xin xiang	3
顶村	ding cun	18
顶银胡同	ding yin hu tong	1
项城县	xiang cheng xian	32
项城市	xiang cheng shi	21
项家村	xiang jia cun	2
项家花园	xiang jia hua yuan	2
项村	xiang cun	2
顺义一中	shun yi yi zhong	5
顺义东大桥	shun yi dong da qiao	3
顺义东大桥环岛	shun yi dong da qiao huan dao	3
顺义中医院	shun yi zhong yi yuan	3
顺义二中	shun yi er zhong	3
顺义五中	shun yi wu zhong	4
顺义交通局	shun yi jiao tong ju	5
顺义公园	shun yi gong yuan	5
顺义公安分局	shun yi gong an fen ju	9
顺义公路分局	shun yi gong lu fen ju	4
顺义区医院	shun yi qu yi yuan	8
顺义半壁店	shun yi ban bi dian	1
顺义南彩	shun yi nan cai	5
顺义南彩汽车站	shun yi nan cai qi che zhan	5
顺义县	shun yi xian	36
顺义工商分局	shun yi gong shang fen ju	5
顺义彩虹桥	shun yi cai hong qiao	2
顺义影剧院	shun yi ying ju yuan	3
顺义新华书店	shun yi xin hua shu dian	2
顺义检察院	shun yi jian cha yuan	6
顺义河北村	shun yi he bei cun	2
顺义滨河小区	shun yi bin he xiao qu	2
顺义火车站	shun yi huo che zhan	2
顺义电视台	shun yi dian shi tai	3
顺义西单商场	shun yi xi dan shang chang	3
顺义道	shun yi dao	3
顺义铁匠营	shun yi tie jiang ying	3
顺义马连店	shun yi ma lian dian	2
顺兴	shun xing	32
顺发	shun fa	23
顺和村	shun he cun	3
顺四条	shun si tiao	5
顺宁道	shun ning dao	5
顺家路边	shun jia lu bian	2
顺峰乡	shun feng xiang	3
顺峰山公园	shun feng shan gong yuan	9
顺峰山庄	shun feng shan zhuang	7
顺德一中	shun de yi zhong	5
顺德一中实验学校	shun de yi zhong shi yan xue xiao	6
顺德医院	shun de yi yuan	1
顺德家	shun de jia	5
顺德市	shun de shi	28
顺德技工学校	shun de ji gong xue xiao	2
顺德港	shun de gang	7
顺德立交桥	shun de li jiao qiao	4
顺德糖厂	shun de tang chang	2
顺德职院	shun de zhi yuan	7
顺昌楼	shun chang lou	2
顺昌路	shun chang lu	3
顺星桥	shun xing qiao	1
顺江场	shun jiang chang	2
顺沙路	shun sha lu	3
顺河回族	shun he hui zu	6
顺河集镇	shun he ji zhen	2
顺济新桥	shun ji xin qiao	3
顺番	shun fan	4
顺达路	shun da lu	1
顺通道	shun tong dao	4
顺风岛	shun feng dao	4
顾丽梅	gu li mei	4
顾册	gu ce	5
顾力木图街道	gu li mu tu jie dao	5
顾家园	gu jia yuan	1
顾家宅	gu jia zhai	4
顾家庄	gu jia zhuang	2
顾家营镇	gu jia ying zhen	1
顾巷	gu xiang	2
顾庄	gu zhuang	2
顾戴路	gu dai lu	28
顾村	gu cun	49
顾村中学	gu cun zhong xue	1
顾桥	gu qiao	1
顾渚山	gu zhu shan	2
顾渚村	gu zhu cun	1
顿梭镇	dun suo zhen	3
颁赏胡同	ban shang hu tong	1
颂德里	song de li	5
预制场	yu zhi chang	8
领事馆路	ling shi guan lu	7
颍东	ying dong	15
颍南街道	ying nan jie dao	3
颍州区	ying zhou qu	31
颍桥回族镇	ying qiao hui zu zhen	3
颍西街道	ying xi jie dao	1
颐和园北宫门	yi he yuan bei gong men	2
颐和园南门	yi he yuan nan men	4
颐和园新建宫门	yi he yuan xin jian gong men	6
颐和园西门	yi he yuan xi men	2
颐和园路东口	yi he yuan lu dong kou	3
颐和宾馆	yi he bin guan	5
颐和山庄	yi he shan zhuang	8
颐和山庄南口	yi he shan zhuang nan kou	2
颐和花园	yi he hua yuan	2
颐和路	yi he lu	13
颐家春天	yi jia chun tian	3
颖上县	ying shang xian	2
颖东区	ying dong qu	5
颖川河	ying chuan he	4
颖州区	ying zhou qu	2
颖泉区	ying quan qu	6
颖阳镇	ying yang zhen	2
颜家村	yan jia cun	1
颜屋	yan wu	4
颜庄村	yan zhuang cun	3
颜廷	yan ting	1
颜料坊	yan liao fang	7
颜桥	yan qiao	4
颜江	yan jiang	9
颜港	yan gang	2
颜琛	yan chen	4
额勒再特乌鲁乡	e le zai te wu lu xiang	5
额勒顺镇	e le shun zhen	4
额尔克哈什哈苏木	e er ke ha shi ha su mu	3
额尔古纳左旗	e er gu na zuo qi	1
额尔古纳市	e er gu na shi	26
额尔登布拉格苏木	e er deng bu la ge su mu	1
额尔登敖包嘎查	e er deng ao bao ga cha	4
风云岭	feng yun ling	1
风仪乡	feng yi xiang	2
风光大酒店	feng guang da jiu dian	2
风光里	feng guang li	4
风华园	feng hua yuan	7
风华大酒店	feng hua da jiu dian	3
风华苑	feng hua yuan	6
风味餐厅	feng wei can ting	5
风垭乡	feng ya xiang	3
风山	feng shan	5
风山县	feng shan xian	3
风岗镇	feng gang zhen	2
风干肉	feng gan rou	9
风干肉抓饭	feng gan rou zhua fan	3
风情苑	feng qing yuan	1
风景路	feng jing lu	7
风机厂	feng ji chang	1
风盛	feng sheng	1
风穴路街道	feng xue lu jie dao	4
风美	feng mei	6
风芳园	feng fang yuan	3
风采广场	feng cai guang chang	3
风采楼	feng cai lou	1
风门坳	feng men ao	5
风雅园一区	feng ya yuan yi qu	2
飘香路	piao xiang lu	1
飞云村	fei yun cun	2
飞云江农场	fei yun jiang nong chang	3
飞云江路口	fei yun jiang lu kou	5
飞亚	fei ya	8
飞亚村	fei ya cun	3
飞凤镇	fei feng zhen	2
飞天马	fei tian ma	4
飞山街	fei shan jie	1
飞悦经典	fei yue jing dian	4
飞新	fei xin	7
飞新村	fei xin cun	2
飞机坝	fei ji ba	1
飞沙村	fei sha cun	1
飞沙滩	fei sha tan	3
飞虹新村	fei hong xin cun	3
飞虹路	fei hong lu	14
飞达社区	fei da she qu	2
飞霞南路	fei xia nan lu	1
飞霞桥	fei xia qiao	3
飞马公司	fei ma gong si	5
飞马路口	fei ma lu kou	3
飞鹤路	fei he lu	2
飞龙庙	fei long miao	3
飞龙桥	fei long qiao	6
飞龙桥胡同	fei long qiao hu tong	4
食全食美	shi quan shi mei	2
食品仓库	shi pin cang ku	1
食品城	shi pin cheng	5
食品城北门	shi pin cheng bei men	2
食品大厦	shi pin da sha	1
食品工业园	shi pin gong ye yuan	9
食品市场	shi pin shi chang	11
食品牧场	shi pin mu chang	3
餐具厂	can ju chang	6
饮料厂	yin liao chang	6
饮泉	yin quan	4
饮虹园	yin hong yuan	5
饮马井村	yin ma jing cun	4
饮马巷	yin ma xiang	5
饮马池	yin ma chi	2
饮马河	yin ma he	2
饮马鞍村	yin ma an cun	3
饲料厂	si liao chang	6
饶丰镇	rao feng zhen	4
饶乐府	rao le fu	4
饶埠镇	rao bu zhen	5
馆巷	guan xiang	2
馆驿街	guan yi jie	1
馒头山	man tou shan	5
馒头山路口	man tou shan lu kou	3
馒头驻	man tou zhu	3
馕坑	nang keng	7
首义路	shou yi lu	5
首体南路南口	shou ti nan lu nan kou	3
首山	shou shan	8
首峰	shou feng	1
首府乌鲁木齐	shou fu wu lu mu qi	15
首都图书馆	shou du tu shu guan	4
首都师范大学北门	shou du shi fan da xue bei men	3
首都经贸大学西校区	shou du jing mao da xue xi xiao qu	4
首钢医院	shou gang yi yuan	3
首钢厂东门	shou gang chang dong men	6
首钢小区	shou gang xiao qu	5
首钢焦化厂	shou gang jiao hua chang	3
首钢试验厂	shou gang shi yan chang	3
首阳山	shou yang shan	21
香一街	xiang yi jie	3
香乐胡同	xiang le hu tong	2
香加乡	xiang jia xiang	1
香台	xiang tai	4
香周路	xiang zhou lu	3
香坊乡	xiang fang xiang	3
香坊大街街道	xiang fang da jie jie dao	1
香坪镇	xiang ping zhen	7
香城固乡	xiang cheng gu xiang	5
香堂	xiang tang	13
香堆镇	xiang dui zhen	3
香妃墓	xiang fei mu	2
香孜乡	xiang zi xiang	4
香家园	xiang jia yuan	4
香山东街	xiang shan dong jie	2
香山公园	xiang shan gong yuan	1
香山公园东门	xiang shan gong yuan dong men	1
香山寺	xiang shan si	7
香山新村	xiang shan xin cun	6
香山美墅	xiang shan mei shu	6
香山道	xiang shan dao	4
香工街	xiang gong jie	8
香巴拉	xiang ba la	36
香村营	xiang cun ying	2
香村营村	xiang cun ying cun	2
香林寺	xiang lin si	5
香林路	xiang lin lu	5
香柠花园	xiang ning hua yuan	3
香树湾	xiang shu wan	5
香校	xiang xiao	5
香格里拉大酒店	xiang ge li la da jiu dian	18
香梅北	xiang mei bei	4
香梅北总站	xiang mei bei zong zhan	3
香梅花园	xiang mei hua yuan	2
香榭商务大厦	xiang xie shang wu da sha	4
香榭里	xiang xie li	6
香榭里花园	xiang xie li hua yuan	6
香槟广场	xiang bin guang chang	19
香槟湾	xiang bin wan	1
香樟东路	xiang zhang dong lu	1
香樟树	xiang zhang shu	29
香樟路	xiang zhang lu	8
香橼树	xiang yuan shu	3
香水苑公园	xiang shui yuan gong yuan	4
香江花园	xiang jiang hua yuan	1
香江路	xiang jiang lu	2
香江饭店	xiang jiang fan dian	4
香沉镇	xiang chen zhen	2
香河一中	xiang he yi zhong	3
香河公安局	xiang he gong an ju	2
香河县医院	xiang he xian yi yuan	3
香河园	xiang he yuan	6
香河园社区	xiang he yuan she qu	4
香河家具城	xiang he jia ju cheng	6
香河总站	xiang he zong zhan	1
香河道	xiang he dao	2
香泉环岛	xiang quan huan dao	2
香泉路	xiang quan lu	5
香洲区府	xiang zhou qu fu	1
香洲总站	xiang zhou zong zhan	11
香洲港	xiang zhou gang	6
香洲百货	xiang zhou bai huo	3
香洲路	xiang zhou lu	4
香港东路	xiang gang dong lu	10
香港中路	xiang gang zhong lu	29
香港大道	xiang gang da dao	3
香港特别行政	xiang gang te bie xing zheng	3
香港西路	xiang gang xi lu	16
香港路	xiang gang lu	11
香湖湾	xiang hu wan	2
香溢大酒店	xiang yi da jiu dian	4
香炉山	xiang lu shan	10
香炉岩	xiang lu yan	3
香炉峰	xiang lu feng	7
香炉村	xiang lu cun	4
香炉湾	xiang lu wan	2
香炉礁	xiang lu jiao	10
香王	xiang wang	2
香皂厂	xiang zao chang	4
香秀园	xiang xiu yuan	2
香积寺村	xiang ji si cun	5
香积寺路口	xiang ji si lu kou	2
香稻村	xiang dao cun	3
香缇丽舍	xiang ti li she	5
香花岭镇	xiang hua ling zhen	4
香花桥	xiang hua qiao	11
香花桥路	xiang hua qiao lu	3
香芹	xiang qin	48
香草村	xiang cao cun	6
香营	xiang ying	5
香蜜湖	xiang mi hu	21
香轩路	xiang xuan lu	2
香达乡	xiang da xiang	1
香铺仑乡	xiang pu lun xiang	2
香铺营	xiang pu ying	7
香锦街	xiang jin jie	2
香隆乡	xiang long xiang	3
香饵胡同	xiang er hu tong	3
馥郁苑社区	fu yu yuan she qu	3
馨庭	xin ting	5
馨港庄园	xin gang zhuang yuan	4
馨港车站	xin gang che zhan	2
馨苑小区	xin yuan xiao qu	2
马东村	ma dong cun	6
马临工业经济区	ma lin gong ye jing ji qu	3
马于	ma yu	7
马井村	ma jing cun	6
马会	ma hui	10
马依足乡	ma yi zu xiang	4
马光辉	ma guang hui	6
马克唐镇	ma ke tang zhen	2
马克堂镇	ma ke tang zhen	1
马冈	ma gang	28
马军巷社区	ma jun xiang she qu	2
马冢村	ma zhong cun	3
马利亚纳群岛	ma li ya na qun dao	2
马利镇	ma li zhen	3
马前乡	ma qian xiang	2
马匹营村	ma pi ying cun	3
马南里	ma nan li	4
马厂子	ma chang zi	3
马厂巷	ma chang xiang	3
马厂村委会	ma chang cun wei hui	2
马台街	ma tai jie	4
马各庄	ma ge zhuang	3
马各庄坤江市场	ma ge zhuang kun jiang shi chang	4
马各庄西	ma ge zhuang xi	3
马合口白族乡	ma he kou bai zu xiang	5
马吉村	ma ji cun	3
马哈巴	ma ha ba	9
马嘶	ma si	11
马嘶村	ma si cun	5
马嘶苗族乡	ma si miao zu xiang	3
马回乡	ma hui xiang	1
马园	ma yuan	4
马园巷	ma yuan xiang	2
马园村	ma yuan cun	4
马园路	ma yuan lu	7
马圆	ma yuan	4
马场坪街道	ma chang ping jie dao	3
马场河乡	ma chang he xiang	3
马场角	ma chang jiao	3
马场道	ma chang dao	16
马坊	ma fang	33
马坊村村委会	ma fang cun cun wei hui	4
马坊社区	ma fang she qu	2
马坞乡	ma wu xiang	3
马坡	ma po	14
马坡岭	ma po ling	8
马坡花园	ma po hua yuan	5
马坡花园社区	ma po hua yuan she qu	2
马坪	ma ping	8
马坪村	ma ping cun	6
马垅	ma long	7
马堡	ma bao	21
马塍路口	ma cheng lu kou	4
马塘	ma tang	21
马塘村	ma tang cun	3
马塞诸塞州	ma sai zhu sai zhou	11
马头寨	ma tou zhai	2
马头山	ma tou shan	4
马头岭	ma tou ling	5
马头庄	ma tou zhuang	4
马头村委会	ma tou cun wei hui	3
马头滩林业局	ma tou tan lin ye ju	3
马头营镇	ma tou ying zhen	4
马奈乡	ma nai xiang	4
马奶子	ma nai zi	6
马存真	ma cun zhen	3
马宋	ma song	1
马官营	ma guan ying	2
马官营西	ma guan ying xi	3
马宫	ma gong	4
马宫街道	ma gong jie dao	3
马家冲村	ma jia chong cun	3
马家台乡	ma jia tai xiang	2
马家嘴	ma jia zui	1
马家场	ma jia chang	3
马家坝乡	ma jia ba xiang	2
马家坟	ma jia fen	4
马家坡	ma jia po	7
马家堡东口	ma jia pu dong kou	2
马家堡小区	ma jia pu xiao qu	3
马家堡西里第二社区	ma jia pu xi li di er she qu	2
马家堡路	ma jia pu lu	5
马家堡路北口	ma jia pu lu bei kou	3
马家大院	ma jia da yuan	4
马家居委会	ma jia ju wei hui	2
马家巷	ma jia xiang	28
马家庄	ma jia zhuang	3
马家庄村	ma jia zhuang cun	6
马家店	ma jia dian	4
马家店村	ma jia dian cun	4
马家庙	ma jia miao	1
马家弄村	ma jia long cun	5
马家新村	ma jia xin cun	3
马家村	ma jia cun	6
马家村委会	ma jia cun wei hui	3
马家林	ma jia lin	4
马家桥	ma jia qiao	3
马家楼	ma jia lou	2
马家楼桥北	ma jia lou qiao bei	3
马家楼桥西	ma jia lou qiao xi	3
马家沟	ma jia gou	11
马家河	ma jia he	3
马家河子	ma jia he zi	2
马家洼	ma jia wa	4
马家湾	ma jia wan	10
马家滩镇	ma jia tan zhen	3
马家皂乡	ma jia zao xiang	5
马家营	ma jia ying	2
马家街	ma jia jie	4
马家龙工业区	ma jia long gong ye qu	6
马寨村	ma zhai cun	2
马寨村委会	ma zhai cun wei hui	3
马寨村村委会	ma zhai cun cun wei hui	3
马尔洋乡	ma er yang xiang	6
马尔邦乡	ma er bang xiang	3
马尼干戈	ma ni gan ge	6
马尼干戈乡	ma ni gan ge xiang	4
马尾保税区	ma wei bao shui qu	4
马尾区委	ma wei qu wei	7
马尾旧街	ma wei jiu jie	3
马尾沟	ma wei gou	3
马尾海关	ma wei hai guan	6
马尾罗星塔	ma wei luo xing ta	1
马尾造船厂	ma wei zao chuan chang	7
马屋	ma wu	6
马山下	ma shan xia	1
马山区	ma shan qu	5
马山埠	ma shan bu	3
马山头	ma shan tou	6
马山村	ma shan cun	3
马山镇中	ma shan zhen zhong	3
马岗乡	ma gang xiang	1
马岗工业区	ma gang gong ye qu	3
马岗渡口	ma gang du kou	2
马岩村	ma yan cun	7
马岭	ma ling	48
马峰	ma feng	34
马峰村	ma feng cun	4
马峻	ma jun	5
马巍	ma wei	7
马巷	ma xiang	21
马巷镇桐梓村	ma xiang zhen tong zi cun	2
马市街	ma shi jie	4
马市街社区	ma shi jie she qu	4
马庄村委会	ma zhuang cun wei hui	1
马庄村村委会	ma zhuang cun cun wei hui	3
马庄街道	ma zhuang jie dao	4
马底驿乡	ma di yi xiang	7
马府街	ma fu jie	7
马廊	ma lang	7
马建辉	ma jian hui	6
马形山	ma xing shan	4
马必乡	ma bi xiang	2
马房山	ma fang shan	6
马拖乡	ma tuo xiang	3
马排村	ma pai cun	3
马文军	ma wen jun	6
马旺	ma wang	4
马昌营	ma chang ying	6
马村村	ma cun cun	3
马村村委会	ma cun cun wei hui	2
马杜桥乡	ma du qiao xiang	2
马杭	ma hang	5
马栅村	ma zha cun	5
马标	ma biao	6
马栏北街	ma lan bei jie	6
马栏山	ma lan shan	41
马栏广场	ma lan guang chang	10
马桥村	ma qiao cun	2
马棚镇	ma peng zhen	3
马楠苗族彝族乡	ma nan miao zu yi zu xiang	2
马榕新村	ma rong xin cun	2
马武乡	ma wu xiang	3
马池口	ma chi kou	4
马池口村	ma chi kou cun	2
马沟村	ma gou cun	1
马泉	ma quan	3
马泉乡	ma quan xiang	4
马泉营	ma quan ying	8
马泉营村	ma quan ying cun	6
马泘沱	ma hu tuo	4
马泾桥	ma jing qiao	2
马洲村	ma zhou cun	2
马渡	ma du	11
马渡乡	ma du xiang	3
马湾海峡	ma wan hai xia	3
马滘街道	ma jiao jie dao	3
马灯乡	ma deng xiang	2
马烈乡	ma lie xiang	4
马牧乡	ma mu xiang	3
马狮	ma shi	1
马王场	ma wang chang	6
马王堆	ma wang dui	47
马王堆路	ma wang dui lu	8
马王庙街	ma wang miao jie	5
马王街	ma wang jie	7
马珂	ma ke	22
马珑	ma long	1
马田村	ma tian cun	9
马甸	ma dian	15
马甸桥	ma dian qiao	8
马甸桥东	ma dian qiao dong	6
马甸桥北	ma dian qiao bei	6
马甸桥南	ma dian qiao nan	1
马甸桥西	ma dian qiao xi	5
马甸社区	ma dian she qu	4
马甸西村路社区	ma dian xi cun lu she qu	2
马益顺巷	ma yi shun xiang	3
马相胡同	ma xiang hu tong	4
马祖乡	ma zu xiang	4
马祖常	ma zu chang	3
马神庙	ma shen miao	15
马神庙街	ma shen miao jie	3
马站	ma zhan	9
马肠子	ma chang zi	3
马腰村	ma yao cun	2
马腾空	ma teng kong	7
马良胡同	ma liang hu tong	1
马莲渠村	ma lian qu cun	3
马营	ma ying	33
马营庄	ma ying zhuang	3
马营庄乡	ma ying zhuang xiang	5
马行沟村	ma xing gou cun	3
马街	ma jie	29
马街村委会	ma jie cun wei hui	3
马街街道	ma jie jie dao	4
马衙镇	ma ya zhen	1
马西乡	ma xi xiang	3
马跃乡	ma yue xiang	2
马跑泉	ma pao quan	5
马跑泉村	ma pao quan cun	4
马路下	ma lu xia	7
马路村	ma lu cun	6
马路桥	ma lu qiao	1
马路溪村	ma lu xi cun	3
马路街	ma lu jie	2
马辛庄	ma xin zhuang	4
马辛庄乡	ma xin zhuang xiang	4
马边	ma bian	9
马边县	ma bian xian	2
马连店	ma lian dian	6
马连洼	ma lian wa	5
马连洼北路东口	ma lian wa bei lu dong kou	3
马连洼西站	ma lian wa xi zhan	3
马连道中里	ma lian dao zhong li	5
马连道中里社区	ma lian dao zhong li she qu	2
马连道北路	ma lian dao bei lu	2
马连道南口	ma lian dao nan kou	3
马连道西里	ma lian dao xi li	4
马迹	ma ji	10
马迹村	ma ji cun	3
马道梁	ma dao liang	3
马道街	ma dao jie	4
马采	ma cai	7
马镇街	ma zhen jie	1
马降龙	ma jiang long	5
马隘乡	ma ai xiang	2
马鞍北路	ma an bei lu	2
马鞍山村	ma an shan cun	5
马鞍岗	ma an gang	2
马鞍底乡	ma an di xiang	4
马鞍桥	ma an qiao	1
马鞍池新村	ma an chi xin cun	2
马鞍池西路	ma an chi xi lu	7
马鞍西路	ma an xi lu	4
马颈坳村	ma jing ao cun	2
马颈村	ma jing cun	4
马颊河	ma jia he	10
马首乡	ma shou xiang	3
马驹村	ma ju cun	3
马驹桥	ma ju qiao	15
马驹桥一号桥	ma ju qiao yi hao qiao	5
马驹桥北路	ma ju qiao bei lu	4
马驹桥商业街	ma ju qiao shang ye jie	5
马驹桥商业街西口	ma ju qiao shang ye jie xi kou	3
马驹桥新桥	ma ju qiao xin qiao	6
马驹桥邮局	ma ju qiao you ju	4
马高庄乡	ma gao zhuang xiang	3
马鬃山苏木	ma zong shan su mu	5
马鬃苗族乡	ma zong miao zu xiang	3
驯海路	xun hai lu	2
驴肉馆	lv rou guan	6
驷岭村	si ling cun	2
驷马	si ma	26
驷马桥	si ma qiao	21
驸马庄	fu ma zhuang	1
驹子房	ju zi fang	6
驹子房村	ju zi fang cun	5
驹章胡同	ju zhang hu tong	3
驻长办事处	zhu chang ban shi chu	4
驻马庄	zhu ma zhuang	2
驻马店地区	zhu ma dian di qu	10
驼峰山	tuo feng shan	3
驼房营	tuo fang ying	6
驼房营村	tuo fang ying cun	1
驼背树	tuo bei shu	3
驼腰子镇	tuo yao zi zhen	1
驾车乡	jia che xiang	4
驿坂	yi ban	5
驿坂村	yi ban cun	2
驿马图乡	yi ma tu xiang	4
骅中街道	hua zhong jie dao	2
骆家塘	luo jia tang	3
骆家庄	luo jia zhuang	8
骆宾王	luo bin wang	10
骆岭村	luo ling cun	2
骆峪乡	luo yu xiang	4
骆市镇	luo shi zhen	2
骆庄乡	luo zhuang xiang	4
骆驼圈子开发区	luo tuo quan zi kai fa qu	3
骆驼奶	luo tuo nai	38
骆驼桥	luo tuo qiao	1
骆驼湾	luo tuo wan	7
骊山路	li shan lu	3
骊龙园西门	li long yuan xi men	2
骏城	jun cheng	1
骏马乡	jun ma xiang	4
骑士公园	qi shi gong yuan	1
骑岸	qi an	3
骑骡沟乡	qi luo gou xiang	4
骚子营	sao zi ying	5
骡马市街	luo ma shi jie	3
高东	gao dong	11
高丽村	gao li cun	1
高丽营	gao li ying	6
高义伯胡同	gao yi bo hu tong	3
高二村	gao er cun	5
高云岭	gao yun ling	2
高云路	gao yun lu	6
高井胡同	gao jing hu tong	2
高井街	gao jing jie	3
高交会馆	gao jiao hui guan	1
高亭	gao ting	21
高亭镇政府	gao ting zhen zheng fu	2
高伦	gao lun	4
高佃一村	gao dian yi cun	2
高佃三村	gao dian san cun	3
高兴圩	gao xing xu	4
高兴花园	gao xing hua yuan	1
高前	gao qian	6
高北	gao bei	10
高升巷	gao sheng xiang	1
高升桥	gao sheng qiao	24
高升桥东路	gao sheng qiao dong lu	8
高升桥南街	gao sheng qiao nan jie	5
高升门	gao sheng men	4
高卓营乡	gao zhuo ying xiang	3
高南	gao nan	10
高卧胡同	gao wo hu tong	4
高压走廊	gao ya zou lang	9
高厝村	gao cuo cun	4
高厦	gao sha	4
高古	gao gu	9
高古庄	gao gu zhuang	5
高句丽王城	gao gou li wang cheng	5
高台子	gao tai zi	13
高各庄	gao ge zhuang	3
高和	gao he	13
高和乡	gao he xiang	3
高哨乡	gao shao xiang	2
高土地	gao tu di	7
高地村	gao di cun	4
高圳	gao zhen	1
高坎	gao kan	4
高坑	gao keng	7
高坑村	gao keng cun	5
高坞岭村	gao wu ling cun	2
高坡巷	gao po xiang	2
高坡店	gao po dian	3
高坪	gao ping	20
高坪村	gao ping cun	1
高垅	gao long	5
高垅村	gao long cun	3
高型	gao xing	5
高城村	gao cheng cun	4
高埔	gao pu	9
高埠	gao bu	3
高埠镇	gao bu zhen	3
高培	gao pei	11
高基站	gao ji zhan	2
高堡子	gao bao zi	3
高塔乡	gao ta xiang	2
高塘	gao tang	37
高塘四村	gao tang si cun	2
高塘岭	gao tang ling	1
高塘工业区	gao tang gong ye qu	3
高塘新村	gao tang xin cun	3
高塘村	gao tang cun	3
高境庙	gao jing miao	2
高墩子	gao dun zi	3
高头	gao tou	8
高头村	gao tou cun	1
高安屯	gao an tun	9
高安市	gao an shi	22
高安路	gao an lu	2
高客站	gao ke zhan	8
高家	gao jia	11
高家园	gao jia yuan	1
高家坝	gao jia ba	5
高家坪	gao jia ping	2
高家堡	gao jia pu	9
高家堡乡	gao jia pu xiang	3
高家堰	gao jia yan	3
高家小区	gao jia xiao qu	4
高家屯	gao jia tun	11
高家山	gao jia shan	2
高家巷	gao jia xiang	2
高家庄	gao jia zhuang	8
高家庄子	gao jia zhuang zi	1
高家库	gao jia ku	1
高家店	gao jia dian	1
高家村	gao jia cun	9
高家梁乡	gao jia liang xiang	2
高家沟	gao jia gou	6
高家湾	gao jia wan	6
高家胡同	gao jia hu tong	2
高家营	gao jia ying	5
高家院子	gao jia yuan zi	4
高密县	gao mi xian	49
高密市	gao mi shi	39
高密市朝阳街道办事处	gao mi shi chao yang jie dao ban shi chu	2
高富路	gao fu lu	1
高寨	gao zhai	5
高寨乡	gao zhai xiang	1
高寨子	gao zhai zi	2
高寨村委会	gao zhai cun wei hui	2
高尔基路	gao er ji lu	4
高屋乡	gao wu xiang	3
高屏溪	gao ping xi	46
高屯	gao tun	2
高山坡	gao shan po	1
高山子监狱	gao shan zi jian yu	2
高山寨	gao shan zhai	4
高山寺	gao shan si	14
高山村	gao shan cun	18
高山社区	gao shan she qu	5
高岗里	gao gang li	5
高岸	gao an	9
高峰岭	gao feng ling	5
高峰村	gao feng cun	7
高峰桥	gao feng qiao	4
高峰路	gao feng lu	4
高崎国际机场	gao qi guo ji ji chang	7
高崖口	gao ya kou	5
高崖口乡	gao ya kou xiang	3
高崖子牧场	gao ya zi mu chang	3
高川镇	gao chuan zhen	5
高州县	gao zhou xian	1
高巷	gao xiang	3
高平县	gao ping xian	49
高平市	gao ping shi	24
高平村	gao ping cun	1
高平路	gao ping lu	1
高庄	gao zhuang	40
高庄小学	gao zhuang xiao xue	4
高庄村委会	gao zhuang cun wei hui	4
高庄村村委会	gao zhuang cun cun wei hui	3
高店	gao dian	7
高店子	gao dian zi	6
高庙	gao miao	44
高庙北村	gao miao bei cun	2
高庙南村	gao miao nan cun	2
高庙子	gao miao zi	2
高庙屯村	gao miao tun cun	3
高庙村	gao miao cun	6
高张	gao zhang	7
高德安	gao de an	5
高戈庄	gao ge zhuang	4
高排村	gao pai cun	1
高支队	gao zhi dui	3
高教新村	gao jiao xin cun	1
高新一中	gao xin yi zhong	1
高新一中国际部	gao xin yi zhong guo ji bu	5
高新一中高中部	gao xin yi zhong gao zhong bu	5
高新一小	gao xin yi xiao	8
高新二路	gao xin er lu	4
高新六路北口	gao xin liu lu bei kou	1
高新区管委会	gao xin qu guan wei hui	27
高新区街道	gao xin qu jie dao	1
高新医院	gao xin yi yuan	5
高新园区	gao xin yuan qu	19
高新国际学校	gao xin guo ji xue xiao	5
高新孵化园	gao xin fu hua yuan	1
高新科技园	gao xin ke ji yuan	1
高新科技园北区	gao xin ke ji yuan bei qu	4
高新花苑	gao xin hua yuan	4
高新路	gao xin lu	12
高方	gao fang	6
高昌乐	gao chang yue	3
高昌故城	gao chang gu cheng	13
高昌路街道	gao chang lu jie dao	3
高明县	gao ming xian	14
高明大	gao ming da	1
高明市	gao ming shi	4
高明庄	gao ming zhuang	2
高明村	gao ming cun	5
高望界乡	gao wang jie xiang	5
高李	gao li	5
高村村	gao cun cun	1
高村村委会	gao cun cun wei hui	6
高杨树	gao yang shu	5
高杰村镇	gao jie cun zhen	1
高林	gao lin	10
高枧村	gao jian cun	5
高枧镇	gao jian zhen	2
高栏岛	gao lan dao	1
高栏村	gao lan cun	2
高桥中学	gao qiao zhong xue	6
高桥乡政府	gao qiao xiang zheng fu	4
高桥大市场	gao qiao da shi chang	10
高桥村	gao qiao cun	4
高桥营街道	gao qiao ying jie dao	1
高桥路	gao qiao lu	6
高桥门	gao qiao men	4
高棚	gao peng	1
高棚子	gao peng zi	1
高棚顶	gao peng ding	3
高楠乡	gao nan xiang	5
高楼坪侗族乡	gao lou ping dong zu xiang	2
高楼村	gao lou cun	4
高楼金	gao lou jin	2
高楼金村	gao lou jin cun	3
高楼门	gao lou men	1
高正街	gao zheng jie	1
高殿	gao dian	25
高水乡	gao shui xiang	4
高沙	gao sha	8
高沙桥	gao sha qiao	3
高沙滩	gao sha tan	4
高沟村	gao gou cun	3
高河坎	gao he kan	3
高洪口乡	gao hong kou xiang	3
高洪村	gao hong cun	2
高流村	gao liu cun	2
高淳县	gao chun xian	30
高渡	gao du	5
高港	gao gang	9
高湖	gao hu	8
高湖村	gao hu cun	5
高湾镇	gao wan zhen	4
高溪市镇	gao xi shi zhen	5
高滩岩	gao tan yan	5
高潭	gao tan	22
高潮村	gao chao cun	3
高烈	gao lie	3
高田村	gao tian cun	10
高皇	gao huang	28
高盖	gao gai	6
高石庄乡	gao shi zhuang xiang	3
高码头	gao ma tou	4
高碑店乡	gao bei dian xiang	8
高碑店市	gao bei dian shi	18
高碑胡同	gao bei hu tong	2
高祖庙	gao zu miao	3
高禹村	gao yu cun	1
高科技园区	gao ke ji yuan qu	7
高科花园	gao ke hua yuan	9
高立庄	gao li zhuang	2
高笋塘	gao sun tang	1
高等职业技术学院	gao deng zhi ye ji shu xue yuan	11
高米店	gao mi dian	2
高粱店乡	gao liang dian xiang	2
高粱桥	gao liang qiao	1
高红小区	gao hong xiao qu	2
高臾镇	gao yu zhen	4
高舍	gao she	3
高营	gao ying	1
高蓬	gao peng	4
高行	gao xing	8
高行中学	gao xing zhong xue	1
高西	gao xi	6
高西村	gao xi cun	5
高要县	gao yao xian	29
高要市	gao yao shi	16
高贤乡	gao xian xiang	1
高资港	gao zi gang	2
高赞	gao zan	6
高赞村	gao zan cun	4
高赞村委会	gao zan cun wei hui	3
高路	gao lu	11
高辛庄	gao xin zhuang	1
高运	gao yun	4
高连	gao lian	7
高速彭埠口	gao su peng bu kou	4
高速路口	gao su lu kou	45
高邮县	gao you xian	14
高邮市	gao you shi	31
高邮镇	gao you zhen	2
高里	gao li	8
高金海	gao jin hai	4
高银街东口	gao yin jie dong kou	2
高镜庙	gao jing miao	3
高闸	gao zha	1
高阳村	gao yang cun	1
高阳路	gao yang lu	4
高陂水库	gao bei shui ku	2
高陵村	gao ling cun	3
高陵路	gao ling lu	4
高雄路	gao xiong lu	6
高霞社区	gao xia she qu	3
高顶山	gao ding shan	2
高鹤	gao he	8
高鹤县	gao he xian	4
高黎	gao li	43
高黎居委会	gao li ju wei hui	1
高龙	gao long	10
鬼头山	gui tou shan	3
鬼火冒	gui huo mao	24
鬼迷日眼	gui mi ri yan	3
魁多	kui duo	3
魁多乡	kui duo xiang	3
魁岐	kui qi	2
魁岐洲	kui qi zhou	3
魁斗	kui dou	12
魏公村	wei gong cun	46
魏各庄	wei ge zhuang	4
魏各庄中心村	wei ge zhuang zhong xin cun	3
魏各庄村	wei ge zhuang cun	5
魏善庄	wei shan zhuang	5
魏善庄村	wei shan zhuang cun	1
魏家坡	wei jia po	4
魏家屯	wei jia tun	3
魏家庄	wei jia zhuang	6
魏家店	wei jia dian	2
魏家村	wei jia cun	7
魏家沟	wei jia gou	5
魏家湾	wei jia wan	1
魏家滩镇	wei jia tan zhen	5
魏家胡同	wei jia hu tong	6
魏家营	wei jia ying	3
魏庄村委会	wei zhuang cun wei hui	2
魏建斌	wei jian bin	5
魏村	wei cun	5
魏楼	wei lou	3
魏楼村	wei lou cun	5
魏瑞	wei rui	7
魏辛庄	wei xin zhuang	1
魏都	wei du	9
魔镜冰晶	mo jing bing jing	2
鮀江街道	tuo jiang jie dao	4
鮀浦街道	tuo pu jie dao	2
鱼儿山	yu er shan	4
鱼儿红牧场	yu er hong mu chang	2
鱼化乡	yu hua xiang	4
鱼城	yu cheng	6
鱼塘街	yu tang jie	4
鱼峰	yu feng	12
鱼峰路	yu feng lu	2
鱼弄	yu nong	3
鱼斗泉村	yu dou quan cun	3
鱼河峁镇	yu he mao zhen	6
鱼洞	yu dong	43
鱼珠街	yu zhu jie	1
鱼邱湖街道	yu qiu hu jie dao	3
鱼鲊乡	yu zha xiang	1
鲁各庄	lu ge zhuang	3
鲁吉乡	lu ji xiang	3
鲁基乡	lu ji xiang	3
鲁安	lu an	20
鲁家村	lu jia cun	4
鲁家滩	lu jia tan	5
鲁山村	lu shan cun	3
鲁山道	lu shan dao	2
鲁巷	lu xiang	8
鲁巷广场	lu xiang guang chang	9
鲁布格镇	lu bu ge zhen	3
鲁布革布依族苗族乡	lu bu ge bu yi zu miao zu xiang	2
鲁庄	lu zhuang	11
鲁木齐	lu mu qi	3
鲁木齐市	lu mu qi shi	1
鲁桥	lu qiao	5
鲁河村委会	lu he cun wei hui	3
鲁班路	lu ban lu	20
鲁班馆	lu ban guan	4
鲁甸	lu dian	37
鲁美	lu mei	7
鲁苗	lu miao	4
鲁谷	lu gu	18
鲁谷街道	lu gu jie dao	3
鲁谷西站	lu gu xi zhan	4
鲁谷路	lu gu lu	2
鲁谷路东口	lu gu lu dong kou	5
鲁谷路衙门口	lu gu lu ya men kou	3
鲁贡镇	lu gong zhen	3
鲁迅中学	lu xun zhong xue	4
鲁迅公园	lu xun gong yuan	6
鲁迅园	lu xun yuan	4
鲁迅小学	lu xun xiao xue	5
鲁迅纪念馆	lu xun ji nian guan	4
鲁运河	lu yun he	2
鲁郡	lu jun	24
鲁阳镇	lu yang zhen	3
鲇鱼套	nian yu tao	11
鲇鱼村	nian yu cun	3
鲊埠乡	zha bu xiang	5
鲍墟乡	bao xu xiang	4
鲍官屯镇	bao guan tun zhen	4
鲍家桥	bao jia qiao	1
鲍家渡	bao jia du	4
鲍庄	bao zhuang	1
鲖城镇	tong cheng zhen	5
鲘门	hou men	4
鲘门镇	hou men zhen	1
鲜水	xian shui	7
鲜鱼口街	xian yu kou jie	7
鲜鱼塘村	xian yu tang cun	5
鲜鱼巷	xian yu xiang	6
鲤中	li zhong	3
鲤城	li cheng	16
鲤城公安分局	li cheng gong an fen ju	7
鲤城区政府	li cheng qu zheng fu	5
鲤城镇	li cheng zhen	3
鲤鱼头	li yu tou	14
鲤鱼尾	li yu wei	26
鲤鱼山	li yu shan	23
鲤鱼山花园小区	li yu shan hua yuan xiao qu	4
鲤鱼村	li yu cun	1
鲤鱼池	li yu chi	9
鲤鱼沙	li yu sha	5
鲤鱼石	li yu shi	3
鲫鱼湖	ji yu hu	3
鲸鱼沟	jing yu gou	6
鲸鱼湖	jing yu hu	5
鳄鱼公园	e yu gong yuan	1
鳄鱼岛	e yu dao	2
鳌园	ao yuan	4
鳌头	ao tou	20
鳌峰洲	ao feng zhou	11
鳌峰洲大桥	ao feng zhou da qiao	2
鳌石乡	ao shi xiang	3
鳌陵乡	ao ling xiang	3
鳝溪	shan xi	1
鳝溪农场	shan xi nong chang	3
鳝溪校区	shan xi xiao qu	3
鴜鹭树镇	ci lu shu zhen	2
鸟石	niao shi	1
鸠林村	jiu lin cun	3
鸠江	jiu jiang	34
鸡东	ji dong	17
鸡公山	ji gong shan	15
鸡公岭	ji gong ling	6
鸡公滩	ji gong tan	3
鸡冠洞	ji guan dong	5
鸡山	ji shan	22
鸡峰镇	ji feng zhen	5
鸡市拐	ji shi guai	6
鸡泽	ji ze	33
鸡洲	ji zhou	1
鸡爪山	ji zhua shan	1
鸡爪胡同	ji zhua hu tong	2
鸡笼山	ji long shan	23
鸡笼山林场	ji long shan lin chang	1
鸡鸣乡	ji ming xiang	2
鸡鸣寺	ji ming si	5
鸡鸣桥	ji ming qiao	1
鸡鸭巷	ji ya xiang	3
鸡龙山	ji long shan	5
鸢峰	yuan feng	5
鸣凰	ming huang	6
鸣沙山	ming sha shan	41
鸣玉坊	ming yu fang	2
鸣皋乡	ming gao xiang	2
鸣矣河乡	ming yi he xiang	3
鸣翠蓝湾	ming cui lan wan	4
鸣鹫乡	ming jiu xiang	3
鸣鹿乡	ming lu xiang	3
鸣龙镇	ming long zhen	3
鸦儿胡同	ya er hu tong	8
鸦鹊湖乡	ya que hu xiang	3
鸭儿胡同	ya er hu tong	3
鸭塘	ya tang	3
鸭子桥北里	ya zi qiao bei li	5
鸭池口村	ya chi kou cun	4
鸭湖	ya hu	11
鸭绒乡	ya rong xiang	2
鸭绿江北街	ya lv jiang bei jie	5
鸳江	yuan jiang	1
鸳鸯井	yuan yang jing	4
鸳鸯会	yuan yang hui	3
鸳鸯坡	yuan yang po	2
鸳鸯池公园	yuan yang chi gong yuan	2
鸵鸟王大厦	tuo niao wang da sha	5
鸽群乡	ge qun xiang	2
鸿仁名居	hong ren ming ju	2
鸿信清新家园	hong xin qing xin jia yuan	3
鸿兴大厦	hong xing da sha	3
鸿兴路	hong xing lu	5
鸿发花园	hong fa hua yuan	2
鸿图新村	hong tu xin cun	3
鸿安	hong an	3
鸿安村	hong an cun	2
鸿山	hong shan	27
鸿恩寺	hong en si	3
鸿恩寺森林公园	hong en si sen lin gong yuan	2
鸿意星城	hong yi xing cheng	5
鸿新花园	hong xin hua yuan	4
鸿春园	hong chun yuan	3
鸿景花园	hong jing hua yuan	4
鸿桥	hong qiao	5
鸿泰花园	hong tai hua yuan	3
鸿益驾校	hong yi jia xiao	4
鸿福苑	hong fu yuan	4
鸿花园	hong hua yuan	1
鸿运楼	hong yun lou	1
鸿运汽车站	hong yun qi che zhan	8
鸿都	hong du	6
鸿都酒店	hong du jiu dian	2
鸿鑫酒店	hong xin jiu dian	4
鸿雁路	hong yan lu	5
鸿顺园小区	hong shun yuan xiao qu	3
鹁鸽市	bo ge shi	3
鹅公岭侗族苗族乡	e gong ling dong zu miao zu xiang	4
鹅凤营	e feng ying	3
鹅坑桥	e keng qiao	4
鹅埠	e bu	6
鹅塘	e tang	5
鹅头	e tou	21
鹅头村	e tou cun	3
鹅屋乡	e wu xiang	4
鹅山街道	e shan jie dao	2
鹅岭乡	e ling xiang	3
鹅峦鼻	e luan bi	4
鹅房	e fang	6
鹅掌坦	e zhang tan	19
鹅湖	e hu	22
鹅潭夜月	e tan ye yue	6
鹊桥路	que qiao lu	1
鹏兴路	peng xing lu	5
鹏城	peng cheng	31
鹏城花园	peng cheng hua yuan	4
鹏头村	peng tou cun	2
鹏山工贸学校	peng shan gong mao xue xiao	2
鹏峰	peng feng	9
鹏成	peng cheng	4
鹏欣丽都	peng xin li du	2
鹏溪村	peng xi cun	3
鹏程一路	peng cheng yi lu	4
鹏程三路	peng cheng san lu	5
鹏程二路	peng cheng er lu	3
鹏程五路	peng cheng wu lu	3
鹏程四路	peng cheng si lu	4
鹏达路	peng da lu	4
鹤咀	he zui	5
鹤园弄	he yuan long	2
鹤城	he cheng	9
鹤壁市鹤山区	he bi shi he shan qu	1
鹤山县	he shan xian	12
鹤山市	he shan shi	36
鹤林	he lin	31
鹤林村	he lin cun	4
鹤林苑	he lin yuan	4
鹤池苑	he chi yuan	2
鹤洲东	he zhou dong	3
鹤洲北	he zhou bei	4
鹤群	he qun	8
鹤龄镇	he ling zhen	4
鹭江道	lu jiang dao	5
鹭洲	lu zhou	31
鹭鸣苑	lu ming yuan	5
鹭鸶港乡	lu si gang xiang	3
鹰嘴村	ying zui cun	4
鹰笛	ying di	1
鹿丹村	lu dan cun	2
鹿农庄	lu nong zhuang	7
鹿固乡	lu gu xiang	3
鹿圈一村	lu juan yi cun	3
鹿圈乡	lu juan xiang	1
鹿圈村	lu juan cun	1
鹿城工业区	lu cheng gong ye qu	6
鹿头乡	lu tou xiang	4
鹿庄	lu zhuang	1
鹿村	lu cun	27
鹿栏	lu lan	5
鹿楼街道	lu lou jie dao	2
鹿泉市	lu quan shi	12
鹿湖	lu hu	14
鹿溪村	lu xi cun	3
鹿田	lu tian	21
鹿石	lu shi	5
鹿窝	lu wo	5
鹿茵酒店	lu yin jiu dian	3
鹿门	lu men	12
鹿颈	lu jing	17
鹿马村	lu ma cun	4
鹿马登乡	lu ma deng xiang	1
麋鹿村	mi lu cun	4
麒麟山	qi lin shan	15
麒麟山庄	qi lin shan zhuang	3
麒麟岗	qi lin gang	1
麒麟村	qi lin cun	4
麒麟桥	qi lin qiao	3
麒麟湾	qi lin wan	5
麒麟碑胡同	qi lin bei hu tong	3
麒麟花园	qi lin hua yuan	2
麒麟路	qi lin lu	6
麒麟门	qi lin men	9
麓云路	lu yun lu	7
麓天路	lu tian lu	6
麓山路	lu shan lu	3
麓星路	lu xing lu	2
麓景路	lu jing lu	9
麓松路	lu song lu	6
麓枫路	lu feng lu	6
麓泉路	lu quan lu	4
麓源路	lu yuan lu	4
麓虹路	lu hong lu	3
麓谷	lu gu	12
麓谷大道	lu gu da dao	7
麓谷科技园	lu gu ke ji yuan	4
麓龙路	lu long lu	3
麟游	lin you	23
麦克花园	mai ke hua yuan	2
麦园路	mai yuan lu	1
麦地坪白族乡	mai di ping bai zu xiang	4
麦地沟乡	mai di gou xiang	2
麦地龙乡	mai di long xiang	3
麦城	mai cheng	8
麦子店西街	mai zi dian xi jie	4
麦尔玛乡	mai er ma xiang	3
麦岛	mai dao	16
麦岛路	mai dao lu	2
麦崩	mai beng	3
麦崩乡	mai beng xiang	4
麦庄	mai zhuang	2
麦斜镇	mai xie zhen	4
麦日乡	mai ri xiang	3
麦昆乡	mai kun xiang	6
麦朗	mai lang	1
麦朗工业区	mai lang gong ye qu	2
麦朗村	mai lang cun	3
麦村	mai cun	8
麦洼	mai wa	6
麦湖	mai hu	1
麦溪乡	mai xi xiang	4
麦王村	mai wang cun	3
麦盖提	mai gai ti	4
麦胡图镇	mai hu tu zhen	2
麦芽厂	mai ya chang	6
麦苋街	mai xian jie	2
麦苗港桥	mai miao gang qiao	3
麦西来甫	mai xi lai fu	6
麦西热甫	mai xi re fu	2
麦趣尔	mai qu er	5
麦钟桥	mai zhong qiao	4
麻刀胡同	ma dao hu tong	2
麻勘村	ma kan cun	2
麻后	ma hou	5
麻园塘	ma yuan tang	5
麻园岭	ma yuan ling	1
麻园湾	ma yuan wan	6
麻地会乡	ma di hui xiang	4
麻城市	ma cheng shi	34
麻塘	ma tang	4
麻子峪村	ma zi yu cun	1
麻孜	ma zi	2
麻孜乡	ma zi xiang	3
麻家什字	ma jia shen zi	5
麻家集镇	ma jia ji zhen	2
麻尼寺沟乡	ma ni si gou xiang	3
麻屯	ma tun	2
麻岭	ma ling	3
麻峪	ma yu	3
麻峪北口	ma yu bei kou	3
麻峪房	ma yu fang	4
麻巷	ma xiang	1
麻布加乡	ma bu jia xiang	3
麻庄	ma zhuang	4
麻当乡	ma dang xiang	5
麻扎乡	ma zha xiang	5
麻扎尔种羊场	ma zha er zhong yang chang	2
麻斜街道	ma xie jie dao	2
麻日	ma ri	3
麻林瑶族乡	ma lin yao zu xiang	2
麻江	ma jiang	12
麻池	ma chi	18
麻池河乡	ma chi he xiang	4
麻沟村	ma gou cun	4
麻沿河乡	ma yan he xiang	6
麻洞川乡	ma dong chuan xiang	4
麻湾	ma wan	2
麻溪村	ma xi cun	5
麻状元胡同	ma zhuang yuan hu tong	1
麻疃	ma tuan	3
麻直	ma zhi	3
麻石桥	ma shi qiao	7
麻窝乡	ma wo xiang	4
麻米乡	ma mi xiang	4
麻纺厂路	ma fang chang lu	2
麻线胡同	ma xian hu tong	1
麻绒	ma rong	1
麻花板	ma hua ban	4
麻蓝岛	ma lan dao	2
麻起	ma qi	23
麻车	ma che	5
麻辣鸡	ma la ji	7
麻迷图村	ma mi tu cun	2
麻邛乡	ma qiong xiang	2
麻郎错乡	ma lang cuo xiang	2
麻阳	ma yang	35
麻陇彝族乡	ma long yi zu xiang	2
麾村镇	hui cun zhen	2
黄井	huang jing	16
黄井村	huang jing cun	3
黄亭子	huang ting zi	5
黄佳祥	huang jia xiang	3
黄元寺	huang yuan si	3
黄兴北路	huang xing bei lu	1
黄兴南路	huang xing nan lu	4
黄兴路	huang xing lu	20
黄兴路桥	huang xing lu qiao	3
黄兴路步行街	huang xing lu bu xing jie	2
黄前	huang qian	6
黄化门社区	huang hua men she qu	4
黄南州	huang nan zhou	28
黄南苑小区	huang nan yuan xiao qu	5
黄厂	huang chang	14
黄厝村	huang cuo cun	2
黄厝港	huang cuo gang	2
黄合少	huang he shao	1
黄后乡	huang hou xiang	5
黄土台居委会	huang tu tai ju wei hui	3
黄土场	huang tu chang	2
黄土坎	huang tu kan	5
黄土坑	huang tu keng	2
黄土墩	huang tu dun	3
黄土岗	huang tu gang	4
黄土岭	huang tu ling	16
黄土店	huang tu dian	11
黄土贵村	huang tu gui cun	3
黄场	huang chang	5
黄坑口	huang keng kou	3
黄坨子	huang tuo zi	3
黄坭乡	huang ni xiang	4
黄垡	huang fa	3
黄埔云樯	huang pu yun qiang	4
黄埔街	huang pu jie	5
黄堰	huang yan	3
黄塔	huang ta	6
黄塘	huang tang	15
黄塘村	huang tang cun	2
黄墅村	huang shu cun	2
黄墩街道	huang dun jie dao	4
黄大仙祖宫	huang da xian zu gong	3
黄天坝	huang tian ba	4
黄孝河路	huang xiao he lu	9
黄宅	huang zhai	10
黄宗道	huang zong dao	3
黄家台	huang jia tai	1
黄家圩	huang jia wei	8
黄家坝	huang jia ba	3
黄家坟	huang jia fen	3
黄家坡	huang jia po	3
黄家峪	huang jia yu	4
黄家庄	huang jia zhuang	3
黄家店	huang jia dian	6
黄家村	huang jia cun	2
黄家桥	huang jia qiao	2
黄家湾	huang jia wan	5
黄家祠	huang jia ci	5
黄家院子	huang jia yuan zi	4
黄寺	huang si	37
黄寺大街西社区	huang si da jie xi she qu	2
黄寺总政大院	huang si zong zheng da yuan	2
黄寺路	huang si lu	3
黄小红	huang xiao hong	7
黄小艳	huang xiao yan	1
黄屋	huang wu	15
黄山前	huang shan qian	3
黄山加油站	huang shan jia you zhan	2
黄山垅	huang shan long	2
黄山头	huang shan tou	10
黄山宫	huang shan gong	3
黄山店	huang shan dian	6
黄山新村	huang shan xin cun	4
黄山村	huang shan cun	8
黄山洞水库	huang shan dong shui ku	3
黄山路	huang shan lu	37
黄山风景名胜区	huang shan feng jing ming sheng qu	1
黄屿	huang yu	5
黄岗	huang gang	22
黄岗大街	huang gang da jie	2
黄岗山镇	huang gang shan zhen	2
黄岗村	huang gang cun	2
黄岛轮渡	huang dao lun du	7
黄岩中医院	huang yan zhong yi yuan	3
黄岩市	huang yan shi	2
黄岭	huang ling	15
黄岭子镇	huang ling zi zhen	2
黄岭村	huang ling cun	1
黄州市	huang zhou shi	8
黄巢村	huang chao cun	4
黄师父	huang shi fu	3
黄庄	huang zhuang	39
黄庄东站	huang zhuang dong zhan	2
黄庄村	huang zhuang cun	2
黄忠小区	huang zhong xiao qu	6
黄忠路口	huang zhong lu kou	4
黄思湾街道	huang si wan jie dao	2
黄文平	huang wen ping	5
黄旗堡	huang qi bao	4
黄星	huang xing	37
黄木岗	huang mu gang	1
黄杉木店	huang shan mu dian	5
黄杉木店村	huang shan mu dian cun	2
黄材	huang cai	3
黄材水库	huang cai shui ku	7
黄村中里社区	huang cun zhong li she qu	2
黄村公园	huang cun gong yuan	3
黄村地区	huang cun di qu	1
黄村火车站	huang cun huo che zhan	5
黄村火车站北	huang cun huo che zhan bei	6
黄村西大街	huang cun xi da jie	7
黄村路口	huang cun lu kou	4
黄杜村	huang du cun	3
黄杨镇	huang yang zhen	5
黄松峪	huang song yu	1
黄板乡	huang ban xiang	3
黄柏寺	huang bo si	3
黄柏村	huang bo cun	7
黄柯	huang ke	1
黄柳村	huang liu cun	3
黄桂清	huang gui qing	1
黄桑乡	huang sang xiang	1
黄桑坪苗族乡	huang sang ping miao zu xiang	6
黄桥	huang qiao	48
黄桦路	huang hua lu	4
黄桷桠镇	huang jue ya zhen	3
黄梁根村	huang liang gen cun	2
黄梅村	huang mei cun	5
黄楼	huang lou	28
黄榆乡	huang yu xiang	4
黄江	huang jiang	14
黄沙坑	huang sha keng	1
黄沙坪村	huang sha ping cun	4
黄沙村	huang sha cun	1
黄沙溪	huang sha xi	6
黄沙溪村	huang sha xi cun	4
黄沙瑶族乡	huang sha yao zu xiang	3
黄沙码头	huang sha ma tou	4
黄沙路	huang sha lu	1
黄河六路	huang he liu lu	4
黄河北大街	huang he bei da jie	9
黄河口	huang he kou	7
黄河大街	huang he da jie	9
黄河新村	huang he xin cun	5
黄河村	huang he cun	1
黄河桥	huang he qiao	12
黄河路南二胡同	huang he lu nan er hu tong	2
黄河路街道办事处	huang he lu jie dao ban shi chu	3
黄河道	huang he dao	4
黄泥丘	huang ni qiu	3
黄泥地	huang ni di	2
黄泥坑	huang ni keng	6
黄泥坝	huang ni ba	1
黄泥塘	huang ni tang	11
黄泥岭	huang ni ling	3
黄泥村	huang ni cun	1
黄泥桥	huang ni qiao	3
黄泥江	huang ni jiang	1
黄泥沟	huang ni gou	2
黄泥河路	huang ni he lu	3
黄泥湖	huang ni hu	2
黄泥湖乡	huang ni hu xiang	2
黄泥潭	huang ni tan	5
黄泥田	huang ni tian	3
黄泥磅	huang ni bang	10
黄泥街	huang ni jie	1
黄洞	huang dong	6
黄洞冲村	huang dong chong cun	2
黄浦花园	huang pu hua yuan	3
黄海西路	huang hai xi lu	4
黄涌	huang yong	1
黄渠头村	huang qu tou cun	4
黄渠桥镇	huang qu qiao zhen	4
黄渡	huang du	24
黄湘	huang xiang	13
黄牛坑	huang niu keng	7
黄牛山	huang niu shan	2
黄牛蹄乡	huang niu ti xiang	4
黄猫乡	huang mao xiang	2
黄獭嘴镇	huang ta zui zhen	6
黄瑶	huang yao	7
黄瓦街	huang wa jie	6
黄甫镇	huang fu zhen	5
黄田	huang tian	37
黄田坝	huang tian ba	5
黄田村	huang tian cun	4
黄甲岭乡	huang jia ling xiang	2
黄甲村	huang jia cun	3
黄畲	huang she	3
黄皮村	huang pi cun	4
黄石口乡	huang shi kou xiang	3
黄石村	huang shi cun	7
黄石港	huang shi gang	15
黄石社区	huang shi she qu	5
黄砂	huang sha	5
黄磏	huang qian	3
黄磏村	huang qian cun	1
黄磜镇	huang qi zhen	4
黄秀清	huang xiu qing	3
黄竹园	huang zhu yuan	2
黄竹坡	huang zhu po	3
黄竹坪	huang zhu ping	3
黄竹林	huang zhu lin	5
黄竹沥	huang zhu li	3
黄管	huang guan	4
黄管屯	huang guan tun	3
黄米胡同	huang mi hu tong	2
黄糖	huang tang	28
黄纬路	huang wei lu	1
黄维成	huang wei cheng	3
黄绿青	huang lv qing	5
黄羊关藏族乡	huang yang guan zang zu xiang	2
黄羊城村	huang yang cheng cun	3
黄羊沟村	huang yang gou cun	2
黄羌	huang qiang	5
黄腊布依族苗族乡	huang la bu yi zu miao zu xiang	2
黄舣乡	huang yi xiang	2
黄良镇	huang liang zhen	3
黄花园	huang hua yuan	27
黄花园大桥	huang hua yuan da qiao	6
黄花塔拉镇	huang hua ta la zhen	2
黄花岗七十二烈士陵园	huang hua gang qi shi er lie shi ling yuan	8
黄花店	huang hua dian	1
黄花机场	huang hua ji chang	31
黄花村	huang hua cun	1
黄花浩气	huang hua hao qi	4
黄花甸镇	huang hua dian zhen	1
黄花皓月	huang hua hao yue	4
黄苏	huang su	3
黄茅村	huang mao cun	7
黄茶岭街道	huang cha ling jie dao	5
黄茶村	huang cha cun	3
黄茹	huang ru	4
黄草岭乡	huang cao ling xiang	2
黄草梁	huang cao liang	6
黄草湾	huang cao wan	5
黄莲河	huang lian he	2
黄萍	huang ping	4
黄蒿界乡	huang hao jie xiang	3
黄蓬	huang peng	1
黄虎	huang hu	6
黄行	huang xing	5
黄话	huang hua	3
黄贝岭	huang bei ling	12
黄贝路	huang bei lu	6
黄辛庄	huang xin zhuang	4
黄连乡	huang lian xiang	2
黄连居委会	huang lian ju wei hui	3
黄连市场	huang lian shi chang	2
黄连桥	huang lian qiao	4
黄连港	huang lian gang	3
黄道侗族乡	huang dao dong zu xiang	3
黄酒城	huang jiu cheng	4
黄金医院	huang jin yi yuan	3
黄金卡	huang jin ka	6
黄金商场	huang jin shang chang	1
黄金地	huang jin di	3
黄金坑	huang jin keng	5
黄金坝	huang jin ba	2
黄金坪村	huang jin ping cun	2
黄金堤乡	huang jin di xiang	2
黄金山村	huang jin shan cun	1
黄金峡镇	huang jin xia zhen	3
黄金库	huang jin ku	4
黄金村	huang jin cun	6
黄金桥	huang jin qiao	7
黄金桥开发区	huang jin qiao kai fa qu	3
黄金洞	huang jin dong	3
黄金石	huang jin shi	5
黄金街	huang jin jie	6
黄铁辉	huang tie hui	5
黄镇村	huang zhen cun	4
黄长	huang chang	6
黄阁	huang ge	28
黄阁汽车城	huang ge qi che cheng	6
黄陂北路	huang pi bei lu	8
黄陂南路	huang pi nan lu	25
黄陈	huang chen	12
黄雁村	huang yan cun	3
黄雷乡	huang lei xiang	3
黄骅县	huang hua xian	9
黄骅市	huang hua shi	11
黄鱼圈乡	huang yu quan xiang	3
黄鹂新村	huang li xin cun	6
黄麻山	huang ma shan	2
黄麻角	huang ma jiao	5
黄龙东	huang long dong	6
黄龙住宅区	huang long zhu zhai qu	7
黄龙体育中心	huang long ti yu zhong xin	16
黄龙商贸城	huang long shang mao cheng	6
黄龙山	huang long shan	17
黄龙山村	huang long shan cun	3
黄龙岗	huang long gang	1
黄龙带水库管理处	huang long dai shui ku guan li chu	4
黄龙村	huang long cun	1
黄龙洞	huang long dong	23
黄龙洞村	huang long dong cun	2
黄龙车站	huang long che zhan	3
黄龙雅苑	huang long ya yuan	5
黄龙风景名胜区	huang long feng jing ming sheng qu	2
黉门后街	hong men hou jie	5
黉门街	hong men jie	4
黎各庄	li ge zhuang	5
黎城	li cheng	42
黎安路	li an lu	5
黎家坡	li jia po	3
黎家湾	li jia wan	3
黎屋	li wu	4
黎山	li shan	5
黎山村	li shan cun	4
黎山林场	li shan lin chang	2
黎川	li chuan	19
黎平路	li ping lu	6
黎明大学	li ming da xue	3
黎明新村	li ming xin cun	16
黎明湖	li ming hu	4
黎明花园	li ming hua yuan	2
黎明街	li ming jie	5
黎星	li xing	5
黎村	li cun	6
黎民居	li min ju	4
黎民居乡	li min ju xiang	4
黎洪乡	li hong xiang	3
黎涌上村	li yong shang cun	3
黎湖	li hu	3
黎阳村	li yang cun	3
黎雄	li xiong	4
黑嘎乡	hei ga xiang	2
黑嘴子	hei zui zi	3
黑土河乡	hei tu he xiang	4
黑圪塔村	hei ge ta cun	2
黑城子示范区	hei cheng zi shi fan qu	3
黑城子镇	hei cheng zi zhen	3
黑城镇	hei cheng zhen	4
黑堡乡	hei bao xiang	3
黑寨	hei zhai	3
黑山嘴乡	hei shan zui xiang	3
黑山头	hei shan tou	42
黑山扈	hei shan hu	13
黑山科乡	hei shan ke xiang	2
黑山路	hei shan lu	1
黑岱沟	hei dai gou	1
黑巷子	hei xiang zi	1
黑庄户	hei zhuang hu	7
黑庄户乡	hei zhuang hu xiang	2
黑桥	hei qiao	17
黑桥南站	hei qiao nan zhan	3
黑桥市场	hei qiao shi chang	3
黑桥沟	hei qiao gou	2
黑水堰	hei shui yan	3
黑水路	hei shui lu	2
黑沙湾	hei sha wan	3
黑湾	hei wan	1
黑潭乡	hei tan xiang	4
黑牛城道	hei niu cheng dao	1
黑牛营子乡	hei niu ying zi xiang	3
黑田铺乡	hei tian pu xiang	4
黑石坝	hei shi ba	2
黑石头	hei shi tou	1
黑石头村	hei shi tou cun	6
黑石头沟	hei shi tou gou	5
黑石头路南口	hei shi tou lu nan kou	3
黑石头镇	hei shi tou zhen	2
黑石渡	hei shi du	7
黑石渡街道	hei shi du jie dao	2
黑石礁	hei shi jiao	32
黑石铺	hei shi pu	1
黑石铺大桥	hei shi pu da qiao	8
黑窑厂社区	hei yao chang she qu	3
黑簪巷	hei zan xiang	5
黑芝麻胡同	hei zhi ma hu tong	6
黑虎胡同	hei hu hu tong	1
黑豆峪	hei dou yu	6
黑马乡	hei ma xiang	1
黑鱼泡	hei yu pao	3
黑鱼湖	hei yu hu	1
黑龙关	hei long guan	3
黑龙江八一农垦大学	hei long jiang ba yi nong ken da xue	7
黑龙江双鸭山	hei long jiang shuang ya shan	1
黑龙江省佳木斯市	hei long jiang sheng jia mu si shi	29
黑龙江省富裕县	hei long jiang sheng fu yu xian	2
黑龙江省青冈县	hei long jiang sheng qing gang xian	1
黑龙江街	hei long jiang jie	8
黑龙江路	hei long jiang lu	2
黑龙滩	hei long tan	3
黑龙潭	hei long tan	19
黔东南州	qian dong nan zhou	36
黔江县	qian jiang xian	16
黔江土家族苗族自治县	qian jiang tu jia zu miao zu zi zhi xian	3
黔江小南海	qian jiang xiao nan hai	7
黔西南州	qian xi nan zhou	43
黔阳	qian yang	27
黔阳县	qian yang xian	11
默勒镇	mo le zhen	4
黛眉山	dai mei shan	1
鼎力社区	ding li she qu	2
鼎城	ding cheng	5
鼎屿	ding yu	1
鼎诚	ding cheng	5
鼓东路	gu dong lu	5
鼓四村	gu si cun	3
鼓屏路	gu ping lu	6
鼓山中学	gu shan zhong xue	3
鼓山苑	gu shan yuan	1
鼓楼东大街	gu lou dong da jie	12
鼓楼东街	gu lou dong jie	4
鼓楼北街	gu lou bei jie	1
鼓楼区乌山路	gu lou qu wu shan lu	3
鼓楼区委	gu lou qu wei	9
鼓楼南街	gu lou nan jie	7
鼓楼外大街北站	gu lou wai da jie bei zhan	2
鼓楼外大街南站	gu lou wai da jie nan zhan	4
鼓楼桥	gu lou qiao	7
鼓楼法院	gu lou fa yuan	10
鼓楼花园小区	gu lou hua yuan xiao qu	3
鼓楼苑	gu lou yuan	4
鼓楼西大街社区	gu lou xi da jie she qu	2
鼓楼西街	gu lou xi jie	1
鼓浪屿区	gu lang yu qu	4
齐勒乌泽克乡	qi le wu ze ke xiang	5
齐哈玛乡	qi ha ma xiang	3
齐家务	qi jia wu	3
齐家坡	qi jia po	2
齐家岭	qi jia ling	2
齐家庄	qi jia zhuang	4
齐家村	qi jia cun	5
齐家桥	qi jia qiao	2
齐山路	qi shan lu	3
齐心村	qi xin cun	1
齐星村	qi xing cun	3
齐河路	qi he lu	4
齐王村	qi wang cun	5
齐贤街	qi xian jie	6
齐赛	qi sai	5
齐郡	qi jun	43
齐马路口	qi ma lu kou	2
齐齐哈尔路	qi qi ha er lu	6
齿轮厂	chi lun chang	14
龙万乡	long wan xiang	3
龙下	long xia	6
龙下乡	long xia xiang	3
龙下村	long xia cun	5
龙东	long dong	14
龙东大道	long dong da dao	8
龙东路口	long dong lu kou	2
龙丰街道	long feng jie dao	6
龙临路	long lin lu	4
龙临镇	long lin zhen	2
龙乡社区	long xiang she qu	3
龙井一路	long jing yi lu	2
龙井二路	long jing er lu	4
龙井寺	long jing si	8
龙井山园	long jing shan yuan	5
龙井市	long jing shi	31
龙井新村	long jing xin cun	2
龙井村	long jing cun	19
龙井茶室	long jing cha shi	4
龙井路	long jing lu	8
龙井里	long jing li	4
龙交乡	long jiao xiang	2
龙亭	long ting	37
龙从村	long cong cun	3
龙伏	long fu	6
龙兴园	long xing yuan	6
龙兴园北区	long xing yuan bei qu	4
龙兴园北门	long xing yuan bei men	3
龙兴园社区	long xing yuan she qu	2
龙兴寺	long xing si	27
龙兴村	long xing cun	1
龙兴街道	long xing jie dao	2
龙凤园艺场	long feng yuan yi chang	4
龙凤小区	long feng xiao qu	4
龙凤村	long feng cun	4
龙凤玫瑰园	long feng mei gui yuan	5
龙凤花园	long feng hua yuan	1
龙华东路	long hua dong lu	8
龙华中心小学	long hua zhong xin xiao xue	6
龙华人民医院	long hua ren min yi yuan	9
龙华医院	long hua yi yuan	7
龙华园	long hua yuan	1
龙华园东区	long hua yuan dong qu	4
龙华园南区	long hua yuan nan qu	3
龙华天桥	long hua tian qiao	1
龙华居委会	long hua ju wei hui	3
龙华市场	long hua shi chang	4
龙华店乡	long hua dian xiang	3
龙华机场	long hua ji chang	8
龙华汽车站	long hua qi che zhan	3
龙华社区	long hua she qu	7
龙华西路	long hua xi lu	1
龙华路	long hua lu	23
龙南新村	long nan xin cun	2
龙南路	long nan lu	10
龙卧村委会	long wo cun wei hui	2
龙卿	long qing	2
龙发	long fa	8
龙发公司	long fa gong si	5
龙口市	long kou shi	37
龙口村	long kou cun	4
龙台山	long tai shan	5
龙台山陵园	long tai shan ling yuan	6
龙台路	long tai lu	3
龙吟广场	long yin guang chang	3
龙吟路口	long yin lu kou	4
龙回苑	long hui yuan	1
龙回苑社区	long hui yuan she qu	2
龙园村	long yuan cun	3
龙园路	long yuan lu	6
龙地	long di	5
龙地村	long di cun	1
龙场营镇	long chang ying zhen	3
龙坑	long keng	18
龙坑社区	long keng she qu	2
龙坝	long ba	20
龙坪	long ping	25
龙坪村	long ping cun	6
龙城大道	long cheng da dao	6
龙城花园社区	long cheng hua yuan she qu	2
龙埔	long pu	10
龙埔村	long pu cun	2
龙堌	long gu	3
龙堌镇	long gu zhen	3
龙塔	long ta	14
龙塔村	long ta cun	3
龙塘	long tang	45
龙塘北路	long tang bei lu	3
龙塘路	long tang lu	6
龙头寨	long tou zhai	4
龙头寺	long tou si	12
龙头寺火车站	long tou si huo che zhan	10
龙头山	long tou shan	18
龙头山村	long tou shan cun	1
龙头庵乡	long tou an xiang	6
龙头路	long tou lu	1
龙子湖街道	long zi hu jie dao	6
龙宇路	long yu lu	3
龙安村	long an cun	1
龙安桥镇	long an qiao zhen	3
龙宝区	long bao qu	3
龙宝峪	long bao yu	4
龙家务村	long jia wu cun	2
龙家坝	long jia ba	1
龙家坪	long jia ping	3
龙家祠	long jia ci	3
龙家营	long jia ying	9
龙尾路	long wei lu	4
龙居	long ju	11
龙居寺	long ju si	5
龙居村	long ju cun	5
龙居路	long ju lu	2
龙屋	long wu	12
龙山中学	long shan zhong xue	5
龙山书院	long shan shu yuan	9
龙山公墓	long shan gong mu	1
龙山化工厂	long shan hua gong chang	3
龙山南路	long shan nan lu	3
龙山县曾家界林场	long shan xian zeng jia jie lin chang	2
龙山大道	long shan da dao	1
龙山学校	long shan xue xiao	1
龙山工业园	long shan gong ye yuan	4
龙山新村	long shan xin cun	4
龙山桥	long shan qiao	3
龙山社区	long shan she qu	6
龙山路	long shan lu	11
龙山路口	long shan lu kou	1
龙山道	long shan dao	1
龙岗区政府	long gang qu zheng fu	5
龙岗商场	long gang shang chang	2
龙岗村	long gang cun	6
龙岗路	long gang lu	15
龙岩道	long yan dao	2
龙岭	long ling	25
龙岭社区	long ling she qu	4
龙岸	long an	4
龙峪湾	long yu wan	7
龙峰三	long feng san	4
龙峰路	long feng lu	3
龙川北路	long chuan bei lu	6
龙川路	long chuan lu	2
龙州路	long zhou lu	5
龙巷	long xiang	4
龙平东路	long ping dong lu	6
龙庄湾乡	long zhuang wan xiang	3
龙庆峡	long qing xia	12
龙庭路	long ting lu	4
龙恩乡	long en xiang	4
龙悦山庄	long yue shan zhuang	3
龙房	long fang	5
龙房村	long fang cun	3
龙新	long xin	9
龙方	long fang	2
龙日乡	long ri xiang	4
龙旺乡	long wang xiang	2
龙旺庄	long wang zhuang	6
龙旺庄小区	long wang zhuang xiao qu	4
龙景街道	long jing jie dao	4
龙景路	long jing lu	2
龙板	long ban	4
龙柏七村	long bai qi cun	3
龙柏二村	long bai er cun	3
龙柏新村	long bai xin cun	26
龙柏路	long bai lu	5
龙桂乡	long gui xiang	2
龙欣路	long xin lu	3
龙母庙	long mu miao	6
龙水南路	long shui nan lu	6
龙水村	long shui cun	5
龙江交通中心	long jiang jiao tong zhong xin	3
龙江国际社区	long jiang guo ji she qu	2
龙江小区	long jiang xiao qu	7
龙江碧树园	long jiang bi shu yuan	3
龙江路	long jiang lu	15
龙江路口	long jiang lu kou	1
龙江镇政府	long jiang zhen zheng fu	7
龙池开发区	long chi kai fa qu	4
龙沙	long sha	34
龙河村	long he cun	3
龙河路	long he lu	4
龙泉关镇	long quan guan zhen	8
龙泉务	long quan wu	4
龙泉县	long quan xian	24
龙泉宾馆	long quan bin guan	1
龙泉小学	long quan xiao xue	6
龙泉山庄	long quan shan zhuang	7
龙泉巷	long quan xiang	4
龙泉市	long quan shi	19
龙泉村	long quan cun	16
龙泉胡同	long quan hu tong	4
龙泉花园	long quan hua yuan	1
龙泽苑	long ze yuan	7
龙洞堡机场	long dong bao ji chang	6
龙洞湾	long dong wan	4
龙洞琪林	long dong qi lin	4
龙津村	long jin cun	5
龙津河	long jin he	5
龙洲乡	long zhou xiang	4
龙洲公路	long zhou gong lu	4
龙洲花园	long zhou hua yuan	3
龙洲路口	long zhou lu kou	4
龙洲道	long zhou dao	3
龙浔	long xun	4
龙海县	long hai xian	7
龙海市	long hai shi	27
龙海路	long hai lu	7
龙涌	long chong	4
龙涓	long juan	1
龙涧村	long jian cun	3
龙涵道	long han dao	2
龙渠村	long qu cun	3
龙渣瑶族乡	long zha yao zu xiang	6
龙游河	long you he	4
龙游路	long you lu	4
龙湖新村社区	long hu xin cun she qu	4
龙湖村	long hu cun	3
龙湖社区	long hu she qu	2
龙湖路	long hu lu	6
龙湾区府	long wan qu fu	1
龙湾屯	long wan tun	1
龙湾崖	long wan ya	3
龙湾开发区	long wan kai fa qu	3
龙湾村委会	long wan cun wei hui	3
龙源乡	long yuan xiang	2
龙溪北路	long xi bei lu	1
龙溪南路	long xi nan lu	3
龙溪大桥	long xi da qiao	4
龙溪大道东	long xi da dao dong	3
龙溪小区	long xi xiao qu	2
龙溪村	long xi cun	4
龙溪苑	long xi yuan	2
龙滩子街道	long tan zi jie dao	1
龙漕路	long cao lu	5
龙潭中学	long tan zhong xue	1
龙潭公园	long tan gong yuan	28
龙潭北里社区	long tan bei li she qu	3
龙潭医院	long tan yi yuan	4
龙潭坝	long tan ba	1
龙潭大	long tan da	2
龙潭寺	long tan si	29
龙潭寺路	long tan si lu	2
龙潭寺隆兴路	long tan si long xing lu	4
龙潭山	long tan shan	9
龙潭工业区	long tan gong ye qu	5
龙潭市场	long tan shi chang	4
龙潭桥	long tan qiao	6
龙潭水库	long tan shui ku	5
龙潭沟	long tan gou	7
龙潭河	long tan he	8
龙潭湖	long tan hu	23
龙潭湖公园	long tan hu gong yuan	1
龙潭湖游泳池	long tan hu you yong chi	2
龙潭角	long tan jiao	2
龙潭路	long tan lu	5
龙灯乡	long deng xiang	6
龙灯山	long deng shan	1
龙灯路口	long deng lu kou	2
龙爪村	long zhao cun	2
龙爪树	long zhao shu	2
龙爪槐胡同	long zhao huai hu tong	5
龙玉	long yu	11
龙玉村	long yu cun	3
龙王垭茶场	long wang ya cha chang	2
龙王塘街道	long wang tang jie dao	1
龙王头	long wang tou	5
龙王山	long wang shan	22
龙王山路	long wang shan lu	3
龙王庙村	long wang miao cun	4
龙王江乡	long wang jiang xiang	3
龙王港路	long wang gang lu	6
龙王阁	long wang ge	1
龙珠大道	long zhu da dao	4
龙珠花园	long zhu hua yuan	6
龙生	long sheng	8
龙申	long shen	4
龙的	long de	12
龙盘	long pan	7
龙盘湖	long pan hu	6
龙眉村	long mei cun	3
龙眼市场	long yan shi chang	4
龙眼村	long yan cun	1
龙眼树下	long yan shu xia	6
龙眼路口	long yan lu kou	4
龙石	long shi	15
龙石村	long shi cun	3
龙福	long fu	35
龙福路	long fu lu	6
龙禧园	long xi yuan	3
龙禧苑二区	long xi yuan er qu	3
龙禹加油站	long yu jia you zhan	3
龙穴	long xue	19
龙穴村	long xue cun	1
龙窝	long wo	25
龙窝乡	long wo xiang	4
龙窟	long ku	4
龙羊峡	long yang xia	19
龙美	long mei	6
龙美村	long mei cun	5
龙翔大道	long xiang da dao	1
龙翔社区	long xiang she qu	2
龙翔鸣翠苑	long xiang ming cui yuan	3
龙翰	long han	1
龙聚山庄	long ju shan zhuang	5
龙聚山庄村	long ju shan zhuang cun	3
龙背	long bei	34
龙胜县	long sheng xian	6
龙胜村	long sheng cun	2
龙脉温泉	long mai wen quan	1
龙腰	long yao	1
龙腾苑三区西门	long teng yuan san qu xi men	2
龙腾苑四区东门	long teng yuan si qu dong men	3
龙腾苑四区北门	long teng yuan si qu bei men	2
龙腾街	long teng jie	5
龙腾路	long teng lu	24
龙舌	long she	27
龙苍沟乡	long cang gou xiang	3
龙苑新寓	long yuan xin yu	4
龙茗路	long ming lu	4
龙藏乡	long zang xiang	2
龙藏寺	long zang si	1
龙虎台	long hu tai	4
龙虎台村	long hu tai cun	4
龙虎山	long hu shan	12
龙虎泡	long hu pao	9
龙蚕镇	long can zhen	2
龙蟠里	long pan li	1
龙西	long xi	19
龙西村	long xi cun	5
龙跃苑三区东门	long yue yuan san qu dong men	2
龙跃苑三区西门	long yue yuan san qu xi men	2
龙跃苑二区	long yue yuan er qu	4
龙车	long che	7
龙通	long tong	16
龙通村	long tong cun	2
龙都	long du	9
龙里	long li	9
龙里路	long li lu	4
龙锦苑	long jin yuan	6
龙锦苑一区	long jin yuan yi qu	4
龙锦苑二区	long jin yuan er qu	4
龙锦苑公交场站	long jin yuan gong jiao chang zhan	4
龙锦苑六区	long jin yuan liu qu	1
龙锦苑四区	long jin yuan si qu	4
龙门东道	long men dong dao	2
龙门台	long men tai	3
龙门居	long men ju	20
龙门山	long men shan	31
龙门村	long men cun	13
龙门林场	long men lin chang	5
龙门河滩社区	long men he tan she qu	2
龙门涧	long men jian	7
龙门滩	long men tan	4
龙门路	long men lu	37
龙门道	long men dao	3
龙阁	long ge	3
龙阙村	long que cun	2
龙阳村	long yang cun	5
龙阳路	long yang lu	49
龙阳路地铁站	long yang lu di tie zhan	3
龙阳路立交	long yang lu li jiao	1
龙隐桥	long yin qiao	2
龙隐路	long yin lu	4
龙集	long ji	3
龙集乡	long ji xiang	2
龙须塘街道	long xu tang jie dao	5
龙颈	long jing	4
龙风	long feng	4
龙风村	long feng cun	1
龙飞路	long fei lu	6
龙首东路	long shou dong lu	3
龙首北路	long shou bei lu	2
龙首村	long shou cun	9
龙马村	long ma cun	2
龙马潭	long ma tan	8
龙马负图寺	long ma fu tu si	5
龙驹坞	long ju wu	3
龙黄	long huang	2
龙鼎家园	long ding jia yuan	4
龙鼓洲	long gu zhou	4
龚云	gong yun	8
龚垭乡	gong ya xiang	3
龚村东口	gong cun dong kou	4
龚湾路	gong wan lu	3
龚滩	gong tan	4
龚路镇	gong lu zhen	3
龟兹乐	qiu ci yue	5
龟兹石窟	qiu ci shi ku	7
龟山岛	gui shan dao	34
龟山村	gui shan cun	5
龟山汉墓	gui shan han mu	2
龟湖路	gui hu lu	2
