# 青简领域词库：诗词名句，由 qingjian-dict-convert lexicon 从 THUOCL 拆出，基础词库里没有的部分。词	音节	词频
一一如青虫	yi yi ru qing chong	2
一一生绿苔	yi yi sheng lv tai	4
一万年太久	yi wan nian tai jiu	31
一丘一壑也风流	yi qiu yi he ye feng liu	4
一丛深色花	yi cong shen se hua	4
一为迁客去长沙	yi wei qian ke qu chang sha	4
一举成名天下知	yi ju cheng ming tian xia zhi	7
一举累十觞	yi ju lei shi shang	2
一乡之善士	yi xiang zhi shan shi	1
一事无成百不堪	yi shi wu cheng bai bu kan	3
一二老寡妻	yi er lao gua qi	2
一人口插几张匙	yi ren kou cha ji zhang chi	2
一从大地起风雷	yi cong da di qi feng lei	3
一代新人换旧人	yi dai xin ren huan jiu ren	12
一代繁华地	yi dai fan hua di	2
一任群芳妒	yi ren qun fang du	3
一入凄凉耳	yi ru qi liang er	2
一凶一吉在眼前	yi xiong yi ji zai yan qian	3
一别二十年	yi bie er shi nian	3
一别旧游尽	yi bie jiu you jin	2
一别武功去	yi bie wu gong qu	2
一千五百年间事	yi qian wu bai nian jian shi	2
一卧沧江惊岁晚	yi wo cang jiang jing sui wan	2
一卷冰雪文	yi juan bing xue wen	2
一去一万里	yi qu yi wan li	3
一去三十年	yi qu san shi nian	2
一去可怜终不返	yi qu ke lian zhong bu fan	2
一去无踪迹	yi qu wu zong ji	2
一去紫台连朔漠	yi qu zi tai lian shuo mo	1
一受其成形	yi shou qi cheng xing	2
一句十回吟	yi ju shi hui yin	3
一叫一回肠一断	yi jiao yi hui chang yi duan	2
一可以为法则	yi ke yi wei fa ze	3
一叶浮萍归大海	yi ye fu ping gui da hai	1
一叶轻舟寄渺茫	yi ye qing zhou ji miao mang	2
一叶随风忽报秋	yi ye sui feng hu bao qiu	2
一吟双泪流	yi yin shuang lei liu	5
一唱雄鸡天下白	yi chang xiong ji tian xia bai	1
一国之善士	yi guo zhi shan shi	3
一场寂寞凭谁诉	yi chang ji mo ping shui su	2
一城之人皆若狂	yi cheng zhi ren jie ruo kuang	5
一声何满子	yi sheng he man zi	2
一声吹断横笛	yi sheng chui duan heng di	2
一夕轻雷落万丝	yi xi qing lei luo wan si	2
一夕高楼月	yi xi gao lou yue	3
一夜乡心五处同	yi ye xiang xin wu chu tong	2
一夜到江涨	yi ye dao jiang zhang	2
一夜好风吹	yi ye hao feng chui	4
一夜征人尽望乡	yi ye zheng ren jin wang xiang	1
一夜梦中香	yi ye meng zhong xiang	2
一夜飞度镜湖月	yi ye fei du jing hu yue	3
一夜鱼龙舞	yi ye yu long wu	6
一夫作难而七庙隳	yi fu zuo nan er qi miao hui	3
一字偕华星	yi zi xie hua xing	3
一字至七字诗	yi zi zhi qi zi shi	3
一宵冷雨葬名花	yi xiao leng yu zang ming hua	3
一家二十口	yi jia er shi kou	2
一寸相思一寸灰	yi cun xiang si yi cun hui	6
一寸荒田牛得耕	yi cun huang tian niu de geng	3
一射两虎穿	yi she liang hu chuan	2
一尊还酹江月	yi zun huan lei jiang yue	4
一山飞峙大江边	yi shan fei zhi da jiang bian	4
一岁一枯荣	yi sui yi ku rong	17
一川碎石大如斗	yi chuan sui shi da ru dou	1
一州笑我为狂客	yi zhou xiao wo wei kuang ke	2
一年一年老去	yi nian yi nian lao qu	3
一年一度秋风劲	yi nian yi du qiu feng jing	1
一年三百六十日	yi nian san bai liu shi ri	5
一年好景君须记	yi nian hao jing jun xu ji	5
一年居梓州	yi nian ju zi zhou	3
一年强半在城中	yi nian qiang ban zai cheng zhong	2
一年明月今宵多	yi nian ming yue jin xiao duo	2
一年春好处	yi nian chun hao chu	1
一年颜状镜中来	yi nian yan zhuang jing zhong lai	2
一度欲离别	yi du yu li bie	3
一弦一柱思华年	yi xian yi zhu si hua nian	15
一弹指顷去来今	yi tan zhi qing qu lai jin	2
一往情深深几许	yi wang qing shen shen ji xu	5
一心愁谢如枯兰	yi xin chou xie ru ku lan	2
一悟得所遣	yi wu de suo qian	2
一愿郎君千岁	yi yuan lang jun qian sui	2
一截还东国	yi jie huan dong guo	5
一拔何亏大圣毛	yi ba he kui da sheng mao	2
一摘使瓜好	yi zhai shi gua hao	3
一斗合自然	yi dou he zi ran	2
一斛荐槟榔	yi hu jian bin lang	3
一方黑照三方紫	yi fang hei zhao san fang zi	2
一日上树能千回	yi ri shang shu neng qian hui	3
一日克己复礼	yi ri ke ji fu li	4
一日复一日	yi ri fu yi ri	5
一日思亲十二时	yi ri si qin shi er shi	3
一日看尽长安花	yi ri kan jin chang an hua	23
一日踏春一百回	yi ri ta chun yi bai hui	2
一日长一日	yi ri zhang yi ri	2
一日难再晨	yi ri nan zai chen	2
一日须倾三百杯	yi ri xu qing san bai bei	4
一旦归为臣虏	yi dan gui wei chen lu	2
一时今夕会	yi shi jin xi hui	3
一时多少豪杰	yi shi duo shao hao jie	5
一时归去作闲人	yi shi gui qu zuo xian ren	2
一春梦雨常飘瓦	yi chun meng yu chang piao wa	2
一曲新词酒一杯	yi qu xin ci jiu yi bei	4
一曲红绡不知数	yi qu hong xiao bu zhi shu	4
一月又一月	yi yue you yi yue	2
一月周流六十回	yi yue zhou liu liu shi hui	3
一朝入吾手	yi zhao ru wu shou	2
一朝卧病无相识	yi zhao wo bing wu xiang shi	2
一朝去京国	yi zhao qu jing guo	2
一朝得成功	yi zhao de cheng gong	2
一朝被谗言	yi zhao bei chan yan	2
一朝辞此地	yi zhao ci ci di	2
一朝选在君王侧	yi zhao xuan zai jun wang ce	6
一朵佳人玉钗上	yi duo jia ren yu chai shang	2
一条藤径绿	yi tiao teng jing lv	1
一杯一杯复一杯	yi bei yi bei fu yi bei	2
一杯春露冷如冰	yi bei chun lu leng ru bing	3
一杯相属君当歌	yi bei xiang zhu jun dang ge	2
一杯罗浮春	yi bei luo fu chun	2
一杯苦劝护寒归	yi bei ku quan hu han gui	2
一枕小窗浓睡	yi zhen xiao chuang nong shui	2
一枕黄粱再现	yi zhen huang liang zai xian	2
一枕黑甜余	yi zhen hei tian yu	2
一枚不换百金颁	yi mei bu huan bai jin ban	2
一枝红杏出墙来	yi zhi hong xing chu qiang lai	41
一枝红艳露凝香	yi zhi hong yan lu ning xiang	3
一架猕猴桃	yi jia mi hou tao	3
一树春风千万枝	yi shu chun feng qian wan zhi	3
一树梅花一放翁	yi shu mei hua yi fang weng	1
一树梨花落晚风	yi shu li hua luo wan feng	2
一树碧无情	yi shu bi wu qing	1
一株青玉立	yi zhu qing yu li	3
一样悲欢逐逝波	yi yang bei huan zhu shi bo	1
一桥飞架南北	yi qiao fei jia nan bei	4
一棵青桐子	yi ke qing tong zi	3
一棹碧涛春水路	yi zhao bi tao chun shui lu	3
一樽还酹江月	yi zun huan lei jiang yue	5
一正君而国定矣	yi zheng jun er guo ding yi	2
一水中分白鹭洲	yi shui zhong fen bai lu zhou	3
一水护田将绿绕	yi shui hu tian jiang lv rao	1
一汀烟雨杏花寒	yi ting yan yu xing hua han	1
一沐三握发	yi mu san wo fa	3
一泓海水杯中泻	yi hong hai shui bei zhong xie	3
一波才动万波随	yi bo cai dong wan bo sui	3
一洗万古凡马空	yi xi wan gu fan ma kong	4
一炷烟中得意	yi zhu yan zhong de yi	2
一炷烟消火冷	yi zhu yan xiao huo leng	2
一点沧洲白鹭飞	yi dian cang zhou bai lu fei	2
一点浩然气	yi dian hao ran qi	5
一点芳心在娇眼	yi dian fang xin zai jiao yan	2
一片伤心画不成	yi pian shang xin hua bu cheng	3
一片冰心在玉壶	yi pian bing xin zai yu hu	10
一片孤城万仞山	yi pian gu cheng wan ren shan	2
一片春岚映半环	yi pian chun lan ying ban huan	2
一片汪洋都不见	yi pian wang yang dou bu jian	1
一片神鸦社鼓	yi pian shen ya she gu	2
一片西飞一片东	yi pian xi fei yi pian dong	2
一片降幡出石头	yi pian xiang fan chu shi tou	3
一瓯资舌本	yi ou zi she ben	2
一生一代一双人	yi sheng yi dai yi shuang ren	8
一生大笑能几回	yi sheng da xiao neng ji hui	2
一生好入名山游	yi sheng hao ru ming shan you	4
一生抱恨堪咨嗟	yi sheng bao hen kan zi jie	2
一生真伪复谁知	yi sheng zhen wei fu shui zhi	4
一男附书至	yi nan fu shu zhi	2
一番洗清秋	yi fan xi qing qiu	2
一番过雨来幽径	yi fan guo yu lai you jing	2
一病讫不痊	yi bing qi bu quan	3
一盏秋灯夜读书	yi zhan qiu deng ye du shu	2
一盘笼饼是豌巢	yi pan long bing shi wan chao	2
一破夫差国	yi po fu chai guo	3
一种清孤不等闲	yi zhong qing gu bu deng xian	2
一种爱鱼心各异	yi zhong ai yu xin ge yi	2
一章三遍读	yi zhang san bian du	3
一笑失百忧	yi xiao shi bai you	2
一笑相倾国便亡	yi xiao xiang qing guo bian wang	2
一笑谁似痴虎头	yi xiao shui si chi hu tou	2
一笛闻吹出塞愁	yi di wen chui chu sai chou	2
一篇读罢头飞雪	yi pian du ba tou fei xue	5
一腔热血勤珍重	yi qiang re xue qin zhen zhong	2
一舸逐鸱夷	yi ge zhu chi yi	2
一茎竹篙剔船尾	yi jing zhu gao ti chuan wei	3
一蓑烟雨任平生	yi suo yan yu ren ping sheng	33
一行复一行	yi xing fu yi xing	2
一行白鹭上青天	yi hang bai lu shang qing tian	36
一见知君即断肠	yi jian zhi jun ji duan chang	3
一言为重百金轻	yi yan wei zhong bai jin qing	4
一言而丧邦	yi yan er sang bang	3
一言而可以兴邦	yi yan er ke yi xing bang	2
一诗千改始心安	yi shi qian gai shi xin an	3
一诗换得两尖团	yi shi huan de liang jian tuan	3
一语天然万古新	yi yu tian ran wan gu xin	2
一诺千金重	yi nuo qian jin zhong	1
一谈一笑俗相看	yi tan yi xiao su xiang kan	2
一路凉风十八里	yi lu liang feng shi ba li	2
一路经行处	yi lu jing xing chu	3
一身无所求	yi shen wu suo qiu	2
一身独暖亦何情	yi shen du nuan yi he qing	3
一身都是愁	yi shen du shi chou	3
一轮秋影转金波	yi lun qiu ying zhuan jin bo	3
一遍洗寰瀛	yi bian xi huan ying	4
一道残阳铺水中	yi dao can yang pu shui zhong	5
一钩残月向西流	yi gou can yue xiang xi liu	3
一钵千家饭	yi bo qian jia fan	2
一闲对百忙	yi xian dui bai mang	2
一阵黄昏雨	yi zhen huang hun yu	1
一陂春水绕花身	yi bei chun shui rao hua shen	3
一雷惊蛰始	yi lei jing zhe shi	5
一霎清明雨	yi sha qing ming yu	2
一顾倾人城	yi gu qing ren cheng	12
一飞由来无定所	yi fei you lai wu ding suo	2
一食或尽粟一石	yi shi huo jin su yi dan	3
一饭胡麻度几春	yi fan hu ma du ji chun	4
一饱尚如此	yi bao shang ru ci	2
一马二仆夫	yi ma er pu fu	3
一驿过一驿	yi yi guo yi yi	3
一骑红尘妃子笑	yi qi hong chen fei zi xiao	12
一鸟不鸣山更幽	yi niao bu ming shan geng you	2
丁兰少失母	ding lan shao shi mu	2
丁壮在南冈	ding zhuang zai nan gang	2
丁香空结雨中愁	ding xiang kong jie yu zhong chou	1
七八个星天外	qi ba ge xing tian wai	4
七十古来稀	qi shi gu lai xi	6
七十紫鸳鸯	qi shi zi yuan yang	3
七十老翁何所求	qi shi lao weng he suo qiu	3
七十者可以食肉矣	qi shi zhe ke yi shi rou yi	4
七十者衣帛食肉	qi shi zhe yi bo shi rou	3
七十而从心所欲不逾矩	qi shi er cong xin suo yu bu yu ju	5
七十而致仕	qi shi er zhi shi	1
七夕谁见同	qi xi shei jian tong	2
七尺从天乞活埋	qi chi cong tian qi huo mai	5
七年元日对酒五首	qi nian yuan ri dui jiu wu shou	2
七弦为益友	qi xian wei yi you	3
七律到韶山	qi lv dao shao shan	3
七日而浑沌死	qi ri er hun dun si	2
七月七日长生殿	qi yue qi ri chang sheng dian	6
七月中气后	qi yue zhong qi hou	2
七百里驱十五日	qi bai li qu shi wu ri	2
七龄思即壮	qi ling si ji zhuang	2
万万女贞林	wan wan nv zhen lin	3
万丈丹梯尚可攀	wan zhang dan ti shang ke pan	3
万事不关心	wan shi bu guan xin	3
万事从今足	wan shi cong jin zu	3
万事成蹉跎	wan shi cheng cuo tuo	6
万事浮云过太虚	wan shi fu yun guo tai xu	3
万事称好司马公	wan shi cheng hao si ma gong	2
万事翻覆如浮云	wan shi fan fu ru fu yun	3
万事随转烛	wan shi sui zhuan zhu	2
万事须己运	wan shi xu ji yun	1
万事风雨散	wan shi feng yu san	2
万人如海一身藏	wan ren ru hai yi shen cang	1
万人空巷斗新妆	wan ren kong xiang dou xin zhuang	2
万卷藏书宜子弟	wan juan cang shu yi zi di	3
万古一长嗟	wan gu yi chang jie	3
万古云霄一羽毛	wan gu yun xiao yi yu mao	3
万古到今同此恨	wan gu dao jin tong ci hen	2
万古惟留楚客悲	wan gu wei liu chu ke bei	3
万古文章有坦途	wan gu wen zhang you tan tu	2
万古永相望	wan gu yong xiang wang	2
万古遗水滨	wan gu yi shui bin	2
万古青蒙蒙	wan gu qing meng meng	2
万国尽征戍	wan guo jin zheng shu	2
万国衣冠拜冕旒	wan guo yi guan bai mian liu	5
万壑有声含晚籁	wan he you sheng han wan lai	2
万壑树参天	wan he shu can tian	3
万姓以死亡	wan xing yi si wang	2
万姓疮痍合	wan xing chuang yi he	3
万家灯火暖春风	wan jia deng huo nuan chun feng	3
万径人踪灭	wan jing ren zong mie	14
万心春熙熙	wan xin chun xi xi	3
万户侯何足道哉	wan hu hou he zu dao zai	2
万户千门入画图	wan hu qian men ru hua tu	5
万户千门成野草	wan hu qian men cheng ye cao	3
万户捣衣声	wan hu dao yi sheng	4
万户萧疏鬼唱歌	wan hu xiao shu gui chang ge	1
万斛之舟行若风	wan hu zhi zhou xing ruo feng	2
万木皆怒号	wan mu jie nu hao	2
万木霜天红烂漫	wan mu shuang tian hong lan man	4
万朵互低昂	wan duo hu di ang	3
万条垂下绿丝绦	wan tiao chui xia lv si tao	5
万树江边杏	wan shu jiang bian xing	3
万株松树青山上	wan zhu song shu qing shan shang	2
万水千山只等闲	wan shui qian shan zhi deng xian	2
万点蜀山尖	wan dian shu shan jian	2
万点雪峰晴	wan dian xue feng qing	1
万物一马也	wan wu yi ma ye	2
万物不得不昌	wan wu bu de bu chang	2
万物之本也	wan wu zhi ben ye	2
万物之父母也	wan wu zhi fu mu ye	3
万物之镜也	wan wu zhi jing ye	1
万物兴歇皆自然	wan wu xing xie jie zi ran	2
万物将自化	wan wu jiang zi hua	3
万物并作吾观复	wan wu bing zuo wu guan fu	2
万物有成理而不说	wan wu you cheng li er bu shuo	4
万物生光辉	wan wu sheng guang hui	3
万物皆一也	wan wu jie yi ye	2
万物皆出于机	wan wu jie chu yu ji	2
万物皆妩媚	wan wu jie wu mei	3
万物负阴而抱阳	wan wu fu yin er bao yang	4
万物静观皆自得	wan wu jing guan jie zi de	4
万籁此俱寂	wan lai ci ju ji	3
万类霜天竞自由	wan lei shuang tian jing zi you	7
万紫千红总是春	wan zi qian hong zong shi chun	17
万花纷谢一时稀	wan hua fen xie yi shi xi	3
万言万当不如一默	wan yan wan dang bu ru yi mo	2
万谷酣笙钟	wan gu han sheng zhong	2
万象为宾客	wan xiang wei bin ke	2
万转千回思想过	wan zhuan qian hui si xiang guo	2
万里不惜死	wan li bu xi si	2
万里共清辉	wan li gong qing hui	3
万里写入胸怀间	wan li xie ru xiong huai jian	4
万里卷潮来	wan li juan chao lai	3
万里可横行	wan li ke heng xing	3
万里夕阳垂地	wan li xi yang chui di	2
万里家在岷峨	wan li jia zai min e	2
万里寒光生积雪	wan li han guang sheng ji xue	1
万里尚为邻	wan li shang wei lin	1
万里归心对月明	wan li gui xin dui yue ming	2
万里归来年愈少	wan li gui lai nian yu shao	2
万里归来颜愈少	wan li gui lai yan yu shao	1
万里念将归	wan li nian jiang gui	5
万里悲秋常作客	wan li bei qiu chang zuo ke	1
万里故乡情	wan li gu xiang qing	3
万里故园心	wan li gu yuan xin	3
万里方看汗流血	wan li fang kan han liu xue	2
万里桥西一草堂	wan li qiao xi yi cao tang	3
万里横烟浪	wan li heng yan lang	2
万里汉家使	wan li han jia shi	2
万里清光不可思	wan li qing guang bu ke si	2
万里清风来	wan li qing feng lai	3
万里犹比邻	wan li you bi lin	2
万里秋千习俗同	wan li qiu qian xi su tong	3
万里经年别	wan li jing nian bie	2
万里衡阳雁	wan li heng yang yan	4
万里谁能驯	wan li shui neng xun	2
万里赴戎机	wan li fu rong ji	1
万里长城今犹在	wan li chang cheng jin you zai	7
万里长征人未还	wan li chang zheng ren wei huan	5
万里长江一酒杯	wan li chang jiang yi jiu bei	2
万里长江横渡	wan li chang jiang heng du	6
万里长江水	wan li chang jiang shui	1
万里长江边	wan li chang jiang bian	2
万里长空且为忠魂舞	wan li chang kong qie wei zhong hun wu	3
万里风樯看贾船	wan li feng qiang kan gu chuan	2
万里黄河绕黑山	wan li huang he rao hei shan	2
万钟于我何加焉	wan zhong yu wo he jia yan	2
万面鼓声中	wan mian gu sheng zhong	2
万颗匀圆讶许同	wan ke yun yuan ya xu tong	2
万马战犹酣	wan ma zhan you han	4
万马齐喑究可哀	wan ma qi yin jiu ke ai	5
丈夫何事足萦怀	zhang fu he shi zu ying huai	3
丈夫志四海	zhang fu zhi si hai	2
丈夫未可轻年少	zhang fu wei ke qing nian shao	2
丈夫贵兼济	zhang fu gui jian ji	4
丈夫非无泪	zhang fu fei wu lei	3
三万六千场	san wan liu qian chang	3
三万里河东入海	san wan li he dong ru hai	3
三五夜中新月色	san wu ye zhong xin yue se	2
三代之得天下也以仁	san dai zhi de tian xia ye yi ren	2
三以天下让	san yi tian xia rang	3
三伏似清秋	san fu si qing qiu	2
三军可夺帅也	san jun ke duo shuai ye	6
三军过后尽开颜	san jun guo hou jin kai yan	2
三分割据纡筹策	san fen ge ju yu chou ce	2
三分天下有其二	san fen tian xia you qi er	7
三十一年还旧国	san shi yi nian huan jiu guo	3
三十二莲峰	san shi er lian feng	2
三十六万人	san shi liu wan ren	3
三十六宫土花碧	san shi liu gong tu hua bi	1
三十六策中	san shi liu ce zhong	2
三十功名尘与土	san shi gong ming chen yu tu	6
三十年来梦一场	san shi nian lai meng yi chang	2
三十日不还	san shi ri bu huan	2
三千宠爱在一身	san qian chong ai zai yi shen	6
三千毛瑟精兵	san qian mao se jing bing	4
三千里地山河	san qian li di shan he	3
三国周郎赤壁	san guo zhou lang chi bi	4
三声欲断疑肠断	san sheng yu duan yi chang duan	2
三夜频梦君	san ye pin meng jun	3
三嫌老丑换蛾眉	san xian lao chou huan e mei	2
三山半落青天外	san shan ban luo qing tian wai	5
三峰意出群	san feng yi chu qun	2
三年不为乐	san nian bu wei le	5
三年为刺史	san nian wei ci shi	4
三年之丧毕	san nian zhi sang bi	2
三年奔走空皮骨	san nian ben zou kong pi gu	2
三年无改于父之道	san nian wu gai yu fu zhi dao	3
三年流落巴山道	san nian liu luo ba shan dao	2
三年谪宦此栖迟	san nian zhe huan ci qi chi	2
三愿如同梁上燕	san yuan ru tong liang shang yan	2
三日入厨下	san ri ru chu xia	4
三日开瓮香满城	san ri kai weng xiang man cheng	2
三日断五匹	san ri duan wu pi	3
三日饮不散	san ri yin bu san	2
三旬两入省	san xun liang ru sheng	3
三春三月忆三巴	san chun san yue yi san ba	2
三春已暮花从风	san chun yi mu hua cong feng	2
三春湿黄精	san chun shi huang jing	2
三春白雪归青冢	san chun bai xue gui qing zhong	1
三春行乐在谁边	san chun xing le zai shui bian	2
三春车马客	san chun che ma ke	2
三曰不敢为天下先	san yue bu gan wei tian xia xian	4
三月三日天气新	san yue san ri tian qi xin	5
三月下瞿塘	san yue xia qu tang	2
三月尽是头白日	san yue jin shi tou bai ri	2
三月草萋萋	san yue cao qi qi	2
三杯两盏淡酒	san bei liang zhan dan jiu	16
三杯吐然诺	san bei tu ran nuo	5
三杯弄宝刀	san bei nong bao dao	2
三杯通大道	san bei tong da dao	2
三湘衰鬓逢秋色	san xiang shuai bin feng qiu se	2
三男邺城戍	san nan ye cheng shu	2
三百六十日	san bai liu shi ri	2
三节还乡兮挂锦衣	san jie huan xiang xi gua jin yi	2
三边曙色动危旌	san bian shu se dong wei jing	1
三过其门而不入	san guo qi men er bu ru	4
三顾臣于草庐之中	san gu chen yu cao lu zhi zhong	3
三顾频烦天下计	san gu pin fan tian xia ji	3
上下两天竺	shang xia liang tian zhu	2
上下交征利	shang xia jiao zheng li	4
上下平则国强	shang xia ping ze guo qiang	7
上与浮云齐	shang yu fu yun qi	2
上佐近来多五考	shang zuo jin lai duo wu kao	2
上古有大椿者	shang gu you da chun zhe	3
上品功能甘露味	shang pin gong neng gan lu wei	4
上善若水任方圆	shang shan ruo shui ren fang yuan	6
上帝钧天会众灵	shang di jun tian hui zhong ling	2
上感九庙焚	shang gan jiu miao fen	3
上方重阁晚	shang fang chong ge wan	2
上无道揆也	shang wu dao kui ye	3
上有万仞山	shang you wan ren shan	2
上有弦歌声	shang you xian ge sheng	2
上有青冥之长天	shang you qing ming zhi chang tian	2
上有黄鹂深树鸣	shang you huang li shen shu ming	3
上林繁花照眼新	shang lin fan hua zhao yan xin	3
上枢密韩太尉书	shang shu mi han tai wei shu	3
上疆场彼此弯弓月	shang jiang chang bi ci wan gong yue	3
上穷碧落下黄泉	shang qiong bi luo xia huang quan	13
上言长相思	shang yan chang xiang si	1
上阳白发人	shang yang bai fa ren	2
下下复高高	xia xia fu gao gao	2
下令减征赋	xia ling jian zheng fu	3
下台相顾一相思	xia tai xiang gu yi xiang si	2
下学而上达	xia xue er shang da	3
下床畏蛇食畏药	xia chuang wei she shi wei yao	2
下德不失德	xia de bu shi de	4
下必有甚焉者矣	xia bi you shen yan zhe yi	3
下悯万民疮	xia min wan min chuang	3
下无法守也	xia wu fa shou ye	2
下有千丈水	xia you qian zhang shui	2
下有渌水之波澜	xia you lu shui zhi bo lan	3
下此便翛然	xia ci bian xiao ran	2
下笑世上士	xia xiao shi shang shi	2
下言久离别	xia yan jiu li bie	1
下邽田地平如掌	xia gui tian di ping ru zhang	2
下马饮君酒	xia ma yin jun jiu	2
下驿穷交日	xia yi qiong jiao ri	2
不与徐凝洗恶诗	bu yu xu ning xi e shi	3
不与我言兮	bu yu wo yan xi	3
不与我食兮	bu yu wo shi xi	2
不与梨花同梦	bu yu li hua tong meng	3
不与秦塞通人烟	bu yu qin sai tong ren yan	1
不为刘家贤圣物	bu wei liu jia xian sheng wu	2
不为商贾不耕田	bu wei shang gu bu geng tian	3
不为困穷宁有此	bu wei kun qiong ning you ci	2
不为穷约趋俗	bu wei qiong yue qu su	2
不为长叹息	bu wei chang tan xi	2
不乃为大盗积者也	bu nai wei da dao ji zhe ye	2
不义而富且贵	bu yi er fu qie gui	7
不亦君子乎	bu yi jun zi hu	4
不仁者远矣	bu ren zhe yuan yi	2
不仁而在高位	bu ren er zai gao wei	2
不以万物易蜩之翼	bu yi wan wu yi tiao zhi yi	3
不以三隅反	bu yi san yu fan	1
不以人废言	bu yi ren fei yan	5
不以兵强天下	bu yi bing qiang tian xia	3
不以其道得之	bu yi qi dao de zhi	6
不以千里称也	bu yi qian li cheng ye	3
不以文害辞	bu yi wen hai ci	3
不以知穷天下	bu yi zhi qiong tian xia	2
不以知穷德	bu yi zhi qiong de	2
不以礼节之	bu yi li jie zhi	3
不以舜之所以事尧事君	bu yi shun zhi suo yi shi yao shi jun	2
不以辩饰知	bu yi bian shi zhi	2
不会得青青如此	bu hui de qing qing ru ci	2
不似少年时节	bu si shao nian shi jie	2
不似此池边	bu si ci chi bian	2
不使人间造孽钱	bu shi ren jian zao nie qian	4
不使胜食气	bu shi sheng shi qi	5
不信君看弈棋者	bu xin jun kan yi qi zhe	2
不信比来长下泪	bu xin bi lai chang xia lei	3
不值一文钱	bu zhi yi wen qian	4
不几乎一言而丧邦乎	bu ji hu yi yan er sang bang hu	2
不出三十年	bu chu san shi nian	2
不出门来又数旬	bu chu men lai you shu xun	2
不击元无烟	bu ji yuan wu yan	3
不到长城非好汉	bu dao chang cheng fei hao han	2
不及卢家有莫愁	bu ji lu jia you mo chou	2
不及在家贫	bu ji zai jia pin	2
不及林间自在啼	bu ji lin jian zi zai ti	2
不及汪伦送我情	bu ji wang lun song wo qing	7
不可一日无此君	bu ke yi ri wu ci jun	2
不可不察也	bu ke bu cha ye	1
不可不知也	bu ke bu zhi ye	5
不可与言而与之言	bu ke yu yan er yu zhi yan	1
不可以为人	bu ke yi wei ren	3
不可以为子	bu ke yi wei zi	4
不可以久处约	bu ke yi jiu chu yue	3
不可以作巫医	bu ke yi zuo wu yi	3
不可以言传也	bu ke yi yan chuan ye	2
不可以语上也	bu ke yi yu shang ye	2
不可以长处乐	bu ke yi chang chu le	3
不可使知之	bu ke shi zhi zhi	1
不可居无竹	bu ke ju wu zhu	21
不可徒行也	bu ke tu xing ye	3
不可得而利	bu ke de er li	3
不可得而害	bu ke de er hai	3
不可得而疏	bu ke de er shu	3
不可得而贱	bu ke de er jian	3
不可得而贵	bu ke de er gui	3
不可得而闻也	bu ke de er wen ye	3
不可沽名学霸王	bu ke gu ming xue ba wang	3
不可知者也	bu ke zhi zhe ye	2
不可胜用也	bu ke sheng yong ye	3
不吾知其亦已兮	bu wu zhi qi yi yi xi	2
不周山下红旗乱	bu zhou shan xia hong qi luan	4
不哭亦足矣	bu ku yi zu yi	2
不善不能改	bu shan bu neng gai	5
不善人之师	bu shan ren zhi shi	3
不喜亦不惧	bu xi yi bu ju	5
不嗜杀人者能一之	bu shi sha ren zhe neng yi zhi	1
不图为乐之至于斯也	bu tu wei yue zhi zhi yu si ye	2
不坠青云之志	bu zhui qing yun zhi zhi	3
不堪幽梦太匆匆	bu kan you meng tai cong cong	2
不堪盈手赠	bu kan ying shou zeng	3
不堪逢苦热	bu kan feng ku re	2
不处嫌疑间	bu chu xian yi jian	4
不复卧南阳	bu fu wo nan yang	3
不多饮酒懒吟诗	bu duo yin jiu lan yin shi	2
不夜月临关	bu ye yue lin guan	2
不失其所者久	bu shi qi suo zhe jiu	3
不好犯上而好作乱者	bu hao fan shang er hao zuo luan zhe	2
不如一盘粟	bu ru yi pan su	2
不如不相见	bu ru bu xiang jian	2
不如不遇倾城色	bu ru bu yu qing cheng se	2
不如丘之好学也	bu ru qiu zhi hao xue ye	3
不如乡人之善者好之	bu ru xiang ren zhi shan zhe hao zhi	3
不如向帘儿底下	bu ru xiang lian er di xia	2
不如因善遇之	bu ru yin shan yu zhi	2
不如应是欠西施	bu ru ying shi qian xi shi	2
不如当身自簪缨	bu ru dang shen zi zan ying	2
不如怜取眼前人	bu ru lian qu yan qian ren	6
不如扫地法	bu ru sao di fa	2
不如早还家	bu ru zao huan jia	2
不如是之甚也	bu ru shi zhi shen ye	1
不如登高之博见也	bu ru deng gao zhi bo jian ye	3
不如硕鼠解藏身	bu ru shuo shu jie cang shen	3
不如退而结网	bu ru tui er jie wang	12
不如闻早还却愿	bu ru wen zao huan que yuan	2
不如须臾之所学也	bu ru xu yu zhi suo xue ye	2
不如饮美酒	bu ru yin mei jiu	3
不学头陀法	bu xue tou tuo fa	2
不学非自然	bu xue fei zi ran	3
不宜妄自菲薄	bu yi wang zi fei bo	3
不寐百忧生	bu mei bai you sheng	2
不寝听金钥	bu qin ting jin yue	3
不对芳春酒	bu dui fang chun jiu	2
不将颜色托春风	bu jiang yan se tuo chun feng	2
不尽长江滚滚来	bu jin chang jiang gun gun lai	1
不尽长江滚滚流	bu jin chang jiang gun gun liu	4
不幸短命死矣	bu xing duan ming si yi	3
不应墩姓尚随公	bu ying dun xing shang sui gong	2
不废江河万古流	bu fei jiang he wan gu liu	3
不开口笑是痴人	bu kai kou xiao shi chi ren	3
不强人所难	bu qiang ren suo nan	5
不归杨则归墨	bu gui yang ze gui mo	2
不当时命而大穷乎天下	bu dang shi ming er da qiong hu tian xia	2
不待致书求	bu dai zhi shu qiu	2
不得中行而与之	bu de zhong xing er yu zhi	4
不得中顾私	bu de zhong gu si	3
不得其职则去	bu de qi zhi ze qu	2
不得其言则去	bu de qi yan ze qu	3
不得其门而入	bu de qi men er ru	15
不得到辽西	bu de dao liao xi	3
不得已而用之	bu de yi er yong zhi	1
不得志独行其道	bu de zhi du xing qi dao	2
不得春风花不开	bu de chun feng hua bu kai	4
不得通其道	bu de tong qi dao	2
不得顾采薇	bu de gu cai wei	2
不必取长途	bu bi qu chang tu	3
不必若余之手录	bu bi ruo yu zhi shou lu	2
不忍为之下	bu ren wei zhi xia	3
不忍便永诀	bu ren bian yong jue	2
不忍见其死	bu ren jian qi si	4
不忍食其肉	bu ren shi qi rou	4
不忧社稷倾	bu you she ji qing	2
不念居安思危	bu nian ju an si wei	2
不念携手好	bu nian xie shou hao	2
不思得岸各休去	bu si de an ge xiu qu	2
不怨胜己者	bu yuan sheng ji zhe	3
不恨古人吾不见	bu hen gu ren wu bu jian	1
不恨此花飞尽	bu hen ci hua fei jin	1
不患人之不己知	bu huan ren zhi bu ji zhi	6
不患寡而患不均	bu huan gua er huan bu jun	5
不患莫己知	bu huan mo ji zhi	3
不患贫而患不安	bu huan pin er huan bu an	7
不悲口无食	bu bei kou wu shi	2
不悲身无衣	bu bei shen wu yi	2
不惜千金买宝刀	bu xi qian jin mai bao dao	3
不惜歌者苦	bu xi ge zhe ku	4
不惭世上英	bu can shi shang ying	1
不惯起来听	bu guan qi lai ting	2
不愁明月尽	bu chou ming yue jin	2
不愿论簪笏	bu yuan lun zan hu	3
不愿鞠躬车马前	bu yuan ju gong che ma qian	3
不成人之恶	bu cheng ren zhi e	5
不戒视成谓之暴	bu jie shi cheng wei zhi bao	2
不戚戚于贫贱	bu qi qi yu pin jian	2
不才明主弃	bu cai ming zhu qi	1
不把双眉斗画长	bu ba shuang mei dou hua chang	2
不抚壮而弃秽兮	bu fu zhuang er qi hui xi	1
不拘一格降人才	bu ju yi ge jiang ren cai	1
不拘一格降人材	bu ju yi ge jiang ren cai	4
不指南方不肯休	bu zhi nan fang bu ken xiu	3
不教而杀谓之虐	bu jiao er sha wei zhi nve	3
不教胡马度阴山	bu jiao hu ma du yin shan	5
不敢为天下先	bu gan wei tian xia xian	5
不敢低头看	bu gan di tou kan	2
不敢叹风尘	bu gan tan feng chen	3
不敢怀非誉巧拙	bu gan huai fei yu qiao zhuo	2
不敢恨长沙	bu gan hen chang sha	2
不敢攀贵德	bu gan pan gui de	2
不敢稍逾约	bu gan shao yu yue	3
不敢言而敢怒	bu gan yan er gan nu	3
不敢问来人	bu gan wen lai ren	3
不敬其君者也	bu jing qi jun zhe ye	2
不是一番寒彻骨	bu shi yi fan han che gu	1
不是人间偏我老	bu shi ren jian pian wo lao	2
不是人间富贵花	bu shi ren jian fu gui hua	2
不是爱风尘	bu shi ai feng chen	2
不是花中偏爱菊	bu shi hua zhong pian ai ju	1
不是闻思所及	bu shi wen si suo ji	2
不曾富贵不曾穷	bu ceng fu gui bu ceng qiong	2
不有博弈者乎	bu you bo yi zhe hu	1
不有雨兼风	bu you yu jian feng	2
不期精粗焉	bu qi jing cu yan	2
不期而会重欢宴	bu qi er hui chong huan yan	2
不欲与廉颇争列	bu yu yu lian po zheng lie	2
不求闻达于诸侯	bu qiu wen da yu zhu hou	2
不汲汲于富贵	bu ji ji yu fu gui	2
不洒离别间	bu sa li bie jian	3
不炼金丹不坐禅	bu lian jin dan bu zuo chan	3
不爱红装爱武装	bu ai hong zhuang ai wu zhuang	5
不独明朝为子推	bu du ming chao wei zi tui	2
不用清明兼上巳	bu yong qing ming jian shang si	3
不用诉离觞	bu yong su li shang	1
不用钻龟与祝蓍	bu yong zuan gui yu zhu shi	2
不畏浮云遮望眼	bu wei fu yun zhe wang yan	6
不眠忧战伐	bu mian you zhan fa	2
不知东方之既白	bu zhi dong fang zhi ji bai	2
不知为不知	bu zhi wei bu zhi	17
不知乘月几人归	bu zhi cheng yue ji ren gui	1
不知云与我俱东	bu zhi yun yu wo ju dong	2
不知云雨散	bu zhi yun yu san	2
不知今夕何夕	bu zhi jin xi he xi	3
不知今夕是何年	bu zhi jin xi shi he nian	4
不知何处吊湘君	bu zhi he chu diao xiang jun	4
不知何处是他乡	bu zhi he chu shi ta xiang	6
不知何处是西天	bu zhi he chu shi xi tian	2
不知何处葬	bu zhi he chu zang	2
不知何处醉	bu zhi he chu zui	2
不知何时已而不虚	bu zhi he shi yi er bu xu	2
不知何用归	bu zhi he yong gui	2
不知修何行	bu zhi xiu he xing	2
不知其不胜任也	bu zhi qi bu sheng ren ye	2
不知其人可乎	bu zhi qi ren ke hu	2
不知其几千里也	bu zhi qi ji qian li ye	8
不知其可也	bu zhi qi ke ye	2
不知其姓名	bu zhi qi xing ming	1
不知其梦也	bu zhi qi meng ye	2
不知口体之奉不若人也	bu zhi kou ti zhi feng bu ruo ren ye	2
不知周之梦为胡蝶与	bu zhi zhou zhi meng wei hu die yu	3
不知园里树	bu zhi yuan li shu	3
不知地之厚也	bu zhi di zhi hou ye	5
不知墙外是谁家	bu zhi qiang wai shi shui jia	2
不知天上宫阙	bu zhi tian shang gong que	4
不知天之高也	bu zhi tian zhi gao ye	5
不知天地有清霜	bu zhi tian di you qing shuang	3
不知学问之大也	bu zhi xue wen zhi da ye	3
不知将军宽之至此也	bu zhi jiang jun kuan zhi zhi ci ye	2
不知心恨谁	bu zhi xin hen shui	3
不知忆我因何事	bu zhi yi wo yin he shi	2
不知明镜里	bu zhi ming jing li	3
不知江月待何人	bu zhi jiang yue dai he ren	3
不知秋思落谁家	bu zhi qiu si luo shui jia	6
不知细叶谁裁出	bu zhi xi ye shui cai chu	7
不知老之将至云尔	bu zhi lao zhi jiang zhi yun er	3
不知老将至	bu zhi lao jiang zhi	3
不知肉食者	bu zhi rou shi zhe	2
不知腐鼠成滋味	bu zhi fu shu cheng zi wei	3
不知转入此中来	bu zhi zhuan ru ci zhong lai	3
不知阴阳炭	bu zhi yin yang tan	2
不知香积寺	bu zhi xiang ji si	3
不知龙神享几多	bu zhi long shen xiang ji duo	2
不破楼兰终不还	bu po lou lan zhong bu huan	2
不离一室中	bu li yi shi zhong	2
不离墙下至行时	bu li qiang xia zhi xing shi	2
不管清寒与攀摘	bu guan qing han yu pan zhai	2
不管风吹浪打	bu guan feng chui lang da	7
不罚而民畏	bu fa er min wei	2
不耕自有余	bu geng zi you yu	2
不耘苗者也	bu yun miao zhe ye	3
不肯过江东	bu ken guo jiang dong	1
不能五十里	bu neng wu shi li	2
不能以礼让为国	bu neng yi li rang wei guo	2
不能发声哭	bu neng fa sheng ku	2
不能听终泪如雨	bu neng ting zhong lei ru yu	2
不能喻之于怀	bu neng yu zhi yu huai	2
不能忘情吟	bu neng wang qing yin	2
不能成一事	bu neng cheng yi shi	2
不能成方圆	bu neng cheng fang yuan	8
不能止遏意无他	bu neng zhi e yi wu ta	3
不能正五音	bu neng zheng wu yin	3
不能正其身	bu neng zheng qi shen	5
不能竟书而欲搁笔	bu neng jing shu er yu ge bi	4
不脱蓑衣卧月明	bu tuo suo yi wo yue ming	2
不自得而得彼者	bu zi de er de bi zhe	2
不若桂与兰	bu ruo gui yu lan	2
不若相忘于江湖	bu ruo xiang wang yu jiang hu	2
不蕲畜乎樊中	bu qi xu hu fan zhong	2
不薄今人爱古人	bu bo jin ren ai gu ren	2
不要人夸好颜色	bu yao ren kua hao yan se	4
不要人夸颜色好	bu yao ren kua yan se hao	5
不要这多雪	bu yao zhe duo xue	4
不见一人来	bu jian yi ren lai	2
不见五陵豪杰墓	bu jian wu ling hao jie mu	1
不见卷帘人	bu jian juan lian ren	2
不见去年人	bu jian qu nian ren	8
不见吾狂耳	bu jian wu kuang er	1
不见定王城旧处	bu jian ding wang cheng jiu chu	3
不见当年秦始皇	bu jian dang nian qin shi huang	7
不见旻公三十年	bu jian min gong san shi nian	2
不见有人还	bu jian you ren huan	4
不见玉颜空死处	bu jian yu yan kong si chu	3
不见萱草花	bu jian xuan cao hua	3
不见长安见尘雾	bu jian chang an jian chen wu	1
不见高人王右丞	bu jian gao ren wang you cheng	2
不觉动颜色	bu jue dong yan se	2
不觉年齿暮	bu jue nian chi mu	2
不觉春已深	bu jue chun yi shen	2
不觉春风换柳条	bu jue chun feng huan liu tiao	3
不觉泪下沾衣裳	bu jue lei xia zhan yi shang	2
不觉潸然泪眼低	bu jue shan ran lei yan di	2
不觉碧山暮	bu jue bi shan mu	2
不觉青林没晚潮	bu jue qing lin mo wan chao	3
不记来时路	bu ji lai shi lu	2
不论平地与山尖	bu lun ping di yu shan jian	3
不诚其身矣	bu cheng qi shen yi	2
不贤者识其小者	bu xian zhe shi qi xiao zhe	3
不贵难得之货	bu gui nan de zhi huo	3
不赏而民劝	bu shang er min quan	2
不趁青梅尝煮酒	bu chen qing mei chang zhu jiu	1
不足为外人道也	bu zu wei wai ren dao ye	4
不足以为士矣	bu zu yi wei shi yi	3
不足以为广	bu zu yi wei guang	2
不足以为辩	bu zu yi wei bian	2
不足以事父母	bu zu yi shi fu mu	3
不足以自全	bu zu yi zi quan	2
不辞冰雪为卿热	bu ci bing xue wei qing re	3
不辞长作岭南人	bu ci chang zuo ling nan ren	2
不辨仙源何处寻	bu bian xian yuan he chu xun	4
不过三十日	bu guo san shi ri	2
不过二十里耳	bu guo er shi li er	2
不过数仞而下	bu guo shu ren er xia	1
不近人情焉	bu jin ren qing yan	2
不远千里而来	bu yuan qian li er lai	6
不道九关齐闭	bu dao jiu guan qi bi	2
不道含香贱	bu dao han xiang jian	2
不遣柳条青	bu qian liu tiao qing	2
不遣雨雪来	bu qian yu xue lai	3
不采羞自献	bu cai xiu zi xian	2
不重生男重生女	bu zhong sheng nan zhong sheng nv	4
不问苍生问鬼神	bu wen cang sheng wen gui shen	1
不闻先王之遗言	bu wen xian wang zhi yi yan	3
不闻机杼声	bu wen ji zhu sheng	9
不闻郎马嘶	bu wen lang ma si	1
不随桃李一时开	bu sui tao li yi shi kai	2
不须惆怅怨芳时	bu xu chou chang yuan fang shi	2
不须更待妃子笑	bu xu geng dai fei zi xiao	3
不顾父母之养	bu gu fu mu zhi yang	3
与万化冥合	yu wan hua ming he	2
与人恭而有礼	yu ren gong er you li	5
与人有痔病者	yu ren you zhi bing zhe	3
与其不孙也	yu qi bu sun ye	3
与其在悬崖上展览千年	yu qi zai xuan ya shang zhan lan qian nian	4
与其媚于奥	yu qi mei yu ao	2
与君世世为兄弟	yu jun shi shi wei xiong di	2
与君为新婚	yu jun wei xin hun	2
与君歌一曲	yu jun ge yi qu	7
与君生别离	yu jun sheng bie li	1
与君离别意	yu jun li bie yi	5
与君细细输	yu jun xi xi shu	2
与君营奠复营斋	yu jun ying dian fu ying zhai	2
与君都盖洛阳城	yu jun dou gai luo yang cheng	3
与夏十二登岳阳楼	yu xia shi er deng yue yang lou	2
与天地兮同寿	yu tian di xi tong shou	2
与天地兮比寿	yu tian di xi bi shou	2
与子成二老	yu zi cheng er lao	2
与子路之妻	yu zi lu zhi qi	2
与尔同死生	yu er tong si sheng	2
与尔同销万古愁	yu er tong xiao wan gu chou	5
与山间之明月	yu shan jian zhi ming yue	1
与日月兮同光	yu ri yue xi tong guang	3
与日月兮齐光	yu ri yue xi qi guang	3
与春老别更依依	yu chun lao bie geng yi yi	2
与朋友交而不信乎	yu peng you jiao er bu xin hu	1
与朱元思书	yu zhu yuan si shu	2
与歌者米嘉荣	yu ge zhe mi jia rong	3
与民同乐也	yu min tong le ye	2
与物相刃相靡	yu wu xiang ren xiang mi	2
与百姓同之	yu bai xing tong zhi	2
与蝼蚁何以异	yu lou yi he yi yi	2
与衣狐貉者立	yu yi hu he zhe li	2
与诸子登岘山	yu zhu zi deng xian shan	1
与道相辅而行	yu dao xiang fu er xing	2
且予求无所可用久矣	qie yu qiu wu suo ke yong jiu yi	2
且令鼻观先参	qie ling bi guan xian can	3
且以汝之有身也	qie yi ru zhi you shen ye	3
且共云泉结缘境	qie gong yun quan jie yuan jing	2
且共欢此饮	qie gong huan ci yin	2
且古之君子	qie gu zhi jun zi	2
且向花间留晚照	qie xiang hua jian liu wan zhao	3
且君子之交淡若水	qie jun zi zhi jiao dan ruo shui	3
且喜平安又相见	qie xi ping an you xiang jian	2
且夫天地之间	qie fu tian di zhi jian	4
且夫水之积也不厚	qie fu shui zhi ji ye bu hou	4
且将团扇共徘徊	qie jiang tuan shan gong pai huai	2
且将新火试新茶	qie jiang xin huo shi xin cha	5
且就洞庭赊月色	qie jiu dong ting she yue se	4
且尽卢仝七碗茶	qie jin lu tong qi wan cha	3
且尽手中杯	qie jin shou zhong bei	2
且庸人尚羞之	qie yong ren shang xiu zhi	2
且持梦笔书奇景	qie chi meng bi shu qi jing	3
且放白鹿青崖间	qie fang bai lu qing ya jian	1
且欲与常马等不可得	qie yu yu chang ma deng bu ke de	3
且求容立锥头地	qie qiu rong li zhui tou di	2
且王者之不作	qie wang zhe zhi bu zuo	2
且相如素贱人	qie xiang ru su jian ren	3
且看乘空行万里	qie kan cheng kong xing wan li	2
且看欲尽花经眼	qie kan yu jin hua jing yan	3
且秦强而赵弱	qie qin qiang er zhao ruo	2
且须饮美酒	qie xu yin mei jiu	5
且饮美酒登高楼	qie yin mei jiu deng gao lou	3
世上如侬有几人	shi shang ru nong you ji ren	3
世上空惊故人少	shi shang kong jing gu ren shao	2
世上英雄本无主	shi shang ying xiong ben wu zhu	2
世上荣枯无百年	shi shang rong ku wu bai nian	3
世之议者皆曰	shi zhi yi zhe jie yue	2
世事一场大梦	shi shi yi chang da meng	1
世事两茫茫	shi shi liang mang mang	2
世事洞明皆学问	shi shi dong ming jie xue wen	4
世事短如春梦	shi shi duan ru chun meng	2
世事纷纭从君理	shi shi fen yun cong jun li	3
世事纷纭何足理	shi shi fen yun he zu li	2
世事茫茫难自料	shi shi mang mang nan zi liao	1
世人共卤莽	shi ren gong lu mang	2
世人甚爱牡丹	shi ren shen ai mu dan	1
世人皆欲杀	shi ren jie yu sha	2
世人解听不解赏	shi ren jie ting bu jie shang	2
世俗乍见应怃然	shi su zha jian ying wu ran	2
世俗安得知	shi su an de zhi	2
世味年来薄似纱	shi wei nian lai bo si sha	3
世外无物谁为雄	shi wai wu wu shei wei xiong	2
世幽昧以眩曜兮	shi you mei yi xuan yao xi	2
世披靡矣扶之直	shi pi mi yi fu zhi zhi	2
世溷浊而不分兮	shi hun zhuo er bu fen xi	2
世溷浊而嫉贤兮	shi hun zhuo er ji xian xi	2
世缘终浅道根深	shi yuan zhong qian dao gen shen	2
世胄蹑高位	shi zhou nie gao wei	3
世路如今已惯	shi lu ru jin yi guan	3
世路风波子细谙	shi lu feng bo zi xi an	2
世间已千年	shi jian yi qian nian	2
世间花叶不相伦	shi jian hua ye bu xiang lun	2
世间行乐亦如此	shi jian xing le yi ru ci	3
丘不与易也	qiu bu yu yi ye	1
丘也请从而后也	qiu ye qing cong er hou ye	2
丛菊两开他日泪	cong ju liang kai ta ri lei	3
东临碣石以观沧海	dong lin jie shi yi guan cang hai	1
东临碣石有遗篇	dong lin jie shi you yi pian	5
东关酸风射眸子	dong guan suan feng she mou zi	2
东南见月几回圆	dong nan jian yue ji hui yuan	4
东去三千三百里	dong qu san qian san bai li	2
东坡何事不违时	dong po he shi bu wei shi	2
东坡春向暮	dong po chun xiang mu	2
东城渐觉风光好	dong cheng jian jue feng guang hao	3
东壁图书府	dong bi tu shu fu	3
东夷之人也	dong yi zhi ren ye	3
东家有贤女	dong jia you xian nv	3
东家老女嫁不售	dong jia lao nv jia bu shou	2
东家蝴蝶西家飞	dong jia hu die xi jia fei	2
东尽白云求	dong jin bai yun qiu	3
东峰始含景	dong feng shi han jing	3
东方云海空复空	dong fang yun hai kong fu kong	4
东方须臾高知之	dong fang xu yu gao zhi zhi	2
东方风来满眼春	dong fang feng lai man yan chun	8
东有不臣之吴	dong you bu chen zhi wu	2
东望黄鹤山	dong wang huang he shan	2
东来坐阅七寒暑	dong lai zuo yue qi han shu	2
东来橐驼满旧都	dong lai tuo tuo man jiu du	2
东海有岛夷	dong hai you dao yi	2
东瀛禹域谊相传	dong ying yu yu yi xiang chuan	2
东皋薄暮望	dong gao bo mu wang	2
东篱把酒黄昏后	dong li ba jiu huang hun hou	2
东西四五百回圆	dong xi si wu bai hui yuan	2
东边日出西边雨	dong bian ri chu xi bian yu	19
东连牂牁西连蕃	dong lian zang ke xi lian fan	2
东里子产润色之	dong li zi chan run se zhi	2
东门白下亭	dong men bai xia ting	2
东阁官梅动诗兴	dong ge guan mei dong shi xing	2
东风不与周郎便	dong feng bu yu zhou lang bian	4
东风二月天	dong feng er yue tian	2
东风吹我过湖船	dong feng chui wo guo hu chuan	2
东风吹梦到长安	dong feng chui meng dao chang an	2
东风夜放花千树	dong feng ye fang hua qian shu	6
东风好作阳和使	dong feng hao zuo yang he shi	5
东风已绿瀛洲草	dong feng yi lv ying zhou cao	3
东风摇百草	dong feng yao bai cao	2
东风无力百花残	dong feng wu li bai hua can	2
东风日暖闻吹笙	dong feng ri nuan wen chui sheng	2
东风暗换年华	dong feng an huan nian hua	2
东风泼火雨新休	dong feng po huo yu xin xiu	2
东风洒雨露	dong feng sa yu lu	5
东风第一枝	dong feng di yi zhi	6
东风袅袅泛崇光	dong feng niao niao fan chong guang	2
东风随春归	dong feng sui chun gui	6
东飞伯劳西飞燕	dong fei bo lao xi fei yan	2
丝桐合为琴	si tong he wei qin	2
丝管举离声	si guan ju li sheng	2
丞相祠堂何处寻	cheng xiang ci tang he chu xun	1
两三点雨山前	liang san dian yu shan qian	2
两个黄鹂鸣翠柳	liang ge huang li ming cui liu	11
两乡千里梦相思	liang xiang qian li meng xiang si	2
两人不敢上	liang ren bu gan shang	2
两人对酌山花开	liang ren dui zhuo shan hua kai	1
两公壮藻思	liang gong zhuang zao si	2
两凫相倚睡秋江	liang fu xiang yi shui qiu jiang	2
两别泣不休	liang bie qi bu xiu	2
两句三年得	liang ju san nian de	5
两只黄鹂鸣翠柳	liang zhi huang li ming cui liu	3
两处春光同日尽	liang chu chun guang tong ri jin	2
两处茫茫皆不见	liang chu mang mang jie bu jian	2
两家求合葬	liang jia qiu he zang	2
两小无嫌猜	liang xiao wu xian cai	1
两山排闼送青来	liang shan pai ta song qing lai	1
两岸拍手笑	liang an pai shou xiao	2
两岸桃花夹去津	liang an tao hua jia qu jin	2
两岸猿声啼不住	liang an yuan sheng ti bu zhu	20
两岸罗衣破晕香	liang an luo yi po yun xiang	2
两岸青山相对出	liang an qing shan xiang dui chu	5
两岸青山相送迎	liang an qing shan xiang song ying	2
两廊振法鼓	liang lang zhen fa gu	2
两心之外无人知	liang xin zhi wai wu ren zhi	1
两情若是久长时	liang qing ruo shi jiu chang shi	41
两朝出将复入相	liang chao chu jiang fu ru xiang	2
两朝开济老臣心	liang chao kai ji lao chen xin	3
两水夹明镜	liang shui jia ming jing	3
两涧春淙一灵鹫	liang jian chun cong yi ling jiu	2
两章对秋月	liang zhang dui qiu yue	3
两美其必合兮	liang mei qi bi he xi	2
两耳是知音	liang er shi zhi yin	3
两重心字罗衣	liang chong xin zi luo yi	2
两颗梨须手自煨	liang ke li xu shou zi wei	3
两鬓苍苍十指黑	liang bin cang cang shi zhi hei	4
两龙望标目如瞬	liang long wang biao mu ru shun	3
两龙跃出浮水来	liang long yue chu fu shui lai	5
严陵台下桐江水	yan ling tai xia tong jiang shui	2
严霜五月凋桂枝	yan shuang wu yue diao gui zhi	2
个个公卿欲梦刀	ge ge gong qing yu meng dao	2
个个花开淡墨痕	ge ge hua kai dan mo hen	3
中书夜直梦忠州	zhong shu ye zhi meng zhong zhou	3
中儿正织鸡笼	zhong er zheng zhi ji long	4
中军置酒饮归客	zhong jun zhi jiu yin gui ke	3
中华儿女多奇志	zhong hua er nv duo qi zhi	5
中原一败势难回	zhong yuan yi bai shi nan hui	2
中夜尚未安	zhong ye shang wei an	3
中天悬明月	zhong tian xuan ming yue	2
中宵尚孤征	zhong xiao shang gu zheng	2
中岁贡旧乡	zhong sui gong jiu xiang	2
中岁颇好道	zhong sui po hao dao	3
中峰倚红日	zhong feng yi hong ri	2
中庭月色正清明	zhong ting yue se zheng qing ming	3
中庸之为德也	zhong yong zhi wei de ye	3
中心悦而诚服也	zhong xin yue er cheng fu ye	4
中心无蠹虫	zhong xin wu du chong	2
中心有通理	zhong xin you tong li	3
中有一人字太真	zhong you yi ren zi tai zhen	2
中有万斛香	zhong you wan hu xiang	2
中有千千结	zhong you qian qian jie	6
中有双飞鸟	zhong you shuang fei niao	2
中有孤丛色似霜	zhong you gu cong se si shuang	3
中有孤鸳鸯	zhong you gu yuan yang	2
中有尺素书	zhong you chi su shu	3
中有武昌鱼	zhong you wu chang yu	3
中有老法师	zhong you lao fa shi	2
中有酥与饴	zhong you su yu yi	4
中有银河倾	zhong you yin he qing	3
中朝大官老于事	zhong chao da guan lao yu shi	2
中秋不见月	zhong qiu bu jian yue	2
中秋谁与共孤光	zhong qiu shui yu gong gu guang	2
中自诛褒妲	zhong zi zhu bao da	2
中适一念无	zhong shi yi nian wu	2
中间多少行人泪	zhong jian duo shao xing ren lei	4
中间小谢又清发	zhong jian xiao xie you qing fa	1
丰年人乐业	feng nian ren le ye	3
丰年留客足鸡豚	feng nian liu ke zu ji tun	5
丰湖有藤菜	feng hu you teng cai	2
临不测之渊	lin bu ce zhi yuan	2
临别殷勤重寄词	lin bie yin qin zhong ji ci	2
临大节而不可夺也	lin da jie er bu ke duo ye	3
临水愧游鱼	lin shui kui you yu	2
临江照影自恼公	lin jiang zhao ying zi nao gong	2
临江王节士歌	lin jiang wang jie shi ge	2
临流别友生	lin liu bie you sheng	2
临清流而赋诗	lin qing liu er fu shi	3
临眺独踌躇	lin tiao du chou chu	2
临行密密缝	lin xing mi mi feng	5
临财不苟取	lin cai bu gou qu	2
临邛道士鸿都客	lin qiong dao shi hong du ke	3
临风听暮蝉	lin feng ting mu chan	3
丹崖夹石柱	dan ya jia shi zhu	2
丹枫似火照秋山	dan feng si huo zhao qiu shan	2
丹青不知老将至	dan qing bu zhi lao jiang zhi	1
丹青画出是君山	dan qing hua chu shi jun shan	2
丹青难写是精神	dan qing nan xie shi jing shen	4
为下必因川泽	wei xia bi yin chuan ze	3
为之于未有	wei zhi yu wei you	7
为之仁义以矫之	wei zhi ren yi yi jiao zhi	3
为之斗斛以量之	wei zhi dou hu yi liang zhi	3
为之权衡以称之	wei zhi quan heng yi cheng zhi	3
为之犹贤乎已	wei zhi you xian hu yi	1
为之符玺以信之	wei zhi fu xi yi xin zhi	3
为之踌躇满志	wei zhi chou chu man zhi	3
为乐当及时	wei le dang ji shi	1
为人性僻耽佳句	wei ren xing pi dan jia ju	3
为人谋而不忠乎	wei ren mou er bu zhong hu	1
为他人作嫁衣裳	wei ta ren zuo jia yi shang	5
为伴宿清溪	wei ban su qing xi	2
为击破沛公军	wei ji po pei gong jun	2
为刎颈之交	wei wen jing zhi jiao	3
为力不同科	wei li bu tong ke	2
为同松柏类	wei tong song bai lei	2
为君扶病上高台	wei jun fu bing shang gao tai	3
为君持一斗	wei jun chi yi dou	2
为君持酒劝斜阳	wei jun chi jiu quan xie yang	2
为君挑鸾作腰绶	wei jun tiao luan zuo yao shou	2
为君既不易	wei jun ji bu yi	2
为君翻作琵琶行	wei jun fan zuo pi pa xing	2
为善无近名	wei shan wu jin ming	3
为大于其细	wei da yu qi xi	5
为天下人谋永福也	wei tian xia ren mou yong fu ye	5
为天下笑者	wei tian xia xiao zhe	3
为女民兵题照	wei nv min bing ti zhao	3
为客裁缝君自见	wei ke cai feng jun zi jian	2
为恶无近刑	wei e wu jin xing	2
为我一挥手	wei wo yi hui shou	4
为我买田临汶水	wei wo mai tian lin wen shui	2
为我开天关	wei wo kai tian guan	2
为我起蛰鞭鱼龙	wei wo qi zhe bian yu long	2
为报倾城随太守	wei bao qing cheng sui tai shou	4
为有暗香来	wei you an xiang lai	8
为有源头活水来	wei you yuan tou huo shui lai	5
为有牺牲多壮志	wei you xi sheng duo zhuang zhi	2
为木当作松	wei mu dang zuo song	2
为民父母行政	wei min fu mu xing zheng	3
为湿最高花	wei shi zui gao hua	2
为爱夕阳红	wei ai xi yang hong	2
为留待骚人	wei liu dai sao ren	3
为绿荫重复单调的歌曲	wei lv yin chong fu dan diao de ge qu	3
为臣良独难	wei chen liang du nan	2
为草当作兰	wei cao dang zuo lan	2
为营步步嗟何及	wei ying bu bu jie he ji	2
为谁憔悴损芳姿	wei shei qiao cui sun fang zi	3
为谁流下潇湘去	wei shei liu xia xiao xiang qu	1
为谁辛苦为谁甜	wei shei xin ku wei shei tian	7
为高必因丘陵	wei gao bi yin qiu ling	3
主人下马客在船	zhu ren xia ma ke zai chuan	1
主人不相识	zhu ren bu xiang shi	2
主人不知情	zhu ren bu zhi qing	4
主人何为言少钱	zhu ren he wei yan shao qian	3
主人劝我洗足眠	zhu ren quan wo xi zu mian	2
主人引客登大堤	zhu ren yin ke deng da di	2
主人忘归客不发	zhu ren wang gui ke bu fa	2
主客多欢娱	zhu ke duo huan yu	2
主称会面难	zhu cheng hui mian nan	2
丽桂树之冬荣	li gui shu zhi dong rong	2
举世争称邺瓦坚	ju shi zheng cheng ye wa jian	2
举世皆浊我独清	ju shi jie zhuo wo du qing	4
举假以供养	ju jia yi gong yang	2
举动自专由	ju dong zi zhuan you	2
举头已觉千山绿	ju tou yi jue qian shan lv	5
举头望山月	ju tou wang shan yue	1
举头红日近	ju tou hong ri jin	2
举头闻鹊喜	ju tou wen que xi	3
举所佩玉玦以示之者三	ju suo pei yu jue yi shi zhi zhe san	2
举杯消愁愁更愁	ju bei xiao chou chou geng chou	9
举杯销愁愁更愁	ju bei xiao chou chou geng chou	1
举枉错诸直	ju wang cuo zhu zhi	4
举目山河异	ju mu shan he yi	2
举直错诸枉	ju zhi cuo zhu wang	4
举觞白眼望青天	ju shang bai yan wang qing tian	2
举言谓新妇	ju yan wei xin fu	2
举身赴清池	ju shen fu qing chi	1
举长矢兮射天狼	ju chang shi xi she tian lang	2
举鞭访前途	ju bian fang qian tu	2
举鲁国而儒服	ju lu guo er ru fu	2
乃不知有汉	nai bu zhi you han	1
乃中经首之会	nai zhong jing shou zhi hui	3
乃令张良留谢	nai ling zhang liang liu xie	2
乃在大海南	nai zai da hai nan	3
乃在大诲隅	nai zai da hui yu	2
乃心在咸阳	nai xin zai xian yang	2
乃敢与君绝	nai gan yu jun jue	21
乃知震之所在	nai zhi zhen zhi suo zai	2
乃翁依旧管些儿	nai weng yi jiu guan xie er	2
乃若所忧则有之	nai ruo suo you ze you zhi	3
乃重修岳阳楼	nai chong xiu yue yang lou	1
久在樊笼里	jiu zai fan long li	3
久有凌云志	jiu you ling yun zhi	4
久致罗襦裳	jiu zhi luo ru chang	2
久要不忘平生之言	jiu yao bu wang ping sheng zhi yan	3
久闻岷石鸭头绿	jiu wen min shi ya tou lv	2
久雨初晴天气新	jiu yu chu qing tian qi xin	2
义往难复留	yi wang nan fu liu	2
义泪沾衣巾	yi lei zhan yi jin	2
之子归穷泉	zhi zi gui qiong quan	2
之死矢靡它	zhi si shi mi ta	3
乌不日黔而黑	wu bu ri qian er hei	3
乌蒙磅礴走泥丸	wu meng pang bo zou ni wan	2
乌衣巷口夕阳斜	wu yi xiang kou xi yang xie	1
乌飞惊五两	wu fei jing wu liang	2
乌鹊桥红带夕阳	wu que qiao hong dai xi yang	2
乍富不知新受用	zha fu bu zhi xin shou yong	2
乍暖还寒时候	zha nuan huan han shi hou	25
乍暖还轻冷	zha nuan huan qing leng	2
乍绛蕊海榴	zha jiang rui hai liu	2
乍贫难改旧家风	zha pin nan gai jiu jia feng	2
乐与数晨夕	le yu shu chen xi	2
乐亦在其中	le yi zai qi zhong	2
乐亦在其中矣	le yi zai qi zhong yi	1
乐其可知也	le qi ke zhi ye	2
乐天者保天下	le tian zhe bao tian xia	3
乐夫天命复奚疑	le fu tian ming fu xi yi	3
乐岁终身饱	le sui zhong shen bao	4
乐民之乐者	le min zhi le zhe	7
乐游原上清秋节	le you yuan shang qing qiu jie	3
乐琴书以消忧	le qin shu yi xiao you	3
乐莫乐兮新相知	le mo le xi xin xiang zhi	3
乐道人之善	le dao ren zhi shan	2
乐饮过三爵	yue yin guo san jue	2
乐鸳鸯之同	le yuan yang zhi tong	2
乔木上参天	qiao mu shang can tian	2
乔木峥嵘明月中	qiao mu zheng rong ming yue zhong	2
乘兴轻舟无近远	cheng xing qing zhou wu jin yuan	2
乘月至一溪桥上	cheng yue zhi yi xi qiao shang	2
乘月醉高台	cheng yue zui gao tai	5
乘桴浮于海	cheng fu fu yu hai	6
乘流玩回转	cheng liu wan hui zhuan	2
乘清气兮御阴阳	cheng qing qi xi yu yin yang	3
乘舆恐未回	cheng yu kong wei hui	2
乘舲船余上沅兮	cheng ling chuan yu shang yuan xi	3
乘船往石头	cheng chuan wang shi tou	2
乘赤豹兮从文狸	cheng chi bao xi cong wen li	2
乘醉听萧鼓	cheng zui ting xiao gu	4
乘骐骥以驰骋兮	cheng qi ji yi chi cheng xi	3
九万里风鹏正举	jiu wan li feng peng zheng ju	7
九华帐里梦魂惊	jiu hua zhang li meng hun jing	3
九天开出一成都	jiu tian kai chu yi cheng du	1
九天阊阖开宫殿	jiu tian chang he kai gong dian	4
九嶷山上白云飞	jiu yi shan shang bai yun fei	5
九嶷缤兮并迎	jiu yi bin xi bing ying	2
九州始蚕麻	jiu zhou shi can ma	2
九州生气恃风雷	jiu zhou sheng qi shi feng lei	5
九州道路无豺虎	jiu zhou dao lu wu chai hu	3
九度附书向洛阳	jiu du fu shu xiang luo yang	3
九折臂而成医兮	jiu zhe bi er cheng yi xi	2
九日登望仙台呈刘明府	jiu ri deng wang xian tai cheng liu ming fu	2
九日黄花酒	jiu ri huang hua jiu	3
九曲黄河万里沙	jiu qu huang he wan li sha	4
九月九日忆山东兄弟	jiu yue jiu ri yi shan dong xiong di	6
九月今年未授衣	jiu yue jin nian wei shou yi	2
九月十日即事	jiu yue shi ri ji shi	2
九月寒砧催木叶	jiu yue han zhen cui mu ye	1
九月尚流汗	jiu yue shang liu han	3
九死一生如昨	jiu si yi sheng ru zuo	2
九死南荒吾不恨	jiu si nan huang wu bu hen	4
九疑云物至今愁	jiu yi yun wu zhi jin chou	3
九衢尘里偷闲	jiu qu chen li tou xian	2
九重泉底龙知无	jiu chong quan di long zhi wu	2
九龄书大字	jiu ling shu da zi	2
乞人不屑也	qi ren bu xie ye	4
也从江槛落风湍	ye cong jiang kan luo feng tuan	2
也信美人终作土	ye xin mei ren zhong zuo tu	2
也傍桑阴学种瓜	ye bang sang yin xue zhong gua	3
也应攀折他人手	ye ying pan zhe ta ren shou	3
也拟泛轻舟	ye ni fan qing zhou	4
也无人惜从教坠	ye wu ren xi cong jiao zhui	3
也无风雨也无晴	ye wu feng yu ye wu qing	44
也曾因梦送钱财	ye ceng yin meng song qian cai	3
也爱你坚持的位置	ye ai ni jian chi de wei zhi	4
也知塞垣苦	ye zhi sai yuan ku	2
也知法供无穷尽	ye zhi fa gong wu qiong jin	2
乡为身死而不受	xiang wei shen si er bu shou	2
乡书何处达	xiang shu he chu da	3
乡人皆好之	xiang ren jie hao zhi	3
乡人皆恶之	xiang ren jie wu zhi	3
乡党称悌焉	xiang dang cheng ti yan	2
乡心新岁切	xiang xin xin sui qie	3
乡村四月闲人少	xiang cun si yue xian ren shao	4
乡路隔风烟	xiang lu ge feng yan	2
乡远去不得	xiang yuan qu bu de	2
乡音无改鬓毛衰	xiang yin wu gai bin mao shuai	8
乡音未改鬓毛衰	xiang yin wei gai bin mao shuai	1
书任村马铺	shu ren cun ma pu	2
书何氏宅壁	shu he shi zhai bi	2
书博山道中壁	shu bo shan dao zhong bi	2
书卷展时逢古人	shu juan zhan shi feng gu ren	2
书山有路勤为径	shu shan you lu qin wei jing	4
书此语桥柱上	shu ci yu qiao zhu shang	2
书江西造口壁	shu jiang xi zao kou bi	4
书签映隙曛	shu qian ying xi xun	2
买山终待老山间	mai shan zhong dai lao shan jian	2
买得一枝春欲放	mai de yi zhi chun yu fang	2
乱世诛求急	luan shi zhu qiu ji	2
乱云飞渡仍从容	luan yun fei du reng cong rong	8
乱入池中看不见	luan ru chi zhong kan bu jian	3
乱山残雪夜	luan shan can xue ye	3
乱峰围绕水平铺	luan feng wei rao shui ping pu	2
乱条犹未变初黄	luan tiao you wei bian chu huang	2
乱流齐进声轰然	luan liu qi jin sheng hong ran	3
乱石峥嵘俗无井	luan shi zheng rong su wu jing	2
乱石通人过	luan shi tong ren guo	2
乱红飞过秋千去	luan hong fei guo qiu qian qu	2
乱花渐欲迷人眼	luan hua jian yu mi ren yan	27
乱蝉衰草小池塘	luan chan shuai cao xiao chi tang	3
乳燕飞华屋	ru yan fei hua wu	2
乳盖交缦缨	ru gai jiao man ying	2
乾坤日夜浮	qian kun ri ye fu	2
了了见松雪	liao liao jian song xue	3
了却君王天下事	liao que jun wang tian xia shi	3
了然无一碍	liao ran wu yi ai	3
予一以贯之	yu yi yi guan zhi	2
予不得已也	yu bu de yi ye	1
予之不仁也	yu zhi bu ren ye	3
予又何规老聃哉	yu you he gui lao dan zai	2
予口张而不能	yu kou zhang er bu neng	2
予客居阖户	yu ke ju he hu	2
予尝求古仁人之心	yu chang qiu gu ren ren zhi xin	3
予岂好辩哉	yu qi hao bian zai	2
予恶乎知说生之非惑邪	yu wu hu zhi shuo sheng zhi fei huo xie	2
予无乐乎为君	yu wu le hu wei jun	2
予观夫巴陵胜状	yu guan fu ba ling sheng zhuang	6
争信安仁拜路尘	zheng xin an ren bai lu chen	2
争及此花檐户下	zheng ji ci hua yan hu xia	2
争奈乍圆还缺	zheng nai zha yuan hai que	2
争奈结根深石底	zheng nai jie gen shen shi di	2
争得大裘长万丈	zheng de da qiu chang wan zhang	3
争教两处销魂	zheng jiao liang chu xiao hun	7
争新买宠各出意	zheng xin mai chong ge chu yi	2
争逞舞裀歌扇	zheng cheng wu yin ge shan	2
事不成则礼乐不兴	shi bu cheng ze li yue bu xing	2
事业无穷年	shi ye wu qiong nian	3
事了拂衣去	shi liao fu yi qu	2
事会之适也	shi hui zhi shi ye	2
事在易而求诸难	shi zai yi er qiu zhu nan	2
事夫誓拟同生死	shi fu shi ni tong sheng si	2
事如春梦了无痕	shi ru chun meng liao wu hen	1
事如芳草春长在	shi ru fang cao chun chang zai	4
事姑贻我忧	shi gu yi wo you	2
事无两样人心别	shi wu liang yang ren xin bie	3
事昧竟谁辨	shi mei jing shui bian	2
事父母几谏	shi fu mu ji jian	3
二十万军重入赣	er shi wan jun chong ru gan	3
二十余年如一梦	er shi yu nian ru yi meng	3
二十四桥仍在	er shi si qiao reng zai	2
二十四桥明月	er shi si qiao ming yue	3
二十四桥明月夜	er shi si qiao ming yue ye	7
二十年前曾去路	er shi nian qian ceng qu lu	2
二十年来谙世路	er shi nian lai an shi lu	2
二十有八载	er shi you ba zai	2
二叔反流言	er shu fan liu yan	2
二情同依依	er qing tong yi yi	2
二愿妾身常健	er yuan qie shen chang jian	2
二日立春人七日	er ri li chun ren qi ri	3
二月二日新雨晴	er yue er ri xin yu qing	3
二月二日江上行	er yue er ri jiang shang xing	3
二月初惊见草芽	er yue chu jing jian cao ya	4
二月垂杨未挂丝	er yue chui yang wei gua si	2
二月山城未见花	er yue shan cheng wei jian hua	2
二月春风似剪刀	er yue chun feng si jian dao	14
二月湖水清	er yue hu shui qing	2
二桃杀三士	er tao sha san shi	4
二水中分白鹭洲	er shui zhong fen bai lu zhou	5
二男新战死	er nan xin zhan si	2
二类相召也	er lei xiang zhao ye	2
二龙争战决雌雄	er long zheng zhan jue ci xiong	3
于予与何诛	yu yu yu he zhu	2
于予与改是	yu yu yu gai shi	2
于今为庶为青门	yu jin wei shu wei qing men	2
于从政乎何有	yu cong zheng hu he you	4
于吾言无所不说	yu wu yan wu suo bu shuo	2
于啼泣之余	yu ti qi zhi yu	4
于我如浮云	yu wo ru fu yun	5
于斯三者何先	yu si san zhe he xian	4
于是宾客无不变色离席	yu shi bin ke wu bu bian se li xi	2
于是张良至军门见樊哙	yu shi zhang liang zhi jun men jian fan kuai	2
于是焉河伯始旋其面目	yu shi yan he bo shi xuan qi mian mu	2
于是焉河伯欣然自喜	yu shi yan he bo xin ran zi xi	2
于是项伯复夜去	yu shi xiang bo fu ye qu	2
于树似冬青	yu shu si dong qing	2
于此学飞术	yu ci xue fei shu	2
于物无视也	yu wu wu shi ye	2
于身色有用	yu shen se you yong	2
云中谁寄锦书来	yun zhong shei ji jin shu lai	38
云中辨江树	yun zhong bian jiang shu	2
云之君兮纷纷而来下	yun zhi jun xi fen fen er lai xia	3
云亦随君渡湘水	yun yi sui jun du xiang shui	2
云外一声鸡	yun wai yi sheng ji	3
云安酤水奴仆悲	yun an gu shui nu pu bei	2
云居寺孤桐	yun ju si gu tong	3
云山互明灭	yun shan hu ming mie	2
云帆今始还	yun fan jin shi huan	2
云开衡岳积阴止	yun kai heng yue ji yin zhi	2
云弄竹溪月	yun nong zhu xi yue	2
云归而岩穴暝	yun gui er yan xue ming	2
云想衣裳花想容	yun xiang yi chang hua xiang rong	32
云散月明谁点缀	yun san yue ming shui dian zhui	3
云无心以出岫	yun wu xin yi chu xiu	1
云日相辉映	yun ri xiang hui ying	3
云来气接巫峡长	yun lai qi jie wu xia chang	2
云树绕堤沙	yun shu rao di sha	4
云横九派浮黄鹤	yun heng jiu pai fu huang he	2
云横秦岭家何在	yun heng qin ling jia he zai	2
云母屏风烛影深	yun mu ping feng zhu ying shen	4
云水长和岛屿青	yun shui chang he dao yu qing	4
云淡风轻近午天	yun dan feng qing jin wu tian	3
云深不知处	yun shen bu zhi chu	21
云游雨散从此辞	yun you yu san cong ci ci	2
云溪花淡淡	yun xi hua dan dan	3
云生朱络暗	yun sheng zhu luo an	2
云破月来花弄影	yun po yue lai hua nong ying	2
云窗雾阁春迟	yun chuang wu ge chun chi	3
云绕画屏移	yun rao hua ping yi	2
云自无心水自闲	yun zi wu xin shui zi xian	3
云起太华山	yun qi tai hua shan	2
云边雁断胡天月	yun bian yan duan hu tian yue	2
云间烟火是人家	yun jian yan huo shi ren jia	2
云雨巫山枉断肠	yun yu wu shan wang duan chang	1
云雨朝还暮	yun yu zhao huan mu	2
云雾密难开	yun wu mi nan kai	1
云霓明灭或可睹	yun ni ming mie huo ke du	2
云霞出海曙	yun xia chu hai shu	3
云青青兮欲雨	yun qing qing xi yu yu	2
云髻罢梳还对镜	yun ji ba shu huan dui jing	2
云鬓花颜金步摇	yun bin hua yan jin bu yao	3
云龙山下试春衣	yun long shan xia shi chun yi	2
五六月累丸二而不坠	wu liu yue lei wan er er bu zhui	3
五十以学易	wu shi yi xue yi	1
五十弦翻塞外声	wu shi xian fan sai wai sheng	2
五十知天命	wu shi zhi tian ming	1
五十者可以衣帛矣	wu shi zhe ke yi yi bo yi	4
五十而知天命	wu shi er zhi tian ming	1
五千仞岳上摩天	wu qian ren yue shang mo tian	3
五千貂锦丧胡尘	wu qian diao jin sang hu chen	2
五味令人口爽	wu wei ling ren kou shuang	5
五圣联龙衮	wu sheng lian long gun	3
五夜飕飗枕前觉	wu ye sou liu zhen qian jiao	2
五岭皆炎热	wu ling jie yan re	3
五岭逶迤腾细浪	wu ling wei yi teng xi lang	3
五岭麦秋残	wu ling mai qiu can	2
五岳倒为轻	wu yue dao wei qing	5
五岳寻仙不辞远	wu yue xun xian bu ci yuan	3
五帝三皇神圣事	wu di san huang shen sheng shi	2
五日思归沐	wu ri si gui mu	2
五日画一石	wu ri hua yi shi	2
五更疏欲断	wu geng shu yu duan	1
五更钟动笙歌散	wu geng zhong dong sheng ge san	3
五月不可触	wu yue bu ke chu	3
五月五日天晴明	wu yue wu ri tian qing ming	4
五月人倍忙	wu yue ren bei mang	2
五月天山雪	wu yue tian shan xue	1
五月榴花妖艳烘	wu yue liu hua yao yan hong	4
五柳先生传	wu liu xian sheng zhuan	1
五株桃树亦从遮	wu zhu tao shu yi cong zhe	2
五洲震荡风雷激	wu zhou zhen dang feng lei ji	1
五溪无人采	wu xi wu ren cai	1
五溪衣服共云山	wu xi yi fu gong yun shan	2
五百年必有王者兴	wu bai nian bi you wang zhe xing	4
五福降中天	wu fu jiang zhong tian	2
五色令人目盲	wu se ling ren mu mang	1
五色新丝缠角粽	wu se xin si chan jiao zong	5
五花散作云满身	wu hua san zuo yun man shen	2
五花连钱旋作冰	wu hua lian qian xuan zuo bing	3
五花马千金裘	wu hua ma qian jin qiu	1
五里一堠兵火催	wu li yi hou bing huo cui	2
五里一徘徊	wu li yi pai huai	3
五陵北原上	wu ling bei yuan shang	2
五陵年少争缠头	wu ling nian shao zheng chan tou	3
五陵年少金市东	wu ling nian shao jin shi dong	3
五陵衣马自轻肥	wu ling yi ma zi qing fei	3
五音令人耳聋	wu yin ling ren er long	5
井税有常期	jing shui you chang qi	2
井蛙不可以语于海者	jing wa bu ke yi yu yu hai zhe	3
亚父南向坐	ya fu nan xiang zuo	3
亚父受玉斗	ya fu shou yu dou	2
交不忠兮怨长	jiao bu zhong xi yuan chang	3
交乃意气合	jiao nai yi qi he	3
交情郑重金相似	jiao qing zheng zhong jin xiang si	5
交戟之卫士欲止不内	jiao ji zhi wei shi yu zhi bu nei	3
交结五都雄	jiao jie wu du xiong	2
亦不可行也	yi bu ke xing ye	3
亦不能至也	yi bu neng zhi ye	2
亦以天下人为念	yi yi tian xia ren wei nian	5
亦以平血气	yi yi ping xue qi	2
亦余心之所善兮	yi yu xin zhi suo shan xi	7
亦使后人而复哀后人也	yi shi hou ren er fu ai hou ren ye	7
亦去其害马者而已矣	yi qu qi hai ma zhe er yi yi	2
亦可以为成人矣	yi ke yi wei cheng ren yi	1
亦可以弗畔矣夫	yi ke yi fu pan yi fu	1
亦可以胜残去杀矣	yi ke yi sheng can qu sha yi	3
亦各言其子也	yi ge yan qi zi ye	2
亦奚以异乎牧马者哉	yi xi yi yi hu mu ma zhe zai	2
亦将何规哉	yi jiang he gui zai	2
亦将有以利吾国乎	yi jiang you yi li wu guo hu	2
亦将有感于斯文	yi jiang you gan yu si wen	3
亦我所欲也	yi wo suo yu ye	10
亦有仁义而已矣	yi you ren yi er yi yi	3
亦犹今之视昔	yi you jin zhi shi xi	2
亦知官舍非吾宅	yi zhi guan she fei wu zhai	2
亦能画马穷殊相	yi neng hua ma qiong shu xiang	2
亦自是一家	yi zi shi yi jia	1
亦若是则已矣	yi ruo shi ze yi yi	3
亦足以畅叙幽情	yi zu yi chang xu you qing	4
亦足慰平生	yi zu wei ping sheng	2
京华庸蜀三千里	jing hua yong shu san qian li	2
京口北固亭怀古	jing kou bei gu ting huai gu	1
京口瓜洲一水间	jing kou gua zhou yi shui jian	5
亭下水连空	ting xia shui lian kong	2
亭亭五丈余	ting ting wu zhang yu	3
亭亭如车盖	ting ting ru che gai	3
亭亭山上松	ting ting shan shang song	3
亭亭月将圆	ting ting yue jiang yuan	3
亲之欲其贵也	qin zhi yu qi gui ye	2
亲戚或余悲	qin qi huo yu bei	6
亲旧知其如此	qin jiu zhi qi ru ci	3
亲朋无一字	qin peng wu yi zi	2
亲见安期公	qin jian an qi gong	2
人不以善言为贤	ren bu yi shan yan wei xian	2
人不厌其言	ren bu yan qi yan	3
人不堪其忧	ren bu kan qi you	2
人不知而不愠	ren bu zhi er bu yun	10
人且偃然寝于巨室	ren qie yan ran qin yu ju shi	2
人世几回伤往事	ren shi ji hui shang wang shi	4
人世难逢开口笑	ren shi nan feng kai kou xiao	3
人为丝轻那忍折	ren wei si qing na ren zhe	2
人之所欲也	ren zhi suo yu ye	3
人之所美也	ren zhi suo mei ye	2
人之有是四端也	ren zhi you shi si duan ye	3
人之有道也	ren zhi you dao ye	3
人之生也直	ren zhi sheng ye zhi	2
人乞祭余骄妾妇	ren qi ji yu jiao qie fu	3
人事有代谢	ren shi you dai xie	2
人亦念其家	ren yi nian qi jia	3
人人亲其亲	ren ren qin qi qin	4
人人自谓握灵蛇之珠	ren ren zi wei wo ling she zhi zhu	2
人以食为天	ren yi shi wei tian	5
人伦之至也	ren lun zhi zhi ye	3
人似浮云影不留	ren si fu yun ying bu liu	5
人似秋鸿来有信	ren si qiu hong lai you xin	3
人前深意难轻诉	ren qian shen yi nan qing su	2
人各有一癖	ren ge you yi pi	2
人各有偏好	ren ge you pian hao	3
人各有所好	ren ge you suo hao	8
人告之以有过	ren gao zhi yi you guo	3
人固有一死	ren gu you yi si	1
人在清凉国	ren zai qing liang guo	3
人在舟中便是仙	ren zai zhou zhong bian shi xian	2
人在行云里	ren zai xing yun li	2
人在青山远近居	ren zai qing shan yuan jin ju	2
人妖颠倒是非淆	ren yao dian dao shi fei xiao	2
人学始知道	ren xue shi zhi dao	3
人家在何许	ren jia zai he xu	3
人家帘幕垂	ren jia lian mu chui	2
人少庭宇旷	ren shao ting yu kuang	2
人岂为之哉	ren qi wei zhi zai	3
人得而诛之	ren de er zhu zhi	3
人怜花似旧	ren lian hua si jiu	2
人情似故乡	ren qing si gu xiang	3
人情练达即文章	ren qing lian da ji wen zhang	3
人愁春光短	ren chou chun guang duan	2
人或为鱼鳖	ren huo wei yu bie	4
人攀明月不可得	ren pan ming yue bu ke de	4
人无千日好	ren wu qian ri hao	6
人日题诗寄草堂	ren ri ti shi ji cao tang	2
人有不为也	ren you bu wei ye	3
人有悲欢离合	ren you bei huan li he	38
人歌人哭水声中	ren ge ren ku shui sheng zhong	2
人比黄花瘦	ren bi huang hua shou	39
人民五亿不团圆	ren min wu yi bu tuan yuan	5
人烟扑地桑柘稠	ren yan pu di sang zhe chou	3
人猿相揖别	ren yuan xiang yi bie	1
人生不如意	ren sheng bu ru yi	25
人生不满百	ren sheng bu man bai	1
人生不相见	ren sheng bu xiang jian	4
人生乐在相知心	ren sheng le zai xiang zhi xin	4
人生交契无老少	ren sheng jiao qi wu lao shao	3
人生代代无穷已	ren sheng dai dai wu qiong yi	3
人生会合古难必	ren sheng hui he gu nan bi	2
人生似幻化	ren sheng si huan hua	2
人生几度秋凉	ren sheng ji du qiu liang	3
人生到处知何似	ren sheng dao chu zhi he si	7
人生在世不称意	ren sheng zai shi bu chen yi	5
人生在世间	ren sheng zai shi jian	2
人生处一世	ren sheng chu yi shi	2
人生天地之间	ren sheng tian di zhi jian	5
人生天地间	ren sheng tian di jian	4
人生失意无南北	ren sheng shi yi wu nan bei	1
人生如朝露	ren sheng ru zhao lu	3
人生如此自可乐	ren sheng ru ci zi ke le	2
人生如逆旅	ren sheng ru ni lv	13
人生寄一世	ren sheng ji yi shi	3
人生岂得长无谓	ren sheng qi de chang wu wei	2
人生归有道	ren sheng gui you dao	3
人生忽如寄	ren sheng hu ru ji	2
人生感意气	ren sheng gan yi qi	2
人生无处不青山	ren sheng wu chu bu qing shan	5
人生无根蒂	ren sheng wu gen di	2
人生无离别	ren sheng wu li bie	2
人生易老天难老	ren sheng yi lao tian nan lao	5
人生有情泪沾臆	ren sheng you qing lei zhan yi	2
人生由命非由他	ren sheng you ming fei you ta	2
人生留滞生理难	ren sheng liu zhi sheng li nan	2
人生看得几清明	ren sheng kan de ji qing ming	3
人生能几何	ren sheng neng ji he	3
人生芳秽有千载	ren sheng fang hui you qian zai	3
人生若要常无事	ren sheng ruo yao chang wu shi	3
人生莫放酒杯干	ren sheng mo fang jiu bei gan	2
人生识字忧患始	ren sheng shi zi you huan shi	3
人生贵相知	ren sheng gui xiang zhi	2
人生达命岂暇愁	ren sheng da ming qi xia chou	2
人生长恨水长东	ren sheng chang hen shui chang dong	4
人瘦尚可肥	ren shou shang ke fei	3
人皆养子望聪明	ren jie yang zi wang cong ming	5
人皆有不忍人之心	ren jie you bu ren ren zhi xin	5
人皆有兄弟	ren jie you xiong di	3
人皆知有用之用	ren jie zhi you yong zhi yong	4
人皆苦炎热	ren jie ku yan re	3
人相忘乎道术	ren xiang wang hu dao shu	2
人稀鸟兽骇	ren xi niao shou hai	2
人稠过杨府	ren chou guo yang fu	2
人穷志不穷	ren qiong zhi bu qiong	12
人籁则比竹是已	ren lai ze bi zhu shi yi	2
人约黄昏后	ren yue huang hun hou	22
人老建康城	ren lao jian kang cheng	3
人老簪花不自羞	ren lao zan hua bu zi xiu	2
人能虚己以游世	ren neng xu ji yi you shi	2
人自伤心水自流	ren zi shang xin shui zi liu	2
人至察则无徒	ren zhi cha ze wu tu	3
人苦不知足	ren ku bu zhi zu	3
人虽欲自绝	ren sui yu zi jue	3
人行明镜中	ren xing ming jing zhong	4
人言头上发	ren yan tou shang fa	2
人谓之不死	ren wei zhi bu si	3
人贫伤可怜	ren pin shang ke lian	2
人远天涯近	ren yuan tian ya jin	3
人迹板桥霜	ren ji ban qiao shuang	1
人道寄奴曾住	ren dao ji nu ceng zhu	2
人道是清光更多	ren dao shi qing guang geng duo	2
人间万事出艰辛	ren jian wan shi chu jian xin	8
人间亦有痴于我	ren jian yi you chi yu wo	2
人间亦自有丹丘	ren jian yi zi you dan qiu	2
人间别久不成悲	ren jian bie jiu bu cheng bei	2
人间只有此花新	ren jian zhi you ci hua xin	2
人间四月芳菲尽	ren jian si yue fang fei jin	18
人间天上代代相传	ren jian tian shang dai dai xiang chuan	2
人间总比天堂好	ren jian zong bi tian tang hao	2
人间所得容力取	ren jian suo de rong li qu	2
人间晚秀非无意	ren jian wan xiu fei wu yi	3
人间望玉钩	ren jian wang yu gou	2
人间本无事	ren jian ben wu shi	3
人间桑海朝朝变	ren jian sang hai zhao zhao bian	2
人间物类无可比	ren jian wu lei wu ke bi	3
人间能得几回闻	ren jian neng de ji hui wen	2
人间能有几回闻	ren jian neng you ji hui wen	1
人间能有几多人	ren jian neng you ji duo ren	2
人间行路难	ren jian xing lu nan	2
人间要好诗	ren jian yao hao shi	3
人间诚未多	ren jian cheng wei duo	2
人间那得几回闻	ren jian na de ji hui wen	3
人间随处有乘除	ren jian sui chu you cheng chu	4
人间鱼蟹不论钱	ren jian yu xie bu lun qian	2
人静乌鸢自乐	ren jing wu yuan zi le	2
人静鼠窥灯	ren jing shu kui deng	2
人非木石皆有情	ren fei mu shi jie you qing	2
人非生而知之者	ren fei sheng er zhi zhi zhe	2
人面不知何处去	ren mian bu zhi he chu qu	44
人面桃花相映红	ren mian tao hua xiang ying hong	29
仁以为己任	ren yi wei ji ren	4
仁在其中矣	ren zai qi zhong yi	3
仁孝行于家	ren xiao xing yu jia	2
仁者必有勇	ren zhe bi you yong	2
仁者播其惠	ren zhe bo qi hui	4
仁者老吾老以及人之老	ren zhe lao wu lao yi ji ren zhi lao	2
仄仄平平仄	ze ze ping ping ze	3
仄仄平平仄仄	ze ze ping ping ze ze	1
仄仄平平仄仄平	ze ze ping ping ze ze ping	1
仄仄平平平仄仄	ze ze ping ping ping ze ze	3
仄平平仄平	ze ping ping ze ping	2
仆夫悲余马怀兮	pu fu bei yu ma huai xi	3
今上岳阳楼	jin shang yue yang lou	4
今两虎共斗	jin liang hu gong dou	2
今为妻妾之奉为之	jin wei qi qie zhi feng wei zhi	2
今为宫室之美为之	jin wei gong shi zhi mei wei zhi	2
今为荡子妇	jin wei dang zi fu	2
今之从政者殆而	jin zhi cong zheng zhe dai er	3
今之学者为人	jin zhi xue zhe wei ren	6
今之愚也诈而已矣	jin zhi yu ye zha er yi yi	2
今之成人者何必然	jin zhi cheng ren zhe he bi ran	2
今之狂也荡	jin zhi kuang ye dang	2
今之矜也忿戾	jin zhi jin ye fen li	2
今之隐机者	jin zhi yin ji zhe	2
今也或是之亡也	jin ye huo shi zhi wang ye	2
今人不见古时月	jin ren bu jian gu shi yue	3
今人多不弹	jin ren duo bu tan	4
今人有大功而击之	jin ren you da gong er ji zhi	2
今人未可非商鞅	jin ren wei ke fei shang yang	3
今人还对落花风	jin ren huan dui luo hua feng	2
今又变而之死	jin you bian er zhi si	2
今君与廉颇同列	jin jun yu lian po tong lie	2
今君乃亡赵走燕	jin jun nai wang zhao zou yan	2
今听玄蝉我却回	jin ting xuan chan wo que hui	2
今吾于人也	jin wu yu ren ye	4
今吾嗣为之十二年	jin wu si wei zhi shi er nian	2
今吾朝受命而夕饮冰	jin wu zhao shou ming er xi yin bing	2
今夕不知何夕	jin xi bu zhi he xi	2
今夕亦何夕	jin xi yi he xi	2
今夕何夕兮	jin xi he xi xi	1
今夕复何夕	jin xi fu he xi	1
今夕是何年	jin xi shi he nian	2
今夜不知何处宿	jin ye bu zhi he chu su	3
今夜偏知春气暖	jin ye pian zhi chun qi nuan	2
今夜月明人尽望	jin ye yue ming ren jin wang	2
今夜江头明月多	jin ye jiang tou ming yue duo	2
今夜清光似往年	jin ye qing guang si wang nian	3
今夜鄜州月	jin ye fu zhou yue	2
今夜闻君琵琶语	jin ye wen jun pi pa yu	3
今大道既隐	jin da dao ji yin	3
今天下三分	jin tian xia san fen	3
今夫天下之人牧	jin fu tian xia zhi ren mu	2
今子赏罚而民且不仁	jin zi shang fa er min qie bu ren	2
今宵剩把银釭照	jin xiao sheng ba yin gang zhao	2
今宵酒醒何处	jin xiao jiu xing he chu	14
今岁今宵尽	jin sui jin xiao jin	3
今岁仍逢大有年	jin sui reng feng da you nian	2
今已亭亭如盖矣	jin yi ting ting ru gai yi	1
今年人日空相忆	jin nian ren ri kong xiang yi	4
今年元夜时	jin nian yuan ye shi	2
今年八月十五夜	jin nian ba yue shi wu ye	3
今年寒食好风流	jin nian han shi hao feng liu	2
今年斗品充官茶	jin nian dou pin chong guan cha	2
今年方始是严凝	jin nian fang shi shi yan ning	3
今年欢笑复明年	jin nian huan xiao fu ming nian	1
今年燕子来	jin nian yan zi lai	2
今年相见明年期	jin nian xiang jian ming nian qi	2
今年花胜去年红	jin nian hua sheng qu nian hong	4
今年花落颜色改	jin nian hua luo yan se gai	2
今我何功德	jin wo he gong de	4
今我睹子之难穷也	jin wo du zi zhi nan qiong ye	2
今日之日多烦忧	jin ri zhi ri duo fan you	4
今日云輧渡鹊桥	jin ri yun ping du que qiao	2
今日何日兮	jin ri he ri xi	3
今日俸钱过十万	jin ri feng qian guo shi wan	2
今日南湖采薇蕨	jin ri nan hu cai wei jue	2
今日向何方	jin ri xiang he fang	4
今日吾与汝幸双健	jin ri wu yu ru xing shuang jian	3
今日复明日	jin ri fu ming ri	3
今日得宽余	jin ri de kuan yu	4
今日得宽馀	jin ri de kuan yu	2
今日斗酒会	jin ri dou jiu hui	3
今日时清两京道	jin ri shi qing liang jing dao	2
今日暮途穷	jin ri mu tu qiong	2
今日欢呼孙大圣	jin ri huan hu sun da sheng	3
今日武将军	jin ri wu jiang jun	4
今日水犹寒	jin ri shui you han	1
今日相逢无酒钱	jin ri xiang feng wu jiu qian	2
今日花开又一年	jin ri hua kai you yi nian	2
今日重阳节	jin ri chong yang jie	1
今日长缨在手	jin ri chang ying zai shou	1
今日鬓丝禅榻畔	jin ri bin si chan ta pan	2
今春来是别花来	jin chun lai shi bie hua lai	2
今春看又过	jin chun kan you guo	3
今月曾经照古人	jin yue ceng jing zhao gu ren	4
今有人日攘其邻之鸡者	jin you ren ri rang qi lin zhi ji zhe	3
今朝一岁大家添	jin zhao yi sui da jia tian	2
今朝不醉明朝悔	jin zhao bu zui ming zhao hui	2
今朝复明日	jin zhao fu ming ri	2
今朝忽见数花开	jin zhao hu jian shu hua kai	2
今朝放荡思无涯	jin zhao fang dang si wu ya	2
今朝更举觞	jin zhao geng ju shang	3
今朝更好看	jin zhao geng hao kan	7
今朝杨柳半垂堤	jin zhao yang liu ban chui di	2
今朝都到眼前来	jin zhao dou dao yan qian lai	3
今朝霜重东门路	jin zhao shuang zhong dong men lu	3
今朝风日好	jin zhao feng ri hao	4
今来一登望	jin lai yi deng wang	2
今沛公先破秦入咸阳	jin pei gong xian po qin ru xian yang	2
今直为此萧艾也	jin zhi wei ci xiao ai ye	2
今者吾丧我	jin zhe wu sang wo	2
今者有小人之言	jin zhe you xiao ren zhi yan	2
今逢四海为家日	jin feng si hai wei jia ri	2
介山当驿秀	jie shan dang yi xiu	2
从之者如归市	cong zhi zhe ru gui shi	2
从今若许闲乘月	cong jin ruo xu xian cheng yue	1
从余问古事	cong yu wen gu shi	2
从军行二首	cong jun xing er shou	2
从尔何所之	cong er he suo zhi	2
从我者其由与	cong wo zhe qi you yu	2
从斤竹涧越岭溪行	cong jin zhu jian yue ling xi xing	2
从来多古意	cong lai duo gu yi	4
从来寥落意	cong lai liao luo yi	2
从来幽并客	cong lai you bing ke	2
从来系日乏长绳	cong lai xi ri fa chang sheng	2
从此君王不早朝	cong ci jun wang bu zao chao	31
从此天涯孤旅	cong ci tian ya gu lv	4
从此梦归无别路	cong ci meng gui wu bie lu	2
从此萧郎是路人	cong ci xiao lang shi lu ren	3
从此道至吾军	cong ci dao zhi wu jun	2
从水之道而不为私焉	cong shui zhi dao er bu wei si yan	2
从汀州向长沙	cong ting zhou xiang chang sha	4
从者数百人	cong zhe shu bai ren	3
从西北来时	cong xi bei lai shi	2
从许子之道	cong xu zi zhi dao	3
仓廪实而知礼节	cang lin shi er zhi li jie	2
仓黄不负君王意	cang huang bu fu jun wang yi	2
仕而优则学	shi er you ze xue	8
他乡胜故乡	ta xiang sheng gu xiang	3
他人亦已歌	ta ren yi yi ge	6
他妓古坟荒草寒	ta ji gu fen huang cao han	3
他年夜雨独伤神	ta nian ye yu du shang shen	2
他年谁作舆地志	ta nian shui zuo yu di zhi	3
他年锦里经祠庙	ta nian jin li jing ci miao	2
他得非我贤	ta de fei wo xian	3
他日如何举	ta ri ru he ju	2
他日汝当用之	ta ri ru dang yong zhi	2
他日相逢下车揖	ta ri xiang feng xia che yi	2
他日相逢为君下	ta ri xiang feng wei jun xia	2
他日若能窥孟子	ta ri ruo neng kui meng zi	2
他时须虑石能言	ta shi xu lv shi neng yan	2
他生当作此山僧	ta sheng dang zuo ci shan seng	2
他生未卜此生休	ta sheng wei bu ci sheng xiu	3
他生缘会更难期	ta sheng yuan hui geng nan qi	2
付与时人冷眼看	fu yu shi ren leng yan kan	2
付君万指伐顽石	fu jun wan zhi fa wan shi	2
仙乐风飘处处闻	xian yue feng piao chu chu wen	3
仙人垂两足	xian ren chui liang zu	2
仙人有待乘黄鹤	xian ren you dai cheng huang he	3
仙人王子乔	xian ren wang zi qiao	3
仙人琪树白无色	xian ren qi shu bai wu se	2
仙人骑白鹿	xian ren qi bai lu	2
仙侣同舟晚更移	xian lv tong zhou wan geng yi	2
仙家犬吠白云间	xian jia quan fei bai yun jian	3
仙界一日内	xian jie yi ri nei	2
仙衣尽带风	xian yi jin dai feng	2
仙道多驾烟	xian dao duo jia yan	2
仙风道骨今谁有	xian feng dao gu jin shui you	3
代北初辞没马尘	dai bei chu ci mo ma chen	2
代徐敬业传檄天下文	dai xu jing ye zhuan xi tian xia wen	3
代迎春花招刘郎中	dai ying chun hua zhao liu lang zhong	2
令人发深省	ling ren fa shen xing	3
令人长忆谢玄晖	ling ren chang yi xie xuan hui	2
令人饮不足	ling ren yin bu zu	2
令公桃李满天下	ling gong tao li man tian xia	2
令沅湘兮无波	ling yuan xiang xi wu bo	3
令渠述作与同游	ling qu shu zuo yu tong you	2
令赵王鼓瑟	ling zhao wang gu se	3
以万物为刍狗	yi wan wu wei chu gou	16
以不忍人之心	yi bu ren ren zhi xin	3
以不教民战	yi bu jiao min zhan	2
以中有足乐者	yi zhong you zu le zhe	2
以为无益而舍之者	yi wei wu yi er she zhi zhe	3
以为莫己若者	yi wei mo ji ruo zhe	2
以五十步笑百步	yi wu shi bu xiao bai bu	11
以作时世贤	yi zuo shi shi xian	2
以俟夫观人风者得焉	yi si fu guan ren feng zhe de yan	3
以八千岁为春	yi ba qian sui wei chun	2
以其不自生	yi qi bu zi sheng	3
以其善下之	yi qi shan xia zhi	3
以其子妻之	yi qi zi qi zhi	2
以其存心也	yi qi cun xin ye	3
以力假仁者霸	yi li jia ren zhe ba	3
以力服人者	yi li fu ren zhe	4
以勇气闻于诸侯	yi yong qi wen yu zhu hou	3
以及人之幼	yi ji ren zhi you	8
以及人之老	yi ji ren zhi lao	1
以友天下之善士为未足	yi you tian xia zhi shan shi wei wei zu	2
以吾从大夫之后	yi wu cong da fu zhi hou	3
以咨诹善道	yi zi zou shan dao	3
以大事小者	yi da shi xiao zhe	4
以天下之美为尽在己	yi tian xia zhi mei wei jin zai ji	2
以孝治天下	yi xiao zhi tian xia	4
以小事大者	yi xiao shi da zhe	4
以彼径寸茎	yi bi jing cun jing	3
以待大王来	yi dai da wang lai	2
以待天下之清也	yi dai tian xia zhi qing ye	2
以御于家邦	yi yu yu jia bang	2
以御今之有	yi yu jin zhi you	3
以德服人者	yi de fu ren zhe	5
以德行仁者王	yi de xing ren zhe wang	2
以手抚膺坐长叹	yi shou fu ying zuo chang tan	2
以无事取天下	yi wu shi qu tian xia	4
以无厚入有间	yi wu hou ru you jian	4
以是人多以书假余	yi shi ren duo yi shu jia yu	3
以暴虐为天下始	yi bao nve wei tian xia shi	2
以有涯随无涯	yi you ya sui wu ya	1
以杖叩其胫	yi zhang kou qi jing	2
以火来照所见稀	yi huo lai zhao suo jian xi	2
以瓦注者巧	yi wa zhu zhe qiao	2
以百姓为刍狗	yi bai xing wei chu gou	3
以百姓心为心	yi bai xing xin wei xin	8
以直养而无害	yi zhi yang er wu hai	3
以相如功大	yi xiang ru gong da	3
以精铜铸成	yi jing tong zhu cheng	2
以约失之者鲜矣	yi yue shi zhi zhe xian yi	3
以至于无为	yi zhi yu wu wei	2
以至此殛也	yi zhi ci ji ye	3
以色事他人	yi se shi ta ren	3
以道佐人主者	yi dao zuo ren zhu zhe	3
以道德为主	yi dao de wei zhu	2
以道治心气	yi dao zhi xin qi	2
以道莅天下	yi dao li tian xia	3
以长得其用	yi chang de qi yong	2
以黄金注者	yi huang jin zhu zhe	2
仰不足以事父母	yang bu zu yi shi fu mu	2
仰天大笑出门去	yang tian da xiao chu men qu	28
仰手接飞猱	yang shou jie fei nao	3
仰攀日月行	yang pan ri yue xing	2
仰看白云天茫茫	yang kan bai yun tian mang mang	2
仰观天子宫阙之壮	yang guan tian zi gong que zhi zhuang	2
仰观宇宙之大	yang guan yu zhou zhi da	5
仰视浮云驰	yang shi fu yun chi	3
仲夏苦夜短	zhong xia ku ye duan	3
仲尼不为已甚者	zhong ni bu wei yi shen zhe	2
仲尼将奈何	zhong ni jiang nai he	2
仲尼蹴然曰	zhong ni cu ran yue	2
任人采弄尽人看	ren ren cai nong jin ren kan	2
任他朝市自营营	ren ta chao shi zi ying ying	4
任宝奁尘满	ren bao lian chen man	1
任尔东西南北风	ren er dong xi nan bei feng	3
任是无情也动人	ren shi wu qing ye dong ren	1
任村炊米朝食鱼	ren cun chui mi chao shi yu	2
仿佛兮若轻云之蔽月	fang fu xi ruo qing yun zhi bi yue	4
仿佛永远分离	fang fu yong yuan fen li	1
仿佛若有光	fang fu ruo you guang	9
企石挹飞泉	qi shi yi fei quan	2
伊昔红颜美少年	yi xi hong yan mei shao nian	2
伊水黄金线一条	yi shui huang jin xian yi tiao	2
伍相庙边繁似雪	wu xiang miao bian fan si xue	3
伏枥衔冤摧两眉	fu li xian yuan cui liang mei	2
伏清白以死直兮	fu qing bai yi si zhi xi	3
伐薪烧炭南山中	fa xin shao tan nan shan zhong	4
休对故人思故国	xiu dui gu ren si gu guo	3
休将白发唱黄鸡	xiu jiang bai fa chang huang ji	3
休看白发生	xiu kan bai fa sheng	2
休说鲈鱼堪脍	xiu shuo lu yu kan kuai	2
众人皆有以	zhong ren jie you yi	2
众人皆醉我独醒	zhong ren jie zui wo du xing	49
众口铄金君自宽	zhong kou shuo jin jun zi kuan	3
众女嫉余之蛾眉兮	zhong nv ji yu zhi e mei xi	4
众山遥对酒	zhong shan yao dui jiu	2
众峰来自天目山	zhong feng lai zi tian mu shan	2
众星何历历	zhong xing he li li	2
众皆竞进以贪婪兮	zhong jie jing jin yi tan lan xi	2
众老忧添岁	zhong lao you tian sui	2
众芳摇落独暄妍	zhong fang yao luo du xuan yan	1
众莫知兮余所为	zhong mo zhi xi yu suo wei	2
众踥蹀而日进兮	zhong qie die er ri jin xi	2
众鸟欣有托	zhong niao xin you tuo	2
众鸟高飞尽	zhong niao gao fei jin	4
会于会稽山阴之兰亭	hui yu kuai ji shan yin zhi lan ting	3
会于西河外渑池	hui yu xi he wai mian chi	3
会入天地春	hui ru tian di chun	4
会到摧车折楫时	hui dao cui che zhe ji shi	2
会向瑶台月下逢	hui xiang yao tai yue xia feng	2
会当凌绝顶	hui dang ling jue ding	22
会挽雕弓如满月	hui wan diao gong ru man yue	3
会昌城外高峰	hui chang cheng wai gao feng	3
会有幽人客寓公	hui you you ren ke yu gong	2
会稽愚妇轻买臣	kuai ji yu fu qing mai chen	3
会面安可知	hui mian an ke zhi	3
会须一洗黄茅瘴	hui xu yi xi huang mao zhang	2
会须一饮三百杯	hui xu yi yin san bai bei	7
传与琵琶心自知	chuan yu pi pa xin zi zhi	2
传有神龙人不识	chuan you shen long ren bu shi	3
传观慎勿许	chuan guan shen wu xu	2
传觞三鼓罢	chuan shang san gu ba	2
传道东柯谷	chuan dao dong ke gu	2
传闻至此回	chuan wen zhi ci hui	2
伤心桥下春波绿	shang xin qiao xia chun bo lv	2
伤心秦汉经行处	shang xin qin han jing xing chu	3
伫倚危楼风细细	zhu yi wei lou feng xi xi	2
伯仲之间见伊吕	bo zhong zhi jian jian yi lv	2
伶伦吹裂孤生竹	ling lun chui lie gu sheng zhu	2
伺者因此觉知	si zhe yin ci jue zhi	2
似万物之宗	si wan wu zhi zong	2
似不能言者	si bu neng yan zhe	2
似可敌莼羹	si ke di chun geng	2
似曾相识燕归来	si ceng xiang shi yan gui lai	20
似火不烧人	si huo bu shao ren	2
似烧非因火	si shao fei yin huo	2
似花还似非花	si hua hai si fei hua	3
似被前缘误	si bei qian yuan wu	2
似诉平生不得志	si su ping sheng bu de zhi	3
但令归有日	dan ling gui you ri	2
但使主人能醉客	dan shi zhu ren neng zui ke	4
但使愿无违	dan shi yuan wu wei	1
但使残年饱吃饭	dan shi can nian bao chi fan	2
但使龙城飞将在	dan shi long cheng fei jiang zai	2
但奏无弦琴	dan zou wu xian qin	3
但得官清吏不横	dan de guan qing li bu heng	2
但得酒中趣	dan de jiu zhong qu	1
但恐失桃花	dan kong shi tao hua	2
但恐放箸空	dan kong fang zhu kong	2
但恐是痴人	dan kong shi chi ren	5
但恨无过王右军	dan hen wu guo wang you jun	2
但悲不见九州同	dan bei bu jian jiu zhou tong	5
但惜夏日长	dan xi xia ri chang	1
但感别经时	dan gan bie jing shi	3
但愿君心似我心	dan yuan jun xin si wo xin	5
但愿天下人	dan yuan tian xia ren	2
但愿老死花酒间	dan yuan lao si hua jiu jian	3
但愿长醉不复醒	dan yuan chang zui bu fu xing	13
但愿长醉不愿醒	dan yuan chang zui bu yuan xing	12
但我不能放歌	dan wo bu neng fang ge	1
但教心似金钿坚	dan jiao xin si jin dian jian	1
但有泉声洗我心	dan you quan sheng xi wo xin	2
但爱鲈鱼美	dan ai lu yu mei	2
但看古来歌舞地	dan kan gu lai ge wu di	2
但知临水登山啸咏	dan zhi lin shui deng shan xiao yong	2
但见书画传	dan jian shu hua chuan	2
但见新人笑	dan jian xin ren xiao	4
但见泪痕湿	dan jian lei hen shi	2
但见群鸥日日来	dan jian qun ou ri ri lai	3
但见长江送流水	dan jian chang jiang song liu shui	3
但觉衣裳湿	dan jue yi shang shi	2
但记得斑斑点点	dan ji de ban ban dian dian	3
但逢新人民	dan feng xin ren min	2
但道吾庐心便足	dan dao wu lu xin bian zu	2
但道桑麻长	dan dao sang ma chang	2
但闻人语响	dan wen ren yu xiang	3
位卑未敢忘忧国	wei bei wei gan wang you guo	5
位在廉颇之右	wei zai lian po zhi you	3
低举拂罗衣	di ju fu luo yi	2
低回愧人子	di hui kui ren zi	2
低头一拜屠羊说	di tou yi bai tu yang shuo	3
低头向暗壁	di tou xiang an bi	3
住也如何住	zhu ye ru he zhu	3
住近湓江地低湿	zhu jin pen jiang di di shi	2
何不于君指上听	he bu yu jun zhi shang ting	3
何不号于国中曰	he bu hao yu guo zhong yue	2
何不改乎此度	he bu gai hu ci du	2
何不淈其泥而扬其波	he bu gu qi ni er yang qi bo	3
何不秉烛游	he bu bing zhu you	2
何不策高足	he bu ce gao zu	3
何不餔其糟而歠其酾	he bu bu qi zao er chuo qi shai	2
何为则民服	he wei ze min fu	3
何为而不得	he wei er bu de	2
何乃贪荣者	he nai tan rong zhe	2
何乡为乐土	he xiang wei le tu	2
何事不可为	he shi bu ke wei	5
何事入罗帏	he shi ru luo wei	1
何事历衡霍	he shi li heng huo	2
何事吟余忽惆怅	he shi yin yu hu chou chang	2
何事当年不见收	he shi dang nian bu jian shou	3
何事拘形役	he shi ju xing yi	3
何事空摧残	he shi kong cui can	2
何事辛苦怨斜晖	he shi xin ku yuan xie hui	2
何事长向别时圆	he shi chang xiang bie shi yuan	10
何事阴阳工	he shi yin yang gong	3
何人不起故园情	he ren bu qi gu yuan qing	4
何人半夜推山去	he ren ban ye tui shan qu	2
何以拜姑嫜	he yi bai gu zhang	2
何以有羽翼	he yi you yu yi	2
何以能田猎也	he yi neng tian lie ye	2
何以谓之人	he yi wei zhi ren	2
何以销烦暑	he yi xiao fan shu	2
何似中秋看	he si zhong qiu kan	3
何似在人间	he si zai ren jian	13
何况人间父子情	he kuang ren jian fu zi qing	3
何况到如今	he kuang dao ru jin	2
何况南楼与北斋	he kuang nan lou yu bei zhai	2
何况落红无数	he kuang luo hong wu shu	2
何可一日无此君	he ke yi ri wu ci jun	1
何处不清凉	he chu bu qing liang	2
何处不相逢	he chu bu xiang feng	8
何处人间似仙境	he chu ren jian si xian jing	2
何处合成愁	he chu he cheng chou	1
何处哀筝随急管	he chu ai zheng sui ji guan	3
何处唤春愁	he chu huan chun chou	2
何处寄相思	he chu ji xiang si	2
何处寻行迹	he chu xun xing ji	2
何处得秋霜	he chu de qiu shuang	2
何处无竹柏	he chu wu zhu bai	1
何处春江无月明	he chu chun jiang wu yue ming	1
何处是吾乡	he chu shi wu xiang	2
何处望神州	he chu wang shen zhou	2
何处登高望梓州	he chu deng gao wang zi zhou	2
何处相思明月楼	he chu xiang si ming yue lou	2
何处相思苦	he chu xiang si ku	3
何处秋风至	he chu qiu feng zhi	1
何处营巢夏将半	he chu ying chao xia jiang ban	2
何处闻灯不看来	he chu wen deng bu kan lai	4
何处青山是越中	he chu qing shan shi yue zhong	2
何处黄云是陇间	he chu huang yun shi long jian	2
何如月下倾金罍	he ru yue xia qing jin lei	3
何妨举世嫌迂阔	he fang ju shi xian yu kuo	3
何妨吟啸且徐行	he fang yin xiao qie xu xing	6
何当共剪西窗烛	he dang gong jian xi chuang zhu	7
何当击凡鸟	he dang ji fan niao	2
何当宅下流	he dang zhai xia liu	2
何当载酒来	he dang zai jiu lai	2
何当造幽人	he dang zao you ren	2
何当金络脑	he dang jin luo nao	4
何必仰云梯	he bi yang yun ti	2
何必去父母之邦	he bi qu fu mu zhi bang	2
何必怀此都	he bi huai ci du	2
何必求神仙	he bi qiu shen xian	2
何必珍珠慰寂寥	he bi zhen zhu wei ji liao	1
何必膏粱珍	he bi gao liang zhen	2
何必金与钱	he bi jin yu qian	1
何必锦绣文	he bi jin xiu wen	2
何必长从七贵游	he bi chang cong qi gui you	2
何必降魔调伏身	he bi xiang mo tiao fu shen	2
何必骨肉亲	he bi gu rou qin	2
何忍独为醒	he ren du wei xing	2
何所独无芳草兮	he suo du wu fang cao xi	2
何故水边双白鹭	he gu shui bian shuang bai lu	2
何故深思高举	he gu shen si gao ju	3
何方可化身千亿	he fang ke hua shen qian yi	1
何日功成名遂了	he ri gong cheng ming sui liao	2
何日复归来	he ri fu gui lai	2
何日平胡虏	he ri ping hu lu	2
何日是归年	he ri shi gui nian	3
何日是归期	he ri shi gui qi	4
何日更重游	he ri geng chong you	6
何日请缨提锐旅	he ri qing ying ti rui lv	2
何日遣冯唐	he ri qian feng tang	3
何时倚虚幌	he shi yi xu huang	2
何时复西归	he shi fu xi gui	4
何时复见还	he shi fu jian huan	2
何时忘却营营	he shi wang que ying ying	1
何时悔复及	he shi hui fu ji	2
何时石门路	he shi shi men lu	2
何时缚住苍龙	he shi fu zhu cang long	1
何时见阳春	he shi jian yang chun	2
何时返故乡	he shi fan gu xiang	2
何时长向别时圆	he shi chang xiang bie shi yuan	2
何时黄金盘	he shi huang jin pan	3
何昔日之芳草兮	he xi ri zhi fang cao xi	2
何有于我哉	he you yu wo zai	4
何殊当路权相持	he shu dang lu quan xiang chi	2
何求美人折	he qiu mei ren zhe	3
何烦笙与竽	he fan sheng yu yu	2
何理不可得	he li bu ke de	3
何用别寻方外去	he yong bie xun fang wai qu	2
何用堂前更种花	he yong tang qian geng zhong hua	2
何用浮名绊此身	he yong fu ming ban ci shen	3
何用百顷糜千金	he yong bai qing mi qian jin	2
何用钱刀为	he yong qian dao wei	3
何用问遗君	he yong wen yi jun	2
何用骑鹏翼	he yong qi peng yi	2
何由得见洛阳春	he you de jian luo yang chun	3
何者为彭殇	he zhe wei peng shang	2
何能待来兹	he neng dai lai zi	2
何苦将两耳	he ku jiang liang er	2
何莫学夫诗	he mo xue fu shi	3
何谓宠辱若惊	he wei chong ru ruo jing	2
何逊而今渐老	he xun er jin jian lao	2
何须浅碧深红色	he xu qian bi shen hong se	4
何须生入玉门关	he xu sheng ru yu men guan	3
余不忍为此态也	yu bu ren wei ci tai ye	3
余亦东蒙客	yu yi dong meng ke	4
余亦能高咏	yu yi neng gao yong	2
余亦辞家西入秦	yu yi ci jia xi ru qin	3
余因得遍观群书	yu yin de bian guan qun shu	3
余地何妨种玉簪	yu di he fang zhong yu zan	3
余处幽篁兮终不见天	yu chu you huang xi zhong bu jian tian	2
余幼好此奇服兮	yu you hao ci qi fu xi	3
余幼时即嗜学	yu you shi ji shi xue	4
余情悦其淑美兮	yu qing yue qi shu mei xi	2
余既滋兰之九畹兮	yu ji zi lan zhi jiu wan xi	1
余生欲老海南村	yu sheng yu lao hai nan cun	3
余衰喜入春	yu shuai xi ru chun	2
余霞散成绮	yu xia san cheng qi	4
作万般幽怨	zuo wan ban you yuan	2
作别西天的云彩	zuo bie xi tian de yun cai	1
你我相逢在黑夜的海上	ni wo xiang feng zai hei ye de hai shang	3
你装饰了别人的梦	ni zhuang shi le bie ren de meng	21
你记得也好	ni ji de ye hao	5
佣作致甘肥	yong zuo zhi gan fei	2
佩玉鸣鸾罢歌舞	pei yu ming luan ba ge wu	2
佯羞不出来	yang xiu bu chu lai	2
佳人难再得	jia ren nan zai de	1
佳处未易识	jia chu wei yi shi	3
佳木秀而繁阴	jia mu xiu er fan yin	1
佳节又重阳	jia jie you chong yang	4
佳节清明桃李笑	jia jie qing ming tao li xiao	4
佳趣尚未歇	jia qu shang wei xie	2
使乐乘代廉颇	shi yue cheng dai lian po	2
使亲忘我难	shi qin wang wo nan	2
使人听此凋朱颜	shi ren ting ci diao zhu yan	3
使内外异法也	shi nei wai yi fa ye	3
使君与操耳	shi jun yu cao er	3
使君半夜分酥酒	shi jun ban ye fen su jiu	2
使君居上头	shi jun ju shang tou	2
使君自有妇	shi jun zi you fu	2
使吾勇于就死也	shi wu yong yu jiu si ye	5
使天下之人	shi tian xia zhi ren	3
使契为司徒	shi qi wei si tu	2
使子婴为相	shi zi ying wei xiang	2
使子贡往侍事焉	shi zi gong wang shi shi yan	2
使子路问津焉	shi zi lu wen jin yan	2
使我不得开心颜	shi wo bu de kai xin yan	16
使我介然有知	shi wo jie ran you zhi	3
使我伤怀奏短歌	shi wo shang huai zou duan ge	2
使我颜色好	shi wo yan se hao	3
使民不为盗	shi min bu wei dao	3
使民如承大祭	shi min ru cheng da ji	3
使民心不乱	shi min xin bu luan	2
使江水兮安流	shi jiang shui xi an liu	1
使知索之而不得	shi zhi suo zhi er bu de	2
使离朱索之而不得	shi li zhu suo zhi er bu de	2
使秦穆公忘其贱	shi qin mu gong wang qi jian	2
使老有所终	shi lao you suo zhong	2
使臣将王命	shi chen jiang wang ming	2
使行人到此	shi xing ren dao ci	2
使负栋之柱	shi fu dong zhi zhu	2
侍儿扶起娇无力	shi er fu qi jiao wu li	4
侍立小童清	shi li xiao tong qing	3
依依似君子	yi yi si jun zi	3
依依在耦耕	yi yi zai ou geng	2
依依墟里烟	yi yi xu li yan	1
依倚将军势	yi yi jiang jun shi	2
依旧烟笼十里堤	yi jiu yan long shi li di	5
依楼似月悬	yi lou si yue xuan	4
依稀犹记妙高台	yi xi you ji miao gao tai	2
依约是湘灵	yi yue shi xiang ling	2
侣鱼虾而友麋鹿	lv yu xia er you mi lu	2
侧出岸沙枫半死	ce chu an sha feng ban si	2
侧坐莓苔草映身	ce zuo mei tai cao ying shen	3
侧身上下随游鱼	ce shen shang xia sui you yu	2
侧身天地更怀古	ce shen tian di geng huai gu	3
侧身西望长咨嗟	ce shen xi wang chang zi jie	3
侬作博山炉	nong zuo bo shan lu	2
侮圣人之言	wu sheng ren zhi yan	3
侮夺人之君	wu duo ren zhi jun	2
侯王若能守之	hou wang ruo neng shou zhi	2
侯门一入深似海	hou men yi ru shen si hai	5
便下襄阳向洛阳	bian xia xiang yang xiang luo yang	5
便人间天上	bian ren jian tian shang	3
便作旦夕间	bian zuo dan xi jian	2
便做春江都是泪	bian zuo chun jiang du shi lei	2
便即下阶拜	bian ji xia jie bai	2
便可白公姥	bian ke bai gong mu	2
便引诗情到碧霄	bian yin shi qing dao bi xiao	8
便是人间好时节	bian shi ren jian hao shi jie	12
便有精生白骨堆	bian you jing sheng bai gu dui	3
便欣然忘食	bian xin ran wang shi	5
便纵有千种风情	bian zong you qian zhong feng qing	9
便觉此身如在蜀	bian jue ci shen ru zai shu	2
促织鸣东壁	cu zhi ming dong bi	2
俄闻管参差	e wen guan cen ci	4
俄顷风定云墨色	e qing feng ding yun mo se	2
俊逸鲍参军	jun yi bao can jun	3
俏也不争春	qiao ye bu zheng chun	11
俗物都茫茫	su wu du mang mang	2
保安人物一时新	bao an ren wu yi shi xin	2
俟我于城隅	si wo yu cheng yu	1
信则人任焉	xin ze ren ren yan	4
信则民任焉	xin ze min ren yan	3
信念越是巍峨	xin nian yue shi wei e	3
信有人间行路难	xin you ren jian xing lu nan	2
信着全无是处	xin zhuo quan wu shi chu	1
信知生男恶	xin zhi sheng nan e	3
信者效其忠	xin zhe xiao qi zhong	2
信马悠悠野兴长	xin ma you you ye xing chang	2
俭者不夺人	jian zhe bu duo ren	3
修之于天下	xiu zhi yu tian xia	2
修守战之具	xiu shou zhan zhi ju	2
修己以安人	xiu ji yi an ren	6
修己以安百姓	xiu ji yi an bai xing	6
俯仰两青空	fu yang liang qing kong	2
俯仰人间今古	fu yang ren jian jin gu	2
俯仰天地间	fu yang tian di jian	3
俯仰随人亦可怜	fu yang sui ren yi ke lian	2
俯察品类之盛	fu cha pin lei zhi sheng	4
俯视洛阳川	fu shi luo yang chuan	2
俯足以畜妻子	fu zu yi xu qi zi	2
俯身散马蹄	fu shen san ma ti	3
俯首甘为孺子牛	fu shou gan wei ru zi niu	14
俱兼山水乡	ju jian shan shui xiang	2
俱怀逸兴壮思飞	ju huai yi xing zhuang si fei	2
俱怀鸿鹄志	ju huai hong hu zhi	2
俸钱万六千	feng qian wan liu qian	3
倒床不复闻钟鼓	dao chuang bu fu wen zhong gu	2
倒海翻江卷巨澜	dao hai fan jiang juan ju lan	6
倒被紫绮裘	dao bei zi qi qiu	2
倒身甘寝百疾愈	dao shen gan qin bai ji yu	2
倚南窗以寄傲	yi nan chuang yi ji ao	3
倚天万里须长剑	yi tian wan li xu chang jian	3
倚天照海花无数	yi tian zhao hai hua wu shu	3
倚得东风势便狂	yi de dong feng shi bian kuang	2
倚杖候荆扉	yi zhang hou jing fei	2
倚杖听江声	yi zhang ting jiang sheng	2
倚杖柴门外	yi zhang chai men wai	3
借你的高枝炫耀自己	jie ni de gao zhi xuan yao zi ji	4
借我一庵聊洗心	jie wo yi an liao xi xin	2
借水开花自一奇	jie shui kai hua zi yi qi	2
借问吹箫向紫烟	jie wen chui xiao xiang zi yan	2
借问新安吏	jie wen xin an li	2
借问新安江	jie wen xin an jiang	2
借问汉宫谁得似	jie wen han gong shei de si	1
借问瘟君欲何往	jie wen wen jun yu he wang	1
借问酒家何处有	jie wen jiu jia he chu you	21
倦客愁闻归路遥	juan ke chou wen gui lu yao	2
倩何人唤取	qian he ren huan qu	3
倾城看斩蛟	qing cheng kan zhan jiao	2
倾耳无希声	qing er wu xi sheng	2
偃蹇月中桂	yan jian yue zhong gui	2
假令风歇时下来	jia ling feng xie shi xia lai	1
假作真时真亦假	jia zuo zhen shi zhen yi jia	14
假诸人而后见也	jia zhu ren er hou jian ye	2
假金方用真金镀	jia jin fang yong zhen jin du	4
假面胡人假狮子	jia mian hu ren jia shi zi	2
偏伤周顗情	pian shang zhou yi qing	2
偏师借重黄公略	pian shi jie zhong huang gong lve	4
偏惊物候新	pian jing wu hou xin	2
停杯投箸不能食	ting bei tou zhu bu neng shi	1
停船暂借问	ting chuan zan jie wen	4
停车坐爱枫林晚	ting che zuo ai feng lin wan	18
健儿快马紫游缰	jian er kuai ma zi you jiang	2
健如黄犊走复来	jian ru huang du zou fu lai	3
偭规矩而改错	mian gui ju er gai cuo	2
偶尔投影在你的波心	ou er tou ying zai ni de bo xin	4
偶然值林叟	ou ran zhi lin sou	2
偷声木兰花	tou sheng mu lan hua	2
傅说举于版筑之间	fu yue ju yu ban zhu zhi jian	1
傍花随柳过前川	bang hua sui liu guo qian chuan	2
傲吏身闲笑五侯	ao li shen xian xiao wu hou	2
傲然携妓出风尘	ao ran xie ji chu feng chen	2
像沉重的叹息	xiang chen zhong de tan xi	1
僧房宿有期	seng fang su you qi	3
僧敲月下门	seng qiao yue xia men	3
僧是愚氓犹可训	seng shi yu meng you ke xun	3
僧言古壁佛画好	seng yan gu bi fo hua hao	2
僵卧孤村不自哀	jiang wo gu cun bu zi ai	4
儒冠多误身	ru guan duo wu shen	3
儒生有长策	ru sheng you chang ce	2
儿啼不窥家	er ti bu kui jia	2
儿女共沾巾	er nv gong zhan jin	4
儿女嬉笑牵人衣	er nv xi xiao qian ren yi	2
儿女忽成行	er nv hu cheng hang	4
儿女罗酒浆	er nv luo jiu jiang	2
儿童偷把长竿	er tong tou ba chang gan	2
儿童尽东征	er tong jin dong zheng	2
儿童强不睡	er tong qiang bu shui	2
儿童急走追黄蝶	er tong ji zou zhui huang die	5
儿童散学归来早	er tong san xue gui lai zao	2
儿童相唤踏春阳	er tong xiang huan ta chun yang	2
儿童相见不相识	er tong xiang jian bu xiang shi	12
儿童系马黄河曲	er tong ji ma huang he qu	2
兀尔水边坐	wu er shui bian zuo	2
元是今朝斗草赢	yuan shi jin zhao dou cao ying	3
元气淋漓障犹湿	yuan qi lin li zhang you shi	3
兄嫂当知之	xiong sao dang zhi zhi	2
先师有遗训	xian shi you yi xun	2
先帝不以臣卑鄙	xian di bu yi chen bei bi	3
先帝创业未半	xian di chuang ye wei ban	3
先帝称之曰能	xian di cheng zhi yue neng	2
先应去蟊贼	xian ying qu mao zei	3
先报春来早	xian bao chun lai zao	2
先据要路津	xian ju yao lu jin	2
先王之蘧庐也	xian wang zhi qu lu ye	2
先王之道斯为美	xian wang zhi dao si wei mei	5
先王有不忍人之心	xian wang you bu ren ren zhi xin	3
先生不知何许人也	xian sheng bu zhi he xu ren ye	2
先生苜蓿盘	xian sheng mu xu pan	2
先破秦入咸阳者王之	xian po qin ru xian yang zhe wang zhi	2
先诈力而后仁义	xian zha li er hou ren yi	3
先贤盛说桃花源	xian xian sheng shuo tao hua yuan	2
先进于礼乐	xian jin yu li yue	2
先遣小姑尝	xian qian xiao gu chang	3
光彩照耀惊童儿	guang cai zhao yao jing tong er	2
光彩露沾湿	guang cai lu zhan shi	3
光明所照耀	guang ming suo zhao yao	2
光景不待人	guang jing bu dai ren	3
光景驰西流	guang jing chi xi liu	2
光禄池台开锦绣	guang lu chi tai kai jin xiu	2
克己复礼为仁	ke ji fu li wei ren	6
克终者盖寡	ke zhong zhe gai gua	5
免似漂流木偶人	mian si piao liu mu ou ren	2
免使牵人虚魂乱	mian shi qian ren xu hun luan	2
兔从狗窦入	tu cong gou dou ru	2
兔隐豆苗肥	tu yin dou miao fei	2
入云深处亦沾衣	ru yun shen chu yi zhan yi	1
入则无法家拂士	ru ze wu fa jia fu shi	3
入室想所历	ru shi xiang suo li	2
入峡次巴东	ru xia ci ba dong	2
入掌银台护紫微	ru zhang yin tai hu zi wei	2
入河蟾不没	ru he chan bu mo	2
入溆浦余儃徊兮	ru xu pu yu chan huai xi	2
入竹万竿斜	ru zhu wan gan xie	3
入门四松在	ru men si song zai	2
入门高兴发	ru men gao xing fa	3
入骨相思知不知	ru gu xiang si zhi bu zhi	5
全仗你抬身价	quan zhang ni tai shen jia	1
全军覆没也	quan jun fu mo ye	1
全德之君子	quan de zhi jun zi	3
全胜羽客醉流霞	quan sheng yu ke zui liu xia	2
八佾舞于庭	ba yi wu yu ting	4
八十始得归	ba shi shi de gui	3
八千岁为秋	ba qian sui wei qiu	1
八千里路云和月	ba qian li lu yun he yue	18
八月十五夜	ba yue shi wu ye	4
八月十五日夜湓亭望月	ba yue shi wu ri ye pen ting wang yue	4
八月十八潮	ba yue shi ba chao	7
八月涛声吼地来	ba yue tao sheng hou di lai	3
八月湖水平	ba yue hu shui ping	4
八月蝴蝶来	ba yue hu die lai	1
八蚕茧绵小分炷	ba can jian mian xiao fen zhu	2
公主琵琶幽怨多	gong zhu pi pa you yuan duo	2
公之视廉将军孰与秦王	gong zhi shi lian jiang jun shu yu qin wang	2
公乎公乎挂罥于其间	gong hu gong hu gua juan yu qi jian	2
公伯寮其如命何	gong bo liao qi ru ming he	2
公冶长第五	gong ye chang di wu	3
公去我来墩属我	gong qu wo lai dun shu wo	2
公固以为不然	gong gu yi wei bu ran	2
公子南桥应尽兴	gong zi nan qiao ying jin xing	4
公子王孙芳树下	gong zi wang sun fang shu xia	3
公孙仓皇奉豆粥	gong sun cang huang feng dou zhou	2
公家有程期	gong jia you cheng qi	2
公岂敢入乎	gong qi gan ru hu	2
公无渡河苦渡之	gong wu du he ku du zhi	2
公果溺死流海湄	gong guo ni si liu hai mei	2
公烛无私光	gong zhu wu si guang	4
公然抱茅入竹去	gong ran bao mao ru zhu qu	3
公生扬马后	gong sheng yang ma hou	2
公私仓廪俱丰实	gong si cang lin ju feng shi	3
公绰之不欲	gong chuo zhi bu yu	1
公输子之巧	gong shu zi zhi qiao	3
公道世间唯白发	gong dao shi jian wei bai fa	4
公门终日忙	gong men zhong ri mang	3
六亿神州尽舜尧	liu yi shen zhou jin shun yao	1
六军不发无奈何	liu jun bu fa wu nai he	1
六十而耳顺	liu shi er er shun	6
六宫粉黛无颜色	liu gong fen dai wu yan se	20
六月十七日昼寝	liu yue shi qi ri zhou qin	2
六月连山柘枝红	liu yue lian shan zhe zhi hong	2
六朝如梦鸟空啼	liu chao ru meng niao kong ti	4
六朝旧事随流水	liu chao jiu shi sui liu shui	3
六桥横绝天汉上	liu qiao heng jue tian han shang	2
六盘山上高峰	liu pan shan shang gao feng	5
六经责我开生面	liu jing ze wo kai sheng mian	6
六诏星居初琐碎	liu zhao xing ju chu suo sui	2
兰叶春葳蕤	lan ye chun wei rui	2
兰有秀兮菊有芳	lan you xiu xi ju you fang	1
兰泽多芳草	lan ze duo fang cao	4
兰筋权奇走灭没	lan jin quan qi zou mie mo	2
兰陵美酒郁金香	lan ling mei jiu yu jin xiang	5
共占少微星	gong zhan shao wei xing	2
共君一醉一陶然	gong jun yi zui yi tao ran	2
共惜盛时辞阙下	gong xi sheng shi ci que xia	2
共来百越文身地	gong lai bai yue wen shen di	2
共此灯烛光	gong ci deng zhu guang	1
共看明月应垂泪	gong kan ming yue ying chui lei	2
共看明月皆如此	gong kan ming yue jie ru ci	2
共说此年丰	gong shuo ci nian feng	3
共赏一轮明月	gong shang yi lun ming yue	6
共赏金尊沉绿蚁	gong shang jin zun chen lv yi	2
共醉重阳节	gong zui chong yang jie	2
共饮长江水	gong yin chang jiang shui	26
关东有义士	guan dong you yi shi	2
关塞莽然平	guan sai mang ran ping	2
关山度若飞	guan shan du ruo fei	1
关山蹇骥足	guan shan jian ji zu	2
关山阵阵苍	guan shan zhen zhen cang	4
关市讥而不征	guan shi ji er bu zheng	2
关河梦断何处	guan he meng duan he chu	3
关西杨伯起	guan xi yang bo qi	2
兴兵讨群凶	xing bing tao qun xiong	2
兴尽晚回舟	xing jin wan hui zhou	1
兴废由人事	xing fei you ren shi	3
兴是清秋发	xing shi qing qiu fa	3
兴来每独往	xing lai mei du wang	4
兴酣落笔摇五岳	xing han luo bi yao wu yue	3
兵者不祥之器	bing zhe bu xiang zhi qi	3
兵过黄河疑未反	bing guo huang he yi wei fan	3
兵革既未息	bing ge ji wei xi	2
其不善者恶之	qi bu shan zhe wu zhi	3
其中往来种作	qi zhong wang lai zhong zuo	5
其中有名有姓	qi zhong you ming you xing	1
其中绰约多仙子	qi zhong chuo yue duo xian zi	1
其为仁之本与	qi wei ren zhi ben yu	4
其为形也亦外矣	qi wei xing ye yi wai yi	2
其义则始乎为士	qi yi ze shi hu wei shi	3
其乐不可言	qi le bu ke yan	2
其争也君子	qi zheng ye jun zi	4
其他可能也	qi ta ke neng ye	1
其何以行之哉	qi he yi xing zhi zai	5
其何伤于日月乎	qi he shang yu ri yue hu	3
其作始也简	qi zuo shi ye jian	7
其势不俱生	qi shi bu ju sheng	2
其势必不敢留君	qi shi bi bu gan liu jun	2
其可怪也欤	qi ke guai ye yu	1
其可谓至德也已矣	qi ke wei zhi de ye yi yi	2
其后秦伐赵	qi hou qin fa zhao	2
其喜洋洋者矣	qi xi yang yang zhe yi	1
其在宗庙朝廷	qi zai zong miao chao ting	2
其声呜呜然	qi sheng wu wu ran	4
其失天下也以不仁	qi shi tian xia ye yi bu ren	2
其如镊白休	qi ru nie bai xiu	2
其孰能害之	qi shu neng hai zhi	2
其将毕也必巨	qi jiang bi ye bi ju	7
其恶者自恶	qi e zhe zi e	3
其惟圣人乎	qi wei sheng ren hu	2
其故家遗俗	qi gu jia yi su	2
其数则始乎诵经	qi shu ze shi hu song jing	2
其斯之谓与	qi si zhi wei yu	3
其时时于梦中得我乎	qi shi shi yu meng zhong de wo hu	3
其有不合者	qi you bu he zhe	2
其未兆易谋	qi wei zhao yi mou	3
其未得之也	qi wei de zhi ye	2
其次不辱理色	qi ci bu ru li se	3
其次不辱身	qi ci bu ru shen	3
其次不辱辞令	qi ci bu ru ci ling	3
其次关木索	qi ci guan mu suo	3
其次剔毛发	qi ci ti mao fa	3
其次忆吴宫	qi ci yi wu gong	2
其次易服受辱	qi ci yi fu shou ru	3
其次毁肌肤	qi ci hui ji fu	3
其次诎体受辱	qi ci qu ti shou ru	3
其犹橐龠乎	qi you tuo yue hu	1
其犹穿窬之盗也与	qi you chuan yu zhi dao ye yu	2
其真不知马也	qi zhen bu zhi ma ye	3
其真无马邪	qi zhen wu ma ye	3
其美者自美	qi mei zhe zi mei	3
其翼若垂天之云	qi yi ruo chui tian zhi yun	2
其西南诸峰	qi xi nan zhu feng	4
其诸异乎人之求之与	qi zhu yi hu ren zhi qiu zhi yu	2
其间无古今	qi jian wu gu jin	2
其闻道也固先乎吾	qi wen dao ye gu xian hu wu	2
其险也如此	qi xian ye ru ci	1
具以沛公言报项王	ju yi pei gong yan bao xiang wang	2
典校在秘书	dian jiao zai mi shu	3
兹山何峻秀	zi shan he jun xiu	2
兹游奇绝冠平生	zi you qi jue guan ping sheng	5
养在深闺人未识	yang zai shen gui ren wei shi	1
养生丧死无憾	yang sheng sang si wu han	3
养生者不足以当大事	yang sheng zhe bu zu yi dang da shi	2
养真衡茅下	yang zhen heng mao xia	2
兼闻贝叶经	jian wen bei ye jing	3
兽中刀枪多怒吼	shou zhong dao qiang duo nu hou	2
兽焰微红隔云母	shou yan wei hong ge yun mu	2
冀一反之何时	ji yi fan zhi he shi	2
冀枝叶之峻茂兮	ji zhi ye zhi jun mao xi	2
内举不失亲	nei ju bu shi qin	3
内无应门五尺之僮	nei wu ying men wu chi zhi tong	2
内热溲膏是也	nei re sou gao shi ye	2
冉冉双幡度海涯	ran ran shuang fan du hai ya	2
冉冉孤生竹	ran ran gu sheng zhu	3
冉冉望君来	ran ran wang jun lai	2
再使风俗淳	zai shi feng su chun	6
再拜奉大将军足下	zai bai feng da jiang jun zu xia	2
再拜献大王足下	zai bai xian da wang zu xia	2
再拜而送之	zai bai er song zhi	2
再拜陈三愿	zai bai chen san yuan	1
再续汉阳游	zai xu han yang you	2
再顾倾人国	zai gu qing ren guo	8
冕旒俱秀发	mian liu ju xiu fa	3
写得家书空满纸	xie de jia shu kong man zhi	2
军中无以为乐	jun zhong wu yi wei le	2
军前效力死还高	jun qian xiao li si huan gao	2
军叫工农革命	jun jiao gong nong ge ming	5
军合力不齐	jun he li bu qi	2
军听了军愁	jun ting le jun chou	3
军民团结如一人	jun min tuan jie ru yi ren	7
军阀重开战	jun fa chong kai zhan	3
农人告余以春及	nong ren gao yu yi chun ji	1
农夫更苦辛	nong fu geng ku xin	2
农夫犹饿死	nong fu you e si	4
农民个个同仇	nong min ge ge tong chou	3
冠切云之崔嵬	guan qie yun zhi cui wei	2
冠盖何辉赫	guan gai he hui he	3
冠盖满京华	guan gai man jing hua	5
冠者五六人	guan zhe wu liu ren	6
冥冥细雨来	ming ming xi yu lai	1
冬夜读书示子聿	dong ye du shu shi zi yu	3
冬尽今宵促	dong jin jin xiao cu	2
冬至阳生春又来	dong zhi yang sheng chun you lai	5
冬雷震震夏雨雪	dong lei zhen zhen xia yu xue	1
冰簟银床梦不成	bing dian yin chuang meng bu cheng	2
冰肌玉骨清无汗	bing ji yu gu qing wu han	3
冰雪莺难至	bing xue ying nan zhi	2
冰霜正惨凄	bing shuang zheng can qi	3
决眦入归鸟	jue zi ru gui niao	1
决胜千里之外	jue sheng qian li zhi wai	4
况乃未休兵	kuang nai wei xiu bing	2
况乘大夫轩	kuang cheng da fu xuan	2
况于将相乎	kuang yu jiang xiang hu	2
况修短随化	kuang xiu duan sui hua	2
况屈指中秋	kuang qu zhi zhong qiu	2
况属高风晚	kuang shu gao feng wan	3
况是清秋仙府间	kuang shi qing qiu xian fu jian	2
况是青春日将暮	kuang shi qing chun ri jiang mu	3
况此残灯夜	kuang ci can deng ye	1
况肯到红尘深处	kuang ken dao hong chen shen chu	2
况闻处处鬻男女	kuang wen chu chu yu nan nv	3
冷暖不相知	leng nuan bu xiang zhi	5
冷泉亭上旧曾游	leng quan ting shang jiu ceng you	2
冷浸一天秋碧	leng jin yi tian qiu bi	3
冷灰残烛动离情	leng hui can zhu dong li qing	2
冷眼向洋看世界	leng yan xiang yang kan shi jie	5
冷砚欲书先自冻	leng yan yu shu xian zi dong	2
冷碧新秋水	leng bi xin qiu shui	2
冷落清秋节	leng luo qing qiu jie	5
冷雨幽窗不可听	leng yu you chuang bu ke ting	2
冷香飞上诗句	leng xiang fei shang shi ju	2
冻吟成此章	dong yin cheng ci zhang	2
冻死苍蝇未足奇	dong si cang ying wei zu qi	1
冻雷惊笋欲抽芽	dong lei jing sun yu chou ya	2
净洗甲兵长不用	jing xi jia bing chang bu yong	3
凄凄不似向前声	qi qi bu si xiang qian sheng	2
凄凄复凄凄	qi qi fu qi qi	3
凄凄寒露零	qi qi han lu ling	4
凄凉枕席秋	qi liang zhen xi qiu	2
凄怆摧心肝	qi chuang cui xin gan	3
凉州七里十万家	liang zhou qi li shi wan jia	2
凉忆岘山巅	liang yi xian shan dian	2
凉生为室空	liang sheng wei shi kong	3
凉衫薄汗香	liang shan bo han xiang	3
凉风吹叶叶初干	liang feng chui ye ye chu gan	2
凉风绕曲房	liang feng rao qu fang	2
凉风起天末	liang feng qi tian mo	4
凉风起将夕	liang feng qi jiang xi	2
凌万顷之茫然	ling wan qing zhi mang ran	2
凌云健笔意纵横	ling yun jian bi yi zong heng	4
凌厉越万里	ling li yue wan li	2
凌寒独自开	ling han du zi kai	1
凌波不过横塘路	ling bo bu guo heng tang lu	3
凌波仙子生尘袜	ling bo xian zi sheng chen wa	3
凌轹白猿公	ling li bai yuan gong	2
减字木兰花	jian zi mu lan hua	2
减米散同舟	jian mi san tong zhou	3
减粉与园箨	jian fen yu yuan tuo	2
凝光悠悠寒露坠	ning guang you you han lu zhui	2
凝碧池头奏管弦	ning bi chi tou zou guan xian	2
几回读罢几回痴	ji hui du ba ji hui chi	2
几回魂梦与君同	ji hui hun meng yu jun tong	5
几处早莺争暖树	ji chu zao ying zheng nuan shu	9
几家欢乐几家愁	ji jia huan le ji jia chou	4
几年春草歇	ji nian chun cao xie	2
几度夕阳红	ji du xi yang hong	15
几时心绪浑无事	ji shi xin xu hun wu shi	2
几时高议排金门	ji shi gao yi pai jin men	3
几曾识干戈	ji ceng shi gan ge	2
几死者数矣	ji si zhe shu yi	2
几许渔人飞短艇	ji xu yu ren fei duan ting	3
凡事预则立	fan shi yu ze li	3
凡卉与时谢	fan hui yu shi xie	2
凡所宜有之书	fan suo yi you zhi shu	2
凤兮凤兮归故乡	feng xi feng xi gui gu xiang	7
凤凰台上凤凰游	feng huang tai shang feng huang you	1
凤凰台上忆吹箫	feng huang tai shang yi chui xiao	3
凤凰山下雨初晴	feng huang shan xia yu chu qing	2
凤去台空江自流	feng qu tai kong jiang zi liu	1
凤歌笑孔丘	feng ge xiao kong qiu	4
凤笙龙管行相催	feng sheng long guan xing xiang cui	2
凫雁满回塘	fu yan man hui tang	2
凭不厌乎求索	ping bu yan hu qiu suo	2
凭割断愁丝恨缕	ping ge duan chou si hen lv	3
凭君传语报平安	ping jun chuan yu bao ping an	5
凭寄离恨重重	ping ji li hen chong chong	2
凭莺为向杨花道	ping ying wei xiang yang hua dao	2
凭轩涕泗流	ping xuan ti si liu	3
出不入兮往不反	chu bu ru xi wang bu fan	2
出入无完裙	chu ru wu wan qun	3
出入高下穷烟霏	chu ru gao xia qiong yan fei	2
出则无敌国外患者	chu ze wu di guo wai huan zhe	3
出处亦待时	chu chu yi dai shi	2
出山泉水浊	chu shan quan shui zhuo	5
出师未捷身先死	chu shi wei jie shen xian si	15
出没风波里	chu mo feng bo li	5
出海初弄色	chu hai chu nong se	3
出游翰墨场	chu you han mo chang	3
出犯繁花露	chu fan fan hua lu	4
出置前窗下	chu zhi qian chuang xia	2
出自苎萝山	chu zi zhu luo shan	3
出谷日尚早	chu gu ri shang zao	2
出门一笑大江横	chu men yi xiao da jiang heng	3
出门俱是看花人	chu men ju shi kan hua ren	1
出门如见大宾	chu men ru jian da bin	3
出门搔白首	chu men sao bai shou	3
出门无所见	chu men wu suo jian	3
出门鸥鸟更相亲	chu men ou niao geng xiang qin	2
击石乃有火	ji shi nai you huo	3
凿户牖以为室	zao hu you yi wei shi	2
分我一杯羹	fen wo yi bei geng	3
分明怨恨曲中论	fen ming yuan hen qu zhong lun	1
分湖便是子陵滩	fen hu bian shi zi ling tan	2
分田分地真忙	fen tian fen di zhen mang	5
分身千百亿	fen shen qian bai yi	3
切切故乡情	qie qie gu xiang qing	6
切问而近思	qie wen er jin si	1
刍荛者往焉	chu rao zhe wang yan	2
刑不上大夫	xing bu shang da fu	9
刑人如恐不胜	xing ren ru kong bu sheng	2
刑天舞干戚	xing tian wu gan qi	4
列于五藏哉	lie yu wu zang zai	2
刘郎已恨蓬山远	liu lang yi hen peng shan yuan	2
刘驸马水亭避暑	liu fu ma shui ting bi shu	2
则不可胜诛	ze bu ke sheng zhu	2
则与一生彘肩	ze yu yi sheng zhi jian	2
则与斗卮酒	ze yu dou zhi jiu	2
则修文德以来之	ze xiu wen de yi lai zhi	7
则其负大翼也无力	ze qi fu da yi ye wu li	1
则其负大舟也无力	ze qi fu da zhou ye wu li	6
则凡可以得生者	ze fan ke yi de sheng zhe	2
则反一无迹	ze fan yi wu ji	2
则君使人导之出疆	ze jun shi ren dao zhi chu jiang	2
则吾从先进	ze wu cong xian jin	2
则吾能征之矣	ze wu neng zheng zhi yi	2
则哀矜而勿喜	ze ai jin er wu xi	3
则塞于天地之间	ze se yu tian di zhi jian	3
则天下之士	ze tian xia zhi shi	3
则天地曾不能以一瞬	ze tian di ceng bu neng yi yi shun	2
则失者十一	ze shi zhe shi yi	3
则失者锱铢	ze shi zhe zi zhu	2
则孤陋而寡闻	ze gu lou er gua wen	6
则学孔子也	ze xue kong zi ye	2
则尝闻之矣	ze chang wen zhi yi	2
则并与斗斛而窃之	ze bing yu dou hu er qie zhi	3
则并与权衡而窃之	ze bing yu quan heng er qie zhi	3
则并与符玺而窃之	ze bing yu fu xi er qie zhi	3
则庶人不议	ze shu ren bu yi	3
则必有我师	ze bi you wo shi	3
则有去国怀乡	ze you qu guo huai xiang	2
则有心旷神怡	ze you xin kuang shen yi	4
则未尝见舟而便操之也	ze wei chang jian zhou er bian cao zhi ye	2
则民兴于仁	ze min xing yu ren	2
则民莫敢不敬	ze min mo gan bu jing	4
则民莫敢不服	ze min mo gan bu fu	3
则民莫敢不用情	ze min mo gan bu yong qing	4
则深根宁极而待	ze shen gen ning ji er dai	2
则物与我皆无尽也	ze wu yu wo jie wu jin ye	2
则用天下而有余	ze yong tian xia er you yu	2
则百姓亲睦	ze bai xing qin mu	6
则眸子了焉	ze mou zi liao yan	2
则知明而行无过矣	ze zhi ming er xing wu guo yi	4
则群聚而笑之	ze qun ju er xiao zhi	2
则胡可得而累邪	ze hu ke de er lei xie	2
则臣视君如国人	ze chen shi jun ru guo ren	1
则臣视君如寇雠	ze chen shi jun ru kou chou	1
则臣视君如腹心	ze chen shi jun ru fu xin	1
则若歌若哭	ze ruo ge ruo ku	2
则荒烟野草	ze huang yan ye cao	2
则莫我敢承	ze mo wo gan cheng	3
则蘧蘧然周也	ze qu qu ran zhou ye	1
则请太子为王	ze qing tai zi wei wang	2
则负匮揭箧担囊而趋	ze fu kui jie qie dan nang er qu	2
则较死为苦也	ze jiao si wei ku ye	3
则雀无所逃	ze que wu suo tao	2
刚健含婀娜	gang jian han e nuo	3
刚被太阳收拾去	gang bei tai yang shou shi qu	3
刚道有雌雄	gang dao you ci xiong	2
创业艰难百战多	chuang ye jian nan bai zhan duo	1
初似饮醇醪	chu si yin chun lao	2
初出城留别	chu chu cheng liu bie	2
初婚三四个月	chu hun san si ge yue	4
初宵鼓大炉	chu xiao gu da lu	3
初心不可忘	chu xin bu ke wang	2
初日照高林	chu ri zhao gao lin	1
初期会盟津	chu qi hui meng jin	2
初移一寸根	chu yi yi cun gen	2
初闻征雁已无蝉	chu wen zheng yan yi wu chan	1
初闻涕泪满衣裳	chu wen ti lei man yi chang	5
初闻满座惊	chu wen man zuo jing	3
初食笋呈座中	chu shi sun cheng zuo zhong	2
删繁就简三秋树	shan fan jiu jian san qiu shu	6
判司卑官不堪说	pan si bei guan bu kan shuo	2
利剑不在掌	li jian bu zai zhang	2
利是焚身火	li shi fen shen huo	3
利欲驱人万火牛	li yu qu ren wan huo niu	2
利泽施乎万世	li ze shi hu wan shi	2
利牵名惹逡巡过	li qian ming re qun xun guo	2
别后不知君远近	bie hou bu zhi jun yuan jin	2
别后悠悠君莫问	bie hou you you jun mo wen	1
别后相思最多处	bie hou xiang si zui duo chu	2
别思天边梦落花	bie si tian bian meng luo hua	2
别意与之谁短长	bie yi yu zhi shei duan chang	4
别户穿虚明	bie hu chuan xu ming	2
别时容易见时难	bie shi rong yi jian shi nan	5
别时留解赠佳人	bie shi liu jie zeng jia ren	2
别时茫茫江浸月	bie shi mang mang jiang jin yue	1
别是一番滋味在心头	bie shi yi fan zi wei zai xin tou	4
别是一般滋味在心头	bie shi yi ban zi wei zai xin tou	4
别有人间行路难	bie you ren jian xing lu nan	2
别有天地非人间	bie you tian di fei ren jian	1
别有幽愁暗恨生	bie you you chou an hen sheng	1
别期渐近不堪闻	bie qi jian jin bu kan wen	2
别来将为不牵情	bie lai jiang wei bu qian qing	2
别来沧海事	bie lai cang hai shi	3
别梦依稀咒逝川	bie meng yi xi zhou shi chuan	4
别裁伪体亲风雅	bie cai wei ti qin feng ya	2
到中流击水	dao zhong liu ji shui	8
到乡翻似烂柯人	dao xiang fan si lan ke ren	2
到处潜悲辛	dao chu qian bei xin	3
到处莺歌燕舞	dao chu ying ge yan wu	1
到此令人诗思迷	dao ci ling ren shi si mi	2
到清明时候	dao qing ming shi hou	3
制芰荷以为衣兮	zhi ji he yi wei yi xi	4
刺史临流褰翠帏	ci shi lin liu qian cui wei	2
刺史二千石	ci shi er qian dan	3
刺梧犹绿槿花然	ci wu you lv jin hua ran	2
刺破青天锷未残	ci po qing tian e wei can	4
刻唐贤今人诗赋于其上	ke tang xian jin ren shi fu yu qi shang	3
刻木为头丝作尾	ke mu wei tou si zuo wei	2
刻木当严亲	ke mu dang yan qin	2
前丁后蔡相笼加	qian ding hou cai xiang long jia	2
前不见古人	qian bu jian gu ren	5
前世德云今我是	qian shi de yun jin wo shi	3
前事之不忘	qian shi zhi bu wang	3
前人之述备矣	qian ren zhi shu bei yi	4
前军夜战洮河北	qian jun ye zhan tao he bei	2
前后红幢绿盖随	qian hou hong chuang lv gai sui	2
前头捉了张辉瓒	qian tou zhuo liao zhang hui zan	5
前度刘郎今又来	qian du liu lang jin you lai	2
前心安可忘	qian xin an ke wang	2
前既犯患若是矣	qian ji fan huan ruo shi yi	2
前日登七盘	qian ri deng qi pan	2
前时明月中	qian shi ming yue zhong	2
前月浮梁买茶去	qian yue fu liang mai cha qu	4
前有橛饰之患	qian you jue shi zhi huan	2
前登灵境青霄绝	qian deng ling jing qing xiao jue	2
前船抢水已得标	qian chuan qiang shui yi de biao	3
前言戏之耳	qian yan xi zhi er	3
剑南山水尽清晖	jian nan shan shui jin qing hui	2
剑外忽传收蓟北	jian wai hu chuan shou ji bei	5
剑气箫心一例消	jian qi xiao xin yi li xiao	2
剑门天下壮	jian men tian xia zhuang	2
剑阁峥嵘而崔嵬	jian ge zheng rong er cui wei	4
剔开红焰救飞蛾	ti kai hong yan jiu fei e	2
剡中若问连州事	shan zhong ruo wen lian zhou shi	2
剡溪蕴秀异	shan xi yun xiu yi	3
剧于十五女	ju yu shi wu nv	2
剧韵新篇至	ju yun xin pian zhi	3
剩有游人处	sheng you you ren chu	3
剩有离人影	sheng you li ren ying	3
剪成碧玉叶层层	jian cheng bi yu ye ceng ceng	2
剪纸招我魂	jian zhi zhao wo hun	4
割地张仪诈	ge di zhang yi zha	2
割慈忍爱还租庸	ge ci ren ai huan zu yong	3
力去陈言夸末俗	li qu chen yan kua mo su	2
力尽不知热	li jin bu zhi re	1
力拔山兮气盖世	li ba shan xi qi gai shi	9
劝君少干名	quan jun shao gan ming	3
劝君少求利	quan jun shao qiu li	3
劝君惜取少年时	quan jun xi qu shao nian shi	6
劝君更尽一杯酒	quan jun geng jin yi bei jiu	29
劝君终日酩酊醉	quan jun zhong ri ming ding zui	3
劝君莫惜金缕衣	quan jun mo xi jin lv yi	3
劝我试求三亩宅	quan wo shi qiu san mu zhai	2
功名万里外	gong ming wan li wai	2
功名只向马上取	gong ming zhi xiang ma shang qu	3
功名盖世知谁是	gong ming gai shi zhi shui shi	3
功成拂衣去	gong cheng fu yi qu	3
功成理定何神速	gong cheng li ding he shen su	3
功成而不居	gong cheng er bu ju	2
功成身不退	gong cheng shen bu tui	3
功盖三分国	gong gai san fen guo	4
动人春色不须多	dong ren chun se bu xu duo	4
动如参与商	dong ru can yu shang	5
动摇风满怀	dong yao feng man huai	2
动而以天行	dong er yi tian xing	2
助天下人爱其所爱	zhu tian xia ren ai qi suo ai	5
努力事戎行	nu li shi rong xing	2
努力尽今夕	nu li jin jin xi	4
劳劳送客亭	lao lao song ke ting	3
劳心者治人	lao xin zhe zhi ren	2
劳我以少壮	lao wo yi shao zhuang	4
劳生徒聚万金产	lao sheng tu ju wan jin chan	2
劳者尸如丘	lao zhe shi ru qiu	2
劳苦而功高如此	lao ku er gong gao ru ci	2
势利使人争	shi li shi ren zheng	2
势拔五岳掩赤城	shi ba wu yue yan chi cheng	1
势高常惧风	shi gao chang ju feng	2
勇剽若豹螭	yong piao ruo bao chi	2
勇士不忘丧其元	yong shi bu wang sang qi yuan	2
勇者竭其力	yong zhe jie qi li	4
勉远逝而无狐疑兮	mian yuan shi er wu hu yi xi	2
勋业安能保不磨	xun ye an neng bao bu mo	2
勿临渴而掘井	wu lin ke er jue jing	4
勿为新婚念	wu wei xin hun nian	2
勿为醒者传	wu wei xing zhe chuan	1
勿违今日言	wu wei jin ri yan	1
匀泪偎人颤	yun lei wei ren chan	2
包羞忍耻是男儿	bao xiu ren chi shi nan er	3
匆匆春又归去	cong cong chun you gui qu	2
化为乌有一先生	hua wei wu you yi xian sheng	2
化为狼与豺	hua wei lang yu chai	1
化为眼中砂	hua wei yan zhong sha	2
化为绕指柔	hua wei rao zhi rou	2
化人似驯鸥	hua ren si xun ou	3
化作啼鹃带血归	hua zuo ti juan dai xue gui	2
化作春泥更护花	hua zuo chun ni geng hu hua	41
化作相思泪	hua zuo xiang si lei	14
化则无常也	hua ze wu chang ye	2
北上太行山	bei shang tai hang shan	5
北京中华书局	bei jing zhong hua shu ju	10
北山始与南屏通	bei shan shi yu nan ping tong	3
北山尽仇怨	bei shan jin chou yuan	2
北山白云里	bei shan bai yun li	3
北山草木何由见	bei shan cao mu he you jian	2
北斗七星高	bei dou qi xing gao	2
北斗兼春远	bei dou jian chun yuan	3
北斗阑干南斗斜	bei dou lan gan nan dou xie	2
北方有佳人	bei fang you jia ren	12
北望五陵间	bei wang wu ling jian	2
北极朝廷终不改	bei ji chao ting zhong bu gai	2
北楼西望满晴空	bei lou xi wang man qing kong	2
北行见杏花	bei xing jian xing hua	2
北邙山头少闲土	bei mang shan tou shao xian tu	3
北阙休上书	bei que xiu shang shu	3
北风何惨栗	bei feng he can li	2
北风卷地白草折	bei feng juan di bai cao zhe	4
北风吹树急	bei feng chui shu ji	2
北风吹裙带	bei feng chui qun dai	2
北风吹雁雪纷纷	bei feng chui yan xue fen fen	3
匠石运斤成风	jiang shi yun jin cheng feng	2
匡人其如予何	kuang ren qi ru yu he	2
匡山读书处	kuang shan du shu chu	2
匡床闲卧落花朝	kuang chuang xian wo luo hua zhao	2
匡庐一带不停留	kuang lu yi dai bu ting liu	2
匦函朝出开明光	gui han chao chu kai ming guang	2
匹夫不可夺志也	pi fu bu ke duo zhi ye	1
匹马戍梁州	pi ma shu liang zhou	3
十七为君妇	shi qi wei jun fu	3
十万工农下吉安	shi wan gong nong xia ji an	5
十三能织素	shi san neng zhi su	4
十二月舆梁成	shi er yue yu liang cheng	3
十二楼中月自明	shi er lou zhong yue zi ming	2
十二街如种菜畦	shi er jie ru zhong cai qi	3
十五从军征	shi wu cong jun zheng	4
十五始展眉	shi wu shi zhan mei	3
十五弹箜篌	shi wu tan kong hou	3
十六君远行	shi liu jun yuan xing	3
十六字令三首	shi liu zi ling san shou	1
十六诵诗书	shi liu song shi shu	3
十口隔风雪	shi kou ge feng xue	2
十听春啼变莺舌	shi ting chun ti bian ying she	2
十四万人齐解甲	shi si wan ren qi jie jia	3
十四为君妇	shi si wei jun fu	3
十四学裁衣	shi si xue cai yi	3
十字津头一字行	shi zi jin tou yi zi xing	3
十室八九贫	shi shi ba jiu pin	2
十岁裁诗走马成	shi sui cai shi zou ma cheng	2
十年一觉扬州梦	shi nian yi jiao yang zhou meng	4
十年天地干戈老	shi nian tian di gan ge lao	2
十年生死两茫茫	shi nian sheng si liang mang mang	8
十年磨一剑	shi nian mo yi jian	26
十年窗下无人问	shi nian chuang xia wu ren wen	3
十年结子知谁在	shi nian jie zi zhi shei zai	2
十年蹴踘将雏远	shi nian cu ju jiang chu yuan	2
十年辛苦不寻常	shi nian xin ku bu xun chang	6
十年骨肉无消息	shi nian gu rou wu xiao xi	3
十户中人赋	shi hu zhong ren fu	4
十指不沾泥	shi zhi bu zhan ni	4
十日画一水	shi ri hua yi shui	3
十日过沙碛	shi ri guo sha qi	2
十月初二日	shi yue chu er ri	10
十步杀一人	shi bu sha yi ren	22
十生九死到官所	shi sheng jiu si dao guan suo	2
十觞亦不醉	shi shang yi bu zui	2
十载客梁园	shi zai ke liang yuan	2
十里一置飞尘灰	shi li yi zhi fei chen hui	2
十里月明灯火稀	shi li yue ming deng huo xi	3
十里沙堤明月中	shi li sha di ming yue zhong	2
千万不复全	qian wan bu fu quan	2
千万人之心也	qian wan ren zhi xin ye	3
千万人家无一茎	qian wan ren jia wu yi jing	2
千万和春住	qian wan he chun zhu	4
千万毛中拣一毫	qian wan mao zhong jian yi hao	3
千万遍阳关	qian wan bian yang guan	1
千丈岩瀑布	qian zhang yan pu bu	2
千刀当剐唐僧肉	qian dao dang gua tang seng rou	2
千匝万周无已时	qian za wan zhou wu yi shi	3
千千万万同	qian qian wan wan tong	2
千千石楠树	qian qian shi nan shu	3
千古兴亡多少事	qian gu xing wang duo shao shi	4
千古风流人物	qian gu feng liu ren wu	4
千叶绿云委	qian ye lv yun wei	3
千唤不一回	qian huan bu yi hui	4
千回结衣襟	qian hui jie yi jin	3
千壶百瓮花门口	qian hu bai weng hua men kou	2
千官列雁行	qian guan lie yan hang	3
千寻铁锁沉江底	qian xun tie suo chen jiang di	2
千山动鳞甲	qian shan dong lin jia	2
千山响杜鹃	qian shan xiang du juan	3
千山浓绿生云外	qian shan nong lv sheng yun wai	2
千山高复低	qian shan gao fu di	3
千山鸟飞绝	qian shan niao fei jue	17
千岩万壑不辞劳	qian yan wan he bu ci lao	4
千峰争攒聚	qian feng zheng cuan ju	2
千峰笋石千株玉	qian feng sun shi qian zhu yu	3
千帆一道带风轻	qian fan yi dao dai feng qing	3
千年一清圣人在	qian nian yi qing sheng ren zai	2
千年未拟还	qian nian wei ni huan	3
千年田换八百主	qian nian tian huan ba bai zhu	2
千年老虎猎不得	qian nian lao hu lie bu de	2
千年长交颈	qian nian chang jiao jing	2
千朵万朵压枝低	qian duo wan duo ya zhi di	3
千村万落生荆杞	qian cun wan luo sheng jing qi	3
千村薜荔人遗矢	qian cun bi li ren yi shi	1
千林扫作一番黄	qian lin sao zuo yi fan huang	3
千枝次第开	qian zhi ci di kai	2
千树万树梨花开	qian shu wan shu li hua kai	44
千株万片绕林垂	qian zhu wan pian rao lin chui	2
千梳冷快肌骨醒	qian shu leng kuai ji gu xing	2
千淘万漉虽辛苦	qian tao wan lu sui xin ku	5
千灯夜作鱼龙变	qian deng ye zuo yu long bian	2
千片赤英霞烂烂	qian pian chi ying xia lan lan	3
千磨万击还坚劲	qian mo wan ji huan jian jing	9
千秋万岁名	qian qiu wan sui ming	5
千秋万岁后	qian qiu wan sui hou	1
千秋尚凛然	qian qiu shang lin ran	7
千秋竟不还	qian qiu jing bu huan	3
千秋节赐群臣镜	qian qiu jie ci qun chen jing	2
千竿竹影乱登墙	qian gan zhu ying luan deng qiang	3
千竿竹翠数莲红	qian gan zhu cui shu lian hong	3
千花百卉争明媚	qian hua bai hui zheng ming mei	2
千载仰雄名	qian zai yang xiong ming	2
千载永不寤	qian zai yong bu wu	2
千载琵琶作胡语	qian zai pi pa zuo hu yu	3
千载相逢犹旦暮	qian zai xiang feng you dan mu	2
千载迹犹存	qian zai ji you cun	2
千里万里春草色	qian li wan li chun cao se	2
千里万里月明	qian li wan li yue ming	4
千里不留行	qian li bu liu xing	17
千里共明月	qian li gong ming yue	2
千里快哉风	qian li kuai zai feng	5
千里念行客	qian li nian xing ke	3
千里无人烟	qian li wu ren yan	3
千里无鸡鸣	qian li wu ji ming	4
千里来寻故地	qian li lai xun gu di	5
千里江陵一日还	qian li jiang ling yi ri huan	5
千里清光又依旧	qian li qing guang you yi jiu	2
千里澄江似练	qian li cheng jiang si lian	1
千里莺啼绿映红	qian li ying ti lv ying hong	2
千里马常有	qian li ma chang you	9
千里黄云白日曛	qian li huang yun bai ri xun	1
千金一笑买倾城	qian jin yi xiao mai qing cheng	2
千金散尽还复来	qian jin san jin huan fu lai	33
千金骏马换小妾	qian jin jun ma huan xiao qie	2
千锤万击出深山	qian chui wan ji chu shen shan	4
千锤万凿出深山	qian chui wan zao chu shen shan	1
千锤雷动苍山根	qian chui lei dong cang shan gen	2
千门万户日童日童日	qian men wan hu ri tong ri tong ri	2
千门万户曈曈日	qian men wan hu tong tong ri	7
千门万户瞳瞳日	qian men wan hu tong tong ri	6
千门万户雪花浮	qian men wan hu xue hua fu	2
千首诗轻万户侯	qian shou shi qing wan hu hou	2
千骑卷平冈	qian qi juan ping gang	2
千骑拥高牙	qian qi yong gao ya	3
卅年仍到赫曦台	sa nian reng dao he xi tai	3
升堂坐阶新雨足	sheng tang zuo jie xin yu zu	2
升天入地求之遍	sheng tian ru di qiu zhi bian	3
升沉不改故人情	sheng chen bu gai gu ren qing	2
午夜惊鸣鸡	wu ye jing ming ji	2
午窗睡起莺声巧	wu chuang shui qi ying sheng qiao	2
午阴嘉树清圆	wu yin jia shu qing yuan	3
半世浮萍随逝水	ban shi fu ping sui shi shui	3
半亩方塘一鉴开	ban mu fang tang yi jian kai	2
半入江风半入云	ban ru jiang feng ban ru yun	4
半匹红纱一丈绫	ban pi hong sha yi zhang ling	2
半匹红绡一丈绫	ban pi hong xiao yi zhang ling	3
半卷红旗临易水	ban juan hong qi lin yi shui	3
半壁见海日	ban bi jian hai ri	4
半壕春水一城花	ban hao chun shui yi cheng hua	1
半夜凉初透	ban ye liang chu tou	1
半山春晚即事	ban shan chun wan ji shi	2
半开桃李不胜威	ban kai tao li bu sheng wei	3
半是当年识放翁	ban shi dang nian shi fang weng	2
半江瑟瑟半江红	ban jiang se se ban jiang hong	5
半生身老心闲	ban sheng shen lao xin xian	2
半盏屠苏犹未举	ban zhan tu su you wei ju	2
半缘修道半缘君	ban yuan xiu dao ban yuan jun	33
半落青天外	ban luo qing tian wai	3
半醉半醒中	ban zui ban xing zhong	4
半醒半醉日复日	ban xing ban zui ri fu ri	2
华佗无奈小虫何	hua tuo wu nai xiao chong he	1
华轩蔼蔼他年到	hua xuan ai ai ta nian dao	3
华采衣兮若英	hua cai yi xi ruo ying	2
单于夜遁逃	chan yu ye dun tao	3
卖炭得钱何所营	mai tan de qian he suo ying	3
卖鱼生怕近城门	mai yu sheng pa jin cheng men	2
南北一山门	nan bei yi shan men	2
南北东西路	nan bei dong xi lu	2
南北五千里	nan bei wu qian li	2
南取百越之地	nan qu bai yue zhi di	2
南园十三首	nan yuan shi san shou	3
南园春半踏青时	nan yuan chun ban ta qing shi	3
南国有佳人	nan guo you jia ren	7
南国正芳春	nan guo zheng fang chun	2
南国烽烟正十年	nan guo feng yan zheng shi nian	3
南城夜半千沤发	nan cheng ye ban qian ou fa	2
南宾旧属楚	nan bin jiu shu chu	2
南山与秋色	nan shan yu qiu se	2
南山何其悲	nan shan he qi bei	3
南山归敝庐	nan shan gui bi lu	2
南山田中行	nan shan tian zhong xing	2
南州溽暑醉如酒	nan zhou ru shu zui ru jiu	2
南方有鸟焉	nan fang you niao yan	2
南望王师又一年	nan wang wang shi you yi nian	1
南朝四百八十寺	nan chao si bai ba shi si	2
南朝词臣北朝客	nan chao ci chen bei chao ke	2
南极老人星	nan ji lao ren xing	1
南枝向暖北枝寒	nan zhi xiang nuan bei zhi han	3
南楼纵目初	nan lou zong mu chu	3
南浦凄凄别	nan pu qi qi bie	2
南湖秋水夜无烟	nan hu qiu shui ye wu yan	3
南登杜陵上	nan deng du ling shang	2
南窗北牖挂明光	nan chuang bei you gua ming guang	2
南荣戒其多	nan rong jie qi duo	2
南行拂楚王	nan xing fu chu wang	2
南都信佳丽	nan du xin jia li	2
南阳刘子骥	nan yang liu zi ji	2
南阳诸葛庐	nan yang zhu ge lu	4
南陵别儿童入京	nan ling bie er tong ru jing	1
南风不用蒲葵扇	nan feng bu yong pu kui shan	2
南飞觉有安巢鸟	nan fei jue you an chao niao	2
博学而无所成名	bo xue er wu suo cheng ming	2
博学而笃志	bo xue er du zhi	3
博山炉中沉香火	bo shan lu zhong chen xiang huo	2
博弈好饮酒	bo yi hao yin jiu	2
博观而约取	bo guan er yue qu	1
卞庄子之勇	bian zhuang zi zhi yong	1
占尽风情向小园	zhan jin feng qing xiang xiao yuan	2
卢橘杨梅尚带酸	lu ju yang mei shang dai suan	2
卢橘杨梅次第新	lu ju yang mei ci di xin	5
卧乘篮舆睡中归	wo cheng lan yu shui zhong gui	2
卧房阶下插鱼竿	wo fang jie xia cha yu gan	2
卧看古佛凌云阁	wo kan gu fo ling yun ge	3
卧看满天云不动	wo kan man tian yun bu dong	2
卧看牵牛织女星	wo kan qian niu zhi nv xing	2
卧闻海棠花	wo wen hai tang hua	1
卧龙跃马终黄土	wo long yue ma zhong huang tu	2
卫君待子而为政	wei jun dai zi er wei zheng	2
卫灵公第十五	wei ling gong di shi wu	1
卫青不败由天幸	wei qing bu bai you tian xing	3
卮酒安足辞	zhi jiu an zu ci	1
卯时十分空腹杯	mao shi shi fen kong fu bei	2
危樯独夜舟	wei qiang du ye zhou	3
即事多所欣	ji shi duo suo xin	2
即今河畔冰开日	ji jin he pan bing kai ri	2
即今耆旧无新语	ji jin qi jiu wu xin yu	2
即从巴峡穿巫峡	ji cong ba xia chuan wu xia	5
即公孙可知矣	ji gong sun ke zhi yi	2
即是村中歌舞时	ji shi cun zhong ge wu shi	2
即此爱汝一念	ji ci ai ru yi nian	5
即防远客虽多事	ji fang yuan ke sui duo shi	2
却为无才得少安	que wei wu cai de shao an	2
却为知音不得听	que wei zhi yin bu de ting	2
却入空巢里	que ru kong chao li	2
却又终身相依	que you zhong shen xiang yi	3
却因歌舞破除休	que yin ge wu po chu xiu	3
却坐促弦弦转急	que zuo cu xian xian zhuan ji	2
却嫌脂粉污颜色	que xian zhi fen wu yan se	2
却将万字平戎策	que jiang wan zi ping rong ce	2
却忆安石风流	que yi an shi feng liu	2
却愿天日恒炎曦	que yuan tian ri heng yan xi	2
却把青梅嗅	que ba qing mei xiu	2
却放黄鹤江南归	que fang huang he jiang nan gui	2
却教明月送将来	que jiao ming yue song jiang lai	2
却是旧时相识	que shi jiu shi xiang shi	1
却是炎洲雨露偏	que shi yan zhou yu lu pian	2
却望城楼泪满衫	que wang cheng lou lei man shan	2
却疑春色在邻家	que yi chun se zai lin jia	2
却看妻子愁何在	que kan qi zi chou he zai	4
却羡井中蛙	que xian jing zhong wa	2
却话巴山夜雨时	que hua ba shan ye yu shi	10
却道天凉好个秋	que dao tian liang hao ge qiu	20
却道故人心易变	que dao gu ren xin yi bian	29
却道海棠依旧	que dao hai tang yi jiu	4
却顾所来径	que gu suo lai jing	1
卷上珠帘总不如	juan shang zhu lian zong bu ru	4
卷土重来未可知	juan tu chong lai wei ke zhi	4
卷地风来忽吹散	juan di feng lai hu chui san	1
卷帘花万重	juan lian hua wan chong	2
卷帷望月空长叹	juan wei wang yue kong chang tan	2
卷我屋上三重茅	juan wo wu shang san chong mao	4
卷絮风头寒欲尽	juan xu feng tou han yu jin	2
卷起千堆雪	juan qi qian dui xue	4
卷起沙堆似雪堆	juan qi sha dui si xue dui	3
卷送八尺含风漪	juan song ba chi han feng yi	2
历历开元事	li li kai yuan shi	3
历尽天华成此景	li jin tian hua cheng ci jing	7
历览前贤国与家	li lan qian xian guo yu jia	8
厉而不爽些	li er bu shuang xie	2
压褊佳人缠臂金	ya bian jia ren chan bi jin	2
厌见桃株笑	yan jian tao zhu xiao	2
厚积而薄发	hou ji er bo fa	6
原同一种性	yuan tong yi zhong xing	2
原是濂溪一脉	yuan shi lian xi yi mai	6
厥状怪且丑	jue zhuang guai qie chou	2
厥田惟上上	jue tian wei shang shang	3
厨烟觉远庖	chu yan jue yuan pao	2
去也终须去	qu ye zhong xu qu	3
去以六月息者也	qu yi liu yue xi zhe ye	2
去似朝云无觅处	qu si zhao yun wu mi chu	2
去关市之征	qu guan shi zhi zheng	3
去去如何道	qu qu ru he dao	2
去去思君深	qu qu si jun shen	2
去去醉吟高卧	qu qu zui yin gao wo	4
去年东坡拾瓦砾	qu nian dong po shi wa li	3
去年举君苜蓿盘	qu nian ju jun mu xu pan	2
去年今日此门中	qu nian jin ri ci men zhong	11
去年今日遁崖山	qu nian jin ri dun ya shan	2
去年元夜时	qu nian yuan ye shi	4
去年四月初	qu nian si yue chu	1
去年天气旧亭台	qu nian tian qi jiu ting tai	3
去年燕子来	qu nian yan zi lai	2
去年秋晚此园中	qu nian qiu wan ci yuan zhong	2
去年花里逢君别	qu nian hua li feng jun bie	1
去年重阳不可说	qu nian chong yang bu ke shuo	2
去时雪满天山路	qu shi xue man tian shan lu	3
去来江口守空船	qu lai jiang kou shou kong chuan	2
去欲凌鸿鹄	qu yu ling hong hu	2
去留肝胆两昆仑	qu liu gan dan liang kun lun	9
去者日以疏	qu zhe ri yi shu	2
去若朝露晞	qu ruo zhao lu xi	2
去马来牛不复辨	qu ma lai niu bu fu bian	2
县小更无丁	xian xiao geng wu ding	2
县门白日无尘土	xian men bai ri wu chen tu	2
参差十万人家	cen ci shi wan ren jia	5
又不能启口	you bu neng qi kou	3
又不道流年	you bu dao liu nian	2
又从为之辞	you cong wei zhi ci	3
又何怀乎故都	you he huai hu gu du	2
又作三吴浪漫游	you zuo san wu lang man you	2
又像英勇的火炬	you xiang ying yong de huo ju	1
又失其故行矣	you shi qi gu xing yi	2
又如蛰者苏	you ru zhe zhe su	2
又尚论古之人	you shang lun gu zhi ren	2
又得浮生一日凉	you de fu sheng yi ri liang	3
又恐汝不察吾衷	you kong ru bu cha wu zhong	4
又恐琼楼玉宇	you kong qiong lou yu yu	11
又恰像台风扫寰宇	you qia xiang tai feng sao huan yu	3
又摘桃花换酒钱	you zhai tao hua huan jiu qian	1
又有清流激湍	you you qing liu ji tuan	3
又未尝不可呢	you wei chang bu ke ne	3
又树蕙之百亩	you shu hui zhi bai mu	4
又疑瑶台镜	you yi yao tai jing	2
又见东风浩荡时	you jian dong feng hao dang shi	3
又踏层峰望眼开	you ta ceng feng wang yan kai	4
又送王孙去	you song wang sun qu	3
又重之以修能	you chong zhi yi xiu neng	4
又闻子规啼夜月	you wen zi gui ti ye yue	1
又闻此语重唧唧	you wen ci yu chong ji ji	1
又食武昌鱼	you shi wu chang yu	7
又鼓盆而歌	you gu pen er ge	2
叉牙出骨须	cha ya chu gu xu	2
及与汝相对	ji yu ru xiang dui	3
及为忠善者	ji wei zhong shan zhe	2
及其使人也	ji qi shi ren ye	2
及其所之既倦	ji qi suo zhi ji juan	2
及叱秦王左右	ji chi qin wang zuo you	2
及壮当封侯	ji zhuang dang feng hou	2
及年岁之未晏兮	ji nian sui zhi wei yan xi	2
及时当勉励	ji shi dang mian li	18
及时相遣归	ji shi xiang qian gui	2
及有谁知更辛苦	ji you shui zhi geng xin ku	2
及第后寄长安故人	ji di hou ji chang an gu ren	2
友人听了之后	you ren ting le zhi hou	2
双双金鹧鸪	shuang shuang jin zhe gu	3
双桥落彩虹	shuang qiao luo cai hong	3
双棋未遍局	shuang qi wei bian ju	2
双泪落君前	shuang lei luo jun qian	3
双烟一气凌紫霞	shuang yan yi qi ling zi xia	2
双照泪痕干	shuang zhao lei hen gan	2
双燕复双燕	shuang yan fu shuang yan	2
双燕飞来垂柳院	shuang yan fei lai chui liu yuan	2
双眸剪秋水	shuang mou jian qiu shui	2
双行桃树下	shuang xing tao shu xia	2
双袖龙钟泪不干	shuang xiu long zhong lei bu gan	4
双飞令人羡	shuang fei ling ren xian	2
双飞西园草	shuang fei xi yuan cao	1
双鬓隔香红	shuang bin ge xiang hong	2
双鬟不整云憔悴	shuang huan bu zheng yun qiao cui	3
反乎尔者也	fan hu er zhe ye	2
反是生女好	fan shi sheng nv hao	3
反求诸己而已矣	fan qiu zhu ji er yi yi	3
反第一次大围剿	fan di yi ci da wei jiao	3
反第二次大围剿	fan di er ci da wei jiao	2
反绾头髻盘旋风	fan wan tou ji pan xuan feng	2
反者道之动	fan zhe dao zhi dong	5
发尽上指冠	fa jin shang zhi guan	2
发我枝上花	fa wo zhi shang hua	6
发短耳何长	fa duan er he chang	2
取之于蓝而青于蓝	qu zhi yu lan er qing yu lan	3
取得两片石	qu de liang pian shi	4
取次花丛懒回顾	qu ci hua cong lan hui gu	28
取诸人以为善	qu zhu ren yi wei shan	3
取足蔽床席	qu zu bi chuang xi	2
受任于败军之际	shou ren yu bai jun zhi ji	4
受物之汶汶者乎	shou wu zhi wen wen zhe hu	4
变化有鲲鹏	bian hua you kun peng	2
叙德皆仲尼	xu de jie zhong ni	3
口喷红光汗沟朱	kou pen hong guang han gou zhu	2
口脂面药随恩泽	kou zhi mian yao sui en ze	2
古之善为道者	gu zhi shan wei dao zhe	3
古之存身者	gu zhi cun shen zhe	2
古之学者为己	gu zhi xue zhe wei ji	6
古之学者必有师	gu zhi xue zhe bi you shi	1
古之愚也直	gu zhi yu ye zhi	2
古之所谓隐士者	gu zhi suo wei yin shi zhe	2
古之狂也肆	gu zhi kuang ye si	2
古之矜也廉	gu zhi jin ye lian	2
古之贤人也	gu zhi xian ren ye	2
古人今人若流水	gu ren jin ren ruo liu shui	2
古人学问无遗力	gu ren xue wen wu yi li	3
古人无复洛城东	gu ren wu fu luo cheng dong	2
古今多少事	gu jin duo shao shi	12
古今来许多世家	gu jin lai xu duo shi jia	4
古刹疏钟度	gu cha shu zhong du	2
古县棠梨也作花	gu xian tang li ye zuo hua	2
古墓累累春草绿	gu mu lei lei chun cao lv	2
古往今来只如此	gu wang jin lai zhi ru ci	2
古往今来底事无	gu wang jin lai di shi wu	2
古戍依重险	gu shu yi zhong xian	2
古木无人径	gu mu wu ren jing	3
古来万事东流水	gu lai wan shi dong liu shui	3
古来仙释并	gu lai xian shi bing	2
古来圣贤皆寂寞	gu lai sheng xian jie ji mo	20
古来存老马	gu lai cun lao ma	3
古来征战几人回	gu lai zheng zhan ji ren hui	1
古来得意不相负	gu lai de yi bu xiang fu	2
古来白骨无人收	gu lai bai gu wu ren shou	4
古称国之宝	gu cheng guo zhi bao	2
古竹老梢惹碧云	gu zhu lao shao re bi yun	2
古者富贵而名摩灭	gu zhe fu gui er ming mo mie	3
古者民有三疾	gu zhe min you san ji	2
古者言之不出	gu zhe yan zhi bu chu	3
古调虽自爱	gu diao sui zi ai	4
古道西风瘦马	gu dao xi feng shou ma	4
句读之不知	ju dou zhi bu zhi	2
叩齿三十六	kou chi san shi liu	3
只为一毫差	zhi wei yi hao cha	2
只令故旧伤	zhi ling gu jiu shang	2
只几个石头磨过	zhi ji ge shi tou mo guo	3
只可自怡悦	zhi ke zi yi yue	4
只吹的水尽鹅飞罢	zhi chui de shui jin e fei ba	3
只因未到伤心处	zhi yin wei dao shang xin chu	6
只在此山中	zhi zai ci shan zhong	1
只在芦花浅水边	zhi zai lu hua qian shui bian	1
只将菱角与鸡头	zhi jiang ling jiao yu ji tou	2
只应如过客	zhi ying ru guo ke	2
只影为谁去	zhi ying wei shei qu	2
只恐先春鶗鴂鸣	zhi kong xian chun ti jue ming	3
只恐双溪舴艋舟	zhi kong shuang xi ze meng zhou	2
只恐夜深花睡去	zhi kong ye shen hua shui qu	1
只恐流年暗中换	zhi kong liu nian an zhong huan	2
只愿君心似我心	zhi yuan jun xin si wo xin	21
只愿无事常相见	zhi yuan wu shi chang xiang jian	2
只把春来报	zhi ba chun lai bao	14
只是催人老	zhi shi cui ren lao	2
只是别形躯	zhi shi bie xing qu	2
只是当时已惘然	zhi shi dang shi yi wang ran	22
只是朱颜改	zhi shi zhu yan gai	4
只有兴亡满目	zhi you xing wang man mu	2
只有天在上	zhi you tian zai shang	3
只有敬亭山	zhi you jing ting shan	2
只有相思无尽处	zhi you xiang si wu jin chu	1
只有相随无别离	zhi you xiang sui wu bie li	1
只有芙蓉独自芳	zhi you fu rong du zi fang	3
只有香如故	zhi you xiang ru gu	9
只灵飙一转	zhi ling biao yi zhuan	3
只疑松动要来扶	zhi yi song dong yao lai fu	2
只疑烧却翠云鬟	zhi yi shao que cui yun huan	2
只缘一曲后庭花	zhi yuan yi qu hou ting hua	3
只缘妖雾又重来	zhi yuan yao wu you chong lai	5
只缘恐惧转须亲	zhi yuan kong ju zhuan xu qin	2
只缘生在此山中	zhi yuan sheng zai ci shan zhong	4
只缘身在最高层	zhi yuan shen zai zui gao ceng	7
只缘身在此山中	zhi yuan shen zai ci shan zhong	37
只要功夫深	zhi yao gong fu shen	42
只要肯登攀	zhi yao ken deng pan	3
只识弯弓射大雕	zhi shi wan gong she da diao	5
只鸡斗酒定膰吾	zhi ji dou jiu ding fan wu	2
叫嚣乎东西	jiao xiao hu dong xi	5
召公谏厉王弭谤	shao gong jian li wang mi bang	3
可上九天揽月	ke shang jiu tian lan yue	1
可下五洋捉鳖	ke xia wu yang zhuo bie	1
可与事君也与哉	ke yu shi jun ye yu zai	2
可以为天地母	ke yi wei tian di mu	3
可以为师矣	ke yi wei shi yi	5
可以卒千年	ke yi zu qian nian	2
可以寄百里之命	ke yi ji bai li zhi ming	4
可以已大风	ke yi yi da feng	2
可以弹素琴	ke yi tan su qin	3
可以意致者	ke yi yi zhi zhe	2
可以托六尺之孤	ke yi tuo liu chi zhi gu	4
可以无大过矣	ke yi wu da guo yi	1
可以无悔矣	ke yi wu hui yi	1
可以无饥矣	ke yi wu ji yi	1
可以横绝峨眉巅	ke yi heng jue e mei dian	1
可以正衣冠	ke yi zheng yi guan	1
可以濯吾缨	ke yi zhuo wu ying	2
可以濯吾足	ke yi zhuo wu zu	2
可以濯我缨	ke yi zhuo wo ying	5
可以濯我足	ke yi zhuo wo zu	5
可以知得失	ke yi zhi de shi	7
可以荐嘉客	ke yi jian jia ke	2
可以见兴替	ke yi jian xing ti	3
可以观于天矣	ke yi guan yu tian yi	2
可以言论者	ke yi yan lun zhe	2
可以语上也	ke yi yu shang ye	1
可以调素琴	ke yi tiao su qin	3
可以赋新诗	ke yi fu xin shi	3
可使治其赋也	ke shi zhi qi fu ye	2
可使食无肉	ke shi shi wu rou	4
可得而闻也	ke de er wen ye	2
可怜九月初三夜	ke lian jiu yue chu san ye	3
可怜亦进姚黄花	ke lian yi jin yao huang hua	2
可怜今夕月	ke lian jin xi yue	3
可怜后主还祠庙	ke lian hou zhu huan ci miao	3
可怜夜半虚前席	ke lian ye ban xu qian xi	6
可怜无定河边骨	ke lian wu ding he bian gu	3
可怜无数山	ke lian wu shu shan	4
可怜无补费精神	ke lian wu bu fei jing shen	3
可怜白发生	ke lian bai fa sheng	1
可怜身上衣正单	ke lian shen shang yi zheng dan	4
可怜青冢已芜没	ke lian qing zhong yi wu mo	2
可怜飞燕倚新妆	ke lian fei yan yi xin zhuang	1
可惜一溪风月	ke xi yi xi feng yue	1
可惜风流总闲却	ke xi feng liu zong xian que	2
可爱深红爱浅红	ke ai shen hong ai qian hong	4
可爱者甚蕃	ke ai zhe shen fan	3
可笑不自量	ke xiao bu zi liang	2
可谓仁之方也已	ke wei ren zhi fang ye yi	3
可谓兼之矣	ke wei jian zhi yi	2
可谓好学也已	ke wei hao xue ye yi	3
可远观而不可亵玩焉	ke yuan guan er bu ke xie wan yan	6
台城六代竞豪华	tai cheng liu dai jing hao hua	3
台城曲二首	tai cheng qu er shou	2
台州地阔海冥冥	tai zhou di kuo hai ming ming	3
右军本清真	you jun ben qing zhen	2
右发摧月支	you fa cui yue zhi	2
右手秉遗穗	you shou bing yi sui	2
右臂偏枯半耳聋	you bi pian ku ban er long	2
叶下洞庭初	ye xia dong ting chu	3
叶下衰桐落寒井	ye xia shuai tong luo han jing	2
叶公语孔子曰	ye gong yu kong zi yue	4
叶公问孔子于子路	ye gong wen kong zi yu zi lu	3
叶动承馀洒	ye dong cheng yu sa	2
叶叶梧桐坠	ye ye wu tong zhui	3
叶叶相交通	ye ye xiang jiao tong	2
叶叶自相当	ye ye zi xiang dang	3
叶底黄鹂一两声	ye di huang li yi liang sheng	3
号东坡居士	hao dong po ju shi	1
司空见惯浑闲事	si kong jian guan hun xian shi	3
司马昭之心	si ma zhao zhi xin	21
司马牛忧曰	si ma niu you yue	2
司马牛问仁	si ma niu wen ren	3
叹息未应闲	tan xi wei ying xian	1
叹息此人去	tan xi ci ren qu	2
叹息肠内热	tan xi chang nei re	4
叹春来只有	tan chun lai zhi you	2
叹流年又成虚度	tan liu nian you cheng xu du	2
各使苍生有环堵	ge shi cang sheng you huan du	3
各勉日新志	ge mian ri xin zhi	3
各在天一涯	ge zai tian yi ya	1
各复归其根	ge fu gui qi gen	3
各领风骚数百年	ge ling feng sao shu bai nian	7
合为一诏渐强大	he wei yi zhao jian qiang da	2
合于桑林之舞	he yu sang lin zhi wu	2
合异以为同	he yi yi wei tong	2
合昏尚知时	he hun shang zhi shi	1
合百草兮实庭	he bai cao xi shi ting	2
合肥巷陌皆种柳	he fei xiang mo jie zhong liu	3
吉日兮辰良	ji ri xi chen liang	2
吊古战场文	diao gu zhan chang wen	3
吊罗荣桓同志	diao luo rong huan tong zhi	4
同与禽兽居	tong yu qin shou ju	4
同作逐臣君更远	tong zuo zhu chen jun geng yuan	2
同则无好也	tong ze wu hao ye	2
同向春风各自愁	tong xiang chun feng ge zi chou	3
同嗟除夜在江南	tong jie chu ye zai jiang nan	2
同学少年多不贱	tong xue shao nian duo bu jian	4
同居长干里	tong ju chang gan li	5
同心一人去	tong xin yi ren qu	2
同心而离居	tong xin er li ju	3
同时辈流多上道	tong shi bei liu duo shang dao	2
同是宦游人	tong shi huan you ren	4
同是被逼迫	tong shi bei bi po	2
同是长干人	tong shi chang gan ren	3
同行皆狼狈	tong xing jie lang bei	3
同辇随君侍君侧	tong nian sui jun shi jun ce	2
名不可以虚作	ming bu ke yi xu zuo	4
名不正则言不顺	ming bu zheng ze yan bu shun	1
名与日月悬	ming yu ri yue xuan	2
名与身孰亲	ming yu shen shu qin	1
名世于今五百年	ming shi yu jin wu bai nian	2
名为锢身锁	ming wei gu shen suo	2
名余曰正则兮	ming yu yue zheng ze xi	4
名利不将心挂	ming li bu jiang xin gua	2
名利是身仇	ming li shi shen chou	3
名成八阵图	ming cheng ba zhen tu	4
名殊体不殊	ming shu ti bu shu	2
名编壮士籍	ming bian zhuang shi ji	6
名花倾国两相欢	ming hua qing guo liang xiang huan	2
名酒来清江	ming jiu lai qing jiang	2
后不见来者	hou bu jian lai zhe	6
后世之乱自此始矣	hou shi zhi luan zi ci shi yi	2
后事之师也	hou shi zhi shi ye	3
后二十五年	hou er shi wu nian	3
后人哀之而不鉴之	hou ren ai zhi er bu jian zhi	5
后宫佳丽三千人	hou gong jia li san qian ren	18
后来有千日	hou lai you qian ri	2
后死者不得与于斯文也	hou si zhe bu de yu yu si wen ye	2
后稷教民稼穑	hou ji jiao min jia se	1
后进于礼乐	hou jin yu li yue	2
后遂无问津者	hou sui wu wen jin zhe	4
吏民惊怪坐何事	li min jing guai zuo he shi	2
吏禄三百石	li lu san bai dan	4
向使当初身便死	xiang shi dang chu shen bian si	4
向前敲瘦骨	xiang qian qiao shou gu	3
向晚意不适	xiang wan yi bu shi	3
向晚霾残日	xiang wan mai can ri	3
向暮春风杨柳丝	xiang mu chun feng yang liu si	2
向来吟橘颂	xiang lai yin ju song	3
向阳花木早逢春	xiang yang hua mu zao feng chun	4
向阳花木易为春	xiang yang hua mu yi wei chun	2
向阳花木易逢春	xiang yang hua mu yi feng chun	3
向青草更青处漫溯	xiang qing cao geng qing chu man su	4
君不行兮夷犹	jun bu xing xi yi you	1
君不见晋朝羊公一片石	jun bu jian jin chao yang gong yi pian shi	2
君不见管鲍贫时交	jun bu jian guan bao pin shi jiao	2
君不见走马川行雪海边	jun bu jian zou ma chuan xing xue hai bian	2
君不见青海头	jun bu jian qing hai tou	3
君不见高堂明镜悲白发	jun bu jian gao tang ming jing bei bai fa	4
君不见黄河之水天上来	jun bu jian huang he zhi shui tian shang lai	6
君与恩铭不老松	jun yu en ming bu lao song	4
君义莫不义	jun yi mo bu yi	3
君之视臣如土芥	jun zhi shi chen ru tu jie	1
君之视臣如手足	jun zhi shi chen ru shou zu	1
君之视臣如犬马	jun zhi shi chen ru quan ma	1
君于赵为贵公子	jun yu zhao wei gui gong zi	2
君仁莫不仁	jun ren mo bu ren	3
君今不幸离人世	jun jin bu xing li ren shi	5
君今在罗网	jun jin zai luo wang	2
君今往死地	jun jin wang si di	2
君住长江头	jun zhu chang jiang tou	16
君住长江尾	jun zhu chang jiang wei	10
君何淹留寄他方	jun he yan liu ji ta fang	2
君使臣以礼	jun shi chen yi li	3
君入楚山里	jun ru chu shan li	2
君其涉于江而浮于海	jun qi she yu jiang er fu yu hai	2
君向潇湘我向秦	jun xiang xiao xiang wo xiang qin	2
君因风送入青云	jun yin feng song ru qing yun	2
君失臣兮龙为鱼	jun shi chen xi long wei yu	2
君子三年不为礼	jun zi san nian bu wei li	4
君子不入也	jun zi bu ru ye	2
君子不可小知	jun zi bu ke xiao zhi	2
君子不忧不惧	jun zi bu you bu ju	2
君子不怨天	jun zi bu yuan tian	1
君子不重则不威	jun zi bu zhong ze bu wei	4
君子义以为上	jun zi yi yi wei shang	6
君子义以为质	jun zi yi yi wei zhi	6
君子之于天下也	jun zi zhi yu tian xia ye	4
君子之仕也	jun zi zhi shi ye	2
君子之学也	jun zi zhi xue ye	3
君子之德风	jun zi zhi de feng	7
君子之德风也	jun zi zhi de feng ye	2
君子之过也	jun zi zhi guo ye	5
君子于其所不知	jun zi yu qi suo bu zhi	1
君子于其言	jun zi yu qi yan	3
君子亦有穷乎	jun zi yi you qiong hu	3
君子以为犹告也	jun zi yi wei you gao ye	3
君子以仁存心	jun zi yi ren cun xin	4
君子以文会友	jun zi yi wen hui you	4
君子何患乎无兄弟也	jun zi he huan hu wu xiong di ye	2
君子信而后劳其民	jun zi xin er hou lao qi min	2
君子创业垂统	jun zi chuang ye chui tong	2
君子博学而日参省乎己	jun zi bo xue er ri can xing hu ji	3
君子可逝也	jun zi ke shi ye	3
君子周急不继富	jun zi zhou ji bu ji fu	2
君子周而不比	jun zi zhou er bu bi	6
君子和而不同	jun zi he er bu tong	7
君子喻于义	jun zi yu yu yi	7
君子多乎哉	jun zi duo hu zai	2
君子学以致其道	jun zi xue yi zhi qi dao	3
君子学道则爱人	jun zi xue dao ze ai ren	3
君子居则贵左	jun zi ju ze gui zuo	3
君子平其政	jun zi ping qi zheng	2
君子忧道不忧贫	jun zi you dao bu you pin	1
君子惠而不费	jun zi hui er bu fei	3
君子意如何	jun zi yi ru he	4
君子成人之美	jun zi cheng ren zhi mei	1
君子敬而无失	jun zi jing er wu shi	5
君子无所争	jun zi wu suo zheng	4
君子无终食之间违仁	jun zi wu zhong shi zhi jian wei ren	3
君子易事而难说也	jun zi yi shi er nan shuo ye	2
君子有三戒	jun zi you san jie	5
君子有三畏	jun zi you san wei	6
君子有九思	jun zi you jiu si	5
君子有其道者	jun zi you qi dao zhe	2
君子有勇而无义为乱	jun zi you yong er wu yi wei luan	3
君子有终身之忧	jun zi you zhong shen zhi you	3
君子欲讷于言而敏于行	jun zi yu ne yu yan er min yu xing	6
君子死知己	jun zi si zhi ji	2
君子求诸己	jun zi qiu zhu ji	1
君子泰而不骄	jun zi tai er bu jiao	4
君子淡以亲	jun zi dan yi qin	4
君子生非异也	jun zi sheng fei yi ye	1
君子疾没世而名不称焉	jun zi ji mo shi er ming bu cheng yan	3
君子矜而不争	jun zi jin er bu zheng	2
君子笃于亲	jun zi du yu qin	2
君子耻其言而过其行	jun zi chi qi yan er guo qi xing	3
君子谋道不谋食	jun zi mou dao bu mou shi	4
君子贞而不谅	jun zi zhen er bu liang	3
君子道者三	jun zi dao zhe san	2
君子防未然	jun zi fang wei ran	4
君子食无求饱	jun zi shi wu qiu bao	1
君孰与不足	jun shu yu bu zu	5
君安得有此富乎	jun an de you ci fu hu	2
君家何处住	jun jia he chu zhu	4
君家妇难为	jun jia fu nan wei	2
君家有贻训	jun jia you yi xun	2
君家自有元和脚	jun jia zi you yuan he jiao	2
君家长松十亩阴	jun jia chang song shi mu yin	2
君尔妾亦然	jun er qie yi ran	2
君无势则去	jun wu shi ze qu	2
君既为府吏	jun ji wei fu li	2
君有丈夫泪	jun you zhang fu lei	2
君有大过则谏	jun you da guo ze jian	2
君歌且休听我歌	jun ge qie xiu ting wo ge	2
君歌声酸辞且苦	jun ge sheng suan ci qie ku	2
君正莫不正	jun zheng mo bu zheng	3
君王与沛公饮	jun wang yu pei gong yin	2
君王为人不忍	jun wang wei ren bu ren	2
君王台榭枕巴山	jun wang tai xie zhen ba shan	3
君王掩面救不得	jun wang yan mian jiu bu de	1
君王虽爱蛾眉好	jun wang sui ai e mei hao	2
君看一叶舟	jun kan yi ye zhou	5
君看母笋是龙材	jun kan mu sun shi long cai	2
君看随阳雁	jun kan sui yang yan	2
君知妾有夫	jun zhi qie you fu	2
君臣尚论兵	jun chen shang lun bing	2
君自故乡来	jun zi gu xiang lai	5
君自此远矣	jun zi ci yuan yi	2
君莫向秋浦	jun mo xiang qiu pu	2
君行吾为发浩歌	jun xing wu wei fa hao ge	3
君言不得意	jun yan bu de yi	4
君问二妃何处所	jun wen er fei he chu suo	2
君问归期未有期	jun wen gui qi wei you qi	37
吟安一个字	yin an yi ge zi	5
吟鞭东指即天涯	yin bian dong zhi ji tian ya	2
否泰如天地	pi tai ru tian di	3
含情易为盈	han qing yi wei ying	3
含情欲语独无处	han qing yu yu du wu chu	2
含笑看吴钩	han xiao kan wu gou	2
听其言也厉	ting qi yan ye li	3
听其言而信其行	ting qi yan er xin qi xing	4
听取蛙声一片	ting qu wa sheng yi pian	17
听唱新翻杨柳枝	ting chang xin fan yang liu zhi	3
听妇前致词	ting fu qian zhi ci	2
听此寒虫号	ting ci han chong hao	2
听蜀僧浚弹琴	ting shu seng jun tan qin	3
听蜀僧濬弹琴	ting shu seng jun tan qin	2
听风听雨过清明	ting feng ting yu guo qing ming	2
吴中盛文史	wu zhong sheng wen shi	2
吴侬但忆归	wu nong dan yi gui	2
吴兴口号五首	wu xing kou hao wu shou	2
吴刚捧出桂花酒	wu gang peng chu gui hua jiu	4
吴姬十五细马驮	wu ji shi wu xi ma tuo	2
吴娃双舞醉芙蓉	wu wa shuang wu zui fu rong	2
吴宫花草埋幽径	wu gong hua cao mai you jing	1
吴山点点愁	wu shan dian dian chou	3
吴楚东南坼	wu chu dong nan che	4
吴江女道士	wu jiang nv dao shi	2
吴溪紫蟹肥	wu xi zi xie fei	2
吴王宫里醉西施	wu wang gong li zui xi shi	2
吴王浮于江	wu wang fu yu jiang	2
吴盐如花皎白雪	wu yan ru hua jiao bai xue	2
吴越一王兮驷马归	wu yue yi wang xi si ma gui	2
吴酒一杯春竹叶	wu jiu yi bei chun zhu ye	2
吴钩霜雪明	wu gou shuang xue ming	3
吹不散眉弯	chui bu san mei wan	3
吹伤了那家	chui shang le na jia	3
吹参差兮谁思	chui cen ci xi shei si	1
吹尽狂沙始到金	chui jin kuang sha shi dao jin	4
吹尽西陵歌舞尘	chui jin xi ling ge wu chen	2
吹度玉门关	chui du yu men guan	2
吹沙走浪几千里	chui sha zou lang ji qian li	2
吹笛到天明	chui di dao tian ming	2
吹箫人去玉楼空	chui xiao ren qu yu lou kong	3
吹箫间笙簧	chui xiao jian sheng huang	3
吹绉一池春水	chui zhou yi chi chun shui	4
吹绿日日深	chui lv ri ri shen	3
吹花送远香	chui hua song yuan xiang	2
吾不反不侧	wu bu fan bu ce	2
吾不复梦见周公	wu bu fu meng jian zhou gong	2
吾不如老农	wu bu ru lao nong	3
吾不如老圃	wu bu ru lao pu	2
吾不得而见之矣	wu bu de er jian zhi yi	3
吾不忍其觳觫	wu bu ren qi hu su	2
吾不欲观之矣	wu bu yu guan zhi yi	2
吾不知其恶也	wu bu zhi qi e ye	3
吾不知其美也	wu bu zhi qi mei ye	3
吾不能变心以从俗兮	wu bu neng bian xin yi cong su xi	3
吾不能学太上之忘情也	wu bu neng xue tai shang zhi wang qing ye	4
吾与回言终日	wu yu hui yan zhong ri	2
吾与汝并肩携手	wu yu ru bing jian xie shou	4
吾乃今于是乎见龙	wu nai jin yu shi hu jian long	2
吾亦欲无加诸人	wu yi yu wu jia zhu ren	3
吾亦爱吾庐	wu yi ai wu lu	3
吾今不能见汝矣	wu jin bu neng jian ru yi	1
吾今以此书与汝永别矣	wu jin yi ci shu yu ru yong bie yi	5
吾从而师之	wu cong er shi zhi	1
吾令人望其气	wu ling ren wang qi qi	2
吾令凤鸟飞腾兮	wu ling feng niao fei teng xi	3
吾令羲和弭节兮	wu ling xi he mi jie xi	3
吾以夫子为天地	wu yi fu zi wei tian di	2
吾何以观之哉	wu he yi guan zhi zai	2
吾何慊乎哉	wu he qie hu zai	2
吾作此书时	wu zuo ci shu shi	1
吾充吾爱汝之心	wu chong wu ai ru zhi xin	5
吾党之直者异于是	wu dang zhi zhi zhe yi yu shi	4
吾党有直躬者	wu dang you zhi gong zhe	4
吾其披发左衽矣	wu qi pi fa zuo ren yi	2
吾力犹能肆汝杯	wu li you neng si ru bei	2
吾十有五而志于学	wu shi you wu er zhi yu xue	7
吾君所乏岂此物	wu jun suo fa qi ci wu	2
吾唯不知务而轻用吾身	wu wei bu zhi wu er qing yong wu shen	2
吾妻死之年所手植也	wu qi si zhi nian suo shou zhi ye	4
吾宁爱与憎	wu ning ai yu zeng	2
吾家洗砚池头树	wu jia xi yan chi tou shu	3
吾家碑不昧	wu jia bei bu mei	2
吾将从彭咸之所居	wu jiang cong peng xian zhi suo ju	3
吾将囊括大块	wu jiang nang kuo da kuai	2
吾将往乎南疑	wu jiang wang hu nan yi	2
吾将曳尾于涂中	wu jiang ye wei yu tu zhong	3
吾尝终日不食	wu chang zhong ri bu shi	2
吾尝终日而思矣	wu chang zhong ri er si yi	2
吾尝跂而望矣	wu chang qi er wang yi	3
吾属今为之虏矣	wu shu jin wei zhi lu yi	2
吾已成为阴间一鬼	wu yi cheng wei yin jian yi gui	1
吾幸而得汝	wu xing er de ru	3
吾必谓之学矣	wu bi wei zhi xue yi	3
吾恐季孙之忧	wu kong ji sun zhi you	3
吾愿君去国捐俗	wu yuan jun qu guo juan su	2
吾所以为此者	wu suo yi wei ci zhe	2
吾所以有大患者	wu suo yi you da huan zhe	2
吾所谓明者	wu suo wei ming zhe	3
吾斯之未能信	wu si zhi wei neng xin	3
吾方高驰而不顾	wu fang gao chi er bu gu	2
吾无与言之矣	wu wu yu yan zhi yi	2
吾无以为质矣	wu wu yi wei zhi yi	2
吾日三省乎吾身	wu ri san xing hu wu shen	2
吾是以亡足	wu shi yi wang zu	2
吾是以务全之也	wu shi yi wu quan zhi ye	2
吾有知乎哉	wu you zhi hu zai	3
吾未尝无诲焉	wu wei chang wu hui yan	5
吾未见其明也	wu wei jian qi ming ye	1
吾未见刚者	wu wei jian gang zhe	2
吾未见好德如好色者也	wu wei jian hao de ru hao se zhe ye	4
吾末如之何也已矣	wu mo ru zhi he ye yi yi	3
吾欲问三车	wu yu wen san che	2
吾爱孟夫子	wu ai meng fu zi	2
吾爱王子晋	wu ai wang zi jin	2
吾父死于是	wu fu si yu shi	2
吾独穷困乎此时也	wu du qiong kun hu ci shi ye	3
吾生也有涯	wu sheng ye you ya	3
吾生后汝期	wu sheng hou ru qi	2
吾祖死于是	wu zu si yu shi	2
吾自遇汝以来	wu zi yu ru yi lai	4
吾衰竟谁陈	wu shuai jing shui chen	3
吾见其人矣	wu jian qi ren yi	3
吾见其进也	wu jian qi jin ye	2
吾评扬州贡	wu ping yang zhou gong	4
吾诚愿与汝相守以死	wu cheng yuan yu ru xiang shou yi si	3
吾谁与为邻	wu shui yu wei lin	2
吾身非吾有也	wu shen fei wu you ye	2
吾辈处今日之中国	wu bei chu jin ri zhi zhong guo	4
吾辞受趣舍	wu ci shou qu she	2
吾道一以贯之	wu dao yi yi guan zhi	1
吾道属艰难	wu dao shu jian nan	3
吾长见笑于大方之家	wu chang jian xiao yu da fang zhi jia	2
吾问无为谓	wu wen wu wei wei	2
吾闻其语矣	wu wen qi yu yi	3
吾闻庖丁之言	wu wen pao ding zhi yan	2
吾闻楚有神龟	wu wen chu you shen gui	2
吾非至于子之门则殆矣	wu fei zhi yu zi zhi men ze dai yi	2
呈祥势可嘉	cheng xiang shi ke jia	2
呈集贤诸学士	cheng ji xian zhu xue shi	2
告归常局促	gao gui chang ju cu	2
告诸往而知来者	gao zhu wang er zhi lai zhe	3
呕哑嘲哳难为听	ou ya zhao zha nan wei ting	4
呜咽泪沾巾	wu ye lei zhan jin	2
周与胡蝶则必有分矣	zhou yu hu die ze bi you fen yi	2
周公兼夷狄	zhou gong jian yi di	2
周公恐惧流言后	zhou gong kong ju liu yan hou	2
周将处乎材与不材之间	zhou jiang chu hu cai yu bu cai zhi jian	2
周瑜于此破曹公	zhou yu yu ci po cao gong	2
周监于二代	zhou jian yu er dai	3
周行而不殆	zhou xing er bu dai	4
味暖并无忧	wei nuan bing wu you	2
呵手试梅妆	he shou shi mei zhuang	2
命灵氛为余占之	ming ling fen wei yu zhan zhi	2
咆哮万里触龙门	pao xiao wan li chu long men	4
和乐天春词	he le tian chun ci	2
和周世钊同志	he zhou shi zhao tong zhi	3
和柳亚子先生	he liu ya zi xian sheng	1
和梦也新来不做	he meng ye xin lai bu zuo	2
和气生肌肤	he qi sheng ji fu	3
和答钱穆父咏猩猩毛笔	he da qian mu fu yong xing xing mao bi	2
和衣睡倒人怀	he yi shui dao ren huai	3
和郭沫若同志	he guo mo ruo tong zhi	2
咎莫大于欲得	jiu mo da yu yu de	1
咏怀古迹五首之五	yong huai gu ji wu shou zhi wu	2
咏老赠梦得	yong lao zeng meng de	2
咒念金箍闻万遍	zhou nian jin gu wen wan bian	2
咨臣以当世之事	zi chen yi dang shi zhi shi	3
咫尺不相见	zhi chi bu xiang jian	2
咫尺但愁雷雨至	zhi chi dan chou lei yu zhi	2
咫尺应须论万里	zhi chi ying xu lun wan li	2
咬定青山不放松	yao ding qing shan bu fang song	1
咸阳古道音尘绝	xian yang gu dao yin chen jue	3
咸阳市中叹黄犬	xian yang shi zhong tan huang quan	3
咸阳游侠多少年	xian yang you xia duo shao nian	1
哀一逝而异乡	ai yi shi er yi xiang	2
哀乐不易施乎前	ai le bu yi shi hu qian	2
哀南夷之莫吾知兮	ai nan yi zhi mo wu zhi xi	2
哀叫楚山裂	ai jiao chu shan lie	2
哀吾生之无乐兮	ai wu sheng zhi wu le xi	2
哀吾生之须臾	ai wu sheng zhi xu yu	4
哀哀叫其间	ai ai jiao qi jian	2
哀哀寡妇诛求尽	ai ai gua fu zhu qiu jin	3
哀怨起骚人	ai yuan qi sao ren	2
哀民生之多艰	ai min sheng zhi duo jian	8
哀谣振楫从此起	ai yao zhen ji cong ci qi	2
哀音何动人	ai yin he dong ren	2
哀高丘之无女	ai gao qiu zhi wu nv	3
哀鸣思战斗	ai ming si zhan dou	4
哀鸣求匹俦	ai ming qiu pi chou	2
响穷彭蠡之滨	xiang qiong peng li zhi bin	1
哗然而骇者	hua ran er hai zhe	2
哙即带剑拥盾入军门	kuai ji dai jian yong dun ru jun men	3
哥舒夜带刀	ge shu ye dai dao	1
哪个虫儿敢作声	na ge chong er gan zuo sheng	4
哪容百族共骈阗	na rong bai zu gong pian tian	2
哪里去辨什么真共假	na li qu bian shen me zhen gong jia	2
哭友白云长	ku you bai yun chang	2
哭声直上干云霄	ku sheng zhi shang gan yun xiao	2
哭宣城善酿纪叟	ku xuan cheng shan niang ji sou	2
哽咽不能语	geng ye bu neng yu	3
唤作拒霜知未称	huan zuo ju shuang zhi wei chen	2
唤取归来同住	huan qu gui lai tong zhu	2
唤起一天明月	huan qi yi tian ming yue	2
唤起两眸清炯炯	huan qi liang mou qing jiong jiong	2
唤起工农千百万	huan qi gong nong qian bai wan	8
唧唧复唧唧	ji ji fu ji ji	24
唯上智与下愚不移	wei shang zhi yu xia yu bu yi	2
唯不上东楼	wei bu shang dong lou	3
唯不忘相思	wei bu wang xiang si	3
唯予不服食	wei yu bu fu shi	2
唯予与汝知而未尝死	wei yu yu ru zhi er wei chang si	2
唯仁者能好人	wei ren zhe neng hao ren	2
唯倜傥非常之人称焉	wei ti tang fei chang zhi ren cheng yan	3
唯全人能之	wei quan ren neng zhi	2
唯其疾之忧	wei qi ji zhi you	3
唯其言而莫予违也	wei qi yan er mo yu wei ye	2
唯向天竺山	wei xiang tian zhu shan	3
唯向深宫望明月	wei xiang shen gong wang ming yue	2
唯女子与小人为难养也	wei nv zi yu xiao ren wei nan yang ye	4
唯将旧物表深情	wei jiang jiu wu biao shen qing	3
唯展宅图看	wei zhan zhai tu kan	2
唯待吹嘘送上天	wei dai chui xu song shang tian	2
唯愿当歌对酒时	wei yuan dang ge dui jiu shi	3
唯我与尔有是夫	wei wo yu er you shi fu	2
唯我多情独自来	wei wo duo qing du zi lai	2
唯我彭大将军	wei wo peng da jiang jun	1
唯是马蹄知	wei shi ma ti zhi	3
唯有垂杨管别离	wei you chui yang guan bie li	3
唯有多情元侍御	wei you duo qing yuan shi yu	2
唯有此江郊	wei you ci jiang jiao	3
唯有此花开	wei you ci hua kai	2
唯有牡丹真国色	wei you mu dan zhen guo se	7
唯有蜻蜓蛱蝶飞	wei you qing ting jia die fei	2
唯有邑人知	wei you yi ren zhi	2
唯有门前镜湖水	wei you men qian jing hu shui	3
唯柳色夹道	wei liu se jia dao	2
唯求则非邦也与	wei qiu ze fei bang ye yu	2
唯见江心秋月白	wei jian jiang xin qiu yue bai	2
唯见长江天际流	wei jian chang jiang tian ji liu	4
唯说山中有桂枝	wei shuo shan zhong you gui zhi	2
唯赤则非邦也与	wei chi ze fei bang ye yu	2
唯闻女叹息	wei wen nv tan xi	2
唱得凉州意外声	chang de liang zhou yi wai sheng	2
唱罢秋坟愁未歇	chang ba qiu fen chou wei xie	3
唾弃如粪丸	tuo qi ru fen wan	2
啁啾终夜悲	zhou jiu zhong ye bei	2
商人重利轻别离	shang ren zhong li qing bie li	5
商女不知亡国恨	shang nv bu zhi wang guo hen	6
商歌非吾事	shang ge fei wu shi	2
商胡离别下扬州	shang hu li bie xia yang zhou	2
商鞅能令政必行	shang yang neng ling zheng bi xing	3
啜过始知真味永	chuo guo shi zhi zhen wei yong	2
啼时惊妾梦	ti shi jing qie meng	3
啾啾栖鸟过	jiu jiu qi niao guo	3
善万物之得时	shan wan wu zhi de shi	3
善不由外来兮	shan bu you wai lai xi	4
善人为邦百年	shan ren wei bang bai nian	3
善假于物也	shan jia yu wu ye	1
善始者实繁	shan shi zhe shi fan	5
善建者不拔	shan jian zhe bu ba	4
善抱者不脱	shan bao zhe bu tuo	4
善推其所为而已矣	shan tui qi suo wei er yi yi	2
善行无辙迹	shan xing wu zhe ji	2
喜卢仝书船归洛	xi lu tong shu chuan gui luo	2
喜心翻倒极	xi xin fan dao ji	2
喜看稻菽千重浪	xi kan dao shu qian chong lang	6
喜见外弟又言别	xi jian wai di you yan bie	3
喜见淳朴俗	xi jian chun pu su	2
喧然名都会	xuan ran ming du hui	3
嗅异世间香	xiu yi shi jian xiang	3
嗟哉吾党二三子	jie zai wu dang er san zi	2
嗟尔远道之人	jie er yuan dao zhi ren	1
嗟彼本何事	jie bi ben he shi	2
嗟我嗜书终日读	jie wo shi shu zhong ri du	2
嗟来桑户乎	jie lai sang hu hu	2
嗣皇继圣登夔皋	si huang ji sheng deng kui gao	2
嗣还自相戕	si huan zi xiang qiang	2
嗤嗤童稚戏	chi chi tong zhi xi	2
嘈嘈切切错杂弹	cao cao qie qie cuo za tan	3
嘈嘈天乐鸣	cao cao tian yue ming	2
嘉南州之炎德兮	jia nan zhou zhi yan de xi	2
嘉孺子而哀妇人	jia ru zi er ai fu ren	2
嘉陵江色何所似	jia ling jiang se he suo si	3
嘴尖皮厚腹中空	zui jian pi hou fu zhong kong	3
嚼疑天上味	jiao yi tian shang wei	3
囊括四海之意	nang kuo si hai zhi yi	2
囊空恐羞涩	nang kong kong xiu se	3
四人相视而笑	si ren xiang shi er xiao	2
四代三公族	si dai san gong zu	2
四儿日夜长	si er ri ye chang	2
四十三年梦	si shi san nian meng	2
四十九年非	si shi jiu nian fei	2
四十五十无夫家	si shi wu shi wu fu jia	2
四十八盘才走过	si shi ba pan cai zou guo	2
四十年来家国	si shi nian lai jia guo	3
四十明朝过	si shi ming zhao guo	2
四十而不惑	si shi er bu huo	2
四句烧香偈子	si ju shao xiang ji zi	3
四坐楚囚悲	si zuo chu qiu bei	2
四座无喧梧竹静	si zuo wu xuan wu zhu jing	2
四座泪纵横	si zuo lei zong heng	2
四弦一声如裂帛	si xian yi sheng ru lie bo	2
四方之政行焉	si fang zhi zheng xing yan	2
四时不在家	si shi bu zai jia	3
四时之景不同	si shi zhi jing bu tong	4
四时佳兴与人同	si shi jia xing yu ren tong	3
四时有明法而不议	si shi you ming fa er bu yi	4
四时田园杂兴	si shi tian yuan za xing	2
四明三千里	si ming san qian li	2
四月南风大麦黄	si yue nan feng da mai huang	3
四月江南黄鸟肥	si yue jiang nan huang niao fei	3
四月熟黄梅	si yue shu huang mei	3
四海一子由	si hai yi zi you	2
四海同寒食	si hai tong han shi	4
四海无闲田	si hai wu xian tian	5
四海翻腾云水怒	si hai fan teng yun shui nu	2
四海遂为家	si hai sui wei jia	2
四海遏密八音	si hai e mi ba yin	2
四罪而天下咸服	si zui er tian xia xian fu	2
四者孰知天下之正色哉	si zhe shu zhi tian xia zhi zheng se zai	2
四角吟风筝	si jiao yin feng zheng	2
四角垂香囊	si jiao chui xiang nang	2
四足无一蹶	si zu wu yi jue	2
四蹄皆血流	si ti jie xue liu	2
四达之皇皇也	si da zhi huang huang ye	2
四邻何所有	si lin he suo you	2
四郊未宁静	si jiao wei ning jing	2
四面无附枝	si mian wu fu zhi	3
四面生白云	si mian sheng bai yun	2
四面边声连角起	si mian bian sheng lian jiao qi	4
四顾何茫茫	si gu he mang mang	2
四顾山光接水光	si gu shan guang jie shui guang	3
回也不改其乐	hui ye bu gai qi le	1
回也闻一以知十	hui ye wen yi yi zhi shi	2
回到天上去	hui dao tian shang qu	2
回头下望人寰处	hui tou xia wang ren huan chu	3
回头问双石	hui tou wen shuang shi	2
回头问妻子	hui tou wen qi zi	2
回廊一寸相思地	hui lang yi cun xiang si di	1
回心反初役	hui xin fan chu yi	2
回忘仁义矣	hui wang ren yi yi	2
回忘礼乐矣	hui wang li yue yi	2
回看天际下中流	hui kan tian ji xia zhong liu	2
回看桃李都无色	hui kan tao li dou wu se	2
回看血泪相和流	hui kan xue lei xiang he liu	3
回观村闾间	hui guan cun lv jian	2
回车叱牛牵向北	hui che chi niu qian xiang bei	3
回雪飘摇转蓬舞	hui xue piao yao zhuan peng wu	2
回雪飘飖转蓬舞	hui xue piao yao zhuan peng wu	3
回飙吹散五峰雪	hui biao chui san wu feng xue	3
回首向来萧瑟处	hui shou xiang lai xiao se chu	25
回首峰峦入莽苍	hui shou feng luan ru mang cang	3
回首是平芜	hui shou shi ping wu	2
回首白云低	hui shou bai yun di	3
回首见旌旗	hui shou jian jing qi	3
因以为号焉	yin yi wei hao yan	2
因击沛公于坐	yin ji pei gong yu zuo	2
因宾客至蔺相如门谢罪	yin bin ke zhi lin xiang ru men xie zui	2
因得养顽疏	yin de yang wan shu	3
因念远戍卒	yin nian yuan shu zu	3
因思杜陵梦	yin si du ling meng	2
因招樊哙出	yin zhao fan kuai chu	3
因民之所利而利之	yin min zhi suo li er li zhi	4
因甘野夫食	yin gan ye fu shi	2
因病得闲殊不恶	yin bing de xian shu bu e	2
因缟素而哭之	yin gao su er ku zhi	2
因难始见能	yin nan shi jian neng	3
因风想玉珂	yin feng xiang yu ke	3
团作愚下人	tuan zuo yu xia ren	2
园日涉以成趣	yuan ri she yi cheng qu	2
园林渐觉清阴密	yuan lin jian jue qing yin mi	2
园柳变鸣禽	yuan liu bian ming qin	3
园花经雨百般红	yuan hua jing yu bai ban hong	2
园花隐麝香	yuan hua yin she xiang	2
固一世之雄也	gu yi shi zhi xiong ye	4
固不知子矣	gu bu zhi zi yi	2
固前圣之所厚	gu qian sheng zhi suo hou	3
固国不以山溪之险	gu guo bu yi shan xi zhi xian	4
固时俗之工巧兮	gu shi su zhi gong qiao xi	2
固知一死生为虚诞	gu zhi yi si sheng wei xu dan	3
国中无地无时不可以死	guo zhong wu di wu shi bu ke yi si	3
国之利器不可以示人	guo zhi li qi bu ke yi shi ren	2
国之所存者	guo zhi suo cun zhe	3
国之本在家	guo zhi ben zai jia	7
国事成不成	guo shi cheng bu cheng	3
国人杀之也	guo ren sha zhi ye	7
国人皆曰可杀	guo ren jie yue ke sha	8
国以民为本	guo yi min wei ben	8
国家定两税	guo jia ding liang shui	3
国家法令在	guo jia fa ling zai	2
国弱则诸侯加兵	guo ruo ze zhu hou jia bing	2
国强则赵固	guo qiang ze zhao gu	2
国无人莫我知兮	guo wu ren mo wo zhi xi	2
国有疑难可问谁	guo you yi nan ke wen shui	5
国朝盛文章	guo chao sheng wen zhang	2
国破山河在	guo po shan he zai	12
国际悲歌歌一曲	guo ji bei ge ge yi qu	4
图南未可料	tu nan wei ke liao	2
图难于其易	tu nan yu qi yi	5
圆因裁制功	yuan yin cai zhi gong	2
圆绿卷新荷	yuan lv juan xin he	2
圆魄上寒空	yuan po shang han kong	2
圆齐玉箸头	yuan qi yu zhu tou	2
土山焦而不热	tu shan jiao er bu re	3
土豆烧熟了	tu dou shao shu le	4
圣之时者也	sheng zhi shi zhe ye	3
圣人不得已而用之	sheng ren bu de yi er yong zhi	3
圣人之心静乎	sheng ren zhi xin jing hu	1
圣人之所以为圣	sheng ren zhi suo yi wei sheng	2
圣人之过也	sheng ren zhi guo ye	2
圣人存而不论	sheng ren cun er bu lun	3
圣人工乎天而拙乎人	sheng ren gong hu tian er zhuo hu ren	2
圣人常无心	sheng ren chang wu xin	3
圣人无常师	sheng ren wu chang shi	1
圣人既竭目力焉	sheng ren ji jie mu li yan	2
圣人有忧之	sheng ren you you zhi	2
圣代即今多雨露	sheng dai ji jin duo yu lu	2
圣代无隐者	sheng dai wu yin zhe	3
圣哲体仁恕	sheng zhe ti ren shu	2
圣贤道何以传	sheng xian dao he yi chuan	3
在乎人为之	zai hu ren wei zhi	2
在乎山水之间也	zai hu shan shui zhi jian ye	11
在人虽晚达	zai ren sui wan da	2
在地愿为连理枝	zai di yuan wei lian li zhi	4
在夏后之世	zai xia hou zhi shi	5
在天愿作比翼鸟	zai tian yuan zuo bi yi niao	6
在好为人师	zai hao wei ren shi	2
在尘埃之中	zai chen ai zhi zhong	2
在山泉水清	zai shan quan shui qing	1
在康河的柔波里	zai kang he de rou bo li	3
在彼不在此	zai bi bu zai ci	3
在德不在险	zai de bu zai xian	1
在我的心头荡漾	zai wo de xin tou dang yang	1
在新丰鸿门	zai xin feng hong men	2
在星辉斑斓里放歌	zai xing hui ban lan li fang ge	3
在洞庭一湖	zai dong ting yi hu	6
在目皓已洁	zai mu hao yi jie	2
在转瞬间消灭了踪影	zai zhuan shun jian xiao mie le zong ying	3
在这交会时互放的光亮	zai zhe jiao hui shi hu fang de guang liang	3
地不得不广	di bu de bu guang	2
地主重重压迫	di zhu chong chong ya po	3
地僻门深少送迎	di pi men shen shao song ying	3
地动三河铁臂摇	di dong san he tie bi yao	1
地势使之然	di shi shi zhi ran	3
地古寒阴生	di gu han yin sheng	2
地崩山摧壮士死	di beng shan cui zhuang shi si	4
地应无酒泉	di ying wu jiu quan	5
地得一以宁	di de yi yi ning	2
地白风色寒	di bai feng se han	2
地籁则众窍是已	di lai ze zhong qiao shi yi	2
地若不爱酒	di ruo bu ai jiu	1
地转凝碧湾	di zhuan ning bi wan	4
地远草木豪	di yuan cao mu hao	2
地阔峨眉晚	di kuo e mei wan	2
地阔望仙台	di kuo wang xian tai	2
地静无纤尘	di jing wu xian chen	3
坊闹半长安	fang nao ban chang an	2
坎坎伐檀兮	kan kan fa tan xi	1
坎轲只得移荆蛮	kan ke zhi de yi jing man	2
坏壁无由见旧题	huai bi wu you jian jiu ti	2
坐中醉客风流惯	zuo zhong zui ke feng liu guan	2
坐久灯烬落	zuo jiu deng jin luo	2
坐久落花多	zuo jiu luo hua duo	2
坐地日行八万里	zuo di ri xing ba wan li	1
坐地日行八千里	zuo di ri xing ba qian li	3
坐愁红颜老	zuo chou hong yan lao	1
坐断东南战未休	zuo duan dong nan zhan wei xiu	3
坐来真个好相宜	zuo lai zhen ge hao xiang yi	2
坐看云起时	zuo kan yun qi shi	26
坐看水色移	zuo kan shui se yi	2
坐看牵牛织女星	zuo kan qian niu zhi nv xing	2
坐见落花长叹息	zuo jian luo hua chang tan xi	2
坐观垂钓者	zuo guan chui diao zhe	3
坐觉长安空	zuo jue chang an kong	2
坐触鸳鸯起	zuo chu yuan yang qi	2
坐酌泠泠水	zuo zhuo ling ling shui	2
坚贞就在这里	jian zhen jiu zai zhe li	1
坦然心神舒	tan ran xin shen shu	2
垂三光之明者	chui san guang zhi ming zhe	2
垂天雌霓云端下	chui tian ci ni yun duan xia	2
垂死病中惊坐起	chui si bing zhong jing zuo qi	6
垂泪对宫娥	chui lei dui gong e	3
垂竿已羡磻溪老	chui gan yi xian pan xi lao	2
垂緌饮清露	chui rui yin qing lu	3
垂老不得安	chui lao bu de an	2
垂钓绿湾春	chui diao lv wan chun	2
垂鞭直拂五云车	chui bian zhi fu wu yun che	3
垣墙皆顿擗	yuan qiang jie dun pi	2
埋血空生碧草愁	mai xue kong sheng bi cao chou	2
埋骨何须桑梓地	mai gu he xu sang zi di	6
城上斜阳画角哀	cheng shang xie yang hua jiao ai	3
城东坡上栽	cheng dong po shang zai	2
城中增暮寒	cheng zhong zeng mu han	1
城中居民风裂骭	cheng zhong ju min feng lie gan	2
城中桃李愁风雨	cheng zhong tao li chou feng yu	5
城乌独宿夜空啼	cheng wu du su ye kong ti	2
城南已合数重围	cheng nan yi he shu chong wei	2
城头残月势如弓	cheng tou can yue shi ru gong	2
城小贼不屠	cheng xiao zei bu tu	2
城春草木深	cheng chun cao mu shen	5
城窄山将压	cheng zhai shan jiang ya	2
城边有古树	cheng bian you gu shu	2
城郭人民半已非	cheng guo ren min ban yi fei	2
城阙辅三秦	cheng que fu san qin	3
城隈草萋萋	cheng wei cao qi qi	2
城非不高也	cheng fei bu gao ye	2
域中有四大	yu zhong you si da	3
域外鸡虫事可哀	yu wai ji chong shi ke ai	3
域民不以封疆之界	yu min bu yi feng jiang zhi jie	4
堂上四库书	tang shang si ku shu	3
堆来枕上愁何状	dui lai zhen shang chou he zhuang	3
堇也虽尊等臣仆	jin ye sui zun deng chen pu	2
堤下连樯堤上楼	di xia lian qiang di shang lou	2
堪笑兰台公子	kan xiao lan tai gong zi	2
塞上燕脂凝夜紫	sai shang yan zhi ning ye zi	3
塞上长城空自许	sai shang chang cheng kong zi xu	2
塞上风云接地阴	sai shang feng yun jie di yin	2
塞下秋来风景异	sai xia qiu lai feng jing yi	5
塞源而欲流长也	sai yuan er yu liu chang ye	3
墙上多高树	qiang shang duo gao shu	2
墙头马上遥相顾	qiang tou ma shang yao xiang gu	3
墙角数枝梅	qiang jiao shu zhi mei	1
墙里佳人笑	qiang li jia ren xiao	1
墙里秋千墙外道	qiang li qiu qian qiang wai dao	1
墙阴老春荠	qiang yin lao chun ji	2
墟里上孤烟	xu li shang gu yan	3
墨出青松烟	mo chu qing song yan	3
墨翟之言盈天下	mo di zhi yan ying tian xia	2
壁上红旗飘落照	bi shang hong qi piao luo zhao	3
壁立千仞无依倚	bi li qian ren wu yi yi	2
士不可以不弘毅	shi bu ke yi bu hong yi	1
士不敢弯弓而报怨	shi bu gan wan gong er bao yuan	2
士俗不可医	shi su bu ke yi	4
士大夫之族	shi da fu zhi zu	1
士有道德不能行	shi you dao de bu neng xing	2
士见危致命	shi jian wei zhi ming	3
壮士一去兮不复还	zhuang shi yi qu xi bu fu huan	15
壮士十年归	zhuang shi shi nian gui	5
壮士发冲冠	zhuang shi fa chong guan	2
壮岁旌旗拥万夫	zhuang sui jing qi yong wan fu	2
壮心欲填海	zhuang xin yu tian hai	3
壮志也无违	zhuang zhi ye wu wei	1
壮志饥餐胡虏肉	zhuang zhi ji can hu lu rou	5
壮观天下无	zhuang guan tian xia wu	1
声喧乱石中	sheng xuan luan shi zhong	3
声断衡阳之浦	sheng duan heng yang zhi pu	4
声满东南几处箫	sheng man dong nan ji chu xiao	2
声非加疾也	sheng fei jia ji ye	5
壹阴兮壹阳	yi yin xi yi yang	2
处上而民不重	chu shang er min bu zhong	2
处于天地之间	chu yu tian di zhi jian	3
处众人之所恶	chu zhong ren zhi suo wu	6
处前而民不害	chu qian er min bu hai	2
处处楼前飘管吹	chu chu lou qian piao guan chui	2
处处闻啼鸟	chu chu wen ti niao	39
处江湖之远则忧其君	chu jiang hu zhi yuan ze you qi jun	7
处涸辙以犹欢	chu he zhe yi you huan	2
备他盗之出入与非常也	bei ta dao zhi chu ru yu fei chang ye	2
备他盗出入与非常也	bei ta dao chu ru yu fei chang ye	2
复居少城北	fu ju shao cheng bei	2
复归于婴儿	fu gui yu ying er	3
复得返自然	fu de fan zi ran	2
复忆襄阳孟浩然	fu yi xiang yang meng hao ran	2
复此好远游	fu ci hao yuan you	2
复照青苔上	fu zhao qing tai shang	1
复行数十步	fu xing shu shi bu	5
复见窗户明	fu jian chuang hu ming	3
复道浊如贤	fu dao zhuo ru xian	2
夏康娱以自纵	xia kang yu yi zi zong	2
夏日溧水无想山作	xia ri li shui wu xiang shan zuo	2
夏有凉风冬有雪	xia you liang feng dong you xue	1
夏木阴阴正可人	xia mu yin yin zheng ke ren	4
夏礼吾能言之	xia li wu neng yan zhi	2
夏至一阴生	xia zhi yi yin sheng	4
夏虫不可以语于冰者	xia chong bu ke yi yu yu bing zhe	3
夏虫也为我沉默	xia chong ye wei wo chen mo	1
夏首荐枇杷	xia shou jian pi pa	2
夔州处女发半华	kui zhou chu nv fa ban hua	2
夔府孤城落日斜	kui fu gu cheng luo ri xie	2
夕余至乎县圃	xi yu zhi hu xian pu	2
夕余至乎西极	xi yu zhi hu xi ji	2
夕弭节兮北渚	xi mi jie xi bei zhu	1
夕波红处近长安	xi bo hong chu jin chang an	2
夕贬潮阳路八千	xi bian chao yang lu ba qian	3
夕阳忧子孙	xi yang you zi sun	2
夕阳穷登攀	xi yang qiong deng pan	2
夕阳箫鼓几船归	xi yang xiao gu ji chuan gui	2
夕阳西下几时回	xi yang xi xia ji shi hui	3
夕露沾我衣	xi lu zhan wo yi	3
夕露见日晞	xi lu jian ri xi	2
夕餐秋菊之落英	xi can qiu ju zhi luo ying	8
外举不弃仇	wai ju bu qi chou	3
外侮需人御	wai wu xu ren yu	5
外其身而身存	wai qi shen er shen cun	4
外无期功强近之亲	wai wu ji gong qiang jin zhi qin	2
外物少能逼	wai wu shao neng bi	2
外累由心起	wai lei you xin qi	3
外融百骸畅	wai rong bai hai chang	2
多不过三四	duo bu guo san si	1
多不过六七	duo bu guo liu qi	2
多为将相官	duo wei jiang xiang guan	2
多为药所误	duo wei yao suo wu	3
多于九土之城郭	duo yu jiu tu zhi cheng guo	2
多于南亩之农夫	duo yu nan mu zhi nong fu	2
多于周身之帛缕	duo yu zhou shen zhi bo lv	2
多于在庾之粟粒	duo yu zai yu zhi su li	2
多于市人之言语	duo yu shi ren zhi yan yu	2
多于机上之工女	duo yu ji shang zhi gong nv	2
多取之而不为虐	duo qu zhi er bu wei nve	2
多少亲朋尽白头	duo shao qin peng jin bai tou	2
多少凄风苦雨	duo shao qi feng ku yu	3
多少春花秋月	duo shao chun hua qiu yue	2
多少楼台烟雨中	duo shao lou tai yan yu zhong	25
多少长安名利客	duo shao chang an ming li ke	2
多情却似总无情	duo qing que si zong wu qing	2
多情却被无情恼	duo qing que bei wu qing nao	9
多情只有春庭月	duo qing zhi you chun ting yue	2
多情应笑我	duo qing ying xiao wo	1
多情明月邀君共	duo qing ming yue yao jun gong	2
多情自古伤离别	duo qing zi gu shang li bie	13
多方乎仁义而用之者	duo fang hu ren yi er yong zhi zhe	2
多方骈枝于五藏之情者	duo fang pian zhi yu wu zang zhi qing zhe	2
多易必多难	duo yi bi duo nan	3
多病故人疏	duo bing gu ren shu	3
多藏必厚亡	duo cang bi hou wang	1
多见而识之	duo jian er shi zhi	2
多识于鸟兽草木之名	duo shi yu niao shou cao mu zhi ming	5
夜上信难哉	ye shang xin nan zai	2
夜下征虏亭	ye xia zheng lu ting	2
夜久语声绝	ye jiu yu sheng jue	2
夜倾闽酒赤如丹	ye qing min jiu chi ru dan	2
夜凉风露清	ye liang feng lu qing	2
夜半无人私语时	ye ban wu ren si yu shi	1
夜半狂歌悲风起	ye ban kuang ge bei feng qi	2
夜半钟声到客船	ye ban zhong sheng dao ke chuan	23
夜发清溪向三峡	ye fa qing xi xiang san xia	4
夜后邀陪明月	ye hou yao pei ming yue	3
夜吟应觉月光寒	ye yin ying jue yue guang han	5
夜夜不得息	ye ye bu de xi	2
夜夜睡天明	ye ye shui tian ming	2
夜寒雪连天	ye han xue lian tian	2
夜市千灯照碧云	ye shi qian deng zhao bi yun	4
夜景湛虚明	ye jing zhan xu ming	2
夜月一帘幽梦	ye yue yi lian you meng	1
夜来八万四千偈	ye lai ba wan si qian ji	2
夜来南风起	ye lai nan feng qi	5
夜来城外一尺雪	ye lai cheng wai yi chi xue	2
夜来幽梦忽还乡	ye lai you meng hu huan xiang	4
夜来揉损琼肌	ye lai rou sun qiong ji	2
夜来风叶已鸣廊	ye lai feng ye yi ming lang	3
夜来风雨声	ye lai feng yu sheng	25
夜来风雨急	ye lai feng yu ji	3
夜榜响溪石	ye bang xiang xi shi	2
夜泊牛渚怀古	ye bo niu zhu huai gu	3
夜泊秦淮近酒家	ye bo qin huai jin jiu jia	6
夜深人散后	ye shen ren san hou	3
夜深人未眠	ye shen ren wei mian	2
夜深儿女灯前	ye shen er nv deng qian	2
夜深千帐灯	ye shen qian zhang deng	2
夜深知雪重	ye shen zhi xue zhong	2
夜深花正寒	ye shen hua zheng han	2
夜深起凭阑干立	ye shen qi ping lan gan li	2
夜深还过女墙来	ye shen huan guo nv qiang lai	4
夜深静卧百虫绝	ye shen jing wo bai chong jue	2
夜潮留向月中看	ye chao liu xiang yue zhong kan	3
夜行黄沙道中	ye xing huang sha dao zhong	4
夜郎万里道	ye lang wan li dao	2
夜酌满容花色暖	ye zhuo man rong hua se nuan	2
夜长人奈何	ye chang ren nai he	1
夜长天色总难明	ye chang tian se zong nan ming	3
夜闻三人笑语言	ye wen san ren xiao yu yan	2
夜闻归雁生乡思	ye wen gui yan sheng xiang si	2
夜闻沙岸鸣瓮盎	ye wen sha an ming weng ang	2
夜闻马嘶晓无迹	ye wen ma si xiao wu ji	2
夜阑卧听风吹雨	ye lan wo ting feng chui yu	34
夜阑更秉烛	ye lan geng bing zhu	3
夜雨做成秋	ye yu zuo cheng qiu	2
夜雨剪春韭	ye yu jian chun jiu	1
夜雨槐花落	ye yu huai hua luo	2
夜雪巩梅春	ye xue gong mei chun	2
夜饮东坡醒复醉	ye yin dong po xing fu zui	1
大业年中炀天子	da ye nian zhong yang tian zi	2
大业末年春暮月	da ye mo nian chun mu yue	2
大人故嫌迟	da ren gu xian chi	3
大儿锄豆溪东	da er chu dou xi dong	4
大军纵横驰奔	da jun zong heng chi ben	4
大凡物不得其平则鸣	da fan wu bu de qi ping ze ming	4
大国多良材	da guo duo liang cai	3
大地微微暖气吹	da di wei wei nuan qi chui	5
大地微微暖风吹	da di wei wei nuan feng chui	2
大堤士女急昌丰	da di shi nv ji chang feng	2
大夫知此理	da fu zhi ci li	2
大孝终身慕父母	da xiao zhong shen mu fu mu	3
大官还有蔗浆寒	da guan hai you zhe jiang han	2
大寒雪未消	da han xue wei xiao	3
大小二篆生八分	da xiao er zhuan sheng ba fen	2
大庇天下寒士俱欢颜	da bi tian xia han shi ju huan yan	9
大弦嘈嘈如急雨	da xian cao cao ru ji yu	3
大德不逾闲	da de bu yu xian	3
大抵三尺强	da di san chi qiang	2
大抵心安即是家	da di xin an ji shi jia	1
大旱金石流	da han jin shi liu	3
大星光相射	da xing guang xiang she	2
大林寺桃花	da lin si tao hua	4
大树思冯异	da shu si feng yi	2
大树日萧萧	da shu ri xiao xiao	2
大江东流去	da jiang dong liu qu	11
大江茫茫去不还	da jiang mang mang qu bu huan	4
大浸稽天而不溺	da jin ji tian er bu ni	3
大渡桥横铁索寒	da du qiao heng tie suo han	4
大漠孤烟直	da mo gu yan zhi	6
大漠沙如雪	da mo sha ru xue	4
大漠风尘日色昏	da mo feng chen ri se hun	2
大火复西流	da huo fu xi liu	2
大王意气尽	da wang yi qi jin	3
大珠小珠落玉盘	da zhu xiao zhu luo yu pan	11
大略驾群才	da lve jia qun cai	2
大破杀匈奴十余万骑	da po sha xiong nu shi yu wan qi	2
大礼不辞小让	da li bu ci xiao rang	1
大禹理百川	da yu li bai chuan	2
大笑向文士	da xiao xiang wen shi	2
大舜有大焉	da shun you da yan	2
大行不顾细谨	da xing bu gu xi jin	2
大贤秉高鉴	da xian bing gao jian	4
大道如青天	da dao ru qing tian	1
大邦者下流	da bang zhe xia liu	5
大都好物不坚牢	da dou hao wu bu jian lao	2
大隐住朝市	da yin zhu chao shi	3
大雅久不作	da ya jiu bu zuo	4
大雅难具陈	da ya nan ju chen	2
大雨落幽燕	da yu luo you yan	4
大雪压青松	da xue ya qing song	6
大雪江南见未曾	da xue jiang nan jian wei ceng	3
大雪深数尺	da xue shen shu chi	2
大雪满弓刀	da xue man gong dao	4
大音自成曲	da yin zi cheng qu	3
大风起兮云飞扬	da feng qi xi yun fei yang	12
大马之捶钩者	da ma zhi chui gou zhe	2
大鹏一日同风起	da peng yi ri tong feng qi	7
天上人间会相见	tian shang ren jian hui xiang jian	2
天上何所有	tian shang he suo you	2
天上分金镜	tian shang fen jin jing	2
天上取样人间织	tian shang qu yang ren jian zhi	3
天上星河转	tian shang xing he zhuan	2
天上有行云	tian shang you xing yun	2
天上浮云如白衣	tian shang fu yun ru bai yi	3
天下万物生于有	tian xia wan wu sheng yu you	3
天下不能荡也	tian xia bu neng dang ye	2
天下之不助苗长者寡矣	tian xia zhi bu zhu miao zhang zhe gua yi	3
天下之善士	tian xia zhi shan shi	1
天下之恶皆归焉	tian xia zhi e jie gui yan	1
天下之本在国	tian xia zhi ben zai guo	7
天下之民归心焉	tian xia zhi min gui xin yan	3
天下之穷民而无告者	tian xia zhi qiong min er wu gao zhe	3
天下之至柔	tian xia zhi zhi rou	2
天下之通丧也	tian xia zhi tong sang ye	3
天下云集响应	tian xia yun ji xiang ying	3
天下伤心处	tian xia shang xin chu	2
天下多忌讳	tian xia duo ji hui	3
天下大悦而将归己	tian xia da yue er jiang gui ji	2
天下归仁焉	tian xia gui ren yan	4
天下恶乎定	tian xia wu hu ding	3
天下无寒人	tian xia wu han ren	3
天下有达尊三	tian xia you da zun san	2
天下有道则见	tian xia you dao ze xian	4
天下皆叛之	tian xia jie pan zhi	2
天下皆知美之为美	tian xia jie zhi mei zhi wei mei	5
天下真成长会合	tian xia zhen cheng chang hui he	2
天下良辰美景	tian xia liang chen mei jing	2
天下英雄谁敌手	tian xia ying xiong shei di shou	4
天下莫能与之争	tian xia mo neng yu zhi zheng	1
天下莫能臣	tian xia mo neng chen	2
天不得不高	tian bu de bu gao	2
天与蹙罗装宝髻	tian yu cu luo zhuang bao ji	2
天之历数在尔躬	tian zhi li shu zai er gong	4
天之将丧斯文也	tian zhi jiang sang si wen ye	2
天之未丧斯文也	tian zhi wei sang si wen ye	2
天人不相干	tian ren bu xiang gan	2
天人几何同一沤	tian ren ji he tong yi ou	2
天光云影共徘徊	tian guang yun ying gong pai huai	6
天兵怒气冲霄汉	tian bing nu qi chong xiao han	4
天净沙秋思	tian jing sha qiu si	3
天凉景物清	tian liang jing wu qing	2
天凉玉漏迟	tian liang yu lou chi	2
天南地北双飞客	tian nan di bei shuang fei ke	2
天台一万八千丈	tian tai yi wan ba qian zhang	3
天听自我民听	tian ting zi wo min ting	7
天地一指也	tian di yi zhi ye	2
天地一沙鸥	tian di yi sha ou	2
天地与我并生	tian di yu wo bing sheng	6
天地为之久低昂	tian di wei zhi jiu di ang	3
天地之鉴也	tian di zhi jian ye	1
天地入胸臆	tian di ru xiong yi	2
天地岂私贫我哉	tian di qi si pin wo zai	3
天地所以能长且久者	tian di suo yi neng chang qie jiu zhe	2
天地无终极	tian di wu zhong ji	2
天地既爱酒	tian di ji ai jiu	4
天地有大美而不言	tian di you da mei er bu yan	3
天地本无心	tian di ben wu xin	3
天地皆振动	tian di jie zhen dong	2
天地终无情	tian di zhong wu qing	3
天地肃清堪四望	tian di su qing kan si wang	3
天地英雄气	tian di ying xiong qi	7
天地荷成功	tian di he cheng gong	2
天地间第一人品	tian di jian di yi ren pin	4
天堑变通途	tian qian bian tong tu	6
天姥连天向天横	tian mu lian tian xiang tian heng	1
天子之事也	tian zi zhi shi ye	6
天子好文儒	tian zi hao wen ru	3
天容海色本澄清	tian rong hai se ben cheng qing	4
天寒岁在龙蛇间	tian han sui zai long she jian	2
天寒梦泽深	tian han meng ze shen	2
天寒白屋贫	tian han bai wu pin	4
天寒耐九秋	tian han nai jiu qiu	2
天将今夜月	tian jiang jin ye yue	4
天将降大任于斯人也	tian jiang jiang da ren yu si ren ye	8
天工与清新	tian gong yu qing xin	3
天工点酥作梅花	tian gong dian su zuo mei hua	2
天平山上白云泉	tian ping shan shang bai yun quan	2
天开清远峡	tian kai qing yuan xia	4
天得一以清	tian de yi yi qing	2
天德之象也	tian de zhi xiang ye	2
天性有时迁	tian xing you shi qian	2
天意君须会	tian yi jun xu hui	2
天意怜幽草	tian yi lian you cao	5
天意高难问	tian yi gao nan wen	2
天接云涛连晓雾	tian jie yun tao lian xiao wu	4
天教分付与疏狂	tian jiao fen fu yu shu kuang	2
天教晚发赛诸花	tian jiao wan fa sai zhu hua	2
天教薄与胭脂	tian jiao bo yu yan zhi	3
天文北照秦	tian wen bei zhao qin	2
天时人事日相催	tian shi ren shi ri xiang cui	5
天明独去无道路	tian ming du qu wu dao lu	2
天明登前途	tian ming deng qian tu	2
天末怀李白	tian mo huai li bai	1
天气凉如秋	tian qi liang ru qiu	2
天气尚清和	tian qi shang qing he	2
天气晚来秋	tian qi wan lai qiu	19
天气转清凉	tian qi zhuan qing liang	5
天河从中来	tian he cong zhong lai	2
天河挂绿水	tian he gua lv shui	3
天涯也是家	tian ya ye shi jia	2
天涯何处无芳草	tian ya he chu wu fang cao	7
天涯共明月	tian ya gong ming yue	2
天涯哭此时	tian ya ku ci shi	2
天涯地角有穷时	tian ya di jiao you qiong shi	1
天涯水气中	tian ya shui qi zhong	2
天涯海角信音稀	tian ya hai jiao xin yin xi	2
天涯芳草无归路	tian ya fang cao wu gui lu	2
天清远峰出	tian qing yuan feng chu	3
天灵感至德	tian ling gan zhi de	2
天灾可以死	tian zai ke yi si	3
天然去雕饰	tian ran qu diao shi	20
天生一个仙人洞	tian sheng yi ge xian ren dong	2
天生德于予	tian sheng de yu yu	3
天生我材必有用	tian sheng wo cai bi you yong	26
天穷超夕阳	tian qiong chao xi yang	2
天翻地覆慨而慷	tian fan di fu kai er kang	7
天若不爱酒	tian ruo bu ai jiu	1
天街小雨润如酥	tian jie xiao yu run ru su	2
天视自我民视	tian shi zi wo min shi	7
天路幽险难追攀	tian lu you xian nan zhui pan	2
天边树若荠	tian bian shu ruo ji	2
天道邈悠悠	tian dao miao you you	2
天长地久有时尽	tian chang di jiu you shi jin	11
天长水阔厌远涉	tian chang shui kuo yan yuan she	2
天长路远魂飞苦	tian chang lu yuan hun fei ku	2
天门一长啸	tian men yi chang xiao	3
天门中断楚江开	tian men zhong duan chu jiang kai	1
天阴雨湿声啾啾	tian yin yu shi sheng jiu jiu	4
天阶夜色凉如水	tian jie ye se liang ru shui	16
天际识归舟	tian ji shi gui zhou	2
天香云外飘	tian xiang yun wai piao	6
天马凤凰春树里	tian ma feng huang chun shu li	2
天马来出月支窟	tian ma lai chu yue zhi ku	2
天高不为闻	tian gao bu wei wen	2
天高任鸟飞	tian gao ren niao fei	16
天高地平千万里	tian gao di ping qian wan li	2
天高岘首春	tian gao xian shou chun	2
天高秋月明	tian gao qiu yue ming	3
太上不辱先	tai shang bu ru xian	3
太乙近天都	tai yi jin tian du	3
太公未遭文	tai gong wei zao wen	3
太原一男子	tai yuan yi nan zi	5
太守即遣人随其往	tai shou ji qian ren sui qi wang	3
太极悠然可会	tai ji you ran ke hui	3
太白与我语	tai bai yu wo yu	2
太阳虽不为之回光	tai yang sui bu wei zhi hui guang	2
夫三年之丧	fu san nian zhi sang	3
夫不恬不愉	fu bu tian bu yu	2
夫不自见而见彼	fu bu zi jian er jian bi	2
夫为天下者	fu wei tian xia zhe	2
夫人之相与	fu ren zhi xiang yu	1
夫人必自侮	fu ren bi zi wu	3
夫以秦王之威	fu yi qin wang zhi wei	2
夫何忧何惧	fu he you he ju	3
夫何远之有	fu he yuan zhi you	2
夫召我者岂徒哉	fu zhao wo zhe qi tu zai	2
夫君子之居丧	fu jun zi zhi ju sang	3
夫吹万不同	fu chui wan bu tong	2
夫哀莫大于心死	fu ai mo da yu xin si	2
夫固将自化	fu gu jiang zi hua	2
夫天无不覆	fu tian wu bu fu	2
夫子不为也	fu zi bu wei ye	2
夫子为卫君乎	fu zi wei wei jun hu	2
夫子之不可及也	fu zi zhi bu ke ji ye	2
夫子之墙数仞	fu zi zhi qiang shu ren	2
夫子之文章	fu zi zhi wen zhang	2
夫子之说君子也	fu zi zhi shuo jun zi ye	2
夫子何哂由也	fu zi he shen you ye	2
夫子华阴居	fu zi hua yin ju	2
夫子喟然叹曰	fu zi kui ran tan yue	3
夫子循循然善诱人	fu zi xun xun ran shan you ren	3
夫子焉不学	fu zi yan bu xue	2
夫子见老聃	fu zi jian lao dan	2
夫尺有所短	fu chi you suo duan	3
夫工乎天而	fu gong hu tian er	2
夫抚剑疾视曰	fu fu jian ji shi yue	2
夫播糠眯目	fu bo kang mi mu	2
夫是之谓德操	fu shi zhi wei de cao	3
夫是之谓道德之极	fu shi zhi wei dao de zhi ji	2
夫有干越之剑者	fu you gan yue zhi jian zhe	2
夫残朴以为器	fu can pu yi wei qi	2
夫焉取九子	fu yan qu jiu zi	2
夫物之不齐	fu wu zhi bu qi	6
夫环而攻之	fu huan er gong zhi	2
夫秦王有虎狼之心	fu qin wang you hu lang zhi xin	2
夫维圣哲以茂行兮	fu wei sheng zhe yi mao xing xi	2
夫自细视大者不尽	fu zi xi shi da zhe bu jin	2
夫至德之世	fu zhi de zhi shi	4
夫莫之命而常自然	fu mo zhi ming er chang zi ran	2
夫藏舟于壑	fu cang zhou yu he	2
夫道不欲杂	fu dao bu yu za	2
夫鹄不日浴而白	fu hu bu ri yu er bai	2
夭矫转空碧	yao jiao zhuan kong bi	2
失义而后礼	shi yi er hou li	4
失仁而后义	shi ren er hou yi	4
失德而后仁	shi de er hou ren	4
失道者寡助	shi dao zhe gua zhu	3
失道而后德	shi dao er hou de	4
头上玳瑁光	tou shang dai mao guang	2
头上白发多	tou shang bai fa duo	2
头上金爵钗	tou shang jin jue chai	2
头戴莲花巾	tou dai lian hua jin	2
头痛汗盈巾	tou tong han ying jin	2
头白好归来	tou bai hao gui lai	2
头白昏昏只醉眠	tou bai hun hun zhi zui mian	2
头重脚轻根底浅	tou zhong jiao qing gen di qian	2
头高数丈触山回	tou gao shu zhang chu shan hui	2
头鬓眉须皆似雪	tou bin mei xu jie si xue	2
夹岸数百步	jia an shu bai bu	1
夺项王天下者必沛公也	duo xiang wang tian xia zhe bi pei gong ye	2
奄忽互相逾	yan hu hu xiang yu	3
奄忽若飙尘	yan hu ruo biao chen	2
奄忽随物化	yan hu sui wu hua	2
奇文共欣赏	qi wen gong xin shang	1
奈何以死惧之	nai he yi si ju zhi	7
奈何取之尽锱铢	nai he qu zhi jin zi zhu	3
奈何君独抱奇材	nai he jun du bao qi cai	2
奈何阻重深	nai he zu zhong shen	2
奈你自家心下	nai ni zi jia xin xia	2
奉乞桃栽一百根	feng qi tao zai yi bai gen	2
奉使按胡俗	feng shi an hu su	2
奉公如法则上下平	feng gong ru fa ze shang xia ping	7
奉命于危难之间	feng ming yu wei nan zhi jian	6
奉帚平明金殿开	feng zhou ping ming jin dian kai	2
奋六世之余烈	fen liu shi zhi yu lie	3
奋烈自有时	fen lie zi you shi	2
奋身勇所闻	fen shen yong suo wen	2
奋迅毛衣摆双耳	fen xun mao yi bai shuang er	2
奏流水以何惭	zou liu shui yi he can	3
奔流到海不复回	ben liu dao hai bu fu hui	14
奔车轮缓旋风迟	ben che lun huan xuan feng chi	3
奚其为为政	xi qi wei wei zheng	2
奚惆怅而独悲	xi chou chang er du bei	1
奢者狼藉俭者安	she zhe lang ji jian zhe an	3
女为悦己者容	nv wei yue ji zhe rong	35
女亦无所忆	nv yi wu suo yi	2
女亦无所思	nv yi wu suo si	2
女儿年几十五六	nv er nian ji shi wu liu	2
女娲戏黄土	nv wa xi huang tu	2
女娲炼石补天处	nv wa lian shi bu tian chu	1
女婵媛兮为余太息	nv chan yuan xi wei yu tai xi	1
女郎剪下鸳鸯锦	nv lang jian xia yuan yang jin	2
女闻人籁而未闻地籁	nv wen ren lai er wei wen di lai	2
奴为出来难	nu wei chu lai nan	2
奴面不如花面好	nu mian bu ru hua mian hao	2
奸官污吏虐民可以死	jian guan wu li nve min ke yi si	3
她在丛中笑	ta zai cong zhong xiao	16
好与名山作主人	hao yu ming shan zuo zhu ren	2
好之者不如乐之者	hao zhi zhe bu ru le zhi zhe	1
好事者为之也	hao shi zhe wei zhi ye	2
好伴羽人深洞去	hao ban yu ren shen dong qu	2
好去莫回头	hao qu mo hui tou	1
好向昭阳宿	hao xiang zhao yang su	2
好将沈醉酬佳节	hao jiang chen zui chou jia jie	2
好峰随处改	hao feng sui chu gai	3
好手不可遇	hao shou bu ke yu	2
好收吾骨瘴江边	hao shou wu gu zhang jiang bian	3
好日起樯竿	hao ri qi qiang gan	2
好是吾贤佳赏地	hao shi wu xian jia shang di	2
好是相亲夜	hao shi xiang qin ye	3
好染髭须事后生	hao ran zi xu shi hou sheng	3
好梦留人睡	hao meng liu ren shui	2
好看落日斜衔处	hao kan luo ri xie xian chu	2
好着丹青图画取	hao zhuo dan qing tu hua qu	3
好竹连山觉笋香	hao zhu lian shan jue sun xiang	3
好著丹青图画取	hao zhuo dan qing tu hua qu	3
好蔽美而嫉妒	hao bi mei er ji du	2
好雨知时节	hao yu zhi shi jie	32
好风胧月清明夜	hao feng long yue qing ming ye	2
好驰马试剑	hao chi ma shi jian	1
如上九天游	ru shang jiu tian you	2
如不善而莫之违也	ru bu shan er mo zhi wei ye	2
如之何其废之	ru zhi he qi fei zhi	2
如之何闻斯行之	ru zhi he wen si xing zhi	2
如今人方为刀俎	ru jin ren fang wei dao zu	3
如今化作雨苍龙	ru jin hua zuo yu cang long	2
如今安在哉	ru jin an zai zai	4
如今老去无成	ru jin lao qu wu cheng	1
如从流沙来万里	ru cong liu sha lai wan li	2
如何一别朱仙镇	ru he yi bie zhu xian zhen	2
如何十年间	ru he shi nian jian	3
如何四纪为天子	ru he si ji wei tian zi	2
如何得与凉风约	ru he de yu liang feng yue	2
如何舍此去	ru he she ci qu	2
如其善而莫之违也	ru qi shan er mo zhi wei ye	2
如十年前一样	ru shi nian qian yi yang	3
如南山之寿	ru nan shan zhi shou	4
如听万壑松	ru ting wan he song	4
如听仙乐耳暂明	ru ting xian yue er zan ming	1
如婴儿之未孩	ru ying er zhi wei hai	3
如对文章太史公	ru dui wen zhang tai shi gong	2
如将舞鹤管	ru jiang wu he guan	2
如斯而已乎	ru si er yi hu	3
如日月之食	ru ri yue zhi shi	3
如日月之食焉	ru ri yue zhi shi yan	5
如智者若禹之行水也	ru zhi zhe ruo yu zhi xing shui ye	2
如有不嗜杀人者	ru you bu shi sha ren zhe	3
如有博施于民	ru you bo shi yu min	2
如有所立卓尔	ru you suo li zhuo er	2
如杀人之罪	ru sha ren zhi zui	3
如果细心的话	ru guo xi xin de hua	4
如欲平治天下	ru yu ping zhi tian xia	4
如此风波不可行	ru ci feng bo bu ke xing	3
如珠未穿孔	ru zhu wei chuan kong	2
如知其非义	ru zhi qi fei yi	3
如舜而已矣	ru shun er yi yi	3
如花不待春	ru hua bu dai chun	3
如闻断续弦	ru wen duan xu xian	2
如闻泣幽咽	ru wen qi you ye	2
妆光生粉面	zhuang guang sheng fen mian	2
妆成每被秋娘妒	zhuang cheng mei bei qiu niang du	2
妆罢低声问夫婿	zhuang ba di sheng wen fu xu	1
妇啼一何苦	fu ti yi he ku	4
妇女无所幸	fu nv wu suo xing	2
妇姑相唤浴蚕去	fu gu xiang huan yu can qu	3
妇姑荷箪食	fu gu he dan shi	2
妖为鬼蜮必成灾	yao wei gui yu bi cheng zai	3
妙处难与君说	miao chu nan yu jun shuo	5
妙手偶得之	miao shou ou de zhi	5
妙算毫厘得天契	miao suan hao li de tian qi	2
妙绝动宫墙	miao jue dong gong qiang	3
妙香山上战旗妍	miao xiang shan shang zhan qi yan	2
妾不堪驱使	qie bu kan qu shi	2
妾住在横塘	qie zhu zai heng tang	4
妾发初覆额	qie fa chu fu e	4
妾家高楼连苑起	qie jia gao lou lian yuan qi	2
妾当作蒲苇	qie dang zuo pu wei	4
妾心藕中丝	qie xin ou zhong si	2
妾愿随君行	qie yuan sui jun xing	3
妾身未分明	qie shen wei fen ming	4
始乎适而未尝不适者	shi hu shi er wei chang bu shi zhe	2
始共春风容易别	shi gong chun feng rong yi bie	2
始可与言诗已矣	shi ke yu yan shi yi yi	3
始吾于人也	shi wu yu ren ye	4
始得西山宴游记	shi de xi shan yan you ji	1
始悟世上劳	shi wu shi shang lao	2
始是新承恩泽时	shi shi xin cheng en ze shi	2
始知丹青笔	shi zhi dan qing bi	2
始知为客苦	shi zhi wei ke ku	2
始知云雨峡	shi zhi yun yu xia	2
始知结衣裳	shi zhi jie yi chang	3
姑苏台上乌栖时	gu su tai shang wu qi shi	2
姑苏城外寒山寺	gu su cheng wai han shan si	19
威加海内兮归故乡	wei jia hai nei xi gui gu xiang	2
威天下不以兵革之利	wei tian xia bu yi bing ge zhi li	3
娇痴不怕人猜	jiao chi bu pa ren cai	3
娉娉袅袅十三余	ping ping niao niao shi san yu	4
娉婷十五胜天仙	ping ting shi wu sheng tian xian	2
娉婷小苑中	ping ting xiao yuan zhong	2
娟娟到湖上	juan juan dao hu shang	2
娥娥红粉妆	e e hong fen zhuang	2
婀娜曲池东	e nuo qu chi dong	2
婴金铁受辱	ying jin tie shou ru	3
婵娟罗浮月	chan juan luo fu yue	2
嫁与弄潮儿	jia yu nong chao er	2
嫁娶不须啼	jia qu bu xu ti	2
嫣然一笑竹篱间	yan ran yi xiao zhu li jian	3
嫣然纵送游龙惊	yan ran zong song you long jing	2
嫦娥孤栖与谁邻	chang e gu qi yu shei lin	4
嫦娥应悔偷灵药	chang e ying hui tou ling yao	5
嫩于金色软于丝	nen yu jin se ruan yu si	3
嫩剥青菱角	nen bo qing ling jiao	2
嫩箨香苞初出林	nen tuo xiang bao chu chu lin	3
嫩色如新鹅	nen se ru xin e	2
嬉嬉钓叟莲娃	xi xi diao sou lian wa	4
子之不知鱼之乐	zi zhi bu zhi yu zhi le	2
子产听郑国之政	zi chan ting zheng guo zhi zheng	2
子使漆雕开仕	zi shi qi diao kai shi	2
子固非鱼也	zi gu fei yu ye	2
子在川上曰	zi zai chuan shang yue	6
子在齐闻韶	zi zai qi wen shao	3
子奚不为政	zi xi bu wei zheng	2
子孙以祭祀不辍	zi sun yi ji si bu chuo	3
子孙阵亡尽	zi sun zhen wang jin	2
子宁不嗣音	zi ning bu si yin	1
子幼能文似马迁	zi you neng wen si ma qian	2
子张学干禄	zi zhang xue gan lu	3
子张问仁于孔子	zi zhang wen ren yu kong zi	2
子慕予兮善窈窕	zi mu yu xi shan yao tiao	1
子房未虎啸	zi fang wei hu xiao	2
子期竟早亡	zi qi jing zao wang	2
子桑殆病矣	zi sang dai bing yi	2
子欲居九夷	zi yu ju jiu yi	2
子比而同之	zi bi er tong zhi	3
子舆与子桑友	zi yu yu zi sang you	2
子规声里雨如烟	zi gui sheng li yu ru yan	3
子贡问君子	zi gong wen jun zi	2
子路愠见曰	zi lu yun jian yue	3
子路拱而立	zi lu gong er li	2
子路无宿诺	zi lu wu su nuo	3
子路第十三	zi lu di shi san	2
子路问君子	zi lu wen jun zi	3
子路问成人	zi lu wen cheng ren	2
子非三闾大夫与	zi fei san lv da fu yu	3
子食于有丧者之侧	zi shi yu you sang zhe zhi ce	2
孔丘盗跖俱尘埃	kong qiu dao zhi ju chen ai	2
孔子之谓集大成	kong zi zhi wei ji da cheng	1
孔子于乡党	kong zi yu xiang dang	3
孔子得意门生	kong zi de yi men sheng	3
孔子成春秋	kong zi cheng chun qiu	2
孔子登东山而小鲁	kong zi deng dong shan er xiao lu	1
孔子见老聃归	kong zi jian lao dan gui	2
孔子谓季氏	kong zi wei ji shi	2
孔子辞以疾	kong zi ci yi ji	2
孔子顾谓弟子曰	kong zi gu wei di zi yue	3
孔雀东南飞	kong que dong nan fei	34
孔雀东飞何处栖	kong que dong fei he chu qi	2
字余曰灵均	zi yu yue ling jun	4
字字看来都是血	zi zi kan lai dou shi xue	2
存亡不可知	cun wang bu ke zhi	2
存者且偷生	cun zhe qie tou sheng	3
存者无消息	cun zhe wu xiao xi	2
孙权不欺孤	sun quan bu qi gu	2
孝子不谀其亲	xiao zi bu yu qi qin	2
孟冬十郡良家子	meng dong shi jun liang jia zi	3
孟冬寒气至	meng dong han qi zhi	1
孟夏思渭村旧居寄舍弟	meng xia si wei cun jiu ju ji she di	2
孟子见梁惠王	meng zi jian liang hui wang	4
孟子见梁襄王	meng zi jian liang xiang wang	2
孟武伯问孝	meng wu bo wen xiao	2
孟氏使阳肤为士师	meng shi shi yang fu wei shi shi	3
季冬树木苍	ji dong shu mu cang	2
季康子问政于孔子	ji kang zi wen zheng yu kong zi	4
季康子问政于孔子曰	ji kang zi wen zheng yu kong zi yue	3
季文子三思而后行	ji wen zi san si er hou xing	3
季氏旅于泰山	ji shi lv yu tai shan	2
季氏第十六	ji shi di shi liu	2
孤云独去闲	gu yun du qu xian	5
孤光一点萤	gu guang yi dian ying	2
孤城落日斗兵稀	gu cheng luo ri dou bing xi	2
孤城西北起高楼	gu cheng xi bei qi gao lou	2
孤城遥望玉门关	gu cheng yao wang yu men guan	4
孤城隐雾深	gu cheng yin wu shen	2
孤客最先闻	gu ke zui xian wen	2
孤客自悲凉	gu ke zi bei liang	2
孤山园里丽如妆	gu shan yuan li li ru zhuang	3
孤山寺北贾亭西	gu shan si bei gu ting xi	2
孤屿媚中川	gu yu mei zhong chuan	2
孤嶂秦碑在	gu zhang qin bei zai	2
孤帆一片日边来	gu fan yi pian ri bian lai	5
孤帆远影碧空尽	gu fan yuan ying bi kong jin	8
孤月此心明	gu yue ci xin ming	2
孤灯不明思欲绝	gu deng bu ming si yu jue	2
孤灯何事独成花	gu deng he shi du cheng hua	2
孤灯此夜情	gu deng ci ye qing	2
孤烛异乡人	gu zhu yi xiang ren	3
孤猿更叫秋风里	gu yuan geng jiao qiu feng li	2
孤猿衔恨叫中秋	gu yuan xian hen jiao zhong qiu	2
孤直当如此	gu zhi dang ru ci	3
孤舟一系故园心	gu zhou yi xi gu yuan xin	3
孤舟尽日横	gu zhou jin ri heng	2
孤舟蓑笠翁	gu zhou suo li weng	12
孤莺啼永昼	gu ying ti yong zhou	2
孤蓬万里征	gu peng wan li zheng	3
孤蝶小徘徊	gu die xiao pai huai	2
孤负当年林下意	gu fu dang nian lin xia yi	2
孤雁不饮啄	gu yan bu yin zhuo	2
孤飞如坠霜	gu fei ru zhui shuang	2
孤高耸天宫	gu gao song tian gong	2
孤鸾舞镜不作双	gu luan wu jing bu zuo shuang	2
学不可以已	xue bu ke yi yi	1
学不成名誓不还	xue bu cheng ming shi bu huan	6
学则三代共之	xue ze san dai gong zhi	3
学海无涯苦作舟	xue hai wu ya ku zuo zhou	13
学而不思则罔	xue er bu si ze wang	7
学而知之者次也	xue er zhi zhi zhe ci ye	3
学至乎没而后止也	xue zhi hu mo er hou zhi ye	2
学语小儿知姓名	xue yu xiao er zhi xing ming	2
学阮公体三首	xue ruan gong ti san shou	6
学非探其花	xue fei tan qi hua	2
孩儿立志出乡关	hai er li zhi chu xiang guan	6
孰不可忍也	shu bu ke ren ye	4
孰云察余之善恶	shu yun cha yu zhi shan e	2
孰云网恢恢	shu yun wang hui hui	1
孰求美而释女	shu qiu mei er shi nv	2
孰知不向边庭苦	shu zhi bu xiang bian ting ku	3
孰能为之大	shu neng wei zhi da	2
孺悲欲见孔子	ru bei yu jian kong zi	2
宁不知倾城与倾国	ning bu zhi qing cheng yu qing guo	1
宁其死为留骨而贵乎	ning qi si wei liu gu er gui hu	2
宁其生而曳尾于涂中乎	ning qi sheng er ye wei yu tu zhong hu	2
宁廉洁正直	ning lian jie zheng zhi	3
宁无一个是男儿	ning wu yi ge shi nan er	2
宁溘死以流亡兮	ning ke si yi liu wang xi	3
宁生而曳尾涂中	ning sheng er ye wei tu zhong	2
宁移白首之心	ning yi bai shou zhi xin	4
宁许负秦曲	ning xu fu qin qu	2
宅边有五柳树	zhai bian you wu liu shu	2
宇县复小康	yu xian fu xiao kang	2
守岁尊无酒	shou sui zun wu jiu	2
守拙归园田	shou zhuo gui yuan tian	5
守拙归田园	shou zhuo gui tian yuan	3
守节情不移	shou jie qing bu yi	2
守道不封己	shou dao bu feng ji	3
安危托妇人	an wei tuo fu ren	3
安得万里裘	an de wan li qiu	2
安得万里风	an de wan li feng	3
安得倚天剑	an de yi tian jian	2
安得倚天抽宝剑	an de yi tian chou bao jian	4
安得务农息战斗	an de wu nong xi zhan dou	3
安得南征驰捷报	an de nan zheng chi jie bao	2
安得壮士挽天河	an de zhuang shi wan tian he	3
安得广厦千万间	an de guang sha qian wan jian	9
安得而至焉	an de er zhi yan	2
安得至老不更归	an de zhi lao bu geng gui	2
安得辞浮贱	an de ci fu jian	3
安心是药更无方	an xin shi yao geng wu fang	2
安敢尚盘桓	an gan shang pan huan	2
安时而处顺	an shi er chu shun	2
安求其能千里也	an qiu qi neng qian li ye	3
安知千里外	an zhi qian li wai	2
安知夫子之犹若是也	an zhi fu zi zhi you ruo shi ye	2
安知我不知鱼之乐	an zhi wo bu zhi yu zhi le	2
安知鱼之乐	an zhi yu zhi le	3
安禅制毒龙	an chan zhi du long	3
安能以皓皓之白	an neng yi hao hao zhi bai	4
安能以身之察察	an neng yi shen zhi cha cha	3
安能摧眉折腰事权贵	an neng cui mei zhe yao shi quan gui	6
安能辨我是雄雌	an neng bian wo shi xiong ci	17
宋不足征也	song bu zu zheng ye	2
宋元君闻之	song yuan jun wen zhi	2
宓妃留枕魏王才	mi fei liu zhen wei wang cai	2
宗之潇洒美少年	zong zhi xiao sa mei shao nian	2
宗族称孝焉	zong zu cheng xiao yan	2
宗臣遗像肃清高	zong chen yi xiang su qing gao	2
官应老病休	guan ying lao bing xiu	3
官槐如兔目	guan huai ru tu mu	2
官至礼部尚书	guan zhi li bu shang shu	29
官船来往乱如麻	guan chuan lai wang luan ru ma	2
定不负相思意	ding bu fu xiang si yi	23
定乎内外之分	ding hu nei wai zhi fen	2
定是米家书画船	ding shi mi jia shu hua chuan	2
定知玉兔十分圆	ding zhi yu tu shi fen yuan	3
定非知诗人	ding fei zhi shi ren	2
宛丘先生长如丘	wan qiu xian sheng chang ru qiu	2
宛丘学舍小如舟	wan qiu xue she xiao ru zhou	2
宛在水中央	wan zai shui zhong yang	6
宛转蛾眉能几时	wan zhuan e mei neng ji shi	1
宛转蛾眉马前死	wan zhuan e mei ma qian si	2
宛马至今来	wan ma zhi jin lai	2
宜人独桂林	yi ren du gui lin	2
宜付有司论其刑赏	yi fu you si lun qi xing shang	2
宜将剩勇追穷寇	yi jiang sheng yong zhui qiong kou	3
宜将胜勇追穷寇	yi jiang sheng yong zhui qiong kou	1
宜未雨而绸缪	yi wei yu er chou mou	1
宜疏不宜堵	yi shu bu yi du	2
宜阳城下草萋萋	yi yang cheng xia cao qi qi	3
宝剑双蛟龙	bao jian shuang jiao long	3
宝钗楼外秋深	bao chai lou wai qiu shen	2
宝马雕车香满路	bao ma diao che xiang man lu	1
实干兴邦空谈误国	shi gan xing bang kong tan wu guo	3
实无负吏民	shi wu fu li min	2
实迷途其未远	shi mi tu qi wei yuan	4
宠辱忧欢不到情	chong ru you huan bu dao qing	4
审容膝之易安	shen rong xi zhi yi an	3
审权势之宜	shen quan shi zhi yi	2
客从何处来	ke cong he chu lai	18
客从远方来	ke cong yuan fang lai	4
客从长安来	ke cong chang an lai	1
客子光阴诗卷里	ke zi guang yin shi juan li	3
客心何事转凄然	ke xin he shi zhuan qi ran	1
客心洗流水	ke xin xi liu shui	1
客怀依旧不能平	ke huai yi jiu bu neng ping	2
客有桂阳至	ke you gui yang zhi	2
客来唯赠北窗风	ke lai wei zeng bei chuang feng	2
客来茶罢空无有	ke lai cha ba kong wu you	2
客病留因药	ke bing liu yin yao	2
客舍青青柳色新	ke she qing qing liu se xin	6
客行悲故乡	ke xing bei gu xiang	2
客路青山外	ke lu qing shan wai	3
宣城太守知不知	xuan cheng tai shou zhi bu zhi	4
宣城还见杜鹃花	xuan cheng huan jian du juan hua	2
宣室求贤访逐臣	xuan shi qiu xian fang zhu chen	4
宣州石砚墨色光	xuan zhou shi yan mo se guang	2
宣父犹能畏后生	xuan fu you neng wei hou sheng	2
室中更无人	shi zhong geng wu ren	3
宦游直送江入海	huan you zhi song jiang ru hai	2
宫中美人一破颜	gong zhong mei ren yi po yan	2
宫城团回凛严光	gong cheng tuan hui lin yan guang	2
宫官既拆盘	gong guan ji chai pan	2
宫室尽烧焚	gong shi jin shao fen	1
宫帘隔御花	gong lian ge yu hua	2
宫花寂寞红	gong hua ji mo hong	1
宫衣亦有名	gong yi yi you ming	2
宫阙万间都做了土	gong que wan jian dou zuo liao tu	4
宴陶家亭子	yan tao jia ting zi	2
宵眠抱玉鞍	xiao mian bao yu an	2
宵眠竹阁间	xiao mian zhu ge jian	2
家临九江水	jia lin jiu jiang shui	3
家之本在身	jia zhi ben zai shen	6
家人竞喜开妆镜	jia ren jing xi kai zhuang jing	2
家人钻火用青枫	jia ren zuan huo yong qing feng	2
家住水东西	jia zhu shui dong xi	3
家信墨痕新	jia xin mo hen xin	3
家在梦中何日到	jia zai meng zhong he ri dao	2
家在钓台西住	jia zai diao tai xi zhu	2
家家养乌鬼	jia jia yang wu gui	2
家家扶得醉人归	jia jia fu de zui ren gui	4
家家春鸟鸣	jia jia chun niao ming	2
家家自谓抱荆山之玉	jia jia zi wei bao jing shan zhi yu	2
家家菊尽黄	jia jia ju jin huang	2
家家门外泊舟航	jia jia men wai bo zhou hang	2
家山泉石寻常忆	jia shan quan shi xun chang yi	2
家本紫云山	jia ben zi yun shan	2
家泉石眼两三茎	jia quan shi yan liang san jing	2
家田输税尽	jia tian shu shui jin	3
家祭无忘告乃翁	jia ji wu wang gao nai weng	10
家祭毋忘告乃翁	jia ji wu wang gao nai weng	5
家童鼻息已雷鸣	jia tong bi xi yi lei ming	2
容华若桃李	rong hua ruo tao li	1
宽心应是酒	kuan xin ying shi jiu	2
宾从杂沓实要津	bin cong za ta shi yao jin	2
宾客常满堂	bin ke chang man tang	2
宿云解驳晨光漏	su yun jie bo chen guang lou	2
宿新市徐公店	su xin shi xu gong dian	3
宿桐庐江寄广陵旧游	su tong lu jiang ji guang ling jiu you	2
宿酲寂寞眠初起	su cheng ji mo mian chu qi	2
宿雨洗天津	su yu xi tian jin	2
宿雨清畿甸	su yu qing ji dian	2
宿骆氏亭寄怀崔雍崔衮	su luo shi ting ji huai cui yong cui gun	2
寂历斜阳照县鼓	ji li xie yang zhao xian gu	2
寂寂寥寥扬子居	ji ji liao liao yang zi ju	2
寂寂江山摇落处	ji ji jiang shan yao luo chu	2
寂寂系舟双下泪	ji ji xi zhou shuang xia lei	2
寂寞壮心惊	ji mo zhuang xin jing	3
寂寞嫦娥舒广袖	ji mo chang e shu guang xiu	1
寂寞山城人老也	ji mo shan cheng ren lao ye	2
寂寞开无主	ji mo kai wu zhu	1
寂寞开最晚	ji mo kai zui wan	2
寂寞披衣起坐数寒星	ji mo pi yi qi zuo shu han xing	3
寂寞柴门人不到	ji mo chai men ren bu dao	2
寂寞梧桐深院锁清秋	ji mo wu tong shen yuan suo qing qiu	3
寂寞沙洲冷	ji mo sha zhou leng	14
寂寞空庭春欲晚	ji mo kong ting chun yu wan	30
寂寞身后事	ji mo shen hou shi	5
寂然坐空林	ji ran zuo kong lin	3
寄与爱茶人	ji yu ai cha ren	3
寄与陇头人	ji yu long tou ren	1
寄与饥馋杨大使	ji yu ji chan yang da shi	2
寄书长不达	ji shu chang bu da	3
寄去须凭下水船	ji qu xu ping xia shui chuan	2
寄我无穷境	ji wo wu qiong jing	2
寄扬州韩绰判官	ji yang zhou han chuo pan guan	3
寄新茶与南禅师	ji xin cha yu nan chan shi	2
寄李儋元锡	ji li dan yuan xi	2
寄水部张员外	ji shui bu zhang yuan wai	4
寄蜉蝣于天地	ji fu you yu tian di	2
寄言全盛红颜子	ji yan quan sheng hong yan zi	2
寄言痴小人家女	ji yan chi xiao ren jia nv	1
寄言立身者	ji yan li shen zhe	1
寄语洛城风日道	ji yu luo cheng feng ri dao	5
寄语红桥桥下水	ji yu hong qiao qiao xia shui	2
寄语重门休上钥	ji yu chong men xiu shang yue	3
寄韬光禅师	ji tao guang chan shi	2
密叶隐歌鸟	mi ye yin ge niao	4
富而可求也	fu er ke qiu ye	4
富而好礼者也	fu er hao li zhe ye	4
富贵不淫贫贱乐	fu gui bu yin pin jian le	3
富贵不相忘	fu gui bu xiang wang	3
富贵于我如浮云	fu gui yu wo ru fu yun	5
富贵吾自取	fu gui wu zi qu	2
富贵必从勤苦得	fu gui bi cong qin ku de	2
富贵是危机	fu gui shi wei ji	2
富贵本无根	fu gui ben wu gen	4
富贵非吾志	fu gui fei wu zhi	2
富贵非吾愿	fu gui fei wu yuan	3
寒光照铁衣	han guang zhao tie yi	2
寒冬十二月	han dong shi er yue	2
寒初荣橘柚	han chu rong ju you	2
寒声一夜传刁斗	han sheng yi ye chuan diao dou	2
寒天催日短	han tian cui ri duan	3
寒天草木黄落尽	han tian cao mu huang luo jin	2
寒山转苍翠	han shan zhuan cang cui	1
寒暑忽流易	han shu hu liu yi	2
寒林空见日斜时	han lin kong jian ri xie shi	3
寒梅已作东风信	han mei yi zuo dong feng xin	2
寒梅点缀琼枝腻	han mei dian zhui qiong zhi ni	2
寒梅着花未	han mei zhuo hua wei	3
寒梅著花未	han mei zhuo hua wei	4
寒樱枝白是狂花	han ying zhi bai shi kuang hua	2
寒江雪柳日新晴	han jiang xue liu ri xin qing	3
寒泉彻底幽	han quan che di you	2
寒灯独可亲	han deng du ke qin	3
寒灯独夜人	han deng du ye ren	2
寒素清白浊如泥	han su qing bai zhuo ru ni	4
寒蝉鸣高柳	han chan ming gao liu	2
寒衣处处催刀尺	han yi chu chu cui dao chi	2
寒衣针线密	han yi zhen xian mi	3
寒随一夜去	han sui yi ye qu	6
寒雨连江夜入吴	han yu lian jiang ye ru wu	5
寒雨霏微时数点	han yu fei wei shi shu dian	2
寒雪梅中尽	han xue mei zhong jin	5
寒食东风御柳斜	han shi dong feng yu liu xie	5
寒食内人长白打	han shi nei ren chang bai da	2
寒食宫人步打球	han shi gong ren bu da qiu	2
寒食清明春欲破	han shi qing ming chun yu po	2
寒食野望吟	han shi ye wang yin	3
寒鸦栖复惊	han ya qi fu jing	1
察盛衰之理	cha sheng shuai zhi li	2
察言而观色	cha yan er guan se	3
寡人之于国也	gua ren zhi yu guo ye	2
寡人之民不加多	gua ren zhi min bu jia duo	3
寡人窃闻赵王好音	gua ren qie wen zhao wang hao yin	2
寡人非能好先王之乐也	gua ren fei neng hao xian wang zhi yue ye	2
寡欲罕所阙	gua yu han suo que	3
寥亮幽音妙入神	liao liang you yin miao ru shen	2
寥廓云海晚	liao kuo yun hai wan	2
寥廓江天万里霜	liao kuo jiang tian wan li shuang	5
寥落古行宫	liao luo gu xing gong	1
寥落悲前事	liao luo bei qian shi	3
对公银印最相鲜	dui gong yin yin zui xiang xian	2
对君洗红妆	dui jun xi hong zhuang	2
对君白玉壶	dui jun bai yu hu	2
对局含情见千里	dui ju han qing jian qian li	2
对床夜雨听萧瑟	dui chuang ye yu ting xiao se	2
对影成三客	dui ying cheng san ke	1
对敌慈悲对友刁	dui di ci bei dui you diao	2
对此不抛眼泪也无由	dui ci bu pao yan lei ye wu you	3
对此可以酣高楼	dui ci ke yi han gao lou	3
对此如何不泪垂	dui ci ru he bu lei chui	2
对此欲倒东南倾	dui ci yu dao dong nan qing	7
对此结中肠	dui ci jie zhong chang	2
对潇潇暮雨洒江天	dui xiao xiao mu yu sa jiang tian	2
对花把酒未甘老	dui hua ba jiu wei gan lao	2
对酒不能酬	dui jiu bu neng chou	2
对酒云数片	dui jiu yun shu pian	2
对酒当歌歌不成	dui jiu dang ge ge bu cheng	3
对酒遂作梁园歌	dui jiu sui zuo liang yuan ge	2
对门藤盖瓦	dui men teng gai wa	2
寺门高开洞庭野	si men gao kai dong ting ye	3
寻一首好诗	xun yi shou hao shi	2
寻云陟累榭	xun yun zhi lei xie	2
寻声暗问弹者谁	xun sheng an wen tan zhe shui	2
寻寺到山头	xun si dao shan tou	3
寻常到此回	xun chang dao ci hui	4
寻春须是先春早	xun chun xu shi xian chun zao	2
寻章摘句老雕虫	xun zhang zhai ju lao diao chong	3
寻诗两绝句	xun shi liang jue ju	2
寻隐者不遇	xun yin zhe bu yu	3
寿无金石固	shou wu jin shi gu	2
封书寄与泪潺湲	feng shu ji yu lei chan yuan	2
封酒棕花香	feng jiu zong hua xiang	2
将以遗兮下女	jiang yi wei xi xia nv	1
将以遗所思	jiang yi wei suo si	3
将何销日与谁亲	jiang he xiao ri yu shei qin	2
将军夜引弓	jiang jun ye yin gong	3
将军战河北	jiang jun zhan he bei	2
将军楼阁画神仙	jiang jun lou ge hua shen xian	3
将军白发征夫泪	jiang jun bai fa zheng fu lei	3
将军百战死	jiang jun bai zhan si	5
将军百战身名裂	jiang jun bai zhan shen ming lie	3
将军角弓不得控	jiang jun jiao gong bu de kong	3
将军赋采薇	jiang jun fu cai wei	1
将军金甲夜不脱	jiang jun jin jia ye bu tuo	4
将军魏武之子孙	jiang jun wei wu zhi zi sun	2
将向中流匹晚霞	jiang xiang zhong liu pi wan xia	2
将命者出户	jiang ming zhe chu hu	2
将家就鱼麦	jiang jia jiu yu mai	2
将帅接燕蓟	jiang shuai jie yan ji	2
将往观乎四荒	jiang wang guan hu si huang	2
将心托明月	jiang xin tuo ming yue	2
将忘子之故	jiang wang zi zhi gu	2
将有事于西畴	jiang you shi yu xi chou	2
将犹陶铸尧	jiang you tao zhu yao	2
将登太行雪满山	jiang deng tai hang xue man shan	5
将知醉后岂堪夸	jiang zhi zui hou qi kan kua	2
将老身反累	jiang lao shen fan lei	1
将船买酒白云边	jiang chuan mai jiu bai yun bian	4
将鬟镜上掷金蝉	jiang huan jing shang zhi jin chan	2
尊前拟把归期说	zun qian ni ba gui qi shuo	2
尊前谈笑人依旧	zun qian tan xiao ren yi jiu	3
尊罍溢九酝	zun lei yi jiu yun	2
小乔初嫁了	xiao qiao chu jia liao	1
小人不可大受	xiao ren bu ke da shou	2
小人不知天命而不畏也	xiao ren bu zhi tian ming er bu wei ye	3
小人与君子	xiao ren yu jun zi	3
小人之交甘若醴	xiao ren zhi jiao gan ruo li	7
小人之学也	xiao ren zhi xue ye	3
小人之德草	xiao ren zhi de cao	7
小人之德草也	xiao ren zhi de cao ye	2
小人之过也必文	xiao ren zhi guo ye bi wen	3
小人同而不和	xiao ren tong er bu he	3
小人喻于利	xiao ren yu yu li	1
小人学道则易使也	xiao ren xue dao ze yi shi ye	2
小人常戚戚	xiao ren chang qi qi	3
小人比而不周	xiao ren bi er bu zhou	1
小人求诸人	xiao ren qiu zhu ren	1
小人甘以绝	xiao ren gan yi jue	4
小人穷斯滥矣	xiao ren qiong si lan yi	4
小人长戚戚	xiao ren chang qi qi	24
小人难事而易说也	xiao ren nan shi er yi shuo ye	2
小人骄而不泰	xiao ren jiao er bu tai	3
小儿名伯禽	xiao er ming bo qin	2
小儿纵观黄犬怒	xiao er zong guan huang quan nu	2
小园新种红樱树	xiao yuan xin zhong hong ying shu	1
小园香径独徘徊	xiao yuan xiang jing du pai huai	8
小子别金陵	xiao zi bie jin ling	1
小子鸣鼓而攻之	xiao zi ming gu er gong zhi	2
小子鸣鼓而攻之可也	xiao zi ming gu er gong zhi ke ye	2
小学而大遗	xiao xue er da yi	1
小山重叠金明灭	xiao shan chong die jin ming mie	1
小庭亦有月	xiao ting yi you yue	2
小廊回合曲阑斜	xiao lang hui he qu lan xie	3
小弦切切如私语	xiao xian qie qie ru si yu	3
小径穿丛篁	xiao jing chuan cong huang	3
小怜玉体横陈夜	xiao lian yu ti heng chen ye	2
小才难大用	xiao cai nan da yong	3
小扣柴扉久不开	xiao kou chai fei jiu bu kai	1
小时不识月	xiao shi bu shi yue	4
小星闹若沸	xiao xing nao ruo fei	2
小树枣花春	xiao shu zao hua chun	2
小楼一夜听春雨	xiao lou yi ye ting chun yu	5
小楼一夜听风雨	xiao lou yi ye ting feng yu	2
小楼凭槛处	xiao lou ping kan chu	2
小楼吹彻玉笙寒	xiao lou chui che yu sheng han	2
小楼昨夜又东风	xiao lou zuo ye you dong feng	4
小水细通池	xiao shui xi tong chi	3
小溪泛尽却山行	xiao xi fan jin que shan xing	3
小白长红越女腮	xiao bai chang hong yue nv sai	2
小立樱桃下	xiao li ying tao xia	2
小绿间长红	xiao lv jian chang hong	2
小舟从此逝	xiao zhou cong ci shi	1
小艇垂纶初罢	xiao ting chui lun chu ba	2
小荷才露尖尖角	xiao he cai lu jian jian jiao	13
小语辄响答	xiao yu zhe xiang da	2
小邑犹藏万家室	xiao yi you cang wan jia shi	3
小隐入丘樊	xiao yin ru qiu fan	3
小雨纤纤风细细	xiao yu xian xian feng xi xi	2
小饼如嚼月	xiao bing ru jiao yue	6
小麦覆陇黄	xiao mai fu long huang	3
小鼎煎茶面曲池	xiao ding jian cha mian qu chi	2
少壮不努力老大徒伤悲	shao zhuang bu nu li lao da tu shang bei	3
少壮几时兮奈老何	shao zhuang ji shi xi nai lao he	3
少壮工夫老始成	shao zhuang gong fu lao shi cheng	3
少壮能几时	shao zhuang neng ji shi	3
少小离家老大回	shao xiao li jia lao da hui	17
少小虽非投笔吏	shao xiao sui fei tou bi li	2
少年不得志	shao nian bu de zhi	2
少年不识愁滋味	shao nian bu shi chou zi wei	36
少年击剑更吹箫	shao nian ji jian geng chui xiao	2
少年十五二十时	shao nian shi wu er shi shi	8
少年学剑术	shao nian xue jian shu	2
少年心事当拏云	shao nian xin shi dang na yun	3
少年心事当拿云	shao nian xin shi dang na yun	1
少年犹可夸	shao nian you ke kua	4
少年见青春	shao nian jian qing chun	3
少年负壮气	shao nian fu zhuang qi	2
少年辛苦终身事	shao nian xin ku zhong shen shi	4
少应四度见花开	shao ying si du jian hua kai	2
少无适俗韵	shao wu shi su yun	4
尔何怀乎故宇	er he huai hu gu yu	2
尔所谓达者	er suo wei da zhe	2
尔曹身与名俱灭	er cao shen yu ming ju mie	2
尔来四万八千岁	er lai si wan ba qian sui	1
尔焉能浼我哉	er yan neng mei wo zai	2
尔独何辜限河梁	er du he gu xian he liang	3
尘世难逢开口笑	chen shi nan feng kai kou xiao	2
尘中老尽力	chen zhong lao jin li	2
尘中见月心亦闲	chen zhong jian yue xin yi xian	2
尘埃不见咸阳桥	chen ai bu jian xian yang qiao	3
尘暗旧貂裘	chen an jiu diao qiu	1
尚思为国戍轮台	shang si wei guo shu lun tai	4
尚想旧情怜婢仆	shang xiang jiu qing lian bi pu	3
尚是世中一人	shang shi shi zhong yi ren	1
尚有哀弦留至今	shang you ai xian liu zhi jin	2
尚爱此山看不足	shang ai ci shan kan bu zu	1
尝试为寡人为之	chang shi wei gua ren wei zhi	2
尤物惑人忘不得	you wu huo ren wang bu de	2
尧之为君也	yao zhi wei jun ye	2
尧曰第二十	yao yue di er shi	3
尧舜其犹病诸	yao shun qi you bing zhu	3
就中更有痴儿女	jiu zhong geng you chi er nv	3
就中最好是今朝	jiu zhong zui hao shi jin zhao	2
就中最忆吴江隈	jiu zhong zui yi wu jiang wei	2
就中最爱霓裳舞	jiu zhong zui ai ni chang wu	2
就有道而正焉	jiu you dao er zheng yan	4
就死意甚烈	jiu si yi shen lie	2
就重华而陈词	jiu zhong hua er chen ci	2
尽从勤里得	jin cong qin li de	4
尽作官家税	jin zuo guan jia shui	2
尽垩而鼻不伤	jin e er bi bu shang	3
尽日不能忘	jin ri bu neng wang	4
尽日君王看不足	jin ri jun wang kan bu zu	3
尽日坐复卧	jin ri zuo fu wo	2
尽日无人共言语	jin ri wu ren gong yan yu	2
尽日此桥头	jin ri ci qiao tou	2
尽日灵风不满旗	jin ri ling feng bu man qi	2
尽是他乡之客	jin shi ta xiang zhi ke	3
尽是刘郎去后栽	jin shi liu lang qu hou zai	3
尽是沙中浪底来	jin shi sha zhong lang di lai	3
尽是洛阳人旧墓	jin shi luo yang ren jiu mu	3
尽是补天余	jin shi bu tian yu	2
尽眼凝滑无瑕疵	jin yan ning hua wu xia ci	2
尽荠麦青青	jin ji mai qing qing	2
尽载灯火归村落	jin zai deng huo gui cun luo	3
尾如流星首渴乌	wei ru liu xing shou ke wu	2
居人共住武陵源	ju ren gong zhu wu ling yuan	4
居人思客客思家	ju ren si ke ke si jia	2
居北海之滨	ju bei hai zhi bin	2
居天下之广居	ju tian xia zhi guang ju	4
居庙堂之高	ju miao tang zhi gao	6
居庙堂之高则忧其民	ju miao tang zhi gao ze you qi min	6
居延城外猎天骄	ju yan cheng wai lie tian jiao	3
居敬而行简	ju jing er xing jian	5
居简而行简	ju jian er xing jian	5
居高声自远	ju gao sheng zi yuan	7
屈原古壮士	qu yuan gu zhuang shi	2
屈平词赋悬日月	qu ping ci fu xuan ri yue	3
屈指几多人	qu zhi ji duo ren	2
屈指劳生百岁期	qu zhi lao sheng bai sui qi	2
屈指行程二万	qu zhi xing cheng er wan	6
屈指西风几时来	qu zhi xi feng ji shi lai	2
屈贾谊于长沙	qu jia yi yu chang sha	4
屋上无片瓦	wu shang wu pian wa	3
屐上足如霜	ji shang zu ru shuang	2
展尽黄金缕	zhan jin huang jin lv	2
属予作文以记之	zhu yu zuo wen yi ji zhi	3
屠门而大嚼	tu men er da jiao	2
履至尊而制六合	lv zhi zun er zhi liu he	2
屧粉秋蛩扫	xie fen qiu qiong sao	2
屯云对古城	tun yun dui gu cheng	3
山上层层桃李花	shan shang ceng ceng tao li hua	3
山上有遗塔	shan shang you yi ta	2
山上长松山下水	shan shang chang song shan xia shui	2
山下旌旗在望	shan xia jing qi zai wang	4
山中一夜雨	shan zhong yi ye yu	4
山中习静观朝槿	shan zhong xi jing guan zhao jin	2
山中无所有	shan zhong wu suo you	2
山中有流水	shan zhong you liu shui	2
山中相送罢	shan zhong xiang song ba	3
山为翠浪涌	shan wei cui lang yong	3
山亦传此名	shan yi chuan ci ming	2
山僧年九十	shan seng nian jiu shi	3
山光悦鸟性	shan guang yue niao xing	1
山北山南路欲无	shan bei shan nan lu yu wu	2
山南山北雪晴	shan nan shan bei xue qing	4
山叶红时觉胜春	shan ye hong shi jue sheng chun	3
山回路转不见君	shan hui lu zhuan bu jian jun	4
山园细路高	shan yuan xi lu gao	2
山围故国周遭在	shan wei gu guo zhou zao zai	3
山在虚无缥缈间	shan zai xu wu piao miao jian	1
山城斜路杏花香	shan cheng xie lu xing hua xiang	2
山外青山楼外楼	shan wai qing shan lou wai lou	4
山头南郭寺	shan tou nan guo si	3
山头斜照却相迎	shan tou xie zhao que xiang ying	3
山头鼓角相闻	shan tou gu jiao xiang wen	4
山如碧浪翻江去	shan ru bi lang fan jiang qu	2
山如翠浪尽东倾	shan ru cui lang jin dong qing	2
山寺归来闻好语	shan si gui lai wen hao yu	2
山寺月中寻桂子	shan si yue zhong xun gui zi	2
山寺桃花始盛开	shan si tao hua shi sheng kai	12
山山白鹭满	shan shan bai lu man	3
山山黄叶飞	shan shan huang ye fei	3
山川其舍诸	shan chuan qi she zhu	2
山川奇气曾钟此	shan chuan qi qi ceng zhong ci	3
山川空地形	shan chuan kong di xing	3
山带乌蛮阔	shan dai wu man kuo	2
山形依旧枕寒流	shan xing yi jiu zhen han liu	3
山明水净夜来霜	shan ming shui jing ye lai shuang	6
山昏塞日斜	shan hun sai ri xie	2
山映斜阳天接水	shan ying xie yang tian jie shui	4
山是眉峰聚	shan shi mei feng ju	2
山晓望晴空	shan xiao wang qing kong	3
山暝听猿愁	shan ming ting yuan chou	3
山月不知心里事	shan yue bu zhi xin li shi	3
山月照弹琴	shan yue zhao tan qin	2
山月随人归	shan yue sui ren gui	2
山林与城市	shan lin yu cheng shi	3
山林二十年	shan lin er shi nian	2
山林迹如扫	shan lin ji ru sao	2
山染修眉新绿	shan ran xiu mei xin lv	2
山根盘驿道	shan gen pan yi dao	2
山桃红花满上头	shan tao hong hua man shang tou	3
山樱抱石荫松枝	shan ying bao shi yin song zhi	2
山气日夕佳	shan qi ri xi jia	5
山水含清晖	shan shui han qing hui	3
山水有清音	shan shui you qing yin	1
山水空流山自闲	shan shui kong liu shan zi xian	2
山河破碎风飘絮	shan he po sui feng piao xu	1
山河表里潼关路	shan he biao li tong guan lu	3
山深闻鹧鸪	shan shen wen zhe gu	2
山爱夕阳时	shan ai xi yang shi	2
山石荦确行径微	shan shi luo que xing jing wei	3
山空松子落	shan kong song zi luo	2
山空霸气灭	shan kong ba qi mie	2
山红涧碧纷烂漫	shan hong jian bi fen lan man	3
山色有无中	shan se you wu zhong	1
山色空濛雨亦奇	shan se kong meng yu yi qi	5
山色空蒙雨亦奇	shan se kong meng yu yi qi	6
山花如绣草如茵	shan hua ru xiu cao ru yin	3
山花如绣颊	shan hua ru xiu jia	2
山花开欲然	shan hua kai yu ran	2
山花红紫树高低	shan hua hong zi shu gao di	3
山花落尽山长在	shan hua luo jin shan chang zai	2
山虚风落石	shan xu feng luo shi	2
山行六七里	shan xing liu qi li	2
山行十日雨沾衣	shan xing shi ri yu zhan yi	3
山衔好月来	shan xian hao yue lai	2
山远天高烟水寒	shan yuan tian gao yan shui han	2
山里风光亦可怜	shan li feng guang yi ke lian	2
山重水复疑无路	shan chong shui fu yi wu lu	40
山长水远知何处	shan chang shui yuan zhi he chu	2
山长水阔知何处	shan chang shui kuo zhi he chu	7
山阴道士如相见	shan yin dao shi ru xiang jian	2
山随平野尽	shan sui ping ye jin	4
山青花欲燃	shan qing hua yu ran	1
山顶千门次第开	shan ding qian men ci di kai	1
山风吹空林	shan feng chui kong lin	2
山高路远坑深	shan gao lu yuan keng shen	1
山鸡照影空自爱	shan ji zhao ying kong zi ai	2
岁十一月徒杠成	sui shi yi yue tu gang cheng	3
岁寒水冷天地闭	sui han shui leng tian di bi	2
岁岁春草生	sui sui chun cao sheng	3
岁岁金河复玉关	sui sui jin he fu yu guan	3
岁岁长相见	sui sui chang xiang jian	1
岁愧俸钱三十万	sui kui feng qian san shi wan	3
岁晏有余粮	sui yan you yu liang	3
岁暮风动地	sui mu feng dong di	3
岁月不待人	sui yue bu dai ren	20
岁月忽已晚	sui yue hu yi wan	7
岁老根弥壮	sui lao gen mi zhuang	3
岂不如贼焉	qi bu ru zei yan	2
岂不罹凝寒	qi bu li ning han	3
岂为妻子谋	qi wei qi zi mou	2
岂云惮险艰	qi yun dan xian jian	3
岂伊地气暖	qi yi di qi nuan	2
岂伊年岁别	qi yi nian sui bie	3
岂余心之可惩	qi yu xin zhi ke cheng	3
岂其有他故兮	qi qi you ta gu xi	2
岂在多杀伤	qi zai duo sha shang	2
岂堪开处已缤翻	qi kan kai chu yi bin fan	2
岂如春色嗾人狂	qi ru chun se sou ren kuang	3
岂效穷途之哭	qi xiao qiong tu zhi ku	2
岂料山中有遗宝	qi liao shan zhong you yi bao	2
岂无青精饭	qi wu qing jing fan	3
岂是池中物	qi shi chi zhong wu	1
岂曰财赋强	qi yue cai fu qiang	2
岂曰非智勇	qi yue fei zhi yong	2
岂有贝阙藏珠宫	qi you bei que cang zhu gong	3
岂独伤心是小青	qi du shang xin shi xiao qing	3
岂独善一身	qi du shan yi shen	5
岂知关山苦	qi zhi guan shan ku	2
岂知千仞坠	qi zhi qian ren zhui	2
岂知灌顶有醍醐	qi zhi guan ding you ti hu	2
岂知还复有今年	qi zhi huan fu you jin nian	2
岂能投死为韩凭	qi neng tou si wei han ping	2
岂能无意酬乌鹊	qi neng wu yi chou wu que	2
岂能长少年	qi neng chang shao nian	4
岂轻于天下邪	qi qing yu tian xia ye	2
岐王宅里寻常见	qi wang zhai li xun chang jian	3
岑参兄弟皆好奇	cen shen xiong di jie hao qi	2
岚光破崖绿	lan guang po ya lv	2
岛屿佳境色	dao yu jia jing se	2
岩上无心云相逐	yan shang wu xin yun xiang zhu	2
岩下云方合	yan xia yun fang he	2
岩峦行穹跨	yan luan xing qiong kua	2
岩树红离离	yan shu hong li li	3
岩高白云屯	yan gao bai yun tun	3
岭南万户皆春色	ling nan wan hu jie chun se	2
岭外音书断	ling wai yin shu duan	3
岭树重遮千里目	ling shu chong zhe qian li mu	4
岱宗夫如何	dai zong fu ru he	1
岳阳城下水漫漫	yue yang cheng xia shui man man	2
岳阳壮观天下传	yue yang zhuang guan tian xia chuan	2
岳阳楼上对君山	yue yang lou shang dui jun shan	3
岸旁桃李为谁春	an pang tao li wei shui chun	2
岸花焦灼尚余红	an hua jiao zhuo shang yu hong	2
岸花飞送客	an hua fei song ke	3
岸风翻夕浪	an feng fan xi lang	2
峨眉山月半轮秋	e mei shan yue ban lun qiu	5
峨眉山月歌	e mei shan yue ge	4
峨眉翠扫雨余天	e mei cui sao yu yu tian	2
峨眉邈难匹	e mei miao nan pi	3
峰多巧障日	feng duo qiao zhang ri	2
峰嶂亦冥密	feng zhang yi ming mi	2
峰骈仙掌出	feng pian xian zhang chu	2
崔九堂前几度闻	cui jiu tang qian ji du wen	3
崔君夸药力	cui jun kua yao li	2
崔嵬飞迅湍	cui wei fei xun tuan	2
崔李题名王白诗	cui li ti ming wang bai shi	2
崖倾路何难	ya qing lu he nan	3
崩腾醉中流	beng teng zui zhong liu	2
嵩高苍翠北邙红	song gao cang cui bei mang hong	2
川渚屡径复	chuan zhu lv jing fu	2
川迥洞庭开	chuan jiong dong ting kai	2
州傍青山县枕湖	zhou bang qing shan xian zhen hu	2
州家申名使家抑	zhou jia shen ming shi jia yi	2
巡天遥看一千河	xun tian yao kan yi qian he	1
巢倾翡翠低	chao qing fei cui di	2
巢非不完也	chao fei bu wan ye	2
工匠之罪也	gong jiang zhi zui ye	2
工夫在诗外	gong fu zai shi wai	5
工拙性不同	gong zhuo xing bu tong	3
左丘明耻之	zuo qiu ming chi zhi	3
左列钟铭右谤书	zuo lie zhong ming you bang shu	4
左右欲刃相如	zuo you yu ren xiang ru	2
左右皆曰可杀	zuo you jie yue ke sha	7
左右皆曰贤	zuo you jie yue xian	2
左手持蟹螯	zuo shou chi xie ao	4
左旋右转不知疲	zuo xuan you zhuan bu zhi pi	3
左相日兴费万钱	zuo xiang ri xing fei wan qian	2
左臂悬敝筐	zuo bi xuan bi kuang	2
巧偷豪夺古来有	qiao tou hao duo gu lai you	2
巧捷惟万端	qiao jie wei wan duan	2
巧未能胜拙	qiao wei neng sheng zhuo	2
巧穿帘罅如相觅	qiao chuan lian xia ru xiang mi	2
巧笑东邻女伴	qiao xiao dong lin nv ban	3
巨屦小屦同贾	ju ju xiao ju tong gu	3
巫医乐师百工之人	wu yi yue shi bai gong zhi ren	3
巫山一段云	wu shan yi duan yun	3
巫山十二峰	wu shan shi er feng	5
巫山巫峡气萧森	wu shan wu xia qi xiao sen	3
巫山神女庙	wu shan shen nv miao	2
差科死则已	chai ke si ze yi	2
己欲达而达人	ji yu da er da ren	3
已作对床声	yi zuo dui chuang sheng	2
已作霜风九月寒	yi zuo shuang feng jiu yue han	3
已外浮名更外身	yi wai fu ming geng wai shen	2
已忍伶俜十年事	yi ren ling ping shi nian shi	2
已怜根损斩新栽	yi lian gen sun zhan xin zai	2
已报生擒吐谷浑	yi bao sheng qin tu yu hun	2
已收滴博云间戍	yi shou di bo yun jian shu	2
已放笙歌池院静	yi fang sheng ge chi yuan jing	3
已映洲前芦荻花	yi ying zhou qian lu di hua	2
已是十年踪迹十年心	yi shi shi nian zong ji shi nian xin	2
已是悬崖百丈冰	yi shi xuan ya bai zhang bing	6
已是黄昏独自愁	yi shi huang hun du zi chou	1
已而为知者	yi er wei zhi zhe	2
已自感流年	yi zi gan liu nian	2
已见松柏摧为薪	yi jian song bai cui wei xin	2
已觉春心动	yi jue chun xin dong	3
已讶衾枕冷	yi ya qin zhen leng	3
已闻清比圣	yi wen qing bi sheng	2
巴东三峡巫峡长	ba dong san xia wu xia chang	3
巴国尽所历	ba guo jin suo li	2
巴女骑牛唱竹枝	ba nv qi niu chang zhu zhi	2
巴山夜雨涨秋池	ba shan ye yu zhang qiu chi	15
巴山楚水凄凉地	ba shan chu shui qi liang di	2
巴江上峡重复重	ba jiang shang xia chong fu chong	2
巴陵一望洞庭秋	ba ling yi wang dong ting qiu	2
巴陵无限酒	ba ling wu xian jiu	3
市井十洲人	shi jing shi zhou ren	5
市人行尽野人行	shi ren xing jin ye ren xing	2
市南宜僚见鲁侯	shi nan yi liao jian lu hou	2
市南门外泥中歇	shi nan men wai ni zhong xie	3
布帆无恙挂秋风	bu fan wu yang gua qiu feng	2
布衾冷似铁	bu qin leng si tie	2
布衾多年冷似铁	bu qin duo nian leng si tie	3
帅云霓而来御	shuai yun ni er lai yu	2
师不必贤于弟子	shi bu bi xian yu di zi	1
师之所存也	shi zhi suo cun ye	4
师称机械化	shi cheng ji xie hua	5
师道之不传也久矣	shi dao zhi bu chuan ye jiu yi	4
帐下佳人拭泪痕	zhang xia jia ren shi lei hen	2
帐底吹笙香吐麝	zhang di chui sheng xiang tu she	2
帔晕紫槟榔	pei yun zi bing lang	2
帘下宫人出	lian xia gong ren chu	2
帘外芭蕉三两窠	lian wai ba jiao san liang ke	1
帘外落花双泪堕	lian wai luo hua shuang lei duo	2
帘外雨潺潺	lian wai yu chan chan	4
帘幕东风寒料峭	lian mu dong feng han liao qiao	2
帘幕无重数	lian mu wu chong shu	1
帘幕深深处	lian mu shen shen chu	2
帝乡不可期	di xiang bu ke qi	3
帝乡明日到	di xiang ming ri dao	2
帝力于我何有哉	di li yu wo he you zai	5
帝子乘风下翠微	di zi cheng feng xia cui wei	4
帝子降兮北渚	di zi jiang xi bei zhu	4
帝王天子之德也	di wang tian zi zhi de ye	2
帝遣巫阳招我魂	di qian wu yang zhao wo hun	3
帝都名利场	di du ming li chang	3
帝高阳之苗裔兮	di gao yang zhi miao yi xi	5
带月荷锄归	dai yue he chu gui	4
带长铗之陆离兮	dai chang jia zhi lu li xi	2
席不暖君床	xi bu nuan jun chuang	2
常于几成而败之	chang yu ji cheng er bai zhi	3
常以身翼蔽沛公	chang yi shen yi bi pei gong	2
常在于险远	chang zai yu xian yuan	5
常在於险远	chang zai yu xian yuan	2
常存抱柱信	chang cun bao zhu xin	3
常得君王带笑看	chang de jun wang dai xiao kan	1
常怀千岁忧	chang huai qian sui you	6
常恐秋节至	chang kong qiu jie zhi	1
常恐秋风早	chang kong qiu feng zao	2
常排伤心事	chang pai shang xin shi	2
常插梅花醉	chang cha mei hua zui	2
常时低头诵经史	chang shi di tou song jing shi	2
常时相对两三峰	chang shi xiang dui liang san feng	2
常有高猿长啸	chang you gao yuan chang xiao	3
常爱夏阳县	chang ai xia yang xian	2
常羡人间琢玉郎	chang xian ren jian zhuo yu lang	3
常苦沙崩损药栏	chang ku sha beng sun yao lan	2
常荷地主恩	chang he di zhu en	2
常记溪亭日暮	chang ji xi ting ri mu	5
幕府旧烟青	mu fu jiu yan qing	2
干惟画肉不画骨	gan wei hua rou bu hua gu	2
干戈寥落四周星	gan ge liao luo si zhou xing	3
干芦一炬火	gan lu yi ju huo	2
平仄平平仄	ping ze ping ping ze	3
平原太守颜真卿	ping yuan tai shou yan zhen qing	1
平台为客忧思多	ping tai wei ke you si duo	2
平常心是道	ping chang xin shi dao	1
平平仄仄仄平平	ping ping ze ze ze ping ping	3
平平仄仄平	ping ping ze ze ping	3
平平仄仄平平	ping ping ze ze ping ping	6
平平仄仄平平仄	ping ping ze ze ping ping ze	3
平明发咸阳	ping ming fa xian yang	3
平明发轮台	ping ming fa lun tai	2
平明寻白羽	ping ming xun bai yu	3
平明送客楚山孤	ping ming song ke chu shan gu	4
平明闾巷扫花开	ping ming lv xiang sao hua kai	2
平林新月人归后	ping lin xin yue ren gui hou	2
平沙万里绝人烟	ping sha wan li jue ren yan	2
平沙莽莽黄入天	ping sha mang mang huang ru tian	4
平生不饮酒	ping sheng bu yin jiu	3
平生塞北江南	ping sheng sai bei jiang nan	1
平生多感慨	ping sheng duo gan kai	2
平生文字为吾累	ping sheng wen zi wei wu lei	2
平生独往愿	ping sheng du wang yuan	3
平生风义兼师友	ping sheng feng yi jian shi you	3
平芜尽处是春山	ping wu jin chu shi chun shan	1
平野入青徐	ping ye ru qing xu	2
平野菜花春	ping ye cai hua chun	3
平铺湘水流	ping pu xiang shui liu	2
年命如朝露	nian ming ru zhao lu	2
年四十而见恶焉	nian si shi er jian wu yan	2
年少万兜鍪	nian shao wan dou mou	3
年少峥嵘屈贾才	nian shao zheng rong qu jia cai	3
年年后浪推前浪	nian nian hou lang tui qian lang	3
年年喜见山长在	nian nian xi jian shan chang zai	2
年年岁岁一床书	nian nian sui sui yi chuang shu	2
年年杀豚将喂狐	nian nian sha tun jiang wei hu	2
年年欲惜春	nian nian yu xi chun	2
年年知为谁生	nian nian zhi wei shei sheng	4
年年跃马长安市	nian nian yue ma chang an shi	2
年开第七秩	nian kai di qi zhi	2
年既老而不衰	nian ji lao er bu shuai	3
年来转觉此生浮	nian lai zhuan jue ci sheng fu	2
年过六旬时	nian guo liu xun shi	3
并吞八荒之心	bing tun ba huang zhi xin	2
并怡然自乐	bing yi ran zi le	2
幸与松筠相近栽	xing yu song yun xiang jin zai	2
幸免非常病	xing mian fei chang bing	2
幸分苍翠拂波涛	xing fen cang cui fu bo tao	3
幸逢太平代	xing feng tai ping dai	3
幻出文君与薛涛	huan chu wen jun yu xue tao	3
幻化空身即法身	huan hua kong shen ji fa shen	2
幻想和现实	huan xiang he xian shi	5
幼为长所育	you wei zhang suo yu	2
幼吾幼以及人之幼	you wu you yi ji ren zhi you	7
幼子饥已卒	you zi ji yi zu	3
幼而无父曰孤	you er wu fu yue gu	3
幽人应未眠	you ren ying wei mian	3
幽人弹素琴	you ren tan su qin	2
幽兰在山谷	you lan zai shan gu	3
幽咽泉流水下滩	you ye quan liu shui xia tan	3
幽处欲生云	you chu yu sheng yun	2
幽居在空谷	you ju zai kong gu	2
幽居默默如藏逃	you ju mo mo ru cang tao	2
幽州胡马客	you zhou hu ma ke	2
幽径独行迷	you jing du xing mi	3
幽怀忽破散	you huai hu po san	2
幽怨不堪听	you yuan bu kan ting	2
幽独处乎山中	you du chu hu shan zhong	2
幽独抵归山	you du di gui shan	2
幽花欹满树	you hua qi man shu	3
幽闲元不为人芳	you xian yuan bu wei ren fang	2
幽龛入窈窕	you kan ru yao tiao	2
广广乎其无不容也	guang guang hu qi wu bu rong ye	2
广德若不足	guang de ruo bu zu	2
广裁衫袖长制裙	guang cai shan xiu chang zhi qun	2
广运无不至	guang yun wu bu zhi	2
庄则入为寿	zhuang ze ru wei shou	2
庄周游于雕陵之樊	zhuang zhou you yu diao ling zhi fan	2
庄子则方箕踞鼓盆而歌	zhuang zi ze fang ji ju gu pen er ge	2
庄子持竿不顾	zhuang zi chi gan bu gu	2
庄子钓于濮水	zhuang zi diao yu pu shui	2
庄生晓梦迷蝴蝶	zhuang sheng xiao meng mi hu die	1
庄缶犹可击	zhuang fou you ke ji	2
庆历四年春	qing li si nian chun	4
床下夜相亲	chuang xia ye xiang qin	2
床下见鱼游	chuang xia jian yu you	2
床前看月光	chuang qian kan yue guang	3
床头书册乱纷纷	chuang tou shu ce luan fen fen	2
床底松声万壑哀	chuang di song sheng wan he ai	2
庐山东南五老峰	lu shan dong nan wu lao feng	3
庐山谣寄卢侍御虚舟	lu shan yao ji lu shi yu xu zhou	3
庐江主人妇	lu jiang zhu ren fu	2
庐江小吏仲卿妻	lu jiang xiao li zhong qing qi	2
庐陵欧阳修也	lu ling ou yang xiu ye	2
库中先散与金钱	ku zhong xian san yu jin qian	2
应似飞鸿踏雪泥	ying si fei hong ta xue ni	7
应共冤魂语	ying gong yuan hun yu	2
应写黄庭换白鹅	ying xie huang ting huan bai e	2
应尽便须尽	ying jin bian xu jin	1
应念未归人	ying nian wei gui ren	3
应怜半死白头翁	ying lian ban si bai tou weng	2
应怜屐齿印苍苔	ying lian ji chi yin cang tai	2
应拜霍嫖姚	ying bai huo piao yao	2
应时而变者也	ying shi er bian zhe ye	2
应是奉佛人	ying shi feng fo ren	2
应是绿肥红瘦	ying shi lv fei hong shou	35
应是良辰好景虚设	ying shi liang chen hao jing xu she	7
应是西陵古驿台	ying shi xi ling gu yi tai	2
应照离人妆镜台	ying zhao li ren zhuang jing tai	2
应知我是香案吏	ying zhi wo shi xiang an li	2
应知故乡事	ying zhi gu xiang shi	6
应须饮酒不复道	ying xu yin jiu bu fu dao	2
应驮白练到安西	ying tuo bai lian dao an xi	3
府吏见丁宁	fu li jian ding ning	2
府吏闻此变	fu li wen ci bian	2
度我至军中	duo wo zhi jun zhong	2
度曲绿云垂	du qu lv yun chui	2
度道里会遇之礼毕	duo dao li hui yu zhi li bi	2
座上客常满	zuo shang ke chang man	3
座中泣下谁最多	zuo zhong qi xia shui zui duo	4
座对贤人酒	zuo dui xian ren jiu	2
庭下如积水空明	ting xia ru ji shui kong ming	3
庭中有奇树	ting zhong you qi shu	2
庭前八月梨枣熟	ting qian ba yue li zao shu	3
庭前芍药妖无格	ting qian shao yao yao wu ge	1
庭有枇杷树	ting you pi pa shu	4
庭树巢鹦鹉	ting shu chao ying wu	2
庭草春深绶带长	ting cao chun shen shou dai chang	2
庭轩寂寞近清明	ting xuan ji mo jin qing ming	2
庭院暗雨乍歇	ting yuan an yu zha xie	2
庭院深深深几许	ting yuan shen shen shen ji xu	2
庭雪到腰埋不死	ting xue dao yao mai bu si	2
庶以善自名	shu yi shan zi ming	2
庶保贫与素	shu bao pin yu su	2
庶几有时衰	shu ji you shi shuai	2
庶往共饥渴	shu wang gong ji ke	2
庾信文章老更成	yu xin wen zhang lao geng cheng	4
廉君宣恶言	lian jun xuan e yan	2
廉者不受嗟来之食	lian zhe bu shou jie lai zhi shi	5
廉颇居梁久之	lian po ju liang jiu zhi	2
廉颇送至境	lian po song zhi jing	2
廉颇遂奔魏之大梁	lian po sui ben wei zhi da liang	2
延年直差易	yan nian zhi cha yi	2
建功及春荣	jian gong ji chun rong	2
建安十九年	jian an shi jiu nian	20
建德非吾土	jian de fei wu tu	2
建芳馨兮庑门	jian fang xin xi wu men	2
开元之中常引见	kai yuan zhi zhong chang yin jian	2
开元二十六年	kai yuan er shi liu nian	15
开口咏凤凰	kai kou yong feng huang	2
开国何茫然	kai guo he mang ran	3
开帘见新月	kai lian jian xin yue	2
开窗放入大江来	kai chuang fang ru da jiang lai	4
开筵近鸟巢	kai yan jin niao chao	2
开箧泪沾臆	kai qie lei zhan yi	2
开箱验取石榴裙	kai xiang yan qu shi liu qun	3
开荒南野际	kai huang nan ye ji	1
开视化为血	kai shi hua wei xue	2
开轩卧闲敞	kai xuan wo xian chang	3
开轩纳微凉	kai xuan na wei liang	3
开轩面场圃	kai xuan mian chang pu	6
开门对玉莲	kai men dui yu lian	2
开颜发艳照里闾	kai yan fa yan zhao li lv	2
异事惊倒百岁翁	yi shi jing dao bai sui weng	3
异日图将好景	yi ri tu jiang hao jing	3
异鹊从而利之	yi que cong er li zhi	2
弃妾已去难重回	qi qie yi qu nan chong hui	2
弃我如遗迹	qi wo ru yi ji	2
弃捐勿复道	qi juan wu fu dao	6
弃甲曳兵而走	qi jia ye bing er zou	3
弄妆梳洗迟	nong zhuang shu xi chi	4
弄潮儿向涛头立	nong chao er xiang tao tou li	7
弄花香满衣	nong hua xiang man yi	3
弊服断线多	bi fu duan xian duo	3
弓如霹雳弦惊	gong ru pi li xian jing	4
引以为流觞曲水	yin yi wei liu shang qu shui	4
引壶觞以自酌	yin hu shang yi zi zhuo	3
引无数英雄竞折腰	yin wu shu ying xiong jing zhe yao	7
引无数英雄竟折腰	yin wu shu ying xiong jing zhe yao	2
引竿自刺船	yin gan zi ci chuan	2
引领望金扉	yin ling wang jin fei	2
弟兄姐妹舞翩跹	di xiong jie mei wu pian xian	1
弟子入则孝	di zi ru ze xiao	1
弟子堂上分两厢	di zi tang shang fen liang xiang	2
弟子孰为好学	di zi shu wei hao xue	2
弟子服其劳	di zi fu qi lao	4
弟子韩干早入室	di zi han gan zao ru shi	2
张旭三杯草圣传	zhang xu san bei cao sheng chuan	3
张良是时从沛公	zhang liang shi shi cong pei gong	2
张良西向侍	zhang liang xi xiang shi	3
弥勒真弥勒	mi le zhen mi le	3
弦凝指咽声停处	xian ning zhi yan sheng ting chu	2
弦平音自足	xian ping yin zi zu	2
弦弦掩抑声声思	xian xian yan yi sheng sheng si	2
弦急悲声发	xian ji bei sheng fa	2
弦断有谁听	xian duan you shei ting	9
弦鼓一声双袖举	xian gu yi sheng shuang xiu ju	3
弱子戏我侧	ruo zi xi wo ce	2
弱者道之用	ruo zhe dao zhi yong	4
弹洞前村壁	dan dong qian cun bi	1
弹琴复长啸	tan qin fu chang xiao	5
弹看飞鸿劝胡酒	dan kan fei hong quan hu jiu	2
强乐还无味	qiang le huan wu wei	2
强笑欲风天	qiang xiao yu feng tian	2
强虏灰飞烟灭	qiang lu hui fei yan mie	2
归入武陵源	gui ru wu ling yuan	2
归卧南山陲	gui wo nan shan chui	3
归去凤池夸	gui qu feng chi kua	4
归客千里至	gui ke qian li zhi	2
归家喜及辰	gui jia xi ji chen	2
归帆拂天姥	gui fan fu tian mu	3
归心折大刀	gui xin zhe da dao	4
归心海外见明月	gui xin hai wai jian ming yue	2
归思欲沾巾	gui si yu zhan jin	2
归来仿佛三更	gui lai fang fu san geng	2
归来何太迟	gui lai he tai chi	2
归来华发苍颜	gui lai hua fa cang yan	1
归来唯见秦淮碧	gui lai wei jian qin huai bi	2
归来宴平乐	gui lai yan ping le	2
归来寻旧蹊	gui lai xun jiu qi	3
归来展转到五更	gui lai zhan zhuan dao wu geng	2
归穿弱柳风	gui chuan ruo liu feng	4
归老江湖边	gui lao jiang hu bian	2
归轩锦绣香	gui xuan jin xiu xiang	2
归途行欲曛	gui tu xing yu xun	2
归雁来时数附书	gui yan lai shi shu fu shu	2
归雁洛阳边	gui yan luo yang bian	1
归鸿声断残云碧	gui hong sheng duan can yun bi	2
当仁不让于师	dang ren bu rang yu shi	3
当今世界殊	dang jin shi jie shu	4
当今天子急贤良	dang jin tian zi ji xian liang	2
当今廊庙具	dang jin lang miao ju	2
当其下手风雨快	dang qi xia shou feng yu kuai	3
当其欣于所遇	dang qi xin yu suo yu	2
当刮目相看	dang gua mu xiang kan	7
当哭相和也	dang ku xiang he ye	2
当垆仍是卓文君	dang lu reng shi zhuo wen jun	3
当垆笑春风	dang lu xiao chun feng	3
当年万里觅封侯	dang nian wan li mi feng hou	3
当年不肯嫁春风	dang nian bu ken jia chun feng	2
当年双桧是双童	dang nian shuang gui shi shuang tong	2
当年拼却醉颜红	dang nian pin que zui yan hong	3
当年鏖战急	dang nian ao zhan ji	1
当惊世界殊	dang jing shi jie shu	8
当时只道是寻常	dang shi zhi dao shi xun chang	21
当时命而大行乎天下	dang shi ming er da xing hu tian xia	2
当时屋瓦始称珍	dang shi wu wa shi cheng zhen	2
当时应逐南风落	dang shi ying zhu nan feng luo	2
当时明月在	dang shi ming yue zai	1
当时枉杀毛延寿	dang shi wang sha mao yan shou	3
当时汉武帝	dang shi han wu di	2
当时花下就传杯	dang shi hua xia jiu chuan bei	2
当春乃发生	dang chun nai fa sheng	18
当有来者知	dang you lai zhe zhi	3
当路游丝萦醉客	dang lu you si ying zui ke	2
当陵阳之焉至兮	dang ling yang zhi yan zhi xi	2
当风不结兰麝囊	dang feng bu jie lan she nang	2
当风扬其灰	dang feng yang qi hui	3
形劳而不休则弊	xing lao er bu xiu ze bi	2
形变而有生	xing bian er you sheng	2
形适外无恙	xing shi wai wu yang	2
彩云易散琉璃脆	cai yun yi san liu li cui	11
彩云长在有新天	cai yun chang zai you xin tian	3
彩旗夹岸照蛟室	cai qi jia an zhao jiao shi	3
彩线结茸背复叠	cai xian jie rong bei fu die	2
彩翠色如柏	cai cui se ru bai	2
彩袖殷勤捧玉钟	cai xiu yin qin peng yu zhong	3
彭祖巫咸几回死	peng zu wu xian ji hui si	2
影入平羌江水流	ying ru ping qiang jiang shui liu	4
影徒随我身	ying tu sui wo shen	15
影落清波十里红	ying luo qing bo shi li hong	3
彼亦一是非	bi yi yi shi fei	4
彼仁人何其多忧也	bi ren ren he qi duo you ye	2
彼其道幽远而无人	bi qi dao you yuan er wu ren	2
彼其道远而险	bi qi dao yuan er xian	2
彼恶敢当我哉	bi wu gan dang wo zai	2
彼民有常性	bi min you chang xing	2
彼美君家菜	bi mei jun jia cai	3
彼美玉山果	bi mei yu shan guo	2
彼视渊若陵	bi shi yuan ruo ling	2
往事已成空	wang shi yi cheng kong	2
往事知多少	wang shi zhi duo shao	12
往事越千年	wang shi yue qian nian	1
往取凉州牧	wang qu liang zhou mu	2
往年曾再过	wang nian ceng zai guo	2
往往似阴铿	wang wang si yin keng	4
往往取酒还独倾	wang wang qu jiu huan du qing	1
往往杀长吏	wang wang sha zhang li	2
往往飞花落洞庭	wang wang fei hua luo dong ting	3
往日崎岖还记否	wang ri qi qu huan ji fou	2
往来一万三千里	wang lai yi wan san qian li	2
往来成古今	wang lai cheng gu jin	1
往来无白丁	wang lai wu bai ding	20
往来而不绝者	wang lai er bu jue zhe	2
往者不可谏	wang zhe bu ke jian	7
往者不可追	wang zhe bu ke zhui	1
征夫怀远路	zheng fu huai yuan lu	2
征帆一片绕蓬壶	zheng fan yi pian rao peng hu	2
征帆去棹残阳里	zheng fan qu zhao can yang li	2
径无凡草唯生竹	jing wu fan cao wei sheng zhu	2
径草踏还生	jing cao ta huan sheng	2
径须沽取对君酌	jing xu gu qu dui jun zhuo	3
待到重阳日	dai dao chong yang ri	5
待到雪化时	dai dao xue hua shi	5
待吾还丹成	dai wu huan dan cheng	2
待晓堂前拜舅姑	dai xiao tang qian bai jiu gu	2
待诏金马门	dai zhao jin ma men	2
律中鬼神惊	lv zhong gui shen jing	2
徐妃久已嫁	xu fei jiu yi jia	2
徐福空来不得仙	xu fu kong lai bu de xian	3
徒令上将挥神笔	tu ling shang jiang hui shen bi	2
徒以吾两人在也	tu yi wu liang ren zai ye	3
徒劳恨费声	tu lao hen fei sheng	2
徒善不足以为政	tu shan bu zu yi wei zheng	8
徒慕君之高义也	tu mu jun zhi gao yi ye	2
徒此揖清芬	tu ci yi qing fen	2
徒法不能以自行	tu fa bu neng yi zi xing	7
徒留无所施	tu liu wu suo shi	2
徒要教郎比并看	tu yao jiao lang bi bing kan	2
得与亡孰病	de yu wang shu bing	3
得与王子同舟	de yu wang zi tong zhou	3
得之心而寓之酒也	de zhi xin er yu zhi jiu ye	2
得兔而忘蹄	de tu er wang ti	2
得其心有道	de qi xin you dao	4
得其民有道	de qi min you dao	5
得列嘉树中	de lie jia shu zhong	2
得及游丝百尺长	de ji you si bai chi chang	2
得复见将军于此	de fu jian jiang jun yu ci	2
得天下有道	de tian xia you dao	5
得失安之于数	de shi an zhi yu shu	5
得失寸心知	de shi cun xin zhi	2
得志与民由之	de zhi yu min you zhi	3
得志行乎中国	de zhi xing hu zhong guo	2
得意而忘言	de yi er wang yan	4
得成比目何辞死	de cheng bi mu he ci si	4
得我色敷腴	de wo se fu yu	2
得来全不费功夫	de lai quan bu fei gong fu	7
得自洞庭口	de zi dong ting kou	2
得见有恒者	de jian you heng zhe	2
得道伊洛滨	de dao yi luo bin	2
得道多助失道寡助	de dao duo zhu shi dao gua zhu	5
得道者多助	de dao zhe duo zhu	1
得鱼笑寄情相亲	de yu xiao ji qing xiang qin	3
得鱼而忘荃	de yu er wang quan	2
徘徊不忍去	pai huai bu ren qu	3
徘徊于斗牛之间	pai huai yu dou niu zhi jian	1
徙倚望沧海	xi yi wang cang hai	2
御厨络绎送八珍	yu chu luo yi song ba zhen	2
御宇多年求不得	yu yu duo nian qiu bu de	2
循墙绕柱觅君诗	xun qiang rao zhu mi jun shi	3
循序而渐进	xun xu er jian jin	4
微之炼秋石	wei zhi lian qiu shi	2
微云淡河汉	wei yun dan he han	2
微凉卧北轩	wei liang wo bei xuan	2
微子为哀伤	wei zi wei ai shang	2
微官敢有济时心	wei guan gan you ji shi xin	2
微幽兰之芳蔼兮	wei you lan zhi fang ai xi	2
微月没已久	wei yue mei yi jiu	2
微波龙鳞莎草绿	wei bo long lin suo cao lv	3
微躯此外更何求	wei qu ci wai geng he qiu	2
微雨众卉新	wei yu zhong hui xin	5
微雨燕双飞	wei yu yan shuang fei	2
微雨霭芳原	wei yu ai fang yuan	2
微霞尚满天	wei xia shang man tian	4
微风燕子斜	wei feng yan zi xie	1
微风襟袖知	wei feng jin xiu zhi	2
德不厚而思国之安	de bu hou er si guo zhi an	3
德亦乐得之	de yi le de zhi	3
德固不小识	de gu bu xiao shi	2
心不同兮媒劳	xin bu tong xi mei lao	3
心与竹俱空	xin yu zhu ju kong	2
心与虚空俱	xin yu xu kong ju	2
心中与之然	xin zhong yu zhi ran	2
心中为念农桑苦	xin zhong wei nian nong sang ku	6
心中常苦悲	xin zhong chang ku bei	2
心事一杯中	xin shi yi bei zhong	2
心事两悠然	xin shi liang you ran	2
心事恐蹉跎	xin shi kong cuo tuo	4
心交上古人	xin jiao shang gu ren	6
心亦不能为之哀	xin yi bu neng wei zhi ai	2
心似双丝网	xin si shuang si wang	8
心几烦而不绝兮	xin ji fan er bu jue xi	3
心同野鹤与尘远	xin tong ye he yu chen yuan	2
心如止水鉴常明	xin ru zhi shui jian chang ming	2
心如韩寿爱偷香	xin ru han shou ai tou xiang	2
心宁累自息	xin ning lei zi xi	3
心安是归处	xin an shi gui chu	1
心心复心心	xin xin fu xin xin	3
心忧炭贱愿天寒	xin you tan jian yuan tian han	4
心恬内无忧	xin tian nei wu you	2
心悦君兮知不知	xin yue jun xi zhi bu zhi	2
心振荡而不怡	xin zhen dang er bu yi	2
心清闻妙香	xin qing wen miao xiang	2
心潮逐浪高	xin chao zhu lang gao	5
心犹豫而狐疑	xin you yu er hu yi	2
心画心声总失真	xin hua xin sheng zong shi zhen	4
心知所见皆幻影	xin zhi suo jian jie huan ying	2
心足虽贫不道贫	xin zu sui pin bu dao pin	2
心远地自偏	xin yuan di zi pian	6
心迹喜双清	xin ji xi shuang qing	2
心阵未成星满池	xin zhen wei cheng xing man chi	2
心随湖水共悠悠	xin sui hu shui gong you you	2
心随雁飞灭	xin sui yan fei mie	3
心静海鸥知	xin jing hai ou zhi	2
心飞扬兮浩荡	xin fei yang xi hao dang	2
心飞故国楼	xin fei gu guo lou	2
必不得已而去	bi bu de yi er qu	4
必世而后仁	bi shi er hou ren	2
必也临事而惧	bi ye lin shi er ju	2
必也使无讼乎	bi ye shi wu song hu	1
必也正名乎	bi ye zheng ming hu	6
必也狂狷乎	bi ye kuang juan hu	4
必以言下之	bi yi yan xia zhi	3
必以身后之	bi yi shen hou zhi	3
必使仰足以事父母	bi shi yang zu yi shi fu mu	2
必先斯四者	bi xian si si zhe	3
必先苦其心志	bi xian ku qi xin zhi	10
必千乘之家	bi qian sheng zhi jia	2
必变色而作	bi bian se er zuo	2
必固其根本	bi gu qi gen ben	9
必慢其经界	bi man qi jing jie	2
必有可观者焉	bi you ke guan zhe yan	3
必有忠信如丘者焉	bi you zhong xin ru qiu zhe yan	3
必有我师焉	bi you wo shi yan	3
必正席先尝之	bi zheng xi xian chang zhi	2
必死耀丹诚	bi si yao dan cheng	2
必浚其泉源	bi jun qi quan yuan	9
必熟而荐之	bi shu er jian zhi	2
必积其德义	bi ji qi de yi	5
必能裨补阙漏	bi neng bi bu que lou	2
必若救疮痍	bi ruo jiu chuang yi	3
忆与高李辈	yi yu gao li bei	3
忆君清泪如铅水	yi jun qing lei ru qian shui	3
忆奉莲花座	yi feng lian hua zuo	3
忆往昔峥嵘岁月稠	yi wang xi zheng rong sui yue chou	6
忆我少壮时	yi wo shao zhuang shi	2
忆昔开元全盛日	yi xi kai yuan quan sheng ri	3
忆昔洛阳董糟丘	yi xi luo yang dong zao qiu	2
忆秦娥娄山关	yi qin e lou shan guan	3
忍使骅骝气凋丧	ren shi hua liu qi diao sang	2
忍剪凌云一寸心	ren jian ling yun yi cun xin	3
忍放花如雪	ren fang hua ru xue	2
忍死须臾待杜根	ren si xu yu dai du gen	1
忍能对面为盗贼	ren neng dui mian wei dao zei	1
忍顾鹊桥归路	ren gu que qiao gui lu	8
志与秋霜洁	zhi yu qiu shuang jie	2
志士不忘在沟壑	zhi shi bu wang zai gou he	2
志士不饮盗泉之水	zhi shi bu yin dao quan zhi shui	1
志士多苦心	zhi shi duo ku xin	2
志士惜日短	zhi shi xi ri duan	2
忘了除非醉	wang liao chu fei zui	1
忘路之远近	wang lu zhi yuan jin	5
忘身于外者	wang shen yu wai zhe	2
忘适之适也	wang shi zhi shi ye	2
忙应不及闲	mang ying bu ji xian	2
忙趁东风放纸鸢	mang chen dong feng fang zhi yuan	4
忠信事不显	zhong xin shi bu xian	2
忠告而善道之	zhong gao er shan dao zhi	3
忠州刺史时	zhong zhou ci shi shi	2
忠恕而已矣	zhong shu er yi yi	4
忠愤气填膺	zhong fen qi tian ying	3
忠臣不谄其君	zhong chen bu chan qi jun	2
忠言逆耳利于行	zhong yan ni er li yu xing	32
忧世心力弱	you shi xin li ruo	2
忧伤以终老	you shang yi zhong lao	3
忧劳可以兴国	you lao ke yi xing guo	1
忧国不谋身	you guo bu mou shen	8
忧懈怠则思慎始而敬终	you xie dai ze si shen shi er jing zhong	3
忧来其如何	you lai qi ru he	3
忧来思君不敢忘	you lai si jun bu gan wang	2
忧来豁蒙蔽	you lai huo meng bi	3
忧民之忧者	you min zhi you zhe	7
忧虞何时毕	you yu he shi bi	2
忧道不忧贫	you dao bu you pin	5
快意雄风海上来	kuai yi xiong feng hai shang lai	2
快走踏清秋	kuai zou ta qing qiu	4
快马加鞭未下鞍	kuai ma jia bian wei xia an	5
忳郁邑余侘傺兮	tun yu yi yu cha chi xi	3
念之断人肠	nian zhi duan ren chang	4
念天地之悠悠	nian tian di zhi you you	5
念奴娇昆仑	nian nu jiao kun lun	2
念奴娇赤壁怀古	nian nu jiao chi bi huai gu	4
念桥边红药	nian qiao bian hong yao	3
念此私自愧	nian ci si zi kui	4
念武陵人远	nian wu ling ren yuan	1
忽临睨夫旧乡	hu lin ni fu jiu xiang	3
忽吾行此流沙兮	hu wu xing ci liu sha xi	2
忽复乘舟梦日边	hu fu cheng zhou meng ri bian	3
忽如一夜春风来	hu ru yi ye chun feng lai	46
忽如江浦上	hu ru jiang pu shang	2
忽如远行客	hu ru yuan xing ke	4
忽尔弦断绝	hu er xian duan jue	4
忽尽下牢边	hu jin xia lao bian	2
忽忆两京梅发时	hu yi liang jing mei fa shi	2
忽忆故人天际去	hu yi gu ren tian ji qu	2
忽忆绣衣人	hu yi xiu yi ren	2
忽惊二十五万丈	hu jing er shi wu wan zhang	2
忽报人间曾伏虎	hu bao ren jian ceng fu hu	1
忽有人家笑语声	hu you ren jia xiao yu sheng	3
忽然一夜春风来	hu ran yi ye chun feng lai	2
忽然欠伸屋打头	hu ran qian shen wu da tou	2
忽然闭口立	hu ran bi kou li	1
忽独与余兮目成	hu du yu yu xi mu cheng	3
忽见千帆隐映来	hu jian qian fan yin ying lai	1
忽见陌头杨柳色	hu jian mo tou yang liu se	1
忽逢桃花林	hu feng tao hua lin	6
忽闻唐衢死	hu wen tang qu si	2
忽闻岸上踏歌声	hu wen an shang ta ge sheng	4
忽闻歌古调	hu wen ge gu diao	2
忽闻水上琵琶声	hu wen shui shang pi pa sheng	3
忽闻河东狮子吼	hu wen he dong shi zi hou	3
忽闻海上有仙山	hu wen hai shang you xian shan	1
忽魂悸以魄动	hu hun ji yi po dong	2
怀佳人兮不能忘	huai jia ren xi bu neng wang	3
怀古钦英风	huai gu qin ying feng	2
怀君属秋夜	huai jun shu qiu ye	3
怀役不遑寐	huai yi bu huang mei	2
怀抱即依然	huai bao ji yi ran	2
怀抱观古今	huai bao guan gu jin	3
怀旧不能发	huai jiu bu neng fa	3
怀王与诸将约曰	huai wang yu zhu jiang yue yue	2
怀瑾握瑜兮	huai jin wo yu xi	3
怀良辰以孤往	huai liang chen yi gu wang	3
态浓意远淑且真	tai nong yi yuan shu qie zhen	3
怅卧新春白袷衣	chang wo xin chun bai jia yi	2
怅恍如或存	chang huang ru huo cun	3
怅望千秋一洒泪	chang wang qian qiu yi sa lei	4
怅望江头江水声	chang wang jiang tou jiang shui sheng	1
怅然吟式微	chang ran yin shi wei	2
怎一个愁字了得	zen yi ge chou zi liao de	6
怎得梅花扑鼻香	zen de mei hua pu bi xiang	4
怒其臂以当车辙	nu qi bi yi dang che zhe	2
怒发上冲冠	nu fa shang chong guan	3
怒涛卷霜雪	nu tao juan shuang xue	1
怒者其谁邪	nu zhe qi shui xie	2
怕得鱼惊不应人	pa de yu jing bu ying ren	2
怕见夜间出去	pa jian ye jian chu qu	3
怜君何事到天涯	lian jun he shi dao tian ya	2
怜君如弟兄	lian jun ru di xiong	4
怜蛾不点灯	lian e bu dian deng	3
思与故人言	si yu gu ren yan	2
思为双飞燕	si wei shuang fei yan	2
思久故之亲身兮	si jiu gu zhi qin shen xi	2
思乡泪满巾	si xiang lei man jin	2
思入风云变态中	si ru feng yun bian tai zhong	2
思君不见下渝州	si jun bu jian xia yu zhou	4
思君令人老	si jun ling ren lao	2
思君君不来	si jun jun bu lai	2
思君如百草	si jun ru bai cao	2
思君若汶水	si jun ruo wen shui	3
思国之安者	si guo zhi an zhe	5
思归多苦颜	si gui duo ku yan	3
思归若汾水	si gui ruo fen shui	3
思欲委符节	si yu wei fu jie	2
思索以通之	si suo yi tong zhi	2
思绵绵而增慕	si mian mian er zeng mu	3
思而不学则殆	si er bu xue ze dai	5
思飘云物外	si piao yun wu wai	2
怡然敬父执	yi ran jing fu zhi	1
急应河阳役	ji ying he yang yi	3
性慵无病常称病	xing yong wu bing chang cheng bing	2
性本爱丘山	xing ben ai qiu shan	4
性灵出万象	xing ling chu wan xiang	2
性短非所续	xing duan fei suo xu	2
怨灵修之浩荡兮	yuan ling xiu zhi hao dang xi	2
怪底眼花悬两目	guai di yan hua xuan liang mu	2
怪道侬来凭吊日	guai dao nong lai ping diao ri	2
总不能避免	zong bu neng bi mian	3
总为浮云能蔽日	zong wei fu yun neng bi ri	1
总向愁中白	zong xiang chou zhong bai	2
总把新桃换旧符	zong ba xin tao huan jiu fu	3
总是玉关情	zong shi yu guan qing	2
总赖东君主	zong lai dong jun zhu	2
恁别无萦绊	nen bie wu ying ban	2
恁时相见早留心	nen shi xiang jian zao liu xin	2
恂然弃而走	xun ran qi er zou	2
恃其便以敖予	shi qi bian yi ao yu	3
恋月潭边坐石棱	lian yue tan bian zuo shi leng	2
恍恍与之去	huang huang yu zhi qu	2
恍惊起而长嗟	huang jing qi er chang jie	3
恐为仙者迎	kong wei xian zhe ying	2
恐子就沦灭	kong zi jiu lun mie	2
恐年岁之不吾与	kong nian sui zhi bu wu yu	2
恐是潘安县	kong shi pan an xian	2
恐结他生里	kong jie ta sheng li	2
恐美人之迟暮	kong mei ren zhi chi mu	2
恢弘志士之气	hui hong zhi shi zhi qi	4
恨不移封向酒泉	hen bu yi feng xiang jiu quan	2
恨别鸟惊心	hen bie niao jing xin	11
恨到归时方始休	hen dao gui shi fang shi xiu	3
恨无人似花依旧	hen wu ren si hua yi jiu	2
恨无知音赏	hen wu zhi yin shang	2
恨晨光之熹微	hen chen guang zhi xi wei	2
恩不甚兮轻绝	en bu shen xi qing jue	1
恩爱两不疑	en ai liang bu yi	5
恭宽信敏惠	gong kuan xin min hui	3
恭者不侮人	gong zhe bu wu ren	3
恭而无礼则劳	gong er wu li ze lao	2
息我以衰老	xi wo yi shuai lao	4
恰似一江春水向东流	qia si yi jiang chun shui xiang dong liu	6
恰似十五女儿腰	qia si shi wu nv er yao	2
恰似葡萄初酦醅	qia si pu tao chu fa pei	3
恰同学少年	qia tong xue shao nian	28
恰如年少洞房人	qia ru nian shao dong fang ren	2
恶之欲其死	wu zhi yu qi si	1
恶乎知君子小人哉	wu hu zhi jun zi xiao ren zai	3
恶在其为民父母也	wu zai qi wei min fu mu ye	3
恶竹应须斩万竿	e zhu ying xu zhan wan gan	7
恶紫之夺朱也	e zi zhi duo zhu ye	3
恶者贵而美者贱	e zhe gui er mei zhe jian	3
恶能治国家	wu neng zhi guo jia	3
恸哭六军俱缟素	tong ku liu jun ju gao su	4
恸哭秋原何处村	tong ku qiu yuan he chu cun	3
悄悄是别离的笙箫	qiao qiao shi bie li de sheng xiao	5
悄悄的我走了	qiao qiao de wo zou le	7
悄悄至更阑	qiao qiao zhi geng lan	2
悉不过中年	xi bu guo zhong nian	3
悍吏之来吾乡	han li zhi lai wu xiang	3
悔不当时留住	hui bu dang shi liu zhu	2
悔作商人妇	hui zuo shang ren fu	2
悔教夫婿觅封侯	hui jiao fu xu mi feng hou	1
悟已往之不谏	wu yi wang zhi bu jian	8
悟来皆是道	wu lai jie shi dao	2
悠悠伏枕左书空	you you fu zhen zuo shu kong	2
悠悠天地间	you you tian di jian	2
悠悠天宇旷	you you tian yu kuang	6
悠悠沧海情	you you cang hai qing	3
悠悠浮云身	you you fu yun shen	2
悠然见南山	you ran jian nan shan	29
患不知人也	huan bu zhi ren ye	6
患其不能也	huan qi bu neng ye	2
悦亲戚之情话	yue qin qi zhi qing hua	2
悬崖置屋牢	xuan ya zhi wu lao	2
悲歌为黎元	bei ge wei li yuan	2
悲甚则哭之	bei shen ze ku zhi	2
悲莫悲兮生别离	bei mo bei xi sheng bie li	2
悼良会之永绝兮	dao liang hui zhi yong jue xi	2
情亲见君意	qing qin jian jun yi	3
情人怨遥夜	qing ren yuan yao ye	4
情因老更慈	qing yin lao geng ci	2
情用赏为美	qing yong shang wei mei	2
情疏迹远只香留	qing shu ji yuan zhi xiang liu	4
惆怅中何寄	chou chang zhong he ji	2
惆怅年半百	chou chang nian ban bai	3
惆怅年华暗换	chou chang nian hua an huan	2
惆怅空知思后会	chou chang kong zhi si hou hui	2
惆怅难再述	chou chang nan zai shu	2
惊回千里梦	jing hui qian li meng	2
惊残好梦无寻处	jing can hao meng wu xun chu	3
惊波一起三山动	jing bo yi qi san shan dong	2
惊破霓裳羽衣曲	jing po ni chang yu yi qu	4
惊起一滩鸥鹭	jing qi yi tan ou lu	5
惊起却回头	jing qi que hui tou	1
惊起妻孥一笑哗	jing qi qi nu yi xiao hua	2
惊退万人争战气	jing tui wan ren zheng zhan qi	3
惊霜落素丝	jing shuang luo su si	2
惊风飘白日	jing feng piao bai ri	3
惊飞远映碧山去	jing fei yuan ying bi shan qu	2
惑而不从师	huo er bu cong shi	1
惜哉时不遇	xi zai shi bu yu	3
惜春长怕花开早	xi chun chang pa hua kai zao	3
惜秦皇汉武	xi qin huang han wu	5
惟与蜘蛛乞巧丝	wei yu zhi zhu qi qiao si	2
惟大人为能格君心之非	wei da ren wei neng ge jun xin zhi fei	2
惟将终夜长开眼	wei jiang zhong ye chang kai yan	2
惟庚寅吾以降	wei geng yin wu yi jiang	4
惟恐琼楼玉宇	wei kong qiong lou yu yu	1
惟愿孩儿愚且鲁	wei yuan hai er yu qie lu	4
惟智者为能以小事大	wei zhi zhe wei neng yi xiao shi da	4
惟有一堪赏	wei you yi kan shang	2
惟有乳下孙	wei you ru xia sun	2
惟有幽人自来去	wei you you ren zi lai qu	2
惟有柳湖万株柳	wei you liu hu wan zhu liu	2
惟有楼前流水	wei you lou qian liu shui	1
惟有泪千行	wei you lei qian hang	14
惟有门前镜湖水	wei you men qian jing hu shui	3
惟有饮者留其名	wei you yin zhe liu qi ming	20
惟梁孝王都	wei liang xiao wang du	2
惟江上之清风	wei jiang shang zhi qing feng	6
惟草木之零落兮	wei cao mu zhi ling luo xi	2
惟见长江天际流	wei jian chang jiang tian ji liu	4
惠则足以使人	hui ze zu yi shi ren	4
惠崇春江晚景	hui chong chun jiang wan jing	4
惠泉山下土如濡	hui quan shan xia tu ru ru	1
惠而不知为政	hui er bu zhi wei zheng	3
惨淡看铭旌	can dan kan ming jing	2
惭无倾城色	can wu qing cheng se	2
想当治道时	xiang dang zhi dao shi	2
想得家中夜深坐	xiang de jia zhong ye shen zuo	3
想见先生未病时	xiang jian xian sheng wei bing shi	2
想见山阿人	xiang jian shan e ren	2
惶恐滩头说惶恐	huang kong tan tou shuo huang kong	3
惹起旧愁无限	re qi jiu chou wu xian	2
愁云惨淡万里凝	chou yun can dan wan li ning	3
愁云黪淡万里凝	chou yun can dan wan li ning	2
愁人正在书窗下	chou ren zheng zai shu chuang xia	2
愁人知夜长	chou ren zhi ye chang	2
愁噪夕阳枝	chou zao xi yang zhi	4
愁因薄暮起	chou yin bo mu qi	3
愁思看春不当春	chou si kan chun bu dang chun	4
愁情相与悬	chou qing xiang yu xuan	2
愁抵瞿唐关上草	chou di qu tang guan shang cao	2
愁杀芳年友	chou sha fang nian you	2
愁翁笑口大难开	chou weng xiao kou da nan kai	2
愁肠待酒舒	chou chang dai jiu shu	2
愁还随我上高楼	chou huan sui wo shang gao lou	2
愁颜与衰鬓	chou yan yu shuai bin	3
愁鬓明朝又一年	chou bin ming zhao you yi nian	1
愈往而不知其所穷	yu wang er bu zhi qi suo qiong	2
愈知宇宙宽	yu zhi yu zhou kuan	3
意之所不能察致者	yi zhi suo bu neng cha zhi zhe	2
意之所随者	yi zhi suo sui zhe	2
意内称长短	yi nei cheng chang duan	2
意在万里谁知之	yi zai wan li shui zhi zhi	2
意态由来画不成	yi tai you lai hua bu cheng	3
意恐迟迟归	yi kong chi chi gui	8
意映卿卿如晤	yi ying qing qing ru wu	5
意欲凌风翔	yi yu ling feng xiang	2
意欲捕鸣蝉	yi yu bu ming chan	1
意气相倾山可移	yi qi xiang qing shan ke yi	2
意求异士知	yi qiu yi shi zhi	2
愚人之所以为愚	yu ren zhi suo yi wei yu	2
愚者爱惜费	yu zhe ai xi fei	2
感君缠绵意	gan jun chan mian yi	2
感吾生之行休	gan wu sheng zhi xing xiu	3
感子故意长	gan zi gu yi chang	2
感慨系之矣	gan kai xi zhi yi	2
感我此言良久立	gan wo ci yan liang jiu li	2
感时思弟妹	gan shi si di mei	2
感时思报国	gan shi si bao guo	3
感时花溅泪	gan shi hua jian lei	12
感月吟风多少事	gan yue yin feng duo shao shi	1
感极而悲者矣	gan ji er bei zhe yi	2
感此伤妾心	gan ci shang qie xin	1
感物念所欢	gan wu nian suo huan	2
感郎千金意	gan lang qian jin yi	2
愿为东南枝	yuan wei dong nan zhi	2
愿为比翼鸟	yuan wei bi yi niao	6
愿为西南风	yuan wei xi nan feng	2
愿以境内累矣	yuan yi jing nei lei yi	2
愿作鸳鸯不羡仙	yuan zuo yuan yang bu xian xian	3
愿同尘与灰	yuan tong chen yu hui	3
愿君多采撷	yuan jun duo cai xie	17
愿君闻此添蜡烛	yuan jun wen ci tian la zhu	2
愿将腰下剑	yuan jiang yao xia jian	2
愿年年岁岁	yuan nian nian sui sui	2
愿得一心人	yuan de yi xin ren	26
愿得此身长报国	yuan de ci shen chang bao guo	4
愿托华池边	yuan tuo hua chi bian	2
愿言试长剑	yuan yan shi chang jian	2
愿逐月华流照君	yuan zhu yue hua liu zhao jun	7
愿闻子之志	yuan wen zi zhi zhi	2
愿随夫子天坛上	yuan sui fu zi tian tan shang	2
慈母手中线	ci mu shou zhong xian	1
慊慊思归恋故乡	qie qie si gui lian gu xiang	2
慎勿将身轻许人	shen wu jiang shen qing xu ren	1
慢肤多汗真相宜	man fu duo han zhen xiang yi	2
慨然知已秋	kai ran zhi yi qiu	4
慵闲无一事	yong xian wu yi shi	2
憔悴支离为忆君	qiao cui zhi li wei yi jun	3
懒心似江水	lan xin si jiang shui	2
懒摇白羽扇	lan yao bai yu shan	3
懒朝真与世相违	lan chao zhen yu shi xiang wei	2
懒起画蛾眉	lan qi hua e mei	3
懦夫有立志	nuo fu you li zhi	3
戍客望边色	shu ke wang bian se	3
戍鼓断人行	shu gu duan ren xing	2
戎马关山北	rong ma guan shan bei	2
戏咏猩猩毛笔二首	xi yong xing xing mao bi er shou	2
戏咏蜡梅二首	xi yong la mei er shou	2
戏拈秃笔扫骅骝	xi nian tu bi sao hua liu	2
戏问花门酒家翁	xi wen hua men jiu jia weng	2
成一家之言	cheng yi jia zhi yan	3
成如容易却艰辛	cheng ru rong yi que jian xin	7
成由勤俭破由奢	cheng you qin jian po you she	6
我不欲人之加诸我也	wo bu yu ren zhi jia zhu wo ye	3
我书意造本无法	wo shu yi zao ben wu fa	3
我云何足怪	wo yun he zu guai	3
我亦举家清	wo yi ju jia qing	2
我亦君之徒	wo yi jun zhi tu	2
我亦是行人	wo yi shi xing ren	11
我亦曾到秦人家	wo yi ceng dao qin ren jia	2
我今停杯一问之	wo jin ting bei yi wen zhi	4
我今六十五	wo jin liu shi wu	2
我从南方来	wo cong nan fang lai	3
我从去年辞帝京	wo cong qu nian ci di jing	1
我从此去钓东海	wo cong ci qu diao dong hai	3
我们都互相致意	wo men dou hu xiang zhi yi	5
我住长江头	wo zhu chang jiang tou	14
我住长江尾	wo zhu chang jiang wei	13
我何苦哀伤	wo he ku ai shang	2
我劝天公重抖擞	wo quan tian gong chong dou sou	4
我却用它来寻找光明	wo que yong ta lai xun zhao guang ming	4
我叩其两端而竭焉	wo kou qi liang duan er jie yan	2
我名公字偶相同	wo ming gong zi ou xiang tong	2
我命绝今日	wo ming jue jin ri	2
我善养吾浩然之气	wo shan yang wu hao ran zhi qi	5
我四十不动心	wo si shi bu dong xin	2
我在路中央	wo zai lu zhong yang	2
我在钱塘拓湖渌	wo zai qian tang ta hu lu	2
我失骄杨君失柳	wo shi jiao yang jun shi liu	2
我如果爱你	wo ru guo ai ni	6
我妓今朝如花月	wo ji jin zhao ru hua yue	3
我姑酌彼金罍	wo gu zhuo bi jin lei	3
我家在山西	wo jia zai shan xi	3
我家江水初发源	wo jia jiang shui chu fa yuan	2
我家洗砚池头树	wo jia xi yan chi tou shu	1
我寄愁心与明月	wo ji chou xin yu ming yue	2
我屋公墩在眼中	wo wu gong dun zai yan zhong	2
我年十六游名场	wo nian shi liu you ming chang	2
我年过半百	wo nian guo ban bai	1
我当二十不得意	wo dang er shi bu de yi	2
我待贾者也	wo dai gu zhe ye	3
我心素已闲	wo xin su yi xian	2
我怀郁如焚	wo huai yu ru fen	2
我报路长嗟日暮	wo bao lu chang jie ri mu	2
我挥一挥衣袖	wo hui yi hui yi xiu	20
我早生华发	wo zao sheng hua fa	2
我昔少年日	wo xi shao nian ri	2
我昔游锦城	wo xi you jin cheng	2
我是天空里的一片云	wo shi tian kong li de yi pian yun	4
我是清都山水郎	wo shi qing du shan shui lang	2
我有一匹好东绢	wo you yi pi hao dong juan	2
我有一瓢酒	wo you yi piao jiu	1
我有所念人	wo you suo nian ren	3
我有所感事	wo you suo gan shi	3
我有迷魂招不得	wo you mi hun zhao bu de	3
我未之见也	wo wei zhi jian ye	2
我未见力不足者	wo wei jian li bu zu zhe	3
我本将心向明月	wo ben jiang xin xiang ming yue	31
我本楚狂人	wo ben chu kuang ren	4
我李百万叶	wo li bai wan ye	2
我来圯桥上	wo lai yi qiao shang	2
我来扬都市	wo lai yang du shi	2
我来施食尔垂钩	wo lai shi shi er chui gou	2
我来竟何事	wo lai jing he shi	2
我欲一挥手	wo yu yi hui shou	2
我欲与君相知	wo yu yu jun xiang zhi	5
我欲乘风去	wo yu cheng feng qu	2
我欲乘风归去	wo yu cheng feng gui qu	15
我欲因之梦吴越	wo yu yin zhi meng wu yue	1
我欲因之梦寥廓	wo yu yin zhi meng liao kuo	5
我欲穿花寻路	wo yu chuan hua xun lu	2
我欲醉眠芳草	wo yu zui mian fang cao	2
我歌今与君殊科	wo ge jin yu jun shu ke	2
我歌月徘徊	wo ge yue pai huai	7
我爱夏日长	wo ai xia ri chang	2
我爱铜官乐	wo ai tong guan le	3
我独不得出	wo du bu de chu	1
我独异于人	wo du yi yu ren	3
我甘心做一条水草	wo gan xin zuo yi tiao shui cao	3
我生不有命	wo sheng bu you ming	2
我生天地间	wo sheng tian di jian	2
我生待明日	wo sheng dai ming ri	6
我生无田食破砚	wo sheng wu tian shi po yan	2
我生本无乡	wo sheng ben wu xiang	2
我田方寸耕不尽	wo tian fang cun geng bu jin	2
我由未免为乡人也	wo you wei mian wei xiang ren ye	3
我知之濠上也	wo zhi zhi hao shang ye	2
我离虽则岁物改	wo li sui ze sui wu gai	2
我笑他人看不穿	wo xiao ta ren kan bu chuan	43
我笑别人看不穿	wo xiao bie ren kan bu chuan	11
我肉众生肉	wo rou zhong sheng rou	2
我腾跃而上	wo teng yue er shang	1
我自岿然不动	wo zi kui ran bu dong	14
我自横刀向天笑	wo zi heng dao xiang tian xiao	27
我舞影零乱	wo wu ying ling luan	6
我行殊未已	wo xing shu wei yi	2
我行畏人知	wo xing wei ren zhi	2
我被人驱向鸭群	wo bei ren qu xiang ya qun	2
我被聪明误一生	wo bei cong ming wu yi sheng	5
我见常再拜	wo jian chang zai bai	2
我言秋日胜春朝	wo yan qiu ri sheng chun zhao	16
我识南屏金鲫鱼	wo shi nan ping jin ji yu	3
我读万卷书	wo du wan juan shu	2
我轻轻的招手	wo qing qing de zhao shou	1
我辈复登临	wo bei fu deng lin	5
我辈岂是蓬蒿人	wo bei qi shi peng hao ren	24
我醉君复乐	wo zui jun fu le	3
我醉拍手狂歌	wo zui pai shou kuang ge	2
我醉欲眠卿且去	wo zui yu mian qing qie qu	1
我闻琵琶已叹息	wo wen pi pa yi tan xi	2
我非生而知之者	wo fei sheng er zhi zhi zhe	3
戒酒杯使勿近	jie jiu bei shi wu jin	2
或五十步而后止	huo wu shi bu er hou zhi	2
或使汝眼睁睁看我死	huo shi ru yan zheng zheng kan wo si	3
或凭几学书	huo ping ji xue shu	2
或取诸怀抱	huo qu zhu huai bao	3
或可重阳更一来	huo ke chong yang geng yi lai	2
或因寄所托	huo yin ji suo tuo	3
或异二者之为	huo yi er zhe zhi wei	3
或恐是同乡	huo kong shi tong xiang	4
或植杖而耘耔	huo zhi zhang er yun zi	3
或疾或暴夭	huo ji huo bao yao	3
或百步而后止	huo bai bu er hou zhi	2
或置酒而招之	huo zhi jiu er zhao zhi	3
或谓孔子曰	huo wei kong zi yue	2
或轻于鸿毛	huo qing yu hong mao	4
或重于泰山	huo zhong yu tai shan	3
战伐有功业	zhan fa you gong ye	2
战地黄花分外香	zhan di huang hua fen wai xiang	6
战士军前半死生	zhan shi jun qian ban si sheng	4
战士指看南粤	zhan shi zhi kan nan yue	3
战锦方为大问题	zhan jin fang wei da wen ti	3
戚戚苦无悰	qi qi ku wu cong	2
截断巫山云雨	jie duan wu shan yun yu	7
戴花红石竹	dai hua hong shi zhu	2
户庭无尘杂	hu ting wu chen za	3
户服艾以盈要兮	hu fu ai yi ying yao xi	2
所以传道受业解惑也	suo yi chuan dao shou ye jie huo ye	5
所以动心忍性	suo yi dong xin ren xing	7
所以十年来	suo yi shi nian lai	4
所以持死节	suo yi chi si jie	2
所以敢先汝而死	suo yi gan xian ru er si	5
所以游目骋怀	suo yi you mu cheng huai	1
所以遣将守关者	suo yi qian jiang shou guan zhe	2
所向无空阔	suo xiang wu kong kuo	3
所守或匪亲	suo shou huo fei qin	1
所思在远道	suo si zai yuan dao	2
所恶勿施尔也	suo wu wu shi er ye	3
所悲忠与义	suo bei zhong yu yi	2
所期就金液	suo qi jiu jin ye	2
所欲与之聚之	suo yu yu zhi ju zhi	4
所欲有甚于生者	suo yu you shen yu sheng zhe	1
所系者然也	suo xi zhe ran ye	2
所谓故国者	suo wei gu guo zhe	3
扁舟何处寻	pian zhou he chu xun	2
扁舟共济与君同	pian zhou gong ji yu jun tong	3
扁舟意不忘	pian zhou yi bu wang	2
扈江离与辟芷兮	hu jiang li yu bi zhi xi	4
手把文书口称敕	shou ba wen shu kou cheng chi	3
手把红旗旗不湿	shou ba hong qi qi bu shi	7
手持绿玉杖	shou chi lv yu zhang	2
手指不可屈伸	shou zhi bu ke qu shen	3
手捋红杏蕊	shou lv hong xing rui	2
手提掷还崔大夫	shou ti zhi huan cui dai fu	2
手提新画青松障	shou ti xin hua qing song zhang	2
手栽荔子待我归	shou zai li zi dai wo gui	2
才了蚕桑又插田	cai liao can sang you cha tian	4
才始送春归	cai shi song chun gui	1
才美不外见	cai mei bu wai xian	4
才饮长江水	cai yin chang jiang shui	3
才饮长沙水	cai yin chang sha shui	6
打作春瓮鹅儿酒	da zuo chun weng e er jiu	2
打起黄莺儿	da qi huang ying er	3
托体同山阿	tuo ti tong shan e	5
托兴每不浅	tuo xing mei bu qian	2
执弹而留之	zhi dan er liu zhi	2
执敲扑而鞭笞天下	zhi qiao pu er bian chi tian xia	2
执策而临之	zhi ce er lin zhi	2
扪参历井仰胁息	men shen li jing yang xie xi	2
扬州市里商人女	yang zhou shi li shang ren nv	2
扬灵兮未极	yang ling xi wei ji	2
扶摇直上九万里	fu yao zhi shang jiu wan li	7
扶桑已成薪	fu sang yi cheng xin	2
承天寺夜游	cheng tian si ye you	1
承恩不在貌	cheng en bu zai mao	2
把吴钩看了	ba wu gou kan liao	1
把志气奋发得起	ba zhi qi fen fa de qi	3
把意念沉潜得下	ba yi nian chen qian de xia	3
把汝裁为三截	ba ru cai wei san jie	5
把盏凄然北望	ba zhan qi ran bei wang	2
把盏对花容一呷	ba zhan dui hua rong yi xia	2
把破帽年年拈出	ba po mao nian nian nian chu	2
把酒坐看珠跳盆	ba jiu zuo kan zhu tiao pen	2
把酒祝东风	ba jiu zhu dong feng	6
把酒话桑麻	ba jiu hua sang ma	4
把酒酹滔滔	ba jiu lei tao tao	4
把酒问姮娥	ba jiu wen heng e	2
把酒问青天	ba jiu wen qing tian	34
抑亦先觉者	yi yi xian jue zhe	2
抑汝能之乎	yi ru neng zhi hu	3
投冠旋旧墟	tou guan xuan jiu xu	2
投我以木李	tou wo yi mu li	4
投我以木桃	tou wo yi mu tao	1
投荒万死鬓毛斑	tou huang wan si bin mao ban	3
投诗赠汨罗	tou shi zeng mi luo	2
投躯寄天下	tou qu ji tian xia	2
投迹山水地	tou ji shan shui di	2
投迹归此地	tou ji gui ci di	2
投饭救饥渴	tou fan jiu ji ke	2
抗言谈在昔	kang yan tan zai xi	3
折戟沉沙铁未销	zhe ji chen sha tie wei xiao	1
折断门前柳	zhe duan men qian liu	2
折花门前剧	zhe hua men qian ju	4
折芳馨兮遗所思	zhe fang xin xi wei suo si	2
折麻心莫展	zhe ma xin mo zhan	2
抚孤松而盘桓	fu gu song er pan huan	2
抚背复谁怜	fu bei fu shui lian	2
抚长剑兮玉珥	fu chang jian xi yu er	3
抟扶摇而上者九万里	tuan fu yao er shang zhe jiu wan li	4
抟摇直上九万里	tuan yao zhi shang jiu wan li	4
报之以琼玖	bao zhi yi qiong jiu	4
报之以琼琚	bao zhi yi qiong ju	3
报仇千里如咫尺	bao chou qian li ru zhi chi	4
报养刘之日短也	bao yang liu zhi ri duan ye	2
报君黄金台上意	bao jun huang jin tai shang yi	2
报孙会宗书	bao sun hui zong shu	3
报得三春晖	bao de san chun hui	2
报答平生未展眉	bao da ping sheng wei zhan mei	3
报道敌军宵遁	bao dao di jun xiao dun	4
报韩虽不成	bao han sui bu cheng	2
披帷西向立	pi wei xi xiang li	2
披衣觉露滋	pi yi jue lu zi	1
披衣闲坐养幽情	pi yi xian zuo yang you qing	3
披香殿广十丈余	pi xiang dian guang shi zhang yu	2
抱关老卒饥不眠	bao guan lao zu ji bu mian	2
抱明月而长终	bao ming yue er chang zhong	2
抱琴看鹤去	bao qin kan he qu	3
抱璞求所归	bao pu qiu suo gui	2
抽刀断水水更流	chou dao duan shui shui geng liu	6
拂了一身还满	fu liao yi shen huan man	1
拂堤杨柳醉春烟	fu di yang liu zui chun yan	1
拂尽五松山	fu jin wu song shan	2
拂窗新柳色	fu chuang xin liu se	2
拄杖东家分社肉	zhu zhang dong jia fen she rou	3
拄杖无时夜叩门	zhu zhang wu shi ye kou men	4
拄杖无时夜扣门	zhu zhang wu shi ye kou men	2
拄杖落手心茫然	zhu zhang luo shou xin mang ran	3
担囊行取薪	dan nang xing qu xin	2
拆桐花烂漫	chai tong hua lan man	3
拈断数茎须	nian duan shu jing xu	3
拉杂摧烧之	la za cui shao zhi	1
拍手笑沙鸥	pai shou xiao sha ou	3
拔剑切而啖之	ba jian qie er dan zhi	3
拔剑四顾心茫然	ba jian si gu xin mang ran	6
拔剑撞而破之	ba jian zhuang er po zhi	2
拔剑起蒿莱	ba jian qi hao lai	3
拙诗在壁无人爱	zhuo shi zai bi wu ren ai	2
招屈亭前水东注	zhao qu ting qian shui dong zhu	3
招待出牢人	zhao dai chu lao ren	2
招魂楚些何嗟及	zhao hun chu xie he jie ji	2
拟古决绝词	ni gu jue jue ci	3
拟把疏狂图一醉	ni ba shu kuang tu yi zui	2
拣尽寒枝不肯栖	jian jin han zhi bu ken qi	3
拥炉开酒缸	yong lu kai jiu gang	2
择其善而从之	ze qi shan er cong zhi	4
择善而从之	ze shan er cong zhi	4
择师而教之	ze shi er jiao zhi	1
括不可使将	kuo bu ke shi jiang	2
拭泪相看是故人	shi lei xiang kan shi gu ren	2
拾得翠翘何恨不能言	shi de cui qiao he hen bu neng yan	2
拾此充饥肠	shi ci chong ji chang	3
拾穗许村童	shi sui xu cun tong	3
持一象笏至	chi yi xiang hu zhi	2
持为寒者薪	chi wei han zhe xin	3
持家但有四立壁	chi jia dan you si li bi	1
持此足为乐	chi ci zu wei le	2
持钱买花树	chi qian mai hua shu	2
挂席欲进波连山	gua xi yu jin bo lian shan	2
指如削葱根	zhi ru xiao cong gen	4
指挥若定失萧曹	zhi hui ruo ding shi xiao cao	3
指直不得结	zhi zhi bu de jie	2
挟太山以超北海	xie tai shan yi chao bei hai	4
挟弹章台左	xie dan zhang tai zuo	2
挥手从兹去	hui shou cong zi qu	4
挥手自兹去	hui shou zi zi qu	2
挥毫落纸如云烟	hui hao luo zhi ru yun yan	3
挥策还孤舟	hui ce huan gu zhou	2
挥翰宿春天	hui han su chun tian	2
挫万物于笔端	cuo wan wu yu bi duan	6
振长策而御宇内	zhen chang ce er yu yu nei	3
挽弓当挽强	wan gong dang wan qiang	5
挽戴安澜将军	wan dai an lan jiang jun	3
捐余玦兮江中	juan yu jue xi jiang zhong	2
捐弹而反走	juan dan er fan zou	2
捐躯赴国难	juan qu fu guo nan	8
捐躯远从戎	juan qu yuan cong rong	3
换了浅斟低唱	huan le qian zhen di chang	4
换得东家种树书	huan de dong jia zhong shu shu	2
捣药兔长生	dao yao tu chang sheng	2
捻断数茎须	nian duan shu jing xu	5
掀舞一叶白头翁	xian wu yi ye bai tou weng	2
排空驭气奔如电	pai kong yu qi ben ru dian	3
掘井九仞而不及泉	jue jing jiu ren er bu ji quan	3
探古穷至妙	tan gu qiong zhi miao	2
探究其本源	tan jiu qi ben yuan	3
探金英知近重阳	tan jin ying zhi jin chong yang	2
接叶制茅亭	jie ye zhi mao ting	2
接天莲叶无穷碧	jie tian lian ye wu qiong bi	4
接孟氏之芳邻	jie meng shi zhi fang lin	3
接汉疑星落	jie han yi xing luo	4
接筒引水喉不干	jie tong yin shui hou bu gan	2
控弦尽用阴山儿	kong xian jin yong yin shan er	2
控弦破左的	kong xian po zuo di	2
推心辅王政	tui xin fu wang zheng	2
掩卷忽而笑	yan juan hu er xiao	2
掩泪悲千古	yan lei bei qian gu	1
掬水月在手	ju shui yue zai shou	1
揉破黄金万点轻	rou po huang jin wan dian qing	2
揉碎在浮藻间	rou sui zai fu zao jian	2
提剑出燕京	ti jian chu yan jing	2
提携玉龙为君死	ti xie yu long wei jun si	2
提携袴中儿	ti xie ku zhong er	2
揖让月在手	yi rang yue zai shou	2
握兰勤徒结	wo lan qin tu jie	2
握手珠眶涨	wo shou zhu kuang zhang	2
揭竿命爵分雄雌	jie gan ming jue fen xiong ci	2
援北斗兮酌桂浆	yuan bei dou xi zhuo gui jiang	3
援琴鸣弦发清商	yuan qin ming xian fa qing shang	2
揽茹蕙以掩涕兮	lan ru hui yi yan ti xi	2
揽裙脱丝履	lan qun tuo si lv	2
搅得周天寒彻	jiao de zhou tian han che	1
搴芙蓉兮木末	qian fu rong xi mu mo	1
携我远来游渼陂	xie wo yuan lai you mei bei	2
携手上河梁	xie shou shang he liang	3
携手共行乐	xie shou gong xing le	2
携手日同行	xie shou ri tong xing	4
携手玩芳丛	xie shou wan fang cong	2
携杖来追柳外凉	xie zhang lai zhui liu wai liang	3
携来百侣曾游	xie lai bai lv ceng you	3
携盘独出月荒凉	xie pan du chu yue huang liang	2
摄提贞于孟陬兮	she ti zhen yu meng zou xi	4
摇尾而求食	yao wei er qiu shi	2
摇摇欲唤人	yao yao yu huan ren	3
摇曳碧云斜	yao ye bi yun xie	2
摇艳桂水云	yao yan gui shui yun	2
摇荡花间雨	yao dang hua jian yu	2
摇落深知宋玉悲	yao luo shen zhi song yu bei	3
摊破浣溪沙	tan po huan xi sha	3
摘得菊花携得酒	zhai de ju hua xie de jiu	2
摘来正带凌晨露	zhai lai zheng dai ling chen lu	2
摘来沽酒君肯否	zhai lai gu jiu jun ken fou	3
摧甓蔓寒葩	cui pi man han pa	2
摩围山色醉今朝	mo wei shan se zui jin zhao	2
摩诃池上春光早	mo he chi shang chun guang zao	2
摩诃池上追游路	mo he chi shang zhui you lu	2
撑一支长篙	cheng yi zhi chang gao	5
撩乱边愁听不尽	liao luan bian chou ting bu jin	2
播西都之丽草兮	bo xi du zhi li cao xi	2
操余弧兮反沦降	cao yu hu xi fan lun jiang	2
操千曲而后晓声	cao qian qu er hou xiao sheng	4
操千曲而知音	cao qian qu er zhi yin	3
擢秀繁霜中	zhuo xiu fan shuang zhong	2
攀条折其荣	pan tiao zhe qi rong	3
攀桂仰天高	pan gui yang tian gao	3
攒金卢橘坞	zan jin lu ju wu	2
攘袖见素手	rang xiu jian su shou	2
支离东北风尘际	zhi li dong bei feng chen ji	3
支离笑此身	zhi li xiao ci shen	3
收取关山五十州	shou qu guan shan wu shi zhou	5
收天下之兵	shou tian xia zhi bing	1
收拾旧山河	shou shi jiu shan he	5
收拾金瓯一片	shou shi jin ou yi pian	4
收汝泪纵横	shou ru lei zong heng	3
改西乡隆盛诗赠父亲	gai xi xiang long sheng shi zeng fu qin	3
放一轮明月	fang yi lun ming yue	2
放于利而行	fang yu li er xing	4
放在匣中何不鸣	fang zai xia zhong he bu ming	3
放情咏离骚	fang qing yong li sao	2
放歌颇愁绝	fang ge po chou jue	2
放浪形骸之外	fang lang xing hai zhi wai	1
放荡齐赵间	fang dang qi zhao jian	3
放言五首并序	fang yan wu shou bing xu	2
故万物一也	gu wan wu yi ye	2
故不可得而亲	gu bu ke de er qin	3
故不登高山	gu bu deng gao shan	3
故不积跬步	gu bu ji kui bu	4
故为天下贵	gu wei tian xia gui	3
故乡不可见	gu xiang bu ke jian	2
故乡今夜思千里	gu xiang jin ye si qian li	2
故乡何处是	gu xiang he chu shi	1
故人一别几时见	gu ren yi bie ji shi jian	2
故人何寂寞	gu ren he ji mo	5
故人供禄米	gu ren gong lu mi	2
故人入我梦	gu ren ru wo meng	1
故人具鸡黍	gu ren ju ji shu	4
故人家在桃花岸	gu ren jia zai tao hua an	2
故人知我意	gu ren zhi wo yi	2
故人西辞黄鹤楼	gu ren xi ci huang he lou	11
故人送我东来时	gu ren song wo dong lai shi	2
故列叙时人	gu lie xu shi ren	2
故去彼取此	gu qu bi qu ci	2
故君子名之必可言也	gu jun zi ming zhi bi ke yan ye	2
故君子居必择乡	gu jun zi ju bi ze xiang	2
故君子有不战	gu jun zi you bu zhan	2
故君子莫大乎与人为善	gu jun zi mo da hu yu ren wei shan	3
故善战者服上刑	gu shan zhan zhe fu shang xing	2
故园三十二年前	gu yuan san shi er nian qian	4
故园东望路漫漫	gu yuan dong wang lu man man	4
故园今夜里	gu yuan jin ye li	3
故园无此声	gu yuan wu ci sheng	4
故园芜已平	gu yuan wu yi ping	2
故国三千里	gu guo san qian li	1
故国不堪回首月明中	gu guo bu kan hui shou yue ming zhong	3
故国平居有所思	gu guo ping ju you suo si	2
故圣人之用兵也	gu sheng ren zhi yong bing ye	2
故垒萧萧芦荻秋	gu lei xiao xiao lu di qiu	2
故士有画地为牢	gu shi you hua di wei lao	1
故多能鄙事	gu duo neng bi shi	3
故大王事獯鬻	gu da wang shi xun yu	3
故天下莫能与之争	gu tian xia mo neng yu zhi zheng	2
故天将降大任于是人也	gu tian jiang jiang da ren yu shi ren ye	3
故失道而后德	gu shi dao er hou de	3
故学数有终	gu xue shu you zhong	2
故将愁苦而终穷	gu jiang chou ku er zhong qiong	2
故山知好在	gu shan zhi hao zai	2
故岁今宵尽	gu sui jin xiao jin	3
故性长非所断	gu xing chang fei suo duan	2
故旷日长久而社稷安矣	gu kuang ri chang jiu er she ji an yi	2
故有之以为利	gu you zhi yi wei li	2
故有斯人慰寂寥	gu you si ren wei ji liao	2
故有道者不处	gu you dao zhe bu chu	3
故木受绳则直	gu mu shou sheng ze zhi	3
故来相决绝	gu lai xiang jue jue	2
故民之从之也轻	gu min zhi cong zhi ye qing	2
故渔者歌曰	gu yu zhe ge yue	2
故燕王欲结于君	gu yan wang yu jie yu jun	2
故画作远山长	gu hua zuo yuan shan chang	1
故知足不辱	gu zhi zu bu ru	2
故知足之足	gu zhi zu zhi zu	1
故穿庭树作飞花	gu chuan ting shu zuo fei hua	3
故纯朴不残	gu chun pu bu can	2
故能成其大	gu neng cheng qi da	7
故能成器长	gu neng cheng qi chang	2
故能胜物而不伤	gu neng sheng wu er bu shang	2
故虽有名马	gu sui you ming ma	2
故足以动人	gu zu yi dong ren	2
故远人不服	gu yuan ren bu fu	3
故遂忍悲为汝言之	gu sui ren bei wei ru yan zhi	4
故遣将守关者	gu qian jiang shou guan zhe	2
故闻伯夷之风者	gu wen bo yi zhi feng zhe	2
故非有志者不能至也	gu fei you zhi zhe bu neng zhi ye	3
故饭牛而牛肥	gu fan niu er niu fei	2
敌军围困万千重	di jun wei kun wan qian chong	6
敏于事而慎于言	min yu shi er shen yu yan	6
敏以求之者也	min yi qiu zhi zhe ye	3
敏捷诗千首	min jie shi qian shou	2
敏给搏捷矢	min gei bo jie shi	2
敕赐珊瑚白玉鞭	chi ci shan hu bai yu bian	2
教君恣意怜	jiao jun zi yi lian	2
教坊犹奏别离歌	jiao fang you zou bie li ge	2
教坊犹奏离别歌	jiao fang you zou li bie ge	2
教妾若为容	jiao qie ruo wei rong	2
教然后知困	jiao ran hou zhi kun	5
教者必以正	jiao zhe bi yi zheng	3
教育及时堪赞赏	jiao yu ji shi kan zan shang	2
敛尽春山羞不语	lian jin chun shan xiu bu yu	2
敝之而无憾	bi zhi er wu han	3
敝庐何必广	bi lu he bi guang	2
敢以耳目烦神工	gan yi er mu fan shen gong	2
敢叫日月换新天	gan jiao ri yue huan xin tian	3
敢将十指夸针巧	gan jiang shi zhi kua zhen qiao	2
敢教日月换新天	gan jiao ri yue huan xin tian	3
敢昭告于皇皇后帝	gan zhao gao yu huang huang hou di	2
敢辞湫隘与嚣尘	gan ci jiao ai yu xiao chen	2
敢问何谓也	gan wen he wei ye	2
散上峰头望故乡	san shang feng tou wang gu xiang	4
散似秋云无觅处	san si qiu yun wu mi chu	2
散入春风满洛城	san ru chun feng man luo cheng	1
散入珠帘湿罗幕	san ru zhu lian shi luo mu	3
散关三尺雪	san guan san chi xue	2
散发乘夕凉	san fa cheng xi liang	2
散发弄扁舟	san fa nong pian zhou	3
散员足庇身	san yuan zu bi shen	2
散在六合间	san zai liu he jian	2
散步咏凉天	san bu yong liang tian	3
散火杨梅林	san huo yang mei lin	2
散诞人间乐	san dan ren jian le	2
敦兮其若朴	dun xi qi ruo pu	3
敬遣代表林祖涵	jing qian dai biao lin zu han	2
敬鬼神而远之	jing gui shen er yuan zhi	6
数之所不能分也	shu zhi suo bu neng fen ye	2
数之所不能穷也	shu zhi suo bu neng qiong ye	2
数口之家可以无饥矣	shu kou zhi jia ke yi wu ji yi	2
数峰无语立斜阳	shu feng wu yu li xie yang	3
数有所不逮	shu you suo bu dai	2
数树深红出浅黄	shu shu shen hong chu qian huang	7
数罟不入洿池	shu gu bu ru wu chi	6
数里入云峰	shu li ru yun feng	3
数问夜如何	shu wen ye ru he	3
数间茅屋闲临水	shu jian mao wu xian lin shui	2
数风流人物	shu feng liu ren wu	26
数骑渔阳探使回	shu qi yu yang tan shi hui	2
敲门都不应	qiao men dou bu ying	2
整整复斜斜	zheng zheng fu xie xie	2
文不在兹乎	wen bu zai zi hu	3
文之以礼乐	wen zhi yi li yue	1
文楸方罫花参差	wen qiu fang gua hua cen ci	2
文献不足故也	wen xian bu zu gu ye	2
文王事昆夷	wen wang shi kun yi	3
文王发政施仁	wen wang fa zheng shi ren	3
文章千古事	wen zhang qian gu shi	2
文章憎命达	wen zhang zeng ming da	1
文章本天成	wen zhang ben tian cheng	1
文章辉五色	wen zhang hui wu se	2
文章韩杜无遗恨	wen zhang han du wu yi hen	2
文胜质则史	wen sheng zhi ze shi	6
斑竹一支千滴泪	ban zhu yi zhi qian di lei	2
斑竹一枝千滴泪	ban zhu yi zhi qian di lei	6
斗巧尽输年少	dou qiao jin shu nian shao	2
斗水何直百忧宽	dou shui he zhi bai you kuan	2
斗酒十千恣欢谑	dou jiu shi qian zi huan xue	3
料峭春风吹酒醒	liao qiao chun feng chui jiu xing	4
料得年年断肠处	liao de nian nian duan chang chu	4
料得年年肠断处	liao de nian nian chang duan chu	2
料钱随月用	liao qian sui yue yong	3
斜低建章阙	xie di jian zhang que	2
斜倚熏笼坐到明	xie yi xun long zuo dao ming	1
斜光到晓穿朱户	xie guang dao xiao chuan zhu hu	2
斜日一双双	xie ri yi shuang shuang	2
斜晖脉脉水悠悠	xie hui mo mo shui you you	6
斜月沉沉藏海雾	xie yue chen chen cang hai wu	3
斜风细雨不须归	xie feng xi yu bu xu gui	4
斟酌姮娥寡	zhen zhuo heng e gua	2
斥鷃每闻欺大鸟	chi yan mei wen qi da niao	3
斧冰持作糜	fu bing chi zuo mi	2
斧斤以时入山林	fu jin yi shi ru shan lin	5
斫去桂婆娑	zhuo qu gui po suo	2
斫取青光写楚辞	zhuo qu qing guang xie chu ci	3
断头今日意如何	duan tou jin ri yi ru he	5
断尽苏州刺史肠	duan jin su zhou ci shi chang	2
断无消息石榴红	duan wu xiao xi shi liu hong	2
断肢体受辱	duan zhi ti shou ru	3
斯不亦惠而不费乎	si bu yi hui er bu fei hu	2
斯亦不足畏也已	si yi bu zu wei ye yi	2
斯亦伐根以求木茂	si yi fa gen yi qiu mu mao	2
斯人不可闻	si ren bu ke wen	3
斯人独憔悴	si ren du qiao cui	2
斯友一乡之善士	si you yi xiang zhi shan shi	1
斯友一国之善士	si you yi guo zhi shan shi	3
斯友天下之善士	si you tian xia zhi shan shi	1
斯得天下矣	si de tian xia yi	5
斯文定有攸归	si wen ding you you gui	3
斯有不忍人之政矣	si you bu ren ren zhi zheng yi	2
斯谓之仁已乎	si wei zhi ren yi hu	2
斯须改变如苍狗	si xu gai bian ru cang gou	3
斯须炒成满室香	si xu chao cheng man shi xiang	3
新丰绿树起黄埃	xin feng lv shu qi huang ai	2
新丰美酒斗十千	xin feng mei jiu dou shi qian	1
新买五尺刀	xin mai wu chi dao	2
新制绫袄成感而有咏	xin zhi ling ao cheng gan er you yong	2
新妆宜面下朱楼	xin zhuang yi mian xia zhu lou	1
新年都未有芳华	xin nian dou wei you fang hua	4
新开一夜风	xin kai yi ye feng	3
新恨云山千叠	xin hen yun shan qian die	2
新春偷向柳梢归	xin chun tou xiang liu shao gui	3
新月如佳人	xin yue ru jia ren	3
新松恨不高千尺	xin song hen bu gao qian chi	7
新沐者必弹冠	xin mu zhe bi tan guan	4
新浴者必振衣	xin yu zhe bi zhen yi	4
新炊间黄粱	xin chui jian huang liang	4
新秋雁带来	xin qiu yan dai lai	3
新诗出谈笑	xin shi chu tan xiao	2
新诗改罢自长吟	xin shi gai ba zi chang yin	2
新贴绣罗襦	xin tie xiu luo ru	2
新郎君去马如飞	xin lang jun qu ma ru fei	2
新雁过妆楼	xin yan guo zhuang lou	3
新雨带秋岚	xin yu dai qiu lan	2
新面来近市	xin mian lai jin shi	2
新鬼烦冤旧鬼哭	xin gui fan yuan jiu gui ku	3
方员之至也	fang yuan zhi zhi ye	2
方宅十余亩	fang zhai shi yu mu	4
方显出英雄本色	fang xian chu ying xiong ben se	5
方期沆瀁游	fang qi hang yang you	2
方法论的宏大框架	fang fa lun de hong da kuang jia	2
方蔺相如引璧睨柱	fang lin xiang ru yin bi ni zhu	2
施佛空留丈六身	shi fo kong liu zhang liu shen	2
旁人不惜妻止之	pang ren bu xi qi zhi zhi	2
旅次兼百忧	lv ci jian bai you	2
旅次湘沅有怀灵均	lv ci xiang yuan you huai ling jun	2
旅泊穷清渭	lv bo qiong qing wei	3
旅雁上云归紫塞	lv yan shang yun gui zi sai	2
旅馆寒灯独不眠	lv guan han deng du bu mian	1
旋扑珠帘过粉墙	xuan pu zhu lian guo fen qiang	1
旌旆尽飞扬	jing pei jin fei yang	3
旌旗十万斩阎罗	jing qi shi wan zhan yan luo	5
旌蔽日兮敌若云	jing bi ri xi di ruo yun	3
族与万物并	zu yu wan wu bing	4
族庖月更刀	zu pao yue geng dao	3
族秦者秦也	zu qin zhe qin ye	3
旗号镰刀斧头	qi hao lian dao fu tou	4
旗脚倚风时弄影	qi jiao yi feng shi nong ying	2
无一朝之患也	wu yi zhao zhi huan ye	3
无丝竹之乱耳	wu si zhu zhi luan er	5
无为在歧路	wu wei zai qi lu	4
无为守穷贱	wu wei shou qiong jian	2
无为有处有还无	wu wei you chu you huan wu	2
无为而无不为	wu wei er wu bu wei	1
无主荷花到处开	wu zhu he hua dao chu kai	3
无乃伤清白	wu nai shang qing bai	4
无乃太匆忙	wu nai tai cong mang	2
无乃太简乎	wu nai tai jian hu	2
无之以为用	wu zhi yi wei yong	2
无乐自欣豫	wu le zi xin yu	2
无事小神仙	wu shi xiao shen xian	3
无人不道看花回	wu ren bu dao kan hua hui	3
无人争晓渡	wu ren zheng xiao du	3
无人信高洁	wu ren xin gao jie	3
无人知是荔枝来	wu ren zhi shi li zhi lai	8
无人立碑碣	wu ren li bei jie	2
无人解爱萧条境	wu ren jie ai xiao tiao jing	2
无从致书以观	wu cong zhi shu yi guan	1
无以为君子	wu yi wei jun zi	4
无以人灭天	wu yi ren mie tian	3
无以得殉名	wu yi de xun ming	2
无以成江海	wu yi cheng jiang hai	1
无以故灭命	wu yi gu mie ming	3
无以汝色骄人哉	wu yi ru se jiao ren zai	3
无以知人也	wu yi zhi ren ye	3
无以终余年	wu yi zhong yu nian	2
无以至今日	wu yi zhi jin ri	2
无以至千里	wu yi zhi qian li	10
无使尨也吠	wu shi mang ye fei	3
无使蛟龙得	wu shi jiao long de	3
无动而不变	wu dong er bu bian	2
无友不如己者	wu you bu ru ji zhe	4
无名天地之始	wu ming tian di zhi shi	3
无吝宴游过	wu lin yan you guo	2
无因移得到人家	wu yin yi de dao ren jia	2
无地不相宜	wu di bu xiang yi	3
无处可安排	wu chu ke an pai	2
无处话凄凉	wu chu hua qi liang	19
无处豁怀抱	wu chu huo huai bao	2
无复独多虑	wu fu du duo lv	1
无夕不思量	wu xi bu si liang	1
无夜不相思	wu ye bu xiang si	1
无奈朝来寒雨晚来风	wu nai zhao lai han yu wan lai feng	2
无奈被些名利缚	wu nai bei xie ming li fu	2
无家问死生	wu jia wen si sheng	3
无恒产者无恒心	wu heng chan zhe wu heng xin	6
无恒产而有恒心者	wu heng chan er you heng xin zhe	3
无恻隐之心	wu ce yin zhi xin	1
无情最是台城柳	wu qing zui shi tai cheng liu	5
无惛惛之事者	wu hun hun zhi shi zhe	2
无愁头上亦垂丝	wu chou tou shang yi chui si	2
无意插柳柳成阴	wu yi cha liu liu cheng yin	3
无意苦争春	wu yi ku zheng chun	4
无感我帨兮	wu gan wo shui xi	3
无成涕作霖	wu cheng ti zuo lin	2
无所不至矣	wu suo bu zhi yi	5
无所去忧也	wu suo qu you ye	2
无所苟而已矣	wu suo gou er yi yi	3
无所逃于天地之间	wu suo tao yu tian di zhi jian	4
无攻人之恶	wu gong ren zhi e	3
无数新禽有喜声	wu shu xin qin you xi sheng	2
无数春笋满林生	wu shu chun sun man lin sheng	3
无数铃声遥过碛	wu shu ling sheng yao guo qi	3
无日不悠悠	wu ri bu you you	3
无日不瞻望	wu ri bu zhan wang	2
无时而不移	wu shi er bu yi	2
无昭昭之明	wu zhao zhao zhi ming	3
无是非之心	wu shi fei zhi xin	1
无有入无间	wu you ru wu jian	2
无树不开花	wu shu bu kai hua	2
无案牍之劳形	wu an du zhi lao xing	2
无此道而为此服者	wu ci dao er wei ci fu zhe	2
无求于物长精神	wu qiu yu wu chang jing shen	2
无求生以害仁	wu qiu sheng yi hai ren	1
无泥未有尘	wu ni wei you chen	2
无灾无难到公卿	wu zai wu nan dao gong qing	5
无点亦无声	wu dian yi wu sheng	2
无物结同心	wu wu jie tong xin	2
无由再逢伊面	wu you zai feng yi mian	2
无由持一碗	wu you chi yi wan	2
无由睹雄略	wu you du xiong lve	2
无竹令人俗	wu zhu ling ren su	6
无缘对面不相逢	wu yuan dui mian bu xiang feng	10
无羞恶之心	wu xiu wu zhi xin	5
无肉令人瘦	wu rou ling ren shou	6
无花只有寒	wu hua zhi you han	1
无花无酒锄作田	wu hua wu jiu chu zuo tian	1
无衣床夜寒	wu yi chuang ye han	2
无言独上西楼	wu yan du shang xi lou	8
无言谁会凭阑意	wu yan shui hui ping lan yi	2
无计留春住	wu ji liu chun zhu	2
无计相回避	wu ji xiang hui bi	2
无论海角与天涯	wu lun hai jiao yu tian ya	1
无赫赫之功	wu he he zhi gong	4
无辞让之心	wu ci rang zhi xin	4
无边丝雨细如愁	wu bian si yu xi ru chou	1
无边光景一时新	wu bian guang jing yi shi xin	6
无边落木萧萧下	wu bian luo mu xiao xiao xia	4
无那尘缘容易绝	wu na chen yuan rong yi jue	2
无那金闺万里愁	wu na jin gui wan li chou	2
无限风光在险峰	wu xian feng guang zai xian feng	11
无限风光尽被占	wu xian feng guang jin bei zhan	3
无非一念救苍生	wu fei yi nian jiu cang sheng	2
无非湘水余波	wu fei xiang shui yu bo	6
无食无儿一妇人	wu shi wu er yi fu ren	2
既含睇兮又宜笑	ji han di xi you yi xiao	3
既自以心为形役	ji zi yi xin wei xing yi	1
既莫足与为美政兮	ji mo zu yu wei mei zheng xi	3
日入相与归	ri ru xiang yu gui	2
日出江花红胜火	ri chu jiang hua hong sheng huo	19
日出而林霏开	ri chu er lin fei kai	2
日啖荔枝三百颗	ri dan li zhi san bai ke	1
日夕凉风至	ri xi liang feng zhi	2
日夕殊不来	ri xi shu bu lai	2
日夕连秋声	ri xi lian qiu sheng	2
日夜向沧洲	ri ye xiang cang zhou	2
日夜望将军至	ri ye wang jiang jun zhi	2
日射血珠将滴地	ri she xue zhu jiang di di	2
日忽忽其将暮	ri hu hu qi jiang mu	2
日斜归去奈何春	ri xie gui qu nai he chun	2
日斜征虏亭	ri xie zheng lu ting	2
日日思君不见君	ri ri si jun bu jian jun	40
日日悲看水独流	ri ri bei kan shui du liu	2
日日春光斗日光	ri ri chun guang dou ri guang	3
日映西陵松柏枝	ri ying xi ling song bai zhi	2
日晏犹得眠	ri yan you de mian	2
日晚上楼招估客	ri wan shang lou zhao gu ke	2
日晚倦梳头	ri wan juan shu tou	3
日暮东风怨啼鸟	ri mu dong feng yuan ti niao	1
日暮乡关何处是	ri mu xiang guan he chu shi	6
日暮倚修竹	ri mu yi xiu zhu	3
日暮客愁新	ri mu ke chou xin	2
日暮归来洗靴袜	ri mu gui lai xi xue wa	2
日暮待情人	ri mu dai qing ren	2
日暮掩柴扉	ri mu yan chai fei	3
日暮敲门无处换	ri mu qiao men wu chu huan	2
日暮汉宫传蜡烛	ri mu han gong chuan la zhu	4
日暮苍山远	ri mu cang shan yuan	4
日暮荥阳驿中宿	ri mu xing yang yi zhong su	2
日暮行人争渡急	ri mu xing ren zheng du ji	2
日暮黄云高	ri mu huang yun gao	3
日月不同光	ri yue bu tong guang	6
日月不得不行	ri yue bu de bu xing	2
日月同光华	ri yue tong guang hua	2
日月忽其不淹兮	ri yue hu qi bu yan xi	4
日月掷人去	ri yue zhi ren qu	2
日本晁卿辞帝都	ri ben chao qing ci di du	2
日照锦城头	ri zhao jin cheng tou	3
日照香炉生紫烟	ri zhao xiang lu sheng zi yan	17
日破云涛万里红	ri po yun tao wan li hong	3
日色冷青松	ri se leng qing song	3
日落看归鸟	ri luo kan gui niao	2
日落衡云西	ri luo heng yun xi	2
日落长沙秋色远	ri luo chang sha qiu se yuan	4
日落青龙见水中	ri luo qing long jian shui zhong	2
日见孤峰水上浮	ri jian gu feng shui shang fu	2
日轮当午凝不去	ri lun dang wu ning bu qu	3
日长睡起无情思	ri chang shui qi wu qing si	2
日长蝴蝶飞	ri chang hu die fei	4
日长飞絮轻	ri chang fei xu qing	3
日高人渴漫思茶	ri gao ren ke man si cha	2
日高头未梳	ri gao tou wei shu	3
旦余济乎江湘	dan yu ji hu jiang xiang	2
旦日飨士卒	dan ri xiang shi zu	2
旦辞黄河去	dan ci huang he qu	2
旧书不厌百回读	jiu shu bu yan bai hui du	1
旧墓人家归葬多	jiu mu ren jia gui zang duo	3
旧家燕子傍谁飞	jiu jia yan zi bang shui fei	2
旧恨春江流未断	jiu hen chun jiang liu wei duan	2
旧时天气旧时衣	jiu shi tian qi jiu shi yi	2
旧时王谢堂前燕	jiu shi wang xie tang qian yan	6
旧时茅店社林边	jiu shi mao dian she lin bian	3
旧来好事今能否	jiu lai hao shi jin neng fou	2
旧谷犹储今	jiu gu you chu jin	2
旧貌变新颜	jiu mao bian xin yan	7
早发白帝城	zao fa bai di cheng	3
早岁那知世事艰	zao sui na zhi shi shi jian	1
早已森严壁垒	zao yi sen yan bi lei	4
早春呈水部张十八员外	zao chun cheng shui bu zhang shi ba yuan wai	4
早春寄王汉阳	zao chun ji wang han yang	2
早晚下三巴	zao wan xia san ba	3
早晚复相逢	zao wan fu xiang feng	2
早有蜻蜓立上头	zao you qing ting li shang tou	7
早潮才落晚潮来	zao chao cai luo wan chao lai	3
早知潮有信	zao zhi chao you xin	2
早秋惊落叶	zao qiu jing luo ye	1
早秋曲江感怀	zao qiu qu jiang gan huai	3
早终非命促	zao zhong fei ming cu	2
早落先梧桐	zao luo xian wu tong	2
时不利兮骓不逝	shi bu li xi zhui bu shi	15
时不可兮再得	shi bu ke xi zai de	2
时世高梳髻	shi shi gao shu ji	2
时亦犹其未央	shi yi you qi wei yang	2
时人嫌不取	shi ren xian bu qu	2
时人莫小池中水	shi ren mo xiao chi zhong shui	2
时光只解催人老	shi guang zhi jie cui ren lao	2
时命大谬也	shi ming da miu ye	2
时命或大缪	shi ming huo da miu	2
时序百年心	shi xu bai nian xin	3
时弄小娇孙	shi nong xiao jiao sun	2
时时只见龙蛇走	shi shi zhi jian long she zou	3
时时引领望天末	shi shi yin ling wang tian mo	2
时时误拂弦	shi shi wu fu xian	3
时时闻鸟语	shi shi wen niao yu	2
时有落花至	shi you luo hua zhi	2
时矫首而遐观	shi jiao shou er xia guan	2
时节忽复易	shi jie hu fu yi	2
时见归村人	shi jian gui cun ren	2
时见松枥皆十围	shi jian song li jie shi wei	2
时见疏星渡河汉	shi jian shu xing du he han	2
时闻下子声	shi wen xia zi sheng	2
时闻折竹声	shi wen zhe zhu sheng	2
时鸣春涧中	shi ming chun jian zhong	3
旷兮其若谷	kuang xi qi ruo gu	2
旷然忘所在	kuang ran wang suo zai	2
旷然见三巴	kuang ran jian san ba	2
昆山玉碎凤凰叫	kun shan yu sui feng huang jiao	1
昆鸡长笑老鹰非	kun ji chang xiao lao ying fei	3
昊天有成命	hao tian you cheng ming	2
昌亭旅食年	chang ting lv shi nian	2
明乎礼义而陋于知人心	ming hu li yi er lou yu zhi ren xin	2
明君制民之产	ming jun zhi min zhi chan	2
明天我们将在	ming tian wo men jiang zai	4
明妃初嫁与胡儿	ming fei chu jia yu hu er	2
明年下春水	ming nian xia chun shui	3
明年人日知何处	ming nian ren ri zhi he chu	4
明年半百又加三	ming nian ban bai you jia san	2
明年复攻赵	ming nian fu gong zhao	2
明年尚作南宾守	ming nian shang zuo nan bin shou	2
明年岂无年	ming nian qi wu nian	4
明年春色倍还人	ming nian chun se bei huan ren	7
明年花开复谁在	ming nian hua kai fu shui zai	2
明年花开时	ming nian hua kai shi	2
明我长相忆	ming wo chang xiang yi	2
明敕内外臣	ming chi nei wai chen	3
明日何其多	ming ri he qi duo	34
明日又乘风去	ming ri you cheng feng qu	4
明日又逢春	ming ri you feng chun	3
明日复明日	ming ri fu ming ri	6
明日长桥上	ming ri chang qiao shang	2
明日隔山岳	ming ri ge shan yue	2
明日黄花蝶也愁	ming ri huang hua die ye chou	2
明旦沟水头	ming dan gou shui tou	2
明星惜此筵	ming xing xi ci yan	2
明月不归沉碧海	ming yue bu gui chen bi hai	2
明月不谙离恨苦	ming yue bu an li hen ku	3
明月何时照我还	ming yue he shi zhao wo huan	15
明月何曾是两乡	ming yue he ceng shi liang xiang	5
明月何皎皎	ming yue he jiao jiao	5
明月出天山	ming yue chu tian shan	3
明月别枝惊鹊	ming yue bie zhi jing que	3
明月在云间	ming yue zai yun jian	2
明月在前轩	ming yue zai qian xuan	3
明月明年何处看	ming yue ming nian he chu kan	2
明月易低人易散	ming yue yi di ren yi san	1
明月来相照	ming yue lai xiang zhao	4
明月松间照	ming yue song jian zhao	14
明月楼高休独倚	ming yue lou gao xiu du yi	3
明月生南浦	ming yue sheng nan pu	2
明月皎夜光	ming yue jiao ye guang	2
明月皎皎照我床	ming yue jiao jiao zhao wo chuang	2
明月装饰了你的窗子	ming yue zhuang shi le ni de chuang zi	6
明月逐人来	ming yue zhu ren lai	1
明朝挂帆席	ming zhao gua fan xi	2
明朝散发弄扁舟	ming zhao san fa nong pian zhou	5
明朝有封事	ming zhao you feng shi	3
明朝有意抱琴来	ming zhao you yi bao qin lai	1
明朝望乡处	ming zhao wang xiang chu	2
明朝游上苑	ming zhao you shang yuan	3
明朝独向青山郭	ming zhao du xiang qing shan guo	2
明此以北面	ming ci yi bei mian	2
明此以南乡	ming ci yi nan xiang	2
明湖映天光	ming hu ying tian guang	2
明珠交玉体	ming zhu jiao yu ti	2
明珠青玉不足报	ming zhu qing yu bu zu bao	2
明登天姥岑	ming deng tian mu cen	2
明足以察秋毫之末	ming zu yi cha qiu hao zhi mo	1
明镜从他别画眉	ming jing cong ta bie hua mei	2
昏昏灯火话平生	hun hun deng huo hua ping sheng	3
昏昏雪意云垂野	hun hun xue yi yun chui ye	2
昏昏雾雨暗衡茅	hun hun wu yu an heng mao	2
易水萧萧西风冷	yi shui xiao xiao xi feng leng	3
易求无价宝	yi qiu wu jia bao	5
昔为倡家女	xi wei chang jia nv	2
昔人因梦到青冥	xi ren yin meng dao qing ming	2
昔人已乘黄鹤去	xi ren yi cheng huang he qu	2
昔别君未婚	xi bie jun wei hun	4
昔在九江上	xi zai jiu jiang shang	3
昔尧治天下	xi yao zhi tian xia	2
昔岁逢太平	xi sui feng tai ping	2
昔年八月十五夜	xi nian ba yue shi wu ye	3
昔我同门友	xi wo tong men you	2
昔日横波目	xi ri heng bo mu	2
昔日青青今在否	xi ri qing qing jin zai fou	2
昔日龌龊不足夸	xi ri wo chuo bu zu kua	3
昔昔都成玦	xi xi dou cheng jue	2
昔看黄菊与君别	xi kan huang ju yu jun bie	2
昔者庄周梦为胡蝶	xi zhe zhuang zhou meng wei hu die	2
昔者禹抑洪水	xi zhe yu yi hong shui	3
昔贤多使气	xi xian duo shi qi	6
昔闻洞庭水	xi wen dong ting shui	3
昔饮雩泉别常山	xi yin yu quan bie chang shan	2
星临万户动	xing lin wan hu dong	3
星垂平野阔	xing chui ping ye kuo	5
星桥铁锁开	xing qiao tie suo kai	1
星汉西流夜未央	xing han xi liu ye wei yang	2
星沉海底当窗见	xing chen hai di dang chuang jian	3
星河一道水中央	xing he yi dao shui zhong yang	3
星河欲转千帆舞	xing he yu zhuan qian fan wu	4
映得芙蓉不是花	ying de fu rong bu shi hua	2
映我绯衫浑不见	ying wo fei shan hun bu jian	2
映日帆多宝舶来	ying ri fan duo bao bo lai	5
映日荷花别样红	ying ri he hua bie yang hong	1
映竹无人见	ying zhu wu ren jian	2
映竹水穿沙	ying zhu shui chuan sha	2
映阶碧草自春色	ying jie bi cao zi chun se	2
春与秋其代序	chun yu qiu qi dai xu	4
春丛认取双栖蝶	chun cong ren qu shuang qi die	3
春从春游夜专夜	chun cong chun you ye zhuan ye	2
春似酒杯浓	chun si jiu bei nong	2
春低杨柳枝	chun di yang liu zhi	2
春兰如美人	chun lan ru mei ren	2
春初早被相思染	chun chu zao bei xiang si ran	2
春前为送浣花村	chun qian wei song huan hua cun	2
春去不容惜	chun qu bu rong xi	2
春去秋来不相待	chun qu qiu lai bu xiang dai	3
春变烟波色	chun bian yan bo se	2
春在溪头荠菜花	chun zai xi tou ji cai hua	5
春城无处不飞花	chun cheng wu chu bu fei hua	4
春夜洛城闻笛	chun ye luo cheng wen di	2
春夜行蕲水中	chun ye xing qi shui zhong	2
春宵苦短日高起	chun xiao ku duan ri gao qi	4
春寒花较迟	chun han hua jiao chi	2
春寒赐浴华清池	chun han ci yu hua qing chi	13
春山携妓采茶时	chun shan xie ji cai cha shi	2
春岸绿时连梦泽	chun an lv shi lian meng ze	2
春归秣陵树	chun gui mo ling shu	2
春心莫共花争发	chun xin mo gong hua zheng fa	3
春情只到梨花薄	chun qing zhi dao li hua bo	2
春愁黯黯独成眠	chun chou an an du cheng mian	1
春意阑珊日又斜	chun yi lan shan ri you xie	2
春日春盘细生菜	chun ri chun pan xi sheng cai	3
春日暄甚戏作	chun ri xuan shen xi zuo	2
春日莺啼修竹里	chun ri ying ti xiu zhu li	3
春日醉起言志	chun ri zui qi yan zhi	2
春早见花枝	chun zao jian hua zhi	2
春明门外即天涯	chun ming men wai ji tian ya	2
春星带草堂	chun xing dai cao tang	2
春晚绿野秀	chun wan lv ye xiu	3
春暖撤夜衾	chun nuan che ye qin	2
春月夜啼鸦	chun yue ye ti ya	2
春有百花秋有月	chun you bai hua qiu you yue	6
春来发几枝	chun lai fa ji zhi	20
春来我不先开口	chun lai wo bu xian kai kou	5
春来新叶遍城隅	chun lai xin ye bian cheng yu	3
春来江水绿如蓝	chun lai jiang shui lv ru lan	18
春来绰约向人时	chun lai chuo yue xiang ren shi	2
春来草自青	chun lai cao zi qing	5
春来还发旧时花	chun lai huan fa jiu shi hua	2
春来遍是桃花水	chun lai bian shi tao hua shui	4
春树郁金红	chun shu yu jin hong	4
春桥杨柳应齐叶	chun qiao yang liu ying qi ye	2
春梭抛掷鸣高楼	chun suo pao zhi ming gao lou	2
春气晚更生	chun qi wan geng sheng	2
春水碧于天	chun shui bi yu tian	2
春水船如天上坐	chun shui chuan ru tian shang zuo	2
春江欲入户	chun jiang yu ru hu	2
春江水暖鸭先知	chun jiang shui nuan ya xian zhi	20
春江浩荡暂徘徊	chun jiang hao dang zan pai huai	3
春江潮水连海平	chun jiang chao shui lian hai ping	2
春江绕双流	chun jiang rao shuang liu	2
春江花朝秋月夜	chun jiang hua zhao qiu yue ye	1
春江风水连天阔	chun jiang feng shui lian tian kuo	2
春深买为花	chun shen mai wei hua	2
春深杏花乱	chun shen xing hua luan	3
春潮带雨晚来急	chun chao dai yu wan lai ji	2
春生江上几人还	chun sheng jiang shang ji ren huan	2
春盘春酒年年好	chun pan chun jiu nian nian hao	2
春秋多佳日	chun qiu duo jia ri	3
春种一粒粟	chun zhong yi li su	6
春至不知湖水深	chun zhi bu zhi hu shui shen	3
春色岂知心	chun se qi zhi xin	2
春色恼人眠不得	chun se nao ren mian bu de	2
春色未曾看	chun se wei ceng kan	1
春色满园关不住	chun se man yuan guan bu zhu	7
春花秋月何时了	chun hua qiu yue he shi liao	13
春草明年绿	chun cao ming nian lv	2
春草还从旧处生	chun cao huan cong jiu chu sheng	2
春草青青万顷田	chun cao qing qing wan qing tian	3
春草鹿呦呦	chun cao lu you you	2
春远独柴荆	chun yuan du chai jing	3
春逐五更来	chun zhu wu geng lai	6
春郭水泠泠	chun guo shui ling ling	3
春雪满空来	chun xue man kong lai	3
春风一夜吹香梦	chun feng yi ye chui xiang meng	2
春风一曲杜韦娘	chun feng yi qu du wei niang	3
春风不度玉门关	chun feng bu du yu men guan	5
春风不改旧时波	chun feng bu gai jiu shi bo	3
春风不相识	chun feng bu xiang shi	1
春风二三月	chun feng er san yue	4
春风先发苑中梅	chun feng xian fa yuan zhong mei	3
春风十里扬州路	chun feng shi li yang zhou lu	4
春风十里柔情	chun feng shi li rou qing	3
春风又绿江南岸	chun feng you lv jiang nan an	22
春风吹尽不同攀	chun feng chui jin bu tong pan	1
春风吹浪正淘沙	chun feng chui lang zheng tao sha	2
春风吹酒熟	chun feng chui jiu shu	2
春风啜茗时	chun feng chuo ming shi	2
春风得意马蹄疾	chun feng de yi ma ti ji	18
春风拂槛露华浓	chun feng fu jian lu hua nong	15
春风摇江天漠漠	chun feng yao jiang tian mo mo	2
春风无限潇湘意	chun feng wu xian xiao xiang yi	2
春风日日吹香草	chun feng ri ri chui xiang cao	2
春风春雨花经眼	chun feng chun yu hua jing yan	2
春风朝夕起	chun feng zhao xi qi	3
春风来海上	chun feng lai hai shang	2
春风杨柳万千条	chun feng yang liu wan qian tiao	1
春风柳上归	chun feng liu shang gui	2
春风桃李花开日	chun feng tao li hua kai ri	2
春风犹隔武陵溪	chun feng you ge wu ling xi	2
春风疑不到天涯	chun feng yi bu dao tian ya	3
春风知别苦	chun feng zhi bie ku	1
春风缘隙来	chun feng yuan xi lai	2
春风花草香	chun feng hua cao xiang	5
春风送暖入屠苏	chun feng song nuan ru tu su	2
昧昧我思之	mei mei wo si zhi	3
昧者不知也	mei zhe bu zhi ye	2
昨夜东风入武阳	zuo ye dong feng ru wu yang	2
昨夜寒蛩不住鸣	zuo ye han qiong bu zhu ming	2
昨夜巫山下	zuo ye wu shan xia	2
昨夜微霜初度河	zuo ye wei shuang chu du he	2
昨夜斗回北	zuo ye dou hui bei	3
昨夜星辰昨夜风	zuo ye xing chen zuo ye feng	2
昨夜松边醉倒	zuo ye song bian zui dao	2
昨夜西风凋碧树	zuo ye xi feng diao bi shu	10
昨夜还曾倚	zuo ye huan ceng yi	2
昨夜雨疏风骤	zuo ye yu shu feng zhou	12
昨宵梦里还	zuo xiao meng li huan	2
昨日之日不可留	zuo ri zhi ri bu ke liu	5
昨日文小姐	zuo ri wen xiao jie	3
昨日登高罢	zuo ri deng gao ba	1
昨日看花花灼灼	zuo ri kan hua hua zhuo zhuo	2
昨玩西城月	zuo wan xi cheng yue	2
昭君坊中多女伴	zhao jun fang zhong duo nv ban	2
昭昭天宇阔	zhao zhao tian yu kuo	2
昭阳殿里恩爱绝	zhao yang dian li en ai jue	3
昭阳殿里第一人	zhao yang dian li di yi ren	3
是与人为善者也	shi yu ren wei shan zhe ye	3
是乃仁术也	shi nai ren shu ye	2
是乱天下也	shi luan tian xia ye	3
是亦不可以已乎	shi yi bu ke yi yi hu	3
是人之所欲也	shi ren zhi suo yu ye	5
是以君子不为也	shi yi jun zi bu wei ye	3
是以君子为国	shi yi jun zi wei guo	2
是以君子恶居下流	shi yi jun zi wu ju xia liu	1
是以君子远庖厨也	shi yi jun zi yuan pao chu ye	1
是以圣人之治	shi yi sheng ren zhi zhi	2
是以圣人后其身而身先	shi yi sheng ren hou qi shen er shen xian	3
是以圣人处无为之事	shi yi sheng ren chu wu wei zhi shi	2
是以圣人抱一为天下式	shi yi sheng ren bao yi wei tian xia shi	2
是以圣人终不为大	shi yi sheng ren zhong bu wei da	3
是以生为本	shi yi sheng wei ben	3
是以论其世也	shi yi lun qi shi ye	2
是以谓之文也	shi yi wei zhi wen ye	2
是以陷邻境	shi yi xian lin jing	2
是何异於刺人而杀之	shi he yi yu ci ren er sha zhi	2
是使民养生丧死无憾也	shi shi min yang sheng sang si wu han ye	3
是其才之美者也	shi qi cai zhi mei zhe ye	2
是则可忧也	shi ze ke you ye	3
是别有人间	shi bie you ren jian	4
是同为淫僻也	shi tong wei yin pi ye	2
是处玳筵罗列	shi chu dai yan luo lie	2
是处青山可埋骨	shi chu qing shan ke mai gu	2
是夕始觉有迁谪意	shi xi shi jue you qian zhe yi	2
是夕阳中的新娘	shi xi yang zhong de xin niang	3
是天地之委形也	shi tian di zhi wei xing ye	2
是岁江南旱	shi sui jiang nan han	2
是役人之役	shi yi ren zhi yi	2
是恒物之大情也	shi heng wu zhi da qing ye	2
是所以语大义之方	shi suo yi yu da yi zhi fang	2
是故凫胫虽短	shi gu fu jing sui duan	3
是故弟子不必不如师	shi gu di zi bu bi bu ru shi	2
是故无冥冥之志者	shi gu wu ming ming zhi zhi zhe	2
是故禽兽可系羁而游	shi gu qin shou ke xi ji er you	2
是故骈于足者	shi gu pian yu zu zhe	2
是时心境闲	shi shi xin jing xian	3
是时青裙女	shi shi qing qun nv	2
是臣尽节于陛下之日长	shi chen jin jie yu bi xia zhi ri chang	2
是诚不能也	shi cheng bu neng ye	4
是谁之过与	shi shui zhi guo yu	4
是谓反其真	shi wei fan qi zhen	2
是造物者之无尽藏也	shi zao wu zhe zhi wu jin zang ye	5
是集义所生者	shi ji yi suo sheng zhe	2
是非君子之道	shi fei jun zi zhi dao	3
是非审之于己	shi fei shen zhi yu ji	5
是鱼之乐也	shi yu zhi le ye	3
昼出耘田夜绩麻	zhou chu yun tian ye ji ma	3
昼夜各有宜	zhou ye ge you yi	6
昼短苦夜长	zhou duan ku ye chang	2
晃荡绝壁横	huang dang jue bi heng	2
晋代衣冠成古丘	jin dai yi guan cheng gu qiu	1
晋祠流水如碧玉	jin ci liu shui ru bi yu	3
晋阳已陷休回顾	jin yang yi xian xiu hui gu	2
晋陶渊明独爱菊	jin tao yuan ming du ai ju	1
晓凉暮凉树如盖	xiao liang mu liang shu ru gai	2
晓出净慈寺送林子方	xiao chu jing ci si song lin zi fang	3
晓战随金鼓	xiao zhan sui jin gu	2
晓来频嚏为何人	xiao lai pin ti wei he ren	2
晓汲清湘燃楚竹	xiao ji qing xiang ran chu zhu	2
晓烟低护野人家	xiao yan di hu ye ren jia	2
晓看红湿处	xiao kan hong shi chu	1
晓看阴根紫陌生	xiao kan yin gen zi mo sheng	2
晓耕翻露草	xiao geng fan lu cao	2
晓行湘水春	xiao xing xiang shui chun	4
晓镜但愁云鬓改	xiao jing dan chou yun bin gai	5
晓驾炭车辗冰辙	xiao jia tan che zhan bing zhe	2
晚下香山蹋翠微	wan xia xiang shan ta cui wei	2
晚坐松檐下	wan zuo song yan xia	2
晚家南山陲	wan jia nan shan chui	3
晚成单罗衫	wan cheng dan luo shan	2
晚景卧钟边	wan jing wo zhong bian	2
晚来天欲雪	wan lai tian yu xue	46
晚登单父台	wan deng shan fu tai	2
晤言一室之内	wu yan yi shi zhi nei	2
晨光映远岫	chen guang ying yuan xiu	2
晨兴理荒秽	chen xing li huang hui	4
晨前命对朝霞	chen qian ming dui zhao xia	3
晨登瓦官阁	chen deng wa guan ge	2
晨起动征铎	chen qi dong zheng duo	2
晨起开门雪满山	chen qi kai men xue man shan	3
晨钟云外湿	chen zhong yun wai shi	2
晨鸡且勿唱	chen ji qie wu chang	2
普天无吏横索钱	pu tian wu li heng suo qian	3
景物自成诗	jing wu zi cheng shi	2
晰晰燎火光	xi xi liao huo guang	2
晴光转绿苹	qing guang zhuan lv ping	2
晴川历历汉阳树	qing chuan li li han yang shu	5
晴日暖风生麦气	qing ri nuan feng sheng mai qi	4
晴添树木光	qing tian shu mu guang	2
晴空一鹤排云上	qing kong yi he pai yun shang	8
晴窗细乳戏分茶	qing chuang xi ru xi fen cha	4
晴翠接荒城	qing cui jie huang cheng	3
晶晶掷岩端	jing jing zhi yan duan	2
智有所不明	zhi you suo bu ming	1
暂伴月将影	zan ban yue jiang ying	14
暂出白门前	zan chu bai men qian	2
暂忘设醴抽身去	zan wang she li chou shen qu	2
暂时分手莫踌躇	zan shi fen shou mo chou chu	2
暖带入春风	nuan dai ru chun feng	4
暖汤濯我足	nuan tang zhuo wo zu	2
暖风熏得游人醉	nuan feng xun de you ren zui	2
暗尘随马去	an chen sui ma qu	1
暗水流花径	an shui liu hua jing	2
暗淡轻黄体性柔	an dan qing huang ti xing rou	4
暗觉海风度	an jue hai feng du	2
暗风吹雨入寒窗	an feng chui yu ru han chuang	3
暗飞萤自照	an fei ying zi zhao	2
暗香浮动月黄昏	an xiang fu dong yue huang hun	3
暝投剡中宿	ming tou shan zhong su	2
暧暧远人村	ai ai yuan ren cun	1
暮云收尽溢清寒	mu yun shou jin yi qing han	1
暮从碧山下	mu cong bi shan xia	2
暮去朝来颜色故	mu qu zhao lai yan se gu	1
暮及陇山头	mu ji long shan tou	3
暮婚晨告别	mu hun chen gao bie	3
暮宿黄河边	mu su huang he bian	3
暮年垂泪对桓伊	mu nian chui lei dui huan yi	2
暮年诗赋动江关	mu nian shi fu dong jiang guan	1
暮投交河城	mu tou jiao he cheng	2
暮栖白鹭洲	mu qi bai lu zhou	2
暮色苍茫看劲松	mu se cang mang kan jing song	7
暮雨向三峡	mu yu xiang san xia	2
暮雨朝云几日归	mu yu zhao yun ji ri gui	3
暮霭沉沉楚天阔	mu ai chen chen chu tian kuo	11
暴殄天物圣所哀	bao tian tian wu sheng suo ai	2
暾将出兮东方	tun jiang chu xi dong fang	2
曙光初照演兵场	shu guang chu zhao yan bing chang	1
曰师曰弟子云者	yue shi yue di zi yun zhe	2
曲士不可以语于道者	qu shi bu ke yi yu yu dao zhe	2
曲岸回篙舴艋迟	qu an hui gao ze meng chi	2
曲岸深潭一山叟	qu an shen tan yi shan sou	2
曲径通幽处	qu jing tong you chu	8
曲江池畔杏园边	qu jiang chi pan xing yuan bian	3
曲池荫高树	qu chi yin gao shu	3
曲终人不见	qu zhong ren bu jian	1
曲终人散空愁暮	qu zhong ren san kong chou mu	3
曲终收拨当心画	qu zhong shou bo dang xin hua	1
曲罢曾教善才服	qu ba ceng jiao shan cai fu	2
曲肱而枕之	qu gong er zhen zhi	1
曲阑深处重相见	qu lan shen chu chong xiang jian	2
曲项向天歌	qu xiang xiang tian ge	15
曳屐出东冈	ye ji chu dong gang	2
更一重烟水一重云	geng yi chong yan shui yi chong yun	2
更与何人说	geng yu he ren shuo	24
更加众志成城	geng jia zhong zhi cheng cheng	4
更加郁郁葱葱	geng jia yu yu cong cong	6
更吹羌笛关山月	geng chui qiang di guan shan yue	2
更吹落星如雨	geng chui luo xing ru yu	3
更喜岷山千里雪	geng xi min shan qian li xue	5
更在斜阳外	geng zai xie yang wai	4
更复春从沙际归	geng fu chun cong sha ji gui	2
更多还肯失林峦	geng duo huan ken shi lin luan	2
更夺蓬婆雪外城	geng duo peng po xue wai cheng	2
更将空壳付冠师	geng jiang kong ke fu guan shi	2
更恐不胜悲	geng kong bu sheng bei	3
更想幽期处	geng xiang you qi chu	3
更无一字不清真	geng wu yi zi bu qing zhen	2
更无一点风色	geng wu yi dian feng se	3
更无山与齐	geng wu shan yu qi	3
更无消息到如今	geng wu xiao xi dao ru jin	2
更无豪杰怕熊罴	geng wu hao jie pa xiong pi	4
更无须欢喜	geng wu xu huan xi	2
更有潺潺流水	geng you chan chan liu shui	3
更深月色半人家	geng shen yue se ban ren jia	2
更登楼望尤堪重	geng deng lou wang you kan zhong	2
更立西江石壁	geng li xi jiang shi bi	6
更绕衰丛一匝看	geng rao shuai cong yi za kan	2
更能消几番风雨	geng neng xiao ji fan feng yu	4
更行更远还生	geng xing geng yuan huan sheng	3
更觉鹤心通杳冥	geng jue he xin tong yao ming	2
更请君王猎一围	geng qing jun wang lie yi wei	2
更遭丧乱嫁不售	geng zao sang luan jia bu shou	2
更那堪凄然相向	geng na kan qi ran xiang xiang	3
更闻桑田变成海	geng wen sang tian bian cheng hai	2
更陈王奋起挥黄钺	geng chen wang fen qi hui huang yue	2
更鼓畏添挝	geng gu wei tian zhua	2
曷足以美七尺之躯哉	he zu yi mei qi chi zhi qu zai	2
曹公黄祖俱飘忽	cao gong huang zu ju piao hu	2
曾不事农桑	ceng bu shi nong sang	4
曾不吝情去留	ceng bu lin qing qu liu	3
曾不知老之将至	ceng bu zhi lao zhi jiang zhi	2
曾为梅花醉几场	ceng wei mei hua zui ji chang	3
曾参岂是杀人者	zeng shen qi shi sha ren zhe	3
曾城填华屋	ceng cheng tian hua wu	2
曾批给雨支风券	zeng pi gei yu zhi feng quan	2
曾无黄石公	zeng wu huang shi gong	2
曾是以为孝乎	zeng shi yi wei xiao hu	3
曾是惊鸿照影来	zeng shi jing hong zhao ying lai	2
曾是气吞残虏	zeng shi qi tun can lu	2
曾是洛阳花下客	zeng shi luo yang hua xia ke	2
曾有惊天动地文	zeng you jing tian dong di wen	2
曾照吴王宫里人	zeng zhao wu wang gong li ren	2
曾照彩云归	zeng zhao cai yun gui	1
曾益其所不能	zeng yi qi suo bu neng	6
曾经学舞度芳年	ceng jing xue wu du fang nian	2
曾见南迁几个回	zeng jian nan qian ji ge hui	3
替人垂泪到天明	ti ren chui lei dao tian ming	2
最下腐刑极矣	zui xia fu xing ji yi	3
最传秀句寰区满	zui chuan xiu ju huan qu man	2
最可惜一片江山	zui ke xi yi pian jiang shan	3
最喜小儿无赖	zui xi xiao er wu lai	5
最好你忘掉	zui hao ni wang diao	5
最好金龟换酒	zui hao jin gui huan jiu	2
最忆是杭州	zui yi shi hang zhou	6
最忆锦江头	zui yi jin jiang tou	2
最惜杜鹃花烂漫	zui xi du juan hua lan man	1
最是一年春好处	zui shi yi nian chun hao chu	8
最是一年秋好处	zui shi yi nian qiu hao chu	2
最是仓皇辞庙日	zui shi cang huang ci miao ri	4
最是橙黄橘绿时	zui shi cheng huang ju lv shi	5
最爱临风笛	zui ai lin feng di	2
最爱湖东行不足	zui ai hu dong xing bu zu	4
朅来已永久	qie lai yi yong jiu	2
月上柳梢头	yue shang liu shao tou	14
月下独酌四首	yue xia du zhuo si shou	2
月与灯依旧	yue yu deng yi jiu	4
月中霜里斗婵娟	yue zhong shuang li dou chan juan	3
月俸百千官二品	yue feng bai qian guan er pin	2
月傍九霄多	yue bang jiu xiao duo	3
月儿弯弯照九州	yue er wan wan zhao jiu zhou	2
月光长照金樽里	yue guang chang zhao jin zun li	4
月兔空捣药	yue tu kong dao yao	2
月出于东山之上	yue chu yu dong shan zhi shang	1
月出孤舟寒	yue chu gu zhou han	2
月出惊山鸟	yue chu jing shan niao	4
月到中秋分外明	yue dao zhong qiu fen wai ming	7
月到柳梢头	yue dao liu shao tou	3
月前秋听玉参差	yue qian qiu ting yu cen ci	2
月夜忆舍弟	yue ye yi she di	4
月子弯弯照九州	yue zi wan wan zhao jiu zhou	3
月既不解饮	yue ji bu jie yin	14
月旦尝居第一评	yue dan chang ju di yi ping	2
月明人倚楼	yue ming ren yi lou	3
月明多被云妨	yue ming duo bei yun fang	2
月明征虏亭	yue ming zheng lu ting	2
月明更想桓伊在	yue ming geng xiang huan yi zai	2
月明松下房栊静	yue ming song xia fang long jing	2
月明移舟去	yue ming yi zhou qu	2
月明船笛参差起	yue ming chuan di cen ci qi	3
月明见古寺	yue ming jian gu si	2
月有阴晴圆缺	yue you yin qing yuan que	38
月有阴睛圆缺	yue you yin jing yuan que	2
月涌大江流	yue yong da jiang liu	5
月照一孤舟	yue zhao yi gu zhou	3
月照花林皆似霰	yue zhao hua lin jie si xian	2
月照高楼一曲歌	yue zhao gao lou yi qu ge	2
月白烟青水暗流	yue bai yan qing shui an liu	2
月移花影上栏杆	yue yi hua ying shang lan gan	2
月给亦有余	yue ji yi you yu	3
月色醉远客	yue se zui yuan ke	2
月落乌啼霜满天	yue luo wu ti shuang man tian	10
月落锦屏虚	yue luo jin ping xu	3
月行却与人相随	yue xing que yu ren xiang sui	4
月露为知音	yue lu wei zhi yin	2
月露谁教桂叶香	yue lu shui jiao gui ye xiang	2
月高云插水晶梳	yue gao yun cha shui jing shu	2
月黑见渔灯	yue hei jian yu deng	2
月黑雁飞高	yue hei yan fei gao	3
有一日之长	you yi ri zhi chang	3
有三秋桂子	you san qiu gui zi	4
有世臣之谓也	you shi chen zhi wei ye	3
有为者亦若是	you wei zhe yi ruo shi	5
有亭翼然临于泉上者	you ting yi ran lin yu quan shang zhe	2
有作成一囊	you zuo cheng yi nang	2
有几个苍蝇碰壁	you ji ge cang ying peng bi	4
有名万物之母	you ming wan wu zhi mu	3
有名而无实	you ming er wu shi	3
有吏夜捉人	you li ye zhuo ren	3
有国有家者	you guo you jia zhe	4
有如东风射马耳	you ru dong feng she ma er	2
有始有卒者	you shi you zu zhe	2
有子万事足	you zi wan shi zu	1
有孙母未去	you sun mu wei qu	3
有家归不得	you jia gui bu de	5
有席卷天下	you xi juan tian xia	2
有底忙时不肯来	you di mang shi bu ken lai	3
有弟皆分散	you di jie fen san	3
有德者必有言	you de zhe bi you yan	2
有志在四方	you zhi zai si fang	3
有恒产者有恒心	you heng chan zhe you heng xin	8
有恨无人省	you hen wu ren xing	1
有攻城野战之大功	you gong cheng ye zhan zhi da gong	3
有时无人行	you shi wu ren xing	2
有时明月无人夜	you shi ming yue wu ren ye	2
有是四端而自谓不能者	you shi si duan er zi wei bu neng zhe	2
有暇即扫地	you xia ji sao di	2
有暗香盈袖	you an xiang ying xiu	2
有木名水柽	you mu ming shui cheng	2
有机事者必有机心	you ji shi zhe bi you ji xin	2
有杀身以成仁	you sha shen yi cheng ren	5
有此倾城好颜色	you ci qing cheng hao yan se	2
有求全之毁	you qiu quan zhi hui	3
有物先天地	you wu xian tian di	2
有牵牛而过堂下者	you qian niu er guo tang xia zhe	2
有生必有死	you sheng bi you si	1
有田皆种玉	you tian jie zhong yu	2
有礼者敬人	you li zhe jing ren	5
有神人居焉	you shen ren ju yan	4
有策不敢犯龙鳞	you ce bu gan fan long lin	2
有约不来过夜半	you yue bu lai guo ye ban	3
有罪不敢赦	you zui bu gan she	2
有美玉于斯	you mei yu yu si	3
有良田美池桑竹之属	you liang tian mei chi sang zhu zhi shu	6
有色同寒冰	you se tong han bing	2
有草名含羞	you cao ming han xiu	3
有虞氏死生不入于心	you yu shi si sheng bu ru yu xin	2
有鄙夫问于我	you bi fu wen yu wo	2
有酒不饮奈明何	you jiu bu yin nai ming he	2
有酒斟酌之	you jiu zhen zhuo zhi	2
有钱可使鬼	you qian ke shi gui	1
有长鲸白齿若雪山	you chang jing bai chi ruo xue shan	2
有颜回者好学	you yan hui zhe hao xue	3
有黄鹂千百	you huang li qian bai	2
朋友之道也	peng you zhi dao ye	2
服食求神仙	fu shi qiu shen xian	3
朔气传金柝	shuo qi chuan jin tuo	1
朔雪自龙沙	shuo xue zi long sha	2
朕幼清以廉洁兮	zhen you qing yi lian jie xi	3
朕皇考曰伯庸	zhen huang kao yue bo yong	5
朗吟六公篇	lang yin liu gong pian	2
望中烟树历历	wang zhong yan shu li li	2
望中疑在野	wang zhong yi zai ye	2
望之不似人君	wang zhi bu si ren jun	1
望之而不见其崖	wang zhi er bu jian qi ya	2
望之蔚然而深秀者	wang zhi wei ran er shen xiu zhe	4
望云惭高鸟	wang yun can gao niao	2
望今后有远行	wang jin hou you yuan xing	3
望处雨收云断	wang chu yu shou yun duan	2
望夫君兮未来	wang fu jun xi wei lai	1
望尽天涯路	wang jin tian ya lu	10
望崦嵫而勿迫	wang yan zi er wu po	3
望帝春心托杜鹃	wang di chun xin tuo du juan	4
望庐山瀑布	wang lu shan pu bu	7
望庐思其人	wang lu si qi ren	3
望断南飞雁	wang duan nan fei yan	17
望断归来路	wang duan gui lai lu	3
望断故园心眼	wang duan gu yuan xin yan	3
望断高唐路	wang duan gao tang lu	2
望来终不来	wang lai zhong bu lai	2
望洋向若而叹曰	wang yang xiang ruo er tan yue	2
望洞庭湖赠张丞相	wang dong ting hu zeng zhang cheng xiang	3
望涔阳兮极浦	wang cen yang xi ji pu	2
望湖楼下水如天	wang hu lou xia shui ru tian	1
望灵荐杯酒	wang ling jian bei jiu	2
望秦关何处	wang qin guan he chu	2
望美人兮天一方	wang mei ren xi tian yi fang	1
望长城内外	wang chang cheng nei wai	2
望门投止思张俭	wang men tou zhi si zhang jian	3
望驿台前扑地花	wang yi tai qian pu di hua	2
朝三而暮四	zhao san er mu si	2
朝与佳人期	zhao yu jia ren qi	2
朝云聚散真无那	zhao yun ju san zhen wu na	2
朝佩皆垂地	chao pei jie chui di	2
朝光散花楼	chao guang san hua lou	3
朝别朱雀门	zhao bie zhu que men	2
朝别黄鹤楼	zhao bie huang he lou	2
朝发枉渚兮	zhao fa wang zhu xi	3
朝发轫于天津兮	zhao fa ren yu tian jin xi	2
朝夕致三牲	zhao xi zhi san sheng	2
朝天数换飞龙马	chao tian shu huan fei long ma	2
朝如青丝暮成雪	zhao ru qing si mu cheng xue	7
朝廷雇我作闲人	chao ting gu wo zuo xian ren	2
朝成绣夹裙	zhao cheng xiu jia qun	2
朝日艳且鲜	zhao ri yan qie xian	3
朝服而立于阼阶	chao fu er li yu zuo jie	3
朝朝恨发迟	zhao zhao hen fa chi	2
朝朝没脚走芳埃	zhao zhao mei jiao zou fang ai	2
朝朝马策与刀环	zhao zhao ma ce yu dao huan	2
朝来入庭树	zhao lai ru ting shu	2
朝沽金陵酒	zhao gu jin ling jiu	3
朝真暮伪何人辨	zhao zhen mu wei he ren bian	2
朝菌不知晦朔	zhao jun bu zhi hui shuo	1
朝辞华夏彩云间	zhao ci hua xia cai yun jian	3
朝辞白帝彩云间	zhao ci bai di cai yun jian	7
朝闻游子唱离歌	zhao wen you zi chang li ge	2
朝阳丽帝城	zhao yang li di cheng	2
朝阳岩下湘水深	zhao yang yan xia xiang shui shen	3
朝阳洞口寒泉清	chao yang dong kou han quan qing	3
朝露待日晞	zhao lu dai ri xi	4
朝露贪名利	zhao lu tan ming li	2
朝餐是草根	chao can shi cao gen	2
朝饮木兰之坠露兮	zhao yin mu lan zhi zhui lu xi	6
朝骋骛兮江皋	chao cheng wu xi jiang gao	2
期于有形者也	qi yu you xing zhe ye	2
期月而已可也	ji yue er yi ke ye	2
木不怨落于秋天	mu bu yuan luo yu qiu tian	2
木兰当户织	mu lan dang hu zhi	12
木受绳则直	mu shou sheng ze zhi	8
木叶半青黄	mu ye ban qing huang	1
木欣欣以向荣	mu xin xin yi xiang rong	5
未免捶楚尘埃间	wei mian chui chu chen ai jian	2
未到江南先一笑	wei dao jiang nan xian yi xiao	3
未到清明先禁火	wei dao qing ming xian jin huo	3
未卜见故乡	wei bu jian gu xiang	2
未及前贤更勿疑	wei ji qian xian geng wu yi	2
未可与适道	wei ke yu shi dao	3
未坐将军树	wei zuo jiang jun shu	2
未妨惆怅是清狂	wei fang chou chang shi qing kuang	7
未尝不临文嗟悼	wei chang bu lin wen jie dao	2
未尝举箸忘吾蜀	wei chang ju zhu wang wu shu	2
未尝至于偃之室也	wei chang zhi yu yan zhi shi ye	3
未尝见全牛也	wei chang jian quan niu ye	2
未就丹砂愧葛洪	wei jiu dan sha kui ge hong	2
未得与项羽相见	wei de yu xiang yu xiang jian	2
未必为其服也	wei bi wei qi fu ye	2
未必知其道也	wei bi zhi qi dao ye	2
未成曲调先有情	wei cheng qu diao xian you qing	1
未成沈醉意先融	wei cheng chen zui yi xian rong	2
未收天子河湟地	wei shou tian zi he huang di	2
未敢忘危负岁华	wei gan wang wei fu sui hua	3
未易轻弃也	wei yi qing qi ye	2
未曾得米弃官归	wei ceng de mi qi guan gui	2
未有不嗜杀人者也	wei you bu shi sha ren zhe ye	2
未有不阴时	wei you bu yin shi	1
未有孔子也	wei you kong zi ye	2
未有封侯之赏	wei you feng hou zhi shang	2
未有花时且看来	wei you hua shi qie kan lai	2
未知歌舞能多少	wei zhi ge wu neng duo shao	2
未绝风流相国能	wei jue feng liu xiang guo neng	2
未老身溘然	wei lao shen ke ran	3
未能或之先也	wei neng huo zhi xian ye	2
未能抛得杭州去	wei neng pao de hang zhou qu	4
未腊山梅树树花	wei la shan mei shu shu hua	2
未至衔枚颜色沮	wei zhi xian mei yan se ju	2
未若贫而乐	wei ruo pin er le	4
未见其止也	wei jian qi zhi ye	2
未见有知音	wei jian you zhi yin	3
未觉杭颍谁雌雄	wei jue hang ying shui ci xiong	2
未解庄生天籁	wei jie zhuang sheng tian lai	2
未解忆长安	wei jie yi chang an	3
未许苻坚过淮水	wei xu fu jian guo huai shui	2
未语春容先惨咽	wei yu chun rong xian can yan	2
未谙姑食性	wei an gu shi xing	3
未足与议也	wei zu yu yi ye	4
未足比光辉	wei zu bi guang hui	2
未闻好学者也	wei wen hao xue zhe ye	3
未闻弑君也	wei wen shi jun ye	4
未饮心先醉	wei yin xin xian zui	2
末俗纷纭更乱真	mo su fen yun geng luan zhen	2
本以高难饱	ben yi gao nan bao	2
本性能耐寒	ben xing neng nai han	2
本是洛阳人	ben shi luo yang ren	3
本立而道生	ben li er dao sheng	7
本自无人识	ben zi wu ren shi	3
札札弄机杼	zha zha nong ji zhu	4
朱华春不荣	zhu hua chun bu rong	2
朱唇一点桃花殷	zhu chun yi dian tao hua yan	2
朱樱斗帐掩流苏	zhu ying dou zhang yan liu su	2
朱橘不论钱	zhu ju bu lun qian	2
朱粉不深匀	zhu fen bu shen yun	2
朱草被洛滨	zhu cao bei luo bin	2
朱门酒肉臭	zhu men jiu rou chou	13
朱雀桥边野草花	zhu que qiao bian ye cao hua	6
朱雀航南绕香陌	zhu que hang nan rao xiang mo	2
朵朵精神叶叶柔	duo duo jing shen ye ye rou	2
朵朵花开淡墨痕	duo duo hua kai dan mo hen	1
机关用尽不如君	ji guan yong jin bu ru jun	2
机杼鸣帘栊	ji zhu ming lian long	2
机鸣舂响日暾暾	ji ming chong xiang ri tun tun	2
杀三苗于三危	sha san miao yu san wei	2
杀人以梃与刃	sha ren yi ting yu ren	2
杀人如不能举	sha ren ru bu neng ju	2
杀人如剪草	sha ren ru jian cao	2
杀尽西村鸡	sha jin xi cun ji	2
杀气三时作阵云	sha qi san shi zuo zhen yun	2
杀湍湮洪水	sha tuan yan hong shui	2
杂乎芒芴之间	za hu mang wu zhi jian	2
杂佩以赠之	za pei yi zeng zhi	2
杂树晚相迷	za shu wan xiang mi	3
权势不尤则夸者悲	quan shi bu you ze kua zhe bei	2
权奇蹴踏无尘埃	quan qi cu ta wu chen ai	3
权归臣兮鼠变虎	quan gui chen xi shu bian hu	2
李下不正冠	li xia bu zheng guan	5
李侯有佳句	li hou you jia ju	4
李凭中国弹箜篌	li ping zhong guo tan kong hou	1
李凭箜篌引	li ping kong hou yin	1
李广无功缘数奇	li guang wu gong yuan shu ji	2
李径独来数	li jing du lai shu	2
李杜诗篇万口传	li du shi pian wan kou chuan	3
李白一斗诗百篇	li bai yi dou shi bai pian	4
李白乘舟将欲行	li bai cheng zhou jiang yu xing	3
杏园岂敢妨君去	xing yuan qi gan fang jun qu	2
杏花含露团香雪	xing hua han lu tuan xiang xue	2
杏花微雨湿轻绡	xing hua wei yu shi qing xiao	2
杏花消息雨声中	xing hua xiao xi yu sheng zhong	2
杏花疏影里	xing hua shu ying li	2
杏花零落香	xing hua ling luo xiang	1
材与不材之间	cai yu bu cai zhi jian	3
材木不可胜用	cai mu bu ke sheng yong	1
材木不可胜用也	cai mu bu ke sheng yong ye	1
村南无限桃花发	cun nan wu xian tao hua fa	2
村南村北响缫车	cun nan cun bei xiang sao che	3
村庄儿女各当家	cun zhuang er nv ge dang jia	3
村桥原树似吾乡	cun qiao yuan shu si wu xiang	3
村边杏花白	cun bian xing hua bai	3
杖藜叹世者谁子	zhang li tan shi zhe shui zi	3
杖藜徐步转斜阳	zhang li xu bu zhuan xie yang	2
杖藜登水榭	zhang li deng shui xie	2
杜子得丹诀	du zi de dan jue	2
杜宇一声春晓	du yu yi sheng chun xiao	3
杜少府之任蜀州	du shao fu zhi ren shu zhou	2
杜工部蜀中离席	du gong bu shu zhong li xi	2
杜康能散闷	du kang neng san men	2
杜陵有布衣	du ling you bu yi	2
杜鹃声里斜阳暮	du juan sheng li xie yang mu	2
杜鹃暮春至	du juan mu chun zhi	2
杜鹃花里杜鹃啼	du juan hua li du juan ti	2
杞不足征也	qi bu zu zheng ye	2
杞国无事忧天倾	qi guo wu shi you tian qing	3
束带立于朝	shu dai li yu chao	3
束比青刍色	shu bi qing chu se	2
来从楚国游	lai cong chu guo you	2
来去九江侧	lai qu jiu jiang ce	3
来吾导夫先路	lai wu dao fu xian lu	2
来吾道夫先路	lai wu dao fu xian lu	3
来如春梦不多时	lai ru chun meng bu duo shi	2
来如春梦几多时	lai ru chun meng ji duo shi	2
来如雷霆收震怒	lai ru lei ting shou zhen nu	1
来对白头吟	lai dui bai tou yin	2
来当婀娜时	lai dang e nuo shi	1
来往亦风流	lai wang yi feng liu	2
来报主人佳兆	lai bao zhu ren jia zhao	4
来日绮窗前	lai ri qi chuang qian	4
来疑沧海尽成空	lai yi cang hai jin cheng kong	2
来看南山冷翠微	lai kan nan shan leng cui wei	3
来看龟蒙漏泽春	lai kan gui meng lou ze chun	3
来着犹可追	lai zhe you ke zhui	3
来者犹可追	lai zhe you ke zhui	9
来访真人居	lai fang zhen ren ju	2
来访雁邱处	lai fang yan qiu chu	2
来试人间第二泉	lai shi ren jian di er quan	3
杨叶万条烟	yang ye wan tiao yan	3
杨家有女初长成	yang jia you nv chu zhang cheng	1
杨柳丝丝拂面	yang liu si si fu mian	2
杨柳可藏乌	yang liu ke cang wu	2
杨柳岸晓风残月	yang liu an xiao feng can yue	5
杨柳轻扬直上重霄九	yang liu qing yang zhi shang chong xiao jiu	3
杨柳轻飏直上重霄九	yang liu qing yang zhi shang chong xiao jiu	5
杨柳阴阴细雨晴	yang liu yin yin xi yu qing	2
杨柳青青江水平	yang liu qing qing jiang shui ping	4
杨桴击节雷阗阗	yang fu ji jie lei tian tian	2
杨花绕江啼晓莺	yang hua rao jiang ti xiao ying	3
杨花落尽子规啼	yang hua luo jin zi gui ti	1
杭州定越州	hang zhou ding yue zhou	3
杯中酒不空	bei zhong jiu bu kong	2
杳出霄汉上	yao chu xiao han shang	2
杳杳天低鹘没处	yao yao tian di hu mo chu	2
杳杳没孤鸿	yao yao mo gu hong	2
杳杳钟声晚	yao yao zhong sheng wan	2
杵臼及程婴	chu jiu ji cheng ying	2
松下清斋折露葵	song xia qing zhai zhe lu kui	2
松下问童子	song xia wen tong zi	1
松声晚窗里	song sheng wan chuang li	2
松子落阶声	song zi luo jie sheng	2
松寒不改容	song han bu gai rong	2
松杉真法音	song shan zhen fa yin	2
松枝一何劲	song zhi yi he jing	3
松柏有本性	song bai you ben xing	3
松间明月长如此	song jian ming yue chang ru ci	2
松阁晴看山色近	song ge qing kan shan se jin	2
松风吹解带	song feng chui jie dai	2
松高白鹤眠	song gao bai he mian	2
板荡识诚臣	ban dang shi cheng chen	1
极娱游于暇日	ji yu you yu xia ri	2
极目少行客	ji mu shao xing ke	1
极目散我忧	ji mu san wo you	2
极目楚天舒	ji mu chu tian shu	7
极目萧条三两家	ji mu xiao tiao san liang jia	2
极眺金陵城	ji tiao jin ling cheng	2
构厦岂云缺	gou sha qi yun que	2
枇杷花里闭门居	pi pa hua li bi men ju	2
枉入诗人赋咏来	wang ru shi ren fu yong lai	2
析析就衰林	xi xi jiu shuai lin	3
枕上诗书闲处好	zhen shang shi shu xian chu hao	3
枕中云气千峰近	zhen zhong yun qi qian feng jin	2
枕前看鹤浴	zhen qian kan he yu	2
枕石待云归	zhen shi dai yun gui	3
林下水边无厌日	lin xia shui bian wu yan ri	2
林园手种唯吾事	lin yuan shou zhong wei wu shi	2
林外登高楼	lin wai deng gao lou	2
林放问礼之本	lin fang wen li zhi ben	2
林断山明竹隐墙	lin duan shan ming zhu yin qiang	3
林昏瘴不开	lin hun zhang bu kai	2
林暗草惊风	lin an cao jing feng	3
林栖见羽毛	lin qi jian yu mao	3
林空鹿饮溪	lin kong lu yin xi	3
林花扫更落	lin hua sao geng luo	2
林花谢了春红	lin hua xie liao chun hong	5
林茂鸟知归	lin mao niao zhi gui	1
林表明霁色	lin biao ming ji se	1
林间暖酒烧红叶	lin jian nuan jiu shao hong ye	3
林鼠山狐长醉饱	lin shu shan hu chang zui bao	2
果擘洞庭橘	guo bo dong ting ju	2
果然石门开	guo ran shi men kai	3
枝上柳绵吹又少	zhi shang liu mian chui you shao	3
枝弱不胜雪	zhi ruo bu sheng xue	2
枝枝相覆盖	zhi zhi xiang fu gai	2
枣熟从人打	zao shu cong ren da	3
枣花未落桐叶长	zao hua wei luo tong ye chang	3
枫叶欲残看愈好	feng ye yu can kan yu hao	2
枫叶荻花秋瑟瑟	feng ye di hua qiu se se	4
枫叶落纷纷	feng ye luo fen fen	2
枫栝隐奔峭	feng gua yin ben qiao	2
枫香晚花静	feng xiang wan hua jing	2
枯木怪石图	ku mu guai shi tu	4
枯木朽株齐努力	ku mu xiu zhu qi nu li	3
枯松倒挂倚绝壁	ku song dao gua yi jue bi	2
枯藤老树昏鸦	ku teng lao shu hun ya	25
枯鱼过河泣	ku yu guo he qi	2
枳花明驿墙	zhi hua ming yi qiang	2
染丝上春机	ran si shang chun ji	2
柔弱胜刚强	rou ruo sheng gang qiang	2
柔芳甚杨柳	rou fang shen yang liu	2
柘弹何人发	zhe dan he ren fa	4
柯叶多蒙笼	ke ye duo meng long	2
柳丝袅娜春无力	liu si niao nuo chun wu li	2
柳亚子先生	liu ya zi xian sheng	5
柳州柳刺史	liu zhou liu ci shi	2
柳影欲秋天	liu ying yu qiu tian	2
柳暗花明池上山	liu an hua ming chi shang shan	2
柳絮池塘淡淡风	liu xu chi tang dan dan feng	3
柳絮飞时花满城	liu xu fei shi hua man cheng	5
柳绿更带春烟	liu lv geng dai chun yan	2
柳绿更带朝烟	liu lv geng dai chao yan	2
柳色如烟絮如雪	liu se ru yan xu ru xue	2
柳色黄金嫩	liu se huang jin nen	2
柳虽无言不解愠	liu sui wu yan bu jie yun	2
柴门不正逐江开	chai men bu zheng zhu jiang kai	2
柴门闻犬吠	chai men wen quan fei	3
柴门鸟雀噪	chai men niao que zao	2
树下斗鸡场	shu xia dou ji chang	2
树头花落未成阴	shu tou hua luo wei cheng yin	4
树无用之指也	shu wu yong zhi zhi ye	2
树木今何如	shu mu jin he ru	2
树树立风雪	shu shu li feng xue	1
树深时见鹿	shu shen shi jian lu	3
树若有情时	shu ruo you qing shi	2
树蜜早蜂乱	shu mi zao feng luan	2
树阴照水爱晴柔	shu yin zhao shui ai qing rou	1
栩栩然胡蝶也	xu xu ran hu die ye	1
根不固而求木之长	gen bu gu er qiu mu zhi chang	3
根株非劲挺	gen zhu fei jin ting	2
根盘今在阖闾城	gen pan jin zai he lv cheng	2
桂华秋皎洁	gui hua qiu jiao jie	2
桂子月中落	gui zi yue zhong luo	5
桂树何团团	gui shu he tuan tuan	2
桂花成实向秋荣	gui hua cheng shi xiang qiu rong	2
桂花松子常满地	gui hua song zi chang man di	2
桂魄初生秋露微	gui po chu sheng qiu lu wei	3
桃叶一枝开	tao ye yi zhi kai	2
桃李无言一队春	tao li wu yan yi dui chun	2
桃李春风一杯酒	tao li chun feng yi bei jiu	10
桃李满山总粗俗	tao li man shan zong cu su	2
桃李漫山总粗俗	tao li man shan zong cu su	2
桃李罗堂前	tao li luo tang qian	5
桃李虽不言	tao li sui bu yan	2
桃杏酣酣蜂蝶狂	tao xing han han feng die kuang	2
桃源人家易制度	tao yuan ren jia yi zhi du	3
桃源只在镜湖中	tao yuan zhi zai jing hu zhong	3
桃源忆故人	tao yuan yi gu ren	2
桃源望断无寻处	tao yuan wang duan wu xun chu	1
桃红复含宿雨	tao hong fu han su yu	3
桃红李白皆夸好	tao hong li bai jie kua hao	2
桃胶迎夏香琥珀	tao jiao ying xia xiang hu po	2
桃花一簇开无主	tao hua yi cu kai wu zhu	4
桃花乱落如红雨	tao hua luan luo ru hong yu	3
桃花仙人种桃树	tao hua xian ren zhong tao shu	4
桃花净尽菜花开	tao hua jing jin cai hua kai	3
桃花历乱李花香	tao hua li luan li hua xiang	2
桃花发岸傍	tao hua fa an bang	2
桃花四面发	tao hua si mian fa	2
桃花坞里桃花庵	tao hua wu li tao hua an	8
桃花尽日随流水	tao hua jin ri sui liu shui	3
桃花庵下桃花仙	tao hua an xia tao hua xian	8
桃花开不开	tao hua kai bu kai	2
桃花欲动雨频来	tao hua yu dong yu pin lai	2
桃花流水窅然去	tao hua liu shui yao ran qu	4
桃花流水鮆鱼肥	tao hua liu shui ci yu fei	2
桃花流水鳜鱼肥	tao hua liu shui gui yu fei	7
桃花浅深处	tao hua qian shen chu	3
桃花源里人家	tao hua yuan li ren jia	5
桃花源里可耕田	tao hua yuan li ke geng tian	1
桃花满陌千里红	tao hua man mo qian li hong	2
桃花潭水深千尺	tao hua tan shui shen qian chi	23
桃花飞绿水	tao hua fei lv shui	2
桐花万里丹山路	tong hua wan li dan shan lu	6
桑条无叶土生烟	sang tiao wu ye tu sheng yan	2
桑柘影斜春社散	sang zhe ying xie chun she san	3
桑田变沧海	sang tian bian cang hai	5
桑田碧海须臾改	sang tian bi hai xu yu gai	2
桤林碍日吟风叶	qi lin ai ri yin feng ye	2
桥回行欲断	qiao hui xing yu duan	2
桥欹绝涧中	qiao qi jue jian zhong	3
梁园日暮乱飞鸦	liang yuan ri mu luan fei ya	2
梁惠王章句上	liang hui wang zhang ju shang	4
梁惠王章句下	liang hui wang zhang ju xia	2
梁父吟成恨有余	liang fu yin cheng hen you yu	2
梁间燕子闻长叹	liang jian yan zi wen chang tan	2
梅圣俞诗集序	mei sheng yu shi ji xu	2
梅子金黄杏子肥	mei zi jin huang xing zi fei	4
梅子黄时日日晴	mei zi huang shi ri ri qing	4
梅子黄时雨	mei zi huang shi yu	6
梅实迎时雨	mei shi ying shi yu	3
梅影横窗瘦	mei ying heng chuang shou	2
梅柳渡江春	mei liu du jiang chun	3
梅破知春近	mei po zhi chun jin	2
梅花年后多	mei hua nian hou duo	1
梅花开尽百花开	mei hua kai jin bai hua kai	2
梅花未动意先香	mei hua wei dong yi xian xiang	2
梅花欢喜漫天雪	mei hua huan xi man tian xue	1
梅花满枝空断肠	mei hua man zhi kong duan chang	3
梅蕊腊前破	mei rui la qian po	1
梅须逊雪三分白	mei xu xun xue san fen bai	5
梦中游化城	meng zhong you hua cheng	2
梦之中又占其梦焉	meng zhi zhong you zhan qi meng yan	2
梦也何曾到谢桥	meng ye he ceng dao xie qiao	1
梦啼妆泪红阑干	meng ti zhuang lei hong lan gan	2
梦回吹角连营	meng hui chui jiao lian ying	4
梦尽青灯展转中	meng jin qing deng zhan zhuan zhong	2
梦成风雨浪翻江	meng cheng feng yu lang fan jiang	2
梦断香消四十年	meng duan xiang xiao si shi nian	3
梦泽悲风动白茅	meng ze bei feng dong bai mao	2
梦游天姥吟留别	meng you tian mu yin liu bie	11
梦绕边城月	meng rao bian cheng yue	2
梦逐春风到洛城	meng zhu chun feng dao luo cheng	2
梦里不知身是客	meng li bu zhi shen shi ke	21
梦随风万里	meng sui feng wan li	3
梦魂不到关山难	meng hun bu dao guan shan nan	3
梧桐应恨夜来霜	wu tong ying hen ye lai shuang	3
梧桐更兼细雨	wu tong geng jian xi yu	5
梧桐识嘉树	wu tong shi jia shu	2
梨花一枝春带雨	li hua yi zhi chun dai yu	2
梨花千树雪	li hua qian shu xue	4
梨花淡白柳深青	li hua dan bai liu shen qing	5
梨花满地不开门	li hua man di bu kai men	8
梨花白雪香	li hua bai xue xiang	3
梨花落后清明	li hua luo hou qing ming	1
梨花院落溶溶月	li hua yuan luo rong rong yue	3
梨花雪压枝	li hua xue ya zhi	2
检书烧烛短	jian shu shao zhu duan	2
检校山园书所见	jian jiao shan yuan shu suo jian	3
检点遗篇几首诗	jian dian yi pian ji shou shi	2
棋局动随寻涧竹	qi ju dong sui xun jian zhu	2
棠梨叶落胭脂色	tang li ye luo yan zhi se	2
棠梨花映白杨树	tang li hua ying bai yang shu	3
森罗移地轴	sen luo yi di zhou	3
棹经垂猿把	zhao jing chui yuan ba	3
椎秦博浪沙	zhui qin bo lang sha	2
楚人悲屈原	chu ren bei qu yuan	3
楚塞三湘接	chu sai san xiang jie	4
楚天千里清秋	chu tian qian li qing qiu	3
楚山横地出	chu shan heng di chu	3
楚山秦山皆白云	chu shan qin shan jie bai yun	2
楚左尹项伯者	chu zuo yin xiang bo zhe	4
楚王使大夫二人往先焉	chu wang shi da fu er ren wang xian yan	2
楚王台榭空山丘	chu wang tai xie kong shan qiu	3
楚王疑忠臣	chu wang yi zhong chen	2
楚王葬尽满城娇	chu wang zang jin man cheng jiao	2
楚腰纤细掌中轻	chu yao xian xi zhang zhong qing	4
楼上黄昏欲望休	lou shang huang hun yu wang xiu	2
楼前御柳长	lou qian yu liu chang	2
楼头张丽华	lou tou zhang li hua	2
楼船夜雪瓜洲渡	lou chuan ye xue gua zhou du	1
楼观岳阳尽	lou guan yue yang jin	3
楼观沧海日	lou guan cang hai ri	3
楼角玉钩生	lou jiao yu gou sheng	2
楼识凤凰名	lou shi feng huang ming	2
楼阁玲珑五云起	lou ge ling long wu yun qi	1
楼阴背日堤绵绵	lou yin bei ri di mian mian	2
楼静月侵门	lou jing yue qin men	2
楼高莫近危栏倚	lou gao mo jin wei lan yi	2
榆柳荫后檐	yu liu yin hou yan	5
榆荚相催不知数	yu jia xiang cui bu zhi shu	2
榈庭多落叶	lv ting duo luo ye	3
榴花开欲然	liu hua kai yu ran	2
槎牙乱峰合	cha ya luan feng he	2
槐树层层新绿生	huai shu ceng ceng xin lv sheng	2
槐花新雨后	huai hua xin yu hou	2
槐花满院气	huai hua man yuan qi	2
槐芽细而丰	huai ya xi er feng	3
槛外长江空自流	jian wai chang jiang kong zi liu	1
槛菊愁烟兰泣露	jian ju chou yan lan qi lu	1
槲叶落山路	hu ye luo shan lu	2
樊哙从良坐	fan kuai cong liang zuo	2
樊哙侧其盾以撞	fan kuai ce qi dun yi zhuang	3
樊哙覆其盾于地	fan kuai fu qi dun yu di	3
樊迟从游于舞雩之下	fan chi cong you yu wu yu zhi xia	2
樊迟请学稼	fan chi qing xue jia	3
横中流兮扬素波	heng zhong liu xi yang su bo	3
横云岭外千重树	heng yun ling wai qian chong shu	2
横大江兮扬灵	heng da jiang xi yang ling	1
横天流不息	heng tian liu bu xi	4
横扫千军如卷席	heng sao qian jun ru juan xi	6
横流涕兮潺湲	heng liu ti xi chan yuan	3
横溃豁中国	heng kui huo zhong guo	2
横眉冷对千夫指	heng mei leng dui qian fu zhi	7
横看成岭侧成峰	heng kan cheng ling ce cheng feng	3
横空隐隐层霄	heng kong yin yin ceng xiao	2
横而不流兮	heng er bu liu xi	2
樯橹灰飞烟灭	qiang lu hui fei yan mie	11
樯燕语留人	qiang yan yu liu ren	3
樱杏桃梨次第开	ying xing tao li ci di kai	3
樱桃千万枝	ying tao qian wan zhi	3
樱桃满市粲朝晖	ying tao man shi can zhao hui	3
樱花永巷垂杨岸	ying hua yong xiang chui yang an	3
樱花落尽阶前月	ying hua luo jin jie qian yue	3
樵客初传汉姓名	qiao ke chu chuan han xing ming	2
樵客返归路	qiao ke fan gui lu	2
樽酒家贫只旧醅	zun jiu jia pin zhi jiu pei	3
橘洲佳景如屏画	ju zhou jia jing ru ping hua	2
橘洲田土仍膏腴	ju zhou tian tu reng gao yu	2
橘生淮南则为橘	ju sheng huai nan ze wei ju	3
次北固山下	ci bei gu shan xia	4
次第岂无风雨	ci di qi wu feng yu	2
次韵章质夫杨花词	ci yun zhang zhi fu yang hua ci	3
欢乐极兮哀情多	huan le ji xi ai qing duo	3
欢乐难具陈	huan le nan ju chen	2
欢作沉水香	huan zuo chen shui xiang	2
欢娱恨白头	huan yu hen bai tou	2
欢爱不相忘	huan ai bu xiang wang	2
欢笑情如旧	huan xiao qing ru jiu	3
欣欣此生意	xin xin ci sheng yi	2
欲上青天揽明月	yu shang qing tian lan ming yue	3
欲上青天览明月	yu shang qing tian lan ming yue	1
欲上高楼去避愁	yu shang gao lou qu bi chou	2
欲与元八卜邻先有是赠	yu yu yuan ba bu lin xian you shi zeng	3
欲与天公试比高	yu yu tian gong shi bi gao	1
欲与王为好	yu yu wang wei hao	3
欲为圣明除弊事	yu wei sheng ming chu bi shi	3
欲人之无惑也难矣	yu ren zhi wu huo ye nan yi	3
欲从灵氛之吉占兮	yu cong ling fen zhi ji zhan xi	2
欲以观其妙	yu yi guan qi miao	3
欲以观其徼	yu yi guan qi jiao	3
欲减罗衣寒未去	yu jian luo yi han wei qu	2
欲去惜芳菲	yu qu xi fang fei	2
欲取鸣琴弹	yu qu ming qin tan	2
欲回天地入扁舟	yu hui tian di ru pian zhou	2
欲寄两行迎尔泪	yu ji liang xing ying er lei	3
欲寄彩笺兼尺素	yu ji cai jian jian chi su	6
欲寻阿练若	yu xun a lian ruo	2
欲将心事付瑶琴	yu jiang xin shi fu yao qin	6
欲将轻骑逐	yu jiang qing qi zhu	4
欲少留此灵琐兮	yu shao liu ci ling suo xi	2
欲就麻姑买沧海	yu jiu ma gu mai cang hai	3
欲待曲终寻问取	yu dai qu zhong xun wen qu	2
欲得周郎顾	yu de zhou lang gu	3
欲把西湖比西子	yu ba xi hu bi xi zi	6
欲流之远者	yu liu zhi yuan zhe	9
欲济无舟楫	yu ji wu zhou ji	2
欲渡黄河冰塞川	yu du huang he bing se chuan	5
欲留嗟赵弱	yu liu jie zhao ruo	2
欲知岁晚在何许	yu zhi sui wan zai he xu	2
欲知怅别心易苦	yu zhi chang bie xin yi ku	2
欲祭疑君在	yu ji yi jun zai	2
欲穷千里目	yu qiong qian li mu	25
欲罢不能忘	yu ba bu neng wang	3
欲花而未萼	yu hua er wei e	2
欲觉闻晨钟	yu jue wen chen zhong	3
欲访云中君	yu fang yun zhong jun	2
欲识潮头高几许	yu shi chao tou gao ji xu	4
欲诛有功之人	yu zhu you gong zhi ren	2
欲语泪先流	yu yu lei xian liu	40
欲语羞雷同	yu yu xiu lei tong	2
欲说还休梦已阑	yu shuo huan xiu meng yi lan	2
欲辨已忘言	yu bian yi wang yan	6
欲饮琵琶马上催	yu yin pi pa ma shang cui	10
欸乃一声山水绿	ai nai yi sheng shan shui lv	1
欹岸侧岛秋毫末	qi an ce dao qiu hao mo	2
欹枕江南烟雨	qi zhen jiang nan yan yu	2
欹枕风轩客梦长	qi zhen feng xuan ke meng chang	2
歌吹孙楚楼	ge chui sun chu lou	3
歌哭悲欢城市间	ge ku bei huan cheng shi jian	2
歌声唱彻月儿圆	ge sheng chang che yue er yuan	2
歌声振林樾	ge sheng zhen lin yue	1
歌声逐流水	ge sheng zhu liu shui	4
歌尽桃花扇底风	ge jin tao hua shan di feng	4
歌曲动寒川	ge qu dong han chuan	3
歌窈窕之章	ge yao tiao zhi zhang	2
歌管楼台声细细	ge guan lou tai sheng xi xi	1
歌罢仰天叹	ge ba yang tian tan	2
歌诗合为事而作	ge shi he wei shi er zuo	8
歌蹋柳枝春暗来	ge ta liu zhi chun an lai	2
止则不明也	zhi ze bu ming ye	2
止可以一宿而不可久处	zhi ke yi yi xiu er bu ke jiu chu	2
正初奉酬歙州刺史邢群	zheng chu feng chou she zhou ci shi xing qun	2
正声易漂沦	zheng sheng yi piao lun	2
正如我悄悄的来	zheng ru wo qiao qiao de lai	7
正如我轻轻的来	zheng ru wo qing qing de lai	15
正己而已矣	zheng ji er yi yi	2
正当白下门	zheng dang bai xia men	1
正得秋而万宝成	zheng de qiu er wan bao cheng	2
正怜日破浪花出	zheng lian ri po lang hua chu	2
正故国晚秋	zheng gu guo wan qiu	3
正旦蒙赵王赉酒诗	zheng dan meng zhao wang lai jiu shi	2
正是人间佳节	zheng shi ren jian jia jie	2
正是去年时节	zheng shi qu nian shi jie	2
正是橙黄橘绿时	zheng shi cheng huang ju lv shi	3
正是江南好	zheng shi jiang nan hao	4
正是江南好风景	zheng shi jiang nan hao feng jing	2
正是河豚欲上时	zheng shi he tun yu shang shi	1
正是浴兰时节动	zheng shi yu lan shi jie dong	4
正是登高时节	zheng shi deng gao shi jie	2
正是维摩境界	zheng shi wei mo jing jie	2
正月十六夜	zheng yue shi liu ye	3
正月端门夜	zheng yue duan men ye	2
正枕当星剑	zheng zhen dang xing jian	3
正西风落叶下长安	zheng xi feng luo ye xia chang an	3
正见盛时犹怅望	zheng jian sheng shi you chang wang	2
此中人语云	ci zhong ren yu yun	1
此中有真意	ci zhong you zhen yi	7
此之谓大丈夫	ci zhi wei da zhang fu	7
此之谓失其本心	ci zhi wei shi qi ben xin	1
此之谓本根	ci zhi wei ben gen	2
此之谓物化	ci zhi wei wu hua	1
此乡多宝玉	ci xiang duo bao yu	3
此事古难全	ci shi gu nan quan	22
此亡秦之续耳	ci wang qin zhi xu er	2
此亦一是非	ci yi yi shi fei	4
此亦飞之至也	ci yi fei zhi zhi ye	1
此人皆意有所郁结	ci ren jie yi you suo yu jie	2
此先汉所以兴隆也	ci xian han suo yi xing long ye	3
此其大略也	ci qi da lve ye	2
此其志不在小	ci qi zhi bu zai xiao	2
此养神之道也	ci yang shen zhi dao ye	2
此则寡人之罪也	ci ze gua ren zhi zui ye	2
此则岳阳楼之大观也	ci ze yue yang lou zhi da guan ye	4
此别不销魂	ci bie bu xiao hun	2
此别何时遇	ci bie he shi yu	2
此势之有也	ci shi zhi you ye	2
此去声名不厌低	ci qu sheng ming bu yan di	2
此去泉台招旧部	ci qu quan tai zhao jiu bu	5
此后汉所以倾颓也	ci hou han suo yi qing tui ye	4
此固其理也	ci gu qi li ye	2
此地一为别	ci di yi wei bie	3
此地亦尝留	ci di yi chang liu	2
此地动归念	ci di dong gui nian	3
此地即平天	ci di ji ping tian	3
此地曾闻用火攻	ci di ceng wen yong huo gong	2
此地有崇山峻岭	ci di you chong shan jun ling	5
此地空余黄鹤楼	ci di kong yu huang he lou	7
此夜曲中闻折柳	ci ye qu zhong wen zhe liu	3
此天子气也	ci tian zi qi ye	2
此妇无礼节	ci fu wu li jie	2
此存身之道也	ci cun shen zhi dao ye	2
此州独见全	ci zhou du jian quan	2
此心到处悠然	ci xin dao chu you ran	3
此心安处是吾乡	ci xin an chu shi wu xiang	5
此志常觊豁	ci zhi chang ji huo	3
此恨何时已	ci hen he shi yi	5
此恨绵绵无绝期	ci hen mian mian wu jue qi	42
此情不可道	ci qing bu ke dao	2
此情可待万追忆	ci qing ke dai wan zhui yi	2
此情可待成追忆	ci qing ke dai cheng zhui yi	25
此情无计可消除	ci qing wu ji ke xiao chu	9
此意陶潜解	ci yi tao qian jie	2
此所谓率土地而食人肉	ci suo wei shuai tu di er shi ren rou	2
此抵有千金	ci di you qian jin	4
此日一家同出游	ci ri yi jia tong chu you	2
此日此时人共得	ci ri ci shi ren gong de	2
此日相逢思旧日	ci ri xiang feng si jiu ri	2
此时无声胜有声	ci shi wu sheng sheng you sheng	44
此时此夜难为情	ci shi ci ye nan wei qing	8
此时相望不相闻	ci shi xiang wang bu xiang wen	5
此时瞻白兔	ci shi zhan bai tu	3
此时立在最高山	ci shi li zai zui gao shan	2
此曲只应天上有	ci qu zhi ying tian shang you	3
此有蜡梅禅老家	ci you la mei chan lao jia	2
此水几时休	ci shui ji shi xiu	3
此江若变作春酒	ci jiang ruo bian zuo chun jiu	3
此物最相思	ci wu zui xiang si	20
此物真绝伦	ci wu zhen jue lun	4
此率兽而食人也	ci shuai shou er shi ren ye	3
此生天命更何疑	ci sheng tian ming geng he yi	2
此生已觉都无事	ci sheng yi jue du wu shi	2
此生此夜不长好	ci sheng ci ye bu chang hao	2
此生自笑功名晚	ci sheng zi xiao gong ming wan	2
此翁白头真可怜	ci weng bai tou zhen ke lian	2
此花不与群花比	ci hua bu yu qun hua bi	2
此花开尽更无花	ci hua kai jin geng wu hua	5
此行不为鲈鱼鲙	ci xing bu wei lu yu kuai	2
此诚危急存亡之秋也	ci cheng wei ji cun wang zhi qiu ye	4
此身合是诗人未	ci shen he shi shi ren wei	3
此身虽在堪惊	ci shen sui zai kan jing	3
此身行作稽山土	ci shen xing zuo ji shan tu	2
此身飘泊苦西东	ci shen piao bo ku xi dong	2
此辞听者堪愁绝	ci ci ting zhe kan chou jue	2
此道今人弃如土	ci dao jin ren qi ru tu	2
此马之真性也	ci ma zhi zhen xing ye	2
此马非凡马	ci ma fei fan ma	3
步出西城门	bu chu xi cheng men	2
步踟蹰于山隅	bu chi chu yu shan yu	2
武侯庙古柏	wu hou miao gu bai	3
武阙横西关	wu que heng xi guan	2
武陵人捕鱼为业	wu ling ren bu yu wei ye	5
死为同穴尘	si wei tong xue chen	3
死也生之始	si ye sheng zhi shi	3
死亦为鬼雄	si yi wei gui xiong	6
死亦我所恶	si yi wo suo wu	2
死别已吞声	si bie yi tun sheng	3
死去何所道	si qu he suo dao	5
死去元知万事空	si qu yuan zhi wan shi kong	5
死去原知万事空	si qu yuan zhi wan shi kong	5
死已三千岁矣	si yi san qian sui yi	2
死当长相思	si dang chang xiang si	4
死生亦大矣	si sheng yi da yi	4
死生契阔君休问	si sheng qi kuo jun xiu wen	2
死生无变于己	si sheng wu bian yu ji	2
死者为归人	si zhe wei gui ren	3
死者长已矣	si zhe chang yi yi	7
死而不亡者寿	si er bu wang zhe shou	3
死而无悔者	si er wu hui zhe	3
死节从来岂顾勋	si jie cong lai qi gu xun	3
殊异乎公族	shu yi hu gong zu	2
殊异乎公行	shu yi hu gong xing	2
殊异乎公路	shu yi hu gong lu	2
残云归太华	can yun gui tai hua	2
残云收夏暑	can yun shou xia shu	2
残宵犹得梦依稀	can xiao you de meng yi xi	2
残年傍水国	can nian bang shui guo	2
残暑蝉催尽	can shu chan cui jin	3
残月下寒沙	can yue xia han sha	3
残月落花烟重	can yue luo hua yan zhong	2
残杯与冷炙	can bei yu leng zhi	3
残红半破莲	can hong ban po lian	2
残花落尽见流莺	can hua luo jin jian liu ying	2
残雪暗随冰笋滴	can xue an sui bing sun di	3
残霞忽变色	can xia hu bian se	2
殚残天下之圣法	dan can tian xia zhi sheng fa	2
殷勤昨夜三更雨	yin qin zuo ye san geng yu	3
殷有三仁焉	yin you san ren yan	3
殷礼吾能言之	yin li wu neng yan zhi	2
殿前铺设两边楼	dian qian pu she liang bian lou	2
殿脚插入赤沙湖	dian jiao cha ru chi sha hu	3
毁誉听之于人	hui yu ting zhi yu ren	5
毋从俱死也	wu cong ju si ye	2
毋友不如己者	wu you bu ru ji zhe	3
母瘦雏渐肥	mu shou chu jian fei	2
每一得静境	mei yi de jing jing	2
每人而悦之	mei ren er yue zhi	2
每依北斗望京华	mei yi bei dou wang jing hua	4
每依南斗望京华	mei yi nan dou wang jing hua	2
每假借于藏书之家	mei jia jie yu cang shu zhi jia	3
每到驿亭先下马	mei dao yi ting xian xia ma	3
每日报平安	mei ri bao ping an	2
每欲到荆州	mei yu dao jing zhou	4
每览昔人兴感之由	mei lan xi ren xing gan zhi you	2
每逢佳处辄参禅	mei feng jia chu zhe can chan	3
每逢佳节倍思亲	mei feng jia jie bei si qin	1
每闻欺大鸟	mei wen qi da niao	2
比干谏而死	bi gan jian er si	3
比翼连枝当日愿	bi yi lian zhi dang ri yuan	6
毕竟东流去	bi jing dong liu qu	9
毕竟西湖六月中	bi jing xi hu liu yue zhong	5
毛可以御风寒	mao ke yi yu feng han	2
毛血洒平芜	mao xue sa ping wu	2
毡幄掷卢忘夜睡	zhan wo zhi lu wang ye shui	2
毡车百辆皆胡姬	zhan che bai liang jie hu ji	2
毫毛不敢有所近	hao mao bu gan you suo jin	2
民之为道也	min zhi wei dao ye	4
民之于仁也	min zhi yu ren ye	3
民事不可缓也	min shi bu ke huan ye	4
民亦乐其乐	min yi le qi le	7
民亦忧其忧	min yi you qi you	7
民免而无耻	min mian er wu chi	6
民到于今受其赐	min dao yu jin shou qi ci	1
民到于今称之	min dao yu jin cheng zhi	2
民可使由之	min ke shi you zhi	1
民听了民怕	min ting le min pa	3
民富而府库实	min fu er fu ku shi	2
民德归厚矣	min de gui hou yi	1
民斯为下矣	min si wei xia yi	3
民无信不立	min wu xin bu li	1
民无得而称焉	min wu de er cheng yan	2
民未病涉也	min wei bing she ye	3
民物命何以立	min wu ming he yi li	3
民生各有所乐兮	min sheng ge you suo le xi	2
气似灵犀可辟尘	qi si ling xi ke bi chen	2
气力回天到此休	qi li hui tian dao ci xiu	3
气势两相高	qi shi liang xiang gao	3
气变而有形	qi bian er you xing	2
气可以养而致	qi ke yi yang er zhi	2
气吞万里如虎	qi tun wan li ru hu	2
气寒西北何人剑	qi han xi bei he ren jian	2
气待北风苏	qi dai bei feng su	3
气蒸云梦泽	qi zheng yun meng ze	4
氛埃辟而清凉	fen ai bi er qing liang	3
氲氲腊酒香	yun yun la jiu xiang	2
水上轻盈步微月	shui shang qing ying bu wei yue	3
水中月色长不改	shui zhong yue se chang bu gai	3
水中藻荇交横	shui zhong zao xing jiao heng	2
水为之而寒于水	shui wei zhi er han yu shui	3
水乡霾白屋	shui xiang mai bai wu	2
水似青天照眼明	shui si qing tian zhao yan ming	2
水作玉虹流	shui zuo yu hong liu	3
水光山色与人亲	shui guang shan se yu ren qin	2
水光潋滟晴方好	shui guang lian yan qing fang hao	6
水冻凝如瘀	shui dong ning ru yu	2
水凝绿鸭琉璃钱	shui ning lv ya liu li qian	2
水击三千里	shui ji san qian li	5
水去云回恨不胜	shui qu yun hui hen bu sheng	2
水号北流泉	shui hao bei liu quan	2
水周兮堂下	shui zhou xi tang xia	1
水善利万物而不争	shui shan li wan wu er bu zheng	5
水声激激风吹衣	shui sheng ji ji feng chui yi	2
水如一匹练	shui ru yi pi lian	3
水如环佩月如襟	shui ru huan pei yue ru jin	2
水宿烟雨寒	shui su yan yu han	2
水尽南天不见云	shui jin nan tian bu jian yun	3
水府生禾麦	shui fu sheng he mai	2
水是眼波横	shui shi yan bo heng	3
水晶帘动微风起	shui jing lian dong wei feng qi	4
水晶帘莹更通风	shui jing lian ying geng tong feng	2
水月通禅寂	shui yue tong chan ji	2
水村山郭酒旗风	shui cun shan guo jiu qi feng	2
水槛温江口	shui jian wen jiang kou	2
水殿风来暗香满	shui dian feng lai an xiang man	2
水流心不竞	shui liu xin bu jing	2
水浅而舟大也	shui qian er zhou da ye	2
水深波浪阔	shui shen bo lang kuo	3
水深鱼极乐	shui shen yu ji le	3
水清波潋滟	shui qing bo lian yan	2
水澹澹兮生烟	shui dan dan xi sheng yan	3
水积春塘晚	shui ji chun tang wan	2
水穿城下作雷鸣	shui chuan cheng xia zuo lei ming	2
水纹珍簟思悠悠	shui wen zhen dian si you you	2
水绿天青不起尘	shui lv tian qing bu qi chen	2
水色异诸水	shui se yi zhu shui	3
水荇牵风翠带长	shui xing qian feng cui dai chang	2
水落尚存秦代石	shui luo shang cun qin dai shi	2
水落鱼梁浅	shui luo yu liang qian	2
水覆难再收	shui fu nan zai shou	2
水路疑霜雪	shui lu yi shuang xue	3
水远山长处处同	shui yuan shan chang chu chu tong	2
水闲明镜转	shui xian ming jing zhuan	2
水阁虚凉玉簟空	shui ge xu liang yu dian kong	2
水陆罗八珍	shui lu luo ba zhen	2
水陆草木之花	shui lu cao mu zhi hua	4
水随天去秋无际	shui sui tian qu qiu wu ji	4
水面初平云脚低	shui mian chu ping yun jiao di	2
水面桃花弄春脸	shui mian tao hua nong chun lian	2
水风空落眼前花	shui feng kong luo yan qian hua	3
水香莲子齐	shui xiang lian zi qi	2
水鸟带波飞夕阳	shui niao dai bo fei xi yang	2
永以为好也	yong yi wei hao ye	2
永和三日荡轻舟	yong he san ri dang qing zhou	2
永夜月同孤	yong ye yue tong gu	3
永安宫外踏青来	yong an gong wai ta qing lai	2
永州之野产异蛇	yong zhou zhi ye chan yi she	4
永弃人间事	yong qi ren jian shi	2
永怀河洛间	yong huai he luo jian	3
永结无情游	yong jie wu qing you	11
永诀从今始	yong jue cong jin shi	2
汀上白沙看不见	ting shang bai sha kan bu jian	2
汀草岸花浑不见	ting cao an hua hun bu jian	2
汁滓宛相俱	zhi zi wan xiang ju	2
求为可知也	qiu wei ke zhi ye	3
求之不可得	qiu zhi bu ke de	1
求也问闻斯行诸	qiu ye wen wen si xing zhu	2
求人可使报秦者	qiu ren ke shi bao qin zhe	2
求仁而得仁	qiu ren er de ren	1
求其为之者而不得也	qiu qi wei zhi zhe er bu de ye	2
求善贾而沽诸	qiu shan jia er gu zhu	3
汉下白登道	han xia bai deng dao	3
汉主山河锦绣中	han zhu shan he jin xiu zhong	2
汉兵已略地	han bing yi lve di	2
汉口夕阳斜渡鸟	han kou xi yang xie du niao	2
汉宫侍女暗垂泪	han gong shi nv an chui lei	2
汉家山东二百州	han jia shan dong er bai zhou	3
汉家青史上	han jia qing shi shang	3
汉恩自浅胡恩深	han en zi qian hu en shen	3
汉恩自浅胡自深	han en zi qian hu zi shen	2
汉文有道恩犹薄	han wen you dao en you bo	2
汉日旧称贤	han ri jiu cheng xian	2
汉朝频选将	han chao pin xuan jiang	2
汉水接天回	han shui jie tian hui	3
汉水旧如练	han shui jiu ru lian	2
汉皇重色思倾国	han huang zhong se si qing guo	3
汉阳宫主进鸡球	han yang gong zhu jin ji qiu	2
汗滴禾下土	han di he xia tu	10
汗漫东皋上	han man dong gao shang	2
汝不知夫螳螂乎	ru bu zhi fu tang lang hu	2
汝不能舍吾	ru bu neng she wu	1
汝体吾此心	ru ti wu ci xin	5
汝安则为之	ru an ze wei zhi	2
汝幸而偶我	ru xing er ou wo	3
汝果欲学诗	ru guo yu xue shi	5
汝看此书时	ru kan ci shu shi	1
汝阳三斗始朝天	ru yang san dou shi chao tian	3
江上值水如海势	jiang shang zhi shui ru hai shi	2
江上小堂巢翡翠	jiang shang xiao tang chao fei cui	3
江上往来人	jiang shang wang lai ren	2
江上数峰青	jiang shang shu feng qing	1
江上早闻齐和声	jiang shang zao wen qi he sheng	3
江上舍前无此物	jiang shang she qian wu ci wu	3
江东子弟今虽在	jiang dong zi di jin sui zai	2
江东子弟多才俊	jiang dong zi di duo cai jun	5
江东日暮云	jiang dong ri mu yun	3
江亭有孤屿	jiang ting you gu yu	2
江入大荒流	jiang ru da huang liu	4
江北江南水拍天	jiang bei jiang nan shui pai tian	2
江北秋阴一半开	jiang bei qiu yin yi ban kai	2
江南与塞北	jiang nan yu sai bei	2
江南与江北	jiang nan yu jiang bei	6
江南佳丽地	jiang nan jia li di	6
江南可采莲	jiang nan ke cai lian	5
江南放屈平	jiang nan fang qu ping	2
江南旧游凡几处	jiang nan jiu you fan ji chu	2
江南春绝句	jiang nan chun jue ju	3
江南来见卧云人	jiang nan lai jian wo yun ren	2
江南梅雨天	jiang nan mei yu tian	2
江南王气系疏襟	jiang nan wang qi xi shu jin	2
江南瘴疠地	jiang nan zhang li di	2
江南腊月半	jiang nan la yue ban	2
江南逢李龟年	jiang nan feng li gui nian	4
江国逾千里	jiang guo yu qian li	2
江城五月落梅花	jiang cheng wu yue luo mei hua	1
江城如画里	jiang cheng ru hua li	3
江城子密州出猎	jiang cheng zi mi zhou chu lie	3
江城梅花引	jiang cheng mei hua yin	2
江声走白沙	jiang sheng zou bai sha	2
江夏赠韦南陵冰	jiang xia zeng wei nan ling bing	2
江天一色无纤尘	jiang tian yi se wu xian chen	4
江天水一泓	jiang tian shui yi hong	2
江天涵清虚	jiang tian han qing xu	2
江头宫殿锁千门	jiang tou gong dian suo qian men	2
江头未是风波恶	jiang tou wei shi feng bo e	3
江头潮已平	jiang tou chao yi ping	3
江娥啼竹素女愁	jiang e ti zhu su nv chou	1
江宁夹口三首	jiang ning jia kou san shou	2
江宁夹口二首	jiang ning jia kou er shou	2
江宽地共浮	jiang kuan di gong fu	2
江山为助笔纵横	jiang shan wei zhu bi zong heng	3
江山代有才人出	jiang shan dai you cai ren chu	17
江山如有待	jiang shan ru you dai	3
江山如此多娇	jiang shan ru ci duo jiao	19
江山留胜迹	jiang shan liu sheng ji	5
江山重叠倍销魂	jiang shan chong die bei xiao hun	2
江州司马青衫湿	jiang zhou si ma qing shan shi	3
江心似有炬火明	jiang xin si you ju huo ming	3
江春入旧年	jiang chun ru jiu nian	4
江晚正愁余	jiang wan zheng chou yu	3
江月何年初照人	jiang yue he nian chu zhao ren	4
江月年年望相似	jiang yue nian nian wang xiang si	1
江村月落正堪眠	jiang cun yue luo zheng kan mian	1
江枫渔火对愁眠	jiang feng yu huo dui chou mian	5
江楼夕望招客	jiang lou xi wang zhao ke	2
江水东流猿夜声	jiang shui dong liu yuan ye sheng	2
江水浸云影	jiang shui jin yun ying	2
江水绿如蓝	jiang shui lv ru lan	3
江汉春风起	jiang han chun feng qi	3
江泥轻燕斜	jiang ni qing yan xie	3
江流天地外	jiang liu tian di wai	2
江流宛转绕芳甸	jiang liu wan zhuan rao fang dian	3
江流曲似九回肠	jiang liu qu si jiu hui chang	4
江流石不转	jiang liu shi bu zhuan	3
江浦雷声喧昨夜	jiang pu lei sheng xuan zuo ye	2
江海寄余生	jiang hai ji yu sheng	4
江海翻波浪	jiang hai fan bo lang	3
江清日暖芦花转	jiang qing ri nuan lu hua zhuan	2
江清月近人	jiang qing yue jin ren	4
江湖多风波	jiang hu duo feng bo	2
江湖夜雨十年灯	jiang hu ye yu shi nian deng	9
江湖秋水多	jiang hu qiu shui duo	3
江火似流萤	jiang huo si liu ying	2
江畔何人初见月	jiang pan he ren chu jian yue	1
江畔洲如月	jiang pan zhou ru yue	2
江畔独步寻花	jiang pan du bu xun hua	4
江碧鸟逾白	jiang bi niao yu bai	3
江船火独明	jiang chuan huo du ming	1
江色分明绿	jiang se fen ming lv	3
江色鲜明海气凉	jiang se xian ming hai qi liang	4
江草江花处处鲜	jiang cao jiang hua chu chu xian	3
江蓠丛畔苦悲吟	jiang li cong pan ku bei yin	2
江边一盖青	jiang bian yi gai qing	2
江边踏青罢	jiang bian ta qing ba	3
江远欲浮天	jiang yuan yu fu tian	2
江连白帝深	jiang lian bai di shen	2
江间波浪兼天涌	jiang jian bo lang jian tian yong	2
江阳酒有余	jiang yang jiu you yu	2
江雨霏霏江草齐	jiang yu fei fei jiang cao qi	4
江静潮初落	jiang jing chao chu luo	2
江鱼美可求	jiang yu mei ke qiu	3
江鸟飞入帘	jiang niao fei ru lian	3
池上碧苔三四点	chi shang bi tai san si dian	3
池上秋又来	chi shang qiu you lai	1
池上芙蕖净少情	chi shang fu qu jing shao qing	3
池台竹树三亩馀	chi tai zhu shu san mu yu	2
池塘生春草	chi tang sheng chun cao	4
池水观为政	chi shui guan wei zheng	2
池静蛙未鸣	chi jing wa wei ming	2
池非不深也	chi fei bu shen ye	2
池鱼思故渊	chi yu si gu yuan	5
汩余若将不及兮	gu yu ruo jiang bu ji xi	2
汴水扬波澜	bian shui yang bo lan	2
汽笛一声肠已断	qi di yi sheng chang yi duan	3
汾水绕关斜	fen shui rao guan xie	2
沁园春长沙	qin yuan chun chang sha	3
沃田桑景晚	wo tian sang jing wan	3
沅有芷兮澧有兰	yuan you zhi xi li you lan	4
沅江五月平堤流	yuan jiang wu yue ping di liu	2
沅湘流不尽	yuan xiang liu bu jin	2
沈园柳老不吹绵	shen yuan liu lao bu chui mian	3
沈园非复旧池台	shen yuan fei fu jiu chi tai	3
沈家园里花如锦	shen jia yuan li hua ru jin	2
沈腰潘鬓消磨	shen yao pan bin xiao mo	2
沈郎青钱夹城路	shen lang qing qian jia cheng lu	2
沈鲍得同行	shen bao de tong xing	2
沉思往事立残阳	chen si wang shi li can yang	3
沉沉一线穿南北	chen chen yi xian chuan nan bei	5
沉淀着彩虹似的梦	chen dian zhe cai hong shi de meng	1
沉舟侧畔千帆过	chen zhou ce pan qian fan guo	3
沉醉不知归路	chen zui bu zhi gui lu	9
沉香亭北倚阑干	chen xiang ting bei yi lan gan	2
沉魄浮魂不可招	chen po fu hun bu ke zhao	2
沉默是今晚的康桥	chen mo shi jin wan de kang qiao	3
沐猴而冠带	mu hou er guan dai	3
沙上行人却回首	sha shang xing ren que hui shou	2
沙丘城下寄杜甫	sha qiu cheng xia ji du fu	3
沙场点秋兵	sha chang dian qiu bing	3
沙场烽火侵胡月	sha chang feng huo qin hu yue	2
沙场竟殒命	sha chang jing yun ming	5
沙平水息声影绝	sha ping shui xi sheng ying jue	2
沙平草绿见吏稀	sha ping cao lv jian li xi	2
沙暖睡鸳鸯	sha nuan shui yuan yang	3
沙石乱飘扬	sha shi luan piao yang	2
沙边待至今	sha bian dai zhi jin	2
沛公不先破关中	pei gong bu xian po guan zhong	2
沛公不胜杯杓	pei gong bu sheng bei shao	2
沛公之参乘樊哙者也	pei gong zhi can sheng fan kuai zhe ye	2
沛公今事有急	pei gong jin shi you ji	2
沛公兵十万	pei gong bing shi wan	2
沛公军在霸上	pei gong jun zai ba shang	2
沛公军霸上	pei gong jun ba shang	2
沛公则置车骑	pei gong ze zhi che qi	2
沛公北向坐	pei gong bei xiang zuo	3
沛公奉卮酒为寿	pei gong feng zhi jiu wei shou	2
沛公居山东时	pei gong ju shan dong shi	3
沛公欲王关中	pei gong yu wang guan zhong	2
沛公谓张良曰	pei gong wei zhang liang yue	2
沛公起如厕	pei gong qi ru ce	2
沛吾乘兮桂舟	pei wu cheng xi gui zhou	1
沟水东西流	gou shui dong xi liu	2
没个人堪寄	mei ge ren kan ji	3
没在石棱中	mo zai shi leng zhong	3
沧江急夜流	cang jiang ji ye liu	3
沧洲夜泝五更风	cang zhou ye su wu geng feng	2
沧浪之水浊兮	cang lang zhi shui zhuo xi	2
沧浪之水清兮	cang lang zhi shui qing xi	3
沧浪水深青溟阔	cang lang shui shen qing ming kuo	2
沧海先迎日	cang hai xian ying ri	2
沧海得壮士	cang hai de zhuang shi	2
沧海成桑田	cang hai cheng sang tian	1
沧海月明珠有泪	cang hai yue ming zhu you lei	4
沧海横流安足虑	cang hai heng liu an zu lv	3
河南大尹头如雪	he nan da yin tou ru xue	2
河声入海遥	he sheng ru hai yao	2
河水浸城墙	he shui jin cheng qiang	2
河水清且涟猗	he shui qing qie lian yi	3
河汉清且浅	he han qing qie qian	1
河阳县里虽无数	he yang xian li sui wu shu	2
油油的在水底招摇	you you de zai shui di zhao yao	2
治具烦方平	zhi ju fan fang ping	2
治天下可运之掌上	zhi tian xia ke yun zhi zhang shang	3
沽酒与何人	gu jiu yu he ren	2
沽酒市脯不食	gu jiu shi fu bu shi	4
沾余襟之浪浪	zhan yu jin zhi lang lang	2
沾衣欲湿杏花雨	zhan yi yu shi xing hua yu	2
泄香银囊破	xie xiang yin nang po	2
泉上有芹芽	quan shang you qin ya	2
泉响风摇苍玉佩	quan xiang feng yao cang yu pei	2
泉声咽危石	quan sheng yan wei shi	3
泉山渺渺汝何之	quan shan miao miao ru he zhi	2
泉沙软卧鸳鸯暖	quan sha ruan wo yuan yang nuan	2
泉流下珠琲	quan liu xia zhu bei	2
泉涓涓而始流	quan juan juan er shi liu	1
泉源在庭户	quan yuan zai ting hu	2
泉眼无声惜细流	quan yan wu sheng xi xi liu	5
法令如牛毛	fa ling ru niu mao	3
法削则国弱	fa xue ze guo ruo	2
法曹贫贱众所易	fa cao pin jian zhong suo yi	2
泛楼船兮济汾河	fan lou chuan xi ji fen he	4
泛爱众而亲仁	fan ai zhong er qin ren	1
泛舟南北两湖头	fan zhou nan bei liang hu tou	2
泠泠七弦上	ling ling qi xian shang	3
波上寒烟翠	bo shang han yan cui	1
波光里的艳影	bo guang li de yan ying	3
波撼岳阳城	bo han yue yang cheng	3
波澜动远空	bo lan dong yuan kong	2
波澜独老成	bo lan du lao cheng	2
泣人不泣身	qi ren bu qi shen	2
泣尽继以血	qi jin ji yi xue	2
泣涕零如雨	qi ti ling ru yu	1
泣珠报恩君莫辞	qi zhu bao en jun mo ci	2
泣血迸空回白头	qi xue beng kong hui bai tou	3
泥上偶然留指爪	ni shang ou ran liu zhi zhua	1
泥他沽酒拔金钗	ni ta gu jiu ba jin chai	2
泥满城头飞雨滑	ni man cheng tou fei yu hua	2
泥融飞燕子	ni rong fei yan zi	4
泪下如迸泉	lei xia ru beng quan	2
泪亦不能为之堕	lei yi bu neng wei zhi duo	2
泪沾红抹胸	lei zhan hong mo xiong	3
泪湿春衫袖	lei shi chun shan xiu	4
泪满春衫袖	lei man chun shan xiu	4
泪珠和笔墨齐下	lei zhu he bi mo qi xia	4
泪痕红悒鲛绡透	lei hen hong yi jiao xiao tou	2
泪痕红浥鲛绡透	lei hen hong yi jiao xiao tou	5
泪眼问花花不语	lei yan wen hua hua bu yu	4
泪落哀筝曲	lei luo ai zheng qu	2
泪融残粉花钿重	lei rong can fen hua dian zhong	2
泪飞顿作倾盆雨	lei fei dun zuo qing pen yu	1
泰山嵯峨夏云在	tai shan cuo e xia yun zai	2
泻露玉盘倾	xie lu yu pan qing	2
泽雉十步一啄	ze zhi shi bu yi zhuo	2
泾川三百里	jing chuan san bai li	2
洁光如可把	jie guang ru ke ba	2
洋洋洒洒深邃博大地	yang yang sa sa shen sui bo da di	2
洒去犹能化碧涛	sa qu you neng hua bi tao	2
洒向人间都是怨	sa xiang ren jian dou shi yuan	3
洒酒气填膺	sa jiu qi tian ying	2
洒酒浇君同所欢	sa jiu jiao jun tong suo huan	2
洗妆不褪唇红	xi zhuang bu tui chun hong	2
洗尽古今人不倦	xi jin gu jin ren bu juan	4
洗尽烦恼毒	xi jin fan nao du	2
洗手作羹汤	xi shou zuo geng tang	6
洗药浣花溪	xi yao huan hua xi	2
洛中送韩七中丞之	luo zhong song han qi zhong cheng zhi	2
洛城重相见	luo cheng chong xiang jian	2
洛川自有浴妃池	luo chuan zi you yu fei chi	2
洛水桥边春日斜	luo shui qiao bian chun ri xie	2
洛阳亲友如相问	luo yang qin you ru xiang wen	8
洛阳何寂寞	luo yang he ji mo	1
洛阳地脉花最宜	luo yang di mai hua zui yi	5
洛阳城东桃李花	luo yang cheng dong tao li hua	3
洛阳堰上新晴日	luo yang yan shang xin qing ri	2
洛阳女儿名莫愁	luo yang nv er ming mo chou	1
洛阳女儿惜颜色	luo yang nv er xi yan se	2
洛阳女儿面似花	luo yang nv er mian si hua	2
洛阳相君忠孝家	luo yang xiang jun zhong xiao jia	2
洛阳陌上春长在	luo yang mo shang chun chang zai	2
洞中开宴会	dong zhong kai yan hui	2
洞在清溪何处边	dong zai qing xi he chu bian	3
洞壑当门前	dong he dang men qian	2
洞庭一夜无穷雁	dong ting yi ye wu qiong yan	2
洞庭波兮木叶下	dong ting bo xi mu ye xia	4
洞庭波涌连天雪	dong ting bo yong lian tian xue	3
洞庭湘水涨连天	dong ting xiang shui zhang lian tian	2
洞庭秋水远连天	dong ting qiu shui yuan lian tian	2
洞庭西望楚江分	dong ting xi wang chu jiang fen	3
洞庭连天九疑高	dong ting lian tian jiu yi gao	2
洞庭霜落微	dong ting shuang luo wei	2
洞房昨夜停红烛	dong fang zuo ye ting hong zhu	2
洞房记得初相遇	dong fang ji de chu xiang yu	2
津桥东北斗亭西	jin qiao dong bei dou ting xi	2
洲渚晓寒凝	zhou zhu xiao han ning	2
活水还须活火烹	huo shui huan xu huo huo peng	3
派出昆仑五色流	pai chu kun lun wu se liu	2
流传下来的遗产	liu chuan xia lai de yi chan	3
流俗之所轻也	liu su zhi suo qing ye	2
流光灭远山	liu guang mie yuan shan	2
流到瓜洲古渡头	liu dao gua zhou gu du tou	3
流响出疏桐	liu xiang chu shu tong	3
流水前波让后波	liu shui qian bo rang hou bo	5
流水十年间	liu shui shi nian jian	4
流水无情草自春	liu shui wu qing cao zi chun	1
流水绕孤村	liu shui rao gu cun	4
流水落花春去也	liu shui luo hua chun qu ye	20
流波激清响	liu bo ji qing xiang	2
流涕向青松	liu ti xiang qing song	3
流膏迸液无人知	liu gao beng ye wu ren zhi	2
流芳未及歇	liu fang wei ji xie	3
流血涂野草	liu xue tu ye cao	2
流连戏蝶时时舞	liu lian xi die shi shi wu	2
浅处无妨有卧龙	qian chu wu fang you wo long	2
浅情人不知	qian qing ren bu zhi	3
浅草才能没马蹄	qian cao cai neng mo ma ti	5
浊泾清渭何当分	zhuo jing qing wei he dang fen	3
浊酒一杯家万里	zhuo jiu yi bei jia wan li	2
济南名士多	ji nan ming shi duo	2
济南名士知多少	ji nan ming shi zhi duo shao	4
济时敢爱死	ji shi gan ai si	3
济沅湘以南征兮	ji yuan xiang yi nan zheng xi	2
济源山水好	ji yuan shan shui hao	4
浑欲不胜簪	hun yu bu sheng zan	3
浓睡不消残酒	nong shui bu xiao can jiu	2
浓睡觉来莺乱语	nong shui jiao lai ying luan yu	3
浓香吹尽有谁知	nong xiang chui jin you shui zhi	2
浔阳地僻无音乐	xun yang di pi wu yin yue	2
浔阳江头夜送客	xun yang jiang tou ye song ke	6
浙江八月何如此	zhe jiang ba yue he ru ci	2
浣纱明月下	huan sha ming yue xia	3
浦楼低晚照	pu lou di wan zhao	2
浩浩送中秋	hao hao song zhong qiu	3
浩然与溟涬同科	hao ran yu ming xing tong ke	2
浩然天地间	hao ran tian di jian	2
浩荡寄南征	hao dang ji nan zheng	3
浩荡离愁白日斜	hao dang li chou bai ri xie	2
浪下三吴起白烟	lang xia san wu qi bai yan	2
浪打天门石壁开	lang da tian men shi bi kai	3
浪淘沙北戴河	lang tao sha bei dai he	3
浪淘风簸自天涯	lang tao feng bo zi tian ya	3
浪花有意千重雪	lang hua you yi qian chong xue	3
浮云一别后	fu yun yi bie hou	4
浮云世事改	fu yun shi shi gai	2
浮云游子意	fu yun you zi yi	2
浮云终日行	fu yun zhong ri xing	3
浮云蔽白日	fu yun bi bai ri	2
浮云连海岱	fu yun lian hai dai	2
浮天沧海远	fu tian cang hai yuan	3
浮桂动丹芳	fu gui dong dan fang	2
浮生长恨欢娱少	fu sheng chang hen huan yu shao	2
浮长川而忘反	fu chang chuan er wang fan	3
浴兰汤兮沐芳	yu lan tang xi mu fang	2
浴血东瓜守	yu xue dong gua shou	1
海上升明月	hai shang sheng ming yue	24
海上明月共潮生	hai shang ming yue gong chao sheng	5
海上有仙山	hai shang you xian shan	4
海上生明月	hai shang sheng ming yue	38
海内人才孰卧龙	hai nei ren cai shu wo long	2
海南万里真吾乡	hai nan wan li zhen wu xiang	3
海外珠犀常入市	hai wai zhu xi chang ru shi	2
海客无心随白鸥	hai ke wu xin sui bai ou	3
海客谈瀛洲	hai ke tan ying zhou	5
海山仙人绛罗襦	hai shan xian ren jiang luo ru	3
海山仙子国	hai shan xian zi guo	1
海岛青冥无极已	hai dao qing ming wu ji yi	2
海岳尚可倾	hai yue shang ke qing	4
海日生残夜	hai ri sheng can ye	3
海棠不惜胭脂色	hai tang bu xi yan zhi se	3
海榴世所稀	hai liu shi suo xi	2
海气湿蛰熏腥臊	hai qi shi zhe xun xing sao	2
海畔云山拥蓟城	hai pan yun shan yong ji cheng	3
海色明徂徕	hai se ming cu lai	2
海运则将徙于南冥	hai yun ze jiang xi yu nan ming	1
海近风多健鹤翎	hai jin feng duo jian he ling	2
海阔凭鱼跃	hai kuo ping yu yue	10
浸月冷波千顷练	jin yue leng bo qian qing lian	2
涂山寺独游	tu shan si du you	3
涂山来去熟	tu shan lai qu shu	3
涂有饿莩而不知发	tu you e piao er bu zhi fa	3
涉江弄秋水	she jiang nong qiu shui	2
涉江采芙蓉	she jiang cai fu rong	1
涓涓泣露紫含笑	juan juan qi lu zi han xiao	2
涛白雪山来	tao bai xue shan lai	2
涤瑕荡垢清朝班	di xia dang gou qing chao ban	2
润物无声春有功	run wu wu sheng chun you gong	2
润物细无声	run wu xi wu sheng	48
润胜莲生水	run sheng lian sheng shui	2
涧户寂无人	jian hu ji wu ren	3
涧水东流复向西	jian shui dong liu fu xiang xi	3
涧水无声绕竹流	jian shui wu sheng rao zhu liu	2
涧涧白猿吟	jian jian bai yuan yin	3
涧谷芳菲少	jian gu fang fei shao	2
涵虚混太清	han xu hun tai qing	4
淑气催黄鸟	shu qi cui huang niao	2
淡乎其无味	dan hu qi wu wei	3
淡妆浓抹总相宜	dan zhuang nong mo zong xiang yi	27
淡扫明湖开玉镜	dan sao ming hu kai yu jing	2
淡扫蛾眉朝至尊	dan sao e mei chao zhi zun	2
淡烟流水画屏幽	dan yan liu shui hua ping you	2
淡着燕脂匀注	dan zhuo yan zhi yun zhu	2
淡薄似能知我意	dan bo si neng zhi wo yi	2
淫僻于仁义之行	yin pi yu ren yi zhi xing	2
淫辞知其所陷	yin ci zhi qi suo xian	2
淮水东南第一州	huai shui dong nan di yi zhou	2
淮水东边旧时月	huai shui dong bian jiu shi yue	5
淮水入南荣	huai shui ru nan rong	2
淮阴行五首	huai yin xing wu shou	2
深坐蹙蛾眉	shen zuo cu e mei	2
深宅养灵根	shen zhai yang ling gen	2
深宫二十年	shen gong er shi nian	1
深山何处钟	shen shan he chu zhong	3
深山夕照深秋雨	shen shan xi zhao shen qiu yu	3
深巷明朝卖杏花	shen xiang ming zhao mai xing hua	5
深林人不知	shen lin ren bu zhi	4
深柳读书堂	shen liu du shu tang	3
深江净绮罗	shen jiang jing qi luo	2
深注唇儿浅画眉	shen zhu chun er qian hua mei	2
深知身在情长在	shen zhi shen zai qing chang zai	1
深藏数十家	shen cang shu shi jia	3
深藏身与名	shen cang shen yu ming	2
深锁春光一院愁	shen suo chun guang yi yuan chou	1
深闭朱门伴细腰	shen bi zhu men ban xi yao	2
淹回水而疑滞	yan hui shui er yi zhi	2
淹留亦何益	yan liu yi he yi	2
添得黄鹂四五声	tian de huang li si wu sheng	1
添愁益恨绕天涯	tian chou yi hen rao tian ya	2
添酒回灯重开宴	tian jiu hui deng chong kai yan	1
淼南渡之焉如	miao nan du zhi yan ru	2
清光不令青山失	qing guang bu ling qing shan shi	2
清十二帝疑案	qing shi er di yi an	4
清吟晓露叶	qing yin xiao lu ye	4
清夜坠玄天	qing ye zhui xuan tian	2
清寒小雪前	qing han xiao xue qian	3
清川澹如此	qing chuan dan ru ci	2
清平乐六盘山	qing ping yue liu pan shan	2
清思汉水上	qing si han shui shang	2
清新庾开府	qing xin yu kai fu	3
清明上已西湖好	qing ming shang yi xi hu hao	2
清明上巳西湖好	qing ming shang si xi hu hao	4
清明几处有新烟	qing ming ji chu you xin yan	3
清明暖后同墙看	qing ming nuan hou tong qiang kan	2
清晨临流欲奚为	qing chen lin liu yu xi wei	2
清晨入古寺	qing chen ru gu si	1
清晨帘幕卷轻霜	qing chen lian mu juan qing shuang	2
清晨散马蹄	qing chen san ma ti	3
清月出岭光入扉	qing yue chu ling guang ru fei	3
清歌一曲梁尘起	qing ge yi qu liang chen qi	3
清歌妙舞落花前	qing ge miao wu luo hua qian	3
清水出芙蓉	qing shui chu fu rong	23
清江一曲抱村流	qing jiang yi qu bao cun liu	5
清池皓月照禅心	qing chi hao yue zhao chan xin	2
清泉石上流	qing quan shi shang liu	16
清浅白石滩	qing qian bai shi tan	2
清渠一邑传	qing qu yi yi chuan	3
清溪却向青滩泄	qing xi que xiang qing tan xie	2
清溪清我心	qing xi qing wo xin	3
清白遗子孙	qing bai yi zi sun	3
清筝何缭绕	qing zheng he liao rao	2
清虚当服药	qing xu dang fu yao	2
清诗句句尽堪传	qing shi ju ju jin kan chuan	3
清辉玉臂寒	qing hui yu bi han	3
清静老不死	qing jing lao bu si	3
清静过日而已	qing jing guo ri er yi	3
清风不识字	qing feng bu shi zi	3
清风动窗竹	qing feng dong chuang zhu	2
清风半夜鸣蝉	qing feng ban ye ming chan	4
清风卷地收残暑	qing feng juan di shou can shu	2
清风吹枕席	qing feng chui zhen xi	3
清风吹空月舒波	qing feng chui kong yue shu bo	2
清风播人天	qing feng bo ren tian	2
清风明月苦相思	qing feng ming yue ku xiang si	1
清风朗月不用一钱买	qing feng lang yue bu yong yi qian mai	5
清香随风发	qing xiang sui feng fa	2
渊生珠而崖不枯	yuan sheng zhu er ya bu ku	3
渌水荡漾清猿啼	lu shui dang yang qing yuan ti	3
渐与骨肉远	jian yu gu rou yuan	3
渐行渐远渐无书	jian xing jian yuan jian wu shu	2
渐觉东风料峭寒	jian jue dong feng liao qiao han	4
渐霜风凄紧	jian shuang feng qi jin	3
渔人甚异之	yu ren shen yi zhi	4
渔唱起三更	yu chang qi san geng	1
渔梁渡头争渡喧	yu liang du tou zheng du xuan	3
渔父莞尔而笑	yu fu wan er er xiao	1
渔父见而问之曰	yu fu jian er wen zhi yue	4
渔翁夜傍西岩宿	yu weng ye bang xi yan su	2
渔阳鼙鼓动地来	yu yang pi gu dong di lai	5
渚清沙白鸟飞回	zhu qing sha bai niao fei hui	4
渡浙江问舟中人	du zhe jiang wen zhou zhong ren	2
渡荆门送别	du jing men song bie	3
渡远荆门外	du yuan jing men wai	2
温故而知新	wen gu er zhi xin	32
温泉水滑洗凝脂	wen quan shui hua xi ning zhi	13
渭北春天树	wei bei chun tian shu	3
渭城已远波声小	wei cheng yi yuan bo sheng xiao	2
渭城朝雨浥轻尘	wei cheng zhao yu yi qing chen	1
渭城朝雨邑轻尘	wei cheng zhao yu yi qing chen	2
渭水东流去	wei shui dong liu qu	2
渭水银河清	wei shui yin he qing	4
渴不饮盗泉	ke bu yin dao quan	3
渴不饮盗泉水	ke bu yin dao quan shui	1
渴者易为饮	ke zhe yi wei yin	2
渴饮月窟冰	ke yin yue ku bing	2
游人去而禽鸟乐也	you ren qu er qin niao le ye	2
游人日暮相将去	you ren ri mu xiang jiang qu	4
游媚笔泉记	you mei bi quan ji	3
游子不顾返	you zi bu gu fan	1
游子久不至	you zi jiu bu zhi	3
游子思故乡	you zi si gu xiang	1
游子日月长	you zi ri yue chang	2
游子行天涯	you zi xing tian ya	3
游子身上衣	you zi shen shang yi	1
游宦京都二十春	you huan jing du er shi chun	3
游童挟弹一麾肘	you tong xie dan yi hui zhou	2
游蜂掠尽粉丝黄	you feng lve jin fen si huang	2
游褒禅山记	you bao chan shan ji	3
游雁有馀声	you yan you yu sheng	2
渺万里层云	miao wan li ceng yun	3
渺沧海之一粟	miao cang hai zhi yi su	5
渺渺兮予怀	miao miao xi yu huai	1
湓浦沙头水馆前	pen pu sha tou shui guan qian	3
湖上微风入槛凉	hu shang wei feng ru kan liang	2
湖上新春柳	hu shang xin chun liu	3
湖上春来似画图	hu shang chun lai si hua tu	2
湖上朱桥响画轮	hu shang zhu qiao xiang hua lun	2
湖上风来波浩渺	hu shang feng lai bo hao miao	2
湖与元气连	hu yu yuan qi lian	2
湖光秋月两相和	hu guang qiu yue liang xiang he	3
湖南清绝地	hu nan qing jue di	3
湖月照我影	hu yue zhao wo ying	1
湖清霜镜晓	hu qing shuang jing xiao	2
湘水无情吊岂知	xiang shui wu qing diao qi zhi	3
湛湛江水兮	zhan zhan jiang shui xi	2
湛湛玉泉色	zhan zhan yu quan se	3
湛湛长江去	zhan zhan chang jiang qu	1
湿薪半束抱衾裯	shi xin ban shu bao qin chou	2
源不深而望流之远	yuan bu shen er wang liu zhi yuan	3
溘埃风余上征	ke ai feng yu shang zheng	3
溧阳公主年十四	li yang gong zhu nian shi si	2
溪上青青草	xi shang qing qing cao	4
溪云初起日沉阁	xi yun chu qi ri chen ge	1
溪头卧剥莲蓬	xi tou wo bo lian peng	4
溪头烟树翠相围	xi tou yan shu cui xiang wei	2
溪涧岂能留得住	xi jian qi neng liu de zhu	3
溪深而鱼肥	xi shen er yu fei	3
溶溶春水浸春云	rong rong chun shui jin chun yun	2
滔滔孟夏兮	tao tao meng xia xi	2
滔滔者天下皆是也	tao tao zhe tian xia jie shi ye	3
滕子京谪守巴陵郡	teng zi jing zhe shou ba ling jun	4
滕王高阁临江渚	teng wang gao ge lin jiang zhu	3
滟滟随波千万里	yan yan sui bo qian wan li	4
满园深浅色	man yuan shen qian se	2
满园花菊郁金黄	man yuan hua ju yu jin huang	3
满地无人扫	man di wu ren sao	2
满地芦花和我老	man di lu hua he wo lao	3
满城春色宫墙柳	man cheng chun se gong qiang liu	6
满堂兮美人	man tang xi mei ren	4
满堂共话中兴事	man tang gong hua zhong xing shi	2
满川风雨看潮生	man chuan feng yu kan chao sheng	2
满座衣冠似雪	man zuo yi guan si xue	3
满庭芳草积	man ting fang cao ji	2
满架蔷薇一院香	man jia qiang wei yi yuan xiang	5
满目山河空念远	man mu shan he kong nian yuan	6
满眼蓬蒿共一丘	man yan peng hao gong yi qiu	3
满眼风光北固楼	man yan feng guang bei gu lou	1
满耳潺湲满面凉	man er chan yuan man mian liang	2
满身花影醉索扶	man shen hua ying zui suo fu	2
满载一船星辉	man zai yi chuan xing hui	2
满面尘灰烟火色	man mian chen hui yan huo se	5
滩如竹节稠	tan ru zhu jie chou	2
漂泊西南天地间	piao bo xi nan tian di jian	3
漆园有傲吏	qi yuan you ao li	2
漉菽以为汁	lu shu yi wei zhi	2
漉豉以为汁	lu chi yi wei zhi	2
漏断人初静	lou duan ren chu jing	3
漏迟天气凉	lou chi tian qi liang	3
漠漠水田飞白鹭	mo mo shui tian fei bai lu	1
漠漠秋云起	mo mo qiu yun qi	2
漫卷诗书喜欲狂	man juan shi shu xi yu kuang	3
漫向我耳边	man xiang wo er bian	2
漫漫雨花落	man man yu hua luo	2
漫绕东篱嗅落英	man rao dong li xiu luo ying	2
漫贪嬉戏思鸿鹄	man tan xi xi si hong hu	3
漫钓槎头缩颈鳊	man diao cha tou suo jing bian	2
潇洒到江心	xiao sa dao jiang xin	2
潇湘逢故人	xiao xiang feng gu ren	2
潋滟倪塘水	lian yan ni tang shui	2
潋潋摇空碧	lian lian yao kong bi	2
潘岳悼亡犹费词	pan yue dao wang you fei ci	2
潜匿游下邳	qian ni you xia pi	2
潜寐黄泉下	qian mei huang quan xia	2
潜龙须待一声雷	qian long xu dai yi sheng lei	3
潦倒新停浊酒杯	liao dao xin ting zhuo jiu bei	3
潦水尽而寒潭清	lao shui jin er han tan qing	1
潭影空人心	tan ying kong ren xin	1
潭清疑水浅	tan qing yi shui qian	2
潭澄羡跃鱼	tan cheng xian yue yu	2
潭面无风镜未磨	tan mian wu feng jing wei mo	3
潮去潮来洲渚春	chao qu chao lai zhou zhu chun	3
潮平两岸阔	chao ping liang an kuo	2
潮打空城寂寞回	chao da kong cheng ji mo hui	3
潮来不见汉时槎	chao lai bu jian han shi cha	2
潮满冶城渚	chao man ye cheng zhu	2
潮落江平未有风	chao luo jiang ping wei you feng	3
潼潼水势向江东	tong tong shui shi xiang jiang dong	2
澄江一道月分明	cheng jiang yi dao yue fen ming	3
澄江静如练	cheng jiang jing ru lian	1
澹澹衫儿薄薄罗	dan dan shan er bo bo luo	1
澹烟疏雨间斜阳	dan yan shu yu jian xie yang	4
濯清涟而不妖	zhuo qing lian er bu yao	24
濯锦江边两岸花	zhuo jin jiang bian liang an hua	2
濯锦江边天下稀	zhuo jin jiang bian tian xia xi	2
濯锦江边未满园	zhuo jin jiang bian wei man yuan	2
濯锦清江万里流	zhuo jin qing jiang wan li liu	3
瀚海阑干百丈冰	han hai lan gan bai zhang bing	3
火云满山凝未开	huo yun man shan ning wei kai	2
火冷灯稀霜露下	huo leng deng xi shuang lu xia	2
火山赤崔巍	huo shan chi cui wei	2
火树银花不夜天	huo shu yin hua bu ye tian	8
火树银花合	huo shu yin hua he	1
灭六国者六国也	mie liu guo zhe liu guo ye	3
灭烛怜光满	mie zhu lian guang man	1
灭迹栖绝巘	mie ji qi jue yan	2
灯下草虫鸣	deng xia cao chong ming	3
灯前小草写桃符	deng qian xiao cao xie tao fu	2
灯山万炬动黄昏	deng shan wan ju dong huang hun	2
灯火万家城四畔	deng huo wan jia cheng si pan	3
灯火下楼台	deng huo xia lou tai	3
灯火钱塘三五夜	deng huo qian tang san wu ye	3
灵之来兮如云	ling zhi lai xi ru yun	2
灵光何足贵	ling guang he zu gui	2
灵均何年歌已矣	ling jun he nian ge yi yi	3
灵山多秀色	ling shan duo xiu se	2
灵心圆映三江月	ling xin yuan ying san jiang yue	2
灵衣兮被被	ling yi xi bei bei	2
灵隐寺前三竺后	ling yin si qian san zhu hou	2
灼灼芙蓉姿	zhuo zhuo fu rong zi	2
灼若芙蕖出渌波	zhuo ruo fu qu chu lu bo	2
炀帝雷塘土	yang di lei tang tu	2
炉火照天地	lu huo zhao tian di	4
炎蒸毒我肠	yan zheng du wo chang	3
炎风吹沙埃	yan feng chui sha ai	3
炙手可热势绝伦	zhi shou ke re shi jue lun	3
炙脆子鹅鲜	zhi cui zi e xian	2
点水蜻蜓款款飞	dian shui qing ting kuan kuan fei	3
点注桃花舒小红	dian zhu tao hua shu xiao hong	2
点点无声落瓦沟	dian dian wu sheng luo wa gou	2
点点是离人泪	dian dian shi li ren lei	2
点酒下盐豉	dian jiu xia yan chi	2
烂若金照碧	lan ruo jin zhao bi	2
烈士暮年壮心不已	lie shi mu nian zhuang xin bu yi	1
烈火张天照云海	lie huo zhang tian zhao yun hai	2
烈火焚烧若等闲	lie huo fen shao ruo deng xian	5
烘暖烧香阁	hong nuan shao xiang ge	2
烛之武退秦师	zhu zhi wu tui qin shi	1
烝之复湘之	zheng zhi fu xiang zhi	2
烟光凝而暮山紫	yan guang ning er mu shan zi	4
烟景弥淡泊	yan jing mi dan bo	2
烟柳不遮楼角断	yan liu bu zhe lou jiao duan	2
烟柳断肠处	yan liu duan chang chu	3
烟波尽处一点白	yan bo jin chu yi dian bai	2
烟波江上使人愁	yan bo jiang shang shi ren chou	6
烟波澹荡摇空碧	yan bo dan dang yao kong bi	2
烟涛微茫信难求	yan tao wei mang xin nan qiu	4
烟笼寒水月笼沙	yan long han shui yue long sha	9
烟絮坠无痕	yan xu zhui wu hen	2
烟花不堪剪	yan hua bu kan jian	2
烟花春复秋	yan hua chun fu qiu	2
烟销日出不见人	yan xiao ri chu bu jian ren	3
烟雨却低回	yan yu que di hui	2
烟雨暗千家	yan yu an qian jia	2
烟雨莽苍苍	yan yu mang cang cang	5
烟霄微月澹长空	yan xiao wei yue dan chang kong	3
烦君最相警	fan jun zui xiang jing	2
烧酒初开琥珀香	shao jiu chu kai hu po xiang	3
热不息恶木阴	re bu xi e mu yin	1
热散由心静	re san you xin jing	2
热来寻扇子	re lai xun shan zi	2
热泪欲零还住	re lei yu ling huan zhu	3
热风吹雨洒江天	re feng chui yu sa jiang tian	4
烹羊宰牛且为乐	peng yang zai niu qie wei le	4
烹鸡酌白酒	peng ji zhuo bai jiu	2
烹龙炮凤玉脂泣	peng long pao feng yu zhi qi	2
烽火扬州路	feng huo yang zhou lu	4
烽火连三月	feng huo lian san yue	7
焉得人人而济之	yan de ren ren er ji zhi	2
焉得并州快剪刀	yan de bing zhou kuai jian dao	2
焉得思如陶谢手	yan de si ru tao xie shou	2
焉得铸甲作农器	yan de zhu jia zuo nong qi	3
焉用身独完	yan yong shen du wan	2
焉知二十载	yan zhi er shi zai	3
焉知来者之不如今也	yan zhi lai zhe zhi bu ru jin ye	3
焉能守旧丘	yan neng shou jiu qiu	2
焉能系而不食	yan neng xi er bu shi	2
焚文书而酷刑法	fen wen shu er ku xing fa	2
焚香引幽步	fen xiang yin you bu	3
焜黄华叶衰	kun huang hua ye shuai	3
焦遂五斗方卓然	jiao sui wu dou fang zhuo ran	3
焰焰烧空红佛桑	yan yan shao kong hong fo sang	2
然不自意能先入关破秦	ran bu zi yi neng xian ru guan po qin	2
然则乡之所谓知者	ran ze xiang zhi suo wei zhi zhe	2
然则何时而乐耶	ran ze he shi er le ye	4
然则北通巫峡	ran ze bei tong wu xia	2
然则我何为乎	ran ze wo he wei hu	2
然则朝四而暮三	ran ze zhao si er mu san	2
然后人侮之	ran hou ren wu zhi	4
然后从而刑之	ran hou cong er xing zhi	2
然后免于父母之怀	ran hou mian yu fu mu zhi huai	3
然后可以为民父母	ran hou ke yi wei min fu mu	2
然后天梯石栈方钩连	ran hou tian ti shi zhan fang gou lian	3
然后有千里马	ran hou you qian li ma	1
然后知不足	ran hou zhi bu zu	4
然后知松柏之后凋也	ran hou zhi song bai zhi hou diao ye	4
然后知生于忧患	ran hou zhi sheng yu you huan	4
然后知轻重	ran hou zhi qing zhong	3
然后知长短	ran hou zhi chang duan	4
然后驱而之善	ran hou qu er zhi shan	2
然士或怯懦而不敢发	ran shi huo qie nuo er bu gan fa	2
然得而腊之以为饵	ran de er xi zhi yi wei er	2
然文不可以学而能	ran wen bu ke yi xue er neng	2
然终向之者	ran zhong xiang zhi zhe	2
然而不王者	ran er bu wang zhe	1
然而巨盗至	ran er ju dao zhi	2
然而至此极者	ran er zhi ci ji zhe	2
然遍地腥云	ran bian di xing yun	4
煌煌祖宗业	huang huang zu zong ye	3
照吾槛兮扶桑	zhao wu jian xi fu sang	2
照在绿波中	zhao zai lv bo zhong	2
照地初开锦绣段	zhao di chu kai jin xiu duan	2
照我屋南隅	zhao wo wu nan yu	2
照我满怀冰雪	zhao wo man huai bing xue	2
照我罗床帏	zhao wo luo chuang wei	4
照横塘半天残月	zhao heng tang ban tian can yue	3
照水红蕖细细香	zhao shui hong qu xi xi xiang	3
照耀如雪天	zhao yao ru xue tian	3
照花前后镜	zhao hua qian hou jing	3
照见人如画	zhao jian ren ru hua	2
照野弥弥浅浪	zhao ye mi mi qian lang	2
煮芹烧笋饷春耕	zhu qin shao sun xiang chun geng	2
煮豆持作羹	zhu dou chi zuo geng	2
煮豆燃豆萁	zhu dou ran dou qi	2
熊儿幸无恙	xiong er xing wu yang	2
熟读深思子自知	shu du shen si zi zi zhi	4
熟读而精思	shu du er jing si	3
燕姬酌蒲萄	yan ji zhuo pu tao	2
燕子不归春事晚	yan zi bu gui chun shi wan	1
燕子双飞去	yan zi shuang fei qu	1
燕子双飞来又去	yan zi shuang fei lai you qu	2
燕子来时新社	yan zi lai shi xin she	4
燕子飞来飞去	yan zi fei lai fei qu	4
燕山月似钩	yan shan yue si gou	3
燕山雪花大如席	yan shan xue hua da ru xi	5
燕然未勒归无计	yan ran wei le gui wu ji	1
燕草如碧丝	yan cao ru bi si	4
燕诗示刘叟	yan shi shi liu sou	2
燕雀安知鸿鹄之志哉	yan que an zhi hong hu zhi zhi zai	5
爆竹声中一岁除	bao zhu sheng zhong yi sui chu	1
爱之欲其富也	ai zhi yu qi fu ye	2
爱之欲其生	ai zhi yu qi sheng	1
爱兹田中趣	ai zi tian zhong qu	2
爱子心无尽	ai zi xin wu jin	3
爱此荷花鲜	ai ci he hua xian	2
爱水看花日日来	ai shui kan hua ri ri lai	2
爱汝玉山草堂静	ai ru yu shan cao tang jing	3
爱酒不愧天	ai jiu bu kui tian	4
父子不相见	fu zi bu xiang jian	3
父子之情也	fu zi zhi qing ye	2
父老喜云集	fu lao xi yun ji	2
父老四五人	fu lao si wu ren	2
父老相携迎此翁	fu lao xiang xie ying ci weng	2
父老相逢鼻欲辛	fu lao xiang feng bi yu xin	2
父老空哽咽	fu lao kong geng ye	2
父老财无遗	fu lao cai wu yi	2
爽籁发而清风生	shuang lai fa er qing feng sheng	2
片云天共远	pian yun tian gong yuan	4
片片吹落轩辕台	pian pian chui luo xuan yuan tai	4
片石孤峰窥色相	pian shi gu feng kui se xiang	2
片言可以折狱者	pian yan ke yi zhe yu zhe	3
片言苟会心	pian yan gou hui xin	2
牙琴从此绝	ya qin cong ci jue	2
牛困人饥日已高	niu kun ren ji ri yi gao	3
牛渚西江夜	niu zhu xi jiang ye	2
牛衣古柳卖黄瓜	niu yi gu liu mai huang gua	1
牛郎欲问瘟神事	niu lang yu wen wen shen shi	1
牝常以静胜牡	pin chang yi jing sheng mu	2
牡丹尤为天下奇	mu dan you wei tian xia qi	5
牢骚太胜防肠断	lao sao tai sheng fang chang duan	2
牧童遥指杏花村	mu tong yao zhi xing hua cun	16
牧童骑黄牛	mu tong qi huang niu	2
物以多为贱	wu yi duo wei jian	2
物孰不资焉	wu shu bu zi yan	2
物心不可知	wu xin bu ke zhi	2
物性固莫夺	wu xing gu mo duo	3
物换星移几度秋	wu huan xing yi ji du qiu	4
物是人非事事休	wu shi ren fei shi shi xiu	40
物有所不足	wu you suo bu zu	3
物物各自异	wu wu ge zi yi	2
物物而不物于物	wu wu er bu wu yu wu	3
牵牛去几许	qian niu qu ji xu	2
牵衣顿足拦道哭	qian yi dun zu lan dao ku	2
特地惊狂眼	te di jing kuang yan	2
特异阳台云	te yi yang tai yun	2
犀箸厌饫久未下	xi zhu yan yu jiu wei xia	2
犬上阶眠知地湿	quan shang jie mian zhi di shi	2
犬子以田产未置止我	quan zi yi tian chan wei zhi zhi wo	2
状貌如妇人	zhuang mao ru fu ren	2
犹不能不以之兴怀	you bu neng bu yi zhi xing huai	1
犹为弃井也	you wei qi jing ye	4
犹为离人照落花	you wei li ren zhao luo hua	3
犹似汉江清	you si han jiang qing	2
犹似霓裳羽衣舞	you si ni chang yu yi wu	3
犹作江南未归客	you zuo jiang nan wei gui ke	2
犹其有四体也	you qi you si ti ye	4
犹务学以复补前行之恶	you wu xue yi fu bu qian xing zhi e	2
犹压香衾卧	you ya xiang qin wo	2
犹及清明可到家	you ji qing ming ke dao jia	3
犹吊遗踪一泫然	you diao yi zong yi xuan ran	2
犹唱后庭花	you chang hou ting hua	4
犹天之不可阶而升也	you tian zhi bu ke jie er sheng ye	2
犹子事父也	you zi shi fu ye	3
犹小石小木之在大山也	you xiao shi xiao mu zhi zai da shan ye	2
犹川谷之于江海	you chuan gu zhi yu jiang hai	2
犹带彤霞晓露痕	you dai tong xia xiao lu hen	2
犹带昭阳日影来	you dai zhao yang ri ying lai	2
犹得备晨炊	you de bei chen chui	3
犹恐巢中饥	you kong chao zhong ji	2
犹恐相逢是梦中	you kong xiang feng shi meng zhong	4
犹是深闺梦里人	you shi shen gui meng li ren	2
犹有尊足者存	you you zun zu zhe cun	2
犹有花枝俏	you you hua zhi qiao	6
犹水之就下	you shui zhi jiu xia	4
犹疑照颜色	you yi zhao yan se	2
犹疾视而盛气	you ji shi er sheng qi	2
犹缘木而求鱼也	you yuan mu er qiu yu ye	2
犹胜嫁黔娄	you sheng jia qian lou	2
犹能簸却沧溟水	you neng bo que cang ming shui	1
犹自凌丹虹	you zi ling dan hong	2
犹自带铜声	you zi dai tong sheng	3
犹自梦渔樵	you zi meng yu qiao	2
犹自音书滞一乡	you zi yin shu zhi yi xiang	2
犹被赏时鱼	you bei shang shi yu	2
犹解嫁东风	you jie jia dong feng	3
犹记当时烽火里	you ji dang shi feng huo li	2
犹赖是闲人	you lai shi xian ren	2
犹闻辞后主	you wen ci hou zhu	3
狂来轻世界	kuang lai qing shi jie	2
狂风吹我心	kuang feng chui wo xin	2
狂风大放颠	kuang feng da fang dian	2
狂风落尽深红色	kuang feng luo jin shen hong se	3
狂飙为我从天落	kuang biao wei wo cong tian luo	5
狐假龙神食豚尽	hu jia long shen shi tun jin	2
狐死归首丘	hu si gui shou qiu	2
狐死必首丘	hu si bi shou qiu	4
狐裘不暖锦衾薄	hu qiu bu nuan jin qin bo	3
狗吠深巷中	gou fei shen xiang zhong	6
狗彘食人食而不知检	gou zhi shi ren shi er bu zhi jian	3
狡捷过猴猿	jiao jie guo hou yuan	2
独与老翁别	du yu lao weng bie	2
独倚望江楼	du yi wang jiang lou	3
独占芳菲当夏景	du zhan fang fei dang xia jing	2
独唱何须和	du chang he xu he	4
独唱独酬还独卧	du chang du chou huan du wo	2
独善亦何益	du shan yi he yi	2
独在异乡为异客	du zai yi xiang wei yi ke	42
独坐幽篁里	du zuo you huang li	5
独坐敬亭山	du zuo jing ting shan	4
独坐池塘如虎踞	du zuo chi tang ru hu ju	4
独夜三更月	du ye san geng yue	2
独好亦何益	du hao yi he yi	3
独学而无友	du xue er wu you	7
独宿在空堂	du su zai kong tang	1
独寻秋景城东去	du xun qiu jing cheng dong qu	4
独怆然而涕下	du chuang ran er ti xia	3
独怜幽草涧边生	du lian you cao jian bian sheng	4
独恨无人作郑笺	du hen wu ren zuo zheng jian	3
独携天上小团月	du xie tian shang xiao tuan yue	3
独有天风送短茄	du you tian feng song duan qie	2
独有宦游人	du you huan you ren	2
独有懒慢者	du you lan man zhe	3
独有英雄驱虎豹	du you ying xiong qu hu bao	1
独有虞姬与郑君	du you yu ji yu zheng jun	3
独树老夫家	du shu lao fu jia	3
独步诗名在	du bu shi ming zai	2
独畏廉将军哉	du wei lian jiang jun zai	2
独留青冢向黄昏	du liu qing zhong xiang huang hun	1
独立天地间	du li tian di jian	2
独立小桥风满袖	du li xiao qiao feng man xiu	2
独立扬新令	du li yang xin ling	2
独立而不改	du li er bu gai	3
独立苍茫自咏诗	du li cang mang zi yong shi	3
独立蒙蒙细雨中	du li meng meng xi yu zhong	3
独自下寒烟	du zi xia han yan	2
独自倚阑干	du zi yi lan gan	2
独自怎生得黑	du zi zen sheng de hei	3
独自莫凭栏	du zi mo ping lan	3
独酌无相亲	du zhuo wu xiang qin	43
独酌板桥浦	du zhuo ban qiao pu	2
独钓寒江雪	du diao han jiang xue	22
独领残兵千骑归	du ling can bing qian qi gui	2
狷者有所不为也	juan zhe you suo bu wei ye	4
狼狈风尘里	lang bei feng chen li	2
猕猴骑土牛	mi hou qi tu niu	3
猛志逸四海	meng zhi yi si hai	3
猪犹智慧胜愚曹	zhu you zhi hui sheng yu cao	2
献从叔当涂宰阳冰	xian cong shu dang tu zai yang bing	2
献岁发春兮	xian sui fa chun xi	2
猴猿临岸吟	hou yuan lin an yin	2
猿啼客散暮江头	yuan ti ke san mu jiang tou	2
猿声依旧愁	yuan sheng yi jiu chou	3
猿声天上哀	yuan sheng tian shang ai	3
猿声梦里长	yuan sheng meng li chang	2
猿声碎客心	yuan sheng sui ke xin	2
猿猱欲度愁攀援	yuan nao yu du chou pan yuan	6
猿鸣三声泪沾裳	yuan ming san sheng lei zhan chang	3
猿鸣诚知曙	yuan ming cheng zhi shu	2
玄圣素王之道也	xuan sheng su wang zhi dao ye	2
玄晏舞狂乌帽落	xuan yan wu kuang wu mao luo	2
玄晖难再得	xuan hui nan zai de	2
玄都观里桃千树	xuan du guan li tao qian shu	3
玄鸟逝安适	xuan niao shi an shi	2
率妻子邑人来此绝境	shuai qi zi yi ren lai ci jue jing	2
玉人何处教吹箫	yu ren he chu jiao chui xiao	5
玉人浴出新妆洗	yu ren yu chu xin zhuang xi	2
玉佩兮陆离	yu pei xi lu li	2
玉关寄长安李主簿	yu guan ji chang an li zhu bu	2
玉垒浮云变古今	yu lei fu yun bian gu jin	1
玉宇澄清万里埃	yu yu cheng qing wan li ai	7
玉容寂寞泪阑干	yu rong ji mo lei lan gan	3
玉山自倒非人推	yu shan zi dao fei ren tui	2
玉山高并两峰寒	yu shan gao bing liang feng han	3
玉帐分弓射虏营	yu zhang fen gong she lu ying	2
玉帛云乎哉	yu bo yun hu zai	4
玉树后庭花	yu shu hou ting hua	8
玉树琼花满目春	yu shu qiong hua man mu chun	3
玉梯横绝月如钩	yu ti heng jue yue ru gou	2
玉楼宴罢醉和春	yu lou yan ba zui he chun	2
玉楼明月长相忆	yu lou ming yue chang xiang yi	2
玉楼朱阁横金锁	yu lou zhu ge heng jin suo	2
玉泉流不歇	yu quan liu bu xie	2
玉漏莫相催	yu lou mo xiang cui	3
玉界琼田三万顷	yu jie qiong tian san wan qing	2
玉盘杨梅为君设	yu pan yang mei wei jun she	2
玉盘珍羞直万钱	yu pan zhen xiu zhi wan qian	6
玉真公主别馆苦雨	yu zhen gong zhu bie guan ku yu	3
玉碗盛来琥珀光	yu wan cheng lai hu po guang	2
玉碗盛残露	yu wan cheng can lu	2
玉肤如醉向春风	yu fu ru zui xiang chun feng	2
玉腕彩丝双结	yu wan cai si shuang jie	3
玉螺一吹椎髻耸	yu luo yi chui zhui ji song	3
玉衡指孟冬	yu heng zhi meng dong	2
玉辇何由过马嵬	yu nian he you guo ma wei	2
玉鉴琼田三万顷	yu jian qiong tian san wan qing	3
玉钗头上风	yu chai tou shang feng	2
玉雪为骨冰为魂	yu xue wei gu bing wei hun	3
玉露凋伤枫树林	yu lu diao shang feng shu lin	3
玉面耶溪女	yu mian ye xi nv	2
玉颜不及寒鸦色	yu yan bu ji han ya se	3
玉骨冰肌未肯枯	yu gu bing ji wei ken ku	3
王亦曰仁义而已矣	wang yi yue ren yi er yi yi	2
王公何慷慨	wang gong he kang kai	2
王命相者趋射之	wang ming xiang zhe qu she zhi	2
王孙宴其下	wang sun yan qi xia	2
王孙归不归	wang sun gui bu gui	3
王孙空恁肠断	wang sun kong nen chang duan	2
王孙自可留	wang sun zi ke liu	1
王孙贾问曰	wang sun gu wen yue	2
王屋十月时	wang wu shi yue shi	3
王巾笥而藏之庙堂之上	wang jin si er cang zhi miao tang zhi shang	2
王师北定中原日	wang shi bei ding zhong yuan ri	6
王母桃花千遍红	wang mu tao hua qian bian hong	2
王母桃花小不香	wang mu tao hua xiao bu xiang	2
王氏井依然	wang shi jing yi ran	2
王莽谦恭未篡时	wang mang qian gong wei cuan shi	5
王道之始也	wang dao zhi shi ye	1
王顾谓其友颜不疑曰	wang gu wei qi you yan bu yi yue	2
王颁兵势急	wang ban bing shi ji	2
王风委蔓草	wang feng wei man cao	2
环佩空归月夜魂	huan pei kong gui yue ye hun	2
环滁皆山也	huan chu jie shan ye	1
环球同此凉热	huan qiu tong ci liang re	1
玲珑骰子安红豆	ling long tou zi an hong dou	4
珊瑚映绿水	shan hu ying lv shui	2
珊瑚间木难	shan hu jian mu nan	2
珍宝尽有之	zhen bao jin you zhi	2
珠帘不卷夜来霜	zhu lian bu juan ye lai shuang	2
珠帘暮卷西山雨	zhu lian mu juan xi shan yu	2
珠箔悬银钩	zhu bo xuan yin gou	2
珠箔飘灯独自归	zhu bo piao deng du zi gui	3
珠缨炫转星宿摇	zhu ying xuan zhuan xing xiu yao	1
珠非尘可昏	zhu fei chen ke hun	2
琐细如插秧	suo xi ru cha yang	2
琴绝最伤情	qin jue zui shang qing	2
琴里知闻唯渌水	qin li zhi wen wei lu shui	4
琵琶弦上说相思	pi pa xian shang shuo xiang si	1
琼枝曲不折	qiong zhi qu bu zhe	2
瑞脑消金兽	rui nao xiao jin shou	3
瑟瑟谷中风	se se gu zhong feng	3
瑶井玉绳相对晓	yao jing yu sheng xiang dui xiao	3
璆锵鸣兮琳琅	qiu qiang ming xi lin lang	3
瓜分之日可以死	gua fen zhi ri ke yi si	3
瓜熟子离离	gua shu zi li li	2
瓜田不纳履	gua tian bu na lv	7
瓦屋寒堆春后雪	wa wu han dui chun hou xue	2
瓮牖绳枢之子	weng you sheng shu zhi zi	3
甘当本分衰	gan dang ben fen shuai	2
甘心赴国忧	gan xin fu guo you	3
甘棠忆召公	gan tang yi shao gong	2
甘露舌头浆	gan lu she tou jiang	2
甚爱必大费	shen ai bi da fei	4
甚矣吾衰矣	shen yi wu shuai yi	2
生为同室亲	sheng wei tong shi qin	3
生也死之徒	sheng ye si zhi tu	3
生于淮北则为枳	sheng yu huai bei ze wei zhi	2
生亦我所欲	sheng yi wo suo yu	3
生入玉门关	sheng ru yu men guan	3
生别常恻恻	sheng bie chang ce ce	3
生子当如孙仲谋	sheng zi dang ru sun zhong mou	2
生存华屋处	sheng cun hua wu chu	2
生小不相识	sheng xiao bu xiang shi	3
生年不满百	sheng nian bu man bai	1
生当作人杰	sheng dang zuo ren jie	5
生当复来归	sheng dang fu lai gui	3
生怕离怀别苦	sheng pa li huai bie ku	2
生死不相离	sheng si bu xiang li	3
生民百遗一	sheng min bai yi yi	3
生烟纷漠漠	sheng yan fen mo mo	2
生物之以息相吹也	sheng wu zhi yi xi xiang chui ye	1
生理半人禽	sheng li ban ren qin	2
生理只凭黄阁老	sheng li zhi ping huang ge lao	2
生离与死别	sheng li yu si bie	4
生绡画扇盘双凤	sheng xiao hua shan pan shuang feng	4
生者为过客	sheng zhe wei guo ke	3
生者日已亲	sheng zhe ri yi qin	2
生而知之者上也	sheng er zhi zhi zhe shang ye	3
生计逐日营	sheng ji zhu ri ying	3
生逢尧舜君	sheng feng yao shun jun	2
生长明妃尚有村	sheng zhang ming fei shang you cun	3
用之如泥沙	yong zhi ru ni sha	4
用之所趋异也	yong zhi suo qu yi ye	3
用兵则贵右	yong bing ze gui you	3
用玉绍缭之	yong yu shao liao zhi	2
用箭当用长	yong jian dang yong chang	4
用药如用兵	yong yao ru yong bing	5
田园寥落干戈后	tian yuan liao luo gan ge hou	3
田园将芜胡不归	tian yuan jiang wu hu bu gui	1
田夫荷锄至	tian fu he chu zhi	1
田家几日闲	tian jia ji ri xian	4
田家占气候	tian jia zhan qi hou	3
田家少闲月	tian jia shao xian yue	1
田氏仓卒骨肉分	tian shi cang cu gu rou fen	2
由也好勇过我	you ye hao yong guo wo	2
由俭入奢易	you jian ru she yi	9
由奢入俭难	you she ru jian nan	18
由己溺之也	you ji ni zhi ye	2
由来征战地	you lai zheng zhan di	3
由来非一朝	you lai fei yi zhao	3
甲光向日金鳞开	jia guang xiang ri jin lin kai	4
甲子徒推小雪天	jia zi tu tui xiao xue tian	2
申之以孝悌之义	shen zhi yi xiao ti zhi yi	1
男儿何不带吴钩	nan er he bu dai wu gou	3
男儿到此是豪雄	nan er dao ci shi hao xiong	3
男儿到死心如铁	nan er dao si xin ru tie	3
男儿本自重横行	nan er ben zi zhong heng xing	2
男儿生世间	nan er sheng shi jian	2
男儿重意气	nan er zhong yi qi	3
男女授受不亲	nan nv shou shou bu qin	3
男耕女桑不相失	nan geng nv sang bu xiang shi	3
画图省识春风面	hua tu xing shi chun feng mian	2
画图麒麟阁	hua tu qi lin ge	2
画师亦无数	hua shi yi wu shu	2
画栋朝飞南浦云	hua dong zhao fei nan pu yun	2
画栏桂树悬秋香	hua lan gui shu xuan qiu xiang	1
画桥南畔倚胡床	hua qiao nan pan yi hu chuang	3
画眉深浅入时无	hua mei shen qian ru shi wu	3
畏圣人之言	wei sheng ren zhi yan	6
畏天者保其国	wei tian zhe bao qi guo	3
畏老偏惊节	wei lao pian jing jie	2
畏途巉岩不可攀	wei tu chan yan bu ke pan	2
留取丹心照汗青	liu qu dan xin zhao han qing	13
留得一钱看	liu de yi qian kan	3
留得枯荷听雨声	liu de ku he ting yu sheng	3
留连戏蝶时时舞	liu lian xi die shi shi wu	3
留醉与山翁	liu zui yu shan weng	4
略有其名存	lve you qi ming cun	2
畦蔬绕舍秋	qi shu rao she qiu	2
疏影横斜水清浅	shu ying heng xie shui qing qian	4
疏粝亦足饱我饥	shu li yi zu bao wo ji	2
疏雨滴梧桐	shu yu di wu tong	3
疏雨过中条	shu yu guo zhong tiao	2
疑义相与析	yi yi xiang yu xi	6
疑怪昨宵春梦好	yi guai zuo xiao chun meng hao	1
疑是人间疾苦声	yi shi ren jian ji ku sheng	3
疑是天边十二峰	yi shi tian bian shi er feng	2
疑是故人来	yi shi gu ren lai	1
疑是王子猷	yi shi wang zi you	2
疑是白波涨东海	yi shi bai bo zhang dong hai	2
疑是银河落九天	yi shi yin he luo jiu tian	13
疑有碧桃千树花	yi you bi tao qian shu hua	2
疑泛九江船	yi fan jiu jiang chuan	2
疑非人世也	yi fei ren shi ye	2
疾病相扶持	ji bing xiang fu chi	6
病入新年感物华	bing ru xin nian gan wu hua	2
病后能吟否	bing hou neng yin fou	2
病树前头万木春	bing shu qian tou wan mu chun	2
病魂常似秋千索	bing hun chang si qiu qian suo	1
痛玉不痛身	tong yu bu tong shen	2
痛饮从来别有肠	tong yin cong lai bie you chang	2
痛饮狂歌空度日	tong yin kuang ge kong du ri	1
痛饮连宵醉	tong yin lian xiao zui	2
瘦尽灯花又一宵	shou jin deng hua you yi xiao	1
瘦男独伶俜	shou nan du ling ping	2
瘦长如鹳鹄	shou chang ru guan hu	2
登东皋以舒啸	deng dong gao yi shu xiao	4
登临遍池台	deng lin bian chi tai	2
登乎昆仑之丘而南望	deng hu kun lun zhi qiu er nan wang	2
登乎狙之山	deng hu ju zhi shan	2
登京口北固亭有怀	deng jing kou bei gu ting you huai	3
登山则情满于山	deng shan ze qing man yu shan	4
登巫山最高峰	deng wu shan zui gao feng	2
登幽州台歌	deng you zhou tai ge	2
登建康赏心亭	deng jian kang shang xin ting	4
登昆仑兮四望	deng kun lun xi si wang	2
登昆仑兮食玉英	deng kun lun xi shi yu ying	3
登栈亦陵缅	deng zhan yi ling mian	2
登江中孤屿	deng jiang zhong gu yu	2
登池州九峰楼寄张祜	deng chi zhou jiu feng lou ji zhang hu	2
登泰山而小天下	deng tai shan er xiao tian xia	1
登舟望秋月	deng zhou wang qiu yue	2
登观音台望城	deng guan yin tai wang cheng	3
登赫曦台上	deng he xi tai shang	3
登车何时顾	deng che he shi gu	2
登金陵凤凰台	deng jin ling feng huang tai	4
登锦城散花楼	deng jin cheng san hua lou	2
登阵常骑大宛马	deng zhen chang qi da wan ma	2
登高会昔闻	deng gao hui xi wen	3
登高壮观天地间	deng gao zhuang guan tian di jian	4
登高必自卑	deng gao bi zi bei	6
登高无秋云	deng gao wu qiu yun	2
白下驿饯唐少府	bai xia yi jian tang shao fu	2
白也诗无敌	bai ye shi wu di	3
白了少年头	bai liao shao nian tou	25
白云一片去悠悠	bai yun yi pian qu you you	1
白云千载空悠悠	bai yun qian zai kong you you	5
白云回望合	bai yun hui wang he	1
白云堪卧君早归	bai yun kan wo jun zao gui	2
白云处处长随君	bai yun chu chu chang sui jun	2
白云山头云欲立	bai yun shan tou yun yu li	3
白云愁色满苍梧	bai yun chou se man cang wu	2
白云无尽时	bai yun wu jin shi	1
白云明月吊湘娥	bai yun ming yue diao xiang e	3
白云涨川谷	bai yun zhang chuan gu	2
白云深处有人家	bai yun shen chu you ren jia	3
白云满碗花徘徊	bai yun man wan hua pai huai	2
白云生处有人家	bai yun sheng chu you ren jia	4
白云相逐水相通	bai yun xiang zhu shui xiang tong	2
白兔捣药成	bai tu dao yao cheng	2
白兔捣药秋复春	bai tu dao yao qiu fu chun	3
白发三千丈	bai fa san qian zhang	5
白发东坡又到来	bai fa dong po you dao lai	3
白发日夜催	bai fa ri ye cui	2
白发死章句	bai fa si zhang ju	2
白发永无怀橘日	bai fa yong wu huai ju ri	2
白发烦多酒	bai fa fan duo jiu	2
白发空垂三千丈	bai fa kong chui san qian zhang	2
白发自然生	bai fa zi ran sheng	2
白发谁家翁媪	bai fa shui jia weng ao	4
白天碎碎堕琼芳	bai tian sui sui duo qiong fang	2
白头不相离	bai tou bu xiang li	6
白头宫女在	bai tou gong nv zai	4
白头搔更短	bai tou sao geng duan	3
白帝城西万竹蟠	bai di cheng xi wan zhu pan	2
白帝城高急暮砧	bai di cheng gao ji mu zhen	2
白帝高为三峡镇	bai di gao wei san xia zhen	2
白日亦偏照	bai ri yi pian zhao	2
白日依山尽	bai ri yi shan jin	22
白日发光彩	bai ri fa guang cai	3
白日当天三月半	bai ri dang tian san yue ban	2
白日放歌须纵酒	bai ri fang ge xu zong jiu	6
白日无光哭声苦	bai ri wu guang ku sheng ku	2
白日登山望烽火	bai ri deng shan wang feng huo	3
白毛浮绿水	bai mao fu lv shui	14
白水暮东流	bai shui mu dong liu	2
白水绕东城	bai shui rao dong cheng	12
白波九道流雪山	bai bo jiu dao liu xue shan	3
白玉堂前一树梅	bai yu tang qian yi shu mei	2
白花檐外朵	bai hua yan wai duo	2
白草城中春不入	bai cao cheng zhong chun bu ru	2
白菘类羔豚	bai song lei gao tun	3
白袷玉郎寄桃叶	bai jia yu lang ji tao ye	2
白酒床头初熟	bai jiu chuang tou chu shu	3
白铁无辜铸佞臣	bai tie wu gu zhu ning chen	5
白银盘里一青螺	bai yin pan li yi qing luo	5
白门寥落意多违	bai men liao luo yi duo wei	2
白雨跳珠乱入船	bai yu tiao zhu luan ru chuan	4
白雪却嫌春色晚	bai xue que xian chun se wan	4
白雪歌送武判官归京	bai xue ge song wu pan guan gui jing	6
白露沾野草	bai lu zhan ye cao	2
白露点青苔	bai lu dian qing tai	2
白须道士竹间棋	bai xu dao shi zhu jian qi	2
白首卧松云	bai shou wo song yun	2
白首扁舟病独存	bai shou bian zhou bing du cun	2
白首放歌须纵酒	bai shou fang ge xu zong jiu	2
白首相知犹按剑	bai shou xiang zhi you an jian	3
白首相逢征战后	bai shou xiang feng zheng zhan hou	2
白马湖平秋日光	bai ma hu ping qiu ri guang	3
白骨蔽平原	bai gu bi ping yuan	2
白鱼如切玉	bai yu ru qie yu	2
白鸟故迟留	bai niao gu chi liu	2
白鸡梦后三百岁	bai ji meng hou san bai sui	2
白鸥没浩荡	bai ou mo hao dang	2
白鹭下秋水	bai lu xia qiu shui	2
白鹭映春洲	bai lu ying chun zhou	2
百万雄师过大江	bai wan xiong shi guo da jiang	1
百亩庭中半是苔	bai mu ting zhong ban shi tai	3
百啭千声随意移	bai zhuan qian sheng sui yi yi	3
百姓县前挽鱼罟	bai xing xian qian wan yu gu	2
百姓如丧考妣	bai xing ru sang kao bi	3
百姓闻王车马之音	bai xing wen wang che ma zhi yin	2
百尺朱楼闲倚遍	bai chi zhu lou xian yi bian	2
百尺楼高水接天	bai chi lou gao shui jie tian	1
百岁曾无百岁人	bai sui ceng wu bai sui ren	2
百岁相看能几个	bai sui xiang kan neng ji ge	2
百川东到海	bai chuan dong dao hai	4
百年三万六千日	bai nian san wan liu qian ri	4
百年世事不胜悲	bai nian shi shi bu sheng bei	3
百年多病独登台	bai nian duo bing du deng tai	3
百年忽我遒	bai nian hu wo qiu	3
百年歌自苦	bai nian ge zi ku	3
百年能几何	bai nian neng ji he	4
百年都是几多时	bai nian dou shi ji duo shi	2
百年魔怪舞翩跹	bai nian mo guai wu pian xian	4
百感中来不自由	bai gan zhong lai bu zi you	2
百战沙场碎铁衣	bai zhan sha chang sui tie yi	3
百战疲劳壮士哀	bai zhan pi lao zhuang shi ai	2
百有余年矣	bai you yu nian yi	3
百枝绛点灯煌煌	bai zhi jiang dian deng huang huang	3
百步九折萦岩峦	bai bu jiu zhe ying yan luan	1
百神翳其备降兮	bai shen yi qi bei jiang xi	3
百胜本自有前期	bai sheng ben zi you qian qi	2
百花深处杜鹃啼	bai hua shen chu du juan ti	2
百花潭水即沧浪	bai hua tan shui ji cang lang	3
百花迹已绝	bai hua ji yi jue	2
百谷青芃芃	bai gu qing peng peng	3
百遍相看意未阑	bai bian xiang kan yi wei lan	2
百里奚举于市	bai li xi ju yu shi	2
百里奚爵禄不入于心	bai li xi jue lu bu ru yu xin	2
百里见秋毫	bai li jian qiu hao	2
百钱可得酒斗许	bai qian ke de jiu dou xu	2
皆以枉法论	jie yi wang fa lun	3
皆反求诸己	jie fan qiu zhu ji	4
皆所以明人伦也	jie suo yi ming ren lun ye	3
皆有圣人之一体	jie you sheng ren zhi yi ti	2
皆知善之为善	jie zhi shan zhi wei shan	4
皆言四海同	jie yan si hai tong	2
皇天无私阿兮	huang tian wu si e xi	2
皇览揆余于初度兮	huang lan kui yu yu chu du xi	2
皇览揆余初度兮	huang lan kui yu chu du xi	3
皇都陆海应无数	huang du lu hai ying wu shu	3
皎如玉树临风前	jiao ru yu shu lin feng qian	1
皎皎明秋月	jiao jiao ming qiu yue	3
皎皎河汉女	jiao jiao he han nv	6
皎皎空中孤月轮	jiao jiao kong zhong gu yue lun	4
皎若云间月	jiao ruo yun jian yue	3
皎若太阳升朝霞	jiao ruo tai yang sheng zhao xia	2
皑如山上雪	ai ru shan shang xue	3
皛皛川上平	xiao xiao chuan shang ping	2
皮里春秋空黑黄	pi li chun qiu kong hei huang	2
盈盈一水间	ying ying yi shui jian	3
盈盈楼上女	ying ying lou shang nv	1
盈科而后进	ying ke er hou jin	4
盈筐承露薤	ying kuang cheng lu xie	2
盈缩之期不但在天	ying suo zhi qi bu dan zai tian	2
盍各言尔志	he ge yan er zhi	4
盖余之勤且艰若此	gai yu zhi qin qie jian ruo ci	3
盖将自其变者而观之	gai jiang zi qi bian zhe er guan zhi	2
盖棺事则已	gai guan shi ze yi	4
盖竹柏影也	gai zhu bai ying ye	3
盖裹周四垠	gai guo zhou si yin	2
盗亦有道乎	dao yi you dao hu	3
盗贼出于贫穷	dao zei chu yu pin qiong	2
盗贼可以死	dao zei ke yi si	3
盗贼还奔突	dao zei huan ben tu	2
盘出高门行白玉	pan chu gao men xing bai yu	2
盘涡与岸回	pan wo yu an hui	2
盘涡毂转秦地雷	pan wo gu zhuan qin di lei	2
盘蔬饼饵逐时新	pan shu bing er zhu shi xin	3
盘飧市远无兼味	pan sun shi yuan wu jian wei	3
盘餐市远无兼味	pan can shi yuan wu jian wei	2
盛夏不销雪	sheng xia bu xiao xue	2
盛年不重来	sheng nian bu chong lai	1
盛时不可再	sheng shi bu ke zai	3
盛衰各有时	sheng shuai ge you shi	3
目不视恶色	mu bu shi e se	3
目明长庚臆双凫	mu ming chang geng yi shuang fu	2
目极千里兮	mu ji qian li xi	3
目眇眇兮愁予	mu miao miao xi chou yu	4
目览千载事	mu lan qian zai shi	6
目遇之而成色	mu yu zhi er cheng se	2
直下龙岩上杭	zhi xia long yan shang hang	5
直为斩楼兰	zhi wei zhan lou lan	2
直从萌芽拔	zhi cong meng ya ba	3
直入白云深处	zhi ru bai yun shen chu	2
直出浮云间	zhi chu fu yun jian	3
直到城头总是花	zhi dao cheng tou zong shi hua	4
直到门前溪水流	zhi dao men qian xi shui liu	2
直匍匐而归耳	zhi pu fu er gui er	2
直在其中矣	zhi zai qi zhong yi	6
直好世俗之乐耳	zhi hao shi su zhi yue er	2
直把天涯都照彻	zhi ba tian ya dou zhao che	2
直把杭州作汴州	zhi ba hang zhou zuo bian zhou	1
直挂云帆济沧海	zhi gua yun fan ji cang hai	2
直指武夷山下	zhi zhi wu yi shan xia	4
直教生死相许	zhi jiao sheng si xiang xu	6
直欲数秋毫	zhi yu shu qiu hao	3
直破烟波远远回	zhi po yan bo yuan yuan hui	3
直至长风沙	zhi zhi chang feng sha	3
直觉巫山暮	zhi jue wu shan mu	2
直道相思了无益	zhi dao xiang si liao wu yi	7
直须看尽洛城花	zhi xu kan jin luo cheng hua	2
直须看尽洛阳花	zhi xu kan jin luo yang hua	2
相与枕藉乎舟中	xiang yu zhen jie hu zhou zhong	3
相亲相近水中鸥	xiang qin xiang jin shui zhong ou	4
相伴赤松游	xiang ban chi song you	2
相去万余里	xiang qu wan yu li	1
相去四十里	xiang qu si shi li	3
相去复几许	xiang qu fu ji xu	1
相和而歌曰	xiang he er ge yue	2
相如一奋其气	xiang ru yi fen qi qi	2
相守夜欢哗	xiang shou ye huan hua	2
相对如梦寐	xiang dui ru meng mei	3
相对遥相望	xiang dui yao xiang wang	2
相思不惜梦	xiang si bu xi meng	2
相思不相见	xiang si bu xiang jian	2
相思与君绝	xiang si yu jun jue	1
相思则披衣	xiang si ze pi yi	3
相思始觉海非深	xiang si shi jue hai fei shen	1
相思枫叶丹	xiang si feng ye dan	2
相思相望不相亲	xiang si xiang wang bu xiang qin	4
相思相见知何日	xiang si xiang jian zhi he ri	8
相思迢递隔重城	xiang si tiao di ge chong cheng	3
相携及田家	xiang xie ji tian jia	2
相教慎出入	xiang jiao shen chu ru	2
相望始登高	xiang wang shi deng gao	2
相期憩瓯越	xiang qi qi ou yue	3
相期邈云汉	xiang qi miao yun han	11
相看万里外	xiang kan wan li wai	2
相看两不厌	xiang kan liang bu yan	28
相看恍如昨	xiang kan huang ru zuo	2
相看白刃血纷纷	xiang kan bai ren xue fen fen	3
相知何用早	xiang zhi he yong zao	2
相知在急难	xiang zhi zai ji nan	1
相知无远近	xiang zhi wu yuan jin	2
相见不相知	xiang jian bu xiang zhi	2
相见常日稀	xiang jian chang ri xi	2
相见无杂言	xiang jian wu za yan	2
相见语依依	xiang jian yu yi yi	1
相观民之计极	xiang guan min zhi ji ji	2
相识三十年	xiang shi san shi nian	2
相过人不知	xiang guo ren bu zhi	3
相迎不道远	xiang ying bu dao yuan	3
相逐晴空去不归	xiang zhu qing kong qu bu gui	3
相逢不相识	xiang feng bu xiang shi	1
相逢何太晚	xiang feng he tai wan	2
相逢俱涕零	xiang feng ju ti ling	2
相逢应不识	xiang feng ying bu shi	1
相逢立马语	xiang feng li ma yu	2
相逢苦觉人情好	xiang feng ku jue ren qing hao	2
相邀锦绣谷中春	xiang yao jin xiu gu zhong chun	3
相随到处绿蓑衣	xiang sui dao chu lv suo yi	2
相随饷田去	xiang sui xiang tian qu	2
相顾无相识	xiang gu wu xiang shi	1
眄庭柯以怡颜	mian ting ke yi yi yan	2
眉欺杨柳叶	mei qi yang liu ye	2
眉间翠钿深	mei jian cui dian shen	1
眉黛夺将萱草色	mei dai duo jiang xuan cao se	3
看万山红遍	kan wan shan hong bian	4
看似寻常最奇崛	kan si xun chang zui qi jue	7
看你横行到几时	kan ni heng xing dao ji shi	6
看剑引杯长	kan jian yin bei chang	2
看取人间傀儡棚	kan qu ren jian kui lei peng	2
看取眉头鬓上	kan qu mei tou bin shang	3
看取莲花净	kan qu lian hua jing	4
看尽人间兴废事	kan jin ren jian xing fei shi	2
看朱成碧思纷纷	kan zhu cheng bi si fen fen	3
看煎瑟瑟尘	kan jian se se chen	2
看画曾饥渴	kan hua ceng ji ke	2
看红妆素裹	kan hong zhuang su guo	3
看红装素裹	kan hong zhuang su guo	4
看花上酒船	kan hua shang jiu chuan	3
看花莫待花枝老	kan hua mo dai hua zhi lao	2
看金鞍争道	kan jin an zheng dao	2
看风景人在楼上看你	kan feng jing ren zai lou shang kan ni	4
看龙舟两两	kan long zhou liang liang	3
真人之息以踵	zhen ren zhi xi yi zhong	2
真堪托死生	zhen kan tuo si sheng	3
真妃初出华清池	zhen fei chu chu hua qing chi	3
真宰上诉天应泣	zhen zai shang su tian ying qi	3
真是英雄一丈夫	zhen shi ying xiong yi zhang fu	3
真积力久则入	zhen ji li jiu ze ru	2
真能变成石头吗	zhen neng bian cheng shi tou ma	2
眷眷不忍决	juan juan bu ren jue	2
眸子不能掩其恶	mou zi bu neng yan qi e	2
眼中战国成争鹿	yan zhong zhan guo cheng zheng lu	2
眼前一杯酒	yan qian yi bei jiu	2
眼前万里江山	yan qian wan li jiang shan	1
眼前无路想回头	yan qian wu lu xiang hui tou	5
眼前无长物	yan qian wu chang wu	3
眼前道路无经纬	yan qian dao lu wu jing wei	2
眼明飞阁俯长桥	yan ming fei ge fu chang qiao	3
眼枯即见骨	yan ku ji jian gu	3
眼看人尽醉	yan kan ren jin zui	3
眼花落井水底眠	yan hua luo jing shui di mian	3
眼见的吹翻了这家	yan jian de chui fan le zhe jia	3
眼角眉梢都似恨	yan jiao mei shao dou si hen	3
睡觉东窗日已红	shui jiao dong chuang ri yi hong	2
睡觉寒灯里	shui jiao han deng li	1
睫在眼前长不见	jie zai yan qian chang bu jian	3
睹一异鹊自南方来者	du yi yi que zi nan fang lai zhe	2
瞋目视项王	chen mu shi xiang wang	2
瞻前而顾后兮	zhan qian er gu hou xi	2
瞻彼洛城郭	zhan bi luo cheng guo	2
矗不知其几千万落	chu bu zhi qi ji qian wan luo	3
矛头淅米剑头炊	mao tou xi mi jian tou chui	2
知之为知之	zhi zhi wei zhi zhi	23
知之者不如好之者	zhi zhi zhe bu ru hao zhi zhe	2
知他故宫何处	zhi ta gu gong he chu	2
知余歌者劳	zhi yu ge zhe lao	2
知君为我新作	zhi jun wei wo xin zuo	2
知君仙骨无寒暑	zhi jun xian gu wu han shu	2
知君用心如日月	zhi jun yong xin ru ri yue	3
知德者鲜矣	zhi de zhe xian yi	2
知我者其天乎	zhi wo zhe qi tian hu	2
知是故人来	zhi shi gu ren lai	3
知有杏园无路入	zhi you xing yuan wu lu ru	2
知来者之可追	zhi lai zhe zhi ke zhui	12
知死不可让	zhi si bu ke rang	2
知汝远来应有意	zhi ru yuan lai ying you yi	3
知皆扩而充之矣	zhi jie kuo er chong zhi yi	2
知章骑马似乘船	zhi zhang qi ma si cheng chuan	3
知误会前番书语	zhi wu hui qian fan shu yu	3
知误会前翻书语	zhi wu hui qian fan shu yu	2
知音世所稀	zhi yin shi suo xi	3
矫菌桂以纫蕙兮	jiao jun gui yi ren hui xi	2
短檠照字细如毛	duan qing zhao zi xi ru mao	2
短歌微吟不能长	duan ge wei yin bu neng chang	2
短笛无腔信口吹	duan di wu qiang xin kou chui	2
短笛横吹隔陇闻	duan di heng chui ge long wen	2
短者不为不足	duan zhe bu wei bu zu	3
矮纸斜行闲作草	ai zhi xie xing xian zuo cao	4
石上题诗扫绿苔	shi shang ti shi sao lv tai	3
石坚激清响	shi jian ji qing xiang	2
石扉三叩声清圆	shi fei san kou sheng qing yuan	2
石断紫钱斜	shi duan zi qian xie	2
石桥东望海连天	shi qiao dong wang hai lian tian	3
石楼月下吹芦管	shi lou yue xia chui lu guan	2
石泉碧漾漾	shi quan bi yang yang	3
石泉饭香粳	shi quan fan xiang jing	2
石渠秋放水声新	shi qu qiu fang shui sheng xin	2
石濑兮浅浅	shi lai xi jian jian	3
石火光中寄此身	shi huo guang zhong ji ci shen	3
石矶西畔问渔船	shi ji xi pan wen yu chuan	2
石破天惊逗秋雨	shi po tian jing dou qiu yu	3
石虽不能言	shi sui bu neng yan	2
石钵收云液	shi bo shou yun ye	2
石门千仞断	shi men qian ren duan	3
石门流水遍桃花	shi men liu shui bian tao hua	2
石鱼湖上醉歌并序	shi yu hu shang zui ge bing xu	2
石黛碧玉相因依	shi dai bi yu xiang yin yi	3
砌下落梅如雪乱	qi xia luo mei ru xue luan	2
破产不为家	po chan bu wei jia	2
破头山北北山南	po tou shan bei bei shan nan	2
破尽青衫尘满帽	po jin qing shan chen man mao	2
破浪千帆阵马来	po lang qian fan zhen ma lai	2
碣石潇湘无限路	jie shi xiao xiang wu xian lu	3
碧天如水夜云轻	bi tian ru shui ye yun qing	2
碧山终日思无尽	bi shan zhong ri si wu jin	2
碧梧栖老凤凰枝	bi wu qi lao feng huang zhi	1
碧水东流至此回	bi shui dong liu zhi ci hui	1
碧水浩浩云茫茫	bi shui hao hao yun mang mang	2
碧水长流广濑川	bi shui chang liu guang lai chuan	2
碧海青天夜夜心	bi hai qing tian ye ye xin	2
碧玉妆成一树高	bi yu zhuang cheng yi shu gao	6
碧玉小家女	bi yu xiao jia nv	2
碧玉搔头落水中	bi yu sao tou luo shui zhong	1
碧琉璃滑净无尘	bi liu li hua jing wu chen	2
碧瓦朱甍照城郭	bi wa zhu meng zhao cheng guo	2
碧眼照山谷	bi yan zhao shan gu	2
碧荷生幽泉	bi he sheng you quan	3
碧虚无云风不起	bi xu wu yun feng bu qi	2
磊落星月高	lei luo xing yue gao	3
示赵弱且怯也	shi zhao ruo qie qie ye	2
礼义由贤者出	li yi you xian zhe chu	2
礼乐不兴则刑罚不中	li yue bu xing ze xing fa bu zhong	2
礼法有明文	li fa you ming wen	2
社稷一戎衣	she ji yi rong yi	3
社稷依明主	she ji yi ming zhu	3
祖母今年九十有六	zu mu jin nian jiu shi you liu	2
祗役出皇邑	zhi yi chu huang yi	2
神女为秉机	shen nv wei bing ji	2
神女应无恙	shen nv ying wu yang	6
神妙独难忘	shen miao du nan wang	2
神得一以灵	shen de yi yi ling	2
神有所不通	shen you suo bu tong	3
神欢体自轻	shen huan ti zi qing	2
神行电迈蹑慌惚	shen xing dian mai nie huang hu	2
祭神如神在	ji shen ru shen zai	5
祸兮福之所倚	huo xi fu zhi suo yi	8
祸兮福所倚	huo xi fu suo yi	18
祸患常积于忽微	huo huan chang ji yu hu wei	2
祸莫大于不知足	huo mo da yu bu zhi zu	1
禁钟惊睡觉	jin zhong jing shui jiao	3
禄在其中矣	lu zai qi zhong yi	4
禅房花木深	chan fang hua mu shen	4
福兮祸之所伏	fu xi huo zhi suo fu	5
福兮祸所伏	fu xi huo suo fu	13
禹思天下有溺者	yu si tian xia you ni zhe	2
离人心上秋	li ren xin shang qiu	10
离别家乡岁月多	li bie jia xiang sui yue duo	1
离天三尺三	li tian san chi san	6
离离原上草	li li yuan shang cao	7
离离山上苗	li li shan shang miao	3
离离暑云散	li li shu yun san	1
秀出九芙蓉	xiu chu jiu fu rong	3
秀句满江国	xiu ju man jiang guo	2
秀而不实者有矣夫	xiu er bu shi zhe you yi fu	2
秀色固异状	xiu se gu yi zhuang	3
秀色掩今古	xiu se yan jin gu	2
秀色空绝世	xiu se kong jue shi	2
秀野踏青来不定	xiu ye ta qing lai bu ding	3
秋丛绕舍似陶家	qiu cong rao she si tao jia	3
秋云暗几重	qiu yun an ji chong	3
秋光近青岑	qiu guang jin qing cen	2
秋兰兮青青	qiu lan xi qing qing	2
秋凉卷朝簟	qiu liang juan zhao dian	2
秋分客尚在	qiu fen ke shang zai	2
秋千竞出垂杨里	qiu qian jing chu chui yang li	2
秋千院落夜沉沉	qiu qian yuan luo ye chen chen	1
秋吟切骨玉声寒	qiu yin qie gu yu sheng han	2
秋天殊未晓	qiu tian shu wei xiao	2
秋宵月下有怀	qiu xiao yue xia you huai	2
秋宵月色胜春宵	qiu xiao yue se sheng chun xiao	2
秋尽江南草木凋	qiu jin jiang nan cao mu diao	3
秋尽江南草未凋	qiu jin jiang nan cao wei diao	5
秋庭不扫携藤杖	qiu ting bu sao xie teng zhang	3
秋收万颗子	qiu shou wan ke zi	7
秋收时节暮云愁	qiu shou shi jie mu yun chou	2
秋日别王长史	qiu ri bie wang zhang shi	2
秋日炼药院镊白发	qiu ri lian yao yuan nie bai fa	2
秋日登吴公台上寺远眺	qiu ri deng wu gong tai shang si yuan tiao	2
秋日赴阙题潼关驿楼	qiu ri fu que ti tong guan yi lou	2
秋月春风等闲度	qiu yue chun feng deng xian du	2
秋来倍忆武昌鱼	qiu lai bei yi wu chang yu	2
秋来兴甚长	qiu lai xing shen chang	2
秋来相顾尚飘蓬	qiu lai xiang gu shang piao peng	2
秋来美更香	qiu lai mei geng xiang	2
秋槐叶落空宫里	qiu huai ye luo kong gong li	2
秋毫不敢有所近	qiu hao bu gan you suo jin	2
秋水为神玉为骨	qiu shui wei shen yu wei gu	3
秋水共长天一色	qiu shui gong chang tian yi se	1
秋水日潺湲	qiu shui ri chan yuan	1
秋水明落日	qiu shui ming luo ri	2
秋江送别二首	qiu jiang song bie er shou	2
秋江鳞甲生	qiu jiang lin jia sheng	3
秋波落泗水	qiu bo luo si shui	2
秋浦歌十七首	qiu pu ge shi qi shou	2
秋空明月悬	qiu kong ming yue xuan	3
秋色有佳兴	qiu se you jia xing	2
秋花危石底	qiu hua wei shi di	2
秋花紫蒙蒙	qiu hua zi meng meng	2
秋草独寻人去后	qiu cao du xun ren qu hou	3
秋荷一滴露	qiu he yi di lu	2
秋菊能傲霜	qiu ju neng ao shuang	2
秋蝉鸣树间	qiu chan ming shu jian	2
秋阴不散霜飞晚	qiu yin bu san shuang fei wan	2
秋雨晴时泪不晴	qiu yu qing shi lei bu qing	3
秋雨梧桐叶落时	qiu yu wu tong ye luo shi	1
秋雾连云白	qiu wu lian yun bai	2
秋风万里动	qiu feng wan li dong	3
秋风吹不尽	qiu feng chui bu jin	2
秋风夕起骚骚然	qiu feng xi qi sao sao ran	2
秋风楚竹冷	qiu feng chu zhu leng	2
秋风肃肃晨风飔	qiu feng su su chen feng si	2
秋风萧瑟天气凉	qiu feng xiao se tian qi liang	5
秋风萧瑟洪波涌起	qiu feng xiao se hong bo yong qi	2
秋风萧萧愁杀人	qiu feng xiao xiao chou sha ren	2
秋风袅袅动高旌	qiu feng niao niao dong gao jing	2
秋风起兮白云飞	qiu feng qi xi bai yun fei	4
秋高山色青如染	qiu gao shan se qing ru ran	2
种之秋雨余	zhong zhi qiu yu yu	2
种柳成行夹流水	zhong liu cheng hang jia liu shui	2
种柳柳江边	zhong liu liu jiang bian	2
种树郭橐驼传	zhong shu guo tuo tuo zhuan	4
种桃道士归何处	zhong tao dao shi gui he chu	3
种瓜黄台下	zhong gua huang tai xia	2
种种在其中	zhong zhong zai qi zhong	2
种豆南山下	zhong dou nan shan xia	2
科学的本质就是创新	ke xue de ben zhi jiu shi chuang xin	3
秘密事之载心兮	mi mi shi zhi zai xin xi	2
秦中自古帝王州	qin zhong zi gu di wang zhou	3
秦人不暇自哀	qin ren bu xia zi ai	4
秦城楼阁烟花里	qin cheng lou ge yan hua li	2
秦声一曲此时闻	qin sheng yi qu ci shi wen	2
秦岭愁回马	qin ling chou hui ma	2
秦岭秋风我去时	qin ling qiu feng wo qu shi	2
秦川得及此间无	qin chuan de ji ci jian wu	3
秦开蜀道置金牛	qin kai shu dao zhi jin niu	3
秦强而赵弱	qin qiang er zhao ruo	2
秦御史前书曰	qin yu shi qian shu yue	2
秦时明月汉时关	qin shi ming yue han shi guan	3
秦桑低绿枝	qin sang di lv zhi	1
秦烹惟羊羹	qin peng wei yang geng	3
秦王与赵王会饮	qin wang yu zhao wang hui yin	3
秦王为赵王击缶	qin wang wei zhao wang ji fou	3
秦王使使者告赵王	qin wang shi shi zhe gao zhao wang	3
秦王骑虎游八极	qin wang qi hu you ba ji	2
秦皇岛外打鱼船	qin huang dao wai da yu chuan	1
积伐而美者以犯之	ji fa er mei zhe yi fan zhi	2
积德为厚地	ji de wei hou di	2
积水连山胜画中	ji shui lian shan sheng hua zhong	2
积疴谢生虑	ji ke xie sheng lv	3
积雪浮云端	ji xue fu yun duan	1
称名忆旧容	cheng ming yi jiu rong	3
移我琉璃榻	yi wo liu li ta	2
移舟木兰棹	yi zhou mu lan zhao	2
移舟泊烟渚	yi zhou bo yan zhu	2
移船先主庙	yi chuan xian zhu miao	2
移船相近邀相见	yi chuan xiang jin yao xiang jian	1
秾李雪开歌扇掩	nong li xue kai ge shan yan	3
稍稍夜寒生	shao shao ye han sheng	2
税外加一物	shui wai jia yi wu	3
稚子夜能赊	zhi zi ye neng she	2
稚子敲针作钓钩	zhi zi qiao zhen zuo diao gou	3
稚子牵衣问	zhi zi qian yi wen	2
稚孙渐长解烧汤	zhi sun jian zhang jie shao tang	2
稳送祝融归	wen song zhu rong gui	2
稻米流脂粟米白	dao mi liu zhi su mi bai	3
稻花香里说丰年	dao hua xiang li shuo feng nian	24
穆将愉兮上皇	mu jiang yu xi shang huang	2
穆王得八骏	mu wang de ba jun	2
穷不知所示	qiong bu zhi suo shi	2
穷岛屿之萦回	qiong dao yu zhi ying hui	2
穷年忧黎元	qiong nian you li yuan	4
穷通行止长相伴	qiong tong xing zhi chang xiang ban	3
空中闻天鸡	kong zhong wen tian ji	3
空将汉月出宫门	kong jiang han yue chu gong men	2
空山不见人	kong shan bu jian ren	4
空山新雨后	kong shan xin yu hou	26
空山草木长	kong shan cao mu zhang	2
空床卧听南窗雨	kong chuang wo ting nan chuang yu	2
空床难独守	kong chuang nan du shou	2
空庭一树花	kong ting yi shu hua	2
空忆谢将军	kong yi xie jiang jun	2
空想黄河彻底冰	kong xiang huang he che di bing	2
空林独与白云期	kong lin du yu bai yun qi	2
空水共悠悠	kong shui gong you you	1
空水共氤氲	kong shui gong yin yun	2
空水共澄鲜	kong shui gong cheng xian	3
空洲对鹦鹉	kong zhou dui ying wu	2
空灵霞石峻	kong ling xia shi jun	2
空烦左手持新蟹	kong fan zuo shou chi xin xie	2
空留可怜与谁同	kong liu ke lian yu shei tong	2
空里流霜不觉飞	kong li liu shuang bu jue fei	2
空里浮花梦里身	kong li fu hua meng li shen	2
穿花蛱蝶深深见	chuan hua jia die shen shen xian	2
突兀球场锦绣峰	tu wu qiu chang jin xiu feng	2
突如流星过	tu ru liu xing guo	2
窃为大王不取也	qie wei da wang bu qu ye	2
窃为陛下不	qie wei bi xia bu	2
窃听琴声碧窗里	qie ting qin sheng bi chuang li	2
窃国者为诸侯	qie guo zhe wei zhu hou	4
窃攀屈宋宜方驾	qie pan qu song yi fang jia	2
窈窕无双颜如玉	yao tiao wu shuang yan ru yu	2
窈窕艳城郭	yao tiao yan cheng guo	3
窗下有清风	chuang xia you qing feng	3
窗含西岭千秋雪	chuang han xi ling qian qiu xue	18
窗外疏梅筛月影	chuang wai shu mei shai yue ying	5
窗户湿青红	chuang hu shi qing hong	2
窗间斜月两眉愁	chuang jian xie yue liang mei chou	2
窜梁鸿于海曲	cuan liang hong yu hai qu	4
窜身南国避胡尘	cuan shen nan guo bi hu chen	2
立天下之正位	li tian xia zhi zheng wei	5
立孤就白刃	li gu jiu bai ren	2
立朝风采照公卿	li chao feng cai zhao gong qing	2
立根原在破岩中	li gen yuan zai po yan zhong	1
立登要路津	li deng yao lu jin	3
立诛杀曹无伤	li zhu sha cao wu shang	2
竖子不足与谋	shu zi bu zu yu mou	4
竞渡相传为汨罗	jing du xiang chuan wei mi luo	3
竟夕起相思	jing xi qi xiang si	4
竟日蛟龙喜	jing ri jiao long xi	2
章台从掩映	zhang tai cong yan ying	2
童儿且时摘	tong er qie shi zhai	2
童子六七人	tong zi liu qi ren	6
童子解吟长恨曲	tong zi jie yin chang hen qu	2
童孙未解供耕织	tong sun wei jie gong geng zhi	3
童稚开荆扉	tong zhi kai jing fei	2
童稚携壶浆	tong zhi xie hu jiang	2
端午临中夏	duan wu lin zhong xia	4
端午被恩荣	duan wu bei en rong	2
端居一院中	duan ju yi yuan zhong	3
端居耻圣明	duan ju chi sheng ming	2
端州石工巧如神	duan zhou shi gong qiao ru shen	2
端庄杂流丽	duan zhuang za liu li	3
竹下忘言对紫茶	zhu xia wang yan dui zi cha	2
竹喧归浣女	zhu xuan gui huan nv	3
竹坞无尘水槛清	zhu wu wu chen shui jian qing	3
竹外桃花三两枝	zhu wai tao hua san liang zhi	7
竹径绕荷池	zhu jing rao he chi	2
竹径通幽处	zhu jing tong you chu	1
竹批双耳峻	zhu pi shuang er jun	3
竹斋烧药灶	zhu zhai shao yao zao	2
竹杖芒鞋轻胜马	zhu zhang mang xie qing sheng ma	20
竹枝歌送菊花杯	zhu zhi ge song ju hua bei	2
竹梢微动觉风生	zhu shao wei dong jue feng sheng	2
竹楼缘岸上	zhu lou yuan an shang	2
竹溪村路板桥斜	zhu xi cun lu ban qiao xie	2
竹竿何袅袅	zhu gan he niao niao	3
竹细野池幽	zhu xi ye chi you	2
竹西花草弄春柔	zhu xi hua cao nong chun rou	2
竹边台榭水边亭	zhu bian tai xie shui bian ting	2
竹里缲丝挑网车	zhu li qiao si tiao wang che	2
竹雾晓笼衔岭月	zhu wu xiao long xian ling yue	2
竹露夕微微	zhu lu xi wei wei	2
竹露滴清响	zhu lu di qing xiang	3
竿头彩挂虹蜺晕	gan tou cai gua hong ni yun	2
笋柱秋千游女并	sun zhu qiu qian you nv bing	3
笑从双脸生	xiao cong shuang lian sheng	1
笑入胡姬酒肆中	xiao ru hu ji jiu si zhong	4
笑入荷花去	xiao ru he hua qu	2
笑向檀郎唾	xiao xiang tan lang tuo	2
笑啼俱不敢	xiao ti ju bu gan	2
笑把秋花插	xiao ba qiu hua cha	2
笑掩微妆入梦来	xiao yan wei zhuang ru meng lai	2
笑整香云缕	xiao zheng xiang yun lv	2
笑时犹带岭梅香	xiao shi you dai ling mei xiang	3
笑渐不闻声渐悄	xiao jian bu wen sheng jian qiao	8
笑看儿童骑竹马	xiao kan er tong qi zhu ma	2
笑而不答心自闲	xiao er bu da xin zi xian	1
笑语作春温	xiao yu zuo chun wen	3
笑语盈盈暗香去	xiao yu ying ying an xiang qu	2
笑谈渴饮匈奴血	xiao tan ke yin xiong nu xue	5
笑谈独在千峰上	xiao tan du zai qian feng shang	2
笑问客从何处来	xiao wen ke cong he chu lai	7
笔所未到气已吞	bi suo wei dao qi yi tun	1
笔架沾窗雨	bi jia zhan chuang yu	2
笔端还有五湖心	bi duan hai you wu hu xin	2
笔落惊风雨	bi luo jing feng yu	1
笙歌归院落	sheng ge gui yuan luo	3
笛中闻折柳	di zhong wen zhe liu	1
笛奏龙吟水	di zou long yin shui	3
第以今日事势观之	di yi jin ri shi shi guan zhi	3
笼天地于形内	long tian di yu xing nei	6
笼竹和烟滴露梢	long zhu he yan di lu shao	2
等终军之弱冠	deng zhong jun zhi ruo guan	2
等闲变却故人心	deng xian bian que gu ren xin	33
等闲平地起波澜	deng xian ping di qi bo lan	5
等闲惊破纱窗梦	deng xian jing po sha chuang meng	3
等闲识得东风面	deng xian shi de dong feng mian	4
等闲飞上别枝花	deng xian fei shang bie zhi hua	2
答姚怤见寄	da yao fu jian ji	3
答熊本推官金陵寄酒	da xiong ben tui guan jin ling ji jiu	2
答白刑部闻新蝉	da bai xing bu wen xin chan	2
答谢中书书	da xie zhong shu shu	3
策之不以其道	ce zhi bu yi qi dao	4
策扶老以流憩	ce fu lao yi liu qi	2
策杖归去来	ce zhang gui qu lai	2
筠焙熟香茶	yun bei shu xiang cha	2
箔头作茧丝皓皓	bo tou zuo jian si hao hao	2
箕子为之奴	ji zi wei zhi nu	3
算人间知己吾和汝	suan ren jian zhi ji wu he ru	3
算几番照我	suan ji fan zhao wo	2
算只君与长江	suan zhi jun yu chang jiang	2
箜篌所悲竟不还	kong hou suo bei jing bu huan	2
管仲之力也	guan zhong zhi li ye	2
管却自家身与心	guan que zi jia shen yu xin	3
管夷吾举于士	guan yi wu ju yu shi	2
管竹管山管水	guan zhu guan shan guan shui	2
管领春风总不如	guan ling chun feng zong bu ru	3
箪壶无空携	dan hu wu kong xie	2
箪食壶浆以迎王师	dan si hu jiang yi ying wang shi	3
箫管迎龙水庙前	xiao guan ying long shui miao qian	2
箫鼓哀吟感鬼神	xiao gu ai yin gan gui shen	2
箫鼓追随春社近	xiao gu zhui sui chun she jin	1
箫鼓鸣兮发棹歌	xiao gu ming xi fa zhao ge	3
篇终接混茫	pian zhong jie hun mang	2
篱落似江村	li luo si jiang cun	2
篱落疏疏一径深	li luo shu shu yi jing shen	3
篱落疏疏小径深	li luo shu shu xiao jing shen	3
簇带争济楚	cu dai zheng ji chu	3
簇簇歌台舞榭	cu cu ge tai wu xie	2
簇簇淮阴市	cu cu huai yin shi	2
簌簌衣巾落枣花	su su yi jin luo zao hua	2
簪导轻安发不知	zan dao qing an fa bu zhi	2
籍何以至此	ji he yi zhi ci	2
类之纲纪也	lei zhi gang ji ye	3
类此游客子	lei ci you ke zi	3
粉心黄蕊花靥	fen xin huang rui hua ye	2
粉红石首仍无骨	fen hong shi shou reng wu gu	2
粉身碎骨浑不怕	fen shen sui gu hun bu pa	5
粉骨碎身浑不怕	fen gu sui shen hun bu pa	4
粒粒皆辛苦	li li jie xin ku	17
粗砂大石相磨治	cu sha da shi xiang mo zhi	3
粗缯大布裹生涯	cu zeng da bu guo sheng ya	4
粪土当年万户侯	fen tu dang nian wan hu hou	2
粪土当年万户候	fen tu dang nian wan hu hou	2
粳稻纷纷载酒船	jing dao fen fen zai jiu chuan	2
粽香筒竹嫩	zong xiang tong zhu nen	2
精光射天地	jing guang she tian di	3
精感石没羽	jing gan shi mo yu	3
精用而不已则劳	jing yong er bu yi ze lao	2
精逃白骨累三遭	jing tao bai gu lei san zao	2
精魂飘何处	jing hun piao he chu	2
糟丘是蓬莱	zao qiu shi peng lai	5
糟粕所传非粹美	zao po suo chuan fei cui mei	3
系向牛头充炭直	xi xiang niu tou chong tan zhi	3
系在红罗襦	ji zai hong luo ru	2
素发干垂领	su fa gan chui ling	2
素善留侯张良	su shan liu hou zhang liang	2
素手把芙蓉	su shou ba fu rong	1
素手玉房前	su shou yu fang qian	2
素是自然色	su shi zi ran se	2
素朴而民性得矣	su pu er min xing de yi	2
素肌擘新玉	su ji bo xin yu	2
素衣莫起风尘叹	su yi mo qi feng chen tan	1
索句渝州叶正黄	suo ju yu zhou ye zheng huang	4
索琼茅以筳篿兮	suo qiong mao yi ting tuan xi	2
索食声孜孜	suo shi sheng zi zi	2
紫笋齐尝各斗新	zi sun qi chang ge dou xin	2
紫绶黄金章	zi shou huang jin zhang	2
紫菱如锦彩鸳翔	zi ling ru jin cai yuan xiang	3
紫藤挂云木	zi teng gua yun mu	4
紫衣而朱冠	zi yi er zhu guan	3
紫陌红尘拂面来	zi mo hong chen fu mian lai	3
累三而不坠	lei san er bu zhui	3
累上留云借月章	lei shang liu yun jie yue zhang	2
累五而不坠	lei wu er bu zhui	3
繁中能薄艳中闲	fan zhong neng bo yan zhong xian	2
繁华事散逐香尘	fan hua shi san zhu xiang chen	1
繁枝容易纷纷落	fan zhi rong yi fen fen luo	1
红入桃花嫩	hong ru tao hua nen	3
红军不怕远征难	hong jun bu pa yuan zheng nan	10
红军队里每相违	hong jun dui li mei xiang wei	4
红叶晚萧萧	hong ye wan xiao xiao	1
红叶黄花秋意晚	hong ye huang hua qiu yi wan	3
红嫩妖饶脸薄妆	hong nen yao rao lian bo zhuang	2
红掌拨清波	hong zhang bo qing bo	16
红旗半卷出辕门	hong qi ban juan chu yuan men	2
红旗卷起农奴戟	hong qi juan qi nong nu ji	5
红旗漫卷西风	hong qi man juan xi feng	7
红旗越过汀江	hong qi yue guo ting jiang	4
红旗跃过汀江	hong qi yue guo ting jiang	4
红日已高三丈透	hong ri yi gao san zhang tou	2
红星乱紫烟	hong xing luan zi yan	4
红杏枝头春意闹	hong xing zhi tou chun yi nao	5
红栏三百九十桥	hong lan san bai jiu shi qiao	2
红树蝉声满夕阳	hong shu chan sheng man xi yang	2
红梅不屈服	hong mei bu qu fu	1
红楼隔雨相望冷	hong lou ge yu xiang wang leng	3
红泥小火炉	hong ni xiao huo lu	15
红稻白鱼饱儿女	hong dao bai yu bao er nv	3
红紫不以为亵服	hong zi bu yi wei xie fu	2
红纱中单白玉肤	hong sha zhong dan bai yu fu	3
红纸一封书后信	hong zhi yi feng shu hou xin	2
红线织成可殿铺	hong xian zhi cheng ke dian pu	2
红绽雨肥梅	hong zhan yu fei mei	2
红绿参差春晚	hong lv cen ci chun wan	2
红绿扶春上远林	hong lv fu chun shang yuan lin	5
红艳青旗朱粉楼	hong yan qing qi zhu fen lou	2
红花初绽雪花繁	hong hua chu zhan xue hua fan	3
红莲池里白莲开	hong lian chi li bai lian kai	2
红莲相倚浑如醉	hong lian xiang yi hun ru zui	2
红藕香残玉簟秋	hong ou xiang can yu dian qiu	4
红衣浅复深	hong yi qian fu shen	2
红衣脱尽芳心苦	hong yi tuo jin fang xin ku	2
红衣落尽暗香残	hong yi luo jin an xiang can	2
红裙妒杀石榴花	hong qun du sha shi liu hua	3
红豆生南国	hong dou sheng nan guo	34
红锦地衣随步皱	hong jin di yi sui bu zhou	2
红雨随心翻作浪	hong yu sui xin fan zuo lang	1
红霞万朵百重衣	hong xia wan duo bai chong yi	5
红颗珍珠诚可爱	hong ke zhen zhu cheng ke ai	2
红颜弃轩冕	hong yan qi xuan mian	2
红颜成白发	hong yan cheng bai fa	2
红颜暗与流年换	hong yan an yu liu nian huan	2
红颜未老恩先断	hong yan wei lao en xian duan	1
纣之失天下也	zhou zhi shi tian xia ye	3
纤云四卷天无河	xian yun si juan tian wu he	2
纤手搓来玉数寻	xian shou cuo lai yu shu xun	2
纤歌凝而白云遏	xian ge ning er bai yun e	2
纤笔一枝谁与似	xian bi yi zhi shui yu si	3
纤纤出素手	xian xian chu su shou	2
纤纤擢素手	xian xian zhuo su shou	4
纤纤素手如霜雪	xian xian su shou ru shuang xue	2
纪信等四人持剑盾步走	ji xin deng si ren chi jian dun bu zou	2
纪叟黄泉里	ji sou huang quan li	2
纫秋兰以为佩	ren qiu lan yi wei pei	5
纯粹而不杂	chun cui er bu za	2
纱巾草履竹疏衣	sha jin cao lv zhu shu yi	2
纱窗几度春光暮	sha chuang ji du chun guang mu	2
纱窗醉梦中	sha chuang zui meng zhong	3
纵一苇之所如	zong yi wei zhi suo ru	2
纵使君来岂堪折	zong shi jun lai qi kan zhe	2
纵使晴明无雨色	zong shi qing ming wu yu se	2
纵使相逢应不识	zong shi xiang feng ying bu shi	8
纵使长条似旧垂	zong shi chang tiao si jiu chui	3
纵横正有凌云笔	zong heng zheng you ling yun bi	2
纵死侠骨香	zong si xia gu xiang	1
纵死犹闻侠骨香	zong si you wen xia gu xiang	3
纵浪大化中	zong lang da hua zhong	5
纵然一夜风吹去	zong ran yi ye feng chui qu	1
纵被春风吹作雪	zong bei chun feng chui zuo xue	3
纵观万人同	zong guan wan ren tong	2
纵观云委江之湄	zong guan yun wei jiang zhi mei	2
纵饮久判人共弃	zong yin jiu pan ren gong qi	2
纷其可喜兮	fen qi ke xi xi	2
纷吾既有此内美兮	fen wu ji you ci nei mei xi	4
纷纷开且落	fen fen kai qie luo	3
纷纷暮雪下辕门	fen fen mu xue xia yuan men	2
纷纷红紫已成尘	fen fen hong zi yi cheng chen	2
纷纷谤誉何劳问	fen fen bang yu he lao wen	2
纷纷辞客多停笔	fen fen ci ke duo ting bi	2
纸船明烛照天烧	zhi chuan ming zhu zhao tian shao	1
组练长驱十万夫	zu lian chang qu shi wan fu	3
细和渊明诗	xi he yuan ming shi	2
细思却是最宜霜	xi si que shi zui yi shuang	2
细思皆幸矣	xi si jie xing yi	2
细推物理须行乐	xi tui wu li xu xing le	3
细柳营前叶漫新	xi liu ying qian ye man xin	4
细看不似人间有	xi kan bu si ren jian you	4
细草微风岸	xi cao wei feng an	4
细葛含风软	xi ge han feng ruan	2
细观手面分转侧	xi guan shou mian fen zhuan ce	2
细语人不闻	xi yu ren bu wen	2
细雨无人我独来	xi yu wu ren wo du lai	1
细雨梦回鸡塞远	xi yu meng hui ji sai yuan	2
细雨湿流光	xi yu shi liu guang	3
细雨湿衣看不见	xi yu shi yi kan bu jian	1
细雨湿高城	xi yu shi gao cheng	2
细雨骑驴入剑门	xi yu qi lv ru jian men	4
细雨鱼儿出	xi yu yu er chu	1
终不察夫民心	zhong bu cha fu min xin	2
终不能加胜于赵	zhong bu neng jia sheng yu zhao	2
终不能得璧也	zhong bu neng de bi ye	2
终乎为圣人	zhong hu wei sheng ren	3
终刚强兮不可凌	zhong gang qiang xi bu ke ling	6
终南望馀雪	zhong nan wang yu xue	2
终南阴岭秀	zhong nan yin ling xiu	4
终古垂杨有暮鸦	zhong gu chui yang you mu ya	3
终岁不闻丝竹声	zhong sui bu wen si zhu sheng	2
终岁常端正	zhong sui chang duan zheng	3
终岁得晏然	zhong sui de yan ran	2
终年无尽风	zhong nian wu jin feng	2
终归大海作波涛	zhong gui da hai zuo bo tao	4
终当归空无	zhong dang gui kong wu	2
终日不成章	zhong ri bu cheng zhang	1
终日断腥膻	zhong ri duan xing shan	3
终日看山不厌山	zhong ri kan shan bu yan shan	2
终朝风不休	zhong zhao feng bu xiu	2
终期抛印绶	zhong qi pao yin shou	2
终苟免而不怀仁	zhong gou mian er bu huai ren	2
终见降王走传车	zhong jian xiang wang zou zhuan che	2
终身何敢望韩公	zhong shen he gan wang han gong	2
终身荷圣情	zhong shen he sheng qing	2
经事还谙事	jing shi huan an shi	2
经冬复历春	jing dong fu li chun	3
经冬犹绿林	jing dong you lv lin	3
经纶世务者	jing lun shi wu zhe	3
经行几处江山改	jing xing ji chu jiang shan gai	2
结从胚浑始	jie cong pei hun shi	2
结发为夫妻	jie fa wei fu qi	1
结君早归意	jie jun zao gui yi	3
结在深深肠	jie zai shen shen chang	3
结妾独守志	jie qie du shou zhi	3
结客少年场行	jie ke shao nian chang xing	2
结尽百年月	jie jin bai nian yue	3
结幽兰而延伫	jie you lan er yan zhu	2
结庐在人境	jie lu zai ren jing	7
结庐锦水边	jie lu jin shui bian	2
结束多红粉	jie shu duo hong fen	2
结果还是错	jie guo hai shi cuo	3
结根依青天	jie gen yi qing tian	2
结根未得所	jie gen wei de suo	2
结爱务在深	jie ai wu zai shen	3
结社多高客	jie she duo gao ke	2
结绮临春事最奢	jie qi lin chun shi zui she	3
绕床弄青梅	rao chuang nong qing mei	3
绕村骑马思悠悠	rao cun qi ma si you you	2
绕郭荷花三十里	rao guo he hua san shi li	2
绛纱囊里水晶丸	jiang sha nang li shui jing wan	2
绝不像攀援的凌霄花	jue bu xiang pan yuan de ling xiao hua	4
绝不学痴情的鸟儿	jue bu xue chi qing de niao er	1
绝世而独立	jue shi er du li	1
绝代有佳人	jue dai you jia ren	4
绝知此事要躬行	jue zhi ci shi yao gong xing	14
绝胜南陌碾成尘	jue sheng nan mo nian cheng chen	3
绝胜烟柳满皇都	jue sheng yan liu man huang du	3
绠短者不可以汲深	geng duan zhe bu ke yi ji shen	3
绣成歌舞衣	xiu cheng ge wu yi	2
绣衣不惜拂尘看	xiu yi bu xi fu chen kan	2
继之以日夜	ji zhi yi ri ye	3
继之以规矩准绳	ji zhi yi gui ju zhun sheng	2
绮榭飘飖紫庭客	qi xie piao yao zi ting ke	2
绮殿千寻起	qi dian qian xun qi	2
维扬忆旧游	wei yang yi jiu you	2
维舟绿杨岸	wei zhou lv yang an	2
绵竹亭亭出县高	mian zhu ting ting chu xian gao	3
绵绵思远道	mian mian si yuan dao	3
绿叶兮紫茎	lv ye xi zi jing	2
绿叶发华滋	lv ye fa hua zi	4
绿叶成阴子满枝	lv ye cheng yin zi man zhi	3
绿娇隐约眉轻扫	lv jiao yin yue mei qing sao	2
绿暗红嫣浑可事	lv an hong yan hun ke shi	2
绿杨宜作两家春	lv yang yi zuo liang jia chun	3
绿杨巷陌秋风起	lv yang xiang mo qiu feng qi	2
绿杨带雨垂垂重	lv yang dai yu chui chui zhong	4
绿杨树下养精神	lv yang shu xia yang jing shen	2
绿杨烟外晓寒轻	lv yang yan wai xiao han qing	1
绿杨阴里白沙堤	lv yang yin li bai sha di	1
绿杨风动舞腰回	lv yang feng dong wu yao hui	3
绿柳朱轮走钿车	lv liu zhu lun zou dian che	4
绿树村边合	lv shu cun bian he	1
绿树重阴盖四邻	lv shu chong yin gai si lin	2
绿槐高柳咽新蝉	lv huai gao liu yan xin chan	3
绿水人家绕	lv shui ren jia rao	3
绿水新池满	lv shui xin chi man	2
绿水青山枉自多	lv shui qing shan wang zi duo	1
绿波浸叶满浓光	lv bo jin ye man nong guang	2
绿浪东西南北水	lv lang dong xi nan bei shui	2
绿竹入幽径	lv zhu ru you jing	1
绿翠如芙蓉	lv cui ru fu rong	2
绿芜墙绕青苔院	lv wu qiang rao qing tai yuan	2
绿芽十片火前春	lv ya shi pian huo qian chun	2
绿荫树下养精神	lv yin shu xia yang jing shen	4
绿荷包饭趁虚人	lv he bao fan chen xu ren	2
绿蚁新醅酒	lv yi xin pei jiu	10
绿遍山原白满川	lv bian shan yuan bai man chuan	1
绿酒一杯歌一遍	lv jiu yi bei ge yi bian	2
绿酒初尝人易醉	lv jiu chu chang ren yi zui	2
绿鬓成霜蓬	lv bin cheng shuang peng	2
缏得红罗手帕子	bian de hong luo shou pa zi	2
缓歌慢舞凝丝竹	huan ge man wu ning si zhu	2
缕橙芼姜葱	lv cheng mao jiang cong	2
缘以结不解	yuan yi jie bu jie	2
缘愁似个长	yuan chou si ge chang	2
缘江路熟俯青郊	yuan jiang lu shu fu qing jiao	2
缘督以为经	yuan du yi wei jing	2
缥缈入石如飞烟	piao miao ru shi ru fei yan	2
缥缈孤鸿影	piao miao gu hong ying	1
缭之兮杜衡	liao zhi xi du heng	2
缯絮足御寒	zeng xu zu yu han	2
缺月挂疏桐	que yue gua shu tong	1
罗带同心结未成	luo dai tong xin jie wei cheng	3
罗帷绮箔脂粉香	luo wei qi bo zhi fen xiang	2
罗浮山下四时春	luo fu shan xia si shi chun	5
罗浮山下梅花村	luo fu shan xia mei hua cun	3
罗浮山下雪来未	luo fu shan xia xue lai wei	2
罗衣尚斗鸡	luo yi shang dou ji	2
罗衫叶叶绣重重	luo shan ye ye xiu chong chong	3
罗衾不耐五更寒	luo qin bu nai wu geng han	2
罗袖动香香不已	luo xiu dong xiang xiang bu yi	3
罗袜凌波呈水嬉	luo wa ling bo cheng shui xi	3
罗袜绣鞋随步没	luo wa xiu xie sui bu mo	2
罗襦不复施	luo ru bu fu shi	2
罢如江海凝清光	ba ru jiang hai ning qing guang	1
罢官亦由人	ba guan yi you ren	3
罪从大辟皆除死	zui cong da bi jie chu si	2
置之河之干兮	zhi zhi he zhi gan xi	1
置以为像兮	zhi yi wei xiang xi	2
羁危万里身	ji wei wan li shen	2
羁旅长堪醉	ji lv chang kan zui	3
羁离暂愉悦	ji li zan yu yue	3
羁鸟恋旧林	ji niao lian jiu lin	3
羊公碑字在	yang gong bei zi zai	2
羊肠不可上	yang chang bu ke shang	2
羊腔酒担争迎妇	yang qiang jiu dan zheng ying fu	2
羌戎贺劳旋	qiang rong he lao xuan	2
羌笛何须怨杨柳	qiang di he xu yuan yang liu	4
羌管吹杨柳	qiang guan chui yang liu	2
羌管悠悠霜满地	qiang guan you you shuang man di	3
羌芳华自中出	qiang fang hua zi zhong chu	2
美人一笑褰珠箔	mei ren yi xiao qian zhu bo	3
美人不来空断肠	mei ren bu lai kong duan chang	2
美人出南国	mei ren chu nan guo	2
美人卷珠帘	mei ren juan zhu lian	4
美人在时花满堂	mei ren zai shi hua man tang	2
美人如花隔云端	mei ren ru hua ge yun duan	2
美人帐下犹歌舞	mei ren zhang xia you ge wu	3
美人懒态燕脂愁	mei ren lan tai yan zhi chou	2
美人踏上歌舞来	mei ren ta shang ge wu lai	2
美人首饰侯王印	mei ren shou shi hou wang yin	3
美女妖且闲	mei nv yao qie xian	2
美行可以加人	mei xing ke yi jia ren	2
美要眇兮宜修	mei yao miao xi yi xiu	1
美言可以市尊	mei yan ke yi shi zun	2
美酒成都堪送老	mei jiu cheng du kan song lao	4
美酒斗十千	mei jiu dou shi qian	3
美酒生林不待仪	mei jiu sheng lin bu dai yi	2
羔羊口在缘何事	gao yang kou zai yuan he shi	2
羞杀蕊珠宫女	xiu sha rui zhu gong nv	3
羞而不为也	xiu er bu wei ye	2
羞逐乡人赛紫姑	xiu zhu xiang ren sai zi gu	2
羞颜未尝开	xiu yan wei chang kai	3
羡比翼之共林	xian bi yi zhi gong lin	2
羡长江之无穷	xian chang jiang zhi wu qiong	2
群仙出没空明中	qun xian chu mo kong ming zhong	3
群众不能移也	qun zhong bu neng yi ye	2
群凶嗜欲肥	qun xiong shi yu fei	3
群山万壑赴荆门	qun shan wan he fu jing men	3
群彦今汪洋	qun yan jin wang yang	2
群燕辞归雁南翔	qun yan ci gui yan nan xiang	2
群臣安在哉	qun chen an zai zai	2
羲之俗书趁姿媚	xi zhi su shu chen zi mei	2
羸老反惆怅	lei lao fan chou chang	3
羽化而登仙	yu hua er deng xian	15
翁居山下年空老	weng ju shan xia nian kong lao	2
翠华想像空山里	cui hua xiang xiang kong shan li	2
翠帷双卷出倾城	cui wei shuang juan chu qing cheng	2
翠影红霞映朝日	cui ying hong xia ying zhao ri	3
翠翘金雀玉搔头	cui qiao jin que yu sao tou	3
翡翠黄金缕	fei cui huang jin lv	2
翦彩为人起晋风	jian cai wei ren qi jin feng	3
翩翩两骑来是谁	pian pian liang qi lai shi shei	3
翩翩佳公子	pian pian jia gong zi	4
翩翾粉翅开	pian xuan fen chi kai	2
翰林读书言怀	han lin du shu yan huai	2
翱翔蓬蒿之间	ao xiang peng hao zhi jian	1
翻动扶摇羊角	fan dong fu yao yang jiao	3
翻空白鸟时时见	fan kong bai niao shi shi jian	3
翻翻菱荇满回塘	fan fan ling xing man hui tang	2
翻身挂影恣腾蹋	fan shen gua ying zi teng ta	2
翻身跃入七人房	fan shen yue ru qi ren fang	2
翼若垂天之云	yi ruo chui tian zhi yun	4
老人七十仍沽酒	lao ren qi shi reng gu jiu	2
老人自笑还多事	lao ren zi xiao huan duo shi	2
老僧已死成新塔	lao seng yi si cheng xin ta	2
老去山林徒梦想	lao qu shan lin tu meng xiang	2
老去才难尽	lao qu cai nan jin	2
老去新诗谁与传	lao qu xin shi shui yu chuan	2
老去有谁怜	lao qu you shui lian	2
老去溪头作钓翁	lao qu xi tou zuo diao weng	3
老吾老以及人之老	lao wu lao yi ji ren zhi lao	8
老命反迟延	lao ming fan chi yan	2
老大嫁作商人妇	lao da jia zuo shang ren fu	3
老夫聊发少年狂	lao fu liao fa shao nian kuang	21
老夫转不乐	lao fu zhuan bu le	2
老夫静处闲看	lao fu jing chu xian kan	3
老妇出门看	lao fu chu men kan	2
老妪力虽衰	lao yu li sui shuai	3
老妻寄异县	lao qi ji yi xian	2
老妻画纸为棋局	lao qi hua zhi wei qi ju	3
老尹知之久	lao yin zhi zhi jiu	3
老年花似雾中看	lao nian hua si wu zhong kan	2
老来事业转荒唐	lao lai shi ye zhuan huang tang	2
老来多健忘	lao lai duo jian wang	3
老柘叶黄如嫩树	lao zhe ye huang ru nen shu	2
老树着花无丑枝	lao shu zhuo hua wu chou zhi	3
老树空庭得	lao shu kong ting de	3
老校于君合先退	lao xiao yu jun he xian tui	2
老病有孤舟	lao bing you gu zhou	3
老百晓在线	lao bai xiao zai xian	2
老翁七十尚童心	lao weng qi shi shang tong xin	3
老翁逾墙走	lao weng yu qiang zou	2
老翅几回寒暑	lao chi ji hui han shu	2
老而无夫曰寡	lao er wu fu yue gua	3
老而无妻曰鳏	lao er wu qi yue guan	3
老而无子曰独	lao er wu zi yue du	3
老葑席卷苍云空	lao feng xi juan cang yun kong	2
老阮不狂谁会得	lao ruan bu kuang shui hui de	2
老骥伏枥志在千里	lao ji fu li zhi zai qian li	7
老骥思千里	lao ji si qian li	2
考当今之得失	kao dang jin zhi de shi	3
耆旧何人在	qi jiu he ren zai	2
而七首不动	er qi shou bu dong	2
而万物与我为一	er wan wu yu wo wei yi	5
而不失豪芒	er bu shi hao mang	2
而不敢怀庆赏爵禄	er bu gan huai qing shang jue lu	2
而不知其所以然	er bu zhi qi suo yi ran	4
而不能至者	er bu neng zhi zhe	2
而不自知也	er bu zi zhi ye	2
而不自适其适者也	er bu zi shi qi shi zhe ye	2
而不见其形	er bu jian qi xing	2
而不见舆薪	er bu jian yu xin	3
而世之奇伟	er shi zhi qi wei	2
而中道崩殂	er zhong dao beng cu	4
而乐亦无穷也	er le yi wu qiong ye	3
而乱臣贼子惧	er luan chen zei zi ju	4
而亦何常师之有	er yi he chang shi zhi you	2
而人之所罕至焉	er ren zhi suo han zhi yan	1
而人居其一焉	er ren ju qi yi yan	3
而人死亦次之	er ren si yi ci zhi	2
而今安在哉	er jin an zai zai	5
而今我谓昆仑	er jin wo wei kun lun	4
而今才道当时错	er jin cai dao dang shi cuo	2
而今物是人非	er jin wu shi ren fei	3
而今识尽愁滋味	er jin shi jin chou zi wei	7
而今迈步从头越	er jin mai bu cong tou yue	5
而众星共之	er zhong xing gong zhi	6
而伯乐不常有	er bo le bu chang you	5
而位居我上	er wei ju wo shang	3
而使其自己也	er shi qi zi ji ye	2
而六马仰秣	er liu ma yang mo	2
而其见愈奇	er qi jian yu qi	1
而况乎无不用者乎	er kuang hu wu bu yong zhe hu	2
而况于明哲乎	er kuang yu ming zhe hu	3
而况全德之人乎	er kuang quan de zhi ren hu	2
而况利害之端乎	er kuang li hai zhi duan hu	2
而又何羡乎	er you he xian hu	2
而可大受也	er ke da shou ye	2
而可小知也	er ke xiao zhi ye	2
而后人哀之	er hou ren ai zhi	4
而后人毁之	er hou ren hui zhi	3
而后可以有为	er hou ke yi you wei	4
而后知天下之巨丽	er hou zhi tian xia zhi ju li	2
而君为贵戚	er jun wei gui qi	2
而君幸于赵王	er jun xing yu zhao wang	2
而君畏匿之	er jun wei ni zhi	2
而吾与子之所共适	er wu yu zi zhi suo gong shi	5
而唯蜩翼之知	er wei tiao yi zhi zhi	2
而在萧墙之内也	er zai xiao qiang zhi nei ye	5
而多方于聪明之用也	er duo fang yu cong ming zhi yong ye	2
而天下大治	er tian xia da zhi	3
而天下始分矣	er tian xia shi fen yi	2
而天下始疑矣	er tian xia shi yi yi	2
而天下归之	er tian xia gui zhi	4
而天下治矣	er tian xia zhi yi	2
而太山为小	er tai shan wei xiao	2
而子桑户死	er zi sang hu si	2
而已反其真	er yi fan qi zhen	2
而彼且奚适也	er bi qie xi shi ye	1
而我犹为人猗	er wo you wei ren yi	2
而我独迷见	er wo du mi jian	2
而我独顽且鄙	er wo du wan qie bi	2
而或长烟一空	er huo chang yan yi kong	3
而无车马喧	er wu che ma xuan	4
而智勇多困于所溺	er zhi yong duo kun yu suo ni	1
而有斯疾也	er you si ji ye	2
而未尝往也	er wei chang wang ye	2
而束君归赵矣	er shu jun gui zhao yi	2
而果其贤乎	er guo qi xian hu	2
而死于安乐也	er si yu an le ye	4
而民不被其泽	er min bu bei qi ze	3
而海畔有逐臭之夫	er hai pan you zhu chou zhi fu	2
而游乎四海之外	er you hu si hai zhi wai	2
而由人乎哉	er you ren hu zai	3
而相如廷叱之	er xiang ru ting chi zhi	2
而知也无涯	er zhi ye wu ya	2
而神明自得	er shen ming zi de	3
而离散不相见	er li san bu xiang jian	3
而绝秦赵之欢	er jue qin zhao zhi huan	2
而编之以发	er bian zhi yi fa	2
而耻恶衣恶食者	er chi e yi e shi zhe	4
而能与世推移	er neng yu shi tui yi	4
而莫知无用之用也	er mo zhi wu yong zhi yong ye	3
而蒙世俗之尘埃乎	er meng shi su zhi chen ai hu	3
而蔺相如徒以口舌为劳	er lin xiang ru tu yi kou she wei lao	2
而蟾蜍衔之	er chan chu xian zhi	2
而迁徙之徒也	er qian xi zhi tu ye	3
而通之于台桑	er tong zhi yu tai sang	2
而集于栗林	er ji yu li lin	2
而霖雨十日	er lin yu shi ri	2
而非道德之正也	er fei dao de zhi zheng ye	2
而马之死者已过半矣	er ma zhi si zhe yi guo ban yi	2
耐可乘明月	nai ke cheng ming yue	3
耐可乘流直上天	nai ke cheng liu zhi shang tian	3
耕夫召募逐楼船	geng fu zhao mu zhu lou chuan	3
耕种从此起	geng zhong cong ci qi	4
耕耘处中田	geng yun chu zhong tian	3
耳不听恶声	er bu ting e sheng	2
耳得之而为声	er de zhi er wei sheng	2
耳里如闻饥冻声	er li ru wen ji dong sheng	6
耳闻不如目见	er wen bu ru mu jian	2
耶娘妻子走相送	ye niang qi zi zou xiang song	2
耸干会参天	song gan hui can tian	3
耿吾既得此中正	geng wu ji de ci zhong zheng	3
耿耿对金陵	geng geng dui jin ling	2
耿耿星河欲曙天	geng geng xing he yu shu tian	5
聆我慷慨言	ling wo kang kai yan	2
聊寄法王家	liao ji fa wang jia	2
聊翱游兮周章	liao ao you xi zhou zhang	2
聊逍遥兮容与	liao xiao yao xi rong yu	1
聒碎乡心梦不成	guo sui xiang xin meng bu cheng	4
联翩万马来无数	lian pian wan ma lai wu shu	3
聚散真容易	ju san zhen rong yi	2
肇锡余以嘉名	zhao xi yu yi jia ming	3
肉芝石耳不足数	rou zhi shi er bu zu shu	2
肉食者谋之	rou shi zhe mou zhi	3
肌发舒且柔	ji fa shu qie rou	2
肌理细腻骨肉匀	ji li xi ni gu rou yun	3
肌肤冰雪莹	ji fu bing xue ying	2
肌肤若冰雪	ji fu ruo bing xue	3
肝胆楚越也	gan dan chu yue ye	2
肝胆皆冰雪	gan dan jie bing xue	2
肠中车轮转	chang zhong che lun zhuan	2
肠断江城雁	chang duan jiang cheng yan	3
肠深解不得	chang shen jie bu de	1
肯与邻翁相对饮	ken yu lin weng xiang dui yin	4
肯将衰朽惜残年	ken jiang shuai xiu xi can nian	3
肯爱千金轻一笑	ken ai qian jin qing yi xiao	1
背为虎文龙翼骨	bei wei hu wen long yi gu	2
背灯和月就花阴	bei deng he yue jiu hua yin	2
背灼炎天光	bei zhuo yan tian guang	1
背窗雪落炉烟直	bei chuang xue luo lu yan zhi	2
背负青天朝下看	bei fu qing tian chao xia kan	4
背郭堂成荫白茅	bei guo tang cheng yin bai mao	2
胜事空自知	sheng shi kong zi zhi	4
胜人者有力	sheng ren zhe you li	5
胜似闲庭信步	sheng si xian ting xin bu	8
胜日寻芳泗水滨	sheng ri xun fang si shui bin	4
胜败兵家事不期	sheng bai bing jia shi bu qi	3
胜里金花巧耐寒	sheng li jin hua qiao nai han	2
胡不上书自荐达	hu bu shang shu zi jian da	2
胡为乎中露	hu wei hu zhong lu	3
胡为乎来哉	hu wei hu lai zai	1
胡为乎泥中	hu wei hu ni zhong	1
胡为将暮年	hu wei jiang mu nian	2
胡人不敢南下而牧马	hu ren bu gan nan xia er mu ma	2
胡人半解弹琵琶	hu ren ban jie tan pi pa	2
胡人岁献葡萄酒	hu ren sui xian pu tao jiu	2
胡儿眼泪双双落	hu er yan lei shuang shuang luo	2
胡儿能唱琵琶篇	hu er neng chang pi pa pian	2
胡取禾三百廛兮	hu qu he san bai chan xi	3
胡天八月即飞雪	hu tian ba yue ji fei xue	5
胡姬貌如花	hu ji mao ru hua	3
胡琴琵琶与羌笛	hu qin pi pa yu qiang di	3
胡瞻尔庭有县貆兮	hu zhan er ting you xian huan xi	2
胡窥青海湾	hu kui qing hai wan	3
胡笳一声愁绝	hu jia yi sheng chou jue	2
胡笳不管离心苦	hu jia bu guan li xin ku	2
胡笳只解催人老	hu jia zhi jie cui ren lao	2
胡蝶之梦为周与	hu die zhi meng wei zhou yu	1
胡雁哀鸣夜夜飞	hu yan ai ming ye ye fei	2
胡马依北风	hu ma yi bei feng	2
胡马大宛名	hu ma da wan ming	3
胡麻饼样学京都	hu ma bing yang xue jing du	3
胶鬲举于鱼盐之中	jiao ge ju yu yu yan zhi zhong	3
胸中元自有丘壑	xiong zhong yuan zi you qiu he	2
胸中日月常新美	xiong zhong ri yue chang xin mei	3
能不忆江南	neng bu yi jiang nan	14
能以精诚致魂魄	neng yi jing cheng zhi hun po	2
能伴老夫否	neng ban lao fu fou	2
能使枉者直	neng shi wang zhe zhi	3
能使清凉头不热	neng shi qing liang tou bu re	2
能医病眼花	neng yi bing yan hua	2
能变人间世	neng bian ren jian shi	2
能向花前几回醉	neng xiang hua qian ji hui zui	2
能吟山鹧鸪	neng yin shan zhe gu	2
能够把我看见	neng gou ba wo kan jian	2
能如婴儿乎	neng ru ying er hu	3
能开二月花	neng kai er yue hua	1
能得几时好	neng de ji shi hao	3
能校灵均死几多	neng jiao ling jun si ji duo	3
能行五者于天下	neng xing wu zhe yu tian xia	3
能行便是真修道	neng xing bian shi zhen xiu dao	2
能饮一杯无	neng yin yi bei wu	46
脉脉不得语	mo mo bu de yu	3
脍切天池鳞	kuai qie tian chi lin	2
脱巾挂石壁	tuo jin gua shi bi	3
脱帽露顶王公前	tuo mao lu ding wang gong qian	3
脸上金霞细	lian shang jin xia xi	2
腊月九日暖寒客	la yue jiu ri nuan han ke	2
腊梅迟见二年花	la mei chi jian er nian hua	2
腰佩翠琅玕	yao pei cui lang gan	2
腰暖日阳中	yao nuan ri yang zhong	2
腰细不胜舞	yao xi bu sheng wu	2
腰鼓百面如春雷	yao gu bai mian ru chun lei	2
腰鼓百面春雷发	yao gu bai mian chun lei fa	3
膏面染须聊自欺	gao mian ran xu liao zi qi	2
膝上王文度	xi shang wang wen du	2
膳夫善治荐华堂	shan fu shan zhi jian hua tang	2
臂非加长也	bi fei jia chang ye	5
臆碎羽分人不悲	yi sui yu fen ren bu bei	2
臣不胜受恩感激	chen bu sheng shou en gan ji	1
臣与将军戮力而攻秦	chen yu jiang jun lu li er gong qin	2
臣为韩王送沛公	chen wei han wang song pei gong	2
臣之年二十而好捶钩	chen zhi nian er shi er hao chui gou	2
臣之质死久矣	chen zhi zhi si jiu yi	2
臣事君以忠	chen shi jun yi zhong	2
臣密今年四十有四	chen mi jin nian si shi you si	2
臣心一片磁针石	chen xin yi pian ci zhen shi	4
臣死且不避	chen si qie bu bi	2
臣闻云南六诏蛮	chen wen yun nan liu zhao man	2
臣闻求木之长者	chen wen qiu mu zhi zhang zhe	3
自三峡七百里中	zi san xia qi bai li zhong	3
自为江上客	zi wei jiang shang ke	2
自云手种时	zi yun shou zhong shi	3
自从盛酒长儿孙	zi cong cheng jiu zhang er sun	2
自以为不通乎命	zi yi wei bu tong hu ming	2
自伐者无功	zi fa zhe wu gong	3
自伤早孤茕	zi shang zao gu qiong	2
自作清歌传皓齿	zi zuo qing ge chuan hao chi	3
自信人生二百年	zi xin ren sheng er bai nian	4
自入秋来风景好	zi ru qiu lai feng jing hao	2
自其不变者而观之	zi qi bu bian zhe er guan zhi	2
自其同者视之	zi qi tong zhe shi zhi	2
自其异者视之	zi qi yi zhe shi zhi	2
自别钱塘山水后	zi bie qian tang shan shui hou	2
自到青冥里	zi dao qing ming li	2
自前世而固然	zi qian shi er gu ran	2
自去自来堂上燕	zi qu zi lai tang shang yan	3
自反而不缩	zi fan er bu suo	3
自古功名亦苦辛	zi gu gong ming yi ku xin	2
自古多艰辛	zi gu duo jian xin	2
自古帝王州	zi gu di wang zhou	4
自古有羁旅	zi gu you ji lv	2
自古皆有死	zi gu jie you si	6
自古逢秋悲寂寥	zi gu feng qiu bei ji liao	18
自古驱民在信诚	zi gu qu min zai xin cheng	4
自名为鸳鸯	zi ming wei yuan yang	2
自向庭中种荔枝	zi xiang ting zhong zhong li zhi	2
自吾氏三世居是乡	zi wu shi san shi ju shi xiang	2
自喻适志与	zi yu shi zhi yu	1
自嗟贫家女	zi jie pin jia nv	2
自在娇莺恰恰啼	zi zai jiao ying qia qia ti	2
自在飞花轻似梦	zi zai fei hua qing si meng	1
自大视细者不明	zi da shi xi zhe bu ming	2
自天题处湿	zi tian ti chu shi	2
自夫子之死也	zi fu zi zhi si ye	2
自富阳至桐庐一百许里	zi fu yang zhi tong lu yi bai xu li	4
自将磨洗认前朝	zi jiang mo xi ren qian chao	4
自小不相识	zi xiao bu xiang shi	2
自尔为佳节	zi er wei jia jie	2
自庇一身青箬笠	zi bi yi shen qing ruo li	2
自引壶觞自醉	zi yin hu shang zi zui	2
自成一家始逼真	zi cheng yi jia shi bi zhen	5
自我心存道	zi wo xin cun dao	2
自挂东南枝	zi gua dong nan zhi	1
自既灌而往者	zi ji guan er wang zhe	2
自明无月夜	zi ming wu yue ye	2
自是不归归便得	zi shi bu gui gui bian de	2
自是人生长恨水长东	zi shi ren sheng chang hen shui chang dong	4
自是白衣卿相	zi shi bai yi qing xiang	3
自是者不彰	zi shi zhe bu zhang	3
自是花中第一流	zi shi hua zhong di yi liu	1
自有云霄万里高	zi you yun xiao wan li gao	3
自有同志者在	zi you tong zhi zhe zai	3
自有夜珠来	zi you ye zhu lai	2
自有岁寒心	zi you sui han xin	2
自有生民以来	zi you sheng min yi lai	2
自此草书长进	zi ci cao shu zhang jin	3
自清凉无汗	zi qing liang wu han	2
自漉疏巾邀醉客	zi lu shu jin yao zui ke	2
自爱名山入剡中	zi ai ming shan ru shan zhong	2
自爱铿然曳杖声	zi ai keng ran ye zhang sheng	2
自生民以来	zi sheng min yi lai	2
自矜者不长	zi jin zhe bu chang	3
自种黄桑三百尺	zi zhong huang sang san bai chi	3
自称臣是酒中仙	zi cheng chen shi jiu zhong xian	13
自移一榻西窗下	zi yi yi ta xi chuang xia	2
自笑平生为口忙	zi xiao ping sheng wei kou mang	3
自经丧乱少睡眠	zi jing sang luan shao shui mian	3
自经放逐来憔悴	zi jing fang zhu lai qiao cui	3
自缘身在最高层	zi yuan shen zai zui gao ceng	6
自胡马窥江去后	zi hu ma kui jiang qu hou	1
自能成羽翼	zi neng cheng yu yi	2
自行束修以上	zi xing shu xiu yi shang	3
自见者不明	zi jian zhe bu ming	3
自见而已矣	zi jian er yi yi	3
自课越佣能种瓜	zi ke yue yong neng zhong gua	2
自贵而相贱	zi gui er xiang jian	3
自静其心延寿命	zi jing qi xin yan shou ming	2
自非亭午夜分	zi fei ting wu ye fen	2
至于斟酌损益	zhi yu zhen zhuo sun yi	3
至于负者歌于途	zhi yu fu zhe ge yu tu	2
至人之用心若镜	zhi ren zhi yong xin ruo jing	2
至今九年而不复	zhi jin jiu nian er bu fu	3
至今人道江家宅	zhi jin ren dao jiang jia zhai	3
至今劳圣主	zhi jin lao sheng zhu	2
至今已觉不新鲜	zhi jin yi jue bu xin xian	5
至今思项羽	zhi jin si xiang yu	1
至今欲食林甫肉	zhi jin yu shi lin fu rou	2
至今沧江上	zhi jin cang jiang shang	2
至大不可围	zhi da bu ke wei	2
至子桑之门	zhi zi sang zhi men	2
至若春和景明	zhi ruo chun he jing ming	4
致君丹槛折	zhi jun dan jian zhe	2
致君尧舜上	zhi jun yao shun shang	5
致君尧舜知无术	zhi jun yao shun zhi wu shu	3
舍南有竹堪书字	she nan you zhu kan shu zi	2
舍南舍北皆春水	she nan she bei jie chun shui	4
舍我其谁也	she wo qi shui ye	4
舍鱼而取熊掌者也	she yu er qu xiong zhang zhe ye	1
舒而脱脱兮	shu er tuo tuo xi	3
舜不告而娶	shun bu gao er qu	1
舜之为臣也	shun zhi wei chen ye	2
舜亦以命禹	shun yi yi ming yu	3
舜发于畎亩之中	shun fa yu quan mu zhi zhong	2
舜流共工于幽州	shun liu gong gong yu you zhou	2
舜禹之有天下也	shun yu zhi you tian xia ye	2
舞低杨柳楼心月	wu di yang liu lou xin yue	4
舞困榆钱自落	wu kun yu qian zi luo	2
舞破中原始下来	wu po zhong yuan shi xia lai	2
舞马既登床	wu ma ji deng chuang	2
舟楫恐失坠	zhou ji kong shi zhui	2
舟楫控吴人	zhou ji kong wu ren	2
舟船如野渡	zhou chuan ru ye du	2
舟行明镜中	zhou xing ming jing zhong	2
舟车半天下	zhou che ban tian xia	2
舟雪洒寒灯	zhou xue sa han deng	2
船下广陵去	chuan xia guang ling qu	2
船回雾起堤	chuan hui wu qi di	3
船容与而不进兮	chuan rong yu er bu jin xi	3
船经一柱观	chuan jing yi zhu guan	2
艅艎何泛泛	yu huang he fan fan	1
艟艨巨舰直东指	chong meng ju jian zhi dong zhi	2
良久问他不开口	liang jiu wen ta bu kai kou	2
良人执戟明光里	liang ren zhi ji ming guang li	2
良人罢远征	liang ren ba yuan zheng	3
良宵盛会喜空前	liang xiao sheng hui xi kong qian	2
良庖岁更刀	liang pao sui geng dao	3
良游常蹉跎	liang you chang cuo tuo	2
良璞含章久	liang pu han zhang jiu	2
良药苦口利于病	liang yao ku kou li yu bing	30
良辰与美景	liang chen yu mei jing	3
良辰美景奈何天	liang chen mei jing nai he tian	23
艰哉何巍巍	jian zai he wei wei	4
艰难不敢料前期	jian nan bu gan liao qian qi	2
艰难困苦平常事	jian nan kun ku ping chang shi	3
艰难愧深情	jian nan kui shen qing	3
艰难苦恨繁霜鬓	jian nan ku hen fan shuang bin	2
色与春庭暮	se yu chun ting mu	2
色厉而内荏	se li er nei ren	3
色取仁而行违	se qu ren er xing wei	3
色静深松里	se jing shen song li	1
艳色天下重	yan se tian xia zhong	2
节文斯二者是也	jie wen si er zhe shi ye	3
节物风光不相待	jie wu feng guang bu xiang dai	2
节用而爱人	jie yong er ai ren	4
芙蓉向脸两边开	fu rong xiang lian liang bian kai	5
芙蓉国里尽朝晖	fu rong guo li jin zhao hui	7
芙蓉塘外有轻雷	fu rong tang wai you qing lei	3
芙蓉如面柳如眉	fu rong ru mian liu ru mei	8
芙蓉帐暖度春宵	fu rong zhang nuan du chun xiao	11
芙蓉楼送辛渐	fu rong lou song xin jian	5
芙蓉泣露香兰笑	fu rong qi lu xiang lan xiao	1
芙蓉老秋霜	fu rong lao qiu shuang	2
芙蓉芍药皆嫫母	fu rong shao yao jie mo mu	3
芜然蕙草暮	wu ran hui cao mu	2
芦花深泽静垂纶	lu hua shen ze jing chui lun	2
芦苇晚风起	lu wei wan feng qi	3
芭蕉不展丁香结	ba jiao bu zhan ding xiang jie	3
芭蕉叶大栀子肥	ba jiao ye da zhi zi fei	2
花上露犹泫	hua shang lu you xuan	2
花不知人瘦	hua bu zhi ren shou	2
花中此物似西施	hua zhong ci wu si xi shi	3
花之君子者也	hua zhi jun zi zhe ye	2
花之富贵者也	hua zhi fu gui zhe ye	1
花之隐逸者也	hua zhi yin yi zhe ye	2
花动一山春色	hua dong yi shan chun se	2
花发江边二月晴	hua fa jiang bian er yue qing	3
花外漏声迢递	hua wai lou sheng tiao di	2
花屿读书床	hua yu du shu chuang	2
花市灯如昼	hua shi deng ru zhou	2
花应羞上老人头	hua ying xiu shang lao ren tou	2
花开又花落	hua kai you hua luo	3
花开堪折直须折	hua kai kan zhe zhi xu zhe	24
花开时节动京城	hua kai shi jie dong jing cheng	1
花开残菊傍疏篱	hua kai can ju bang shu li	2
花开花落二十日	hua kai hua luo er shi ri	6
花开花落几番晴	hua kai hua luo ji fan qing	3
花影妖饶各占春	hua ying yao rao ge zhan chun	2
花径不曾缘客扫	hua jing bu ceng yuan ke sao	6
花径暗香流	hua jing an xiang liu	2
花心愁欲断	hua xin chou yu duan	2
花房小如许	hua fang xiao ru xu	2
花暖青牛卧	hua nuan qing niu wo	2
花月正春风	hua yue zheng chun feng	2
花有清香月有阴	hua you qing xiang yue you yin	3
花木成畦手自栽	hua mu cheng qi shou zi zai	2
花气袭人知骤暖	hua qi xi ren zhi zhou nuan	2
花泾二月桃花发	hua jing er yue tao hua fa	2
花浓春寺静	hua nong chun si jing	2
花满自然秋	hua man zi ran qiu	3
花竹有和气	hua zhu you he qi	3
花自飘零水自流	hua zi piao ling shui zi liu	11
花舞大唐春	hua wu da tang chun	2
花落水流红	hua luo shui liu hong	2
花落花开年复年	hua luo hua kai nian fu nian	3
花蔓宜阳春	hua man yi yang chun	4
花褪残红青杏小	hua tui can hong qing xing xiao	2
花迎剑佩星初落	hua ying jian pei xing chu luo	2
花近高楼伤客心	hua jin gao lou shang ke xin	3
花重锦官城	hua zhong jin guan cheng	4
花钿委地无人收	hua dian wei di wu ren shou	3
花雪随风不厌看	hua xue sui feng bu yan kan	2
花面丫头十三四	hua mian ya tou shi san si	2
花面交相映	hua mian jiao xiang ying	2
花须连夜发	hua xu lian ye fa	3
花鬘斗薮龙蛇动	hua man dou sou long she dong	1
芳声腾海隅	fang sheng teng hai yu	2
芳影如生随处在	fang ying ru sheng sui chu zai	2
芳林新叶催陈叶	fang lin xin ye cui chen ye	5
芳洲拾翠暮忘归	fang zhou shi cui mu wang gui	3
芳草何年恨即休	fang cao he nian hen ji xiu	2
芳草萋萋鹦鹉洲	fang cao qi qi ying wu zhou	1
芳菲歇去何须恨	fang fei xie qu he xu hen	3
芳菲菲兮袭予	fang fei fei xi xi yu	2
芳菲菲其弥章	fang fei fei qi mi zhang	2
芷葺兮荷屋	zhi qi xi he wu	2
苍然两片石	cang ran liang pian shi	2
苍然满关中	cang ran man guan zhong	2
苍然玉一堆	cang ran yu yi dui	2
苍苍横翠微	cang cang heng cui wei	6
苍苍竹林寺	cang cang zhu lin si	2
苍茫不晓神灵意	cang mang bu xiao shen ling yi	2
苍茫云海间	cang mang yun hai jian	3
苍茫云雾浮	cang mang yun wu fu	3
苍茫值晚春	cang mang zhi wan chun	2
苍茫宫观平	cang mang gong guan ping	2
苍龙日暮还行雨	cang long ri mu hai xing yu	4
苏晋长斋绣佛前	su jin chang zhai xiu fo qian	2
苏武在匈奴	su wu zai xiong nu	2
苏维埃政府主席毛泽东	su wei ai zheng fu zhu xi mao ze dong	4
苒苒物华休	ran ran wu hua xiu	2
苔深不能扫	tai shen bu neng sao	4
苔痕上阶绿	tai hen shang jie lv	5
苕溪渔隐丛话	tiao xi yu yin cong hua	2
苗而不秀者有矣夫	miao er bu xiu zhe you yi fu	2
苟余心之端直兮	gou yu xin zhi duan zhi xi	3
苟余情其信姱以练要兮	gou yu qing qi xin kua yi lian yao xi	2
苟余情其信芳	gou yu qing qi xin fang	2
苟全性命于乱世	gou quan xing ming yu luan shi	1
苟得用此下土	gou de yong ci xia tu	2
苟志于仁矣	gou zhi yu ren yi	3
苟无济代心	gou wu ji dai xin	2
苟有用我者	gou you yong wo zhe	2
苟正其身矣	gou zheng qi shen yi	4
苟能制侵陵	gou neng zhi qin ling	2
苟非吾之所有	gou fei wu zhi suo you	4
若个书生万户侯	ruo ge shu sheng wan hu hou	4
若个是真梅	ruo ge shi zhen mei	3
若为化得身千亿	ruo wei hua de shen qian yi	4
若乃夫没人	ruo nai fu mei ren	2
若九牛亡一毛	ruo jiu niu wang yi mao	2
若似剡中容易到	ruo si shan zhong rong yi dao	2
若似月轮终皎洁	ruo si yue lun zhong jiao jie	2
若信庄周尚非我	ruo xin zhuang zhou shang fei wo	2
若入前为寿	ruo ru qian wei shou	2
若共吴王斗百草	ruo gong wu wang dou bai cao	2
若其义则不可须臾舍也	ruo qi yi ze bu ke xu yu she ye	2
若到江南赶上春	ruo dao jiang nan gan shang chun	4
若到越溪逢越女	ruo dao yue xi feng yue nv	2
若夫日出而林霏开	ruo fu ri chu er lin fei kai	2
若夫霪雨霏霏	ruo fu yin yu fei fei	2
若属皆且为所虏	ruo shu jie qie wei suo lu	2
若待上林花似锦	ruo dai shang lin hua si jin	1
若无清风吹	ruo wu qing feng chui	1
若无知足心	ruo wu zhi zu xin	2
若无罪而就死地	ruo wu zui er jiu si di	2
若无闲事挂心头	ruo wu xian shi gua xin tou	11
若是真金不镀金	ruo shi zhen jin bu du jin	4
若有人兮山之阿	ruo you ren xi shan zhi e	2
若有人知春去处	ruo you ren zhi chun qu chu	2
若有作奸犯科	ruo you zuo jian fan ke	2
若死生为徒	ruo si sheng wei tu	2
若火之始然	ruo huo zhi shi ran	2
若白驹之过隙	ruo bai ju zhi guo xi	4
若耶溪上踏莓苔	ruo ye xi shang ta mei tai	2
若耶溪归兴	ruo ye xi gui xing	2
若臧武仲之知	ruo zang wu zhong zhi zhi	1
若葵藿之倾叶	ruo kui huo zhi qing ye	2
若言声在指头上	ruo yan sheng zai zhi tou shang	3
若言琴上有琴声	ruo yan qin shang you qin sheng	3
若负平生志	ruo fu ping sheng zhi	3
若轻云之蔽月	ruo qing yun zhi bi yue	2
若降天地之施	ruo jiang tian di zhi shi	2
若非月下即花前	ruo fei yue xia ji hua qian	2
若非群玉山头见	ruo fei qun yu shan tou jian	1
苦乏大药资	ku fa da yao zi	2
苦恨年年压金线	ku hen nian nian ya jin xian	1
苦道来不易	ku dao lai bu yi	2
英俊沉下僚	ying jun chen xia liao	4
英姿飒爽来酣战	ying zi sa shuang lai han zhan	2
英姿飒爽犹酣战	ying zi sa shuang you han zhan	3
茂陵刘郎秋风客	mao ling liu lang qiu feng ke	2
范增数目项王	fan zeng shuo mu xiang wang	2
范增说项羽曰	fan zeng shui xiang yu yue	2
茅堂石笋西	mao tang shi sun xi	2
茅屋四五间	mao wu si wu jian	3
茅屋沧洲一酒旗	mao wu cang zhou yi jiu qi	2
茅檐烟里语双双	mao yan yan li yu shuang shuang	2
茅檐相对坐终日	mao yan xiang dui zuo zhong ri	2
茅檐长扫静无苔	mao yan chang sao jing wu tai	2
茅茨疏易湿	mao ci shu yi shi	1
茗生此中石	ming sheng ci zhong shi	2
茫如坠烟雾	mang ru zhui yan wu	2
茫茫九派流中国	mang mang jiu pai liu zhong guo	5
茫茫天地间	mang mang tian di jian	1
茫茫走胡兵	mang mang zou hu bing	2
茱萸自有芳	zhu yu zi you fang	2
茶中故旧是蒙山	cha zhong gu jiu shi meng shan	4
茶烟轻扬落花风	cha yan qing yang luo hua feng	3
茶笋尽禅味	cha sun jin chan wei	2
荃者所以在鱼	quan zhe suo yi zai yu	2
荆棘上参天	jing ji shang can tian	2
荆棘暗长原	jing ji an chang yuan	2
荆轲刺秦王	jing ke ci qin wang	24
荆钗任意撩新鬓	jing chai ren yi liao xin bin	2
荆门九派通	jing men jiu pai tong	4
草合离宫转夕晖	cao he li gong zhuan xi hui	2
草头珠颗冷	cao tou zhu ke leng	2
草尚之风必偃	cao shang zhi feng bi yan	3
草屋八九间	cao wu ba jiu jian	4
草木摇落露为霜	cao mu yao luo lu wei shuang	5
草木有本心	cao mu you ben xin	4
草木黄落兮雁南归	cao mu huang luo xi yan nan gui	4
草枯鹰眼疾	cao ku ying yan ji	2
草树云山如锦绣	cao shu yun shan ru jin xiu	4
草根吟不稳	cao gen yin bu wen	2
草盛豆苗稀	cao sheng dou miao xi	5
草绿裙腰一道斜	cao lv qun yao yi dao xie	2
草色入帘青	cao se ru lian qing	4
草色新雨中	cao se xin yu zhong	2
草色烟光残照里	cao se yan guang can zhao li	2
草色遥看近却无	cao se yao kan jin que wu	7
草色青青柳色黄	cao se qing qing liu se huang	2
草芽菜甲一时生	cao ya cai jia yi shi sheng	3
草草杯盘供笑语	cao cao bei pan gong xiao yu	2
草萤有耀终非火	cao ying you yao zhong fei huo	4
草裹乌纱巾	cao guo wu sha jin	2
草诏陆贽倾诸公	cao zhao lu zhi qing zhu gong	2
草长莺飞二月天	cao zhang ying fei er yue tian	6
荏苒冬春谢	ren ran dong chun xie	2
荒城鲁殿馀	huang cheng lu dian yu	2
荒烟依旧平楚	huang yan yi jiu ping chu	2
荔子已丹吾发白	li zi yi dan wu fa bai	2
荔枝新熟鸡冠色	li zhi xin shu ji guan se	3
荞麦花开白雪香	qiao mai hua kai bai xue xiang	2
荡子天涯归棹远	dang zi tian ya gui zhao yuan	1
荡子行不归	dang zi xing bu gui	2
荡摇浮世生万象	dang yao fu shi sheng wan xiang	3
荡涤谁氏子	dang di shui shi zi	3
荡漾游子情	dang yang you zi qing	2
荡胸生层云	dang xiong sheng ceng yun	1
荣光休气纷五彩	rong guang xiu qi fen wu cai	2
荣华相晃耀	rong hua xiang huang yao	2
荣名以为宝	rong ming yi wei bao	2
荣枯一枕春来梦	rong ku yi zhen chun lai meng	2
荣枯咫尺异	rong ku zhi chi yi	3
荦确何人似退之	luo que he ren si tui zhi	2
荪桡兮兰旌	sun rao xi lan jing	1
荫此百尺条	yin ci bai chi tiao	3
药方只贩古时丹	yao fang zhi fan gu shi dan	3
荷动知鱼散	he dong zhi yu san	3
荷叶生时春恨生	he ye sheng shi chun hen sheng	1
荷叶罗裙一色裁	he ye luo qun yi se cai	5
荷尽已无擎雨盖	he jin yi wu qing yu gai	5
荷花半成子	he hua ban cheng zi	1
荷花开后西湖好	he hua kai hou xi hu hao	2
荷花羞玉颜	he hua xiu yu yan	3
荷衣兮蕙带	he yi xi hui dai	3
荷露虽团岂是珠	he lu sui tuan qi shi zhu	4
荷风送香气	he feng song xiang qi	1
莓苔见履痕	mei tai jian lv hen	3
莫上最高层	mo shang zui gao ceng	2
莫不有文武之道焉	mo bu you wen wu zhi dao yan	2
莫为无人欺一物	mo wei wu ren qi yi wu	2
莫为霜台愁岁暮	mo wei shuang tai chou sui mu	3
莫之能御也	mo zhi neng yu ye	3
莫厌伤多酒入唇	mo yan shang duo jiu ru chun	3
莫厌家鸡更问人	mo yan jia ji geng wen ren	2
莫叹韶华容易逝	mo tan shao hua rong yi shi	3
莫向光阴惰寸功	mo xiang guang yin duo cun gong	4
莫听穿林打叶声	mo ting chuan lin da ye sheng	8
莫大乎尊亲	mo da hu zun qin	4
莫好修之害也	mo hao xiu zhi hai ye	2
莫嫌荦确坡头路	mo xian luo que po tou lu	2
莫嫌酒薄红粉陋	mo xian jiu bo hong fen lou	2
莫将画扇出帷来	mo jiang hua shan chu wei lai	2
莫待无花空折枝	mo dai wu hua kong zhe zhi	32
莫待晓风吹	mo dai xiao feng chui	2
莫愁前路无知己	mo chou qian lu wu zhi ji	42
莫愁留滞太史公	mo chou liu zhi tai shi gong	2
莫把聪明付蠹虫	mo ba cong ming fu du chong	3
莫教枝上啼	mo jiao zhi shang ti	2
莫教踏碎琼瑶	mo jiao ta sui qiong yao	3
莫教长袖倚阑干	mo jiao chang xiu yi lan gan	2
莫笑农家腊酒浑	mo xiao nong jia la jiu hun	6
莫笑田家老瓦盆	mo xiao tian jia lao wa pen	2
莫羡三春桃与李	mo xian san chun tao yu li	3
莫自使眼枯	mo zi shi yan ku	3
莫见长安行乐处	mo jian chang an xing le chu	2
莫言名与利	mo yan ming yu li	3
莫许杯深琥珀浓	mo xu bei shen hu po nong	2
莫负东篱菊蕊黄	mo fu dong li ju rui huang	2
莫辞更坐弹一曲	mo ci geng zuo tan yi qu	2
莫逐狂风起浪心	mo zhu kuang feng qi lang xin	2
莫道不消魂	mo dao bu xiao hun	1
莫道不销魂	mo dao bu xiao hun	4
莫道君行早	mo dao jun xing zao	8
莫道昆明池水浅	mo dao kun ming chi shui qian	3
莫道桑榆晚	mo dao sang yu wan	1
莫道谗言如浪深	mo dao chan yan ru lang shen	3
莫遣佳期更后期	mo qian jia qi geng hou qi	2
莫遣旁人惊去	mo qian pang ren jing qu	3
莫问奴归处	mo wen nu gui chu	2
莫须惊白鹭	mo xu jing bai lu	3
莲动下渔舟	lian dong xia yu zhou	3
莲叶何田田	lian ye he tian tian	2
莲子已成荷叶老	lian zi yi cheng he ye lao	3
莲池旧是无波水	lian chi jiu shi wu bo shui	2
莲花始信两飞峰	lian hua shi xin liang fei feng	2
获笑汶上翁	huo xiao wen shang weng	2
莺儿燕子俱黄土	ying er yan zi ju huang tu	2
莺嫌枝嫩不胜吟	ying xian zhi nen bu sheng yin	2
莺语和人诗	ying yu he ren shi	2
莽莽万重山	mang mang wan chong shan	3
菊残犹有傲霜枝	ju can you you ao shuang zhi	5
菊花何太苦	ju hua he tai ku	3
菊花须插满头归	ju hua xu cha man tou gui	2
菊蕊独盈枝	ju rui du ying zhi	1
菖蒲花发五云高	chang pu hua fa wu yun gao	2
菖蒲酒美清尊共	chang pu jiu mei qing zun gong	4
菜传纤手送青丝	cai chuan xian shou song qing si	2
菡萏发荷花	han dan fa he hua	3
菡萏生泥玩亦难	han dan sheng ni wan yi nan	2
菡萏金芙蓉	han dan jin fu rong	2
菡萏香销翠叶残	han dan xiang xiao cui ye can	4
菰白媚秋菜	gu bai mei qiu cai	2
菰米新炊滑上匙	gu mi xin chui hua shang chi	2
菰蒲冒清浅	gu pu mao qing qian	2
菱透浮萍绿锦池	ling tou fu ping lv jin chi	1
萁在釜下燃	qi zai fu xia ran	3
萋萋满别情	qi qi man bie qing	4
萎蒿满地芦芽短	wei hao man di lu ya duan	1
萧条异代不同时	xiao tiao yi dai bu tong shi	3
萧条徐泗空	xiao tiao xu si kong	2
萧瑟秋风今又是	xiao se qiu feng jin you shi	6
萧疏鬓已斑	xiao shu bin yi ban	3
萧萧木叶石城秋	xiao xiao mu ye shi cheng qiu	3
萧萧枫树林	xiao xiao feng shu lin	2
萧萧梁栋秋	xiao xiao liang dong qiu	2
萧萧梧叶送寒声	xiao xiao wu ye song han sheng	5
萧萧班马鸣	xiao xiao ban ma ming	1
萧萧送雁群	xiao xiao song yan qun	3
萧萧闻雁飞	xiao xiao wen yan fei	2
萧萧黄叶闭疏窗	xiao xiao huang ye bi shu chuang	3
萧飒凉风与衰鬓	xiao sa liang feng yu shuai bin	2
萱草生堂阶	xuan cao sheng tang jie	3
萱草解忘忧	xuan cao jie wang you	3
落其实者思其树	luo qi shi zhe si qi shu	5
落叶他乡树	luo ye ta xiang shu	2
落叶添薪仰古槐	luo ye tian xin yang gu huai	2
落叶满空山	luo ye man kong shan	5
落叶秋风早	luo ye qiu feng zao	4
落叶聚还散	luo ye ju huan san	1
落向人间取次生	luo xiang ren jian qu ci sheng	2
落地为兄弟	luo di wei xiong di	1
落帆江口月黄昏	luo fan jiang kou yue huang hun	2
落日好鸟归	luo ri hao niao gui	2
落日对春华	luo ri dui chun hua	2
落日平台上	luo ri ping tai shang	2
落日心犹壮	luo ri xin you zhuang	3
落日忆山中	luo ri yi shan zhong	2
落日故人情	luo ri gu ren qing	2
落日欲没岘山西	luo ri yu mo xian shan xi	3
落日照大旗	luo ri zhao da qi	1
落日绣帘卷	luo ri xiu lian juan	2
落景闻寒杵	luo jing wen han chu	3
落月摇情满江树	luo yue yao qing man jiang shu	1
落月满屋梁	luo yue man wu liang	2
落木千山天远大	luo mu qian shan tian yuan da	3
落梅愁绝醉中听	luo mei chou jue zui zhong ting	2
落红不是无情物	luo hong bu shi wu qing wu	19
落花人独立	luo hua ren du li	5
落花时节又逢君	luo hua shi jie you feng jun	8
落花时节读华章	luo hua shi jie du hua zhang	3
落花犹似坠楼人	luo hua you si zhui lou ren	1
落花踏尽游何处	luo hua ta jin you he chu	2
落花逐流水	luo hua zhu liu shui	3
落花风雨更伤春	luo hua feng yu geng shang chun	5
落蕊犹收蜜露香	luo rui you shou mi lu xiang	2
落霞与孤鹜齐飞	luo xia yu gu wu qi fei	13
落魄江湖载酒行	luo po jiang hu zai jiu xing	3
著我扁舟一叶	zhuo wo pian zhou yi ye	3
葡萄美酒夜光杯	pu tao mei jiu ye guang bei	22
葳蕤自生光	wei rui zi sheng guang	1
葵藿倾太阳	kui huo qing tai yang	3
蒌蒿满地芦芽短	lou hao man di lu ya duan	6
蒙羞被好兮	meng xiu bei hao xi	3
蒲苇一时纫	pu wei yi shi ren	2
蒲苇纫如丝	pu wei ren ru si	3
蓝桥春雪君归日	lan qiao chun xue jun gui ri	2
蓝桥驿见元九诗	lan qiao yi jian yuan jiu shi	2
蓝水远从千涧落	lan shui yuan cong qian jian luo	3
蓝田丘壑漫寒藤	lan tian qiu he man han teng	2
蓝田日暖玉生烟	lan tian ri nuan yu sheng yan	4
蓝田醉倒玉山颓	lan tian zui dao yu shan tui	2
蓬头稚子学垂纶	peng tou zhi zi xue chui lun	3
蓬山此去无多路	peng shan ci qu wu duo lu	3
蓬而指之曰	peng er zhi zhi yue	2
蓬舟吹取三山去	peng zhou chui qu san shan qu	2
蓬莱定不远	peng lai ding bu yuan	3
蓬莱宫中日月长	peng lai gong zhong ri yue chang	3
蓬莱文章建安骨	peng lai wen zhang jian an gu	1
蓬门今始为君开	peng men jin shi wei jun kai	13
蓬门未识绮罗香	peng men wei shi qi luo xiang	2
蔡洲新草绿	cai zhou xin cao lv	2
蔷薇几度花	qiang wei ji du hua	2
蔷薇带刺攀应懒	qiang wei dai ci pan ying lan	2
蕃草席铺枫叶岸	fan cao xi pu feng ye an	2
蕊黄无限当山额	rui huang wu xian dang shan e	2
蕙草留芳根	hui cao liu fang gen	2
蕨芽珍嫩压春蔬	jue ya zhen nen ya chun shu	2
薄俸可资家	bo feng ke zi jia	2
薄宦梗犹泛	bo huan geng you fan	2
薄暮空潭曲	bo mu kong tan qu	3
薄汗轻衣透	bo han qing yi tou	3
薄雾浓云愁永昼	bo wu nong yun chou yong zhou	42
薜萝若在眼	bi luo ruo zai yan	2
薰风初入弦	xun feng chu ru xian	3
藏书万卷可教子	cang shu wan juan ke jiao zi	2
藏人带树远含清	cang ren dai shu yuan han qing	2
藏小大有宜	cang xiao da you yi	2
藐姑射之山	miao gu she zhi shan	4
藤床纸帐朝眠起	teng chuang zhi zhang chao mian qi	2
虎兕出于柙	hu si chu yu xia	5
虎可搏兮牛可触	hu ke bo xi niu ke chu	2
虎头金粟影	hu tou jin su ying	2
虎有爪兮牛有角	hu you zhua xi niu you jiao	2
虎视何雄哉	hu shi he xiong zai	4
虎豹号我西	hu bao hao wo xi	2
虎距龙盘今胜昔	hu ju long pan jin sheng xi	2
虎踞龙盘今胜昔	hu ju long pan jin sheng xi	6
虎踞龙蟠何处是	hu ju long pan he chu shi	2
虚减宫厨为细腰	xu jian gong chu wei xi yao	2
虚室有余闲	xu shi you yu xian	3
虚步蹑太清	xu bu nie tai qing	2
虚负东阳酒担来	xu fu dong yang jiu dan lai	2
虞人逐而谇之	yu ren zhu er sui zhi	2
虞兮虞兮奈若何	yu xi yu xi nai ruo he	3
虞舜不逢尧	yu shun bu feng yao	3
虫声新透绿窗纱	chong sheng xin tou lv chuang sha	2
虹收青嶂雨	hong shou qing zhang yu	2
虹残水照断桥梁	hong can shui zhao duan qiao liang	4
虹裳霞帔步摇冠	hong chang xia pei bu yao guan	3
虽一毫而莫取	sui yi hao er mo qu	3
虽一龙发机	sui yi long fa ji	2
虽世殊事异	sui shi shu shi yi	3
虽九死其犹未悔	sui jiu si qi you wei hui	2
虽体解吾犹未变兮	sui ti jie wu you wei bian xi	1
虽僻远其何伤	sui pi yuan qi he shang	3
虽千万人吾往矣	sui qian wan ren wu wang yi	11
虽善亦多事	sui shan yi duo shi	2
虽在缧绁之中	sui zai lei xie zhi zhong	2
虽天地之大	sui tian di zhi da	3
虽州里行乎哉	sui zhou li xing hu zai	3
虽执鞭之士	sui zhi bian zhi shi	4
虽投定远笔	sui tou ding yuan bi	2
虽断犹牵连	sui duan you qian lian	2
虽无丝竹管弦之盛	sui wu si zhu guan xian zhi sheng	3
虽无粮而乃足	sui wu liang er nai zu	2
虽有义台路寝	sui you yi tai lu qin	2
虽有千里之能	sui you qian li zhi neng	3
虽有数斗玉	sui you shu dou yu	2
虽未量岁功	sui wei liang sui gong	2
虽然在城市	sui ran zai cheng shi	8
虽疏食菜羹	sui shu shi cai geng	3
虽疏食菜羹瓜祭	sui shu shi cai geng gua ji	2
虽盗跖与伯夷	sui dao zhi yu bo yi	2
虽趣舍万殊	sui qu she wan shu	2
虽过失犹弗治	sui guo shi you fu zhi	2
虽鸡狗不得宁焉	sui ji gou bu de ning yan	2
蚂蚁缘槐夸大国	ma yi yuan huai kua da guo	5
蚍蜉撼大树	pi fu han da shu	8
蚍蜉撼树谈何易	pi fu han shu tan he yi	5
蚓无爪牙之利	yin wu zhao ya zhi li	3
蚕丛及鱼凫	can cong ji yu fu	2
蚕眠桑叶稀	can mian sang ye xi	3
蛟何为兮水裔	jiao he wei xi shui yi	2
蛟龙得雨鬐鬣动	jiao long de yu qi lie dong	2
蛮衣斑斓布	man yi ban lan bu	2
蛾儿雪柳黄金缕	e er xue liu huang jin lv	4
蜀人几为鱼	shu ren ji wei yu	2
蜀人游乐不知还	shu ren you le bu zhi huan	3
蜀人衣食常苦艰	shu ren yi shi chang ku jian	2
蜀僧抱绿绮	shu seng bao lv qi	3
蜀国多仙山	shu guo duo xian shan	3
蜀国曾闻子规鸟	shu guo ceng wen zi gui niao	2
蜀江水碧蜀山青	shu jiang shui bi shu shan qing	2
蜀王无近信	shu wang wu jin xin	2
蜀道之难难于上青天	shu dao zhi nan nan yu shang qing tian	4
蜀酒浓无敌	shu jiu nong wu di	3
蜀麻吴盐自古通	shu ma wu yan zi gu tong	2
蜂黄暗偷晕	feng huang an tou yun	2
蜃散云收破楼阁	shen san yun shou po lou ge	4
蜗牛角上争何事	wo niu jiao shang zheng he shi	3
蜡炬成灰泪始干	la ju cheng hui lei shi gan	3
蜡烛有心还惜别	la zhu you xin huan xi bie	2
蜷局顾而不行	quan ju gu er bu xing	3
蜻蜓飞上玉搔头	qing ting fei shang yu sao tou	2
蝉噪林逾静	chan zao lin yu jing	4
蝉声未发前	chan sheng wei fa qian	2
蝶恋花答李淑一	die lian hua da li shu yi	3
蝶栖石竹银交关	die qi shi zhu yin jiao guan	2
蝶绕绣衣花	die rao xiu yi hua	2
蝼蚁往还空垄亩	lou yi wang huan kong long mu	3
螮蝀饮河形影联	di dong yin he xing ying lian	3
螳螂执翳而搏之	tang lang zhi yi er bo zhi	2
蟪蛄不知春秋	hui gu bu zhi chun qiu	1
蟹六跪而二螯	xie liu gui er er ao	2
蟹眼已过鱼眼生	xie yan yi guo yu yan sheng	2
蟹螯即金液	xie ao ji jin ye	5
血作陈陶泽中水	xue zuo chen tao ze zhong shui	3
血色罗裙翻酒污	xue se luo qun fan jiu wu	1
行不得也哥哥	xing bu de ye ge ge	4
行不忍人之政	xing bu ren ren zhi zheng	3
行不言之教	xing bu yan zhi jiao	1
行义以达其道	xing yi yi da qi dao	3
行乐及时时已晚	xing le ji shi shi yi wan	3
行乐须及春	xing le xu ji chun	16
行云去后遥山暝	xing yun qu hou yao shan ming	3
行人刁斗风沙暗	xing ren diao dou feng sha an	2
行人弓箭各在腰	xing ren gong jian ge zai yao	1
行人更在春山外	xing ren geng zai chun shan wai	1
行军用兵之道	xing jun yong bing zhi dao	2
行到小溪深处	xing dao xiao xi shen chu	2
行到水穷处	xing dao shui qiong chu	22
行吟楚山玉	xing yin chu shan yu	2
行天下之大道	xing tian xia zhi da dao	5
行成于思而毁于随	xing cheng yu si er hui yu sui	4
行拂乱其所为	xing fu luan qi suo wei	1
行有不得者	xing you bu de zhe	4
行歌尽落梅	xing ge jin luo mei	2
行者休于树	xing zhe xiu yu shu	3
行舟绿水前	xing zhou lv shui qian	3
行藏终欲付何人	xing cang zhong yu fu he ren	2
行行重行行	xing xing chong xing xing	4
行路难三首	xing lu nan san shou	2
行辟人可也	xing bi ren ke ye	2
行遍天涯真老矣	xing bian tian ya zhen lao yi	2
行道之人弗受	xing dao zhi ren fu shou	4
行酒石榴裙	xing jiu shi liu qun	2
衔得锦标第一归	xian de jin biao di yi gui	3
衔泥巢君屋	xian ni chao jun wu	2
衔泥点污琴书内	xian ni dian wu qin shu nei	2
衙斋卧听萧萧竹	ya zhai wo ting xiao xiao zhu	9
衡阳归雁几封书	heng yang gui yan ji feng shu	3
衡阳雁去无留意	heng yang yan qu wu liu yi	5
衡阳雁声彻	heng yang yan sheng che	2
衢州人食人	qu zhou ren shi ren	3
衣上征尘杂酒痕	yi shang zheng chen za jiu hen	2
衣冠简朴古风存	yi guan jian pu gu feng cun	4
衣如飞鹑马如狗	yi ru fei chun ma ru gou	2
衣带日已缓	yi dai ri yi huan	1
衣带渐宽终不悔	yi dai jian kuan zhong bu hui	30
衣服云霞鲜	yi fu yun xia xian	2
衣沾不足惜	yi zhan bu zu xi	1
衣润费炉烟	yi run fei lu yan	2
衣袖露两肘	yi xiu lu liang zhou	3
衣裳已施行看尽	yi shang yi shi xing kan jin	3
衣露净琴张	yi lu jing qin zhang	2
衣食足而知荣辱	yi shi zu er zhi rong ru	2
表里俱澄澈	biao li ju cheng che	7
衰兰送客咸阳道	shuai lan song ke xian yang dao	3
衰年关鬲冷	shuai nian guan ge leng	2
衰怀造胜境	shuai huai zao sheng jing	2
衰颜欲付紫金丹	shuai yan yu fu zi jin dan	2
袅袅兮秋风	niao niao xi qiu feng	4
袅袅凉风起	niao niao liang feng qi	1
袈裟忆上泛湖船	jia sha yi shang fan hu chuan	2
袖中忽见三行字	xiu zhong hu jian san hang zi	2
袖手无言味最长	xiu shou wu yan wei zui chang	3
被发之叟狂而痴	bei fa zhi sou kuang er chi	2
被服纨与素	bei fu wan yu su	3
被石兰兮带杜衡	bei shi lan xi dai du heng	2
被薜荔兮带女萝	bei bi li xi dai nv luo	2
被酒莫惊春睡重	bei jiu mo jing chun shui zhong	4
被驱不异犬与鸡	bei qu bu yi quan yu ji	2
袭芳践兰室	xi fang jian lan shi	3
装点此关山	zhuang dian ci guan shan	7
裘马颇清狂	qiu ma po qing kuang	3
裙妒石榴花	qun du shi liu hua	2
裸体青林中	luo ti qing lin zhong	3
裹饭而往食之	guo fan er wang shi zhi	2
褒公鄂公毛发动	bao gong e gong mao fa dong	2
襄王云雨今安在	xiang wang yun yu jin an zai	2
襄阳好风日	xiang yang hao feng ri	5
襄阳小儿齐拍手	xiang yang xiao er qi pai shou	3
西上令人老	xi shang ling ren lao	2
西上太白峰	xi shang tai bai feng	2
西下峨眉峰	xi xia e mei feng	2
西北有浮云	xi bei you fu yun	3
西北有高楼	xi bei you gao lou	5
西北望乡何处是	xi bei wang xiang he chu shi	4
西北望长安	xi bei wang chang an	4
西园翰墨林	xi yuan han mo lin	3
西城杨柳弄春柔	xi cheng yang liu nong chun rou	1
西塞山前白鹭飞	xi sai shan qian bai lu fei	5
西塞山怀古	xi sai shan huai gu	3
西夷之人也	xi yi zhi ren ye	2
西子下姑苏	xi zi xia gu su	2
西山兰若试茶歌	xi shan lan re shi cha ge	3
西山寇盗莫相侵	xi shan kou dao mo xiang qin	2
西岳峥嵘何壮哉	xi yue zheng rong he zhuang zai	2
西崦人家应最乐	xi yan ren jia ying zui le	2
西川供客眼	xi chuan gong ke yan	3
西当太白有鸟道	xi dang tai bai you niao dao	1
西忆故人不可见	xi yi gu ren bu ke jian	2
西挂咸阳树	xi gua xian yang shu	2
西施越溪女	xi shi yue xi nv	3
西望长安不见家	xi wang chang an bu jian jia	4
西楼无客共谁尝	xi lou wu ke gong shei chang	2
西楼望月几回圆	xi lou wang yue ji hui yuan	2
西江万里船	xi jiang wan li chuan	2
西江月井冈山	xi jiang yue jing gang shan	3
西湖天下景	xi hu tian xia jing	2
西湖歌舞几时休	xi hu ge wu ji shi xiu	1
西蜀子云亭	xi shu zi yun ting	1
西辉逐流水	xi hui zhu liu shui	2
西陆蝉声唱	xi lu chan sheng chang	1
西风多少恨	xi feng duo shao hen	13
西风愁起绿波间	xi feng chou qi lv bo jian	3
西风梨枣山园	xi feng li zao shan yuan	3
西风漫卷孤城	xi feng man juan gu cheng	2
西风莫道无情思	xi feng mo dao wu qing si	2
西风袅袅秋	xi feng niao niao qiu	2
要伴骚人餐落英	yao ban sao ren can luo ying	2
要似昆仑崩绝壁	yao si kun lun beng jue bi	3
要向潇湘直进	yao xiang xiao xiang zhi jin	3
要将宇宙看稊米	yao jiang yu zhou kan ti mi	3
要愁那得功夫	yao chou na de gong fu	1
要扫除一切害人虫	yao sao chu yi qie hai ren chong	4
要留清白在人间	yao liu qing bai zai ren jian	2
要留青白在人间	yao liu qing bai zai ren jian	2
要看细雨熟黄梅	yao kan xi yu shu huang mei	1
要看银山拍天浪	yao kan yin shan pai tian lang	4
要知松高洁	yao zhi song gao jie	5
要自拨其根	yao zi bo qi gen	2
要近丛篁听雨声	yao jin cong huang ting yu sheng	2
要须回舞袖	yao xu hui wu xiu	2
覆压三百余里	fu ya san bai yu li	5
覆水再收岂满杯	fu shui zai shou qi man bei	2
见不善如探汤	jian bu shan ru tan tang	8
见不贤而内自省也	jian bu xian er nei zi xing ye	2
见与儿童邻	jian yu er tong lin	4
见之自清凉	jian zhi zi qing liang	2
见人不语颦蛾眉	jian ren bu yu pin e mei	2
见佝偻者承蜩	jian gou lv zhe cheng tiao	2
见利而忘其真	jian li er wang qi zhen	2
见君前日书	jian jun qian ri shu	2
见善如不及	jian shan ru bu ji	8
见小利则大事不成	jian xiao li ze da shi bu cheng	4
见底何如此	jian di he ru ci	2
见我应如是	jian wo ying ru shi	2
见是银河泻	jian shi yin he xie	2
见者惊犹鬼神	jian zhe jing you gui shen	3
见说风流极	jian shuo feng liu ji	2
见贤思齐焉	jian xian si qi yan	2
见长空万里	jian chang kong wan li	2
见面怜清瘦	jian mian lian qing shou	3
观书散遗帙	guan shu san yi zhi	2
观其色赧赧然	guan qi se nan nan ran	2
观千剑而后识器	guan qian jian er hou shi qi	1
观千剑而识器	guan qian jian er shi qi	3
观巴黎油画记	guan ba li you hua ji	2
观心不观迹	guan xin bu guan ji	2
观此遗物虑	guan ci yi wu lv	2
观海则意溢于海	guan hai ze yi yi yu hai	4
观者如山色沮丧	guan zhe ru shan se ju sang	2
观鱼胜过富春江	guan yu sheng guo fu chun jiang	4
觅花来渡口	mi hua lai du kou	3
视死忽如归	shi si hu ru gui	6
览方外之荒忽兮	lan fang wai zhi huang hu xi	2
览民尤以自镇	lan min you yi zi zhen	2
览民德焉错辅	lan min de yan cuo fu	2
览百卉之英茂	lan bai hui zhi ying mao	2
觉今是而昨非	jue jin shi er zuo fei	5
觉宇宙之无穷	jue yu zhou zhi wu qiong	2
觉而后知其梦也	jue er hou zhi qi meng ye	2
角声孤起夕阳楼	jiao sheng gu qi xi yang lou	2
角声满天秋色里	jiao sheng man tian qiu se li	3
解把飞花蒙日月	jie ba fei hua meng ri yue	3
解缆及流潮	jie lan ji liu chao	3
解落三秋叶	jie luo san qiu ye	1
解释春风无限恨	jie shi chun feng wu xian hen	2
解钓鲈鱼能几人	jie diao lu yu neng ji ren	2
解鞍少驻初程	jie an shao zhu chu cheng	1
解鞍欹枕绿杨桥	jie an qi zhen lv yang qiao	3
触处似花开	chu chu si hua kai	4
言不可以若是其几也	yan bu ke yi ruo shi qi ji ye	2
言不顺则事不成	yan bu shun ze shi bu cheng	1
言举斯心加诸彼而已	yan ju si xin jia zhu bi er yi	2
言之必可行也	yan zhi bi ke xing ye	2
言之所不能论	yan zhi suo bu neng lun	2
言师采药去	yan shi cai yao qu	5
言笑无厌时	yan xiao wu yan shi	2
言者所以在意	yan zhe suo yi zai yi	2
言而无文行之不远	yan er wu wen xing zhi bu yuan	2
誓不举家走	shi bu ju jia zou	2
誓扫匈奴不顾身	shi sao xiong nu bu gu shen	3
謇吾法夫前修兮	jian wu fa fu qian xiu xi	3
謇朝谇而夕替	jian chao sui er xi ti	2
计拙是和亲	ji zhuo shi he qin	2
认得醉翁语	ren de zui weng yu	2
记得偏重三五	ji de pian zhong san wu	3
记得去年今日	ji de qu nian jin ri	2
记得小苹初见	ji de xiao ping chu jian	2
记得当年草上飞	ji de dang nian cao shang fei	4
记承天寺夜游	ji cheng tian si ye you	5
许我为三友	xu wo wei san you	2
论万物之理也	lun wan wu zhi li ye	2
论交何必先同调	lun jiao he bi xian tong diao	2
论交入酒垆	lun jiao ru jiu lu	3
论功还欲请长缨	lun gong huan yu qing chang ying	2
论心何必先同调	lun xin he bi xian tong diao	2
论画以形似	lun hua yi xing si	3
设酒杀鸡作食	she jiu sha ji zuo shi	4
访古一沾裳	fang gu yi zhan shang	2
访古始及平台间	fang gu shi ji ping tai jian	2
访戴天山道士不遇	fang dai tian shan dao shi bu yu	2
访旧半为鬼	fang jiu ban wei gui	4
词中有誓两心知	ci zhong you shi liang xin zhi	3
词客有灵应识我	ci ke you ling ying shi wo	2
词气浩纵横	ci qi hao zong heng	2
试上高楼清入骨	shi shang gao lou qing ru gu	4
试戴银旛判醉倒	shi dai yin fan pan zui dao	2
试灯无意思	shi deng wu yi si	3
试玉要烧三日满	shi yu yao shao san ri man	1
试看天下谁能敌	shi kan tian xia shui neng di	7
试看天地翻覆	shi kan tian di fan fu	3
试问卷帘人	shi wen juan lian ren	4
试问岭南应不好	shi wen ling nan ying bu hao	1
试问归程指斗杓	shi wen gui cheng zhi dou biao	2
试问池台主	shi wen chi tai zhu	2
试问闲愁都几许	shi wen xian chou du ji xu	2
诗书好在家四壁	shi shu hao zai jia si bi	2
诗人兴会更无前	shi ren xing hui geng wu qian	1
诗到随州更老成	shi dao sui zhou geng lao cheng	3
诗卷长留天地间	shi juan chang liu tian di jian	1
诗名满天下	shi ming man tian xia	2
诗家总爱西昆好	shi jia zong ai xi kun hao	2
诗家清景在新春	shi jia qing jing zai xin chun	1
诗成泣鬼神	shi cheng qi gui shen	4
诗是吾家事	shi shi wu jia shi	2
诗画本一律	shi hua ben yi lv	3
诗罢闻吴咏	shi ba wen wu yong	2
诗酒趁年华	shi jiu chen nian hua	20
诚既勇兮又以武	cheng ji yong xi you yi wu	6
诚知此恨人人有	cheng zhi ci hen ren ren you	3
诟索之而不得也	gou suo zhi er bu de ye	2
诡怪以疑民	gui guai yi yi min	3
语之所贵者	yu zhi suo gui zhe	2
语之而不惰者	yu zhi er bu duo zhe	2
语来江色暮	yu lai jiang se mu	2
语罢暮天钟	yu ba mu tian zhong	3
误入藕花深处	wu ru ou hua shen chu	2
误向惊凫吹	wu xiang jing fu chui	2
误落尘网中	wu luo chen wang zhong	1
说之虽不以道	shuo zhi sui bu yi dao	2
说尽平生意	shuo jin ping sheng yi	2
说尽心中无限事	shuo jin xin zhong wu xian shi	1
诵明月之诗	song ming yue zhi shi	2
请为父老歌	qing wei fu lao ge	4
请事斯语矣	qing shi si yu yi	2
请从吏夜归	qing cong li ye gui	3
请君为我侧耳听	qing jun wei wo ce er ting	2
请君暂上凌烟阁	qing jun zan shang ling yan ge	4
请君莫奏前朝曲	qing jun mo zou qian chao qu	3
请君试问东流水	qing jun shi wen dong liu shui	4
请奉盆缶秦王	qing feng pen fou qin wang	2
请看何处不如君	qing kan he chu bu ru jun	2
请看石上藤萝月	qing kan shi shang teng luo yue	3
请讲以所闻	qing jiang yi suo wen	2
诸侯加兵是无赵也	zhu hou jia bing shi wu zhao ye	2
诸侯尽西来	zhu hou jin xi lai	3
诸公碌碌皆余子	zhu gong lu lu jie yu zi	2
诸大夫皆曰可杀	zhu da fu jie yue ke sha	7
诸大夫皆曰贤	zhu da fu jie yue xian	2
诸葛大名垂宇宙	zhu ge da ming chui yu zhou	3
读书万卷不读律	du shu wan juan bu du lv	3
读书万卷始通神	du shu wan juan shi tong shen	1
读书有味身忘老	du shu you wei shen wang lao	3
读罢泪沾襟	du ba lei zhan jin	1
谁与共平生	shui yu gong ping sheng	2
谁为表予心	shui wei biao yu xin	4
谁人可相从	shui ren ke xiang cong	2
谁人得似张公子	shui ren de si zhang gong zi	2
谁人曾与评说	shui ren ceng yu ping shuo	1
谁令骑马客京华	shui ling qi ma ke jing hua	3
谁似浮云知进退	shui si fu yun zhi jin tui	2
谁作桓伊三弄	shui zuo huan yi san nong	2
谁向高楼横玉笛	shui xiang gao lou heng yu di	2
谁听呢喃语	shui ting ni nan yu	2
谁复挑灯夜补衣	shui fu tiao deng ye bu yi	2
谁复留君住	shui fu liu jun zhu	2
谁家今夜扁舟子	shui jia jin ye pian zhou zi	3
谁家女儿对门居	shui jia nv er dui men ju	2
谁家新燕啄春泥	shui jia xin yan zhuo chun ni	8
谁家玉笛暗飞声	shui jia yu di an fei sheng	3
谁家见月能闲坐	shui jia jian yue neng xian zuo	4
谁将春色来残堞	shui jiang chun se lai can die	2
谁念幽寒坐呜呃	shui nian you han zuo wu e	3
谁念西风独自凉	shui nian xi feng du zi liang	1
谁怜容足地	shui lian rong zu di	2
谁怜流落江湖上	shui lian liu luo jiang hu shang	3
谁悲失路之人	shui bei shi lu zhi ren	1
谁持彩练当空舞	shui chi cai lian dang kong wu	7
谁挥鞭策驱四运	shui hui bian ce qu si yun	2
谁敢横刀立马	shui gan heng dao li ma	6
谁欲讨莼羹	shui yu tao chun geng	3
谁知临老相逢日	shui zhi lin lao xiang feng ri	2
谁知恩爱重	shui zhi en ai zhong	2
谁知林栖者	shui zhi lin qi zhe	3
谁知盘中餐	shui zhi pan zhong can	2
谁知离别情	shui zhi li bie qing	2
谁知苍翠容	shui zhi cang cui rong	2
谁知闲凭阑干处	shui zhi xian ping lan gan chu	2
谁翻乐府凄凉曲	shui fan yue fu qi liang qu	3
谁能为此谋	shui neng wei ci mou	2
谁能久不顾	shui neng jiu bu gu	2
谁能绝人命	shui neng jue ren ming	2
谁见幽人独往来	shui jian you ren du wang lai	1
谁言寸草心	shui yan cun cao xin	9
谁识卧龙客	shui shi wo long ke	4
谁谓天地宽	shui wei tian di kuan	2
谁道人生无再少	shui dao ren sheng wu zai shao	1
谁道吾今无往还	shui dao wu jin wu wang huan	2
调瑟在张弦	tiao se zai zhang xian	2
谈空说有夜不眠	tan kong shuo you ye bu mian	2
谈笑凯歌还	tan xiao kai ge huan	6
谈笑无还期	tan xiao wu huan qi	4
谋身绮季长	mou shen qi ji chang	2
谏太宗十思疏	jian tai zong shi si shu	1
谓之义之徒	wei zhi yi zhi tu	2
谓之倒置之民	wei zhi dao zhi zhi min	2
谓其君不能者	wei qi jun bu neng zhe	2
谓吾忍舍汝而死	wei wu ren she ru er si	4
谓幽兰其不可佩	wei you lan qi bu ke pei	2
谗言三及慈母惊	chan yan san ji ci mu jing	3
谢公宿处今尚在	xie gong su chu jin shang zai	2
谢公最小偏怜女	xie gong zui xiao pian lian nv	2
谢公陈迹自难追	xie gong chen ji zi nan zhui	2
谢家轻絮沈郎钱	xie jia qing xu shen lang qian	3
谢郎东墅连春碧	xie lang dong shu lian chun bi	2
谣诼谓余以善淫	yao zhuo wei yu yi shan yin	4
谨使臣良奉白璧一双	jin shi chen liang feng bai bi yi shuang	2
谨守而勿失	jin shou er wu shi	2
谨庠序之教	jin xiang xu zhi jiao	1
谨拜表以闻	jin bai biao yi wen	3
谪居卧病浔阳城	zhe ju wo bing xun yang cheng	1
谷不可胜食也	gu bu ke sheng shi ye	4
谷与鱼鳖不可胜食	gu yu yu bie bu ke sheng shi	3
谷幽光未显	gu you guang wei xian	2
谷米与贤才	gu mi yu xian cai	2
豆在釜中泣	dou zai fu zhong qi	5
豆荚圆且小	dou jia yuan qie xiao	2
豆蔻梢头二月初	dou kou shao tou er yue chu	1
象罔乃可以得之乎	xiang wang nai ke yi de zhi hu	2
豪华尽出成功后	hao hua jin chu cheng gong hou	2
豪华落尽见真淳	hao hua luo jin jian zhen chun	3
豪士集新亭	hao shi ji xin ting	2
豪家沽酒长安陌	hao jia gu jiu chang an mo	2
豺狼尽冠缨	chai lang jin guan ying	2
豺狼得食喧	chai lang de shi xuan	2
貂冠水苍玉	diao guan shui cang yu	2
貂裘换酒也堪豪	diao qiu huan jiu ye kan hao	3
貌偷花色老暂去	mao tou hua se lao zan qu	2
貌恭而不心服	mao gong er bu xin fu	3
负命者上钩	fu ming zhe shang gou	2
负暄闭目坐	fu xuan bi mu zuo	3
财物无所取	cai wu wu suo qu	2
责家填门至	ze jia tian men zhi	2
贤哲不苟合	xian zhe bu gou he	2
贤圣既已饮	xian sheng ji yi yin	2
贤愚千载知谁是	xian yu qian zai zhi shui shi	3
贤者识其大者	xian zhe shi qi da zhe	3
质直而好义	zhi zhi er hao yi	3
质胜文则野	zhi sheng wen ze ye	6
贪看海蟾狂戏	tan kan hai chan kuang xi	2
贪看白鹭横秋浦	tan kan bai lu heng qiu pu	3
贫中无处可安贫	pin zhong wu chu ke an pin	3
贫中有等级	pin zhong you deng ji	2
贫居往往无烟火	pin ju wang wang wu yan huo	2
贫村才数家	pin cun cai shu jia	3
贫贱之知不可忘	pin jian zhi zhi bu ke wang	3
贫贱夫妻百事哀	pin jian fu qi bai shi ai	1
贯薜荔之落蕊	guan bi li zhi luo rui	2
贱妾何聊生	jian qie he liao sheng	3
贱妾留空房	jian qie liu kong fang	2
贱妾茕茕守空房	jian qie qiong qiong shou kong fang	2
贵人头上不曾饶	gui ren tou shang bu ceng rao	4
贵人皆怪怒	gui ren jie guai nu	2
贵贱不在己	gui jian bu zai ji	2
贼义者谓之残	zei yi zhe wei zhi can	2
贼仁者谓之贼	zei ren zhe wei zhi zei	2
贼其君者也	zei qi jun zhe ye	2
贼其民者也	zei qi min zhe ye	2
贼夫人之子	zei fu ren zhi zi	3
贾傅松醪酒	jia fu song lao jiu	2
贾氏窥帘韩掾少	jia shi kui lian han yuan shao	2
贾生才调更无伦	jia sheng cai diao geng wu lun	4
贾谊哭时事	jia yi ku shi shi	2
资此永幽栖	zi ci yong you qi	3
赋得古原草送别	fu de gu yuan cao song bie	5
赋诗必此诗	fu shi bi ci shi	2
赌书消得泼茶香	du shu xiao de po cha xiang	9
赏心乐事谁家院	shang xin le shi shui jia yuan	5
赏心亭为叶丞相赋	shang xin ting wei ye cheng xiang fu	2
赐也闻一以知二	ci ye wen yi yi zhi er	2
赐钱二百万	ci qian er bai wan	2
赖以拄其间	lai yi zhu qi jian	4
赖有明朝看潮在	lai you ming chao kan chao zai	2
赖有春风嫌寂寞	lai you chun feng xian ji mo	2
赠元六兄林宗	zeng yuan liu xiong lin zong	2
赠卫八处士	zeng wei ba chu shi	3
赠卫尉张卿二首	zeng wei wei zhang qing er shou	3
赠君一法决狐疑	zeng jun yi fa jue hu yi	2
赠君无语竹夫人	zeng jun wu yu zhu fu ren	2
赠妾双明珠	zeng qie shuang ming zhu	2
赠嵩山焦炼师	zeng song shan jiao lian shi	2
赠楚州郭使君	zeng chu zhou guo shi jun	2
赠白马王彪	zeng bai ma wang biao	1
赠黄山胡公求白鹇	zeng huang shan hu gong qiu bai xian	2
赢得仓皇北顾	ying de cang huang bei gu	1
赢得儿童语音好	ying de er tong yu yin hao	2
赢得满衣清泪	ying de man yi qing lei	2
赢得青楼薄幸名	ying de qing lou bo xing ming	4
赢粮而景从	ying liang er jing cong	3
赣水苍茫闽山碧	gan shui cang mang min shan bi	2
赣水那边红一角	gan shui na bian hong yi jiao	4
赣江风雪迷漫处	gan jiang feng xue mi man chu	3
赤也为之小	chi ye wei zhi xiao	3
赤亭多飘风	chi ting duo piao feng	2
赤叶枫林百舌鸣	chi ye feng lin bai she ming	2
赤壁楼船扫地空	chi bi lou chuan sao di kong	3
赤壁歌送别	chi bi ge song bie	1
赤橙黄绿青蓝紫	chi cheng huang lv qing lan zi	12
赤焰烧虏云	chi yan shao lu yun	2
赤髯碧眼老鲜卑	chi ran bi yan lao xian bei	2
赦书一日行万里	she shu yi ri xing wan li	2
赧郎明月夜	nan lang ming yue ye	3
走傍寒梅访消息	zou bang han mei fang xiao xi	2
走到打开的窗前	zou dao da kai de chuang qian	2
走遍溪头无觅处	zou bian xi tou wu mi chu	2
走马川行奉送出师西征	zou ma chuan xing feng song chu shi xi zheng	2
赵亦盛设兵以待秦	zhao yi sheng she bing yi dai qin	2
赵客缦胡缨	zhao ke man hu ying	3
赵惠文王十六年	zhao hui wen wang shi liu nian	2
赵惠文王时	zhao hui wen wang shi	2
赵王窃闻秦王善为秦声	zhao wang qie wen qin wang shan wei qin sheng	2
起坐弹鸣琴	qi zuo tan ming qin	2
起望衣冠神州路	qi wang yi guan shen zhou lu	2
起来慵整纤纤手	qi lai yong zheng xian xian shou	3
起来慵自梳头	qi lai yong zi shu tou	1
起看北斗斜	qi kan bei dou xie	2
起舞弄清影	qi wu nong qing ying	15
起舞徘徊风露下	qi wu pai huai feng lu xia	2
越中山色镜中看	yue zhong shan se jing zhong kan	2
越人语天姥	yue ren yu tian mu	3
越女天下白	yue nv tian xia bai	2
越山浑在浪花中	yue shan hun zai lang hua zhong	2
越山长青水长白	yue shan chang qing shui chang bai	2
越嶂远分丁字水	yue zhang yuan fen ding zi shui	3
越浦黄柑嫩	yue pu huang gan nen	2
越罗衫袂迎春风	yue luo shan mei ying chun feng	4
越鸟巢南枝	yue niao chao nan zhi	2
足下的土地	zu xia de tu di	5
足下蹑丝履	zu xia nie si lv	2
足以保四海	zu yi bao si hai	2
足以极视听之娱	zu yi ji shi ting zhi yu	2
足蒸暑土气	zu zheng shu tu qi	1
跃上葱笼四百旋	yue shang cong long si bai xuan	3
跃上葱茏四百旋	yue shang cong long si bai xuan	4
跨海斩长鲸	kua hai zhan chang jing	2
跪敷衽以陈辞兮	gui fu ren yi chen ci xi	3
路上人困蹇驴嘶	lu shang ren kun jian lv si	2
路上行人欲断魂	lu shang xing ren yu duan hun	9
路人借问遥招手	lu ren jie wen yao zhao shou	2
路幽昧以险隘	lu you mei yi xian ai	2
路曼曼其修远兮	lu man man qi xiu yuan xi	5
路有冻死骨	lu you dong si gu	8
路贯庐江兮	lu guan lu jiang xi	2
路转溪桥忽见	lu zhuan xi qiao hu xian	3
路远江深欲去难	lu yuan jiang shen yu qu nan	2
路远莫致之	lu yuan mo zhi zhi	3
路逢斗鸡者	lu feng dou ji zhe	3
路隘林深苔滑	lu ai lin shen tai hua	3
跳丸相趁走不住	tiao wan xiang chen zou bu zhu	2
跳波赴壑如奔雷	tiao bo fu he ru ben lei	2
踌躇而雁行	chou chu er yan xing	2
踏天磨刀割紫云	ta tian mo dao ge zi yun	2
踏遍青山人未老	ta bian qing shan ren wei lao	3
踏雪没心情	ta xue mei xin qing	3
踏青二三月	ta qing er san yue	3
踯躅南城隈	zhi zhu nan cheng wei	2
蹄可以践霜雪	ti ke yi jian shuang xue	2
蹄者所以在兔	ti zhe suo yi zai tu	2
蹇谁留兮中洲	jian shui liu xi zhong zhou	1
蹋藕野泥中	ta ou ye ni zhong	2
蹴尔而与之	cu er er yu zhi	5
身上衣裳口中食	shen shang yi shang kou zhong shi	4
身与货孰多	shen yu huo shu duo	3
身世浮沉雨打萍	shen shi fu chen yu da ping	1
身似何郎全傅粉	shen si he lang quan fu fen	2
身作医王心是药	shen zuo yi wang xin shi yao	2
身后有余忘缩手	shen hou you yu wang suo shou	5
身向榆关那畔行	shen xiang yu guan na pan xing	3
身在度鸟上	shen zai du niao shang	3
身多疾病思田里	shen duo ji bing si tian li	3
身如西瀼渡头云	shen ru xi rang du tou yun	2
身心转恬泰	shen xin zhuan tian tai	2
身无彩凤双飞翼	shen wu cai feng shuang fei yi	21
身既死兮神以灵	shen ji si xi shen yi ling	6
身病不能拜	shen bing bu neng bai	2
身登青云梯	shen deng qing yun ti	1
身经百战曾百胜	shen jing bai zhan ceng bai sheng	2
身行万里半天下	shen xing wan li ban tian xia	2
身闲不睹中兴盛	shen xian bu du zhong xing sheng	2
身闲当贵真天爵	shen xian dang gui zhen tian jue	2
躬耕于南阳	gong geng yu nan yang	4
輮使之然也	rou shi zhi ran ye	3
车轮与马迹	che lun yu ma ji	2
车错毂兮短兵接	che cuo gu xi duan bing jie	2
车马日盈门	che ma ri ying men	2
车马纷纷白昼同	che ma fen fen bai zhou tong	3
轩车动行色	xuan che dong xing se	2
轩车来何迟	xuan che lai he chi	2
转作乐府诗	zhuan zuo yue fu shi	2
转徙于江湖间	zhuan xi yu jiang hu jian	3
转益多师是汝师	zhuan yi duo shi shi ru shi	3
转蓬离本根	zhuan peng li ben gen	3
转蓬行地远	zhuan peng xing di yuan	3
转觉落笔难	zhuan jue luo bi nan	2
转轴拨弦三两声	zhuan zhou bo xian san liang sheng	2
轮台东门送君去	lun tai dong men song jun qu	3
轮台九月风夜吼	lun tai jiu yue feng ye hou	3
轮欹影促犹频望	lun qi ying cu you pin wang	2
软泥上的青荇	ruan ni shang de qing xing	3
软踏帘钩说	ruan ta lian gou shuo	2
轲峨大艑落帆来	ke e da bian luo fan lai	2
轻于柳絮重于霜	qing yu liu xu zhong yu shuang	1
轻抛一点入云去	qing pao yi dian ru yun qu	2
轻拢慢捻抹复挑	qing long man nian mo fu tiao	3
轻烟散入五侯家	qing yan san ru wu hou jia	4
轻红擘荔枝	qing hong bo li zhi	3
轻绡文彩不可识	qing xiao wen cai bu ke shi	2
轻罗小扇扑流萤	qing luo xiao shan pu liu ying	4
轻肌弱骨散幽葩	qing ji ruo gu san you pa	3
轻舟已过万重山	qing zhou yi guo wan chong shan	5
轻薄为文哂未休	qing bo wei wen shen wei xiu	1
轻薄桃花逐水流	qing bo tao hua zhu shui liu	3
轻衫细马春年少	qing shan xi ma chun nian shao	2
轻裾随风还	qing ju sui feng huan	3
轻轻柳絮点人衣	qing qing liu xu dian ren yi	2
轻轻的我走了	qing qing de wo zou le	28
轻颦双黛螺	qing pin shuang dai luo	1
载云旗之委蛇	zai yun qi zhi wei yi	3
载营魄抱一	zai ying po bao yi	2
辋川闲居赠裴秀才迪	wang chuan xian ju zeng pei xiu cai di	2
输赢须待局终头	shu ying xu dai ju zhong tou	2
辛勤三十日	xin qin san shi ri	2
辛夷车兮结桂旗	xin yi che xi jie gui qi	3
辛苦最怜天上月	xin ku zui lian tian shang yue	2
辛苦遭逢起一经	xin ku zao feng qi yi jing	1
辞山不忍听	ci shan bu ren ting	2
辨材须待七年期	bian cai xu dai qi nian qi	1
边城一片离索	bian cheng yi pian li suo	2
边城暮雨雁飞低	bian cheng mu yu yan fei di	2
达人无不可	da ren wu bu ke	3
迁者追回流者还	qian zhe zhui hui liu zhe huan	2
过了黄洋界	guo le huang yang jie	4
过则勿惮改	guo ze wu dan gai	1
过尽千帆皆不是	guo jin qian fan jie bu shi	4
过尽行人君不来	guo jin xing ren jun bu lai	3
过惠子之墓	guo hui zi zhi mu	2
过春风十里	guo chun feng shi li	7
过水穿楼触处明	guo shui chuan lou chu chu ming	2
过江千尺浪	guo jiang qian chi lang	3
过涧既厉急	guo jian ji li ji	2
过眼滔滔云共雾	guo yan tao tao yun gong wu	3
过雨开楼看晚虹	guo yu kai lou kan wan hong	2
迎春酒不空	ying chun jiu bu kong	2
迎笑天香满袖	ying xiao tian xiang man xiu	2
运移汉祚终难复	yun yi han zuo zhong nan fu	2
运筹帷幄之中	yun chou wei wo zhi zhong	4
近之则不逊	jin zhi ze bu xun	1
近乎卜祝之间	jin hu bu zhu zhi jian	2
近乡情更怯	jin xiang qing geng qie	12
近入千家散花竹	jin ru qian jia san hua zhu	2
近来人事半消磨	jin lai ren shi ban xiao mo	2
近来时世轻先辈	jin lai shi shi qing xian bei	3
近根开药圃	jin gen kai yao pu	2
近试上张水部	jin shi shang zhang shui bu	3
返景入深林	fan jing ru shen lin	1
还从物外起田园	huan cong wu wai qi tian yuan	4
还似旧时游上苑	huan si jiu shi you shang yuan	3
还君一掬泪	huan jun yi ju lei	2
还喜花开依旧数	huan xi hua kai yi jiu shu	2
还如一梦中	huan ru yi meng zhong	2
还如何逊在扬州	huan ru he xun zai yang zhou	2
还寝梦佳期	huan qin meng jia qi	2
还寻北郭生	huan xun bei guo sheng	3
还将两行泪	huan jiang liang xing lei	2
还将桃李更相宜	huan jiang tao li geng xiang yi	2
还将梦魂去	huan jiang meng hun qu	2
还应说着远行人	huan ying shuo zhe yuan xing ren	3
还应说著远行人	huan ying shuo zhuo yuan xing ren	2
还应酿老春	huan ying niang lao chun	2
还有江南风物否	hai you jiang nan feng wu fou	2
还望青山郭	huan wang qing shan guo	2
还期那可寻	huan qi na ke xun	2
还来就菊花	huan lai jiu ju hua	5
还知一勺可延龄	huan zhi yi shao ke yan ling	3
还赋谪仙诗	huan fu zhe xian shi	2
还道沧浪濯吾足	huan dao cang lang zhuo wu zu	2
还顾望旧乡	huan gu wang jiu xiang	2
这才是伟大的爱情	zhe cai shi wei da de ai qing	1
进德智所拙	jin de zhi suo zhuo	2
进退迹遂殊	jin tui ji sui shu	3
远上寒山石径斜	yuan shang han shan shi jing xie	10
远书归梦两悠悠	yuan shu gui meng liang you you	2
远似去年今日	yuan si qu nian jin ri	3
远则必忠之以言	yuan ze bi zhong zhi yi yan	5
远慰风雨夕	yuan wei feng yu xi	2
远放燕支山下	yuan fang yan zhi shan xia	2
远望青童童	yuan wang qing tong tong	2
远树暧阡阡	yuan shu ai qian qian	2
远游无处不消魂	yuan you wu chu bu xiao hun	2
远看方知出处高	yuan kan fang zhi chu chu gao	3
远芳侵古道	yuan fang qin gu dao	3
远行不劳吉日出	yuan xing bu lao ji ri chu	3
远路应悲春晼晚	yuan lu ying bei chun wan wan	2
远近高低各不同	yuan jin gao di ge bu tong	6
远随流水香	yuan sui liu shui xiang	2
远饷采薇客	yuan xiang cai wei ke	2
连之以羁絷	lian zhi yi ji zhi	2
连天浪静长鲸息	lian tian lang jing chang jing xi	5
连山晚照红	lian shan wan zhao hong	2
连无用之肉也	lian wu yong zhi rou ye	2
连翩击鞠壤	lian pian ji ju rang	2
连诸侯者次之	lian zhu hou zhe ci zhi	2
迟日江山丽	chi ri jiang shan li	4
迟日江山暮	chi ri jiang shan mu	2
迟迟归路赊	chi chi gui lu she	2
迟迟春日弄轻柔	chi chi chun ri nong qing rou	2
迟迟钟鼓初长夜	chi chi zhong gu chu chang ye	4
迢迢岁夜长	tiao tiao sui ye chang	2
迢迢建业水	tiao tiao jian ye shui	3
迢迢新秋夕	tiao tiao xin qiu xi	3
迢迢牵牛星	tiao tiao qian niu xing	2
迢迢白玉绳	tiao tiao bai yu sheng	2
迢迢见明星	tiao tiao jian ming xing	2
迢递三巴路	tiao di san ba lu	2
迥立向苍苍	jiong li xiang cang cang	4
迩来三月食无盐	er lai san yue shi wu yan	2
迫之如火煎	po zhi ru huo jian	2
迷不知吾所如	mi bu zhi wu suo ru	3
迷藏有旧楼	mi cang you jiu lou	2
迸水落遥空	beng shui luo yao kong	3
退而省其私	tui er xing qi si	2
退耕力不任	tui geng li bu ren	2
退衙归逼夜	tui ya gui bi ye	3
送东阳马生序	song dong yang ma sheng xu	3
送储邕之武昌	song chu yong zhi wu chang	3
送元二使安西	song yuan er shi an xi	5
送刘贡甫谪官衡阳	song liu gong fu zhe guan heng yang	3
送到咸阳见夕阳	song dao xian yang jian xi yang	2
送太昱禅师	song tai yu chan shi	2
送孟浩然之广陵	song meng hao ran zhi guang ling	1
送我至剡溪	song wo zhi shan xi	2
送李愿归盘谷序	song li yuan gui pan gu xu	3
送杜少府之任蜀州	song du shao fu zhi ren shu zhou	5
送祁录事归合州	song qi lu shi gui he zhou	2
送纵宇一郎东行	song zong yu yi lang dong xing	4
送行勿泣血	song xing wu qi xue	2
适与野情惬	shi yu ye qing qie	3
适与飘风会	shi yu piao feng hui	3
适冬之望日前后	shi dong zhi wang ri qian hou	4
逆旅人有妾二人	ni lv ren you qie er ren	3
逆旅小子对曰	ni lv xiao zi dui yue	3
逆胡未灭时多事	ni hu wei mie shi duo shi	2
逆随潮水到秦淮	ni sui chao shui dao qin huai	2
逍遥地上仙	xiao yao di shang xian	2
逍遥池阁凉	xiao yao chi ge liang	2
逐客无消息	zhu ke wu xiao xi	2
递相祖述复先谁	di xiang zu shu fu xian shui	2
通古今之变	tong gu jin zhi bian	2
逝将归去诛蓬蒿	shi jiang gui qu zhu peng hao	2
逝者如斯夫	shi zhe ru si fu	28
速在推心置人腹	su zai tui xin zhi ren fu	3
造化钟神秀	zao hua zhong shen xiu	15
造次必于是	zao ci bi yu shi	4
逢春不游乐	feng chun bu you le	5
逢草逢花报发生	feng cao feng hua bao fa sheng	5
逢郎欲语低头笑	feng lang yu yu di tou xiao	1
逢雪宿芙蓉山主人	feng xue su fu rong shan zhu ren	3
逶迤傍隈隩	wei yi bang wei yu	2
逶迤过千城	wei yi guo qian cheng	2
逸居而无教	yi ju er wu jiao	3
逸豫可以亡身	yi yu ke yi wang shen	1
遁辞知其所穷	dun ci zhi qi suo qiong	2
遂与外人间隔	sui yu wai ren jian ge	3
遂与尘事冥	sui yu chen shi ming	2
遂令天下父母心	sui ling tian xia fu mu xin	2
遂使貔虎士	sui shi pi hu shi	2
遂许先帝以驱驰	sui xu xian di yi qu chi	3
遇物难可歇	yu wu nan ke xie	3
遍历名山大川	bian li ming shan da chuan	2
遍地哀鸿满城血	bian di ai hong man cheng xue	2
遍地英雄下夕烟	bian di ying xiong xia xi yan	5
遍插茱萸少一人	bian cha zhu yu shao yi ren	6
遍海角天涯	bian hai jiao tian ya	7
遍绕篱边日渐斜	bian rao li bian ri jian xie	3
道之将废也与	dao zhi jiang fei ye yu	2
道之将行也与	dao zhi jiang xing ye yu	2
道亦乐得之	dao yi le de zhi	3
道傍榆荚仍似钱	dao bang yu jia reng si qian	2
道千乘之国	dao qian sheng zhi guo	4
道听而途说	dao ting er tu shuo	3
道因风雅存	dao yin feng ya cun	3
道固不小行	dao gu bu xiao xing	2
道孤还似我	dao gu hai si wo	2
道州忧黎庶	dao zhou you li shu	2
道常无为而无不为	dao chang wu wei er wu bu wei	3
道德三皇五帝	dao de san huang wu di	2
道德五千言	dao de wu qian yan	1
道是无情还有情	dao shi wu qing hai you qing	2
道是无晴却有晴	dao shi wu qing que you qing	8
道束悬崖半	dao shu xuan ya ban	3
道狭草木长	dao xia cao mu zhang	3
道芷阳间行	dao zhi yang jian xing	2
道行之而成	dao xing zhi er cheng	2
道路迢迢一月程	dao lu tiao tiao yi yue cheng	3
道路阻且长	dao lu zu qie chang	4
道非身外更何求	dao fei shen wai geng he qiu	3
遗恨失吞吴	yi hen shi tun wu	3
遗我双鲤鱼	yi wo shuang li yu	3
遗挂犹在壁	yi gua you zai bi	2
遗民泪尽胡尘里	yi min lei jin hu chen li	3
遗爱寺钟欹枕听	yi ai si zhong qi zhen ting	2
遗编一读想风标	yi bian yi du xiang feng biao	2
遗风成竞渡	yi feng cheng jing du	2
遣兴莫过诗	qian xing mo guo shi	2
遥寄海西头	yao ji hai xi tou	2
遥对岷山阳	yao dui min shan yang	2
遥岚破月悬	yao lan po yue xuan	2
遥怜小儿女	yao lian xiao er nv	3
遥想二十年前	yao xiang er shi nian qian	2
遥想公瑾当年	yao xiang gong jin dang nian	3
遥指红楼是妾家	yao zhi hong lou shi qie jia	3
遥望九华峰	yao wang jiu hua feng	3
遥望洞庭山水翠	yao wang dong ting shan shui cui	5
遥望洞庭山水色	yao wang dong ting shan shui se	4
遥望齐州九点烟	yao wang qi zhou jiu dian yan	3
遥看一处攒云树	yao kan yi chu cuan yun shu	2
遥看孟津河	yao kan meng jin he	2
遥看汉水鸭头绿	yao kan han shui ya tou lv	3
遥看瀑布挂前川	yao kan pu bu gua qian chuan	1
遥知不是雪	yao zhi bu shi xue	7
遥知兄弟登高处	yao zhi xiong di deng gao chu	3
遥知百国微茫外	yao zhi bai guo wei mang wai	3
遥知紫翠间	yao zhi zi cui jian	2
遥见飞尘入建章	yao jian fei chen ru jian zhang	2
遥遥至西荆	yao yao zhi xi jing	2
遨游四海求其皇	ao you si hai qiu qi huang	2
遭此两重阳	zao ci liang chong yang	3
遮掩春山滞上才	zhe yan chun shan zhi shang cai	2
遮莫姻亲连帝城	zhe mo yin qin lian di cheng	2
遵先王之法而过者	zun xian wang zhi fa er guo zhe	2
遵赤水而容与	zun chi shui er rong yu	2
避席畏闻文字狱	bi xi wei wen wen zi yu	4
邀我登云台	yao wo deng yun tai	2
邀我至田家	yao wo zhi tian jia	5
邂逅五湖乘兴往	xie hou wu hu cheng xing wang	3
邅吾道兮洞庭	zhan wu dao xi dong ting	1
邑人相将浮彩舟	yi ren xiang jiang fu cai zhou	2
邑有流亡愧俸钱	yi you liu wang kui feng qian	4
邓攸无子寻知命	deng you wu zi xun zhi ming	2
那人却在灯火阑珊处	na ren que zai deng huo lan shan chu	8
那堪更被明月	na kan geng bei ming yue	2
那堪正飘泊	na kan zheng piao bo	2
那将红豆寄无聊	na jiang hong dou ji wu liao	2
那日绣帘相见处	na ri xiu lian xiang jian chu	2
那河畔的金柳	na he pan de jin liu	3
那知鸡与豚	na zhi ji yu tun	2
邦以民为本	bang yi min wei ben	2
邦无道则可卷而怀之	bang wu dao ze ke juan er huai zhi	2
邦有道则仕	bang you dao ze shi	3
邦有道如矢	bang you dao ru shi	2
邪说暴行有作	xie shuo bao xing you zuo	2
邪辞知其所离	xie ci zhi qi suo li	2
邮亭寄人世	you ting ji ren shi	2
邯郸驿里逢冬至	han dan yi li feng dong zhi	3
邺侯藏书手不触	ye hou cang shu shou bu chu	2
邻人有美酒	lin ren you mei jiu	2
邻国之民不加少	lin guo zhi min bu jia shao	3
邻曲时时来	lin qu shi shi lai	3
邻里相送至方山	lin li xiang song zhi fang shan	3
郁孤台下清江水	yu gu tai xia qing jiang shui	3
郁郁乎文哉	yu yu hu wen zai	5
郁郁何所为	yu yu he suo wei	2
郁郁涧底松	yu yu jian di song	3
郁郁葱葱佳气浮	yu yu cong cong jia qi fu	3
郁金香是兰陵酒	yu jin xiang shi lan ling jiu	2
郁闭而不流	yu bi er bu liu	2
郎今欲渡缘何事	lang jin yu du yuan he shi	3
郎骑竹马来	lang qi zhu ma lai	3
郑伯克段于鄢	zheng bo ke duan yu yan	1
郡亭枕上看潮头	jun ting zhen shang kan chao tou	1
郢人垩慢其鼻端若蝇翼	ying ren e man qi bi duan ruo ying yi	2
郢人立不失容	ying ren li bu shi rong	3
郢路更参差	ying lu geng cen ci	2
郭外是黄河	guo wai shi huang he	2
郴江幸自绕郴山	chen jiang xing zi rao chen shan	4
都城已得长蛇尾	du cheng yi de chang she wei	2
都忘却春风词笔	du wang que chun feng ci bi	2
都把琴书污	du ba qin shu wu	2
都护铁衣冷难着	du hu tie yi leng nan zhuo	3
都是人间城郭	du shi ren jian cheng guo	3
都是横戈马上行	du shi heng ge ma shang xing	3
都缘自有离恨	du yuan zi you li hen	1
都门帐饮无绪	du men zhang yin wu xu	3
酌茗开静筵	zhuo ming kai jing yan	2
酌贪泉而觉爽	zhuo tan quan er jue shuang	2
酒不到刘伶坟上土	jiu bu dao liu ling fen shang tu	3
酒债寻常行处有	jiu zhai xun chang xing chu you	2
酒入琼姬半醉	jiu ru qiong ji ban zui	3
酒后猖狂诈作颠	jiu hou chang kuang zha zuo dian	2
酒后竞风采	jiu hou jing feng cai	2
酒客十数公	jiu ke shi shu gong	2
酒徒历历坐洲岛	jiu tu li li zuo zhou dao	2
酒意诗情谁与共	jiu yi shi qing shui yu gong	2
酒旗相望大堤头	jiu qi xiang wang da di tou	3
酒星不在天	jiu xing bu zai tian	4
酒泉太守席上醉后作	jiu quan tai shou xi shang zui hou zuo	2
酒瓮开新槽	jiu weng kai xin cao	3
酒贱常愁客少	jiu jian chang chou ke shao	2
酒酣夜别淮阴市	jiu han ye bie huai yin shi	2
酒酣耳热忘头白	jiu han er re wang tou bai	2
酒酣胸胆尚开张	jiu han xiong dan shang kai zhang	2
酒醉还来花下眠	jiu zui huan lai hua xia mian	1
酒醒却咨嗟	jiu xing que zi jie	2
酒醒只在花前坐	jiu xing zhi zai hua qian zuo	3
酒醒时往事愁肠	jiu xing shi wang shi chou chang	3
酬乐天咏老见示	chou le tian yong lao jian shi	2
酬张司马赠墨	chou zhang si ma zeng mo	3
酿之成美酒	niang zhi cheng mei jiu	2
酿成千顷稻花香	niang cheng qian qing dao hua xiang	2
醉不成欢惨将别	zui bu cheng huan can jiang bie	1
醉中往往爱逃禅	zui zhong wang wang ai tao chan	2
醉卧沙场君莫笑	zui wo sha chang jun mo xiao	6
醉后各分散	zui hou ge fen san	9
醉和金甲舞	zui he jin jia wu	2
醉得海棠无力	zui de hai tang wu li	2
醉时吐出胸中墨	zui shi tu chu xiong zhong mo	2
醉杀洞庭秋	zui sha dong ting qiu	3
醉眠秋共被	zui mian qiu gong bei	4
醉笑陪公三万场	zui xiao pei gong san wan chang	1
醉里且贪欢笑	zui li qie tan huan xiao	1
醉里吴音相媚好	zui li wu yin xiang mei hao	4
醉里得真如	zui li de zhen ru	2
醉里挑灯看剑	zui li tiao deng kan jian	6
醒时同交欢	xing shi tong jiao huan	6
采之欲遗谁	cai zhi yu yi shui	1
采得百花成蜜后	cai de bai hua cheng mi hou	4
采掇付中厨	cai duo fu zhong chu	3
采撷何匆匆	cai xie he cong cong	2
采桑子重阳	cai sang zi chong yang	2
采桑径里逢迎	cai sang jing li feng ying	3
采桑歧路间	cai sang qi lu jian	2
采芳洲兮杜若	cai fang zhou xi du ruo	2
采菊东篱下	cai ju dong li xia	29
采菱寒刺上	cai ling han ci shang	2
采薜荔兮水中	cai bi li xi shui zhong	2
采香行处蹙连钱	cai xiang xing chu cu lian qian	2
重上井冈山	chong shang jing gang shan	9
重上君子堂	chong shang jun zi tang	3
重与细论文	chong yu xi lun wen	3
重压林梢欲不胜	zhong ya lin shao yu bu sheng	2
重叠高低满小园	chong die gao di man xiao yuan	3
重是古帝魂	zhong shi gu di hun	2
重楼翠阜出霜晓	chong lou cui fu chu shuang xiao	3
重湖叠巘清嘉	chong hu die yan qing jia	3
重碧拈春酒	zhong bi nian chun jiu	3
重重叠叠上瑶台	chong chong die die shang yao tai	2
重门深锁无寻处	zhong men shen suo wu xun chu	2
重阳席上赋白菊	chong yang xi shang fu bai ju	2
野外庭前一种春	ye wai ting qian yi zhong chun	3
野径云俱黑	ye jing yun ju hei	2
野径行无伴	ye jing xing wu ban	3
野旷天低树	ye kuang tian di shu	3
野旷沙岸净	ye kuang sha an jing	3
野渡无人舟自横	ye du wu ren zhou zi heng	4
野老念牧童	ye lao nian mu tong	2
野色浩无主	ye se hao wu zhu	2
野花啼鸟亦欣然	ye hua ti niao yi xin ran	2
野芳发而幽香	ye fang fa er you xiang	1
野芳虽晚不须嗟	ye fang sui wan bu xu jie	3
野蔬充膳甘长藿	ye shu chong shan gan chang huo	2
野语有之曰	ye yu you zhi yue	3
量入以为出	liang ru yi wei chu	3
金与火交争	jin yu huo jiao zheng	2
金井梧桐秋叶黄	jin jing wu tong qiu ye huang	2
金光菊和女贞子的洪流	jin guang ju he nv zhen zi de hong liu	2
金凤银鹅各一丛	jin feng yin e ge yi cong	2
金吾不禁夜	jin wu bu jin ye	3
金声而玉德	jin sheng er yu de	3
金就砺则利	jin jiu li ze li	8
金山冉冉波涛雨	jin shan ran ran bo tao yu	2
金樽清酒斗十千	jin zun qing jiu dou shi qian	10
金沙水拍云崖暖	jin sha shui pai yun ya nuan	2
金炉次第添香兽	jin lu ci di tian xiang shou	2
金猴奋起千钧棒	jin hou fen qi qian jun bang	1
金窗夹绣户	jin chuang jia xiu hu	2
金窗绣户长相见	jin chuang xiu hu chang xiang jian	2
金縢功不刊	jin teng gong bu kan	2
金缕鹧鸪斑	jin lv zhe gu ban	1
金羁立马怯晨兴	jin ji li ma qie chen xing	2
金英翠萼带春寒	jin ying cui e dai chun han	3
金蝉玉柄俱持颐	jin chan yu bing ju chi yi	2
金谷时危悟惜才	jin gu shi wei wu xi cai	2
金谷风前舞柳枝	jin gu feng qian wu liu zhi	2
金车玉作轮	jin che yu zuo lun	2
金镀眼睛银帖齿	jin du yan jing yin tie chi	2
金陵凤凰台	jin ling feng huang tai	3
金陵城东谁家子	jin ling cheng dong shui jia zi	2
金陵王气黯然收	jin ling wang qi an ran shou	3
金陵白下亭留别	jin ling bai xia ting liu bie	2
金陵酒肆留别	jin ling jiu si liu bie	3
金陵风景好	jin ling feng jing hao	2
金霞昕昕渐东上	jin xia xin xin jian dong shang	2
金风玉露一相逢	jin feng yu lu yi xiang feng	11
金风玉露一相逢便	jin feng yu lu yi xiang feng bian	3
金骨既不毁	jin gu ji bu hui	2
鉴前世之兴衰	jian qian shi zhi xing shuai	4
鉴明则尘垢不止	jian ming ze chen gou bu zhi	2
鉴湖五月凉	jian hu wu yue liang	2
针线犹存未忍开	zhen xian you cun wei ren kai	2
钓台碧云中	diao tai bi yun zhong	2
钓罢归来不系船	diao ba gui lai bu xi chuan	1
钟声才定履声集	zhong sheng cai ding lv sheng ji	2
钟山只隔数重山	zhong shan zhi ge shu chong shan	4
钟山对北户	zhong shan dui bei hu	2
钟山风雨起苍黄	zhong shan feng yu qi cang huang	1
钟鸣鼎食之家	zhong ming ding shi zhi jia	1
钟鼓云乎哉	zhong gu yun hu zai	3
钟鼓楼中刻漏长	zhong gu lou zhong ke lou chang	2
钟鼓馔玉不足贵	zhong gu zhuan yu bu zu gui	7
钩帘归乳燕	gou lian gui ru yan	2
钱塘湖春行	qian tang hu chun xing	3
钱塘自古繁华	qian tang zi gu fan hua	6
钱财不积则贪者忧	qian cai bu ji ze tan zhe you	2
钴鉧潭西小丘记	gu mu tan xi xiao qiu ji	2
钿头银篦击节碎	dian tou yin bi ji jie sui	1
钿璎累累佩珊珊	dian ying lei lei pei shan shan	3
铁肩担道义	tie jian dan dao yi	4
铁马冰河入梦来	tie ma bing he ru meng lai	29
铁马秋风大散关	tie ma qiu feng da san guan	2
铁骑突出刀枪鸣	tie qi tu chu dao qiang ming	1
铃阁无声公吏归	ling ge wu sheng gong li gui	2
铜剪黄金涂	tong jian huang jin tu	2
铜缾煮露华	tong ping zhu lu hua	2
铜雀春深锁二乔	tong que chun shen suo er qiao	5
铜驼夜来哭	tong tuo ye lai ku	2
铜鼓一击文身踊	tong gu yi ji wen shen yong	3
铠甲生虮虱	kai jia sheng ji shi	2
铭勋悉太公	ming xun xi tai gong	3
银床淅沥青梧老	yin chuang xi li qing wu lao	2
银汉无声转玉盘	yin han wu sheng zhuan yu pan	1
银汉秋期万古同	yin han qiu qi wan gu tong	3
银汉迢迢暗度	yin han tiao tiao an du	5
银河倒列星	yin he dao lie xing	2
银河倒挂三石梁	yin he dao gua san shi liang	2
银灯点旧纱	yin deng dian jiu sha	2
银烛秋光冷画屏	yin zhu qiu guang leng hua ping	6
银瓶乍破水浆迸	yin ping zha po shui jiang beng	2
银章破在腰	yin zhang po zai yao	2
银蹄白踏烟	yin ti bai ta yan	2
银鞍照白马	yin an zhao bai ma	1
银鞍白马度春风	yin an bai ma du chun feng	2
铸以为金人十二	zhu yi wei jin ren shi er	2
铺床拂席置羹饭	pu chuang fu xi zhi geng fan	2
铺田绿茸茸	pu tian lv rong rong	3
锄禾日当午	chu he ri dang wu	9
锋棱瘦骨成	feng leng shou gu cheng	3
锦城丝管日纷纷	jin cheng si guan ri fen fen	3
锦城虽云乐	jin cheng sui yun le	2
锦官城外柏森森	jin guan cheng wai bai sen sen	4
锦带休惊雁	jin dai xiu jing yan	2
锦水南山影	jin shui nan shan ying	2
锦江春色来天地	jin jiang chun se lai tian di	4
锦瑟无端五十弦	jin se wu duan wu shi xian	10
锦缆龙舟隋炀帝	jin lan long zhou sui yang di	2
锦里开芳宴	jin li kai fang yan	3
镂金作胜传荆俗	lou jin zuo sheng chuan jing su	4
镇之以无名之朴	zhen zhi yi wu ming zhi pu	2
镜中衰鬓已先斑	jing zhong shuai bin yi xian ban	2
镜湖三百里	jing hu san bai li	3
长于春梦几多时	chang yu chun meng ji duo shi	2
长亭酒一瓢	chang ting jiu yi piao	1
长使英雄泪沾襟	chang shi ying xiong lei zhan jin	1
长使英雄泪满襟	chang shi ying xiong lei man jin	4
长吁望青云	chang xu wang qing yun	2
长向别离中	chang xiang bie li zhong	2
长吟愁鬓斑	chang yin chou bin ban	3
长吟望浊泾	chang yin wang zhuo jing	3
长命无绝衰	chang ming wu jue shuai	4
长啸气若兰	chang xiao qi ruo lan	2
长夏江村事事幽	chang xia jiang cun shi shi you	5
长夏门前欲暮春	chang xia men qian yu mu chun	2
长夜沾湿何由彻	chang ye zhan shi he you che	3
长夜难明赤县天	chang ye nan ming chi xian tian	4
长太息以掩涕兮	chang tai xi yi yan ti xi	7
长安一片月	chang an yi pian yue	4
长安不见使人愁	chang an bu jian shi ren chou	1
长安回望绣成堆	chang an hui wang xiu cheng dui	1
长安在日边	chang an zai ri bian	2
长安城中百万家	chang an cheng zhong bai wan jia	3
长安大道横九天	chang an da dao heng jiu tian	3
长安大道连狭斜	chang an da dao lian xia xie	3
长安尘染坐禅衣	chang an chen ran zuo chan yi	2
长安市上酒家眠	chang an shi shang jiu jia mian	8
长安水边多丽人	chang an shui bian duo li ren	6
长安陌上无穷树	chang an mo shang wu qiong shu	3
长岛人歌动地诗	chang dao ren ge dong di shi	4
长川泻落月	chang chuan xie luo yue	2
长年悲倦游	chang nian bei juan you	3
长征不是难堪日	chang zheng bu shi nan kan ri	3
长怀贾傅井依然	chang huai jia fu jing yi ran	3
长恨人心不如水	chang hen ren xin bu ru shui	6
长恨春归无觅处	chang hen chun gui wu mi chu	4
长恨此身非我有	chang hen ci shen fei wo you	1
长无绝兮终古	chang wu jue xi zhong gu	3
长日惟消一局棋	chang ri wei xiao yi ju qi	2
长桥不肯蹑	chang qiao bu ken nie	2
长歌吟松风	chang ge yin song feng	2
长歌怀采薇	chang ge huai cai wei	3
长此镇吴京	chang ci zhen wu jing	2
长江万里清	chang jiang wan li qing	2
长江不肯向西流	chang jiang bu ken xiang xi liu	3
长江不见鱼书至	chang jiang bu jian yu shu zhi	2
长江悲已滞	chang jiang bei yi zhi	5
长江绕郭知鱼美	chang jiang rao guo zhi yu mei	3
长沙千人万人出	chang sha qian ren wan ren chu	2
长沙过贾谊宅	chang sha guo jia yi zhai	4
长沙马王堆汉墓	chang sha ma wang dui han mu	5
长河落日圆	chang he luo ri yuan	8
长溪流水碧潺潺	chang xi liu shui bi chan chan	2
长烟落日孤城闭	chang yan luo ri gu cheng bi	1
长生久视之道	chang sheng jiu shi zhi dao	2
长看天西万叠青	chang kan tian xi wan die qing	3
长空雁叫霜晨月	chang kong yan jiao shuang chen yue	6
长笑灵均不知命	chang xiao ling jun bu zhi ming	2
长绳百尺拽碑倒	chang sheng bai chi zhuai bei dao	3
长羡蜗牛犹有舍	chang xian wo niu you you she	3
长者不为有余	zhang zhe bu wei you yu	3
长而无述焉	chang er wu shu yan	2
长被花牵不自胜	chang bei hua qian bu zi sheng	2
长记平山堂上	chang ji ping shan tang shang	2
长记曾携手处	chang ji ceng xie shou chu	2
长路漫浩浩	chang lu man hao hao	2
长逝入君怀	chang shi ru jun huai	1
长铗归来乎	chang jia gui lai hu	3
长门尽日无梳洗	chang men jin ri wu shu xi	2
长风万里送秋雁	chang feng wan li song qiu yan	3
长风几万里	chang feng ji wan li	2
长风破浪会有时	chang feng po lang hui you shi	7
长飙风中自来往	chang biao feng zhong zi lai wang	2
长鸣力已殚	chang ming li yi dan	3
门人厚葬之	men ren hou zang zhi	2
门人欲厚葬之	men ren yu hou zang zhi	2
门前万竿竹	men qian wan gan zhu	3
门前冷落车马稀	men qian leng luo che ma xi	2
门前冷落鞍马稀	men qian leng luo an ma xi	4
门前可罗雀	men qian ke luo que	2
门前壮士气如云	men qian zhuang shi qi ru yun	2
门前有流水	men qian you liu shui	2
门前流水尚能西	men qian liu shui shang neng xi	4
门前秋水可扬舲	men qian qiu shui ke yang ling	1
门前迟行迹	men qian chi xing ji	4
门前风景雨来佳	men qian feng jing yu lai jia	3
门听长者车	men ting zhang zhe che	2
门外白袍如立鹄	men wai bai pao ru li hu	2
门外草萋萋	men wai cao qi qi	2
门外韩擒虎	men wai han qin hu	2
门对浙江潮	men dui zhe jiang chao	1
门径俯清溪	men jing fu qing xi	2
门泊东吴万里船	men bo dong wu wan li chuan	13
门生故吏知多少	men sheng gu li zhi duo shao	2
门虽设而常关	men sui she er chang guan	3
闭户不能出	bi hu bu neng chu	3
闭门不敢出	bi men bu gan chu	2
闭门锄菜伴园丁	bi men chu cai ban yuan ding	2
问世间情是何物	wen shi jian qing shi he wu	5
问人于他邦	wen ren yu ta bang	2
问今是何世	wen jin shi he shi	3
问以经济策	wen yi jing ji ce	2
问余何意栖碧山	wen yu he yi qi bi shan	1
问君何能尔	wen jun he neng er	6
问天天不应	wen tian tian bu ying	2
问女何所忆	wen nv he suo yi	1
问女何所思	wen nv he suo si	1
问姓惊初见	wen xing jing chu jian	2
问客何为来	wen ke he wei lai	2
问征夫以前路	wen zheng fu yi qian lu	3
问我来何方	wen wo lai he fang	1
问柳寻花到野亭	wen liu xun hua dao ye ting	2
问渠哪得清如许	wen qu na de qing ru xu	2
问渠那得清如许	wen qu na de qing ru xu	5
问禅不契前三语	wen chan bu qi qian san yu	2
问翁大庾岭头住	wen weng da yu ling tou zhu	3
问苍茫大地	wen cang mang da di	7
问苍茫天地	wen cang mang tian di	2
问言与谁餐	wen yan yu shei can	2
问讯吴刚何所有	wen xun wu gang he suo you	4
问院落凄凉	wen yuan luo qi liang	2
闲与仙人扫落花	xian yu xian ren sao luo hua	2
闲云潭影日悠悠	xian yun tan ying ri you you	4
闲人亦非訾	xian ren yi fei zi	2
闲坐夜明月	xian zuo ye ming yue	2
闲坐悲君亦自悲	xian zuo bei jun yi zi bei	3
闲坐说玄宗	xian zuo shuo xuan zong	1
闲居三十载	xian ju san shi zai	2
闲居非吾志	xian ju fei wu zhi	3
闲引鸳鸯香径里	xian yin yuan yang xiang jing li	2
闲愁如飞雪	xian chou ru fei xue	2
闲折两枝持在手	xian zhe liang zhi chi zai shou	3
闲抱琵琶寻	xian bao pi pa xun	2
闲教玉笼鹦鹉念郎诗	xian jiao yu long ying wu nian lang shi	2
闲敲棋子落灯花	xian qiao qi zi luo deng hua	7
闲来垂钓碧溪上	xian lai chui diao bi xi shang	4
闲来无事不从容	xian lai wu shi bu cong rong	3
闲看儿童捉柳花	xian kan er tong zhuo liu hua	2
闲知日月长	xian zhi ri yue chang	3
闲花淡淡春	xian hua dan dan chun	2
闲花落地听无声	xian hua luo di ting wu sheng	4
间关莺语花底滑	jian guan ying yu hua di hua	5
间道归应速	jian dao gui ying su	2
闹市不知春色处	nao shi bu zhi chun se chu	2
闻义不能徙	wen yi bu neng xi	4
闻余大言皆冷笑	wen yu da yan jie leng xiao	2
闻君有两意	wen jun you liang yi	2
闻君有他心	wen jun you ta xin	3
闻君话我为官在	wen jun hua wo wei guan zai	2
闻多素心人	wen duo su xin ren	2
闻大王有意督过之	wen da wang you yi du guo zhi	2
闻官军收河南河北	wen guan jun shou he nan he bei	5
闻弦歌之声	wen xian ge zhi sheng	2
闻有国有家者	wen you guo you jia zhe	4
闻歌始觉有人来	wen ge shi jue you ren lai	4
闻汝依山寺	wen ru yi shan si	3
闻王昌龄左迁龙标	wen wang chang ling zuo qian long biao	4
闻琴泪尽欲如何	wen qin lei jin yu ru he	2
闻蝉但益悲	wen chan dan yi bei	2
闻诛一夫纣矣	wen zhu yi fu zhou yi	4
闻说双溪春尚好	wen shuo shuang xi chun shang hao	4
闻说鸡鸣见日升	wen shuo ji ming jian ri sheng	3
闻道偏为五禽戏	wen dao pian wei wu qin xi	3
闻道寻源使	wen dao xun yuan shi	2
闻道春还未相识	wen dao chun huan wei xiang shi	2
闻道有先后	wen dao you xian hou	1
闻道梅花坼晓风	wen dao mei hua che xiao feng	2
闻道欲来相问讯	wen dao yu lai xiang wen xun	2
闻道汉家天子使	wen dao han jia tian zi shi	3
闻道神仙不可接	wen dao shen xian bu ke jie	2
闻道长安似弈棋	wen dao chang an si yi qi	2
闻道龙标过五溪	wen dao long biao guo wu xi	3
闻郎江上唱歌声	wen lang jiang shang chang ge sheng	2
闻风坐相悦	wen feng zuo xiang yue	3
阁下灯前梦	ge xia deng qian meng	3
阁中帝子今何在	ge zhong di zi jin he zai	1
阅人如阅川	yue ren ru yue chuan	2
阅尽人间春色	yue jin ren jian chun se	6
阆中胜事可肠断	lang zhong sheng shi ke chang duan	2
阆州城南天下稀	lang zhou cheng nan tian xia xi	2
阖闾城碧铺秋草	he lv cheng bi pu qiu cao	2
阮籍哭路岐	ruan ji ku lu qi	2
防愁预恶春	fang chou yu e chun	2
防范胜于救灾	fang fan sheng yu jiu zai	8
阳台碧峭十二峰	yang tai bi qiao shi er feng	2
阳子问其故	yang zi wen qi gu	3
阳崖射朝日	yang ya she zhao ri	2
阳春一曲和皆难	yang chun yi qu he jie nan	2
阳春二三月	yang chun er san yue	3
阳春布德泽	yang chun bu de ze	6
阳景逐回流	yang jing zhu hui liu	3
阳月南飞雁	yang yue nan fei yan	2
阳骄叶更阴	yang jiao ye geng yin	3
阴交夏木繁	yin jiao xia mu fan	2
阴晴众壑殊	yin qing zhong he shu	2
阴阳割昏晓	yin yang ge hun xiao	4
阴阴夏木啭黄鹂	yin yin xia mu zhuan huang li	1
阴霞生远岫	yin xia sheng yuan xiu	3
阵图开向陇山东	zhen tu kai xiang long shan dong	2
阵阵腥风自吹散	zhen zhen xing feng zi chui san	2
阵马檐间铁	zhen ma yan jian tie	2
阶上簸钱阶下走	jie shang bo qian jie xia zou	2
陆机二十作文赋	lu ji er shi zuo wen fu	2
陇上羊归塞草烟	long shang yang gui sai cao yan	2
陇馔有熊腊	long zhuan you xiong la	3
陈王昔时宴平乐	chen wang xi shi yan ping le	2
陌上尧樽倾北斗	mo shang yao zun qing bei dou	2
陌上看花人	mo shang kan hua ren	2
陌上蒙蒙残絮飞	mo shang meng meng can xu fei	2
陌上赠美人	mo shang zeng mei ren	3
陌头杨柳黄金色	mo tou yang liu huang jin se	2
降省下土四方	jiang xing xia tu si fang	2
陟升皇之赫戏兮	zhi sheng huang zhi he xi xi	3
陟岳麓峰头	zhi yue lu feng tou	3
除却巫山不是云	chu que wu shan bu shi yun	46
除夜寄微之	chu ye ji wei zhi	2
除非己莫为	chu fei ji mo wei	25
险处不须看	xian chu bu xu kan	4
陵与卫律之罪上通于天	ling yu wei lv zhi zui shang tong yu tian	2
陶令不知何处去	tao ling bu zhi he chu qu	1
陶尽门前土	tao jin men qian tu	3
陶然共忘机	tao ran gong wang ji	3
隆冬到来时	long dong dao lai shi	3
随人作计终后人	sui ren zuo ji zhong hou ren	5
随君直到夜郎西	sui jun zhi dao ye lang xi	4
随富随贫且欢乐	sui fu sui pin qie huan le	2
随山望菌阁	sui shan wang jun ge	2
随意春芳歇	sui yi chun fang xie	1
随旗簇晚沙	sui qi cu wan sha	2
随着中华民族的	sui zhe zhong hua min zu de	6
随风满地石乱走	sui feng man di shi luan zou	4
随风潜入夜	sui feng qian ru ye	15
随风直到夜郎西	sui feng zhi dao ye lang xi	2
随香遍满东南	sui xiang bian man dong nan	2
隐几熟眠开北牖	yin ji shu mian kai bei you	2
隐几香一炷	yin ji xiang yi zhu	2
隐居以求其志	yin ju yi qiu qi zhi	3
隐思君兮陫侧	yin si jun xi fei ce	1
隐患险于明火	yin huan xian yu ming huo	7
隐者自怡悦	yin zhe zi yi yue	2
隐隐笙歌处处随	yin yin sheng ge chu chu sui	2
隐隐飞桥隔野烟	yin yin fei qiao ge ye yan	2
隔叶黄鹂空好音	ge ye huang li kong hao yin	3
隔在远远乡	ge zai yuan yuan xiang	2
隔墙送过秋千影	ge qiang song guo qiu qian ying	3
隔岸风声狂带雨	ge an feng sheng kuang dai yu	3
隔水疑神仙	ge shui yi shen xian	2
隔水问樵夫	ge shui wen qiao fu	2
隔江犹唱后庭花	ge jiang you chang hou ting hua	5
隔溪猿哭瘴溪藤	ge xi yuan ku zhang xi teng	2
隔花啼鸟唤行人	ge hua ti niao huan xing ren	2
障泥未解玉骢骄	zhang ni wei jie yu cong jiao	2
隳突乎南北	hui tu hu nan bei	5
难与并为仁矣	nan yu bing wei ren yi	2
难乎有恒矣	nan hu you heng yi	2
难可与等期	nan ke yu deng qi	2
难得有心郎	nan de you xin lang	1
难更与人同	nan geng yu ren tong	3
难罔以非其道	nan wang yi fei qi dao	3
雁声远过潇湘去	yan sheng yuan guo xiao xiang qu	2
雁引愁心去	yan yin chou xin qu	2
雁点青天字一行	yan dian qing tian zi yi xing	7
雁门太守行	yan men tai shou xing	4
雄兔脚扑朔	xiong tu jiao pu shuo	1
雄关漫道真如铁	xiong guan man dao zhen ru tie	10
雄笔映千古	xiong bi ying qian gu	2
雄雄半空出	xiong xiong ban kong chu	2
雄飞雌从绕林间	xiong fei ci cong rao lin jian	2
雄鸡一声天下白	xiong ji yi sheng tian xia bai	5
集中惟觉祭文多	ji zhong wei jue ji wen duo	2
集芙蓉以为裳	ji fu rong yi wei chang	4
集重阳入帝宫兮	ji chong yang ru di gong xi	3
雉从梁上飞	zhi cong liang shang fei	2
雉兔者往焉	zhi tu zhe wang yan	2
雉雊麦苗秀	zhi gou mai miao xiu	3
雌兔眼迷离	ci tu yan mi li	3
雌雄空中鸣	ci xiong kong zhong ming	2
雍也可使南面	yong ye ke shi nan mian	2
雏凤清于老凤声	chu feng qing yu lao feng sheng	7
雕栏玉砌应犹在	diao lan yu qi ying you zai	2
雕眄青云睡眼开	diao mian qing yun shui yan kai	3
雕虫蒙记忆	diao chong meng ji yi	2
雨中山果落	yu zhong shan guo luo	3
雨中春树万人家	yu zhong chun shu wan ren jia	2
雨中登岳阳楼望君山	yu zhong deng yue yang lou wang jun shan	2
雨从青野上山来	yu cong qing ye shang shan lai	4
雨势来不已	yu shi lai bu yi	2
雨后却斜阳	yu hou que xie yang	2
雨后复斜阳	yu hou fu xie yang	4
雨如决河倾	yu ru jue he qing	4
雨打梨花深闭门	yu da li hua shen bi men	3
雨打风吹去	yu da feng chui qu	7
雨晴至江渡	yu qing zhi jiang du	2
雨横风狂三月暮	yu heng feng kuang san yue mu	1
雨歇杨林东渡头	yu xie yang lin dong du tou	2
雨洗东坡月色清	yu xi dong po yue se qing	1
雨洗娟娟净	yu xi juan juan jing	3
雨滴梧桐山馆秋	yu di wu tong shan guan qiu	2
雨脚如麻未断绝	yu jiao ru ma wei duan jue	3
雨色秋来寒	yu se qiu lai han	3
雨色风吹去	yu se feng chui qu	2
雨落不上天	yu luo bu shang tian	2
雨蓑烟笠事春耕	yu suo yan li shi chun geng	2
雨足郊原草木柔	yu zu jiao yuan cao mu rou	3
雨过河源隔座看	yu guo he yuan ge zuo kan	2
雨送黄昏花易落	yu song huang hun hua yi luo	2
雨里鸡鸣一两家	yu li ji ming yi liang jia	2
雨馀钟鼓更清新	yu yu zhong gu geng qing xin	2
雪上空留马行处	xue shang kong liu ma xing chu	7
雪入春分省见稀	xue ru chun fen xing jian xi	3
雪却输梅一段香	xue que shu mei yi duan xiang	5
雪压低还举	xue ya di huan ju	2
雪压冬云白絮飞	xue ya dong yun bai xu fei	3
雪堂风雨夜	xue tang feng yu ye	2
雪堆遍满四山中	xue dui bian man si shan zhong	3
雪尽马蹄轻	xue jin ma ti qing	2
雪拥蓝关马不前	xue yong lan guan ma bu qian	1
雪晴云淡日光寒	xue qing yun dan ri guang han	3
雪消门外千山绿	xue xiao men wai qian shan lv	4
雪白河豚不药人	xue bai he tun bu yao ren	2
雪肤花貌参差是	xue fu hua mao cen ci shi	2
雪胸鸾镜里	xue xiong luan jing li	2
雪花大如手	xue hua da ru shou	2
雪花照芙蓉	xue hua zhao fu rong	3
雪花酒上灭	xue hua jiu shang mie	2
雪里行军情更迫	xue li xing jun qing geng po	3
雪颈霜毛红网掌	xue jing shuang mao hong wang zhang	2
雪飞炎海变清凉	xue fei yan hai bian qing liang	3
零丁洋里叹零丁	ling ding yang li tan ling ding	1
零落匪所思	ling luo fei suo si	2
零落归山丘	ling luo gui shan qiu	2
零落成泥碾作尘	ling luo cheng ni nian zuo chen	7
零陵城郭夹湘岸	ling ling cheng guo jia xiang an	3
雷作百山动	lei zuo bai shan dong	2
雷填填兮雨冥冥	lei tian tian xi yu ming ming	2
雷腾不可冲	lei teng bu ke chong	3
雷霆走精锐	lei ting zou jing rui	3
雷鼓动山川	lei gu dong shan chuan	2
雾满龙冈千嶂暗	wu man long gang qian zhang an	4
霁光浮瓦碧参差	ji guang fu wa bi cen ci	2
霓为衣兮风为马	ni wei yi xi feng wei ma	1
霓衣不湿雨	ni yi bu shi yu	2
霓裳一曲千峰上	ni chang yi qu qian feng shang	2
霓裳曳广带	ni chang ye guang dai	2
霜严衣带断	shuang yan yi dai duan	2
霜刃未曾试	shuang ren wei ceng shi	3
霜叶红于二月花	shuang ye hong yu er yue hua	35
霜江夜清澄	shuang jiang ye qing cheng	2
霜落熊升树	shuang luo xiong sheng shu	3
霜重鼓寒声不起	shuang zhong gu han sheng bu qi	2
霜降山水清	shuang jiang shan shui qing	3
霞照波心锦裹山	xia zhao bo xin jin guo shan	2
露从今夜白	lu cong jin ye bai	8
露寒人远鸡相应	lu han ren yuan ji xiang ying	2
露涤铅粉节	lu di qian fen jie	3
露白月微明	lu bai yue wei ming	2
露重飞难进	lu zhong fei nan jin	3
露顶洒松风	lu ding sa song feng	3
霸必有大国	ba bi you da guo	3
霹雳一声暴动	pi li yi sheng bao dong	3
青云年少子	qing yun nian shao zi	2
青云衣兮白霓裳	qing yun yi xi bai ni chang	3
青云路上未相逢	qing yun lu shang wei xiang feng	2
青天削出金芙蓉	qing tian xue chu jin fu rong	3
青天垂玉钩	qing tian chui yu gou	2
青天无片云	qing tian wu pian yun	2
青天有月来几时	qing tian you yue lai ji shi	3
青天白日摧紫荆	qing tian bai ri cui zi jing	2
青女素娥俱耐冷	qing nv su e ju nai leng	3
青娥递舞应争妙	qing e di wu ying zheng miao	2
青山一发是中原	qing shan yi fa shi zhong yuan	2
青山一道同云雨	qing shan yi dao tong yun yu	4
青山万里一孤舟	qing shan wan li yi gu zhou	2
青山依旧在	qing shan yi jiu zai	13
青山如浪入漳州	qing shan ru lang ru zhang zhou	3
青山无数逐人来	qing shan wu shu zhu ren lai	2
青山有幸埋忠骨	qing shan you xing mai zhong gu	7
青山横北郭	qing shan heng bei guo	13
青山欲共高人语	qing shan yu gong gao ren yu	3
青山犹哭声	qing shan you ku sheng	2
青山着意化为桥	qing shan zhuo yi hua wei qiao	2
青山绿水共为邻	qing shan lv shui gong wei lin	4
青山缭绕疑无路	qing shan liao rao yi wu lu	1
青山行不尽	qing shan xing bu jin	3
青山遮不住	qing shan zhe bu zhu	12
青山郭外斜	qing shan guo wai xie	1
青山隐隐水迢迢	qing shan yin yin shui tiao tiao	5
青归柳叶新	qing gui liu ye xin	2
青旗沽酒趁梨花	qing qi gu jiu chen li hua	3
青春不再来	qing chun bu zai lai	3
青春作伴好还乡	qing chun zuo ban hao huan xiang	6
青春已过乱离中	qing chun yi guo luan li zhong	2
青春犹无私	qing chun you wu si	2
青春留不住	qing chun liu bu zhu	17
青春都一饷	qing chun dou yi xiang	2
青春须早为	qing chun xu zao wei	1
青松傲骨定如山	qing song ao gu ding ru shan	3
青松合抱手亲栽	qing song he bao shou qin zai	2
青枫浦上不胜愁	qing feng pu shang bu sheng chou	2
青柳槛前梢	qing liu jian qian shao	2
青梅如豆柳如眉	qing mei ru dou liu ru mei	4
青楼扑酒旗	qing lou pu jiu qi	2
青泥何盘盘	qing ni he pan pan	1
青海长云暗雪山	qing hai chang yun an xue shan	4
青眼望中穿	qing yan wang zhong chuan	2
青箬裹盐归峒客	qing ruo guo yan gui dong ke	2
青罗裙带展新蒲	qing luo qun dai zhan xin pu	2
青苔地上消残暑	qing tai di shang xiao can shu	2
青苔满阶砌	qing tai man jie qi	2
青草池塘处处蛙	qing cao chi tang chu chu wa	6
青荷莲子杂衣香	qing he lian zi za yi xiang	2
青萝拂行衣	qing luo fu xing yi	1
青蒿黄韭试春盘	qing hao huang jiu shi chun pan	4
青虫不易捕	qing chong bu yi bu	2
青蝇侧翅蚤虱避	qing ying ce chi zao shi bi	2
青衫老更斥	qing shan lao geng chi	2
青陵台畔日光斜	qing ling tai pan ri guang xie	2
青雀黄龙之舳	qing que huang long zhi zhu	2
青霭入看无	qing ai ru kan wu	1
青青嘉蔬色	qing qing jia shu se	2
青青园中葵	qing qing yuan zhong kui	5
青青河畔草	qing qing he pan cao	3
青鸟殷勤为探看	qing niao yin qin wei tan kan	6
青龙见朝暾	qing long jian zhao tun	2
静一而不变	jing yi er bu bian	2
静听松风寒	jing ting song feng han	3
静拂琴床席	jing fu qin chuang xi	2
静者心多妙	jing zhe xin duo miao	3
非不说子之道	fei bu shuo zi zhi dao	2
非世俗之所服	fei shi su zhi suo fu	3
非为织作迟	fei wei zhi zuo chi	2
非义袭而取之也	fei yi xi er qu zhi ye	3
非人磨墨墨磨人	fei ren mo mo mo mo ren	2
非以其无私邪	fei yi qi wu si xie	2
非伏其身而弗见也	fei fu qi shen er fu jian ye	2
非其鬼而祭之	fei qi gui er ji zhi	3
非君子之器	fei jun zi zhi qi	3
非国之害也	fei guo zhi hai ye	3
非国之灾也	fei guo zhi zai ye	3
非夫人之为恸而谁为	fei fu ren zhi wei tong er shei wei	3
非尔所及也	fei er suo ji ye	2
非徒无形也	fei tu wu xing ye	2
非徒无生也	fei tu wu sheng ye	2
非德也而可长久者	fei de ye er ke chang jiu zhe	2
非恶其声而然也	fei wu qi sheng er ran ye	3
非昔之隐机者也	fei xi zhi yin ji zhe ye	2
非是藉秋风	fei shi jie qiu feng	6
非梧桐不止	fei wu tong bu zhi	2
非死者难也	fei si zhe nan ye	2
非独贤者有是心也	fei du xian zhe you shi xin ye	2
非琴不是筝	fei qin bu shi zheng	3
非练实不食	fei lian shi bu shi	3
非藏其知而不发也	fei cang qi zhi er bu fa ye	2
非蛇鳝之穴无可寄托者	fei she shan zhi xue wu ke ji tuo zhe	2
非诸侯而何	fei zhu hou er he	2
非谓其见彼也	fei wei qi jian bi ye	3
非谓有乔木之谓也	fei wei you qiao mu zhi wei ye	3
非谢家之宝树	fei xie jia zhi bao shu	2
非轩冕之谓也	fei xuan mian zhi wei ye	2
非醴泉不饮	fei li quan bu yin	2
非钩无察也	fei gou wu cha ye	2
非闭其言而不出也	fei bi qi yan er bu chu ye	2
非鬼非人意其仙	fei gui fei ren yi qi xian	2
面脆油香新出炉	mian cui you xiang xin chu lu	3
革命生涯都说好	ge ming sheng ya dou shuo hao	2
鞍马四边开	an ma si bian kai	2
韦平外族贤	wei ping wai zu xian	2
韩冬郎即席为诗相送	han dong lang ji xi wei shi xiang song	2
音响一何悲	yin xiang yi he bei	2
音尘慰寂蔑	yin chen wei ji mie	3
项伯东向坐	xiang bo dong xiang zuo	3
项伯乃夜驰之沛公军	xiang bo nai ye chi zhi pei gong jun	2
项伯亦拔剑起舞	xiang bo yi ba jian qi wu	2
项伯即入见沛公	xiang bo ji ru jian pei gong	2
项庄拔剑起舞	xiang zhuang ba jian qi wu	2
项王使都尉陈平召沛公	xiang wang shi du wei chen ping zhao pei gong	2
项王军在鸿门下	xiang wang jun zai hong men xia	2
项王则受璧	xiang wang ze shou bi	2
项王即日因留沛公与饮	xiang wang ji ri yin liu pei gong yu yin	2
项王按剑而跽曰	xiang wang an jian er ji yue	2
项王未有以应	xiang wang wei you yi ying	2
项王默然不应	xiang wang mo ran bu ying	2
项羽兵四十万	xiang yu bing si shi wan	2
项羽大怒曰	xiang yu da nu yue	2
项羽季父也	xiang yu ji fu ye	2
顺流而东行	shun liu er dong xing	2
须信杨家佳丽种	xu xin yang jia jia li zhong	2
须富贵何时	xu fu gui he shi	2
须得垂杨相发挥	xu de chui yang xiang fa hui	2
须臾却入海门去	xu yu que ru hai men qu	2
须臾发成丝	xu yu fa cheng si	3
须臾扫尽数千张	xu yu sao jin shu qian zhang	2
须臾鹤发乱如丝	xu yu he fa luan ru si	1
须行即骑访名山	xu xing ji qi fang ming shan	4
顾我无衣搜荩箧	gu wo wu yi sou jin qie	2
顾谓从者曰	gu wei cong zhe yue	2
顿觉夜寒无	dun jue ye han wu	2
顿顿食黄鱼	dun dun shi huang yu	2
颁白者不负戴于道路矣	ban bai zhe bu fu dai yu dao lu yi	4
预将书报家	yu jiang shu bao jia	3
预恐明朝雨坏墙	yu kong ming zhao yu huai qiang	2
预拂青山一片石	yu fu qing shan yi pian shi	2
领异标新二月花	ling yi biao xin er yue hua	6
颇有余衣食	po you yu yi shi	2
颇闻列仙人	po wen lie xian ren	2
颗颗真珠雨	ke ke zhen zhu yu	2
题八功德水	ti ba gong de shui	2
题山石榴花	ti shan shi liu hua	2
题扬州禅智寺	ti yang zhou chan zhi si	2
题李凝幽居	ti li ning you ju	2
题池州弄水亭	ti chi zhou nong shui ting	2
题破山寺后禅院	ti po shan si hou chan yuan	1
题诗寄与水曹郎	ti shi ji yu shui cao lang	4
题诗芭蕉滑	ti shi ba jiao hua	2
题都城南庄	ti du cheng nan zhuang	4
题金城临河驿楼	ti jin cheng lin he yi lou	3
颜渊喟然叹曰	yan yuan kui ran tan yue	2
颜渊第十二	yan yuan di shi er	3
颠倒不自知	dian dao bu zi zhi	2
颠坑仆谷相枕藉	dian keng pu gu xiang zhen jie	2
颠沛必于是	dian pei bi yu shi	4
颠连直接东溟	dian lian zhi jie dong ming	3
风严清江爽	feng yan qing jiang shuang	3
风之积也不厚	feng zhi ji ye bu hou	1
风住尘香花已尽	feng zhu chen xiang hua yi jin	1
风俗如狂重此时	feng su ru kuang zhong ci shi	2
风光不与四时同	feng guang bu yu si shi tong	5
风光和暖胜三秦	feng guang he nuan sheng san qin	2
风光烟火清明日	feng guang yan huo qing ming ri	3
风入四蹄轻	feng ru si ti qing	3
风前横笛斜吹雨	feng qian heng di xie chui yu	2
风前欲劝春光住	feng qian yu quan chun guang zhu	2
风动护花铃	feng dong hu hua ling	2
风劲角弓鸣	feng jing jiao gong ming	2
风卷红旗过大关	feng juan hong qi guo da guan	4
风吹仙袂飘飖举	feng chui xian mei piao yao ju	2
风吹仙袂飘飘举	feng chui xian mei piao piao ju	3
风吹旷野纸钱飞	feng chui kuang ye zhi qian fei	3
风吹柳花满店香	feng chui liu hua man dian xiang	2
风吹细细香	feng chui xi xi xiang	3
风吹花片片	feng chui hua pian pian	3
风吹草低见牛羊	feng chui cao di xian niu yang	1
风吹西复东	feng chui xi fu dong	2
风味可解壮士颜	feng wei ke jie zhuang shi yan	2
风和闻马嘶	feng he wen ma si	4
风声一何盛	feng sheng yi he sheng	3
风多响易沉	feng duo xiang yi chen	3
风头如刀面如割	feng tou ru dao mian ru ge	3
风如拔山怒	feng ru ba shan nu	3
风尘三尺剑	feng chen san chi jian	3
风展红旗如画	feng zhan hong qi ru hua	6
风急天高猿啸哀	feng ji tian gao yuan xiao ai	4
风掣红旗冻不翻	feng che hong qi dong bu fan	1
风摇青玉枝	feng yao qing yu zhi	3
风日似长沙	feng ri si chang sha	3
风日晴和人意好	feng ri qing he ren yi hao	2
风景旧曾谙	feng jing jiu ceng an	15
风景触乡愁	feng jing chu xiang chou	2
风景这边独好	feng jing zhe bian du hao	19
风暖鸟声碎	feng nuan niao sheng sui	2
风枝露叶如新采	feng zhi lu ye ru xin cai	2
风正一帆悬	feng zheng yi fan xuan	3
风水春来洞庭阔	feng shui chun lai dong ting kuo	2
风波不信菱枝弱	feng bo bu xin ling zhi ruo	2
风波浩难止	feng bo hao nan zhi	2
风流儒雅亦吾师	feng liu ru ya yi wu shi	3
风流天下闻	feng liu tian xia wen	2
风流总被雨打风吹去	feng liu zong bei yu da feng chui qu	6
风流澹作妆	feng liu dan zuo zhuang	2
风浪与云平	feng lang yu yun ping	3
风清新叶影	feng qing xin ye ying	2
风烟含越鸟	feng yan han yue niao	2
风烟望五津	feng yan wang wu jin	1
风烟滚滚来天半	feng yan gun gun lai tian ban	3
风物长宜放眼量	feng wu chang yi fang yan liang	4
风紧云轻欲变秋	feng jin yun qing yu bian qiu	2
风细柳斜斜	feng xi liu xie xie	2
风翻火焰欲烧人	feng fan huo yan yu shao ren	2
风翻白浪花千片	feng fan bai lang hua qian pian	7
风花时傍马头飞	feng hua shi bang ma tou fei	2
风花飞有态	feng hua fei you tai	2
风萧萧兮易水寒	feng xiao xiao xi yi shui han	38
风起绿洲吹浪去	feng qi lv zhou chui lang qu	4
风雨不动安如山	feng yu bu dong an ru shan	2
风雨晚来方定	feng yu wan lai fang ding	2
风雨晴时春已空	feng yu qing shi chun yi kong	2
风雨正苍苍	feng yu zheng cang cang	2
风雨萧萧已断魂	feng yu xiao xiao yi duan hun	2
风雨送春归	feng yu song chun gui	7
风雪夜归人	feng xue ye gui ren	16
风霜其奈何	feng shuang qi nai he	2
风韵雍容未甚都	feng yun yong rong wei shen du	2
风飘万点正愁人	feng piao wan dian zheng chou ren	3
风飘飘而吹衣	feng piao piao er chui yi	5
风驰又已到钱塘	feng chi you yi dao qian tang	2
风骨自是倾城姝	feng gu zi shi qing cheng shu	3
风骨超常伦	feng gu chao chang lun	2
风鸣两岸叶	feng ming liang an ye	2
飒如松起籁	sa ru song qi lai	2
飒尔凉风吹	sa er liang feng chui	2
飒沓如流星	sa ta ru liu xing	1
飒爽英姿五尺枪	sa shuang ying zi wu chi qiang	4
飒飒东风细雨来	sa sa dong feng xi yu lai	2
飒飒如有人	sa sa ru you ren	2
飘似鹤翻空	piao si he fan kong	2
飘如陌上尘	piao ru mo shang chen	2
飘拂升天行	piao fu sheng tian xing	2
飘然思不群	piao ran si bu qun	3
飘然转旋回雪轻	piao ran zhuan xuan hui xue qing	2
飘逸的宇宙观	piao yi de yu zhou guan	2
飘零君不知	piao ling jun bu zhi	2
飘零酒一杯	piao ling jiu yi bei	2
飘飖兮若流风之回雪	piao yao xi ruo liu feng zhi hui xue	3
飘飘乎如遗世独立	piao piao hu ru yi shi du li	2
飘飘何所似	piao piao he suo si	2
飘飘青琐郎	piao piao qing suo lang	2
飞云当面化龙蛇	fei yun dang mian hua long she	2
飞入君家彩屏里	fei ru jun jia cai ping li	2
飞入寻常百姓家	fei ru xun chang bai xing jia	9
飞入菜花无处寻	fei ru cai hua wu chu xun	4
飞出深深杨柳渚	fei chu shen shen yang liu zhu	3
飞动摧霹雳	fei dong cui pi li	2
飞在白云端	fei zai bai yun duan	2
飞在青云端	fei zai qing yun duan	4
飞将军自重霄入	fei jiang jun zi zhong xiao ru	3
飞扬跋扈为谁雄	fei yang ba hu wei shui xiong	3
飞来山上千寻塔	fei lai shan shang qian xun ta	2
飞来峰上千寻塔	fei lai feng shang qian xun ta	3
飞来飞去落谁家	fei lai fei qu luo shui jia	2
飞梯绿云中	fei ti lv yun zhong	2
飞步登云车	fei bu deng yun che	2
飞流溅沫知多少	fei liu jian mo zhi duo shao	3
飞流直下三千尺	fei liu zhi xia san qian chi	37
飞焰照山栖鸟惊	fei yan zhao shan qi niao jing	3
飞盖入秦庭	fei gai ru qin ting	2
飞腾暮景斜	fei teng mu jing xie	2
飞蓬各自远	fei peng ge zi yuan	2
飞蝗来时半天黑	fei huang lai shi ban tian hei	3
飞起玉龙三百万	fei qi yu long san bai wan	1
飞车跨山鹘横海	fei che kua shan hu heng hai	2
飞镜又重磨	fei jing you chong mo	3
飞雨动华屋	fei yu dong hua wu	2
飞雪似杨花	fei xue si yang hua	2
飞雪迎春到	fei xue ying chun dao	8
飞飙拂灵帐	fei biao fu ling zhang	2
飞鸟没何处	fei niao mo he chu	2
飞鸟相与还	fei niao xiang yu huan	5
飞鸣声念群	fei ming sheng nian qun	2
飞龙兮翩翩	fei long xi pian pian	1
飞龙引二首	fei long yin er shou	2
食之不能尽其材	shi zhi bu neng jin qi cai	4
食枣大如瓜	shi zao da ru gua	2
食罢一觉睡	shi ba yi jiao shui	2
饥者易为食	ji zhe yi wei shi	3
饥餐天上雪	ji can tian shang xue	2
饭煮青泥坊底芹	fan zhu qing ni fang di qin	2
饮不过一瓢	yin bu guo yi piao	2
饮其流者怀其源	yin qi liu zhe huai qi yuan	6
饮冰复食蘖	yin bing fu shi nie	3
饮如长鲸吸百川	yin ru chang jing xi bai chuan	2
饮湖上初晴后雨	yin hu shang chu qing hou yu	1
饮茶粤海未能忘	yin cha yue hai wei neng wang	5
饮酣视八极	yin han shi ba ji	2
饮马长城窟	yin ma chang cheng ku	2
饱吃惠州饭	bao chi hui zhou fan	2
饶是少年须白头	rao shi shao nian xu bai tou	2
饿于首阳之下	e yu shou yang zhi xia	2
饿虎不食子	e hu bu shi zi	2
饿走半九州	e zou ban jiu zhou	2
馁在其中矣	nei zai qi zhong yi	2
首夏犹清和	shou xia you qing he	3
首身离兮心不惩	shou shen li xi xin bu cheng	3
香在无寻处	xiang zai wu xun chu	2
香山楼北畅师房	xiang shan lou bei chang shi fang	2
香山避暑二绝	xiang shan bi shu er jue	2
香开酒库门	xiang kai jiu ku men	2
香径得泥归	xiang jing de ni gui	2
香汗薄衫凉	xiang han bo shan liang	2
香炉峰雪拨帘看	xiang lu feng xue bo lian kan	2
香稻啄余鹦鹉粒	xiang dao zhuo yu ying wu li	3
香罗叠雪轻	xiang luo die xue qing	2
香脸半开娇旖旎	xiang lian ban kai jiao yi ni	2
香色蔚其饛	xiang se wei qi meng	2
香雾云鬟湿	xiang wu yun huan shi	3
香风留美人	xiang feng liu mei ren	3
馨香盈怀袖	xin xiang ying huai xiu	3
马上相逢无纸笔	ma shang xiang feng wu zhi bi	5
马之千里者	ma zhi qian li zhe	3
马之死者十二三矣	ma zhi si zhe shi er san yi	2
马乳带轻霜	ma ru dai qing shuang	2
马作的卢飞快	ma zuo di lu fei kuai	4
马前已被红旗引	ma qian yi bei hong qi yin	2
马前惆怅满枝红	ma qian chou chang man zhi hong	2
马嘶人语长亭白	ma si ren yu chang ting bai	2
马嵬坡下泥土中	ma wei po xia ni tu zhong	3
马思边草拳毛动	ma si bian cao quan mao dong	3
马毛带雪汗气蒸	ma mao dai xue han qi zheng	3
马穿山径菊初黄	ma chuan shan jing ju chu huang	2
马踏春泥半是花	ma ta chun ni ban shi hua	2
马蹄经雨不沾尘	ma ti jing yu bu zhan chen	2
马骄偏避幰	ma jiao pian bi xian	4
马鸣风萧萧	ma ming feng xiao xiao	5
马齿叶亦繁	ma chi ye yi fan	2
驰骋天下之至坚	chi cheng tian xia zhi zhi jian	2
驱倭棠吉归	qu wo tang ji gui	1
驱车上东门	qu che shang dong men	3
驱车登古原	qu che deng gu yuan	4
驱马出关门	qu ma chu guan men	2
驷玉虬以桀鹥兮	si yu qiu yi jie yi xi	3
驽马恋栈豆	nu ma lian zhan dou	2
驾八龙之婉婉兮	jia ba long zhi wan wan xi	3
驾着一叶孤舟	jia zhe yi ye gu zhou	2
驾长车踏破	jia chang che ta po	4
驾飞龙兮北征	jia fei long xi bei zheng	1
驾鸿凌紫冥	jia hong ling zi ming	2
驿外断桥边	yi wai duan qiao bian	1
驿骑如星流	yi qi ru xing liu	3
骁腾有如此	xiao teng you ru ci	1
骄阳化为霖	jiao yang hua wei lin	2
骈死于槽枥之间	pian si yu cao li zhi jian	4
骊宫高处入青云	li gong gao chu ru qing yun	3
骊山北构而西折	li shan bei gou er xi zhe	3
骊山语罢清宵半	li shan yu ba qing xiao ban	5
骏马骄行踏落花	jun ma jiao xing ta luo hua	3
骑牛远远过前村	qi niu yuan yuan guo qian cun	2
骓不逝兮可奈何	zhui bu shi xi ke nai he	2
骗了无涯过客	pian liao wu ya guo ke	2
骚人可煞无情思	sao ren ke sha wu qing si	3
骞翮思远翥	qian he si yuan zhu	3
骤雨不终日	zhou yu bu zhong ri	5
骤雨打新荷	zhou yu da xin he	2
骤雨松声入鼎来	zhou yu song sheng ru ding lai	2
骥不称其力	ji bu chen qi li	3
骥子最怜渠	ji zi zui lian qu	2
骨气乃有老松格	gu qi nai you lao song ge	2
骨肉流离道路中	gu rou liu li dao lu zhong	3
高丘怀宋玉	gao qiu huai song yu	2
高举振六翮	gao ju zhen liu he	2
高以下为基	gao yi xia wei ji	1
高低顺过风	gao di shun guo feng	2
高卧沙丘城	gao wo sha qiu cheng	2
高台西北望	gao tai xi bei wang	3
高城秋自落	gao cheng qiu zi luo	3
高堂明镜悲白发	gao tang ming jing bei bai fa	1
高处连玉京	gao chu lian yu jing	2
高天滚滚寒流急	gao tian gun gun han liu ji	6
高山仰豪气	gao shan yang hao qi	2
高山安可仰	gao shan an ke yang	2
高山拥县青	gao shan yong xian qing	2
高岑殊缓步	gao cen shu huan bu	2
高峡出平湖	gao xia chu ping hu	1
高怀见物理	gao huai jian wu li	3
高情已逐晓云空	gao qing yi zhu xiao yun kong	3
高意犹未已	gao yi you wei yi	3
高揖卫叔卿	gao yi wei shu qing	2
高树多悲风	gao shu duo bei feng	2
高楼当此夜	gao lou dang ci ye	1
高楼歌酒换离颜	gao lou ge jiu huan li yan	2
高楼红袖客纷纷	gao lou hong xiu ke fen fen	3
高渐离击筑	gao jian li ji zhu	3
高秋爽气相鲜新	gao qiu shuang qi xiang xian xin	3
高第良将怯如鸡	gao di liang jiang qie ru ji	4
高自毫末始	gao zi hao mo shi	3
高路入云端	gao lu ru yun duan	5
高阁晨开扫翠微	gao ge chen kai sao cui wei	2
高高入云霓	gao gao ru yun ni	2
高高秋月照长城	gao gao qiu yue zhao chang cheng	2
高髻云鬟宫样妆	gao ji yun huan gong yang zhuang	2
鬓丝几缕茶烟里	bin si ji lv cha yan li	2
鬓云欲度香腮雪	bin yun yu du xiang sai xue	1
鬓发各已苍	bin fa ge yi cang	3
鬼雨洒空草	gui yu sa kong cao	3
魂一夕而九逝	hun yi xi er jiu shi	2
魂去尸长留	hun qu shi chang liu	2
魂魄不曾来入梦	hun po bu ceng lai ru meng	2
魂魄毅兮为鬼雄	hun po yi xi wei gui xiong	6
魏不能信用	wei bu neng xin yong	2
魏官牵车指千里	wei guan qian che zhi qian li	2
魏明帝青龙元年八月	wei ming di qing long yuan nian ba yue	2
魑魅喜人过	chi mei xi ren guo	1
鱼儿相逐尚相欢	yu er xiang zhu shang xiang huan	2
鱼复移居心力省	yu fu yi ju xin li sheng	2
鱼戏新荷动	yu xi xin he dong	2
鱼戏水知春	yu xi shui zhi chun	2
鱼戏莲叶东	yu xi lian ye dong	1
鱼戏莲叶北	yu xi lian ye bei	4
鱼戏莲叶南	yu xi lian ye nan	4
鱼戏莲叶西	yu xi lian ye xi	4
鱼戏莲叶间	yu xi lian ye jian	2
鱼我所欲也	yu wo suo yu ye	4
鱼盐聚为市	yu yan ju wei shi	2
鱼相与处于陆	yu xiang yu chu yu lu	4
鱼相忘乎江湖	yu xiang wang hu jiang hu	2
鱼羹稻饭常餐也	yu geng dao fan chang can ye	2
鱼虾以为粮	yu xia yi wei liang	2
鱼见之深入	yu jian zhi shen ru	2
鱼馁而肉败	yu nei er rou bai	4
鱼鳖不可胜食也	yu bie bu ke sheng shi ye	1
鱼鳞屋兮龙堂	yu lin wu xi long tang	3
鱼龙听梵声	yu long ting fan sheng	2
鱼龙寂寞秋江冷	yu long ji mo qiu jiang leng	2
鱼龙潜跃水成文	yu long qian yue shui cheng wen	2
鲁人为长府	lu ren wei chang fu	2
鲁人重织作	lu ren zhong zhi zuo	2
鲁侯有忧色	lu hou you you se	2
鲁叟谈五经	lu sou tan wu jing	2
鲁女东窗下	lu nv dong chuang xia	2
鲁有兀者叔山无趾	lu you wu zhe shu shan wu zhi	2
鲁酒不可醉	lu jiu bu ke zui	2
鲈肥菰脆调羹美	lu fei gu cui tiao geng mei	2
鲛人潜织水底居	jiao ren qian zhi shui di ju	2
鲤趋而过庭	li qu er guo ting	2
鲤退而学礼	li tui er xue li	2
鲤退而学诗	li tui er xue shi	2
鲲鹏击浪从兹始	kun peng ji lang cong zi shi	3
鲲鹏水击三千里	kun peng shui ji san qian li	4
鳞皴皮似松	lin cun pi si song	2
鳞鳞居大厦	lin lin ju da sha	3
鸟中之曾参	niao zhong zhi zeng shen	2
鸟临窗语报天晴	niao lin chuang yu bao tian qing	2
鸟倦飞而知还	niao juan fei er zhi huan	1
鸟去天路长	niao qu tian lu chang	2
鸟去鸟来山色里	niao qu niao lai shan se li	3
鸟宿池边树	niao su chi bian shu	5
鸟宿芦花里	niao su lu hua li	3
鸟度屏风里	niao du ping feng li	4
鸟散余花落	niao san yu hua luo	2
鸟次兮屋上	niao ci xi wu shang	2
鸟污苔侵文字残	niao wu tai qin wen zi can	2
鸟没夕阳天	niao mo xi yang tian	2
鸟见之高飞	niao jian zhi gao fei	2
鸟遭罗弋尽哀鸣	niao zao luo yi jin ai ming	2
鸟飞反故乡兮	niao fei fan gu xiang xi	4
鸟鸣山更幽	niao ming shan geng you	8
鸟鹊之巢可攀援而窥	niao que zhi chao ke pan yuan er kui	2
鸠眠高柳日方融	jiu mian gao liu ri fang rong	2
鸡声茅店月	ji sheng mao dian yue	4
鸡犬图书共一船	ji quan tu shu gong yi chuan	3
鸡犬声相闻	ji quan sheng xiang wen	4
鸡犬相和汉古村	ji quan xiang he han gu cun	2
鸡豚狗彘之畜	ji tun gou zhi zhi chu	4
鸡骇乍开笼	ji hai zha kai long	4
鸡鸣入机织	ji ming ru ji zhi	2
鸡鸣刷燕晡秣越	ji ming shua yan bu mo yue	2
鸡鸣外欲曙	ji ming wai yu shu	2
鸡鸣无安居	ji ming wu an ju	3
鸡鸣桑树颠	ji ming sang shu dian	6
鸡鸭成群晚不收	ji ya cheng qun wan bu shou	2
鸢飞戾天者	yuan fei li tian zhe	3
鸣之而不能通其意	ming zhi er bu neng tong qi yi	4
鸣鸡一声唱	ming ji yi sheng chang	2
鸭头春水浓如染	ya tou chun shui nong ru ran	2
鸳鸯不独宿	yuan yang bu du su	1
鸳鸯独宿何曾惯	yuan yang du su he ceng guan	2
鸳鸯相对浴红衣	yuan yang xiang dui yu hong yi	2
鸾刀缕切空纷纶	luan dao lv qie kong fen lun	2
鸿雁几时到	hong yan ji shi dao	3
鸿雁欲南飞	hong yan yu nan fei	2
鸿雁连群地亦寒	hong yan lian qun di yi han	2
鸿雁长飞光不度	hong yan chang fei guang bu du	2
鸿飞那复计东西	hong fei na fu ji dong xi	2
鹅湖归病起作	e hu gui bing qi zuo	2
鹊声穿树喜新晴	que sheng chuan shu xi xin qing	1
鹤笼开处见君子	he long kai chu jian jun zi	2
鹤骨霜髯心已灰	he gu shuang ran xin yi hui	2
鹤鸣于九皋	he ming yu jiu gao	1
鹦鹉啄金桃	ying wu zhuo jin tao	2
鹧鸪惊鸣绕篱落	zhe gu jing ming rao li luo	2
鹪鹩巢于深林	jiao liao chao yu shen lin	3
鹳鹤追飞静	guan he zhui fei jing	2
麋何食兮庭中	mi he shi xi ting zhong	2
麋鹿见之决骤	mi lu jian zhi jue zhou	2
麝香眠石竹	she xiang mian shi zhu	2
麦熟村村捣麦香	mai shu cun cun dao mai xiang	2
麦花雪白菜花稀	mai hua xue bai cai hua xi	3
麻衣如雪一枝梅	ma yi ru xue yi zhi mei	2
麻鞋见天子	ma xie jian tian zi	3
黄云万里动风色	huang yun wan li dong feng se	3
黄印额山轻为尘	huang yin e shan qing wei chen	2
黄口无饱期	huang kou wu bao qi	2
黄四娘家花满蹊	huang si niang jia hua man qi	2
黄夹缬林寒有叶	huang jia xie lin han you ye	2
黄姑织女时相见	huang gu zhi nv shi xiang jian	2
黄山四千仞	huang shan si qian ren	4
黄州寒食诗帖	huang zhou han shi shi tie	3
黄州快哉亭记	huang zhou kuai zai ting ji	1
黄州新建小竹楼记	huang zhou xin jian xiao zhu lou ji	2
黄帝游乎赤水之北	huang di you hu chi shui zhi bei	2
黄昏到寺蝙蝠飞	huang hun dao si bian fu fei	2
黄昏饮马傍交河	huang hun yin ma bang jiao he	3
黄柑紫蟹见江海	huang gan zi xie jian jiang hai	3
黄梅时节家家雨	huang mei shi jie jia jia yu	1
黄沙百战穿金甲	huang sha bai zhan chuan jin jia	1
黄河万里触山动	huang he wan li chu shan dong	3
黄河东流流不息	huang he dong liu liu bu xi	2
黄河之水天上来	huang he zhi shui tian shang lai	20
黄河入海流	huang he ru hai liu	15
黄河如丝天际来	huang he ru si tian ji lai	2
黄河落天走东海	huang he luo tian zou dong hai	4
黄河西来决昆仑	huang he xi lai jue kun lun	5
黄河远上白云间	huang he yuan shang bai yun jian	2
黄泉下相见	huang quan xia xiang jian	1
黄泥野岸天鸡舞	huang ni ye an tian ji wu	2
黄洋界上炮声隆	huang yang jie shang pao sheng long	5
黄色花中有几般	huang se hua zhong you ji ban	3
黄芦苦竹绕宅生	huang lu ku zhu rao zhai sheng	2
黄花不负秋	huang hua bu fu qiu	2
黄花白发相牵挽	huang hua bai fa xiang qian wan	2
黄花白酒无人问	huang hua bai jiu wu ren wen	2
黄莺不语东风起	huang ying bu yu dong feng qi	2
黄菊枝头生晓寒	huang ju zhi tou sheng xiao han	2
黄衣使者白衫儿	huang yi shi zhe bai shan er	3
黄金杆拨春风手	huang jin gan bo chun feng shou	2
黄金蕊绽红玉房	huang jin rui zhan hong yu fang	3
黄雀衔来已数春	huang que xian lai yi shu chun	2
黄鹂一两声	huang li yi liang sheng	2
黄鹂隔故宫	huang li ge gu gong	4
黄鹤一去不复返	huang he yi qu bu fu fan	1
黄鹤上天诉玉帝	huang he shang tian su yu di	2
黄鹤之飞尚不得过	huang he zhi fei shang bu de guo	1
黄鹤仙人无所依	huang he xian ren wu suo yi	2
黄鹤楼中吹玉笛	huang he lou zhong chui yu di	1
黄鹤楼前月满川	huang he lou qian yue man chuan	2
黄鹤楼送孟浩然之广陵	huang he lou song meng hao ran zhi guang ling	6
黄鹤知何去	huang he zhi he qu	3
黍地无人耕	shu di wu ren geng	2
黎民不饥不寒	li min bu ji bu han	3
黎民糠籺窄	li min kang he zhai	2
黑云翻墨未遮山	hei yun fan mo wei zhe shan	1
黑发不知勤学早	hei fa bu zhi qin xue zao	2
黑夜给了我黑色的眼睛	hei ye gei le wo hei se de yan jing	7
黑手高悬霸主鞭	hei shou gao xuan ba zhu bian	4
黑沙白浪相吞屠	hei sha bai lang xiang tun tu	2
黑潭水深黑如墨	hei tan shui shen hei ru mo	3
黑白分明子数停	hei bai fen ming zi shu ting	3
黑质而白章	hei zhi er bai zhang	4
默思失业徒	mo si shi ye tu	3
黯然销魂者	an ran xiao hun zhe	4
黯黯江云瓜步雨	an an jiang yun gua bu yu	2
黯黯生天际	an an sheng tian ji	1
鼎司费万钱	ding si fei wan qian	2
鼓下坐蛮奴	gu xia zuo man nu	2
鼓声三下红旗开	gu sheng san xia hong qi kai	5
鼓声渐急标将近	gu sheng jian ji biao jiang jin	3
鼓怒不可当	gu nu bu ke dang	2
鼓角凌天籁	gu jiao ling tian lai	2
齐吴榜以击汰	qi wu bang yi ji tai	3
齐宣王问曰	qi xuan wang wen yue	3
齐年与天地	qi nian yu tian di	2
齐彭殇为妄作	qi peng shang wei wang zuo	3
齐景公有马千驷	qi jing gong you ma qian si	2
齐有倜傥生	qi you ti tang sheng	3
齐歌空复情	qi ge kong fu qing	2
齐纨鲁缟车班班	qi wan lu gao che ban ban	3
齐鲁青未了	qi lu qing wei liao	7
龙团小碾斗晴窗	long tuan xiao nian dou qing chuang	3
龙头舴艋吴儿竞	long tou ze meng wu er jing	3
龙宫变闾里	long gong bian lv li	2
龙昌寺荷池	long chang si he chi	2
龙眠胸中有千驷	long mian xiong zhong you qian si	2
龙门翠黛眉相对	long men cui dai mei xiang dui	2
龙驾兮帝服	long jia xi di fu	2
龙鳞曜初旭	long lin yao chu xu	2
龟头剥落生莓苔	gui tou bo luo sheng mei tai	2
龟游莲叶上	gui you lian ye shang	4
龟玉毁于椟中	gui yu hui yu du zhong	5
龟蛇锁大江	gui she suo da jiang	6
