word	pinyin	rank	doc_freq	level	source
信鸽			220963		THUOCL
黄蜂			118861		THUOCL
水母			78147		THUOCL
野猫			62065		THUOCL
宠物狗			56875		THUOCL
母狗			56087		THUOCL
毛毛虫			48631		THUOCL
猎豹			48451		THUOCL
犀牛			46120		THUOCL
萨摩			44748		THUOCL
狼狗			40979		THUOCL
喜鹊			40321		THUOCL
梅花鹿			37159		THUOCL
牡蛎			34448		THUOCL
毛驴			32969		THUOCL
母牛			31741		THUOCL
野牛			27896		THUOCL
多宝鱼			23907		THUOCL
小蜜蜂			22680		THUOCL
猿人			21112		THUOCL
猎狗			20562		THUOCL
小尾寒羊			18980		THUOCL
金枪鱼			18892		THUOCL
大黄蜂			18504		THUOCL
墨鱼			17270		THUOCL
扇贝			16676		THUOCL
毛滴虫			16392		THUOCL
鸰			14603		THUOCL
小雀			13089		THUOCL
苏眉			12152		THUOCL
狼犬			11704		THUOCL
黄粉虫			11209		THUOCL
野菊花			11043		THUOCL
夜鹰			10533		THUOCL
导盲犬			10113		THUOCL
猫科动物			9462		THUOCL
利木赞牛			9371		THUOCL
目鱼			9329		THUOCL
文金			9087		THUOCL
越前龙			8739		THUOCL
野驴			8582		THUOCL
瓢虫			8236		THUOCL
九间			7969		THUOCL
软体动物			7579		THUOCL
鹡鸰			7500		THUOCL
蝇蛆			6580		THUOCL
家鸡			6433		THUOCL
河蚌			6090		THUOCL
全蝎			6068		THUOCL
刺参			5577		THUOCL
灵长类动物			5575		THUOCL
鹮			5069		THUOCL
囊虫			4996		THUOCL
杜泊绵羊			4587		THUOCL
小鲤			4440		THUOCL
毛蟹			4343		THUOCL
鹩哥			4205		THUOCL
喷毒眼镜蛇			4150		THUOCL
文蛤			3950		THUOCL
斗牛犬			3940		THUOCL
野牦牛			3938		THUOCL
鸮			3886		THUOCL
寄居蟹			3675		THUOCL
鹦哥			3500		THUOCL
画眉鸟			3483		THUOCL
苏格兰牧羊犬			3261		THUOCL
台鸽			3222		THUOCL
狮子狗			3184		THUOCL
抹香鲸			3138		THUOCL
桃花水母			3114		THUOCL
小鸥			2963		THUOCL
小野猪			2901		THUOCL
五步蛇			2888		THUOCL
花寨			2819		THUOCL
疟原虫			2736		THUOCL
濒危野生动物			2726		THUOCL
野生大熊猫			2660		THUOCL
青波			2656		THUOCL
克隆牛			2647		THUOCL
珠鸡			2641		THUOCL
木回			2595		THUOCL
猫鱼			2595		THUOCL
鱼胆			2549		THUOCL
种公猪			2508		THUOCL
灰鹤			2354		THUOCL
雄蜂			2307		THUOCL
杜宾犬			2297		THUOCL
纯种波尔山羊			2223		THUOCL
中白鹭			2210		THUOCL
卷尾			2152		THUOCL
阴道毛滴虫			2134		THUOCL
紫贝			2005		THUOCL
鮰鱼			1976		THUOCL
萨摩耶犬			1970		THUOCL
杜泊羊			1859		THUOCL
滩羊			1794		THUOCL
钱鼠			1734		THUOCL
浮游动物			1699		THUOCL
轮虫			1679		THUOCL
元谋人			1673		THUOCL
生牡蛎			1631		THUOCL
折耳猫			1597		THUOCL
南非波尔山羊			1430		THUOCL
林雕			1413		THUOCL
角鲸			1386		THUOCL
象拔蚌			1384		THUOCL
魟			1378		THUOCL
犬科动物			1334		THUOCL
萨摩犬			1314		THUOCL
地鳖			1310		THUOCL
犀鸟			1303		THUOCL
前翅			1227		THUOCL
斑点叉尾鮰			1226		THUOCL
鹰科			1224		THUOCL
亚纲			1201		THUOCL
嘉好			1172		THUOCL
玛瑙红			1164		THUOCL
朱文锦			1144		THUOCL
白缘			1142		THUOCL
乳宝			1127		THUOCL
德国小蠊			1123		THUOCL
人工鱼礁			1106		THUOCL
中国鸟			1100		THUOCL
韭菜子			1046		THUOCL
药用动物			1045		THUOCL
牛头犬			1044		THUOCL
奇迹龙			1030		THUOCL
牛目			1018		THUOCL
灰鹅			1014		THUOCL
卤虫			1005		THUOCL
夏过			986		THUOCL
膜管			954		THUOCL
柯基犬			952		THUOCL
缬草			946		THUOCL
昆虫及			923		THUOCL
烂草黄			917		THUOCL
小鹿犬			916		THUOCL
皂角刺			915		THUOCL
红蟹			915		THUOCL
油葫芦			907		THUOCL
志贺氏菌			899		THUOCL
鱼狗			899		THUOCL
点眼丛			898		THUOCL
黄蝶			891		THUOCL
五指毛桃			889		THUOCL
利木赞肉牛			884		THUOCL
鹰身女妖			879		THUOCL
莴笋叶			873		THUOCL
蜡膜			872		THUOCL
秦川牛			871		THUOCL
虫媒传染			863		THUOCL
灵长目动物			862		THUOCL
蚿			862		THUOCL
黄占			850		THUOCL
赤眼蜂			839		THUOCL
营养性疾病			837		THUOCL
鮀			836		THUOCL
兀龙			834		THUOCL
回声定位			833		THUOCL
紫印			826		THUOCL
叫姑姑			825		THUOCL
闭壳龟			824		THUOCL
中猴			818		THUOCL
樱桃谷鸭			816		THUOCL
鱼浆			814		THUOCL
迎燕			812		THUOCL
漏芦			811		THUOCL
星虫			806		THUOCL
泉龙			804		THUOCL
毛霉			803		THUOCL
喜乐蒂牧羊犬			798		THUOCL
植龙			797		THUOCL
菌体蛋白			796		THUOCL
牵牛子			792		THUOCL
四值			791		THUOCL
灯蛾			787		THUOCL
杂骨			781		THUOCL
黑漂			765		THUOCL
朗德鹅			761		THUOCL
裂殖			757		THUOCL
远程鸽			747		THUOCL
肉驴			745		THUOCL
台湾牛			741		THUOCL
长毛猫			735		THUOCL
角甲			733		THUOCL
猎狐犬			731		THUOCL
硬鳞			729		THUOCL
狮子滚绣球			727		THUOCL
沙苑子			726		THUOCL
钱串子			725		THUOCL
鱼胶原蛋白			725		THUOCL
威尔士柯基			721		THUOCL
动物克隆			706		THUOCL
转节			703		THUOCL
外套膜			702		THUOCL
毛冠鹿			701		THUOCL
冠毛犬			694		THUOCL
印随			693		THUOCL
夜行性动物			692		THUOCL
偶蹄动物			688		THUOCL
乾泰			680		THUOCL
珍菊降压片			673		THUOCL
新疆虎			668		THUOCL
南猿			665		THUOCL
恐龙足迹			659		THUOCL
牡鹿			659		THUOCL
岩鸽			656		THUOCL
蒙古草原狼			653		THUOCL
英国古代牧羊犬			647		THUOCL
灰鲸			644		THUOCL
玳玳花			644		THUOCL
苏格兰折耳猫			644		THUOCL
莽牯朱蛤			641		THUOCL
滑子蘑			637		THUOCL
空肠弯曲菌			635		THUOCL
小瓜虫			633		THUOCL
杂食性动物			633		THUOCL
鹿科动物			629		THUOCL
毛翅			628		THUOCL
蚦			628		THUOCL
魔蜥			628		THUOCL
椰心叶甲			625		THUOCL
黑犀牛			623		THUOCL
檞寄生			621		THUOCL
喹乙醇			616		THUOCL
披毛犀			615		THUOCL
分蜂			614		THUOCL
根霉			613		THUOCL
两栖爬行动物			609		THUOCL
钓鱼岛列岛			605		THUOCL
食虫植物			592		THUOCL
嗜盐菌			590		THUOCL
印支虎			580		THUOCL
纽芬兰犬			579		THUOCL
亚单位疫苗			577		THUOCL
腔棘鱼			575		THUOCL
台湾石			567		THUOCL
魾			566		THUOCL
幽蝶			565		THUOCL
有袋类			565		THUOCL
威尔士柯基犬			563		THUOCL
几维			559		THUOCL
猫爪草			555		THUOCL
铅丹			554		THUOCL
赤潮生物			553		THUOCL
恐龙脚印			550		THUOCL
榛鸡			550		THUOCL
水墨黑			550		THUOCL
恒温动物			549		THUOCL
媒介生物			545		THUOCL
脑脊髓液			541		THUOCL
鮟鱇			541		THUOCL
布偶猫			539		THUOCL
偶蹄类			537		THUOCL
车轮虫			531		THUOCL
露脊鲸			530		THUOCL
石苇			528		THUOCL
施计谋			526		THUOCL
美利奴羊			520		THUOCL
犬瘟热病毒			518		THUOCL
三叶虫化石			516		THUOCL
胃毒作用			506		THUOCL
英国斗牛犬			505		THUOCL
雄蚕蛾			504		THUOCL
海刺参			503		THUOCL
茺蔚子			502		THUOCL
俞君英			499		THUOCL
小杜鹃			493		THUOCL
山东省海洋与渔业厅			487		THUOCL
喹烯酮			483		THUOCL
独角犀牛			482		THUOCL
野牛草			479		THUOCL
灰蝶			478		THUOCL
鱼医			478		THUOCL
大骨鸡			475		THUOCL
小萨摩			470		THUOCL
新城疫病毒			468		THUOCL
闲角			468		THUOCL
冠鹤			464		THUOCL
疟蚊			464		THUOCL
脚圈			456		THUOCL
中国小鲵			453		THUOCL
枪猎犬			451		THUOCL
自贡恐龙博物馆			449		THUOCL
孢子虫病			444		THUOCL
商品鹅			442		THUOCL
鹿衔草			442		THUOCL
眼虫			440		THUOCL
摇蚊			439		THUOCL
保洁净			426		THUOCL
偶蹄目			419		THUOCL
闭壳肌			419		THUOCL
窄谱			417		THUOCL
晶体敌百虫			415		THUOCL
牛蝇			413		THUOCL
岗梅			408		THUOCL
潜叶蝇			408		THUOCL
迷你杜宾			405		THUOCL
防止虐待动物协会			404		THUOCL
中国猫			403		THUOCL
中华对角羚			398		THUOCL
梅花鹿之乡			398		THUOCL
法国斗牛犬			398		THUOCL
苏格兰梗			398		THUOCL
贝希摩斯			396		THUOCL
长江水产研究所			396		THUOCL
椰子蟹			395		THUOCL
盐酸金刚烷胺			394		THUOCL
小尾寒羊养殖			393		THUOCL
山地大猩猩			393		THUOCL
牦牛毛			391		THUOCL
贾第虫			387		THUOCL
清江鱼			384		THUOCL
苏柏羊齿			384		THUOCL
山羌			380		THUOCL
鮠			379		THUOCL
中国冠毛犬			374		THUOCL
感觉管			374		THUOCL
灵枢经			373		THUOCL
牛鲨			373		THUOCL
鸻			370		THUOCL
全虾			366		THUOCL
高效氯氰菊酯			365		THUOCL
占有面积			364		THUOCL
拳参			364		THUOCL
小膜			361		THUOCL
蠪侄			357		THUOCL
超远程鸽			355		THUOCL
养鱼经			354		THUOCL
陆生脊椎动物			352		THUOCL
蠵			351		THUOCL
指狗			350		THUOCL
昆虫病毒			350		THUOCL
全息胚			349		THUOCL
澳大利亚更			347		THUOCL
栉孔扇贝			345		THUOCL
舟蛾			342		THUOCL
清远麻鸡			337		THUOCL
蓝喜鹊			337		THUOCL
窃蛋龙			333		THUOCL
短尾猿			325		THUOCL
眼蝶			323		THUOCL
迟发型变态反应			323		THUOCL
转基因猪			322		THUOCL
野木瓜			322		THUOCL
恐龙足迹化石			321		THUOCL
洋杜鹃			319		THUOCL
恐怖虫			318		THUOCL
世界动物日			317		THUOCL
前胸背板			315		THUOCL
水稻病虫害防治			311		THUOCL
牛科动物			308		THUOCL
瓣胃			300		THUOCL
白颊长臂猿			299		THUOCL
蠵龟			299		THUOCL
高位奖			299		THUOCL
孤雌生殖			296		THUOCL
新灰			293		THUOCL
国家重点保护野生动物名录			290		THUOCL
鹰眼睛			290		THUOCL
英国可卡犬			289		THUOCL
新加坡动物园			287		THUOCL
东北梅花鹿			286		THUOCL
生态效率			285		THUOCL
辐射对称			282		THUOCL
三角帆蚌			280		THUOCL
吃猫鼠			279		THUOCL
黑白魔			279		THUOCL
复方磺胺甲噁唑			277		THUOCL
红詹森			277		THUOCL
涡虫			275		THUOCL
彩虹精灵			272		THUOCL
西部高地白梗			272		THUOCL
蚁蚕			270		THUOCL
独居动物			269		THUOCL
食用鸽			269		THUOCL
宠物饰品			268		THUOCL
皇家极地海洋世界			267		THUOCL
模式动物			264		THUOCL
中华蜜蜂			263		THUOCL
直翅目			263		THUOCL
委陵菜			261		THUOCL
腊玛古猿			261		THUOCL
鮋			261		THUOCL
列文虎克			259		THUOCL
宠物健康护理员			258		THUOCL
溪蟹			256		THUOCL
苇莺			256		THUOCL
鸟类栖息地			254		THUOCL
鲁西牛			253		THUOCL
河源龙			251		THUOCL
鸊鷉			250		THUOCL
胫节			249		THUOCL
梅鱼			248		THUOCL
鹟			246		THUOCL
盆景猫			242		THUOCL
象鼻蚌			242		THUOCL
短尾猫			239		THUOCL
石金钱			239		THUOCL
非洲野猫			239		THUOCL
蒙托克怪兽			238		THUOCL
婴猴			236		THUOCL
蒙古红			235		THUOCL
毒獴			234		THUOCL
水陆两栖动物			232		THUOCL
海绵动物			231		THUOCL
蚖			231		THUOCL
小瓜虫病			230		THUOCL
九孔鲍			229		THUOCL
对转子			229		THUOCL
黄缘盒龟			229		THUOCL
猫眼草			228		THUOCL
恶性疟原虫			227		THUOCL
蛙战			222		THUOCL
硬珊瑚			218		THUOCL
约克夏梗			218		THUOCL
欧洲野牛			217		THUOCL
旧院黑鸡			214		THUOCL
豨莶草			214		THUOCL
员工幸福			212		THUOCL
液体蛋氨酸			211		THUOCL
白眉长臂猿			211		THUOCL
芦淞市场			211		THUOCL
药物耐受性			211		THUOCL
狗摇尾巴			210		THUOCL
松鼠尾			209		THUOCL
狸奴			209		THUOCL
德保矮马			207		THUOCL
亚河豚			206		THUOCL
转基因牛			206		THUOCL
海洋软体动物			205		THUOCL
台乌药			204		THUOCL
日本犬			204		THUOCL
有袋类动物			204		THUOCL
聚维酮碘溶液			204		THUOCL
宠物公墓			203		THUOCL
旅鸽			203		THUOCL
武安山羊			202		THUOCL
禄丰龙			202		THUOCL
黑胸大蠊			202		THUOCL
纯种德国牧羊犬			201		THUOCL
仙蝶			200		THUOCL
摇蚊幼虫			200		THUOCL
照夜玉狮子			200		THUOCL
舞毒蛾			200		THUOCL
毒饵站			197		THUOCL
二溴海因			196		THUOCL
一角鲸			195		THUOCL
中杜鹃			194		THUOCL
古虫			193		THUOCL
替卡西林			193		THUOCL
指示犬			191		THUOCL
显著性影响			190		THUOCL
箱水母			190		THUOCL
虐龙			190		THUOCL
防御行为			188		THUOCL
几维鸟			187		THUOCL
凹甲陆龟			187		THUOCL
指示猎犬			186		THUOCL
粉尘螨			186		THUOCL
喜马拉雅猫			183		THUOCL
切叶蚁			179		THUOCL
心要正			179		THUOCL
森林古猿			179		THUOCL
科尔沁牛			179		THUOCL
螠			177		THUOCL
地中海实蝇			176		THUOCL
遗欧			176		THUOCL
车轮虫病			175		THUOCL
借腹怀胎			173		THUOCL
氯化烯			173		THUOCL
潜鸟			173		THUOCL
特异性免疫应答			173		THUOCL
小鸊鷉			172		THUOCL
梨小食心虫			172		THUOCL
石金钱龟			172		THUOCL
蓝舌病病毒			172		THUOCL
塔里木马鹿			171		THUOCL
缅陆			171		THUOCL
南露脊鲸			170		THUOCL
中华曙猿			169		THUOCL
乳酸环丙沙星			169		THUOCL
古杯			169		THUOCL
蝜蝂			168		THUOCL
鮊			168		THUOCL
硬壳虫			167		THUOCL
赤颈			167		THUOCL
古盗鸟			166		THUOCL
尾芽			166		THUOCL
牡丹虾			166		THUOCL
习鱼			164		THUOCL
昆虫蛋白			163		THUOCL
海膽			163		THUOCL
淡水渔业研究中心			163		THUOCL
鬐甲			163		THUOCL
玄牡			161		THUOCL
金毛羚牛			161		THUOCL
泥鸡			160		THUOCL
四角蛤			159		THUOCL
安全浓度			159		THUOCL
实验动物房			159		THUOCL
北极燕鸥			158		THUOCL
毛细线虫病			158		THUOCL
鳞翅目幼虫			158		THUOCL
蛋氨酸锌			157		THUOCL
赴台大熊猫			157		THUOCL
香豆精类			157		THUOCL
施一公			156		THUOCL
爪蛙			154		THUOCL
魔鬼蛙			153		THUOCL
鮣			153		THUOCL
鸭病毒性肝炎			153		THUOCL
星鼻鼹			152		THUOCL
蒙山全蝎			152		THUOCL
植物羊			151		THUOCL
沙钱			151		THUOCL
漂浮植物			151		THUOCL
鹿娃			151		THUOCL
巴厘虎			150		THUOCL
锹甲			150		THUOCL
暖水虾			149		THUOCL
萨摩狗			149		THUOCL
印度星龟			148		THUOCL
漓江啤酒鱼			148		THUOCL
美国养犬俱乐部			147		THUOCL
医学节肢动物			146		THUOCL
鲈科			146		THUOCL
中国荷斯坦奶牛			145		THUOCL
鞋树			145		THUOCL
为腧			144		THUOCL
蜇虫			144		THUOCL
窃蛋龙类			143		THUOCL
新淮猪			142		THUOCL
淇河鲫			142		THUOCL
荧光猪			142		THUOCL
大野牛			141		THUOCL
炔螨特			141		THUOCL
偶鳍			140		THUOCL
安达卢西亚马			140		THUOCL
藏狐			140		THUOCL
迷你杜宾犬			140		THUOCL
鹠			140		THUOCL
油炸蚂蚱			139		THUOCL
灭虫公司			139		THUOCL
珠海龙			139		THUOCL
皇家狗粮			139		THUOCL
郎德鹅			139		THUOCL
医生鱼			137		THUOCL
黄沙水产交易市场			136		THUOCL
泉水鱼			135		THUOCL
鰕虎鱼			134		THUOCL
丛猴			133		THUOCL
机械昆虫			133		THUOCL
鼠文化			133		THUOCL
滤出液			132		THUOCL
寿光鸡			131		THUOCL
效应阶段			131		THUOCL
铁苋菜			131		THUOCL
正虹集团			129		THUOCL
箭毛			129		THUOCL
米格鲁猎犬			129		THUOCL
医学蠕虫			128		THUOCL
围栏养殖			128		THUOCL
葎草			128		THUOCL
品控员			127		THUOCL
笑翠鸟			127		THUOCL
鹦鹉科			127		THUOCL
地邦			126		THUOCL
夏蜡梅			126		THUOCL
豌豆蛋白粉			126		THUOCL
农业昆虫学			125		THUOCL
加拿大无毛猫			125		THUOCL
药用昆虫			124		THUOCL
东坡墨鱼			123		THUOCL
中国犀			123		THUOCL
卷毛寻回犬			123		THUOCL
信蝶			122		THUOCL
鸺鹠			122		THUOCL
林龟			121		THUOCL
淇河鲫鱼			121		THUOCL
印度犀			120		THUOCL
柯赫			120		THUOCL
滩头鱼			120		THUOCL
直接发育			120		THUOCL
粘孢子虫			120		THUOCL
薮猫			120		THUOCL
直立猿			119		THUOCL
荒漠猫			119		THUOCL
伪狂犬病病毒			118		THUOCL
海蝎子			118		THUOCL
蜂虎			118		THUOCL
蜜蜂科			118		THUOCL
敌草隆			117		THUOCL
苏俄牧羊犬			117		THUOCL
反虐待动物法			116		THUOCL
沙漠鱼			116		THUOCL
浦东鸡			116		THUOCL
细胞介导免疫			116		THUOCL
藕节炭			116		THUOCL
印度牛			115		THUOCL
圆鼻巨蜥			115		THUOCL
有毒鱼类			115		THUOCL
蟹奴			114		THUOCL
克罗马农人			113		THUOCL
牛角蜂			111		THUOCL
奥登堡马			110		THUOCL
日本秋田犬			110		THUOCL
胖婴鱼			110		THUOCL
花媳妇			110		THUOCL
蝳			110		THUOCL
袖珍狗			110		THUOCL
陨石喜乐蒂			110		THUOCL
极显著性差异			109		THUOCL
微体化石			108		THUOCL
蟅虫			108		THUOCL
大鵟			107		THUOCL
小抹香鲸			107		THUOCL
河刀鱼			107		THUOCL
扁颅蝠			106		THUOCL
陆禽			106		THUOCL
两侧对称动物			105		THUOCL
缘吊			105		THUOCL
犬只饲养			104		THUOCL
马冈鹅			104		THUOCL
鳃腔			104		THUOCL
珍珠鸡苗			103		THUOCL
白尾鹿			103		THUOCL
母性行为			102		THUOCL
煅龙牡			102		THUOCL
爪哇犀			102		THUOCL
蝎子养殖			102		THUOCL
严重分割			101		THUOCL
柏布马			101		THUOCL
泥丁			101		THUOCL
美国爱斯基摩犬			101		THUOCL
蝎目			101		THUOCL
高等灵长类			101		THUOCL
三角恐龙			100		THUOCL
亚成体大熊猫			100		THUOCL
打造绿色食品			100		THUOCL
东部黑冠长臂猿			99		THUOCL
云斑裸颊虾虎鱼			99		THUOCL
动物乳腺生物反应器			99		THUOCL
日本柴犬			99		THUOCL
澳大利亚牧羊犬			99		THUOCL
僧帽水母			97		THUOCL
北京动物园熊猫馆			97		THUOCL
植物害虫			97		THUOCL
犀牛鸟			97		THUOCL
钓鱼城之战			97		THUOCL
七里海河蟹			96		THUOCL
南日鲍			96		THUOCL
拳狮犬			96		THUOCL
持久性有机物			96		THUOCL
斗牛獒犬			96		THUOCL
浮叶植物			96		THUOCL
炒黄柏			96		THUOCL
驴头狼			96		THUOCL
北美野牛			95		THUOCL
德国犬			95		THUOCL
戴笠鸽			95		THUOCL
油炸蝎子			95		THUOCL
中生代哺乳动物			94		THUOCL
熊猫犬			94		THUOCL
罗特韦尔犬			94		THUOCL
营养生殖			94		THUOCL
非纯种猫			94		THUOCL
黄河刀鱼			94		THUOCL
半必需氨基酸			93		THUOCL
尾羽龙			93		THUOCL
救必应			93		THUOCL
洮湖			93		THUOCL
纽虫			93		THUOCL
软炸虾			93		THUOCL
笑鸥			91		THUOCL
天幕毛虫			90		THUOCL
牙形刺			90		THUOCL
颈缺			90		THUOCL
偏牛			89		THUOCL
收获蚁			89		THUOCL
谐鱼			89		THUOCL
大河蚌			88		THUOCL
西藏飞蝗			88		THUOCL
鮈			88		THUOCL
凤头鹰			87		THUOCL
固城湖大闸蟹			87		THUOCL
新疆褐牛			87		THUOCL
红尾蚺			87		THUOCL
大瓶螺			86		THUOCL
导盲犬娇娜			86		THUOCL
牛带绦虫			86		THUOCL
盐黄柏			86		THUOCL
蒙古百灵			86		THUOCL
血液寄生虫			86		THUOCL
刚地弓形虫			85		THUOCL
四角蛤蜊			85		THUOCL
秦川肉牛			85		THUOCL
胶墙			85		THUOCL
蛎蝗			85		THUOCL
谢罗便臣			85		THUOCL
黄缘闭壳龟			85		THUOCL
克隆哺乳动物			83		THUOCL
奥达猎犬			83		THUOCL
等翅目			83		THUOCL
罗维纳犬			83		THUOCL
蚊科			83		THUOCL
锹形虫			83		THUOCL
二嗪农			82		THUOCL
羧肽酶			82		THUOCL
非必须氨基酸			82		THUOCL
壹号土猪			81		THUOCL
牡蛎科			81		THUOCL
漂鸟			80		THUOCL
野生龙猫			80		THUOCL
爪哇犀牛			79		THUOCL
苍蝇农场			79		THUOCL
萌宠			79		THUOCL
酒吧侍应生			79		THUOCL
巴西花梨木			78		THUOCL
日本医蛭			78		THUOCL
植食性昆虫			78		THUOCL
溆浦鹅			78		THUOCL
爆炒地猴			78		THUOCL
爪哇猿人			78		THUOCL
猎鹿犬			78		THUOCL
磷源			78		THUOCL
转角牛羚			78		THUOCL
印度野牛			77		THUOCL
史前爬行动物			77		THUOCL
奶牛猫			77		THUOCL
扭螺			77		THUOCL
效鸣			77		THUOCL
新疆驴			77		THUOCL
毛滴虫属			77		THUOCL
猎枪犬			77		THUOCL
白头鹮鹳			77		THUOCL
蛋鸡浓缩料			77		THUOCL
卡托布莱帕斯			76		THUOCL
新加坡猫			76		THUOCL
赢鱼			76		THUOCL
麻花鱼			76		THUOCL
圆蛛			75		THUOCL
杜高犬			75		THUOCL
炸弹鱼			75		THUOCL
缨翅			75		THUOCL
缨翅目			75		THUOCL
罗得西亚脊背犬			75		THUOCL
中国美利奴羊			74		THUOCL
安布闭壳龟			74		THUOCL
微笑鸟			74		THUOCL
挪威森林猫			74		THUOCL
有袋目			74		THUOCL
海牛目			74		THUOCL
渔业信息化			74		THUOCL
白毛乌骨鸡			74		THUOCL
盐酸金刚乙胺			74		THUOCL
结构色			74		THUOCL
荧光假单胞菌			74		THUOCL
野兔毛			74		THUOCL
人工自动免疫			73		THUOCL
炸尾螺			73		THUOCL
约克郡犬			73		THUOCL
纯种博美犬			73		THUOCL
鹰头马身有翼兽			73		THUOCL
刺参科			72		THUOCL
响导蝗虫			72		THUOCL
大约克猪			72		THUOCL
寄蝇			72		THUOCL
延边牛			72		THUOCL
扎硬寨			72		THUOCL
瑇瑁			72		THUOCL
蔚蓝追风鸟			72		THUOCL
金脚带			72		THUOCL
霍加狓			72		THUOCL
中国农业大学动物医院			71		THUOCL
墨西哥无毛犬			71		THUOCL
玫瑰鱼			71		THUOCL
苏门答腊犀牛			70		THUOCL
饶虫			70		THUOCL
两性动物			69		THUOCL
农盼			69		THUOCL
古代爬行动物			69		THUOCL
咬鹃			69		THUOCL
大自然野生昆虫馆			69		THUOCL
小灰蝶			69		THUOCL
新疆大头鱼			69		THUOCL
珍岛犬			69		THUOCL
伽果			68		THUOCL
转基因奶牛			68		THUOCL
中国毛虾			67		THUOCL
中国鸟类野外手册			67		THUOCL
传染性法氏囊炎			67		THUOCL
日本大黄蜂			67		THUOCL
淮南虫			67		THUOCL
矛尾鱼			67		THUOCL
蛭纲			67		THUOCL
中华地鳖			66		THUOCL
叶鹿			66		THUOCL
后天性行为			66		THUOCL
巨齿槌鲸			66		THUOCL
新城鸡瘟			66		THUOCL
杜伯文犬			66		THUOCL
武夷黑猪			66		THUOCL
绒毡层			66		THUOCL
鯥			66		THUOCL
鰏			66		THUOCL
温带臭虫			65		THUOCL
美珏公棚			65		THUOCL
营底栖生活			65		THUOCL
黄猄蚁			65		THUOCL
外星婴儿			64		THUOCL
牛鼻黄貂鱼			64		THUOCL
袖狗			64		THUOCL
骆驼黄			64		THUOCL
巧克力中毒			63		THUOCL
白底板病			63		THUOCL
真海豚			63		THUOCL
葱蓟马			63		THUOCL
迷惑龙			63		THUOCL
千脚虫			62		THUOCL
大兀鹰			62		THUOCL
江苏大闸蟹			62		THUOCL
蓝氏贾第鞭毛虫			62		THUOCL
古代英国牧羊犬			61		THUOCL
暖水性鱼类			61		THUOCL
求偶炫耀			61		THUOCL
画眉亚科			61		THUOCL
躄鱼			61		THUOCL
喜马拉雅旱獭			60		THUOCL
宝应湖大闸蟹			60		THUOCL
臀角			60		THUOCL
龟壳花蛇			60		THUOCL
军山湖大闸蟹			59		THUOCL
冬芒狸			59		THUOCL
小燕尾			59		THUOCL
溶藻弧菌			59		THUOCL
腐草为萤			59		THUOCL
西部低地大猩猩			59		THUOCL
贝林登梗			59		THUOCL
贝灵顿梗			59		THUOCL
鸴			59		THUOCL
小爪水獭			58		THUOCL
扁担钩			58		THUOCL
杨小舟蛾			58		THUOCL
牛皮蝇			58		THUOCL
白簇			58		THUOCL
缺须			58		THUOCL
排蜂			57		THUOCL
日本松雀鹰			57		THUOCL
猿叶虫			57		THUOCL
米格鲁犬			57		THUOCL
裸腹鲟			57		THUOCL
千叶龙			56		THUOCL
古代长须牧羊犬			56		THUOCL
新荷兰鼠			56		THUOCL
普通鵟			56		THUOCL
红血蓝眼鸽			56		THUOCL
参环毛蚓			55		THUOCL
彭布罗克威尔士柯基			55		THUOCL
晚期猿人			55		THUOCL
樟脑磺酸钠			55		THUOCL
牛尾鱼			55		THUOCL
角蝉			55		THUOCL
黄斑星天牛			55		THUOCL
八卦鸡			54		THUOCL
摩拉水牛			54		THUOCL
胃蝇			54		THUOCL
酃县白鹅			54		THUOCL
六月白			53		THUOCL
努尔哈赤翼龙			53		THUOCL
河虫			53		THUOCL
紫菀花			53		THUOCL
越北腹露蝗			53		THUOCL
金堂黑山羊			53		THUOCL
天祝白牦牛			52		THUOCL
暮眼蝶			52		THUOCL
柯尼斯卷毛猫			52		THUOCL
梨茎蜂			52		THUOCL
没六鱼			52		THUOCL
海萤			52		THUOCL
煤山雀			52		THUOCL
猿猴亚目			52		THUOCL
苯扎氯胺			52		THUOCL
虫动物门			52		THUOCL
千里花			51		THUOCL
小斗牛犬			51		THUOCL
棕颈犀鸟			51		THUOCL
沫活			51		THUOCL
灯台叶			51		THUOCL
狗仔鲸			51		THUOCL
目夜蛾			51		THUOCL
芦苇莺			51		THUOCL
蟌			51		THUOCL
贫齿目			51		THUOCL
集体捕猎			51		THUOCL
非人灵长类动物			51		THUOCL
黄壳鱼			51		THUOCL
中加马门溪龙			50		THUOCL
亚克力鱼缸			50		THUOCL
六角木			50		THUOCL
口前叶			50		THUOCL
台湾犬			50		THUOCL
失恋俱乐部			50		THUOCL
战蚁			50		THUOCL
苏门虎			50		THUOCL
英国马士提夫			50		THUOCL
遗传工程小鼠			50		THUOCL
上海大自然野生昆虫馆			49		THUOCL
九头狮子草			49		THUOCL
关公蟹			49		THUOCL
内蒙古白绒山羊			49		THUOCL
桃红颈天牛			49		THUOCL
猫头鹰蝶			49		THUOCL
纯种古代牧羊犬			49		THUOCL
结肠小袋纤毛虫			49		THUOCL
致死温度			49		THUOCL
郡望为			49		THUOCL
黑尾叶蝉			49		THUOCL
印度犀牛			48		THUOCL
威斯特法伦马			48		THUOCL
小型苏格兰牧羊犬			48		THUOCL
小灵狗			48		THUOCL
急性毒性作用			48		THUOCL
海滩养殖			48		THUOCL
犬感冒			48		THUOCL
芝麻剑			48		THUOCL
被子植物中毒说			48		THUOCL
西德长毛兔			48		THUOCL
西里汉梗			48		THUOCL
鲆科			48		THUOCL
鹟科			48		THUOCL
张北马			47		THUOCL
英国猎狐犬			47		THUOCL
街鸽			47		THUOCL
长沙中大			47		THUOCL
全沟硬蜱			46		THUOCL
大连湾牡蛎			46		THUOCL
媒鸭			46		THUOCL
肺形草			46		THUOCL
药用兽			46		THUOCL
萨路基犬			46		THUOCL
蛀心虫			46		THUOCL
长毛犀牛			46		THUOCL
中国点子鸽			45		THUOCL
小金钱龟			45		THUOCL
日本池英犬			45		THUOCL
极地狐			45		THUOCL
海之帝国鱼龙族			45		THUOCL
灰伯劳			45		THUOCL
灰插			45		THUOCL
金钱鮸			45		THUOCL
黑帽悬猴			45		THUOCL
中国古生物化石			44		THUOCL
人毛滴虫			44		THUOCL
呈签			44		THUOCL
山楂红蜘蛛			44		THUOCL
拇指猴			44		THUOCL
猫亚科			44		THUOCL
醋香附			44		THUOCL
马林诺斯犬			44		THUOCL
中华龟			43		THUOCL
侵袭性疾病			43		THUOCL
瑰宝龙			43		THUOCL
瓶鼻鲸			43		THUOCL
中国圆田螺			42		THUOCL
中国物种红色名录			42		THUOCL
卵生哺乳动物			42		THUOCL
奥古普古			42		THUOCL
红点唇瓢虫			42		THUOCL
越鹅			42		THUOCL
金钱蛭			42		THUOCL
频伽鸟			42		THUOCL
鹿苑鸡			42		THUOCL
黑褐猎浣熊犬			42		THUOCL
与动物对话			41		THUOCL
灰蝶科			41		THUOCL
蚊子岛			41		THUOCL
青豆虾仁			41		THUOCL
鮠鱼			41		THUOCL
似哺乳爬行动物			40		THUOCL
城市野生动物			40		THUOCL
楔叶			40		THUOCL
洪堡企鹅			40		THUOCL
矛头蝮			40		THUOCL
自然范围			40		THUOCL
趴蹄			40		THUOCL
除虫精			40		THUOCL
须浮鸥			40		THUOCL
中华真地鳖			39		THUOCL
小燕鸥			39		THUOCL
小隐孢子虫			39		THUOCL
德国短毛波音达			39		THUOCL
有袋类哺乳动物			39		THUOCL
类三角蚌			39		THUOCL
雪鞋猫			39		THUOCL
鳞翅目夜蛾科			39		THUOCL
三角褐指藻			38		THUOCL
波士顿梗犬			38		THUOCL
炸凤尾鱼			38		THUOCL
眼圈熊			38		THUOCL
艾登堡鱼母			38		THUOCL
越冬洄游			38		THUOCL
鸥形目			38		THUOCL
鹰鸮			38		THUOCL
黇鹿			38		THUOCL
口腔毛滴虫			37		THUOCL
大斑啄木			37		THUOCL
家畜寄生虫病			37		THUOCL
桃花水母属			37		THUOCL
欧洲短毛猫			37		THUOCL
汾湖蟹			37		THUOCL
浓缩海水			37		THUOCL
猪婆参			37		THUOCL
芒鱼			37		THUOCL
被囊动物			37		THUOCL
阿根廷杜高犬			37		THUOCL
鯮			37		THUOCL
中国四大名鱼			36		THUOCL
五间半			36		THUOCL
何芬奇			36		THUOCL
史前巨蝎			36		THUOCL
喜旱莲子草			36		THUOCL
土耳其温泉鱼			36		THUOCL
多伯曼犬			36		THUOCL
小蝙蝠亚目			36		THUOCL
尾综骨			36		THUOCL
漏斗形蜘蛛			36		THUOCL
紫翅椋鸟			36		THUOCL
舌杯虫			36		THUOCL
角鳖			36		THUOCL
露珠杜鹃			36		THUOCL
鳞翅目螟蛾科			36		THUOCL
中华桃花水母			35		THUOCL
八目鳗鱼			35		THUOCL
古典牧羊犬			35		THUOCL
大林姬鼠			35		THUOCL
新大陆猴			35		THUOCL
杜鹃花叶			35		THUOCL
棕尾鵟			35		THUOCL
灰冠鹤			35		THUOCL
臂尾轮虫			35		THUOCL
菊虎			35		THUOCL
虫霉目			35		THUOCL
褐刺蛾			35		THUOCL
中国水牛			34		THUOCL
产黄青霉			34		THUOCL
写鲤			34		THUOCL
塞内加尔多鳍鱼			34		THUOCL
布氏努尔哈赤翼龙			34		THUOCL
斑鱼狗			34		THUOCL
日本蜜蜂			34		THUOCL
有翅亚纲			34		THUOCL
查吉尔			34		THUOCL
榆蘑			34		THUOCL
湄公河巨魾			34		THUOCL
甴曱			34		THUOCL
社会化动物			34		THUOCL
肝胆综合症			34		THUOCL
跑犀			34		THUOCL
鸮形目			34		THUOCL
鹎科			34		THUOCL
云斑鮰			33		THUOCL
新袋鼠			33		THUOCL
查理王小猎犬			33		THUOCL
栉江珧			33		THUOCL
植物寄生线虫			33		THUOCL
泥河湾动物群			33		THUOCL
白掌长臂猿			33		THUOCL
眼斑龟			33		THUOCL
禄丰古猿			33		THUOCL
米格鲁猎兔犬			33		THUOCL
鮄			33		THUOCL
鸣虫文化			33		THUOCL
北寄贝			32		THUOCL
古中华虎			32		THUOCL
古鲸亚目			32		THUOCL
子弹魔			32		THUOCL
布尼亚病毒科			32		THUOCL
恐龙文艺复兴			32		THUOCL
池龟			32		THUOCL
甲螨			32		THUOCL
苗疆斗鸟			32		THUOCL
魔鬼飞翔者			32		THUOCL
南日鲍鱼			31		THUOCL
叶甲科			31		THUOCL
抗代谢物			31		THUOCL
松毛虫赤眼蜂			31		THUOCL
水虫也			31		THUOCL
牙签鸟			31		THUOCL
牟氏角毛藻			31		THUOCL
硬壳蛤			31		THUOCL
纹唇鱼			31		THUOCL
蠄蟧			31		THUOCL
衣蛾			31		THUOCL
鸡心倒吊			31		THUOCL
住白细胞原虫病			30		THUOCL
寒号虫			30		THUOCL
德国黄牛			30		THUOCL
抹香鲸科			30		THUOCL
樱桃鸡			30		THUOCL
海角蜜蜂			30		THUOCL
皱唇鲨			30		THUOCL
禄丰恐龙博物馆			30		THUOCL
第一触角			30		THUOCL
鞭尾蝎			30		THUOCL
鲁西南黄牛			30		THUOCL
鸥属			30		THUOCL
鹬科			30		THUOCL
僧帽牡蛎			29		THUOCL
圆形虫			29		THUOCL
大梅格			29		THUOCL
孢子虫纲			29		THUOCL
宠物营养师			29		THUOCL
小雀鹰			29		THUOCL
招财龟			29		THUOCL
斜鳞蛇			29		THUOCL
新疆细羊毛			29		THUOCL
梅氏犀			29		THUOCL
海洋浮游动物			29		THUOCL
灰白熊			29		THUOCL
熊猫亚科			29		THUOCL
玉米钻心虫			29		THUOCL
白唇竹叶青			29		THUOCL
粗脚粉螨			29		THUOCL
紫啸鸫			29		THUOCL
绿蝎			29		THUOCL
肿骨大角鹿			29		THUOCL
马苏金枪鱼			29		THUOCL
鼻疽假单胞菌			29		THUOCL
中华小长臂虾			28		THUOCL
中国动物资源			28		THUOCL
台湾樱花钩吻鲑			28		THUOCL
史毕诺犬			28		THUOCL
墨西哥湾扇贝			28		THUOCL
大熊猫亚科			28		THUOCL
欧姆贝			28		THUOCL
燕千鸟			28		THUOCL
珍珠狗			28		THUOCL
粘孢子虫病			28		THUOCL
维兹拉犬			28		THUOCL
芒果果核象甲			28		THUOCL
荧光裳凤蝶			28		THUOCL
角高体金眼鲷			28		THUOCL
贝加尔雅罗			28		THUOCL
非洲野犬			28		THUOCL
鲁莱黑猪			28		THUOCL
黄额盒龟			28		THUOCL
中国犀牛			27		THUOCL
俄罗斯陆龟			27		THUOCL
围蛹			27		THUOCL
小鸮			27		THUOCL
影子虫			27		THUOCL
扇贝科			27		THUOCL
毛翅目			27		THUOCL
温室粉虱			27		THUOCL
澳华集团			27		THUOCL
灰刺参			27		THUOCL
燕子鸽			27		THUOCL
犬复孔绦虫			27		THUOCL
白手长臂猿			27		THUOCL
竹筴鱼			27		THUOCL
膜颅			27		THUOCL
萨摩耶狗			27		THUOCL
角蝶			27		THUOCL
非洲野驴			27		THUOCL
马来西亚巨龟			27		THUOCL
中国渔业经济			26		THUOCL
乾务软骨鲮			26		THUOCL
刚毛指示格里芬犬			26		THUOCL
小造桥虫			26		THUOCL
弗朗德巨兔			26		THUOCL
强大小蠹			26		THUOCL
微小牛蜱			26		THUOCL
怒鲨			26		THUOCL
指海星			26		THUOCL
榄蠵龟			26		THUOCL
毛脚鵟			26		THUOCL
永康灰鹅			26		THUOCL
潜水艇鱼			26		THUOCL
澳洲美利奴羊			26		THUOCL
白面粗尾猿			26		THUOCL
百虎围村			26		THUOCL
盐津乌骨鸡			26		THUOCL
线形动物门			26		THUOCL
蛇发女怪龙			26		THUOCL
贝努鸟			26		THUOCL
蹄角粉			26		THUOCL
闭壳龟属			26		THUOCL
韩子卢			26		THUOCL
鱼类人工繁殖			26		THUOCL
三觭龙			25		THUOCL
呼肠孤病毒科			25		THUOCL
四川桃花水母			25		THUOCL
坡狗			25		THUOCL
太平洋瓶鼻海豚			25		THUOCL
小梅山猪			25		THUOCL
尾索动物亚门			25		THUOCL
巨型禄丰龙			25		THUOCL
席虫			25		THUOCL
广发爱狗信用卡			25		THUOCL
断斑石鲈			25		THUOCL
杜布赞斯基			25		THUOCL
杭州桃花水母			25		THUOCL
棕腹啄木鸟			25		THUOCL
欧洲医蛭			25		THUOCL
海南八哥			25		THUOCL
特种警犬			25		THUOCL
猫猫兔			25		THUOCL
田野猎犬			25		THUOCL
硅化作用			25		THUOCL
科芬鱼			25		THUOCL
竞翔贺姆鸽			25		THUOCL
老鼠学校			25		THUOCL
蓝灰扁尾蛇			25		THUOCL
蔷薇叶蜂			25		THUOCL
转基因动物食品			25		THUOCL
金边地鳖			25		THUOCL
髓木			25		THUOCL
鱼害粘球菌			25		THUOCL
四方藤			24		THUOCL
塔斯马尼亚魔鬼			24		THUOCL
多鳞铲颌鱼			24		THUOCL
摇蚊科			24		THUOCL
欧文小星鲽			24		THUOCL
澳大利亚箱形水母			24		THUOCL
石灰虫			24		THUOCL
秋浦花鳜			24		THUOCL
篓蒿			24		THUOCL
耶罗岛大蜥蜴			24		THUOCL
自然分蜂			24		THUOCL
舌形贝			24		THUOCL
茶梢蛾			24		THUOCL
螟蛉虫			24		THUOCL
路禽			24		THUOCL
野生犀牛			24		THUOCL
马铃薯块茎蛾			24		THUOCL
中华田原犬			23		THUOCL
中腹足目			23		THUOCL
乳多空病毒科			23		THUOCL
云南闭壳龟			23		THUOCL
南槌鲸			23		THUOCL
吴载德			23		THUOCL
娟珊牛			23		THUOCL
富营养型湖泊			23		THUOCL
小夜鹰			23		THUOCL
微小膜壳绦虫			23		THUOCL
思茅松毛虫			23		THUOCL
松毛虫病			23		THUOCL
枪虾			23		THUOCL
查干诺尔龙			23		THUOCL
毛螃蟹			23		THUOCL
灰巴蜗牛			23		THUOCL
灰背鸥			23		THUOCL
猫尾木			23		THUOCL
盖罩大蜗牛			23		THUOCL
硬毛指示格里芬犬			23		THUOCL
类鼻疽假单胞菌			23		THUOCL
缺翅目			23		THUOCL
羌虫			23		THUOCL
蘑菇珊瑚			23		THUOCL
西印度海牛			23		THUOCL
逆转录病毒科			23		THUOCL
长沙加大			23		THUOCL
鱼苗开口			23		THUOCL
鹿角锹甲			23		THUOCL
中华地鳖虫			22		THUOCL
丽水浙江龙			22		THUOCL
乌棕鹅			22		THUOCL
克隆缉毒犬			22		THUOCL
克鲁马努人			22		THUOCL
冶鸟			22		THUOCL
印度猫			22		THUOCL
弄蝶科			22		THUOCL
格里芬凡丁犬			22		THUOCL
水体自净作用			22		THUOCL
沃克氏重爪龙			22		THUOCL
澳大利亚梗			22		THUOCL
灰腹绣眼鸟			22		THUOCL
灰鸥			22		THUOCL
猎枪犬种			22		THUOCL
玫瑰扯旗			22		THUOCL
红头帽			22		THUOCL
肉垂鹤			22		THUOCL
芒果蝇			22		THUOCL
葛氏斑鹿			22		THUOCL
长尾地佛法僧			22		THUOCL
露尾甲			22		THUOCL
非洲黑犀牛			22		THUOCL
香醇雁			22		THUOCL
不孝鸟			21		THUOCL
中国水产贸易			21		THUOCL
九江头槽绦虫			21		THUOCL
人类在很早以前			21		THUOCL
以色列金蝎			21		THUOCL
俄罗斯南部牧羊犬			21		THUOCL
印度支那虎			21		THUOCL
叟猴			21		THUOCL
叶尾壁虎			21		THUOCL
多极神经元			21		THUOCL
大红纹凤蝶			21		THUOCL
女山湖大闸蟹			21		THUOCL
小壳化石			21		THUOCL
林肯郡卷毛皮猪			21		THUOCL
栉水母动物			21		THUOCL
栉水母动物门			21		THUOCL
核桃举肢蛾			21		THUOCL
欧洲野马			21		THUOCL
水葫芦象甲			21		THUOCL
漏斗蜘蛛			21		THUOCL
特弗伦犬			21		THUOCL
盐补骨脂			21		THUOCL
盲虫			21		THUOCL
纽形动物			21		THUOCL
翼指龙			21		THUOCL
苏格兰猎鹿犬			21		THUOCL
苏维埃重挽马			21		THUOCL
萤光蕈			21		THUOCL
落叶松毛虫			21		THUOCL
镶嵌片			21		THUOCL
鱵			21		THUOCL
一字吊			20		THUOCL
丽蝇科			20		THUOCL
伯德梗			20		THUOCL
光景宠物医院			20		THUOCL
凤头鸊鷉			20		THUOCL
卡迪更威尔士科基犬			20		THUOCL
印刻效应			20		THUOCL
圆叶目			20		THUOCL
多齿盐都龙			20		THUOCL
定远猪			20		THUOCL
希姆利克猫			20		THUOCL
广州黄沙水产交易市场			20		THUOCL
德国军用鸽			20		THUOCL
德宏水牛			20		THUOCL
德文卷毛猫			20		THUOCL
挪威糜缇			20		THUOCL
斯塔福斗牛梗			20		THUOCL
暗褐断眼天牛			20		THUOCL
水稻灰飞虱			20		THUOCL
海鸥蛤			20		THUOCL
炙紫苑			20		THUOCL
爪哇野牛			20		THUOCL
片形吸虫病			20		THUOCL
牛亚科			20		THUOCL
葛丰化工			20		THUOCL
蝎蝽			20		THUOCL
裂颊海蛇			20		THUOCL
鳣鱼			20		THUOCL
黄斑弄蝶			20		THUOCL
龟纹瓢虫			20		THUOCL
中华分支睾吸虫			19		THUOCL
中国野兔			19		THUOCL
古脚亚目			19		THUOCL
吐根堡山羊			19		THUOCL
四川简州猫			19		THUOCL
围沙蚕			19		THUOCL
奶茶仓鼠			19		THUOCL
崇安地蜥			19		THUOCL
庸鲽			19		THUOCL
排骨虾			19		THUOCL
斑尾林鸽			19		THUOCL
欧西猫			19		THUOCL
海诺龙			19		THUOCL
炒没药			19		THUOCL
狗狗向前冲			19		THUOCL
磺胺异噁唑			19		THUOCL
美国鮰			19		THUOCL
薪甲			19		THUOCL
藓虫类动物			19		THUOCL
螠虫			19		THUOCL
角杜父鱼			19		THUOCL
贝加尔湖水蛭			19		THUOCL
贝吉格里芬凡丁犬			19		THUOCL
赤鱬			19		THUOCL
里海鸥			19		THUOCL
鱣鱼			19		THUOCL
鸮鹦鹉			19		THUOCL
鹿亚科			19		THUOCL
上海铜川路水产市场			18		THUOCL
中国白臀叶猴			18		THUOCL
假叶目			18		THUOCL
加布林鲨			18		THUOCL
啄花鸟			18		THUOCL
四笔石			18		THUOCL
四角鹿			18		THUOCL
大指爪			18		THUOCL
幕骨			18		THUOCL
梁溪梅			18		THUOCL
楔尾鹰			18		THUOCL
法兰德斯牧牛犬			18		THUOCL
海绵动物门			18		THUOCL
火焰贝			18		THUOCL
牛角腮			18		THUOCL
白翅浮鸥			18		THUOCL
短盖巨脂鲤			18		THUOCL
符禺山			18		THUOCL
红胁蓝尾鸲			18		THUOCL
纵纹腹小鸮			18		THUOCL
纽波利顿犬			18		THUOCL
芦蝈蝈			18		THUOCL
苏格兰猫			18		THUOCL
跳跃足			18		THUOCL
蹦蹦虫			18		THUOCL
软颅			18		THUOCL
魏玛犬			18		THUOCL
鹮科			18		THUOCL
黑喉石			18		THUOCL
鼓甲			18		THUOCL
下孔类			17		THUOCL
中介蝮			17		THUOCL
中华九刺鱼			17		THUOCL
乌苏里虎			17		THUOCL
人面黑腄蚃			17		THUOCL
光唇鱼			17		THUOCL
全头亚纲			17		THUOCL
全耳毛兔			17		THUOCL
加布林鲨鱼			17		THUOCL
卡普阿斯泥蛇			17		THUOCL
喜泽鹊			17		THUOCL
地猿始祖种			17		THUOCL
夜鹰目			17		THUOCL
大围子猪			17		THUOCL
大鳞大麻哈鱼			17		THUOCL
子方虫			17		THUOCL
对笔石			17		THUOCL
小四脚蛇			17		THUOCL
山寨熊猫			17		THUOCL
崇安斜鳞蛇			17		THUOCL
巴基斯坦古鲸			17		THUOCL
梨圆蚧			17		THUOCL
波德代			17		THUOCL
泽西恶魔			17		THUOCL
淡水水母目			17		THUOCL
爱亚卡普凡龙鸽系			17		THUOCL
爱德华氏菌病			17		THUOCL
猫绦虫			17		THUOCL
玻利维亚凤凰			17		THUOCL
皇冠九间			17		THUOCL
目金蛛			17		THUOCL
短毛家猫			17		THUOCL
科迪亚克熊			17		THUOCL
类人猿亚目			17		THUOCL
红脚苦恶鸟			17		THUOCL
约瑟犬			17		THUOCL
达尔马提亚狗			17		THUOCL
迁粉蝶			17		THUOCL
邪灵龙			17		THUOCL
阿富汗猎狗			17		THUOCL
马氏钳			17		THUOCL
马氏钳蝎			17		THUOCL
马雷马牧羊犬			17		THUOCL
鮡科			17		THUOCL
佛兰德斯  狗			16		THUOCL
叉棘			16		THUOCL
哈奇公			16		THUOCL
嗜子宫线虫病			16		THUOCL
地下家蚊			16		THUOCL
大草原榛鸡			16		THUOCL
广东省水产学校			16		THUOCL
弄岗穗鹛			16		THUOCL
捻转血矛线虫			16		THUOCL
摩鹿加云斑蛛			16		THUOCL
新疆马鹿			16		THUOCL
新芦木			16		THUOCL
更格卢鼠			16		THUOCL
柯尔克孜羊			16		THUOCL
毛竹叶螨			16		THUOCL
毛鼻袋熊			16		THUOCL
水生有壳动物			16		THUOCL
海南大学海洋学院			16		THUOCL
海菊蛤			16		THUOCL
液浮陀螺			16		THUOCL
猎狐梗犬			16		THUOCL
珍珠虎			16		THUOCL
科迪亚克棕熊			16		THUOCL
绕虫病			16		THUOCL
英国可卡长毛猎犬			16		THUOCL
长尾雀			16		THUOCL
陆寄居蟹			16		THUOCL
露禽			16		THUOCL
鞘翅目天牛科			16		THUOCL
鰕虎鱼科			16		THUOCL
鳍足动物			16		THUOCL
二尾舟蛾			15		THUOCL
二硝托胺			15		THUOCL
凤头苍鹰			15		THUOCL
切叶蚁亚科			15		THUOCL
初次应答			15		THUOCL
半致死浓度			15		THUOCL
叶足动物			15		THUOCL
向天盏			15		THUOCL
品控室			15		THUOCL
夏厕蝇			15		THUOCL
小黄斑弄蝶			15		THUOCL
嵌齿象			15		THUOCL
巨型帕卢斯蚯蚓			15		THUOCL
帽蛇			15		THUOCL
彭布罗克柯基犬			15		THUOCL
德国肉用美利奴羊			15		THUOCL
拿波里獒犬			15		THUOCL
无明显节律			15		THUOCL
杨二尾舟蛾			15		THUOCL
樱桃鱼			15		THUOCL
毛躄鱼			15		THUOCL
浙江白鹅			15		THUOCL
濒危野生动植物种国际贸易公约附录			15		THUOCL
灰卷尾			15		THUOCL
爪哇猫			15		THUOCL
犬副流感病毒			15		THUOCL
猎狐狗			15		THUOCL
猎肠			15		THUOCL
玲珑菊花鸡			15		THUOCL
白顶溪鸲			15		THUOCL
绿咬鹃			15		THUOCL
缺齿鼹			15		THUOCL
罗特希尔德长颈鹿			15		THUOCL
羊皮毛一体			15		THUOCL
肉用黄牛			15		THUOCL
膝沟藻			15		THUOCL
舒伯齐犬			15		THUOCL
苏白猪			15		THUOCL
英国指示犬			15		THUOCL
药材甲			15		THUOCL
裸腹叶须鱼			15		THUOCL
豌豆潜叶蝇			15		THUOCL
路舍蚁			15		THUOCL
轮虫动物门			15		THUOCL
金樱子肉			15		THUOCL
陆蟹			15		THUOCL
韭菜迟眼蕈蚊			15		THUOCL
鮸状黄姑鱼			15		THUOCL
鸻形目			15		THUOCL
鹿角虫			15		THUOCL
黑眉苇莺			15		THUOCL
丁鱥			14		THUOCL
三道眉草鹀			14		THUOCL
五指山蚂蚁鸡			14		THUOCL
侧颈龟亚目			14		THUOCL
勒车犬			14		THUOCL
北京濒危动物中心			14		THUOCL
千禧中国鸟龙			14		THUOCL
古角龙			14		THUOCL
叶子虫			14		THUOCL
塔希提黑珍珠			14		THUOCL
塔斯曼尼亚虎			14		THUOCL
夏威夷灰白蝙蝠			14		THUOCL
小型雪纳瑞犬			14		THUOCL
小紫斑蝶			14		THUOCL
扁担钩子			14		THUOCL
挪威猎鹿犬			14		THUOCL
昆虫行为学			14		THUOCL
曼岛无尾猫			14		THUOCL
杨直角叶蜂			14		THUOCL
格力希利瑞斯蚁			14		THUOCL
橙翅噪鹛			14		THUOCL
欧夜鹰			14		THUOCL
欧洲野猫			14		THUOCL
清蒸全鱼			14		THUOCL
温泉蛇			14		THUOCL
漂浮生物			14		THUOCL
潜叶虫			14		THUOCL
潜蝇科			14		THUOCL
炒牵牛子			14		THUOCL
犬亚科			14		THUOCL
犸君颅龙			14		THUOCL
盐车前子			14		THUOCL
矛尾复虾虎鱼			14		THUOCL
红管药			14		THUOCL
红缘天牛			14		THUOCL
纽形动物门			14		THUOCL
脊髓动物			14		THUOCL
萨卢基犬			14		THUOCL
萨路基猎犬			14		THUOCL
蓝圈八爪鱼			14		THUOCL
虹鲍			14		THUOCL
蜜蜂麻痹病			14		THUOCL
螌蝥			14		THUOCL
褐翅燕鸥			14		THUOCL
西伯利亚爱斯基摩犬			14		THUOCL
赤颈鸫			14		THUOCL
连尾鮰			14		THUOCL
野草鱼			14		THUOCL
驼金龟			14		THUOCL
骷髅头鹰蛾			14		THUOCL
鯮鱼			14		THUOCL
中国斗犬			13		THUOCL
伊丽莎白项圈			13		THUOCL
公将如棠观鱼者			13		THUOCL
加拉鄢秧鸡			13		THUOCL
北大西洋露脊鲸			13		THUOCL
卡迪根威尔士柯基			13		THUOCL
吨煤耗			13		THUOCL
四川山地乌骨鸡			13		THUOCL
天堂凤蝶			13		THUOCL
张氏餐			13		THUOCL
德比贝			13		THUOCL
抹香鲸科动物			13		THUOCL
挪威猎糜犬			13		THUOCL
挪威猫			13		THUOCL
新吉细毛羊			13		THUOCL
无翅海雀			13		THUOCL
杜尔基犬			13		THUOCL
柑桔全爪螨			13		THUOCL
棕榈蓟马			13		THUOCL
樟脑草			13		THUOCL
沙特尔猫			13		THUOCL
混形黔鳄			13		THUOCL
湄公河巨型鲶鱼			13		THUOCL
爻纹细蛾			13		THUOCL
特种动物毛			13		THUOCL
玫瑰扯旗鱼			13		THUOCL
科克犬			13		THUOCL
红娘华			13		THUOCL
纯种斗牛犬			13		THUOCL
纯种比熊犬			13		THUOCL
美国史特富郡			13		THUOCL
美国史特富郡梗			13		THUOCL
美洲鬣蜥亚科			13		THUOCL
肯德鲁			13		THUOCL
芦莺			13		THUOCL
苯扎溴胺			13		THUOCL
英国指示猎犬			13		THUOCL
英国马士提夫犬			13		THUOCL
营冢鸟			13		THUOCL
蚕饰腹寄蝇			13		THUOCL
西伯利亚鹤			13		THUOCL
钢鹅			13		THUOCL
鸟类贸易			13		THUOCL
鹰叭犬			13		THUOCL
黔鳄			13		THUOCL
世界海洋水产图谱			12		THUOCL
中华犬			12		THUOCL
全骨鱼类			12		THUOCL
前鳃亚纲			12		THUOCL
千叶灵芝			12		THUOCL
叉背龙			12		THUOCL
古中华野牛			12		THUOCL
古虫动物门			12		THUOCL
台湾梅花鹿			12		THUOCL
吹号鸽			12		THUOCL
喜斑粉蝶			12		THUOCL
土源性蠕虫			12		THUOCL
天津紫蟹			12		THUOCL
孤鸽			12		THUOCL
小口黑鲈			12		THUOCL
小苇羚			12		THUOCL
度宾犬			12		THUOCL
报喜斑粉蝶			12		THUOCL
携粉足			12		THUOCL
改良小尾寒羊			12		THUOCL
新几内亚鲈鱼			12		THUOCL
桃潜叶蛾			12		THUOCL
横海鳞			12		THUOCL
比利牛斯獒犬			12		THUOCL
灰旱獭			12		THUOCL
烟草潜叶蛾			12		THUOCL
牛手参			12		THUOCL
瘿蚊科			12		THUOCL
砂潜			12		THUOCL
硝呋烯腙			12		THUOCL
粘膜病病毒			12		THUOCL
萤鱿			12		THUOCL
褰鼻蛇			12		THUOCL
赛胃安			12		THUOCL
越南猫			12		THUOCL
近海水产资源			12		THUOCL
迪威詹森			12		THUOCL
逍遥蛛科			12		THUOCL
锥虫胂胺			12		THUOCL
长白山野生蚂蚁			12		THUOCL
阿帕卢萨马			12		THUOCL
阿文绶贝			12		THUOCL
魏玛猎犬			12		THUOCL
鮟鱇目			12		THUOCL
鱂鱼			12		THUOCL
鳤			12		THUOCL
鵎鵼			12		THUOCL
中国扇贝			11		THUOCL
亚洲猎豹			11		THUOCL
卡迪根威尔士柯基犬			11		THUOCL
印度水牛			11		THUOCL
双带小丑			11		THUOCL
古长颈鹿			11		THUOCL
叶状伪足			11		THUOCL
周末小狗			11		THUOCL
咬鹃目			11		THUOCL
啤酒花浸膏			11		THUOCL
喜乐帝犬			11		THUOCL
小毛足鼠			11		THUOCL
尾草履虫			11		THUOCL
山楂粉蝶			11		THUOCL
巴切尔热带草原斑马			11		THUOCL
新腹足目			11		THUOCL
无眼希特勒			11		THUOCL
星虫动物			11		THUOCL
木叶鲽			11		THUOCL
浮游甲壳动物			11		THUOCL
消化循环腔			11		THUOCL
淡水鱼约有			11		THUOCL
溪畔杜鹃			11		THUOCL
潮汕赤蟹			11		THUOCL
灰斑鸻			11		THUOCL
熊猫牛			11		THUOCL
牛流行热病毒			11		THUOCL
白写锦鲤			11		THUOCL
白尾梢红雉			11		THUOCL
科尔沁细毛羊			11		THUOCL
缨小蜂			11		THUOCL
美国硬毛猫			11		THUOCL
药蟹			11		THUOCL
菊花叶枯线虫			11		THUOCL
菊黄东方鲀			11		THUOCL
萎缩蛙			11		THUOCL
藏獚			11		THUOCL
褐耳鹰			11		THUOCL
迟钝爱德华氏菌			11		THUOCL
郧巴黄牛			11		THUOCL
隆鳄			11		THUOCL
飞刀鱼			11		THUOCL
食肉毛毛虫			11		THUOCL
鮧鱼			11		THUOCL
黄岛长吻虫			11		THUOCL
黄河口文蛤			11		THUOCL
黑喉潜鸟			11		THUOCL
东方毛圆线虫			10		THUOCL
中医穴位名			10		THUOCL
中国环颈雉鸡			10		THUOCL
九耳犬			10		THUOCL
二甲氧苄氨嘧啶			10		THUOCL
仿刺参			10		THUOCL
佩恰			10		THUOCL
六点蓟马			10		THUOCL
加岛环企鹅			10		THUOCL
印尼虎			10		THUOCL
墨脱缺翅虫			10		THUOCL
大熊猫细胞库			10		THUOCL
天堂金花蛇			10		THUOCL
小抹香鲸属			10		THUOCL
巴厘岛猫			10		THUOCL
得克萨斯龙			10		THUOCL
拟澳洲赤眼蜂			10		THUOCL
日本黑牛			10		THUOCL
月甲鱼			10		THUOCL
栉盲环毛蚓			10		THUOCL
栉蚕			10		THUOCL
梦幻旗			10		THUOCL
橙腹叶鹎			10		THUOCL
母猪壳			10		THUOCL
湘江野鲤			10		THUOCL
漏斗蛛			10		THUOCL
澳洲有袋类			10		THUOCL
牛囊尾蚴			10		THUOCL
珠鸡科			10		THUOCL
甲磺灭脓			10		THUOCL
界门纲目科属种			10		THUOCL
白耳画眉			10		THUOCL
硬尾鸭			10		THUOCL
约克夏梗犬			10		THUOCL
纸鹦鹉螺章鱼			10		THUOCL
维希拉猎犬			10		THUOCL
绿草履虫			10		THUOCL
舟蛾科			10		THUOCL
茶杯犬			10		THUOCL
草履介壳虫			10		THUOCL
裸眼凤头鹦鹉			10		THUOCL
裸腹重唇鱼			10		THUOCL
西藏獚			10		THUOCL
诺弗勒恶龙			10		THUOCL
谷仓猫头鹰			10		THUOCL
近缘新对虾			10		THUOCL
远东树莺			10		THUOCL
金钱鱼科			10		THUOCL
针毛收获蚁			10		THUOCL
阿那托尔牧羊犬			10		THUOCL
香肠树			10		THUOCL
驻马店正虹			10		THUOCL
黑尾牛羚			10		THUOCL
两栖犀			9		THUOCL
中黑盲蝽			9		THUOCL
人面鸮			9		THUOCL
伪步行虫			9		THUOCL
侏儒猫头鹰			9		THUOCL
儿脾醒			9		THUOCL
凤头鹦鹉科			9		THUOCL
分隔马			9		THUOCL
制远志			9		THUOCL
北京油葫芦			9		THUOCL
双头小猫			9		THUOCL
双翅目蝇科			9		THUOCL
叶足动物门			9		THUOCL
吻鰕虎			9		THUOCL
周质空间			9		THUOCL
四大海味			9		THUOCL
圆型尾			9		THUOCL
塞浦路斯鼠			9		THUOCL
墨胸胡蜂			9		THUOCL
墨脱竹叶青			9		THUOCL
奇台天山龙			9		THUOCL
威尔斯激飞可卡长毛猎犬			9		THUOCL
小壳动物群			9		THUOCL
小猎兔狗			9		THUOCL
小车轮虫属			9		THUOCL
小麦粘虫			9		THUOCL
山楂绢粉蝶			9		THUOCL
岛螣			9		THUOCL
广东潮州犬			9		THUOCL
德昌水牛			9		THUOCL
抗病毒滴眼液			9		THUOCL
斑点猫头鹰			9		THUOCL
日本纽绵蚧			9		THUOCL
暖熊			9		THUOCL
汤姆森瞪羚			9		THUOCL
泥东风螺			9		THUOCL
洛岛红鸡			9		THUOCL
济宁百日鸡			9		THUOCL
深农猪配套系			9		THUOCL
犬胃扩张			9		THUOCL
盐酸氯丙嗪注射			9		THUOCL
短毛猎狐梗			9		THUOCL
祖猎虎			9		THUOCL
稻弄蝶			9		THUOCL
紫仓鼠			9		THUOCL
红边小灰蝶			9		THUOCL
纯种喜乐蒂犬			9		THUOCL
纽波利顿獒犬			9		THUOCL
缘毛目			9		THUOCL
腐烂茎线虫			9		THUOCL
腕足动物门			9		THUOCL
自贡龙			9		THUOCL
芦鹀			9		THUOCL
芬兰驯鹿			9		THUOCL
苏格兰粗毛牧羊犬			9		THUOCL
菜斑潜蝇			9		THUOCL
营田公司			9		THUOCL
蟹类动物			9		THUOCL
裸体方格星虫			9		THUOCL
褐粉虫			9		THUOCL
褐背拟地鸦			9		THUOCL
西班牙指示犬			9		THUOCL
豌豆彩潜蝇			9		THUOCL
越前水母			9		THUOCL
软骨鱼纲全头亚纲			9		THUOCL
迷你英国可卡犬			9		THUOCL
迷齿亚纲			9		THUOCL
陋龙			9		THUOCL
非洲獴			9		THUOCL
韦尔斯猫			9		THUOCL
鰟鮍			9		THUOCL
鲑冠凤头鹦鹉			9		THUOCL
黑乳海参			9		THUOCL
黑喉石鵖			9		THUOCL
龙眼角颊木虱			9		THUOCL
丸花蜂			8		THUOCL
亲水性病毒			8		THUOCL
仔猪梭菌性肠炎			8		THUOCL
伟鬣齿兽			8		THUOCL
伪蝎			8		THUOCL
侏儒抹香鲸			8		THUOCL
分线经营			8		THUOCL
加拿大荒地盘羊			8		THUOCL
南中国虎			8		THUOCL
双线嗜粘液蛞蝓			8		THUOCL
台湾稻螟			8		THUOCL
向日葵螟			8		THUOCL
四耳猫			8		THUOCL
夜蜂虎			8		THUOCL
夜鹭属			8		THUOCL
大溪地蝶			8		THUOCL
宠物殡仪馆			8		THUOCL
寄居姬蛛			8		THUOCL
庞贝虫			8		THUOCL
微量营养成份			8		THUOCL
德氏长尾猴			8		THUOCL
怒江裂腹鱼			8		THUOCL
戴帽叶猴			8		THUOCL
日本枪乌贼			8		THUOCL
日本短毛猫			8		THUOCL
日本蟳			8		THUOCL
月光螺			8		THUOCL
林百灵			8		THUOCL
枸杞负泥虫			8		THUOCL
柏肤小蠹			8		THUOCL
柑橘小实蝇			8		THUOCL
梨形四膜虫			8		THUOCL
楔尾雕			8		THUOCL
武汉猫狮			8		THUOCL
清波鱼			8		THUOCL
澳洲星点龙			8		THUOCL
猎豹亚科			8		THUOCL
猫型亚目			8		THUOCL
珍珠狗头			8		THUOCL
眉杈鹿			8		THUOCL
矛形双腔吸虫			8		THUOCL
矮脚狄文梗			8		THUOCL
笠贝			8		THUOCL
终末寄主			8		THUOCL
缅甸莽			8		THUOCL
肖叶甲			8		THUOCL
英国寻血猎犬			8		THUOCL
英国激飞可卡长毛猎犬			8		THUOCL
英国长毛猫			8		THUOCL
荧光乌贼			8		THUOCL
菜潜蝇			8		THUOCL
蟫鱼			8		THUOCL
蠮螉			8		THUOCL
行军蚁亚科			8		THUOCL
边缘小钩			8		THUOCL
野鲮亚科			8		THUOCL
银叶杜鹃			8		THUOCL
银杏超小卷叶蛾			8		THUOCL
长沙大北农			8		THUOCL
阿拉斯加爱斯基摩犬			8		THUOCL
陇东黑山羊			8		THUOCL
领鸺鹠			8		THUOCL
高组胺鱼类中毒			8		THUOCL
黑守瓜			8		THUOCL
一角鲸科			7		THUOCL
中华绒螯蟹生态养殖			7		THUOCL
中华缺翅虫			7		THUOCL
中甸重唇鱼			7		THUOCL
中约克夏猪			7		THUOCL
传染性口腔炎			7		THUOCL
光胸断眼天牛			7		THUOCL
兔袋狸			7		THUOCL
加拿大马鹿			7		THUOCL
南方古猿亚科			7		THUOCL
卡地甘威尔士柯基犬			7		THUOCL
印度陆龟			7		THUOCL
厩腐蝇			7		THUOCL
去甲雄三烯醇酮			7		THUOCL
古典英国牧羊犬			7		THUOCL
古杯动物			7		THUOCL
吐绶鸡科			7		THUOCL
吡啶基醋酸汞			7		THUOCL
天使之翼海鸥蛤			7		THUOCL
婴猴属			7		THUOCL
小毛猬			7		THUOCL
小瓜虫属			7		THUOCL
小硬鳄			7		THUOCL
小红瓢虫			7		THUOCL
小翼指			7		THUOCL
尾感器亚纲			7		THUOCL
广斧螳			7		THUOCL
扭月贝			7		THUOCL
数字蝶			7		THUOCL
新对虾属			7		THUOCL
春兰三星蝶			7		THUOCL
曳丝			7		THUOCL
有爪类			7		THUOCL
柱状嗜纤维菌			7		THUOCL
棉小造桥虫			7		THUOCL
欧巴宾海蝎			7		THUOCL
欧洲宽耳蝠			7		THUOCL
欧洲陆龟			7		THUOCL
正期归巢			7		THUOCL
比利牛斯牧羊犬			7		THUOCL
河川沙塘鳢			7		THUOCL
淡剑袭夜蛾			7		THUOCL
潜蝇茧蜂			7		THUOCL
炒山桅			7		THUOCL
牡荆叶			7		THUOCL
犬羚			7		THUOCL
猫坚强			7		THUOCL
珍珠倒吊			7		THUOCL
白氏文昌鱼			7		THUOCL
福泽泻			7		THUOCL
类志贺邻单胞菌			7		THUOCL
红晕杜鹃			7		THUOCL
红玫瑰毛蜘蛛			7		THUOCL
缨尾目			7		THUOCL
缺带花布灯蛾			7		THUOCL
网纹长颈鹿			7		THUOCL
翼形亚纲			7		THUOCL
芒果扁喙叶蝉			7		THUOCL
苏门答腊斑纹兔			7		THUOCL
英国大猫			7		THUOCL
茅山螃蟹			7		THUOCL
茶长白蚧			7		THUOCL
蒙古红鮊			7		THUOCL
蓝圆鯵			7		THUOCL
蜜柑大实蝇			7		THUOCL
褐几维			7		THUOCL
褐几维鸟			7		THUOCL
西非海牛			7		THUOCL
贝林顿梗			7		THUOCL
贫齿类			7		THUOCL
赛里木湖水怪			7		THUOCL
越南捕鸟蛛			7		THUOCL
鄯善龙			7		THUOCL
金线盒龟			7		THUOCL
长沙天一			7		THUOCL
陆生寄居蟹			7		THUOCL
青梢红鲌			7		THUOCL
项圈蜥亚科			7		THUOCL
鱼类资源评估			7		THUOCL
鶗鴃			7		THUOCL
黑黎鸡			7		THUOCL
世界蝴蝶分类名录			6		THUOCL
东乡黑羽绿壳蛋鸡			6		THUOCL
中东金蝎			6		THUOCL
中外名犬邮票			6		THUOCL
中甸马			6		THUOCL
云南半细毛羊			6		THUOCL
伟铗			6		THUOCL
八重山蝎			6		THUOCL
冰岛牧羊犬			6		THUOCL
凹指招潮			6		THUOCL
刺佬儿			6		THUOCL
北京大熊猫馆			6		THUOCL
北京挚爱动物医院			6		THUOCL
卢氏小树蛙			6		THUOCL
卷叶野螟			6		THUOCL
双叶铃木龙			6		THUOCL
双须重唇鱼			6		THUOCL
咖啡小爪螨			6		THUOCL
塞浦路斯闪蝶			6		THUOCL
外来种短毛猫			6		THUOCL
多节绦虫亚纲			6		THUOCL
大叶黄杨长毛斑蛾			6		THUOCL
大比利牛斯犬			6		THUOCL
大熊猫泉泉			6		THUOCL
安德烈勃默德			6		THUOCL
宠物消费品			6		THUOCL
岔路黑猪			6		THUOCL
川纹笛鲷			6		THUOCL
巴格达有爱			6		THUOCL
希腊猎犬			6		THUOCL
彩鹮			6		THUOCL
怡乐村并殖吸虫			6		THUOCL
成都蚂蚁搬家公司			6		THUOCL
摩利鱼			6		THUOCL
效应浓度			6		THUOCL
斗牛马士提夫犬			6		THUOCL
新月锦鱼			6		THUOCL
新疆裸重唇鱼			6		THUOCL
无畏龙			6		THUOCL
日本军用鸽			6		THUOCL
日本囊对虾			6		THUOCL
日本新糠虾			6		THUOCL
易危动物			6		THUOCL
月季叶蜂			6		THUOCL
朱红大杜鹃			6		THUOCL
枇杷黄毛虫			6		THUOCL
柏小爪螨			6		THUOCL
桃一点叶蝉			6		THUOCL
棕腹杜鹃			6		THUOCL
椰子螺			6		THUOCL
欧亚河狸			6		THUOCL
欧洲缅甸猫			6		THUOCL
比利时特弗伦犬			6		THUOCL
毛臀刺鼠科			6		THUOCL
毛足棒角蝗			6		THUOCL
水猿理论			6		THUOCL
污灯蛾			6		THUOCL
沐川乌骨黑鸡			6		THUOCL
河北细毛羊			6		THUOCL
泗水玫瑰鱼			6		THUOCL
泡沫珊瑚			6		THUOCL
潜得最深  动物			6		THUOCL
灰鲸科			6		THUOCL
烟台糁糠鸡			6		THUOCL
牛猫加菲			6		THUOCL
犀金龟科			6		THUOCL
王鹟			6		THUOCL
玫瑰水晶眼蝶			6		THUOCL
瓢甲科			6		THUOCL
瘤鼻鸽			6		THUOCL
白唇鹿角			6		THUOCL
白汁鱼唇			6		THUOCL
皱唇鲨科			6		THUOCL
短尾鴗科			6		THUOCL
短毛细犬			6		THUOCL
竹乡鸡			6		THUOCL
粗唇鮠			6		THUOCL
红娘花			6		THUOCL
红眼蝉			6		THUOCL
红角鴞			6		THUOCL
绝对生殖力			6		THUOCL
维多利亚凤冠鸠			6		THUOCL
维那犬			6		THUOCL
缨鳃虫			6		THUOCL
美丽奴绵羊			6		THUOCL
肖叶甲科			6		THUOCL
花曲柳窄吉丁			6		THUOCL
苇鹀			6		THUOCL
草原滋补鸡			6		THUOCL
葱潜叶蝇			6		THUOCL
蔷薇三节叶蜂			6		THUOCL
被遥远地			6		THUOCL
褶颊虫目			6		THUOCL
西非冠鹤			6		THUOCL
角蝉科			6		THUOCL
贝德灵顿梗			6		THUOCL
赫希底里群岛黑龙			6		THUOCL
路氏双髻鲨			6		THUOCL
达乌里寒鸦			6		THUOCL
远角犀			6		THUOCL
邪神加坦杰厄			6		THUOCL
针叶小爪螨			6		THUOCL
长毛暹罗猫			6		THUOCL
闭管式循环系统			6		THUOCL
阿拉帕哈蓝血斗牛犬			6		THUOCL
陆行鲸			6		THUOCL
露斯塔野鲮			6		THUOCL
霸雀			6		THUOCL
霸鹟科			6		THUOCL
青鱂			6		THUOCL
青鱂鱼			6		THUOCL
鮈亚科			6		THUOCL
鵎鵼科			6		THUOCL
鷿鷈			6		THUOCL
鸻科			6		THUOCL
黄眉鹀			6		THUOCL
黑鮶鱼			6		THUOCL
鼋鼍为梁			6		THUOCL
一角鱼			5		THUOCL
三星黄斑弄蝶			5		THUOCL
三间虎			5		THUOCL
不莱梅乐队			5		THUOCL
丝路龙			5		THUOCL
中华田园猫			5		THUOCL
为贵妇乘用			5		THUOCL
五花虎头			5		THUOCL
五花蝶尾			5		THUOCL
亚达伯拉象龟			5		THUOCL
似鱤			5		THUOCL
侧颈龟科			5		THUOCL
假人字蝶			5		THUOCL
养殖暗纹东方鲀			5		THUOCL
内蒙古半细毛羊			5		THUOCL
加拿大布尔吉斯生物群			5		THUOCL
动物也做梦			5		THUOCL
努比山羊			5		THUOCL
北戴河中心实验站			5		THUOCL
南部锦龟			5		THUOCL
卢犬			5		THUOCL
卷心菜毛虫			5		THUOCL
双小核草履虫			5		THUOCL
双斜卷叶蛾			5		THUOCL
古魔翼龙			5		THUOCL
台湾角金龟			5		THUOCL
叶草斑潜蝇			5		THUOCL
喜马拉雅兀鹫			5		THUOCL
嗽金鸟			5		THUOCL
囊基膜			5		THUOCL
地犀鸟			5		THUOCL
地瓜鱼			5		THUOCL
埃姆登鹅			5		THUOCL
基里奥犬			5		THUOCL
塔什库尔干大尾羊			5		THUOCL
大猿叶甲			5		THUOCL
女神蛤			5		THUOCL
威尔逊风暴海燕			5		THUOCL
小招潮蟹			5		THUOCL
小斑猫			5		THUOCL
小猫虎子			5		THUOCL
小线角木蠹蛾			5		THUOCL
小齿灵猫			5		THUOCL
希瓦格			5		THUOCL
帕森拉希尔梗			5		THUOCL
异鱲			5		THUOCL
弗洛伯毛虫			5		THUOCL
德国短毛指示猎犬			5		THUOCL
德国美利奴羊			5		THUOCL
恐角兽			5		THUOCL
恐角目			5		THUOCL
敬钊缨毛蛛			5		THUOCL
文昌猪			5		THUOCL
无角道赛特羊			5		THUOCL
昼夜垂直移动			5		THUOCL
有鞭蝎			5		THUOCL
木兰杜鹃			5		THUOCL
林蚺科			5		THUOCL
林蝗			5		THUOCL
柞蚕饰腹寄蝇			5		THUOCL
椰蟹			5		THUOCL
楯齿龙类			5		THUOCL
榕管蓟马			5		THUOCL
海赛克斯褐壳蛋鸡			5		THUOCL
灰背伯劳			5		THUOCL
熊猫异形			5		THUOCL
牛瘤胃膨胀			5		THUOCL
犊新蛔虫病			5		THUOCL
猫儿山小鲵			5		THUOCL
珍珠贝目			5		THUOCL
白领凤鹛			5		THUOCL
盲蝽类			5		THUOCL
盲鳗目			5		THUOCL
硬毛鼠			5		THUOCL
磺胺喹噁啉钠			5		THUOCL
竞争排除原理			5		THUOCL
笨笨森林日志			5		THUOCL
笨笨森林日记			5		THUOCL
粉斑夜蛾			5		THUOCL
糯谷猪			5		THUOCL
紫灰锦蛇			5		THUOCL
紫背苇			5		THUOCL
红珍珠关刀			5		THUOCL
红虎斑异国短毛猫			5		THUOCL
肖尼龙			5		THUOCL
花叶勒杜鹃			5		THUOCL
花小丑			5		THUOCL
英国第一猫			5		THUOCL
茶杯贵宾犬			5		THUOCL
蛁蟟			5		THUOCL
蛎敌荔枝螺			5		THUOCL
蜂虎科			5		THUOCL
蜣螂转丸			5		THUOCL
裸背电鳗目			5		THUOCL
褐粉蠹			5		THUOCL
西亚豺			5		THUOCL
詹姆斯火烈鸟			5		THUOCL
贪叶夜蛾			5		THUOCL
迷卡斗蟋			5		THUOCL
重点色异国短毛猫			5		THUOCL
钳棘目			5		THUOCL
银报应			5		THUOCL
长毛蜘蛛鹰			5		THUOCL
长毛蟹			5		THUOCL
阿门角石			5		THUOCL
陆良鲇鱼			5		THUOCL
隆林黄牛			5		THUOCL
雄性附肢			5		THUOCL
马尔三叶形虫			5		THUOCL
鯵鱼			5		THUOCL
鲜鱼曰脡祭			5		THUOCL
黄斑卷叶蛾			5		THUOCL
黄粉虫虫种			5		THUOCL
黄肥尾蝎			5		THUOCL
黄鶺鴒			5		THUOCL
一线铅笔			4		THUOCL
下孔总目			4		THUOCL
不列颠猫			4		THUOCL
专性寄生虫			4		THUOCL
丙酸锌			4		THUOCL
东玫瑰鹦鹉			4		THUOCL
丝棉木金星尺蛾			4		THUOCL
中国军用鸽			4		THUOCL
丰城灰鹅			4		THUOCL
乞丐虫			4		THUOCL
云斑粉蝶			4		THUOCL
云纹猫鲨			4		THUOCL
五线叶虾虎鱼			4		THUOCL
人面动物			4		THUOCL
侏儒啄木鸟			4		THUOCL
侏儒猪			4		THUOCL
兔猴类			4		THUOCL
兴义亚洲鳞齿鱼			4		THUOCL
其中淡水鱼约			4		THUOCL
养殖红鳍东方鲀			4		THUOCL
凹缘菱纹叶蝉			4		THUOCL
剪股颖粒线虫			4		THUOCL
动物也会撒谎			4		THUOCL
北方凹指招潮			4		THUOCL
北方蓝鳍金枪鱼			4		THUOCL
单孔类哺乳动物			4		THUOCL
单环刺螠			4		THUOCL
印度野狗			4		THUOCL
及包含范围			4		THUOCL
双肌臀大白猪			4		THUOCL
古老英国斗牛犬			4		THUOCL
台湾土犬			4		THUOCL
台湾烙铁头			4		THUOCL
台湾野兔			4		THUOCL
吕宋小			4		THUOCL
咽磨			4		THUOCL
品系免疫			4		THUOCL
响弦角企鹅			4		THUOCL
四国犬			4		THUOCL
四川鮰			4		THUOCL
圆趾蟹			4		THUOCL
圣格鲁迪牛			4		THUOCL
圣路西亚亚马逊鹦鹉			4		THUOCL
坝坝鱼			4		THUOCL
墨西哥兔唇蝠			4		THUOCL
墨西哥无毛狗			4		THUOCL
夏威夷狂			4		THUOCL
多伯曼平犬			4		THUOCL
大牙土天牛			4		THUOCL
大眼长尾鲨			4		THUOCL
天山副巨犀			4		THUOCL
头楯目			4		THUOCL
奥卡诺根湖怪			4		THUOCL
好随鱼舸此中间			4		THUOCL
对齿兽目			4		THUOCL
小嘴贝目			4		THUOCL
小圆蛤			4		THUOCL
小星头啄木鸟			4		THUOCL
小满月蛤			4		THUOCL
小舌硬水母			4		THUOCL
小露尾甲			4		THUOCL
小鷿鷈			4		THUOCL
小黄卷叶蛾			4		THUOCL
帆蜥鱼亚目			4		THUOCL
广斧螳螂			4		THUOCL
康乐鸡			4		THUOCL
开远古猿			4		THUOCL
扁石蝎			4		THUOCL
投喂频率			4		THUOCL
抛掉一官如粪壤			4		THUOCL
拟小黄卷叶蛾			4		THUOCL
挪威猎犬			4		THUOCL
斯塔福德牛头梗			4		THUOCL
新月形斑纹			4		THUOCL
无毛猿			4		THUOCL
星云白鱼			4		THUOCL
普通鳾			4		THUOCL
有孔虫目			4		THUOCL
有棘目			4		THUOCL
有铰纲			4		THUOCL
木撩尺蠖			4		THUOCL
朱鹮华华			4		THUOCL
杜鹃网蝽			4		THUOCL
极危物种桃花鱼			4		THUOCL
林甸鸡			4		THUOCL
栗鸮			4		THUOCL
梭形高原鳅			4		THUOCL
椰子缢胸叶甲			4		THUOCL
楔翼总目			4		THUOCL
欧洲榆小蠹			4		THUOCL
毛野扁豆			4		THUOCL
河北宠物			4		THUOCL
法国斗牛狗			4		THUOCL
法落海			4		THUOCL
浅色黄姑鱼			4		THUOCL
浅蜊			4		THUOCL
浙江华溪蟹			4		THUOCL
浙江天台盆地			4		THUOCL
涨渡湖黄颡鱼			4		THUOCL
湘华鲮			4		THUOCL
潜蝇姬小蜂			4		THUOCL
潜鸭属			4		THUOCL
火焰山鄯善龙			4		THUOCL
灰地种蝇			4		THUOCL
灰翅夜蛾			4		THUOCL
牙鲆科			4		THUOCL
牡丹犬			4		THUOCL
特波疣猪			4		THUOCL
犬型亚目			4		THUOCL
狗绦虫			4		THUOCL
猪巨吻棘头虫			4		THUOCL
猫鲨科			4		THUOCL
玫瑰茎蜂			4		THUOCL
现代渔业信息			4		THUOCL
珠蟞鱼			4		THUOCL
疟原虫科			4		THUOCL
白珠鸡			4		THUOCL
白节黑			4		THUOCL
盐湖蝇			4		THUOCL
盖刺鱼科			4		THUOCL
直额绒螯蟹			4		THUOCL
盾尾蜥亚科			4		THUOCL
眼斑沼龟			4		THUOCL
秘雕鱼			4		THUOCL
稻螟赤眼蜂			4		THUOCL
空齿鹿亚科			4		THUOCL
第十届全运会吉祥物			4		THUOCL
米契尔少校凤头鹦鹉			4		THUOCL
类剑齿虎			4		THUOCL
粗角猛蚁亚科			4		THUOCL
紫斑鸽			4		THUOCL
红缘灯蛾			4		THUOCL
纽芬兰白狼			4		THUOCL
细皮瘤尾守宫			4		THUOCL
绉绸龟			4		THUOCL
美国卷毛猫			4		THUOCL
耶米熊			4		THUOCL
肖蛸			4		THUOCL
胫脊			4		THUOCL
胸窗			4		THUOCL
臭蚁亚科			4		THUOCL
艾氏活额寄居蟹			4		THUOCL
苏格兰马鹿			4		THUOCL
英国栗色猫			4		THUOCL
莫斯科护卫犬			4		THUOCL
莫森水母			4		THUOCL
莫罗苏斯犬			4		THUOCL
蓄奴蚁			4		THUOCL
蓝尾灰吊			4		THUOCL
蜥虎属			4		THUOCL
蟌科			4		THUOCL
蟹獴			4		THUOCL
褐颊噪犀鸟			4		THUOCL
襄樊楚天			4		THUOCL
西藏高山牦牛			4		THUOCL
贫营养型湖泊			4		THUOCL
跗跖骨			4		THUOCL
躄鱼属			4		THUOCL
醋五味子			4		THUOCL
重点色短毛猫			4		THUOCL
野生动物饲养业			4		THUOCL
金脚红毛蟹			4		THUOCL
长肋日月贝			4		THUOCL
雌性交接器			4		THUOCL
韭菜根蛆			4		THUOCL
食蟹獴			4		THUOCL
马来亚长臂猿			4		THUOCL
马达加斯加发声蟑螂			4		THUOCL
鳞翅目灯蛾科			4		THUOCL
鸊鷉目			4		THUOCL
鸟类传统分类系统			4		THUOCL
鹤鱵			4		THUOCL
黄带蓝天牛			4		THUOCL
黄斑天牛			4		THUOCL
黔东南小香鸡			4		THUOCL
一号半红龙			3		THUOCL
三亿余年前			3		THUOCL
三文鱼贫血症			3		THUOCL
三角招潮			3		THUOCL
东丰型梅花鹿			3		THUOCL
中华凤头燕鸥			3		THUOCL
中华双腔吸虫			3		THUOCL
中华枝睾吸虫			3		THUOCL
中华粘体虫			3		THUOCL
中华粘体虫病			3		THUOCL
中国大白猫			3		THUOCL
中国枪乌贼			3		THUOCL
丽文蛤			3		THUOCL
丽牛角			3		THUOCL
乌拉特滩羊			3		THUOCL
乌苏里圆田螺			3		THUOCL
乔科马			3		THUOCL
乞讨狗			3		THUOCL
二千几百年前			3		THUOCL
二点委夜蛾			3		THUOCL
二胚层动物			3		THUOCL
五千多年历程			3		THUOCL
五房贝			3		THUOCL
亚非草蛉			3		THUOCL
仔猪信息			3		THUOCL
伊犁弓鱼			3		THUOCL
优越斑粉蝶			3		THUOCL
佛氏完全佐剂			3		THUOCL
关爷脸杏			3		THUOCL
凉山半细毛羊			3		THUOCL
剑鸻			3		THUOCL
加富培养基			3		THUOCL
加拿大水獭			3		THUOCL
化石战争			3		THUOCL
卡德卑斯太尔犬			3		THUOCL
印度星斑陆龟			3		THUOCL
印度枪鱼			3		THUOCL
印度白背兀鹫			3		THUOCL
印度秃鹰			3		THUOCL
印度野驴			3		THUOCL
去皮豆粕			3		THUOCL
双效磷			3		THUOCL
变形鞭毛虫			3		THUOCL
和牡蛎以及其他			3		THUOCL
团花锦蛇			3		THUOCL
围胸目			3		THUOCL
圆形碘泡虫			3		THUOCL
地必虫			3		THUOCL
墨西哥红尾			3		THUOCL
墨西哥虎鲨			3		THUOCL
复方戊二醛			3		THUOCL
夜光猫			3		THUOCL
夜行虎			3		THUOCL
夜鹰科			3		THUOCL
大型波登格葡萄牙犬			3		THUOCL
大红娘华			3		THUOCL
奥杜邦长腿冠鹰			3		THUOCL
孝乌			3		THUOCL
孤雌胎生蚜			3		THUOCL
寿光大鸡			3		THUOCL
小叶榕木虱			3		THUOCL
小弄蝶			3		THUOCL
小弯嘴画眉			3		THUOCL
小抹香鲸亚科			3		THUOCL
小露脊鲸			3		THUOCL
小鹀			3		THUOCL
少女神仙			3		THUOCL
尖翅银灰蝶			3		THUOCL
尝见一蜘蛛			3		THUOCL
山谷接骨木天牛			3		THUOCL
川硬皮肿腿蜂			3		THUOCL
巧克力重点色猫			3		THUOCL
布鲁塞尔粗毛猎犬			3		THUOCL
希腊陆龟			3		THUOCL
并殖吸虫属			3		THUOCL
德国宾莎犬			3		THUOCL
德拜鹦鹉			3		THUOCL
心斑刺尾鱼			3		THUOCL
忠犬八千			3		THUOCL
意大利灰狗			3		THUOCL
戈登蹲猎犬			3		THUOCL
截尾犬			3		THUOCL
扭月贝目			3		THUOCL
扭玻利顿犬			3		THUOCL
抗疟蚊			3		THUOCL
披毛亚目			3		THUOCL
拟小抹香鲸			3		THUOCL
拟软体动物			3		THUOCL
文登黑鸭			3		THUOCL
斯芬克司猫			3		THUOCL
新墨西哥狼			3		THUOCL
新安江虹鳟鱼			3		THUOCL
新汉夏鸡			3		THUOCL
新西兰红嘴鸥			3		THUOCL
无尾感器亚纲			3		THUOCL
日鳽			3		THUOCL
日鳽科			3		THUOCL
昆士兰果实蝇			3		THUOCL
昆虫病毒病			3		THUOCL
星点东方鲀			3		THUOCL
星白雪灯蛾			3		THUOCL
星虫动物门			3		THUOCL
暗灰鹃			3		THUOCL
木兰青凤蝶			3		THUOCL
机会致病寄生虫			3		THUOCL
机械虾			3		THUOCL
杜鹃军配虫			3		THUOCL
枸杞红瘿蚊			3		THUOCL
栎旋木柄天牛			3		THUOCL
核桃扁叶甲			3		THUOCL
棕榈凤头鹦鹉			3		THUOCL
棕背黑头鸫			3		THUOCL
棕腹仙鹟			3		THUOCL
森林革蜱			3		THUOCL
植绥螨科			3		THUOCL
椰圆蚧			3		THUOCL
椰心叶甲啮小蜂			3		THUOCL
楔尾绿鸠			3		THUOCL
楔齿龙			3		THUOCL
榕木虱			3		THUOCL
檵木叶			3		THUOCL
欧洲大榆小蠹			3		THUOCL
比利牛斯北山羊			3		THUOCL
毛腿夜鹰			3		THUOCL
汕尾水产品批发市场			3		THUOCL
泛农花猪			3		THUOCL
浙江中白猪			3		THUOCL
浙江长兴煤山剖面			3		THUOCL
澳大利亚犬			3		THUOCL
灯芯草雀			3		THUOCL
灯蛾毛虫			3		THUOCL
灵山香鸡			3		THUOCL
爱尔兰软毛麦色梗			3		THUOCL
牛头獒犬			3		THUOCL
牟勒氏幼虫			3		THUOCL
犀牛甲虫			3		THUOCL
独角黑犀牛			3		THUOCL
玫瑰毒鮋			3		THUOCL
瑞典柯基犬			3		THUOCL
甜甜圈龟			3		THUOCL
甲壳笔石目			3		THUOCL
白尾海鵰			3		THUOCL
白底辐肛参			3		THUOCL
白颊黄眉企鹅			3		THUOCL
盐沙苑子			3		THUOCL
盐酸胃复安			3		THUOCL
盔鵙			3		THUOCL
矛形剑带绦虫			3		THUOCL
稻小潜叶蝇			3		THUOCL
稻虱缨小蜂			3		THUOCL
笑猫头鹰			3		THUOCL
第一小颚			3		THUOCL
米切尔眼蝶			3		THUOCL
籽鹬科			3		THUOCL
粉白龙猫			3		THUOCL
粗毛柯利牧羊犬			3		THUOCL
粘细胞			3		THUOCL
红颈苇鹀			3		THUOCL
红颊獴			3		THUOCL
纯种阿拉斯加犬			3		THUOCL
纹兔袋鼠			3		THUOCL
纽齿目			3		THUOCL
细盲蛇			3		THUOCL
绥芬河滩头鱼			3		THUOCL
绿色轰炸机			3		THUOCL
美丽硬仆骨舌鱼			3		THUOCL
美国军用鸽			3		THUOCL
翠鴗科			3		THUOCL
腔笔石目			3		THUOCL
膝龙			3		THUOCL
芬兰丝毛犬			3		THUOCL
花蚊虫			3		THUOCL
苍耳虫			3		THUOCL
苏格兰弯耳猫			3		THUOCL
苏氏圆腹鱼芒			3		THUOCL
茅尖鱼			3		THUOCL
茶长卷叶蛾			3		THUOCL
葱地种蝇			3		THUOCL
蔷薇带鰆			3		THUOCL
蜜蜂微孢子虫			3		THUOCL
蜥脚次亚目			3		THUOCL
蝎子养殖技术			3		THUOCL
蝎蛉科			3		THUOCL
螆蛦			3		THUOCL
褐叶圆蚧			3		THUOCL
西部高地白挭			3		THUOCL
豆卷叶野螟			3		THUOCL
豆小卷叶蛾			3		THUOCL
豌豆蚜			3		THUOCL
越前蟹			3		THUOCL
轮虫纲			3		THUOCL
软骨硬鳞鱼次亚纲			3		THUOCL
酱曲露尾甲			3		THUOCL
钦迪龙			3		THUOCL
铅点东方鲀			3		THUOCL
长乐灰鹅			3		THUOCL
长尾林鸮			3		THUOCL
长尾龙猫			3		THUOCL
长颌鰆鯵			3		THUOCL
阿劳特拉鸊鹈			3		THUOCL
雪影狼			3		THUOCL
雪梨漏斗网蜘蛛			3		THUOCL
青川犬			3		THUOCL
非洲侏鳄			3		THUOCL
香菇珊瑚			3		THUOCL
马略卡獒			3		THUOCL
马达加斯加彩虹			3		THUOCL
马铃薯二十八星瓢虫			3		THUOCL
高加索野牛			3		THUOCL
高地折耳猫			3		THUOCL
鮹鱼			3		THUOCL
鱼舲			3		THUOCL
鱼虫净			3		THUOCL
鲢中华鱼蚤			3		THUOCL
鳞尾鼯鼠科			3		THUOCL
鸊鷉科			3		THUOCL
鹟鴷科			3		THUOCL
鹰爪龙			3		THUOCL
黄肚红耳龟			3		THUOCL
黄额闭壳龟			3		THUOCL
黑日光灯			3		THUOCL
黑眉拟啄木鸟			3		THUOCL
黑色魔鬼鱼			3		THUOCL
黑褐圆盾蚧			3		THUOCL
一化性柞蚕			2		THUOCL
一般剑齿虎			2		THUOCL
三节吻库蚊			2		THUOCL
三趾心颅跳鼠			2		THUOCL
下孔亚纲			2		THUOCL
专性厌氧型			2		THUOCL
专性滞育			2		THUOCL
东德德牧			2		THUOCL
东方墨头鱼			2		THUOCL
中华近方蟹			2		THUOCL
中欧山松大小蠹			2		THUOCL
乌脚枪			2		THUOCL
乌苏里鮠			2		THUOCL
云粉蝶			2		THUOCL
五房贝目			2		THUOCL
亚急性毒性作用			2		THUOCL
亚非马蜂			2		THUOCL
亚马孙海牛			2		THUOCL
伊中伪蜻			2		THUOCL
伊希斯龙			2		THUOCL
伊维萨猎犬			2		THUOCL
伪切叶蚁亚科			2		THUOCL
似刺鳊鮈			2		THUOCL
侏儒海棠兔			2		THUOCL
侧腔目			2		THUOCL
倭抹香鲸			2		THUOCL
克罗斯河大猩猩			2		THUOCL
克里小猎犬			2		THUOCL
兔粘液瘤病病毒			2		THUOCL
全齿目			2		THUOCL
兰开夏跟脚犬			2		THUOCL
关公蟹属			2		THUOCL
兴化大闸蟹			2		THUOCL
内鼻孔亚纲			2		THUOCL
冈比亚有袋鼠			2		THUOCL
写皮光鲤			2		THUOCL
列齿目			2		THUOCL
刺盖鱼科			2		THUOCL
加拿大爱斯基摩犬			2		THUOCL
匈牙利硬毛			2		THUOCL
北京竞合卓越广告公司			2		THUOCL
半翅目蝽科			2		THUOCL
华南壁钱			2		THUOCL
华南缺齿鼹			2		THUOCL
华缨鱼			2		THUOCL
南漳湖北鳄			2		THUOCL
印太水孔蛸			2		THUOCL
印度红小丑			2		THUOCL
印度蜜蜂			2		THUOCL
印缅金钗股			2		THUOCL
原康修尔猿科			2		THUOCL
原蜥脚次亚目			2		THUOCL
双全白环蛇			2		THUOCL
双翅目摇蚊科			2		THUOCL
双翅目花蝇科			2		THUOCL
反嘴鹬科			2		THUOCL
古偶蹄兽			2		THUOCL
古纺锤			2		THUOCL
台湾小鲵			2		THUOCL
台湾山羌			2		THUOCL
台湾纹白蝶			2		THUOCL
史柔查梗			2		THUOCL
叽咋柳莺			2		THUOCL
吴氏巨颅兽			2		THUOCL
啸鸭			2		THUOCL
喀麦隆巨蛙			2		THUOCL
嘉庚水母			2		THUOCL
四川毛尾睡鼠			2		THUOCL
四点象天牛			2		THUOCL
圆形动物门			2		THUOCL
圆线虫目			2		THUOCL
圆翅紫斑蝶			2		THUOCL
土垄大白蚁			2		THUOCL
圣卢西亚鹦鹉			2		THUOCL
塌鼻猴			2		THUOCL
墨西哥毒蜥			2		THUOCL
壮家叉			2		THUOCL
大丽花钻心虫			2		THUOCL
大围山微型鸡			2		THUOCL
大斑几维			2		THUOCL
大胡子雕			2		THUOCL
大西洋喷口盲虾			2		THUOCL
大西洋漠斑牙鲆			2		THUOCL
大避债蛾			2		THUOCL
天堂极乐鸟			2		THUOCL
奥科兰岛秧鸡			2		THUOCL
如东狼山鸡			2		THUOCL
密西西比铲鲟			2		THUOCL
对盲囊线虫属			2		THUOCL
小兔猼			2		THUOCL
小叶猫			2		THUOCL
小型勃拉帮特格里芬犬			2		THUOCL
小斑几维			2		THUOCL
小灰蝶科			2		THUOCL
小耳犬			2		THUOCL
小造桥夜蛾			2		THUOCL
小鮰			2		THUOCL
小鸊鷉属			2		THUOCL
小鹿角珊瑚			2		THUOCL
小麦灰飞虱			2		THUOCL
小黄粉蝶			2		THUOCL
小齿日本银鱼			2		THUOCL
小齿椰子猫			2		THUOCL
山窗萤			2		THUOCL
山鹡鸰			2		THUOCL
川味蟹			2		THUOCL
左家改良雉鸡			2		THUOCL
希腊牧羊犬			2		THUOCL
平毛巡回猎犬			2		THUOCL
库页岛鲟			2		THUOCL
德国纯种腊肠狗			2		THUOCL
性感虾			2		THUOCL
所罗门岛折衷鹦鹉			2		THUOCL
拉布拉多德利犬			2		THUOCL
招潮蟹属			2		THUOCL
拥剑梭子蟹			2		THUOCL
拳击蟹			2		THUOCL
掘地蜂			2		THUOCL
收割蚁			2		THUOCL
斑林鸽			2		THUOCL
斑驴贻贝			2		THUOCL
斜纹猫蛛			2		THUOCL
斯文豪氏赤蛙			2		THUOCL
新几内亚极乐鸟			2		THUOCL
新大陆燕雀科			2		THUOCL
新陆原伏蝇			2		THUOCL
日本丝毛犬			2		THUOCL
日本关公蟹			2		THUOCL
日本小鼯鼠			2		THUOCL
日本盆景猫			2		THUOCL
昆士兰毛鼻袋熊			2		THUOCL
星虫门			2		THUOCL
映山红亚属			2		THUOCL
显带目			2		THUOCL
智利小植绥螨			2		THUOCL
曼切堪猫			2		THUOCL
曼赤肯猫			2		THUOCL
杜鹃三节叶蜂			2		THUOCL
杞麓鲤			2		THUOCL
柬埔寨野牛			2		THUOCL
栅鱼			2		THUOCL
栉棘骨螺			2		THUOCL
栉齿刺尾鱼			2		THUOCL
树息龙			2		THUOCL
桃粉大尾蚜			2		THUOCL
梅勒营鹦鹉嘴龙			2		THUOCL
梅树村动物群			2		THUOCL
梨剑纹夜蛾			2		THUOCL
棕斑鸠			2		THUOCL
棕榈巴丹			2		THUOCL
棘鮋			2		THUOCL
榆社剑齿象			2		THUOCL
槽齿目			2		THUOCL
欧亚犬			2		THUOCL
欧洲粉蝶			2		THUOCL
欧鲇			2		THUOCL
歧囊并殖吸虫			2		THUOCL
比利时拉坎诺斯牧羊犬			2		THUOCL
水体中腐殖质			2		THUOCL
水牛鹿			2		THUOCL
沙特尔蓝猫			2		THUOCL
沫蝉科			2		THUOCL
沼地蝰蛇			2		THUOCL
泡沫珊瑚亚目			2		THUOCL
泡沫蝉			2		THUOCL
浅隐龙			2		THUOCL
浠水四方			2		THUOCL
海湾豹蟾鱼			2		THUOCL
海蛎黄			2		THUOCL
淮北兴农			2		THUOCL
漂泊鸠			2		THUOCL
潘布鲁克威尔斯柯基犬			2		THUOCL
澳大利亚卡尔比犬			2		THUOCL
澳洲内陆太攀蛇			2		THUOCL
澳洲小兔猼			2		THUOCL
灰喉针尾雨燕			2		THUOCL
灰脚柳莺			2		THUOCL
烫骨碎补			2		THUOCL
照鸡子			2		THUOCL
爪哇豹			2		THUOCL
爪哇豺			2		THUOCL
牙买加仓鼠			2		THUOCL
牡丹中华锯花天牛			2		THUOCL
特伏丹			2		THUOCL
狮子鹅			2		THUOCL
猫头鹰环蝶			2		THUOCL
猫毛囊炎			2		THUOCL
猴欢喜属			2		THUOCL
玛瑙宝螺			2		THUOCL
玫瑰千手螺			2		THUOCL
玫瑰毒鲉			2		THUOCL
琼崖闭壳龟			2		THUOCL
瑜伽猫			2		THUOCL
瓜达鲁贝美洲大鹰			2		THUOCL
生物源性蠕虫			2		THUOCL
画眉草亚科			2		THUOCL
白垩病蜂球囊菌			2		THUOCL
白宫第一狗			2		THUOCL
白棘三列海胆			2		THUOCL
白蜡梢距甲			2		THUOCL
白鮸			2		THUOCL
盲蛇亚目			2		THUOCL
直隶环毛蚓			2		THUOCL
石榴毡蚧			2		THUOCL
石苇叶			2		THUOCL
硬刺高原鳅			2		THUOCL
硬毛猎狐梗			2		THUOCL
硬毛维希拉猎犬			2		THUOCL
硬鳞总目			2		THUOCL
米契林角石			2		THUOCL
粗刺马歇尔线虫			2		THUOCL
糯米藤根			2		THUOCL
紫鼻狂蝇			2		THUOCL
纵卷叶螟绒茧蜂			2		THUOCL
络新妇蛛			2		THUOCL
绣花脊熟若蟹			2		THUOCL
维多利亚肺鱼			2		THUOCL
绿胸八色鸫			2		THUOCL
缘沟对虾			2		THUOCL
缝感觉器			2		THUOCL
罗得西亚背脊犬			2		THUOCL
美姑脊蛇			2		THUOCL
美洲爱斯基摩玩具犬			2		THUOCL
美洲野牛涧地带			2		THUOCL
羽毛关刀			2		THUOCL
肠胃蝇			2		THUOCL
肩环刺盖鱼			2		THUOCL
胃蝇科			2		THUOCL
脉翅萤属			2		THUOCL
膜口目			2		THUOCL
臂尾轮虫属			2		THUOCL
舟蛾赤眼蜂			2		THUOCL
芒康龙			2		THUOCL
苏铁曲纹紫灰蝶			2		THUOCL
英国老式斗牛犬			2		THUOCL
英国长毛猎犬			2		THUOCL
茂名无盾龟			2		THUOCL
茅鼠			2		THUOCL
荚蛤			2		THUOCL
菜花原矛头蝮			2		THUOCL
营养个员			2		THUOCL
营口增殖实验站			2		THUOCL
落叶松球果花蝇			2		THUOCL
葫芦片子			2		THUOCL
葱斑潜蝇			2		THUOCL
蒙面狗			2		THUOCL
蓝战狗			2		THUOCL
蓝瓶僧帽水母			2		THUOCL
蓝须夜蜂虎			2		THUOCL
蚍子草			2		THUOCL
螲蟷科			2		THUOCL
蠋型幼虫			2		THUOCL
血鳃霉			2		THUOCL
裸五角瓜参			2		THUOCL
褐带卷叶蛾			2		THUOCL
褐带长卷叶蛾			2		THUOCL
褐扁颅蝠			2		THUOCL
褐背地鸦			2		THUOCL
襀翅目			2		THUOCL
西伯利亚爱斯基摩狗			2		THUOCL
西北八眉猪			2		THUOCL
西部灰袋鼠			2		THUOCL
西里贝斯陆龟			2		THUOCL
谷粘虫			2		THUOCL
豌豆潜蝇			2		THUOCL
贝韦伦兔			2		THUOCL
赤颈鸊鷉			2		THUOCL
赤鯮鱼			2		THUOCL
路易斯安那卡他豪拉豹犬			2		THUOCL
路易斯安那黑熊			2		THUOCL
轴伪足			2		THUOCL
载于北宋编撰之			2		THUOCL
迷彩箭毒蛙			2		THUOCL
里海燕鸥			2		THUOCL
重复进化			2		THUOCL
野兔热土拉杆菌			2		THUOCL
鑫宝华			2		THUOCL
铁爪鹀			2		THUOCL
银条小弄蝶			2		THUOCL
锁钥学说			2		THUOCL
长吻袋貂			2		THUOCL
长沙广安			2		THUOCL
长脚爷叔			2		THUOCL
长臂猿科动物			2		THUOCL
阿尔及利亚鳾			2		THUOCL
阿鲁巴岛响尾蛇			2		THUOCL
陆马蜂			2		THUOCL
隆头蛛			2		THUOCL
雅灰蝶			2		THUOCL
青豹蛱蝶			2		THUOCL
非孟德尔式遗传			2		THUOCL
非纯种长毛猫			2		THUOCL
须鱊			2		THUOCL
颅间关节			2		THUOCL
颈围鸽			2		THUOCL
马达加斯加潜鸭			2		THUOCL
鮈杜父鱼			2		THUOCL
鮟鱇科			2		THUOCL
鮰鱼料			2		THUOCL
鲍球形病毒			2		THUOCL
鲑鳟鱼养殖技术			2		THUOCL
鲢指环虫			2		THUOCL
鳅鮀			2		THUOCL
鵋鶀			2		THUOCL
鸭嘴鯮			2		THUOCL
鹮嘴鹬			2		THUOCL
黄斜纹蝶			2		THUOCL
黄缘萤			2		THUOCL
黄领麻纹灯蛾			2		THUOCL
黑颈喷毒眼镜蛇			2		THUOCL
黑颊爱情鸟			2		THUOCL
一点灰蝶			1		THUOCL
一点突额杆蝇			1		THUOCL
一线直升机			1		THUOCL
三叠中国龙			1		THUOCL
三叶草夜蛾			1		THUOCL
三疣梭子蟹壳			1		THUOCL
东方叽咋柳莺			1		THUOCL
中华关公蟹			1		THUOCL
中华内滴虫			1		THUOCL
中华奥锹甲			1		THUOCL
中华小公鱼			1		THUOCL
中华广肩步甲			1		THUOCL
中华散尾鬼笔			1		THUOCL
中华熊猫猪			1		THUOCL
中华矍眼蝶			1		THUOCL
中国兔猴			1		THUOCL
中部鬃狮蜥			1		THUOCL
临朐虹鳟鱼			1		THUOCL
乌卢古鲁丛伯劳			1		THUOCL
乌龟怪方蟹			1		THUOCL
乳用短角牛			1		THUOCL
云带红眼蝶			1		THUOCL
云斑白条天牛			1		THUOCL
五棘帆鱼			1		THUOCL
五花狮头鱼			1		THUOCL
五花皇冠珍珠			1		THUOCL
五花长尾草金鱼			1		THUOCL
井冈脊蛇			1		THUOCL
仙女鲶			1		THUOCL
似奥克龙			1		THUOCL
似白鮈			1		THUOCL
侏儒野猪			1		THUOCL
侏狨			1		THUOCL
兄弟岛楔齿蜥			1		THUOCL
光手滑面蟹			1		THUOCL
克罗姆费兰德犬			1		THUOCL
兔袋狸科			1		THUOCL
全骨鱼次亚纲			1		THUOCL
兰开夏赫勒犬			1		THUOCL
养殖鱼类越冬			1		THUOCL
内陆水产资源			1		THUOCL
几维目			1		THUOCL
利比亚金蝎			1		THUOCL
刺尾纺锤水蚤			1		THUOCL
前毛虫			1		THUOCL
前臀鮡			1		THUOCL
前雾矍眼蝶			1		THUOCL
剑叶凤尾蕨			1		THUOCL
剑形虹臭蚁			1		THUOCL
加利福尼亚马鹿			1		THUOCL
匈牙利库维斯犬			1		THUOCL
匈牙利维斯拉犬			1		THUOCL
北碚恐龙遗址			1		THUOCL
千手佛珊瑚			1		THUOCL
单殖亚纲			1		THUOCL
南亚谷弄蝶			1		THUOCL
南城五黑鸡			1		THUOCL
卡罗莱纳鹦哥鸟			1		THUOCL
卡诺氏固定液			1		THUOCL
卡里欧鸽			1		THUOCL
卫矛矢尖蚧			1		THUOCL
印加无毛犬			1		THUOCL
印度小猫鼬			1		THUOCL
印度洋圆髻角吊			1		THUOCL
印随行为			1		THUOCL
原盖龟			1		THUOCL
双颐环毛蚓			1		THUOCL
反嘴鸻科			1		THUOCL
口前吻长			1		THUOCL
古大狐猴			1		THUOCL
古巴咬鹃			1		THUOCL
古齿兽次目			1		THUOCL
台湾小瓢虫			1		THUOCL
台湾山窗萤			1		THUOCL
台湾招潮蟹			1		THUOCL
台湾水鹿			1		THUOCL
台湾滑蜥			1		THUOCL
台湾白纹凤蝶			1		THUOCL
台湾粉蝶			1		THUOCL
台湾紫啸鸫			1		THUOCL
台湾脊蛇			1		THUOCL
台湾蜥虎			1		THUOCL
台湾钩吻鲑			1		THUOCL
台湾颈槽蛇			1		THUOCL
叶形海龙			1		THUOCL
叶状裸头绦虫			1		THUOCL
叶虾目			1		THUOCL
叶鹎科			1		THUOCL
叶麋			1		THUOCL
吃骨虫			1		THUOCL
周氏角蝉			1		THUOCL
唐玉强			1		THUOCL
喜山兀鹫			1		THUOCL
喜山小头蛇			1		THUOCL
喜山岩蜥			1		THUOCL
喜山钝头蛇			1		THUOCL
喜玛拉雅白头蛇			1		THUOCL
囊宫科			1		THUOCL
四孔潍鲤			1		THUOCL
四川短尾鼩			1		THUOCL
四川青川犬			1		THUOCL
四条小食蚜蝇			1		THUOCL
四点蝶			1		THUOCL
四膜虫属			1		THUOCL
四节蜉			1		THUOCL
四角招潮蟹			1		THUOCL
团山并殖吸虫			1		THUOCL
图莱亚尔绒毛犬			1		THUOCL
圆圃棘口吸虫			1		THUOCL
圆斑小头蛇			1		THUOCL
圣日耳曼向导猎犬			1		THUOCL
地犀鸟属			1		THUOCL
坎维岛怪兽			1		THUOCL
坡普腹链蛇			1		THUOCL
塔里木岩蜥			1		THUOCL
塞内加尔蝶			1		THUOCL
墨脱小树蛙			1		THUOCL
壳齿鲛目			1		THUOCL
复方增效敌百虫			1		THUOCL
多变花楸			1		THUOCL
多室草苔虫			1		THUOCL
多门齿亚目			1		THUOCL
大卫延斑蛛			1		THUOCL
大斑几维鸟			1		THUOCL
大粒横沟象			1		THUOCL
大英法黑白色犬			1		THUOCL
大长尾鼩			1		THUOCL
大陆鲨			1		THUOCL
大鳍鱯			1		THUOCL
大黄长角蛾			1		THUOCL
太平洋圆髻角吊			1		THUOCL
太平洋竹筴鱼			1		THUOCL
头切迹			1		THUOCL
奇努克犬			1		THUOCL
奈贝长毛猫			1		THUOCL
奥品顿鸡			1		THUOCL
奥锹甲			1		THUOCL
奴役蚁			1		THUOCL
宁乡东南			1		THUOCL
宁陕齿突蟾			1		THUOCL
宅泥鱼			1		THUOCL
安哥洛卡象龟			1		THUOCL
安纳托利亚蜂			1		THUOCL
宝山鮰鱼			1		THUOCL
家扁天牛			1		THUOCL
家蚕追寄蝇			1		THUOCL
宽跗陇马陆			1		THUOCL
寄居甲			1		THUOCL
密疣蜥虎			1		THUOCL
寒武杯管虫			1		THUOCL
寡毛实蝇属			1		THUOCL
寡毛虫			1		THUOCL
对菊石			1		THUOCL
射弓红			1		THUOCL
小凤头燕鸥			1		THUOCL
小力加布龙			1		THUOCL
小型红铅笔			1		THUOCL
小帽螺			1		THUOCL
小悦目金蛛			1		THUOCL
小斑几维鸟			1		THUOCL
小斑姬鹟			1		THUOCL
小杜父鱼			1		THUOCL
小楹白蚁			1		THUOCL
小毛瓢虫			1		THUOCL
小灰长角天牛			1		THUOCL
小熊猫亚科			1		THUOCL
小猿叶甲			1		THUOCL
小玉蟹			1		THUOCL
小直缘跳甲			1		THUOCL
小眼金线鲃			1		THUOCL
小耳大婴猴			1		THUOCL
小舌形贝			1		THUOCL
小蓝灰蝶			1		THUOCL
小野鸡尾			1		THUOCL
小鮨			1		THUOCL
山字宽盾蝽			1		THUOCL
山溪后棱蛇			1		THUOCL
山牛毛毡			1		THUOCL
山药叶蜂			1		THUOCL
巨蟒保姆			1		THUOCL
巨首楔蚌			1		THUOCL
布莱克意大利诺犬			1		THUOCL
布鲁塞尔小狗			1		THUOCL
布鲁塞尔翼狮犬			1		THUOCL
希科安实			1		THUOCL
帽斑紫天牛			1		THUOCL
平滑毛觅拾犬			1		THUOCL
平陆山地牛			1		THUOCL
广灵画眉驴			1		THUOCL
庐山野猪			1		THUOCL
异盘并殖吸虫			1		THUOCL
弯棘			1		THUOCL
强壮菱蟹			1		THUOCL
彩肖金夜蛾			1		THUOCL
彩虹蜂虎			1		THUOCL
德国丝毛犬			1		THUOCL
德国猎梗			1		THUOCL
德国硬毛指示猎犬			1		THUOCL
德国魏玛犬			1		THUOCL
心形海胆目			1		THUOCL
心颅跳鼠亚科			1		THUOCL
恐爪龙属			1		THUOCL
戈氏岩鹀			1		THUOCL
戈登长毛猎犬			1		THUOCL
扁鯺鱼龙			1		THUOCL
扶绥中国上龙			1		THUOCL
承德无角山羊			1		THUOCL
拇指杜父鱼			1		THUOCL
拉普赫德犬			1		THUOCL
招财猫鱼			1		THUOCL
拟蔷薇白轮蚧			1		THUOCL
挂墩后棱蛇			1		THUOCL
挂墩角蟾			1		THUOCL
摩洛哥王者蜥			1		THUOCL
摩鹿加冢雉			1		THUOCL
撒旦叶尾壁虎			1		THUOCL
整胸寡节瓢虫			1		THUOCL
文昌鱼目			1		THUOCL
斑点东方鲀			1		THUOCL
斑点叉尾鮰病毒			1		THUOCL
斑络新妇			1		THUOCL
斑鱧			1		THUOCL
斗牛拳师			1		THUOCL
斗牛拳师犬			1		THUOCL
斧形盖蚤			1		THUOCL
斯岛黄眉企鹅			1		THUOCL
斯氏角孔珊瑚			1		THUOCL
斯泰勒海牛			1		THUOCL
斯洛伐克库瓦克犬			1		THUOCL
新月贝目			1		THUOCL
新疆四爪陆龟			1		THUOCL
新疆漠虎			1		THUOCL
新疆美利奴羊			1		THUOCL
方尾鶲			1		THUOCL
方水母目			1		THUOCL
旗尾真唇脂鲤			1		THUOCL
无声囊泛树蛙			1		THUOCL
无霸勾蜓			1		THUOCL
无颞鳞腹链蛇			1		THUOCL
日月蛤			1		THUOCL
日本下鱵鱼			1		THUOCL
日本冠鹮			1		THUOCL
日本木蠹蛾			1		THUOCL
日本花鹿			1		THUOCL
日本钟蟋			1		THUOCL
星业龟			1		THUOCL
星丛龟			1		THUOCL
显角亚目			1		THUOCL
普德尔指示犬			1		THUOCL
普洱泛树蛙			1		THUOCL
普通楼燕			1		THUOCL
暗灰鹃鵙			1		THUOCL
暝菜			1		THUOCL
更犬种			1		THUOCL
月季白轮盾蚧			1		THUOCL
月季白轮蚧			1		THUOCL
有甲亚目			1		THUOCL
有鞭目			1		THUOCL
木棉梳角叩甲			1		THUOCL
朱背啄花鸟			1		THUOCL
杜凡波第氏吸蜜鹦鹉			1		THUOCL
林雕鸮			1		THUOCL
枣尽蠖			1		THUOCL
枸杞卷梢蛾			1		THUOCL
柱体长小蠹			1		THUOCL
柳圆叶甲			1		THUOCL
标志化石			1		THUOCL
桃赤蚜			1		THUOCL
桐庐县甲鱼			1		THUOCL
桥虫动物			1		THUOCL
梅氏长海胆			1		THUOCL
梦幻月光蝶			1		THUOCL
梨中华圆尾蚜			1		THUOCL
梨花鸡			1		THUOCL
梨虎象			1		THUOCL
棉古毒蛾			1		THUOCL
棕翅缘鸦雀			1		THUOCL
棕茅			1		THUOCL
棕黑疣螈			1		THUOCL
森林古猿属			1		THUOCL
椭圆背角无齿蚌			1		THUOCL
楔叶纲			1		THUOCL
楔尾鸥			1		THUOCL
楔形斧蛤			1		THUOCL
楯形目			1		THUOCL
榆全爪螨			1		THUOCL
榕树灰白蚕蛾			1		THUOCL
模式小鳄			1		THUOCL
樱鳟			1		THUOCL
橙斑白条天牛			1		THUOCL
欧姆殿龙			1		THUOCL
欧椋鸽			1		THUOCL
欧洲食用牡蛎			1		THUOCL
正形贝目			1		THUOCL
比喻音信断绝			1		THUOCL
毛冠鹿属			1		THUOCL
毛瓢虫			1		THUOCL
毛皮贝目			1		THUOCL
毛竹黑叶蜂			1		THUOCL
毛笋泉蝇			1		THUOCL
毛腿鱼鸮			1		THUOCL
毛薪甲			1		THUOCL
毛里坦猿人			1		THUOCL
毛野丁香叶			1		THUOCL
水椰八角铁甲			1		THUOCL
水稻黑尾叶蝉			1		THUOCL
水草液肥配方			1		THUOCL
汉诺威猎犬			1		THUOCL
沂蒙十足全蝎			1		THUOCL
沙展鱼			1		THUOCL
沙漠长耳鹿			1		THUOCL
河北小尾寒羊			1		THUOCL
油菜叶露尾甲			1		THUOCL
泊氏长吻松鼠			1		THUOCL
波旁指示犬			1		THUOCL
洋葱蓟马			1		THUOCL
洛卡龙			1		THUOCL
洪都拉斯木纹龟			1		THUOCL
浅灰珠鸡			1		THUOCL
浒浦黄花鱼			1		THUOCL
浓紫彩灰蝶			1		THUOCL
海洋中间兽			1		THUOCL
海藻墙			1		THUOCL
海豹重点色猫			1		THUOCL
淡紫粉蝶			1		THUOCL
淡色杜鹃			1		THUOCL
游荡种			1		THUOCL
湄公河大鲶			1		THUOCL
湖北农丰			1		THUOCL
湖北广华			1		THUOCL
湿薪甲			1		THUOCL
溪蟹科			1		THUOCL
溪鲑			1		THUOCL
溶解态有机磷			1		THUOCL
潜叶蛾科			1		THUOCL
潜鸟目			1		THUOCL
潮汐龙			1		THUOCL
澳大利亚梗犬			1		THUOCL
澳大利亚鹈鹕			1		THUOCL
火枪乌贼			1		THUOCL
灯芯绒贵妇犬			1		THUOCL
灰翅噪鹛			1		THUOCL
灰翅鸥			1		THUOCL
灰背大鼯鼠			1		THUOCL
灰腿白臀叶猴			1		THUOCL
灰蛇锚参			1		THUOCL
灰长臂猿			1		THUOCL
灰长角天牛			1		THUOCL
灰鹃鵙			1		THUOCL
炒桅子			1		THUOCL
烟腹毛脚燕			1		THUOCL
热带鱼养殖法			1		THUOCL
爪哇伏翼			1		THUOCL
爪哇长臂猿			1		THUOCL
爱斯基摩地域人种			1		THUOCL
牛病毒腹泻			1		THUOCL
牛蒡根结线虫			1		THUOCL
牛角花齿蓟马			1		THUOCL
牡蛎目			1		THUOCL
狄更逊水母			1		THUOCL
狭颅鼠兔			1		THUOCL
猫咪摄影师			1		THUOCL
獴科			1		THUOCL
玫瑰三节叶蜂			1		THUOCL
玫瑰海葵			1		THUOCL
玫红眉朱雀			1		THUOCL
现代分类学家给			1		THUOCL
珍珠狗头鱼			1		THUOCL
珍珠豆娘			1		THUOCL
瑞典农场犬			1		THUOCL
瓜绢野螟			1		THUOCL
瓢虫茧蜂			1		THUOCL
瓦顿小姐红疣猴			1		THUOCL
瓶圆田螺			1		THUOCL
田野小猎犬			1		THUOCL
畸腿半鞘天牛			1		THUOCL
疣尾蜥虎			1		THUOCL
疣棘溪蟾			1		THUOCL
病毒中和反应			1		THUOCL
白星花潜			1		THUOCL
白梅花蛇			1		THUOCL
白眼鵟鹰			1		THUOCL
白缘眉纹蟋蟀			1		THUOCL
皮屑长蚧			1		THUOCL
盐海龙			1		THUOCL
盐源山溪鲵			1		THUOCL
盖草隆			1		THUOCL
直腹拟蝎			1		THUOCL
盾蚧长缨蚜小蜂			1		THUOCL
真骨鱼次亚纲			1		THUOCL
矛尾复鰕虎鱼			1		THUOCL
矛尾翻车魨			1		THUOCL
短刀偏文昌鱼			1		THUOCL
石鮅鱼			1		THUOCL
硬鲛目			1		THUOCL
禄丰滇中龙			1		THUOCL
禾灰翅夜蛾			1		THUOCL
秉前环毛蚓			1		THUOCL
科茨沃尔德长毛绵羊			1		THUOCL
科隆群岛鹰			1		THUOCL
空棘鱼亚目			1		THUOCL
笑翠鸟属			1		THUOCL
笑隼			1		THUOCL
笑鸮			1		THUOCL
笔尾睡鼠亚科			1		THUOCL
等边浅蛤			1		THUOCL
箱鲀亚目			1		THUOCL
粗尾婴猴			1		THUOCL
粗颈龟			1		THUOCL
粘鲈			1		THUOCL
粤瓦韦			1		THUOCL
紫曲纹灯蛾			1		THUOCL
紫背椋鸟			1		THUOCL
紫背苇鳽			1		THUOCL
紫色荧光青蛙			1		THUOCL
紫颊直嘴太阳鸟			1		THUOCL
红嘴牛椋鸟			1		THUOCL
红头帽子金鱼			1		THUOCL
红腹咬鹃			1		THUOCL
红腿长吻松鼠			1		THUOCL
红颊长吻松鼠			1		THUOCL
约克那斯藻			1		THUOCL
约翰兰德蝴蝶鱼			1		THUOCL
纹倒吊			1		THUOCL
纹翅小蜂科			1		THUOCL
细纹苇莺			1		THUOCL
细足关公蟹			1		THUOCL
织女银鸥			1		THUOCL
绡蝶科			1		THUOCL
绿金光伪蜻			1		THUOCL
缅北短腿蟾			1		THUOCL
缅甸贝			1		THUOCL
缨尾虫			1		THUOCL
缨幕			1		THUOCL
缺甲鱼亚纲			1		THUOCL
罗威纳犬舍			1		THUOCL
美国布鲁马士提夫			1		THUOCL
美国斯塔福德梗			1		THUOCL
羽毛尾蜈蚣			1		THUOCL
耳材村海口鱼			1		THUOCL
肉桂色胸蜂虎			1		THUOCL
肖尔斯燕尾凤蝶			1		THUOCL
肠乐宝			1		THUOCL
肥尾心颅跳鼠			1		THUOCL
肥胖带绦虫			1		THUOCL
肩棘螺			1		THUOCL
胃育溪蟾			1		THUOCL
胸膜牡蛎菇			1		THUOCL
腋片			1		THUOCL
芋参目			1		THUOCL
芒果横纹尾夜蛾			1		THUOCL
芒绿凤蝶			1		THUOCL
花潜金龟子			1		THUOCL
芽球生殖			1		THUOCL
苇鸻			1		THUOCL
苏氏芒鲶			1		THUOCL
英国小型猎免犬			1		THUOCL
英国斯普林杰獚			1		THUOCL
英国罗姆尼羊			1		THUOCL
英种小型兔			1		THUOCL
英高虫亚目			1		THUOCL
茅台混鱼龙			1		THUOCL
茶树椰圆蚧			1		THUOCL
茶梢尖蛾			1		THUOCL
茶菊杜鹃			1		THUOCL
菊海星			1		THUOCL
菌体蛋白粉			1		THUOCL
菲岛毛眼水蝇			1		THUOCL
萨卢基猎犬			1		THUOCL
落基山马鹿			1		THUOCL
葡萄二黄斑叶蝉			1		THUOCL
蒙古光瓢虫			1		THUOCL
蒙羊毛			1		THUOCL
蓝灰扁尾海蛇			1		THUOCL
蓝田花猪			1		THUOCL
蓝色多瑙河蝶			1		THUOCL
蓝色虎斑重点色猫			1		THUOCL
蓝额长脚地鸲			1		THUOCL
藏管尾犁胸蝉			1		THUOCL
蚌目			1		THUOCL
蛅蟖			1		THUOCL
蛡螉			1		THUOCL
蜜白前			1		THUOCL
蠵龟筒			1		THUOCL
衲脊蛇			1		THUOCL
裁缝蚁			1		THUOCL
裸颈伞鸟			1		THUOCL
褐斑背角花金龟			1		THUOCL
褐翅缘鸦雀			1		THUOCL
西伯利亚森林猫			1		THUOCL
西北欧地域人种			1		THUOCL
西吉驴			1		THUOCL
西里汗梗			1		THUOCL
西非低地大猩猩			1		THUOCL
角叫鸭			1		THUOCL
角形钩			1		THUOCL
角骨顶			1		THUOCL
角鮟鱇亚目			1		THUOCL
讨饭猫			1		THUOCL
谢氏山蚤			1		THUOCL
象鼻贝			1		THUOCL
豹鲂鮄			1		THUOCL
贝林登梗犬			1		THUOCL
贵德黑裘皮羊			1		THUOCL
赤颈郭公虫			1		THUOCL
越人道上遇狗			1		THUOCL
越南鹇			1		THUOCL
跃尾虫			1		THUOCL
跃龙属			1		THUOCL
辉风鸟			1		THUOCL
辛地红牛			1		THUOCL
迁飞昆虫			1		THUOCL
远海梭子蟹			1		THUOCL
远藤兽			1		THUOCL
逆钩鲹			1		THUOCL
透纹孔弄蝶			1		THUOCL
里海狼			1		THUOCL
重点色英国短毛猫			1		THUOCL
野村水母			1		THUOCL
野核桃声毛管蚜			1		THUOCL
金叶女贞粉蚧			1		THUOCL
金枪头洞蛇			1		THUOCL
金胸歌鸲			1		THUOCL
金陵麻鸡			1		THUOCL
钟纹折背陆龟			1		THUOCL
钱斑躄鱼			1		THUOCL
铠甲虾亲帽贝			1		THUOCL
银郊中国肯氏兽			1		THUOCL
锡金岩黄耆			1		THUOCL
锯角豆芫菁			1		THUOCL
镶嵌踝类初龙			1		THUOCL
长卷毛猎犬			1		THUOCL
长尾鳕亚目			1		THUOCL
长棘吻虫病			1		THUOCL
长粗毛杜鹃			1		THUOCL
长脚赤蛙			1		THUOCL
闽清毛脚鸡			1		THUOCL
阿特拉斯科普柯龙			1		THUOCL
陆地红蟹			1		THUOCL
陇南桦蛾			1		THUOCL
陇川小树蛙			1		THUOCL
陈嘉庚水母			1		THUOCL
隆林牛			1		THUOCL
隐耳漠虎			1		THUOCL
雄关龙			1		THUOCL
露尾甲科			1		THUOCL
青弹涂鱼			1		THUOCL
鞍形花蟹蛛			1		THUOCL
韦德尔氏海豹			1		THUOCL
颅中沟			1		THUOCL
颊刺鱼			1		THUOCL
颌须鮈			1		THUOCL
食蚧双突围啮			1		THUOCL
香梨优斑螟			1		THUOCL
香蕉假茎象鼻虫			1		THUOCL
马尼托巴马鹿			1		THUOCL
马拉摩特雪橇犬			1		THUOCL
马格达莱纳侧颈龟			1		THUOCL
驼背躄鱼			1		THUOCL
骆驼科动物			1		THUOCL
骨甲鱼亚纲			1		THUOCL
魏氏准噶尔翼龙			1		THUOCL
魔法战宠			1		THUOCL
鮟鱇亚目			1		THUOCL
鮧鱼目			1		THUOCL
鯻鱼			1		THUOCL
鱇浪白鱼			1		THUOCL
鱥属			1		THUOCL
鲁德岛石龙子			1		THUOCL
鲁虱			1		THUOCL
鲁钝龙			1		THUOCL
鲂鮄科			1		THUOCL
鳃曳虫			1		THUOCL
鳞腹啄木鸟			1		THUOCL
鳞腹绿啄木鸟			1		THUOCL
鳤鱼			1		THUOCL
鳻鶞			1		THUOCL
鴞鹦鹉			1		THUOCL
鸥亚科			1		THUOCL
鸥嘴噪鸥			1		THUOCL
鸥龙属			1		THUOCL
鹀科			1		THUOCL
鹃鴗			1		THUOCL
鹟鵙			1		THUOCL
鹡鸰属			1		THUOCL
鹰嘴爪			1		THUOCL
鹲科			1		THUOCL
鹿蛾科			1		THUOCL
鹿角杯形珊瑚			1		THUOCL
麻背鸽			1		THUOCL
黄二星舟蛾			1		THUOCL
黄刺参			1		THUOCL
黄尾小蟌			1		THUOCL
黄潜蝇科			1		THUOCL
黄眉鹟			1		THUOCL
黄肚豆娘			1		THUOCL
黄脚虎头蜂			1		THUOCL
黄色凹缘跳甲			1		THUOCL
黄褐草蛉			1		THUOCL
黄金欧洲陆龟			1		THUOCL
黄金鱼将			1		THUOCL
黎村鸡			1		THUOCL
黎豆属			1		THUOCL
黑喉毛脚燕			1		THUOCL
黑喉鸦雀			1		THUOCL
黑广肩步行虫			1		THUOCL
黑星笛鲷			1		THUOCL
黑条木小蠹			1		THUOCL
黑玛瑙宝螺			1		THUOCL
黑色挪威猎麋犬			1		THUOCL
黑顶蛙嘴夜鹰			1		THUOCL
鼓腹咝蝰			1		THUOCL
龙骨薪甲			1		THUOCL
一串红大造桥虫			0		THUOCL
一串红小地老虎			0		THUOCL
一串红朱砂叶螨			0		THUOCL
一串红白粉虱			0		THUOCL
一串红白粉蝶			0		THUOCL
一串红绿盲蝽			0		THUOCL
一串红银纹夜蛾			0		THUOCL
一叶荻			0		THUOCL
一品红小白纹毒蛾			0		THUOCL
一品红蓟马			0		THUOCL
一字倒吊			0		THUOCL
一字刺尾鲷			0		THUOCL
一字显脉叶蝉			0		THUOCL
一字波纹吊			0		THUOCL
一字纹稻苞虫			0		THUOCL
一带中脊沫蝉			0		THUOCL
一带拟沫蝉			0		THUOCL
一点乌灯蛾			0		THUOCL
一点同缘椿象			0		THUOCL
一点同缘蝽			0		THUOCL
一点实小卷蛾			0		THUOCL
一点木叶蝉			0		THUOCL
一点灰蝶属			0		THUOCL
一点蝙蛾			0		THUOCL
一点钻夜蛾			0		THUOCL
一点黄粉蝶			0		THUOCL
一瓶二静三鳎目			0		THUOCL
一眉道人鱼			0		THUOCL
一色深山天牛			0		THUOCL
一色罗盲蝽			0		THUOCL
一色齿胸肖叶甲			0		THUOCL
一角甲			0		THUOCL
丁加齿鱵			0		THUOCL
丁村动物群			0		THUOCL
丁氏木铲电鱝			0		THUOCL
丁香尾小鹦鹉			0		THUOCL
丁香蜡蚧宽缘金小蜂			0		THUOCL
七夕斗鱼			0		THUOCL
七星花蝇			0		THUOCL
七角多环海龙			0		THUOCL
万寿菊棉铃虫			0		THUOCL
万寿菊牧草盲蝽			0		THUOCL
万寿菊赤蛱蝶			0		THUOCL
三分节虫			0		THUOCL
三列扭柱螺			0		THUOCL
三列柏叶螅			0		THUOCL
三列棘蝇			0		THUOCL
三叉钩爪盲蛛			0		THUOCL
三叶砂轮虫			0		THUOCL
三叶结角蝉			0		THUOCL
三宅光鳃鱼			0		THUOCL
三尖方胸柱萤叶甲			0		THUOCL
三尾小灰蝶			0		THUOCL
三尾裸背寄蝇			0		THUOCL
三崎凹腹鳕			0		THUOCL
三帚圆星虫			0		THUOCL
三带前齿蝴蝶鱼			0		THUOCL
三带椭龟甲			0		THUOCL
三弦巨型鹰嘴泥龟			0		THUOCL
三指指环虫			0		THUOCL
三斑丛光鱼			0		THUOCL
三斑宅泥鱼			0		THUOCL
三星褐弄蝶			0		THUOCL
三星黄萤叶甲			0		THUOCL
三沟驹蝗			0		THUOCL
三点茎草螟			0		THUOCL
三眼怪招潮蟹			0		THUOCL
三纹蚊霸鹟			0		THUOCL
三线圆尾斗鱼			0		THUOCL
三线红铅笔			0		THUOCL
三线红铅笔灯鱼			0		THUOCL
三线闭壳龟肉			0		THUOCL
三翼鞍甲轮虫			0		THUOCL
三脊线寄居蟹			0		THUOCL
三角后丽盲蝽			0		THUOCL
三角多面水母			0		THUOCL
三角大吉猛水蚤			0		THUOCL
三角头喜铃水虱			0		THUOCL
三角捷鰕虎鱼			0		THUOCL
三角斑褐蚕蛾			0		THUOCL
三角斑长须夜蛾			0		THUOCL
三角枯叶蛙			0		THUOCL
三角柄蜾赢蜚			0		THUOCL
三角溞			0		THUOCL
三角绿步行虫			0		THUOCL
三角聚鯻			0		THUOCL
三角蝴蝶鱼			0		THUOCL
三角鬼蛛			0		THUOCL
三角齿兽属			0		THUOCL
三角齿瓣角蝉			0		THUOCL
三轮氏小瓢叶蚤			0		THUOCL
三連鐘螺			0		THUOCL
三道眉拟雀			0		THUOCL
三钩虫未定种			0		THUOCL
三间蜜蜂虾			0		THUOCL
三间魔鱼			0		THUOCL
三骨孔			0		THUOCL
三齒鳳凰螺			0		THUOCL
三齿仿短浆蟹			0		THUOCL
三齿转刺蛛			0		THUOCL
上位蝶蛛			0		THUOCL
上宠亚当斯			0		THUOCL
上海剑角蝗			0		THUOCL
上瓣梦角鮟鱇			0		THUOCL
上臂割齿喉盘鱼			0		THUOCL
上野蜾赢蜚			0		THUOCL
下伏鳄			0		THUOCL
下刺隐棘杜父鱼			0		THUOCL
下加利福尼亚半岛郊狼			0		THUOCL
下加利福尼亚州美洲狮			0		THUOCL
下口叫姑鱼			0		THUOCL
下口圆吻鱥			0		THUOCL
下口舌巨尾鳕			0		THUOCL
下多孔副狮子鱼			0		THUOCL
下孔类爬行纲			0		THUOCL
下斑植鰕虎			0		THUOCL
下村氏粿胸天牛			0		THUOCL
下棘隆胎鳚			0		THUOCL
下谢名氏马利蛛			0		THUOCL
下附突			0		THUOCL
下黑舟蛾			0		THUOCL
下齿芝麻蜗牛			0		THUOCL
不列颠哥伦比亚狼			0		THUOCL
不列颠高手水母			0		THUOCL
不对称招潮蟹			0		THUOCL
不显口鼻蝇			0		THUOCL
不等刺毛圆线虫			0		THUOCL
不等叶华溪蟹			0		THUOCL
不等齿突猫萤			0		THUOCL
不老泉鱼			0		THUOCL
不规则古杯类			0		THUOCL
不规则橄榄虫			0		THUOCL
不规则海胆亚纲			0		THUOCL
不规则纺锤螺			0		THUOCL
丑侏鰕虎鱼			0		THUOCL
丑双棘矛吻海龙			0		THUOCL
丑瓢鳍鰕虎鱼			0		THUOCL
专性厌气性动物			0		THUOCL
世界动物地理分区			0		THUOCL
世界最大鲸鱼保护区			0		THUOCL
世界最小苍蝇			0		THUOCL
世界犬种智商排行			0		THUOCL
丛林八哥			0		THUOCL
丛林齁			0		THUOCL
丛毛展须野螟			0		THUOCL
东亚伪花天牛			0		THUOCL
东亚半酉尺蛾			0		THUOCL
东亚壳菜蛤			0		THUOCL
东亚毛肩长蝽			0		THUOCL
东亚江豚			0		THUOCL
东亚豆粉蝶			0		THUOCL
东京电鳐圆电鳐			0		THUOCL
东加拿大狼			0		THUOCL
东加碧丽宝石			0		THUOCL
东北裂鞘叶			0		THUOCL
东台鮈			0		THUOCL
东坡长汀拟腹吸鳅			0		THUOCL
东大西洋莱苏尔鰕			0		THUOCL
东太平洋新后鳍鱼			0		THUOCL
东平湖中华园田螺			0		THUOCL
东方全藻钩虾			0		THUOCL
东方宽吻海豚			0		THUOCL
东方宽帽水母			0		THUOCL
东方小肉伪蝎			0		THUOCL
东方新带鰆			0		THUOCL
东方日射贝			0		THUOCL
东方植食行军蚁			0		THUOCL
东方欧文钖伯鲶			0		THUOCL
东方白背秃鹰			0		THUOCL
东方直脉蝇			0		THUOCL
东方窄体吸虫			0		THUOCL
东方莹虾			0		THUOCL
东方裸棘杜父鱼			0		THUOCL
东方角胫步甲			0		THUOCL
东方角额小蜂			0		THUOCL
东方足刺模裂虫			0		THUOCL
东欧田鼠			0		THUOCL
东海腔吻鱈			0		THUOCL
东菲比霸鹟			0		THUOCL
东菲黄肚橙公鱼			0		THUOCL
东部灰大袋鼠			0		THUOCL
东部玫瑰鹦鹉			0		THUOCL
东非光唇鲨			0		THUOCL
东非直角长角羚			0		THUOCL
东非角巴布			0		THUOCL
东非金织雀			0		THUOCL
东非长尾伯劳			0		THUOCL
东风脊茧蜂			0		THUOCL
东高加索羱羊			0		THUOCL
丝尾凹尾塘鳢			0		THUOCL
丝朿蛤属			0		THUOCL
丝棉木后丽盲蝽			0		THUOCL
丝棉木幽木虱			0		THUOCL
丝背冠鳞单棘鲀			0		THUOCL
丝鳍英格单棘鲀			0		THUOCL
丝鳍鱚科			0		THUOCL
两叉千孔珊瑚			0		THUOCL
两室反颚茧蜂			0		THUOCL
两手拟触丝水母			0		THUOCL
两板贝属			0		THUOCL
两点前锹甲			0		THUOCL
两线铅笔			0		THUOCL
丫纹楔角蝉			0		THUOCL
中东白色盲蝎子			0		THUOCL
中东织锦芋螺			0		THUOCL
中东黇鹿			0		THUOCL
中亚红鹿			0		THUOCL
中亚草盲蝽			0		THUOCL
中亚高冠变色龙			0		THUOCL
中介冠舟蛾			0		THUOCL
中介眉眼蝶			0		THUOCL
中仓鼠属			0		THUOCL
中伏尔加湖鱥			0		THUOCL
中位巨膝蛛			0		THUOCL
中侏罗世东坡秀龙头骨			0		THUOCL
中侏罗世劳氏灵龙			0		THUOCL
中侏罗世多齿何信禄龙			0		THUOCL
中侏罗世大山铺鳞齿鱼			0		THUOCL
中侏罗世焦氏峨眉龙			0		THUOCL
中侏罗世自贡四川龙			0		THUOCL
中凹鸟翼裳凤蝶			0		THUOCL
中北矛角蝉			0		THUOCL
中北美毛翅燕			0		THUOCL
中华亚宽鞘茧蜂			0		THUOCL
中华仙影海葵			0		THUOCL
中华仿五角蟹			0		THUOCL
中华优剑螽			0		THUOCL
中华伪露齿螺			0		THUOCL
中华侏罗兽			0		THUOCL
中华侧带小公鱼			0		THUOCL
中华光尾鲨			0		THUOCL
中华刺圆线虫			0		THUOCL
中华剑角蝗			0		THUOCL
中华半掩耳露螽			0		THUOCL
中华古猫			0		THUOCL
中华哈特海鞘			0		THUOCL
中华唇叶蜂			0		THUOCL
中华唇瓢虫			0		THUOCL
中华四极虫			0		THUOCL
中华四节大头蚁			0		THUOCL
中华圆腹蛛			0		THUOCL
中华圆蚧蚜小蜂			0		THUOCL
中华大窗钩蛾			0		THUOCL
中华奎木犬			0		THUOCL
中华小桧叶螅			0		THUOCL
中华嵌线螺			0		THUOCL
中华帚形蛤			0		THUOCL
中华幻草蛉			0		THUOCL
中华广肩步行虫			0		THUOCL
中华床杜父鱼			0		THUOCL
中华康夜蛾			0		THUOCL
中华心步甲			0		THUOCL
中华心角茧蜂			0		THUOCL
中华忍冬圆尾蚜			0		THUOCL
中华截额叩甲			0		THUOCL
中华拟守瓜			0		THUOCL
中华拟歪尾蠊			0		THUOCL
中华指环虫			0		THUOCL
中华文蛤			0		THUOCL
中华新丽盲蝽			0		THUOCL
中华新尖额蟹			0		THUOCL
中华显盾瓢虫			0		THUOCL
中华木蜂			0		THUOCL
中华杨舟毛虫			0		THUOCL
中华栉孔鰕虎鱼			0		THUOCL
中华植盲蝽			0		THUOCL
中华正形贝			0		THUOCL
中华正形贝属			0		THUOCL
中华毛个木虱			0		THUOCL
中华毛刺蟹			0		THUOCL
中华毛肖叶甲			0		THUOCL
中华沙蟹			0		THUOCL
中华沟臀肖叶甲			0		THUOCL
中华波纹蛾			0		THUOCL
中华波缘龟甲			0		THUOCL
中华泥毛蟹			0		THUOCL
中华浅沟叶蜂			0		THUOCL
中华浅鳃虱			0		THUOCL
中华海花蝇			0		THUOCL
中华深山天牛			0		THUOCL
中华游荡棘蝇			0		THUOCL
中华爱灰蝶			0		THUOCL
中华犁沟茧蜂			0		THUOCL
中华玉米卷管螺			0		THUOCL
中华珈蟌			0		THUOCL
中华球肖叶甲			0		THUOCL
中华白裙弄蝶			0		THUOCL
中华直赛茧蜂			0		THUOCL
中华眉眼蝶			0		THUOCL
中华矮隆哲水蚤			0		THUOCL
中华秃角蝉			0		THUOCL
中华空棘鱼			0		THUOCL
中华突眼木蜂			0		THUOCL
中华窄腹剑水蚤			0		THUOCL
中华窄腹水蚤			0		THUOCL
中华红林蚁			0		THUOCL
中华纹胸鮡			0		THUOCL
中华纺锤水蚤			0		THUOCL
中华细指海葵			0		THUOCL
中华绒木蜂			0		THUOCL
中华绿蝇			0		THUOCL
中华缺鞭米虾			0		THUOCL
中华肖峭			0		THUOCL
中华胸刺水蚤			0		THUOCL
中华芒角臭虻			0		THUOCL
中华茧蜂			0		THUOCL
中华萝蘑肖叶甲			0		THUOCL
中华蛇带绦虫			0		THUOCL
中华蜡天牛			0		THUOCL
中华螳小蜂			0		THUOCL
中华螳蝎			0		THUOCL
中华螳蝎蝽			0		THUOCL
中华蟹守螺			0		THUOCL
中华褐弄蝶			0		THUOCL
中华角伪叶甲			0		THUOCL
中华赢蛩螽			0		THUOCL
中华近褶缘露螽			0		THUOCL
中华金星步甲			0		THUOCL
中华钝唇姬蜂			0		THUOCL
中华钝牙鰕虎鱼			0		THUOCL
中华锹甲			0		THUOCL
中华长文蛤			0		THUOCL
中华长臀鮠			0		THUOCL
中华阔红萤			0		THUOCL
中华阿萤叶甲			0		THUOCL
中华霍氏虫			0		THUOCL
中华露螽			0		THUOCL
中华革囊星虫			0		THUOCL
中华食植瓢虫			0		THUOCL
中华马加鰆			0		THUOCL
中华高冠角蝉			0		THUOCL
中华鬼鮋			0		THUOCL
中华鮡			0		THUOCL
中华鰆			0		THUOCL
中华鰟鮍			0		THUOCL
中华鱵			0		THUOCL
中华鳞舌杜父鱼			0		THUOCL
中华鹿蛾			0		THUOCL
中华黏盲鳗			0		THUOCL
中华齿角叶蜂			0		THUOCL
中叶米虾			0		THUOCL
中唇裂腹鱼			0		THUOCL
中国丽木虱			0		THUOCL
中国五花文鱼			0		THUOCL
中国内陆溪蟹			0		THUOCL
中国冠毛犬犬			0		THUOCL
中国切叶蜂			0		THUOCL
中国动物志虾虎鱼亚目			0		THUOCL
中国华绿露螽			0		THUOCL
中国华肉伪蝎			0		THUOCL
中国单色虾虎鱼			0		THUOCL
中国南方窃蛋龙类化石			0		THUOCL
中国双七瓢虫			0		THUOCL
中国双眼钩虾			0		THUOCL
中国古代作物害虫防治			0		THUOCL
中国台湾猴			0		THUOCL
中国后星尺蛾			0		THUOCL
中国和糠虾中国原新糠虾			0		THUOCL
中国喇叭水母			0		THUOCL
中国喜沼小蜉琥珀			0		THUOCL
中国国家体育场喜鹊金属鸟巢			0		THUOCL
中国圆胸花萤			0		THUOCL
中国宽尾凤蝶			0		THUOCL
中国小樱蛤			0		THUOCL
中国小蛙蟹			0		THUOCL
中国小铃螺			0		THUOCL
中国尖嵴蚌			0		THUOCL
中国山窗萤			0		THUOCL
中国平胸龟			0		THUOCL
中国拟关公蟹			0		THUOCL
中国拟厚盲蝽			0		THUOCL
中国拟窄糠虾			0		THUOCL
中国无名木蝎			0		THUOCL
中国昆仑山脉犬			0		THUOCL
中国曲胫步甲			0		THUOCL
中国杓蛤			0		THUOCL
中国束长蝽			0		THUOCL
中国枪乌贼鱼			0		THUOCL
中国棘缘吸虫			0		THUOCL
中国毛足蜂			0		THUOCL
中国水鹿			0		THUOCL
中国海南缨毛长螯蛛			0		THUOCL
中国爬行动物图鉴			0		THUOCL
中国狮子狗			0		THUOCL
中国珍珠贝			0		THUOCL
中国突眼蝇			0		THUOCL
中国筒胸肖叶甲			0		THUOCL
中国粘体虫			0		THUOCL
中国粘盲鳗			0		THUOCL
中国紫蛤			0		THUOCL
中国紫边尺蛾			0		THUOCL
中国美利努			0		THUOCL
中国美妙蟹			0		THUOCL
中国肩盲蝽			0		THUOCL
中国脩目昆虫			0		THUOCL
中国芦蜂			0		THUOCL
中国角瓣舟蛾			0		THUOCL
中国豹纹守宫			0		THUOCL
中国野生双峰驼濒临灭绝			0		THUOCL
中国长毛狼犬			0		THUOCL
中国闽南牛			0		THUOCL
中国青猫鸽			0		THUOCL
中国鸡冠犬			0		THUOCL
中国黄点鯆			0		THUOCL
中国黄肖叶甲			0		THUOCL
中地蜂			0		THUOCL
中坊粗棘蜥			0		THUOCL
中型德国狐狸犬			0		THUOCL
中型旺代长卷毛猎犬			0		THUOCL
中型角杯水母			0		THUOCL
中大猪浓缩料			0		THUOCL
中宽雏蝗			0		THUOCL
中带三角夜蛾			0		THUOCL
中带番郭公虫			0		THUOCL
中带薄夜蛾			0		THUOCL
中庸离脉纹石蛾			0		THUOCL
中建刺星珊瑚			0		THUOCL
中形仿蛙蟹			0		THUOCL
中影单跗夜蛾			0		THUOCL
中斑似虹锦鱼			0		THUOCL
中斑啄木鸟			0		THUOCL
中斑瘦粉蝇			0		THUOCL
中方虫			0		THUOCL
中日水杨梅			0		THUOCL
中朝鮠			0		THUOCL
中村锯天牛			0		THUOCL
中柄虫属			0		THUOCL
中棘鱼棘鲈			0		THUOCL
中棘鲶盘虫			0		THUOCL
中河低线鱲			0		THUOCL
中海蕾			0		THUOCL
中澳硬头鱼			0		THUOCL
中澳粗尾鼠			0		THUOCL
中灰舟蛾			0		THUOCL
中点伊蚊			0		THUOCL
中爪兽目			0		THUOCL
中生代植物区系			0		THUOCL
中甸叶须鱼			0		THUOCL
中甸叶须鱼中甸			0		THUOCL
中甸无齿角蝉			0		THUOCL
中甸牦牛			0		THUOCL
中白拟纷舟蛾			0		THUOCL
中白荷包鱼			0		THUOCL
中稻缘蝽			0		THUOCL
中空器官动物			0		THUOCL
中空穿贝海绵			0		THUOCL
中等东方石炭兽			0		THUOCL
中红丽盲蝽			0		THUOCL
中红侧沟茧蜂			0		THUOCL
中缢虫蝘蜓			0		THUOCL
中美毛臀刺鼠			0		THUOCL
中美河龟			0		THUOCL
中美洲印第安地域人种			0		THUOCL
中美洲河龟			0		THUOCL
中耳哺乳比翼线虫			0		THUOCL
中胸背侧区			0		THUOCL
中腹片			0		THUOCL
中菊头蝠			0		THUOCL
中華寶螺			0		THUOCL
中華海兔螺			0		THUOCL
中角鮟鱇			0		THUOCL
中角鮟鱇科			0		THUOCL
中金夜蛾			0		THUOCL
中金弧夜蛾			0		THUOCL
中长真巨口鱼			0		THUOCL
中间中华乳齿象			0		THUOCL
中间亚口鱼			0		THUOCL
中间光尾鲨			0		THUOCL
中间卢氏鳉			0		THUOCL
中间始莱得利基虫			0		THUOCL
中间小矛戎			0		THUOCL
中间巨牙天竺鲷			0		THUOCL
中间弧线鳚			0		THUOCL
中间指环虫			0		THUOCL
中间栉咽丽鱼			0		THUOCL
中间棘花鮨			0		THUOCL
中间毛鲶			0		THUOCL
中间海参			0		THUOCL
中间狗母鱼			0		THUOCL
中间瘤体星虫			0		THUOCL
中间盲鰕虎鱼			0		THUOCL
中间直线脂鲤			0		THUOCL
中间真海精戎			0		THUOCL
中间等鳍叉尾带鱼			0		THUOCL
中间纹唇鱼			0		THUOCL
中间耶尔海螺			0		THUOCL
中间腔吻鳕			0		THUOCL
中间腹肢鲆			0		THUOCL
中间舌鰕虎鱼			0		THUOCL
中间茎方头鱼			0		THUOCL
中间薄丽鲷			0		THUOCL
中间裸棘杜父鱼			0		THUOCL
中间褶鮡			0		THUOCL
中间角鮃			0		THUOCL
中间角鲆			0		THUOCL
中间连膜鰕虎鱼			0		THUOCL
中间野鲮			0		THUOCL
中间银鮈			0		THUOCL
中间锯花鮰			0		THUOCL
中间颌须鮈			0		THUOCL
中间鳅鮀			0		THUOCL
中隔额角蛛			0		THUOCL
中非丛鵙			0		THUOCL
中非湖鲱			0		THUOCL
中非陆龟			0		THUOCL
中非鸺鹠			0		THUOCL
中黄粗角跳甲			0		THUOCL
中黑叶蜂			0		THUOCL
中黑后丽盲蝽			0		THUOCL
中黑小瓢虫			0		THUOCL
中黑灰夜蛾			0		THUOCL
中黑苜蓿盲蝽			0		THUOCL
中鼻雷兽属			0		THUOCL
中齿小鲷			0		THUOCL
丰宫狸殖吸虫			0		THUOCL
丰氏矛头蝮			0		THUOCL
串珠凹缘虫戚			0		THUOCL
临海浙江翼龙			0		THUOCL
临海老爷寿日			0		THUOCL
临澧黄花鱼			0		THUOCL
丹挪拟珠目鱼			0		THUOCL
丹麦瑞典农场犬			0		THUOCL
丹麦老式指示猎犬			0		THUOCL
丽体贝洛氏平头鱼			0		THUOCL
丽凹缘金小蜂			0		THUOCL
丽圆三叶虫			0		THUOCL
丽多门虫			0		THUOCL
丽江滇黄尺蛾			0		THUOCL
丽江黄耆变种			0		THUOCL
丽色低线鱲			0		THUOCL
丽角胸肖叶甲			0		THUOCL
丽鳞短颌鮰脂鲤			0		THUOCL
丽鹰雕			0		THUOCL
久保洒灰蝶			0		THUOCL
久治不等刺线虫			0		THUOCL
乌兹博伊拟鲤			0		THUOCL
乌冠蝇霸鹟			0		THUOCL
乌头眉纹蟋蟀			0		THUOCL
乌姆氏招潮蟹			0		THUOCL
乌尾鮗科			0		THUOCL
乌提亚硬毛鼠			0		THUOCL
乌桑巴拉星团巴布			0		THUOCL
乌桕毛虫脊茧蜂			0		THUOCL
乌毛盲蝽			0		THUOCL
乌江青波鱼			0		THUOCL
乌皮小香鸡			0		THUOCL
乌苏里跃度蝗			0		THUOCL
乌饰蝗			0		THUOCL
乌鲁耶泽鲶			0		THUOCL
乌黑扇尾鹟			0		THUOCL
乌黑缘花天牛			0		THUOCL
乌龟越冬死亡症			0		THUOCL
乌龟适应不良综合症			0		THUOCL
乍得副项鲿			0		THUOCL
乍得沙赫人			0		THUOCL
乍得花鹿宝螺			0		THUOCL
乍得野鲮			0		THUOCL
乍得项鲿			0		THUOCL
乍波蛸			0		THUOCL
乐山心碘泡虫			0		THUOCL
乔丹氏细潜鱼			0		THUOCL
乔丹点天蚕蛾			0		THUOCL
乔吉特魮脂鲤			0		THUOCL
乔安娜氏丝隆头鱼			0		THUOCL
乔安娜鸟翼裳凤蝶			0		THUOCL
乔沙鮈杜父鱼			0		THUOCL
乔治口蘑			0		THUOCL
乔治敦海蛳螺			0		THUOCL
乔科啄木鸟			0		THUOCL
乔科小冠雉			0		THUOCL
乔科窜鸟			0		THUOCL
乔科莺雀			0		THUOCL
乙姬卷管螺			0		THUOCL
九久宠物医院管理软件			0		THUOCL
九孔纹唇鱼			0		THUOCL
九孔鮑螺			0		THUOCL
九带巨牙天竺鲷			0		THUOCL
九带无线鳎			0		THUOCL
九带鮨			0		THUOCL
九开菠萝			0		THUOCL
九斑食植瓢虫			0		THUOCL
九棘长鳍鹦鲷			0		THUOCL
九江华溪蟹			0		THUOCL
九绘鱼			0		THUOCL
九节木长喙天蛾			0		THUOCL
九角恐龙			0		THUOCL
九角水母			0		THUOCL
九角龙鱼			0		THUOCL
九道三峰齿鲛			0		THUOCL
九间吊			0		THUOCL
九间始丽鱼			0		THUOCL
九间贝			0		THUOCL
九间跳鲈			0		THUOCL
九鳞波鱼			0		THUOCL
也门丝雀			0		THUOCL
也门似真小鲤			0		THUOCL
也门小沙鼠			0		THUOCL
也门朱顶雀			0		THUOCL
也门瞪羚			0		THUOCL
也门鸫			0		THUOCL
习见芝麻宝螺			0		THUOCL
习见蛙螺			0		THUOCL
习见赤蛙螺			0		THUOCL
乱脊长体茧蜂			0		THUOCL
乳头适风海葵			0		THUOCL
乳房贝			0		THUOCL
乳房贝属			0		THUOCL
乳房贝目			0		THUOCL
乳杯虫属			0		THUOCL
乳瓣蘇纳牛尾鱼			0		THUOCL
乳色异国短毛猫			0		THUOCL
乳頭彈頭螺			0		THUOCL
乳頭拳螺			0		THUOCL
乳顶环棱螺			0		THUOCL
乳黄雕鸮			0		THUOCL
乾沟栉大蚊			0		THUOCL
二剌棒缘蝽			0		THUOCL
二十二星菌瓢虫			0		THUOCL
二圈指环虫			0		THUOCL
二星龟金花虫			0		THUOCL
二氯年前			0		THUOCL
二点尖胸沫蝉			0		THUOCL
二纹长脚蜂			0		THUOCL
二线缺角蛱蛾			0		THUOCL
二色赤猎椿象			0		THUOCL
二褐带三刺角蝉			0		THUOCL
二角赛瓜参			0		THUOCL
云南九节肖叶甲			0		THUOCL
云南伪厚缘肖叶甲			0		THUOCL
云南半叶趾虎			0		THUOCL
云南并殖吸虫			0		THUOCL
云南扁萤			0		THUOCL
云南扁蝇虎			0		THUOCL
云南拟鰋			0		THUOCL
云南木蚜蝇			0		THUOCL
云南松黄毒蛾			0		THUOCL
云南柄棱天牛			0		THUOCL
云南瓣结鱼			0		THUOCL
云南长角木虱			0		THUOCL
云南长跗萤叶甲			0		THUOCL
云广粗叶木			0		THUOCL
云斑俊盲蝽			0		THUOCL
云斑圆蜻			0		THUOCL
云斑大吻电鳗			0		THUOCL
云斑长臀鰕虎鱼			0		THUOCL
云斑鰕鳉			0		THUOCL
云斑鲉杜父鱼			0		THUOCL
云杉大墨天牛			0		THUOCL
云杉大颚茧蜂			0		THUOCL
云杉小墨天牛			0		THUOCL
云杉小蠹狄金小蜂			0		THUOCL
云杉小黑天牛			0		THUOCL
云海鳞蚕			0		THUOCL
云纹单棘躄鱼			0		THUOCL
云纹雨印鲷			0		THUOCL
云缨小卷蛾			0		THUOCL
云长须天牛			0		THUOCL
云黄毒蛾			0		THUOCL
云龙溪蟹			0		THUOCL
五华三黄鸡			0		THUOCL
五华鸡			0		THUOCL
五味子女贞细卷蛾			0		THUOCL
五岛枪乌贼			0		THUOCL
五嵴虎鮋			0		THUOCL
五带连膜鰕虎鱼			0		THUOCL
五彩栗头蜂虎			0		THUOCL
五影唐加拉雀			0		THUOCL
五房贝属			0		THUOCL
五指丝指鼬鳚			0		THUOCL
五指山近交系小型猪			0		THUOCL
五指山隐势瓢虫			0		THUOCL
五指树丽盲蝽			0		THUOCL
五星扁棒角甲			0		THUOCL
五棘拟雀鲷			0		THUOCL
五棘渊八角鱼			0		THUOCL
五棘鲷			0		THUOCL
五目斑鮃			0		THUOCL
五纹漠鹀			0		THUOCL
五脊巨弧角蝉			0		THUOCL
五脊虎鮋			0		THUOCL
五花帽子头			0		THUOCL
五花帽子头金鱼			0		THUOCL
五花镏金			0		THUOCL
五角对臂虫			0		THUOCL
五角巨胸蚤			0		THUOCL
五角暴蟹			0		THUOCL
五角海绵星虫			0		THUOCL
五长柄茧蜂			0		THUOCL
井冈碘泡虫			0		THUOCL
亚丁伪大眼鲉			0		THUOCL
亚丁红鲂鮄			0		THUOCL
亚丁触角海鲉			0		THUOCL
亚东哇朵蛛			0		THUOCL
亚东异草盲蝽			0		THUOCL
亚东细蟌			0		THUOCL
亚东蝠蛾			0		THUOCL
亚东阴石蛛			0		THUOCL
亚东雅非洲脂鲤			0		THUOCL
亚伯达爪龙			0		THUOCL
亚克提恩大兜虫			0		THUOCL
亚利桑那大麻哈鱼			0		THUOCL
亚利桑那沙漠金蝎			0		THUOCL
亚利桑那鞭尾蜥			0		THUOCL
亚力斯维尾孢虫			0		THUOCL
亚历山大女皇鸟翼凤蝶			0		THUOCL
亚叉脉尺蛾			0		THUOCL
亚喀巴湾白星宝螺			0		THUOCL
亚圆拟灯蛾			0		THUOCL
亚均草种蝇			0		THUOCL
亚多龙			0		THUOCL
亚姬缘蝽			0		THUOCL
亚宽须棘蝇			0		THUOCL
亚尔夏牛			0		THUOCL
亚峰细小钩虾			0		THUOCL
亚弓浮萤			0		THUOCL
亚强真哲水蚤			0		THUOCL
亚当斯拳蟹			0		THUOCL
亚得里亚编织虫			0		THUOCL
亚德里亚海无眉鳚			0		THUOCL
亚德里亚海鲉			0		THUOCL
亚抱球砂轮虫			0		THUOCL
亚晴斑矛耙丽鱼			0		THUOCL
亚暗转棘蝇			0		THUOCL
亚欧红弄蝶			0		THUOCL
亚毛苞风毛菊			0		THUOCL
亚洲千手螺			0		THUOCL
亚洲雨林黑蝎			0		THUOCL
亚活棘蝇			0		THUOCL
亚澳橙红小灰蝶			0		THUOCL
亚澳白裙夜蛾			0		THUOCL
亚热冲绥螨			0		THUOCL
亚爱尔兰鹿			0		THUOCL
亚瓜拉龙			0		THUOCL
亚矩指双蚤			0		THUOCL
亚科罗西芋螺			0		THUOCL
亚红斑芋螺			0		THUOCL
亚纺锤串房虫			0		THUOCL
亚美利加杏凤蝶			0		THUOCL
亚诺钝塘鱧			0		THUOCL
亚达伯拉象龟属			0		THUOCL
亚速尔群岛林鸽			0		THUOCL
亚金棘蝇			0		THUOCL
亚钝棘蝇			0		THUOCL
亚镘泥拟单栏虫			0		THUOCL
亚陌夜蛾			0		THUOCL
亚马孙河放电小眼鱼			0		THUOCL
亚马孙绿鱼狗			0		THUOCL
亚马孙蚁鵙			0		THUOCL
亚马逊拉尼托梅亚毒箭蛙			0		THUOCL
亚马逊河白海豚			0		THUOCL
亚马逊真唇脂鲤			0		THUOCL
亚马逊莫拉氏鳄			0		THUOCL
亚高山林莺			0		THUOCL
亚鳞袋蛾			0		THUOCL
亚黄活棘蝇			0		THUOCL
亚黑基地种蝇			0		THUOCL
亚黑白汝尺蛾			0		THUOCL
亚黑邻种蝇			0		THUOCL
交亘前角鲀			0		THUOCL
亨姆氏花蜜鸟			0		THUOCL
京蛎盾蚧			0		THUOCL
亮尾拟小鳍鲨			0		THUOCL
亮背纹胸鮡			0		THUOCL
亮菛锹甲			0		THUOCL
亮黑叉泉蝇			0		THUOCL
亲亲按摩鱼			0		THUOCL
人字钩嘴鳎			0		THUOCL
人工养殖笋壳鱼技术			0		THUOCL
人工孵化洪堡企鹅			0		THUOCL
人工嵌合体小鼠			0		THUOCL
人猿泰山瘤冠变色龙			0		THUOCL
人种单一地区起源说			0		THUOCL
人种多地区起源说			0		THUOCL
今非昔比鮟鱇鱼			0		THUOCL
仔杜父鱼			0		THUOCL
仙人掌卡纳灶鸟			0		THUOCL
仙人掌地雀			0		THUOCL
仙人掌滇氏虫			0		THUOCL
仙人掌鹦哥			0		THUOCL
仙女刺盖鱼			0		THUOCL
仙女水母属			0		THUOCL
仙女蝎蛉			0		THUOCL
仙诺氏芋螺			0		THUOCL
代韦波串房虫			0		THUOCL
仰鼻艾鰕虎鱼			0		THUOCL
仲原氏七夕鱼			0		THUOCL
任村猴			0		THUOCL
仿奼刺蛾			0		THUOCL
仿姹刺蛾			0		THUOCL
仿寄居蟹鳃虱			0		THUOCL
仿巨尾魟			0		THUOCL
仿污白灯蛾			0		THUOCL
仿泡粒长螯蟹			0		THUOCL
仿涤尺蛾			0		THUOCL
仿珂环蛱蝶			0		THUOCL
仿鲸科			0		THUOCL
伊丕灰蝶属			0		THUOCL
伊丽莎白开普墩宝螺			0		THUOCL
伊利诺伊州臭鼬			0		THUOCL
伊加拉九刺鮨			0		THUOCL
伊夫林鮈鰕虎鱼			0		THUOCL
伊宁逍遥蛛			0		THUOCL
伊斯帕尼奥拉岛穴鸮			0		THUOCL
伊斯特里恩平滑毛猎犬			0		THUOCL
伊斯特里恩粗毛			0		THUOCL
伊氏埃弗曼鰕虎鱼			0		THUOCL
伊环锹甲			0		THUOCL
伊莎贝拉岛南部加拉帕戈斯象龟			0		THUOCL
伊莎贝拉维多利亚鸟翼凤蝶			0		THUOCL
伊豆四额齿蟹			0		THUOCL
伍德乔恩杯形珊瑚			0		THUOCL
伍氏假拳蟹			0		THUOCL
伍氏盆唇华鲮			0		THUOCL
伏地魔猫			0		THUOCL
伐氏长丝角鮟鱇			0		THUOCL
伐氏长丝角鮟鱇鱼			0		THUOCL
休姆氏鵖			0		THUOCL
优刺鳄			0		THUOCL
优越芋螺			0		THUOCL
优锯鳞鰕虎鱼			0		THUOCL
优雅碘泡虫			0		THUOCL
伟伯氏虹彩吸蜜鹦鹉			0		THUOCL
伟塔虹彩吸蜜鹦鹉			0		THUOCL
伟大短额鲆			0		THUOCL
伟氏金线尺蛾			0		THUOCL
伟氏长足猛水蚤			0		THUOCL
伟铗趴			0		THUOCL
伟鳄兽			0		THUOCL
伟鳞短额鮃			0		THUOCL
伤残短体线虫			0		THUOCL
伪似盘钩虫			0		THUOCL
伪似魣盗目鱼			0		THUOCL
伪厚缘芋螺			0		THUOCL
伪古长颈鹿			0		THUOCL
伪古长颈鹿相似种			0		THUOCL
伪奇舟蛾			0		THUOCL
伪姬白望灯蛾			0		THUOCL
伪威氏按蚊			0		THUOCL
伪尖毛虫			0		THUOCL
伪帕克新锹甲			0		THUOCL
伪库尼奥芋螺			0		THUOCL
伪才女虫属			0		THUOCL
伪指刺锚参			0		THUOCL
伪指环虫属			0		THUOCL
伪柳小卷蛾			0		THUOCL
伪棘中睾吸虫			0		THUOCL
伪棘吻虫属			0		THUOCL
伪横斑黑花金龟			0		THUOCL
伪毛婪步甲			0		THUOCL
伪沟跗地种蝇			0		THUOCL
伪沼鼠			0		THUOCL
伪瓢甲科			0		THUOCL
伪瓢虫			0		THUOCL
伪痣宝螺			0		THUOCL
伪硬毛鼠			0		THUOCL
伪绿等彩蝇			0		THUOCL
伪美洲鱥			0		THUOCL
伪英丽鱼			0		THUOCL
伪蝎目			0		THUOCL
伪装仿关公蟹			0		THUOCL
伪装关公蟹			0		THUOCL
伪装美洲咬鹃			0		THUOCL
伪赝出尾蕈甲			0		THUOCL
伪锯花天牛			0		THUOCL
伪鞭茎指环虫			0		THUOCL
伪鳖			0		THUOCL
伪黄基棘蝇			0		THUOCL
伯克氏草原鹦鹉			0		THUOCL
伯拉斯坦大胸鸽			0		THUOCL
伯氏巴杰加州黑头鱼			0		THUOCL
伯氏牛杜父鱼			0		THUOCL
伯特绦虫病			0		THUOCL
伯纳德棘球虫			0		THUOCL
伯纳德隐海螺			0		THUOCL
伯纳特低线鱲			0		THUOCL
伴放线形海螺			0		THUOCL
伸展指环虫			0		THUOCL
伸展桧叶螅			0		THUOCL
伸展瓦娄蜗牛			0		THUOCL
伸展蟹海葵			0		THUOCL
伸展马蹄吸虫			0		THUOCL
似二蛭虫属			0		THUOCL
似云雀壳菜蛤			0		THUOCL
似伪指环虫属			0		THUOCL
似侧点桨鳍丽鱼			0		THUOCL
似倒梨形碘泡虫			0		THUOCL
似刺盖贝利丽鱼			0		THUOCL
似半纹直线脂鲤			0		THUOCL
似单唇三角溪鳉			0		THUOCL
似双侧杯虫属			0		THUOCL
似古菊石目			0		THUOCL
似哺乳类爬行动物			0		THUOCL
似四钩科			0		THUOCL
似四钩虫属			0		THUOCL
似圆角胸肖叶甲			0		THUOCL
似多唇虫属			0		THUOCL
似大麻哈四钩虫			0		THUOCL
似天竺副双边鱼			0		THUOCL
似太平洋无前螨			0		THUOCL
似奇棘鮗			0		THUOCL
似小乳状指环虫			0		THUOCL
似小盘同盘吸虫			0		THUOCL
似小鳔鮈			0		THUOCL
似带小丽鱼			0		THUOCL
似恐龙指环虫			0		THUOCL
似戟形指环虫			0		THUOCL
似提姆龙			0		THUOCL
似方形瓣口线虫			0		THUOCL
似毛端甘薯肖叶甲			0		THUOCL
似毛鼻副平鳍鮠			0		THUOCL
似滔河扁圆蛋			0		THUOCL
似牛头指环虫			0		THUOCL
似盾锚首虫			0		THUOCL
似短背鳍纹唇鱼			0		THUOCL
似红鳍鲌指环虫			0		THUOCL
似耙冰杜父鱼			0		THUOCL
似菱形刺盖鱼			0		THUOCL
似蜂巢短吻狮子鱼			0		THUOCL
似蝎尾锚首虫			0		THUOCL
似褐足角胸肖叶甲			0		THUOCL
似赤梢指环虫			0		THUOCL
似野高蟹蛛			0		THUOCL
似长须黄颡鱼			0		THUOCL
似长颈囊双吸虫			0		THUOCL
似阿蒂迪杜父鱼			0		THUOCL
似隆脊角胸肖叶甲			0		THUOCL
似雕滑面蟹			0		THUOCL
似飞鱵			0		THUOCL
似鮈矮脂鲤			0		THUOCL
似鱎			0		THUOCL
似黄斑褶鮡			0		THUOCL
似黑斑厚缘肖叶甲			0		THUOCL
伽喃香			0		THUOCL
伽拉狭螨			0		THUOCL
伽湖鯻			0		THUOCL
低平中国溪蟹			0		THUOCL
低斜卷管螺			0		THUOCL
低斜捲管螺			0		THUOCL
低粒鳞侧石鳖			0		THUOCL
住囊虫属			0		THUOCL
住心碘泡虫			0		THUOCL
住筒虫			0		THUOCL
住筒虫属			0		THUOCL
佐村悍蚁			0		THUOCL
佐贺后鳞蛛			0		THUOCL
体小维宾夫虫			0		THUOCL
体海星亚纲			0		THUOCL
体珠海猪鱼			0		THUOCL
何氏冈村鳐			0		THUOCL
何氏奥库线虫			0		THUOCL
何氏齿胸肖叶甲			0		THUOCL
何耶龙			0		THUOCL
余姚指环虫			0		THUOCL
佛岛加勒比海宝螺			0		THUOCL
佛州甜甜圈龟			0		THUOCL
佛得角副鳚			0		THUOCL
佛得角圆尾鹱			0		THUOCL
佛得角真巨口鱼			0		THUOCL
佛氏不完全佐剂			0		THUOCL
佛泽瑞尾鱼将鱼			0		THUOCL
佛洲似小抹香鲸			0		THUOCL
佛瑞兹长喙天蛾			0		THUOCL
佛罗里达多管水母			0		THUOCL
佛罗里达海龙			0		THUOCL
佛罗里达红肚龟			0		THUOCL
佛罗里达蟹守螺			0		THUOCL
佩狄芬犬			0		THUOCL
佩蒂格里芬旺德短腿犬			0		THUOCL
佳玫灯蛾			0		THUOCL
侄子宝螺			0		THUOCL
侏儒依柯鰕虎鱼			0		THUOCL
侏儒响尾蛇属			0		THUOCL
侏儒小颌海龙			0		THUOCL
侏儒岛羚			0		THUOCL
侏儒海马			0		THUOCL
侏儒爪蟾			0		THUOCL
侏儒犀			0		THUOCL
侏儒砂抱球虫			0		THUOCL
侏儒绦虫			0		THUOCL
侏儒花楸			0		THUOCL
侏儒血鰕虎鱼			0		THUOCL
侏儒铜头蝮			0		THUOCL
侏儒鮑螺			0		THUOCL
侏儒鲍螺			0		THUOCL
侏儒鳾			0		THUOCL
侏儒鹰			0		THUOCL
侏圆罩鱼			0		THUOCL
侏夜鹰			0		THUOCL
侏橄榄绿鹮			0		THUOCL
侏沙鮨			0		THUOCL
侏派矛丽鱼			0		THUOCL
侏獴			0		THUOCL
侏红小蜻			0		THUOCL
侏绿鱼狗			0		THUOCL
侏罗原光滑隐翅虫			0		THUOCL
侏蓝仙鶲			0		THUOCL
侏蓝仙鹟			0		THUOCL
侏金丝燕			0		THUOCL
侏长尾山雀			0		THUOCL
侏长尾猴			0		THUOCL
侏露脊鲸			0		THUOCL
侏霸娇鹟			0		THUOCL
侏鮟鱇			0		THUOCL
侏鸊鷉			0		THUOCL
侏鹰			0		THUOCL
依克加多			0		THUOCL
依卡路斯斯氏裳凤蝶			0		THUOCL
依拉丝莫龙			0		THUOCL
依斯特拉粗毛猎犬			0		THUOCL
依洛环蛱蝶			0		THUOCL
依矛龙			0		THUOCL
依高拿斜间			0		THUOCL
侣伴肖蛸			0		THUOCL
侧头带龙占丽鱼			0		THUOCL
侧殖文昌鱼			0		THUOCL
侧点桨鳍丽鱼			0		THUOCL
侧纹褐蟹蛛			0		THUOCL
侧纹阿胡鰕虎鱼			0		THUOCL
侧线豹鲂鮄鱼			0		THUOCL
侧肠锡叶吸虫			0		THUOCL
侧膜蕨类植物			0		THUOCL
侧角矩胸金小蜂			0		THUOCL
侧触角螅			0		THUOCL
俄勒冈叶唇鱼			0		THUOCL
俄勒冈州美洲狮			0		THUOCL
俄勒冈法螺			0		THUOCL
俄罗斯欧洲莱卡犬			0		THUOCL
俏桔红火棘			0		THUOCL
信丰山地水牛			0		THUOCL
信天翁捲管螺			0		THUOCL
信德啄木鸟			0		THUOCL
信德小沙丁鱼			0		THUOCL
信德沙丁鱼			0		THUOCL
信浓异索兽			0		THUOCL
信浓肖峭			0		THUOCL
修仁鰑			0		THUOCL
修長捲管螺			0		THUOCL
俾岛翠鸟			0		THUOCL
俾格米地域人种			0		THUOCL
倒卵形粘体虫			0		THUOCL
倒心叶桃叶珊瑚			0		THUOCL
倒挂金钟白粉虱			0		THUOCL
倒转招潮蟹			0		THUOCL
借母溪林蛙			0		THUOCL
倭丛猴			0		THUOCL
值纹野螟蛾			0		THUOCL
假希瓦格蜓			0		THUOCL
假歐氏芋螺			0		THUOCL
假海乐菊石属			0		THUOCL
假睛多纪鲀			0		THUOCL
假胄菊石属			0		THUOCL
假贞女刺萤			0		THUOCL
偏斜钩状狭甲轮虫			0		THUOCL
偏茎小绿叶蝉			0		THUOCL
健乳宝			0		THUOCL
健乳宝公司			0		THUOCL
健角剑夜蛾			0		THUOCL
偶然寄生虫			0		THUOCL
偶然性寄生虫			0		THUOCL
偶纡舟蛾			0		THUOCL
傲梅卷管螺			0		THUOCL
僧帽内陆溪蟹			0		THUOCL
僧帽斜管虫			0		THUOCL
僧帽水母鱼			0		THUOCL
僧帽肾形虫			0		THUOCL
僵硬海参			0		THUOCL
儒鲁亚河隐带丽鱼			0		THUOCL
兀尺蛾			0		THUOCL
兀鲁夜蛾			0		THUOCL
元参棘趾野螟			0		THUOCL
元江虹彩光唇鱼			0		THUOCL
元谋盗龙			0		THUOCL
光全狭腹胡蜂			0		THUOCL
光吻黄鲂鮄			0		THUOCL
光唇弓鱼			0		THUOCL
光唇碘泡虫			0		THUOCL
光唇粘体虫			0		THUOCL
光唇蛇鮈			0		THUOCL
光怒茧蜂			0		THUOCL
光榮織紋螺			0		THUOCL
光洁圆顶蟹			0		THUOCL
光滑双刃骨螺			0		THUOCL
光滑尖指蟹			0		THUOCL
光滑巨楯蛞蝓			0		THUOCL
光爪等距姬蜂			0		THUOCL
光端缺翅虎甲			0		THUOCL
光绿菱纹姬叶蝉			0		THUOCL
光缘蝽			0		THUOCL
光耀南氏鱼			0		THUOCL
光耀双鳍鰕鳉			0		THUOCL
光耀左鲆			0		THUOCL
光臀八齿小蠹			0		THUOCL
光芒豆蛏			0		THUOCL
光華鬘螺			0		THUOCL
光裸星日虫			0		THUOCL
光裸美栉钩虾			0		THUOCL
光辉克劳蟹			0		THUOCL
光辉古貉藻			0		THUOCL
克什米尔硬蜱			0		THUOCL
克什米尔鳾			0		THUOCL
克冷勃獚			0		THUOCL
克劳迪欧蜥			0		THUOCL
克岛皱唇凤凰螺			0		THUOCL
克拉克梦角鮟鱇			0		THUOCL
克森尼索大金背啄木鸟			0		THUOCL
克氏圆吻星鱵			0		THUOCL
克氏圆额盲蝽			0		THUOCL
克氏小带鰕虎鱼			0		THUOCL
克氏粉背蕨			0		THUOCL
克氏纺锤水蚤属			0		THUOCL
克氏长臂猿			0		THUOCL
克莉丝强叶螅			0		THUOCL
克莱特峨螺			0		THUOCL
克莱茨德尔马			0		THUOCL
克莱门海蛳螺			0		THUOCL
克里奥尔芋螺			0		THUOCL
克里强叶螅			0		THUOCL
克雷默芋螺			0		THUOCL
克鲁氏鳾			0		THUOCL
免疫酶标记技术			0		THUOCL
兔匙甲鲶			0		THUOCL
兔甲鲶			0		THUOCL
全七棱浅室水母			0		THUOCL
全圆碘泡虫			0		THUOCL
全头鱼亚纲			0		THUOCL
全尾幼虫			0		THUOCL
全尾斑丽体鱼			0		THUOCL
全斑驼背无齿脂鲤			0		THUOCL
全斜沟前嵴蚌			0		THUOCL
全棘伴突吸虫			0		THUOCL
全棱兽			0		THUOCL
全棱浅室水母			0		THUOCL
全爪鳄			0		THUOCL
全珠海猪鱼			0		THUOCL
全球最长圈养蛇			0		THUOCL
全白委陵菜			0		THUOCL
全皱怒茧蜂			0		THUOCL
全睾顿水吸虫			0		THUOCL
全矛黑丽鱼			0		THUOCL
全致死浓度			0		THUOCL
全色云斑蛛			0		THUOCL
全芒天竺鲷			0		THUOCL
全虾总目			0		THUOCL
全裂偏嘴裸腹鳉			0		THUOCL
全裸裸重唇鱼			0		THUOCL
全视短吻狮子鱼			0		THUOCL
全鞭毛虫属			0		THUOCL
全骨附类			0		THUOCL
全黄荷苔蛾			0		THUOCL
八丈岛膜首鳕			0		THUOCL
八仙细小花天牛			0		THUOCL
八仙花崎齿瓢虫			0		THUOCL
八囊摇篮水母			0		THUOCL
八字褐刺蛾			0		THUOCL
八带鮹			0		THUOCL
八手八束水母			0		THUOCL
八手筐水母			0		THUOCL
八星步行虫			0		THUOCL
八星粉天牛			0		THUOCL
八柱中方虫			0		THUOCL
八点灰灯蛾			0		THUOCL
八爪拟弯喉萤			0		THUOCL
八目黛眼蝶			0		THUOCL
八肋斜球水母			0		THUOCL
八芯真瘤水母			0		THUOCL
八辨隔膜水母			0		THUOCL
八重山硬蠊			0		THUOCL
公牛真鲨			0		THUOCL
公牛长腿蟹			0		THUOCL
六丝矛尾鰕虎鱼			0		THUOCL
六丝钝尾鰕虎			0		THUOCL
六丝钝尾鰕虎鱼			0		THUOCL
六丝马鮁鱼			0		THUOCL
六前鞭毛虫属			0		THUOCL
六带刺盖鱼			0		THUOCL
六带毛齿蝎鱼			0		THUOCL
六星广盾瓢虫			0		THUOCL
六星白天牛			0		THUOCL
六点范氏塘鳢			0		THUOCL
六班凡塘鳢			0		THUOCL
六角八门孔虫			0		THUOCL
六角棒星虫			0		THUOCL
六角辉木			0		THUOCL
六角门臂虫			0		THUOCL
六道湾乌鲁木齐鲵			0		THUOCL
兰屿伪锹形天牛			0		THUOCL
兰屿大叶螽蟴			0		THUOCL
兰屿带纹蝶灯蛾			0		THUOCL
兰屿茄十二星瓢虫			0		THUOCL
兰屿角葫芦锹形虫			0		THUOCL
兰布尔吉亚尔氏鞭毛虫			0		THUOCL
兰德尔霓虹鰕虎鱼			0		THUOCL
兰德尔鮈鰕虎鱼			0		THUOCL
兰森伪珊隐蟹			0		THUOCL
兰氏三强蟹			0		THUOCL
兰氏侧唇鳚			0		THUOCL
兰氏布伦螨			0		THUOCL
兰氏燕尾七夕鱼			0		THUOCL
共位群内捕食			0		THUOCL
关子岭金星尺蛾			0		THUOCL
关岛小鮋			0		THUOCL
关岛小鲉			0		THUOCL
关岛波光鳃鱼			0		THUOCL
关岛阿胡鰕虎鱼			0		THUOCL
关氏才女虫			0		THUOCL
关睾虫属			0		THUOCL
兴冈兵鲶			0		THUOCL
兴凯银鮈			0		THUOCL
兴安内陆溪蟹			0		THUOCL
具壳半毛			0		THUOCL
具齿褐斑南星			0		THUOCL
典范副叶鰕虎鱼			0		THUOCL
兼性厌气性动物			0		THUOCL
内圈纹舟蛾			0		THUOCL
内德科尔伯特龙			0		THUOCL
内斑小舟蛾			0		THUOCL
内蒙狼逍遥蛛			0		THUOCL
内达华州呵吸鲤			0		THUOCL
内陆水域动物群			0		THUOCL
内陆猛蛇			0		THUOCL
内陆鬃狮蜥			0		THUOCL
内饰简变虫			0		THUOCL
冈底斯山猫			0		THUOCL
冈底斯山蝇子草			0		THUOCL
冈村氏光鳃雀鲷			0		THUOCL
冈村氏光鳃鱼			0		THUOCL
冈村虫鳗			0		THUOCL
冈村软首鳕			0		THUOCL
冈比亚巨蝎			0		THUOCL
冈比亚歧须鮠			0		THUOCL
冈瑟氏中间真条鳅			0		THUOCL
冒切叶蜂			0		THUOCL
冕角瓣舟蛾			0		THUOCL
农之初固城湖大闸蟹			0		THUOCL
农吉利总碱			0		THUOCL
农神龙			0		THUOCL
冠兀鹫			0		THUOCL
冠多拉霸鹟			0		THUOCL
冠小嘴乌鸦			0		THUOCL
冠拳螺			0		THUOCL
冠林鵙鹟			0		THUOCL
冠毛嵴吻海龙			0		THUOCL
冠毛梦角鮟鱇			0		THUOCL
冠毛肢武田绵蟹			0		THUOCL
冠毛长喙寄蝇			0		THUOCL
冠瘤祝蛾			0		THUOCL
冠红蜡嘴鹀			0		THUOCL
净雅灰蝶			0		THUOCL
准噶尔新疆龟			0		THUOCL
凌源异叶蜂			0		THUOCL
凌源额尔古纳蚌			0		THUOCL
凌源鮈			0		THUOCL
几内亚巨人巴布蜘蛛			0		THUOCL
凤头眼斑雉			0		THUOCL
凤头绿咬鹃			0		THUOCL
凤尾毛花鱼			0		THUOCL
凤庆无角黑山羊			0		THUOCL
凤梨石囊虫			0		THUOCL
凯斯荷德犬			0		THUOCL
凯氏钻颊喉盘鱼			0		THUOCL
凯里华溪蟹			0		THUOCL
凯里比臀点脂鲤			0		THUOCL
凶猛纹喉膜首鳕			0		THUOCL
凸圆鹿角珊瑚			0		THUOCL
凸形多面水母			0		THUOCL
凸杓蛤			0		THUOCL
凸背毛须隐翅虫			0		THUOCL
凸颊宽鞘茧蜂			0		THUOCL
凹凸拟缘花蝇			0		THUOCL
凹圆孟蝇			0		THUOCL
凹尾筒天牛			0		THUOCL
凹尾裸棘杜父鱼			0		THUOCL
凹尾鹦哥鱼			0		THUOCL
凹指华溪蟹			0		THUOCL
凹缘异饰肛螽			0		THUOCL
凹缘箩舟蛾			0		THUOCL
凹缘逍遥蛛			0		THUOCL
凹缘金花天牛			0		THUOCL
凹缝楯纤虫			0		THUOCL
凹缺粗柄长足虻			0		THUOCL
凹翅长角萤金花虫			0		THUOCL
凹背新尖额蟹			0		THUOCL
凹胸梗天牛			0		THUOCL
凹裂星海膽			0		THUOCL
凹颊尖腹蜂			0		THUOCL
凹额佗头蝇			0		THUOCL
凿花鳉			0		THUOCL
凿贝才女虫			0		THUOCL
分叉氏瓢鰕虎鱼			0		THUOCL
分叉鱥			0		THUOCL
分歧焦虫			0		THUOCL
分线经营上规模			0		THUOCL
分距姬蜂亚科			0		THUOCL
切割潜蝇茧蜂			0		THUOCL
切尔诺贝利巨鼠			0		THUOCL
切板拟歪尾蠊			0		THUOCL
切根虫绒茧蜂			0		THUOCL
切淡脉隧蜂			0		THUOCL
切翅单眼蛇目蝶			0		THUOCL
切翅歧角螟			0		THUOCL
切角菩尺蛾			0		THUOCL
切贝氏石首鱼			0		THUOCL
切黑狭口食蚜蝇			0		THUOCL
切齿诺福克三鳍鳚			0		THUOCL
列齿鳗光唇鳗			0		THUOCL
刚果墨头鱼			0		THUOCL
刚果小爪水獭			0		THUOCL
刚果摩利诺斯线虫			0		THUOCL
刚果河小棱鲱			0		THUOCL
刚果燕			0		THUOCL
刚果红鳄背			0		THUOCL
刚果红鳄背蝎			0		THUOCL
刚果蚁鵖			0		THUOCL
刚果野牛			0		THUOCL
刚果野鲮			0		THUOCL
刚果长尾枭猴			0		THUOCL
刚果隆头丽鱼			0		THUOCL
刚果非洲肺鱼			0		THUOCL
刚果驼背鱼			0		THUOCL
刚比亚宽带宝螺			0		THUOCL
刚毛拟鮟鱇			0		THUOCL
刚毛瞬目虫			0		THUOCL
刚毛近长足钩虾			0		THUOCL
初始全颌鱼			0		THUOCL
利冈桨鳍丽鱼			0		THUOCL
利奥波德异吻象鼻			0		THUOCL
利姆氏裸玻璃鱼			0		THUOCL
利普托迪鲁斯甲虫			0		THUOCL
利比里亚獴			0		THUOCL
利比里亚长嘴鱲			0		THUOCL
利氏叉尾鲶			0		THUOCL
利维圆罩鱼			0		THUOCL
别丝刀锹甲			0		THUOCL
别枯叶舟蛾			0		THUOCL
别氏阿锤角叶蜂			0		THUOCL
刮杜父鱼			0		THUOCL
制造加工费用率			0		THUOCL
刷毛植种蝇			0		THUOCL
刷盾长缘跳小蜂			0		THUOCL
刺加半鲿			0		THUOCL
刺吻膜头鳕			0		THUOCL
刺围脊贝属			0		THUOCL
刺圆顶蟹			0		THUOCL
刺尾拟浮萤			0		THUOCL
刺尾斜缘露螽			0		THUOCL
刺尾狼糠虾			0		THUOCL
刺尾花天牛属			0		THUOCL
刺手短浆蟹			0		THUOCL
刺指小相手蟹			0		THUOCL
刺指尾钩虾			0		THUOCL
刺条露螽			0		THUOCL
刺欧鳊			0		THUOCL
刺毛壳蟹			0		THUOCL
刺毛姬鰕虎鱼			0		THUOCL
刺猫爪蛤			0		THUOCL
刺猴子骨螺			0		THUOCL
刺盖后竺鲷			0		THUOCL
刺盖塘鱧			0		THUOCL
刺盖拟花鮨			0		THUOCL
刺盖鰕虎鱼			0		THUOCL
刺短拳螺			0		THUOCL
刺繡筆螺			0		THUOCL
刺缘大薄翅天牛			0		THUOCL
刺耀鲶			0		THUOCL
刺肋小浮萤			0		THUOCL
刺腹囊海龙			0		THUOCL
刺蝟花仙螺			0		THUOCL
刺足仿匙虾			0		THUOCL
刺颊垂蜜鸟			0		THUOCL
刻皱滑茧蜂			0		THUOCL
刻腹小蜂科			0		THUOCL
剌亚煤炱			0		THUOCL
前三刺角蝉			0		THUOCL
前中背片			0		THUOCL
前充殖科			0		THUOCL
前光裳夜蛾			0		THUOCL
前双斑游地甲			0		THUOCL
前唇霓虹鰕虎鱼			0		THUOCL
前唇鮈鰕虎鱼			0		THUOCL
前囊管水蚓			0		THUOCL
前山拟毛			0		THUOCL
前棘假革单棘鲀			0		THUOCL
前棱蜥目			0		THUOCL
前殖吸虫属			0		THUOCL
前殖孔类			0		THUOCL
前毛布拉迪虫			0		THUOCL
前毛虫属			0		THUOCL
前涤尺蛾			0		THUOCL
前滴目			0		THUOCL
前盲囊线虫属			0		THUOCL
前眶带龙占丽鱼			0		THUOCL
前眼伊都毛鼻鲶			0		THUOCL
前红莫氏管肩鱼			0		THUOCL
前肛副狮子鱼			0		THUOCL
前肛动物			0		THUOCL
前肛底潜鱼			0		THUOCL
前肛管燧鲷			0		THUOCL
前肛臀棘鲷			0		THUOCL
前肛鳗			0		THUOCL
前腺扁浮萤			0		THUOCL
前节晶囊轮虫			0		THUOCL
前被子植物			0		THUOCL
前贝加尔螺属			0		THUOCL
前钩野姬蜂			0		THUOCL
前长颌鮃			0		THUOCL
前额小叶齿鲷			0		THUOCL
前鳍吻鮋			0		THUOCL
前鳍吻鮋鱼			0		THUOCL
前鳍吻鲉鱼			0		THUOCL
前鳍盗目鱼			0		THUOCL
前鳍鲉亚目			0		THUOCL
前鳞笛鲷			0		THUOCL
前鳞骨鲻			0		THUOCL
前鼻丝鳗			0		THUOCL
前齿方翅粉蝶			0		THUOCL
前齿缘宝螺			0		THUOCL
前齿肖蛸			0		THUOCL
前齿银汉鱼科			0		THUOCL
剑形臼齿丽鲷			0		THUOCL
剑盖棘鰕虎鱼			0		THUOCL
剑蚤钟虫			0		THUOCL
剪嘴鸥科			0		THUOCL
剪尾灰霸鹟			0		THUOCL
剪形臂尾轮虫			0		THUOCL
副似四钩虫属			0		THUOCL
副前丁氏中鼢鼠			0		THUOCL
副文昌鱼			0		THUOCL
副沙鳅锚首虫			0		THUOCL
副海鲂科			0		THUOCL
副磨齿兽			0		THUOCL
副芦木属			0		THUOCL
副蟹齿若梅鲷			0		THUOCL
副链肠锡叶吸虫			0		THUOCL
加伏特鳄			0		THUOCL
加农绣眼鸟			0		THUOCL
加利福尼亚柏木			0		THUOCL
加利福尼亚桂树			0		THUOCL
加利福尼亚淡水虾			0		THUOCL
加利福尼亚滑银汉			0		THUOCL
加利福尼亚滑银汉鱼			0		THUOCL
加利福尼亚爱氏海葵			0		THUOCL
加利福尼亚神鹰			0		THUOCL
加利那小鹟			0		THUOCL
加勒比九棘鲈			0		THUOCL
加勒比圆鲀			0		THUOCL
加勒比小鲉			0		THUOCL
加勒比拟霸鹟			0		THUOCL
加勒比拳螺			0		THUOCL
加勒比文昌鱼			0		THUOCL
加勒比斜锯牙鲨			0		THUOCL
加勒比日本康吉鳗			0		THUOCL
加勒比桧叶螅			0		THUOCL
加勒比海新吻银鲛			0		THUOCL
加勒比海犬吻蝠属			0		THUOCL
加勒比海舟螺			0		THUOCL
加勒比海莫名芋螺			0		THUOCL
加勒比海虎猫			0		THUOCL
加勒比海黏盲鳗			0		THUOCL
加勒比珠光芋螺			0		THUOCL
加勒比短吻长尾鳕			0		THUOCL
加勒比芋螺			0		THUOCL
加勒比长鳍鳓			0		THUOCL
加勒比骨顶			0		THUOCL
加姆岛野鸭			0		THUOCL
加尔板钩虾			0		THUOCL
加尔瓦龙			0		THUOCL
加尔西氏溪鳉			0		THUOCL
加岛南美田鸡			0		THUOCL
加岛叉尾海燕			0		THUOCL
加岛花鹿			0		THUOCL
加岛陆鬣蜥			0		THUOCL
加州月桂			0		THUOCL
加州湾副狮子鱼			0		THUOCL
加州湾副脂鳚			0		THUOCL
加布丽埃拉芋螺			0		THUOCL
加布氏兵鲶			0		THUOCL
加布里亚芋螺			0		THUOCL
加布里毛鼻鲶			0		THUOCL
加拉帕戈斯岛鲁鳚			0		THUOCL
加拉帕戈斯群岛深海猫鲨			0		THUOCL
加拉帕戈斯陆鬣蜥			0		THUOCL
加拉帕戈斯高眉鳝			0		THUOCL
加拿大荷斯坦良种奶牛			0		THUOCL
加拿大阿尔科特羊			0		THUOCL
加斯科大猎犬			0		THUOCL
加斯科涅小蓝犬			0		THUOCL
加曼氏凹腹鳕			0		THUOCL
加氏半下口鲶			0		THUOCL
加氏大婴猴			0		THUOCL
加氏拉诺水虱			0		THUOCL
加氏犬浣熊			0		THUOCL
加泰隆牧羊犬			0		THUOCL
加盖蜻蜓			0		THUOCL
加罗林侧带小公鱼			0		THUOCL
加蓬侏长尾猴			0		THUOCL
加贝拉黑鵙			0		THUOCL
加贝阿卡拉鸲			0		THUOCL
加里曼丹长尾阔嘴鸟			0		THUOCL
加里曼黄粉蝶			0		THUOCL
加长峨螺			0		THUOCL
加长黑线凤凰螺			0		THUOCL
加鲁乔副齿脂鲤			0		THUOCL
动殖科			0		THUOCL
动物动脑筋			0		THUOCL
动物婚配拾趣			0		THUOCL
动物迁徙之谜			0		THUOCL
努夙舟蛾			0		THUOCL
努比亚夜鹰			0		THUOCL
努米底阿根廷拟鲈			0		THUOCL
努边龙血树			0		THUOCL
励志狗			0		THUOCL
劳氏笔石			0		THUOCL
勃捷斯页岩			0		THUOCL
勇氏珊瑚鰕虎			0		THUOCL
勒克瑙嗜眼吸虫			0		THUOCL
勒氏强棘杜父鱼			0		THUOCL
勒维拉格吉多岛穴鸮			0		THUOCL
勒苏维斯龙属			0		THUOCL
勒菲歧须鮠			0		THUOCL
勒非副克奈氏鱼			0		THUOCL
匀纹角瓣舟蛾			0		THUOCL
包兰格海角陆龟			0		THUOCL
匈牙利短毛指示犬			0		THUOCL
匈牙利硬毛指示犬			0		THUOCL
匕首鲶			0		THUOCL
北京眉鹟吸虫			0		THUOCL
北协珂灰蝶			0		THUOCL
北原氏左鮃			0		THUOCL
北埔栉大蚊			0		THUOCL
北域圆肩肖叶甲			0		THUOCL
北大校猫			0		THUOCL
北方亚伯达爪龙			0		THUOCL
北方住筒虫北方褶海鞘			0		THUOCL
北方小黄斑蜂			0		THUOCL
北方普度鹿			0		THUOCL
北方独行菜			0		THUOCL
北方花鹿宝螺			0		THUOCL
北方雪维特羊			0		THUOCL
北方鮈鱥			0		THUOCL
北方黑猪鱼黑叶			0		THUOCL
北普度鹿			0		THUOCL
北楔齿兽类			0		THUOCL
北欧绒毛犬			0		THUOCL
北碚肯蚖			0		THUOCL
北美侏儒响尾蛇			0		THUOCL
北美印第安地域人种			0		THUOCL
北美小夜鹰			0		THUOCL
北美得克萨斯丽鱼			0		THUOCL
北美拉尼西亚鹃鵙			0		THUOCL
北美林地驯鹿			0		THUOCL
北美环尾猫熊			0		THUOCL
北美盆地大条纹臭鼬			0		THUOCL
北谢拉马德尔森林巨蜥			0		THUOCL
北越长尾鼩			0		THUOCL
北部湾拉伪蝎			0		THUOCL
北部苏门答腊犀牛			0		THUOCL
北非沙漠猬			0		THUOCL
北非肥尾沙鼠			0		THUOCL
北非黑肥尾蝎			0		THUOCL
北非黑脸织布鸟			0		THUOCL
北黄道蟹			0		THUOCL
匙吻苏禄油鲶			0		THUOCL
匙形古柏线虫			0		THUOCL
匪夷捷弄蝶			0		THUOCL
十一刺栗壳蟹			0		THUOCL
十一星瓢虫			0		THUOCL
十一红金鱼			0		THUOCL
十二囊真唇水母			0		THUOCL
十二星食植瓢虫			0		THUOCL
十二梭海绵髓星虫			0		THUOCL
十六齿围啮			0		THUOCL
十四斑细颈金花虫			0		THUOCL
十四星负泥虫			0		THUOCL
十四点负泥甲			0		THUOCL
十大无眼动物			0		THUOCL
十字栅盾虫			0		THUOCL
十字肥腹蛛			0		THUOCL
十指平甲轮虫			0		THUOCL
十斑小崎齿瓢虫			0		THUOCL
十点宽卵莹叶甲			0		THUOCL
千佛洞陆龟			0		THUOCL
千国球蛛			0		THUOCL
千山蝮			0		THUOCL
千岛模裂虫			0		THUOCL
千岛花蟹蛛			0		THUOCL
千年义犬			0		THUOCL
千足凤凰螺			0		THUOCL
千里达老虎尾			0		THUOCL
半凸楔樱蛤			0		THUOCL
半刺盲糠虾			0		THUOCL
半叶趾蝎虎			0		THUOCL
半圆巨冠轮虫			0		THUOCL
半圆广翅小卷蛾			0		THUOCL
半圆掩耳露螽			0		THUOCL
半圆表壳虫			0		THUOCL
半尾下口鲶			0		THUOCL
半带吉氏指鰧			0		THUOCL
半扭法螺			0		THUOCL
半扭蚶			0		THUOCL
半纹背颊刺鱼			0		THUOCL
半线尾囊海龙			0		THUOCL
半翅目蛛缘蝽科			0		THUOCL
半翅目负子蝽科			0		THUOCL
华中白肩天蛾			0		THUOCL
华丰花鳗			0		THUOCL
华丽衔鰕虎鱼			0		THUOCL
华丽雨林巴布			0		THUOCL
华丽雨林巴布蜘蛛			0		THUOCL
华乐种虎皮鹦鹉			0		THUOCL
华南桔斑傲尺蛾			0		THUOCL
华宁小溪蟹			0		THUOCL
华扭尾尺蛾			0		THUOCL
华氏毛颌鮟鱇			0		THUOCL
华觿茅			0		THUOCL
华鱼泉			0		THUOCL
协和芋螺			0		THUOCL
卑怯管叶虫			0		THUOCL
单一芦蜂			0		THUOCL
单列地种蝇			0		THUOCL
单刺燧磷虾单刺樱磷虾			0		THUOCL
单尾目			0		THUOCL
单带眶棘鲈单斑篮子鱼			0		THUOCL
单性沿岸猛水蚤			0		THUOCL
单指临河爪龙			0		THUOCL
单条植蝇			0		THUOCL
单栅笔石			0		THUOCL
单棘豹鲂鮄			0		THUOCL
单棘躄鱼			0		THUOCL
单棘躄鱼科			0		THUOCL
单殖吸虫病			0		THUOCL
单精囊海鞘			0		THUOCL
单线刚果矮脂鲤			0		THUOCL
单细胞藻类病			0		THUOCL
单胃住筒虫单胃褶海鞘			0		THUOCL
单色摩花蝇			0		THUOCL
单角拟喜萤			0		THUOCL
单角革鲀			0		THUOCL
单角鼻鱼			0		THUOCL
单鳞粗棘鰕虎鱼			0		THUOCL
南亚多棱圆鲱			0		THUOCL
南亚大眼长蝽			0		THUOCL
南亚寡鬃实蝇			0		THUOCL
南亚果实蝇			0		THUOCL
南京伪卷叶绵蚜			0		THUOCL
南京直尾线虫			0		THUOCL
南印亚海鲂			0		THUOCL
南印度尼西亚喷毒眼镜蛇			0		THUOCL
南印度洋穆氏暗光			0		THUOCL
南台中华吸鳅			0		THUOCL
南台中华爬岩鳅			0		THUOCL
南台吻虎			0		THUOCL
南台吻鰕虎鱼			0		THUOCL
南城华南溪蟹			0		THUOCL
南大西洋穆氏暗光			0		THUOCL
南安地斯山穴鸮			0		THUOCL
南摩鹿加翡翠			0		THUOCL
南方古猿惊奇种			0		THUOCL
南方古猿源泉种			0		THUOCL
南方古猿类群			0		THUOCL
南方古猿羚羊河种			0		THUOCL
南方波缘正尺蛾			0		THUOCL
南方灰伯劳			0		THUOCL
南方瓶鼻鲸			0		THUOCL
南方盲鮰鲈			0		THUOCL
南方臀棘鲷			0		THUOCL
南方芒角臭虻			0		THUOCL
南方长须鳅鮀			0		THUOCL
南极光眼虫			0		THUOCL
南欧凤头百灵			0		THUOCL
南沙笠贝			0		THUOCL
南澳下鱵鱼			0		THUOCL
南澳凹鼻鲀			0		THUOCL
南澳刺鲨			0		THUOCL
南澳厚蛤			0		THUOCL
南澳圆鲀			0		THUOCL
南澳小褐鳕			0		THUOCL
南澳扁魟			0		THUOCL
南澳洲刺躄鱼			0		THUOCL
南澳短革鲀			0		THUOCL
南澳草鳚			0		THUOCL
南灰伯劳			0		THUOCL
南瓜斜斑天牛			0		THUOCL
南瓜类茎吸虫			0		THUOCL
南瓶鼻鲸			0		THUOCL
南白脸角鸮			0		THUOCL
南纬离鳍深鳚			0		THUOCL
南美俾格米松鼠			0		THUOCL
南美大黄蝶			0		THUOCL
南美滩鼠属			0		THUOCL
南苇羚			0		THUOCL
南蝠莫圆线虫			0		THUOCL
南部亚马逊红松鼠			0		THUOCL
南部猪鼻蛇			0		THUOCL
南雄龟			0		THUOCL
南非丛鵙			0		THUOCL
南非侧带小公鱼			0		THUOCL
南非兀鹫			0		THUOCL
南非多指鲉			0		THUOCL
南非多耙颌针鱼			0		THUOCL
南非尖尾无须鳕			0		THUOCL
南非扁石蝎			0		THUOCL
南非橙簇花蜜鸟			0		THUOCL
南非歌百灵			0		THUOCL
南非歌鵖			0		THUOCL
南非灰蕉鹃			0		THUOCL
南非红翅鵙			0		THUOCL
南非金花鮨			0		THUOCL
南非黑鹟			0		THUOCL
博奇海螺			0		THUOCL
博宁新箭齿雀鲷			0		THUOCL
博德桨鳍丽鱼			0		THUOCL
博德特海螺			0		THUOCL
博氏孔牛尾鱼			0		THUOCL
博氏小庸鲽			0		THUOCL
博氏片鮰脂鲤			0		THUOCL
博氏珀卡雀鹀			0		THUOCL
博洛尼亚卷毛狮子犬			0		THUOCL
博白长肛棒			0		THUOCL
博维溪脂鲤			0		THUOCL
博苏结耙非鲫			0		THUOCL
博茨瓦纳国家动物园			0		THUOCL
博萨维毛鼠			0		THUOCL
博萨维长毛鼠			0		THUOCL
占域行为			0		THUOCL
占祥上猿			0		THUOCL
占米小鳀			0		THUOCL
卡佩矮长颌鱼			0		THUOCL
卡克里河平鳍鮠			0		THUOCL
卡冈杜父鱼			0		THUOCL
卡塔利那金刚鹦鹉			0		THUOCL
卡多朿氏魮			0		THUOCL
卡姆卢珀鳟			0		THUOCL
卡尔文虫			0		THUOCL
卡尔文虫属			0		THUOCL
卡布维顿无眉鳚			0		THUOCL
卡希太亚口鱼			0		THUOCL
卡斑诺针鮨			0		THUOCL
卡斯塔梅易宝螺			0		THUOCL
卡斯特海蛳螺			0		THUOCL
卡普托宝螺			0		THUOCL
卡梅哥毛鲶			0		THUOCL
卡椰鲳鲹			0		THUOCL
卡氏小叉齿毛鼻鲶			0		THUOCL
卡氏布拉姆脂鲤			0		THUOCL
卡氏蟹蛛			0		THUOCL
卡泼林大头蚁			0		THUOCL
卡洛塔鮨丽鱼			0		THUOCL
卡狄威尔士柯基			0		THUOCL
卡狄根威尔斯柯基犬			0		THUOCL
卡狄根威尔斯高基犬			0		THUOCL
卡罗来纳长尾小鹦鹉			0		THUOCL
卡罗林腹瓢鰕虎鱼			0		THUOCL
卡罗林那长尾鹦鹉			0		THUOCL
卡罗琳金丝燕			0		THUOCL
卡罗苇鹪鹩			0		THUOCL
卡莫隆魮			0		THUOCL
卡西弯脚虎			0		THUOCL
卡路弹涂鱼			0		THUOCL
卡迪博斗犬			0		THUOCL
卡鲁海角陆龟			0		THUOCL
卡默珠母丽鱼			0		THUOCL
卢亚矮脂鲤			0		THUOCL
卢伦真小鲤			0		THUOCL
卢卡斯梗犬			0		THUOCL
卢卡毛鼻鲶			0		THUOCL
卢卢阿魮			0		THUOCL
卢姆伯砂轮虫			0		THUOCL
卢姆比须雅罗鱼			0		THUOCL
卢姆氏鳟			0		THUOCL
卢库野鲮			0		THUOCL
卢斯短体线虫			0		THUOCL
卢斯纳劳佛犬			0		THUOCL
卢氏下口鲶			0		THUOCL
卢氏丝隆头鱼			0		THUOCL
卢氏兔			0		THUOCL
卢氏扁鼻丽鱼			0		THUOCL
卢氏拟鮗			0		THUOCL
卢氏矮长颌鱼			0		THUOCL
卢氏蚁鵖			0		THUOCL
卢氏跗猴			0		THUOCL
卢氏长嘴鱲			0		THUOCL
卢氏麦鰕虎鱼			0		THUOCL
卢氏黑鵙			0		THUOCL
卢瑟氏丝鰕虎鱼			0		THUOCL
卢福突吻鱼			0		THUOCL
卢西亚诺龙			0		THUOCL
卢赞恩格氏芋螺			0		THUOCL
卢钦湖白鲑			0		THUOCL
卢阿普拉弯颌象鼻			0		THUOCL
卢雷亚楼龙			0		THUOCL
卢默龙属			0		THUOCL
卤虫属			0		THUOCL
卧客氏坚爪龙			0		THUOCL
卧底企鹅帮第一季			0		THUOCL
卫矛矢尖盾蚧			0		THUOCL
印加地鸠			0		THUOCL
印加燕鸥			0		THUOCL
印加窄嘴霸鹟			0		THUOCL
印加苇鹪鹩			0		THUOCL
印加鹦鹉短鲷			0		THUOCL
印吻棘头虫属			0		THUOCL
印啮小蜂			0		THUOCL
印太洋驼海豚			0		THUOCL
印太盗目鱼			0		THUOCL
印尼丝隆头鱼			0		THUOCL
印尼叶猴			0		THUOCL
印尼啸鹟			0		THUOCL
印尼腹囊海龙			0		THUOCL
印尼鹿角珊瑚			0		THUOCL
印巴小沙鼠			0		THUOCL
印度三叉蚜茧蜂			0		THUOCL
印度三角蝶			0		THUOCL
印度仙鹟			0		THUOCL
印度低线鱲			0		THUOCL
印度侧带小公鱼			0		THUOCL
印度修尾蚜			0		THUOCL
印度假小糠虾			0		THUOCL
印度兀鹫			0		THUOCL
印度光缨虫			0		THUOCL
印度八拟杯水母			0		THUOCL
印度关刀			0		THUOCL
印度冠斑犀鸟			0		THUOCL
印度冠鮟鱇			0		THUOCL
印度列叶吸虫			0		THUOCL
印度华丽雨林蜘蛛			0		THUOCL
印度印西亚长尾须			0		THUOCL
印度古裂口蛇			0		THUOCL
印度叫姑鱼			0		THUOCL
印度哈鳞虫			0		THUOCL
印度囊糠虾			0		THUOCL
印度四额齿蟹			0		THUOCL
印度园蛛			0		THUOCL
印度圆角蝉			0		THUOCL
印度墨头鱼			0		THUOCL
印度多指马鲅			0		THUOCL
印度夜鹰			0		THUOCL
印度孟波鱼			0		THUOCL
印度安扇尾鸽			0		THUOCL
印度宝螺			0		THUOCL
印度尼西亚侧带小公鱼			0		THUOCL
印度尼西亚准舌唇鱼			0		THUOCL
印度尼西亚反足杜父鱼			0		THUOCL
印度尼西亚唇银汉鱼			0		THUOCL
印度尼西亚头孔无须魮			0		THUOCL
印度尼西亚宽额鲀			0		THUOCL
印度尼西亚小公鱼			0		THUOCL
印度尼西亚少棱圆鲱			0		THUOCL
印度尼西亚尖塘鳢			0		THUOCL
印度尼西亚彩塘鳢			0		THUOCL
印度尼西亚搏鱼			0		THUOCL
印度尼西亚斗鼻鲀			0		THUOCL
印度尼西亚梦角鮟鱇			0		THUOCL
印度尼西亚海鲶			0		THUOCL
印度尼西亚点鰕虎鱼			0		THUOCL
印度尼西亚瓢眼鰕虎鱼			0		THUOCL
印度尼西亚笛鲷			0		THUOCL
印度尼西亚腹囊海龙			0		THUOCL
印度尼西亚近鲶			0		THUOCL
印度尼西亚金线鱼			0		THUOCL
印度尼西亚齿鱵			0		THUOCL
印度康夜蛾			0		THUOCL
印度异齿喉盤鱼			0		THUOCL
印度感棒水母			0		THUOCL
印度扁头鰕虎鱼			0		THUOCL
印度拓舟蛾			0		THUOCL
印度拟刺毛虫			0		THUOCL
印度拳击螳螂			0		THUOCL
印度支那豹			0		THUOCL
印度支那豺			0		THUOCL
印度斑竹鲨			0		THUOCL
印度新光唇鱼			0		THUOCL
印度方格星虫			0		THUOCL
印度月光蝶			0		THUOCL
印度梅花鲨			0		THUOCL
印度梯顶叶蝉			0		THUOCL
印度殖盘吸虫			0		THUOCL
印度毛蚶			0		THUOCL
印度池鹭			0		THUOCL
印度沼龟			0		THUOCL
印度波鱼			0		THUOCL
印度洋双带小丑			0		THUOCL
印度洋棘花鮨			0		THUOCL
印度洋牛鱼			0		THUOCL
印度洋狼齿海鳝			0		THUOCL
印度洋石鵖			0		THUOCL
印度洋荣光芋螺			0		THUOCL
印度洋蝎螺			0		THUOCL
印度洋高眉鳝			0		THUOCL
印度洋鱵			0		THUOCL
印度灰犀鸟			0		THUOCL
印度点鰕虎鱼			0		THUOCL
印度牛尾鱼			0		THUOCL
印度狗母鱼			0		THUOCL
印度盲胡鲶			0		THUOCL
印度眼斑螳			0		THUOCL
印度短鮣			0		THUOCL
印度竹筴鱼			0		THUOCL
印度粼眼蝶			0		THUOCL
印度红羽扇尾鸽			0		THUOCL
印度纹唇毛背鱼			0		THUOCL
印度纹唇鱼			0		THUOCL
印度纹胸鮡			0		THUOCL
印度细腹食蚜蝇			0		THUOCL
印度绒毛鲨			0		THUOCL
印度缺鳍鲶			0		THUOCL
印度腹囊海龙			0		THUOCL
印度若棘鮗			0		THUOCL
印度荣光芋螺			0		THUOCL
印度裸颊鰕虎鱼			0		THUOCL
印度谷弄蝶			0		THUOCL
印度豚鹿			0		THUOCL
印度豺			0		THUOCL
印度走鸻			0		THUOCL
印度躄鱼			0		THUOCL
印度金圈吊			0		THUOCL
印度铅螺			0		THUOCL
印度长小蠹			0		THUOCL
印度长尾夜鹰			0		THUOCL
印度长尾鼩			0		THUOCL
印度长颈步甲			0		THUOCL
印度隆哲水蚤			0		THUOCL
印度雕鸮			0		THUOCL
印度露齿鲨			0		THUOCL
印度领角鸮			0		THUOCL
印度鰕虎鱼			0		THUOCL
印度鱚			0		THUOCL
印度鳖			0		THUOCL
印度鳾			0		THUOCL
印度鹡鸰			0		THUOCL
印度黄守瓜			0		THUOCL
印度齿口鱼			0		THUOCL
印斑歧须鮠			0		THUOCL
印江指环虫			0		THUOCL
印澳海蛇			0		THUOCL
印痕相手蟹			0		THUOCL
印纹异花天牛			0		THUOCL
印纹碘泡虫			0		THUOCL
印蕊夜蛾			0		THUOCL
印记兵鲶			0		THUOCL
印鳍半下口鲶			0		THUOCL
危地马拉剑尾鱼			0		THUOCL
危地马拉江海鲶			0		THUOCL
危地马拉珠毒蜥			0		THUOCL
危地马拉田鼠			0		THUOCL
危地马拉突颌脂鲤			0		THUOCL
危地马拉红尾			0		THUOCL
危地马拉细小银汉			0		THUOCL
危地马拉鳄			0		THUOCL
危地马拉鸺鹠			0		THUOCL
危瓜多尔指鰧			0		THUOCL
危瓜多尔毛口鲶			0		THUOCL
危瓜多尔溪鳉			0		THUOCL
卲氏双线鳚			0		THUOCL
卲氏拟鲈			0		THUOCL
却保狄具带虫			0		THUOCL
卵叶似猫乳			0		THUOCL
卵圆前管虫			0		THUOCL
卵圆宽跗食蚜蝇			0		THUOCL
卵圆尾毛虫			0		THUOCL
卵圆形碘泡虫			0		THUOCL
卵圆斑疣鳞鲀			0		THUOCL
卵圆月华螺			0		THUOCL
卵圆蝎蝽			0		THUOCL
卵小樱蛤			0		THUOCL
卵形块斑宝螺			0		THUOCL
卵形尖嵴蚌			0		THUOCL
卵形瓜水母			0		THUOCL
卵形等刺水蚤			0		THUOCL
卵形等螯蟹			0		THUOCL
卵形鞍甲轮虫			0		THUOCL
卵斑长颊花天牛			0		THUOCL
卵泥阿地螺			0		THUOCL
卷叶虫姬小蜂			0		THUOCL
卷尾亚科			0		THUOCL
卷尾猴科动物			0		THUOCL
卷心菜斑色蝽			0		THUOCL
卷心菜皮革珊瑚			0		THUOCL
卷折馒头蟹			0		THUOCL
卷毛指示犬			0		THUOCL
厄瓜多尔姬啄木鸟			0		THUOCL
厄瓜多尔蚁鵙			0		THUOCL
厄瓜多尔鸺鹠			0		THUOCL
厚刺盖格线虫			0		THUOCL
厚唇重唇鱼肉			0		THUOCL
厚唇重唇鱼胆			0		THUOCL
厚壳海菊蛤			0		THUOCL
厚头拟矛螽			0		THUOCL
厚尾泉蝇			0		THUOCL
厚指拟扇蟹			0		THUOCL
厚皮四门孔虫			0		THUOCL
厚缘翼萤			0		THUOCL
厚缘驼金龟			0		THUOCL
厚膝兽			0		THUOCL
厚足荡镖水蚤			0		THUOCL
厚边南非宝螺			0		THUOCL
厚重峨螺			0		THUOCL
原卵巢涡虫亚纲			0		THUOCL
原古杯			0		THUOCL
原古杯属			0		THUOCL
原小熊猫			0		THUOCL
原水蝎螈			0		THUOCL
原犬鳄龙科			0		THUOCL
原生动物亚界			0		THUOCL
原直翅目			0		THUOCL
原肠体腔动物			0		THUOCL
原铰口鲨			0		THUOCL
厥目革囊星虫			0		THUOCL
厦门白姑鱼			0		THUOCL
厦门矮隆哲水蚤			0		THUOCL
厦门隔膜水母			0		THUOCL
参差仙女虫			0		THUOCL
参差脆鳞虫			0		THUOCL
参议员海扇蛤			0		THUOCL
叉尾侏霸鹟			0		THUOCL
叉尾卷尾			0		THUOCL
叉尾圆颌针鱼			0		THUOCL
叉尾带龙占丽鱼			0		THUOCL
叉尾鮄杜父鱼			0		THUOCL
叉尾鹰鱼			0		THUOCL
叉斑水尺蛾			0		THUOCL
叉暗哲水蚤			0		THUOCL
叉杯咽丽鱼			0		THUOCL
叉棘连鳍			0		THUOCL
叉毛矛毛虫			0		THUOCL
叉泞齿鳉			0		THUOCL
叉牙指鱼			0		THUOCL
叉纹赤星椿象			0		THUOCL
叉耙短蛇鲭			0		THUOCL
叉背金线鲃			0		THUOCL
叉背龙科			0		THUOCL
叉花蟹蛛			0		THUOCL
叉茎指环虫			0		THUOCL
叉襀			0		THUOCL
叉足剑水蚤			0		THUOCL
叉龙占丽鱼			0		THUOCL
双侧杯虫属			0		THUOCL
双分睾丸拟双身虫			0		THUOCL
双分睾副双身虫			0		THUOCL
双列角头帕			0		THUOCL
双列齿兽属			0		THUOCL
双刺副涤螽			0		THUOCL
双刺掩耳露螽			0		THUOCL
双印龙			0		THUOCL
双卵裸腹蚤			0		THUOCL
双叉滑茧蜂			0		THUOCL
双叉肠锡叶吸虫			0		THUOCL
双叶下口蜻鲶			0		THUOCL
双叶切叶蜂			0		THUOCL
双叶密棘杜父鱼			0		THUOCL
双叶异饰肛螽			0		THUOCL
双叶拟缘螽			0		THUOCL
双叶旗杜父鱼			0		THUOCL
双叶稀毛猛水蚤			0		THUOCL
双叶腹瓢鰕虎鱼			0		THUOCL
双叶鲬鰕虎鱼			0		THUOCL
双吻前口蝠鱝			0		THUOCL
双小水母			0		THUOCL
双尖钩状狭甲轮虫			0		THUOCL
双尾琉璃小灰蝶			0		THUOCL
双尾纽鳃樽			0		THUOCL
双峰曳尾蛛			0		THUOCL
双带巧言虫			0		THUOCL
双带杜鹃脂鲤			0		THUOCL
双带缟鰕虎			0		THUOCL
双带鳞鳍梅鲷			0		THUOCL
双态拟裸腹蚤			0		THUOCL
双手扁胃水母			0		THUOCL
双指鬼鮋			0		THUOCL
双摇祝蛾			0		THUOCL
双斑丝鳍鹰鲷			0		THUOCL
双斑圆臀大蜓			0		THUOCL
双斑截腹寄蝇			0		THUOCL
双斑栉齿刺尾鲷			0		THUOCL
双斑膝芒寄蝇			0		THUOCL
双斑长脚蜂			0		THUOCL
双月涤尺蛾			0		THUOCL
双标紫斑蝶			0		THUOCL
双棘拟刺盖鰕虎鱼			0		THUOCL
双毛全闪萤			0		THUOCL
双毛圆星萤			0		THUOCL
双波夹尺蛾			0		THUOCL
双滴虫目			0		THUOCL
双点宝丽鱼			0		THUOCL
双点波鱼			0		THUOCL
双点褐姬尺蛾			0		THUOCL
双珠淡蓝棕灰蝶			0		THUOCL
双眼斑多臂簑鮋			0		THUOCL
双眼斑多臂簑鲉			0		THUOCL
双纹斑叶蝉			0		THUOCL
双纹林地钝口螈			0		THUOCL
双纹步行虫			0		THUOCL
双纹粗须小天牛			0		THUOCL
双线雪舟蛾			0		THUOCL
双腔龙			0		THUOCL
双色卜夜蛾			0		THUOCL
双色奇唇鱼			0		THUOCL
双色心角茧蜂			0		THUOCL
双色野鸢尾			0		THUOCL
双角互敬蟹			0		THUOCL
双角冰杜父鱼			0		THUOCL
双角小黑枯叶蛾			0		THUOCL
双角环形虫			0		THUOCL
双角转轮蟹			0		THUOCL
双角鬼面蛛			0		THUOCL
双足直尾龙			0		THUOCL
双隆骨铺道蚁			0		THUOCL
双须多棘鰕虎鱼			0		THUOCL
双领鸻			0		THUOCL
双驼薄躄鱼			0		THUOCL
双黃头亚马逊鹦鹉			0		THUOCL
双龙骨卷管螺			0		THUOCL
反奇棘鱼			0		THUOCL
反射海蛳螺			0		THUOCL
反缘伞弄蝶			0		THUOCL
反转拟猿头蛤			0		THUOCL
变形和平水母			0		THUOCL
变形滴虫			0		THUOCL
变形肥熊宝螺			0		THUOCL
变形角珊瑚			0		THUOCL
变棘棘隙吸虫			0		THUOCL
变色植种蝇			0		THUOCL
变色窄胸萤叶甲			0		THUOCL
变色门齿鲷			0		THUOCL
叙利亚刺尾蜥			0		THUOCL
叙利亚野驴			0		THUOCL
口鳃腔			0		THUOCL
古介形纲			0		THUOCL
古仓鼠亚科			0		THUOCL
古代西班牙指示猎犬			0		THUOCL
古典芋螺			0		THUOCL
古列齿亚纲			0		THUOCL
古北蝗蝇			0		THUOCL
古北黑瘤姬蜂			0		THUOCL
古卷叶蛛			0		THUOCL
古发蛾科			0		THUOCL
古多齿亚纲			0		THUOCL
古尔氏驼背无齿脂			0		THUOCL
古巨猪			0		THUOCL
古巴亚马逊鹦鹉			0		THUOCL
古巴光唇鲨			0		THUOCL
古巴圆柱水虱			0		THUOCL
古巴夜鹰			0		THUOCL
古巴安禄蜥			0		THUOCL
古巴小林蚺			0		THUOCL
古巴小鳀			0		THUOCL
古巴彩龟			0		THUOCL
古巴新后鳍鱼			0		THUOCL
古巴棕榈鸦			0		THUOCL
古巴泉鳉			0		THUOCL
古巴瓜维那塘鳢			0		THUOCL
古巴红色金刚鹦鹉			0		THUOCL
古巴绿啄木鸟			0		THUOCL
古巴蓝蝎			0		THUOCL
古巴蜂虎			0		THUOCL
古巴角鸮			0		THUOCL
古巴金刚鹦鹉			0		THUOCL
古巴锥尾鹦鹉			0		THUOCL
古巴青鯥			0		THUOCL
古巴鸦			0		THUOCL
古巴鸺鹠			0		THUOCL
古巴鹦哥			0		THUOCL
古巴鹰			0		THUOCL
古德宝螺			0		THUOCL
古德沙漠角蜥			0		THUOCL
古晋无须魮			0		THUOCL
古杯海绵亚纲			0		THUOCL
古栉齿亚纲			0		THUOCL
古楼娜灰蝶			0		THUOCL
古毒蛾追寄蝇			0		THUOCL
古河狸			0		THUOCL
古源棘蝇			0		THUOCL
古溪鹿			0		THUOCL
古灰鲸			0		THUOCL
古球接子虫			0		THUOCL
古等称虫属			0		THUOCL
古翅山旺蚁			0		THUOCL
古老乡村斗牛犬			0		THUOCL
古草食有袋科			0		THUOCL
古董核螺			0		THUOCL
古藻迹			0		THUOCL
古软壳龟			0		THUOCL
古长须鲨			0		THUOCL
古风野牛			0		THUOCL
古齿龙			0		THUOCL
叭虫属			0		THUOCL
可变华首线虫			0		THUOCL
可岛雀			0		THUOCL
可岛鴷雀			0		THUOCL
可怕多毛苍蝇			0		THUOCL
台北棘缘吸虫			0		THUOCL
台北窄体吸虫			0		THUOCL
台南编织虫			0		THUOCL
台圆波纹蛾			0		THUOCL
台尾小卷蛾			0		THUOCL
台形指环虫			0		THUOCL
台杯鬼轮虫			0		THUOCL
台毛艳瓢虫			0		THUOCL
台氏合甲轮虫			0		THUOCL
台湾下鱵			0		THUOCL
台湾东洋蜗牛			0		THUOCL
台湾丝鰕虎鱼			0		THUOCL
台湾中国石龙子			0		THUOCL
台湾乌毛盲蝽			0		THUOCL
台湾九刺鮨			0		THUOCL
台湾九棘鲈			0		THUOCL
台湾亚澳肖叶甲			0		THUOCL
台湾仙女鱼			0		THUOCL
台湾光唇鱼			0		THUOCL
台湾八束水母			0		THUOCL
台湾准盲鳗			0		THUOCL
台湾凡鲻			0		THUOCL
台湾刺剑水蚤			0		THUOCL
台湾剑角蝗			0		THUOCL
台湾副沙条鲨			0		THUOCL
台湾副盲鳗			0		THUOCL
台湾副细鲫			0		THUOCL
台湾单带弄蝶			0		THUOCL
台湾单带蛱蝶			0		THUOCL
台湾南海溪蟹			0		THUOCL
台湾卷叶绵蚜			0		THUOCL
台湾卷叶野螟			0		THUOCL
台湾名古屋吻鰕虎			0		THUOCL
台湾后丽盲蝽			0		THUOCL
台湾吻鰕虎			0		THUOCL
台湾唇瓢虫			0		THUOCL
台湾囊糠虾			0		THUOCL
台湾四星步行虫			0		THUOCL
台湾圆尾鹤鱵			0		THUOCL
台湾大白裙弄蝶			0		THUOCL
台湾大褐弄蝶			0		THUOCL
台湾奇露螽			0		THUOCL
台湾姬螳螂			0		THUOCL
台湾姬长脚金龟			0		THUOCL
台湾姬鱼			0		THUOCL
台湾姬黑金龟			0		THUOCL
台湾孟蝇			0		THUOCL
台湾宽尾凤蝶			0		THUOCL
台湾小波纹蛇目蝶			0		THUOCL
台湾小紫蛱蝶			0		THUOCL
台湾小翅锯天牛			0		THUOCL
台湾小鳊鱼			0		THUOCL
台湾异基叶蜂			0		THUOCL
台湾弧角蝉			0		THUOCL
台湾怒茧蜂			0		THUOCL
台湾悦茧蜂			0		THUOCL
台湾截尾材小蠹			0		THUOCL
台湾扁锹形虫			0		THUOCL
台湾扇角金龟			0		THUOCL
台湾抱蛤			0		THUOCL
台湾拟弯喉萤			0		THUOCL
台湾拟锯体吸虫			0		THUOCL
台湾拟食蜗步行虫			0		THUOCL
台湾拟鮃			0		THUOCL
台湾摇祝蛾			0		THUOCL
台湾斜带天蛾			0		THUOCL
台湾日月蛤			0		THUOCL
台湾木盲蝽			0		THUOCL
台湾束腰蟹			0		THUOCL
台湾枣螺			0		THUOCL
台湾枪鱼			0		THUOCL
台湾枯叶蛾			0		THUOCL
台湾栉大蚊			0		THUOCL
台湾栉眼鰕虎			0		THUOCL
台湾梅氏鯿			0		THUOCL
台湾梅氏鳊			0		THUOCL
台湾棋石小灰蝶			0		THUOCL
台湾棘脚斯			0		THUOCL
台湾步锚参			0		THUOCL
台湾毛扁蝽			0		THUOCL
台湾沟臀肖叶甲			0		THUOCL
台湾沟虾虎鱼			0		THUOCL
台湾沟额叶蜂			0		THUOCL
台湾沟鰕虎鱼			0		THUOCL
台湾波纹蛇目蝶			0		THUOCL
台湾波纹钩蛾			0		THUOCL
台湾洒灰蝶			0		THUOCL
台湾海蛳螺			0		THUOCL
台湾温剑水蚤			0		THUOCL
台湾狗母			0		THUOCL
台湾狗母鱼			0		THUOCL
台湾玉蟹			0		THUOCL
台湾环帘蛤			0		THUOCL
台湾琵琶鱝			0		THUOCL
台湾电鱝			0		THUOCL
台湾白星姬蜂			0		THUOCL
台湾白美人花椰菜			0		THUOCL
台湾盲鳗			0		THUOCL
台湾直黄斑蜂			0		THUOCL
台湾真唇水母			0		THUOCL
台湾矢尾天牛			0		THUOCL
台湾短翅菊虎			0		THUOCL
台湾石菊池氏细鲫			0		THUOCL
台湾硬蜱			0		THUOCL
台湾碟文蛤			0		THUOCL
台湾秤杆蛇			0		THUOCL
台湾窗萤			0		THUOCL
台湾窗钩蛾			0		THUOCL
台湾筒天牛			0		THUOCL
台湾筒胸肖叶甲			0		THUOCL
台湾篦夜蛾			0		THUOCL
台湾籼弄蝶			0		THUOCL
台湾粗脚姬蛛			0		THUOCL
台湾红绒毛金龟			0		THUOCL
台湾红翅花天牛			0		THUOCL
台湾纹唇盲蝽			0		THUOCL
台湾细小翅天牛			0		THUOCL
台湾细鯿			0		THUOCL
台湾绒木蜂			0		THUOCL
台湾绒毛弄蝶			0		THUOCL
台湾绒毛挵蝶			0		THUOCL
台湾绒毛鲨			0		THUOCL
台湾绿猫蛛			0		THUOCL
台湾缨口鳅			0		THUOCL
台湾缺角天蛾			0		THUOCL
台湾肥角锹形虫			0		THUOCL
台湾脊尺蛾			0		THUOCL
台湾脊腰茧蜂			0		THUOCL
台湾腔吻鱈			0		THUOCL
台湾腔吻鳕			0		THUOCL
台湾艾蛛			0		THUOCL
台湾芦蜂			0		THUOCL
台湾花螳螂			0		THUOCL
台湾茶色姬花天牛			0		THUOCL
台湾萤斑蛾			0		THUOCL
台湾薄翅金花虫			0		THUOCL
台湾螲蟷			0		THUOCL
台湾裂头小皿蛛			0		THUOCL
台湾裸瓢虫			0		THUOCL
台湾褐金龟			0		THUOCL
台湾褶缘野螟			0		THUOCL
台湾角葫芦锹形虫			0		THUOCL
台湾豆龙虱			0		THUOCL
台湾贝类			0		THUOCL
台湾金星尺蛾			0		THUOCL
台湾银鮈			0		THUOCL
台湾锹形金龟			0		THUOCL
台湾长尾蛛			0		THUOCL
台湾长疣蛛			0		THUOCL
台湾长脚金花虫			0		THUOCL
台湾长郭公虫			0		THUOCL
台湾长颈虎甲虫			0		THUOCL
台湾阿内蛛			0		THUOCL
台湾青山蜗牛			0		THUOCL
台湾革囊星虫			0		THUOCL
台湾须鱲			0		THUOCL
台湾颌须鮈			0		THUOCL
台湾马加鰆			0		THUOCL
台湾马苏大麻哈鱼			0		THUOCL
台湾高山褐骚金龟			0		THUOCL
台湾髯须夜蛾			0		THUOCL
台湾鮠			0		THUOCL
台湾鰆鲹			0		THUOCL
台湾鱲			0		THUOCL
台湾鳅鮀			0		THUOCL
台湾黄斑弄蝶			0		THUOCL
台湾黄斑蛱蝶			0		THUOCL
台湾黄条虎天牛			0		THUOCL
台湾黄肖叶甲			0		THUOCL
台湾黄蝶			0		THUOCL
台灣捲管螺			0		THUOCL
台灣穀米螺			0		THUOCL
台灣錩螺			0		THUOCL
台突肩花天牛			0		THUOCL
台边波纹蛾			0		THUOCL
台鮗			0		THUOCL
台鹿舟蛾			0		THUOCL
史丹吉氏斜鳞蛇			0		THUOCL
史前巨蚯蚓			0		THUOCL
史前怪兽探秘之鬛齿兽			0		THUOCL
史家沟岘山龙			0		THUOCL
史提芬滨珊瑚			0		THUOCL
史氏狭翅萤斑蛾			0		THUOCL
史氏红谐鱼			0		THUOCL
史氏雷啸鸟			0		THUOCL
史达勒克兽			0		THUOCL
史达勒克兽属			0		THUOCL
右江指环虫			0		THUOCL
叶儿羌高原鳅			0		THUOCL
叶卷蚁形蜂			0		THUOCL
叶吻鮟鱇			0		THUOCL
叶圆鲀			0		THUOCL
叶尔羌赫氏高原鳅			0		THUOCL
叶尔羌鸽			0		THUOCL
叶尾守宫			0		THUOCL
叶展须野螟			0		THUOCL
叶展须野螟蛾			0		THUOCL
叶巨刺角蝉			0		THUOCL
叶形多刺蚁			0		THUOCL
叶形棘隙吸虫			0		THUOCL
叶形牡丹珊瑚			0		THUOCL
叶形狭啮			0		THUOCL
叶形表孔珊瑚			0		THUOCL
叶形角石蛾			0		THUOCL
叶板蔷薇珊瑚			0		THUOCL
叶林腹蛇			0		THUOCL
叶樱蛤			0		THUOCL
叶毛美绥螨			0		THUOCL
叶氏古柏线虫			0		THUOCL
叶氏隆肛蛙			0		THUOCL
叶澳弄蝶			0		THUOCL
叶片剑水蚤			0		THUOCL
叶片对臂虫			0		THUOCL
叶片猿头蛤			0		THUOCL
叶状栉水母			0		THUOCL
叶状陀螺珊瑚			0		THUOCL
叶突棘蝇			0		THUOCL
叶羌高原鳅			0		THUOCL
叶肛掩耳露螽			0		THUOCL
叶腕水母			0		THUOCL
叶芒果蛛			0		THUOCL
叶茎指环虫			0		THUOCL
叶菊石目			0		THUOCL
叶虾亚纲			0		THUOCL
叶蝉寡索赤眼蜂			0		THUOCL
叶蝉柄翅小蜂			0		THUOCL
叶足小厚壳水蚤			0		THUOCL
叶足特缘蝽			0		THUOCL
叶足缘椿象			0		THUOCL
叶轮虫			0		THUOCL
叶额真玻璃虾			0		THUOCL
叶饰海蛳螺			0		THUOCL
叶鳞刺鲨			0		THUOCL
司氐酋妇蟹			0		THUOCL
合唱壳菜蛤			0		THUOCL
合小纹尺蛾			0		THUOCL
合成韦林			0		THUOCL
合欢夜交藤茶			0		THUOCL
合胃蚓属			0		THUOCL
合齿鱼亚目			0		THUOCL
吉卜林巴希拉蜘蛛			0		THUOCL
吉安氏簑水螟			0		THUOCL
吉尔伯特驼背无齿脂			0		THUOCL
吉村马特海笋			0		THUOCL
吉杜凤凰螺			0		THUOCL
吉林公主岭松毛虫赤眼蜂			0		THUOCL
吉林地种蝇			0		THUOCL
吉林毒蛾寄蝇			0		THUOCL
吉氏啸鹟			0		THUOCL
吉氏豹鲂鮄			0		THUOCL
吉氏豹鲂鮄鱼			0		THUOCL
吉隆巨蟹蛛			0		THUOCL
吉隆无齿角蝉			0		THUOCL
同心假浮萤			0		THUOCL
名和蝉寄蛾			0		THUOCL
后中背片			0		THUOCL
后圆真浮萤			0		THUOCL
后截唇角水蚤			0		THUOCL
后纹小天牛			0		THUOCL
后缘长翅尺蛾			0		THUOCL
吐谷鲁龙			0		THUOCL
吐鲁番驴			0		THUOCL
吐鲁番鱥			0		THUOCL
吐鲁茨龙			0		THUOCL
向定隐丛海葵			0		THUOCL
向日葵白星花金龟			0		THUOCL
向日葵黄斑蜂			0		THUOCL
吕宋小泉戎			0		THUOCL
吕宋缝叶莺			0		THUOCL
吕宋翠凤蝶			0		THUOCL
吕宋花鮨			0		THUOCL
吕宋角鸮			0		THUOCL
吕宋鸡鸠			0		THUOCL
含硒过氧化物酶			0		THUOCL
含笑花醇			0		THUOCL
听囊伪直尾线虫			0		THUOCL
吻光尾鳕			0		THUOCL
吻巨棘角鮟鱇			0		THUOCL
吻斑狗母鱼			0		THUOCL
吻斑石斑鱼			0		THUOCL
吻棘鳚杜父鱼			0		THUOCL
吻沟双髻鲨			0		THUOCL
吻长角鮟鱇			0		THUOCL
呆绶贝			0		THUOCL
周氏安露螽			0		THUOCL
周氏黔鱼龙			0		THUOCL
呼勒德追蛛			0		THUOCL
呼城雏蝗			0		THUOCL
和尚峨螺			0		THUOCL
和顺仿核果蟹			0		THUOCL
咕咕是只猫			0		THUOCL
咖啡灭字脊虎天牛			0		THUOCL
咖啡薄壳卷管螺			0		THUOCL
咬人猫黑斑瓢虫			0		THUOCL
咬人蹿鼠			0		THUOCL
咬鹃属			0		THUOCL
咬鹃翠叶红颈凤蝶			0		THUOCL
咬齿牡蛎			0		THUOCL
咸宁广东			0		THUOCL
咸水小瓜虫			0		THUOCL
品味突吻鱼			0		THUOCL
品托砂轮虫			0		THUOCL
品质保证强能力			0		THUOCL
哈得逊湾北极地松鼠			0		THUOCL
哈恩氏大吻电鳗			0		THUOCL
哈氏异糯鳗			0		THUOCL
哈特韦小油鲶			0		THUOCL
哈瓦那卷毛狮子犬			0		THUOCL
哈瓦那小犬			0		THUOCL
哈瓦那褐猫			0		THUOCL
哈福林格马			0		THUOCL
哈菲林克尔马			0		THUOCL
哈马黑拉岛鹿角珊瑚			0		THUOCL
哑口仙女虫			0		THUOCL
哑霸鹟			0		THUOCL
哥伦比亚丛霸鹟			0		THUOCL
哥伦比亚副项鳍鲶			0		THUOCL
哥伦比亚布朗冠鹦鹉			0		THUOCL
哥伦比亚彩虹蟒			0		THUOCL
哥伦比亚比刀钩虾			0		THUOCL
哥伦比亚猛獁			0		THUOCL
哥伦比亚白尾鹿			0		THUOCL
哥伦比亚窜鸟			0		THUOCL
哥伦比亚红腿陆龟			0		THUOCL
哥伦比亚蓝翅鹦哥			0		THUOCL
哥伦比亚虎猫			0		THUOCL
哥伦比亚角鸮			0		THUOCL
哥伦比亚鸊鷉			0		THUOCL
哥布林鲨鱼			0		THUOCL
哥斯达离加斑马脚			0		THUOCL
哥斯达黎加割齿喉			0		THUOCL
哥斯达黎加双色木蝎			0		THUOCL
哥斯达黎加变异小丑蟾蜍			0		THUOCL
哥斯达黎加吉氏指			0		THUOCL
哥斯达黎加斑马脚蜘蛛			0		THUOCL
哥斯达黎加溪鳉			0		THUOCL
哥斯达黎加瓢鰕虎			0		THUOCL
哥斯达黎加粗指鰧			0		THUOCL
哥斯达黎加老虎尾			0		THUOCL
哥斯达黎加鸺鹠			0		THUOCL
哥法地鼠龟			0		THUOCL
哥隆约龙			0		THUOCL
哪些动物要冬眠			0		THUOCL
哺乳形巨齿兽			0		THUOCL
哺乳浓缩			0		THUOCL
唇形叶轮虫			0		THUOCL
唇英虫			0		THUOCL
唇达摩鲨			0		THUOCL
唇鮕			0		THUOCL
唐氏颊长颌鱼			0		THUOCL
唐纳德海蛇			0		THUOCL
唐菖蒲大造桥虫			0		THUOCL
唐菖蒲小造桥虫			0		THUOCL
唯细小钩虾			0		THUOCL
啄黑点尺蛾			0		THUOCL
啮齿类动物之最			0		THUOCL
啸声扇尾莺			0		THUOCL
啸声牛鹂			0		THUOCL
啸森莺			0		THUOCL
啸鶲科			0		THUOCL
啸鸫短腺吸虫			0		THUOCL
喀尔多尼亚山猫宝螺			0		THUOCL
喀斯特马陆			0		THUOCL
喀麦隆啄木鸟			0		THUOCL
喀麦隆异吻象鼻鱼			0		THUOCL
喀麦隆短翅莺			0		THUOCL
喀麦隆维达鸟			0		THUOCL
喀麦隆羽毛尾			0		THUOCL
喀麦隆野鲮			0		THUOCL
喀麦隆鹎			0		THUOCL
善飞狭颊寄蝇			0		THUOCL
喇叭形十字水母			0		THUOCL
喇叭虫属			0		THUOCL
喙尾琵琶甲			0		THUOCL
喙膜指环虫			0		THUOCL
喜东灰蝶属			0		THUOCL
喜夙舟蛾			0		THUOCL
喜山三趾啄木鸟			0		THUOCL
喜山原矛头蝮			0		THUOCL
喜山金背三趾啄木鸟			0		THUOCL
喜山长尾叶猴			0		THUOCL
喜溪褶脂鲤			0		THUOCL
喜马拉雅低额蚤			0		THUOCL
喜马拉雅园蛛			0		THUOCL
喜马拉雅天竺鼠			0		THUOCL
喜马拉雅山长尾叶猴			0		THUOCL
喜马拉雅巨蟹蛛			0		THUOCL
喜马拉雅悬崖蜂			0		THUOCL
喜马拉雅杉木蠹象			0		THUOCL
喜马拉雅牧羊犬			0		THUOCL
喜马拉雅种猫			0		THUOCL
喜马拉雅聚瘤姬蜂			0		THUOCL
喜马拉雅花蟹蛛			0		THUOCL
喜马拉雅蜜蜂			0		THUOCL
喜马拉雅裸裂尻鱼			0		THUOCL
喜马拉雅豺			0		THUOCL
喜马拉雅负蝗			0		THUOCL
喜马拉雅野犬			0		THUOCL
喜马拉雅隐势瓢虫			0		THUOCL
喜马拉雅鲸			0		THUOCL
喜马树丽盲蝽			0		THUOCL
喷点珍珠虎鱼			0		THUOCL
嗜低温弓形海螺			0		THUOCL
嗜鰕截颌鲤			0		THUOCL
嘉义小蛇目蝶			0		THUOCL
嘉定碘泡虫			0		THUOCL
嘉宝油奈氏鱼			0		THUOCL
嘉年华芭蕉螺			0		THUOCL
嘉庚指环虫			0		THUOCL
嘉德兰蛇			0		THUOCL
嘉氏澳汉蚱			0		THUOCL
嘉积小鳔鮈			0		THUOCL
嘉翠蛱蝶			0		THUOCL
噩梦神翼龙			0		THUOCL
囊喉墓蝠属			0		THUOCL
囊多棘鳞鲀			0		THUOCL
囊居外颈吸虫			0		THUOCL
囊开形箭虫			0		THUOCL
囊形科			0		THUOCL
囊形腔轮虫			0		THUOCL
囊状全水母			0		THUOCL
囊茎指环虫			0		THUOCL
四倍体鲤鲫			0		THUOCL
四冠腔吻鳕			0		THUOCL
四分锤吸管虫			0		THUOCL
四刺仿蛛形蟹			0		THUOCL
四刺和糠虾四刺原新糠虾			0		THUOCL
四刺窄腹剑水蚤			0		THUOCL
四十斑啄果鸟			0		THUOCL
四叉虫属			0		THUOCL
四叶四门孔虫			0		THUOCL
四叶小舌水母			0		THUOCL
四国猎犬			0		THUOCL
四国细颚姬蜂			0		THUOCL
四块魮			0		THUOCL
四孔蛇鳗			0		THUOCL
四季海棠斑衣蜡蝉			0		THUOCL
四室唇旋虫			0		THUOCL
四室布萨斯虫			0		THUOCL
四尖美帽虫			0		THUOCL
四川前个木虱			0		THUOCL
四川副古柏线虫			0		THUOCL
四川双突围啮			0		THUOCL
四川大学动物标本馆			0		THUOCL
四川宽头秆蝇			0		THUOCL
四川尾尺蛾			0		THUOCL
四川并殖吸虫			0		THUOCL
四川指环虫			0		THUOCL
四川斜线网蛾			0		THUOCL
四川旋木雀			0		THUOCL
四川无肛虫脩			0		THUOCL
四川星弄蝶			0		THUOCL
四川杜尺蛾			0		THUOCL
四川林鸮			0		THUOCL
四川栉鰕虎鱼			0		THUOCL
四川残青叶蜂			0		THUOCL
四川毛足蜂			0		THUOCL
四川污翅姬蜂			0		THUOCL
四川波纹夸尺蛾			0		THUOCL
四川洞魑尺蛾			0		THUOCL
四川漏斗蛛			0		THUOCL
四川灰边白沙尺蛾			0		THUOCL
四川犀猎蝽			0		THUOCL
四川环毛蚓			0		THUOCL
四川箬盲蝽			0		THUOCL
四川粘体虫			0		THUOCL
四川花蟹蛛			0		THUOCL
四川驼花天牛			0		THUOCL
四川鮡			0		THUOCL
四川黄斑蜂			0		THUOCL
四川齿胸肖叶甲			0		THUOCL
四带拟唇鱼			0		THUOCL
四带牙鯻			0		THUOCL
四带纹唇鱼			0		THUOCL
四带脊虎天牛			0		THUOCL
四带鹿蛾			0		THUOCL
四手触丝水母			0		THUOCL
四指唇盤鳚			0		THUOCL
四放珊瑚类			0		THUOCL
四斑三角鰕虎鱼			0		THUOCL
四斑卷叶野螟			0		THUOCL
四斑厚花天牛			0		THUOCL
四斑墨头鱼			0		THUOCL
四斑大咽非鲫			0		THUOCL
四斑小地甲			0		THUOCL
四斑小毛瓢虫			0		THUOCL
四斑小瓢虫			0		THUOCL
四斑广盾瓢虫			0		THUOCL
四斑弓背蚁			0		THUOCL
四斑拟半齿脂鲤			0		THUOCL
四斑显盾瓢虫			0		THUOCL
四斑月瓢虫			0		THUOCL
四斑松天牛			0		THUOCL
四斑毛瓢虫			0		THUOCL
四斑沙鸡			0		THUOCL
四斑短腿花天牛			0		THUOCL
四斑纹胸鮡			0		THUOCL
四斑绢野螟			0		THUOCL
四斑肋野螟蛾			0		THUOCL
四斑芦蜂			0		THUOCL
四斑角伪叶甲			0		THUOCL
四斑象沫蝉			0		THUOCL
四斑长腹蟌			0		THUOCL
四斑隆胸盲蝽			0		THUOCL
四斑露尾甲			0		THUOCL
四斑馒头蟹			0		THUOCL
四斑魮			0		THUOCL
四方囊棒螨			0		THUOCL
四星角雏兜			0		THUOCL
四棘新亮丽鲷			0		THUOCL
四棘虫属			0		THUOCL
四棘金钱鱼			0		THUOCL
四楯海鲶			0		THUOCL
四沟叶蚤			0		THUOCL
四点亮腹蛛			0		THUOCL
四点苜蓿盲蝽			0		THUOCL
四点蛹螺			0		THUOCL
四点褐苜蓿盲蝽			0		THUOCL
四点角缘尺蛾			0		THUOCL
四点高亮腹蛛			0		THUOCL
四球锚头鱼蚤			0		THUOCL
四目卷叶野螟			0		THUOCL
四眼日间壁虎			0		THUOCL
四眼贝			0		THUOCL
四纹长脚金龟			0		THUOCL
四线列牙鯻			0		THUOCL
四翅双十字虫			0		THUOCL
四肋泄露螺			0		THUOCL
四股桥华溪蟹			0		THUOCL
四脊光壳南鳌虾			0		THUOCL
四脊翼水母			0		THUOCL
四脊耳叶蝉			0		THUOCL
四臂躄鱼科			0		THUOCL
四节大头蚁属			0		THUOCL
四节蜉科			0		THUOCL
四角变色龙			0		THUOCL
四角唇指			0		THUOCL
四角平甲轮虫			0		THUOCL
四角床杜父鱼			0		THUOCL
四角斑尺蛾			0		THUOCL
四角红目杜父鱼			0		THUOCL
四角细带螺			0		THUOCL
四角舟水母			0		THUOCL
四辐射鸟圆线虫			0		THUOCL
四辐新西兰喉盘鱼			0		THUOCL
四钩虫属			0		THUOCL
四长棘鲷			0		THUOCL
四间老鼠鱼			0		THUOCL
四面山狭锹甲			0		THUOCL
四面山长颊花天牛			0		THUOCL
四黄斑吉丁			0		THUOCL
四齿仿短桨蟹			0		THUOCL
四齿优剑螽			0		THUOCL
四齿关公蟹			0		THUOCL
四齿四条蜂			0		THUOCL
四齿大额蟹			0		THUOCL
四齿强叶螅			0		THUOCL
四齿无棱水母			0		THUOCL
四齿矶蟹			0		THUOCL
四齿蓝斑青蜂			0		THUOCL
四齿麻露螽			0		THUOCL
因纽特犬			0		THUOCL
团聚牡蛎			0		THUOCL
团角锤天蛾			0		THUOCL
团风弧形虫			0		THUOCL
围口冠蛭蚓			0		THUOCL
围巧言虫			0		THUOCL
围平波纹蛾			0		THUOCL
围戈那蛛			0		THUOCL
围眼动齿鳚			0		THUOCL
围眼沟			0		THUOCL
围眼真动齿鳚			0		THUOCL
围鼻猪鰕虎鱼			0		THUOCL
固着底栖生物			0		THUOCL
国产肉骨粉			0		THUOCL
国槐叶柄小蛾			0		THUOCL
国槐小线角木蠹蛾			0		THUOCL
国槐潜叶蛾			0		THUOCL
国裔鹍			0		THUOCL
图们杜父鱼			0		THUOCL
图们江中鮈			0		THUOCL
图们江杜父鱼			0		THUOCL
图们鱥			0		THUOCL
图伯鲁斯灌丛蟋蟀			0		THUOCL
图库曼鸺鹠			0		THUOCL
图林根窗龙属			0		THUOCL
图门江中鮈			0		THUOCL
图门江雅罗鱼			0		THUOCL
圆三刺角蝉			0		THUOCL
圆乐乐扇贝			0		THUOCL
圆凹囊糠虾			0		THUOCL
圆十一刺栗壳蟹			0		THUOCL
圆口海鲱鲤			0		THUOCL
圆口矛丽鱼			0		THUOCL
圆口鮦鱼			0		THUOCL
圆后黑小卷蛾			0		THUOCL
圆吻凡鲻			0		THUOCL
圆吻星鱵			0		THUOCL
圆吻梅花鲨			0		THUOCL
圆吻棘鼬鳚			0		THUOCL
圆吻海鰶			0		THUOCL
圆吻红娘鱼			0		THUOCL
圆吻鮰			0		THUOCL
圆吻鯝			0		THUOCL
圆吻鱥			0		THUOCL
圆吻鲴指环虫			0		THUOCL
圆吻鲴粘体虫			0		THUOCL
圆吻默蛇鳗			0		THUOCL
圆囊浅室水母			0		THUOCL
圆囊溞			0		THUOCL
圆囊箭虫			0		THUOCL
圆四门孔虫			0		THUOCL
圆头单棘躄鱼			0		THUOCL
圆头斜杜父鱼			0		THUOCL
圆头楔蚌			0		THUOCL
圆头王霸鹟			0		THUOCL
圆头直条鳅			0		THUOCL
圆头细棘鰕虎			0		THUOCL
圆头细棘鰕虎鱼			0		THUOCL
圆孔八门孔虫			0		THUOCL
圆实冠形软珊瑚			0		THUOCL
圆小沙丁鱼金色			0		THUOCL
圆尾娇鹟			0		THUOCL
圆尾拟鲿			0		THUOCL
圆尾肖蛸			0		THUOCL
圆尾金翅雀鲷			0		THUOCL
圆尾银板蛛			0		THUOCL
圆尾鹤鱵			0		THUOCL
圆尾鹱			0		THUOCL
圆尾黄蟌			0		THUOCL
圆带涤尺蛾			0		THUOCL
圆形后浮萤			0		THUOCL
圆形四极虫			0		THUOCL
圆形肿须蟹			0		THUOCL
圆形赘须金小蜂			0		THUOCL
圆形鳞斑蟹			0		THUOCL
圆拟灯蛾			0		THUOCL
圆斑伟黄斑蜂			0		THUOCL
圆斑弯叶毛瓢虫			0		THUOCL
圆斑扁尾鲀			0		THUOCL
圆斑硬象鼻虫			0		THUOCL
圆斑紫天牛			0		THUOCL
圆斑莠蝇			0		THUOCL
圆斑长须猫鲨			0		THUOCL
圆斑鹰翅天蛾			0		THUOCL
圆斑黄毒蛾			0		THUOCL
圆斑黄缘禾螟			0		THUOCL
圆月毒蛾			0		THUOCL
圆条尾魟			0		THUOCL
圆板棘蝇			0		THUOCL
圆果三角叶薯蓣			0		THUOCL
圆柏大痣小蜂			0		THUOCL
圆柏柏肤小蠹			0		THUOCL
圆柱前管虫			0		THUOCL
圆棘头虫目			0		THUOCL
圆楔樱蛤			0		THUOCL
圆楯海胆			0		THUOCL
圆模裂虫			0		THUOCL
圆毛好转虫			0		THUOCL
圆毛蚶			0		THUOCL
圆澳龟			0		THUOCL
圆灰蝶亚科			0		THUOCL
圆点卷叶象鼻虫			0		THUOCL
圆点小丑灯鱼			0		THUOCL
圆珠宝螺			0		THUOCL
圆盖巨牙天竺鲷			0		THUOCL
圆盘拟软萤			0		THUOCL
圆盲蛇			0		THUOCL
圆直纹螟			0		THUOCL
圆眶钝塘鱧			0		THUOCL
圆眼丹波鱼			0		THUOCL
圆眼副鳚			0		THUOCL
圆眼戴氏鱼			0		THUOCL
圆睾阔盘吸虫			0		THUOCL
圆矛叶剑水蚤			0		THUOCL
圆硬头鱼			0		THUOCL
圆突深海浮萤			0		THUOCL
圆突蔷薇珊瑚			0		THUOCL
圆筒吻鮈			0		THUOCL
圆纹宽广蜡蝉			0		THUOCL
圆纹弄蝶			0		THUOCL
圆缺掩耳露螽			0		THUOCL
圆翅单眼蛇目蝶			0		THUOCL
圆翅小粉蝶			0		THUOCL
圆翅波纹灰蝶			0		THUOCL
圆翅眉眼蝶			0		THUOCL
圆翅野鲮			0		THUOCL
圆翅钩粉蝶			0		THUOCL
圆翅锯锹形虫			0		THUOCL
圆翅黛眼蝶			0		THUOCL
圆耀三刺角蝉			0		THUOCL
圆胸副狮子鱼			0		THUOCL
圆胸地胆芫菁			0		THUOCL
圆胸短喜象			0		THUOCL
圆脊异丽金龟			0		THUOCL
圆脊肋盾虫			0		THUOCL
圆腹宽缝拟蝎			0		THUOCL
圆腹拟蝎			0		THUOCL
圆腹指环虫			0		THUOCL
圆腹猎蝽			0		THUOCL
圆腹短角单棘鲀			0		THUOCL
圆膜凹颚叶蜂			0		THUOCL
圆花叶蛛			0		THUOCL
圆草席钟螺			0		THUOCL
圆荚萤属			0		THUOCL
圆菱叶山蚂蝗			0		THUOCL
圆角倍蚜			0		THUOCL
圆角变色龙			0		THUOCL
圆角合扁蝽			0		THUOCL
圆角棒角甲			0		THUOCL
圆角胸肖叶甲			0		THUOCL
圆身盲鳗			0		THUOCL
圆钵砂壳虫			0		THUOCL
圆锥毛棒象			0		THUOCL
圆锥砂轮虫			0		THUOCL
圆隔膜水母			0		THUOCL
圆顶华溪蟹			0		THUOCL
圆顶非拟溪蟹			0		THUOCL
圆颌鱵			0		THUOCL
圆额尖指蟹			0		THUOCL
圆鮀鲣			0		THUOCL
圆鯵盗鱼蚤			0		THUOCL
圆鳃盖巨齿天竺鲷			0		THUOCL
圆鳍圆尾颌针鱼			0		THUOCL
圆鳍深鰕虎			0		THUOCL
圆鳞侏鰕虎鱼			0		THUOCL
圆鳞发光鲷			0		THUOCL
圆鳞斑鲆			0		THUOCL
圆鳞硬皮鰕虎			0		THUOCL
圆鳞美鰕虎鱼			0		THUOCL
圆鳞腹肢鲆			0		THUOCL
圆鳞鮋			0		THUOCL
圆鳞鲉			0		THUOCL
圆齿招潮蟹			0		THUOCL
圆齿马拉维丽鱼			0		THUOCL
圈紫胸鱼			0		THUOCL
圈肠科			0		THUOCL
圈颈鰏			0		THUOCL
圈黑卷叶象			0		THUOCL
土佐楔花鮨鰧			0		THUOCL
土佐湾彼得蝴蝶鱼			0		THUOCL
土佐湾楔花鮨鰧			0		THUOCL
土佐瞻星鱼			0		THUOCL
土耳其弓背蚁			0		THUOCL
土耳其梵科迪斯猫			0		THUOCL
土耳其蜥虎			0		THUOCL
土耳其黑肥尾蝎			0		THUOCL
土阿莫土石斑鱼			0		THUOCL
圣克里斯托瓦尔鹃鵙			0		THUOCL
圣克鲁兹锥尾鹦鹉			0		THUOCL
圣克鲁斯岛加拉帕戈斯象龟			0		THUOCL
圣克鲁斯管鼻果蝠			0		THUOCL
圣卢拟鹂			0		THUOCL
圣卢西亚亚马逊鹦鹉			0		THUOCL
圣卢西亚巨稻鼠			0		THUOCL
圣卢西亚黑雀			0		THUOCL
圣卢西亚黑雀属			0		THUOCL
圣多美绿鸽			0		THUOCL
圣太路西亚贝氏石			0		THUOCL
圣弗朗西斯科金肩雀鹀			0		THUOCL
圣日比目鱼			0		THUOCL
圣歌女神裙绡蝶			0		THUOCL
圣热特鲁迪斯牛			0		THUOCL
圣玛利亚滨珊瑚			0		THUOCL
圣玛尔塔鹦哥			0		THUOCL
圣益达短耳鸮			0		THUOCL
圣蒂亚戈岛加拉帕戈斯象龟			0		THUOCL
圣蒂尼海蛳螺			0		THUOCL
圣蜂巢鰕虎鱼			0		THUOCL
圣赫勒拿岛戴胜			0		THUOCL
圣赫勒拿岛裳凤蝶			0		THUOCL
圣赫拿蝴蝶鱼			0		THUOCL
圣路易斯家鹪鹩			0		THUOCL
圣马蒂亚斯鹃鵙			0		THUOCL
圭亚那冠伞鸟			0		THUOCL
圭亚那副康吉鳗			0		THUOCL
圭亚那大吻电鳗			0		THUOCL
圭亚那宝丽鱼			0		THUOCL
圭亚那犬齿河脂鲤			0		THUOCL
圭亚那短蜴脂鲤			0		THUOCL
圭亚那红伞鸟			0		THUOCL
圭亚那裸背电鳗			0		THUOCL
地丛鹟			0		THUOCL
地中海四鳍旗鱼			0		THUOCL
地中海扁隆头鱼			0		THUOCL
地中海泌油甲壳虫			0		THUOCL
地中海深海狗母鱼			0		THUOCL
地中海皇后鰕虎鱼			0		THUOCL
地中海石斑鱼			0		THUOCL
地中海竹筴鱼			0		THUOCL
地中海莱苏尔鰕虎			0		THUOCL
地中海蛙螺			0		THUOCL
地中海近泉戎			0		THUOCL
地中海钳			0		THUOCL
地中海鞭毛鳕			0		THUOCL
地中海鰕虎鱼			0		THUOCL
地中海鸥			0		THUOCL
地中海黄蝎			0		THUOCL
地圖寶螺			0		THUOCL
地肤异个木虱			0		THUOCL
地蚕大铗姬蜂			0		THUOCL
地蟹科			0		THUOCL
地衣叶守宫			0		THUOCL
地衣叶尾守宫			0		THUOCL
地衣壳形虫			0		THUOCL
地衣滨珊瑚			0		THUOCL
坎德奎芮瑙犬			0		THUOCL
坎氏叉鼻喉盘鱼			0		THUOCL
坎氏美伽飞虱			0		THUOCL
坎贝尔侏儒仓鼠			0		THUOCL
坑翅夜蛾			0		THUOCL
坚真长须螨			0		THUOCL
坦噶尼喀新非鲫			0		THUOCL
坦噶尼喀非洲盲刺			0		THUOCL
坦尚尼亚金六间			0		THUOCL
坦桑尼亚橄榄巴布			0		THUOCL
坦桑尼亚老虎尾巴布			0		THUOCL
垂直住囊虫			0		THUOCL
垂缨蝶蝠			0		THUOCL
埃及女王美人宝螺			0		THUOCL
埃及柱尾蝎			0		THUOCL
埃塞俄比亚傍人			0		THUOCL
埃塞俄比亚北山羊			0		THUOCL
埃塞俄比亚爱情鸟			0		THUOCL
埃塞俄比亚高原兔			0		THUOCL
埃尔西鹿角珊瑚			0		THUOCL
埃斯佩氏铅笔鱼			0		THUOCL
埃杜灯鳉			0		THUOCL
埃氏奈波鰕虎鱼			0		THUOCL
埃氏磨塘鳢			0		THUOCL
埃特那岛猎犬			0		THUOCL
埃谢栉蚕			0		THUOCL
城口华溪蟹			0		THUOCL
城口璃锹甲			0		THUOCL
城步巨蟹蛛			0		THUOCL
埔里华吸鳅			0		THUOCL
基亚里海蛳螺			0		THUOCL
基刺硬蜱			0		THUOCL
基合溞			0		THUOCL
基圆隆突肩肖叶甲			0		THUOCL
基奈半岛狼			0		THUOCL
基林巴小旋编虫			0		THUOCL
基维恐怖丽鱼			0		THUOCL
基黄粉尺蛾			0		THUOCL
堂皇偕老同穴			0		THUOCL
堂皇海菊蛤			0		THUOCL
堪察加副狮子鱼			0		THUOCL
堪察加北极地松鼠			0		THUOCL
塔丽灰蝶属			0		THUOCL
塔伊姆小美腹鲶			0		THUOCL
塔协苔螋			0		THUOCL
塔博加侏鰕虎鱼			0		THUOCL
塔布拉斯卷尾			0		THUOCL
塔形核螺			0		THUOCL
塔斯马亚尼虎			0		THUOCL
塔斯马尼亚副狮子鱼			0		THUOCL
塔斯马尼亚后鳍鲑			0		THUOCL
塔斯马尼亚灰色大袋鼠			0		THUOCL
塔斯马尼亚糙躄鱼			0		THUOCL
塔斯马尼亚虫鮨			0		THUOCL
塔斯马尼亚袋熊			0		THUOCL
塔特拉山牧羊犬犬			0		THUOCL
塔猎椿象			0		THUOCL
塔纳河白眉猴			0		THUOCL
塔结海蛳螺			0		THUOCL
塔胡穆尔科蝾螈			0		THUOCL
塔西提千手螺			0		THUOCL
塔里木马歇尔线虫			0		THUOCL
塔马拉蜂巢鰕虎鱼			0		THUOCL
塞乙海蛳螺			0		THUOCL
塞伦盖蒂猫			0		THUOCL
塞内加尔凤头百灵			0		THUOCL
塞内加尔弱蟌			0		THUOCL
塞内加尔树蛙			0		THUOCL
塞内加尔缘板鳖			0		THUOCL
塞内加尔蜜蜂			0		THUOCL
塞内加尔躄鱼			0		THUOCL
塞内加尔野鲮			0		THUOCL
塞内加尔长嘴鱲			0		THUOCL
塞内加尔鰕虎鱼			0		THUOCL
塞卢斯斑马			0		THUOCL
塞奇吉氏指鰧			0		THUOCL
塞尔扣克北美驯鹿			0		THUOCL
塞巴英努犬			0		THUOCL
塞席尔绿鹦鹉			0		THUOCL
塞席尔锡鳚			0		THUOCL
塞拉亚岛小斑裳凤蝶			0		THUOCL
塞拉芬短吻狮子鱼			0		THUOCL
塞拉霸娇鹟			0		THUOCL
塞林芭蕉螺			0		THUOCL
塞氏大尉芋螺			0		THUOCL
塞浦路斯侏儒河马			0		THUOCL
塞浦路斯侏儒象			0		THUOCL
塞浦路斯鵖			0		THUOCL
塞耶招潮蟹			0		THUOCL
塞耶氏悦丽鱼			0		THUOCL
塞舌尔猫头鹰			0		THUOCL
塞蒙地犬			0		THUOCL
塞里木风毛菊			0		THUOCL
墓形棍手水母			0		THUOCL
墓蝠属			0		THUOCL
墙沟蜾蠃			0		THUOCL
墙草真管螺			0		THUOCL
墙骨龙			0		THUOCL
墨吉假拳蟹			0		THUOCL
墨吉泥毛蟹			0		THUOCL
墨塞利栗壳虫			0		THUOCL
墨头指环虫			0		THUOCL
墨托竹叶青蛇			0		THUOCL
墨指虫属			0		THUOCL
墨氏圆尾鹱			0		THUOCL
墨氏胞齿鲨			0		THUOCL
墨玉粗尾蝎			0		THUOCL
墨玉臣胸小蜂			0		THUOCL
墨瑞鳕			0		THUOCL
墨累灰牛			0		THUOCL
墨纷舟蛾			0		THUOCL
墨绿彩丽金龟			0		THUOCL
墨绿棱口水母			0		THUOCL
墨绿翅野螟			0		THUOCL
墨翅长脚花金龟			0		THUOCL
墨脱三刺角蝉			0		THUOCL
墨脱东亚竹叶青蛇			0		THUOCL
墨脱园蛛			0		THUOCL
墨脱弯脚虎			0		THUOCL
墨脱新光唇鱼			0		THUOCL
墨脱污灯蛾			0		THUOCL
墨脱沟臀肖叶甲			0		THUOCL
墨脱泉蝇			0		THUOCL
墨脱纹胸鮡			0		THUOCL
墨脱近溪蟹			0		THUOCL
墨西卡深水花鮨			0		THUOCL
墨西哥下鱵鱼			0		THUOCL
墨西哥九棘鲈			0		THUOCL
墨西哥俯视海鲶			0		THUOCL
墨西哥凤头卡拉鹰			0		THUOCL
墨西哥剑尾鱼			0		THUOCL
墨西哥剪尾蜂鸟			0		THUOCL
墨西哥副脂鳚			0		THUOCL
墨西哥卡颏银汉鱼			0		THUOCL
墨西哥圆吻鱥			0		THUOCL
墨西哥圆棘鲆			0		THUOCL
墨西哥圆鲹			0		THUOCL
墨西哥地鼠陆龟			0		THUOCL
墨西哥小冠雉			0		THUOCL
墨西哥小鳀			0		THUOCL
墨西哥尾灯鱼			0		THUOCL
墨西哥崖燕			0		THUOCL
墨西哥巨人叶蛙			0		THUOCL
墨西哥巨人红膝头			0		THUOCL
墨西哥指鰧			0		THUOCL
墨西哥斯氏脂胎鳚			0		THUOCL
墨西哥无毛玩赏犬			0		THUOCL
墨西哥暖绵鳚			0		THUOCL
墨西哥木蝎			0		THUOCL
墨西哥橙膝头蜘蛛			0		THUOCL
墨西哥毛臀刺鼠			0		THUOCL
墨西哥洞穴蛇			0		THUOCL
墨西哥湾副鳞鲀			0		THUOCL
墨西哥火膝			0		THUOCL
墨西哥火膝头			0		THUOCL
墨西哥灯草鹀			0		THUOCL
墨西哥灰捕鸟蛛			0		THUOCL
墨西哥玫瑰红蟒			0		THUOCL
墨西哥盲鱼			0		THUOCL
墨西哥真鮰			0		THUOCL
墨西哥秃耳犬			0		THUOCL
墨西哥粉红短尾蛛			0		THUOCL
墨西哥红膝鸟蛛			0		THUOCL
墨西哥细小银汉鱼			0		THUOCL
墨西哥美洲鱥			0		THUOCL
墨西哥胡鰕虎鱼			0		THUOCL
墨西哥西部黑熊			0		THUOCL
墨西哥郊狼			0		THUOCL
墨西哥金背红尾蜘蛛			0		THUOCL
墨西哥锯鲂鮄			0		THUOCL
墨西哥长孔绵鳚			0		THUOCL
墨西哥雕像木蝎			0		THUOCL
墨西哥霓虹鰕虎鱼			0		THUOCL
墨西哥霸鹟			0		THUOCL
墨西哥食草美洲鱥			0		THUOCL
墨西哥食蚁兽			0		THUOCL
墨西哥驼谷鳉			0		THUOCL
墨西哥鮈鰕虎鱼			0		THUOCL
墨西哥鮨			0		THUOCL
墨西哥鮰			0		THUOCL
墨西哥鱥			0		THUOCL
墨西哥鹿			0		THUOCL
墨鲁新波鱼			0		THUOCL
墨鲁朴丽鱼			0		THUOCL
墨龙睛蝶尾鱼			0		THUOCL
壮伟环毛蚓			0		THUOCL
壮体灯孔鲷			0		THUOCL
壮体长春鳊			0		THUOCL
壮开普墩宝螺			0		THUOCL
壳纹船卵溞			0		THUOCL
壶锥帽虫			0		THUOCL
夏多流猫			0		THUOCL
夏威夷倒吊			0		THUOCL
夏威夷凤凰螺			0		THUOCL
夏威夷凹腹鳕			0		THUOCL
夏威夷岛鲁鳚			0		THUOCL
夏威夷栉齿刺尾鱼			0		THUOCL
夏威夷植绥螨			0		THUOCL
夏威夷海星虾			0		THUOCL
夏威夷滨珊瑚			0		THUOCL
夏威夷监督吸蜜鸟			0		THUOCL
夏威夷短尾鱿鱼			0		THUOCL
夏威夷红花宝螺			0		THUOCL
夏威夷红谐鱼			0		THUOCL
夏威夷角钩虾			0		THUOCL
夏威夷金间蝶			0		THUOCL
夏威夷锯鳞鰕虎鱼			0		THUOCL
夏威夷静水鸭			0		THUOCL
夏威夷骨顶			0		THUOCL
夏威夷高眉鳝			0		THUOCL
夏威夷黑星宝螺			0		THUOCL
夏宫吻鰕虎鱼			0		THUOCL
夏尔特流猫			0		THUOCL
夏梦绢蝶			0		THUOCL
夏氏长爪鹡鸰			0		THUOCL
夏洛特仿砂轮虫			0		THUOCL
夏津大尾寒羊			0		THUOCL
夏约克猎犬			0		THUOCL
夕狼夜蛾			0		THUOCL
夕蚖科			0		THUOCL
夕阳笔螺			0		THUOCL
夕阳蝴蝶鱼			0		THUOCL
夕阳黄文蛤			0		THUOCL
外高加索欧鳊			0		THUOCL
多中贝			0		THUOCL
多产住筒虫多产褶海鞘			0		THUOCL
多刺斧螳			0		THUOCL
多刺施韦茨丽鱼			0		THUOCL
多刺直眉鲆			0		THUOCL
多刺粗毛贝绵蟹			0		THUOCL
多刺蔷蝗			0		THUOCL
多卵核融合			0		THUOCL
多变鲍			0		THUOCL
多叶瞬目虫			0		THUOCL
多味蕾角石			0		THUOCL
多哥星团巴布			0		THUOCL
多唇虫属			0		THUOCL
多型圆囊溞			0		THUOCL
多孔植物门			0		THUOCL
多小枝指环虫			0		THUOCL
多带副锯刺盖鱼			0		THUOCL
多带矛吻海龙			0		THUOCL
多带金钱鱼			0		THUOCL
多态喇叭虫			0		THUOCL
多感角瘿绵蚜			0		THUOCL
多手卷丝水母			0		THUOCL
多手帽形水母			0		THUOCL
多手指突水母			0		THUOCL
多手毒水母			0		THUOCL
多指鞭冠鮟鱇			0		THUOCL
多指鮗			0		THUOCL
多棘刺缘吸虫			0		THUOCL
多棘单须叶鲈			0		THUOCL
多棘拟毛			0		THUOCL
多棘新箭齿雀鲷			0		THUOCL
多棘木偶海绵虫			0		THUOCL
多棘杜父鱼			0		THUOCL
多棘索深鼬鳚			0		THUOCL
多棘背棘鱼			0		THUOCL
多棘腔吻鳕			0		THUOCL
多棘芋螺			0		THUOCL
多棘鲛亚目			0		THUOCL
多棘鳂			0		THUOCL
多毛中国蚖			0		THUOCL
多毛丽肖叶甲			0		THUOCL
多毛兔唇螺			0		THUOCL
多毛切梢小蠹			0		THUOCL
多毛后仿疑囊猛水蚤			0		THUOCL
多毛垂缘蛷螋			0		THUOCL
多毛拟弯喉萤			0		THUOCL
多毛拟浮萤			0		THUOCL
多毛狭盲蝽			0		THUOCL
多毛粗尾鱈			0		THUOCL
多毛细小蠹			0		THUOCL
多点副角鲂鮄			0		THUOCL
多点远露螽			0		THUOCL
多环斑节海龙			0		THUOCL
多瑙河双齿七鳃鳗			0		THUOCL
多環鳳凰螺			0		THUOCL
多疣棘蛙			0		THUOCL
多皱淡脉隧蜂			0		THUOCL
多皱短身前肛鳗			0		THUOCL
多眼点歧须鮠			0		THUOCL
多睛弗罗里达鳉			0		THUOCL
多睛朴丽鱼			0		THUOCL
多睛鳐			0		THUOCL
多睾钩槽绦虫			0		THUOCL
多砂原始分隔虫			0		THUOCL
多种个员学说			0		THUOCL
多米尼加摩利鱼			0		THUOCL
多纹扭腰蜑螺			0		THUOCL
多纹长尾鮨			0		THUOCL
多耙光唇鱼			0		THUOCL
多耙灯孔鲷			0		THUOCL
多耙皇带鱼			0		THUOCL
多耙眶灯鱼			0		THUOCL
多肌纽鳃樽			0		THUOCL
多色苇霸鹟			0		THUOCL
多變捲管螺			0		THUOCL
多足动物亚门			0		THUOCL
多辐蛙头杜父鱼			0		THUOCL
多须叉指鲉			0		THUOCL
多须多指鮋			0		THUOCL
多鳃鱼超目			0		THUOCL
多鳞倒刺鲃			0		THUOCL
多鳞刺鰟鮍			0		THUOCL
多鳞刺鳑鲏			0		THUOCL
多鳞异齿谷鮰			0		THUOCL
多鳞残臂鲆			0		THUOCL
多鳞狗母鱼			0		THUOCL
多鳞短额鮃			0		THUOCL
多鳞英卡塘鳢			0		THUOCL
多齿何信禄龙			0		THUOCL
夜光游水母			0		THUOCL
夜明珠蝶			0		THUOCL
夜木蜂			0		THUOCL
夜栖锯鳞鰕虎鱼			0		THUOCL
夜游平厣螺			0		THUOCL
夜游细小银汉鱼			0		THUOCL
夜猴亚科			0		THUOCL
夜石鮰			0		THUOCL
夜蛾土蓝寄蝇			0		THUOCL
夜蛾膝芒寄蝇			0		THUOCL
夜蝠蝇			0		THUOCL
夜鳢			0		THUOCL
夜鳽属			0		THUOCL
大三角鲁夜蛾			0		THUOCL
大东斜蟹蛛			0		THUOCL
大仙人掌地雀			0		THUOCL
大伪步行虫			0		THUOCL
大伪瓢虫			0		THUOCL
大侏儒云鼠			0		THUOCL
大光芒日月蛤			0		THUOCL
大冶早强			0		THUOCL
大冶碘泡虫			0		THUOCL
大刺龙占丽鱼			0		THUOCL
大力金刚狗			0		THUOCL
大十四星祼瓢虫			0		THUOCL
大千世界动物秀			0		THUOCL
大卵中睾吸虫			0		THUOCL
大口楔齿七鳃鳗			0		THUOCL
大口矛尾鳕			0		THUOCL
大口英丽鱼			0		THUOCL
大口逆钩鰺			0		THUOCL
大口钖伯鲶			0		THUOCL
大口马苏大麻哈鱼			0		THUOCL
大叶女贞白蜡蚧			0		THUOCL
大叶黄杨窄吉丁虫			0		THUOCL
大吻厚唇鰕虎鱼			0		THUOCL
大吻长嘴鱲			0		THUOCL
大囊海眼虫			0		THUOCL
大囊茎指环虫			0		THUOCL
大围山溪蟹			0		THUOCL
大圆斑硬象鼻虫			0		THUOCL
大型印加无毛犬			0		THUOCL
大型旺代卷毛犬			0		THUOCL
大型旺代长卷毛矮腿猎犬			0		THUOCL
大型比利时玛利诺犬			0		THUOCL
大型法国指示犬			0		THUOCL
大型深海九棍鱼			0		THUOCL
大型英法黑白猎犬			0		THUOCL
大型银燕子灯鱼			0		THUOCL
大型黑褐色猎浣熊犬			0		THUOCL
大墨西哥招潮蟹			0		THUOCL
大夏巨龙			0		THUOCL
大头安德烈杜父鱼			0		THUOCL
大头糯鳗			0		THUOCL
大头苇栖鰕虎鱼			0		THUOCL
大尾叶鼻鳗			0		THUOCL
大尾棕翅鸠			0		THUOCL
大尾歧须鮠			0		THUOCL
大尾澳虎			0		THUOCL
大尾老板鯆			0		THUOCL
大展粉蝶			0		THUOCL
大山铺恐龙墓			0		THUOCL
大山铺膮龙			0		THUOCL
大岛板海参			0		THUOCL
大弹涂鱼养殖之土池人工育苗技术			0		THUOCL
大手多指马鲅			0		THUOCL
大指爪泉戎			0		THUOCL
大掩鼻风鸟			0		THUOCL
大摩罗人面蟹			0		THUOCL
大斑啄本鸟			0		THUOCL
大斑嵌线螺			0		THUOCL
大新二尾舟蛾			0		THUOCL
大暮蜥属			0		THUOCL
大林副元叶蜂			0		THUOCL
大栗鳃角金龟			0		THUOCL
大格林芬犬			0		THUOCL
大棘新角鮟鱇			0		THUOCL
大棘杜父鱼			0		THUOCL
大楷筆螺			0		THUOCL
大欧氏宝螺			0		THUOCL
大沼泽苇莺			0		THUOCL
大波纹蛇目蝶			0		THUOCL
大泷粗棘鰕虎鱼			0		THUOCL
大洋荣光芋螺			0		THUOCL
大溪地千手螺			0		THUOCL
大溪地真珠宝螺			0		THUOCL
大灰尖尺蛾			0		THUOCL
大灰枯叶蛾			0		THUOCL
大熊猫古代名考			0		THUOCL
大熊猫喜兰			0		THUOCL
大燕尾夜鹰			0		THUOCL
大爪长尾鼩鼱			0		THUOCL
大牦芭蕉螺			0		THUOCL
大犛芭蕉螺			0		THUOCL
大球潜水母			0		THUOCL
大理石条纹粉蝶			0		THUOCL
大琉璃纹凤蝶			0		THUOCL
大白鼻长尾猴			0		THUOCL
大盆步甲			0		THUOCL
大盖白睛鰕虎鱼			0		THUOCL
大盘短鮣			0		THUOCL
大盘菱短鮣			0		THUOCL
大盤短印鱼			0		THUOCL
大目狗母			0		THUOCL
大目狗母鱼			0		THUOCL
大盲蛇属			0		THUOCL
大眼低纹鮨			0		THUOCL
大眼前鳍皱唇鲨			0		THUOCL
大眼副角鲂鮄			0		THUOCL
大眼副金枪鱼			0		THUOCL
大眼反足杜父鱼			0		THUOCL
大眼古蚖			0		THUOCL
大眼多指马鲅			0		THUOCL
大眼布琼丽鱼			0		THUOCL
大眼底尾鳕			0		THUOCL
大眼拟半尾下口鲶			0		THUOCL
大眼斯氏前鳍鮋			0		THUOCL
大眼方尾鲳			0		THUOCL
大眼犀孔鲷			0		THUOCL
大眼独特蚤			0		THUOCL
大眼短尾康吉鳗			0		THUOCL
大眼腹瓢鰕虎鱼			0		THUOCL
大眼范尼鰕虎鱼			0		THUOCL
大眼蜂翼三鳍鮰			0		THUOCL
大眼路岛峡塘鳢			0		THUOCL
大眼长臀鰕虎鱼			0		THUOCL
大眼阿科斯喉盘鱼			0		THUOCL
大眼驼背圆鳍鱼			0		THUOCL
大眼高原鳅			0		THUOCL
大眼鲷匹里虫病			0		THUOCL
大窄尾魟			0		THUOCL
大紅牙筆螺			0		THUOCL
大红星椿象			0		THUOCL
大纹白粉蝶			0		THUOCL
大纽鳃樽疣突亚钟			0		THUOCL
大缺齿鼹			0		THUOCL
大翁柯虫			0		THUOCL
大肚花鹿宝螺			0		THUOCL
大胃拟唇腕水母			0		THUOCL
大胫刺蝗			0		THUOCL
大脚窜鸟			0		THUOCL
大腺真唇水母			0		THUOCL
大花蕙兰潜叶蝇			0		THUOCL
大英法黄白猎犬			0		THUOCL
大草鞋虫			0		THUOCL
大葫芦步行虫			0		THUOCL
大藏波纹蛇目蝶			0		THUOCL
大螟拟丛毛寄蝇			0		THUOCL
大褐宽带双尾蛾			0		THUOCL
大褐斑枯叶蛾			0		THUOCL
大褐栉角叩头虫			0		THUOCL
大西洋大四眼宝螺			0		THUOCL
大西洋字母芋螺			0		THUOCL
大西洋扭法螺			0		THUOCL
大西洋拟纹谐鱼			0		THUOCL
大西洋泰庞大海鲢			0		THUOCL
大西洋牛鼻鲼			0		THUOCL
大西洋皇家姬鹟			0		THUOCL
大西洋直浮萤			0		THUOCL
大西洋芦鲷			0		THUOCL
大西洋荣光芋螺			0		THUOCL
大西洋蓝枪鱼			0		THUOCL
大西洋蠵龟			0		THUOCL
大西洋驼海豚			0		THUOCL
大西洋高背招潮蟹			0		THUOCL
大角斑波纹蛾			0		THUOCL
大角蒲公英组			0		THUOCL
大角驴羚			0		THUOCL
大象耳香菇珊瑚			0		THUOCL
大贾丁氏鹦鹉			0		THUOCL
大连拟直背蝗			0		THUOCL
大金香炉			0		THUOCL
大银纹竹眼蝶			0		THUOCL
大长卷毛矮腿犬			0		THUOCL
大陆动物区系学说			0		THUOCL
大陆小紫蛱蝶			0		THUOCL
大隆胸盲蝽			0		THUOCL
大青弹涂鱼			0		THUOCL
大颐高身丽鱼			0		THUOCL
大食植瓢虫			0		THUOCL
大马岛蝟属			0		THUOCL
大骨顶			0		THUOCL
大鮈鱥			0		THUOCL
大鳍中华鳕			0		THUOCL
大鳍刺鰟鮍			0		THUOCL
大鳍异齿鰋			0		THUOCL
大鳞光唇鱼			0		THUOCL
大鳞刺单角鲀鱼			0		THUOCL
大鳞副双边鱼			0		THUOCL
大鳞副平牙鰕虎鱼			0		THUOCL
大鳞尾鲂鮄			0		THUOCL
大鳞巢旅			0		THUOCL
大鳞斜谐鱼			0		THUOCL
大鳞梅氏鯿			0		THUOCL
大鳞沟虾虎鱼			0		THUOCL
大鳞沟鰕虎鱼			0		THUOCL
大鳞贝氏石首鱼			0		THUOCL
大鵀羽毛			0		THUOCL
大鵙霸鹟			0		THUOCL
大鸊鷉			0		THUOCL
大鹅观草系			0		THUOCL
大麻花蚤			0		THUOCL
大黑星挵蝶			0		THUOCL
大黑星龟金花虫			0		THUOCL
大黑琵琶甲			0		THUOCL
大黑脚风鸟			0		THUOCL
大鼓鸡			0		THUOCL
大鼻叉鳔石首鱼			0		THUOCL
大鼻大鮈			0		THUOCL
大鼻孔叫姑鱼			0		THUOCL
大鼻扁隆头鱼			0		THUOCL
天台越龙			0		THUOCL
天幕合跳蛛			0		THUOCL
天幕毛虫属			0		THUOCL
天幕毛虫抱寄蝇			0		THUOCL
天心极地黑树鸡			0		THUOCL
天母螺			0		THUOCL
天目山剑角蝗			0		THUOCL
天目山巴蚖			0		THUOCL
天目山齿腹茧蜂			0		THUOCL
天目污灯蛾			0		THUOCL
天目瘦粉蝇			0		THUOCL
天目突尾天牛			0		THUOCL
天目长尾花天牛			0		THUOCL
天目雪苔蛾			0		THUOCL
天祝古柏线虫			0		THUOCL
天祝突颜蝗			0		THUOCL
天祝青铜牦牛			0		THUOCL
天禄海兔螺			0		THUOCL
天纽珍灯鱼			0		THUOCL
天门冬甲虫			0		THUOCL
天门得福			0		THUOCL
天门赤眼鳟指环虫			0		THUOCL
太尉芋螺			0		THUOCL
太平哈氏微目虫			0		THUOCL
太平山一色氏折角蛾			0		THUOCL
太平岛钝塘鱧			0		THUOCL
太平洋前口蝠鲼			0		THUOCL
太平洋剑吻鲸			0		THUOCL
太平洋后棘角鮟鱇			0		THUOCL
太平洋圆颌针鱼			0		THUOCL
太平洋小矛戎			0		THUOCL
太平洋小隐棘鮋			0		THUOCL
太平洋平头鮋			0		THUOCL
太平洋拟庸鲽			0		THUOCL
太平洋新鯥			0		THUOCL
太平洋无前螨			0		THUOCL
太平洋短吻海豚			0		THUOCL
太平洋窄尾魟			0		THUOCL
太平洋粗唇海鲫			0		THUOCL
太平洋粘盲鳗			0		THUOCL
太平洋英虫			0		THUOCL
太平洋裸齿隆头鱼			0		THUOCL
太平洋远视鱼			0		THUOCL
太平洋革囊星虫			0		THUOCL
太平洋鹿角杜父鱼			0		THUOCL
太平洋黄尾龙占			0		THUOCL
太平洋黑尾鹿			0		THUOCL
夹层招潮蟹			0		THUOCL
夹竹桃黄毒蛾			0		THUOCL
夹角尖粉蝶			0		THUOCL
奇副矛鳍石首鱼			0		THUOCL
奇卡弯线鳚			0		THUOCL
奇尼瓜齿兽超科			0		THUOCL
奇布查水鼠属			0		THUOCL
奇异神虫脩			0		THUOCL
奇异膨胸步甲			0		THUOCL
奇弹涂鱼			0		THUOCL
奇普黑丽鱼			0		THUOCL
奇极鰧			0		THUOCL
奇桨剑水蚤			0		THUOCL
奇棘鱼			0		THUOCL
奇毛模裂虫			0		THUOCL
奇氏西隆鲶			0		THUOCL
奇汉西喷雾蟾蜍			0		THUOCL
奇海猪鱼			0		THUOCL
奇海菊蛤			0		THUOCL
奇績芭蕉螺			0		THUOCL
奇绩芭蕉螺			0		THUOCL
奇观盖氏虫			0		THUOCL
奇迹海蛳螺			0		THUOCL
奇隆青步甲			0		THUOCL
奈德劳佛犬			0		THUOCL
奈灰蝶			0		THUOCL
奈爱丝小斑裳凤蝶			0		THUOCL
奈福视星鲶			0		THUOCL
奔驰刺尾蜥			0		THUOCL
奕波岬丝蚓			0		THUOCL
套环拟叶夜蛾			0		THUOCL
奚毛胫夜蛾			0		THUOCL
奥亚波河兵鲶			0		THUOCL
奥地利平斯澈犬			0		THUOCL
奥地利平犬			0		THUOCL
奥地利翼龙			0		THUOCL
奥地利黑褐猎犬			0		THUOCL
奥地海鲶			0		THUOCL
奥埃齿螯蛛			0		THUOCL
奥夫拉娃笋螺			0		THUOCL
奥姆杜父鱼			0		THUOCL
奥娣宝螺			0		THUOCL
奥尔贾蒂芋螺			0		THUOCL
奥弗涅指示犬			0		THUOCL
奥弗涅指示猎犬			0		THUOCL
奥扎克圆吻鱥			0		THUOCL
奥斯古德北极地松鼠			0		THUOCL
奥斯塔欧洲螯虾			0		THUOCL
奥比岛珂裳凤蝶			0		THUOCL
奥氏凹胸天牛			0		THUOCL
奥氏更格卢鼠			0		THUOCL
奥氏瓢鳍鰕虎鱼			0		THUOCL
奥氏露斯塔脂鲤			0		THUOCL
奥泊灰蝶属			0		THUOCL
奥特加诺德脂鲤			0		THUOCL
奥玛斯带状小刀鱼			0		THUOCL
奥粪金龟			0		THUOCL
奥芬刺叶珊瑚			0		THUOCL
奥莫化石遗存			0		THUOCL
奥蒂长吻副角鲀			0		THUOCL
奥酚达唑			0		THUOCL
奥霍狮子鱼			0		THUOCL
奥霍脱床杜父鱼			0		THUOCL
奥顿蛙			0		THUOCL
女皇凤凰螺			0		THUOCL
女神响尾蛇			0		THUOCL
女神诺福克三鳍鳚			0		THUOCL
女神黄文蛤			0		THUOCL
女贞卷叶绵蚜			0		THUOCL
女贞尺蠖			0		THUOCL
女贞潜叶跳甲			0		THUOCL
女贞饰棍蓟马			0		THUOCL
奴假鳃虱			0		THUOCL
奴布拉鼠兔			0		THUOCL
奴比亚奶山羊			0		THUOCL
好望角卡佛鰕虎鱼			0		THUOCL
好望角爱氏海葵			0		THUOCL
如愿真剑水蚤			0		THUOCL
姆万扎平头飞龙蜥蜴			0		THUOCL
姆密卡			0		THUOCL
姆巴氏魮			0		THUOCL
姆指笔螺			0		THUOCL
姆指筆螺			0		THUOCL
姆普隆头丽鱼			0		THUOCL
姆韦鲁湖口孵非鲫			0		THUOCL
姆韦鲁湖小棱鲱			0		THUOCL
始中国羽龙属			0		THUOCL
始新棘头虫纲			0		THUOCL
始新海牛			0		THUOCL
始祖单弓兽			0		THUOCL
始祖单弓兽属			0		THUOCL
始贫齿兽			0		THUOCL
始鼷鹿类群			0		THUOCL
委内瑞拉夜鹰			0		THUOCL
委内瑞拉宽胸电鳗			0		THUOCL
委内瑞拉小胸电鳗			0		THUOCL
委内瑞拉小霸鹟			0		THUOCL
委内瑞拉斗牛犬			0		THUOCL
委内瑞拉无颊齿脂			0		THUOCL
委内瑞拉松鰕鮰			0		THUOCL
委内瑞拉毛口鲶			0		THUOCL
委内瑞拉溪脂鲤			0		THUOCL
委内瑞拉珠母丽鱼			0		THUOCL
委内瑞拉穴鸮			0		THUOCL
委内瑞拉粉红脚捕鸟蛛			0		THUOCL
委内瑞拉紫幽灵颇			0		THUOCL
委内瑞拉红绿灯			0		THUOCL
委内瑞拉红绿灯蜘蛛			0		THUOCL
委内瑞拉老虎尾			0		THUOCL
委内瑞拉老虎尾蜘蛛			0		THUOCL
委内瑞拉苏扶油鲶			0		THUOCL
委内瑞拉蚁鸫			0		THUOCL
委内瑞拉蝇霸鹟			0		THUOCL
委内瑞拉软尾雀			0		THUOCL
委内瑞拉须霸鹟			0		THUOCL
委内瑞拉驼背无齿			0		THUOCL
委内瑞拉龟			0		THUOCL
姚氏高原鳅			0		THUOCL
姣长体茧蜂			0		THUOCL
姬三尾小灰蝶			0		THUOCL
姬双纹小黑瓢虫			0		THUOCL
姬拟唇鱼			0		THUOCL
姬目眼蝶			0		THUOCL
姬粉蝶			0		THUOCL
姬角葫芦锹形虫			0		THUOCL
姬透目天蚕蛾			0		THUOCL
威尔斯跳跃长耳猎犬			0		THUOCL
威廉山猫宝螺			0		THUOCL
威德尔海豹属			0		THUOCL
威斯特达克斯布若卡犬			0		THUOCL
威远中国上龙			0		THUOCL
威鲁鳞窗螺			0		THUOCL
娄底华溪蟹			0		THUOCL
娑环蛱蝶			0		THUOCL
娓翠夜蛾			0		THUOCL
娴尺蛾			0		THUOCL
婀白灰蝶			0		THUOCL
婆罗洲巨人橙边			0		THUOCL
婆罗洲长尾阔嘴鸟			0		THUOCL
婆羅洲鳳螺			0		THUOCL
婆莫云牛			0		THUOCL
婴粟拟孔蜂			0		THUOCL
媒子鱼			0		THUOCL
媒色锉口象鼻鱼			0		THUOCL
媚丽细色蟌			0		THUOCL
媚尺蛾			0		THUOCL
嫩绿角翅夜蛾			0		THUOCL
子安辐肛参			0		THUOCL
子弹魔鱼			0		THUOCL
子木小蠹			0		THUOCL
子都圆龟蝽			0		THUOCL
子陵栉虎鱼			0		THUOCL
孔楯海胆			0		THUOCL
孔雀缨鳃蚕			0		THUOCL
孖斑双鳃脂鲤			0		THUOCL
孖线鲽			0		THUOCL
字碼芋螺			0		THUOCL
孙氏长鲈			0		THUOCL
孝恩银鳞蛛			0		THUOCL
孝感南申			0		THUOCL
孟氏小黑瓢虫			0		THUOCL
孤背软杜父鱼			0		THUOCL
孪斑响尾蛇			0		THUOCL
孪斑唇瓢虫			0		THUOCL
孪斑瓢虫			0		THUOCL
孵溪蟾			0		THUOCL
宁强马			0		THUOCL
宁波毛萤叶甲			0		THUOCL
宁陕奥斯特线虫			0		THUOCL
安东吉尔猫爪守宫			0		THUOCL
安东莫鲁蛛			0		THUOCL
安哥拉乐园维达鸟			0		THUOCL
安奇洛托海蛳螺			0		THUOCL
安娜彼斯图拉蜘蛛			0		THUOCL
安娜狮鼻长身贝			0		THUOCL
安娜贝拉芋螺			0		THUOCL
安德列勃默德			0		THUOCL
安德鲁斯鲸			0		THUOCL
安徽华溪蟹			0		THUOCL
安杜口孵非鲫			0		THUOCL
安松单爪螯蜂			0		THUOCL
安格鲁貂			0		THUOCL
安氏唇指			0		THUOCL
安氏小圆鲸鲷			0		THUOCL
安氏护尾鮠			0		THUOCL
安氏暖绵鳚			0		THUOCL
安氏深海浮萤			0		THUOCL
安氏长嘴鱲			0		THUOCL
安氏长毛獴			0		THUOCL
安汶圆扇蚶蜊			0		THUOCL
安白泰姆海蛳螺			0		THUOCL
安第斯骨顶			0		THUOCL
安第斯鵖霸鹟			0		THUOCL
安纳士厚毛木虱属			0		THUOCL
安纽夜蛾			0		THUOCL
安纽鳃樽			0		THUOCL
安芬低纹鮨			0		THUOCL
安芬冰岛鰕虎鱼			0		THUOCL
安芬盗目鱼海盗			0		THUOCL
安芬羊鯻			0		THUOCL
安达曼仿刺铠虾			0		THUOCL
安达曼卷尾			0		THUOCL
安达曼腹囊海龙			0		THUOCL
安达曼角鸮			0		THUOCL
安远华溪蟹			0		THUOCL
安通吉尔湾姬蛙			0		THUOCL
安邦狭簑鮋			0		THUOCL
宏星棘冠螺			0		THUOCL
宕昌前个木虱			0		THUOCL
定县猪新品系			0		THUOCL
定海湾丁香鱼			0		THUOCL
定远梅鱼			0		THUOCL
定远黑猪			0		THUOCL
宜昌正天农牧			0		THUOCL
宜昌灰焦尺蛾			0		THUOCL
宜昌鳅鮀			0		THUOCL
宜章臭蛙			0		THUOCL
宜都金泉			0		THUOCL
宝兴拟矩胸花天牛			0		THUOCL
宝塔蟹守螺			0		THUOCL
宝珈枪吻海龙			0		THUOCL
宝石绿魔鬼灯鱼			0		THUOCL
宠物研究数据中心			0		THUOCL
室带槌腹叶蜂			0		THUOCL
室户厚人面蟹			0		THUOCL
家庭短毛子猫			0		THUOCL
家蝇巨螯螨			0		THUOCL
家蝇总科			0		THUOCL
家长脚蜂			0		THUOCL
宽体沟鲿			0		THUOCL
宽口湖杜父鱼			0		THUOCL
宽叶芭蕉螺			0		THUOCL
宽基芒蝇			0		THUOCL
宽尾乐园维达鸟			0		THUOCL
宽尾斜齿鲨			0		THUOCL
宽尾潜鲆			0		THUOCL
宽尾獴属			0		THUOCL
宽尾细腹食蚜蝇			0		THUOCL
宽尾臂灯鱼			0		THUOCL
宽尾鹤鱵			0		THUOCL
宽扁高壳溞			0		THUOCL
宽板异饰肛螽			0		THUOCL
宽海军中将芋螺			0		THUOCL
宽珍珠贝			0		THUOCL
宽白带琉璃小灰蝶			0		THUOCL
宽纹裸瓢虫			0		THUOCL
宽纹黑脉绡蝶			0		THUOCL
宽缘三刺角蝉			0		THUOCL
宽缘瓢萤叶甲			0		THUOCL
宽缘黄灰蝶			0		THUOCL
宽肚玫瑰宝螺			0		THUOCL
宽肩象鼻虫			0		THUOCL
宽背古禾螽			0		THUOCL
宽胫槽叶蝉			0		THUOCL
宽膜棍手水母			0		THUOCL
宽边小黄蝶			0		THUOCL
宽颊金小蜂			0		THUOCL
宽额缨鲆			0		THUOCL
宽额苏泊跳小蜂			0		THUOCL
宽额赢蟋螽			0		THUOCL
宽鳍鱲鱼			0		THUOCL
宽鳞头新棘鲉			0		THUOCL
宽黄斑弄蝶			0		THUOCL
宽齶狐蝠属			0		THUOCL
宽齿爪鳃金龟			0		THUOCL
宾夕法尼亚州臭鼬			0		THUOCL
宿州旺旺宠物保健院			0		THUOCL
宿迁正虹			0		THUOCL
寄居蟹后期幼体			0		THUOCL
寄居蟹海绵			0		THUOCL
寄殖螨亚目			0		THUOCL
寄蛾科			0		THUOCL
密勒氏胸电鳗			0		THUOCL
密歇根苔原狼			0		THUOCL
密毛短喜象			0		THUOCL
密点沟顶肖叶甲			0		THUOCL
密纹帝王芋螺			0		THUOCL
密西西比匙吻鲟			0		THUOCL
密鳃鲥东南亚鲥			0		THUOCL
寇拉侃兹鱼			0		THUOCL
富墓蝠			0		THUOCL
察偶个木虱			0		THUOCL
察武花蜜鸟			0		THUOCL
察隅触啮			0		THUOCL
寡毛金花天牛			0		THUOCL
寡行步甲			0		THUOCL
寡鳞飞鱼			0		THUOCL
寡鳞鱊			0		THUOCL
寮黑瘤姬蜂			0		THUOCL
对巨蟹蛛			0		THUOCL
对棘异尾轮虫			0		THUOCL
对甲氧甲基菊酯			0		THUOCL
对称拟单栏虫			0		THUOCL
对称拟蚶			0		THUOCL
对称瓦浮萤			0		THUOCL
对笔石亚目			0		THUOCL
对笔石属			0		THUOCL
对茎马蹄吸虫			0		THUOCL
对角近镖水蚤			0		THUOCL
封印木属			0		THUOCL
封底小帽虫			0		THUOCL
射狗母			0		THUOCL
射狗母鱼			0		THUOCL
射线斜纹紫云蛤			0		THUOCL
射线裂嵴蚌			0		THUOCL
射肖蛸			0		THUOCL
射颈龙			0		THUOCL
将乐华溪蟹			0		THUOCL
小三翼芭蕉螺			0		THUOCL
小三角灯鱼			0		THUOCL
小丝梦角鮟鱇			0		THUOCL
小乌鸮			0		THUOCL
小九棘鳚			0		THUOCL
小云斑竹眼蝶			0		THUOCL
小云斑鳃金龟			0		THUOCL
小云朵芋螺			0		THUOCL
小亚细亚刺拟鲤			0		THUOCL
小介穗水母			0		THUOCL
小仙鹟			0		THUOCL
小伪花剑水蚤			0		THUOCL
小似鱎			0		THUOCL
小体浅室水母			0		THUOCL
小光芒日月蛤			0		THUOCL
小兔形袋狸			0		THUOCL
小兔耳袋狸			0		THUOCL
小兔袋鼠			0		THUOCL
小兜肥蛛			0		THUOCL
小八星虎甲虫			0		THUOCL
小冒头芋螺			0		THUOCL
小刀指环虫			0		THUOCL
小刺杜父鱼			0		THUOCL
小刺石鮰			0		THUOCL
小刺蜾赢蜚			0		THUOCL
小刺须虎天牛			0		THUOCL
小加斯科尼卷毛			0		THUOCL
小区仿银杏蟹			0		THUOCL
小区隐绵蟹			0		THUOCL
小十三星瓢虫			0		THUOCL
小千手螺			0		THUOCL
小华溪蟹			0		THUOCL
小卡圆角蝉			0		THUOCL
小印加雀			0		THUOCL
小卷叶虫柔茧蜂			0		THUOCL
小叉齿毛鼻鲶			0		THUOCL
小双分贝			0		THUOCL
小双翼多面水母			0		THUOCL
小双角维尺蛾			0		THUOCL
小口华缨鱼			0		THUOCL
小口小鳔鮈			0		THUOCL
小口拟蹄水母			0		THUOCL
小口棘隆头鱼			0		THUOCL
小口牛胭脂鱼			0		THUOCL
小口短吻狮子鱼			0		THUOCL
小口锯鲂鮄			0		THUOCL
小口鮋			0		THUOCL
小古猫属			0		THUOCL
小台湾扇角金龟			0		THUOCL
小史氏虫属			0		THUOCL
小叶美被杜鹃			0		THUOCL
小叶花蝴蝶			0		THUOCL
小叶黄杨尺蠖			0		THUOCL
小吸蜜蜂鸟			0		THUOCL
小哑霸鹟			0		THUOCL
小喙窄头戎			0		THUOCL
小嘴拟霸鹟			0		THUOCL
小嘴鸻			0		THUOCL
小嘴鸻属			0		THUOCL
小囊糠虾			0		THUOCL
小圆货贝目			0		THUOCL
小圆货贝纲			0		THUOCL
小圆鲸鲷			0		THUOCL
小圣赫勒拿岛海燕			0		THUOCL
小地蜂			0		THUOCL
小地霸鹟			0		THUOCL
小型伪厚皮钩虾			0		THUOCL
小型住囊虫			0		THUOCL
小型加斯科尼圣东基犬			0		THUOCL
小型印加无毛犬			0		THUOCL
小型品舍狗			0		THUOCL
小型四额齿蟹			0		THUOCL
小型墨西哥无毛			0		THUOCL
小型墨西哥无毛犬			0		THUOCL
小型小厚壳水蚤			0		THUOCL
小型德国狐狸犬			0		THUOCL
小型斗牛梗			0		THUOCL
小型斗牛犭更犬			0		THUOCL
小型施诺泽犬			0		THUOCL
小型明斯特兰德犬			0		THUOCL
小型格里芬巴塞特犬			0		THUOCL
小型澳大利亚牧羊犬			0		THUOCL
小型犬浣熊			0		THUOCL
小型矶蟹			0		THUOCL
小型秘鲁无毛犬			0		THUOCL
小型苏格兰犬			0		THUOCL
小型诺威奇梗			0		THUOCL
小多伯曼狗			0		THUOCL
小夜蜂			0		THUOCL
小太波纹蛾			0		THUOCL
小头仙女鱼			0		THUOCL
小头圆喉盘鱼			0		THUOCL
小头大白杜鹃			0		THUOCL
小头左鮃			0		THUOCL
小头怒茧蜂			0		THUOCL
小头拟圆颌针鱼			0		THUOCL
小头日本糯鳗			0		THUOCL
小头栉孔虾虎鱼			0		THUOCL
小头栉孔鰕虎鱼			0		THUOCL
小头瓢鳍鰕虎鱼			0		THUOCL
小头红谐鱼			0		THUOCL
小头纹唇鱼			0		THUOCL
小头芦鲷			0		THUOCL
小头革鯻			0		THUOCL
小头驼背无齿脂鲤			0		THUOCL
小娆灰蝶			0		THUOCL
小孔亚口鱼			0		THUOCL
小孔歧须鮠			0		THUOCL
小孔裸腹鳉			0		THUOCL
小孔金钱鲃			0		THUOCL
小孔鰋			0		THUOCL
小字纹小绿叶蝉			0		THUOCL
小安岛绿霸鹟			0		THUOCL
小小灰蝶			0		THUOCL
小小牛犬			0		THUOCL
小尖尾翼萤			0		THUOCL
小尾栉鰕虎鱼			0		THUOCL
小尾潜鱼			0		THUOCL
小尾细潜鱼			0		THUOCL
小尾负鼠属			0		THUOCL
小尾鲀			0		THUOCL
小崎齿瓢虫			0		THUOCL
小嵌线螺			0		THUOCL
小川锚首虫			0		THUOCL
小巧中国溪蟹			0		THUOCL
小巧吐谷鲁龙			0		THUOCL
小巧毛刺蟹			0		THUOCL
小巴克来芭蕉螺			0		THUOCL
小巷海齿花			0		THUOCL
小布拉班特猎犬			0		THUOCL
小帆鳍杜父鱼			0		THUOCL
小帽状珊瑚			0		THUOCL
小庸鲆			0		THUOCL
小弯嘴林戴胜			0		THUOCL
小弯嘴裸眉鸫			0		THUOCL
小形浮游生物			0		THUOCL
小形金蛛			0		THUOCL
小截翅眼花天牛			0		THUOCL
小手半忱戎			0		THUOCL
小手奥德水母			0		THUOCL
小抹香鲛			0		THUOCL
小拟单栏虫			0		THUOCL
小拟叶			0		THUOCL
小拟弧樱蛤			0		THUOCL
小拟杓蛤			0		THUOCL
小拟毛			0		THUOCL
小拟海牛			0		THUOCL
小拳蟹			0		THUOCL
小指吉拉德食蚊鱼			0		THUOCL
小掌舟蛾			0		THUOCL
小掩耳露螽			0		THUOCL
小掩鼻风鸟			0		THUOCL
小敏敏亚口鱼			0		THUOCL
小斑下口鲶			0		THUOCL
小斑小浮萤			0		THUOCL
小斑污灯蛾			0		THUOCL
小斑深海糯鳗			0		THUOCL
小斑漏斗蛛			0		THUOCL
小斑点环口螺			0		THUOCL
小斑红沫蝉			0		THUOCL
小斑长跗萤叶甲			0		THUOCL
小斑馬峨螺			0		THUOCL
小旋木鹎			0		THUOCL
小无纹眉眼蝶			0		THUOCL
小星并脊天牛			0		THUOCL
小星灯鱼			0		THUOCL
小星萤			0		THUOCL
小星蔓蛇尾			0		THUOCL
小木蠹蛾			0		THUOCL
小林姬鼠			0		THUOCL
小林蜂鸟			0		THUOCL
小枪水蚤			0		THUOCL
小核纺锤虫			0		THUOCL
小棕腹树鹊			0		THUOCL
小棘拉格鯻			0		THUOCL
小楔形蛤			0		THUOCL
小楷筆螺			0		THUOCL
小樱鮨			0		THUOCL
小殖板驼螽			0		THUOCL
小毛花短颌鲚			0		THUOCL
小沟臀肖叶甲			0		THUOCL
小油栉虫			0		THUOCL
小油栉虫亚目			0		THUOCL
小油栉虫属			0		THUOCL
小浮萤属			0		THUOCL
小深海浮萤			0		THUOCL
小溪洞杜鹃			0		THUOCL
小潜蛾科			0		THUOCL
小潜鸭			0		THUOCL
小灰啄木鸟			0		THUOCL
小灰姬鹟			0		THUOCL
小灰法螺			0		THUOCL
小灰眉夜鹰			0		THUOCL
小灰粉尺蛾			0		THUOCL
小点副鱥			0		THUOCL
小点同缘蝽			0		THUOCL
小点吻鱥			0		THUOCL
小点姬花天牛			0		THUOCL
小点枝背舟蛾			0		THUOCL
小点波纹蛾			0		THUOCL
小熊猫弓蛔虫			0		THUOCL
小燕尾夜鹰			0		THUOCL
小爪棘蝇			0		THUOCL
小爪水獭属			0		THUOCL
小牙锯鳐正面临灭亡危险			0		THUOCL
小牙鰏			0		THUOCL
小牛芋螺			0		THUOCL
小牡丹珊瑚			0		THUOCL
小牦芭蕉螺			0		THUOCL
小犛芭蕉螺			0		THUOCL
小犬魮			0		THUOCL
小狼蟹蛛			0		THUOCL
小狼逍遥蛛			0		THUOCL
小猗獅螺			0		THUOCL
小猫蛛			0		THUOCL
小珀椿			0		THUOCL
小球胸长蝽			0		THUOCL
小球露齿螺			0		THUOCL
小瑞士犬			0		THUOCL
小瑞士猎犬			0		THUOCL
小用克尺蛾			0		THUOCL
小疣伞弄蝶			0		THUOCL
小痔丽金小蜂			0		THUOCL
小瘿毛根蚜			0		THUOCL
小白带尖胸沫蝉			0		THUOCL
小白樱蛤			0		THUOCL
小白波纹小灰蝶			0		THUOCL
小白纹毒蛾			0		THUOCL
小白鼻长尾猴			0		THUOCL
小直嘴太阳鸟			0		THUOCL
小直巾夜蛾			0		THUOCL
小直纹螟			0		THUOCL
小眉眼蝶			0		THUOCL
小眼伪甲鲶			0		THUOCL
小眼光尾鲨			0		THUOCL
小眼副克奈氏鱼			0		THUOCL
小眼副鮗			0		THUOCL
小眼单颌鳗			0		THUOCL
小眼大狼绵鳚			0		THUOCL
小眼平头鮈			0		THUOCL
小眼新左鮃			0		THUOCL
小眼方尾鲳			0		THUOCL
小眼洞厣蛛			0		THUOCL
小眼深海狗母鱼			0		THUOCL
小眼澳鲈			0		THUOCL
小眼犀孔鲷			0		THUOCL
小眼琵琶鱝			0		THUOCL
小眼瓜维那塘鳢			0		THUOCL
小眼短吻狮子鱼			0		THUOCL
小眼窄尾魟			0		THUOCL
小眼等鳍叉尾带鱼			0		THUOCL
小眼细棘鰕虎鱼			0		THUOCL
小眼美洲鱥			0		THUOCL
小眼薄鳅			0		THUOCL
小眼长臀鰕虎鱼			0		THUOCL
小眼非洲盲刺鳅			0		THUOCL
小眼高原鳅			0		THUOCL
小睾似多盘虫			0		THUOCL
小睾带睾吸虫			0		THUOCL
小睾并殖吸虫			0		THUOCL
小睾棘口吸虫			0		THUOCL
小睾棘缘吸虫			0		THUOCL
小短角鹿			0		THUOCL
小矮人鹰鲷			0		THUOCL
小石鮰			0		THUOCL
小砂瓶虫			0		THUOCL
小秋叶蛱蝶			0		THUOCL
小突围啮			0		THUOCL
小窄管水蚤			0		THUOCL
小窗凹缘虫戚			0		THUOCL
小竿鰕虎鱼			0		THUOCL
小笠原杂色林鸽			0		THUOCL
小笠原海花蝇			0		THUOCL
小笠原钝塘鱧			0		THUOCL
小笠原黑林鸽			0		THUOCL
小管枪乌贼			0		THUOCL
小粉盗			0		THUOCL
小粗齿蛹笔螺			0		THUOCL
小粼眼蝶			0		THUOCL
小索蒂鸮			0		THUOCL
小红点粉蝶			0		THUOCL
小红翅鵙			0		THUOCL
小红胸草地鹨			0		THUOCL
小红脊角蝉			0		THUOCL
小纤盲蝽			0		THUOCL
小纹弄蝶			0		THUOCL
小纺锤水蚤			0		THUOCL
小纺锤蜓			0		THUOCL
小结角蝉			0		THUOCL
小绿虎天牛			0		THUOCL
小缺齿鼹			0		THUOCL
小羊驼高山动物			0		THUOCL
小美洲夜鹰			0		THUOCL
小翅目			0		THUOCL
小翅短鼻蝗			0		THUOCL
小翅穆氏暗光鱼			0		THUOCL
小翠夜蛾			0		THUOCL
小翼拟蟹守螺			0		THUOCL
小耙小褐鳕			0		THUOCL
小耙杜父鱼			0		THUOCL
小耳犬属			0		THUOCL
小胡桃蛤			0		THUOCL
小胸电鳗			0		THUOCL
小臀缺鳍鲶			0		THUOCL
小舌水母属			0		THUOCL
小艳丽大四眼宝螺			0		THUOCL
小花瓶凤凰螺			0		THUOCL
小花蒲公英			0		THUOCL
小芽草种蝇			0		THUOCL
小苇鳽			0		THUOCL
小苜蓿盲蝽			0		THUOCL
小茎四棘虫			0		THUOCL
小茎赘须金小蜂			0		THUOCL
小茶花芋螺			0		THUOCL
小草原榛鸡			0		THUOCL
小草鹀			0		THUOCL
小菜粉蝶颗粒体病毒			0		THUOCL
小蛇目蝶			0		THUOCL
小蜂巢苔藓虫			0		THUOCL
小蜂虎			0		THUOCL
小蠹烯醇			0		THUOCL
小褐伪瓢叶蚤			0		THUOCL
小褐果鸠			0		THUOCL
小褐龟金花虫			0		THUOCL
小角刺柄珊瑚			0		THUOCL
小角副鳚			0		THUOCL
小角孔珊瑚			0		THUOCL
小角棘蝇			0		THUOCL
小角蟾口鮟鱇			0		THUOCL
小角锹甲			0		THUOCL
小豹纹蝶			0		THUOCL
小贫砂杆虫			0		THUOCL
小足溪鳉			0		THUOCL
小跃蝗			0		THUOCL
小轮毛虫			0		THUOCL
小边春鹿蛾			0		THUOCL
小达缘蝽			0		THUOCL
小造桥虫绒茧蜂			0		THUOCL
小酸枣宝螺			0		THUOCL
小野艾蛛			0		THUOCL
小金星尺蛾			0		THUOCL
小银鮈			0		THUOCL
小长卷毛矮腿犬			0		THUOCL
小长尾鼩			0		THUOCL
小长臀鰕虎鱼			0		THUOCL
小阳食植瓢虫			0		THUOCL
小阿姆拟鲟			0		THUOCL
小隆剑水蚤			0		THUOCL
小隆胸盲蝽			0		THUOCL
小霸娇鹟			0		THUOCL
小须强牙巨口鱼			0		THUOCL
小须膜首鳕			0		THUOCL
小须鮠			0		THUOCL
小颌剑尾后颌鰧			0		THUOCL
小颏潜鲆			0		THUOCL
小食蝇霸鹟			0		THUOCL
小饰圆龟蝽			0		THUOCL
小马特海笋			0		THUOCL
小驼背蝗			0		THUOCL
小驼花天牛			0		THUOCL
小高鳍刺尾鱼			0		THUOCL
小鬘螺			0		THUOCL
小魔花螳螂			0		THUOCL
小鰁			0		THUOCL
小鰕鳉			0		THUOCL
小鱥			0		THUOCL
小鳍光尾鲨			0		THUOCL
小鳍叶鰕虎鱼			0		THUOCL
小鳍尾灯鱼			0		THUOCL
小鳍新灯鱼			0		THUOCL
小鳍无足狼鳚			0		THUOCL
小鳔长身鱊			0		THUOCL
小鳞下鱵鱼			0		THUOCL
小鳞仿石鲈			0		THUOCL
小鳞侏鰕虎鱼			0		THUOCL
小鳞光唇鱼			0		THUOCL
小鳞副角脂鲤			0		THUOCL
小鳞单列齿丽鱼			0		THUOCL
小鳞多板盾尾鱼			0		THUOCL
小鳞新重背魮			0		THUOCL
小鳞欧鳊			0		THUOCL
小鳞沟鰕虎鱼			0		THUOCL
小鳞波曼石首鱼			0		THUOCL
小鳞灯孔鲷			0		THUOCL
小鳞爱丽鱼			0		THUOCL
小鳞犬牙南极鱼			0		THUOCL
小鳞短线脂鲤			0		THUOCL
小鳞脆鳞虫			0		THUOCL
小鳞莫氏管肩鱼			0		THUOCL
小鳞长臀脂鲤			0		THUOCL
小鳞鱵			0		THUOCL
小鵎鵼			0		THUOCL
小鵙霸鹟			0		THUOCL
小鸮嗜眼吸虫			0		THUOCL
小鸮属			0		THUOCL
小鸺鹠			0		THUOCL
小鹰翅天蛾			0		THUOCL
小鹰翼凤凰螺			0		THUOCL
小鹰鹃			0		THUOCL
小鹿瞪羚			0		THUOCL
小鹿藿			0		THUOCL
小麦叶蝉			0		THUOCL
小麦条沙叶蝉			0		THUOCL
小麦黑潜蝇			0		THUOCL
小黄帽亚马逊鹦鹉			0		THUOCL
小黄斑挵蝶			0		THUOCL
小黄斑花天牛			0		THUOCL
小黄耳捕蛛鸟			0		THUOCL
小黄肖叶甲			0		THUOCL
小黄赤蜻			0		THUOCL
小黄鱼肠油			0		THUOCL
小黑卷尾			0		THUOCL
小黑新锹甲			0		THUOCL
小黑棘蝇			0		THUOCL
小黑眉天牛			0		THUOCL
小黑脚风鸟			0		THUOCL
小黑齿爪鳃金龟			0		THUOCL
小鼻绿鹦哥鱼			0		THUOCL
小鼻钩虾			0		THUOCL
小鼻鹦哥鱼			0		THUOCL
小齿双板盾尾鱼			0		THUOCL
小齿拟皱唇鲨			0		THUOCL
小齿斜脊象			0		THUOCL
小齿曲萤			0		THUOCL
小齿椰子狸属			0		THUOCL
小齿真喜萤			0		THUOCL
小齿缘肖叶甲			0		THUOCL
小齿遗颊鲷			0		THUOCL
小齿鮟鱇			0		THUOCL
小齿龙占丽鱼			0		THUOCL
少棘鸻多棘孔吸虫			0		THUOCL
少耙叉鳔石首鱼			0		THUOCL
少耙深海尾糯鳗			0		THUOCL
少辐新腹吸鳅			0		THUOCL
尖刺糙虾蛄			0		THUOCL
尖叶华溪蟹			0		THUOCL
尖吻斜杜父鱼			0		THUOCL
尖吻显齿海鲫			0		THUOCL
尖吻非洲攀鲈			0		THUOCL
尖吻鲸			0		THUOCL
尖唇螳水蝇			0		THUOCL
尖嘴圆尾颌针鱼			0		THUOCL
尖嘴圆尾鹤鱵			0		THUOCL
尖头副矛鳍石首鱼			0		THUOCL
尖头小吻盲虫			0		THUOCL
尖头毛浮萤			0		THUOCL
尖尾丝隆头鱼			0		THUOCL
尖尾兔袋鼠			0		THUOCL
尖尾叫姑鱼			0		THUOCL
尖尾新丝隆头鱼			0		THUOCL
尖尾榛鸡			0		THUOCL
尖尾沙鹀			0		THUOCL
尖尾海萤			0		THUOCL
尖尾溪雀			0		THUOCL
尖尾犀鳕			0		THUOCL
尖尾瑕边尺蛾			0		THUOCL
尖尾疣毛轮虫			0		THUOCL
尖尾眼虫			0		THUOCL
尖尾肖峭			0		THUOCL
尖尾铁苋菜			0		THUOCL
尖尾须缺耳蝗			0		THUOCL
尖峰负泥虫			0		THUOCL
尖棘甕鳐			0		THUOCL
尖细异赛瓜参			0		THUOCL
尖翅弄蝶属			0		THUOCL
尖肢南海溪蟹			0		THUOCL
尖肩淡脉隧蜂			0		THUOCL
尖胸大艳绒毛金龟			0		THUOCL
尖腹毛圆蛛			0		THUOCL
尖角肩盲蝽			0		THUOCL
尖角黄粉蝶			0		THUOCL
尖身带鰆			0		THUOCL
尖针素祝蛾			0		THUOCL
尖音狭颊寄蝇			0		THUOCL
尤溪麻鸡			0		THUOCL
尤茶黑鸡			0		THUOCL
尼亚鹩哥			0		THUOCL
尼加拉瓜布拉姆脂			0		THUOCL
尼奥普托列墨斯梦幻闪蝶			0		THUOCL
尼尼勾虹彩吸蜜鹦鹉			0		THUOCL
尼德尔氏矛丽鱼			0		THUOCL
尼斯那蕉鹃			0		THUOCL
尼日利亚四犬齿棱			0		THUOCL
尼日利亚精织雀			0		THUOCL
尼日尔长嘴鱲			0		THUOCL
尼格利陀地域人种			0		THUOCL
尼欧托格拉			0		THUOCL
尼科巴群岛雀鹰			0		THUOCL
尼科巴角鸮			0		THUOCL
尼维斯玛利安蚓			0		THUOCL
尼负葬甲			0		THUOCL
尼韦内长卷毛犬			0		THUOCL
尾仁眼蝶			0		THUOCL
尾切叶蜂			0		THUOCL
尾叶虫属			0		THUOCL
尾嵌线螺			0		THUOCL
尾嵴腹囊海龙			0		THUOCL
尾带前刺单角鲀			0		THUOCL
尾带间颈须鳚			0		THUOCL
尾斑丝隆头鱼			0		THUOCL
尾斑刺尾鱼			0		THUOCL
尾斑吉拉德食蚊鱼			0		THUOCL
尾斑圆尾鹤鱵			0		THUOCL
尾斑圆颌针鱼			0		THUOCL
尾斑深埃鲑脂鲤			0		THUOCL
尾斑溪鳉			0		THUOCL
尾斑瓢鳍鰕虎鱼			0		THUOCL
尾斑磨塘鳢			0		THUOCL
尾斑粗眼鮗			0		THUOCL
尾斑钝鰕虎鱼			0		THUOCL
尾斑阿南鱼			0		THUOCL
尾明角灯鱼			0		THUOCL
尾棘无壳侧鳃			0		THUOCL
尾漂眼虫			0		THUOCL
尾点苏彝士隆头鱼			0		THUOCL
尾点角茎鳉			0		THUOCL
尾点铅笔鱼			0		THUOCL
尾痕矛丽鱼			0		THUOCL
尾瘦尾虫			0		THUOCL
尾眼虫			0		THUOCL
尾纹九刺鮨			0		THUOCL
尾纹九棘鲈			0		THUOCL
尾纹侧唇鳚			0		THUOCL
尾纹半带丽鱼			0		THUOCL
尾纹埃弗曼鰕虎鱼			0		THUOCL
尾纹真动齿鳚			0		THUOCL
尾纹裸头鰕虎鱼			0		THUOCL
尾缘溪鳉			0		THUOCL
尾缨虫			0		THUOCL
尾羽龙属			0		THUOCL
尾肢目			0		THUOCL
尾莫蟹蛛			0		THUOCL
尾角贝虫			0		THUOCL
尾足螨亚目			0		THUOCL
尾饰四点双边鱼			0		THUOCL
尾鳍天牛			0		THUOCL
尾鳞头鰕虎			0		THUOCL
尾鳞犬齿瓢眼鰕虎			0		THUOCL
尾鳞盲鰕虎鱼			0		THUOCL
居中华象白蚁			0		THUOCL
居室拟壁钱			0		THUOCL
居维叶象			0		THUOCL
屋久岛淡脉隧蜂			0		THUOCL
屏东须鱲			0		THUOCL
展光尺蛾			0		THUOCL
展凤螺			0		THUOCL
展尾龙			0		THUOCL
展尾龙属			0		THUOCL
展常室茧蜂			0		THUOCL
展缘异点瓢虫			0		THUOCL
展翼指环虫			0		THUOCL
展翼花仙螺			0		THUOCL
展脉粉蝶			0		THUOCL
展膜夜蛾			0		THUOCL
展臂千手螺			0		THUOCL
展鳍真巨口鱼			0		THUOCL
山中波纹蛇目蝶			0		THUOCL
山保氏瘤叉尾天牛			0		THUOCL
山啸鹟			0		THUOCL
山地浅缢长蝽			0		THUOCL
山地白眼蝶			0		THUOCL
山地谷弄蝶			0		THUOCL
山帽华蜗牛			0		THUOCL
山帽眼宝贝			0		THUOCL
山形金鱼			0		THUOCL
山木盲蝽			0		THUOCL
山村花仙螺			0		THUOCL
山核桃刻蚜			0		THUOCL
山楂喀木虱			0		THUOCL
山楂天幕毛虫			0		THUOCL
山楂斑蛾			0		THUOCL
山楂红叶螨			0		THUOCL
山楂花象甲			0		THUOCL
山楂金环胡蜂			0		THUOCL
山楂长小蠹			0		THUOCL
山楔尾草鹀			0		THUOCL
山槽缝叩甲			0		THUOCL
山樱桃黑瘤蚜			0		THUOCL
山毛榉长翅卷蛾			0		THUOCL
山胡椒毛毛虫			0		THUOCL
山茶花介壳虫			0		THUOCL
山茶花锈壁虱			0		THUOCL
山莓草弯刀凤凰螺			0		THUOCL
山驴骨			0		THUOCL
山鹦哥			0		THUOCL
山黄蝶			0		THUOCL
山龙眼萤斑蛾			0		THUOCL
岐脊加夫蛤			0		THUOCL
岗夫林特微体化石			0		THUOCL
岗田圆沫蝉			0		THUOCL
岛屿亚澳肖叶甲			0		THUOCL
岩刺千手螺			0		THUOCL
岩华波纹蛾			0		THUOCL
岩棘千手骨螺			0		THUOCL
岩棘芭蕉螺			0		THUOCL
岩浩波纹蛾			0		THUOCL
岩盔龙类			0		THUOCL
岩黄毒蛾			0		THUOCL
岳麓七纺蛛			0		THUOCL
岳麓南氏弱斑蛛			0		THUOCL
岳麓栅蛛			0		THUOCL
岳麓翘蛛			0		THUOCL
岷岛司氏戎			0		THUOCL
岷江碘泡虫			0		THUOCL
岷答那骨螺			0		THUOCL
峇厘猫			0		THUOCL
峒中矮鸡			0		THUOCL
峡指黑鮡			0		THUOCL
峨嵋刺鰟鮍			0		THUOCL
峨嵋华溪蟹			0		THUOCL
峨嵋廻舟蛾			0		THUOCL
峨眉东灯蛾			0		THUOCL
峨眉伟黄斑蜂			0		THUOCL
峨眉大弄蝶			0		THUOCL
峨眉小丽螺			0		THUOCL
峨眉小花天牛			0		THUOCL
峨眉小蹦蝗			0		THUOCL
峨眉山伪卷叶绵蚜			0		THUOCL
峨眉异饰肛螽			0		THUOCL
峨眉新丽盲蝽			0		THUOCL
峨眉毛眼毒蛾			0		THUOCL
峨眉粘体虫			0		THUOCL
峨眉腹露蝗			0		THUOCL
峨眉芦蜂			0		THUOCL
峨眉迥舟蛾			0		THUOCL
峨眉长柄茧蜂			0		THUOCL
峨眉鱊			0		THUOCL
崇安阿内蛛			0		THUOCL
崇安鼠尾草			0		THUOCL
崎枝氏毛圆蛛			0		THUOCL
崎车垫跗螋			0		THUOCL
崖海鸦			0		THUOCL
嵌单爪螯蜂			0		THUOCL
嵌带弄蝶			0		THUOCL
嵌条扇贝			0		THUOCL
嵌跗斯鳄			0		THUOCL
嵴刺腔吻鳕			0		THUOCL
嵴颊红娘鱼			0		THUOCL
嵴鼻龙			0		THUOCL
川地禾蝇			0		THUOCL
川灰长翅卷蛾			0		THUOCL
川褐带东灯蛾			0		THUOCL
川陕无眼单啮			0		THUOCL
巢缘花蝇			0		THUOCL
工纹长尾蜓			0		THUOCL
巧克力色虎斑重点色猫			0		THUOCL
巧环楔形蛤			0		THUOCL
巨丝吻巨棘角鮟鱇			0		THUOCL
巨住筒虫巨褶海鞘			0		THUOCL
巨兽佐利姆			0		THUOCL
巨匿棘鳚			0		THUOCL
巨囊袋虫			0		THUOCL
巨圆臀大蜓			0		THUOCL
巨型古广翅鲎			0		THUOCL
巨型史前袋鼠			0		THUOCL
巨型远古昆虫			0		THUOCL
巨大花潜金龟			0		THUOCL
巨小肉伪蝎			0		THUOCL
巨尾后锚头鱼蚤			0		THUOCL
巨手浮萤			0		THUOCL
巨招潮蟹			0		THUOCL
巨棘鲈科			0		THUOCL
巨毛水丝蚓			0		THUOCL
巨睾带睾吸虫			0		THUOCL
巨睾狸殖吸虫			0		THUOCL
巨翅金星尺蛾			0		THUOCL
巨额毛实蝇			0		THUOCL
巨齿尾溪蟌			0		THUOCL
巨齿尾腹鳃蟌			0		THUOCL
巴兰德角石目			0		THUOCL
巴哈马圆尾鬣蜥			0		THUOCL
巴哈马林星蜂鸟			0		THUOCL
巴哈马群岛仿鲸鱼			0		THUOCL
巴图迪古阿蜘蛛			0		THUOCL
巴基度猎犬型犬			0		THUOCL
巴基斯坦真盔鰕虎			0		THUOCL
巴塔克灰卷尾			0		THUOCL
巴塔哥尼亚巨鸟			0		THUOCL
巴塔哥尼亚爪龙			0		THUOCL
巴塔哥尼亚爪龙属			0		THUOCL
巴塔哥尼亚錐尾鹦鹉			0		THUOCL
巴塔德斜纹芋螺			0		THUOCL
巴塔维亚侧带小公			0		THUOCL
巴塔维亚繸鲬			0		THUOCL
巴壁坟儿			0		THUOCL
巴巴多斯瓢鰕虎鱼			0		THUOCL
巴布亚号耳蝠			0		THUOCL
巴布亚毛腿夜鹰			0		THUOCL
巴布亚沟鰕虎			0		THUOCL
巴布亚沟鰕虎鱼			0		THUOCL
巴布亚淡水腹囊海			0		THUOCL
巴布亚长尾须鲨			0		THUOCL
巴布亚长斑裳凤蝶			0		THUOCL
巴拉圭凯门鳄			0		THUOCL
巴拉圭宝丽鱼			0		THUOCL
巴拉圭布琼丽鱼			0		THUOCL
巴拉圭异仙女虫			0		THUOCL
巴拉圭新底鳉			0		THUOCL
巴拉圭无颊齿脂鲤			0		THUOCL
巴拉斯特海蛳螺			0		THUOCL
巴拉望扇尾鹦哥			0		THUOCL
巴拉望栉精器鱼			0		THUOCL
巴拉望软毛鼠属			0		THUOCL
巴拉那湖下口鲶			0		THUOCL
巴拿马下口鲶			0		THUOCL
巴拿马劳氏下鰔鱼			0		THUOCL
巴拿马奇棘鱼			0		THUOCL
巴拿马粗盔鲶			0		THUOCL
巴拿马细潜鱼			0		THUOCL
巴拿马蝇霸鹟			0		THUOCL
巴斯瓢鰕虎鱼			0		THUOCL
巴林口孵非鲫			0		THUOCL
巴比亚鲸			0		THUOCL
巴比如萨猪鹿			0		THUOCL
巴氏劳氏下鱵鱼			0		THUOCL
巴氏扁指鰧			0		THUOCL
巴氏长臀鰕虎鱼			0		THUOCL
巴氏鮈南极鱼			0		THUOCL
巴漳岛海滨裳凤蝶			0		THUOCL
巴甫洛夫锚首虫			0		THUOCL
巴约龙			0		THUOCL
巴纳低线鱲			0		THUOCL
巴纳德瘦狮子鱼			0		THUOCL
巴芬岛苔原狼			0		THUOCL
巴苏非鲫			0		THUOCL
巴莫方胸蛛			0		THUOCL
巴莫鳄			0		THUOCL
巴莫鳄亚目			0		THUOCL
巴西乔氏溪脂鲤			0		THUOCL
巴西勒鲸			0		THUOCL
巴西吻斑蛇鳗			0		THUOCL
巴西巨人白膝头蜘蛛			0		THUOCL
巴西巨人金毛			0		THUOCL
巴西巨人金直间			0		THUOCL
巴西无颊齿脂鲤			0		THUOCL
巴西松鰕鮰			0		THUOCL
巴西犬牙石首鱼			0		THUOCL
巴西白斑弄蝶			0		THUOCL
巴西白膝头蜘蛛			0		THUOCL
巴西盲视水虎鱼			0		THUOCL
巴西直胸电鳗			0		THUOCL
巴西粗盔鲶			0		THUOCL
巴西莫氏溪鳉			0		THUOCL
巴西蓝颊亚马孙鹦哥			0		THUOCL
巴西蟹爪			0		THUOCL
巴西蹄形甲鲶			0		THUOCL
巴西驼背无齿脂鲤			0		THUOCL
巴达维亚海豹			0		THUOCL
巴迪亚焦碳笔螺			0		THUOCL
巴那侧唇鳚			0		THUOCL
巴顿泉蝾螈			0		THUOCL
巴马拟缨鱼			0		THUOCL
巽他皱盔犀鸟			0		THUOCL
巾毛圆锯裂虫			0		THUOCL
布列塔尼斯克矛丽鱼			0		THUOCL
布坎南氏纹胸鮡			0		THUOCL
布希勒副单棘鲀			0		THUOCL
布希勒灯笼棘鲛			0		THUOCL
布德三足篓虫			0		THUOCL
布新光唇鱼			0		THUOCL
布昌加副项鲿			0		THUOCL
布榠珍象			0		THUOCL
布氏侏儒巨蜥			0		THUOCL
布氏刚果灯鳉			0		THUOCL
布氏拟强牙巨口鱼			0		THUOCL
布氏捲管螺			0		THUOCL
布氏杜父圆鳍鱼			0		THUOCL
布氏樱鮨			0		THUOCL
布氏长喙鲸			0		THUOCL
布氏鰕鳉			0		THUOCL
布法罗强棘杜父鱼			0		THUOCL
布目泊来樱蛤			0		THUOCL
布紋鬘螺			0		THUOCL
布罗克氏海蠋鱼			0		THUOCL
布莱斯新光唇鱼			0		THUOCL
布里亚特奥斯特线虫			0		THUOCL
布里奇波鱼			0		THUOCL
布里斯克矛丽鱼			0		THUOCL
布里斯托尔朱文金			0		THUOCL
布隆斯格罗夫龙			0		THUOCL
布隆斯格罗夫龙属			0		THUOCL
布雷维招潮蟹			0		THUOCL
布雷维毛口鲶			0		THUOCL
布雷迪笑口虫			0		THUOCL
布鲁克氏虹彩吸蜜鹦鹉			0		THUOCL
布鲁克西亚变色蜥蜴			0		THUOCL
布鲁塞尔卷毛犬			0		THUOCL
布鲁姆龙兽属			0		THUOCL
布鲁岛扇尾鹦哥			0		THUOCL
布鲁岛长斑裳凤蝶			0		THUOCL
布鲁拉美利奴羊			0		THUOCL
布鲁斯鬼蟹			0		THUOCL
布鲁氏野鲮			0		THUOCL
布鲁泰克猎浣熊犬			0		THUOCL
布鲁绣眼鸟			0		THUOCL
布鲁诺汝拉猎犬			0		THUOCL
布鲁鹃鵙			0		THUOCL
帆鳍摩利鱼帆鳍			0		THUOCL
帆鳍胎鱂鱼			0		THUOCL
帆鳍花鮰摩利鱼			0		THUOCL
师古绢蝶			0		THUOCL
希利麦哲伦芋螺			0		THUOCL
希夜蛾			0		THUOCL
希姆魮猫			0		THUOCL
希尔伯特鸟翼裳凤蝶			0		THUOCL
希尔吉氏指鰧			0		THUOCL
希尔德康吉鳗			0		THUOCL
希尔达小眼宝螺			0		THUOCL
希弄蝶			0		THUOCL
希律招潮蟹			0		THUOCL
希拉唐加拉雀			0		THUOCL
希斯潘诺拉亚马逊鹦鹉			0		THUOCL
希氏剑吻鲸			0		THUOCL
希氏剑吻鲸属			0		THUOCL
希氏圆星萤			0		THUOCL
希氏小脂鲤			0		THUOCL
希氏屿大蜗牛			0		THUOCL
希氏弯喉萤			0		THUOCL
希氏拟花鮨			0		THUOCL
希氏根齿鱼			0		THUOCL
希氏溪鳉			0		THUOCL
希氏瓢鰕虎鱼			0		THUOCL
希氏石鮰			0		THUOCL
希氏磨塘鳢			0		THUOCL
希氏窄额鲀			0		THUOCL
希氏缘梭螺			0		THUOCL
希氏花鮨			0		THUOCL
希氏锯鳞鰕虎鱼			0		THUOCL
希氏隆胎鳚			0		THUOCL
希氏隐绵蟹			0		THUOCL
希氏鮈鰕虎鱼			0		THUOCL
希波箭石			0		THUOCL
希腊鮈			0		THUOCL
希腊龙骨鱥			0		THUOCL
帕乌鲁斯双门鱼			0		THUOCL
帕尔默氏毛口鲶			0		THUOCL
帕尔默鰕虎鱼			0		THUOCL
帕恩切特犬齿兽属			0		THUOCL
帕拉夜鹰			0		THUOCL
帕文克尼亚虫			0		THUOCL
帕林顿尼亚萨龙			0		THUOCL
帕氏倒棘牛尾鱼			0		THUOCL
帕特大勒梗犬			0		THUOCL
帕那瓜湖无须鲶			0		THUOCL
帕里特范氏裳凤蝶			0		THUOCL
帚尾岩袋鼠			0		THUOCL
帚状漏斗蛛			0		THUOCL
帚腹地种蝇			0		THUOCL
帝摩尔花点巨蜥			0		THUOCL
帝汶准小钩形贝			0		THUOCL
帝王伟蜓			0		THUOCL
带半刺光唇鱼			0		THUOCL
带尾锯鲂鮄			0		THUOCL
带形棘缘吸虫			0		THUOCL
带横胸步甲			0		THUOCL
带纹多环海龙			0		THUOCL
带纹蝶灯蛾			0		THUOCL
带纹长须猫鲨			0		THUOCL
带绦虫属			0		THUOCL
带胸黑吸蜜鸟			0		THUOCL
带鰆科			0		THUOCL
席勒猎犬			0		THUOCL
席鳞蛇鳚			0		THUOCL
帽形枪水蚤			0		THUOCL
帽形真哲水蚤			0		THUOCL
帽状宽胸蛛			0		THUOCL
帽状锚首虫			0		THUOCL
帽状隙蛛			0		THUOCL
帽茎指环虫			0		THUOCL
帽蚶科			0		THUOCL
帽铃水母			0		THUOCL
平分大额蟹			0		THUOCL
平利短肛虫修			0		THUOCL
平吻眶灯鱼			0		THUOCL
平头叶状鰕虎鱼			0		THUOCL
平头大锹形虫			0		THUOCL
平展摩利诺斯线虫			0		THUOCL
平庸宝螺			0		THUOCL
平庸赘寄蝇			0		THUOCL
平德大口非鲫			0		THUOCL
平松岛加拉帕戈斯象龟			0		THUOCL
平滑丝囊霉			0		THUOCL
平滑毛猎狐梗犬			0		THUOCL
平滑毛猎狐犭更犬			0		THUOCL
平瀨寶螺			0		THUOCL
平瀨織紋螺			0		THUOCL
平突船卵溞			0		THUOCL
平肩吉园蛛			0		THUOCL
平胸超目			0		THUOCL
平胸钝腹鲱			0		THUOCL
平脸比利牛斯牧羊犬			0		THUOCL
平舟原缨口鳅			0		THUOCL
平行卷叶甲			0		THUOCL
平行盾板蛛			0		THUOCL
平行长蟹蛛			0		THUOCL
平行长逍遥蛛			0		THUOCL
平衡囊尖锥虫			0		THUOCL
平远南海溪蟹			0		THUOCL
平颊巨牙天竺鲷			0		THUOCL
年轮卷管螺			0		THUOCL
并肩棘蝇			0		THUOCL
幻彩蓝宝石雷龙鱼			0		THUOCL
幻彩钟螺			0		THUOCL
幼形纲			0		THUOCL
幼盲瘤祝蛾			0		THUOCL
幽暗丽蝇			0		THUOCL
幽洒灰蝶			0		THUOCL
幽海螺			0		THUOCL
幽窗弄蝶			0		THUOCL
幽蚕舟蛾			0		THUOCL
幽雅长峨螺			0		THUOCL
广东住血线虫			0		THUOCL
广东南海溪蟹			0		THUOCL
广东古洁虾			0		THUOCL
广东嗜眼吸虫			0		THUOCL
广东外肋水母			0		THUOCL
广东小舟梭螺			0		THUOCL
广东棘蝇			0		THUOCL
广东殖盘吸虫			0		THUOCL
广东清溪蟹			0		THUOCL
广东球孢虫			0		THUOCL
广东粘体虫			0		THUOCL
广东缨口鳅			0		THUOCL
广东老板鯆			0		THUOCL
广东胃瘤水母			0		THUOCL
广东芋参			0		THUOCL
广东蓝目天蛾			0		THUOCL
广东长尾花天牛			0		THUOCL
广东隐势瓢虫			0		THUOCL
广东鳐			0		THUOCL
广东黄腰太阳鸟			0		THUOCL
广东齿胸肖叶甲			0		THUOCL
广元马门溪龙			0		THUOCL
广川山蛭			0		THUOCL
广州鹭业水产有限公司			0		THUOCL
广布中剑水蚤			0		THUOCL
广布竹链蚧			0		THUOCL
广布腔吻鳕			0		THUOCL
广腹同缘蝽			0		THUOCL
广腹蜻蜓			0		THUOCL
广西副鱊			0		THUOCL
广西笔尾灰犬			0		THUOCL
广西蟱蛛			0		THUOCL
广露螽			0		THUOCL
庇里牛斯大狗			0		THUOCL
庇隆多齿鰳			0		THUOCL
庇隆氏拟单角鲀			0		THUOCL
庇隆鳓			0		THUOCL
庐光尺蛾			0		THUOCL
庐山华穹螽			0		THUOCL
庐山巨蟹蛛			0		THUOCL
庐江县大成水产冷冻厂			0		THUOCL
库什曼瓶砂虫			0		THUOCL
库依克豪德杰犬			0		THUOCL
库奇鲸			0		THUOCL
库氏九环海龙			0		THUOCL
库氏獴			0		THUOCL
库氏獴属			0		THUOCL
库氏齿鱵			0		THUOCL
库约岛荧光裳凤蝶			0		THUOCL
库达犬			0		THUOCL
库里瑞短尾猫			0		THUOCL
库页球舌螺			0		THUOCL
库页鲟			0		THUOCL
底诺金小蜂			0		THUOCL
府城海南溪蟹			0		THUOCL
庞氏宽翅花天牛			0		THUOCL
庭院大蜗牛			0		THUOCL
康乃馨钮扣			0		THUOCL
康地梅氏孔雀鲷			0		THUOCL
康氏侧带小公鱼			0		THUOCL
康氏马加鰆			0		THUOCL
康沃尔帝王猫			0		THUOCL
康马河弱棘鯻			0		THUOCL
庸钝口螈			0		THUOCL
廖角山多鳃鱼			0		THUOCL
延安红脊角蝉			0		THUOCL
延斑拟灯蛾			0		THUOCL
延管螺			0		THUOCL
延长抚仙湖虫			0		THUOCL
建德棒花鱼			0		THUOCL
开室魏斯茧蜂			0		THUOCL
开展婀蛛			0		THUOCL
开普敦宝螺			0		THUOCL
开普敦蛹笔螺			0		THUOCL
开普敦豪猪			0		THUOCL
异叶半稜鯷			0		THUOCL
异囊碘泡虫			0		THUOCL
异尾拟簑鮋			0		THUOCL
异山嵛滑管蓟马			0		THUOCL
异常喜马象			0		THUOCL
异形伪沙蚕			0		THUOCL
异形初雪宝螺			0		THUOCL
异形古蚖			0		THUOCL
异恶草松原药			0		THUOCL
异指双爪虾属			0		THUOCL
异摇篮水母			0		THUOCL
异板浅室水母			0		THUOCL
异种短毛猫			0		THUOCL
异红点唇瓢虫			0		THUOCL
异纹栉孔扇贝			0		THUOCL
异胸长角甲			0		THUOCL
异腺冠蛭蚓			0		THUOCL
异色直缝叩甲			0		THUOCL
异距小帽水母			0		THUOCL
异雀鹀			0		THUOCL
异颜果实蝇			0		THUOCL
异鳞光尾鲨			0		THUOCL
异鳞杜鹃			0		THUOCL
异齿大眼非鲫			0		THUOCL
弄蝶亚科			0		THUOCL
弄蝶偏眼金小蜂			0		THUOCL
弄蝶武姬蜂			0		THUOCL
弄蝶绒茧蜂			0		THUOCL
弓对臂虫			0		THUOCL
弓形革囊星虫			0		THUOCL
弓月蝴蝶鱼			0		THUOCL
弓纹刺盖鱼			0		THUOCL
弓背鱼驼背鱼			0		THUOCL
弓角基齿哲水蚤			0		THUOCL
弗氏奇康吉鳗			0		THUOCL
弗氏纽蛛			0		THUOCL
弗洛伯黏虫			0		THUOCL
弗罗裏斯鼠属			0		THUOCL
弗雷里安纳岛加拉帕戈斯象龟			0		THUOCL
张五不复猎			0		THUOCL
张卜馍夜蛾			0		THUOCL
张口布萨斯虫			0		THUOCL
张口拟管螺			0		THUOCL
张和兽属			0		THUOCL
张家界新米虾			0		THUOCL
弥渡雕球链蚧			0		THUOCL
弦月枯叶蛾			0		THUOCL
弧形长尾鲨			0		THUOCL
弯刀腹脂鲤			0		THUOCL
弯刀骨螺			0		THUOCL
弯嘴芦雀			0		THUOCL
弯嘴雀			0		THUOCL
弯囊绢须野螟			0		THUOCL
弯尾剑角蝗			0		THUOCL
弯弓鼠鱼			0		THUOCL
弯月斜棘			0		THUOCL
弯月蝶			0		THUOCL
弯棘匙甲鲶			0		THUOCL
弯棘斜棘			0		THUOCL
弯棘鱼衔			0		THUOCL
弯毡腹茧蜂			0		THUOCL
弯管伪锚盘虫			0		THUOCL
弯肠殖盘吸虫			0		THUOCL
弯肠锡叶吸虫			0		THUOCL
弯脊秃角蝉			0		THUOCL
弯脊龙			0		THUOCL
弯茎指环虫			0		THUOCL
弯角剑角蝗			0		THUOCL
弯角姬长金花虫			0		THUOCL
弯钩指环虫			0		THUOCL
弯齿伪黄斑蜂			0		THUOCL
弱刺棘花鮨鱼			0		THUOCL
弱小后浮萤			0		THUOCL
弱小铃萤			0		THUOCL
强三刺角蝉			0		THUOCL
强健啄木鸟			0		THUOCL
强健扇尾莺			0		THUOCL
强力多维营养膏			0		THUOCL
强嘴雀			0		THUOCL
强壮仿四额齿蟹			0		THUOCL
强壮壳目			0		THUOCL
强壮幽灵参			0		THUOCL
强壮指环虫			0		THUOCL
强壮方格星虫			0		THUOCL
强壮暴伪蝎			0		THUOCL
强壮棘口吸虫			0		THUOCL
强壮歧须鮠			0		THUOCL
强壮蛛形蟹			0		THUOCL
强壮追寄蝇			0		THUOCL
强壮鹿角珊瑚			0		THUOCL
强小厚壳水蚤			0		THUOCL
强小舟蛾			0		THUOCL
强尼鲁克			0		THUOCL
强斑雪灯蛾			0		THUOCL
强杜父鱼			0		THUOCL
强条蜂			0		THUOCL
强棘杜父鱼			0		THUOCL
强棘牛目鲷			0		THUOCL
强氏矛吻海龙			0		THUOCL
强污灯蛾			0		THUOCL
强皱缘茧蜂			0		THUOCL
强缘凤螺			0		THUOCL
强肋杓蛤			0		THUOCL
强阿氏杜父鱼			0		THUOCL
强霸鹟			0		THUOCL
强颈玉米卷管螺			0		THUOCL
强齿棘鼠			0		THUOCL
弼马温病毒			0		THUOCL
归还米虾			0		THUOCL
当特尔卡斯托群岛巨蜥			0		THUOCL
彗星副狮子鱼			0		THUOCL
彩叶扶芳藤夜蛾			0		THUOCL
彩条玫瑰			0		THUOCL
彩環塔螺			0		THUOCL
彩绘动物漆座屏			0		THUOCL
彩绘錐尾鹦鹉			0		THUOCL
彩色鲁夜蛾			0		THUOCL
彩虹洞蛙			0		THUOCL
彩虹海猪鱼			0		THUOCL
彩虹溅水鱼			0		THUOCL
彩虹錩螺			0		THUOCL
彩虹长臂天牛			0		THUOCL
彩角迟眼蕈蚊			0		THUOCL
彭布洛克威尔斯柯基犬			0		THUOCL
影子基因犬			0		THUOCL
影带黄毒蛾			0		THUOCL
影扇舟蛾			0		THUOCL
影波纹蛾			0		THUOCL
影等鳃金龟			0		THUOCL
彼氏冰鰕虎鱼			0		THUOCL
後晕黑银灯蛾			0		THUOCL
徐坡小爪龟甲			0		THUOCL
得克萨斯丽鱼			0		THUOCL
得克萨斯州臭鼬			0		THUOCL
得克萨斯美洲鱥			0		THUOCL
得克萨斯蜥鸟盗龙			0		THUOCL
徘徊小土星虫			0		THUOCL
微体玻璃鰕虎鱼			0		THUOCL
微卡圆角蝉			0		THUOCL
微唇卡圆角蝉			0		THUOCL
微型高止夜蛙			0		THUOCL
微孢子虫亚门			0		THUOCL
微孢子虫目			0		THUOCL
微小圆柱水虱			0		THUOCL
微小埃萤叶甲			0		THUOCL
微小天牛			0		THUOCL
微小指环虫			0		THUOCL
微小枝触星虫			0		THUOCL
微小海棘水母			0		THUOCL
微小瓮水母			0		THUOCL
微小真海精戎			0		THUOCL
微小转跗蛛			0		THUOCL
微山湖四鼻孔鲤鱼			0		THUOCL
微海圆水母			0		THUOCL
微目豹天蚕蛾			0		THUOCL
微睾短腺吸虫			0		THUOCL
微缺暗驼金龟			0		THUOCL
微胖大眼剑水蚤			0		THUOCL
微芒食虫虻			0		THUOCL
微趣蛹笔螺			0		THUOCL
微隆赘须金小蜂			0		THUOCL
德久艾蛛			0		THUOCL
德佛阁宝螺			0		THUOCL
德克斯特牛			0		THUOCL
德克萨斯州盲视火蜥蜴			0		THUOCL
德克萨斯州美洲狮			0		THUOCL
德克萨斯长角牛			0		THUOCL
德国刚毛波音达犬			0		THUOCL
德国卷毛猫			0		THUOCL
德国安哥拉兔			0		THUOCL
德国寻血猎犬			0		THUOCL
德国小型狐狸犬			0		THUOCL
德国灰犬			0		THUOCL
德国短毛波音达猎犬			0		THUOCL
德国硬毛波音达猎犬			0		THUOCL
德国绒毛狼犬			0		THUOCL
德国莱克斯猫			0		THUOCL
德国菲纳克韦牛			0		THUOCL
德国观赏贺姆鸽			0		THUOCL
德国黄胡蜂			0		THUOCL
德基氏歧须鮠			0		THUOCL
德宏小耳朵猪			0		THUOCL
德州条纹木蝎			0		THUOCL
德巴衣滴虫			0		THUOCL
德布里刺绣芋螺			0		THUOCL
德拉诺伊芋螺			0		THUOCL
德斑鲻鰕虎鱼			0		THUOCL
德昌松毛虫			0		THUOCL
德曼招潮蟹			0		THUOCL
德根野鲮			0		THUOCL
德格梅花草			0		THUOCL
德比氏下口鲶			0		THUOCL
德比氏真甲鲶			0		THUOCL
德氏小			0		THUOCL
德氏德沙叶斯菊石			0		THUOCL
德氏拟蝇虎			0		THUOCL
德氏真钖伯鲶			0		THUOCL
德汉劳绵蟹			0		THUOCL
德班宝螺			0		THUOCL
德福千手螺			0		THUOCL
德粉蝶			0		THUOCL
德粘夜蛾			0		THUOCL
德系安哥拉兔长毛兔			0		THUOCL
德维尔斯圆吻鱥			0		THUOCL
德联牧战犬			0		THUOCL
德胡氏歧须鮠			0		THUOCL
德里沙地喜花苍蝇			0		THUOCL
德钦角胸肖叶甲			0		THUOCL
德钦雏蝗			0		THUOCL
徽章棘球虫			0		THUOCL
心斑绿蟌			0		THUOCL
心点矛丽鱼			0		THUOCL
心白夙舟蛾			0		THUOCL
心管水母			00		THUOCL
心蛤科			0		THUOCL
忍冬双斜卷蛾			0		THUOCL
志隧蜂			0		THUOCL
忙宗荣组			0		THUOCL
忠狗德拉姆			0		THUOCL
忽洛丹斯堡马			0		THUOCL
怒容新东洋鳂			0		THUOCL
怒寄蝇			0		THUOCL
怒江弓鱼			0		THUOCL
怒江拟鰋			0		THUOCL
怒漏斗蛛			0		THUOCL
怒鲨属			0		THUOCL
思茅台龟甲			0		THUOCL
思茅壶蚧			0		THUOCL
思茅希蛛			0		THUOCL
思茅弓角蝉			0		THUOCL
怪常室茧蜂			0		THUOCL
怪影波纹蛾			0		THUOCL
怪扣绵蚜怪扣绵蚜			0		THUOCL
怪肥腹蛛			0		THUOCL
怯地刺莺			0		THUOCL
怯多卓变虫			0		THUOCL
恐爪龙下目			0		THUOCL
恐犬类动物			0		THUOCL
恐蛇发女妖兽属			0		THUOCL
恐龙帝国历险记			0		THUOCL
恒春台蝗			0		THUOCL
恒春吻鰕虎鱼鱼			0		THUOCL
恒春弯脊茧蜂			0		THUOCL
恒河单极虫			0		THUOCL
恒河阿胡鰕虎鱼			0		THUOCL
恩加诺角鸮			0		THUOCL
恩德凤凰螺			0		THUOCL
恩氏博特溪蟹			0		THUOCL
恩特布山地犬			0		THUOCL
息肉钮扣			0		THUOCL
恰帕芋螺			0		THUOCL
恶性席瓢蜡蝉			0		THUOCL
恶魔叶尾壁虎			0		THUOCL
恶魔扁尾叶蜥			0		THUOCL
悉尼海鞘			0		THUOCL
悉尼漏斗网蜘蛛			0		THUOCL
悉尼芋螺			0		THUOCL
悦怠步甲			0		THUOCL
悬钩子长翅卷蛾			0		THUOCL
情帽真瘤水母			0		THUOCL
惠氏泞齿鳉			0		THUOCL
意大利史宾诺犬			0		THUOCL
意大利塞古奥犬			0		THUOCL
意大利灵騠			0		THUOCL
意大利科尔索犬			0		THUOCL
意大利纽波利顿犬			0		THUOCL
意大利纽灵缇犬			0		THUOCL
愚肖齿舟蛾			0		THUOCL
慈母互敬蟹			0		THUOCL
慧丰水产公司			0		THUOCL
憨蝇霸鹟			0		THUOCL
懈毛胫夜蛾			0		THUOCL
懒人咖喱金枪鱼意面			0		THUOCL
戈德副棘鲆			0		THUOCL
戈梅氏下口鲶			0		THUOCL
戈氏小相手蟹			0		THUOCL
戈登剑尾鱼			0		THUOCL
戈耶特犬			0		THUOCL
戈芬星虫目			0		THUOCL
成吉思汗鄂托克鸟			0		THUOCL
战场芋螺			0		THUOCL
战士招潮蟹			0		THUOCL
战神大兜虫			0		THUOCL
截匙同蝽			0		THUOCL
截合若甲螨			0		THUOCL
截唇叶蜂			0		THUOCL
截尾下棘鲀			0		THUOCL
截尾薄壳蛤			0		THUOCL
截杯滴虫			0		THUOCL
截翅刺尾花天牛			0		THUOCL
截裂秋海棠			0		THUOCL
截顶弄蝶			0		THUOCL
截顶红纹螺			0		THUOCL
截顶蔷薇珊瑚			0		THUOCL
截额镜蟹			0		THUOCL
戴安娜长尾猴			0		THUOCL
戴帽长臂猿			0		THUOCL
戴氏准舌唇鱼			0		THUOCL
戴氏叉杜父鱼			0		THUOCL
戴维斯神罩虫			0		THUOCL
戴菊科			0		THUOCL
所罗门宝螺			0		THUOCL
所罗门果鸠			0		THUOCL
所罗门盗蜜鸟			0		THUOCL
所罗门鹰鸮			0		THUOCL
扁伪石虫			0		THUOCL
扁吻光尾鲨			0		THUOCL
扁吻全骨亚口鱼			0		THUOCL
扁吻唇鼻鳗			0		THUOCL
扁吻小胸电鳗			0		THUOCL
扁吻腹囊海龙			0		THUOCL
扁圆吻鮰			0		THUOCL
扁圆形爱莉莎			0		THUOCL
扁头恐怖丽鱼			0		THUOCL
扁头鮡			0		THUOCL
扁室扁叉啮			0		THUOCL
扁尾蓝灰海蛇			0		THUOCL
扁尾陆龟			0		THUOCL
扁平短腹海鞘			0		THUOCL
扁平钳蛤			0		THUOCL
扁床杜父鱼			0		THUOCL
扁指四额齿蟹			0		THUOCL
扁植盲蝽			0		THUOCL
扁牙潜鱼属			0		THUOCL
扁瓣梦角鮟鱇			0		THUOCL
扁瓣梦角鮟鱇鱼			0		THUOCL
扁胃高手水母			0		THUOCL
扁角脊花天牛			0		THUOCL
扁跗拟守瓜			0		THUOCL
扁鼻强龙			0		THUOCL
扁鼻强龙属			0		THUOCL
扇尾啄果鸟			0		THUOCL
扇尾杜鹃			0		THUOCL
扇尾芦莺			0		THUOCL
扇尾贾丁氏鹦鹉			0		THUOCL
扇形泰勒灯鱼			0		THUOCL
扇斑异丽盲蝽			0		THUOCL
托尔逆沟鰺			0		THUOCL
托尔逆钩鰺			0		THUOCL
托氏琩螺			0		THUOCL
托氏诺福克三鳍鳚			0		THUOCL
托罗异味鳗鲶			0		THUOCL
托马斯诺招财猫			0		THUOCL
扩缘间海参			0		THUOCL
扭中华宝螺			0		THUOCL
扭动指环虫			0		THUOCL
扭叶变叶木			0		THUOCL
扭叶海蛳螺			0		THUOCL
扭嘴犀鸟			0		THUOCL
扭形爪室水母			0		THUOCL
扭心珊瑚亚目			0		THUOCL
扭拟灯蛾			0		THUOCL
扭斯汀科龙			0		THUOCL
扭曲小环藻			0		THUOCL
扭曲猿头蛤			0		THUOCL
扭月贝纲			0		THUOCL
扭肢宽胸溪蟹			0		THUOCL
扭腰蜑螺			0		THUOCL
扭莺蛤			0		THUOCL
抓猪儿			0		THUOCL
折带黄毒蛾			0		THUOCL
折纹殿尾夜蛾			0		THUOCL
披发异毛蟹			0		THUOCL
披毛目			0		THUOCL
披肩榛鸡			0		THUOCL
披鳞唇指			0		THUOCL
抱球虫超科			0		THUOCL
拇指笔螺			0		THUOCL
拇趾隆起			0		THUOCL
拉利毛足鲈小密			0		THUOCL
拉品坡考亚犬			0		THUOCL
拉奈孤鸫			0		THUOCL
拉帕奴须唇飞鱼			0		THUOCL
拉戈托罗马阁挪露			0		THUOCL
拉戈托罗马阁挪露犬			0		THUOCL
拉拉山三尾小灰蝶			0		THUOCL
拉提斯特滨珊瑚			0		THUOCL
拉提斯特鹿角珊瑚			0		THUOCL
拉斯维加斯豹纹蛙			0		THUOCL
拉普地域人种			0		THUOCL
拉都希氏赤蛙			0		THUOCL
拉里奥哈龙属			0		THUOCL
拉面海蛳螺			0		THUOCL
拔目鸟			0		THUOCL
拔葜长颈金花虫			0		THUOCL
拖鞋舟螺			0		THUOCL
招朝蟹			0		THUOCL
招风耳峨螺			0		THUOCL
拟七棱浅室水母			0		THUOCL
拟丹尼蕨			0		THUOCL
拟九斑瓢虫			0		THUOCL
拟仙人掌鳞木			0		THUOCL
拟伟梳爪叩甲			0		THUOCL
拟切齿舌鳞银汉鱼			0		THUOCL
拟半尾下口鲶			0		THUOCL
拟单囊虫属			0		THUOCL
拟单带副绯鲤			0		THUOCL
拟单鳍鱼			0		THUOCL
拟印度伊土蝽			0		THUOCL
拟叶腕水母			0		THUOCL
拟嗜子宫线虫			0		THUOCL
拟小前线螨			0		THUOCL
拟小褐飞虱			0		THUOCL
拟小食螨瓢虫			0		THUOCL
拟小鳞窗螺			0		THUOCL
拟屠氏招潮蟹			0		THUOCL
拟帚腹地种蝇			0		THUOCL
拟庸鲽			0		THUOCL
拟德国小蠊			0		THUOCL
拟怪棘吻虫属			0		THUOCL
拟扁胃高手水母			0		THUOCL
拟扭叶藓属			0		THUOCL
拟斜带南灯蛾			0		THUOCL
拟斜管苔扭虫			0		THUOCL
拟斜纹植盲蝽			0		THUOCL
拟斜齿圆罩鱼			0		THUOCL
拟方形碘泡虫			0		THUOCL
拟日月贝科			0		THUOCL
拟杜父鱼			0		THUOCL
拟栉尾鱈			0		THUOCL
拟水涯狡蛛			0		THUOCL
拟浅室水母			0		THUOCL
拟灰白棘蝇			0		THUOCL
拟片唇裂爪蜂			0		THUOCL
拟犬同盘吸虫			0		THUOCL
拟瓢蛤属			0		THUOCL
拟白胸三刺角蝉			0		THUOCL
拟皱唇鲨			0		THUOCL
拟皱唇鲨科			0		THUOCL
拟矛尾虾虎鱼			0		THUOCL
拟矛尾鰕虎鱼			0		THUOCL
拟矢车菊泉蝇			0		THUOCL
拟硬刺高原鳅			0		THUOCL
拟硬象天牛			0		THUOCL
拟穗鳞虫			0		THUOCL
拟粉叶小檗			0		THUOCL
拟纺锤			0		THUOCL
拟缘漏斗蛛			0		THUOCL
拟耀三刺角蝉			0		THUOCL
拟蔷薇切叶蜂			0		THUOCL
拟藻睫杵虫			0		THUOCL
拟金蛤珠母贝			0		THUOCL
拟长瓣齿臀虫脩			0		THUOCL
拟霉毛隧蜂			0		THUOCL
拟鮄无眉鳚			0		THUOCL
拟鮨平鲉			0		THUOCL
拟鰕虎鲬状鱼			0		THUOCL
拟鲟足沟鱼			0		THUOCL
拟鸫希夫霸鹟			0		THUOCL
拟鹨灌丛雀			0		THUOCL
拢合次种蝇			0		THUOCL
拱形斧足贝			0		THUOCL
拳头海葵			0		THUOCL
拳岩螺			0		THUOCL
拿克奇			0		THUOCL
拿卡箭虫			0		THUOCL
拿岛皱盔犀鸟			0		THUOCL
持棘蝇			0		THUOCL
挂墩丽花萤			0		THUOCL
挂墩短脉纹石蛾			0		THUOCL
挂榜山小鲵			0		THUOCL
指刺无引带线虫			0		THUOCL
指印石斑鱼			0		THUOCL
指圈针蓟马			0		THUOCL
指小肿头吸虫			0		THUOCL
指带海龙			0		THUOCL
指形长刺线虫			0		THUOCL
指形鹿角珊瑚			0		THUOCL
指手拇指			0		THUOCL
指梯形蟹			0		THUOCL
指状圆斑小卷蛾			0		THUOCL
指状宽胸蝇			0		THUOCL
指状蔷薇珊瑚			0		THUOCL
指状许水溞			0		THUOCL
指环水母亚目			0		THUOCL
指甲蟹			0		THUOCL
指眼尺蛾			0		THUOCL
指突水母			0		THUOCL
指突隐摇蚊			0		THUOCL
指角蝇			0		THUOCL
指鮟鱇			0		THUOCL
指鳃尾盘虫			0		THUOCL
指黄毒蛾			0		THUOCL
挑战司氏戎			0		THUOCL
挑战拟砂轮虫			0		THUOCL
挑战砂轮虫			0		THUOCL
挛斑金花蛇			0		THUOCL
挠抓反射			0		THUOCL
挪威卢德杭犬			0		THUOCL
挪威小毛猛水蚤			0		THUOCL
挪威方格星虫			0		THUOCL
挪威梗			0		THUOCL
挪威海蛳螺			0		THUOCL
挪威短吻狮子鱼			0		THUOCL
挪威马鹿			0		THUOCL
挪威黑猎鹿犬			0		THUOCL
捕鼠能手印度蟒			0		THUOCL
掌骨切迹			0		THUOCL
排点木蠹蛾			0		THUOCL
排点灯蛾			0		THUOCL
掠果蝠属			0		THUOCL
接骨木尖须野螟			0		THUOCL
接骨木山钩蛾			0		THUOCL
提环蛱蝶			0		THUOCL
携尾丽蛛			0		THUOCL
摇摆蟹守螺			0		THUOCL
摇震招潮蟹			0		THUOCL
摇鹊鸲			0		THUOCL
摩乔球螋			0		THUOCL
摩哲哥海豹			0		THUOCL
摩来彩灰蝶			0		THUOCL
摩氏光体鮠			0		THUOCL
摩氏沟臀肖叶甲			0		THUOCL
摩氏渊游参			0		THUOCL
摩氏红尾鸲			0		THUOCL
摩氏花蜜鸟			0		THUOCL
摩氏豹鳎			0		THUOCL
摩氏非洲盲刺鳅			0		THUOCL
摩洛哥腔吻鳕			0		THUOCL
摩索水母			0		THUOCL
摩羯岛鲨皮宝螺			0		THUOCL
摩羯鹿角珊瑚			0		THUOCL
摩苏尔油白鱼			0		THUOCL
摩门红斑大凤蝶			0		THUOCL
摩鹿加吮蜜鸟			0		THUOCL
摩鹿加地鸫			0		THUOCL
摩鹿加扇尾鹟			0		THUOCL
摩鹿加拟岩鱚			0		THUOCL
摩鹿加短尾鹦鹉			0		THUOCL
摩鹿加红鲂鮄			0		THUOCL
摩鹿加角鸮			0		THUOCL
摩鹿加鹃鵙			0		THUOCL
摩鹿加鹰			0		THUOCL
摩鹿绯鲤			0		THUOCL
摩鹿翠叶红颈凤蝶			0		THUOCL
摹仿穗肩鳚			0		THUOCL
摹仿繐肩鳚			0		THUOCL
撒哈拉猎豹			0		THUOCL
撒莫依犬			0		THUOCL
撒阿路斯狼猎犬			0		THUOCL
收获蚁属			0		THUOCL
放射华蜗牛			0		THUOCL
放射形海螺			0		THUOCL
放射日规螺			0		THUOCL
放射车轮螺			0		THUOCL
放射黏孢子虫			0		THUOCL
放毒型草履虫			0		THUOCL
放线壳贝			0		THUOCL
效鸣吸蜜鸟			0		THUOCL
敌蛾			0		THUOCL
敌蛾科			0		THUOCL
敏白眉猴			0		THUOCL
敏鲈胶			0		THUOCL
教皇帽筆螺			0		THUOCL
散光毛蟹			0		THUOCL
散库鲁冠蕉鹃			0		THUOCL
敦达古鲁翼龙			0		THUOCL
敬业自责			0		THUOCL
文冠果隆脉木虱			0		THUOCL
文努科维亚兽			0		THUOCL
文德动物			0		THUOCL
文文橫簾蛤			0		THUOCL
文水棘蝇			0		THUOCL
斐济冠状鬣蜥			0		THUOCL
斐济带纹鬣蜥			0		THUOCL
斐济果实蝇			0		THUOCL
斐济棘花鮨			0		THUOCL
斐济海螺			0		THUOCL
斐济灰鹟			0		THUOCL
斑两用孔纽虫			0		THUOCL
斑刺鼻单棘鲀			0		THUOCL
斑卷尾袋貂属			0		THUOCL
斑哑霸鹟			0		THUOCL
斑喉希鹛			0		THUOCL
斑嘴巨鸊鷉			0		THUOCL
斑委夜蛾			0		THUOCL
斑尾低线鱲			0		THUOCL
斑尾刚果琴脂鲤			0		THUOCL
斑尾刺鰕虎			0		THUOCL
斑尾咬鹃			0		THUOCL
斑尾复鰕虎鱼			0		THUOCL
斑尾小鰕虎鱼			0		THUOCL
斑尾岭雀鹀			0		THUOCL
斑尾弯嘴犀鸟			0		THUOCL
斑尾漠百灵			0		THUOCL
斑尾狗母鱼			0		THUOCL
斑尾维住丽鱼			0		THUOCL
斑尾羊鯻			0		THUOCL
斑尾美洲鱥			0		THUOCL
斑尾蚁鵙			0		THUOCL
斑尾髭喉蜂鸟			0		THUOCL
斑尾鳞鳍梅鲷			0		THUOCL
斑尾鸥			0		THUOCL
斑弓莹尺蛾			0		THUOCL
斑拟单角鲀			0		THUOCL
斑栉角叩头虫			0		THUOCL
斑楔透翅盲蝽			0		THUOCL
斑楔齿爪盲蝽			0		THUOCL
斑毛腿夜鹰			0		THUOCL
斑点北鳚			0		THUOCL
斑点单棘躄鱼			0		THUOCL
斑点卷叶野螟			0		THUOCL
斑点吉氏胎鳚			0		THUOCL
斑点圆吻猫鲨			0		THUOCL
斑点小鬘螺			0		THUOCL
斑点尾鹰			0		THUOCL
斑点暗澳鮨			0		THUOCL
斑点木叶鲽			0		THUOCL
斑点皱唇鲨			0		THUOCL
斑点真海精戎			0		THUOCL
斑点红鮋			0		THUOCL
斑点纽鳃樽			0		THUOCL
斑点颊棘鮋			0		THUOCL
斑点鸡笼鲳			0		THUOCL
斑甕鳐			0		THUOCL
斑目脆鳞虫			0		THUOCL
斑真鮰斑点叉尾			0		THUOCL
斑纹光躄鱼			0		THUOCL
斑纹卡纳灶鸟			0		THUOCL
斑纹唇指			0		THUOCL
斑纹囊胃鼬鳚			0		THUOCL
斑纹粗吻海龙			0		THUOCL
斑纹蜂巢鰕虎鱼			0		THUOCL
斑翅沟胫跳甲			0		THUOCL
斑翅细角花蝽			0		THUOCL
斑翅虎鮋			0		THUOCL
斑翅虎鲉			0		THUOCL
斑翅负角蝉			0		THUOCL
斑肩姬地鸠			0		THUOCL
斑背燕尾			0		THUOCL
斑胸钩嘴鹛			0		THUOCL
斑脉缘花蝇			0		THUOCL
斑腔海膽			0		THUOCL
斑腹隆片叶蜂			0		THUOCL
斑腿墨天牛			0		THUOCL
斑莽蝽			0		THUOCL
斑蝶敌娥			0		THUOCL
斑角吊			0		THUOCL
斑角隆胸长蝽			0		THUOCL
斑跖黑蝇			0		THUOCL
斑重尾夜蛾			0		THUOCL
斑青步甲			0		THUOCL
斑面倒吊			0		THUOCL
斑面倒吊鱼			0		THUOCL
斑颊哀鸽			0		THUOCL
斑颊泞鰕虎鱼			0		THUOCL
斑馬榧螺			0		THUOCL
斑馬翼法螺			0		THUOCL
斑马壳菜蛤			0		THUOCL
斑马总动员			0		THUOCL
斑马扁石蝎			0		THUOCL
斑马纹多臂簑鮋			0		THUOCL
斑马纹蝶			0		THUOCL
斑鳍圆鳞鲉			0		THUOCL
斑鳍小鰕虎鱼			0		THUOCL
斑鸻刺缘吸虫			0		THUOCL
斑鹰鸮			0		THUOCL
斗毛眼蝶			0		THUOCL
斗牛犬蚁			0		THUOCL
斗牛马士刺犬			0		THUOCL
斗鸡眼负鼠			0		THUOCL
斜丝梦角鮟鱇			0		THUOCL
斜卧青霉			0		THUOCL
斜口叫姑鱼			0		THUOCL
斜口圆鰕虎鱼			0		THUOCL
斜口鱥鱼			0		THUOCL
斜吻溪脂鲤			0		THUOCL
斜囊碘泡虫			0		THUOCL
斜囊粘体虫			0		THUOCL
斜大浮萤			0		THUOCL
斜宝扭球虫			0		THUOCL
斜尺夜蛾			0		THUOCL
斜展假毛蕨			0		THUOCL
斜带吻棘鲀			0		THUOCL
斜带星弄蝶			0		THUOCL
斜带枯叶蛾			0		THUOCL
斜带栉眼鰕虎鱼			0		THUOCL
斜带突角天蛾			0		THUOCL
斜带缺尾蚬蝶			0		THUOCL
斜带钝塘鱧			0		THUOCL
斜带马拉维丽鱼			0		THUOCL
斜斑彩灰蝶			0		THUOCL
斜斑普提鱼			0		THUOCL
斜斑纹胸鮡			0		THUOCL
斜斑苜蓿盲蝽			0		THUOCL
斜斑鼓额食蚜蝇			0		THUOCL
斜方五角蟹			0		THUOCL
斜方湖角猛水蚤			0		THUOCL
斜方玉蟹			0		THUOCL
斜方砂轮虫			0		THUOCL
斜方鱊			0		THUOCL
斜条大象鼻虫			0		THUOCL
斜眼副渊鼬鳚			0		THUOCL
斜眼粼眼蝶			0		THUOCL
斜睾科			0		THUOCL
斜突拟浮萤			0		THUOCL
斜纹前颔蝴蝶鱼			0		THUOCL
斜纹半鰕虎鱼			0		THUOCL
斜纹夜蛾剌姬蜂			0		THUOCL
斜纹夜蛾盾脸姬蜂			0		THUOCL
斜纹大棘鱼			0		THUOCL
斜纹宽盾蝽			0		THUOCL
斜纹植盲蝽			0		THUOCL
斜纹泊来樱蛤			0		THUOCL
斜纹犬牙石首鱼			0		THUOCL
斜纹白毒蛾			0		THUOCL
斜纹短须石首鱼			0		THUOCL
斜纹花蟹蛛			0		THUOCL
斜纹鱚			0		THUOCL
斜纹鲻鰕虎鱼			0		THUOCL
斜线关夜蛾			0		THUOCL
斜线望灯蛾			0		THUOCL
斜线髯须夜蛾			0		THUOCL
斜缘华溪蟹			0		THUOCL
斜缝凹缘金小蜂			0		THUOCL
斜肩笔螺			0		THUOCL
斜节帽虫			0		THUOCL
斜芝麻蜗牛			0		THUOCL
斜虎纹蝶			0		THUOCL
斜视虫亚目			0		THUOCL
斜视虫属			0		THUOCL
斜邻皮舟蛾			0		THUOCL
斜颌鲴指环虫			0		THUOCL
斜鳞笛鲷			0		THUOCL
斜齿圆帆鱼			0		THUOCL
斧形虫科			0		THUOCL
斧木纹尺蛾			0		THUOCL
斧茎伪似盘钩虫			0		THUOCL
断斑眼指胎鳚			0		THUOCL
断沟短肛螩			0		THUOCL
断笔石			0		THUOCL
斯坦菲尔德芋螺			0		THUOCL
斯塔利亚粗毛山地猎犬			0		THUOCL
斯奈德小鲃			0		THUOCL
斯宾娜娃四极虫			0		THUOCL
斯干德隆鸽			0		THUOCL
斯恰潘道斯犬			0		THUOCL
斯托克氏矛丽鱼			0		THUOCL
斯托大鮈鱥			0		THUOCL
斯托根管藻			0		THUOCL
斯文豪天牛			0		THUOCL
斯文豪小山蜗牛			0		THUOCL
斯文豪带管蜗牛			0		THUOCL
斯文豪氏树蜥			0		THUOCL
斯旺斯柯姆人			0		THUOCL
斯氏奥斯特线虫			0		THUOCL
斯氏杯殖吸虫			0		THUOCL
斯氏长尾须鲨			0		THUOCL
斯氏鮨兴甲鲶			0		THUOCL
斯泰德滨珊瑚			0		THUOCL
斯洛伐克猎犬			0		THUOCL
斯洛伐克硬毛指示猎犬			0		THUOCL
斯特丙小			0		THUOCL
斯特巴氏兵鲶			0		THUOCL
斯玛特宠物猫爬架			0		THUOCL
斯瓦尔巴德群岛驯鹿			0		THUOCL
斯科特短吻狮子鱼			0		THUOCL
斯科舍仿砂轮虫			0		THUOCL
斯维则劳佛犬			0		THUOCL
斯维尔德鲁普滨珊瑚			0		THUOCL
斯芬克斯毛毛虫			0		THUOCL
斯蒂芬岛异鹩			0		THUOCL
斯诺氏棒鳚			0		THUOCL
斯赞蜜蜂茧蜂			0		THUOCL
斯达夫洛波羊			0		THUOCL
斯里兰卡啸鸫			0		THUOCL
斯里兰卡墨头鱼			0		THUOCL
斯里兰卡大盘尾			0		THUOCL
斯里兰卡新光唇鱼			0		THUOCL
斯里兰卡灰犀鸟			0		THUOCL
斯里兰卡肖蛸			0		THUOCL
斯里兰卡鹩哥			0		THUOCL
斯韦花蜜鸟			0		THUOCL
新不列颠地鸫			0		THUOCL
新不列颠紫水鸡			0		THUOCL
新不列颠鹰			0		THUOCL
新不列颠鹰鸮			0		THUOCL
新中杯铗虫科			0		THUOCL
新乔治才女虫			0		THUOCL
新井白蛾			0		THUOCL
新几内亚下鱵鱼			0		THUOCL
新几内亚副嗜肉鳚			0		THUOCL
新几内亚叫姑鱼			0		THUOCL
新几内亚头盔颈龟			0		THUOCL
新几内亚弹涂鱼			0		THUOCL
新几内亚歌唱犬			0		THUOCL
新几内亚淡水螯虾			0		THUOCL
新几内亚蝎			0		THUOCL
新几内亚袋狸属			0		THUOCL
新几内亚角雕			0		THUOCL
新几内亚躄鱼			0		THUOCL
新几内亚长颈龟			0		THUOCL
新几内亚阿南鱼			0		THUOCL
新几内亚鹃鵙			0		THUOCL
新刀手招潮蟹			0		THUOCL
新加利多尼亚冠毛壁虎			0		THUOCL
新加利多尼亚巨人壁虎			0		THUOCL
新加坡丝鰕虎鱼			0		THUOCL
新加坡巨牙天竺鲷			0		THUOCL
新加坡拟髯鰕虎鱼			0		THUOCL
新加坡掌扇贝			0		THUOCL
新加坡沙群海葵			0		THUOCL
新加坡红耳鹎			0		THUOCL
新华巨眼蝶			0		THUOCL
新南威尔士白喉丛猼			0		THUOCL
新卡三刺角蝉			0		THUOCL
新卡尔多尼亚宝螺			0		THUOCL
新卡真瘤水母			0		THUOCL
新喀啸鹟			0		THUOCL
新喀草莺			0		THUOCL
新喀裸鼻鸱			0		THUOCL
新喀里吸蜜鹦鹉			0		THUOCL
新喀里多尼亚短稚			0		THUOCL
新喀里多尼亚红娘			0		THUOCL
新地岛驯鹿			0		THUOCL
新墨西哥州黑熊			0		THUOCL
新大陆秃鹫			0		THUOCL
新小羚亚科			0		THUOCL
新岛吸蜜鹦鹉			0		THUOCL
新巨刺角蝉			0		THUOCL
新布氏拟单栏虫			0		THUOCL
新底潜鱼			0		THUOCL
新开扭索螺			0		THUOCL
新强重唇鱼			0		THUOCL
新斑蝶			0		THUOCL
新斧形虫属			0		THUOCL
新斯路猎鸭犬			0		THUOCL
新月带蛱蝶			0		THUOCL
新月甲尾袋鼠			0		THUOCL
新本尼登虫属			0		THUOCL
新棘吻科			0		THUOCL
新棘吻虫属			0		THUOCL
新棘头虫目			0		THUOCL
新汉诺威文鸟			0		THUOCL
新河美洲鱥			0		THUOCL
新波帷尺蛾			0		THUOCL
新海拉无须魮			0		THUOCL
新海盘虫属			0		THUOCL
新源直背蝗			0		THUOCL
新澳毛皮海狮			0		THUOCL
新澳海狗			0		THUOCL
新点波纹蛾			0		THUOCL
新玫芋螺			0		THUOCL
新畿内亚孔唇鳗鲶			0		THUOCL
新畿内亚阿胡鰕虎			0		THUOCL
新疆卷叶蛛			0		THUOCL
新疆原木蜂			0		THUOCL
新疆寂蝗			0		THUOCL
新疆小黄斑蜂			0		THUOCL
新疆巴州牦牛			0		THUOCL
新疆平直蚤			0		THUOCL
新疆扁吻鱼新强			0		THUOCL
新疆拟槌角蝗			0		THUOCL
新疆拟皱腹蝗			0		THUOCL
新疆指环虫			0		THUOCL
新疆栉壁蜂			0		THUOCL
新疆狼逍遥蛛			0		THUOCL
新疆猫蛛			0		THUOCL
新疆球蛛			0		THUOCL
新疆粘体虫			0		THUOCL
新疆逍遥蛛			0		THUOCL
新疆马歇尔线虫			0		THUOCL
新白卡奴			0		THUOCL
新碟贝			0		THUOCL
新种厚壁丝囊霉			0		THUOCL
新红圆尾鳉			0		THUOCL
新纲纹螺			0		THUOCL
新耙波拉鱼			0		THUOCL
新肠突线虫属			0		THUOCL
新英格兰峨螺			0		THUOCL
新英格兰棉尾兔			0		THUOCL
新英格兰黑琴鸡			0		THUOCL
新荷兰奥氏拟雀鲷			0		THUOCL
新菠萝灰粉蚧			0		THUOCL
新袋鼠亚目			0		THUOCL
新西兰圆尾鸌			0		THUOCL
新西兰潜鸭			0		THUOCL
新西兰科普喉盘鱼			0		THUOCL
新西兰隆背海龙			0		THUOCL
新角鮟鱇			0		THUOCL
新角鮟鱇科			0		THUOCL
新赫布里底雷鰕虎			0		THUOCL
新金猪宁安系			0		THUOCL
新金猪新金系			0		THUOCL
新钖伯鲶			0		THUOCL
新锯齿牙形石型			0		THUOCL
新长棘吻虫属			0		THUOCL
新长沫蝉			0		THUOCL
新靛夜蛾			0		THUOCL
新鞋口虫属			0		THUOCL
新额超目			0		THUOCL
新高花天牛			0		THUOCL
新鹿角蝉			0		THUOCL
新齿施韦茨丽鱼			0		THUOCL
方吻红鲂鮄			0		THUOCL
方尾鹟			0		THUOCL
方带暗溪蟌			0		THUOCL
方斑墨蚜蝇			0		THUOCL
方斑狗母鱼			0		THUOCL
方深杯水母			0		THUOCL
施密特副霍氏拟三			0		THUOCL
施氏犀孔鰕虎鱼			0		THUOCL
施蒂歇尔杯形珊瑚			0		THUOCL
施蒂里亚粗毛猎犬			0		THUOCL
旋刺马陆			0		THUOCL
旋尾亚目			0		THUOCL
旋毛纤毛虫			0		THUOCL
旋毛草履虫			0		THUOCL
旋毛虫雌虫			0		THUOCL
旋纹奥马尔芋螺			0		THUOCL
旋缘目			0		THUOCL
旋缘绦虫			0		THUOCL
旋转反弯虫			0		THUOCL
旋转囊状眼虫			0		THUOCL
旋转芋螺			0		THUOCL
无值大锥蚤			0		THUOCL
无刺神农露螽			0		THUOCL
无壳侧鳃属			0		THUOCL
无尾无柄轮虫			0		THUOCL
无尾瓢鸡			0		THUOCL
无尾白纹凤蝶			0		THUOCL
无忧灰蝶			0		THUOCL
无性孢子繁殖			0		THUOCL
无斑棕榈鬼鸮			0		THUOCL
无棘腔鳄			0		THUOCL
无棘腹囊海龙			0		THUOCL
无眼甲壳纲动物			0		THUOCL
无耙仿鲸鱼			0		THUOCL
无背毛蛇潜虫			0		THUOCL
无茸大黄蜂			0		THUOCL
无角栉距蜂			0		THUOCL
无鞭蝎目			0		THUOCL
无颊齿脂鲤			0		THUOCL
无饰燕尾海牛			0		THUOCL
无齿满月蛤			0		THUOCL
无齿螳臂相手蟹			0		THUOCL
日光樱蛤			0		THUOCL
日出龙鱼			0		THUOCL
日射脊板珊瑚			0		THUOCL
日岛血蜱			0		THUOCL
日带目			0		THUOCL
日康吉鳗			0		THUOCL
日本三角涡虫			0		THUOCL
日本丝蟌			0		THUOCL
日本丽瓢虫			0		THUOCL
日本五棘鲷			0		THUOCL
日本五角瓜参			0		THUOCL
日本仙女鱼			0		THUOCL
日本伪才女虫			0		THUOCL
日本似织螽			0		THUOCL
日本侧齿叶蜂			0		THUOCL
日本刺尾鱼			0		THUOCL
日本副盲鳗			0		THUOCL
日本半皱唇鲨			0		THUOCL
日本单鳍电鱝			0		THUOCL
日本南角甲螨			0		THUOCL
日本叉尾海燕			0		THUOCL
日本叶灯鱼			0		THUOCL
日本叶蜂			0		THUOCL
日本四星步行虫			0		THUOCL
日本圆柱水虱			0		THUOCL
日本地龟			0		THUOCL
日本大毛蚶			0		THUOCL
日本大鳞大眼鲷			0		THUOCL
日本小瓢虫			0		THUOCL
日本小眼宝螺			0		THUOCL
日本小蠹			0		THUOCL
日本尖牙鲈光棘			0		THUOCL
日本岩瓷蟹			0		THUOCL
日本崖地蛛			0		THUOCL
日本左鮃			0		THUOCL
日本希蛛			0		THUOCL
日本彈頭螺			0		THUOCL
日本拟人面蟹			0		THUOCL
日本拟冰杜父鱼			0		THUOCL
日本拟绵蟹			0		THUOCL
日本拟背尾水虱			0		THUOCL
日本拟隆头鱼			0		THUOCL
日本文昌鱼			0		THUOCL
日本斜纹蛤			0		THUOCL
日本无尾猫			0		THUOCL
日本月华螺			0		THUOCL
日本杜父鱼			0		THUOCL
日本条露螽			0		THUOCL
日本格特蛤			0		THUOCL
日本桥棘鲷			0		THUOCL
日本棘杜父鱼			0		THUOCL
日本棘花鮨			0		THUOCL
日本植绥螨			0		THUOCL
日本榕萤叶甲			0		THUOCL
日本模裂虫			0		THUOCL
日本毛唇花蝽			0		THUOCL
日本毛翼虫			0		THUOCL
日本毛蚶			0		THUOCL
日本海萤			0		THUOCL
日本溪树蛙			0		THUOCL
日本牛目鲷			0		THUOCL
日本犀鳕			0		THUOCL
日本狼逍遥蛛			0		THUOCL
日本猫咪坐姿大赛			0		THUOCL
日本瓢鳍鰕虎鱼			0		THUOCL
日本田园猫			0		THUOCL
日本真喜萤			0		THUOCL
日本眼眶牛尾鱼			0		THUOCL
日本瞻星鱼			0		THUOCL
日本矛吻海龙			0		THUOCL
日本短尾康吉鳗			0		THUOCL
日本短糯鳗			0		THUOCL
日本矶蟹			0		THUOCL
日本穆氏暗光鱼			0		THUOCL
日本端毛龙虱			0		THUOCL
日本竹筴鱼			0		THUOCL
日本筒天牛			0		THUOCL
日本糯鳗			0		THUOCL
日本紫云尺蛾			0		THUOCL
日本紫瓣鱼			0		THUOCL
日本红娘华			0		THUOCL
日本红目大眼鲷			0		THUOCL
日本红胫步甲			0		THUOCL
日本纹白蝶			0		THUOCL
日本绿啄木鸟			0		THUOCL
日本绿鹦哥鱼			0		THUOCL
日本缺齿鼹			0		THUOCL
日本羊舌鮃			0		THUOCL
日本美四吻绦虫			0		THUOCL
日本美尾			0		THUOCL
日本肖蛸			0		THUOCL
日本肯蚖			0		THUOCL
日本腔吻鳕			0		THUOCL
日本膨胸步甲			0		THUOCL
日本臀纹粉蚧			0		THUOCL
日本舟尾鱈			0		THUOCL
日本英雄蟹			0		THUOCL
日本菜叶蜂			0		THUOCL
日本蝠鱝			0		THUOCL
日本蝠鲼鱼鳃			0		THUOCL
日本蟹鳃虱			0		THUOCL
日本角吻虫			0		THUOCL
日本软蚧蚜小蜂			0		THUOCL
日本追寄蝇			0		THUOCL
日本金缕梅			0		THUOCL
日本钝塘鱧			0		THUOCL
日本钝突花天牛			0		THUOCL
日本银炉			0		THUOCL
日本银鮈			0		THUOCL
日本镜文蛤			0		THUOCL
日本長旋螺			0		THUOCL
日本长管水母			0		THUOCL
日本长脚蜂			0		THUOCL
日本隆背八角鱼			0		THUOCL
日本隆背鳐			0		THUOCL
日本革囊星虫			0		THUOCL
日本须鰃			0		THUOCL
日本须鲂鮄			0		THUOCL
日本领角鸮			0		THUOCL
日本颌须鮈			0		THUOCL
日本风头鹮			0		THUOCL
日本马加鰆			0		THUOCL
日本鬘螺			0		THUOCL
日本鬼鮋			0		THUOCL
日本鯷			0		THUOCL
日本鹡鸰			0		THUOCL
日本鹦哥鱼			0		THUOCL
日本鹰翅天蛾			0		THUOCL
日本黄条色蟌			0		THUOCL
日本黄桃脸牡丹鹦鹉			0		THUOCL
日本黑变喉萤			0		THUOCL
日本黑褐蚁			0		THUOCL
日本齐胫小蜂			0		THUOCL
日狩猎巨蟹蛛			0		THUOCL
日皇海兔螺			0		THUOCL
日蛾科			0		THUOCL
日规蜗牛			0		THUOCL
日角小肢猛水蚤			0		THUOCL
日鷉科			0		THUOCL
日龟虎蛾			0		THUOCL
旧大陆豪猪			0		THUOCL
时珍粘体虫			0		THUOCL
昂培立莫瑞蟒			0		THUOCL
昂头青梢达氏鲌			0		THUOCL
昂普夸叶唇鱼			0		THUOCL
昆士兰州爱猫芋螺			0		THUOCL
昆虫记梗概			0		THUOCL
昇天凤蝶			0		THUOCL
明多粗锄蛇鳗			0		THUOCL
明尼苏达州森林臭鼬			0		THUOCL
明尼苏达雪怪			0		THUOCL
明山列盔虫			0		THUOCL
明带黛眼蝶			0		THUOCL
明网灯虫			0		THUOCL
昏倒羊			0		THUOCL
昏暗浮标宝螺			0		THUOCL
昏暗球蛛			0		THUOCL
昏暗线隙蛛			0		THUOCL
昏暗蜉寄蝇			0		THUOCL
易碎双腔龙			0		THUOCL
星丛龟属			0		THUOCL
星口水母钵			0		THUOCL
星叶木贼属			0		THUOCL
星大胸斧鱼			0		THUOCL
星巨蟹蛛			0		THUOCL
星形棘杯珊瑚			0		THUOCL
星斑圆腹蛛			0		THUOCL
星斑夜鹰			0		THUOCL
星斑柄驼舞虻			0		THUOCL
星斑毛鼻鲶			0		THUOCL
星斑银弄蝶			0		THUOCL
星火棘鮗			0		THUOCL
星点凹鳍胎鳚			0		THUOCL
星点圆鳞鳎			0		THUOCL
星点守宫			0		THUOCL
星点弄蝶			0		THUOCL
星点斜纹天蛾			0		THUOCL
星点潜鱼			0		THUOCL
星点花弄蝶			0		THUOCL
星点若鰺			0		THUOCL
星点蜥			0		THUOCL
星点褐瓢虫			0		THUOCL
星点豆娘			0		THUOCL
星点长鳍鰏鱼			0		THUOCL
星点骨舌鱼			0		THUOCL
星点鲫鱼胆			0		THUOCL
星点黄守瓜			0		THUOCL
星白灯蛾			0		THUOCL
星缘扇尺蛾			0		THUOCL
星肛海胆			0		THUOCL
星胸黑虎天牛			0		THUOCL
星芒丝囊霉			0		THUOCL
星虫爱氏海葵			0		THUOCL
星蜂鸟			0		THUOCL
星褐闪蝶			0		THUOCL
星鸡鱼			0		THUOCL
星黄毒蛾			0		THUOCL
星黄粉蝶			0		THUOCL
星黄蝶			0		THUOCL
昧影细蟌			0		THUOCL
显卜夜蛾			0		THUOCL
显昏舟蛾			0		THUOCL
显沟平背露螽			0		THUOCL
显点蓝灰蝶			0		THUOCL
显脉石韦			0		THUOCL
显角叶尺蛾			0		THUOCL
显赫副双边鱼			0		THUOCL
显赫墨头鱼			0		THUOCL
显赫拟扇蟹			0		THUOCL
显赫笛鲷			0		THUOCL
显赫臀点脂鲤			0		THUOCL
显长柄茧蜂			0		THUOCL
显长角皮瘤蛾			0		THUOCL
显顶矛角蝉			0		THUOCL
晃蜂鳃虱			0		THUOCL
晕斑丽盲蝽			0		THUOCL
晕斑圆腹蛛			0		THUOCL
晕环东方鲀			0		THUOCL
晚侏罗世合川马门溪龙			0		THUOCL
晚侏罗世和平永川龙			0		THUOCL
晚侏罗世四川巨棘龙			0		THUOCL
晚侏罗世多棘沱江龙			0		THUOCL
晚侏罗世汇东四川鳄			0		THUOCL
晚侏罗世甘氏四川龙			0		THUOCL
普京虎			0		THUOCL
普吉内卷齿蚕			0		THUOCL
普吉拉马克宝螺			0		THUOCL
普吉特海湾臭鼬			0		THUOCL
普埃布兰奶王蛇			0		THUOCL
普尔加托里猴			0		THUOCL
普尔锹甲			0		THUOCL
普岛金织雀			0		THUOCL
普度鹿			0		THUOCL
普拉斯林棘鳞鱼			0		THUOCL
普氏地中海鰕虎鱼			0		THUOCL
普洱树蛙			0		THUOCL
普湖县毛驴			0		THUOCL
普胯舟蛾			0		THUOCL
普通古蚖			0		THUOCL
普通小黄粉蝶			0		THUOCL
普通直脉叶蜂			0		THUOCL
普通角伪叶甲			0		THUOCL
普通长脚胡蜂			0		THUOCL
普通高温放线菌桔橙变种			0		THUOCL
普露马犭更犬			0		THUOCL
景洪波鱼			0		THUOCL
景风海燕			0		THUOCL
晶九角水母			0		THUOCL
晶莹仙达蚤			0		THUOCL
晶莹毛腹虫			0		THUOCL
晶莹蝤			0		THUOCL
晶莹蟳			0		THUOCL
智利埃克努狮子鱼			0		THUOCL
智利火玫瑰			0		THUOCL
智鲁负鼠目			0		THUOCL
暖暖芝麻蜗牛			0		THUOCL
暖曙凤蝶			0		THUOCL
暖气蜜蜂			0		THUOCL
暖湿内卷齿蚕			0		THUOCL
暗乌毛盲蝽			0		THUOCL
暗伪花天牛			0		THUOCL
暗体方头鲳			0		THUOCL
暗体长鳍天竺鲷			0		THUOCL
暗小异尾轮虫			0		THUOCL
暗影巨蜥			0		THUOCL
暗斑灰卷尾			0		THUOCL
暗灰金翅雀鲷			0		THUOCL
暗灰黑色猫			0		THUOCL
暗眼灯草鹀			0		THUOCL
暗纹凤鳚			0		THUOCL
暗纹纷夜蛾			0		THUOCL
暗绯洱尺蛾			0		THUOCL
暗翅华蚁茧蜂			0		THUOCL
暗翅负蝗			0		THUOCL
暗胸短嘴霸鹟			0		THUOCL
暗腹毛瘤秆蝇			0		THUOCL
暗色九棘日鲈			0		THUOCL
暗色刺参			0		THUOCL
暗褐双突游尺蛾			0		THUOCL
暗褐霸鹟			0		THUOCL
暗额星坑小蠹			0		THUOCL
暮美根寄蝇			0		THUOCL
暮鼠			0		THUOCL
曙虎天牛			0		THUOCL
曲基短角花蝇			0		THUOCL
曲玫淡脉隧蜂			0		THUOCL
曲矛角蝉			0		THUOCL
曲纹唇鱼			0		THUOCL
曲纹稻弄蝶			0		THUOCL
曲线跃度蝗			0		THUOCL
曲线透目天蚕蛾			0		THUOCL
曲缘斯夫金小蜂			0		THUOCL
曲背新棘鮋			0		THUOCL
曲腹华笛虫脩			0		THUOCL
曲茎圆斑小卷蛾			0		THUOCL
曲钩亚串房虫			0		THUOCL
曲隆异爪蝗			0		THUOCL
曳丝大眼鲷			0		THUOCL
曳丝拟美尾			0		THUOCL
曳丝美尾			0		THUOCL
曳丝马鰏			0		THUOCL
曳丝鲾			0		THUOCL
曳尾蛛			0		THUOCL
曹氏丽菊虎			0		THUOCL
曼宁战斗虾			0		THUOCL
曼尼普河墨头鱼			0		THUOCL
曼彻斯特更犬			0		THUOCL
曼普河墨头鱼			0		THUOCL
曼氏叠宫绛虫			0		THUOCL
曼氏木蜂			0		THUOCL
月亮息肉珊瑚			0		THUOCL
月光蝶鱼			0		THUOCL
月唇异丽金龟			0		THUOCL
月季切叶蜂			0		THUOCL
月季绿盲蝽			0		THUOCL
月斑斜棘			0		THUOCL
月斑鼓额食蚜蝇			0		THUOCL
月斑鼻蟌			0		THUOCL
月斧伪似盘钩虫			0		THUOCL
月斧伪锚盘虫			0		THUOCL
月殿尾夜蛾			0		THUOCL
月纹口鼻蝇			0		THUOCL
月纹毡夜蛾			0		THUOCL
月肩奇缘蝽			0		THUOCL
月角粪金龟			0		THUOCL
月间掌舟蛾			0		THUOCL
有刺才女虫			0		THUOCL
有刺燧磷虾有刺樱磷虾			0		THUOCL
有壳卵			0		THUOCL
有壳目			0		THUOCL
有壳虫			0		THUOCL
有孔拂子介			0		THUOCL
有性虫			0		THUOCL
有斑肥螈			0		THUOCL
有柄带睾吸虫			0		THUOCL
有柄类			0		THUOCL
有栉管盘虫			0		THUOCL
有棘平睾吸虫			0		THUOCL
有棘鳞壳虫			0		THUOCL
有毒兔头鲀			0		THUOCL
有疣英雄蟹			0		THUOCL
有耙鲸口鱼			0		THUOCL
有膜虾			0		THUOCL
有角下目			0		THUOCL
有角囊地鼠			0		THUOCL
有角龙纹蝰			0		THUOCL
有触手动物			0		THUOCL
有额盔头猛水蚤			0		THUOCL
有齒鳳螺			0		THUOCL
有齿凤螺			0		THUOCL
有齿居虫			0		THUOCL
有齿皮氏虫			0		THUOCL
有齿背鳞虫			0		THUOCL
朗布耶羊			0		THUOCL
朗登氏宝丽鱼			0		THUOCL
望远镜笔螺			0		THUOCL
朝氏圆颈天牛			0		THUOCL
朝鲜小鳔鮈			0		THUOCL
朝鲜异漏斗蛛			0		THUOCL
朝鲜鳞带石鳖			0		THUOCL
朦朧芋螺			0		THUOCL
木兰巨小卷蛾			0		THUOCL
木匠钟螺			0		THUOCL
木叶夜蛾			0		THUOCL
木垒长眉驼			0		THUOCL
木尼河彩短鲷			0		THUOCL
木巢切叶蜂			0		THUOCL
木松眼虫			0		THUOCL
木棉丛角天牛			0		THUOCL
木棉天牛			0		THUOCL
木棉小绿叶蝉			0		THUOCL
木榛尺蠖			0		THUOCL
木炭色短毛猫			0		THUOCL
木燎尺蠖			0		THUOCL
木球马陆			0		THUOCL
木瓜鹰			0		THUOCL
木瓜鹰鱼			0		THUOCL
木生台湾绒毛金龟			0		THUOCL
木盲切叶蚁			0		THUOCL
木纹响尾蛇			0		THUOCL
木纹平尾壁虎			0		THUOCL
木舟蛾			0		THUOCL
木芙蓉小绿叶蝉			0		THUOCL
木荷空舟蛾			0		THUOCL
木莲鹿角珊瑚			0		THUOCL
木蓝灰蝶			0		THUOCL
木薯单爪螨			0		THUOCL
木虱亚目			0		THUOCL
木蛾科			0		THUOCL
木賊峨螺			0		THUOCL
木质脓海鞘			0		THUOCL
木里猫眼蟾			0		THUOCL
木里非拟溪蟹			0		THUOCL
未确定鹦鹉螺			0		THUOCL
未饰桨鳍丽鱼			0		THUOCL
末梢性抑制			0		THUOCL
本伽仑巨蜥			0		THUOCL
本格拉模裂虫			0		THUOCL
本氏肖孔海龙鱼			0		THUOCL
本溪陪丽蝇			0		THUOCL
本登虫病			0		THUOCL
朱氏长逍遥蛛			0		THUOCL
朴变色夜蛾			0		THUOCL
朴树朴盾木虱			0		THUOCL
朴长体茧蜂			0		THUOCL
朽木夜蛾			0		THUOCL
杂刺镖剑水蚤			0		THUOCL
杂斑下口鲶			0		THUOCL
杂斑乳突天竺鲷			0		THUOCL
杂斑扁尾鲀			0		THUOCL
杂斑棘花鮨			0		THUOCL
杂斑狗母鱼			0		THUOCL
杂斑盔鱼			0		THUOCL
杂斑花瓶凤凰螺			0		THUOCL
杂斑莲花青螺			0		THUOCL
杂毛拟仙女虫			0		THUOCL
杂点下口鲶			0		THUOCL
杂点低纹鮨			0		THUOCL
杂种长毛猫			0		THUOCL
杂粒拳蟹			0		THUOCL
杂纹半皱唇鲨			0		THUOCL
杂色鮟鱇			0		THUOCL
权蟹			0		THUOCL
杉木始叶螨			0		THUOCL
杉繁郎奴夜蛾			0		THUOCL
李姒宝螺			0		THUOCL
李氏五棘鲷			0		THUOCL
李氏斑粉蝶			0		THUOCL
李氏斜鳞笛鲷			0		THUOCL
杏白带麦蛾			0		THUOCL
杏齿龙			0		THUOCL
材棺龟			0		THUOCL
杓蛤			0		THUOCL
杜基雷氏鲶			0		THUOCL
杜寒杂交羊			0		THUOCL
杜文波迪氏吸蜜鹦鹉			0		THUOCL
杜柯波氏凤头鹦鹉			0		THUOCL
杜比亚蟑螂			0		THUOCL
杜比黑顶康吉鳗			0		THUOCL
杜氏颅盔丽鱼			0		THUOCL
杜氏食植瓢虫			0		THUOCL
杜父底尾鳕			0		THUOCL
杜父拟鮋			0		THUOCL
杜父石狗公			0		THUOCL
杜父鱼亚目			0		THUOCL
杜瑞尔獴			0		THUOCL
杜科波氏凤头鹦鹉			0		THUOCL
杜肥螋			0		THUOCL
杜虹十星瓢虫			0		THUOCL
杜鹃六点始叶螨			0		THUOCL
杜鹃樟蚌圆盾蚧			0		THUOCL
杜鹃短腺吸虫			0		THUOCL
杜鹃红带网纹蓟马			0		THUOCL
杜鹃花棘蝇			0		THUOCL
杜鹃花芋螺			0		THUOCL
杜鹃花苹毒蛾			0		THUOCL
杜鹃蓟马			0		THUOCL
束小瓢虫			0		THUOCL
束植蝇			0		THUOCL
条斑斜脊叶蝉			0		THUOCL
条状窄颅带鱼			0		THUOCL
条纹似白鮈			0		THUOCL
条纹刀锹甲			0		THUOCL
条纹动胸龟			0		THUOCL
条纹单甲南乳鱼			0		THUOCL
条纹喜祝蛾			0		THUOCL
条纹多指鲉			0		THUOCL
条纹多髭鰕虎鱼			0		THUOCL
条纹大鳞长吻鱼			0		THUOCL
条纹异型蝎舵鱼			0		THUOCL
条纹异爪蝗			0		THUOCL
条纹扁形豆龙虱			0		THUOCL
条纹玛瑙拟枣贝			0		THUOCL
条纹盾皮鮠			0		THUOCL
条纹硬象鼻虫			0		THUOCL
条纹粗尾鲈			0		THUOCL
条纹粗盔鲶			0		THUOCL
条纹粗眼鮗			0		THUOCL
条纹莫锹甲			0		THUOCL
条纹褐蝗			0		THUOCL
条纹钱蝶鱼			0		THUOCL
条纹长疣蛛			0		THUOCL
条纹非洲盲刺鳅			0		THUOCL
条纹鬘螺			0		THUOCL
条纹鱧鯙			0		THUOCL
条胸长角象鼻虫			0		THUOCL
条脚粪球金龟			0		THUOCL
条腹裸滑鰕虎鱼			0		THUOCL
条褐卷蛾			0		THUOCL
条角棒角甲			0		THUOCL
条锹额夜蛾			0		THUOCL
条马陆			0		THUOCL
杨伪卷叶绵蚜			0		THUOCL
杨叶小卷蛾			0		THUOCL
杨树蝲			0		THUOCL
杨梅圆点小卷蛾			0		THUOCL
杨梅小细潜蛾			0		THUOCL
杨氏中华似鸟龙			0		THUOCL
杨氏赤须盲蝽			0		THUOCL
杨氏齿臀竹节虫			0		THUOCL
杨银叶潜蛾			0		THUOCL
杭州双睾虫			0		THUOCL
杭州肖个木虱			0		THUOCL
杯体虫病			0		THUOCL
杯四瓣虫			0		THUOCL
杯殖杯殖吸虫			0		THUOCL
杰氏拟日月贝			0		THUOCL
杰氏粗壮鮨丽鱼			0		THUOCL
杰氏背鳞虫			0		THUOCL
松全蝽			0		THUOCL
松原隆背八角鱼			0		THUOCL
松叶倒棘牛尾鱼			0		THUOCL
松叶兰型拟金粉蕨			0		THUOCL
松叶牛尾鱼			0		THUOCL
松尾守宫			0		THUOCL
松岛花蜜鸟			0		THUOCL
松岛透明狮子鱼			0		THUOCL
松巴鹰鸮			0		THUOCL
松木底杜父鱼			0		THUOCL
松村娜草蛉			0		THUOCL
松毛虫华丽寄蝇			0		THUOCL
松毛虫小盾寄蝇			0		THUOCL
松毛虫异足姬蜂			0		THUOCL
松毛虫狭颊寄蝇			0		THUOCL
松毛虫白角金小蜂			0		THUOCL
松毛虫脊茧蜂			0		THUOCL
松毛虫黑点瘤姬蜂			0		THUOCL
松河低线鱲			0		THUOCL
松阳芒果蛛			0		THUOCL
板叶鹿角珊瑚			0		THUOCL
极双喜萤			0		THUOCL
极囊核			0		THUOCL
极地蚤钩虾			0		THUOCL
枇杷舟毛形虫			0		THUOCL
枕頭鳳凰螺			0		THUOCL
林克钝鰕虎鱼			0		THUOCL
林刺蝇			0		THUOCL
林加尼山角鸮			0		THUOCL
林叫鸮			0		THUOCL
林地驯鹿			0		THUOCL
林地麝牛			0		THUOCL
林孔龙			0		THUOCL
林德伯格南鳅			0		THUOCL
林斑小鸮			0		THUOCL
林氏单爪螯蜂			0		THUOCL
林氏怒茧蜂			0		THUOCL
林波缺鳍鲶			0		THUOCL
林肯海蛳螺			0		THUOCL
林肯蝉汉鱼			0		THUOCL
林迪护尾鮠			0		THUOCL
林鵙鶲属			0		THUOCL
林鵰鸮			0		THUOCL
林黑文厚牡蛎			0		THUOCL
果台螨			0		THUOCL
果梢斑螟			0		THUOCL
枝叶海牛			0		THUOCL
枣北牛			0		THUOCL
枣豹纹蠹蛾			0		THUOCL
枪吻海龙			0		THUOCL
枪吻腔吻鳕			0		THUOCL
枪头棘隙吸虫			0		THUOCL
枪头真鲨			0		THUOCL
枪形毛圆线虫			0		THUOCL
枪炮龙			0		THUOCL
枫香凹翅萤叶甲			0		THUOCL
枭面长尾猴			0		THUOCL
枯叶侏儒变色龙			0		THUOCL
枯叶守宫			0		THUOCL
枯叶平尾壁虎			0		THUOCL
枯叶樱蛤			0		THUOCL
枯叶蛾绒茧蜂			0		THUOCL
枯安纽夜蛾			0		THUOCL
枯安钮夜蛾			0		THUOCL
枯木猫			0		THUOCL
枸杞红缨蚊			0		THUOCL
枸杞黑盲蝽			0		THUOCL
枸椽蟹守螺			0		THUOCL
柏普鲸			0		THUOCL
柏柏尔龙			0		THUOCL
柏柏尔龙属			0		THUOCL
柏柏里羊			0		THUOCL
柏臣变色龙			0		THUOCL
柏鲁美路兔			0		THUOCL
柑桔光盾绿天牛			0		THUOCL
柑桔格蝽			0		THUOCL
柑桔爆皮虫			0		THUOCL
柑橘光盾绿天牛			0		THUOCL
柑橘刺粉蝨			0		THUOCL
柑橘卷叶蛾			0		THUOCL
柑橘窄吉丁			0		THUOCL
柑橘锯天牛			0		THUOCL
柔副鳅			0		THUOCL
柔平变形虫			0		THUOCL
柔毛新花瓣蟹			0		THUOCL
柔毛毛壳蟹			0		THUOCL
柔毛突尾水虱			0		THUOCL
柔毛颜寄蝇			0		THUOCL
查塔姆吸蜜鸟			0		THUOCL
查塔姆岛信天翁			0		THUOCL
查塔姆岛灰扇尾鹟			0		THUOCL
查尔斯王子溪树蛙			0		THUOCL
查岛噪刺莺			0		THUOCL
查岛圆尾鹱			0		THUOCL
查岛夜鹰			0		THUOCL
查岛蛎鹬			0		THUOCL
查岛鸲鹟			0		THUOCL
查戈斯群岛磨塘鳢			0		THUOCL
查普林豹蛛			0		THUOCL
查氏细小银汉鱼			0		THUOCL
查默斯王犬			0		THUOCL
查默斯王猎犬			0		THUOCL
柬埔寨棕背捕鸟蛛			0		THUOCL
柬埔寨缝叶莺			0		THUOCL
柬埔寨舒鮨			0		THUOCL
柬埔寨银胸丝冠鸟			0		THUOCL
柬埔寨食人水蛭			0		THUOCL
柬埔寨鲶			0		THUOCL
柯凡路易			0		THUOCL
柯恩凡路易			0		THUOCL
柯氏侧丝水母			0		THUOCL
柯氏柄杯鹿			0		THUOCL
柯氏犬羚			0		THUOCL
柯莫德熊			0		THUOCL
柯露骨千手螺			0		THUOCL
柱状四胞藻			0		THUOCL
柳尖胸沫蝉			0		THUOCL
柳树云斑鳃金龟			0		THUOCL
柳树蓝目天蛾			0		THUOCL
柳瓢金花虫			0		THUOCL
柳絲渦螺			0		THUOCL
柳颊滑岩鱚			0		THUOCL
柴拟菊海鞘			0		THUOCL
柴达木裸裂尻鱼			0		THUOCL
柿小叶蝉			0		THUOCL
柿树白毡蚧			0		THUOCL
柿血斑小叶蝉			0		THUOCL
栅列鹿角珊瑚			0		THUOCL
栅床杜父鱼			0		THUOCL
栅棘鱼目			0		THUOCL
栅棘鱼类			0		THUOCL
栅纹叉牙鯻			0		THUOCL
栅纹眶棘鲈			0		THUOCL
栅鱼属			0		THUOCL
栅黄灰蝶			0		THUOCL
标准墨西哥无毛犬			0		THUOCL
栉兜甲萤			0		THUOCL
栉刺单萤			0		THUOCL
栉刺灯笼鱼			0		THUOCL
栉口目			0		THUOCL
栉壳虫属			0		THUOCL
栉孔白睛鰕虎鱼			0		THUOCL
栉棘灯笼鱼			0		THUOCL
栉棘龙			0		THUOCL
栉虫亚目			0		THUOCL
栉虫目			0		THUOCL
栉角滑大蚊			0		THUOCL
栉角蛉科			0		THUOCL
栉贝			0		THUOCL
栉足华种蝇			0		THUOCL
栉锯盖鱼			0		THUOCL
栉非洲攀鲈			0		THUOCL
栉齿细莴苣			0		THUOCL
栉齿锯鳐			0		THUOCL
栉齿鲸			0		THUOCL
栎列队蛾			0		THUOCL
栎圆点小卷蛾			0		THUOCL
树丛小犬			0		THUOCL
树形拱肩网蛾			0		THUOCL
树形笔石目			0		THUOCL
树猿类			0		THUOCL
栗厚缘叶甲			0		THUOCL
栗头侏秧鸡			0		THUOCL
栗子宝螺			0		THUOCL
栗尾地刺莺			0		THUOCL
栗翅钩嘴雀			0		THUOCL
栗肩雀鹀属			0		THUOCL
栗胁林莺			0		THUOCL
栗胁雀鹰			0		THUOCL
栗胁鹰			0		THUOCL
栗胸杜鹃			0		THUOCL
栗胸歌鹀			0		THUOCL
栗色圆大海萤			0		THUOCL
栗色头蜂虎			0		THUOCL
栗色深山锹形虫			0		THUOCL
栗色背角花金龟			0		THUOCL
栗色褐背蚁鸫			0		THUOCL
栗领铁爪鹀			0		THUOCL
栗鴞			0		THUOCL
栗鵐			0		THUOCL
核桃卷叶象			0		THUOCL
核桃展足蛾			0		THUOCL
核桃根象甲			0		THUOCL
根足鞭毛虫目			0		THUOCL
格兰登淡脉隧蜂			0		THUOCL
格利欧皿蛛			0		THUOCL
格咱中甸叶须鱼			0		THUOCL
格拉迪护尾鮠			0		THUOCL
格林纳达棕翅鸠			0		THUOCL
格林菲尔德礁蟾鱼			0		THUOCL
格林迪洛水怪			0		THUOCL
格林那达蝇霸鹟			0		THUOCL
格氏漠百灵			0		THUOCL
格氏盾形提灯虫			0		THUOCL
格纹中锯鯻			0		THUOCL
格纹岛鯻			0		THUOCL
格罗恩狄厄牧羊犬			0		THUOCL
格里发伊亚牡蛎			0		THUOCL
格里芬尼韦内犬			0		THUOCL
桂全德海蛳螺			0		THUOCL
桂林楼梯草			0		THUOCL
桂红尾猛雀鹀			0		THUOCL
桃一点斑叶蝉			0		THUOCL
桃冠潜蛾			0		THUOCL
桃剑纹夜蛾			0		THUOCL
桃妹长须天牛			0		THUOCL
桃果小桧叶螅			0		THUOCL
桃白小卷蛾			0		THUOCL
桃盔蚧			0		THUOCL
桃紅蛹螺			0		THUOCL
桃红侧颈龟			0		THUOCL
桃红短须红萤			0		THUOCL
桃羅螺			0		THUOCL
桃花骨螺			0		THUOCL
桃蠹四斑金小蜂			0		THUOCL
桃面爱情鹦鹉			0		THUOCL
桃额锥尾鹦鹉			0		THUOCL
桃黄颈天牛			0		THUOCL
桅子灰蝶			0		THUOCL
桐庐指蛛			0		THUOCL
桑义赫黑食鸟			0		THUOCL
桑夜蛾盾脸姬蜂			0		THUOCL
桑天牛长尾啮小蜂			0		THUOCL
桑库鲁苇蛙			0		THUOCL
桑木蝨			0		THUOCL
桑树云斑天牛			0		THUOCL
桑树人纹污灯蛾			0		THUOCL
桑树柑桔全爪螨			0		THUOCL
桑树桑伪棍蓟马			0		THUOCL
桑树桑园黄卷叶蛾			0		THUOCL
桑树蓝尾迷萤叶甲			0		THUOCL
桑植樟肖叶甲			0		THUOCL
桑植漏斗蛛			0		THUOCL
桑氏莱苏尔鰕虎鱼			0		THUOCL
桑牛牛			0		THUOCL
桑给巴尔倭丛猴			0		THUOCL
桔安纽夜蛾			0		THUOCL
桔安钮夜蛾			0		THUOCL
桔斑幅尺蛾			0		THUOCL
桔根接眼天牛			0		THUOCL
桔根锯天牛			0		THUOCL
桔梗花拟地甲			0		THUOCL
桔潜蛾姬小蜂			0		THUOCL
桔点圆鲀			0		THUOCL
桔点拟凿牙鱼			0		THUOCL
桔点磨塘鳢			0		THUOCL
桔肖毛翅麟			0		THUOCL
桔黄稻沫蝉			0		THUOCL
桤木亚马孙鹦哥			0		THUOCL
桤木纹霸鹟			0		THUOCL
桤木茶肖叶甲			0		THUOCL
桤木陶斑蚜			0		THUOCL
桤木鹦哥			0		THUOCL
桥唇亚口鱼			0		THUOCL
桥夜蛾绒茧蜂			0		THUOCL
桥街墨头鱼			0		THUOCL
桥街碘泡虫			0		THUOCL
桥街结鱼			0		THUOCL
桦树皮捞鱼篓			0		THUOCL
桨果鳞斑蟹			0		THUOCL
梅利淡脉隧蜂			0		THUOCL
梅尔望灯蛾			0		THUOCL
梅尔维尔岛狼			0		THUOCL
梅尔维尔鲸			0		THUOCL
梅尔黄叶蜂			0		THUOCL
梅尼小环藻			0		THUOCL
梅山太湖母猪			0		THUOCL
梅岭秃角蝉			0		THUOCL
梅峰怒茧蜂			0		THUOCL
梅峰长柄茧蜂			0		THUOCL
梅易宝螺			0		THUOCL
梅木蛾			0		THUOCL
梅树天牛			0		THUOCL
梅树果蝇			0		THUOCL
梅氏兵鲶			0		THUOCL
梅氏半杆脂鲤			0		THUOCL
梅氏多刺蚁			0		THUOCL
梅氏拟鱥			0		THUOCL
梅氏月花鮨			0		THUOCL
梅氏条尾魟			0		THUOCL
梅氏条尾魟鱼			0		THUOCL
梅氏毛蟹蛛			0		THUOCL
梅氏毛鲶			0		THUOCL
梅氏毛鼻鲶			0		THUOCL
梅氏深鰕虎			0		THUOCL
梅氏深鰕虎鱼			0		THUOCL
梅氏王鹟			0		THUOCL
梅氏盾皮鮠			0		THUOCL
梅氏细棘鰕虎鱼			0		THUOCL
梅氏裸滑鰕虎鱼			0		THUOCL
梅氏長海膽			0		THUOCL
梅氏马鹿			0		THUOCL
梅氏鮨丽鱼			0		THUOCL
梅津龙			0		THUOCL
梅瓣台龟甲			0		THUOCL
梅甘娜拿加喙鲸			0		THUOCL
梅花天幕毛虫			0		THUOCL
梅花翅娇鹟			0		THUOCL
梅里厄姆马鹿			0		THUOCL
梅里特草鵐			0		THUOCL
梅里特草鹀			0		THUOCL
梢迁狗			0		THUOCL
梦幻小丑灯			0		THUOCL
梦幻火口			0		THUOCL
梦幻芋螺			0		THUOCL
梦幻花仙螺			0		THUOCL
梦幻鬼鱼			0		THUOCL
梦角鮟鱇科			0		THUOCL
梦露歌星蝶			0		THUOCL
梨卷叶绵蚜			0		THUOCL
梨吉丁虫			0		THUOCL
梨复四门虫			0		THUOCL
梨山圆眼花天牛			0		THUOCL
梨形怪游虫			0		THUOCL
梨形扁眼虫			0		THUOCL
梨形环口螺			0		THUOCL
梨形环棱田螺			0		THUOCL
梨指招潮蟹			0		THUOCL
梨波豆虫			0		THUOCL
梨花粉蝶			0		THUOCL
梨花迁粉蝶			0		THUOCL
梨虎象甲			0		THUOCL
梨豹蠹蛾			0		THUOCL
梫星尺蛾			0		THUOCL
梭形凯斯特银汉鱼			0		THUOCL
梭形凹胫跳甲			0		THUOCL
梭形卡颏银汉鱼			0		THUOCL
梭形捲管螺			0		THUOCL
梭形高原鳅修长			0		THUOCL
梭德氏薄翅天牛			0		THUOCL
梯斑墨食蚜蝇			0		THUOCL
梯纹豔苔蛾			0		THUOCL
梳状疣毛轮虫			0		THUOCL
梳状革囊星虫			0		THUOCL
梳飞跃寄蝇			0		THUOCL
梵文菌瓢虫			0		THUOCL
梵氏巨棘角鮟鱇			0		THUOCL
棉兰老岛扇尾鹦哥			0		THUOCL
棉四点叶甲			0		THUOCL
棉斜纹夜蛾			0		THUOCL
棉田花蓟马			0		THUOCL
棉花大造桥虫			0		THUOCL
棉花棉田花蓟马			0		THUOCL
棉花棉茎木囊蛾			0		THUOCL
棉花顶面绢毛猴			0		THUOCL
棉褐带卷蛾窄径茧蜂			0		THUOCL
棉铃虫多胚跳小蜂			0		THUOCL
棉露尾甲			0		THUOCL
棋盤鬘螺			0		THUOCL
棒形侧底蚌			0		THUOCL
棒形孔笔石			0		THUOCL
棒毛小爪螨			0		THUOCL
棒毛拟隐鳞虫			0		THUOCL
棒纹牛蛭			0		THUOCL
棒腹小叶箭蜓			0		THUOCL
棒霉网蛾			0		THUOCL
棕冠蜂鸟			0		THUOCL
棕刺尻鱼			0		THUOCL
棕刺莺			0		THUOCL
棕刺鰕虎鱼			0		THUOCL
棕喉姬鹟			0		THUOCL
棕喉红嘴蜂鸟			0		THUOCL
棕围掌舟蛾			0		THUOCL
棕地雀鹀			0		THUOCL
棕壶水母			0		THUOCL
棕夜鹭			0		THUOCL
棕夜鹰			0		THUOCL
棕尾扁嘴霸鹟			0		THUOCL
棕尾拾叶雀			0		THUOCL
棕尾林蜂鸟			0		THUOCL
棕尾蝇霸鹟			0		THUOCL
棕尾鹟鴷			0		THUOCL
棕带仙女蛤			0		THUOCL
棕带副矛鳍石首鱼			0		THUOCL
棕带海蛳螺			0		THUOCL
棕带焦扇贝			0		THUOCL
棕带眼蝶			0		THUOCL
棕悲霸鹟			0		THUOCL
棕斑丝鰕虎			0		THUOCL
棕斑叫鸮			0		THUOCL
棕斑尾鳝			0		THUOCL
棕斑掘穴雀			0		THUOCL
棕斑棘蝇			0		THUOCL
棕斑盲鼬鳚			0		THUOCL
棕斑箩舟蛾			0		THUOCL
棕星脚			0		THUOCL
棕柄斯夫金小蜂			0		THUOCL
棕榈巴丹凤头鹦鹉			0		THUOCL
棕榈巴丹凤头鹦鹉鹉			0		THUOCL
棕榈果蝠			0		THUOCL
棕榈鬼鸮			0		THUOCL
棕榈黄蓟马			0		THUOCL
棕点盾皮鮠			0		THUOCL
棕狐蝠			0		THUOCL
棕白苇鹪鹩			0		THUOCL
棕短嘴旋木雀			0		THUOCL
棕短角鹿			0		THUOCL
棕硬尾鸭			0		THUOCL
棕簑猫			0		THUOCL
棕红厚缘肖叶甲			0		THUOCL
棕绿钮扣珊瑚			0		THUOCL
棕翅唐加拉雀			0		THUOCL
棕翅啄木鸟			0		THUOCL
棕翅姬霸鹟			0		THUOCL
棕翅珀卡雀鹀			0		THUOCL
棕翅缺角蛱蛾			0		THUOCL
棕翅蚁鵙			0		THUOCL
棕翅鵟鹰			0		THUOCL
棕翠鴗			0		THUOCL
棕肛凤鹛			0		THUOCL
棕肛窜鸟			0		THUOCL
棕胁侏霸鹟			0		THUOCL
棕胁歌鹀			0		THUOCL
棕胁秋沙鸭			0		THUOCL
棕背三趾翠鸟			0		THUOCL
棕背印加雀			0		THUOCL
棕背小嘲鸫			0		THUOCL
棕背小霸鹟			0		THUOCL
棕背川滇杜鹃			0		THUOCL
棕背蚁鵙			0		THUOCL
棕背蚁鸟			0		THUOCL
棕背蛇鳝棕背海			0		THUOCL
棕背鸫			0		THUOCL
棕胸窄嘴霸鹟			0		THUOCL
棕胸鵖霸鹟			0		THUOCL
棕脸鹟莺			0		THUOCL
棕腹仙鶲			0		THUOCL
棕腹前肛鳗			0		THUOCL
棕腹夜鹰			0		THUOCL
棕腹大仙鶲			0		THUOCL
棕腹小冠雉			0		THUOCL
棕腹平脊甲			0		THUOCL
棕腹笑翠鸟			0		THUOCL
棕腹绿鱼狗			0		THUOCL
棕腹蓝仙鹟			0		THUOCL
棕腹长尾霸鹟			0		THUOCL
棕腹鱼狗			0		THUOCL
棕腹鵙鹛			0		THUOCL
棕腹鸫			0		THUOCL
棕腹鹟			0		THUOCL
棕腹鹰鹃			0		THUOCL
棕腿齿鹰			0		THUOCL
棕臀凤鹛			0		THUOCL
棕臀白尾梢蜂鸟			0		THUOCL
棕色塔褐甲			0		THUOCL
棕色扇尾鹟			0		THUOCL
棕褐叶鰕虎鱼			0		THUOCL
棕褐孤鸫			0		THUOCL
棕褐猎椿象			0		THUOCL
棕褐盾蛭			0		THUOCL
棕褐短翅莺			0		THUOCL
棕褐黛眼蝶			0		THUOCL
棕长脚蜂			0		THUOCL
棕长颈卷叶象鼻虫			0		THUOCL
棕顶哑霸鹟			0		THUOCL
棕顶尖嘴蜂鸟			0		THUOCL
棕顶猛雀鹀			0		THUOCL
棕顶窄嘴霸鹟			0		THUOCL
棕顶翠鴗			0		THUOCL
棕顶蚁鵙			0		THUOCL
棕顶针尾雀			0		THUOCL
棕顶雀鹀			0		THUOCL
棕颈无盔犀鸟云南亚			0		THUOCL
棕额姬霸鹟			0		THUOCL
棕额扇尾鹟			0		THUOCL
棕额棘雀			0		THUOCL
棕额长尾山雀			0		THUOCL
棕额鹦哥			0		THUOCL
棕鲈变色鲈			0		THUOCL
棕黑歌鹀			0		THUOCL
棘叶绦虫属			0		THUOCL
棘头虫动物门			0		THUOCL
棘斜管虫			0		THUOCL
棘星塘鱧			0		THUOCL
棘皮粗尾鱈			0		THUOCL
棘禾草螟绒茧蜂			0		THUOCL
棘腹泉种蝇			0		THUOCL
棘茎榖木			0		THUOCL
棘裂嵴蚌			0		THUOCL
棘角蛇纹春蜓			0		THUOCL
棘鳞副鲂鮄			0		THUOCL
棱形纽鳃樽多刺亚钟			0		THUOCL
植丛管螅			0		THUOCL
植物化蜗牛			0		THUOCL
植物病原线虫摄食类群			0		THUOCL
植物附生性生物			0		THUOCL
植黑小卷蛾			0		THUOCL
植龙目			0		THUOCL
椎尾水轮虫			0		THUOCL
椭圆前鲽			0		THUOCL
椭圆厚壳蛤			0		THUOCL
椭圆四极虫			0		THUOCL
椭圆毛蟹蛛			0		THUOCL
椭圆粘体虫			0		THUOCL
椭圆腔蝠鱼			0		THUOCL
椭圆食粉螨			0		THUOCL
椰子深鰕虎			0		THUOCL
椰子深鰕虎鱼			0		THUOCL
椰子红脉穗螟			0		THUOCL
椰子鱼科			0		THUOCL
椰棕黄毒蛾			0		THUOCL
椰眼蝶			0		THUOCL
椰蛀犀金龟			0		THUOCL
椴弧翅卷蛾			0		THUOCL
椹果胶球虫			0		THUOCL
楂颈猩			0		THUOCL
楔叶地种蝇			0		THUOCL
楔嘴雀			0		THUOCL
楔尾刀翅蜂鸟			0		THUOCL
楔尾山蜂鸟			0		THUOCL
楔尾草鹀			0		THUOCL
楔尾草鹀属			0		THUOCL
楔形古虫			0		THUOCL
楔形棘赤刀鱼			0		THUOCL
楔形毛蕨			0		THUOCL
楔形翼钟水母			0		THUOCL
楔形马拉芋螺			0		THUOCL
楔斑汝尺蛾			0		THUOCL
楔条缘花天牛			0		THUOCL
楔突芒异蝽			0		THUOCL
楔突追寄蝇			0		THUOCL
楔花鮨鰧			0		THUOCL
楔角切叶蜂			0		THUOCL
楔齿蜥类			0		THUOCL
楚德白鲑			0		THUOCL
楠迪熊			0		THUOCL
楣斑线夜蛾			0		THUOCL
楬树蛙			0		THUOCL
楯月蝶鱼			0		THUOCL
楯状小鲈			0		THUOCL
楯魮			0		THUOCL
楯齿孔首丽体鱼			0		THUOCL
楯齿属			0		THUOCL
楯齿龙目			0		THUOCL
楼观雏蝗			0		THUOCL
榄核虫			0		THUOCL
榄绿草螟			0		THUOCL
榆叶梅黄褐天幕毛虫			0		THUOCL
榆树桑褐刺蛾			0		THUOCL
榆潜蛾			0		THUOCL
榆牡蛎蚧			0		THUOCL
榆钱毛根蚜			0		THUOCL
榉白背粉天牛			0		THUOCL
榕八星天牛			0		THUOCL
榕四星金花虫			0		THUOCL
榕巨刺角蝉			0		THUOCL
榕母管蓟马			0		THUOCL
榕江小香羊			0		THUOCL
榕江指环虫			0		THUOCL
榕脊胸天牛			0		THUOCL
榛鸡属			0		THUOCL
槌果藤粉蝶			0		THUOCL
槐树天杜蛾			0		THUOCL
槲果坚果象甲			0		THUOCL
槲豆螺			0		THUOCL
槽形单啮			0		THUOCL
樟叶木虱			0		THUOCL
樟木望灯蛾			0		THUOCL
模式有爪猛水蚤			0		THUOCL
模毒蛾			0		THUOCL
模糊仿隐绵蟹			0		THUOCL
模糊网纹蚤			0		THUOCL
模糊隐绵蟹			0		THUOCL
模范大吉猛水蚤			0		THUOCL
模里西斯宝螺			0		THUOCL
横带大鳞长吻鱼			0		THUOCL
横带此鮆鲷			0		THUOCL
横带窄翅野螟			0		THUOCL
横带间颈须鳚			0		THUOCL
横带驼姬蜂			0		THUOCL
横斑鱼鸮			0		THUOCL
横板珊瑚形珊瑚亚纲			0		THUOCL
横殖短腺吸虫			0		THUOCL
横沟巨齿蛛			0		THUOCL
横皱长绿天牛			0		THUOCL
横纹九刺鮨			0		THUOCL
横纹寡毛叶蚤			0		THUOCL
横纹褐步行虫			0		THUOCL
横纹长鳍天竺鲷			0		THUOCL
樱井海蛳螺			0		THUOCL
樱井草属			0		THUOCL
樱桃介壳虫			0		THUOCL
樱桃剑纹夜蛾			0		THUOCL
樱桃卷叶蛾			0		THUOCL
樱桃双斜卷蛾			0		THUOCL
樱桃大青叶蝉			0		THUOCL
樱桃天牛			0		THUOCL
樱桃朝球蜡蚧			0		THUOCL
樱桃梨花网蝽			0		THUOCL
樱桃灯鱼			0		THUOCL
樱桃红腿陆龟			0		THUOCL
樱桃红蟑螂			0		THUOCL
樱桃虎天牛			0		THUOCL
樱桃金缘吉丁虫			0		THUOCL
樱桃金龟子			0		THUOCL
樱红美洲鱥			0		THUOCL
樱红肿角天牛			0		THUOCL
樱红闪光美洲鱥			0		THUOCL
樱蕾篷锥海葵			0		THUOCL
橄榄喉鹦哥			0		THUOCL
橄榄斜灰尺蛾			0		THUOCL
橄榄核螺			0		THUOCL
橄榄笔螺			0		THUOCL
橄榄篝波纹蛾			0		THUOCL
橄榄绿纹霸鹟			0		THUOCL
橄榄背森林知更鸟			0		THUOCL
橄榄背鹑鸠			0		THUOCL
橘光绿天牛			0		THUOCL
橘盲盾异蝽			0		THUOCL
橘肖毛翅夜蛾			0		THUOCL
橘黄小盾沫蝉			0		THUOCL
橙喉长爪鹡鸰			0		THUOCL
橙斑刺尾鱼			0		THUOCL
橙斑拟步行虫			0		THUOCL
橙斑痣灰蝶			0		THUOCL
橙斑窄额鲀			0		THUOCL
橙斑翅霸鹟			0		THUOCL
橙斑蛇头鱼			0		THUOCL
橙斑革单棘鲀			0		THUOCL
橙斑鮈鰕虎鱼			0		THUOCL
橙斑鳢			0		THUOCL
橙杯珊瑚			0		THUOCL
橙澳鵖			0		THUOCL
橙点侧唇鳚			0		THUOCL
橙瓢虫			0		THUOCL
橙翅亚马逊鹦鹉			0		THUOCL
橙翅斑腹雀			0		THUOCL
橙翅方粉蝶			0		THUOCL
橙翅鼠李粉蝶			0		THUOCL
橙背啄木鸟			0		THUOCL
橙背锯节鲈			0		THUOCL
橙胸彩鹀			0		THUOCL
橙角褐钩蛾			0		THUOCL
橙黄豆粉蝶			0		THUOCL
橡胶木犀金龟			0		THUOCL
橡胶材小蠹			0		THUOCL
檞鸫			0		THUOCL
檫木颈盲蝽			0		THUOCL
次反射骗梭螺			0		THUOCL
次毛伪卷叶绵蚜			0		THUOCL
次海蛳螺			0		THUOCL
次游荡棘蝇			0		THUOCL
次粉垂耳尺蛾			0		THUOCL
次金棘蝇			0		THUOCL
次韵徐衡仲饷淮白鱼			0		THUOCL
欢乐女神闪蝶			0		THUOCL
欢喜芋螺			0		THUOCL
欧亚大陆犬			0		THUOCL
欧亚歌鸲			0		THUOCL
欧亚沙蜥			0		THUOCL
欧亚红尾鸲			0		THUOCL
欧亚红松鼠			0		THUOCL
欧亚纹唇盲蝽			0		THUOCL
欧亚苔原驯鹿			0		THUOCL
欧亚金鸻			0		THUOCL
欧亚驼鹿			0		THUOCL
欧亚鳾			0		THUOCL
欧帕毕尼亚虫			0		THUOCL
欧式俄国莱卡犬			0		THUOCL
欧彩弄蝶			0		THUOCL
欧提德姆斯鸟翼裳凤蝶			0		THUOCL
欧文宝螺			0		THUOCL
欧文虫			0		THUOCL
欧文隆头丽鱼			0		THUOCL
欧文齿龙			0		THUOCL
欧斯亚史烈斯猫			0		THUOCL
欧斯莫斯卡鳄			0		THUOCL
欧歌鸫			0		THUOCL
欧氏姬霸鹟			0		THUOCL
欧氏宝螺			0		THUOCL
欧氏苏里南宝螺			0		THUOCL
欧洲地图蛱蝶			0		THUOCL
欧洲斑带鬘螺			0		THUOCL
欧洲无足蜥蝪			0		THUOCL
欧洲杜父鱼			0		THUOCL
欧洲棘鸟尾蛤			0		THUOCL
欧洲浅泥蛤			0		THUOCL
欧洲浅茅			0		THUOCL
欧洲深山锹形虫			0		THUOCL
欧洲犎牛			0		THUOCL
欧洲蟹守螺			0		THUOCL
欧洲鮟鱇			0		THUOCL
欧洲鸟尾蛤			0		THUOCL
欧洲黄鲂鮄			0		THUOCL
欧洲鼻角蝰			0		THUOCL
欧爪牙龙			0		THUOCL
欧石鸻			0		THUOCL
欧福里翁绿鸟翼凤蝶			0		THUOCL
欧维恩鹦鹉			0		THUOCL
欧风夏威夷宝螺			0		THUOCL
歇单突丝尾螋			0		THUOCL
歇咧虎子			0		THUOCL
歇特兰小马			0		THUOCL
歇特兰矮种小马			0		THUOCL
歌带鹀属			0		THUOCL
歌鹀属			0		THUOCL
正小鮋			0		THUOCL
正直爱洁蟹			0		THUOCL
正纺锤峨螺			0		THUOCL
正虹乳宝			0		THUOCL
正鳄牛尾鱼			0		THUOCL
武夷光唇鱼			0		THUOCL
武夷山希蚱			0		THUOCL
武夷山溪蛉			0		THUOCL
武当薄叩甲			0		THUOCL
武当鬃螳舞虻			0		THUOCL
武昌霍氏虫			0		THUOCL
武汉指环虫			0		THUOCL
武装路戎			0		THUOCL
武隆园蛛			0		THUOCL
歧沟臀肖叶甲			0		THUOCL
残齿胫甲			0		THUOCL
殖盘殖盘吸虫			0		THUOCL
殖离海樽			0		THUOCL
段步甲			0		THUOCL
母婴肌肤相亲法			0		THUOCL
母岛炼螺			0		THUOCL
母生滑头木虱			0		THUOCL
毒性肥皂鱼			0		THUOCL
毒物协同作用			0		THUOCL
比亚克岛折衷鹦鹉			0		THUOCL
比亚金星尺蛾			0		THUOCL
比利时帐幕石燕			0		THUOCL
比利时料诺犬			0		THUOCL
比利时牧牛犬			0		THUOCL
比利时玛丽诺牧羊犬			0		THUOCL
比加巴莱鸟			0		THUOCL
比基尼勾吻鯙			0		THUOCL
比氏鮄杜父鱼			0		THUOCL
比熊约克犬			0		THUOCL
比阿王鹟			0		THUOCL
毕比氏招潮蟹			0		THUOCL
毕比氏毛鲶			0		THUOCL
毗邻贫田螺			0		THUOCL
毛乳汉甲螨			0		THUOCL
毛亮肖叶甲			0		THUOCL
毛原盲蝽			0		THUOCL
毛参管盘虫			0		THUOCL
毛发啄木鸟			0		THUOCL
毛叶平祝蛾			0		THUOCL
毛吻袋熊属			0		THUOCL
毛喙扁蝽			0		THUOCL
毛圆刺马陆			0		THUOCL
毛圆眼花天牛			0		THUOCL
毛圆蛛			0		THUOCL
毛壁鱼			0		THUOCL
毛头梨体星虫			0		THUOCL
毛室凹缘金小蜂			0		THUOCL
毛室腔室茧蜂			0		THUOCL
毛小颌海龙			0		THUOCL
毛尾准驼舞虻			0		THUOCL
毛尾地种蝇			0		THUOCL
毛尾足虫			0		THUOCL
毛嵌线螺			0		THUOCL
毛弄蝶			0		THUOCL
毛弓角蝉			0		THUOCL
毛手招潮蟹			0		THUOCL
毛扭法螺			0		THUOCL
毛招潮蟹			0		THUOCL
毛拟隆头鱼			0		THUOCL
毛斑裸板寄蝇			0		THUOCL
毛日藻钩虾			0		THUOCL
毛杜父鱼			0		THUOCL
毛束圆星萤			0		THUOCL
毛板壳虫			0		THUOCL
毛榛子长翅卷蛾			0		THUOCL
毛毛狗头			0		THUOCL
毛氏远环蚓			0		THUOCL
毛猬亚科			0		THUOCL
毛玫灯蛾			0		THUOCL
毛盘山梅花			0		THUOCL
毛目夜蛾			0		THUOCL
毛盲蟹			0		THUOCL
毛直卷甲螨			0		THUOCL
毛眼亮叶花蝇			0		THUOCL
毛眼毒蛾			0		THUOCL
毛眼灰蝶			0		THUOCL
毛短尾寄蝇			0		THUOCL
毛突囊胃鼬鳚			0		THUOCL
毛簇天牛			0		THUOCL
毛籽光眼虫			0		THUOCL
毛糙仿银杏蟹			0		THUOCL
毛纹尺蛾			0		THUOCL
毛缘扇虾			0		THUOCL
毛翅木盲蝽			0		THUOCL
毛股沟臀叶甲			0		THUOCL
毛肩浮蚕			0		THUOCL
毛胫地种蝇			0		THUOCL
毛胫夜蛾			0		THUOCL
毛胫小虎天牛			0		THUOCL
毛胫蝶灯蛾			0		THUOCL
毛胸直腮长蝽			0		THUOCL
毛胸短额植蝇			0		THUOCL
毛胸锯天牛			0		THUOCL
毛胸青步甲			0		THUOCL
毛脉三刺角蝉			0		THUOCL
毛脚两头乌鸽			0		THUOCL
毛腮陪丽蝇			0		THUOCL
毛腹角胸肖叶甲			0		THUOCL
毛腿小霸鹟			0		THUOCL
毛腿渔鴞			0		THUOCL
毛腿耳夜鹰			0		THUOCL
毛舟蛾			0		THUOCL
毛茎斑龙虱			0		THUOCL
毛萼肯蚖			0		THUOCL
毛薪甲科			0		THUOCL
毛角壁蜂			0		THUOCL
毛角尖梗跳小蜂			0		THUOCL
毛角沟臀肖叶甲			0		THUOCL
毛角狭盲蝽			0		THUOCL
毛角薄翅天牛			0		THUOCL
毛角豆芫菁			0		THUOCL
毛角长盲蝽			0		THUOCL
毛触尖腹金小蜂			0		THUOCL
毛足圆轴蟹			0		THUOCL
毛足拟厚盲蝽			0		THUOCL
毛足棘蝇			0		THUOCL
毛足污蝇			0		THUOCL
毛足鬼蟹			0		THUOCL
毛跗地种蝇			0		THUOCL
毛里塔尼亚短颊鳗			0		THUOCL
毛里塔里亚蟾蜍			0		THUOCL
毛里求斯丝隆头鱼			0		THUOCL
毛里求斯乐园钩虾			0		THUOCL
毛里求斯粉鸽			0		THUOCL
毛里求斯角鲂鮄			0		THUOCL
毛里求斯鹃鵙			0		THUOCL
毛里裘斯夜苍鹭			0		THUOCL
毛野古草			0		THUOCL
毛钳弓背蚁			0		THUOCL
毛锥缘蝽			0		THUOCL
毛青步甲			0		THUOCL
毛须胡麻天牛			0		THUOCL
毛颌鮟鱇			0		THUOCL
毛额尖额蟹			0		THUOCL
毛额球肖叶甲			0		THUOCL
毛颧墨粉蝇			0		THUOCL
毛食虫虻亚科			0		THUOCL
毛首圆鲀			0		THUOCL
毛鬃饰腹寄蝇			0		THUOCL
毛魔目夜蛾			0		THUOCL
毛黄斑青步甲			0		THUOCL
氓鼬鳚			0		THUOCL
氢单胞菌属			0		THUOCL
水仙千手佛珊瑚			0		THUOCL
水户野细花天牛			0		THUOCL
水杉避债蛾			0		THUOCL
水母体薮枝螅			0		THUOCL
水母近泉戎			0		THUOCL
水母钳			0		THUOCL
水涯狡蛛			0		THUOCL
水牛无引带线虫			0		THUOCL
水牛长妙吸虫			0		THUOCL
水生蔬菜田斜纹夜蛾			0		THUOCL
水磨石芋螺			0		THUOCL
水稻直纹稻弄蝶			0		THUOCL
水稻稻棘缘蝽			0		THUOCL
水稻稻潜叶蝇			0		THUOCL
水稻稻田粘虫			0		THUOCL
水稻稻直鬃蓟马			0		THUOCL
水稻稻秆潜蝇			0		THUOCL
水稻稻褐飞虱			0		THUOCL
水稻粘虫			0		THUOCL
水稻赤斑黑沫蝉			0		THUOCL
水苏黑小卷蛾			0		THUOCL
水蝇柄腹金小蜂			0		THUOCL
水麻小头木虱			0		THUOCL
永丰龙冈鹅			0		THUOCL
永强肖蛸			0		THUOCL
永登短鼻蝗			0		THUOCL
汇药石蝴蝶			0		THUOCL
汉克拟星根虫			0		THUOCL
汉氏稜鯷			0		THUOCL
汗挪威嗅猎犬			0		THUOCL
汛潮环楔形蛤			0		THUOCL
汝拉布鲁诺猎犬			0		THUOCL
江崎波纹蛇目蝶			0		THUOCL
江苏叉草蛉			0		THUOCL
江苏宽痣蜂			0		THUOCL
江西发现世界珍蝶宽尾凤蝶			0		THUOCL
江西省庐山青山垦殖场			0		THUOCL
池菊鲈环虫			0		THUOCL
污光尺蛾			0		THUOCL
污卜夜蛾			0		THUOCL
污斑小眼宝螺			0		THUOCL
污斑小花口壳			0		THUOCL
污斑盾皮鮠			0		THUOCL
污斑蚀叶野螟			0		THUOCL
污斑驼背无齿脂鲤			0		THUOCL
污翅奇露螽			0		THUOCL
污翅糙颈露螽			0		THUOCL
污苜蓿盲蝽			0		THUOCL
汤加二段海鞘			0		THUOCL
汤姆森氏毛口鲶			0		THUOCL
汤姆氏搏鱼			0		THUOCL
汤玛氏宝螺			0		THUOCL
汤玛氏虫昌螺			0		THUOCL
沁全蝎			0		THUOCL
沂蒙黑猪新品系			0		THUOCL
沃克三刺角蝉			0		THUOCL
沃卡多招潮蟹			0		THUOCL
沃基凤凰螺			0		THUOCL
沃尔夫小雷氏鲶			0		THUOCL
沃尔格伦海蛳螺			0		THUOCL
沃尔欧文钖伯鲶			0		THUOCL
沃尔特小羚羊			0		THUOCL
沃尔特波特			0		THUOCL
沃尔特羚羊			0		THUOCL
沃尔皮诺			0		THUOCL
沃尔窄尾魟			0		THUOCL
沃格特鳄龙			0		THUOCL
沃氏若梅鲷			0		THUOCL
沃氏软塘鱧			0		THUOCL
沃洛特乔治亚古鲸			0		THUOCL
沃特曼氏白鲑			0		THUOCL
沃特氏侏秧鸡			0		THUOCL
沃隆印度网目宝螺			0		THUOCL
沅江长体茧蜂			0		THUOCL
沈氏叉棘鱼			0		THUOCL
沈氏板蟹			0		THUOCL
沈氏长方蟹			0		THUOCL
沉默隐棘杜父鱼			0		THUOCL
沙七鳃鳗远东七			0		THUOCL
沙加小抹香鲸			0		THUOCL
沙劳越海豚			0		THUOCL
沙勒氏搏鱼			0		THUOCL
沙地大眼长蝽			0		THUOCL
沙坝半叶趾虎			0		THUOCL
沙弥绶尺蛾			0		THUOCL
沙林低线鱲			0		THUOCL
沙氏下鱵			0		THUOCL
沙氏小矛戎			0		THUOCL
沙氏植盲蝽			0		THUOCL
沙漏状蜘蛛			0		THUOCL
沙漏芋螺			0		THUOCL
沙漠侏儒仓鼠			0		THUOCL
沙漠动物求生记			0		THUOCL
沙漠地鼠龟斑点陆龟			0		THUOCL
沙漠棉尾兔			0		THUOCL
沙漠蓝珍珠鳉			0		THUOCL
沙漠蛛蜂			0		THUOCL
沙漠长耳蝠			0		THUOCL
沙糖桔大实蝇			0		THUOCL
沙蠋			0		THUOCL
沙蠋科			0		THUOCL
沙赑			0		THUOCL
沙里寨黑猪			0		THUOCL
沙里寨黑皮猪			0		THUOCL
沙鯭鱼			0		THUOCL
沙鳢锚首虫			0		THUOCL
沙龙蝎尾蕉			0		THUOCL
沟叶鰕虎鱼			0		THUOCL
沟尾仰露螽			0		THUOCL
沟智兔蛤			0		THUOCL
沟目斯氏潜鱼			0		THUOCL
沟纹巴非蛤			0		THUOCL
沟纹盾锹甲			0		THUOCL
沟胸凹胫跳甲			0		THUOCL
沟胸金古花天牛			0		THUOCL
沟襀毛蚊			0		THUOCL
沟轮毛虫			0		THUOCL
没脖子神兽			0		THUOCL
没药蛱蝶			0		THUOCL
沧源近溪蟹			0		THUOCL
沫状变形虫			0		THUOCL
河伯锷弄蝶			0		THUOCL
河北新丽盲蝽			0		THUOCL
河北狮子鱼			0		THUOCL
河北细犬			0		THUOCL
河南副异饰肛螽			0		THUOCL
河南棘膝大蚊			0		THUOCL
河川吻鰕虎鱼			0		THUOCL
河川矛丽鱼			0		THUOCL
河川腹囊海龙			0		THUOCL
河村芋螺			0		THUOCL
河村花仙螺			0		THUOCL
河横青脚鸡			0		THUOCL
河溪下口鲶			0		THUOCL
河溪新波鱼			0		THUOCL
河溪游鳔条鳅			0		THUOCL
河西叶尔羌高原鳅			0		THUOCL
河谷脑珊瑚			0		THUOCL
河谷藏鸡			0		THUOCL
河边杜鹃			0		THUOCL
沸林德氏拳螺			0		THUOCL
油光纸芋螺			0		THUOCL
油桐褐边绿刺蛾			0		THUOCL
油菜灰地种蝇			0		THUOCL
油鲽游臂鱼虱			0		THUOCL
治蠋姬蜂			0		THUOCL
沼地豹蛛			0		THUOCL
沼鳝螴			0		THUOCL
沾边裙弄蝶			0		THUOCL
沿岸拟仙女虫			0		THUOCL
泉字云斑蛛			0		THUOCL
泉小鱥			0		THUOCL
泉水指环虫			0		THUOCL
泉水碘泡虫			0		THUOCL
泉灰蝶属			0		THUOCL
泉膀胱螺			0		THUOCL
泉鲻鰕虎鱼			0		THUOCL
法国比利牛斯山向导猎犬			0		THUOCL
法国盖斯克格尼指示犬			0		THUOCL
法国黄白猎犬			0		THUOCL
法属新几内亚蓝牙			0		THUOCL
法氏博罗鰕虎鱼			0		THUOCL
法老鱼剑齿鱼			0		THUOCL
法英普通猎犬			0		THUOCL
泛奥盲蝽			0		THUOCL
泛毛地种蝇			0		THUOCL
泞盲鳗			0		THUOCL
泞齿鳉			0		THUOCL
泡形芝麻宝螺			0		THUOCL
泡沫内沟珊瑚属			0		THUOCL
泡沫柱珊瑚属			0		THUOCL
泡沫珊瑚属			0		THUOCL
波伦亚伴随犬			0		THUOCL
波兰鲁滨逊小狗			0		THUOCL
波列基内变形虫			0		THUOCL
波利维亚针尾雀			0		THUOCL
波塔罗河兵鲶			0		THUOCL
波士顿挭			0		THUOCL
波多毛颜寄蝇			0		THUOCL
波多黎各新棘鲉			0		THUOCL
波多黎各蝇霸鹟			0		THUOCL
波斯尼亚小鱥			0		THUOCL
波斯尼亚粗毛犬			0		THUOCL
波斯黇鹿			0		THUOCL
波旁金花鮨			0		THUOCL
波殖肥螋			0		THUOCL
波氏圆荚萤			0		THUOCL
波氏鞭须巨口鱼			0		THUOCL
波氏鮟躄鱼			0		THUOCL
波状感棒水母			0		THUOCL
波状截腹蛛			0		THUOCL
波登可葡萄牙梅迪奥犬			0		THUOCL
波纳佩岛吸蜜鹦鹉			0		THUOCL
波纹壳蛞蝓			0		THUOCL
波纹扭月贝			0		THUOCL
波纹扭月贝属			0		THUOCL
波纹月华螺			0		THUOCL
波纹肖锦天牛			0		THUOCL
波缘窄尾魟			0		THUOCL
波美莫亚犬			0		THUOCL
波芬宝螺			0		THUOCL
波芬寶螺			0		THUOCL
波芬文恩金刚鹦鹉			0		THUOCL
波萨维茨猎犬			0		THUOCL
波西米亚硬毛格里芬指示犬			0		THUOCL
波路豆齿蛇鳗			0		THUOCL
波雷丕羊			0		THUOCL
波黑小鱥			0		THUOCL
泥圆翅锹形虫			0		THUOCL
泥楼牙花鮨			0		THUOCL
泥泞拟钉螺			0		THUOCL
泥滩招潮蟹			0		THUOCL
泥滩矮丝蚓			0		THUOCL
泥脚隆背蟹			0		THUOCL
泥里狗子			0		THUOCL
泰勃圆鰺			0		THUOCL
泰勒氏短革单棘鲀			0		THUOCL
泰勒氏磨塘鳢			0		THUOCL
泰坦蛇发女妖兽属			0		THUOCL
泰夫纳德芋螺			0		THUOCL
泰氐似侧殖吸虫			0		THUOCL
泷庸蛹笔螺			0		THUOCL
泸溪直口鲮			0		THUOCL
泻湖蕈珊瑚			0		THUOCL
泽常室茧蜂			0		THUOCL
泽纳巴德古柏线虫			0		THUOCL
泽西哥海象			0		THUOCL
洁净希蛛			0		THUOCL
洁白箱樱蛤			0		THUOCL
洁雅灯蛾			0		THUOCL
洋葱木虱跳小蜂			0		THUOCL
洋葱潜叶蝇			0		THUOCL
洋蔥螺			0		THUOCL
洋麻钩蛾			0		THUOCL
洛加蜂鸟			0		THUOCL
洛弗宝螺			0		THUOCL
洛德鲸			0		THUOCL
洞鲈盲鮰			0		THUOCL
津市金山			0		THUOCL
洪都拉斯卷毛			0		THUOCL
洪都拉斯卷毛蜘蛛			0		THUOCL
洪都拉斯幽灵蝙蝠			0		THUOCL
洪都拉斯白蝙蝠			0		THUOCL
洪都拉斯郊狼			0		THUOCL
洪都拉斯黄颈亚马逊鹦鹉			0		THUOCL
活泼拟小胸虫			0		THUOCL
活泼黄水蚤			0		THUOCL
活跃小皿蛛			0		THUOCL
派氏板齿革单棘鲀			0		THUOCL
派达哥六矛虫			0		THUOCL
派达哥膜星虫			0		THUOCL
流苏副狮子鱼			0		THUOCL
浅两点斜线网蛾			0		THUOCL
浅叉端毛龙虱			0		THUOCL
浅叶贝绵蟹			0		THUOCL
浅圆盘螺			0		THUOCL
浅室水母属			0		THUOCL
浅尾纤柱鱼			0		THUOCL
浅杯排孔珊瑚			0		THUOCL
浅棕丝隆头鱼			0		THUOCL
浅棕腔吻鳕			0		THUOCL
浅海小鮋			0		THUOCL
浅海小鲉			0		THUOCL
浅海长尾鲨			0		THUOCL
浅灰巴蜗牛			0		THUOCL
浅礁梭子蟹			0		THUOCL
浅窝蔷薇珊瑚			0		THUOCL
浅红枝牙鰕虎鱼			0		THUOCL
浅绛单孔蚓			0		THUOCL
浅肉色拟层孔			0		THUOCL
浅色丝指鼬鳚			0		THUOCL
浅色床杜父鱼			0		THUOCL
浅色横脊叶蝉			0		THUOCL
浅色竿鰕虎鱼			0		THUOCL
浅草蛇鳗			0		THUOCL
浅蓝头虹彩吸蜜鹦鹉			0		THUOCL
浅蓝瓢鳍鰕虎鱼			0		THUOCL
浅蓝绿金刚鹦鹉			0		THUOCL
浅褐斑翅霸鹟			0		THUOCL
浅角斑天蛾			0		THUOCL
浅黄不列塔尼短腿犬			0		THUOCL
浅黄毒蛾			0		THUOCL
浅黄白樱蛤			0		THUOCL
浅黄胸大亭鸟			0		THUOCL
浅黄西隆鲶			0		THUOCL
浅黄铁斑祝蛾			0		THUOCL
浅黑前唇隆头鱼			0		THUOCL
浅黑尾灯鱼			0		THUOCL
浅黑狐蝠			0		THUOCL
浅黑野鲮			0		THUOCL
浅齿黄灰蝶			0		THUOCL
浊斑扁蝇虎			0		THUOCL
浊斑艾蛛			0		THUOCL
济民裸背寄蝇			0		THUOCL
浑黄灯蛾			0		THUOCL
浓冠鸦			0		THUOCL
浓眉夜蛾			0		THUOCL
浓装眼斑螳			0		THUOCL
浓褐长蜥鱼			0		THUOCL
浙江三黄肉鸡			0		THUOCL
浙江原缨口鳅			0		THUOCL
浙江圆龟蝽			0		THUOCL
浙江宽头杆蝇			0		THUOCL
浙江富阳松毛虫赤眼蜂			0		THUOCL
浙江常山黄泥塘剖面			0		THUOCL
浙江矶尺蛾			0		THUOCL
浙江芒果蛛			0		THUOCL
浙江锚首虫			0		THUOCL
浙江黑松叶蜂			0		THUOCL
浙污灯蛾			0		THUOCL
浪卡子岩黄耆			0		THUOCL
浮尖削叶轮虫			0		THUOCL
浮標筍螺			0		THUOCL
海中动物特种兵			0		THUOCL
海兔宝螺			0		THUOCL
海军中将芋螺			0		THUOCL
海南五指山大头蚁			0		THUOCL
海南似鱎			0		THUOCL
海南接眼尺蛾			0		THUOCL
海南木莲枝角叶蜂			0		THUOCL
海南灰孔雀雉			0		THUOCL
海南萤花天牛			0		THUOCL
海南长臀鮠			0		THUOCL
海南鸮目天蚕蛾			0		THUOCL
海南鸿海贸易有限公司			0		THUOCL
海南麻露螽			0		THUOCL
海参扒鸡条			0		THUOCL
海地岛鼠			0		THUOCL
海孔角蜂巢珊瑚			0		THUOCL
海峽骨螺			0		THUOCL
海嵴粗棘蜥			0		THUOCL
海洋有毒动物			0		THUOCL
海洋渔业风险			0		THUOCL
海牛科动物			0		THUOCL
海牛蒙蛱蝶			0		THUOCL
海獅螺			0		THUOCL
海生屈挠杆菌			0		THUOCL
海盘囊纲			0		THUOCL
海绵精干蟹			0		THUOCL
海菊蛤科			0		THUOCL
海蒲团纲			0		THUOCL
海蓝娆灰蝶			0		THUOCL
海角雕鸮			0		THUOCL
海角鹡鸰			0		THUOCL
海豚超科			0		THUOCL
海豹色玳瑁虎斑重点色猫			0		THUOCL
海豹色玳瑁重点色猫			0		THUOCL
海间颈须鳚			0		THUOCL
海鞘个员			0		THUOCL
海鱮			0		THUOCL
海鲢超目			0		THUOCL
海鹞鱼胆			0		THUOCL
海鹿科			0		THUOCL
涡虫类动物			0		THUOCL
淑花杜鹃			0		THUOCL
淘甲			0		THUOCL
淘甲科			0		THUOCL
淡尾苇鹪鹩			0		THUOCL
淡灰黑齿鼩鼱			0		THUOCL
淡绿弄蝶			0		THUOCL
淡缘厚盲蝽			0		THUOCL
淡缘波夜蛾			0		THUOCL
淡色孔灯蛾			0		THUOCL
淡褐胸侏霸鹟			0		THUOCL
淡角横纹茧蜂			0		THUOCL
淡角沟臀肖叶甲			0		THUOCL
淡路白樱蛤			0		THUOCL
淡钟杜鹃			0		THUOCL
淡领纹唇盲蝽			0		THUOCL
淡黄异花天牛			0		THUOCL
淡黄旋茎舟蛾			0		THUOCL
淡黄肖叶甲			0		THUOCL
淡黑红天牛			0		THUOCL
淮北灰驴			0		THUOCL
深圳希科安实			0		THUOCL
深圳露齿螺			0		THUOCL
深小角虫			0		THUOCL
深少片菊花珊瑚			0		THUOCL
深棕副狮子鱼			0		THUOCL
深棕盾皮鮠			0		THUOCL
深水仿四额齿蟹			0		THUOCL
深水金线鱼黄肚			0		THUOCL
深海富人帝氏宝螺			0		THUOCL
深海尾糯鳗			0		THUOCL
深海浮萤属			0		THUOCL
深海珠目鱼			0		THUOCL
深紅玫瑰鹦鹉			0		THUOCL
深鰕虎鱼			0		THUOCL
混腔室茧蜂			0		THUOCL
清净海蛳螺			0		THUOCL
清境食植瓢虫			0		THUOCL
清尾全裸鹦鲷			0		THUOCL
清江红鲤			0		THUOCL
清波皎尺蛾			0		THUOCL
清纯腰斑宝螺			0		THUOCL
清耀短吻狮子鱼			0		THUOCL
渗透适应型动物			0		THUOCL
渝东黑山羊			0		THUOCL
渡边氏长吻白蜡虫			0		THUOCL
渡边长吻白蜡虫			0		THUOCL
渥曼尼弓背蚁			0		THUOCL
温哥华岛狼			0		THUOCL
温哥华岛美洲狮			0		THUOCL
温哥华岛黑熊			0		THUOCL
温泉裸裂尻鱼			0		THUOCL
温灰蝶属			0		THUOCL
温顿巨龙			0		THUOCL
渭河虻			0		THUOCL
渭河裸重唇鱼			0		THUOCL
游臂颚虱属			0		THUOCL
游荡棘蝇			0		THUOCL
游荡细叶蜂			0		THUOCL
游走丸川杜父鱼			0		THUOCL
游钳螋			0		THUOCL
湄公河半鲶			0		THUOCL
湄公河圆唇鱼			0		THUOCL
湄公河狭鰕虎鱼			0		THUOCL
湄公河蝙蝠			0		THUOCL
湖北圆吻鮰			0		THUOCL
湖北正应			0		THUOCL
湖北江陵战国虎座飞鸟			0		THUOCL
湖北箭毛猎犬			0		THUOCL
湖南湄公螺			0		THUOCL
湖沼浮游生物			0		THUOCL
湖沼腹囊海龙			0		THUOCL
湖畔挭			0		THUOCL
湖鱥鱼			0		THUOCL
湘云鲫鱼养殖技术			0		THUOCL
湘北大区			0		THUOCL
湘大淤泥净			0		THUOCL
湘显顶矛角蝉			0		THUOCL
湘江殖盘吸虫			0		THUOCL
湘江蛇鮈			0		THUOCL
湛江雌盘吸虫			0		THUOCL
湛蓝鹿角珊瑚			0		THUOCL
湛闪夜蛾			0		THUOCL
湾岸蟾蜍			0		THUOCL
湿地手盗龙			0		THUOCL
溜滑面条鳅			0		THUOCL
溪叉牙七鳃鳗			0		THUOCL
溪居施韦茨丽鱼			0		THUOCL
溪岸圆腹蛛			0		THUOCL
溪栉鰕虎鱼			0		THUOCL
溪毛翅尺蛾			0		THUOCL
溪毛鼻鲶			0		THUOCL
溪河索诺石首鱼			0		THUOCL
溪泥甲科			0		THUOCL
溪流美洲鱥			0		THUOCL
溪生指环虫			0		THUOCL
溪畔钝口螈			0		THUOCL
溪硬头鱼			0		THUOCL
溪蟌科			0		THUOCL
溪谷琉璃灰蝶			0		THUOCL
溪边云朵芋螺			0		THUOCL
溪鱧			0		THUOCL
溪鳢科			0		THUOCL
溲疏弧翅卷蛾			0		THUOCL
滇中黄灰蝶			0		THUOCL
滇华鲮			0		THUOCL
滇南毛柄杜鹃			0		THUOCL
滇西桃叶杜鹃			0		THUOCL
滇鳾			0		THUOCL
滇黔石蝴蝶			0		THUOCL
滑缘哈鳞虫			0		THUOCL
滑鳞斑鮃			0		THUOCL
滑鳞斑鲆			0		THUOCL
满卢犬			0		THUOCL
满月镜文蛤			0		THUOCL
滦河冀北鸟			0		THUOCL
滨海似奇棘鮗			0		THUOCL
滨鹬鞭带吸虫			0		THUOCL
滩浪钩虾			0		THUOCL
滩涂多鳞鱼			0		THUOCL
漂亮宝贝鳉			0		THUOCL
漂浮囊糠虾			0		THUOCL
漂浮海萤			0		THUOCL
漂游珊瑚鰕虎			0		THUOCL
漂游珊瑚鰕虎鱼			0		THUOCL
漆尾夜蛾			0		THUOCL
漆黑鹿角锹形虫			0		THUOCL
漏斗杜鹃			0		THUOCL
漏斗陀螺珊瑚			0		THUOCL
漏斗鞭毛虫			0		THUOCL
漏斗鹿角珊瑚			0		THUOCL
漠地林莺			0		THUOCL
漠扇尾莺			0		THUOCL
漠林莺			0		THUOCL
漠林鸮			0		THUOCL
漠澳鵖			0		THUOCL
漠角百灵			0		THUOCL
漠风蝎科			0		THUOCL
漠鵖			0		THUOCL
漠鹀属			0		THUOCL
漠鹑			0		THUOCL
漫星黄毒蛾			0		THUOCL
漫游低线鱲			0		THUOCL
潘布鲁克威尔斯高基犬			0		THUOCL
潜伏指环虫			0		THUOCL
潜水钟蜘蛛			0		THUOCL
潜盲刺鳅			0		THUOCL
潜鱼亚科			0		THUOCL
潜鸭刺缘吸虫			0		THUOCL
潜鸭嗜眼吸虫			0		THUOCL
潮汐虾虎鱼			0		THUOCL
潮汐龙属			0		THUOCL
澄江粘体虫			0		THUOCL
澳东蛇属			0		THUOCL
澳大利亚丝毛梗			0		THUOCL
澳大利亚内陆太攀蛇			0		THUOCL
澳大利亚凯尔皮			0		THUOCL
澳大利亚副狮子鱼			0		THUOCL
澳大利亚叉鼻刺鲀			0		THUOCL
澳大利亚喇叭螺			0		THUOCL
澳大利亚奥尔伯利镇			0		THUOCL
澳大利亚姬红蛱蝶			0		THUOCL
澳大利亚宽吻海豚			0		THUOCL
澳大利亚小兔猼			0		THUOCL
澳大利亚斗鸡			0		THUOCL
澳大利亚方水母			0		THUOCL
澳大利亚木蝎			0		THUOCL
澳大利亚毛鼻袋熊			0		THUOCL
澳大利亚法螺			0		THUOCL
澳大利亚海扇蛤			0		THUOCL
澳大利亚滨珊瑚			0		THUOCL
澳大利亚瓣棘鲀			0		THUOCL
澳大利亚短平鼻海豚			0		THUOCL
澳大利亚短毛宾莎犬			0		THUOCL
澳大利亚短颈龟			0		THUOCL
澳大利亚细尾海马			0		THUOCL
澳大利亚绿色雨蛙			0		THUOCL
澳大利亚虎鲨			0		THUOCL
澳大利亚褐蛇			0		THUOCL
澳大利亚躄鱼科			0		THUOCL
澳大利亚适风海葵			0		THUOCL
澳大利亚金丝燕			0		THUOCL
澳大利亚雾猫			0		THUOCL
澳大利亚黑脊游蛇			0		THUOCL
澳尔德氏魮			0		THUOCL
澳洲似马面单棘鲀			0		THUOCL
澳洲信德指鰧			0		THUOCL
澳洲囊口七鳃鳗			0		THUOCL
澳洲小嘴鸻			0		THUOCL
澳洲小蜉科			0		THUOCL
澳洲斜鱵			0		THUOCL
澳洲新角齿肺鱼			0		THUOCL
澳洲木蝎			0		THUOCL
澳洲毛鼻袋熊			0		THUOCL
澳洲潜鸭			0		THUOCL
澳洲燕鸻			0		THUOCL
澳洲瓦氏宝螺			0		THUOCL
澳洲粗短尾牧牛犬			0		THUOCL
澳洲鲑鲈科			0		THUOCL
澳短鮣			0		THUOCL
澳贝氏七鳃鳗			0		THUOCL
澳门虎天牛			0		THUOCL
灌丛串珠藻			0		THUOCL
灌丛短翅莺			0		THUOCL
灌木八门孔虫			0		THUOCL
灌木牛			0		THUOCL
火兔灯			0		THUOCL
火兔灯鱼			0		THUOCL
火地岛秧鸡			0		THUOCL
火奴鲁玻璃钩虾			0		THUOCL
火尾希鹛			0		THUOCL
火焰贝壳			0		THUOCL
火焰钮扣			0		THUOCL
火红鸲鹟			0		THUOCL
火腿肉丸烧海参			0		THUOCL
灯尔斯圆吻鱥			0		THUOCL
灯斑前孔鲀			0		THUOCL
灯白樱蛤			0		THUOCL
灯笼中华宝螺			0		THUOCL
灰体单线鳚			0		THUOCL
灰光尾鲨			0		THUOCL
灰光鳃雀鲷			0		THUOCL
灰冠扇尾莺			0		THUOCL
灰冠旋木鹎			0		THUOCL
灰冠雀鹀			0		THUOCL
灰冠霸鹟			0		THUOCL
灰冠鸫莺			0		THUOCL
灰冠黄喉地莺			0		THUOCL
灰冠黑雀			0		THUOCL
灰刺盖鱼			0		THUOCL
灰刺蛾			0		THUOCL
灰刻齿雀鲷			0		THUOCL
灰厚嘴霸鹟			0		THUOCL
灰叉尾海燕			0		THUOCL
灰叉鳔石首鱼			0		THUOCL
灰唇指			0		THUOCL
灰喉卡西霸鹟			0		THUOCL
灰喉灌丛唐纳雀			0		THUOCL
灰喉直嘴吸蜜鸟			0		THUOCL
灰喉硬尾雀			0		THUOCL
灰喉绣眼鸟			0		THUOCL
灰喉蚁鵙			0		THUOCL
灰喉蝇霸鹟			0		THUOCL
灰喉针尾雀			0		THUOCL
灰喉雀鹟			0		THUOCL
灰地霸鹟			0		THUOCL
灰头凤头鹰			0		THUOCL
灰头林鸽			0		THUOCL
灰姑娘绢粉蝶			0		THUOCL
灰姬啄木鸟			0		THUOCL
灰姬猎蝽			0		THUOCL
灰姬蝽			0		THUOCL
灰姬霸鹟			0		THUOCL
灰小掌舟蛾			0		THUOCL
灰尖尾尺蛾			0		THUOCL
灰尾漂鹬			0		THUOCL
灰尾美洲咬鹃			0		THUOCL
灰层岩鹀			0		THUOCL
灰巾冠绣眼鸟			0		THUOCL
灰巾鹦哥			0		THUOCL
灰带刺虎天牛			0		THUOCL
灰带文鸟			0		THUOCL
灰带琐天牛			0		THUOCL
灰带石斑鱼			0		THUOCL
灰带黄祼瓢虫			0		THUOCL
灰带黄裸瓢虫			0		THUOCL
灰广翅小卷蛾			0		THUOCL
灰弯脚虎			0		THUOCL
灰悲霸鹟			0		THUOCL
灰扁隆头鱼			0		THUOCL
灰扇尾鹟			0		THUOCL
灰掘穴雀			0		THUOCL
灰揭囊皮参			0		THUOCL
灰斑安天牛			0		THUOCL
灰斑拟黑花金龟			0		THUOCL
灰斑新园蛛			0		THUOCL
灰斑曲嘴鹪鹩			0		THUOCL
灰斑胡麻天牛			0		THUOCL
灰斑鮨丽鱼			0		THUOCL
灰斑鶲			0		THUOCL
灰星鲨胆			0		THUOCL
灰晶蝎			0		THUOCL
灰标竹眼蝶			0		THUOCL
灰棘尾雀			0		THUOCL
灰歌鹰			0		THUOCL
灰歹夜蛾			0		THUOCL
灰毛岛屿肖叶甲			0		THUOCL
灰毛横脊叶蝉			0		THUOCL
灰沙黄蝶尺蛾			0		THUOCL
灰波维尺蛾			0		THUOCL
灰海鱮			0		THUOCL
灰涤尺蛾			0		THUOCL
灰湖杜父鱼			0		THUOCL
灰澳洲躄鱼			0		THUOCL
灰点翅毒蛾			0		THUOCL
灰狗母鱼方斑狗			0		THUOCL
灰獴			0		THUOCL
灰瓣叶珊瑚			0		THUOCL
灰白夙舟蛾			0		THUOCL
灰白小霸鹟			0		THUOCL
灰白条卷叶蛾			0		THUOCL
灰白条小卷蛾			0		THUOCL
灰白植蝇			0		THUOCL
灰白歌鹀			0		THUOCL
灰白灯蛾			0		THUOCL
灰白鹃鵙			0		THUOCL
灰皇鸠			0		THUOCL
灰盖拟花鮨			0		THUOCL
灰直纹螟			0		THUOCL
灰眼斑瓢虫			0		THUOCL
灰等腿寄蝇			0		THUOCL
灰算盘蛤			0		THUOCL
灰粉微芒食虫虻			0		THUOCL
灰糯鳗			0		THUOCL
灰織紋螺			0		THUOCL
灰缝叶莺			0		THUOCL
灰翅串珠环蝶			0		THUOCL
灰翅印加雀			0		THUOCL
灰翅叶斑蛾			0		THUOCL
灰翅喇叭声鹤			0		THUOCL
灰翅喇叭鸟			0		THUOCL
灰翅小卷蛾			0		THUOCL
灰翅歌鵖			0		THUOCL
灰胁抖尾地雀			0		THUOCL
灰背唧霸鹟			0		THUOCL
灰背多斑霸鹟			0		THUOCL
灰背夜鸫			0		THUOCL
灰背扇尾莺			0		THUOCL
灰背燕尾			0		THUOCL
灰背燕鸥			0		THUOCL
灰背直线脂鲤			0		THUOCL
灰背缝叶莺			0		THUOCL
灰背锯嘴鹪鹩			0		THUOCL
灰背长尾伯劳			0		THUOCL
灰胸刀翅蜂鸟			0		THUOCL
灰胸长尾霸鹟			0		THUOCL
灰腹水鼩			0		THUOCL
灰腹针尾雀			0		THUOCL
灰腹鵙霸鹟			0		THUOCL
灰腹鼠			0		THUOCL
灰色小霸鹟			0		THUOCL
灰色链珠环蝶			0		THUOCL
灰苇鹪鹩			0		THUOCL
灰茶尺蛾			0		THUOCL
灰茸心盾叩甲			0		THUOCL
灰蝶亚科			0		THUOCL
灰蝶总科			0		THUOCL
灰褐切叶野螟			0		THUOCL
灰褐带蛾			0		THUOCL
灰褐花蜜鸟			0		THUOCL
灰褐葡萄天蛾			0		THUOCL
灰褐阿胡鰕虎鱼			0		THUOCL
灰角尖粉蝶			0		THUOCL
灰边宅泥鱼			0		THUOCL
灰远舟蛾			0		THUOCL
灰雕鸮			0		THUOCL
灰霸鹟			0		THUOCL
灰顶啄木鸟			0		THUOCL
灰顶小霸鹟			0		THUOCL
灰顶棕榈唐纳雀			0		THUOCL
灰顶短嘴霸鹟			0		THUOCL
灰顶窄嘴霸鹟			0		THUOCL
灰顶莺			0		THUOCL
灰顶霸鹟			0		THUOCL
灰顶鹦哥			0		THUOCL
灰颈异齿舟蛾			0		THUOCL
灰颈绿莺雀			0		THUOCL
灰颈鹀			0		THUOCL
灰颊仙鶲			0		THUOCL
灰颊冠鹎			0		THUOCL
灰颊夜鸫			0		THUOCL
灰颊梅花雀			0		THUOCL
灰颊鹦哥			0		THUOCL
灰额主红雀			0		THUOCL
灰额刺尾鱼			0		THUOCL
灰额哑霸鹟			0		THUOCL
灰额棕翅鸠			0		THUOCL
灰额鸡鸠			0		THUOCL
灰风鹱			0		THUOCL
灰鬘螺			0		THUOCL
灰黄厚盲蝽			0		THUOCL
灰黄唐加拉雀			0		THUOCL
灰黄啄木鸟			0		THUOCL
灰黄涤尺蛾			0		THUOCL
灰黄澳洲鳗鲶			0		THUOCL
灰黄王森莺			0		THUOCL
灰黄窝额萤叶甲			0		THUOCL
灰黑澳虎			0		THUOCL
灰黑瓢鳍鰕虎鱼			0		THUOCL
灰黑美洲石鱥			0		THUOCL
灰黑荫眼蝶			0		THUOCL
灰黑蜻蜓			0		THUOCL
灰黑野鲮			0		THUOCL
灰黑鹟			0		THUOCL
灵川丽蛛			0		THUOCL
灵川博特溪蟹			0		THUOCL
灵药招潮蟹			0		THUOCL
灵长三齿猿			0		THUOCL
灵騠			0		THUOCL
灿烂双尾灰蝶			0		THUOCL
灿烂温寄蝇			0		THUOCL
灿烂滑面蟹			0		THUOCL
灿烂眶灯鱼			0		THUOCL
炉眼鱼科			0		THUOCL
炒茺蔚子			0		THUOCL
炭黑突肩花天牛			0		THUOCL
炸凤尾明虾			0		THUOCL
炸扒鱼片			0		THUOCL
炸竹笋脆虾			0		THUOCL
炸金钱大虾			0		THUOCL
点唇矛丽鱼			0		THUOCL
点沟青步甲			0		THUOCL
点滴变形虫			0		THUOCL
点纹卡佛鰕虎鱼			0		THUOCL
点纹多板盾尾鱼			0		THUOCL
点缘拟猬盲蝽			0		THUOCL
点背须唇飞鱼			0		THUOCL
点蜂缘椿象			0		THUOCL
点面副沙鳅			0		THUOCL
点颊姬霸鹟			0		THUOCL
烈黑小卷蛾			0		THUOCL
烟台异手水母			0		THUOCL
烟腹亚口鱼			0		THUOCL
烟草夜娥			0		THUOCL
烟草木叶蝉			0		THUOCL
烟草烟盲蝽			0		THUOCL
烟草烟粉虱			0		THUOCL
烧酒海蜷			0		THUOCL
热带伪帽水母			0		THUOCL
热带雨林和亚热带森林动物群			0		THUOCL
热带风暴苗柏			0		THUOCL
热普哈溪脂鲤			0		THUOCL
焦糖巴西			0		THUOCL
煎蛋水母			0		THUOCL
煤冠雀属			0		THUOCL
煤色宽头鲬			0		THUOCL
煤色繸鲬			0		THUOCL
熊野狗母鱼			0		THUOCL
熏衣草血红芋螺			0		THUOCL
熔炉芋螺			0		THUOCL
熟练新关公蟹			0		THUOCL
熟藕紫			0		THUOCL
燕子凤凰螺			0		THUOCL
燕尾蓝魔			0		THUOCL
燕尾蜂虎			0		THUOCL
燕形指环虫			0		THUOCL
燕鵙科			0		THUOCL
燕鸥亚科			0		THUOCL
燕鸻科			0		THUOCL
燕麦蝇金小蜂			0		THUOCL
爪兽亚目			0		THUOCL
爪哇刺蛾寄蝇			0		THUOCL
爪哇双脊姬蜂			0		THUOCL
爪哇啄花鸟			0		THUOCL
爪哇大头蚁			0		THUOCL
爪哇小剑水蚤			0		THUOCL
爪哇尖鰕虎鱼			0		THUOCL
爪哇搏鱼			0		THUOCL
爪哇放屁甲			0		THUOCL
爪哇斑鲆			0		THUOCL
爪哇气步甲			0		THUOCL
爪哇池鹭			0		THUOCL
爪哇点鰕虎鱼			0		THUOCL
爪哇牛鼻鱝			0		THUOCL
爪哇牛鼻鲼			0		THUOCL
爪哇猫蛛			0		THUOCL
爪哇穆氏暗光鱼			0		THUOCL
爪哇缝叶莺			0		THUOCL
爪哇肖峭			0		THUOCL
爪哇角鸮			0		THUOCL
爪哇鲃鲤			0		THUOCL
爪哇鸻			0		THUOCL
爪哇鹃鵙			0		THUOCL
爪哇鹞扁魟			0		THUOCL
爪哇鹦哥鱼			0		THUOCL
爪哇鹰雕			0		THUOCL
爪哇黄膝			0		THUOCL
爪哇鼷鹿			0		THUOCL
爪哇齿镖水蚤			0		THUOCL
爪夜蛾			0		THUOCL
爪室水母			0		THUOCL
爪爪龙			0		THUOCL
爪片指环虫			0		THUOCL
爪脚兽			0		THUOCL
爪门儿			0		THUOCL
爬行短吻狮子鱼			0		THUOCL
爬行藻钩虾			0		THUOCL
爱丽斯木角石目			0		THUOCL
爱六矛虫			0		THUOCL
爱基斯摩杓鹬			0		THUOCL
爱媚副铗叭			0		THUOCL
爱尔兰水性长耳猎犬			0		THUOCL
爱尔兰萨特狗			0		THUOCL
爱德华无花果鹦鹉			0		THUOCL
爱德华湖朴丽鱼			0		THUOCL
爱德华芋螺			0		THUOCL
爱德华雉			0		THUOCL
片茎胫槽叶蝉			0		THUOCL
牙买加圆尾鹱			0		THUOCL
牙买加歌雀			0		THUOCL
牙买加纯色秧鸡			0		THUOCL
牙鲆疮痂鱼虱			0		THUOCL
牛准舌唇鱼			0		THUOCL
牛头怪甲龙			0		THUOCL
牛奶点狗头灯鱼			0		THUOCL
牛尾鱼科			0		THUOCL
牛形怠蛮螽			0		THUOCL
牛栏爬岩鳅			0		THUOCL
牛犬鼠			0		THUOCL
牛皮蝇属			0		THUOCL
牛目大眼非鲫			0		THUOCL
牛目大眼鲷			0		THUOCL
牛目狮单鳍鱼			0		THUOCL
牛目脂鳚			0		THUOCL
牛眼凹肩鲹			0		THUOCL
牛眼大海鲢			0		THUOCL
牛眼枪虾			0		THUOCL
牛眼臂磷虾			0		THUOCL
牛眼青鯥			0		THUOCL
牛眼香菇珊瑚			0		THUOCL
牛背鹭坚体吸虫			0		THUOCL
牛膝龟金花虫			0		THUOCL
牛蒡二十八星瓢虫			0		THUOCL
牛角凤凰螺			0		THUOCL
牛角指环虫			0		THUOCL
牛角江珧蛤			0		THUOCL
牛角箱鲍			0		THUOCL
牛蹄钟螺			0		THUOCL
牛霸鹟			0		THUOCL
牛首前肛鳗			0		THUOCL
牛首杜父鱼			0		THUOCL
牛骨猴			0		THUOCL
牛鲂鮄			0		THUOCL
牛鸝			0		THUOCL
牟娄拟鲈			0		THUOCL
牟氏水龟			0		THUOCL
牟氏鮄杜父鱼			0		THUOCL
牟氏龟			0		THUOCL
牡丹扁刺蛾			0		THUOCL
牡丹紫苏粉蚧			0		THUOCL
牡丹芋双线天蛾			0		THUOCL
牡丹蛴螬			0		THUOCL
牡强棘杜父鱼			0		THUOCL
牡荆肿爪跳甲			0		THUOCL
牡蛎骨螺			0		THUOCL
牧女珍眼蝶			0		THUOCL
牯岭等彩蝇			0		THUOCL
牵牛灰蝶			0		THUOCL
特伦特姆芋螺			0		THUOCL
特城泥盲虫			0		THUOCL
特尔纹胸鮡			0		THUOCL
特岛信天翁			0		THUOCL
特岛毛鲶			0		THUOCL
特岛浣熊			0		THUOCL
特岛蓝腰鹦哥			0		THUOCL
特岛阔嘴鹟			0		THUOCL
特岛骨顶			0		THUOCL
特岛鸲鹟			0		THUOCL
特异大权蟹			0		THUOCL
特异性寄生虫			0		THUOCL
特指仿长臂蟹			0		THUOCL
特暴龙未定种			0		THUOCL
特林加岱拉			0		THUOCL
特狈路龙			0		THUOCL
特种经济昆虫			0		THUOCL
特纳兹铅笔鱼			0		THUOCL
特萨努			0		THUOCL
特长指蛛			0		THUOCL
特鲁克鹟			0		THUOCL
犀全龟科			0		THUOCL
犀噝蝰			0		THUOCL
犀尾优剑螽			0		THUOCL
犀牛变色龙			0		THUOCL
犀目鮰			0		THUOCL
犀蟌科			0		THUOCL
犀角蝉			0		THUOCL
犀角金线鲅			0		THUOCL
犀角金龟			0		THUOCL
犀轮虫			0		THUOCL
犀鳕科			0		THUOCL
犀鸟亚科			0		THUOCL
犀鸟目			0		THUOCL
犁沟木纹龟			0		THUOCL
犁齿线棘四齿鰧			0		THUOCL
犬头犬牙石首鱼			0		THUOCL
犬形乳突天竺鲷			0		THUOCL
犬形拟庸鲽			0		THUOCL
犬牙刺盖鰕虎鱼			0		THUOCL
犬牙帆花鮨			0		THUOCL
犬牙潜鱼属			0		THUOCL
犬牙珠鰕虎鱼			0		THUOCL
犬犬果实胡狼型			0		THUOCL
犬猫莱姆病			0		THUOCL
犬细小检测			0		THUOCL
犬首瓢鳍鰕虎鱼			0		THUOCL
犬首鮈			0		THUOCL
犬鳞矛背隆头鱼			0		THUOCL
犬鸟虱			0		THUOCL
犬齿兽次亚目			0		THUOCL
犬齿斯氏潜鱼			0		THUOCL
犬齿牛尾鱼			0		THUOCL
犬齿珊瑚属			0		THUOCL
犬齿背眼鰕虎鱼			0		THUOCL
犬齿赤莲			0		THUOCL
犬齿龙附目			0		THUOCL
狄安娜猴			0		THUOCL
狄安娜长尾猴			0		THUOCL
狄氏夕划蝽			0		THUOCL
狄达缘蝽			0		THUOCL
狐毛直瓣苣苔			0		THUOCL
狗母鱼属			0		THUOCL
狗肝菜属			0		THUOCL
狩猎巨螯蛛			0		THUOCL
狩猎巨蟹蛛			0		THUOCL
独一指虫			0		THUOCL
独孤科			0		THUOCL
独居蜂			0		THUOCL
独斑绒毛花金龟			0		THUOCL
独木舟菱角螺			0		THUOCL
独睾科			0		THUOCL
独裁巨蝎			0		THUOCL
独角古蝇			0		THUOCL
狭小片菊花珊瑚			0		THUOCL
狭小菲策吸虫			0		THUOCL
狭小露齿螺			0		THUOCL
狭尾糯鳗			0		THUOCL
狭窄圆螺			0		THUOCL
狭翅鹿子蛾			0		THUOCL
狭翅黄星挵蝶			0		THUOCL
狭膜无齿角蝉			0		THUOCL
狭跗地种蝇			0		THUOCL
狭长木盲蝽			0		THUOCL
狭颧棘蝇			0		THUOCL
狭鳞庸鲽			0		THUOCL
狭黄缘青步甲			0		THUOCL
狮鼻直杜父鱼			0		THUOCL
狼蛛霍克黄蜂			0		THUOCL
狼鲈科			0		THUOCL
猎狗芋螺			0		THUOCL
猕猴桃猴			0		THUOCL
猪尾猴疟原虫			0		THUOCL
猫卷叶蛛			0		THUOCL
猫形食肉类			0		THUOCL
猫斑环纹蝶			0		THUOCL
猫爪牡蛎			0		THUOCL
猫目大蚕蛾			0		THUOCL
猫眼尺蛾			0		THUOCL
猫眼蝾螺			0		THUOCL
猫科动物简介			0		THUOCL
猫舌樱蛤			0		THUOCL
猫舌海菊蛤			0		THUOCL
猫面鹰			0		THUOCL
猴天竺虫			0		THUOCL
猴面梗			0		THUOCL
猿头蛤			0		THUOCL
猿面天蛾			0		THUOCL
獴大口非鲫			0		THUOCL
獴美狐猴			0		THUOCL
玉印头球			0		THUOCL
玉印顶高头金鱼			0		THUOCL
玉女象法螺			0		THUOCL
玉山华溪蟹			0		THUOCL
玉树短喜象			0		THUOCL
玉溪小巧溪蟹			0		THUOCL
玉珠粗皮鬘螺			0		THUOCL
玉米鳞斑肖叶甲			0		THUOCL
玉边魔目夜蛾			0		THUOCL
玉龙肩花蝽			0		THUOCL
王二包齿爪鳃金龟			0		THUOCL
王冠狐猴			0		THUOCL
王凤头燕鸥			0		THUOCL
玛丽亚翠叶红颈凤蝶			0		THUOCL
玛利亚宝螺			0		THUOCL
玛利亚红海白星宝螺			0		THUOCL
玛卡普鲁红			0		THUOCL
玛墨短鲷			0		THUOCL
玛柯河高原鳅			0		THUOCL
玛格丽塔岛穴鸮			0		THUOCL
玛瑙鲍			0		THUOCL
玩具猎狐梗			0		THUOCL
玫斑野鲮			0		THUOCL
玫斑阿科斯喉盘鱼			0		THUOCL
玫灰蝶属			0		THUOCL
玫瑰下口鲶			0		THUOCL
玫瑰全裸鹦鲷			0		THUOCL
玫瑰刺毛虫			0		THUOCL
玫瑰副绯鲤			0		THUOCL
玫瑰副齿脂鲤			0		THUOCL
玫瑰叶蜂			0		THUOCL
玫瑰头鹦哥			0		THUOCL
玫瑰宝螺			0		THUOCL
玫瑰寡杜父鱼			0		THUOCL
玫瑰小丑			0		THUOCL
玫瑰小丑灯			0		THUOCL
玫瑰巾夜蛾			0		THUOCL
玫瑰招潮蟹			0		THUOCL
玫瑰拟鮗			0		THUOCL
玫瑰斜口鱥鱼			0		THUOCL
玫瑰斜谐鱼			0		THUOCL
玫瑰旋轮虫			0		THUOCL
玫瑰沟背海鲫			0		THUOCL
玫瑰红绿海葵			0		THUOCL
玫瑰红虎头龙睛			0		THUOCL
玫瑰翼法螺			0		THUOCL
玫瑰花蓝水母			0		THUOCL
玫瑰蛙螺			0		THUOCL
玫瑰金花鮨			0		THUOCL
玫瑰长管蚜			0		THUOCL
玫瑰马苏大麻哈鱼			0		THUOCL
玫瑰鮈鱥			0		THUOCL
玫瑰鹿角珊瑚			0		THUOCL
玫紫滨珊瑚			0		THUOCL
玫红二尾舟蛾			0		THUOCL
玫纹丝隆头鱼			0		THUOCL
玫缘俭尺蛾			0		THUOCL
玫胸斑雀			0		THUOCL
玫胸白斑翅雀			0		THUOCL
玫色优草螽			0		THUOCL
环丽希叶蜂			0		THUOCL
环尾獴			0		THUOCL
环纹圆天竺鲷鱼			0		THUOCL
环纹柱形海蛳螺			0		THUOCL
环胫树丽盲蝽			0		THUOCL
环荚黄耆			0		THUOCL
环足齿爪盲蝽			0		THUOCL
环隆月巴蛛			0		THUOCL
玳瑁斑蜻蜓			0		THUOCL
玻利尼西亚枝牙鰕			0		THUOCL
玻利维亚三角溪鳉			0		THUOCL
玻利维亚下口鲶			0		THUOCL
玻利维亚合鳃鱼			0		THUOCL
玻利维亚哑霸鹟			0		THUOCL
玻利维亚娇鹟			0		THUOCL
玻利维亚寡脂鲤			0		THUOCL
玻利维亚小油鲶			0		THUOCL
玻利维亚小霸鹟			0		THUOCL
玻利维亚拾叶雀			0		THUOCL
玻利维亚歌鹀			0		THUOCL
玻利维亚溪鳉			0		THUOCL
玻利维亚爬地雀			0		THUOCL
玻利维亚白脚			0		THUOCL
玻利维亚矛丽鱼			0		THUOCL
玻利维亚穴鸮			0		THUOCL
玻利维亚窜鸟			0		THUOCL
玻利维亚虎猫			0		THUOCL
玻利维亚蚁鵙			0		THUOCL
玻利维亚鸺鹠			0		THUOCL
玻叶浮萤			0		THUOCL
玻璃花猫狮			0		THUOCL
珂环蛱蝶			0		THUOCL
珍波纹蛾			0		THUOCL
珍海兔螺			0		THUOCL
珍珠映毛虫			0		THUOCL
珍珠涧水鱼			0		THUOCL
珍珠溅水鱼			0		THUOCL
珍珠矮冠鳚			0		THUOCL
珍珠花瓣蟹			0		THUOCL
珍珠角星鼓藻			0		THUOCL
珍珠贝隐鱼			0		THUOCL
珍稀濒危陆生动物			0		THUOCL
珍稀白虎喜添新丁			0		THUOCL
珍稀野生动物犀牛			0		THUOCL
珍袖椰子			0		THUOCL
珍贝珠			0		THUOCL
珞巴眉眼蝶			0		THUOCL
珠宝丽鱼			0		THUOCL
珠宝蜥			0		THUOCL
珠带摩尔佛蝶			0		THUOCL
珠樱鮨			0		THUOCL
珠江卵形白甲鱼			0		THUOCL
珠江拟腹吸鳅			0		THUOCL
珠江虹彩光唇鱼			0		THUOCL
珠江长臀鮠			0		THUOCL
珠海玉螺			0		THUOCL
珠环玉黍螺			0		THUOCL
珠环蟹守螺			0		THUOCL
珠目古蚖			0		THUOCL
珠眉角鸮			0		THUOCL
珠脊尺蛾			0		THUOCL
珠腹绣眼鸟			0		THUOCL
珠色鹦哥			0		THUOCL
珠贝潜鱼			0		THUOCL
班氏吴策线虫和马来布鲁线虫			0		THUOCL
班氏漠肖叶甲			0		THUOCL
班灯蛾			0		THUOCL
班点楔齿蜥			0		THUOCL
班甘连尾鮡			0		THUOCL
班纳博格米努斯鱼			0		THUOCL
班马纹班			0		THUOCL
球圆田螺			0		THUOCL
球形伪盘肠溞			0		THUOCL
球形开普墩宝螺			0		THUOCL
球果棒角金小蜂			0		THUOCL
球潜水母			0		THUOCL
球衣滴虫			0		THUOCL
球饰孔螺			0		THUOCL
理查德巴哈马芋螺			0		THUOCL
琉球鬃尾单棘鲀			0		THUOCL
琉球黑林鸽			0		THUOCL
琉璃卷叶象鼻虫			0		THUOCL
琥珀酸海螺			0		THUOCL
琵琶光牙宝莲鱼			0		THUOCL
琵琶宝莲灯鱼			0		THUOCL
琵琶湖银鮈			0		THUOCL
琵琶湖鮈			0		THUOCL
琼氏不动海螺			0		THUOCL
瑙鲁苇莺			0		THUOCL
瑞丽棒鼻白蚁			0		THUOCL
瑞典拉普杭犬			0		THUOCL
瑞木颇灵缇犬			0		THUOCL
瑞氏普尔塔龙			0		THUOCL
瑞澳吨牛			0		THUOCL
瑞特大花鼠宝螺			0		THUOCL
瑞芬贝			0		THUOCL
瑟氏獛			0		THUOCL
瑟雷四眼宝螺			0		THUOCL
瑰丽七夕鱼			0		THUOCL
璐宽鞘茧蜂			0		THUOCL
瓜仔鱲			0		THUOCL
瓜叶菊李短尾蚜虫			0		THUOCL
瓜叶菊潜夜蛾			0		THUOCL
瓜委闪蝶			0		THUOCL
瓜小实蝇			0		THUOCL
瓜尔特车轮螺			0		THUOCL
瓜拉坡蟹甲草			0		THUOCL
瓜萎闪蝶			0		THUOCL
瓜蔓颅沟饰冠小蠹			0		THUOCL
瓜辽异仙女虫			0		THUOCL
瓜达卢佩凤头卡拉鹰			0		THUOCL
瓜达卢佩天竺鲷			0		THUOCL
瓢拟步行虫			0		THUOCL
瓢水母			0		THUOCL
瓢虫啮小蜂			0		THUOCL
瓢虫隐尾跳小蜂			0		THUOCL
瓢鰕虎鱼			0		THUOCL
瓢鳍鰕虎鱼			0		THUOCL
瓣睾刺缘吸虫			0		THUOCL
瓦努阿图冢雉			0		THUOCL
瓦怒滑若梅鲷			0		THUOCL
瓦怒阿图若梅鲷			0		THUOCL
瓦氏喙猎女神螺			0		THUOCL
瓦氏寶螺			0		THUOCL
瓦氏深海糯鳗			0		THUOCL
瓦氏真唇脂鲤			0		THUOCL
瓶区鳞跨茧蜂			0		THUOCL
瓶形隙蛛			0		THUOCL
瓶砂壳虫			0		THUOCL
瓶鼻鲸属			0		THUOCL
甘比亚芭蕉螺			0		THUOCL
甘泉缨杜父鱼			0		THUOCL
甘肃古柏线虫			0		THUOCL
甘肃棘蝇			0		THUOCL
甘肃羊茅			0		THUOCL
甘草跗粗角萤叶甲			0		THUOCL
甘蓝夜蛾拟瘦姬蜂			0		THUOCL
甘蔗猿头蛤			0		THUOCL
甘薯灰褐羽蛾			0		THUOCL
甘薯田斜纹夜蛾			0		THUOCL
甘薯黑疤病			0		THUOCL
甜菜三叶草夜蛾			0		THUOCL
甜菜白带野螟蛾			0		THUOCL
甜菜青布袋虫			0		THUOCL
生品河豚味			0		THUOCL
田乡枪乌贼			0		THUOCL
田字频			0		THUOCL
田林金线鲃			0		THUOCL
田野安蛛			0		THUOCL
田野形砂梯虫			0		THUOCL
田野阿纳蛛			0		THUOCL
甲磺酸丹诺沙星			0		THUOCL
甲青鱼类动物			0		THUOCL
申古黄金勾丁鱼			0		THUOCL
电刀鱼			0		THUOCL
男儿异毛蚓			0		THUOCL
画眉魔鱼			0		THUOCL
畏新园蛛			0		THUOCL
畑井氏歌津鱼龙			0		THUOCL
略大小尖尾翼萤			0		THUOCL
略残次疑囊猛水蚤			0		THUOCL
畸形滨珊瑚			0		THUOCL
畸形草种蝇			0		THUOCL
疏刺褐巢蛾			0		THUOCL
疏纹胡桃蛤			0		THUOCL
疑古北飞虱			0		THUOCL
疖角壶夜蛾			0		THUOCL
疣丛赤壳			0		THUOCL
疣唇蛇			0		THUOCL
疣床杜父鱼			0		THUOCL
疣毛轮虫			0		THUOCL
病害动物尸体焚烧炉			0		THUOCL
病海鱼弧菌			0		THUOCL
痕迹小眼宝螺			0		THUOCL
痹短额鲆			0		THUOCL
瘤前嵴蚌			0		THUOCL
瘤叶方瓢虫			0		THUOCL
瘤突斜纹蟹			0		THUOCL
瘤窄额鲀			0		THUOCL
瘤胃纤毛虫			0		THUOCL
瘤胫厕蝇			0		THUOCL
瘤胸材小蠹			0		THUOCL
瘤胸沫蝉			0		THUOCL
瘤胸簇天牛			0		THUOCL
瘦体波鱼			0		THUOCL
瘦叶围啮			0		THUOCL
瘦毛嵌线螺			0		THUOCL
瘦腹地种蝇			0		THUOCL
瘿斜斑小卷蛾			0		THUOCL
癣弄蝶属			0		THUOCL
登布异吻象鼻鱼			0		THUOCL
登比墨头鱼			0		THUOCL
登波山楔纹裳凤蝶			0		THUOCL
白三叶斜纹夜蛾			0		THUOCL
白住囊虫			0		THUOCL
白写鲤			0		THUOCL
白冠黑鵖			0		THUOCL
白刺盖太阳鱼白			0		THUOCL
白化九角恐龙			0		THUOCL
白千手佛珊瑚			0		THUOCL
白參渦螺			0		THUOCL
白吻冠海龙			0		THUOCL
白吻锯鲂鮄			0		THUOCL
白喉小盔犀鸟			0		THUOCL
白喉扇尾鶲			0		THUOCL
白喉笑鸫			0		THUOCL
白嘴端凤头燕鸥			0		THUOCL
白围巧言虫			0		THUOCL
白夜芋螺			0		THUOCL
白头沼霸鹟			0		THUOCL
白头鹎雏鸟			0		THUOCL
白宅泥鱼			0		THUOCL
白小鮣			0		THUOCL
白尖紫叢海膽			0		THUOCL
白尾多棘鳞鲀			0		THUOCL
白尾夜鹰			0		THUOCL
白尾姬啄木鸟			0		THUOCL
白尾姬霸鹟			0		THUOCL
白尾新娘神仙			0		THUOCL
白尾星额蜂鸟			0		THUOCL
白尾梢蜂鸟			0		THUOCL
白尾绿咬鹃			0		THUOCL
白尾蓝仙鶲			0		THUOCL
白尾蓝胸蜂鸟			0		THUOCL
白尾长耳大野兔			0		THUOCL
白尾鳾			0		THUOCL
白尾鵙霸鹟			0		THUOCL
白尾鸏			0		THUOCL
白尾鹲			0		THUOCL
白帝城邻外啮			0		THUOCL
白带三角口螺			0		THUOCL
白带短肛棒			0		THUOCL
白帽小丑			0		THUOCL
白扇蟌			0		THUOCL
白挵蝶			0		THUOCL
白斑小褐弄蝶			0		THUOCL
白斑肖墨天牛			0		THUOCL
白斑非洲盲刺鳅			0		THUOCL
白斑黄毒蛾			0		THUOCL
白斑黑石鵖			0		THUOCL
白日本捲管螺			0		THUOCL
白星寶螺			0		THUOCL
白星驼蛾			0		THUOCL
白显齿海鲫			0		THUOCL
白杂斑斜棘			0		THUOCL
白条毛利隆头鱼			0		THUOCL
白条蜂巢鰕虎鱼			0		THUOCL
白条驼花天牛			0		THUOCL
白果紫草			0		THUOCL
白棕口蘑			0		THUOCL
白楔拟植盲蝽			0		THUOCL
白横斑叶鰕虎			0		THUOCL
白毛小灰蝶			0		THUOCL
白毛短跗长足虻			0		THUOCL
白毛脚鸽			0		THUOCL
白氏耶光鱼			0		THUOCL
白氏鳃口文昌鱼			0		THUOCL
白水新叶郭公虫			0		THUOCL
白水江台蚱			0		THUOCL
白水河并殖吸虫			0		THUOCL
白河刺鱥			0		THUOCL
白洋淀真杯吸虫			0		THUOCL
白海菊蛤			0		THUOCL
白湾岛白甲鱼			0		THUOCL
白灰蝶属			0		THUOCL
白灼苦螺			0		THUOCL
白点富天竺鲷			0		THUOCL
白点波士顿龙虾			0		THUOCL
白点鞍鼻鲀			0		THUOCL
白玫小卷蛾			0		THUOCL
白珠环蝶			0		THUOCL
白痣姹刺蚣			0		THUOCL
白眉啄木鸟			0		THUOCL
白眉地霸鹟			0		THUOCL
白眉守宫			0		THUOCL
白眉扇尾鶲			0		THUOCL
白眉扇尾鹟			0		THUOCL
白眉歌鵖			0		THUOCL
白眉燕鵙			0		THUOCL
白眉笑鸫			0		THUOCL
白眉蓝姬鹟			0		THUOCL
白眉蓝鶲			0		THUOCL
白眉金肩雀鹀			0		THUOCL
白眉针尾雀			0		THUOCL
白眉长颈鸫			0		THUOCL
白眉鳾			0		THUOCL
白眉鵐			0		THUOCL
白眉鵖霸鹟			0		THUOCL
白眉鶲			0		THUOCL
白眉鸣鹃鵙			0		THUOCL
白眉鹡鸰			0		THUOCL
白眉鹰鸮			0		THUOCL
白眉黄腹鹀			0		THUOCL
白眉黑背燕尾			0		THUOCL
白眼丛鹟			0		THUOCL
白眼发冠卷尾			0		THUOCL
白短印鱼			0		THUOCL
白短鮣			0		THUOCL
白缘太波纹蛾			0		THUOCL
白缘拟灯蛾			0		THUOCL
白缘星鱠			0		THUOCL
白缘苇野螟			0		THUOCL
白缘鰑			0		THUOCL
白网纹叉鼻纯			0		THUOCL
白翅黄池鹭			0		THUOCL
白肛海地瓜			0		THUOCL
白肾陌夜蛾			0		THUOCL
白胁卷尾			0		THUOCL
白背针尾雨燕			0		THUOCL
白胫长大蚊			0		THUOCL
白胸侧颈龟			0		THUOCL
白胸刺尾鱼			0		THUOCL
白胸非洲鸦鹛			0		THUOCL
白胸黑雀			0		THUOCL
白脉圆痕叶蝉			0		THUOCL
白脉粘夜蛾			0		THUOCL
白腹小蟌			0		THUOCL
白腹隼雕和棕腹隼雕			0		THUOCL
白腹鱼狗			0		THUOCL
白膝网翅蝗			0		THUOCL
白舌尾甲鰺			0		THUOCL
白色黄斑荫蝶			0		THUOCL
白芒锦天牛			0		THUOCL
白芦茎珊瑚			0		THUOCL
白茨粗角叶甲			0		THUOCL
白蘭地渦螺			0		THUOCL
白蜡虫花翅跳小蜂			0		THUOCL
白身臂灯鱼			0		THUOCL
白轮盾蚧属			0		THUOCL
白边拟槌角蝗			0		THUOCL
白边球胸长蝽			0		THUOCL
白铁轮灰蝶			0		THUOCL
白长腹蝇虎属			0		THUOCL
白霜鳥尾蛤			0		THUOCL
白顶地鸽			0		THUOCL
白顶泥岩尺蛾			0		THUOCL
白颈圆尾鹱			0		THUOCL
白颊刺尾鱼			0		THUOCL
白颊吊			0		THUOCL
白颊灰卷尾			0		THUOCL
白颊白眉猴			0		THUOCL
白颊长尾山雀			0		THUOCL
白额新鹿蛾			0		THUOCL
白额棕翅鸠			0		THUOCL
白马滩斜带毒蛾			0		THUOCL
白鮟鱇			0		THUOCL
白鮟鱇鱼			0		THUOCL
白鹮鹳			0		THUOCL
白鼻丛尾猴			0		THUOCL
白鼻凤尾七丝鲚			0		THUOCL
白鼻豿			0		THUOCL
百合双斜卷叶蛾			0		THUOCL
百娆灰蝶			0		THUOCL
百山祖喀木虱			0		THUOCL
百山祖触啮			0		THUOCL
百山祖长体茧蜂			0		THUOCL
百慕大侧唇鳚			0		THUOCL
百慕大刺蝶鱼			0		THUOCL
百慕大圆尾鹱			0		THUOCL
百慕大小公鱼			0		THUOCL
百慕大小鳀			0		THUOCL
百慕大日角猛水蚤			0		THUOCL
百慕大沼光鳃鱼			0		THUOCL
百慕大潜鱼			0		THUOCL
百慕大芋螺			0		THUOCL
百慕大茎方头鱼			0		THUOCL
百慕大躄鱼			0		THUOCL
百慕大鱵			0		THUOCL
百日红紫薇绒蚧			0		THUOCL
百日草神泽氏叶螨			0		THUOCL
百瑙钝虾虎鱼			0		THUOCL
百瑙钝鰕虎鱼			0		THUOCL
百转蜗牛			0		THUOCL
百陶箭虫			0		THUOCL
皂荚后丽盲蝽			0		THUOCL
皂角豆象			0		THUOCL
皇家宝贝宠物店			0		THUOCL
皇辉蜂鸟			0		THUOCL
皖南中蜂			0		THUOCL
皮卡迪獚			0		THUOCL
皮叶虫未定种			0		THUOCL
皮尔劳尔猿			0		THUOCL
皮屑奇孔螅			0		THUOCL
皮屑躄鱼			0		THUOCL
皮弗娄牛			0		THUOCL
皮氏斑纹海豚			0		THUOCL
皮特河楔齿七鳃鳗			0		THUOCL
皮瘤蝇			0		THUOCL
皮萨诺龙			0		THUOCL
皮须小鮋			0		THUOCL
皱唇凤凰螺			0		THUOCL
皱唇异丽金龟			0		THUOCL
皱唇鲨亚目			0		THUOCL
皱常室茧蜂			0		THUOCL
皱纹克劳蟹			0		THUOCL
皱纹突畸心蛤			0		THUOCL
皱背肖叶甲			0		THUOCL
皱背腹柄姬小蜂			0		THUOCL
皱背食甲茧蜂			0		THUOCL
皱胸鸽			0		THUOCL
皱脊扁蝽			0		THUOCL
皱贝属			0		THUOCL
皱顶齿腹茧蜂			0		THUOCL
皱颈玉米卷管螺			0		THUOCL
皿形长逍遥蛛			0		THUOCL
盆唇华鲮			0		THUOCL
盈德益秀朝鲜鳅			0		THUOCL
盈江条鳅			0		THUOCL
益本直毛花金龟			0		THUOCL
盐宽箬鳎			0		THUOCL
盐津水牛			0		THUOCL
盐源卷肢溪蟹			0		THUOCL
盐源山蛭			0		THUOCL
盐生古北飞虱			0		THUOCL
盐边山蛭			0		THUOCL
盐都龙属			0		THUOCL
盐酸地芬诺脂			0		THUOCL
监督吸蜜鸟			0		THUOCL
盔裸棘杜父鱼			0		THUOCL
盖加鹦哥			0		THUOCL
盖勾亚守宫			0		THUOCL
盖布东方宝螺			0		THUOCL
盖缘水母			0		THUOCL
盖茨山低线鱲			0		THUOCL
盖茨氏蚜蝇			0		THUOCL
盘前睾平形吸虫			0		THUOCL
盘叶泉种蝇			0		THUOCL
盘形古杯动物			0		THUOCL
盘形辛那参			0		THUOCL
盘缠毛腹虫			0		THUOCL
盤孔喉盤鱼			0		THUOCL
目纹栉角斑螟			0		THUOCL
目豹天蚕蛾			0		THUOCL
盲伪蝎			0		THUOCL
盲墨头鱼			0		THUOCL
盲尾蚓螈			0		THUOCL
盲深海青眼鱼			0		THUOCL
盲目孔头鲷			0		THUOCL
盲眼冥脂鲤			0		THUOCL
盲眼动物			0		THUOCL
盲眼叩甲			0		THUOCL
盲眼洞穴鱼			0		THUOCL
盲眼穴居蟹			0		THUOCL
盲缺肢蜥			0		THUOCL
盲鮰			0		THUOCL
直伸肖蛸			0		THUOCL
直侏鰕虎鱼			0		THUOCL
直叶球喙花蝇			0		THUOCL
直嘴芦雀			0		THUOCL
直嘴雀			0		THUOCL
直孔贝			0		THUOCL
直安钮夜蛾			0		THUOCL
直尾溪鳉			0		THUOCL
直带小卷蛾			0		THUOCL
直带毛腹尺蛾			0		THUOCL
直带长角蛾			0		THUOCL
直带黄枯叶蛾			0		THUOCL
直带黛眼蝶			0		THUOCL
直影夜蛾			0		THUOCL
直条短节天牛			0		THUOCL
直条蜉寄蝇			0		THUOCL
直浮萤属			0		THUOCL
直瓣食甲茧蜂			0		THUOCL
直眉鲆			0		THUOCL
直立华溪蟹			0		THUOCL
直立宽腹叶蜂			0		THUOCL
直纹合叶珊瑚			0		THUOCL
直纹尺蛾			0		THUOCL
直纹弄蝶			0		THUOCL
直纹白尺蛾			0		THUOCL
直纹稻弄蝶			0		THUOCL
直纹黄室弄蝶			0		THUOCL
直线仿锈腰尺蛾			0		THUOCL
直线平鰺			0		THUOCL
直线眼管虫			0		THUOCL
直缘卑钩蛾			0		THUOCL
直缘延额盲蝽			0		THUOCL
直缘豆粉蝶			0		THUOCL
直翅斜纹天蛾			0		THUOCL
直翅目蝗虫			0		THUOCL
直肋蕈珊瑚			0		THUOCL
直肠盘腔吸虫			0		THUOCL
直腹足亚纲			0		THUOCL
直蝶灯蛾			0		THUOCL
直角巴布蜘蛛			0		THUOCL
直角白线弄蝶			0		THUOCL
直角石目			0		THUOCL
直角颊光鱼			0		THUOCL
直身小胸电鳗			0		THUOCL
直长肩花蝽			0		THUOCL
直额弯尾蚤			0		THUOCL
直额蟳			0		THUOCL
直额裸腹蚤			0		THUOCL
直驼背凤凰螺			0		THUOCL
直鳍犬牙石首鱼			0		THUOCL
直鼻猴类			0		THUOCL
直齿鹰			0		THUOCL
相似小胸虫			0		THUOCL
相思拟木蠹蛾			0		THUOCL
相模四额齿蟹			0		THUOCL
相模多精囊海鞘			0		THUOCL
相模帆乌贼			0		THUOCL
相模栗壳蟹			0		THUOCL
相模湾棘花鮨			0		THUOCL
相模背鳞虫			0		THUOCL
相模鰕虎鱼			0		THUOCL
盾伪似盘钩虫			0		THUOCL
盾八门孔虫			0		THUOCL
盾形高手水母			0		THUOCL
盾蚧短缘毛蚜小蜂			0		THUOCL
盾蚧缺缘跳小蜂			0		THUOCL
省沽油囊管蚜			0		THUOCL
眉夜蛾			0		THUOCL
眉天牛			0		THUOCL
眉山束跳甲			0		THUOCL
眉斑并脊天牛			0		THUOCL
眉毛魟			0		THUOCL
眉纹冠雉			0		THUOCL
眉纹地莺			0		THUOCL
眉赤蜻			0		THUOCL
眉须鳞头鮋			0		THUOCL
眉鳚			0		THUOCL
看守长眼蟹			0		THUOCL
看家产品上规模			0		THUOCL
眛影细蟌			0		THUOCL
真兽小灵猫			0		THUOCL
真前孔鲀			0		THUOCL
真副狮子鱼			0		THUOCL
真副鳢			0		THUOCL
真反椎龙属			0		THUOCL
真唇丽鱼			0		THUOCL
真唇水母属			0		THUOCL
真喜萤属			0		THUOCL
真圆鰕虎鱼			0		THUOCL
真岛氏细银鮈			0		THUOCL
真强状水母			0		THUOCL
真形星口水母			0		THUOCL
真方头鱼			0		THUOCL
真棘匙甲鲶			0		THUOCL
真浮游生物			0		THUOCL
真浮萤属			0		THUOCL
真精器鱼			0		THUOCL
真胃穴水母			0		THUOCL
真腔骨龙			0		THUOCL
真蛇尾目			0		THUOCL
真长鳍天竺鲷			0		THUOCL
真阴影绒毛鲨			0		THUOCL
真隆头鮨			0		THUOCL
真隔膜水母			0		THUOCL
真鹿亚科			0		THUOCL
眩辉大咽非鲫			0		THUOCL
眯目夜蛾			0		THUOCL
眶前片			0		THUOCL
眶崤虎鲨			0		THUOCL
眼八管水母			0		THUOCL
眼带叶鰕虎鱼			0		THUOCL
眼带小鰕虎鱼			0		THUOCL
眼带狭鰕虎鱼			0		THUOCL
眼带篮子鱼			0		THUOCL
眼带连鳍喉盘鱼			0		THUOCL
眼带锯鳞鰕虎鱼			0		THUOCL
眼带鳚虾虎鱼			0		THUOCL
眼带鳚鰕虎			0		THUOCL
眼斑乳突天竺鲷			0		THUOCL
眼斑厚盲蝽			0		THUOCL
眼斑吐绶鸡			0		THUOCL
眼斑多叶鳃			0		THUOCL
眼斑宝螺			0		THUOCL
眼斑帆鳍杜父鱼			0		THUOCL
眼斑广盾瓢虫			0		THUOCL
眼斑拟唇鱼			0		THUOCL
眼斑星背丽鱼			0		THUOCL
眼斑海鹿			0		THUOCL
眼斑潜鲆			0		THUOCL
眼斑线鳍鮃			0		THUOCL
眼斑腔吻鳕			0		THUOCL
眼斑营冢鸟			0		THUOCL
眼斑躄鱼			0		THUOCL
眼斑阿胡鰕虎			0		THUOCL
眼斑须霸鹟			0		THUOCL
眼斑须鮨			0		THUOCL
眼斑齿胫天牛			0		THUOCL
眼沟筒胸肖叶甲			0		THUOCL
眼灰蝶亚科			0		THUOCL
眼点副棘鲆			0		THUOCL
眼点副齿脂鲤			0		THUOCL
眼点小纹尺蛾			0		THUOCL
眼点枪吻海龙			0		THUOCL
眼点沟鰕虎鱼			0		THUOCL
眼点溪鳉			0		THUOCL
眼点狗母鱼			0		THUOCL
眼点白睛鰕虎鱼			0		THUOCL
眼点短吻狮子鱼			0		THUOCL
眼点鮄杜父鱼			0		THUOCL
眼瓣沟鰕虎鱼			0		THUOCL
眼纹木舟蛾			0		THUOCL
睇暮眼蝶			0		THUOCL
睛尾吻棘鳅			0		THUOCL
睛尾新几内亚塘鳢			0		THUOCL
睛尾蝌蚪鰕虎鱼			0		THUOCL
睛斑副伪鳃鳉			0		THUOCL
瞬目膜带虫			0		THUOCL
瞻星盾陶乐鲶			0		THUOCL
瞻星粗头鮋			0		THUOCL
瞻星粗头鲉			0		THUOCL
瞻星锡伯鲶			0		THUOCL
瞻星鱼科			0		THUOCL
矛吻海龙			0		THUOCL
矛吻腔吻鳕			0		THUOCL
矛吻蛇颈龟			0		THUOCL
矛尾蜂鸟			0		THUOCL
矛尾鰕虎			0		THUOCL
矛尾鰕虎鱼			0		THUOCL
矛形卷管螺			0		THUOCL
矛形奥斯特线虫			0		THUOCL
矛形峨螺			0		THUOCL
矛形柏螅			0		THUOCL
矛形梭子蟹			0		THUOCL
矛形纹胸鮡			0		THUOCL
矛斑渔鸮			0		THUOCL
矛毛虫			0		THUOCL
矛毛虫属			0		THUOCL
矛状拟平牙鰕虎鱼			0		THUOCL
矛状美鰕虎鱼			0		THUOCL
矛状芒果蛛			0		THUOCL
矛状鳞壳虫			0		THUOCL
矛环蛱蝶			0		THUOCL
矛端小毛瓢虫			0		THUOCL
矛纹云斑野螟			0		THUOCL
矛腹刻柄金小蜂			0		THUOCL
矛螺			0		THUOCL
矛角樱蛤			0		THUOCL
矛鱊			0		THUOCL
矢仓笔螺			0		THUOCL
矢形角舟水母			0		THUOCL
矢端隐势瓢虫			0		THUOCL
矩翅粉蝶			0		THUOCL
矩褐卷蛾			0		THUOCL
短体副鳅			0		THUOCL
短体北鳅			0		THUOCL
短刺直浮萤			0		THUOCL
短刺跗地种蝇			0		THUOCL
短刺鹿角蝉			0		THUOCL
短吻前肛鳗			0		THUOCL
短吻大头糯鳗			0		THUOCL
短吻海蠋鱼			0		THUOCL
短吻红斑吻鰕虎鱼			0		THUOCL
短吻裂鳍亚口鱼			0		THUOCL
短吻褐斑吻鰕虎鱼			0		THUOCL
短吻飞旋原海豚			0		THUOCL
短吻鱼畐			0		THUOCL
短吻黑鮡			0		THUOCL
短圆荚萤			0		THUOCL
短小拟五角蟹			0		THUOCL
短尾伪阿玛猛水蚤			0		THUOCL
短尾侏儒仓鼠			0		THUOCL
短尾哑霸鹟			0		THUOCL
短尾圆斑小卷蛾			0		THUOCL
短尾奥湖剑水蚤			0		THUOCL
短尾小鲈			0		THUOCL
短尾瓢鳍鰕虎鱼			0		THUOCL
短尾盲糠虾			0		THUOCL
短尾短刺圆鲀			0		THUOCL
短尾粗吻海龙			0		THUOCL
短尾翠鴗			0		THUOCL
短尾肉垂风鸟			0		THUOCL
短尾胸刺水蚤			0		THUOCL
短尾腔吻鳕			0		THUOCL
短尾蓝灰蝶			0		THUOCL
短尾贼鸥			0		THUOCL
短尾跃度蝗			0		THUOCL
短尾锋毛鼠			0		THUOCL
短尾长身鱊			0		THUOCL
短尾长颌须鮈			0		THUOCL
短尾雀鹀属			0		THUOCL
短尾雀鹰			0		THUOCL
短尾马歇尔线虫			0		THUOCL
短尾鮠			0		THUOCL
短尾鱥			0		THUOCL
短尾鼓窗蟹			0		THUOCL
短带鰆			0		THUOCL
短手大海葵			0		THUOCL
短拟刺盖鰕虎鱼			0		THUOCL
短指唇指			0		THUOCL
短掌寄居蟹			0		THUOCL
短棒真浮萤			0		THUOCL
短棘侏鰕虎鱼			0		THUOCL
短棘纺锤鰕虎鱼			0		THUOCL
短椭龟甲			0		THUOCL
短毛太仓小猎犬			0		THUOCL
短毛斯夫金小蜂			0		THUOCL
短沟纹鬘螺			0		THUOCL
短爪奥斯渥寄蝇			0		THUOCL
短爪裸背寄蝇			0		THUOCL
短瓢鰕虎鱼			0		THUOCL
短盖木鼻白蚁			0		THUOCL
短盖肥脂鲤淡水			0		THUOCL
短盖野鲮			0		THUOCL
短穗铁苋菜			0		THUOCL
短翅华癞蝗			0		THUOCL
短翅小鳞仿石鲈			0		THUOCL
短翅直背蝗			0		THUOCL
短翼珍珠贝			0		THUOCL
短背鳍皮颏鱵			0		THUOCL
短胸长蟹蛛			0		THUOCL
短胸长逍遥蛛			0		THUOCL
短脚狄文挭			0		THUOCL
短脚狄文更			0		THUOCL
短脚硬长毛猎犬			0		THUOCL
短脚长耳犬			0		THUOCL
短腹匙同蝽			0		THUOCL
短腹头带冰鱼			0		THUOCL
短腹平直蚤			0		THUOCL
短腹幽蟌			0		THUOCL
短腹拟鮃			0		THUOCL
短腹赘须金小蜂			0		THUOCL
短膝剑角蝗			0		THUOCL
短臀中波鱼			0		THUOCL
短臀近红鮈			0		THUOCL
短臂短印鱼			0		THUOCL
短臂短鮣			0		THUOCL
短节斧钩绦虫			0		THUOCL
短芒切突食虫虻			0		THUOCL
短蕉黄斑弄蝶			0		THUOCL
短角双眼钩虾			0		THUOCL
短角床杜父鱼			0		THUOCL
短角爱氏海葵			0		THUOCL
短角窗萤属			0		THUOCL
短角粗毛蚤			0		THUOCL
短角苍祝蛾			0		THUOCL
短跗新康蚖			0		THUOCL
短身拳海龙			0		THUOCL
短钩伪指环虫			0		THUOCL
短锚首虫			0		THUOCL
短须鱼芒			0		THUOCL
短鳍新灯笼鱼			0		THUOCL
短鳍粗棘蜥			0		THUOCL
矮头短吻长尾鳕			0		THUOCL
矮小黄道蟹			0		THUOCL
矮鮨朴丽鱼			0		THUOCL
石千峰龙属			0		THUOCL
石斛篓象			0		THUOCL
石楼禾虫			0		THUOCL
石榴盆景紫薇绒蚧			0		THUOCL
石纹维尺蛾			0		THUOCL
石蛃目			0		THUOCL
石龙门单爪螯蜂			0		THUOCL
矶塘鱧			0		THUOCL
矶川氏红鲂鮄			0		THUOCL
砂囊瓣口线虫			0		THUOCL
砂大指鱚			0		THUOCL
砖墙芋螺			0		THUOCL
砖形瓦浮萤			0		THUOCL
砖红溪汉鱼			0		THUOCL
砖红特氏线虫			0		THUOCL
砖红芋螺			0		THUOCL
砖纹马拉维丽鱼			0		THUOCL
砖臼齿兽属			0		THUOCL
破灭魔人泽布卜			0		THUOCL
硅胶宠物砂			0		THUOCL
硫黄腹啸鹟			0		THUOCL
硬刺柄珊瑚			0		THUOCL
硬叶裂银杏			0		THUOCL
硬囊海胆			0		THUOCL
硬壳浅蜊			0		THUOCL
硬头阿氏杜父鱼			0		THUOCL
硬尾鸭属			0		THUOCL
硬指参			0		THUOCL
硬棘坚体吸虫			0		THUOCL
硬棘小鲨			0		THUOCL
硬毛指示猎物格里芬狗			0		THUOCL
硬毛猎狐犬			0		THUOCL
硬毛维兹拉犬			0		THUOCL
硬毛贝绵蟹			0		THUOCL
硬皮鰕虎鱼			0		THUOCL
硬突小齐海鞘			0		THUOCL
硬背侏儒鲨			0		THUOCL
硬膜石蛤			0		THUOCL
硬骨海绵纲			0		THUOCL
硬骨硬鳞下纲			0		THUOCL
硬骨骨骼			0		THUOCL
硬齿鱼类			0		THUOCL
碎屑食性动物			0		THUOCL
碎斑黄污灯蛾			0		THUOCL
碎纹粗皱步甲			0		THUOCL
碎花织锦芋螺			0		THUOCL
碎花芋螺			0		THUOCL
碧伟蜒			0		THUOCL
碧桃红颈天牛			0		THUOCL
碧角翅夜蛾			0		THUOCL
磚紅芋螺			0		THUOCL
磨光招潮蟹			0		THUOCL
磨石毛蜗牛			0		THUOCL
磨笋螺			0		THUOCL
磨菇杯蛛			0		THUOCL
磨齿穴丽鱼			0		THUOCL
磨齿钝齿鱼			0		THUOCL
礁鹿			0		THUOCL
礼貌鸟			0		THUOCL
社会岛大金背啄木鸟			0		THUOCL
祖父板龙			0		THUOCL
祖鲁蓬背鹟			0		THUOCL
祝氏鳞跨茧蜂			0		THUOCL
祝蛾科			0		THUOCL
神农吻鰕虎鱼			0		THUOCL
神农圆胸隐翅虫			0		THUOCL
神农新丽盲蝽			0		THUOCL
神农虫			0		THUOCL
神女下口鲶			0		THUOCL
神女费尔鰕虎鱼			0		THUOCL
神木雏蝗			0		THUOCL
神鹰龟属			0		THUOCL
禄丰始猫熊			0		THUOCL
禄丰西瓦古猿			0		THUOCL
禄峒爬鳅			0		THUOCL
福尔摩沙盲鳗			0		THUOCL
福尔摩莎鳉			0		THUOCL
福建斜带葡萄天蛾			0		THUOCL
福建犁沟茧蜂			0		THUOCL
福建省动物营养研究室			0		THUOCL
福建粗角肖叶甲			0		THUOCL
福態捲管螺			0		THUOCL
福雷斯特氏棘花鮨			0		THUOCL
福鼎黑脚麻鸡			0		THUOCL
离棘真豹鲂鮄			0		THUOCL
禾杆鲤			0		THUOCL
禾背刺毡蜡蚧			0		THUOCL
秀丽红胁鱥			0		THUOCL
秀丽荣栉孔扇贝			0		THUOCL
秀唇旋虫			0		THUOCL
秀小水母虫			0		THUOCL
秀康指环虫			0		THUOCL
秀弓脉茧蜂			0		THUOCL
秀栗壳虫			0		THUOCL
秀色毛盾盲蝽			0		THUOCL
秀英银鳞蛛			0		THUOCL
秃尾材小蠹			0		THUOCL
秉伪指环虫			0		THUOCL
秉志吸尾线虫			0		THUOCL
秉志线虫属			0		THUOCL
种子岛矮冠鳚			0		THUOCL
种子岛硬皮鰕虎			0		THUOCL
种子岛美鰕虎鱼			0		THUOCL
秏鸡猫儿			0		THUOCL
科克森牛羚			0		THUOCL
科克舌鰕虎鱼			0		THUOCL
科勒氏鳅鮀			0		THUOCL
科多夫下口鲶			0		THUOCL
科尔卡纳灶鸟			0		THUOCL
科尔布白领青长尾猴			0		THUOCL
科尔索犬			0		THUOCL
科尔芝克鱥			0		THUOCL
科岛狐蝠			0		THUOCL
科岛针尾雀			0		THUOCL
科岛霸鹟			0		THUOCL
科希鲁鲹			0		THUOCL
科恩小褐鳕			0		THUOCL
科恩氏纹胸鮡			0		THUOCL
科恰歌鹀			0		THUOCL
科摩罗卷尾			0		THUOCL
科摩罗林鸽			0		THUOCL
科摩罗猫鲨			0		THUOCL
科摩罗角鸮			0		THUOCL
科摩罗鸫			0		THUOCL
科斯勒宝螺			0		THUOCL
科斯莫多角龙			0		THUOCL
科科斯岛瓢鰕虎鱼			0		THUOCL
科科斯群岛滨珊瑚			0		THUOCL
科科斯群岛雀属			0		THUOCL
科罗拉多招潮蟹			0		THUOCL
科苏梅尔浣熊			0		THUOCL
科茨海鲶			0		THUOCL
科茨玛利安蚓			0		THUOCL
科莫小鲑脂鲤			0		THUOCL
科莫歧须鮠			0		THUOCL
科莫河岩头长颌鱼			0		THUOCL
科菲非鲫			0		THUOCL
科西嘉凤蝶			0		THUOCL
科西嘉岛野兔			0		THUOCL
科达伊目			0		THUOCL
科达布犬			0		THUOCL
科达海鲶			0		THUOCL
科迪亚克北极地松鼠			0		THUOCL
科迪亚克岛棕熊			0		THUOCL
科迪纹霸鹟			0		THUOCL
科里亚克北极地松鼠			0		THUOCL
科门德耳犬			0		THUOCL
科阿韦拉角龙			0		THUOCL
科马奇金圆蛛			0		THUOCL
秘鲁似鰕虎鱼			0		THUOCL
秘鲁前鳍鲉			0		THUOCL
秘鲁副矛			0		THUOCL
秘鲁印加兰花犬			0		THUOCL
秘鲁喜水鲶			0		THUOCL
秘鲁夜猴			0		THUOCL
秘鲁小耳鼩			0		THUOCL
秘鲁小霸鹟			0		THUOCL
秘鲁岭雀鹀			0		THUOCL
秘鲁彩鹮			0		THUOCL
秘鲁拟喜盖鲶			0		THUOCL
秘鲁拾叶雀			0		THUOCL
秘鲁斑			0		THUOCL
秘鲁斑尾蜂鸟			0		THUOCL
秘鲁无毛犬			0		THUOCL
秘鲁月胸窜鸟			0		THUOCL
秘鲁林角鸮			0		THUOCL
秘鲁毛口鲶			0		THUOCL
秘鲁溪鳉			0		THUOCL
秘鲁燕鸥			0		THUOCL
秘鲁犬牙石首鱼			0		THUOCL
秘鲁白眉针尾雀			0		THUOCL
秘鲁直线脂鲤			0		THUOCL
秘鲁矛丽鱼			0		THUOCL
秘鲁石鸻			0		THUOCL
秘鲁蓝翅鹦哥			0		THUOCL
秘鲁西南部穴鸮			0		THUOCL
秘鲁角鸮			0		THUOCL
秘鲁针尾雀			0		THUOCL
秘鲁钴蓝粉趾			0		THUOCL
秘鲁马驼鹿			0		THUOCL
秘鲁鸊鷉			0		THUOCL
秘鲁鸺鹠			0		THUOCL
秦安嵌齿象			0		THUOCL
秦巴拟小鲵			0		THUOCL
秦得圣赫伯特犬			0		THUOCL
秦皇山渔业			0		THUOCL
秦菲蛱蝶			0		THUOCL
稀有白甲鱼			0		THUOCL
稀毛短肛虫修			0		THUOCL
稀鳞副鱥			0		THUOCL
稜头硬皮鰕虎			0		THUOCL
稻卷叶螟大斑黄小蜂			0		THUOCL
稻小潜蝇茧蜂			0		THUOCL
稻毛虫花茧姬蜂			0		THUOCL
稻潜蝇离颚茧蜂			0		THUOCL
稻瘿蚊黄柄黑蜂			0		THUOCL
稻眼蝶白趺姬小蜂			0		THUOCL
稻纵卷叶螟大斑黄小蜂			0		THUOCL
稻纵卷叶螟白星姬蜂			0		THUOCL
稻纵卷叶螟红腹姬蜂			0		THUOCL
稻纵卷叶螟肿腿蜂			0		THUOCL
稻纵卷叶野螟蛾			0		THUOCL
稻苞虫下孔茧蜂			0		THUOCL
稻苞虫凹眼姬蜂			0		THUOCL
稻苞虫弧脊姬蜂			0		THUOCL
稻苞虫羽角姬小蜂			0		THUOCL
稻苞虫腹柄姬小蜂			0		THUOCL
稻长距旋小蜂			0		THUOCL
穆勒海目虫			0		THUOCL
穆尔希腊陆龟			0		THUOCL
穆尔登岛鲾			0		THUOCL
穆尔西亚骡子			0		THUOCL
穆耶恩龙			0		THUOCL
穋尔氏朴丽鱼			0		THUOCL
穴小鸮			0		THUOCL
穴居似兔猴			0		THUOCL
穴鵖			0		THUOCL
空彩龙			0		THUOCL
空棘鱼目			0		THUOCL
空棘鱼科			0		THUOCL
空蝶灯蛾			0		THUOCL
突出古湖蛇尾			0		THUOCL
突叶伪额花蝇			0		THUOCL
突吻叫姑鱼			0		THUOCL
突吻尖鼻箱鲀			0		THUOCL
突眼小蹦蝗			0		THUOCL
突缘叶蝉			0		THUOCL
突胸窗萤			0		THUOCL
突角小粉蝶			0		THUOCL
窃鹿毛鸟			0		THUOCL
窄体平鳍鮠			0		THUOCL
窄体腹吸鳅			0		THUOCL
窄体髯鰕虎鱼			0		THUOCL
窄切叶蜂			0		THUOCL
窄叶牛鱼			0		THUOCL
窄叶突肥螋			0		THUOCL
窄吻毛鼻鲶			0		THUOCL
窄吻腔吻鱈			0		THUOCL
窄吻腔吻鳕			0		THUOCL
窄吻角鲨			0		THUOCL
窄唇纲			0		THUOCL
窄嘴雀			0		THUOCL
窄嘴鴷雀			0		THUOCL
窄壳纲			0		THUOCL
窄头鮨丽鱼			0		THUOCL
窄小刀螳螂			0		THUOCL
窄小华溪蟹			0		THUOCL
窄尾小糠虾			0		THUOCL
窄尾矮狮子鱼			0		THUOCL
窄尾高原鳅			0		THUOCL
窄带八门孔虫			0		THUOCL
窄带小鳀			0		THUOCL
窄带矛吻海龙			0		THUOCL
窄招潮蟹			0		THUOCL
窄指招潮蟹			0		THUOCL
窄斑凤尾蛱蝶			0		THUOCL
窄条光唇鱼			0		THUOCL
窄条荷苔蛾			0		THUOCL
窄桥匣子麝香龟			0		THUOCL
窄歧须鮠			0		THUOCL
窄毛淡脉隧蜂			0		THUOCL
窄琵琶蟹			0		THUOCL
窄瘦形箭虫			0		THUOCL
窄眶多棘牛尾鱼			0		THUOCL
窄眶牛尾鱼			0		THUOCL
窄眼淡脉隧蜂			0		THUOCL
窄眼繸鲬			0		THUOCL
窄纹獴			0		THUOCL
窄纹袖弄蝶			0		THUOCL
窄翅扁齿舟蛾			0		THUOCL
窄翅波纹蛾			0		THUOCL
窄翅绿夜蛾			0		THUOCL
窄翅舟蛾			0		THUOCL
窄翅角纹弄蝶			0		THUOCL
窄肢中溪蟹			0		THUOCL
窄脉绢粉蝶			0		THUOCL
窄身新光唇鱼			0		THUOCL
窄身裸背电鳗			0		THUOCL
窄身锯花鮰			0		THUOCL
窄身鮠			0		THUOCL
窄鞭冠鮟鱇			0		THUOCL
窄颅带鱼			0		THUOCL
窄颊切叶蜂			0		THUOCL
窄额琵琶蟹			0		THUOCL
窄齿天王宝螺			0		THUOCL
窑滩间吸鳅			0		THUOCL
窗翅钩蛾			0		THUOCL
窦舟蛾			0		THUOCL
窿缘小叶桉			0		THUOCL
竖琴骨螺			0		THUOCL
章鱼保罗二世			0		THUOCL
端小胸电鳗			0		THUOCL
端粗范氏水母			0		THUOCL
端纽虫			0		THUOCL
端褐长跗萤叶甲			0		THUOCL
竹崎埃利茧蜂			0		THUOCL
竹斯维蚜			0		THUOCL
竹直锥大象虫			0		THUOCL
竹窄翅舟蛾			0		THUOCL
竹筍鳳凰螺			0		THUOCL
竹芯翎翅野螟			0		THUOCL
竹蠹虫蛀末			0		THUOCL
竹金黄镰翅野螟			0		THUOCL
笑笑萌猫			0		THUOCL
笑鴗			0		THUOCL
笠腹希蛛			0		THUOCL
第四纪灭绝事件			0		THUOCL
笼四脚篮虫			0		THUOCL
筆頭鳳凰螺			0		THUOCL
等侧肋古柏线虫			0		THUOCL
等列层			0		THUOCL
等斑乳突天竺鲷			0		THUOCL
等爪四脉绵蚜			0		THUOCL
等称虫属			0		THUOCL
等钳蠊螨			0		THUOCL
等齿小吻盲虫			0		THUOCL
筒杞龟甲			0		THUOCL
筒轴茅			0		THUOCL
筛毛盆步甲			0		THUOCL
简丝帽水母			0		THUOCL
算盘珠墨龙睛			0		THUOCL
算盘蛤			0		THUOCL
管尾蜗牛			0		THUOCL
箭小鰕虎鱼			0		THUOCL
箭形角杯水母			0		THUOCL
箭形长颌鱼			0		THUOCL
箱形扇贝			0		THUOCL
簇毛伪厚缘肖叶甲			0		THUOCL
簇虫亚纲			0		THUOCL
簇角缨象天牛			0		THUOCL
米克列海蛳螺			0		THUOCL
米克氏锥体糯鳗			0		THUOCL
米利戈德金刚鹦鹉			0		THUOCL
米勒灰叶猴			0		THUOCL
米却肯溪蝾螈			0		THUOCL
米契林角石属			0		THUOCL
米氏小叶鞘			0		THUOCL
米氏拟圆壳蟹			0		THUOCL
米氏残臂鲆			0		THUOCL
米氏画眉鸟宝螺			0		THUOCL
米氏腹瓢鰕虎鱼			0		THUOCL
米泉园蛛			0		THUOCL
米润斯天使马勒当拿珍珠			0		THUOCL
米白日本卷管螺			0		THUOCL
米苏尔岛虹银汉鱼			0		THUOCL
类凡隆气单胞菌			0		THUOCL
类动物原生生物			0		THUOCL
类安得罗叶宝螺			0		THUOCL
类梨形狡蛛			0		THUOCL
类棱角菊石			0		THUOCL
类筒云斑蛛			0		THUOCL
类黄端棘蝇			0		THUOCL
类鼻疽伯克海螺			0		THUOCL
粉吊鱼			0		THUOCL
粉彩吉丁虫			0		THUOCL
粉斑丛鵙			0		THUOCL
粉斑丛鵙属			0		THUOCL
粉点虾虎			0		THUOCL
粉点虾虎鱼			0		THUOCL
粉点闪夜蛾			0		THUOCL
粉紅玉螺			0		THUOCL
粉紅錐折螺			0		THUOCL
粉红圈锯背龟			0		THUOCL
粉红小樱蛤			0		THUOCL
粉红氰化千足虫			0		THUOCL
粉红瓶鼻海豚			0		THUOCL
粉红胸歌百灵			0		THUOCL
粉翠夜蛾			0		THUOCL
粉背筒胸肖叶甲			0		THUOCL
粉胸斑鸠			0		THUOCL
粉腹彩鹀			0		THUOCL
粉蜂虎			0		THUOCL
粉蝶亚科			0		THUOCL
粉蝶敌蛾			0		THUOCL
粉蝶灯蛾			0		THUOCL
粉额蚤寄蝇			0		THUOCL
粉额蜻蜓			0		THUOCL
粒纹大齿猛蚁			0		THUOCL
粗体澳洲躄鱼			0		THUOCL
粗健指环虫			0		THUOCL
粗刺刺萤			0		THUOCL
粗刺大尾蚤			0		THUOCL
粗刺锦鸡儿			0		THUOCL
粗刻平肩肖叶甲			0		THUOCL
粗刻日萤叶甲			0		THUOCL
粗刻茶肖叶甲			0		THUOCL
粗唇腹瓢鰕虎鱼			0		THUOCL
粗大后浮萤			0		THUOCL
粗姬黑金龟			0		THUOCL
粗宽尾颌针鱼			0		THUOCL
粗寡须鳚			0		THUOCL
粗指小袖水蚤			0		THUOCL
粗掌大权蟹			0		THUOCL
粗文九孔			0		THUOCL
粗斑筆螺			0		THUOCL
粗棘唇银汉鱼			0		THUOCL
粗棘鮄杜父鱼			0		THUOCL
粗棘鼻鱼			0		THUOCL
粗毛毛鳞菊			0		THUOCL
粗灰蜻			0		THUOCL
粗点突肩花天牛			0		THUOCL
粗点锯天牛			0		THUOCL
粗点隐盾叶甲			0		THUOCL
粗甲裂额蟹			0		THUOCL
粗目锯天牛			0		THUOCL
粗硬头海鲶			0		THUOCL
粗管浅室水母			0		THUOCL
粗糙二段海鞘			0		THUOCL
粗糙准舌唇鱼			0		THUOCL
粗糙双指鳞虫			0		THUOCL
粗糙杜父鱼			0		THUOCL
粗糙核果螺			0		THUOCL
粗糙棘叶珊瑚			0		THUOCL
粗糙棘猛水蚤			0		THUOCL
粗糙毛壳蟹			0		THUOCL
粗糙滨螺			0		THUOCL
粗糙澳虎			0		THUOCL
粗糙砂棒虫			0		THUOCL
粗糙菊花珊瑚			0		THUOCL
粗糙酋妇蟹			0		THUOCL
粗糙鹿角珊瑚			0		THUOCL
粗纹暗色鰟鲏			0		THUOCL
粗纹马鰏			0		THUOCL
粗绿彩丽金龟			0		THUOCL
粗股角胸肖叶甲			0		THUOCL
粗背杜父鱼			0		THUOCL
粗脊天牛			0		THUOCL
粗茎本内苏铁			0		THUOCL
粗角优茧蜂			0		THUOCL
粗角巨片叶蜂			0		THUOCL
粗角异草盲蝽			0		THUOCL
粗角新哲水蚤			0		THUOCL
粗角步行虫			0		THUOCL
粗角猛蚁属			0		THUOCL
粗角粪金龟			0		THUOCL
粗角缘顶盲蝽			0		THUOCL
粗野鹿角珊瑚			0		THUOCL
粗钩伪似盘钩虫			0		THUOCL
粗钩伪锚盘虫			0		THUOCL
粗钩邻外啮			0		THUOCL
粗长腹剑水蚤			0		THUOCL
粗雕裂螺			0		THUOCL
粗额细叶蜂			0		THUOCL
粗饰锯齿扇贝			0		THUOCL
粗鳞刺尾鬣蜥			0		THUOCL
粗鳞星杜父鱼			0		THUOCL
粗鸡爪海星			0		THUOCL
粗鼻钝颚白蚁			0		THUOCL
粗齒鶉螺			0		THUOCL
粘体动物亚门			0		THUOCL
粘体虫科			0		THUOCL
粘土招潮蟹			0		THUOCL
粘孢子虫纲			0		THUOCL
粘杜父鱼			0		THUOCL
粘液双边凹螺			0		THUOCL
粘皮鲻虾虎鱼			0		THUOCL
粘皮鲻鰕虎鱼			0		THUOCL
粘细锚参			0		THUOCL
粘臂筛孔圆锥虫			0		THUOCL
粘舟蛾			0		THUOCL
粘虫侧须寄蝇			0		THUOCL
粘虫广肩小蜂			0		THUOCL
粘虫棘领姬蜂			0		THUOCL
粘虫白星姬蜂			0		THUOCL
粘虫缺须寄蝇			0		THUOCL
粘虫脊茧蜂			0		THUOCL
粘虫赤眼蜂			0		THUOCL
粘虫长芒寄蝇			0		THUOCL
粘虫黑卵蜂			0		THUOCL
粤枫一号			0		THUOCL
精美临河盗龙			0		THUOCL
精致大眼剑水蚤			0		THUOCL
精致宝螺			0		THUOCL
精致睫毛凤凰螺			0		THUOCL
糊脸对猴			0		THUOCL
糕模虫属			0		THUOCL
糖果蜗牛			0		THUOCL
糖醋松子桂鱼			0		THUOCL
糙唇裸背电鳗			0		THUOCL
糙头下口鲶			0		THUOCL
糙盖花鮨			0		THUOCL
紀伊骨螺			0		THUOCL
紅千手螺			0		THUOCL
紅嬌鳳凰螺			0		THUOCL
紅尾黑巴丹			0		THUOCL
紅斑塔旋螺			0		THUOCL
紅棗芋螺			0		THUOCL
紅牙筆螺			0		THUOCL
紅玫瑰鐘螺			0		THUOCL
紅筆螺			0		THUOCL
紅鰭芭蕉螺			0		THUOCL
素三角凤凰螺			0		THUOCL
素尾鹰			0		THUOCL
素带台龟甲			0		THUOCL
素黑带瓢虫			0		THUOCL
索姆三角灯			0		THUOCL
索洛海猪鱼			0		THUOCL
索状刮杜父鱼			0		THUOCL
索科罗苇鹪鹩			0		THUOCL
索维毛口鲶			0		THUOCL
索诺拉蓝腰鹦哥			0		THUOCL
索诺拉虎斑钝口螈			0		THUOCL
索诺拉虎猫			0		THUOCL
索诺骨尾鱼			0		THUOCL
索马里中华宝螺			0		THUOCL
索马里侏獴			0		THUOCL
索马里红牡丹宝螺			0		THUOCL
紫云英潜叶蝇			0		THUOCL
紫侧带小公鱼			0		THUOCL
紫印度宝螺			0		THUOCL
紫口海兔螺			0		THUOCL
紫堡花仙螺			0		THUOCL
紫壳菜蛤			0		THUOCL
紫小溪蟹			0		THUOCL
紫小灰蝶			0		THUOCL
紫帽亚马逊鹦鹉			0		THUOCL
紫斑光背蟹			0		THUOCL
紫斑凤凰螺			0		THUOCL
紫斑小灰蝶			0		THUOCL
紫斑海女虫			0		THUOCL
紫斑海菊蛤			0		THUOCL
紫斑竹眼蝶			0		THUOCL
紫杉状海门冬			0		THUOCL
紫点鸟尾蛤			0		THUOCL
紫粘盲鳗			0		THUOCL
紫红魑尺蛾			0		THUOCL
紫绶带鸟			0		THUOCL
紫罗兰胸蜂鸟			0		THUOCL
紫羅蘭芋螺			0		THUOCL
紫翅丽菊虎			0		THUOCL
紫翅长标弄蝶			0		THUOCL
紫背苇鳱			0		THUOCL
紫背苇鸨			0		THUOCL
紫背闪羽蜂鸟			0		THUOCL
紫胸佛法僧			0		THUOCL
紫色荧光蛙			0		THUOCL
紫艳铅笔灯鱼			0		THUOCL
紫苑蚜茧蜂			0		THUOCL
紫蓝盖缘水母			0		THUOCL
紫藤潜叶细蛾			0		THUOCL
紫藤萝潜叶细蛾			0		THUOCL
紫蛇目蝶			0		THUOCL
紫衣仓鼠			0		THUOCL
紫衣卷管螺			0		THUOCL
紫轮参			0		THUOCL
紫辉步行虫			0		THUOCL
紫边白樱蛤			0		THUOCL
紫长尾蜂鸟			0		THUOCL
紫闪溪蟌			0		THUOCL
紫陆寄居蟹			0		THUOCL
紫颈吸蜜桃额锥尾鹦鹉			0		THUOCL
細點捲管螺			0		THUOCL
綠臍鐘螺			0		THUOCL
維納斯骨螺			0		THUOCL
網目寶螺			0		THUOCL
綴殼螺			0		THUOCL
緋袖鳳凰螺			0		THUOCL
縐塔玉螺			0		THUOCL
縱瘤結螺			0		THUOCL
縳颊鳚			0		THUOCL
繁星点点喜乐洋洋			0		THUOCL
繁星鮃			0		THUOCL
繡珠寶螺			0		THUOCL
繮纹多棘鳞鲀			0		THUOCL
繸凤鳚			0		THUOCL
繸小颌海龙			0		THUOCL
繸瓣拟鮟鱇			0		THUOCL
繸瓣指鮟鱇			0		THUOCL
繸菱鱼虱			0		THUOCL
繸鳍鮗			0		THUOCL
繸鳞小沙丁鱼			0		THUOCL
繸鳞沙丁鱼			0		THUOCL
繽紛芋螺			0		THUOCL
纀属			0		THUOCL
红云飞弹螺			0		THUOCL
红交叉棘虫			0		THUOCL
红侍女螺			0		THUOCL
红侏霸鹟			0		THUOCL
红冠黑唐纳雀			0		THUOCL
红凤尾珍珠翻鳃			0		THUOCL
红凤尾珍珠翻鳃金鱼			0		THUOCL
红千手螺			0		THUOCL
红华蚖			0		THUOCL
红卡奴			0		THUOCL
红口仿鲸			0		THUOCL
红喷毒眼镜蛇			0		THUOCL
红嘴蓝尾喜鹊			0		THUOCL
红嘴鵎鵼			0		THUOCL
红圆尾鳉			0		THUOCL
红圆蚧金黄蚜小蜂			0		THUOCL
红头毛室茧蜂			0		THUOCL
红女王西洋蓍草			0		THUOCL
红小斑磨塘鳢			0		THUOCL
红小毛猛水蚤			0		THUOCL
红尾印度鳉			0		THUOCL
红尾圆鲹			0		THUOCL
红尾岩鵖			0		THUOCL
红尾慧星蜂鸟			0		THUOCL
红尾战船			0		THUOCL
红尾扇尾鹟			0		THUOCL
红尾旋木嘲鸫			0		THUOCL
红尾梦幻灯			0		THUOCL
红尾牛顿莺			0		THUOCL
红尾美鱥			0		THUOCL
红尾鵖			0		THUOCL
红尾黄毒蛾			0		THUOCL
红尾黏盲鳗			0		THUOCL
红峨眉花天牛			0		THUOCL
红带狗母鱼纵带			0		THUOCL
红帽子头金鱼			0		THUOCL
红帽蜡蚧扁角跳小蜂			0		THUOCL
红帽鹦鹉属			0		THUOCL
红弯嘴犀鸟			0		THUOCL
红彩光唇鱼			0		THUOCL
红心大钩			0		THUOCL
红战狗深红型			0		THUOCL
红斑干酪菌			0		THUOCL
红斑游船水母			0		THUOCL
红斑瓢蟹			0		THUOCL
红星斑蛱蝶			0		THUOCL
红木蝎			0		THUOCL
红树林巨蜥			0		THUOCL
红楔异盲蝽			0		THUOCL
红楼台宝螺			0		THUOCL
红槌角蝗			0		THUOCL
红毛伞弄蝶			0		THUOCL
红毛壁蜂			0		THUOCL
红毛猩猩欧珊			0		THUOCL
红海关刀鱼			0		THUOCL
红海弯刀凤凰螺			0		THUOCL
红海短革单棘鲀			0		THUOCL
红海锈班宝螺			0		THUOCL
红溪美洲鱥			0		THUOCL
红炖紫鲍			0		THUOCL
红点短颌鮰脂鲤			0		THUOCL
红烧酥鲍			0		THUOCL
红煤虾球			0		THUOCL
红爪蝎			0		THUOCL
红牛头犬蚁			0		THUOCL
红牡丹宝螺			0		THUOCL
红玫瑰宠物蜘蛛			0		THUOCL
红瓜子斑			0		THUOCL
红白花帽子头金鱼			0		THUOCL
红白花镏金			0		THUOCL
红目鮈鱥			0		THUOCL
红眉亚马逊鹦鹉			0		THUOCL
红眉短嘴旋木雀			0		THUOCL
红眼圈头盔石龙子			0		THUOCL
红眼长腕蛙			0		THUOCL
红眼鹰蜥			0		THUOCL
红砖笋螺			0		THUOCL
红粉缘尖巴蜗牛			0		THUOCL
红粘毛杜鹃			0		THUOCL
红纹粉蝶			0		THUOCL
红缘三角溪鳉			0		THUOCL
红缘丝隆头鱼			0		THUOCL
红缘花天牛			0		THUOCL
红翅伪叶甲			0		THUOCL
红翅眉天牛			0		THUOCL
红翅隆花天牛			0		THUOCL
红肚铅笔鱼			0		THUOCL
红肩黄斑粉蝶			0		THUOCL
红胁吸蜜鹦鹉			0		THUOCL
红胁鱥			0		THUOCL
红胫角刺寄蝇			0		THUOCL
红胸丛鵙			0		THUOCL
红胸小步行虫			0		THUOCL
红胸草地鹨			0		THUOCL
红胸蓝金花天牛			0		THUOCL
红胸长爪鹡鸰			0		THUOCL
红胸黑瓢虫			0		THUOCL
红胸黑鵙			0		THUOCL
红脖子穿草鸫			0		THUOCL
红脚姬蛛			0		THUOCL
红脚寄居蟹			0		THUOCL
红脚黑翅蝉			0		THUOCL
红脸肉垂密雀			0		THUOCL
红腋斑粉蝶			0		THUOCL
红腰铃腹胡蜂			0		THUOCL
红腹拟鹩哥			0		THUOCL
红腿叫鹤			0		THUOCL
红腿豹纹蛙			0		THUOCL
红膝鸻			0		THUOCL
红膝鸻属			0		THUOCL
红臀精织雀			0		THUOCL
红色大阿文宝螺			0		THUOCL
红菱斑响尾蛇			0		THUOCL
红萤花天牛			0		THUOCL
红衣齿花鮨			0		THUOCL
红褐耳盲蝽			0		THUOCL
红角娇鹟			0		THUOCL
红足剑角蝗			0		THUOCL
红足地蜂			0		THUOCL
红足岛蛛			0		THUOCL
红足康蝗			0		THUOCL
红足截额叩甲			0		THUOCL
红陆蟹			0		THUOCL
红面具錐尾鹦鹉			0		THUOCL
红面爱情鸟			0		THUOCL
红颊金刚鹦鹉			0		THUOCL
红颊锦鱼			0		THUOCL
红额骨顶			0		THUOCL
红骨海扇			0		THUOCL
红魔丽体鱼			0		THUOCL
红鲂鮄虫属			0		THUOCL
红鳑鮍			0		THUOCL
红鳞丝隆头鱼			0		THUOCL
红鳞卫矛			0		THUOCL
红黄灰背雀			0		THUOCL
纤尾锥齿潜鱼			0		THUOCL
纤毛大尾溞			0		THUOCL
约克夏犭更犬			0		THUOCL
约安巨马陆			0		THUOCL
约斑大吻电鳗			0		THUOCL
约旦墨头鱼			0		THUOCL
约氏丝隆头鱼			0		THUOCL
约氏凹腹鳕			0		THUOCL
约氏斯必卡虫			0		THUOCL
约氏獛			0		THUOCL
约氏黑犀鱼			0		THUOCL
约氏黑角鮟鱇			0		THUOCL
约瑟氏吸蜜鹦鹉			0		THUOCL
约翰下口鲶			0		THUOCL
约翰农场			0		THUOCL
约翰娜波鱼			0		THUOCL
约翰娜矛丽鱼			0		THUOCL
约翰斯顿前角鲀			0		THUOCL
约翰矛丽鱼			0		THUOCL
约翰逊毛鼻鲶			0		THUOCL
约霍伊虫			0		THUOCL
约马蜂			0		THUOCL
纪氏真鹰嘴水蚤			0		THUOCL
纬带趾弄蝶			0		THUOCL
纯种约克夏梗			0		THUOCL
纳土纳岛黄腰太阳鸟			0		THUOCL
纳塔尔折背陆龟			0		THUOCL
纳塔尔矮獴			0		THUOCL
纳波河兵鲶			0		THUOCL
纳米布沙漠甲虫			0		THUOCL
纳米比亚侏膨蝰			0		THUOCL
纳米比亚沙漠测行蛇			0		THUOCL
纳里尼奥窜鸟			0		THUOCL
纵卷叶螟黑折脉茧蜂			0		THUOCL
纵纤毛带幼虫			0		THUOCL
纵纹口夜蛾			0		THUOCL
纵纹海女虫			0		THUOCL
纵肋饰孔螺			0		THUOCL
纸形海蛳螺			0		THUOCL
纸砂户虫			0		THUOCL
纸薄层珊瑚			0		THUOCL
纸质猫砂			0		THUOCL
纹凤蝶属			0		THUOCL
纹唇粘体虫			0		THUOCL
纹喉膜首鱈			0		THUOCL
纹多棘鳞鲀			0		THUOCL
纹娇鹟			0		THUOCL
纹尾月蝶鱼			0		THUOCL
纹尾盆唇鱼			0		THUOCL
纹带毛鼻鲶			0		THUOCL
纹斑丝鰕虎			0		THUOCL
纹斑巴非蛤			0		THUOCL
纹斑红翅鵙			0		THUOCL
纹果杜茎山			0		THUOCL
纹盾杆盲蝽			0		THUOCL
纹眉苇鹪鹩			0		THUOCL
纹翅盲蝽			0		THUOCL
纹翅蚊蝎蛉			0		THUOCL
纹翅蛾			0		THUOCL
纹背苇鳽			0		THUOCL
纹背蚁鵙			0		THUOCL
纹胸柄天牛			0		THUOCL
纹胸鵙鸫			0		THUOCL
纹面弹簧蜥			0		THUOCL
纹面腹蛇			0		THUOCL
纹顶猛雀鹀			0		THUOCL
纹顶针尾雀			0		THUOCL
纹顶雀鹀			0		THUOCL
纹顶鹟莺			0		THUOCL
纺锤半眉虫			0		THUOCL
纺锤形杯殖吸虫			0		THUOCL
纺锤杜父鱼			0		THUOCL
纺锤独睾吸虫			0		THUOCL
纺锤盘首蚕			0		THUOCL
纺锤笔螺			0		THUOCL
纺锤釉盾蚧			0		THUOCL
纺锤鮈鱥			0		THUOCL
纺锤鰤			0		THUOCL
纺锥全列虫			0		THUOCL
纽厄尔剪水鸌			0		THUOCL
纽厄尔剪水鹱			0		THUOCL
纽曼氏扁鳉			0		THUOCL
纽曼氏野鲮			0		THUOCL
纽月贝目			0		THUOCL
纽氏丛莺			0		THUOCL
纽氏梅花雀			0		THUOCL
纽氏黏盲鳗			0		THUOCL
纽线波纹蛾			0		THUOCL
纽芬兰刺狮子鱼			0		THUOCL
纽芬兰驯鹿			0		THUOCL
纽行动物			0		THUOCL
纽西兰鸫鹟			0		THUOCL
线剑角蝗			0		THUOCL
线圈芋螺			0		THUOCL
线尾侏儒鸟			0		THUOCL
线纹大吻电鳗			0		THUOCL
线纹短尾小海龙			0		THUOCL
线虫杯形珊瑚			0		THUOCL
线鳅鮀			0		THUOCL
细体爱丽鱼			0		THUOCL
细叶榕华脊鳃金龟			0		THUOCL
细叶榕榕管蓟马			0		THUOCL
细叶榕灰白蚕蛾			0		THUOCL
细尾异齿鰋			0		THUOCL
细尾扇尾莺			0		THUOCL
细尾拟鼓鸣露螽			0		THUOCL
细尾新丑鲉			0		THUOCL
细尾杜父鱼			0		THUOCL
细尾美拟鮰			0		THUOCL
细尾蛇鮈			0		THUOCL
细尾青小灰蝶			0		THUOCL
细尾鮡			0		THUOCL
细尾鱼芒			0		THUOCL
细异尾轮虫			0		THUOCL
细手半毛			0		THUOCL
细毛米萤叶甲			0		THUOCL
细毛背鳞虫			0		THUOCL
细毛隧蜂细毛亚			0		THUOCL
细白带长角蛾			0		THUOCL
细相模肩灯鱼			0		THUOCL
细眉杜父鱼			0		THUOCL
细粗角花金龟			0		THUOCL
细纹唇齿鳚			0		THUOCL
细纹方蟹			0		THUOCL
细纹豆荚野螟蛾			0		THUOCL
细缘杜鹃斑蛾			0		THUOCL
细羊舌鮃			0		THUOCL
细胸非洲盲刺鳅			0		THUOCL
细脚褐金龟			0		THUOCL
细腹食虫虻亚科			0		THUOCL
细腿豹蛛			0		THUOCL
细蚊扁背鲀			0		THUOCL
细蝇子草			0		THUOCL
细角侧齿叶蜂			0		THUOCL
细角刀锹甲			0		THUOCL
细角厚缘肖叶甲			0		THUOCL
细角沟顶盲蝽			0		THUOCL
细角疣犀金龟			0		THUOCL
细角隆颚盲蝽			0		THUOCL
细角齿胸肖叶甲			0		THUOCL
细谐鱼			0		THUOCL
细足钝额蟹			0		THUOCL
细身锯角萤			0		THUOCL
细钮海蛳螺			0		THUOCL
细长环纽鳃樽			0		THUOCL
细长蘇彝士隆头鱼			0		THUOCL
细鳞光鳃鱼			0		THUOCL
细鳞凹尾塘鳢			0		THUOCL
细鳞多板盾尾鱼			0		THUOCL
细鳞斜颌鮰			0		THUOCL
细鼷鹿			0		THUOCL
绍德春蜓			0		THUOCL
绍德步行虫			0		THUOCL
绍德猿金花虫			0		THUOCL
绍德锚角蝉			0		THUOCL
绍德长脚金花虫			0		THUOCL
绍德龟金花虫			0		THUOCL
经典动物趣图			0		THUOCL
绒尾象鼻虫			0		THUOCL
绒毛仿银杏蟹			0		THUOCL
绒毛弄蝶			0		THUOCL
结膜吮吸线虫			0		THUOCL
绛斑榧螺			0		THUOCL
绞切蜂			0		THUOCL
绞孔胃螺			0		THUOCL
绣滑油鲶			0		THUOCL
绣花鮨			0		THUOCL
绣顶针尾雀			0		THUOCL
绦形鞭带吸虫			0		THUOCL
绩溪华溪蟹			0		THUOCL
绯红冠娇鹟			0		THUOCL
绯红厚嘴唐纳雀			0		THUOCL
绯红奎利亚雀			0		THUOCL
绯红果伞鸟			0		THUOCL
绯红澳鵖			0		THUOCL
绯红腹锥尾鹦鹉			0		THUOCL
绯红鸲鹟			0		THUOCL
绯绫海兔螺			0		THUOCL
绯背厚嘴唐纳雀			0		THUOCL
绯色毛毡花天牛			0		THUOCL
绯额锥尾鹦鹉			0		THUOCL
维也纳兔			0		THUOCL
维切格达鳄属			0		THUOCL
维加波鱼			0		THUOCL
维加鸟			0		THUOCL
维吾尔鳕			0		THUOCL
维基尼亚鹿			0		THUOCL
维多利亚冠鸠			0		THUOCL
维多利亚利弱长尾鳕			0		THUOCL
维多利亚招潮蟹			0		THUOCL
维多利亚歧须鮠			0		THUOCL
维多利亚皇鸽			0		THUOCL
维多利亚野鲮			0		THUOCL
维多利亚鸟翼凤蝶			0		THUOCL
维多利弱长尾鳕			0		THUOCL
维山棘尾雀			0		THUOCL
维斯特拉鸟翼裳凤蝶			0		THUOCL
维氏下口鲶			0		THUOCL
维氏宝螺			0		THUOCL
维氏嵴颈弱棘鱼			0		THUOCL
维氏拟怒茧蜂			0		THUOCL
维氏斑粉蝶			0		THUOCL
维氏栉精器鱼			0		THUOCL
维氏歧须鮠			0		THUOCL
维氏深巨口鱼			0		THUOCL
维氏溪脂鲤			0		THUOCL
维氏矛丽鱼			0		THUOCL
维氏鮠			0		THUOCL
维洛西拉龙			0		THUOCL
维灰蝶属			0		THUOCL
维神光萤			0		THUOCL
维纳斯扑蝇草			0		THUOCL
维纳斯眼灰蝶			0		THUOCL
维纳瑞斯神盔虫			0		THUOCL
维西角胸肖叶甲			0		THUOCL
维那斯针膜虫			0		THUOCL
绶带卷尾			0		THUOCL
绶带长尾风鸟			0		THUOCL
绿冠月胸窜鸟			0		THUOCL
绿叉枝干星珊瑚			0		THUOCL
绿叶招潮蟹			0		THUOCL
绿叶海蜗牛			0		THUOCL
绿啸冠鸫			0		THUOCL
绿喉芒果蜂鸟			0		THUOCL
绿墨天牛			0		THUOCL
绿奇花金龟			0		THUOCL
绿安禄蜥			0		THUOCL
绿宫延草			0		THUOCL
绿小鹟			0		THUOCL
绿尾小卷蛾			0		THUOCL
绿希夫霸鹟			0		THUOCL
绿扇尾鹦哥			0		THUOCL
绿斑云粉蝶			0		THUOCL
绿斑角翅毒蝶			0		THUOCL
绿斑颊沟鰕虎鱼			0		THUOCL
绿点并脊天牛			0		THUOCL
绿疲蛇			0		THUOCL
绿眉翠鴗			0		THUOCL
绿眼白猫			0		THUOCL
绿眼白色猫			0		THUOCL
绿绿纽扣珊瑚			0		THUOCL
绿翅楔天牛			0		THUOCL
绿翅灰斑鸭			0		THUOCL
绿翅真花天牛			0		THUOCL
绿翅野螟蛾			0		THUOCL
绿胁歌鵖			0		THUOCL
绿胁绿霸鹟			0		THUOCL
绿胡椒粉盒甲虫			0		THUOCL
绿胸宝石蜂鸟			0		THUOCL
绿腹姬长角石蛾			0		THUOCL
绿腹长尾风鸟			0		THUOCL
绿色小眼高脚蛛			0		THUOCL
绿色红梅花雀			0		THUOCL
绿色蜂巢珊瑚			0		THUOCL
绿色轰炸机蠕虫			0		THUOCL
绿艳条纹步行虫			0		THUOCL
绿艳长脚花金龟			0		THUOCL
绿芦蜂			0		THUOCL
绿苍花天牛			0		THUOCL
绿草玫瑰鹦鹉			0		THUOCL
绿草蝉			0		THUOCL
绿蘑菇葵花珊瑚			0		THUOCL
绿蚊儿			0		THUOCL
绿顶辉蜂鸟			0		THUOCL
绿颌鹦哥鱼			0		THUOCL
绿鱼狗属			0		THUOCL
缅北原矛头蝮			0		THUOCL
缅甸刀腹茧蜂			0		THUOCL
缅甸副双边鱼			0		THUOCL
缅甸环宇海龙			0		THUOCL
缅甸玻璃鱼			0		THUOCL
缅甸腹囊海龙			0		THUOCL
缅甸蜜蜂猫			0		THUOCL
缅甸贝属			0		THUOCL
缅甸长背魮			0		THUOCL
缎辉阔嘴鹟			0		THUOCL
缘下鱵			0		THUOCL
缘下鱵鱼			0		THUOCL
缘前角鲀			0		THUOCL
缘叶舌蜂			0		THUOCL
缘壳陆龟			0		THUOCL
缘尾帚齿非鲫			0		THUOCL
缘弓蟹蛛			0		THUOCL
缘斑眉夜蛾			0		THUOCL
缘栉齿刺尾鱼			0		THUOCL
缘殖肥螋			0		THUOCL
缘毛虫			0		THUOCL
缘毛长突飞虱			0		THUOCL
缘海天牛			0		THUOCL
缘漏斗蛛			0		THUOCL
缘点美洲鱥			0		THUOCL
缘牛鼻鲼			0		THUOCL
缘白斑绢粉蝶			0		THUOCL
缘白盲裳蛾			0		THUOCL
缘篝波纹蛾			0		THUOCL
缘纹广翅蜡蝉			0		THUOCL
缘膜指环虫			0		THUOCL
缘膜朴丽鱼			0		THUOCL
缘膜歧须鮠			0		THUOCL
缘膜腔吻鳕			0		THUOCL
缘臀小褐鳕			0		THUOCL
缘芋螺			0		THUOCL
缘角樱蛤			0		THUOCL
缘边海猪鱼			0		THUOCL
缘边短吻狮子鱼			0		THUOCL
缘边窄尾魟			0		THUOCL
缘驼峰螺			0		THUOCL
缘鱊			0		THUOCL
缘黄毒蛾			0		THUOCL
缘齿华种蝇			0		THUOCL
缘齿牡蛎			0		THUOCL
缘龙占丽鱼			0		THUOCL
缟椰子猫			0		THUOCL
缨口台鳅			0		THUOCL
缨唇间颈须鳚			0		THUOCL
缨唇陶乐鲶			0		THUOCL
缨唇黑顶康吉鳗			0		THUOCL
缨小蜂科			0		THUOCL
缨拟冰杜父鱼			0		THUOCL
缨毛龟			0		THUOCL
缨瘤冰长尾鳕			0		THUOCL
缨瘤库隆长尾鳕			0		THUOCL
缨真叶珊瑚			0		THUOCL
缨翅夜鹰			0		THUOCL
缨野鲮			0		THUOCL
缨鳞条鳎			0		THUOCL
缨鹃鵙			0		THUOCL
缩直杯螅水母			0		THUOCL
缩窄杓鹬盘吸虫			0		THUOCL
缪勒海樽克氏亚钟			0		THUOCL
缰纹多棘鳞鲀			0		THUOCL
缺光褐金龟			0		THUOCL
缺刻伪镖水蚤			0		THUOCL
缺刻侧红糠虾			0		THUOCL
缺刻矶蟹			0		THUOCL
缺口褐尺蛾			0		THUOCL
缺斑黛灰蝶			0		THUOCL
缺环突长角石蛾			0		THUOCL
缺环绿虎天牛			0		THUOCL
缺缘叶鳃螺			0		THUOCL
缺翅萤金花虫			0		THUOCL
缺脉怒茧蜂			0		THUOCL
缺边卷蛾			0		THUOCL
缺边短喜象			0		THUOCL
缺须盆唇鱼			0		THUOCL
缺齿红丝线			0		THUOCL
缺齿青铜金龟			0		THUOCL
网灯虫			0		THUOCL
网状帕腊水母			0		THUOCL
网状菊花珊瑚			0		THUOCL
网石罩虫			0		THUOCL
网纹二段海鞘			0		THUOCL
网纹帚形蛤			0		THUOCL
网纹扭螺			0		THUOCL
网纹狮子鱼烟台			0		THUOCL
网纹软鳍隆鱼			0		THUOCL
网纹钝口螈			0		THUOCL
网脉越桔			0		THUOCL
罗图马蜂巢珊瑚			0		THUOCL
罗坑大白蚁			0		THUOCL
罗城近溪蟹			0		THUOCL
罗小黑战记			0		THUOCL
罗希虾			0		THUOCL
罗得豪小丑鱼			0		THUOCL
罗德西亚背犬			0		THUOCL
罗斯褐壳蛋鸡			0		THUOCL
罗曼粉壳蛋鸡			0		THUOCL
罗梅氏毛鼻鲶			0		THUOCL
罗森柏格氏虹彩吸蜜鹦鹉			0		THUOCL
罗氏缘边丽鱼			0		THUOCL
罗氏长颈鹿			0		THUOCL
罗泉峨嵋龙			0		THUOCL
罗泉峨眉龙			0		THUOCL
罗阿诺克小鲈			0		THUOCL
罗马尼亚喀尔巴阡山脉牧羊犬			0		THUOCL
罗马尼亚布科维纳牧羊犬			0		THUOCL
罗马尼亚米利泰克牧羊犬			0		THUOCL
罗默小树蛙			0		THUOCL
羅莎筆螺			0		THUOCL
羊皮纸虫			0		THUOCL
羊角狗母			0		THUOCL
羊角狗母鱼			0		THUOCL
羊角等鳍叉尾带鱼			0		THUOCL
羊角芭蕉螺			0		THUOCL
羊驼大胖			0		THUOCL
羌壁猪			0		THUOCL
羌纹尺蛾			0		THUOCL
美丽住筒虫闰美丽褶海鞘			0		THUOCL
美丽突额隆头鱼			0		THUOCL
美丽马拉维丽鱼			0		THUOCL
美他力弗细身赤锹甲			0		THUOCL
美味口孵非鲫			0		THUOCL
美国中东部臭鼬			0		THUOCL
美国南部蟾蜍			0		THUOCL
美国玳瑁色虎斑猫			0		THUOCL
美国蓝魔鬼鱼			0		THUOCL
美国西班牙种小猎狗			0		THUOCL
美女白樱蛤			0		THUOCL
美女缺鳍鲶			0		THUOCL
美好色扭螺			0		THUOCL
美姝凤蝶			0		THUOCL
美心蛤属			0		THUOCL
美洲乌夜鹰			0		THUOCL
美洲吉氏软杜父鱼			0		THUOCL
美洲拟庸鲽			0		THUOCL
美洲格子骨螺			0		THUOCL
美洲毛齿绒杜父鱼			0		THUOCL
美洲沙漠金蝎			0		THUOCL
美洲猎狐犬			0		THUOCL
美洲猎鹿犬			0		THUOCL
美洲白鹮			0		THUOCL
美洲野牛属			0		THUOCL
美洲长毛垂耳水禽猎犬			0		THUOCL
美洲鹫科			0		THUOCL
美种费斯垂耳兔			0		THUOCL
美种金吉拉兔			0		THUOCL
美索不达米亚黇鹿			0		THUOCL
美缎带宝螺			0		THUOCL
美雅海螺			0		THUOCL
美非侧颈龟科			0		THUOCL
羚环蛱蝶			0		THUOCL
羚羊矛角蝉			0		THUOCL
羚角虫			0		THUOCL
羢纹线鳞鲀			0		THUOCL
群居才女虫			0		THUOCL
羽冠奇矮鲉			0		THUOCL
羽叉叶目			0		THUOCL
羽毛关刀鱼			0		THUOCL
羽毛切叶蜂			0		THUOCL
羽毛纺锤水蚤			0		THUOCL
羽毛脚巴布			0		THUOCL
羽毛香菇珊瑚			0		THUOCL
羽环纽鳃樽四光器型			0		THUOCL
羽环纽鳃樽谢氏亚钟			0		THUOCL
羽翼幕虫			0		THUOCL
羽芒宽盾蚜蝇			0		THUOCL
羽芒植蝇			0		THUOCL
羽芒花蝇			0		THUOCL
羽鸟氏带纹赤蛇			0		THUOCL
翘腹希蛛			0		THUOCL
翘角合扁蝽			0		THUOCL
翘鳞蛤			0		THUOCL
翘鼻华象白蚁			0		THUOCL
翟特骨螺			0		THUOCL
翠峰长柄茧蜂			0		THUOCL
翠腹毛腿蜂鸟			0		THUOCL
翡翠海葵			0		THUOCL
翩翅缘蝽			0		THUOCL
翯黄毒蛾			0		THUOCL
翱翔新鯥			0		THUOCL
翼钟水母			0		THUOCL
耀光三刺角蝉			0		THUOCL
耀光希尔德康吉鳗			0		THUOCL
耀唇指			0		THUOCL
耀夜萤			0		THUOCL
耀尾魮			0		THUOCL
耀斑玉栏杆			0		THUOCL
耀星眶灯鱼			0		THUOCL
耀炬龙属			0		THUOCL
耀白鲑			0		THUOCL
耀眼底灯鱼			0		THUOCL
老拳织纹螺			0		THUOCL
老挝黑金刚捕鸟蛛			0		THUOCL
老百肋凤凰螺			0		THUOCL
老皱宝螺			0		THUOCL
考克斯鮈塘鳢			0		THUOCL
考加冠雉			0		THUOCL
考德阿古阿犬			0		THUOCL
考氏凹翅萤叶甲			0		THUOCL
考特哈尔斯波音达大猎犬			0		THUOCL
考迪菲勒得迈谷犬			0		THUOCL
耐梅盖特母龙			0		THUOCL
耙笔石			0		THUOCL
耙齿纳摩盖吐龙			0		THUOCL
耳夜鹰科			0		THUOCL
耳朵弹头螺			0		THUOCL
耳状幼虫海参纲			0		THUOCL
耶利哥蝎			0		THUOCL
耶氏圆鲀			0		THUOCL
耶氏背斜眼鳚			0		THUOCL
耶环蛱蝶			0		THUOCL
耶诞树珊瑚			0		THUOCL
聂拉木双斜卷蛾			0		THUOCL
聂拉木巨蟹蛛			0		THUOCL
聂拉木角胸肖叶甲			0		THUOCL
聂氏无刺鱝			0		THUOCL
联眉尖粉蝶			0		THUOCL
肉垂水雉			0		THUOCL
肉垂钟伞鸟			0		THUOCL
肉孢子虫属			0		THUOCL
肋瓦娄蜗牛			0		THUOCL
肋纹平直蚤			0		THUOCL
肌肉溃烂病			0		THUOCL
肖喙扁蝽			0		THUOCL
肖媚绿刺蛾			0		THUOCL
肖帚腹地种蝇			0		THUOCL
肖显纹驼花天牛			0		THUOCL
肖毛翅夜蛾			0		THUOCL
肖氏白尾鹎			0		THUOCL
肖浑黄灯蛾			0		THUOCL
肖盾棘蝇			0		THUOCL
肖藜泉蝇			0		THUOCL
肖蜀驼花天牛			0		THUOCL
肖融瓣三刺角蝉			0		THUOCL
肖褐带东灯蛾			0		THUOCL
肖钝角胸肖叶甲			0		THUOCL
肖锯花天牛属			0		THUOCL
肖黄须异花天牛			0		THUOCL
肖黄黑瓦苔蛾			0		THUOCL
肝叶馒头蟹			0		THUOCL
肝奥库线虫			0		THUOCL
肠膜碘泡虫			0		THUOCL
肠道白点病			0		THUOCL
肤孢子虫病			0		THUOCL
肥叶球喙花蝇			0		THUOCL
肥胖棘口吸虫			0		THUOCL
肩弓背蚁			0		THUOCL
肩波蚱			0		THUOCL
肩纹长脚金花虫			0		THUOCL
肩背银鳞蛛			0		THUOCL
肯伟岛水怪			0		THUOCL
肯尼亚角鸮			0		THUOCL
肯德尔圆绵蟹			0		THUOCL
肯氏青弹涂鱼			0		THUOCL
肯齿兽			0		THUOCL
肱二头肌脊			0		THUOCL
肱骨背结节			0		THUOCL
肱骨腹结节			0		THUOCL
肾侧殖吸虫			0		THUOCL
肾坑翅夜蛾			0		THUOCL
肾形豆形虫			0		THUOCL
肿掌非拟溪蟹			0		THUOCL
胀肢纺锤溪蟹			0		THUOCL
胁空鸟龙			0		THUOCL
胁骨龙			0		THUOCL
胃叶剑水蚤			0		THUOCL
胃叶虫属			0		THUOCL
胃甲龙			0		THUOCL
胃瘤线虫属			0		THUOCL
胃蛙			0		THUOCL
胃鳞虫			0		THUOCL
胄刺尻鱼			0		THUOCL
背叉触角鳚			0		THUOCL
背带螉			0		THUOCL
背楯狼牙绵鳚			0		THUOCL
背毛蛇潜虫			0		THUOCL
背点棘赤刀鱼			0		THUOCL
背足足杨梅蟹			0		THUOCL
胎記寶螺			0		THUOCL
胖樱蛤			0		THUOCL
胖花猫宝螺			0		THUOCL
胖虎猫			0		THUOCL
胖角胸肖叶甲			0		THUOCL
胡桃蛤科			0		THUOCL
胡桃角蛾			0		THUOCL
胡氏耀龙			0		THUOCL
胡鮈			0		THUOCL
胫跗骨腓骨脊			0		THUOCL
胶衣虫			0		THUOCL
胸带刺盖鱼			0		THUOCL
胸斑珠目鱼			0		THUOCL
胸斑腔吻鳕			0		THUOCL
胸斑血鰕虎鱼			0		THUOCL
胸点梅鲈			0		THUOCL
胸甲硬毛鼠			0		THUOCL
胸肛鱼喉肛鱼			0		THUOCL
胸部寄生虫			0		THUOCL
胸骨侧前突			0		THUOCL
胸骨侧突			0		THUOCL
胸黄缘小地甲			0		THUOCL
脆蔷薇珊瑚			0		THUOCL
脇野龙			0		THUOCL
脉络猿			0		THUOCL
脉翅沟脚猿金花虫			0		THUOCL
脊盾棘胫长蝽			0		THUOCL
脊纹澳虎			0		THUOCL
脓海鞘			0		THUOCL
脓疱海兔螺			0		THUOCL
脓胞海兔螺			0		THUOCL
脱皮金枣宝螺			0		THUOCL
腊梅六星黑点蠹蛾			0		THUOCL
腊梅朱砂叶螨			0		THUOCL
腊肠猫			0		THUOCL
腋床杜父鱼			0		THUOCL
腋斑卡			0		THUOCL
腋斑叶鰕虎鱼			0		THUOCL
腋斑小仿石鲈			0		THUOCL
腋斑小鲷			0		THUOCL
腋斑普提鱼			0		THUOCL
腋斑狐鲷			0		THUOCL
腋斑莫鲻			0		THUOCL
腋芽拟滑刃线虫			0		THUOCL
腋芽滑刃线虫			0		THUOCL
腔尾龙			0		THUOCL
腔棘目			0		THUOCL
腔棘鱼总目			0		THUOCL
腔裸口虫			0		THUOCL
腔阔岬丝蚓			0		THUOCL
腔齿海底水虱			0		THUOCL
腔齿犀属			0		THUOCL
腰足沟鱼			0		THUOCL
腹伪叶甲			0		THUOCL
腹光矛毛虫			0		THUOCL
腹棘管轮虫			0		THUOCL
腹盏喉盘鱼			0		THUOCL
腹足腹尾轮虫			0		THUOCL
腹锥小异虫脩			0		THUOCL
腹鳃蟌科			0		THUOCL
腹鳞大眼鰕虎鱼			0		THUOCL
腹黄污灯蛾			0		THUOCL
腺炬灯鱼			0		THUOCL
膜囊尖锥虫			0		THUOCL
膜壳绦虫属			0		THUOCL
膜拟单栏虫			0		THUOCL
膜状二段海鞘			0		THUOCL
膜状苔藓虫			0		THUOCL
膜翅目青蜂科			0		THUOCL
膜节虫			0		THUOCL
膜袋虫属			0		THUOCL
膜质才女虫			0		THUOCL
膜颅间关节			0		THUOCL
膝卷叶象			0		THUOCL
膝形涡蛛			0		THUOCL
膝曲眼虫			0		THUOCL
膨大前嵴蚌			0		THUOCL
膨大吻额蛛			0		THUOCL
膨宽缘萤叶甲			0		THUOCL
膨肚杯形珊瑚			0		THUOCL
膮龙			0		THUOCL
臀斑月花鮨			0		THUOCL
臀斑毛鼻鲶			0		THUOCL
臀斑躄鱼			0		THUOCL
臀斑隐势瓢虫			0		THUOCL
臀斑颌鳞鰕虎鱼			0		THUOCL
臀斜杜父鱼			0		THUOCL
臀钩土蜂科			0		THUOCL
臂斑大头糯鳗			0		THUOCL
臂斑植鰕虎			0		THUOCL
臍孔寬帶瓷螺			0		THUOCL
臍孔白玉螺			0		THUOCL
自克隆蜥蜴			0		THUOCL
自实丰仓归			0		THUOCL
自抑峨螺			0		THUOCL
自贡似卞氏兽			0		THUOCL
自贡峨眉龙			0		THUOCL
自贡黑山羊			0		THUOCL
自颊长臂猿			0		THUOCL
臭水螌			0		THUOCL
臭豆腐烧昂刺鱼			0		THUOCL
舌形双鳍电鱝			0		THUOCL
舌形新刺缘吸虫			0		THUOCL
舌形贝纲			0		THUOCL
舒伯格雷氏鲶			0		THUOCL
舒伯特气单胞菌			0		THUOCL
舒伯特鲃			0		THUOCL
舒氏冠海龙			0		THUOCL
舞毒蛾黑瘤姬蜂			0		THUOCL
舞行波豆虫			0		THUOCL
舞蹈招潮蟹			0		THUOCL
舟蛾脊茧蜂			0		THUOCL
舶梨榕厚毛木虱			0		THUOCL
船形薄壳蛤			0		THUOCL
船長芋螺			0		THUOCL
色矛目			0		THUOCL
色蟌总科			0		THUOCL
色角斑花天牛			0		THUOCL
艳眼斑花螳			0		THUOCL
艳胸步行虫			0		THUOCL
艳胸黄星步行虫			0		THUOCL
艾丽斯苇栖鰕虎鱼			0		THUOCL
艾丽西亚管吻鲶			0		THUOCL
艾丽诺小斑裳凤蝶			0		THUOCL
艾伯鸺鹠			0		THUOCL
艾努犬			0		THUOCL
艾尔加奈角龙属			0		THUOCL
艾尔柯动物用品公司			0		THUOCL
艾尔欧若锥尾鹦鹉			0		THUOCL
艾德华氏虹彩吸蜜鹦鹉			0		THUOCL
艾梅尔美洲鱥			0		THUOCL
艾氏亚宽鞘茧蜂			0		THUOCL
艾氏吕宋花鮨			0		THUOCL
艾氏滨蟹			0		THUOCL
艾氏白睛鰕虎鱼			0		THUOCL
艾氏真墨西哥鮈			0		THUOCL
艾沃克龙			0		THUOCL
艾波氏小葵花凤头鹦鹉			0		THUOCL
艾登堡母鱼			0		THUOCL
艾美球虫亚目			0		THUOCL
艾胶树叶			0		THUOCL
艾莫劳峡谷梗			0		THUOCL
艾鲁岛折衷鹦鹉			0		THUOCL
节下痕			0		THUOCL
节日巴蜗牛			0		THUOCL
芋形凤凰螺			0		THUOCL
芋形板海参			0		THUOCL
芒光灯笼鱼			0		THUOCL
芒六矛虫			0		THUOCL
芒叶蕨蝇			0		THUOCL
芒果八星天牛			0		THUOCL
芒果切叶象			0		THUOCL
芒果切叶象甲			0		THUOCL
芒果叶尾夜蛾			0		THUOCL
芒果吸果夜蛾			0		THUOCL
芒氏硬头鱼			0		THUOCL
芒氏诺德脂鲤			0		THUOCL
芒缺翅蓟马			0		THUOCL
芒蝇赘须金小蜂			0		THUOCL
芒角亚目			0		THUOCL
芒野鲮			0		THUOCL
芒鰕虎鱼			0		THUOCL
芝麻淡水笠螺			0		THUOCL
芥末滨珊瑚			0		THUOCL
芥菜斜纹夜蛾			0		THUOCL
芦卡亚芋螺			0		THUOCL
芦台鲂鲌			0		THUOCL
芦囊虫			0		THUOCL
芦木属			0		THUOCL
芦氏切叶蜂			0		THUOCL
芦氏拟真刺水蚤			0		THUOCL
芦氏细线油鲶			0		THUOCL
芦禾草螟			0		THUOCL
芦笋十四点负泥虫			0		THUOCL
芦笋木蠹蛾			0		THUOCL
芦苇卷叶蛛			0		THUOCL
芦苇绿飞虱			0		THUOCL
芦苇象甲			0		THUOCL
芦苇豹蠹蛾绒茧蜂			0		THUOCL
芦苇长突飞虱			0		THUOCL
芦荟海葵			0		THUOCL
芬兰拉普赫德犬			0		THUOCL
芬利氏结耙非鲫			0		THUOCL
芬氏羚野螟			0		THUOCL
芬氏鵖			0		THUOCL
芬河皱鳃鰕虎鱼			0		THUOCL
芮氏刻肋海膽			0		THUOCL
花冈钩毛虫			0		THUOCL
花尾乌尾鮗			0		THUOCL
花尾新隆鱼			0		THUOCL
花尾猫鲛			0		THUOCL
花尾矛丽鱼			0		THUOCL
花尾缨口鳅			0		THUOCL
花尾鹰螉			0		THUOCL
花弯刀凤凰螺			0		THUOCL
花彩圆鳞鮋			0		THUOCL
花斑纺锤螺			0		THUOCL
花日本日月贝			0		THUOCL
花棒多门虫			0		THUOCL
花棘似刺鳊鮈			0		THUOCL
花溪植绥螨			0		THUOCL
花点窄尾魟			0		THUOCL
花猫卷管螺			0		THUOCL
花珠寶螺			0		THUOCL
花環筆螺			0		THUOCL
花瓶海百合			0		THUOCL
花瓶芋螺			0		THUOCL
花瓶鳳凰螺			0		THUOCL
花生新黑地蛛蚧			0		THUOCL
花生田灰地种蝇			0		THUOCL
花生田茶黄硬蓟马			0		THUOCL
花白捲管螺			0		THUOCL
花箧臂尾轮虫			0		THUOCL
花纹爱洁蟹			0		THUOCL
花翅蚊蝎蛉			0		THUOCL
花翅雅角蝉			0		THUOCL
花脸硬尾鸭			0		THUOCL
花腋鳞头鮋			0		THUOCL
花萤总科			0		THUOCL
花萤科			0		THUOCL
花身鯻			0		THUOCL
花面弧角蝉			0		THUOCL
芹菜美洲斑潜蝇			0		THUOCL
芽孢肝菌			0		THUOCL
芽斜球水母			0		THUOCL
苇下口鲶			0		THUOCL
苇栖多鳍鱼			0		THUOCL
苇笛细蟌			0		THUOCL
苇羚亚科			0		THUOCL
苇荷蚁蛛			0		THUOCL
苇莺属			0		THUOCL
苇鳽属			0		THUOCL
苍南文蛤			0		THUOCL
苍叉鼻鲀			0		THUOCL
苍带小刺眼鳅			0		THUOCL
苍棘花鮨			0		THUOCL
苍白优草螽			0		THUOCL
苍短鮣			0		THUOCL
苍祝蛾			0		THUOCL
苍耳囊虫			0		THUOCL
苍色库隆长尾鳕			0		THUOCL
苍节帽虫			0		THUOCL
苍蝇和航天事业			0		THUOCL
苍额吸蜜鸟			0		THUOCL
苍鹰原盒螺			0		THUOCL
苍鹰团结蛤			0		THUOCL
苍黄芋螺			0		THUOCL
苏丹墓蝠			0		THUOCL
苏丹金背织雀			0		THUOCL
苏卡迪芋螺			0		THUOCL
苏哈犬			0		THUOCL
苏尔张口螺			0		THUOCL
苏岛鹃鵙			0		THUOCL
苏拉威西岛鹰雕			0		THUOCL
苏拉威西栉精器鱼			0		THUOCL
苏拉威西短尾鹦鹉			0		THUOCL
苏拉威西腹囊海龙			0		THUOCL
苏格兰小虾			0		THUOCL
苏格兰猎鹿狗			0		THUOCL
苏格兰玳瑁色猫			0		THUOCL
苏格拉底小斑裳凤蝶			0		THUOCL
苏氏扁背鲀			0		THUOCL
苏氏扁背鲀鱼			0		THUOCL
苏氏步甲			0		THUOCL
苏牟龙			0		THUOCL
苏牟龙属			0		THUOCL
苏禄海鹦鹉螺			0		THUOCL
苏禄玛利亚宝螺			0		THUOCL
苏禄芋螺			0		THUOCL
苏禄鰕虎鱼			0		THUOCL
苏科禄岛鮨			0		THUOCL
苏菲亚芋螺			0		THUOCL
苏菲亚虾			0		THUOCL
苏达小褐鳕			0		THUOCL
苏达岩头长颌鱼			0		THUOCL
苏铁白轮盾蚧			0		THUOCL
苏门答腊仙鹟			0		THUOCL
苏门答腊光唇鱼			0		THUOCL
苏门答腊凹甲陆龟			0		THUOCL
苏门答腊卷尾			0		THUOCL
苏门答腊叶鹎			0		THUOCL
苏门答腊喷毒眼镜蛇			0		THUOCL
苏门答腊大口茧蜂			0		THUOCL
苏门答腊新光唇鱼			0		THUOCL
苏门答腊毛冠鹿			0		THUOCL
苏门答腊犬吻蝠			0		THUOCL
苏门答腊皮颏鱵			0		THUOCL
苏门答腊豹蛛			0		THUOCL
苏门答腊豺			0		THUOCL
苏门答腊野兔			0		THUOCL
苏门角鸮			0		THUOCL
苏鲁美洲咬鹃			0		THUOCL
苑里伪虎鲸			0		THUOCL
若水小石蟹			0		THUOCL
若江栉孔鰕虎鱼			0		THUOCL
若路滋蜗牛			0		THUOCL
苦味鳑鲏			0		THUOCL
苦埃尺蛾			0		THUOCL
苦楝斑叶蝉			0		THUOCL
苦艾蚜茧蜂			0		THUOCL
英勇剑水蚤			0		THUOCL
英哥鼠			0		THUOCL
英国丁香阴影猫			0		THUOCL
英国本年度最美斗牛犬			0		THUOCL
英国欧格特			0		THUOCL
英国特别鸽			0		THUOCL
英国田野猎犬			0		THUOCL
英国红喜鹊			0		THUOCL
英国茛犬			0		THUOCL
英国蓝奶黄间白色猫			0		THUOCL
英国设特兰矮马			0		THUOCL
英国跳跃长耳猎犬			0		THUOCL
英国雪达蹲			0		THUOCL
英国雷克斯猫			0		THUOCL
英奥苔蛾			0		THUOCL
英式西班牙种小猎犬			0		THUOCL
英氏狭鰕虎鱼			0		THUOCL
英氏直线脂鲤			0		THUOCL
英氏纹唇鱼			0		THUOCL
英氏莫鲻			0		THUOCL
英氏野鲮			0		THUOCL
英法小猎犬			0		THUOCL
英特布彻山犬			0		THUOCL
英种斑点兔			0		THUOCL
英系长毛兔			0		THUOCL
英诺魮			0		THUOCL
英雄珍眼蝶			0		THUOCL
英鳎			0		THUOCL
苹果大卷叶蛾			0		THUOCL
苹果蠧蛾			0		THUOCL
苹果鹰夜蛾			0		THUOCL
苹美皮夜			0		THUOCL
茂坪粉蝇			0		THUOCL
茂拉罗马纳拉猪			0		THUOCL
茂汶杜鹃			0		THUOCL
茂环蛱蝶			0		THUOCL
茄子茶黄螨			0		THUOCL
茄形碘泡虫			0		THUOCL
茄黄斑螟蛾			0		THUOCL
茅坪紫褐螟			0		THUOCL
茅埔柄驼舞虻			0		THUOCL
茅形岩瓷蟹			0		THUOCL
茅房土蚱			0		THUOCL
茉莉叶野螟蛾			0		THUOCL
茉莉花鱂			0		THUOCL
茎骨刀角瓢虫			0		THUOCL
茨淮新河大闸蟹			0		THUOCL
茯莱奥赫蛛			0		THUOCL
茴香薄翅野螟			0		THUOCL
茶卡高原鳅			0		THUOCL
茶吉丁虫			0		THUOCL
茶并盾蚧			0		THUOCL
茶杯猪			0		THUOCL
茶杯猫			0		THUOCL
茶树假眼小绿叶蝉			0		THUOCL
茶树小白纹毒蛾			0		THUOCL
茶树红圆蚧			0		THUOCL
茶树苏铁褐点盾蚧			0		THUOCL
茶树茶园咖啡木囊蛾			0		THUOCL
茶树茶小卷叶蛾			0		THUOCL
茶树茶牡蛎蚧			0		THUOCL
茶树茶黄硬蓟马			0		THUOCL
茶梢尖蛾长体茧蜂			0		THUOCL
茶毒蛾黑卵蜂			0		THUOCL
茶眉眼镜鸮			0		THUOCL
茶肖叶甲			0		THUOCL
茶脊冠网蝽			0		THUOCL
茶腹角鸮			0		THUOCL
茶腹食籽雀			0		THUOCL
茶腹鸣角鸮			0		THUOCL
茶花叶杜鹃			0		THUOCL
茶花潜叶蛾			0		THUOCL
茶花红脊角蝉			0		THUOCL
茶花芋螺			0		THUOCL
茶花蚧壳虫			0		THUOCL
茶药鸡			0		THUOCL
茶褐伏翼			0		THUOCL
茶褐围盾蚧			0		THUOCL
茶褐广翅蛾蜡蝉			0		THUOCL
茶褐盗猎蝽			0		THUOCL
茶贡尺蛾			0		THUOCL
茸毛华蜗牛			0		THUOCL
茹佛普迪蛛			0		THUOCL
荆州东方希望			0		THUOCL
荆莿鸟			0		THUOCL
草地褐蝶			0		THUOCL
草场蝇子草			0		THUOCL
草履唇滴虫			0		THUOCL
草席钟螺			0		THUOCL
草栖毛丛蛛			0		THUOCL
草莓蟹			0		THUOCL
草莓镰翅小卷蛾			0		THUOCL
草蛉亨姬蜂			0		THUOCL
草鞋蚧			0		THUOCL
草黃車輪螺			0		THUOCL
荒地剑角蝗			0		THUOCL
荒漠毛跖鼠			0		THUOCL
荒漠雕鸮			0		THUOCL
荒漠鹿鼠			0		THUOCL
荒贺氏长鲈			0		THUOCL
荒贺粗尾鲈			0		THUOCL
荒贺长鲈			0		THUOCL
荣县峨嵋龙			0		THUOCL
荣望灯蛾			0		THUOCL
荣栉孔扇贝			0		THUOCL
荧光小褐鳕			0		THUOCL
荧光蝎			0		THUOCL
荧闪粉蝶			0		THUOCL
荧鳞五花琉金			0		THUOCL
荧鳞蝶尾鱼			0		THUOCL
药用植物害虫光肩星天牛			0		THUOCL
药用植物害虫柑桔凤蝶			0		THUOCL
药用植物害虫榆毒蛾			0		THUOCL
药用植物害虫绿尾大蚕蛾			0		THUOCL
药用植物害虫银杏大蚕蛾			0		THUOCL
药用植物害虫马尾松毛虫			0		THUOCL
药铺脊棱齿象			0		THUOCL
荷兰卷尾丝毛犬			0		THUOCL
荷兰斯姆茨杭德犬			0		THUOCL
荷兰斯牟雄德犬			0		THUOCL
荷叶陆龟			0		THUOCL
荷花潜叶摇蚊			0		THUOCL
荻蛀茎夜蛾羽角姬小蜂			0		THUOCL
莎姆新东洋金鳞鱼			0		THUOCL
莘县金鑫畜禽医院			0		THUOCL
莫三比克口孵非鲫			0		THUOCL
莫三鼻克圆鳞鮋			0		THUOCL
莫三鼻口孵鱼			0		THUOCL
莫乔凯托人			0		THUOCL
莫亚吉芋螺			0		THUOCL
莫勒波克蛙嘴夜鹰			0		THUOCL
莫吉无颊齿脂鲤			0		THUOCL
莫哈骨尾鱼			0		THUOCL
莫奈多锯鲈			0		THUOCL
莫尼卡溪鳉			0		THUOCL
莫岛管舌雀			0		THUOCL
莫岛角鸮			0		THUOCL
莫干山黄斑蜂			0		THUOCL
莫戈隆山狼			0		THUOCL
莫桑比克叫姑鱼			0		THUOCL
莫桑比克圆鳞鮋			0		THUOCL
莫桑比克圆鳞鲉			0		THUOCL
莫桑比克妙音鰕虎			0		THUOCL
莫桑比克海蠋鱼			0		THUOCL
莫桑比克百眼宝螺			0		THUOCL
莫桑比克腹瓢鰕虎			0		THUOCL
莫桑比克腹瓢鰕虎鱼			0		THUOCL
莫桑比克裸颊鲷			0		THUOCL
莫桑鼻给倒棘鲬			0		THUOCL
莫比微星鼓藻爪哇变种			0		THUOCL
莫氏丝隆头鱼			0		THUOCL
莫氏丝鰕虎鱼			0		THUOCL
莫氏二段海鞘			0		THUOCL
莫氏伪鲸鲶			0		THUOCL
莫氏倭革囊星虫			0		THUOCL
莫氏副狮子鱼			0		THUOCL
莫氏半棘鮠			0		THUOCL
莫氏半线琴脂鲤			0		THUOCL
莫氏四极虫			0		THUOCL
莫氏圆锯裂虫			0		THUOCL
莫氏小粉蝶			0		THUOCL
莫氏尾囊海龙			0		THUOCL
莫氏扩张绦虫			0		THUOCL
莫氏指鮟鱇			0		THUOCL
莫氏棘花鮨			0		THUOCL
莫氏深帽水母			0		THUOCL
莫氏溪鳉			0		THUOCL
莫氏滨珊瑚			0		THUOCL
莫氏白毛虫			0		THUOCL
莫氏直线脂鲤			0		THUOCL
莫氏绦虫属			0		THUOCL
莫氏美洲鱥			0		THUOCL
莫氏铃萤			0		THUOCL
莫氏长须王蜥			0		THUOCL
莫氏鮠			0		THUOCL
莫氏鮨丽鱼			0		THUOCL
莫波克蛙嘴夜鹰			0		THUOCL
莫洛基尼岛杯形珊瑚			0		THUOCL
莫湖非洲盲刺鳅			0		THUOCL
莫溪鳉			0		THUOCL
莫科野鲮			0		THUOCL
莫罗索犬			0		THUOCL
莫老爹鸽			0		THUOCL
莫螈			0		THUOCL
莫诺长脂鲤			0		THUOCL
莫那龙			0		THUOCL
莫里海蛳螺			0		THUOCL
莫顿巨蜥			0		THUOCL
莫顿蜾赢蜚			0		THUOCL
莱哈衣滴虫			0		THUOCL
莱弗特宝螺			0		THUOCL
莱得利基三叶虫目			0		THUOCL
莱得利基虫亚目			0		THUOCL
莱昂克列比塘鳢			0		THUOCL
莱昂普卢尔龙			0		THUOCL
莱氏矮鰕虎鱼			0		THUOCL
莱氏黄雀鹀			0		THUOCL
莱特氏间颈须鳚			0		THUOCL
莱维氏歧须鮠			0		THUOCL
莲花池长柄茧蜂			0		THUOCL
莲藕根金花虫			0		THUOCL
莲藕涡螺			0		THUOCL
莲藕潜叶摇蚊			0		THUOCL
莲藕福寿螺			0		THUOCL
莲藕食根金花虫			0		THUOCL
莴苣冬夜蛾			0		THUOCL
莴苣南美斑潜蝇			0		THUOCL
莹斑篮子鱼			0		THUOCL
莹虾属			0		THUOCL
莹虾幼体			0		THUOCL
莽原折背陆龟			0		THUOCL
莽氏地图宝螺			0		THUOCL
菊姬尽管蚜			0		THUOCL
菊小筒天牛			0		THUOCL
菊棘花鮨			0		THUOCL
菊海鞘属			0		THUOCL
菊花根结线虫			0		THUOCL
菜翅亥夜蛾			0		THUOCL
菩尺蛾			0		THUOCL
菩提赭弄蝶			0		THUOCL
華南骨螺			0		THUOCL
菱川何华灰蝶			0		THUOCL
菱形大眼剑水蚤			0		THUOCL
菱形枪十字虫			0		THUOCL
菲勒灯鳉			0		THUOCL
菲岛关公蟹			0		THUOCL
菲岛小桧叶螅			0		THUOCL
菲岛扁股小蜂			0		THUOCL
菲岛抱缘姬蜂			0		THUOCL
菲岛腔室茧蜂			0		THUOCL
菲律宾伪大眼鮋			0		THUOCL
菲律宾墓蝠			0		THUOCL
菲律宾明樱蛤			0		THUOCL
菲律宾枝牙鰕虎鱼			0		THUOCL
菲律宾海氏小带鰕			0		THUOCL
菲律宾瓢眼鰕虎鱼			0		THUOCL
菲律宾短吻长尾鳕			0		THUOCL
菲律宾肥角锹形虫			0		THUOCL
菲律宾襞蛤			0		THUOCL
菲律宾鳞鳍梅鲷			0		THUOCL
菲律賓捲管螺			0		THUOCL
菲比霸鹟			0		THUOCL
菲氏叉尾带鱼			0		THUOCL
菲济角鮃			0		THUOCL
萌芽杓蛤			0		THUOCL
萍摇蚊			0		THUOCL
萤叶甲亚科			0		THUOCL
萤点石斑鱼			0		THUOCL
萤金花虫			0		THUOCL
营养不良湖泊			0		THUOCL
萧克劳希海鬃蜥			0		THUOCL
萨伊氏斑胸蚜蝇			0		THUOCL
萨切橙口榧螺			0		THUOCL
萨哈林口孵非鲫			0		THUOCL
萨哈林小眼八角鱼			0		THUOCL
萨哈林短吻狮子鱼			0		THUOCL
萨尔温江高须鱼			0		THUOCL
萨尔瓦多郊狼			0		THUOCL
萨拉马卡河兵鲶			0		THUOCL
萨摩亚侧带小公鱼			0		THUOCL
萨摩亚水磨石芋螺			0		THUOCL
萨摩亚瓢鳍鰕虎鱼			0		THUOCL
萨摩亚笛鲷			0		THUOCL
萨摩亚船蛆			0		THUOCL
萨摩亚鸣鹃鵙			0		THUOCL
萨摩亚黑水鸡			0		THUOCL
萨摩扇尾鹟			0		THUOCL
萨摩沙鳢萨摩柯			0		THUOCL
萨摩蚀叶野螟			0		THUOCL
萨摩阿黏鰕虎鱼			0		THUOCL
萨普兰尼那克犬			0		THUOCL
萨纳默伪直尾线虫			0		THUOCL
萨维奇拳螺			0		THUOCL
萨鲁奇猎犬			0		THUOCL
萨默氏魮			0		THUOCL
萨默维尔蕈珊瑚			0		THUOCL
萬寶螺			0		THUOCL
萼洞叶蛛			0		THUOCL
落叶宅小型蜘蛛			0		THUOCL
落叶松双肩尺蛾			0		THUOCL
落叶松实小卷蛾			0		THUOCL
落叶松扁叶蜂			0		THUOCL
落叶松球蚜			0		THUOCL
落叶松种子小蜂			0		THUOCL
落叶林动物群			0		THUOCL
落叶溪鳉			0		THUOCL
落合氏眼眶牛尾鱼			0		THUOCL
葛奴蛀犀金龟			0		THUOCL
葛氏梨茎蜂			0		THUOCL
葛氏海蠋鱼			0		THUOCL
葡萄牙波登哥犬			0		THUOCL
董氏异鳞鱵			0		THUOCL
葫芦伪似盘钩虫			0		THUOCL
葫芦伪锚盘虫			0		THUOCL
葫芦夜蛾			0		THUOCL
葫芦拟步行虫			0		THUOCL
葫芦锹形虫			0		THUOCL
葱花翅小卷蛾			0		THUOCL
葱黄寡毛跳甲			0		THUOCL
蒂氏刺鼻单棘鲀			0		THUOCL
蒙古北灯蛾			0		THUOCL
蒙古国细狗			0		THUOCL
蒙古安氏中兽			0		THUOCL
蒙古成吉思鱼			0		THUOCL
蒙古拟地蜂			0		THUOCL
蒙古棘猛水蚤			0		THUOCL
蒙古沙漠死亡之虫			0		THUOCL
蒙古花蟹蛛			0		THUOCL
蒙古计氏龙			0		THUOCL
蒙古酒眼蝶			0		THUOCL
蒙大拿角龙			0		THUOCL
蒙特虫			0		THUOCL
蒙蛁蟟蝉			0		THUOCL
蒙面狗鱼			0		THUOCL
蒙鮃			0		THUOCL
蒜皮猫芋螺			0		THUOCL
蒜頭花仙螺			0		THUOCL
蒲原氏腔吻鱈			0		THUOCL
蒲氏粘盲鳗			0		THUOCL
蒲氏粘盲鳗鱼			0		THUOCL
蓇袋卷叶蛛			0		THUOCL
蓑衣虫病			0		THUOCL
蓑鲉绦刺鱼蚤			0		THUOCL
蓝九间			0		THUOCL
蓝厚缘肖叶甲			0		THUOCL
蓝尾迷萤叶甲			0		THUOCL
蓝布尔氏雅尔氏鞭毛虫			0		THUOCL
蓝拳击虾			0		THUOCL
蓝斑岩尺蛾			0		THUOCL
蓝月光天使			0		THUOCL
蓝氏燕尾鮗			0		THUOCL
蓝灰厚嘴霸鹟			0		THUOCL
蓝灰方头鲳			0		THUOCL
蓝灰糙毛杜鹃			0		THUOCL
蓝点拟门齿雀鲷			0		THUOCL
蓝点辉卷尾			0		THUOCL
蓝燕尾鮗			0		THUOCL
蓝珍珠鱼将			0		THUOCL
蓝眼巴丹鹦鹉			0		THUOCL
蓝眼睛黑回狐猴			0		THUOCL
蓝眼豹纹狗头			0		THUOCL
蓝眼频克			0		THUOCL
蓝纹洞穴虾虎鱼			0		THUOCL
蓝翅笑翠鸟			0		THUOCL
蓝翅负泥虫			0		THUOCL
蓝胸蜂虎			0		THUOCL
蓝胸负泥虫			0		THUOCL
蓝腋树蛙			0		THUOCL
蓝色皮卡迪獚			0		THUOCL
蓝颊蜂虎			0		THUOCL
蓝额矛嘴蜂鸟			0		THUOCL
蓝鹀			0		THUOCL
蓝鹃鵙			0		THUOCL
蓝黄梅鲷			0		THUOCL
蓝黑异毛肖叶甲			0		THUOCL
蓝黑栉寄蝇			0		THUOCL
蓬莱金毛猿金花虫			0		THUOCL
蔓蛇尾亚目			0		THUOCL
蔗梳爪叩甲			0		THUOCL
蔚逐虎蛾			0		THUOCL
蔡氏中洞鲷			0		THUOCL
蔷薇千手螺			0		THUOCL
蔷薇卷管螺			0		THUOCL
蔷薇圆尾蚜			0		THUOCL
蔷薇小叶蝉			0		THUOCL
蔷薇弧翅卷蛾			0		THUOCL
蔷薇海星			0		THUOCL
蔷薇白轮盾蚧			0		THUOCL
蕨鹩刺莺			0		THUOCL
薄唇瓦娄蜗牛			0		THUOCL
薄壳泥阿地螺			0		THUOCL
薄壳镜文蛤			0		THUOCL
薄护尾鮠			0		THUOCL
薄板胶球虫			0		THUOCL
薄片爪形蟹			0		THUOCL
薄片蜾赢蜚			0		THUOCL
薄皱贝			0		THUOCL
薄身罗马诺鮈			0		THUOCL
薪春四宝			0		THUOCL
薪甲科			0		THUOCL
薮犬亚科			0		THUOCL
藍眼凤头鹦鹉			0		THUOCL
藏凹长翅卷蛾			0		THUOCL
藏半翅木虱			0		THUOCL
藏红毛喙祝蛾			0		THUOCL
藏红腋齿黄斑蜂			0		THUOCL
藏鮡肉			0		THUOCL
藏鰋			0		THUOCL
藕太波纹蛾			0		THUOCL
蘇氏长颈虎甲虫			0		THUOCL
蘇氏须唇飞鱼			0		THUOCL
蘑菇葵花珊瑚			0		THUOCL
蘑菇顶海螺			0		THUOCL
蘭嶼光澤蝸牛			0		THUOCL
蘭福寶螺			0		THUOCL
蘭花捲管螺			0		THUOCL
虎斑毛伪蜻			0		THUOCL
虎斑玳瑁凤蝶			0		THUOCL
虎斑纹吃肉蝶			0		THUOCL
虎皮楠长喙天蛾			0		THUOCL
虎纹倒吊鱼			0		THUOCL
虎耳香菇珊瑚			0		THUOCL
虫纹底尾鳕			0		THUOCL
虫纹杜父鱼			0		THUOCL
虫纹粗棘蜥			0		THUOCL
虫蠳花仙螺			0		THUOCL
虫霉科			0		THUOCL
虱性车轮虫			0		THUOCL
虹彩樱蛤			0		THUOCL
虹鮈鰕虎鱼			0		THUOCL
虹鳟人工繁殖法			0		THUOCL
虾夷车轴螺			0		THUOCL
虾蟹脱壳促长散			0		THUOCL
虾钳菜披龟甲			0		THUOCL
虾钳菜日龟甲			0		THUOCL
蚁形甲			0		THUOCL
蚊子草长翅卷蛾			0		THUOCL
蚊茎指环虫			0		THUOCL
蚊蝎蛉科			0		THUOCL
蚕豆影夜蛾			0		THUOCL
蚤羽膜滴虫			0		THUOCL
蚤钟虫			0		THUOCL
蚬木曲脉木虱			0		THUOCL
蛇尾亚纲			0		THUOCL
蛈蛚			0		THUOCL
蛋黃寶螺			0		THUOCL
蛋黄巧克力猫			0		THUOCL
蛎居深鰕虎鱼			0		THUOCL
蛎鹬刺缘吸虫			0		THUOCL
蛏螠			0		THUOCL
蛛毛蝎科			0		THUOCL
蛜威			0		THUOCL
蛤仔壳			0		THUOCL
蛤蚧守宫			0		THUOCL
蛭口粘鳗			0		THUOCL
蛹形筆螺			0		THUOCL
蛹形细卡勒虫			0		THUOCL
蛼軥			0		THUOCL
蜀驼花天牛			0		THUOCL
蜂巢底尾鳕			0		THUOCL
蜂巢星珊瑚属			0		THUOCL
蜂巢盘肠蚤			0		THUOCL
蜂巢短吻狮子鱼			0		THUOCL
蜂巢窄尾魟			0		THUOCL
蜂巢螟			0		THUOCL
蜂巢螟蛾			0		THUOCL
蜂春鹿蛾			0		THUOCL
蜂海龙			0		THUOCL
蜂蜜色云朵芋螺			0		THUOCL
蜉蚴目四节蜉科			0		THUOCL
蜙蝑			0		THUOCL
蜜蜂寄生蝇			0		THUOCL
蜜蜂角螺			0		THUOCL
蜡蚧扁角短尾跳小蜂			0		THUOCL
蜡蚧扁角长尾跳小蜂			0		THUOCL
蜡黄云朵芋螺			0		THUOCL
蜤螽			0		THUOCL
蜥形克隆甲鲶			0		THUOCL
蜥形副平牙鰕虎鱼			0		THUOCL
蜥形非洲盲刺鳅			0		THUOCL
蜥狗母鱼			0		THUOCL
蜥蜴状髋部			0		THUOCL
蜴狗母鱼			0		THUOCL
蜻蜓之矛斑蟌			0		THUOCL
蜾臝			0		THUOCL
蜾赢科			0		THUOCL
蜾赢蜚属			0		THUOCL
蝇泥阿地螺			0		THUOCL
蝇虎科			0		THUOCL
蝇虎跳蛛			0		THUOCL
蝇蛹沟姬蜂			0		THUOCL
蝇霸鹟			0		THUOCL
蝎子守宫			0		THUOCL
蝎尾山蚂蝗			0		THUOCL
蝎虎链子			0		THUOCL
蝠莫圆线虫			0		THUOCL
蝠附伞膜线虫			0		THUOCL
蝨蝇			0		THUOCL
蝲姑			0		THUOCL
蝲蛄科			0		THUOCL
蝶尾墨龙睛			0		THUOCL
螟虫长体茧蜂			0		THUOCL
螟蛉狭面姬小蜂			0		THUOCL
螠虫动物门			0		THUOCL
螯形叉指环虫			0		THUOCL
螯蜂黄分盾细蜂			0		THUOCL
螱蠊科			0		THUOCL
螺形龟甲轮虫			0		THUOCL
螺旋孢子虫属			0		THUOCL
螺紋捲管螺			0		THUOCL
蟧蜈狩猎巨蟹蛛			0		THUOCL
蟹体鲎科			0		THUOCL
蟹双眼钩虾			0		THUOCL
蟹形和平水母			0		THUOCL
蟹形拟蝎			0		THUOCL
蟹肉鱼唇			0		THUOCL
蟹蛛亚科			0		THUOCL
蟹蛛卵姬小蜂			0		THUOCL
蟹鳌织纹螺			0		THUOCL
蟹鳐			0		THUOCL
蟹鸻			0		THUOCL
蟹鸻科			0		THUOCL
蟹黄水晶毛虫			0		THUOCL
蟹龙属			0		THUOCL
蟼掌突蟾			0		THUOCL
蠀螬			0		THUOCL
蠋步甲			0		THUOCL
蠋纲			0		THUOCL
蠍螺			0		THUOCL
蠕新康吉鳗			0		THUOCL
蠟黃芋螺			0		THUOCL
蠹幼室迹			0		THUOCL
血心灯			0		THUOCL
血液鳃			0		THUOCL
血眼虫			0		THUOCL
血跡蛙螺			0		THUOCL
行列角胸肖叶甲			0		THUOCL
行刻黄肖叶甲			0		THUOCL
衡阳展望			0		THUOCL
衡阳新发展			0		THUOCL
衣角樱蛤			0		THUOCL
表壳虫目			0		THUOCL
衲补美凤蝶			0		THUOCL
袋虫动物门			0		THUOCL
袖粉蝶亚科			0		THUOCL
裁切淡脉隧蜂			0		THUOCL
裂叶隐势瓢虫			0		THUOCL
裂斑鹰翅天蛾			0		THUOCL
裂植珊瑚			0		THUOCL
裂肋三叶虫目			0		THUOCL
裘诺公主短鲷			0		THUOCL
裸体副鱥			0		THUOCL
裸吻单长尾鳕			0		THUOCL
裸唇纲			0		THUOCL
裸掌盾牌蟹			0		THUOCL
裸棘杜父鱼			0		THUOCL
裸滑隆头丽鱼			0		THUOCL
裸犁长鳍蝠鱼			0		THUOCL
裸环鳣菊石			0		THUOCL
裸盲蟹			0		THUOCL
裸端泉蝇			0		THUOCL
裸背唇隆头鱼			0		THUOCL
裸背果蝠属			0		THUOCL
裸背蝠属			0		THUOCL
裸背鰧			0		THUOCL
裸胫棘蝇			0		THUOCL
裸胫角鸮			0		THUOCL
裸胸兵鲂鮄			0		THUOCL
裸胸哈氏甲鲶			0		THUOCL
裸胸底杜父鱼			0		THUOCL
裸脸灰蕉鹃			0		THUOCL
裸脸鹮			0		THUOCL
裸腹下口蜻鲶			0		THUOCL
裸腹下口鲶			0		THUOCL
裸腹匙甲鲶			0		THUOCL
裸腹原缨口鳅			0		THUOCL
裸腹叶须鱼裸腹			0		THUOCL
裸腹杜父鱼			0		THUOCL
裸腹溞科			0		THUOCL
裸腹片唇鮈			0		THUOCL
裸腹片唇鱼句			0		THUOCL
裸腹瓢鰕虎鱼			0		THUOCL
裸腹盲鲃			0		THUOCL
裸躄鱼			0		THUOCL
裸露异毛蚓			0		THUOCL
裸颈果伞鸟			0		THUOCL
裸颈鹳			0		THUOCL
裸颊锯鳞鰕虎鱼			0		THUOCL
裸鰆			0		THUOCL
褐九棘鲈			0		THUOCL
褐二刺角蝉			0		THUOCL
褐体卡萤叶甲			0		THUOCL
褐光尾鲨			0		THUOCL
褐冠扇尾鹟			0		THUOCL
褐冠红翅鵙			0		THUOCL
褐冠蝇霸鹟			0		THUOCL
褐冠鹦哥			0		THUOCL
褐凹翅萤叶甲			0		THUOCL
褐副盲鳗			0		THUOCL
褐副鳞鲀			0		THUOCL
褐单脉色蟌			0		THUOCL
褐去玛瑙螺			0		THUOCL
褐叶华丽杜鹃			0		THUOCL
褐叶纹尺蛾			0		THUOCL
褐吊叶蛛			0		THUOCL
褐吻鰕虎鱼			0		THUOCL
褐唇嵌线螺			0		THUOCL
褐嘴镰嘴雀			0		THUOCL
褐圆吻猫鲨			0		THUOCL
褐基斑粉蝶			0		THUOCL
褐基蜻蜓			0		THUOCL
褐大头蚁			0		THUOCL
褐家蛾			0		THUOCL
褐宽鳃鮟鱇			0		THUOCL
褐尾南鮰脂鲤			0		THUOCL
褐尾喙虫脩			0		THUOCL
褐尾圣柳叶蝉			0		THUOCL
褐尾绿综蟌			0		THUOCL
褐带东灯蛾			0		THUOCL
褐带围沙蚕			0		THUOCL
褐带少女鱼			0		THUOCL
褐带弧翅卷蛾			0		THUOCL
褐带污灯蛾			0		THUOCL
褐带秃角蝉			0		THUOCL
褐广翅小卷蛾			0		THUOCL
褐斑优舟蛾			0		THUOCL
褐斑刺尾鲷			0		THUOCL
褐斑啄木鸟			0		THUOCL
褐斑围啮			0		THUOCL
褐斑圆筒象			0		THUOCL
褐斑岩尺蛾			0		THUOCL
褐斑带蛾			0		THUOCL
褐斑异痣蟌			0		THUOCL
褐斑扁花金龟			0		THUOCL
褐斑栉眼鰕虎鱼			0		THUOCL
褐斑点烈长蝽			0		THUOCL
褐斑燕尾海牛			0		THUOCL
褐斑猫鲨			0		THUOCL
褐斑白弄蝶			0		THUOCL
褐斑窄纹卷蛾			0		THUOCL
褐斑筍螺			0		THUOCL
褐斑翅野螟			0		THUOCL
褐斑舟蛾			0		THUOCL
褐斑虎丽灯蛾			0		THUOCL
褐斑长鳍天竺鲷			0		THUOCL
褐斑革鯻			0		THUOCL
褐斑黄钩蛾			0		THUOCL
褐斜缘螽			0		THUOCL
褐斜鲽			0		THUOCL
褐杂鳞杜父鱼			0		THUOCL
褐棘螺			0		THUOCL
褐海蠋鱼			0		THUOCL
褐点副鱥			0		THUOCL
褐点墨天牛			0		THUOCL
褐点弧翅卷蛾			0		THUOCL
褐点拟隆头鱼			0		THUOCL
褐点望灯蛾			0		THUOCL
褐点粉灯蛾			0		THUOCL
褐狗母			0		THUOCL
褐狗母鱼			0		THUOCL
褐狗母鱼背斑狗			0		THUOCL
褐盔蜡蚧			0		THUOCL
褐盾丽盲蝽			0		THUOCL
褐盾裂爪蜂			0		THUOCL
褐眉眼蝶			0		THUOCL
褐短嘴旋木雀			0		THUOCL
褐短须石首鱼			0		THUOCL
褐端棘蝇			0		THUOCL
褐纹翅野螟			0		THUOCL
褐维小卷蛾			0		THUOCL
褐缘竖角蝉			0		THUOCL
褐缘红鲂鮄			0		THUOCL
褐缘绿刺蛾			0		THUOCL
褐缝基瓢虫			0		THUOCL
褐翅叉尾海燕			0		THUOCL
褐翅叶蝉			0		THUOCL
褐翅圆眼花天牛			0		THUOCL
褐翅拟隶萤叶甲			0		THUOCL
褐翅椿象			0		THUOCL
褐翅绿弄蝶			0		THUOCL
褐翅花蜜鸟			0		THUOCL
褐翅辉椋鸟			0		THUOCL
褐翅雀			0		THUOCL
褐翅高冠角蝉			0		THUOCL
褐耳啄木鸟			0		THUOCL
褐耳雀鹰			0		THUOCL
褐股棘蝇			0		THUOCL
褐肩鹰			0		THUOCL
褐胁灰背雀			0		THUOCL
褐背唧霸鹟			0		THUOCL
褐背啄木鸟			0		THUOCL
褐背啸鹟			0		THUOCL
褐背小萤叶甲			0		THUOCL
褐背小鹟			0		THUOCL
褐背棕翅鸠			0		THUOCL
褐背蝠鱝			0		THUOCL
褐背针尾雨燕			0		THUOCL
褐背露斯			0		THUOCL
褐背青小灰蝶			0		THUOCL
褐背鸫			0		THUOCL
褐背鹊鵙			0		THUOCL
褐背鹟鵙			0		THUOCL
褐背鹦哥			0		THUOCL
褐胸斑翅霸鹟			0		THUOCL
褐脊匙头叶蝉			0		THUOCL
褐角三节叶蜂			0		THUOCL
褐角丽叶蜂			0		THUOCL
褐足全肿腿蜂			0		THUOCL
褐边狭翅夜蛾			0		THUOCL
褐边角胸肖叶甲			0		THUOCL
褐金棘蝇			0		THUOCL
褐锯翅燕			0		THUOCL
褐长脚蜂			0		THUOCL
褐霸鹟			0		THUOCL
褐非洲鸦鹛			0		THUOCL
褐顶侏霸鹟			0		THUOCL
褐顶小霸鹟			0		THUOCL
褐顶斑鸻			0		THUOCL
褐顶莺雀			0		THUOCL
褐顶针尾雀			0		THUOCL
褐颊针尾雀			0		THUOCL
褐駝海膽			0		THUOCL
褐高手水母			0		THUOCL
褐高眉鳝			0		THUOCL
褐黄前锹甲			0		THUOCL
褐黄异康吉鳗			0		THUOCL
褐黄毒蛾			0		THUOCL
褐黄锹甲			0		THUOCL
褒氏贫鱠			0		THUOCL
褒氏贫鲈			0		THUOCL
褶玫瑰水母			0		THUOCL
褶锚参			0		THUOCL
褶颊虫亚目			0		THUOCL
襀翅总目			0		THUOCL
襄樊乾泰			0		THUOCL
襄樊铁骑力士			0		THUOCL
襞蛤科			0		THUOCL
西伯利亚伟黄斑蜂			0		THUOCL
西伯利亚大足蝗			0		THUOCL
西伯利亚峨螺			0		THUOCL
西伯利亚杜父鱼			0		THUOCL
西伯利亚棘缘吸虫			0		THUOCL
西伯利亚草盲蝽			0		THUOCL
西伯利亚野牛			0		THUOCL
西伯利斯陆寄居蟹			0		THUOCL
西佰嘎类人面蟹			0		THUOCL
西南小灯蛾			0		THUOCL
西印度树鸭			0		THUOCL
西印度洋双犁海鳝			0		THUOCL
西印鹦哥			0		THUOCL
西双刺胫蜂			0		THUOCL
西双厚毛木虱			0		THUOCL
西古巴亚马逊鹦鹉			0		THUOCL
西奈半岛角吻鰕虎			0		THUOCL
西奈黑齿宝螺			0		THUOCL
西姆圆腹沙丁			0		THUOCL
西姆钝腹鲱			0		THUOCL
西摩螈形类群			0		THUOCL
西敏羱			0		THUOCL
西斯潘纽拉锥尾鹦鹉			0		THUOCL
西方正形贝属			0		THUOCL
西欧马鹿			0		THUOCL
西洋软颅石首鱼			0		THUOCL
西澳光尾海龙			0		THUOCL
西澳大利亚叶蟾躄			0		THUOCL
西澳大利亚尾囊海			0		THUOCL
西澳大花枕宝螺			0		THUOCL
西澳扁魟			0		THUOCL
西爪哇叶猴			0		THUOCL
西班牙喜鹊鸽			0		THUOCL
西班牙小鱥			0		THUOCL
西班牙赤颈鸽			0		THUOCL
西瓦兔猴			0		THUOCL
西瓦兔猴科			0		THUOCL
西瓦古猿属			0		THUOCL
西畴乌骨鸡			0		THUOCL
西蒙希氏小雨蛙			0		THUOCL
西藏厚缘肖叶甲			0		THUOCL
西藏带眼蝶			0		THUOCL
西藏披毛犀			0		THUOCL
西藏暗端粉蝶			0		THUOCL
西藏毒隐翅虫			0		THUOCL
西藏毛肖叶甲			0		THUOCL
西藏毡腹茧蜂			0		THUOCL
西藏湟源蛛			0		THUOCL
西藏猎犬小布拉班特			0		THUOCL
西藏短钩角蝉			0		THUOCL
西藏粗股肖叶甲			0		THUOCL
西藏草盲蝽			0		THUOCL
西藏蝇犬			0		THUOCL
西藏长耳猎犬			0		THUOCL
西藏雏蝗			0		THUOCL
西西里马尔他侏儒河马			0		THUOCL
西部赫尔曼陆龟			0		THUOCL
西部鸥嘴燕鸥			0		THUOCL
西部黄动胸龟			0		THUOCL
西部黑犀			0		THUOCL
西里伯多棘牛尾鱼			0		THUOCL
西里伯斯柔毛鼠属			0		THUOCL
西里伯斯犬吻蝠			0		THUOCL
西里伯斯野水牛			0		THUOCL
西里伯斯鹿豚			0		THUOCL
西里伯繸鲬			0		THUOCL
西里汉姆梗			0		THUOCL
西门登拟菊海鞘			0		THUOCL
西非侧颈盒龟			0		THUOCL
西非叉尾带鱼			0		THUOCL
西非尖爪丛猴			0		THUOCL
西非玛瑙宝螺			0		THUOCL
西高地白绠			0		THUOCL
西高止山鼻蛙			0		THUOCL
覆毛羊角蟹			0		THUOCL
覆瓦牡蛎			0		THUOCL
规则间海参			0		THUOCL
角兵鲂鮄			0		THUOCL
角半下口鲶			0		THUOCL
角叉莱属			0		THUOCL
角后夜蛾			0		THUOCL
角基角胸肖叶甲			0		THUOCL
角官鸟			0		THUOCL
角尖鼻鲀			0		THUOCL
角带花姬蝽			0		THUOCL
角拟星根虫			0		THUOCL
角斑古毒蛾			0		THUOCL
角斑后丽盲蝽			0		THUOCL
角斑芒果蛛			0		THUOCL
角斑荫眼蝶			0		THUOCL
角斑黄毒蛾			0		THUOCL
角木叶鲽			0		THUOCL
角杯水母			0		THUOCL
角海棘水母			0		THUOCL
角燧磷虾角状樱磷虾			0		THUOCL
角版虫			0		THUOCL
角红蟹蛛			0		THUOCL
角翅弄蝶			0		THUOCL
角翅梳蓟马			0		THUOCL
角翅粉蝶			0		THUOCL
角翅野螟			0		THUOCL
角胃住囊虫			0		THUOCL
角胸步甲			0		THUOCL
角花篮虫			0		THUOCL
角茎舟蛾			0		THUOCL
角菊头蝠			0		THUOCL
角虎斑尺蛾			0		THUOCL
角蛤属			0		THUOCL
角蝶灯蛾			0		THUOCL
角距手参			0		THUOCL
角金线鲃			0		THUOCL
角镜蛤			0		THUOCL
角长吻龟螺			0		THUOCL
角颊淡脉隧蜂			0		THUOCL
角高盖蚤			0		THUOCL
角鼻龙下目			0		THUOCL
角鼻龙属			0		THUOCL
角齿鱼总目			0		THUOCL
角齿鱼科			0		THUOCL
触手冠海鮋			0		THUOCL
触手冠海鲉			0		THUOCL
触手才女虫			0		THUOCL
触手角鮟鱇			0		THUOCL
触指棘杜父鱼			0		THUOCL
触角伪才女虫			0		THUOCL
触角扁鼻戎			0		THUOCL
触角沟鰕虎鱼			0		THUOCL
触角簑鮋			0		THUOCL
触角簑鲉			0		THUOCL
詹代亚锥尾鹦鹉			0		THUOCL
詹代亚鹦哥			0		THUOCL
詹娜宝螺			0		THUOCL
詹小雷氏鲶			0		THUOCL
詹尼小雷氏鲶			0		THUOCL
詹尼澳贝氏七鳃鳗			0		THUOCL
詹巴杜维达鸟			0		THUOCL
詹氏副绯鲤			0		THUOCL
詹氏圆唇鱼			0		THUOCL
詹氏小羚羊			0		THUOCL
詹氏小鲈			0		THUOCL
詹氏弱棘鯻			0		THUOCL
詹氏穴鮨			0		THUOCL
詹氏窄尾魟			0		THUOCL
詹氏锦鱼			0		THUOCL
詹氏锯尾鲨			0		THUOCL
詹氏隆头鱼			0		THUOCL
詹氏霓虹鰕虎鱼			0		THUOCL
詹氏魟			0		THUOCL
詹鱼			0		THUOCL
让德维尔芋螺			0		THUOCL
诈跳岩鳚			0		THUOCL
诱惑鮈鰕虎鱼			0		THUOCL
诺亚粗眼鮗			0		THUOCL
诺亚魁蛤			0		THUOCL
诺亚龙			0		THUOCL
诺内姆裳凤蝶			0		THUOCL
诺夫犬齿兽属			0		THUOCL
诺威奇梗			0		THUOCL
诺娃宝螺			0		THUOCL
诺尔拟霸鹟			0		THUOCL
诺幅克啄羊鹦鹉			0		THUOCL
诺文笑口虫			0		THUOCL
诺曼小棱鲱			0		THUOCL
诺曼底翼龙			0		THUOCL
诺曼底阿图瓦犬			0		THUOCL
诺曼底阿图瓦矮腿长耳猎犬			0		THUOCL
诺曼氏冰鱼			0		THUOCL
诺曼氏卉鮰			0		THUOCL
诺植盲蝽			0		THUOCL
诺氏三角溞			0		THUOCL
诺氏僧帽溞			0		THUOCL
诺氏叉牙甲鲶			0		THUOCL
诺氏古棱齿象			0		THUOCL
诺氏小鳞丽鱼			0		THUOCL
诺氏拾叶雀			0		THUOCL
诺氏棘十字虫			0		THUOCL
诺氏波头鲷			0		THUOCL
诺氏硬头鱼			0		THUOCL
诺氏长峨螺			0		THUOCL
诺福克岛布布克鹰鸮			0		THUOCL
诺福克鹃鵙			0		THUOCL
诺维棘隙吸虫			0		THUOCL
诺里奇犭更犬			0		THUOCL
诺门灯鳉			0		THUOCL
调理吞噬反应			0		THUOCL
谈色紫黄			0		THUOCL
谐夜蛾			0		THUOCL
谐鱼科			0		THUOCL
谢尔曼氏鲸油鲶			0		THUOCL
谢尔曼狐松鼠			0		THUOCL
谢氏多指马鲅			0		THUOCL
谢氏杜父鱼			0		THUOCL
谢蛾科			0		THUOCL
谢西卷管螺			0		THUOCL
谣甲尾鹏			0		THUOCL
谷斑皮囊			0		THUOCL
谷鳞斑叶甲			0		THUOCL
豆二条萤叶甲			0		THUOCL
豆叶东潜蝇			0		THUOCL
豆点宝螺			0		THUOCL
豆眼白			0		THUOCL
豆类红背安缘蝽			0		THUOCL
豆类豆天蛾			0		THUOCL
豆粉蝶属			0		THUOCL
豆纹尺蛾			0		THUOCL
豆肾形虫			0		THUOCL
豌豆修尾蚜			0		THUOCL
豌豆小海马			0		THUOCL
豌豆潜蝇姬小蜂			0		THUOCL
豌豆镰翅小卷蛾			0		THUOCL
豔丽丝鳍鹦鲷			0		THUOCL
豔捻螺			0		THUOCL
豔紅美法螺			0		THUOCL
豔紅芋螺			0		THUOCL
豔紅芭蕉螺			0		THUOCL
豚肠弯曲海螺			0		THUOCL
豚肠弯海螺			0		THUOCL
豹斑硬皮猫鲨			0		THUOCL
豹猫守宫			0		THUOCL
豹纹九棘鮨			0		THUOCL
豹纹刺鮨			0		THUOCL
豹纹卷野螟蛾			0		THUOCL
豹纹花翅黑距蚜小蜂			0		THUOCL
豹鲂鮄亚目			0		THUOCL
豹鲂鮄目			0		THUOCL
豹鲂鮄鱼			0		THUOCL
貌芋螺			0		THUOCL
貴妃芋螺			0		THUOCL
贝克氏低线鱲			0		THUOCL
贝利字母芋螺			0		THUOCL
贝加尔湖杜父鱼			0		THUOCL
贝加尔湖粗杜父鱼			0		THUOCL
贝加尔湖驯鹿			0		THUOCL
贝卢氏绿喉蜂虎			0		THUOCL
贝多姆芋螺			0		THUOCL
贝林克拟四须魮			0		THUOCL
贝林登挭			0		THUOCL
贝林登更			0		THUOCL
贝比背眼长颌鱼			0		THUOCL
贝氏冰杜父鱼			0		THUOCL
贝氏扁隆头鱼			0		THUOCL
贝氏白毛虫			0		THUOCL
贝氏结耙非鲫			0		THUOCL
贝氏莫罗鱥			0		THUOCL
贝氏裸滑塘鳢			0		THUOCL
贝特斯湾宝螺			0		THUOCL
贝登挭			0		THUOCL
贝茨背眼长颌鱼			0		THUOCL
贝诺虫属			0		THUOCL
贝里耶穗唇魮			0		THUOCL
贞女刺萤			0		THUOCL
负泥虫优茧蜂			0		THUOCL
负泥虫姬蜂			0		THUOCL
负泥虫沟姬蜂			0		THUOCL
负泥虫缨小蜂			0		THUOCL
贡德氏赤蛙			0		THUOCL
贡氏深海狗母鱼			0		THUOCL
贫夜蛾			0		THUOCL
贫室串房虫			0		THUOCL
贫棘窄额鲀			0		THUOCL
贫毛双门戎			0		THUOCL
贫毛无前螨			0		THUOCL
贫瘤窗袍虫			0		THUOCL
贫砂锥头虫			0		THUOCL
贫肌纽鳃樽			0		THUOCL
贴梗海棠二叉蚜			0		THUOCL
贵州羽芒秆蝇			0		THUOCL
贵溪华南溪蟹			0		THUOCL
费城锯鮨			0		THUOCL
费尔南特岛浔鳕			0		THUOCL
费弯顶毛食虫虻			0		THUOCL
费氏满天星宝螺			0		THUOCL
费氏钴蓝色牡丹鹦鹉			0		THUOCL
费沙氏爱情鹦鹉			0		THUOCL
费雷斯诺龙			0		THUOCL
贺兰山植盲蝽			0		THUOCL
贾巴尔普尔龙			0		THUOCL
贾桂林鹿角珊瑚			0		THUOCL
贾瓜拉矛丽鱼			0		THUOCL
赖特宝螺			0		THUOCL
赛克斯长毛猎犬			0		THUOCL
赛姆螈			0		THUOCL
赛布斯奥长耳犬			0		THUOCL
赤体盲鰕虎鱼			0		THUOCL
赤古藏獒			0		THUOCL
赤尾胃蝇			0		THUOCL
赤嵌钝齿鱼			0		THUOCL
赤斑短鳍簑鮋			0		THUOCL
赤方红萤			0		THUOCL
赤水桫椤景观昆虫			0		THUOCL
赤水竹乡鸡			0		THUOCL
赤灰长尾鸠			0		THUOCL
赤犬吻蝠			0		THUOCL
赤缘毛角花天牛			0		THUOCL
赤翅双栉角萤			0		THUOCL
赤胸扁鞘天牛			0		THUOCL
赤脚鬼蛛			0		THUOCL
赤腰梅花雀			0		THUOCL
赤腹松柏根			0		THUOCL
赤腹栉角萤			0		THUOCL
赤螘			0		THUOCL
赤褐埃角蝉			0		THUOCL
赤褐环露螽			0		THUOCL
赤褐腹錐尾鹦鹉			0		THUOCL
赤褐腹锥尾鹦鹉			0		THUOCL
赤豆螺			0		THUOCL
赤豿			0		THUOCL
赤铜短尾小蜂			0		THUOCL
赤顶大粉蝶			0		THUOCL
赤顶娇鹟			0		THUOCL
赤顶果鸠			0		THUOCL
赤顶粉蝶			0		THUOCL
赤颊黄鼠			0		THUOCL
赤鲍			0		THUOCL
赤鸡鹑			0		THUOCL
赤鼻稜鯷			0		THUOCL
赫伯斯翼龙			0		THUOCL
赫克尔氏矛丽鱼			0		THUOCL
赫勒尔氏矛丽鱼			0		THUOCL
赫卡柏绿鸟翼凤蝶			0		THUOCL
赫尔曼陆龟			0		THUOCL
赫尔梅蒂类节肢动物			0		THUOCL
赫德森美洲鱥			0		THUOCL
赫恩氏宝丽鱼			0		THUOCL
赫根嗜眼吸虫			0		THUOCL
赫氏中间真条鳅			0		THUOCL
赫氏住囊虫			0		THUOCL
赫氏无鳔鮋			0		THUOCL
赫氏粗杜父鱼			0		THUOCL
赫氏萎鳃丽鱼			0		THUOCL
赫氏骨斑螟			0		THUOCL
赫维希短吻狮子鱼			0		THUOCL
赫蒂鮈			0		THUOCL
赭尾纹虎天牛			0		THUOCL
赭灰蝶			0		THUOCL
赭缘绢野螟			0		THUOCL
赭翅叉环野螟			0		THUOCL
赭翅臀花金龟			0		THUOCL
赵氏茸毛寄蝇			0		THUOCL
超古代怪兽伽鲁拉			0		THUOCL
超红半月斗鱼			0		THUOCL
超级巴拉班氏草原鹦鹉			0		THUOCL
超级马丁氏宝螺			0		THUOCL
超鞭毛目			0		THUOCL
越北原矛头蝮			0		THUOCL
越北绛蝇			0		THUOCL
越南东亚竹叶青蛇			0		THUOCL
越南侧刺跳甲			0		THUOCL
越南凹胫跳甲			0		THUOCL
越南刺毛虫			0		THUOCL
越南刺鰟鮍			0		THUOCL
越南刺鳑鲏			0		THUOCL
越南十盘水母			0		THUOCL
越南半鲿			0		THUOCL
越南单爪螯蜂			0		THUOCL
越南古洁虾			0		THUOCL
越南叶猴			0		THUOCL
越南墨头鱼			0		THUOCL
越南头孔无须魮			0		THUOCL
越南小丝螳			0		THUOCL
越南屈角蝉			0		THUOCL
越南平胸龟			0		THUOCL
越南异鱲			0		THUOCL
越南窄体吸虫			0		THUOCL
越南绳纹峨螺			0		THUOCL
越南野牛			0		THUOCL
越南锥尾叩甲			0		THUOCL
越南长尾阔嘴鸟			0		THUOCL
越南鮡			0		THUOCL
越南鱊			0		THUOCL
越橘黑痣小卷蛾			0		THUOCL
越鱯			0		THUOCL
越黄佛蝗			0		THUOCL
趋性反应			0		THUOCL
趋魔犬			0		THUOCL
趣谈吃蟹			0		THUOCL
足棘鱼			0		THUOCL
跃卡颏银汉鱼			0		THUOCL
跃盲蝽			0		THUOCL
跃进三肢轮虫			0		THUOCL
跗跖骨远端血管孔			0		THUOCL
距刺复镖水蚤			0		THUOCL
距棘花鮨			0		THUOCL
路伊斯鰕海龙			0		THUOCL
路德雀鹛			0		THUOCL
路易斯安那奶蛇			0		THUOCL
路易斯安那州美洲狮			0		THUOCL
路易斯安那州臭鼬			0		THUOCL
路易氏双髻鲨			0		THUOCL
路易氏筒胸肖叶甲			0		THUOCL
路易氏角葫芦锹形虫			0		THUOCL
路易莎鮈鰕虎鱼			0		THUOCL
路氏三刺角蝉			0		THUOCL
路氏圆鲀			0		THUOCL
路氏无耙喉盘鱼			0		THUOCL
路氏矮鰕虎鱼			0		THUOCL
路那纹胸鮡			0		THUOCL
路长绿天牛			0		THUOCL
跳跃同性蜥蜴			0		THUOCL
跳跃薄饼蝙蝠鱼			0		THUOCL
跳跃蟑螂			0		THUOCL
躄鱼亚目			0		THUOCL
车前灯蛾			0		THUOCL
转刺蛛			0		THUOCL
转变始浮萤			0		THUOCL
转基因猕猴			0		THUOCL
转基因荧光天使鱼			0		THUOCL
转基因荧光狗			0		THUOCL
转棘旋壳虫			0		THUOCL
轮头鲂鮄			0		THUOCL
轮斑海蠋鱼			0		THUOCL
轮虫亚目			0		THUOCL
软毛褐金龟			0		THUOCL
软炸沙丁鱼			0		THUOCL
软爪陆虾			0		THUOCL
软蚧扁角侧梗跳小蜂			0		THUOCL
软蚧豹纹跳小蜂			0		THUOCL
软骨硬磷鱼类			0		THUOCL
软骨硬鳞下纲			0		THUOCL
软骨硬鳞目			0		THUOCL
软骨硬鳞附类			0		THUOCL
软鳞五花兽			0		THUOCL
软鳞单顶三色			0		THUOCL
轻海纹白蝶			0		THUOCL
辉凤头鹦鹉			0		THUOCL
辉卷尾			0		THUOCL
辉姬啄木鸟			0		THUOCL
辉尺蛾			0		THUOCL
辉睫冬夜蛾			0		THUOCL
辉翅鹦哥			0		THUOCL
辉腹翠蜂鸟			0		THUOCL
辉黑蚁鸟			0		THUOCL
辉黑裳凤蝶			0		THUOCL
辐纹簑鮋			0		THUOCL
辔甲尾袋鼠			0		THUOCL
辛西娅鲸			0		THUOCL
边尾平鮋			0		THUOCL
边弥尺蛾			0		THUOCL
边星琉璃小灰蝶			0		THUOCL
边褐端黑萤			0		THUOCL
达努腹吸鳅			0		THUOCL
达尔文海蛇			0		THUOCL
达尔文花田鸡			0		THUOCL
达希氏毛鼻鲶			0		THUOCL
达扎丕虹彩吸蜜鹦鹉			0		THUOCL
达摩毒鮋			0		THUOCL
达摩翠凤蝶			0		THUOCL
达特穆尔马			0		THUOCL
达维四不象鹿			0		THUOCL
达耳马无眉鳚			0		THUOCL
达赖山盲蜥蜴			0		THUOCL
达那巨海萤			0		THUOCL
达鹿加凤头鹦鹉			0		THUOCL
迁飞粉蝶			0		THUOCL
迈氏穆詹脂鲤			0		THUOCL
迈耶剑尾鱼			0		THUOCL
近亲蟳			0		THUOCL
近江崎肖蛸			0		THUOCL
近矩多棘轮虫			0		THUOCL
近祖共性			0		THUOCL
近缘大尾蚤			0		THUOCL
近缘柱螯磷虾多形手磷虾			0		THUOCL
近缘环纽鳃樽			0		THUOCL
近缘豆蟹			0		THUOCL
近缘连帽水母			0		THUOCL
近薯台龟甲			0		THUOCL
近裂爪蜂			0		THUOCL
近马氏漠肖叶甲			0		THUOCL
远东宠物尿片			0		THUOCL
远东拟隆头鱼			0		THUOCL
远东直头盲蝽			0		THUOCL
远东红点鲑白斑			0		THUOCL
远东苇莺			0		THUOCL
远东苜蓿盲蝽			0		THUOCL
远东裸腹蚤			0		THUOCL
远古大鱿			0		THUOCL
远古微型灵长类物种			0		THUOCL
远古海鸟			0		THUOCL
远孔牛蛭			0		THUOCL
远岸红鲂鮄			0		THUOCL
远洋带生物			0		THUOCL
远藤氏拟鮟鱇			0		THUOCL
远视美洲鱥			0		THUOCL
远鳚			0		THUOCL
连尾鮡毛鲶			0		THUOCL
连尾鮡科			0		THUOCL
连斑小毛瓢虫			0		THUOCL
连滩蟋蟀			0		THUOCL
连珠波纹蛾			0		THUOCL
连珠虎甲			0		THUOCL
连续式油炸流水线			0		THUOCL
迪奥玛三脚篮虫			0		THUOCL
迪布勒伊洛龙			0		THUOCL
迷你凯利蓝梗			0		THUOCL
迷你型史猱查梗			0		THUOCL
迷你型品彻犬			0		THUOCL
迷你型英国塞特犬			0		THUOCL
迷你型金毛			0		THUOCL
迷你型阿富汗猎犬			0		THUOCL
迷你大四眼宝螺			0		THUOCL
迷你棘龙			0		THUOCL
迷你贝吉			0		THUOCL
迷你贝吉格里芬凡丁犬			0		THUOCL
迷刺蛾			0		THUOCL
迷台龟甲			0		THUOCL
迷宫漏斗蛛			0		THUOCL
迷幻躄鱼			0		THUOCL
迷彩蛾			0		THUOCL
迷惑摇滚变色龙			0		THUOCL
迸体杯形珊瑚			0		THUOCL
适应趋同			0		THUOCL
逆转似小突虫			0		THUOCL
逍遥馒头蟹			0		THUOCL
透墨索斯恶狐			0		THUOCL
透小洁螺			0		THUOCL
透明小分胞苔虫			0		THUOCL
透明手枪虾			0		THUOCL
透明温剑水蚤			0		THUOCL
逗斑青步甲			0		THUOCL
通古尔中鬣狗			0		THUOCL
通草木夜蛾			0		THUOCL
通贝斯唧霸鹟			0		THUOCL
造纸胡蜂			0		THUOCL
逸去长针线虫			0		THUOCL
遁形长臂蟹			0		THUOCL
道奇垂耳兔			0		THUOCL
道格拉斯线指			0		THUOCL
道氏蝇蝠			0		THUOCL
達麻渦螺			0		THUOCL
遗仿锈腰尺蛾			0		THUOCL
遮颜蛾			0		THUOCL
遵义华溪蟹			0		THUOCL
那伽毒蛇			0		THUOCL
那加墨头鱼			0		THUOCL
那洪宝螺			0		THUOCL
那那克列比塘鳢			0		THUOCL
邱氏列齿蛇鳗			0		THUOCL
邵东希望			0		THUOCL
邸裳夜蛾			0		THUOCL
邻红唇拟丽盲蝽			0		THUOCL
邻纹唇盲蝽			0		THUOCL
郁金香化石			0		THUOCL
郁金香蓟马			0		THUOCL
郎溪银鱼			0		THUOCL
郑氐间条鳅			0		THUOCL
郝蔚丽芋螺			0		THUOCL
郯城恐龙足印化石			0		THUOCL
郴州良强			0		THUOCL
都迷科翼龙			0		THUOCL
鄂托克鸟			0		THUOCL
鄂蚕四号			0		THUOCL
鄂霍次克冰杜父鱼			0		THUOCL
鄂霍次克短吻狮子			0		THUOCL
鄂霍茨克隐棘杜父			0		THUOCL
鄱阳副双身虫			0		THUOCL
鄱阳湖拟双身虫			0		THUOCL
鄱阳锚首虫			0		THUOCL
酃县华溪蟹			0		THUOCL
酃县拟沟蝽			0		THUOCL
酋長吸蜜鹦鹉			0		THUOCL
配景轮螺			0		THUOCL
酶蜘			0		THUOCL
酶香鳓鱼			0		THUOCL
酸腐扭头虫			0		THUOCL
醛无病			0		THUOCL
释迦白钟螺			0		THUOCL
里奇伟海蜥鱼			0		THUOCL
里奥哈纳毛鼻鲶			0		THUOCL
里奥哈龙			0		THUOCL
里奥巴毛鼻鲶			0		THUOCL
里奥格兰德低地郊狼			0		THUOCL
里奥格兰德兽			0		THUOCL
里奥格兰德兽属			0		THUOCL
里奥格兰德豹蛙			0		THUOCL
里奥格兰金毛			0		THUOCL
里根巴赫凤头百灵			0		THUOCL
里根氏半下口鲶			0		THUOCL
里海新鰕虎鱼			0		THUOCL
里海松田鼠			0		THUOCL
里海盖蚤			0		THUOCL
里海阿斯拉鰕虎鱼			0		THUOCL
里海马鹿			0		THUOCL
里海鰕虎鱼			0		THUOCL
里黄长尾灰蝶			0		THUOCL
重光矍眼蝶			0		THUOCL
重点斑鮃			0		THUOCL
重要狭蚤			0		THUOCL
野伪鲸鲶			0		THUOCL
野光牙宝莲鱼			0		THUOCL
野小鱥			0		THUOCL
野性疆界			0		THUOCL
野懒鰕虎鱼			0		THUOCL
野村虎斑花金龟			0		THUOCL
野毛鼻鲶			0		THUOCL
野溪脂鲤			0		THUOCL
野溪鳉			0		THUOCL
野牛平腹吸虫			0		THUOCL
野牛鼻鲼			0		THUOCL
野珠母丽鱼			0		THUOCL
野生斜棘			0		THUOCL
野生短浆蟹			0		THUOCL
野生马拉维丽鱼			0		THUOCL
野生驼背无齿脂鲤			0		THUOCL
野真动齿鳚			0		THUOCL
野纹喉膜首鳕			0		THUOCL
野翼甲鲶			0		THUOCL
野西犏牛			0		THUOCL
野部砂轮虫			0		THUOCL
野马山痂蝗			0		THUOCL
野鰕虎鱼			0		THUOCL
野鲤指环虫			0		THUOCL
野鹞扁魟			0		THUOCL
金丝燕建巢			0		THUOCL
金刚对虾			0		THUOCL
金刚钻直径绒茧蜂			0		THUOCL
金刚钻角额姬蜂			0		THUOCL
金刚鹦鹉大力无比			0		THUOCL
金化科大甲虫			0		THUOCL
金医生鱼			0		THUOCL
金双印			0		THUOCL
金口蠑螺			0		THUOCL
金叶女贞康氏粉蚧			0		THUOCL
金叶女贞黄环绢须野螟			0		THUOCL
金圈神仙鱼			0		THUOCL
金头珍珠虎			0		THUOCL
金尾啄木鸟			0		THUOCL
金尾棘蝇			0		THUOCL
金尾鹦哥			0		THUOCL
金属生命体米莫斯			0		THUOCL
金披凤玫瑰鹦鹉			0		THUOCL
金拳鳳凰螺			0		THUOCL
金星垂耳尺蛾			0		THUOCL
金枣宝螺			0		THUOCL
金毛四条花天牛			0		THUOCL
金毛犬末末			0		THUOCL
金毛长腹土蜂			0		THUOCL
金毛阔肩花天牛			0		THUOCL
金氏贝			0		THUOCL
金点云斑鰕鳉			0		THUOCL
金点副炉			0		THUOCL
金点弹涂鱼			0		THUOCL
金点鮰脂鲤			0		THUOCL
金牛弧角蝉			0		THUOCL
金珠宝螺			0		THUOCL
金盏拱肩网蛾			0		THUOCL
金盏窗蛾			0		THUOCL
金盏菊中金弧夜蛾			0		THUOCL
金盏菊人纹污灯蛾			0		THUOCL
金盏菊朱砂叶螨			0		THUOCL
金盏菊李短尾蚜			0		THUOCL
金盲眼灯鱼			0		THUOCL
金眶鶲莺			0		THUOCL
金眼萨摩犬			0		THUOCL
金秀剑螽			0		THUOCL
金秀混毛盲蝽			0		THUOCL
金簇胁山鹩哥			0		THUOCL
金絲岩螺			0		THUOCL
金絲捲管螺			0		THUOCL
金網筆螺			0		THUOCL
金纹小潜细蛾			0		THUOCL
金纹角翅舟蛾			0		THUOCL
金绿直花天牛			0		THUOCL
金缘污灯蛾			0		THUOCL
金缘盲刺鳅			0		THUOCL
金翅花蜜鸟			0		THUOCL
金背陇蜀杜鹃			0		THUOCL
金腰燕真缘吸虫			0		THUOCL
金臂虫目			0		THUOCL
金色星额蜂鸟			0		THUOCL
金色特古蜥蜴			0		THUOCL
金色盆腹喉盘鱼			0		THUOCL
金色野牦牛			0		THUOCL
金菊花篮虫			0		THUOCL
金蟾女			0		THUOCL
金贝乐宠物营养片			0		THUOCL
金钢钻驼姬蜂			0		THUOCL
金钱松草小卷蛾			0		THUOCL
金钱活板门蛛			0		THUOCL
金钱活门蛛			0		THUOCL
金铅笔鱼			0		THUOCL
金领扇尾鹦哥			0		THUOCL
金颊黑背林莺			0		THUOCL
金黃筆螺			0		THUOCL
金黄九棘鲈			0		THUOCL
金黄唱片帘蛤			0		THUOCL
金黄大眼非鲫			0		THUOCL
金黄大齿锡伯鲶			0		THUOCL
金黄无齿角蝉			0		THUOCL
金黄枯叶蛾			0		THUOCL
金黄蛇斑扇贝			0		THUOCL
金黄阿奎登牛			0		THUOCL
銀絲寶螺			0		THUOCL
銹斑岩螺			0		THUOCL
銹色细齿笛鲷			0		THUOCL
銼紋鶉螺			0		THUOCL
錦綢榧螺			0		THUOCL
錦織芋螺			0		THUOCL
錦鯉筆螺			0		THUOCL
錫氏捲管螺			0		THUOCL
鎌准舌唇鱼			0		THUOCL
鏈結螺			0		THUOCL
鐵柵筆螺			0		THUOCL
鑫大源			0		THUOCL
鑫斑簇舌巨嘴鸟			0		THUOCL
鑽筍螺			0		THUOCL
针叶地种蝇			0		THUOCL
针尾维达鸟			0		THUOCL
针尾膜翅目			0		THUOCL
针簇多枝轮虫			0		THUOCL
针胸粗腿天牛			0		THUOCL
钉侧棘斑蚜			0		THUOCL
钉突圆膝蛛			0		THUOCL
钓嘴鹛窄体吸虫			0		THUOCL
钓鱼岛海蛇			0		THUOCL
钖伯鲶			0		THUOCL
钖克曼南鳅			0		THUOCL
钖尔河拟铲鲟			0		THUOCL
钝光回木虫			0		THUOCL
钝刺血蜱			0		THUOCL
钝吻新棘鲉			0		THUOCL
钝吻灯笼鱼			0		THUOCL
钝吻角鳃脂鲤			0		THUOCL
钝吻锯齿雀鲷			0		THUOCL
钝头腔吻鳕			0		THUOCL
钝头鮠科			0		THUOCL
钝目美洲鱥			0		THUOCL
钝缘尾盘虫			0		THUOCL
钝缘拟浮萤			0		THUOCL
钝翅苇莺			0		THUOCL
钝腹鲱			0		THUOCL
钝额弱棘鯻			0		THUOCL
钝额曲毛蟹			0		THUOCL
钝额玉蟹			0		THUOCL
钝额齿浮萤			0		THUOCL
钝鼻半鲹			0		THUOCL
钝齿仿五角蟹			0		THUOCL
钝齿斯氏萤			0		THUOCL
钝齿短桨蟹			0		THUOCL
钝齿美体鳗			0		THUOCL
钟巢希蛛			0		THUOCL
钟摆拟阿玛猛水蚤			0		THUOCL
钟祥富源			0		THUOCL
钟祥川雄			0		THUOCL
钟罩美帽虫			0		THUOCL
钟馗鰕虎鱼			0		THUOCL
钢弹蓝甲虫			0		THUOCL
钢盔侧颈龟			0		THUOCL
钢钢巴丹			0		THUOCL
钥匙鲶盘虫			0		THUOCL
钥孔嘁螺超科			0		THUOCL
钩叶叉泉蝇			0		THUOCL
钩形黄斑弄蝶			0		THUOCL
钩鹿角珊瑚			0		THUOCL
钮扣珊瑚			0		THUOCL
钮扣蛛			0		THUOCL
钮灰蝶			0		THUOCL
钮灰蝶属			0		THUOCL
钱包海棉			0		THUOCL
钱塘指环虫			0		THUOCL
钱塘错首虫			0		THUOCL
钱塘锚首虫			0		THUOCL
钱氏扁头鰕虎鱼			0		THUOCL
钱氏鮈鰕虎鱼			0		THUOCL
钳丝尾螋			0		THUOCL
钳四盾			0		THUOCL
钳巨蟹蛛			0		THUOCL
钳指招潮蟹			0		THUOCL
钳状指环虫			0		THUOCL
钳突栉鱼蛉			0		THUOCL
钳端虎甲			0		THUOCL
钳螋			0		THUOCL
钳足近人面蟹			0		THUOCL
钳钩蛾			0		THUOCL
钻木象鼻虫			0		THUOCL
铁刀木三刺角蝉			0		THUOCL
铁刀木粉蝶			0		THUOCL
铁木莱异灰蝶			0		THUOCL
铁爪雀鹀属			0		THUOCL
铁爪鹀属			0		THUOCL
铁色绒毛弄蝶			0		THUOCL
铁銹长旋螺			0		THUOCL
铃形巨蟹蛛			0		THUOCL
铃木氏斑叶蝉			0		THUOCL
铃萤拟海萤			0		THUOCL
铅拟灯蛾			0		THUOCL
铅斑钩蛾			0		THUOCL
铅灰歌雀			0		THUOCL
铅灰臼脂鲤			0		THUOCL
铅灰金星尺蛾			0		THUOCL
铅灰阔嘴鹟			0		THUOCL
铅灰鸢			0		THUOCL
铅点多纪鲀			0		THUOCL
铅色伪鲸鲶			0		THUOCL
铅色匀鯻			0		THUOCL
铅色岭雀鹀			0		THUOCL
铅色径夜蛾			0		THUOCL
铅色美洲鱥			0		THUOCL
铅色蚁鵙			0		THUOCL
铅色野鲮			0		THUOCL
铅色顶小霸鹟			0		THUOCL
铅色驼背无齿脂鲤			0		THUOCL
铅色鯻			0		THUOCL
铅顶小霸鹟			0		THUOCL
铜绿微囊藻小型变种			0		THUOCL
铜绿星花金龟			0		THUOCL
铜腹重毫蝇			0		THUOCL
铜色猿叶甲			0		THUOCL
铜色缺齿筒胸肖叶甲			0		THUOCL
铜色驴胸叩甲			0		THUOCL
铜褐角胸肖叶甲			0		THUOCL
铭嘴髑髅贝			0		THUOCL
铰剪春蜓			0		THUOCL
铰背龟			0		THUOCL
铲吻护尾鮠			0		THUOCL
铲逍遥蛛			0		THUOCL
铲颌鱼副双身虫			0		THUOCL
银斑露胸天牛			0		THUOCL
银星黄钩蛾			0		THUOCL
银杏齿中喙鲸			0		THUOCL
银灰半稜鯷			0		THUOCL
银灰白线蚓			0		THUOCL
银灰金星尺蛾			0		THUOCL
银点棘花鮨			0		THUOCL
银点环翅卷蛾			0		THUOCL
银纹毛叶甲			0		THUOCL
银纹淡黄蝶			0		THUOCL
银纹舟蛾			0		THUOCL
银色宽胸蝇虎			0		THUOCL
银色颌须鮈			0		THUOCL
链弄蝶亚科			0		THUOCL
锈丝单囊壳			0		THUOCL
锈玫舟蛾			0		THUOCL
锈胸扁嘴霸鹟			0		THUOCL
锈色小瓢虫			0		THUOCL
锈额哑霸鹟			0		THUOCL
锈黄缨突野螟			0		THUOCL
锚参科			0		THUOCL
锚头鳋科			0		THUOCL
锚形豹蛛			0		THUOCL
锚形鹰爪虾			0		THUOCL
锚盗蛛			0		THUOCL
锚纹瓢虫			0		THUOCL
锚纹白缘虎天牛			0		THUOCL
锚纹虎甲虫			0		THUOCL
锚纹蛾			0		THUOCL
锚纹蛾总科			0		THUOCL
锚纹蛾科			0		THUOCL
锚角蝉			0		THUOCL
锚钩指环虫			0		THUOCL
锚鳎			0		THUOCL
锡冷雅灰蝶			0		THUOCL
锡林郭勒血蜱			0		THUOCL
锡默卢岛鸟翼裳凤蝶			0		THUOCL
锡默卢鸟翼裳凤蝶			0		THUOCL
锤系德牧种公			0		THUOCL
锥形触啮			0		THUOCL
锥纹光壳蛤			0		THUOCL
锥腹蟏蛸			0		THUOCL
键为碘泡虫			0		THUOCL
锯全丽鱼			0		THUOCL
锯唇瓢鰕虎鱼			0		THUOCL
锯尾隆背蚤			0		THUOCL
锯拟胸须夜蛾			0		THUOCL
锯毛鼻蚕			0		THUOCL
锯爪弯尾蚤			0		THUOCL
锯缘圆龟			0		THUOCL
锯缘灰蝶			0		THUOCL
锯缘真剑水蚤			0		THUOCL
锯缘陆龟			0		THUOCL
锯鳞冰杜父鱼			0		THUOCL
锯齿奇花			0		THUOCL
锯齿楯形提灯虫			0		THUOCL
锯齿真剑水蚤			0		THUOCL
锯齿鳞钩虾			0		THUOCL
镁蚡			0		THUOCL
镏金豆粉蝶			0		THUOCL
镏金金鱼			0		THUOCL
镘泥拟单栏虫			0		THUOCL
镜眼虫亚目			0		THUOCL
镜面虎甲			0		THUOCL
镰尾露螽			0		THUOCL
镰形真精器鱼			0		THUOCL
镰形龟甲猛水蚤			0		THUOCL
镰鳍大鮈鱥			0		THUOCL
镶落叶夜蛾			0		THUOCL
長吻峨螺			0		THUOCL
长丝吻长角鮟鱇			0		THUOCL
长丝黑鮡			0		THUOCL
长体埃塞鱼			0		THUOCL
长体恐根齿鲨			0		THUOCL
长体曼纳谐鱼			0		THUOCL
长体犬竿鰕虎鱼			0		THUOCL
长体背灯鱼			0		THUOCL
长体腹瓢鰕虎鱼			0		THUOCL
长体阿波鳅			0		THUOCL
长体鞍鰕虎鱼			0		THUOCL
长体鸡冠鳚			0		THUOCL
长双尾灰蝶			0		THUOCL
长叶异痣蟌			0		THUOCL
长吻仰口鰏			0		THUOCL
长吻似五棘鲷			0		THUOCL
长吻剑吻海豚			0		THUOCL
长吻副角鮄			0		THUOCL
长吻副角鲂鮄			0		THUOCL
长吻多棘牛尾鱼			0		THUOCL
长吻小眼八角鱼			0		THUOCL
长吻帆蜥鱼			0		THUOCL
长吻红珍珠狗头			0		THUOCL
长吻角鲂鮄			0		THUOCL
长吻迷齿科			0		THUOCL
长吻锯尾鲨			0		THUOCL
长吻锯鲨			0		THUOCL
长吻长尾鳕			0		THUOCL
长吻鮕			0		THUOCL
长吻鱼鹭管鱼			0		THUOCL
长吻麦氏背棘鱼			0		THUOCL
长喙猎女神螺			0		THUOCL
长喙真海豚			0		THUOCL
长圆疣毛轮虫			0		THUOCL
长圆膜带虫			0		THUOCL
长头马鹦哥鱼			0		THUOCL
长小食蚜蝇			0		THUOCL
长尾住囊虫			0		THUOCL
长尾前孔鲀			0		THUOCL
长尾副平牙鰕虎鱼			0		THUOCL
长尾外毛猛水蚤			0		THUOCL
长尾大盘尾			0		THUOCL
长尾大角鮟鱇			0		THUOCL
长尾奈波鰕虎鱼			0		THUOCL
长尾娇鹟			0		THUOCL
长尾寄居姬蛛			0		THUOCL
长尾岩巨蜥			0		THUOCL
长尾异赛瓜参			0		THUOCL
长尾异饰肛螽			0		THUOCL
长尾扁眼虫			0		THUOCL
长尾束腰蟹			0		THUOCL
长尾棕蝠			0		THUOCL
长尾深海狗母鱼			0		THUOCL
长尾灰卷尾			0		THUOCL
长尾玉米卷管螺			0		THUOCL
长尾玳瑁凤蝶			0		THUOCL
长尾真剑水蚤			0		THUOCL
长尾窄体吸虫			0		THUOCL
长尾纹胸鮡			0		THUOCL
长尾耀鲶			0		THUOCL
长尾芦雀属			0		THUOCL
长尾足沟鱼			0		THUOCL
长尾长丝角鮟鱇			0		THUOCL
长尾长丝角鮟鱇鱼			0		THUOCL
长尾雁荡鸟			0		THUOCL
长尾非洲盲刺鳅			0		THUOCL
长尾鞭蝎			0		THUOCL
长尾高眉鳝			0		THUOCL
长尾鸣鹃鵙			0		THUOCL
长尾鸮			0		THUOCL
长尾鹮			0		THUOCL
长尾黄蟌			0		THUOCL
长岛长尾狸猫			0		THUOCL
长形脓海鞘			0		THUOCL
长手坚壳蟹			0		THUOCL
长指叶足水蚤			0		THUOCL
长指棘鲬雷氏棘			0		THUOCL
长斑弯叶毛瓢虫			0		THUOCL
长日华哲水蚤			0		THUOCL
长日照动物			0		THUOCL
长棘大角鮟鱇			0		THUOCL
长棘钝顶鮋			0		THUOCL
长棘钝顶鲉			0		THUOCL
长棱九角水母			0		THUOCL
长欧氏芋螺			0		THUOCL
长毛刻爪盲蝽			0		THUOCL
长毛垂耳西班牙犬			0		THUOCL
长毛垂耳西班牙种猎犬			0		THUOCL
长毛小毛瓢虫			0		THUOCL
长毛岩尺蛾			0		THUOCL
长毛比利牛斯牧羊犬			0		THUOCL
长毛猿金花虫			0		THUOCL
长毛獴属			0		THUOCL
长毛真喜萤			0		THUOCL
长毛莫花金龟			0		THUOCL
长毛蟹蛛			0		THUOCL
长毛隰蝇			0		THUOCL
长沙伟业			0		THUOCL
长沙深远			0		THUOCL
长漏斗苔丝蚓			0		THUOCL
长爪红花锦鸡儿			0		THUOCL
长爪蓝带蚊			0		THUOCL
长牡蛎盾蚧			0		THUOCL
长睾似泡双吸虫			0		THUOCL
长矛笋螺			0		THUOCL
长突寡索赤眼蜂			0		THUOCL
长突毛瓢虫			0		THUOCL
长窄短腺吸虫			0		THUOCL
长管悦茧蜂			0		THUOCL
长管稻虱缨小蜂			0		THUOCL
长翅伪叶虫花天牛			0		THUOCL
长翅原突颜蝗			0		THUOCL
长翅新光唇鱼			0		THUOCL
长翅目雪蝎蛉科			0		THUOCL
长肩棘缘蝽			0		THUOCL
长肩棘鰧			0		THUOCL
长背鳍骨纹唇鱼			0		THUOCL
长胸丝深海狗母鱼			0		THUOCL
长胸杜父鱼			0		THUOCL
长脊筋盾形提灯虫			0		THUOCL
长脚沙漠蚂蚁			0		THUOCL
长脚窄胸天牛			0		THUOCL
长腕幼虫海胆纲			0		THUOCL
长腹短鳍带鰆			0		THUOCL
长腹突效绯螽			0		THUOCL
长腹鳍短额鮃			0		THUOCL
长腿草莺			0		THUOCL
长臀光尾鲨			0		THUOCL
长舌唇裂爪蜂			0		THUOCL
长蟱蛛			0		THUOCL
长西非玛瑙宝螺			0		THUOCL
长角六点蓟马			0		THUOCL
长角大锹形虫			0		THUOCL
长角岗缘蝽			0		THUOCL
长角海天牛			0		THUOCL
长角灰天牛			0		THUOCL
长角狡鮟鱇			0		THUOCL
长角皱腹蝗			0		THUOCL
长角绒毛金龟			0		THUOCL
长角角胸肖叶甲			0		THUOCL
长角鸡虱			0		THUOCL
长足摇蚊			0		THUOCL
长足鹰爪虾			0		THUOCL
长跗赤须盲蝽			0		THUOCL
长蹄无毛蛛蟹			0		THUOCL
长身谐鱼			0		THUOCL
长身鮈鰕虎鱼			0		THUOCL
长野抹香鲸			0		THUOCL
长隆小毛瓢虫			0		THUOCL
长鞭凹板钩虾			0		THUOCL
长须准黄斑蜂			0		THUOCL
长须夜鳞虫			0		THUOCL
长须女神八角鱼			0		THUOCL
长须小鸮			0		THUOCL
长须鰋			0		THUOCL
长颈瓶砂虫			0		THUOCL
长颈鹿天牛			0		THUOCL
长颈鹿象鼻虫			0		THUOCL
长颌胸啄电鳗			0		THUOCL
长颌鰆鲹			0		THUOCL
长鳍杂鳞杜父鱼			0		THUOCL
长鳍真鮰长鳍叉			0		THUOCL
长鳍竹筴鱼			0		THUOCL
长鳍角鮟鱇科			0		THUOCL
长鳍鮨丽鱼			0		THUOCL
长鼻皮琛海豚			0		THUOCL
长鼻粗吻海龙			0		THUOCL
长齿列当			0		THUOCL
閃電渦螺			0		THUOCL
闊唇鳳凰螺			0		THUOCL
闊船蛸			0		THUOCL
门孔小双顶虫			0		THUOCL
门岛叶猴			0		THUOCL
门河泰国田螺			0		THUOCL
门源短喜象			0		THUOCL
门答双尾灰蝶			0		THUOCL
闪光新箭雀鲷			0		THUOCL
闪光桔蛤			0		THUOCL
闪光玫灯蛾			0		THUOCL
闪光驼峰螺			0		THUOCL
闪电飞弹螺			0		THUOCL
闪蓝红点唇瓢虫			0		THUOCL
闪银纹刺蛾			0		THUOCL
闭户螲蟷			0		THUOCL
闭环缘蝽			0		THUOCL
闲涤尺蛾			0		THUOCL
间副鳚			0		THUOCL
间护尾鮠			0		THUOCL
间棘纹胸鮡			0		THUOCL
间滑缝甲螨			0		THUOCL
间矮脂鲤			0		THUOCL
间纹德夜蛾			0		THUOCL
间脊尺蛾			0		THUOCL
闸坡束腰蟹			0		THUOCL
阔楯粪金龟			0		THUOCL
阔胸禾犀金龟			0		THUOCL
阔鼻小目			0		THUOCL
阜新市宠物医院			0		THUOCL
阳新黑猪			0		THUOCL
阳明山暮蝉			0		THUOCL
阴影绒毛鲨			0		THUOCL
阴阳梁祝美凤蝶			0		THUOCL
阶段性浮游生物			0		THUOCL
阶段浮游生物			0		THUOCL
阿依努犬			0		THUOCL
阿列克斯宝螺			0		THUOCL
阿勒格尼山脉臭鼬			0		THUOCL
阿勒泰鱥			0		THUOCL
阿古歌百灵			0		THUOCL
阿坝大头花天牛			0		THUOCL
阿坝藏猪			0		THUOCL
阿坝革蜱			0		THUOCL
阿奇笨珊瑚螺			0		THUOCL
阿姆微蛛			0		THUOCL
阿姆河小拟铲鲟			0		THUOCL
阿富汗四爪陆龟			0		THUOCL
阿富汗拟璧钱			0		THUOCL
阿富汗纹胸鮡			0		THUOCL
阿尔伯达尖角龙群葬墓			0		THUOCL
阿尔巴尼亚小鱥			0		THUOCL
阿尔帕瓦约蚁鸟			0		THUOCL
阿尔弗连德骨鳊			0		THUOCL
阿尔德海蛳螺			0		THUOCL
阿尔比迟蛛			0		THUOCL
阿尔泰杜父鱼			0		THUOCL
阿尔莫拉孟加拉国鲮			0		THUOCL
阿巴里花鹿宝螺			0		THUOCL
阿当嵩海兔螺			0		THUOCL
阿得雷德玫瑰鹦鹉			0		THUOCL
阿德尔曼鲎超科			0		THUOCL
阿拉伯刺盖鱼			0		THUOCL
阿拉伯啄木鸟			0		THUOCL
阿拉伯盖棘鱼			0		THUOCL
阿拉伯鱼医生			0		THUOCL
阿拉善强中兽			0		THUOCL
阿拉斯加刺狮子鱼			0		THUOCL
阿拉斯加刺鱼			0		THUOCL
阿拉斯加四钩虫			0		THUOCL
阿拉斯加王小猎犬			0		THUOCL
阿拉斯加短吻狮子			0		THUOCL
阿拉斯加长孔绵鳚			0		THUOCL
阿拉斯加马拉缪特狗			0		THUOCL
阿拉瓜亚河兵鲶			0		THUOCL
阿拉莫泥龟			0		THUOCL
阿提桑诺曼底短腿犬			0		THUOCL
阿普路瓜兵鲶			0		THUOCL
阿曼湾宫廷芋螺			0		THUOCL
阿曼湾小眼宝螺			0		THUOCL
阿根廷古袋兽			0		THUOCL
阿根廷小霸鹟			0		THUOCL
阿梅尔湖白鲑			0		THUOCL
阿森松岛锯鳞鰕虎			0		THUOCL
阿氏新唇脂鲤			0		THUOCL
阿氏歧须鮠			0		THUOCL
阿氏毛腿夜鹰			0		THUOCL
阿氏炉眼鱼			0		THUOCL
阿氏角室茧蜂			0		THUOCL
阿氏鞭冠鮟鱇			0		THUOCL
阿沃尔骨尾鱼			0		THUOCL
阿法南方古猿			0		THUOCL
阿泥湾宝螺			0		THUOCL
阿滕伯勒长喙针鼹鼠			0		THUOCL
阿特休平鳍鮠			0		THUOCL
阿特拉托河长龟鲶			0		THUOCL
阿登川下鱵鱼			0		THUOCL
阿登美洲石鱥			0		THUOCL
阿祖桨鳍丽鱼			0		THUOCL
阿穆尔毒蛾寄蝇			0		THUOCL
阿纳姆墓蝙蝠			0		THUOCL
阿纳洛豆娘鱼			0		THUOCL
阿纳美洲鱥			0		THUOCL
阿维菌素乳油防治小菜蛾			0		THUOCL
阿维食草美洲鱥			0		THUOCL
阿肯色河美洲鱥			0		THUOCL
阿芒荫眼蝶			0		THUOCL
阿芙特短腺吸虫			0		THUOCL
阿芬品梗			0		THUOCL
阿莫氏副狮子鱼			0		THUOCL
阿萨姆三刺角蝉			0		THUOCL
阿萨姆尖粉蝶			0		THUOCL
阿萨姆梢斑螟			0		THUOCL
阿诺德雅思笔螺			0		THUOCL
阿诺氏歧须鮠			0		THUOCL
阿赫单爪螯蜂			0		THUOCL
阿那马拉河纹胸鮡			0		THUOCL
阿部相模肩灯鱼			0		THUOCL
阿里亚德妮斯氏裳凤蝶			0		THUOCL
阿里圭宝螺			0		THUOCL
阿里山丝光毛角花天牛			0		THUOCL
阿里山夕尺蛾			0		THUOCL
阿里山黄斑荫蝶			0		THUOCL
阿里柯谢夫环海豹			0		THUOCL
阿马韦氏鰕虎鱼			0		THUOCL
阿鲁啸鹟			0		THUOCL
阿鲁巴穴鸮			0		THUOCL
阿默岛鹰鸮			0		THUOCL
阿默里宝螺			0		THUOCL
陆地束带蛇			0		THUOCL
陆奥鸡冠鳚			0		THUOCL
陆架短吻狮子鱼			0		THUOCL
陆栖亚目			0		THUOCL
陆桃泽蟹			0		THUOCL
陆毛翅尺蛾			0		THUOCL
陆生膜螈			0		THUOCL
陆良褐菌瓢虫			0		THUOCL
陆行鲸科			0		THUOCL
陇珠螨			0		THUOCL
陈家窝子动物群			0		THUOCL
陈旧真管螺			0		THUOCL
陈村桔褐天牛			0		THUOCL
陈村桔褐带长卷蛾			0		THUOCL
陌夜蛾			0		THUOCL
陕甘肖齿舟蛾			0		THUOCL
陡鳍澳贝氏七鳃鳗			0		THUOCL
陶波金翅雀鲷			0		THUOCL
隆凸华溪蟹			0		THUOCL
隆凸角胸肖叶甲			0		THUOCL
隆叉小车蝗			0		THUOCL
隆吻刺尾鱼			0		THUOCL
隆吻海蠋鱼			0		THUOCL
隆嘴翠鴗			0		THUOCL
隆块拟银杏蟹			0		THUOCL
隆基角胸叶甲			0		THUOCL
隆头鱼亚目			0		THUOCL
隆头鹦哥鱼			0		THUOCL
隆孔非拟溪蟹			0		THUOCL
隆德杭犬			0		THUOCL
隆林中国溪蟹			0		THUOCL
隆林华溪蟹			0		THUOCL
隆柱螯磷虾隆突手磷虾			0		THUOCL
隆氏巨飞鱼			0		THUOCL
隆环似鲶盘虫			0		THUOCL
隆纹幽天牛			0		THUOCL
隆线异饰肛螽			0		THUOCL
隆线强蟹			0		THUOCL
隆线拳蟹			0		THUOCL
隆线背鳞虫			0		THUOCL
隆背三刺角蝉			0		THUOCL
隆背唇指			0		THUOCL
隆背埃角蝉			0		THUOCL
隆背大眼蟹			0		THUOCL
隆背小沙丁鱼			0		THUOCL
隆背张口蟹			0		THUOCL
隆背渊杜父鱼			0		THUOCL
隆背澳汉蚱			0		THUOCL
隆背瓢蟹			0		THUOCL
隆背象鼻虫			0		THUOCL
隆背路戎			0		THUOCL
隆背躄鱼			0		THUOCL
隆背骨尾鱼			0		THUOCL
隆背黄道蟹			0		THUOCL
隆胸大美鲶			0		THUOCL
隆胸扁花天牛			0		THUOCL
隆胸露尾甲			0		THUOCL
隆脊异足猛水蚤			0		THUOCL
隆脊海星			0		THUOCL
隆脊短喜象			0		THUOCL
隆腹绒毛金龟			0		THUOCL
隆起住囊虫			0		THUOCL
隆起鹿角珊瑚			0		THUOCL
隆躄鱼			0		THUOCL
隆项杜父鱼			0		THUOCL
隆项珠母丽鱼			0		THUOCL
隐尾副异饰肛螽			0		THUOCL
隐形大熊宝螺			0		THUOCL
隐棘杜父鱼科			0		THUOCL
隐纹大叶蝉			0		THUOCL
隐纹稻眼蝶			0		THUOCL
隐纹长脚胡蜂			0		THUOCL
隐锚纹蛾			0		THUOCL
隔膜水母属			0		THUOCL
雁荡鸟			0		THUOCL
雁门关雏蝗			0		THUOCL
雄性库兰达树蛙			0		THUOCL
雅亚科口鱼			0		THUOCL
雅唇拟肩孔南极鱼			0		THUOCL
雅安华溪蟹			0		THUOCL
雅安粘体虫			0		THUOCL
雅尔龙			0		THUOCL
雅康白壳蛋鸡			0		THUOCL
雅灯蛾			0		THUOCL
雅粉灯蛾			0		THUOCL
雅西似颈啜虫			0		THUOCL
雅负鼠属			0		THUOCL
雉带形棘缘吸虫			0		THUOCL
雌白黄蝶			0		THUOCL
雙列角頭帕			0		THUOCL
雞皮寶螺			0		THUOCL
雨林树冠层动物			0		THUOCL
雨林附生植物			0		THUOCL
雪山横鼓蝗			0		THUOCL
雪岩尺蛾			0		THUOCL
雪松角海树			0		THUOCL
雪松角海树珊瑚			0		THUOCL
雲彩捲管螺			0		THUOCL
雷仙岛秧鸡			0		THUOCL
雷伯顿天使皇冠斜间七星鱼雷			0		THUOCL
雷强钓法			0		THUOCL
雷明顿鲸			0		THUOCL
雷普顿芋螺			0		THUOCL
雷暴猎帽宝螺			0		THUOCL
雷氏溪脂鲤			0		THUOCL
雷氏草盲蝽			0		THUOCL
雷米高澳宝犬粮			0		THUOCL
雷诺兹氏兵鲶			0		THUOCL
雷達菱角螺			0		THUOCL
霉天敌			0		THUOCL
霉巾夜蛾			0		THUOCL
霉毛隧蜂			0		THUOCL
霉裙剑夜蛾			0		THUOCL
霉豆碴毛霉			0		THUOCL
霉黄后窗网蛾			0		THUOCL
霉黄毒蛾			0		THUOCL
霍姆绞甲陆龟			0		THUOCL
霍式四点双边鱼			0		THUOCL
霍撤瓢			0		THUOCL
霍欧丹尼斯道瓦			0		THUOCL
霍氏中杜鹃			0		THUOCL
霍氏匙吻鲸			0		THUOCL
霍氏扁头鰕虎鱼			0		THUOCL
霍氏角鮟鱇			0		THUOCL
霍西马加尼海蛳螺			0		THUOCL
霍诺硬头鱼			0		THUOCL
露丝峨螺			0		THUOCL
露斯塔野鲮南亚			0		THUOCL
露氏依内丽鱼			0		THUOCL
露水狐尾猴			0		THUOCL
露珠宝螺			0		THUOCL
露珠玉黍螺			0		THUOCL
露盾角蝉			0		THUOCL
露脊鲸科动物			0		THUOCL
露腹混毛盲蝽			0		THUOCL
露西卡墨头鱼			0		THUOCL
霸鹟亚目			0		THUOCL
青嘴龙占			0		THUOCL
青安纽夜蛾			0		THUOCL
青安钮夜蛾			0		THUOCL
青宝贝鳉			0		THUOCL
青岚黄麻鸡			0		THUOCL
青斑细棘鰕虎鱼			0		THUOCL
青星九刺鮨			0		THUOCL
青星九棘鲈			0		THUOCL
青梢红鮊			0		THUOCL
青步甲			0		THUOCL
青海马歇尔线虫			0		THUOCL
青海高原半细毛羊			0		THUOCL
青瞻星鱼			0		THUOCL
青纵沟纽虫			0		THUOCL
青绿草盲蝽			0		THUOCL
青缨鮃			0		THUOCL
青翅花天牛			0		THUOCL
青脚麻花鸡			0		THUOCL
青蒿囊虫			0		THUOCL
青面姬春蝉			0		THUOCL
青魔鱼			0		THUOCL
青鮠			0		THUOCL
青鱼专用料			0		THUOCL
青鱼副双身虫			0		THUOCL
青鱼艾美耳球虫			0		THUOCL
青鲸鹦嘴鱼			0		THUOCL
青黑长须小翅天牛			0		THUOCL
非凡智兔蛤			0		THUOCL
非凡沟智兔蛤			0		THUOCL
非对称拟海萤			0		THUOCL
非洲丛鵙属			0		THUOCL
非洲侏雀鹰			0		THUOCL
非洲侧颈龟			0		THUOCL
非洲侧颈龟属			0		THUOCL
非洲多棘鲈西非			0		THUOCL
非洲小雀鹰			0		THUOCL
非洲斑鹡鸰			0		THUOCL
非洲椰子猫			0		THUOCL
非洲橘硬蓟马			0		THUOCL
非洲沼泽侧颈龟			0		THUOCL
非洲灰斑小灰蝶			0		THUOCL
非洲灰鹃鵙			0		THUOCL
非洲狮子猫			0		THUOCL
非洲白背兀鹫			0		THUOCL
非洲直棱鲂鮄			0		THUOCL
非洲绿胸八色鸫			0		THUOCL
非洲菊白粉虱			0		THUOCL
非洲迷你刺蝟			0		THUOCL
非洲野犬属			0		THUOCL
非洲长尾夜鹰			0		THUOCL
非洲长尾小灰蝶			0		THUOCL
非洲长尾鹰			0		THUOCL
非洲露珠盔鱼			0		THUOCL
非洲黄爪蝎			0		THUOCL
非混交生殖			0		THUOCL
非游斜管虫			0		THUOCL
非玻灯蛾			0		THUOCL
非病原性鱼病			0		THUOCL
非需精卵			0		THUOCL
面包屑软海绵			0		THUOCL
革条田中鰟鮍			0		THUOCL
革狗母鱼			0		THUOCL
革窄额互爱蟹			0		THUOCL
靴叶棘蝇			0		THUOCL
鞋口虫科			0		THUOCL
鞋山蜉			0		THUOCL
鞋掌舟蛾			0		THUOCL
鞋斑无垫蜂			0		THUOCL
鞍斑前鲨			0		THUOCL
鞍斑眼瓣胎鳚			0		THUOCL
鞘圆沫蝉			0		THUOCL
鞘翅目朽木甲科			0		THUOCL
鞘翅目蚁形甲科			0		THUOCL
鞭栅蛛			0		THUOCL
鞭梦角鮟鱇			0		THUOCL
鞭腕丝胃水母			0		THUOCL
鞭蝎目			0		THUOCL
韦伦克列比塘鳢			0		THUOCL
韦伯氏溪鳉			0		THUOCL
韦勃欧氏鰧			0		THUOCL
韦拉克鲁斯招潮蟹			0		THUOCL
韦拉加翼鳍美洲鱥			0		THUOCL
韦斯蒂亚努海螺			0		THUOCL
韦格替蜥			0		THUOCL
韦氏上棘鮠			0		THUOCL
韦氏侧带小公鱼			0		THUOCL
韦氏兵鲶			0		THUOCL
韦氏南方三棘鲀			0		THUOCL
韦氏叫姑鱼			0		THUOCL
韦氏圆鳐			0		THUOCL
韦氏波斑蛛			0		THUOCL
韦氏溪鳉			0		THUOCL
韦氏环锹甲			0		THUOCL
韦氏皮颏鱵			0		THUOCL
韦氏纽鳃樽			0		THUOCL
韦氏胡麻斑粉蝶			0		THUOCL
韦氏腔吻鳕			0		THUOCL
韦氏锯眶鯻			0		THUOCL
韦氏长跗萤叶甲			0		THUOCL
韦氏门砂轮虫			0		THUOCL
韦氏魣			0		THUOCL
韦氏鳞叭			0		THUOCL
韦氏麻斑粉蝶			0		THUOCL
韦氏黄鲂鮄			0		THUOCL
韦特豪犬			0		THUOCL
韦罗克毛鼻鲶			0		THUOCL
韦肿鳃长蝽			0		THUOCL
韦茨穆氏暗光鱼			0		THUOCL
韦荣氏球海螺			0		THUOCL
韦镖毛鼻鲶			0		THUOCL
韩氏偶舟蛾			0		THUOCL
韭菜跳盲蝽			0		THUOCL
韭萤叶甲			0		THUOCL
顆粒硬頭帕			0		THUOCL
顶孔沙钱			0		THUOCL
顶平小食心虫			0		THUOCL
项圈针尾雀			0		THUOCL
须仿鲸科			0		THUOCL
须角鮟鱇科			0		THUOCL
须鰃			0		THUOCL
顾氏肖蛸			0		THUOCL
颅形拟绵蟹			0		THUOCL
颅接型			0		THUOCL
颈沟基合溞			0		THUOCL
颊刺锉甲鲶			0		THUOCL
颊带大咽齿鱼			0		THUOCL
颊斑点鳍鱼			0		THUOCL
颊斑裸棘杜父鱼			0		THUOCL
颊纹双板盾尾鱼			0		THUOCL
颊齿龙			0		THUOCL
颖鹿尺蛾			0		THUOCL
颗粒仿权位蟹			0		THUOCL
颗粒拟关公蟹			0		THUOCL
颚胃动物门			0		THUOCL
额外肩胛骨			0		THUOCL
额颊沟			0		THUOCL
颧突抹香鲸			0		THUOCL
风景榧螺			0		THUOCL
飘带尾霸鹟			0		THUOCL
飞蝇蟹守螺			0		THUOCL
飞行狐猴			0		THUOCL
飞行鼻行兽			0		THUOCL
食心虫白茧蜂			0		THUOCL
食指伊神蝠			0		THUOCL
食木甲鲶鱼			0		THUOCL
食根缘齿天牛			0		THUOCL
食植类昆虫			0		THUOCL
食猿鵰			0		THUOCL
食用贺姆鸽			0		THUOCL
食肉行军蚁			0		THUOCL
食虫沟瘤蛛			0		THUOCL
食虫阿浓蛛			0		THUOCL
食蚜蝇姬蜂			0		THUOCL
食蟹海豹属			0		THUOCL
食蟹豆齿蛇鳗			0		THUOCL
饭岛氏颌须鮈			0		THUOCL
饰光水螟			0		THUOCL
饰冠鹰雕			0		THUOCL
饰圈刺尾革单棘鲀			0		THUOCL
饰圈刺尾革鲀			0		THUOCL
饰带副繐唇魮			0		THUOCL
饰带唇指			0		THUOCL
饰带小油鲶			0		THUOCL
饰带小鲑脂鲤			0		THUOCL
饰带新光唇鱼			0		THUOCL
饰带毛鼻鲶			0		THUOCL
饰带沟鰕虎鱼			0		THUOCL
饰斑盖蛛			0		THUOCL
饰结角蝉			0		THUOCL
饰翅歧须鮠			0		THUOCL
饰茶肖叶甲			0		THUOCL
饰边杜父鱼			0		THUOCL
饰颈皱鹟			0		THUOCL
饰额短须寄蝇			0		THUOCL
饰龟灯蛾			0		THUOCL
饴色天牛			0		THUOCL
首哇朵蛛			0		THUOCL
首要高手水母			0		THUOCL
首长黄道蟹			0		THUOCL
香味鼠			0		THUOCL
香拟花鮨鱼			0		THUOCL
香椿一点蝙蛾			0		THUOCL
香樟莹叶甲			0		THUOCL
香樟萤叶甲			0		THUOCL
香波螺			0		THUOCL
香石竹银纹夜蛾			0		THUOCL
香菇蟹肉			0		THUOCL
香蕉假茎象甲			0		THUOCL
馬丁長鼻螺			0		THUOCL
馬達加斯加愛情鳥			0		THUOCL
马丂宝螺			0		THUOCL
马伽迪斯芋螺			0		THUOCL
马利琉璃灰蝶			0		THUOCL
马努斯草鸮			0		THUOCL
马努蚁鸟			0		THUOCL
马努鹦哥			0		THUOCL
马塔法海蠋鱼			0		THUOCL
马奇莫鳄			0		THUOCL
马尔地夫短额鮃			0		THUOCL
马尔地夫短额鲆			0		THUOCL
马尔布鲁克绿猴			0		THUOCL
马尔康准黄斑蜂			0		THUOCL
马尔马拉湖奈波鰕			0		THUOCL
马尼托巴湖狼			0		THUOCL
马尾松梢小卷蛾			0		THUOCL
马尾松梢小蠹			0		THUOCL
马尾松点尺蛾			0		THUOCL
马尾蟹			0		THUOCL
马岛小鸊鷉			0		THUOCL
马岛沼泽苇莺			0		THUOCL
马岛獴属			0		THUOCL
马托格罗索美洲狮			0		THUOCL
马托窜鸟			0		THUOCL
马拉维非洲盲刺鳅			0		THUOCL
马拉近络新妇			0		THUOCL
马拉雅湖宫丽鱼			0		THUOCL
马斯卡林寿带鹟			0		THUOCL
马斯卡林瓣蹼鹬			0		THUOCL
马来亚无尾蹄蝠			0		THUOCL
马来啸鸫			0		THUOCL
马来犬吻蝠属			0		THUOCL
马来荧光裳凤蝶			0		THUOCL
马来西亚巨人蜈蚣			0		THUOCL
马来西亚雨林蝎			0		THUOCL
马林剑尾鱼			0		THUOCL
马查氏施韦茨丽鱼			0		THUOCL
马格达河副项鳍鲶			0		THUOCL
马歇尔岛拟雀鲷			0		THUOCL
马氏毛粒蟹			0		THUOCL
马氏漂浮海葵			0		THUOCL
马氏近泉戎			0		THUOCL
马氏鳄亚科			0		THUOCL
马略卡牧羊犬			0		THUOCL
马约岛花蜜鸟			0		THUOCL
马约特卷尾			0		THUOCL
马维尔细小银汉鱼			0		THUOCL
马耳他卷毛狮子犬			0		THUOCL
马耶墨头鱼			0		THUOCL
马苏大麻哈鱼河			0		THUOCL
马苏骨鮡			0		THUOCL
马蒂尔达角腹蛇			0		THUOCL
马贵林隆背狮子鱼			0		THUOCL
马边四极虫			0		THUOCL
马达加斯加侏儒河马			0		THUOCL
马达加斯加叶尾守宫			0		THUOCL
马达加斯加叶鼻蝠			0		THUOCL
马达加斯加大头侧颈龟			0		THUOCL
马达加斯加岛副狮			0		THUOCL
马达加斯加日守宫			0		THUOCL
马达加斯加日间壁虎			0		THUOCL
马达加斯加果蝠			0		THUOCL
马达加斯加残趾虎			0		THUOCL
马达加斯加番茄蛙			0		THUOCL
马达加斯加盲塘鳢			0		THUOCL
马达加斯加螣			0		THUOCL
马达加斯加豹纹变色龙			0		THUOCL
马达加斯加长尾灵猫			0		THUOCL
马达加斯加长清齿宝螺			0		THUOCL
马里奥孔雀鱼			0		THUOCL
马里恩岛鮈南极鱼			0		THUOCL
马陆银杏骨螺			0		THUOCL
马鞍珠点弹			0		THUOCL
马鲁古樱蛤			0		THUOCL
驭龙者潜水小蜂			0		THUOCL
驯鹿尾			0		THUOCL
驯鹿角胶			0		THUOCL
驴头长颌鱼			0		THUOCL
驴羚			0		THUOCL
驴耳鲍螺			0		THUOCL
驼峰大鹦嘴鱼			0		THUOCL
驼背三刺角蝉			0		THUOCL
驼背带龙占丽鱼			0		THUOCL
驼背棘鮟鱇			0		THUOCL
驼背潜鱼			0		THUOCL
驼背独指乌鲂			0		THUOCL
驼背狭鰕虎鱼			0		THUOCL
驼背真三棱箱鲀			0		THUOCL
驼背短吻长尾鳕			0		THUOCL
驼背隆哲水蚤			0		THUOCL
驼背鮨丽鱼			0		THUOCL
驼背鲈扁鮨			0		THUOCL
驼腹壁泥蜂			0		THUOCL
驼茶肖叶甲			0		THUOCL
驼角胸肖叶甲			0		THUOCL
驼角蝉			0		THUOCL
驼蹄鸡			0		THUOCL
驼金龟科			0		THUOCL
驼颈鹦嘴鱼			0		THUOCL
骆驼凤凰螺			0		THUOCL
骆驼虫			0		THUOCL
骨叫姑鱼			0		THUOCL
骨唇鱼			0		THUOCL
骨甲亚纲			0		THUOCL
骨黄涯			0		THUOCL
髂坐骨间孔			0		THUOCL
高亨宝螺			0		THUOCL
高位眶灯鱼			0		THUOCL
高体副单角鲀			0		THUOCL
高体宝刀鱼			0		THUOCL
高体小沙丁鱼			0		THUOCL
高体鳑鮍			0		THUOCL
高加索奈波鰕虎鱼			0		THUOCL
高加索种公犬黑龙			0		THUOCL
高加索羱羊			0		THUOCL
高原翠鴗			0		THUOCL
高地白犭更犬			0		THUOCL
高塔台湾山蜗牛			0		THUOCL
高尾灯孔鲷			0		THUOCL
高山台湾芝麻蜗牛			0		THUOCL
高山美洲咬鹃			0		THUOCL
高山鹰嘴龟			0		THUOCL
高木氏沟鰕虎鱼			0		THUOCL
高本缨鮃			0		THUOCL
高秆珍珠茅			0		THUOCL
高羊茅淡剑贪夜蛾			0		THUOCL
高羊茅贪叶夜蛾			0		THUOCL
高膜刺鱥			0		THUOCL
高貴千手螺			0		THUOCL
高貴海扇蛤			0		THUOCL
高貴蛙螺			0		THUOCL
高髻冠			0		THUOCL
高鲁野鲮			0		THUOCL
高黎贡山猪			0		THUOCL
髯毛鰕虎			0		THUOCL
髯毛鰕虎鱼			0		THUOCL
鬃刺蔷薇珊瑚			0		THUOCL
鬘螺			0		THUOCL
鬘螺科			0		THUOCL
鬼形剑尾后颌鰧			0		THUOCL
鬼形短吻狮子鱼			0		THUOCL
鬼形腹瓢鰕虎鱼			0		THUOCL
鬼面关刀			0		THUOCL
魀猿			0		THUOCL
魏氏光鳃雀鲷			0		THUOCL
魏氏平面黄鲂鮄			0		THUOCL
魏氏红鲂鮄			0		THUOCL
魏氏蝰			0		THUOCL
魏氏蝴蝶鱼			0		THUOCL
魏氏麂羚			0		THUOCL
魏氏齿突蟾			0		THUOCL
魏氏齿蟾			0		THUOCL
魔丽鮨			0		THUOCL
魔叉鳔石首鱼			0		THUOCL
魔女矍眼蝶			0		THUOCL
魔小鲉			0		THUOCL
魔形叉尾带鱼			0		THUOCL
魔拟鮋			0		THUOCL
魔灯凹腹鳕			0		THUOCL
魔目夜蛾			0		THUOCL
魔鬼关刀			0		THUOCL
魔鬼松鼠			0		THUOCL
魔鬼短吻狮子鱼			0		THUOCL
魔鬼簑鮋			0		THUOCL
魔鬼簑鲉			0		THUOCL
魔鱂			0		THUOCL
魟伪蓝鱼虱			0		THUOCL
鮄形野鲮			0		THUOCL
鮋鲸			0		THUOCL
鮗科			0		THUOCL
鮡新四锚虫			0		THUOCL
鮨形朴丽鱼			0		THUOCL
鮨鲈肖鲈			0		THUOCL
鮯鮯鱼			0		THUOCL
鮸鱼效应			0		THUOCL
鯥科			0		THUOCL
鰕虎亚目			0		THUOCL
鰧头鮋			0		THUOCL
鱆稾鮃			0		THUOCL
鱇白鱼			0		THUOCL
鱇鱼良白鱼			0		THUOCL
鱈鳞鱼属			0		THUOCL
鱚拟臂鱼虱			0		THUOCL
鱯拟棒体棘头虫			0		THUOCL
鱵属			0		THUOCL
鱼尾楔蚌			0		THUOCL
鱼形背角无齿蚌			0		THUOCL
鱼料专线			0		THUOCL
鱼波豆虫属			0		THUOCL
鱼狗属			0		THUOCL
鱼狗白钩虾			0		THUOCL
鱼钩蚁			0		THUOCL
鱼鳞功能			0		THUOCL
鱿鳕鱼丸菠菜羹			0		THUOCL
鲁佩尔氏鹦鹉			0		THUOCL
鲁克尔耶氏菌			0		THUOCL
鲁克氏仙鹟			0		THUOCL
鲁安歧须鮠			0		THUOCL
鲁山牛腿山羊			0		THUOCL
鲁文夜鹰			0		THUOCL
鲁斯伯小雷氏鲶			0		THUOCL
鲁氏仙鹟			0		THUOCL
鲁氏小油鲶			0		THUOCL
鲁氏拟隆胎鳚			0		THUOCL
鲁氏耶尔海螺			0		THUOCL
鲁氏野鲮			0		THUOCL
鲁氏隆头丽鱼			0		THUOCL
鲁氏黑口鱼			0		THUOCL
鲁沃口孵非鲫			0		THUOCL
鲁耶氏菌			0		THUOCL
鲁菲吉复齿脂鲤			0		THUOCL
鲁西菜牛			0		THUOCL
鲁迪穆氏暗光鱼			0		THUOCL
鲇锚头鱼蚤			0		THUOCL
鲈滑石斑鱼			0		THUOCL
鲍氏薄躄鱼			0		THUOCL
鲍氏铲吻犁头鳐			0		THUOCL
鲍温猫爪守宫			0		THUOCL
鲐鮯			0		THUOCL
鲑形长嘴鱲			0		THUOCL
鲜之醉红膏大闸蟹			0		THUOCL
鲜冻扇贝柱			0		THUOCL
鲜红毛角花天牛			0		THUOCL
鲜蓝姬长脚金龟			0		THUOCL
鲜鹿尺蛾			0		THUOCL
鲟鱼规模化池塘养殖技术			0		THUOCL
鲢鳙多态锚头			0		THUOCL
鲤形冠鰕虎鱼			0		THUOCL
鲨鱼湾玫瑰宝螺			0		THUOCL
鲩华双身虫			0		THUOCL
鲫四极虫			0		THUOCL
鲫霍氏虫			0		THUOCL
鲱形白鲑			0		THUOCL
鲸偶蹄目			0		THUOCL
鳃曳动物门			0		THUOCL
鳃曳虫类			0		THUOCL
鳄叉尾鹤鱵			0		THUOCL
鳄形叉尾鹤鱵			0		THUOCL
鳄形短体蛇鳗			0		THUOCL
鳅鮀属			0		THUOCL
鳍尾梦角鮟鱇			0		THUOCL
鳑鮍锚头鱼蚤			0		THUOCL
鳖新多盘虫			0		THUOCL
鳖甲暮蝉			0		THUOCL
鳗尾三角下口鲶			0		THUOCL
鳗形尖斜胎鳚			0		THUOCL
鳗形布氏筋鱼			0		THUOCL
鳗潜鱼属			0		THUOCL
鳗鱺			0		THUOCL
鳙前侧孔吸虫			0		THUOCL
鳞冠侏霸鹟			0		THUOCL
鳞刺虫			0		THUOCL
鳞地蜂			0		THUOCL
鳞封印木属			0		THUOCL
鳞尾松鼠亚目			0		THUOCL
鳞尾窄额鲀			0		THUOCL
鳞斑圆尾鹱			0		THUOCL
鳞斑圆苔蛾			0		THUOCL
鳞斑地宝鸟			0		THUOCL
鳞斑姬啄木鸟			0		THUOCL
鳞斑小冠雉			0		THUOCL
鳞斑灰鸽			0		THUOCL
鳞斑蟹			0		THUOCL
鳞斑针尾雀			0		THUOCL
鳞斑雀			0		THUOCL
鳞斑食果伞鸟			0		THUOCL
鳞板欧姆贝			0		THUOCL
鳞柄玉筋鱼			0		THUOCL
鳞海林檎纲			0		THUOCL
鳞眉夜蛾			0		THUOCL
鳞眼壁虎			0		THUOCL
鳞竿鰕虎鱼			0		THUOCL
鳞翅口孵非鲫			0		THUOCL
鳞翅目果蛀蛾科			0		THUOCL
鳞翅目锚纹蛾科			0		THUOCL
鳞翅雏蝗			0		THUOCL
鳞背蚁鸟			0		THUOCL
鳞背鹇			0		THUOCL
鳞腹沟虫			0		THUOCL
鳞腹蟆口鸱			0		THUOCL
鳞顶岩吸蜜鸟			0		THUOCL
鳟形棘隆头鱼			0		THUOCL
鳠伪锚盘虫			0		THUOCL
鳢新碘泡虫			0		THUOCL
鳢粘体虫			0		THUOCL
鳢鱼肠			0		THUOCL
鳣鱼肝			0		THUOCL
鳾短腺吸虫			0		THUOCL
鴞头贝属			0		THUOCL
鵖属			0		THUOCL
鵙伞鸟			0		THUOCL
鵙雀鹟			0		THUOCL
鵙鹛带形吸虫			0		THUOCL
鵚鹙			0		THUOCL
鵰雀鲷			0		THUOCL
鵴头骨螺			0		THUOCL
鶺鸰嗜眼吸虫			0		THUOCL
鷃肉			0		THUOCL
鷈形目			0		THUOCL
鸐雉			0		THUOCL
鸟帽虫			0		THUOCL
鸟爪拟帽贝			0		THUOCL
鸟爪指环虫			0		THUOCL
鸟类迷飞			0		THUOCL
鸟鸣转基因老鼠			0		THUOCL
鸡心倒吊鱼			0		THUOCL
鸡油鲍鱼磨菇			0		THUOCL
鸢尾褐叶圆蚧			0		THUOCL
鸥灰蝶属			0		THUOCL
鸥锥棘吸虫			0		THUOCL
鸧鶊			0		THUOCL
鸭多棘刺缘吸虫			0		THUOCL
鸭茅合叶蜂			0		THUOCL
鸭跖草负泥虫			0		THUOCL
鸮面鹦鹉			0		THUOCL
鸮鹉			0		THUOCL
鸺鹠属			0		THUOCL
鸻刺缘吸虫			0		THUOCL
鸻多棘孔吸虫			0		THUOCL
鹀亚科			0		THUOCL
鹅毛圆线虫			0		THUOCL
鹈鳺			0		THUOCL
鹎鴂			0		THUOCL
鹑维达鸟			0		THUOCL
鹗蟹守螺			0		THUOCL
鹟亚科			0		THUOCL
鹡鸰嗜眼吸虫			0		THUOCL
鹡鸰荷叶图页			0		THUOCL
鹦交嘴雀			0		THUOCL
鹦哥鱼科			0		THUOCL
鹦阿卷叶蛛			0		THUOCL
鹦鹉厨房			0		THUOCL
鹧鸪媒			0		THUOCL
鹬中睾吸虫			0		THUOCL
鹬窄体吸虫			0		THUOCL
鹭无领平睾吸虫			0		THUOCL
鹰吻腔吻鳕			0		THUOCL
鹰喙角金线鲃			0		THUOCL
鹰嘴陆龟			0		THUOCL
鹰头鹦鹉			0		THUOCL
鹰杜父鱼			0		THUOCL
鹰状无刺鱝			0		THUOCL
鹰状无刺鲼			0		THUOCL
鹰缘盖蛛			0		THUOCL
鹰钩黄角寄蝇			0		THUOCL
鹿儿岛副绒皮鮋			0		THUOCL
鹿儿岛潜鱼			0		THUOCL
鹿儿岛短浆蟹			0		THUOCL
鹿印尺蛾			0		THUOCL
鹿尾夜蛾			0		THUOCL
鹿斑伪大眼鲷			0		THUOCL
鹿斑圆筒象			0		THUOCL
鹿斑芋螺			0		THUOCL
鹿灰蝶			0		THUOCL
鹿网尾线虫			0		THUOCL
鹿茸软珊瑚			0		THUOCL
鹿角三角篮虫			0		THUOCL
鹿角囊袋虫			0		THUOCL
鹿角芦鲷			0		THUOCL
鹿角花珊瑚			0		THUOCL
鹿角蝉			0		THUOCL
鹿角锹形虫			0		THUOCL
鹿豚亚科			0		THUOCL
鹿野波纹蛇目蝶			0		THUOCL
鹿顶客吸蜜鹦鹉			0		THUOCL
麦克长眼柄蟹			0		THUOCL
麦哲伦斜肋海蛳螺			0		THUOCL
麦哲伦鸻属			0		THUOCL
麦奇钩吻鲑			0		THUOCL
麦氏大鳞大眼鲷			0		THUOCL
麦氏怒鲨			0		THUOCL
麦氏甕鳐			0		THUOCL
麦氏霸鹟			0		THUOCL
麦科恩铁爪雀鹀			0		THUOCL
麦耶氏吸蜜鹦鹉			0		THUOCL
麦耶氏鹦鹉			0		THUOCL
麦茎异跗萤叶甲			0		THUOCL
麦薲草			0		THUOCL
麦鞘角潜蝇			0		THUOCL
麦麦蚊儿			0		THUOCL
麻姑谷米螺			0		THUOCL
麻布涡螺			0		THUOCL
麻布甲			0		THUOCL
麻布袋舟螺			0		THUOCL
麻斜类茎吸虫			0		THUOCL
麻椿象			0		THUOCL
麻楝棘丛螟			0		THUOCL
麻楝锄须丛螟			0		THUOCL
麻步甲			0		THUOCL
麻猎帽宝螺			0		THUOCL
麻竖毛天牛			0		THUOCL
麻花海蛳螺			0		THUOCL
麻苏大麻哈鱼			0		THUOCL
麻鱼胆			0		THUOCL
黄三角吊			0		THUOCL
黄三角黑卷叶蛾			0		THUOCL
黄五棘鲷			0		THUOCL
黄伪瓢金花虫			0		THUOCL
黄体叶鰕虎鱼			0		THUOCL
黄体长鲈			0		THUOCL
黄体鸡冠胎鳚			0		THUOCL
黄刚果灯鱼			0		THUOCL
黄刺尾鱼			0		THUOCL
黄口长鼻螺			0		THUOCL
黄口鹑螺			0		THUOCL
黄吹棉介壳虫			0		THUOCL
黄吻棘花鮨			0		THUOCL
黄唇嵌线螺			0		THUOCL
黄唇真龙虱			0		THUOCL
黄唇遗颊鲷			0		THUOCL
黄喉歌鵖			0		THUOCL
黄喉纹胁林莺			0		THUOCL
黄嘴喜鹊			0		THUOCL
黄嘴角鴞			0		THUOCL
黄四斑尺蛾			0		THUOCL
黄多指马鲅			0		THUOCL
黄头亚马孙鹦哥			0		THUOCL
黄小叶箭蜓			0		THUOCL
黄小霸鹟			0		THUOCL
黄尾刺盖鱼			0		THUOCL
黄尾副刺尾鱼			0		THUOCL
黄尾双臀刺隆头鱼			0		THUOCL
黄尾斑点锯尾吊			0		THUOCL
黄尾梅鲷			0		THUOCL
黄尾毛猴			0		THUOCL
黄尾球果花蝇			0		THUOCL
黄尾磨塘鳢			0		THUOCL
黄尾竹筴鱼			0		THUOCL
黄尾红目灯			0		THUOCL
黄尾若梅鲷			0		THUOCL
黄尾蓝魔鬼			0		THUOCL
黄尾蓝魔鬼鱼			0		THUOCL
黄山贡菊斜纹夜蛾			0		THUOCL
黄帆一点贝			0		THUOCL
黄带似马面单棘鲀			0		THUOCL
黄带克丽鰕虎鱼			0		THUOCL
黄带冠海龙			0		THUOCL
黄带前锹甲			0		THUOCL
黄带厚花天牛			0		THUOCL
黄带叶蜂			0		THUOCL
黄带圆腹鲱			0		THUOCL
黄带小鲈			0		THUOCL
黄带广舟蛾			0		THUOCL
黄带拟叶夜蛾			0		THUOCL
黄带拟姬鮨			0		THUOCL
黄带拟肩孔南极鱼			0		THUOCL
黄带新东洋金鳞鱼			0		THUOCL
黄带新东洋鳂			0		THUOCL
黄带枯叶蝶			0		THUOCL
黄带梅鲷			0		THUOCL
黄带楔天牛			0		THUOCL
黄带海龙			0		THUOCL
黄带滑刃叶蜂			0		THUOCL
黄带犀猎蝽			0		THUOCL
黄带狭腹食蚜蝇			0		THUOCL
黄带瓜子鱲			0		THUOCL
黄带直线脂鲤			0		THUOCL
黄带眉眼蝶			0		THUOCL
黄带短鰕虎鱼			0		THUOCL
黄带窄额鲀			0		THUOCL
黄带臀花金龟			0		THUOCL
黄带透红小丑			0		THUOCL
黄带长角蛾			0		THUOCL
黄带驼蛾			0		THUOCL
黄带鳞鳍梅鲷			0		THUOCL
黄带黄爪鰕虎鱼			0		THUOCL
黄常室茧蜂			0		THUOCL
黄拟套扇贝			0		THUOCL
黄斑光胸鰏			0		THUOCL
黄斑圆刺鲀			0		THUOCL
黄斑圆叶蚤			0		THUOCL
黄斑大弄蝶			0		THUOCL
黄斑大粉蝶			0		THUOCL
黄斑奇唇鱼			0		THUOCL
黄斑姬深山天牛			0		THUOCL
黄斑小弄蝶			0		THUOCL
黄斑小灰蝶			0		THUOCL
黄斑小褐弄蝶			0		THUOCL
黄斑小齿蛇鳗			0		THUOCL
黄斑平肩肖叶甲			0		THUOCL
黄斑德萤叶甲			0		THUOCL
黄斑拟小鲵			0		THUOCL
黄斑栉眼鰕虎			0		THUOCL
黄斑梯形蟹			0		THUOCL
黄斑燕尾海牛			0		THUOCL
黄斑猫鲨			0		THUOCL
黄斑瓢虫			0		THUOCL
黄斑盘瓢虫			0		THUOCL
黄斑窄额鲀			0		THUOCL
黄斑细脚胡蜂			0		THUOCL
黄斑肖墨天牛			0		THUOCL
黄斑苇鸦			0		THUOCL
黄斑蓝天使			0		THUOCL
黄斑蟾蜍			0		THUOCL
黄斑褶鮡			0		THUOCL
黄斑角鲂鮄			0		THUOCL
黄斑长跗萤叶甲			0		THUOCL
黄斑长距旋小蜂			0		THUOCL
黄斑陷纹金龟			0		THUOCL
黄斑青步甲			0		THUOCL
黄斑鞍鰕虎鱼			0		THUOCL
黄斑鰏			0		THUOCL
黄斑鲾			0		THUOCL
黄斑鳞头鮋			0		THUOCL
黄斑黄毒蛾			0		THUOCL
黄日光斑马灯鱼			0		THUOCL
黄昏花皮蛛			0		THUOCL
黄星凹缘舟蛾			0		THUOCL
黄星夜沫蝉			0		THUOCL
黄星姬深山天牛			0		THUOCL
黄星蝗			0		THUOCL
黄星褐小灰蝶			0		THUOCL
黄星长脚胡蜂			0		THUOCL
黄星长脚黄蜂			0		THUOCL
黄杉籽长尾小蜂			0		THUOCL
黄杨远志亚属			0		THUOCL
黄枯叶尺蛾			0		THUOCL
黄毛膝芒寄蝇			0		THUOCL
黄毛角胸步甲			0		THUOCL
黄河高原鳅			0		THUOCL
黄河鲍			0		THUOCL
黄涤尺蛾			0		THUOCL
黄深水魔鱼			0		THUOCL
黄澳鵖			0		THUOCL
黄灯蛾			0		THUOCL
黄点侏秧鸡			0		THUOCL
黄点副帆鳍鱼			0		THUOCL
黄点小弄蝶			0		THUOCL
黄点弗罗里达鳉			0		THUOCL
黄点斜口石鲈			0		THUOCL
黄点梵鰕虎鱼			0		THUOCL
黄点河龟			0		THUOCL
黄点玻璃虾			0		THUOCL
黄点金花鮨			0		THUOCL
黄点颌鳞鰕虎鱼			0		THUOCL
黄点鸟翼凤蝶			0		THUOCL
黄燕子灯鱼			0		THUOCL
黄环系蜜浆高产蜜蜂			0		THUOCL
黄环豔瓢虫			0		THUOCL
黄瓜棒			0		THUOCL
黄瓣地种蝇			0		THUOCL
黄白喉霸鹟			0		THUOCL
黄皮咖啡豹蠹蛾			0		THUOCL
黄盔噪犀鸟			0		THUOCL
黄盾亚室叶蜂			0		THUOCL
黄盾背椿象			0		THUOCL
黄盾角胸肖叶甲			0		THUOCL
黄盾食蚧蚜小蜂			0		THUOCL
黄眉哑霸鹟			0		THUOCL
黄眉拾叶雀			0		THUOCL
黄眉沙鹀			0		THUOCL
黄眉绿鹎			0		THUOCL
黄眉蚊霸鹟			0		THUOCL
黄眉蝇鹀			0		THUOCL
黄眉霸鹟			0		THUOCL
黄眶离缘姬蜂			0		THUOCL
黄眶细颚姬蜂			0		THUOCL
黄眼霸鹟			0		THUOCL
黄端粉蝶			0		THUOCL
黄粉短须寄蝇			0		THUOCL
黄粉鹿花金龟			0		THUOCL
黄纹印加雀			0		THUOCL
黄纹放屁虫			0		THUOCL
黄纹菊蝗			0		THUOCL
黄纹长标弄蝶			0		THUOCL
黄纹长腹蟌			0		THUOCL
黄缘乌毛盲蝽			0		THUOCL
黄缘台毒蛾			0		THUOCL
黄缘圆腹蛛			0		THUOCL
黄缘心步甲			0		THUOCL
黄缘扁叶蜂			0		THUOCL
黄缘拟截尾蠊			0		THUOCL
黄缘海滨裳凤蝶			0		THUOCL
黄缘狭翅野螟蛾			0		THUOCL
黄缘盒闭壳龟			0		THUOCL
黄缘米萤叶甲			0		THUOCL
黄缘米萤金花虫			0		THUOCL
黄缘红带野螟			0		THUOCL
黄缘肩步甲			0		THUOCL
黄缘青步甲			0		THUOCL
黄群迁粉蝶			0		THUOCL
黄羽缘霸鹟			0		THUOCL
黄翅三刺角蝉			0		THUOCL
黄翅三节叶蜂			0		THUOCL
黄翅伪滨花天牛			0		THUOCL
黄翅叉环野螟			0		THUOCL
黄翅叶鹎			0		THUOCL
黄翅圆眼花天牛			0		THUOCL
黄翅斑鹦哥			0		THUOCL
黄翅斜间			0		THUOCL
黄翅星额蜂鸟			0		THUOCL
黄翅痂蝗			0		THUOCL
黄翅绢粉蝶			0		THUOCL
黄翅花姬蝽			0		THUOCL
黄翅象沫蝉			0		THUOCL
黄翅长距野螟蛾			0		THUOCL
黄翅鹦哥			0		THUOCL
黄翅黄珍珠			0		THUOCL
黄耳啄木鸟			0		THUOCL
黄耳小巨嘴鸟			0		THUOCL
黄耳锥尾鹦鹉			0		THUOCL
黄耳鹦哥			0		THUOCL
黄肉垂鹎			0		THUOCL
黄肚炮弹			0		THUOCL
黄肚蓝魔鬼			0		THUOCL
黄肚蓝魔鬼鱼			0		THUOCL
黄肚豆娘鱼			0		THUOCL
黄肩长脚花金龟			0		THUOCL
黄肾奴夜蛾			0		THUOCL
黄胫巨缘椿象			0		THUOCL
黄胫步行甲			0		THUOCL
黄胫边步甲			0		THUOCL
黄胸啄果鸟			0		THUOCL
黄胸地蜂			0		THUOCL
黄胸寡毛跳甲			0		THUOCL
黄胸小鹟			0		THUOCL
黄胸粗腿拟天牛			0		THUOCL
黄胸船嘴鹟			0		THUOCL
黄胸黑翅萤			0		THUOCL
黄脊长腹扇蟌			0		THUOCL
黄脚大牙步行虫			0		THUOCL
黄脚姬天牛			0		THUOCL
黄脸冠毛长臂猿			0		THUOCL
黄腰响蜜			0		THUOCL
黄腹洵蟌			0		THUOCL
黄腹狭口食蚜蝇			0		THUOCL
黄臀啄木鸟			0		THUOCL
黄臀灯蛾			0		THUOCL
黄色仓花蝽			0		THUOCL
黄色模裂虫			0		THUOCL
黄色硬磷鱼			0		THUOCL
黄芝麻宝螺			0		THUOCL
黄花瓶凤凰螺			0		THUOCL
黄茸缘天牛			0		THUOCL
黄蓝背乌尾鮗			0		THUOCL
黄蜂伊氏鰕虎鱼			0		THUOCL
黄蜂蝇			0		THUOCL
黄褐前凹锹甲			0		THUOCL
黄褐暗水螟			0		THUOCL
黄褐环翅卷蛾			0		THUOCL
黄褐短喜象			0		THUOCL
黄褐绿亚贝			0		THUOCL
黄褐翅铲嘴雀			0		THUOCL
黄褐色蛙嘴夜鹰			0		THUOCL
黄褐长绿叶蝉			0		THUOCL
黄褐阿萤叶甲			0		THUOCL
黄角栉壁蜂			0		THUOCL
黄角茶肖叶甲			0		THUOCL
黄赤细腹食蚜蝇			0		THUOCL
黄足腋齿黄斑蜂			0		THUOCL
黄跗斑眼蚜蝇			0		THUOCL
黄跗显带天牛			0		THUOCL
黄跗毛瘤胸叶甲			0		THUOCL
黄路秽蝇			0		THUOCL
黄辐射尺蛾			0		THUOCL
黄连鳍喉盤鱼			0		THUOCL
黄道眉鹀			0		THUOCL
黄野螟			0		THUOCL
黄金墨尾龙睛			0		THUOCL
黄金菊中金弧夜蛾			0		THUOCL
黄金鱂			0		THUOCL
黄钝肩花天牛			0		THUOCL
黄长吻蝶鱼			0		THUOCL
黄长脚蜂			0		THUOCL
黄长颈鹿芋螺			0		THUOCL
黄雕鸮			0		THUOCL
黄顶伊拉鹟			0		THUOCL
黄顶侏鹦鹉			0		THUOCL
黄顶娇鹟			0		THUOCL
黄顶小霸鹟			0		THUOCL
黄颅刺盖鱼			0		THUOCL
黄颅盖刺鱼			0		THUOCL
黄颊厚嘴霸鹟			0		THUOCL
黄颊蓝翅红帽鹦鹉			0		THUOCL
黄颊非洲咬鹃			0		THUOCL
黄额啸鹟			0		THUOCL
黄额拟膝芒寄蝇			0		THUOCL
黄额拾叶雀			0		THUOCL
黄额燕			0		THUOCL
黄额蚤寄蝇			0		THUOCL
黄额陆栖箱龟			0		THUOCL
黄额鬼鸮			0		THUOCL
黄颡四锚虫			0		THUOCL
黄马姆			0		THUOCL
黄鮟鱇头骨			0		THUOCL
黄鲈金鲈			0		THUOCL
黄鳍多棘鳞鲀			0		THUOCL
黄鳍短须石首鱼			0		THUOCL
黄鳝静水无土养殖技术			0		THUOCL
黄鸮目天蚕蛾			0		THUOCL
黄麻梗虫			0		THUOCL
黎川华南溪蟹			0		THUOCL
黎花迁粉蝶			0		THUOCL
黎长鲈			0		THUOCL
黑伪瓢拟步行虫			0		THUOCL
黑体海湾无鳍鳐			0		THUOCL
黑侏儒蛛			0		THUOCL
黑冠红翅鵙			0		THUOCL
黑冠黄雀鹀属			0		THUOCL
黑前眼野鲮			0		THUOCL
黑印叶箭蜒			0		THUOCL
黑厚嘴霸鹟			0		THUOCL
黑口燕子凤凰螺			0		THUOCL
黑后丽盲蝽			0		THUOCL
黑后夜蛾			0		THUOCL
黑吻宽齿雀鲷			0		THUOCL
黑喉哑霸鹟			0		THUOCL
黑喉啸冠鸫			0		THUOCL
黑喉小			0		THUOCL
黑喉小鸊鷉			0		THUOCL
黑喉漠鹀			0		THUOCL
黑喉绿林莺			0		THUOCL
黑喉缝叶莺			0		THUOCL
黑喉美洲咬鹃			0		THUOCL
黑喉肉垂麦鸡			0		THUOCL
黑喉芒果蜂鸟			0		THUOCL
黑喉苇鹪鹩			0		THUOCL
黑喉蚁鵙			0		THUOCL
黑喉辉蜂鸟			0		THUOCL
黑喉针尾雀			0		THUOCL
黑喉雀鹀			0		THUOCL
黑喉雀鹀属			0		THUOCL
黑喉鸊鷉			0		THUOCL
黑嘴鵙霸鹟			0		THUOCL
黑圆角蝉			0		THUOCL
黑头乙女吸蜜鹦鹉			0		THUOCL
黑头前角单棘鲀			0		THUOCL
黑头前角鲀鱼			0		THUOCL
黑头四齿茧蜂			0		THUOCL
黑头林鵙鹟			0		THUOCL
黑奴芋螺			0		THUOCL
黑尾叶蝉大角啮小蜂			0		THUOCL
黑尾叶蝉头蝇			0		THUOCL
黑尾叶蝉柄翅小蜂			0		THUOCL
黑尾叶蝉缨小蜂			0		THUOCL
黑尾叶蝉螯蜂			0		THUOCL
黑尾啸鹟			0		THUOCL
黑尾圆雀鲷			0		THUOCL
黑尾宅泥鱼			0		THUOCL
黑尾小沙丁鱼			0		THUOCL
黑尾曳尾蛛			0		THUOCL
黑尾梅花雀			0		THUOCL
黑尾硬尾雀			0		THUOCL
黑尾突吻糯鳗			0		THUOCL
黑尾缘花蝇			0		THUOCL
黑尾萤花天牛			0		THUOCL
黑尾近红鮈			0		THUOCL
黑尾金粉蝇			0		THUOCL
黑尾长扁步行虫			0		THUOCL
黑尾阔脚袋鼩			0		THUOCL
黑尾鱵			0		THUOCL
黑带二尾舟蛾			0		THUOCL
黑带小鲈黑带似			0		THUOCL
黑帽錐尾鹦鹉			0		THUOCL
黑帽锥尾鹦鹉			0		THUOCL
黑帽鹦哥			0		THUOCL
黑心凤凰螺			0		THUOCL
黑心赤眉锦斑蛾			0		THUOCL
黑斑拟鹿天牛			0		THUOCL
黑斑月蝶鱼			0		THUOCL
黑斑蛙双睾虫			0		THUOCL
黑斑象鼻法螺			0		THUOCL
黑斜线侧褶蛙			0		THUOCL
黑新刻齿雀鲷			0		THUOCL
黑方突毛瓢虫			0		THUOCL
黑星挵蝶			0		THUOCL
黑条眼尺蛾			0		THUOCL
黑果枸杞准木虱			0		THUOCL
黑栉黄毒蛾			0		THUOCL
黑棕斑啄木鸟			0		THUOCL
黑楔角蝉			0		THUOCL
黑毛白眉猴			0		THUOCL
黑沼膜鳕			0		THUOCL
黑海腔鲈			0		THUOCL
黑海鳇欧鳇			0		THUOCL
黑点倒吊			0		THUOCL
黑点刺尾花天牛			0		THUOCL
黑点副绯鲤			0		THUOCL
黑点副锯鮨			0		THUOCL
黑点副鱥			0		THUOCL
黑点单唇鳉			0		THUOCL
黑点棘鳞鱼			0		THUOCL
黑点淡黄蝶			0		THUOCL
黑点狗母鱼			0		THUOCL
黑点豆娘			0		THUOCL
黑玫瑰千手螺			0		THUOCL
黑珍波纹蛾			0		THUOCL
黑瑪瑙寶螺			0		THUOCL
黑监督吸蜜鸟			0		THUOCL
黑盾粗股肖叶甲			0		THUOCL
黑眉天牛			0		THUOCL
黑眉辉蜂鸟			0		THUOCL
黑眉长尾山雀			0		THUOCL
黑眼圆吻鱥			0		THUOCL
黑眼鹿斑宝螺			0		THUOCL
黑突肩花天牛			0		THUOCL
黑端榕蛾			0		THUOCL
黑端白小灰蝶			0		THUOCL
黑粗尾蝎			0		THUOCL
黑紫黑红钳			0		THUOCL
黑红小丑			0		THUOCL
黑红小丑鱼			0		THUOCL
黑红足厚缘肖叶甲			0		THUOCL
黑纹刺脊天牛			0		THUOCL
黑纹匙指虾			0		THUOCL
黑纹玫舟蛾			0		THUOCL
黑纹透翅花蝽			0		THUOCL
黑纹锥齿喉盤鱼			0		THUOCL
黑纹长角象鼻虫			0		THUOCL
黑纹颊刺鱼			0		THUOCL
黑缘九刺鮨			0		THUOCL
黑缘九棘鲈			0		THUOCL
黑缘光瓢虫			0		THUOCL
黑缘刺鲨			0		THUOCL
黑缘小绢蝶			0		THUOCL
黑缘梭鱈			0		THUOCL
黑缘橙粉蝶			0		THUOCL
黑缘牡蛎			0		THUOCL
黑缘瓢眼鰕虎鱼			0		THUOCL
黑缘瓢虫			0		THUOCL
黑缘白枣灰蝶			0		THUOCL
黑缘直线脂鲤			0		THUOCL
黑缘突吻鱈			0		THUOCL
黑缘粗角肖叶甲			0		THUOCL
黑缘红衫夜蛾			0		THUOCL
黑缘美尾			0		THUOCL
黑缘舟蛾			0		THUOCL
黑缘角胸肖叶甲			0		THUOCL
黑缘透翅鹿斑蛾			0		THUOCL
黑缘鳗鰕虎鱼			0		THUOCL
黑缘黄唇鱼			0		THUOCL
黑缘黄小灰蝶			0		THUOCL
黑缝盆步甲			0		THUOCL
黑翅副爱丽鱼			0		THUOCL
黑翅拟皱膝蝗			0		THUOCL
黑翅牡丹鹦鹉			0		THUOCL
黑翅皱膝蝗			0		THUOCL
黑翅贾丁氏鹦鹉			0		THUOCL
黑翅鹟鵙			0		THUOCL
黑肖锯花天牛			0		THUOCL
黑肚黑魔鲸			0		THUOCL
黑肩浅沟叶蜂			0		THUOCL
黑肩负鼠属			0		THUOCL
黑胁啄花鸟			0		THUOCL
黑背叉尾鹤鱵			0		THUOCL
黑背显盾瓢虫			0		THUOCL
黑背盤雀鲷			0		THUOCL
黑胡椒谷米螺			0		THUOCL
黑胫侎缘蝽			0		THUOCL
黑胫宽花天牛			0		THUOCL
黑胫草蟋蟀			0		THUOCL
黑胫负泥虫			0		THUOCL
黑胸冠海龙			0		THUOCL
黑胸斑叶蝉			0		THUOCL
黑胸瓢萤叶甲			0		THUOCL
黑胸虫森莺			0		THUOCL
黑胸长柄茧蜂			0		THUOCL
黑胸霸鹟			0		THUOCL
黑脉椰眼蝶			0		THUOCL
黑脉花小卷蛾			0		THUOCL
黑脚黑守瓜			0		THUOCL
黑腋光鳃雀鲷			0		THUOCL
黑腋光鳃鱼			0		THUOCL
黑腔短吻狮子鱼			0		THUOCL
黑腹直脉曙沫蝉			0		THUOCL
黑腹胃蝇			0		THUOCL
黑腹胫步甲			0		THUOCL
黑腿白斑翅雀			0		THUOCL
黑膝剑螽			0		THUOCL
黑膝异爪蝗			0		THUOCL
黑膝异饰肛螽			0		THUOCL
黑膝愈片隐翅虫			0		THUOCL
黑膝棘蝇			0		THUOCL
黑膝泉种蝇			0		THUOCL
黑膝瘦粉蝇			0		THUOCL
黑臂叉鳔石首鱼			0		THUOCL
黑色缨心星虫			0		THUOCL
黑色羚羊长耳大野兔			0		THUOCL
黑苇鳽			0		THUOCL
黑草席钟螺			0		THUOCL
黑葡萄眼铁牛鸽			0		THUOCL
黑褐举腹蚁			0		THUOCL
黑褐副雀鲷			0		THUOCL
黑褐戴娜角鮟鱇			0		THUOCL
黑褐新刻齿雀鲷			0		THUOCL
黑褐新箭雀鲷			0		THUOCL
黑褐新糠虾			0		THUOCL
黑褐方头角鮟鱇			0		THUOCL
黑褐方头鲳			0		THUOCL
黑褐树丽盲蝽			0		THUOCL
黑褐硬蠊			0		THUOCL
黑褐色浣熊猎犬			0		THUOCL
黑褐蚀叶野螟			0		THUOCL
黑褐髯须夜蛾			0		THUOCL
黑角叶鰕虎			0		THUOCL
黑角密缨天牛			0		THUOCL
黑角方粉蝶			0		THUOCL
黑角直缘跳甲			0		THUOCL
黑角绢粉蝶			0		THUOCL
黑角金花天牛			0		THUOCL
黑角长须寄蝇			0		THUOCL
黑足伟黄斑蜂			0		THUOCL
黑足分盾细蜂			0		THUOCL
黑足厚缘肖叶甲			0		THUOCL
黑足沟胫跳甲			0		THUOCL
黑足淡脉隧蜂			0		THUOCL
黑转泉蝇			0		THUOCL
黑辉极乐鸟			0		THUOCL
黑边拟皱唇鲨			0		THUOCL
黑长颈卷叶象鼻虫			0		THUOCL
黑门娇异蝽			0		THUOCL
黑隆脊短喜象			0		THUOCL
黑露脊鲸属			0		THUOCL
黑鞘厚缘叶甲			0		THUOCL
黑鞘齿胸肖叶甲			0		THUOCL
黑顶侏霸鹟			0		THUOCL
黑须墓蝠			0		THUOCL
黑颅婆蟋螽			0		THUOCL
黑颊簑鮋			0		THUOCL
黑颊非鲫引进			0		THUOCL
黑颊黄腹梅花雀			0		THUOCL
黑额地霸鹟			0		THUOCL
黑额盔萤金花虫			0		THUOCL
黑首棱唇条鳅			0		THUOCL
黑马河凹顶蜢			0		THUOCL
黑鳍新东洋金鳞鱼			0		THUOCL
黑鳍牛目鲷			0		THUOCL
黑鳍缘硬皮鰕虎			0		THUOCL
黑鳍缘美鰕虎鱼			0		THUOCL
黑鹦哥鱼			0		THUOCL
黑黇鹿			0		THUOCL
黑龙江中杜父鱼			0		THUOCL
黔双胜蛛			0		THUOCL
黔江隐势瓢虫			0		THUOCL
黔阳土白蚁			0		THUOCL
默拉鸟翼裳凤蝶			0		THUOCL
默梅芋螺			0		THUOCL
默氏副半节鲂鮄			0		THUOCL
默氏厉牙长尾鳕			0		THUOCL
默氏拟角鱼			0		THUOCL
默氏梵鰕虎鱼			0		THUOCL
默氏红鲂鮄			0		THUOCL
默氏裸腹鳉			0		THUOCL
默纳氏始丽鱼			0		THUOCL
默蛮尺蛾			0		THUOCL
默里门砂轮虫			0		THUOCL
黴身裸胸鯙			0		THUOCL
黾勉棘蝇			0		THUOCL
鼓六枪虫			0		THUOCL
鼓泡斜剪齿兽			0		THUOCL
鼓翅皱膝蝗			0		THUOCL
鼓肚辫虫			0		THUOCL
鼠灰长须螟			0		THUOCL
鼠膜壳绦虫			0		THUOCL
鼠衔姜			0		THUOCL
鼠鱚目			0		THUOCL
鼠鱚科			0		THUOCL
鼠鱼衔科			0		THUOCL
鼬猬摩利诺斯线虫			0		THUOCL
鼷鹿下目			0		THUOCL
鼷鹿科动物			0		THUOCL
鼻吻滴虫			0		THUOCL
鼻棘星杜父鱼			0		THUOCL
鼻棘金鳞鱼			0		THUOCL
鼻腔两极虫			0		THUOCL
鼻腔指环虫			0		THUOCL
鼻锚真哲水蚤			0		THUOCL
齿偶舟蛾			0		THUOCL
齿尾鼓鸣露螽			0		THUOCL
齿形海萤			0		THUOCL
齿直盾蜾蠃			0		THUOCL
齿突猫萤			0		THUOCL
齿纹涤尺蛾			0		THUOCL
齿纹非洲鸟蛤			0		THUOCL
齿缘刺猎椿象			0		THUOCL
齿胸刺尾花天牛			0		THUOCL
齿腿长尾小蜂			0		THUOCL
齿蝠夜圆线虫			0		THUOCL
龙占科			0		THUOCL
龙占鱼科			0		THUOCL
龙泉指环虫			0		THUOCL
龙爪柳粗毛绵蚜			0		THUOCL
龙爪槐木虱			0		THUOCL
龙眼暗绿粉尺蛾			0		THUOCL
龙眼长跗萤叶甲			0		THUOCL
龙眼顶芽瘿螨			0		THUOCL
龙胜比栉大蚊			0		THUOCL
龙首三角下口鲶			0		THUOCL
龙骨乐飞螺			0		THUOCL
龙鱼志			0		THUOCL
龟形花蜱			0		THUOCL
龟橄榄虫			0		THUOCL
