word	pinyin	rank	doc_freq	level	source
土豆			1777511		THUOCL
苹果			1143881		THUOCL
蛋糕			815478		THUOCL
牛奶			708129		THUOCL
面包			593637		THUOCL
豆腐			511649		THUOCL
萝卜			494881		THUOCL
巧克力			373599		THUOCL
点心			345920		THUOCL
火锅			324863		THUOCL
海鲜			309902		THUOCL
葡萄酒			298849		THUOCL
包子			288537		THUOCL
馒头			245498		THUOCL
羊肉			242351		THUOCL
柠檬			216416		THUOCL
香蕉			213220		THUOCL
淀粉			207643		THUOCL
酱油			169116		THUOCL
核桃			166694		THUOCL
饮用水			164027		THUOCL
鸳鸯			159379		THUOCL
青团			157219		THUOCL
米饭			154542		THUOCL
酸奶			153794		THUOCL
豆浆			149318		THUOCL
白糖			148447		THUOCL
方便面			147895		THUOCL
可口可乐			147493		THUOCL
乙醇			145895		THUOCL
红柿			145302		THUOCL
普洱茶			143106		THUOCL
西红柿			142633		THUOCL
茅台			138697		THUOCL
鱼类			137579		THUOCL
磷酸			131081		THUOCL
托盘			128371		THUOCL
青梅			127492		THUOCL
沙拉			121544		THUOCL
奶油			115847		THUOCL
石膏			114616		THUOCL
石榴			113867		THUOCL
豆油			112470		THUOCL
奶酪			110257		THUOCL
青菜			110184		THUOCL
奶茶			109759		THUOCL
肉眼			107745		THUOCL
木耳			107136		THUOCL
铁板			105443		THUOCL
生姜			102878		THUOCL
黄豆			102012		THUOCL
三七			101601		THUOCL
烤肉			101498		THUOCL
大肉			100457		THUOCL
洋葱			94307		THUOCL
娃哈哈			92268		THUOCL
香菇			90300		THUOCL
松花			89074		THUOCL
川菜			88350		THUOCL
海带			86704		THUOCL
五粮液			85600		THUOCL
鱿鱼			80989		THUOCL
山药			80972		THUOCL
聚乙烯			80610		THUOCL
橄榄油			78094		THUOCL
冬瓜			77776		THUOCL
果后			76813		THUOCL
韭菜			73374		THUOCL
纯净水			72812		THUOCL
狗肉			71864		THUOCL
甘露			70746		THUOCL
冰点			69573		THUOCL
豆芽			69507		THUOCL
释迦			68944		THUOCL
比萨			67765		THUOCL
糖水			67043		THUOCL
胡萝卜素			65636		THUOCL
香草			65497		THUOCL
藏宝			65341		THUOCL
泡菜			65243		THUOCL
铁观音			63823		THUOCL
鱼头			62089		THUOCL
鲜奶			61845		THUOCL
盐酸			61337		THUOCL
油条			60357		THUOCL
叶酸			60269		THUOCL
虾米			59446		THUOCL
防腐剂			58724		THUOCL
稻谷			58325		THUOCL
粤菜			56098		THUOCL
磷脂			56076		THUOCL
健力			55428		THUOCL
香肠			54730		THUOCL
桔子			53939		THUOCL
烟熏			53502		THUOCL
花生油			53311		THUOCL
康师傅			52243		THUOCL
健力宝			51986		THUOCL
香菜			51824		THUOCL
鸡尾酒			50476		THUOCL
全聚德			50028		THUOCL
咖啡因			49733		THUOCL
劲风			49128		THUOCL
二氧化硫			48550		THUOCL
猪肝			48176		THUOCL
馄饨			47850		THUOCL
威士忌			47814		THUOCL
冷面			46887		THUOCL
面皮			45060		THUOCL
烧肉			44694		THUOCL
咖喱			44292		THUOCL
山鸡			43818		THUOCL
紫菜			43488		THUOCL
百事可乐			42999		THUOCL
米线			42854		THUOCL
黄油			42522		THUOCL
米粥			42118		THUOCL
乌龙茶			40948		THUOCL
烤箱			40543		THUOCL
猕猴桃			40357		THUOCL
家常菜			40327		THUOCL
果肉			40084		THUOCL
冰激凌			39999		THUOCL
米面			39952		THUOCL
三明治			39511		THUOCL
带鱼			38818		THUOCL
大丰收			38682		THUOCL
千张			36875		THUOCL
芭蕉			36594		THUOCL
生菜			36564		THUOCL
酥油			36432		THUOCL
肉干			36094		THUOCL
牛肉面			35230		THUOCL
抗氧化剂			35141		THUOCL
煎饼			35051		THUOCL
清汤			34726		THUOCL
湘菜			34695		THUOCL
莱姆			34632		THUOCL
露丝			34254		THUOCL
耗油			34174		THUOCL
海盐			34140		THUOCL
黑豆			34082		THUOCL
腊肉			33516		THUOCL
臭豆腐			33437		THUOCL
糖浆			32781		THUOCL
寸金			32606		THUOCL
柠檬汁			32311		THUOCL
白果			32255		THUOCL
天麻			32128		THUOCL
老酒			31942		THUOCL
富春			31867		THUOCL
花菜			31772		THUOCL
贵州茅台			31714		THUOCL
油茶			31552		THUOCL
雪梨			31016		THUOCL
布丁			30974		THUOCL
铁蛋			30400		THUOCL
杂碎			30171		THUOCL
咖啡豆			29973		THUOCL
红葡萄酒			29031		THUOCL
明胶			28935		THUOCL
酒肉			28866		THUOCL
棉花糖			28824		THUOCL
杜康			28676		THUOCL
滑石粉			28537		THUOCL
柑桔			28535		THUOCL
源通			28403		THUOCL
二锅头			28401		THUOCL
葡萄干			28287		THUOCL
莲藕			28154		THUOCL
凉粉			27336		THUOCL
梨子			27097		THUOCL
芥末			27080		THUOCL
芝士			26879		THUOCL
芦笋			26473		THUOCL
碳酸钙			26283		THUOCL
烤鱼			26183		THUOCL
麻辣烫			26155		THUOCL
水蜜桃			25919		THUOCL
油酸			25725		THUOCL
乙酸			25313		THUOCL
培根			25241		THUOCL
炸食			25204		THUOCL
柠檬酸			25107		THUOCL
扣肉			24839		THUOCL
牛乳			24808		THUOCL
杏子			24620		THUOCL
凉菜			24317		THUOCL
掌上明珠			24313		THUOCL
果胶			24303		THUOCL
茶汤			24191		THUOCL
白油			24097		THUOCL
核桃仁			23843		THUOCL
鸭肉			23567		THUOCL
草鱼			23528		THUOCL
满汉全席			23527		THUOCL
番茄酱			23451		THUOCL
大富豪			23198		THUOCL
干红			22958		THUOCL
伏特加			22922		THUOCL
酒酿			22449		THUOCL
甜瓜			22252		THUOCL
糙米			22027		THUOCL
火腿肠			21994		THUOCL
无花果			21847		THUOCL
牛肉干			21765		THUOCL
辣子			21685		THUOCL
黑森林			21636		THUOCL
三文鱼			21433		THUOCL
乳酸钙			21233		THUOCL
涮羊肉			20883		THUOCL
鱼丸			20880		THUOCL
水煮鱼			20850		THUOCL
龙井茶			20837		THUOCL
绿豆汤			20591		THUOCL
马仔			20367		THUOCL
鹅肉			19948		THUOCL
双喜临门			19717		THUOCL
碧螺春			19041		THUOCL
金枪鱼			18892		THUOCL
粉条			18601		THUOCL
石蜡			18534		THUOCL
乳猪			18458		THUOCL
肉末			18380		THUOCL
清酒			18268		THUOCL
奇异果			18250		THUOCL
白肉			18220		THUOCL
稳定剂			18183		THUOCL
菜籽油			18002		THUOCL
意大利面			17941		THUOCL
牛油			17754		THUOCL
松风			17730		THUOCL
霸王别姬			17700		THUOCL
茶多酚			17598		THUOCL
菱角			17591		THUOCL
酒廊			17409		THUOCL
墨鱼			17270		THUOCL
豆豉			17211		THUOCL
豆腐干			17156		THUOCL
猪血			17151		THUOCL
人参果			17079		THUOCL
驴肉			17022		THUOCL
金玉满堂			17009		THUOCL
油面			16924		THUOCL
葱段			16903		THUOCL
扇贝			16676		THUOCL
泸州老窖			16618		THUOCL
八宝饭			16555		THUOCL
凉皮			16550		THUOCL
山核桃			16434		THUOCL
洋河			16433		THUOCL
国珍			16360		THUOCL
哈密瓜			16348		THUOCL
鱼生			16293		THUOCL
脐橙			16269		THUOCL
红油			16219		THUOCL
红果			16174		THUOCL
西湖龙井			16106		THUOCL
大团圆			16042		THUOCL
红椒			15894		THUOCL
煮鸡蛋			15864		THUOCL
大红袍			15862		THUOCL
薏仁			15847		THUOCL
海红			15798		THUOCL
春卷			15691		THUOCL
新红			15682		THUOCL
驼峰			15464		THUOCL
西兰花			15428		THUOCL
伯顿			15323		THUOCL
黄粉			15315		THUOCL
港红			15225		THUOCL
狗不理			15159		THUOCL
椒盐			15133		THUOCL
里脊			14941		THUOCL
乳化剂			14927		THUOCL
双鹤			14899		THUOCL
辣椒酱			14882		THUOCL
鳕鱼			14876		THUOCL
金元宝			14750		THUOCL
樟脑			14697		THUOCL
白茶			14637		THUOCL
黑米			14634		THUOCL
腊八粥			14461		THUOCL
酥油茶			14412		THUOCL
白鹅			14345		THUOCL
海蜇			14343		THUOCL
小酒馆			14183		THUOCL
鸭脖			14126		THUOCL
烤羊肉			14103		THUOCL
亚油酸			14027		THUOCL
炒面			13971		THUOCL
甜味剂			13938		THUOCL
生蚝			13925		THUOCL
金针菇			13809		THUOCL
椰树			13784		THUOCL
苏打水			13766		THUOCL
狮子头			13760		THUOCL
汤包			13716		THUOCL
银鱼			13601		THUOCL
起司			13400		THUOCL
芽菜			13246		THUOCL
剑南春			13157		THUOCL
冰峰			13124		THUOCL
螺蛳			13069		THUOCL
鹅肝			13058		THUOCL
木糖醇			12968		THUOCL
氯化钾			12815		THUOCL
高岭土			12698		THUOCL
豆皮			12573		THUOCL
华凌			12503		THUOCL
杏花村			12461		THUOCL
鹿肉			12445		THUOCL
碧海银沙			12442		THUOCL
烟酸			12392		THUOCL
面筋			12367		THUOCL
丙二醇			12341		THUOCL
力存			12241		THUOCL
过桥米线			12239		THUOCL
核黄素			12202		THUOCL
葡萄柚			12184		THUOCL
烤全羊			12171		THUOCL
解百纳			12159		THUOCL
甜酒			12146		THUOCL
香槟酒			12144		THUOCL
鲁菜			12015		THUOCL
家庭版			11997		THUOCL
明矾			11938		THUOCL
白葡萄酒			11869		THUOCL
蛋卷			11852		THUOCL
冰糖葫芦			11766		THUOCL
花糕			11741		THUOCL
罗汉果			11722		THUOCL
南翔			11578		THUOCL
重庆火锅			11555		THUOCL
炸酱面			11531		THUOCL
鹌鹑蛋			11479		THUOCL
色香味俱全			11452		THUOCL
莴笋			11416		THUOCL
辣椒粉			11414		THUOCL
肉粥			11386		THUOCL
豆汁			11348		THUOCL
礼记			11347		THUOCL
孜然			11305		THUOCL
吐司			11293		THUOCL
牛尾			11258		THUOCL
豆腐脑			11230		THUOCL
火龙果			11229		THUOCL
动物油			11148		THUOCL
鱼子酱			10858		THUOCL
西芹			10848		THUOCL
白粥			10809		THUOCL
金屋藏娇			10712		THUOCL
苦中作乐			10676		THUOCL
黑松			10527		THUOCL
松茸			10523		THUOCL
烧鹅			10502		THUOCL
啫喱			10482		THUOCL
龙丹			10469		THUOCL
硬脂酸			10398		THUOCL
薄饼			10364		THUOCL
亚麻酸			10186		THUOCL
山竹			10171		THUOCL
沙拉酱			10136		THUOCL
湘莲			10131		THUOCL
蒜苗			10109		THUOCL
苹果酸			10103		THUOCL
牛扒			10097		THUOCL
吐温			10076		THUOCL
八宝粥			10044		THUOCL
牛骨			9990		THUOCL
隆鑫			9957		THUOCL
小火煮			9955		THUOCL
凤爪			9914		THUOCL
芭乐			9906		THUOCL
牛鞭			9891		THUOCL
花生仁			9838		THUOCL
绿豆芽			9756		THUOCL
曲酒			9747		THUOCL
青果			9742		THUOCL
肠粉			9724		THUOCL
通心粉			9718		THUOCL
古井贡			9659		THUOCL
羊排			9649		THUOCL
泡馍			9585		THUOCL
冬枣			9575		THUOCL
回锅肉			9522		THUOCL
糕饼			9506		THUOCL
保健茶			9453		THUOCL
酸梅汤			9405		THUOCL
牛磺酸			9391		THUOCL
苦丁茶			9353		THUOCL
调和油			9349		THUOCL
淀粉酶			9336		THUOCL
卤味			9267		THUOCL
糖衣炮弹			9249		THUOCL
蛋挞			9235		THUOCL
牛杂			9131		THUOCL
漂白剂			9111		THUOCL
赤豆			9072		THUOCL
柠檬黄			9043		THUOCL
植酸			9029		THUOCL
馍馍			9026		THUOCL
肥肠			8986		THUOCL
葡萄汁			8909		THUOCL
黑胡椒			8907		THUOCL
基摩			8898		THUOCL
冠生园			8896		THUOCL
张记			8894		THUOCL
姜黄			8784		THUOCL
上清饮			8725		THUOCL
爆肚			8708		THUOCL
锅贴			8673		THUOCL
琼脂			8671		THUOCL
小馒头			8641		THUOCL
甲壳素			8634		THUOCL
眼肉			8618		THUOCL
烤羊肉串			8617		THUOCL
蔬菜汤			8421		THUOCL
天果			8411		THUOCL
炒米			8380		THUOCL
辣汤			8375		THUOCL
糌粑			8369		THUOCL
茭白			8349		THUOCL
花卷			8321		THUOCL
着色剂			8305		THUOCL
浆水			8250		THUOCL
甘氨酸			8250		THUOCL
茼蒿			8201		THUOCL
黑茶			8201		THUOCL
轩尼诗			8192		THUOCL
氧化镁			8177		THUOCL
酒精饮料			8156		THUOCL
蒜蓉			8133		THUOCL
龙凤呈祥			8050		THUOCL
酸菜鱼			8023		THUOCL
烧心			8008		THUOCL
提拉米苏			7989		THUOCL
果佳			7968		THUOCL
焦糖			7940		THUOCL
糯米饭			7937		THUOCL
开口笑			7908		THUOCL
白豆			7906		THUOCL
炖肉			7901		THUOCL
百页			7804		THUOCL
武昌鱼			7801		THUOCL
苞米			7801		THUOCL
楼外楼			7795		THUOCL
米果			7794		THUOCL
土豆泥			7791		THUOCL
小茴香			7767		THUOCL
蓝带			7759		THUOCL
金耳			7735		THUOCL
天仁			7721		THUOCL
马肉			7716		THUOCL
鸭脖子			7670		THUOCL
草菇			7665		THUOCL
苹果醋			7625		THUOCL
面鲜			7610		THUOCL
发菜			7592		THUOCL
蜜柑			7539		THUOCL
碳酸氢钠			7536		THUOCL
肉夹馍			7532		THUOCL
羊肉汤			7526		THUOCL
奶油蛋糕			7515		THUOCL
红土地			7498		THUOCL
板鸭			7492		THUOCL
氢氧化钠			7466		THUOCL
牛皮糖			7431		THUOCL
芬达			7410		THUOCL
丙氨酸			7407		THUOCL
肉骨头			7403		THUOCL
龙眼肉			7390		THUOCL
凉面			7354		THUOCL
安格斯			7281		THUOCL
抓饭			7279		THUOCL
竹荪			7236		THUOCL
太子奶			7208		THUOCL
糍粑			7207		THUOCL
孔雀开屏			7194		THUOCL
刀削面			7105		THUOCL
白切			7104		THUOCL
蒸饺			7081		THUOCL
利嘉			7008		THUOCL
靛蓝			6925		THUOCL
三创			6914		THUOCL
燕麦片			6875		THUOCL
石斑鱼			6871		THUOCL
紫竹林			6859		THUOCL
驴打滚			6848		THUOCL
润明			6831		THUOCL
青茶			6818		THUOCL
芸豆			6800		THUOCL
道酒			6778		THUOCL
花蛋糕			6774		THUOCL
菠萝蜜			6764		THUOCL
美食之旅			6756		THUOCL
麦饭			6718		THUOCL
夜光杯			6658		THUOCL
压缩饼干			6627		THUOCL
麻婆豆腐			6627		THUOCL
硫酸铜			6622		THUOCL
东来顺			6619		THUOCL
徽菜			6538		THUOCL
金菊			6491		THUOCL
白胡椒			6487		THUOCL
方糖			6485		THUOCL
干白			6407		THUOCL
刺五加			6393		THUOCL
增稠剂			6390		THUOCL
雪团			6375		THUOCL
比目鱼			6366		THUOCL
粉皮			6308		THUOCL
包面			6258		THUOCL
热干面			6238		THUOCL
糖粉			6214		THUOCL
茶饼			6210		THUOCL
古越龙山			6202		THUOCL
顶呱呱			6200		THUOCL
牛柳			6176		THUOCL
伊力特			6164		THUOCL
餐包			6156		THUOCL
平菇			6132		THUOCL
鱼香肉丝			6127		THUOCL
酶制剂			6116		THUOCL
芝士蛋糕			6106		THUOCL
羊杂			6105		THUOCL
果蔬汁			6104		THUOCL
沱茶			6080		THUOCL
青木瓜			6075		THUOCL
烧麦			6069		THUOCL
番石榴			6068		THUOCL
米糕			6060		THUOCL
牦牛肉			6035		THUOCL
金桔			6018		THUOCL
米皮			6004		THUOCL
甜甜圈			6001		THUOCL
甜面酱			5999		THUOCL
脱脂牛奶			5991		THUOCL
鱼罐头			5838		THUOCL
水果沙拉			5830		THUOCL
辣子鸡			5823		THUOCL
羊肉泡馍			5821		THUOCL
五香粉			5794		THUOCL
泡芙			5780		THUOCL
三道茶			5767		THUOCL
桂林米粉			5755		THUOCL
覆盆子			5741		THUOCL
薄荷叶			5738		THUOCL
黄花鱼			5718		THUOCL
菜豆腐			5668		THUOCL
蓝城			5658		THUOCL
朗姆酒			5651		THUOCL
奶汤			5648		THUOCL
金华火腿			5634		THUOCL
抗坏血酸			5600		THUOCL
丁酸			5596		THUOCL
壳聚糖			5590		THUOCL
烤乳猪			5581		THUOCL
东坡肉			5563		THUOCL
鱼露			5546		THUOCL
聚乙烯醇			5524		THUOCL
炒栗子			5519		THUOCL
糖醋排骨			5465		THUOCL
汇泉			5422		THUOCL
磷酸二氢钾			5419		THUOCL
佛跳墙			5400		THUOCL
咸亨			5380		THUOCL
沙士			5368		THUOCL
阳春面			5353		THUOCL
鲥鱼			5331		THUOCL
葡萄糖酸钙			5330		THUOCL
稻花香			5282		THUOCL
叉烧包			5272		THUOCL
香辣蟹			5265		THUOCL
鸡杂			5264		THUOCL
速溶咖啡			5246		THUOCL
老边			5240		THUOCL
西冷			5235		THUOCL
巧克力蛋糕			5229		THUOCL
消泡剂			5225		THUOCL
便宜坊			5219		THUOCL
冰沙			5177		THUOCL
野猪肉			5177		THUOCL
苹果派			5128		THUOCL
胭脂红			5119		THUOCL
龟苓膏			5113		THUOCL
猴头菇			5108		THUOCL
氯化钙			5105		THUOCL
酸辣粉			5104		THUOCL
豆腐乳			5098		THUOCL
龙虎斗			5052		THUOCL
鼠尾草			5040		THUOCL
酒石酸			5034		THUOCL
山梨酸			4922		THUOCL
牛肉片			4906		THUOCL
长豆			4900		THUOCL
莼菜			4885		THUOCL
甜蜜素			4863		THUOCL
鱿鱼丝			4847		THUOCL
慕斯			4835		THUOCL
豆腐汤			4822		THUOCL
玉兰片			4819		THUOCL
锅盔			4814		THUOCL
虾球			4811		THUOCL
百里香			4791		THUOCL
两张皮			4787		THUOCL
牛肉丸			4786		THUOCL
椰奶			4721		THUOCL
非常可乐			4685		THUOCL
硫酸亚铁			4664		THUOCL
香蕉船			4640		THUOCL
绿豆糕			4620		THUOCL
毛肚			4606		THUOCL
锅边			4605		THUOCL
卡赛			4584		THUOCL
三得利			4581		THUOCL
文昌鸡			4556		THUOCL
皮蛋瘦肉粥			4539		THUOCL
干丝			4535		THUOCL
金威啤酒			4514		THUOCL
金鸡独立			4492		THUOCL
黄面			4479		THUOCL
蛋黄派			4454		THUOCL
姜糖			4444		THUOCL
奶皮			4431		THUOCL
荣氏			4413		THUOCL
白肚			4399		THUOCL
绿豆粥			4399		THUOCL
花椒粉			4377		THUOCL
云雾茶			4364		THUOCL
虾饺			4346		THUOCL
米茶			4343		THUOCL
黑椒			4343		THUOCL
粉蒸肉			4323		THUOCL
碳酸钠			4319		THUOCL
豆腐花			4319		THUOCL
松糕			4309		THUOCL
拉条			4292		THUOCL
红烧鱼			4275		THUOCL
杏花楼			4272		THUOCL
转面			4249		THUOCL
莜面			4242		THUOCL
诺丽			4240		THUOCL
烤地瓜			4214		THUOCL
甜汤			4200		THUOCL
醪糟			4200		THUOCL
梭子蟹			4195		THUOCL
大盘鸡			4189		THUOCL
甜茶			4172		THUOCL
盐水鸭			4166		THUOCL
硝酸钠			4137		THUOCL
春饼			4105		THUOCL
珠江啤酒			4105		THUOCL
杏核			4092		THUOCL
汤类			4086		THUOCL
辣白菜			4067		THUOCL
酸汤鱼			4062		THUOCL
广州酒家			4048		THUOCL
黄袍加身			4031		THUOCL
黄山毛峰			4018		THUOCL
爱尔兰咖啡			4017		THUOCL
冰醋酸			4012		THUOCL
耳朵眼			4011		THUOCL
云吞面			3989		THUOCL
狗不理包子			3981		THUOCL
百鸟朝凤			3979		THUOCL
猫耳朵			3978		THUOCL
白灼			3973		THUOCL
肉罐头			3972		THUOCL
嘉吉			3939		THUOCL
糖炒栗子			3936		THUOCL
谭鱼头			3930		THUOCL
韭黄			3930		THUOCL
二龙戏珠			3905		THUOCL
南美白对虾			3902		THUOCL
煎饼果子			3896		THUOCL
麦片粥			3878		THUOCL
沙枣			3854		THUOCL
花根			3843		THUOCL
加去			3840		THUOCL
金酒			3833		THUOCL
玉米饼			3818		THUOCL
金种子			3794		THUOCL
担担面			3792		THUOCL
蒸馏酒			3746		THUOCL
宫保鸡			3741		THUOCL
茶树菇			3708		THUOCL
锦芳			3704		THUOCL
浓缩果汁			3697		THUOCL
米糖			3685		THUOCL
串串香			3679		THUOCL
刀狼			3665		THUOCL
牛肝菌			3661		THUOCL
肌醇			3661		THUOCL
丁酮			3658		THUOCL
西湖醋			3651		THUOCL
玫瑰果			3642		THUOCL
牛舌			3641		THUOCL
豆沙包			3636		THUOCL
陶然居			3626		THUOCL
西湖醋鱼			3607		THUOCL
咖喱粉			3590		THUOCL
硫酸锌			3546		THUOCL
烤羊腿			3544		THUOCL
宫保鸡丁			3523		THUOCL
马奶酒			3521		THUOCL
广东菜			3514		THUOCL
沙田柚			3510		THUOCL
黑啤酒			3499		THUOCL
苯甲酸钠			3490		THUOCL
毛桃			3489		THUOCL
湖南菜			3485		THUOCL
糖精钠			3483		THUOCL
卤蛋			3474		THUOCL
鱼火锅			3472		THUOCL
猪大肠			3470		THUOCL
热酒			3467		THUOCL
灌汤包			3466		THUOCL
长寿面			3465		THUOCL
丰泽园			3462		THUOCL
红橙			3459		THUOCL
香飘飘			3459		THUOCL
米豆腐			3447		THUOCL
聚乙二醇			3447		THUOCL
鲜橙多			3437		THUOCL
桃酥			3434		THUOCL
红烧牛肉			3430		THUOCL
复原乳			3403		THUOCL
酸辣汤			3399		THUOCL
紫苏叶			3374		THUOCL
夫妻肺片			3366		THUOCL
芋泥			3364		THUOCL
叫化鸡			3362		THUOCL
血肠			3360		THUOCL
啤酒鱼			3356		THUOCL
老婆饼			3354		THUOCL
荞面			3329		THUOCL
闽菜			3325		THUOCL
紫米			3285		THUOCL
白斩鸡			3251		THUOCL
调味酱			3250		THUOCL
夹心饼干			3242		THUOCL
圣女果			3226		THUOCL
己二酸			3220		THUOCL
话李			3208		THUOCL
蘑菇汤			3184		THUOCL
炸子鸡			3182		THUOCL
炒肉丝			3167		THUOCL
杭帮菜			3164		THUOCL
烧茄子			3163		THUOCL
秦妈			3152		THUOCL
雪里蕻			3141		THUOCL
谷氨酸钠			3125		THUOCL
剁椒鱼头			3118		THUOCL
阿斯巴甜			3118		THUOCL
乙酸乙酯			3116		THUOCL
己酸			3115		THUOCL
麻饼			3099		THUOCL
郫县豆瓣			3092		THUOCL
鹅肝酱			3085		THUOCL
美露			3083		THUOCL
蛋黄酱			3082		THUOCL
孔府家			3072		THUOCL
脱脂奶粉			3041		THUOCL
氯化镁			3028		THUOCL
擂茶			3019		THUOCL
酥肉			3018		THUOCL
葱油饼			3015		THUOCL
火宫殿			3012		THUOCL
麻辣牛肉			2997		THUOCL
葡萄糖酸锌			2992		THUOCL
中台湾			2976		THUOCL
杭州菜			2973		THUOCL
黄茶			2967		THUOCL
南瓜饼			2959		THUOCL
得月楼			2959		THUOCL
沧浪亭			2954		THUOCL
五芳斋			2952		THUOCL
辣椒红			2944		THUOCL
大白兔奶糖			2931		THUOCL
牛油果			2909		THUOCL
手抓羊肉			2908		THUOCL
椰子汁			2907		THUOCL
四川火锅			2904		THUOCL
米仁			2903		THUOCL
蚵仔煎			2902		THUOCL
黄板			2902		THUOCL
粉丝汤			2887		THUOCL
高粱米			2883		THUOCL
塔牌			2881		THUOCL
帝亚吉欧			2860		THUOCL
馓子			2858		THUOCL
甜酱			2843		THUOCL
韭菜花			2822		THUOCL
白胡椒粉			2817		THUOCL
磷酸氢钙			2801		THUOCL
鳄梨			2797		THUOCL
渠江			2796		THUOCL
硬脂酸镁			2788		THUOCL
苏菜			2787		THUOCL
面窝			2786		THUOCL
龙抄手			2779		THUOCL
白切鸡			2777		THUOCL
山外山			2763		THUOCL
九层塔			2762		THUOCL
亚硝酸钠			2747		THUOCL
毛血旺			2745		THUOCL
硅酸铝			2742		THUOCL
碳酸氢铵			2741		THUOCL
浙菜			2740		THUOCL
豆乳			2740		THUOCL
苏打饼干			2730		THUOCL
乳酸菌饮料			2709		THUOCL
贻贝			2696		THUOCL
肋排			2694		THUOCL
香蒜			2691		THUOCL
卤面			2689		THUOCL
木素			2689		THUOCL
面茶			2689		THUOCL
信阳毛尖			2687		THUOCL
日落黄			2671		THUOCL
三鼎			2649		THUOCL
灯影牛肉			2648		THUOCL
氢氧化钾			2643		THUOCL
营养强化剂			2626		THUOCL
冰粉			2624		THUOCL
红烧排骨			2609		THUOCL
鹿角胶			2606		THUOCL
白兰地酒			2602		THUOCL
小黑子			2599		THUOCL
鸭肝			2594		THUOCL
旭日升			2591		THUOCL
饵块			2589		THUOCL
强果			2588		THUOCL
花雕酒			2588		THUOCL
炸豆腐			2587		THUOCL
仿膳			2585		THUOCL
海带丝			2582		THUOCL
溴酸钾			2579		THUOCL
燕窝粥			2573		THUOCL
丁苯橡胶			2569		THUOCL
大面包			2566		THUOCL
马提尼			2561		THUOCL
云腿			2557		THUOCL
葡萄籽提取物			2545		THUOCL
虾池			2537		THUOCL
低聚果糖			2536		THUOCL
杏仁饼			2535		THUOCL
优酸乳			2534		THUOCL
老豆腐			2532		THUOCL
萝卜丝饼			2531		THUOCL
竹筒饭			2529		THUOCL
味源			2520		THUOCL
油糕			2508		THUOCL
铜锣烧			2504		THUOCL
花开富贵			2491		THUOCL
粉汤			2489		THUOCL
臊子面			2487		THUOCL
蒸面			2479		THUOCL
班他			2467		THUOCL
红豆汤			2457		THUOCL
豌豆黄			2446		THUOCL
鸭血粉丝			2446		THUOCL
安答			2435		THUOCL
达仁堂			2435		THUOCL
打糕			2422		THUOCL
小馄饨			2419		THUOCL
三不沾			2418		THUOCL
威林			2415		THUOCL
鸡粥			2415		THUOCL
仙灵脾			2381		THUOCL
甜果			2377		THUOCL
酸豆			2370		THUOCL
一品香			2362		THUOCL
黄则			2361		THUOCL
今生缘			2351		THUOCL
菜根香			2348		THUOCL
罗宋汤			2342		THUOCL
君山银针			2336		THUOCL
烧豆腐			2330		THUOCL
二苯醚			2329		THUOCL
扯面			2327		THUOCL
梅花糕			2315		THUOCL
几丁质			2312		THUOCL
凉虾			2306		THUOCL
鸭腿			2303		THUOCL
香辣虾			2301		THUOCL
杏仁露			2300		THUOCL
白灵菇			2299		THUOCL
吞拿鱼			2297		THUOCL
王老吉凉茶			2295		THUOCL
金星啤酒			2295		THUOCL
烩菜			2293		THUOCL
阳光地带			2285		THUOCL
功德林			2282		THUOCL
沸腾鱼			2277		THUOCL
贾三			2276		THUOCL
菜合			2275		THUOCL
饺子宴			2272		THUOCL
知味观			2268		THUOCL
小笼包子			2258		THUOCL
萝卜糕			2258		THUOCL
列巴			2255		THUOCL
酸橙			2237		THUOCL
玉米黄			2236		THUOCL
椰枣			2231		THUOCL
焦圈			2227		THUOCL
亚硫酸钠			2226		THUOCL
百香果			2218		THUOCL
麻辣牛肉干			2210		THUOCL
水果蛋糕			2208		THUOCL
牛肉饼			2195		THUOCL
银耳汤			2193		THUOCL
烤鱼片			2192		THUOCL
莲香楼			2184		THUOCL
硅酸钙			2172		THUOCL
拌黄瓜			2171		THUOCL
华珍			2170		THUOCL
南瓜汤			2167		THUOCL
鲜荔枝			2166		THUOCL
奶渣			2158		THUOCL
麦乳精			2151		THUOCL
麦金利			2147		THUOCL
汽锅鸡			2141		THUOCL
迎宾楼			2138		THUOCL
烧白			2132		THUOCL
牛宝			2132		THUOCL
糯米糍			2132		THUOCL
黄河鲤鱼			2131		THUOCL
丁基橡胶			2114		THUOCL
酿豆腐			2106		THUOCL
凝固剂			2098		THUOCL
都一处			2097		THUOCL
鱼头火锅			2096		THUOCL
法香			2092		THUOCL
白刀子			2087		THUOCL
川断			2081		THUOCL
海藻酸钠			2066		THUOCL
贡菜			2055		THUOCL
乳扇			2053		THUOCL
硫酸钙			2041		THUOCL
海鲜汤			2039		THUOCL
棕榈酸			2037		THUOCL
德国啤酒			2028		THUOCL
鱼汁			2026		THUOCL
椰蓉			2022		THUOCL
凤尾鱼			2012		THUOCL
酿皮			2006		THUOCL
君乐			2002		THUOCL
天门冬氨酸			2001		THUOCL
糯米团			1971		THUOCL
熙园			1969		THUOCL
大卫杜夫			1949		THUOCL
蒸糕			1941		THUOCL
广式月饼			1935		THUOCL
扒肉			1930		THUOCL
草莓酱			1930		THUOCL
庐山云雾			1926		THUOCL
双立人			1922		THUOCL
木瓜牛奶			1916		THUOCL
蚂蚁上树			1901		THUOCL
智德			1896		THUOCL
五凤楼			1892		THUOCL
红烧狮子头			1874		THUOCL
法餐			1864		THUOCL
卡拉胶			1855		THUOCL
乳铁蛋白			1854		THUOCL
库尔勒香梨			1850		THUOCL
虾饼			1838		THUOCL
山东菜			1835		THUOCL
氢氧化钙			1827		THUOCL
龙须面			1823		THUOCL
面包糠			1822		THUOCL
炒米粉			1817		THUOCL
醉蟹			1817		THUOCL
狗肉火锅			1816		THUOCL
肉火烧			1816		THUOCL
苯甲醛			1815		THUOCL
姬松茸			1814		THUOCL
卡布基诺			1811		THUOCL
曲园			1810		THUOCL
卤牛肉			1808		THUOCL
嘉骏			1806		THUOCL
重阳糕			1804		THUOCL
鸡枞			1800		THUOCL
龙井虾仁			1800		THUOCL
牛百叶			1798		THUOCL
松鹤楼			1796		THUOCL
砂锅鱼			1792		THUOCL
棒棒鸡			1787		THUOCL
凤凰展翅			1786		THUOCL
麻辣小龙虾			1767		THUOCL
三聚磷酸钠			1766		THUOCL
速溶茶			1765		THUOCL
炖羊肉			1764		THUOCL
牛奶咖啡			1759		THUOCL
乳酪蛋糕			1750		THUOCL
农夫果园			1749		THUOCL
糖蒜			1748		THUOCL
钟水饺			1740		THUOCL
营养快线			1739		THUOCL
科飞			1734		THUOCL
婚礼蛋糕			1732		THUOCL
烧羊肉			1731		THUOCL
红毛丹			1729		THUOCL
苦艾酒			1719		THUOCL
德州扒鸡			1716		THUOCL
烟酰胺			1704		THUOCL
葫芦头			1701		THUOCL
弥猴桃			1700		THUOCL
径山茶			1699		THUOCL
山梨酸钾			1695		THUOCL
决明子茶			1692		THUOCL
糖桂花			1690		THUOCL
糖饼			1686		THUOCL
羊肉火锅			1681		THUOCL
水煮牛肉			1678		THUOCL
鱼包			1677		THUOCL
水煮肉片			1676		THUOCL
朝鲜冷面			1674		THUOCL
羊杂碎			1674		THUOCL
大麻花			1673		THUOCL
双威			1672		THUOCL
荷叶粥			1672		THUOCL
甜菊糖			1665		THUOCL
富马酸			1647		THUOCL
土豆饼			1644		THUOCL
老火靓汤			1641		THUOCL
刺玫瑰			1637		THUOCL
红碎茶			1636		THUOCL
贵妃鸡			1631		THUOCL
白蘑			1628		THUOCL
姜油			1627		THUOCL
粉果			1621		THUOCL
鱼松			1621		THUOCL
焦糖色			1616		THUOCL
文旦			1614		THUOCL
冷锅鱼			1610		THUOCL
热奶茶			1607		THUOCL
老火汤			1607		THUOCL
网清茶			1601		THUOCL
油葵			1600		THUOCL
活性钙			1600		THUOCL
巧果			1599		THUOCL
螺蛳粉			1599		THUOCL
红菇			1592		THUOCL
驴肉火烧			1586		THUOCL
山楂糕			1584		THUOCL
蒜子			1584		THUOCL
平遥牛肉			1582		THUOCL
花生汤			1582		THUOCL
液体石蜡			1580		THUOCL
鸡蛋糕			1580		THUOCL
姜黄素			1576		THUOCL
意大利美食			1565		THUOCL
六堡茶			1564		THUOCL
醉鸡			1559		THUOCL
枸杞茶			1556		THUOCL
腊汁肉			1556		THUOCL
宣威火腿			1555		THUOCL
健康乐			1550		THUOCL
陶陶居			1546		THUOCL
杂粮面			1541		THUOCL
草莓奶油蛋糕			1540		THUOCL
鸿宾楼			1538		THUOCL
老鸭煲			1536		THUOCL
龙须菜			1532		THUOCL
水煎包			1519		THUOCL
狗肉汤			1508		THUOCL
银鳕鱼			1502		THUOCL
碳酸镁			1500		THUOCL
灵芝茶			1487		THUOCL
毋米粥			1486		THUOCL
鱼香茄子			1486		THUOCL
四喜丸子			1478		THUOCL
花生糖			1474		THUOCL
大豆磷脂			1469		THUOCL
脑磷脂			1468		THUOCL
鱼香味			1467		THUOCL
糯米粥			1460		THUOCL
轻质碳酸钙			1460		THUOCL
水发海参			1458		THUOCL
羊羔肉			1457		THUOCL
过氧化苯甲酰			1453		THUOCL
酸莓			1450		THUOCL
牛里脊			1446		THUOCL
肥肠粉			1443		THUOCL
麻辣豆腐			1442		THUOCL
三花酒			1437		THUOCL
小米饭			1433		THUOCL
越桔			1431		THUOCL
森参			1430		THUOCL
木瓜蛋白酶			1429		THUOCL
夏威夷果			1425		THUOCL
鸡仔饼			1420		THUOCL
鲜奶蛋糕			1415		THUOCL
奶干			1413		THUOCL
蛇羹			1404		THUOCL
紫甘蓝			1402		THUOCL
啤酒鸭			1401		THUOCL
汤元			1400		THUOCL
巧克力奶			1398		THUOCL
羊肉粉			1396		THUOCL
冰糖燕窝			1393		THUOCL
老边饺子			1393		THUOCL
麻油鸡			1392		THUOCL
红薯干			1382		THUOCL
梅菜扣肉			1381		THUOCL
番茄鸡蛋			1377		THUOCL
淡奶油			1372		THUOCL
晒青毛茶			1368		THUOCL
博普			1366		THUOCL
焖大虾			1364		THUOCL
兰州牛肉面			1363		THUOCL
香辣鸡			1359		THUOCL
三杯鸡			1355		THUOCL
拉条子			1350		THUOCL
酸鱼			1350		THUOCL
肴肉			1348		THUOCL
本地鸡			1345		THUOCL
糖醋里脊			1345		THUOCL
蘑菇罐头			1341		THUOCL
咖喱牛肉			1339		THUOCL
桃花面			1339		THUOCL
辣椒干			1339		THUOCL
己酸乙酯			1338		THUOCL
凉糕			1335		THUOCL
家常豆腐			1327		THUOCL
燃面			1327		THUOCL
荔枝肉			1324		THUOCL
新奥尔良烤翅			1323		THUOCL
核桃酥			1323		THUOCL
香糕			1319		THUOCL
艇仔粥			1317		THUOCL
慕尼黑啤酒			1314		THUOCL
昌化鸡血石			1314		THUOCL
煎堆			1313		THUOCL
红烧牛肉面			1310		THUOCL
金包银			1310		THUOCL
地三鲜			1307		THUOCL
冰淇淋蛋糕			1305		THUOCL
滑肉			1305		THUOCL
倒巴			1301		THUOCL
小葱拌豆腐			1296		THUOCL
拍黄瓜			1295		THUOCL
泮溪			1295		THUOCL
涪陵榨菜			1291		THUOCL
老四川			1290		THUOCL
酱板鸭			1290		THUOCL
油炸臭豆腐			1289		THUOCL
碳酸钾			1287		THUOCL
水晶粉			1280		THUOCL
马蹄糕			1277		THUOCL
黑森林蛋糕			1273		THUOCL
独品			1272		THUOCL
膨松剂			1272		THUOCL
荷叶饼			1272		THUOCL
临安山核桃			1269		THUOCL
炒土豆丝			1269		THUOCL
青椒肉丝			1263		THUOCL
沾化冬枣			1262		THUOCL
李杏			1260		THUOCL
香酥鸡			1255		THUOCL
麻辣香锅			1252		THUOCL
可浓			1249		THUOCL
桃金娘			1248		THUOCL
菠萝包			1248		THUOCL
口水鸡			1243		THUOCL
荔浦芋			1242		THUOCL
东坡肘子			1241		THUOCL
灰树			1241		THUOCL
烧汁			1237		THUOCL
蓼花			1237		THUOCL
西多士			1234		THUOCL
杨梅罐头			1232		THUOCL
葡萄糖酸亚铁			1230		THUOCL
十全大补汤			1226		THUOCL
养生汤			1222		THUOCL
北台湾			1218		THUOCL
吐鲁番葡萄			1216		THUOCL
罐茶			1216		THUOCL
起司蛋糕			1216		THUOCL
果丹皮			1215		THUOCL
考维			1212		THUOCL
甜叶菊			1211		THUOCL
萨拉米			1210		THUOCL
乐蟹			1209		THUOCL
老黄瓜			1204		THUOCL
五香牛肉			1203		THUOCL
乳饼			1201		THUOCL
沙河粉			1201		THUOCL
洛阳水席			1198		THUOCL
油焖大虾			1196		THUOCL
虫胶			1195		THUOCL
小绍兴			1185		THUOCL
天福号			1183		THUOCL
巴旦杏			1183		THUOCL
蛋白混合饮料			1183		THUOCL
七子饼茶			1181		THUOCL
小豆芽			1181		THUOCL
洞庭碧螺春			1181		THUOCL
冰皮月饼			1174		THUOCL
思朗			1174		THUOCL
炸猪排			1174		THUOCL
老卤			1173		THUOCL
台茶			1169		THUOCL
烤包子			1169		THUOCL
松肉			1168		THUOCL
饵丝			1165		THUOCL
黄原胶			1162		THUOCL
切糕			1161		THUOCL
辣子鸡丁			1161		THUOCL
苔菜			1158		THUOCL
山楂果			1157		THUOCL
西餐厨师			1152		THUOCL
亚硒酸钠			1150		THUOCL
西红柿炒蛋			1147		THUOCL
松鹤延年			1144		THUOCL
合梅			1143		THUOCL
光饼			1142		THUOCL
酱鸡			1141		THUOCL
李连贵			1136		THUOCL
低筋面粉			1134		THUOCL
酱肉丝			1131		THUOCL
香兰素			1128		THUOCL
红烧猪蹄			1127		THUOCL
陈麻婆			1126		THUOCL
奥德曼			1124		THUOCL
拿铁咖啡			1124		THUOCL
生煎包			1118		THUOCL
车仔面			1118		THUOCL
绿橙			1116		THUOCL
杏仁豆腐			1114		THUOCL
炒白菜			1114		THUOCL
糊辣汤			1114		THUOCL
拉肠			1113		THUOCL
庐山云雾茶			1110		THUOCL
杭州龙井			1110		THUOCL
车厘子			1110		THUOCL
干啤			1109		THUOCL
羊杂汤			1106		THUOCL
巧克力派			1104		THUOCL
麦芽糖醇			1104		THUOCL
道口烧鸡			1101		THUOCL
宜良烤鸭			1100		THUOCL
柠檬酸钙			1097		THUOCL
糯米鸡			1095		THUOCL
香草蛋糕			1094		THUOCL
艾窝窝			1089		THUOCL
火井			1085		THUOCL
牛羊肉泡馍			1085		THUOCL
蛋散			1083		THUOCL
苯甲醇			1081		THUOCL
砂锅鱼头			1080		THUOCL
咖啡糖			1077		THUOCL
微晶纤维素			1076		THUOCL
白兰瓜			1076		THUOCL
喜立			1073		THUOCL
屯绿			1073		THUOCL
果冻布丁			1072		THUOCL
视黄醇			1070		THUOCL
拉萨啤酒			1066		THUOCL
裹蒸粽			1066		THUOCL
赖汤圆			1061		THUOCL
灌汤包子			1060		THUOCL
蒸箱			1060		THUOCL
香酥鸭			1060		THUOCL
南北杏			1059		THUOCL
云片糕			1056		THUOCL
黑米粥			1054		THUOCL
乙酸钠			1052		THUOCL
丝娃娃			1048		THUOCL
牛水			1045		THUOCL
清风送爽			1044		THUOCL
土笋冻			1041		THUOCL
红魔鬼			1041		THUOCL
荷兰水			1041		THUOCL
兰花茶			1040		THUOCL
煮干丝			1038		THUOCL
西施舌			1037		THUOCL
焖笋			1033		THUOCL
猴头蘑			1032		THUOCL
京酱肉丝			1030		THUOCL
姜母鸭			1030		THUOCL
安赛蜜			1027		THUOCL
绿豆饼			1027		THUOCL
铁板鱿鱼			1026		THUOCL
肉燕			1024		THUOCL
桔饼			1021		THUOCL
万三蹄			1015		THUOCL
奶油芝士			1014		THUOCL
馨华			1013		THUOCL
千层糕			1011		THUOCL
天津包子			1011		THUOCL
肠旺面			1011		THUOCL
泮溪酒家			1010		THUOCL
太阳饼			1008		THUOCL
神秘果			1008		THUOCL
龙凤配			1007		THUOCL
红曲米			1002		THUOCL
喜品			1001		THUOCL
四川泡菜			1001		THUOCL
泉水鸡			1001		THUOCL
燕皮			1001		THUOCL
益力多			997		THUOCL
腰片			994		THUOCL
杨梅干			991		THUOCL
黄桃罐头			987		THUOCL
乳酸钠			985		THUOCL
锅包肉			985		THUOCL
曲奇饼干			982		THUOCL
炒豆腐			982		THUOCL
蟹黄汤包			982		THUOCL
花江狗肉			978		THUOCL
风干牛肉			975		THUOCL
柠檬油			972		THUOCL
可乐鸡翅			970		THUOCL
薏米仁			970		THUOCL
虾籽			969		THUOCL
鸡纵			969		THUOCL
联苯醚			968		THUOCL
正阳楼			967		THUOCL
康师傅冰红茶			965		THUOCL
春蕊			963		THUOCL
藻蓝			962		THUOCL
奶酪蛋糕			961		THUOCL
沙茶面			956		THUOCL
直港大道			956		THUOCL
鱼饺			956		THUOCL
芙蓉糕			953		THUOCL
黑瓜子			952		THUOCL
西安饭庄			951		THUOCL
赛百味			947		THUOCL
生煎馒头			945		THUOCL
肚片			944		THUOCL
甜酒酿			941		THUOCL
油泼辣子			940		THUOCL
油面筋			940		THUOCL
挂炉烤鸭			933		THUOCL
法棍			931		THUOCL
砍三刀			931		THUOCL
苋菜红			930		THUOCL
番荔枝			929		THUOCL
瓜酒			925		THUOCL
酸奶子			924		THUOCL
豪坊			923		THUOCL
红烧鲤鱼			921		THUOCL
卷粉			920		THUOCL
蟹壳黄			917		THUOCL
耳朵眼炸糕			915		THUOCL
美国菜			914		THUOCL
金澳			913		THUOCL
籽瓜			909		THUOCL
红豆粥			906		THUOCL
起士林			905		THUOCL
八宝鸭			904		THUOCL
葡式蛋挞			902		THUOCL
酒心巧克力			901		THUOCL
虾面			896		THUOCL
酸辣土豆丝			896		THUOCL
月桂叶			895		THUOCL
兴隆咖啡			893		THUOCL
松鼠桂鱼			892		THUOCL
焦亚硫酸钠			891		THUOCL
伊府面			890		THUOCL
番茄蛋汤			885		THUOCL
烤馕			882		THUOCL
乌江鱼			881		THUOCL
仿膳饭庄			881		THUOCL
玫瑰糖			880		THUOCL
桂发祥			879		THUOCL
猪膘肉			879		THUOCL
嫩肉粉			876		THUOCL
科劳			874		THUOCL
杨裕兴			871		THUOCL
荷月			868		THUOCL
哥伦比亚咖啡			867		THUOCL
海绵蛋糕			864		THUOCL
串烤肉			861		THUOCL
柠檬酸钠			861		THUOCL
榴莲酥			859		THUOCL
手撕牛肉			858		THUOCL
油炸糕			858		THUOCL
萨其马			858		THUOCL
川北凉粉			856		THUOCL
鱿鱼卷			856		THUOCL
抱罗粉			854		THUOCL
十八街麻花			853		THUOCL
色果子			851		THUOCL
牛板筋			850		THUOCL
钵钵鸡			850		THUOCL
果粒茶			848		THUOCL
奶皮子			844		THUOCL
冬瓜条			843		THUOCL
社饭			843		THUOCL
大救驾			839		THUOCL
樟茶鸭			838		THUOCL
水果派			835		THUOCL
韭花			835		THUOCL
烟熏排骨			832		THUOCL
羧甲基纤维素钠			829		THUOCL
豌豆粉			829		THUOCL
金糕			828		THUOCL
慕斯蛋糕			826		THUOCL
鑫鼎			826		THUOCL
山梨糖醇			825		THUOCL
乳酸亚铁			822		THUOCL
搅团			820		THUOCL
阿拉伯胶			819		THUOCL
油梨			818		THUOCL
六偏磷酸钠			817		THUOCL
制川乌			817		THUOCL
鲤鱼汤			816		THUOCL
炸丸子			815		THUOCL
陈麻婆豆腐			814		THUOCL
都匀毛尖			812		THUOCL
礼饼			807		THUOCL
酒酿圆子			807		THUOCL
蟹粉小笼			805		THUOCL
银丝面			805		THUOCL
盐蛋			802		THUOCL
鲜鱼肉			802		THUOCL
生菜包			797		THUOCL
忌廉汤			794		THUOCL
灰豆			793		THUOCL
酸白菜			792		THUOCL
炸排骨			791		THUOCL
克瓦斯			789		THUOCL
氯化胆碱			789		THUOCL
炸两			789		THUOCL
烤茶			789		THUOCL
东江菜			787		THUOCL
卡滋			784		THUOCL
江苏菜			784		THUOCL
磷酸三钠			784		THUOCL
五香花生			782		THUOCL
卤鸡蛋			779		THUOCL
水杨酸甲酯			779		THUOCL
麻薯			779		THUOCL
蛋白糖			778		THUOCL
乌毡帽			776		THUOCL
油爆虾			776		THUOCL
磷脂酶			775		THUOCL
麦芽酚			775		THUOCL
锅巴菜			774		THUOCL
蒜泥白肉			773		THUOCL
聚丁烯			772		THUOCL
萝卜泡菜			771		THUOCL
及第粥			770		THUOCL
春蚕吐丝			770		THUOCL
味好美			765		THUOCL
调味油			765		THUOCL
喜鹊登梅			764		THUOCL
老正兴			762		THUOCL
清蒸鲈鱼			761		THUOCL
炒疙瘩			760		THUOCL
曼顿			757		THUOCL
硫酸锰			757		THUOCL
三鲜汤			754		THUOCL
过油肉			754		THUOCL
麻球			754		THUOCL
肉类罐头			753		THUOCL
糖醋鲤鱼			750		THUOCL
酪蛋白磷酸肽			750		THUOCL
凤梨罐头			747		THUOCL
素火腿			745		THUOCL
韩包子			744		THUOCL
脆皮鸡			742		THUOCL
韭菜盒			741		THUOCL
三氯蔗糖			738		THUOCL
桉叶油			738		THUOCL
蒙顶茶			738		THUOCL
紫胶			737		THUOCL
赤鳞鱼			737		THUOCL
伯爵茶			736		THUOCL
嘉兴粽子			736		THUOCL
柏龙			730		THUOCL
麻糍			730		THUOCL
毛肚火锅			729		THUOCL
焗饭			728		THUOCL
仁用杏			724		THUOCL
肉棕			723		THUOCL
玉米汤			722		THUOCL
三鲜面			721		THUOCL
小扁豆			721		THUOCL
苯乙酸			720		THUOCL
葱烧海参			716		THUOCL
八珍糕			715		THUOCL
马苏里拉			714		THUOCL
砀山梨			712		THUOCL
老友粉			712		THUOCL
西湖莼菜			712		THUOCL
咖哩鸡			711		THUOCL
乳酒			710		THUOCL
蝴蝶面			710		THUOCL
焦糖布丁			708		THUOCL
香蜂草			706		THUOCL
糖醋小排			704		THUOCL
绿苹果			704		THUOCL
聚春园			704		THUOCL
锥栗			703		THUOCL
绿波廊			699		THUOCL
风封			699		THUOCL
珍露			698		THUOCL
护色剂			697		THUOCL
焖子			697		THUOCL
耗子洞			696		THUOCL
手撕鸡			693		THUOCL
芳樟醇			690		THUOCL
雕梅			690		THUOCL
龙翅			690		THUOCL
狮峰龙井			689		THUOCL
福建乌龙			688		THUOCL
雪菜肉丝			688		THUOCL
同和居			687		THUOCL
麻食			687		THUOCL
油酥饼			686		THUOCL
瓜萎			683		THUOCL
氧化铁红			682		THUOCL
乌鱼蛋			681		THUOCL
蚵仔面线			679		THUOCL
开水白菜			678		THUOCL
炸春卷			678		THUOCL
酸牛乳			677		THUOCL
黄桥烧饼			674		THUOCL
伊牛			672		THUOCL
馄饨侯			672		THUOCL
面线糊			671		THUOCL
烘糕			670		THUOCL
月桂酸			669		THUOCL
菠萝罐头			669		THUOCL
熟菜油			668		THUOCL
烧肉粽			666		THUOCL
宋嫂鱼羹			665		THUOCL
玉楼东			662		THUOCL
鲍鱼菇			662		THUOCL
干巴菌			660		THUOCL
班戟			660		THUOCL
方便米粉			659		THUOCL
杏肉			656		THUOCL
咕噜肉			654		THUOCL
南京盐水鸭			653		THUOCL
沙翁			653		THUOCL
马肉米粉			653		THUOCL
戚风蛋糕			652		THUOCL
小圆面包			651		THUOCL
海棠糕			651		THUOCL
白肉血肠			650		THUOCL
紫背天葵			650		THUOCL
三丁包			648		THUOCL
腌腊肉			648		THUOCL
坛子肉			646		THUOCL
洋葱汤			645		THUOCL
荷叶粉蒸肉			643		THUOCL
老友面			641		THUOCL
桂醛			637		THUOCL
番茄炒鸡蛋			636		THUOCL
九转大肠			635		THUOCL
松江鲈鱼			635		THUOCL
枸杞粥			635		THUOCL
香辣鸡翅			635		THUOCL
麦香鱼			634		THUOCL
油炸鬼			631		THUOCL
花生酥			631		THUOCL
护国寺小吃			627		THUOCL
夹心蛋糕			626		THUOCL
海棠果			626		THUOCL
叉烧酥			621		THUOCL
干煸四季豆			619		THUOCL
珍珠丸子			618		THUOCL
血糕			618		THUOCL
浆水面			617		THUOCL
烧鹅仔			617		THUOCL
紫菜蛋花汤			617		THUOCL
卤豆腐			616		THUOCL
磷酸镁			616		THUOCL
薄皮包			615		THUOCL
盐酥鸡			614		THUOCL
松露巧克力			613		THUOCL
叶儿粑			612		THUOCL
白吉馍			612		THUOCL
聚福楼			612		THUOCL
炸土豆片			611		THUOCL
蚁酒			611		THUOCL
南泌			610		THUOCL
排骨年糕			609		THUOCL
粉鱼			608		THUOCL
酸辣鱼			608		THUOCL
湛江鸡			602		THUOCL
芝麻糕			602		THUOCL
千层酥			601		THUOCL
厚德福			600		THUOCL
鱼皮花生			599		THUOCL
南京板鸭			597		THUOCL
牛肉羹			597		THUOCL
鸭血汤			597		THUOCL
栗子肉			591		THUOCL
米粉肉			591		THUOCL
和其正			587		THUOCL
捆蹄			587		THUOCL
栗子蛋糕			587		THUOCL
蛋黄酥			585		THUOCL
蜜麻花			585		THUOCL
鱼头豆腐汤			584		THUOCL
奎元馆			583		THUOCL
人心果			582		THUOCL
亚硫酸氢钠			579		THUOCL
红薯粉丝			579		THUOCL
柳泉居			578		THUOCL
炭烧咖啡			577		THUOCL
五芳斋粽子			576		THUOCL
水晶饼			576		THUOCL
第一春			576		THUOCL
清炒虾仁			575		THUOCL
萨其玛			574		THUOCL
小熊饼干			573		THUOCL
乙基麦芽酚			572		THUOCL
德发长			572		THUOCL
烤兔肉			572		THUOCL
猪肠粉			571		THUOCL
血糯米			570		THUOCL
锅饼			569		THUOCL
桶子鸡			567		THUOCL
台蘑			565		THUOCL
星冰乐			565		THUOCL
羊肉烩面			565		THUOCL
面片汤			563		THUOCL
金华酥饼			561		THUOCL
鸡蛋仔			560		THUOCL
红龟			559		THUOCL
中国劲酒			558		THUOCL
荷叶饭			558		THUOCL
云腿月饼			555		THUOCL
大煮干丝			553		THUOCL
菜煎饼			552		THUOCL
马拉糕			552		THUOCL
老八大			549		THUOCL
土豆炖牛肉			547		THUOCL
孝感麻糖			547		THUOCL
豆面糕			547		THUOCL
炒饵块			546		THUOCL
奶油泡芙			544		THUOCL
樱桃肉			544		THUOCL
三鲜豆皮			543		THUOCL
岐山臊子面			543		THUOCL
李连贵熏肉大饼			542		THUOCL
炒萝卜			542		THUOCL
西印度樱桃			542		THUOCL
丝袜奶茶			541		THUOCL
叶醇			541		THUOCL
板豆腐			541		THUOCL
小笼馒头			539		THUOCL
糖火烧			539		THUOCL
龙须糖			539		THUOCL
植物饮料			538		THUOCL
汤羊			538		THUOCL
安徽菜			537		THUOCL
甩饼			537		THUOCL
铁板牛肉			537		THUOCL
好清香			536		THUOCL
挤花			536		THUOCL
白灼虾			536		THUOCL
醋溜白菜			535		THUOCL
上海老饭店			534		THUOCL
烧肘子			534		THUOCL
玄明粉			534		THUOCL
绿柳居			534		THUOCL
酥锅			534		THUOCL
清蒸武昌鱼			533		THUOCL
东北酒			532		THUOCL
毛叔			531		THUOCL
油旋			527		THUOCL
炖狗			526		THUOCL
金杏			526		THUOCL
蒸水蛋			525		THUOCL
罗勒叶			521		THUOCL
芥末粉			520		THUOCL
秀珍菇			519		THUOCL
玫瑰露酒			518		THUOCL
维也纳咖啡			518		THUOCL
煎鹅肝			517		THUOCL
素菜包			515		THUOCL
冰糖莲子			514		THUOCL
水晶肘子			514		THUOCL
西芹百合			513		THUOCL
江米条			511		THUOCL
扒糕			510		THUOCL
皇家咖啡			510		THUOCL
糯米粑粑			510		THUOCL
农家茶			509		THUOCL
鲜肉包			509		THUOCL
干烧鱼			508		THUOCL
粉蒸排骨			508		THUOCL
干炒牛河			506		THUOCL
红薯粥			505		THUOCL
烤大虾			504		THUOCL
蒙古烤肉			504		THUOCL
青岛纯生			504		THUOCL
三不粘			503		THUOCL
聚异丁烯			503		THUOCL
山楂水			502		THUOCL
片儿川			502		THUOCL
酱黄瓜			501		THUOCL
大朴			499		THUOCL
白肠			499		THUOCL
五加皮酒			498		THUOCL
富马酸亚铁			498		THUOCL
肉桂醛			497		THUOCL
蓝莓蛋糕			497		THUOCL
肉松面包			496		THUOCL
拔丝苹果			495		THUOCL
五香豆腐干			494		THUOCL
黑樱桃			494		THUOCL
乔家栅			492		THUOCL
蔬菜饼干			492		THUOCL
鱼鲞			492		THUOCL
黄糕			492		THUOCL
云针			491		THUOCL
方糕			489		THUOCL
骨牛排			489		THUOCL
爆腰花			488		THUOCL
羊肉粥			488		THUOCL
中华猕猴桃			487		THUOCL
肇庆裹蒸			486		THUOCL
花生糕			486		THUOCL
新奥尔良烤鸡腿堡			484		THUOCL
芡实糕			484		THUOCL
黑椒牛柳			484		THUOCL
盛记			483		THUOCL
拌海蜇			482		THUOCL
五花茶			480		THUOCL
竹节虾			480		THUOCL
冰激凌蛋糕			479		THUOCL
白糖糕			479		THUOCL
香酥饼			479		THUOCL
抗结剂			476		THUOCL
臭鳜鱼			476		THUOCL
口味蛇			475		THUOCL
天下第一鲜			473		THUOCL
松仁玉米			472		THUOCL
海蛎煎			472		THUOCL
芋头糕			472		THUOCL
麦香鸡			471		THUOCL
炸鸡排			470		THUOCL
麝香草酚			470		THUOCL
打油茶			468		THUOCL
耗儿鱼			468		THUOCL
泽合			467		THUOCL
红醋栗			467		THUOCL
南翔小笼包			466		THUOCL
巴西棕榈蜡			466		THUOCL
羊角面包			465		THUOCL
车轮饼			465		THUOCL
清平鸡			464		THUOCL
比利时巧克力			462		THUOCL
粉利			462		THUOCL
抗浪鱼			461		THUOCL
丁香酚			459		THUOCL
椒麻鸡			459		THUOCL
煮饼			459		THUOCL
秦椒			457		THUOCL
连雾			456		THUOCL
黄金角			453		THUOCL
烤豆腐			452		THUOCL
肉片汤			452		THUOCL
豆芽汤			452		THUOCL
酱羊肉			452		THUOCL
海带结			451		THUOCL
炒凉粉			451		THUOCL
生物碳酸钙			450		THUOCL
皮蛋糕			450		THUOCL
三大炮			449		THUOCL
松鼠鳜鱼			447		THUOCL
纸包鸡			447		THUOCL
美禄			447		THUOCL
红花黄			446		THUOCL
腊味合蒸			446		THUOCL
恋爱豆腐			445		THUOCL
英国菜			445		THUOCL
山东煎饼			443		THUOCL
杏汁			443		THUOCL
庆丰包子铺			442		THUOCL
芙蓉蛋			441		THUOCL
增味剂			440		THUOCL
老北京鸡肉卷			437		THUOCL
胶东菜			434		THUOCL
豆花面			434		THUOCL
黄泥螺			433		THUOCL
槐茂酱菜			432		THUOCL
宴春			431		THUOCL
鲜肉月饼			430		THUOCL
凉拌豆腐			429		THUOCL
九龙斋			428		THUOCL
咸蛋蒸肉饼			428		THUOCL
太仓肉松			428		THUOCL
圣嘉			426		THUOCL
熏肠			425		THUOCL
蜜汁叉烧			424		THUOCL
酿皮子			424		THUOCL
葱饼			423		THUOCL
岐山面			422		THUOCL
浆面条			422		THUOCL
炸响铃			421		THUOCL
冒菜			420		THUOCL
梨脯			420		THUOCL
广式点心			419		THUOCL
蚝油牛肉			419		THUOCL
万和春			417		THUOCL
栗子糕			417		THUOCL
生姜羊肉汤			417		THUOCL
辣子面			417		THUOCL
冷啖杯			416		THUOCL
恋爱豆腐果			416		THUOCL
武汉热干面			416		THUOCL
西湖藕粉			416		THUOCL
黑松沙士			416		THUOCL
姜黄粉			414		THUOCL
巧克力慕斯			414		THUOCL
乳酸链球菌素			413		THUOCL
腊羊肉			413		THUOCL
磷酸氢二钠			412		THUOCL
花雕鸡			412		THUOCL
苯乙醇			412		THUOCL
土耳其咖啡			410		THUOCL
拨鱼			409		THUOCL
泰和乌鸡			409		THUOCL
夏威夷果仁			408		THUOCL
植酸钠			407		THUOCL
清汤鱼			407		THUOCL
芦笋罐头			407		THUOCL
凉拌海带			406		THUOCL
清汤牛肉面			405		THUOCL
贾三灌汤包			405		THUOCL
风味小炒			405		THUOCL
核桃糕			402		THUOCL
谢村黄酒			401		THUOCL
芝麻汤圆			400		THUOCL
葫芦鸡			400		THUOCL
白水羊头			398		THUOCL
劲爆鸡米花			397		THUOCL
沔阳三蒸			397		THUOCL
葱爆羊肉			397		THUOCL
八公山豆腐			396		THUOCL
卤鸭翅			395		THUOCL
泰山三美			395		THUOCL
甑糕			395		THUOCL
卤水拼盘			394		THUOCL
威化饼干			394		THUOCL
津威			394		THUOCL
果汁软糖			393		THUOCL
盲公饼			393		THUOCL
茯苓饼			393		THUOCL
薄皮包子			393		THUOCL
诱惑红			393		THUOCL
柿叶茶			392		THUOCL
怪味鸡			391		THUOCL
羧甲基淀粉钠			391		THUOCL
蛙鱼			391		THUOCL
一口酥			390		THUOCL
卷煎			390		THUOCL
咀香园			390		THUOCL
崂山啤酒			390		THUOCL
薏米粉			390		THUOCL
威臣			389		THUOCL
松露菌			389		THUOCL
玫瑰饼			389		THUOCL
泡凤爪			388		THUOCL
墨西哥鸡肉卷			387		THUOCL
幸福双			387		THUOCL
黄桂稠酒			387		THUOCL
核桃奶			386		THUOCL
福建菜			386		THUOCL
周村烧饼			385		THUOCL
椒盐虾			385		THUOCL
酸性红			385		THUOCL
胡萝卜粥			384		THUOCL
颐之时			380		THUOCL
油炸果			379		THUOCL
烘山芋			379		THUOCL
硬脂酸钙			379		THUOCL
麻芝			379		THUOCL
奶酪魏			377		THUOCL
磷酸二氢钠			377		THUOCL
千层油糕			376		THUOCL
婺绿			376		THUOCL
石子馍			376		THUOCL
母子相会			374		THUOCL
芸豆卷			374		THUOCL
薄荷糕			374		THUOCL
农夫茶			373		THUOCL
揪片			373		THUOCL
磷酸三钙			373		THUOCL
毛家红烧肉			372		THUOCL
燕喜堂			372		THUOCL
锅盖面			372		THUOCL
双乙酸钠			371		THUOCL
水晶虾饺			371		THUOCL
哈尔滨红肠			370		THUOCL
日本酱油			370		THUOCL
胡椒饼			370		THUOCL
菊花糕			370		THUOCL
红油抄手			369		THUOCL
红薯粉条			369		THUOCL
建新园			368		THUOCL
葱油鸡			366		THUOCL
合川桃片			365		THUOCL
糖不甩			365		THUOCL
风猪			364		THUOCL
黄山毛峰茶			364		THUOCL
南翔馒头			363		THUOCL
清炖蟹粉狮子头			363		THUOCL
蔗糖酯			362		THUOCL
伤心凉粉			361		THUOCL
粉饺			361		THUOCL
蚝油生菜			360		THUOCL
豌豆黄儿			360		THUOCL
清蒸鲥鱼			359		THUOCL
猪肚包鸡			358		THUOCL
雪花糕			358		THUOCL
鸡丝凉面			358		THUOCL
燕云楼			357		THUOCL
猪骨煲			357		THUOCL
农家小炒肉			356		THUOCL
定胜糕			356		THUOCL
炒丝瓜			356		THUOCL
土豆烧排骨			355		THUOCL
奶油炸糕			355		THUOCL
毛氏红烧肉			355		THUOCL
滇红茶			354		THUOCL
波波糖			353		THUOCL
西湖牛肉羹			353		THUOCL
小麦啤酒			352		THUOCL
君山银针茶			349		THUOCL
喜鹊登枝			349		THUOCL
菊花火锅			349		THUOCL
麻辣子鸡			349		THUOCL
椰子糕			348		THUOCL
白啤酒			348		THUOCL
芝麻酥			348		THUOCL
糯米丸子			346		THUOCL
豆花鱼			346		THUOCL
炒鳝糊			345		THUOCL
火爆腰花			344		THUOCL
干煸牛肉丝			343		THUOCL
盐饼			343		THUOCL
黄金堡			343		THUOCL
家常面			342		THUOCL
焦磷酸钠			342		THUOCL
豆腐圆子			342		THUOCL
酥性饼干			342		THUOCL
八宝鸡			341		THUOCL
天目笋干			341		THUOCL
苞谷酒			341		THUOCL
栗子鸡			340		THUOCL
酸辣面			339		THUOCL
卤水鹅掌			338		THUOCL
响铃儿			338		THUOCL
氨基乙酸			338		THUOCL
竹筒茶			338		THUOCL
炸馓子			337		THUOCL
烤鸡肉串			337		THUOCL
牙签肉			337		THUOCL
东安鸡			336		THUOCL
圪坨			336		THUOCL
仙人掌果			334		THUOCL
太爷鸡			334		THUOCL
硫酸铝钾			334		THUOCL
香竹饭			333		THUOCL
鲮鱼罐头			333		THUOCL
秦镇凉皮			331		THUOCL
豆腐丸子			331		THUOCL
排骨酥			330		THUOCL
香甜酒			329		THUOCL
英德红茶			328		THUOCL
豆沙月饼			328		THUOCL
酸度调节剂			328		THUOCL
镜糕			326		THUOCL
泥鳅钻豆腐			325		THUOCL
米冻			324		THUOCL
四季柚			323		THUOCL
桂花糯米藕			323		THUOCL
炒南瓜			323		THUOCL
甜醅			323		THUOCL
食品香料			322		THUOCL
柠檬酸钾			321		THUOCL
米灌肠			321		THUOCL
杠子头			320		THUOCL
萨琪玛			320		THUOCL
京八件			319		THUOCL
桑寄生茶			319		THUOCL
玉米饭			318		THUOCL
慕思蛋糕			317		THUOCL
柠檬酸铁			317		THUOCL
油馍			317		THUOCL
火腿月饼			317		THUOCL
玉米馒头			317		THUOCL
牛肉馅饼			316		THUOCL
秋禾			316		THUOCL
涮牛肚			314		THUOCL
绿杨村			314		THUOCL
虫茶			314		THUOCL
五香茶叶蛋			313		THUOCL
天下第一菜			313		THUOCL
麻酥糖			312		THUOCL
银鱼干			311		THUOCL
冻糕			310		THUOCL
桂花糖藕			310		THUOCL
蒸南瓜			310		THUOCL
东北乱炖			309		THUOCL
龙须酥			309		THUOCL
眼镜面			308		THUOCL
醋溜鱼			308		THUOCL
龙虾汤			308		THUOCL
信阳毛尖茶			307		THUOCL
太师饼			307		THUOCL
拔丝地瓜			307		THUOCL
鸡肉饼			307		THUOCL
冰片糖			306		THUOCL
乳酸乙酯			305		THUOCL
栀子黄			305		THUOCL
青粉			305		THUOCL
五柳鱼			304		THUOCL
水晶肴肉			304		THUOCL
磷酸二氢钙			304		THUOCL
红焖肉			304		THUOCL
香辣鸡腿堡			304		THUOCL
吴裕泰茶庄			303		THUOCL
烟熏三文鱼			302		THUOCL
酥油饼			302		THUOCL
健美茶			301		THUOCL
桂发祥麻花			301		THUOCL
紫光液			301		THUOCL
面粉处理剂			301		THUOCL
云猪手			300		THUOCL
炒螺蛳			300		THUOCL
白云猪手			300		THUOCL
稻香春			300		THUOCL
苹果脯			300		THUOCL
解酒方			300		THUOCL
冻米糖			299		THUOCL
清炖羊肉			299		THUOCL
粉汤饺子			299		THUOCL
阿里山高山茶			299		THUOCL
凌云白毫			298		THUOCL
比利时啤酒			298		THUOCL
海鲜拼盘			298		THUOCL
盱眙小龙虾			298		THUOCL
西班牙海鲜饭			298		THUOCL
兰花根			297		THUOCL
羊肉汤锅			297		THUOCL
豆腐面			297		THUOCL
鱼肉肠			297		THUOCL
天使蛋糕			296		THUOCL
客家酿豆腐			296		THUOCL
沙朗牛排			296		THUOCL
金枪鱼沙拉			296		THUOCL
鲫鱼豆腐汤			296		THUOCL
粽子糖			295		THUOCL
手撕包菜			294		THUOCL
拔丝山药			294		THUOCL
欧式蛋糕			294		THUOCL
蛋烘糕			294		THUOCL
锦芳小吃店			294		THUOCL
三丁包子			293		THUOCL
冰拿铁			293		THUOCL
清蒸桂鱼			293		THUOCL
白辣椒			293		THUOCL
鲤跃龙门			292		THUOCL
樊记腊汁肉			291		THUOCL
金丝蜜枣			291		THUOCL
香茅草烤鱼			290		THUOCL
烧鱼头			289		THUOCL
响油鳝糊			288		THUOCL
虎皮尖椒			288		THUOCL
三套鸭			287		THUOCL
瓜尔胶			287		THUOCL
稍美			287		THUOCL
肉桂油			287		THUOCL
金巴利			287		THUOCL
凉拌苦瓜			286		THUOCL
牦牛火锅			286		THUOCL
猪血丸子			286		THUOCL
碣滩茶			286		THUOCL
庐山石鱼			285		THUOCL
松油醇			285		THUOCL
臭桂鱼			285		THUOCL
炒西兰花			284		THUOCL
葡聚糖酶			284		THUOCL
鲜肉小笼			284		THUOCL
临潼石榴			283		THUOCL
枣泥糕			283		THUOCL
白菜豆腐汤			283		THUOCL
韭菜包			283		THUOCL
松子鱼			280		THUOCL
陈皮牛肉			280		THUOCL
豆豉鱼			279		THUOCL
鸿起顺			279		THUOCL
太谷饼			278		THUOCL
火晶柿子			278		THUOCL
炒玉米			278		THUOCL
蜂糕			278		THUOCL
吹肝			277		THUOCL
老椰			277		THUOCL
肉汤圆			277		THUOCL
盐煎肉			276		THUOCL
肉馕			276		THUOCL
卷筒粉			275		THUOCL
咖喱饺			275		THUOCL
三鲜馄饨			274		THUOCL
涌溪火青			274		THUOCL
炉鸭			274		THUOCL
焖饼			274		THUOCL
皇岭			274		THUOCL
碗仔翅			274		THUOCL
绍兴腐乳			274		THUOCL
凯撒沙拉			273		THUOCL
拆烩鲢鱼头			273		THUOCL
辣椒仔			273		THUOCL
鼎湖上素			272		THUOCL
聚葡萄糖			271		THUOCL
奶油饼干			270		THUOCL
虫草鸭			270		THUOCL
香叶醇			270		THUOCL
云南咖啡			269		THUOCL
八角茴香油			269		THUOCL
樟茶鸭子			269		THUOCL
水果塔			269		THUOCL
丙酸钙			268		THUOCL
朱鸿兴			268		THUOCL
蜜汁梨球			267		THUOCL
门钉肉饼			267		THUOCL
韭菜合子			267		THUOCL
鲜饼			267		THUOCL
粉蒸牛肉			266		THUOCL
萝卜牛腩			266		THUOCL
小绍兴鸡粥			265		THUOCL
红曲红			265		THUOCL
武夷山岩茶			264		THUOCL
司岗里			263		THUOCL
酸辣白菜			263		THUOCL
天兴居			262		THUOCL
川芎茶			262		THUOCL
酒酿饼			262		THUOCL
中华药膳			261		THUOCL
新丰小吃			261		THUOCL
花草堂			261		THUOCL
蜜番茄			261		THUOCL
东安子鸡			260		THUOCL
平水珠茶			260		THUOCL
珍珠圆子			260		THUOCL
阿拉伯咖啡			260		THUOCL
丁香粉			258		THUOCL
庐山石鸡			256		THUOCL
方便粥			256		THUOCL
清汤柳叶燕菜			255		THUOCL
西湖绸伞			255		THUOCL
牛油面			254		THUOCL
玫瑰酥			254		THUOCL
马祥兴			254		THUOCL
兔头煲			253		THUOCL
手抓面			253		THUOCL
滇绿			253		THUOCL
砂锅饭			253		THUOCL
三合泥			252		THUOCL
君之薇			252		THUOCL
栗子粥			252		THUOCL
炒豌豆			252		THUOCL
纳仁			252		THUOCL
酸辣豆花			252		THUOCL
油塔子			251		THUOCL
海带排骨汤			251		THUOCL
肉末烧饼			251		THUOCL
腊八豆腐			251		THUOCL
京式月饼			250		THUOCL
单县羊肉汤			250		THUOCL
台湾青枣			250		THUOCL
情中情			250		THUOCL
爆炒腰花			250		THUOCL
芦荟酒			250		THUOCL
荔枝罐头			250		THUOCL
栗子球			249		THUOCL
蓝色珊瑚礁			249		THUOCL
叫化童鸡			248		THUOCL
电解质饮料			248		THUOCL
糟鸭			248		THUOCL
肉夹饼			248		THUOCL
冬果梨			247		THUOCL
炒面片			247		THUOCL
糖耳朵			247		THUOCL
蛎饼			247		THUOCL
咸煎饼			246		THUOCL
白切狗			246		THUOCL
蛇餐馆			246		THUOCL
油馓子			245		THUOCL
生姜粉			244		THUOCL
银包金			244		THUOCL
黑胡椒碎			244		THUOCL
何首乌粉			243		THUOCL
雪蛋			243		THUOCL
六必居酱菜			242		THUOCL
大叶乌龙			242		THUOCL
金钱肉			242		THUOCL
无锡水蜜桃			241		THUOCL
美味牛肉			241		THUOCL
锅巴肉片			241		THUOCL
古老肉			240		THUOCL
圣堡罗			240		THUOCL
午子仙毫			239		THUOCL
油醋汁			239		THUOCL
蝴蝶酥			239		THUOCL
姜奶			238		THUOCL
思乐冰			238		THUOCL
炒时蔬			238		THUOCL
水果鸡			237		THUOCL
炸虾饼			237		THUOCL
茯苓糕			237		THUOCL
双皮刀鱼			236		THUOCL
马家烧麦			236		THUOCL
鼎边糊			236		THUOCL
六必居酱园			235		THUOCL
宫饼			235		THUOCL
锅贴饺			235		THUOCL
香蕉蛋糕			235		THUOCL
原壳鲍鱼			234		THUOCL
胡麻饼			234		THUOCL
抗坏血酸钠			233		THUOCL
沸腾可乐			233		THUOCL
礼品蛋糕			233		THUOCL
脆皮乳鸽			233		THUOCL
鱼汤面			233		THUOCL
朝天锅			232		THUOCL
水分保持剂			232		THUOCL
沙棘黄			232		THUOCL
煌佳			232		THUOCL
雪顶咖啡			232		THUOCL
鲤鱼焙面			232		THUOCL
巧克力奶茶			231		THUOCL
炒小白菜			231		THUOCL
番薯糖水			231		THUOCL
登瀛楼			231		THUOCL
水产罐头			230		THUOCL
大刀面			229		THUOCL
悠泡水			229		THUOCL
萝卜红			229		THUOCL
太平燕			228		THUOCL
清蒸甲鱼			228		THUOCL
盐局鸡			228		THUOCL
高邮咸鸭蛋			228		THUOCL
鲜鸡汤			228		THUOCL
豌豆面			227		THUOCL
一品豆腐			226		THUOCL
拔丝香蕉			226		THUOCL
霉干菜烧肉			226		THUOCL
鸡鸭血汤			226		THUOCL
烧鱿鱼			225		THUOCL
胶姆糖基础剂			225		THUOCL
锅边糊			225		THUOCL
大树菠萝			224		THUOCL
红薯饭			224		THUOCL
葛记			224		THUOCL
怪味胡豆			223		THUOCL
瑞士卷			223		THUOCL
蜜三刀			223		THUOCL
大叶芹			222		THUOCL
异抗坏血酸			222		THUOCL
过氧化钙			222		THUOCL
闪子			222		THUOCL
方豆腐			221		THUOCL
草粿			221		THUOCL
葱烤鲫鱼			221		THUOCL
软儿梨			220		THUOCL
鲜肉包子			220		THUOCL
二姐兔丁			219		THUOCL
姜汁啤酒			219		THUOCL
果仁张			219		THUOCL
肉松卷			219		THUOCL
酥油糌粑			219		THUOCL
麻圆			219		THUOCL
洛神花茶			218		THUOCL
粟米粥			218		THUOCL
红烧牛腩			218		THUOCL
西樵大饼			218		THUOCL
豆酥糖			218		THUOCL
夏威夷风光			217		THUOCL
清蒸白鱼			217		THUOCL
湖南腊肉			217		THUOCL
炸元宵			217		THUOCL
红酒醋			217		THUOCL
松仁小肚			216		THUOCL
柠檬糖			216		THUOCL
甜奶油			216		THUOCL
小酥肉			215		THUOCL
广东粽子			215		THUOCL
沙米粉			215		THUOCL
肴驴肉			215		THUOCL
菊花酥			215		THUOCL
蚕豆粉			215		THUOCL
西瓜鸡			215		THUOCL
软炸里脊			215		THUOCL
马蹄酥			215		THUOCL
古月胡			214		THUOCL
槽子糕			214		THUOCL
火边子牛肉			214		THUOCL
豆焖饭			214		THUOCL
小卷粉			213		THUOCL
烧饵块			213		THUOCL
东江盐焗鸡			212		THUOCL
冰之恋			212		THUOCL
冷粉			212		THUOCL
南翔小笼馒头			212		THUOCL
王四酒家			212		THUOCL
紫糯米			212		THUOCL
乳茶			211		THUOCL
大卤面			211		THUOCL
珠兰花茶			211		THUOCL
小青椒			210		THUOCL
明溪肉脯干			210		THUOCL
深州蜜桃			210		THUOCL
爆炒鱿鱼			210		THUOCL
馓子麻花			210		THUOCL
上校鸡块			209		THUOCL
永和园			209		THUOCL
糖卷果			209		THUOCL
红烧鱼块			209		THUOCL
莜面栲栳			209		THUOCL
酸汤水饺			209		THUOCL
壹条龙			208		THUOCL
早餐饼			208		THUOCL
油焖春笋			208		THUOCL
炒鸡丝			208		THUOCL
盘飧市			208		THUOCL
蛋奶酥			208		THUOCL
酥火烧			208		THUOCL
麦芽茶			208		THUOCL
咖哩牛肉			207		THUOCL
景扬楼			207		THUOCL
椰酱			207		THUOCL
烧萝卜			207		THUOCL
呈味核苷酸二钠			206		THUOCL
异麦芽酮糖			206		THUOCL
绿茶蛋糕			206		THUOCL
聚二甲基硅氧烷			206		THUOCL
茶馓			206		THUOCL
虾爆鳝面			206		THUOCL
韧性饼干			206		THUOCL
土豆烧肉			205		THUOCL
袜底酥			205		THUOCL
黑椒牛扒			205		THUOCL
山楂饼			204		THUOCL
柠檬酸铁铵			204		THUOCL
沙棘汁			204		THUOCL
沙茶牛肉			204		THUOCL
海城馅饼			204		THUOCL
香茅醇			204		THUOCL
三鲜水饺			203		THUOCL
什锦豆腐			203		THUOCL
如意卷			203		THUOCL
法国红磨坊			203		THUOCL
红烧海参			203		THUOCL
咸鱼饼子			202		THUOCL
水盆羊肉			202		THUOCL
溜肝尖			202		THUOCL
荷叶鸡			202		THUOCL
葱油面			202		THUOCL
事事平安			201		THUOCL
冰泉豆浆			201		THUOCL
巧克力奶昔			201		THUOCL
状元及第粥			201		THUOCL
糖醋白菜			201		THUOCL
酱椒鱼头			201		THUOCL
面粉改良剂			201		THUOCL
杏皮水			200		THUOCL
被膜剂			200		THUOCL
珍珠汤			199		THUOCL
罗汉肚			199		THUOCL
邮亭鲫鱼			199		THUOCL
三合汤			198		THUOCL
包谷粑			198		THUOCL
菊花锅			198		THUOCL
蚝仔煎			198		THUOCL
豆沙糕			198		THUOCL
酸菜牛			198		THUOCL
香茅醛			198		THUOCL
印糕			197		THUOCL
套四宝			197		THUOCL
聚丰德			197		THUOCL
萧山萝卜干			197		THUOCL
乳化硅油			196		THUOCL
哲司			196		THUOCL
山大皇			196		THUOCL
椒盐排骨			196		THUOCL
泡椒墨鱼仔			196		THUOCL
烤小猪			196		THUOCL
腊味煲仔饭			196		THUOCL
酥合			196		THUOCL
雀巢淡奶油			196		THUOCL
麻辣兔头			196		THUOCL
五一饭店			195		THUOCL
伦教糕			195		THUOCL
糯米糖藕			195		THUOCL
翡翠豆腐			195		THUOCL
蟠龙菜			194		THUOCL
酸菜牛肉			194		THUOCL
乙酸丁酯			193		THUOCL
仙人掌茶			193		THUOCL
可可果			193		THUOCL
四川榨菜			193		THUOCL
广州星群			193		THUOCL
豌豆糕			193		THUOCL
上杭萝卜干			192		THUOCL
冰糖湘莲			192		THUOCL
石磨豆花			192		THUOCL
肉燕皮			192		THUOCL
芥末墩儿			192		THUOCL
莲子糕			192		THUOCL
西瓜盅			192		THUOCL
华夫饼干			191		THUOCL
糖醋带鱼			191		THUOCL
豆花米线			191		THUOCL
俄罗斯菜			190		THUOCL
刷把头			190		THUOCL
羊腥汤			190		THUOCL
贾三灌汤包子			190		THUOCL
特级橄榄油			189		THUOCL
萝卜饼			189		THUOCL
葱包桧			189		THUOCL
刈包			188		THUOCL
扒海参			188		THUOCL
牛肉泡馍			188		THUOCL
九里飘香			187		THUOCL
泡椒牛蛙			187		THUOCL
洋姑娘			187		THUOCL
秦镇米皮			187		THUOCL
蒸熊掌			187		THUOCL
长汀豆腐干			187		THUOCL
青海带			187		THUOCL
杂糖			186		THUOCL
老半斋			186		THUOCL
荠菜饺			186		THUOCL
乙二胺四乙酸二钠			185		THUOCL
灌汤小笼包			185		THUOCL
赣南小炒鱼			185		THUOCL
长春卷			185		THUOCL
低醇啤酒			184		THUOCL
煎酿三宝			184		THUOCL
芙蓉汤			184		THUOCL
西红柿牛肉汤			184		THUOCL
雷州狗肉煲			184		THUOCL
鸡豆花			184		THUOCL
干蒸烧卖			183		THUOCL
眉毛酥			183		THUOCL
石家饭店			183		THUOCL
粿汁			183		THUOCL
羊柳			183		THUOCL
野味火锅			183		THUOCL
得莫利炖活鱼			182		THUOCL
温泉蛋			182		THUOCL
蔗糖素			182		THUOCL
蜜汁火方			182		THUOCL
龙眼包子			182		THUOCL
丙酸钠			181		THUOCL
温泉鸡			181		THUOCL
番茄蛋花汤			181		THUOCL
草莓慕斯			181		THUOCL
凉皮子			180		THUOCL
油炸果子			180		THUOCL
糖油粑			180		THUOCL
荞粑粑			180		THUOCL
金线油塔			180		THUOCL
集贤里			180		THUOCL
麦辣鸡翅			180		THUOCL
宜宾燃面			179		THUOCL
核桃酪			179		THUOCL
泰山赤鳞鱼			179		THUOCL
益胃汤			179		THUOCL
米凉粉			179		THUOCL
老都一处			179		THUOCL
赤藓糖醇			179		THUOCL
闻喜煮饼			179		THUOCL
同川梨			178		THUOCL
泡椒田鸡			178		THUOCL
芝麻杆			178		THUOCL
酸菜炒米			178		THUOCL
婚庆蛋糕			177		THUOCL
尕面片			177		THUOCL
布丁蛋糕			177		THUOCL
油淋鸡			177		THUOCL
油炸青苔			177		THUOCL
东坡饼			176		THUOCL
杨麻子			176		THUOCL
花生浆			176		THUOCL
蓬莱小面			176		THUOCL
连城地瓜干			176		THUOCL
酥鲫鱼			176		THUOCL
清炖甲鱼			175		THUOCL
炸牛肉			175		THUOCL
糕粑			175		THUOCL
葡萄糖酸内酯			175		THUOCL
赛螃蟹			175		THUOCL
喝螺			174		THUOCL
泡椒牛肉			174		THUOCL
甜水面			174		THUOCL
白市驿板鸭			174		THUOCL
老妈蹄花			174		THUOCL
黑肠			174		THUOCL
全家富			173		THUOCL
迷迭香叶			173		THUOCL
酥皮月饼			173		THUOCL
苯甲酸苄酯			172		THUOCL
咸鸭烧黄豆			171		THUOCL
小肚儿			171		THUOCL
氯化锰			171		THUOCL
玫瑰花粥			171		THUOCL
糖芋头			171		THUOCL
黄桂柿子饼			171		THUOCL
凤尾鱼罐头			170		THUOCL
奶汤面			170		THUOCL
氧化铁黑			170		THUOCL
永定菜干			170		THUOCL
沛县狗肉			170		THUOCL
爪哇咖啡			170		THUOCL
素烩			170		THUOCL
藜蒿炒腊肉			170		THUOCL
车厘哥夫			170		THUOCL
骨髓壮			170		THUOCL
圣诞布丁			169		THUOCL
柑桔黄			169		THUOCL
泰山女儿茶			169		THUOCL
竹筒鸡			169		THUOCL
绍兴麻鸭			169		THUOCL
槐豆胶			168		THUOCL
醋粟			168		THUOCL
重阳花糕			168		THUOCL
香酥麻鸭			168		THUOCL
玉液泉			167		THUOCL
甜玉米罐头			167		THUOCL
天府花生			166		THUOCL
孜然牛肉			166		THUOCL
欢喜坨			166		THUOCL
蟹壳黄烧饼			166		THUOCL
青精饭			166		THUOCL
万年长青			165		THUOCL
大肉饼			165		THUOCL
清蒸加吉鱼			165		THUOCL
皮条鳝鱼			165		THUOCL
素烧鹅			165		THUOCL
香菜圆子			165		THUOCL
马奶子酒			165		THUOCL
天水呱呱			164		THUOCL
姊妹团子			164		THUOCL
糊塌子			164		THUOCL
腊猪头			164		THUOCL
酱肉包			164		THUOCL
玉米热狗			163		THUOCL
羊杂割			163		THUOCL
凤戏牡丹			162		THUOCL
大理石蛋糕			162		THUOCL
稀豆粉			162		THUOCL
葡萄鱼			162		THUOCL
蓝莓芝士			162		THUOCL
雪花羊肉			162		THUOCL
拌莴笋			161		THUOCL
紫罗兰酮			161		THUOCL
红烧猪手			161		THUOCL
蟹黄鱼翅			161		THUOCL
富顺豆花			160		THUOCL
柠檬鸡			160		THUOCL
泡菜鱼			160		THUOCL
火锅粉			160		THUOCL
酒肠			160		THUOCL
黑椒牛仔骨			160		THUOCL
拌肚丝			159		THUOCL
海米冬瓜			159		THUOCL
莜面栲栳栳			159		THUOCL
江津米花糖			158		THUOCL
潘趣酒			158		THUOCL
薄烤饼			158		THUOCL
薄荷素油			158		THUOCL
金针菇罐头			158		THUOCL
金钱饼			158		THUOCL
苏州茉莉花茶			157		THUOCL
薄脆饼干			157		THUOCL
藕粉圆子			157		THUOCL
都督烧卖			157		THUOCL
醪糟蛋			157		THUOCL
铺盖面			157		THUOCL
馕坑肉			157		THUOCL
鲔鱼三明治			157		THUOCL
宁化老鼠干			156		THUOCL
广藿香油			156		THUOCL
石头饼			156		THUOCL
脆皮肠			156		THUOCL
荷叶糍粑			156		THUOCL
菊花鱼生			156		THUOCL
香蒜面包			156		THUOCL
京冬菜			155		THUOCL
城隍庙五香豆			155		THUOCL
干锅兔			155		THUOCL
干锅茶树菇			155		THUOCL
正山小种红茶			155		THUOCL
老孙家羊肉泡			155		THUOCL
菜豆花			155		THUOCL
蒙自过桥米线			155		THUOCL
贴饽饽熬小鱼			155		THUOCL
重庆老火锅			155		THUOCL
三色蛋			154		THUOCL
炖鸡面			154		THUOCL
独山盐酸菜			154		THUOCL
百果年糕			154		THUOCL
荞面饸饹			154		THUOCL
鸠坑毛尖			154		THUOCL
叶绿素铜钠盐			153		THUOCL
宜红茶			153		THUOCL
抓炒全鱼			153		THUOCL
焖扁豆			153		THUOCL
蒸蛋糕			153		THUOCL
钱钱饭			153		THUOCL
面包改良剂			153		THUOCL
馕包肉			153		THUOCL
孔府糕点			152		THUOCL
清咽茶			152		THUOCL
粉皮面筋			152		THUOCL
纸杯蛋糕			152		THUOCL
酸木瓜			152		THUOCL
马谛氏			152		THUOCL
五彩球			151		THUOCL
单硬脂酸甘油酯			151		THUOCL
干菜焖肉			151		THUOCL
干贝汤			151		THUOCL
抹茶冰淇淋			151		THUOCL
遵义毛峰			151		THUOCL
干锅肥肠			150		THUOCL
扬州酱菜			150		THUOCL
武平猪胆干			150		THUOCL
碳酸氢钾			150		THUOCL
重庆辣子鸡			150		THUOCL
香芋扣肉			150		THUOCL
高梁红			150		THUOCL
外婆家醉鱼			149		THUOCL
富硒酵母			149		THUOCL
松子糕			149		THUOCL
桔红糕			149		THUOCL
鱼羊鲜			149		THUOCL
小月担仔面			148		THUOCL
爆鱼面			148		THUOCL
甘露糖醇			148		THUOCL
盘丝饼			148		THUOCL
萧山花边			148		THUOCL
西泠印泥			148		THUOCL
韭菜炒肉			148		THUOCL
乙基香兰素			147		THUOCL
八仙茶			147		THUOCL
印度奶茶			147		THUOCL
宜兴百合			147		THUOCL
度小月担仔面			147		THUOCL
扒原壳鲍鱼			147		THUOCL
日月生辉			147		THUOCL
枫泾丁蹄			147		THUOCL
石岐乳鸽			147		THUOCL
破酥包			147		THUOCL
芦蒿炒香干			147		THUOCL
赊店老酒			147		THUOCL
大雪枣			146		THUOCL
小西米			146		THUOCL
水晶肉			146		THUOCL
油墩子			146		THUOCL
红烧熊掌			146		THUOCL
南昌米粉			145		THUOCL
太师面			145		THUOCL
炒米糖			145		THUOCL
燕窝酥			145		THUOCL
魔芋烧鸭			145		THUOCL
冰糖莲子汤			144		THUOCL
对羟基苯甲酸酯			144		THUOCL
怀远石榴			144		THUOCL
清蒸石斑鱼			144		THUOCL
焖黄鳝			144		THUOCL
百花糕			144		THUOCL
菠菜猪肝汤			144		THUOCL
萝卜鱼			144		THUOCL
帕尔玛火腿			143		THUOCL
白果烧鸡			143		THUOCL
石蛤蟆			143		THUOCL
米肠子			143		THUOCL
糖心蛋			143		THUOCL
绿豆粉皮			143		THUOCL
面肺子			143		THUOCL
五城茶干			142		THUOCL
御珍			142		THUOCL
杏仁蛋糕			142		THUOCL
油爆双脆			142		THUOCL
白玉翡翠			142		THUOCL
红烧鲍鱼			142		THUOCL
肥肠面			142		THUOCL
丁酸乙酯			141		THUOCL
南山庄园			141		THUOCL
天麻酒			141		THUOCL
杜康牌			141		THUOCL
枣泥酥			141		THUOCL
沃凯诺			141		THUOCL
烫干丝			141		THUOCL
迷迭香提取物			141		THUOCL
万州烤鱼			140		THUOCL
玉米汁饮料			140		THUOCL
脆皮炸鸡			140		THUOCL
焖狗肉			139		THUOCL
酪蛋白钙肽			139		THUOCL
青岩茗翠			139		THUOCL
千层蛋			138		THUOCL
扭结糖			138		THUOCL
灯芯糕			138		THUOCL
炒米线			138		THUOCL
米粉蒸肉			138		THUOCL
红烧大虾			138		THUOCL
绍兴香糕			138		THUOCL
诗礼银杏			138		THUOCL
麦辣鸡腿汉堡			138		THUOCL
清汤燕菜			137		THUOCL
糟田螺			137		THUOCL
姜葱炒蟹			136		THUOCL
梅花粥			136		THUOCL
王星记扇子			136		THUOCL
琥珀鸽蛋			136		THUOCL
白云凤爪			136		THUOCL
蔗糖脂肪酸酯			136		THUOCL
风鸭			136		THUOCL
牛腰子			135		THUOCL
磷酸氢二钾			135		THUOCL
蒙自年糕			135		THUOCL
蒸肠粉			135		THUOCL
香菇鸡肉粥			135		THUOCL
乙酰磺胺酸钾			134		THUOCL
异抗坏血酸钠			134		THUOCL
当归鸡			134		THUOCL
柚子蜜			134		THUOCL
清蒸刀鱼			134		THUOCL
胆钙化醇			134		THUOCL
芒果班戟			134		THUOCL
荔枝茶			134		THUOCL
菊花鲈鱼			134		THUOCL
宝庆猪血丸子			133		THUOCL
油卵			133		THUOCL
瓤豆腐			133		THUOCL
蒸江团			133		THUOCL
雪梨酒			133		THUOCL
硒化卡拉胶			132		THUOCL
芋头酥			132		THUOCL
芙蓉干贝			132		THUOCL
苹果卷			132		THUOCL
野太阳			132		THUOCL
黄家烤肉			132		THUOCL
庐山石耳			131		THUOCL
毛哥老鸭汤			131		THUOCL
清蒸海鲜			131		THUOCL
白煮肉			131		THUOCL
乳糖醇			130		THUOCL
吮指原味鸡			130		THUOCL
天然薄荷脑			130		THUOCL
干烧鱼翅			130		THUOCL
斋卤味			130		THUOCL
生炒菜心			130		THUOCL
红丸子			130		THUOCL
早餐肠			129		THUOCL
白丸子			129		THUOCL
福山拉面			129		THUOCL
亚铁氰化钾			128		THUOCL
凤尾酥			128		THUOCL
地瓜饼			128		THUOCL
异麦芽酮糖醇			128		THUOCL
柑橘黄			128		THUOCL
芙蓉鲜蔬汤			128		THUOCL
酥角			128		THUOCL
雪山梅			128		THUOCL
东莞腊肠			127		THUOCL
烧花鸭			127		THUOCL
煎丸子			127		THUOCL
玉带糕			127		THUOCL
白家肥肠粉			127		THUOCL
空心果			127		THUOCL
组庵鱼翅			127		THUOCL
芝麻豆腐			127		THUOCL
金丝饼			127		THUOCL
青芥末			127		THUOCL
黑米稀饭			127		THUOCL
丁二酮			126		THUOCL
六味斋酱肉			126		THUOCL
卡夫奇妙酱			126		THUOCL
毛毛面			126		THUOCL
海鲫鱼			126		THUOCL
清蒸江团			126		THUOCL
牛外脊			126		THUOCL
猪油年糕			126		THUOCL
玫瑰大头菜			126		THUOCL
蜂蜜麻糖			126		THUOCL
驴板肠			126		THUOCL
南京雨花茶			125		THUOCL
梅干菜烧肉			125		THUOCL
凉拌折耳根			124		THUOCL
圣杞乐			124		THUOCL
威士忌苏打			124		THUOCL
油炸臭干			124		THUOCL
炒血鸭			124		THUOCL
珍珠元子			124		THUOCL
简阳羊肉汤			124		THUOCL
红烧划水			124		THUOCL
花生枣			124		THUOCL
菊花酿鱼肚			124		THUOCL
虾子面			124		THUOCL
赖氨酸盐酸盐			124		THUOCL
金线吊葫芦			124		THUOCL
锅塌豆腐			124		THUOCL
带子上朝			123		THUOCL
拌鸡丝			123		THUOCL
炖梅			123		THUOCL
琥珀桃仁			123		THUOCL
蜂蜜凉粽子			123		THUOCL
小凤饼			122		THUOCL
柠乐			122		THUOCL
沟帮子熏鸡			122		THUOCL
清汤鱼圆			122		THUOCL
焖肉面			122		THUOCL
荷花酥			122		THUOCL
虾肉小笼			122		THUOCL
凤翔腊驴肉			121		THUOCL
四季美汤包			121		THUOCL
圆筒冰淇淋			121		THUOCL
广东月饼			121		THUOCL
泡油糕			121		THUOCL
番茄豆腐			121		THUOCL
美国蛇果			121		THUOCL
芝麻酥糖			121		THUOCL
零点咖啡			121		THUOCL
丙酸乙酯			120		THUOCL
九龙茶			120		THUOCL
亚硝酸钾			120		THUOCL
发财就手			120		THUOCL
环状糊精			120		THUOCL
红芽歪尾桃			120		THUOCL
茅粮			120		THUOCL
龙脂猪血			120		THUOCL
兔脯			119		THUOCL
凤凰出世			119		THUOCL
小红头			119		THUOCL
留兰香油			119		THUOCL
美乐多			119		THUOCL
腌酸鱼			119		THUOCL
饮料罐头			119		THUOCL
六月鲜			118		THUOCL
凉拌猪耳			118		THUOCL
晾肉			118		THUOCL
炒面线			118		THUOCL
芙蓉蟹			118		THUOCL
鸽蛋圆子			118		THUOCL
六安瓜片茶			117		THUOCL
南乳肉			117		THUOCL
威宁火腿			117		THUOCL
杜仲腰花			117		THUOCL
油焖虾			117		THUOCL
炸五香			117		THUOCL
甜烧白			117		THUOCL
苯基苯酚			117		THUOCL
蝴蝶海参			117		THUOCL
马烧麦			117		THUOCL
鲜花饼			117		THUOCL
太平猴魁茶			116		THUOCL
沩山毛尖			116		THUOCL
浦东鸡			116		THUOCL
火局鸡			116		THUOCL
石耳炖鸡			116		THUOCL
荣乐园			116		THUOCL
辣椒骨			116		THUOCL
金银蹄			116		THUOCL
陵水酸粉			116		THUOCL
奶汤蒲菜			115		THUOCL
山城小汤圆			115		THUOCL
嵌桃麻糕			115		THUOCL
巧酥			115		THUOCL
昌化山核桃			115		THUOCL
炒豇豆			115		THUOCL
熘土豆丝			115		THUOCL
矮人松糕			115		THUOCL
糟熘鱼片			115		THUOCL
日本南瓜			114		THUOCL
毛峰熏鲥鱼			114		THUOCL
清蒸排骨			114		THUOCL
聚乙酸乙烯酯			114		THUOCL
蓬莱米			114		THUOCL
蔡记蒸饺			114		THUOCL
蚝煎			114		THUOCL
开洋干丝			113		THUOCL
折耳根炒腊肉			113		THUOCL
水煎包子			113		THUOCL
热面皮			113		THUOCL
石板粑粑			113		THUOCL
芝麻团			113		THUOCL
蒜泥黄瓜			113		THUOCL
蔬果搭配			113		THUOCL
蛋黄卷			113		THUOCL
谷雨茶			113		THUOCL
鱼咬羊			113		THUOCL
龙凤饼			113		THUOCL
和味牛杂萝卜			112		THUOCL
四川腊肉			112		THUOCL
毕节汤圆			112		THUOCL
煎灌肠			112		THUOCL
糟毛豆			112		THUOCL
荤豆花			112		THUOCL
豆花粉			112		THUOCL
酸笋煮鸡			112		THUOCL
三文治火腿			111		THUOCL
千张包子			111		THUOCL
大理砂锅鱼			111		THUOCL
清蒸鲩鱼			111		THUOCL
芙蓉鲫鱼			111		THUOCL
赤藓红			111		THUOCL
高纤维椰果			111		THUOCL
鸡粉调味料			111		THUOCL
奶油沙司			110		THUOCL
汤爆双脆			110		THUOCL
绿豆凉粉			110		THUOCL
鱼肉汉堡			110		THUOCL
鲜花玫瑰饼			110		THUOCL
三七汽锅鸡			109		THUOCL
三丝敲鱼			109		THUOCL
乙酸钙			109		THUOCL
炒白果			109		THUOCL
生牛肉酱			109		THUOCL
芒果雪芭			109		THUOCL
莴笋叶子			109		THUOCL
软炸鸡			109		THUOCL
软饼干			109		THUOCL
龙眼酥			109		THUOCL
九华毛峰			108		THUOCL
平湖糟蛋			108		THUOCL
手撕饼			108		THUOCL
猪杂粥			108		THUOCL
猪血灌肠			108		THUOCL
糯米球			108		THUOCL
翠梅酸辣鱼			108		THUOCL
醉排骨			108		THUOCL
鸭羹			108		THUOCL
圆蛋糕			107		THUOCL
太白鸭			107		THUOCL
岐山哨子面			107		THUOCL
扬州干丝			107		THUOCL
沙溪凉茶			107		THUOCL
烙糕			107		THUOCL
特色炒饭			107		THUOCL
王鸭子			107		THUOCL
盐水菜心			107		THUOCL
神仙鸭子			107		THUOCL
笼仔饭			107		THUOCL
小笼蒸牛肉			106		THUOCL
山鸡片			106		THUOCL
柠檬蛋糕			106		THUOCL
柴沟堡熏肉			106		THUOCL
樱桃派			106		THUOCL
沧州冬菜			106		THUOCL
油脆			106		THUOCL
海鲜小豆腐			106		THUOCL
白金针			106		THUOCL
红枣年糕			106		THUOCL
谷氨酰胺酶			106		THUOCL
重庆水煮鱼			106		THUOCL
雷家豆腐圆子			106		THUOCL
麻辣鸭头			106		THUOCL
火鸡三明治			105		THUOCL
炉猪			105		THUOCL
烧肺			105		THUOCL
猪油汤团			105		THUOCL
百合酥			105		THUOCL
石头门坎素包			105		THUOCL
糖酥煎饼			105		THUOCL
老毛手抓			105		THUOCL
萝卜饺子			105		THUOCL
蒸鹿尾儿			105		THUOCL
鹌鹑蛋罐头			105		THUOCL
上海水蜜桃			104		THUOCL
口袋豆腐			104		THUOCL
回民餐厅			104		THUOCL
姜汁饼			104		THUOCL
宁红茶			104		THUOCL
尖椒鸡			104		THUOCL
条酥			104		THUOCL
清蒸鸭子			104		THUOCL
特丁基对苯二酚			104		THUOCL
玉林牛巴			104		THUOCL
红烧蹄筋			104		THUOCL
耿福兴			104		THUOCL
芝麻片			104		THUOCL
荞凉粉			104		THUOCL
醋椒鱼			104		THUOCL
参花茶			103		THUOCL
叉烧鸡			103		THUOCL
扒驼掌			103		THUOCL
杨家吊炉饼			103		THUOCL
熊掌豆腐			103		THUOCL
玛琪琳			103		THUOCL
破酥包子			103		THUOCL
芒果芝士蛋糕			103		THUOCL
苔菜小方烤			103		THUOCL
青城茶			103		THUOCL
麦德乐			103		THUOCL
八仙过海闹罗汉			102		THUOCL
奶油五香豆			102		THUOCL
宋嫂面			102		THUOCL
干锅田鸡			102		THUOCL
梳乎厘			102		THUOCL
洞顶乌龙			102		THUOCL
烩海参			102		THUOCL
干炸丸子			101		THUOCL
海蟑螂			101		THUOCL
牛肉焦饼			101		THUOCL
老巴布			101		THUOCL
鲤鱼三吃			101		THUOCL
麻巧			101		THUOCL
唐纳滋			100		THUOCL
小鱿鱼片			100		THUOCL
散饭			100		THUOCL
海天金标生抽			100		THUOCL
炸茄盒			100		THUOCL
美人肝			100		THUOCL
擂沙圆			99		THUOCL
桂平西山茶			99		THUOCL
爆三样			99		THUOCL
石竹茶			99		THUOCL
荷兰粉			99		THUOCL
麝香猫咖啡			99		THUOCL
丝路春			98		THUOCL
咸烧白			98		THUOCL
喜洲粑粑			98		THUOCL
大理雪梨			98		THUOCL
水饺子			98		THUOCL
满城香			98		THUOCL
牛肉烧卖			98		THUOCL
糖水荔枝罐头			98		THUOCL
苹果酥			98		THUOCL
蛋黄莲蓉月饼			98		THUOCL
走油肉			98		THUOCL
连锅汤			98		THUOCL
南岳云雾茶			97		THUOCL
合川肉片			97		THUOCL
大菜糕			97		THUOCL
山椒凤爪			97		THUOCL
干煸肉丝			97		THUOCL
得莫利炖鱼			97		THUOCL
猪油盒			97		THUOCL
甲基丁酸			97		THUOCL
磷脂酰乙醇胺			97		THUOCL
米凉虾			97		THUOCL
翠云水煮鱼			97		THUOCL
腐皮包黄鱼			97		THUOCL
顾渚紫笋茶			97		THUOCL
三丝鱼翅			96		THUOCL
乙氧基喹			96		THUOCL
五香狗肉			96		THUOCL
开洋葱油面			96		THUOCL
棋子烧饼			96		THUOCL
毡酒			96		THUOCL
胭脂虫红			96		THUOCL
韭菜包子			96		THUOCL
马铃薯沙拉			96		THUOCL
高粱饭			96		THUOCL
云梦鱼面			95		THUOCL
五彩雪花扇贝			95		THUOCL
什锦麦片			95		THUOCL
凉鸡米线			95		THUOCL
德园包子			95		THUOCL
摩根斯特			95		THUOCL
木瓜酥			95		THUOCL
轻乳酪蛋糕			95		THUOCL
噻苯咪唑			94		THUOCL
天下第一包			94		THUOCL
辣椒蟹			94		THUOCL
两面火			93		THUOCL
双椒鸡			93		THUOCL
发丝百页			93		THUOCL
太安鱼			93		THUOCL
氽丸子			93		THUOCL
洋葱炒蛋			93		THUOCL
猫儿面			93		THUOCL
环己基氨基磺酸钠			93		THUOCL
腐乳饼			93		THUOCL
苹果蛋糕			93		THUOCL
蛋黄果			93		THUOCL
螺丝鸡			93		THUOCL
鹿肉汤			93		THUOCL
麻酱凤尾			93		THUOCL
冰糖银耳羹			92		THUOCL
咖啡饼干			92		THUOCL
米面皮子			92		THUOCL
草帽饼			92		THUOCL
邻苯基苯酚			92		THUOCL
酸萝卜老鸭汤			92		THUOCL
努力餐			91		THUOCL
即食鲍鱼			91		THUOCL
川贝炖梨			91		THUOCL
带把肘子			91		THUOCL
曹记驴肉			91		THUOCL
枣泥山药糕			91		THUOCL
汉斯干啤			91		THUOCL
炸面筋			91		THUOCL
玫瑰镜糕			91		THUOCL
生榨米粉			91		THUOCL
盐火局鸡			91		THUOCL
石子饼			91		THUOCL
铁锅蛋			91		THUOCL
锅盔馍			91		THUOCL
雅丽嘉			91		THUOCL
马打滚			91		THUOCL
凉拌藕			90		THUOCL
南煎丸子			90		THUOCL
吴山酥油饼			90		THUOCL
大方糕			90		THUOCL
娥姐粉果			90		THUOCL
枣卷			90		THUOCL
海马宫茶			90		THUOCL
滑蛋牛肉			90		THUOCL
蒙古包子			90		THUOCL
豆汤饭			90		THUOCL
香芹籽			90		THUOCL
香草奶昔			90		THUOCL
鸡杂炒干巴菌			90		THUOCL
黑胡椒牛柳			90		THUOCL
三虾豆腐			89		THUOCL
三鲜锅巴			89		THUOCL
克东腐乳			89		THUOCL
凉拌皮蛋			89		THUOCL
壹条龙饭庄			89		THUOCL
太阳糕			89		THUOCL
婺州举岩			89		THUOCL
小笼灌汤包			89		THUOCL
榆林豆腐			89		THUOCL
波士顿派			89		THUOCL
滇八件			89		THUOCL
炝黄瓜			89		THUOCL
玉兰饼			89		THUOCL
甜蒜			89		THUOCL
老正兴菜馆			89		THUOCL
蛋烧卖			89		THUOCL
酥羊肉			89		THUOCL
酱爆肉			89		THUOCL
鸡肉糁			89		THUOCL
鸭油酥烧饼			89		THUOCL
麻烘糕			89		THUOCL
五更肠旺			88		THUOCL
梨丸			88		THUOCL
水晶蛋糕			88		THUOCL
油炒粉			88		THUOCL
淡糟香螺片			88		THUOCL
火宫殿臭豆腐			88		THUOCL
热冬果			88		THUOCL
狗浇尿			88		THUOCL
珍珠粥			88		THUOCL
甘露酥			88		THUOCL
粉汤羊血			88		THUOCL
红烧五花肉			88		THUOCL
芝麻鱼			88		THUOCL
酸菜粉丝汤			88		THUOCL
金银馒头			88		THUOCL
三鲜米线			87		THUOCL
南糯白毫			87		THUOCL
叶儿耙			87		THUOCL
天水杂烩			87		THUOCL
安化松针			87		THUOCL
尖椒肉丝			87		THUOCL
扣鸡			87		THUOCL
核桃仁粥			87		THUOCL
橘红糕			87		THUOCL
漾濞核桃			87		THUOCL
烧雏鸡			87		THUOCL
瓯江凤尾鱼			87		THUOCL
甘氨酸锌			87		THUOCL
红油鸡块			87		THUOCL
纤扬茶			87		THUOCL
草莓新地			87		THUOCL
西洋李子			87		THUOCL
辣椒鱼			87		THUOCL
五香酱肉			86		THUOCL
凉拌鱼腥草			86		THUOCL
庐洲			86		THUOCL
清炒河虾仁			86		THUOCL
火腿炖甲鱼			86		THUOCL
玉米色拉			86		THUOCL
登瀛楼饭庄			86		THUOCL
蝎滚绣球			86		THUOCL
锅烧鸭			86		THUOCL
香蕉粥			86		THUOCL
南京香肚			85		THUOCL
卡通蛋糕			85		THUOCL
可可咖啡			85		THUOCL
水煮田鸡			85		THUOCL
泡菜牛肚丝			85		THUOCL
熘鲜蘑			85		THUOCL
珠山茶			85		THUOCL
胡萝卜蛋糕			85		THUOCL
蒸蒸糕			85		THUOCL
一品肉			84		THUOCL
八仙粉			84		THUOCL
威宁荞酥			84		THUOCL
川菜回锅肉			84		THUOCL
桂花酥糖			84		THUOCL
烧子鹅			84		THUOCL
西亭脆饼			84		THUOCL
鲜肉粽子			84		THUOCL
鸡汁土豆泥			84		THUOCL
奶油生菜			83		THUOCL
弥渡卷蹄			83		THUOCL
怪味鸡块			83		THUOCL
新南轩			83		THUOCL
曹操鸡			83		THUOCL
水煮羊肉			83		THUOCL
汪集鸡汤			83		THUOCL
灌肺			83		THUOCL
炸鱼丸			83		THUOCL
糖醋脆皮鱼			83		THUOCL
红烧梭子蟹			83		THUOCL
红螺食品			83		THUOCL
芥菜圆子			83		THUOCL
萝卜炖羊肉			83		THUOCL
蒜泥茄子			83		THUOCL
飞龙汤			83		THUOCL
对羟基苯甲酸乙酯			82		THUOCL
干煸土豆丝			82		THUOCL
手抓羊排			82		THUOCL
桂花干贝			82		THUOCL
白运章包子			82		THUOCL
荷包饭			82		THUOCL
蟹足棒			82		THUOCL
酱烧茄			82		THUOCL
金华兔头煲			82		THUOCL
鸡丝馄饨			82		THUOCL
麻辣田螺			82		THUOCL
丹麦酥			81		THUOCL
九江煎堆			81		THUOCL
千层牛肉饼			81		THUOCL
双麻酥饼			81		THUOCL
巧克力泡芙			81		THUOCL
意大利千层面			81		THUOCL
果冻三明治			81		THUOCL
柿面糊塌			81		THUOCL
棒槌果子			81		THUOCL
椰子饼			81		THUOCL
水瓜柳			81		THUOCL
油炸洋芋			81		THUOCL
灰豆子			81		THUOCL
烩酸菜			81		THUOCL
甜菜红			81		THUOCL
红烧兔头			81		THUOCL
腰果鸡丁			81		THUOCL
谭豆花			81		THUOCL
豆末糖			81		THUOCL
金瓜芋泥			81		THUOCL
南瓜包			80		THUOCL
意大利饺子			80		THUOCL
摩卡薄荷咖啡			80		THUOCL
糖藕片			80		THUOCL
绣球干贝			80		THUOCL
酒醉河田鸡			80		THUOCL
饸饹面			80		THUOCL
华顶云雾茶			79		THUOCL
咖喱牛肉汤			79		THUOCL
洋县黑米			79		THUOCL
清水白菜			79		THUOCL
清炒鳝糊			79		THUOCL
炒清虾仁			79		THUOCL
熏马肠			79		THUOCL
瑞士咖啡人			79		THUOCL
白橙糖			79		THUOCL
福州茉莉花茶			79		THUOCL
老鼎丰糕点			79		THUOCL
腌萝卜干			79		THUOCL
豉汁蒸排骨			79		THUOCL
酒石酸氢钾			79		THUOCL
鸡血汤			79		THUOCL
俄式咖啡			78		THUOCL
凉瓜排骨			78		THUOCL
家常海参			78		THUOCL
抓炒鲤鱼			78		THUOCL
拔丝芋头			78		THUOCL
果汁伴侣			78		THUOCL
沙湖盐蛋			78		THUOCL
清蒸羊羔肉			78		THUOCL
潮糕			78		THUOCL
火炼金身			78		THUOCL
烩羊杂碎			78		THUOCL
秦安肚丝汤			78		THUOCL
肉丝炒年糕			78		THUOCL
芝麻卷			78		THUOCL
苦瓜粥			78		THUOCL
辣子炒薰肉			78		THUOCL
金鱼戏莲			78		THUOCL
咸鱼茄子煲			77		THUOCL
炖菜核			77		THUOCL
烧猪肝			77		THUOCL
环宇牌			77		THUOCL
碱水粑			77		THUOCL
绿兰莎			77		THUOCL
芝兰斋糕干			77		THUOCL
萝卜丝鲫鱼汤			77		THUOCL
虫草炖鸡			77		THUOCL
那不勒斯风味咖啡			77		THUOCL
金黄蜜枣			77		THUOCL
锅烧鲤鱼			77		THUOCL
香菇肉丝			77		THUOCL
鱼翅饺			77		THUOCL
鸡尾杯			77		THUOCL
军屯锅魁			76		THUOCL
冰葫芦			76		THUOCL
双层吉士汉堡			76		THUOCL
李锦记蒸鱼豉油			76		THUOCL
汉水银梭			76		THUOCL
汽水肉			76		THUOCL
油煎毛豆腐			76		THUOCL
海凉粉			76		THUOCL
碧绿虾仁			76		THUOCL
秦安麻腐馍			76		THUOCL
葱油酥			76		THUOCL
蓝色香槟			76		THUOCL
谢凉粉			76		THUOCL
开煲狗肉			75		THUOCL
杀猪饭			75		THUOCL
汤丸王			75		THUOCL
淀粉软糖			75		THUOCL
笋烧海参			75		THUOCL
荠菜春卷			75		THUOCL
蛋花米酒			75		THUOCL
包谷粑粑			74		THUOCL
卡夫果珍			74		THUOCL
原平锅魁			74		THUOCL
双酿团			74		THUOCL
天一坊			74		THUOCL
天人有机			74		THUOCL
宴春酒楼			74		THUOCL
永胜油茶			74		THUOCL
泡泡油糕			74		THUOCL
火腿豆焖饭			74		THUOCL
玉林茶泡			74		THUOCL
罗汉大虾			74		THUOCL
老妈宫粽球			74		THUOCL
芙蓉餐厅			74		THUOCL
菜蟒			74		THUOCL
赤藻糖醇			74		THUOCL
酱烧茄子			74		THUOCL
香菇包			74		THUOCL
仲丁胺			73		THUOCL
合水粉葛			73		THUOCL
四季鲜蔬			73		THUOCL
墨子酥			73		THUOCL
山之韵			73		THUOCL
峨蕊茶			73		THUOCL
抗坏血酸钙			73		THUOCL
抹茶星冰乐			73		THUOCL
洞庭金龟			73		THUOCL
深海鳕鱼堡			73		THUOCL
甘油脂肪酸酯			73		THUOCL
红枣茯苓粥			73		THUOCL
老山记海城馅饼			73		THUOCL
腌鲜鳜鱼			73		THUOCL
菊花鱿鱼			73		THUOCL
豆乳饮料			73		THUOCL
鱼丝面			73		THUOCL
四条包子			72		THUOCL
延边苹果梨			72		THUOCL
李鸿章杂烩			72		THUOCL
清炒芦笋			72		THUOCL
炒粉鱼			72		THUOCL
老麻抄手			72		THUOCL
酱玉瓜			72		THUOCL
金华汤包			72		THUOCL
黄米粽子			72		THUOCL
半胱氨酸盐酸盐			71		THUOCL
商芝肉			71		THUOCL
培根火腿			71		THUOCL
无为熏鸭			71		THUOCL
油炸臭豆腐干			71		THUOCL
炝土豆丝			71		THUOCL
烤鸡皮			71		THUOCL
焖白鳝			71		THUOCL
白斩河田鸡			71		THUOCL
神仙钵			71		THUOCL
虎皮蛋糕			71		THUOCL
蜜汁山药			71		THUOCL
遵义豆花面			71		THUOCL
雪片糕			71		THUOCL
鸟苷酸二钠			71		THUOCL
鸡汤氽海蚌			71		THUOCL
黄山炖鸽			71		THUOCL
亚麻籽胶			70		THUOCL
凤尾鱼翅			70		THUOCL
可可蛋糕			70		THUOCL
哈达饼			70		THUOCL
干捞粉			70		THUOCL
排冬菜			70		THUOCL
杨凌蘸水面			70		THUOCL
栀子蓝			70		THUOCL
梨子水			70		THUOCL
满台飞			70		THUOCL
片儿川面			70		THUOCL
特级板烧鸡腿堡			70		THUOCL
盘餐市			70		THUOCL
碗耳糕			70		THUOCL
藏花素			70		THUOCL
西芹虾仁			70		THUOCL
詹王鸡粉			70		THUOCL
鳎目鱼			70		THUOCL
黄松糕			70		THUOCL
乙酸芳樟酯			69		THUOCL
天麻汽锅鸡			69		THUOCL
小花片			69		THUOCL
早白尖			69		THUOCL
桉叶素			69		THUOCL
油醪糟			69		THUOCL
清汤鱼翅			69		THUOCL
清蒸八宝猪			69		THUOCL
猪肝绿豆粥			69		THUOCL
甜橙油			69		THUOCL
皮蛋酥			69		THUOCL
贵妃鸡翅			69		THUOCL
酸辣凤爪			69		THUOCL
青城泡菜			69		THUOCL
鱼圆汤			69		THUOCL
鲍鱼罐头			69		THUOCL
乐而美汉堡			68		THUOCL
卤汁凉粉			68		THUOCL
四喜蒸饺			68		THUOCL
大理三道茶			68		THUOCL
徽州臭豆腐			68		THUOCL
桂花肉			68		THUOCL
海萝胶			68		THUOCL
玫瑰魅力			68		THUOCL
玻璃烧麦			68		THUOCL
红烧野鸭			68		THUOCL
菠菜鸡蛋汤			68		THUOCL
酸奶饼			68		THUOCL
醪糟鸡蛋			68		THUOCL
金蟾拜月			68		THUOCL
锅渣			68		THUOCL
香蕉糕			68		THUOCL
鹿肉片			68		THUOCL
决明子粥			67		THUOCL
小炒牛肉			67		THUOCL
成都餐厅			67		THUOCL
扬州蛋炒饭			67		THUOCL
抹茶慕斯			67		THUOCL
槟榔子			67		THUOCL
荞麦饭			67		THUOCL
蔬菜比萨			67		THUOCL
金丝琥珀蜜枣			67		THUOCL
雪映红梅			67		THUOCL
韭黄肉丝			67		THUOCL
香菇肉酱			67		THUOCL
高汤水饺			67		THUOCL
龙须糕			67		THUOCL
佛手酥			66		THUOCL
台湾卤肉饭			66		THUOCL
啤酒鸭火锅			66		THUOCL
岐山挂面			66		THUOCL
忻州瓦酥			66		THUOCL
扒板			66		THUOCL
星巴克月饼			66		THUOCL
杭州刺绣			66		THUOCL
油燃面			66		THUOCL
清蒸哈什蚂			66		THUOCL
祁红茶			66		THUOCL
粉皮子			66		THUOCL
荷叶肉			66		THUOCL
葱包桧儿			66		THUOCL
虫草汽锅鸡			66		THUOCL
银鱼柳			66		THUOCL
顺庆羊肉粉			66		THUOCL
香肠儿			66		THUOCL
马赛鱼羹			66		THUOCL
高桥松饼			66		THUOCL
麻辣火锅底			66		THUOCL
黎家竹筒饭			66		THUOCL
鼠曲粿			66		THUOCL
刀切糍			65		THUOCL
卤子鹅			65		THUOCL
古丈毛尖茶			65		THUOCL
姜葱鸡			65		THUOCL
抓炒里脊			65		THUOCL
敬亭绿雪茶			65		THUOCL
桂花栗子羹			65		THUOCL
桑葚粥			65		THUOCL
梓潼酥饼			65		THUOCL
没食子酸丙酯			65		THUOCL
洋茉莉醛			65		THUOCL
清汤牛腩			65		THUOCL
白蜂糕			65		THUOCL
神池麻花			65		THUOCL
老童家腊羊肉			65		THUOCL
脱乙酰甲壳素			65		THUOCL
芮城麻片			65		THUOCL
菊花枸杞茶			65		THUOCL
虫草全鸭			65		THUOCL
豆腐鲫鱼			65		THUOCL
豆花火锅			65		THUOCL
酸菜猪肉炖粉条			65		THUOCL
长城干白葡萄酒			65		THUOCL
香叶油			65		THUOCL
八宝壶			64		THUOCL
大福来锅巴菜			64		THUOCL
松子酥			64		THUOCL
毫崩			64		THUOCL
油豆腐干			64		THUOCL
泰安煎饼			64		THUOCL
生炊龙虾			64		THUOCL
白巧克力蛋糕			64		THUOCL
继光饼			64		THUOCL
金锣火腿肠			64		THUOCL
金鱼饺			64		THUOCL
锅烧鸡			64		THUOCL
镇宁波波糖			64		THUOCL
高平烧豆腐			64		THUOCL
黄心管儿			64		THUOCL
三色龙虾			63		THUOCL
奎宁水			63		THUOCL
新疆杏			63		THUOCL
枣泥酥饼			63		THUOCL
江米酿鸭子			63		THUOCL
淮饺			63		THUOCL
牛肉蛋花粥			63		THUOCL
玉米排骨汤			63		THUOCL
砵仔糕			63		THUOCL
秋菊傲霜			63		THUOCL
红油肚丝			63		THUOCL
罐儿野鸡			63		THUOCL
罐儿鹌鹑			63		THUOCL
葱花炒蛋			63		THUOCL
软蛋糕			63		THUOCL
麻辣水煮鱼			63		THUOCL
卡依之			62		THUOCL
卤饵块			62		THUOCL
家乡肉			62		THUOCL
小桃酥			62		THUOCL
桃片糕			62		THUOCL
炖莲子			62		THUOCL
空心饼			62		THUOCL
肉锅盔			62		THUOCL
葛记焖饼			62		THUOCL
蝙蝠包			62		THUOCL
铁板茄子			62		THUOCL
长寿糕			62		THUOCL
顶雪贡糕			62		THUOCL
人蔘鸡			61		THUOCL
什锦凉米线			61		THUOCL
发菜蒸蛋			61		THUOCL
孟封饼			61		THUOCL
小煮面			61		THUOCL
巧克力布朗尼			61		THUOCL
弹珠汽水			61		THUOCL
栗羊羹			61		THUOCL
汉中米面皮			61		THUOCL
沛公狗肉			61		THUOCL
治德号			61		THUOCL
泮塘马蹄糕			61		THUOCL
牛肉炒粉			61		THUOCL
紫草红			61		THUOCL
肉质果			61		THUOCL
肌苷酸二钠			61		THUOCL
脱氢乙酸			61		THUOCL
蜂窝土豆			61		THUOCL
蜜桔皮			61		THUOCL
野生菌汤			61		THUOCL
锅巴油粉			61		THUOCL
雪花蟹斗			61		THUOCL
高原露			61		THUOCL
三美豆腐			60		THUOCL
攸县香干			60		THUOCL
新竹贡丸			60		THUOCL
海藻酸钾			60		THUOCL
焖鱼头			60		THUOCL
番茄鱼片			60		THUOCL
白月饼			60		THUOCL
芋儿烧鸡			60		THUOCL
葱肉饼			60		THUOCL
金汉斯烤肉			60		THUOCL
铁狮子头			60		THUOCL
二氯苯氧乙酸			59		THUOCL
元宝酥			59		THUOCL
凉拌鸡丝			59		THUOCL
宝宝福			59		THUOCL
干锅狗肉			59		THUOCL
捻捻转			59		THUOCL
松香甘油酯			59		THUOCL
梓潼片粉			59		THUOCL
浆水鱼鱼			59		THUOCL
海天海鲜酱			59		THUOCL
潮州老婆饼			59		THUOCL
焜锅馍			59		THUOCL
燎花			59		THUOCL
糟辣脆皮鱼			59		THUOCL
红油猪耳			59		THUOCL
红烧鮰鱼			59		THUOCL
美式菜肴			59		THUOCL
翠坪银针茶			59		THUOCL
脆松糖			59		THUOCL
芦笋手卷			59		THUOCL
菊花猪肝汤			59		THUOCL
鱼香茄条			59		THUOCL
一品官燕			58		THUOCL
叉烧鸭			58		THUOCL
同源堂			58		THUOCL
夹沙牛肉			58		THUOCL
层层酥			58		THUOCL
惠山油酥			58		THUOCL
木金肉丸			58		THUOCL
枣沫糊			58		THUOCL
炖吊子			58		THUOCL
百里香粉			58		THUOCL
苏式点心			58		THUOCL
青椒皮蛋			58		THUOCL
香辣肉丝			58		THUOCL
三鲜莲花酥			57		THUOCL
冻银鱼			57		THUOCL
帕尔木丁			57		THUOCL
文楼汤包			57		THUOCL
斑鱼汤			57		THUOCL
木耳炒肉片			57		THUOCL
桂花浸膏			57		THUOCL
桂花糖粥			57		THUOCL
水晶酥			57		THUOCL
海兔酱			57		THUOCL
淮安茶馓			57		THUOCL
炸八块			57		THUOCL
烩白菜			57		THUOCL
牛头糕			57		THUOCL
甘草酸铵			57		THUOCL
笼茶			57		THUOCL
糖醋咕噜肉			57		THUOCL
遵义鸡蛋糕			57		THUOCL
金奖惠明茶			57		THUOCL
雪花豆腐			57		THUOCL
香辣蹄花			57		THUOCL
马义兴			57		THUOCL
鲜花豆腐			57		THUOCL
一卵孵双凤			56		THUOCL
什锦苏盘儿			56		THUOCL
仔凉粉			56		THUOCL
凤阳酿豆腐			56		THUOCL
台式三杯鸡			56		THUOCL
巧克力沙司			56		THUOCL
抗坏血酸棕榈酸酯			56		THUOCL
火腿粑粑			56		THUOCL
红米红			56		THUOCL
绿茶酥			56		THUOCL
萝卜干炒腊肉			56		THUOCL
过手米线			56		THUOCL
青椒炒蛋			56		THUOCL
面包酥			56		THUOCL
鲜肉汤团			56		THUOCL
鸡丝燕窝			56		THUOCL
四喜饺			55		THUOCL
家乐鸡粉			55		THUOCL
怪味兔头			55		THUOCL
果酱三明治			55		THUOCL
桂花莲藕			55		THUOCL
水晶软糖			55		THUOCL
海参羹			55		THUOCL
潼川豆豉			55		THUOCL
炒糕粿			55		THUOCL
特级金标生抽			55		THUOCL
特级金标生抽王			55		THUOCL
生肖蛋糕			55		THUOCL
百合罐头			55		THUOCL
盐步秋茄			55		THUOCL
红枣菊花粥			55		THUOCL
蟹肉罐头			55		THUOCL
越橘红			55		THUOCL
阜宁大糕			55		THUOCL
鸡茸蘑菇汤			55		THUOCL
麻辣牛肉丝			55		THUOCL
黄石港饼			55		THUOCL
五香羊肉			54		THUOCL
抓炒对虾			54		THUOCL
摩卡冰咖啡			54		THUOCL
油氽馒头			54		THUOCL
油炸牛皮			54		THUOCL
油豆腐线粉汤			54		THUOCL
油锄片			54		THUOCL
炒里脊丝			54		THUOCL
牛抵茶			54		THUOCL
田园脆鸡堡			54		THUOCL
白肉罩火烧			54		THUOCL
硫酸铝铵			54		THUOCL
福鼎芋			54		THUOCL
紫米八宝饭			54		THUOCL
绥阳空心面			54		THUOCL
老姜汤			54		THUOCL
苹果啤酒			54		THUOCL
草莓芝士饼			54		THUOCL
酸菜火锅			54		THUOCL
金鱼鸭掌			54		THUOCL
钵仔禾虫			54		THUOCL
长人馄饨			54		THUOCL
鸡西冷面			54		THUOCL
麻油干丝			54		THUOCL
麻辣肚丝			54		THUOCL
麻辣香水鱼			54		THUOCL
乙酸苄酯			53		THUOCL
凉拌金针菇			53		THUOCL
卤什件儿			53		THUOCL
枸杞银耳			53		THUOCL
柚子蜂蜜			53		THUOCL
桂花稠酒			53		THUOCL
河水豆花			53		THUOCL
浓情香鸡翼			53		THUOCL
海天海鲜酱油			53		THUOCL
清汤抄手			53		THUOCL
烧大葱			53		THUOCL
熏肘子			53		THUOCL
熏鸡白肚儿			53		THUOCL
牛清汤			53		THUOCL
玉楼东酒家			53		THUOCL
百花鸡			53		THUOCL
葱油酥饼			53		THUOCL
葵花虾饼			53		THUOCL
蟹黄灌汤包			53		THUOCL
豆沙锅饼			53		THUOCL
豆瓣鲫鱼			53		THUOCL
辛癸酸甘油酯			53		THUOCL
马祥兴菜馆			53		THUOCL
鸭母捻			53		THUOCL
黄焖甲鱼			53		THUOCL
丁基羟基茴香醚			52		THUOCL
三皮丝			52		THUOCL
低亚硫酸钠			52		THUOCL
天源酱园			52		THUOCL
小煎鸡			52		THUOCL
恩施玉露茶			52		THUOCL
手撕烤兔			52		THUOCL
油葱果			52		THUOCL
海参酥			52		THUOCL
红虾酥心糖			52		THUOCL
肉丸胡辣汤			52		THUOCL
腌鲜桂鱼			52		THUOCL
虎皮毛豆腐			52		THUOCL
蜜桃片			52		THUOCL
蜜汁叉烧包			52		THUOCL
酸辣牛肉			52		THUOCL
静宁烧鸡			52		THUOCL
黄坦糖			52		THUOCL
临潼火晶柿子			51		THUOCL
冬瓜鳖裙羹			51		THUOCL
劲霸鸡汁			51		THUOCL
城隍庙梨膏糖			51		THUOCL
太极干巴菌			51		THUOCL
姜汁排叉儿			51		THUOCL
常熟叫化鸡			51		THUOCL
干烧冬笋			51		THUOCL
广汉缠丝兔			51		THUOCL
开心蔬麦			51		THUOCL
总统鱼			51		THUOCL
拌粉干			51		THUOCL
拌银耳			51		THUOCL
排骨炖藕			51		THUOCL
曲奇香奶			51		THUOCL
桂花翅子			51		THUOCL
棉花糕			51		THUOCL
油酥米花糖			51		THUOCL
红松宝			51		THUOCL
红椒酿肉			51		THUOCL
翠玉豆糕			51		THUOCL
苹果软糖			51		THUOCL
菊花烧卖			51		THUOCL
豆豉姜			51		THUOCL
豉汁蒸凤爪			51		THUOCL
进京乳腐			51		THUOCL
酸豆角炒肉末			51		THUOCL
首乌肝片			51		THUOCL
香菜粉			51		THUOCL
麻姑茶			51		THUOCL
鼎湖山茶饼			51		THUOCL
龙井竹荪			51		THUOCL
云南春卷			50		THUOCL
喜歪歪			50		THUOCL
己醛			50		THUOCL
杨村糕干			50		THUOCL
油鸡纵			50		THUOCL
焦亚硫酸钾			50		THUOCL
牛丸粉			50		THUOCL
牛肉夹馍			50		THUOCL
白记饺子			50		THUOCL
福建炒饭			50		THUOCL
筒子鸡			50		THUOCL
糖粥藕			50		THUOCL
葡萄糖酸锰			50		THUOCL
蒸鲳鱼			50		THUOCL
豆面饽饽			50		THUOCL
面条像裤带			50		THUOCL
鱼三味			50		THUOCL
龙身凤尾虾			50		THUOCL
丁香排骨			49		THUOCL
双色豆糕			49		THUOCL
发酵饼干			49		THUOCL
安富丽			49		THUOCL
宝发园			49		THUOCL
惠如楼			49		THUOCL
扒面筋			49		THUOCL
枣之礼			49		THUOCL
枸杞海参鸽蛋			49		THUOCL
桃粿			49		THUOCL
沙湾姜撞奶			49		THUOCL
洋葱酱			49		THUOCL
烩麻食			49		THUOCL
狮子糕			49		THUOCL
猪肝菠菜汤			49		THUOCL
白蜜食			49		THUOCL
肉丝春卷			49		THUOCL
脆皮大肠			49		THUOCL
蜂巢芋角			49		THUOCL
酸辣肚丝汤			49		THUOCL
麦芽粥			49		THUOCL
黄金豆腐			49		THUOCL
三丝凉面			48		THUOCL
乌龙吐珠			48		THUOCL
乾州锅盔			48		THUOCL
南瓜团子			48		THUOCL
古乐伴宴			48		THUOCL
大湖鱼			48		THUOCL
天门冬酰胺酶			48		THUOCL
山霉			48		THUOCL
提浆月饼			48		THUOCL
斜桥榨菜			48		THUOCL
木瓜凉粉			48		THUOCL
松仁糕			48		THUOCL
格林斯通			48		THUOCL
桑椹红			48		THUOCL
椒盐桃片			48		THUOCL
椰汁西米糕			48		THUOCL
洋芋粑粑			48		THUOCL
海味面			48		THUOCL
灯影牛肉干			48		THUOCL
玉米粒罐头			48		THUOCL
百果糕			48		THUOCL
砂仁羊肉汤			48		THUOCL
脆皮鲜奶			48		THUOCL
腊肉火锅			48		THUOCL
花旗参炖竹丝鸡			48		THUOCL
蟹肉羹			48		THUOCL
麻粉肘子			48		THUOCL
麻酱饼			48		THUOCL
三丝眉毛酥			47		THUOCL
三鲜鱼翅			47		THUOCL
天主堂鸡片			47		THUOCL
小猫脚			47		THUOCL
曲园酒家			47		THUOCL
核桃粘			47		THUOCL
澳洲牛柳			47		THUOCL
火腿饼			47		THUOCL
烹白肉			47		THUOCL
生炒海蚌			47		THUOCL
生爆盐煎肉			47		THUOCL
甲基香豆素			47		THUOCL
白沙液酒			47		THUOCL
白糖伦教糕			47		THUOCL
盐酸硫胺素			47		THUOCL
硬脂酰乳酸钠			47		THUOCL
粉蒸羊肉			47		THUOCL
花煎饼			47		THUOCL
酥理玛			47		THUOCL
锅烧海参			47		THUOCL
鱼肉水饺			47		THUOCL
鸡肉抄手			47		THUOCL
三鲜烧麦			46		THUOCL
六曲香			46		THUOCL
凉拌藕片			46		THUOCL
凉糍粑			46		THUOCL
家乐鸡精			46		THUOCL
年轮蛋糕			46		THUOCL
广州文昌鸡			46		THUOCL
御膳粥			46		THUOCL
恩尼艾斯			46		THUOCL
抓炒鱼片			46		THUOCL
无核桔			46		THUOCL
水糍粑			46		THUOCL
油馍馍			46		THUOCL
海参炖瘦肉			46		THUOCL
火烧猪肉			46		THUOCL
炒三不沾			46		THUOCL
玉米发糕			46		THUOCL
甜麻花			46		THUOCL
百里香叶			46		THUOCL
紫胶红			46		THUOCL
豆腐帘子			46		THUOCL
郭杜林月饼			46		THUOCL
锅烧肘子			46		THUOCL
鹤庆乾酒			46		THUOCL
龙胆酒			46		THUOCL
一品烧饼			45		THUOCL
上清饮凉茶			45		THUOCL
佛山盲公饼			45		THUOCL
凉拌粉丝			45		THUOCL
宁波粽子			45		THUOCL
尖蜜拉			45		THUOCL
尼姑素面			45		THUOCL
抹茶咖啡			45		THUOCL
方腊鱼			45		THUOCL
杏仁条			45		THUOCL
树根蛋糕			45		THUOCL
汇泉饭店			45		THUOCL
煎焖子			45		THUOCL
猪油汤圆			45		THUOCL
甜酒汤圆			45		THUOCL
细花糕			45		THUOCL
蜜汁红芋			45		THUOCL
闻喜饼			45		THUOCL
鸡柳汉堡			45		THUOCL
鸳鸯酥			45		THUOCL
龙脊茶			45		THUOCL
中江挂面			44		THUOCL
八宝野鸭			44		THUOCL
八王寺汽水			44		THUOCL
双流老妈兔头			44		THUOCL
咖喱菜花			44		THUOCL
坦洋工夫茶			44		THUOCL
大山牌			44		THUOCL
大理乳扇			44		THUOCL
干煸鳝鱼			44		THUOCL
德懋恭水晶饼			44		THUOCL
扁豆糕			44		THUOCL
拌鸭掌			44		THUOCL
桂花糖年糕			44		THUOCL
梅子排骨			44		THUOCL
椰汁红豆糕			44		THUOCL
毛嘴卤鸡			44		THUOCL
毛毛虫面包			44		THUOCL
滑蛋虾仁			44		THUOCL
烧三鲜			44		THUOCL
爆肚仁儿			44		THUOCL
生鱼葛菜汤			44		THUOCL
百合糕			44		THUOCL
红梅珠香			44		THUOCL
苏式蜜饯			44		THUOCL
荷包豆腐			44		THUOCL
菜干扣肉			44		THUOCL
葱油花卷			44		THUOCL
蒲江米花糖			44		THUOCL
贵妃饼			44		THUOCL
酸辣蹄筋			44		THUOCL
锦绣鱼丝			44		THUOCL
龙凤腿			44		THUOCL
三丝汤			43		THUOCL
八块鸡			43		THUOCL
凉瓜炒蛋			43		THUOCL
周村大酥烧饼			43		THUOCL
奶油小蛋糕			43		THUOCL
干梅子			43		THUOCL
快乐搭档			43		THUOCL
时辰包子			43		THUOCL
木瓜牛乳			43		THUOCL
樱桃蕃茄			43		THUOCL
水八块			43		THUOCL
油锅盔			43		THUOCL
海鲜菇			43		THUOCL
澳洲带子			43		THUOCL
焦磷酸二氢二钠			43		THUOCL
煨豆腐			43		THUOCL
玉堂酱菜			43		THUOCL
白灵菇罐头			43		THUOCL
百寿桃			43		THUOCL
纽约芝士蛋糕			43		THUOCL
自来红月饼			43		THUOCL
薄皮鲜虾饺			43		THUOCL
试量狗肉			43		THUOCL
酱爆牛肉			43		THUOCL
雁荡毛峰茶			43		THUOCL
黄泥煨鸡			43		THUOCL
三原蓼花			42		THUOCL
三原蓼花糖			42		THUOCL
仲夏野莓			42		THUOCL
包谷稀饭			42		THUOCL
台北牛肉面			42		THUOCL
姜汁菠菜			42		THUOCL
成都担担面			42		THUOCL
枣泥拉糕			42		THUOCL
栗子白菜			42		THUOCL
榜舍龟			42		THUOCL
油甘子			42		THUOCL
深海鳕鱼条			42		THUOCL
溜鸡脯			42		THUOCL
炒西施舌			42		THUOCL
热带暴风雨			42		THUOCL
煮鹌鹑蛋			42		THUOCL
甲基丁香酚			42		THUOCL
百果蜜糕			42		THUOCL
稳定态二氧化氯			42		THUOCL
羊眼包子			42		THUOCL
肉丝汤面			42		THUOCL
虫草炖水鸭			42		THUOCL
金桔花			42		THUOCL
马乃司			42		THUOCL
乐啤露			41		THUOCL
十里香茶			41		THUOCL
千层馒头			41		THUOCL
南肉春笋			41		THUOCL
小炒黄牛肉			41		THUOCL
小豆糕			41		THUOCL
川味牛肉			41		THUOCL
戊基肉桂醛			41		THUOCL
李锦记叉烧酱			41		THUOCL
枣泥蛋糕			41		THUOCL
梅子肉			41		THUOCL
水泡饼干			41		THUOCL
洋芋饼			41		THUOCL
清蒸翅子			41		THUOCL
炸肥肠			41		THUOCL
烩豌豆			41		THUOCL
肴肉面			41		THUOCL
芒果色拉			41		THUOCL
莲蓬豆腐			41		THUOCL
葡萄皮红			41		THUOCL
酱汁排骨			41		THUOCL
饽饽四品			41		THUOCL
香芋蛋糕			41		THUOCL
鸡汁锅贴			41		THUOCL
鸡蛋紫菜汤			41		THUOCL
一品南乳肉			40		THUOCL
冒节子肥肠粉			40		THUOCL
喹啉黄			40		THUOCL
川贝酿梨			40		THUOCL
新长发糖炒栗子			40		THUOCL
无核小葡萄			40		THUOCL
普陀山佛茶			40		THUOCL
朝包子			40		THUOCL
桂花鲜栗羹			40		THUOCL
江毛水饺			40		THUOCL
泡儿油糕			40		THUOCL
漆油茶			40		THUOCL
炒面鱼			40		THUOCL
炕炕馍			40		THUOCL
炖禾虫			40		THUOCL
烩小吃			40		THUOCL
牛奶朱古力			40		THUOCL
琼酱			40		THUOCL
甜菊糖苷			40		THUOCL
田菁胶			40		THUOCL
皇盾			40		THUOCL
米花茶			40		THUOCL
耕之灵			40		THUOCL
芙蓉海参			40		THUOCL
菊花锅子			40		THUOCL
重庆毛血旺			40		THUOCL
鱼头豆腐煲			40		THUOCL
三丝牛肉卷			39		THUOCL
三北藕丝糖			39		THUOCL
上汤时蔬			39		THUOCL
二丁基羟基甲苯			39		THUOCL
全麦芽啤酒			39		THUOCL
包浆豆腐			39		THUOCL
太后火锅			39		THUOCL
宜良烧鸭			39		THUOCL
干锅鸡杂			39		THUOCL
拨御面			39		THUOCL
文君茶			39		THUOCL
无米粿			39		THUOCL
果子肉			39		THUOCL
椰香面包			39		THUOCL
橙糕			39		THUOCL
油炸蜂蛹			39		THUOCL
潮州鱼蛋粉			39		THUOCL
炒黄瓜酱			39		THUOCL
炸石鸡			39		THUOCL
炸飞禽			39		THUOCL
猪油饽饽			39		THUOCL
白糖杨梅			39		THUOCL
皇禽酱鸭			39		THUOCL
红烧牛肉罐头			39		THUOCL
绿柳居菜馆			39		THUOCL
聚甘油脂肪酸酯			39		THUOCL
芹菜拌腐竹			39		THUOCL
西塘八珍糕			39		THUOCL
酥盒子			39		THUOCL
金刚脐			39		THUOCL
银芽鸡丝			39		THUOCL
阳高杏脯			39		THUOCL
青鱼秃肺			39		THUOCL
饽饽二品			39		THUOCL
香辣盆盆虾			39		THUOCL
鸡豌豆凉粉			39		THUOCL
鸳鸯饼			39		THUOCL
麒麟桂鱼			39		THUOCL
三鲜丸子			38		THUOCL
严州干菜鸭			38		THUOCL
伊斯兰烧饼			38		THUOCL
北京水煮鱼			38		THUOCL
卵石鲜鱼汤			38		THUOCL
叶耳粑			38		THUOCL
小桃园煨汤			38		THUOCL
干锅带皮牛肉			38		THUOCL
扒澳洲牛柳			38		THUOCL
摩卡蛋糕			38		THUOCL
松鹤楼菜馆			38		THUOCL
板栗红烧肉			38		THUOCL
清汤海参			38		THUOCL
源和堂蜜饯			38		THUOCL
炒饵丝			38		THUOCL
炒鸭肠			38		THUOCL
炝青蛤			38		THUOCL
烟台焖子			38		THUOCL
烤小鸡			38		THUOCL
烩鸭四宝			38		THUOCL
熘鱼片儿			38		THUOCL
王兴记馄饨			38		THUOCL
珍珠豆腐			38		THUOCL
琵琶大虾			38		THUOCL
白皮儿			38		THUOCL
硬蛋糕			38		THUOCL
维也纳冰咖啡			38		THUOCL
绿草牛			38		THUOCL
芙蓉燕菜			38		THUOCL
茸汤广肚			38		THUOCL
草莓芝士蛋糕			38		THUOCL
荷叶排骨			38		THUOCL
菊花豆腐			38		THUOCL
菊花青鱼			38		THUOCL
葡萄糖酸钾			38		THUOCL
豆沙卷			38		THUOCL
辣椒油树脂			38		THUOCL
酿青椒			38		THUOCL
醉蚌肉			38		THUOCL
野菜窝头			38		THUOCL
金牌蒜香骨			38		THUOCL
锅烧白菜			38		THUOCL
香德利			38		THUOCL
骨痛药酒			38		THUOCL
高河菜			38		THUOCL
鸭血豆腐汤			38		THUOCL
黑豆红			38		THUOCL
七层糕			37		THUOCL
三鲜锅贴			37		THUOCL
剁椒蒸芋头			37		THUOCL
吞拿鱼罐头			37		THUOCL
培根面包			37		THUOCL
孜然排骨			37		THUOCL
家常熬鱼			37		THUOCL
带皮黄牛肉			37		THUOCL
斗糕			37		THUOCL
望海天天渔港			37		THUOCL
桂花茶饼			37		THUOCL
汉生胶			37		THUOCL
沐丹阳			37		THUOCL
沙县馄饨			37		THUOCL
油焖白菜			37		THUOCL
海南椰子船			37		THUOCL
清蒸火腿			37		THUOCL
火爆肥肠			37		THUOCL
烫面蒸饺			37		THUOCL
珍珠海参			37		THUOCL
红星兔丁			37		THUOCL
羊筋菜			37		THUOCL
羊肉蒸饺			37		THUOCL
花生猪蹄			37		THUOCL
茄汁明虾			37		THUOCL
葛粉圆子			37		THUOCL
葱爆牛柳			37		THUOCL
蘸仔鸭			37		THUOCL
蜜饯海棠			37		THUOCL
过桥抄手			37		THUOCL
酒石酸氢胆碱			37		THUOCL
酸辣蕨根粉			37		THUOCL
香酥羊排			37		THUOCL
麻辣鸭脖子			37		THUOCL
一品寿桃			36		THUOCL
冰拿铁咖啡			36		THUOCL
南山白毛茶			36		THUOCL
卤肉锅盔			36		THUOCL
双花饮			36		THUOCL
大京枣			36		THUOCL
天麻鱼头汤			36		THUOCL
小蒸包			36		THUOCL
干煽牛肉丝			36		THUOCL
干锅牛肉			36		THUOCL
应记云吞面			36		THUOCL
徽州饼			36		THUOCL
扶风鹿糕			36		THUOCL
普集烧鸡			36		THUOCL
水果奶油蛋糕			36		THUOCL
沙湾大盘鸡			36		THUOCL
炒白虾			36		THUOCL
炒茄丝			36		THUOCL
炒蹄筋儿			36		THUOCL
烀肉			36		THUOCL
烧鸳鸯			36		THUOCL
煎软鸡			36		THUOCL
熘鱼脯			36		THUOCL
爆炒田鸡			36		THUOCL
牛佛烘肘			36		THUOCL
猪肝水			36		THUOCL
甲基苯乙酮			36		THUOCL
白皮酥			36		THUOCL
石榴鸡			36		THUOCL
粤香村			36		THUOCL
红扒鱼翅			36		THUOCL
莳萝草			36		THUOCL
虎皮花生			36		THUOCL
蜀风园			36		THUOCL
酸奶黄瓜			36		THUOCL
酸辣鸡杂			36		THUOCL
铁板田鸡			36		THUOCL
雪菜大汤黄鱼			36		THUOCL
香天液			36		THUOCL
香芹酮			36		THUOCL
鱼香大虾			36		THUOCL
鸡油菜心			36		THUOCL
黄糕粑			36		THUOCL
龙爪肉丝			36		THUOCL
丁香榄			35		THUOCL
三色糕			35		THUOCL
三角酥			35		THUOCL
九黄饼			35		THUOCL
五彩炒蛇丝			35		THUOCL
什锦豆腐脑			35		THUOCL
同安封肉			35		THUOCL
喜洲鱼			35		THUOCL
奶油白酱			35		THUOCL
小黄玉			35		THUOCL
巧克力甜甜圈			35		THUOCL
怀远三绝			35		THUOCL
拖叶			35		THUOCL
格仔饼			35		THUOCL
椒麻鸡片			35		THUOCL
欧培拉			35		THUOCL
炒肝尖儿			35		THUOCL
烤鹿脯			35		THUOCL
焜锅馍馍			35		THUOCL
熘鱼肚			35		THUOCL
牛筋煲			35		THUOCL
白油豆腐			35		THUOCL
石亭绿茶			35		THUOCL
砂锅雅鱼			35		THUOCL
神农牌			35		THUOCL
羊肉焖饼			35		THUOCL
蛋圆饼干			35		THUOCL
蛋黄饼干			35		THUOCL
酱炒萝卜糕			35		THUOCL
酿枇杷			35		THUOCL
锦山牛肉干			35		THUOCL
鱼香茄饼			35		THUOCL
麻仁酥			35		THUOCL
麻籽茶			35		THUOCL
黄油曲奇			35		THUOCL
黄油汁			35		THUOCL
龙凤面			35		THUOCL
一品熊掌			34		THUOCL
丁香肘子			34		THUOCL
五仁包			34		THUOCL
佛手金卷			34		THUOCL
内江蜜饯			34		THUOCL
凤尾虾排			34		THUOCL
反沙芋头			34		THUOCL
咖喱鸡丁			34		THUOCL
大理饵块			34		THUOCL
如意回卤干			34		THUOCL
干烧辽参			34		THUOCL
干烧鲫鱼			34		THUOCL
干锅手撕包菜			34		THUOCL
庄里合儿饼			34		THUOCL
旋子凉粉			34		THUOCL
柴把鱼			34		THUOCL
江华毛尖			34		THUOCL
清补羊肉汤			34		THUOCL
炒糊饽			34		THUOCL
炸素卷圈			34		THUOCL
炸脂盖			34		THUOCL
炸藕合			34		THUOCL
烩散丹			34		THUOCL
烩银丝			34		THUOCL
煨番薯			34		THUOCL
煮凉粉			34		THUOCL
硬壳火腿饼			34		THUOCL
红烧冬瓜			34		THUOCL
翡翠烧麦			34		THUOCL
花生粘			34		THUOCL
莫干黄芽茶			34		THUOCL
虾仁酥			34		THUOCL
还童茶			34		THUOCL
高三酱肉			34		THUOCL
鱼香肉片			34		THUOCL
麒麟鲈鱼			34		THUOCL
乙酸龙脑酯			33		THUOCL
乾县锅盔			33		THUOCL
井冈山烟笋烧肉			33		THUOCL
六安篮茶			33		THUOCL
冬瓜炖排骨			33		THUOCL
凉拌豇豆			33		THUOCL
刺龙牙			33		THUOCL
勾魂面			33		THUOCL
博望锅盔			33		THUOCL
大盘肚			33		THUOCL
大麦茶饮料			33		THUOCL
常州大麻糕			33		THUOCL
抓抓粉			33		THUOCL
月宫饼			33		THUOCL
李锦记海鲜酱			33		THUOCL
梁渡银针			33		THUOCL
梧州蜜枣			33		THUOCL
椰蓉面包			33		THUOCL
榆次灌肠			33		THUOCL
油炸糖糕			33		THUOCL
百花串酱菜			33		THUOCL
盐饼子			33		THUOCL
祭灶果			33		THUOCL
簸箕炊			33		THUOCL
糟烩鞭笋			33		THUOCL
糯米凉糕			33		THUOCL
绿豆丸子			33		THUOCL
自来白月饼			33		THUOCL
茶叶粥			33		THUOCL
蒸羊羔儿			33		THUOCL
贴饽饽熬鱼			33		THUOCL
辣子肥肠			33		THUOCL
郑州烤鸭			33		THUOCL
郭八火烧			33		THUOCL
鄱阳湖狮子头			33		THUOCL
酥合子			33		THUOCL
麻酥油卷儿			33		THUOCL
黑木耳红枣饮			33		THUOCL
五香兔头			32		THUOCL
凤凰鱼翅			32		THUOCL
南沙饼			32		THUOCL
多味果			32		THUOCL
奶汁鱼片			32		THUOCL
姜汁热窝鸡			32		THUOCL
宵米			32		THUOCL
广州凉粉			32		THUOCL
拌鸡块			32		THUOCL
新加坡肉骨茶			32		THUOCL
桂林田螺			32		THUOCL
桐蛋			32		THUOCL
汤冷面			32		THUOCL
汾酒牛肉			32		THUOCL
炒胡萝卜酱			32		THUOCL
烧百合			32		THUOCL
牛肚火锅			32		THUOCL
玫瑰蜜饯			32		THUOCL
知味小笼			32		THUOCL
红果酪			32		THUOCL
羟丙基淀粉			32		THUOCL
蚕豆罐头			32		THUOCL
蜂蜜花生			32		THUOCL
装饰饼干			32		THUOCL
西部牛仔烧烤城			32		THUOCL
辛酸乙酯			32		THUOCL
酥皮莲蓉包			32		THUOCL
金钱海参			32		THUOCL
面筋百叶			32		THUOCL
顶顶糕			32		THUOCL
鲜蘑菜心			32		THUOCL
鼎泰丰小笼包			32		THUOCL
三河米饺			31		THUOCL
三花减肥茶			31		THUOCL
八宝菠菜			31		THUOCL
凉瓜牛肉			31		THUOCL
凤尾烧卖			31		THUOCL
刺猬包			31		THUOCL
喇嘛糕			31		THUOCL
大边炉			31		THUOCL
新一代长城			31		THUOCL
果汁鱼块			31		THUOCL
核桃冻			31		THUOCL
桂花酒酿元宵			31		THUOCL
猪脏面			31		THUOCL
罐头梨			31		THUOCL
羊肉松			31		THUOCL
老汤姆金酒			31		THUOCL
老鼎丰月饼			31		THUOCL
脆绍面			31		THUOCL
葡萄糖酸镁			31		THUOCL
蟹肉汤包			31		THUOCL
豆腐芝士蛋糕			31		THUOCL
震远同玫瑰酥糖			31		THUOCL
青海月饼			31		THUOCL
鲜蘑豆腐			31		THUOCL
鹅肝酱牛排			31		THUOCL
乐满家			30		THUOCL
保德油枣			30		THUOCL
千层皮			30		THUOCL
卤鹌鹑蛋			30		THUOCL
原笼玉簪			30		THUOCL
咖啡欧蕾			30		THUOCL
复元汤			30		THUOCL
小笼粉蒸牛肉			30		THUOCL
扒牛肉条			30		THUOCL
晒炉肉			30		THUOCL
梆梆肉			30		THUOCL
梳子百页			30		THUOCL
椒盐粽子			30		THUOCL
水盆大肉			30		THUOCL
水管面			30		THUOCL
海带茶			30		THUOCL
溜腰花			30		THUOCL
炸藕盒			30		THUOCL
燕麦饭			30		THUOCL
爆螺片			30		THUOCL
片皮乳猪			30		THUOCL
牛羊肉煮馍			30		THUOCL
砂子饼			30		THUOCL
米果汁			30		THUOCL
粒粒脆			30		THUOCL
糖醋瓦块鱼			30		THUOCL
绿茵白兔饺			30		THUOCL
美极虾			30		THUOCL
芝士蛋堡			30		THUOCL
荆沙鱼糕			30		THUOCL
谈炎记水饺			30		THUOCL
贾家灌汤包			30		THUOCL
辛醛			30		THUOCL
邻氨基苯甲酸甲酯			30		THUOCL
面鱼子			30		THUOCL
香煎牛仔骨			30		THUOCL
鲜肉蒸馄饨			30		THUOCL
麂子干巴			30		THUOCL
麒麟石斑			30		THUOCL
麒麟石斑鱼			30		THUOCL
东江豆腐煲			29		THUOCL
乙酸异戊酯			29		THUOCL
五山池			29		THUOCL
八宝甲鱼			29		THUOCL
卤饵丝			29		THUOCL
和记米粉			29		THUOCL
宫保虾球			29		THUOCL
屯溪醉蟹			29		THUOCL
川贝雪梨猪肺汤			29		THUOCL
树花炖土鸡			29		THUOCL
樱桃羹			29		THUOCL
水煮笋罐头			29		THUOCL
洗沙白酥			29		THUOCL
海藻酸丙二醇酯			29		THUOCL
清汤柴把鸭			29		THUOCL
溜牛里脊			29		THUOCL
火腿大头菜酥			29		THUOCL
炒蟹肉			29		THUOCL
烩番薯			29		THUOCL
燕面揉揉			29		THUOCL
牌坊面			29		THUOCL
狼牙蜜			29		THUOCL
甜藕粥			29		THUOCL
白水羊肉			29		THUOCL
白面锅盔			29		THUOCL
砂锅羊肉			29		THUOCL
硬脂酸钾			29		THUOCL
磷酸三钾			29		THUOCL
筱筱火勺			29		THUOCL
肉片烧茄子			29		THUOCL
肉米鱼唇			29		THUOCL
苞芦松			29		THUOCL
草莓果泥			29		THUOCL
荷叶糯米鸡			29		THUOCL
西乡牛肉干			29		THUOCL
邢台道口烧鸡			29		THUOCL
酒酿棉子圆			29		THUOCL
酸辣大白菜			29		THUOCL
铜仁绿豆粉			29		THUOCL
锅贴鱼			29		THUOCL
青椒回锅肉			29		THUOCL
香草凤尾虾			29		THUOCL
鱼茸乳扇卷			29		THUOCL
鱼香牛肉丝			29		THUOCL
鹰扬虎视			29		THUOCL
黄焖鸡块			29		THUOCL
丰城冻米糖			28		THUOCL
五指山茶			28		THUOCL
冰凉糕			28		THUOCL
冰蓼花			28		THUOCL
加味二妙散			28		THUOCL
加州庄园			28		THUOCL
劲霸青芥辣			28		THUOCL
叉烧鱼			28		THUOCL
合水西瓜			28		THUOCL
婺源茗眉茶			28		THUOCL
宁波猪油汤团			28		THUOCL
容美茶			28		THUOCL
小孩酥糖			28		THUOCL
巧克力夹心蛋糕			28		THUOCL
捶肉			28		THUOCL
栗子黄焖鸡			28		THUOCL
桂花元宵			28		THUOCL
桐叶粑粑			28		THUOCL
水晶南瓜			28		THUOCL
沙茶烤肉串			28		THUOCL
油炸馄饨			28		THUOCL
油鸡棕			28		THUOCL
清油盘丝饼			28		THUOCL
满族饽饽			28		THUOCL
火腿白菜			28		THUOCL
炒豆腐脑			28		THUOCL
熘白蘑			28		THUOCL
甲基环戊烯醇酮			28		THUOCL
白扒鱼翅			28		THUOCL
空心拉面			28		THUOCL
糖腿破酥包子			28		THUOCL
菊花里脊			28		THUOCL
蒜蓉粉丝蒸扇贝			28		THUOCL
贝德利			28		THUOCL
酱汁瓦块鱼			28		THUOCL
酸辣狗肉			28		THUOCL
醋溜黄瓜			28		THUOCL
金丝酥雀			28		THUOCL
铁板黑椒牛柳			28		THUOCL
青椒牛肉丝			28		THUOCL
鱼头窝			28		THUOCL
鱼腩煲			28		THUOCL
鸡丝虎掌菌			28		THUOCL
鸡肉生煎馒头			28		THUOCL
麦角钙化醇			28		THUOCL
麻辣蹄筋			28		THUOCL
麻酱菠菜			28		THUOCL
黄石溪毛峰			28		THUOCL
一品鲍鱼			27		THUOCL
三鲜砂锅			27		THUOCL
倍半碳酸钠			27		THUOCL
偶氮甲酰胺			27		THUOCL
冰糖核桃			27		THUOCL
南昌炒粉			27		THUOCL
卤米线			27		THUOCL
发丝百叶			27		THUOCL
古月胡三合泥			27		THUOCL
号腐干			27		THUOCL
土豆排骨汤			27		THUOCL
富春江鲥鱼			27		THUOCL
巧克力新地			27		THUOCL
平安茶			27		THUOCL
桔阳			27		THUOCL
烩水果			27		THUOCL
煎碗坨			27		THUOCL
猪油夹沙粽子			27		THUOCL
百子寿桃			27		THUOCL
石屏烧豆腐			27		THUOCL
秀兰邓波尔			27		THUOCL
窝子油糕			27		THUOCL
绣球鱼翅			27		THUOCL
罗汉果冲剂			27		THUOCL
荞剁面			27		THUOCL
蟹黄虾盅			27		THUOCL
豆付干			27		THUOCL
豫尔			27		THUOCL
赛鲍鱼			27		THUOCL
遂川狗牯脑			27		THUOCL
郭汤圆			27		THUOCL
野生酸枣汁			27		THUOCL
锅烧猪蹄儿			27		THUOCL
馏鱼片			27		THUOCL
魔芋糕			27		THUOCL
鱼儿粉			27		THUOCL
黄金香肉脯			27		THUOCL
七境堂绿茶			26		THUOCL
三鲜木樨汤			26		THUOCL
东壁龙珠			26		THUOCL
乌发汤			26		THUOCL
乐福园酒店			26		THUOCL
什锦葛仙米			26		THUOCL
伏岭玫瑰酥			26		THUOCL
全羊汤锅			26		THUOCL
冬菜扣肉			26		THUOCL
冰菜			26		THUOCL
劲脆鸡腿堡			26		THUOCL
吉利虾			26		THUOCL
吴家熏肉			26		THUOCL
圣诞面包			26		THUOCL
塞外酒堡			26		THUOCL
大面白			26		THUOCL
奶油草莓蛋糕			26		THUOCL
宣威土豆			26		THUOCL
宫保野兔			26		THUOCL
山楂荷叶茶			26		THUOCL
干煸肥肠			26		THUOCL
库克洛夫			26		THUOCL
拔丝元宵			26		THUOCL
普宁豆干			26		THUOCL
杏源			26		THUOCL
杏瓣儿			26		THUOCL
桂林酥糖			26		THUOCL
油泼肉			26		THUOCL
海南嘉积鸭			26		THUOCL
火山鸣			26		THUOCL
烩南荠			26		THUOCL
煎封鲳鱼			26		THUOCL
爆三样儿			26		THUOCL
爆墨鱼花			26		THUOCL
爆炒羊羔肉			26		THUOCL
琉璃珠玑			26		THUOCL
甜椒肉丝			26		THUOCL
白蛇烧饼			26		THUOCL
糖荸荠			26		THUOCL
红肘子			26		THUOCL
脆皮卷			26		THUOCL
腾冲大救驾			26		THUOCL
自制果冻			26		THUOCL
菠萝圆片			26		THUOCL
蜜桔罐头			26		THUOCL
蜜饯樱桃			26		THUOCL
西瓜汁饮料			26		THUOCL
豆鼓鱼			26		THUOCL
迷宗大包			26		THUOCL
酵粿			26		THUOCL
鸿兴泰			26		THUOCL
黄焖肉			26		THUOCL
黄米油糕			26		THUOCL
黄豆炖猪脚			26		THUOCL
一品香饭店			25		THUOCL
五果汤			25		THUOCL
八步红瓜子			25		THUOCL
兰花豆干			25		THUOCL
凤凰水仙茶			25		THUOCL
双球冰淇淋			25		THUOCL
可可基			25		THUOCL
在家做蛋糕			25		THUOCL
川味凉面			25		THUOCL
干锅土鸡			25		THUOCL
杜称奇火烧			25		THUOCL
杞子炖羊脑			25		THUOCL
杭三鲜			25		THUOCL
樱桃巧克力蛋糕			25		THUOCL
水煮鳝鱼			25		THUOCL
油炸螺丝糕			25		THUOCL
洪江鸭			25		THUOCL
海南椰子盅			25		THUOCL
火山鸣泉			25		THUOCL
炒墨鱼丝			25		THUOCL
炒肉片儿			25		THUOCL
炝茭白			25		THUOCL
烧臆子			25		THUOCL
烩鸭腰儿			25		THUOCL
猴脑汤			25		THUOCL
盐水肘花儿			25		THUOCL
砂锅肥肠			25		THUOCL
粑粑卷			25		THUOCL
红烧草鱼			25		THUOCL
聚甘油单硬脂酸酯			25		THUOCL
腌苤蓝丝儿			25		THUOCL
茴香醇			25		THUOCL
荞面包			25		THUOCL
西湖天竺筷			25		THUOCL
西瓜冻			25		THUOCL
豆鼓鲇鱼			25		THUOCL
路南乳饼			25		THUOCL
辣子蒜羊血			25		THUOCL
酥皮龙虾			25		THUOCL
酥锅盔			25		THUOCL
锅塌菠菜			25		THUOCL
马家烧卖			25		THUOCL
鲜蔬足尊牛堡			25		THUOCL
鸡包鱼翅			25		THUOCL
麻辣狗肉			25		THUOCL
东方海川			24		THUOCL
京东馅饼			24		THUOCL
凯撒沙律			24		THUOCL
刀拔面			24		THUOCL
卤肉夹锅魁			24		THUOCL
咖喱牛排			24		THUOCL
咸馓子			24		THUOCL
大救架			24		THUOCL
天香鲍鱼			24		THUOCL
奶泡咖啡			24		THUOCL
岐山锅盔			24		THUOCL
川红茶			24		THUOCL
巧克力小蛋糕			24		THUOCL
开洋葱油拌面			24		THUOCL
揽饭			24		THUOCL
文楼蟹黄汤包			24		THUOCL
杂菇煲			24		THUOCL
果蒸棕			24		THUOCL
棒棒鸡丝			24		THUOCL
樽皇酒具			24		THUOCL
水煮鱼头			24		THUOCL
津兆尹			24		THUOCL
海水煮海鱼			24		THUOCL
灵芝饮料			24		THUOCL
烤冷面			24		THUOCL
特级红辣椒			24		THUOCL
猪柳蛋汉堡			24		THUOCL
猪灌肠			24		THUOCL
玻璃鱿鱼			24		THUOCL
番茄炒豆腐			24		THUOCL
白记水饺			24		THUOCL
禹城扒鸡			24		THUOCL
秤管糖			24		THUOCL
红油兔丁			24		THUOCL
罐焖鱼唇			24		THUOCL
苹果冻			24		THUOCL
茉莉浸膏			24		THUOCL
草莓绿豆粥			24		THUOCL
虫胶红			24		THUOCL
蚝油鲜菇			24		THUOCL
贵妃鸡火锅			24		THUOCL
酸辣藕丁			24		THUOCL
酿冬瓜			24		THUOCL
酿藕			24		THUOCL
酿雪梨			24		THUOCL
锅烧鳗			24		THUOCL
香酥糕			24		THUOCL
鲤鱼粥			24		THUOCL
黄蚂蚁蛋			24		THUOCL
三聚甘油单硬脂酸酯			23		THUOCL
三虾面			23		THUOCL
五香杏仁			23		THUOCL
井岗翠绿			23		THUOCL
伍仁酥			23		THUOCL
八批果子			23		THUOCL
凉拌莲藕			23		THUOCL
双麻火烧			23		THUOCL
合意饼			23		THUOCL
味窖板			23		THUOCL
墨西哥玉米片			23		THUOCL
奶油蟹肉			23		THUOCL
己烯醛			23		THUOCL
己酸烯丙酯			23		THUOCL
平遥碗脱则			23		THUOCL
徽州桃脂烧肉			23		THUOCL
扒三样			23		THUOCL
拆烩大鱼头			23		THUOCL
杨裕兴面条			23		THUOCL
果条筒			23		THUOCL
桂花鱼条			23		THUOCL
桑果雪芭			23		THUOCL
椒盐馓子			23		THUOCL
水豆鼓			23		THUOCL
泰舒茶			23		THUOCL
浓缩果酱			23		THUOCL
浪花天香鱼			23		THUOCL
清炒蚕豆			23		THUOCL
清蒸荷包红鲤鱼			23		THUOCL
潮州粿条			23		THUOCL
炒桂花翅			23		THUOCL
炒海蜇			23		THUOCL
烫面油糕			23		THUOCL
牛杂萝卜汤			23		THUOCL
玫瑰酥饼			23		THUOCL
白猪头肉			23		THUOCL
祥龙双飞			23		THUOCL
粉蒸牛羊肉			23		THUOCL
红油耳片			23		THUOCL
绿豆凸			23		THUOCL
罐罐蒸馍			23		THUOCL
花生衣红			23		THUOCL
荷叶粉蒸鸡			23		THUOCL
莲子猪心汤			23		THUOCL
薰衣草饼干			23		THUOCL
藕片汤			23		THUOCL
蚝油网鲍片			23		THUOCL
豆蓉糯米饭			23		THUOCL
酱泼肉			23		THUOCL
酱豆腐肉			23		THUOCL
酸黄菜			23		THUOCL
醋熘鳜鱼			23		THUOCL
香辣炒蟹			23		THUOCL
马牙肉			23		THUOCL
马蹄松			23		THUOCL
鸡丝米粉			23		THUOCL
七星丸			22		THUOCL
九层塔煎蛋			22		THUOCL
二甲基聚硅氧烷			22		THUOCL
五香酱鸡			22		THUOCL
什锦素菜包			22		THUOCL
介休贯馅糖			22		THUOCL
代县黄酒			22		THUOCL
侗乡腌鱼			22		THUOCL
养血安胎汤			22		THUOCL
厦门薄饼			22		THUOCL
叉烧包子			22		THUOCL
发财好事			22		THUOCL
吉士蛋堡			22		THUOCL
唐场豆腐乳			22		THUOCL
啤酒汤			22		THUOCL
四鲜烤麸			22		THUOCL
地瓜糖			22		THUOCL
大枣姜汤			22		THUOCL
定襄蒸肉			22		THUOCL
山东包子			22		THUOCL
山楂肉干			22		THUOCL
庚酸乙酯			22		THUOCL
开屏柴把桂鱼			22		THUOCL
杏仁佛手			22		THUOCL
柿子包			22		THUOCL
椰蓉包			22		THUOCL
江山绿牡丹茶			22		THUOCL
清汤火锅底			22		THUOCL
火烧冬笋			22		THUOCL
炖鸡汁			22		THUOCL
炸木耳			22		THUOCL
熘腰花儿			22		THUOCL
燕皮丝			22		THUOCL
燕窝四字			22		THUOCL
白肘子			22		THUOCL
皖西黄大茶			22		THUOCL
糖葱饼			22		THUOCL
糖醋鱼卷			22		THUOCL
罐儿肉			22		THUOCL
腊兔肉			22		THUOCL
芫爆仔鸽			22		THUOCL
范关酒			22		THUOCL
草菇西兰花			22		THUOCL
蒜子瑶柱脯			22		THUOCL
蓝莓奶酪			22		THUOCL
蜂巢蛋糕			22		THUOCL
蜜饯青梅			22		THUOCL
香竹烤饭			22		THUOCL
魔力冰淇淋咖啡			22		THUOCL
鸡杂面			22		THUOCL
鸡棕酥			22		THUOCL
一捏酥			21		THUOCL
丁酸丁酯			21		THUOCL
什锦套肠儿			21		THUOCL
冬瓜煲汤			21		THUOCL
凉豌豆粉			21		THUOCL
利口葡萄酒			21		THUOCL
功德林蔬食处			21		THUOCL
卤肉锅魁			21		THUOCL
参麦团鱼			21		THUOCL
叙府陈年糟蛋			21		THUOCL
和合腰子			21		THUOCL
咕咕霍夫			21		THUOCL
坚果蛋糕			21		THUOCL
如意酥			21		THUOCL
小锅卤饵块			21		THUOCL
山梨醇酐单油酸酯			21		THUOCL
山药百合大枣粥			21		THUOCL
府陈年糟蛋			21		THUOCL
成都子鸡			21		THUOCL
斩鱼圆			21		THUOCL
新兴牛肉丸			21		THUOCL
板栗酒			21		THUOCL
汉中米皮			21		THUOCL
浆水汤			21		THUOCL
济南肴鸡			21		THUOCL
涟水鸡糕			21		THUOCL
清梅居			21		THUOCL
清汤银耳			21		THUOCL
清音茶			21		THUOCL
灵芝恋玉蝉			21		THUOCL
炒藤菜			21		THUOCL
炸支竹			21		THUOCL
炸豆腐丸子			21		THUOCL
烩银耳			21		THUOCL
爆两样			21		THUOCL
爆炒羊肚			21		THUOCL
爆焖羊羔肉			21		THUOCL
白扒鲍鱼			21		THUOCL
白菜锅子			21		THUOCL
白醋鸡蛋			21		THUOCL
皇后双皮奶			21		THUOCL
砂锅狗肉			21		THUOCL
硅铝酸钠			21		THUOCL
糖水黄桃罐头			21		THUOCL
红庙酥饼			21		THUOCL
荔枝鱿鱼			21		THUOCL
荸荠一品锅			21		THUOCL
菊花冬笋			21		THUOCL
葡萄仿			21		THUOCL
薄饼羊肉			21		THUOCL
蜜蜡肘子			21		THUOCL
超级至尊比萨			21		THUOCL
酱黑菜			21		THUOCL
酸汤米线			21		THUOCL
陕西党参			21		THUOCL
青岛高粱饴			21		THUOCL
风味羊腿			21		THUOCL
饺子粑			21		THUOCL
香柚蜂蜜茶			21		THUOCL
鲜果布丁			21		THUOCL
鸳鸯鸡粥			21		THUOCL
麻辣诱惑蛙			21		THUOCL
黄焖狗肉			21		THUOCL
龙俐鱼			21		THUOCL
龙虎凤烩			21		THUOCL
一篓油水饺			20		THUOCL
三丁大包			20		THUOCL
上海蜜饯			20		THUOCL
五味煎蟹			20		THUOCL
五盖山米茶			20		THUOCL
偏酒石酸			20		THUOCL
八宝茶汤			20		THUOCL
八生火锅			20		THUOCL
兰花春笋			20		THUOCL
凤尾吐司虾片			20		THUOCL
刀切酥			20		THUOCL
千页糕			20		THUOCL
原叶冰红茶			20		THUOCL
双桥毛尖			20		THUOCL
徐舍小酥糖			20		THUOCL
御福坊			20		THUOCL
抗衰老啤酒			20		THUOCL
挂粉汤圆			20		THUOCL
改性大豆磷脂			20		THUOCL
新兴园蒸饺			20		THUOCL
木犀糕			20		THUOCL
木瓜生鱼汤			20		THUOCL
木赛来斯			20		THUOCL
果酱夹心饼			20		THUOCL
柠檬酸亚锡二钠			20		THUOCL
江北熊鸭子			20		THUOCL
沙锅鱼头豆腐			20		THUOCL
泥钉冻			20		THUOCL
洪都鸡			20		THUOCL
流蜞蛋			20		THUOCL
清炖狼山鸡			20		THUOCL
溜藕片			20		THUOCL
火腿鸡丝卷			20		THUOCL
火腿鸡杂饵丝			20		THUOCL
炒豌豆酱			20		THUOCL
烧紫盖儿			20		THUOCL
牛奶太妃			20		THUOCL
玫瑰米凉虾			20		THUOCL
瓶装金针菇			20		THUOCL
生汆丸子			20		THUOCL
白芦笋罐头			20		THUOCL
白银如意			20		THUOCL
糖花蛋糕			20		THUOCL
糯米八宝饭			20		THUOCL
红果茶			20		THUOCL
红枣煨肘			20		THUOCL
红豆酱			20		THUOCL
肉丁辣酱			20		THUOCL
肉罐肉			20		THUOCL
脆皮炸鲜奶			20		THUOCL
脱氢乙酸钠			20		THUOCL
芥茉鸭掌			20		THUOCL
苦瓜酿肉			20		THUOCL
苯乙酸甲酯			20		THUOCL
苯乙醛			20		THUOCL
茶香骨			20		THUOCL
莴笋肉丝			20		THUOCL
葡萄糖酸铜			20		THUOCL
葱爆肉丝			20		THUOCL
豹骨酒			20		THUOCL
酥炸牛肉卷			20		THUOCL
酸蚂蚁蛋			20		THUOCL
醉活虾			20		THUOCL
金丝烧麦			20		THUOCL
锅巴三鲜			20		THUOCL
锅贴鱼片			20		THUOCL
镶碗			20		THUOCL
长子炒饼			20		THUOCL
长武锅盔			20		THUOCL
闽生果			20		THUOCL
陆记烫面炸糕			20		THUOCL
香心菜			20		THUOCL
鱼脯丸子			20		THUOCL
鱼香炒蛋			20		THUOCL
鳝鱼凉米线			20		THUOCL
鸡茸银耳			20		THUOCL
鸳鸯鱼枣			20		THUOCL
黑胡椒酱汁			20		THUOCL
龙王夜宴			20		THUOCL
丽江火腿粑粑			19		THUOCL
什锦锅子			19		THUOCL
余姚瀑布茶			19		THUOCL
佛手包			19		THUOCL
信远斋酸梅汤			19		THUOCL
冯了性药酒			19		THUOCL
凉蛋糕			19		THUOCL
南浔香大头菜			19		THUOCL
南涧锅巴豆粉			19		THUOCL
司康饼			19		THUOCL
咖喱鱿鱼			19		THUOCL
壶关羊汤			19		THUOCL
复盆子酮			19		THUOCL
大京果			19		THUOCL
太后御膳泡泡糕			19		THUOCL
奇峰阁			19		THUOCL
姜汁鱼片			19		THUOCL
姜爆鸭丝			19		THUOCL
家乡南肉			19		THUOCL
尖椒炒蛋			19		THUOCL
山楂核桃茶			19		THUOCL
巧克力芝士蛋糕			19		THUOCL
德盛园			19		THUOCL
慧仁米粥			19		THUOCL
抓炒大虾			19		THUOCL
文蛤饼			19		THUOCL
无核糖枣			19		THUOCL
景家麻花			19		THUOCL
杂烩锅子			19		THUOCL
枫镇大面			19		THUOCL
桃仁鸡丁			19		THUOCL
桑芽茶			19		THUOCL
油闷春笋			19		THUOCL
浙江榨菜			19		THUOCL
海螺罐头			19		THUOCL
海鲜大烩			19		THUOCL
清焖莲子			19		THUOCL
清蒸牛蹄筋			19		THUOCL
漆油炖鸡			19		THUOCL
炒榛子酱			19		THUOCL
烩蟹肉			19		THUOCL
煎芋饼			19		THUOCL
煨鱿鱼			19		THUOCL
煲猪肉汤			19		THUOCL
猪油渣面			19		THUOCL
王家核桃馍			19		THUOCL
瑶柱汤			19		THUOCL
甑子糕			19		THUOCL
石榴包			19		THUOCL
福寿糕			19		THUOCL
红烧栗子鸡			19		THUOCL
红烧鱼骨			19		THUOCL
绿豆兜			19		THUOCL
罗汉饼			19		THUOCL
脆皮石鱼卷			19		THUOCL
芝麻螺			19		THUOCL
莲花卷			19		THUOCL
菠萝鸡丁			19		THUOCL
萧山杨梅			19		THUOCL
葫芦巴胶			19		THUOCL
藕丝糕			19		THUOCL
西北凉皮			19		THUOCL
酥炸排骨			19		THUOCL
酿海参			19		THUOCL
里叶白莲			19		THUOCL
重阳栗糕			19		THUOCL
金钩挂玉牌			19		THUOCL
金雀舌			19		THUOCL
银丝酥			19		THUOCL
银花薄荷饮			19		THUOCL
阿胶炖肉			19		THUOCL
陕北红小豆			19		THUOCL
香甜粟米棒			19		THUOCL
香蕉酥			19		THUOCL
香露苹果			19		THUOCL
高粱饴糖			19		THUOCL
黄焖鳗			19		THUOCL
一品玉带糕			18		THUOCL
云片鸽蛋			18		THUOCL
八宝榛子酱			18		THUOCL
八珍羹			18		THUOCL
冰卡布奇诺			18		THUOCL
包烧鲜鱼			18		THUOCL
卓资山熏鸡			18		THUOCL
南湖蟹粉			18		THUOCL
博山烤肉			18		THUOCL
口蘑蒸鸡			18		THUOCL
四味荞包			18		THUOCL
大茴香醛			18		THUOCL
夫妻肺片店			18		THUOCL
姜汁豆角			18		THUOCL
孔府地锅一绝			18		THUOCL
安泽火腿			18		THUOCL
富万利			18		THUOCL
富贵有鱼			18		THUOCL
巧克力蛋卷			18		THUOCL
带江草堂			18		THUOCL
御菜三品			18		THUOCL
曲靖韭菜花			18		THUOCL
朴枳果			18		THUOCL
果酱夹心饼干			18		THUOCL
桂花赤豆汤			18		THUOCL
森林木盒			18		THUOCL
永安笋干			18		THUOCL
沙参玉竹老鸭汤			18		THUOCL
沙律海鲜卷			18		THUOCL
泥鳅煮酸菜			18		THUOCL
泰德马帝			18		THUOCL
洞子口张凉粉			18		THUOCL
海南萝卜糕			18		THUOCL
海参三大件			18		THUOCL
清汤冬瓜			18		THUOCL
清蒸白鳝			18		THUOCL
潇湘猪手			18		THUOCL
炒肝片			18		THUOCL
炕洋芋			18		THUOCL
炝竹笋			18		THUOCL
烤鸭条			18		THUOCL
烩银丝儿			18		THUOCL
片鸡粉			18		THUOCL
猪蹄粥			18		THUOCL
玫瑰茄红			18		THUOCL
珍珠雪耳			18		THUOCL
白面锅魁			18		THUOCL
真味珍			18		THUOCL
红烧鱼唇			18		THUOCL
红豆芝士			18		THUOCL
肉骨头粥			18		THUOCL
艾蒿糕			18		THUOCL
菠菜金钩豆腐汤			18		THUOCL
落汤糍			18		THUOCL
西式月饼			18		THUOCL
豆沙凉糕			18		THUOCL
象形拼盘			18		THUOCL
辣子脆肠			18		THUOCL
辣菜饼			18		THUOCL
酥炸鱿鱼			18		THUOCL
醪糟麻花			18		THUOCL
金华玉树鸡			18		THUOCL
金蟾玉鲍			18		THUOCL
长安板栗			18		THUOCL
阿焕鸭面			18		THUOCL
陈春麻辣粉			18		THUOCL
陈村枧水			18		THUOCL
青城苦丁茶			18		THUOCL
青菠面			18		THUOCL
韭菜炒河虾			18		THUOCL
香菜籽粉			18		THUOCL
高峰云雾茶			18		THUOCL
鱼翅四大件			18		THUOCL
鲜虾荷叶饭			18		THUOCL
鸡丝汤面			18		THUOCL
鸡丝豆苗			18		THUOCL
麻辣猪肉干			18		THUOCL
麻辣野鸡			18		THUOCL
一品大包			17		THUOCL
一棒雪			17		THUOCL
东坡方肉			17		THUOCL
云腿豆焖饭			17		THUOCL
八代鱼			17		THUOCL
兴义耳块粑			17		THUOCL
凤凰社饭			17		THUOCL
印度香米饭			17		THUOCL
咸肉丝儿			17		THUOCL
响铃海参			17		THUOCL
地瓜果脯			17		THUOCL
堂煎牛仔骨			17		THUOCL
天然苋菜红			17		THUOCL
女贞子酒			17		THUOCL
屯溪徽			17		THUOCL
干炸赤鳞鱼			17		THUOCL
广式五仁月饼			17		THUOCL
庞德咖啡			17		THUOCL
徽州裹粽			17		THUOCL
扒海羊			17		THUOCL
挂霜丸子			17		THUOCL
李锦记卤水汁			17		THUOCL
杏仁儿酪			17		THUOCL
杭州老鸭煲			17		THUOCL
枸杞银耳汤			17		THUOCL
柠檬酸一钠			17		THUOCL
桂花核桃冻			17		THUOCL
桂花糖大栗			17		THUOCL
桂花糖芋艿			17		THUOCL
桉叶糖			17		THUOCL
武穴酥糖			17		THUOCL
氽三样儿			17		THUOCL
氽大甲			17		THUOCL
汤圆锅子			17		THUOCL
油攒大虾			17		THUOCL
洋河敦煌			17		THUOCL
洱海弓鱼			17		THUOCL
潮州春饼			17		THUOCL
火焙豆腐			17		THUOCL
炒银枝儿			17		THUOCL
炸茄饼			17		THUOCL
烩肥肠			17		THUOCL
烩酸蕾			17		THUOCL
焖鸭掌儿			17		THUOCL
煮饽饽锅子			17		THUOCL
熘脊髓			17		THUOCL
爆墨鱼卷			17		THUOCL
玉桂叶			17		THUOCL
珍珠贝肉			17		THUOCL
甘草酸三钾			17		THUOCL
痣胡子龙眼包子			17		THUOCL
白汁鱼肚			17		THUOCL
白肉丝儿			17		THUOCL
白鲞扣鸡			17		THUOCL
百合莲子浆			17		THUOCL
粗黑胡椒粉			17		THUOCL
素椒杂酱面			17		THUOCL
素炝春不老			17		THUOCL
素锅盔			17		THUOCL
红豆蛋挞			17		THUOCL
脂油雪花儿菜			17		THUOCL
自制汽水			17		THUOCL
芜湖瓜子			17		THUOCL
芦笋牛肉			17		THUOCL
莲蓬鱼			17		THUOCL
菊花鱼丸			17		THUOCL
菊花龙虎凤蛇羹			17		THUOCL
菠菜丸子汤			17		THUOCL
萍乡花果			17		THUOCL
蒙古手把肉			17		THUOCL
虎跑素火腿			17		THUOCL
蚝油牛柳			17		THUOCL
西瓜酱罐头			17		THUOCL
赣州麻通			17		THUOCL
软炸鲜贝			17		THUOCL
迷迭香粉			17		THUOCL
酱菜四品			17		THUOCL
酸辣肥肠			17		THUOCL
酿山药			17		THUOCL
野鸭菜饭			17		THUOCL
金针菇肉丝			17		THUOCL
陶陶居上月			17		THUOCL
鱼香腰花			17		THUOCL
鸡腿汤			17		THUOCL
鸡蛋炒菠菜			17		THUOCL
鸡蛋肉松卷			17		THUOCL
麦穗包			17		THUOCL
黄瓜炒肉丝			17		THUOCL
鼓汁排骨			17		THUOCL
三丝瓜卷			16		THUOCL
三仙丸子			16		THUOCL
上海饼干			16		THUOCL
东古一品鲜			16		THUOCL
乙酸薄荷酯			16		THUOCL
九珠皮蛋			16		THUOCL
什锦糕			16		THUOCL
会友发包子			16		THUOCL
佛公饼			16		THUOCL
佛手排骨			16		THUOCL
凉拌鱿鱼			16		THUOCL
南通跳面			16		THUOCL
参芪母鸡汤			16		THUOCL
叉烤鳜鱼			16		THUOCL
和味炒田螺			16		THUOCL
大荔带把肘子			16		THUOCL
奉化摇蜡			16		THUOCL
奶白葡萄			16		THUOCL
宣城蜜枣			16		THUOCL
小芝麻饼			16		THUOCL
岐山面皮			16		THUOCL
巴山银芽			16		THUOCL
布朗族菜			16		THUOCL
康家脆哨面			16		THUOCL
扒肘条			16		THUOCL
文昌按粑			16		THUOCL
机粽			16		THUOCL
杏仁橄榄			16		THUOCL
枣泥锅饼			16		THUOCL
格瓦斯饮料			16		THUOCL
植物炭黑			16		THUOCL
樱桃蜜饯			16		THUOCL
武功镇起花面			16		THUOCL
氰钴胺素			16		THUOCL
汁鲫鱼			16		THUOCL
泡椒肥肠			16		THUOCL
海鲜水果沙拉			16		THUOCL
清拌腰丝儿			16		THUOCL
滑肉汤			16		THUOCL
潮州烧雁鹅			16		THUOCL
澄江藕粉			16		THUOCL
炒珍珠鸡			16		THUOCL
爆炒肉片			16		THUOCL
牛奶土司			16		THUOCL
牛肉荞面			16		THUOCL
玉兔海参			16		THUOCL
糊涂鸡			16		THUOCL
繁峙疤饼			16		THUOCL
红焖海参			16		THUOCL
绣球乾贝			16		THUOCL
罗锅肉			16		THUOCL
羟基硬脂精			16		THUOCL
腌牛脚筋			16		THUOCL
膳汤一品			16		THUOCL
芝麻南糖			16		THUOCL
芥兰牛肉			16		THUOCL
芫爆肚丝			16		THUOCL
茉莉雀舌毫			16		THUOCL
荞面灌肠			16		THUOCL
菊花卷			16		THUOCL
葵醛			16		THUOCL
虫草鸽			16		THUOCL
蛋黄麻花			16		THUOCL
蟹黄小汤包			16		THUOCL
西汁乳鸽			16		THUOCL
豆腐老鼠			16		THUOCL
车前草茶			16		THUOCL
酒糟汤圆			16		THUOCL
酥皮鸡饺			16		THUOCL
酥肉汤			16		THUOCL
酸菜鱿鱼			16		THUOCL
酸菜黑圪条			16		THUOCL
酸豆角肉沫			16		THUOCL
醉鸡翅			16		THUOCL
金钱鸡塔			16		THUOCL
铁板鳝鱼			16		THUOCL
银耳大枣汤			16		THUOCL
陆稿荐卤肉			16		THUOCL
鱼片蒸水蛋			16		THUOCL
鸡汤煮千丝			16		THUOCL
麦芬蛋糕			16		THUOCL
龙凤柔情			16		THUOCL
一品鲳			15		THUOCL
万字扣肉			15		THUOCL
丙二醇脂肪酸酯			15		THUOCL
两香问政山笋			15		THUOCL
乙酸松油酯			15		THUOCL
乳酪大会			15		THUOCL
亚铁氰化钠			15		THUOCL
伯丁罕			15		THUOCL
保定府三件宝			15		THUOCL
冬菜肉末			15		THUOCL
凤炖牡丹			15		THUOCL
博山烩菜			15		THUOCL
卤斑鸠			15		THUOCL
合德堂			15		THUOCL
同源茂			15		THUOCL
四川辣子鸡			15		THUOCL
天红宝			15		THUOCL
奶汤白菜			15		THUOCL
姜葱螃蟹			15		THUOCL
安定堡			15		THUOCL
小豆羹			15		THUOCL
己烯醇			15		THUOCL
干烧大虾			15		THUOCL
广州甜品			15		THUOCL
御菜五品			15		THUOCL
插根儿			15		THUOCL
木耳圪贝			15		THUOCL
枸杞食品			15		THUOCL
柠檬夹心蛋糕			15		THUOCL
栗子炒子鸡			15		THUOCL
桂林松糕			15		THUOCL
桂花甜酒酿			15		THUOCL
桥头火锅店			15		THUOCL
梁平甜茶			15		THUOCL
梅花蛋糕			15		THUOCL
椒盐花卷			15		THUOCL
水晶蟹粉卷			15		THUOCL
氽灌肠			15		THUOCL
沙拉蛋			15		THUOCL
沙湾白饼			15		THUOCL
洋钱饼			15		THUOCL
浏阳茴饼			15		THUOCL
海天草菇老抽			15		THUOCL
清真酱牛肉			15		THUOCL
炒二冬			15		THUOCL
炒银丝儿			15		THUOCL
炝肉			15		THUOCL
炸子蟹			15		THUOCL
烀烂甲鱼			15		THUOCL
烟三鲜儿			15		THUOCL
烟鸽子蛋			15		THUOCL
甘露饼			15		THUOCL
白炒三七花田鸡			15		THUOCL
砂钵狗肉			15		THUOCL
秦川牌			15		THUOCL
糯米藕片			15		THUOCL
红烧猪蹄子			15		THUOCL
红酒猪排			15		THUOCL
羟丙基淀粉醚			15		THUOCL
老科曼			15		THUOCL
聚丰德饭店			15		THUOCL
脂油年糕			15		THUOCL
芝麻汤团			15		THUOCL
花椒鱼片			15		THUOCL
芹菜牛肉丝			15		THUOCL
荔枝酥			15		THUOCL
萝卜烧排骨			15		THUOCL
葫芦大吉翅子			15		THUOCL
蒜爆肉			15		THUOCL
蛋黄面包			15		THUOCL
蜜饯四品			15		THUOCL
豆汁粥			15		THUOCL
酱螺蛳			15		THUOCL
醋烟肉片儿			15		THUOCL
金菇掐菜			15		THUOCL
金针菇培根			15		THUOCL
锦江烤鸭			15		THUOCL
香菇肉酱罐头			15		THUOCL
香酥苹果			15		THUOCL
鱼香荷包蛋			15		THUOCL
鸡丝银耳			15		THUOCL
黄花菜瘦肉汤			15		THUOCL
黑玫瑰咖啡			15		THUOCL
龙眼虾仁			15		THUOCL
三鲜小馄饨			14		THUOCL
上海冷面			14		THUOCL
上海炒年糕			14		THUOCL
乾县豆腐脑			14		THUOCL
什锦丁儿			14		THUOCL
什锦烩饭			14		THUOCL
佛手海参			14		THUOCL
光村沙虫			14		THUOCL
冬瓜燕			14		THUOCL
凤眼秋波			14		THUOCL
剁椒大鱼头			14		THUOCL
化核加应子			14		THUOCL
午时粑			14		THUOCL
南煎肝			14		THUOCL
压韭茄子			14		THUOCL
县前汤团			14		THUOCL
吉祥顶呱呱			14		THUOCL
喜洲破酥粑粑			14		THUOCL
圪饦汤			14		THUOCL
大佛白龙井			14		THUOCL
安铺鸡饭			14		THUOCL
家乡莲藕饼			14		THUOCL
富春鸡			14		THUOCL
小米沙拉			14		THUOCL
峨眉糕			14		THUOCL
干煸冬笋			14		THUOCL
广安烘糕			14		THUOCL
异戊酸异戊酯			14		THUOCL
扒栗子			14		THUOCL
普鲁兰酶			14		THUOCL
板粟烧鸡			14		THUOCL
柳州酸			14		THUOCL
柳林芝麻饼			14		THUOCL
柿霜软糖			14		THUOCL
树叶饼			14		THUOCL
核桃红米饭			14		THUOCL
椰奶布丁			14		THUOCL
椰汁板兰糕			14		THUOCL
欧蕾冰咖啡			14		THUOCL
池塘莲花			14		THUOCL
油豆泡			14		THUOCL
海南椰丝包			14		THUOCL
海参武昌鱼			14		THUOCL
清汤丸子			14		THUOCL
清炖全鸡			14		THUOCL
滇味炒面			14		THUOCL
火腿鱼			14		THUOCL
灵丘熏鸡			14		THUOCL
炒芡子米			14		THUOCL
炸卷果儿			14		THUOCL
烟刀鱼			14		THUOCL
熏斑鸠			14		THUOCL
熘什件儿			14		THUOCL
熘蟹黄			14		THUOCL
燕尾桃花			14		THUOCL
牛奶太妃冰淇淋			14		THUOCL
牛王庙怪味面			14		THUOCL
猪柳麦满分			14		THUOCL
玉蕊茶			14		THUOCL
王桥豆腐			14		THUOCL
珊瑚雪花鸡			14		THUOCL
琥珀酸二钠			14		THUOCL
甜盘子			14		THUOCL
益阳松花皮蛋			14		THUOCL
盒子酥			14		THUOCL
窝丝糖			14		THUOCL
竹叶抗氧化物			14		THUOCL
米汤油馓			14		THUOCL
糖佛手			14		THUOCL
糖焖莲子			14		THUOCL
糖醋软熘鲤鱼焙面			14		THUOCL
红苕泥			14		THUOCL
红豆土司			14		THUOCL
绿沁园			14		THUOCL
羊血米线			14		THUOCL
翅子汤			14		THUOCL
老徐炒糕粿			14		THUOCL
肉片焖扁豆			14		THUOCL
肉骨茶煲鸡			14		THUOCL
芝麻酱拌面			14		THUOCL
芪蒸鹌鹑			14		THUOCL
苹果马提尼			14		THUOCL
茴香粥			14		THUOCL
荷叶凤脯			14		THUOCL
莫斯科红菜汤			14		THUOCL
菜香源川菜馆			14		THUOCL
葡达			14		THUOCL
葱花烙饼			14		THUOCL
蒸莲藕粉			14		THUOCL
虎山茶			14		THUOCL
虾米笋粿			14		THUOCL
虾籽冬笋			14		THUOCL
蜜饯红果			14		THUOCL
西湖桂花藕粉			14		THUOCL
西藏酥油茶			14		THUOCL
豇豆糕			14		THUOCL
跳水田鸡			14		THUOCL
酷梨			14		THUOCL
银杏蒸鸭			14		THUOCL
青蛋糕			14		THUOCL
香菇瘦肉粥			14		THUOCL
鸡火酥			14		THUOCL
鸭黄豆腐			14		THUOCL
麦仔茶			14		THUOCL
麻仁鹿肉串			14		THUOCL
麻辣肉片			14		THUOCL
龙抄手餐厅			14		THUOCL
乾果四品			13		THUOCL
什锦麻花			13		THUOCL
什香菜			13		THUOCL
八宝油糕			13		THUOCL
六合牛脯			13		THUOCL
十八烷酸			13		THUOCL
单辛酸甘油酯			13		THUOCL
原笼粉蒸			13		THUOCL
双味珍珠元子			13		THUOCL
双孢蘑菇罐头			13		THUOCL
台湾古早味			13		THUOCL
咸金枣			13		THUOCL
咸鱼片片			13		THUOCL
塘栖板鸭			13		THUOCL
大方豆腐			13		THUOCL
大福果			13		THUOCL
大麻球			13		THUOCL
奇味酱			13		THUOCL
奶汤鸡脯			13		THUOCL
奶香玉米饼			13		THUOCL
姜汁鸭掌			13		THUOCL
少林八宝酥			13		THUOCL
山珍刺龙芽			13		THUOCL
巧克力爆米花			13		THUOCL
师友面			13		THUOCL
平阴梨丸子			13		THUOCL
异戊酸乙酯			13		THUOCL
徽州圆子			13		THUOCL
怡味莲			13		THUOCL
意式香浓菜汤			13		THUOCL
扒三样儿			13		THUOCL
扒燕窝			13		THUOCL
扒鸡块儿			13		THUOCL
扒鸡腿儿			13		THUOCL
拌稂子			13		THUOCL
摩登粑粑			13		THUOCL
新疆凉面			13		THUOCL
木樨菜			13		THUOCL
李锦记排骨酱			13		THUOCL
果酱酥			13		THUOCL
桂花香糕			13		THUOCL
梅干月饼			13		THUOCL
汉中梆梆面			13		THUOCL
沔城莲藕			13		THUOCL
沙舟踏翠			13		THUOCL
油炸肺			13		THUOCL
泰式咖哩螃蟹			13		THUOCL
泰式酸辣凤爪			13		THUOCL
消暑冬瓜盅			13		THUOCL
清拌粉皮儿			13		THUOCL
清炒莴笋丝			13		THUOCL
清真全羊席			13		THUOCL
火爆肚头			13		THUOCL
火锅牛肉粉			13		THUOCL
灯笼泡椒			13		THUOCL
炸紫盖儿			13		THUOCL
炸鹿尾儿			13		THUOCL
烧宝盖儿			13		THUOCL
烧肝尖儿			13		THUOCL
烧肥肠儿			13		THUOCL
烧连帖			13		THUOCL
烩脐肚			13		THUOCL
烹丁香			13		THUOCL
烹大肉			13		THUOCL
烹芽韭			13		THUOCL
焦盖烧饼			13		THUOCL
煲仔鱼丸			13		THUOCL
牛百叶汤			13		THUOCL
牛腩莲藕煲			13		THUOCL
玫瑰锅炸			13		THUOCL
珠兰大方			13		THUOCL
琵琶鱼肚			13		THUOCL
甜薯片			13		THUOCL
番茄松鼠鱼			13		THUOCL
白肺汤			13		THUOCL
皮蛋肠			13		THUOCL
福字瓜烧里脊			13		THUOCL
竹筒煮汤			13		THUOCL
竹筒粉蒸肠			13		THUOCL
糖熘饹儿			13		THUOCL
罗村竹笋			13		THUOCL
老世泰糕点			13		THUOCL
老槐树烧饼			13		THUOCL
肥肠米粉			13		THUOCL
脂肪酸蔗糖酯			13		THUOCL
腐皮肉卷			13		THUOCL
芡实百合芋头煲			13		THUOCL
茄子晒炉肉			13		THUOCL
荞坨			13		THUOCL
莴苣鳝鱼片			13		THUOCL
菜头饼			13		THUOCL
菠饺鱼肚			13		THUOCL
藕丝羹			13		THUOCL
虾肉小笼包			13		THUOCL
蛋香牛堡			13		THUOCL
蜜饯银杏			13		THUOCL
西施团圆饼			13		THUOCL
西班牙海鲜烩饭			13		THUOCL
豆瓣鲜鱼			13		THUOCL
酱萝卜头			13		THUOCL
酸辣羹			13		THUOCL
酿白兰瓜			13		THUOCL
野鸭桃仁丁			13		THUOCL
风味龙虱			13		THUOCL
风车酥			13		THUOCL
香汁大虾			13		THUOCL
鱼腥草煲猪肺			13		THUOCL
鲜虾腐皮卷			13		THUOCL
鸡沾口蘑			13		THUOCL
鹅黄肉			13		THUOCL
黑香槟			13		THUOCL
东江东坡宴			12		THUOCL
中华蜜酒			12		THUOCL
义盛永熏鸡			12		THUOCL
乾县挂面			12		THUOCL
五丝洋粉			12		THUOCL
五香甜沫			12		THUOCL
什锦果冻			12		THUOCL
仙源食品			12		THUOCL
仙鹤鲍鱼			12		THUOCL
八宝兔丁			12		THUOCL
冬虫夏草鸭			12		THUOCL
凤吞翅			12		THUOCL
十二台菜			12		THUOCL
双色玫瑰鱼			12		THUOCL
吞拿鱼卷			12		THUOCL
吴招治			12		THUOCL
培根蔬菜卷			12		THUOCL
天津火腿肠			12		THUOCL
姜汁刀豆			12		THUOCL
姜汁热味鸡			12		THUOCL
子推蒸饼			12		THUOCL
宝鸡茶酥			12		THUOCL
家乐番茄沙司			12		THUOCL
家常炒面			12		THUOCL
密蒙黄			12		THUOCL
小炒螃蟹			12		THUOCL
巨记			12		THUOCL
干锅啤酒鸭			12		THUOCL
干锅泥鳅			12		THUOCL
广东文昌鸡			12		THUOCL
广式云吞面			12		THUOCL
开远小卷粉			12		THUOCL
彩虹冰咖啡			12		THUOCL
恩济堂秋梨膏			12		THUOCL
抹茶红豆戚风			12		THUOCL
拌皮渣儿			12		THUOCL
拌蟹肉			12		THUOCL
挞挞面			12		THUOCL
捶鸡			12		THUOCL
接骨糯			12		THUOCL
撒子麻花			12		THUOCL
整肢龙虾			12		THUOCL
李圪抓			12		THUOCL
李大同双炊糕			12		THUOCL
李锦记豆瓣酱			12		THUOCL
杜梅酥			12		THUOCL
杨家吊沪饼			12		THUOCL
杨河春绿			12		THUOCL
果粒悬浮饮料			12		THUOCL
果糖饮料			12		THUOCL
果胶酯酶			12		THUOCL
柠檬起司蛋糕			12		THUOCL
核桃松糕			12		THUOCL
棒棒肉			12		THUOCL
橘瓣鱼圆			12		THUOCL
水煮蹄花			12		THUOCL
江米枣			12		THUOCL
沙式饼干			12		THUOCL
海东雪梨			12		THUOCL
海白米			12		THUOCL
海鲜匹萨			12		THUOCL
清宫御膳银丝杂面			12		THUOCL
清羔羊肉			12		THUOCL
火烧茨菰			12		THUOCL
火踵鱼翅			12		THUOCL
炒子蟹			12		THUOCL
炒荤素儿			12		THUOCL
炒虾黄			12		THUOCL
炝冬笋			12		THUOCL
炸烹儿			12		THUOCL
炸绣球			12		THUOCL
炸花件儿			12		THUOCL
烟鸭掌儿			12		THUOCL
烩白杂碎			12		THUOCL
烩腰丁儿			12		THUOCL
烩节子			12		THUOCL
烩酸燕儿			12		THUOCL
煎茄片			12		THUOCL
熊猫品竹			12		THUOCL
熘鱼焙面			12		THUOCL
牛排罐头			12		THUOCL
猪油米花糖			12		THUOCL
甑山银毫			12		THUOCL
百果佳			12		THUOCL
盛百威包装			12		THUOCL
粉皮辣鱼			12		THUOCL
粟米菜花汤			12		THUOCL
糖水葡萄罐头			12		THUOCL
红烧下巴			12		THUOCL
红烧鹿筋			12		THUOCL
红萝卜排骨汤			12		THUOCL
绿园居			12		THUOCL
羊肉火烧			12		THUOCL
肉丝炒饼			12		THUOCL
艺术糕团			12		THUOCL
芝麻肉丝			12		THUOCL
苏州酱汁肉			12		THUOCL
草菇烧笋			12		THUOCL
荔枝鱿鱼卷			12		THUOCL
荷包蟹肉			12		THUOCL
荷叶蒸鱼			12		THUOCL
莫基多			12		THUOCL
萝卜板			12		THUOCL
蛋松果			12		THUOCL
蜜枣核桃			12		THUOCL
蝴蝶瓜			12		THUOCL
蟹粉豆腐羹			12		THUOCL
踵鱼翅			12		THUOCL
轻身减肥茶			12		THUOCL
辣鱼蛋			12		THUOCL
通草鲫鱼汤			12		THUOCL
道口烧鸡罐头			12		THUOCL
酱瓜丝儿			12		THUOCL
酱酥桃仁			12		THUOCL
酸辣鸡丁			12		THUOCL
金钱鱼肚			12		THUOCL
长城饽椤饼			12		THUOCL
雀巢冰咖啡			12		THUOCL
雪山蛋糕			12		THUOCL
雪花桃泥			12		THUOCL
雪花豆腐羹			12		THUOCL
青制啤酒			12		THUOCL
青椒玉米			12		THUOCL
鲜虾鸡蛋卷			12		THUOCL
鹿大哈			12		THUOCL
麻辣鹌鹑			12		THUOCL
黄鱼丝			12		THUOCL
黏糊肉			12		THUOCL
齐山毛尖			12		THUOCL
三清碧兰			11		THUOCL
丰年果糖			11		THUOCL
丹灶慈菇			11		THUOCL
丽人献茗			11		THUOCL
乳扇饺			11		THUOCL
云腿罐头			11		THUOCL
五丝菜卷			11		THUOCL
五香酱驴肉			11		THUOCL
什锦田鸡油			11		THUOCL
八宝葫芦鸡			11		THUOCL
凤尾烧麦			11		THUOCL
凤尾金鱼			11		THUOCL
凤梨烩排骨			11		THUOCL
前菜五品			11		THUOCL
加蟹小笼包			11		THUOCL
南瓜干儿糕			11		THUOCL
南荠草莓饼			11		THUOCL
厦门春饼			11		THUOCL
厦门沙茶面			11		THUOCL
双色糕			11		THUOCL
古劳银针			11		THUOCL
台湾盐酥鸡			11		THUOCL
司陶特啤酒			11		THUOCL
夜香冬瓜盅			11		THUOCL
大理石芝士蛋糕			11		THUOCL
大鱼头豆腐汤			11		THUOCL
天然果蔬饮料			11		THUOCL
天目青顶茶			11		THUOCL
奶油花生米			11		THUOCL
如皋肉松			11		THUOCL
姜汁仔鸡			11		THUOCL
小林煎饼			11		THUOCL
小麦草蛋挞			11		THUOCL
尖椒兔			11		THUOCL
山药桂圆炖甲鱼			11		THUOCL
山鸡丁儿			11		THUOCL
川贝炖鹧鸪			11		THUOCL
巧克力鸡尾酒			11		THUOCL
广饼			11		THUOCL
应州牛腰			11		THUOCL
御扇豆黄			11		THUOCL
御菜四品			11		THUOCL
托板豆腐			11		THUOCL
杏仁塔			11		THUOCL
杨记糕点			11		THUOCL
松花淡菜粥			11		THUOCL
株洲什锦菜			11		THUOCL
橄榄炖鸡			11		THUOCL
毫糯索			11		THUOCL
水晶银菊糕			11		THUOCL
水果一品			11		THUOCL
汝城板鸭			11		THUOCL
河州大饼			11		THUOCL
油浸鸡			11		THUOCL
油煎馄饨			11		THUOCL
油爆鲜贝			11		THUOCL
活钻鲤鱼			11		THUOCL
海天特级草菇老抽			11		THUOCL
海派罗宋汤			11		THUOCL
清蒸福寿鱼			11		THUOCL
温泉菜			11		THUOCL
激情海岸			11		THUOCL
火爆双脆			11		THUOCL
炊石榴鸡			11		THUOCL
炸南瓜条			11		THUOCL
炸软巾			11		THUOCL
烤羊方			11		THUOCL
烧槟子			11		THUOCL
烩三丝鱼翅			11		THUOCL
煎酿茄子			11		THUOCL
爆三脆			11		THUOCL
爆竹鸡			11		THUOCL
玉掌献寿			11		THUOCL
王家核桃饼			11		THUOCL
珊瑚桂鱼			11		THUOCL
番茄牛肉羹			11		THUOCL
白虾干			11		THUOCL
石狮甜果			11		THUOCL
矿泉水冷面			11		THUOCL
硝酸硫胺素			11		THUOCL
硬脂酰乳酸钙			11		THUOCL
糖麻圆			11		THUOCL
糯米大枣粥			11		THUOCL
红杞蒸鸡			11		THUOCL
红烧全狗			11		THUOCL
红烧咕噜肉			11		THUOCL
红烧猴头			11		THUOCL
红豆鲤鱼汤			11		THUOCL
绍子烘蛋			11		THUOCL
羊肉炒面片			11		THUOCL
翠亨邨			11		THUOCL
翡翠水晶龙珠饺			11		THUOCL
翡翠鱼珠			11		THUOCL
膳粥一品			11		THUOCL
芡实果			11		THUOCL
花生鸡脚汤			11		THUOCL
苔菜千层酥			11		THUOCL
苹果炖鱼			11		THUOCL
茄汁鱼卷			11		THUOCL
草石蚕田鸡汤			11		THUOCL
荠菜鱼卷			11		THUOCL
莲蓉芝麻球			11		THUOCL
蒲城椽头蒸馍			11		THUOCL
薯粉糕			11		THUOCL
藏心鱼圆			11		THUOCL
虾皮豆腐汤			11		THUOCL
蚝油仔鸡			11		THUOCL
蜜制蜂糕			11		THUOCL
豆瓣海参			11		THUOCL
豆面汤圆			11		THUOCL
豇豆烧肉			11		THUOCL
造洋饭书			11		THUOCL
酸枣露			11		THUOCL
金钱洋芋饼			11		THUOCL
金银枣			11		THUOCL
铁板猪杂			11		THUOCL
铜仁社饭			11		THUOCL
银丝圆			11		THUOCL
陇县马蹄酥			11		THUOCL
飞龙脯			11		THUOCL
香水梨干			11		THUOCL
香滑鲈鱼球			11		THUOCL
香菇包子			11		THUOCL
香菇西兰花			11		THUOCL
香辣霸王肘			11		THUOCL
鬼马牛肉			11		THUOCL
鲜菇虾丸汤			11		THUOCL
鸡什刀削			11		THUOCL
鸭丝掐菜			11		THUOCL
黄县肉盒			11		THUOCL
黄醪糟			11		THUOCL
黑糯米八宝饭			11		THUOCL
黑豆鲤鱼汤			11		THUOCL
鼠尾草粉			11		THUOCL
龙舟镢鱼			11		THUOCL
万字麻辣肚丝			10		THUOCL
上海炒饭			10		THUOCL
五香仔鸽			10		THUOCL
京酱风肉			10		THUOCL
什锦暖锅			10		THUOCL
仲景羊肉汤			10		THUOCL
兢山泉			10		THUOCL
六安酱鸭			10		THUOCL
冬瓜饼			10		THUOCL
冬笋里脊丝			10		THUOCL
冷冻牛肝			10		THUOCL
凤尾腰花			10		THUOCL
劲霸汤皇			10		THUOCL
北京辣菜			10		THUOCL
千层肉饼			10		THUOCL
午餐三明治			10		THUOCL
南国恋曲冰咖啡			10		THUOCL
参蒸鳝段			10		THUOCL
双林姑嫂饼			10		THUOCL
双糯玫瑰糕			10		THUOCL
合阳页面			10		THUOCL
告别香茗			10		THUOCL
咸菜鸭			10		THUOCL
咸蛋节瓜鱼尾汤			10		THUOCL
回记绿豆糕			10		THUOCL
回锅鱼片			10		THUOCL
培根芦笋卷			10		THUOCL
天水凉粉			10		THUOCL
天湖凤片			10		THUOCL
太白庄园			10		THUOCL
好丝百叶			10		THUOCL
子姜鸭			10		THUOCL
宁强王家核桃饼			10		THUOCL
安阳三熏			10		THUOCL
小葱饼			10		THUOCL
山西腐乳			10		THUOCL
巧克力冰糕			10		THUOCL
干烧鸡翅			10		THUOCL
干煸茭白			10		THUOCL
广式蜜饯			10		THUOCL
扣肉梅菜			10		THUOCL
抹茶浮雪			10		THUOCL
捶肉丸			10		THUOCL
文山鸡丁			10		THUOCL
新奥尔良腌制料			10		THUOCL
旋子锅魁			10		THUOCL
无锡肉排			10		THUOCL
日式炸猪排			10		THUOCL
春风减肥茶			10		THUOCL
杞子南枣煲鸡蛋			10		THUOCL
松子鱼米			10		THUOCL
桂花大头菜			10		THUOCL
桃仁鸭方			10		THUOCL
梁英记裹蒸粽			10		THUOCL
椒盐锅魁			10		THUOCL
槭风蛋糕			10		THUOCL
橄榄沙拉			10		THUOCL
氽鲤鱼			10		THUOCL
汤岗子矿泉水			10		THUOCL
沫若香茗			10		THUOCL
河曲酸粥			10		THUOCL
油旋子锅魁			10		THUOCL
油泼青鱼			10		THUOCL
油浸腌肉			10		THUOCL
洋县枣糕馍			10		THUOCL
海米拌黄瓜			10		THUOCL
清汤鲍鱼			10		THUOCL
清流笋干			10		THUOCL
清炸鹌鹑			10		THUOCL
湖州肉粽			10		THUOCL
潮州薄饼			10		THUOCL
火腿土司			10		THUOCL
火腿大白饼			10		THUOCL
炒羊肚丝			10		THUOCL
炒肉团			10		THUOCL
炒肺片			10		THUOCL
炸鱼卷			10		THUOCL
烧烤二品			10		THUOCL
熘蟹肉			10		THUOCL
爆鱼丁			10		THUOCL
片烤方肉			10		THUOCL
猪肚黄芪汤			10		THUOCL
玉笋蕨菜			10		THUOCL
玫瑰豆沙月饼			10		THUOCL
瑶族粑粑			10		THUOCL
番茄腰柳			10		THUOCL
白灼响螺片			10		THUOCL
白糖莲心粥			10		THUOCL
白象香糕			10		THUOCL
砂锅煨鹿筋			10		THUOCL
硫代二丙酸二月桂			10		THUOCL
碳烧啤酒			10		THUOCL
空心鱼丸汤			10		THUOCL
竟成园			10		THUOCL
竹宴天下			10		THUOCL
粉蒸鳜鱼			10		THUOCL
糖醋荷藕			10		THUOCL
维族烤羊肉			10		THUOCL
肉末烧茄			10		THUOCL
肉末烧茄子			10		THUOCL
肉酱茄子			10		THUOCL
腰果虾球			10		THUOCL
芙蓉大虾			10		THUOCL
芦笋鸡块			10		THUOCL
苏州话梅			10		THUOCL
苏稽米花糖			10		THUOCL
茄团			10		THUOCL
茄汁鸡肉			10		THUOCL
茶食刀切			10		THUOCL
草莓千层派			10		THUOCL
荞面合络			10		THUOCL
莲子鸡丁			10		THUOCL
莼菜黄鱼羹			10		THUOCL
菊花酥饼			10		THUOCL
营养藕粉			10		THUOCL
葱烤大排			10		THUOCL
蘑菇沙司			10		THUOCL
蚝油西兰花			10		THUOCL
蜜饯桂圆			10		THUOCL
蜜饯菠萝			10		THUOCL
蟹黄海参			10		THUOCL
超山梅子			10		THUOCL
邢黄牛腐干			10		THUOCL
酸奶果冻			10		THUOCL
酿冬瓜圈			10		THUOCL
采芝斋糖果			10		THUOCL
金针豆腐			10		THUOCL
锅塌蒲菜			10		THUOCL
锅魁夹卤肉			10		THUOCL
陈醋焖咸蛋			10		THUOCL
雪梨炖燕窝			10		THUOCL
雪绵豆沙			10		THUOCL
香芹片			10		THUOCL
香菇醉鸡			10		THUOCL
香辣田鸡			10		THUOCL
鱿鱼鲞			10		THUOCL
鲜柠脆虾球			10		THUOCL
鸡汁油豆腐			10		THUOCL
鸡蹄花			10		THUOCL
麦糊烧			10		THUOCL
麻辣口条			10		THUOCL
黄狮茶			10		THUOCL
丁香鸭			9		THUOCL
三丝鱿鱼			9		THUOCL
三色蛋糕			9		THUOCL
上海锅贴			9		THUOCL
串炸鲜贝			9		THUOCL
临朐全羊宴			9		THUOCL
主席红烧肉			9		THUOCL
九记路边鸡			9		THUOCL
云南回饼			9		THUOCL
五柳鱼丝			9		THUOCL
人参枸杞酒			9		THUOCL
什锦豆腐汤			9		THUOCL
伍佑糖麻花			9		THUOCL
信阳板鸭			9		THUOCL
八仙瑶池聚会			9		THUOCL
农家白切鸡			9		THUOCL
冰激凌水果沙拉			9		THUOCL
冰花雪莲			9		THUOCL
冲糯米粉			9		THUOCL
凉拌红萝卜			9		THUOCL
剔尖儿			9		THUOCL
南瓜咕老虾			9		THUOCL
南瓜鲜虾沙拉			9		THUOCL
卡拉什尼科夫伏特加			9		THUOCL
原味双皮奶			9		THUOCL
叉烧猪肉			9		THUOCL
周村酥烧饼			9		THUOCL
哈特啤酒			9		THUOCL
喜年来食品			9		THUOCL
四川板鸭			9		THUOCL
地中海沙拉			9		THUOCL
壶冲油茶			9		THUOCL
多味煎饼			9		THUOCL
奶汤火腿大鱼头			9		THUOCL
奶白杏仁			9		THUOCL
姜太公柿饼			9		THUOCL
宫廷排翅			9		THUOCL
对羟基苯甲酸甲酯钠			9		THUOCL
干锅黄骨鱼			9		THUOCL
年字口蘑发菜			9		THUOCL
彩椒炒香肠			9		THUOCL
怪味鸡条			9		THUOCL
扒擦			9		THUOCL
攒盒一品			9		THUOCL
教场门饸饹			9		THUOCL
日本豆腐煲			9		THUOCL
曲阜熏豆腐			9		THUOCL
木耳黄瓜			9		THUOCL
朱古力慕丝			9		THUOCL
李锦记桂林辣椒酱			9		THUOCL
枸杞小米粥			9		THUOCL
梧州豆浆			9		THUOCL
椒盐八宝鸡			9		THUOCL
椒盐海豹蛇			9		THUOCL
椒盐蹄膀			9		THUOCL
楠溪麦饼			9		THUOCL
欧查果			9		THUOCL
武城旋饼			9		THUOCL
氽毛豆			9		THUOCL
江口豆腐干			9		THUOCL
油焖竹笋			9		THUOCL
油焖鲜蘑			9		THUOCL
泥风鸡			9		THUOCL
泰安三美豆腐			9		THUOCL
洪字鸡丝黄瓜			9		THUOCL
海带炖鸭			9		THUOCL
清炒笋尖			9		THUOCL
清炖武山鸡			9		THUOCL
湘江鱼头王			9		THUOCL
湘莲罐头			9		THUOCL
溜黄菜			9		THUOCL
潮汕蚝烙			9		THUOCL
炒四宝			9		THUOCL
炒芙蓉蟹			9		THUOCL
炸晃虾			9		THUOCL
炸蛋包			9		THUOCL
煎扒鲭鱼头尾			9		THUOCL
牡丹虾仁			9		THUOCL
犀浦酱油			9		THUOCL
猴头菇炖竹丝鸡			9		THUOCL
玉竹猪心			9		THUOCL
玫瑰杨梅			9		THUOCL
珊瑚金钩			9		THUOCL
珍珠鲤鱼			9		THUOCL
甜丸卵			9		THUOCL
生牛肉河粉			9		THUOCL
番茄黄骨鱼汤			9		THUOCL
白汁全鱼			9		THUOCL
白汁鲳鱼			9		THUOCL
白油肝片			9		THUOCL
百侯薄饼			9		THUOCL
百合糯米粥			9		THUOCL
百花鸭舌			9		THUOCL
砸棕			9		THUOCL
硫代二丙酸二月桂酯			9		THUOCL
福建年糕			9		THUOCL
粘花饼干			9		THUOCL
糖醋鱼条			9		THUOCL
素炒腐球			9		THUOCL
紫米四喜汤圆			9		THUOCL
红松鳜鱼			9		THUOCL
红梅牌脆松糖			9		THUOCL
红油鸭子			9		THUOCL
红烧赤贝			9		THUOCL
红袍莲子			9		THUOCL
羟基香茅醛			9		THUOCL
翡翠银耳			9		THUOCL
胡椒博士			9		THUOCL
芙蓉百花鲍			9		THUOCL
芜爆里脊			9		THUOCL
芪烧活鱼			9		THUOCL
花菇鸭掌			9		THUOCL
草莓优酪乳			9		THUOCL
草香园			9		THUOCL
荷叶膳粥			9		THUOCL
莲蓉酥饼			9		THUOCL
葱辣鱼			9		THUOCL
蓝莓慕丝			9		THUOCL
虫草饭			9		THUOCL
虫草鸭舌			9		THUOCL
蚝油蘑菇			9		THUOCL
蛤蜊鲫鱼			9		THUOCL
蜜饯李子			9		THUOCL
豆瓣肘子			9		THUOCL
豆黄糕			9		THUOCL
辣味红酒烤羊排			9		THUOCL
辣豆瓣鱼			9		THUOCL
通海豆末糖			9		THUOCL
鄣公山茶			9		THUOCL
酥皮奶油蛤蜊汤			9		THUOCL
酱核桃			9		THUOCL
酸菜煮鱼			9		THUOCL
酿倭瓜			9		THUOCL
重酥烧饼			9		THUOCL
野山椒牛肉丝			9		THUOCL
金丝海蟹			9		THUOCL
金钱香菇			9		THUOCL
陈皮兔肉			9		THUOCL
降红木素			9		THUOCL
降脂益寿茶			9		THUOCL
陡门头灯盏糕			9		THUOCL
雪花鸡淖			9		THUOCL
雪菜笋丝汤			9		THUOCL
青蒜炒腊肉			9		THUOCL
韩国人参鸡			9		THUOCL
飘仙一号			9		THUOCL
香炸云雾			9		THUOCL
香蕉软糖			9		THUOCL
香辣黄瓜条			9		THUOCL
马虎面			9		THUOCL
高丽豆沙			9		THUOCL
鱼匹子			9		THUOCL
鸡心豆			9		THUOCL
鸡血面			9		THUOCL
鸭肾汤			9		THUOCL
黄米切糕			9		THUOCL
黑菌蘑菇汤			9		THUOCL
龙凤鲜汤			9		THUOCL
一掌雪			8		THUOCL
三彩大虾			8		THUOCL
三鲜茄子			8		THUOCL
上海春卷			8		THUOCL
临晋玉瓜			8		THUOCL
乌狼鲞烤肉			8		THUOCL
云娜水果捞			8		THUOCL
养生吐司春卷			8		THUOCL
冬瓜虾皮汤			8		THUOCL
冰泉滴珠豆浆			8		THUOCL
冰焦糖玛奇朵			8		THUOCL
凉拌牛肚			8		THUOCL
凤凰趴窝			8		THUOCL
刺菱角			8		THUOCL
南海里水冬瓜			8		THUOCL
卤汁豆干			8		THUOCL
去皮酥			8		THUOCL
吉安薄酥饼			8		THUOCL
咖啡蛋糕卷			8		THUOCL
四川风味土豆烧排骨			8		THUOCL
围炉火锅			8		THUOCL
大山合牌			8		THUOCL
奇峰阁酒家			8		THUOCL
奶油曲奇饼			8		THUOCL
奶白鲫鱼汤			8		THUOCL
奶香海苔吐司			8		THUOCL
姜丝肉蟹			8		THUOCL
宣堡小馄饨			8		THUOCL
密汁南瓜			8		THUOCL
富平太后饼			8		THUOCL
寿阳头脑			8		THUOCL
小脑壳烧烤			8		THUOCL
尝酥饼			8		THUOCL
山珍刺五加			8		THUOCL
巧手烧雁鸢			8		THUOCL
巴拉塔树胶			8		THUOCL
带鱼罐头			8		THUOCL
干酱肉			8		THUOCL
干锅鸡翅			8		THUOCL
平都牛肉松			8		THUOCL
建郡扁肉			8		THUOCL
怪味腰果			8		THUOCL
恩发德蒸饺			8		THUOCL
折耳根炒肉丝			8		THUOCL
拆冻鲫鱼			8		THUOCL
新竹肉圆			8		THUOCL
李锦记柱侯酱			8		THUOCL
松峰绿茶			8		THUOCL
果仁排骨			8		THUOCL
果瓣子			8		THUOCL
果酱巧克力			8		THUOCL
桃醛			8		THUOCL
梅花香芋			8		THUOCL
榨广椒			8		THUOCL
水晶橘子			8		THUOCL
水煮鲢鱼			8		THUOCL
氽节子			8		THUOCL
泰式榴莲酥			8		THUOCL
洋芋檫檫			8		THUOCL
洪山桥光饼			8		THUOCL
浮油鸡片			8		THUOCL
深渡包袱			8		THUOCL
清蒸山药			8		THUOCL
湖彩蛋			8		THUOCL
湘城麻饼			8		THUOCL
滑溜鹌鹑			8		THUOCL
火爆荔枝腰			8		THUOCL
炖人参汤			8		THUOCL
炸鸡肉串			8		THUOCL
烤扁担肉			8		THUOCL
烤花揽桂鱼			8		THUOCL
爆乌花			8		THUOCL
父子同欢			8		THUOCL
牛尾汤罐头			8		THUOCL
猪油百果松糕			8		THUOCL
猴银鱼			8		THUOCL
玉兔白菜			8		THUOCL
玉板蟹			8		THUOCL
琉璃藕			8		THUOCL
甜香玉米杯			8		THUOCL
生烤狍肉			8		THUOCL
白俄罗斯鸡尾酒			8		THUOCL
白扒广肚			8		THUOCL
白扒鱼唇			8		THUOCL
白汁鳜鱼			8		THUOCL
百合熘鸡片			8		THUOCL
盐水里脊			8		THUOCL
祖庵鱼翅			8		THUOCL
米冻糕			8		THUOCL
粢毛团			8		THUOCL
糖水杏罐头			8		THUOCL
糖醋鸡块			8		THUOCL
糜子粉			8		THUOCL
红丝菜			8		THUOCL
红烧猪肚			8		THUOCL
罗汉鸭			8		THUOCL
羊肉笼笼			8		THUOCL
聊城铁公鸡			8		THUOCL
肉丝两面黄			8		THUOCL
肉丝粉皮			8		THUOCL
肉酿生麸圆			8		THUOCL
胡萝卜排骨汤			8		THUOCL
胡萝卜餐包			8		THUOCL
腊肉炒菜苔			8		THUOCL
芋儿鸡火锅			8		THUOCL
芋味三绝			8		THUOCL
芝麻杏仁糊			8		THUOCL
茄汁猪排			8		THUOCL
茄汁鱼罐头			8		THUOCL
茶叶熏鸡			8		THUOCL
茶叶鲫鱼汤			8		THUOCL
茶树菇烧鸡			8		THUOCL
草莓夹心面包			8		THUOCL
荞面煎饼			8		THUOCL
荷花鱼翅			8		THUOCL
萝卜连锅汤			8		THUOCL
葱油黄鱼			8		THUOCL
葱花煎蛋			8		THUOCL
蒜蓉白菜			8		THUOCL
虎掌金丝面			8		THUOCL
蚕蛹罐头			8		THUOCL
蚝油鸭掌			8		THUOCL
蛋卷饼干			8		THUOCL
蛋黄千层糕			8		THUOCL
蜜枣羊肉			8		THUOCL
蟹柳沙拉			8		THUOCL
蟹黄灌汤饺			8		THUOCL
詹王瑶柱汁			8		THUOCL
豆糕粿			8		THUOCL
豆腐大菜糕			8		THUOCL
豆角炒肉片			8		THUOCL
都督烧麦			8		THUOCL
酒醋汁			8		THUOCL
酥小鲫鱼			8		THUOCL
酱烧茭白			8		THUOCL
酱爆青蟹			8		THUOCL
醋椒桂鱼			8		THUOCL
金德啤酒			8		THUOCL
金糕卷			8		THUOCL
阳城肉罐肉			8		THUOCL
雪花龙须面			8		THUOCL
雪里红肉沫			8		THUOCL
面薄汤			8		THUOCL
馋酥			8		THUOCL
香糟田螺			8		THUOCL
马记茶汤			8		THUOCL
高密蜜枣			8		THUOCL
鲜肉猫耳朵			8		THUOCL
鲜豆苗			8		THUOCL
鸡蛋米浆粑粑			8		THUOCL
鸭掌包			8		THUOCL
鸳鸯酥盒			8		THUOCL
鹿鞭壮阳汤			8		THUOCL
麻辣凤爪			8		THUOCL
鼠曲果			8		THUOCL
龙井金鱼			8		THUOCL
龙川矿泉水			8		THUOCL
龙炒手			8		THUOCL
龙须燕丸			8		THUOCL
龟山茶			8		THUOCL
丁酸异戊酯			7		THUOCL
丁香姜糖			7		THUOCL
三色糯米饭			7		THUOCL
上海蟹壳黄			7		THUOCL
东璧龙珠			7		THUOCL
丝瓜炖豆腐			7		THUOCL
乐昌白毛茶			7		THUOCL
乒乓馃			7		THUOCL
乙萘酚			7		THUOCL
云腿奶糖			7		THUOCL
五味白肉			7		THUOCL
五香麻糕			7		THUOCL
什锦人参果			7		THUOCL
代县麻片			7		THUOCL
仿膳饽饽			7		THUOCL
兔肉炖鸡脚			7		THUOCL
八宝百合			7		THUOCL
冰糖蒸鸡胆			7		THUOCL
凤翔豆花			7		THUOCL
南宋定胜糕			7		THUOCL
南瓜炒虾米			7		THUOCL
双色马蹄糕			7		THUOCL
双酥月饼			7		THUOCL
口福鸡			7		THUOCL
可可壳色			7		THUOCL
可得然胶			7		THUOCL
台式卤肉酥			7		THUOCL
咸味奶油糖			7		THUOCL
嘉义的鸡肉饭			7		THUOCL
四喜鸭子			7		THUOCL
壶壶油茶			7		THUOCL
大白菜水饺			7		THUOCL
大蒜鲶鱼			7		THUOCL
天府花生酥糖			7		THUOCL
天津锅巴			7		THUOCL
天津馄饨			7		THUOCL
天目烘青豆			7		THUOCL
太原酱肘花			7		THUOCL
奶层糕			7		THUOCL
奶白枣宝			7		THUOCL
好味鸡			7		THUOCL
好胃到			7		THUOCL
姜丝拌汤			7		THUOCL
孔府一品锅			7		THUOCL
宁海望海茶			7		THUOCL
安多面片			7		THUOCL
宝玉鱼唇			7		THUOCL
宝矿力饮料			7		THUOCL
家乐鲜露			7		THUOCL
富油包			7		THUOCL
富贵黄金卷			7		THUOCL
小鸡酥			7		THUOCL
干炒牛肉丝			7		THUOCL
干煎黄鱼			7		THUOCL
干煸鳝背			7		THUOCL
干菜饺			7		THUOCL
延寿堂药糕			7		THUOCL
张川羊羔肉			7		THUOCL
成都蛋汤			7		THUOCL
扶风鹿糕馍			7		THUOCL
拿破伦酥			7		THUOCL
摩卡奶油蛋糕			7		THUOCL
春笋炒步鱼			7		THUOCL
春笋白拌鸡			7		THUOCL
普宁面线			7		THUOCL
曲奇香奶冰淇淋			7		THUOCL
曲沃腊牛肉			7		THUOCL
杏仁海绵蛋糕			7		THUOCL
杜本内			7		THUOCL
杨梅糕			7		THUOCL
松香季戊四醇酯			7		THUOCL
柠檬乳酪饼			7		THUOCL
柠檬沙冰			7		THUOCL
柠汁炸软鸡			7		THUOCL
柿子糊塌			7		THUOCL
桃仁山鸡丁			7		THUOCL
樟茶鸡			7		THUOCL
水果夹心蛋糕			7		THUOCL
氽肥肠儿			7		THUOCL
油爆肚尖			7		THUOCL
泡椒猪肝			7		THUOCL
泰式凉拌海鲜			7		THUOCL
泰式咖哩鸡			7		THUOCL
泰式酸辣虾汤			7		THUOCL
泰式青木瓜沙拉			7		THUOCL
海米白菜汤			7		THUOCL
清汤泡糕			7		THUOCL
清炖兔子			7		THUOCL
潇湘五元龟			7		THUOCL
火腿炒茄瓜			7		THUOCL
火腿萝卜丝酥饼			7		THUOCL
炒麦穗花鱿			7		THUOCL
炝黄瓜条			7		THUOCL
焦糖咖啡星冰乐			7		THUOCL
焦糖泡芙			7		THUOCL
煎紫米藕夹			7		THUOCL
燕禾金			7		THUOCL
爆炒鳝片			7		THUOCL
牛展汤			7		THUOCL
牛舌头饼			7		THUOCL
狗不理饭庄			7		THUOCL
玉带酥			7		THUOCL
玫瑰猪油大方糕			7		THUOCL
甜酸乳瓜			7		THUOCL
田园汤			7		THUOCL
白切虾			7		THUOCL
白宫城			7		THUOCL
白封肉			7		THUOCL
白豆沙拉			7		THUOCL
百花大虾			7		THUOCL
益力宝			7		THUOCL
盘古神鹿			7		THUOCL
石家鱼丸			7		THUOCL
硅铝酸钙			7		THUOCL
福寿临门			7		THUOCL
竹笋香菇汤			7		THUOCL
箩粉鱼头豆腐汤			7		THUOCL
米果食			7		THUOCL
米酒茶香鸭			7		THUOCL
糖醋小萝卜			7		THUOCL
糖醋面筋			7		THUOCL
红烧卷鸡			7		THUOCL
红肉煮馍			7		THUOCL
红豆膳粥			7		THUOCL
红颜汤			7		THUOCL
绿茶慕斯			7		THUOCL
羊杂汤锅			7		THUOCL
艾西姆桑扎			7		THUOCL
苏州酱鸭			7		THUOCL
莜面饸饹			7		THUOCL
菠菜鸡煲			7		THUOCL
葱炖猪蹄			7		THUOCL
蒜香鲶鱼			7		THUOCL
蓝莓果泥			7		THUOCL
蓝莓罐头			7		THUOCL
薄玉茶			7		THUOCL
藏族酸奶			7		THUOCL
蚝皇凤爪			7		THUOCL
蛋形巧克力			7		THUOCL
蜜饯金枣			7		THUOCL
蝴蝶暇卷			7		THUOCL
蟾蜍水蛇粥			7		THUOCL
豆浆挂面			7		THUOCL
豆芽咸菜			7		THUOCL
豉汁泰椒浸海螺			7		THUOCL
豫章酥鸭			7		THUOCL
超益			7		THUOCL
软烧豆腐			7		THUOCL
轻糖杏脯			7		THUOCL
辣子牛肉			7		THUOCL
辣炒鱿鱼丝			7		THUOCL
辣白菜卷			7		THUOCL
辽阳塔糖			7		THUOCL
迎宾楼菜馆			7		THUOCL
连城番薯干			7		THUOCL
迪凯堡			7		THUOCL
那不勒斯咖啡			7		THUOCL
郁滋客来			7		THUOCL
酥炸禾花雀			7		THUOCL
酥皮麻饼			7		THUOCL
酸菜小豆汤			7		THUOCL
醋溜藕片			7		THUOCL
重庆口水鸡			7		THUOCL
野无花果			7		THUOCL
金枪鱼面包			7		THUOCL
金柑饼			7		THUOCL
铁板鱿鱼须			7		THUOCL
铭雄明			7		THUOCL
银杏芋泥			7		THUOCL
锅塌黄鱼			7		THUOCL
长清大素包			7		THUOCL
附片归杞炖羊肉			7		THUOCL
雅诗轩			7		THUOCL
雪月羊肉			7		THUOCL
雪里藏珍			7		THUOCL
青菜肉丸汤			7		THUOCL
面包环			7		THUOCL
香煎南瓜饼			7		THUOCL
香芋油鸭煲			7		THUOCL
高力豆沙			7		THUOCL
魔芋锅巴炒肉丝			7		THUOCL
鱼香苦瓜			7		THUOCL
鲑鱼奶油冻			7		THUOCL
鲜奶蘑菇			7		THUOCL
鲜果银耳			7		THUOCL
鲜柚子汁			7		THUOCL
鸡汤三鲜馄饨			7		THUOCL
鸳鸯火锅底			7		THUOCL
麦打滚			7		THUOCL
麻城肉糕			7		THUOCL
麻辣烤肉			7		THUOCL
黑麻酥			7		THUOCL
鼎丰白醋			7		THUOCL
龙眼洋参饮			7		THUOCL
三义园牛肉焦饼			6		THUOCL
三杯脚鱼			6		THUOCL
三鲜冰豆腐			6		THUOCL
三鲜蘑菇			6		THUOCL
三鲜鱼丸			6		THUOCL
上岗子面茶			6		THUOCL
乙基愈创木酚			6		THUOCL
乙酸二甲基苄基原酯			6		THUOCL
乙酸异丁酸蔗糖酯			6		THUOCL
乙酸香叶酯			6		THUOCL
乾坤蒸狗			6		THUOCL
五味沙糕			6		THUOCL
五味香糕			6		THUOCL
什锦蜂窝豆腐			6		THUOCL
什锦锅巴			6		THUOCL
什锦麦胚饼			6		THUOCL
仁寿芝麻糕			6		THUOCL
今朝缘			6		THUOCL
仔姜牛肉			6		THUOCL
依幼鱼丸			6		THUOCL
八卦鱼肚			6		THUOCL
兰花大虾			6		THUOCL
冬菇汤包			6		THUOCL
冬菇蒸滑鸡			6		THUOCL
冬菇鸡脚汤			6		THUOCL
决明胶			6		THUOCL
冻冻肉			6		THUOCL
凉拌芫荽			6		THUOCL
前菜七品			6		THUOCL
单县四君子酒			6		THUOCL
南霞泥鳅粉干			6		THUOCL
卷筒蛋糕			6		THUOCL
原味腌制料			6		THUOCL
原笼牛肉			6		THUOCL
叉烧炒面			6		THUOCL
双色煎鱼			6		THUOCL
双黄鱼片			6		THUOCL
喷火林宝坚尼			6		THUOCL
团圆汤			6		THUOCL
地胆头炖猪月展			6		THUOCL
夏茂芋包			6		THUOCL
大荔瓜果			6		THUOCL
大蒜鲇鱼			6		THUOCL
天津炸酱面			6		THUOCL
太白拉糕			6		THUOCL
夹沙荞糕			6		THUOCL
奇力元			6		THUOCL
奇味干锅			6		THUOCL
奶汁角			6		THUOCL
奶油小饼干			6		THUOCL
奶油桂鱼			6		THUOCL
好乐门蛋黄酱			6		THUOCL
姜葱蚬芥蒸鱼云			6		THUOCL
宫廷小黄瓜			6		THUOCL
宫灯鱼丝			6		THUOCL
家乡碌鹅			6		THUOCL
屯溪徽菜馆			6		THUOCL
山楂凉茶			6		THUOCL
峡州碧峰茶			6		THUOCL
峨秀糕			6		THUOCL
川鱼头火锅			6		THUOCL
干窝带皮蛇			6		THUOCL
庐江小红头			6		THUOCL
库车汤面			6		THUOCL
张川锅盔			6		THUOCL
强化麦乳精			6		THUOCL
彩带鱼头			6		THUOCL
御膳烤鸡			6		THUOCL
徽州状元饭			6		THUOCL
怪味核桃			6		THUOCL
意大利调料			6		THUOCL
意式拉花			6		THUOCL
扒鲍鱼芦笋			6		THUOCL
拉丝烙饼			6		THUOCL
拉糟鱼块			6		THUOCL
挂炉山鸡			6		THUOCL
挂炉沙板鸡			6		THUOCL
搅醋丝			6		THUOCL
摔饼			6		THUOCL
春城鲜虾饺			6		THUOCL
杨梅虾球			6		THUOCL
松丝汤包			6		THUOCL
松树猴头			6		THUOCL
柠檬小蛋糕			6		THUOCL
桂花楂糕			6		THUOCL
梅花青豆糁			6		THUOCL
榆皮面饸咯			6		THUOCL
榕树茶			6		THUOCL
正明斋糕点			6		THUOCL
水晶扣肉			6		THUOCL
水浒肉			6		THUOCL
汾宁白糖棉花糕			6		THUOCL
沙市甜独蒜头			6		THUOCL
沙拉船			6		THUOCL
沙黄蛋角酥			6		THUOCL
油煎鸡蛋蘸蜂蜜			6		THUOCL
油茶炒面			6		THUOCL
泡椒黄辣丁			6		THUOCL
洞庭水岸			6		THUOCL
洪洞醪糟			6		THUOCL
浓香鸡块			6		THUOCL
海天老抽王			6		THUOCL
海天黄豆酱			6		THUOCL
淮杞鸡脚响螺汤			6		THUOCL
混糖锅魁			6		THUOCL
清炒鳝丝			6		THUOCL
清真什锦细点			6		THUOCL
滇八件糕点			6		THUOCL
炊麒麟鱼			6		THUOCL
炒八宝饭			6		THUOCL
炒豆腐松			6		THUOCL
炸珍珠虾			6		THUOCL
炸鳝段			6		THUOCL
烟肉蛋麦满分			6		THUOCL
烧填鸭			6		THUOCL
焦溜肥肠			6		THUOCL
煎连壳蟹			6		THUOCL
熟栗糕			6		THUOCL
牛肉末炒芹菜			6		THUOCL
猪油松子酥			6		THUOCL
猪油松糕			6		THUOCL
玻璃鲜墨			6		THUOCL
琅琊酥糖			6		THUOCL
甜合锦			6		THUOCL
甜酸海蜇			6		THUOCL
生炊麒麟鱼			6		THUOCL
生炒面			6		THUOCL
生鱼面			6		THUOCL
癸酸乙酯			6		THUOCL
白米酥			6		THUOCL
百合牛肉			6		THUOCL
皮片乳猪			6		THUOCL
知味小笼包			6		THUOCL
磨浆果			6		THUOCL
秦镇皮子			6		THUOCL
篮球鸽蛋			6		THUOCL
糕耙稀饭			6		THUOCL
糖胶树胶			6		THUOCL
糯米塞藕			6		THUOCL
糯米甜糟			6		THUOCL
红万寿			6		THUOCL
红辣椒爆炒鳝片			6		THUOCL
绒鸡待哺			6		THUOCL
维西豆腐			6		THUOCL
羟甲基淀粉钠			6		THUOCL
翡冷翠提拉米苏			6		THUOCL
翡翠鸡翅			6		THUOCL
老冬瓜荷叶汤			6		THUOCL
肉花卷			6		THUOCL
肥肠豆花			6		THUOCL
芒果果泥			6		THUOCL
芙蓉套蟹			6		THUOCL
芝麻酥心糖			6		THUOCL
芡实猪肚汤			6		THUOCL
花式酥			6		THUOCL
苏式船点			6		THUOCL
苏式鲜肉月饼			6		THUOCL
苔干羊肉丝			6		THUOCL
茶台茗叙			6		THUOCL
荞串			6		THUOCL
荠菜肉馄饨			6		THUOCL
荷兰沙司			6		THUOCL
荷包鱿鱼			6		THUOCL
荷花豆腐大虾			6		THUOCL
莲蓉甘露酥			6		THUOCL
菜豆腐稀饭			6		THUOCL
葱油桃酥			6		THUOCL
葱豉豆腐汤			6		THUOCL
蒸拌冷面			6		THUOCL
蓬菜小面			6		THUOCL
蕃茄鸡煲			6		THUOCL
藜蒿腊肉			6		THUOCL
虫草鹌鹑			6		THUOCL
蜜饯葡萄			6		THUOCL
蜜饯鲜桃			6		THUOCL
豆沙方糕			6		THUOCL
豆沙苹果			6		THUOCL
豆渣猪头			6		THUOCL
豆腐排骨			6		THUOCL
豆茸酿枇杷			6		THUOCL
豆面酥糖			6		THUOCL
软哨面			6		THUOCL
辣子鱼块			6		THUOCL
辣汁茄丝			6		THUOCL
酥炸鸭子			6		THUOCL
酸辣肘子			6		THUOCL
酸辣饺面			6		THUOCL
醪糟小汤圆			6		THUOCL
醪糟罐头			6		THUOCL
铁板肥肠			6		THUOCL
银耳汽锅鸡			6		THUOCL
镇平道口烧鸡			6		THUOCL
陈皮鹅			6		THUOCL
雪花鱼翅			6		THUOCL
馄饨千层饼			6		THUOCL
首乌鸡丁			6		THUOCL
香油米花糖			6		THUOCL
香煎土豆饼			6		THUOCL
香菇烧菜心			6		THUOCL
鲜奶鱼			6		THUOCL
鲜菊酥			6		THUOCL
鸡茸笔架鱼肚			6		THUOCL
黄州烧梅			6		THUOCL
黄果冻			6		THUOCL
黄精蒸鸡			6		THUOCL
黑珍珠汤圆			6		THUOCL
黑白冰咖啡			6		THUOCL
龙抱凤蛋			6		THUOCL
龙眼甜烧白			6		THUOCL
丁酸苄酯			5		THUOCL
七彩什锦煲			5		THUOCL
三鲜紫米蛋糕			5		THUOCL
东坡茄子			5		THUOCL
东阴宫			5		THUOCL
乌梅糕			5		THUOCL
九洞矿泉水			5		THUOCL
乳膳萨其马			5		THUOCL
五华尊			5		THUOCL
五彩虾松			5		THUOCL
五香干丝			5		THUOCL
五香熟芥			5		THUOCL
五香苦瓜			5		THUOCL
什锦点心			5		THUOCL
什锦花篮			5		THUOCL
佛豆柠檬枇			5		THUOCL
八宝梨罐			5		THUOCL
八宝黑米粥			5		THUOCL
冰糖哈士蟆			5		THUOCL
冰糖金耳鸽蛋			5		THUOCL
冰豌豆粉			5		THUOCL
冰镇番茄汁			5		THUOCL
凉拌牛蒡			5		THUOCL
凤尾群翅			5		THUOCL
出口马蹄			5		THUOCL
剁椒小芋头			5		THUOCL
前菜四品			5		THUOCL
劲霸鲍鱼汁			5		THUOCL
包饼油条			5		THUOCL
北杏猪肺汤			5		THUOCL
压合落			5		THUOCL
参芪红枣乳鸽汤			5		THUOCL
参茸茶			5		THUOCL
叉子火食			5		THUOCL
叉烧鸭子			5		THUOCL
双色软糖			5		THUOCL
发米粑			5		THUOCL
可可桃仁			5		THUOCL
可可麦乳精			5		THUOCL
合油酥			5		THUOCL
含羞果			5		THUOCL
响铃球			5		THUOCL
四喜乾果			5		THUOCL
土豆松糕			5		THUOCL
土豆粑粑			5		THUOCL
地栗糕			5		THUOCL
培根奶油蛋汁			5		THUOCL
塞上香哪			5		THUOCL
墨鱼羹			5		THUOCL
大叶苦茶			5		THUOCL
大块煮羊肉			5		THUOCL
大理雪茶			5		THUOCL
天水搅团			5		THUOCL
太平猴魁绿茶			5		THUOCL
太极发财燕			5		THUOCL
夹心虾糕			5		THUOCL
奶油西兰花			5		THUOCL
姊妹七辣			5		THUOCL
姜茸柠檬锔鸡腿			5		THUOCL
子萝卜汤			5		THUOCL
宫廷风味糕点			5		THUOCL
小鸡煮稀饭			5		THUOCL
山药鲫鱼豆腐汤			5		THUOCL
己基间苯二酚			5		THUOCL
平锅羊肉			5		THUOCL
广东省海南省			5		THUOCL
当归獐肉			5		THUOCL
当归百合兔			5		THUOCL
御泉杏仁露			5		THUOCL
御膳豆黄			5		THUOCL
御香源			5		THUOCL
德式土豆泥			5		THUOCL
徽州蒸鸡			5		THUOCL
怪味大扁			5		THUOCL
恭城柿饼			5		THUOCL
意大利式米饭			5		THUOCL
慈禧小窝头			5		THUOCL
抚仙湖抗浪鱼			5		THUOCL
新南轩酒家			5		THUOCL
新都桂花糕			5		THUOCL
无花果炖瘦肉			5		THUOCL
明珠豆腐			5		THUOCL
明珠香芋饼			5		THUOCL
晶糕肉片			5		THUOCL
曹马芝麻糖			5		THUOCL
木糖醇酐单硬脂酸酯			5		THUOCL
札干			5		THUOCL
朴枳粿			5		THUOCL
李咸饼			5		THUOCL
杏仁小饼干			5		THUOCL
杏仁薄脆			5		THUOCL
板栗焖仔鸡			5		THUOCL
果胶酶制剂			5		THUOCL
枸杞牛鞭汤			5		THUOCL
桂圆羊肉煲			5		THUOCL
桂花栗饼			5		THUOCL
椒河鳗			5		THUOCL
椒油扁豆			5		THUOCL
椿芽焖蛋			5		THUOCL
水晶梅花包			5		THUOCL
沙河蛋糕			5		THUOCL
沙蒿胶			5		THUOCL
河南卤面			5		THUOCL
油条烩鳝鱼			5		THUOCL
油泡鱼青丸			5		THUOCL
油炸麻圆			5		THUOCL
油焖草菇			5		THUOCL
油糊角			5		THUOCL
油脂肠			5		THUOCL
油豆腐镶肉			5		THUOCL
泉水土鸡			5		THUOCL
法式红酒焗蜗牛			5		THUOCL
泡椒河鳗			5		THUOCL
泰山豆腐面			5		THUOCL
泰州干丝			5		THUOCL
洱海海菜			5		THUOCL
济南香肠			5		THUOCL
海带焖饭			5		THUOCL
海带萝卜汤			5		THUOCL
海米珍珠笋			5		THUOCL
清炒小花菇			5		THUOCL
清蒸鲻鱼			5		THUOCL
湘西外婆菜			5		THUOCL
滑溜贝球			5		THUOCL
漆油炒米酒			5		THUOCL
潮州腐乳饼			5		THUOCL
火爆腰块			5		THUOCL
灵山粗粉			5		THUOCL
炒虾丝			5		THUOCL
炸大扁			5		THUOCL
烙糕子			5		THUOCL
烟薰鸭子			5		THUOCL
热水藕			5		THUOCL
牙牙饭			5		THUOCL
牛肉小包			5		THUOCL
牛肉烧麦			5		THUOCL
牛蒡糕			5		THUOCL
王家核桃烧饼			5		THUOCL
玛瑙团			5		THUOCL
珍珠粉耙			5		THUOCL
珍珠肠粉			5		THUOCL
琵琶酥			5		THUOCL
甘麦红枣汤			5		THUOCL
甜酱萝葡			5		THUOCL
生熏大黄鱼			5		THUOCL
白巧克力冰淇淋			5		THUOCL
白汁牛肉			5		THUOCL
白玉藏珠			5		THUOCL
白羊肾羹			5		THUOCL
白芷汤			5		THUOCL
百草梨膏糖			5		THUOCL
盐水肫花			5		THUOCL
石家酱方			5		THUOCL
砂锅炖驴肉			5		THUOCL
碱酥饼			5		THUOCL
米冻蜂			5		THUOCL
粟米香菇排骨汤			5		THUOCL
糖化酶制剂			5		THUOCL
糖炒大扁			5		THUOCL
糖醋素排骨			5		THUOCL
糖醋鸡圆			5		THUOCL
素炒豇豆			5		THUOCL
紫苏梅鸡			5		THUOCL
红枣薏仁粥			5		THUOCL
红烧滑水			5		THUOCL
红烧猪腰			5		THUOCL
红烧腐竹			5		THUOCL
红焖羊头			5		THUOCL
红苕饼			5		THUOCL
红薯宽粉			5		THUOCL
细馓子			5		THUOCL
绩溪一品锅			5		THUOCL
翡翠鸳鸯带			5		THUOCL
老二位麻酱烧饼			5		THUOCL
肉末胡萝卜			5		THUOCL
肉片炒莴笋			5		THUOCL
肉蓉玉米羹			5		THUOCL
脆皮马蹄糕			5		THUOCL
腊味芋头糕			5		THUOCL
腌水芥皮			5		THUOCL
芋儿烧排骨			5		THUOCL
芙蓉藿香饺			5		THUOCL
芙蓉鱼骨			5		THUOCL
芦笋炒牛肉			5		THUOCL
花草木三友茶			5		THUOCL
苗家粉蒸肉			5		THUOCL
莲子膳粥			5		THUOCL
莲子银耳梨			5		THUOCL
菊花黄浸膏			5		THUOCL
菜远牛肉			5		THUOCL
萝卜煮肉丸			5		THUOCL
葱烧鲨鱼皮			5		THUOCL
蒲公英节			5		THUOCL
蒸鸡蛋肉卷			5		THUOCL
蔊菜雪梨冰糖汁			5		THUOCL
薏仁猪肚汤			5		THUOCL
藏族吹肺			5		THUOCL
藕粉饺			5		THUOCL
虾须牛肉			5		THUOCL
蚕豆炒虾仁			5		THUOCL
蚝油叉烧包			5		THUOCL
蜜汁金枣			5		THUOCL
蜜饯瓜条			5		THUOCL
蜜饯苹果			5		THUOCL
蜜饯莱阳梨			5		THUOCL
蟹黄肉包			5		THUOCL
西湖藕粥			5		THUOCL
西湖蜜皇彩花			5		THUOCL
詹王火腿汁			5		THUOCL
豆沙奶卷			5		THUOCL
豆角干煲鲩鱼尾			5		THUOCL
赖桃酥			5		THUOCL
辣味肉皮冻			5		THUOCL
辣椒橙			5		THUOCL
连理双味鱼			5		THUOCL
酥油太花盏			5		THUOCL
酥盐鸡块			5		THUOCL
酱桃仁			5		THUOCL
酱焖鹌鹑			5		THUOCL
酸辣鱿鱼丝			5		THUOCL
金樱子棕			5		THUOCL
金牌叉烧酥			5		THUOCL
金钩翡翠			5		THUOCL
金钱口蘑汤			5		THUOCL
铁板鸡杂			5		THUOCL
铜井巷素面			5		THUOCL
长治山楂饼			5		THUOCL
长治腊驴肉			5		THUOCL
随上薄饼			5		THUOCL
雪花鸡汤			5		THUOCL
雪蛤膏专门店			5		THUOCL
青海名菜			5		THUOCL
青苔童鸭糁			5		THUOCL
风林茄子			5		THUOCL
香滑椰汁糕			5		THUOCL
香炸雪梨			5		THUOCL
香脆锅巴			5		THUOCL
香蕉蛋奶饼			5		THUOCL
香蕉锅炸			5		THUOCL
高丽鱼条			5		THUOCL
高倍果汁			5		THUOCL
鱼头酸笋汤			5		THUOCL
鲎馃			5		THUOCL
鲜百合煎酿绿豆			5		THUOCL
鲜肉榨菜月饼			5		THUOCL
鸡丝伊府面			5		THUOCL
鸡蛋春饼			5		THUOCL
鸡蛋熨斗糕			5		THUOCL
鸽戏牛蛙			5		THUOCL
鹤庆米糕			5		THUOCL
鹿茸牛肉卷			5		THUOCL
麻辣黄鳝			5		THUOCL
黄焖鸭肝			5		THUOCL
黄蜀葵胶			5		THUOCL
黑京果			5		THUOCL
黑豆焖猪蹄			5		THUOCL
一品蒸黄鱼			4		THUOCL
一品豆腐汤			4		THUOCL
一品酥方			4		THUOCL
三年陈花雕酒			4		THUOCL
三色鸡鱼丸			4		THUOCL
三鲜瑶柱			4		THUOCL
上汤奶白菜			4		THUOCL
上汤虾丸			4		THUOCL
上海汤圆			4		THUOCL
上海炸猪排			4		THUOCL
丝丝糕			4		THUOCL
两英番薯粥			4		THUOCL
严州雪梨			4		THUOCL
九姓团圆			4		THUOCL
二仙烧羊肉			4		THUOCL
五味花枝			4		THUOCL
五寨猪黑肉炖粉			4		THUOCL
五彩炒驼峰			4		THUOCL
五香辣味牛肉干			4		THUOCL
五香酥饼			4		THUOCL
什锦南糖			4		THUOCL
什锦蛋卷			4		THUOCL
低脂芝士蛋糕			4		THUOCL
佛手三丝			4		THUOCL
保德碗托			4		THUOCL
八宝蜜食			4		THUOCL
兰度鸽脯			4		THUOCL
兼善餐厅			4		THUOCL
冬瓜连锅汤			4		THUOCL
冬蓉酥			4		THUOCL
凉瓜浸田鸡			4		THUOCL
刺云实胶			4		THUOCL
劲霸橙汁			4		THUOCL
劲霸辣椒汁			4		THUOCL
千层蒸糕			4		THUOCL
千岛汁鸡球			4		THUOCL
南瓜小点			4		THUOCL
卡蕾多儿			4		THUOCL
原只木瓜炖雪蛤			4		THUOCL
参芪炖白凤			4		THUOCL
双色绿茶饼干			4		THUOCL
双薯沙拉			4		THUOCL
发饽饽			4		THUOCL
含羞丸子			4		THUOCL
吴常昌牛巴			4		THUOCL
四样荤素			4		THUOCL
四甜蜜饯			4		THUOCL
回族碾馔儿			4		THUOCL
回锅腊肉			4		THUOCL
圆白菜炒腊肉			4		THUOCL
土豆烧肉丁			4		THUOCL
墨鱼香菇冬笋粥			4		THUOCL
大西洋珍鲑比萨			4		THUOCL
太史饼			4		THUOCL
太平糕			4		THUOCL
奇异果煎虾沙拉			4		THUOCL
奶油回饼			4		THUOCL
奶油花蛋糕			4		THUOCL
姜味蛋糕			4		THUOCL
姜拌藕			4		THUOCL
姜汁扁豆			4		THUOCL
宁夏酿皮子			4		THUOCL
安康窝窝面			4		THUOCL
宫保兔肉			4		THUOCL
小林黄姜			4		THUOCL
小煎仔鸡			4		THUOCL
小稀瓜瓜			4		THUOCL
小羊羹			4		THUOCL
尤溪卜鸭			4		THUOCL
岳南泡糖			4		THUOCL
希乐夫			4		THUOCL
希腊雪花粥			4		THUOCL
干捞米粉			4		THUOCL
干烹仔鸡			4		THUOCL
干煸鳝鱼丝			4		THUOCL
干贝萝卜汤			4		THUOCL
干连福海参			4		THUOCL
干锅飘香手撕鸡			4		THUOCL
弋阳醋鸡			4		THUOCL
怀胎桂鱼			4		THUOCL
扒酿海参			4		THUOCL
抹茶轻乳酪蛋糕			4		THUOCL
斜切通心粉沙拉			4		THUOCL
新郑丁家粉蒸肉			4		THUOCL
新鲜木瓜南北杏炖雪耳			4		THUOCL
日式戚风			4		THUOCL
明炉梅子鸭			4		THUOCL
明顺斋烧饼			4		THUOCL
晋城炒凉粉			4		THUOCL
木三对			4		THUOCL
木瓜煲老鸭			4		THUOCL
李派林急汁			4		THUOCL
杏仁银肺汤			4		THUOCL
松子茄鱼			4		THUOCL
板栗仔鸡			4		THUOCL
果胶裂解酶			4		THUOCL
果酱金糕			4		THUOCL
枣泥松糕			4		THUOCL
柠檬薏米水			4		THUOCL
柯尔克孜族烤全羊			4		THUOCL
核桃鸡汤			4		THUOCL
根面角			4		THUOCL
桂林粽子			4		THUOCL
桂花栗子酥			4		THUOCL
桂花炒米糕			4		THUOCL
桂花辣酱芥			4		THUOCL
桂花酱鸡			4		THUOCL
桔烧巴			4		THUOCL
梅兰锡咖啡			4		THUOCL
梅竹山石			4		THUOCL
棉城鲎			4		THUOCL
椒油茭白			4		THUOCL
椒油银耳			4		THUOCL
椒盐肘子			4		THUOCL
椰香咖喱鸡			4		THUOCL
欧利伐			4		THUOCL
正宗涮羊肉			4		THUOCL
毛豆煎臭豆腐			4		THUOCL
气磺蛋			4		THUOCL
氢化松香甘油酯			4		THUOCL
水晶枇杷			4		THUOCL
水晶翡翠饺			4		THUOCL
水晶蹄膀香肴肉			4		THUOCL
沙县豆腐丸			4		THUOCL
沙司牛尾			4		THUOCL
沙维康			4		THUOCL
沙茶粿			4		THUOCL
油爆鱿鱼卷			4		THUOCL
法式芝香烤翅			4		THUOCL
泰式千层糕			4		THUOCL
活血药酒			4		THUOCL
浦江蟹羹			4		THUOCL
海参碗鱼			4		THUOCL
海参肘子			4		THUOCL
海天上等蚝油			4		THUOCL
淳安辣椒酱			4		THUOCL
混堂锅魁			4		THUOCL
清汤米线			4		THUOCL
清蒸鹰龟			4		THUOCL
温江酥糖			4		THUOCL
湖南腊鱼			4		THUOCL
潮州肉冻			4		THUOCL
潮汕朥糕			4		THUOCL
火腿酥腰			4		THUOCL
灯影苕片			4		THUOCL
炒三脆			4		THUOCL
炒豌豆夹			4		THUOCL
炸熘黄鱼			4		THUOCL
烧三味			4		THUOCL
烧卖酥			4		THUOCL
烧鸡酥			4		THUOCL
热带杂果罐头			4		THUOCL
热炒四品			4		THUOCL
熘豆芽			4		THUOCL
燕窝炖雪梨			4		THUOCL
爆炒猪血丸子			4		THUOCL
牛柳炒白蘑			4		THUOCL
牛膝炖猪蹄			4		THUOCL
牡丹蝎托			4		THUOCL
猪油发糕			4		THUOCL
猪皮萝卜			4		THUOCL
玉兰明虾			4		THUOCL
玻璃蛋糕			4		THUOCL
玻璃酥鸡			4		THUOCL
珍珠豆腐羹			4		THUOCL
甘笋蒸饼			4		THUOCL
甘菊猪肚			4		THUOCL
甜玉米饮料			4		THUOCL
甜酸豆腐			4		THUOCL
生呛梭子蟹			4		THUOCL
白岘吊瓜子			4		THUOCL
白炒虾球			4		THUOCL
百合灵芝			4		THUOCL
百鸟还巢			4		THUOCL
皖古王			4		THUOCL
盐焗鹌鹑蛋			4		THUOCL
直腰虾仁			4		THUOCL
真如白切羊肉			4		THUOCL
矮子斋			4		THUOCL
石屏荔枝酥			4		THUOCL
碧波田鸡			4		THUOCL
福山烧小鸡			4		THUOCL
秋梨膏的做法			4		THUOCL
秦邮全鸭宴			4		THUOCL
稀珍黑米粥			4		THUOCL
稀豆粉油条			4		THUOCL
笋鲍鱼汤			4		THUOCL
精莜面			4		THUOCL
糖醋包菜			4		THUOCL
糖醋软熘黄河鲤鱼			4		THUOCL
素脆鳝			4		THUOCL
红杞活鱼			4		THUOCL
红薯酸奶			4		THUOCL
红豆百合糖水			4		THUOCL
红酒沙司			4		THUOCL
绿豆乳饮料			4		THUOCL
绿豆冬瓜汤			4		THUOCL
绿豆小米稀饭			4		THUOCL
罐罐豆花			4		THUOCL
网包鳜鱼			4		THUOCL
网油鱼卷			4		THUOCL
罗卜红			4		THUOCL
羊尾桃			4		THUOCL
羊耳鸡塔			4		THUOCL
羊肉合面			4		THUOCL
美味葱油饼			4		THUOCL
美味蛋包饭			4		THUOCL
美国香瓜			4		THUOCL
翠竹粉蒸鮰鱼			4		THUOCL
翠竹粉蒸鱼			4		THUOCL
翡翠玉扇			4		THUOCL
老大房月饼			4		THUOCL
肌醇六磷酸钠			4		THUOCL
脆皮桂鱼			4		THUOCL
芒果鸡柳			4		THUOCL
芙蓉鱼角			4		THUOCL
芥末鸭膀			4		THUOCL
芦笋鲍鱼汤			4		THUOCL
芪蛇汤			4		THUOCL
花旗参炖水鸭			4		THUOCL
花江炒粉			4		THUOCL
花色酥点			4		THUOCL
芹黄鱼丝			4		THUOCL
苦瓜黑鱼汤			4		THUOCL
茄汁菜包			4		THUOCL
茶绿色素			4		THUOCL
荞麦面扒糕			4		THUOCL
荷包水鱼			4		THUOCL
荷叶三蒸			4		THUOCL
荷叶新凤鸡			4		THUOCL
莲花蛋糕			4		THUOCL
莲蓉小鸡			4		THUOCL
莲香脱骨鸡			4		THUOCL
菊花佛手酥			4		THUOCL
菜豆腐节节			4		THUOCL
菠菜炒生鱼片			4		THUOCL
菠菜煎饼			4		THUOCL
菠萝软糖			4		THUOCL
萍踪叠影			4		THUOCL
萝卜氽鲫鱼			4		THUOCL
葱花缸炉			4		THUOCL
蕃茄马蹄			4		THUOCL
薄荷叶松香			4		THUOCL
蘑菇窝窝面			4		THUOCL
虎皮梳子肉			4		THUOCL
虾仁吐司			4		THUOCL
虾皮炒冬瓜			4		THUOCL
虾籽管廷			4		THUOCL
虾羹汤			4		THUOCL
蛋酥炒面			4		THUOCL
蜜枣银心			4		THUOCL
蜜饯桔子			4		THUOCL
蜜饯马蹄			4		THUOCL
蟹肉西兰花			4		THUOCL
补血酥糖			4		THUOCL
裹烧茭白			4		THUOCL
西安油酥饼			4		THUOCL
西式烤面包			4		THUOCL
西式酥饼			4		THUOCL
西柚三文鱼			4		THUOCL
西洋烩鸡			4		THUOCL
西瓜奶酪			4		THUOCL
詹王猪骨汁			4		THUOCL
豆瓣鲜鱿			4		THUOCL
豆腐蛎			4		THUOCL
豉汁凉瓜炆蟹			4		THUOCL
象眼鸽蛋			4		THUOCL
踏绿波			4		THUOCL
辽牛			4		THUOCL
通草排骨汤			4		THUOCL
酥心脆糖			4		THUOCL
酱爆肉酥饼			4		THUOCL
酱蜜汁烤鸭脯			4		THUOCL
酸包菜炒粉皮			4		THUOCL
酸枣色			4		THUOCL
酸汤饵丝			4		THUOCL
酸笋焖鱼			4		THUOCL
酸菜梅鱼			4		THUOCL
酸辣岩水豆花			4		THUOCL
酸辣萝卜干			4		THUOCL
醉蟹清炖鸡			4		THUOCL
重油炒面			4		THUOCL
金万利香橙酒			4		THUOCL
金华馒头			4		THUOCL
金溪藕丝糖			4		THUOCL
金牌手撕鸭			4		THUOCL
金腿烧圆鱼			4		THUOCL
金钱吐丝			4		THUOCL
锅散丹			4		THUOCL
锅榻腰盒			4		THUOCL
锅煽豆腐			4		THUOCL
锅贴鸡片			4		THUOCL
镇远陈年道菜			4		THUOCL
青椒塞肉			4		THUOCL
青瓜皮蛋汤			4		THUOCL
青萝卜陈皮煲鸭汤			4		THUOCL
面筋皮子			4		THUOCL
韭菜鲜鱿			4		THUOCL
食嘉益			4		THUOCL
馄饨鸭子			4		THUOCL
香烤肋排			4		THUOCL
香焙核桃挞			4		THUOCL
香煎茄片			4		THUOCL
香爆螺盏			4		THUOCL
香菇素鸡			4		THUOCL
香菜芯			4		THUOCL
香酥凤腿			4		THUOCL
鯮鱼饼			4		THUOCL
鱼米羹			4		THUOCL
鱼胶圆肉炖水鸭			4		THUOCL
鱼香牛腩			4		THUOCL
鲜炒鱼片			4		THUOCL
鲜竹牛肉			4		THUOCL
鲤鱼补血汤			4		THUOCL
鸡粥蒲菜			4		THUOCL
鸡豆冰粉			4		THUOCL
鸳鸯夹心饼			4		THUOCL
麦胚饼干			4		THUOCL
麻花腰子			4		THUOCL
麻花酥鲫鱼			4		THUOCL
麻辣猪肝			4		THUOCL
麻辣萝卜丝			4		THUOCL
麻雀肉饼			4		THUOCL
黑豆叶菜			4		THUOCL
龙凤炒饭			4		THUOCL
龙凤瓦酥			4		THUOCL
龙眼莲子羹			4		THUOCL
龙衔海棠			4		THUOCL
龟鹤延年汤			4		THUOCL
一品薯包			3		THUOCL
万字珊瑚白菜			3		THUOCL
三七蒸鸡			3		THUOCL
三色鸡丁			3		THUOCL
上海蒸鱼			3		THUOCL
东坡鳊鱼			3		THUOCL
串烧海鲜			3		THUOCL
临汝药酒			3		THUOCL
之江鲈莼羹			3		THUOCL
乳酪蒸虾仁			3		THUOCL
乾州豆腐脑			3		THUOCL
二仙居碗坨			3		THUOCL
二块粑炒火腿			3		THUOCL
二甲基苄基原醇			3		THUOCL
五仁酥			3		THUOCL
五夫醉鸡			3		THUOCL
五彩蟹盒			3		THUOCL
五柳鲜鱼			3		THUOCL
五色沙拉			3		THUOCL
五花肉炒豆腐泡菜			3		THUOCL
五香松花蛋			3		THUOCL
亮蓝铝色淀			3		THUOCL
代黄杏			3		THUOCL
仪征雀脯菜			3		THUOCL
何首乌山鸡			3		THUOCL
兔耳草醛			3		THUOCL
党参黄芪炖鸡汤			3		THUOCL
八公山雪月银球			3		THUOCL
八宝炒年糕			3		THUOCL
八宝膳粥			3		THUOCL
八宝银耳羹			3		THUOCL
八珍月饼			3		THUOCL
兰州烤羊肉			3		THUOCL
关爷宫前尖米丸			3		THUOCL
冬瓜甑			3		THUOCL
冬菇炒面			3		THUOCL
冬菇雪耳猪胰汤			3		THUOCL
凤凰萝卜			3		THUOCL
凤翔豆花泡馍			3		THUOCL
刀鱼羹卤子面			3		THUOCL
剁椒胖鱼头			3		THUOCL
北京美晶			3		THUOCL
北方嘉宾			3		THUOCL
北芪瘦肉			3		THUOCL
十香果			3		THUOCL
千层发糕			3		THUOCL
千岛湖红烧鱼头			3		THUOCL
南乳小排			3		THUOCL
南式细点			3		THUOCL
南瓜蒸肉			3		THUOCL
南疆水晶无花果			3		THUOCL
卧龙戏珠			3		THUOCL
双烤肉			3		THUOCL
合菜盖被			3		THUOCL
咖喱焖鸡			3		THUOCL
咯嗒面			3		THUOCL
哈尔滨熏鸡			3		THUOCL
四季美小笼汤包			3		THUOCL
四宝上汤			3		THUOCL
回族麦芽糖			3		THUOCL
土豆火腿沙拉			3		THUOCL
基本戚风蛋糕			3		THUOCL
夏威夷冰咖啡			3		THUOCL
大理翠梅酸辣鱼			3		THUOCL
大石四季仔			3		THUOCL
大米蛋糕			3		THUOCL
天冬蜜饯			3		THUOCL
天水浆水面			3		THUOCL
天麻全鸡			3		THUOCL
太子参百合田鸡汤			3		THUOCL
奉香上寿			3		THUOCL
奶汤元鱼			3		THUOCL
奶油火腿馅饼			3		THUOCL
奶油蘑菇鸡			3		THUOCL
奶黄雪蛤酥			3		THUOCL
如意竹荪			3		THUOCL
姜丝牛肉			3		THUOCL
姜爆三丝			3		THUOCL
嫦娥奔月饼			3		THUOCL
孔府烤花搅鲑鱼			3		THUOCL
孝义火烧			3		THUOCL
宜宾肺片			3		THUOCL
宜春松花皮蛋			3		THUOCL
客家茶果			3		THUOCL
宫廷小窝头			3		THUOCL
宰羔肉			3		THUOCL
家常旺			3		THUOCL
寡妇之吻			3		THUOCL
对羟基苯甲酸丙酯钠			3		THUOCL
寺前馄饨			3		THUOCL
小炒白菜			3		THUOCL
小肉面			3		THUOCL
小葱烧财鱼			3		THUOCL
尖椒耗儿鱼			3		THUOCL
山梨醇酐单月桂酸酯			3		THUOCL
山梨醇酐单硬脂酸酯			3		THUOCL
山楂牛肉干			3		THUOCL
山珍蕨菜			3		THUOCL
崇州荞面			3		THUOCL
崞阳麻叶			3		THUOCL
巍山蜜饯			3		THUOCL
川冬菜炒鲜蚕豆			3		THUOCL
巧克力松露蛋糕			3		THUOCL
己基肉桂醛			3		THUOCL
帕玛森芝士			3		THUOCL
干火靠大虾			3		THUOCL
干烧萝卜			3		THUOCL
干烧雅鱼			3		THUOCL
干锅带皮黄牛肉			3		THUOCL
干锅腊味河蚌			3		THUOCL
广式腊味煲仔饭			3		THUOCL
延边冷面			3		THUOCL
彭州九尺板鸭			3		THUOCL
得心斋酝猪蹄			3		THUOCL
御菜一品			3		THUOCL
德国乳酪蛋糕			3		THUOCL
怡神饮料			3		THUOCL
总汇沙拉			3		THUOCL
怿味胡豆			3		THUOCL
扶风鹿羔馍			3		THUOCL
抹茶冰淇淋蛋糕			3		THUOCL
抹茶椰奶凉糕			3		THUOCL
持炉珍珠鸡			3		THUOCL
提丝发糕			3		THUOCL
支竹羊腩煲			3		THUOCL
文成拉面			3		THUOCL
文昌空心煎堆			3		THUOCL
新疆丝路明珠			3		THUOCL
新疆抓饭烧麦			3		THUOCL
新疆琉璃葡萄			3		THUOCL
新红铝色淀			3		THUOCL
无字盐水牛肉			3		THUOCL
旺得芬			3		THUOCL
普斯福特			3		THUOCL
景芝三盖饼			3		THUOCL
暇油黄瓜			3		THUOCL
木洞晒枣			3		THUOCL
木耳红枣粥			3		THUOCL
木耳酱			3		THUOCL
木耳鸡丝			3		THUOCL
杂瓣海参			3		THUOCL
李锦记精选生抽			3		THUOCL
李锦记财神蚝油			3		THUOCL
杞忧烘皮肘			3		THUOCL
杨长子火腿肠			3		THUOCL
杭式榴莲酥			3		THUOCL
松子枣泥拉糕			3		THUOCL
松树猴头蘑			3		THUOCL
松花彩蛋			3		THUOCL
枇杷肝			3		THUOCL
果酱蛋糕卷			3		THUOCL
枣仁龙眼粥			3		THUOCL
枸杞山药粥			3		THUOCL
枸杞香蛋			3		THUOCL
柠檬黄铝色淀			3		THUOCL
桂花红烧肉			3		THUOCL
桃杞鸡卷			3		THUOCL
桑叶眉豆卷			3		THUOCL
桑椹红枣汤			3		THUOCL
棠花吐蕊			3		THUOCL
椒盐锅盔			3		THUOCL
樊记肉加馍			3		THUOCL
橙酒汁			3		THUOCL
歙县豆腐脑髓			3		THUOCL
氏丸子			3		THUOCL
水晶明虾球			3		THUOCL
水煎饼			3		THUOCL
水煮白扎肉			3		THUOCL
油汆排骨年糕			3		THUOCL
法式桃子布丁			3		THUOCL
泡椒乳鸽			3		THUOCL
泡椒鸡片			3		THUOCL
泡绿菜花			3		THUOCL
泡菜炒肉末			3		THUOCL
泡菜肉末			3		THUOCL
波丝油糕			3		THUOCL
泰国炸鱼			3		THUOCL
泸州鱼头火锅			3		THUOCL
津八件			3		THUOCL
济南扁食			3		THUOCL
海天老抽豉油皇			3		THUOCL
海鲜豆腐羹			3		THUOCL
淡菜紫菜瘦肉汤			3		THUOCL
淮杞炖羊肉			3		THUOCL
清水鲩圆			3		THUOCL
清江鱼茄子煲			3		THUOCL
清炒莲藕			3		THUOCL
清炖萝卜牛肉			3		THUOCL
清炸黄河刀鱼			3		THUOCL
清蒸杞甲鱼			3		THUOCL
清蒸西瓜鸡			3		THUOCL
清蒸青鳝			3		THUOCL
温江程抄手			3		THUOCL
渭南水晶饼			3		THUOCL
湖州大馄饨			3		THUOCL
湘式酥点			3		THUOCL
溜锅板			3		THUOCL
溪口香蕉			3		THUOCL
炊莲花鸡			3		THUOCL
炒绵羊丝			3		THUOCL
炒腰脑			3		THUOCL
炖口蘑龙凤珠			3		THUOCL
炝玉龙片			3		THUOCL
炸佛手通脊			3		THUOCL
炸吉利排骨			3		THUOCL
炸糯米鸡			3		THUOCL
炸蒸肉			3		THUOCL
炸豆奶			3		THUOCL
烙饼拌汤			3		THUOCL
烟熏三文鱼沙拉			3		THUOCL
烧椒拌皮蛋			3		THUOCL
烧罗汉面筋			3		THUOCL
烩乌龟蛋			3		THUOCL
烫面油饼			3		THUOCL
熟鱼面			3		THUOCL
爆炒乌鸡			3		THUOCL
玉林牛腩米粉			3		THUOCL
玉林肉蛋			3		THUOCL
玉竹心子			3		THUOCL
玛瑙银杏			3		THUOCL
玫瑰凉糍粑			3		THUOCL
玫瑰薄荷茶			3		THUOCL
甘甜黑巧克力			3		THUOCL
甘草抗氧化物			3		THUOCL
甜蒲桃			3		THUOCL
生炒蒜苔肉			3		THUOCL
田纳西黑泥			3		THUOCL
田艾板			3		THUOCL
番茄煮黄豆			3		THUOCL
疆字红油百叶			3		THUOCL
白果南杏生鱼汤			3		THUOCL
白梨凤脯			3		THUOCL
白沙井水煮白扎肉			3		THUOCL
白浇鳙鱼头			3		THUOCL
白蜜黄螺			3		THUOCL
百乐熏鸡			3		THUOCL
百果提浆饼			3		THUOCL
百果馅酒酿圆子			3		THUOCL
盐菜回锅肉			3		THUOCL
真豆咖啡			3		THUOCL
睁眼辣子			3		THUOCL
砂钵黄陂三合			3		THUOCL
碧玉豌豆仁			3		THUOCL
秀山雪枣			3		THUOCL
秦安米黄			3		THUOCL
章鱼焖花腩			3		THUOCL
米茸芋丝虾煲			3		THUOCL
粉丝海米芹菜汤			3		THUOCL
粉丝香菇蛋汤			3		THUOCL
糖醋猪腰			3		THUOCL
糖醋莴笋			3		THUOCL
糟煨冬笋			3		THUOCL
糯米砣			3		THUOCL
素桃酥			3		THUOCL
紫盖肉			3		THUOCL
紫萝牛肉			3		THUOCL
红咖喱金瓜加积鸭			3		THUOCL
红喜包			3		THUOCL
红扒鱼唇			3		THUOCL
红扒鱼肚			3		THUOCL
红烧猪脑			3		THUOCL
红烧麒麟面			3		THUOCL
红糟鱼丝			3		THUOCL
红蜻蜓鱼头火锅			3		THUOCL
纳溪泡糖			3		THUOCL
绣球全鱼			3		THUOCL
维也纳巧克力杏仁蛋糕			3		THUOCL
绿茶糯米卷			3		THUOCL
绿豆团			3		THUOCL
罐儿蹄			3		THUOCL
网油凤肝卷			3		THUOCL
罗望子多糖胶			3		THUOCL
羊肉扁食			3		THUOCL
美式洋葱圈			3		THUOCL
美式炭烤排骨			3		THUOCL
翡翠瑶柱羹			3		THUOCL
老妈子带鱼			3		THUOCL
聚氧乙烯山梨醇酐单月桂酸酯			3		THUOCL
肉丸豆腐			3		THUOCL
肉未烧饼			3		THUOCL
肉苁蓉炖羊肉			3		THUOCL
肉苁蓉炖羊肾			3		THUOCL
肉茸菠菜			3		THUOCL
胡桃豆腐羹			3		THUOCL
脆署饼			3		THUOCL
芙蓉海底			3		THUOCL
芙蓉烧麦			3		THUOCL
芝葱饼			3		THUOCL
芝香鸡肉酥			3		THUOCL
芝麻田鸡			3		THUOCL
芝麻锅炸			3		THUOCL
芝麻鱼卷			3		THUOCL
芦笋大虾			3		THUOCL
花生酥心糖			3		THUOCL
苕酥糖			3		THUOCL
苣荬菜包子			3		THUOCL
苦麦菜鲩鱼片滚豆腐			3		THUOCL
苯基苯酚钠			3		THUOCL
苹果菠萝生姜汁			3		THUOCL
茄子三明治			3		THUOCL
茄汁牛扒			3		THUOCL
茉莉鱼丁			3		THUOCL
草莓薏仁优格			3		THUOCL
荤罗汉			3		THUOCL
荷包圆子			3		THUOCL
莘塍豆腐干			3		THUOCL
莲篷豆腐			3		THUOCL
菊花对蟹			3		THUOCL
菊花海鲜锅			3		THUOCL
菜烩面			3		THUOCL
落叶琵琶虾			3		THUOCL
葡皇世家			3		THUOCL
葡萄菠萝杏汁			3		THUOCL
葡萄雪鸡			3		THUOCL
葱辣鱼脯			3		THUOCL
蒜苗炒虾			3		THUOCL
蓝圣斯			3		THUOCL
藏族血肠			3		THUOCL
虾肉月饼			3		THUOCL
蛋白果汁饮料			3		THUOCL
蛋黄凤尾白玉卷			3		THUOCL
蛏溜奇			3		THUOCL
蜜汁一品肉			3		THUOCL
蜜汁三文鱼			3		THUOCL
蜜汁肥桃			3		THUOCL
蜜芙蓉			3		THUOCL
蜜饯龙眼			3		THUOCL
蝴蝶烩鳝			3		THUOCL
螃蟹酥			3		THUOCL
蟹粉西兰花			3		THUOCL
西式米花糕			3		THUOCL
西洋菜蜜枣鲫鱼汤			3		THUOCL
豆沙松糕			3		THUOCL
豆皮卷圈			3		THUOCL
豆苗蘑菇汤			3		THUOCL
豆苗虾仁			3		THUOCL
豉椒炒牛肉			3		THUOCL
豉汁蟠龙鳝			3		THUOCL
贡品麻花			3		THUOCL
赣州三鱼			3		THUOCL
软煎虾仁			3		THUOCL
软蟳粥			3		THUOCL
通草炖猪脚			3		THUOCL
酥卷佛手			3		THUOCL
酸汤龙骨面			3		THUOCL
酸腌菜炒藕			3		THUOCL
酸辣冷鱼			3		THUOCL
醋椒活鱼			3		THUOCL
醋辣白菜梗			3		THUOCL
重庆火锅鱼			3		THUOCL
野生大鱼坊			3		THUOCL
金银鸽肉			3		THUOCL
铁扒仔鸡			3		THUOCL
铁素四色球			3		THUOCL
银耳果羹			3		THUOCL
银耳香菇鸡肉汤			3		THUOCL
银鱼藕丝			3		THUOCL
锅贴石斑夹			3		THUOCL
锡包银鳕鱼			3		THUOCL
锦州什锦小菜			3		THUOCL
长春鹿鞭汤			3		THUOCL
阆中白糖蒸馍			3		THUOCL
阿胶养阴粥			3		THUOCL
陈年菜脯鸡			3		THUOCL
随上荷叶卷			3		THUOCL
雁荡白云茶			3		THUOCL
雪花鱼肚			3		THUOCL
青椒南瓜			3		THUOCL
青豆牛肉末			3		THUOCL
青豆色拉			3		THUOCL
非常男士			3		THUOCL
韩式烤鱿鱼			3		THUOCL
馄饨香蕉卷			3		THUOCL
香煎柠檬鸭			3		THUOCL
香脂醋风味烤鸡			3		THUOCL
香芒冰情			3		THUOCL
香芒心太软			3		THUOCL
香草绿豆糕			3		THUOCL
香酥竹荪鱼			3		THUOCL
马铃薯冷汤			3		THUOCL
鱼云酥			3		THUOCL
鱼头粉丝煲			3		THUOCL
鱼香油菜苔			3		THUOCL
鲜奶泡夫			3		THUOCL
鲜果羹			3		THUOCL
鲜果馅汤元			3		THUOCL
鲜椒嫩仔鸡			3		THUOCL
鲜牛奶煮鱼			3		THUOCL
鲜肉抄手			3		THUOCL
鲫鱼黄瓜汤			3		THUOCL
鳝鱼辣汤			3		THUOCL
鸡丝炒年糕			3		THUOCL
鸡肠饼			3		THUOCL
鸡蓉奶油羹			3		THUOCL
鸡蛋包藕			3		THUOCL
鸡鸭饸饹			3		THUOCL
鹿邑孔集卤鸡			3		THUOCL
麻仁酥鸭			3		THUOCL
麻滋粿			3		THUOCL
麻辣冬笋			3		THUOCL
麻辣白菜			3		THUOCL
麻辣肉丁			3		THUOCL
麻食子			3		THUOCL
黄精炖肉			3		THUOCL
黄豆猪肝汤			3		THUOCL
龙城狗肉			3		THUOCL
龙岭五炒粉			3		THUOCL
龙眼凤肝			3		THUOCL
一主六配			2		THUOCL
一品配方			2		THUOCL
一品鲳鱼			2		THUOCL
丁果糖			2		THUOCL
万能烤箱			2		THUOCL
三丝驼峰			2		THUOCL
三文鱼寿司卷			2		THUOCL
三涧料酒			2		THUOCL
三色蛋卷			2		THUOCL
三角火烧			2		THUOCL
三鲜龙凤球			2		THUOCL
上海油鸡			2		THUOCL
东北一锅出			2		THUOCL
丝瓜白菜猪瘦肉汤			2		THUOCL
乡村小炒鸡			2		THUOCL
云南油茶			2		THUOCL
云托八鲜			2		THUOCL
云河段霄			2		THUOCL
云耳西芹炒肉片			2		THUOCL
五味明虾片			2		THUOCL
五彩牛肉丝			2		THUOCL
五白糕			2		THUOCL
五通桥叶儿耙			2		THUOCL
五香牛筋斗			2		THUOCL
五香脆皮鸡			2		THUOCL
五香腰果			2		THUOCL
人参枣汁			2		THUOCL
什锦多维玉米面粥			2		THUOCL
什锦水果羔			2		THUOCL
什锦水果羹			2		THUOCL
仙度氏咖啡			2		THUOCL
佤族鼠食			2		THUOCL
修水双井茶			2		THUOCL
党参麦冬瘦肉汤			2		THUOCL
八宝桂鱼			2		THUOCL
八宝糯米鸡			2		THUOCL
八宝肉辣子			2		THUOCL
八宝蛋炸食			2		THUOCL
公爵樱桃			2		THUOCL
冷冻鸭掌			2		THUOCL
冻豆腐金针			2		THUOCL
凉拌茭白			2		THUOCL
凉粉鲫鱼			2		THUOCL
凤庆粑粑卷			2		THUOCL
凤穿金衣			2		THUOCL
凯司令蛋糕			2		THUOCL
刀削油泼面			2		THUOCL
劲霸牛肉汁			2		THUOCL
北杏参地老鸭汤			2		THUOCL
十二酸乙酯			2		THUOCL
南通甜包瓜			2		THUOCL
卡布罗尔巴西烤肉			2		THUOCL
原盅炖北菇			2		THUOCL
去皮番茄罐头			2		THUOCL
双仁浮皮			2		THUOCL
双椒烘蛋			2		THUOCL
发面油饼			2		THUOCL
吉祥干贝			2		THUOCL
吗啉脂肪酸盐果蜡			2		THUOCL
呱嗒子			2		THUOCL
咸鱼茄瓜煲			2		THUOCL
哈尔滨风干口条			2		THUOCL
嘉兴鲜肉粽子			2		THUOCL
四喜福袋			2		THUOCL
四喜鱼卷			2		THUOCL
四色片糕			2		THUOCL
回手面			2		THUOCL
固体乳胶			2		THUOCL
基斯乐			2		THUOCL
大厨来蒜蓉辣椒酱			2		THUOCL
大厨来豆瓣酱			2		THUOCL
大枣百合汤			2		THUOCL
大花蛋糕			2		THUOCL
大蛋散			2		THUOCL
大顺斋糕点厂			2		THUOCL
天一坊饭庄			2		THUOCL
天山烘绿			2		THUOCL
天津烧肉			2		THUOCL
太子参无花果瘦肉汤			2		THUOCL
夷陵春卷			2		THUOCL
奶油核桃糕			2		THUOCL
奶油菠萝冻			2		THUOCL
奶酪软糖			2		THUOCL
姜丝焗肉蟹			2		THUOCL
宝箱豆腐			2		THUOCL
家常鸡块			2		THUOCL
宿松雪枣			2		THUOCL
寿字五香大虾			2		THUOCL
小茶糕			2		THUOCL
尧王饼			2		THUOCL
山城棒棒鸡			2		THUOCL
山楂云卷糕			2		THUOCL
山珍大叶芹			2		THUOCL
山药煮豆腐			2		THUOCL
山药薏仁茯苓粳米粥			2		THUOCL
巍山粑肉饵丝			2		THUOCL
川味口水鸡			2		THUOCL
川味沸腾鱼			2		THUOCL
川味蟹			2		THUOCL
川汁鸭掌			2		THUOCL
巧克力收蛋泡盏			2		THUOCL
巴国玉米糕			2		THUOCL
常州德泰恒			2		THUOCL
干巴月饼			2		THUOCL
干炸黄雀			2		THUOCL
干焙洋芋丝			2		THUOCL
干煸豇豆			2		THUOCL
干菜擦酥饼			2		THUOCL
干贝水晶鸡			2		THUOCL
干贝汤包			2		THUOCL
干锅野猪肉			2		THUOCL
干锅青笋腊肉			2		THUOCL
干锅飘香鸡			2		THUOCL
广州白切鸡			2		THUOCL
广式烧填鸭			2		THUOCL
开远甜蕌头			2		THUOCL
归参山药猪腰			2		THUOCL
慧娟火腿笋干老鸭面			2		THUOCL
手撕火焙鱼			2		THUOCL
打头道			2		THUOCL
抗坏血酸磷酸酯镁			2		THUOCL
担担油茶			2		THUOCL
担担鸡			2		THUOCL
拔丝楂糕			2		THUOCL
拔丝蜜桔			2		THUOCL
摩利菌			2		THUOCL
敬奉环浆			2		THUOCL
日式照烧鸡腿			2		THUOCL
昆布鸡腿汤			2		THUOCL
明顺斋什锦烧饼			2		THUOCL
普米饭肠			2		THUOCL
木瓜粟米花生生鱼汤			2		THUOCL
李锦记幼滑虾酱			2		THUOCL
李锦记精选老抽			2		THUOCL
李锦记草菇老抽			2		THUOCL
李锦记蒸鱼豆豉			2		THUOCL
李锦记豉油鸡汁			2		THUOCL
松子黄干糕			2		THUOCL
松脆海蜇皮			2		THUOCL
松花饼干			2		THUOCL
板栗月饼			2		THUOCL
果仁夹心蛋糕			2		THUOCL
果汁煎肉脯			2		THUOCL
果汁牛肉片			2		THUOCL
果酱咖啡			2		THUOCL
枣泥米糕			2		THUOCL
枸杞牛肝汤			2		THUOCL
柳城云片糕			2		THUOCL
栗子淮山煲鸡脚			2		THUOCL
栗子焖羊肉			2		THUOCL
栗子莲子猪腰汤			2		THUOCL
核桃葡萄干面包			2		THUOCL
核桃香脆			2		THUOCL
桂花橄榄			2		THUOCL
桂花白糖饼			2		THUOCL
桐庐白梨			2		THUOCL
桑普莉			2		THUOCL
梧州月饼			2		THUOCL
椰蓉杏仁饼			2		THUOCL
椰蓉马卡隆			2		THUOCL
椰香红豆糕			2		THUOCL
榄仁猪油糕			2		THUOCL
橘露汤圆			2		THUOCL
欢心美			2		THUOCL
毛豆结			2		THUOCL
水晶团子			2		THUOCL
水晶菊花酥			2		THUOCL
水煮回头鱼			2		THUOCL
水饺豆沙煎饼			2		THUOCL
氽银耳鸭舌			2		THUOCL
江南丸			2		THUOCL
沙参心肺汤			2		THUOCL
沙锅散丹			2		THUOCL
河曲红果			2		THUOCL
油浸鲳鱼			2		THUOCL
油淋鸽子			2		THUOCL
油炸卤制花干			2		THUOCL
油酥小水果			2		THUOCL
泡菜鹅肠			2		THUOCL
洋参雪耳炖燕窝			2		THUOCL
洋烧排骨			2		THUOCL
洋葱炒鳝糊			2		THUOCL
济南蜜三刀			2		THUOCL
海天味极鲜			2		THUOCL
海带鸭子汤			2		THUOCL
海鲜粉干			2		THUOCL
淮杞塘虱鱼汤			2		THUOCL
清明艾饺			2		THUOCL
清水滑子蘑罐头			2		THUOCL
清炒鸭掌			2		THUOCL
清炖开凌梭			2		THUOCL
清蒸冬瓜鸡块			2		THUOCL
清蒸钳鱼			2		THUOCL
清蒸鹌鹑			2		THUOCL
温州黄汤茶			2		THUOCL
渭南时晨包子			2		THUOCL
湖米茭白			2		THUOCL
湘西辣椒			2		THUOCL
滑肉烩鲜竹			2		THUOCL
满天香贯香寸			2		THUOCL
滨州锅子饼			2		THUOCL
漆蜡妙食			2		THUOCL
澳大利亚的芒果			2		THUOCL
火炙糕			2		THUOCL
火爆猪肝			2		THUOCL
火鞭牛肉			2		THUOCL
灰树花保健饮料			2		THUOCL
炒山药泥			2		THUOCL
炒良乡栗子			2		THUOCL
炒香舌片			2		THUOCL
炒鸡米			2		THUOCL
炖豆腐猪蹄香菇			2		THUOCL
炝炒包菜			2		THUOCL
炝豆腐			2		THUOCL
炸元葱			2		THUOCL
炸蚕蛹鸡			2		THUOCL
炸鸡蛋包			2		THUOCL
炸鸳鸯嘎渣			2		THUOCL
烤牌子			2		THUOCL
烤牛骨			2		THUOCL
烤鱼扇			2		THUOCL
烤鳗鱼鸡蛋卷			2		THUOCL
烧鸡丁辣子			2		THUOCL
烩金银丝			2		THUOCL
焚香入宴			2		THUOCL
煎豆腐鱼烙			2		THUOCL
煎金钱牛柳			2		THUOCL
煸馅水饺			2		THUOCL
熊猫蟹肉			2		THUOCL
熬乳茶			2		THUOCL
熬黄花鱼			2		THUOCL
牛奶千层蛋糕			2		THUOCL
牛奶煮平菇			2		THUOCL
牛肉丝炒芹菜			2		THUOCL
牛膝蹄筋			2		THUOCL
牡蛎蒸米饭			2		THUOCL
狍子脊			2		THUOCL
狗仔粉			2		THUOCL
猪头方肉			2		THUOCL
猪油夹沙球			2		THUOCL
猪耳朵面			2		THUOCL
猪肉烧卖			2		THUOCL
猪肉韭菜馅水饺			2		THUOCL
猪脊鸡肫粥			2		THUOCL
猪脾枣米粥			2		THUOCL
猴头蘑烩凤片			2		THUOCL
玉兰花糕			2		THUOCL
玉溪水晶蜜饯			2		THUOCL
玉竹百合猪瘦肉汤			2		THUOCL
玉面葫芦			2		THUOCL
王婆麻辣鸡			2		THUOCL
玛加列			2		THUOCL
珊瑚鱼丁			2		THUOCL
甜艾团			2		THUOCL
甜薯羹			2		THUOCL
甜辣乾			2		THUOCL
生地排骨汤			2		THUOCL
生态咖啡调糖			2		THUOCL
生烧筋尾舌			2		THUOCL
番茄泡蛋汤			2		THUOCL
番茄海蜇			2		THUOCL
疙瘩油茶			2		THUOCL
白果桂花羹			2		THUOCL
白汁甘笋			2		THUOCL
白汁菜心			2		THUOCL
白炒墨鱼卷			2		THUOCL
白烧鱼翅			2		THUOCL
白脱核桃			2		THUOCL
白鹅煨淡菜			2		THUOCL
百仁全鸭			2		THUOCL
百叶酥			2		THUOCL
百合冰咖啡			2		THUOCL
百子冬瓜			2		THUOCL
知味斋水爆肚			2		THUOCL
砂仁糕			2		THUOCL
砂煲鱼头			2		THUOCL
砂锅三味			2		THUOCL
砂锅山海			2		THUOCL
破酥缸炉			2		THUOCL
秘制国药中华鳖			2		THUOCL
稻香春南味食品			2		THUOCL
竹桶粽子			2		THUOCL
笨月饼			2		THUOCL
箬叶芝麻糖细卷			2		THUOCL
粉汤彩饺			2		THUOCL
糕粑藕粉			2		THUOCL
糖水洋梨罐头			2		THUOCL
糖熘鲤鱼			2		THUOCL
糖酱鱼			2		THUOCL
糖醋嫩藕			2		THUOCL
糖醋蜜肉			2		THUOCL
素枣糕			2		THUOCL
素臊子面			2		THUOCL
素锅烤鸭			2		THUOCL
紫桂焖大排			2		THUOCL
紫香乾			2		THUOCL
红扒排翅			2		THUOCL
红枣枸杞奶			2		THUOCL
红枣炖梨			2		THUOCL
红枣红糖煮南瓜			2		THUOCL
红枣酥肉			2		THUOCL
红椒爆鲜虾			2		THUOCL
红油抄手酱			2		THUOCL
红烧浮皮			2		THUOCL
红烧鸭翅			2		THUOCL
红糖锅盔			2		THUOCL
红茶法式薄饼			2		THUOCL
红茶海绵蛋糕			2		THUOCL
红茶饼干			2		THUOCL
红酒牛腩			2		THUOCL
纸包三鲜			2		THUOCL
绩溪菜糕			2		THUOCL
绿芦笋罐头			2		THUOCL
绿茶软糖			2		THUOCL
绿豆小煎饼			2		THUOCL
网油腰卷			2		THUOCL
罗汉鱼首			2		THUOCL
美式煮鱼			2		THUOCL
翡翠烧买			2		THUOCL
耀华西餐厅			2		THUOCL
老汤黄狗猪头肉			2		THUOCL
老竹大方茶			2		THUOCL
老鸭炖虫草			2		THUOCL
聚氧乙烯木糖醇酐单硬脂酸酯			2		THUOCL
聚甘油蓖麻醇酯			2		THUOCL
肉末洋葱			2		THUOCL
肝糕汤			2		THUOCL
脆皮咕噜肉			2		THUOCL
脆青梅			2		THUOCL
腰果芹心			2		THUOCL
自贡水煮牛肉			2		THUOCL
自酥饼			2		THUOCL
艄公号子鱼			2		THUOCL
良友橄榄			2		THUOCL
芝麻肉片			2		THUOCL
芥兰炒香肠			2		THUOCL
花生大枣猪蹄汤			2		THUOCL
花盏龙眼			2		THUOCL
花茹田鸡			2		THUOCL
花雕醉虾			2		THUOCL
苁蓉羊肉羹			2		THUOCL
苏八件			2		THUOCL
茄子煮花甲			2		THUOCL
茄汤焗香鸡			2		THUOCL
茶熏八爪鱼			2		THUOCL
草莓摩司			2		THUOCL
荞蕨象生梨			2		THUOCL
荞面包子			2		THUOCL
荣华麻香酥			2		THUOCL
荷包桂花糯			2		THUOCL
荷叶米粉鸡			2		THUOCL
荷花蛋糕			2		THUOCL
莲子营养粉			2		THUOCL
莲童牌冬瓜条			2		THUOCL
莲茸层层酥			2		THUOCL
莳萝芦笋三文鱼面			2		THUOCL
萨其马桃			2		THUOCL
落葵红			2		THUOCL
葡式烩饭			2		THUOCL
葱油发面饼			2		THUOCL
葱油草菇			2		THUOCL
葱爆兔肉			2		THUOCL
葱辣鱼条			2		THUOCL
蓝锭果红			2		THUOCL
薄荷蔬菜沙拉			2		THUOCL
薄荷香糕			2		THUOCL
薯粉果			2		THUOCL
藏式面条			2		THUOCL
虎皮香肉			2		THUOCL
虹桥绿豆糕			2		THUOCL
虾枣汤			2		THUOCL
虾米笋馃			2		THUOCL
蛋黄甘露酥			2		THUOCL
蛏干烧肉			2		THUOCL
蛤什蟆汤			2		THUOCL
蜜桂花生糖			2		THUOCL
蜜汁蕃茄			2		THUOCL
蜜汁辣黄瓜			2		THUOCL
蜜瓜脆鳝			2		THUOCL
蜜瓜螺头鸡汤			2		THUOCL
蜜辣椒			2		THUOCL
蜜饯槟子			2		THUOCL
蜜饯菱角			2		THUOCL
蟹黄大生翅			2		THUOCL
蟹黄扒芦笋			2		THUOCL
西兰花浓汤			2		THUOCL
西安包子			2		THUOCL
西府酿皮			2		THUOCL
西梅酿羊排			2		THUOCL
西班牙土豆煎蛋			2		THUOCL
西红柿煎蛋汤			2		THUOCL
西红柿肉片汤			2		THUOCL
西芹鸡肫			2		THUOCL
豆芽罐头			2		THUOCL
豆苗炒虾片			2		THUOCL
豆鼓肉			2		THUOCL
豉椒墨鱼球			2		THUOCL
豉汁鱼云			2		THUOCL
象生雪梨			2		THUOCL
贵妃松花饼			2		THUOCL
赤小豆粟米须生鱼汤			2		THUOCL
赤藓红铝色淀			2		THUOCL
路南乳扇			2		THUOCL
路易歌德			2		THUOCL
软炸子鸡			2		THUOCL
软炸石鸡			2		THUOCL
软脂糕			2		THUOCL
过桥牛百叶			2		THUOCL
迟菜心滚肉片汤			2		THUOCL
通三益秋梨膏			2		THUOCL
酒香椒盐肘子			2		THUOCL
酥炸嫩鸡			2		THUOCL
酱油嫩鸡			2		THUOCL
酱烧冬瓜条			2		THUOCL
酱爆螺片			2		THUOCL
酷蛋白酸钠			2		THUOCL
酸奶戚风			2		THUOCL
酸奶芝士蛋糕			2		THUOCL
酸辣三丝			2		THUOCL
醋拌莲藕			2		THUOCL
野鸭脯			2		THUOCL
金华豆豉			2		THUOCL
金山时雨茶			2		THUOCL
金枪鱼三文治			2		THUOCL
金柑桔饼			2		THUOCL
金樱子杜仲煲猪尾			2		THUOCL
金牌猪手王			2		THUOCL
金牛牌奶油蛋卷			2		THUOCL
金牛鸭子			2		THUOCL
金狮绣球			2		THUOCL
金腿脊梅炖腰酥			2		THUOCL
金腿鲫鱼			2		THUOCL
金色咖啡茶			2		THUOCL
金针菇肉丝汤			2		THUOCL
金钱干贝			2		THUOCL
金钱牛排			2		THUOCL
金鱼角			2		THUOCL
钱江鲈鱼			2		THUOCL
铁板日本豆腐			2		THUOCL
铁板泥鳅			2		THUOCL
银杏蚬鸭煲			2		THUOCL
银杞明目汤			2		THUOCL
银耳雪梨柚子蜜			2		THUOCL
银芽韭菜花			2		THUOCL
锅熠银鱼			2		THUOCL
锅盔辣子			2		THUOCL
锥栗罐头			2		THUOCL
长寿薄脆			2		THUOCL
长寿龙须面			2		THUOCL
长崎蜂蜜蛋糕			2		THUOCL
阿胶牛肉汤			2		THUOCL
陆家浜糖枣			2		THUOCL
雪耳炖白鸽			2		THUOCL
雷家豆腐元子			2		THUOCL
雾洞茶			2		THUOCL
青椒炒子鸡			2		THUOCL
青椒豇豆			2		THUOCL
青蟹粉丝煲			2		THUOCL
面筋萨其马			2		THUOCL
韭菜馃			2		THUOCL
风鸡斩肉			2		THUOCL
香橙糕			2		THUOCL
香油膳糊			2		THUOCL
香烹狍脊			2		THUOCL
香肠烧菜花			2		THUOCL
香肠芥兰			2		THUOCL
香草话梅			2		THUOCL
香菇茭白汤			2		THUOCL
香菇豆角			2		THUOCL
香蕉果炸			2		THUOCL
香蕉芝士蛋糕			2		THUOCL
香蘑炖鸡			2		THUOCL
香辣腌制料			2		THUOCL
香酥山药			2		THUOCL
香酥蛋塔盅			2		THUOCL
高丽香蕉			2		THUOCL
高桥松糕			2		THUOCL
高维苏肠			2		THUOCL
鱼腥草蒸鸡			2		THUOCL
鱼香酥青豆			2		THUOCL
鱼鳞酥			2		THUOCL
鱿鱼蒜头酱			2		THUOCL
鲍汁百龄菇			2		THUOCL
鲜莲炒子鸡			2		THUOCL
鲤鱼苦瓜汤			2		THUOCL
鸡肉沙拉口袋饼			2		THUOCL
鸿起顺饭馆			2		THUOCL
鹅肝坯			2		THUOCL
鹌鹑枸杞粥			2		THUOCL
鹿茸炖羊肾			2		THUOCL
麻婆豆腐餐厅			2		THUOCL
麻心元宵			2		THUOCL
麻蓉炸糕			2		THUOCL
麻辣鳝片			2		THUOCL
麻麻豆豆			2		THUOCL
黄金咖喱角			2		THUOCL
黄鱼鱼肚汤			2		THUOCL
黑加仑红			2		THUOCL
黑樱桃烧鸭脯			2		THUOCL
龙宫照宝鸭			2		THUOCL
一品酸辣鸡			1		THUOCL
三丝拌糟鸡			1		THUOCL
三丝面疙瘩			1		THUOCL
三文一品汤包			1		THUOCL
三色丁			1		THUOCL
三驱田凉粉			1		THUOCL
三鲜锅粑			1		THUOCL
上杂拌			1		THUOCL
上海猪肉灌肠			1		THUOCL
上海茶叶蛋			1		THUOCL
上海蜜汁小肉			1		THUOCL
上海馄饨汤			1		THUOCL
丙酸苄酯			1		THUOCL
东坡春鸠脍			1		THUOCL
东山坞豆腐皮			1		THUOCL
东方蒙特尔			1		THUOCL
丝瓜猪肝瘦肉汤			1		THUOCL
丰收龙舟			1		THUOCL
丹参黄豆汤			1		THUOCL
乌饭果			1		THUOCL
乌骨鸡归黄汤			1		THUOCL
乔家栅粽子			1		THUOCL
乡宁油糕			1		THUOCL
乡宁白面油糕			1		THUOCL
乡村玉米饼			1		THUOCL
乳鸽瓤猪肚			1		THUOCL
乾州鸡面			1		THUOCL
二氢香豆素			1		THUOCL
云长玉浆饺			1		THUOCL
五丁鱼圆			1		THUOCL
五彩抄手			1		THUOCL
五柳全鱼			1		THUOCL
五神饮			1		THUOCL
五香牛肉松			1		THUOCL
亚洲辣牛肉和葡萄			1		THUOCL
亨氏骨髓蔬菜泥			1		THUOCL
人参核桃仁粥			1		THUOCL
人参鸡肉汤			1		THUOCL
什大酥烧饼			1		THUOCL
什锦一品锅			1		THUOCL
什锦冬瓜帽			1		THUOCL
什锦烩面			1		THUOCL
什锦豆腐煲			1		THUOCL
仙城束沙			1		THUOCL
仙鹤望金桥			1		THUOCL
仲夏野莓冰淇淋			1		THUOCL
低糖蜜饯			1		THUOCL
佛山柱侯酱			1		THUOCL
佛手广肚			1		THUOCL
侉炖羊肉			1		THUOCL
倭井潭硬糕			1		THUOCL
偶氮玉红			1		THUOCL
兔肝鸡蛋汤			1		THUOCL
八宝甜粽			1		THUOCL
八宝青蟹饭			1		THUOCL
八宝鸭羹			1		THUOCL
兰花金钱酿发菜			1		THUOCL
养胃酥			1		THUOCL
农家乐元			1		THUOCL
冬菇炖鸡汤			1		THUOCL
冬菇藕夹			1		THUOCL
冬菇虫草炖鲍参			1		THUOCL
冬虫草炖水鱼			1		THUOCL
冰汁杏淖			1		THUOCL
冰结构蛋白			1		THUOCL
冷冻牛肚			1		THUOCL
冷冻牛舌			1		THUOCL
凉拌三色			1		THUOCL
凉拌冬瓜			1		THUOCL
凉拌辣味螺			1		THUOCL
凤凰鱼肚			1		THUOCL
凤梨蟹柳			1		THUOCL
剁椒大白菜			1		THUOCL
剁椒蒸芋头仔			1		THUOCL
北京蜜饯果脯			1		THUOCL
十二烷基二甲基溴化铵			1		THUOCL
十全炆补汤			1		THUOCL
南乳小凤饼			1		THUOCL
南瓜花粥			1		THUOCL
南通文蛤			1		THUOCL
南通油饼			1		THUOCL
博爱浆面条			1		THUOCL
卡布奇诺冰咖啡			1		THUOCL
卡真调料			1		THUOCL
卢氏麻片			1		THUOCL
印度咖喱焖羊腩			1		THUOCL
参婆千子			1		THUOCL
参果炖瘦肉			1		THUOCL
参茸葛仙米			1		THUOCL
参茸鸡肉汤			1		THUOCL
参麦雪梨瘦肉汤			1		THUOCL
双色核桃饼干			1		THUOCL
口味金牛蹄			1		THUOCL
口味鳝片			1		THUOCL
口感盐煎肉			1		THUOCL
口蘑小包			1		THUOCL
口蘑鹿肉			1		THUOCL
口镇顺香斋南肠			1		THUOCL
古县蕨菜			1		THUOCL
古陈仓牌			1		THUOCL
可乐土豆饼			1		THUOCL
叶子面包			1		THUOCL
叶绿素铜钾盐			1		THUOCL
吉利大虾			1		THUOCL
吊炉饼鸡蛋羹			1		THUOCL
同江赫哲族生鱼片			1		THUOCL
味之臾			1		THUOCL
咖喱樱桃			1		THUOCL
咖喱焖羊腩			1		THUOCL
咖喱焗肉蟹			1		THUOCL
咖喱鸡丝羹			1		THUOCL
咸甜薄餐			1		THUOCL
咸真酥			1		THUOCL
哈尔滨干肠			1		THUOCL
唯我鼎边			1		THUOCL
喀什馕坑肉			1		THUOCL
嗡山药			1		THUOCL
四味山药膏			1		THUOCL
四季鱼头王			1		THUOCL
回族蒸艾叶			1		THUOCL
圆黄蛋糕			1		THUOCL
土沱麻饼			1		THUOCL
土豆罐焖鸡			1		THUOCL
土豆蛋糕			1		THUOCL
圣诞老人蛋糕			1		THUOCL
地锅草鸡			1		THUOCL
墨西哥凉面			1		THUOCL
墨西哥鸡肉玉米汤			1		THUOCL
壬内酯			1		THUOCL
壬酸乙酯			1		THUOCL
多味黄瓜			1		THUOCL
多彩冰皮月饼			1		THUOCL
大厨来桂林辣椒酱			1		THUOCL
大厨来海鲜酱			1		THUOCL
大荆石莲糊			1		THUOCL
大蒜干贝			1		THUOCL
天水里脊			1		THUOCL
天水麻食			1		THUOCL
天津五香猪肉干			1		THUOCL
天门冬酰苯氨酸甲酯			1		THUOCL
太子麦蕉			1		THUOCL
太极双泥			1		THUOCL
太极芋头			1		THUOCL
夹沙月饼			1		THUOCL
夹沙条头糕			1		THUOCL
奇异天空			1		THUOCL
奥地利式烤牛肉扒			1		THUOCL
奶油乳酪蛋糕			1		THUOCL
奶油条酥			1		THUOCL
奶油洋菇浓汤			1		THUOCL
奶油花生糖			1		THUOCL
奶香菠菜			1		THUOCL
奶黄冰皮月饼			1		THUOCL
如意乌龙			1		THUOCL
如皋萝卜粒			1		THUOCL
姜堰酥饼			1		THUOCL
姜汁拌菠菜			1		THUOCL
姜茶乌梅粥			1		THUOCL
宁式苔菜月饼			1		THUOCL
宁氏鳝丝			1		THUOCL
宁波腊鸭			1		THUOCL
宁波豆酥糖			1		THUOCL
安神首乌粥			1		THUOCL
定边羊羔肉			1		THUOCL
宣威洋芋			1		THUOCL
宫廷小萝葡			1		THUOCL
宰羊羔肉			1		THUOCL
家常烤鸡			1		THUOCL
尊尼沃加			1		THUOCL
小白菜苡米粥			1		THUOCL
小米凉粉			1		THUOCL
山毛榉坚果			1		THUOCL
山药甜汤			1		THUOCL
山药蒸鲫鱼			1		THUOCL
山葵烤牛排			1		THUOCL
崂山矿啤			1		THUOCL
川辣蟹			1		THUOCL
川辣黄瓜			1		THUOCL
巧克力刺猬			1		THUOCL
巧克力无花果球			1		THUOCL
巧克力汽酒			1		THUOCL
巴巴莱拉			1		THUOCL
布里芝士			1		THUOCL
师爷盒			1		THUOCL
干煸莲藕			1		THUOCL
干蒸百合			1		THUOCL
干贝云丝豆腐汤			1		THUOCL
平遥熟牛肉			1		THUOCL
广味源生抽王			1		THUOCL
广州鸡仔饼			1		THUOCL
广灵五香瓜子			1		THUOCL
建德烧饼			1		THUOCL
开封套四宝			1		THUOCL
异构化乳糖液			1		THUOCL
彝家醉虾			1		THUOCL
彩色肉丝			1		THUOCL
彩虹水晶球			1		THUOCL
彭集红烧肘子			1		THUOCL
得奖英国老黑啤			1		THUOCL
德式生汁香蕉卷			1		THUOCL
徽州园子			1		THUOCL
徽式炒面			1		THUOCL
心形面包			1		THUOCL
怪味果仁			1		THUOCL
怪味花仁			1		THUOCL
意大利小松饼			1		THUOCL
意式香脂醋酱拌田园沙拉			1		THUOCL
成都毛风鸡			1		THUOCL
我爱烧烤			1		THUOCL
扒素子双菇			1		THUOCL
扒龙须鲍鱼			1		THUOCL
扛糟鸡			1		THUOCL
承德凉粉			1		THUOCL
抹茶起司蛋糕			1		THUOCL
拌豆腐干丝			1		THUOCL
拔丝桔子			1		THUOCL
拨鱼儿面			1		THUOCL
拼杂烩			1		THUOCL
挪威水果布丁			1		THUOCL
捶烩鸡片			1		THUOCL
敦煌榆钱			1		THUOCL
新都姜糖			1		THUOCL
无锡酱烧肝			1		THUOCL
日落黄铝色淀			1		THUOCL
旱蒸贝母鸡			1		THUOCL
昆特香精			1		THUOCL
昌顺干货			1		THUOCL
明心糖			1		THUOCL
昔阳头脑			1		THUOCL
普罗旺斯大蒜西红柿面			1		THUOCL
景星碧绿茶			1		THUOCL
晶玉海棠			1		THUOCL
曲曲汤			1		THUOCL
本斋清真肉饼			1		THUOCL
李锦记沙茶酱			1		THUOCL
李锦记金标生抽			1		THUOCL
杏仁椰奶果果丁			1		THUOCL
杏仁沙拉			1		THUOCL
杏仁炖肉			1		THUOCL
杏仁香片酥			1		THUOCL
杏花楼广式月饼			1		THUOCL
条头糕薄荷糕			1		THUOCL
杨梅醛			1		THUOCL
杭州地方小吃			1		THUOCL
杭州绿豆糕			1		THUOCL
松仁粉丝			1		THUOCL
松子河虾仁			1		THUOCL
板栗煲老鸡			1		THUOCL
果酱烧饼			1		THUOCL
果酱白蜂糕			1		THUOCL
枸杞炖羊脑			1		THUOCL
枸杞田螺汤			1		THUOCL
枸杞百合粥			1		THUOCL
枸杞菊花煲排骨			1		THUOCL
桂花白糖甜菜条			1		THUOCL
桂鱼排骨			1		THUOCL
桃仁饮			1		THUOCL
桃子色拉			1		THUOCL
桃盐桃片			1		THUOCL
桃花米线			1		THUOCL
桔子柠檬布丁			1		THUOCL
桔瓣鱼汆			1		THUOCL
桔花晶			1		THUOCL
棒骨土豆地饵汤			1		THUOCL
植物添银花			1		THUOCL
椒盐肚尖			1		THUOCL
椒盐虾仁			1		THUOCL
椒盐麻饼			1		THUOCL
楚宝桂花赤豆汤			1		THUOCL
樱桃土豆			1		THUOCL
樱桃酒咖啡			1		THUOCL
橙味蛋黄			1		THUOCL
橙花排骨			1		THUOCL
檀扇鸭掌			1		THUOCL
欧式重乳酪蛋糕			1		THUOCL
武汉猪肉干			1		THUOCL
毫吉阿			1		THUOCL
水桃酥			1		THUOCL
水泡鱼元			1		THUOCL
水煎乳饼			1		THUOCL
水煮凤片			1		THUOCL
水芝士			1		THUOCL
水饺元			1		THUOCL
永州炒血鸭			1		THUOCL
汀州伊面			1		THUOCL
汤团缸鸭狗			1		THUOCL
沅陵酥糖			1		THUOCL
沙勿来			1		THUOCL
沙嗲羊肉串			1		THUOCL
沙拉海鲜卷			1		THUOCL
沙窝椒汁大鱼头			1		THUOCL
河内圆茶			1		THUOCL
河岔口咸鸭蛋			1		THUOCL
油淋笋鸡			1		THUOCL
油煎南瓜饼			1		THUOCL
油爆鱼芹			1		THUOCL
油爆鸭舌			1		THUOCL
油酥火焙鱼			1		THUOCL
油酥蛋卷			1		THUOCL
法国奶油蟹肉黑麦金笋面			1		THUOCL
法式乳酪蛋糕			1		THUOCL
法式烩鱼汤			1		THUOCL
法式牛油炸鱼			1		THUOCL
泡椒响螺片			1		THUOCL
泡椒蒸水鱼			1		THUOCL
泡莱鲫鱼			1		THUOCL
泰式凉拌花枝			1		THUOCL
洋县猪白血			1		THUOCL
浓缩康保蓝			1		THUOCL
浙南鱼面			1		THUOCL
海参木耳汤			1		THUOCL
海参饼			1		THUOCL
海天鲜味生抽			1		THUOCL
海带清热汤			1		THUOCL
海带猪骨汤			1		THUOCL
海米拌菜花			1		THUOCL
海米烧菜花			1		THUOCL
海米烧萝卜			1		THUOCL
海米萝卜汤			1		THUOCL
海绵糕			1		THUOCL
海蜇头子			1		THUOCL
海鲜铁锅烧			1		THUOCL
淮山薏米羊肾汤			1		THUOCL
深圳盐田海鲜街			1		THUOCL
淳安猕猴桃			1		THUOCL
混合胡椒粉			1		THUOCL
清凉漱口剂			1		THUOCL
清凉的钵仔糕			1		THUOCL
清汤圆子			1		THUOCL
清汤炸肚			1		THUOCL
清汤玉带鸡			1		THUOCL
清汤银耳素鸽蛋			1		THUOCL
清炒三丁			1		THUOCL
清炒海蚌			1		THUOCL
清炖姜归羊肉汤			1		THUOCL
清炖蚌肉			1		THUOCL
清补凉乳鸽汤			1		THUOCL
温酒醉虾			1		THUOCL
湖南油淋鸡			1		THUOCL
湘味方肉			1		THUOCL
滑炒山药			1		THUOCL
滷白菜			1		THUOCL
潮式老婆饼			1		THUOCL
潮汕卤水鹅掌			1		THUOCL
澳洲万格红			1		THUOCL
灌蟹鱼圆			1		THUOCL
火烧头尾			1		THUOCL
火爆猪肚			1		THUOCL
火腿萝卜丝汤			1		THUOCL
火腿豆豉			1		THUOCL
炒双泥			1		THUOCL
炒白鸽			1		THUOCL
炒禾花雀			1		THUOCL
炒素腰花			1		THUOCL
炒葱椒鸡			1		THUOCL
炒螺丝面			1		THUOCL
炒鸡什件			1		THUOCL
炖柠檬鸭			1		THUOCL
炝糟五花肉			1		THUOCL
炝莲白卷			1		THUOCL
炝黄瓜衣			1		THUOCL
炸冬瓜丸子			1		THUOCL
烙司松饼			1		THUOCL
烙韭菜馅饼			1		THUOCL
烤网油签			1		THUOCL
烤腹脊牛肉			1		THUOCL
烤芒果虾			1		THUOCL
烤花揽鳜鱼			1		THUOCL
烤茭白笋			1		THUOCL
烤薄脆			1		THUOCL
烧五丝			1		THUOCL
热蔗汁			1		THUOCL
煎云吞			1		THUOCL
煎蒸黄鱼			1		THUOCL
煎转鲫鱼			1		THUOCL
煨牛肉月饼			1		THUOCL
熟地山药粥			1		THUOCL
熟色拉米肠			1		THUOCL
燕影金蔬			1		THUOCL
爱尔香			1		THUOCL
牛油蜜糖玉米			1		THUOCL
牛肉蔬菜浓汤			1		THUOCL
牛蒡排骨汤			1		THUOCL
牛蒡沙拉			1		THUOCL
状元卤味			1		THUOCL
独蒜烧虾			1		THUOCL
独蒜烧虾仁			1		THUOCL
狼牙生菜			1		THUOCL
猪肚煲咸菜			1		THUOCL
猪肝枸杞子汤			1		THUOCL
猴头四宝			1		THUOCL
玄酒一杯			1		THUOCL
玉盏龙眼			1		THUOCL
玉竹沙参鹧鸪汤			1		THUOCL
玉馅酥			1		THUOCL
王记麻花			1		THUOCL
玫瑰子姜			1		THUOCL
玫瑰百果蜜糕			1		THUOCL
环己基丙酸烯丙酯			1		THUOCL
珍珠南瓜			1		THUOCL
甘柠芝麻虾			1		THUOCL
甜菊绿茶			1		THUOCL
生嗜鸡块			1		THUOCL
生敲膳丝			1		THUOCL
生煎肉包			1		THUOCL
甲基邻氨基苯甲酸甲酯			1		THUOCL
番茄奶油土豆团			1		THUOCL
番茄煮红衫鱼			1		THUOCL
番茄薯仔牛尾汤			1		THUOCL
白丰糕			1		THUOCL
白八粿			1		THUOCL
白圆蛋糕			1		THUOCL
白干煮三丝			1		THUOCL
白术猪肚汤			1		THUOCL
白果海鲜羹			1		THUOCL
白汁五柳鱼			1		THUOCL
白油肉片			1		THUOCL
白炒刀鱼丝			1		THUOCL
白焯响螺			1		THUOCL
白芨冰糖燕窝			1		THUOCL
白菜木须			1		THUOCL
白豪银针茶			1		THUOCL
百合枣仁汤			1		THUOCL
百合炒西兰花			1		THUOCL
皂荚糖胶			1		THUOCL
皮萨草叶			1		THUOCL
石花菜鲍鱼汤			1		THUOCL
砂锅螃蟹			1		THUOCL
砂锅鱿鱼			1		THUOCL
砍花糖			1		THUOCL
碎米鸡丁			1		THUOCL
碳酸氢三钠			1		THUOCL
秘制口味蛇			1		THUOCL
秘制肘子			1		THUOCL
空心南瓜饼			1		THUOCL
空心琉璃丸子			1		THUOCL
空心酥饼			1		THUOCL
竹影海参			1		THUOCL
竹笋西瓜皮鲤鱼汤			1		THUOCL
竹节鸡盅			1		THUOCL
笋丝百叶			1		THUOCL
简易蛋糕			1		THUOCL
米老鼠蛋糕			1		THUOCL
粉丝焗膏蟹			1		THUOCL
粉白美人茶			1		THUOCL
粗花糕			1		THUOCL
精制番薯粥			1		THUOCL
糌粑粥			1		THUOCL
糖拌菜心			1		THUOCL
糖柑饼			1		THUOCL
糖江脐			1		THUOCL
糖醋红柿椒			1		THUOCL
糖醋藕块			1		THUOCL
糟鸡糟肉			1		THUOCL
素炒鸡丁			1		THUOCL
素酿南瓜			1		THUOCL
紫色沙拉			1		THUOCL
紫菜蛋皮卷			1		THUOCL
红枣炖鲫鱼汤			1		THUOCL
红楼糕点			1		THUOCL
红烧猴头蘑			1		THUOCL
红白果仁汤			1		THUOCL
红糖米花糖			1		THUOCL
红脸烧饼			1		THUOCL
红花檀香茶			1		THUOCL
红葱烧腊肉			1		THUOCL
红豆圆仔汤			1		THUOCL
红豆莲枣粽			1		THUOCL
红鱼拜年			1		THUOCL
统管糖			1		THUOCL
绿波廊船点			1		THUOCL
绿盛源			1		THUOCL
绿茶糕点			1		THUOCL
绿豆豆沙包			1		THUOCL
罗汉果焖瓜子鸡			1		THUOCL
罗汉果爽喉茶			1		THUOCL
罗马风味起士蛋花汤			1		THUOCL
美极基围虾			1		THUOCL
美的青春茶			1		THUOCL
群虾戏荷			1		THUOCL
翠柳凤丝			1		THUOCL
翠绿玉米			1		THUOCL
翡翠剔尖			1		THUOCL
翡翠鱼丁			1		THUOCL
老姜枸杞羊肉汤			1		THUOCL
老面大包			1		THUOCL
耗子洞樟茶鸭			1		THUOCL
聚三鲜			1		THUOCL
聚氧乙烯山梨醇酐单油酸酯			1		THUOCL
聚氧乙烯聚氧丙烯季戊四醇醚			1		THUOCL
聪喝识			1		THUOCL
肉丁黄瓜酱			1		THUOCL
肉末土豆丝			1		THUOCL
肉末白菜			1		THUOCL
肉松三文治			1		THUOCL
肉碎豉椒炒豇豆			1		THUOCL
胡椒海参汤			1		THUOCL
胡椒生姜滚猪瘦肉			1		THUOCL
胡椒西红柿			1		THUOCL
脂肪酸单甘油脂			1		THUOCL
脆嫩味辣炒鱿鱼丝			1		THUOCL
脆炸火龙果			1		THUOCL
脆皮锅魁			1		THUOCL
脆皮鱼香牛肉			1		THUOCL
脆皮鸳鸯糕			1		THUOCL
腐皮虾包			1		THUOCL
芒香西番莲			1		THUOCL
芙蓉菜心			1		THUOCL
芙蓉鹿尾			1		THUOCL
芝士海鲜盏			1		THUOCL
芝士蛋堡餐			1		THUOCL
芝麻小白菜			1		THUOCL
芝麻鱼球			1		THUOCL
芥菜咸蛋鱼头汤			1		THUOCL
芦笋炒鸡柳			1		THUOCL
芦笋煎黄菜			1		THUOCL
芦笋虾球			1		THUOCL
花果黄鱼			1		THUOCL
花样馃子			1		THUOCL
花生支竹鱼头汤			1		THUOCL
花生桂圆红枣汤			1		THUOCL
花生酱葱花饼			1		THUOCL
花篮白菜			1		THUOCL
花胶瘦肉羹			1		THUOCL
花菇田鸡			1		THUOCL
花菇石鸡			1		THUOCL
芹黄烧鱼条			1		THUOCL
苋菜红铝色淀			1		THUOCL
苗乡酸汤水饺			1		THUOCL
苦地胆猪瘦肉汤			1		THUOCL
苦瓜鸡片			1		THUOCL
苦荞饸饹			1		THUOCL
苹果沙司罐头			1		THUOCL
苹果白兰地咖啡			1		THUOCL
苹果粟米鸡肉羹			1		THUOCL
茄汁斑鱼块			1		THUOCL
茄汁牛肉汤			1		THUOCL
茄汁薯枣			1		THUOCL
茄汁鳕鱼			1		THUOCL
茅麓旗枪			1		THUOCL
茭白炒毛豆			1		THUOCL
茯苓饼干			1		THUOCL
草莓龙舌兰			1		THUOCL
荤油米糕			1		THUOCL
荪角四宝汤			1		THUOCL
药膳煲水鱼			1		THUOCL
荷塘莲香			1		THUOCL
荷香糯米排骨			1		THUOCL
莜面栳栳			1		THUOCL
莲子百合糯米粥			1		THUOCL
莲子血糯饭			1		THUOCL
菁岛啤酒			1		THUOCL
菜干鸭肾蜜枣汤			1		THUOCL
菜心炒猪肝			1		THUOCL
菜远卤牛肉			1		THUOCL
菠菜蛋蓉			1		THUOCL
菠萝龙眼鱼			1		THUOCL
萝卜丝油墩子			1		THUOCL
萝卜牛百叶汤			1		THUOCL
葡萄干炒饭			1		THUOCL
葡萄柚沙拉			1		THUOCL
葡萄白兰瓜配薄荷汁沙拉			1		THUOCL
葡萄面排			1		THUOCL
葱油大烧			1		THUOCL
葱油核桃鱼卷			1		THUOCL
葱油苦瓜			1		THUOCL
葱油蒸鸭			1		THUOCL
葱爆羊肉丁			1		THUOCL
葱白姜糖汤			1		THUOCL
蒜拌空心菜			1		THUOCL
蒜香烟肉蒸扇贝			1		THUOCL
蒜香煎海虾			1		THUOCL
蒲州清柿			1		THUOCL
蒲江猪油米花糖			1		THUOCL
蒿杆炒鳝丝			1		THUOCL
蓝莓冻芝士蛋糕			1		THUOCL
蓬莱仙芝茶			1		THUOCL
蕨根粉煮鳝鱼			1		THUOCL
薄荷薰衣草茶			1		THUOCL
薏仁苦瓜粥			1		THUOCL
薏米膳继			1		THUOCL
薏美酥			1		THUOCL
虎皮核桃仁			1		THUOCL
虎皮烩鸡丁			1		THUOCL
虫草八卦汤			1		THUOCL
虾仁拌莼菜			1		THUOCL
虾仁盒子			1		THUOCL
虾子茄段			1		THUOCL
虾片粥			1		THUOCL
蚝皇蒸凤爪			1		THUOCL
蜜三果			1		THUOCL
蜜佛手			1		THUOCL
蜜桂芳米花糖			1		THUOCL
蜜汁江米藕			1		THUOCL
蜜青梅			1		THUOCL
蜜食果			1		THUOCL
蜜饯香蕉			1		THUOCL
蟹肉圆子			1		THUOCL
蟹肉青瓜沙律			1		THUOCL
蟹黄养汤烧卖			1		THUOCL
西米银耳羹			1		THUOCL
西红柿起司沙拉			1		THUOCL
西西里面包			1		THUOCL
解热清滞汤			1		THUOCL
话梅手剥笋			1		THUOCL
诱惑红铝色淀			1		THUOCL
豆瓣卿鱼			1		THUOCL
豆瓣鱼条			1		THUOCL
豆腐排骨豆芽汤			1		THUOCL
豆腐蟹肉忌廉汤			1		THUOCL
豆豉剁辣椒			1		THUOCL
豆豉烧中段			1		THUOCL
豆面球			1		THUOCL
豆香斋牛肉香圈			1		THUOCL
豆香麻糍			1		THUOCL
豉椒蒸腊肉			1		THUOCL
豌豆炸酱面			1		THUOCL
贝丝扒菜胆			1		THUOCL
越蔓橘			1		THUOCL
车前子茶			1		THUOCL
软炸菜花			1		THUOCL
软炸虾糕			1		THUOCL
辛烯基琥珀酸铝淀粉			1		THUOCL
辣味炸鸡翅			1		THUOCL
辣味特级板烧鸡腿堡			1		THUOCL
辣味过江鸡			1		THUOCL
辣椒叶鸡蛋汤			1		THUOCL
辣椒炒肚片			1		THUOCL
辣汁酱香肘			1		THUOCL
进士糕和状元饼			1		THUOCL
酒酿斑鸠			1		THUOCL
酥炸春花肉			1		THUOCL
酥炸茄盒			1		THUOCL
酥皮芋蓉盅			1		THUOCL
酥蜜鲜果夹			1		THUOCL
酥香凤翅			1		THUOCL
酱腌紫茄			1		THUOCL
酱香萝卜皮			1		THUOCL
酸枣仁枸杞茶			1		THUOCL
酸菜饵块粑			1		THUOCL
酸辣海参锅巴			1		THUOCL
酸辣猪肚			1		THUOCL
酸辣臊子蹄筋			1		THUOCL
酿银瓜			1		THUOCL
醉鹅掌			1		THUOCL
醒胃腌椰菜花			1		THUOCL
醒脑安神冬瓜汤			1		THUOCL
里水金丝虾			1		THUOCL
里水霸王鸭			1		THUOCL
野山椒河蚌炖猪脚			1		THUOCL
金丝玉兔			1		THUOCL
金华五仁月饼			1		THUOCL
金瓜酥			1		THUOCL
金盏松茸			1		THUOCL
金钩包子			1		THUOCL
金钱鸡卷			1		THUOCL
金锋鲁肉饭			1		THUOCL
金镶玉板			1		THUOCL
铁板腰花			1		THUOCL
银丝仔乌汤			1		THUOCL
银牙韭菜花			1		THUOCL
银耳保健饮料			1		THUOCL
银鱼肉丝			1		THUOCL
铺层馍馍			1		THUOCL
锅塌鸡片			1		THUOCL
锅贴鸭方			1		THUOCL
锅酥牛肉			1		THUOCL
锦城露芽			1		THUOCL
镶竹荪			1		THUOCL
问荆茶			1		THUOCL
闷炉烧饼			1		THUOCL
阴菜牛展汤			1		THUOCL
陈皮爆河虾			1		THUOCL
随滑飞龙			1		THUOCL
雀巢鸟窝			1		THUOCL
雀巢黑椒牛柳			1		THUOCL
雄鸡雪莲盅			1		THUOCL
雪山潭虾			1		THUOCL
雪梨兔肉羹			1		THUOCL
雪梨肘棒			1		THUOCL
雪衣红沙			1		THUOCL
雪里藏珠			1		THUOCL
雷公山天麻			1		THUOCL
震运同玫瑰酥糖			1		THUOCL
青椒煎蛋			1		THUOCL
青苔童鸭豆糁			1		THUOCL
靖江牛肉脯			1		THUOCL
靛蓝铝色淀			1		THUOCL
鞍山肉枣			1		THUOCL
韩城羊肉臊子饸饹			1		THUOCL
韩城羊肉饸饹			1		THUOCL
韩式辣酱鱿鱼丝			1		THUOCL
韭菜墨鱼丝			1		THUOCL
韭菜炒绿豆芽			1		THUOCL
韭菜炒莴笋丝			1		THUOCL
韭菜炒黄鳝			1		THUOCL
风味南美螺			1		THUOCL
风味腊肠卷			1		THUOCL
风情羊柳			1		THUOCL
风车苹果派			1		THUOCL
飘香猪脆骨			1		THUOCL
首乌熟地炖兔肉			1		THUOCL
香卤猪肘			1		THUOCL
香浓黑巧克力蛋糕			1		THUOCL
香炸南瓜饼			1		THUOCL
香煎翘鱼			1		THUOCL
香煎莲藕饼			1		THUOCL
香煎菜脯蛋			1		THUOCL
香煎黄糕粑			1		THUOCL
香片辫子包			1		THUOCL
香甜滋润玻璃肉饭			1		THUOCL
香粽烧排骨			1		THUOCL
香肠炒油菜			1		THUOCL
香脆葡萄塔			1		THUOCL
香菇肉末烧卖			1		THUOCL
香菠血糯饭			1		THUOCL
香葱咖喱面包			1		THUOCL
香葱苏打饼干			1		THUOCL
香辣咖哩面包			1		THUOCL
香辣毛豆			1		THUOCL
香辣脆皮明虾			1		THUOCL
香酥丹麦曲奇			1		THUOCL
香酥牛柳卷			1		THUOCL
香酥蛋挞			1		THUOCL
马蹄蛋糕			1		THUOCL
高梁肉			1		THUOCL
高邮董糖			1		THUOCL
魔芋烧鱼			1		THUOCL
鮰鱼肚片			1		THUOCL
鱼柳烩杂海鲜			1		THUOCL
鱼羊炖时蔬			1		THUOCL
鱼花豆腐			1		THUOCL
鱼香全茄			1		THUOCL
鱼香菜心			1		THUOCL
鲜味大虾			1		THUOCL
鲜哈蜜瓜汁			1		THUOCL
鲜奶鱼茸羹			1		THUOCL
鲜瑶柱牛肉			1		THUOCL
鲜肉香菇烧麦			1		THUOCL
鲜花藤萝饼			1		THUOCL
鲜蘑炒肉片			1		THUOCL
鲜蘑蒸鸡			1		THUOCL
鲜虾扒豆苗			1		THUOCL
鲜贝冬瓜球			1		THUOCL
鲫鱼汆白玉			1		THUOCL
鲫鱼蘑菇汤			1		THUOCL
鳝鱼煮馍			1		THUOCL
鸡丁干粉			1		THUOCL
鸡丝月饼			1		THUOCL
鸡汁燕窝			1		THUOCL
鸡汤浸时蔬			1		THUOCL
鸡焖蟹煲			1		THUOCL
鸡翅羊肚菌			1		THUOCL
鸡肉线粉			1		THUOCL
鸡里爆			1		THUOCL
鸳鸯哺乳			1		THUOCL
鸽子玻璃糕			1		THUOCL
鹅石板江湖菜			1		THUOCL
鹦鹉莴笋			1		THUOCL
鹿宛茶			1		THUOCL
麦精酥			1		THUOCL
麦芽山楂饮			1		THUOCL
麻辣兔火锅			1		THUOCL
麻辣冬瓜			1		THUOCL
麻酱拌豆腐			1		THUOCL
麻香酥鸭			1		THUOCL
黄墩湖腊豆			1		THUOCL
黄尖笋			1		THUOCL
黄瓜鸡杂汤			1		THUOCL
黄芪南枣黄鳝汤			1		THUOCL
黄花酥			1		THUOCL
黄金肉丸			1		THUOCL
黑玉米饮料			1		THUOCL
黑胡椒溜肉			1		THUOCL
黑麦金笋面			1		THUOCL
鼓板龙蟹			1		THUOCL
龙凤双锤			1		THUOCL
龙眼咸烧白			1		THUOCL
龙虾酥糖			1		THUOCL
丁香					THUOCL
