word	pinyin	rank	doc_freq	level	source
坚定不移			54113		THUOCL
随时随地			52510		THUOCL
全力以赴			36156		THUOCL
丰富多彩			34727		THUOCL
余波未平			32967		THUOCL
脱颖而出			31974		THUOCL
实事求是			31565		THUOCL
一如既往			30338		THUOCL
众所周知			29469		THUOCL
一年一度			29188		THUOCL
因地制宜			27805		THUOCL
千方百计			27561		THUOCL
息息相关			25804		THUOCL
层出不穷			25301		THUOCL
引人注目			24076		THUOCL
当务之急			22965		THUOCL
滥用职权			22885		THUOCL
深入人心			22071		THUOCL
解放思想			21847		THUOCL
见义勇为			21157		THUOCL
敲诈勒索			20827		THUOCL
名不虚传			20236		THUOCL
来之不易			20180		THUOCL
名副其实			20015		THUOCL
下落不明			19848		THUOCL
坚持不懈			19818		THUOCL
源源不断			19395		THUOCL
络绎不绝			19137		THUOCL
弄虚作假			19010		THUOCL
不可思议			18980		THUOCL
不正之风			18949		THUOCL
小心翼翼			18841		THUOCL
长治久安			18732		THUOCL
如火如荼			18585		THUOCL
不折不扣			18574		THUOCL
后顾之忧			18005		THUOCL
纸醉金迷			17612		THUOCL
力所能及			17518		THUOCL
供不应求			17422		THUOCL
一目了然			17310		THUOCL
显而易见			17273		THUOCL
持之以恒			16953		THUOCL
成千上万			16698		THUOCL
大街小巷			16354		THUOCL
可想而知			16264		THUOCL
安居乐业			16133		THUOCL
齐心协力			15972		THUOCL
得天独厚			15675		THUOCL
一见钟情			15636		THUOCL
艰苦奋斗			15564		THUOCL
全心全意			15503		THUOCL
独一无二			15496		THUOCL
不约而同			15230		THUOCL
紧锣密鼓			15200		THUOCL
五花八门			15109		THUOCL
一应俱全			15089		THUOCL
应运而生			14881		THUOCL
与众不同			14801		THUOCL
触目惊心			14766		THUOCL
屡见不鲜			14553		THUOCL
无独有偶			14457		THUOCL
行之有效			14353		THUOCL
不知不觉			14263		THUOCL
大势所趋			14236		THUOCL
千家万户			14142		THUOCL
心有余悸			13820		THUOCL
不得而知			13727		THUOCL
前所未有			13620		THUOCL
迫不及待			13603		THUOCL
雪上加霜			13570		THUOCL
迫在眉睫			13502		THUOCL
此起彼伏			13494		THUOCL
脚踏实地			13433		THUOCL
意想不到			13303		THUOCL
错综复杂			13132		THUOCL
无可厚非			13090		THUOCL
源远流长			13043		THUOCL
举一反三			13004		THUOCL
循序渐进			12875		THUOCL
不遗余力			12844		THUOCL
不言而喻			12652		THUOCL
讨价还价			12516		THUOCL
深恶痛绝			12511		THUOCL
三位一体			12414		THUOCL
截然不同			12326		THUOCL
记忆犹新			12263		THUOCL
喜闻乐见			12230		THUOCL
家喻户晓			12098		THUOCL
日新月异			12066		THUOCL
取而代之			12053		THUOCL
莫名其妙			11999		THUOCL
名列前茅			11993		THUOCL
排忧解难			11980		THUOCL
各式各样			11976		THUOCL
玩忽职守			11949		THUOCL
任重道远			11946		THUOCL
奋发有为			11859		THUOCL
举足轻重			11820		THUOCL
比比皆是			11743		THUOCL
卓有成效			11730		THUOCL
落地生根			11714		THUOCL
势在必行			11637		THUOCL
史无前例			11636		THUOCL
理所当然			11591		THUOCL
耳熟能详			11453		THUOCL
由来已久			11434		THUOCL
一模一样			11401		THUOCL
厉行节约			11378		THUOCL
恶性循环			11335		THUOCL
铤而走险			11292		THUOCL
举世瞩目			11230		THUOCL
再接再厉			11218		THUOCL
足不出户			11172		THUOCL
翻天覆地			11138		THUOCL
非同寻常			11077		THUOCL
挨家挨户			11057		THUOCL
不翼而飞			11020		THUOCL
参差不齐			10983		THUOCL
水涨船高			10972		THUOCL
沸沸扬扬			10931		THUOCL
先发制人			10913		THUOCL
轩然大波			10893		THUOCL
出人意料			10861		THUOCL
土生土长			10861		THUOCL
统筹兼顾			10847		THUOCL
明察暗访			10825		THUOCL
刻不容缓			10797		THUOCL
融为一体			10758		THUOCL
焕然一新			10740		THUOCL
以身作则			10717		THUOCL
潜移默化			10707		THUOCL
风口浪尖			10663		THUOCL
有条不紊			10326		THUOCL
归根结底			10289		THUOCL
发扬光大			10276		THUOCL
旗帜鲜明			10236		THUOCL
万无一失			10222		THUOCL
可见一斑			10214		THUOCL
一视同仁			10136		THUOCL
相辅相成			10077		THUOCL
淋漓尽致			9971		THUOCL
耳目一新			9971		THUOCL
不了了之			9877		THUOCL
热火朝天			9846		THUOCL
有目共睹			9788		THUOCL
久而久之			9768		THUOCL
视而不见			9757		THUOCL
自强不息			9753		THUOCL
以权谋私			9641		THUOCL
继往开来			9625		THUOCL
赞不绝口			9602		THUOCL
义不容辞			9525		THUOCL
未雨绸缪			9508		THUOCL
一举一动			9506		THUOCL
绳之以法			9496		THUOCL
尽如人意			9435		THUOCL
有所作为			9411		THUOCL
对症下药			9363		THUOCL
出谋划策			9352		THUOCL
四面八方			9346		THUOCL
首当其冲			9337		THUOCL
马不停蹄			9283		THUOCL
不以为然			9266		THUOCL
必由之路			9255		THUOCL
所作所为			9240		THUOCL
一蹴而就			9223		THUOCL
人满为患			9218		THUOCL
身体力行			9193		THUOCL
精益求精			9158		THUOCL
不可忽视			9121		THUOCL
大吃一惊			9086		THUOCL
竭尽全力			9085		THUOCL
拭目以待			9051		THUOCL
无家可归			9045		THUOCL
哭笑不得			8991		THUOCL
铺张浪费			8980		THUOCL
不知所措			8956		THUOCL
座无虚席			8908		THUOCL
可乘之机			8891		THUOCL
琳琅满目			8857		THUOCL
卷土重来			8835		THUOCL
铺天盖地			8799		THUOCL
理直气壮			8788		THUOCL
面目全非			8775		THUOCL
忧心忡忡			8741		THUOCL
在所难免			8700		THUOCL
燃眉之急			8700		THUOCL
图文并茂			8683		THUOCL
不绝于耳			8680		THUOCL
津津乐道			8638		THUOCL
数以万计			8626		THUOCL
立竿见影			8578		THUOCL
议论纷纷			8572		THUOCL
与日俱增			8529		THUOCL
衣食住行			8510		THUOCL
精心设计			8470		THUOCL
急功近利			8454		THUOCL
鲜为人知			8450		THUOCL
博大精深			8431		THUOCL
根深蒂固			8431		THUOCL
大有可为			8403		THUOCL
轰轰烈烈			8398		THUOCL
惊心动魄			8380		THUOCL
不亦乐乎			8378		THUOCL
何去何从			8359		THUOCL
独立自主			8357		THUOCL
率先垂范			8348		THUOCL
相得益彰			8298		THUOCL
取信于民			8293		THUOCL
耐人寻味			8255		THUOCL
别开生面			8221		THUOCL
水泄不通			8189		THUOCL
接二连三			8181		THUOCL
无能为力			8154		THUOCL
难以为继			8139		THUOCL
陷入僵局			8108		THUOCL
感同身受			8104		THUOCL
不知去向			8074		THUOCL
匪夷所思			8046		THUOCL
背道而驰			7996		THUOCL
难以置信			7977		THUOCL
拳打脚踢			7974		THUOCL
一帆风顺			7963		THUOCL
掉以轻心			7923		THUOCL
畅所欲言			7910		THUOCL
习以为常			7871		THUOCL
漏洞百出			7870		THUOCL
年久失修			7846		THUOCL
出乎意料			7834		THUOCL
一脉相承			7808		THUOCL
毫不动摇			7803		THUOCL
当之无愧			7760		THUOCL
肆无忌惮			7757		THUOCL
寥寥无几			7709		THUOCL
顺藤摸瓜			7679		THUOCL
助人为乐			7647		THUOCL
欢聚一堂			7632		THUOCL
泪流满面			7629		THUOCL
接踵而至			7620		THUOCL
直言不讳			7616		THUOCL
义无反顾			7610		THUOCL
力不从心			7593		THUOCL
遍地开花			7585		THUOCL
慕名而来			7578		THUOCL
纷至沓来			7576		THUOCL
兴致勃勃			7571		THUOCL
家常便饭			7568		THUOCL
措手不及			7558		THUOCL
心急如焚			7540		THUOCL
一席之地			7495		THUOCL
栩栩如生			7485		THUOCL
眼花缭乱			7483		THUOCL
雪中送炭			7479		THUOCL
得不偿失			7383		THUOCL
安然无恙			7341		THUOCL
深入浅出			7338		THUOCL
捉襟见肘			7337		THUOCL
自始至终			7337		THUOCL
拒之门外			7328		THUOCL
望而却步			7322		THUOCL
默默无闻			7300		THUOCL
顺理成章			7282		THUOCL
难能可贵			7237		THUOCL
来龙去脉			7236		THUOCL
不谋而合			7221		THUOCL
清清楚楚			7218		THUOCL
如出一辙			7209		THUOCL
提心吊胆			7205		THUOCL
徇私舞弊			7194		THUOCL
一无所知			7151		THUOCL
锲而不舍			7144		THUOCL
别有用心			7135		THUOCL
大打出手			7114		THUOCL
同舟共济			7107		THUOCL
雨后春笋			7073		THUOCL
兢兢业业			7041		THUOCL
泣不成声			7019		THUOCL
无人问津			6983		THUOCL
应有尽有			6982		THUOCL
引以为戒			6965		THUOCL
异军突起			6964		THUOCL
通俗易懂			6960		THUOCL
波澜壮阔			6922		THUOCL
无可奈何			6862		THUOCL
归根到底			6858		THUOCL
品学兼优			6815		THUOCL
司空见惯			6814		THUOCL
推波助澜			6796		THUOCL
微乎其微			6790		THUOCL
相提并论			6741		THUOCL
束手无策			6734		THUOCL
信以为真			6712		THUOCL
死灰复燃			6643		THUOCL
苦不堪言			6631		THUOCL
防患于未然			6626		THUOCL
争分夺秒			6615		THUOCL
集思广益			6592		THUOCL
蛮不讲理			6591		THUOCL
自力更生			6590		THUOCL
有的放矢			6587		THUOCL
严阵以待			6565		THUOCL
建功立业			6537		THUOCL
人山人海			6535		THUOCL
溃不成军			6531		THUOCL
国计民生			6514		THUOCL
年事已高			6494		THUOCL
绿水青山			6492		THUOCL
半壁江山			6479		THUOCL
求同存异			6450		THUOCL
蛛丝马迹			6448		THUOCL
鱼龙混杂			6437		THUOCL
扑朔迷离			6434		THUOCL
熙熙攘攘			6433		THUOCL
一技之长			6426		THUOCL
大江南北			6408		THUOCL
屈指可数			6404		THUOCL
交相辉映			6397		THUOCL
公之于众			6389		THUOCL
一拍即合			6388		THUOCL
絮絮叨叨			6388		THUOCL
一丝不苟			6383		THUOCL
相依为命			6382		THUOCL
微不足道			6370		THUOCL
大有作为			6349		THUOCL
良莠不齐			6348		THUOCL
令人瞩目			6343		THUOCL
迎刃而解			6334		THUOCL
从天而降			6329		THUOCL
不合时宜			6313		THUOCL
现身说法			6305		THUOCL
受益匪浅			6275		THUOCL
新陈代谢			6275		THUOCL
声势浩大			6263		THUOCL
高高在上			6250		THUOCL
合情合理			6241		THUOCL
量力而行			6240		THUOCL
不切实际			6225		THUOCL
针锋相对			6205		THUOCL
责无旁贷			6201		THUOCL
高瞻远瞩			6196		THUOCL
千千万万			6187		THUOCL
明目张胆			6186		THUOCL
连锁反应			6171		THUOCL
适得其反			6145		THUOCL
摇身一变			6140		THUOCL
跃跃欲试			6108		THUOCL
聚精会神			6100		THUOCL
承前启后			6092		THUOCL
杯水车薪			6092		THUOCL
一网打尽			6088		THUOCL
开花结果			6073		THUOCL
慷慨解囊			6053		THUOCL
素不相识			6050		THUOCL
重建家园			6048		THUOCL
无可争辩			6047		THUOCL
长此以往			6047		THUOCL
格格不入			6005		THUOCL
蔚然成风			5999		THUOCL
生机勃勃			5988		THUOCL
吃苦耐劳			5983		THUOCL
昏迷不醒			5980		THUOCL
金字招牌			5977		THUOCL
大相径庭			5975		THUOCL
堂而皇之			5950		THUOCL
如数家珍			5942		THUOCL
更新换代			5939		THUOCL
争先恐后			5903		THUOCL
浓墨重彩			5893		THUOCL
大刀阔斧			5880		THUOCL
惊慌失措			5868		THUOCL
所剩无几			5857		THUOCL
高官厚禄			5850		THUOCL
一心一意			5847		THUOCL
井然有序			5815		THUOCL
一波三折			5805		THUOCL
形迹可疑			5804		THUOCL
炙手可热			5749		THUOCL
身临其境			5740		THUOCL
二话不说			5735		THUOCL
流连忘返			5693		THUOCL
热泪盈眶			5692		THUOCL
销声匿迹			5687		THUOCL
打击报复			5679		THUOCL
尽心尽力			5669		THUOCL
一以贯之			5663		THUOCL
恍然大悟			5657		THUOCL
置之不理			5655		THUOCL
轻而易举			5631		THUOCL
人来人往			5626		THUOCL
青山绿水			5619		THUOCL
齐头并进			5613		THUOCL
一筹莫展			5585		THUOCL
百花齐放			5578		THUOCL
各执一词			5570		THUOCL
志同道合			5565		THUOCL
绞尽脑汁			5550		THUOCL
首屈一指			5537		THUOCL
水到渠成			5530		THUOCL
物美价廉			5526		THUOCL
众说纷纭			5514		THUOCL
各自为政			5506		THUOCL
语重心长			5502		THUOCL
德才兼备			5488		THUOCL
乐此不疲			5477		THUOCL
方兴未艾			5471		THUOCL
五颜六色			5445		THUOCL
无动于衷			5438		THUOCL
锦上添花			5428		THUOCL
推陈出新			5426		THUOCL
荒淫无度			5426		THUOCL
畅通无阻			5425		THUOCL
独树一帜			5419		THUOCL
省吃俭用			5418		THUOCL
无济于事			5412		THUOCL
情不自禁			5405		THUOCL
不足为奇			5391		THUOCL
忍无可忍			5380		THUOCL
埋头苦干			5372		THUOCL
郁郁葱葱			5371		THUOCL
事半功倍			5360		THUOCL
不省人事			5349		THUOCL
分门别类			5345		THUOCL
别出心裁			5333		THUOCL
明明白白			5328		THUOCL
热情洋溢			5318		THUOCL
大张旗鼓			5315		THUOCL
防不胜防			5312		THUOCL
惊魂未定			5301		THUOCL
蒙混过关			5301		THUOCL
错落有致			5297		THUOCL
一点一滴			5277		THUOCL
入不敷出			5266		THUOCL
我行我素			5257		THUOCL
深思熟虑			5252		THUOCL
趋之若鹜			5247		THUOCL
无微不至			5234		THUOCL
溢于言表			5231		THUOCL
车水马龙			5196		THUOCL
同心同德			5189		THUOCL
无所适从			5185		THUOCL
变本加厉			5164		THUOCL
壮士断腕			5158		THUOCL
崭露头角			5152		THUOCL
雄心勃勃			5152		THUOCL
以点带面			5145		THUOCL
学以致用			5143		THUOCL
心中有数			5132		THUOCL
五湖四海			5124		THUOCL
审时度势			5117		THUOCL
不择手段			5114		THUOCL
大起大落			5082		THUOCL
不厌其烦			5081		THUOCL
一针见血			5076		THUOCL
四通八达			5075		THUOCL
不可开交			5061		THUOCL
春暖花开			5052		THUOCL
天经地义			5051		THUOCL
悬而未决			5037		THUOCL
一言不发			5036		THUOCL
蜂拥而至			5036		THUOCL
扬长而去			5023		THUOCL
水落石出			5018		THUOCL
大开眼界			5006		THUOCL
载歌载舞			5002		THUOCL
子虚乌有			4990		THUOCL
了如指掌			4987		THUOCL
历历在目			4974		THUOCL
徇私枉法			4966		THUOCL
风云变幻			4958		THUOCL
公正廉洁			4946		THUOCL
茁壮成长			4945		THUOCL
千丝万缕			4944		THUOCL
一步一个脚印			4943		THUOCL
奋不顾身			4939		THUOCL
轻描淡写			4927		THUOCL
不解之缘			4914		THUOCL
有意无意			4914		THUOCL
顾名思义			4904		THUOCL
有声有色			4898		THUOCL
流离失所			4895		THUOCL
诸如此类			4865		THUOCL
一清二楚			4858		THUOCL
众志成城			4857		THUOCL
救死扶伤			4851		THUOCL
梦寐以求			4846		THUOCL
逍遥法外			4846		THUOCL
按捺不住			4845		THUOCL
信誓旦旦			4834		THUOCL
不计其数			4829		THUOCL
缺一不可			4828		THUOCL
脱胎换骨			4823		THUOCL
真心实意			4814		THUOCL
对簿公堂			4808		THUOCL
不辱使命			4790		THUOCL
狂风暴雨			4789		THUOCL
日复一日			4788		THUOCL
白发苍苍			4782		THUOCL
山清水秀			4776		THUOCL
随心所欲			4774		THUOCL
不堪设想			4770		THUOCL
浩浩荡荡			4770		THUOCL
叹为观止			4764		THUOCL
不由自主			4756		THUOCL
天下第一			4754		THUOCL
如愿以偿			4749		THUOCL
取长补短			4747		THUOCL
所见所闻			4719		THUOCL
近在咫尺			4713		THUOCL
一言一行			4709		THUOCL
惨不忍睹			4708		THUOCL
一无所获			4704		THUOCL
既得利益			4703		THUOCL
呼之欲出			4698		THUOCL
一厢情愿			4697		THUOCL
黄金时代			4697		THUOCL
无与伦比			4692		THUOCL
无中生有			4692		THUOCL
啃硬骨头			4686		THUOCL
轰动一时			4682		THUOCL
街头巷尾			4673		THUOCL
掷地有声			4662		THUOCL
戛然而止			4660		THUOCL
念念不忘			4655		THUOCL
偷工减料			4639		THUOCL
津津有味			4636		THUOCL
改头换面			4634		THUOCL
据为己有			4624		THUOCL
大同小异			4618		THUOCL
刮目相看			4613		THUOCL
令人发指			4607		THUOCL
目瞪口呆			4603		THUOCL
三三两两			4591		THUOCL
雷厉风行			4591		THUOCL
风雨无阻			4586		THUOCL
江郎才尽			4577		THUOCL
美轮美奂			4561		THUOCL
货真价实			4548		THUOCL
三令五申			4545		THUOCL
和睦相处			4538		THUOCL
感慨万千			4524		THUOCL
拾金不昧			4515		THUOCL
因人而异			4514		THUOCL
一纸空文			4513		THUOCL
双管齐下			4511		THUOCL
脱口而出			4502		THUOCL
曾几何时			4498		THUOCL
逃之夭夭			4496		THUOCL
不可估量			4495		THUOCL
心甘情愿			4490		THUOCL
一朝一夕			4488		THUOCL
倾家荡产			4486		THUOCL
有利可图			4485		THUOCL
更上一层楼			4478		THUOCL
证据确凿			4473		THUOCL
万众一心			4456		THUOCL
古色古香			4454		THUOCL
刻骨铭心			4440		THUOCL
东窗事发			4435		THUOCL
开门见山			4425		THUOCL
蒸蒸日上			4423		THUOCL
艰苦卓绝			4416		THUOCL
承上启下			4410		THUOCL
振奋人心			4406		THUOCL
风起云涌			4406		THUOCL
乱七八糟			4404		THUOCL
浑身解数			4403		THUOCL
一意孤行			4398		THUOCL
大有人在			4393		THUOCL
年复一年			4388		THUOCL
水土不服			4382		THUOCL
绝无仅有			4381		THUOCL
奄奄一息			4374		THUOCL
生生不息			4370		THUOCL
从头到尾			4357		THUOCL
迫不得已			4355		THUOCL
公平合理			4353		THUOCL
独善其身			4353		THUOCL
恰到好处			4347		THUOCL
一触即发			4336		THUOCL
说三道四			4327		THUOCL
不胜枚举			4325		THUOCL
各抒己见			4325		THUOCL
意味深长			4324		THUOCL
聪明才智			4323		THUOCL
生死存亡			4317		THUOCL
蠢蠢欲动			4304		THUOCL
摇摇欲坠			4294		THUOCL
世外桃源			4290		THUOCL
滔滔不绝			4284		THUOCL
欣欣向荣			4277		THUOCL
添砖加瓦			4271		THUOCL
相差无几			4270		THUOCL
来势汹汹			4267		THUOCL
有朝一日			4264		THUOCL
疑难杂症			4264		THUOCL
指日可待			4262		THUOCL
每况愈下			4259		THUOCL
精打细算			4250		THUOCL
真知灼见			4249		THUOCL
遥遥无期			4244		THUOCL
代代相传			4237		THUOCL
勇往直前			4231		THUOCL
好景不长			4225		THUOCL
另辟蹊径			4223		THUOCL
朝气蓬勃			4223		THUOCL
一劳永逸			4218		THUOCL
见怪不怪			4218		THUOCL
目不暇接			4217		THUOCL
热气腾腾			4215		THUOCL
脍炙人口			4207		THUOCL
牵一发而动全身			4185		THUOCL
无所事事			4172		THUOCL
甚嚣尘上			4166		THUOCL
时不我待			4164		THUOCL
一成不变			4161		THUOCL
打成一片			4161		THUOCL
怀恨在心			4156		THUOCL
总而言之			4145		THUOCL
支支吾吾			4136		THUOCL
艰苦创业			4135		THUOCL
不务正业			4132		THUOCL
身无分文			4122		THUOCL
别具一格			4121		THUOCL
治病救人			4105		THUOCL
岌岌可危			4089		THUOCL
丰功伟绩			4087		THUOCL
他山之石			4080		THUOCL
避重就轻			4069		THUOCL
按部就班			4063		THUOCL
急转直下			4058		THUOCL
一举两得			4054		THUOCL
兴高采烈			4052		THUOCL
同心协力			4045		THUOCL
侃侃而谈			4035		THUOCL
恼羞成怒			4018		THUOCL
天壤之别			4017		THUOCL
咄咄逼人			4016		THUOCL
千篇一律			4011		THUOCL
寸步难行			4007		THUOCL
嘘寒问暖			4004		THUOCL
不失时机			3999		THUOCL
直截了当			3997		THUOCL
白手起家			3989		THUOCL
人去楼空			3979		THUOCL
置若罔闻			3978		THUOCL
瞠目结舌			3969		THUOCL
长途跋涉			3962		THUOCL
有说有笑			3956		THUOCL
严于律己			3955		THUOCL
群策群力			3953		THUOCL
前车之鉴			3952		THUOCL
一拥而上			3951		THUOCL
毋庸讳言			3950		THUOCL
违法乱纪			3949		THUOCL
大政方针			3947		THUOCL
痛定思痛			3943		THUOCL
难上加难			3941		THUOCL
并肩作战			3939		THUOCL
始终如一			3928		THUOCL
啼笑皆非			3927		THUOCL
数不胜数			3927		THUOCL
不闻不问			3924		THUOCL
不相上下			3910		THUOCL
有生之年			3908		THUOCL
自给自足			3908		THUOCL
民以食为天			3901		THUOCL
打草惊蛇			3900		THUOCL
守望相助			3898		THUOCL
鼓舞人心			3891		THUOCL
三五成群			3873		THUOCL
铿锵有力			3871		THUOCL
接踵而来			3862		THUOCL
勤工俭学			3859		THUOCL
赏心悦目			3858		THUOCL
夜以继日			3850		THUOCL
起早贪黑			3846		THUOCL
爱不释手			3845		THUOCL
手足无措			3844		THUOCL
一分为二			3842		THUOCL
不可多得			3841		THUOCL
喜出望外			3841		THUOCL
何乐而不为			3831		THUOCL
口口相传			3822		THUOCL
只争朝夕			3816		THUOCL
气喘吁吁			3793		THUOCL
猝不及防			3787		THUOCL
不甘示弱			3784		THUOCL
亡羊补牢			3783		THUOCL
意气风发			3781		THUOCL
摩拳擦掌			3777		THUOCL
千差万别			3776		THUOCL
喜怒哀乐			3776		THUOCL
酸甜苦辣			3773		THUOCL
惟妙惟肖			3772		THUOCL
自相矛盾			3765		THUOCL
中流砥柱			3760		THUOCL
真相大白			3754		THUOCL
早出晚归			3751		THUOCL
异口同声			3745		THUOCL
繁荣昌盛			3745		THUOCL
喜气洋洋			3732		THUOCL
大是大非			3726		THUOCL
自食其力			3724		THUOCL
言传身教			3721		THUOCL
充满生机			3716		THUOCL
浴血奋战			3716		THUOCL
大惊小怪			3700		THUOCL
转危为安			3695		THUOCL
见缝插针			3691		THUOCL
平易近人			3687		THUOCL
古今中外			3679		THUOCL
怨声载道			3673		THUOCL
人声鼎沸			3667		THUOCL
千里迢迢			3661		THUOCL
融会贯通			3655		THUOCL
整装待发			3654		THUOCL
得心应手			3642		THUOCL
守土有责			3639		THUOCL
破口大骂			3637		THUOCL
不可磨灭			3632		THUOCL
永无止境			3626		THUOCL
令人咋舌			3624		THUOCL
犹豫不决			3624		THUOCL
一去不复返			3617		THUOCL
火眼金睛			3616		THUOCL
袖手旁观			3614		THUOCL
苦口婆心			3611		THUOCL
游刃有余			3604		THUOCL
始终不渝			3581		THUOCL
发家致富			3576		THUOCL
耿耿于怀			3562		THUOCL
油然而生			3561		THUOCL
害群之马			3557		THUOCL
伤痕累累			3556		THUOCL
权宜之计			3549		THUOCL
背井离乡			3546		THUOCL
支离破碎			3544		THUOCL
皆大欢喜			3544		THUOCL
大名鼎鼎			3537		THUOCL
合二为一			3518		THUOCL
风吹草动			3516		THUOCL
依依不舍			3515		THUOCL
秋高气爽			3513		THUOCL
挺身而出			3512		THUOCL
掩人耳目			3500		THUOCL
姗姗来迟			3496		THUOCL
事与愿违			3493		THUOCL
实至名归			3493		THUOCL
翩翩起舞			3486		THUOCL
名目繁多			3483		THUOCL
凤毛麟角			3480		THUOCL
忍气吞声			3475		THUOCL
耳濡目染			3468		THUOCL
一气呵成			3462		THUOCL
天伦之乐			3462		THUOCL
千载难逢			3457		THUOCL
满目疮痍			3452		THUOCL
堆积如山			3450		THUOCL
一无所有			3446		THUOCL
追根溯源			3446		THUOCL
精神抖擞			3444		THUOCL
人心惶惶			3440		THUOCL
朝夕相处			3438		THUOCL
当仁不让			3437		THUOCL
不依不饶			3421		THUOCL
设身处地			3419		THUOCL
名胜古迹			3417		THUOCL
血肉模糊			3417		THUOCL
焦头烂额			3414		THUOCL
无缘无故			3411		THUOCL
日积月累			3408		THUOCL
旷日持久			3398		THUOCL
不胫而走			3393		THUOCL
忍俊不禁			3384		THUOCL
成群结队			3379		THUOCL
接连不断			3376		THUOCL
无稽之谈			3373		THUOCL
债台高筑			3370		THUOCL
因材施教			3368		THUOCL
居安思危			3366		THUOCL
手忙脚乱			3366		THUOCL
轻重缓急			3361		THUOCL
应接不暇			3360		THUOCL
矢志不渝			3355		THUOCL
触手可及			3349		THUOCL
发人深省			3344		THUOCL
异曲同工			3343		THUOCL
破门而入			3343		THUOCL
自言自语			3340		THUOCL
左邻右舍			3331		THUOCL
乐在其中			3322		THUOCL
以身试法			3311		THUOCL
养家糊口			3310		THUOCL
众矢之的			3309		THUOCL
心平气和			3300		THUOCL
繁荣富强			3288		THUOCL
若隐若现			3288		THUOCL
哗众取宠			3285		THUOCL
纵横交错			3281		THUOCL
空穴来风			3273		THUOCL
叫苦不迭			3270		THUOCL
因势利导			3264		THUOCL
德高望重			3263		THUOCL
舆论哗然			3256		THUOCL
有恃无恐			3255		THUOCL
人命关天			3251		THUOCL
气势磅礴			3250		THUOCL
昙花一现			3245		THUOCL
息事宁人			3243		THUOCL
日日夜夜			3242		THUOCL
荡然无存			3240		THUOCL
欢欣鼓舞			3239		THUOCL
惊天动地			3231		THUOCL
艰难险阻			3220		THUOCL
险象环生			3218		THUOCL
数一数二			3206		THUOCL
切身体会			3204		THUOCL
以假乱真			3192		THUOCL
风风雨雨			3191		THUOCL
天寒地冻			3187		THUOCL
辞旧迎新			3187		THUOCL
负债累累			3178		THUOCL
任劳任怨			3173		THUOCL
走投无路			3171		THUOCL
令行禁止			3170		THUOCL
重蹈覆辙			3170		THUOCL
无时无刻			3168		THUOCL
成家立业			3167		THUOCL
炎黄子孙			3167		THUOCL
剑拔弩张			3166		THUOCL
将心比心			3161		THUOCL
大手大脚			3158		THUOCL
一览无余			3157		THUOCL
为所欲为			3156		THUOCL
名正言顺			3155		THUOCL
纸上谈兵			3153		THUOCL
夜深人静			3143		THUOCL
川流不息			3143		THUOCL
一天到晚			3139		THUOCL
美不胜收			3139		THUOCL
善始善终			3136		THUOCL
枝繁叶茂			3136		THUOCL
意料之外			3135		THUOCL
斩钉截铁			3131		THUOCL
风云人物			3125		THUOCL
壮烈牺牲			3123		THUOCL
大有裨益			3122		THUOCL
铺平道路			3120		THUOCL
防微杜渐			3119		THUOCL
无影无踪			3118		THUOCL
举手之劳			3116		THUOCL
中西合璧			3109		THUOCL
走马上任			3101		THUOCL
拍手称快			3098		THUOCL
一年到头			3095		THUOCL
小心谨慎			3093		THUOCL
来历不明			3085		THUOCL
海纳百川			3085		THUOCL
汗流浃背			3083		THUOCL
七嘴八舌			3078		THUOCL
本末倒置			3076		THUOCL
不顾一切			3073		THUOCL
嚎啕大哭			3073		THUOCL
混淆视听			3071		THUOCL
热血沸腾			3068		THUOCL
左右为难			3067		THUOCL
风平浪静			3063		THUOCL
如履薄冰			3061		THUOCL
先天不足			3056		THUOCL
招摇撞骗			3056		THUOCL
解疑释惑			3048		THUOCL
不速之客			3044		THUOCL
心服口服			3044		THUOCL
东拼西凑			3043		THUOCL
一落千丈			3041		THUOCL
原原本本			3041		THUOCL
就事论事			3036		THUOCL
火上浇油			3036		THUOCL
没完没了			3033		THUOCL
报效祖国			3032		THUOCL
劳民伤财			3030		THUOCL
危言耸听			3028		THUOCL
天马行空			3026		THUOCL
煞费苦心			3026		THUOCL
自欺欺人			3020		THUOCL
讳莫如深			3007		THUOCL
断章取义			3003		THUOCL
五彩缤纷			3002		THUOCL
进退两难			2995		THUOCL
改过自新			2994		THUOCL
一口咬定			2988		THUOCL
急于求成			2978		THUOCL
严惩不贷			2973		THUOCL
疲惫不堪			2973		THUOCL
百折不挠			2970		THUOCL
一家老小			2969		THUOCL
兴旺发达			2968		THUOCL
大显身手			2968		THUOCL
头破血流			2963		THUOCL
浑水摸鱼			2957		THUOCL
不容置疑			2944		THUOCL
孜孜不倦			2943		THUOCL
长久之计			2943		THUOCL
闻名遐迩			2942		THUOCL
千辛万苦			2941		THUOCL
指手画脚			2939		THUOCL
赫赫有名			2937		THUOCL
灭顶之灾			2934		THUOCL
如影随形			2931		THUOCL
风调雨顺			2927		THUOCL
无所作为			2926		THUOCL
茶余饭后			2925		THUOCL
痛哭流涕			2921		THUOCL
高屋建瓴			2915		THUOCL
走马观花			2912		THUOCL
步调一致			2909		THUOCL
憨态可掬			2907		THUOCL
蒙在鼓里			2905		THUOCL
屡教不改			2902		THUOCL
歪风邪气			2901		THUOCL
失之交臂			2899		THUOCL
漫天要价			2898		THUOCL
平心而论			2894		THUOCL
不在话下			2893		THUOCL
担惊受怕			2890		THUOCL
还本付息			2890		THUOCL
约定俗成			2888		THUOCL
廉洁奉公			2883		THUOCL
果不其然			2882		THUOCL
立于不败之地			2870		THUOCL
晴天霹雳			2867		THUOCL
正本清源			2865		THUOCL
不负众望			2857		THUOCL
瞬息万变			2857		THUOCL
不可逾越			2855		THUOCL
靠天吃饭			2852		THUOCL
语焉不详			2846		THUOCL
悲痛欲绝			2844		THUOCL
各显神通			2842		THUOCL
前赴后继			2831		THUOCL
翻山越岭			2829		THUOCL
临危受命			2828		THUOCL
忐忑不安			2827		THUOCL
不可同日而语			2826		THUOCL
不拘一格			2825		THUOCL
有机可乘			2822		THUOCL
漫山遍野			2820		THUOCL
而立之年			2819		THUOCL
赞叹不已			2819		THUOCL
不假思索			2816		THUOCL
不屈不挠			2816		THUOCL
潸然泪下			2811		THUOCL
条条框框			2803		THUOCL
灵机一动			2803		THUOCL
礼尚往来			2803		THUOCL
引人入胜			2802		THUOCL
若无其事			2801		THUOCL
熟视无睹			2798		THUOCL
骇人听闻			2796		THUOCL
供过于求			2793		THUOCL
趋利避害			2793		THUOCL
交口称赞			2792		THUOCL
精力充沛			2781		THUOCL
冠冕堂皇			2778		THUOCL
分道扬镳			2778		THUOCL
老生常谈			2777		THUOCL
荷枪实弹			2777		THUOCL
彻头彻尾			2774		THUOCL
活灵活现			2770		THUOCL
安身立命			2765		THUOCL
风雨同舟			2763		THUOCL
游手好闲			2761		THUOCL
心灰意冷			2760		THUOCL
耸人听闻			2759		THUOCL
网开一面			2757		THUOCL
电闪雷鸣			2753		THUOCL
精兵强将			2753		THUOCL
星罗棋布			2751		THUOCL
谈何容易			2750		THUOCL
三缄其口			2749		THUOCL
众目睽睽			2742		THUOCL
混为一谈			2739		THUOCL
不能自拔			2737		THUOCL
多才多艺			2735		THUOCL
不欢而散			2734		THUOCL
井井有条			2731		THUOCL
鳞次栉比			2729		THUOCL
自以为是			2725		THUOCL
不动声色			2724		THUOCL
腾空而起			2724		THUOCL
似曾相识			2719		THUOCL
稳扎稳打			2719		THUOCL
空空如也			2718		THUOCL
危在旦夕			2714		THUOCL
开诚布公			2708		THUOCL
可歌可泣			2699		THUOCL
口诛笔伐			2690		THUOCL
釜底抽薪			2688		THUOCL
口口声声			2687		THUOCL
举世闻名			2683		THUOCL
光明正大			2682		THUOCL
一门心思			2679		THUOCL
不一而足			2675		THUOCL
文山会海			2675		THUOCL
德艺双馨			2674		THUOCL
顾全大局			2672		THUOCL
能上能下			2669		THUOCL
胆战心惊			2666		THUOCL
坚韧不拔			2663		THUOCL
起死回生			2662		THUOCL
全神贯注			2661		THUOCL
死里逃生			2659		THUOCL
一马当先			2654		THUOCL
平安无事			2654		THUOCL
厚积薄发			2653		THUOCL
无理取闹			2652		THUOCL
当机立断			2647		THUOCL
八方支援			2644		THUOCL
深情厚谊			2644		THUOCL
名存实亡			2642		THUOCL
如释重负			2642		THUOCL
雷打不动			2641		THUOCL
一望无际			2639		THUOCL
与世隔绝			2631		THUOCL
大摇大摆			2629		THUOCL
门可罗雀			2629		THUOCL
将信将疑			2627		THUOCL
饶有兴趣			2625		THUOCL
勤勤恳恳			2624		THUOCL
心旷神怡			2623		THUOCL
柴米油盐			2615		THUOCL
心照不宣			2614		THUOCL
半途而废			2611		THUOCL
半信半疑			2602		THUOCL
无计可施			2601		THUOCL
轻装上阵			2597		THUOCL
一塌糊涂			2596		THUOCL
震撼人心			2595		THUOCL
后来居上			2593		THUOCL
并驾齐驱			2590		THUOCL
不时之需			2587		THUOCL
自告奋勇			2585		THUOCL
东山再起			2584		THUOCL
轻车简从			2584		THUOCL
锒铛入狱			2584		THUOCL
通力合作			2580		THUOCL
石沉大海			2575		THUOCL
隐姓埋名			2573		THUOCL
愤愤不平			2571		THUOCL
一鼓作气			2565		THUOCL
千头万绪			2565		THUOCL
心安理得			2565		THUOCL
冰天雪地			2559		THUOCL
奋发向上			2556		THUOCL
后起之秀			2546		THUOCL
谨言慎行			2546		THUOCL
时过境迁			2541		THUOCL
必争之地			2539		THUOCL
唯利是图			2538		THUOCL
居高临下			2538		THUOCL
事无巨细			2537		THUOCL
无孔不入			2536		THUOCL
势不可挡			2535		THUOCL
烟消云散			2530		THUOCL
席地而坐			2522		THUOCL
豁然开朗			2519		THUOCL
义愤填膺			2517		THUOCL
不进则退			2514		THUOCL
一概而论			2511		THUOCL
身先士卒			2511		THUOCL
敷衍了事			2510		THUOCL
高枕无忧			2508		THUOCL
巧立名目			2507		THUOCL
万不得已			2503		THUOCL
震耳欲聋			2502		THUOCL
今非昔比			2499		THUOCL
拉帮结派			2494		THUOCL
摸不着头脑			2492		THUOCL
无忧无虑			2490		THUOCL
手舞足蹈			2486		THUOCL
千呼万唤			2483		THUOCL
各取所需			2480		THUOCL
杳无音信			2479		THUOCL
遥遥领先			2479		THUOCL
相濡以沫			2475		THUOCL
先入为主			2470		THUOCL
横七竖八			2469		THUOCL
痛心疾首			2458		THUOCL
千军万马			2452		THUOCL
可有可无			2452		THUOCL
化整为零			2450		THUOCL
阳奉阴违			2449		THUOCL
沉默寡言			2445		THUOCL
你追我赶			2444		THUOCL
顺手牵羊			2442		THUOCL
渐入佳境			2441		THUOCL
听之任之			2433		THUOCL
心无旁骛			2429		THUOCL
束手就擒			2429		THUOCL
以防万一			2427		THUOCL
振聋发聩			2427		THUOCL
杳无音讯			2427		THUOCL
情有可原			2426		THUOCL
尽力而为			2424		THUOCL
小题大做			2423		THUOCL
投机取巧			2423		THUOCL
不屑一顾			2422		THUOCL
约法三章			2422		THUOCL
自圆其说			2416		THUOCL
人尽其才			2412		THUOCL
迎来送往			2405		THUOCL
从容应对			2402		THUOCL
财大气粗			2402		THUOCL
随波逐流			2401		THUOCL
望子成龙			2398		THUOCL
鸡毛蒜皮			2395		THUOCL
肃然起敬			2394		THUOCL
公平交易			2390		THUOCL
因噎废食			2387		THUOCL
束之高阁			2387		THUOCL
另起炉灶			2386		THUOCL
打破常规			2386		THUOCL
火光冲天			2386		THUOCL
饮食起居			2383		THUOCL
青黄不接			2379		THUOCL
面面俱到			2379		THUOCL
天涯海角			2378		THUOCL
语无伦次			2378		THUOCL
箭在弦上			2375		THUOCL
朗朗上口			2373		THUOCL
舍近求远			2369		THUOCL
置身事外			2367		THUOCL
鞠躬尽瘁			2365		THUOCL
活蹦乱跳			2363		THUOCL
不寒而栗			2362		THUOCL
明辨是非			2359		THUOCL
言简意赅			2354		THUOCL
鸟语花香			2350		THUOCL
百思不得其解			2349		THUOCL
避而不谈			2347		THUOCL
头头是道			2343		THUOCL
安营扎寨			2338		THUOCL
风尘仆仆			2338		THUOCL
前无古人			2337		THUOCL
无可非议			2336		THUOCL
无所不能			2334		THUOCL
筋疲力尽			2334		THUOCL
一来二去			2333		THUOCL
一哄而上			2332		THUOCL
张灯结彩			2332		THUOCL
不由分说			2331		THUOCL
酣畅淋漓			2329		THUOCL
难以预料			2329		THUOCL
带头作用			2325		THUOCL
南辕北辙			2324		THUOCL
自由自在			2324		THUOCL
风风火火			2319		THUOCL
冒名顶替			2314		THUOCL
保家卫国			2313		THUOCL
年富力强			2312		THUOCL
不义之财			2308		THUOCL
事出有因			2306		THUOCL
见死不救			2305		THUOCL
人烟稀少			2304		THUOCL
模棱两可			2304		THUOCL
人迹罕至			2303		THUOCL
三天两头			2302		THUOCL
中饱私囊			2302		THUOCL
一贫如洗			2301		THUOCL
没日没夜			2299		THUOCL
见贤思齐			2295		THUOCL
戒备森严			2293		THUOCL
千奇百怪			2292		THUOCL
麻痹大意			2289		THUOCL
满载而归			2288		THUOCL
至高无上			2287		THUOCL
一草一木			2286		THUOCL
扬长避短			2285		THUOCL
同甘共苦			2282		THUOCL
铜墙铁壁			2279		THUOCL
孜孜以求			2270		THUOCL
抱头痛哭			2267		THUOCL
移风易俗			2264		THUOCL
独具匠心			2263		THUOCL
追悔莫及			2261		THUOCL
久负盛名			2258		THUOCL
冷嘲热讽			2255		THUOCL
过意不去			2255		THUOCL
泛滥成灾			2253		THUOCL
横冲直撞			2245		THUOCL
沾沾自喜			2245		THUOCL
争奇斗艳			2244		THUOCL
有血有肉			2244		THUOCL
精神恍惚			2243		THUOCL
盘根错节			2242		THUOCL
大兴土木			2241		THUOCL
老泪纵横			2238		THUOCL
雄心壮志			2236		THUOCL
瞒天过海			2234		THUOCL
丧心病狂			2233		THUOCL
目不转睛			2232		THUOCL
相安无事			2230		THUOCL
和而不同			2229		THUOCL
乐善好施			2225		THUOCL
快马加鞭			2223		THUOCL
人心向背			2221		THUOCL
无关紧要			2219		THUOCL
入土为安			2218		THUOCL
峰回路转			2218		THUOCL
闻所未闻			2217		THUOCL
手无寸铁			2216		THUOCL
据理力争			2216		THUOCL
烫手山芋			2216		THUOCL
花样百出			2216		THUOCL
不虚此行			2215		THUOCL
确有其事			2213		THUOCL
漏网之鱼			2212		THUOCL
乘风破浪			2209		THUOCL
出类拔萃			2209		THUOCL
挖空心思			2206		THUOCL
有求必应			2206		THUOCL
价廉物美			2203		THUOCL
暴露无遗			2203		THUOCL
千疮百孔			2201		THUOCL
嗤之以鼻			2199		THUOCL
春意盎然			2199		THUOCL
矢口否认			2199		THUOCL
原封不动			2197		THUOCL
无可比拟			2196		THUOCL
三番五次			2195		THUOCL
登高望远			2195		THUOCL
板上钉钉			2193		THUOCL
杞人忧天			2192		THUOCL
心满意足			2190		THUOCL
无所不在			2189		THUOCL
一言以蔽之			2183		THUOCL
举手投足			2182		THUOCL
动荡不安			2182		THUOCL
东张西望			2181		THUOCL
三足鼎立			2179		THUOCL
物归原主			2176		THUOCL
不远万里			2174		THUOCL
空中楼阁			2171		THUOCL
家长里短			2169		THUOCL
通宵达旦			2164		THUOCL
一掷千金			2163		THUOCL
言之凿凿			2161		THUOCL
挥汗如雨			2156		THUOCL
不知何故			2155		THUOCL
天衣无缝			2155		THUOCL
如鱼得水			2151		THUOCL
僧多粥少			2148		THUOCL
互相推诿			2147		THUOCL
本来面目			2146		THUOCL
来者不拒			2144		THUOCL
欣喜若狂			2142		THUOCL
呕心沥血			2140		THUOCL
精耕细作			2139		THUOCL
汗马功劳			2138		THUOCL
稍纵即逝			2138		THUOCL
不得已而为之			2134		THUOCL
远见卓识			2133		THUOCL
千钧一发			2130		THUOCL
不攻自破			2129		THUOCL
奋发图强			2127		THUOCL
运筹帷幄			2124		THUOCL
同归于尽			2123		THUOCL
声情并茂			2120		THUOCL
喜笑颜开			2119		THUOCL
就地取材			2119		THUOCL
谈笑风生			2118		THUOCL
一本正经			2116		THUOCL
按兵不动			2116		THUOCL
真刀真枪			2114		THUOCL
春风化雨			2113		THUOCL
天罗地网			2111		THUOCL
摩肩接踵			2110		THUOCL
飞来横祸			2109		THUOCL
依山傍水			2107		THUOCL
胸有成竹			2107		THUOCL
花样翻新			2107		THUOCL
万事大吉			2104		THUOCL
虎视眈眈			2104		THUOCL
古往今来			2103		THUOCL
独占鳌头			2103		THUOCL
萎靡不振			2103		THUOCL
舍己救人			2100		THUOCL
欲罢不能			2095		THUOCL
敲锣打鼓			2093		THUOCL
化险为夷			2092		THUOCL
穷凶极恶			2092		THUOCL
大快朵颐			2090		THUOCL
休戚与共			2089		THUOCL
相映成趣			2084		THUOCL
按图索骥			2080		THUOCL
不偏不倚			2079		THUOCL
穿针引线			2077		THUOCL
过关斩将			2073		THUOCL
闭门造车			2072		THUOCL
入乡随俗			2071		THUOCL
迎头赶上			2071		THUOCL
不堪一击			2070		THUOCL
满心欢喜			2069		THUOCL
啧啧称奇			2067		THUOCL
有识之士			2067		THUOCL
出尔反尔			2066		THUOCL
如痴如醉			2065		THUOCL
天翻地覆			2061		THUOCL
毁于一旦			2061		THUOCL
只言片语			2059		THUOCL
不期而遇			2058		THUOCL
仁人志士			2058		THUOCL
疲于奔命			2057		THUOCL
放眼世界			2055		THUOCL
妙趣横生			2054		THUOCL
大海捞针			2053		THUOCL
气势汹汹			2053		THUOCL
似是而非			2051		THUOCL
差强人意			2051		THUOCL
含辛茹苦			2050		THUOCL
风华正茂			2050		THUOCL
招兵买马			2049		THUOCL
贪赃枉法			2049		THUOCL
披荆斩棘			2046		THUOCL
殚精竭虑			2040		THUOCL
风雨飘摇			2040		THUOCL
尽善尽美			2037		THUOCL
以偏概全			2035		THUOCL
豪言壮语			2035		THUOCL
跃然纸上			2035		THUOCL
前功尽弃			2034		THUOCL
诗情画意			2031		THUOCL
重操旧业			2031		THUOCL
各自为战			2030		THUOCL
鬼鬼祟祟			2029		THUOCL
扪心自问			2028		THUOCL
用心良苦			2027		THUOCL
恰如其分			2026		THUOCL
经久不息			2025		THUOCL
千姿百态			2023		THUOCL
步履蹒跚			2023		THUOCL
休养生息			2022		THUOCL
风靡一时			2022		THUOCL
不明不白			2019		THUOCL
唇枪舌剑			2019		THUOCL
家破人亡			2019		THUOCL
重男轻女			2019		THUOCL
东倒西歪			2018		THUOCL
包罗万象			2018		THUOCL
十全十美			2018		THUOCL
行色匆匆			2018		THUOCL
不劳而获			2015		THUOCL
百感交集			2003		THUOCL
互通有无			2002		THUOCL
国泰民安			1997		THUOCL
西装革履			1997		THUOCL
扶危济困			1996		THUOCL
百年不遇			1996		THUOCL
和衷共济			1995		THUOCL
纹丝不动			1995		THUOCL
人才辈出			1991		THUOCL
步履维艰			1991		THUOCL
艰难困苦			1991		THUOCL
付之一炬			1990		THUOCL
众望所归			1989		THUOCL
一干二净			1987		THUOCL
一走了之			1985		THUOCL
红白喜事			1984		THUOCL
同仇敌忾			1983		THUOCL
粗制滥造			1981		THUOCL
崇山峻岭			1980		THUOCL
回味无穷			1978		THUOCL
有过之而无不及			1970		THUOCL
不近人情			1969		THUOCL
不紧不慢			1966		THUOCL
励精图治			1966		THUOCL
敬而远之			1966		THUOCL
生死未卜			1966		THUOCL
知法犯法			1966		THUOCL
颠倒黑白			1965		THUOCL
门庭若市			1963		THUOCL
两败俱伤			1959		THUOCL
开阔眼界			1955		THUOCL
劳逸结合			1954		THUOCL
心血来潮			1952		THUOCL
洁身自好			1948		THUOCL
盛况空前			1943		THUOCL
美其名曰			1942		THUOCL
动之以情			1941		THUOCL
十有八九			1939		THUOCL
偷梁换柱			1937		THUOCL
传为佳话			1935		THUOCL
灰头土脸			1934		THUOCL
信手拈来			1932		THUOCL
偃旗息鼓			1932		THUOCL
精神矍铄			1932		THUOCL
大获全胜			1931		THUOCL
守株待兔			1931		THUOCL
患难与共			1931		THUOCL
全军覆没			1930		THUOCL
忙忙碌碌			1929		THUOCL
浮想联翩			1929		THUOCL
笑容满面			1929		THUOCL
慷慨激昂			1926		THUOCL
安家落户			1924		THUOCL
形影不离			1923		THUOCL
真情实感			1923		THUOCL
湖光山色			1921		THUOCL
长年累月			1920		THUOCL
问心无愧			1920		THUOCL
乍暖还寒			1917		THUOCL
多管闲事			1917		THUOCL
后继有人			1916		THUOCL
踌躇满志			1914		THUOCL
背水一战			1913		THUOCL
天南海北			1911		THUOCL
一语道破			1909		THUOCL
花花绿绿			1909		THUOCL
拨乱反正			1908		THUOCL
苦心经营			1908		THUOCL
科班出身			1907		THUOCL
雾里看花			1907		THUOCL
振振有词			1906		THUOCL
声泪俱下			1905		THUOCL
看家本领			1905		THUOCL
不辞而别			1904		THUOCL
敷衍塞责			1904		THUOCL
一蹶不振			1903		THUOCL
放任自流			1901		THUOCL
只字不提			1896		THUOCL
东躲西藏			1894		THUOCL
趁热打铁			1894		THUOCL
痛不欲生			1890		THUOCL
风和日丽			1886		THUOCL
万里长城			1885		THUOCL
周而复始			1880		THUOCL
拆东墙补西墙			1879		THUOCL
一往无前			1878		THUOCL
名声在外			1878		THUOCL
乘胜追击			1877		THUOCL
惊叹不已			1876		THUOCL
煞有介事			1871		THUOCL
夺眶而出			1867		THUOCL
温文尔雅			1867		THUOCL
内忧外患			1866		THUOCL
一锤定音			1865		THUOCL
严重错误			1864		THUOCL
操之过急			1864		THUOCL
填海造地			1863		THUOCL
心潮澎湃			1863		THUOCL
翻来覆去			1863		THUOCL
吉祥如意			1862		THUOCL
斤斤计较			1862		THUOCL
积劳成疾			1859		THUOCL
甜言蜜语			1857		THUOCL
漠不关心			1856		THUOCL
大声疾呼			1854		THUOCL
杂乱无章			1853		THUOCL
长足进展			1851		THUOCL
临危不惧			1850		THUOCL
奋起直追			1849		THUOCL
顶天立地			1848		THUOCL
一鸣惊人			1847		THUOCL
一盘散沙			1845		THUOCL
不管不顾			1843		THUOCL
道听途说			1843		THUOCL
言行一致			1842		THUOCL
两全其美			1841		THUOCL
以讹传讹			1840		THUOCL
是非曲直			1840		THUOCL
如意算盘			1837		THUOCL
一生一世			1834		THUOCL
兴风作浪			1834		THUOCL
风吹日晒			1833		THUOCL
一尘不染			1832		THUOCL
胆大妄为			1832		THUOCL
百家争鸣			1831		THUOCL
功亏一篑			1829		THUOCL
不置可否			1827		THUOCL
前因后果			1827		THUOCL
富丽堂皇			1824		THUOCL
专心致志			1823		THUOCL
轻举妄动			1821		THUOCL
一丝一毫			1820		THUOCL
于事无补			1818		THUOCL
千变万化			1818		THUOCL
粉墨登场			1818		THUOCL
顾此失彼			1818		THUOCL
重见天日			1815		THUOCL
无法无天			1814		THUOCL
不以为意			1813		THUOCL
大错特错			1813		THUOCL
颗粒无收			1813		THUOCL
坐立不安			1812		THUOCL
花言巧语			1811		THUOCL
心惊胆战			1809		THUOCL
势均力敌			1807		THUOCL
气急败坏			1807		THUOCL
留有余地			1807		THUOCL
标新立异			1806		THUOCL
步步为营			1805		THUOCL
喃喃自语			1802		THUOCL
积重难返			1802		THUOCL
一字一句			1800		THUOCL
神不知鬼不觉			1800		THUOCL
表面文章			1800		THUOCL
有心无力			1798		THUOCL
游山玩水			1798		THUOCL
自暴自弃			1798		THUOCL
靠山吃山			1798		THUOCL
不得人心			1797		THUOCL
一知半解			1794		THUOCL
囤积居奇			1794		THUOCL
绚丽多彩			1790		THUOCL
明知故犯			1788		THUOCL
花团锦簇			1787		THUOCL
情真意切			1786		THUOCL
灵丹妙药			1785		THUOCL
毛骨悚然			1783		THUOCL
名不副实			1780		THUOCL
左顾右盼			1779		THUOCL
浑然一体			1779		THUOCL
像模像样			1776		THUOCL
前所未见			1776		THUOCL
欢天喜地			1776		THUOCL
受制于人			1775		THUOCL
海阔天空			1775		THUOCL
扼腕叹息			1774		THUOCL
心惊肉跳			1772		THUOCL
独当一面			1772		THUOCL
危机四伏			1771		THUOCL
如法炮制			1771		THUOCL
彬彬有礼			1770		THUOCL
异想天开			1767		THUOCL
源头活水			1767		THUOCL
不远千里			1766		THUOCL
为人师表			1764		THUOCL
固步自封			1764		THUOCL
如日中天			1763		THUOCL
弥留之际			1763		THUOCL
物尽其用			1763		THUOCL
一语中的			1762		THUOCL
大快人心			1761		THUOCL
屡试不爽			1757		THUOCL
面红耳赤			1757		THUOCL
迥然不同			1756		THUOCL
难言之隐			1755		THUOCL
泾渭分明			1754		THUOCL
三六九等			1753		THUOCL
大浪淘沙			1753		THUOCL
华而不实			1752		THUOCL
大失所望			1751		THUOCL
扣人心弦			1751		THUOCL
不可告人			1745		THUOCL
破烂不堪			1745		THUOCL
驾轻就熟			1743		THUOCL
你死我活			1742		THUOCL
心领神会			1742		THUOCL
一衣带水			1738		THUOCL
忽冷忽热			1736		THUOCL
恋恋不舍			1736		THUOCL
遍体鳞伤			1736		THUOCL
神采奕奕			1734		THUOCL
翻箱倒柜			1733		THUOCL
天时地利人和			1732		THUOCL
干净利落			1730		THUOCL
处心积虑			1728		THUOCL
独断专行			1728		THUOCL
切中要害			1727		THUOCL
朴实无华			1725		THUOCL
和蔼可亲			1721		THUOCL
地广人稀			1721		THUOCL
后悔莫及			1719		THUOCL
乘虚而入			1718		THUOCL
四分五裂			1713		THUOCL
望尘莫及			1710		THUOCL
英姿飒爽			1710		THUOCL
阴差阳错			1709		THUOCL
出其不意			1707		THUOCL
谦虚谨慎			1707		THUOCL
虎头蛇尾			1702		THUOCL
分崩离析			1701		THUOCL
抽丝剥茧			1701		THUOCL
蜻蜓点水			1701		THUOCL
心有余而力不足			1700		THUOCL
千山万水			1699		THUOCL
并行不悖			1698		THUOCL
奔走相告			1697		THUOCL
有问必答			1696		THUOCL
量体裁衣			1694		THUOCL
铁证如山			1694		THUOCL
完璧归赵			1693		THUOCL
狂轰滥炸			1693		THUOCL
无可奉告			1692		THUOCL
挂羊头卖狗肉			1688		THUOCL
不可动摇			1686		THUOCL
软硬兼施			1684		THUOCL
疏而不漏			1682		THUOCL
急中生智			1681		THUOCL
监守自盗			1681		THUOCL
闷闷不乐			1681		THUOCL
心心相印			1677		THUOCL
人杰地灵			1674		THUOCL
不堪回首			1673		THUOCL
身不由己			1673		THUOCL
生老病死			1671		THUOCL
捷报频传			1670		THUOCL
破旧不堪			1668		THUOCL
开宗明义			1667		THUOCL
粗心大意			1667		THUOCL
感人肺腑			1666		THUOCL
瓢泼大雨			1666		THUOCL
任人唯亲			1665		THUOCL
惴惴不安			1665		THUOCL
沁人心脾			1663		THUOCL
昏昏欲睡			1662		THUOCL
言外之意			1662		THUOCL
不出所料			1661		THUOCL
无精打采			1661		THUOCL
行云流水			1659		THUOCL
一穷二白			1658		THUOCL
无所畏惧			1658		THUOCL
捏了一把汗			1657		THUOCL
出人头地			1655		THUOCL
切肤之痛			1652		THUOCL
无所顾忌			1652		THUOCL
赤子之心			1652		THUOCL
大功告成			1648		THUOCL
拍案叫绝			1646		THUOCL
举国上下			1644		THUOCL
得过且过			1644		THUOCL
扬眉吐气			1644		THUOCL
换汤不换药			1643		THUOCL
趁火打劫			1642		THUOCL
乌烟瘴气			1641		THUOCL
见仁见智			1640		THUOCL
寸步不离			1639		THUOCL
各得其所			1635		THUOCL
有口皆碑			1635		THUOCL
风光旖旎			1635		THUOCL
不痛不痒			1634		THUOCL
济济一堂			1633		THUOCL
毕其功于一役			1631		THUOCL
不慌不忙			1630		THUOCL
返璞归真			1630		THUOCL
利欲熏心			1628		THUOCL
才华横溢			1626		THUOCL
既成事实			1625		THUOCL
为国捐躯			1623		THUOCL
平起平坐			1623		THUOCL
各有千秋			1621		THUOCL
称心如意			1621		THUOCL
叱咤风云			1620		THUOCL
一反常态			1618		THUOCL
不知所终			1618		THUOCL
胡说八道			1618		THUOCL
毅然决然			1617		THUOCL
雁过拔毛			1617		THUOCL
打抱不平			1616		THUOCL
呼风唤雨			1615		THUOCL
怦然心动			1615		THUOCL
颐养天年			1615		THUOCL
绘声绘色			1613		THUOCL
无言以对			1612		THUOCL
适可而止			1611		THUOCL
漫不经心			1610		THUOCL
艰苦朴素			1608		THUOCL
隐隐约约			1607		THUOCL
先睹为快			1606		THUOCL
金碧辉煌			1606		THUOCL
功成名就			1604		THUOCL
言谈举止			1604		THUOCL
闻风而动			1601		THUOCL
家徒四壁			1599		THUOCL
掩耳盗铃			1599		THUOCL
如虎添翼			1598		THUOCL
枪林弹雨			1598		THUOCL
价值连城			1597		THUOCL
以儆效尤			1594		THUOCL
见势不妙			1594		THUOCL
不伦不类			1592		THUOCL
身败名裂			1591		THUOCL
波光粼粼			1590		THUOCL
旁若无人			1589		THUOCL
轻车熟路			1587		THUOCL
节衣缩食			1585		THUOCL
默不作声			1584		THUOCL
肝胆相照			1579		THUOCL
三思而后行			1578		THUOCL
尽心竭力			1578		THUOCL
兼容并蓄			1575		THUOCL
无懈可击			1571		THUOCL
行家里手			1571		THUOCL
延年益寿			1569		THUOCL
夸大其词			1568		THUOCL
雷声大雨点小			1566		THUOCL
伤筋动骨			1564		THUOCL
跋山涉水			1564		THUOCL
前仆后继			1563		THUOCL
攻城略地			1559		THUOCL
负隅顽抗			1556		THUOCL
捕风捉影			1555		THUOCL
越俎代庖			1551		THUOCL
文人墨客			1550		THUOCL
好吃懒做			1549		THUOCL
祸不单行			1547		THUOCL
万事俱备			1546		THUOCL
头痛医头			1546		THUOCL
莫衷一是			1546		THUOCL
指名道姓			1545		THUOCL
无拘无束			1545		THUOCL
牢不可破			1545		THUOCL
坚如磐石			1544		THUOCL
艰难曲折			1544		THUOCL
人云亦云			1543		THUOCL
多一事不如少一事			1538		THUOCL
悬崖勒马			1538		THUOCL
一举成名			1535		THUOCL
雨过天晴			1535		THUOCL
与人为善			1533		THUOCL
变幻莫测			1533		THUOCL
激浊扬清			1533		THUOCL
坚定意志			1532		THUOCL
灯火辉煌			1532		THUOCL
人心所向			1531		THUOCL
光天化日			1531		THUOCL
七零八落			1530		THUOCL
沧海桑田			1528		THUOCL
重新做人			1528		THUOCL
令人作呕			1527		THUOCL
风雨交加			1527		THUOCL
回心转意			1524		THUOCL
心力衰竭			1524		THUOCL
望而生畏			1523		THUOCL
畏罪潜逃			1522		THUOCL
一无是处			1520		THUOCL
光明磊落			1518		THUOCL
养儿防老			1518		THUOCL
出言不逊			1518		THUOCL
化为乌有			1517		THUOCL
惨绝人寰			1517		THUOCL
万家灯火			1515		THUOCL
煽风点火			1515		THUOCL
吃力不讨好			1513		THUOCL
力挽狂澜			1512		THUOCL
荡气回肠			1512		THUOCL
矫枉过正			1511		THUOCL
诚心诚意			1511		THUOCL
赤身裸体			1511		THUOCL
名噪一时			1509		THUOCL
大气磅礴			1509		THUOCL
苍白无力			1505		THUOCL
相亲相爱			1504		THUOCL
神清气爽			1504		THUOCL
妙语连珠			1503		THUOCL
慌慌张张			1502		THUOCL
吞吞吐吐			1501		THUOCL
姹紫嫣红			1501		THUOCL
见多识广			1498		THUOCL
大雨倾盆			1497		THUOCL
如临大敌			1497		THUOCL
有备无患			1497		THUOCL
独辟蹊径			1497		THUOCL
百废待兴			1497		THUOCL
胡言乱语			1495		THUOCL
催人泪下			1490		THUOCL
积少成多			1488		THUOCL
一己之私			1487		THUOCL
心力交瘁			1487		THUOCL
初出茅庐			1486		THUOCL
大大咧咧			1486		THUOCL
浑然天成			1485		THUOCL
南来北往			1482		THUOCL
真心诚意			1482		THUOCL
多如牛毛			1478		THUOCL
心急火燎			1476		THUOCL
逆水行舟			1475		THUOCL
颠沛流离			1475		THUOCL
慌不择路			1474		THUOCL
发号施令			1473		THUOCL
投其所好			1472		THUOCL
故伎重演			1470		THUOCL
照本宣科			1467		THUOCL
绕道而行			1466		THUOCL
移花接木			1465		THUOCL
人人自危			1464		THUOCL
共商国是			1461		THUOCL
单枪匹马			1461		THUOCL
在天之灵			1461		THUOCL
声嘶力竭			1461		THUOCL
多此一举			1460		THUOCL
鱼目混珠			1460		THUOCL
老实巴交			1456		THUOCL
舟车劳顿			1456		THUOCL
稀奇古怪			1454		THUOCL
一窍不通			1453		THUOCL
不堪入目			1453		THUOCL
愁眉不展			1453		THUOCL
百年大计			1453		THUOCL
细枝末节			1453		THUOCL
和盘托出			1450		THUOCL
美中不足			1450		THUOCL
落荒而逃			1450		THUOCL
不甘寂寞			1449		THUOCL
狭路相逢			1449		THUOCL
饮水思源			1448		THUOCL
绰绰有余			1447		THUOCL
名利双收			1445		THUOCL
战火纷飞			1445		THUOCL
大庭广众			1442		THUOCL
思前想后			1442		THUOCL
人人皆知			1440		THUOCL
精疲力竭			1440		THUOCL
人赃俱获			1437		THUOCL
幸灾乐祸			1437		THUOCL
两袖清风			1434		THUOCL
答非所问			1432		THUOCL
一事无成			1431		THUOCL
简明扼要			1431		THUOCL
择优录取			1429		THUOCL
相形见绌			1429		THUOCL
惊涛骇浪			1427		THUOCL
麻木不仁			1423		THUOCL
觥筹交错			1421		THUOCL
反其道而行之			1420		THUOCL
舍生忘死			1420		THUOCL
寿终正寝			1419		THUOCL
拔苗助长			1419		THUOCL
除恶务尽			1418		THUOCL
妄自菲薄			1415		THUOCL
毫不讳言			1415		THUOCL
风驰电掣			1415		THUOCL
自生自灭			1414		THUOCL
有板有眼			1413		THUOCL
议论风生			1413		THUOCL
不可抗拒			1412		THUOCL
孤立无援			1410		THUOCL
喋喋不休			1409		THUOCL
沆瀣一气			1409		THUOCL
人财两空			1408		THUOCL
弄巧成拙			1408		THUOCL
念念有词			1408		THUOCL
亭台楼阁			1407		THUOCL
亲密无间			1407		THUOCL
坚不可摧			1406		THUOCL
终身大事			1406		THUOCL
天花乱坠			1404		THUOCL
物以稀为贵			1404		THUOCL
风吹雨打			1403		THUOCL
千言万语			1402		THUOCL
异乎寻常			1402		THUOCL
羊毛出在羊身上			1402		THUOCL
亦步亦趋			1399		THUOCL
惩前毖后			1398		THUOCL
扶老携幼			1398		THUOCL
攻守同盟			1396		THUOCL
白雪皑皑			1394		THUOCL
充耳不闻			1392		THUOCL
安于现状			1392		THUOCL
青梅竹马			1392		THUOCL
一针一线			1391		THUOCL
大好河山			1390		THUOCL
人才济济			1388		THUOCL
咎由自取			1387		THUOCL
自学成才			1386		THUOCL
高人一等			1386		THUOCL
藏污纳垢			1385		THUOCL
上行下效			1384		THUOCL
口干舌燥			1384		THUOCL
灯红酒绿			1383		THUOCL
不分青红皂白			1382		THUOCL
天有不测风云			1377		THUOCL
难以企及			1377		THUOCL
能说会道			1376		THUOCL
无所不用其极			1374		THUOCL
所向披靡			1372		THUOCL
招架不住			1372		THUOCL
自觉自愿			1371		THUOCL
嗷嗷待哺			1370		THUOCL
砸锅卖铁			1368		THUOCL
厚德载物			1364		THUOCL
闪烁其词			1364		THUOCL
神通广大			1359		THUOCL
取之不尽			1358		THUOCL
大风大浪			1357		THUOCL
风餐露宿			1357		THUOCL
喜上眉梢			1356		THUOCL
细水长流			1356		THUOCL
了然于胸			1355		THUOCL
关门大吉			1354		THUOCL
判若两人			1354		THUOCL
浑然不觉			1352		THUOCL
火冒三丈			1352		THUOCL
胡作非为			1352		THUOCL
街谈巷议			1351		THUOCL
年逾古稀			1350		THUOCL
筚路蓝缕			1350		THUOCL
自作主张			1350		THUOCL
天南地北			1347		THUOCL
过街老鼠			1347		THUOCL
坑蒙拐骗			1346		THUOCL
小巫见大巫			1346		THUOCL
无源之水			1345		THUOCL
高不可攀			1345		THUOCL
酒足饭饱			1344		THUOCL
啧啧称赞			1342		THUOCL
夕阳西下			1340		THUOCL
头晕目眩			1340		THUOCL
怒不可遏			1340		THUOCL
残缺不全			1339		THUOCL
引经据典			1338		THUOCL
花花公子			1337		THUOCL
见不得人			1337		THUOCL
饮鸩止渴			1337		THUOCL
五谷丰登			1336		THUOCL
有名无实			1336		THUOCL
滥竽充数			1336		THUOCL
若有所思			1335		THUOCL
荣辱与共			1335		THUOCL
号啕大哭			1334		THUOCL
坐而论道			1334		THUOCL
真才实学			1333		THUOCL
无足轻重			1332		THUOCL
怒气冲冲			1331		THUOCL
拥政爱民			1331		THUOCL
泪如雨下			1331		THUOCL
雅俗共赏			1331		THUOCL
独到之处			1330		THUOCL
下不为例			1329		THUOCL
任人唯贤			1329		THUOCL
如获至宝			1328		THUOCL
左右逢源			1328		THUOCL
一问三不知			1327		THUOCL
感天动地			1322		THUOCL
无伤大雅			1322		THUOCL
泥沙俱下			1322		THUOCL
论资排辈			1322		THUOCL
事不关己			1321		THUOCL
欲言又止			1321		THUOCL
精美绝伦			1320		THUOCL
一扫而空			1318		THUOCL
衣衫褴褛			1318		THUOCL
九牛一毛			1317		THUOCL
排山倒海			1317		THUOCL
一团和气			1314		THUOCL
灰飞烟灭			1314		THUOCL
推心置腹			1313		THUOCL
鬼斧神工			1310		THUOCL
无穷无尽			1309		THUOCL
永垂不朽			1309		THUOCL
墨守成规			1308		THUOCL
惊弓之鸟			1308		THUOCL
波涛汹涌			1307		THUOCL
孤注一掷			1306		THUOCL
血流如注			1305		THUOCL
毛遂自荐			1304		THUOCL
大动干戈			1303		THUOCL
水乳交融			1303		THUOCL
人浮于事			1301		THUOCL
开天辟地			1301		THUOCL
繁花似锦			1301		THUOCL
不成方圆			1300		THUOCL
柳暗花明			1298		THUOCL
饥肠辘辘			1298		THUOCL
手下留情			1297		THUOCL
谨小慎微			1295		THUOCL
大肆宣传			1294		THUOCL
过犹不及			1294		THUOCL
口耳相传			1293		THUOCL
蝇头小利			1293		THUOCL
远亲不如近邻			1293		THUOCL
众口难调			1292		THUOCL
晕头转向			1292		THUOCL
不可理喻			1290		THUOCL
走南闯北			1290		THUOCL
殊途同归			1287		THUOCL
窃窃私语			1285		THUOCL
其貌不扬			1284		THUOCL
求贤若渴			1284		THUOCL
蜂拥而上			1282		THUOCL
狮子大开口			1281		THUOCL
获益匪浅			1280		THUOCL
摇旗呐喊			1279		THUOCL
人情世故			1278		THUOCL
各有所长			1278		THUOCL
半身不遂			1277		THUOCL
秘而不宣			1276		THUOCL
借题发挥			1275		THUOCL
朝令夕改			1273		THUOCL
怨天尤人			1270		THUOCL
改弦更张			1270		THUOCL
循规蹈矩			1269		THUOCL
哄堂大笑			1268		THUOCL
家家户户			1268		THUOCL
当头一棒			1268		THUOCL
传宗接代			1267		THUOCL
完美无缺			1267		THUOCL
金榜题名			1266		THUOCL
黯然失色			1264		THUOCL
救亡图存			1263		THUOCL
虚张声势			1263		THUOCL
博采众长			1262		THUOCL
大而化之			1262		THUOCL
招摇过市			1262		THUOCL
事倍功半			1261		THUOCL
不可收拾			1258		THUOCL
心灵手巧			1258		THUOCL
愚公移山			1256		THUOCL
水深火热			1256		THUOCL
一扫而光			1255		THUOCL
无依无靠			1255		THUOCL
一念之差			1254		THUOCL
抛头露面			1254		THUOCL
花甲之年			1254		THUOCL
打退堂鼓			1253		THUOCL
两手空空			1251		THUOCL
以牙还牙			1251		THUOCL
刚正不阿			1251		THUOCL
风马牛不相及			1250		THUOCL
哑口无言			1249		THUOCL
宾至如归			1247		THUOCL
忙里偷闲			1246		THUOCL
发人深思			1244		THUOCL
无所不包			1244		THUOCL
一臂之力			1242		THUOCL
全国一盘棋			1242		THUOCL
裹足不前			1240		THUOCL
百事可乐			1238		THUOCL
知难而退			1238		THUOCL
一年之计在于春			1237		THUOCL
三言两语			1237		THUOCL
神情恍惚			1237		THUOCL
心不在焉			1235		THUOCL
隔靴搔痒			1234		THUOCL
昭然若揭			1233		THUOCL
肺腑之言			1232		THUOCL
从容不迫			1230		THUOCL
惺惺相惜			1230		THUOCL
铁面无私			1229		THUOCL
山珍海味			1228		THUOCL
悲欢离合			1228		THUOCL
孤军奋战			1227		THUOCL
深山老林			1227		THUOCL
东奔西跑			1225		THUOCL
文质彬彬			1225		THUOCL
一丝不挂			1224		THUOCL
冰冻三尺非一日之寒			1224		THUOCL
顶礼膜拜			1224		THUOCL
头疼脑热			1220		THUOCL
一见如故			1219		THUOCL
天下为公			1219		THUOCL
里应外合			1219		THUOCL
路见不平			1217		THUOCL
大发雷霆			1215		THUOCL
狼吞虎咽			1214		THUOCL
执迷不悟			1213		THUOCL
待人接物			1212		THUOCL
病急乱投医			1211		THUOCL
洗心革面			1209		THUOCL
同病相怜			1208		THUOCL
不治之症			1207		THUOCL
神采飞扬			1207		THUOCL
舍我其谁			1206		THUOCL
衣食父母			1206		THUOCL
言过其实			1204		THUOCL
低级趣味			1202		THUOCL
势如破竹			1201		THUOCL
烂熟于心			1201		THUOCL
反目成仇			1198		THUOCL
知己知彼			1198		THUOCL
咬牙切齿			1197		THUOCL
以理服人			1196		THUOCL
大惊失色			1195		THUOCL
纷纷扬扬			1195		THUOCL
万马奔腾			1194		THUOCL
意气用事			1192		THUOCL
生死关头			1192		THUOCL
赤手空拳			1192		THUOCL
韬光养晦			1192		THUOCL
废寝忘食			1190		THUOCL
分内之事			1188		THUOCL
身经百战			1188		THUOCL
怒火中烧			1185		THUOCL
满口答应			1185		THUOCL
点睛之笔			1185		THUOCL
素未谋面			1185		THUOCL
风声鹤唳			1184		THUOCL
光彩夺目			1183		THUOCL
自立门户			1183		THUOCL
满不在乎			1182		THUOCL
病入膏肓			1182		THUOCL
愁眉苦脸			1181		THUOCL
百里挑一			1181		THUOCL
一览无遗			1180		THUOCL
多多益善			1180		THUOCL
昏昏沉沉			1180		THUOCL
有利有弊			1180		THUOCL
好大喜功			1179		THUOCL
妻离子散			1178		THUOCL
巧夺天工			1178		THUOCL
如坐针毡			1177		THUOCL
守口如瓶			1177		THUOCL
张冠李戴			1176		THUOCL
循循善诱			1176		THUOCL
患得患失			1175		THUOCL
无声无息			1175		THUOCL
悠然自得			1173		THUOCL
政出多门			1173		THUOCL
临时抱佛脚			1172		THUOCL
受宠若惊			1172		THUOCL
自作聪明			1172		THUOCL
唇齿相依			1171		THUOCL
娇生惯养			1170		THUOCL
平淡无奇			1169		THUOCL
八仙过海			1168		THUOCL
五光十色			1167		THUOCL
与世长辞			1165		THUOCL
尽人皆知			1165		THUOCL
正襟危坐			1165		THUOCL
繁文缛节			1164		THUOCL
吹毛求疵			1160		THUOCL
暗度陈仓			1159		THUOCL
克己奉公			1157		THUOCL
遮天蔽日			1156		THUOCL
倒行逆施			1155		THUOCL
大千世界			1155		THUOCL
一面之词			1154		THUOCL
因循守旧			1154		THUOCL
滴水不漏			1154		THUOCL
暴涨暴跌			1153		THUOCL
非此即彼			1151		THUOCL
万人空巷			1150		THUOCL
一棍子打死			1149		THUOCL
不同凡响			1148		THUOCL
兼收并蓄			1148		THUOCL
生死攸关			1147		THUOCL
垂涎欲滴			1146		THUOCL
推而广之			1146		THUOCL
瞻前顾后			1146		THUOCL
自投罗网			1145		THUOCL
扶摇直上			1143		THUOCL
高风亮节			1143		THUOCL
平分秋色			1141		THUOCL
一诺千金			1140		THUOCL
自行其是			1139		THUOCL
顾虑重重			1139		THUOCL
开源节流			1137		THUOCL
窗明几净			1137		THUOCL
唉声叹气			1136		THUOCL
量入为出			1136		THUOCL
随行就市			1135		THUOCL
一飞冲天			1133		THUOCL
因小失大			1131		THUOCL
分秒必争			1130		THUOCL
屡战屡败			1130		THUOCL
落叶归根			1130		THUOCL
面面相觑			1130		THUOCL
坐以待毙			1129		THUOCL
深更半夜			1129		THUOCL
视若无睹			1127		THUOCL
巍然屹立			1125		THUOCL
节节败退			1124		THUOCL
鼓足干劲			1124		THUOCL
亭亭玉立			1123		THUOCL
鸦雀无声			1123		THUOCL
以小见大			1122		THUOCL
去伪存真			1122		THUOCL
焦躁不安			1122		THUOCL
兴师动众			1121		THUOCL
千夫所指			1121		THUOCL
琴棋书画			1121		THUOCL
短兵相接			1121		THUOCL
风云突变			1119		THUOCL
如饥似渴			1117		THUOCL
广开言路			1116		THUOCL
有气无力			1116		THUOCL
威风凛凛			1115		THUOCL
露出马脚			1113		THUOCL
百年之后			1112		THUOCL
四脚朝天			1111		THUOCL
捧腹大笑			1110		THUOCL
见利忘义			1110		THUOCL
不胜其烦			1108		THUOCL
出生入死			1107		THUOCL
休戚相关			1106		THUOCL
各就各位			1106		THUOCL
浅尝辄止			1104		THUOCL
炉火纯青			1104		THUOCL
身强力壮			1103		THUOCL
五脏六腑			1102		THUOCL
贪官污吏			1101		THUOCL
破釜沉舟			1100		THUOCL
好逸恶劳			1099		THUOCL
庐山真面目			1099		THUOCL
罪有应得			1099		THUOCL
三十而立			1098		THUOCL
年轻力壮			1098		THUOCL
举棋不定			1096		THUOCL
纠缠不清			1096		THUOCL
郁郁寡欢			1096		THUOCL
吞云吐雾			1095		THUOCL
抛砖引玉			1094		THUOCL
明哲保身			1094		THUOCL
历久弥坚			1090		THUOCL
双喜临门			1090		THUOCL
大红大紫			1090		THUOCL
有苦难言			1090		THUOCL
捷足先登			1089		THUOCL
望眼欲穿			1089		THUOCL
出于无奈			1088		THUOCL
鞭长莫及			1087		THUOCL
平心静气			1085		THUOCL
含苞待放			1084		THUOCL
如梦初醒			1084		THUOCL
称兄道弟			1082		THUOCL
谢天谢地			1082		THUOCL
马到成功			1082		THUOCL
千锤百炼			1081		THUOCL
开弓没有回头箭			1081		THUOCL
春寒料峭			1081		THUOCL
辗转反侧			1081		THUOCL
骨瘦如柴			1081		THUOCL
归心似箭			1080		THUOCL
痛改前非			1079		THUOCL
四面楚歌			1078		THUOCL
生离死别			1077		THUOCL
良师益友			1076		THUOCL
后继无人			1075		THUOCL
己所不欲			1075		THUOCL
土崩瓦解			1074		THUOCL
蓬头垢面			1074		THUOCL
上下一心			1073		THUOCL
化为泡影			1073		THUOCL
在所不惜			1073		THUOCL
鼎力相助			1073		THUOCL
杀人灭口			1072		THUOCL
不苟言笑			1071		THUOCL
垂头丧气			1071		THUOCL
眼疾手快			1071		THUOCL
勿施于人			1070		THUOCL
海市蜃楼			1068		THUOCL
好高骛远			1067		THUOCL
一笑了之			1066		THUOCL
气壮山河			1064		THUOCL
为非作歹			1063		THUOCL
笑逐颜开			1063		THUOCL
非同小可			1063		THUOCL
言犹在耳			1062		THUOCL
高谈阔论			1061		THUOCL
由浅入深			1058		THUOCL
知易行难			1058		THUOCL
素昧平生			1058		THUOCL
讳疾忌医			1058		THUOCL
信口开河			1056		THUOCL
十字路口			1056		THUOCL
旗鼓相当			1055		THUOCL
装聋作哑			1054		THUOCL
分庭抗礼			1053		THUOCL
劈头盖脸			1053		THUOCL
门当户对			1053		THUOCL
冒天下之大不韪			1052		THUOCL
无价之宝			1052		THUOCL
独具一格			1052		THUOCL
忍辱负重			1051		THUOCL
政通人和			1051		THUOCL
唾手可得			1050		THUOCL
乔装打扮			1049		THUOCL
峥嵘岁月			1049		THUOCL
天网恢恢			1048		THUOCL
高山流水			1046		THUOCL
言听计从			1045		THUOCL
难以挽回			1045		THUOCL
非比寻常			1045		THUOCL
不声不响			1044		THUOCL
春光明媚			1043		THUOCL
付诸东流			1042		THUOCL
自私自利			1042		THUOCL
心烦意乱			1041		THUOCL
快人快语			1041		THUOCL
画龙点睛			1040		THUOCL
胡思乱想			1040		THUOCL
歪门邪道			1039		THUOCL
引火烧身			1037		THUOCL
弱肉强食			1037		THUOCL
竭泽而渔			1037		THUOCL
寸草不生			1036		THUOCL
明争暗斗			1036		THUOCL
私相授受			1035		THUOCL
堂堂正正			1034		THUOCL
同流合污			1033		THUOCL
治国安邦			1033		THUOCL
畅行无阻			1032		THUOCL
一文不值			1030		THUOCL
凶多吉少			1030		THUOCL
立足之地			1030		THUOCL
逐字逐句			1029		THUOCL
万象更新			1028		THUOCL
费尽心机			1028		THUOCL
不足为怪			1027		THUOCL
从中渔利			1027		THUOCL
铩羽而归			1027		THUOCL
微言大义			1025		THUOCL
眉飞色舞			1025		THUOCL
做贼心虚			1023		THUOCL
连绵不断			1023		THUOCL
匹夫有责			1022		THUOCL
视死如归			1022		THUOCL
重于泰山			1022		THUOCL
不怀好意			1021		THUOCL
众人拾柴火焰高			1019		THUOCL
入木三分			1019		THUOCL
忘乎所以			1019		THUOCL
扫地出门			1017		THUOCL
一而再再而三			1016		THUOCL
老调重弹			1015		THUOCL
一股脑儿			1014		THUOCL
授业解惑			1014		THUOCL
多事之秋			1013		THUOCL
短小精悍			1013		THUOCL
碌碌无为			1013		THUOCL
劫后余生			1012		THUOCL
擅离职守			1012		THUOCL
无关痛痒			1012		THUOCL
痴人说梦			1012		THUOCL
抑扬顿挫			1011		THUOCL
不可限量			1010		THUOCL
掌上明珠			1010		THUOCL
大处着眼			1009		THUOCL
岿然不动			1009		THUOCL
水漫金山			1009		THUOCL
牵肠挂肚			1008		THUOCL
登峰造极			1007		THUOCL
度日如年			1006		THUOCL
大公无私			1005		THUOCL
浩如烟海			1005		THUOCL
别有洞天			1004		THUOCL
变化多端			1003		THUOCL
霸王别姬			1002		THUOCL
字正腔圆			1001		THUOCL
天旋地转			1000		THUOCL
后事之师			999		THUOCL
九死一生			998		THUOCL
惊世骇俗			998		THUOCL
防患未然			998		THUOCL
放下包袱			997		THUOCL
药到病除			997		THUOCL
一波未平一波又起			996		THUOCL
半路出家			996		THUOCL
曲径通幽			996		THUOCL
反复推敲			995		THUOCL
芸芸众生			995		THUOCL
生龙活虎			994		THUOCL
一马平川			993		THUOCL
登堂入室			993		THUOCL
民办公助			992		THUOCL
踉踉跄跄			992		THUOCL
一本万利			991		THUOCL
大难不死			991		THUOCL
心悦诚服			991		THUOCL
人间天堂			990		THUOCL
野心勃勃			988		THUOCL
假公济私			987		THUOCL
斗志昂扬			987		THUOCL
一饮而尽			986		THUOCL
不可偏废			986		THUOCL
后患无穷			986		THUOCL
春华秋实			986		THUOCL
独来独往			986		THUOCL
九牛二虎之力			985		THUOCL
旁征博引			985		THUOCL
阳春白雪			985		THUOCL
一年半载			984		THUOCL
举目无亲			983		THUOCL
欺上瞒下			983		THUOCL
装模作样			983		THUOCL
饥寒交迫			983		THUOCL
骑虎难下			983		THUOCL
挥金如土			981		THUOCL
投桃报李			980		THUOCL
无地自容			980		THUOCL
畏首畏尾			980		THUOCL
原形毕露			979		THUOCL
断壁残垣			979		THUOCL
眼高手低			979		THUOCL
天之骄子			978		THUOCL
欲盖弥彰			977		THUOCL
栋梁之才			976		THUOCL
肆意妄为			976		THUOCL
不二法门			975		THUOCL
仁者见仁			975		THUOCL
强词夺理			975		THUOCL
内外交困			974		THUOCL
厚此薄彼			974		THUOCL
损人利己			974		THUOCL
以邻为壑			972		THUOCL
郑重其事			972		THUOCL
可怜天下父母心			969		THUOCL
生存技能			969		THUOCL
光怪陆离			968		THUOCL
天上人间			967		THUOCL
恶意中伤			967		THUOCL
精诚团结			966		THUOCL
夙夜在公			965		THUOCL
盗墓笔记			965		THUOCL
一锤子买卖			963		THUOCL
有生力量			963		THUOCL
访贫问苦			963		THUOCL
过目不忘			962		THUOCL
近水楼台先得月			962		THUOCL
喧宾夺主			961		THUOCL
懵懵懂懂			961		THUOCL
病从口入			961		THUOCL
旧病复发			958		THUOCL
深谋远虑			958		THUOCL
不知所云			957		THUOCL
花好月圆			957		THUOCL
交头接耳			956		THUOCL
出神入化			953		THUOCL
强加于人			953		THUOCL
春风得意			953		THUOCL
颐指气使			953		THUOCL
东奔西走			952		THUOCL
陈词滥调			952		THUOCL
不可一世			951		THUOCL
神乎其神			951		THUOCL
穷困潦倒			951		THUOCL
抚今追昔			950		THUOCL
长袖善舞			948		THUOCL
寅吃卯粮			947		THUOCL
表里如一			947		THUOCL
例行公事			946		THUOCL
寒冬腊月			946		THUOCL
刨根问底			945		THUOCL
捏一把汗			944		THUOCL
自得其乐			944		THUOCL
六神无主			943		THUOCL
躲躲闪闪			943		THUOCL
半夜三更			942		THUOCL
人多势众			941		THUOCL
先声夺人			941		THUOCL
冷眼旁观			941		THUOCL
勃然大怒			941		THUOCL
先斩后奏			940		THUOCL
天长地久			940		THUOCL
力排众议			939		THUOCL
穷途末路			936		THUOCL
机不可失			935		THUOCL
听天由命			934		THUOCL
戒骄戒躁			933		THUOCL
得寸进尺			932		THUOCL
草木皆兵			931		THUOCL
众口一词			930		THUOCL
养老送终			930		THUOCL
从长计议			929		THUOCL
得意之作			929		THUOCL
前事不忘			928		THUOCL
恨铁不成钢			928		THUOCL
说一不二			927		THUOCL
回天乏术			926		THUOCL
头晕眼花			925		THUOCL
地大物博			924		THUOCL
慎终追远			923		THUOCL
功德无量			922		THUOCL
笑容可掬			922		THUOCL
虚无缥缈			922		THUOCL
四平八稳			921		THUOCL
官官相护			921		THUOCL
善罢甘休			920		THUOCL
有生以来			920		THUOCL
开疆拓土			919		THUOCL
有则改之			917		THUOCL
金蝉脱壳			917		THUOCL
大言不惭			916		THUOCL
过五关斩六将			916		THUOCL
天真烂漫			915		THUOCL
山穷水尽			915		THUOCL
软弱无力			915		THUOCL
丰衣足食			914		THUOCL
荒无人烟			914		THUOCL
概莫能外			913		THUOCL
爱莫能助			913		THUOCL
忧国忧民			912		THUOCL
一碗水端平			911		THUOCL
咄咄怪事			911		THUOCL
暴风骤雨			911		THUOCL
璀璨夺目			911		THUOCL
感激不尽			910		THUOCL
说来说去			910		THUOCL
始作俑者			909		THUOCL
血雨腥风			909		THUOCL
醉翁之意不在酒			907		THUOCL
丧尽天良			906		THUOCL
张牙舞爪			906		THUOCL
望闻问切			906		THUOCL
夏日炎炎			905		THUOCL
崇洋媚外			905		THUOCL
自不待言			905		THUOCL
升官发财			903		THUOCL
兼容并包			901		THUOCL
平白无故			901		THUOCL
不冷不热			900		THUOCL
先天下之忧而忧			900		THUOCL
心神不宁			900		THUOCL
勉为其难			899		THUOCL
日夜兼程			899		THUOCL
扶正祛邪			897		THUOCL
白发人送黑发人			897		THUOCL
纵横捭阖			897		THUOCL
连篇累牍			897		THUOCL
深居简出			896		THUOCL
舍本逐末			896		THUOCL
贪得无厌			896		THUOCL
浑浑噩噩			895		THUOCL
另眼相看			894		THUOCL
反复无常			893		THUOCL
沽名钓誉			893		THUOCL
酩酊大醉			893		THUOCL
求之不得			890		THUOCL
鹤立鸡群			890		THUOCL
当头棒喝			887		THUOCL
比翼齐飞			887		THUOCL
飞黄腾达			886		THUOCL
百尺竿头			885		THUOCL
惶恐不安			884		THUOCL
知难而进			884		THUOCL
伸手不见五指			883		THUOCL
口出狂言			883		THUOCL
哭哭啼啼			881		THUOCL
婀娜多姿			881		THUOCL
杀鸡取卵			881		THUOCL
盛极一时			881		THUOCL
蜂拥而来			881		THUOCL
误打误撞			881		THUOCL
不食人间烟火			880		THUOCL
惶惶不可终日			880		THUOCL
气定神闲			880		THUOCL
死去活来			879		THUOCL
经年累月			879		THUOCL
合纵连横			878		THUOCL
耳闻目睹			878		THUOCL
齐心合力			878		THUOCL
嫌贫爱富			877		THUOCL
宁缺毋滥			877		THUOCL
驰名中外			877		THUOCL
心向往之			876		THUOCL
付之东流			875		THUOCL
心事重重			875		THUOCL
恨之入骨			875		THUOCL
弱不禁风			874		THUOCL
三百六十行			873		THUOCL
悔不当初			873		THUOCL
老无所依			873		THUOCL
身怀六甲			873		THUOCL
高朋满座			873		THUOCL
古为今用			872		THUOCL
损人不利己			872		THUOCL
睡眼惺忪			872		THUOCL
知足常乐			872		THUOCL
鼻青脸肿			872		THUOCL
绿草如茵			870		THUOCL
言行不一			870		THUOCL
崎岖不平			869		THUOCL
摇头晃脑			869		THUOCL
各个击破			868		THUOCL
桃李满天下			868		THUOCL
长篇大论			867		THUOCL
落井下石			865		THUOCL
各行其是			864		THUOCL
步步高升			864		THUOCL
顺水推舟			864		THUOCL
匠心独运			862		THUOCL
乱作一团			861		THUOCL
从头至尾			861		THUOCL
左思右想			860		THUOCL
点石成金			860		THUOCL
热锅上的蚂蚁			860		THUOCL
群龙无首			859		THUOCL
近亲繁殖			859		THUOCL
一败涂地			858		THUOCL
命中注定			858		THUOCL
风花雪月			858		THUOCL
混淆是非			857		THUOCL
雍容华贵			856		THUOCL
刀光剑影			855		THUOCL
大雨滂沱			855		THUOCL
无以复加			855		THUOCL
死于非命			855		THUOCL
百无聊赖			855		THUOCL
改名换姓			854		THUOCL
夸夸其谈			853		THUOCL
精疲力尽			853		THUOCL
大权在握			852		THUOCL
一线生机			850		THUOCL
正大光明			850		THUOCL
怡然自得			849		THUOCL
长驱直入			849		THUOCL
利令智昏			848		THUOCL
垂涎三尺			848		THUOCL
情投意合			847		THUOCL
节外生枝			847		THUOCL
黯然神伤			847		THUOCL
显山露水			846		THUOCL
龙凤呈祥			846		THUOCL
衣锦还乡			845		THUOCL
上传下达			844		THUOCL
兵戎相见			844		THUOCL
吹拉弹唱			844		THUOCL
政教合一			844		THUOCL
深仇大恨			844		THUOCL
严丝合缝			843		THUOCL
声名狼藉			843		THUOCL
财务主管			843		THUOCL
仗义执言			842		THUOCL
依然如故			841		THUOCL
勤学苦练			840		THUOCL
对答如流			840		THUOCL
来去自由			840		THUOCL
血气方刚			840		THUOCL
难于上青天			839		THUOCL
雕梁画栋			839		THUOCL
妇孺皆知			838		THUOCL
举重若轻			836		THUOCL
知无不言			836		THUOCL
义正词严			835		THUOCL
待价而沽			835		THUOCL
言之有物			835		THUOCL
变化无常			834		THUOCL
迷途知返			834		THUOCL
大喝一声			833		THUOCL
高耸入云			833		THUOCL
一呼百应			832		THUOCL
逢山开路			832		THUOCL
退避三舍			831		THUOCL
人文荟萃			830		THUOCL
苦中作乐			829		THUOCL
从善如流			828		THUOCL
卧薪尝胆			828		THUOCL
生搬硬套			828		THUOCL
非亲非故			827		THUOCL
昂首挺胸			826		THUOCL
聪明反被聪明误			825		THUOCL
鬼使神差			824		THUOCL
叫苦连天			823		THUOCL
大势已去			823		THUOCL
无奇不有			822		THUOCL
戮力同心			821		THUOCL
百年树人			821		THUOCL
不卑不亢			820		THUOCL
开国元勋			820		THUOCL
流言蜚语			820		THUOCL
委曲求全			819		THUOCL
居心叵测			818		THUOCL
年近花甲			818		THUOCL
心想事成			818		THUOCL
选贤任能			818		THUOCL
别具匠心			816		THUOCL
小恩小惠			816		THUOCL
慢条斯理			816		THUOCL
挑拨离间			816		THUOCL
有志之士			816		THUOCL
罪大恶极			815		THUOCL
谆谆教导			815		THUOCL
革故鼎新			815		THUOCL
万念俱灰			814		THUOCL
装点门面			814		THUOCL
坐享其成			813		THUOCL
放之四海而皆准			813		THUOCL
平步青云			812		THUOCL
诚惶诚恐			810		THUOCL
音容笑貌			810		THUOCL
达官贵人			807		THUOCL
奇形怪状			805		THUOCL
畸形发展			805		THUOCL
黑灯瞎火			805		THUOCL
打得火热			804		THUOCL
狼狈不堪			804		THUOCL
秋后算账			804		THUOCL
披星戴月			803		THUOCL
民不聊生			802		THUOCL
街坊邻里			802		THUOCL
依依惜别			800		THUOCL
相见恨晚			799		THUOCL
一日千里			798		THUOCL
贼喊捉贼			798		THUOCL
促膝谈心			797		THUOCL
寡不敌众			796		THUOCL
花天酒地			796		THUOCL
杀一儆百			794		THUOCL
一板一眼			793		THUOCL
望其项背			793		THUOCL
深入骨髓			793		THUOCL
目无法纪			793		THUOCL
近水楼台			793		THUOCL
为非作恶			792		THUOCL
后天下之乐而乐			790		THUOCL
唯我独尊			790		THUOCL
反躬自省			789		THUOCL
评头论足			789		THUOCL
物是人非			788		THUOCL
草长莺飞			788		THUOCL
重整旗鼓			788		THUOCL
体无完肤			787		THUOCL
大放厥词			787		THUOCL
奋笔疾书			787		THUOCL
万紫千红			786		THUOCL
刚柔相济			786		THUOCL
惹人注目			784		THUOCL
弹丸之地			782		THUOCL
心驰神往			782		THUOCL
体贴入微			781		THUOCL
心浮气躁			781		THUOCL
毁誉参半			781		THUOCL
一笔勾销			780		THUOCL
前途无量			780		THUOCL
好说歹说			780		THUOCL
深得人心			780		THUOCL
日出而作			779		THUOCL
令人神往			778		THUOCL
劫富济贫			778		THUOCL
察言观色			778		THUOCL
不毛之地			777		THUOCL
鼓鼓囊囊			777		THUOCL
将错就错			776		THUOCL
魂牵梦萦			776		THUOCL
冰冻三尺			775		THUOCL
拿手好戏			775		THUOCL
行行出状元			775		THUOCL
自知之明			774		THUOCL
一箭双雕			773		THUOCL
嬉笑怒骂			773		THUOCL
字斟句酌			773		THUOCL
为期不远			772		THUOCL
群雄逐鹿			772		THUOCL
一波未平			771		THUOCL
急不可耐			771		THUOCL
飘忽不定			770		THUOCL
不辞劳苦			769		THUOCL
高歌猛进			769		THUOCL
同日而语			768		THUOCL
活色生香			768		THUOCL
硕果仅存			768		THUOCL
饱经沧桑			768		THUOCL
倒背如流			767		THUOCL
勾心斗角			767		THUOCL
油盐酱醋			767		THUOCL
以防不测			765		THUOCL
包打天下			765		THUOCL
和风细雨			765		THUOCL
年近古稀			765		THUOCL
拔出萝卜带出泥			765		THUOCL
英雄本色			765		THUOCL
夺门而出			764		THUOCL
一见倾心			763		THUOCL
不着边际			763		THUOCL
兼济天下			763		THUOCL
出乎预料			761		THUOCL
满面笑容			761		THUOCL
炯炯有神			761		THUOCL
虚位以待			760		THUOCL
养尊处优			759		THUOCL
徒劳无功			759		THUOCL
闻风丧胆			758		THUOCL
故弄玄虚			757		THUOCL
耀武扬威			757		THUOCL
贪污腐化			757		THUOCL
一面之缘			756		THUOCL
上下其手			756		THUOCL
兼而有之			756		THUOCL
镜花水月			756		THUOCL
事在人为			755		THUOCL
十万火急			755		THUOCL
聪明伶俐			755		THUOCL
麻雀虽小			755		THUOCL
心花怒放			754		THUOCL
投机钻营			754		THUOCL
深不可测			754		THUOCL
清水衙门			754		THUOCL
牢骚满腹			754		THUOCL
聚沙成塔			754		THUOCL
七手八脚			753		THUOCL
尸位素餐			753		THUOCL
巧取豪夺			753		THUOCL
添油加醋			753		THUOCL
财源滚滚			753		THUOCL
开路先锋			751		THUOCL
雷电交加			751		THUOCL
口若悬河			750		THUOCL
坐吃山空			750		THUOCL
珠联璧合			750		THUOCL
风度翩翩			750		THUOCL
一哄而散			749		THUOCL
如鲠在喉			748		THUOCL
一唱一和			746		THUOCL
出奇制胜			746		THUOCL
大义凛然			746		THUOCL
小巧玲珑			745		THUOCL
暴跳如雷			745		THUOCL
逆来顺受			745		THUOCL
云淡风轻			744		THUOCL
传经送宝			744		THUOCL
曲高和寡			744		THUOCL
改弦易辙			743		THUOCL
振兴中华			742		THUOCL
牵强附会			742		THUOCL
从轻发落			741		THUOCL
满腔热忱			741		THUOCL
不能自主			740		THUOCL
先知先觉			740		THUOCL
气焰嚣张			740		THUOCL
消极怠工			740		THUOCL
飞檐走壁			739		THUOCL
一笑置之			738		THUOCL
展翅高飞			738		THUOCL
强国富民			738		THUOCL
易如反掌			738		THUOCL
马首是瞻			738		THUOCL
严刑峻法			737		THUOCL
人所共知			737		THUOCL
惨淡经营			737		THUOCL
连绵不绝			737		THUOCL
连绵起伏			737		THUOCL
一五一十			735		THUOCL
路人皆知			735		THUOCL
咬文嚼字			733		THUOCL
触景生情			733		THUOCL
勿以善小而不为			732		THUOCL
初生牛犊不怕虎			731		THUOCL
十年树木			731		THUOCL
抱残守缺			731		THUOCL
桀骜不驯			730		THUOCL
万劫不复			729		THUOCL
先下手为强			729		THUOCL
上天入地			728		THUOCL
原来如此			728		THUOCL
粉身碎骨			728		THUOCL
好事多磨			727		THUOCL
伤天害理			726		THUOCL
惹是生非			726		THUOCL
背信弃义			726		THUOCL
钻牛角尖			726		THUOCL
锱铢必较			726		THUOCL
成双成对			725		THUOCL
白头偕老			725		THUOCL
赤膊上阵			725		THUOCL
发财致富			723		THUOCL
大义灭亲			723		THUOCL
一路平安			721		THUOCL
各色人等			721		THUOCL
大有文章			721		THUOCL
寄人篱下			721		THUOCL
死而后已			721		THUOCL
滴水穿石			721		THUOCL
化干戈为玉帛			720		THUOCL
源源不绝			720		THUOCL
过从甚密			720		THUOCL
日以继夜			719		THUOCL
求全责备			719		THUOCL
寸步不让			718		THUOCL
投石问路			718		THUOCL
根深叶茂			718		THUOCL
灭绝人性			718		THUOCL
万变不离其宗			717		THUOCL
功成身退			717		THUOCL
如雷贯耳			717		THUOCL
焕发青春			717		THUOCL
舍己为人			717		THUOCL
骨肉分离			716		THUOCL
穷乡僻壤			715		THUOCL
普天同庆			714		THUOCL
马马虎虎			714		THUOCL
先见之明			713		THUOCL
旁敲侧击			713		THUOCL
倒打一耙			712		THUOCL
利益均沾			711		THUOCL
无事生非			711		THUOCL
谈天说地			711		THUOCL
力争上游			709		THUOCL
吃哑巴亏			709		THUOCL
心如刀绞			709		THUOCL
拖泥带水			709		THUOCL
用之不竭			709		THUOCL
离经叛道			709		THUOCL
骄傲自满			709		THUOCL
奇装异服			708		THUOCL
插科打诨			708		THUOCL
春回大地			708		THUOCL
推己及人			707		THUOCL
分文不取			706		THUOCL
学而优则仕			706		THUOCL
将计就计			706		THUOCL
引狼入室			706		THUOCL
强人所难			706		THUOCL
心狠手辣			706		THUOCL
无可置疑			706		THUOCL
若即若离			706		THUOCL
不分彼此			705		THUOCL
不费吹灰之力			705		THUOCL
八九不离十			704		THUOCL
南征北战			704		THUOCL
以退为进			703		THUOCL
不拘小节			701		THUOCL
死心塌地			701		THUOCL
汹涌澎湃			701		THUOCL
真枪实弹			700		THUOCL
损公肥私			699		THUOCL
温情脉脉			699		THUOCL
优哉游哉			698		THUOCL
天生丽质			698		THUOCL
摇头叹息			698		THUOCL
贤妻良母			698		THUOCL
贻笑大方			698		THUOCL
敢作敢为			697		THUOCL
斯文扫地			697		THUOCL
粗茶淡饭			697		THUOCL
以身殉职			696		THUOCL
缩手缩脚			695		THUOCL
趁虚而入			695		THUOCL
安安稳稳			694		THUOCL
死而复生			694		THUOCL
汗牛充栋			694		THUOCL
糖衣炮弹			694		THUOCL
出谋献策			692		THUOCL
家丑不可外扬			692		THUOCL
望洋兴叹			692		THUOCL
熟门熟路			691		THUOCL
短斤少两			691		THUOCL
礼仪之邦			691		THUOCL
蹑手蹑脚			691		THUOCL
鱼水深情			690		THUOCL
亡国灭种			689		THUOCL
一个巴掌拍不响			688		THUOCL
醍醐灌顶			688		THUOCL
化腐朽为神奇			687		THUOCL
一个萝卜一个坑			686		THUOCL
嫉恶如仇			686		THUOCL
欲速则不达			686		THUOCL
残破不堪			686		THUOCL
气象万千			686		THUOCL
名扬天下			685		THUOCL
盛气凌人			685		THUOCL
七上八下			684		THUOCL
多灾多难			684		THUOCL
安分守己			684		THUOCL
投鼠忌器			684		THUOCL
健步如飞			683		THUOCL
民怨沸腾			683		THUOCL
男女老少			683		THUOCL
赔了夫人又折兵			683		THUOCL
首善之区			683		THUOCL
大煞风景			682		THUOCL
妙不可言			682		THUOCL
直抒胸臆			682		THUOCL
相敬如宾			682		THUOCL
矢志不移			682		THUOCL
风云际会			682		THUOCL
不敢苟同			681		THUOCL
助纣为虐			681		THUOCL
昂首阔步			681		THUOCL
满城风雨			681		THUOCL
耳聪目明			680		THUOCL
几次三番			678		THUOCL
十万八千里			678		THUOCL
叶落归根			677		THUOCL
目光短浅			677		THUOCL
老死不相往来			677		THUOCL
进退维谷			677		THUOCL
文过饰非			676		THUOCL
灿烂辉煌			676		THUOCL
狐假虎威			676		THUOCL
百年好合			676		THUOCL
成败得失			675		THUOCL
浓妆艳抹			675		THUOCL
天下兴亡			674		THUOCL
谋财害命			674		THUOCL
改邪归正			673		THUOCL
一了百了			672		THUOCL
散兵游勇			671		THUOCL
事实胜于雄辩			670		THUOCL
天各一方			670		THUOCL
彪形大汉			670		THUOCL
恣意妄为			670		THUOCL
胆大包天			670		THUOCL
栉风沐雨			669		THUOCL
各持己见			668		THUOCL
徘徊不前			668		THUOCL
磨刀霍霍			668		THUOCL
一手遮天			667		THUOCL
一言难尽			667		THUOCL
杂七杂八			667		THUOCL
胜券在握			667		THUOCL
风言风语			667		THUOCL
不乏其人			666		THUOCL
十年寒窗			666		THUOCL
子子孙孙			665		THUOCL
瓮中捉鳖			665		THUOCL
血战到底			665		THUOCL
国色天香			664		THUOCL
少言寡语			664		THUOCL
战无不胜			664		THUOCL
拨云见日			663		THUOCL
虚晃一枪			663		THUOCL
如临深渊			662		THUOCL
空前绝后			662		THUOCL
精神焕发			662		THUOCL
缓兵之计			662		THUOCL
拍案而起			661		THUOCL
鸿篇巨制			661		THUOCL
凶神恶煞			660		THUOCL
巧妇难为无米之炊			660		THUOCL
朝思暮想			660		THUOCL
画蛇添足			660		THUOCL
大肆挥霍			658		THUOCL
改朝换代			658		THUOCL
胡搅蛮缠			658		THUOCL
乌合之众			657		THUOCL
大禹治水			657		THUOCL
无恶不作			657		THUOCL
空头支票			657		THUOCL
谁是谁非			657		THUOCL
神出鬼没			656		THUOCL
雄伟壮观			656		THUOCL
争风吃醋			655		THUOCL
引以为荣			655		THUOCL
姓甚名谁			654		THUOCL
滴水成冰			654		THUOCL
天下太平			653		THUOCL
忘恩负义			653		THUOCL
感情用事			653		THUOCL
长命百岁			653		THUOCL
传为美谈			652		THUOCL
容光焕发			652		THUOCL
照章办事			652		THUOCL
穷兵黩武			651		THUOCL
一路顺风			650		THUOCL
为国为民			650		THUOCL
雷霆万钧			650		THUOCL
半推半就			649		THUOCL
自食其果			649		THUOCL
茅塞顿开			648		THUOCL
蛊惑人心			648		THUOCL
头重脚轻			647		THUOCL
念兹在兹			647		THUOCL
趾高气扬			646		THUOCL
得而复失			645		THUOCL
随遇而安			645		THUOCL
形单影只			644		THUOCL
无用武之地			644		THUOCL
旧事重提			644		THUOCL
阴魂不散			644		THUOCL
死气沉沉			643		THUOCL
纲举目张			643		THUOCL
一言九鼎			642		THUOCL
滂沱大雨			642		THUOCL
话不投机			642		THUOCL
公说公有理			641		THUOCL
烟波浩渺			641		THUOCL
弹尽粮绝			640		THUOCL
人间正道是沧桑			639		THUOCL
快刀斩乱麻			639		THUOCL
投笔从戎			639		THUOCL
斗转星移			639		THUOCL
婆婆妈妈			638		THUOCL
豪情壮志			638		THUOCL
一失足成千古恨			637		THUOCL
十恶不赦			637		THUOCL
各尽所能			637		THUOCL
大展宏图			637		THUOCL
大惑不解			637		THUOCL
强弩之末			637		THUOCL
错上加错			637		THUOCL
令人满意			636		THUOCL
似懂非懂			636		THUOCL
得意洋洋			636		THUOCL
见财起意			636		THUOCL
言无不尽			636		THUOCL
由表及里			635		THUOCL
声东击西			634		THUOCL
捶胸顿足			634		THUOCL
令人捧腹			633		THUOCL
光辉灿烂			633		THUOCL
克敌制胜			633		THUOCL
歌功颂德			632		THUOCL
闭关锁国			632		THUOCL
动人心魄			631		THUOCL
关怀备至			630		THUOCL
避实就虚			628		THUOCL
鱼贯而出			628		THUOCL
高抬贵手			627		THUOCL
与世无争			626		THUOCL
心心念念			626		THUOCL
条分缕析			626		THUOCL
苦思冥想			626		THUOCL
伺机而动			625		THUOCL
迎风招展			625		THUOCL
闲言碎语			625		THUOCL
千人一面			624		THUOCL
唯唯诺诺			624		THUOCL
大雅之堂			624		THUOCL
提纲挈领			624		THUOCL
三思而行			623		THUOCL
调兵遣将			622		THUOCL
前言不搭后语			620		THUOCL
大吉大利			620		THUOCL
树欲静而风不止			620		THUOCL
适者生存			620		THUOCL
谆谆告诫			619		THUOCL
无坚不摧			618		THUOCL
长生不老			618		THUOCL
火树银花			617		THUOCL
眉开眼笑			617		THUOCL
语不惊人死不休			617		THUOCL
一手包办			616		THUOCL
四书五经			616		THUOCL
固若金汤			616		THUOCL
孤家寡人			616		THUOCL
无师自通			616		THUOCL
三顾茅庐			615		THUOCL
养精蓄锐			614		THUOCL
势不两立			614		THUOCL
大腹便便			614		THUOCL
歌舞升平			614		THUOCL
一往情深			613		THUOCL
优柔寡断			612		THUOCL
冥思苦想			612		THUOCL
结结巴巴			612		THUOCL
苦尽甘来			612		THUOCL
闻风而逃			612		THUOCL
杀人放火			611		THUOCL
不修边幅			610		THUOCL
大笔一挥			610		THUOCL
拉拉扯扯			610		THUOCL
眉毛胡子一把抓			610		THUOCL
营私舞弊			610		THUOCL
久别重逢			609		THUOCL
指鹿为马			609		THUOCL
枯燥无味			609		THUOCL
百闻不如一见			609		THUOCL
盖棺定论			609		THUOCL
悔过自新			608		THUOCL
泛泛而谈			608		THUOCL
投机倒把			607		THUOCL
奇谈怪论			606		THUOCL
赴汤蹈火			606		THUOCL
上下同心			605		THUOCL
众星捧月			604		THUOCL
出师不利			604		THUOCL
千真万确			604		THUOCL
博览群书			604		THUOCL
大材小用			604		THUOCL
教学相长			604		THUOCL
窥见一斑			604		THUOCL
腰缠万贯			604		THUOCL
追本溯源			604		THUOCL
饥不择食			604		THUOCL
乐不可支			603		THUOCL
单刀直入			603		THUOCL
吃大锅饭			603		THUOCL
和气生财			603		THUOCL
智者见智			603		THUOCL
民富国强			601		THUOCL
瓜熟蒂落			601		THUOCL
无的放矢			600		THUOCL
机关算尽			600		THUOCL
各不相让			599		THUOCL
大举进攻			599		THUOCL
天女散花			599		THUOCL
年逾花甲			599		THUOCL
满打满算			599		THUOCL
花拳绣腿			599		THUOCL
俯拾皆是			598		THUOCL
惨无人道			598		THUOCL
陈规陋习			598		THUOCL
一泻千里			597		THUOCL
一潭死水			597		THUOCL
无为而治			597		THUOCL
浮光掠影			597		THUOCL
得意门生			596		THUOCL
毕恭毕敬			596		THUOCL
零零星星			596		THUOCL
清官难断家务事			595		THUOCL
物极必反			595		THUOCL
笑而不答			595		THUOCL
荣华富贵			595		THUOCL
宁死不屈			594		THUOCL
日理万机			594		THUOCL
疑神疑鬼			594		THUOCL
光宗耀祖			593		THUOCL
图谋不轨			593		THUOCL
成竹在胸			593		THUOCL
精雕细刻			593		THUOCL
颠扑不破			593		THUOCL
忠心耿耿			592		THUOCL
勿以恶小而为之			591		THUOCL
反唇相讥			591		THUOCL
有钱有势			591		THUOCL
相持不下			591		THUOCL
返老还童			591		THUOCL
一花独放			589		THUOCL
哀鸿遍野			589		THUOCL
造谣中伤			589		THUOCL
十面埋伏			588		THUOCL
争强好胜			587		THUOCL
既往不咎			587		THUOCL
日进斗金			587		THUOCL
零敲碎打			587		THUOCL
飞扬跋扈			587		THUOCL
尔虞我诈			586		THUOCL
难兄难弟			586		THUOCL
喜新厌旧			585		THUOCL
因祸得福			584		THUOCL
自顾不暇			584		THUOCL
兹事体大			583		THUOCL
略胜一筹			583		THUOCL
鼎鼎大名			582		THUOCL
举不胜举			581		THUOCL
老当益壮			581		THUOCL
身外之物			581		THUOCL
众叛亲离			580		THUOCL
孤苦伶仃			580		THUOCL
心直口快			580		THUOCL
血肉相连			580		THUOCL
量力而为			580		THUOCL
飒爽英姿			580		THUOCL
魔高一丈			580		THUOCL
不惑之年			579		THUOCL
杀鸡儆猴			579		THUOCL
举世无双			578		THUOCL
千难万险			578		THUOCL
赶尽杀绝			578		THUOCL
名落孙山			577		THUOCL
沧海一粟			577		THUOCL
洋洋得意			577		THUOCL
胆大心细			577		THUOCL
以貌取人			576		THUOCL
拐弯抹角			576		THUOCL
表里不一			576		THUOCL
乐极生悲			575		THUOCL
解铃还须系铃人			575		THUOCL
疾风骤雨			574		THUOCL
牙牙学语			573		THUOCL
三更半夜			572		THUOCL
公而忘私			572		THUOCL
天长日久			572		THUOCL
情同手足			572		THUOCL
无边无际			572		THUOCL
有样学样			571		THUOCL
行尸走肉			571		THUOCL
忿忿不平			570		THUOCL
息息相通			570		THUOCL
挑三拣四			570		THUOCL
春风吹又生			570		THUOCL
龙腾虎跃			570		THUOCL
君子之交淡如水			569		THUOCL
奇货可居			569		THUOCL
言而无信			569		THUOCL
慷慨陈词			568		THUOCL
救人一命			568		THUOCL
匠心独具			567		THUOCL
画地为牢			567		THUOCL
龙马精神			567		THUOCL
人丁兴旺			566		THUOCL
悔之晚矣			566		THUOCL
无机可乘			566		THUOCL
结党营私			566		THUOCL
荒诞不经			566		THUOCL
生不逢时			565		THUOCL
百花争艳			565		THUOCL
盲人摸象			565		THUOCL
神来之笔			565		THUOCL
为民请命			564		THUOCL
寥寥可数			564		THUOCL
恃强凌弱			564		THUOCL
腹背受敌			564		THUOCL
丢三落四			563		THUOCL
为富不仁			563		THUOCL
得意忘形			563		THUOCL
厚颜无耻			562		THUOCL
响彻云霄			562		THUOCL
大家闺秀			562		THUOCL
三长两短			561		THUOCL
万水千山			560		THUOCL
斩草除根			560		THUOCL
假戏真做			558		THUOCL
坚贞不屈			558		THUOCL
解囊相助			558		THUOCL
过眼云烟			558		THUOCL
挥霍无度			557		THUOCL
管中窥豹			557		THUOCL
草菅人命			557		THUOCL
寒来暑往			556		THUOCL
发愤图强			555		THUOCL
扬汤止沸			555		THUOCL
沉渣泛起			555		THUOCL
舍生取义			555		THUOCL
苟延残喘			554		THUOCL
鲜艳夺目			553		THUOCL
和颜悦色			552		THUOCL
索然无味			551		THUOCL
作壁上观			550		THUOCL
颜面扫地			550		THUOCL
别无二致			549		THUOCL
沾亲带故			549		THUOCL
独此一家			549		THUOCL
离乡背井			549		THUOCL
进退失据			549		THUOCL
隔岸观火			549		THUOCL
兴趣盎然			548		THUOCL
挑肥拣瘦			548		THUOCL
腥风血雨			548		THUOCL
认祖归宗			548		THUOCL
贯彻始终			548		THUOCL
人仰马翻			547		THUOCL
开怀畅饮			547		THUOCL
不徇私情			546		THUOCL
波澜起伏			546		THUOCL
涂脂抹粉			546		THUOCL
何乐不为			545		THUOCL
六亲不认			545		THUOCL
通情达理			545		THUOCL
冷暖自知			544		THUOCL
孤芳自赏			544		THUOCL
富可敌国			544		THUOCL
弦外之音			544		THUOCL
无妄之灾			544		THUOCL
真凭实据			544		THUOCL
长江后浪推前浪			544		THUOCL
人情冷暖			543		THUOCL
不学无术			542		THUOCL
世道人心			541		THUOCL
浪子回头			541		THUOCL
阿谀奉承			541		THUOCL
天朗气清			540		THUOCL
百尺竿头更进一步			540		THUOCL
绝处逢生			540		THUOCL
自我牺牲			540		THUOCL
三下五除二			539		THUOCL
不值一驳			539		THUOCL
巧舌如簧			539		THUOCL
无可匹敌			539		THUOCL
造谣惑众			538		THUOCL
鳏寡孤独			538		THUOCL
引吭高歌			537		THUOCL
蜂拥而入			537		THUOCL
轻手轻脚			537		THUOCL
层峦叠嶂			536		THUOCL
推三阻四			536		THUOCL
晚节不保			536		THUOCL
行百里者半九十			536		THUOCL
树大招风			535		THUOCL
眉清目秀			535		THUOCL
英雄辈出			535		THUOCL
奉公守法			533		THUOCL
身家性命			533		THUOCL
道高一尺			533		THUOCL
不能自已			532		THUOCL
歪打正着			532		THUOCL
火急火燎			532		THUOCL
真情实意			532		THUOCL
鱼死网破			532		THUOCL
临阵脱逃			531		THUOCL
猴年马月			531		THUOCL
略知一二			531		THUOCL
百发百中			531		THUOCL
喜形于色			530		THUOCL
从中作梗			529		THUOCL
吃一堑长一智			529		THUOCL
作茧自缚			528		THUOCL
品头论足			528		THUOCL
玩世不恭			528		THUOCL
世风日下			527		THUOCL
其乐无穷			527		THUOCL
星火燎原			527		THUOCL
瘦骨嶙峋			527		THUOCL
明察秋毫			526		THUOCL
鱼贯而入			526		THUOCL
反败为胜			525		THUOCL
熙来攘往			525		THUOCL
翻云覆雨			525		THUOCL
人人有份			524		THUOCL
失魂落魄			524		THUOCL
惜字如金			524		THUOCL
贻害无穷			524		THUOCL
远走高飞			524		THUOCL
有头有脸			523		THUOCL
等闲视之			523		THUOCL
纷纷扰扰			523		THUOCL
虚怀若谷			523		THUOCL
首尾相连			522		THUOCL
五体投地			521		THUOCL
画饼充饥			521		THUOCL
虚与委蛇			521		THUOCL
黑白分明			521		THUOCL
与民同乐			520		THUOCL
争权夺利			520		THUOCL
学贯中西			519		THUOCL
徒有虚名			519		THUOCL
滔天罪行			519		THUOCL
万古长青			517		THUOCL
十之八九			517		THUOCL
水天一色			517		THUOCL
爱憎分明			517		THUOCL
生死相依			517		THUOCL
白驹过隙			517		THUOCL
食不果腹			517		THUOCL
鱼与熊掌			517		THUOCL
地主之谊			516		THUOCL
心动不如行动			516		THUOCL
旗开得胜			516		THUOCL
熟能生巧			516		THUOCL
反客为主			515		THUOCL
翻江倒海			515		THUOCL
锋芒毕露			515		THUOCL
下里巴人			514		THUOCL
各色各样			514		THUOCL
大权独揽			514		THUOCL
点头称是			514		THUOCL
言之有理			514		THUOCL
习惯成自然			513		THUOCL
偷鸡摸狗			513		THUOCL
生灵涂炭			513		THUOCL
一叶障目			512		THUOCL
打肿脸充胖子			512		THUOCL
玉汝于成			512		THUOCL
一举成功			511		THUOCL
一颦一笑			511		THUOCL
孑然一身			511		THUOCL
置之度外			511		THUOCL
不白之冤			510		THUOCL
吐故纳新			509		THUOCL
渔翁得利			509		THUOCL
胆小怕事			509		THUOCL
金童玉女			509		THUOCL
丧权辱国			508		THUOCL
出淤泥而不染			508		THUOCL
招贤纳士			508		THUOCL
破涕为笑			508		THUOCL
言不由衷			508		THUOCL
道貌岸然			508		THUOCL
不问青红皂白			507		THUOCL
为民除害			507		THUOCL
忠贞不渝			507		THUOCL
柳暗花明又一村			507		THUOCL
碧空如洗			507		THUOCL
骄奢淫逸			507		THUOCL
兼听则明			506		THUOCL
名满天下			506		THUOCL
心慈手软			506		THUOCL
具体而微			505		THUOCL
悲天悯人			505		THUOCL
一刀两断			504		THUOCL
一官半职			504		THUOCL
吃不了兜着走			504		THUOCL
固执己见			504		THUOCL
无可救药			504		THUOCL
鹿死谁手			504		THUOCL
妄自尊大			503		THUOCL
江河日下			503		THUOCL
三心二意			502		THUOCL
囫囵吞枣			502		THUOCL
各显其能			501		THUOCL
夫唱妇随			501		THUOCL
花枝招展			501		THUOCL
饱经风霜			501		THUOCL
丝丝入扣			499		THUOCL
含饴弄孙			499		THUOCL
揠苗助长			499		THUOCL
满山遍野			499		THUOCL
七情六欲			498		THUOCL
以柔克刚			498		THUOCL
偏听偏信			498		THUOCL
枕戈待旦			498		THUOCL
破旧立新			498		THUOCL
闭门不出			498		THUOCL
头昏眼花			497		THUOCL
有百害而无一利			497		THUOCL
破镜重圆			497		THUOCL
罄竹难书			497		THUOCL
魂飞魄散			497		THUOCL
毫无疑义			496		THUOCL
针尖对麦芒			496		THUOCL
动人心弦			495		THUOCL
信口雌黄			494		THUOCL
暗无天日			494		THUOCL
血流成河			494		THUOCL
厉兵秣马			493		THUOCL
愤世嫉俗			493		THUOCL
打情骂俏			493		THUOCL
兵临城下			492		THUOCL
心如刀割			492		THUOCL
慈眉善目			492		THUOCL
有伤风化			492		THUOCL
精忠报国			492		THUOCL
红杏出墙			492		THUOCL
街坊四邻			492		THUOCL
口惠而实不至			491		THUOCL
腾云驾雾			491		THUOCL
藏龙卧虎			491		THUOCL
风烛残年			491		THUOCL
三头六臂			490		THUOCL
高不成低不就			490		THUOCL
鬼迷心窍			490		THUOCL
后发制人			489		THUOCL
挥洒自如			489		THUOCL
文武双全			489		THUOCL
狼狈为奸			489		THUOCL
公事公办			488		THUOCL
别有风味			488		THUOCL
义正辞严			487		THUOCL
貌合神离			487		THUOCL
金科玉律			487		THUOCL
借酒浇愁			486		THUOCL
狗急跳墙			486		THUOCL
男尊女卑			486		THUOCL
花里胡哨			486		THUOCL
装腔作势			486		THUOCL
隔行如隔山			486		THUOCL
头痛医头脚痛医脚			485		THUOCL
无病呻吟			485		THUOCL
本固邦宁			484		THUOCL
兵荒马乱			483		THUOCL
忆苦思甜			483		THUOCL
气吞山河			483		THUOCL
入情入理			482		THUOCL
奇花异草			482		THUOCL
摧枯拉朽			482		THUOCL
事不宜迟			481		THUOCL
常胜将军			481		THUOCL
自相残杀			481		THUOCL
铮铮铁骨			481		THUOCL
卧虎藏龙			480		THUOCL
变化莫测			480		THUOCL
周游列国			480		THUOCL
奇耻大辱			480		THUOCL
妙手回春			480		THUOCL
山崩地裂			480		THUOCL
难舍难分			480		THUOCL
如入无人之境			479		THUOCL
祸国殃民			479		THUOCL
稳操胜券			479		THUOCL
以毒攻毒			477		THUOCL
凶相毕露			477		THUOCL
不惜工本			476		THUOCL
坐冷板凳			476		THUOCL
有始有终			476		THUOCL
风雪交加			476		THUOCL
切中时弊			475		THUOCL
前仰后合			475		THUOCL
天昏地暗			475		THUOCL
悲观厌世			475		THUOCL
珠光宝气			475		THUOCL
此地无银三百两			474		THUOCL
生死与共			474		THUOCL
一来一往			473		THUOCL
必先利其器			473		THUOCL
用武之地			473		THUOCL
事必躬亲			471		THUOCL
春捂秋冻			471		THUOCL
血光之灾			471		THUOCL
金戈铁马			471		THUOCL
国富民强			470		THUOCL
多愁善感			470		THUOCL
多难兴邦			470		THUOCL
大逆不道			470		THUOCL
千里之行			469		THUOCL
在劫难逃			469		THUOCL
昏天黑地			469		THUOCL
灰心丧气			469		THUOCL
精兵简政			468		THUOCL
自讨苦吃			468		THUOCL
不谋其政			467		THUOCL
卖官鬻爵			467		THUOCL
后会无期			467		THUOCL
如此而已			466		THUOCL
恍如隔世			466		THUOCL
死不瞑目			466		THUOCL
由近及远			466		THUOCL
情窦初开			465		THUOCL
聚众滋事			464		THUOCL
一不做二不休			463		THUOCL
悲从中来			463		THUOCL
一望无垠			462		THUOCL
不管三七二十一			462		THUOCL
卿卿我我			462		THUOCL
噤若寒蝉			462		THUOCL
一吐为快			461		THUOCL
畸轻畸重			461		THUOCL
经营惨淡			461		THUOCL
铁板钉钉			461		THUOCL
中庸之道			460		THUOCL
去粗取精			460		THUOCL
口是心非			460		THUOCL
瑞雪兆丰年			460		THUOCL
至理名言			459		THUOCL
苍松翠柏			459		THUOCL
一哄而起			458		THUOCL
作恶多端			458		THUOCL
分毫不差			458		THUOCL
刻舟求剑			458		THUOCL
大喜过望			458		THUOCL
物华天宝			458		THUOCL
百依百顺			458		THUOCL
自作自受			458		THUOCL
草草了事			458		THUOCL
逍遥自在			458		THUOCL
卓尔不群			457		THUOCL
工欲善其事			457		THUOCL
想入非非			457		THUOCL
才子佳人			457		THUOCL
智勇双全			457		THUOCL
荒郊野外			457		THUOCL
可望而不可即			456		THUOCL
大步流星			456		THUOCL
斯斯文文			456		THUOCL
泰然自若			456		THUOCL
藕断丝连			456		THUOCL
财源广进			456		THUOCL
闻过则喜			456		THUOCL
尾大不掉			455		THUOCL
宠辱不惊			454		THUOCL
山雨欲来风满楼			454		THUOCL
泰然处之			454		THUOCL
自身难保			454		THUOCL
虎头虎脑			454		THUOCL
一病不起			453		THUOCL
深明大义			453		THUOCL
善男信女			452		THUOCL
尊师重道			452		THUOCL
故步自封			452		THUOCL
无迹可寻			452		THUOCL
能言善辩			452		THUOCL
骁勇善战			452		THUOCL
不能忘怀			451		THUOCL
家有儿女			451		THUOCL
常备不懈			451		THUOCL
心存芥蒂			451		THUOCL
各执己见			450		THUOCL
拂袖而去			450		THUOCL
敲山震虎			450		THUOCL
无出其右			450		THUOCL
老骥伏枥			450		THUOCL
襟怀坦白			450		THUOCL
八面玲珑			449		THUOCL
垂死挣扎			449		THUOCL
战战兢兢			449		THUOCL
比翼双飞			449		THUOCL
童叟无欺			449		THUOCL
说时迟那时快			449		THUOCL
丢人现眼			448		THUOCL
永不磨灭			448		THUOCL
自愧不如			448		THUOCL
串通一气			447		THUOCL
居心不良			447		THUOCL
老谋深算			447		THUOCL
人事不省			446		THUOCL
合而为一			446		THUOCL
因时制宜			446		THUOCL
粗枝大叶			446		THUOCL
言而有信			446		THUOCL
聊胜于无			445		THUOCL
精明能干			444		THUOCL
问寒问暖			444		THUOCL
一元复始			443		THUOCL
哑然失笑			443		THUOCL
啧有烦言			443		THUOCL
礼义廉耻			443		THUOCL
颠倒是非			443		THUOCL
漫无边际			442		THUOCL
男女有别			442		THUOCL
老态龙钟			442		THUOCL
冲昏头脑			441		THUOCL
坐收渔利			441		THUOCL
感恩戴德			441		THUOCL
感激涕零			441		THUOCL
童心未泯			441		THUOCL
天方夜谭			440		THUOCL
捉摸不定			440		THUOCL
极目远眺			440		THUOCL
气宇轩昂			440		THUOCL
扭扭捏捏			439		THUOCL
见钱眼开			439		THUOCL
高深莫测			439		THUOCL
左右开弓			438		THUOCL
狂风骤雨			438		THUOCL
靠水吃水			438		THUOCL
面黄肌瘦			438		THUOCL
有勇有谋			437		THUOCL
百口莫辩			437		THUOCL
高山仰止			437		THUOCL
兴师问罪			436		THUOCL
水滴石穿			436		THUOCL
大书特书			435		THUOCL
心腹大患			435		THUOCL
恩将仇报			434		THUOCL
改天换地			434		THUOCL
人间地狱			433		THUOCL
弥天大谎			433		THUOCL
放长线钓大鱼			433		THUOCL
来者不善			433		THUOCL
古道热肠			432		THUOCL
奔流不息			432		THUOCL
幡然悔悟			432		THUOCL
曲终人散			432		THUOCL
谦谦君子			432		THUOCL
龙飞凤舞			432		THUOCL
丈二和尚摸不着头脑			431		THUOCL
鸡犬升天			431		THUOCL
怀才不遇			430		THUOCL
手到擒来			430		THUOCL
故态复萌			430		THUOCL
人心不古			429		THUOCL
余音绕梁			429		THUOCL
千里之堤			429		THUOCL
触类旁通			429		THUOCL
分而治之			428		THUOCL
师出有名			428		THUOCL
数典忘祖			428		THUOCL
滚瓜烂熟			428		THUOCL
及时行乐			427		THUOCL
战天斗地			427		THUOCL
楚楚动人			427		THUOCL
何必当初			426		THUOCL
半死不活			426		THUOCL
干净利索			426		THUOCL
海誓山盟			426		THUOCL
臭不可闻			426		THUOCL
虚情假意			426		THUOCL
一统天下			425		THUOCL
肝肠寸断			425		THUOCL
不露声色			424		THUOCL
分外妖娆			424		THUOCL
删繁就简			424		THUOCL
自吹自擂			424		THUOCL
魔高一尺			424		THUOCL
打入冷宫			423		THUOCL
转眼之间			423		THUOCL
三教九流			422		THUOCL
人心涣散			422		THUOCL
同床异梦			422		THUOCL
如胶似漆			422		THUOCL
旖旎风光			422		THUOCL
群起而攻之			422		THUOCL
龇牙咧嘴			422		THUOCL
人无完人			421		THUOCL
糊里糊涂			421		THUOCL
鸡飞狗跳			421		THUOCL
世态炎凉			420		THUOCL
以德报怨			420		THUOCL
朝发夕至			420		THUOCL
欢声雷动			420		THUOCL
盛情难却			420		THUOCL
罪加一等			420		THUOCL
谈虎色变			420		THUOCL
乔迁之喜			419		THUOCL
大雨如注			419		THUOCL
庞然大物			419		THUOCL
殃及池鱼			419		THUOCL
塞上江南			418		THUOCL
授人以柄			418		THUOCL
瓜田李下			418		THUOCL
群英荟萃			418		THUOCL
论功行赏			418		THUOCL
不三不四			417		THUOCL
东施效颦			417		THUOCL
乘人之危			417		THUOCL
人亡政息			417		THUOCL
壮志豪情			417		THUOCL
妖魔鬼怪			417		THUOCL
小家子气			417		THUOCL
拱手相让			417		THUOCL
时势造英雄			417		THUOCL
起承转合			417		THUOCL
远涉重洋			417		THUOCL
饭来张口			417		THUOCL
削足适履			416		THUOCL
形势逼人			416		THUOCL
五雷轰顶			415		THUOCL
功名利禄			415		THUOCL
抱成一团			415		THUOCL
百战不殆			415		THUOCL
良辰吉日			415		THUOCL
不堪入耳			414		THUOCL
奖罚分明			414		THUOCL
洋为中用			414		THUOCL
入室弟子			413		THUOCL
国难当头			413		THUOCL
孟母三迁			413		THUOCL
泪如泉涌			413		THUOCL
生气勃勃			413		THUOCL
附庸风雅			413		THUOCL
一语双关			412		THUOCL
寓意深远			412		THUOCL
弃之可惜			412		THUOCL
若有若无			412		THUOCL
闲情逸致			412		THUOCL
半生不熟			411		THUOCL
牛郎织女			411		THUOCL
百战百胜			411		THUOCL
莺歌燕舞			411		THUOCL
财迷心窍			411		THUOCL
集腋成裘			411		THUOCL
飞禽走兽			411		THUOCL
事不关己高高挂起			410		THUOCL
倾巢而出			410		THUOCL
披头散发			410		THUOCL
皮之不存			410		THUOCL
风霜雨雪			410		THUOCL
咬紧牙关			409		THUOCL
天涯若比邻			409		THUOCL
汗如雨下			409		THUOCL
目中无人			409		THUOCL
道高一丈			409		THUOCL
揭竿而起			408		THUOCL
束手束脚			408		THUOCL
拍案惊奇			407		THUOCL
追根究底			407		THUOCL
大家风范			406		THUOCL
昼夜兼程			406		THUOCL
三十六计			405		THUOCL
事后诸葛亮			405		THUOCL
稳如泰山			405		THUOCL
面不改色			405		THUOCL
情非得已			404		THUOCL
搬弄是非			404		THUOCL
望穿秋水			404		THUOCL
叠床架屋			403		THUOCL
风姿绰约			403		THUOCL
黔驴技穷			403		THUOCL
百般刁难			402		THUOCL
闲杂人等			402		THUOCL
不可救药			401		THUOCL
影影绰绰			401		THUOCL
无亲无故			401		THUOCL
殷鉴不远			401		THUOCL
奉为圭臬			400		THUOCL
火中取栗			400		THUOCL
生财有道			400		THUOCL
笼络人心			400		THUOCL
不破不立			399		THUOCL
依葫芦画瓢			399		THUOCL
化零为整			399		THUOCL
惶惶不安			399		THUOCL
造谣生事			399		THUOCL
黄道吉日			399		THUOCL
上情下达			398		THUOCL
开山鼻祖			398		THUOCL
野火烧不尽			398		THUOCL
一鼻子灰			397		THUOCL
倾巢出动			397		THUOCL
大器晚成			397		THUOCL
嬉皮笑脸			397		THUOCL
皮开肉绽			397		THUOCL
诲人不倦			397		THUOCL
一步登天			396		THUOCL
个中滋味			396		THUOCL
但求无过			396		THUOCL
安之若素			396		THUOCL
洛阳纸贵			396		THUOCL
伶牙俐齿			395		THUOCL
前所未闻			395		THUOCL
夜郎自大			395		THUOCL
有鼻子有眼			395		THUOCL
一毛不拔			394		THUOCL
故土难离			394		THUOCL
果然如此			394		THUOCL
甘拜下风			394		THUOCL
冷言冷语			393		THUOCL
如履平地			393		THUOCL
毛将焉附			392		THUOCL
百鸟朝凤			392		THUOCL
花前月下			392		THUOCL
多快好省			391		THUOCL
大江东去			391		THUOCL
开门七件事			391		THUOCL
挂一漏万			391		THUOCL
朝不保夕			391		THUOCL
犬牙交错			391		THUOCL
人定胜天			390		THUOCL
满脸堆笑			390		THUOCL
鸠占鹊巢			390		THUOCL
作奸犯科			389		THUOCL
吃喝玩乐			389		THUOCL
回头是岸			389		THUOCL
天作之合			389		THUOCL
满腔热血			389		THUOCL
绵延不断			389		THUOCL
顷刻之间			389		THUOCL
鱼米之乡			389		THUOCL
从一而终			388		THUOCL
命途多舛			388		THUOCL
急流勇退			388		THUOCL
流芳百世			388		THUOCL
玩物丧志			388		THUOCL
矫揉造作			388		THUOCL
乐不思蜀			387		THUOCL
含沙射影			387		THUOCL
四面出击			387		THUOCL
文以载道			387		THUOCL
此起彼落			387		THUOCL
养生之道			385		THUOCL
自取灭亡			385		THUOCL
九霄云外			384		THUOCL
动辄得咎			384		THUOCL
叶公好龙			384		THUOCL
名扬四海			384		THUOCL
封官许愿			384		THUOCL
睁一眼闭一眼			384		THUOCL
声色犬马			383		THUOCL
如梦方醒			383		THUOCL
寸土不让			383		THUOCL
欺世盗名			383		THUOCL
水调歌头			383		THUOCL
至圣先师			383		THUOCL
侠肝义胆			382		THUOCL
千难万难			382		THUOCL
夜长梦多			382		THUOCL
富甲一方			382		THUOCL
执法如山			382		THUOCL
目不识丁			382		THUOCL
纵横驰骋			382		THUOCL
罪孽深重			382		THUOCL
万里无云			381		THUOCL
乘兴而来			381		THUOCL
劳燕分飞			381		THUOCL
打马虎眼			381		THUOCL
粉饰太平			381		THUOCL
自怨自艾			381		THUOCL
钢筋铁骨			381		THUOCL
齐天大圣			381		THUOCL
不落俗套			380		THUOCL
仓皇出逃			380		THUOCL
新婚燕尔			380		THUOCL
蔚为大观			380		THUOCL
鸣金收兵			380		THUOCL
不以为耻			379		THUOCL
不求有功			379		THUOCL
口说无凭			379		THUOCL
无远弗届			379		THUOCL
百花盛开			379		THUOCL
自有公论			379		THUOCL
不舍昼夜			378		THUOCL
书声琅琅			377		THUOCL
无立足之地			377		THUOCL
白头到老			377		THUOCL
自甘堕落			377		THUOCL
喜怒无常			376		THUOCL
志士仁人			376		THUOCL
笑口常开			376		THUOCL
自惭形秽			376		THUOCL
东挪西借			375		THUOCL
九泉之下			375		THUOCL
怒发冲冠			375		THUOCL
无巧不成书			375		THUOCL
刀耕火种			374		THUOCL
名垂青史			374		THUOCL
心怀鬼胎			374		THUOCL
重振旗鼓			374		THUOCL
两肋插刀			373		THUOCL
井水不犯河水			373		THUOCL
出头之日			373		THUOCL
萍水相逢			373		THUOCL
不足挂齿			372		THUOCL
不骄不躁			372		THUOCL
仁至义尽			372		THUOCL
忙中出错			372		THUOCL
断子绝孙			372		THUOCL
烽火连天			372		THUOCL
大难临头			371		THUOCL
欲擒故纵			371		THUOCL
波谲云诡			371		THUOCL
舞文弄墨			371		THUOCL
迷惑不解			371		THUOCL
坐卧不安			370		THUOCL
瑕不掩瑜			370		THUOCL
等量齐观			370		THUOCL
锦衣玉食			370		THUOCL
风流韵事			370		THUOCL
高头大马			370		THUOCL
借尸还魂			369		THUOCL
光阴荏苒			369		THUOCL
放荡不羁			369		THUOCL
活到老学到老			369		THUOCL
生杀予夺			369		THUOCL
穷则思变			369		THUOCL
迎头痛击			369		THUOCL
倚老卖老			368		THUOCL
心术不正			368		THUOCL
拍板定案			368		THUOCL
榜上无名			368		THUOCL
求知若渴			368		THUOCL
装疯卖傻			368		THUOCL
只欠东风			367		THUOCL
弄假成真			367		THUOCL
沧海横流			367		THUOCL
火烧眉毛			367		THUOCL
白山黑水			367		THUOCL
眉来眼去			367		THUOCL
衣冠楚楚			367		THUOCL
兵不血刃			366		THUOCL
名不正言不顺			366		THUOCL
无米之炊			366		THUOCL
渔翁之利			366		THUOCL
满园春色			366		THUOCL
痴心妄想			366		THUOCL
真命天子			366		THUOCL
一石二鸟			365		THUOCL
伤风败俗			365		THUOCL
未老先衰			365		THUOCL
查无实据			365		THUOCL
满腹牢骚			365		THUOCL
狐朋狗友			365		THUOCL
狐狸尾巴			365		THUOCL
锦囊妙计			365		THUOCL
鸡犬不宁			365		THUOCL
喝西北风			364		THUOCL
搔首弄姿			364		THUOCL
自我解嘲			364		THUOCL
不预则废			363		THUOCL
以天下为己任			363		THUOCL
大动肝火			363		THUOCL
大费周折			363		THUOCL
百密一疏			363		THUOCL
为虎作伥			362		THUOCL
初露锋芒			362		THUOCL
千秋万代			362		THUOCL
时来运转			362		THUOCL
死无对证			362		THUOCL
浩然之气			362		THUOCL
精诚所至			362		THUOCL
血迹斑斑			362		THUOCL
家财万贯			361		THUOCL
民脂民膏			361		THUOCL
待字闺中			360		THUOCL
无则加勉			360		THUOCL
反戈一击			359		THUOCL
唱对台戏			359		THUOCL
寻欢作乐			359		THUOCL
溘然长逝			359		THUOCL
邪不压正			359		THUOCL
形形色色			358		THUOCL
有一搭没一搭			358		THUOCL
止于至善			358		THUOCL
永无宁日			358		THUOCL
天不怕地不怕			357		THUOCL
树碑立传			357		THUOCL
青出于蓝而胜于蓝			357		THUOCL
鼎鼎有名			357		THUOCL
宽以待人			356		THUOCL
岂有此理			356		THUOCL
差之毫厘			356		THUOCL
百无禁忌			356		THUOCL
自鸣得意			356		THUOCL
落英缤纷			356		THUOCL
除暴安良			356		THUOCL
见风使舵			355		THUOCL
赶鸭子上架			355		THUOCL
迅雷不及掩耳			355		THUOCL
醉生梦死			355		THUOCL
风流倜傥			355		THUOCL
不见天日			354		THUOCL
悠闲自在			354		THUOCL
抖擞精神			354		THUOCL
口不择言			353		THUOCL
烂醉如泥			353		THUOCL
盖棺论定			353		THUOCL
颠三倒四			353		THUOCL
两厢情愿			352		THUOCL
安危与共			352		THUOCL
临阵磨枪			351		THUOCL
刺刀见红			351		THUOCL
大开大合			351		THUOCL
忠言逆耳			351		THUOCL
悬崖绝壁			351		THUOCL
金石为开			351		THUOCL
一声不响			350		THUOCL
孤陋寡闻			350		THUOCL
抓耳挠腮			350		THUOCL
拔刀相助			350		THUOCL
温故知新			350		THUOCL
百炼成钢			350		THUOCL
难解难分			350		THUOCL
千恩万谢			349		THUOCL
字字珠玑			349		THUOCL
屏气凝神			349		THUOCL
花红柳绿			349		THUOCL
天高皇帝远			348		THUOCL
疾恶如仇			348		THUOCL
繁荣兴旺			348		THUOCL
鞭辟入里			348		THUOCL
大做文章			347		THUOCL
师道尊严			347		THUOCL
披麻戴孝			347		THUOCL
等闲之辈			347		THUOCL
聪明智慧			347		THUOCL
奇珍异宝			346		THUOCL
欲壑难填			346		THUOCL
狡兔三窟			346		THUOCL
远水解不了近渴			346		THUOCL
风行一时			346		THUOCL
上梁不正下梁歪			345		THUOCL
木已成舟			345		THUOCL
粮草先行			345		THUOCL
招财进宝			344		THUOCL
推崇备至			344		THUOCL
自寻短见			344		THUOCL
卓有成就			343		THUOCL
孤军作战			343		THUOCL
害人不浅			343		THUOCL
虚虚实实			343		THUOCL
足智多谋			343		THUOCL
祸从天降			342		THUOCL
青天白日			342		THUOCL
全民皆兵			341		THUOCL
纨绔子弟			341		THUOCL
赏罚分明			341		THUOCL
逼上梁山			341		THUOCL
避人耳目			341		THUOCL
问长问短			341		THUOCL
一语不发			340		THUOCL
不分伯仲			340		THUOCL
不知怎的			340		THUOCL
十里洋场			340		THUOCL
官运亨通			340		THUOCL
小家碧玉			340		THUOCL
庸人自扰			340		THUOCL
洁身自爱			340		THUOCL
满腹经纶			340		THUOCL
知人善任			340		THUOCL
赤胆忠心			340		THUOCL
卑躬屈膝			339		THUOCL
掩鼻而过			339		THUOCL
深山密林			339		THUOCL
盛名之下			339		THUOCL
讲信修睦			339		THUOCL
空洞无物			338		THUOCL
绵绵不绝			338		THUOCL
兴利除弊			337		THUOCL
功败垂成			337		THUOCL
壮志未酬			337		THUOCL
左支右绌			337		THUOCL
眼观六路			337		THUOCL
请君入瓮			337		THUOCL
过河拆桥			337		THUOCL
含情脉脉			336		THUOCL
忧心如焚			336		THUOCL
怅然若失			336		THUOCL
急起直追			336		THUOCL
玲珑剔透			336		THUOCL
神魂颠倒			336		THUOCL
道高一尺魔高一丈			336		THUOCL
名闻遐迩			335		THUOCL
女扮男装			335		THUOCL
得道多助			335		THUOCL
丑态百出			334		THUOCL
滑天下之大稽			334		THUOCL
狂妄自大			334		THUOCL
甘之如饴			334		THUOCL
相视而笑			334		THUOCL
臭味相投			334		THUOCL
高出一筹			334		THUOCL
鼓乐齐鸣			334		THUOCL
凡夫俗子			333		THUOCL
只此一家			333		THUOCL
探头探脑			333		THUOCL
真心真意			333		THUOCL
破绽百出			333		THUOCL
祸从口出			333		THUOCL
苦心孤诣			333		THUOCL
九天揽月			332		THUOCL
以弱胜强			332		THUOCL
身体发肤			332		THUOCL
历尽沧桑			331		THUOCL
普天之下			331		THUOCL
月黑风高			331		THUOCL
缠绵悱恻			331		THUOCL
缺衣少食			331		THUOCL
飞蛾扑火			331		THUOCL
与人方便			330		THUOCL
十拿九稳			330		THUOCL
如泣如诉			330		THUOCL
山高水长			330		THUOCL
欢喜冤家			330		THUOCL
溃于蚁穴			330		THUOCL
一分一毫			329		THUOCL
千古绝唱			329		THUOCL
恬不知耻			329		THUOCL
杨柳依依			329		THUOCL
下情上达			328		THUOCL
满面春风			328		THUOCL
落日余晖			328		THUOCL
鞍前马后			328		THUOCL
养痈遗患			327		THUOCL
大而无当			327		THUOCL
振臂一呼			327		THUOCL
浪迹天涯			327		THUOCL
长吁短叹			327		THUOCL
面目狰狞			327		THUOCL
飞沙走石			327		THUOCL
夜不闭户			326		THUOCL
自我表现			326		THUOCL
蝇营狗苟			326		THUOCL
逼不得已			326		THUOCL
下自成蹊			325		THUOCL
悬崖峭壁			325		THUOCL
真金不怕火炼			325		THUOCL
另谋高就			324		THUOCL
四海一家			324		THUOCL
坚强不屈			324		THUOCL
怵目惊心			324		THUOCL
明日黄花			324		THUOCL
洋洋自得			324		THUOCL
百年难遇			324		THUOCL
睹物思人			324		THUOCL
蛮横无理			324		THUOCL
迂回曲折			324		THUOCL
鸟枪换炮			324		THUOCL
摇摇摆摆			323		THUOCL
杀气腾腾			323		THUOCL
来而不往非礼也			323		THUOCL
万全之策			322		THUOCL
夙兴夜寐			322		THUOCL
置之死地而后生			322		THUOCL
顽固不化			322		THUOCL
作威作福			321		THUOCL
威风八面			321		THUOCL
巾帼英雄			321		THUOCL
恍若隔世			321		THUOCL
离心离德			321		THUOCL
逢凶化吉			321		THUOCL
东拉西扯			320		THUOCL
以暴易暴			320		THUOCL
前人栽树			320		THUOCL
师出无名			320		THUOCL
成人之美			320		THUOCL
满盘皆输			320		THUOCL
衣来伸手			320		THUOCL
仁者见仁智者见智			319		THUOCL
先礼后兵			319		THUOCL
寸土必争			319		THUOCL
桃红柳绿			319		THUOCL
没有不透风的墙			319		THUOCL
秀色可餐			319		THUOCL
随声附和			319		THUOCL
万箭穿心			318		THUOCL
信马由缰			318		THUOCL
威武不能屈			318		THUOCL
成王败寇			317		THUOCL
桃李不言			317		THUOCL
浩气长存			317		THUOCL
精妙绝伦			317		THUOCL
不留余地			316		THUOCL
仰面朝天			316		THUOCL
兵马未动			316		THUOCL
姑息养奸			316		THUOCL
孤掌难鸣			316		THUOCL
戎马生涯			316		THUOCL
楚河汉界			316		THUOCL
欺人太甚			316		THUOCL
耳提面命			316		THUOCL
聪明能干			316		THUOCL
贫病交加			316		THUOCL
以德服人			315		THUOCL
明修栈道			315		THUOCL
替天行道			315		THUOCL
阴谋诡计			315		THUOCL
鸡犬相闻			315		THUOCL
不求上进			314		THUOCL
古木参天			314		THUOCL
暴殄天物			314		THUOCL
朝三暮四			314		THUOCL
毫无二致			314		THUOCL
麻雀虽小五脏俱全			314		THUOCL
三寸不烂之舌			313		THUOCL
不知天高地厚			313		THUOCL
取之不竭			313		THUOCL
拉大旗作虎皮			313		THUOCL
拱手让人			313		THUOCL
冰清玉洁			312		THUOCL
天下大乱			312		THUOCL
山盟海誓			312		THUOCL
巴山蜀水			312		THUOCL
蜂拥而出			312		THUOCL
七七八八			311		THUOCL
书香世家			311		THUOCL
保存实力			311		THUOCL
出口成章			311		THUOCL
淡然处之			311		THUOCL
不疾不徐			310		THUOCL
有所顾忌			310		THUOCL
立此存照			310		THUOCL
自命不凡			310		THUOCL
衣不蔽体			310		THUOCL
闭口不言			310		THUOCL
反咬一口			309		THUOCL
温良恭俭让			309		THUOCL
稍逊一筹			309		THUOCL
窈窕淑女			309		THUOCL
笨手笨脚			309		THUOCL
能文能武			309		THUOCL
身在曹营心在汉			309		THUOCL
金鸡独立			309		THUOCL
八仙过海各显神通			308		THUOCL
客死他乡			308		THUOCL
狭路相逢勇者胜			308		THUOCL
天崩地裂			307		THUOCL
人以群分			306		THUOCL
今生今世			306		THUOCL
刚愎自用			306		THUOCL
南腔北调			306		THUOCL
吊儿郎当			306		THUOCL
命丧黄泉			306		THUOCL
善有善报			306		THUOCL
好自为之			306		THUOCL
年幼无知			306		THUOCL
有来有往			306		THUOCL
身正不怕影子斜			306		THUOCL
铁石心肠			306		THUOCL
人非圣贤			305		THUOCL
喜不自胜			304		THUOCL
尖酸刻薄			304		THUOCL
情意绵绵			304		THUOCL
望文生义			304		THUOCL
耳听八方			304		THUOCL
落花流水			304		THUOCL
包办代替			303		THUOCL
小鸟依人			303		THUOCL
旁观者清			303		THUOCL
畏缩不前			303		THUOCL
缄口不言			303		THUOCL
逢场作戏			303		THUOCL
遇水架桥			303		THUOCL
面目可憎			303		THUOCL
鲤鱼跳龙门			303		THUOCL
一决胜负			302		THUOCL
一叶知秋			302		THUOCL
互为表里			302		THUOCL
井底之蛙			302		THUOCL
多行不义必自毙			302		THUOCL
物以类聚			302		THUOCL
胸怀大志			302		THUOCL
装神弄鬼			302		THUOCL
因陋就简			301		THUOCL
无往不胜			301		THUOCL
败兴而归			301		THUOCL
风轻云淡			301		THUOCL
鸡飞蛋打			301		THUOCL
功德圆满			300		THUOCL
媒妁之言			300		THUOCL
魂不守舍			300		THUOCL
乘其不备			299		THUOCL
以眼还眼			299		THUOCL
略逊一筹			299		THUOCL
良辰美景			299		THUOCL
不乏先例			298		THUOCL
口传心授			298		THUOCL
宽宏大量			298		THUOCL
恶语相加			298		THUOCL
杯弓蛇影			298		THUOCL
生米煮成熟饭			298		THUOCL
紫气东来			298		THUOCL
风华绝代			298		THUOCL
三番两次			297		THUOCL
不上不下			297		THUOCL
如醉如痴			297		THUOCL
适逢其时			297		THUOCL
一分耕耘一分收获			296		THUOCL
低声下气			296		THUOCL
依样画葫芦			296		THUOCL
火上加油			296		THUOCL
日薄西山			295		THUOCL
目空一切			295		THUOCL
倩女幽魂			294		THUOCL
唇亡齿寒			294		THUOCL
富国强兵			294		THUOCL
心高气傲			294		THUOCL
泥牛入海			294		THUOCL
降格以求			294		THUOCL
难以名状			294		THUOCL
项庄舞剑			294		THUOCL
香消玉殒			294		THUOCL
不求甚解			293		THUOCL
屈打成招			293		THUOCL
拔刀相向			293		THUOCL
爱屋及乌			293		THUOCL
称王称霸			293		THUOCL
半真半假			292		THUOCL
名山大川			292		THUOCL
志得意满			292		THUOCL
独步天下			292		THUOCL
自掘坟墓			292		THUOCL
门户之见			292		THUOCL
人微言轻			291		THUOCL
分化瓦解			291		THUOCL
一星半点			290		THUOCL
不识时务			290		THUOCL
心腹之患			290		THUOCL
天下无敌			289		THUOCL
才貌双全			289		THUOCL
穷奢极欲			289		THUOCL
一人得道			288		THUOCL
冷若冰霜			288		THUOCL
外强中干			288		THUOCL
少不更事			288		THUOCL
有色眼镜			288		THUOCL
独木难支			288		THUOCL
身首异处			288		THUOCL
二龙戏珠			287		THUOCL
口齿伶俐			287		THUOCL
坐井观天			287		THUOCL
学无止境			287		THUOCL
忘战必危			287		THUOCL
旁门左道			287		THUOCL
贩夫走卒			287		THUOCL
同室操戈			286		THUOCL
喜从天降			286		THUOCL
话里有话			286		THUOCL
说风凉话			286		THUOCL
鱼跃龙门			286		THUOCL
不甚了了			285		THUOCL
力透纸背			285		THUOCL
反求诸己			285		THUOCL
天网恢恢疏而不漏			285		THUOCL
完好无缺			285		THUOCL
秋风扫落叶			285		THUOCL
聊以自慰			285		THUOCL
血肉横飞			284		THUOCL
调虎离山			284		THUOCL
开卷有益			283		THUOCL
欲加之罪			283		THUOCL
正气凛然			283		THUOCL
门户开放			283		THUOCL
偏安一隅			282		THUOCL
水能载舟			282		THUOCL
解甲归田			282		THUOCL
七拼八凑			281		THUOCL
富贵不能淫			281		THUOCL
覆水难收			281		THUOCL
达则兼济天下			281		THUOCL
拈花惹草			280		THUOCL
酗酒滋事			280		THUOCL
俯拾即是			279		THUOCL
吃里扒外			279		THUOCL
天下一家			279		THUOCL
广种薄收			279		THUOCL
明火执仗			279		THUOCL
杂乱无序			279		THUOCL
皇亲国戚			279		THUOCL
不自量力			278		THUOCL
听而不闻			278		THUOCL
告老还乡			278		THUOCL
声如洪钟			278		THUOCL
词不达意			278		THUOCL
予取予求			277		THUOCL
因果报应			277		THUOCL
痛快淋漓			277		THUOCL
豆蔻年华			277		THUOCL
前不着村后不着店			276		THUOCL
放虎归山			276		THUOCL
有福同享			276		THUOCL
贫贱不能移			276		THUOCL
风俗人情			276		THUOCL
一拥而入			275		THUOCL
三十年河东			275		THUOCL
养兵千日			275		THUOCL
同床共枕			275		THUOCL
妙笔生花			275		THUOCL
特立独行			275		THUOCL
礼轻情意重			275		THUOCL
出以公心			274		THUOCL
功夫之王			274		THUOCL
手足之情			274		THUOCL
水火不相容			274		THUOCL
满腹狐疑			274		THUOCL
苦大仇深			274		THUOCL
路不拾遗			274		THUOCL
路遥知马力			274		THUOCL
过眼烟云			274		THUOCL
后来者居上			273		THUOCL
声色俱厉			273		THUOCL
家道中落			273		THUOCL
本乡本土			273		THUOCL
面授机宜			273		THUOCL
人神共愤			272		THUOCL
强颜欢笑			272		THUOCL
探囊取物			272		THUOCL
正人君子			272		THUOCL
物竞天择			272		THUOCL
病魔缠身			272		THUOCL
磨刀不误砍柴工			272		THUOCL
不知下落			271		THUOCL
决一死战			271		THUOCL
化敌为友			271		THUOCL
惠风和畅			271		THUOCL
暮气沉沉			271		THUOCL
轻言细语			271		THUOCL
否极泰来			270		THUOCL
安然无事			270		THUOCL
尸横遍野			270		THUOCL
梳妆打扮			270		THUOCL
楚楚可怜			270		THUOCL
毫不介意			270		THUOCL
一表人才			269		THUOCL
弹无虚发			269		THUOCL
旭日东升			269		THUOCL
春色满园			269		THUOCL
自讨没趣			269		THUOCL
谬以千里			269		THUOCL
伯仲之间			268		THUOCL
克勤克俭			268		THUOCL
公正无私			268		THUOCL
回天无力			268		THUOCL
来日方长			268		THUOCL
骨肉相连			268		THUOCL
光芒万丈			267		THUOCL
呆若木鸡			267		THUOCL
恶有恶报			267		THUOCL
博学多才			266		THUOCL
妻儿老小			266		THUOCL
愚昧无知			266		THUOCL
挤眉弄眼			266		THUOCL
有钱能使鬼推磨			266		THUOCL
横生枝节			266		THUOCL
臭名远扬			266		THUOCL
锦绣前程			266		THUOCL
顺水人情			266		THUOCL
黯淡无光			266		THUOCL
兵来将挡			265		THUOCL
千斤重担			265		THUOCL
南橘北枳			265		THUOCL
少年老成			265		THUOCL
疾风暴雨			265		THUOCL
见机行事			265		THUOCL
五大三粗			264		THUOCL
仗势欺人			264		THUOCL
俭以养德			264		THUOCL
时移世易			264		THUOCL
横平竖直			264		THUOCL
清规戒律			264		THUOCL
闭关自守			264		THUOCL
患难夫妻			263		THUOCL
有言在先			263		THUOCL
以礼相待			262		THUOCL
全盘托出			262		THUOCL
壮志凌云			262		THUOCL
己所不欲勿施于人			262		THUOCL
戴罪立功			262		THUOCL
改换门庭			262		THUOCL
玩火自焚			262		THUOCL
与虎谋皮			261		THUOCL
国家栋梁			261		THUOCL
掐头去尾			261		THUOCL
无所不有			261		THUOCL
纸上得来终觉浅			261		THUOCL
至死不渝			261		THUOCL
难登大雅之堂			261		THUOCL
取信于人			260		THUOCL
安贫乐道			260		THUOCL
密锣紧鼓			260		THUOCL
穷则独善其身			260		THUOCL
云蒸霞蔚			259		THUOCL
刀下留人			259		THUOCL
唠唠叨叨			259		THUOCL
患难之交			259		THUOCL
破罐破摔			259		THUOCL
以卵击石			258		THUOCL
先公后私			258		THUOCL
兵强马壮			258		THUOCL
劳苦功高			258		THUOCL
有志者事竟成			258		THUOCL
有案可查			258		THUOCL
牛鬼蛇神			258		THUOCL
膘肥体壮			258		THUOCL
过江之鲫			258		THUOCL
默默无语			258		THUOCL
回光返照			257		THUOCL
孰能无过			257		THUOCL
收回成命			257		THUOCL
日久见人心			257		THUOCL
有棱有角			257		THUOCL
枯枝败叶			257		THUOCL
空口无凭			257		THUOCL
高高挂起			257		THUOCL
君子之交			256		THUOCL
横行无忌			256		THUOCL
谷贱伤农			256		THUOCL
世上无难事			255		THUOCL
出人意外			255		THUOCL
刚直不阿			255		THUOCL
握手言欢			255		THUOCL
无所不知			255		THUOCL
碧水青山			255		THUOCL
自求多福			255		THUOCL
艺高人胆大			255		THUOCL
三男两女			254		THUOCL
不可捉摸			254		THUOCL
关门闭户			254		THUOCL
冤冤相报			254		THUOCL
决胜千里			254		THUOCL
唯命是从			254		THUOCL
江湖骗子			254		THUOCL
没精打采			254		THUOCL
离群索居			254		THUOCL
不言不语			253		THUOCL
城门失火			253		THUOCL
弊绝风清			253		THUOCL
一条道走到黑			252		THUOCL
低三下四			252		THUOCL
大智大勇			252		THUOCL
应付自如			252		THUOCL
自成一家			252		THUOCL
不咸不淡			251		THUOCL
不打不相识			251		THUOCL
以文会友			251		THUOCL
势不可当			251		THUOCL
失道寡助			251		THUOCL
直上直下			251		THUOCL
礼崩乐坏			251		THUOCL
九五之尊			250		THUOCL
寝食不安			250		THUOCL
自成一格			250		THUOCL
一发而不可收拾			249		THUOCL
三人成虎			249		THUOCL
偷天换日			249		THUOCL
同心合力			249		THUOCL
怜香惜玉			249		THUOCL
振振有辞			249		THUOCL
除旧布新			249		THUOCL
鹬蚌相争			249		THUOCL
不共戴天			248		THUOCL
大事化小小事化了			248		THUOCL
洁白无瑕			248		THUOCL
照葫芦画瓢			248		THUOCL
目光炯炯			248		THUOCL
言为心声			248		THUOCL
雄才大略			248		THUOCL
鸣锣开道			248		THUOCL
不干不净			247		THUOCL
不足为外人道			246		THUOCL
倾国倾城			246		THUOCL
如花似玉			246		THUOCL
小脚女人			246		THUOCL
无风不起浪			246		THUOCL
旧话重提			246		THUOCL
时不再来			246		THUOCL
晨钟暮鼓			246		THUOCL
爱惜羽毛			246		THUOCL
茂林修竹			246		THUOCL
五毒俱全			245		THUOCL
含苞欲放			245		THUOCL
咫尺天涯			245		THUOCL
未卜先知			245		THUOCL
百思不解			245		THUOCL
百步穿杨			245		THUOCL
踌躇不前			245		THUOCL
倾囊相助			244		THUOCL
志在四方			244		THUOCL
排除异己			244		THUOCL
旧瓶装新酒			244		THUOCL
满面红光			244		THUOCL
神龙见首不见尾			244		THUOCL
一定之规			243		THUOCL
以逸待劳			243		THUOCL
垂帘听政			243		THUOCL
安家立业			243		THUOCL
才华出众			243		THUOCL
独揽大权			243		THUOCL
脚不沾地			243		THUOCL
英雄所见略同			243		THUOCL
半梦半醒			242		THUOCL
后生可畏			242		THUOCL
天理难容			242		THUOCL
神情自若			242		THUOCL
自卖自夸			242		THUOCL
万籁俱寂			241		THUOCL
于心何忍			241		THUOCL
徒劳无益			241		THUOCL
大彻大悟			240		THUOCL
无可估量			240		THUOCL
能工巧匠			240		THUOCL
自食恶果			240		THUOCL
邯郸学步			240		THUOCL
今不如昔			239		THUOCL
四海为家			239		THUOCL
居功自傲			239		THUOCL
相生相克			239		THUOCL
轻装前进			239		THUOCL
青出于蓝			239		THUOCL
养虎为患			238		THUOCL
意在沛公			238		THUOCL
指桑骂槐			238		THUOCL
有口难辩			238		THUOCL
三寸金莲			237		THUOCL
东方不亮西方亮			237		THUOCL
似水流年			237		THUOCL
心神不定			237		THUOCL
时运不济			237		THUOCL
是可忍孰不可忍			237		THUOCL
格物致知			237		THUOCL
水火无情			237		THUOCL
男耕女织			237		THUOCL
言归正传			237		THUOCL
鸡犬之声相闻			237		THUOCL
兵败如山倒			236		THUOCL
劳师动众			236		THUOCL
拈轻怕重			236		THUOCL
接风洗尘			236		THUOCL
望梅止渴			236		THUOCL
秀外慧中			236		THUOCL
羊肠小道			236		THUOCL
自寻烦恼			236		THUOCL
蜕化变质			236		THUOCL
自不量力			235		THUOCL
说来话长			235		THUOCL
风卷残云			235		THUOCL
俗不可耐			234		THUOCL
傲然挺立			234		THUOCL
学富五车			234		THUOCL
拼死拼活			234		THUOCL
敢作敢当			234		THUOCL
流水不腐			234		THUOCL
百折不回			234		THUOCL
穷山恶水			234		THUOCL
龙争虎斗			234		THUOCL
一传十十传百			233		THUOCL
取之不尽用之不竭			233		THUOCL
思绪万千			233		THUOCL
民生凋敝			233		THUOCL
不以规矩			232		THUOCL
因人制宜			232		THUOCL
奔波劳碌			232		THUOCL
弹冠相庆			232		THUOCL
成年累月			232		THUOCL
所向无敌			232		THUOCL
方寸之地			232		THUOCL
下回分解			231		THUOCL
仙风道骨			231		THUOCL
以身殉国			231		THUOCL
壁垒森严			231		THUOCL
清心寡欲			231		THUOCL
男儿有泪不轻弹			231		THUOCL
群魔乱舞			231		THUOCL
钻木取火			231		THUOCL
阴错阳差			231		THUOCL
凄风冷雨			230		THUOCL
千回百转			230		THUOCL
又红又专			230		THUOCL
涸泽而渔			230		THUOCL
益寿延年			230		THUOCL
瞄准射击			230		THUOCL
逼良为娼			230		THUOCL
鼠目寸光			230		THUOCL
一张一弛			229		THUOCL
五花大绑			229		THUOCL
处之泰然			229		THUOCL
目光如炬			229		THUOCL
绵里藏针			229		THUOCL
至善至美			229		THUOCL
针头线脑			229		THUOCL
不越雷池			228		THUOCL
愁云惨雾			228		THUOCL
手眼通天			228		THUOCL
一钱不值			227		THUOCL
不绝如缕			227		THUOCL
心慌意乱			227		THUOCL
贪生怕死			227		THUOCL
亦庄亦谐			226		THUOCL
庖丁解牛			226		THUOCL
狼烟四起			226		THUOCL
苦难深重			226		THUOCL
点头哈腰			225		THUOCL
五十步笑百步			224		THUOCL
女娲补天			224		THUOCL
少见多怪			224		THUOCL
早知今日			224		THUOCL
春去秋来			224		THUOCL
狰狞面目			224		THUOCL
鉴往知来			224		THUOCL
不懂装懂			223		THUOCL
不敢越雷池一步			223		THUOCL
南郭先生			223		THUOCL
吃里爬外			223		THUOCL
大树底下好乘凉			223		THUOCL
富贵吉祥			223		THUOCL
广袤无垠			223		THUOCL
惜墨如金			223		THUOCL
永志不忘			223		THUOCL
照猫画虎			223		THUOCL
鼓乐喧天			223		THUOCL
光阴似箭			222		THUOCL
山重水复			222		THUOCL
是非分明			222		THUOCL
破除迷信			222		THUOCL
自视甚高			222		THUOCL
青史留名			222		THUOCL
鸣冤叫屈			222		THUOCL
州官放火			221		THUOCL
志在千里			221		THUOCL
择善而从			221		THUOCL
牛头不对马嘴			221		THUOCL
眼明手快			221		THUOCL
遗臭万年			221		THUOCL
酒酣耳热			221		THUOCL
不祥之兆			220		THUOCL
东挪西凑			220		THUOCL
必有近忧			220		THUOCL
摇头摆尾			220		THUOCL
泼妇骂街			220		THUOCL
风雨不改			220		THUOCL
风雨如晦			220		THUOCL
不可胜数			219		THUOCL
仪表堂堂			219		THUOCL
局促不安			219		THUOCL
无心插柳柳成荫			219		THUOCL
欺软怕硬			219		THUOCL
浪子回头金不换			219		THUOCL
一夫当关			218		THUOCL
与时偕行			218		THUOCL
偷偷摸摸			218		THUOCL
打开天窗说亮话			218		THUOCL
狗血淋头			218		THUOCL
脚踏两只船			218		THUOCL
趋炎附势			218		THUOCL
飘飘欲仙			218		THUOCL
事不过三			217		THUOCL
只许州官放火			217		THUOCL
大地回春			217		THUOCL
开疆辟土			217		THUOCL
悔恨交加			217		THUOCL
有条有理			217		THUOCL
沸反盈天			217		THUOCL
牛刀小试			217		THUOCL
鹤发童颜			217		THUOCL
一决雌雄			216		THUOCL
伯乐相马			216		THUOCL
出乎意外			216		THUOCL
封疆大吏			216		THUOCL
毫不利己			216		THUOCL
洞若观火			216		THUOCL
玉树临风			216		THUOCL
种瓜得瓜			216		THUOCL
一息尚存			215		THUOCL
云开雾散			215		THUOCL
心如止水			215		THUOCL
星星之火可以燎原			215		THUOCL
死无葬身之地			215		THUOCL
比肩而立			215		THUOCL
珍禽异兽			215		THUOCL
精明强干			215		THUOCL
东西南北			214		THUOCL
两小无猜			214		THUOCL
仁义道德			214		THUOCL
大智若愚			214		THUOCL
棒打鸳鸯			214		THUOCL
洋洋洒洒			214		THUOCL
锦绣河山			214		THUOCL
不识庐山真面目			213		THUOCL
做小动作			213		THUOCL
冤家路窄			213		THUOCL
情景交融			213		THUOCL
金风送爽			213		THUOCL
仁者乐山			212		THUOCL
左邻右里			212		THUOCL
手不释卷			212		THUOCL
格杀勿论			212		THUOCL
等米下锅			212		THUOCL
缘木求鱼			212		THUOCL
耍嘴皮子			212		THUOCL
莫逆之交			212		THUOCL
软弱无能			212		THUOCL
别无他物			211		THUOCL
变化无穷			211		THUOCL
宝刀未老			211		THUOCL
寥若晨星			211		THUOCL
杀身之祸			211		THUOCL
苟且偷生			211		THUOCL
专横跋扈			210		THUOCL
人各有志			210		THUOCL
人同此心			210		THUOCL
以人为镜			210		THUOCL
动荡不定			210		THUOCL
大呼小叫			210		THUOCL
大模大样			210		THUOCL
庸庸碌碌			210		THUOCL
心猿意马			210		THUOCL
无往不利			210		THUOCL
气贯长虹			210		THUOCL
河东狮吼			210		THUOCL
淡泊明志			210		THUOCL
众星拱月			209		THUOCL
地老天荒			209		THUOCL
好勇斗狠			209		THUOCL
嫁祸于人			209		THUOCL
对牛弹琴			209		THUOCL
寻死觅活			209		THUOCL
择其善者而从之			209		THUOCL
难分难解			209		THUOCL
飞针走线			209		THUOCL
一时一刻			208		THUOCL
国破家亡			208		THUOCL
塞翁失马			208		THUOCL
头痛脑热			208		THUOCL
横眉冷对			208		THUOCL
泰山压顶			208		THUOCL
积土成山			208		THUOCL
黄粱一梦			208		THUOCL
临阵退缩			207		THUOCL
党同伐异			207		THUOCL
分进合击			207		THUOCL
勤能补拙			207		THUOCL
吃穿用度			207		THUOCL
宾客盈门			207		THUOCL
惊恐万状			207		THUOCL
断绝往来			207		THUOCL
晓以利害			207		THUOCL
有胆有识			207		THUOCL
玉石俱焚			207		THUOCL
五洲四海			206		THUOCL
内查外调			206		THUOCL
味同嚼蜡			206		THUOCL
高山峻岭			206		THUOCL
不容分说			205		THUOCL
人无远虑			205		THUOCL
人而无信			205		THUOCL
变幻无常			205		THUOCL
天下无双			205		THUOCL
女中豪杰			205		THUOCL
文弱书生			205		THUOCL
炮火连天			205		THUOCL
老气横秋			205		THUOCL
代人受过			204		THUOCL
宝刀不老			204		THUOCL
此一时彼一时			204		THUOCL
瓮中之鳖			204		THUOCL
破铜烂铁			204		THUOCL
遇人不淑			204		THUOCL
孔孟之道			203		THUOCL
平铺直叙			203		THUOCL
春蚕到死丝方尽			203		THUOCL
水来土掩			203		THUOCL
生死之交			203		THUOCL
蓬蓬勃勃			203		THUOCL
评头品足			203		THUOCL
金玉良言			203		THUOCL
鹦鹉学舌			203		THUOCL
刻苦耐劳			202		THUOCL
君子协定			202		THUOCL
寿比南山			202		THUOCL
留得青山在			202		THUOCL
青云直上			202		THUOCL
上下同欲			201		THUOCL
不打自招			201		THUOCL
口服心服			201		THUOCL
梁上君子			201		THUOCL
白日做梦			201		THUOCL
闻风而至			201		THUOCL
事业有成			200		THUOCL
天造地设			200		THUOCL
山高皇帝远			200		THUOCL
报仇雪恨			200		THUOCL
文武兼备			200		THUOCL
朝野上下			200		THUOCL
残羹剩饭			200		THUOCL
一脉相传			199		THUOCL
悲喜交集			199		THUOCL
福禄寿喜			199		THUOCL
见物不见人			199		THUOCL
锐不可当			199		THUOCL
人不犯我			198		THUOCL
名闻天下			198		THUOCL
命在旦夕			198		THUOCL
好事不出门			198		THUOCL
如芒在背			198		THUOCL
当局者迷			198		THUOCL
手无缚鸡之力			198		THUOCL
旧地重游			198		THUOCL
极乐世界			198		THUOCL
三阳开泰			197		THUOCL
亲仁善邻			197		THUOCL
兵贵神速			197		THUOCL
各人自扫门前雪			197		THUOCL
插翅难逃			197		THUOCL
棋逢对手			197		THUOCL
立锥之地			197		THUOCL
笨鸟先飞			197		THUOCL
傲慢无礼			196		THUOCL
单刀赴会			196		THUOCL
壁立千仞			196		THUOCL
有凭有据			196		THUOCL
病来如山倒			196		THUOCL
要死要活			196		THUOCL
逆耳之言			196		THUOCL
郎才女貌			196		THUOCL
风韵犹存			196		THUOCL
三省吾身			195		THUOCL
出人意表			195		THUOCL
天无绝人之路			195		THUOCL
成由勤俭败由奢			195		THUOCL
流年不利			195		THUOCL
英雄豪杰			195		THUOCL
诛心之论			195		THUOCL
一命呜呼			194		THUOCL
外柔内刚			194		THUOCL
比上不足			194		THUOCL
眼不见为净			194		THUOCL
精神百倍			194		THUOCL
至亲好友			194		THUOCL
色胆包天			194		THUOCL
谈古论今			194		THUOCL
近朱者赤			194		THUOCL
逐鹿中原			194		THUOCL
排斥异己			193		THUOCL
暴露目标			193		THUOCL
一块石头落了地			192		THUOCL
一日夫妻百日恩			192		THUOCL
久病成医			192		THUOCL
分文未取			192		THUOCL
定国安邦			192		THUOCL
杀人不眨眼			192		THUOCL
林林总总			192		THUOCL
江山如画			192		THUOCL
甘苦与共			192		THUOCL
败絮其中			192		THUOCL
人有旦夕祸福			191		THUOCL
凄风苦雨			191		THUOCL
出水芙蓉			191		THUOCL
变动不居			191		THUOCL
同声相应			191		THUOCL
好人难做			191		THUOCL
惊天地泣鬼神			191		THUOCL
承先启后			191		THUOCL
盗亦有道			191		THUOCL
遗世独立			191		THUOCL
七老八十			190		THUOCL
从恶如崩			190		THUOCL
将功补过			190		THUOCL
挂免战牌			190		THUOCL
笔走龙蛇			190		THUOCL
言之成理			190		THUOCL
万夫莫开			189		THUOCL
心中无数			189		THUOCL
心怀叵测			189		THUOCL
怒气冲天			189		THUOCL
手到病除			189		THUOCL
满天星斗			189		THUOCL
种豆得豆			189		THUOCL
苦乐不均			189		THUOCL
长篇累牍			189		THUOCL
不可企及			188		THUOCL
人财两失			188		THUOCL
同声同气			188		THUOCL
民为邦本			188		THUOCL
红袖添香			188		THUOCL
长江七号			188		THUOCL
鹰击长空			188		THUOCL
一面之交			187		THUOCL
从谏如流			187		THUOCL
坐失良机			187		THUOCL
无立锥之地			187		THUOCL
铸剑为犁			187		THUOCL
零打碎敲			187		THUOCL
饶有兴味			187		THUOCL
古圣先贤			186		THUOCL
天理不容			186		THUOCL
暗送秋波			186		THUOCL
死皮赖脸			186		THUOCL
胼手胝足			186		THUOCL
坚贞不渝			185		THUOCL
学而时习之			185		THUOCL
恩重如山			185		THUOCL
感慨万端			185		THUOCL
无牵无挂			185		THUOCL
舐犊情深			185		THUOCL
诚心实意			185		THUOCL
雄赳赳气昂昂			185		THUOCL
飞龙在天			185		THUOCL
修齐治平			184		THUOCL
先人后己			184		THUOCL
图财害命			184		THUOCL
在所不辞			184		THUOCL
大有所为			184		THUOCL
女大当嫁			184		THUOCL
怒目而视			184		THUOCL
惟利是图			184		THUOCL
正经八百			184		THUOCL
死马当活马医			184		THUOCL
池鱼之殃			184		THUOCL
良药苦口			184		THUOCL
金玉其外			184		THUOCL
不知深浅			183		THUOCL
全心全力			183		THUOCL
壮心不已			183		THUOCL
没头没脑			183		THUOCL
赌咒发誓			183		THUOCL
轻歌曼舞			183		THUOCL
难如登天			183		THUOCL
一介书生			182		THUOCL
从善如登			182		THUOCL
博古通今			182		THUOCL
坐山观虎斗			182		THUOCL
奋勇当先			182		THUOCL
杀人越货			182		THUOCL
男大当婚			182		THUOCL
瘦死的骆驼比马大			182		THUOCL
罪责难逃			182		THUOCL
草船借箭			182		THUOCL
重峦叠嶂			182		THUOCL
一文不名			181		THUOCL
丢卒保车			181		THUOCL
以攻为守			181		THUOCL
千里之行始于足下			181		THUOCL
心怀忐忑			181		THUOCL
梨花带雨			181		THUOCL
爬山涉水			181		THUOCL
男欢女爱			181		THUOCL
看破红尘			181		THUOCL
闯荡江湖			181		THUOCL
半丝半缕			180		THUOCL
变幻无穷			180		THUOCL
喷薄欲出			180		THUOCL
心乱如麻			180		THUOCL
积沙成塔			180		THUOCL
苛捐杂税			180		THUOCL
乌七八糟			179		THUOCL
心细如发			179		THUOCL
目不斜视			179		THUOCL
戒急用忍			178		THUOCL
攻无不克			178		THUOCL
春和景明			178		THUOCL
金无足赤			178		THUOCL
钟灵毓秀			178		THUOCL
黄雀在后			178		THUOCL
人生自古谁无死			177		THUOCL
半斤八两			177		THUOCL
土豪劣绅			177		THUOCL
生生死死			177		THUOCL
略见一斑			177		THUOCL
相貌堂堂			177		THUOCL
跳梁小丑			177		THUOCL
一团漆黑			176		THUOCL
怡然自乐			176		THUOCL
成也萧何			176		THUOCL
有则改之无则加勉			176		THUOCL
蔚成风气			176		THUOCL
远交近攻			176		THUOCL
回眸一笑			175		THUOCL
天外有天			175		THUOCL
孤军深入			175		THUOCL
惹火烧身			175		THUOCL
毛手毛脚			175		THUOCL
莺飞草长			175		THUOCL
风急浪高			175		THUOCL
不耻下问			174		THUOCL
事过境迁			174		THUOCL
好为人师			174		THUOCL
小肚鸡肠			174		THUOCL
暧昧不明			174		THUOCL
眉头一皱			174		THUOCL
神经错乱			174		THUOCL
五子登科			173		THUOCL
家书抵万金			173		THUOCL
对症用药			173		THUOCL
慷慨就义			173		THUOCL
日落西山			173		THUOCL
普度众生			173		THUOCL
残羹冷炙			173		THUOCL
洗耳恭听			173		THUOCL
身单力薄			173		THUOCL
三皇五帝			172		THUOCL
举世皆知			172		THUOCL
义薄云天			172		THUOCL
另眼相待			172		THUOCL
大水冲了龙王庙			172		THUOCL
对酒当歌			172		THUOCL
文如其人			172		THUOCL
积善成德			172		THUOCL
节哀顺变			172		THUOCL
面目一新			172		THUOCL
顾影自怜			172		THUOCL
各取所长			171		THUOCL
大红大绿			171		THUOCL
怪力乱神			171		THUOCL
打小算盘			171		THUOCL
方便之门			171		THUOCL
汪洋大海			171		THUOCL
洗手不干			171		THUOCL
狗皮膏药			171		THUOCL
蹉跎岁月			171		THUOCL
闲云野鹤			171		THUOCL
驴唇不对马嘴			171		THUOCL
临别赠言			170		THUOCL
何患无辞			170		THUOCL
何罪之有			170		THUOCL
失之毫厘			170		THUOCL
拒人于千里之外			170		THUOCL
柔情蜜意			170		THUOCL
锦绣山河			170		THUOCL
风流人物			170		THUOCL
任凭风浪起			169		THUOCL
刀枪入库			169		THUOCL
前事不忘后事之师			169		THUOCL
前呼后拥			169		THUOCL
原封未动			169		THUOCL
天府之国			169		THUOCL
孝悌忠信			169		THUOCL
家学渊源			169		THUOCL
徒有其名			169		THUOCL
得饶人处且饶人			169		THUOCL
终南捷径			169		THUOCL
膀大腰圆			169		THUOCL
阴阳怪气			169		THUOCL
可望不可即			168		THUOCL
壁垒分明			168		THUOCL
封妻荫子			168		THUOCL
悄然无声			168		THUOCL
望风而逃			168		THUOCL
李代桃僵			168		THUOCL
温文儒雅			168		THUOCL
硕大无比			168		THUOCL
纤尘不染			168		THUOCL
近悦远来			168		THUOCL
马革裹尸			168		THUOCL
以观后效			167		THUOCL
列祖列宗			167		THUOCL
地久天长			167		THUOCL
既来之则安之			167		THUOCL
贫困潦倒			167		THUOCL
逸闻趣事			167		THUOCL
金玉满堂			167		THUOCL
一家之言			166		THUOCL
三跪九叩			166		THUOCL
不顾大局			166		THUOCL
反躬自问			166		THUOCL
大显神通			166		THUOCL
沃野千里			166		THUOCL
百年大业			166		THUOCL
神气活现			166		THUOCL
虾兵蟹将			166		THUOCL
遮人耳目			166		THUOCL
雕虫小技			166		THUOCL
一片汪洋			165		THUOCL
一长一短			165		THUOCL
人言可畏			165		THUOCL
兔子不吃窝边草			165		THUOCL
利害得失			165		THUOCL
千叮万嘱			165		THUOCL
坚壁清野			165		THUOCL
家贼难防			165		THUOCL
精卫填海			165		THUOCL
耳鬓厮磨			165		THUOCL
话中有话			165		THUOCL
危如累卵			164		THUOCL
围魏救赵			164		THUOCL
始乱终弃			164		THUOCL
实心实意			164		THUOCL
巧言令色			164		THUOCL
正中下怀			164		THUOCL
清汤寡水			164		THUOCL
负荆请罪			164		THUOCL
靡靡之音			164		THUOCL
风吹浪打			164		THUOCL
鬼哭狼嚎			164		THUOCL
一代不如一代			163		THUOCL
一目十行			163		THUOCL
不求有功但求无过			163		THUOCL
公报私仇			163		THUOCL
墨迹未干			163		THUOCL
开国功臣			163		THUOCL
披肝沥胆			163		THUOCL
父慈子孝			163		THUOCL
震天动地			163		THUOCL
吹吹打打			162		THUOCL
奉若神明			162		THUOCL
引而不发			162		THUOCL
张三李四			162		THUOCL
张口结舌			162		THUOCL
损兵折将			162		THUOCL
重起炉灶			162		THUOCL
一片丹心			161		THUOCL
万马齐喑			161		THUOCL
国将不国			161		THUOCL
守身如玉			161		THUOCL
岁月峥嵘			161		THUOCL
徒子徒孙			161		THUOCL
成名成家			161		THUOCL
断垣残壁			161		THUOCL
日久天长			161		THUOCL
枯木逢春			161		THUOCL
立地成佛			161		THUOCL
精锐之师			161		THUOCL
能屈能伸			161		THUOCL
视为畏途			161		THUOCL
首鼠两端			161		THUOCL
另眼看待			160		THUOCL
天下归心			160		THUOCL
如狼似虎			160		THUOCL
如箭在弦			160		THUOCL
孤立无助			160		THUOCL
安不忘危			160		THUOCL
游移不定			160		THUOCL
砥柱中流			160		THUOCL
临机处置			159		THUOCL
众口铄金			159		THUOCL
吆五喝六			159		THUOCL
同气相求			159		THUOCL
天知地知			159		THUOCL
学非所用			159		THUOCL
王顾左右而言他			159		THUOCL
红男绿女			159		THUOCL
苍翠欲滴			159		THUOCL
长话短说			159		THUOCL
一柱擎天			158		THUOCL
不败之地			158		THUOCL
兄弟阋于墙			158		THUOCL
千刀万剐			158		THUOCL
哀莫大于心死			158		THUOCL
湮没无闻			158		THUOCL
福如东海			158		THUOCL
积习难改			158		THUOCL
螳臂当车			158		THUOCL
见猎心喜			158		THUOCL
言多必失			158		THUOCL
一通百通			157		THUOCL
不知所以			157		THUOCL
出口伤人			157		THUOCL
初试啼声			157		THUOCL
敝帚自珍			157		THUOCL
横冲直闯			157		THUOCL
横挑鼻子竖挑眼			157		THUOCL
绵绵不断			157		THUOCL
置之脑后			157		THUOCL
老成持重			157		THUOCL
英雄无用武之地			157		THUOCL
闻者足戒			157		THUOCL
闻鸡起舞			157		THUOCL
阿猫阿狗			157		THUOCL
举案齐眉			156		THUOCL
亲临其境			156		THUOCL
土洋结合			156		THUOCL
如烹小鲜			156		THUOCL
富商巨贾			156		THUOCL
擒贼先擒王			156		THUOCL
曲意逢迎			156		THUOCL
树倒猢狲散			156		THUOCL
火烧火燎			156		THUOCL
自由放任			156		THUOCL
色厉内荏			156		THUOCL
螳螂捕蝉			156		THUOCL
魔高一尺道高一丈			156		THUOCL
丢盔弃甲			155		THUOCL
凤冠霞帔			155		THUOCL
墙倒众人推			155		THUOCL
威武不屈			155		THUOCL
王侯将相			155		THUOCL
积水成渊			155		THUOCL
置之不顾			155		THUOCL
蝇头小楷			155		THUOCL
三朝元老			154		THUOCL
夫妻反目			154		THUOCL
弃暗投明			154		THUOCL
敢怒而不敢言			154		THUOCL
无所不为			154		THUOCL
水火之中			154		THUOCL
滔天大罪			154		THUOCL
狼子野心			154		THUOCL
缺吃少穿			154		THUOCL
长幼有序			154		THUOCL
姿态万千			153		THUOCL
心急吃不了热豆腐			153		THUOCL
慷慨悲歌			153		THUOCL
欢呼雀跃			153		THUOCL
疾风知劲草			153		THUOCL
耳顺之年			153		THUOCL
茹毛饮血			153		THUOCL
踏破铁鞋无觅处			153		THUOCL
一路风尘			152		THUOCL
从心所欲			152		THUOCL
付之一笑			152		THUOCL
只见树木			152		THUOCL
孰不可忍			152		THUOCL
小道消息			152		THUOCL
打入另册			152		THUOCL
搜肠刮肚			152		THUOCL
独霸一方			152		THUOCL
聪明过人			152		THUOCL
隐忍不发			152		THUOCL
难分难舍			152		THUOCL
魑魅魍魉			152		THUOCL
一字千金			151		THUOCL
一挥而就			151		THUOCL
不在其位			151		THUOCL
买椟还珠			151		THUOCL
以怨报德			151		THUOCL
千沟万壑			151		THUOCL
后浪推前浪			151		THUOCL
四大皆空			151		THUOCL
形影相随			151		THUOCL
成何体统			151		THUOCL
本性难移			151		THUOCL
比上不足比下有余			151		THUOCL
生花妙笔			151		THUOCL
男儿膝下有黄金			151		THUOCL
胸中有数			151		THUOCL
超然物外			151		THUOCL
近墨者黑			151		THUOCL
阿谀逢迎			151		THUOCL
鸡零狗碎			151		THUOCL
分家析产			150		THUOCL
垂暮之年			150		THUOCL
拾人牙慧			150		THUOCL
救苦救难			150		THUOCL
虚度年华			150		THUOCL
郁郁不得志			150		THUOCL
闭目塞听			150		THUOCL
三纲五常			149		THUOCL
不足为虑			149		THUOCL
各奔前程			149		THUOCL
嗟来之食			149		THUOCL
寸有所长			149		THUOCL
尺有所短			149		THUOCL
急公好义			149		THUOCL
新仇旧恨			149		THUOCL
油嘴滑舌			149		THUOCL
焚书坑儒			149		THUOCL
相对无言			149		THUOCL
肆意横行			149		THUOCL
自食其言			149		THUOCL
若烹小鲜			149		THUOCL
表里山河			149		THUOCL
贪心不足			149		THUOCL
金屋藏娇			149		THUOCL
食不甘味			149		THUOCL
黄粱美梦			149		THUOCL
人老珠黄			148		THUOCL
他乡遇故知			148		THUOCL
全知全能			148		THUOCL
剥茧抽丝			148		THUOCL
力所不及			148		THUOCL
四海之内皆兄弟			148		THUOCL
国仇家恨			148		THUOCL
坎坷不平			148		THUOCL
恶贯满盈			148		THUOCL
横征暴敛			148		THUOCL
漠然置之			148		THUOCL
爱民如子			148		THUOCL
花容月貌			148		THUOCL
言归于好			148		THUOCL
识时务者为俊杰			148		THUOCL
误人子弟			148		THUOCL
不敢造次			147		THUOCL
乔装改扮			147		THUOCL
争名夺利			147		THUOCL
同出一辙			147		THUOCL
困兽犹斗			147		THUOCL
必经之路			147		THUOCL
放浪形骸			147		THUOCL
立身处世			147		THUOCL
言者无罪			147		THUOCL
震古烁今			147		THUOCL
作如是观			146		THUOCL
六畜兴旺			146		THUOCL
卷帙浩繁			146		THUOCL
备而不用			146		THUOCL
孔武有力			146		THUOCL
戴绿帽子			146		THUOCL
打个照面			146		THUOCL
选贤与能			146		THUOCL
金玉良缘			146		THUOCL
万里迢迢			145		THUOCL
南柯一梦			145		THUOCL
大恩大德			145		THUOCL
天渊之别			145		THUOCL
山明水秀			145		THUOCL
披坚执锐			145		THUOCL
江东父老			145		THUOCL
江洋大盗			145		THUOCL
渺无人烟			145		THUOCL
独出心裁			145		THUOCL
等而下之			145		THUOCL
赞口不绝			145		THUOCL
身在福中不知福			145		THUOCL
身教重于言教			145		THUOCL
青红皂白			145		THUOCL
面有难色			145		THUOCL
风尘女子			145		THUOCL
公正廉明			144		THUOCL
出污泥而不染			144		THUOCL
君子好逑			144		THUOCL
大敌当前			144		THUOCL
当替罪羊			144		THUOCL
愁眉紧锁			144		THUOCL
攻心为上			144		THUOCL
眉目传情			144		THUOCL
闭门思过			144		THUOCL
以一当十			143		THUOCL
修旧利废			143		THUOCL
好好先生			143		THUOCL
就地正法			143		THUOCL
打蛇打七寸			143		THUOCL
插翅难飞			143		THUOCL
点头之交			143		THUOCL
苦口良药			143		THUOCL
见惯不惊			143		THUOCL
人小鬼大			142		THUOCL
冷眼相待			142		THUOCL
勤学好问			142		THUOCL
哀而不伤			142		THUOCL
坐卧不宁			142		THUOCL
得失成败			142		THUOCL
有始无终			142		THUOCL
比肩接踵			142		THUOCL
水至清则无鱼			142		THUOCL
泽被后世			142		THUOCL
狗血喷头			142		THUOCL
甜酸苦辣			142		THUOCL
生生世世			142		THUOCL
纸里包不住火			142		THUOCL
自我治疗			142		THUOCL
重赏之下			142		THUOCL
三生有幸			141		THUOCL
伉俪情深			141		THUOCL
只见树木不见森林			141		THUOCL
大音希声			141		THUOCL
情深义重			141		THUOCL
目不暇给			141		THUOCL
身价百倍			141		THUOCL
非宁静无以致远			141		THUOCL
上兵伐谋			140		THUOCL
九九归一			140		THUOCL
今朝有酒今朝醉			140		THUOCL
心宽体胖			140		THUOCL
户枢不蠹			140		THUOCL
画虎不成反类犬			140		THUOCL
睚眦必报			140		THUOCL
驰名世界			140		THUOCL
黄钟大吕			140		THUOCL
不平则鸣			139		THUOCL
两面三刀			139		THUOCL
冤家对头			139		THUOCL
奇思妙想			139		THUOCL
安土重迁			139		THUOCL
寡廉鲜耻			139		THUOCL
干脆利落			139		THUOCL
白纸黑字			139		THUOCL
秋收冬藏			139		THUOCL
英雄气短			139		THUOCL
门禁森严			139		THUOCL
一丘之貉			138		THUOCL
一手一脚			138		THUOCL
一日之计在于晨			138		THUOCL
内外夹攻			138		THUOCL
凌云壮志			138		THUOCL
后会有期			138		THUOCL
坐言起行			138		THUOCL
威胁利诱			138		THUOCL
放下屠刀			138		THUOCL
无关大局			138		THUOCL
死有余辜			138		THUOCL
温柔敦厚			138		THUOCL
窒碍难行			138		THUOCL
缓不济急			138		THUOCL
马放南山			138		THUOCL
鱼肉百姓			138		THUOCL
万物之灵			137		THUOCL
做一天和尚撞一天钟			137		THUOCL
兄弟阋墙			137		THUOCL
弃笔从戎			137		THUOCL
意气相投			137		THUOCL
文韬武略			137		THUOCL
死得其所			137		THUOCL
独木不成林			137		THUOCL
班门弄斧			137		THUOCL
畏葸不前			137		THUOCL
虚有其表			137		THUOCL
道德文章			137		THUOCL
鼾声如雷			137		THUOCL
借刀杀人			136		THUOCL
千娇百媚			136		THUOCL
外圆内方			136		THUOCL
欲速不达			136		THUOCL
胸无大志			136		THUOCL
一时半刻			135		THUOCL
三姑六婆			135		THUOCL
人生七十古来稀			135		THUOCL
全军覆灭			135		THUOCL
同生共死			135		THUOCL
大梦初醒			135		THUOCL
心明眼亮			135		THUOCL
担当不起			135		THUOCL
有头有尾			135		THUOCL
权宜之策			135		THUOCL
步步登高			135		THUOCL
漆黑一团			135		THUOCL
点铁成金			135		THUOCL
绝顶聪明			135		THUOCL
芒刺在背			135		THUOCL
趋吉避凶			135		THUOCL
驷马难追			135		THUOCL
心有灵犀一点通			134		THUOCL
是是非非			134		THUOCL
淡而无味			134		THUOCL
玫瑰人生			134		THUOCL
精确瞄准			134		THUOCL
精神错乱			134		THUOCL
贼心不死			134		THUOCL
马到功成			134		THUOCL
鸿鹄之志			134		THUOCL
娇小玲珑			133		THUOCL
怡情养性			133		THUOCL
明枪暗箭			133		THUOCL
步履矫健			133		THUOCL
泪眼汪汪			133		THUOCL
言之无物			133		THUOCL
鸡鸣狗盗			133		THUOCL
书香门第			132		THUOCL
从容就义			132		THUOCL
出头露面			132		THUOCL
十八般兵器			132		THUOCL
后人乘凉			132		THUOCL
哼哼唧唧			132		THUOCL
宾朋满座			132		THUOCL
富国强民			132		THUOCL
捐弃前嫌			132		THUOCL
排除万难			132		THUOCL
救急不救穷			132		THUOCL
斑驳陆离			132		THUOCL
舌战群儒			132		THUOCL
舍本求末			132		THUOCL
荒谬绝伦			132		THUOCL
见异思迁			132		THUOCL
诡计多端			132		THUOCL
三从四德			131		THUOCL
不可言传			131		THUOCL
业精于勤			131		THUOCL
忠孝节义			131		THUOCL
才高八斗			131		THUOCL
敌众我寡			131		THUOCL
日甚一日			131		THUOCL
破竹之势			131		THUOCL
老鼠过街			131		THUOCL
路见不平拔刀相助			131		THUOCL
一着不慎			130		THUOCL
人怕出名猪怕壮			130		THUOCL
包藏祸心			130		THUOCL
妙语如珠			130		THUOCL
学而不厌			130		THUOCL
宁静致远			130		THUOCL
归去来兮			130		THUOCL
打家劫舍			130		THUOCL
有过之无不及			130		THUOCL
杀人如麻			130		THUOCL
远水不解近渴			130		THUOCL
不忍卒读			129		THUOCL
五谷不分			129		THUOCL
怨气冲天			129		THUOCL
愚不可及			129		THUOCL
无名小卒			129		THUOCL
火力集中			129		THUOCL
百万雄师			129		THUOCL
黄袍加身			129		THUOCL
不知好歹			128		THUOCL
只可意会			128		THUOCL
呼天抢地			128		THUOCL
如人饮水			128		THUOCL
如切如磋			128		THUOCL
愁肠百结			128		THUOCL
欢蹦乱跳			128		THUOCL
死而无憾			128		THUOCL
水木清华			128		THUOCL
海枯石烂			128		THUOCL
秦晋之好			128		THUOCL
竹篮打水			128		THUOCL
萧规曹随			128		THUOCL
车到山前必有路			128		THUOCL
近乡情怯			128		THUOCL
非我族类			128		THUOCL
一清二白			127		THUOCL
一片焦土			127		THUOCL
临渊羡鱼			127		THUOCL
任其自然			127		THUOCL
削铁如泥			127		THUOCL
前思后想			127		THUOCL
势单力孤			127		THUOCL
太平无事			127		THUOCL
戎马倥偬			127		THUOCL
抱头鼠窜			127		THUOCL
流落他乡			127		THUOCL
溢美之辞			127		THUOCL
理屈词穷			127		THUOCL
虎口拔牙			127		THUOCL
虎背熊腰			127		THUOCL
前无古人后无来者			126		THUOCL
天大地大			126		THUOCL
天荒地老			126		THUOCL
收之桑榆			126		THUOCL
有害无利			126		THUOCL
有缘千里来相会			126		THUOCL
死不悔改			126		THUOCL
流芳千古			126		THUOCL
老奸巨猾			126		THUOCL
触目皆是			126		THUOCL
遁入空门			126		THUOCL
邪门歪道			126		THUOCL
面如土色			126		THUOCL
七扭八歪			125		THUOCL
不分胜负			125		THUOCL
了若指掌			125		THUOCL
云泥之别			125		THUOCL
低吟浅唱			125		THUOCL
利害相关			125		THUOCL
力不能及			125		THUOCL
呼朋唤友			125		THUOCL
忘年之交			125		THUOCL
无影无形			125		THUOCL
粗中有细			125		THUOCL
踟蹰不前			125		THUOCL
人生如梦			124		THUOCL
以德报德			124		THUOCL
以绝后患			124		THUOCL
初露头角			124		THUOCL
十室九空			124		THUOCL
十指连心			124		THUOCL
天下乌鸦一般黑			124		THUOCL
干脆利索			124		THUOCL
打落水狗			124		THUOCL
溜须拍马			124		THUOCL
离题万里			124		THUOCL
聚少成多			124		THUOCL
誉满天下			124		THUOCL
重赏之下必有勇夫			124		THUOCL
默默不语			124		THUOCL
七零八碎			123		THUOCL
军令如山			123		THUOCL
击中要害			123		THUOCL
好心好意			123		THUOCL
无所忌惮			123		THUOCL
昏天暗地			123		THUOCL
片言只语			123		THUOCL
经天纬地			123		THUOCL
驰骋疆场			123		THUOCL
人逢喜事精神爽			122		THUOCL
今夕何夕			122		THUOCL
器宇轩昂			122		THUOCL
失之东隅			122		THUOCL
嫣然一笑			122		THUOCL
披红戴花			122		THUOCL
攀龙附凤			122		THUOCL
攻其不备			122		THUOCL
歃血为盟			122		THUOCL
法力无边			122		THUOCL
电光石火			122		THUOCL
触景伤情			122		THUOCL
计上心来			122		THUOCL
轻如鸿毛			122		THUOCL
龙蛇混杂			122		THUOCL
一脉相通			121		THUOCL
万寿无疆			121		THUOCL
亲痛仇快			121		THUOCL
傲然屹立			121		THUOCL
前人栽树后人乘凉			121		THUOCL
千里之堤毁于蚁穴			121		THUOCL
吉星高照			121		THUOCL
挨门挨户			121		THUOCL
无官一身轻			121		THUOCL
春风满面			121		THUOCL
有头无尾			121		THUOCL
未定之天			121		THUOCL
燎原之火			121		THUOCL
父债子还			121		THUOCL
生拉硬扯			121		THUOCL
看家本事			121		THUOCL
知我罪我			121		THUOCL
秋毫无犯			121		THUOCL
乐而忘返			120		THUOCL
乳臭未干			120		THUOCL
反攻倒算			120		THUOCL
天人之际			120		THUOCL
心口不一			120		THUOCL
扭亏增盈			120		THUOCL
未能免俗			120		THUOCL
树大根深			120		THUOCL
汪洋恣肆			120		THUOCL
人困马乏			119		THUOCL
低眉顺眼			119		THUOCL
余波荡漾			119		THUOCL
关门打狗			119		THUOCL
各有所好			119		THUOCL
天摇地动			119		THUOCL
失败是成功之母			119		THUOCL
孝子贤孙			119		THUOCL
徇情枉法			119		THUOCL
故作高深			119		THUOCL
故技重演			119		THUOCL
斩尽杀绝			119		THUOCL
有口难言			119		THUOCL
没大没小			119		THUOCL
洞天福地			119		THUOCL
一己之见			118		THUOCL
一言既出			118		THUOCL
之乎者也			118		THUOCL
事无大小			118		THUOCL
协力同心			118		THUOCL
士农工商			118		THUOCL
天塌地陷			118		THUOCL
山光水色			118		THUOCL
心惊胆寒			118		THUOCL
我为鱼肉			118		THUOCL
杜绝后患			118		THUOCL
焦灼不安			118		THUOCL
痴男怨女			118		THUOCL
笑里藏刀			118		THUOCL
血海深仇			118		THUOCL
谈情说爱			118		THUOCL
雁过留声			118		THUOCL
非淡泊无以明志			118		THUOCL
鲜克有终			118		THUOCL
一寸光阴一寸金			117		THUOCL
不成体统			117		THUOCL
丧家之犬			117		THUOCL
习焉不察			117		THUOCL
俯首帖耳			117		THUOCL
兼善天下			117		THUOCL
劳而无功			117		THUOCL
名师出高徒			117		THUOCL
哭天喊地			117		THUOCL
回天之力			117		THUOCL
左拥右抱			117		THUOCL
必有勇夫			117		THUOCL
恭贺新禧			117		THUOCL
承欢膝下			117		THUOCL
横扫千军			117		THUOCL
混世魔王			117		THUOCL
神气十足			117		THUOCL
祸起萧墙			117		THUOCL
翩翩少年			117		THUOCL
荟萃一堂			117		THUOCL
谋事在人			117		THUOCL
财运亨通			117		THUOCL
食不厌精			117		THUOCL
鹏程万里			117		THUOCL
万事俱备只欠东风			116		THUOCL
人烟稠密			116		THUOCL
仪态万方			116		THUOCL
各为其主			116		THUOCL
四体不勤			116		THUOCL
寻花问柳			116		THUOCL
怒火攻心			116		THUOCL
草莽英雄			116		THUOCL
见所未见			116		THUOCL
调和鼎鼐			116		THUOCL
走马看花			116		THUOCL
馋涎欲滴			116		THUOCL
不明事理			115		THUOCL
亘古未有			115		THUOCL
以己度人			115		THUOCL
余音袅袅			115		THUOCL
先忧后乐			115		THUOCL
公私兼顾			115		THUOCL
恶语中伤			115		THUOCL
敷衍搪塞			115		THUOCL
星星之火			115		THUOCL
暮鼓晨钟			115		THUOCL
直抒己见			115		THUOCL
要言不烦			115		THUOCL
雄姿英发			115		THUOCL
从容自如			114		THUOCL
卑鄙无耻			114		THUOCL
娓娓而谈			114		THUOCL
岁岁平安			114		THUOCL
无所不及			114		THUOCL
明德惟馨			114		THUOCL
春秋笔法			114		THUOCL
洞房花烛			114		THUOCL
浮皮潦草			114		THUOCL
疾言厉色			114		THUOCL
瞎子摸象			114		THUOCL
碍手碍脚			114		THUOCL
花无百日红			114		THUOCL
衣来伸手饭来张口			114		THUOCL
赏心乐事			114		THUOCL
趁人之危			114		THUOCL
踽踽独行			114		THUOCL
防微虑远			114		THUOCL
雍容大度			114		THUOCL
靡不有初			114		THUOCL
七窍流血			113		THUOCL
三天打鱼			113		THUOCL
不死不活			113		THUOCL
丹凤朝阳			113		THUOCL
人地生疏			113		THUOCL
创业维艰			113		THUOCL
只可意会不可言传			113		THUOCL
毁于蚁穴			113		THUOCL
白费力气			113		THUOCL
老马识途			113		THUOCL
英姿勃勃			113		THUOCL
装傻充愣			113		THUOCL
诡谲多变			113		THUOCL
七弯八拐			112		THUOCL
三年五载			112		THUOCL
判若云泥			112		THUOCL
城下之盟			112		THUOCL
大有起色			112		THUOCL
好言好语			112		THUOCL
年深日久			112		THUOCL
新人新事			112		THUOCL
是非颠倒			112		THUOCL
汗流满面			112		THUOCL
狗尾续貂			112		THUOCL
珠圆玉润			112		THUOCL
裙带关系			112		THUOCL
这山望着那山高			112		THUOCL
迟疑不决			112		THUOCL
雕龙画凤			112		THUOCL
一无所得			111		THUOCL
举国一致			111		THUOCL
仁心仁术			111		THUOCL
付诸一炬			111		THUOCL
借古喻今			111		THUOCL
借花献佛			111		THUOCL
弃恶从善			111		THUOCL
摩肩擦踵			111		THUOCL
日行千里			111		THUOCL
用其所长			111		THUOCL
金枝玉叶			111		THUOCL
饱学之士			111		THUOCL
高人一筹			111		THUOCL
三个臭皮匠			110		THUOCL
三人行必有我师			110		THUOCL
下笔如有神			110		THUOCL
不登大雅之堂			110		THUOCL
便宜行事			110		THUOCL
动如脱兔			110		THUOCL
坐怀不乱			110		THUOCL
开山祖师			110		THUOCL
恶语伤人			110		THUOCL
男婚女嫁			110		THUOCL
翻手为云覆手为雨			110		THUOCL
行将就木			110		THUOCL
三思后行			109		THUOCL
不可名状			109		THUOCL
不测风云			109		THUOCL
分身无术			109		THUOCL
太岁头上动土			109		THUOCL
妖言惑众			109		THUOCL
白面书生			109		THUOCL
礼贤下士			109		THUOCL
老大徒伤悲			109		THUOCL
脱缰之马			109		THUOCL
葬身鱼腹			109		THUOCL
螳臂挡车			109		THUOCL
言不及义			109		THUOCL
逆我者亡			109		THUOCL
阳关大道			109		THUOCL
默默无言			109		THUOCL
不可言喻			108		THUOCL
不肖子孙			108		THUOCL
似笑非笑			108		THUOCL
声誉鹊起			108		THUOCL
大厦将倾			108		THUOCL
心心相通			108		THUOCL
恃才傲物			108		THUOCL
损人害己			108		THUOCL
玄之又玄			108		THUOCL
知彼知己			108		THUOCL
破格录用			108		THUOCL
秉笔直书			108		THUOCL
纵横天下			108		THUOCL
血债累累			108		THUOCL
遗老遗少			108		THUOCL
金声玉振			108		THUOCL
不尴不尬			107		THUOCL
东风压倒西风			107		THUOCL
人面桃花			107		THUOCL
以此类推			107		THUOCL
吹糠见米			107		THUOCL
心比天高			107		THUOCL
惟命是从			107		THUOCL
敬业乐群			107		THUOCL
无所不至			107		THUOCL
气息奄奄			107		THUOCL
洋洋大观			107		THUOCL
琼浆玉液			107		THUOCL
逝者如斯			107		THUOCL
一望无边			106		THUOCL
下逐客令			106		THUOCL
以其人之道			106		THUOCL
克己复礼			106		THUOCL
兴利除害			106		THUOCL
别有滋味			106		THUOCL
大慈大悲			106		THUOCL
当耳边风			106		THUOCL
情深似海			106		THUOCL
扼腕长叹			106		THUOCL
文人相轻			106		THUOCL
明知故问			106		THUOCL
曾经沧海			106		THUOCL
泄露天机			106		THUOCL
浓妆淡抹			106		THUOCL
烈火烹油			106		THUOCL
熔于一炉			106		THUOCL
良莠不分			106		THUOCL
衣香鬓影			106		THUOCL
迟暮之年			106		THUOCL
铁树开花			106		THUOCL
门户洞开			106		THUOCL
须发皆白			106		THUOCL
一无所成			105		THUOCL
一点半点			105		THUOCL
不敢问津			105		THUOCL
大权旁落			105		THUOCL
对天发誓			105		THUOCL
心如死灰			105		THUOCL
心醉神迷			105		THUOCL
情人眼里出西施			105		THUOCL
慌作一团			105		THUOCL
正正经经			105		THUOCL
毁家纾难			105		THUOCL
眼不见心不烦			105		THUOCL
积非成是			105		THUOCL
竭尽心力			105		THUOCL
若有所悟			105		THUOCL
里通外国			105		THUOCL
仰人鼻息			104		THUOCL
喜怒不形于色			104		THUOCL
嫁鸡随鸡			104		THUOCL
干打雷不下雨			104		THUOCL
当耳旁风			104		THUOCL
惊诧莫名			104		THUOCL
打破沙锅问到底			104		THUOCL
此伏彼起			104		THUOCL
求大同存小异			104		THUOCL
浓荫蔽日			104		THUOCL
皓首穷经			104		THUOCL
磨嘴皮子			104		THUOCL
福星高照			104		THUOCL
翻手为云			104		THUOCL
能者多劳			104		THUOCL
虎落平阳			104		THUOCL
重温旧梦			104		THUOCL
食古不化			104		THUOCL
饮食男女			104		THUOCL
五味俱全			103		THUOCL
人非草木			103		THUOCL
儿行千里母担忧			103		THUOCL
寂寂无闻			103		THUOCL
巨细无遗			103		THUOCL
晓以大义			103		THUOCL
直捣黄龙			103		THUOCL
神色自若			103		THUOCL
绿林好汉			103		THUOCL
良禽择木			103		THUOCL
若要人不知			103		THUOCL
荒诞无稽			103		THUOCL
语不惊人			103		THUOCL
东风浩荡			102		THUOCL
举止大方			102		THUOCL
以身许国			102		THUOCL
前俯后仰			102		THUOCL
吹皱一池春水			102		THUOCL
姜太公钓鱼			102		THUOCL
小国寡民			102		THUOCL
巴山夜雨			102		THUOCL
抱薪救火			102		THUOCL
无可奈何花落去			102		THUOCL
日上三竿			102		THUOCL
求人不如求己			102		THUOCL
生吞活剥			102		THUOCL
还我河山			102		THUOCL
连中三元			102		THUOCL
酒池肉林			102		THUOCL
长歌当哭			102		THUOCL
靠山吃山靠水吃水			102		THUOCL
黄发垂髫			102		THUOCL
一人做事一人当			101		THUOCL
人为刀俎			101		THUOCL
令人喷饭			101		THUOCL
修桥补路			101		THUOCL
呆头呆脑			101		THUOCL
圣殿骑士			101		THUOCL
文武之道			101		THUOCL
文治武功			101		THUOCL
晨光熹微			101		THUOCL
杀身成仁			101		THUOCL
杳无踪迹			101		THUOCL
棋高一着			101		THUOCL
气数已尽			101		THUOCL
甘心情愿			101		THUOCL
神乎其技			101		THUOCL
罢黜百家			101		THUOCL
长江天堑			101		THUOCL
青面獠牙			101		THUOCL
顺我者昌			101		THUOCL
食不知味			101		THUOCL
一往直前			100		THUOCL
冤有头债有主			100		THUOCL
冥顽不灵			100		THUOCL
博闻强记			100		THUOCL
取其精华去其糟粕			100		THUOCL
墙里开花墙外香			100		THUOCL
好色之徒			100		THUOCL
寻根究底			100		THUOCL
明心见性			100		THUOCL
朝朝暮暮			100		THUOCL
猖獗一时			100		THUOCL
自高自大			100		THUOCL
一鳞半爪			99		THUOCL
人不可貌相			99		THUOCL
儿女亲家			99		THUOCL
兴味索然			99		THUOCL
喷云吐雾			99		THUOCL
嘉言懿行			99		THUOCL
山水相连			99		THUOCL
抱头大哭			99		THUOCL
明眸皓齿			99		THUOCL
海晏河清			99		THUOCL
船坚炮利			99		THUOCL
轻徭薄赋			99		THUOCL
道不同不相为谋			99		THUOCL
不教而诛			98		THUOCL
兔死狐悲			98		THUOCL
内圣外王			98		THUOCL
千里之堤溃于蚁穴			98		THUOCL
大发慈悲			98		THUOCL
天高地厚			98		THUOCL
干柴烈火			98		THUOCL
悬梁刺股			98		THUOCL
清风明月			98		THUOCL
遐迩闻名			98		THUOCL
鲍鱼之肆			98		THUOCL
齐齐整整			98		THUOCL
不得善终			97		THUOCL
亦可覆舟			97		THUOCL
刀子嘴豆腐心			97		THUOCL
和衣而卧			97		THUOCL
多费口舌			97		THUOCL
天诛地灭			97		THUOCL
姑妄听之			97		THUOCL
屁滚尿流			97		THUOCL
岁月蹉跎			97		THUOCL
引车卖浆			97		THUOCL
秣马厉兵			97		THUOCL
遗患无穷			97		THUOCL
铸成大错			97		THUOCL
龙生九子			97		THUOCL
一人得道鸡犬升天			96		THUOCL
不仁不义			96		THUOCL
亲者痛仇者快			96		THUOCL
仪态万千			96		THUOCL
修心养性			96		THUOCL
前怕狼后怕虎			96		THUOCL
富贵荣华			96		THUOCL
无所用心			96		THUOCL
此风不可长			96		THUOCL
沉心静气			96		THUOCL
百无一用			96		THUOCL
百花争妍			96		THUOCL
胆小如鼠			96		THUOCL
风流才子			96		THUOCL
不怕一万就怕万一			95		THUOCL
五福临门			95		THUOCL
人多嘴杂			95		THUOCL
养痈成患			95		THUOCL
击楫中流			95		THUOCL
天下无难事			95		THUOCL
寸步难移			95		THUOCL
惊魂不定			95		THUOCL
无人之境			95		THUOCL
盲人骑瞎马			95		THUOCL
知恩报恩			95		THUOCL
老有所终			95		THUOCL
风清气爽			95		THUOCL
一时之选			94		THUOCL
一望而知			94		THUOCL
儿孙自有儿孙福			94		THUOCL
光荣岁月			94		THUOCL
刨根究底			94		THUOCL
图穷匕见			94		THUOCL
多谋善断			94		THUOCL
学海无涯			94		THUOCL
帝王将相			94		THUOCL
无名小辈			94		THUOCL
月明星稀			94		THUOCL
木牛流马			94		THUOCL
杀人不见血			94		THUOCL
沉鱼落雁			94		THUOCL
狼狈逃窜			94		THUOCL
秉公办理			94		THUOCL
虚应故事			94		THUOCL
铭心刻骨			94		THUOCL
闲言闲语			94		THUOCL
雏鹰展翅			94		THUOCL
饿殍遍野			94		THUOCL
黑云压城城欲摧			94		THUOCL
势如水火			93		THUOCL
含笑九泉			93		THUOCL
喊冤叫屈			93		THUOCL
宁为玉碎			93		THUOCL
安邦定国			93		THUOCL
惊喜交加			93		THUOCL
殷忧启圣			93		THUOCL
气味相投			93		THUOCL
永矢弗谖			93		THUOCL
物换星移			93		THUOCL
积谷防饥			93		THUOCL
胯下之辱			93		THUOCL
血性男儿			93		THUOCL
闭月羞花			93		THUOCL
三山五岳			92		THUOCL
丹书铁券			92		THUOCL
人才难得			92		THUOCL
其言也善			92		THUOCL
千里送鹅毛			92		THUOCL
同气连枝			92		THUOCL
愁云惨淡			92		THUOCL
料事如神			92		THUOCL
无关宏旨			92		THUOCL
早知今日何必当初			92		THUOCL
杞人之忧			92		THUOCL
杯盘狼藉			92		THUOCL
没齿难忘			92		THUOCL
耳根清净			92		THUOCL
若有所失			92		THUOCL
讲经说法			92		THUOCL
识文断字			92		THUOCL
饱食终日			92		THUOCL
不知就里			91		THUOCL
倒果为因			91		THUOCL
切齿痛恨			91		THUOCL
参差错落			91		THUOCL
天外飞来			91		THUOCL
奇技淫巧			91		THUOCL
子丑寅卯			91		THUOCL
客随主便			91		THUOCL
挟天子以令诸侯			91		THUOCL
文人学士			91		THUOCL
添枝加叶			91		THUOCL
玉树琼枝			91		THUOCL
砍瓜切菜			91		THUOCL
钩心斗角			91		THUOCL
不为五斗米折腰			90		THUOCL
仗义疏财			90		THUOCL
士为知己者死			90		THUOCL
怒火冲天			90		THUOCL
惺惺作态			90		THUOCL
改恶从善			90		THUOCL
有约在先			90		THUOCL
水能载舟亦能覆舟			90		THUOCL
泰山北斗			90		THUOCL
跃马扬鞭			90		THUOCL
转弯抹角			90		THUOCL
一块石头落地			89		THUOCL
专门利人			89		THUOCL
举步艰难			89		THUOCL
利害攸关			89		THUOCL
夸父逐日			89		THUOCL
威信扫地			89		THUOCL
得陇望蜀			89		THUOCL
曲里拐弯			89		THUOCL
枉费心机			89		THUOCL
江山易改			89		THUOCL
没头苍蝇			89		THUOCL
盖世英雄			89		THUOCL
眼观六路耳听八方			89		THUOCL
舍命救人			89		THUOCL
舍身求法			89		THUOCL
薄情寡义			89		THUOCL
谈笑有鸿儒			89		THUOCL
贪多嚼不烂			89		THUOCL
踏破铁鞋			89		THUOCL
遥遥相对			89		THUOCL
长夜漫漫			89		THUOCL
食不下咽			89		THUOCL
不药而愈			88		THUOCL
冲口而出			88		THUOCL
刀枪剑戟			88		THUOCL
在此一举			88		THUOCL
城门失火殃及池鱼			88		THUOCL
大头小尾			88		THUOCL
当断不断			88		THUOCL
忠肝义胆			88		THUOCL
成事不足			88		THUOCL
成群结伙			88		THUOCL
成败在此一举			88		THUOCL
扶危救困			88		THUOCL
暗箭伤人			88		THUOCL
杳无踪影			88		THUOCL
目不忍睹			88		THUOCL
绝口不谈			88		THUOCL
胜读十年书			88		THUOCL
身无长物			88		THUOCL
静若处子			88		THUOCL
一天一地			87		THUOCL
一触即溃			87		THUOCL
不知凡几			87		THUOCL
不识抬举			87		THUOCL
力有未逮			87		THUOCL
吹胡子瞪眼			87		THUOCL
头昏目眩			87		THUOCL
始于足下			87		THUOCL
娓娓动听			87		THUOCL
得意之笔			87		THUOCL
恩断义绝			87		THUOCL
招蜂引蝶			87		THUOCL
桃之夭夭			87		THUOCL
油腔滑调			87		THUOCL
泰山压顶不弯腰			87		THUOCL
济世救人			87		THUOCL
海角天涯			87		THUOCL
清廉正直			87		THUOCL
源源而来			87		THUOCL
熬更守夜			87		THUOCL
片甲不留			87		THUOCL
离奇古怪			87		THUOCL
糟糠之妻			87		THUOCL
邪不胜正			87		THUOCL
一物降一物			86		THUOCL
七十二行			86		THUOCL
买卖公平			86		THUOCL
亲如手足			86		THUOCL
以直报怨			86		THUOCL
十二金钗			86		THUOCL
名垂千古			86		THUOCL
唇红齿白			86		THUOCL
如痴如狂			86		THUOCL
少年夫妻老来伴			86		THUOCL
水中捞月			86		THUOCL
海底捞针			86		THUOCL
百孔千疮			86		THUOCL
空话连篇			86		THUOCL
艺高胆大			86		THUOCL
莫此为甚			86		THUOCL
言人人殊			86		THUOCL
谬种流传			86		THUOCL
一手包揽			85		THUOCL
不落窠臼			85		THUOCL
人为财死			85		THUOCL
人之将死			85		THUOCL
国无宁日			85		THUOCL
官逼民反			85		THUOCL
择邻而居			85		THUOCL
明升暗降			85		THUOCL
春花秋月			85		THUOCL
松鹤延年			85		THUOCL
求仁得仁			85		THUOCL
沁人肺腑			85		THUOCL
相沿成习			85		THUOCL
相辅而行			85		THUOCL
自命清高			85		THUOCL
觊觎之心			85		THUOCL
贼眉鼠眼			85		THUOCL
酒后失言			85		THUOCL
一人之下			84		THUOCL
临危授命			84		THUOCL
云谲波诡			84		THUOCL
人心不足蛇吞象			84		THUOCL
以小人之心			84		THUOCL
侧目而视			84		THUOCL
光复旧物			84		THUOCL
好事之徒			84		THUOCL
当一天和尚撞一天钟			84		THUOCL
渺无音讯			84		THUOCL
独断独行			84		THUOCL
班师回朝			84		THUOCL
神机妙算			84		THUOCL
秋水伊人			84		THUOCL
筋疲力竭			84		THUOCL
绫罗绸缎			84		THUOCL
说长道短			84		THUOCL
三妻四妾			83		THUOCL
东跑西颠			83		THUOCL
以其昏昏			83		THUOCL
包罗万有			83		THUOCL
居大不易			83		THUOCL
水性杨花			83		THUOCL
海阔天高			83		THUOCL
罪恶滔天			83		THUOCL
胜败乃兵家常事			83		THUOCL
胡服骑射			83		THUOCL
行有余力			83		THUOCL
面不改色心不跳			83		THUOCL
魂不附体			83		THUOCL
一朝权在手			82		THUOCL
不知轻重			82		THUOCL
参差不一			82		THUOCL
司马昭之心路人皆知			82		THUOCL
夸父追日			82		THUOCL
无可讳言			82		THUOCL
明修栈道暗度陈仓			82		THUOCL
肥头大耳			82		THUOCL
舍得一身剐			82		THUOCL
鼎足而立			82		THUOCL
万古流芳			81		THUOCL
不知有汉			81		THUOCL
不知死活			81		THUOCL
乐天知命			81		THUOCL
好整以暇			81		THUOCL
宁折不弯			81		THUOCL
废话连篇			81		THUOCL
归根结蒂			81		THUOCL
敬谢不敏			81		THUOCL
月下老人			81		THUOCL
男盗女娼			81		THUOCL
皮之不存毛将焉附			81		THUOCL
碧空万里			81		THUOCL
空口说白话			81		THUOCL
箭在弦上不得不发			81		THUOCL
结发夫妻			81		THUOCL
绣花枕头			81		THUOCL
视如珍宝			81		THUOCL
一叶障目不见泰山			80		THUOCL
剑胆琴心			80		THUOCL
匹夫之勇			80		THUOCL
另请高明			80		THUOCL
大将风度			80		THUOCL
明镜高悬			80		THUOCL
束手待毙			80		THUOCL
水可载舟			80		THUOCL
移山填海			80		THUOCL
穷且益坚			80		THUOCL
自轻自贱			80		THUOCL
蓬荜生辉			80		THUOCL
螳螂捕蝉黄雀在后			80		THUOCL
赤地千里			80		THUOCL
难以理喻			80		THUOCL
鞠躬尽瘁死而后已			80		THUOCL
乘龙快婿			79		THUOCL
争前恐后			79		THUOCL
前堵后追			79		THUOCL
女大十八变			79		THUOCL
宵衣旰食			79		THUOCL
形容憔悴			79		THUOCL
彻底澄清			79		THUOCL
拆东补西			79		THUOCL
日月如梭			79		THUOCL
灿若繁星			79		THUOCL
空谷幽兰			79		THUOCL
穿凿附会			79		THUOCL
视同儿戏			79		THUOCL
不名一文			78		THUOCL
不矜细行			78		THUOCL
不足为训			78		THUOCL
东郭先生			78		THUOCL
分文不值			78		THUOCL
割据一方			78		THUOCL
力所不逮			78		THUOCL
同心戮力			78		THUOCL
坐地分赃			78		THUOCL
奉天承运			78		THUOCL
定于一尊			78		THUOCL
宛转悠扬			78		THUOCL
开物成务			78		THUOCL
放火烧山			78		THUOCL
敬老尊贤			78		THUOCL
无容身之地			78		THUOCL
极而言之			78		THUOCL
百废待举			78		THUOCL
看菜吃饭			78		THUOCL
竹报平安			78		THUOCL
红颜薄命			78		THUOCL
老子英雄儿好汉			78		THUOCL
花香鸟语			78		THUOCL
衣不解带			78		THUOCL
身历其境			78		THUOCL
躬行实践			78		THUOCL
过而能改			78		THUOCL
饱经风雨			78		THUOCL
一个半个			77		THUOCL
一朝天子一朝臣			77		THUOCL
令人齿冷			77		THUOCL
低声细语			77		THUOCL
养家活口			77		THUOCL
前倨后恭			77		THUOCL
千山万壑			77		THUOCL
四面受敌			77		THUOCL
宏图大志			77		THUOCL
宏图大略			77		THUOCL
小康之家			77		THUOCL
强奸民意			77		THUOCL
感慨系之			77		THUOCL
所见略同			77		THUOCL
明媒正娶			77		THUOCL
春风浩荡			77		THUOCL
自以为得计			77		THUOCL
视为儿戏			77		THUOCL
躬逢其盛			77		THUOCL
雨打风吹			77		THUOCL
不辨真伪			76		THUOCL
人穷志短			76		THUOCL
借古讽今			76		THUOCL
光可鉴人			76		THUOCL
兵不厌诈			76		THUOCL
千门万户			76		THUOCL
地灵人杰			76		THUOCL
始终不懈			76		THUOCL
嫁狗随狗			76		THUOCL
支吾其词			76		THUOCL
星移斗转			76		THUOCL
来去无踪			76		THUOCL
混淆黑白			76		THUOCL
物阜民丰			76		THUOCL
长幼尊卑			76		THUOCL
不吝赐教			75		THUOCL
俯首听命			75		THUOCL
双宿双飞			75		THUOCL
天若有情天亦老			75		THUOCL
家贫如洗			75		THUOCL
富而好礼			75		THUOCL
尽释前嫌			75		THUOCL
当众出丑			75		THUOCL
求才若渴			75		THUOCL
狼奔豕突			75		THUOCL
琼楼玉宇			75		THUOCL
皮笑肉不笑			75		THUOCL
粥少僧多			75		THUOCL
街头巷议			75		THUOCL
败事有余			75		THUOCL
长风破浪			75		THUOCL
鲜衣怒马			75		THUOCL
鸟为食亡			75		THUOCL
龙盘虎踞			75		THUOCL
决一胜负			74		THUOCL
回肠荡气			74		THUOCL
宽宏大度			74		THUOCL
年老色衰			74		THUOCL
弹尽援绝			74		THUOCL
彼此彼此			74		THUOCL
有眼无珠			74		THUOCL
死乞白赖			74		THUOCL
每下愈况			74		THUOCL
流言止于智者			74		THUOCL
物伤其类			74		THUOCL
生米做成熟饭			74		THUOCL
祛病延年			74		THUOCL
福寿双全			74		THUOCL
行而不远			74		THUOCL
读书破万卷			74		THUOCL
述而不作			74		THUOCL
青出于蓝胜于蓝			74		THUOCL
非驴非马			74		THUOCL
额手称庆			74		THUOCL
一碧万顷			73		THUOCL
万头攒动			73		THUOCL
不如归去			73		THUOCL
人穷志不短			73		THUOCL
其实难副			73		THUOCL
天打雷劈			73		THUOCL
好汉不吃眼前亏			73		THUOCL
惟我独尊			73		THUOCL
明月清风			73		THUOCL
月朗星稀			73		THUOCL
比手画脚			73		THUOCL
碧血丹心			73		THUOCL
袒胸露背			73		THUOCL
认贼作父			73		THUOCL
走为上策			73		THUOCL
身心交瘁			73		THUOCL
雀屏中选			73		THUOCL
买空卖空			72		THUOCL
加官进爵			72		THUOCL
千里姻缘一线牵			72		THUOCL
孤魂野鬼			72		THUOCL
山摇地动			72		THUOCL
必有我师			72		THUOCL
感恩图报			72		THUOCL
敢怒不敢言			72		THUOCL
料峭春寒			72		THUOCL
束手无措			72		THUOCL
游必有方			72		THUOCL
率土之滨			72		THUOCL
癞蛤蟆想吃天鹅肉			72		THUOCL
袅袅婷婷			72		THUOCL
锦绣江山			72		THUOCL
争强斗狠			71		THUOCL
先入之见			71		THUOCL
天涯咫尺			71		THUOCL
寻踪觅迹			71		THUOCL
盘古开天地			71		THUOCL
笔墨官司			71		THUOCL
绝代佳人			71		THUOCL
聪明睿智			71		THUOCL
脍不厌细			71		THUOCL
荆楚岁时记			71		THUOCL
铮铮铁汉			71		THUOCL
隔墙有耳			71		THUOCL
高不可及			71		THUOCL
一曝十寒			70		THUOCL
半懂不懂			70		THUOCL
博闻强识			70		THUOCL
厚古薄今			70		THUOCL
同心共济			70		THUOCL
吴下阿蒙			70		THUOCL
应答如流			70		THUOCL
惠而不费			70		THUOCL
慎终如始			70		THUOCL
拒人千里之外			70		THUOCL
掰开揉碎			70		THUOCL
斜风细雨			70		THUOCL
无所不通			70		THUOCL
月朗风清			70		THUOCL
有勇无谋			70		THUOCL
有来无回			70		THUOCL
杳无人烟			70		THUOCL
正心诚意			70		THUOCL
百川归海			70		THUOCL
老鼠过街人人喊打			70		THUOCL
蚕食鲸吞			70		THUOCL
远亲近邻			70		THUOCL
鸡鸣犬吠			70		THUOCL
一口吃个胖子			69		THUOCL
一语破的			69		THUOCL
三句话不离本行			69		THUOCL
不为瓦全			69		THUOCL
不是冤家不聚头			69		THUOCL
世态人情			69		THUOCL
书香人家			69		THUOCL
俯仰之间			69		THUOCL
冰雪聪明			69		THUOCL
奴颜婢膝			69		THUOCL
好学不倦			69		THUOCL
尊姓大名			69		THUOCL
幕天席地			69		THUOCL
徘徊观望			69		THUOCL
忠孝两全			69		THUOCL
成败萧何			69		THUOCL
敢想敢说			69		THUOCL
暮色苍茫			69		THUOCL
河清海晏			69		THUOCL
海底捞月			69		THUOCL
百业萧条			69		THUOCL
破门而出			69		THUOCL
船到桥头自然直			69		THUOCL
虎踞龙盘			69		THUOCL
郁郁苍苍			69		THUOCL
鱼贯而行			69		THUOCL
事缓则圆			68		THUOCL
假手于人			68		THUOCL
凿壁偷光			68		THUOCL
十年树木百年树人			68		THUOCL
半新不旧			68		THUOCL
抱打不平			68		THUOCL
朴素无华			68		THUOCL
琴瑟和谐			68		THUOCL
精力过人			68		THUOCL
美人迟暮			68		THUOCL
车载斗量			68		THUOCL
遥遥在望			68		THUOCL
隐名埋姓			68		THUOCL
颠来倒去			68		THUOCL
一日不见			67		THUOCL
一言为定			67		THUOCL
不足为凭			67		THUOCL
以战养战			67		THUOCL
传为笑谈			67		THUOCL
冰雪严寒			67		THUOCL
名震一时			67		THUOCL
四海升平			67		THUOCL
地利人和			67		THUOCL
山长水远			67		THUOCL
岁寒三友			67		THUOCL
心灰意懒			67		THUOCL
怪模怪样			67		THUOCL
愣头愣脑			67		THUOCL
撒泼打滚			67		THUOCL
无可置喙			67		THUOCL
是非得失			67		THUOCL
暗箭难防			67		THUOCL
狗拿耗子			67		THUOCL
环肥燕瘦			67		THUOCL
立功赎罪			67		THUOCL
立德立言			67		THUOCL
能掐会算			67		THUOCL
蟾宫折桂			67		THUOCL
谈笑自如			67		THUOCL
进退有度			67		THUOCL
难乎其难			67		THUOCL
不容置喙			66		THUOCL
令人起敬			66		THUOCL
以丰补歉			66		THUOCL
倚强凌弱			66		THUOCL
八面威风			66		THUOCL
公平正直			66		THUOCL
功臣自居			66		THUOCL
君臣佐使			66		THUOCL
堂皇富丽			66		THUOCL
天机不可泄露			66		THUOCL
年逾不惑			66		THUOCL
当面锣对面鼓			66		THUOCL
形影相吊			66		THUOCL
急不及待			66		THUOCL
成也萧何败也萧何			66		THUOCL
投鞭断流			66		THUOCL
昏头昏脑			66		THUOCL
有闻必录			66		THUOCL
杯酒释兵权			66		THUOCL
止戈为武			66		THUOCL
瞎子摸鱼			66		THUOCL
福寿康宁			66		THUOCL
股掌之上			66		THUOCL
茕茕孑立			66		THUOCL
豁达大度			66		THUOCL
黯然销魂			66		THUOCL
上无片瓦			65		THUOCL
不过尔尔			65		THUOCL
人多手杂			65		THUOCL
以人为鉴			65		THUOCL
八方支持			65		THUOCL
军容风纪			65		THUOCL
古稀之年			65		THUOCL
呼之即来			65		THUOCL
垂手可得			65		THUOCL
夜阑人静			65		THUOCL
子为父隐			65		THUOCL
寸草春晖			65		THUOCL
山高水远			65		THUOCL
慎重其事			65		THUOCL
旁逸斜出			65		THUOCL
浑身是胆			65		THUOCL
狗仗人势			65		THUOCL
纯属骗局			65		THUOCL
绕梁三日			65		THUOCL
脑满肠肥			65		THUOCL
言者谆谆			65		THUOCL
贪财好色			65		THUOCL
逞强好胜			65		THUOCL
酣然入梦			65		THUOCL
默默无声			65		THUOCL
一无所长			64		THUOCL
举止言谈			64		THUOCL
云消雾散			64		THUOCL
人模狗样			64		THUOCL
其不善者而改之			64		THUOCL
区区小事			64		THUOCL
大巧若拙			64		THUOCL
尺寸之功			64		THUOCL
慢声细语			64		THUOCL
挨门逐户			64		THUOCL
敢怒敢言			64		THUOCL
文武全才			64		THUOCL
无补于事			64		THUOCL
时移势易			64		THUOCL
朝秦暮楚			64		THUOCL
枯瘦如柴			64		THUOCL
柔肠寸断			64		THUOCL
沾花惹草			64		THUOCL
画中有诗			64		THUOCL
立于不败			64		THUOCL
罪该万死			64		THUOCL
羽扇纶巾			64		THUOCL
肝脑涂地			64		THUOCL
虽死犹生			64		THUOCL
见龙卸甲			64		THUOCL
一唱三叹			63		THUOCL
一箭之遥			63		THUOCL
万世师表			63		THUOCL
万语千言			63		THUOCL
不入虎穴			63		THUOCL
东歪西倒			63		THUOCL
兵来将挡水来土掩			63		THUOCL
别树一帜			63		THUOCL
吃软不吃硬			63		THUOCL
地动山摇			63		THUOCL
好声好气			63		THUOCL
弹指之间			63		THUOCL
心口如一			63		THUOCL
敏而好学			63		THUOCL
有耻且格			63		THUOCL
杏花春雨			63		THUOCL
欲加之罪何患无辞			63		THUOCL
母慈子孝			63		THUOCL
烈士暮年			63		THUOCL
用尽心机			63		THUOCL
祸福相依			63		THUOCL
细微末节			63		THUOCL
草蛇灰线			63		THUOCL
长生不死			63		THUOCL
不相为谋			62		THUOCL
为五斗米折腰			62		THUOCL
五方杂处			62		THUOCL
交口赞誉			62		THUOCL
前车可鉴			62		THUOCL
十字街口			62		THUOCL
吉凶祸福			62		THUOCL
名缰利锁			62		THUOCL
多不胜数			62		THUOCL
奉为至宝			62		THUOCL
才疏学浅			62		THUOCL
春生夏长			62		THUOCL
泛泛之交			62		THUOCL
流年似水			62		THUOCL
浮生若梦			62		THUOCL
混混沌沌			62		THUOCL
父为子隐			62		THUOCL
狂风恶浪			62		THUOCL
西出阳关无故人			62		THUOCL
话不投机半句多			62		THUOCL
诲淫诲盗			62		THUOCL
防民之口			62		THUOCL
音容宛在			62		THUOCL
顾盼生辉			62		THUOCL
鱼肉乡里			62		THUOCL
鸡鸣狗吠			62		THUOCL
一夫当关万夫莫开			61		THUOCL
不见兔子不撒鹰			61		THUOCL
人世沧桑			61		THUOCL
低头哈腰			61		THUOCL
别来无恙			61		THUOCL
卖国求荣			61		THUOCL
安家乐业			61		THUOCL
山乡巨变			61		THUOCL
心无挂碍			61		THUOCL
手疾眼快			61		THUOCL
改弦易张			61		THUOCL
有凤来仪			61		THUOCL
来处不易			61		THUOCL
波平浪静			61		THUOCL
狂涛巨浪			61		THUOCL
瓜分豆剖			61		THUOCL
百年之好			61		THUOCL
相机而动			61		THUOCL
置之死地			61		THUOCL
赤身露体			61		THUOCL
逼人太甚			61		THUOCL
金玉其外败絮其中			61		THUOCL
钟鸣鼎食			61		THUOCL
铁面无情			61		THUOCL
一男半女			60		THUOCL
丁丁当当			60		THUOCL
为善最乐			60		THUOCL
乘机而入			60		THUOCL
人不知鬼不觉			60		THUOCL
人事不知			60		THUOCL
债多不愁			60		THUOCL
养虎遗患			60		THUOCL
大门不出二门不迈			60		THUOCL
嫉贤妒能			60		THUOCL
寓意深长			60		THUOCL
扶摇而上			60		THUOCL
旭日初升			60		THUOCL
春满人间			60		THUOCL
楼台亭阁			60		THUOCL
深信不疑			60		THUOCL
清静无为			60		THUOCL
满目青山			60		THUOCL
白云苍狗			60		THUOCL
老于世故			60		THUOCL
胸中块垒			60		THUOCL
诗中有画			60		THUOCL
谈笑自若			60		THUOCL
转战千里			60		THUOCL
锄强扶弱			60		THUOCL
阴曹地府			60		THUOCL
鹊巢鸠占			60		THUOCL
不分轩轾			59		THUOCL
偏信则暗			59		THUOCL
十字街头			59		THUOCL
即兴之作			59		THUOCL
名门闺秀			59		THUOCL
响遏行云			59		THUOCL
存乎一心			59		THUOCL
小不忍则乱大谋			59		THUOCL
庄周梦蝶			59		THUOCL
忸怩作态			59		THUOCL
我见犹怜			59		THUOCL
极目远望			59		THUOCL
海不扬波			59		THUOCL
焉得虎子			59		THUOCL
焚膏继晷			59		THUOCL
用兵如神			59		THUOCL
百花生日			59		THUOCL
相形失色			59		THUOCL
相见时难别亦难			59		THUOCL
知情不举			59		THUOCL
积年累月			59		THUOCL
观者如云			59		THUOCL
调和阴阳			59		THUOCL
辩才无碍			59		THUOCL
雷霆一击			59		THUOCL
霄壤之别			59		THUOCL
两面夹攻			58		THUOCL
义结金兰			58		THUOCL
人活一张脸			58		THUOCL
兄友弟恭			58		THUOCL
博拉尔德			58		THUOCL
如丧考妣			58		THUOCL
姜是老的辣			58		THUOCL
寻根问底			58		THUOCL
年老力衰			58		THUOCL
敲骨吸髓			58		THUOCL
无敌于天下			58		THUOCL
有口无心			58		THUOCL
横行天下			58		THUOCL
正直无私			58		THUOCL
流言飞语			58		THUOCL
玉不琢不成器			58		THUOCL
男大当婚女大当嫁			58		THUOCL
罪恶深重			58		THUOCL
翩若惊鸿			58		THUOCL
一则以喜			57		THUOCL
七窍生烟			57		THUOCL
不幸而言中			57		THUOCL
人寿年丰			57		THUOCL
以身试险			57		THUOCL
公道合理			57		THUOCL
凤凰于飞			57		THUOCL
出将入相			57		THUOCL
口蜜腹剑			57		THUOCL
君子一言			57		THUOCL
天知地知你知我知			57		THUOCL
开花结实			57		THUOCL
披沙拣金			57		THUOCL
明眸善睐			57		THUOCL
是非之心			57		THUOCL
烈火见真金			57		THUOCL
略高一筹			57		THUOCL
百般折磨			57		THUOCL
离乡别井			57		THUOCL
落草为寇			57		THUOCL
血口喷人			57		THUOCL
衣冠禽兽			57		THUOCL
衮衮诸公			57		THUOCL
说千道万			57		THUOCL
财不露白			57		THUOCL
送往迎来			57		THUOCL
避实击虚			57		THUOCL
问鼎中原			57		THUOCL
雕栏玉砌			57		THUOCL
青枝绿叶			57		THUOCL
首尾两端			57		THUOCL
一片冰心			56		THUOCL
不知其可			56		THUOCL
不见棺材不掉泪			56		THUOCL
人多眼杂			56		THUOCL
以子之矛攻子之盾			56		THUOCL
六道轮回			56		THUOCL
养兵千日用兵一时			56		THUOCL
刀山火海			56		THUOCL
初试锋芒			56		THUOCL
刻骨仇恨			56		THUOCL
吹面不寒杨柳风			56		THUOCL
天下本无事			56		THUOCL
奸淫掳掠			56		THUOCL
平地一声雷			56		THUOCL
弄巧反拙			56		THUOCL
摇尾乞怜			56		THUOCL
柳绿花红			56		THUOCL
死不足惜			56		THUOCL
水光山色			56		THUOCL
永垂青史			56		THUOCL
畸重畸轻			56		THUOCL
积小成大			56		THUOCL
自愧弗如			56		THUOCL
足不出门			56		THUOCL
人非圣贤孰能无过			55		THUOCL
以古为镜			55		THUOCL
佶屈聱牙			55		THUOCL
决一雌雄			55		THUOCL
哭天抹泪			55		THUOCL
大仁大义			55		THUOCL
夫子自道			55		THUOCL
小人得志			55		THUOCL
引以为耻			55		THUOCL
徐娘半老			55		THUOCL
扬幡招魂			55		THUOCL
救民于水火			55		THUOCL
无可无不可			55		THUOCL
民胞物与			55		THUOCL
煞费心机			55		THUOCL
狗头军师			55		THUOCL
短小精干			55		THUOCL
硕大无朋			55		THUOCL
神思恍惚			55		THUOCL
穷奢极侈			55		THUOCL
笼中之鸟			55		THUOCL
绿肥红瘦			55		THUOCL
莫可奈何			55		THUOCL
覆巢之下无完卵			55		THUOCL
贵在知心			55		THUOCL
走为上计			55		THUOCL
铁壁铜墙			55		THUOCL
驽马十驾			55		THUOCL
上知天文下知地理			54		THUOCL
不值一哂			54		THUOCL
不识好歹			54		THUOCL
借坡下驴			54		THUOCL
儿女情长			54		THUOCL
八字没一撇			54		THUOCL
刁钻古怪			54		THUOCL
十二万分			54		THUOCL
危急存亡			54		THUOCL
四方八面			54		THUOCL
天时不如地利			54		THUOCL
太平盛世			54		THUOCL
将功赎罪			54		THUOCL
弃如敝屣			54		THUOCL
得意之色			54		THUOCL
有其父必有其子			54		THUOCL
火上添油			54		THUOCL
百读不厌			54		THUOCL
私心杂念			54		THUOCL
称心满意			54		THUOCL
篡党夺权			54		THUOCL
芬芳馥郁			54		THUOCL
草草收兵			54		THUOCL
藏头露尾			54		THUOCL
饱暖思淫欲			54		THUOCL
鼎足之势			54		THUOCL
一孔之见			53		THUOCL
一物不知			53		THUOCL
两虎相争			53		THUOCL
只知其一			53		THUOCL
喃喃细语			53		THUOCL
地利不如人和			53		THUOCL
大吹大擂			53		THUOCL
大谬不然			53		THUOCL
头悬梁锥刺股			53		THUOCL
屡次三番			53		THUOCL
弥天大祸			53		THUOCL
悠游自在			53		THUOCL
本小利薄			53		THUOCL
残兵败将			53		THUOCL
毫不利己专门利人			53		THUOCL
洞察秋毫			53		THUOCL
深恶痛疾			53		THUOCL
漫天开价			53		THUOCL
相煎何急			53		THUOCL
稍胜一筹			53		THUOCL
聚讼纷纭			53		THUOCL
蜚短流长			53		THUOCL
贪小失大			53		THUOCL
送旧迎新			53		THUOCL
风云变色			53		THUOCL
餐风露宿			53		THUOCL
丢盔卸甲			52		THUOCL
于今为烈			52		THUOCL
以夷制夷			52		THUOCL
先小人后君子			52		THUOCL
六根清净			52		THUOCL
宽大为怀			52		THUOCL
排难解纷			52		THUOCL
无从置喙			52		THUOCL
淡泊以明志			52		THUOCL
白手兴家			52		THUOCL
白浪滔天			52		THUOCL
百足之虫			52		THUOCL
置之死地而后快			52		THUOCL
诗礼传家			52		THUOCL
轻于鸿毛			52		THUOCL
雍容典雅			52		THUOCL
非分之想			52		THUOCL
驻颜有术			52		THUOCL
不足为据			51		THUOCL
丑态毕露			51		THUOCL
人人得而诛之			51		THUOCL
后悔不及			51		THUOCL
坦然自若			51		THUOCL
士别三日			51		THUOCL
少安毋躁			51		THUOCL
崛地而起			51		THUOCL
戴高帽子			51		THUOCL
晓风残月			51		THUOCL
森严壁垒			51		THUOCL
水过地皮湿			51		THUOCL
涕泪交加			51		THUOCL
甘之若饴			51		THUOCL
百病丛生			51		THUOCL
相反相成			51		THUOCL
知人知面不知心			51		THUOCL
神不守舍			51		THUOCL
脉脉含情			51		THUOCL
酒囊饭袋			51		THUOCL
金口玉言			51		THUOCL
一动不如一静			50		THUOCL
一抔黄土			50		THUOCL
不求闻达			50		THUOCL
不生不灭			50		THUOCL
不蔓不枝			50		THUOCL
兵马未动粮草先行			50		THUOCL
史不绝书			50		THUOCL
夜不成寐			50		THUOCL
妇人之仁			50		THUOCL
峨冠博带			50		THUOCL
急如星火			50		THUOCL
成事不足败事有余			50		THUOCL
撒豆成兵			50		THUOCL
新来乍到			50		THUOCL
杀鸡骇猴			50		THUOCL
聪颖过人			50		THUOCL
脉络分明			50		THUOCL
血染沙场			50		THUOCL
饱汉不知饿汉饥			50		THUOCL
饱经忧患			50		THUOCL
首善之地			50		THUOCL
一枕黄粱			49		THUOCL
不无小补			49		THUOCL
人无远虑必有近忧			49		THUOCL
人间重晚晴			49		THUOCL
勇者不惧			49		THUOCL
单丝不成线			49		THUOCL
唾面自干			49		THUOCL
官样文章			49		THUOCL
宝马香车			49		THUOCL
将熊熊一窝			49		THUOCL
心焦如焚			49		THUOCL
意在言外			49		THUOCL
所费不赀			49		THUOCL
期期艾艾			49		THUOCL
法不阿贵			49		THUOCL
浩浩汤汤			49		THUOCL
猜拳行令			49		THUOCL
真伪莫辨			49		THUOCL
福无双至			49		THUOCL
积毁销骨			49		THUOCL
缩衣节食			49		THUOCL
脸红耳赤			49		THUOCL
言之谆谆			49		THUOCL
转忧为喜			49		THUOCL
轻装简从			49		THUOCL
逢山开道			49		THUOCL
青灯黄卷			49		THUOCL
顾头不顾尾			49		THUOCL
一笑一颦			48		THUOCL
三宫六院			48		THUOCL
五里雾中			48		THUOCL
众口相传			48		THUOCL
余味无穷			48		THUOCL
倏忽之间			48		THUOCL
借贷无门			48		THUOCL
千金不换			48		THUOCL
卖儿卖女			48		THUOCL
只知其一不知其二			48		THUOCL
命里注定			48		THUOCL
士可杀不可辱			48		THUOCL
天不作美			48		THUOCL
天清气朗			48		THUOCL
寿山福海			48		THUOCL
尔俸尔禄			48		THUOCL
开国元老			48		THUOCL
放纵不羁			48		THUOCL
数见不鲜			48		THUOCL
整军经武			48		THUOCL
文采风流			48		THUOCL
犯上作乱			48		THUOCL
知人论世			48		THUOCL
穷家富路			48		THUOCL
老羞成怒			48		THUOCL
苦不聊生			48		THUOCL
言笑晏晏			48		THUOCL
追根求源			48		THUOCL
金刚怒目			48		THUOCL
铁嘴钢牙			48		THUOCL
骨肉至亲			48		THUOCL
万事胜意			47		THUOCL
万里长征			47		THUOCL
三拳两脚			47		THUOCL
不避艰险			47		THUOCL
亦复如是			47		THUOCL
以守为攻			47		THUOCL
南船北马			47		THUOCL
少不经事			47		THUOCL
恒河沙数			47		THUOCL
打铁趁热			47		THUOCL
拒人千里			47		THUOCL
旁枝末节			47		THUOCL
无隙可乘			47		THUOCL
明枪易躲			47		THUOCL
智者千虑			47		THUOCL
父母之邦			47		THUOCL
狼心狗肺			47		THUOCL
皇天不负苦心人			47		THUOCL
离合悲欢			47		THUOCL
绳锯木断			47		THUOCL
艰深晦涩			47		THUOCL
血泪斑斑			47		THUOCL
见利思义			47		THUOCL
谆谆善诱			47		THUOCL
过路财神			47		THUOCL
酒肉朋友			47		THUOCL
闭门读书			47		THUOCL
防民之口甚于防川			47		THUOCL
霞光万道			47		THUOCL
面如死灰			47		THUOCL
驰名天下			47		THUOCL
从容自在			46		THUOCL
令出必行			46		THUOCL
何足挂齿			46		THUOCL
别有天地			46		THUOCL
半文半白			46		THUOCL
大有可观			46		THUOCL
夹枪带棒			46		THUOCL
寓情于景			46		THUOCL
岁月不居			46		THUOCL
广征博引			46		THUOCL
弃旧图新			46		THUOCL
恻隐之心			46		THUOCL
惊慌失色			46		THUOCL
打铁先得自身硬			46		THUOCL
掎角之势			46		THUOCL
无始无终			46		THUOCL
日思夜盼			46		THUOCL
旷世奇才			46		THUOCL
曲不离口			46		THUOCL
杀父之仇			46		THUOCL
栉比鳞次			46		THUOCL
桃李遍天下			46		THUOCL
狗屁不通			46		THUOCL
百废俱兴			46		THUOCL
稀世之宝			46		THUOCL
要而言之			46		THUOCL
视而不见听而不闻			46		THUOCL
议论纷纭			46		THUOCL
豺狼虎豹			46		THUOCL
迁怒于人			46		THUOCL
进道若退			46		THUOCL
香车宝马			46		THUOCL
一日三省			45		THUOCL
不到黄河心不死			45		THUOCL
东游西逛			45		THUOCL
临渴掘井			45		THUOCL
仰之弥高			45		THUOCL
位极人臣			45		THUOCL
兔死狗烹			45		THUOCL
凭空捏造			45		THUOCL
别出新意			45		THUOCL
勿谓言之不预也			45		THUOCL
半部论语治天下			45		THUOCL
吉人自有天相			45		THUOCL
哀兵必胜			45		THUOCL
四肢百骸			45		THUOCL
存而不论			45		THUOCL
富贵在天			45		THUOCL
寻章摘句			45		THUOCL
形销骨立			45		THUOCL
截长补短			45		THUOCL
毫无所知			45		THUOCL
深宅大院			45		THUOCL
生死不渝			45		THUOCL
痛入骨髓			45		THUOCL
知其不可而为之			45		THUOCL
苦海无边			45		THUOCL
荒唐无稽			45		THUOCL
莫可名状			45		THUOCL
莫测高深			45		THUOCL
趑趄不前			45		THUOCL
酒色财气			45		THUOCL
雪泥鸿爪			45		THUOCL
一口一声			44		THUOCL
一报还一报			44		THUOCL
下笔千言			44		THUOCL
不见棺材不落泪			44		THUOCL
人情世态			44		THUOCL
从容自若			44		THUOCL
再三再四			44		THUOCL
冷血动物			44		THUOCL
剑及履及			44		THUOCL
囊萤映雪			44		THUOCL
大得人心			44		THUOCL
安如泰山			44		THUOCL
寝不安席			44		THUOCL
开门揖盗			44		THUOCL
志大才疏			44		THUOCL
愧不敢当			44		THUOCL
文房四宝			44		THUOCL
斩关夺隘			44		THUOCL
死记硬背			44		THUOCL
油光可鉴			44		THUOCL
清闲自在			44		THUOCL
甚于防川			44		THUOCL
瞒上欺下			44		THUOCL
秀才不出门			44		THUOCL
纷纷攘攘			44		THUOCL
若明若暗			44		THUOCL
豪放不羁			44		THUOCL
金马碧鸡			44		THUOCL
风月无边			44		THUOCL
一往而深			43		THUOCL
万万千千			43		THUOCL
临机应变			43		THUOCL
为人作嫁			43		THUOCL
予取予夺			43		THUOCL
争妍斗艳			43		THUOCL
交杯换盏			43		THUOCL
何其相似乃尔			43		THUOCL
余音缭绕			43		THUOCL
千金一诺			43		THUOCL
危急存亡之秋			43		THUOCL
大发议论			43		THUOCL
大喊大叫			43		THUOCL
姑妄言之			43		THUOCL
密不通风			43		THUOCL
弥天大罪			43		THUOCL
拉拉杂杂			43		THUOCL
无源之水无本之木			43		THUOCL
日月经天			43		THUOCL
显露头角			43		THUOCL
步人后尘			43		THUOCL
江天一色			43		THUOCL
沉郁顿挫			43		THUOCL
油光水滑			43		THUOCL
滴水成河			43		THUOCL
索然寡味			43		THUOCL
蛇蝎心肠			43		THUOCL
贼头贼脑			43		THUOCL
风流云散			43		THUOCL
风牛马不相及			43		THUOCL
不容置辩			42		THUOCL
不揣冒昧			42		THUOCL
不测之忧			42		THUOCL
东摇西摆			42		THUOCL
东游西荡			42		THUOCL
乐而不淫			42		THUOCL
人心隔肚皮			42		THUOCL
俯仰无愧			42		THUOCL
入地无门			42		THUOCL
兵多将广			42		THUOCL
兵无常势			42		THUOCL
再造之恩			42		THUOCL
出门在外			42		THUOCL
加油添醋			42		THUOCL
和光同尘			42		THUOCL
大中至正			42		THUOCL
天差地远			42		THUOCL
巫山云雨			42		THUOCL
异香扑鼻			42		THUOCL
必有一失			42		THUOCL
恩怨分明			42		THUOCL
抚今思昔			42		THUOCL
挨打受骂			42		THUOCL
无风三尺浪			42		THUOCL
杀伐决断			42		THUOCL
浪迹江湖			42		THUOCL
爱财如命			42		THUOCL
牛高马大			42		THUOCL
独往独来			42		THUOCL
生财之道			42		THUOCL
百岁之后			42		THUOCL
立身行事			42		THUOCL
笔酣墨饱			42		THUOCL
管鲍之交			42		THUOCL
老之将至			42		THUOCL
能者为师			42		THUOCL
薪尽火传			42		THUOCL
虱多不痒			42		THUOCL
视死如生			42		THUOCL
言出法随			42		THUOCL
言必信行必果			42		THUOCL
誓死不屈			42		THUOCL
说东道西			42		THUOCL
顿足捶胸			42		THUOCL
骨肉离散			42		THUOCL
一是一二是二			41		THUOCL
人之常情			41		THUOCL
功到自然成			41		THUOCL
勒索敲诈			41		THUOCL
十八层地狱			41		THUOCL
双管猎枪			41		THUOCL
含英咀华			41		THUOCL
好善乐施			41		THUOCL
安步当车			41		THUOCL
宾客如云			41		THUOCL
密密层层			41		THUOCL
对症之药			41		THUOCL
岁寒知松柏			41		THUOCL
平时不烧香			41		THUOCL
摇唇鼓舌			41		THUOCL
旧调重弹			41		THUOCL
昼伏夜行			41		THUOCL
朽木不可雕			41		THUOCL
杜鹃啼血			41		THUOCL
来回来去			41		THUOCL
来者可追			41		THUOCL
炼石补天			41		THUOCL
相机行事			41		THUOCL
瞬息之间			41		THUOCL
程门立雪			41		THUOCL
自出机杼			41		THUOCL
自我吹嘘			41		THUOCL
自我陶醉			41		THUOCL
诱敌深入			41		THUOCL
项庄舞剑意在沛公			41		THUOCL
风土人情			41		THUOCL
饿虎扑食			41		THUOCL
骨肉相残			41		THUOCL
一笔抹杀			40		THUOCL
三十六行			40		THUOCL
人弃我取			40		THUOCL
决胜于千里之外			40		THUOCL
十目所视			40		THUOCL
卓然不群			40		THUOCL
名重一时			40		THUOCL
吹牛拍马			40		THUOCL
周公吐哺			40		THUOCL
外方内圆			40		THUOCL
妙手偶得			40		THUOCL
富商大贾			40		THUOCL
所答非所问			40		THUOCL
拣了芝麻丢了西瓜			40		THUOCL
推三推四			40		THUOCL
攻其一点不及其余			40		THUOCL
放马后炮			40		THUOCL
断线风筝			40		THUOCL
无人之地			40		THUOCL
无可名状			40		THUOCL
是非自有公论			40		THUOCL
杳如黄鹤			40		THUOCL
江山易改本性难移			40		THUOCL
浓眉大眼			40		THUOCL
独排众议			40		THUOCL
瘦骨如柴			40		THUOCL
竖子成名			40		THUOCL
胸无点墨			40		THUOCL
膏腴之地			40		THUOCL
舍己为公			40		THUOCL
芝兰之室			40		THUOCL
荦荦大者			40		THUOCL
蓬生麻中			40		THUOCL
误入歧途			40		THUOCL
诸恶莫作			40		THUOCL
载沉载浮			40		THUOCL
道路以目			40		THUOCL
酒后无德			40		THUOCL
钻心刺骨			40		THUOCL
顾盼生姿			40		THUOCL
五行八作			39		THUOCL
人为刀俎我为鱼肉			39		THUOCL
人间天上			39		THUOCL
仁义之师			39		THUOCL
众怒难犯			39		THUOCL
功高震主			39		THUOCL
卖弄风骚			39		THUOCL
名山胜水			39		THUOCL
坐收渔人之利			39		THUOCL
外刚内柔			39		THUOCL
大放光明			39		THUOCL
奇光异彩			39		THUOCL
小户人家			39		THUOCL
尖嘴猴腮			39		THUOCL
山南海北			39		THUOCL
弃若敝屣			39		THUOCL
急赤白脸			39		THUOCL
无所不晓			39		THUOCL
无风起浪			39		THUOCL
昏头转向			39		THUOCL
江河行地			39		THUOCL
沐猴而冠			39		THUOCL
沧海遗珠			39		THUOCL
油头粉面			39		THUOCL
焚林而猎			39		THUOCL
瓦釜雷鸣			39		THUOCL
疮痍满目			39		THUOCL
白璧无瑕			39		THUOCL
白色恐怖			39		THUOCL
皇天后土			39		THUOCL
直认不讳			39		THUOCL
知无不言言无不尽			39		THUOCL
碎尸万段			39		THUOCL
舍身为国			39		THUOCL
茫无头绪			39		THUOCL
落落大方			39		THUOCL
谓予不信			39		THUOCL
败军之将			39		THUOCL
适逢其会			39		THUOCL
露水夫妻			39		THUOCL
顺时而动			39		THUOCL
风行草偃			39		THUOCL
香火不绝			39		THUOCL
鼎新革故			39		THUOCL
龙潭虎穴			39		THUOCL
万死不辞			38		THUOCL
上天无路			38		THUOCL
下车伊始			38		THUOCL
不情之请			38		THUOCL
不违农时			38		THUOCL
东征西讨			38		THUOCL
云中白鹤			38		THUOCL
人心大快			38		THUOCL
人情之常			38		THUOCL
人面兽心			38		THUOCL
创巨痛深			38		THUOCL
嘻皮笑脸			38		THUOCL
国家兴亡匹夫有责			38		THUOCL
天兵天将			38		THUOCL
婆娑起舞			38		THUOCL
屏声静气			38		THUOCL
恶声恶气			38		THUOCL
成败利钝			38		THUOCL
扬名四海			38		THUOCL
抽刀断水			38		THUOCL
拈花微笑			38		THUOCL
捉刀代笔			38		THUOCL
断断续续			38		THUOCL
梅妻鹤子			38		THUOCL
流水无情			38		THUOCL
流离颠沛			38		THUOCL
深山幽谷			38		THUOCL
游目骋怀			38		THUOCL
焚琴煮鹤			38		THUOCL
稗官野史			38		THUOCL
花花世界			38		THUOCL
表里一致			38		THUOCL
超凡入圣			38		THUOCL
过门不入			38		THUOCL
长乐未央			38		THUOCL
黯然伤神			38		THUOCL
一掷百万			37		THUOCL
一误再误			37		THUOCL
丁是丁卯是卯			37		THUOCL
不见经传			37		THUOCL
串亲访友			37		THUOCL
人不犯我我不犯人			37		THUOCL
人心难测			37		THUOCL
以子之矛			37		THUOCL
克己慎行			37		THUOCL
八万四千			37		THUOCL
千依百顺			37		THUOCL
千姿万态			37		THUOCL
千难万苦			37		THUOCL
君子固穷			37		THUOCL
喟然长叹			37		THUOCL
囊中取物			37		THUOCL
大张声势			37		THUOCL
大题小做			37		THUOCL
天下兴亡匹夫有责			37		THUOCL
如椽之笔			37		THUOCL
学然后知不足			37		THUOCL
小手小脚			37		THUOCL
忍辱偷生			37		THUOCL
挂冠求去			37		THUOCL
挈妇将雏			37		THUOCL
敬若神明			37		THUOCL
断井颓垣			37		THUOCL
无事不登三宝殿			37		THUOCL
有进无退			37		THUOCL
牢骚太盛防肠断			37		THUOCL
玉洁冰清			37		THUOCL
白刀子进红刀子出			37		THUOCL
盘根问底			37		THUOCL
知止不殆			37		THUOCL
罪魁祸首			37		THUOCL
耸入云霄			37		THUOCL
芙蓉出水			37		THUOCL
蚍蜉撼树			37		THUOCL
血盆大口			37		THUOCL
衣锦夜行			37		THUOCL
视为知己			37		THUOCL
转悲为喜			37		THUOCL
过河卒子			37		THUOCL
进德修业			37		THUOCL
追根问底			37		THUOCL
非同儿戏			37		THUOCL
非学无以广才			37		THUOCL
风吹云散			37		THUOCL
鲸吞蚕食			37		THUOCL
一人之下万人之上			36		THUOCL
一时三刻			36		THUOCL
不识大体			36		THUOCL
临事而惧			36		THUOCL
久旱逢甘雨			36		THUOCL
二者不可得兼			36		THUOCL
人来客往			36		THUOCL
令出如山			36		THUOCL
以古喻今			36		THUOCL
传诵一时			36		THUOCL
卖文为生			36		THUOCL
呵欠连天			36		THUOCL
四时八节			36		THUOCL
地覆天翻			36		THUOCL
多言多语			36		THUOCL
大放悲声			36		THUOCL
如人饮水冷暖自知			36		THUOCL
威风扫地			36		THUOCL
居功厥伟			36		THUOCL
形只影单			36		THUOCL
慨然应允			36		THUOCL
持盈保泰			36		THUOCL
指腹为婚			36		THUOCL
梦幻泡影			36		THUOCL
民生在勤			36		THUOCL
没轻没重			36		THUOCL
治丝益棼			36		THUOCL
清风两袖			36		THUOCL
甘居人后			36		THUOCL
由衷之言			36		THUOCL
知命之年			36		THUOCL
穷极无聊			36		THUOCL
窥豹一斑			36		THUOCL
终成泡影			36		THUOCL
绝路逢生			36		THUOCL
耳朵起茧			36		THUOCL
胜不骄败不馁			36		THUOCL
舍命陪君子			36		THUOCL
虎口逃生			36		THUOCL
视民如伤			36		THUOCL
言之无文			36		THUOCL
迟疑不定			36		THUOCL
顾盼自雄			36		THUOCL
风中之烛			36		THUOCL
骄兵必败			36		THUOCL
一无所求			35		THUOCL
一蹴可几			35		THUOCL
中外合璧			35		THUOCL
事出无奈			35		THUOCL
人生路不熟			35		THUOCL
仇人相见			35		THUOCL
以古为鉴			35		THUOCL
假仁假义			35		THUOCL
偷鸡不着蚀把米			35		THUOCL
卑之无甚高论			35		THUOCL
取精用宏			35		THUOCL
口出不逊			35		THUOCL
吉人天相			35		THUOCL
同轴电缆			35		THUOCL
大嚷大叫			35		THUOCL
奇风异俗			35		THUOCL
嫁鸡随鸡嫁狗随狗			35		THUOCL
安邦治国			35		THUOCL
小时了了			35		THUOCL
形格势禁			35		THUOCL
悔之莫及			35		THUOCL
惊疑不定			35		THUOCL
慷慨赴义			35		THUOCL
有眼不识泰山			35		THUOCL
民贵君轻			35		THUOCL
气喘如牛			35		THUOCL
漫天遍野			35		THUOCL
激昂慷慨			35		THUOCL
爽心悦目			35		THUOCL
犁庭扫穴			35		THUOCL
目无尊长			35		THUOCL
眼明心亮			35		THUOCL
瞠乎其后			35		THUOCL
知足者常乐			35		THUOCL
穷山僻壤			35		THUOCL
穿红着绿			35		THUOCL
立业成家			35		THUOCL
肆虐横行			35		THUOCL
舍身成仁			35		THUOCL
蜀中无大将			35		THUOCL
行成于思			35		THUOCL
规行矩步			35		THUOCL
计上心头			35		THUOCL
载舟覆舟			35		THUOCL
连战皆捷			35		THUOCL
选贤举能			35		THUOCL
银样镴枪头			35		THUOCL
险遭不测			35		THUOCL
鞍马劳顿			35		THUOCL
鸾凤和鸣			35		THUOCL
麻姑献寿			35		THUOCL
七步成诗			34		THUOCL
不入虎穴焉得虎子			34		THUOCL
不徐不疾			34		THUOCL
不足为道			34		THUOCL
丝竹管弦			34		THUOCL
临深履薄			34		THUOCL
乱臣贼子			34		THUOCL
人心齐泰山移			34		THUOCL
仓皇失措			34		THUOCL
千秋万世			34		THUOCL
半斤对八两			34		THUOCL
历历可见			34		THUOCL
和气致祥			34		THUOCL
坐拥书城			34		THUOCL
天理昭昭			34		THUOCL
头角峥嵘			34		THUOCL
如坐春风			34		THUOCL
孺子可教			34		THUOCL
尽信书不如无书			34		THUOCL
履险如夷			34		THUOCL
开科取士			34		THUOCL
怀璧其罪			34		THUOCL
急急如律令			34		THUOCL
意义深长			34		THUOCL
成千成万			34		THUOCL
文理不通			34		THUOCL
易地而处			34		THUOCL
星星点点			34		THUOCL
未为不可			34		THUOCL
残渣余孽			34		THUOCL
水碧山青			34		THUOCL
清华东门			34		THUOCL
漫无止境			34		THUOCL
牛之一毛			34		THUOCL
留恋不舍			34		THUOCL
百足之虫死而不僵			34		THUOCL
空谷足音			34		THUOCL
纡尊降贵			34		THUOCL
羽毛丰满			34		THUOCL
臧否人物			34		THUOCL
花花型警			34		THUOCL
行不更名			34		THUOCL
谬误百出			34		THUOCL
迎神赛会			34		THUOCL
食言而肥			34		THUOCL
骨鲠在喉			34		THUOCL
黄口小儿			34		THUOCL
一隅之地			33		THUOCL
三朋四友			33		THUOCL
不可言状			33		THUOCL
不知所言			33		THUOCL
五短身材			33		THUOCL
五马分尸			33		THUOCL
亢龙有悔			33		THUOCL
以管窥豹			33		THUOCL
出师有名			33		THUOCL
刀光血影			33		THUOCL
切磋琢磨			33		THUOCL
反哺之情			33		THUOCL
塞北江南			33		THUOCL
夹道欢呼			33		THUOCL
奔腾澎湃			33		THUOCL
好学深思			33		THUOCL
年高德劭			33		THUOCL
强将手下无弱兵			33		THUOCL
怨天怨地			33		THUOCL
扬清抑浊			33		THUOCL
挖肉补疮			33		THUOCL
操纵自如			33		THUOCL
擒贼擒王			33		THUOCL
放浪不羁			33		THUOCL
无功受禄			33		THUOCL
旦夕之间			33		THUOCL
有案可稽			33		THUOCL
欺人之谈			33		THUOCL
殚精竭力			33		THUOCL
求其友声			33		THUOCL
求神问卜			33		THUOCL
汉贼不两立			33		THUOCL
江汉朝宗			33		THUOCL
瓮声瓮气			33		THUOCL
百花齐放百家争鸣			33		THUOCL
目迷五色			33		THUOCL
积善之家必有余庆			33		THUOCL
老王卖瓜			33		THUOCL
自由泛滥			33		THUOCL
荒淫无道			33		THUOCL
观者云集			33		THUOCL
观者如堵			33		THUOCL
进身之阶			33		THUOCL
逐句逐字			33		THUOCL
釜底之鱼			33		THUOCL
零乱不堪			33		THUOCL
顺我者昌逆我者亡			33		THUOCL
饕餮之徒			33		THUOCL
鹅毛大雪			33		THUOCL
一瓣心香			32		THUOCL
一言中的			32		THUOCL
三千里江山			32		THUOCL
三申五令			32		THUOCL
上有天堂下有苏杭			32		THUOCL
不差毫厘			32		THUOCL
与人方便自己方便			32		THUOCL
乘隙而入			32		THUOCL
仰不愧天			32		THUOCL
信口胡诌			32		THUOCL
免开尊口			32		THUOCL
兴国安邦			32		THUOCL
出于意外			32		THUOCL
初生之犊			32		THUOCL
千峰万壑			32		THUOCL
半壁河山			32		THUOCL
博学多闻			32		THUOCL
去头去尾			32		THUOCL
口含天宪			32		THUOCL
名士风流			32		THUOCL
含血喷人			32		THUOCL
听其自然			32		THUOCL
吴头楚尾			32		THUOCL
夫贵妻荣			32		THUOCL
失败为成功之母			32		THUOCL
存亡续绝			32		THUOCL
它山之石可以攻玉			32		THUOCL
宠辱皆忘			32		THUOCL
富贵逼人			32		THUOCL
忧谗畏讥			32		THUOCL
恭敬不如从命			32		THUOCL
慨当以慷			32		THUOCL
抑郁寡欢			32		THUOCL
有志不在年高			32		THUOCL
李广难封			32		THUOCL
杯中之物			32		THUOCL
杳无人迹			32		THUOCL
杳无消息			32		THUOCL
毫无逊色			32		THUOCL
河海不择细流			32		THUOCL
满目琳琅			32		THUOCL
牛头马面			32		THUOCL
犀牛望月			32		THUOCL
百折不屈			32		THUOCL
百折千回			32		THUOCL
百花凋零			32		THUOCL
知足不辱			32		THUOCL
础润而雨			32		THUOCL
肤如凝脂			32		THUOCL
落花有意			32		THUOCL
见风转舵			32		THUOCL
贫贱不移			32		THUOCL
踌躇不决			32		THUOCL
青山不老			32		THUOCL
面无人色			32		THUOCL
风行水上			32		THUOCL
高头讲章			32		THUOCL
鬼头鬼脑			32		THUOCL
黄钟毁弃			32		THUOCL
黑白混淆			32		THUOCL
龙生龙凤生凤			32		THUOCL
一箭之地			31		THUOCL
万贯家财			31		THUOCL
上不着天			31		THUOCL
不关痛痒			31		THUOCL
不差上下			31		THUOCL
关心民瘼			31		THUOCL
凭空臆造			31		THUOCL
可乘之隙			31		THUOCL
吉日良辰			31		THUOCL
名实相副			31		THUOCL
夙夜匪懈			31		THUOCL
天理人情			31		THUOCL
寂然无声			31		THUOCL
强中更有强中手			31		THUOCL
恩威并重			31		THUOCL
惩一儆百			31		THUOCL
慷慨激扬			31		THUOCL
才德兼备			31		THUOCL
拳不离手			31		THUOCL
攻子之盾			31		THUOCL
明白如话			31		THUOCL
有福同享有难同当			31		THUOCL
朗朗乾坤			31		THUOCL
欲扬先抑			31		THUOCL
母以子贵			31		THUOCL
求过于供			31		THUOCL
沦落风尘			31		THUOCL
泥古不化			31		THUOCL
玉液琼浆			31		THUOCL
田连阡陌			31		THUOCL
画栋雕梁			31		THUOCL
百弊丛生			31		THUOCL
目不忍视			31		THUOCL
睥睨一切			31		THUOCL
笨嘴拙舌			31		THUOCL
经纬万端			31		THUOCL
罚不当罪			31		THUOCL
肉眼凡胎			31		THUOCL
薄技在身			31		THUOCL
装潢门面			31		THUOCL
诚心正意			31		THUOCL
谈天论地			31		THUOCL
迟疑观望			31		THUOCL
铜壶滴漏			31		THUOCL
青灯古佛			31		THUOCL
马前泼水			31		THUOCL
一悲一喜			30		THUOCL
三寸之舌			30		THUOCL
三心两意			30		THUOCL
三月不知肉味			30		THUOCL
不在其位不谋其政			30		THUOCL
不平之鸣			30		THUOCL
不改其乐			30		THUOCL
不知肉味			30		THUOCL
不系之舟			30		THUOCL
东扯西拉			30		THUOCL
九死不悔			30		THUOCL
人多口杂			30		THUOCL
人心叵测			30		THUOCL
仇人相见分外眼红			30		THUOCL
以其昏昏使人昭昭			30		THUOCL
其奈我何			30		THUOCL
冯唐易老			30		THUOCL
出乖露丑			30		THUOCL
出头的椽子先烂			30		THUOCL
刻画入微			30		THUOCL
图穷匕首见			30		THUOCL
大度包容			30		THUOCL
大肆铺张			30		THUOCL
天王老子			30		THUOCL
奇花异卉			30		THUOCL
女流之辈			30		THUOCL
好骑者堕			30		THUOCL
如见其人			30		THUOCL
小惩大诫			30		THUOCL
左右两难			30		THUOCL
庐山真面			30		THUOCL
心神恍惚			30		THUOCL
怀忧丧志			30		THUOCL
手脚干净			30		THUOCL
报仇雪耻			30		THUOCL
晕晕沉沉			30		THUOCL
曲意迎合			30		THUOCL
月圆花好			30		THUOCL
未竟之志			30		THUOCL
权倾天下			30		THUOCL
梦笔生花			30		THUOCL
洒扫应对			30		THUOCL
活龙活现			30		THUOCL
满山满谷			30		THUOCL
略窥一斑			30		THUOCL
知遇之恩			30		THUOCL
羊肠小径			30		THUOCL
翩翩公子			30		THUOCL
草率从事			30		THUOCL
解民倒悬			30		THUOCL
逢山开路遇水搭桥			30		THUOCL
避难就易			30		THUOCL
酒绿灯红			30		THUOCL
铁马金戈			30		THUOCL
飞珠溅玉			30		THUOCL
饱以老拳			30		THUOCL
鸟尽弓藏			30		THUOCL
鼻孔朝天			30		THUOCL
一着不慎满盘皆输			29		THUOCL
不得其详			29		THUOCL
不知老之将至			29		THUOCL
不能登大雅之堂			29		THUOCL
东藏西躲			29		THUOCL
久闻大名			29		THUOCL
五劳七伤			29		THUOCL
仆仆风尘			29		THUOCL
付诸一笑			29		THUOCL
光辉夺目			29		THUOCL
十八般武艺			29		THUOCL
半生半熟			29		THUOCL
半饥半饱			29		THUOCL
吟风弄月			29		THUOCL
听其言而观其行			29		THUOCL
啼饥号寒			29		THUOCL
国富民安			29		THUOCL
声气相通			29		THUOCL
天不假年			29		THUOCL
天堂地狱			29		THUOCL
如之奈何			29		THUOCL
开合自如			29		THUOCL
徒托空言			29		THUOCL
性命交关			29		THUOCL
教导有方			29		THUOCL
整旧如新			29		THUOCL
日久弥新			29		THUOCL
日暮途穷			29		THUOCL
月晕而风			29		THUOCL
月白风清			29		THUOCL
有贼心没贼胆			29		THUOCL
杯觥交错			29		THUOCL
枭首示众			29		THUOCL
涕泗横流			29		THUOCL
漫天叫价			29		THUOCL
生于忧患死于安乐			29		THUOCL
百无一用是书生			29		THUOCL
相忍为国			29		THUOCL
眼中钉肉中刺			29		THUOCL
翩翩风度			29		THUOCL
耿耿忠心			29		THUOCL
肉食者鄙			29		THUOCL
胶柱鼓瑟			29		THUOCL
苟且偷安			29		THUOCL
茫然若失			29		THUOCL
言有尽而意无穷			29		THUOCL
识途老马			29		THUOCL
负重致远			29		THUOCL
追风逐日			29		THUOCL
铁画银钩			29		THUOCL
雪里送炭			29		THUOCL
风刀霜剑			29		THUOCL
饶有风趣			29		THUOCL
骇浪惊涛			29		THUOCL
鲁难未已			29		THUOCL
龙精虎猛			29		THUOCL
一丘一壑			28		THUOCL
一命归西			28		THUOCL
一言兴邦			28		THUOCL
七零八散			28		THUOCL
不可胜计			28		THUOCL
不服水土			28		THUOCL
不贪为宝			28		THUOCL
不露锋芒			28		THUOCL
业精于勤荒于嬉			28		THUOCL
举措失当			28		THUOCL
乐业安居			28		THUOCL
人不为己天诛地灭			28		THUOCL
人欢马叫			28		THUOCL
以勤补拙			28		THUOCL
你言我语			28		THUOCL
信赏必罚			28		THUOCL
假戏成真			28		THUOCL
勇冠三军			28		THUOCL
卑鄙龌龊			28		THUOCL
博采众议			28		THUOCL
只此一家别无分店			28		THUOCL
吐气扬眉			28		THUOCL
喘息未定			28		THUOCL
大地春回			28		THUOCL
好生之德			28		THUOCL
威震天下			28		THUOCL
宁为玉碎不为瓦全			28		THUOCL
官官相卫			28		THUOCL
宜室宜家			28		THUOCL
宦海浮沉			28		THUOCL
富贵不淫			28		THUOCL
市井无赖			28		THUOCL
干卿何事			28		THUOCL
强中自有强中手			28		THUOCL
心急如火			28		THUOCL
恍如梦境			28		THUOCL
悠悠荡荡			28		THUOCL
惟精惟一			28		THUOCL
慌张失措			28		THUOCL
憎爱分明			28		THUOCL
打躬作揖			28		THUOCL
春生夏长秋收冬藏			28		THUOCL
月满则亏			28		THUOCL
有隙可乘			28		THUOCL
桂子飘香			28		THUOCL
残汤剩饭			28		THUOCL
民不畏死			28		THUOCL
民膏民脂			28		THUOCL
泰山不让土壤			28		THUOCL
洪钟大吕			28		THUOCL
清新俊逸			28		THUOCL
玲珑小巧			28		THUOCL
百万雄兵			28		THUOCL
离情别绪			28		THUOCL
缩头缩脑			28		THUOCL
老僧入定			28		THUOCL
脸红耳热			28		THUOCL
英姿焕发			28		THUOCL
言简意深			28		THUOCL
话里带刺			28		THUOCL
跑了和尚跑不了庙			28		THUOCL
迁客骚人			28		THUOCL
酒醉饭饱			28		THUOCL
量才录用			28		THUOCL
陈陈相因			28		THUOCL
非一日之寒			28		THUOCL
面有菜色			28		THUOCL
风清月朗			28		THUOCL
鬼话连篇			28		THUOCL
鼻青眼肿			28		THUOCL
一路货色			27		THUOCL
丈二和尚			27		THUOCL
三元及第			27		THUOCL
不忍释卷			27		THUOCL
严于律已			27		THUOCL
乐以忘忧			27		THUOCL
乱世英雄			27		THUOCL
二人同心			27		THUOCL
从宽发落			27		THUOCL
偶一为之			27		THUOCL
允执厥中			27		THUOCL
光风霁月			27		THUOCL
嘤其鸣矣			27		THUOCL
嚣张一时			27		THUOCL
因循苟且			27		THUOCL
大人先生			27		THUOCL
奉为楷模			27		THUOCL
孤儿寡妇			27		THUOCL
寻幽探胜			27		THUOCL
将功折罪			27		THUOCL
引以为憾			27		THUOCL
心旌摇曳			27		THUOCL
慎始敬终			27		THUOCL
扇枕温衾			27		THUOCL
搬石砸脚			27		THUOCL
文情并茂			27		THUOCL
明珠暗投			27		THUOCL
春宵一刻值千金			27		THUOCL
有负众望			27		THUOCL
有财有势			27		THUOCL
杀鸡焉用牛刀			27		THUOCL
柔肠百转			27		THUOCL
桑间濮上			27		THUOCL
横眉怒目			27		THUOCL
武艺超群			27		THUOCL
殿堂楼阁			27		THUOCL
热锅上蚂蚁			27		THUOCL
烽火四起			27		THUOCL
片瓦不留			27		THUOCL
狂涛骇浪			27		THUOCL
狗咬吕洞宾			27		THUOCL
王祥卧冰			27		THUOCL
生而知之			27		THUOCL
男女老幼			27		THUOCL
盛名之下其实难副			27		THUOCL
相时而动			27		THUOCL
真人不露相			27		THUOCL
神闲气定			27		THUOCL
福地洞天			27		THUOCL
秋月春风			27		THUOCL
等因奉此			27		THUOCL
精诚所至金石为开			27		THUOCL
藏之名山			27		THUOCL
贵人多忘事			27		THUOCL
费心劳神			27		THUOCL
金鼓齐鸣			27		THUOCL
音信杳无			27		THUOCL
食洋不化			27		THUOCL
香草美人			27		THUOCL
齐驱并进			27		THUOCL
一字之师			26		THUOCL
不孚众望			26		THUOCL
亡国之音			26		THUOCL
人五人六			26		THUOCL
以心传心			26		THUOCL
儿女之情			26		THUOCL
关山阻隔			26		THUOCL
凌云之志			26		THUOCL
出敌不意			26		THUOCL
剜肉补疮			26		THUOCL
千古不朽			26		THUOCL
千古罪人			26		THUOCL
千年万载			26		THUOCL
单人匹马			26		THUOCL
南征北讨			26		THUOCL
却之不恭			26		THUOCL
又见一帘幽梦			26		THUOCL
各有所短			26		THUOCL
吉凶未卜			26		THUOCL
味如嚼蜡			26		THUOCL
哀哀父母			26		THUOCL
喜逐颜开			26		THUOCL
大有其人			26		THUOCL
孟母择邻			26		THUOCL
安如磐石			26		THUOCL
将本求利			26		THUOCL
怙恶不悛			26		THUOCL
急人之困			26		THUOCL
拈花一笑			26		THUOCL
摧眉折腰			26		THUOCL
无踪无影			26		THUOCL
无边无垠			26		THUOCL
日月无光			26		THUOCL
昂头挺胸			26		THUOCL
星月交辉			26		THUOCL
朝生暮死			26		THUOCL
榆木疙瘩			26		THUOCL
求生不得			26		THUOCL
求贤如渴			26		THUOCL
治国安民			26		THUOCL
涕泪交流			26		THUOCL
清风朗月			26		THUOCL
满脸春风			26		THUOCL
神完气足			26		THUOCL
绝世佳人			26		THUOCL
羊续悬鱼			26		THUOCL
聊备一格			26		THUOCL
脚不点地			26		THUOCL
荦荦大端			26		THUOCL
贿赂公行			26		THUOCL
身在江湖			26		THUOCL
过目成诵			26		THUOCL
逸趣横生			26		THUOCL
门户之争			26		THUOCL
降尊纡贵			26		THUOCL
颠簸不破			26		THUOCL
餐风饮露			26		THUOCL
驴头不对马嘴			26		THUOCL
齐家治国			26		THUOCL
一日不见如隔三秋			25		THUOCL
一身二任			25		THUOCL
万古长存			25		THUOCL
万应灵药			25		THUOCL
不厌其详			25		THUOCL
不咎既往			25		THUOCL
不自由毋宁死			25		THUOCL
不顾死活			25		THUOCL
丰姿绰约			25		THUOCL
丹青妙手			25		THUOCL
为渊驱鱼			25		THUOCL
众寡悬殊			25		THUOCL
傻头傻脑			25		THUOCL
光焰万丈			25		THUOCL
凤凰来仪			25		THUOCL
出师无名			25		THUOCL
别无长物			25		THUOCL
前人种树后人乘凉			25		THUOCL
卧床不起			25		THUOCL
叨陪末座			25		THUOCL
国而忘家			25		THUOCL
墙头马上			25		THUOCL
存心不良			25		THUOCL
射人先射马			25		THUOCL
将门虎子			25		THUOCL
山鸣谷应			25		THUOCL
年深月久			25		THUOCL
张皇失措			25		THUOCL
强龙不压地头蛇			25		THUOCL
才情横溢			25		THUOCL
抚掌大笑			25		THUOCL
探赜索隐			25		THUOCL
日出而作日入而息			25		THUOCL
春风雨露			25		THUOCL
枝节横生			25		THUOCL
桃花流水			25		THUOCL
案牍劳形			25		THUOCL
步履艰辛			25		THUOCL
残花败柳			25		THUOCL
毁誉不一			25		THUOCL
永生永世			25		THUOCL
没头没脸			25		THUOCL
济世安邦			25		THUOCL
济困扶危			25		THUOCL
浴火凤凰			25		THUOCL
涂炭生灵			25		THUOCL
片瓦无存			25		THUOCL
片言只字			25		THUOCL
犬马之劳			25		THUOCL
瓜瓞绵绵			25		THUOCL
白沙在涅			25		THUOCL
相煎太急			25		THUOCL
知足知止			25		THUOCL
竭忠尽智			25		THUOCL
竹篱茅舍			25		THUOCL
笔下生花			25		THUOCL
粉妆玉砌			25		THUOCL
纵虎归山			25		THUOCL
胜友如云			25		THUOCL
臭名昭彰			25		THUOCL
苦心积虑			25		THUOCL
言必有据			25		THUOCL
诗酒风流			25		THUOCL
豺狼当道			25		THUOCL
超然独立			25		THUOCL
郁郁不乐			25		THUOCL
鸢飞鱼跃			25		THUOCL
一回生两回熟			24		THUOCL
一无可取			24		THUOCL
万事亨通			24		THUOCL
万应灵丹			24		THUOCL
三三五五			24		THUOCL
不分敌我			24		THUOCL
不看僧面看佛面			24		THUOCL
不知进退			24		THUOCL
不立文字			24		THUOCL
不虞之誉			24		THUOCL
东成西就			24		THUOCL
个中三昧			24		THUOCL
丹心碧血			24		THUOCL
乘兴而来败兴而归			24		THUOCL
二八年华			24		THUOCL
信笔涂鸦			24		THUOCL
倾城倾国			24		THUOCL
傲霜斗雪			24		THUOCL
光阴虚度			24		THUOCL
冲冠一怒为红颜			24		THUOCL
匹夫无罪			24		THUOCL
十年生聚			24		THUOCL
卖身投靠			24		THUOCL
厚今薄古			24		THUOCL
告贷无门			24		THUOCL
如簧之舌			24		THUOCL
如诉如泣			24		THUOCL
嬉笑怒骂皆成文章			24		THUOCL
子曰诗云			24		THUOCL
孜孜矻矻			24		THUOCL
将欲取之			24		THUOCL
扶弱抑强			24		THUOCL
抑强扶弱			24		THUOCL
挫骨扬灰			24		THUOCL
损己利人			24		THUOCL
推本溯源			24		THUOCL
擦脂抹粉			24		THUOCL
无头无尾			24		THUOCL
气壮如牛			24		THUOCL
沉思默想			24		THUOCL
泛泛之谈			24		THUOCL
洪福齐天			24		THUOCL
浩若烟海			24		THUOCL
满坑满谷			24		THUOCL
爱钱如命			24		THUOCL
物以类聚人以群分			24		THUOCL
白首方悔读书迟			24		THUOCL
神工鬼斧			24		THUOCL
神清气和			24		THUOCL
秋风落叶			24		THUOCL
种瓜得瓜种豆得豆			24		THUOCL
粉妆玉琢			24		THUOCL
糟糠之妻不下堂			24		THUOCL
腹心之疾			24		THUOCL
言近旨远			24		THUOCL
诸子百家			24		THUOCL
车如流水马如龙			24		THUOCL
道骨仙风			24		THUOCL
铭记不忘			24		THUOCL
间不容发			24		THUOCL
陌路相逢			24		THUOCL
难以逆料			24		THUOCL
骑马找马			24		THUOCL
骚人墨客			24		THUOCL
齐烟九点			24		THUOCL
一代楷模			23		THUOCL
一字千钧			23		THUOCL
一笔抹煞			23		THUOCL
万目睽睽			23		THUOCL
不世之功			23		THUOCL
不亢不卑			23		THUOCL
举贤任能			23		THUOCL
乘热打铁			23		THUOCL
井井有序			23		THUOCL
仇深似海			23		THUOCL
以身报国			23		THUOCL
你唱我和			23		THUOCL
信口胡言			23		THUOCL
兴致索然			23		THUOCL
兵连祸结			23		THUOCL
判若霄壤			23		THUOCL
前程万里			23		THUOCL
历历可数			23		THUOCL
取义成仁			23		THUOCL
名利兼收			23		THUOCL
呢喃细语			23		THUOCL
四体不勤五谷不分			23		THUOCL
坚苦卓绝			23		THUOCL
多嘴多舌			23		THUOCL
天公地道			23		THUOCL
天随人愿			23		THUOCL
失之东隅收之桑榆			23		THUOCL
如闻其声			23		THUOCL
安内攘外			23		THUOCL
居无求安			23		THUOCL
应付裕如			23		THUOCL
应对如流			23		THUOCL
悔之不及			23		THUOCL
惊喜若狂			23		THUOCL
手胼足胝			23		THUOCL
报应不爽			23		THUOCL
招降纳叛			23		THUOCL
救灾恤患			23		THUOCL
无事生事			23		THUOCL
旧瓶新酒			23		THUOCL
旷古未有			23		THUOCL
朝乾夕惕			23		THUOCL
杀鸡吓猴			23		THUOCL
欢呼雷动			23		THUOCL
水可载舟亦可覆舟			23		THUOCL
淡妆浓抹			23		THUOCL
燕瘦环肥			23		THUOCL
现世现报			23		THUOCL
百媚千娇			23		THUOCL
相逢恨晚			23		THUOCL
福至心灵			23		THUOCL
稳操胜算			23		THUOCL
穷寇莫追			23		THUOCL
穷形尽相			23		THUOCL
穷愁潦倒			23		THUOCL
空空道人			23		THUOCL
箭无虚发			23		THUOCL
纲纪废弛			23		THUOCL
群而不党			23		THUOCL
群起效尤			23		THUOCL
荒淫无耻			23		THUOCL
落落寡合			23		THUOCL
蚁穴溃堤			23		THUOCL
褒衣博带			23		THUOCL
贪天之功			23		THUOCL
超群出众			23		THUOCL
轻诺寡信			23		THUOCL
送君千里			23		THUOCL
铮铮有声			23		THUOCL
非志无以成学			23		THUOCL
顺水顺风			23		THUOCL
顾前不顾后			23		THUOCL
食而不化			23		THUOCL
饮马长江			23		THUOCL
骂不绝口			23		THUOCL
一身是胆			22		THUOCL
七尺之躯			22		THUOCL
七折八扣			22		THUOCL
不可终日			22		THUOCL
不欺暗室			22		THUOCL
与民更始			22		THUOCL
世代书香			22		THUOCL
丛山峻岭			22		THUOCL
久经风霜			22		THUOCL
人中之龙			22		THUOCL
人之将死其言也善			22		THUOCL
人善被人欺			22		THUOCL
人心惟危			22		THUOCL
人生何处不相逢			22		THUOCL
仁民爱物			22		THUOCL
付之流水			22		THUOCL
仙山琼阁			22		THUOCL
何足为奇			22		THUOCL
何足道哉			22		THUOCL
佳偶天成			22		THUOCL
倾盆大雨			22		THUOCL
出入人罪			22		THUOCL
出没无常			22		THUOCL
削职为民			22		THUOCL
劈风斩浪			22		THUOCL
勃然变色			22		THUOCL
北门锁钥			22		THUOCL
半新半旧			22		THUOCL
反骄破满			22		THUOCL
后生小子			22		THUOCL
咸与维新			22		THUOCL
大张挞伐			22		THUOCL
奔走呼号			22		THUOCL
如临深渊如履薄冰			22		THUOCL
家人父子			22		THUOCL
康庄大道			22		THUOCL
弦外之意			22		THUOCL
念念不舍			22		THUOCL
放下屠刀立地成佛			22		THUOCL
曲突徙薪			22		THUOCL
机不可失时不再来			22		THUOCL
梨园子弟			22		THUOCL
残暴不仁			22		THUOCL
水月观音			22		THUOCL
沉滓泛起			22		THUOCL
没齿不忘			22		THUOCL
流水行云			22		THUOCL
浅斟低唱			22		THUOCL
济世安民			22		THUOCL
狂风怒号			22		THUOCL
独运匠心			22		THUOCL
琴心剑胆			22		THUOCL
疲乏不堪			22		THUOCL
白衣秀士			22		THUOCL
百端待举			22		THUOCL
眼尖手快			22		THUOCL
眼观四路			22		THUOCL
秀才造反			22		THUOCL
羚羊挂角			22		THUOCL
耐人咀嚼			22		THUOCL
落拓不羁			22		THUOCL
行己有耻			22		THUOCL
袅袅娜娜			22		THUOCL
讷言敏行			22		THUOCL
费心劳力			22		THUOCL
逸兴遄飞			22		THUOCL
陈谷子烂芝麻			22		THUOCL
隐恶扬善			22		THUOCL
雨淋日晒			22		THUOCL
面红耳热			22		THUOCL
韦编三绝			22		THUOCL
风声鹤唳草木皆兵			22		THUOCL
风流潇洒			22		THUOCL
骨肉团圆			22		THUOCL
一切众生			21		THUOCL
一文钱难倒英雄汉			21		THUOCL
一画开天			21		THUOCL
一蟹不如一蟹			21		THUOCL
七擒七纵			21		THUOCL
万里鹏程			21		THUOCL
三男四女			21		THUOCL
不古不今			21		THUOCL
不安于室			21		THUOCL
不甘后人			21		THUOCL
不知其详			21		THUOCL
习非成是			21		THUOCL
二者必居其一			21		THUOCL
优胜劣败			21		THUOCL
依法炮制			21		THUOCL
八府巡按			21		THUOCL
公诸同好			21		THUOCL
冷水浇头			21		THUOCL
力不能支			21		THUOCL
功名富贵			21		THUOCL
勾魂摄魄			21		THUOCL
吴带当风			21		THUOCL
夏虫不可语冰			21		THUOCL
天地不容			21		THUOCL
天理良心			21		THUOCL
如是我闻			21		THUOCL
如芒刺背			21		THUOCL
如花似锦			21		THUOCL
如隔三秋			21		THUOCL
如鸟兽散			21		THUOCL
存亡绝续			21		THUOCL
小试锋芒			21		THUOCL
尧天舜日			21		THUOCL
差之毫厘谬以千里			21		THUOCL
平等互惠			21		THUOCL
庆父不死			21		THUOCL
心病还须心药医			21		THUOCL
怒形于色			21		THUOCL
悔罪自新			21		THUOCL
患难相恤			21		THUOCL
惊喜交集			21		THUOCL
惊才绝艳			21		THUOCL
成事在人			21		THUOCL
扬清激浊			21		THUOCL
挨打受气			21		THUOCL
授受不亲			21		THUOCL
改名易姓			21		THUOCL
改过迁善			21		THUOCL
攻其无备			21		THUOCL
无所措手足			21		THUOCL
日丽风和			21		THUOCL
明枪易躲暗箭难防			21		THUOCL
朋友妻不可欺			21		THUOCL
来势凶猛			21		THUOCL
桃李不言下自成蹊			21		THUOCL
横槊赋诗			21		THUOCL
水月镜花			21		THUOCL
渔人之利			21		THUOCL
牵牛织女			21		THUOCL
珍馐美馔			21		THUOCL
白首偕老			21		THUOCL
看风使舵			21		THUOCL
知子莫若父			21		THUOCL
破玩意儿			21		THUOCL
粗通文墨			21		THUOCL
绿叶成荫			21		THUOCL
翻箱倒箧			21		THUOCL
老弱残兵			21		THUOCL
聪明一世			21		THUOCL
胸有丘壑			21		THUOCL
至亲骨肉			21		THUOCL
良知良能			21		THUOCL
落花有意流水无情			21		THUOCL
补偏救弊			21		THUOCL
见机而作			21		THUOCL
贻人口实			21		THUOCL
轮流做庄			21		THUOCL
达官显宦			21		THUOCL
近在眉睫			21		THUOCL
连日连夜			21		THUOCL
里勾外连			21		THUOCL
青云之志			21		THUOCL
非分之财			21		THUOCL
顺水行舟			21		THUOCL
鼎足而三			21		THUOCL
