word	pinyin	rank	doc_freq	level	source
版权			13204281		THUOCL
证券			5744085		THUOCL
房地产			5638548		THUOCL
制度			5358541		THUOCL
模式			4565906		THUOCL
改革			4468819		THUOCL
权利			4193817		THUOCL
监督			3393811		THUOCL
规范			3247208		THUOCL
守法			3056429		THUOCL
法院			2568854		THUOCL
侵犯			2472282		THUOCL
收购			2083165		THUOCL
非法			2060497		THUOCL
上市公司			1873713		THUOCL
违法			1735551		THUOCL
执法			1363564		THUOCL
有关部门			1346085		THUOCL
债券			1290637		THUOCL
披露			1261363		THUOCL
专利			1187911		THUOCL
董事长			1132889		THUOCL
招标			1024560		THUOCL
签约			993894		THUOCL
欺诈			864056		THUOCL
冷静			857233		THUOCL
院长			848044		THUOCL
协商			837393		THUOCL
全国人大常委会			795474		THUOCL
省委			771238		THUOCL
有限责任公司			738488		THUOCL
门户网站			709334		THUOCL
债务			703307		THUOCL
保险公司			696568		THUOCL
判决			693724		THUOCL
汇报			692029		THUOCL
新股			649361		THUOCL
承包			643225		THUOCL
生效			621858		THUOCL
市场经济			620032		THUOCL
拆迁			608452		THUOCL
查处			595249		THUOCL
标注			577717		THUOCL
章程			552307		THUOCL
缺陷			551600		THUOCL
默认			529996		THUOCL
宏观调控			528763		THUOCL
遗产			503460		THUOCL
跨越			497857		THUOCL
承担责任			495483		THUOCL
阴谋			472552		THUOCL
证券交易所			444378		THUOCL
回避			442118		THUOCL
强奸			432268		THUOCL
债权			427988		THUOCL
国家安全			418214		THUOCL
佣金			410415		THUOCL
承接			394408		THUOCL
责任感			380622		THUOCL
权利人			380557		THUOCL
国家法律			372102		THUOCL
分割			364626		THUOCL
侵权行为			360916		THUOCL
电站			353975		THUOCL
证券市场			351461		THUOCL
营业执照			349033		THUOCL
违约			345348		THUOCL
全球化			326424		THUOCL
市盈率			319684		THUOCL
推迟			317690		THUOCL
虐待			312282		THUOCL
增值税			311083		THUOCL
违法行为			310316		THUOCL
未成年人			309061		THUOCL
公司董事会			302009		THUOCL
没收			298385		THUOCL
有车			293418		THUOCL
有效期			285186		THUOCL
维权			282691		THUOCL
信息披露			282680		THUOCL
对价			281461		THUOCL
执法人员			279887		THUOCL
建设部			277653		THUOCL
直辖市			274077		THUOCL
印花税			268800		THUOCL
医疗保险			267687		THUOCL
辩护			264762		THUOCL
从业人员			262816		THUOCL
谋杀			256522		THUOCL
信访			255160		THUOCL
抵触			251142		THUOCL
一审			251108		THUOCL
人事部			241692		THUOCL
扶贫			239281		THUOCL
战时			238659		THUOCL
侵犯版权			237534		THUOCL
市场占有率			237293		THUOCL
贿赂			235133		THUOCL
建设工程			234906		THUOCL
争执			231789		THUOCL
职权			226608		THUOCL
年度报告			215498		THUOCL
注册商标			214592		THUOCL
发展规划			214113		THUOCL
经营范围			206346		THUOCL
裁决			201110		THUOCL
保全			200757		THUOCL
裁定			199397		THUOCL
涉案			194904		THUOCL
注销			190060		THUOCL
伪造			188302		THUOCL
缺席			184918		THUOCL
仿冒			182448		THUOCL
中级人民法院			179825		THUOCL
医疗费			179405		THUOCL
归还			174946		THUOCL
队伍建设			174939		THUOCL
注册会计师			174557		THUOCL
债权人			172843		THUOCL
挪用			171500		THUOCL
道路交通			169717		THUOCL
接管			168540		THUOCL
配偶			168243		THUOCL
信息产业部			167318		THUOCL
建设用地			166785		THUOCL
殴打			166403		THUOCL
人民检察院			165379		THUOCL
乙方			162195		THUOCL
兼并			161673		THUOCL
家产			158509		THUOCL
印章			154551		THUOCL
推翻			154435		THUOCL
法学院			152816		THUOCL
上海证券交易所			148626		THUOCL
经营权			146852		THUOCL
新材料			136327		THUOCL
要约			133850		THUOCL
母公司			133534		THUOCL
公司债			131398		THUOCL
破案			131289		THUOCL
药品监督管理			131025		THUOCL
船员			130499		THUOCL
手按			129965		THUOCL
反垄断			128035		THUOCL
社会治安			126728		THUOCL
中央军委			126643		THUOCL
政治部			126458		THUOCL
法医			126020		THUOCL
农业银行			122097		THUOCL
调查报告			121212		THUOCL
对冲			118653		THUOCL
债务人			118399		THUOCL
最高人民法院			118061		THUOCL
首席执行官			116146		THUOCL
麻醉药品			115767		THUOCL
国有股			115613		THUOCL
文化部			115478		THUOCL
合同约定			115474		THUOCL
清偿			113124		THUOCL
分居			112083		THUOCL
违约金			111092		THUOCL
国土资源部			110010		THUOCL
私营企业			106619		THUOCL
规范性			104607		THUOCL
国家主席			103505		THUOCL
经济法			103489		THUOCL
典当			100639		THUOCL
国家公务员			99772		THUOCL
药品监督管理局			99045		THUOCL
专利权			98120		THUOCL
和谐发展			97981		THUOCL
备忘录			95339		THUOCL
授权委托书			94247		THUOCL
展期			92334		THUOCL
废除			92303		THUOCL
经营许可证			90421		THUOCL
医药费			87232		THUOCL
商业贿赂			87099		THUOCL
房地产开发企业			86737		THUOCL
按揭贷款			84457		THUOCL
用词			83844		THUOCL
业主委员会			82273		THUOCL
下毒			82138		THUOCL
全文检索			82101		THUOCL
反垄断法			81386		THUOCL
证券法			80999		THUOCL
笔录			80668		THUOCL
国家旅游局			80245		THUOCL
弄虚作假			79999		THUOCL
公司债券			79455		THUOCL
资产负债表			78937		THUOCL
最终解释权			78924		THUOCL
古希腊			77960		THUOCL
列席			77480		THUOCL
个体工商户			77132		THUOCL
加工贸易			76768		THUOCL
判决书			76150		THUOCL
强制执行			74825		THUOCL
控股公司			74797		THUOCL
企业制度			74439		THUOCL
中签			74364		THUOCL
委托代理人			72968		THUOCL
控告			71748		THUOCL
法律文件			69349		THUOCL
泄密			67543		THUOCL
中国农业银行			67119		THUOCL
变更登记			66757		THUOCL
年终奖			66423		THUOCL
胁迫			66214		THUOCL
垫付			66176		THUOCL
规范性文件			65947		THUOCL
排放标准			65601		THUOCL
废止			65154		THUOCL
暂行规定			64847		THUOCL
劳动和社会保障部			63600		THUOCL
牟利			63496		THUOCL
中国社会科学院			63207		THUOCL
联营			62748		THUOCL
要件			62223		THUOCL
婚约			61890		THUOCL
保险合同			61572		THUOCL
执行董事			61222		THUOCL
嫖客			60810		THUOCL
驻外			60660		THUOCL
划转			60553		THUOCL
农村信用社			60502		THUOCL
行为规范			59529		THUOCL
房屋拆迁			59294		THUOCL
承兑			59081		THUOCL
发展研究中心			58841		THUOCL
娱乐活动			58785		THUOCL
轮奸			57811		THUOCL
宅基地			57691		THUOCL
青霉素			57524		THUOCL
小产权			57007		THUOCL
执业证			56802		THUOCL
医疗事故			56643		THUOCL
违约责任			56447		THUOCL
集体经济			56338		THUOCL
未遂			56179		THUOCL
挂靠			55973		THUOCL
现代企业制度			55793		THUOCL
土地出让金			55750		THUOCL
中国政法大学			55530		THUOCL
中央党校			55504		THUOCL
安全局			55142		THUOCL
前提条件			53567		THUOCL
承包经营			53055		THUOCL
股份制企业			52677		THUOCL
迎刃而解			52621		THUOCL
市纪委			52543		THUOCL
非机动车			52250		THUOCL
股息			52100		THUOCL
商业企业			51458		THUOCL
感化			51325		THUOCL
改革试点			51172		THUOCL
优惠价格			50258		THUOCL
拘捕			49731		THUOCL
基本养老保险			49214		THUOCL
特别规定			49171		THUOCL
懈怠			49113		THUOCL
滥用职权			49019		THUOCL
农业税			48801		THUOCL
专利产品			48135		THUOCL
拆迁人			48081		THUOCL
一级市场			48043		THUOCL
名胜古迹			47191		THUOCL
刑事辩护			47159		THUOCL
仓单			47032		THUOCL
香港特别行政区			46948		THUOCL
犯罪团伙			46830		THUOCL
虚假广告			46775		THUOCL
工业产品			46711		THUOCL
内幕交易			46528		THUOCL
中国工程院			46446		THUOCL
剥夺政治权利			46165		THUOCL
应诉			46109		THUOCL
个体户			46075		THUOCL
被执行人			46073		THUOCL
招标投标			46072		THUOCL
假药			45999		THUOCL
赔礼道歉			45917		THUOCL
稳步增长			45319		THUOCL
地方法			45015		THUOCL
法制办			44625		THUOCL
小产权房			44545		THUOCL
要约收购			43399		THUOCL
社会公德			43231		THUOCL
统战部			42430		THUOCL
依法治国			42395		THUOCL
履行合同			42386		THUOCL
责任保险			41989		THUOCL
自告			41810		THUOCL
经国务院批准			41695		THUOCL
吸收合并			41492		THUOCL
促进社会和谐			41388		THUOCL
诈骗罪			40930		THUOCL
专门委员会			40700		THUOCL
房地产开发公司			40565		THUOCL
国务院发展研究中心			40533		THUOCL
强制措施			40503		THUOCL
经研究			40150		THUOCL
有价证券			40011		THUOCL
挪用公款			39874		THUOCL
区别对待			39802		THUOCL
非法经营			38950		THUOCL
价值判断			38730		THUOCL
袭警			38725		THUOCL
国家工作人员			38580		THUOCL
质量技术监督局			38295		THUOCL
区公安分局			38236		THUOCL
资源税			37787		THUOCL
伪劣产品			37671		THUOCL
存单			37641		THUOCL
结构优化			37316		THUOCL
新闻办公室			37209		THUOCL
垄断行业			37126		THUOCL
致残			37026		THUOCL
民事行为能力			36622		THUOCL
赝品			36524		THUOCL
债权债务			36482		THUOCL
村民委员会			36403		THUOCL
保险单			35963		THUOCL
基本农田			35963		THUOCL
产权制度			35361		THUOCL
经济价值			35288		THUOCL
议定书			35267		THUOCL
男女平等			35179		THUOCL
前手			35121		THUOCL
商业保险			34749		THUOCL
保险代理			34435		THUOCL
错漏			34339		THUOCL
监督权			34139		THUOCL
公司合并			33875		THUOCL
中级法院			33776		THUOCL
税收优惠政策			33429		THUOCL
国家产业政策			33223		THUOCL
国家开发银行			32983		THUOCL
慰问金			32741		THUOCL
没收违法所得			32710		THUOCL
保险金额			32525		THUOCL
约瑟夫			32368		THUOCL
扭亏为盈			32231		THUOCL
个体经营			32126		THUOCL
劳务派遣			32084		THUOCL
社会治安综合治理			32077		THUOCL
遣返			32069		THUOCL
道路交通安全法			31984		THUOCL
签章			31761		THUOCL
地方性法规			31503		THUOCL
经济犯罪			31456		THUOCL
贸易壁垒			30888		THUOCL
转包			30653		THUOCL
肖像权			30374		THUOCL
安全监督			30150		THUOCL
公务员法			30005		THUOCL
股权转让协议			29940		THUOCL
违章建筑			29768		THUOCL
常任理事国			29663		THUOCL
涉案金额			29534		THUOCL
审判长			29161		THUOCL
工商注册			29099		THUOCL
企业效益			29037		THUOCL
批准文号			28969		THUOCL
裁定书			28891		THUOCL
严重程度			28682		THUOCL
民事案件			28603		THUOCL
土地利用总体规划			27932		THUOCL
企业债券			27686		THUOCL
仲裁机构			27131		THUOCL
参考文献			27032		THUOCL
保险法			26993		THUOCL
建设用地使用权			26878		THUOCL
聚氯乙烯			26629		THUOCL
专利法			26419		THUOCL
新华通讯社			26248		THUOCL
被拆迁人			26144		THUOCL
小企业融资			26016		THUOCL
路德			25906		THUOCL
漏税			25856		THUOCL
承包经营权			25845		THUOCL
职工代表大会			25692		THUOCL
会计法			25596		THUOCL
不称职			25383		THUOCL
下岗工人			25380		THUOCL
规划许可证			25233		THUOCL
依法查处			25214		THUOCL
全国人民代表大会常务委员			24693		THUOCL
仲裁裁决			24425		THUOCL
公务员录用			24339		THUOCL
转让合同			24256		THUOCL
公职人员			24243		THUOCL
产品质量监督			24210		THUOCL
用工单位			24167		THUOCL
机关单位			24055		THUOCL
出口加工区			23842		THUOCL
苏格拉底			23828		THUOCL
亲生父母			23753		THUOCL
专款专用			23655		THUOCL
假冒伪劣产品			23550		THUOCL
牟取暴利			23539		THUOCL
国家股			23469		THUOCL
模棱两可			23236		THUOCL
保险经纪			23138		THUOCL
国家机关工作人员			22916		THUOCL
执行公务			22885		THUOCL
一审法院			22870		THUOCL
中国注册会计师			22851		THUOCL
工会工作			22771		THUOCL
法律监督			22705		THUOCL
登记制度			22573		THUOCL
产权登记			22350		THUOCL
承担连带责任			22336		THUOCL
维持原判			22172		THUOCL
代扣代缴			21824		THUOCL
保险事故			21655		THUOCL
软着陆			21597		THUOCL
执法行为			21562		THUOCL
土地管理法			21498		THUOCL
可转换债券			21453		THUOCL
规模效益			21298		THUOCL
土地承包经营权			21223		THUOCL
转让方			21184		THUOCL
证券投资基金法			21156		THUOCL
注销登记			21030		THUOCL
权利要求			21006		THUOCL
法律地位			20857		THUOCL
国有股减持			20787		THUOCL
中央军事委员会			20570		THUOCL
市场参与者			20550		THUOCL
行纪			20532		THUOCL
执行程序			20463		THUOCL
行为模式			20460		THUOCL
广播影视			20453		THUOCL
法律职业			20400		THUOCL
违法经营			20364		THUOCL
房屋权属			20097		THUOCL
经济贸易委员会			20031		THUOCL
恪尽职守			20029		THUOCL
利用职务之便			19986		THUOCL
廉租住房制度			19965		THUOCL
常住户口			19913		THUOCL
土地登记			19689		THUOCL
违法乱纪			19639		THUOCL
职业安全			19594		THUOCL
代理协议			19482		THUOCL
工业增加值			19424		THUOCL
国务院法制办			19369		THUOCL
审判员			18994		THUOCL
人民政治协商会议			18954		THUOCL
发生法律效力			18943		THUOCL
国家版权局			18940		THUOCL
证券业协会			18807		THUOCL
先占			18763		THUOCL
学位委员会			18727		THUOCL
中国人民政治协商会议			18619		THUOCL
实用新型专利			18486		THUOCL
中医医院			18467		THUOCL
非法拘禁			18434		THUOCL
财产保全			18191		THUOCL
引咎辞职			17963		THUOCL
安全生产法			17962		THUOCL
专有技术			17708		THUOCL
房地产法			17443		THUOCL
抵偿			17433		THUOCL
违法广告			17396		THUOCL
制空权			17317		THUOCL
占道经营			17297		THUOCL
赢利能力			17292		THUOCL
自负盈亏			17242		THUOCL
判决生效			17213		THUOCL
专利权人			17188		THUOCL
披露制度			17057		THUOCL
民事裁定			16995		THUOCL
企业合并			16859		THUOCL
中医药管理局			16772		THUOCL
国务院新闻办公室			16755		THUOCL
收购兼并			16702		THUOCL
法治国家			16612		THUOCL
银行承兑汇票			16590		THUOCL
新开工项目			16577		THUOCL
卢梭			16502		THUOCL
操纵市场			16491		THUOCL
全部到位			16444		THUOCL
保险条款			16441		THUOCL
中介人			16390		THUOCL
编委会			16387		THUOCL
占用资金			16385		THUOCL
民事纠纷			16275		THUOCL
非法行医			16249		THUOCL
欠缴			16241		THUOCL
工商营业执照			16234		THUOCL
首席运营官			16200		THUOCL
矿业权			16165		THUOCL
植物检疫			16121		THUOCL
保险代理人			16074		THUOCL
价格法			16018		THUOCL
法院强制执行			15866		THUOCL
第一审			15727		THUOCL
违约行为			15722		THUOCL
企业家协会			15716		THUOCL
劳动用工			15703		THUOCL
一上班			15693		THUOCL
非专业人士			15668		THUOCL
从重处罚			15573		THUOCL
治安管理处罚法			15557		THUOCL
制定法			15424		THUOCL
法律文化			15348		THUOCL
遗产税			15263		THUOCL
特别法			15222		THUOCL
诉前			15191		THUOCL
协议转让			15060		THUOCL
案值			15007		THUOCL
农民集体			14996		THUOCL
大陆法			14984		THUOCL
妇女权益			14955		THUOCL
股东大会议事规则			14933		THUOCL
认证标志			14926		THUOCL
特别授权			14920		THUOCL
窃电			14914		THUOCL
旅游合同			14704		THUOCL
国家中医药管理局			14686		THUOCL
泡沫经济			14624		THUOCL
入室盗窃			14555		THUOCL
从犯			14410		THUOCL
主任科员			14382		THUOCL
连带责任保证			14361		THUOCL
增值税发票			14278		THUOCL
监视居住			14210		THUOCL
项目融资			14183		THUOCL
没收财产			14157		THUOCL
一夫一妻制			14138		THUOCL
野生植物			14136		THUOCL
信用保险			14119		THUOCL
国际条约			14109		THUOCL
非法行为			14107		THUOCL
侵权产品			13979		THUOCL
完全民事行为能力			13911		THUOCL
国务院学位委员会			13857		THUOCL
郑州日产			13839		THUOCL
危险源			13832		THUOCL
二审法院			13739		THUOCL
物业服务企业			13679		THUOCL
网络传播权			13661		THUOCL
木石			13633		THUOCL
消除影响			13573		THUOCL
房地产抵押			13479		THUOCL
占住			13409		THUOCL
产权制度改革			13403		THUOCL
公共航空运输企业			13398		THUOCL
管制刀具			13300		THUOCL
债务承担			13256		THUOCL
优化资源配置			13219		THUOCL
保险费率			13212		THUOCL
无性婚姻			13192		THUOCL
国家经济贸易委员会			13163		THUOCL
中国证券业协会			13141		THUOCL
可行性报告			13098		THUOCL
合同诈骗			13091		THUOCL
农村土地承包			13058		THUOCL
进出口经营权			13032		THUOCL
舒伯特			13022		THUOCL
委托合同			12966		THUOCL
优惠待遇			12876		THUOCL
国家机构			12848		THUOCL
上市公司收购			12810		THUOCL
保险监管			12797		THUOCL
军队转业干部			12783		THUOCL
国家工商行政管理局			12773		THUOCL
医疗改革			12738		THUOCL
财产分割			12632		THUOCL
居住权			12605		THUOCL
资产保值增值			12597		THUOCL
执法为民			12560		THUOCL
民办非企业单位			12535		THUOCL
国有独资公司			12525		THUOCL
价格欺诈			12505		THUOCL
中华全国总工会			12496		THUOCL
注册会计师协会			12482		THUOCL
交通事故责任强制保险			12420		THUOCL
保险标的			12364		THUOCL
拖欠工程款			12354		THUOCL
离婚协议书			12260		THUOCL
公债			12190		THUOCL
扭送			12176		THUOCL
改过自新			12163		THUOCL
贿赂案			12159		THUOCL
新颖性			12139		THUOCL
制度规范			12129		THUOCL
断头台			12058		THUOCL
信访办			12002		THUOCL
机动车交通事故责任强制保险			11976		THUOCL
监督体系			11923		THUOCL
临时价格干预			11875		THUOCL
规范行为			11864		THUOCL
专利侵权			11792		THUOCL
大陆法系			11740		THUOCL
公费医疗			11717		THUOCL
市场法			11634		THUOCL
城市居民最低生活保障			11627		THUOCL
项目执行			11608		THUOCL
遗产继承			11594		THUOCL
未成年子女			11561		THUOCL
中法网学校			11552		THUOCL
战争罪			11552		THUOCL
价格形成机制			11445		THUOCL
药品管理法			11405		THUOCL
中国人民保险公司			11314		THUOCL
港澳台同胞			11312		THUOCL
平衡发展			11291		THUOCL
少管所			11221		THUOCL
土地使用权出让合同			11217		THUOCL
共青团工作			11205		THUOCL
未成年人保护法			11169		THUOCL
职务侵占			11140		THUOCL
社会危害性			11092		THUOCL
洽商			11087		THUOCL
授权经营			11044		THUOCL
中华全国律师协会			10971		THUOCL
价格违法行为			10969		THUOCL
市场准入制度			10872		THUOCL
挪用公款罪			10784		THUOCL
垄断行为			10768		THUOCL
婚前财产			10768		THUOCL
非银行金融机构			10706		THUOCL
强制性规定			10683		THUOCL
农转非			10676		THUOCL
乘人之危			10659		THUOCL
年薪制			10617		THUOCL
国家烟草专卖局			10602		THUOCL
部门法			10569		THUOCL
人民币升值压力			10552		THUOCL
地方法规			10522		THUOCL
法医学			10522		THUOCL
审判监督			10513		THUOCL
治安处罚			10452		THUOCL
治安管理处罚条例			10433		THUOCL
网络犯罪			10411		THUOCL
现金价值			10305		THUOCL
企业兼并			10298		THUOCL
国家安全部			10270		THUOCL
诱奸			10234		THUOCL
司法改革			10177		THUOCL
国库券			10156		THUOCL
性暴力			10104		THUOCL
注册商标专用权			10104		THUOCL
宽限期			10068		THUOCL
贿赂犯罪			10059		THUOCL
国际经济法			10032		THUOCL
国有化			9941		THUOCL
议付			9909		THUOCL
国家药品监督管理局			9852		THUOCL
强制拆迁			9721		THUOCL
三来一补			9649		THUOCL
危害公共安全			9646		THUOCL
某甲			9626		THUOCL
不合常理			9614		THUOCL
新闻出版署			9602		THUOCL
继承法			9602		THUOCL
转口贸易			9540		THUOCL
急要			9475		THUOCL
敲诈勒索罪			9455		THUOCL
行贿罪			9438		THUOCL
台规			9395		THUOCL
聚众斗殴			9369		THUOCL
股改承诺			9335		THUOCL
耕地占用税			9328		THUOCL
企业国有产权			9297		THUOCL
抵押品			9270		THUOCL
工伤保险待遇			9258		THUOCL
执行通知书			9242		THUOCL
第一产业			9204		THUOCL
实体法			9195		THUOCL
保险监督管理委员会			9187		THUOCL
招标投标法			9162		THUOCL
涨跌停板			9158		THUOCL
国家海洋局			9150		THUOCL
工业产权			9105		THUOCL
追加对价			9042		THUOCL
夫妻分居			9039		THUOCL
翻译人员			9036		THUOCL
外资保险公司			9001		THUOCL
安置补助费			8906		THUOCL
外事办			8887		THUOCL
制度变迁			8863		THUOCL
一般法			8802		THUOCL
内部职工股			8759		THUOCL
国有产权转让			8744		THUOCL
国家经济安全			8691		THUOCL
深层次矛盾			8582		THUOCL
经济承受能力			8563		THUOCL
反分裂国家法			8531		THUOCL
商业欺诈			8444		THUOCL
实施强制			8431		THUOCL
连接点			8408		THUOCL
小规模纳税人			8396		THUOCL
违禁物			8385		THUOCL
许可证制度			8362		THUOCL
黄赌毒			8353		THUOCL
国家电力公司			8351		THUOCL
非法经营罪			8338		THUOCL
各级地方政府			8332		THUOCL
性贿赂			8295		THUOCL
社会主义法治国家			8253		THUOCL
妇女权益保障			8232		THUOCL
经济法专业			8205		THUOCL
连锁经营协会			8161		THUOCL
犯罪构成			8158		THUOCL
无民事行为能力			8143		THUOCL
母婴保健			8122		THUOCL
转业军人			8122		THUOCL
发展权			8116		THUOCL
保外就医			8056		THUOCL
中华人民共和国主席			8038		THUOCL
中华人民共和国证券法			8035		THUOCL
债权转让			8030		THUOCL
人均国内生产总值			7920		THUOCL
转移登记			7910		THUOCL
中华人民共和国道路交通安全法			7879		THUOCL
国际贸易促进委员会			7854		THUOCL
经济担保			7850		THUOCL
宅基地使用权			7828		THUOCL
复员军人			7780		THUOCL
城市房地产管理法			7772		THUOCL
双面打印			7747		THUOCL
督查工作			7747		THUOCL
拆迁范围			7708		THUOCL
秉公执法			7676		THUOCL
股权转让款			7623		THUOCL
失业登记			7621		THUOCL
童养媳			7603		THUOCL
累犯			7565		THUOCL
专利复审委员会			7561		THUOCL
限制民事行为能力			7559		THUOCL
发展计划委员会			7552		THUOCL
潜在投标人			7524		THUOCL
设备利用			7517		THUOCL
交通事故处理			7495		THUOCL
政府信息公开条例			7465		THUOCL
分业经营			7427		THUOCL
边防检查站			7424		THUOCL
妇女联合会			7415		THUOCL
成文法			7397		THUOCL
暗娼			7335		THUOCL
恢复名誉			7329		THUOCL
中国知识产权			7322		THUOCL
归化			7320		THUOCL
广播电影电视总局			7308		THUOCL
英美法系			7306		THUOCL
自治机关			7292		THUOCL
盈余公积金			7226		THUOCL
非法转让			7217		THUOCL
产品标识			7207		THUOCL
台湾事务办公室			7199		THUOCL
医疗事故鉴定			7180		THUOCL
瓶颈制约			7151		THUOCL
事务性工作			7145		THUOCL
海事法院			7142		THUOCL
重大责任事故			7135		THUOCL
妇女权益保障法			7128		THUOCL
国家监督			7124		THUOCL
施行后			7123		THUOCL
精神抚慰金			7073		THUOCL
董事会授权			7056		THUOCL
非法证券活动			7051		THUOCL
中央军事委员会主席			7031		THUOCL
合同示范文本			7018		THUOCL
市场支配地位			7006		THUOCL
重新鉴定			6908		THUOCL
刑复			6864		THUOCL
劳动争议处理			6826		THUOCL
婚前协议			6816		THUOCL
占有人			6814		THUOCL
治国方略			6802		THUOCL
执行机关			6801		THUOCL
全权代理			6785		THUOCL
对外贸易经济合作部			6774		THUOCL
法律面前人人平等			6728		THUOCL
行政复议法			6720		THUOCL
交投清淡			6704		THUOCL
死刑复核			6683		THUOCL
非专利技术			6683		THUOCL
停薪留职			6680		THUOCL
用工制度			6676		THUOCL
保险经纪人			6668		THUOCL
商业银行法			6649		THUOCL
行政强制措施			6648		THUOCL
继承遗产			6643		THUOCL
电视作品			6630		THUOCL
往来港澳通行证			6623		THUOCL
铁路运输安全			6598		THUOCL
国有独资企业			6595		THUOCL
重置成本			6586		THUOCL
捉拿归案			6585		THUOCL
标的额			6565		THUOCL
支农惠农政策			6560		THUOCL
职务行为			6557		THUOCL
道路交通管理			6547		THUOCL
竞业禁止			6544		THUOCL
该公司总经理			6532		THUOCL
国家广播电影电视总局			6514		THUOCL
自我检讨			6510		THUOCL
滥用职权罪			6487		THUOCL
保税仓库			6475		THUOCL
烟草专卖法			6473		THUOCL
产品质量标准			6412		THUOCL
奥斯曼帝国			6406		THUOCL
无源之水			6370		THUOCL
授权文件			6361		THUOCL
中国连锁经营协会			6359		THUOCL
收市价			6347		THUOCL
商业贿赂行为			6344		THUOCL
信托贷款			6342		THUOCL
民事法律行为			6329		THUOCL
交投活跃			6311		THUOCL
未有效			6308		THUOCL
国家环境保护总局			6307		THUOCL
再保险公司			6292		THUOCL
出让国有土地使用权			6278		THUOCL
反洗钱法			6267		THUOCL
中国注册会计师协会			6266		THUOCL
上位法			6220		THUOCL
挤占挪用			6215		THUOCL
回避制度			6194		THUOCL
寄递			6182		THUOCL
专业计算			6155		THUOCL
房地产转让			6120		THUOCL
权力结构			6118		THUOCL
传染病防治法			6091		THUOCL
公司债券发行			6057		THUOCL
职务侵占罪			6045		THUOCL
拘传			6040		THUOCL
非法用工			6039		THUOCL
收当			6030		THUOCL
诉讼标的			5947		THUOCL
中国残疾人联合会			5946		THUOCL
中华人民共和国国务院			5926		THUOCL
合伙企业法			5926		THUOCL
商业承兑汇票			5924		THUOCL
具有法律约束力			5916		THUOCL
国务院台湾事务办公室			5902		THUOCL
保险范围			5876		THUOCL
老龄委			5862		THUOCL
国家测绘局			5858		THUOCL
不履行合同			5857		THUOCL
节约能源法			5827		THUOCL
母女关系			5817		THUOCL
价值目标			5764		THUOCL
税收征收管理法			5740		THUOCL
改编权			5736		THUOCL
世界知识产权组织			5728		THUOCL
法律网站			5718		THUOCL
定向募集			5710		THUOCL
工资制度改革			5681		THUOCL
个人经营			5660		THUOCL
价格监督检查			5585		THUOCL
土地复垦			5575		THUOCL
非法拘禁罪			5559		THUOCL
出版发行事业			5547		THUOCL
医疗待遇			5547		THUOCL
贪污案			5547		THUOCL
执行逮捕			5542		THUOCL
风险抵押金			5525		THUOCL
逻辑结构			5514		THUOCL
一夫多妻制			5495		THUOCL
携款潜逃			5486		THUOCL
权利和利益			5480		THUOCL
房地产登记			5465		THUOCL
次要责任			5458		THUOCL
习惯法			5430		THUOCL
土地产权			5421		THUOCL
审判监督程序			5419		THUOCL
国债回购			5416		THUOCL
调查部			5381		THUOCL
两全保险			5376		THUOCL
案情重大			5354		THUOCL
外贸易经营者			5344		THUOCL
履行地			5334		THUOCL
网络赌博			5328		THUOCL
保护现场			5325		THUOCL
中华人民共和国土地管理法			5321		THUOCL
可再生能源法			5309		THUOCL
经营信息			5291		THUOCL
婚生子女			5281		THUOCL
履行法定职责			5280		THUOCL
武警总部			5259		THUOCL
赔偿范围			5236		THUOCL
赌博罪			5235		THUOCL
食品安全法			5211		THUOCL
中国古代史			5205		THUOCL
网络警察			5195		THUOCL
外商投资产业指导目录			5181		THUOCL
裁定驳回			5181		THUOCL
售定			5092		THUOCL
新闻工作者协会			5092		THUOCL
谋取暴利			5085		THUOCL
中外合作经营企业			5066		THUOCL
煤炭工业局			5024		THUOCL
代位权			5023		THUOCL
侵权行为法			5010		THUOCL
公民道德建设实施纲要			4993		THUOCL
警械			4979		THUOCL
行政诉讼案件			4969		THUOCL
有奖销售			4967		THUOCL
案情复杂			4956		THUOCL
产权界定			4949		THUOCL
广告经营者			4947		THUOCL
证券承销			4932		THUOCL
犯罪手段			4914		THUOCL
中国现代史			4913		THUOCL
项目谈判			4912		THUOCL
经营自主权			4910		THUOCL
企业章程			4901		THUOCL
民商事案件			4890		THUOCL
平仓价			4889		THUOCL
职业病防治法			4866		THUOCL
供应合同			4855		THUOCL
委托下单			4844		THUOCL
限制民事行为能力人			4790		THUOCL
有法必依			4764		THUOCL
诉讼保全			4761		THUOCL
科学技术工业委员会			4735		THUOCL
农村宅基地			4731		THUOCL
国防科学技术工业委员会			4728		THUOCL
挪用资金罪			4725		THUOCL
中华人民共和国民法通则			4706		THUOCL
无本之木			4687		THUOCL
前期物业管理			4666		THUOCL
家长制			4644		THUOCL
倾斜政策			4638		THUOCL
翘尾因素			4621		THUOCL
收回土地使用权			4620		THUOCL
无民事行为能力人			4619		THUOCL
首席律师			4599		THUOCL
委托授权			4590		THUOCL
食品工业协会			4589		THUOCL
补偿贸易			4585		THUOCL
中华女			4583		THUOCL
突发事件应对法			4582		THUOCL
缺陷产品			4575		THUOCL
诉讼参与人			4566		THUOCL
尊重和保障人权			4560		THUOCL
中小板指数			4553		THUOCL
反商业贿赂			4530		THUOCL
广告发布者			4528		THUOCL
维护社会公平正义			4522		THUOCL
平等自愿			4478		THUOCL
党员权利			4454		THUOCL
刑事附带民事诉讼			4454		THUOCL
保险责任范围			4452		THUOCL
日内瓦公约			4452		THUOCL
投资银行家			4449		THUOCL
不良行为记录			4448		THUOCL
国家质量技术监督局			4425		THUOCL
反渎职侵权			4407		THUOCL
执行刑			4407		THUOCL
失职行为			4401		THUOCL
土地承包法			4392		THUOCL
中华人民共和国企业所得税			4390		THUOCL
经济犯罪案件			4390		THUOCL
下级法院			4372		THUOCL
中华人民共和国公务员法			4371		THUOCL
唯一代表			4344		THUOCL
在职法律硕士			4334		THUOCL
房地产中介机构			4334		THUOCL
非全日制用工			4323		THUOCL
残疾赔偿金			4307		THUOCL
房地产权属			4306		THUOCL
特殊利益集团			4300		THUOCL
协议无效			4289		THUOCL
委托开发			4286		THUOCL
城乡规划法			4285		THUOCL
国家教育委员会			4280		THUOCL
非关税壁垒			4278		THUOCL
执行和解			4264		THUOCL
承付			4254		THUOCL
空壳公司			4253		THUOCL
业主权			4243		THUOCL
产销衔接			4227		THUOCL
媒体监督			4221		THUOCL
泄密事件			4217		THUOCL
缺席判决			4210		THUOCL
家庭联产承包责任制			4194		THUOCL
电视转播权			4166		THUOCL
医师法			4164		THUOCL
主观恶性			4153		THUOCL
专利信息			4149		THUOCL
风险承担			4126		THUOCL
非法占地			4121		THUOCL
法人委托书			4113		THUOCL
外国专家局			4111		THUOCL
法制科			4110		THUOCL
国有独资商业银行			4090		THUOCL
合作社法			4089		THUOCL
辩护与代理			4070		THUOCL
城市规划法			4069		THUOCL
保守国家秘密			4065		THUOCL
权利要求书			4049		THUOCL
国家干预			4031		THUOCL
法学博士学位			3993		THUOCL
专营权			3972		THUOCL
指定管辖			3963		THUOCL
收款凭证			3956		THUOCL
罚没收入			3951		THUOCL
社会主义公有制			3943		THUOCL
客观标准			3936		THUOCL
副主任科员			3935		THUOCL
扰乱公共秩序			3918		THUOCL
中国企业家协会			3905		THUOCL
巨灾风险			3902		THUOCL
与国际惯例接轨			3901		THUOCL
录音制品			3884		THUOCL
下级人民法院			3881		THUOCL
劳动争议调解仲裁法			3870		THUOCL
程序违法			3866		THUOCL
绿色食品认证			3849		THUOCL
国际工程承包			3842		THUOCL
受委托人			3839		THUOCL
单位住房			3834		THUOCL
侵犯商标权			3820		THUOCL
中止执行			3814		THUOCL
立法宗旨			3806		THUOCL
中华人民共和国治安管理处罚条例			3796		THUOCL
背书转让			3785		THUOCL
司法工作人员			3778		THUOCL
司法体制改革			3773		THUOCL
交通事故损害赔偿			3758		THUOCL
建设工程合同			3755		THUOCL
虚构事实			3742		THUOCL
物业管理单位			3736		THUOCL
著作权侵权			3733		THUOCL
借腹生子			3731		THUOCL
现场勘验			3730		THUOCL
占有权			3726		THUOCL
法院经审理查明			3721		THUOCL
建筑业协会			3717		THUOCL
国家发展计划委员会			3711		THUOCL
专利申请权			3698		THUOCL
强奸未遂			3698		THUOCL
企业产权制度			3684		THUOCL
中华人民共和国治安管理处罚法			3681		THUOCL
被告住所地			3680		THUOCL
股票交易印花税			3673		THUOCL
中国民用航空总局			3669		THUOCL
国家统一司法考试			3667		THUOCL
股票回购			3653		THUOCL
侵犯专利权			3648		THUOCL
合同煤			3640		THUOCL
委托物			3630		THUOCL
中国法制史			3628		THUOCL
执业医师法			3616		THUOCL
执行判决			3612		THUOCL
披露文件			3611		THUOCL
执行员			3581		THUOCL
流氓罪			3568		THUOCL
国家新闻出版署			3554		THUOCL
优抚安置			3550		THUOCL
判决执行			3547		THUOCL
专利制度			3532		THUOCL
钢铁产业发展			3532		THUOCL
假冒商品			3526		THUOCL
全国人大常委会法制工作委员			3516		THUOCL
食品安全标准			3509		THUOCL
国际刑事法院			3504		THUOCL
控告人			3501		THUOCL
农村土地承包法			3492		THUOCL
网络文化经营许可证			3482		THUOCL
考试法			3474		THUOCL
发明专利权			3472		THUOCL
列席人			3471		THUOCL
非金融机构			3470		THUOCL
中华全国工商业联合会			3467		THUOCL
旅游法			3466		THUOCL
滥用市场支配地位			3451		THUOCL
全产权			3438		THUOCL
生效时间			3434		THUOCL
保险保障基金			3410		THUOCL
收案			3406		THUOCL
绩效考核制度			3401		THUOCL
共同债务			3400		THUOCL
农产品质量安全法			3394		THUOCL
农民专业合作社法			3387		THUOCL
贩卖毒品罪			3383		THUOCL
中国科学技术协会			3377		THUOCL
形成权			3375		THUOCL
党政领导干部选拔任用工作条例			3369		THUOCL
中国食品工业协会			3368		THUOCL
执行监督			3367		THUOCL
医疗事故处理条例			3365		THUOCL
重大责任事故罪			3355		THUOCL
职业安全卫生			3337		THUOCL
申请回避			3329		THUOCL
强制执行措施			3327		THUOCL
违章操作			3323		THUOCL
村民委员会组织法			3317		THUOCL
社会在职人员			3317		THUOCL
殴打他人			3295		THUOCL
对外贸易法			3285		THUOCL
事业单位法人			3268		THUOCL
危害公共安全罪			3268		THUOCL
经济合同法			3267		THUOCL
情感障碍			3262		THUOCL
五定			3252		THUOCL
手钩			3250		THUOCL
价格放开			3245		THUOCL
产品税			3223		THUOCL
非婚生子女			3216		THUOCL
特种设备安全监察			3208		THUOCL
皮下出血			3199		THUOCL
工农联盟			3190		THUOCL
资源有偿使用制度			3190		THUOCL
烟草总公司			3173		THUOCL
由拥有			3170		THUOCL
有奖征集活动			3160		THUOCL
债务转移			3152		THUOCL
个体经济组织			3146		THUOCL
回购协议			3143		THUOCL
产权变更			3132		THUOCL
拆迁补偿安置协议			3130		THUOCL
民族区域自治法			3128		THUOCL
国家档案局			3121		THUOCL
中共中央统战部			3120		THUOCL
参照公务员法			3118		THUOCL
出口信贷			3109		THUOCL
负直接			3107		THUOCL
交通事故认定书			3104		THUOCL
价格承诺			3103		THUOCL
公司登记管理条例			3090		THUOCL
维权成本			3060		THUOCL
重大误解			3060		THUOCL
经济体制改革委员会			3054		THUOCL
技术转让合同			3038		THUOCL
品牌诉求			3037		THUOCL
结构性矛盾突出			3037		THUOCL
现代产权制度			3032		THUOCL
协议收购			3015		THUOCL
募集设立			3010		THUOCL
企业转让			3009		THUOCL
缔约过失			3006		THUOCL
城市房地产税			3000		THUOCL
港澳办			2996		THUOCL
兵役法			2993		THUOCL
刑事科学技术			2993		THUOCL
宏观调控目标			2993		THUOCL
非法吸收公众存款罪			2993		THUOCL
抽象行政行为			2990		THUOCL
沉默权			2988		THUOCL
医疗器械注册证			2986		THUOCL
业主大会议事规则			2985		THUOCL
流氓行为			2966		THUOCL
不完全履行			2960		THUOCL
野生动物保护法			2960		THUOCL
进行审计监督			2957		THUOCL
城乡医疗救助			2943		THUOCL
产品缺陷			2939		THUOCL
中华人民共和国物权法			2938		THUOCL
非法侵占			2937		THUOCL
行纪人			2934		THUOCL
涉法涉诉			2933		THUOCL
铁路运输法院			2923		THUOCL
部门管辖			2914		THUOCL
母婴保健法			2913		THUOCL
道路交通事故处理			2909		THUOCL
到岸价格			2905		THUOCL
犯罪未遂			2901		THUOCL
代理收付款项			2900		THUOCL
全面推进依法行政实施纲要			2887		THUOCL
泄露国家机密			2882		THUOCL
中国烟草总公司			2879		THUOCL
继子女			2877		THUOCL
加工合同			2867		THUOCL
应用法学			2863		THUOCL
放火罪			2861		THUOCL
财团法人			2860		THUOCL
首席大法官			2860		THUOCL
正式谈判			2852		THUOCL
建设工程质量管理条例			2843		THUOCL
期末存货			2841		THUOCL
气候变化框架公约			2840		THUOCL
市场分割			2839		THUOCL
增值税暂行条例			2836		THUOCL
住房公积金管理条例			2831		THUOCL
妇女就业			2821		THUOCL
假冒商标			2818		THUOCL
国际服务贸易			2816		THUOCL
抽逃出资			2801		THUOCL
特定物			2801		THUOCL
通话录音			2793		THUOCL
信息权			2792		THUOCL
行为障碍			2789		THUOCL
私有财产权			2762		THUOCL
对外经济贸易部			2750		THUOCL
专利使用费			2745		THUOCL
杠杆收购			2743		THUOCL
指定人员			2735		THUOCL
私闯民宅			2726		THUOCL
根本扭转			2725		THUOCL
未利用地			2721		THUOCL
国家外国专家局			2715		THUOCL
姘居			2710		THUOCL
陪审员制度			2710		THUOCL
联合国海洋法公约			2706		THUOCL
侵夺			2705		THUOCL
赌棍			2701		THUOCL
国家计划委员会			2689		THUOCL
交通拥堵费			2686		THUOCL
危险作业			2684		THUOCL
相对集中行政处罚权			2684		THUOCL
证券公司监督管理条例			2681		THUOCL
新闻发布制度			2679		THUOCL
禁止传销条例			2678		THUOCL
无行为能力			2672		THUOCL
前父母			2671		THUOCL
中国专利局			2670		THUOCL
委托关系			2668		THUOCL
五讲四美			2667		THUOCL
收购土地			2662		THUOCL
人类精子库			2641		THUOCL
中华人民共和国价格法			2629		THUOCL
侮辱妇女			2621		THUOCL
虚报注册资本罪			2612		THUOCL
市场经济法			2606		THUOCL
法台			2605		THUOCL
商品房销售管理办法			2603		THUOCL
爆炸罪			2599		THUOCL
业瑜伽			2598		THUOCL
受让股权			2589		THUOCL
风险暴露			2586		THUOCL
重大立功表现			2585		THUOCL
司法考试大纲			2577		THUOCL
首席法律顾问			2576		THUOCL
先天性缺陷			2550		THUOCL
外资银行管理条例			2547		THUOCL
非居民企业			2546		THUOCL
重大嫌疑人			2537		THUOCL
议付行			2535		THUOCL
合同履行地			2533		THUOCL
风险敞口			2526		THUOCL
直接法			2521		THUOCL
经营权转让			2519		THUOCL
农业生产者			2515		THUOCL
不具有法律效力			2513		THUOCL
国有资本经营预算制度			2504		THUOCL
纤维检验			2502		THUOCL
次代理			2501		THUOCL
保守国家秘密法			2494		THUOCL
专利权利要求			2472		THUOCL
人员监督			2467		THUOCL
人民解放军总政治部			2458		THUOCL
中华人民共和国安全生产法			2450		THUOCL
货物运输保险			2450		THUOCL
道路运输经营许可证			2447		THUOCL
田野调查			2442		THUOCL
合并审理			2439		THUOCL
约定违约金			2434		THUOCL
无形财产			2431		THUOCL
先进先出法			2430		THUOCL
终止权			2426		THUOCL
中国华能集团公司			2422		THUOCL
中国人民银行法			2413		THUOCL
委托辩护			2412		THUOCL
房屋产权登记			2411		THUOCL
排除妨碍			2406		THUOCL
中华人民共和国个人所得税法			2402		THUOCL
特大刑事案件			2399		THUOCL
一般保证			2396		THUOCL
借新还旧			2388		THUOCL
中外合资经营企业法			2386		THUOCL
农业委员会			2384		THUOCL
亿霖木业			2383		THUOCL
企业治理结构			2382		THUOCL
抵押物登记			2380		THUOCL
人行横道线			2377		THUOCL
娱乐场所管理条例			2377		THUOCL
卖出回购证券			2370		THUOCL
女职工劳动			2361		THUOCL
播映权			2358		THUOCL
形式要件			2356		THUOCL
超越职权			2356		THUOCL
法院组织法			2354		THUOCL
司法局局长			2343		THUOCL
经济管理权			2337		THUOCL
业主临时公约			2336		THUOCL
专利实施许可合同			2332		THUOCL
讯问笔录			2332		THUOCL
间歇性精神病			2332		THUOCL
前期物业服务合同			2331		THUOCL
婚姻继承纠纷			2330		THUOCL
实用新型专利权			2328		THUOCL
中华人民共和国海关法			2325		THUOCL
缔约过失责任			2322		THUOCL
国务院关税税则委员会			2321		THUOCL
注册会计师法			2321		THUOCL
停工留薪期			2319		THUOCL
住房产权			2317		THUOCL
完善宏观调控			2315		THUOCL
自愿行为			2312		THUOCL
国家基本药物制度			2308		THUOCL
奥本海			2308		THUOCL
辩护词			2307		THUOCL
环境影响评价法			2304		THUOCL
中华人民共和国财政部			2302		THUOCL
权利冲突			2289		THUOCL
对抗第三人			2288		THUOCL
人民陪审员制度			2282		THUOCL
银行保函			2282		THUOCL
经济帮助			2271		THUOCL
中国未成年人			2267		THUOCL
入市交易			2263		THUOCL
四个坚定不移			2262		THUOCL
登记过户			2262		THUOCL
国家公务员暂行条例			2261		THUOCL
法律思维			2249		THUOCL
事业单位养老保险			2241		THUOCL
人民解放军总后勤部			2239		THUOCL
机动车交通事故责任强制保险条例			2234		THUOCL
社会互助			2233		THUOCL
语言文字工作委员会			2231		THUOCL
信息公开制度			2228		THUOCL
偿还欠款			2225		THUOCL
不安全食品			2220		THUOCL
学校令			2218		THUOCL
抵缴			2218		THUOCL
非法占用土地			2215		THUOCL
委托辩护人			2205		THUOCL
土地承包合同			2203		THUOCL
平台架			2202		THUOCL
萨维尼			2193		THUOCL
证券公司风险处置条例			2191		THUOCL
刑事诉讼程序			2183		THUOCL
信用卡诈骗罪			2178		THUOCL
诏狱			2172		THUOCL
专利权无效			2164		THUOCL
残疾人福利基金会			2163		THUOCL
私有产权			2141		THUOCL
住院伙食补助费			2134		THUOCL
法律监督机关			2131		THUOCL
非法音像制品			2131		THUOCL
林地使用权			2130		THUOCL
特许权使用费所得			2115		THUOCL
人民监督员制度			2110		THUOCL
中华人民共和国传染病防治法			2107		THUOCL
参加黑社会性质组织罪			2106		THUOCL
法医检验			2104		THUOCL
劳资矛盾			2101		THUOCL
继父母			2101		THUOCL
企业经营决策			2097		THUOCL
软件著作权登记			2094		THUOCL
法律英语			2093		THUOCL
港英政府			2093		THUOCL
执业范围			2092		THUOCL
辩护权			2091		THUOCL
药品经营质量管理规范			2087		THUOCL
清华大学法学院			2083		THUOCL
一切必要措施			2081		THUOCL
承包金			2075		THUOCL
回归价值			2070		THUOCL
机动车登记规定			2068		THUOCL
道路交通事故处理办法			2067		THUOCL
仲裁地			2059		THUOCL
假冒他人专利			2058		THUOCL
直接代理			2057		THUOCL
操纵证券市场			2043		THUOCL
拐卖妇女儿童			2041		THUOCL
中华人民共和国建设部			2034		THUOCL
婚姻登记档案			2033		THUOCL
北京住房公积金管理			2031		THUOCL
武汉大学法学院			2029		THUOCL
犯罪中止			2025		THUOCL
私营独资企业			2023		THUOCL
外贸代理			2020		THUOCL
法律价值			2017		THUOCL
预防未成年人犯罪法			2016		THUOCL
人性化执法			2013		THUOCL
受益方			2011		THUOCL
女职工劳动保护			2004		THUOCL
和谐奥运			1999		THUOCL
复制发行			1999		THUOCL
专利法实施细则			1981		THUOCL
建设工程工程量清单计价规范			1972		THUOCL
协议工			1961		THUOCL
发展与稳定			1954		THUOCL
应予维持			1954		THUOCL
武凯			1950		THUOCL
应对机制			1949		THUOCL
自动投案			1944		THUOCL
全国妇女联合会			1941		THUOCL
对比文件			1938		THUOCL
直接故意			1932		THUOCL
指定辩护			1931		THUOCL
实质性改变			1929		THUOCL
托收承付			1929		THUOCL
金融风波			1929		THUOCL
单位行贿罪			1928		THUOCL
小组委员会			1928		THUOCL
非法转让土地			1928		THUOCL
委托调查			1922		THUOCL
植物新品种保护			1921		THUOCL
必要技术特征			1919		THUOCL
指供			1919		THUOCL
转委托			1914		THUOCL
履行抗辩权			1908		THUOCL
合同战术			1901		THUOCL
实体公正			1899		THUOCL
土地荒漠化			1896		THUOCL
挂靠经营			1884		THUOCL
持股公司			1881		THUOCL
直接因果关系			1881		THUOCL
伪证罪			1880		THUOCL
退货责任规定			1880		THUOCL
国务院港澳办			1876		THUOCL
发行货币			1869		THUOCL
一审判决书			1864		THUOCL
住房货币化			1864		THUOCL
专利转让			1862		THUOCL
新闻监督			1860		THUOCL
终结执行			1859		THUOCL
责任分担			1856		THUOCL
拆迁补偿协议			1855		THUOCL
诉前财产保全			1848		THUOCL
菲迪克			1846		THUOCL
政策性关闭破产			1843		THUOCL
不可抗力事件			1842		THUOCL
前置程序			1837		THUOCL
对外友协			1836		THUOCL
不安全行为			1832		THUOCL
死刑复核权			1832		THUOCL
审判程序合法			1823		THUOCL
第一顺序继承人			1820		THUOCL
犯罪构成要件			1816		THUOCL
德沃金			1815		THUOCL
财产保全费			1812		THUOCL
执行罚			1810		THUOCL
信访制度			1779		THUOCL
信息化工作领导小组			1775		THUOCL
改编作品			1775		THUOCL
指导性计划			1771		THUOCL
直接承认			1768		THUOCL
多式联运经营人			1767		THUOCL
依法登记成立			1758		THUOCL
人民法院组织法			1757		THUOCL
摩尔根			1757		THUOCL
沈家本			1756		THUOCL
欠息			1751		THUOCL
产品质量监督管理			1747		THUOCL
基层公安机关			1744		THUOCL
能源委员会			1743		THUOCL
配偶权			1741		THUOCL
伪造文件			1739		THUOCL
虚开增值税发票			1738		THUOCL
委付			1737		THUOCL
经济监督			1733		THUOCL
时效中断			1727		THUOCL
路政执法			1726		THUOCL
房地产权利人			1724		THUOCL
企业兼并重组			1711		THUOCL
权利范围			1710		THUOCL
强制法			1707		THUOCL
国家司法考试大纲			1704		THUOCL
自己代理			1699		THUOCL
证券委员会			1697		THUOCL
死刑缓期执行			1692		THUOCL
非法经营数额			1691		THUOCL
理论法学			1681		THUOCL
中华人民共和国保险法			1679		THUOCL
职务作品			1678		THUOCL
法律文书写作			1676		THUOCL
第一代独生子女			1675		THUOCL
无责任底薪			1671		THUOCL
河南陆达律师事务所			1671		THUOCL
国家土地督察制度			1669		THUOCL
受人民监督			1666		THUOCL
父母子女关系			1665		THUOCL
独占权			1664		THUOCL
刑事被告人			1663		THUOCL
权利本位			1659		THUOCL
完善现代企业制度			1656		THUOCL
道奇凯领			1655		THUOCL
中转服务			1653		THUOCL
集体合同规定			1653		THUOCL
非法提供			1653		THUOCL
瑕疵担保			1647		THUOCL
广播电视设施			1646		THUOCL
廉租住房保障办法			1643		THUOCL
招标拍卖挂牌出让国有土地使用权规定			1643		THUOCL
党指挥枪			1640		THUOCL
律师收费			1638		THUOCL
税收保全措施			1637		THUOCL
艾滋病防治条例			1637		THUOCL
各委员会主任			1634		THUOCL
完全知识产权			1634		THUOCL
土地交易价格			1633		THUOCL
开膛手杰克			1631		THUOCL
聚众斗殴罪			1627		THUOCL
行政强制执行			1620		THUOCL
犯罪目的			1617		THUOCL
煤炭法			1616		THUOCL
夫妻共同债务			1615		THUOCL
收费公路管理条例			1613		THUOCL
规范权力			1612		THUOCL
保险监管机构			1601		THUOCL
中华人民共和国审计法			1599		THUOCL
伤残就业补助金			1599		THUOCL
城建监察			1598		THUOCL
渎职侵权犯罪案件			1598		THUOCL
会计基础工作规范			1595		THUOCL
互相印证			1593		THUOCL
复合氨基酸			1593		THUOCL
牵连犯			1589		THUOCL
港口作业			1588		THUOCL
生效要件			1587		THUOCL
代位求偿权			1584		THUOCL
世界动物卫生组织			1582		THUOCL
医疗广告管理办法			1580		THUOCL
专利权转让			1575		THUOCL
银行业监督管理法			1573		THUOCL
资金汇划			1568		THUOCL
不安抗辩权			1567		THUOCL
教育附加费			1565		THUOCL
法律事件			1561		THUOCL
违章处理			1559		THUOCL
铁路交通事故			1559		THUOCL
注册公用设备工程师			1556		THUOCL
毒品原植物			1554		THUOCL
波普尔			1552		THUOCL
欧洲法院			1550		THUOCL
缺席审判			1550		THUOCL
项目可行性报告			1550		THUOCL
远期信用证			1548		THUOCL
邮政普遍服务			1548		THUOCL
偶犯			1546		THUOCL
房屋登记办法			1546		THUOCL
国营公司			1544		THUOCL
化学危险物品			1541		THUOCL
中国妇女发展基金会			1537		THUOCL
遗产分割			1536		THUOCL
尊重社会公德			1534		THUOCL
离婚财产分割			1534		THUOCL
集体所有制单位			1533		THUOCL
具体犯罪			1531		THUOCL
止赎			1531		THUOCL
委托人民法院			1529		THUOCL
经验法则			1528		THUOCL
土地国有			1525		THUOCL
信息结构			1523		THUOCL
特别权			1523		THUOCL
国家补偿			1518		THUOCL
国家土地管理局			1511		THUOCL
汶川地震灾后恢复重建条例			1511		THUOCL
商标抢注			1510		THUOCL
违背妇女意志			1510		THUOCL
委托代理合同			1508		THUOCL
文件清单			1507		THUOCL
冲突规范			1503		THUOCL
破坏电力设备			1501		THUOCL
人民解放军总参谋部			1499		THUOCL
招摇撞骗罪			1499		THUOCL
间接法			1496		THUOCL
企业法人登记管理条例			1495		THUOCL
供用电合同			1495		THUOCL
退一赔一			1492		THUOCL
国家经济政策			1491		THUOCL
一级谋杀			1490		THUOCL
行政规范性文件			1489		THUOCL
业务分类			1482		THUOCL
反渎职侵权局			1482		THUOCL
安徽华普会计师事务所			1482		THUOCL
感谢法			1479		THUOCL
古埃及法			1476		THUOCL
论法律			1476		THUOCL
新经济增长点			1473		THUOCL
贷款展期			1469		THUOCL
加工承揽合同			1462		THUOCL
转折关头			1462		THUOCL
企业登记代理			1460		THUOCL
轻工业局			1458		THUOCL
军事检察院			1454		THUOCL
测绘法			1450		THUOCL
助理审判员			1448		THUOCL
时效制度			1439		THUOCL
诉前保全			1439		THUOCL
身故保险金受益人			1437		THUOCL
国家民族事务委员会			1436		THUOCL
非职务发明			1428		THUOCL
社会团体登记管理条例			1424		THUOCL
终局裁决			1422		THUOCL
分承包			1418		THUOCL
典当物			1417		THUOCL
利息金			1417		THUOCL
自费出版			1408		THUOCL
加大结构调整力度			1406		THUOCL
法院改革			1401		THUOCL
火灾保险			1401		THUOCL
超越代理权			1401		THUOCL
性违法			1396		THUOCL
抄袭剽窃			1396		THUOCL
构建和谐劳动关系			1395		THUOCL
航空货运代理			1394		THUOCL
价格保护			1389		THUOCL
商业欺诈行为			1388		THUOCL
虐待罪			1386		THUOCL
委托执行			1383		THUOCL
专利文件			1382		THUOCL
法制日报社			1381		THUOCL
电话计费			1374		THUOCL
乱集资			1372		THUOCL
母法			1371		THUOCL
风险保证金			1370		THUOCL
保护作品完整权			1367		THUOCL
有效文件			1367		THUOCL
亚硝酸盐中毒			1366		THUOCL
为权利而斗争			1361		THUOCL
重复保险			1361		THUOCL
国防动员委员会			1357		THUOCL
国家通用语言文字法			1355		THUOCL
承包经营合同			1352		THUOCL
约定解除			1351		THUOCL
营业税暂行条例			1349		THUOCL
斯宾诺莎			1344		THUOCL
专有出版权			1343		THUOCL
时效中止			1343		THUOCL
根本违约			1342		THUOCL
一裁终局			1338		THUOCL
加权平均值			1331		THUOCL
中华人民共和国商业银行法			1330		THUOCL
破坏计算机信息系统罪			1330		THUOCL
贷款诈骗罪			1326		THUOCL
品牌安全			1320		THUOCL
非法同居关系			1320		THUOCL
市价总值			1317		THUOCL
行政强制法			1315		THUOCL
提篮桥监狱			1314		THUOCL
有条件录取			1314		THUOCL
第一审程序			1314		THUOCL
非法行医罪			1312		THUOCL
越权行为			1311		THUOCL
获得报酬权			1307		THUOCL
恢复行使主权			1305		THUOCL
美国红十字会			1303		THUOCL
死刑缓期二年执行			1302		THUOCL
集成电路布图设计			1302		THUOCL
事急从权			1296		THUOCL
国家计划生育委员会			1295		THUOCL
执业登记			1295		THUOCL
原裁定			1286		THUOCL
人民币管理条例			1285		THUOCL
国家货币政策			1284		THUOCL
无效行为			1282		THUOCL
结构调整政策			1281		THUOCL
药品管理法实施条例			1281		THUOCL
中华人民共和国水法			1280		THUOCL
全部保险			1277		THUOCL
司法局副局长			1271		THUOCL
产供销一体化			1270		THUOCL
各级人民代表大会和地方各级人民政府组织法			1267		THUOCL
民用航空法			1265		THUOCL
挂失止付			1262		THUOCL
委托授权书			1260		THUOCL
农村合作基金会			1258		THUOCL
法官职业化			1256		THUOCL
中华人民共和国反垄断法			1254		THUOCL
国家安全工作			1251		THUOCL
危险犯			1248		THUOCL
进出口商品检验法			1247		THUOCL
反对官僚主义			1246		THUOCL
告诉才处理			1246		THUOCL
护肤护发品			1246		THUOCL
统一会计制度			1245		THUOCL
契约型基金			1243		THUOCL
处理恰当			1242		THUOCL
国家结构			1240		THUOCL
实行国民待遇			1240		THUOCL
强制执行效力			1238		THUOCL
国家执业医师资格考试			1235		THUOCL
跟单信用证统一惯例			1234		THUOCL
江西惟民律师事务所			1233		THUOCL
体制改革办公室			1232		THUOCL
服务贸易总协定			1224		THUOCL
儿童权利公约			1221		THUOCL
全国绿化委员会			1221		THUOCL
共同危险行为			1221		THUOCL
产权登记面积			1216		THUOCL
拨改贷			1216		THUOCL
地产权属登记			1214		THUOCL
潜在资源			1210		THUOCL
全民所有制工业企业			1208		THUOCL
焦点网谈			1206		THUOCL
靳如超			1205		THUOCL
空间权			1202		THUOCL
取得后			1199		THUOCL
许诺销售			1199		THUOCL
职能转换			1198		THUOCL
未成年罪犯			1195		THUOCL
国家法官学院			1194		THUOCL
兼职收入			1193		THUOCL
土地管理法实施条例			1190		THUOCL
中华人民共和国民办教育促进法			1186		THUOCL
完全行为能力			1186		THUOCL
奥林匹克标志保护条例			1185		THUOCL
漂流物			1185		THUOCL
信息披露规则			1184		THUOCL
价值理性			1183		THUOCL
无行为能力人			1183		THUOCL
工业产权巴黎公约			1179		THUOCL
物权效力			1176		THUOCL
农村承包经营户			1175		THUOCL
保护工业产权巴黎公约			1172		THUOCL
个人独资企业法			1171		THUOCL
全进全出			1171		THUOCL
风暴眼			1171		THUOCL
粮食流通监督检查			1170		THUOCL
自救行为			1169		THUOCL
烟草专卖法律法规			1165		THUOCL
永久居住权			1162		THUOCL
专项应急预案			1160		THUOCL
应当从重处罚			1160		THUOCL
有限责任合伙			1159		THUOCL
社会保险费征缴暂行条例			1158		THUOCL
违法行政行为			1158		THUOCL
成员权			1153		THUOCL
机动车第三者责任保险			1150		THUOCL
法律移植			1148		THUOCL
中国残疾人福利基金会			1143		THUOCL
治安联防队员			1142		THUOCL
澳门特别行政区基本法			1141		THUOCL
直接调控			1140		THUOCL
扣船			1138		THUOCL
沿海运输			1137		THUOCL
指定代理人			1135		THUOCL
版权转让			1135		THUOCL
个人代理人			1134		THUOCL
代位权诉讼			1134		THUOCL
国家核安全局			1134		THUOCL
瑕疵担保责任			1134		THUOCL
信号失真			1133		THUOCL
不告不理			1132		THUOCL
一般违法行为			1131		THUOCL
航空货运单			1131		THUOCL
遗嘱执行人			1131		THUOCL
债权行为			1125		THUOCL
诉讼费用交纳办法			1123		THUOCL
边复习			1123		THUOCL
陈光中			1123		THUOCL
权利瑕疵			1122		THUOCL
人大代表议案			1121		THUOCL
机械工业局			1118		THUOCL
房地产权登记			1116		THUOCL
一致表决			1109		THUOCL
社保政策			1109		THUOCL
现场笔录			1107		THUOCL
医疗服务合同			1100		THUOCL
轻工总会			1099		THUOCL
财产保险合同			1098		THUOCL
事业单位法人证书			1096		THUOCL
自愿辞职			1096		THUOCL
巨灾保险制度			1094		THUOCL
法院地			1093		THUOCL
土地增值税暂行条例			1090		THUOCL
现收现付制			1089		THUOCL
不作为犯			1086		THUOCL
同时履行抗辩			1082		THUOCL
非法持有毒品罪			1082		THUOCL
特种设备安全监察条例			1080		THUOCL
专利合作条约			1078		THUOCL
医疗器械监督管理条例			1076		THUOCL
国家出入境检验检疫局			1076		THUOCL
比较法研究			1076		THUOCL
保单现金价值			1073		THUOCL
全员聘用制			1072		THUOCL
铁路运输中级法院			1072		THUOCL
假冒注册商标罪			1071		THUOCL
文化全球化			1071		THUOCL
会计法律制度			1070		THUOCL
中华人民共和国森林法			1067		THUOCL
法定孳息			1067		THUOCL
中华人民共和国妇女权益保障法			1065		THUOCL
综合管理类职位			1064		THUOCL
股份合作企业			1064		THUOCL
超越法定职权			1064		THUOCL
事业单位工资制度			1059		THUOCL
刑法志			1059		THUOCL
陆岩			1059		THUOCL
收购单位			1057		THUOCL
四个一批			1056		THUOCL
委托招标			1054		THUOCL
第一顺位继承人			1054		THUOCL
杀婴			1053		THUOCL
日落复审			1052		THUOCL
农业承包合同			1051		THUOCL
刑事裁定书			1049		THUOCL
女职工劳动保护规定			1048		THUOCL
高速公路通行费			1048		THUOCL
民用建筑节能条例			1042		THUOCL
增加农业投入			1040		THUOCL
洛迦诺			1040		THUOCL
现货交割			1040		THUOCL
国家基本药物目录			1039		THUOCL
一审裁定			1038		THUOCL
教育收费公示制度			1037		THUOCL
医疗过失行为			1036		THUOCL
代为清偿			1033		THUOCL
伪造现场			1033		THUOCL
总登记			1032		THUOCL
渎职案			1032		THUOCL
佘祥林案			1029		THUOCL
沃尔芬森			1029		THUOCL
签订日期			1026		THUOCL
被裁定为			1026		THUOCL
双方自愿离婚			1025		THUOCL
执行费用			1025		THUOCL
特许经营管理办法			1023		THUOCL
缘坐			1022		THUOCL
权责统一			1020		THUOCL
注册商标权			1019		THUOCL
国家能源委员会			1018		THUOCL
临时存储粮			1016		THUOCL
空防安全			1012		THUOCL
城市合作银行			1008		THUOCL
免予处分			1007		THUOCL
农村发展研究中心			1007		THUOCL
营利目的			1005		THUOCL
土地产权制度			1001		THUOCL
农药残留物			1000		THUOCL
叶波			999		THUOCL
人民代表大会主席团			998		THUOCL
复员费			997		THUOCL
公司债券发行试点办法			995		THUOCL
涉枪犯罪			995		THUOCL
编辑权			995		THUOCL
经营保险业务许可证			994		THUOCL
中国刑事警察			993		THUOCL
产权登记证			992		THUOCL
国家公证			990		THUOCL
行为犯			990		THUOCL
影子价格			987		THUOCL
枪支管理法			984		THUOCL
企业名称权			982		THUOCL
保险公估人			981		THUOCL
赵秉志			981		THUOCL
军人抚恤优待条例			980		THUOCL
抵押权登记			978		THUOCL
营业性演出管理条例			978		THUOCL
企业债券管理条例			977		THUOCL
中国发明协会			974		THUOCL
同时履行抗辩权			974		THUOCL
虚开增值税专用发票罪			974		THUOCL
产品责任保险			973		THUOCL
作品登记			973		THUOCL
同住人			973		THUOCL
执行死刑命令			972		THUOCL
标书翻译			972		THUOCL
奸淫幼女罪			970		THUOCL
建筑业企业资质证书			967		THUOCL
预算级次			967		THUOCL
铁路法院			966		THUOCL
行政诉讼受案范围			964		THUOCL
安全生产许可证条例			961		THUOCL
新台州律师事务所			961		THUOCL
铁路运输检察院			961		THUOCL
全要素生产率			960		THUOCL
产品设计图			958		THUOCL
国家恐怖主义			958		THUOCL
仓单持有人			956		THUOCL
平等就业权			955		THUOCL
诉讼标的额			955		THUOCL
中华人民共和国农业部			951		THUOCL
兽药管理条例			951		THUOCL
中华法系			949		THUOCL
企业维持			948		THUOCL
厦门大学法学院			947		THUOCL
国家突发公共事件总体应急预案			944		THUOCL
反贪污贿赂局			942		THUOCL
指定仲裁员			939		THUOCL
缺乏后劲			939		THUOCL
中华人民共和国地方各级人民代表大会和地方各级人民政府组织法			934		THUOCL
经济技术合作协定			934		THUOCL
无权占有			931		THUOCL
诈伪			931		THUOCL
彩票发行与销售管理暂行规定			930		THUOCL
农村新型合作医疗制度			929		THUOCL
恶意占有			929		THUOCL
全员劳动合同制			928		THUOCL
为政以德			927		THUOCL
没收非法财物			927		THUOCL
金钱赔偿			921		THUOCL
污水综合排放标准			920		THUOCL
专利保护范围			918		THUOCL
独占许可			918		THUOCL
转业费			918		THUOCL
非法猎捕			917		THUOCL
兴安证券投资基金			915		THUOCL
办理存款业务			910		THUOCL
法官职业道德			907		THUOCL
仓储合同			906		THUOCL
加强劳动保护			906		THUOCL
收监执行			903		THUOCL
风景名胜区条例			902		THUOCL
委托创作			901		THUOCL
中国普法网			900		THUOCL
死亡营			898		THUOCL
网络安全法			898		THUOCL
无效民事行为			897		THUOCL
医疗事故赔			895		THUOCL
从属权利要求			894		THUOCL
短期融资券管理办法			894		THUOCL
中华人民共和国进出口商品检验法			893		THUOCL
委托拆迁			892		THUOCL
私营工商业			891		THUOCL
司法院校			887		THUOCL
土地储备管理办法			886		THUOCL
药品广告审查办法			884		THUOCL
中英联合声明			883		THUOCL
药事管理与法规			883		THUOCL
雅尔塔协定			883		THUOCL
泄露内幕信息罪			882		THUOCL
价格指标			881		THUOCL
审查案件			881		THUOCL
安全检查员			879		THUOCL
中华人民共和国人口与计划生育法			875		THUOCL
工业企业法			871		THUOCL
诉讼参加人			871		THUOCL
金融机构反洗钱规定			871		THUOCL
联合兼并			867		THUOCL
兵器工业总公司			863		THUOCL
福利分房制度			860		THUOCL
军委总政治部			859		THUOCL
审计案例			858		THUOCL
证券交易清算			855		THUOCL
中华人民共和国道路运输条例			853		THUOCL
效力终止			853		THUOCL
中华人民共和国公司登记管理条例			848		THUOCL
政治协商会议章程			848		THUOCL
产权分割			846		THUOCL
身份证重号			845		THUOCL
实体法律			843		THUOCL
森林砍伐			843		THUOCL
结构失调			843		THUOCL
国家自然灾害救助应急预案			842		THUOCL
人体器官移植条例			841		THUOCL
诉讼时效中止			841		THUOCL
中华人民共和国兵役法			840		THUOCL
侵占行为			839		THUOCL
中国人民政治协商会议章程			838		THUOCL
恢复性司法			832		THUOCL
事业单位收入分配制度改革			830		THUOCL
许可证协议			829		THUOCL
医院评审			827		THUOCL
红十字会法			826		THUOCL
权利质权			825		THUOCL
送达回执			825		THUOCL
遗产管理人			822		THUOCL
商事代理			819		THUOCL
交叉补贴			818		THUOCL
发遣			817		THUOCL
最高人民法院公报			817		THUOCL
增值税纳税人			816		THUOCL
乡村规划			812		THUOCL
侵犯财产罪			812		THUOCL
履行不能			812		THUOCL
盲人协会			811		THUOCL
授信合同			810		THUOCL
机要文件			810		THUOCL
科研不端行为			810		THUOCL
遗产继承权			808		THUOCL
证券监督委员会			806		THUOCL
以出顶进			804		THUOCL
行为地法			803		THUOCL
环境与资源保护法			802		THUOCL
退回补充侦查			801		THUOCL
魔鬼岛			801		THUOCL
直接占有			799		THUOCL
同业竞争关系			798		THUOCL
委员制			798		THUOCL
指定辩护人			798		THUOCL
志愿兵役制			796		THUOCL
国有股东转让所持上市公司股份管理暂行办法			792		THUOCL
联合国国际货物销售合同公约			792		THUOCL
空床费			790		THUOCL
对偶婚			789		THUOCL
专业技术职务聘任制			788		THUOCL
达鲁花赤			788		THUOCL
委托拍卖合同			787		THUOCL
登记国			787		THUOCL
危险单位			786		THUOCL
归侨侨眷权益保护法			786		THUOCL
城北派出所			784		THUOCL
中华人民共和国经济合同法			783		THUOCL
前南斯拉夫问题国际刑事法庭			783		THUOCL
中华人民共和国固体废物污染环境防治法			781		THUOCL
企业劳动争议处理条例			781		THUOCL
房屋产权单位			781		THUOCL
激情犯			776		THUOCL
录音制作者权			773		THUOCL
推定全损			772		THUOCL
导游人员管理条例			770		THUOCL
诈保			770		THUOCL
公室告			769		THUOCL
技术密集型产品			767		THUOCL
创新发展之路			766		THUOCL
他项权利登记			764		THUOCL
宏观调控法			764		THUOCL
对外承包工程商会			762		THUOCL
争论点			761		THUOCL
名优标志			758		THUOCL
国家科学技术委员会			758		THUOCL
保险公司治理结构			757		THUOCL
中华人民共和国可再生能源法			753		THUOCL
城旦			752		THUOCL
折价补偿			752		THUOCL
典当管理办法			751		THUOCL
单位产权			751		THUOCL
责任竞合			751		THUOCL
啬夫			750		THUOCL
承典人			749		THUOCL
物业服务收费管理办法			749		THUOCL
欧洲人权法			747		THUOCL
涉众型经济犯罪			747		THUOCL
直诉			746		THUOCL
载货清单			745		THUOCL
文化主权			744		THUOCL
中华人民共和国仲裁法			743		THUOCL
中华人民共和国大气污染防治法			742		THUOCL
黎建飞			741		THUOCL
产品责任法			739		THUOCL
执行回转			739		THUOCL
企业职工奖惩条例			738		THUOCL
介绍贿赂罪			737		THUOCL
失信成本			737		THUOCL
摊丁入亩			737		THUOCL
金融凭证诈骗罪			737		THUOCL
中国对外承包工程商会			736		THUOCL
赢之路			735		THUOCL
农药管理条例			734		THUOCL
单一来源采购			733		THUOCL
胁从犯			733		THUOCL
不成文法			732		THUOCL
委托开发合同			732		THUOCL
截关			732		THUOCL
职业健康与安全			731		THUOCL
国家经济委员会			730		THUOCL
扶贫开发办			730		THUOCL
企业名称登记管理规定			729		THUOCL
一般侵权行为			727		THUOCL
城市建设维护税			727		THUOCL
强制执行法			727		THUOCL
国际人权法			726		THUOCL
著作权法实施条例			726		THUOCL
海域使用管理法			724		THUOCL
购房落户			724		THUOCL
加拿大法律			723		THUOCL
收汇风险			722		THUOCL
股权转让纠纷			722		THUOCL
知识产权转让			720		THUOCL
药事法			719		THUOCL
附带民事诉讼案件			719		THUOCL
五不租			713		THUOCL
商事关系			711		THUOCL
秋后问斩			711		THUOCL
民商合一			710		THUOCL
自行回避			710		THUOCL
商业特许经营管理办法			709		THUOCL
会计档案管理办法			708		THUOCL
国家机械工业局			708		THUOCL
劳改场			703		THUOCL
普遍回升			703		THUOCL
著作权使用费			703		THUOCL
我见青山多妩媚			702		THUOCL
肖建国			702		THUOCL
北京市信息化促进条例			700		THUOCL
转移所有权			700		THUOCL
核工业总公司			698		THUOCL
涉外经济合同法			697		THUOCL
非国家工作人员受贿罪			697		THUOCL
健康保险管理办法			696		THUOCL
倒签提单			695		THUOCL
国债专项资金			694		THUOCL
实质性特点			694		THUOCL
法院执行案件			694		THUOCL
合同承担			693		THUOCL
政府价格决策听证办法			693		THUOCL
中小企业政策			692		THUOCL
医疗废物管理条例			689		THUOCL
独资经营企业			688		THUOCL
中国反垄断法			687		THUOCL
国务院证券委员会			687		THUOCL
行纪合同			686		THUOCL
国家卫生城市标准			684		THUOCL
公债券			683		THUOCL
可自由兑换货币			683		THUOCL
宪法性法律			683		THUOCL
邓晓芒			682		THUOCL
专利侵权行为			681		THUOCL
拿破仑法典			681		THUOCL
黑市价格			681		THUOCL
宫泽喜一			679		THUOCL
强制保险合同			679		THUOCL
防伪专用品			679		THUOCL
欠妥之处			677		THUOCL
舆论监督权			677		THUOCL
重大动物疫情应急条例			676		THUOCL
国际习惯			675		THUOCL
交通事故处理程序规定			672		THUOCL
制信息权			671		THUOCL
设备管理制度			670		THUOCL
会员分级结算制度			668		THUOCL
货币化安置			667		THUOCL
零售商供应商公平交易管理办法			667		THUOCL
一签字			666		THUOCL
职业责任险			666		THUOCL
信托公司管理办法			665		THUOCL
旅客运输合同			664		THUOCL
欧洲专利局			664		THUOCL
知识产权研究会			664		THUOCL
租借法案			664		THUOCL
失效专利			663		THUOCL
闲置土地处置办法			663		THUOCL
中华人民共和国继承法			660		THUOCL
公安机关办理行政案件			660		THUOCL
广告佣金			660		THUOCL
欺诈消费者行为			660		THUOCL
禁止使用童工规定			660		THUOCL
会计从业资格管理办法			659		THUOCL
非法就业			658		THUOCL
专门人民法院			656		THUOCL
普通刑事案件			656		THUOCL
法律议案			656		THUOCL
强行法			654		THUOCL
梁家杰			654		THUOCL
结构化产品			654		THUOCL
分级培训			653		THUOCL
同志研究			653		THUOCL
专业标准化技术委员会			651		THUOCL
土地招拍挂制度			651		THUOCL
结果加重犯			651		THUOCL
董事会权限			650		THUOCL
非法证据排除规则			650		THUOCL
中华人民共和国土地管理法实施条例			649		THUOCL
空白背书			649		THUOCL
论文抄袭			649		THUOCL
非居民个人			649		THUOCL
中华人民共和国中小企业促进法			648		THUOCL
预先披露制度			647		THUOCL
默示担保			647		THUOCL
债务清欠			646		THUOCL
从债权			645		THUOCL
展览权			644		THUOCL
公务员奖励			641		THUOCL
专利申请权转让			639		THUOCL
分镜头剧本			639		THUOCL
创业投资企业管理暂行办法			639		THUOCL
企业年金试行办法			638		THUOCL
排除危害			638		THUOCL
任前公示制			637		THUOCL
股权过户登记			637		THUOCL
判后答疑			636		THUOCL
长城保护条例			636		THUOCL
中华人民共和国测绘法			635		THUOCL
拆迁安置费			634		THUOCL
涉外民事关系			634		THUOCL
植物检疫条例			633		THUOCL
英文合同			632		THUOCL
无效协议			631		THUOCL
机动车第三者责任险			631		THUOCL
户口挂靠			630		THUOCL
仲裁协议效力			628		THUOCL
公开承诺制			628		THUOCL
分担损失			628		THUOCL
吕忠梅			628		THUOCL
范长江新闻奖			627		THUOCL
中华人民共和国野生动物保护法			626		THUOCL
注册商标转让			626		THUOCL
保险案例			625		THUOCL
淫亵物品审裁处			625		THUOCL
证券发行上市保荐制度暂行办法			624		THUOCL
各级人民代表大会常务委员会监督法			623		THUOCL
装卸费用			623		THUOCL
性越轨			621		THUOCL
委托加工合同			620		THUOCL
证券回购			620		THUOCL
农林特产税			619		THUOCL
学习驾驶技术			619		THUOCL
消费者权益法			619		THUOCL
自愿协议			618		THUOCL
海事诉讼特别程序法			617		THUOCL
充分公开			616		THUOCL
信息共享系统			614		THUOCL
联营协议			612		THUOCL
犯罪构成理论			611		THUOCL
纽约公约			611		THUOCL
农业机械化促进法			610		THUOCL
中华人民共和国渔业法			608		THUOCL
烟草专卖许可证管理办法			608		THUOCL
未经许可使用			606		THUOCL
民事裁判			606		THUOCL
中国轻工总会			605		THUOCL
退役安置			602		THUOCL
中华人民共和国防洪法			601		THUOCL
农业综合开发办公室			600		THUOCL
执行担保			600		THUOCL
私有财产神圣不可侵犯			600		THUOCL
违反海关监管规定			600		THUOCL
一般授权			599		THUOCL
人民法院诉讼收费办法			598		THUOCL
间接代理			598		THUOCL
企业经营自主权			597		THUOCL
市场规范管理			597		THUOCL
园冶			596		THUOCL
国家公务员法			596		THUOCL
电信安全			596		THUOCL
债券罪			595		THUOCL
土地招标拍卖挂牌			595		THUOCL
福建泉中律师事务所			594		THUOCL
药品流通监督管理办法			593		THUOCL
房地产权属档案			591		THUOCL
特定义务			591		THUOCL
住宅权			589		THUOCL
哑吧英语			588		THUOCL
外轮代理公司			588		THUOCL
宪法性文件			587		THUOCL
公务员录用规定			586		THUOCL
趋势加强			586		THUOCL
医疗侵权			584		THUOCL
国家结构形式			584		THUOCL
流动资产周转率			583		THUOCL
台院			582		THUOCL
国家财政政策			581		THUOCL
抽逃出资罪			581		THUOCL
破产终结			580		THUOCL
辩护制度			578		THUOCL
药事管理学			577		THUOCL
香港公司法			577		THUOCL
招股章程			575		THUOCL
广播权			574		THUOCL
相应权益			574		THUOCL
转让债权			574		THUOCL
驱逐鞑虏			572		THUOCL
中国法律思想史			571		THUOCL
国家行政机关公文处理办法			570		THUOCL
旅游可持续发展			570		THUOCL
保健食品注册管理办法			567		THUOCL
父母权			567		THUOCL
中华人民共和国农产品质量安全法			566		THUOCL
人民币银行结算账户管理办法			566		THUOCL
文剑南			566		THUOCL
公证员协会			565		THUOCL
化妆品卫生监督条例			564		THUOCL
收回权			564		THUOCL
标准化良好行为企业			564		THUOCL
虚假广告罪			563		THUOCL
劳务分包合同			562		THUOCL
海事强制令			562		THUOCL
亚太贸易协定			556		THUOCL
国家审判机关			556		THUOCL
民用建筑节能管理规定			556		THUOCL
优先承租权			555		THUOCL
外资参股证券公司设立规则			555		THUOCL
机关法人			555		THUOCL
表示行为			554		THUOCL
应收未收利息			553		THUOCL
法律是什么			553		THUOCL
盗打电话			552		THUOCL
城市房屋租赁管理办法			551		THUOCL
中华人民共和国宪法修正案			548		THUOCL
中华人民共和国种子法			548		THUOCL
提供虚假财会报告罪			548		THUOCL
代执行			547		THUOCL
占有制度			547		THUOCL
土地登记办法			547		THUOCL
承兑行			547		THUOCL
专门业务培训			546		THUOCL
收费公路权益转让办法			545		THUOCL
从传统到现代			544		THUOCL
发包与承包			544		THUOCL
结构扭曲			544		THUOCL
企业人员行贿罪			543		THUOCL
商业银行风险管理			543		THUOCL
家用电器维修服务明码标价规定			543		THUOCL
司法协助条约			542		THUOCL
税收规范性文件			540		THUOCL
自行拆迁			539		THUOCL
刑事违法性			538		THUOCL
出资额转让			537		THUOCL
政治法律制度			537		THUOCL
船舶吨位			537		THUOCL
宅基地纠纷			536		THUOCL
犯罪客观方面			536		THUOCL
维持原判决			536		THUOCL
出口退税制度			535		THUOCL
谢尔曼法			535		THUOCL
造纸产业发展政策			534		THUOCL
法学课程			533		THUOCL
违法物品			533		THUOCL
普惠制待遇			532		THUOCL
社会优抚			532		THUOCL
行政执法类职位			532		THUOCL
全国教育工会			531		THUOCL
夫妻在婚姻关系存续期间			531		THUOCL
投放危险物质罪			531		THUOCL
编辑作品			531		THUOCL
高息揽存			531		THUOCL
应当判处有期徒刑			530		THUOCL
排污收费制度			530		THUOCL
中国核工业总公司			529		THUOCL
北京德恒律师事务所			529		THUOCL
合营企业协议			529		THUOCL
建设工程承包合同			529		THUOCL
电子支付指引			527		THUOCL
辞职权			527		THUOCL
方圆法治			526		THUOCL
货币市场基金管理暂行规定			526		THUOCL
扣除物价因素			525		THUOCL
国务院组织法			523		THUOCL
信用卡挂失			522		THUOCL
合格境外机构投资者境内证券投资管理办法			521		THUOCL
土地抵押权			521		THUOCL
先履行抗辩权			519		THUOCL
政治成本			518		THUOCL
劳动就业制度			517		THUOCL
经济解释			517		THUOCL
一事不再理			516		THUOCL
人事代理制度			516		THUOCL
国家保密法			516		THUOCL
房地产转让合同			516		THUOCL
特种劳动防护用品			516		THUOCL
何怀宏			515		THUOCL
中央与地方财政			514		THUOCL
行政相对方			514		THUOCL
文件透露			513		THUOCL
现货合约			510		THUOCL
中国土地法大纲			509		THUOCL
婚姻登记所			507		THUOCL
庞标			507		THUOCL
强制性能效标准			507		THUOCL
未决犯			507		THUOCL
债权请求权			506		THUOCL
合作社章程			506		THUOCL
机动车维修管理规定			506		THUOCL
铁路运输安全保护条例			506		THUOCL
一参一控			504		THUOCL
广播电视管理条例			504		THUOCL
潜逃境外			504		THUOCL
烟草专卖法实施条例			504		THUOCL
二审判决书			503		THUOCL
环境噪声污染防治法			503		THUOCL
矿业权管理			503		THUOCL
胡惟庸案			503		THUOCL
企业法律风险防范			501		THUOCL
精神障碍者			501		THUOCL
授权签字人			500		THUOCL
普洱茶经			500		THUOCL
主营业地			499		THUOCL
电子签名人			499		THUOCL
事业单位聘用制			498		THUOCL
可得利益损失			497		THUOCL
工资支付暂行规定			497		THUOCL
博登海默			496		THUOCL
三高农业			494		THUOCL
中国兵器工业总公司			494		THUOCL
保险代位			494		THUOCL
证券法律制度			494		THUOCL
非法侵入住宅罪			494		THUOCL
法院程序			493		THUOCL
职业分工			493		THUOCL
专门人民检察院			491		THUOCL
机动车交通事故快速处理办法			491		THUOCL
股市泡沫论			491		THUOCL
建筑安装工程承包合同			488		THUOCL
道路交通安全违法行为处理			488		THUOCL
房地产制度			487		THUOCL
法民初字第			487		THUOCL
药品广告审查发布标准			486		THUOCL
非法逮捕			486		THUOCL
非企业法人			485		THUOCL
专利知识产权			484		THUOCL
强行搭售			484		THUOCL
约定财产制			484		THUOCL
揭开公司面纱			483		THUOCL
共同居住人			481		THUOCL
信贷协定			480		THUOCL
清算公司			480		THUOCL
网站侵权			480		THUOCL
国家轻工业局			479		THUOCL
实际全损			479		THUOCL
销售侵权复制品			478		THUOCL
安全饮品			477		THUOCL
非赢利性机构			477		THUOCL
公募法			474		THUOCL
土地有偿使用合同			474		THUOCL
滥伐林木罪			474		THUOCL
拐卖婴儿			473		THUOCL
法律职业共同体			473		THUOCL
敲诈罪			472		THUOCL
人民检察院组织法			471		THUOCL
国家国内贸易局			471		THUOCL
居港权			470		THUOCL
罪刑相适应原则			470		THUOCL
森林防火条例			469		THUOCL
用人单位单方解除劳动合同			469		THUOCL
金融恐慌			469		THUOCL
偶然所得税			468		THUOCL
国家边界			467		THUOCL
站笼			466		THUOCL
杜钢建			464		THUOCL
事故责任比例			463		THUOCL
委托送达			463		THUOCL
甲醛中毒			463		THUOCL
行政强制法草案			463		THUOCL
劳动保险金			462		THUOCL
非法性行为			462		THUOCL
中华人民共和国农村土地承包法			460		THUOCL
化妆品标识			460		THUOCL
世界知识产权组织版权条约			459		THUOCL
反渎局			459		THUOCL
专利许可协议			457		THUOCL
印刷业管理			456		THUOCL
委员小组			456		THUOCL
盗窃枪支			456		THUOCL
全国人民代表大会和地方各级人民代表大会选举法			455		THUOCL
土地登记规则			455		THUOCL
市场规制法			455		THUOCL
遗产范围			455		THUOCL
微软反垄断案			454		THUOCL
无权代理行为			453		THUOCL
法律现代化			453		THUOCL
性法学			452		THUOCL
情事变更原则			452		THUOCL
加拿大最高法院			451		THUOCL
社会集团购买力			451		THUOCL
罢工权			451		THUOCL
转股协议			451		THUOCL
附带民事诉讼被告			451		THUOCL
农业协议			450		THUOCL
残疾人就业条例			450		THUOCL
海上保险合同			450		THUOCL
中国人民解放军院校招收学员体格检查标准			448		THUOCL
裁定权			448		THUOCL
回避决定			447		THUOCL
知识产权海关保护条例			447		THUOCL
担保物权制度			445		THUOCL
藐视法庭罪			445		THUOCL
蘑菇定律			445		THUOCL
聚众冲击国家机关罪			443		THUOCL
打击跨国有组织犯罪公约			440		THUOCL
职业犯			440		THUOCL
内幕交易者			439		THUOCL
农村土地承包合同			438		THUOCL
最新工伤处理操作实务			438		THUOCL
中共中央政法委员会			437		THUOCL
地方行政机关			437		THUOCL
大事纪			437		THUOCL
忠诚协议			437		THUOCL
员工维权实战兵法			436		THUOCL
国际贸易术语解释通则			435		THUOCL
非婚性行为			435		THUOCL
减持国有股筹集社会保障资金管理暂行办法			434		THUOCL
媒体法			434		THUOCL
专利独立权利要求			433		THUOCL
企业注册局			432		THUOCL
保险公司股权管理办法			432		THUOCL
侵犯商业秘密行为			430		THUOCL
司法考试教材			430		THUOCL
民行科			430		THUOCL
实行改制			428		THUOCL
特别权力关系			428		THUOCL
承包承租			427		THUOCL
直接客体			425		THUOCL
非法拆迁			425		THUOCL
对外贸易合同			424		THUOCL
职业医闹			424		THUOCL
交通事故伤残鉴定			423		THUOCL
复议范围			423		THUOCL
差别存款准备金率制度			423		THUOCL
秩序维护员			423		THUOCL
上海证券交易所交易规则			422		THUOCL
产业结构调整政策			422		THUOCL
住房制度改革领导小组			422		THUOCL
变更产权			421		THUOCL
学校教育制度			421		THUOCL
法律文化研究			420		THUOCL
非罪化			420		THUOCL
权益转让书			419		THUOCL
非法转让土地使用权			419		THUOCL
中华人民共和国税收征收管理法实施细则			418		THUOCL
合理注意义务			418		THUOCL
法定分保			417		THUOCL
中药材生产质量管理规范			416		THUOCL
中间媒介			415		THUOCL
保险机构投资者股票投资管理暂行办法			415		THUOCL
现金管理暂行条例			413		THUOCL
产品瑕疵			412		THUOCL
委托监护			412		THUOCL
房地产税收制度			412		THUOCL
法治中国			412		THUOCL
企业挂靠			411		THUOCL
药品召回管理办法			411		THUOCL
农村五保供养工作条例			410		THUOCL
房地产典当			410		THUOCL
海事请求保全			410		THUOCL
种植制度			410		THUOCL
秦半两			410		THUOCL
注册商标使用许可			409		THUOCL
营业秘密			409		THUOCL
陈华彬			409		THUOCL
业主工程款支付担保			408		THUOCL
公务员范围			408		THUOCL
批判法学			408		THUOCL
盗伐林木罪			408		THUOCL
陈俊平			408		THUOCL
全国老龄委			407		THUOCL
违法发放贷款罪			407		THUOCL
矿业权有偿取得			405		THUOCL
企业年度检验办法			404		THUOCL
撤销判决			404		THUOCL
德主刑辅			403		THUOCL
综合计算工时制			403		THUOCL
专门法院			402		THUOCL
互联网等信息网络传播视听节目管理办法			402		THUOCL
律师服务收费管理办法			402		THUOCL
高效照明产品推广财政补贴资金管理暂行办法			402		THUOCL
柯英			401		THUOCL
法院地法			401		THUOCL
不得担任国家			400		THUOCL
税收管理权限			400		THUOCL
货款拖欠			400		THUOCL
华盛顿公约			399		THUOCL
学校卫生工作条例			399		THUOCL
公用电信设施罪			398		THUOCL
被申请执行人			398		THUOCL
责任保险合同			398		THUOCL
违宪审查权			398		THUOCL
下岗职工基本生活保障制度			395		THUOCL
传播淫秽电子信息刑事案件具体应用法律			395		THUOCL
承兑票据			395		THUOCL
销售代理合同			394		THUOCL
专利权转让合同			392		THUOCL
技术进出口合同			392		THUOCL
设立自治机关			392		THUOCL
侵犯权利			391		THUOCL
出版发行权			391		THUOCL
出版物经营许可证			391		THUOCL
国家建筑材料工业局			391		THUOCL
房地产抵押权			391		THUOCL
诺成合同			391		THUOCL
仓库管理制度			390		THUOCL
执行根据			390		THUOCL
期指合约			389		THUOCL
一般过失			388		THUOCL
房屋拆迁资格证书			388		THUOCL
执行终结			388		THUOCL
苏泊尔并购案			387		THUOCL
企业产权界定			386		THUOCL
司户参军			386		THUOCL
宅基地证			386		THUOCL
浙江省专利			386		THUOCL
盆景作品			386		THUOCL
地表水环境质量标准			385		THUOCL
中国质量监督			384		THUOCL
全国经济普查条例			384		THUOCL
司法鉴定科学技术研究所			384		THUOCL
复议前置			384		THUOCL
国有农场税费改革			383		THUOCL
民办非企业单位登记管理暂行条例			383		THUOCL
协议一方			381		THUOCL
权利质押合同			381		THUOCL
胁迫行为			381		THUOCL
国家公诉人			380		THUOCL
索赔时效			380		THUOCL
药品差比价规则			380		THUOCL
电信服务规范			379		THUOCL
知情不举			379		THUOCL
城镇廉租住房管理办法			378		THUOCL
等价有偿原则			377		THUOCL
国家危险废物名录			376		THUOCL
企业法人破产还债程序			375		THUOCL
杨兆全			375		THUOCL
行贿黑名单			375		THUOCL
资产负债表日后非调整事项			375		THUOCL
违约损害赔偿			375		THUOCL
逃避追缴欠税			375		THUOCL
性贿赂罪			374		THUOCL
高等学校学生行为准则			373		THUOCL
城市私有房屋管理条例			372		THUOCL
反垄断政策			371		THUOCL
表外科目			370		THUOCL
助理执业医师			368		THUOCL
地理标志产品保护规定			368		THUOCL
社会工作者协会			367		THUOCL
科学技术普及法			367		THUOCL
掉期合约			366		THUOCL
自愿保险			366		THUOCL
中国个体劳动者协会			365		THUOCL
中国特色社会主义制度			365		THUOCL
信息安全法			365		THUOCL
报废汽车回收管理办法			364		THUOCL
增值税专用缴款书			363		THUOCL
得伟君尚律师事务所			363		THUOCL
房屋所有权登记发证			363		THUOCL
拍案说法			363		THUOCL
摘抄本			363		THUOCL
自行辩护			363		THUOCL
木桩刑			362		THUOCL
清末四大奇案			362		THUOCL
诈骗他人钱财			362		THUOCL
血缘婚			361		THUOCL
跨类保护			361		THUOCL
一物一权			360		THUOCL
再保险分出人			360		THUOCL
制止价格垄断行为暂行规定			360		THUOCL
重大环境污染事故罪			360		THUOCL
人类辅助生殖技术管理办法			359		THUOCL
大副收据			359		THUOCL
一般担保			357		THUOCL
二级谋杀罪			357		THUOCL
公诉制度			357		THUOCL
独占实施许可			357		THUOCL
企业投资自主权			356		THUOCL
印刷业管理条例			356		THUOCL
反倾销日落复审			356		THUOCL
物权行为无因性			356		THUOCL
追加被告			356		THUOCL
魏玛宪法			356		THUOCL
台湾同胞投资保护法			355		THUOCL
弹性学习制度			354		THUOCL
商标使用许可协议			353		THUOCL
军人违反职责罪			352		THUOCL
国家煤炭工业局			352		THUOCL
定日付款			352		THUOCL
扣押物品清单			352		THUOCL
涉外民商事案件			352		THUOCL
马基雅弗利			352		THUOCL
森林法实施条例			349		THUOCL
电影法			348		THUOCL
四固定			346		THUOCL
涉法涉诉案件			346		THUOCL
冶金工业局			345		THUOCL
著作权侵权行为			345		THUOCL
结构价格			344		THUOCL
补充保障			344		THUOCL
古籍普查			343		THUOCL
最高人民法院研究室			343		THUOCL
民事执行程序			343		THUOCL
注意障碍			343		THUOCL
侵犯公民民主权利			341		THUOCL
农业规划			341		THUOCL
城市规划编制办法			341		THUOCL
权益回报率			341		THUOCL
证券交易佣金			341		THUOCL
非法占用农用地罪			340		THUOCL
信贷合同			338		THUOCL
广播电视法			338		THUOCL
有害食品罪			337		THUOCL
海上交通安全法			337		THUOCL
知名商品特有名称			337		THUOCL
统计法实施细则			337		THUOCL
行为手段			337		THUOCL
扣除法			336		THUOCL
部门越权			336		THUOCL
分别财产制			335		THUOCL
家用汽车产品修理			335		THUOCL
审判监督制度			334		THUOCL
住房公积金专户			333		THUOCL
逾期违约金			333		THUOCL
酌定不起诉			333		THUOCL
中俄密约			331		THUOCL
医事法律			331		THUOCL
中央地方共享税			330		THUOCL
强奸幼女罪			330		THUOCL
执行停止			330		THUOCL
抵扣税款发票罪			330		THUOCL
现货月份			330		THUOCL
良好操作规范			330		THUOCL
专利权归属			329		THUOCL
完全合并			329		THUOCL
犯罪地点			329		THUOCL
药品管制			329		THUOCL
销售侵权复制品罪			329		THUOCL
非全日制职工			328		THUOCL
小小偷			327		THUOCL
商标权转让			326		THUOCL
查缉走私			326		THUOCL
私自接受委托			326		THUOCL
易制毒化学品管理条例			325		THUOCL
电网企业全额收购可再生能源电量监管办法			325		THUOCL
血站管理办法			325		THUOCL
救灾捐赠管理办法			324		THUOCL
私自开拆			323		THUOCL
联合国千年首脑会议			323		THUOCL
船舶优先权催告			323		THUOCL
规章制定程序条例			323		THUOCL
仿冒行为			322		THUOCL
影响性诉讼			322		THUOCL
全国各级检察机关			321		THUOCL
报告及报表			321		THUOCL
新出口商复审			321		THUOCL
非现场稽核			321		THUOCL
侦查监督处			320		THUOCL
农村宅基地使用权			320		THUOCL
效果意思			320		THUOCL
未遂事故			320		THUOCL
中铁五局集团			319		THUOCL
互联网出版管理暂行规定			319		THUOCL
船东互保协会			319		THUOCL
员工培训制度			318		THUOCL
国债法			318		THUOCL
版权转让合同			318		THUOCL
非公司制企业			318		THUOCL
三来一补企业			317		THUOCL
中华人民共和国海关法行政处罚实施细则			317		THUOCL
虚功实做			317		THUOCL
专利申请权转让合同			316		THUOCL
时效延长			316		THUOCL
药品使用单位			316		THUOCL
中国知识产权研究会			315		THUOCL
互联网文化管理暂行规定			315		THUOCL
行文规则			315		THUOCL
中国经济制度			314		THUOCL
合同保险金额			314		THUOCL
浑河站			314		THUOCL
行政复议范围			314		THUOCL
空间效力			313		THUOCL
内部牵制制度			312		THUOCL
进口食品标签			312		THUOCL
企业工会工作条例			311		THUOCL
大型群众性活动安全管理条例			311		THUOCL
帮助犯罪分子逃避处罚罪			310		THUOCL
煤矿工会			310		THUOCL
独家代理合同			310		THUOCL
税收强制执行措施			310		THUOCL
安徽省道路交通安全管理规定			309		THUOCL
无记名公司债			309		THUOCL
参加民兵组织			308		THUOCL
房地产初始登记			307		THUOCL
证券公司合规管理试行规定			307		THUOCL
专约			306		THUOCL
债权人代位权			306		THUOCL
指定部位			306		THUOCL
法律政策研究室			306		THUOCL
信息产权			305		THUOCL
劳保医疗制度			305		THUOCL
四个服从			305		THUOCL
欺诈例外			305		THUOCL
药品行政保护			305		THUOCL
闭口合同			305		THUOCL
陶景洲			305		THUOCL
房产变更登记			304		THUOCL
新经济体制			304		THUOCL
信息知情权			303		THUOCL
信访权			303		THUOCL
土地调查条例			303		THUOCL
认定公民无民事行为			303		THUOCL
违法要求履行义务			303		THUOCL
人民法院审判案件			302		THUOCL
进出口管理委员会			302		THUOCL
内河交通安全管理条例			301		THUOCL
资源税暂行条例			301		THUOCL
香港特别行政区居民			300		THUOCL
刑事抗诉			299		THUOCL
反应性精神病			299		THUOCL
搬迁合同			299		THUOCL
欧式期权			299		THUOCL
市场主体法			298		THUOCL
持枪权			297		THUOCL
规范与法律			297		THUOCL
业主大会规程			296		THUOCL
信用卡恶意透支			295		THUOCL
价值形成过程			294		THUOCL
商业银行金融创新指引			294		THUOCL
媒氏			294		THUOCL
成品油市场管理暂行办法			293		THUOCL
房地产销售策划			293		THUOCL
毛地出让			293		THUOCL
吃好好			292		THUOCL
机构编制监督检查工作暂行规定			292		THUOCL
软预算约束			292		THUOCL
非居民纳税人			292		THUOCL
供电营业规则			291		THUOCL
合营企业章程			291		THUOCL
国家直接投资			291		THUOCL
应该采纳			291		THUOCL
农业技术推广法			290		THUOCL
诉辩交易			290		THUOCL
共负盈亏			289		THUOCL
无担保债权			289		THUOCL
治安保卫委员会			289		THUOCL
中止谈判			288		THUOCL
企业集团财务公司管理办法			288		THUOCL
农村用地			288		THUOCL
劳动合同违约			288		THUOCL
国有资产产权界定			288		THUOCL
宣布战争状态			288		THUOCL
速遣费			288		THUOCL
莫虎			287		THUOCL
先行裁决			285		THUOCL
公益法人			285		THUOCL
副主席若干人			285		THUOCL
政协科教文卫体委员会			285		THUOCL
法院法医			285		THUOCL
谢在全			285		THUOCL
兼业代理人			284		THUOCL
物权法研究			284		THUOCL
北京市公路条例			283		THUOCL
商品化权			283		THUOCL
国有化政策			283		THUOCL
建设项目质量			283		THUOCL
户外广告登记管理规定			283		THUOCL
断事官			283		THUOCL
尾山宏			281		THUOCL
常设仲裁机构			281		THUOCL
网络著作权侵权			281		THUOCL
食品召回管理规定			281		THUOCL
制定和实施货币政策			280		THUOCL
雇佣合约			280		THUOCL
非全日制劳动合同			280		THUOCL
专利权质押合同			279		THUOCL
发展中八国集团			279		THUOCL
国际发展援助			279		THUOCL
审计调查项目			279		THUOCL
闲置土地处理办法			279		THUOCL
人禽流感诊疗方案			278		THUOCL
能源效率标识管理办法			278		THUOCL
著作权许可使用合同			278		THUOCL
豪宅税			278		THUOCL
事业单位消防安全管理规定			277		THUOCL
协商一致原则			277		THUOCL
叶亚飞			277		THUOCL
国际重复征税			277		THUOCL
授权许可证			277		THUOCL
不计免赔率特约险			276		THUOCL
占有改定			276		THUOCL
城市规划管理与法规			276		THUOCL
航班超售			276		THUOCL
十字架刑			275		THUOCL
土地登记制度			275		THUOCL
定值保险合同			275		THUOCL
绝对不能犯			275		THUOCL
伪造单据			274		THUOCL
侵犯通信自由罪			274		THUOCL
中央企业分离办社会职能			273		THUOCL
互免签证协议			273		THUOCL
公务员考试制度			273		THUOCL
宋建中			273		THUOCL
外国仲裁裁决公约			272		THUOCL
汇票转			272		THUOCL
企业管理委员会			271		THUOCL
初始土地登记			271		THUOCL
委托作品			271		THUOCL
强世功			271		THUOCL
无知之幕			271		THUOCL
母婴保健法实施办法			271		THUOCL
货物运输保险合同			271		THUOCL
放射性污染防治法			270		THUOCL
经济适用住房开发贷款管理办法			270		THUOCL
造价工程师执业资格制度暂行规定			270		THUOCL
军队转业干部安置暂行办法			269		THUOCL
袭击罪			269		THUOCL
权益披露			268		THUOCL
专营政策			267		THUOCL
日尔曼法			267		THUOCL
魏振瀛			267		THUOCL
农地承包经营权			266		THUOCL
规矩方圆			266		THUOCL
从债务人			265		THUOCL
医疗器械注册管理办法			265		THUOCL
国家进出口管理委员会			265		THUOCL
外国保险公司分公司			265		THUOCL
擅自采矿			265		THUOCL
保险代位求偿			264		THUOCL
广东省人口与计划生育条例			264		THUOCL
权权交易			264		THUOCL
最终控股公司			262		THUOCL
不动产登记法			261		THUOCL
劳动教养试行办法			261		THUOCL
强制许可制度			261		THUOCL
主客观相统一			260		THUOCL
全国污染源普查条例			260		THUOCL
关键事件法			260		THUOCL
法定强制保险			260		THUOCL
夫妻共同财产分割			259		THUOCL
济贫法			259		THUOCL
零售销售差值			259		THUOCL
公安机关督察条例			258		THUOCL
执行救济			258		THUOCL
消费者安全权			258		THUOCL
经济贸易办公室			258		THUOCL
航空安全管理			258		THUOCL
事业单位人员聘用制度			257		THUOCL
宏观调控权			257		THUOCL
追加当事人			257		THUOCL
中华人民共和国科学技术普及法			256		THUOCL
中毒性精神病			256		THUOCL
侵犯知识产权罪			256		THUOCL
取水许可和水资源费征收管理条例			256		THUOCL
内地段			255		THUOCL
北京市食品安全条例			255		THUOCL
反要约			255		THUOCL
房屋拆迁裁决			255		THUOCL
治安行政处罚			255		THUOCL
全国农业普查条例			254		THUOCL
法律帝国			254		THUOCL
民间非营利组织会计制度			253		THUOCL
一般权利			252		THUOCL
合理性要求			252		THUOCL
国家无线电管理委员会			252		THUOCL
工业产权法			252		THUOCL
拟建规模			252		THUOCL
展会知识产权保护办法			251		THUOCL
种子管理条例			251		THUOCL
东营市中级人民法院			250		THUOCL
临时使用土地合同			250		THUOCL
典当合同			250		THUOCL
国务院外事办			250		THUOCL
强迫购买			250		THUOCL
民用航空器优先权			250		THUOCL
滥用代理权			250		THUOCL
除权判决			250		THUOCL
马锡五审判方式			250		THUOCL
土地分等定级			249		THUOCL
城市道路管理条例			249		THUOCL
渔业资源增殖保护费			249		THUOCL
道路交通标志和标线			249		THUOCL
民用爆炸物品管理条例			248		THUOCL
营利法人			248		THUOCL
行政划拨用地			248		THUOCL
交通事故人身损害赔偿标准			247		THUOCL
国家能源投资公司			247		THUOCL
内海湾			246		THUOCL
国土资源听证规定			246		THUOCL
第三人侵害债权			246		THUOCL
付款委托			245		THUOCL
债务为由			245		THUOCL
接触说			245		THUOCL
谋大逆			245		THUOCL
食品安全管理制度			245		THUOCL
上海市协力律师事务所			244		THUOCL
客观归罪			244		THUOCL
履行迟延			244		THUOCL
执行赔偿			244		THUOCL
电力供应与使用条例			244		THUOCL
船舶登记证书			244		THUOCL
中华人民共和国铁路法			243		THUOCL
仓储保管合同			243		THUOCL
企业集团战略			243		THUOCL
债权人撤销权			243		THUOCL
债权形式主义			243		THUOCL
国家科学技术奖励条例			243		THUOCL
强行性规范			243		THUOCL
进口商品安全质量许可			243		THUOCL
另行委托辩护			242		THUOCL
宅地法			242		THUOCL
要式行为			242		THUOCL
言词原则			242		THUOCL
宋英辉			241		THUOCL
授权性规范			241		THUOCL
控诉职能			241		THUOCL
机动车强制报废标准规定			241		THUOCL
铁路旅客意外伤害强制保险条例			241		THUOCL
土地二轮延包			240		THUOCL
广州市养犬管理规定			240		THUOCL
录囚			240		THUOCL
泰信先行策略开放式证券投资基金			240		THUOCL
经济合同仲裁委员会			240		THUOCL
为亲友非法牟利罪			239		THUOCL
刑事裁判文书			239		THUOCL
外资企业法实施细则			239		THUOCL
职工医疗费用			239		THUOCL
资源税制度改革			239		THUOCL
转质权			239		THUOCL
保险营销员管理规定			238		THUOCL
国家建设用地			238		THUOCL
建造师执业资格考试实施办法			238		THUOCL
知识产权经营			238		THUOCL
代位权制度			237		THUOCL
国有企业领导人员廉洁从业若干规定			236		THUOCL
失去时效			236		THUOCL
石油和化学工业局			236		THUOCL
举证责任倒置原则			235		THUOCL
脱媒现象			235		THUOCL
劫持船只			234		THUOCL
段和段			234		THUOCL
河北法学			234		THUOCL
判决权			233		THUOCL
物权契约			233		THUOCL
预期违约制度			233		THUOCL
一般附加险			232		THUOCL
人事监督			232		THUOCL
公司歇业			232		THUOCL
日净值增长率			232		THUOCL
党政领导干部任职回避暂行规定			231		THUOCL
远东律师事务所			231		THUOCL
保险保障基金管理办法			230		THUOCL
劳动关系三方协商机制			230		THUOCL
北南关系发展与和平繁荣宣言			230		THUOCL
外商独资保险公司			230		THUOCL
建筑安全玻璃管理规定			230		THUOCL
消防应急预案			230		THUOCL
主权外债			229		THUOCL
国家出版局			229		THUOCL
法治及其本土资源			229		THUOCL
任职前公示制			228		THUOCL
司法改革研究			228		THUOCL
司法黄牛			228		THUOCL
国务院经济贸易办公室			228		THUOCL
在合同履行中			228		THUOCL
审判长宣布开庭			228		THUOCL
广告发布合同			228		THUOCL
承购包销			228		THUOCL
艾滋病离我们有多远			228		THUOCL
事后不能			227		THUOCL
国家国防动员委员会			227		THUOCL
恐怖组织罪			227		THUOCL
汽车产品外部标识管理办法			227		THUOCL
现地法人			227		THUOCL
血吸虫病防治条例			227		THUOCL
血液制品管理条例			227		THUOCL
审计案例分析			226		THUOCL
村民自治法			226		THUOCL
传播性病罪			225		THUOCL
债权制度			225		THUOCL
国际法院规约			225		THUOCL
强制性产品认证管理规定			225		THUOCL
电子信息产品污染防治管理办法			225		THUOCL
不作为侵权			224		THUOCL
侵害肖像权			224		THUOCL
丞相史			223		THUOCL
法院刑事判决书			223		THUOCL
要约失效			223		THUOCL
财团抵押			223		THUOCL
单独定价药品			222		THUOCL
律师文摘			222		THUOCL
纺织品出口管理办法			222		THUOCL
营业员上岗证			222		THUOCL
中华人民共和国统计法实施细则			221		THUOCL
对单位行贿罪			221		THUOCL
挪用特定款物罪			221		THUOCL
法律面前人人平等原则			221		THUOCL
行政单位会计制度			221		THUOCL
主要债务人			220		THUOCL
后现代法学			220		THUOCL
地方志工作条例			220		THUOCL
婚姻登记制度			220		THUOCL
水资源所有权			220		THUOCL
规定行政措施			220		THUOCL
国家计量局			219		THUOCL
大日本帝国宪法			219		THUOCL
强制性公积金			219		THUOCL
母乳代用品销售管理办法			219		THUOCL
维斯比规则			219		THUOCL
党政分工			218		THUOCL
双边货币互换协议			218		THUOCL
合伙企业登记管理办法			218		THUOCL
设备租赁合同			218		THUOCL
国有企业监事会暂行条例			217		THUOCL
强制缔约			217		THUOCL
空港服务			217		THUOCL
谢雪梅			217		THUOCL
国家石油和化学工业局			216		THUOCL
国家纺织工业局			216		THUOCL
土地注册处			216		THUOCL
摩奴法典			216		THUOCL
法官职业道德基本准则			216		THUOCL
目的犯			216		THUOCL
硬贷款			216		THUOCL
附认股权证公司债			216		THUOCL
地方政府权力			215		THUOCL
重庆市国家教育考试条例			215		THUOCL
中华人民共和国煤炭法			214		THUOCL
合众为一			214		THUOCL
审查判断证据			214		THUOCL
审计委员会制度			214		THUOCL
机械工业委员会			214		THUOCL
营利性法人			214		THUOCL
贷款欺诈			214		THUOCL
转让背书			214		THUOCL
非物质文化遗产保护法			214		THUOCL
中国十大杰出检察官			213		THUOCL
借用合同			213		THUOCL
刑罚执行监督			213		THUOCL
印花税法			213		THUOCL
危害人类罪			213		THUOCL
城市建筑垃圾管理规定			213		THUOCL
持有假币罪			213		THUOCL
数字千年版权法			213		THUOCL
新合伙人入伙			213		THUOCL
维持判决			213		THUOCL
中华人民共和国现行法律法规			212		THUOCL
卫生行政执法文书规范			212		THUOCL
密码管理委员会办公室			212		THUOCL
住宅保险			211		THUOCL
谢伟俊			211		THUOCL
商业贿赂罪			210		THUOCL
国际货物运输保险			210		THUOCL
泄露国家机密罪			210		THUOCL
食品安全风险监测			210		THUOCL
中国执业药师			209		THUOCL
外大陆架			209		THUOCL
职位聘任			209		THUOCL
主体不符			208		THUOCL
公务员权利			208		THUOCL
国际知识产权法			208		THUOCL
肖像权纠纷			208		THUOCL
跨境破产			208		THUOCL
道路交通安全违法行为处理程序规定			208		THUOCL
高新技术成果出资			208		THUOCL
国家基本养老保险			207		THUOCL
欺诈客户行为			207		THUOCL
美国专利法			207		THUOCL
虚假广告行为			207		THUOCL
保险代理机构管理规定			206		THUOCL
合谋诈骗			206		THUOCL
职务侵权			206		THUOCL
一般累犯			205		THUOCL
乡村医生从业管理条例			205		THUOCL
保险利益原则			205		THUOCL
单方终止合同			205		THUOCL
国有企业清产核资办法			205		THUOCL
完全物权			205		THUOCL
辩护阶段			205		THUOCL
中华人民共和国烟草专卖法实施条例			204		THUOCL
毛泽东集			204		THUOCL
矿产资源所有权			204		THUOCL
笑刑			204		THUOCL
非讼案件			204		THUOCL
中华人民共和国食品安全法			203		THUOCL
农工商联合企业			203		THUOCL
出具证明文件重大失实罪			203		THUOCL
古城派出所			203		THUOCL
可执行财产			203		THUOCL
对外贸易经营者备案登记办法			203		THUOCL
违法转包			203		THUOCL
伤残等级评定			202		THUOCL
国家人事局			202		THUOCL
婚姻登记档案管理办法			202		THUOCL
暂予监外执行罪			202		THUOCL
权利瑕疵担保			202		THUOCL
围堵政策			201		THUOCL
论公正			201		THUOCL
证券市场禁入规定			201		THUOCL
遗产继承纠纷			201		THUOCL
门晶			201		THUOCL
产品销售权			200		THUOCL
著作权转让合同			200		THUOCL
遗产承办处			200		THUOCL
劳动仲裁程序			199		THUOCL
抓捕器			199		THUOCL
申请回避权			199		THUOCL
袁毓明			199		THUOCL
通用航空飞行管制条例			199		THUOCL
霍菲尔德			199		THUOCL
高速公路路政管理			199		THUOCL
澳门特别行政区永久性居民			198		THUOCL
合同能源管理模式			197		THUOCL
废除肉刑			197		THUOCL
涉外民事诉讼程序			197		THUOCL
电子银行业务管理办法			197		THUOCL
税种登记			197		THUOCL
铁路检察院			197		THUOCL
上市公司私有化			196		THUOCL
从一重处断			196		THUOCL
养老保险法			196		THUOCL
刑事审判监督			196		THUOCL
录音遗嘱			196		THUOCL
民事程序法			196		THUOCL
设定信托			195		THUOCL
违反诉讼程序			194		THUOCL
公务员考核规定			193		THUOCL
育婴假			193		THUOCL
行政法规制定程序条例			193		THUOCL
台谏官			192		THUOCL
国家冶金工业局			192		THUOCL
土地发展权			192		THUOCL
德衡律师事务所			192		THUOCL
房屋征收与拆迁			192		THUOCL
按揭抵押债券			192		THUOCL
任职试用期制度			191		THUOCL
国家进出口银行			191		THUOCL
从属专利			190		THUOCL
工业品买卖合同			190		THUOCL
录用合同			190		THUOCL
经济建设支出			190		THUOCL
统配煤矿总公司			190		THUOCL
农村公共物品			189		THUOCL
并将继续加强			189		THUOCL
专利审查指南			188		THUOCL
保险代位权			188		THUOCL
汽垫船			188		THUOCL
一致裁决			187		THUOCL
中国外贸依存度			187		THUOCL
债权保全			187		THUOCL
全国人民代表大会组织法			187		THUOCL
职权主义诉讼模式			187		THUOCL
要式法律行为			187		THUOCL
代位执行			186		THUOCL
单位产权房			186		THUOCL
效律			186		THUOCL
服务瑕疵			186		THUOCL
纺织品与服装协议			186		THUOCL
商业银行次级债券发行管理办法			185		THUOCL
房屋他项权利登记			185		THUOCL
登记生效主义			185		THUOCL
直接利害关系人			185		THUOCL
纪检监察信访工作			185		THUOCL
中国房地产税收			184		THUOCL
中国社会工作者协会			184		THUOCL
出版物市场管理规定			184		THUOCL
北京市志愿服务促进条例			184		THUOCL
定向募集设立			184		THUOCL
惟终			184		THUOCL
行为判定			184		THUOCL
不定值保险合同			183		THUOCL
中国统配煤矿总公司			183		THUOCL
企业名称登记管理实施办法			183		THUOCL
偿付能力额度及监管指标			183		THUOCL
现场监督公证			183		THUOCL
直系血缘关系			183		THUOCL
中国知识产权法			182		THUOCL
国家产业技术政策			182		THUOCL
太平洋经济合作理事会			182		THUOCL
应当分工负责			182		THUOCL
战后中日关系			182		THUOCL
免于刑事处分			181		THUOCL
提供虚假证明文件罪			181		THUOCL
食盐专营办法			181		THUOCL
餐饮业食品卫生管理办法			181		THUOCL
中华人民共和国新法规汇编			180		THUOCL
二审法院经审理认为			180		THUOCL
军委纪律检查委员会			180		THUOCL
失职致使在押人员脱逃罪			180		THUOCL
窑灰			180		THUOCL
中小企业标准暂行规定			179		THUOCL
本地法院			179		THUOCL
合同台帐			178		THUOCL
损失分担			178		THUOCL
非法募捐			178		THUOCL
预约保险合同			178		THUOCL
信访代理制			177		THUOCL
强制性规则			177		THUOCL
战役法			177		THUOCL
经济法论丛			177		THUOCL
农业知识产权			176		THUOCL
品种保护权			176		THUOCL
国家有色金属工业局			176		THUOCL
国际湿地公约			176		THUOCL
尤溪县公安局			176		THUOCL
巡视官			176		THUOCL
挪用公款行为			176		THUOCL
汽车运输船			176		THUOCL
英国枢密院			176		THUOCL
重大疾病保险合同			176		THUOCL
不履行合约			175		THUOCL
中韩铁路轮渡			175		THUOCL
侵权行为之债			175		THUOCL
商品条码管理办法			175		THUOCL
电子代理人			175		THUOCL
中国互联网行业自律公约			174		THUOCL
住所搜查			174		THUOCL
防雷减灾管理办法			174		THUOCL
飞行基本规则			174		THUOCL
投保险别			173		THUOCL
最长诉讼时效			173		THUOCL
期货从业人员管理办法			173		THUOCL
轻微缺陷			173		THUOCL
进行国事活动			173		THUOCL
使用假币罪			172		THUOCL
冒领存款			172		THUOCL
常用法律手册			172		THUOCL
广东省商品房预售管理条例			172		THUOCL
虚开增值税发票罪			172		THUOCL
证券违法犯罪			172		THUOCL
不要式合同			171		THUOCL
大贺茂			171		THUOCL
大额可转让定期存单			171		THUOCL
摩西律法			171		THUOCL
无效经济合同			171		THUOCL
总遗产税制			170		THUOCL
经济指标体系			170		THUOCL
周林彬			169		THUOCL
四不原则			169		THUOCL
土地承包经营合同			169		THUOCL
廉洁从政行为规范			169		THUOCL
盲人犯罪			169		THUOCL
越权无效			169		THUOCL
部分抄袭			169		THUOCL
医疗技术事故			168		THUOCL
参加承兑			168		THUOCL
政治参与权			168		THUOCL
查封裁定			168		THUOCL
精神药物公约			168		THUOCL
野蛮对待			168		THUOCL
集成电路布图设计保护条例			168		THUOCL
冒充军人招摇撞骗罪			167		THUOCL
刑事辩护制度			167		THUOCL
政府采购信息公告管理办法			167		THUOCL
权利用尽			167		THUOCL
煽动颠覆国家政权罪			167		THUOCL
特别诉讼时效			167		THUOCL
独占实施权			167		THUOCL
绝对剩余价值生产			167		THUOCL
计算机网络犯罪			167		THUOCL
质次价高商品			167		THUOCL
道路交通事故处理程序规定			167		THUOCL
中华民国民法			166		THUOCL
执行程序文件			166		THUOCL
泄密罪			166		THUOCL
特别重大事故调查程序暂行规定			166		THUOCL
达马托法			166		THUOCL
非法经营同类营业罪			166		THUOCL
发展及其影响			165		THUOCL
大户持仓报告制度			165		THUOCL
物上代位性			165		THUOCL
医疗保险法			164		THUOCL
国家厉行节约			164		THUOCL
珠海市人民检察院			164		THUOCL
许小平律师事务所			164		THUOCL
音乐版权保护			164		THUOCL
一切可能措施			163		THUOCL
国家基本建设委员会			163		THUOCL
技术性贸易壁垒协议			163		THUOCL
非法占用耕地改作他用			163		THUOCL
公布成文法			162		THUOCL
小野寺利孝			162		THUOCL
涉外税收优惠			162		THUOCL
特定常规武器公约			162		THUOCL
中国房地产法			161		THUOCL
儿童玩具召回管理规定			161		THUOCL
公司企业人员受贿罪			161		THUOCL
直接侵权行为			161		THUOCL
加强证据			160		THUOCL
机动车登记办法			160		THUOCL
电磁辐射防护规定			160		THUOCL
职业技能鉴定证书			160		THUOCL
职能管辖			160		THUOCL
处方药与非处方药分类管理办法			159		THUOCL
律师执业行为规范			159		THUOCL
非法买卖枪支弹药罪			159		THUOCL
中华人民共和国飞行基本规则			158		THUOCL
会计信息产权			158		THUOCL
国家司法考试应试规则			158		THUOCL
死刑不引渡			158		THUOCL
死刑复核裁定			158		THUOCL
隐性腐败			158		THUOCL
共有财产分割			157		THUOCL
国际植物保护公约			157		THUOCL
拘传票			157		THUOCL
欠税公告办法			157		THUOCL
研究生学籍管理规定			157		THUOCL
破坏性地震应急条例			157		THUOCL
进出口贸易管理			157		THUOCL
产品侵权责任			156		THUOCL
农家店建设与改造规范			156		THUOCL
报社记者站管理办法			156		THUOCL
民行处			156		THUOCL
粮食收购保护价			156		THUOCL
英国最高法院			156		THUOCL
违反财经纪律行为			156		THUOCL
非法种植毒品原植物罪			156		THUOCL
农业技术体系			155		THUOCL
姐妹船			155		THUOCL
文化暴力			155		THUOCL
秘密拘捕			155		THUOCL
三重标准			154		THUOCL
世界法学家协会			154		THUOCL
个人二手住房贷款			154		THUOCL
互联网药品交易服务审批暂行规定			154		THUOCL
受中华人民共和国法律保护			154		THUOCL
司法黄牛案			154		THUOCL
民事特别法			154		THUOCL
公共文化体育设施条例			153		THUOCL
共同违法违纪			153		THUOCL
检察院法医			153		THUOCL
生产销售伪劣产品罪			153		THUOCL
科托努协定			153		THUOCL
约定回购			153		THUOCL
随附义务			153		THUOCL
专门法庭			152		THUOCL
中华人民共和国森林法实施条例			152		THUOCL
利用外资改组国有企业暂行规定			152		THUOCL
劳动争议仲裁程序			152		THUOCL
医师资格考试暂行办法			152		THUOCL
国务院信访条例			152		THUOCL
国际信用担保			152		THUOCL
证券投资基金行业高级管理人员任职管理办法			152		THUOCL
铁路运营安全事故罪			152		THUOCL
人类精子库管理办法			151		THUOCL
子女监护权			151		THUOCL
背书不连续			151		THUOCL
航空货物运输合同			151		THUOCL
陆生野生动物保护实施条例			151		THUOCL
主任裁判官			150		THUOCL
任意性规定			150		THUOCL
信托担保			150		THUOCL
反对解释			150		THUOCL
婚前保健工作规范			150		THUOCL
损害上市公司利益罪			150		THUOCL
票据伪造			150		THUOCL
迈向和谐			150		THUOCL
强制性能效标识制度			149		THUOCL
影子定价法			149		THUOCL
扰乱市场秩序罪			149		THUOCL
政府价格决策听证暂行办法			149		THUOCL
新闻记者证管理办法			149		THUOCL
牛津法律大辞典			149		THUOCL
粮食流通监督检查暂行办法			149		THUOCL
维也纳条约法公约			149		THUOCL
行刑社会化			149		THUOCL
遗漏罪			149		THUOCL
中华人民共和国专利局			148		THUOCL
国内投资民用航空业规定			148		THUOCL
登闻鼓院			148		THUOCL
北京市基本养老保险规定			147		THUOCL
成本加酬金合同			147		THUOCL
普遍优惠制			147		THUOCL
枪通条			147		THUOCL
特殊标志管理条例			147		THUOCL
诺成性合同			147		THUOCL
一律予以没收			146		THUOCL
军人道德规范			146		THUOCL
广东管理科学研究院			146		THUOCL
收继婚			146		THUOCL
片面共犯			146		THUOCL
非法委托			146		THUOCL
中募委			145		THUOCL
中央企业投资监督管理暂行办法			145		THUOCL
佟柔先生			145		THUOCL
冷眼观潮			145		THUOCL
国债一级自营商			145		THUOCL
专利权终止			144		THUOCL
优抚家庭子女			144		THUOCL
民事执行权			144		THUOCL
血族复仇			144		THUOCL
规划审批权			144		THUOCL
一审终结			143		THUOCL
专业技术类职位			143		THUOCL
专利代理人考核委员会			143		THUOCL
世界贸易组织协议			143		THUOCL
失业保险法			143		THUOCL
密云县妇幼保健院			143		THUOCL
就业有路			143		THUOCL
执行承担			143		THUOCL
无效判决			143		THUOCL
民事欺诈行为			143		THUOCL
水利工程供水价格管理办法			143		THUOCL
版权侵权行为			143		THUOCL
释放学习			143		THUOCL
重庆市人民检察院第一分院			143		THUOCL
陆新华			143		THUOCL
陈顾远			143		THUOCL
专利许可贸易			142		THUOCL
主动交代违法违纪行为			142		THUOCL
家事代理权			142		THUOCL
家长专制			142		THUOCL
文稿竞价			142		THUOCL
聚众扰乱交通秩序罪			142		THUOCL
资产收购合同			142		THUOCL
区域性国际组织			141		THUOCL
协议出让土地使用权			141		THUOCL
旅游法学			141		THUOCL
物业服务定价成本监审办法			141		THUOCL
私营企业法			141		THUOCL
都服从国务院			141		THUOCL
传染病防治法实施办法			140		THUOCL
危害税收征管罪			140		THUOCL
国际刑事法院规约			140		THUOCL
奴隶制法			140		THUOCL
宣判笔录			140		THUOCL
抵押放款			140		THUOCL
海事报告			140		THUOCL
结清债权债务			140		THUOCL
谢尔曼反托拉斯法			140		THUOCL
食品安全市场准入制度			140		THUOCL
专利保护期限			139		THUOCL
企业登记程序规定			139		THUOCL
会展知识产权			139		THUOCL
全国博士后管理委员会			139		THUOCL
全国生态环境保护纲要			139		THUOCL
判决定罪准确			139		THUOCL
属地管辖权			139		THUOCL
幕府制度			139		THUOCL
辩护职能			139		THUOCL
介绍贿赂行为			138		THUOCL
外商投资创业投资企业管理规定			138		THUOCL
投放虚假危险物质罪			138		THUOCL
政府制定价格听证办法			138		THUOCL
浙江法制报			138		THUOCL
药品临床试验管理规范			138		THUOCL
非财产责任			138		THUOCL
上诉得直			137		THUOCL
不定期航班			137		THUOCL
专门管辖			137		THUOCL
法人章程			137		THUOCL
漏洞层出			137		THUOCL
中华苏维埃共和国宪法大纲			136		THUOCL
中性货币政策			136		THUOCL
内含价值法			136		THUOCL
四级三审制			136		THUOCL
国家农业委员会			136		THUOCL
国际商事仲裁法			136		THUOCL
夫妻约定财产制			136		THUOCL
娱乐场所治安管理办法			136		THUOCL
射幸合同			136		THUOCL
放射诊疗管理规定			136		THUOCL
汪辜会谈共同协议			136		THUOCL
电信服务明码标价规定			136		THUOCL
营业税条例			136		THUOCL
土地初始登记			135		THUOCL
拒绝商业贿赂			135		THUOCL
法律起源			135		THUOCL
占用公物			134		THUOCL
妨害民事诉讼行为			134		THUOCL
巴黎公约成员国			134		THUOCL
特别法庭庭长			134		THUOCL
电视播音与主持			134		THUOCL
秦希燕联合律师事务所			134		THUOCL
委托监护人			133		THUOCL
特别累犯			133		THUOCL
财产保全申请书			133		THUOCL
鹿特丹公约			133		THUOCL
以刑去刑			132		THUOCL
单位犯罪主体			132		THUOCL
同业拆借市场利率			132		THUOCL
安全保障权			132		THUOCL
拒不执行判决裁定罪			132		THUOCL
欧盟普惠制			132		THUOCL
海上旅客运输合同			132		THUOCL
空气空间			132		THUOCL
突发公共事件管理			132		THUOCL
记名有价证券			132		THUOCL
限制证券买卖实施办法			132		THUOCL
不动产统一登记制度			131		THUOCL
交叉互换			131		THUOCL
文化事业费			131		THUOCL
民用核安全设备监督管理条例			131		THUOCL
注册建筑师条例			131		THUOCL
直接言词原则			131		THUOCL
自拆自建			131		THUOCL
请求恢复原状			131		THUOCL
一裁终局制度			130		THUOCL
子目注释			130		THUOCL
汇票签发			130		THUOCL
继父母子女关系			130		THUOCL
交换配偶			129		THUOCL
以德配天			129		THUOCL
军队参加抢险救灾条例			129		THUOCL
有形资产净值			129		THUOCL
独立核算工业企业			129		THUOCL
金融企业财务规则			129		THUOCL
中小学校会计制度			128		THUOCL
临时使用土地补偿费			128		THUOCL
会计专业职务试行条例			128		THUOCL
家庭寄养管理暂行办法			128		THUOCL
森林病虫害防治条例			128		THUOCL
禁止流通物			128		THUOCL
竞业禁止合同			128		THUOCL
股票发行核准制			128		THUOCL
锅炉压力容器检验所			128		THUOCL
非领导职务层次			128		THUOCL
企业无抵押小额贷款			127		THUOCL
假冒专利罪			127		THUOCL
分保险业务			127		THUOCL
外层空间法			127		THUOCL
婚姻登记工作暂行规范			127		THUOCL
融资融券合同必备条款			127		THUOCL
金堂县公安局			127		THUOCL
非法占用耕地罪			127		THUOCL
产权残缺			126		THUOCL
剥夺公权			126		THUOCL
政府制定价格行为规则			126		THUOCL
间歇性神经病			126		THUOCL
非公室告			126		THUOCL
企业债券罪			125		THUOCL
商业特许经营备案管理办法			125		THUOCL
外国保险机构驻华代表机构			125		THUOCL
无责底薪			125		THUOCL
死刑复核制度			125		THUOCL
联邦贸易委员会法			125		THUOCL
自行组织招标			125		THUOCL
证明责任倒置			125		THUOCL
道路运输从业资格证			125		THUOCL
存单挂失			124		THUOCL
强奸妇女罪			124		THUOCL
普遍管辖权			124		THUOCL
训政时期约法			124		THUOCL
阅卷笔录			124		THUOCL
食品标识管理规定			124		THUOCL
中共中央书记处研究室			123		THUOCL
新丰县公安局			123		THUOCL
社会福利法			123		THUOCL
禁止权利滥用原则			123		THUOCL
经济检察			123		THUOCL
高速公路交通管理办法			123		THUOCL
住房保障法			122		THUOCL
保全权			122		THUOCL
法定垄断			122		THUOCL
法律写作			122		THUOCL
预谋故意			122		THUOCL
劳动争议仲裁时效			121		THUOCL
奏定学堂章程			121		THUOCL
家父权			121		THUOCL
梅夏英			121		THUOCL
经济法学家			121		THUOCL
美容美发业管理暂行办法			121		THUOCL
铁路旅客运输损害赔偿规定			121		THUOCL
中国妇女研究会			120		THUOCL
中豪律师事务所			120		THUOCL
企业质量体系认证制度			120		THUOCL
准契约			120		THUOCL
印刷品广告管理办法			120		THUOCL
抵制恶意软件自律公约			120		THUOCL
改进劳动组织			120		THUOCL
无效约定			120		THUOCL
民事责任承担方式			120		THUOCL
法治快报			120		THUOCL
深圳经济特区房地产转让条例			120		THUOCL
现金买卖			120		THUOCL
诉讼与非诉讼程序法			120		THUOCL
后法优于前法			119		THUOCL
植物卷			119		THUOCL
电子废物污染环境防治管理办法			119		THUOCL
盗掘古墓葬罪			119		THUOCL
缔约权			119		THUOCL
阶段性技术成果			119		THUOCL
发明专利权人			118		THUOCL
可转债回售			118		THUOCL
强镇扩权			118		THUOCL
护理文件书写			118		THUOCL
法律行为无效			118		THUOCL
法治与国际和谐社会			118		THUOCL
人事聘用合同			117		THUOCL
土地房屋权证			117		THUOCL
土地盐渍化			117		THUOCL
市场秩序维护			117		THUOCL
政务院财经委员会			117		THUOCL
有偿行为			117		THUOCL
残疾人教育条例			117		THUOCL
汽车产品回收利用技术政策			117		THUOCL
泡沫效应			117		THUOCL
中凯律师事务所			116		THUOCL
中国公证员协会			116		THUOCL
从给付义务			116		THUOCL
反虐待动物法			116		THUOCL
监督管理权限			116		THUOCL
知识产权保护范围			116		THUOCL
中国专利信息中心			115		THUOCL
刑事一体化			115		THUOCL
吴丹红			115		THUOCL
民办高等学校办学管理若干规定			115		THUOCL
登记主义			115		THUOCL
财产保全制度			115		THUOCL
邹忠臣			115		THUOCL
也许正在发生			114		THUOCL
地方审判厅			114		THUOCL
大面额纸币			114		THUOCL
婚前婚后财产			114		THUOCL
注册建造师管理规定			114		THUOCL
社保公积金			114		THUOCL
第一批异体字整理表			114		THUOCL
职业银行家			114		THUOCL
要约文件			114		THUOCL
国际支付手段			113		THUOCL
工业产权出资			113		THUOCL
知识产权权利冲突			113		THUOCL
专利技术转让合同			112		THUOCL
债务合约			112		THUOCL
医疗保险合同			112		THUOCL
推定行为			112		THUOCL
欧共体竞争法			112		THUOCL
非法进行节育手术罪			112		THUOCL
中华民国约法			111		THUOCL
国际知识产权制度			111		THUOCL
水库大坝安全管理条例			111		THUOCL
邮电工作人员			111		THUOCL
限制民事行为能力案件			111		THUOCL
国家海上搜救应急预案			110		THUOCL
广东省预防未成年人犯罪条例			110		THUOCL
标签和说明书管理规定			110		THUOCL
欧洲比较侵权行为法			110		THUOCL
特别附加险			110		THUOCL
重复处理行为			110		THUOCL
重大刑事犯罪案件			110		THUOCL
雇佣法律关系			110		THUOCL
中国地名委员会			109		THUOCL
保险责任和除外责任			109		THUOCL
公证机构执业管理办法			109		THUOCL
刑事诉讼参与人			109		THUOCL
反价格垄断规定			109		THUOCL
古典自然法学派			109		THUOCL
古籍数字化			109		THUOCL
国家地震应急预案			109		THUOCL
土地承包经营权流转合同			109		THUOCL
律母			109		THUOCL
私营工商业者			109		THUOCL
肖小勇			109		THUOCL
银行卡管理办法			109		THUOCL
中国专利制度			108		THUOCL
住房债券			108		THUOCL
依法治党			108		THUOCL
土地权属变更登记			108		THUOCL
必要共同诉讼人			108		THUOCL
法书要录			108		THUOCL
电信业务经营许可证管理办法			108		THUOCL
职业道德评价			108		THUOCL
虐待动物罪			108		THUOCL
单方允诺			107		THUOCL
国际人权条约			107		THUOCL
必须进行斗争			107		THUOCL
河北省住宅与房地产业协会			107		THUOCL
法规规章备案条例			107		THUOCL
洪范九畴			107		THUOCL
湖南一星律师事务所			107		THUOCL
烟叶税暂行条例			107		THUOCL
物权登记制度			107		THUOCL
电子银行安全评估指引			107		THUOCL
税务稽查报告			107		THUOCL
阴谋犯			107		THUOCL
一物一权原则			106		THUOCL
全面指定交易制度			106		THUOCL
民事纠纷解决			106		THUOCL
专利代理委托书			105		THUOCL
民事管辖权			105		THUOCL
沈木珠			105		THUOCL
中共中央调查部			104		THUOCL
公安机关信访工作规定			104		THUOCL
文化产业促进法			104		THUOCL
濒危野生动植物国际贸易公约			104		THUOCL
阴谋颠覆政府罪			104		THUOCL
非法组织卖血罪			104		THUOCL
中华人民共和国归侨侨眷权益保护法实施办法			103		THUOCL
二审裁定书			103		THUOCL
内蒙古大学法学院			103		THUOCL
大陆法系刑法			103		THUOCL
寄存保管			103		THUOCL
建设工程价款结算暂行办法			103		THUOCL
形成判决			103		THUOCL
新资源食品管理办法			103		THUOCL
机动车驾驶员考试办法			103		THUOCL
民用建筑隔声设计规范			103		THUOCL
海事债权登记			103		THUOCL
股东总回报			103		THUOCL
转代理			103		THUOCL
中保财产保险公司			102		THUOCL
企业承包经营合同			102		THUOCL
保险中介制度			102		THUOCL
地方自治制度			102		THUOCL
复议参加人			102		THUOCL
审计合谋			102		THUOCL
强制辩护			102		THUOCL
规划环境影响评价条例			102		THUOCL
集成电路布图设计权			102		THUOCL
专利维持			101		THUOCL
天津市建筑市场管理条例			101		THUOCL
开发经营部			101		THUOCL
非法捕捞水产品罪			101		THUOCL
代物清偿			100		THUOCL
保险危险			100		THUOCL
全民所有企业			100		THUOCL
准占有			100		THUOCL
化妆品标识管理规定			100		THUOCL
奥地利民法典			100		THUOCL
改好率			100		THUOCL
相对法律关系			100		THUOCL
股东代位诉讼			100		THUOCL
警察圈套			100		THUOCL
一事不再罚原则			99		THUOCL
九十年代中国儿童发展规划纲要			99		THUOCL
优惠原产地规则			99		THUOCL
公安机关办理劳动教养案件规定			99		THUOCL
前门牌			99		THUOCL
国家食品安全事故应急预案			99		THUOCL
国家食品药品监督管理局政策法规司			99		THUOCL
地方国家机构			99		THUOCL
威斯敏斯特法案			99		THUOCL
巴托鲁斯			99		THUOCL
得减主义			99		THUOCL
樱木建二			99		THUOCL
湖北为维律师事务所			99		THUOCL
用户故事			99		THUOCL
稀缺经济			99		THUOCL
聊城市中级人民法院			99		THUOCL
自费出国留学中介服务管理规定			99		THUOCL
药品非临床研究质量管理规范			99		THUOCL
除外规定			99		THUOCL
互联网药品信息服务管理办法			98		THUOCL
会社法			98		THUOCL
北京住房公积金缴存管理办法			98		THUOCL
千户制			98		THUOCL
增收节支措施			98		THUOCL
大陆架公约			98		THUOCL
查阅法条			98		THUOCL
江苏君远律师事务所			98		THUOCL
海上货物运输保险合同			98		THUOCL
物业管理师制度暂行规定			98		THUOCL
环境信息公开制度			98		THUOCL
主要办事处			97		THUOCL
企业人事管理制度			97		THUOCL
会计法律责任			97		THUOCL
国家教育考试考务安全保密工作规定			97		THUOCL
教育设施重大安全事故罪			97		THUOCL
新合伙企业法			97		THUOCL
旅游景区质量等级评定管理办法			97		THUOCL
无记名有价证券			97		THUOCL
习惯国际法			96		THUOCL
侵华日军罪行			96		THUOCL
信用保险合同			96		THUOCL
北京市环境噪声污染防治办法			96		THUOCL
台湾台北地方法院			96		THUOCL
和谐权			96		THUOCL
在险价值			96		THUOCL
学校食物中毒事故行政责任追究暂行规定			96		THUOCL
宏观财政政策			96		THUOCL
广告法规与管理			96		THUOCL
应受刑罚惩罚性			96		THUOCL
民事诉讼目的			96		THUOCL
江苏常州常武律师事务所			96		THUOCL
注册税务师资格制度暂行规定			96		THUOCL
海域有偿使用制度			96		THUOCL
规范性解释			96		THUOCL
违约责任论			96		THUOCL
长江河道采砂管理条例			96		THUOCL
非规范性法律文件			96		THUOCL
中国刑事法杂志			95		THUOCL
人权和公民权宣言			95		THUOCL
发生劳动争议怎么办			95		THUOCL
手工业管理局			95		THUOCL
打击走私领导小组			95		THUOCL
执行变更			95		THUOCL
深圳经济特区房地产登记条例			95		THUOCL
溢价股			95		THUOCL
禁止规范			95		THUOCL
英国大宪章			95		THUOCL
过于自信过失			95		THUOCL
吉林省失业保险办法			94		THUOCL
广东环球经纬律师事务所			94		THUOCL
慕亚平			94		THUOCL
民事强制执行法			94		THUOCL
远离令			94		THUOCL
违法向关系人发放贷款罪			94		THUOCL
适用除外制度			94		THUOCL
道路交通事故受伤人员伤残评定			94		THUOCL
中华人民共和国中外合资经营企业所得税法			93		THUOCL
北京市长城保护管理办法			93		THUOCL
医院感染管理办法			93		THUOCL
审核委托方			93		THUOCL
广州市机动车排气污染防治规定			93		THUOCL
归分记忆法			93		THUOCL
水资源开发利用规划			93		THUOCL
法人型联营			93		THUOCL
药品加成率			93		THUOCL
要式证券			93		THUOCL
规范法学			93		THUOCL
边缘法学			93		THUOCL
一般共同犯罪			92		THUOCL
中华人民共和国价格管理条例			92		THUOCL
中国知识产权司法保护			92		THUOCL
债券期权			92		THUOCL
公安执法监督			92		THUOCL
利益返还请求权			92		THUOCL
参加承兑人			92		THUOCL
招标投标买卖			92		THUOCL
授权性规则			92		THUOCL
星野英一			92		THUOCL
法律规范行为			92		THUOCL
证券公司高级管理人员管理办法			92		THUOCL
酒泉市中级人民法院			92		THUOCL
陕甘宁边区施政纲领			92		THUOCL
专属经济区和大陆架法			91		THUOCL
中华人民共和国外资保险公司管理条例			91		THUOCL
中国人民解放军院校招生工作条例			91		THUOCL
利息回收率			91		THUOCL
国事犯			91		THUOCL
国务院办公厅关于限制生产销售使用塑料购物			91		THUOCL
国家突发环境事件应急预案			91		THUOCL
外商投资电影院暂行规定			91		THUOCL
外汇保证金开户			91		THUOCL
多边国际公约			91		THUOCL
如何购买二手房			91		THUOCL
星级饭店访查规范			91		THUOCL
气候变化协议			91		THUOCL
监视居住决定书			91		THUOCL
上海市工伤保险实施办法			90		THUOCL
中华人民共和国海关企业分类管理办法			90		THUOCL
侵犯财产所有权			90		THUOCL
公务员监督			90		THUOCL
化性起伪			90		THUOCL
单一客体			90		THUOCL
参照单位			90		THUOCL
合同生效要件			90		THUOCL
契约登记			90		THUOCL
妇女儿童权益保护法			90		THUOCL
广播电视设施保护条例			90		THUOCL
德国物权法			90		THUOCL
忽里台大会			90		THUOCL
房屋拆迁当事人			90		THUOCL
排除妨害请求权			90		THUOCL
永久居所			90		THUOCL
耕地占补平衡考核办法			90		THUOCL
股权执行			90		THUOCL
诉讼承担			90		THUOCL
世界博览会标志保护条例			89		THUOCL
中国共产党普通高等学校基层组织工作条例			89		THUOCL
包庇毒品犯罪分子罪			89		THUOCL
国家防汛抗旱应急预案			89		THUOCL
每日结算制度			89		THUOCL
相对记载事项			89		THUOCL
组织越狱罪			89		THUOCL
违法责任原则			89		THUOCL
公用企业限制竞争行为			88		THUOCL
员工福利与退休计划			88		THUOCL
商标印制管理办法			88		THUOCL
国家加工食品质量监督检验中心			88		THUOCL
地方分权制			88		THUOCL
基层建设年			88		THUOCL
奥本海国际法			88		THUOCL
安全生产工作规定			88		THUOCL
宏观经济管理体制			88		THUOCL
瑕疵出资			88		THUOCL
责任保险赔偿			88		THUOCL
保险期间和保险责任开始时间			87		THUOCL
债权质权			87		THUOCL
假冒他人姓名			87		THUOCL
全国中小学班主任培训计划			87		THUOCL
土地使用权初始登记			87		THUOCL
地方立法研究			87		THUOCL
律师伪证罪			87		THUOCL
房屋拆迁安置协议			87		THUOCL
执行笔录			87		THUOCL
新编经济法			87		THUOCL
缔结条约程序法			87		THUOCL
见习期制度			87		THUOCL
证券自营商			87		THUOCL
谈判主体			87		THUOCL
逃避追缴欠税罪			87		THUOCL
不能犯未遂			86		THUOCL
为吏之道			86		THUOCL
伪造国家货币			86		THUOCL
内蒙古建中律师事务所			86		THUOCL
北京市浩东律师事务所			86		THUOCL
北京市赵晓鲁律师事务所			86		THUOCL
嗣后不能			86		THUOCL
形成之诉			86		THUOCL
民事审判指导与参考			86		THUOCL
洪范广住律师事务所			86		THUOCL
系统性金融危机			86		THUOCL
药品与医疗器械			86		THUOCL
中国刑事辩护网			85		THUOCL
全民所有制工业企业职工代表大会条例			85		THUOCL
农业部产业政策与法规司			85		THUOCL
北约自由统一法案			85		THUOCL
城市危险房屋管理规定			85		THUOCL
外国保险机构驻华代表机构管理办法			85		THUOCL
容留妇女卖淫罪			85		THUOCL
开放登记			85		THUOCL
渎职侵权检察科			85		THUOCL
联合国贸易法委员会			85		THUOCL
诬告反坐			85		THUOCL
过失爆炸罪			85		THUOCL
中国人民共和国公务员法			84		THUOCL
充分披露原则			84		THUOCL
前置许可证			84		THUOCL
商标专用权转让			84		THUOCL
工效挂钩制			84		THUOCL
幸发芬			84		THUOCL
新闻报道失实			84		THUOCL
有限责任公司规范意见			84		THUOCL
武汉大学国际法研究所			84		THUOCL
法院编制法			84		THUOCL
被害人承诺			84		THUOCL
重庆志同律师事务所			84		THUOCL
银行业从业人员职业操守			84		THUOCL
中国金融期货交易所结算细则			83		THUOCL
企业租赁经营合同			83		THUOCL
医疗机构制剂配制质量管理规范			83		THUOCL
基层人民法院院长			83		THUOCL
扰乱法庭秩序罪			83		THUOCL
无担保债权人			83		THUOCL
权力制约原则			83		THUOCL
桶抓			83		THUOCL
物权公示制度			83		THUOCL
转承责任			83		THUOCL
防震减灾法律法规			83		THUOCL
中外合资人才中介机构管理暂行规定			82		THUOCL
另一种和谐			82		THUOCL
国际油污损害民事责任公约			82		THUOCL
复议被申请人			82		THUOCL
有价支付凭证			82		THUOCL
检举纳税人税收违法行为奖励暂行办法			82		THUOCL
法院志			82		THUOCL
要约撤回			82		THUOCL
设权证券			82		THUOCL
载驳船			82		THUOCL
违反禁止标线			82		THUOCL
个人财产对外转移售付汇管理暂行办法			81		THUOCL
个体工商户纳税			81		THUOCL
中华人民共和国测绘成果管理规定			81		THUOCL
中国盲人协会			81		THUOCL
代位清偿			81		THUOCL
农药生产管理办法			81		THUOCL
医疗器械管理条例			81		THUOCL
品种权代理			81		THUOCL
品质机动幅度			81		THUOCL
国家中医药管理局中医师资格认证中心			81		THUOCL
大陆居民赴台湾地区旅游领队人员管理办法			81		THUOCL
套期保值合约			81		THUOCL
强令违章冒险作业罪			81		THUOCL
情报信息研判			81		THUOCL
桑植县人民法院			81		THUOCL
法律职业资格考试			81		THUOCL
犯罪客观要件			81		THUOCL
请求排除妨碍			81		THUOCL
远恶军州			81		THUOCL
量刑规范化			81		THUOCL
非法复制品			81		THUOCL
事业单位人员失职罪			80		THUOCL
保险公司高级管理人员任职资格			80		THUOCL
偶然因果关系			80		THUOCL
国家公派出国留学研究生管理规定			80		THUOCL
安福俱乐部			80		THUOCL
广东省举报假币犯罪奖励办法			80		THUOCL
强制卸货			80		THUOCL
房地产确权			80		THUOCL
法律儒家化			80		THUOCL
生前行为			80		THUOCL
税收撤销权			80		THUOCL
许可经营范围			80		THUOCL
车船税征收标准			80		THUOCL
进口商品安全质量许可制度			80		THUOCL
三台县公安局			79		THUOCL
中华人民共和国国家金库条例			79		THUOCL
中国金融期货交易所会员管理办法			79		THUOCL
伊斯兰委员会			79		THUOCL
商业会计法			79		THUOCL
大石音乐版权			79		THUOCL
安全评价机构管理规定			79		THUOCL
建设工程法规及相关知识复习题集			79		THUOCL
指纹破案			79		THUOCL
梅慎实			79		THUOCL
煤炭经营监管办法			79		THUOCL
破产债务人			79		THUOCL
社会保险基金财务制度			79		THUOCL
行政执行法			79		THUOCL
要求轻判			79		THUOCL
上海市小城镇社会保险暂行办法			78		THUOCL
交钥匙合同			78		THUOCL
公司住址			78		THUOCL
农经人员			78		THUOCL
北京市城市轨道交通安全运营管理办法			78		THUOCL
单方民事法律行为			78		THUOCL
国际航空法			78		THUOCL
基金管理公司年度报告内容与格式准则			78		THUOCL
审查公诉			78		THUOCL
扰乱办公秩序			78		THUOCL
教育用房			78		THUOCL
显性存款保险制度			78		THUOCL
暂住制度			78		THUOCL
海关进出境印刷品及音像制品监管办法			78		THUOCL
湖南莽源律师事务所			78		THUOCL
职权原则			78		THUOCL
诉前保全申请			78		THUOCL
远东国际军事法庭宪章			78		THUOCL
违规提供担保			78		THUOCL
专职守护押运人员枪支使用管理条例			77		THUOCL
中华人民共和国地图编制出版管理条例			77		THUOCL
乙方受让			77		THUOCL
供应链风险管理			77		THUOCL
北京市二十一世纪实验幼儿园			77		THUOCL
占有保护请求权			77		THUOCL
抗旱应急响应			77		THUOCL
期后背书			77		THUOCL
现代奴隶制			77		THUOCL
现场检查制度			77		THUOCL
福州市预防和查处窃电行为条例			77		THUOCL
纵向垄断协议			77		THUOCL
台商故事			76		THUOCL
城市房地产管理办法			76		THUOCL
平等保护条款			76		THUOCL
社会主义市场机制			76		THUOCL
第一审刑事判决书			76		THUOCL
经济法律行为			76		THUOCL
中介服务收费管理办法			75		THUOCL
再保险业务管理规定			75		THUOCL
国家土地督察济南局			75		THUOCL
城市住宅小区物业管理服务收费暂行办法			75		THUOCL
城市维护建设税暂行条例			75		THUOCL
报关员资格全国统一考试应试规则			75		THUOCL
无正本提单放货			75		THUOCL
特殊目的信托			75		THUOCL
纸币流通规律			75		THUOCL
终止用电			75		THUOCL
网络发言人			75		THUOCL
董事会会议制度			75		THUOCL
价格管理机构			74		THUOCL
医诉			74		THUOCL
卫生技术人员职务试行条例			74		THUOCL
发明专利申请公开说明书			74		THUOCL
四川省人口与计划生育条例			74		THUOCL
国家级专项规划			74		THUOCL
国家高技术产业发展项目管理暂行办法			74		THUOCL
国有财产法			74		THUOCL
女权主义法学			74		THUOCL
广东省未成年人保护条例			74		THUOCL
性价比法			74		THUOCL
民政优抚对象			74		THUOCL
法律程序文件			74		THUOCL
深圳经济特区土地使用权出让条例			74		THUOCL
烟草专卖文明执法行为规范			74		THUOCL
犯罪未完成			74		THUOCL
越权经营			74		THUOCL
黄村派出所			74		THUOCL
人工影响天气管理条例			73		THUOCL
伪造有价票证罪			73		THUOCL
信托财产登记			73		THUOCL
尉杂			73		THUOCL
广东省国家安全厅			73		THUOCL
德国著作权法			73		THUOCL
德意志联邦共和国基本法			73		THUOCL
承包商付款担保			73		THUOCL
抵押担保债券			73		THUOCL
止赎权			73		THUOCL
版式权			73		THUOCL
电子出版物管理规定			73		THUOCL
直接报告业务			73		THUOCL
经营权租赁			73		THUOCL
船员劳务合同			73		THUOCL
转一种			73		THUOCL
黄茂荣			73		THUOCL
一般地方立法			72		THUOCL
中国外轮代理公司			72		THUOCL
公证员执业管理办法			72		THUOCL
向单位行贿罪			72		THUOCL
商事合伙			72		THUOCL
国有企业职工待业保险规定			72		THUOCL
国际经济合作实务			72		THUOCL
工商银行办公室			72		THUOCL
工程量清单计价法			72		THUOCL
律师提前介入			72		THUOCL
情妇准则			72		THUOCL
承包人履约担保			72		THUOCL
授权规范			72		THUOCL
改法为律			72		THUOCL
新加坡最高法院			72		THUOCL
走进农民工			72		THUOCL
郴州福康医院			72		THUOCL
防止义务			72		THUOCL
青山大乐队			72		THUOCL
非专利技术转让合同			72		THUOCL
非法买卖制毒物品罪			72		THUOCL
信息安全条例			71		THUOCL
公文证件印章			71		THUOCL
公有技术			71		THUOCL
公路建设市场管理办法			71		THUOCL
区域产业转移			71		THUOCL
哈尔滨市城市房屋拆迁管理暂行办法			71		THUOCL
国际贸易条约			71		THUOCL
土地发展公司			71		THUOCL
复保险合同			71		THUOCL
技术止损法			71		THUOCL
空舱费			71		THUOCL
结算会员制度			71		THUOCL
网上银行业务管理暂行办法			71		THUOCL
行政诉讼参加人			71		THUOCL
过失泄露国家秘密罪			71		THUOCL
上海市促进就业若干规定			70		THUOCL
中华人民共和国海船船员适任考试			70		THUOCL
企业国有资产产权登记证			70		THUOCL
债务移转			70		THUOCL
可比非受控价格法			70		THUOCL
境外就业中介管理规定			70		THUOCL
承诺转质			70		THUOCL
招标出让土地使用权			70		THUOCL
新资源食品卫生管理办法			70		THUOCL
普通高等学校毕业生就业工作暂行规定			70		THUOCL
澳大利亚宪法			70		THUOCL
诉讼对抗			70		THUOCL
违法发放林木采伐许可证罪			70		THUOCL
防止贪污法			70		THUOCL
非封闭阳台			70		THUOCL
中华人民共和国烟叶税暂行条例			69		THUOCL
亚太空间合作组织公约			69		THUOCL
伪舆论监督			69		THUOCL
债务清偿率			69		THUOCL
公务员职务任免			69		THUOCL
圆审			69		THUOCL
土地承包经营权纠纷			69		THUOCL
居民自治章程			69		THUOCL
广东鑫一华律师事务所			69		THUOCL
德国联邦最高法院			69		THUOCL
战时违抗命令罪			69		THUOCL
普及法律常识办公室			69		THUOCL
经济合作合同			69		THUOCL
走私制毒物品罪			69		THUOCL
陆良县人民法院			69		THUOCL
预防职务犯罪警示教育基地			69		THUOCL
中国侨联法律顾问委员会			68		THUOCL
中国重要报纸全文数据库			68		THUOCL
从法律行为			68		THUOCL
农副产品收购合同			68		THUOCL
原产地规则协议			68		THUOCL
反洗钱工作部际联席会议制度			68		THUOCL
国际货币金融法			68		THUOCL
收入来源地税收管辖权			68		THUOCL
施塔姆勒			68		THUOCL
江苏省机动车维修管理条例			68		THUOCL
法定财产重估增值			68		THUOCL
法治建设与法学			68		THUOCL
谦抑原则			68		THUOCL
集市交易税			68		THUOCL
香港大律师公会			68		THUOCL
冷静时间			67		THUOCL
协定贸易			67		THUOCL
反垄断法研究			67		THUOCL
商业特许经营信息披露管理办法			67		THUOCL
国家管辖权			67		THUOCL
国家豁免权			67		THUOCL
多种纤维协议			67		THUOCL
封闭式住宅小区			67		THUOCL
民事责任竞合			67		THUOCL
深圳经济特区欠薪保障条例			67		THUOCL
社会化用工			67		THUOCL
个人住房加按揭贷款			66		THUOCL
中国加入世界贸易组织法律文件			66		THUOCL
中央储备糖管理办法			66		THUOCL
俄国农奴制度			66		THUOCL
司法鉴定人登记管理办法			66		THUOCL
合约期权			66		THUOCL
同步辅导与强化训练			66		THUOCL
商业登记法			66		THUOCL
太平洋盆地经济理事会			66		THUOCL
气瓶安全监察规定			66		THUOCL
河津市检察院			66		THUOCL
生产经营单位安全培训规定			66		THUOCL
纳税影响法			66		THUOCL
职业特权			66		THUOCL
职工董事制度			66		THUOCL
铁路货物运输合同			66		THUOCL
中国大案侦破实录			65		THUOCL
会展法			65		THUOCL
伤残鉴定标准			65		THUOCL
债权证书			65		THUOCL
公路建设监督管理办法			65		THUOCL
刑事抗诉书			65		THUOCL
占有时效			65		THUOCL
双边冲突规范			65		THUOCL
工商财经			65		THUOCL
木腿正义			65		THUOCL
河南千业律师事务所			65		THUOCL
浙江省企业商号管理和保护规定			65		THUOCL
浙江省预防职务犯罪条例			65		THUOCL
精神药品罪			65		THUOCL
维护科学尊严			65		THUOCL
行政诉讼裁定			65		THUOCL
解约日			65		THUOCL
谢文强			65		THUOCL
道德概论			65		THUOCL
非法出售发票罪			65		THUOCL
专利审查协作中心			64		THUOCL
中华人民共和国外资银行管理条例实施细则			64		THUOCL
中华人民共和国往来港澳通行证			64		THUOCL
中国广告法			64		THUOCL
中直机关事务管理局			64		THUOCL
五荒地			64		THUOCL
企业承包合同			64		THUOCL
保护文学和艺术作品伯尔尼公约			64		THUOCL
债务人迟延			64		THUOCL
力拓案			64		THUOCL
安全生产奖惩制度			64		THUOCL
对外贸易壁垒调查暂行规则			64		THUOCL
欧洲审计院			64		THUOCL
汉摩拉比法典			64		THUOCL
苏锦梁			64		THUOCL
表现犯			64		THUOCL
辽宁省学校安全条例			64		THUOCL
麻醉品单一公约			64		THUOCL
中华人民共和国出口货物原产地规则			63		THUOCL
中华人民共和国出境入境边防检查条例			63		THUOCL
主审裁判官			63		THUOCL
事业单位人事管理条例			63		THUOCL
五级三节制			63		THUOCL
人民解放军军事法院			63		THUOCL
侦查对策			63		THUOCL
保险公司次级定期债务			63		THUOCL
保险公司非寿险业务准备金管理办法			63		THUOCL
保险经营规则			63		THUOCL
农业保险再保险制度			63		THUOCL
农业行政处罚程序规定			63		THUOCL
刑事简易程序			63		THUOCL
因工死亡职工供养亲属范围规定			63		THUOCL
国家质量监督检验检疫总局法规司			63		THUOCL
国有保险公司监事会			63		THUOCL
城市建设总局			63		THUOCL
强迫他人吸毒罪			63		THUOCL
当代主要法律体系			63		THUOCL
成品油定价权			63		THUOCL
沉默方式			63		THUOCL
浙江省监察厅			63		THUOCL
瑕疵证据			63		THUOCL
论科学发展观			63		THUOCL
诉讼时效重新计算			63		THUOCL
雇用童工从事危重劳动罪			63		THUOCL
产量分成合同			62		THUOCL
从宪法规范到规范宪法			62		THUOCL
仓储保管人			62		THUOCL
停薪留职合同			62		THUOCL
分割房地产			62		THUOCL
占有权能			62		THUOCL
幕吏			62		THUOCL
广州市流动人员管理规定			62		THUOCL
扫除文盲工作条例			62		THUOCL
政府采购评审专家管理办法			62		THUOCL
有毒物质控制法			62		THUOCL
检察官手记			62		THUOCL
河北省节约能源条例			62		THUOCL
继承恢复请求权			62		THUOCL
老旧运输船舶管理规定			62		THUOCL
血站实验室质量管理规范			62		THUOCL
规范与价值			62		THUOCL
许诺人			62		THUOCL
贴现成本			62		THUOCL
一事一议制度			61		THUOCL
中央电视台晚会			61		THUOCL
中小企业扶持资金			61		THUOCL
交通事故死亡赔偿金			61		THUOCL
劳动用工权			61		THUOCL
可调价格合同			61		THUOCL
国家破坏性地震应急预案			61		THUOCL
国际法渊源			61		THUOCL
妖书案			61		THUOCL
安全生产事故隐患排查治理暂行规定			61		THUOCL
经济公益诉讼			61		THUOCL
钦定西藏章程			61		THUOCL
下级法庭			60		THUOCL
东莞市经济适用住房管理办法			60		THUOCL
个人住房转按揭贷款			60		THUOCL
代写文书			60		THUOCL
信托公司治理指引			60		THUOCL
全国打击走私领导小组			60		THUOCL
公路工程竣工验收办法			60		THUOCL
出名营业人			60		THUOCL
国务院科技干部局			60		THUOCL
城市供水水质管理规定			60		THUOCL
宪法修改案			60		THUOCL
广东省城镇房地产权登记条例			60		THUOCL
强迫妇女卖淫罪			60		THUOCL
律师服务收费管理暂行办法			60		THUOCL
房屋泡沫			60		THUOCL
日常家事代理权			60		THUOCL
暴力危及飞行安全罪			60		THUOCL
残疾人康复工作办公室			60		THUOCL
水资源保护法			60		THUOCL
禁止酷刑公约			60		THUOCL
章服制度			60		THUOCL
第二次答辩			60		THUOCL
自由文档许可证			60		THUOCL
谦抑性原则			60		THUOCL
不可侵犯权			59		THUOCL
中国资本市场法制发展报告			59		THUOCL
代理控告			59		THUOCL
公司合并分立			59		THUOCL
公有住宅租赁合同			59		THUOCL
北京市国有建设用地供应办法			59		THUOCL
商品房销售明码标价规定			59		THUOCL
国有企业经营权			59		THUOCL
地方性会计法规			59		THUOCL
建设工程规划管理			59		THUOCL
新保险法			59		THUOCL
期货公司风险监管指标管理办法			59		THUOCL
段爱群			59		THUOCL
水资源勘察			59		THUOCL
海关估价协议			59		THUOCL
职务侵权行为			59		THUOCL
贾东明			59		THUOCL
重典治国			59		THUOCL
销售间谍专用器材罪			59		THUOCL
非法买卖爆炸物品罪			59		THUOCL
上海段和段律师事务所			58		THUOCL
专科学校法			58		THUOCL
中介组织人员提供虚假证明文件罪			58		THUOCL
中俄续勘喀什噶尔界约			58		THUOCL
中华人民共和国产品质量认证管理条例			58		THUOCL
中华人民共和国民族区域自治实施纲要			58		THUOCL
产前诊断技术管理办法			58		THUOCL
假冒商标罪			58		THUOCL
医疗用毒性药品管理办法			58		THUOCL
医疗药费			58		THUOCL
国家赔偿费用管理办法			58		THUOCL
城邦民主制			58		THUOCL
境内外资银行外债管理办法			58		THUOCL
嫡长继承制			58		THUOCL
实践性行为			58		THUOCL
建筑市场管理规定			58		THUOCL
怀邵衡铁路			58		THUOCL
效力未定合同			58		THUOCL
文义证券			58		THUOCL
构成要件符合性			58		THUOCL
欧麦里			58		THUOCL
民用机场管理条例			58		THUOCL
泉州市科技局			58		THUOCL
混凝土强度检验评定标准			58		THUOCL
破坏性采矿罪			58		THUOCL
苏州市社会基本医疗保险管理办法			58		THUOCL
贩卖淫秽物品罪			58		THUOCL
重返犯罪现场			58		THUOCL
非商业性风险			58		THUOCL
高等学校接受外国留学生管理规定			58		THUOCL
上海市商品住宅维修基金管理办法			57		THUOCL
个体工商户个人所得税计税办法			57		THUOCL
中小学校长培训规定			57		THUOCL
中欧法学院			57		THUOCL
余姚市公安局			57		THUOCL
全国供用电规则			57		THUOCL
农村土地确权			57		THUOCL
县级农村社会养老保险基本方案			57		THUOCL
商业银行信息披露暂行办法			57		THUOCL
国家总动员法			57		THUOCL
国营企业调节税			57		THUOCL
小额钱债审裁处			57		THUOCL
平等和谐发展			57		THUOCL
成都社保			57		THUOCL
承包主体资格			57		THUOCL
民用运力国防动员条例			57		THUOCL
海事担保			57		THUOCL
珠海经济特区道路交通安全管理条例			57		THUOCL
知识产权证券化			57		THUOCL
货物所有权转移			57		THUOCL
附赠式有奖销售			57		THUOCL
马来西亚海关			57		THUOCL
上海市产权交易管理办法			56		THUOCL
中介组织人员出具证明文件重大失实罪			56		THUOCL
中国人民银行残缺污损人民币兑换办法			56		THUOCL
中国航空法			56		THUOCL
价格监测规定			56		THUOCL
农村土地承包经营权流转管理办法			56		THUOCL
司法信息技术			56		THUOCL
安徽金亚太律师事务所			56		THUOCL
岳麓山风景名胜区保护条例			56		THUOCL
工伤伤残等级			56		THUOCL
工资制度改革小组			56		THUOCL
房地产产权证书			56		THUOCL
推定占有			56		THUOCL
时代九和律师事务所			56		THUOCL
死刑复奏制			56		THUOCL
注册会计师注册办法			56		THUOCL
澳门特别行政区驻军法			56		THUOCL
特案减免			56		THUOCL
职业年金制度			56		THUOCL
计量认证标志			56		THUOCL
铁路留用土地办法			56		THUOCL
一般交易条件			55		THUOCL
中华人民共和国银行管理暂行条例			55		THUOCL
先进性别文化			55		THUOCL
公债制度			55		THUOCL
剧毒化学品购买和公路运输许可证件管理办法			55		THUOCL
品牌独特性			55		THUOCL
国际恐怖主义犯罪			55		THUOCL
外国通讯社在中国境内发布新闻信息管理办法			55		THUOCL
家用视听商品修理更换退货责任规定			55		THUOCL
广东省各级人民代表大会选举实施细则			55		THUOCL
应付标价法			55		THUOCL
强制性产品认证标志管理办法			55		THUOCL
意思表达一致			55		THUOCL
房地产他项权利登记			55		THUOCL
易制毒化学品进出口管理规定			55		THUOCL
有价证券诈骗罪			55		THUOCL
株连式拆迁			55		THUOCL
牛津规则			55		THUOCL
现场勘查学			55		THUOCL
第一付款责任			55		THUOCL
翻译名义集			55		THUOCL
行纪行为			55		THUOCL
表现代理			55		THUOCL
这就是公民			55		THUOCL
限制性商业行为			55		THUOCL
集体安全体制			55		THUOCL
非基本当事人			55		THUOCL
非法出售增值税专用发票罪			55		THUOCL
专利代理费			54		THUOCL
中国共产党党校工作暂行条例			54		THUOCL
交战团体			54		THUOCL
价格评估人员执业资格认定管理办法			54		THUOCL
信息技术产品协议			54		THUOCL
养父母子女关系			54		THUOCL
农会法			54		THUOCL
北京市人民代表大会代表视察办法			54		THUOCL
北京市盈科律师事务所			54		THUOCL
合同履行不能			54		THUOCL
吞吐基础货币			54		THUOCL
国家安全法实施细则			54		THUOCL
城市建设档案管理规定			54		THUOCL
女官制度			54		THUOCL
广州市控制吸烟条例			54		THUOCL
河南省政法管理干部学院学报			54		THUOCL
特定之债			54		THUOCL
终结罪恶			54		THUOCL
计算机软件著作权保护			54		THUOCL
中国新闻工作者协会			53		THUOCL
企业法律风险管理			53		THUOCL
保险资金境外投资管理暂行办法实施细则			53		THUOCL
农产品产地安全管理办法			53		THUOCL
城市民族工作条例			53		THUOCL
完全产权房			53		THUOCL
废除治外法权			53		THUOCL
执行拘传			53		THUOCL
择业派遣期			53		THUOCL
棉花加工资格认定和市场管理暂行办法			53		THUOCL
美国联邦应急管理局			53		THUOCL
蓄滞洪区运用补偿暂行办法			53		THUOCL
行政应急性原则			53		THUOCL
饲料生产企业审查办法			53		THUOCL
价格评估机构资质认定管理办法			52		THUOCL
住房公积金行政监督办法			52		THUOCL
保险经纪公司管理规定			52		THUOCL
发电权交易监管暂行办法			52		THUOCL
国内优先分保			52		THUOCL
奸党罪			52		THUOCL
委任合同			52		THUOCL
威廉姆斯法			52		THUOCL
性功能司法鉴定			52		THUOCL
房地产前沿			52		THUOCL
政府采购招标投标管理暂行办法			52		THUOCL
朴茨茅斯条约			52		THUOCL
杭州市城市房屋使用安全管理条例			52		THUOCL
济南市法律援助中心			52		THUOCL
监理工程师资格考试和注册试行办法			52		THUOCL
知识产权请求权			52		THUOCL
神州华茂			52		THUOCL
红十字标志使用办法			52		THUOCL
统一代码标识制度			52		THUOCL
美国住房政策			52		THUOCL
银河法律教育中心			52		THUOCL
青岛市养犬管理办法			52		THUOCL
一切合理措施			51		THUOCL
产品质量监督检查制度			51		THUOCL
仓库防火安全管理规则			51		THUOCL
企业支付实习生报酬税前扣除管理办法			51		THUOCL
佟连发			51		THUOCL
兽药生产质量管理规范检查验收办法			51		THUOCL
农村公路建设管理办法			51		THUOCL
刑事法学研究			51		THUOCL
制止核恐怖行为国际公约			51		THUOCL
国家公务员制度实施方案			51		THUOCL
国际技术转让合同			51		THUOCL
城市黄线管理办法			51		THUOCL
安全关照义务			51		THUOCL
对外直接投资统计制度			51		THUOCL
广东省流动人员管理条例			51		THUOCL
建设工程勘察设计市场管理规			51		THUOCL
无抵押债券			51		THUOCL
未成年人权益保障			51		THUOCL
柬埔寨宪法			51		THUOCL
湖南省服务价格管理条例			51		THUOCL
继子女关系			51		THUOCL
能源宪章条约			51		THUOCL
轮机日志			51		THUOCL
非劳动价值			51		THUOCL
鹿弹			51		THUOCL
上市公司并购重组审核委员会工作规程			50		THUOCL
专利实施强制许可办法			50		THUOCL
中国对外贸易法			50		THUOCL
债权人迟延			50		THUOCL
公务员回避制度			50		THUOCL
其行为已经构成诈骗罪			50		THUOCL
古希腊法			50		THUOCL
唐明律合编			50		THUOCL
国际海运危险货物规则			50		THUOCL
土地出让使用权			50		THUOCL
外商投资开发经营成片土地暂行管理办法			50		THUOCL
委任性规则			50		THUOCL
安徽徽达律师事务所			50		THUOCL
战时临阵脱逃罪			50		THUOCL
房地产估价师执业资格制度暂行规定			50		THUOCL
招标投标违法行为记录公告暂行办法			50		THUOCL
期货从业人员执业行为准则			50		THUOCL
杭州市房屋租赁管理规定			50		THUOCL
民事督促起诉			50		THUOCL
海事仲裁裁决			50		THUOCL
牵连管辖			50		THUOCL
生效判决裁定			50		THUOCL
硬预算约束			50		THUOCL
祖父条款			50		THUOCL
综合效益指标			50		THUOCL
自动出口限制			50		THUOCL
药品监督行政处罚程序规定			50		THUOCL
资产价值法			50		THUOCL
违法提供出口退税凭证罪			50		THUOCL
非银行金融机构行政许可事项实施办法			50		THUOCL
个体工商户登记程序规定			49		THUOCL
仓库租赁合同			49		THUOCL
使失效			49		THUOCL
侵权行为法研究			49		THUOCL
债权约束			49		THUOCL
农业发展条例			49		THUOCL
农业机械维修管理规定			49		THUOCL
商标专利版权			49		THUOCL
家庭承包经营权			49		THUOCL
承包商违约			49		THUOCL
电力市场运营基本规则			49		THUOCL
罪责自负原则			49		THUOCL
虚假存单			49		THUOCL
起诉要求赔偿损失			49		THUOCL
重典治吏			49		THUOCL
风险揭示声明书			49		THUOCL
中医坐堂医诊所管理办法			48		THUOCL
全民所有制工业交通企业设备管理条例			48		THUOCL
前科报告制度			48		THUOCL
医疗器械标准管理办法			48		THUOCL
十年观察			48		THUOCL
发展权利宣言			48		THUOCL
奴隶制五刑			48		THUOCL
年海上保险法			48		THUOCL
征用土地公告办法			48		THUOCL
房地产估价师注册管理办法			48		THUOCL
房屋拆迁案件			48		THUOCL
无纸交易			48		THUOCL
服务对等			48		THUOCL
楔形文字法			48		THUOCL
治安行政法			48		THUOCL
注册助理安全工程师			48		THUOCL
环境与资源保护法律关系			48		THUOCL
直销行业服务网点设立管理办法			48		THUOCL
莫急于盗贼			48		THUOCL
财产清偿顺序			48		THUOCL
软件外包项目管理			48		THUOCL
防止及惩治灭绝种族罪公约			48		THUOCL
食品用塑料制品及原材料卫生管理办法			48		THUOCL
中表婚			47		THUOCL
住房置业担保管理试行办法			47		THUOCL
入境发展黑社会组织罪			47		THUOCL
全国建设工程造价员管理暂行办法			47		THUOCL
军队信访条例			47		THUOCL
农业转基因生物进口安全管理办法			47		THUOCL
南京市城市规划条例			47		THUOCL
双层船壳			47		THUOCL
国家主席制度			47		THUOCL
土地生产潜力			47		THUOCL
广东省道路运输管理条例			47		THUOCL
强行减仓			47		THUOCL
房地产合作开发协议			47		THUOCL
改低档			47		THUOCL
新分析法学			47		THUOCL
普那卡条约			47		THUOCL
民营企业法律顾问			47		THUOCL
研究生法学			47		THUOCL
股权收购合同			47		THUOCL
能繁母猪保险保费补贴管理暂行办法			47		THUOCL
重庆市城镇房地产交易管理条例			47		THUOCL
预算管理职权			47		THUOCL
专有技术许可合同			46		THUOCL
专门检察院			46		THUOCL
中国律师办案全程实录			46		THUOCL
交钥匙工程合同条件			46		THUOCL
产品开发建议书			46		THUOCL
代理出口合同			46		THUOCL
保护性法律关系			46		THUOCL
公安机关人民警察证使用管理规定			46		THUOCL
农业机械试验鉴定办法			46		THUOCL
出口产品反倾销应诉规定			46		THUOCL
分仓交易			46		THUOCL
北京市洪范广住律师事务所			46		THUOCL
单位违法违纪			46		THUOCL
古董法规			46		THUOCL
国家重大食品安全事故应急预案			46		THUOCL
国家黄金管理局			46		THUOCL
手段错误			46		THUOCL
有夫权婚姻			46		THUOCL
朱三太子案			46		THUOCL
杜克大学法学院			46		THUOCL
浙江省防汛防台抗旱条例			46		THUOCL
犯罪构成客观方面			46		THUOCL
私立学校法			46		THUOCL
邮政普遍服务监督管理办法			46		THUOCL
重庆市查禁赌博条例			46		THUOCL
黑龙江省安全生产条例			46		THUOCL
三代以内直系血亲			45		THUOCL
专用记账凭证			45		THUOCL
中国法学教育研究			45		THUOCL
产品缺陷责任			45		THUOCL
全球投资表现标准			45		THUOCL
全风险代理			45		THUOCL
农作物种子生产经营许可证管理办法			45		THUOCL
司法协助制度			45		THUOCL
城市抗震防灾规划管理规定			45		THUOCL
大型医用设备配置与使用管理办法			45		THUOCL
放纵制售伪劣商品犯罪行为罪			45		THUOCL
普法运动			45		THUOCL
江苏博事达律师事务所			45		THUOCL
河北省奶业条例			45		THUOCL
泰卢固语			45		THUOCL
独占许可证			45		THUOCL
现行反革命犯			45		THUOCL
蚕种管理办法			45		THUOCL
证券市场违法犯罪			45		THUOCL
远期外汇业务			45		THUOCL
领事关系法			45		THUOCL
中华人民共和国海关对加工贸易货物监管办法			44		THUOCL
中国信鸽协会竞赛规则			44		THUOCL
主要民事赔偿责任			44		THUOCL
产权瑕疵			44		THUOCL
住房公积金财务管理办法			44		THUOCL
农药产业政策			44		THUOCL
出境水果检验检疫监督管理办法			44		THUOCL
厦门市住宅区物业管理条例			44		THUOCL
厦门经济特区养犬管理办法			44		THUOCL
可转让票据			44		THUOCL
商业银行信息披露办法			44		THUOCL
委托书收购			44		THUOCL
广播组织权			44		THUOCL
忠诚与智慧			44		THUOCL
承印验证制度			44		THUOCL
拒绝承付			44		THUOCL
效率违约			44		THUOCL
文化遗产法			44		THUOCL
法学教学参考书			44		THUOCL
煤炭出口配额管理办法			44		THUOCL
特殊风险保险			44		THUOCL
芝加哥公约			44		THUOCL
重庆市征地补偿安置办法			44		THUOCL
一至六级残疾军人医疗保障办法			43		THUOCL
不单方接触			43		THUOCL
中国人民银行行政处罚程序规定			43		THUOCL
中国社会科学院佛教研究中心			43		THUOCL
中等职业学校德育大纲			43		THUOCL
保险公司撤销			43		THUOCL
出售出入境证件罪			43		THUOCL
可作多种解释			43		THUOCL
国内船舶运输经营资质管理规定			43		THUOCL
国家公派出国留学选派办法			43		THUOCL
国有资产收益收缴管理办法			43		THUOCL
国防专利条例			43		THUOCL
天津市城镇企业职工养老保险条例			43		THUOCL
婚姻登记地			43		THUOCL
对合犯			43		THUOCL
居住区级道路			43		THUOCL
广东省盐业管理条例			43		THUOCL
成都市烟草专卖管理条例			43		THUOCL
新拆迁条例			43		THUOCL
新疆师范大学法经学院			43		THUOCL
概括移转			43		THUOCL
清末预备立宪			43		THUOCL
物业管理法律规范			43		THUOCL
现金流量贴现法			43		THUOCL
税收程序性权利			43		THUOCL
资本充足性管制			43		THUOCL
陈际红			43		THUOCL
非居民纳税义务人			43		THUOCL
非生息资产			43		THUOCL
风险导向型审计			43		THUOCL
香港法概论			43		THUOCL
保险代理权			42		THUOCL
全体一致原则			42		THUOCL
北京市经纬律师事务			42		THUOCL
北京莫少平律师事务所			42		THUOCL
国家知识产权局专利检索咨询中心			42		THUOCL
国家重大建设项目招标投标监督暂行办法			42		THUOCL
城市房屋拆迁单位管理规定			42		THUOCL
外层空间武器			42		THUOCL
宁波市政府信息公开规定			42		THUOCL
安全警示录			42		THUOCL
小额诉讼制度			42		THUOCL
广东省企业信用信息公开条例			42		THUOCL
打经济官司			42		THUOCL
损益相抵规则			42		THUOCL
新门监狱			42		THUOCL
日元息差交易			42		THUOCL
检察官职业道德规范			42		THUOCL
民事委托代理合同			42		THUOCL
汉漠拉比法典			42		THUOCL
注册商标转让合同			42		THUOCL
清洁发展机制项目运行管理办法			42		THUOCL
澳大利亚联邦宪法			42		THUOCL
特殊标志权			42		THUOCL
猎捕量限额			42		THUOCL
直诉制度			42		THUOCL
空地税			42		THUOCL
自发性负债			42		THUOCL
英国信托法			42		THUOCL
计算机软件应用技术			42		THUOCL
讹诈行为			42		THUOCL
辽宁省老年人权益保障条例			42		THUOCL
长沙市征地补偿安置条例			42		THUOCL
黑市经济			42		THUOCL
黑龙江省见义勇为人员奖励和保护规定			42		THUOCL
下关惨案			41		THUOCL
不动产物权登记制度			41		THUOCL
东南欧稳定公约			41		THUOCL
中华人民共和国无线电频率划分规定			41		THUOCL
中华人民共和国法官职业道德基本准则			41		THUOCL
买卖军用标志罪			41		THUOCL
保守国家机密暂行条例			41		THUOCL
保险代理制度			41		THUOCL
动产抵押登记办法			41		THUOCL
协商性司法			41		THUOCL
单一之债			41		THUOCL
南京市物业管理办法			41		THUOCL
各国经济权利和义务宪章			41		THUOCL
商标反向假冒			41		THUOCL
学生集体用餐卫生监督办法			41		THUOCL
实验室生物安全通用要求			41		THUOCL
审裁小组			41		THUOCL
审计法律规范			41		THUOCL
审计规范体系			41		THUOCL
当事人主义诉讼结构			41		THUOCL
御制大诰			41		THUOCL
核安全相关法律法规			41		THUOCL
电影企业经营资格准入暂行规定			41		THUOCL
登记地国			41		THUOCL
福州市环境噪声污染防治若干规定			41		THUOCL
纽约金属交易所			41		THUOCL
联合国人员和有关人员安全公约			41		THUOCL
贪污罪共犯			41		THUOCL
部门统计调查项目管理暂行办法			41		THUOCL
非法管制罪			41		THUOCL
非转让背书			41		THUOCL
保健食品标识规定			40		THUOCL
先予执行申请书			40		THUOCL
分割论			40		THUOCL
刑奴			40		THUOCL
前南斯拉夫国际刑事法庭			40		THUOCL
劳动派遣合同			40		THUOCL
医药卫生法			40		THUOCL
协议离婚制度			40		THUOCL
囚犯待遇最低限度标准规则			40		THUOCL
国债承销团成员资格审批办法			40		THUOCL
国务院口岸领导小组			40		THUOCL
国家重点公园管理办法			40		THUOCL
土地储备资金财务管理暂行办法			40		THUOCL
文康律师事务所			40		THUOCL
杭州新紫罗兰大酒店			40		THUOCL
残疾人权利国际公约			40		THUOCL
比较法在中国			40		THUOCL
毛璟文			40		THUOCL
民用建筑节能信息公示办法			40		THUOCL
海域使用管理违法违纪行为处分规定			40		THUOCL
物业管理师资格考试实施办法			40		THUOCL
环境与资源保护立法			40		THUOCL
玻璃小鞋			40		THUOCL
生产销售伪劣商品罪			40		THUOCL
知识薪酬			40		THUOCL
破坏交通设备罪			40		THUOCL
网络犯罪公约			40		THUOCL
葫芦牌			40		THUOCL
证据之间相互印证			40		THUOCL
野踩			40		THUOCL
陈东坡			40		THUOCL
非法剥夺公民宗教信仰自由罪			40		THUOCL
高温中暑事件卫生应急预案			40		THUOCL
上海市安全生产条例			39		THUOCL
不正当有奖销售行为			39		THUOCL
专利法研究			39		THUOCL
中国金融期货交易所违规违约处理办法			39		THUOCL
中外合作摄制电影片管理规定			39		THUOCL
产品质量国家监督抽查管理办法			39		THUOCL
保险公司次级定期债务管理暂行办法			39		THUOCL
劳动教养管理工作执法细则			39		THUOCL
参加付款人			39		THUOCL
双重犯罪原则			39		THUOCL
国际发展法			39		THUOCL
国际招标机构资格审定办法			39		THUOCL
城市房屋拆迁工作规程			39		THUOCL
广州市妇女权益保障若干规定			39		THUOCL
录制权			39		THUOCL
房屋部分产权			39		THUOCL
摩托车生产准入管理办法			39		THUOCL
检察人员执法过错责任追究条例			39		THUOCL
民事调解制度			39		THUOCL
法院与媒体			39		THUOCL
特恩权			39		THUOCL
盗窃枪支弹药罪			39		THUOCL
社会保险稽核办法			39		THUOCL
结婚登记颁证制度			39		THUOCL
裁判员技术等级制度			39		THUOCL
进口旧机电产品备案			39		THUOCL
违反要件			39		THUOCL
陆志安			39		THUOCL
一般担保责任			38		THUOCL
一般缓刑			38		THUOCL
中央企业综合绩效评价管理暂行办法			38		THUOCL
五朝会典			38		THUOCL
保险兼业代理机构管理试点办法			38		THUOCL
信用保障制度			38		THUOCL
全民皆兵制			38		THUOCL
典当行管理暂行办法			38		THUOCL
利息之债			38		THUOCL
动植物检疫失职罪			38		THUOCL
医疗器械临床试验规定			38		THUOCL
古生物化石管理办法			38		THUOCL
国家认定企业技术中心管理办法			38		THUOCL
国际商法学习指导			38		THUOCL
国际强行法			38		THUOCL
国际民事管辖权			38		THUOCL
国际法研究院			38		THUOCL
城乡建设用地增减挂钩试点管理办法			38		THUOCL
城市房屋产权产籍管理暂行办法			38		THUOCL
境内非居民			38		THUOCL
大规模集成电路测试			38		THUOCL
宪法制定权			38		THUOCL
市场价格法			38		THUOCL
广东法学			38		THUOCL
未成年人致人损害责任承担研究			38		THUOCL
浙江省促进中小企业发展条例			38		THUOCL
特别法庭副庭长			38		THUOCL
统一实体规范			38		THUOCL
职务犯罪举报工作			38		THUOCL
英国商标注册			38		THUOCL
虚伪意思表示			38		THUOCL
西方法律哲学家研究年刊			38		THUOCL
调解裁决			38		THUOCL
车不越线			38		THUOCL
辽宁久鼎律师事务所			38		THUOCL
野生药材资源保护管理条例			38		THUOCL
阻碍军人执行职务罪			38		THUOCL
预期违约责任			38		THUOCL
黄陂区公安分局			38		THUOCL
七出三不去			37		THUOCL
中国人民解放军思想政治教育大纲			37		THUOCL
为实施权			37		THUOCL
事业单位登记管理制度			37		THUOCL
人身保险产品审批和备案管理办法			37		THUOCL
修律大臣沈家本			37		THUOCL
农副产品购销合同条例			37		THUOCL
判决婚姻无效			37		THUOCL
功利主义法学			37		THUOCL
单一欧洲法			37		THUOCL
变卖试行办法			37		THUOCL
变更企业性质			37		THUOCL
口岸艾滋病防治管理办法			37		THUOCL
国债发行价格			37		THUOCL
土地估价师资格考试管理办法			37		THUOCL
安全生产培训管理办法			37		THUOCL
战时自伤罪			37		THUOCL
承包商劳动工资支付担保			37		THUOCL
斯瓦尔巴德条约			37		THUOCL
杭州西湖风景名胜区管理条例			37		THUOCL
棠景派出所			37		THUOCL
民办高等学校设置暂行规定			37		THUOCL
法国现代合同法			37		THUOCL
法律与习俗			37		THUOCL
浙江省信访条例			37		THUOCL
独立行使民事权利			37		THUOCL
电影审查规定			37		THUOCL
电视剧审查管理规定			37		THUOCL
知识产权法专业			37		THUOCL
社会主义法律制定			37		THUOCL
禁治产宣告			37		THUOCL
第四次宪法修正案			37		THUOCL
职权主义诉讼结构			37		THUOCL
食用菌菌种管理办法			37		THUOCL
中央级事业单位国有资产管理暂行办法			36		THUOCL
仿制药品审批办法			36		THUOCL
优先采矿权			36		THUOCL
保障安全权			36		THUOCL
军事审判法			36		THUOCL
农村实用法律			36		THUOCL
动植物检疫徇私舞弊罪			36		THUOCL
北京市建筑节能管理规定			36		THUOCL
四级两审终审制			36		THUOCL
国务院体制改革办公室			36		THUOCL
地方国有资产监管工作指导监督暂行办法			36		THUOCL
奥东律师事务所			36		THUOCL
广东省职业介绍管理条例			36		THUOCL
废物进口环境保护管理暂行规定			36		THUOCL
当代世界法制			36		THUOCL
德恒高中谋杀档案			36		THUOCL
昆明市道路交通安全条例			36		THUOCL
期前追索权			36		THUOCL
机关岗位责任制			36		THUOCL
杂环类农药工业水污染物排放标准			36		THUOCL
核电站保险			36		THUOCL
死亡宣告撤销			36		THUOCL
法律和市场经济			36		THUOCL
海上财产			36		THUOCL
牛文军			36		THUOCL
票据收款人			36		THUOCL
秸秆禁烧和综合利用管理办法			36		THUOCL
第三人清偿			36		THUOCL
缘法而治			36		THUOCL
证券市场禁入制度			36		THUOCL
陆海空军刑法			36		THUOCL
集成电路知识产权条约			36		THUOCL
一级建造师注册实施办法			35		THUOCL
专利法条约			35		THUOCL
中华苏维埃共和国土地法			35		THUOCL
中国注册会计师法			35		THUOCL
中国证券业协会章程			35		THUOCL
代理房地产买卖			35		THUOCL
信用代码			35		THUOCL
内外资税率统一			35		THUOCL
北京市旅馆业治安管理规定			35		THUOCL
四川省道路运输管理条例			35		THUOCL
山东省黄河河道管理条例			35		THUOCL
山西省煤炭产量监控系统管理规定			35		THUOCL
招标出让国有土地使用权			35		THUOCL
新编中国刑法学			35		THUOCL
新译日本法规大全			35		THUOCL
最高人民检察院检务督察工作暂行规定			35		THUOCL
最高人民法院关于审理非法制造			35		THUOCL
有担保债权人			35		THUOCL
机动车车上人员责任保险			35		THUOCL
欧陆法系			35		THUOCL
汇票兑付			35		THUOCL
河北省奖励和保护见义勇为人员条例			35		THUOCL
洪范评论			35		THUOCL
电子版合同			35		THUOCL
美国电力市场			35		THUOCL
美术品经营管理办法			35		THUOCL
营业性道路运输驾驶员职业培训管理规定			35		THUOCL
著作权与邻接权			35		THUOCL
要式民事法律行为			35		THUOCL
资本市场有效原则			35		THUOCL
项目公司原则			35		THUOCL
中华人民共和国资源税暂行条例实施细则			34		THUOCL
中国作家协会章程			34		THUOCL
中国法学会比较法学研究会			34		THUOCL
代理席位			34		THUOCL
会计人员职权条例			34		THUOCL
侦监处			34		THUOCL
保险兼业代理合同			34		THUOCL
再保险公司设立规定			34		THUOCL
出境货物木质包装检疫处理管理办法			34		THUOCL
对席判决			34		THUOCL
执行调查令			34		THUOCL
报纸管理暂行规定			34		THUOCL
旅行社经理资格认证管理规定			34		THUOCL
普衡律师事务所			34		THUOCL
注册公用设备工程师执业资格考试实施办法			34		THUOCL
浙江省城市市容和环境卫生管理实施办法			34		THUOCL
浙江省最低生活保障办法			34		THUOCL
清理整顿公司领导小组			34		THUOCL
渔业用海			34		THUOCL
知识产权托管			34		THUOCL
社会互助制度			34		THUOCL
船舶保险单			34		THUOCL
行政事业单位资产核实			34		THUOCL
责任分散效应			34		THUOCL
长三角法学论坛			34		THUOCL
集体协商与集体合同			34		THUOCL
非债清偿			34		THUOCL
非法获取军事秘密罪			34		THUOCL
专利联营			33		THUOCL
中国银行业监督管理委员会行政处罚办法			33		THUOCL
中外合资经营企业合营期限暂行规定			33		THUOCL
亲生父亲或母亲			33		THUOCL
健康相关产品卫生行政许可程序			33		THUOCL
全国汽车运动管理规定			33		THUOCL
关于解决国家和他国国民之间投资争端公约			33		THUOCL
制止核恐怖主义行为国际公约			33		THUOCL
厦门大学海洋与环境学院			33		THUOCL
四川省生产经营单位安全生产责任规定			33		THUOCL
团体保险合同			33		THUOCL
国家公务员回避制度			33		THUOCL
国际道路运输管理规定			33		THUOCL
奉法者强则国强			33		THUOCL
委托购买合同			33		THUOCL
审判监督指导			33		THUOCL
山东省商品房销售管理条例			33		THUOCL
工业统计报表制度			33		THUOCL
广东省建设工程造价管理规定			33		THUOCL
建设用地审查报批管理办法			33		THUOCL
恒生指数期权			33		THUOCL
新闻舆论监督权			33		THUOCL
有偿法律行为			33		THUOCL
法律及其配套规定丛书			33		THUOCL
法规规章备案规定			33		THUOCL
清苑县公安局			33		THUOCL
港口经营管理规定			33		THUOCL
瑕疵给付			33		THUOCL
电力市场监管办法			33		THUOCL
电视管理暂行办法			33		THUOCL
罗马法与现代民法			33		THUOCL
股票升值权			33		THUOCL
行政没收			33		THUOCL
货币防伪			33		THUOCL
远期交割月份			33		THUOCL
阻碍执行军事职务罪			33		THUOCL
限制出口商品			33		THUOCL
非限制性债权			33		THUOCL
预防性拘留			33		THUOCL
高伟绅律师事务所			33		THUOCL
专利无效诉讼			32		THUOCL
专利申请权人			32		THUOCL
专利费用减缓办法			32		THUOCL
中医医院管理评价指南			32		THUOCL
中华人民共和国国家公务员法			32		THUOCL
中欧自由贸易区			32		THUOCL
交通违章违法行为			32		THUOCL
保险人说明义务			32		THUOCL
保险精算技术			32		THUOCL
偷越国边境罪			32		THUOCL
全民所有制工业企业厂长工作条例			32		THUOCL
兽药注册办法			32		THUOCL
出口产品反倾销案件应诉规定			32		THUOCL
北京重光律师事务所			32		THUOCL
医疗器械经营企业监督管理办法			32		THUOCL
卫生监督员管理办法			32		THUOCL
哈尔滨市养犬管理条例			32		THUOCL
城市公有房屋管理规定			32		THUOCL
外商投资企业授权登记管理办法			32		THUOCL
安全泊位			32		THUOCL
少数民族习惯法			32		THUOCL
巴特尔比			32		THUOCL
市场经济与法制建设			32		THUOCL
广东省档案管理规定			32		THUOCL
广东省突发公共卫生事件应急办法			32		THUOCL
建设工程施工发包承包价格			32		THUOCL
德意志联邦共和国民事诉讼法			32		THUOCL
房屋共有产权			32		THUOCL
推定过失责任			32		THUOCL
江苏省志愿服务条例			32		THUOCL
烟花爆竹生产企业安全生产许可证实施办法			32		THUOCL
破坏社会主义经济秩序罪			32		THUOCL
经济法规研究中心			32		THUOCL
董事会召开程序			32		THUOCL
诉中财产保全			32		THUOCL
诉前扣船			32		THUOCL
货物运输业营业税征收管理试行办法			32		THUOCL
起重机械安全监察规定			32		THUOCL
重庆市土地房屋权属登记条例			32		THUOCL
长沙市城市桥梁安全管理条例			32		THUOCL
三明市烟草专卖局			31		THUOCL
上海市个人信用征信管理试行办法			31		THUOCL
上海市展览业管理办法			31		THUOCL
事断于法			31		THUOCL
人民法院民事诉讼风险提示书			31		THUOCL
优楼频螺迦叶			31		THUOCL
北京市建设工程施工现场管理办法			31		THUOCL
哈尔滨市城镇基本医疗保险暂行办法			31		THUOCL
喜欢不是罪			31		THUOCL
国家城市建设总局			31		THUOCL
土地使用权出让底价			31		THUOCL
土地权属争议处理暂行办法			31		THUOCL
城镇经济适用住房建设管理办法			31		THUOCL
外国在华领事裁判权			31		THUOCL
委托创作作品			31		THUOCL
孙艺军			31		THUOCL
安徽省发展新型墙体材料条例			31		THUOCL
山东省黄河防汛条例			31		THUOCL
强制执行指导与参考			31		THUOCL
当代法哲学和法律理论导论			31		THUOCL
政治排斥			31		THUOCL
旅游安全管理暂行办法			31		THUOCL
林业行政处罚案件文书制作管理规定			31		THUOCL
模拟仲裁庭			31		THUOCL
死刑制度比较研究			31		THUOCL
法医学鉴定人			31		THUOCL
法律调整过程			31		THUOCL
湖南省植物保护条例			31		THUOCL
特别诉讼程序			31		THUOCL
独家购买协议			31		THUOCL
纽约市立大学皇后学院			31		THUOCL
职业道德和法律法规			31		THUOCL
船舶经营管理			31		THUOCL
节约能源管理暂行条例			31		THUOCL
赵虎林			31		THUOCL
非保险机构投资境外保险类企业管理办法			31		THUOCL
一经循公诉程序定罪			30		THUOCL
中华人民共和国加入世界贸易组织议定书			30		THUOCL
中国婚姻家庭及其变迁			30		THUOCL
事业单位财务管理制度			30		THUOCL
企业法人登记条例			30		THUOCL
全部履行法			30		THUOCL
内幕交易审裁处			30		THUOCL
医疗机构药品集中招标采购试点工作若干规定			30		THUOCL
千年回合			30		THUOCL
可再生能源建筑应用专项资金管理暂行办法			30		THUOCL
商用密码科研定点单位			30		THUOCL
四川省城市房屋拆迁管理条例			30		THUOCL
土地登记代理人职业资格制度暂行规定			30		THUOCL
城市公共交通车船乘坐规则			30		THUOCL
安徽省中小企业促进条例			30		THUOCL
实用国际贸易			30		THUOCL
广东省城市市容和环境卫生管理规定			30		THUOCL
延迟履行金			30		THUOCL
引诱未成年人聚众淫乱罪			30		THUOCL
承包土地权			30		THUOCL
放弃承包权			30		THUOCL
旅游法研究			30		THUOCL
有线电视管理暂行办法			30		THUOCL
杭州市生活饮用水源保护条例			30		THUOCL
江苏省涉案财产价格鉴证条例			30		THUOCL
法治论丛			30		THUOCL
湖南崇民律师事务所			30		THUOCL
物价管理制度			30		THUOCL
监督批评权			30		THUOCL
真正不作为犯			30		THUOCL
职工教育管理委员会			30		THUOCL
联合国裁军审议委员会			30		THUOCL
自保权			30		THUOCL
铁路行车事故处理规则			30		THUOCL
非根本性违约			30		THUOCL
高级魔药制备			30		THUOCL
默示授权			30		THUOCL
中医药继续教育规定			29		THUOCL
中华人民共和国与印度共和国联合声明			29		THUOCL
中华人民共和国尘肺病防治条例			29		THUOCL
中华人民共和国旅游法			29		THUOCL
中华人民共和国海关报关员执业管理办法			29		THUOCL
中华全国律师协会章程			29		THUOCL
中国国际商会仲裁院			29		THUOCL
中国红十字会募捐和接受捐赠工作条例			29		THUOCL
何谓法律			29		THUOCL
作业性违章			29		THUOCL
信息与计算机科学专业			29		THUOCL
农业企业经营管理学			29		THUOCL
农村公路改造工程管理办法			29		THUOCL
刑事案件律师			29		THUOCL
劳动新法			29		THUOCL
北京市国源律师事务所			29		THUOCL
协力义务			29		THUOCL
危险责任原则			29		THUOCL
发行中介机构			29		THUOCL
合理化建议和技术改进奖励条例			29		THUOCL
合约一方			29		THUOCL
商事代理法			29		THUOCL
壹刑			29		THUOCL
外国企业常驻代表机构登记管理办法			29		THUOCL
广东信德盛律师事务所			29		THUOCL
广东环宇京茂律师事务所			29		THUOCL
影子董事			29		THUOCL
律师制度与实务			29		THUOCL
成套机电产品			29		THUOCL
报关注册登记制度			29		THUOCL
政策性税收筹划			29		THUOCL
新加坡刑法			29		THUOCL
新屋开工及营建许可			29		THUOCL
日本专利法			29		THUOCL
日本新防卫大纲			29		THUOCL
普通高等学校教育评估暂行规定			29		THUOCL
机关档案工作条例			29		THUOCL
杭州市行业协会管理办法			29		THUOCL
林木采伐权			29		THUOCL
次给付义务			29		THUOCL
没有书面凭证			29		THUOCL
法律防火墙			29		THUOCL
流动人口计划生育管理和服务工作若干规定			29		THUOCL
流浪未成年人救助保护机构基本规范			29		THUOCL
浙江省企业信用信息征集和发布管理办法			29		THUOCL
浙江省经济适用住房管理办法			29		THUOCL
涉外人员守则			29		THUOCL
液体化学品运输船			29		THUOCL
深圳市义工服务条例			29		THUOCL
特定时段交易操纵			29		THUOCL
环境信访办法			29		THUOCL
环境影响评价工程师职业资格制度暂行规定			29		THUOCL
生产资料市场管理条例			29		THUOCL
资助恐怖活动罪			29		THUOCL
防雷工程专业资质管理办法			29		THUOCL
阻碍司法公正			29		THUOCL
集体私分国有资产罪			29		THUOCL
风险代理律师			29		THUOCL
默示废止			29		THUOCL
专利申请优先权			28		THUOCL
中国土地权利研究			28		THUOCL
伪造国家货币罪			28		THUOCL
全国和解令			28		THUOCL
兽用生物制品经营管理办法			28		THUOCL
农产品地理标志管理办法			28		THUOCL
出入境检验检疫报检员管理规定			28		THUOCL
刑法界定			28		THUOCL
加工承揽合同条例			28		THUOCL
印花税法案			28		THUOCL
参加优先股			28		THUOCL
可待因中毒			28		THUOCL
商改住			28		THUOCL
土地按揭			28		THUOCL
强制汽车责任保险法			28		THUOCL
房地产估价师执业资格考试实施办法			28		THUOCL
指使部属违反职责罪			28		THUOCL
挪用公款罪主体			28		THUOCL
放射性同位素与射线装置安全许可管理办法			28		THUOCL
无效婚姻和可撤销婚姻制度			28		THUOCL
期后追索权			28		THUOCL
杭州市历史文化街区和历史建筑保护条例			28		THUOCL
沿海船舶边防治安管理规定			28		THUOCL
法制浙江			28		THUOCL
海事国际私法			28		THUOCL
窃照专用器材罪			28		THUOCL
统计执法检查规定			28		THUOCL
聚众持械劫狱罪			28		THUOCL
英法协约			28		THUOCL
走私普通货物物品罪			28		THUOCL
重大疾病保险理赔			28		THUOCL
专利申请实施许可合同			27		THUOCL
交强险赔偿范围			27		THUOCL
产品局部欺诈			27		THUOCL
以卑犯尊			27		THUOCL
保险公司营销服务部			27		THUOCL
公务员辞职辞退制度			27		THUOCL
公路工程质量监督规定			27		THUOCL
可分之债			27		THUOCL
四川省政务服务监督管理办法			27		THUOCL
外国律师事务所驻华代表机构管理条例			27		THUOCL
完全民事行为人			27		THUOCL
完全过失责任制			27		THUOCL
广东省国家公务员录用实施办法			27		THUOCL
广东省物价局旅游价格管理办法			27		THUOCL
广播电视有线数字付费频道业务管理暂行办法			27		THUOCL
建设项目环境影响评价资格证书管理办法			27		THUOCL
新莽钱			27		THUOCL
普通高等学校新生学籍电子注册暂行办法			27		THUOCL
有偿占有			27		THUOCL
民事侵权构成要件			27		THUOCL
民事决定书			27		THUOCL
水权流转			27		THUOCL
江苏省公共场所治安管理条例			27		THUOCL
沈阳市城市绿地保护规定			27		THUOCL
法律文盲			27		THUOCL
浙江省社会保险费征缴办法			27		THUOCL
海关关务公开办法			27		THUOCL
海口市秀英区人民法院			27		THUOCL
牡丹海航国际信用卡			27		THUOCL
物业管理委托合同示范文本			27		THUOCL
电信建设管理办法			27		THUOCL
罚未遂			27		THUOCL
群众性文化体育活动治安管理办法			27		THUOCL
舟山市发展和改革委员会			27		THUOCL
萧何定律			27		THUOCL
贺梅法案			27		THUOCL
越权无效原则			27		THUOCL
辩护要点			27		THUOCL
上海市突发公共事件总体应急预案			26		THUOCL
专利申请号标准			26		THUOCL
中华人民共和国内河避碰规则			26		THUOCL
中华人民共和国民用核设施安全监督管理条例			26		THUOCL
中国保监会行政许可事项实施规程			26		THUOCL
中国家族法原理			26		THUOCL
互联网药品信息服务管理暂行规定			26		THUOCL
企业法律顾问执业资格制度暂行规定			26		THUOCL
保险营销员诚信记录管理办法			26		THUOCL
养殖合同书			26		THUOCL
刑事审判模式			26		THUOCL
劳动就业服务企业管理规定			26		THUOCL
北京市闲置土地处理办法			26		THUOCL
危险故意			26		THUOCL
同居财产			26		THUOCL
商标专用权质押合同			26		THUOCL
器材管理制度			26		THUOCL
国务院扶贫开发办			26		THUOCL
国家自然科学基金项目管理规定			26		THUOCL
国有保险机构重大案件领导责任追究试行办法			26		THUOCL
国际商务专业人员职业资格制度暂行规定			26		THUOCL
国际航班载运人员信息预报实施办法			26		THUOCL
城市供水企业资质管理规定			26		THUOCL
委托授权行为			26		THUOCL
媒介暴力			26		THUOCL
山东省残疾人优惠扶持规定			26		THUOCL
广发律师事务所			26		THUOCL
德意志帝国宪法			26		THUOCL
性别与法律			26		THUOCL
恶意欠薪罪			26		THUOCL
意志刑法			26		THUOCL
改订商律草案			26		THUOCL
新员工指导人制度			26		THUOCL
新昌县司法局			26		THUOCL
新编军队法律服务手册			26		THUOCL
最新商务文书写作全编			26		THUOCL
森林采伐更新管理办法			26		THUOCL
民事诉讼程序公约			26		THUOCL
水产资源繁殖保护条例			26		THUOCL
江西省促进发展新型墙体材料条例			26		THUOCL
河南省进城务工人员权益保护条例			26		THUOCL
法理学论丛			26		THUOCL
浙江省公路养路费征收管理条例			26		THUOCL
浙江省城镇体系规划			26		THUOCL
浙江省陆生野生动物保护条例			26		THUOCL
消费者监督权			26		THUOCL
渤海生物资源养护规定			26		THUOCL
澳门报告			26		THUOCL
盗贼重法			26		THUOCL
直接加害人			26		THUOCL
空间效力范围			26		THUOCL
药品质量监督抽验管理规定			26		THUOCL
要约效力			26		THUOCL
让路船			26		THUOCL
财政检查工作办法			26		THUOCL
违法拘禁			26		THUOCL
金融远期合约			26		THUOCL
销售侵权作品			26		THUOCL
一支黑玫瑰			25		THUOCL
中华人民共和国耕地占用税暂行条例实施细则			25		THUOCL
中华人民共和国进口货物许可制度暂行条例			25		THUOCL
产品责任法律适用公约			25		THUOCL
侵犯少数民族风俗习惯罪			25		THUOCL
保险统计管理暂行规定			25		THUOCL
共谋共同正犯			25		THUOCL
医师资格考试违规处理规定			25		THUOCL
南昌市城镇国有土地使用权出让和转让办法			25		THUOCL
哈尔滨市生猪饲养屠宰检疫销售管理条例			25		THUOCL
唐朝官制			25		THUOCL
四川省全民健身条例			25		THUOCL
国际货物买卖统一法公约			25		THUOCL
在京中央国家机关用地土地登记办法			25		THUOCL
宁波市预防职务犯罪条例			25		THUOCL
广东省海域使用管理条例			25		THUOCL
广州市骨灰管理实施办法			25		THUOCL
建设项目环境影响评价文件分级审批规定			25		THUOCL
战时造谣惑众罪			25		THUOCL
推拿功法学			25		THUOCL
无人继承遗产			25		THUOCL
本顿维尔监狱			25		THUOCL
杭州市西湖龙井茶基地保护条例			25		THUOCL
武汉市住宅区物业管理条例			25		THUOCL
沈阳市地上不可移动文物和地下文物保护条例			25		THUOCL
河北子辰律师事务所			25		THUOCL
法学专业英语教程			25		THUOCL
海事诉讼时效制度			25		THUOCL
深圳市公用事业特许经营条例			25		THUOCL
清华法律评论			25		THUOCL
爆炸危险场所安全规定			25		THUOCL
现金储备账户			25		THUOCL
电信用户申诉处理暂行办法			25		THUOCL
石家庄市城市房屋拆迁管理实施办法			25		THUOCL
精神错乱辩护			25		THUOCL
美国法律辞典			25		THUOCL
行政即时强制			25		THUOCL
行政强制程序			25		THUOCL
证券公司财务制度			25		THUOCL
迁出通知书			25		THUOCL
逃避商检罪			25		THUOCL
配偶赡养费			25		THUOCL
重大选题备案制			25		THUOCL
非法占有罪			25		THUOCL
高等学校教职工代表大会暂行条例			25		THUOCL
黑龙江省种子管理局			25		THUOCL
不真正不作为犯			24		THUOCL
中华人民共和国测量标志保护条例			24		THUOCL
中华人民共和国电信法			24		THUOCL
中国公用计算机互联网国际联网管理办法			24		THUOCL
中国工商银行办公室			24		THUOCL
中国银行业自律公约			24		THUOCL
中间判决			24		THUOCL
互联网站管理工作细则			24		THUOCL
产权设定			24		THUOCL
侵权责任法研究			24		THUOCL
俄克拉荷马爆炸案			24		THUOCL
保险公司投资债券			24		THUOCL
保险合同生效期			24		THUOCL
债券托管结算业务			24		THUOCL
全面摊薄每股盈利			24		THUOCL
养殖水面使用权			24		THUOCL
出国人员婚姻登记管理办法			24		THUOCL
北京市门头沟区人民检察院			24		THUOCL
医疗机构执业资格			24		THUOCL
协议交割			24		THUOCL
取缔非法民间组织暂行办法			24		THUOCL
受托保管人			24		THUOCL
吉林市昌邑区人民法院			24		THUOCL
吉林省药品监督管理条例			24		THUOCL
哈尔滨市物业管理规定			24		THUOCL
国内经济公证			24		THUOCL
国家副食品质量监督检验中心			24		THUOCL
外资金融机构驻华代表机构管理办法			24		THUOCL
如东县国土资源局			24		THUOCL
委任性规范			24		THUOCL
委任统治权			24		THUOCL
娱乐场幸运博彩经营法律制度			24		THUOCL
山西省企业权益保护条例			24		THUOCL
开明英文文法			24		THUOCL
成都市非机动车管理规定			24		THUOCL
指定承接			24		THUOCL
探矿权采矿权评估管理暂行办法			24		THUOCL
新闻出版统计管理办法			24		THUOCL
普鲁士普通邦法			24		THUOCL
死者遗产继承法律适用公约			24		THUOCL
民用航空器融资租赁			24		THUOCL
法律与社会规范			24		THUOCL
法律小全书			24		THUOCL
法律移植与法律文化			24		THUOCL
法律英语写作			24		THUOCL
浙江省全民健身条例			24		THUOCL
浙江省渔业管理条例			24		THUOCL
浙江省统计工作监督管理条例			24		THUOCL
海南经济特区土地管理条例			24		THUOCL
港口工程竣工验收办法			24		THUOCL
物流信息系统规划			24		THUOCL
电力企业信息报送规定			24		THUOCL
维护尊严权			24		THUOCL
职业卫生技术服务机构管理办法			24		THUOCL
自发辩证法			24		THUOCL
苏州市阳澄湖水源水质保护条例			24		THUOCL
莫小莎			24		THUOCL
证券结算风险基金管理暂行办法			24		THUOCL
车上座位责任险			24		THUOCL
远期交货合同			24		THUOCL
郑州市限制养犬条例			24		THUOCL
默示担保义务			24		THUOCL
一级漏电			23		THUOCL
上海市集体用餐配送监督管理办法			23		THUOCL
不作为债务			23		THUOCL
专利流氓			23		THUOCL
中华人民共和国国家货币出入境管理办法			23		THUOCL
中华人民共和国海关进出口货物申报管理规定			23		THUOCL
中国共产党军队委员会工作条例			23		THUOCL
乌尔纳木法典			23		THUOCL
企业法人年度检验办法			23		THUOCL
优良种畜登记规则			23		THUOCL
偷税漏税罪			23		THUOCL
劳动防护用品管理规定			23		THUOCL
医女制度			23		THUOCL
团队为赢			23		THUOCL
国家核应急预案			23		THUOCL
国际电信公约			23		THUOCL
土地转让过户			23		THUOCL
地方人民检察院			23		THUOCL
婚姻家庭继承法学			23		THUOCL
安全生产事故罪			23		THUOCL
广东省地方立法条例			23		THUOCL
广州市商品住宅建设项目验收管理办法			23		THUOCL
广播电视站审批管理暂行规定			23		THUOCL
建筑抗震鉴定与加固技术规程			23		THUOCL
弃权与禁止反言			23		THUOCL
律师事务所收费程序规则			23		THUOCL
息工待岗			23		THUOCL
接送不合格兵员罪			23		THUOCL
教师职称评定制度			23		THUOCL
新化学物质环境管理办法			23		THUOCL
新闻道德与法规			23		THUOCL
无现金行权			23		THUOCL
民事责任构成要件			23		THUOCL
河北省城市房屋拆迁管理实施办法			23		THUOCL
涉外民事关系法律适用法			23		THUOCL
理解价值定价法			23		THUOCL
申请设立企业集团财务公司操作规程			23		THUOCL
电力企业信息披露规定			23		THUOCL
疫苗储存和运输管理规范			23		THUOCL
百度邮件新闻订阅			23		THUOCL
矿产资源登记统计管理办法			23		THUOCL
税收救济法			23		THUOCL
简单权益法			23		THUOCL
经营性公路建设项目投资人招标投标管理规定			23		THUOCL
行政事业单位资产核实暂行办法			23		THUOCL
财经法规与会计职业道德考试大纲			23		THUOCL
进口药材管理办法			23		THUOCL
违约行为形态			23		THUOCL
重法地法			23		THUOCL
金融企业呆账损失税前扣除管理办法			23		THUOCL
雇佣童工从事危重劳动罪			23		THUOCL
不要式法律行为			22		THUOCL
世界人权约法总览			22		THUOCL
中华人民共和国海关关务公开办法			22		THUOCL
中华人民共和国知识产权法			22		THUOCL
企业动产抵押物登记管理办法			22		THUOCL
优抚安置制度			22		THUOCL
会计职业判断能力			22		THUOCL
保健食品样品试制和试验现场核查规定			22		THUOCL
八千云月			22		THUOCL
关于战时保护平民之日内瓦公约			22		THUOCL
出国举办经济贸易展览会审批管理办法			22		THUOCL
刑法一本通			22		THUOCL
加入世界贸易组织法规文件汇编			22		THUOCL
劳动争议仲裁当事人			22		THUOCL
医疗机构临床实验室管理办法			22		THUOCL
后现代法学思潮			22		THUOCL
因特网服务提供者			22		THUOCL
国家地毯质量监督检验中心			22		THUOCL
国际产品责任法			22		THUOCL
大型群众性活动重大安全事故罪			22		THUOCL
安徽省蚕种管理条例			22		THUOCL
宿迁市宿城区人民法院			22		THUOCL
山东省信访规定			22		THUOCL
广东省企业和企业经营者权益保护条例			22		THUOCL
广东省医疗废物管理条例			22		THUOCL
广安市工商行政管理局			22		THUOCL
广州市农药管理规定			22		THUOCL
应诉管辖			22		THUOCL
建设项目选址规划管理办法			22		THUOCL
扣额法			22		THUOCL
指定辩护制度			22		THUOCL
故意损毁名胜古迹罪			22		THUOCL
新闻法规与新闻职业道德			22		THUOCL
旅游资源保护暂行办法			22		THUOCL
权利耗尽原则			22		THUOCL
村镇银行组建审批工作指引			22		THUOCL
武汉市湖泊保护条例			22		THUOCL
毒品犯罪研究			22		THUOCL
浙江省城市房屋产权产籍管理条例			22		THUOCL
湖南湘剑律师事务所			22		THUOCL
现货库存认证			22		THUOCL
用本民族语言进行诉讼			22		THUOCL
票据承兑人			22		THUOCL
禁用标志			22		THUOCL
经营判断规则			22		THUOCL
职业安全和卫生及工作环境公约			22		THUOCL
舱口围板			22		THUOCL
蔺存宝			22		THUOCL
西方马克思主义法学			22		THUOCL
解读最高人民法院司法解释			22		THUOCL
诉愿权			22		THUOCL
诉讼保险制度			22		THUOCL
辽宁鑫诺律师事务所			22		THUOCL
道路交通事故现场勘查			22		THUOCL
重要商品和服务价格成本监审暂行办法			22		THUOCL
一级漏电保护			21		THUOCL
上海市建设工程材料管理条例			21		THUOCL
不动产信用控制			21		THUOCL
中华人民共和国常用法律大全			21		THUOCL
中华人民共和国质量技术监督法规汇编			21		THUOCL
中华民国鄂州约法			21		THUOCL
中国人民解放军军事训练条例			21		THUOCL
中青年法学文库			21		THUOCL
产地标记权			21		THUOCL
企业登记公示制度			21		THUOCL
侵权行为自体法			21		THUOCL
保险业信息系统灾难恢复管理指引			21		THUOCL
假冒他人专利罪			21		THUOCL
公务员禁酒令			21		THUOCL
公益信托监察人			21		THUOCL
北京市节约用水若干规定			21		THUOCL
协作型联营			21		THUOCL
南京德本律师事务所			21		THUOCL
卢森堡议会			21		THUOCL
印刷品承印管理规定			21		THUOCL
发行放映权			21		THUOCL
吸收客户资金不入账罪			21		THUOCL
国内水路运输经营资质管理规定			21		THUOCL
国内运营权			21		THUOCL
国家编制委员会			21		THUOCL
城市动物园管理规定			21		THUOCL
夫妻财产约定协议公证			21		THUOCL
完全债权			21		THUOCL
封闭贷款管理暂行办法			21		THUOCL
山东文康律师事务所			21		THUOCL
广东星凯律师事务所			21		THUOCL
广东省湿地保护条例			21		THUOCL
广东省行政效能监察工作暂行办法			21		THUOCL
强制继续履行			21		THUOCL
御成败式目			21		THUOCL
性买卖特别法			21		THUOCL
成都市犬只管理办法			21		THUOCL
或有要求权			21		THUOCL
拍卖监督管理暂行办法			21		THUOCL
文职干部制度			21		THUOCL
时效公约			21		THUOCL
普通高级中学收费管理暂行办法			21		THUOCL
武汉市旅游条例			21		THUOCL
民事诉讼制度改革研究			21		THUOCL
民用航空运输销售代理业管理规定			21		THUOCL
永久性职位			21		THUOCL
法人配售发行方式指引			21		THUOCL
法律文本翻译			21		THUOCL
激冷效应			21		THUOCL
特别检察厅副厅长			21		THUOCL
特定物之债			21		THUOCL
甘肃省石羊河流域水资源管理条例			21		THUOCL
电力业务许可证制度			21		THUOCL
电网运行规则			21		THUOCL
胡文坚			21		THUOCL
能源供应合同			21		THUOCL
英国刑事诉讼程序			21		THUOCL
著作权国际公约			21		THUOCL
行政终局裁决行为			21		THUOCL
许诺销售权			21		THUOCL
诉讼制度改革研究			21		THUOCL
谢尔曼法案			21		THUOCL
贵州省高新技术产业发展条例			21		THUOCL
进出口商品检验制度			21		THUOCL
进出口税则商品及品目注释			21		THUOCL
重播权			21		THUOCL
金融企业国有资本保值增值结果确认暂行办法			21		THUOCL
黑龙江省农村劳动力转移办法			21		THUOCL
一次指数平滑法			20		THUOCL
世界文化遗产保护管理办法			20		THUOCL
丢失枪支不报罪			20		THUOCL
中华人民共和国村委会组织法			20		THUOCL
中国违宪审查制度			20		THUOCL
中国银行业维权公约			20		THUOCL
乡镇联营企业暂行规定			20		THUOCL
产权交易信息发布			20		THUOCL
亮证执法制度			20		THUOCL
代为给付			20		THUOCL
仲裁第三人制度			20		THUOCL
伤残抚恤管理办法			20		THUOCL
作品自愿登记试行办法			20		THUOCL
保函效力			20		THUOCL
保险业重大突发事件应急处理规定			20		THUOCL
债务协定			20		THUOCL
债务履行辅助人			20		THUOCL
全球企业法律顾问协会			20		THUOCL
公路工程施工监理招标投标管理办法			20		THUOCL
农业野生植物保护办法			20		THUOCL
分舱单			20		THUOCL
北京市大型社会活动安全检查办法			20		THUOCL
危险驾驶罪			20		THUOCL
厦门市城市房屋拆迁管理规定			20		THUOCL
商业判断原则			20		THUOCL
四川省保护和奖励见义勇为条例			20		THUOCL
四川省反不正当竞争条例			20		THUOCL
四川省天然林保护条例			20		THUOCL
国共停战协定			20		THUOCL
国家社会科学基金项目管理办法			20		THUOCL
国家通信保障应急预案			20		THUOCL
土木工程合同管理			20		THUOCL
地方分权制度			20		THUOCL
大陆法国家民法典研究			20		THUOCL
天津站地区综合管理规定			20		THUOCL
委托买卖契约			20		THUOCL
宁波市医疗纠纷预防与处置暂行办法			20		THUOCL
富危机			20		THUOCL
对价制度			20		THUOCL
布鲁厄姆勋爵			20		THUOCL
常业犯			20		THUOCL
平衡合拢			20		THUOCL
广东省农村集体经济组织管理规定			20		THUOCL
广东省民营科技企业管理条例			20		THUOCL
广告服务明码标价规定			20		THUOCL
广播电视节目制作经营管理规定			20		THUOCL
广西壮族自治区烟草专卖管理条例			20		THUOCL
建设工程抗震设防要求管理规定			20		THUOCL
弱势群体法律援助			20		THUOCL
改善战地武装部队伤者病者境遇之日内瓦公约			20		THUOCL
政治犯不引渡原则			20		THUOCL
无形财产权制度研究			20		THUOCL
未注册商标权			20		THUOCL
机械复制权			20		THUOCL
武汉市企业和企业经营者权益保护条例			20		THUOCL
民事习惯调查报告录			20		THUOCL
江苏省价格管理监督条例			20		THUOCL
浙江省专利保护条例			20		THUOCL
浙江省导游人员管理办法			20		THUOCL
浙江腾飞金鹰律师事务所			20		THUOCL
湖南省农业综合开发条例			20		THUOCL
煤矿安全监察行政复议规定			20		THUOCL
物业转移税			20		THUOCL
电工入网证			20		THUOCL
社团产权			20		THUOCL
精神障碍与犯罪			20		THUOCL
绝对不定期刑			20		THUOCL
美国联邦最高法院判例			20		THUOCL
翡翠分级标准			20		THUOCL
节约用水制度			20		THUOCL
葡萄酒分级制度			20		THUOCL
规模经济学			20		THUOCL
诉前财产保全申请书			20		THUOCL
调处息讼			20		THUOCL
陕西省红十字医院			20		THUOCL
隆林各族自治县公安局			20		THUOCL
零售药店设置暂行规定			20		THUOCL
需与乙方			20		THUOCL
飞越权			20		THUOCL
食盐价格管理办法			20		THUOCL
三方责任事故			19		THUOCL
上海市股份合作制企业暂行办法			19		THUOCL
不可避免披露原则			19		THUOCL
中华人民共和国进出口动植物检疫条例			19		THUOCL
中国人民解放军共青团工作条例			19		THUOCL
中国金融期货交易所套期保值管理办法			19		THUOCL
中药材生产质量管理规范认证管理办法			19		THUOCL
为第三人利益合同			19		THUOCL
主要污染物减排专项资金管理暂行办法			19		THUOCL
产品侵权行为			19		THUOCL
从传统到近代			19		THUOCL
价格统计制度			19		THUOCL
优者危险负担原则			19		THUOCL
促进与保护投资协定			19		THUOCL
全国银行间债券市场债券远期交易管理规定			19		THUOCL
农产品贸易规则			19		THUOCL
农作物种子检验员考核管理办法			19		THUOCL
减持之路			19		THUOCL
出售非法制造发票罪			19		THUOCL
出版专业人员职务试行条例			19		THUOCL
前郭县财政局			19		THUOCL
北京市宝鼎律师事务所			19		THUOCL
北京市电梯安全监督管理办法			19		THUOCL
华贸硅谷律师事务所			19		THUOCL
南京市渔业资源保护条例			19		THUOCL
厩苑律			19		THUOCL
国家现金管理制度			19		THUOCL
国际商务专业人员职业资格考试实施办法			19		THUOCL
地理标志产品专用标志管理办法			19		THUOCL
城镇体系规划编制审批办法			19		THUOCL
学位授予法			19		THUOCL
安徽省各级人民代表大会常务委员会监督条例			19		THUOCL
广东省农业机械管理条例			19		THUOCL
废罢诉权			19		THUOCL
感染性精神病			19		THUOCL
招标投标部际协调机制暂行办法			19		THUOCL
拟中标单位			19		THUOCL
指令回避			19		THUOCL
控告式诉讼			19		THUOCL
放弃重复侵害行为			19		THUOCL
无效保险合同			19		THUOCL
替代市场法			19		THUOCL
有偿收回土地使用权			19		THUOCL
杭州市蔬菜农药残留监督管理条例			19		THUOCL
栖霞市国土资源局			19		THUOCL
森林法院			19		THUOCL
民商审判简明手册			19		THUOCL
污染源自动监控设施运行管理办法			19		THUOCL
沈阳市建筑工程保修条例			19		THUOCL
法律推理与政治冲突			19		THUOCL
法律英语教程			19		THUOCL
浙江省国家档案馆管理办法			19		THUOCL
浙江省流动人口计划生育管理办法			19		THUOCL
深圳市文化产业促进条例			19		THUOCL
湖南唯楚律师事务所			19		THUOCL
白鹿洞规			19		THUOCL
矫正社会工作			19		THUOCL
税务尽职调查			19		THUOCL
美国宪法第一章			19		THUOCL
能源管理法			19		THUOCL
苏州市集贸市场管理条例			19		THUOCL
药品招标代理机构资格认定及监督管理办法			19		THUOCL
莫桑比克共和国议会			19		THUOCL
行政复议法学			19		THUOCL
装帧流通人民币管理办法			19		THUOCL
西安市沙坡地区人民检察院			19		THUOCL
证券公司检查办法			19		THUOCL
评估报告法			19		THUOCL
郑州市嵩山古建筑群保护管理规定			19		THUOCL
陈朝璧			19		THUOCL
院落整治			19		THUOCL
马拉雅拉姆语			19		THUOCL
上海合作组织特权与豁免公约			18		THUOCL
上海市产权交易市场管理办法			18		THUOCL
不确定性经济学			18		THUOCL
个人恐怖犯罪			18		THUOCL
中华人民共和国海关对进出境快件监管办法			18		THUOCL
中华人民共和国渔港水域交通安全管理条例			18		THUOCL
中华人民共和国税收管理法			18		THUOCL
中国农民权益保护			18		THUOCL
中国战争电影史			18		THUOCL
中国药事法			18		THUOCL
人民防空工程建设管理规定			18		THUOCL
企业财产保险合同			18		THUOCL
会计师事务所执业质量检查制度			18		THUOCL
伪造有价证券罪			18		THUOCL
信息无障碍法规			18		THUOCL
信息系统工程监理单位资质管理办法			18		THUOCL
冒险借贷			18		THUOCL
军事法规军事规章条例			18		THUOCL
加强企业管理领导小组			18		THUOCL
加拿大刑事法典			18		THUOCL
动物致害责任			18		THUOCL
医疗机构校验管理办法			18		THUOCL
协议外资金额			18		THUOCL
反对劫持人质国际公约			18		THUOCL
合伙共有财产			18		THUOCL
合肥市优化投资环境条例			18		THUOCL
吉林省城市供热条例			18		THUOCL
商业银行柜台记账式国债交易管理办法			18		THUOCL
商业银行设立同城营业网点管理办法			18		THUOCL
商标使用不当			18		THUOCL
四平市公安局铁西分局			18		THUOCL
国家职权主义			18		THUOCL
国际习惯做法			18		THUOCL
国际托管制度			18		THUOCL
国际纺织品贸易协定			18		THUOCL
土地定着物			18		THUOCL
城市规划行政处罚			18		THUOCL
大陆居民与台湾居民婚姻登记管理暂行办法			18		THUOCL
天津市大港区人民法院			18		THUOCL
天津市消防安全责任制规定			18		THUOCL
夫妻共同所有财产			18		THUOCL
媒体与司法关系研究			18		THUOCL
审计署京津冀特派员办事处			18		THUOCL
小石城事件			18		THUOCL
山东省土地登记条例			18		THUOCL
市场主体规制法			18		THUOCL
常用法律新编			18		THUOCL
平行开发制			18		THUOCL
延边朝鲜族自治州安全生产条例			18		THUOCL
德国专利法			18		THUOCL
德国新债法			18		THUOCL
或裁或审制度			18		THUOCL
房地产权初始登记			18		THUOCL
指示收货人			18		THUOCL
按份债权人			18		THUOCL
文化市场行政执法管理办法			18		THUOCL
新康德主义法学			18		THUOCL
有产与无产			18		THUOCL
有效关税保护率			18		THUOCL
模拟民事审判庭			18		THUOCL
模拟法庭训练			18		THUOCL
民事裁判方法			18		THUOCL
民商法在职研究生			18		THUOCL
河北省义务植树条例			18		THUOCL
浙江省招标投标条例			18		THUOCL
海洋石油安全生产规定			18		THUOCL
港口危险货物管理规定			18		THUOCL
电力安全生产监管办法			18		THUOCL
电脑技术人员职业责任保险			18		THUOCL
石家庄市再生资源回收利用管理条例			18		THUOCL
禁止并惩治种族隔离罪行国际公约			18		THUOCL
种族血缘			18		THUOCL
空头转帐支票			18		THUOCL
第六次全国人口普查			18		THUOCL
统计监督职能			18		THUOCL
联邦成员法			18		THUOCL
苏州市公墓管理办法			18		THUOCL
行政单位财务管理			18		THUOCL
西宁市城西区人民检察院			18		THUOCL
进出口商品复验办法			18		THUOCL
进口废物原料装运前检验			18		THUOCL
违规出具金融票证罪			18		THUOCL
郑州大学法学专业			18		THUOCL
郑州市市区暂住人口登记办法			18		THUOCL
长臂管辖权			18		THUOCL
陕西省规范性文件监督管理办法			18		THUOCL
非诉讼时效			18		THUOCL
专利发展战略研究			17		THUOCL
东坡先生墓志铭			17		THUOCL
中华人民共和国私营企业暂行条例施行办法			17		THUOCL
中国互联网网络版权自律公约			17		THUOCL
中国人民共和国证券投资基金法			17		THUOCL
从民事法律行为			17		THUOCL
仲裁协议效力异议			17		THUOCL
价值分析业务			17		THUOCL
企业效绩评价操作细则			17		THUOCL
依法治藏			17		THUOCL
全部成本计算制度			17		THUOCL
公务员调任规定			17		THUOCL
刑事法判解研究			17		THUOCL
刑法适用范围			17		THUOCL
北京市民用运力国防动员办法			17		THUOCL
北京市生活饮用水卫生监督管理条例			17		THUOCL
医患协商			17		THUOCL
协议出让国有土地使用权最低价确定办法			17		THUOCL
南锥体共同市场			17		THUOCL
卡尔斯巴德决议			17		THUOCL
参汉酌金			17		THUOCL
商标禁止权			17		THUOCL
国家城市湿地公园管理办法			17		THUOCL
国家重点风景名胜区标志			17		THUOCL
国际商事合同法			17		THUOCL
国际植物命名法规			17		THUOCL
地震安全性评价资质管理办法			17		THUOCL
境内机构对外担保管理办法实施细则			17		THUOCL
外国医师来华短期行医暂行管理办法			17		THUOCL
大小非征税			17		THUOCL
宁波市征收集体所有土地房屋拆迁条例			17		THUOCL
宁波市爱国卫生条例			17		THUOCL
安徽省地方志工作条例			17		THUOCL
家庭责任观			17		THUOCL
射倖合同			17		THUOCL
小企业会计准则			17		THUOCL
小木屋生活丛书			17		THUOCL
山东省劳动力市场管理条例			17		THUOCL
山西省竞技体育人才培养和退役安置办法			17		THUOCL
工程项目管理暂行办法			17		THUOCL
广告法律制度			17		THUOCL
广州市公安局法制处			17		THUOCL
广西壮族自治区车用乙醇汽油管理暂行办法			17		THUOCL
德保县公安局			17		THUOCL
房地产项目开发程序			17		THUOCL
按摩治疗常见病			17		THUOCL
教会法大全			17		THUOCL
欧盟知识产权法			17		THUOCL
民事诉讼法学新编			17		THUOCL
江苏省公路条例			17		THUOCL
江苏省太湖风景名胜区条例			17		THUOCL
法官职业化建设指导与研究			17		THUOCL
法庭语言技巧			17		THUOCL
法规汇编编辑出版管理规定			17		THUOCL
浙江省行政事业性收费管理条例			17		THUOCL
深圳经济特区公民无偿献血及血液管理条例			17		THUOCL
渔业资源增殖保护费征收使用办法			17		THUOCL
煤矿隐患排查和整顿关闭实施办法			17		THUOCL
特种作业人员安全技术培训考核管理规定			17		THUOCL
环境资源法论丛			17		THUOCL
结核病防治管理办法			17		THUOCL
美国犯罪现场鉴			17		THUOCL
职称英语考试政策			17		THUOCL
股份有限公司土地使用权管理暂行规定			17		THUOCL
股权典当			17		THUOCL
营口市劳动和社会保障局			17		THUOCL
表决权回避制度			17		THUOCL
财产保险基本险条款			17		THUOCL
资源保护和回收法			17		THUOCL
辽宁省散居少数民族权益保障条例			17		THUOCL
运六歇一			17		THUOCL
进口药材抽样规定			17		THUOCL
采矿权注销			17		THUOCL
银团贷款暂行办法			17		THUOCL
铺设海底电缆管道管理规定			17		THUOCL
锯木机杀妻案			17		THUOCL
附会汉法			17		THUOCL
陈锦红			17		THUOCL
非固有权			17		THUOCL
饲料产品认证管理办法			17		THUOCL
黑龙江省绿色食品管理条例			17		THUOCL
不作为犯研究			16		THUOCL
世界法律日			16		THUOCL
世界贸易组织国际贸易纠纷案例评析			16		THUOCL
中国与毗邻国边民婚姻登记管理试行办法			16		THUOCL
中等职业学校国家助学金申请指南			16		THUOCL
仿印邮票图案管理办法			16		THUOCL
会展法规			16		THUOCL
俄罗斯联邦外国公民法律地位法			16		THUOCL
债权形式主义物权变动模式			16		THUOCL
出版物印刷管理规			16		THUOCL
厦门科宏眼科医院			16		THUOCL
古建筑消防管理规则			16		THUOCL
台湾同胞投资企业协会管理暂行办法			16		THUOCL
合同自体法			16		THUOCL
和谐与法治			16		THUOCL
商业信贷风险			16		THUOCL
商标仿冒			16		THUOCL
四川省旅游执法总队			16		THUOCL
国家以工代赈管理办法			16		THUOCL
国际许可证协议			16		THUOCL
国际货币法			16		THUOCL
城建监察规定			16		THUOCL
外专外语			16		THUOCL
外贸代理制度			16		THUOCL
天津市青年志愿服务条例			16		THUOCL
安徽省行政执法责任追究暂行办法			16		THUOCL
山东省工程造价专业人员业务水平等级证书			16		THUOCL
市场从业员			16		THUOCL
广东东方星联律师事务所			16		THUOCL
广东省公安厅警务飞行队			16		THUOCL
广东省河道堤防管理条例			16		THUOCL
广东省流动人员劳动就业管理条例			16		THUOCL
广州市公共汽车电车行业管理考评办法			16		THUOCL
广州市老年人优待办法			16		THUOCL
开发建设项目水土保持设施验收管理办法			16		THUOCL
开平非法批地案			16		THUOCL
成都市食品添加剂管理办法			16		THUOCL
排污费征收工作稽查办法			16		THUOCL
控制现金投放			16		THUOCL
控辩平等对抗			16		THUOCL
改革企业体制			16		THUOCL
政府采购运行规程暂行规定			16		THUOCL
新兽药研制管理办法			16		THUOCL
新安县法院			16		THUOCL
新闻出版保密规定			16		THUOCL
权利文件			16		THUOCL
杭州市住宅工程质量分户检验管理暂行规定			16		THUOCL
模范刑事诉讼法典			16		THUOCL
武器事典			16		THUOCL
民事行政检察指导与研究			16		THUOCL
民用建筑供热计量管理办法			16		THUOCL
水政监察工作章程			16		THUOCL
江西省南昌市东湖区人民法院			16		THUOCL
河北马倍战律师事务所			16		THUOCL
法律进家家家安			16		THUOCL
海关关衔标志式样和佩带办法			16		THUOCL
湖南省城镇蔬菜基地管理条例			16		THUOCL
特定行政行为			16		THUOCL
特鲁瓦条约			16		THUOCL
甘肃政法成人教育学院学报			16		THUOCL
矿业权利			16		THUOCL
矿产资源储量评审认定办法			16		THUOCL
票面价额			16		THUOCL
移植管理办法			16		THUOCL
英国违宪审查			16		THUOCL
计量器具新产品管理办法			16		THUOCL
证券市场信息披露法律监管			16		THUOCL
诺成行为			16		THUOCL
贵州省预防职务犯罪工作条例			16		THUOCL
贵州省风景名胜区条例			16		THUOCL
进出口农药登记证明管理			16		THUOCL
重大税务案件审理办法			16		THUOCL
重庆市职工生育保险暂行办法			16		THUOCL
重置价值条款			16		THUOCL
银行业协会工作指引			16		THUOCL
阻碍军事行动罪			16		THUOCL
黑龙江省规范行政执法条例			16		THUOCL
一般授权立法			15		THUOCL
不可分之债			15		THUOCL
专利侵权救济			15		THUOCL
中华人民共和国常用法律法规全书			15		THUOCL
中国安全防范行业年鉴			15		THUOCL
中国民用航空国内航线经营许可规定			15		THUOCL
中国海事仲裁委员会仲裁规则			15		THUOCL
中国药事法规			15		THUOCL
交通行政许可监督检查及责任追究规定			15		THUOCL
产业结构调节法			15		THUOCL
产品及周期优化法			15		THUOCL
产品瑕疵责任			15		THUOCL
产品防伪监督管理办法			15		THUOCL
人民解放军财务部			15		THUOCL
估价公约			15		THUOCL
住房权研究			15		THUOCL
侵犯公民住宅权			15		THUOCL
公务接待管理办法			15		THUOCL
公路建设市场准入规定			15		THUOCL
公路水运工程安全生产监督管理办法			15		THUOCL
北京市朝阳区司法局			15		THUOCL
受供养子女			15		THUOCL
口供补强规则			15		THUOCL
可再生能源配额制政策			15		THUOCL
台湾学生奖学金管理暂行办法			15		THUOCL
合肥市城市供水条例			15		THUOCL
吉林省公路养路费征收管理若干规定			15		THUOCL
四定法			15		THUOCL
国家公职人员犯罪			15		THUOCL
国家工程研究中心管理办法			15		THUOCL
国家救灾防病信息报告管理规范			15		THUOCL
国家食品药品监督管理局听证规则			15		THUOCL
国有煤矿瓦斯治理规定			15		THUOCL
国际热带木材协定			15		THUOCL
国际经济贸易法律制度			15		THUOCL
城市建设拆迁管理条例			15		THUOCL
夏凤英			15		THUOCL
外商投资城市规划服务企业管理规定			15		THUOCL
宪法基本权利水平效力研究			15		THUOCL
居间牟利			15		THUOCL
山东省地震安全性评价管理办法			15		THUOCL
山东省城镇最低收入家庭廉租住房管理办法			15		THUOCL
广东珠江律师事务所			15		THUOCL
广东省森林保护管理条例			15		THUOCL
建设工程安全生产费用管理规定			15		THUOCL
张家港市人民检察院			15		THUOCL
征收排污费制度			15		THUOCL
御侮校尉			15		THUOCL
心智发育迟缓			15		THUOCL
战时拒不救治伤病军人罪			15		THUOCL
护士执业注册管理办法			15		THUOCL
拉丁美洲禁止核武器条约			15		THUOCL
损余处理			15		THUOCL
探矿权采矿权评估资格管理暂行办法			15		THUOCL
效力未定民事行为			15		THUOCL
新安县检察院			15		THUOCL
新西兰探亲签证			15		THUOCL
日本行政诉讼法			15		THUOCL
普遍优惠制原则			15		THUOCL
未必故意			15		THUOCL
杭州市城市房地产开发经营管理若干规定			15		THUOCL
欧洲专利制度			15		THUOCL
欧洲战史			15		THUOCL
武汉市城市规划条例			15		THUOCL
毛国华			15		THUOCL
民事错诉责任			15		THUOCL
民用航空企业机场联合重组改制管理规定			15		THUOCL
沙里亚法规			15		THUOCL
沾化县海洋与渔业局			15		THUOCL
浙江省森林管理条例			15		THUOCL
海南省华侨捐赠公益事业若干规定			15		THUOCL
海底电缆管道保护规定			15		THUOCL
珠海市环境保护条例			15		THUOCL
生产销售劣药罪			15		THUOCL
电力监管信息公开办法			15		THUOCL
相关比率法			15		THUOCL
禁止双重危险原则			15		THUOCL
私放俘虏罪			15		THUOCL
聚众扰乱公共场所秩序罪			15		THUOCL
装卸货时间			15		THUOCL
装运前检验协议			15		THUOCL
证券业同业公会			15		THUOCL
诺成性民事法律行为			15		THUOCL
越南社会主义共和国宪法			15		THUOCL
辽宁省古生物化石保护条例			15		THUOCL
进出口合同条款与案例分析			15		THUOCL
配偶继承权			15		THUOCL
酸沉降监测技术规范			15		THUOCL
钦定台规			15		THUOCL
铁路货运单			15		THUOCL
银行抵消权			15		THUOCL
陕西省劳动力市场条例			15		THUOCL
随船工作证			15		THUOCL
隔地犯			15		THUOCL
非专属权			15		THUOCL
预约分保			15		THUOCL
上海市农村社会养老保险办法			14		THUOCL
专有出版发行权			14		THUOCL
两非案件			14		THUOCL
中国人民解放军财务部			14		THUOCL
中国家具消费维权宝典			14		THUOCL
中国福利彩票发行与销售管理暂行办法			14		THUOCL
中国银行业监督管理委员会青海监管局			14		THUOCL
为权益而战			14		THUOCL
乐安县公安局			14		THUOCL
云南省旅行社门市部管理暂行办法			14		THUOCL
交通法规制定程序规定			14		THUOCL
人民法院特定主管原则			14		THUOCL
住所法			14		THUOCL
保持浮泊			14		THUOCL
保险监管人员行为准则			14		THUOCL
信访专业			14		THUOCL
允诺禁反言			14		THUOCL
充分安置			14		THUOCL
全球汽车技术法规协定书			14		THUOCL
公务员职务行为			14		THUOCL
出入境口岸食品卫生监督管理规定			14		THUOCL
刑事法前沿			14		THUOCL
刑事裁决书			14		THUOCL
加油站计量监督管理办法			14		THUOCL
劳动者维权法律手册			14		THUOCL
医院药品收支两条线管理暂行办法			14		THUOCL
司法制度比较			14		THUOCL
哈尔滨市城市户外广告设置管理办法			14		THUOCL
商品房协议书			14		THUOCL
喜临门牌			14		THUOCL
国事犯罪			14		THUOCL
国际集装箱安全公约			14		THUOCL
城市规划强制性内容暂行规定			14		THUOCL
外出经营许可证			14		THUOCL
外观设计法律保护			14		THUOCL
夫妻住所			14		THUOCL
存款保险法律制度			14		THUOCL
安全用药知识读本			14		THUOCL
安徽大学法律评论			14		THUOCL
宗教活动场所登记办法			14		THUOCL
富源县人民法院			14		THUOCL
就业政策公约			14		THUOCL
山东省农村可再生能源条例			14		THUOCL
广东省开平碉楼保护管理规定			14		THUOCL
广东省资源综合利用管理办法			14		THUOCL
广州市食品安全信用信息管理办法			14		THUOCL
异地资金汇划			14		THUOCL
德国债法改革			14		THUOCL
德国刑事诉讼程序			14		THUOCL
性交易法			14		THUOCL
成文法公布			14		THUOCL
战时军律			14		THUOCL
房地产法律行为			14		THUOCL
房屋产权继承			14		THUOCL
批租土地财产			14		THUOCL
指令性措施			14		THUOCL
政策与模式			14		THUOCL
新汉英法学词典			14		THUOCL
新疆维吾尔自治区发展个体私营经济条例			14		THUOCL
日本民事诉讼法论纲			14		THUOCL
普及特惠税制度			14		THUOCL
最终产品法			14		THUOCL
有序用电管理办法			14		THUOCL
未成年人监护制度			14		THUOCL
武汉市工会条例			14		THUOCL
民事程序选择权			14		THUOCL
气象专用技术装备使用许可管理办法			14		THUOCL
治安行政处置权			14		THUOCL
法律与现代社会			14		THUOCL
浙江省风景名胜区管理条例			14		THUOCL
海关加工贸易企业联网监管办法			14		THUOCL
渔业水域污染事故调查处理程序规定			14		THUOCL
湖北省农村公路条例			14		THUOCL
火灾自动报警与联动控制系统			14		THUOCL
牟逍媛			14		THUOCL
电力生产事故调查暂行规定			14		THUOCL
病原微生物实验室生物安全环境管理办法			14		THUOCL
税收执法检查规则			14		THUOCL
结构票			14		THUOCL
英国侵权法			14		THUOCL
行政体制改革研究			14		THUOCL
讯问犯罪嫌疑人同步录音录像			14		THUOCL
贵州省招标投标条例			14		THUOCL
赎楼利息			14		THUOCL
逃避缴纳税款			14		THUOCL
道路旅客运输企业经营资质管理规定			14		THUOCL
重大危险源安全评估			14		THUOCL
重庆市城市规划管理技术规定			14		THUOCL
银行法律与业务			14		THUOCL
靖江市地方税务局			14		THUOCL
首次就业合同			14		THUOCL
黄日灿			14		THUOCL
一般共犯			13		THUOCL
一般法律监督			13		THUOCL
世界濒危动物红皮书			13		THUOCL
中华人民共和国防止船舶污染海域管理条例			13		THUOCL
中国证券投资基金法			13		THUOCL
二种邪见			13		THUOCL
产品创新法则			13		THUOCL
人民调解员素质			13		THUOCL
体育彩票公益金管理暂行办法			13		THUOCL
侯代比亚和约			13		THUOCL
侵犯公民人身权利民主权利罪			13		THUOCL
全国消防安全日			13		THUOCL
全国车辆超限超载长效治理实施意见			13		THUOCL
公安机关对被管制			13		THUOCL
公路建设四项制度实施办法			13		THUOCL
共同实施违法行为			13		THUOCL
农业保险合同			13		THUOCL
分居令			13		THUOCL
刑事诉讼法学研究综述			13		THUOCL
判例解读中韩法律			13		THUOCL
医院中药饮片管理规范			13		THUOCL
医院分级管理办法			13		THUOCL
印第安人迁移法			13		THUOCL
双本位制			13		THUOCL
反倾销产业损害调查与裁决规定			13		THUOCL
古人类化石和古脊椎动物化石保护管理办法			13		THUOCL
可转让单证			13		THUOCL
合同效力制度			13		THUOCL
合肥市城市饮用水水源保护条例			13		THUOCL
名为联营实为借贷			13		THUOCL
名家杂志社			13		THUOCL
商标印制管理制度			13		THUOCL
四川省农作物种子管理条例			13		THUOCL
固定价格法			13		THUOCL
国家卫生城市考核命名和监督管理办法			13		THUOCL
国家职业卫生标准管理办法			13		THUOCL
国家自然科学基金项目资助经费管理办法			13		THUOCL
国防专利代理机构			13		THUOCL
复杂共犯			13		THUOCL
外商投资矿产勘查企业管理办法			13		THUOCL
外币国债			13		THUOCL
大拇指法则			13		THUOCL
如何保障消费者权益			13		THUOCL
审前羁押与保释			13		THUOCL
宪法变迁论			13		THUOCL
对外贸易信贷			13		THUOCL
山东省农业机械管理条例			13		THUOCL
山东省风景名胜区管理条例			13		THUOCL
工业中路派出所			13		THUOCL
广东省专利保护条例			13		THUOCL
广东省基本农田保护区管理条例			13		THUOCL
广东省社会保险费征缴办法			13		THUOCL
广告语言文字管理暂行规定			13		THUOCL
应诉欧共体反倾销律师业务			13		THUOCL
延边朝鲜族自治州自治条例			13		THUOCL
德国循环经济研究			13		THUOCL
必要共同诉讼制度			13		THUOCL
性别发展指数			13		THUOCL
戴西和莫里斯论冲突法			13		THUOCL
抵押权制度研究			13		THUOCL
控告申述部门			13		THUOCL
新加坡律政部			13		THUOCL
最初谈判权			13		THUOCL
有限责任合伙制会计师事务所			13		THUOCL
武城县人大常委会			13		THUOCL
民事诉讼委托代理合同			13		THUOCL
民用航空安全信息管理规定			13		THUOCL
民营企业法律实用指导			13		THUOCL
沈阳市危险废物污染环境防治条例			13		THUOCL
法医鉴定学			13		THUOCL
法律文化史研究			13		THUOCL
注册测绘师制度暂行规定			13		THUOCL
浙江省公墓管理办法			13		THUOCL
海域使用权登记办法			13		THUOCL
湖北省水资源费征收管理办法			13		THUOCL
登记移转			13		THUOCL
社会主义法制理论读本			13		THUOCL
社会文教支出			13		THUOCL
等同物替换			13		THUOCL
统计调查证管理办法			13		THUOCL
美国非农就业指数			13		THUOCL
老百姓法定权利指南			13		THUOCL
聚众冲击军事禁区罪			13		THUOCL
芦映			13		THUOCL
英国法律发达史			13		THUOCL
药政管理条例			13		THUOCL
行为记录法			13		THUOCL
行政事业收费许可证			13		THUOCL
被公安机关抓获归案后			13		THUOCL
被庐之法			13		THUOCL
西藏自治区农牧区医疗管理暂行办法			13		THUOCL
西藏节日文化			13		THUOCL
解读私募股权基金			13		THUOCL
证券市场民事赔偿制度			13		THUOCL
财团债权			13		THUOCL
财政管理体制法			13		THUOCL
超欠幅度			13		THUOCL
越级诉讼			13		THUOCL
车辆识别代号管理办法			13		THUOCL
近代法律思潮与中国固有文化			13		THUOCL
违令作战消极罪			13		THUOCL
酒店实用法规			13		THUOCL
重点讲义民事诉讼法			13		THUOCL
野生植物保护法			13		THUOCL
集贸市场计量监督管理办法			13		THUOCL
非常诉讼			13		THUOCL
风险价值法			13		THUOCL
黑龙江省消防安全责任制规定			13		THUOCL
一般经济责任制			12		THUOCL
三段警备法			12		THUOCL
上海市公有住房承租权转让合同			12		THUOCL
两段招标			12		THUOCL
中华人民共和国人民法院法庭规则			12		THUOCL
中国人民共和国企业所得税法			12		THUOCL
中国人民解放军安全工作条例			12		THUOCL
中国共产党中央执行委员会组织法			12		THUOCL
中国法律门户网			12		THUOCL
中国证券分析师职业道德守则			12		THUOCL
中间业主			12		THUOCL
乡镇企业用地使用权			12		THUOCL
书记官专业			12		THUOCL
云法律			12		THUOCL
价格评估管理办法			12		THUOCL
价格违法案件举报奖励办法			12		THUOCL
企业法律顾问执业资格考试实施办法			12		THUOCL
住房部分产权			12		THUOCL
保险空白期			12		THUOCL
全国医院工作条例			12		THUOCL
全国绿色建筑创新奖管理办法			12		THUOCL
公务员聘任合同			12		THUOCL
公路巡逻民警中队警务规范			12		THUOCL
兰州市卫生局卫生监督所			12		THUOCL
内蒙古自治区蒙古语言文字工作条例			12		THUOCL
农业保险统计制度			12		THUOCL
刑事案件现场勘查规则			12		THUOCL
刑事辩护学			12		THUOCL
制度设计与变迁			12		THUOCL
北京市君永律师事务所			12		THUOCL
博彩专营合约			12		THUOCL
卫生部关于医师资格考试报名资格暂行规定			12		THUOCL
厦门市最低生活保障办法			12		THUOCL
取消性惩罚			12		THUOCL
取缔教育歧视公约			12		THUOCL
变造国家货币			12		THUOCL
司法参军事			12		THUOCL
司法实用文写作			12		THUOCL
后契约责任			12		THUOCL
唐山市土地管理办法			12		THUOCL
商品量计量违法行为处罚规定			12		THUOCL
商贸法律与案例			12		THUOCL
国家优秀自费留学生奖学金实施细则			12		THUOCL
国家科技支撑计划专项经费管理办法			12		THUOCL
国家科技计划项目管理暂行办法			12		THUOCL
国家食品药品监督管理局药品特别审批程序			12		THUOCL
国际船舶载重线公约			12		THUOCL
土地权属制度			12		THUOCL
地质灾害治理工程监理单位资质管理办法			12		THUOCL
复合食品包装袋卫生标准			12		THUOCL
外商投资商业领域管理办法补充规定			12		THUOCL
外币代兑机构管理暂行办法			12		THUOCL
天津市信访工作若干规定			12		THUOCL
女娲神枪			12		THUOCL
子产铸刑鼎			12		THUOCL
子孙违犯教令			12		THUOCL
审查逮捕证据参考标准			12		THUOCL
宪政古今			12		THUOCL
居民自治公约			12		THUOCL
山西省城市房屋拆迁条例			12		THUOCL
工业团体法			12		THUOCL
工程建设工法管理办法			12		THUOCL
广东省商品交易市场管理条例			12		THUOCL
广东省珠江三角洲水质保护条例			12		THUOCL
广东省经济特区土地管理条例			12		THUOCL
废除在华治外法权			12		THUOCL
建设工程企业资质管理规定			12		THUOCL
强制变卖被扣押船舶			12		THUOCL
强英军			12		THUOCL
当事人诉讼权利义务告知制度			12		THUOCL
征用耕地补偿费			12		THUOCL
房地产拆迁补偿			12		THUOCL
房地产注销登记			12		THUOCL
房屋拆迁纠纷维权必备			12		THUOCL
执行客体			12		THUOCL
拆迁管理与纠纷处理操作指南			12		THUOCL
招标采购法律法规与政策			12		THUOCL
新企业破产法理解与适用			12		THUOCL
新估价法规			12		THUOCL
新加坡工作准证			12		THUOCL
日本禁止垄断法			12		THUOCL
昆仑法学论丛			12		THUOCL
末永敏和			12		THUOCL
欠缺真诚			12		THUOCL
毁灭国家机关公文			12		THUOCL
民事授权委托书			12		THUOCL
民营企业经营环境			12		THUOCL
水下文化遗产保护公约			12		THUOCL
水运工程施工监理招标投标管理办法			12		THUOCL
江苏汇天元律师事务所			12		THUOCL
江苏茂通律师事务所			12		THUOCL
沙头角街道党工委			12		THUOCL
法规宝典			12		THUOCL
济南市摄影家协会			12		THUOCL
浙江省劳动监察规定			12		THUOCL
浙江省商品条码管理办法			12		THUOCL
浙江省海域使用管理办法			12		THUOCL
湖南挚友律师事务所			12		THUOCL
煤矿安全培训监督检查办法			12		THUOCL
物权取得权			12		THUOCL
特别授权立法			12		THUOCL
环境民事纠纷			12		THUOCL
环境行政执法行为			12		THUOCL
珠海市房屋安全管理规定			12		THUOCL
瑕疵出资股东			12		THUOCL
甘肃省农作物种子条例			12		THUOCL
直接产权			12		THUOCL
直线参谋制			12		THUOCL
矿山生态环境保护与污染防治技术政策			12		THUOCL
稀土领导小组			12		THUOCL
税收单行法			12		THUOCL
绕规模贷款			12		THUOCL
绩效问责制			12		THUOCL
绿色市场认证实施规则			12		THUOCL
自执行条约			12		THUOCL
英国民事诉讼与民事司法改革			12		THUOCL
英美司法制度			12		THUOCL
贵州省扶贫资金审计条例			12		THUOCL
选择性合同			12		THUOCL
长春市城市公共汽电车客运管理条例			12		THUOCL
非折现法			12		THUOCL
非物质性结果			12		THUOCL
韦伯论中国传统法律			12		THUOCL
麻侃			12		THUOCL
一次课征制			11		THUOCL
三方协商促进履行国际劳工标准公约			11		THUOCL
上海市企业职工最低工资规定			11		THUOCL
上海市促进行业协会发展规定			11		THUOCL
专用采访证			11		THUOCL
中华人民共和国水生野生动物利用特许办法			11		THUOCL
中华人民共和国港口收费规则			11		THUOCL
中华人民共和国道路安全法实施条例			11		THUOCL
中国人民解放军军人退役医疗保险暂行办法			11		THUOCL
中央企业重大法律纠纷案件管理暂行办法			11		THUOCL
中日通商行船条约			11		THUOCL
云南省民族民间传统文化保护条例			11		THUOCL
交通建设项目委托审计管理办法			11		THUOCL
从新兼从轻原则			11		THUOCL
代理房地产转让			11		THUOCL
企业事业单位专职消防队组织条例			11		THUOCL
企业兼并合同纠纷			11		THUOCL
企业法律顾问考试教材			11		THUOCL
企业财产制度			11		THUOCL
供港澳食用水生动物检验检疫管理办法			11		THUOCL
保险价值与保险金额			11		THUOCL
全国环保系统六项禁令			11		THUOCL
全国艾滋病检测工作管理办法			11		THUOCL
公安机关鉴定机构登记管理办法			11		THUOCL
内蒙古自治区农牧业机械化促进条例			11		THUOCL
内部审计人员后续教育实施办法			11		THUOCL
农业机械事故处理办法			11		THUOCL
农业植物新品种权侵权案件处理规定			11		THUOCL
农村商业银行管理暂行规定			11		THUOCL
农村敬老院管理暂行办法			11		THUOCL
农耕制度			11		THUOCL
分级包干体制			11		THUOCL
化验室管理制度			11		THUOCL
北京市密云县人民检察院			11		THUOCL
北京市林业植物检疫办法			11		THUOCL
北京庞标律师事务所			11		THUOCL
医疗气功管理暂行规定			11		THUOCL
医院法律管理及权益维护			11		THUOCL
博帕尔事件			11		THUOCL
印度共和国宪法			11		THUOCL
发展中国家全球贸易优惠制			11		THUOCL
合肥市环城公园管理办法			11		THUOCL
呼和浩特市城市房屋拆迁管理条例			11		THUOCL
商品房买卖法律关系			11		THUOCL
商品认证标志			11		THUOCL
商标国际注册马德里协定实施细则			11		THUOCL
国家电子政务工程建设项目管理暂行办法			11		THUOCL
国家经济主权原则			11		THUOCL
国际海上避碰规则公约			11		THUOCL
地指国			11		THUOCL
基金会信息公布办法			11		THUOCL
外商投资企业采购国产设备退税管理试行办法			11		THUOCL
大连市城镇房屋权属登记管理办法			11		THUOCL
婚姻纠纷维权必备			11		THUOCL
安徽省中小学教师继续教育实施办法			11		THUOCL
安徽省失业保险规定			11		THUOCL
山东省渔业港口和渔业船舶管理条例			11		THUOCL
带薪坐牢			11		THUOCL
广东省森林防火管理规定			11		THUOCL
广东省行政执法队伍管理条例			11		THUOCL
广东省高危险性体育项目经营活动管理规定			11		THUOCL
建设工程法律实务			11		THUOCL
循环型社会法律研究			11		THUOCL
德国荷兰保密法律制度			11		THUOCL
性犯罪研究			11		THUOCL
成都市暂住人口治安管理规定			11		THUOCL
战时缓刑制度			11		THUOCL
报警回差			11		THUOCL
拆迁主体资格			11		THUOCL
拒绝提供间谍犯罪证据罪			11		THUOCL
换证签发手续			11		THUOCL
摄影合同			11		THUOCL
教师法治教育读本			11		THUOCL
文化部创新奖奖励办法			11		THUOCL
新华区人民检察院			11		THUOCL
方刚成			11		THUOCL
施米特与政治法学			11		THUOCL
期货法律与监管制度			11		THUOCL
死刑改革探索			11		THUOCL
民用航空管理制度			11		THUOCL
河北省减少污染物排放条例			11		THUOCL
法社会学在中国			11		THUOCL
海上财产无主			11		THUOCL
海关商品估价公约			11		THUOCL
海南省城镇从业人员基本医疗保险条例			11		THUOCL
海滩救助			11		THUOCL
消费产品安全法			11		THUOCL
深圳市城乡居民最低生活保障办法			11		THUOCL
港口规划管理规定			11		THUOCL
湖南省城市住宅区物业管理条例			11		THUOCL
煤矿安全质量标准化标准及考核评级办法			11		THUOCL
狂犬病防治技术规范			11		THUOCL
独占许可协议			11		THUOCL
电脑传票			11		THUOCL
病险水库除险加固工程项目建设管理办法			11		THUOCL
破产欺诈罪			11		THUOCL
第二审刑事判决书			11		THUOCL
纪检监察业务法规政策选编			11		THUOCL
置业安居法律知识问答			11		THUOCL
联合国人权公约和刑事司法文献汇编			11		THUOCL
联邦水污染控制法			11		THUOCL
股权回购请求权			11		THUOCL
自己代理行为			11		THUOCL
苏州市古村落保护办法			11		THUOCL
茧丝质量监督管理办法			11		THUOCL
蒋有才			11		THUOCL
薪酬等级制度			11		THUOCL
西安市城市管理综合行政执法条例			11		THUOCL
西方法学名著提要			11		THUOCL
资源核算制度			11		THUOCL
资源配置经济效益			11		THUOCL
越南海洋法			11		THUOCL
通臂二十四式			11		THUOCL
重大事故隐患管理规定			11		THUOCL
重庆市科学技术普及条例			11		THUOCL
铁路运输收入管理规程			11		THUOCL
非方便法院			11		THUOCL
非表意行为			11		THUOCL
预防重大工业事故公约			11		THUOCL
风景名胜区管理暂行条例实施办法			11		THUOCL
上海市医疗机构管理办法			10		THUOCL
上海市文化娱乐市场管理条例			10		THUOCL
上海市退役士兵安置工作暂行办法			10		THUOCL
上海市黄浦江上游水源保护条例			10		THUOCL
上诉审裁处			10		THUOCL
中华人民共和国侵权责任法草案建议稿及说明			10		THUOCL
中华人民共和国刑法一本通			10		THUOCL
中华人民共和国和纳米比亚共和国引渡条约			10		THUOCL
中华人民共和国水路运输管理条例实施细则			10		THUOCL
中华人民共和国海关关于转关货物监管办法			10		THUOCL
中华人民共和国海关船舶吨税暂行办法			10		THUOCL
中国摄影家协会章程			10		THUOCL
中央企业财务决算审计工作规则			10		THUOCL
中央企业领导人员管理暂行规定			10		THUOCL
主要林木品种审定办法			10		THUOCL
事件驱动型策略			10		THUOCL
事后不可罚行为			10		THUOCL
云南省残疾人优待规定			10		THUOCL
五福牌			10		THUOCL
交通幽默			10		THUOCL
交通建设项目环境保护管理办法			10		THUOCL
产品质量监督试行办法			10		THUOCL
人民防空工程建设监理暂行规定			10		THUOCL
价值位阶原则			10		THUOCL
企业专利工作管理办法			10		THUOCL
优秀运动员伤残互助保险试行办法			10		THUOCL
佛瑞斯塔号航空母舰			10		THUOCL
全南县人民检察院			10		THUOCL
公路监督检查专用车辆管理办法			10		THUOCL
农民科学素质行动计划			10		THUOCL
准予就业最低年龄公约			10		THUOCL
北京市道路运输条例			10		THUOCL
医生干涉权			10		THUOCL
医疗器械检测机构资格认可办法			10		THUOCL
医疗机构药品集中招标采购监督管理暂行办法			10		THUOCL
南京市物业维修基金管理办法			10		THUOCL
占编不入编			10		THUOCL
司法鉴定机构仪器设备基本配置标准			10		THUOCL
哈尔滨市城市公厕管理办法			10		THUOCL
商业银行贷款政策			10		THUOCL
四川省专业技术人员继续教育条例			10		THUOCL
四川省矿产资源管理条例			10		THUOCL
四川省预防职务犯罪工作条例			10		THUOCL
国土资源调查专项资金管理暂行办法			10		THUOCL
国家专营企业			10		THUOCL
国家工程实验室管理办法			10		THUOCL
国家级非物质文化遗产保护与管理暂行办法			10		THUOCL
国家金库制度			10		THUOCL
国立台湾民主纪念馆组织规程			10		THUOCL
国际税收协定中常设机构原则研究			10		THUOCL
国际经济法教程			10		THUOCL
城市住宅小区竣工综合验收管理办法			10		THUOCL
城市私房用地使用权			10		THUOCL
境外卫星电视频道落地管理办法			10		THUOCL
大连市事业单位聘用合同规定			10		THUOCL
大连市住房公积金管理若干规定			10		THUOCL
天津市就业促进条例			10		THUOCL
失信惩戒办法			10		THUOCL
安全生产行业标准管理规定			10		THUOCL
安徽省畜产品质量安全管理条例			10		THUOCL
安陆市人民检察院			10		THUOCL
宪政文化与近代中国			10		THUOCL
对外贸易管制制度			10		THUOCL
导游人员等级考核评定管理办法			10		THUOCL
少数派股东救济措施			10		THUOCL
山东名牌产品评价管理办法			10		THUOCL
常习犯			10		THUOCL
平等位次条款			10		THUOCL
广东省房地产开发经营条例			10		THUOCL
广东省林地保护管理条例			10		THUOCL
广东纬国律师事务所			10		THUOCL
广西壮族自治区见义勇为奖励和保护办法			10		THUOCL
成都高新技术产业开发区人民检察院			10		THUOCL
扛楼帮			10		THUOCL
执法办案第一线			10		THUOCL
按揭贷款保证金			10		THUOCL
数钱费			10		THUOCL
新闻法规与职业道德教程			10		THUOCL
新黑格尔主义法学			10		THUOCL
旅行社责任保险合同			10		THUOCL
无线电设备发射特性核准检测机构认定办法			10		THUOCL
无锡山禾集团第一制药有限公司			10		THUOCL
日出条款			10		THUOCL
易制毒化学品进出口国际核查管理规定			10		THUOCL
普通高等学校档案管理办法			10		THUOCL
普遍国际法			10		THUOCL
最新民事法律文件解读			10		THUOCL
有机产品认证实施规则			10		THUOCL
服务协议谈判			10		THUOCL
未成年人刑事司法制度			10		THUOCL
本外币对冲操作			10		THUOCL
杭州市农副产品集贸市场条例			10		THUOCL
武汉市人民政府国有资产监督管理委员会			10		THUOCL
武警法			10		THUOCL
民主视野			10		THUOCL
民用机场使用许可规定			10		THUOCL
水库大坝注册登记办法			10		THUOCL
江苏省清真食品监督保护条例			10		THUOCL
江西省庐山风景名胜区管理条例			10		THUOCL
沈阳市建设工程监理条例			10		THUOCL
河北省企业职工基本养老金计发办法			10		THUOCL
法律智慧警句集			10		THUOCL
法治讲演录			10		THUOCL
注册验船师制度暂行规定			10		THUOCL
流动与非流动项目法			10		THUOCL
浙江省水资源费征收管理办法			10		THUOCL
海上船舶保险合同			10		THUOCL
清偿标的			10		THUOCL
清朝法制史			10		THUOCL
湖南省高新技术发展条例			10		THUOCL
煤矿矿用安全产品检验管理办法			10		THUOCL
珠海市斗门区人民法院			10		THUOCL
电梯应急指南			10		THUOCL
石家庄市城市房屋租赁管理办法			10		THUOCL
石家庄市城市规划管理条例			10		THUOCL
社会团体设立专项基金管理机构暂行规定			10		THUOCL
稳心高度			10		THUOCL
终局行政行为			10		THUOCL
网络法律制度			10		THUOCL
职业生涯管理制度			10		THUOCL
苏州园林保护和管理条例			10		THUOCL
药品监督管理政策法规汇编			10		THUOCL
营利性治沙管理办法			10		THUOCL
血铅临床检验技术规范			10		THUOCL
计量违法行为处罚细则			10		THUOCL
论述题模板式答题技巧训练			10		THUOCL
远洋渔业管理规定			10		THUOCL
附期限民事法律行为			10		THUOCL
陕西省建设项目统一征地办法			10		THUOCL
非隔隙犯			10		THUOCL
风险责任负担			10		THUOCL
马基雅弗利主义			10		THUOCL
高等学校档案管理办法			10		THUOCL
上海市建筑物使用安装安全玻璃规定			9		THUOCL
上海市恒谊律师事务所			9		THUOCL
上海市空调设备安装使用管理规定			9		THUOCL
不动产物权变动模式			9		THUOCL
不真正连带之债			9		THUOCL
专利终止			9		THUOCL
中华人民共和国刑事证据法专家拟制稿			9		THUOCL
中华人民共和国刑事诉讼法修改建议稿与论证			9		THUOCL
中华人民共和国船员服务管理规定			9		THUOCL
中国人民解放军警备条令			9		THUOCL
中国价格法			9		THUOCL
中国企业商标网			9		THUOCL
中国企业境外上市法律实务			9		THUOCL
中国保险监督管理委员会规章制定程序规定			9		THUOCL
中国注册会计师协会会费交纳试行办法			9		THUOCL
中央级救灾储备物资管理办法			9		THUOCL
中小学教材价格管理办法			9		THUOCL
临夏回族自治州公安局			9		THUOCL
为废除死刑而战			9		THUOCL
书记员宣读法庭纪律			9		THUOCL
事业单位改革常用政策法规汇编			9		THUOCL
云南省见义勇为基金会			9		THUOCL
五城察院			9		THUOCL
交通事故赔偿项目			9		THUOCL
交通行业内部审计工作规定			9		THUOCL
企业专利工作办法			9		THUOCL
企业设备管理制度			9		THUOCL
你有权沉默			9		THUOCL
侵犯商业机密罪			9		THUOCL
先补偿后拆迁			9		THUOCL
全员承租			9		THUOCL
全国卫生统计工作管理办法			9		THUOCL
公证员职业道德基本准则			9		THUOCL
公证员职责			9		THUOCL
公路水运工程试验检测管理办法			9		THUOCL
刑事回避			9		THUOCL
刑事法治发展研究报告			9		THUOCL
刑事辩护技巧			9		THUOCL
制止危及海上航行安全非法行为公约			9		THUOCL
劳动合同法案例精解与应对策略			9		THUOCL
募股文件			9		THUOCL
化州市公路局			9		THUOCL
单位被害人			9		THUOCL
南昌市优化投资环境条例			9		THUOCL
卫生部健康相关产品审批工作程序			9		THUOCL
厦门市城镇职工基本医疗保险规定			9		THUOCL
受贿罪辩护			9		THUOCL
变劣发明			9		THUOCL
台谏合一			9		THUOCL
哈尔滨市河道管理条例			9		THUOCL
商品房销售面积计量监督管理办法			9		THUOCL
四川省价格管理条例			9		THUOCL
四川省饮用水水源保护管理条例			9		THUOCL
国内外蜂产品标准选编			9		THUOCL
国土资源监察员			9		THUOCL
国家处置城市地铁事故灾难应急预案			9		THUOCL
国家房管局			9		THUOCL
国家烟草专卖局专卖监督管理司			9		THUOCL
国家财产豁免权			9		THUOCL
国有土地使用权流转			9		THUOCL
国际与外国遗传资源法选编			9		THUOCL
基本住房保障法			9		THUOCL
多数辩护			9		THUOCL
太原市晋阳古城遗址保护管理条例			9		THUOCL
夫妻共同债务认定			9		THUOCL
奥林匹克知识产权保护文件汇编			9		THUOCL
宁波市古树名木保护管理办法			9		THUOCL
宁波市工会劳动保障法律监督条例			9		THUOCL
安徽省城市房地产交易管理条例			9		THUOCL
宋维强			9		THUOCL
审判案例研究			9		THUOCL
宪法及相关法律法规			9		THUOCL
对价持票人			9		THUOCL
对外贸易国别政策			9		THUOCL
小额担保贷款财政贴息资金管理办法			9		THUOCL
山东省海域使用管理条例			9		THUOCL
工程勘察设计咨询业知识产权保护与管理导则			9		THUOCL
广东省城市房屋拆迁管理规定			9		THUOCL
广东省森林公园管理条例			9		THUOCL
广东风采新纪元律师事务所			9		THUOCL
广西海警第一支队			9		THUOCL
庞世耀			9		THUOCL
建筑业安全卫生公约			9		THUOCL
建设项目环境影响评价行为准则与廉政规定			9		THUOCL
强制性转股条款			9		THUOCL
德国债法分论			9		THUOCL
德拉古法			9		THUOCL
房地产市场信息系统技术规范			9		THUOCL
房地产法律制度研究			9		THUOCL
手机辐射法			9		THUOCL
抽签审			9		THUOCL
授权立法研究			9		THUOCL
操纵证券期货交易价格罪			9		THUOCL
改制分流一百问			9		THUOCL
政用品用具监督管理办法			9		THUOCL
新古典契约			9		THUOCL
新巴赛尔协议			9		THUOCL
新录用国家公务员任职定级暂行规定			9		THUOCL
新编国际经济法			9		THUOCL
新编诉讼文书学习与应用			9		THUOCL
新闻出版自由法			9		THUOCL
无遗嘱者遗产条例			9		THUOCL
日本近代刑法			9		THUOCL
有抵押权证			9		THUOCL
机动车辆综合保险条款			9		THUOCL
机电产品进口配额管理实施细则			9		THUOCL
权利失效原则			9		THUOCL
权利滥用禁止原则			9		THUOCL
杭州市建设工程质量监督管理办法			9		THUOCL
检察改革措施研究			9		THUOCL
检察理念与执法规范			9		THUOCL
横县国土资源局			9		THUOCL
武汉市专利管理条例			9		THUOCL
母婴保健专项技术服务基本标准			9		THUOCL
民事程序法研究			9		THUOCL
民国法学论文精萃			9		THUOCL
水运工程质量监督规定			9		THUOCL
永久性抗辩权			9		THUOCL
江苏省历史文化名城名镇保护条例			9		THUOCL
江西省木材运输监督管理办法			9		THUOCL
沈家本年谱初编			9		THUOCL
河北省城镇职工生育保险暂行办法			9		THUOCL
河南省农业机械安全管理规定			9		THUOCL
河南省煤炭条例			9		THUOCL
法官告诉您怎样打交通肇事官司			9		THUOCL
法院执行依据			9		THUOCL
泰安市农业局			9		THUOCL
浙江省价格监测预警办法			9		THUOCL
海关保税核查办法			9		THUOCL
海域使用权管理规定			9		THUOCL
海域使用金减免管理办法			9		THUOCL
消防产品监督管理规定			9		THUOCL
渝中区文化市场行政执法大队			9		THUOCL
游艇安全管理规定			9		THUOCL
火灾爆炸危险场所			9		THUOCL
界碑界桩			9		THUOCL
盗掘古墓罪			9		THUOCL
税务代理业务规程			9		THUOCL
第一女子侦探事务所			9		THUOCL
美国劳动雇佣法			9		THUOCL
股票发行注册制			9		THUOCL
自贡市司法局			9		THUOCL
航空旅客意外伤害保险条款			9		THUOCL
船员服务管理规定			9		THUOCL
船舶维修费			9		THUOCL
补偿性财政政策			9		THUOCL
西安城墙保护条例			9		THUOCL
解除与终止劳动合同			9		THUOCL
设备监理单位资格管理办法			9		THUOCL
证券投资基金行业公约			9		THUOCL
语言文字词典			9		THUOCL
贵阳市统计监督管理规定			9		THUOCL
辩证唯物主义纲要			9		THUOCL
辽宁省朝阳市公安局			9		THUOCL
进口旧机电产品检验监督管理办法			9		THUOCL
邮包战争险			9		THUOCL
邮政用品用具监督管理办法			9		THUOCL
金枪鱼案			9		THUOCL
隆安县人民法院			9		THUOCL
雅各宾宪法			9		THUOCL
雇佣保证			9		THUOCL
音像制品制作管理规定			9		THUOCL
项目管理法律法规及国际惯例			9		THUOCL
高速客船安全管理			9		THUOCL
一次性使用麻醉穿刺包生产实施细则			8		THUOCL
丁凌华			8		THUOCL
上海市事业单位聘用合同争议处理办法			8		THUOCL
不可撤销贷款承诺			8		THUOCL
个人业余无线电台管理暂行办法			8		THUOCL
中华人民共和国劳动争议仲裁法			8		THUOCL
中华人民共和国渔业船舶登记办法			8		THUOCL
中华人民共和国第十二届全国人民代表大会			8		THUOCL
中华人民共和国邮政行业标准			8		THUOCL
中国保障性住房			8		THUOCL
中国国际贸易促进委员会山西省分会			8		THUOCL
中国法律知识资源总库			8		THUOCL
中国第一圣			8		THUOCL
临时性广告经营管理办法			8		THUOCL
二空观			8		THUOCL
云南省人才市场条例			8		THUOCL
云南省城市规划管理条例			8		THUOCL
交通行政执法规范			8		THUOCL
人才派遣法			8		THUOCL
人民警察制式服装及其标志管理规定			8		THUOCL
企业思想政治工作人员专业职务试行条例			8		THUOCL
信托法之理论与实务			8		THUOCL
全国先进会计工作者评选表彰办法			8		THUOCL
公众聚集文化经营场所审核公示暂行办法			8		THUOCL
公债发行条件			8		THUOCL
公务员回避规定			8		THUOCL
内蒙古自治区城市房屋拆迁管理条例			8		THUOCL
内蒙古自治区蒙医中医条例			8		THUOCL
军事管制制度			8		THUOCL
农业承包合同纠纷仲裁			8		THUOCL
农业转基因生物加工审批办法			8		THUOCL
农产品质量安全检测机构考核办法			8		THUOCL
出入境人员携带物检疫管理办法			8		THUOCL
出口加工区加工贸易管理暂行办法			8		THUOCL
出口收汇考核试行办法奖惩细则			8		THUOCL
刑事影像技术			8		THUOCL
刑事证据制度与理论			8		THUOCL
刑罚适应性			8		THUOCL
判决理据			8		THUOCL
刻骨挚爱			8		THUOCL
办理交通事故案件法律依据			8		THUOCL
动物防疫监督员检疫员培训教程			8		THUOCL
北京市安全技术防范管理规定			8		THUOCL
北京市小公共汽车管理条例			8		THUOCL
北京市西城区地方税务局			8		THUOCL
医疗器械生产日常监督管理规定			8		THUOCL
单纯形成权			8		THUOCL
南京市爱国卫生管理条例			8		THUOCL
卢一凡			8		THUOCL
危险犯研究			8		THUOCL
厦门市归侨侨眷权益保障条例			8		THUOCL
参加公司债			8		THUOCL
参观访问法			8		THUOCL
史密斯和基南英国法			8		THUOCL
吐鲁番地区行政公署			8		THUOCL
告知义务范围			8		THUOCL
品官占田荫客制			8		THUOCL
商用密码产品销售管理规定			8		THUOCL
四川省土地管理实施办法			8		THUOCL
四川省地方志工作条例			8		THUOCL
四川省水上交通安全管理条例			8		THUOCL
四川省泸州市中级人民法院			8		THUOCL
四川省社会抚养费征收管理实施办法			8		THUOCL
四警合一			8		THUOCL
固定再保险合同			8		THUOCL
国务院国资委工作规则			8		THUOCL
国籍抵触			8		THUOCL
国营贸易制度			8		THUOCL
土地抵押权实现			8		THUOCL
基本建设贷款中央财政贴息资金管理办法			8		THUOCL
外商投资铁路货物运输业审批与管理暂行办法			8		THUOCL
大连市城市居民最低生活保障办法			8		THUOCL
大连市海域使用管理条例			8		THUOCL
天津耀达律师事务所			8		THUOCL
太原市艾滋病性病防治条例			8		THUOCL
夫妻财产约定公证			8		THUOCL
宁夏回族自治区矿产资源管理条例			8		THUOCL
宁波市人才中介服务机构管理办法			8		THUOCL
宗教指导者			8		THUOCL
家具定作合同			8		THUOCL
山东省突发事件总体应急预案			8		THUOCL
山西省工程建设项目招标投标条例			8		THUOCL
山西省平遥古城保护条例			8		THUOCL
山西省文物建筑消防安全管理规定			8		THUOCL
工伤维权速查			8		THUOCL
市场经济法学			8		THUOCL
常见腰腿痛病与手法治疗			8		THUOCL
常见颈肩臂痛病与手法治疗			8		THUOCL
平等互利协商一致			8		THUOCL
平阳县国家税务局			8		THUOCL
并行程序设计方法学			8		THUOCL
广东省发展中医条例			8		THUOCL
广东省民用机场电磁环境保护规定			8		THUOCL
广东省注册安全主任管理规定			8		THUOCL
广东省粮食收购资格审核及监督管理暂行办法			8		THUOCL
广东省重大安全事故行政责任追究规定			8		THUOCL
广东省风景名胜区条例			8		THUOCL
广州历史文化名城保护条例			8		THUOCL
广州市举办展销会管理条例			8		THUOCL
广州市按比例安排残疾人就业办法			8		THUOCL
广西壮族自治区钟乳石资源保护条例			8		THUOCL
意向性担保			8		THUOCL
成都市龙泉驿区第一人民			8		THUOCL
房地产经纪业区经理培训教程			8		THUOCL
执行工作指导			8		THUOCL
抵押权人权利			8		THUOCL
政府采购资金财政直接拨付管理暂行办法			8		THUOCL
新企业所得税法与新会计准则差异分析			8		THUOCL
新刑法研究与适用			8		THUOCL
旅游发展规划管理办法			8		THUOCL
日本军国主义侵华资料长编			8		THUOCL
日本现代审判制度			8		THUOCL
昆明经济技术开发区条例			8		THUOCL
明清土地契约文书研究			8		THUOCL
替代性市场法			8		THUOCL
最新常用经济法律法规			8		THUOCL
欧共体竞争法通论			8		THUOCL
欧盟环境政策法律研究			8		THUOCL
武汉市城市节约用水条例			8		THUOCL
民用爆炸物品生产许可实施办法			8		THUOCL
水利风景区管理办法			8		THUOCL
水路危险货物运输规则			8		THUOCL
汉文帝刑制改革			8		THUOCL
江苏盐城瑞信律师事务所			8		THUOCL
江苏省少数民族权益保障条例			8		THUOCL
沈寄簃先生遗书			8		THUOCL
沙里亚法院			8		THUOCL
河北省基本农田保护条例			8		THUOCL
河北省社会保险费征缴暂行办法			8		THUOCL
河南昌浩律师事务所			8		THUOCL
河南省消防安全责任制实施办法			8		THUOCL
河南省粮油饲料产品质量监督检验站			8		THUOCL
沿海航标管理办法			8		THUOCL
法学方法论导论			8		THUOCL
法律效力论			8		THUOCL
注册会计师审计法律责任			8		THUOCL
注意义务研究			8		THUOCL
浙江省林地管理办法			8		THUOCL
浙江省沼气开发利用促进办法			8		THUOCL
海关办理行政处罚案件程序规定			8		THUOCL
海宁市慈善总会			8		THUOCL
海洋行政执法法律文书基本格式应用指南			8		THUOCL
深圳市人民币特种股票管理暂行办法			8		THUOCL
湖北省未成年人保护实施办法			8		THUOCL
湖南省土地管理实施办法			8		THUOCL
热风焊接法			8		THUOCL
独生子女父母奖励费落实率			8		THUOCL
珠海市相对集中行政处罚权条例			8		THUOCL
硬式谈判法			8		THUOCL
禁止转让背书			8		THUOCL
福州市大气污染防治办法			8		THUOCL
第一类精神药品管理规定			8		THUOCL
粉煤灰综合利用管理办法			8		THUOCL
统一汇票本票法公约			8		THUOCL
网盟营销			8		THUOCL
网络知识产权法律保护			8		THUOCL
职业安全健康管理制度			8		THUOCL
职工持股制度与主协调律师制度			8		THUOCL
肖君拥			8		THUOCL
脑死亡与器官移植			8		THUOCL
自然资源国家所有权			8		THUOCL
航道工程竣工验收管理办法			8		THUOCL
船舶营运费用			8		THUOCL
苏州市企业知名字号认定和保护办法			8		THUOCL
苏州市食用农产品安全监督管理条例			8		THUOCL
行政争议法律援助			8		THUOCL
行政执法和司法人员知识产权读本			8		THUOCL
行政机关公务员处分条例学习读本			8		THUOCL
西双版纳傣族自治州中级人民法院			8		THUOCL
论犯罪和刑罚			8		THUOCL
诉讼时效效力			8		THUOCL
财政转移支付法律制度			8		THUOCL
贵州民族学院法学院			8		THUOCL
贵州铝厂工贸实业总公司			8		THUOCL
资产评估收费标准			8		THUOCL
轻微违约行为			8		THUOCL
辽宁省企业负担监督管理规定			8		THUOCL
辽宁省林木种子管理条例			8		THUOCL
邵东县司法局			8		THUOCL
采取虚构事实隐瞒真相			8		THUOCL
重庆市管线工程规划管理办法			8		THUOCL
重庆浩邦律师事务所			8		THUOCL
阵地式谈判			8		THUOCL
陈智军			8		THUOCL
靖远黄河大桥			8		THUOCL
非必要共同诉讼			8		THUOCL
非法剥夺宗教信仰自由罪			8		THUOCL
领养母亲			8		THUOCL
领导职位权			8		THUOCL
黑龙江省发展中医条例			8		THUOCL
一般留置权			7		THUOCL
三元陶瓷集团			7		THUOCL
上海市盐业管理若干规定			7		THUOCL
不歧视待遇			7		THUOCL
不要式民事法律行为			7		THUOCL
专利代理人资格考试考务规则			7		THUOCL
专利资产评估管理暂行办法			7		THUOCL
专有技术秘密			7		THUOCL
专权离婚主义			7		THUOCL
业权文件			7		THUOCL
中世纪西欧骑士制度			7		THUOCL
中华人民共和国价格违法行为行政处罚规定			7		THUOCL
中华人民共和国工业产品生产许可证条例			7		THUOCL
中华人民共和国报废汽车回收管理办法			7		THUOCL
中华人民共和国海关实施人身扣留规定			7		THUOCL
中国专利发明人年鉴			7		THUOCL
中国习惯法论			7		THUOCL
中国共产党党内法规制定程序暂行条例			7		THUOCL
中国刑事政策和策略问题			7		THUOCL
中国妇女第七次全国代表大会			7		THUOCL
中国宪法研究			7		THUOCL
中国少数民族法制史			7		THUOCL
中国煤炭行业自律公约			7		THUOCL
中国财贸工会			7		THUOCL
中央水利资金管理责任制度			7		THUOCL
中央补助地方法律援助办案专款管理暂行办法			7		THUOCL
中西法文化的暗合与差异			7		THUOCL
为什么制度重要			7		THUOCL
主要业务地点			7		THUOCL
二十种随烦恼			7		THUOCL
产业损害调查信息查阅与信息披露规定			7		THUOCL
产权或有变动事项			7		THUOCL
从员工持股到管理者收购			7		THUOCL
以格代科			7		THUOCL
企业事业单位内部治安保卫工作规定			7		THUOCL
优秀辩护词代理词精选			7		THUOCL
伪造计划供应票证罪			7		THUOCL
供用电监督管理办法			7		THUOCL
依法治国与和谐社会建设			7		THUOCL
保护人权与基本自由公约			7		THUOCL
保护注册商标专用权原则			7		THUOCL
保险公司信息披露管理办法			7		THUOCL
倒签期权			7		THUOCL
全国产品质量仲裁检验暂行办法			7		THUOCL
全查法			7		THUOCL
公务员免职			7		THUOCL
公民权利和政治权利国际公约任择议定书			7		THUOCL
公路水运工程监理企业资质管理规定			7		THUOCL
兽药产品批准文号管理办法			7		THUOCL
兽药广告审查办法			7		THUOCL
内蒙古自治区建筑市场管理条例			7		THUOCL
内部行政违法			7		THUOCL
农业部信息公开规定			7		THUOCL
农村劳动力转移培训财政补助资金管理办法			7		THUOCL
农民股份合作企业暂行规定			7		THUOCL
准禁治产人			7		THUOCL
刑事辩护指南			7		THUOCL
劳动争议处理实务			7		THUOCL
北京市专利申请资助金管理暂行办法			7		THUOCL
北京市机动车道路停车秩序管理办法			7		THUOCL
北京市行政规范性文件备案监督办法			7		THUOCL
华南理工大学人力资源研究中心			7		THUOCL
南京市档案条例			7		THUOCL
南宁市征用集体土地条例			7		THUOCL
南昌市城市市容和环境卫生管理条例			7		THUOCL
南昌市机动车排气污染防治条例			7		THUOCL
危机与未来			7		THUOCL
危险废物出口核准管理办法			7		THUOCL
双重否决权			7		THUOCL
反基因歧视法			7		THUOCL
周忠海国际法论文集			7		THUOCL
呼和浩特市房屋租赁管理办法			7		THUOCL
哈尔滨市危险废物污染环境防治办法			7		THUOCL
四川省保护消费者合法权益条例			7		THUOCL
四川省学校安全管理办法			7		THUOCL
国产音像制品出口专项资金管理办法			7		THUOCL
国务院工作部门面试考官资格管理暂行细则			7		THUOCL
国家上海新药安全评价研究中心			7		THUOCL
国家突发公共事件预案体系			7		THUOCL
国家重点保护植物制品罪			7		THUOCL
国有资产评估违法行为处罚办法			7		THUOCL
国际反贪污贿赂理论与司法实践			7		THUOCL
国际武器贸易条例			7		THUOCL
土地估价师继续教育暂行规定			7		THUOCL
土地资源保护与民事立法研究			7		THUOCL
塔克西拉古城遗址			7		THUOCL
外国法制史自学考试指导与题解			7		THUOCL
奴隶宪法			7		THUOCL
好猫论			7		THUOCL
委托背书			7		THUOCL
学位论文写作指导			7		THUOCL
宁夏回族自治区地方储备粮管理条例			7		THUOCL
宁波市车棚车库使用管理暂行规定			7		THUOCL
安徽省中小企业协会			7		THUOCL
安徽省建设工程造价管理办法			7		THUOCL
宏观经济基本状况			7		THUOCL
实用法律英语			7		THUOCL
家庭必备法律手册			7		THUOCL
寄搭户			7		THUOCL
对第三人债权			7		THUOCL
山东省重特大生产安全事故隐患排查治理办法			7		THUOCL
山西杏梅律师事务所			7		THUOCL
山西省企业负担监督办法			7		THUOCL
帝国之鞭与寡头之链			7		THUOCL
常见错误分类精讲			7		THUOCL
广东省档案条例			7		THUOCL
广东省行政机构设置和编制管理条例			7		THUOCL
广东省重大食品安全事故应急预案			7		THUOCL
广东省高速公路管理条例			7		THUOCL
广州市国家公务员职务任免实施办法			7		THUOCL
广州市社会保险定点医疗机构管理办法			7		THUOCL
广播电视法规与职业道德			7		THUOCL
广西壮族自治区农业机械管理条例			7		THUOCL
广西壮族自治区失业保险办法			7		THUOCL
广西壮族自治区建设工程造价管理办法			7		THUOCL
建设领域违法违规行为举报管理办法			7		THUOCL
开发建设项目水土保持方案管理办法			7		THUOCL
引诱妇女卖淫罪			7		THUOCL
当事人起诉要求			7		THUOCL
徐前权			7		THUOCL
徐州市餐饮服务业环境管理办法			7		THUOCL
德国政治制度			7		THUOCL
成都市公共场所治安管理规定			7		THUOCL
投资土地开发整理项目实施管理暂行办法			7		THUOCL
抚顺市优化经济发展环境条例			7		THUOCL
担保物权法比较研究			7		THUOCL
捷克斯洛伐克社会主义共和国经济法典			7		THUOCL
搁置否决权			7		THUOCL
摩托车排放污染防治技术政策			7		THUOCL
擅自改变武器装备编配用途罪			7		THUOCL
收集刑事证据实务			7		THUOCL
故意泄露国家机密罪			7		THUOCL
新疆维吾尔自治区体育发展条例			7		THUOCL
新疆维吾尔自治区市政公用事业特许经营条例			7		THUOCL
旅行社公告制度			7		THUOCL
既判案件			7		THUOCL
有关刑事判决书			7		THUOCL
机电产品出口招标办法			7		THUOCL
权力监督与制衡			7		THUOCL
松材线虫病疫区和疫木管理办法			7		THUOCL
概然性教唆			7		THUOCL
欧共体竞争立法			7		THUOCL
欧洲有机法案			7		THUOCL
武汉市商品交易市场管理条例			7		THUOCL
武汉市城市排水条例			7		THUOCL
武汉法律咨询			7		THUOCL
民权公约评注			7		THUOCL
民用机场管理暂行规定			7		THUOCL
水利旅游项目管理办法			7		THUOCL
汉德分类词语手册			7		THUOCL
汉英法律翻译教程			7		THUOCL
江苏省财政监督办法			7		THUOCL
沈阳市农产品质量安全管理办法			7		THUOCL
沈阳市农村公路管理办法			7		THUOCL
河北世纪鸿业律师事务所			7		THUOCL
河北省信访条例			7		THUOCL
河北省地方志工作规定			7		THUOCL
河北省失业保险实施办法			7		THUOCL
河北省高速公路交通安全规定			7		THUOCL
河南工业大学法学院			7		THUOCL
河南省信访条例			7		THUOCL
法学方法论与德沃金			7		THUOCL
法律信息学			7		THUOCL
法律维权启示录			7		THUOCL
法律谈判之道			7		THUOCL
法治国家论			7		THUOCL
波兰第一共和国			7		THUOCL
注册化工工程师执业资格制度暂行规定			7		THUOCL
浙江省产品质量监督条例			7		THUOCL
浙江省新型墙体材料开发利用管理办法			7		THUOCL
海关实施人身扣留规定			7		THUOCL
消耗臭氧层物质进出口管理办法			7		THUOCL
深圳市制定法规条例			7		THUOCL
清偿抵充			7		THUOCL
湖北省散居少数民族工作条例			7		THUOCL
湖北省流通环节食品质量安全监督管理办法			7		THUOCL
牛羊课			7		THUOCL
物价管理体制			7		THUOCL
盐城市民政局			7		THUOCL
相对负刑事责任时期			7		THUOCL
石家庄市出租汽车客运管理办法			7		THUOCL
福州市全日制民办教育若干规定			7		THUOCL
福建省安全生产条例			7		THUOCL
税收档板			7		THUOCL
粘性增值			7		THUOCL
经济合同示范文本管理办法			7		THUOCL
继承纠纷维权必备			7		THUOCL
舆论监督与名誉权问题研究			7		THUOCL
艰难与希望			7		THUOCL
药检站			7		THUOCL
蓬溪县农业局			7		THUOCL
让予担保			7		THUOCL
论缔约过失责任			7		THUOCL
设备润滑管理制度			7		THUOCL
证券法前沿问题案例研究			7		THUOCL
证券集中托管			7		THUOCL
诈欺和解罪			7		THUOCL
贩卖假药罪			7		THUOCL
贵州省水能资源使用权有偿出让办法			7		THUOCL
辽宁省村民委员会选举办法			7		THUOCL
辽宁省禁止赌博条例			7		THUOCL
进出口商品检验鉴定机构管理办法			7		THUOCL
远离商业贿赂			7		THUOCL
逃避动植物检疫罪			7		THUOCL
邯郸市建设工程招标投标条例			7		THUOCL
银行调运外币现钞进出境管理规定			7		THUOCL
陆生野生动物资源保护管理费收费办法			7		THUOCL
陕西省国有企业监事会暂行办法			7		THUOCL
陶文俊			7		THUOCL
障碍未遂			7		THUOCL
非计划合同			7		THUOCL
麻醉药品和精神药品运输管理办法			7		THUOCL
黄长勇			7		THUOCL
黑龙江省劳动力市场管理条例			7		THUOCL
一般渎职罪			6		THUOCL
一般转让背书			6		THUOCL
上海市工会条例			6		THUOCL
上海市防汛条例			6		THUOCL
中华人民共和国军事法			6		THUOCL
中华人民共和国合作经营企业法			6		THUOCL
中华人民共和国招标投标法注释本			6		THUOCL
中华人民共和国法律释义全书			6		THUOCL
中华人民共和国海洋渔业船员发证规定			6		THUOCL
中华人民共和国食品法			6		THUOCL
中国人权年刊			6		THUOCL
中国人民共和国未成年人保护法			6		THUOCL
中国企业法律事典			6		THUOCL
中国国际象棋业余等级条例			6		THUOCL
中国能源法律体系研究			6		THUOCL
中国道路交通安全法			6		THUOCL
丽水市公安局交通警察支队			6		THUOCL
乌鲁木齐市燃气管理条例			6		THUOCL
乞丐罪			6		THUOCL
云南省企业职工基本养老保险条例			6		THUOCL
交通行业知识产权管理办法			6		THUOCL
产品责任保险合同			6		THUOCL
企业常用法律文书范本			6		THUOCL
企业知识产权法律风险防范			6		THUOCL
会计地方法规			6		THUOCL
伪造车票罪			6		THUOCL
住房信贷保险			6		THUOCL
侵权行为法论			6		THUOCL
保障措施产业损害调查与裁决规定			6		THUOCL
信托代理关系			6		THUOCL
信用卡冒用			6		THUOCL
信贷规模考核			6		THUOCL
党员干部法律知识学习读本			6		THUOCL
全权代理委托书			6		THUOCL
全部露出说			6		THUOCL
公路旅客运输合同			6		THUOCL
兰州市实施大气污染防治法办法			6		THUOCL
兴业银行个人消费贷款			6		THUOCL
内蒙古自治区见义勇为人员奖励和保护条例			6		THUOCL
农作物种子质量检验机构考核管理办法			6		THUOCL
农村卫生人员培训大纲指导意见			6		THUOCL
农药限制使用管理规定			6		THUOCL
出入境检验检疫行政处罚程序规定			6		THUOCL
出入澳门赌博			6		THUOCL
出国医护专业技术人员资格认定管理办法			6		THUOCL
创业板上市实战			6		THUOCL
制裁规则			6		THUOCL
功利主义法学派			6		THUOCL
勘察设计注册机械工程师制度暂行规定			6		THUOCL
化学药品和生物制品说明书规范细则			6		THUOCL
医患权益与保护			6		THUOCL
卫生信访工作办法			6		THUOCL
印染行业废水污染防治技术政策			6		THUOCL
厦门经济特区出租汽车营运管理条例			6		THUOCL
反垄断法理解与适用			6		THUOCL
口头委托协议			6		THUOCL
合同债权质押			6		THUOCL
吉林省地方铁路条例			6		THUOCL
吉林省水能资源开发利用条例			6		THUOCL
呼和浩特第二监狱			6		THUOCL
品质增减价条款			6		THUOCL
商业保险纠纷诉讼			6		THUOCL
商业标志法			6		THUOCL
商业诽谤行为			6		THUOCL
商标权利范围			6		THUOCL
喜马拉雅条款			6		THUOCL
器官移植与脑死亡			6		THUOCL
四川省专利保护条例			6		THUOCL
四川省公墓管理条例			6		THUOCL
四库全书术数初集			6		THUOCL
团体协约法			6		THUOCL
国债期货交易管理暂行办法			6		THUOCL
国内外蜂产品相关法律法规汇编			6		THUOCL
国家及其财产豁免权			6		THUOCL
国家投资土地开发整理项目竣工验收暂行办法			6		THUOCL
国家测绘局政务公开规定			6		THUOCL
国家督学聘任管理办法			6		THUOCL
国际专利分类斯特拉斯堡协定			6		THUOCL
国际奶制品协议			6		THUOCL
国际牛肉协议			6		THUOCL
国际犯罪与国际刑事司法协助			6		THUOCL
国际科学技术会议与展览管理暂行办法			6		THUOCL
国际经济法习题集			6		THUOCL
国际经济法热点问题研究			6		THUOCL
图解刑法适用大全			6		THUOCL
土地共有使用权			6		THUOCL
城市住宅局			6		THUOCL
城市地下水开发利用保护管理规定			6		THUOCL
天然林保护工程财政资金管理规定			6		THUOCL
太原市城市道路管理条例			6		THUOCL
女性意外险			6		THUOCL
委托不明			6		THUOCL
学生常用法规全书			6		THUOCL
宁夏回族自治区人才市场条例			6		THUOCL
宁夏回族自治区煤炭资源勘查开发与保护条例			6		THUOCL
宁夏回族自治区预防职务犯罪工作条例			6		THUOCL
安徽省农业生态环境保护条例			6		THUOCL
安徽省农村能源建设与管理条例			6		THUOCL
安徽省建筑工程招标投标管理办法			6		THUOCL
安徽省收费管理条例			6		THUOCL
安远县人民法院			6		THUOCL
定值保险与不定值保险			6		THUOCL
实用法律文书写作			6		THUOCL
实行犯过限			6		THUOCL
审计机关审计人员职业道德准则			6		THUOCL
家犬管理条例			6		THUOCL
山东省农产品质量安全条例			6		THUOCL
山东省农药管理办法			6		THUOCL
工业成本利润率			6		THUOCL
并购与反垄断			6		THUOCL
广东天诺律师事务所			6		THUOCL
广东省地方税务局网上申报纳税管理办法			6		THUOCL
广东省城镇房地产转让条例			6		THUOCL
广东省外商投资企业劳动管理规定			6		THUOCL
广东省营业性射击场管理规定			6		THUOCL
广东省饲料产品质量监督检验站			6		THUOCL
广播电影电视立法程序规定			6		THUOCL
广西壮族自治区船闸管理办法			6		THUOCL
建筑施工附着升降脚手架管理暂行规定			6		THUOCL
建设工程安全监理规程			6		THUOCL
建设工程抗御地震灾害管理规定			6		THUOCL
建隆编敕			6		THUOCL
强令违章冒险作业事故罪			6		THUOCL
当代中国司法文明与司法改革			6		THUOCL
形成诉权			6		THUOCL
徐州市安全生产监督管理局			6		THUOCL
德国反不正当竞争法研究			6		THUOCL
战时拒绝军事征用罪			6		THUOCL
房地产法前沿			6		THUOCL
房地产行业物权法适用手册			6		THUOCL
房屋拆迁证据保全公证细则			6		THUOCL
手段不能犯			6		THUOCL
抚摩灵魂			6		THUOCL
抵押权登记制度			6		THUOCL
政府间海事协商组织公约			6		THUOCL
文书定制			6		THUOCL
斩绞监候			6		THUOCL
新分析法学派			6		THUOCL
新疆维吾尔自治区监狱管理局			6		THUOCL
新疆维吾尔自治区野生植物保护条例			6		THUOCL
新编司法文书范本			6		THUOCL
新编常用司法解释小全书			6		THUOCL
新编法律文书写作			6		THUOCL
新闻记者法			6		THUOCL
日内瓦统一汇票本票法公约			6		THUOCL
日志中国			6		THUOCL
日本专利制度			6		THUOCL
普及破产主义			6		THUOCL
最新医疗诉讼案例精点			6		THUOCL
最高人民法院司法解释理解与适用			6		THUOCL
有偿民事法律行为			6		THUOCL
杜集区人民法院			6		THUOCL
杭州湾跨海大桥管理暂行办法			6		THUOCL
校园侵权			6		THUOCL
案件接洽			6		THUOCL
桓台县烟草专卖局			6		THUOCL
死刑改革研究报告			6		THUOCL
民主自决权			6		THUOCL
民事简易程序研究			6		THUOCL
民事诉讼终结			6		THUOCL
民用爆炸物品建设项目验收管理办法			6		THUOCL
民用航空器贸易协议			6		THUOCL
汕头市文化市场管理条例			6		THUOCL
江西宋城律师事务所			6		THUOCL
江西省长江河道采砂管理实施办法			6		THUOCL
河北省体育经营活动管理办法			6		THUOCL
河北省取水许可制度管理办法			6		THUOCL
河南省评标专家和评标专家库管理办法			6		THUOCL
油气田企业增值税暂行管理办法			6		THUOCL
泊位合同			6		THUOCL
法学基础课程导读			6		THUOCL
法律文书写作思维			6		THUOCL
法苑撷英			6		THUOCL
波斯纳与法律经济分析			6		THUOCL
注册化工工程师执业资格考试实施办法			6		THUOCL
浙江人地律师事务所			6		THUOCL
浙江政法联律师事务所			6		THUOCL
浙江省台湾同胞投资保障条例			6		THUOCL
浙江省城市房屋拆迁管理实施细则			6		THUOCL
浙江省基本农田保护条例			6		THUOCL
浙江省未成年人保护条例			6		THUOCL
浙江省松材线虫病防治办法			6		THUOCL
海口市农村宅基地管理办法			6		THUOCL
海洋渔业船员发证规定			6		THUOCL
涉外企业法律实用指导			6		THUOCL
深圳经济特区企业工资管理暂行规定			6		THUOCL
港口合同			6		THUOCL
湖南公安高等专科学校学报			6		THUOCL
特别留置权			6		THUOCL
环境与自然资源法			6		THUOCL
环境侵权救济法律制度			6		THUOCL
监狱经济体制改革研究			6		THUOCL
目标成本计算法			6		THUOCL
知识产权不侵权确认之诉			6		THUOCL
矿业权评估师执业资格制度暂行规定			6		THUOCL
禁用集束炸弹公约			6		THUOCL
福建省企业职工生育保险规定			6		THUOCL
离婚法律问题指南			6		THUOCL
税收激励效应			6		THUOCL
穆斯林发展中八国集团			6		THUOCL
经济案件级别管辖			6		THUOCL
经济法制手段			6		THUOCL
结婚生育法律问题指南			6		THUOCL
绝对法律行为			6		THUOCL
统一全国税政			6		THUOCL
继承纠纷锦囊			6		THUOCL
网络信用卡诈骗犯罪			6		THUOCL
联合国国际贸易法委员会国际商事仲裁示范法			6		THUOCL
股票指数期货期权			6		THUOCL
自然资源法学			6		THUOCL
药品零售连锁企业有关规定			6		THUOCL
行政行为主体合法			6		THUOCL
西藏自治区信访条例			6		THUOCL
计量比对管理办法			6		THUOCL
设立境外中国产业投资基金管理办法			6		THUOCL
诉讼费用交纳办法释义			6		THUOCL
财政农业专项资金管理规则			6		THUOCL
贵州省行政执法奖励办法			6		THUOCL
资政院院章			6		THUOCL
超越比利牛斯山			6		THUOCL
越南落地签			6		THUOCL
辽宁省建设工程质量条例			6		THUOCL
辽宁省重大动物疫情应急实施办法			6		THUOCL
运送他人偷越国边境罪			6		THUOCL
近代中国社会保障立法研究			6		THUOCL
进一步推进矿产资源开发整合			6		THUOCL
通行价格定价法			6		THUOCL
道路交通事故侵权责任			6		THUOCL
金银复本位制度			6		THUOCL
钦定工部则例			6		THUOCL
铁路建设工程勘察设计管理办法			6		THUOCL
陈耀权			6		THUOCL
陕西省民营科技企业条例			6		THUOCL
隔爆型阀门电动装置技术条件			6		THUOCL
非定向拍卖			6		THUOCL
非自执行条约			6		THUOCL
预约再保险合同			6		THUOCL
风险可保性			6		THUOCL
香港刑事法			6		THUOCL
一般税收协定			5		THUOCL
上海市企业名称登记管理规定			5		THUOCL
专业化银行制			5		THUOCL
专有表演权			5		THUOCL
专项规划环境影响报告书审查办法			5		THUOCL
世界法律名著选读			5		THUOCL
中华人民共和国主席令第六十五号			5		THUOCL
中华人民共和国内河海事行政处罚规定			5		THUOCL
中华人民共和国多边条约集			5		THUOCL
中华人民共和国学校法			5		THUOCL
中华人民共和国经济简史			5		THUOCL
中华人民共和国邮资票品目录			5		THUOCL
中国古代契约法			5		THUOCL
中国大陆行政诉讼			5		THUOCL
中国当代法学争鸣实录			5		THUOCL
中国影响性诉讼			5		THUOCL
中国滑雪场所管理规范			5		THUOCL
中国职务犯罪预防调查报告			5		THUOCL
中央转业建设委员会			5		THUOCL
中止令			5		THUOCL
乌鲁木齐市信访局			5		THUOCL
乡镇企业承包经营责任制规定			5		THUOCL
书刊印刷产品质量监督管理暂行办法			5		THUOCL
乾理律师事务所			5		THUOCL
亲属法专论			5		THUOCL
人体器官移植委员会			5		THUOCL
人类生殖科技条例			5		THUOCL
仲裁解决法			5		THUOCL
企业创新决策			5		THUOCL
侦查方法论			5		THUOCL
俄罗斯联邦刑事法典			5		THUOCL
偶发性犯罪人			5		THUOCL
克拉灵顿诏令			5		THUOCL
全国物业管理从业人员岗位证书管理办法			5		THUOCL
全国税务机关公文处理办法			5		THUOCL
全日制普通高等学校学生学籍管理办法			5		THUOCL
八邪罪			5		THUOCL
公务员轮换			5		THUOCL
公开市场业务一级交易商制度			5		THUOCL
农业行政执法文书制作规范			5		THUOCL
农村征地拆迁纠纷处理实务			5		THUOCL
刑事办案手册			5		THUOCL
刑事诉讼前沿研究			5		THUOCL
刑法指导原则草案			5		THUOCL
加强税收征管稽查			5		THUOCL
劳动合同权益维护			5		THUOCL
劳动合同法条文评注与适用			5		THUOCL
北川羌族自治县自治条例			5		THUOCL
医疗告知手册			5		THUOCL
医疗法律学			5		THUOCL
协会罢工险条款			5		THUOCL
南昌市公益林保护条例			5		THUOCL
南昌市蔬菜基地保护条例			5		THUOCL
博物馆藏品保管试行办法			5		THUOCL
危害国家安全罪办案一本通			5		THUOCL
厦门市风景名胜资源保护管理条例			5		THUOCL
县长考试条例			5		THUOCL
反倾销初步裁定			5		THUOCL
反倾销最终裁定			5		THUOCL
反倾销退税暂行规则			5		THUOCL
受贿罪研究新动向			5		THUOCL
可转让许可证			5		THUOCL
司法笔录训练			5		THUOCL
吉林省广播电视设施保护条例			5		THUOCL
后魏律			5		THUOCL
商标平台			5		THUOCL
商用房开发贷款			5		THUOCL
商贸企业文化			5		THUOCL
四川省行政机构设置和编制管理办法			5		THUOCL
国务院企业管理委员会			5		THUOCL
国土资源标准化管理办法			5		THUOCL
国家公职人员受贿罪			5		THUOCL
国家大学科技园认定和管理办法			5		THUOCL
国家自然科学基金委员会章程			5		THUOCL
国际法专题研究			5		THUOCL
国际海事欺诈			5		THUOCL
国际海事诉讼管辖权问题研究			5		THUOCL
国际贸易法规与惯例			5		THUOCL
土地注册处处长			5		THUOCL
土地登记代理合同			5		THUOCL
地质灾害防治管理条例			5		THUOCL
城市湿地公园规划设计导则			5		THUOCL
多次课征制			5		THUOCL
大连市政府法制办			5		THUOCL
天津市市场中介机构管理办法			5		THUOCL
奥地利普通民法典			5		THUOCL
妇女法研究			5		THUOCL
妨害风化犯罪			5		THUOCL
婚姻完全破裂			5		THUOCL
婚姻家庭纠纷处理依据小全书			5		THUOCL
婚姻家庭纠纷案件律师业务			5		THUOCL
学校体育工作重要法规文件选编			5		THUOCL
宁波市住宅小区物业管理条例			5		THUOCL
宗教活动场所主要教职任职备案办法			5		THUOCL
实用古汉语知识宝典			5		THUOCL
实用法律指南			5		THUOCL
审判监督指导与研究			5		THUOCL
审计机关审计档案工作准则			5		THUOCL
宪法与社会主义新农村建设			5		THUOCL
山东省涉案物品价格鉴证条例			5		THUOCL
山东鲁泉律师事务所			5		THUOCL
工程建设地方标准化工作管理规定			5		THUOCL
布朗诉托皮卡教育局案			5		THUOCL
师德行为规范			5		THUOCL
干部民族化			5		THUOCL
平均化效应			5		THUOCL
幻觉犯			5		THUOCL
广东省专利条例			5		THUOCL
广东省禁止赌博条例			5		THUOCL
广告效益法			5		THUOCL
广州市国家公务员录用实施办法			5		THUOCL
广州市地方性法规制定办法			5		THUOCL
庭前会议制度			5		THUOCL
建设工程保险制度			5		THUOCL
影视法导论			5		THUOCL
律师责任保险制度			5		THUOCL
徐州市城市市容和环境卫生管理条例			5		THUOCL
御侮副尉			5		THUOCL
微小价值			5		THUOCL
忠诚合同			5		THUOCL
恐怖刑场			5		THUOCL
成都市保护消费者权益条例			5		THUOCL
战时造谣扰乱军心罪			5		THUOCL
执业证年检			5		THUOCL
承包企业法人			5		THUOCL
抵押转递证券			5		THUOCL
搬迁补助款			5		THUOCL
教务专约			5		THUOCL
文件处置办法			5		THUOCL
文化遗产报告			5		THUOCL
新媒体百科全书			5		THUOCL
新编养老保险政策问答			5		THUOCL
新郑市财政局			5		THUOCL
无过失责任保险			5		THUOCL
日本违宪审查制度			5		THUOCL
最新刑事办案一本全			5		THUOCL
最高人民检察院关于办理非法生产			5		THUOCL
有尘作业			5		THUOCL
有法律代表			5		THUOCL
杭州市钱塘公证处			5		THUOCL
桃江县国土资源局			5		THUOCL
检察院派出机构			5		THUOCL
欧洲市场一体化			5		THUOCL
殴击罪			5		THUOCL
民事审判手册			5		THUOCL
民商事案件裁判方法			5		THUOCL
民商法问题研究与适用			5		THUOCL
汉德经济和经济法词典			5		THUOCL
江西省土地登记办法			5		THUOCL
汽车排气污染监督管理办法			5		THUOCL
河北省发展中医条例			5		THUOCL
河北省土木建筑学会			5		THUOCL
河北省建筑市场管理条例			5		THUOCL
河南省人工影响天气管理条例			5		THUOCL
河南省母婴保健条例			5		THUOCL
法律语言规范化研究			5		THUOCL
法院现代化建设战略研究			5		THUOCL
泰王国经济贸易法律指南			5		THUOCL
浙江省水路运输管理条例			5		THUOCL
消耗定额记录制度			5		THUOCL
深圳经济特区河道管理条例			5		THUOCL
湖北省公共安全技术防范管理规定			5		THUOCL
湖北省科学技术普及条例			5		THUOCL
特定税收协定			5		THUOCL
珠海市土地管理条例			5		THUOCL
用尽当地救济原则			5		THUOCL
监守盗			5		THUOCL
知识产权侵权民事救济			5		THUOCL
知识产权保护战略研究			5		THUOCL
知识产权间接侵权			5		THUOCL
社会力量办学印章管理暂行规定			5		THUOCL
禁止非法使用武力			5		THUOCL
科技型中小企业技术创新基金申请须知			5		THUOCL
税务检查证管理暂行办法			5		THUOCL
税收回报理论			5		THUOCL
空间物体登记管理办法			5		THUOCL
竺农范			5		THUOCL
约定条款内容			5		THUOCL
约束性保护			5		THUOCL
纺织品机织物拉伸弹性试验方法			5		THUOCL
绝对保留事项			5		THUOCL
编辑工作手册			5		THUOCL
美国枪支法			5		THUOCL
美国警察管理体制与执法规范			5		THUOCL
联合会员资格或非正式会员资格			5		THUOCL
股权转让协议效力司法疑难问题			5		THUOCL
自动弃权行为			5		THUOCL
航空管理公约			5		THUOCL
航空黑名单			5		THUOCL
船舶油污应急计划			5		THUOCL
芦汉铁路借款合同			5		THUOCL
英汉妇女与法律词汇释义			5		THUOCL
营利犯			5		THUOCL
蒙古国刑法典			5		THUOCL
规划建设法规			5		THUOCL
论澳门基本法			5		THUOCL
试点与改革			5		THUOCL
诺成性行为			5		THUOCL
诺成法律行为			5		THUOCL
购房住房无忧宝典			5		THUOCL
贴现负债			5		THUOCL
贵州省城市房屋拆迁管理办法			5		THUOCL
超级小律师			5		THUOCL
进口贴息资金管理办法			5		THUOCL
连带债务责任			5		THUOCL
里格斯诉帕尔默案			5		THUOCL
重庆市城市建设配套费征收管理办法			5		THUOCL
铁面急先锋			5		THUOCL
银行存款法			5		THUOCL
销售人员意见法			5		THUOCL
长春经济技术开发区管理条例			5		THUOCL
靖州苗族侗族自治县公安局			5		THUOCL
非常法律语文			5		THUOCL
非法出境行为			5		THUOCL
韩国民事执行法			5		THUOCL
领导干部学法用法实用软件			5		THUOCL
食品安全有奖举报制度			5		THUOCL
香港特别行政区基本法导论			5		THUOCL
马耳他刑事法典			5		THUOCL
鹿邑县人民检察院			5		THUOCL
一般流氓行为			4		THUOCL
一调一裁两审制			4		THUOCL
七十自画像			4		THUOCL
三都水族自治县乡村公路条例			4		THUOCL
三都水族自治县水书文化保护条例			4		THUOCL
上海市事业单位人事争议处理办法			4		THUOCL
上海市水路运输管理条例			4		THUOCL
上海市职业介绍管理暂行规定			4		THUOCL
不完全酷刑档案			4		THUOCL
专题讲座配套练习			4		THUOCL
中华人民共和国和南非共和国引渡条约			4		THUOCL
中华人民共和国学位法			4		THUOCL
中华人民共和国就业促进法讲座			4		THUOCL
中华人民共和国节约能源法释义			4		THUOCL
中华人民共和国道路交通安全法释义			4		THUOCL
中华苏维埃共和国最高法院			4		THUOCL
中卫市农牧局			4		THUOCL
中国人民解放军现役士官探亲休假规定			4		THUOCL
中国名律师办案实录			4		THUOCL
中国国际私法完善研究			4		THUOCL
中国婚姻法学研究会			4		THUOCL
中国建筑与房地产法律法规			4		THUOCL
中国疑难刑事名案法理研究			4		THUOCL
中国知识产权评论			4		THUOCL
中国自然保护区区徽使用管理暂行办法			4		THUOCL
中国行政法学前沿问题报告			4		THUOCL
中国重案纪实录			4		THUOCL
事故发生制			4		THUOCL
云南省三江并流世界自然遗产地保护条例			4		THUOCL
云南省人民代表大会代表议案处理办法			4		THUOCL
云南省药品管理条例			4		THUOCL
互联网控制信息协议			4		THUOCL
产品责任保险条款			4		THUOCL
人力资源经理适用法规精解			4		THUOCL
人工影响天气管理条例释义			4		THUOCL
人民警察警衔工作管理办法			4		THUOCL
代理法律适用公约			4		THUOCL
价格鉴证师执业资格考试实施办法			4		THUOCL
保证金和职业责任保险			4		THUOCL
保险合同客体			4		THUOCL
保险法律手册			4		THUOCL
保险纠纷案例			4		THUOCL
倒卖计划供应票证罪			4		THUOCL
倾倒区管理暂行规定			4		THUOCL
全国电力系统学法用法实用软件			4		THUOCL
全面审计法			4		THUOCL
全面检查法			4		THUOCL
公共工程承包合同			4		THUOCL
公安机关法制部门工作规范			4		THUOCL
公室告与非公室告			4		THUOCL
公权市场			4		THUOCL
兴达人力资源市场			4		THUOCL
具体处罚行为			4		THUOCL
内蒙古自治区安全生产条例			4		THUOCL
农民工带薪休假制			4		THUOCL
农民工权益手册			4		THUOCL
出口食用动物饲用饲料检验检疫管理办法			4		THUOCL
出境竹木草制品检疫管理办法			4		THUOCL
分级分税制			4		THUOCL
刑事审判监督程序研究			4		THUOCL
刑事执行制度研究			4		THUOCL
刑事简易程序审判改革历程			4		THUOCL
刑法新解读			4		THUOCL
制创新权			4		THUOCL
办理劳动争议案件法律依据			4		THUOCL
办理行政诉讼案件法律依据			4		THUOCL
劳动事故伤残鉴定与赔偿			4		THUOCL
北京市禁止违法建设若干规定			4		THUOCL
北京恒光宏业科技发展有限公司			4		THUOCL
北京法院指导案例			4		THUOCL
医疗事故赔偿法			4		THUOCL
医疗器械广告审查发布标准			4		THUOCL
医疗机构制备正电子类放射性药品管理规定			4		THUOCL
医疗纠纷处理依据小全书			4		THUOCL
医疗纠纷案件律师业务			4		THUOCL
协议全损			4		THUOCL
单位经营资金			4		THUOCL
南宁市城市房地产交易管理条例			4		THUOCL
南昌市城市房地产抵押管理条例			4		THUOCL
南昌市城市湖泊保护条例			4		THUOCL
南昌市梅岭风景名胜区条例			4		THUOCL
南部县卫生局			4		THUOCL
印度古代法			4		THUOCL
厦门市住宅区公共设施专用基金管理暂行办法			4		THUOCL
厦门经济特区户外广告管理办法			4		THUOCL
双重标准理论			4		THUOCL
反垄断法经典判例解析			4		THUOCL
司法制度新论			4		THUOCL
司法考试记忆通			4		THUOCL
合伙企业法辞解			4		THUOCL
合同缔约过失责任			4		THUOCL
合同诈骗罪研究			4		THUOCL
吉林省个体工商户雇工工伤保险办法			4		THUOCL
和布克赛尔蒙古自治县草原生态保护条例			4		THUOCL
哈尔滨工程大学国际合作教育学院			4		THUOCL
商业银行信贷文化			4		THUOCL
商事合同签订指南与纠纷防范			4		THUOCL
商会与行业协会法律制度研究			4		THUOCL
商用密码产品生产管理规定			4		THUOCL
四川省人事争议处理办法			4		THUOCL
四川省工程建设项目招标代理办法			4		THUOCL
四川省标准化监督管理条例			4		THUOCL
四川英特信联合律师事务所			4		THUOCL
四强公约			4		THUOCL
国共两党庐山谈判			4		THUOCL
国务院审计长			4		THUOCL
国家公派出国教师生活待遇管理规定			4		THUOCL
国家司法考试全程辅导教材			4		THUOCL
国家环境保护工程技术中心管理办法			4		THUOCL
国家知识产权局行政复议规程			4		THUOCL
国家重点基础研究发展计划专项经费管理办法			4		THUOCL
国家重点风景名胜区规划编制审批管理办法			4		THUOCL
国有企业改革比较法律研究			4		THUOCL
国有煤矿瓦斯治理安全监察规定			4		THUOCL
国际人权公约与中国			4		THUOCL
国际化新形势新对策			4		THUOCL
国际法输入与晚清中国			4		THUOCL
国际特许经营指南			4		THUOCL
土地估价相关法律法规政策汇编			4		THUOCL
城乡规划与建设法规知识读本			4		THUOCL
外出务工人员法律援助指南			4		THUOCL
外国行政强制法律制度			4		THUOCL
大渡口区综合行政执法局			4		THUOCL
大连市城市环境卫生管理条例			4		THUOCL
大连市城市节约用水管理办法			4		THUOCL
大连市城市除雪管理办法			4		THUOCL
大连市进一步推广普通话规定			4		THUOCL
天津市地下空间规划管理条例			4		THUOCL
天津市行政执法违法责任追究暂行办法			4		THUOCL
夫妻约定财产制度			4		THUOCL
女性自我防卫			4		THUOCL
委托签发废弃物海洋倾倒许可证管理办法			4		THUOCL
婚姻法司法解释及相关法律规范			4		THUOCL
学生常用法规掌中宝			4		THUOCL
宁波市非机动车管理条例			4		THUOCL
宁波高新技术产业园区条例			4		THUOCL
安全生产综合预控法			4		THUOCL
安全评价人员资格登记管理规则			4		THUOCL
安徽省建筑安全生产管理办法			4		THUOCL
安徽省水上交通事故处理办法			4		THUOCL
安徽省经营性服务收费管理办法			4		THUOCL
安徽省行政机构设置和编制管理规定			4		THUOCL
宋代法规			4		THUOCL
宗教院校设立办法			4		THUOCL
定性决策法			4		THUOCL
宪台格例			4		THUOCL
家庭必备法律全书			4		THUOCL
家庭财产两全保险合同			4		THUOCL
家庭财产分割协议			4		THUOCL
宽甸满族自治县柞蚕场管理条例			4		THUOCL
小城镇环境规划编制导则			4		THUOCL
就业与和谐社会发展			4		THUOCL
山东省农村初级卫生保健条例			4		THUOCL
山西省体育竞赛监督管理办法			4		THUOCL
平邑县城市管理行政执法局			4		THUOCL
广东省人民代表大会常务委员会议事规则			4		THUOCL
广东省基础教育民办学校管理规定			4		THUOCL
广东省外商投资造林管理办法			4		THUOCL
广东省归侨侨眷权益保护实施办法			4		THUOCL
广东省扶助残疾人办法			4		THUOCL
广东省珠海经济特区房地产管理条例			4		THUOCL
广州市教育经费投入与管理条例			4		THUOCL
广州市残疾人专用机动车管理办法			4		THUOCL
应当宣布无效			4		THUOCL
建设用地计划管理办法			4		THUOCL
开发区规划管理办法			4		THUOCL
律师职业行为规则概论			4		THUOCL
徐州市地下水资源管理条例			4		THUOCL
徐州市河道采砂管理条例			4		THUOCL
微生物保存布达佩斯条约			4		THUOCL
心智发育不完全			4		THUOCL
怒江傈僳族自治州自治条例			4		THUOCL
恐惧之谷			4		THUOCL
成都市摩托车管理规定			4		THUOCL
成都市股份合作制企业条例			4		THUOCL
房地产营销与风险防范			4		THUOCL
所有非法僭建物			4		THUOCL
拍卖法案例指南			4		THUOCL
持续性要约			4		THUOCL
指定仲裁员函			4		THUOCL
捍卫国家法律尊严			4		THUOCL
推勘院			4		THUOCL
推定交货			4		THUOCL
携款潜逃罪			4		THUOCL
改编播放			4		THUOCL
文本与实践之间			4		THUOCL
新编中国法律文书范本			4		THUOCL
新编企业经营法小全书			4		THUOCL
新编公民实用法律大全			4		THUOCL
新编合同法			4		THUOCL
新证券法条文解析			4		THUOCL
旅客意外伤害保险合同			4		THUOCL
旅游经济政策			4		THUOCL
无对价抗辩			4		THUOCL
无锡市抵押物登记管理条例			4		THUOCL
普遍性管辖权			4		THUOCL
最新婚姻法实用问答			4		THUOCL
月旦民商法研究			4		THUOCL
未确认融资费用摊销			4		THUOCL
权属纠纷裁决			4		THUOCL
杭州市城市扬尘污染防治管理办法			4		THUOCL
杭州市市政公用事业特许经营条例			4		THUOCL
杭州市拱墅区卫生监督所			4		THUOCL
杭州市环境卫生有偿服务实施办法			4		THUOCL
林业标准化管理办法			4		THUOCL
林木承包合同			4		THUOCL
林木种质资源管理办法			4		THUOCL
林权纠纷法律指导			4		THUOCL
林语堂在大陆			4		THUOCL
核热电厂辐射防护规定			4		THUOCL
欧洲联盟国际私法			4		THUOCL
欧盟企业合并控制制度			4		THUOCL
武汉市城市房屋白蚁防治管理办法			4		THUOCL
武汉市暂住人口管理条例			4		THUOCL
武汉市森林资源管理办法			4		THUOCL
武汉市殡葬管理办法			4		THUOCL
民国名人诉讼案			4		THUOCL
民法通则及配套规定新释新解			4		THUOCL
水工金属结构防腐蚀工作管理办法			4		THUOCL
水泥窑纯低温余热发电技术大全			4		THUOCL
水路运输违章处罚规定			4		THUOCL
江西省企业劳动争议处理实施办法			4		THUOCL
江西省城市和镇控制性详细规划管理条例			4		THUOCL
沧州市产权交易中心			4		THUOCL
法学研究与方法论			4		THUOCL
法律基础新编			4		THUOCL
法律实用全书			4		THUOCL
法律监督论纲			4		THUOCL
法律限制和约束			4		THUOCL
法治周末			4		THUOCL
法西斯主义法学思潮			4		THUOCL
注射液中不溶性微粒检查法			4		THUOCL
浙江省产品质量监督管理条例			4		THUOCL
浙江省城市建设档案管理办法			4		THUOCL
海南经济特区农药管理若干规定			4		THUOCL
海洋行政执法必读			4		THUOCL
深圳市地质灾害防治管理办法			4		THUOCL
深圳市城市更新办法			4		THUOCL
滑坡灾害风险分析			4		THUOCL
烟台市福山区人民检察院			4		THUOCL
热泵技术与应用			4		THUOCL
爱尔兰自治法案			4		THUOCL
特种意外伤害保险合同			4		THUOCL
犯罪情报分析			4		THUOCL
珠海市大型群众性活动安全管理条例			4		THUOCL
甘肃省农业植物检疫办法			4		THUOCL
甘肃省城市房地产管理条例			4		THUOCL
生产销售不符合卫生标准食品罪			4		THUOCL
用电检查权			4		THUOCL
相对确定性规范			4		THUOCL
知识产权法前沿问题研究			4		THUOCL
石油天然气管道安全监督与管理暂行规定			4		THUOCL
石红英			4		THUOCL
确认不侵犯专利权诉讼			4		THUOCL
社会公知技术			4		THUOCL
票据文句			4		THUOCL
福州市市直行政事业单位办公用房管理办法			4		THUOCL
第一法律门户			4		THUOCL
终止劳动合同协议书			4		THUOCL
经常账户可兑换			4		THUOCL
经济法主体研究			4		THUOCL
结构化信托业务			4		THUOCL
给付性保险合同			4		THUOCL
绝对必要事项			4		THUOCL
网络购物维权			4		THUOCL
羁押制度与人权保障			4		THUOCL
美中经贸法律纠纷案例评析			4		THUOCL
美国政府道德法			4		THUOCL
美国法律概况			4		THUOCL
职业责任保险合同			4		THUOCL
脱户漏口			4		THUOCL
自为行为			4		THUOCL
自愿保险合同			4		THUOCL
药事法学			4		THUOCL
董事解任			4		THUOCL
行为目标法			4		THUOCL
行政法学方法论之变迁			4		THUOCL
补贴与反补贴措施协定条文释义			4		THUOCL
西方法学家列传			4		THUOCL
规模经济政策			4		THUOCL
认真对待人权			4		THUOCL
许可证贸易协议			4		THUOCL
财政普法读本			4		THUOCL
财经法律与企业经营			4		THUOCL
贵州省保健用品管理条例			4		THUOCL
贷款约束机制			4		THUOCL
路政岗位			4		THUOCL
过失破坏易燃易爆设备罪			4		THUOCL
迎鸽律师事务所			4		THUOCL
违反矿产资源法规行政处罚办法			4		THUOCL
道路交通安全法学			4		THUOCL
避险不得已			4		THUOCL
郑州市实施行政许可监督规定			4		THUOCL
酒店管理经典案例			4		THUOCL
重庆市村民委员会选举办法			4		THUOCL
重庆市职工养老保险暂行规定			4		THUOCL
银行业常用法律法规手册			4		THUOCL
锅炉房安全管理规则			4		THUOCL
陆空保险			4		THUOCL
陕西省律师服务收费标准			4		THUOCL
随缺地			4		THUOCL
雪山惨案			4		THUOCL
震撼战地手记			4		THUOCL
非法人团体研究			4		THUOCL
非法僭建物			4		THUOCL
非法转让技术			4		THUOCL
风景名胜区管理处罚规定			4		THUOCL
马库什权利要求			4		THUOCL
黑龙江省公车私用处罚办法			4		THUOCL
黑龙江省城市房地产开发管理条例			4		THUOCL
一串铃法			3		THUOCL
一对多业务			3		THUOCL
一般行政法原理			3		THUOCL
三都水族自治县城镇管理条例			3		THUOCL
上海市临港新城管理办法			3		THUOCL
上海市酒类商品产销管理条例			3		THUOCL
上海税收优惠政策			3		THUOCL
下城区内部审计工作规定			3		THUOCL
下岗职工与失业人员权益维护			3		THUOCL
专利复审委员会案例诠释			3		THUOCL
专利权纠纷案件法官点评			3		THUOCL
个体经济法			3		THUOCL
中华人民共和国人事法典			3		THUOCL
中华人民共和国农民专业合作社法释义			3		THUOCL
中华人民共和国和罗马尼亚引渡条约			3		THUOCL
中华人民共和国和蒙古国引渡条约			3		THUOCL
中华人民共和国国土资源法典			3		THUOCL
中华人民共和国国境口岸卫生监督办法			3		THUOCL
中华人民共和国文化体育法典			3		THUOCL
中华人民共和国物权法解读			3		THUOCL
中华人民共和国特种设备安全法			3		THUOCL
中华人民共和国猎枪弹具管理办法			3		THUOCL
中华人民共和国电子签章条例			3		THUOCL
中国之路与中国民法典			3		THUOCL
中国人民共和国企业破产法			3		THUOCL
中国人民共和国电子签名法			3		THUOCL
中国人民解放军武器装备管理条例			3		THUOCL
中国人民银行固定资产管理办法			3		THUOCL
中国公司法修改草案建议稿			3		THUOCL
中国区际刑法与刑事司法协助研究			3		THUOCL
中国古代巡视制度			3		THUOCL
中国外贸救济与外贸调查制度			3		THUOCL
中国聋哑人协会			3		THUOCL
中国高层次司法警官培养模式研究			3		THUOCL
中外合资经营企业劳动合同			3		THUOCL
中学生道路交通安全知识			3		THUOCL
中方县法院			3		THUOCL
乌兹别克斯坦共和国宪法			3		THUOCL
乐都县司法局			3		THUOCL
二十一世纪法律热点问题研究			3		THUOCL
云南省扫除文盲工作实施办法			3		THUOCL
云南省探矿权采矿权管理办法			3		THUOCL
云南省物业管理规定			3		THUOCL
人身损害受伤人员误工损失日评定准则			3		THUOCL
人身损害赔偿疑难案例专家点评			3		THUOCL
企业法定代表人登记管理警示制度			3		THUOCL
优惠成交法			3		THUOCL
伤残鉴定如何做			3		THUOCL
伪造变造犯罪定罪量刑案例评析			3		THUOCL
侦查监督制度			3		THUOCL
侵占犯罪定罪量刑案例评析			3		THUOCL
侵权责任法学			3		THUOCL
俄罗斯卡尔梅克国立大学			3		THUOCL
保险专营			3		THUOCL
信息产业部行政复议实施办法			3		THUOCL
信访与诉讼			3		THUOCL
债务效力			3		THUOCL
债权法新问题与判解研究			3		THUOCL
假名冒牌行为			3		THUOCL
偶成条件			3		THUOCL
储架注册制度			3		THUOCL
光单汇票			3		THUOCL
党员干部法律知识读本			3		THUOCL
全国人大常委会关于取缔邪教组织			3		THUOCL
全国剧场管理工作试行条例			3		THUOCL
全国烟草标准化技术委员会章程			3		THUOCL
全国艺术科学规划课题管理办法			3		THUOCL
公安消防岗位资格制度规定			3		THUOCL
兽医微生物菌种保藏管理试行办法			3		THUOCL
内蒙古自治区乡镇企业条例			3		THUOCL
内蒙古自治区取水许可制度实施细则			3		THUOCL
内蒙古自治区地震安全性评价管理办法			3		THUOCL
冻结非农业建设项目占用耕地规定			3		THUOCL
出入境特殊物品卫生检疫管理规定			3		THUOCL
出口货物税收函调管理办法			3		THUOCL
刑事审判方式改革研究			3		THUOCL
刑事相貌学侦查实用概述			3		THUOCL
刑事诉讼法学教学研究资料汇编			3		THUOCL
刑法改革与刑事司法新课题			3		THUOCL
判工行为			3		THUOCL
利津县卫生监督执法局			3		THUOCL
前苏联检察制度			3		THUOCL
办公法律好帮手			3		THUOCL
加拿大与中国经济诈欺犯罪比较			3		THUOCL
加拿大家庭法汇编			3		THUOCL
加拿大环境法			3		THUOCL
劳动争议处理政策问答			3		THUOCL
劳动争议处理法律制度研究			3		THUOCL
劳动合同及劳动和社会保障文书范本指南			3		THUOCL
劳动合同法案例判解			3		THUOCL
劳动和社会保障部政务公开办法			3		THUOCL
劳动者权益法律通			3		THUOCL
劳教人员习艺劳动			3		THUOCL
勘察设计注册石油天然气工程师制度暂行规定			3		THUOCL
北京市农民负担管理条例			3		THUOCL
北京市国土资源局丰台分局			3		THUOCL
北京市居民委员会选举办法			3		THUOCL
北京市煤炭经营监管实施细则			3		THUOCL
医疗事故处理常用法律法规手册			3		THUOCL
医疗产品责任			3		THUOCL
单位犯罪诉讼程序			3		THUOCL
单病种医保			3		THUOCL
南北榜案			3		THUOCL
南宁市公共用品清洗消毒卫生管理办法			3		THUOCL
南昌市液化石油气管理条例			3		THUOCL
南昌市节能监察中心			3		THUOCL
南昌市规范性文件制定和备案办法			3		THUOCL
南昌高新技术产业开发区条例			3		THUOCL
南通市城管局			3		THUOCL
南非共和国宪法			3		THUOCL
卫生部门信访工作办法			3		THUOCL
印度国防大学			3		THUOCL
反垄断法与经济学			3		THUOCL
反垄断法律问题研究			3		THUOCL
反社会党人非常法			3		THUOCL
可持续发展与环境资源法制建设			3		THUOCL
司法工作人员徇私舞弊罪			3		THUOCL
合作社法律制度研究			3		THUOCL
合同权利义务概括转移			3		THUOCL
合法稳定住所			3		THUOCL
吉林华港律师事务所			3		THUOCL
名义税收负担			3		THUOCL
哈尔滨新建监狱			3		THUOCL
商业医疗保险合同			3		THUOCL
商业犯罪研究			3		THUOCL
商业贿赂犯罪研究			3		THUOCL
商事登记效力			3		THUOCL
商务部特许经营备案			3		THUOCL
商品房买卖合同纠纷法律解释与案例			3		THUOCL
商标权使用权			3		THUOCL
商用密码科研管理规定			3		THUOCL
四川省价格监测规定			3		THUOCL
四川省企业招收职工规定			3		THUOCL
四川省林木采伐管理办法			3		THUOCL
国债代地方政府发行			3		THUOCL
国内船舶管理业规定			3		THUOCL
国家有机食品生产基地考核管理规定			3		THUOCL
国家林业局濒危物种进出口管理中心			3		THUOCL
国家级专项规划管理暂行办法			3		THUOCL
国家重点学科建设与管理暂行办法			3		THUOCL
国家重点风景名胜区审查办法			3		THUOCL
国有企业改革法律报告			3		THUOCL
国际刑事司法协助研究			3		THUOCL
国际商事仲裁及其适用法律研究			3		THUOCL
国际域名争端统一解决协议			3		THUOCL
国际工程承包风险与规避			3		THUOCL
土地储备证			3		THUOCL
土地影子费用			3		THUOCL
土地物权常见问题专家解答			3		THUOCL
地震行政执法规定			3		THUOCL
城市治理与中国发展			3		THUOCL
城镇就业人员变动数据测算暂行办法			3		THUOCL
夏朝法律制度			3		THUOCL
天津市耕地质量管理办法			3		THUOCL
天然气商品量管理暂行办法			3		THUOCL
失业下岗人员权益维护			3		THUOCL
妨害国家货币治罪暂行条例			3		THUOCL
威斯特伐利亚公会			3		THUOCL
婚姻法学参考资料			3		THUOCL
媒体法律与市场			3		THUOCL
孕妇盗窃团			3		THUOCL
学校法律治理研究			3		THUOCL
安全生产标准制修订工作细则			3		THUOCL
安徽九华律师事务所			3		THUOCL
安徽昌法律师事务所			3		THUOCL
安徽省林地保护管理条例			3		THUOCL
安徽省禁止义务教育阶段乱收费条例			3		THUOCL
安意外残疾附加条款			3		THUOCL
宋代法律与社会			3		THUOCL
宏观调控法律制度研究			3		THUOCL
定稿创作			3		THUOCL
实行终了未遂			3		THUOCL
审判监督制度实证研究			3		THUOCL
审计机关专项审计调查准则			3		THUOCL
宪法及其相关法			3		THUOCL
宪法性法律及司法解释适用手册			3		THUOCL
富裕县妇联			3		THUOCL
寻求经济法真谛之路			3		THUOCL
履行障碍法研究			3		THUOCL
工商企业登记法			3		THUOCL
工商银行财务会计部			3		THUOCL
席位连通			3		THUOCL
常习惯犯			3		THUOCL
常用合同示范文本及风险提示			3		THUOCL
广东中大圣律师事务所			3		THUOCL
广东德法理律师事务所			3		THUOCL
广东省乡镇企业环境保护管理办法			3		THUOCL
广东省维护老年人合法权益条例			3		THUOCL
广东省自然灾害救济工作规定			3		THUOCL
广告专业技术人员职业水平评价暂行规定			3		THUOCL
广告专业综合能力与法律法规			3		THUOCL
广州市公安局白云山分局			3		THUOCL
广州市森林公园管理条例			3		THUOCL
库兹涅茨拐点			3		THUOCL
应急管理工作手册			3		THUOCL
应战美国反倾销			3		THUOCL
应用型道路交通安全法			3		THUOCL
应用文写作词典			3		THUOCL
康复疗法学			3		THUOCL
延边朝鲜族自治州就业促进条例			3		THUOCL
延迟条款			3		THUOCL
开采权投资			3		THUOCL
异议股东股权收买请求权			3		THUOCL
强制违约金			3		THUOCL
强奸罪判解研究			3		THUOCL
彩票发行销售管理办法			3		THUOCL
影子腐败			3		THUOCL
征地安置补偿纠纷			3		THUOCL
得撤销婚姻			3		THUOCL
志愿者协议			3		THUOCL
恐怖主义犯罪立法比较研究			3		THUOCL
惠州市物业管理协会			3		THUOCL
惩治恐怖主义犯罪理论与立法			3		THUOCL
战时故意提供虚假敌情罪			3		THUOCL
房产保卫战			3		THUOCL
房屋买卖与权属登记			3		THUOCL
报应刑主义			3		THUOCL
抵押式兼并			3		THUOCL
抽签轮次偿还法			3		THUOCL
持枪令			3		THUOCL
持械聚众叛乱罪			3		THUOCL
按比例分散安置残疾人就业规定			3		THUOCL
掉期合同法			3		THUOCL
排除责任条款			3		THUOCL
收款银行协议			3		THUOCL
新形势下纪检监察案件审理工作探索			3		THUOCL
新疆维吾尔自治区监察厅			3		THUOCL
新编中国刑法学通论			3		THUOCL
新编交通事故当事人常用法律简释			3		THUOCL
新编劳动争议仲裁案例			3		THUOCL
新编经济法概论			3		THUOCL
旅游标准化工作管理暂行办法			3		THUOCL
旅游法论丛			3		THUOCL
旅游规划设计单位资质等级认定管理办法			3		THUOCL
无公害农产品标志管理规定			3		THUOCL
无效房屋买卖合同			3		THUOCL
无法廻避			3		THUOCL
日本公司法规范			3		THUOCL
日本庄园制度			3		THUOCL
昆明城市绿地管理办法			3		THUOCL
昏墨贼杀			3		THUOCL
普遍优惠制税			3		THUOCL
曾代伟			3		THUOCL
最新刑事法律文书格式范本			3		THUOCL
最新国际货币金融法			3		THUOCL
最新行政审判与行政执法文件解读			3		THUOCL
最新金融法律适用大全			3		THUOCL
有偿双务合同			3		THUOCL
杭州市畜禽养殖污染防治管理办法			3		THUOCL
栅栏理论			3		THUOCL
格尔木市城市管理局			3		THUOCL
梅县国税局			3		THUOCL
梅州市司法局			3		THUOCL
武汉市少数民族权益保障条例			3		THUOCL
比较刑法暨国际刑法专论			3		THUOCL
民事审判简易程序			3		THUOCL
民事无效行为			3		THUOCL
民事诉讼基本结构			3		THUOCL
民事诉讼程序改革报告			3		THUOCL
民办非企业单位登记管理暂行办法			3		THUOCL
民法法典化研究			3		THUOCL
民用航空气象人员执照管理规则			3		THUOCL
水土保持工作协调小组			3		THUOCL
水生动植物自然保护区管理办法			3		THUOCL
沃尔芬登委员会			3		THUOCL
沉默欺诈			3		THUOCL
沐川县司法局			3		THUOCL
法兰西第五共和国宪法			3		THUOCL
法医人类学经典			3		THUOCL
法官行为与职业伦理			3		THUOCL
法律思维研究			3		THUOCL
法律法规适用范围			3		THUOCL
法院电子签章			3		THUOCL
注册会计师管理制度			3		THUOCL
洗寨子			3		THUOCL
津浦铁路借款合同			3		THUOCL
测绘工作证管理规定			3		THUOCL
浓缩法学			3		THUOCL
浙江省会计人员继续教育实施办法			3		THUOCL
浙江省军人抚恤优待办法			3		THUOCL
海事诉讼特别程序研究			3		THUOCL
海南省预防职务犯罪规定			3		THUOCL
海洋国策研究文集			3		THUOCL
消防法适用词汇手册			3		THUOCL
深圳市博明企业管理咨询有限公司			3		THUOCL
深圳市海上交通安全条例			3		THUOCL
清代一二品官员经济犯罪案件实录			3		THUOCL
港币发行权			3		THUOCL
湖南白泉律师事务所			3		THUOCL
湖南省临时用地管理办法			3		THUOCL
澳门检察制度			3		THUOCL
澳门高等法院			3		THUOCL
火灾责任事故认定			3		THUOCL
烟草专用机械专卖管理办法			3		THUOCL
煤炭生产许可证管理办法实施细则			3		THUOCL
物业管理法规与案例分析			3		THUOCL
特定机电产品进口管理实施细则			3		THUOCL
独占性许可合同			3		THUOCL
生产安全事故报告和调查条例			3		THUOCL
电子商务签名法			3		THUOCL
登记动产			3		THUOCL
直销管理条例禁止传销条例			3		THUOCL
知识产权转让合同			3		THUOCL
破坏永久性测量标志罪			3		THUOCL
社会主义法治理念读本			3		THUOCL
社会团体登记管理暂行办法			3		THUOCL
票据粘单			3		THUOCL
禁止重复追究原则			3		THUOCL
私募法律			3		THUOCL
税收课征权			3		THUOCL
空姐溶尸案			3		THUOCL
突发事件典型案例汇编			3		THUOCL
经常性贷款			3		THUOCL
继承既得权			3		THUOCL
罪犯英雄化			3		THUOCL
羊毛毛丛自然长度试验方法			3		THUOCL
美国亚裔有组织犯罪与帮派团伙研究			3		THUOCL
职业卫生技术服务机构资质审定条件			3		THUOCL
职务犯罪惩治法律分解适用集成			3		THUOCL
苏悉地法			3		THUOCL
英吉利法研究			3		THUOCL
英国信托法原理与判例			3		THUOCL
英国普通法制度之旅			3		THUOCL
英国法院系统			3		THUOCL
英国海上保险条款详论			3		THUOCL
英国陆军法			3		THUOCL
英荷条约			3		THUOCL
药品上市许可人制度			3		THUOCL
药品检测车使用管理暂行规定			3		THUOCL
营业犯			3		THUOCL
著作权新型疑难案件审判实务			3		THUOCL
表决权限制制度			3		THUOCL
西藏自治区公路条例			3		THUOCL
西非经济与货币联盟			3		THUOCL
解放军总直属队			3		THUOCL
警察职务犯罪研究			3		THUOCL
论比例原则			3		THUOCL
证券发行注册制			3		THUOCL
诈骗犯罪研究			3		THUOCL
读律佩觽			3		THUOCL
责令作出具体行政行为			3		THUOCL
贵州省公路路政管理条例			3		THUOCL
贵州省夜郎湖水资源环境保护条例			3		THUOCL
超越使用范围			3		THUOCL
车间主任安全生产培训教材			3		THUOCL
转让注册商标公告			3		THUOCL
软件出口管理和统计办法			3		THUOCL
软件相关发明专利保护			3		THUOCL
软法与硬法之间			3		THUOCL
辩护与代理制度			3		THUOCL
达能强购娃哈哈事件			3		THUOCL
运输经济法规			3		THUOCL
远程视频接访			3		THUOCL
违反国境卫生检疫规定罪			3		THUOCL
违约形态比较研究			3		THUOCL
通向成功律师事务所之路			3		THUOCL
道路旅客运输班线经营权招标投标办法			3		THUOCL
重庆市建设工程造价管理规定			3		THUOCL
银本位币铸造条例			3		THUOCL
银行法律基础知识			3		THUOCL
长沙市旧货交易治安管理办法			3		THUOCL
陕西省价格监测规定			3		THUOCL
非犯罪化研究			3		THUOCL
非金融部门债权			3		THUOCL
鞍山市特种设备安全监察条例			3		THUOCL
领导带班作业制度			3		THUOCL
风景名胜区安全管理标准			3		THUOCL
香港商业登记条例			3		THUOCL
驻营条例			3		THUOCL
高等教育管理职责暂行规定			3		THUOCL
一如法界			2		THUOCL
一类城市语言文字工作评估操作办法			2		THUOCL
一般经纪商			2		THUOCL
三农政策学习问答			2		THUOCL
上市公司现场检查办法			2		THUOCL
上海市居住房屋租赁管理办法			2		THUOCL
上海市民用机场地区管理条例			2		THUOCL
上海市统计登记办法			2		THUOCL
上海市统计违法行为处罚办法			2		THUOCL
专利的分案申请			2		THUOCL
世界五百强企业培训故事全案			2		THUOCL
世界法律传统			2		THUOCL
个别发行证券			2		THUOCL
中位数价格法			2		THUOCL
中华人民共和国主席令第六十号			2		THUOCL
中华人民共和国办事手续实务指南			2		THUOCL
中华人民共和国国家计量技术法规			2		THUOCL
中华人民共和国国家计量技术法规目录			2		THUOCL
中华人民共和国宪法概要			2		THUOCL
中华人民共和国常用法典			2		THUOCL
中华人民共和国律师法学习问答			2		THUOCL
中华人民共和国搜寻援救民用航空器规定			2		THUOCL
中华人民共和国标准物质目录			2		THUOCL
中华人民共和国核安全法			2		THUOCL
中华人民共和国法律小全书			2		THUOCL
中华人民共和国海港管理暂行条例			2		THUOCL
中华人民共和国海船船员值班规则			2		THUOCL
中华人民共和国现行有效法律			2		THUOCL
中华人民共和国能源环境法典			2		THUOCL
中华人民共和国药品管理法学习辅导			2		THUOCL
中华农业英才奖暂行办法			2		THUOCL
中华民国宪法概要			2		THUOCL
中国中小企业协会章程			2		THUOCL
中国人民共和国保守国家秘密法			2		THUOCL
中国人民共和国合伙企业法			2		THUOCL
中国人民共和国水污染防治法			2		THUOCL
中国侵权损害赔偿网			2		THUOCL
中国保险监督管理委员会陕西监管局			2		THUOCL
中国古代权力与法律			2		THUOCL
中国司法现代化研究			2		THUOCL
中国国有资产法研究			2		THUOCL
中国城市国有土地产权研究			2		THUOCL
中国宪政史研究纲要			2		THUOCL
中国律师刑事辩护培训中心			2		THUOCL
中国律师涉案实录			2		THUOCL
中国新闻传播事业史纲			2		THUOCL
中国汽车运动联合会参赛选手注册登记规定			2		THUOCL
中国法制频道			2		THUOCL
中国海关关徽			2		THUOCL
中国现代化支付系统运行管理办法			2		THUOCL
中国稻田甲烷排放			2		THUOCL
中国行政程序法制现代化			2		THUOCL
中国近代民法法典化研究			2		THUOCL
中外合资企业章程			2		THUOCL
中央企业知识产权保护响应书			2		THUOCL
中央水利基本建设前期工作经费财务管理办法			2		THUOCL
中德法学论坛			2		THUOCL
中日四个政治文件			2		THUOCL
主权违约			2		THUOCL
乐业县人民检察院			2		THUOCL
九百年来德意志及欧洲法学家			2		THUOCL
乳山市建设工程质量监督站			2		THUOCL
二手房买卖操作实务			2		THUOCL
二级安全防范设计评估师			2		THUOCL
云南省丽江历史文化名城保护管理条例			2		THUOCL
云南省土地增值税征收管理暂行规定			2		THUOCL
云南省拥军优属规定			2		THUOCL
云南省红河哈尼族彝族自治州自治条例			2		THUOCL
云南省行政执法证件管理规定			2		THUOCL
云南省速递通信业务专营管理规定			2		THUOCL
互联网著作权行政保护法			2		THUOCL
五险一金小全书			2		THUOCL
亚非法律协商委员会			2		THUOCL
交易安全与中国民商法			2		THUOCL
交通行政执法实务			2		THUOCL
人才贡献率			2		THUOCL
人民币汇率法案			2		THUOCL
人民法庭书记员			2		THUOCL
人类遗传资源管理条例			2		THUOCL
人身权法典型判例研究			2		THUOCL
人身险法定分保条件实施细则			2		THUOCL
仇嫌回避原则			2		THUOCL
今日说法故事精选			2		THUOCL
从契约到身份的回归			2		THUOCL
仓储保管合同实务			2		THUOCL
代位权诉讼制度			2		THUOCL
仲裁案例选编			2		THUOCL
优质产品标志实施办法			2		THUOCL
传媒责任险			2		THUOCL
伪造公文证件印章罪			2		THUOCL
伪造变造金融票证罪			2		THUOCL
体罚虐待被监管人员罪			2		THUOCL
供港澳地区鸡肉产品出口管理试行办法			2		THUOCL
侵权司法对策			2		THUOCL
侵权纠纷裁决			2		THUOCL
侵犯商标权罪			2		THUOCL
侵犯注册商标罪			2		THUOCL
俄罗斯联邦仲裁程序法典			2		THUOCL
保卫民主全国委员会			2		THUOCL
保护录制者公约			2		THUOCL
保护迁徙野生动物物种公约			2		THUOCL
保险公司营销服务部管理办法			2		THUOCL
保障措施产业损害调查规定			2		THUOCL
借仓交易			2		THUOCL
储备头寸负债管理			2		THUOCL
全国学生体育竞赛管理规定			2		THUOCL
全省性人才交流会审批办法			2		THUOCL
公共卫生项目支出绩效考评暂行办法			2		THUOCL
公墓产权			2		THUOCL
公文法定格式			2		THUOCL
公用宅基地			2		THUOCL
公路工程基本建设管理办法			2		THUOCL
公路工程施工分包管理办法			2		THUOCL
公路工程造价师			2		THUOCL
共同居住权			2		THUOCL
关于军队干部离职休养的暂行规定			2		THUOCL
关内外铁路借款合同			2		THUOCL
内蒙古自治区中小学教师继续教育规定			2		THUOCL
内蒙古自治区道路运输管理条例			2		THUOCL
军人泄露军事机密罪			2		THUOCL
军队房地产开发管理暂行规定			2		THUOCL
农业经济法律关系			2		THUOCL
农业行政执法证件管理办法			2		THUOCL
农业部行政审批综合办公管理办法			2		THUOCL
农作物良种补贴政策			2		THUOCL
农村体育工作暂行规定			2		THUOCL
农村合作经济内部审计暂行规定			2		THUOCL
农村土地承包经营权流转研究			2		THUOCL
农村实用法律知识问答			2		THUOCL
农民工参加基本养老保险办法			2		THUOCL
农网还贷资金征收使用管理办法			2		THUOCL
出入境检验检疫电子报检管理办法			2		THUOCL
出口加工区税收管理暂行办法			2		THUOCL
分工负责互相配合互相制约			2		THUOCL
刑事公诉案件第一审程序			2		THUOCL
刑事和解制度研究			2		THUOCL
刑事未成年人			2		THUOCL
刑事案例研究			2		THUOCL
刑事殖民地			2		THUOCL
刑事法律小辞典			2		THUOCL
刑事犯罪侦查警察			2		THUOCL
刑事诉讼法学专题研究			2		THUOCL
刑事诉讼程序价值			2		THUOCL
刑事调解书			2		THUOCL
刑事责任解读			2		THUOCL
刑法中错误论			2		THUOCL
刑法关联法规精选			2		THUOCL
刑法分则适用典型疑难问题新释新解			2		THUOCL
刑法总论专题研究			2		THUOCL
刑部比照加减成案			2		THUOCL
制作出售假冒他人署名的美术作品			2		THUOCL
制作贩卖传播淫秽物品罪			2		THUOCL
剑桥法律英语国际证书			2		THUOCL
办理刑事案件流程及罪名适用			2		THUOCL
办理执行案件法律依据			2		THUOCL
劳动与社会保障法规实用手册			2		THUOCL
劳动人事常用法律文书范本			2		THUOCL
劳动合同争议处理程序			2		THUOCL
勘察设计注册冶金工程师制度暂行规定			2		THUOCL
包头市地方煤矿管理条例			2		THUOCL
化学工业部安全生产禁令			2		THUOCL
化解医疗纠纷的最佳途径			2		THUOCL
北京大学法律援助协会			2		THUOCL
北京市国家公务员奖励暂行办法			2		THUOCL
医患关系与权利维护			2		THUOCL
医疗事故处理法律傻瓜手册			2		THUOCL
医药卫生法律手册			2		THUOCL
十大热点事件透视劳动合同法			2		THUOCL
协议仲裁制度研究			2		THUOCL
单一风险合同			2		THUOCL
单位生产能力投资估算法			2		THUOCL
单层次的选择构成			2		THUOCL
南昌市专利促进和保护办法			2		THUOCL
南昌市青云谱区人民政府			2		THUOCL
博纳姆医生案			2		THUOCL
占有回复请求权			2		THUOCL
卫生知识产权保护管理规定			2		THUOCL
危害公共安全罪司法适用			2		THUOCL
危害种族罪公约			2		THUOCL
历年真题图表式专题详解			2		THUOCL
原来你并不快乐			2		THUOCL
参见罪状			2		THUOCL
反假人民币奖励办法			2		THUOCL
反垄断的经济学分析			2		THUOCL
反洗钱的理论与实践			2		THUOCL
反补贴与中国产业安全			2		THUOCL
发展权论			2		THUOCL
发还相关被害人			2		THUOCL
可持续发展与法律变革			2		THUOCL
台港澳民事诉讼制度			2		THUOCL
司法理念与裁判方法			2		THUOCL
合同小签			2		THUOCL
合同履行瑕疵			2		THUOCL
呼和浩特地区企业职工工伤保险办法			2		THUOCL
呼和浩特市全民义务植树条例			2		THUOCL
和谐社会的宪政之维			2		THUOCL
哈尔滨市城市道路管理条例			2		THUOCL
商品交易市场年度检验办法			2		THUOCL
商品房买卖法律问题专论			2		THUOCL
商学院生存指南			2		THUOCL
商标优先注册权			2		THUOCL
商标权续展			2		THUOCL
四川省重点项目管理暂行办法			2		THUOCL
国外救灾救助法规汇编			2		THUOCL
国家农业综合开发水土保持项目管理实施细则			2		THUOCL
国家工作人员犯罪认定中疑点难点问题研究			2		THUOCL
国家技术创新计划管理办法			2		THUOCL
国家科学技术学术著作出版基金管理办法			2		THUOCL
国家计量检定规程管理办法			2		THUOCL
国家语言文字工作委员会科研项目管理办法			2		THUOCL
国家重点技术改造项目国债专项资金管理办法			2		THUOCL
国家重点技术改造项目管理办法			2		THUOCL
国民住宅条例			2		THUOCL
国籍税收管辖权			2		THUOCL
国际争端解决重要法律文献			2		THUOCL
国际商会托收统一规则评注			2		THUOCL
国际承认航空器权利公约			2		THUOCL
国际法律服务贸易			2		THUOCL
国际法院新近案例研究			2		THUOCL
国际科技合作与交流专项经费管理办法			2		THUOCL
国际经济贸易标准法律文书范本			2		THUOCL
国际货币基金组织法律制度改革研究			2		THUOCL
国际贸易欺诈案例集			2		THUOCL
国际项目融资法律问题研究			2		THUOCL
土地承包合同案例评析			2		THUOCL
土地改革法公布施行			2		THUOCL
土地管理常用法律法规手册			2		THUOCL
土地证书印制管理办法			2		THUOCL
地方政府安全生产监督管理规章制度精选			2		THUOCL
地质灾害防治工程施工单位资质管理办法			2		THUOCL
城建建材工会			2		THUOCL
基层法律服务制度与实务			2		THUOCL
外贸法律实务			2		THUOCL
多管转膛炮迅雷铳			2		THUOCL
大同市煤炭资源保护办法			2		THUOCL
大同市煤矿安全生产监督管理条例			2		THUOCL
大律师登记册			2		THUOCL
大连市信息化工程管理办法			2		THUOCL
大连市城市公有房屋管理规定			2		THUOCL
大连市展览会管理暂行办法			2		THUOCL
天一阁藏明钞本天圣令校证			2		THUOCL
如何学习法律和参加考试			2		THUOCL
妇女权益保障工作常用法律法规汇编			2		THUOCL
妇女权益法律保障研究			2		THUOCL
学术风景线			2		THUOCL
学校突发事件应急管理			2		THUOCL
宁波市中等职业教育条例			2		THUOCL
宁波市公共场所禁止吸烟暂行规定			2		THUOCL
宁波市爱国卫生管理规定			2		THUOCL
宅基地法律问题			2		THUOCL
安全员职业安全健康知识			2		THUOCL
安全生产法及相关法律知识复习指南			2		THUOCL
安徽省地方税务局有奖发票管理试行办法			2		THUOCL
安维律师事务所			2		THUOCL
官方语言法案			2		THUOCL
实用国际贸易法			2		THUOCL
实用宪法学新词典			2		THUOCL
实用文化艺术传媒法学概论			2		THUOCL
实质性金钱损失			2		THUOCL
审录司			2		THUOCL
客观标志原则			2		THUOCL
家兔常见病诊断图谱			2		THUOCL
家庭实用法律知识手册			2		THUOCL
家庭承包权利			2		THUOCL
家用电器维修明码标价规定			2		THUOCL
对冲会计法			2		THUOCL
对合共犯			2		THUOCL
对外经济开放地区环境管理暂行规定			2		THUOCL
对外贸易经营者管理制度			2		THUOCL
导游员手册			2		THUOCL
射击场设置管理规程			2		THUOCL
小型企业应急预案范本			2		THUOCL
小股东控权人			2		THUOCL
山东省劳动安全卫生管理规定			2		THUOCL
山东省国有企业产权转让管理办法			2		THUOCL
山东省清真食品管理规定			2		THUOCL
山东省青年志愿服务规定			2		THUOCL
山西省安全生产监督管理办法			2		THUOCL
山西省泉域水资源保护条例			2		THUOCL
工业企业成本报表			2		THUOCL
工伤事故处理法律傻瓜手册			2		THUOCL
工商行政管理基层执法办案实务			2		THUOCL
工程建设概预算编制办法选编			2		THUOCL
市场价格拆迁补偿			2		THUOCL
市场经济法律制度概论			2		THUOCL
市场经济法律基础			2		THUOCL
市场规制法研究			2		THUOCL
平民百姓讨公道			2		THUOCL
广东省优良样板工程评选办法			2		THUOCL
广东省农民负担管理条例			2		THUOCL
广东省劳动安全卫生监察办法			2		THUOCL
广东省水上交通违章处罚规定			2		THUOCL
广东省海上搜寻救助工作规定			2		THUOCL
广州市国有资产收益收缴管理办法			2		THUOCL
广州市科学技术经费投入与管理条例			2		THUOCL
广播电影电视系统内部审计工作规定			2		THUOCL
广播电视大学暂行规定			2		THUOCL
广播电视法规选编			2		THUOCL
广西壮族自治区个体工商户条例			2		THUOCL
庞德法学文述			2		THUOCL
延边朝鲜族自治州延边黄牛管理条例			2		THUOCL
延边朝鲜族自治州职业教育条例			2		THUOCL
延边朝鲜族自治州蜂业条例			2		THUOCL
建设工程常用法律法规汇编			2		THUOCL
建设工程法规及相关知识实用指南			2		THUOCL
建设法规教程			2		THUOCL
开县红十字会			2		THUOCL
引进人才专家经费管理实施细则			2		THUOCL
强制性期限			2		THUOCL
当代中国人权保障法律制度研究			2		THUOCL
当代中国法律思想史			2		THUOCL
律师解析特许经营			2		THUOCL
循环经济发展专项资金管理暂行办法			2		THUOCL
德国医疗保险制度			2		THUOCL
德国古典哲理法学			2		THUOCL
德国民事诉讼法律与实务			2		THUOCL
德国法院系统			2		THUOCL
怒江傈僳族自治州地方税务局			2		THUOCL
性犯罪定罪量刑案例评析			2		THUOCL
恢复性司法论坛			2		THUOCL
成都市城乡规划监督规定			2		THUOCL
我的房产我作主			2		THUOCL
户用沼气池质量检查验收规范			2		THUOCL
房地产合同案例评析			2		THUOCL
房屋交割协议书			2		THUOCL
房屋维修管理制度			2		THUOCL
承德山庄律师事务所			2		THUOCL
承德德律律师事务所			2		THUOCL
技术转让法律实务			2		THUOCL
投资中国税收法律实务指南			2		THUOCL
报警回执制度			2		THUOCL
抵押担保常用法律法规手册			2		THUOCL
担保企业会计制度			2		THUOCL
拓展期权			2		THUOCL
招标投标法律实务			2		THUOCL
持有犯罪研究			2		THUOCL
指定法规归类精解及真题解析			2		THUOCL
挑战知识产权			2		THUOCL
损害赔偿裁决			2		THUOCL
掌控合同运作			2		THUOCL
援外青年志愿者选派和管理暂行办法			2		THUOCL
摄影师法律实用手册			2		THUOCL
放射防护器材与含放射性产品卫生管理办法			2		THUOCL
政府市场营销			2		THUOCL
政法界右派分子谬论汇集			2		THUOCL
教你不花冤枉钱			2		THUOCL
教师资格认定教育心理学考试必读			2		THUOCL
文官统治制度			2		THUOCL
新康德主义法学派			2		THUOCL
新疆维吾尔自治区盐业管理条例			2		THUOCL
新疆高中班学生工作管理规定			2		THUOCL
新编刑事司法解释小全书			2		THUOCL
新编司法文书教程			2		THUOCL
新编新闻编辑学			2		THUOCL
新编法律文书完全范本			2		THUOCL
新编纪检监察业务教材			2		THUOCL
新道路交通安全法要点解答			2		THUOCL
新闻出版行业标准化管理办法			2		THUOCL
新闻记者登记法			2		THUOCL
日本众议院选举制度			2		THUOCL
日本司法考试与法律职业制度比较研究			2		THUOCL
星空点灯			2		THUOCL
最新中华人民共和国常用司法解释全书			2		THUOCL
最新刑事裁判文书样式和实例评析			2		THUOCL
最新合同法律司法解释汇编			2		THUOCL
最新征收拆迁法律业务操作指引			2		THUOCL
最新房地产法律文件解读			2		THUOCL
最新房地产法律法规应用指南			2		THUOCL
有害化学品安全手册			2		THUOCL
未成年人保护法律常识			2		THUOCL
未成年人保护法律手册			2		THUOCL
未成年人网络保护条例			2		THUOCL
机动车第三者责任强制保险制度研究报告			2		THUOCL
机动车驾驶员行车安全法律手册			2		THUOCL
李浩培法学文集			2		THUOCL
村民委员会法律知识			2		THUOCL
村民实用法律手册			2		THUOCL
林律师办案手记			2		THUOCL
林木种子质量管理办法			2		THUOCL
枪弹痕迹司法鉴定			2		THUOCL
查办公司法人违法案件操作规程			2		THUOCL
梅县审计局			2		THUOCL
检察官任职回避			2		THUOCL
欠款证明书			2		THUOCL
欧洲人权法律保护机制研究			2		THUOCL
武汉市体育场所管理办法			2		THUOCL
武汉市房产管理条例			2		THUOCL
残疾人维权法律知识手册			2		THUOCL
比较民事诉讼法国际研讨会论文集			2		THUOCL
民事保全程序研究			2		THUOCL
民事强制执行基本问题研究			2		THUOCL
民事强制执行新论			2		THUOCL
民事案件由规定			2		THUOCL
民事纠纷法律知识手册			2		THUOCL
民事证据立法前沿问题研究			2		THUOCL
民事诉讼案例精析			2		THUOCL
民事诉讼法习题集			2		THUOCL
民事诉讼程序改革热点问题研究			2		THUOCL
民办非企业单位问题研究			2		THUOCL
民商法辞典			2		THUOCL
民国时期西藏法制研究			2		THUOCL
民法典探索与展望			2		THUOCL
民法典结构设计比较研究			2		THUOCL
民法民事诉讼法基础课堂笔记			2		THUOCL
民用爆破器材安全生产许可证实施办法			2		THUOCL
民用航空飞行签派员执照管理规则			2		THUOCL
民营经济与民商法律制度创新			2		THUOCL
气象行业管理若干规定			2		THUOCL
汕头市地价管理规定			2		THUOCL
江苏省慈善事业促进条例			2		THUOCL
江西省企业工资指导线制度试行办法			2		THUOCL
沈阳市按比例安置残疾人就业办法			2		THUOCL
河南省专利申请资助资金管理办法			2		THUOCL
治理商业贿赂简明读本			2		THUOCL
沿海航运权			2		THUOCL
法与农村社会变迁			2		THUOCL
法与恢复性司法			2		THUOCL
法价值哲学导论			2		THUOCL
法国与欧洲信息技术法律实务指南			2		THUOCL
法大民商经济法评论			2		THUOCL
法学学位论文写作方法			2		THUOCL
法官告诉您怎样打消费维权官司			2		THUOCL
法定清偿物			2		THUOCL
法律和道德领域的客观性			2		THUOCL
法律教育网校			2		THUOCL
法治百家谈			2		THUOCL
法规规章规范性文件备案工作实用手册			2		THUOCL
法象万千			2		THUOCL
注册不当商标撤销裁定申请书			2		THUOCL
注册会计师对第三人民事责任研究			2		THUOCL
注册会计师诚信宣誓办法			2		THUOCL
注册物业管理师执业资格证			2		THUOCL
泰和县质量技术监督局			2		THUOCL
洗钱犯罪与对策			2		THUOCL
洞穴奇案			2		THUOCL
浙江省专利示范企业管理办法			2		THUOCL
浙江省军人抚恤优待实施办法			2		THUOCL
浙江省农业机械管理办法			2		THUOCL
浙江省农村五保供养工作实施细则			2		THUOCL
浙江省民办非企业单位管理暂行办法			2		THUOCL
浙江省渡口安全管理办法			2		THUOCL
海事仲裁程序规则			2		THUOCL
海事侵权损害赔偿			2		THUOCL
海事债权确权			2		THUOCL
海事诉讼与海事仲裁法			2		THUOCL
海关税则分类目录公约			2		THUOCL
消费全程操作索赔			2		THUOCL
涉外法律制度案例			2		THUOCL
涉港澳商事审判热点问题探析			2		THUOCL
涉港澳商事案例精选精析			2		THUOCL
涤除抵押权			2		THUOCL
深圳市户籍制度改革暂行规定			2		THUOCL
深圳经济特区国有独资有限公司条例			2		THUOCL
深圳经济特区梧桐山风景名胜区条例			2		THUOCL
温州市区未成年人医疗保险办法			2		THUOCL
港口煤尘防治规定			2		THUOCL
湖北法院要案评析			2		THUOCL
湖北省成品油市场管理办法			2		THUOCL
湖北省文化市场管理暂行条例			2		THUOCL
澳大利亚专利法			2		THUOCL
烟台市福山区人民法院			2		THUOCL
烟用滤嘴棒委托加工及经营管理办法			2		THUOCL
物证检验报告等证据			2		THUOCL
牵引溜放法			2		THUOCL
特定保险合同			2		THUOCL
独立承包合同			2		THUOCL
现代婚姻家庭经典案例			2		THUOCL
珠海市户外广告设置管理规定			2		THUOCL
生活必需品市场供应应急管理办法			2		THUOCL
电子信息产业发展基金管理办法			2		THUOCL
百分比合同			2		THUOCL
直接选举与间接选举并用原则			2		THUOCL
知识产权民事保护			2		THUOCL
石家庄市专利专项资金管理办法			2		THUOCL
矿山建设工程安全监督实施办法			2		THUOCL
破坏名胜古迹罪			2		THUOCL
禁止在海底试验核武器条约			2		THUOCL
福建省取水许可管理权限规定			2		THUOCL
私分罚没财产罪			2		THUOCL
秘密权行为			2		THUOCL
秦伟立			2		THUOCL
税收代征人员			2		THUOCL
窃盗赃			2		THUOCL
第三人过错行为			2		THUOCL
粤汉川汉铁路借款合同			2		THUOCL
绍兴市区新型农村合作医疗制度实施办法			2		THUOCL
经济法理论的重构			2		THUOCL
给农民朋友讲刑法			2		THUOCL
续展注册商标公告			2		THUOCL
维特伯爵回忆录			2		THUOCL
网络传播法律问题研究			2		THUOCL
美国最高法院内幕			2		THUOCL
美国法的变迁			2		THUOCL
美国生产及库存控制协议			2		THUOCL
美国联邦最高法院经典税法案例评析			2		THUOCL
职业健康检查管理办法			2		THUOCL
职业道德与法律基础			2		THUOCL
职务犯罪预防战略研究			2		THUOCL
股份制试点企业人事管理暂行办法			2		THUOCL
股市断头			2		THUOCL
自愿出口配额			2		THUOCL
自然资源法基本问题研究			2		THUOCL
自适应加权式			2		THUOCL
舌战羊皮卷			2		THUOCL
船舶海事纠纷仲裁诉讼实务			2		THUOCL
苏州市道路交通管理规定			2		THUOCL
苗疆事宜			2		THUOCL
英美法案例研读全程指南			2		THUOCL
英语现场导游辞			2		THUOCL
药物临床试验伦理审查工作指导原则			2		THUOCL
莱茵河航行公约			2		THUOCL
营业信托法律制度比较研究			2		THUOCL
著作权交易市场			2		THUOCL
著作权质押合同登记办法			2		THUOCL
蒙特维多国家权利义务公约			2		THUOCL
行为性质错误			2		THUOCL
行为犯研究			2		THUOCL
行为默示形式			2		THUOCL
行政法与行政诉讼法习题集			2		THUOCL
行政法律关系研究			2		THUOCL
行政法律适用新解析			2		THUOCL
行政行为基本范畴研究			2		THUOCL
行政许可法实用解答			2		THUOCL
行政诉讼收费制度			2		THUOCL
西安市土地储备条例			2		THUOCL
西方法治主义的源与流			2		THUOCL
西藏自治区木材运输检查暂行规定			2		THUOCL
视频合同			2		THUOCL
让法律做主			2		THUOCL
论不动产登记			2		THUOCL
论争中的渔业权			2		THUOCL
论公法原则			2		THUOCL
论犯罪与刑罚及其他著作			2		THUOCL
论股东表决权			2		THUOCL
设立油污损害赔偿国际基金国际公约			2		THUOCL
证券信用控制			2		THUOCL
证券期货犯罪理论与实务			2		THUOCL
证券监管法律制度研究			2		THUOCL
证券营业部业务操作规程			2		THUOCL
诈骗罪与金融诈骗罪研究			2		THUOCL
语境中的法学与法律			2		THUOCL
象棋中局精妙战法			2		THUOCL
贝克汉姆法案			2		THUOCL
贡献毛益法			2		THUOCL
财税法学习题集与教学法规			2		THUOCL
责任保险中的第三人			2		THUOCL
质量监督常用法律法规手册			2		THUOCL
质量许可和卫生注册评审员管理办法			2		THUOCL
购买和出售企业专业指南			2		THUOCL
贵州省征占用林地补偿费用管理办法			2		THUOCL
资源开发审批制度			2		THUOCL
足迹检验技术			2		THUOCL
跨国银行法律制度研究			2		THUOCL
跨年度采购			2		THUOCL
转让定价法律问题研究			2		THUOCL
转贷牟利罪			2		THUOCL
辽宁省国有土地使用权租赁办法			2		THUOCL
辽宁省社会保险费征缴规定			2		THUOCL
辽宁省高速公路管理条例			2		THUOCL
进京户口完全手册			2		THUOCL
进出口业务中的法律问题			2		THUOCL
进出口国家垄断			2		THUOCL
连续式投放策略			2		THUOCL
通谋招投标行为			2		THUOCL
道路交通事故索赔全程操作			2		THUOCL
道路交通安全法及相关规定			2		THUOCL
遗产共同共有			2		THUOCL
遗漏主体			2		THUOCL
都察院则例			2		THUOCL
重点法条随身记			2		THUOCL
金融审判案例研究			2		THUOCL
铁路企业伤亡事故处理规则			2		THUOCL
铁路检察长评析典型案件			2		THUOCL
银团放款			2		THUOCL
银川市城市规划管理规定			2		THUOCL
银行国际业务与法律风险控制			2		THUOCL
银行新存贷业务与法规			2		THUOCL
银行间债券市场债券发行现场管理规则			2		THUOCL
附加残疾保险			2		THUOCL
降价排挤行为			2		THUOCL
限期险额结报制度			2		THUOCL
陕西省社会抚养费征收管理实施办法			2		THUOCL
青岛市环境噪声管理规定			2		THUOCL
非洲人权与民族权法院			2		THUOCL
韬奋钟声			2		THUOCL
风云论道			2		THUOCL
餐饮业经营者责任保险			2		THUOCL
高新科技园区立法研究			2		THUOCL
高等教育法制论纲			2		THUOCL
一切危险保险合同			1		THUOCL
一告九不理			1		THUOCL
一般商事行为			1		THUOCL
一般地域管辖例外			1		THUOCL
一部露出说			1		THUOCL
七去三不去			1		THUOCL
三三制法			1		THUOCL
三维谈判法			1		THUOCL
上海市专利费资助办法			1		THUOCL
上海市农药经营使用管理规定			1		THUOCL
上海市化学危险物品安全管理办法			1		THUOCL
上海市排水设施使用费征收管理办法			1		THUOCL
上海市粮油经营管理暂行办法			1		THUOCL
上海市防空警报管理办法			1		THUOCL
上海豪乐得旅游汽车服务有限公司			1		THUOCL
不配合强奸			1		THUOCL
专用网与公用网联网的暂行规定			1		THUOCL
世界环境法汇编			1		THUOCL
业主撤销权			1		THUOCL
两值期权			1		THUOCL
个人信息保护法律问题研究			1		THUOCL
个体工商户法律知识读本			1		THUOCL
中共滨州市纪律检查委员会			1		THUOCL
中共贵港市委政法委			1		THUOCL
中华人民共和国住房保障法			1		THUOCL
中华人民共和国公务员法释解			1		THUOCL
中华人民共和国和柬埔寨王国联合声明			1		THUOCL
中华人民共和国和立陶宛共和国引渡条约			1		THUOCL
中华人民共和国土地管理法释义			1		THUOCL
中华人民共和国失业保险条例			1		THUOCL
中华人民共和国律师民商事代理实务			1		THUOCL
中华人民共和国招标投标法释义			1		THUOCL
中华人民共和国政府信息公开条例概论			1		THUOCL
中华人民共和国新闻出版行政执法证管理办法			1		THUOCL
中华人民共和国未成年人保护法释义			1		THUOCL
中华人民共和国民用航空器权利登记条例			1		THUOCL
中华人民共和国海关关徽			1		THUOCL
中华人民共和国禁止使用童工规定			1		THUOCL
中华人民共和国行政复议法释解			1		THUOCL
中华人民共和国银行业监督管理法释义			1		THUOCL
中华人民共和国防震减灾法释义			1		THUOCL
中国与荷兰国际私法比较研究			1		THUOCL
中国书画装裱大全			1		THUOCL
中国人民共和国水土保持法			1		THUOCL
中国人民银行突发事件应急预案管理办法			1		THUOCL
中国传统廉政法律文化及其现代价值			1		THUOCL
中国公安部经济犯罪侦察局			1		THUOCL
中国典型海事案例评析			1		THUOCL
中国农产品流通经纪人协会章程			1		THUOCL
中国农民工权利保障			1		THUOCL
中国刑法近代化论纲			1		THUOCL
中国区际刑事司法协助研究			1		THUOCL
中国南极陨石专家委员会			1		THUOCL
中国古代判词研究			1		THUOCL
中国古代行政立法			1		THUOCL
中国商事习惯与商事立法理由书			1		THUOCL
中国地质调查局工作规则			1		THUOCL
中国增值税法			1		THUOCL
中国建筑与房地产专业律师			1		THUOCL
中国律师业发展问题研究			1		THUOCL
中国法学前沿			1		THUOCL
中国科学院优秀博士后评选条例			1		THUOCL
中国税收守法基本问题			1		THUOCL
中国第一历史档案馆馆藏档案概述			1		THUOCL
中国行政与刑事法治世纪展望			1		THUOCL
中国行政法之回顾与展望			1		THUOCL
中国近代民族自治法制研究			1		THUOCL
中国近现代著名决策案例			1		THUOCL
中外互联网及手机出版法律制度研究			1		THUOCL
中外法学名著指要			1		THUOCL
中央级事业单位国有资产处置管理暂行办法			1		THUOCL
中央行政单位国有资产管理暂行办法			1		THUOCL
中小学学生素质教育家长读本			1		THUOCL
中小学幼儿园安全管理办法实用问答			1		THUOCL
中美刑事辩护律师技能培训			1		THUOCL
中美审判效率比较研究			1		THUOCL
中英续议滇缅界务商务条款			1		THUOCL
临时性禁止令			1		THUOCL
丹诺辩护实录			1		THUOCL
为利执法			1		THUOCL
为官僚制正名			1		THUOCL
乌鲁木齐县法院			1		THUOCL
乌鲁木齐市动物防疫管理办法			1		THUOCL
乌鲁木齐市城市绿化管理条例			1		THUOCL
九届全国人大四次会议选举办法			1		THUOCL
九江市扶贫办			1		THUOCL
九江市散装水泥和预拌混凝土管理办法			1		THUOCL
二十世纪欧洲的法律与竞争			1		THUOCL
云南省产品质量监督管理条例			1		THUOCL
云南省人才中介组织管理办法			1		THUOCL
云南省保守国家秘密若干规定			1		THUOCL
云南省地质灾害处置规定			1		THUOCL
云南省城市民族工作条例			1		THUOCL
云南省怒江傈僳族自治州自治条例			1		THUOCL
云南省杞麓湖管理条例			1		THUOCL
云南省测量标志保护规定			1		THUOCL
云南省澄江动物化石群保护规定			1		THUOCL
云南省私营企业条例			1		THUOCL
云南省高等级公路管理条例			1		THUOCL
互助土族自治县河道管理条例			1		THUOCL
五大连池市国家税务局			1		THUOCL
五峰土家族自治县乡村公路条例			1		THUOCL
五峰土家族自治县人口与计划生育条例			1		THUOCL
交通事故现场勘查与调查要则			1		THUOCL
交通行政执法基本法律知识教程			1		THUOCL
交通部汽车运价规则			1		THUOCL
交钥匙工程承包合同			1		THUOCL
交错要约			1		THUOCL
产品企业标准备案			1		THUOCL
产品质量法及配套规定新释新解			1		THUOCL
产品防伪监督管理办法实施细则			1		THUOCL
享乐价格法			1		THUOCL
亲子关系准据法			1		THUOCL
人保财险机动车辆保险			1		THUOCL
人工耳蜗临床技术操作规范			1		THUOCL
人格权法专论			1		THUOCL
人民法院信息网络系统建设技术规范			1		THUOCL
人民法院违法审判责任追究办法			1		THUOCL
人民解放军土地管理局			1		THUOCL
人民警察常用法规选编			1		THUOCL
仓库契约			1		THUOCL
仙游县城西中心小学			1		THUOCL
以拘代捕			1		THUOCL
仲裁被诉人			1		THUOCL
价格违法多收价款计算办法			1		THUOCL
企业一般制度			1		THUOCL
企业事业单位和社会团体代码管理办法			1		THUOCL
企业年金试行方案			1		THUOCL
企业财务会计报告条例实务全书			1		THUOCL
企业资金违规流入股市			1		THUOCL
优化失业保险经办业务流程指南			1		THUOCL
优者危险责任			1		THUOCL
伦维尔协定			1		THUOCL
伪造变造国家有价证券罪			1		THUOCL
住房保障托底			1		THUOCL
住房基金个人帐户			1		THUOCL
体育器材设备审定办法			1		THUOCL
体育赛事合同			1		THUOCL
余姚市公路管理段			1		THUOCL
作业场所职业危害项目申报管理办法			1		THUOCL
供港澳活牛检验检疫管理办法			1		THUOCL
侦查监督业务教程			1		THUOCL
侵犯住宅权			1		THUOCL
侵犯性动机			1		THUOCL
侵犯著作权判例			1		THUOCL
侵略性保护贸易政策			1		THUOCL
俄罗斯当代女诗人诗选			1		THUOCL
俄罗斯联邦执行程序法			1		THUOCL
保外就医工作管理条例			1		THUOCL
保安员培训教程			1		THUOCL
保安处分与中国刑法发展			1		THUOCL
保护考古遗产的欧洲公约			1		THUOCL
保险合同法律问题研究			1		THUOCL
信用价差期权			1		THUOCL
信用证欺诈例外原则研究			1		THUOCL
信访条例释义			1		THUOCL
债权人撤销权纠纷			1		THUOCL
假冒伪劣商品犯罪研究			1		THUOCL
停止执行死刑程序			1		THUOCL
偿义务机关后置			1		THUOCL
儒法国家			1		THUOCL
儿童发展权			1		THUOCL
允诺禁反言原则			1		THUOCL
克拉伦登法典			1		THUOCL
党政领导干部选拔任用工作责任追究办法			1		THUOCL
全包装注册			1		THUOCL
全国农村卷烟销售网络管理规定			1		THUOCL
全国学生体育运动竞赛制度			1		THUOCL
全国政协行政单位国有资产管理暂行实施办法			1		THUOCL
全国税务机关公文处理实施办法			1		THUOCL
全民医疗服务制度			1		THUOCL
全民所有制企业工业企业法			1		THUOCL
公共劳务收费法			1		THUOCL
公共危机管理与危机法制研究			1		THUOCL
公安消防部队执勤战斗条令			1		THUOCL
公有房屋承租使用权			1		THUOCL
公证行业自律公约			1		THUOCL
公路建设项目后评价工作管理办法			1		THUOCL
公路建设项目水土保持工作规定			1		THUOCL
关于自然资源之永久主权宣言			1		THUOCL
关系过远			1		THUOCL
兵团成品油市场管理办法			1		THUOCL
具誓护法			1		THUOCL
典型民事案例评析			1		THUOCL
典签制度			1		THUOCL
内发型法制现代化			1		THUOCL
内蒙古自治区农业节水灌溉条例			1		THUOCL
内蒙古自治区农作物种子条例			1		THUOCL
内蒙古自治区失业保险实施办法			1		THUOCL
内蒙古自治区文化市场管理条例			1		THUOCL
内蒙古自治区耕地保养条例			1		THUOCL
内蒙古自治区行政应诉规定			1		THUOCL
军人战时造谣惑众罪			1		THUOCL
军粮供应站资格认定办法			1		THUOCL
军队营区植树造林与林木管理办法			1		THUOCL
农业行业职业技能鉴定管理办法			1		THUOCL
农副产品采购支出			1		THUOCL
农家书屋工程建设管理暂行办法			1		THUOCL
农村实用法律常识			1		THUOCL
农村实用法律手册			1		THUOCL
农村常用法律法规汇编			1		THUOCL
农村房屋问题			1		THUOCL
农村税费改革信访工作管理暂行办法			1		THUOCL
农活承包			1		THUOCL
农药安全使用制度			1		THUOCL
出口统一管理			1		THUOCL
分别背书记载			1		THUOCL
分居不离婚			1		THUOCL
分级固定佣金制			1		THUOCL
刑事审判认证指南			1		THUOCL
刑事抗诉案例评析			1		THUOCL
刑事案件侦查教程			1		THUOCL
刑事案例研究与司法问题释疑			1		THUOCL
刑事程序的法哲学原理			1		THUOCL
刑事被害救济理论与实务			1		THUOCL
刑事裁量权论			1		THUOCL
刑事证人证言规则			1		THUOCL
刑事诉讼法修改专题研究报告			1		THUOCL
刑事诉讼程序全书			1		THUOCL
刑法典问题之全景揭示			1		THUOCL
刑法效力范围			1		THUOCL
刑法文化与刑法现代化研究			1		THUOCL
刑法时效制度			1		THUOCL
刑法疑难争议问题与司法对策			1		THUOCL
刑罚执行犹豫			1		THUOCL
创意产业知识产权管理			1		THUOCL
创新与知识产权制度			1		THUOCL
初中学生毒品预防专题教育材料			1		THUOCL
制作声讯节目			1		THUOCL
制动器制动力分配系数			1		THUOCL
办理农业承包案件法律依据			1		THUOCL
加拿大商事仲裁法案			1		THUOCL
劫持交通工具罪			1		THUOCL
劳动争议处理权益维护			1		THUOCL
劳动合同法办案手册			1		THUOCL
劳动就业法律问题研究			1		THUOCL
劳动者权益保障百例解析			1		THUOCL
包头市地震安全性评价实施条例			1		THUOCL
化妆品监管法规			1		THUOCL
北京居住证制			1		THUOCL
北京市包诚律师事务所			1		THUOCL
北京市建设工程招标投标监督管理规定			1		THUOCL
北京市怀柔区司法局			1		THUOCL
北京朗悦创新科技有限公司			1		THUOCL
北海市海域使用管理规定			1		THUOCL
医事法研究			1		THUOCL
医疗保健福利制度			1		THUOCL
医疗器械新产品审批规定			1		THUOCL
医疗器械经营监督管理办法			1		THUOCL
医疗损害赔偿诉讼实务			1		THUOCL
十堰市利用外资优惠政策			1		THUOCL
十堰市卫生监督局			1		THUOCL
十指指纹登记			1		THUOCL
华人风俗习惯法典			1		THUOCL
华侨事业费管理暂行办法			1		THUOCL
华夏建设科学技术奖励办法			1		THUOCL
协商定价法			1		THUOCL
南京市地名管理规定			1		THUOCL
南京市蔬菜基地管理条例			1		THUOCL
南京市集贸市场管理规定			1		THUOCL
南宁市企业国有资产监督管理暂行办法			1		THUOCL
南安市金桥中学			1		THUOCL
南昌市劳动力市场管理条例			1		THUOCL
南昌市城乡集市贸易市场管理条例			1		THUOCL
南昌市户外广告设置管理办法			1		THUOCL
南通市市级政府分散采购管理办法			1		THUOCL
博士后研究人员管理工作暂行规定			1		THUOCL
卡尔多补偿			1		THUOCL
卫生部业务主管社会团体登记管理办法			1		THUOCL
印江土家族苗族自治县自治条例			1		THUOCL
危险刑法			1		THUOCL
危险化学品安全生产专辑			1		THUOCL
危险品场站			1		THUOCL
危险品安全运输管理			1		THUOCL
危险物品运输法			1		THUOCL
原告人事毕不放回			1		THUOCL
厦门市专利保护规定			1		THUOCL
厦门市人民代表大会议事规则修正案			1		THUOCL
厦门市劳动安全卫生条例			1		THUOCL
厦门市地下管线工程档案管理办法			1		THUOCL
厦门市节约能源条例			1		THUOCL
反倾销应对一点通			1		THUOCL
反垄断公益诉讼			1		THUOCL
反对邪教保障人权			1		THUOCL
发展和改革委员会法规司			1		THUOCL
发言表决免究权			1		THUOCL
取水许可证制度实施办法			1		THUOCL
变更注册商标公告			1		THUOCL
古希腊军事法			1		THUOCL
可持续发展环境法律			1		THUOCL
可流转票据			1		THUOCL
可选择性指定交易制度			1		THUOCL
台湾南投地方法院			1		THUOCL
台湾基隆地方法院			1		THUOCL
台湾鸦片令			1		THUOCL
史迹名胜天然纪念物保存法			1		THUOCL
司法公正与诉讼程序			1		THUOCL
司法理论与司法模式			1		THUOCL
各国保险法规制度对比研究			1		THUOCL
合同欺诈及其法律对策			1		THUOCL
合肥市征收集体所有土地办法			1		THUOCL
吉林省农村土地承包经营管理条例			1		THUOCL
吉林省政府债务管理办法			1		THUOCL
同害报应			1		THUOCL
名律师谈名案			1		THUOCL
后悔权制度			1		THUOCL
向公众招标			1		THUOCL
呵护权利			1		THUOCL
呼和浩特市城市房地产交易管理条例			1		THUOCL
呼和浩特市民族工作若干规定			1		THUOCL
呼和浩特市赛罕区农牧业局			1		THUOCL
咨询业经营诀窍			1		THUOCL
哈尔滨市历史文化名城保护条例			1		THUOCL
唐代民事法律制度论稿			1		THUOCL
商业综合责任保险			1		THUOCL
商业风险担保			1		THUOCL
器官移植法研究			1		THUOCL
四川省劳动争议处理实施办法			1		THUOCL
四川省建设工程监理规定			1		THUOCL
四川省民用运力动员办法			1		THUOCL
四川省涉案物品价格鉴定管理条例			1		THUOCL
回教继承法与其他继承法之比较			1		THUOCL
固定资产投资项目开工前审计暂行办法			1		THUOCL
国军抗战连坐法			1		THUOCL
国土资源执法监察错案责任追究制度			1		THUOCL
国土资源部规章制定程序规定			1		THUOCL
国外反洗钱法律法规汇编			1		THUOCL
国家体育总局规章制定程序规定			1		THUOCL
国家助学贷款财政贴息管理办法			1		THUOCL
国家发展和改革委员会行政复议实施办法			1		THUOCL
国家可持续发展先进示范区管理办法			1		THUOCL
国家基础地理信息数据使用许可管理规定			1		THUOCL
国家实物标准暂行管理办法			1		THUOCL
国家开发银行办公厅			1		THUOCL
国家水土保持重点建设工程管理办法			1		THUOCL
国家物资储备仓库安全保卫办法			1		THUOCL
国家税收执法权			1		THUOCL
国家级卫生国际合作项目管理细则			1		THUOCL
国家赔偿案件诉讼策略与实例点评			1		THUOCL
国有企业改革与建立现代企业制度			1		THUOCL
国有农场税费改革减收补助办法			1		THUOCL
国有股权法律制度研究			1		THUOCL
国防科技工业技术基础科研管理办法			1		THUOCL
国际刑事审判案例与学理分析			1		THUOCL
国际刑事法院特权和豁免协定			1		THUOCL
国际商事仲裁管辖权研究			1		THUOCL
国际商事合同法统一化			1		THUOCL
国际商会见索即付保函统一规则			1		THUOCL
国际民商事及经贸争端解决途径专论			1		THUOCL
国际民商事程序法通论			1		THUOCL
国际民商事诉讼程序法			1		THUOCL
国际货币基金组织投票权			1		THUOCL
国际贸易争端解决与中国对策研究			1		THUOCL
国际贸易法专论			1		THUOCL
土地审裁处法官			1		THUOCL
土地执法大全			1		THUOCL
土地管理法配套规定			1		THUOCL
圣母无染原罪节			1		THUOCL
在刑满释放五年内又犯			1		THUOCL
地方自治试行条例			1		THUOCL
埃尔默案			1		THUOCL
城市商品房预售管理法			1		THUOCL
城市基层权力重组			1		THUOCL
城市房屋被拆迁人			1		THUOCL
城市物价管理			1		THUOCL
城市社区公共卫生服务专项补助资金管理办法			1		THUOCL
城市维护建设资金预算管理办法			1		THUOCL
基层执法疑难问题研究			1		THUOCL
基督与受骗女子			1		THUOCL
境内外汇划转管理暂行规定			1		THUOCL
处理因意外事故无法销售奖券的暂行规定			1		THUOCL
复仇掠夺			1		THUOCL
外交部关于涉外升挂和使用国旗的规定			1		THUOCL
外商投资企业法律手册			1		THUOCL
外商投资流通业			1		THUOCL
外国刑事诉讼第一审程序比较研究			1		THUOCL
外国法院说			1		THUOCL
外空物体所造成损害之国际责任公约			1		THUOCL
多元文化公民权			1		THUOCL
大型单机和成套设备出口项目协调管理办法			1		THUOCL
大宇文法论坛			1		THUOCL
大宋提刑官断案宝典			1		THUOCL
大足县人民建议奖励办法			1		THUOCL
大足县物业管理用房暂行办法			1		THUOCL
大连市急救医疗管理办法			1		THUOCL
大连市行政执法档案管理办法			1		THUOCL
大遗址保护专项经费管理办法			1		THUOCL
大额疾病医疗保险			1		THUOCL
天津市印章业治安管理办法			1		THUOCL
天津市地方性法规汇编			1		THUOCL
天津市海上交通安全管理规定			1		THUOCL
天津市电力设施保护管理办法			1		THUOCL
太原市动物和动物产品检疫条例			1		THUOCL
奢侈品之战			1		THUOCL
奥利弗温德尔霍姆斯			1		THUOCL
奥狄思法则			1		THUOCL
如何写民事诉状			1		THUOCL
妇女权益保护法律制度研究			1		THUOCL
娱乐场所管理条例释义			1		THUOCL
婚姻与收养登记			1		THUOCL
婚姻家庭法前沿			1		THUOCL
婚姻家庭法律适用全书			1		THUOCL
子女保障信托			1		THUOCL
学生伤害事故处理办法配套规定			1		THUOCL
宁波市停车场规划建设和管理条例			1		THUOCL
宁波市城乡集贸市场管理条例			1		THUOCL
宁波市城镇住房装修管理规定			1		THUOCL
宁波市渔业安全生产规定			1		THUOCL
宁波市私营企业权益保护条例			1		THUOCL
宇宙开发法			1		THUOCL
安徽法院案例选			1		THUOCL
安徽省城乡集市贸易市场管理条例			1		THUOCL
安徽省查处非法生产卷烟规定			1		THUOCL
宋代物权关系研究			1		THUOCL
实效主义法学			1		THUOCL
实用中医药诊疗技术			1		THUOCL
审判公正问题研究			1		THUOCL
审判前沿观察			1		THUOCL
审计机关审计项目计划管理办法			1		THUOCL
宣宁高速公路			1		THUOCL
宪政哲学问题要论			1		THUOCL
家庭吸烟预防和烟草控制法			1		THUOCL
对公民在适用法律上一律平等			1		THUOCL
尧蔚云			1		THUOCL
山东省地方税收保障条例			1		THUOCL
山东省耕地保养暂行规定			1		THUOCL
山西省世界经济学会			1		THUOCL
山西省红十字会条例			1		THUOCL
崇法集			1		THUOCL
工业企业职工听力保护规范			1		THUOCL
工业和信息化部政策法规司			1		THUOCL
工伤保险案例评析			1		THUOCL
工商银行工交信贷部			1		THUOCL
工矿产品合同试行条例			1		THUOCL
工程项目采购与合同管理			1		THUOCL
巴塞尔银行监理委员会			1		THUOCL
巴特勒教育法			1		THUOCL
市场法治规则			1		THUOCL
市场转型与规则嬗变			1		THUOCL
希望工程圆梦助学行动			1		THUOCL
常用药事法规千问			1		THUOCL
干部人事制度改革政策法规文件选编			1		THUOCL
干部子弟学校应逐步废除			1		THUOCL
并存债务承担			1		THUOCL
幻觉错误			1		THUOCL
广东省企业集体合同条例			1		THUOCL
广东省信访条例			1		THUOCL
广东省公路路政管理规定			1		THUOCL
广东省各级人民政府实施行政处罚规定			1		THUOCL
广东省合伙经营条例			1		THUOCL
广东省屠宰税征收办法			1		THUOCL
广东省工程技术研究开发中心管理办法			1		THUOCL
广东省志愿服务条例			1		THUOCL
广东省扶持老区资金使用管理办法			1		THUOCL
广东省质量技术监督行政案件办理规定			1		THUOCL
广东省露天矿场安全生产管理规定			1		THUOCL
广州市城镇老年居民养老保险试行办法			1		THUOCL
广州市越秀区司法局			1		THUOCL
广州市随军家属就业安置规定			1		THUOCL
广西壮族自治区供电用电办法			1		THUOCL
广西壮族自治区职业教育条例			1		THUOCL
广西壮族自治区财政监督条例			1		THUOCL
应城市人民检察院			1		THUOCL
应申请行政行为判解			1		THUOCL
应请求行政行为			1		THUOCL
延安革命遗址保护条例			1		THUOCL
延长工作时间制度			1		THUOCL
建立相对独立平面坐标系统管理办法			1		THUOCL
建筑安全必读法律法规汇编			1		THUOCL
建设与房地产法规			1		THUOCL
建设工程勘察设计管理条例释义			1		THUOCL
建设工程安全生产管理条例释义			1		THUOCL
建设工程法规及相关知识考试精要			1		THUOCL
建设部建筑业新技术应用示范工程管理办法			1		THUOCL
张家山汉律研究			1		THUOCL
张家界市城市规划技术规定			1		THUOCL
强制执行法学			1		THUOCL
当代中国市场经济法制研究			1		THUOCL
当代中国法律发展研究			1		THUOCL
彝族法律文化研究			1		THUOCL
征信概论			1		THUOCL
律师协会会员奖励办法			1		THUOCL
律师实用口才			1		THUOCL
律师执业基本素养			1		THUOCL
律师维权案例选			1		THUOCL
徐州市城市二次供水管理办法			1		THUOCL
徐州市村集体经济组织财务管理条例			1		THUOCL
徐州市采煤塌陷地复垦条例			1		THUOCL
微笑教育法			1		THUOCL
德国保险合同法			1		THUOCL
德国民法典评注			1		THUOCL
德国现代刑法			1		THUOCL
德国行政法读本			1		THUOCL
德宏傣族景颇族自治州自治条例			1		THUOCL
德本刑用			1		THUOCL
忠诚调查令			1		THUOCL
忧患与责任			1		THUOCL
怒江傈僳族自治州林业管理条例			1		THUOCL
思南县国土资源局			1		THUOCL
恐吓威胁罪			1		THUOCL
愿意支付高息			1		THUOCL
成都市产品质量监督条例			1		THUOCL
成都市计量管理监督条例			1		THUOCL
我只忠于法律			1		THUOCL
我维我权			1		THUOCL
战时刑事特别法			1		THUOCL
房地产开发经营法律实务			1		THUOCL
房地产法律要点解答			1		THUOCL
房地产法精要与依据指引			1		THUOCL
房地产置业法律咨询师培训教程			1		THUOCL
房屋征收决定			1		THUOCL
房屋有限产权			1		THUOCL
房屋权属总登记			1		THUOCL
房屋登记办法释义			1		THUOCL
所有权人设定他物权			1		THUOCL
扎赉特旗烟草专卖局			1		THUOCL
扣押债务人财产令状			1		THUOCL
执法效率原则			1		THUOCL
扫盲工作部际协调小组			1		THUOCL
扶养义务法律适用公约			1		THUOCL
技术监督行政处罚委托实施办法			1		THUOCL
投资基金治理结构之法律分析			1		THUOCL
报纸出版工作法律法规选编			1		THUOCL
担保法判解研究与适用			1		THUOCL
指定金钱信托			1		THUOCL
指纹断案			1		THUOCL
按摩疗法治百病			1		THUOCL
挪威成人教育法			1		THUOCL
控制洗钱及相关犯罪法律问题研究			1		THUOCL
措施控制法			1		THUOCL
撤销仲裁裁决申请书			1		THUOCL
撤销权法律关系			1		THUOCL
撰写法律文章			1		THUOCL
收养登记工作规范			1		THUOCL
收支平衡定价法			1		THUOCL
放射性废物管理规定			1		THUOCL
效力待定法律行为			1		THUOCL
文件证物			1		THUOCL
文化创新思考			1		THUOCL
文秘写作学			1		THUOCL
文秘写作指南			1		THUOCL
文艺复兴时期法律			1		THUOCL
新全球经济与发展中国家			1		THUOCL
新公司法与公司登记			1		THUOCL
新公司法的制度创新			1		THUOCL
新加坡共和国反贪倡廉成文律选			1		THUOCL
新加坡共和国经济贸易法律选编			1		THUOCL
新时期汉语语法学史			1		THUOCL
新杰逊条款			1		THUOCL
新法规月刊			1		THUOCL
新疆产权交易所			1		THUOCL
新疆维吾尔自治区环境保护条例			1		THUOCL
新疆维吾尔自治区矿产资源管理条例			1		THUOCL
新税收征收管理法实用手册			1		THUOCL
新编中国律师文书范本指南			1		THUOCL
新编公司法案例大点拨			1		THUOCL
新编六法参照法令判解全书			1		THUOCL
新编刑事法律适用手册			1		THUOCL
新编外来务工人员常用法律简释			1		THUOCL
新编房地产法学			1		THUOCL
新编物权法小全书			1		THUOCL
新闻出版总署立法程序规定			1		THUOCL
旅店业地方税收征收管理暂行办法			1		THUOCL
旅游法规案例精选与解析			1		THUOCL
无单放货法律问题研究			1		THUOCL
无因管理及相关债之制度研究			1		THUOCL
日本国家总动员法			1		THUOCL
日本国检察制度			1		THUOCL
日本永驻权			1		THUOCL
昆明市爱国卫生工作管理条例			1		THUOCL
昆明市路灯设施管理试行办法			1		THUOCL
明清法制初探			1		THUOCL
普通优惠制			1		THUOCL
最新刑事法律与司法解释实用手册			1		THUOCL
最新刑事法律适用手册			1		THUOCL
最高人民法院人身损害赔偿司法解释条文释义			1		THUOCL
最高人民法院民商审判要案精析			1		THUOCL
最高人民法院特别军事法庭审判日本战犯纪实			1		THUOCL
最高人民法院请示与答复			1		THUOCL
未成年人保护法配套规定			1		THUOCL
未成年人保护行动中原行			1		THUOCL
本溪市档案管理规定			1		THUOCL
本溪市森林防火办法			1		THUOCL
本溪市物业管理条例			1		THUOCL
机动车交通事故快速处理便携指南			1		THUOCL
机动车交通事故责任强制保险操作法律实务			1		THUOCL
机械产品目录实施细则			1		THUOCL
权利平等与地方差异			1		THUOCL
权利贫困论			1		THUOCL
村上龙电影小说			1		THUOCL
条件未完全的合约			1		THUOCL
杭州市地下管线盖板管理办法			1		THUOCL
杭州市外商投资企业投诉及处理办法			1		THUOCL
杭州市防火安全责任制暂行规定			1		THUOCL
林业执法理论与实务			1		THUOCL
梅根法案			1		THUOCL
梅汝璈法学文集			1		THUOCL
检察基础理论与应用			1		THUOCL
检察委员会检察员			1		THUOCL
欠缺所有权			1		THUOCL
欧洲民航会议			1		THUOCL
欧盟债法条例与指令全集			1		THUOCL
欧盟成员国刑事诉讼概论			1		THUOCL
欧美史研究			1		THUOCL
武汉市出境定居人员权益保障规定			1		THUOCL
武汉市城市供水用水条例			1		THUOCL
武汉市防洪管理规定			1		THUOCL
歪曲篡改他人作品			1		THUOCL
比荷卢经济联盟统一商标法			1		THUOCL
比较民事诉讼论丛			1		THUOCL
民事审判技能			1		THUOCL
民事强制执行新视野			1		THUOCL
民事程序法律条文复习技巧			1		THUOCL
民事裁判标准规范			1		THUOCL
民事证据规则应用			1		THUOCL
民初立嗣问题的法律与裁判			1		THUOCL
民族地区城镇化建设及其法律保障研究			1		THUOCL
民法通则精要与依据指引			1		THUOCL
民用建筑工程室内环境污染控制规程			1		THUOCL
民用爆炸物品进出口管理办法			1		THUOCL
民用航空油料适航管理规定			1		THUOCL
水利工程建设项目施工分包管理暂行规定			1		THUOCL
水利水电工程移民政策法规			1		THUOCL
水利部信访工作办法			1		THUOCL
水电站大坝安全定期检查办法			1		THUOCL
水电站大坝安全注册办法			1		THUOCL
水运工程机电设备招标投标管理办法			1		THUOCL
水闸安全鉴定管理办法			1		THUOCL
江苏省危险废物管理暂行办法			1		THUOCL
江西省乡镇人民代表大会工作条例			1		THUOCL
江西省生态公益林管理办法			1		THUOCL
江西省省级部门决算批复暂行办法			1		THUOCL
污染源监测管理办法			1		THUOCL
汤姆森商法教程			1		THUOCL
汽车保险法律法规			1		THUOCL
沙利文诉纽约时报案			1		THUOCL
河北省义务教育经费筹措使用管理条例			1		THUOCL
河南省国土资源厅行政服务大厅			1		THUOCL
治安案件查处概论			1		THUOCL
治道变革与法精神转型			1		THUOCL
法人制度法理研究			1		THUOCL
法令不能改变社会			1		THUOCL
法医学辞典			1		THUOCL
法国发明专利法			1		THUOCL
法学前沿名家谈			1		THUOCL
法学经纬			1		THUOCL
法律专业逻辑学教程			1		THUOCL
法律判决认定			1		THUOCL
法律文书范例评析			1		THUOCL
法律智慧的火花			1		THUOCL
法律英语词汇速记练习			1		THUOCL
法治之下警察行政权的合理构建			1		THUOCL
法治二十讲			1		THUOCL
法治国家与行政法治			1		THUOCL
法治维新			1		THUOCL
法院执行原理与实务			1		THUOCL
法院电子签章系统			1		THUOCL
法院组织法论			1		THUOCL
法院诉讼文书格式样本			1		THUOCL
注册会计师侵权责任			1		THUOCL
注销注册商标公告			1		THUOCL
派遣制合同工			1		THUOCL
派遣制柜员			1		THUOCL
测绘行政执法证管理规定			1		THUOCL
济南市室内装饰行业管理办法			1		THUOCL
济南市封山育林管理规定			1		THUOCL
浙江省专利专项资金管理办法			1		THUOCL
浙江省事业单位登记管理办法			1		THUOCL
浙江省台湾船舶边防管理规定			1		THUOCL
浙江省水库大坝安全管理办法			1		THUOCL
浙江省职工教育条例			1		THUOCL
海口市处置闲置土地若干规定			1		THUOCL
海域使用权研究			1		THUOCL
海峡两岸商务仲裁制度比较研究			1		THUOCL
海底电缆敷设船			1		THUOCL
海洋特别保护区管理办法			1		THUOCL
海牙第一公约			1		THUOCL
消费者权益保护法律理解与适用			1		THUOCL
涉外经贸法律英语			1		THUOCL
淄博市土地管理若干规定			1		THUOCL
淄博市地方史志办公室			1		THUOCL
淮南市城市规划管理条例			1		THUOCL
淮南市暂住人口管理条例			1		THUOCL
深圳金融发展专项资金管理办法			1		THUOCL
清远市法律援助处			1		THUOCL
温莎诏令			1		THUOCL
湖北省烟花爆竹经营许可实施细则			1		THUOCL
湖南富强律师事务所			1		THUOCL
湖南星邦律师事务所			1		THUOCL
湖南麓和律师事务所			1		THUOCL
湖南龙溪律师事务所			1		THUOCL
潜水医务保障			1		THUOCL
澳大利亚法律发达史			1		THUOCL
炒楼黑名单			1		THUOCL
煤矿安全监察专用设备管理暂行办法			1		THUOCL
煤矿生产安全事故报告和调查处理规定			1		THUOCL
燕薪			1		THUOCL
物品偷逃税款暂行办法			1		THUOCL
物资采购审计精要与案例分析			1		THUOCL
犯罪中断			1		THUOCL
狱内刑事案件立案标准			1		THUOCL
理顺外贸体制			1		THUOCL
琼州海峡轮渡运输管理规定			1		THUOCL
瑞典环境法			1		THUOCL
甘肃省规范性文件管理办法			1		THUOCL
生死两全保险合同			1		THUOCL
电子调速微型异步电动机通用技术条件			1		THUOCL
电影导演方法			1		THUOCL
留置调查法			1		THUOCL
监所职员任用审查暂行办法			1		THUOCL
监视居住委托书			1		THUOCL
目标作业法			1		THUOCL
直接调控方式向			1		THUOCL
直销法规知识解读			1		THUOCL
直销计酬制度			1		THUOCL
省市自治区检察院			1		THUOCL
省议会暂行法			1		THUOCL
矫制矫诏			1		THUOCL
石家庄市行政执法条例			1		THUOCL
破坏界碑界桩罪			1		THUOCL
社会工作案例精选			1		THUOCL
社保转出程序			1		THUOCL
票据议付			1		THUOCL
禁止不当接触制度			1		THUOCL
福州市除四害条例			1		THUOCL
私营企业经营者法律知识读本			1		THUOCL
种植业保险合同			1		THUOCL
积极贿赂			1		THUOCL
税收强制执行制度			1		THUOCL
税收救济权			1		THUOCL
立即撤销委托			1		THUOCL
第一危险保险			1		THUOCL
精神药物进出口准许证			1		THUOCL
纵联品牌法			1		THUOCL
组织健康报告法			1		THUOCL
终止生效时间			1		THUOCL
经济合同法律关系			1		THUOCL
经济法基本范畴的整体主义解释			1		THUOCL
经济等检察厅			1		THUOCL
经济警察制度			1		THUOCL
绘画颜料与色彩指南			1		THUOCL
继承法比较研究			1		THUOCL
维权与信访			1		THUOCL
绿色产业与绿色产业法			1		THUOCL
缅甸公司法			1		THUOCL
网络后台实名制			1		THUOCL
美国刑事诉讼中的辩护			1		THUOCL
美国史上的市场与法律			1		THUOCL
美国法律呼悠谈			1		THUOCL
美国法律英语			1		THUOCL
美国签证新政策			1		THUOCL
美国统一商法典及其正式评述			1		THUOCL
美国联邦地区法院民事诉讼流程			1		THUOCL
职业病伤残鉴定与赔偿			1		THUOCL
职务犯罪的法律对策及治理			1		THUOCL
职务犯罪面面观			1		THUOCL
肖永平论冲突法			1		THUOCL
能源标准化管理办法			1		THUOCL
自救行为论			1		THUOCL
自然遗产保护法研究			1		THUOCL
自贡市法律援助中心			1		THUOCL
舞弊侦查技巧与策略			1		THUOCL
舟山市军人抚恤优待实施办法			1		THUOCL
航海日程表			1		THUOCL
航空旅客权益保护			1		THUOCL
艺术法概要			1		THUOCL
苏芬友好合作互助条约			1		THUOCL
英国品诚梅森律师事务所			1		THUOCL
英美商事法			1		THUOCL
草原监理人员行为准则			1		THUOCL
药品加工出口管理规定			1		THUOCL
药品医疗器械法律文书制作实务			1		THUOCL
药品类易制毒化学品管理办法			1		THUOCL
药物分析实验方法学			1		THUOCL
营业权论			1		THUOCL
营养工作规范			1		THUOCL
萨维尼法学方法论讲义与格林笔记			1		THUOCL
著作权强制许可			1		THUOCL
董必武法学思想研究文集			1		THUOCL
虚构事实诈骗他人钱财			1		THUOCL
血站管理暂行办法			1		THUOCL
行业协会经济自治权研究			1		THUOCL
行为法学派			1		THUOCL
行政复议法实务指导			1		THUOCL
行政执法与行政审判参考			1		THUOCL
行政法规及规则			1		THUOCL
行政督察专员公署组织条例			1		THUOCL
行政许可法注评			1		THUOCL
行政附带民事调解书			1		THUOCL
补缺性条款			1		THUOCL
袖珍英汉法律词典			1		THUOCL
襄樊市通用语言文字应用管理办法			1		THUOCL
西宁市公共场所禁止吸烟规定			1		THUOCL
西安市地质环境管理办法			1		THUOCL
西方发达国家企业法律制度概观			1		THUOCL
西林驮娘江水电开发有限公司			1		THUOCL
规定性通知			1		THUOCL
计划生育科技成果登记实施办法			1		THUOCL
论国家补偿			1		THUOCL
论国际商事仲裁管辖权异议			1		THUOCL
论犯罪观			1		THUOCL
证券交易所风险基金管理暂行办法			1		THUOCL
证券及相关犯罪认定处理			1		THUOCL
证券法比较研究			1		THUOCL
证券法苑			1		THUOCL
证据制度若干问题研究			1		THUOCL
谈判与辩论技巧			1		THUOCL
谨告犯人			1		THUOCL
财智攻略			1		THUOCL
财经违法行为审计处理处罚手册			1		THUOCL
质量监督检验检疫概论			1		THUOCL
贩卖毒品罪研究			1		THUOCL
贪污贿赂罪重点疑点难点问题判解研究			1		THUOCL
购房陷阱与防范放心购房逐步指南			1		THUOCL
资产证券化法律问题研究			1		THUOCL
转移价格策略			1		THUOCL
软件网络案件代理与评析			1		THUOCL
边缘刑法学			1		THUOCL
辽宁省企业信用信息征集发布使用办法			1		THUOCL
辽宁省城市节约用水管理实施办法			1		THUOCL
过失引起中毒罪			1		THUOCL
过程控制仪表技术			1		THUOCL
运输合同保管合同仓储合同			1		THUOCL
运输安全必读法律法规汇编			1		THUOCL
运输车辆管理制度			1		THUOCL
进出口企业管理制度			1		THUOCL
进境动物遗传物质检疫管理办法			1		THUOCL
违反安全保障义务侵权责任			1		THUOCL
通信协助执法法案			1		THUOCL
通用经济法			1		THUOCL
道路交通事故损害赔偿法律指引			1		THUOCL
道路交通安全必读法律法规汇编			1		THUOCL
遗产继承法律通			1		THUOCL
邻接权研究			1		THUOCL
重庆市信访听证暂行办法			1		THUOCL
重庆市实验动物管理办法			1		THUOCL
重庆市财政票据管理办法			1		THUOCL
野副州旦			1		THUOCL
金块本位制度			1		THUOCL
金甲虫奖			1		THUOCL
针刺补泻法			1		THUOCL
钢丝绳破断拉伸试验方法			1		THUOCL
钦州市公安局钦北分局			1		THUOCL
钱继磊			1		THUOCL
铁岭市建设工程招标投标实施办法			1		THUOCL
铁路专用线与国铁接轨审批办法			1		THUOCL
铁路刑事疑难案例研究			1		THUOCL
银行及金融机构法			1		THUOCL
间接占有中的返还请求权			1		THUOCL
阿坝藏族羌族自治州水资源管理条例			1		THUOCL
阿提卡之夜			1		THUOCL
陈大献			1		THUOCL
陕西省统计登记管理办法			1		THUOCL
隐形合约			1		THUOCL
雅典法律制度			1		THUOCL
青海省地方病防治条例			1		THUOCL
青海省城镇职工生育保险办法			1		THUOCL
非合伙律师			1		THUOCL
非法出卖转让武器装备罪			1		THUOCL
非法出租国有划拨土地使用权			1		THUOCL
非法查封财产			1		THUOCL
非现场交通违章			1		THUOCL
非诉维权			1		THUOCL
非财产损害赔偿问题研究			1		THUOCL
韩国专利制度			1		THUOCL
领空带			1		THUOCL
频繁进出澳门			1		THUOCL
飞行间隔规定			1		THUOCL
香港法院系统			1		THUOCL
麻类纤维质量监督管理办法			1		THUOCL
黄律师服务空间站			1		THUOCL
黑河干流水量调度管理办法			1		THUOCL
黑龙江省劳动安全条例			1		THUOCL
黑龙江省城市环境噪声管理办法			1		THUOCL
浙江省地质灾害防治管理办法					THUOCL
