word	pinyin	rank	doc_freq	level	source
更上一层楼			4472		THUOCL
民以食为天			3900		THUOCL
任重而道远			3742		THUOCL
一言以蔽之			2183		THUOCL
润物细无声			2009		THUOCL
十年磨一剑			1660		THUOCL
物以稀为贵			1403		THUOCL
咬定青山不放松			1358		THUOCL
一年之计在于春			1227		THUOCL
弹指一挥间			1184		THUOCL
老吾老以及人之老			1103		THUOCL
庐山真面目			1098		THUOCL
犹抱琵琶半遮面			1082		THUOCL
每逢佳节倍思亲			1038		THUOCL
近水楼台先得月			962		THUOCL
醉翁之意不在酒			907		THUOCL
先天下之忧而忧			900		THUOCL
难于上青天			839		THUOCL
雄关漫道真如铁			831		THUOCL
后天下之乐而乐			790		THUOCL
有朋自远方来			786		THUOCL
飞入寻常百姓家			771		THUOCL
术业有专攻			763		THUOCL
孔雀东南飞			737		THUOCL
勿以善小而不为			731		THUOCL
学而优则仕			706		THUOCL
清明时节雨纷纷			699		THUOCL
欲速则不达			685		THUOCL
老死不相往来			678		THUOCL
而今迈步从头越			677		THUOCL
养在深闺人未识			676		THUOCL
人间正道是沧桑			639		THUOCL
幼吾幼以及人之幼			628		THUOCL
风景这边独好			628		THUOCL
语不惊人死不休			617		THUOCL
高处不胜寒			599		THUOCL
春江水暖鸭先知			597		THUOCL
勿以恶小而为之			590		THUOCL
不拘一格降人才			577		THUOCL
解铃还须系铃人			575		THUOCL
春风吹又生			569		THUOCL
君子之交淡如水			568		THUOCL
长江后浪推前浪			543		THUOCL
行百里者半九十			536		THUOCL
铁肩担道义			528		THUOCL
路漫漫其修远兮			523		THUOCL
长风破浪会有时			522		THUOCL
本是同根生			519		THUOCL
小桥流水人家			516		THUOCL
一览众山小			514		THUOCL
为有源头活水来			513		THUOCL
出淤泥而不染			509		THUOCL
柳暗花明又一村			507		THUOCL
忽如一夜春风来			497		THUOCL
天堑变通途			490		THUOCL
粒粒皆辛苦			489		THUOCL
相煎何太急			479		THUOCL
必先利其器			473		THUOCL
天涯共此时			464		THUOCL
风物长宜放眼量			463		THUOCL
工欲善其事			457		THUOCL
山雨欲来风满楼			454		THUOCL
乱花渐欲迷人眼			449		THUOCL
学而不思则罔			436		THUOCL
直挂云帆济沧海			423		THUOCL
敢教日月换新天			420		THUOCL
几家欢乐几家愁			409		THUOCL
天涯若比邻			409		THUOCL
不患寡而患不均			406		THUOCL
思而不学则殆			404		THUOCL
凡事预则立			398		THUOCL
野火烧不尽			398		THUOCL
悠然见南山			371		THUOCL
采菊东篱下			367		THUOCL
千树万树梨花开			361		THUOCL
但愿人长久			358		THUOCL
刑不上大夫			351		THUOCL
任尔东西南北风			347		THUOCL
海上生明月			344		THUOCL
安得广厦千万间			340		THUOCL
不到长城非好汉			329		THUOCL
大庇天下寒士俱欢颜			325		THUOCL
问渠哪得清如许			325		THUOCL
司马昭之心			324		THUOCL
威武不能屈			318		THUOCL
腹有诗书气自华			313		THUOCL
众里寻他千百度			310		THUOCL
天高任鸟飞			310		THUOCL
除非己莫为			308		THUOCL
吾将上下而求索			306		THUOCL
潮平两岸阔			305		THUOCL
必固其根本			304		THUOCL
仓廪实而知礼节			303		THUOCL
不畏浮云遮望眼			302		THUOCL
多行不义必自毙			301		THUOCL
映日荷花别样红			299		THUOCL
风正一帆悬			299		THUOCL
恰同学少年			295		THUOCL
由奢入俭难			292		THUOCL
宜疏不宜堵			285		THUOCL
接天莲叶无穷碧			285		THUOCL
谁知盘中餐			284		THUOCL
达则兼济天下			282		THUOCL
富贵不能淫			281		THUOCL
东边日出西边雨			278		THUOCL
贫贱不能移			276		THUOCL
路遥知马力			275		THUOCL
一万年太久			271		THUOCL
海阔凭鱼跃			270		THUOCL
温故而知新			269		THUOCL
海内存知己			267		THUOCL
礼轻情意重			267		THUOCL
随风潜入夜			265		THUOCL
千里共婵娟			263		THUOCL
小荷才露尖尖角			262		THUOCL
无以至千里			261		THUOCL
纸上得来终觉浅			261		THUOCL
穷则独善其身			260		THUOCL
轻舟已过万重山			259		THUOCL
日久见人心			257		THUOCL
由俭入奢易			257		THUOCL
风吹草低见牛羊			257		THUOCL
红军不怕远征难			256		THUOCL
年年岁岁花相似			255		THUOCL
世上无难事			254		THUOCL
我自岿然不动			252		THUOCL
举头望明月			251		THUOCL
山重水复疑无路			248		THUOCL
报得三春晖			248		THUOCL
明月几时有			246		THUOCL
不得其门而入			245		THUOCL
月是故乡明			245		THUOCL
俯首甘为孺子牛			243		THUOCL
横看成岭侧成峰			243		THUOCL
欲穷千里目			243		THUOCL
谁言寸草心			242		THUOCL
欲流之远者			241		THUOCL
高峡出平湖			238		THUOCL
鸡犬之声相闻			237		THUOCL
江山如此多娇			236		THUOCL
夕阳无限好			233		THUOCL
男儿有泪不轻弹			231		THUOCL
橘生淮南则为橘			224		THUOCL
灯火阑珊处			222		THUOCL
独在异乡为异客			221		THUOCL
千磨万击还坚劲			216		THUOCL
必浚其泉源			216		THUOCL
江山代有才人出			214		THUOCL
赤橙黄绿青蓝紫			214		THUOCL
不识庐山真面目			213		THUOCL
锄禾日当午			213		THUOCL
为有牺牲多壮志			208		THUOCL
路上行人欲断魂			206		THUOCL
生于淮北则为枳			204		THUOCL
择其善者而从之			203		THUOCL
春蚕到死丝方尽			203		THUOCL
爆竹声中一岁除			203		THUOCL
会当凌绝顶			202		THUOCL
火树银花不夜天			200		THUOCL
绝知此事要躬行			198		THUOCL
无以成江海			197		THUOCL
秋水共长天一色			196		THUOCL
成由勤俭败由奢			195		THUOCL
只缘身在此山中			194		THUOCL
好雨知时节			194		THUOCL
慈母手中线			193		THUOCL
青山遮不住			193		THUOCL
君子和而不同			191		THUOCL
衙斋卧听萧萧竹			190		THUOCL
飞流直下三千尺			188		THUOCL
不问苍生问鬼神			187		THUOCL
春眠不觉晓			187		THUOCL
毕竟东流去			187		THUOCL
汗滴禾下土			187		THUOCL
君子坦荡荡			185		THUOCL
学而时习之			185		THUOCL
以及人之老			181		THUOCL
床前明月光			181		THUOCL
游子身上衣			181		THUOCL
留取丹心照汗青			181		THUOCL
月上柳梢头			180		THUOCL
衣食足而知荣辱			180		THUOCL
人生自古谁无死			177		THUOCL
东方风来满眼春			176		THUOCL
家书抵万金			176		THUOCL
岁岁年年人不同			176		THUOCL
落霞与孤鹜齐飞			176		THUOCL
己欲达而达人			175		THUOCL
出师未捷身先死			174		THUOCL
假作真时真亦假			173		THUOCL
居庙堂之高			169		THUOCL
不知其可也			168		THUOCL
可望不可即			168		THUOCL
天将降大任于斯人也			168		THUOCL
必先苦其心志			167		THUOCL
少小离家老大回			166		THUOCL
位卑未敢忘忧国			161		THUOCL
人约黄昏后			160		THUOCL
历览前贤国与家			160		THUOCL
王顾左右而言他			159		THUOCL
虽千万人吾往矣			159		THUOCL
蜡炬成灰泪始干			159		THUOCL
两岸猿声啼不住			158		THUOCL
兄弟阋于墙			158		THUOCL
天然去雕饰			158		THUOCL
擒贼先擒王			156		THUOCL
低头思故乡			155		THUOCL
濯清涟而不妖			155		THUOCL
疾风知劲草			154		THUOCL
万里尚为邻			153		THUOCL
人间四月芳菲尽			152		THUOCL
踏破铁鞋无觅处			151		THUOCL
一桥飞架南北			150		THUOCL
烟花三月下扬州			148		THUOCL
不带走一片云彩			147		THUOCL
可以正衣冠			147		THUOCL
乱云飞渡仍从容			146		THUOCL
数风流人物			145		THUOCL
人老心不老			144		THUOCL
最忆是杭州			144		THUOCL
衣带渐宽终不悔			144		THUOCL
为伊消得人憔悴			143		THUOCL
宜将剩勇追穷寇			143		THUOCL
以百姓心为心			142		THUOCL
相知无远近			142		THUOCL
远近高低各不同			142		THUOCL
四十而不惑			141		THUOCL
水至清则无鱼			140		THUOCL
贫贱夫妻百事哀			140		THUOCL
非宁静无以致远			140		THUOCL
人生若只如初见			139		THUOCL
大珠小珠落玉盘			139		THUOCL
少壮不努力			139		THUOCL
一日之计在于晨			138		THUOCL
当春乃发生			138		THUOCL
把酒问青天			138		THUOCL
旧时王谢堂前燕			138		THUOCL
逝者如斯夫			138		THUOCL
沉舟侧畔千帆过			137		THUOCL
胜似闲庭信步			137		THUOCL
问渠那得清如许			137		THUOCL
春风得意马蹄疾			136		THUOCL
病树前头万木春			136		THUOCL
问君能有几多愁			136		THUOCL
一片冰心在玉壶			135		THUOCL
天生我材必有用			135		THUOCL
为赋新词强说愁			134		THUOCL
人生七十古来稀			134		THUOCL
厚积而薄发			134		THUOCL
心有灵犀一点通			134		THUOCL
敢叫日月换新天			134		THUOCL
见不善如探汤			134		THUOCL
有恒产者有恒心			133		THUOCL
名不正则言不顺			132		THUOCL
春风送暖入屠苏			132		THUOCL
五十而知天命			130		THUOCL
男女授受不亲			130		THUOCL
万水千山只等闲			129		THUOCL
黄河之水天上来			128		THUOCL
举杯邀明月			127		THUOCL
曾经沧海难为水			127		THUOCL
有缘千里来相会			127		THUOCL
见善如不及			127		THUOCL
到中流击水			126		THUOCL
月有阴晴圆缺			126		THUOCL
风雪夜归人			126		THUOCL
门前冷落车马稀			125		THUOCL
可上九天揽月			124		THUOCL
国以民为本			124		THUOCL
路有冻死骨			123		THUOCL
人逢喜事精神爽			122		THUOCL
人间万事出艰辛			122		THUOCL
人生不如意			121		THUOCL
无官一身轻			121		THUOCL
朱门酒肉臭			121		THUOCL
良药苦口利于病			121		THUOCL
莫道君行早			121		THUOCL
虽九死其犹未悔			121		THUOCL
那人却在灯火阑珊处			121		THUOCL
大漠孤烟直			119		THUOCL
祸患常积于忽微			119		THUOCL
不破楼兰终不还			118		THUOCL
唤起工农千百万			118		THUOCL
木受绳则直			118		THUOCL
一寸光阴一寸金			117		THUOCL
横眉冷对千夫指			117		THUOCL
葡萄美酒夜光杯			117		THUOCL
长河落日圆			117		THUOCL
霜叶红于二月花			117		THUOCL
非淡泊无以明志			117		THUOCL
无限风光在险峰			116		THUOCL
此时无声胜有声			116		THUOCL
哀民生之多艰			115		THUOCL
必有我师焉			115		THUOCL
清水出芙蓉			115		THUOCL
环球同此凉热			114		THUOCL
花无百日红			114		THUOCL
八千里路云和月			113		THUOCL
可下五洋捉鳖			113		THUOCL
百万雄师过大江			113		THUOCL
人面桃花相映红			111		THUOCL
以及人之幼			111		THUOCL
洛阳亲友如相问			111		THUOCL
老夫聊发少年狂			111		THUOCL
金就砺则利			111		THUOCL
下笔如有神			110		THUOCL
万紫千红总是春			109		THUOCL
壮观天下无			109		THUOCL
老大徒伤悲			109		THUOCL
为他人作嫁衣裳			108		THUOCL
不如退而结网			107		THUOCL
忠言逆耳利于行			107		THUOCL
春种一粒粟			106		THUOCL
踏遍青山人未老			105		THUOCL
不能成方圆			104		THUOCL
民无信不立			104		THUOCL
淡妆浓抹总相宜			104		THUOCL
莫道桑榆晚			104		THUOCL
当惊世界殊			103		THUOCL
若要人不知			103		THUOCL
仕而优则学			102		THUOCL
总把新桃换旧符			102		THUOCL
无可奈何花落去			102		THUOCL
往来无白丁			101		THUOCL
日啖荔枝三百颗			101		THUOCL
长沙马王堆汉墓			101		THUOCL
忧国不谋身			100		THUOCL
通古今之变			100		THUOCL
一骑红尘妃子笑			99		THUOCL
借问酒家何处有			99		THUOCL
十年生死两茫茫			99		THUOCL
女为悦己者容			99		THUOCL
意恐迟迟归			99		THUOCL
清泉石上流			99		THUOCL
牧童遥指杏花村			99		THUOCL
昨夜西风凋碧树			98		THUOCL
雨打风吹去			98		THUOCL
临行密密缝			97		THUOCL
南朝四百八十寺			97		THUOCL
徒善不足以为政			96		THUOCL
国人皆曰可杀			95		THUOCL
天下无难事			95		THUOCL
歌诗合为事而作			95		THUOCL
重上井冈山			95		THUOCL
一行白鹭上青天			94		THUOCL
于我如浮云			94		THUOCL
知之为知之			94		THUOCL
防范胜于救灾			94		THUOCL
黑云压城城欲摧			94		THUOCL
只是近黄昏			93		THUOCL
望尽天涯路			93		THUOCL
千里送鹅毛			92		THUOCL
虽然在城市			92		THUOCL
春风又绿江南岸			91		THUOCL
近乡情更怯			91		THUOCL
人固有一死			90		THUOCL
化作春泥更护花			90		THUOCL
同是天涯沦落人			90		THUOCL
士为知己者死			90		THUOCL
一年十二月			89		THUOCL
八月十八潮			89		THUOCL
旧貌变新颜			89		THUOCL
此事古难全			89		THUOCL
相看两不厌			89		THUOCL
自信人生二百年			89		THUOCL
谈笑有鸿儒			89		THUOCL
处处闻啼鸟			88		THUOCL
花落知多少			88		THUOCL
荆轲刺秦王			88		THUOCL
问苍茫大地			88		THUOCL
乡音无改鬓毛衰			87		THUOCL
众人皆醉我独醒			87		THUOCL
来者犹可追			87		THUOCL
水善利万物而不争			87		THUOCL
国人杀之也			86		THUOCL
左右皆曰可杀			86		THUOCL
弄潮儿向涛头立			86		THUOCL
民亦忧其忧			86		THUOCL
诸大夫皆曰可杀			86		THUOCL
门前冷落鞍马稀			86		THUOCL
不知为不知			85		THUOCL
不管风吹浪打			85		THUOCL
决胜千里之外			85		THUOCL
扶摇直上九万里			85		THUOCL
见贤思齐焉			85		THUOCL
人穷志不穷			84		THUOCL
千里马常有			84		THUOCL
君子之德风			83		THUOCL
天翻地覆慨而慷			83		THUOCL
忧民之忧者			83		THUOCL
曲径通幽处			83		THUOCL
一日看尽长安花			82		THUOCL
不知今夕何夕			82		THUOCL
云深不知处			82		THUOCL
亦使后人而复哀后人也			82		THUOCL
千里江陵一日还			82		THUOCL
寂寞空庭春欲晚			82		THUOCL
水击三千里			82		THUOCL
不坠青云之志			81		THUOCL
不辞长作岭南人			81		THUOCL
卷起千堆雪			81		THUOCL
君子喻于义			81		THUOCL
小人之德草			81		THUOCL
往者不可谏			81		THUOCL
疑是地上霜			81		THUOCL
疑是银河落九天			81		THUOCL
花重锦官城			81		THUOCL
一岁一枯荣			80		THUOCL
不义而富且贵			80		THUOCL
人生得意须尽欢			80		THUOCL
坐看云起时			80		THUOCL
烽火连三月			80		THUOCL
窗含西岭千秋雪			80		THUOCL
蚍蜉撼大树			80		THUOCL
铁杵磨成针			80		THUOCL
长太息以掩涕兮			80		THUOCL
不爱红装爱武装			79		THUOCL
人有悲欢离合			79		THUOCL
使老有所终			79		THUOCL
吾道一以贯之			79		THUOCL
新松恨不高千尺			79		THUOCL
小人长戚戚			78		THUOCL
风萧萧兮易水寒			78		THUOCL
一举成名天下知			77		THUOCL
为之于未有			77		THUOCL
亦余心之所善兮			77		THUOCL
听取蛙声一片			77		THUOCL
士不可以不弘毅			77		THUOCL
海上升明月			77		THUOCL
绿树村边合			77		THUOCL
金风玉露一相逢			77		THUOCL
今夕是何年			76		THUOCL
民亦乐其乐			76		THUOCL
世事洞明皆学问			75		THUOCL
天若有情天亦老			75		THUOCL
对影成三人			75		THUOCL
山寺桃花始盛开			75		THUOCL
独钓寒江雪			75		THUOCL
今朝更好看			74		THUOCL
只要肯登攀			74		THUOCL
在天愿作比翼鸟			74		THUOCL
日出江花红胜火			74		THUOCL
此之谓大丈夫			74		THUOCL
秋收万颗子			74		THUOCL
读书破万卷			74		THUOCL
书山有路勤为径			73		THUOCL
千淘万漉虽辛苦			73		THUOCL
又岂在朝朝暮暮			73		THUOCL
大风起兮云飞扬			73		THUOCL
学海无涯苦作舟			73		THUOCL
得来全不费功夫			73		THUOCL
登泰山而小天下			73		THUOCL
白日依山尽			73		THUOCL
乐民之乐者			72		THUOCL
各领风骚数百年			72		THUOCL
恶竹应须斩万竿			72		THUOCL
春来江水绿如蓝			72		THUOCL
有家归不得			72		THUOCL
桃花依旧笑春风			72		THUOCL
芙蓉国里尽朝晖			72		THUOCL
不可使知之			71		THUOCL
少年不识愁滋味			71		THUOCL
天涯何处无芳草			70		THUOCL
无人知是荔枝来			70		THUOCL
等闲识得东风面			70		THUOCL
花开时节动京城			70		THUOCL
人事有代谢			69		THUOCL
千古风流人物			69		THUOCL
唧唧复唧唧			69		THUOCL
在地愿为连理枝			69		THUOCL
得道者多助			69		THUOCL
花市灯如昼			69		THUOCL
试看天下谁能敌			69		THUOCL
不见当年秦始皇			68		THUOCL
青山郭外斜			68		THUOCL
停车坐爱枫林晚			67		THUOCL
大鹏一日同风起			67		THUOCL
往事越千年			67		THUOCL
祸兮福所倚			67		THUOCL
而伯乐不常有			67		THUOCL
金猴奋起千钧棒			67		THUOCL
黄河入海流			67		THUOCL
或轻于鸿毛			66		THUOCL
民可使由之			66		THUOCL
离离原上草			66		THUOCL
军民团结如一人			65		THUOCL
往来成古今			65		THUOCL
本立而道生			65		THUOCL
极目楚天舒			65		THUOCL
闻道有先后			65		THUOCL
其不善者而改之			64		THUOCL
吹尽狂沙始到金			64		THUOCL
国破山河在			64		THUOCL
夜来风雨声			64		THUOCL
或重于泰山			64		THUOCL
桃花潭水深千尺			64		THUOCL
玉宇澄清万里埃			64		THUOCL
不可不察也			63		THUOCL
多少楼台烟雨中			63		THUOCL
截断巫山云雨			63		THUOCL
西出阳关无故人			63		THUOCL
运筹帷幄之中			63		THUOCL
雏凤清于老凤声			63		THUOCL
露从今夜白			63		THUOCL
青山依旧在			63		THUOCL
风雨不动安如山			63		THUOCL
上穷碧落下黄泉			62		THUOCL
其作始也简			62		THUOCL
只要功夫深			62		THUOCL
后人哀之而不鉴之			62		THUOCL
欲与天公试比高			62		THUOCL
死者长已矣			62		THUOCL
稻花香里说丰年			62		THUOCL
除却巫山不是云			62		THUOCL
一蓑烟雨任平生			61		THUOCL
万类霜天竞自由			61		THUOCL
人情练达即文章			61		THUOCL
以孝治天下			61		THUOCL
待到山花烂漫时			61		THUOCL
成一家之言			61		THUOCL
故能成其大			61		THUOCL
明年春色倍还人			61		THUOCL
月到中秋分外明			61		THUOCL
白了少年头			61		THUOCL
莲叶何田田			61		THUOCL
装点此关山			61		THUOCL
长使英雄泪满襟			61		THUOCL
三分天下有其二			60		THUOCL
两个黄鹂鸣翠柳			60		THUOCL
冲冠一怒为红颜			60		THUOCL
几度夕阳红			60		THUOCL
庭院深深深几许			60		THUOCL
手把红旗旗不湿			60		THUOCL
欲把西湖比西子			60		THUOCL
此情可待成追忆			60		THUOCL
见不贤而内自省也			60		THUOCL
风翻白浪花千片			60		THUOCL
九万里风鹏正举			59		THUOCL
五十知天命			59		THUOCL
其将毕也必巨			59		THUOCL
前不见古人			59		THUOCL
千门万户曈曈日			59		THUOCL
处江湖之远则忧其君			59		THUOCL
小人喻于利			59		THUOCL
成如容易却艰辛			59		THUOCL
相见时难别亦难			59		THUOCL
祸兮福之所倚			59		THUOCL
雁点青天字一行			59		THUOCL
共饮长江水			58		THUOCL
唯有牡丹真国色			58		THUOCL
小不忍则乱大谋			58		THUOCL
徒法不能以自行			58		THUOCL
故人西辞黄鹤楼			58		THUOCL
无边落木萧萧下			58		THUOCL
春色满园关不住			58		THUOCL
枯藤老树昏鸦			58		THUOCL
玉不琢不成器			58		THUOCL
门泊东吴万里船			58		THUOCL
此心安处是吾乡			57		THUOCL
看万山红遍			57		THUOCL
福兮祸所伏			57		THUOCL
红泥小火炉			57		THUOCL
行到水穷处			57		THUOCL
道是无晴却有晴			57		THUOCL
两情若是久长时			56		THUOCL
凄凄惨惨戚戚			56		THUOCL
又食武昌鱼			56		THUOCL
吹面不寒杨柳风			56		THUOCL
明月松间照			56		THUOCL
凌寒独自开			55		THUOCL
只缘身在最高层			55		THUOCL
无可无不可			55		THUOCL
君子成人之美			54		THUOCL
商女不知亡国恨			54		THUOCL
天时不如地利			54		THUOCL
好之者不如乐之者			54		THUOCL
我自横刀向天笑			54		THUOCL
不可居无竹			53		THUOCL
不足为外人道也			53		THUOCL
也无风雨也无晴			53		THUOCL
人不堪其忧			53		THUOCL
地利不如人和			53		THUOCL
家祭无忘告乃翁			53		THUOCL
我住长江头			53		THUOCL
所以动心忍性			53		THUOCL
把酒话桑麻			53		THUOCL
文章千古事			53		THUOCL
瓜田不纳履			53		THUOCL
鳏寡孤独废疾者皆有所养			53		THUOCL
齐鲁青未了			53		THUOCL
天地英雄气			52		THUOCL
福兮祸之所伏			52		THUOCL
红豆生南国			52		THUOCL
行拂乱其所为			52		THUOCL
后不见来者			51		THUOCL
回也不改其乐			51		THUOCL
天下谁人不识君			51		THUOCL
天听自我民听			51		THUOCL
天地有大美而不言			51		THUOCL
民德归厚矣			51		THUOCL
水光潋滟晴方好			51		THUOCL
草色遥看近却无			51		THUOCL
黑夜给了我黑色的眼睛			51		THUOCL
不亦君子乎			50		THUOCL
不强人所难			50		THUOCL
不知天上宫阙			50		THUOCL
东风夜放花千树			50		THUOCL
亦我所欲也			50		THUOCL
千秋尚凛然			50		THUOCL
复得返自然			50		THUOCL
引无数英雄竞折腰			50		THUOCL
我劝天公重抖擞			50		THUOCL
早有蜻蜓立上头			50		THUOCL
看似寻常最奇崛			50		THUOCL
知之者不如好之者			50		THUOCL
立根原在破岩中			50		THUOCL
不患贫而患不安			49		THUOCL
人不知而不愠			49		THUOCL
人间重晚晴			49		THUOCL
以万物为刍狗			49		THUOCL
你装饰了别人的梦			49		THUOCL
力拔山兮气盖世			49		THUOCL
却顾所来径			49		THUOCL
去年元夜时			49		THUOCL
可以知得失			49		THUOCL
国之本在家			49		THUOCL
捐躯赴国难			49		THUOCL
无处话凄凉			49		THUOCL
昔人已乘黄鹤去			49		THUOCL
春城无处不飞花			49		THUOCL
朝辞白帝彩云间			49		THUOCL
樯橹灰飞烟灭			49		THUOCL
红旗漫卷西风			49		THUOCL
结庐在人境			49		THUOCL
花间一壶酒			49		THUOCL
落红不是无情物			49		THUOCL
谁持彩练当空舞			49		THUOCL
万里长城今犹在			48		THUOCL
久在樊笼里			48		THUOCL
乍暖还寒时候			48		THUOCL
劳心者治人			48		THUOCL
博观而约取			48		THUOCL
古今多少事			48		THUOCL
天视自我民视			48		THUOCL
日日思君不见君			48		THUOCL
日照香炉生紫烟			48		THUOCL
望庐山瀑布			48		THUOCL
此恨绵绵无绝期			48		THUOCL
而无车马喧			48		THUOCL
不尽长江滚滚来			47		THUOCL
乃敢与君绝			47		THUOCL
则修文德以来之			47		THUOCL
历尽天华成此景			47		THUOCL
她在丛中笑			47		THUOCL
桃花流水鳜鱼肥			47		THUOCL
隐患险于明火			47		THUOCL
上下平则国强			46		THUOCL
举世皆浊我独清			46		THUOCL
仰天大笑出门去			46		THUOCL
创业艰难百战多			46		THUOCL
千山鸟飞绝			46		THUOCL
天下之本在国			46		THUOCL
奉公如法则上下平			46		THUOCL
我住长江尾			46		THUOCL
暮色苍茫看劲松			46		THUOCL
沉醉不知归路			46		THUOCL
劝君更尽一杯酒			45		THUOCL
失道者寡助			45		THUOCL
居高声自远			45		THUOCL
数树深红出浅黄			45		THUOCL
明月出天山			45		THUOCL
此地空余黄鹤楼			45		THUOCL
沧浪之水浊兮			45		THUOCL
独学而无友			45		THUOCL
田园将芜胡不归			45		THUOCL
良辰美景奈何天			45		THUOCL
青山有幸埋忠骨			45		THUOCL
不远千里而来			44		THUOCL
居庙堂之高则忧其民			44		THUOCL
山外青山楼外楼			44		THUOCL
我挥一挥衣袖			44		THUOCL
明月何时照我还			44		THUOCL
明月装饰了你的窗子			44		THUOCL
春风不度玉门关			44		THUOCL
有良田美池桑竹之属			44		THUOCL
欲饮琵琶马上催			44		THUOCL
沧浪之水清兮			44		THUOCL
遍插茱萸少一人			44		THUOCL
人面不知何处去			43		THUOCL
则孤陋而寡闻			43		THUOCL
天生丽质难自弃			43		THUOCL
奔流到海不复回			43		THUOCL
小人同而不和			43		THUOCL
抽刀断水水更流			43		THUOCL
气吞万里如虎			43		THUOCL
视死忽如归			43		THUOCL
山明水净夜来霜			42		THUOCL
山色空蒙雨亦奇			42		THUOCL
春有百花秋有月			42		THUOCL
更加郁郁葱葱			42		THUOCL
民免而无耻			42		THUOCL
王师北定中原日			42		THUOCL
虎踞龙盘今胜昔			42		THUOCL
轻轻的我走了			42		THUOCL
一枝红杏出墙来			41		THUOCL
三军可夺帅也			41		THUOCL
为人谋而不忠乎			41		THUOCL
回眸一笑百媚生			41		THUOCL
壮士一去兮不复还			41		THUOCL
岁寒知松柏			41		THUOCL
才饮长沙水			41		THUOCL
执手相看泪眼			41		THUOCL
最是一年春好处			41		THUOCL
朽木不可雕			41		THUOCL
空山新雨后			41		THUOCL
飞雪迎春到			41		THUOCL
黄鹤一去不复返			41		THUOCL
事了拂衣去			40		THUOCL
千金散尽还复来			40		THUOCL
君子周而不比			40		THUOCL
客从何处来			40		THUOCL
小饼如嚼月			40		THUOCL
当刮目相看			40		THUOCL
我辈岂是蓬蒿人			40		THUOCL
日暮乡关何处是			40		THUOCL
春来发几枝			40		THUOCL
曲项向天歌			40		THUOCL
曾益其所不能			40		THUOCL
万物生光辉			39		THUOCL
不废江河万古流			39		THUOCL
九天开出一成都			39		THUOCL
二月春风似剪刀			39		THUOCL
人无千日好			39		THUOCL
俏也不争春			39		THUOCL
六十而耳顺			39		THUOCL
天街小雨润如酥			39		THUOCL
直在其中矣			39		THUOCL
笑问客从何处来			39		THUOCL
要留清白在人间			39		THUOCL
迢迢牵牛星			39		THUOCL
铁马冰河入梦来			39		THUOCL
三十功名尘与土			38		THUOCL
不及汪伦送我情			38		THUOCL
去留肝胆两昆仑			38		THUOCL
只在此山中			38		THUOCL
得失寸心知			38		THUOCL
温泉水滑洗凝脂			38		THUOCL
神女应无恙			38		THUOCL
竹外桃花三两枝			38		THUOCL
钟山风雨起苍黄			38		THUOCL
青春作伴好还乡			38		THUOCL
黄沙百战穿金甲			38		THUOCL
一唱雄鸡天下白			37		THUOCL
万里长江横渡			37		THUOCL
东风第一枝			37		THUOCL
则其负大舟也无力			37		THUOCL
学然后知不足			37		THUOCL
寻隐者不遇			37		THUOCL
念天地之悠悠			37		THUOCL
惊起一滩鸥鹭			37		THUOCL
我本将心向明月			37		THUOCL
日月不同光			37		THUOCL
早发白帝城			37		THUOCL
昼夜各有宜			37		THUOCL
暖风熏得游人醉			37		THUOCL
正如我轻轻的来			37		THUOCL
正是河豚欲上时			37		THUOCL
此物最相思			37		THUOCL
而众星共之			37		THUOCL
试玉要烧三日满			37		THUOCL
躬耕于南阳			37		THUOCL
非学无以广才			37		THUOCL
风流总被雨打风吹去			37		THUOCL
七十古来稀			36		THUOCL
不可沽名学霸王			36		THUOCL
二者不可得兼			36		THUOCL
君子义以为质			36		THUOCL
埋骨何须桑梓地			36		THUOCL
安知鱼之乐			36		THUOCL
当时只道是寻常			36		THUOCL
心中为念农桑苦			36		THUOCL
木兰当户织			36		THUOCL
桐花万里丹山路			36		THUOCL
死亦为鬼雄			36		THUOCL
江南佳丽地			36		THUOCL
海上明月共潮生			36		THUOCL
莫使金樽空对月			36		THUOCL
西塞山前白鹭飞			36		THUOCL
言不顺则事不成			36		THUOCL
谁敢横刀立马			36		THUOCL
轻罗小扇扑流萤			36		THUOCL
遥知不是雪			36		THUOCL
风展红旗如画			36		THUOCL
龟蛇锁大江			36		THUOCL
一年好景君须记			35		THUOCL
乡音未改鬓毛衰			35		THUOCL
人比黄花瘦			35		THUOCL
似曾相识燕归来			35		THUOCL
匹夫不可夺志也			35		THUOCL
天光云影共徘徊			35		THUOCL
学阮公体三首			35		THUOCL
尔曹身与名俱灭			35		THUOCL
心远地自偏			35		THUOCL
战地黄花分外香			35		THUOCL
收拾旧山河			35		THUOCL
斯人独憔悴			35		THUOCL
此曲只应天上有			35		THUOCL
能不忆江南			35		THUOCL
芳草萋萋鹦鹉洲			35		THUOCL
莫听穿林打叶声			35		THUOCL
莫待无花空折枝			35		THUOCL
阳春布德泽			35		THUOCL
万径人踪灭			34		THUOCL
万条垂下绿丝绦			34		THUOCL
不如相忘于江湖			34		THUOCL
为有暗香来			34		THUOCL
今日长缨在手			34		THUOCL
依依墟里烟			34		THUOCL
出没风波里			34		THUOCL
博学而笃志			34		THUOCL
古道西风瘦马			34		THUOCL
君住长江尾			34		THUOCL
垂死病中惊坐起			34		THUOCL
夏有凉风冬有雪			34		THUOCL
忙趁东风放纸鸢			34		THUOCL
愿得一心人			34		THUOCL
成由勤俭破由奢			34		THUOCL
江南可采莲			34		THUOCL
独酌无相亲			34		THUOCL
疏影横斜水清浅			34		THUOCL
而后人哀之			34		THUOCL
萧瑟秋风今又是			34		THUOCL
蒌蒿满地芦芽短			34		THUOCL
何妨吟啸且徐行			33		THUOCL
何时缚住苍龙			33		THUOCL
古来征战几人回			33		THUOCL
只把春来报			33		THUOCL
可远观而不可亵玩焉			33		THUOCL
君住长江头			33		THUOCL
天气晚来秋			33		THUOCL
孤舟蓑笠翁			33		THUOCL
弟子入则孝			33		THUOCL
春江潮水连海平			33		THUOCL
春花秋月何时了			33		THUOCL
晴川历历汉阳树			33		THUOCL
江南与江北			33		THUOCL
皎皎河汉女			33		THUOCL
相逢何必曾相识			33		THUOCL
能饮一杯无			33		THUOCL
苍苍横翠微			33		THUOCL
遥看瀑布挂前川			33		THUOCL
零落成泥碾作尘			33		THUOCL
鸟鸣山更幽			33		THUOCL
不知其姓名			32		THUOCL
与朋友交而不信乎			32		THUOCL
乌蒙磅礴走泥丸			32		THUOCL
云想衣裳花想容			32		THUOCL
切问而近思			32		THUOCL
君不见黄河之水天上来			32		THUOCL
在洞庭一湖			32		THUOCL
夫物之不齐			32		THUOCL
恰似一江春水向东流			32		THUOCL
故乡不可见			32		THUOCL
明日复明日			32		THUOCL
晴空一鹤排云上			32		THUOCL
鱼戏莲叶间			32		THUOCL
黄梅时节家家雨			32		THUOCL
七月七日长生殿			31		THUOCL
儿童相见不相识			31		THUOCL
冠者五六人			31		THUOCL
删繁就简三秋树			31		THUOCL
半亩方塘一鉴开			31		THUOCL
去年今日此门中			31		THUOCL
坐地日行八万里			31		THUOCL
墙角数枝梅			31		THUOCL
并怡然自乐			31		THUOCL
我言秋日胜春朝			31		THUOCL
晚来天欲雪			31		THUOCL
梦游天姥吟留别			31		THUOCL
生当作人杰			31		THUOCL
秦人不暇自哀			31		THUOCL
竟无语凝噎			31		THUOCL
童子六七人			31		THUOCL
耳里如闻饥冻声			31		THUOCL
自古逢秋悲寂寥			31		THUOCL
误入藕花深处			31		THUOCL
遥知兄弟登高处			31		THUOCL
郎骑竹马来			31		THUOCL
随着中华民族的			31		THUOCL
青春留不住			31		THUOCL
三月不知肉味			30		THUOCL
上善若水任方圆			30		THUOCL
仁义不施而攻守之势异也			30		THUOCL
切切故乡情			30		THUOCL
只是当时已惘然			30		THUOCL
只有香如故			30		THUOCL
吾生也有涯			30		THUOCL
喜看稻菽千重浪			30		THUOCL
在乎山水之间也			30		THUOCL
夜阑卧听风吹雨			30		THUOCL
大雪压青松			30		THUOCL
头重脚轻根底浅			30		THUOCL
子在川上曰			30		THUOCL
宛在水中央			30		THUOCL
巴山夜雨涨秋池			30		THUOCL
悠悠天宇旷			30		THUOCL
斜风细雨不须归			30		THUOCL
梦里不知身是客			30		THUOCL
直教生死相许			30		THUOCL
秦时明月汉时关			30		THUOCL
绕床弄青梅			30		THUOCL
绿蚁新醅酒			30		THUOCL
花开堪折直须折			30		THUOCL
风雨送春归			30		THUOCL
不患人之不己知			29		THUOCL
不知其几千里也			29		THUOCL
亲戚或余悲			29		THUOCL
便引诗情到碧霄			29		THUOCL
修己以安百姓			29		THUOCL
千门万户瞳瞳日			29		THUOCL
可笑不自量			29		THUOCL
听其言而观其行			29		THUOCL
夹岸数百步			29		THUOCL
常怀千岁忧			29		THUOCL
开轩面场圃			29		THUOCL
忽逢桃花林			29		THUOCL
断肠人在天涯			29		THUOCL
无为有处有还无			29		THUOCL
无恻隐之心			29		THUOCL
暗香浮动月黄昏			29		THUOCL
最是橙黄橘绿时			29		THUOCL
生于忧患死于安乐			29		THUOCL
盈盈一水间			29		THUOCL
碧海青天夜夜心			29		THUOCL
背灼炎天光			29		THUOCL
金沙水拍云崖暖			29		THUOCL
长安水边多丽人			29		THUOCL
青草池塘处处蛙			29		THUOCL
领异标新二月花			29		THUOCL
风景旧曾谙			29		THUOCL
一夜鱼龙舞			28		THUOCL
不知秋思落谁家			28		THUOCL
业精于勤荒于嬉			28		THUOCL
乘桴浮于海			28		THUOCL
予观夫巴陵胜状			28		THUOCL
二十四桥明月夜			28		THUOCL
会挽雕弓如满月			28		THUOCL
十年辛苦不寻常			28		THUOCL
天子之事也			28		THUOCL
姑苏城外寒山寺			28		THUOCL
安能摧眉折腰事权贵			28		THUOCL
小人常戚戚			28		THUOCL
小楼一夜听春雨			28		THUOCL
已是悬崖百丈冰			28		THUOCL
无非湘水余波			28		THUOCL
暧暧远人村			28		THUOCL
板荡识诚臣			28		THUOCL
深巷明朝卖杏花			28		THUOCL
犹有花枝俏			28		THUOCL
独怆然而涕下			28		THUOCL
畏圣人之言			28		THUOCL
纵使相逢应不识			28		THUOCL
而知也无涯			28		THUOCL
苍茫云海间			28		THUOCL
谏太宗十思疏			28		THUOCL
赏心乐事谁家院			28		THUOCL
郑伯克段于鄢			28		THUOCL
不知何处是他乡			27		THUOCL
与山间之明月			27		THUOCL
今夜月明人尽望			27		THUOCL
北方有佳人			27		THUOCL
可以濯吾缨			27		THUOCL
大渡桥横铁索寒			27		THUOCL
学不成名誓不还			27		THUOCL
报之以琼琚			27		THUOCL
故天下莫能与之争			27		THUOCL
敏于事而慎于言			27		THUOCL
敬鬼神而远之			27		THUOCL
无恒产者无恒心			27		THUOCL
昔贤多使气			27		THUOCL
春宵一刻值千金			27		THUOCL
望长城内外			27		THUOCL
流水落花春去也			27		THUOCL
济南名士多			27		THUOCL
然后有千里马			27		THUOCL
疾病相扶持			27		THUOCL
白雪歌送武判官归京			27		THUOCL
红掌拨清波			27		THUOCL
脉脉不得语			27		THUOCL
苟非吾之所有			27		THUOCL
起舞弄清影			27		THUOCL
钱塘自古繁华			27		THUOCL
魂魄毅兮为鬼雄			27		THUOCL
五岭逶迤腾细浪			26		THUOCL
五色令人目盲			26		THUOCL
人生天地间			26		THUOCL
但使龙城飞将在			26		THUOCL
修己以安人			26		THUOCL
发我枝上花			26		THUOCL
君子有三畏			26		THUOCL
奈何以死惧之			26		THUOCL
孩儿立志出乡关			26		THUOCL
屈指行程二万			26		THUOCL
带月荷锄归			26		THUOCL
心交上古人			26		THUOCL
感时花溅泪			26		THUOCL
我欲乘风归去			26		THUOCL
更立西江石壁			26		THUOCL
松下问童子			26		THUOCL
白毛浮绿水			26		THUOCL
目览千载事			26		THUOCL
羌笛何须怨杨柳			26		THUOCL
虽一毫而莫取			26		THUOCL
足蒸暑土气			26		THUOCL
醉卧沙场君莫笑			26		THUOCL
问君何能尔			26		THUOCL
便是人间好时节			25		THUOCL
古之学者为己			25		THUOCL
可怜夜半虚前席			25		THUOCL
君问归期未有期			25		THUOCL
嘴尖皮厚腹中空			25		THUOCL
处众人之所恶			25		THUOCL
奇文共欣赏			25		THUOCL
奉命于危难之间			25		THUOCL
寒随一夜去			25		THUOCL
射人先射马			25		THUOCL
忆往昔峥嵘岁月稠			25		THUOCL
恨别鸟惊心			25		THUOCL
患不知人也			25		THUOCL
惟有泪千行			25		THUOCL
惟江上之清风			25		THUOCL
愿君多采撷			25		THUOCL
敌军围困万千重			25		THUOCL
文胜质则史			25		THUOCL
横扫千军如卷席			25		THUOCL
烟波江上使人愁			25		THUOCL
狗吠深巷中			25		THUOCL
疑义相与析			25		THUOCL
粪土当年万户侯			25		THUOCL
自古皆有死			25		THUOCL
觉今是而昨非			25		THUOCL
谈笑凯歌还			25		THUOCL
身既死兮神以灵			25		THUOCL
长空雁叫霜晨月			25		THUOCL
阅尽人间春色			25		THUOCL
黑发不知勤学早			25		THUOCL
万方乐奏有于阗			24		THUOCL
东风随春归			24		THUOCL
九月九日忆山东兄弟			24		THUOCL
今人不见古时月			24		THUOCL
他人亦已歌			24		THUOCL
六经责我开生面			24		THUOCL
君子义以为上			24		THUOCL
唯我彭大将军			24		THUOCL
嘈嘈切切错杂弹			24		THUOCL
天地与我并生			24		THUOCL
天香云外飘			24		THUOCL
拔剑四顾心茫然			24		THUOCL
春逐五更来			24		THUOCL
晨兴理荒秽			24		THUOCL
朝饮木兰之坠露兮			24		THUOCL
白首方悔读书迟			24		THUOCL
离天三尺三			24		THUOCL
竹杖芒鞋轻胜马			24		THUOCL
笼天地于形内			24		THUOCL
糟糠之妻不下堂			24		THUOCL
草长莺飞二月天			24		THUOCL
莫愁前路无知己			24		THUOCL
质胜文则野			24		THUOCL
车如流水马如龙			24		THUOCL
非是藉秋风			24		THUOCL
鸡鸣桑树颠			24		THUOCL
不以其道得之			23		THUOCL
不敢问来人			23		THUOCL
不知今夕是何年			23		THUOCL
两小无嫌猜			23		THUOCL
乌衣巷口夕阳斜			23		THUOCL
人至察则无徒			23		THUOCL
今月曾经照古人			23		THUOCL
何日更重游			23		THUOCL
倒海翻江卷巨澜			23		THUOCL
克己复礼为仁			23		THUOCL
共赏一轮明月			23		THUOCL
再使风俗淳			23		THUOCL
却道天凉好个秋			23		THUOCL
古来圣贤皆寂寞			23		THUOCL
君子欲讷于言而敏于行			23		THUOCL
回首向来萧瑟处			23		THUOCL
在山泉水清			23		THUOCL
复行数十步			23		THUOCL
威加海内兮归故乡			23		THUOCL
客舍青青柳色新			23		THUOCL
家之本在身			23		THUOCL
小人之交甘若醴			23		THUOCL
应知故乡事			23		THUOCL
必也正名乎			23		THUOCL
愿为比翼鸟			23		THUOCL
挫万物于笔端			23		THUOCL
数罟不入洿池			23		THUOCL
无边光景一时新			23		THUOCL
晓看红湿处			23		THUOCL
梅子黄时雨			23		THUOCL
此中有真意			23		THUOCL
沾衣欲湿杏花雨			23		THUOCL
煮豆燃豆萁			23		THUOCL
登高必自卑			23		THUOCL
白发三千丈			23		THUOCL
目遇之而成色			23		THUOCL
碧玉妆成一树高			23		THUOCL
红杏枝头春意闹			23		THUOCL
结发为夫妻			23		THUOCL
苟全性命于乱世			23		THUOCL
行行重行行			23		THUOCL
非志无以成学			23		THUOCL
饮其流者怀其源			23		THUOCL
黄鹤楼送孟浩然之广陵			23		THUOCL
三军过后尽开颜			22		THUOCL
不肯过江东			22		THUOCL
人生何处不相逢			22		THUOCL
今之学者为人			22		THUOCL
今年元夜时			22		THUOCL
仿佛若有光			22		THUOCL
使我不得开心颜			22		THUOCL
则百姓亲睦			22		THUOCL
千锤万凿出深山			22		THUOCL
原是濂溪一脉			22		THUOCL
天长地久有时尽			22		THUOCL
官至礼部尚书			22		THUOCL
宝马雕车香满路			22		THUOCL
巡天遥看一千河			22		THUOCL
往事知多少			22		THUOCL
斑竹一枝千滴泪			22		THUOCL
春风杨柳万千条			22		THUOCL
朱雀桥边野草花			22		THUOCL
白云千载空悠悠			22		THUOCL
终刚强兮不可凌			22		THUOCL
耳得之而为声			22		THUOCL
自挂东南枝			22		THUOCL
自缘身在最高层			22		THUOCL
花开花落二十日			22		THUOCL
若无闲事挂心头			22		THUOCL
莫笑农家腊酒浑			22		THUOCL
诚既勇兮又以武			22		THUOCL
远上寒山石径斜			22		THUOCL
银烛秋光冷画屏			22		THUOCL
雕栏玉砌应犹在			22		THUOCL
霜刃未曾试			22		THUOCL
高天滚滚寒流急			22		THUOCL
鱼鳖不可胜食也			22		THUOCL
一代新人换旧人			21		THUOCL
五音令人耳聋			21		THUOCL
冬至阳生春又来			21		THUOCL
冷暖不相知			21		THUOCL
只是朱颜改			21		THUOCL
可以濯吾足			21		THUOCL
可以濯我足			21		THUOCL
同居长干里			21		THUOCL
君子之过也			21		THUOCL
四海翻腾云水怒			21		THUOCL
夜半钟声到客船			21		THUOCL
天时人事日相催			21		THUOCL
天阶夜色凉如水			21		THUOCL
嫦娥应悔偷灵药			21		THUOCL
山寺月中寻桂子			21		THUOCL
忧劳可以兴国			21		THUOCL
怎得梅花扑鼻香			21		THUOCL
无为而无不为			21		THUOCL
春在溪头荠菜花			21		THUOCL
更与何人说			21		THUOCL
桂子月中落			21		THUOCL
泪飞顿作倾盆雨			21		THUOCL
深藏身与名			21		THUOCL
渭城朝雨浥轻尘			21		THUOCL
白云生处有人家			21		THUOCL
祸莫大于不知足			21		THUOCL
纵浪大化中			21		THUOCL
胜人者有力			21		THUOCL
芙蓉如面柳如眉			21		THUOCL
逸豫可以亡身			21		THUOCL
遍地英雄下夕烟			21		THUOCL
青青园中葵			21		THUOCL
一城之人皆若狂			20		THUOCL
一年一度秋风劲			20		THUOCL
不见去年人			20		THUOCL
东风好作阳和使			20		THUOCL
两只黄鹂鸣翠柳			20		THUOCL
两岸青山相对出			20		THUOCL
丰年留客足鸡豚			20		THUOCL
二水中分白鹭洲			20		THUOCL
人生无处不青山			20		THUOCL
六盘山上高峰			20		THUOCL
兴尽晚回舟			20		THUOCL
出山泉水浊			20		THUOCL
即从巴峡穿巫峡			20		THUOCL
只识弯弓射大雕			20		THUOCL
君自故乡来			20		THUOCL
家事国事天下事事事关心			20		THUOCL
岂是池中物			20		THUOCL
彩云易散琉璃脆			20		THUOCL
心潮逐浪高			20		THUOCL
忧道不忧贫			20		THUOCL
故人何寂寞			20		THUOCL
是人之所欲也			20		THUOCL
是造物者之无尽藏也			20		THUOCL
李下不正冠			20		THUOCL
柴门闻犬吠			20		THUOCL
榆柳荫后檐			20		THUOCL
欲语泪先流			20		THUOCL
毁誉听之于人			20		THUOCL
气蒸云梦泽			20		THUOCL
江城五月落梅花			20		THUOCL
流水前波让后波			20		THUOCL
碧水东流至此回			20		THUOCL
禅房花木深			20		THUOCL
而智勇多困于所溺			20		THUOCL
至今已觉不新鲜			20		THUOCL
致君尧舜上			20		THUOCL
芳林新叶催陈叶			20		THUOCL
逢草逢花报发生			20		THUOCL
醉里挑灯看剑			20		THUOCL
雪却输梅一段香			20		THUOCL
青山隐隐水迢迢			20		THUOCL
三山半落青天外			19		THUOCL
三杯两盏淡酒			19		THUOCL
不与秦塞通人烟			19		THUOCL
不喜亦不惧			19		THUOCL
不忍见其死			19		THUOCL
不敢为天下先			19		THUOCL
与人恭而有礼			19		THUOCL
人生易老天难老			19		THUOCL
何当共剪西窗烛			19		THUOCL
便下襄阳向洛阳			19		THUOCL
几处早莺争暖树			19		THUOCL
千里不留行			19		THUOCL
半江瑟瑟半江红			19		THUOCL
君子食无求饱			19		THUOCL
君看一叶舟			19		THUOCL
吟安一个字			19		THUOCL
大礼不辞小让			19		THUOCL
天意怜幽草			19		THUOCL
天门中断楚江开			19		THUOCL
如日月之食焉			19		THUOCL
妙手偶得之			19		THUOCL
孤帆远影碧空尽			19		THUOCL
居敬而行简			19		THUOCL
工夫在诗外			19		THUOCL
巫山十二峰			19		THUOCL
师不必贤于弟子			19		THUOCL
常记溪亭日暮			19		THUOCL
廉者不受嗟来之食			19		THUOCL
待到雪化时			19		THUOCL
得天下有道			19		THUOCL
忘路之远近			19		THUOCL
我欲因之梦寥廓			19		THUOCL
我见青山多妩媚			19		THUOCL
拂堤杨柳醉春烟			19		THUOCL
故穿庭树作飞花			19		THUOCL
有生必有死			19		THUOCL
桃李春风一杯酒			19		THUOCL
桃李罗堂前			19		THUOCL
桑田变沧海			19		THUOCL
梅须逊雪三分白			19		THUOCL
江湖夜雨十年灯			19		THUOCL
浅草才能没马蹄			19		THUOCL
烛之武退秦师			19		THUOCL
白雪却嫌春色晚			19		THUOCL
空山不见人			19		THUOCL
红绿扶春上远林			19		THUOCL
老骥伏枥志在千里			19		THUOCL
肉食者谋之			19		THUOCL
自成一家始逼真			19		THUOCL
自称臣是酒中仙			19		THUOCL
蓬门今始为君开			19		THUOCL
蚍蜉撼树谈何易			19		THUOCL
诗酒趁年华			19		THUOCL
辨材须待七年期			19		THUOCL
野渡无人舟自横			19		THUOCL
随人作计终后人			19		THUOCL
雪拥蓝关马不前			19		THUOCL
一时多少豪杰			18		THUOCL
一点浩然气			18		THUOCL
万里长征人未还			18		THUOCL
万马齐喑究可哀			18		THUOCL
三月三日天气新			18		THUOCL
不知细叶谁裁出			18		THUOCL
与尔同销万古愁			18		THUOCL
但恐是痴人			18		THUOCL
何事不可为			18		THUOCL
作别西天的云彩			18		THUOCL
六宫粉黛无颜色			18		THUOCL
冠盖满京华			18		THUOCL
千里莺啼绿映红			18		THUOCL
卷土重来未可知			18		THUOCL
叫嚣乎东西			18		THUOCL
咎莫大于欲得			18		THUOCL
坐看牵牛织女星			18		THUOCL
太原一男子			18		THUOCL
安能辨我是雄雌			18		THUOCL
寒食东风御柳斜			18		THUOCL
恩爱两不疑			18		THUOCL
我失骄杨君失柳			18		THUOCL
我笑他人看不穿			18		THUOCL
托体同山阿			18		THUOCL
挥手自兹去			18		THUOCL
无复独多虑			18		THUOCL
是非审之于己			18		THUOCL
月涌大江流			18		THUOCL
柳亚子先生			18		THUOCL
桃花源里人家			18		THUOCL
生年不满百			18		THUOCL
白银盘里一青螺			18		THUOCL
秋风萧瑟天气凉			18		THUOCL
绝世而独立			18		THUOCL
罗浮山下四时春			18		THUOCL
至今思项羽			18		THUOCL
芙蓉楼送辛渐			18		THUOCL
落叶满空山			18		THUOCL
落花人独立			18		THUOCL
虎兕出于柙			18		THUOCL
行天下之大道			18		THUOCL
逢春不游乐			18		THUOCL
郡亭枕上看潮头			18		THUOCL
隳突乎南北			18		THUOCL
一年三百六十日			17		THUOCL
一日复一日			17		THUOCL
一片孤城万仞山			17		THUOCL
一篇读罢头飞雪			17		THUOCL
一顾倾人城			17		THUOCL
万户千门入画图			17		THUOCL
三千宠爱在一身			17		THUOCL
不以人废言			17		THUOCL
不成人之恶			17		THUOCL
不是花中偏爱菊			17		THUOCL
不求闻达于诸侯			17		THUOCL
不闻机杼声			17		THUOCL
举头已觉千山绿			17		THUOCL
云中谁寄锦书来			17		THUOCL
五味令人口爽			17		THUOCL
五洲震荡风雷激			17		THUOCL
人生不满百			17		THUOCL
以有涯随无涯			17		THUOCL
但爱鲈鱼美			17		THUOCL
儿童散学归来早			17		THUOCL
关山度若飞			17		THUOCL
初闻涕泪满衣裳			17		THUOCL
助天下人爱其所爱			17		THUOCL
化为绕指柔			17		THUOCL
十步杀一人			17		THUOCL
南国有佳人			17		THUOCL
却话巴山夜雨时			17		THUOCL
又恐琼楼玉宇			17		THUOCL
可以濯我缨			17		THUOCL
吾十有五而志于学			17		THUOCL
和柳亚子先生			17		THUOCL
商人重利轻别离			17		THUOCL
城春草木深			17		THUOCL
大行不顾细谨			17		THUOCL
富贵于我如浮云			17		THUOCL
寒雨连江夜入吴			17		THUOCL
小楼昨夜又东风			17		THUOCL
帝高阳之苗裔兮			17		THUOCL
幻想和现实			17		THUOCL
得其民有道			17		THUOCL
惟有饮者留其名			17		THUOCL
意映卿卿如晤			17		THUOCL
我必须是你近旁的一株木棉			17		THUOCL
投我以木桃			17		THUOCL
无灾无难到公卿			17		THUOCL
月与灯依旧			17		THUOCL
月落乌啼霜满天			17		THUOCL
朝如青丝暮成雪			17		THUOCL
杨柳岸晓风残月			17		THUOCL
梨花一枝春带雨			17		THUOCL
欲辨已忘言			17		THUOCL
水村山郭酒旗风			17		THUOCL
江上往来人			17		THUOCL
烈火焚烧若等闲			17		THUOCL
物是人非事事休			17		THUOCL
王莽谦恭未篡时			17		THUOCL
用药如用兵			17		THUOCL
白日放歌须纵酒			17		THUOCL
白铁无辜铸佞臣			17		THUOCL
秋尽江南草未凋			17		THUOCL
立天下之正位			17		THUOCL
粉身碎骨浑不怕			17		THUOCL
老大嫁作商人妇			17		THUOCL
草木摇落露为霜			17		THUOCL
言师采药去			17		THUOCL
身无彩凤双飞翼			17		THUOCL
郁郁乎文哉			17		THUOCL
钟鸣鼎食之家			17		THUOCL
铜雀春深锁二乔			17		THUOCL
闻官军收河南河北			17		THUOCL
隔江犹唱后庭花			17		THUOCL
饮茶粤海未能忘			17		THUOCL
龟玉毁于椟中			17		THUOCL
一吟双泪流			16		THUOCL
万里悲秋常作客			16		THUOCL
不教胡马度阴山			16		THUOCL
不要人夸颜色好			16		THUOCL
东风洒雨露			16		THUOCL
中华儿女多奇志			16		THUOCL
为谁辛苦为谁甜			16		THUOCL
五里一徘徊			16		THUOCL
人民五亿不团圆			16		THUOCL
人生不相见			16		THUOCL
人生天地之间			16		THUOCL
人皆有不忍人之心			16		THUOCL
从此萧郎是路人			16		THUOCL
仰观宇宙之大			16		THUOCL
何似在人间			16		THUOCL
何处春江无月明			16		THUOCL
便欣然忘食			16		THUOCL
克终者盖寡			16		THUOCL
即此爱汝一念			16		THUOCL
城中桃李愁风雨			16		THUOCL
声非加疾也			16		THUOCL
夜半无人私语时			16		THUOCL
孤帆一片日边来			16		THUOCL
将军赋采薇			16		THUOCL
山气日夕佳			16		THUOCL
常在于险远			16		THUOCL
应尽便须尽			16		THUOCL
必也使无讼乎			16		THUOCL
必积其德义			16		THUOCL
怎一个愁字了得			16		THUOCL
思国之安者			16		THUOCL
收取关山五十州			16		THUOCL
文章憎命达			16		THUOCL
斧斤以时入山林			16		THUOCL
旌旗十万斩阎罗			16		THUOCL
无羞恶之心			16		THUOCL
明月何皎皎			16		THUOCL
星垂平野阔			16		THUOCL
春来草自青			16		THUOCL
春风花草香			16		THUOCL
有为者亦若是			16		THUOCL
柔弱胜刚强			16		THUOCL
此花开尽更无花			16		THUOCL
汝果欲学诗			16		THUOCL
浴血东瓜守			16		THUOCL
清风半夜鸣蝉			16		THUOCL
漫卷诗书喜欲狂			16		THUOCL
燕山雪花大如席			16		THUOCL
牡丹尤为天下奇			16		THUOCL
登幽州台歌			16		THUOCL
登金陵凤凰台			16		THUOCL
相逢不相识			16		THUOCL
胡天八月即飞雪			16		THUOCL
路曼曼其修远兮			16		THUOCL
送元二使安西			16		THUOCL
长命无绝衰			16		THUOCL
驱倭棠吉归			16		THUOCL
黄鹤楼中吹玉笛			16		THUOCL
一年春好处			15		THUOCL
一雷惊蛰始			15		THUOCL
七十而从心所欲不逾矩			15		THUOCL
万户萧疏鬼唱歌			15		THUOCL
东临碣石有遗篇			15		THUOCL
两句三年得			15		THUOCL
为大于其细			15		THUOCL
为天下人谋永福也			15		THUOCL
京口北固亭怀古			15		THUOCL
其喜洋洋者矣			15		THUOCL
再顾倾人国			15		THUOCL
别时容易见时难			15		THUOCL
别有天地非人间			15		THUOCL
千秋万岁名			15		THUOCL
千里快哉风			15		THUOCL
却道故人心易变			15		THUOCL
反者道之动			15		THUOCL
响穷彭蠡之滨			15		THUOCL
善始者实繁			15		THUOCL
壮志也无违			15		THUOCL
夕餐秋菊之落英			15		THUOCL
天下之至柔			15		THUOCL
天气转清凉			15		THUOCL
寂寞身后事			15		THUOCL
将登太行雪满山			15		THUOCL
山水有清音			15		THUOCL
市井十洲人			15		THUOCL
得道多助失道寡助			15		THUOCL
我欲与君相知			15		THUOCL
斯得天下矣			15		THUOCL
无竹令人俗			15		THUOCL
明日何其多			15		THUOCL
更喜岷山千里雪			15		THUOCL
柳絮飞时花满城			15		THUOCL
梅花欢喜漫天雪			15		THUOCL
死去元知万事空			15		THUOCL
江山留胜迹			15		THUOCL
烟笼寒水月笼沙			15		THUOCL
烟雨莽苍苍			15		THUOCL
燕雀安知鸿鹄之志哉			15		THUOCL
男儿何不带吴钩			15		THUOCL
白云深处有人家			15		THUOCL
等闲变却故人心			15		THUOCL
纸船明烛照天烧			15		THUOCL
羁鸟恋旧林			15		THUOCL
而吾与子之所共适			15		THUOCL
而在萧墙之内也			15		THUOCL
衡阳雁去无留意			15		THUOCL
越鸟巢南枝			15		THUOCL
身后有余忘缩手			15		THUOCL
长安市上酒家眠			15		THUOCL
长江悲已滞			15		THUOCL
闲敲棋子落灯花			15		THUOCL
青春不再来			15		THUOCL
饮湖上初晴后雨			15		THUOCL
骤雨不终日			15		THUOCL
鱼我所欲也			15		THUOCL
鼓声三下红旗开			15		THUOCL
万国衣冠拜冕旒			14		THUOCL
不可一日无此君			14		THUOCL
不忍食其肉			14		THUOCL
不知转入此中来			14		THUOCL
且须饮美酒			14		THUOCL
乐亦在其中矣			14		THUOCL
乘月醉高台			14		THUOCL
二桃杀三士			14		THUOCL
京口瓜洲一水间			14		THUOCL
人生代代无穷已			14		THUOCL
今宵酒醒何处			14		THUOCL
会须一饮三百杯			14		THUOCL
但悲不见九州同			14		THUOCL
作为树的形象和你站在一起			14		THUOCL
六亿神州尽舜尧			14		THUOCL
兰陵美酒郁金香			14		THUOCL
其何以行之哉			14		THUOCL
减字木兰花			14		THUOCL
凤去台空江自流			14		THUOCL
到处莺歌燕舞			14		THUOCL
卢橘杨梅次第新			14		THUOCL
卧看牵牛织女星			14		THUOCL
君子有三戒			14		THUOCL
唯见长江天际流			14		THUOCL
图难于其易			14		THUOCL
外侮需人御			14		THUOCL
夜泊秦淮近酒家			14		THUOCL
大地微微暖气吹			14		THUOCL
天地一沙鸥			14		THUOCL
学不可以已			14		THUOCL
寂寞嫦娥舒广袖			14		THUOCL
寂寞沙洲冷			14		THUOCL
将军百战死			14		THUOCL
居简而行简			14		THUOCL
师称机械化			14		THUOCL
弦断有谁听			14		THUOCL
待到重阳日			14		THUOCL
我善养吾浩然之气			14		THUOCL
我轻轻的招手			14		THUOCL
方显出英雄本色			14		THUOCL
明月别枝惊鹊			14		THUOCL
春寒赐浴华清池			14		THUOCL
春水碧于天			14		THUOCL
曲肱而枕之			14		THUOCL
月儿弯弯照九州			14		THUOCL
朕皇考曰伯庸			14		THUOCL
望断南飞雁			14		THUOCL
材木不可胜用也			14		THUOCL
杨柳轻飏直上重霄九			14		THUOCL
林花谢了春红			14		THUOCL
梦回吹角连营			14		THUOCL
江东子弟多才俊			14		THUOCL
江枫渔火对愁眠			14		THUOCL
沙场竟殒命			14		THUOCL
浮云游子意			14		THUOCL
游褒禅山记			14		THUOCL
玉碗盛来琥珀光			14		THUOCL
竟夕起相思			14		THUOCL
糟丘是蓬莱			14		THUOCL
而万物与我为一			14		THUOCL
而今安在哉			14		THUOCL
胡马依北风			14		THUOCL
花自飘零水自流			14		THUOCL
菊残犹有傲霜枝			14		THUOCL
襄阳好风日			14		THUOCL
谁家新燕啄春泥			14		THUOCL
足下的土地			14		THUOCL
过尽千帆皆不是			14		THUOCL
还来就菊花			14		THUOCL
送东阳马生序			14		THUOCL
送孟浩然之广陵			14		THUOCL
长安回望绣成堆			14		THUOCL
风光不与四时同			14		THUOCL
飞鸟相与还			14		THUOCL
驰骋天下之至坚			14		THUOCL
高路入云端			14		THUOCL
黄河西来决昆仑			14		THUOCL
黄洋界上炮声隆			14		THUOCL
一截还东国			13		THUOCL
一日难再晨			13		THUOCL
一月又一月			13		THUOCL
七尺从天乞活埋			13		THUOCL
万里念将归			13		THUOCL
不使胜食气			13		THUOCL
不可不知也			13		THUOCL
不戚戚于贫贱			13		THUOCL
五岳倒为轻			13		THUOCL
交情郑重金相似			13		THUOCL
人间能得几回闻			13		THUOCL
人非生而知之者			13		THUOCL
但闻人语响			13		THUOCL
何事秋风悲画扇			13		THUOCL
先王之道斯为美			13		THUOCL
八月十五夜			13		THUOCL
其中往来种作			13		THUOCL
其翼若垂天之云			13		THUOCL
冷眼向洋看世界			13		THUOCL
凭君传语报平安			13		THUOCL
剑外忽传收蓟北			13		THUOCL
北上太行山			13		THUOCL
千里来寻故地			13		THUOCL
参差十万人家			13		THUOCL
只因未到伤心处			13		THUOCL
只恐夜深花睡去			13		THUOCL
君孰与不足			13		THUOCL
吾今以此书与汝永别矣			13		THUOCL
国有疑难可问谁			13		THUOCL
在夏后之世			13		THUOCL
塞下秋来风景异			13		THUOCL
多识于鸟兽草木之名			13		THUOCL
大邦者下流			13		THUOCL
天下皆知美之为美			13		THUOCL
天下莫能与之争			13		THUOCL
天生一个仙人洞			13		THUOCL
宁移白首之心			13		THUOCL
守拙归园田			13		THUOCL
宜未雨而绸缪			13		THUOCL
寥廓江天万里霜			13		THUOCL
山在虚无缥缈间			13		THUOCL
当亦乐牺牲吾身与汝身之福利			13		THUOCL
得失安之于数			13		THUOCL
忍顾鹊桥归路			13		THUOCL
悄悄的我走了			13		THUOCL
情人怨遥夜			13		THUOCL
惜秦皇汉武			13		THUOCL
我辈复登临			13		THUOCL
捻断数茎须			13		THUOCL
无情最是台城柳			13		THUOCL
无意苦争春			13		THUOCL
明月何曾是两乡			13		THUOCL
明月逐人来			13		THUOCL
明朝散发弄扁舟			13		THUOCL
易求无价宝			13		THUOCL
春风十里扬州路			13		THUOCL
春风拂槛露华浓			13		THUOCL
春风柳上归			13		THUOCL
梨花淡白柳深青			13		THUOCL
欲渡黄河冰塞川			13		THUOCL
正如我悄悄的来			13		THUOCL
此去泉台招旧部			13		THUOCL
此情无计可消除			13		THUOCL
此生此夜不长好			13		THUOCL
武陵人捕鱼为业			13		THUOCL
永以为好也			13		THUOCL
江上数峰青			13		THUOCL
江州司马青衫湿			13		THUOCL
江月何年初照人			13		THUOCL
池鱼思故渊			13		THUOCL
波上寒烟翠			13		THUOCL
洛阳地脉花最宜			13		THUOCL
海客谈瀛洲			13		THUOCL
清江一曲抱村流			13		THUOCL
牧童骑黄牛			13		THUOCL
独坐幽篁里			13		THUOCL
直把杭州作汴州			13		THUOCL
知来者之可追			13		THUOCL
祭神如神在			13		THUOCL
笑谈渴饮匈奴血			13		THUOCL
红旗卷起农奴戟			13		THUOCL
臂非加长也			13		THUOCL
舍鱼而取熊掌者也			13		THUOCL
花径不曾缘客扫			13		THUOCL
茫茫九派流中国			13		THUOCL
荷尽已无擎雨盖			13		THUOCL
落其实者思其树			13		THUOCL
落花时节又逢君			13		THUOCL
蚂蚁缘槐夸大国			13		THUOCL
西湖歌舞几时休			13		THUOCL
要知松高洁			13		THUOCL
覆压三百余里			13		THUOCL
见我应如是			13		THUOCL
赋得古原草送别			13		THUOCL
送杜少府之任蜀州			13		THUOCL
不善不能改			12		THUOCL
不汲汲于富贵			12		THUOCL
不能正其身			12		THUOCL
两处茫茫皆不见			12		THUOCL
中有千千结			12		THUOCL
九嶷山上白云飞			12		THUOCL
事如春梦了无痕			12		THUOCL
五十弦翻塞外声			12		THUOCL
人似浮云影不留			12		THUOCL
人迹板桥霜			12		THUOCL
何处望神州			12		THUOCL
俯察品类之盛			12		THUOCL
凤凰台上凤凰游			12		THUOCL
出门俱是看花人			12		THUOCL
劝君莫惜金缕衣			12		THUOCL
南阳诸葛庐			12		THUOCL
只缘妖雾又重来			12		THUOCL
可以为师矣			12		THUOCL
君今不幸离人世			12		THUOCL
吾未尝无诲焉			12		THUOCL
和郭沫若同志			12		THUOCL
善假于物也			12		THUOCL
坎坎伐檀兮			12		THUOCL
壮志饥餐胡虏肉			12		THUOCL
夜来南风起			12		THUOCL
家祭毋忘告乃翁			12		THUOCL
寄语洛城风日道			12		THUOCL
山色空濛雨亦奇			12		THUOCL
山顶千门次第开			12		THUOCL
峨眉山月半轮秋			12		THUOCL
开荒南野际			12		THUOCL
快马加鞭未下鞍			12		THUOCL
所以传道受业解惑也			12		THUOCL
挽弓当挽强			12		THUOCL
故乡今夜思千里			12		THUOCL
教然后知困			12		THUOCL
断头今日意如何			12		THUOCL
无所不至矣			12		THUOCL
明月明年何处看			12		THUOCL
映日帆多宝舶来			12		THUOCL
昨夜雨疏风骤			12		THUOCL
昨日之日不可留			12		THUOCL
有子万事足			12		THUOCL
木欣欣以向荣			12		THUOCL
桃花源里可耕田			12		THUOCL
梧桐更兼细雨			12		THUOCL
歌声振林樾			12		THUOCL
此地有崇山峻岭			12		THUOCL
死去何所道			12		THUOCL
江畔何人初见月			12		THUOCL
泛爱众而亲仁			12		THUOCL
波撼岳阳城			12		THUOCL
泪湿春衫袖			12		THUOCL
淮水东边旧时月			12		THUOCL
清风不识字			12		THUOCL
清风朗月不用一钱买			12		THUOCL
渔阳鼙鼓动地来			12		THUOCL
满架蔷薇一院香			12		THUOCL
潮打空城寂寞回			12		THUOCL
狂飙为我从天落			12		THUOCL
玉人何处教吹箫			12		THUOCL
百年多病独登台			12		THUOCL
盛年不重来			12		THUOCL
直下龙岩上杭			12		THUOCL
眼前无路想回头			12		THUOCL
窗外疏梅筛月影			12		THUOCL
纫秋兰以为佩			12		THUOCL
芙蓉向脸两边开			12		THUOCL
荡胸生层云			12		THUOCL
落日故人情			12		THUOCL
行不言之教			12		THUOCL
西蜀子云亭			12		THUOCL
记承天寺夜游			12		THUOCL
蹴尔而与之			12		THUOCL
远则必忠之以言			12		THUOCL
遥望洞庭山水翠			12		THUOCL
长夏江村事事幽			12		THUOCL
马上相逢无纸笔			12		THUOCL
黄河远上白云间			12		THUOCL
一任群芳妒			11		THUOCL
一樽还酹江月			11		THUOCL
一水护田将绿绕			11		THUOCL
万里赴戎机			11		THUOCL
三年不为乐			11		THUOCL
三杯吐然诺			11		THUOCL
不知地之厚也			11		THUOCL
不知天之高也			11		THUOCL
两龙跃出浮水来			11		THUOCL
九州生气恃风雷			11		THUOCL
云横秦岭家何在			11		THUOCL
五柳先生传			11		THUOCL
五色新丝缠角粽			11		THUOCL
亦以天下人为念			11		THUOCL
人以食为天			11		THUOCL
人生在世不称意			11		THUOCL
人皆养子望聪明			11		THUOCL
以德服人者			11		THUOCL
何必骨肉亲			11		THUOCL
使吾勇于就死也			11		THUOCL
依旧烟笼十里堤			11		THUOCL
侯门一入深似海			11		THUOCL
便纵有千种风情			11		THUOCL
儿童急走追黄蝶			11		THUOCL
兹游奇绝冠平生			11		THUOCL
军叫工农革命			11		THUOCL
分田分地真忙			11		THUOCL
前头捉了张辉瓒			11		THUOCL
前度刘郎今又来			11		THUOCL
动如参与商			11		THUOCL
十万工农下吉安			11		THUOCL
千朵万朵压枝低			11		THUOCL
只有敬亭山			11		THUOCL
君子敬而无失			11		THUOCL
吹度玉门关			11		THUOCL
吾充吾爱汝之心			11		THUOCL
四海无闲田			11		THUOCL
地应无酒泉			11		THUOCL
壮士十年归			11		THUOCL
夜雨剪春韭			11		THUOCL
天若不爱酒			11		THUOCL
妙处难与君说			11		THUOCL
孤云独去闲			11		THUOCL
寒雪梅中尽			11		THUOCL
小人比而不周			11		THUOCL
岂独善一身			11		THUOCL
岱宗夫如何			11		THUOCL
帝力于我何有哉			11		THUOCL
弹琴复长啸			11		THUOCL
微雨众卉新			11		THUOCL
心似双丝网			11		THUOCL
我如果爱你			11		THUOCL
我被聪明误一生			11		THUOCL
所以敢先汝而死			11		THUOCL
把汝裁为三截			11		THUOCL
搅得周天寒彻			11		THUOCL
撑一支长篙			11		THUOCL
无之以为用			11		THUOCL
无求生以害仁			11		THUOCL
星桥铁锁开			11		THUOCL
春来我不先开口			11		THUOCL
最喜小儿无赖			11		THUOCL
有杀身以成仁			11		THUOCL
有礼者敬人			11		THUOCL
李白乘舟将欲行			11		THUOCL
杨花落尽子规啼			11		THUOCL
死去原知万事空			11		THUOCL
毕竟西湖六月中			11		THUOCL
汝体吾此心			11		THUOCL
江船火独明			11		THUOCL
沉沉一线穿南北			11		THUOCL
浊酒一杯家万里			11		THUOCL
渚清沙白鸟飞回			11		THUOCL
满城春色宫墙柳			11		THUOCL
满眼风光北固楼			11		THUOCL
满面尘灰烟火色			11		THUOCL
火树银花合			11		THUOCL
独有英雄驱虎豹			11		THUOCL
环滁皆山也			11		THUOCL
红霞万朵百重衣			11		THUOCL
纵一苇之所如			11		THUOCL
缘愁似个长			11		THUOCL
苔痕上阶绿			11		THUOCL
草盛豆苗稀			11		THUOCL
荷叶罗裙一色裁			11		THUOCL
蟹螯即金液			11		THUOCL
豆在釜中泣			11		THUOCL
连天浪静长鲸息			11		THUOCL
邀我至田家			11		THUOCL
酒酣胸胆尚开张			11		THUOCL
野径云俱黑			11		THUOCL
长恨春归无觅处			11		THUOCL
长风几万里			11		THUOCL
雄鸡一声天下白			11		THUOCL
零丁洋里叹零丁			11		THUOCL
青山一道同云雨			11		THUOCL
一生真伪复谁知			10		THUOCL
三国周郎赤壁			10		THUOCL
不值一文钱			10		THUOCL
不得已而用之			10		THUOCL
不得春风花不开			10		THUOCL
不重生男重生女			10		THUOCL
两鬓苍苍十指黑			10		THUOCL
丹青难写是精神			10		THUOCL
九曲黄河万里沙			10		THUOCL
九死南荒吾不恨			10		THUOCL
乞人不屑也			10		THUOCL
事如芳草春长在			10		THUOCL
亦犹今之视昔			10		THUOCL
仁者播其惠			10		THUOCL
今年花胜去年红			10		THUOCL
今日向何方			10		THUOCL
以力服人者			10		THUOCL
众鸟高飞尽			10		THUOCL
何日是归期			10		THUOCL
佳节又重阳			10		THUOCL
依楼似月悬			10		THUOCL
信则人任焉			10		THUOCL
俱怀逸兴壮思飞			10		THUOCL
冬雷震震夏雨雪			10		THUOCL
则民莫敢不用情			10		THUOCL
劝君惜取少年时			10		THUOCL
勇者竭其力			10		THUOCL
化作相思泪			10		THUOCL
只愿君心似我心			10		THUOCL
可怜无定河边骨			10		THUOCL
向青草更青处漫溯			10		THUOCL
君子三年不为礼			10		THUOCL
君子以文会友			10		THUOCL
吾未见好德如好色者也			10		THUOCL
吾自遇汝以来			10		THUOCL
地若不爱酒			10		THUOCL
大雪满弓刀			10		THUOCL
天地既爱酒			10		THUOCL
天接云涛连晓雾			10		THUOCL
客从远方来			10		THUOCL
家家扶得醉人归			10		THUOCL
小园新种红樱树			10		THUOCL
尔来四万八千岁			10		THUOCL
屈贾谊于长沙			10		THUOCL
山下旌旗在望			10		THUOCL
山围故国周遭在			10		THUOCL
山高路远坑深			10		THUOCL
岁月不待人			10		THUOCL
平沙莽莽黄入天			10		THUOCL
应是良辰好景虚设			10		THUOCL
当时明月在			10		THUOCL
心忧炭贱愿天寒			10		THUOCL
心画心声总失真			10		THUOCL
悲莫悲兮生别离			10		THUOCL
惊破霓裳羽衣曲			10		THUOCL
惶恐滩头说惶恐			10		THUOCL
所以十年来			10		THUOCL
折戟沉沙铁未销			10		THUOCL
择善而从之			10		THUOCL
接汉疑星落			10		THUOCL
操千曲而后晓声			10		THUOCL
放于利而行			10		THUOCL
文章本天成			10		THUOCL
方宅十余亩			10		THUOCL
无言独上西楼			10		THUOCL
早春呈水部张十八员外			10		THUOCL
曲终人不见			10		THUOCL
曾照彩云归			10		THUOCL
未闻弑君也			10		THUOCL
札札弄机杼			10		THUOCL
次北固山下			10		THUOCL
欲上青天揽明月			10		THUOCL
民之为道也			10		THUOCL
水晶帘动微风起			10		THUOCL
江雨霏霏江草齐			10		THUOCL
浓睡不消残酒			10		THUOCL
然则何时而乐耶			10		THUOCL
然遍地腥云			10		THUOCL
爱酒不愧天			10		THUOCL
狐死必首丘			10		THUOCL
生子当如孙仲谋			10		THUOCL
田家少闲月			10		THUOCL
登山则情满于山			10		THUOCL
登建康赏心亭			10		THUOCL
白头搔更短			10		THUOCL
直指武夷山下			10		THUOCL
秋风起兮白云飞			10		THUOCL
穷年忧黎元			10		THUOCL
笑语盈盈暗香去			10		THUOCL
细雨骑驴入剑门			10		THUOCL
终南阴岭秀			10		THUOCL
绿杨烟外晓寒轻			10		THUOCL
置之河之干兮			10		THUOCL
艰哉何巍巍			10		THUOCL
草屋八九间			10		THUOCL
草色入帘青			10		THUOCL
落地为兄弟			10		THUOCL
行有不得者			10		THUOCL
衣冠简朴古风存			10		THUOCL
观千剑而后识器			10		THUOCL
豆蔻梢头二月初			10		THUOCL
足以极视听之娱			10		THUOCL
造化钟神秀			10		THUOCL
道千乘之国			10		THUOCL
道路阻且长			10		THUOCL
遥想公瑾当年			10		THUOCL
酒星不在天			10		THUOCL
采得百花成蜜后			10		THUOCL
锦江春色来天地			10		THUOCL
闻义不能徙			10		THUOCL
闻有国有家者			10		THUOCL
青海长云暗雪山			10		THUOCL
风急天高猿啸哀			10		THUOCL
飞入菜花无处寻			10		THUOCL
马作的卢飞快			10		THUOCL
骈死于槽枥之间			10		THUOCL
鱼相与处于陆			10		THUOCL
鱼馁而肉败			10		THUOCL
鸡声茅店月			10		THUOCL
鹤鸣于九皋			10		THUOCL
黄山四千仞			10		THUOCL
黯然销魂者			10		THUOCL
万里写入胸怀间			9		THUOCL
三过其门而不入			9		THUOCL
不宜妄自菲薄			9		THUOCL
不要这多雪			9		THUOCL
东南见月几回圆			9		THUOCL
东风不与周郎便			9		THUOCL
两山排闼送青来			9		THUOCL
中有酥与饴			9		THUOCL
为报倾城随太守			9		THUOCL
乃不知有汉			9		THUOCL
九天阊阖开宫殿			9		THUOCL
五月人倍忙			9		THUOCL
人人亲其亲			9		THUOCL
人行明镜中			9		THUOCL
仁以为己任			9		THUOCL
今已亭亭如盖矣			9		THUOCL
从汀州向长沙			9		THUOCL
以五十步笑百步			9		THUOCL
以百姓为刍狗			9		THUOCL
何事长向别时圆			9		THUOCL
僵卧孤村不自哀			9		THUOCL
八佾舞于庭			9		THUOCL
其中有名有姓			9		THUOCL
凌万顷之茫然			9		THUOCL
别梦依稀咒逝川			9		THUOCL
十五从军征			9		THUOCL
十六字令三首			9		THUOCL
千里无鸡鸣			9		THUOCL
卷我屋上三重茅			9		THUOCL
去年四月初			9		THUOCL
又摘桃花换酒钱			9		THUOCL
双泪落君前			9		THUOCL
只恐双溪舴艋舟			9		THUOCL
君不见高堂明镜悲白发			9		THUOCL
君之视臣如土芥			9		THUOCL
君子求诸己			9		THUOCL
君子谋道不谋食			9		THUOCL
吴刚捧出桂花酒			9		THUOCL
吾作此书时			9		THUOCL
吾已成为阴间一鬼			9		THUOCL
善建者不拔			9		THUOCL
四时有明法而不议			9		THUOCL
坐观垂钓者			9		THUOCL
多情自古伤离别			9		THUOCL
夜市千灯照碧云			9		THUOCL
夜来幽梦忽还乡			9		THUOCL
夜行黄沙道中			9		THUOCL
大林寺桃花			9		THUOCL
大雨落幽燕			9		THUOCL
天下归仁焉			9		THUOCL
天寒白屋贫			9		THUOCL
天开清远峡			9		THUOCL
安得倚天抽宝剑			9		THUOCL
富而好礼者也			9		THUOCL
小乔初嫁了			9		THUOCL
小人穷斯滥矣			9		THUOCL
小时不识月			9		THUOCL
小楼一夜听风雨			9		THUOCL
山河破碎风飘絮			9		THUOCL
常愿天下有情人都成眷属			9		THUOCL
平明送客楚山孤			9		THUOCL
庆历四年春			9		THUOCL
弓如霹雳弦惊			9		THUOCL
当时汉武帝			9		THUOCL
影入平羌江水流			9		THUOCL
得其心有道			9		THUOCL
必不得已而去			9		THUOCL
忠恕而已矣			9		THUOCL
念奴娇赤壁怀古			9		THUOCL
忽闻岸上踏歌声			9		THUOCL
悟已往之不谏			9		THUOCL
惠崇春江晚景			9		THUOCL
我寄愁心与明月			9		THUOCL
我本楚狂人			9		THUOCL
我生待明日			9		THUOCL
挟太山以超北海			9		THUOCL
故园东望路漫漫			9		THUOCL
无案牍之劳形			9		THUOCL
无边丝雨细如愁			9		THUOCL
日暮苍山远			9		THUOCL
明日又乘风去			9		THUOCL
晴窗细乳戏分茶			9		THUOCL
有三秋桂子			9		THUOCL
来报主人佳兆			9		THUOCL
杨柳青青江水平			9		THUOCL
梨花千树雪			9		THUOCL
正是江南好风景			9		THUOCL
汝看此书时			9		THUOCL
沧海月明珠有泪			9		THUOCL
泪珠和笔墨齐下			9		THUOCL
海山仙子国			9		THUOCL
渺沧海之一粟			9		THUOCL
滟滟随波千万里			9		THUOCL
漠漠水田飞白鹭			9		THUOCL
潭影空人心			9		THUOCL
然后知不足			9		THUOCL
然后知松柏之后凋也			9		THUOCL
犹为弃井也			9		THUOCL
用之如泥沙			9		THUOCL
甲光向日金鳞开			9		THUOCL
留醉与山翁			9		THUOCL
百年能几何			9		THUOCL
皆反求诸己			9		THUOCL
目眇眇兮愁予			9		THUOCL
眼前道路无经纬			9		THUOCL
窜梁鸿于海曲			9		THUOCL
竹喧归浣女			9		THUOCL
箫鼓追随春社近			9		THUOCL
紫藤挂云木			9		THUOCL
细雨湿衣看不见			9		THUOCL
绝不像攀援的凌霄花			9		THUOCL
绝胜烟柳满皇都			9		THUOCL
美人如花隔云端			9		THUOCL
而今我谓昆仑			9		THUOCL
而死于安乐也			9		THUOCL
而能与世推移			9		THUOCL
胜日寻芳泗水滨			9		THUOCL
草木有本心			9		THUOCL
草木黄落兮雁南归			9		THUOCL
莫大乎尊亲			9		THUOCL
莲动下渔舟			9		THUOCL
行成于思而毁于随			9		THUOCL
西北望乡何处是			9		THUOCL
要扫除一切害人虫			9		THUOCL
试问卷帘人			9		THUOCL
诗成泣鬼神			9		THUOCL
贵人头上不曾饶			9		THUOCL
身世浮沉雨打萍			9		THUOCL
轻烟散入五侯家			9		THUOCL
迟日江山丽			9		THUOCL
酬乐天扬州初逢席上见赠			9		THUOCL
长夜难明赤县天			9		THUOCL
雁门太守行			9		THUOCL
青山着意化为桥			9		THUOCL
须行即骑访名山			9		THUOCL
飘飘何所似			9		THUOCL
魑魅喜人过			9		THUOCL
鱼戏莲叶东			9		THUOCL
黄四娘家花满蹊			9		THUOCL
黄河落天走东海			9		THUOCL
一川碎石大如斗			8		THUOCL
一洗万古凡马空			8		THUOCL
一片汪洋都不见			8		THUOCL
一言为重百金轻			8		THUOCL
七十者可以食肉矣			8		THUOCL
万事成蹉跎			8		THUOCL
万人如海一身藏			8		THUOCL
万物有成理而不说			8		THUOCL
万物静观皆自得			8		THUOCL
万里衡阳雁			8		THUOCL
万马战犹酣			8		THUOCL
三曰不敢为天下先			8		THUOCL
不以三隅反			8		THUOCL
东篱把酒黄昏后			8		THUOCL
中儿正织鸡笼			8		THUOCL
中心悦而诚服也			8		THUOCL
为谁流下潇湘去			8		THUOCL
主人不知情			8		THUOCL
举杯消愁愁更愁			8		THUOCL
举杯销愁愁更愁			8		THUOCL
举直错诸枉			8		THUOCL
云树绕堤沙			8		THUOCL
五十者可以衣帛矣			8		THUOCL
人生乐在相知心			8		THUOCL
人间能有几回闻			8		THUOCL
今夕复何夕			8		THUOCL
今日之日多烦忧			8		THUOCL
以无厚入有间			8		THUOCL
伐薪烧炭南山中			8		THUOCL
但使主人能醉客			8		THUOCL
但见新人笑			8		THUOCL
何不秉烛游			8		THUOCL
佳节清明桃李笑			8		THUOCL
借你的高枝炫耀自己			8		THUOCL
停杯投箸不能食			8		THUOCL
公烛无私光			8		THUOCL
决眦入归鸟			8		THUOCL
剑阁峥嵘而崔嵬			8		THUOCL
剪纸招我魂			8		THUOCL
努力尽今夕			8		THUOCL
千古兴亡多少事			8		THUOCL
千村薜荔人遗矢			8		THUOCL
半入江风半入云			8		THUOCL
半夜凉初透			8		THUOCL
古调虽自爱			8		THUOCL
可爱深红爱浅红			8		THUOCL
向使当初身便死			8		THUOCL
君子之于天下也			8		THUOCL
听其言而信其行			8		THUOCL
吾不能学太上之忘情也			8		THUOCL
哪个虫儿敢作声			8		THUOCL
声断衡阳之浦			8		THUOCL
夏至一阴生			8		THUOCL
夜深还过女墙来			8		THUOCL
大贤秉高鉴			8		THUOCL
子规声里雨如烟			8		THUOCL
孤城遥望玉门关			8		THUOCL
寒素清白浊如泥			8		THUOCL
少年心事当拿云			8		THUOCL
少年犹可夸			8		THUOCL
少无适俗韵			8		THUOCL
庄生晓梦迷蝴蝶			8		THUOCL
循序而渐进			8		THUOCL
心安是归处			8		THUOCL
忽报人间曾伏虎			8		THUOCL
忽然闭口立			8		THUOCL
性本爱丘山			8		THUOCL
意欲捕鸣蝉			8		THUOCL
我却用它来寻找光明			8		THUOCL
我年过半百			8		THUOCL
我是天空里的一片云			8		THUOCL
所欲与之聚之			8		THUOCL
把吴钩看了			8		THUOCL
抟摇直上九万里			8		THUOCL
拄杖无时夜叩门			8		THUOCL
故人具鸡黍			8		THUOCL
故园三十二年前			8		THUOCL
料峭春风吹酒醒			8		THUOCL
无肉令人瘦			8		THUOCL
无赫赫之功			8		THUOCL
春潮带雨晚来急			8		THUOCL
是诚不能也			8		THUOCL
昼短苦夜长			8		THUOCL
晴日暖风生麦气			8		THUOCL
暖带入春风			8		THUOCL
有一言而可以终身行之者乎			8		THUOCL
有几个苍蝇碰壁			8		THUOCL
朝露待日晞			8		THUOCL
未成曲调先有情			8		THUOCL
未若贫而乐			8		THUOCL
未足与议也			8		THUOCL
桃花一簇开无主			8		THUOCL
桃花坞里桃花庵			8		THUOCL
桃花庵下桃花仙			8		THUOCL
桃花流水窅然去			8		THUOCL
梨花落后清明			8		THUOCL
死生亦大矣			8		THUOCL
每依北斗望京华			8		THUOCL
永州之野产异蛇			8		THUOCL
池塘生春草			8		THUOCL
沅有芷兮澧有兰			8		THUOCL
泉涓涓而始流			8		THUOCL
泛楼船兮济汾河			8		THUOCL
泣涕零如雨			8		THUOCL
洗手作羹汤			8		THUOCL
洞庭波兮木叶下			8		THUOCL
清十二帝疑案			8		THUOCL
渭水银河清			8		THUOCL
溪云初起日沉阁			8		THUOCL
滕子京谪守巴陵郡			8		THUOCL
燕草如碧丝			8		THUOCL
片片吹落轩辕台			8		THUOCL
独怜幽草涧边生			8		THUOCL
玉垒浮云变古今			8		THUOCL
生离与死别			8		THUOCL
申之以孝悌之义			8		THUOCL
画眉深浅入时无			8		THUOCL
白水绕东城			8		THUOCL
百川东到海			8		THUOCL
皮里春秋空黑黄			8		THUOCL
禄在其中矣			8		THUOCL
种豆南山下			8		THUOCL
秦桑低绿枝			8		THUOCL
窃国者为诸侯			8		THUOCL
笑而不答心自闲			8		THUOCL
笔落惊风雨			8		THUOCL
粉骨碎身浑不怕			8		THUOCL
红藕香残玉簟秋			8		THUOCL
绿水人家绕			8		THUOCL
羽化而登仙			8		THUOCL
翩翩佳公子			8		THUOCL
而人之所罕至焉			8		THUOCL
自是花中第一流			8		THUOCL
至若春和景明			8		THUOCL
节用而爱人			8		THUOCL
花月正春风			8		THUOCL
花蔓宜阳春			8		THUOCL
茫茫天地间			8		THUOCL
莫道不销魂			8		THUOCL
萧萧班马鸣			8		THUOCL
蓝田日暖玉生烟			8		THUOCL
藐姑射之山			8		THUOCL
虞兮虞兮奈若何			8		THUOCL
虽执鞭之士			8		THUOCL
蛾儿雪柳黄金缕			8		THUOCL
蜀道之难难于上青天			8		THUOCL
蝉噪林逾静			8		THUOCL
表里俱澄澈			8		THUOCL
见小利则大事不成			8		THUOCL
观海则意溢于海			8		THUOCL
请君试问东流水			8		THUOCL
谨庠序之教			8		THUOCL
谷不可胜食也			8		THUOCL
赣水那边红一角			8		THUOCL
过则勿惮改			8		THUOCL
近之则不逊			8		THUOCL
适冬之望日前后			8		THUOCL
邑有流亡愧俸钱			8		THUOCL
郴江幸自绕郴山			8		THUOCL
金樽清酒斗十千			8		THUOCL
锦官城外柏森森			8		THUOCL
闲坐说玄宗			8		THUOCL
闻诛一夫纣矣			8		THUOCL
雨后复斜阳			8		THUOCL
雾满龙冈千嶂暗			8		THUOCL
颁白者不负戴于道路矣			8		THUOCL
题都城南庄			8		THUOCL
风起绿洲吹浪去			8		THUOCL
一弦一柱思华年			7		THUOCL
一日克己复礼			7		THUOCL
一曲新词酒一杯			7		THUOCL
一朝选在君王侧			7		THUOCL
一饭胡麻度几春			7		THUOCL
万户捣衣声			7		THUOCL
不得中行而与之			7		THUOCL
不知心恨谁			7		THUOCL
不能竟书而欲搁笔			7		THUOCL
东风无力百花残			7		THUOCL
两人对酌山花开			7		THUOCL
乡村四月闲人少			7		THUOCL
于斯三者何先			7		THUOCL
云母屏风烛影深			7		THUOCL
五百年必有王者兴			7		THUOCL
人皆知有用之用			7		THUOCL
仄仄平平仄仄平			7		THUOCL
今吾于人也			7		THUOCL
今日武将军			7		THUOCL
从今若许闲乘月			7		THUOCL
从此君王不早朝			7		THUOCL
何处不相逢			7		THUOCL
何处闻灯不看来			7		THUOCL
偏师借重黄公略			7		THUOCL
偶尔投影在你的波心			7		THUOCL
儿女忽成行			7		THUOCL
入骨相思知不知			7		THUOCL
八月湖水平			7		THUOCL
六朝如梦鸟空啼			7		THUOCL
农夫犹饿死			7		THUOCL
凤凰台上忆吹箫			7		THUOCL
刑天舞干戚			7		THUOCL
则臣视君如腹心			7		THUOCL
别是一番滋味在心头			7		THUOCL
劳我以少壮			7		THUOCL
十年一觉扬州梦			7		THUOCL
千锤万击出深山			7		THUOCL
却把青梅嗅			7		THUOCL
又疑瑶台镜			7		THUOCL
受任于败军之际			7		THUOCL
可怜白发生			7		THUOCL
叹息肠内热			7		THUOCL
后稷教民稼穑			7		THUOCL
后遂无问津者			7		THUOCL
君之视臣如手足			7		THUOCL
君子无所争			7		THUOCL
君子有九思			7		THUOCL
君子泰而不骄			7		THUOCL
君子淡以亲			7		THUOCL
君家何处住			7		THUOCL
吴楚东南坼			7		THUOCL
吾党之直者异于是			7		THUOCL
吾党有直躬者			7		THUOCL
哀吾生之须臾			7		THUOCL
四时之景不同			7		THUOCL
四面边声连角起			7		THUOCL
因民之所利而利之			7		THUOCL
地崩山摧壮士死			7		THUOCL
地转凝碧湾			7		THUOCL
外其身而身存			7		THUOCL
多情应笑我			7		THUOCL
多藏必厚亡			7		THUOCL
大凡物不得其平则鸣			7		THUOCL
失义而后礼			7		THUOCL
失仁而后义			7		THUOCL
如果细心的话			7		THUOCL
妆罢低声问夫婿			7		THUOCL
妾住在横塘			7		THUOCL
娉娉袅袅十三余			7		THUOCL
孰不可忍也			7		THUOCL
安能以皓皓之白			7		THUOCL
实迷途其未远			7		THUOCL
宫阙万间都做了土			7		THUOCL
寂寞开无主			7		THUOCL
将军金甲夜不脱			7		THUOCL
少年辛苦终身事			7		THUOCL
尚是世中一人			7		THUOCL
就有道而正焉			7		THUOCL
尽日不能忘			7		THUOCL
居天下之广居			7		THUOCL
山光悦鸟性			7		THUOCL
山头鼓角相闻			7		THUOCL
岂能长少年			7		THUOCL
峨眉山月歌			7		THUOCL
帝子乘风下翠微			7		THUOCL
平平仄仄平平仄			7		THUOCL
开国何茫然			7		THUOCL
开窗放入大江来			7		THUOCL
弟子服其劳			7		THUOCL
得意而忘言			7		THUOCL
得成比目何辞死			7		THUOCL
必也狂狷乎			7		THUOCL
念此私自愧			7		THUOCL
忽如远行客			7		THUOCL
忽闻海上有仙山			7		THUOCL
怒涛卷霜雪			7		THUOCL
恢弘志士之气			7		THUOCL
息我以衰老			7		THUOCL
惑而不从师			7		THUOCL
惟庚寅吾以降			7		THUOCL
惟智者为能以小事大			7		THUOCL
我笑别人看不穿			7		THUOCL
战士军前半死生			7		THUOCL
所以游目骋怀			7		THUOCL
扈江离与辟芷兮			7		THUOCL
才美不外见			7		THUOCL
报仇千里如咫尺			7		THUOCL
报道敌军宵遁			7		THUOCL
拣尽寒枝不肯栖			7		THUOCL
择其善而从之			7		THUOCL
挥手从兹去			7		THUOCL
摄提贞于孟陬兮			7		THUOCL
收拾金瓯一片			7		THUOCL
故不积跬步			7		THUOCL
散上峰头望故乡			7		THUOCL
旗号镰刀斧头			7		THUOCL
无丝竹之乱耳			7		THUOCL
无为在歧路			7		THUOCL
无是非之心			7		THUOCL
无辞让之心			7		THUOCL
明天我们将在			7		THUOCL
晋代衣冠成古丘			7		THUOCL
晓行湘水春			7		THUOCL
更在斜阳外			7		THUOCL
更无豪杰怕熊罴			7		THUOCL
最爱湖东行不足			7		THUOCL
有国有家者			7		THUOCL
有暗香盈袖			7		THUOCL
有神人居焉			7		THUOCL
有约不来过夜半			7		THUOCL
未能抛得杭州去			7		THUOCL
来日绮窗前			7		THUOCL
杨家有女初长成			7		THUOCL
桃花仙人种桃树			7		THUOCL
梅子黄时日日晴			7		THUOCL
欲济无舟楫			7		THUOCL
此则岳阳楼之大观也			7		THUOCL
此地一为别			7		THUOCL
水陆草木之花			7		THUOCL
求仁而得仁			7		THUOCL
江南逢李龟年			7		THUOCL
江天一色无纤尘			7		THUOCL
江春入旧年			7		THUOCL
江流天地外			7		THUOCL
泪满春衫袖			7		THUOCL
浑欲不胜簪			7		THUOCL
海上有仙山			7		THUOCL
涉江采芙蓉			7		THUOCL
涵虚混太清			7		THUOCL
渔父见而问之曰			7		THUOCL
溪头卧剥莲蓬			7		THUOCL
炉火照天地			7		THUOCL
热风吹雨洒江天			7		THUOCL
然后人侮之			7		THUOCL
照我罗床帏			7		THUOCL
独唱何须和			7		THUOCL
独坐敬亭山			7		THUOCL
独留青冢向黄昏			7		THUOCL
玉树后庭花			7		THUOCL
玲珑骰子安红豆			7		THUOCL
生绡画扇盘双凤			7		THUOCL
留得枯荷听雨声			7		THUOCL
登高壮观天地间			7		THUOCL
白云回望合			7		THUOCL
白头不相离			7		THUOCL
白雨跳珠乱入船			7		THUOCL
皆知善之为善			7		THUOCL
盍各言尔志			7		THUOCL
相思始觉海非深			7		THUOCL
种树郭橐驼传			7		THUOCL
端午临中夏			7		THUOCL
端居耻圣明			7		THUOCL
策之不以其道			7		THUOCL
索句渝州叶正黄			7		THUOCL
红旗越过汀江			7		THUOCL
细看不似人间有			7		THUOCL
细雨鱼儿出			7		THUOCL
绿杨阴里白沙堤			7		THUOCL
绿遍山原白满川			7		THUOCL
羡长江之无穷			7		THUOCL
而不知其所以然			7		THUOCL
而后可以有为			7		THUOCL
而耻恶衣恶食者			7		THUOCL
能开二月花			7		THUOCL
舍我其谁也			7		THUOCL
花褪残红青杏小			7		THUOCL
若个书生万户侯			7		THUOCL
若为化得身千亿			7		THUOCL
草萤有耀终非火			7		THUOCL
荷露虽团岂是珠			7		THUOCL
莫向光阴惰寸功			7		THUOCL
菖蒲酒美清尊共			7		THUOCL
虎视何雄哉			7		THUOCL
蚕丛及鱼凫			7		THUOCL
袅袅兮秋风			7		THUOCL
解落三秋叶			7		THUOCL
请君暂上凌烟阁			7		THUOCL
读书万卷始通神			7		THUOCL
谁家见月能闲坐			7		THUOCL
赖以拄其间			7		THUOCL
跃上葱茏四百旋			7		THUOCL
过了黄洋界			7		THUOCL
镂金作胜传荆俗			7		THUOCL
长烟落日孤城闭			7		THUOCL
门前流水尚能西			7		THUOCL
集芙蓉以为裳			7		THUOCL
雨从青野上山来			7		THUOCL
雪消门外千山绿			7		THUOCL
青春须早为			7		THUOCL
题破山寺后禅院			7		THUOCL
风卷红旗过大关			7		THUOCL
风声雨声读书声声声入耳			7		THUOCL
飞起玉龙三百万			7		THUOCL
鱼戏莲叶西			7		THUOCL
鸟度屏风里			7		THUOCL
鸟飞反故乡兮			7		THUOCL
鸡豚狗彘之畜			7		THUOCL
鸣之而不能通其意			7		THUOCL
一一生绿苔			6		THUOCL
一为迁客去长沙			6		THUOCL
一夜好风吹			6		THUOCL
一山飞峙大江边			6		THUOCL
一杯一杯复一杯			6		THUOCL
一生好入名山游			6		THUOCL
一道残阳铺水中			6		THUOCL
万物负阴而抱阳			6		THUOCL
三千毛瑟精兵			6		THUOCL
三日入厨下			6		THUOCL
三杯通大道			6		THUOCL
上下交征利			6		THUOCL
下德不失德			6		THUOCL
不堪盈手赠			6		THUOCL
不尽长江滚滚流			6		THUOCL
不拘一格降人材			6		THUOCL
不知东方之既白			6		THUOCL
与朱元思书			6		THUOCL
且就洞庭赊月色			6		THUOCL
世事两茫茫			6		THUOCL
东方云海空复空			6		THUOCL
两三点雨山前			6		THUOCL
乃重修岳阳楼			6		THUOCL
久有凌云志			6		THUOCL
也爱你坚持的位置			6		THUOCL
二月初惊见草芽			6		THUOCL
于啼泣之余			6		THUOCL
云无心以出岫			6		THUOCL
云破月来花弄影			6		THUOCL
五月五日天晴明			6		THUOCL
人或为鱼鳖			6		THUOCL
人猿相揖别			6		THUOCL
人生到处知何似			6		THUOCL
仁者必有勇			6		THUOCL
今上岳阳楼			6		THUOCL
今人多不弹			6		THUOCL
今夕何夕兮			6		THUOCL
以大事小者			6		THUOCL
众女嫉余之蛾眉兮			6		THUOCL
但愿长醉不复醒			6		THUOCL
但见泪痕湿			6		THUOCL
何人不起故园情			6		THUOCL
何须浅碧深红色			6		THUOCL
余亦东蒙客			6		THUOCL
余幼时即嗜学			6		THUOCL
佳人难再得			6		THUOCL
俄闻管参差			6		THUOCL
停船暂借问			6		THUOCL
偶然值林叟			6		THUOCL
儿女共沾巾			6		THUOCL
八月十五日夜湓亭望月			6		THUOCL
公子南桥应尽兴			6		THUOCL
其争也君子			6		THUOCL
其声呜呜然			6		THUOCL
冷落清秋节			6		THUOCL
冻死苍蝇未足奇			6		THUOCL
凉风起天末			6		THUOCL
凤歌笑孔丘			6		THUOCL
则有心旷神怡			6		THUOCL
则臣视君如国人			6		THUOCL
初婚三四个月			6		THUOCL
别意与之谁短长			6		THUOCL
刺破青天锷未残			6		THUOCL
前月浮梁买茶去			6		THUOCL
动人春色不须多			6		THUOCL
勿临渴而掘井			6		THUOCL
北风卷地白草折			6		THUOCL
十指不沾泥			6		THUOCL
千唤不一回			6		THUOCL
半壁见海日			6		THUOCL
半壕春水一城花			6		THUOCL
却道海棠依旧			6		THUOCL
去去醉吟高卧			6		THUOCL
又何不幸而生今日之中国			6		THUOCL
又恐汝不察吾衷			6		THUOCL
又树蕙之百亩			6		THUOCL
又踏层峰望眼开			6		THUOCL
又重之以修能			6		THUOCL
双袖龙钟泪不干			6		THUOCL
古之学者必有师			6		THUOCL
古今来许多世家			6		THUOCL
只缘生在此山中			6		THUOCL
可以寄百里之命			6		THUOCL
可以调素琴			6		THUOCL
可怜身上衣正单			6		THUOCL
同与禽兽居			6		THUOCL
名不可以虚作			6		THUOCL
后宫佳丽三千人			6		THUOCL
向阳花木易为春			6		THUOCL
君之视臣如犬马			6		THUOCL
君使臣以礼			6		THUOCL
君子忧道不忧贫			6		THUOCL
君子防未然			6		THUOCL
吴宫花草埋幽径			6		THUOCL
吾与汝并肩携手			6		THUOCL
呕哑嘲哳难为听			6		THUOCL
周行而不殆			6		THUOCL
咆哮万里触龙门			6		THUOCL
哀鸣思战斗			6		THUOCL
唯女子与小人为难养也			6		THUOCL
善不由外来兮			6		THUOCL
善抱者不脱			6		THUOCL
四海同寒食			6		THUOCL
域民不以封疆之界			6		THUOCL
大儿锄豆溪东			6		THUOCL
大漠沙如雪			6		THUOCL
天下有道则见			6		THUOCL
天兵怒气冲霄汉			6		THUOCL
天地间第一人品			6		THUOCL
失德而后仁			6		THUOCL
如今安在哉			6		THUOCL
如南山之寿			6		THUOCL
始吾于人也			6		THUOCL
嬉嬉钓叟莲娃			6		THUOCL
孔子登东山而小鲁			6		THUOCL
字余曰灵均			6		THUOCL
孟子见梁惠王			6		THUOCL
季康子问政于孔子			6		THUOCL
安知我不知鱼之乐			6		THUOCL
定不负相思意			6		THUOCL
容华若桃李			6		THUOCL
寄水部张员外			6		THUOCL
寄蜉蝣于天地			6		THUOCL
密叶隐歌鸟			6		THUOCL
富而可求也			6		THUOCL
寒梅著花未			6		THUOCL
将船买酒白云边			6		THUOCL
小弦切切如私语			6		THUOCL
尚思为国戍轮台			6		THUOCL
居人共住武陵源			6		THUOCL
山回路转不见君			6		THUOCL
山映斜阳天接水			6		THUOCL
山有木兮木有枝			6		THUOCL
师之所存也			6		THUOCL
师道之不传也久矣			6		THUOCL
帝子降兮北渚			6		THUOCL
应似飞鸿踏雪泥			6		THUOCL
应是绿肥红瘦			6		THUOCL
庭中有奇树			6		THUOCL
庭有枇杷树			6		THUOCL
庾信文章老更成			6		THUOCL
弹洞前村壁			6		THUOCL
当年鏖战急			6		THUOCL
微雨燕双飞			6		THUOCL
心事恐蹉跎			6		THUOCL
忧伤以终老			6		THUOCL
快走踏清秋			6		THUOCL
忽尔弦断绝			6		THUOCL
怅望江头江水声			6		THUOCL
恸哭六军俱缟素			6		THUOCL
情疏迹远只香留			6		THUOCL
惟愿孩儿愚且鲁			6		THUOCL
惠则足以使人			6		THUOCL
愁噪夕阳枝			6		THUOCL
愁思看春不当春			6		THUOCL
愿得此身长报国			6		THUOCL
我歌月徘徊			6		THUOCL
或恐是同乡			6		THUOCL
报之以琼玖			6		THUOCL
报答平生未展眉			6		THUOCL
披衣觉露滋			6		THUOCL
拂了一身还满			6		THUOCL
故遂忍悲为汝言之			6		THUOCL
斜晖脉脉水悠悠			6		THUOCL
新年都未有芳华			6		THUOCL
新沐者必弹冠			6		THUOCL
新浴者必振衣			6		THUOCL
新炊间黄粱			6		THUOCL
无以为君子			6		THUOCL
无友不如己者			6		THUOCL
日暮汉宫传蜡烛			6		THUOCL
日月忽其不淹兮			6		THUOCL
日长蝴蝶飞			6		THUOCL
时不利兮骓不逝			6		THUOCL
明年岂无年			6		THUOCL
明月来相照			6		THUOCL
春风二三月			6		THUOCL
是谁之过与			6		THUOCL
暗淡轻黄体性柔			6		THUOCL
暮云收尽溢清寒			6		THUOCL
更加众志成城			6		THUOCL
最是仓皇辞庙日			6		THUOCL
月夜忆舍弟			6		THUOCL
月照花林皆似霰			6		THUOCL
望之蔚然而深秀者			6		THUOCL
望帝春心托杜鹃			6		THUOCL
望湖楼下水如天			6		THUOCL
李凭箜篌引			6		THUOCL
李白一斗诗百篇			6		THUOCL
枫叶荻花秋瑟瑟			6		THUOCL
楚塞三湘接			6		THUOCL
横天流不息			6		THUOCL
欲将轻骑逐			6		THUOCL
歌声逐流水			6		THUOCL
民事不可缓也			6		THUOCL
水随天去秋无际			6		THUOCL
江入大荒流			6		THUOCL
江流曲似九回肠			6		THUOCL
江清月近人			6		THUOCL
江畔独步寻花			6		THUOCL
泥融飞燕子			6		THUOCL
济源山水好			6		THUOCL
浮云一别后			6		THUOCL
海日生残夜			6		THUOCL
深林人不知			6		THUOCL
深知身在情长在			6		THUOCL
清吟晓露叶			6		THUOCL
满堂兮美人			6		THUOCL
潦水尽而寒潭清			6		THUOCL
灭烛怜光满			6		THUOCL
烟光凝而暮山紫			6		THUOCL
烟涛微茫信难求			6		THUOCL
烹羊宰牛且为乐			6		THUOCL
燕子来时新社			6		THUOCL
燕子飞来飞去			6		THUOCL
燕然未勒归无计			6		THUOCL
犹唱后庭花			6		THUOCL
独坐池塘如虎踞			6		THUOCL
狷者有所不为也			6		THUOCL
琴里知闻唯渌水			6		THUOCL
甚爱必大费			6		THUOCL
留连戏蝶时时舞			6		THUOCL
白发谁家翁媪			6		THUOCL
白头宫女在			6		THUOCL
皎皎空中孤月轮			6		THUOCL
看取莲花净			6		THUOCL
看红装素裹			6		THUOCL
秋阴不散霜飞晚			6		THUOCL
秦皇岛外打鱼船			6		THUOCL
积雪浮云端			6		THUOCL
笑入胡姬酒肆中			6		THUOCL
等闲平地起波澜			6		THUOCL
粗缯大布裹生涯			6		THUOCL
红旗跃过汀江			6		THUOCL
红星乱紫烟			6		THUOCL
红雨随心翻作浪			6		THUOCL
纷吾既有此内美兮			6		THUOCL
细柳营前叶漫新			6		THUOCL
终日不成章			6		THUOCL
绿叶发华滋			6		THUOCL
翼若垂天之云			6		THUOCL
而中道崩殂			6		THUOCL
而今识尽愁滋味			6		THUOCL
肯与邻翁相对饮			6		THUOCL
背负青天朝下看			6		THUOCL
臣事君以忠			6		THUOCL
臣心一片磁针石			6		THUOCL
自古帝王州			6		THUOCL
自古驱民在信诚			6		THUOCL
自在娇莺恰恰啼			6		THUOCL
自在飞花轻似梦			6		THUOCL
自将磨洗认前朝			6		THUOCL
自是人生长恨水长东			6		THUOCL
舍南舍北皆春水			6		THUOCL
花之君子者也			6		THUOCL
花之富贵者也			6		THUOCL
苍龙日暮还行雨			6		THUOCL
若待上林花似锦			6		THUOCL
茶中故旧是蒙山			6		THUOCL
荷风送香气			6		THUOCL
蓬莱文章建安骨			6		THUOCL
行道之人弗受			6		THUOCL
西北望长安			6		THUOCL
西望长安不见家			6		THUOCL
访旧半为鬼			6		THUOCL
试问岭南应不好			6		THUOCL
谁人曾与评说			6		THUOCL
谁家玉笛暗飞声			6		THUOCL
谈笑无还期			6		THUOCL
谓吾不知汝之不欲吾死也			6		THUOCL
谓吾忍舍汝而死			6		THUOCL
谣诼谓余以善淫			6		THUOCL
身上衣裳口中食			6		THUOCL
还从物外起田园			6		THUOCL
还寝梦佳期			6		THUOCL
遥望洞庭山水色			6		THUOCL
醉里吴音相媚好			6		THUOCL
铁马秋风大散关			6		THUOCL
银汉无声转玉盘			6		THUOCL
锦瑟无端五十弦			6		THUOCL
长安一片月			6		THUOCL
长恨人心不如水			6		THUOCL
门前迟行迹			6		THUOCL
问世间情是何物			6		THUOCL
闲花落地听无声			6		THUOCL
闻王昌龄左迁龙标			6		THUOCL
险处不须看			6		THUOCL
随风满地石乱走			6		THUOCL
雨如决河倾			6		THUOCL
雪上空留马行处			6		THUOCL
青山横北郭			6		THUOCL
青山绿水共为邻			6		THUOCL
青梅如豆柳如眉			6		THUOCL
青霭入看无			6		THUOCL
风和闻马嘶			6		THUOCL
风流天下闻			6		THUOCL
飒沓如流星			6		THUOCL
飒爽英姿五尺枪			6		THUOCL
飞在青云端			6		THUOCL
食之不能尽其材			6		THUOCL
驿外断桥边			6		THUOCL
骓不逝兮可奈何			6		THUOCL
高堂明镜悲白发			6		THUOCL
高第良将怯如鸡			6		THUOCL
鱼戏莲叶北			6		THUOCL
鱼戏莲叶南			6		THUOCL
鸡犬声相闻			6		THUOCL
黄鹤之飞尚不得过			6		THUOCL
龟游莲叶上			6		THUOCL
一丘一壑也风流			5		THUOCL
一丛深色花			5		THUOCL
一去三十年			5		THUOCL
一尊还酹江月			5		THUOCL
一日须倾三百杯			5		THUOCL
一曲红绡不知数			5		THUOCL
一遍洗寰瀛			5		THUOCL
七八个星天外			5		THUOCL
万木霜天红烂漫			5		THUOCL
丈夫贵兼济			5		THUOCL
三年为刺史			5		THUOCL
上品功能甘露味			5		THUOCL
不使人间造孽钱			5		THUOCL
不可以为子			5		THUOCL
不周山下红旗乱			5		THUOCL
不处嫌疑间			5		THUOCL
不惜歌者苦			5		THUOCL
不知何处吊湘君			5		THUOCL
不要人夸好颜色			5		THUOCL
不见有人还			5		THUOCL
不辨仙源何处寻			5		THUOCL
与其在悬崖上展览千年			5		THUOCL
与君歌一曲			5		THUOCL
且向花间留晚照			5		THUOCL
且夫天地之间			5		THUOCL
且夫水之积也不厚			5		THUOCL
中间多少行人泪			5		THUOCL
丹青不知老将至			5		THUOCL
为我一挥手			5		THUOCL
为李进同志题所摄庐山仙人洞照			5		THUOCL
举枉错诸直			5		THUOCL
乐岁终身饱			5		THUOCL
乘醉听萧鼓			5		THUOCL
也拟泛轻舟			5		THUOCL
书江西造口壁			5		THUOCL
了却君王天下事			5		THUOCL
于从政乎何有			5		THUOCL
云水长和岛屿青			5		THUOCL
云青青兮欲雨			5		THUOCL
五月榴花妖艳烘			5		THUOCL
亦足以畅叙幽情			5		THUOCL
人世几回伤往事			5		THUOCL
人攀明月不可得			5		THUOCL
人生几度秋凉			5		THUOCL
人生如逆旅			5		THUOCL
人间随处有乘除			5		THUOCL
今年人日空相忆			5		THUOCL
今我何功德			5		THUOCL
今日得宽余			5		THUOCL
今日重阳节			5		THUOCL
今朝风日好			5		THUOCL
从来多古意			5		THUOCL
从此天涯孤旅			5		THUOCL
以小事大者			5		THUOCL
以无事取天下			5		THUOCL
任他朝市自营营			5		THUOCL
仿佛兮若轻云之蔽月			5		THUOCL
休说鲈鱼堪脍			5		THUOCL
会入天地春			5		THUOCL
何当金络脑			5		THUOCL
何有于我哉			5		THUOCL
余既滋兰之九畹兮			5		THUOCL
余霞散成绮			5		THUOCL
侍儿扶起娇无力			5		THUOCL
俟我于城隅			5		THUOCL
假金方用真金镀			5		THUOCL
僧敲月下门			5		THUOCL
公道世间唯白发			5		THUOCL
兰泽多芳草			5		THUOCL
共此灯烛光			5		THUOCL
共看明月皆如此			5		THUOCL
关山阵阵苍			5		THUOCL
其为仁之本与			5		THUOCL
其西南诸峰			5		THUOCL
凄凄寒露零			5		THUOCL
凌云健笔意纵横			5		THUOCL
出犯繁花露			5		THUOCL
则民莫敢不敬			5		THUOCL
则知明而行无过矣			5		THUOCL
别是一般滋味在心头			5		THUOCL
制芰荷以为衣兮			5		THUOCL
前人之述备矣			5		THUOCL
功盖三分国			5		THUOCL
十三能织素			5		THUOCL
十户中人赋			5		THUOCL
千岩万壑不辞劳			5		THUOCL
千里万里月明			5		THUOCL
千骑卷平冈			5		THUOCL
半醉半醒中			5		THUOCL
华佗无奈小虫何			5		THUOCL
占尽风情向小园			5		THUOCL
却看妻子愁何在			5		THUOCL
及时当勉励			5		THUOCL
取得两片石			5		THUOCL
取次花丛懒回顾			5		THUOCL
受物之汶汶者乎			5		THUOCL
古来白骨无人收			5		THUOCL
只可自怡悦			5		THUOCL
可以托六尺之孤			5		THUOCL
可怜无数山			5		THUOCL
叶公语孔子曰			5		THUOCL
吊罗荣桓同志			5		THUOCL
同学少年多不贱			5		THUOCL
名余曰正则兮			5		THUOCL
名成八阵图			5		THUOCL
吏禄三百石			5		THUOCL
向阳花木早逢春			5		THUOCL
君与恩铭不老松			5		THUOCL
君子不重则不威			5		THUOCL
君子以仁存心			5		THUOCL
君子意如何			5		THUOCL
君言不得意			5		THUOCL
吹绉一池春水			5		THUOCL
吾妻死之年所手植也			5		THUOCL
吾评扬州贡			5		THUOCL
吾辈处今日之中国			5		THUOCL
唯不忘相思			5		THUOCL
唯愿当歌对酒时			5		THUOCL
回到天上去			5		THUOCL
固一世之雄也			5		THUOCL
固国不以山溪之险			5		THUOCL
国际悲歌歌一曲			5		THUOCL
土豆烧熟了			5		THUOCL
夏木阴阴正可人			5		THUOCL
夜发清溪向三峡			5		THUOCL
大军纵横驰奔			5		THUOCL
大弦嘈嘈如急雨			5		THUOCL
大江茫茫去不还			5		THUOCL
大雅久不作			5		THUOCL
天下英雄谁敌手			5		THUOCL
天之历数在尔躬			5		THUOCL
天南地北双飞客			5		THUOCL
天容海色本澄清			5		THUOCL
天将今夜月			5		THUOCL
天末怀李白			5		THUOCL
天阴雨湿声啾啾			5		THUOCL
夫至德之世			5		THUOCL
失道而后德			5		THUOCL
如听万壑松			5		THUOCL
如听仙乐耳暂明			5		THUOCL
如欲平治天下			5		THUOCL
妇啼一何苦			5		THUOCL
妾发初覆额			5		THUOCL
妾当作蒲苇			5		THUOCL
妾身未分明			5		THUOCL
嫦娥孤栖与谁邻			5		THUOCL
宁不知倾城与倾国			5		THUOCL
宠辱忧欢不到情			5		THUOCL
宣城太守知不知			5		THUOCL
宣室求贤访逐臣			5		THUOCL
富贵本无根			5		THUOCL
寥落古行宫			5		THUOCL
寻常到此回			5		THUOCL
小人甘以绝			5		THUOCL
尽从勤里得			5		THUOCL
山中一夜雨			5		THUOCL
山南山北雪晴			5		THUOCL
山头斜照却相迎			5		THUOCL
山色有无中			5		THUOCL
山长水阔知何处			5		THUOCL
山随平野尽			5		THUOCL
岭树重遮千里目			5		THUOCL
左列钟铭右谤书			5		THUOCL
左手持蟹螯			5		THUOCL
帘外雨潺潺			5		THUOCL
平常心是道			5		THUOCL
年年知为谁生			5		THUOCL
开元二十六年			5		THUOCL
引以为流觞曲水			5		THUOCL
弱者道之用			5		THUOCL
强虏灰飞烟灭			5		THUOCL
归去凤池夸			5		THUOCL
归心折大刀			5		THUOCL
归穿弱柳风			5		THUOCL
当今世界殊			5		THUOCL
影徒随我身			5		THUOCL
彼亦一是非			5		THUOCL
往往似阴铿			5		THUOCL
微霞尚满天			5		THUOCL
念之断人肠			5		THUOCL
怅望千秋一洒泪			5		THUOCL
怜君如弟兄			5		THUOCL
思君不见下渝州			5		THUOCL
思君令人老			5		THUOCL
总为浮云能蔽日			5		THUOCL
悔教夫婿觅封侯			5		THUOCL
慨然知已秋			5		THUOCL
我今停杯一问之			5		THUOCL
才了蚕桑又插田			5		THUOCL
把酒祝东风			5		THUOCL
把酒酹滔滔			5		THUOCL
投我以木李			5		THUOCL
折花门前剧			5		THUOCL
抟扶摇而上者九万里			5		THUOCL
换了浅斟低唱			5		THUOCL
携手日同行			5		THUOCL
故来相决绝			5		THUOCL
故知足之足			5		THUOCL
散入春风满洛城			5		THUOCL
料得年年断肠处			5		THUOCL
料得年年肠断处			5		THUOCL
族与万物并			5		THUOCL
无乃伤清白			5		THUOCL
无从致书以观			5		THUOCL
无所逃于天地之间			5		THUOCL
日落长沙秋色远			5		THUOCL
旧书不厌百回读			5		THUOCL
早已森严壁垒			5		THUOCL
明年人日知何处			5		THUOCL
明月楼高休独倚			5		THUOCL
昔别君未婚			5		THUOCL
星河欲转千帆舞			5		THUOCL
春与秋其代序			5		THUOCL
春宵苦短日高起			5		THUOCL
春来遍是桃花水			5		THUOCL
春树郁金红			5		THUOCL
是别有人间			5		THUOCL
曙光初照演兵场			5		THUOCL
更能消几番风雨			5		THUOCL
曾不事农桑			5		THUOCL
曾是惊鸿照影来			5		THUOCL
月光长照金樽里			5		THUOCL
月行却与人相随			5		THUOCL
朝菌不知晦朔			5		THUOCL
朴素而天下莫能与之争美			5		THUOCL
李侯有佳句			5		THUOCL
材木不可胜用			5		THUOCL
枯木怪石图			5		THUOCL
柘弹何人发			5		THUOCL
树头花落未成阴			5		THUOCL
梁惠王章句上			5		THUOCL
梅子金黄杏子肥			5		THUOCL
楚左尹项伯者			5		THUOCL
楚腰纤细掌中轻			5		THUOCL
欲寄彩笺兼尺素			5		THUOCL
欲识潮头高几许			5		THUOCL
歌尽桃花扇底风			5		THUOCL
正是江南好			5		THUOCL
正是浴兰时节动			5		THUOCL
此亦一是非			5		THUOCL
此后汉所以倾颓也			5		THUOCL
此抵有千金			5		THUOCL
此物真绝伦			5		THUOCL
此诚危急存亡之秋也			5		THUOCL
每欲到荆州			5		THUOCL
水是眼波横			5		THUOCL
江月年年望相似			5		THUOCL
江海寄余生			5		THUOCL
江色鲜明海气凉			5		THUOCL
河汉清且浅			5		THUOCL
沽酒市脯不食			5		THUOCL
泉眼无声惜细流			5		THUOCL
洗尽古今人不倦			5		THUOCL
流水十年间			5		THUOCL
流水绕孤村			5		THUOCL
济南名士知多少			5		THUOCL
浔阳江头夜送客			5		THUOCL
海岳尚可倾			5		THUOCL
清明上巳西湖好			5		THUOCL
渐觉东风料峭寒			5		THUOCL
渔人甚异之			5		THUOCL
游人日暮相将去			5		THUOCL
溪上青青草			5		THUOCL
潦倒新停浊酒杯			5		THUOCL
澄江静如练			5		THUOCL
澹烟疏雨间斜阳			5		THUOCL
烽火扬州路			5		THUOCL
然后知生于忧患			5		THUOCL
然后知长短			5		THUOCL
熟读深思子自知			5		THUOCL
片云天共远			5		THUOCL
物换星移几度秋			5		THUOCL
犹其有四体也			5		THUOCL
犹水之就下			5		THUOCL
独寻秋景城东去			5		THUOCL
玉帛云乎哉			5		THUOCL
用箭当用长			5		THUOCL
田家几日闲			5		THUOCL
登东皋以舒啸			5		THUOCL
百年三万六千日			5		THUOCL
百年魔怪舞翩跹			5		THUOCL
盈科而后进			5		THUOCL
盖棺事则已			5		THUOCL
直到城头总是花			5		THUOCL
相亲相近水中鸥			5		THUOCL
相去复几许			5		THUOCL
看风景人在楼上看你			5		THUOCL
矮纸斜行闲作草			5		THUOCL
繁华事散逐香尘			5		THUOCL
红军队里每相违			5		THUOCL
纤纤擢素手			5		THUOCL
细草微风岸			5		THUOCL
终归大海作波涛			5		THUOCL
绿杨带雨垂垂重			5		THUOCL
绿柳朱轮走钿车			5		THUOCL
绿水青山枉自多			5		THUOCL
绿荫树下养精神			5		THUOCL
美要眇兮宜修			5		THUOCL
美酒成都堪送老			5		THUOCL
老翅几回寒暑			5		THUOCL
而乱臣贼子惧			5		THUOCL
而天下归之			5		THUOCL
耕种从此起			5		THUOCL
自富阳至桐庐一百许里			5		THUOCL
舞低杨柳楼心月			5		THUOCL
艰难苦恨繁霜鬓			5		THUOCL
苏维埃政府主席毛泽东			5		THUOCL
苔深不能扫			5		THUOCL
苟正其身矣			5		THUOCL
若是真金不镀金			5		THUOCL
若白驹之过隙			5		THUOCL
英俊沉下僚			5		THUOCL
荆门九派通			5		THUOCL
草树云山如锦绣			5		THUOCL
菡萏香销翠叶残			5		THUOCL
萋萋满别情			5		THUOCL
落叶秋风早			5		THUOCL
蓬山此去无多路			5		THUOCL
虹残水照断桥梁			5		THUOCL
蜃散云收破楼阁			5		THUOCL
蟪蛄不知春秋			5		THUOCL
行不得也哥哥			5		THUOCL
要看银山拍天浪			5		THUOCL
见与儿童邻			5		THUOCL
观鱼胜过富春江			5		THUOCL
解鞍少驻初程			5		THUOCL
触处似花开			5		THUOCL
记得当年草上飞			5		THUOCL
设酒杀鸡作食			5		THUOCL
试上高楼清入骨			5		THUOCL
请为父老歌			5		THUOCL
谁为表予心			5		THUOCL
谁识卧龙客			5		THUOCL
谁道人生无再少			5		THUOCL
贾生才调更无伦			5		THUOCL
赢得青楼薄幸名			5		THUOCL
越罗衫袂迎春风			5		THUOCL
过春风十里			5		THUOCL
迥立向苍苍			5		THUOCL
送纵宇一郎东行			5		THUOCL
造次必于是			5		THUOCL
避席畏闻文字狱			5		THUOCL
醉眠秋共被			5		THUOCL
鉴前世之兴衰			5		THUOCL
钟山只隔数重山			5		THUOCL
钟鼓馔玉不足贵			5		THUOCL
长安不见使人愁			5		THUOCL
长岛人歌动地诗			5		THUOCL
长沙过贾谊宅			5		THUOCL
问余何意栖碧山			5		THUOCL
问讯吴刚何所有			5		THUOCL
闲云潭影日悠悠			5		THUOCL
闲来垂钓碧溪上			5		THUOCL
闻歌始觉有人来			5		THUOCL
闻说双溪春尚好			5		THUOCL
阴阳割昏晓			5		THUOCL
青蒿黄韭试春盘			5		THUOCL
青鸟殷勤为探看			5		THUOCL
题诗寄与水曹郎			5		THUOCL
颠沛必于是			5		THUOCL
风住尘香花已尽			5		THUOCL
马骄偏避幰			5		THUOCL
驾长车踏破			5		THUOCL
鬓云欲度香腮雪			5		THUOCL
鲲鹏水击三千里			5		THUOCL
鸟倦飞而知还			5		THUOCL
鸡骇乍开笼			5		THUOCL
黄鹂隔故宫			5		THUOCL
黑云翻墨未遮山			5		THUOCL
黑手高悬霸主鞭			5		THUOCL
黑质而白章			5		THUOCL
一乡之善士			4		THUOCL
一别二十年			4		THUOCL
一去一万里			4		THUOCL
一去紫台连朔漠			4		THUOCL
一夕高楼月			4		THUOCL
一夜飞度镜湖月			4		THUOCL
一宵冷雨葬名花			4		THUOCL
一斗合自然			4		THUOCL
一日思亲十二时			4		THUOCL
一枝红艳露凝香			4		THUOCL
一沐三握发			4		THUOCL
一片伤心画不成			4		THUOCL
一路繁花相送			4		THUOCL
万古惟留楚客悲			4		THUOCL
万里共清辉			4		THUOCL
万里故园心			4		THUOCL
万里长空且为忠魂舞			4		THUOCL
三万六千场			4		THUOCL
三十一年还旧国			4		THUOCL
三夜频梦君			4		THUOCL
三年无改于父之道			4		THUOCL
三顾臣于草庐之中			4		THUOCL
上枢密韩太尉书			4		THUOCL
上疆场彼此弯弓月			4		THUOCL
下必有甚焉者矣			4		THUOCL
不如早还家			4		THUOCL
不如登高之博见也			4		THUOCL
不如须臾之所学也			4		THUOCL
不患莫己知			4		THUOCL
不才明主弃			4		THUOCL
不教而杀谓之虐			4		THUOCL
不知园里树			4		THUOCL
不知明镜里			4		THUOCL
不知江月待何人			4		THUOCL
不知老之将至云尔			4		THUOCL
不见定王城旧处			4		THUOCL
不贵难得之货			4		THUOCL
不辞冰雪为卿热			4		THUOCL
不闻先王之遗言			4		THUOCL
与其不孙也			4		THUOCL
且将新火试新茶			4		THUOCL
且放白鹿青崖间			4		THUOCL
世事一场大梦			4		THUOCL
世胄蹑高位			4		THUOCL
中庸之为德也			4		THUOCL
为下必因川泽			4		THUOCL
为留待骚人			4		THUOCL
为绿荫重复单调的歌曲			4		THUOCL
为高必因丘陵			4		THUOCL
久要不忘平生之言			4		THUOCL
乘舲船余上沅兮			4		THUOCL
予不得已也			4		THUOCL
云散月明谁点缀			4		THUOCL
云鬓花颜金步摇			4		THUOCL
五岭皆炎热			4		THUOCL
五陵年少争缠头			4		THUOCL
五陵衣马自轻肥			4		THUOCL
人不厌其言			4		THUOCL
人世难逢开口笑			4		THUOCL
人似秋鸿来有信			4		THUOCL
人各有所好			4		THUOCL
人得而诛之			4		THUOCL
人有不为也			4		THUOCL
人生如朝露			4		THUOCL
人生看得几清明			4		THUOCL
人生识字忧患始			4		THUOCL
人瘦尚可肥			4		THUOCL
仁在其中矣			4		THUOCL
仆夫悲余马怀兮			4		THUOCL
今之从政者殆而			4		THUOCL
今年欢笑复明年			4		THUOCL
今日何日兮			4		THUOCL
今朝霜重东门路			4		THUOCL
他乡胜故乡			4		THUOCL
仙乐风飘处处闻			4		THUOCL
仙人有待乘黄鹤			4		THUOCL
以不忍人之心			4		THUOCL
以其不自生			4		THUOCL
休将白发唱黄鸡			4		THUOCL
众芳摇落独暄妍			4		THUOCL
会于会稽山阴之兰亭			4		THUOCL
会向瑶台月下逢			4		THUOCL
伤心桥下春波绿			4		THUOCL
但见长江送流水			4		THUOCL
低头向暗壁			4		THUOCL
何处哀筝随急管			4		THUOCL
何日遣冯唐			4		THUOCL
何时复西归			4		THUOCL
何时忘却营营			4		THUOCL
何理不可得			4		THUOCL
何莫学夫诗			4		THUOCL
佳木秀而繁阴			4		THUOCL
依依似君子			4		THUOCL
倚南窗以寄傲			4		THUOCL
借问瘟君欲何往			4		THUOCL
元气淋漓障犹湿			4		THUOCL
先帝创业未半			4		THUOCL
先遣小姑尝			4		THUOCL
光彩露沾湿			4		THUOCL
全军覆没也			4		THUOCL
其他可能也			4		THUOCL
凉生为室空			4		THUOCL
则蘧蘧然周也			4		THUOCL
初日照高林			4		THUOCL
别有幽愁暗恨生			4		THUOCL
到那时使吾眼睁睁看汝死			4		THUOCL
刻唐贤今人诗赋于其上			4		THUOCL
功成拂衣去			4		THUOCL
北京中华书局			4		THUOCL
北风吹雁雪纷纷			4		THUOCL
十五始展眉			4		THUOCL
十五弹箜篌			4		THUOCL
十六诵诗书			4		THUOCL
十四学裁衣			4		THUOCL
千匝万周无已时			4		THUOCL
千林扫作一番黄			4		THUOCL
千载琵琶作胡语			4		THUOCL
千里无人烟			4		THUOCL
千骑拥高牙			4		THUOCL
午阴嘉树清圆			4		THUOCL
半世浮萍随逝水			4		THUOCL
半匹红绡一丈绫			4		THUOCL
半缘修道半缘君			4		THUOCL
南园春半踏青时			4		THUOCL
南望王师又一年			4		THUOCL
卮酒安足辞			4		THUOCL
卷地风来忽吹散			4		THUOCL
去似朝云无觅处			4		THUOCL
又恰像台风扫寰宇			4		THUOCL
又有清流激湍			4		THUOCL
又未尝不可呢			4		THUOCL
又送王孙去			4		THUOCL
双桥落彩虹			4		THUOCL
双飞西园草			4		THUOCL
取诸人以为善			4		THUOCL
古人今人若流水			4		THUOCL
古者富贵而名摩灭			4		THUOCL
只几个石头磨过			4		THUOCL
只有相思无尽处			4		THUOCL
只有芙蓉独自芳			4		THUOCL
可怜九月初三夜			4		THUOCL
可谓仁之方也已			4		THUOCL
叶下洞庭初			4		THUOCL
叶底黄鹂一两声			4		THUOCL
号东坡居士			4		THUOCL
司空见惯浑闲事			4		THUOCL
吊古战场文			4		THUOCL
同向春风各自愁			4		THUOCL
同是长干人			4		THUOCL
后二十五年			4		THUOCL
向晚意不适			4		THUOCL
君子博学而日参省乎己			4		THUOCL
君子居则贵左			4		THUOCL
君子生非异也			4		THUOCL
君子耻其言而过其行			4		THUOCL
听唱新翻杨柳枝			4		THUOCL
听蜀僧浚弹琴			4		THUOCL
吾不如老农			4		THUOCL
吾从而师之			4		THUOCL
吾尝终日而思矣			4		THUOCL
吾幸而得汝			4		THUOCL
吾诚愿与汝相守以死			4		THUOCL
告诸往而知来者			4		THUOCL
喧然名都会			4		THUOCL
回车叱牛牵向北			4		THUOCL
回首峰峦入莽苍			4		THUOCL
回首见旌旗			4		THUOCL
国中无地无时不可以死			4		THUOCL
圣人无常师			4		THUOCL
圣贤道何以传			4		THUOCL
在我的心头荡漾			4		THUOCL
坐愁红颜老			4		THUOCL
垂泪对宫娥			4		THUOCL
域中有四大			4		THUOCL
墟里上孤烟			4		THUOCL
墨出青松烟			4		THUOCL
士俗不可医			4		THUOCL
夕贬潮阳路八千			4		THUOCL
多情却被无情恼			4		THUOCL
夜深千帐灯			4		THUOCL
夜深忽梦少年事			4		THUOCL
夜深知雪重			4		THUOCL
大寒雪未消			4		THUOCL
天上取样人间织			4		THUOCL
天下万物生于有			4		THUOCL
天下之善士			4		THUOCL
天下之穷民而无告者			4		THUOCL
天下云集响应			4		THUOCL
天灾可以死			4		THUOCL
天生德于予			4		THUOCL
太极悠然可会			4		THUOCL
夫何忧何惧			4		THUOCL
奸官污吏虐民可以死			4		THUOCL
好竹连山觉笋香			4		THUOCL
如此风波不可行			4		THUOCL
妾愿随君行			4		THUOCL
威天下不以兵革之利			4		THUOCL
子张学干禄			4		THUOCL
子非三闾大夫与			4		THUOCL
孔子得意门生			4		THUOCL
季文子三思而后行			4		THUOCL
孤蓬万里征			4		THUOCL
实干兴邦空谈误国			4		THUOCL
宫花寂寞红			4		THUOCL
宵眠抱玉鞍			4		THUOCL
寂寞梧桐深院锁清秋			4		THUOCL
寄扬州韩绰判官			4		THUOCL
富贵非吾愿			4		THUOCL
寒山转苍翠			4		THUOCL
寻章摘句老雕虫			4		THUOCL
将军夜引弓			4		THUOCL
将军白发征夫泪			4		THUOCL
小人之过也必文			4		THUOCL
小人求诸人			4		THUOCL
小人骄而不泰			4		THUOCL
小山重叠金明灭			4		THUOCL
小舟从此逝			4		THUOCL
小麦覆陇黄			4		THUOCL
少壮不努力老大徒伤悲			4		THUOCL
尧舜其犹病诸			4		THUOCL
山形依旧枕寒流			4		THUOCL
山是眉峰聚			4		THUOCL
山花如绣草如茵			4		THUOCL
山花红紫树高低			4		THUOCL
山青花欲燃			4		THUOCL
岁晏有余粮			4		THUOCL
岁月忽已晚			4		THUOCL
岂云惮险艰			4		THUOCL
岂余心之可惩			4		THUOCL
岂有贝阙藏珠宫			4		THUOCL
岳阳楼上对君山			4		THUOCL
峨眉邈难匹			4		THUOCL
左旋右转不知疲			4		THUOCL
已是黄昏独自愁			4		THUOCL
布衾多年冷似铁			4		THUOCL
常得君王带笑看			4		THUOCL
平明寻白羽			4		THUOCL
平生不饮酒			4		THUOCL
庐山东南五老峰			4		THUOCL
应念未归人			4		THUOCL
座中泣下谁最多			4		THUOCL
庭前芍药妖无格			4		THUOCL
建安十九年			4		THUOCL
开箱验取石榴裙			4		THUOCL
异日图将好景			4		THUOCL
弄妆梳洗迟			4		THUOCL
弄花香满衣			4		THUOCL
弦鼓一声双袖举			4		THUOCL
当垆仍是卓文君			4		THUOCL
当年万里觅封侯			4		THUOCL
彩云长在有新天			4		THUOCL
循墙绕柱觅君诗			4		THUOCL
微风燕子斜			4		THUOCL
志士不饮盗泉之水			4		THUOCL
忽闻河东狮子吼			4		THUOCL
思归若汾水			4		THUOCL
恢恢乎其于游刃必有余地矣			4		THUOCL
恭宽信敏惠			4		THUOCL
恶乎知君子小人哉			4		THUOCL
情亲见君意			4		THUOCL
愁云惨淡万里凝			4		THUOCL
感此伤妾心			4		THUOCL
愿作鸳鸯不羡仙			4		THUOCL
愿同尘与灰			4		THUOCL
愿逐月华流照君			4		THUOCL
我亦是行人			4		THUOCL
我们都互相致意			4		THUOCL
我欲因之梦吴越			4		THUOCL
我非生而知之者			4		THUOCL
战士指看南粤			4		THUOCL
战锦方为大问题			4		THUOCL
所思在远道			4		THUOCL
才饮长江水			4		THUOCL
把志气奋发得起			4		THUOCL
把意念沉潜得下			4		THUOCL
抑汝能之乎			4		THUOCL
拈断数茎须			4		THUOCL
挥毫落纸如云烟			4		THUOCL
掬水月在手			4		THUOCL
提携玉龙为君死			4		THUOCL
攀桂仰天高			4		THUOCL
故园今夜里			4		THUOCL
故国不堪回首月明中			4		THUOCL
故多能鄙事			4		THUOCL
故天将降大任于是人也			4		THUOCL
故有道者不处			4		THUOCL
教者必以正			4		THUOCL
斯友一乡之善士			4		THUOCL
斯友天下之善士			4		THUOCL
斯文定有攸归			4		THUOCL
新月如佳人			4		THUOCL
无事小神仙			4		THUOCL
无人信高洁			4		THUOCL
无以人灭天			4		THUOCL
无以故灭命			4		THUOCL
无地不相宜			4		THUOCL
无日不悠悠			4		THUOCL
无昭昭之明			4		THUOCL
无限风光尽被占			4		THUOCL
日晚倦梳头			4		THUOCL
日破云涛万里红			4		THUOCL
时鸣春涧中			4		THUOCL
昆山玉碎凤凰叫			4		THUOCL
明日隔山岳			4		THUOCL
明朝有意抱琴来			4		THUOCL
昔闻洞庭水			4		THUOCL
星河一道水中央			4		THUOCL
春远独柴荆			4		THUOCL
春雪满空来			4		THUOCL
春风不改旧时波			4		THUOCL
昨夜斗回北			4		THUOCL
昨夜星辰昨夜风			4		THUOCL
是与人为善者也			4		THUOCL
是以君子远庖厨也			4		THUOCL
是以圣人后其身而身先			4		THUOCL
是以生为本			4		THUOCL
晓出净慈寺送林子方			4		THUOCL
晓战随金鼓			4		THUOCL
更无一点风色			4		THUOCL
最可惜一片江山			4		THUOCL
月中霜里斗婵娟			4		THUOCL
月出惊山鸟			4		THUOCL
月既不解饮			4		THUOCL
月落锦屏虚			4		THUOCL
有志在四方			4		THUOCL
望今后有远行			4		THUOCL
望崦嵫而勿迫			4		THUOCL
木叶半青黄			4		THUOCL
朵朵花开淡墨痕			4		THUOCL
来着犹可追			4		THUOCL
柳絮池塘淡淡风			4		THUOCL
树阴照水爱晴柔			4		THUOCL
桃花乱落如红雨			4		THUOCL
梅柳渡江春			4		THUOCL
梨花院落溶溶月			4		THUOCL
楚天千里清秋			4		THUOCL
楼船夜雪瓜洲渡			4		THUOCL
楼观沧海日			4		THUOCL
榈庭多落叶			4		THUOCL
槛外长江空自流			4		THUOCL
横中流兮扬素波			4		THUOCL
樱杏桃梨次第开			4		THUOCL
樱桃千万枝			4		THUOCL
樱花永巷垂杨岸			4		THUOCL
樽酒家贫只旧醅			4		THUOCL
欲为圣明除弊事			4		THUOCL
歌曲动寒川			4		THUOCL
正西风落叶下长安			4		THUOCL
此夜曲中闻折柳			4		THUOCL
此志常觊豁			4		THUOCL
死而不亡者寿			4		THUOCL
每假借于藏书之家			4		THUOCL
民物命何以立			4		THUOCL
水为之而寒于水			4		THUOCL
水如一匹练			4		THUOCL
水风空落眼前花			4		THUOCL
永夜月同孤			4		THUOCL
求为可知也			4		THUOCL
汉下白登道			4		THUOCL
江上早闻齐和声			4		THUOCL
江城如画里			4		THUOCL
江汉春风起			4		THUOCL
江流石不转			4		THUOCL
江碧鸟逾白			4		THUOCL
江边踏青罢			4		THUOCL
池上碧苔三四点			4		THUOCL
池上芙蕖净少情			4		THUOCL
汽笛一声肠已断			4		THUOCL
沈园非复旧池台			4		THUOCL
沉默是今晚的康桥			4		THUOCL
沐猴而冠带			4		THUOCL
泠泠七弦上			4		THUOCL
波光里的艳影			4		THUOCL
泥上偶然留指爪			4		THUOCL
洞庭波涌连天雪			4		THUOCL
流到瓜洲古渡头			4		THUOCL
流响出疏桐			4		THUOCL
浊泾清渭何当分			4		THUOCL
浩浩送中秋			4		THUOCL
浮生长恨欢娱少			4		THUOCL
海客无心随白鸥			4		THUOCL
添酒回灯重开宴			4		THUOCL
清晨入古寺			4		THUOCL
渺万里层云			4		THUOCL
滔滔者天下皆是也			4		THUOCL
潭面无风镜未磨			4		THUOCL
潮去潮来洲渚春			4		THUOCL
瀚海阑干百丈冰			4		THUOCL
灯火下楼台			4		THUOCL
然后知轻重			4		THUOCL
然而不王者			4		THUOCL
照横塘半天残月			4		THUOCL
照耀如雪天			4		THUOCL
独立苍茫自咏诗			4		THUOCL
独自莫凭栏			4		THUOCL
猿猱欲度愁攀援			4		THUOCL
猿鸣三声泪沾裳			4		THUOCL
王孙归不归			4		THUOCL
瓜分之日可以死			4		THUOCL
生死不相离			4		THUOCL
生民百遗一			4		THUOCL
用之所趋异也			4		THUOCL
用兵则贵右			4		THUOCL
由来征战地			4		THUOCL
男儿到死心如铁			4		THUOCL
画桥南畔倚胡床			4		THUOCL
疏雨滴梧桐			4		THUOCL
登赫曦台上			4		THUOCL
白云明月吊湘娥			4		THUOCL
白兔捣药秋复春			4		THUOCL
盗贼可以死			4		THUOCL
盘飧市远无兼味			4		THUOCL
相思相望不相亲			4		THUOCL
看你横行到几时			4		THUOCL
真堪托死生			4		THUOCL
眼前无长物			4		THUOCL
石破天惊逗秋雨			4		THUOCL
社稷一戎衣			4		THUOCL
离人心上秋			4		THUOCL
秀出九芙蓉			4		THUOCL
秋空明月悬			4		THUOCL
秦川得及此间无			4		THUOCL
秦开蜀道置金牛			4		THUOCL
稻米流脂粟米白			4		THUOCL
空里流霜不觉飞			4		THUOCL
窗下有清风			4		THUOCL
竹径通幽处			4		THUOCL
竹批双耳峻			4		THUOCL
第以今日事势观之			4		THUOCL
等闲惊破纱窗梦			4		THUOCL
箪食壶浆以迎王师			4		THUOCL
精感石没羽			4		THUOCL
红花初绽雪花繁			4		THUOCL
红裙妒杀石榴花			4		THUOCL
纤笔一枝谁与似			4		THUOCL
组练长驱十万夫			4		THUOCL
细推物理须行乐			4		THUOCL
绝不学痴情的鸟儿			4		THUOCL
绿叶成阴子满枝			4		THUOCL
绿酒一杯歌一遍			4		THUOCL
缥缈孤鸿影			4		THUOCL
罗带同心结未成			4		THUOCL
罗衾不耐五更寒			4		THUOCL
羌管悠悠霜满地			4		THUOCL
羞颜未尝开			4		THUOCL
群仙出没空明中			4		THUOCL
老树着花无丑枝			4		THUOCL
考当今之得失			4		THUOCL
而不见舆薪			4		THUOCL
而后人毁之			4		THUOCL
而由人乎哉			4		THUOCL
而蒙世俗之尘埃乎			4		THUOCL
肇锡余以嘉名			4		THUOCL
肯将衰朽惜残年			4		THUOCL
胡窥青海湾			4		THUOCL
胡马大宛名			4		THUOCL
能如婴儿乎			4		THUOCL
能得几时好			4		THUOCL
能行五者于天下			4		THUOCL
脱巾挂石壁			4		THUOCL
臣闻求木之长者			4		THUOCL
自去自来堂上燕			4		THUOCL
自反而不缩			4		THUOCL
自喻适志与			4		THUOCL
自笑平生为口忙			4		THUOCL
自胡马窥江去后			4		THUOCL
自行束修以上			4		THUOCL
芙蓉泣露香兰笑			4		THUOCL
芙蓉芍药皆嫫母			4		THUOCL
芭蕉不展丁香结			4		THUOCL
花发江边二月晴			4		THUOCL
花竹有和气			4		THUOCL
花面交相映			4		THUOCL
苟志于仁矣			4		THUOCL
若个是真梅			4		THUOCL
若非群玉山头见			4		THUOCL
荡摇浮世生万象			4		THUOCL
荷衣兮蕙带			4		THUOCL
莫言名与利			4		THUOCL
莫道昆明池水浅			4		THUOCL
萧条异代不同时			4		THUOCL
萧萧送雁群			4		THUOCL
落花时节读华章			4		THUOCL
落魄江湖载酒行			4		THUOCL
薄汗轻衣透			4		THUOCL
薄雾浓云愁永昼			4		THUOCL
虹裳霞帔步摇冠			4		THUOCL
虽无丝竹管弦之盛			4		THUOCL
虽有千里之能			4		THUOCL
蜀国多仙山			4		THUOCL
蜷局顾而不行			4		THUOCL
血色罗裙翻酒污			4		THUOCL
被酒莫惊春睡重			4		THUOCL
西北有浮云			4		THUOCL
要似昆仑崩绝壁			4		THUOCL
试看天地翻覆			4		THUOCL
诗人兴会更无前			4		THUOCL
诗家清景在新春			4		THUOCL
诚知此恨人人有			4		THUOCL
误落尘网中			4		THUOCL
读书万卷不读律			4		THUOCL
谁念西风独自凉			4		THUOCL
谁见幽人独往来			4		THUOCL
谨拜表以闻			4		THUOCL
貌恭而不心服			4		THUOCL
贱妾何聊生			4		THUOCL
赌书消得泼茶香			4		THUOCL
起来慵整纤纤手			4		THUOCL
路远莫致之			4		THUOCL
路隘林深苔滑			4		THUOCL
身向榆关那畔行			4		THUOCL
身登青云梯			4		THUOCL
转蓬行地远			4		THUOCL
转轴拨弦三两声			4		THUOCL
轻拢慢捻抹复挑			4		THUOCL
辛苦遭逢起一经			4		THUOCL
过江千尺浪			4		THUOCL
送刘贡甫谪官衡阳			4		THUOCL
逢雪宿芙蓉山主人			4		THUOCL
逸居而无教			4		THUOCL
遂与外人间隔			4		THUOCL
遍海角天涯			4		THUOCL
遥怜小儿女			4		THUOCL
邻曲时时来			4		THUOCL
郁孤台下清江水			4		THUOCL
都门帐饮无绪			4		THUOCL
醉笑陪公三万场			4		THUOCL
重与细论文			4		THUOCL
重叠高低满小园			4		THUOCL
重湖叠巘清嘉			4		THUOCL
野旷天低树			4		THUOCL
野芳发而幽香			4		THUOCL
钱塘湖春行			4		THUOCL
银鞍照白马			4		THUOCL
锦城丝管日纷纷			4		THUOCL
长征不是难堪日			4		THUOCL
长怀贾傅井依然			4		THUOCL
长恨此身非我有			4		THUOCL
长风万里送秋雁			4		THUOCL
门对浙江潮			4		THUOCL
闭户不能出			4		THUOCL
问今是何世			4		THUOCL
闻君有两意			4		THUOCL
阴阴夏木啭黄鹂			4		THUOCL
陟岳麓峰头			4		THUOCL
陶令不知何处去			4		THUOCL
随风直到夜郎西			4		THUOCL
难得有心郎			4		THUOCL
雄兔脚扑朔			4		THUOCL
雌兔眼迷离			4		THUOCL
霜重鼓寒声不起			4		THUOCL
露涤铅粉节			4		THUOCL
露顶洒松风			4		THUOCL
青天削出金芙蓉			4		THUOCL
青天有月来几时			4		THUOCL
青女素娥俱耐冷			4		THUOCL
青旗沽酒趁梨花			4		THUOCL
非其鬼而祭之			4		THUOCL
风如拔山怒			4		THUOCL
风摇青玉枝			4		THUOCL
飘然思不群			4		THUOCL
飞将军自重霄入			4		THUOCL
飞扬跋扈为谁雄			4		THUOCL
馨香盈怀袖			4		THUOCL
骊宫高处入青云			4		THUOCL
骊山北构而西折			4		THUOCL
高台西北望			4		THUOCL
高楼红袖客纷纷			4		THUOCL
鸿雁长飞光不度			4		THUOCL
黄衣使者白衫儿			4		THUOCL
一事无成百不堪			3		THUOCL
一从大地起风雷			3		THUOCL
一句十回吟			3		THUOCL
一可以为法则			3		THUOCL
一叶浮萍归大海			3		THUOCL
一国之善士			3		THUOCL
一夫作难而七庙隳			3		THUOCL
一字至七字诗			3		THUOCL
一寸相思一寸灰			3		THUOCL
一年一年老去			3		THUOCL
一日上树能千回			3		THUOCL
一时今夕会			3		THUOCL
一月周流六十回			3		THUOCL
一株青玉立			3		THUOCL
一棵青桐子			3		THUOCL
一汀烟雨杏花寒			3		THUOCL
一生一代一双人			3		THUOCL
一章三遍读			3		THUOCL
一言而丧邦			3		THUOCL
一诗千改始心安			3		THUOCL
一路经行处			3		THUOCL
一轮秋影转金波			3		THUOCL
一陂春水绕花身			3		THUOCL
一马二仆夫			3		THUOCL
万事浮云过太虚			3		THUOCL
万古一长嗟			3		THUOCL
万壑树参天			3		THUOCL
万户千门成野草			3		THUOCL
万里故乡情			3		THUOCL
万里桥西一草堂			3		THUOCL
万里清风来			3		THUOCL
万里秋千习俗同			3		THUOCL
三顾频烦天下计			3		THUOCL
上古有大椿者			3		THUOCL
上有黄鹂深树鸣			3		THUOCL
下学而上达			3		THUOCL
不以千里称也			3		THUOCL
不以文害辞			3		THUOCL
不可以为人			3		THUOCL
不如丘之好学也			3		THUOCL
不如怜取眼前人			3		THUOCL
不如是之甚也			3		THUOCL
不寝听金钥			3		THUOCL
不幸短命死矣			3		THUOCL
不得中顾私			3		THUOCL
不必取长途			3		THUOCL
不怨胜己者			3		THUOCL
不惜千金买宝刀			3		THUOCL
不惭世上英			3		THUOCL
不愿论簪笏			3		THUOCL
不敢叹风尘			3		THUOCL
不敢稍逾约			3		THUOCL
不知乘月几人归			3		THUOCL
不知老将至			3		THUOCL
不见萱草花			3		THUOCL
不见长安见尘雾			3		THUOCL
不论平地与山尖			3		THUOCL
与日月兮同光			3		THUOCL
与浩初上人同看山寄京华亲故			3		THUOCL
且尽卢仝七碗茶			3		THUOCL
且持梦笔书奇景			3		THUOCL
且欲与常马等不可得			3		THUOCL
且饮美酒登高楼			3		THUOCL
世事茫茫难自料			3		THUOCL
东临碣石以观沧海			3		THUOCL
东壁图书府			3		THUOCL
东家有贤女			3		THUOCL
丞相祠堂何处寻			3		THUOCL
两朝开济老臣心			3		THUOCL
两水夹明镜			3		THUOCL
两颗梨须手自煨			3		THUOCL
两龙望标目如瞬			3		THUOCL
个个花开淡墨痕			3		THUOCL
中书夜直梦忠州			3		THUOCL
中庭月色正清明			3		THUOCL
中心有通理			3		THUOCL
中有银河倾			3		THUOCL
中间小谢又清发			3		THUOCL
临大节而不可夺也			3		THUOCL
临清流而赋诗			3		THUOCL
为人性僻耽佳句			3		THUOCL
为君持酒劝斜阳			3		THUOCL
举头望山月			3		THUOCL
举头闻鹊喜			3		THUOCL
举身赴清池			3		THUOCL
乃在大海南			3		THUOCL
乐天者保天下			3		THUOCL
乐莫乐兮新相知			3		THUOCL
九州道路无豺虎			3		THUOCL
九日黄花酒			3		THUOCL
也傍桑阴学种瓜			3		THUOCL
乡书何处达			3		THUOCL
乡心新岁切			3		THUOCL
乱入池中看不见			3		THUOCL
乱红飞过秋千去			3		THUOCL
事父母几谏			3		THUOCL
二十万军重入赣			3		THUOCL
二十四桥仍在			3		THUOCL
二十四桥明月			3		THUOCL
二月二日江上行			3		THUOCL
云外一声鸡			3		THUOCL
云居寺孤桐			3		THUOCL
云淡风轻近午天			3		THUOCL
云霞出海曙			3		THUOCL
五岳寻仙不辞远			3		THUOCL
五花马千金裘			3		THUOCL
井蛙不可以语于海者			3		THUOCL
亦可以为成人矣			3		THUOCL
亦将有感于斯文			3		THUOCL
亦有仁义而已矣			3		THUOCL
亦自是一家			3		THUOCL
亦若是则已矣			3		THUOCL
亭亭五丈余			3		THUOCL
亭亭如车盖			3		THUOCL
亭亭月将圆			3		THUOCL
人之所欲也			3		THUOCL
人之有是四端也			3		THUOCL
人之有道也			3		THUOCL
人各有偏好			3		THUOCL
人告之以有过			3		THUOCL
人家在何许			3		THUOCL
人情似故乡			3		THUOCL
人生寄一世			3		THUOCL
人生若要常无事			3		THUOCL
人生长恨水长东			3		THUOCL
人皆有兄弟			3		THUOCL
人苦不知足			3		THUOCL
人谓之不死			3		THUOCL
人间本无事			3		THUOCL
人间那得几回闻			3		THUOCL
仄仄平平平仄仄			3		THUOCL
今天下三分			3		THUOCL
今日吾与汝幸双健			3		THUOCL
今日水犹寒			3		THUOCL
以其善下之			3		THUOCL
以其存心也			3		THUOCL
以咨诹善道			3		THUOCL
以彼径寸茎			3		THUOCL
以御今之有			3		THUOCL
以色事他人			3		THUOCL
仲夏苦夜短			3		THUOCL
伍相庙边繁似雪			3		THUOCL
伏清白以死直兮			3		THUOCL
休对故人思故国			3		THUOCL
众口铄金君自宽			3		THUOCL
会于西河外渑池			3		THUOCL
会昌城外高峰			3		THUOCL
会稽愚妇轻买臣			3		THUOCL
伤心秦汉经行处			3		THUOCL
似花还似非花			3		THUOCL
但使愿无违			3		THUOCL
但愿长醉不愿醒			3		THUOCL
但见群鸥日日来			3		THUOCL
低头一拜屠羊说			3		THUOCL
何不于君指上听			3		THUOCL
何不淈其泥而扬其波			3		THUOCL
何为则民服			3		THUOCL
何可一日无此君			3		THUOCL
何处合成愁			3		THUOCL
何处得秋霜			3		THUOCL
何如月下倾金罍			3		THUOCL
何故深思高举			3		THUOCL
何方可化身千亿			3		THUOCL
何求美人折			3		THUOCL
余不忍为此态也			3		THUOCL
余亦辞家西入秦			3		THUOCL
你记得也好			3		THUOCL
使内外异法也			3		THUOCL
使君与操耳			3		THUOCL
使天下之人			3		THUOCL
侧坐莓苔草映身			3		THUOCL
侧身天地更怀古			3		THUOCL
侮圣人之言			3		THUOCL
便有精生白骨堆			3		THUOCL
俊逸鲍参军			3		THUOCL
俸钱万六千			3		THUOCL
倚杖柴门外			3		THUOCL
倩何人唤取			3		THUOCL
健如黄犊走复来			3		THUOCL
傅说举于版筑之间			3		THUOCL
僧房宿有期			3		THUOCL
僧是愚氓犹可训			3		THUOCL
先帝不以臣卑鄙			3		THUOCL
入竹万竿斜			3		THUOCL
八十始得归			3		THUOCL
八千岁为秋			3		THUOCL
公私仓廪俱丰实			3		THUOCL
兰有秀兮菊有芳			3		THUOCL
兴废由人事			3		THUOCL
兴来每独往			3		THUOCL
兵者不祥之器			3		THUOCL
其中绰约多仙子			3		THUOCL
其斯之谓与			3		THUOCL
其时时于梦中得我乎			3		THUOCL
其真不知马也			3		THUOCL
其真无马邪			3		THUOCL
养生丧死无憾			3		THUOCL
军阀重开战			3		THUOCL
况属高风晚			3		THUOCL
况是青春日将暮			3		THUOCL
凄怆摧心肝			3		THUOCL
凭割断愁丝恨缕			3		THUOCL
出入无完裙			3		THUOCL
出海初弄色			3		THUOCL
出自苎萝山			3		THUOCL
出门无所见			3		THUOCL
则哀矜而勿喜			3		THUOCL
则民莫敢不服			3		THUOCL
则较死为苦也			3		THUOCL
刚健含婀娜			3		THUOCL
利是焚身火			3		THUOCL
前言戏之耳			3		THUOCL
剧韵新篇至			3		THUOCL
功成理定何神速			3		THUOCL
包羞忍耻是男儿			3		THUOCL
北山白云里			3		THUOCL
北邙山头少闲土			3		THUOCL
十七为君妇			3		THUOCL
十二街如种菜畦			3		THUOCL
十四万人齐解甲			3		THUOCL
十四为君妇			3		THUOCL
千万毛中拣一毫			3		THUOCL
千叶绿云委			3		THUOCL
千山高复低			3		THUOCL
千村万落生荆杞			3		THUOCL
千里黄云白日曛			3		THUOCL
半卷红旗临易水			3		THUOCL
华轩蔼蔼他年到			3		THUOCL
卖炭得钱何所营			3		THUOCL
南国烽烟正十年			3		THUOCL
南陵别儿童入京			3		THUOCL
危樯独夜舟			3		THUOCL
却是旧时相识			3		THUOCL
卷上珠帘总不如			3		THUOCL
去关市之征			3		THUOCL
双双金鹧鸪			3		THUOCL
反求诸己而已矣			3		THUOCL
反第一次大围剿			3		THUOCL
取之于蓝而青于蓝			3		THUOCL
古来万事东流水			3		THUOCL
古来存老马			3		THUOCL
古者言之不出			3		THUOCL
只有相随无别离			3		THUOCL
只缘一曲后庭花			3		THUOCL
可以弹素琴			3		THUOCL
可以赋新诗			3		THUOCL
可怜今夕月			3		THUOCL
台城六代竞豪华			3		THUOCL
台州地阔海冥冥			3		THUOCL
叶公问孔子于子路			3		THUOCL
各勉日新志			3		THUOCL
合肥巷陌皆种柳			3		THUOCL
同心而离居			3		THUOCL
同是宦游人			3		THUOCL
名利是身仇			3		THUOCL
名编壮士籍			3		THUOCL
名花倾国两相欢			3		THUOCL
向前敲瘦骨			3		THUOCL
向来吟橘颂			3		THUOCL
君不见青海头			3		THUOCL
君子之学也			3		THUOCL
君子于其言			3		THUOCL
君子亦有穷乎			3		THUOCL
君子以为犹告也			3		THUOCL
君子可逝也			3		THUOCL
君子惠而不费			3		THUOCL
君子无终食之间违仁			3		THUOCL
君子贞而不谅			3		THUOCL
吴钩霜雪明			3		THUOCL
吹箫间笙簧			3		THUOCL
吹绿日日深			3		THUOCL
吾亦爱吾庐			3		THUOCL
吾今不能见汝矣			3		THUOCL
吾令羲和弭节兮			3		THUOCL
吾家洗砚池头树			3		THUOCL
吾有知乎哉			3		THUOCL
周监于二代			3		THUOCL
和衣睡倒人怀			3		THUOCL
咸阳游侠多少年			3		THUOCL
哽咽不能语			3		THUOCL
唯不上东楼			3		THUOCL
唯向天竺山			3		THUOCL
唯梦闲人不梦君			3		THUOCL
啾啾栖鸟过			3		THUOCL
善万物之得时			3		THUOCL
四时佳兴与人同			3		THUOCL
四面无附枝			3		THUOCL
回头下望人寰处			3		THUOCL
回雪飘飖转蓬舞			3		THUOCL
回飙吹散五峰雪			3		THUOCL
因难始见能			3		THUOCL
因风想玉珂			3		THUOCL
固前圣之所厚			3		THUOCL
圣人不得已而用之			3		THUOCL
在彼不在此			3		THUOCL
在星辉斑斓里放歌			3		THUOCL
城中增暮寒			3		THUOCL
城阙辅三秦			3		THUOCL
墙里秋千墙外道			3		THUOCL
士见危致命			3		THUOCL
复归于婴儿			3		THUOCL
复照青苔上			3		THUOCL
复见窗户明			3		THUOCL
夏虫不可以语于冰者			3		THUOCL
夕露沾我衣			3		THUOCL
外累由心起			3		THUOCL
多为药所误			3		THUOCL
多少凄风苦雨			3		THUOCL
多病故人疏			3		THUOCL
夜吟应觉月光寒			3		THUOCL
夜来风叶已鸣廊			3		THUOCL
夜泊牛渚怀古			3		THUOCL
大孝终身慕父母			3		THUOCL
大王意气尽			3		THUOCL
大雪江南见未曾			3		THUOCL
大音自成曲			3		THUOCL
天地为之久低昂			3		THUOCL
天地本无心			3		THUOCL
天姥连天向天横			3		THUOCL
天工与清新			3		THUOCL
天河挂绿水			3		THUOCL
天涯地角有穷时			3		THUOCL
太上不辱先			3		THUOCL
太守即遣人随其往			3		THUOCL
夫子喟然叹曰			3		THUOCL
夫子循循然善诱人			3		THUOCL
奈何取之尽锱铢			3		THUOCL
好峰随处改			3		THUOCL
好染髭须事后生			3		THUOCL
好梦留人睡			3		THUOCL
好着丹青图画取			3		THUOCL
如日月之食			3		THUOCL
如花不待春			3		THUOCL
妖为鬼蜮必成灾			3		THUOCL
娇痴不怕人猜			3		THUOCL
子在齐闻韶			3		THUOCL
子孙以祭祀不辍			3		THUOCL
子宁不嗣音			3		THUOCL
子慕予兮善窈窕			3		THUOCL
子路愠见曰			3		THUOCL
子路问君子			3		THUOCL
孤山园里丽如妆			3		THUOCL
孤直当如此			3		THUOCL
宁廉洁正直			3		THUOCL
宁溘死以流亡兮			3		THUOCL
安得壮士挽天河			3		THUOCL
安求其能千里也			3		THUOCL
安禅制毒龙			3		THUOCL
安能以身之察察			3		THUOCL
官应老病休			3		THUOCL
宛转蛾眉马前死			3		THUOCL
宜阳城下草萋萋			3		THUOCL
审容膝之易安			3		THUOCL
客心洗流水			3		THUOCL
宣州谢朓楼饯别校书叔云			3		THUOCL
室中更无人			3		THUOCL
家信墨痕新			3		THUOCL
家田输税尽			3		THUOCL
寂然坐空林			3		THUOCL
寄书长不达			3		THUOCL
寄言立身者			3		THUOCL
富贵不淫贫贱乐			3		THUOCL
寒梅着花未			3		THUOCL
寒灯独夜人			3		THUOCL
寒衣针线密			3		THUOCL
察言而观色			3		THUOCL
寡人之于国也			3		THUOCL
对此如何不泪垂			3		THUOCL
对酒当歌歌不成			3		THUOCL
寻寺到山头			3		THUOCL
将军角弓不得控			3		THUOCL
小人不知天命而不畏也			3		THUOCL
小学而大遗			3		THUOCL
小廊回合曲阑斜			3		THUOCL
小径穿丛篁			3		THUOCL
小扣柴扉久不开			3		THUOCL
小隐入丘樊			3		THUOCL
少壮工夫老始成			3		THUOCL
少年心事当拏云			3		THUOCL
尔独何辜限河梁			3		THUOCL
尘埃不见咸阳桥			3		THUOCL
尽垩而鼻不伤			3		THUOCL
尽是洛阳人旧墓			3		THUOCL
尽荠麦青青			3		THUOCL
居延城外猎天骄			3		THUOCL
屈平词赋悬日月			3		THUOCL
屋上无片瓦			3		THUOCL
属予作文以记之			3		THUOCL
山上层层桃李花			3		THUOCL
山中相送罢			3		THUOCL
山僧年九十			3		THUOCL
山叶红时觉胜春			3		THUOCL
山山黄叶飞			3		THUOCL
山川奇气曾钟此			3		THUOCL
山晓望晴空			3		THUOCL
山月不知心里事			3		THUOCL
山林与城市			3		THUOCL
山水含清晖			3		THUOCL
山河表里潼关路			3		THUOCL
山深闻鹧鸪			3		THUOCL
岁愧俸钱三十万			3		THUOCL
岁老根弥壮			3		THUOCL
岂不罹凝寒			3		THUOCL
岂如春色嗾人狂			3		THUOCL
岐王宅里寻常见			3		THUOCL
岭外音书断			3		THUOCL
崔九堂前几度闻			3		THUOCL
已讶衾枕冷			3		THUOCL
巴东三峡巫峡长			3		THUOCL
市南门外泥中歇			3		THUOCL
帘幕无重数			3		THUOCL
帝乡不可期			3		THUOCL
常恐秋节至			3		THUOCL
常有高猿长啸			3		THUOCL
平生风义兼师友			3		THUOCL
年少万兜鍪			3		THUOCL
年少峥嵘屈贾才			3		THUOCL
幸分苍翠拂波涛			3		THUOCL
幽径独行迷			3		THUOCL
床前看月光			3		THUOCL
庐山谣寄卢侍御虚舟			3		THUOCL
应驮白练到安西			3		THUOCL
座上客常满			3		THUOCL
庭下如积水空明			3		THUOCL
庭前八月梨枣熟			3		THUOCL
开轩纳微凉			3		THUOCL
张旭三杯草圣传			3		THUOCL
强秦之所以不敢加兵于赵者			3		THUOCL
归卧南山陲			3		THUOCL
当仁不让于师			3		THUOCL
当年拼却醉颜红			3		THUOCL
当风扬其灰			3		THUOCL
彩袖殷勤捧玉钟			3		THUOCL
影落清波十里红			3		THUOCL
往往飞花落洞庭			3		THUOCL
往者不可追			3		THUOCL
徒使两地眼成穿而骨化石			3		THUOCL
得与亡孰病			3		THUOCL
得与王子同舟			3		THUOCL
德不厚而思国之安			3		THUOCL
心宁累自息			3		THUOCL
必以言下之			3		THUOCL
必以身后之			3		THUOCL
必先斯四者			3		THUOCL
必有可观者焉			3		THUOCL
必有忠信如丘者焉			3		THUOCL
忘了除非醉			3		THUOCL
忧来其如何			3		THUOCL
忧来豁蒙蔽			3		THUOCL
忽复乘舟梦日边			3		THUOCL
忽见千帆隐映来			3		THUOCL
怀佳人兮不能忘			3		THUOCL
怀君属秋夜			3		THUOCL
怀抱观古今			3		THUOCL
怀良辰以孤往			3		THUOCL
怕见夜间出去			3		THUOCL
思君若汶水			3		THUOCL
思归多苦颜			3		THUOCL
总是玉关情			3		THUOCL
恶在其为民父母也			3		THUOCL
恶紫之夺朱也			3		THUOCL
悠悠沧海情			3		THUOCL
惊退万人争战气			3		THUOCL
惊风飘白日			3		THUOCL
惟见长江天际流			3		THUOCL
想得家中夜深坐			3		THUOCL
愈知宇宙宽			3		THUOCL
意态由来画不成			3		THUOCL
感时思报国			3		THUOCL
懒摇白羽扇			3		THUOCL
懒起画蛾眉			3		THUOCL
我书意造本无法			3		THUOCL
我有迷魂招不得			3		THUOCL
我舞影零乱			3		THUOCL
或使汝眼睁睁看我死			3		THUOCL
或植杖而耘耔			3		THUOCL
手指不可屈伸			3		THUOCL
打起黄莺儿			3		THUOCL
报君黄金台上意			3		THUOCL
拆桐花烂漫			3		THUOCL
拍手笑沙鸥			3		THUOCL
招屈亭前水东注			3		THUOCL
择师而教之			3		THUOCL
掘井九仞而不及泉			3		THUOCL
援北斗兮酌桂浆			3		THUOCL
携杖来追柳外凉			3		THUOCL
携来百侣曾游			3		THUOCL
摊破浣溪沙			3		THUOCL
摘来沽酒君肯否			3		THUOCL
操千曲而知音			3		THUOCL
放在匣中何不鸣			3		THUOCL
放浪形骸之外			3		THUOCL
故乡何处是			3		THUOCL
故君子莫大乎与人为善			3		THUOCL
故园无此声			3		THUOCL
故大王事獯鬻			3		THUOCL
故岁今宵尽			3		THUOCL
故有之以为利			3		THUOCL
故非有志者不能至也			3		THUOCL
敏以求之者也			3		THUOCL
数问夜如何			3		THUOCL
文不在兹乎			3		THUOCL
文王事昆夷			3		THUOCL
文王发政施仁			3		THUOCL
斗酒十千恣欢谑			3		THUOCL
斜光到晓穿朱户			3		THUOCL
斥鷃每闻欺大鸟			3		THUOCL
斯友一国之善士			3		THUOCL
斯须改变如苍狗			3		THUOCL
新春偷向柳梢归			3		THUOCL
新鬼烦冤旧鬼哭			3		THUOCL
无人不道看花回			3		THUOCL
无人争晓渡			3		THUOCL
无名天地之始			3		THUOCL
无恒产而有恒心者			3		THUOCL
无意插柳柳成阴			3		THUOCL
无攻人之恶			3		THUOCL
无数春笋满林生			3		THUOCL
无数铃声遥过碛			3		THUOCL
日暮倚修竹			3		THUOCL
日暮掩柴扉			3		THUOCL
日轮当午凝不去			3		THUOCL
日长飞絮轻			3		THUOCL
旧时茅店社林边			3		THUOCL
早岁那知世事艰			3		THUOCL
早潮才落晚潮来			3		THUOCL
早秋曲江感怀			3		THUOCL
时闻折竹声			3		THUOCL
昆鸡长笑老鹰非			3		THUOCL
明年花开时			3		THUOCL
明月不谙离恨苦			3		THUOCL
明朝有封事			3		THUOCL
昔在九江上			3		THUOCL
星临万户动			3		THUOCL
春去秋来不相待			3		THUOCL
春愁黯黯独成眠			3		THUOCL
春晚绿野秀			3		THUOCL
春江浩荡暂徘徊			3		THUOCL
春秋多佳日			3		THUOCL
春风朝夕起			3		THUOCL
昨日文小姐			3		THUOCL
昭阳殿里第一人			3		THUOCL
是以君子不为也			3		THUOCL
是使民养生丧死无憾也			3		THUOCL
是时心境闲			3		THUOCL
是鱼之乐也			3		THUOCL
昼出耘田夜绩麻			3		THUOCL
晓镜但愁云鬓改			3		THUOCL
晨起开门雪满山			3		THUOCL
晴翠接荒城			3		THUOCL
智有所不明			3		THUOCL
暗尘随马去			3		THUOCL
暗风吹雨入寒窗			3		THUOCL
暮宿黄河边			3		THUOCL
暮霭沉沉楚天阔			3		THUOCL
曲池荫高树			3		THUOCL
曲终人散空愁暮			3		THUOCL
更有潺潺流水			3		THUOCL
更行更远还生			3		THUOCL
更那堪凄然相向			3		THUOCL
曾为梅花醉几场			3		THUOCL
曾是以为孝乎			3		THUOCL
最下腐刑极矣			3		THUOCL
月傍九霄多			3		THUOCL
月明船笛参差起			3		THUOCL
月给亦有余			3		THUOCL
有名万物之母			3		THUOCL
有吏夜捉人			3		THUOCL
有孙母未去			3		THUOCL
有弟皆分散			3		THUOCL
有草名含羞			3		THUOCL
望美人兮天一方			3		THUOCL
望门投止思张俭			3		THUOCL
朝发枉渚兮			3		THUOCL
朝日艳且鲜			3		THUOCL
朝服而立于阼阶			3		THUOCL
朝沽金陵酒			3		THUOCL
朝辞华夏彩云间			3		THUOCL
未到江南先一笑			3		THUOCL
未解忆长安			3		THUOCL
未谙姑食性			3		THUOCL
李凭中国弹箜篌			3		THUOCL
材与不材之间			3		THUOCL
村庄儿女各当家			3		THUOCL
杜宇一声春晓			3		THUOCL
来吾道夫先路			3		THUOCL
来看南山冷翠微			3		THUOCL
杨花绕江啼晓莺			3		THUOCL
杭州定越州			3		THUOCL
枕上诗书闲处好			3		THUOCL
林暗草惊风			3		THUOCL
林栖见羽毛			3		THUOCL
林空鹿饮溪			3		THUOCL
林表明霁色			3		THUOCL
果然石门开			3		THUOCL
枯木朽株齐努力			3		THUOCL
根不固而求木之长			3		THUOCL
桂魄初生秋露微			3		THUOCL
桃源人家易制度			3		THUOCL
桃源只在镜湖中			3		THUOCL
桃花净尽菜花开			3		THUOCL
梅实迎时雨			3		THUOCL
梦断香消四十年			3		THUOCL
梦随风万里			3		THUOCL
梧桐应恨夜来霜			3		THUOCL
楚山横地出			3		THUOCL
楼观岳阳尽			3		THUOCL
楼阁玲珑五云起			3		THUOCL
槛菊愁烟兰泣露			3		THUOCL
欲上青天览明月			3		THUOCL
欲与元八卜邻先有是赠			3		THUOCL
欲与王为好			3		THUOCL
欲寄两行迎尔泪			3		THUOCL
欸乃一声山水绿			3		THUOCL
歌吹孙楚楼			3		THUOCL
正是橙黄橘绿时			3		THUOCL
正月十六夜			3		THUOCL
此地即平天			3		THUOCL
此时相望不相闻			3		THUOCL
此时瞻白兔			3		THUOCL
此率兽而食人也			3		THUOCL
此身合是诗人未			3		THUOCL
死别已吞声			3		THUOCL
残月下寒沙			3		THUOCL
每到驿亭先下马			3		THUOCL
每逢佳处辄参禅			3		THUOCL
比干谏而死			3		THUOCL
民斯为下矣			3		THUOCL
水中月色长不改			3		THUOCL
水尽南天不见云			3		THUOCL
水澹澹兮生烟			3		THUOCL
水路疑霜雪			3		THUOCL
汀上白沙看不见			3		THUOCL
汉家山东二百州			3		THUOCL
汉水接天回			3		THUOCL
汝不能舍吾			3		THUOCL
汝幸而偶我			3		THUOCL
江上舍前无此物			3		THUOCL
江东日暮云			3		THUOCL
江南春绝句			3		THUOCL
江城子密州出猎			3		THUOCL
江娥啼竹素女愁			3		THUOCL
江晚正愁余			3		THUOCL
江水绿如蓝			3		THUOCL
江流宛转绕芳甸			3		THUOCL
江湖秋水多			3		THUOCL
江色分明绿			3		THUOCL
江鸟飞入帘			3		THUOCL
池上秋又来			3		THUOCL
沁园春长沙			3		THUOCL
沉思往事立残阳			3		THUOCL
沙暖睡鸳鸯			3		THUOCL
沧海成桑田			3		THUOCL
河水清且涟猗			3		THUOCL
泉声咽危石			3		THUOCL
洒向人间都是怨			3		THUOCL
浩荡寄南征			3		THUOCL
浪淘沙北戴河			3		THUOCL
海南万里真吾乡			3		THUOCL
涂山寺独游			3		THUOCL
涧水东流复向西			3		THUOCL
淡乎其无味			3		THUOCL
深坐蹙蛾眉			3		THUOCL
清晨散马蹄			3		THUOCL
清歌一曲梁尘起			3		THUOCL
清渠一邑传			3		THUOCL
清溪清我心			3		THUOCL
清静老不死			3		THUOCL
渔梁渡头争渡喧			3		THUOCL
渔父莞尔而笑			3		THUOCL
渭北春天树			3		THUOCL
渴不饮盗泉			3		THUOCL
湖光秋月两相和			3		THUOCL
湖南清绝地			3		THUOCL
湖月照我影			3		THUOCL
源不深而望流之远			3		THUOCL
溘埃风余上征			3		THUOCL
满座衣冠似雪			3		THUOCL
满目山河空念远			3		THUOCL
满载一船星辉			3		THUOCL
漫贪嬉戏思鸿鹄			3		THUOCL
潜龙须待一声雷			3		THUOCL
潮落江平未有风			3		THUOCL
澄江一道月分明			3		THUOCL
灭六国者六国也			3		THUOCL
灯火万家城四畔			3		THUOCL
炎蒸毒我肠			3		THUOCL
点水蜻蜓款款飞			3		THUOCL
点点是离人泪			3		THUOCL
烈士暮年壮心不已			3		THUOCL
热泪欲零还住			3		THUOCL
焉知二十载			3		THUOCL
然后天梯石栈方钩连			3		THUOCL
煌煌祖宗业			3		THUOCL
照花前后镜			3		THUOCL
燕子不归春事晚			3		THUOCL
燕子双飞去			3		THUOCL
燕山月似钩			3		THUOCL
爱汝玉山草堂静			3		THUOCL
牛困人饥日已高			3		THUOCL
物有所不足			3		THUOCL
物物而不物于物			3		THUOCL
犹似霓裳羽衣舞			3		THUOCL
犹及清明可到家			3		THUOCL
犹得备晨炊			3		THUOCL
犹自带铜声			3		THUOCL
犹解嫁东风			3		THUOCL
狗彘食人食而不知检			3		THUOCL
猕猴骑土牛			3		THUOCL
猿声依旧愁			3		THUOCL
玄都观里桃千树			3		THUOCL
玉容寂寞泪阑干			3		THUOCL
玉鉴琼田三万顷			3		THUOCL
玉雪为骨冰为魂			3		THUOCL
玉骨冰肌未肯枯			3		THUOCL
王孙自可留			3		THUOCL
王道之始也			3		THUOCL
生亦我所欲			3		THUOCL
生别常恻恻			3		THUOCL
生小不相识			3		THUOCL
由来非一朝			3		THUOCL
男儿到此是豪雄			3		THUOCL
畏天者保其国			3		THUOCL
留得一钱看			3		THUOCL
疑是人间疾苦声			3		THUOCL
痛饮狂歌空度日			3		THUOCL
瘦尽灯花又一宵			3		THUOCL
登高会昔闻			3		THUOCL
白也诗无敌			3		THUOCL
白云山头云欲立			3		THUOCL
白云无尽时			3		THUOCL
白菘类羔豚			3		THUOCL
百啭千声随意移			3		THUOCL
百战沙场碎铁衣			3		THUOCL
皇览揆余初度兮			3		THUOCL
盗亦有道乎			3		THUOCL
目极千里兮			3		THUOCL
直从萌芽拔			3		THUOCL
直出浮云间			3		THUOCL
直欲数秋毫			3		THUOCL
相去万余里			3		THUOCL
相去四十里			3		THUOCL
相如请得以颈血溅大王矣			3		THUOCL
相思与君绝			3		THUOCL
相思则披衣			3		THUOCL
看取眉头鬓上			3		THUOCL
看红妆素裹			3		THUOCL
看花上酒船			3		THUOCL
看龙舟两两			3		THUOCL
眼角眉梢都似恨			3		THUOCL
睫在眼前长不见			3		THUOCL
知是故人来			3		THUOCL
知误会前番书语			3		THUOCL
石濑兮浅浅			3		THUOCL
碣石潇湘无限路			3		THUOCL
碧梧栖老凤凰枝			3		THUOCL
碧荷生幽泉			3		THUOCL
磊落星月高			3		THUOCL
禁钟惊睡觉			3		THUOCL
离离暑云散			3		THUOCL
秋庭不扫携藤杖			3		THUOCL
秋月春风等闲度			3		THUOCL
秋江鳞甲生			3		THUOCL
秋雨晴时泪不晴			3		THUOCL
秋风吹不尽			3		THUOCL
秦中自古帝王州			3		THUOCL
秦王使使者告赵王			3		THUOCL
秾李雪开歌扇掩			3		THUOCL
稚子敲针作钓钩			3		THUOCL
穷通行止长相伴			3		THUOCL
窈窕艳城郭			3		THUOCL
竖子不足与谋			3		THUOCL
童孙未解供耕织			3		THUOCL
端居一院中			3		THUOCL
竹露滴清响			3		THUOCL
笋柱秋千游女并			3		THUOCL
笑渐不闻声渐悄			3		THUOCL
笙歌归院落			3		THUOCL
箕子为之奴			3		THUOCL
算人间知己吾和汝			3		THUOCL
篱落疏疏一径深			3		THUOCL
糟粕所传非粹美			3		THUOCL
系向牛头充炭直			3		THUOCL
红楼隔雨相望冷			3		THUOCL
红颜未老恩先断			3		THUOCL
纵死侠骨香			3		THUOCL
纷纷开且落			3		THUOCL
细雨无人我独来			3		THUOCL
终乎为圣人			3		THUOCL
终古垂杨有暮鸦			3		THUOCL
经冬复历春			3		THUOCL
结绮临春事最奢			3		THUOCL
绵竹亭亭出县高			3		THUOCL
绿杨风动舞腰回			3		THUOCL
罗浮山下梅花村			3		THUOCL
美人卷珠帘			3		THUOCL
翩翩两骑来是谁			3		THUOCL
翻空白鸟时时见			3		THUOCL
老妻画纸为棋局			3		THUOCL
老来多健忘			3		THUOCL
老树空庭得			3		THUOCL
老病有孤舟			3		THUOCL
而况于明哲乎			3		THUOCL
而神明自得			3		THUOCL
而离散不相见			3		THUOCL
而莫知无用之用也			3		THUOCL
耐可乘明月			3		THUOCL
耐可乘流直上天			3		THUOCL
耿吾既得此中正			3		THUOCL
聒碎乡心梦不成			3		THUOCL
肯爱千金轻一笑			3		THUOCL
胜事空自知			3		THUOCL
胡为乎来哉			3		THUOCL
胡为乎泥中			3		THUOCL
胶鬲举于鱼盐之中			3		THUOCL
脱帽露顶王公前			3		THUOCL
腰鼓百面春雷发			3		THUOCL
自三峡七百里中			3		THUOCL
自云手种时			3		THUOCL
自其不变者而观之			3		THUOCL
自经丧乱少睡眠			3		THUOCL
致君尧舜知无术			3		THUOCL
舜不告而娶			3		THUOCL
船容与而不进兮			3		THUOCL
良辰与美景			3		THUOCL
色厉而内荏			3		THUOCL
色取仁而行违			3		THUOCL
芙蓉帐暖度春宵			3		THUOCL
芦苇晚风起			3		THUOCL
花之隐逸者也			3		THUOCL
花开又花落			3		THUOCL
花有清香月有阴			3		THUOCL
花落花开年复年			3		THUOCL
花钿委地无人收			3		THUOCL
花须连夜发			3		THUOCL
芳菲歇去何须恨			3		THUOCL
苍茫云雾浮			3		THUOCL
苕溪渔隐丛话			3		THUOCL
苟余心之端直兮			3		THUOCL
若有人兮山之阿			3		THUOCL
若言声在指头上			3		THUOCL
若言琴上有琴声			3		THUOCL
英姿飒爽犹酣战			3		THUOCL
茅屋四五间			3		THUOCL
荔枝新熟鸡冠色			3		THUOCL
荫此百尺条			3		THUOCL
荷花羞玉颜			3		THUOCL
莓苔见履痕			3		THUOCL
莫为霜台愁岁暮			3		THUOCL
莫把聪明付蠹虫			3		THUOCL
莫须惊白鹭			3		THUOCL
莽莽万重山			3		THUOCL
菊花何太苦			3		THUOCL
萧萧梧叶送寒声			3		THUOCL
萧萧黄叶闭疏窗			3		THUOCL
落叶他乡树			3		THUOCL
落日心犹壮			3		THUOCL
落月摇情满江树			3		THUOCL
落木千山天远大			3		THUOCL
著我扁舟一叶			3		THUOCL
蒙羞被好兮			3		THUOCL
蓝水远从千涧落			3		THUOCL
蓬头稚子学垂纶			3		THUOCL
虽体解吾犹未变兮			3		THUOCL
虽僻远其何伤			3		THUOCL
蚓无爪牙之利			3		THUOCL
蜀人游乐不知还			3		THUOCL
蜀酒浓无敌			3		THUOCL
蜗牛角上争何事			3		THUOCL
蝶恋花答李淑一			3		THUOCL
行不忍人之政			3		THUOCL
行乐及时时已晚			3		THUOCL
行人弓箭各在腰			3		THUOCL
衣沾不足惜			3		THUOCL
袅袅凉风起			3		THUOCL
袖手无言味最长			3		THUOCL
裘马颇清狂			3		THUOCL
西北有高楼			3		THUOCL
西塞山怀古			3		THUOCL
西山兰若试茶歌			3		THUOCL
西川供客眼			3		THUOCL
西施越溪女			3		THUOCL
西江月井冈山			3		THUOCL
西湖天下景			3		THUOCL
西风愁起绿波间			3		THUOCL
见面怜清瘦			3		THUOCL
觅花来渡口			3		THUOCL
角声满天秋色里			3		THUOCL
试问古来几曾见破镜能重圆			3		THUOCL
请君莫奏前朝曲			3		THUOCL
诸葛大名垂宇宙			3		THUOCL
读书有味身忘老			3		THUOCL
谁念幽寒坐呜呃			3		THUOCL
谁怜流落江湖上			3		THUOCL
谁翻乐府凄凉曲			3		THUOCL
貂裘换酒也堪豪			3		THUOCL
贤愚千载知谁是			3		THUOCL
质直而好义			3		THUOCL
贫村才数家			3		THUOCL
赠卫八处士			3		THUOCL
赢得仓皇北顾			3		THUOCL
赵客缦胡缨			3		THUOCL
越人语天姥			3		THUOCL
跪敷衽以陈辞兮			3		THUOCL
身多疾病思田里			3		THUOCL
輮使之然也			3		THUOCL
转益多师是汝师			3		THUOCL
轻红擘荔枝			3		THUOCL
轻薄桃花逐水流			3		THUOCL
辛夷车兮结桂旗			3		THUOCL
过尽行人君不来			3		THUOCL
过眼滔滔云共雾			3		THUOCL
还似旧时游上苑			3		THUOCL
还知一勺可延龄			3		THUOCL
远看方知出处高			3		THUOCL
远芳侵古道			3		THUOCL
迢迢新秋夕			3		THUOCL
送我至剡溪			3		THUOCL
适与野情惬			3		THUOCL
速在推心置人腹			3		THUOCL
遍绕篱边日渐斜			3		THUOCL
道亦乐得之			3		THUOCL
道听而途说			3		THUOCL
道狭草木长			3		THUOCL
道非身外更何求			3		THUOCL
遗恨失吞吴			3		THUOCL
遥望九华峰			3		THUOCL
遥看汉水鸭头绿			3		THUOCL
邦有道则仕			3		THUOCL
邻国之民不加少			3		THUOCL
郎今欲渡缘何事			3		THUOCL
郢人立不失容			3		THUOCL
都护铁衣冷难着			3		THUOCL
都是人间城郭			3		THUOCL
都是横戈马上行			3		THUOCL
酒醒时往事愁肠			3		THUOCL
采之欲遗谁			3		THUOCL
重上君子堂			3		THUOCL
重碧拈春酒			3		THUOCL
野径行无伴			3		THUOCL
量入以为出			3		THUOCL
金吾不禁夜			3		THUOCL
金陵王气黯然收			3		THUOCL
钟鼓云乎哉			3		THUOCL
钿璎累累佩珊珊			3		THUOCL
银汉秋期万古同			3		THUOCL
锦里开芳宴			3		THUOCL
长吟愁鬓斑			3		THUOCL
长夜沾湿何由彻			3		THUOCL
长安大道横九天			3		THUOCL
长无绝兮终古			3		THUOCL
长江不肯向西流			3		THUOCL
长江绕郭知鱼美			3		THUOCL
长看天西万叠青			3		THUOCL
门前风景雨来佳			3		THUOCL
闲折两枝持在手			3		THUOCL
闻汝依山寺			3		THUOCL
闻说鸡鸣见日升			3		THUOCL
闻道龙标过五溪			3		THUOCL
阁下灯前梦			3		THUOCL
阁中帝子今何在			3		THUOCL
陇馔有熊腊			3		THUOCL
陶尽门前土			3		THUOCL
随意春芳歇			3		THUOCL
隔岸风声狂带雨			3		THUOCL
难更与人同			3		THUOCL
雕眄青云睡眼开			3		THUOCL
雨横风狂三月暮			3		THUOCL
雨色秋来寒			3		THUOCL
雨送黄昏花易落			3		THUOCL
雪压冬云白絮飞			3		THUOCL
雪晴云淡日光寒			3		THUOCL
霜落熊升树			3		THUOCL
青山缭绕疑无路			3		THUOCL
青松傲骨定如山			3		THUOCL
青枫浦上不胜愁			3		THUOCL
青青河畔草			3		THUOCL
非夫人之为恸而谁为			3		THUOCL
非琴不是筝			3		THUOCL
颜渊第十二			3		THUOCL
颠连直接东溟			3		THUOCL
风入四蹄轻			3		THUOCL
风吹旷野纸钱飞			3		THUOCL
风头如刀面如割			3		THUOCL
风尘三尺剑			3		THUOCL
风掣红旗冻不翻			3		THUOCL
风烟望五津			3		THUOCL
风飘飘而吹衣			3		THUOCL
飘飖兮若流风之回雪			3		THUOCL
飞镜又重磨			3		THUOCL
飞龙兮翩翩			3		THUOCL
饮冰复食蘖			3		THUOCL
香稻啄余鹦鹉粒			3		THUOCL
马思边草拳毛动			3		THUOCL
驷玉虬以桀鹥兮			3		THUOCL
高渐离击筑			3		THUOCL
高秋爽气相鲜新			3		THUOCL
高自毫末始			3		THUOCL
鱼龙潜跃水成文			3		THUOCL
鳞鳞居大厦			3		THUOCL
鸟宿池边树			3		THUOCL
鸟宿芦花里			3		THUOCL
鸿雁几时到			3		THUOCL
鸿飞那复计东西			3		THUOCL
鹪鹩巢于深林			3		THUOCL
麦花雪白菜花稀			3		THUOCL
黄州寒食诗帖			3		THUOCL
黄河万里触山动			3		THUOCL
黄鹤知何去			3		THUOCL
齐吴榜以击汰			3		THUOCL
齐宣王问曰			3		THUOCL
齐彭殇为妄作			3		THUOCL
龙头舴艋吴儿竞			3		THUOCL
一凶一吉在眼前			2		THUOCL
一字偕华星			2		THUOCL
一寸荒田牛得耕			2		THUOCL
一年居梓州			2		THUOCL
一度欲离别			2		THUOCL
一往情深深几许			2		THUOCL
一摘使瓜好			2		THUOCL
一斛荐槟榔			2		THUOCL
一杯春露冷如冰			2		THUOCL
一架猕猴桃			2		THUOCL
一树春风千万枝			2		THUOCL
一棹碧涛春水路			2		THUOCL
一水中分白鹭洲			2		THUOCL
一泓海水杯中泻			2		THUOCL
一波才动万波随			2		THUOCL
一片降幡出石头			2		THUOCL
一病讫不痊			2		THUOCL
一破夫差国			2		THUOCL
一茎竹篙剔船尾			2		THUOCL
一见知君即断肠			2		THUOCL
一诗换得两尖团			2		THUOCL
一诺千金重			2		THUOCL
一身独暖亦何情			2		THUOCL
一身都是愁			2		THUOCL
一钩残月向西流			2		THUOCL
一食或尽粟一石			2		THUOCL
一驿过一驿			2		THUOCL
七十紫鸳鸯			2		THUOCL
七十老翁何所求			2		THUOCL
七十者衣帛食肉			2		THUOCL
七十而致仕			2		THUOCL
七弦为益友			2		THUOCL
七律到韶山			2		THUOCL
万万女贞林			2		THUOCL
万丈丹梯尚可攀			2		THUOCL
万事不关心			2		THUOCL
万事从今足			2		THUOCL
万事翻覆如浮云			2		THUOCL
万事须己运			2		THUOCL
万卷藏书宜子弟			2		THUOCL
万古云霄一羽毛			2		THUOCL
万姓疮痍合			2		THUOCL
万家灯火暖春风			2		THUOCL
万心春熙熙			2		THUOCL
万朵互低昂			2		THUOCL
万树江边杏			2		THUOCL
万物之父母也			2		THUOCL
万物将自化			2		THUOCL
万物皆妩媚			2		THUOCL
万籁此俱寂			2		THUOCL
万花纷谢一时稀			2		THUOCL
万里卷潮来			2		THUOCL
万里可横行			2		THUOCL
万里归来颜愈少			2		THUOCL
丈夫何事足萦怀			2		THUOCL
丈夫非无泪			2		THUOCL
三万里河东入海			2		THUOCL
三以天下让			2		THUOCL
三十六万人			2		THUOCL
三千里地山河			2		THUOCL
三日断五匹			2		THUOCL
三旬两入省			2		THUOCL
三春白雪归青冢			2		THUOCL
上感九庙焚			2		THUOCL
上无道揆也			2		THUOCL
上有青冥之长天			2		THUOCL
上林繁花照眼新			2		THUOCL
上言长相思			2		THUOCL
下令减征赋			2		THUOCL
下悯万民疮			2		THUOCL
不与徐凝洗恶诗			2		THUOCL
不与我言兮			2		THUOCL
不与梨花同梦			2		THUOCL
不为商贾不耕田			2		THUOCL
不以万物易蜩之翼			2		THUOCL
不以兵强天下			2		THUOCL
不以礼节之			2		THUOCL
不信比来长下泪			2		THUOCL
不击元无烟			2		THUOCL
不可与言而与之言			2		THUOCL
不可以久处约			2		THUOCL
不可以作巫医			2		THUOCL
不可以长处乐			2		THUOCL
不可徒行也			2		THUOCL
不可得而利			2		THUOCL
不可得而害			2		THUOCL
不可得而疏			2		THUOCL
不可得而贱			2		THUOCL
不可得而贵			2		THUOCL
不可得而闻也			2		THUOCL
不可胜用也			2		THUOCL
不善人之师			2		THUOCL
不复卧南阳			2		THUOCL
不失其所者久			2		THUOCL
不如乡人之善者好之			2		THUOCL
不如硕鼠解藏身			2		THUOCL
不如饮美酒			2		THUOCL
不学非自然			2		THUOCL
不开口笑是痴人			2		THUOCL
不得其言则去			2		THUOCL
不得到辽西			2		THUOCL
不忍为之下			2		THUOCL
不恨此花飞尽			2		THUOCL
不愿鞠躬车马前			2		THUOCL
不指南方不肯休			2		THUOCL
不敢言而敢怒			2		THUOCL
不是一番寒彻骨			2		THUOCL
不有博弈者乎			2		THUOCL
不洒离别间			2		THUOCL
不炼金丹不坐禅			2		THUOCL
不用清明兼上巳			2		THUOCL
不用诉离觞			2		THUOCL
不知周之梦为胡蝶与			2		THUOCL
不知天地有清霜			2		THUOCL
不知学问之大也			2		THUOCL
不知腐鼠成滋味			2		THUOCL
不知香积寺			2		THUOCL
不耘苗者也			2		THUOCL
不能止遏意无他			2		THUOCL
不能正五音			2		THUOCL
不见五陵豪杰墓			2		THUOCL
不见玉颜空死处			2		THUOCL
不觉春风换柳条			2		THUOCL
不觉青林没晚潮			2		THUOCL
不贤者识其小者			2		THUOCL
不趁青梅尝煮酒			2		THUOCL
不足以为士矣			2		THUOCL
不足以事父母			2		THUOCL
不过数仞而下			2		THUOCL
不遣雨雪来			2		THUOCL
不须更待妃子笑			2		THUOCL
不顾父母之养			2		THUOCL
与人有痔病者			2		THUOCL
与君生别离			2		THUOCL
与君都盖洛阳城			2		THUOCL
与日月兮齐光			2		THUOCL
与歌者米嘉荣			2		THUOCL
与诸子登岘山			2		THUOCL
且令鼻观先参			2		THUOCL
且以汝之有身也			2		THUOCL
且君子之交淡若水			2		THUOCL
且相如素贱人			2		THUOCL
且看欲尽花经眼			2		THUOCL
世上如侬有几人			2		THUOCL
世上荣枯无百年			2		THUOCL
世事纷纭从君理			2		THUOCL
世味年来薄似纱			2		THUOCL
世路如今已惯			2		THUOCL
世间行乐亦如此			2		THUOCL
丘不与易也			2		THUOCL
丛菊两开他日泪			2		THUOCL
东城渐觉风光好			2		THUOCL
东夷之人也			2		THUOCL
东尽白云求			2		THUOCL
东峰始含景			2		THUOCL
东风已绿瀛洲草			2		THUOCL
两章对秋月			2		THUOCL
两耳是知音			2		THUOCL
中军置酒饮归客			2		THUOCL
中夜尚未安			2		THUOCL
中岁颇好道			2		THUOCL
中有孤丛色似霜			2		THUOCL
中有尺素书			2		THUOCL
中有武昌鱼			2		THUOCL
丰年人乐业			2		THUOCL
临邛道士鸿都客			2		THUOCL
临风听暮蝉			2		THUOCL
为之仁义以矫之			2		THUOCL
为之斗斛以量之			2		THUOCL
为之权衡以称之			2		THUOCL
为之符玺以信之			2		THUOCL
为之踌躇满志			2		THUOCL
为刎颈之交			2		THUOCL
为君扶病上高台			2		THUOCL
为善无近名			2		THUOCL
为天下笑者			2		THUOCL
为女民兵题照			2		THUOCL
为民父母行政			2		THUOCL
为谁憔悴损芳姿			2		THUOCL
主人下马客在船			2		THUOCL
乃中经首之会			2		THUOCL
乃若所忧则有之			2		THUOCL
之死矢靡它			2		THUOCL
乌不日黔而黑			2		THUOCL
乐夫天命复奚疑			2		THUOCL
乐游原上清秋节			2		THUOCL
乐琴书以消忧			2		THUOCL
乘清气兮御阴阳			2		THUOCL
乘骐骥以驰骋兮			2		THUOCL
九华帐里梦魂惊			2		THUOCL
九度附书向洛阳			2		THUOCL
九月尚流汗			2		THUOCL
九疑云物至今愁			2		THUOCL
也应攀折他人手			2		THUOCL
也无人惜从教坠			2		THUOCL
也曾因梦送钱财			2		THUOCL
乡人皆好之			2		THUOCL
乡人皆恶之			2		THUOCL
乱山残雪夜			2		THUOCL
乱流齐进声轰然			2		THUOCL
乱蝉衰草小池塘			2		THUOCL
了了见松雪			2		THUOCL
了然无一碍			2		THUOCL
予之不仁也			2		THUOCL
予也有三年之爱于其父母乎			2		THUOCL
予尝求古仁人之心			2		THUOCL
争得大裘长万丈			2		THUOCL
事业无穷年			2		THUOCL
事无两样人心别			2		THUOCL
二十余年如一梦			2		THUOCL
二日立春人七日			2		THUOCL
二月二日新雨晴			2		THUOCL
二龙争战决雌雄			2		THUOCL
云之君兮纷纷而来下			2		THUOCL
云日相辉映			2		THUOCL
云溪花淡淡			2		THUOCL
云窗雾阁春迟			2		THUOCL
云自无心水自闲			2		THUOCL
五六月累丸二而不坠			2		THUOCL
五十以学易			2		THUOCL
五千仞岳上摩天			2		THUOCL
五圣联龙衮			2		THUOCL
五更钟动笙歌散			2		THUOCL
五月不可触			2		THUOCL
五月天山雪			2		THUOCL
五花连钱旋作冰			2		THUOCL
五陵年少金市东			2		THUOCL
亚父南向坐			2		THUOCL
交不忠兮怨长			2		THUOCL
交乃意气合			2		THUOCL
交戟之卫士欲止不内			2		THUOCL
亦不可行也			2		THUOCL
亦可以胜残去杀矣			2		THUOCL
亭亭山上松			2		THUOCL
亲旧知其如此			2		THUOCL
人乞祭余骄妾妇			2		THUOCL
人亦念其家			2		THUOCL
人伦之至也			2		THUOCL
人在清凉国			2		THUOCL
人学始知道			2		THUOCL
人岂为之哉			2		THUOCL
人烟扑地桑柘稠			2		THUOCL
人生交契无老少			2		THUOCL
人生失意无南北			2		THUOCL
人生归有道			2		THUOCL
人生芳秽有千载			2		THUOCL
人生贵相知			2		THUOCL
人皆苦炎热			2		THUOCL
人老建康城			2		THUOCL
人莫鉴于流水而鉴于止水			2		THUOCL
人虽欲自绝			2		THUOCL
人远天涯近			2		THUOCL
人间晚秀非无意			2		THUOCL
人间物类无可比			2		THUOCL
人间要好诗			2		THUOCL
仄仄平平仄			2		THUOCL
仄仄平平仄仄			2		THUOCL
今人未可非商鞅			2		THUOCL
今夜不知何处宿			2		THUOCL
今夜清光似往年			2		THUOCL
今夜闻君琵琶语			2		THUOCL
今大道既隐			2		THUOCL
今岁今宵尽			2		THUOCL
今年八月十五夜			2		THUOCL
今年方始是严凝			2		THUOCL
今日复明日			2		THUOCL
今日斗酒会			2		THUOCL
今日欢呼孙大圣			2		THUOCL
今春看又过			2		THUOCL
今有人日攘其邻之鸡者			2		THUOCL
今朝更举觞			2		THUOCL
今朝都到眼前来			2		THUOCL
从者数百人			2		THUOCL
从许子之道			2		THUOCL
他妓古坟荒草寒			2		THUOCL
他年谁作舆地志			2		THUOCL
他得非我贤			2		THUOCL
他生未卜此生休			2		THUOCL
仙人王子乔			2		THUOCL
仙家犬吠白云间			2		THUOCL
仙风道骨今谁有			2		THUOCL
代徐敬业传檄天下文			2		THUOCL
令人发深省			2		THUOCL
令沅湘兮无波			2		THUOCL
令赵王鼓瑟			2		THUOCL
以为无益而舍之者			2		THUOCL
以俟夫观人风者得焉			2		THUOCL
以力假仁者霸			2		THUOCL
以勇气闻于诸侯			2		THUOCL
以吾从大夫之后			2		THUOCL
以手抚膺坐长叹			2		THUOCL
以是人多以书假余			2		THUOCL
以直养而无害			2		THUOCL
以相如功大			2		THUOCL
以约失之者鲜矣			2		THUOCL
以至此殛也			2		THUOCL
以道佐人主者			2		THUOCL
以道莅天下			2		THUOCL
仰视浮云驰			2		THUOCL
仿佛永远分离			2		THUOCL
传有神龙人不识			2		THUOCL
似诉平生不得志			2		THUOCL
但奏无弦琴			2		THUOCL
但感别经时			2		THUOCL
但愿君心似我心			2		THUOCL
但愿老死花酒间			2		THUOCL
但记得斑斑点点			2		THUOCL
位在廉颇之右			2		THUOCL
住也如何住			2		THUOCL
何不策高足			2		THUOCL
何事当年不见收			2		THUOCL
何事拘形役			2		THUOCL
何事阴阳工			2		THUOCL
何似中秋看			2		THUOCL
何况人间父子情			2		THUOCL
何处相思明月楼			2		THUOCL
何处相思苦			2		THUOCL
何处秋风至			2		THUOCL
何妨举世嫌迂阔			2		THUOCL
何必珍珠慰寂寥			2		THUOCL
何日是归年			2		THUOCL
何时黄金盘			2		THUOCL
何用浮名绊此身			2		THUOCL
何用钱刀为			2		THUOCL
何由得见洛阳春			2		THUOCL
何须生入玉门关			2		THUOCL
余因得遍观群书			2		THUOCL
余地何妨种玉簪			2		THUOCL
余幼好此奇服兮			2		THUOCL
余生欲老海南村			2		THUOCL
你我相逢在黑夜的海上			2		THUOCL
佳处未易识			2		THUOCL
使人听此凋朱颜			2		THUOCL
使我介然有知			2		THUOCL
使我颜色好			2		THUOCL
使民不为盗			2		THUOCL
使民如承大祭			2		THUOCL
使江水兮安流			2		THUOCL
侍立小童清			2		THUOCL
侧身西望长咨嗟			2		THUOCL
便人间天上			2		THUOCL
信则民任焉			2		THUOCL
信念越是巍峨			2		THUOCL
信知生男恶			2		THUOCL
俭者不夺人			2		THUOCL
俯仰天地间			2		THUOCL
俯身散马蹄			2		THUOCL
倚天万里须长剑			2		THUOCL
倚天照海花无数			2		THUOCL
像沉重的叹息			2		THUOCL
儒冠多误身			2		THUOCL
元是今朝斗草赢			2		THUOCL
先应去蟊贼			2		THUOCL
先王有不忍人之心			2		THUOCL
先诈力而后仁义			2		THUOCL
光景不待人			2		THUOCL
入则无法家拂士			2		THUOCL
入门高兴发			2		THUOCL
全德之君子			2		THUOCL
八月涛声吼地来			2		THUOCL
八月蝴蝶来			2		THUOCL
公冶长第五			2		THUOCL
公子王孙芳树下			2		THUOCL
公然抱茅入竹去			2		THUOCL
公输子之巧			2		THUOCL
公门终日忙			2		THUOCL
六军不发无奈何			2		THUOCL
六月二十七日望湖楼醉书			2		THUOCL
六朝旧事随流水			2		THUOCL
共说此年丰			2		THUOCL
关河梦断何处			2		THUOCL
兴是清秋发			2		THUOCL
兴酣落笔摇五岳			2		THUOCL
兵过黄河疑未反			2		THUOCL
其不善者恶之			2		THUOCL
其义则始乎为士			2		THUOCL
其何伤于日月乎			2		THUOCL
其恶者自恶			2		THUOCL
其未兆易谋			2		THUOCL
其次不辱理色			2		THUOCL
其次不辱身			2		THUOCL
其次不辱辞令			2		THUOCL
其次关木索			2		THUOCL
其次剔毛发			2		THUOCL
其次易服受辱			2		THUOCL
其次毁肌肤			2		THUOCL
其次诎体受辱			2		THUOCL
其美者自美			2		THUOCL
其险也如此			2		THUOCL
典校在秘书			2		THUOCL
兼闻贝叶经			2		THUOCL
内举不失亲			2		THUOCL
冉冉孤生竹			2		THUOCL
冕旒俱秀发			2		THUOCL
军听了军愁			2		THUOCL
农人告余以春及			2		THUOCL
农民个个同仇			2		THUOCL
冠盖何辉赫			2		THUOCL
冬夜读书示子聿			2		THUOCL
冰肌玉骨清无汗			2		THUOCL
冰霜正惨凄			2		THUOCL
况闻处处鬻男女			2		THUOCL
冷浸一天秋碧			2		THUOCL
净洗甲兵长不用			2		THUOCL
凄凄复凄凄			2		THUOCL
凉衫薄汗香			2		THUOCL
凌波不过横塘路			2		THUOCL
凌波仙子生尘袜			2		THUOCL
减米散同舟			2		THUOCL
几回魂梦与君同			2		THUOCL
几时高议排金门			2		THUOCL
几许渔人飞短艇			2		THUOCL
凤兮凤兮归故乡			2		THUOCL
凭轩涕泗流			2		THUOCL
出则无敌国外患者			2		THUOCL
出游翰墨场			2		THUOCL
出门一笑大江横			2		THUOCL
出门如见大宾			2		THUOCL
出门搔白首			2		THUOCL
击石乃有火			2		THUOCL
分我一杯羹			2		THUOCL
分明怨恨曲中论			2		THUOCL
分身千百亿			2		THUOCL
则其负大翼也无力			2		THUOCL
则塞于天地之间			2		THUOCL
则天下之士			2		THUOCL
则天下之民皆引领而望之矣			2		THUOCL
则失者十一			2		THUOCL
则并与斗斛而窃之			2		THUOCL
则并与权衡而窃之			2		THUOCL
则并与符玺而窃之			2		THUOCL
则庶人不议			2		THUOCL
则必有我师			2		THUOCL
则物与我皆无尽也			2		THUOCL
则莫我敢承			2		THUOCL
刚被太阳收拾去			2		THUOCL
初宵鼓大炉			2		THUOCL
初闻满座惊			2		THUOCL
别时茫茫江浸月			2		THUOCL
别来沧海事			2		THUOCL
到处潜悲辛			2		THUOCL
到清明时候			2		THUOCL
前世德云今我是			2		THUOCL
前事之不忘			2		THUOCL
前船抢水已得标			2		THUOCL
剡溪蕴秀异			2		THUOCL
剩有游人处			2		THUOCL
剩有离人影			2		THUOCL
割慈忍爱还租庸			2		THUOCL
劝君少干名			2		THUOCL
劝君少求利			2		THUOCL
劝君终日酩酊醉			2		THUOCL
功名只向马上取			2		THUOCL
功名盖世知谁是			2		THUOCL
功成身不退			2		THUOCL
劳劳送客亭			2		THUOCL
势拔五岳掩赤城			2		THUOCL
化人似驯鸥			2		THUOCL
北山始与南屏通			2		THUOCL
北斗兼春远			2		THUOCL
北阙休上书			2		THUOCL
匹马戍梁州			2		THUOCL
十二月舆梁成			2		THUOCL
十六君远行			2		THUOCL
十字津头一字行			2		THUOCL
十年窗下无人问			2		THUOCL
十年骨肉无消息			2		THUOCL
十日画一水			2		THUOCL
十里月明灯火稀			2		THUOCL
千万人之心也			2		THUOCL
千万和春住			2		THUOCL
千千石楠树			2		THUOCL
千回结衣襟			2		THUOCL
千官列雁行			2		THUOCL
千山响杜鹃			2		THUOCL
千峰笋石千株玉			2		THUOCL
千帆一道带风轻			2		THUOCL
千年未拟还			2		THUOCL
千片赤英霞烂烂			2		THUOCL
千秋竟不还			2		THUOCL
千竿竹影乱登墙			2		THUOCL
千竿竹翠数莲红			2		THUOCL
千里念行客			2		THUOCL
卅年仍到赫曦台			2		THUOCL
升天入地求之遍			2		THUOCL
半开桃李不胜威			2		THUOCL
半落青天外			2		THUOCL
单于夜遁逃			2		THUOCL
南园十三首			2		THUOCL
南山何其悲			2		THUOCL
南极老人星			2		THUOCL
南枝向暖北枝寒			2		THUOCL
南楼纵目初			2		THUOCL
南湖秋水夜无烟			2		THUOCL
卧看古佛凌云阁			2		THUOCL
卧闻海棠花			2		THUOCL
卫青不败由天幸			2		THUOCL
却又终身相依			2		THUOCL
却因歌舞破除休			2		THUOCL
卷起沙堆似雪堆			2		THUOCL
历历开元事			2		THUOCL
厥田惟上上			2		THUOCL
去也终须去			2		THUOCL
去年东坡拾瓦砾			2		THUOCL
去年天气旧亭台			2		THUOCL
去时雪满天山路			2		THUOCL
又不能启口			2		THUOCL
又从为之辞			2		THUOCL
又得浮生一日凉			2		THUOCL
又见东风浩荡时			2		THUOCL
及与汝相对			2		THUOCL
双鬟不整云憔悴			2		THUOCL
反是生女好			2		THUOCL
叙德皆仲尼			2		THUOCL
古之善为道者			2		THUOCL
古人学问无遗力			2		THUOCL
古木无人径			2		THUOCL
句读之不知			2		THUOCL
叩齿三十六			2		THUOCL
只吹的水尽鹅飞罢			2		THUOCL
只在芦花浅水边			2		THUOCL
只恐先春鶗鴂鸣			2		THUOCL
只有天在上			2		THUOCL
只灵飙一转			2		THUOCL
召公谏厉王弭谤			2		THUOCL
可以为天地母			2		THUOCL
可以见兴替			2		THUOCL
可使食无肉			2		THUOCL
可怜后主还祠庙			2		THUOCL
可怜无补费精神			2		THUOCL
可惜一溪风月			2		THUOCL
可爱者甚蕃			2		THUOCL
可谓好学也已			2		THUOCL
叶叶梧桐坠			2		THUOCL
叶叶自相当			2		THUOCL
司马牛问仁			2		THUOCL
叹息未应闲			2		THUOCL
各使苍生有环堵			2		THUOCL
各在天一涯			2		THUOCL
各复归其根			2		THUOCL
同行皆狼狈			2		THUOCL
名与身孰亲			2		THUOCL
后事之师也			2		THUOCL
向晚霾残日			2		THUOCL
向阳花木易逢春			2		THUOCL
君义莫不义			2		THUOCL
君仁莫不仁			2		THUOCL
君向潇湘我向秦			2		THUOCL
君子不怨天			2		THUOCL
君子学以致其道			2		THUOCL
君子学道则爱人			2		THUOCL
君子有勇而无义为乱			2		THUOCL
君子有终身之忧			2		THUOCL
君子疾没世而名不称焉			2		THUOCL
君正莫不正			2		THUOCL
君王台榭枕巴山			2		THUOCL
君王掩面救不得			2		THUOCL
君行吾为发浩歌			2		THUOCL
否泰如天地			2		THUOCL
含情易为盈			2		THUOCL
听其言也厉			2		THUOCL
吴山点点愁			2		THUOCL
吹不散眉弯			2		THUOCL
吹伤了那家			2		THUOCL
吹参差兮谁思			2		THUOCL
吹箫人去玉楼空			2		THUOCL
吾不得而见之矣			2		THUOCL
吾不知其恶也			2		THUOCL
吾不知其美也			2		THUOCL
吾不能变心以从俗兮			2		THUOCL
吾亦欲无加诸人			2		THUOCL
吾令凤鸟飞腾兮			2		THUOCL
吾将从彭咸之所居			2		THUOCL
吾将曳尾于涂中			2		THUOCL
吾尝跂而望矣			2		THUOCL
吾必谓之学矣			2		THUOCL
吾恐季孙之忧			2		THUOCL
吾所谓明者			2		THUOCL
吾斯之未能信			2		THUOCL
吾末如之何也已矣			2		THUOCL
吾爱孟夫子			2		THUOCL
吾独穷困乎此时也			2		THUOCL
吾衰竟谁陈			2		THUOCL
吾见其人矣			2		THUOCL
吾道属艰难			2		THUOCL
吾闻其语矣			2		THUOCL
和周世钊同志			2		THUOCL
和气生肌肤			2		THUOCL
咨臣以当世之事			2		THUOCL
咸阳古道音尘绝			2		THUOCL
咸阳市中叹黄犬			2		THUOCL
哀哀寡妇诛求尽			2		THUOCL
哀高丘之无女			2		THUOCL
哙即带剑拥盾入军门			2		THUOCL
唯倜傥非常之人称焉			2		THUOCL
唯其疾之忧			2		THUOCL
唯将旧物表深情			2		THUOCL
唯是马蹄知			2		THUOCL
唯有垂杨管别离			2		THUOCL
唯有此江郊			2		THUOCL
唯有门前镜湖水			2		THUOCL
唯闻女叹息			2		THUOCL
唱罢秋坟愁未歇			2		THUOCL
商鞅能令政必行			2		THUOCL
啼时惊妾梦			2		THUOCL
善人为邦百年			2		THUOCL
喜见外弟又言别			2		THUOCL
嗅异世间香			2		THUOCL
嘉陵江色何所似			2		THUOCL
嚼疑天上味			2		THUOCL
囊空恐羞涩			2		THUOCL
四十年来家国			2		THUOCL
四句烧香偈子			2		THUOCL
四弦一声如裂帛			2		THUOCL
四时不在家			2		THUOCL
四月南风大麦黄			2		THUOCL
四月江南黄鸟肥			2		THUOCL
四月熟黄梅			2		THUOCL
四顾山光接水光			2		THUOCL
回首白云低			2		THUOCL
因得养顽疏			2		THUOCL
因念远戍卒			2		THUOCL
因招樊哙出			2		THUOCL
园柳变鸣禽			2		THUOCL
固知一死生为虚诞			2		THUOCL
国之所存者			2		THUOCL
国事成不成			2		THUOCL
国家定两税			2		THUOCL
土山焦而不热			2		THUOCL
圣之时者也			2		THUOCL
圣人存而不论			2		THUOCL
圣人常无心			2		THUOCL
圣代无隐者			2		THUOCL
在好为人师			2		THUOCL
在康河的柔波里			2		THUOCL
在转瞬间消灭了踪影			2		THUOCL
在这交会时互放的光亮			2		THUOCL
地主重重压迫			2		THUOCL
地僻门深少送迎			2		THUOCL
地动三河铁臂摇			2		THUOCL
地势使之然			2		THUOCL
地静无纤尘			2		THUOCL
坐地日行八千里			2		THUOCL
坐断东南战未休			2		THUOCL
坚贞就在这里			2		THUOCL
垂緌饮清露			2		THUOCL
垂鞭直拂五云车			2		THUOCL
城上斜阳画角哀			2		THUOCL
域外鸡虫事可哀			2		THUOCL
堂上四库书			2		THUOCL
堆来枕上愁何状			2		THUOCL
塞上长城空自许			2		THUOCL
塞源而欲流长也			2		THUOCL
墙头马上遥相顾			2		THUOCL
墙里佳人笑			2		THUOCL
壁上红旗飘落照			2		THUOCL
壮心欲填海			2		THUOCL
声喧乱石中			2		THUOCL
处于天地之间			2		THUOCL
外举不弃仇			2		THUOCL
多情却似总无情			2		THUOCL
多易必多难			2		THUOCL
夜后邀陪明月			2		THUOCL
夜月一帘幽梦			2		THUOCL
夜来风雨急			2		THUOCL
夜深人散后			2		THUOCL
夜潮留向月中看			2		THUOCL
夜长人奈何			2		THUOCL
夜长天色总难明			2		THUOCL
夜阑更秉烛			2		THUOCL
大人故嫌迟			2		THUOCL
大国多良材			2		THUOCL
大德不逾闲			2		THUOCL
大抵心安即是家			2		THUOCL
大旱金石流			2		THUOCL
大江东流去			2		THUOCL
大浸稽天而不溺			2		THUOCL
大道如青天			2		THUOCL
大隐住朝市			2		THUOCL
天上浮云如白衣			2		THUOCL
天下之不助苗长者寡矣			2		THUOCL
天下之民归心焉			2		THUOCL
天下之通丧也			2		THUOCL
天下多忌讳			2		THUOCL
天下恶乎定			2		THUOCL
天下无寒人			2		THUOCL
天净沙秋思			2		THUOCL
天台一万八千丈			2		THUOCL
天地岂私贫我哉			2		THUOCL
天地终无情			2		THUOCL
天地肃清堪四望			2		THUOCL
天子好文儒			2		THUOCL
天教薄与胭脂			2		THUOCL
天清远峰出			2		THUOCL
天门一长啸			2		THUOCL
天高秋月明			2		THUOCL
太乙近天都			2		THUOCL
太公未遭文			2		THUOCL
夫三年之丧			2		THUOCL
夫人必自侮			2		THUOCL
夫君子之居丧			2		THUOCL
夫尺有所短			2		THUOCL
夫是之谓德操			2		THUOCL
奄忽互相逾			2		THUOCL
奋六世之余烈			2		THUOCL
奏流水以何惭			2		THUOCL
奔车轮缓旋风迟			2		THUOCL
奚惆怅而独悲			2		THUOCL
奢者狼藉俭者安			2		THUOCL
女娲炼石补天处			2		THUOCL
好收吾骨瘴江边			2		THUOCL
好是相亲夜			2		THUOCL
好著丹青图画取			2		THUOCL
如今人方为刀俎			2		THUOCL
如今老去无成			2		THUOCL
如何十年间			2		THUOCL
如十年前一样			2		THUOCL
如婴儿之未孩			2		THUOCL
如斯而已乎			2		THUOCL
如有不嗜杀人者			2		THUOCL
如杀人之罪			2		THUOCL
如知其非义			2		THUOCL
如舜而已矣			2		THUOCL
妇姑相唤浴蚕去			2		THUOCL
妙绝动宫墙			2		THUOCL
始可与言诗已矣			2		THUOCL
始得西山宴游记			2		THUOCL
始知结衣裳			2		THUOCL
婴金铁受辱			2		THUOCL
嫣然一笑竹篱间			2		THUOCL
嫩于金色软于丝			2		THUOCL
嫩箨香苞初出林			2		THUOCL
子比而同之			2		THUOCL
子路无宿诺			2		THUOCL
孔子之谓集大成			2		THUOCL
孔子于乡党			2		THUOCL
孔子顾谓弟子曰			2		THUOCL
存者且偷生			2		THUOCL
孟冬十郡良家子			2		THUOCL
孟氏使阳肤为士师			2		THUOCL
季康子问政于孔子曰			2		THUOCL
孤烛异乡人			2		THUOCL
孤舟一系故园心			2		THUOCL
学则三代共之			2		THUOCL
学而知之者次也			2		THUOCL
孰知不向边庭苦			2		THUOCL
守拙归田园			2		THUOCL
守道不封己			2		THUOCL
安危托妇人			2		THUOCL
安得万里风			2		THUOCL
安得务农息战斗			2		THUOCL
安得辞浮贱			2		THUOCL
定知玉兔十分圆			2		THUOCL
宜将胜勇追穷寇			2		THUOCL
宝剑双蛟龙			2		THUOCL
客子光阴诗卷里			2		THUOCL
家临九江水			2		THUOCL
家住水东西			2		THUOCL
宿新市徐公店			2		THUOCL
寂寞壮心惊			2		THUOCL
寂寞披衣起坐数寒星			2		THUOCL
寄与爱茶人			2		THUOCL
寄与陇头人			2		THUOCL
寄语重门休上钥			2		THUOCL
富贵不相忘			2		THUOCL
寒光照铁衣			2		THUOCL
寒天催日短			2		THUOCL
寒林空见日斜时			2		THUOCL
寒江雪柳日新晴			2		THUOCL
寒灯独可亲			2		THUOCL
寒食野望吟			2		THUOCL
寒鸦栖复惊			2		THUOCL
寡人之民不加多			2		THUOCL
寡欲罕所阙			2		THUOCL
寥落悲前事			2		THUOCL
对此不抛眼泪也无由			2		THUOCL
对此可以酣高楼			2		THUOCL
对此欲倒东南倾			2		THUOCL
寺门高开洞庭野			2		THUOCL
将以遗所思			2		THUOCL
将军楼阁画神仙			2		THUOCL
将军百战身名裂			2		THUOCL
尊前谈笑人依旧			2		THUOCL
小人与君子			2		THUOCL
小人之学也			2		THUOCL
小子别金陵			2		THUOCL
小才难大用			2		THUOCL
小水细通池			2		THUOCL
小溪泛尽却山行			2		THUOCL
小邑犹藏万家室			2		THUOCL
少壮几时兮奈老何			2		THUOCL
少壮能几时			2		THUOCL
少年见青春			2		THUOCL
尘暗旧貂裘			2		THUOCL
尚想旧情怜婢仆			2		THUOCL
尚爱此山看不足			2		THUOCL
尧曰第二十			2		THUOCL
就中更有痴儿女			2		THUOCL
尽日君王看不足			2		THUOCL
尽是他乡之客			2		THUOCL
尽是刘郎去后栽			2		THUOCL
尽是沙中浪底来			2		THUOCL
尽载灯火归村落			2		THUOCL
屯云对古城			2		THUOCL
山为翠浪涌			2		THUOCL
山头南郭寺			2		THUOCL
山山白鹭满			2		THUOCL
山川空地形			2		THUOCL
山桃红花满上头			2		THUOCL
山石荦确行径微			2		THUOCL
山红涧碧纷烂漫			2		THUOCL
山行十日雨沾衣			2		THUOCL
岁十一月徒杠成			2		THUOCL
岁岁春草生			2		THUOCL
岁岁金河复玉关			2		THUOCL
岁暮风动地			2		THUOCL
岂伊年岁别			2		THUOCL
岂无青精饭			2		THUOCL
岂独伤心是小青			2		THUOCL
岩树红离离			2		THUOCL
岩高白云屯			2		THUOCL
岸花飞送客			2		THUOCL
崖倾路何难			2		THUOCL
工拙性不同			2		THUOCL
左丘明耻之			2		THUOCL
巧笑东邻女伴			2		THUOCL
巨屦小屦同贾			2		THUOCL
巫医乐师百工之人			2		THUOCL
巫山一段云			2		THUOCL
巫山巫峡气萧森			2		THUOCL
已作霜风九月寒			2		THUOCL
已放笙歌池院静			2		THUOCL
已觉春心动			2		THUOCL
巴陵无限酒			2		THUOCL
帘外芭蕉三两窠			2		THUOCL
帝遣巫阳招我魂			2		THUOCL
帝都名利场			2		THUOCL
常于几成而败之			2		THUOCL
常存抱柱信			2		THUOCL
常羡人间琢玉郎			2		THUOCL
干戈寥落四周星			2		THUOCL
平仄平平仄			2		THUOCL
平平仄仄仄平平			2		THUOCL
平平仄仄平			2		THUOCL
平明发咸阳			2		THUOCL
平生独往愿			2		THUOCL
平野菜花春			2		THUOCL
年年后浪推前浪			2		THUOCL
年既老而不衰			2		THUOCL
年过六旬时			2		THUOCL
幸逢太平代			2		THUOCL
幻出文君与薛涛			2		THUOCL
幼子饥已卒			2		THUOCL
幼而无父曰孤			2		THUOCL
幽人应未眠			2		THUOCL
幽兰在山谷			2		THUOCL
幽咽泉流水下滩			2		THUOCL
幽花欹满树			2		THUOCL
庄子与惠子游于濠梁之上			2		THUOCL
开轩卧闲敞			2		THUOCL
异事惊倒百岁翁			2		THUOCL
弃甲曳兵而走			2		THUOCL
弊服断线多			2		THUOCL
引壶觞以自酌			2		THUOCL
弟兄姐妹舞翩跹			2		THUOCL
张良西向侍			2		THUOCL
弥勒真弥勒			2		THUOCL
归帆拂天姥			2		THUOCL
归来寻旧蹊			2		THUOCL
归雁洛阳边			2		THUOCL
当其下手风雨快			2		THUOCL
当垆笑春风			2		THUOCL
当时枉杀毛延寿			2		THUOCL
当有来者知			2		THUOCL
彩旗夹岸照蛟室			2		THUOCL
彼美君家菜			2		THUOCL
往事已成空			2		THUOCL
徐福空来不得仙			2		THUOCL
徒以吾两人在也			2		THUOCL
得志与民由之			2		THUOCL
得鱼笑寄情相亲			2		THUOCL
徘徊不忍去			2		THUOCL
微波龙鳞莎草绿			2		THUOCL
德亦乐得之			2		THUOCL
心不同兮媒劳			2		THUOCL
心几烦而不绝兮			2		THUOCL
心心复心心			2		THUOCL
心随雁飞灭			2		THUOCL
必若救疮痍			2		THUOCL
忆与高李辈			2		THUOCL
忆君清泪如铅水			2		THUOCL
忆奉莲花座			2		THUOCL
忆昔开元全盛日			2		THUOCL
忆杭州梅花因叙旧游寄萧协律			2		THUOCL
忆秦娥娄山关			2		THUOCL
忍剪凌云一寸心			2		THUOCL
忠告而善道之			2		THUOCL
忠愤气填膺			2		THUOCL
忧懈怠则思慎始而敬终			2		THUOCL
忳郁邑余侘傺兮			2		THUOCL
念桥边红药			2		THUOCL
忽临睨夫旧乡			2		THUOCL
忽有人家笑语声			2		THUOCL
忽独与余兮目成			2		THUOCL
忽见陌头杨柳色			2		THUOCL
忽闻水上琵琶声			2		THUOCL
怀旧不能发			2		THUOCL
怀瑾握瑜兮			2		THUOCL
态浓意远淑且真			2		THUOCL
怅恍如或存			2		THUOCL
怒发上冲冠			2		THUOCL
怕得鱼惊不应人			2		THUOCL
怜蛾不点灯			2		THUOCL
思绵绵而增慕			2		THUOCL
急应河阳役			2		THUOCL
总不能避免			2		THUOCL
恃其便以敖予			2		THUOCL
恍惊起而长嗟			2		THUOCL
恩不甚兮轻绝			2		THUOCL
恭者不侮人			2		THUOCL
恰似葡萄初酦醅			2		THUOCL
恶之欲其死			2		THUOCL
恶者贵而美者贱			2		THUOCL
恶能治国家			2		THUOCL
恸哭秋原何处村			2		THUOCL
悄悄是别离的笙箫			2		THUOCL
悉不过中年			2		THUOCL
悍吏之来吾乡			2		THUOCL
惆怅年半百			2		THUOCL
惊残好梦无寻处			2		THUOCL
惊起却回头			2		THUOCL
惜哉时不遇			2		THUOCL
惜春长怕花开早			2		THUOCL
惟有门前镜湖水			2		THUOCL
惠而不知为政			2		THUOCL
愁因薄暮起			2		THUOCL
愁颜与衰鬓			2		THUOCL
感吾生之行休			2		THUOCL
感月吟风多少事			2		THUOCL
愿将腰下剑			2		THUOCL
憔悴支离为忆君			2		THUOCL
懦夫有立志			2		THUOCL
戍客望边色			2		THUOCL
我不欲人之加诸我也			2		THUOCL
我云何足怪			2		THUOCL
我从去年辞帝京			2		THUOCL
我从此去钓东海			2		THUOCL
我妓今朝如花月			2		THUOCL
我姑酌彼金罍			2		THUOCL
我待贾者也			2		THUOCL
我未见力不足者			2		THUOCL
我爱夏日长			2		THUOCL
我爱铜官乐			2		THUOCL
我独异于人			2		THUOCL
我甘心做一条水草			2		THUOCL
我由未免为乡人也			2		THUOCL
我腾跃而上			2		THUOCL
我识南屏金鲫鱼			2		THUOCL
我醉君复乐			2		THUOCL
我醉欲眠卿且去			2		THUOCL
或取诸怀抱			2		THUOCL
或因寄所托			2		THUOCL
或异二者之为			2		THUOCL
或疾或暴夭			2		THUOCL
或置酒而招之			2		THUOCL
户庭无尘杂			2		THUOCL
所向无空阔			2		THUOCL
所守或匪亲			2		THUOCL
所恶勿施尔也			2		THUOCL
所谓故国者			2		THUOCL
扁舟共济与君同			2		THUOCL
手把文书口称敕			2		THUOCL
投荒万死鬓毛斑			2		THUOCL
抗言谈在昔			2		THUOCL
抚长剑兮玉珥			2		THUOCL
报孙会宗书			2		THUOCL
披衣闲坐养幽情			2		THUOCL
抱琴看鹤去			2		THUOCL
拄杖东家分社肉			2		THUOCL
拄杖落手心茫然			2		THUOCL
拉杂摧烧之			2		THUOCL
拔剑切而啖之			2		THUOCL
拔剑起蒿莱			2		THUOCL
拟古决绝词			2		THUOCL
拾此充饥肠			2		THUOCL
拾穗许村童			2		THUOCL
持为寒者薪			2		THUOCL
指挥若定失萧曹			2		THUOCL
振长策而御宇内			2		THUOCL
挽戴安澜将军			2		THUOCL
捐躯远从戎			2		THUOCL
排空驭气奔如电			2		THUOCL
探究其本源			2		THUOCL
接孟氏之芳邻			2		THUOCL
携手上河梁			2		THUOCL
摇摇欲唤人			2		THUOCL
摇落深知宋玉悲			2		THUOCL
攀条折其荣			2		THUOCL
支离东北风尘际			2		THUOCL
支离笑此身			2		THUOCL
收天下之兵			2		THUOCL
收汝泪纵横			2		THUOCL
改西乡隆盛诗赠父亲			2		THUOCL
放荡齐赵间			2		THUOCL
故不可得而亲			2		THUOCL
故不登高山			2		THUOCL
故为天下贵			2		THUOCL
故国三千里			2		THUOCL
故失道而后德			2		THUOCL
故木受绳则直			2		THUOCL
故远人不服			2		THUOCL
敝之而无憾			2		THUOCL
散入珠帘湿罗幕			2		THUOCL
散发弄扁舟			2		THUOCL
散步咏凉天			2		THUOCL
敦兮其若朴			2		THUOCL
数峰无语立斜阳			2		THUOCL
数里入云峰			2		THUOCL
料钱随月用			2		THUOCL
斜倚熏笼坐到明			2		THUOCL
斜月沉沉藏海雾			2		THUOCL
斫取青光写楚辞			2		THUOCL
断肢体受辱			2		THUOCL
斯人不可闻			2		THUOCL
斯须炒成满室香			2		THUOCL
新丰美酒斗十千			2		THUOCL
新开一夜风			2		THUOCL
新秋雁带来			2		THUOCL
新雁过妆楼			2		THUOCL
旅泊穷清渭			2		THUOCL
旋扑珠帘过粉墙			2		THUOCL
旌旆尽飞扬			2		THUOCL
旌蔽日兮敌若云			2		THUOCL
族庖月更刀			2		THUOCL
族秦者秦也			2		THUOCL
无一朝之患也			2		THUOCL
无主荷花到处开			2		THUOCL
无以汝色骄人哉			2		THUOCL
无以知人也			2		THUOCL
无以至今日			2		THUOCL
无使尨也吠			2		THUOCL
无使蛟龙得			2		THUOCL
无家问死生			2		THUOCL
无感我帨兮			2		THUOCL
无所苟而已矣			2		THUOCL
无缘对面不相逢			2		THUOCL
无花只有寒			2		THUOCL
无花无酒锄作田			2		THUOCL
既含睇兮又宜笑			2		THUOCL
既莫足与为美政兮			2		THUOCL
日日春光斗日光			2		THUOCL
日暮东风怨啼鸟			2		THUOCL
日暮黄云高			2		THUOCL
日照锦城头			2		THUOCL
日色冷青松			2		THUOCL
日高头未梳			2		THUOCL
旧墓人家归葬多			2		THUOCL
早晚下三巴			2		THUOCL
时序百年心			2		THUOCL
时时只见龙蛇走			2		THUOCL
时时误拂弦			2		THUOCL
明年下春水			2		THUOCL
明敕内外臣			2		THUOCL
明日又逢春			2		THUOCL
明月在前轩			2		THUOCL
明朝游上苑			2		THUOCL
明足以察秋毫之末			2		THUOCL
昏昏灯火话平生			2		THUOCL
易水萧萧西风冷			2		THUOCL
昔年八月十五夜			2		THUOCL
昔日龌龊不足夸			2		THUOCL
昔者禹抑洪水			2		THUOCL
星沉海底当窗见			2		THUOCL
春丛认取双栖蝶			2		THUOCL
春心莫共花争发			2		THUOCL
春日春盘细生菜			2		THUOCL
春日莺啼修竹里			2		THUOCL
春来新叶遍城隅			2		THUOCL
春江花朝秋月夜			2		THUOCL
春深杏花乱			2		THUOCL
春至不知湖水深			2		THUOCL
春草青青万顷田			2		THUOCL
春郭水泠泠			2		THUOCL
春风一曲杜韦娘			2		THUOCL
春风先发苑中梅			2		THUOCL
春风十里柔情			2		THUOCL
春风吹尽不同攀			2		THUOCL
春风疑不到天涯			2		THUOCL
昧昧我思之			2		THUOCL
昨日登高罢			2		THUOCL
昭阳殿里恩爱绝			2		THUOCL
是乱天下也			2		THUOCL
是亦不可以已乎			2		THUOCL
是以圣人终不为大			2		THUOCL
是则可忧也			2		THUOCL
是夕阳中的新娘			2		THUOCL
是故凫胫虽短			2		THUOCL
是非君子之道			2		THUOCL
晋祠流水如碧玉			2		THUOCL
晚家南山陲			2		THUOCL
晨前命对朝霞			2		THUOCL
普天无吏横索钱			2		THUOCL
暮及陇山头			2		THUOCL
暮婚晨告别			2		THUOCL
暮年诗赋动江关			2		THUOCL
暮雨朝云几日归			2		THUOCL
曲江池畔杏园边			2		THUOCL
更吹落星如雨			2		THUOCL
更恐不胜悲			2		THUOCL
更想幽期处			2		THUOCL
更无山与齐			2		THUOCL
更无须欢喜			2		THUOCL
曾不吝情去留			2		THUOCL
曾参岂是杀人者			2		THUOCL
曾见南迁几个回			2		THUOCL
最好你忘掉			2		THUOCL
最惜杜鹃花烂漫			2		THUOCL
月到柳梢头			2		THUOCL
月子弯弯照九州			2		THUOCL
月明人倚楼			2		THUOCL
月照一孤舟			2		THUOCL
月黑雁飞高			2		THUOCL
有一日之长			2		THUOCL
有世臣之谓也			2		THUOCL
有名而无实			2		THUOCL
有底忙时不肯来			2		THUOCL
有恨无人省			2		THUOCL
有攻城野战之大功			2		THUOCL
有求全之毁			2		THUOCL
有美玉于斯			2		THUOCL
有钱可使鬼			2		THUOCL
有颜回者好学			2		THUOCL
服食求神仙			2		THUOCL
朔气传金柝			2		THUOCL
朕幼清以廉洁兮			2		THUOCL
望夫君兮未来			2		THUOCL
望庐思其人			2		THUOCL
望断归来路			2		THUOCL
望断故园心眼			2		THUOCL
望洞庭湖赠张丞相			2		THUOCL
朝光散花楼			2		THUOCL
朝阳岩下湘水深			2		THUOCL
朝阳洞口寒泉清			2		THUOCL
未到清明先禁火			2		THUOCL
未可与适道			2		THUOCL
未妨惆怅是清狂			2		THUOCL
未尝至于偃之室也			2		THUOCL
未敢忘危负岁华			2		THUOCL
未老身溘然			2		THUOCL
未闻好学者也			2		THUOCL
本是洛阳人			2		THUOCL
本自无人识			2		THUOCL
杂树晚相迷			2		THUOCL
权奇蹴踏无尘埃			2		THUOCL
李杜诗篇万口传			2		THUOCL
村南村北响缫车			2		THUOCL
村桥原树似吾乡			2		THUOCL
村边杏花白			2		THUOCL
杖藜叹世者谁子			2		THUOCL
杞国无事忧天倾			2		THUOCL
束带立于朝			2		THUOCL
来去九江侧			2		THUOCL
来如春梦几多时			2		THUOCL
来看龟蒙漏泽春			2		THUOCL
来试人间第二泉			2		THUOCL
杨叶万条烟			2		THUOCL
杨柳轻扬直上重霄九			2		THUOCL
松枝一何劲			2		THUOCL
松柏有本性			2		THUOCL
析析就衰林			2		THUOCL
枕石待云归			2		THUOCL
林断山明竹隐墙			2		THUOCL
林间暖酒烧红叶			2		THUOCL
枝上柳绵吹又少			2		THUOCL
枣熟从人打			2		THUOCL
枣花未落桐叶长			2		THUOCL
桃源望断无寻处			2		THUOCL
桃红复含宿雨			2		THUOCL
桃花尽日随流水			2		THUOCL
桃花浅深处			2		THUOCL
桑柘影斜春社散			2		THUOCL
桥欹绝涧中			2		THUOCL
梅花年后多			2		THUOCL
梅花满枝空断肠			2		THUOCL
梅蕊腊前破			2		THUOCL
梦魂不到关山难			2		THUOCL
梨花满地不开门			2		THUOCL
梨花白雪香			2		THUOCL
检校山园书所见			2		THUOCL
棠梨花映白杨树			2		THUOCL
森罗移地轴			2		THUOCL
棹经垂猿把			2		THUOCL
楚人悲屈原			2		THUOCL
楚王台榭空山丘			2		THUOCL
槐芽细而丰			2		THUOCL
樊哙侧其盾以撞			2		THUOCL
樊哙覆其盾于地			2		THUOCL
樊迟请学稼			2		THUOCL
横流涕兮潺湲			2		THUOCL
樯燕语留人			2		THUOCL
樱桃满市粲朝晖			2		THUOCL
樱花落尽阶前月			2		THUOCL
次韵章质夫杨花词			2		THUOCL
欢乐极兮哀情多			2		THUOCL
欢笑情如旧			2		THUOCL
欲人之无惑也难矣			2		THUOCL
欲以观其妙			2		THUOCL
欲以观其徼			2		THUOCL
欲将心事付瑶琴			2		THUOCL
欲就麻姑买沧海			2		THUOCL
欲得周郎顾			2		THUOCL
欲罢不能忘			2		THUOCL
欲觉闻晨钟			2		THUOCL
歌管楼台声细细			2		THUOCL
正当白下门			2		THUOCL
正故国晚秋			2		THUOCL
正枕当星剑			2		THUOCL
此之谓失其本心			2		THUOCL
此之谓物化			2		THUOCL
此乡多宝玉			2		THUOCL
此先汉所以兴隆也			2		THUOCL
此地动归念			2		THUOCL
此心到处悠然			2		THUOCL
此恨何时已			2		THUOCL
此水几时休			2		THUOCL
此江若变作春酒			2		THUOCL
此身虽在堪惊			2		THUOCL
此马非凡马			2		THUOCL
武侯庙古柏			2		THUOCL
死为同穴尘			2		THUOCL
死也生之始			2		THUOCL
死者为归人			2		THUOCL
死而无悔者			2		THUOCL
死节从来岂顾勋			2		THUOCL
残暑蝉催尽			2		THUOCL
残杯与冷炙			2		THUOCL
残雪暗随冰笋滴			2		THUOCL
殷勤昨夜三更雨			2		THUOCL
殷有三仁焉			2		THUOCL
殿脚插入赤沙湖			2		THUOCL
毋友不如己者			2		THUOCL
民之于仁也			2		THUOCL
民听了民怕			2		THUOCL
民未病涉也			2		THUOCL
气力回天到此休			2		THUOCL
气势两相高			2		THUOCL
气待北风苏			2		THUOCL
氛埃辟而清凉			2		THUOCL
水上轻盈步微月			2		THUOCL
水作玉虹流			2		THUOCL
水深波浪阔			2		THUOCL
水深鱼极乐			2		THUOCL
水色异诸水			2		THUOCL
永怀河洛间			2		THUOCL
永结无情游			2		THUOCL
求之不可得			2		THUOCL
求善贾而沽诸			2		THUOCL
汉家青史上			2		THUOCL
汉恩自浅胡恩深			2		THUOCL
汉皇重色思倾国			2		THUOCL
汝阳三斗始朝天			2		THUOCL
江上小堂巢翡翠			2		THUOCL
江头未是风波恶			2		THUOCL
江头潮已平			2		THUOCL
江山为助笔纵横			2		THUOCL
江山如有待			2		THUOCL
江心似有炬火明			2		THUOCL
江泥轻燕斜			2		THUOCL
江海翻波浪			2		THUOCL
江草江花处处鲜			2		THUOCL
江鱼美可求			2		THUOCL
沃田桑景晚			2		THUOCL
沈园柳老不吹绵			2		THUOCL
沙丘城下寄杜甫			2		THUOCL
沙场点秋兵			2		THUOCL
沛公北向坐			2		THUOCL
沛公居山东时			2		THUOCL
没个人堪寄			2		THUOCL
没在石棱中			2		THUOCL
沧江急夜流			2		THUOCL
沧海横流安足虑			2		THUOCL
治天下可运之掌上			2		THUOCL
法令如牛毛			2		THUOCL
泣血迸空回白头			2		THUOCL
泪沾红抹胸			2		THUOCL
泪痕红浥鲛绡透			2		THUOCL
泪眼问花花不语			2		THUOCL
洛阳城东桃李花			2		THUOCL
洛阳女儿名莫愁			2		THUOCL
洞在清溪何处边			2		THUOCL
洞庭西望楚江分			2		THUOCL
活水还须活火烹			2		THUOCL
流传下来的遗产			2		THUOCL
流水无情草自春			2		THUOCL
流涕向青松			2		THUOCL
流芳未及歇			2		THUOCL
济时敢爱死			2		THUOCL
浓睡觉来莺乱语			2		THUOCL
浣纱明月下			2		THUOCL
浪打天门石壁开			2		THUOCL
浪淘风簸自天涯			2		THUOCL
浪花有意千重雪			2		THUOCL
浮云终日行			2		THUOCL
浮天沧海远			2		THUOCL
浮长川而忘反			2		THUOCL
海山仙人绛罗襦			2		THUOCL
海棠不惜胭脂色			2		THUOCL
海畔云山拥蓟城			2		THUOCL
涂山来去熟			2		THUOCL
涂有饿莩而不知发			2		THUOCL
涧户寂无人			2		THUOCL
涧涧白猿吟			2		THUOCL
深宫二十年			2		THUOCL
深山何处钟			2		THUOCL
深山夕照深秋雨			2		THUOCL
深柳读书堂			2		THUOCL
深藏数十家			2		THUOCL
清寒小雪前			2		THUOCL
清新庾开府			2		THUOCL
清明几处有新烟			2		THUOCL
清月出岭光入扉			2		THUOCL
清歌妙舞落花前			2		THUOCL
清白遗子孙			2		THUOCL
清诗句句尽堪传			2		THUOCL
清辉玉臂寒			2		THUOCL
清静过日而已			2		THUOCL
清风吹枕席			2		THUOCL
渊生珠而崖不枯			2		THUOCL
渌水荡漾清猿啼			2		THUOCL
渐与骨肉远			2		THUOCL
渐霜风凄紧			2		THUOCL
渡荆门送别			2		THUOCL
游媚笔泉记			2		THUOCL
游子久不至			2		THUOCL
游子思故乡			2		THUOCL
游子行天涯			2		THUOCL
游宦京都二十春			2		THUOCL
渺渺兮予怀			2		THUOCL
湓浦沙头水馆前			2		THUOCL
湖上新春柳			2		THUOCL
湘水无情吊岂知			2		THUOCL
湛湛玉泉色			2		THUOCL
溪涧岂能留得住			2		THUOCL
溪深而鱼肥			2		THUOCL
滕王高阁临江渚			2		THUOCL
满园花菊郁金黄			2		THUOCL
满地芦花和我老			2		THUOCL
满眼蓬蒿共一丘			2		THUOCL
漂泊西南天地间			2		THUOCL
漏断人初静			2		THUOCL
漏迟天气凉			2		THUOCL
濯锦清江万里流			2		THUOCL
灯下草虫鸣			2		THUOCL
灯火钱塘三五夜			2		THUOCL
灵均何年歌已矣			2		THUOCL
炎风吹沙埃			2		THUOCL
炙手可热势绝伦			2		THUOCL
烟柳断肠处			2		THUOCL
烟销日出不见人			2		THUOCL
烟霄微月澹长空			2		THUOCL
烧酒初开琥珀香			2		THUOCL
焉得铸甲作农器			2		THUOCL
焉知来者之不如今也			2		THUOCL
焚香引幽步			2		THUOCL
焜黄华叶衰			2		THUOCL
焦遂五斗方卓然			2		THUOCL
然后免于父母之怀			2		THUOCL
照水红蕖细细香			2		THUOCL
熟读而精思			2		THUOCL
爱之欲其生			2		THUOCL
爱子心无尽			2		THUOCL
父子不相见			2		THUOCL
片言可以折狱者			2		THUOCL
牛郎欲问瘟神事			2		THUOCL
物性固莫夺			2		THUOCL
犹不能不以之兴怀			2		THUOCL
犹为离人照落花			2		THUOCL
犹子事父也			2		THUOCL
犹闻辞后主			2		THUOCL
狂风落尽深红色			2		THUOCL
狐裘不暖锦衾薄			2		THUOCL
独倚望江楼			2		THUOCL
独好亦何益			2		THUOCL
独恨无人作郑笺			2		THUOCL
独携天上小团月			2		THUOCL
独有懒慢者			2		THUOCL
独有虞姬与郑君			2		THUOCL
独树老夫家			2		THUOCL
独立而不改			2		THUOCL
独立蒙蒙细雨中			2		THUOCL
独自怎生得黑			2		THUOCL
猛志逸四海			2		THUOCL
猿声天上哀			2		THUOCL
玉山高并两峰寒			2		THUOCL
玉树琼花满目春			2		THUOCL
玉漏莫相催			2		THUOCL
玉盘珍羞直万钱			2		THUOCL
玉真公主别馆苦雨			2		THUOCL
玉腕彩丝双结			2		THUOCL
玉螺一吹椎髻耸			2		THUOCL
玉露凋伤枫树林			2		THUOCL
玉颜不及寒鸦色			2		THUOCL
王屋十月时			2		THUOCL
珠箔飘灯独自归			2		THUOCL
琵琶弦上说相思			2		THUOCL
瑟瑟谷中风			2		THUOCL
瑶井玉绳相对晓			2		THUOCL
璆锵鸣兮琳琅			2		THUOCL
瓮牖绳枢之子			2		THUOCL
甘心赴国忧			2		THUOCL
生为同室亲			2		THUOCL
生也死之徒			2		THUOCL
生入玉门关			2		THUOCL
生者为过客			2		THUOCL
生而知之者上也			2		THUOCL
生计逐日营			2		THUOCL
生长明妃尚有村			2		THUOCL
田园寥落干戈后			2		THUOCL
田家占气候			2		THUOCL
男儿重意气			2		THUOCL
男耕女桑不相失			2		THUOCL
疑怪昨宵春梦好			2		THUOCL
疑是故人来			2		THUOCL
病魂常似秋千索			2		THUOCL
登京口北固亭有怀			2		THUOCL
登昆仑兮食玉英			2		THUOCL
登观音台望城			2		THUOCL
白发东坡又到来			2		THUOCL
白日发光彩			2		THUOCL
白日登山望烽火			2		THUOCL
白波九道流雪山			2		THUOCL
白酒床头初熟			2		THUOCL
白首相知犹按剑			2		THUOCL
白马湖平秋日光			2		THUOCL
百亩庭中半是苔			2		THUOCL
百姓如丧考妣			2		THUOCL
百年世事不胜悲			2		THUOCL
百年忽我遒			2		THUOCL
百有余年矣			2		THUOCL
百枝绛点灯煌煌			2		THUOCL
百步九折萦岩峦			2		THUOCL
百神翳其备降兮			2		THUOCL
百花潭水即沧浪			2		THUOCL
百谷青芃芃			2		THUOCL
皆以枉法论			2		THUOCL
皆所以明人伦也			2		THUOCL
皇都陆海应无数			2		THUOCL
皎皎明秋月			2		THUOCL
皎若云间月			2		THUOCL
皑如山上雪			2		THUOCL
盖余之勤且艰若此			2		THUOCL
盖竹柏影也			2		THUOCL
盘蔬饼饵逐时新			2		THUOCL
盛时不可再			2		THUOCL
盛衰各有时			2		THUOCL
目不视恶色			2		THUOCL
直为斩楼兰			2		THUOCL
直破烟波远远回			2		THUOCL
直至长风沙			2		THUOCL
直道相思了无益			2		THUOCL
相与枕藉乎舟中			2		THUOCL
相对如梦寐			2		THUOCL
相思迢递隔重城			2		THUOCL
相期憩瓯越			2		THUOCL
相看白刃血纷纷			2		THUOCL
相知在急难			2		THUOCL
相过人不知			2		THUOCL
相迎不道远			2		THUOCL
相逐晴空去不归			2		THUOCL
相逢应不识			2		THUOCL
相邀锦绣谷中春			2		THUOCL
眉黛夺将萱草色			2		THUOCL
看朱成碧思纷纷			2		THUOCL
真妃初出华清池			2		THUOCL
真宰上诉天应泣			2		THUOCL
真是英雄一丈夫			2		THUOCL
眼明飞阁俯长桥			2		THUOCL
眼枯即见骨			2		THUOCL
眼看人尽醉			2		THUOCL
眼花落井水底眠			2		THUOCL
眼见的吹翻了这家			2		THUOCL
矗不知其几千万落			2		THUOCL
知君用心如日月			2		THUOCL
知汝远来应有意			2		THUOCL
知章骑马似乘船			2		THUOCL
知音世所稀			2		THUOCL
短者不为不足			2		THUOCL
石上题诗扫绿苔			2		THUOCL
石桥东望海连天			2		THUOCL
石泉碧漾漾			2		THUOCL
石火光中寄此身			2		THUOCL
石门千仞断			2		THUOCL
石黛碧玉相因依			2		THUOCL
社稷依明主			2		THUOCL
神有所不通			2		THUOCL
离离山上苗			2		THUOCL
秀色固异状			2		THUOCL
秀野踏青来不定			2		THUOCL
秋丛绕舍似陶家			2		THUOCL
秋云暗几重			2		THUOCL
秋千院落夜沉沉			2		THUOCL
秋尽江南草木凋			2		THUOCL
秋水为神玉为骨			2		THUOCL
秋草独寻人去后			2		THUOCL
秋雨梧桐叶落时			2		THUOCL
秋风万里动			2		THUOCL
种桃道士归何处			2		THUOCL
科学的本质就是创新			2		THUOCL
秦烹惟羊羹			2		THUOCL
秦王与赵王会饮			2		THUOCL
秦王为赵王击缶			2		THUOCL
积疴谢生虑			2		THUOCL
称名忆旧容			2		THUOCL
移船相近邀相见			2		THUOCL
税外加一物			2		THUOCL
空中闻天鸡			2		THUOCL
空水共悠悠			2		THUOCL
空水共澄鲜			2		THUOCL
立登要路津			2		THUOCL
竞渡相传为汨罗			2		THUOCL
端庄杂流丽			2		THUOCL
竹坞无尘水槛清			2		THUOCL
竹竿何袅袅			2		THUOCL
笑从双脸生			2		THUOCL
笑时犹带岭梅香			2		THUOCL
笑语作春温			2		THUOCL
笔所未到气已吞			2		THUOCL
笛奏龙吟水			2		THUOCL
答姚怤见寄			2		THUOCL
答谢中书书			2		THUOCL
管却自家身与心			2		THUOCL
管领春风总不如			2		THUOCL
箫鼓鸣兮发棹歌			2		THUOCL
篱落疏疏小径深			2		THUOCL
簇带争济楚			2		THUOCL
类之纲纪也			2		THUOCL
类此游客子			2		THUOCL
粗砂大石相磨治			2		THUOCL
精光射天地			2		THUOCL
紫菱如锦彩鸳翔			2		THUOCL
紫衣而朱冠			2		THUOCL
紫陌红尘拂面来			2		THUOCL
累三而不坠			2		THUOCL
累五而不坠			2		THUOCL
红入桃花嫩			2		THUOCL
红叶晚萧萧			2		THUOCL
红叶黄花秋意晚			2		THUOCL
红稻白鱼饱儿女			2		THUOCL
红纱中单白玉肤			2		THUOCL
纣之失天下也			2		THUOCL
纱窗醉梦中			2		THUOCL
纵使长条似旧垂			2		THUOCL
纵死犹闻侠骨香			2		THUOCL
纵被春风吹作雪			2		THUOCL
纷纷暮雪下辕门			2		THUOCL
细雨湿流光			2		THUOCL
终岁常端正			2		THUOCL
终日断腥膻			2		THUOCL
经冬犹绿林			2		THUOCL
经纶世务者			2		THUOCL
结君早归意			2		THUOCL
结妾独守志			2		THUOCL
结尽百年月			2		THUOCL
结果还是错			2		THUOCL
结爱务在深			2		THUOCL
绝代有佳人			2		THUOCL
绝胜南陌碾成尘			2		THUOCL
绠短者不可以汲深			2		THUOCL
继之以日夜			2		THUOCL
绿杨宜作两家春			2		THUOCL
绿槐高柳咽新蝉			2		THUOCL
绿竹入幽径			2		THUOCL
缺月挂疏桐			2		THUOCL
罗衫叶叶绣重重			2		THUOCL
罗袖动香香不已			2		THUOCL
罗袜凌波呈水嬉			2		THUOCL
罢官亦由人			2		THUOCL
羁旅长堪醉			2		THUOCL
羁离暂愉悦			2		THUOCL
美人一笑褰珠箔			2		THUOCL
美人帐下犹歌舞			2		THUOCL
美人首饰侯王印			2		THUOCL
美酒斗十千			2		THUOCL
羞杀蕊珠宫女			2		THUOCL
群凶嗜欲肥			2		THUOCL
群山万壑赴荆门			2		THUOCL
羸老反惆怅			2		THUOCL
翠影红霞映朝日			2		THUOCL
翠翘金雀玉搔头			2		THUOCL
翦彩为人起晋风			2		THUOCL
翱翔蓬蒿之间			2		THUOCL
翻动扶摇羊角			2		THUOCL
老去溪头作钓翁			2		THUOCL
老夫静处闲看			2		THUOCL
老妪力虽衰			2		THUOCL
老尹知之久			2		THUOCL
老翁七十尚童心			2		THUOCL
老而无夫曰寡			2		THUOCL
老而无妻曰鳏			2		THUOCL
老而无子曰独			2		THUOCL
而乐亦无穷也			2		THUOCL
而人居其一焉			2		THUOCL
而今物是人非			2		THUOCL
而位居我上			2		THUOCL
而其见愈奇			2		THUOCL
而天下大治			2		THUOCL
而或长烟一空			2		THUOCL
而民不被其泽			2		THUOCL
而迁徙之徒也			2		THUOCL
耕夫召募逐楼船			2		THUOCL
耕耘处中田			2		THUOCL
耸干会参天			2		THUOCL
耿耿星河欲曙天			2		THUOCL
联翩万马来无数			2		THUOCL
肌理细腻骨肉匀			2		THUOCL
肌肤若冰雪			2		THUOCL
肠断江城雁			2		THUOCL
胜败兵家事不期			2		THUOCL
胡为乎中露			2		THUOCL
胡取禾三百廛兮			2		THUOCL
胡姬貌如花			2		THUOCL
胡琴琵琶与羌笛			2		THUOCL
胡蝶之梦为周与			2		THUOCL
胡麻饼样学京都			2		THUOCL
胸中日月常新美			2		THUOCL
能使枉者直			2		THUOCL
能校灵均死几多			2		THUOCL
自伐者无功			2		THUOCL
自作清歌传皓齿			2		THUOCL
自是白衣卿相			2		THUOCL
自是者不彰			2		THUOCL
自有云霄万里高			2		THUOCL
自有同志者在			2		THUOCL
自此草书长进			2		THUOCL
自矜者不长			2		THUOCL
自种黄桑三百尺			2		THUOCL
自经放逐来憔悴			2		THUOCL
自见者不明			2		THUOCL
自见而已矣			2		THUOCL
自贵而相贱			2		THUOCL
至于斟酌损益			2		THUOCL
至今九年而不复			2		THUOCL
至今人道江家宅			2		THUOCL
舒而脱脱兮			2		THUOCL
舜亦以命禹			2		THUOCL
船回雾起堤			2		THUOCL
良人罢远征			2		THUOCL
良庖岁更刀			2		THUOCL
艰难困苦平常事			2		THUOCL
艰难愧深情			2		THUOCL
色静深松里			2		THUOCL
节文斯二者是也			2		THUOCL
芙蓉塘外有轻雷			2		THUOCL
花中此物似西施			2		THUOCL
花动一山春色			2		THUOCL
花开花落几番晴			2		THUOCL
花满自然秋			2		THUOCL
花落水流红			2		THUOCL
花近高楼伤客心			2		THUOCL
芳洲拾翠暮忘归			2		THUOCL
若到江南赶上春			2		THUOCL
若负平生志			2		THUOCL
苦恨年年压金线			2		THUOCL
茶烟轻扬落花风			2		THUOCL
草尚之风必偃			2		THUOCL
草芽菜甲一时生			2		THUOCL
荡涤谁氏子			2		THUOCL
荣枯咫尺异			2		THUOCL
药方只贩古时丹			2		THUOCL
荷动知鱼散			2		THUOCL
荷花半成子			2		THUOCL
莫之能御也			2		THUOCL
莫厌伤多酒入唇			2		THUOCL
莫叹韶华容易逝			2		THUOCL
莫教踏碎琼瑶			2		THUOCL
莫羡三春桃与李			2		THUOCL
莫自使眼枯			2		THUOCL
莫道不消魂			2		THUOCL
莫道谗言如浪深			2		THUOCL
莫遣旁人惊去			2		THUOCL
莲子已成荷叶老			2		THUOCL
菊蕊独盈枝			2		THUOCL
菡萏发荷花			2		THUOCL
萁在釜下燃			2		THUOCL
萧疏鬓已斑			2		THUOCL
萧萧木叶石城秋			2		THUOCL
萱草生堂阶			2		THUOCL
萱草解忘忧			2		THUOCL
落叶聚还散			2		THUOCL
落日欲没岘山西			2		THUOCL
落景闻寒杵			2		THUOCL
落花逐流水			2		THUOCL
葵藿倾太阳			2		THUOCL
蒲苇纫如丝			2		THUOCL
蓬莱定不远			2		THUOCL
蓬莱宫中日月长			2		THUOCL
薄暮空潭曲			2		THUOCL
薰风初入弦			2		THUOCL
虚室有余闲			2		THUOCL
虞舜不逢尧			2		THUOCL
虫声新透绿窗纱			2		THUOCL
虽世殊事异			2		THUOCL
虽天地之大			2		THUOCL
虽州里行乎哉			2		THUOCL
虽疏食菜羹			2		THUOCL
蚕眠桑叶稀			2		THUOCL
蜀僧抱绿绮			2		THUOCL
蝼蚁往还空垄亩			2		THUOCL
螮蝀饮河形影联			2		THUOCL
血作陈陶泽中水			2		THUOCL
行义以达其道			2		THUOCL
行乐须及春			2		THUOCL
行云去后遥山暝			2		THUOCL
行者休于树			2		THUOCL
行舟绿水前			2		THUOCL
衔得锦标第一归			2		THUOCL
衡阳归雁几封书			2		THUOCL
衢州人食人			2		THUOCL
衣袖露两肘			2		THUOCL
衣裳已施行看尽			2		THUOCL
衰兰送客咸阳道			2		THUOCL
被服纨与素			2		THUOCL
袭芳践兰室			2		THUOCL
裸体青林中			2		THUOCL
襄阳小儿齐拍手			2		THUOCL
西园翰墨林			2		THUOCL
西风梨枣山园			2		THUOCL
要向潇湘直进			2		THUOCL
要将宇宙看稊米			2		THUOCL
要看细雨熟黄梅			2		THUOCL
见者惊犹鬼神			2		THUOCL
观千剑而识器			2		THUOCL
解把飞花蒙日月			2		THUOCL
解缆及流潮			2		THUOCL
解鞍欹枕绿杨桥			2		THUOCL
誓扫匈奴不顾身			2		THUOCL
謇吾法夫前修兮			2		THUOCL
记得偏重三五			2		THUOCL
论交入酒垆			2		THUOCL
论画以形似			2		THUOCL
词中有誓两心知			2		THUOCL
试灯无意思			2		THUOCL
诗到随州更老成			2		THUOCL
诗画本一律			2		THUOCL
诡怪以疑民			2		THUOCL
语罢暮天钟			2		THUOCL
请从吏夜归			2		THUOCL
请看石上藤萝月			2		THUOCL
诸侯尽西来			2		THUOCL
读罢泪沾襟			2		THUOCL
谁令骑马客京华			2		THUOCL
谁家今夜扁舟子			2		THUOCL
谁悲失路之人			2		THUOCL
谁欲讨莼羹			2		THUOCL
谁知林栖者			2		THUOCL
谗言三及慈母惊			2		THUOCL
谢家轻絮沈郎钱			2		THUOCL
谪居卧病浔阳城			2		THUOCL
谷与鱼鳖不可胜食			2		THUOCL
豪华落尽见真淳			2		THUOCL
负暄闭目坐			2		THUOCL
贤者识其大者			2		THUOCL
贪看白鹭横秋浦			2		THUOCL
贫中无处可安贫			2		THUOCL
贫贱之知不可忘			2		THUOCL
贼夫人之子			2		THUOCL
资此永幽栖			2		THUOCL
赠卫尉张卿二首			2		THUOCL
赢粮而景从			2		THUOCL
赣江风雪迷漫处			2		THUOCL
赤也为之小			2		THUOCL
赤壁楼船扫地空			2		THUOCL
赧郎明月夜			2		THUOCL
走马川行奉送封大夫出师西征			2		THUOCL
越嶂远分丁字水			2		THUOCL
跃上葱笼四百旋			2		THUOCL
路人借问遥招手			2		THUOCL
路转溪桥忽见			2		THUOCL
路逢斗鸡者			2		THUOCL
踏雪没心情			2		THUOCL
踏青二三月			2		THUOCL
身与货孰多			2		THUOCL
身在度鸟上			2		THUOCL
车马纷纷白昼同			2		THUOCL
转徙于江湖间			2		THUOCL
转蓬离本根			2		THUOCL
轮台东门送君去			2		THUOCL
轮台九月风夜吼			2		THUOCL
软泥上的青荇			2		THUOCL
轻于柳絮重于霜			2		THUOCL
轻肌弱骨散幽葩			2		THUOCL
轻裾随风还			2		THUOCL
载云旗之委蛇			2		THUOCL
达人无不可			2		THUOCL
近来时世轻先辈			2		THUOCL
近试上张水部			2		THUOCL
返景入深林			2		THUOCL
还寻北郭生			2		THUOCL
还应说着远行人			2		THUOCL
这才是伟大的爱情			2		THUOCL
进退迹遂殊			2		THUOCL
远似去年今日			2		THUOCL
远行不劳吉日出			2		THUOCL
迟迟钟鼓初长夜			2		THUOCL
迢迢建业水			2		THUOCL
迷不知吾所如			2		THUOCL
迸水落遥空			2		THUOCL
退衙归逼夜			2		THUOCL
送储邕之武昌			2		THUOCL
送李愿归盘谷序			2		THUOCL
适与飘风会			2		THUOCL
逆旅人有妾二人			2		THUOCL
逆旅小子对曰			2		THUOCL
遂许先帝以驱驰			2		THUOCL
遇物难可歇			2		THUOCL
道因风雅存			2		THUOCL
道常无为而无不为			2		THUOCL
道德五千言			2		THUOCL
道束悬崖半			2		THUOCL
道路迢迢一月程			2		THUOCL
遗我双鲤鱼			2		THUOCL
遗民泪尽胡尘里			2		THUOCL
遥指红楼是妾家			2		THUOCL
遥望齐州九点烟			2		THUOCL
遥知百国微茫外			2		THUOCL
遭此两重阳			2		THUOCL
邂逅五湖乘兴往			2		THUOCL
邅吾道兮洞庭			2		THUOCL
那河畔的金柳			2		THUOCL
邯郸驿里逢冬至			2		THUOCL
邻里相送至方山			2		THUOCL
郁郁涧底松			2		THUOCL
郁郁葱葱佳气浮			2		THUOCL
酒不到刘伶坟上土			2		THUOCL
酒债寻常行处有			2		THUOCL
酒入琼姬半醉			2		THUOCL
酒旗相望大堤头			2		THUOCL
酒瓮开新槽			2		THUOCL
酬张司马赠墨			2		THUOCL
醉不成欢惨将别			2		THUOCL
醉后各分散			2		THUOCL
醉杀洞庭秋			2		THUOCL
采掇付中厨			2		THUOCL
采桑径里逢迎			2		THUOCL
重楼翠阜出霜晓			2		THUOCL
野外庭前一种春			2		THUOCL
野旷沙岸净			2		THUOCL
野芳虽晚不须嗟			2		THUOCL
野语有之曰			2		THUOCL
金声而玉德			2		THUOCL
金英翠萼带春寒			2		THUOCL
金陵凤凰台			2		THUOCL
金陵酒肆留别			2		THUOCL
钓罢归来不系船			2		THUOCL
钿头银篦击节碎			2		THUOCL
铁骑突出刀枪鸣			2		THUOCL
铜鼓一击文身踊			2		THUOCL
铭勋悉太公			2		THUOCL
银汉迢迢暗度			2		THUOCL
银瓶乍破水浆迸			2		THUOCL
铺田绿茸茸			2		THUOCL
锋棱瘦骨成			2		THUOCL
锦城虽云乐			2		THUOCL
镜中衰鬓已先斑			2		THUOCL
镜湖三百里			2		THUOCL
长亭酒一瓢			2		THUOCL
长使英雄泪沾襟			2		THUOCL
长吟望浊泾			2		THUOCL
长安城中百万家			2		THUOCL
长安大道连狭斜			2		THUOCL
长安陌上无穷树			2		THUOCL
长年悲倦游			2		THUOCL
长歌怀采薇			2		THUOCL
长绳百尺拽碑倒			2		THUOCL
长羡蜗牛犹有舍			2		THUOCL
长者不为有余			2		THUOCL
长铗归来乎			2		THUOCL
长鸣力已殚			2		THUOCL
门前万竿竹			2		THUOCL
门前秋水可扬舲			2		THUOCL
门虽设而常关			2		THUOCL
问翁大庾岭头住			2		THUOCL
闲坐悲君亦自悲			2		THUOCL
闲居非吾志			2		THUOCL
闲来无事不从容			2		THUOCL
闲知日月长			2		THUOCL
闻君有他心			2		THUOCL
闻道偏为五禽戏			2		THUOCL
闻道汉家天子使			2		THUOCL
闻风坐相悦			2		THUOCL
阳子问其故			2		THUOCL
阳春二三月			2		THUOCL
阳景逐回流			2		THUOCL
阳骄叶更阴			2		THUOCL
阴霞生远岫			2		THUOCL
陌上赠美人			2		THUOCL
陟升皇之赫戏兮			2		THUOCL
陶然共忘机			2		THUOCL
隆冬到来时			2		THUOCL
隐居以求其志			2		THUOCL
隔叶黄鹂空好音			2		THUOCL
隔墙送过秋千影			2		THUOCL
难罔以非其道			2		THUOCL
集重阳入帝宫兮			2		THUOCL
雉雊麦苗秀			2		THUOCL
雨中山果落			2		THUOCL
雨打梨花深闭门			2		THUOCL
雨洗娟娟净			2		THUOCL
雨脚如麻未断绝			2		THUOCL
雨足郊原草木柔			2		THUOCL
雪入春分省见稀			2		THUOCL
雪堆遍满四山中			2		THUOCL
雪肤花貌参差是			2		THUOCL
雪花照芙蓉			2		THUOCL
雪里行军情更迫			2		THUOCL
雪飞炎海变清凉			2		THUOCL
零陵城郭夹湘岸			2		THUOCL
雷腾不可冲			2		THUOCL
雷霆走精锐			2		THUOCL
霜降山水清			2		THUOCL
露重飞难进			2		THUOCL
霸必有大国			2		THUOCL
霹雳一声暴动			2		THUOCL
青云衣兮白霓裳			2		THUOCL
青山如浪入漳州			2		THUOCL
青山欲共高人语			2		THUOCL
青山行不尽			2		THUOCL
青泥何盘盘			2		THUOCL
静听松风寒			2		THUOCL
静者心多妙			2		THUOCL
非世俗之所服			2		THUOCL
非义袭而取之也			2		THUOCL
非君子之器			2		THUOCL
非国之害也			2		THUOCL
非国之灾也			2		THUOCL
非恶其声而然也			2		THUOCL
非练实不食			2		THUOCL
非谓其见彼也			2		THUOCL
非谓有乔木之谓也			2		THUOCL
面脆油香新出炉			2		THUOCL
音尘慰寂蔑			2		THUOCL
项伯东向坐			2		THUOCL
须臾发成丝			2		THUOCL
预将书报家			2		THUOCL
题金城临河驿楼			2		THUOCL
风严清江爽			2		THUOCL
风之积也不厚			2		THUOCL
风光烟火清明日			2		THUOCL
风吹仙袂飘飘举			2		THUOCL
风吹细细香			2		THUOCL
风声一何盛			2		THUOCL
风多响易沉			2		THUOCL
风日似长沙			2		THUOCL
风流儒雅亦吾师			2		THUOCL
风浪与云平			2		THUOCL
风烟滚滚来天半			2		THUOCL
风飘万点正愁人			2		THUOCL
风骨自是倾城姝			2		THUOCL
飞出深深杨柳渚			2		THUOCL
飞来峰上千寻塔			2		THUOCL
飞流溅沫知多少			2		THUOCL
飞焰照山栖鸟惊			2		THUOCL
飞蝗来时半天黑			2		THUOCL
饥者易为食			2		THUOCL
首夏犹清和			2		THUOCL
首身离兮心不惩			2		THUOCL
香雾云鬟湿			2		THUOCL
香风留美人			2		THUOCL
马之千里者			2		THUOCL
马嵬坡下泥土中			2		THUOCL
马毛带雪汗气蒸			2		THUOCL
马鸣风萧萧			2		THUOCL
驱车上东门			2		THUOCL
驱车登古原			2		THUOCL
驾八龙之婉婉兮			2		THUOCL
驾飞龙兮北征			2		THUOCL
驿骑如星流			2		THUOCL
骁腾有如此			2		THUOCL
骏马骄行踏落花			2		THUOCL
骚人可煞无情思			2		THUOCL
骞翮思远翥			2		THUOCL
骥不称其力			2		THUOCL
骨肉流离道路中			2		THUOCL
高城秋自落			2		THUOCL
高怀见物理			2		THUOCL
高情已逐晓云空			2		THUOCL
高意犹未已			2		THUOCL
高楼当此夜			2		THUOCL
鬓发各已苍			2		THUOCL
鬼雨洒空草			2		THUOCL
鱼鳞屋兮龙堂			2		THUOCL
鲲鹏击浪从兹始			2		THUOCL
鸟去鸟来山色里			2		THUOCL
鸡犬图书共一船			2		THUOCL
鸡鸣无安居			2		THUOCL
鸢飞戾天者			2		THUOCL
麻鞋见天子			2		THUOCL
黄云万里动风色			2		THUOCL
黄州快哉亭记			2		THUOCL
黄昏饮马傍交河			2		THUOCL
黄柑紫蟹见江海			2		THUOCL
黄色花中有几般			2		THUOCL
黄金蕊绽红玉房			2		THUOCL
黎民不饥不寒			2		THUOCL
黑潭水深黑如墨			2		THUOCL
黑白分明子数停			2		THUOCL
默思失业徒			2		THUOCL
鼓声渐急标将近			2		THUOCL
齐有倜傥生			2		THUOCL
齐纨鲁缟车班班			2		THUOCL
龙团小碾斗晴窗			2		THUOCL
一一如青虫			1		THUOCL
一举累十觞			1		THUOCL
一二老寡妻			1		THUOCL
一人口插几张匙			1		THUOCL
一代繁华地			1		THUOCL
一入凄凉耳			1		THUOCL
一别旧游尽			1		THUOCL
一别武功去			1		THUOCL
一千五百年间事			1		THUOCL
一卧沧江惊岁晚			1		THUOCL
一卷冰雪文			1		THUOCL
一去可怜终不返			1		THUOCL
一去无踪迹			1		THUOCL
一受其成形			1		THUOCL
一叫一回肠一断			1		THUOCL
一叶轻舟寄渺茫			1		THUOCL
一叶随风忽报秋			1		THUOCL
一场寂寞凭谁诉			1		THUOCL
一声何满子			1		THUOCL
一声吹断横笛			1		THUOCL
一夕轻雷落万丝			1		THUOCL
一夜乡心五处同			1		THUOCL
一夜到江涨			1		THUOCL
一夜征人尽望乡			1		THUOCL
一夜梦中香			1		THUOCL
一家二十口			1		THUOCL
一射两虎穿			1		THUOCL
一州笑我为狂客			1		THUOCL
一年强半在城中			1		THUOCL
一年明月今宵多			1		THUOCL
一年颜状镜中来			1		THUOCL
一弹指顷去来今			1		THUOCL
一心愁谢如枯兰			1		THUOCL
一悟得所遣			1		THUOCL
一愿郎君千岁			1		THUOCL
一拔何亏大圣毛			1		THUOCL
一方黑照三方紫			1		THUOCL
一日踏春一百回			1		THUOCL
一日长一日			1		THUOCL
一旦归为臣虏			1		THUOCL
一时归去作闲人			1		THUOCL
一春梦雨常飘瓦			1		THUOCL
一朝入吾手			1		THUOCL
一朝卧病无相识			1		THUOCL
一朝去京国			1		THUOCL
一朝得成功			1		THUOCL
一朝被谗言			1		THUOCL
一朝辞此地			1		THUOCL
一朵佳人玉钗上			1		THUOCL
一条藤径绿			1		THUOCL
一杯相属君当歌			1		THUOCL
一杯罗浮春			1		THUOCL
一杯苦劝护寒归			1		THUOCL
一枕小窗浓睡			1		THUOCL
一枕黄粱再现			1		THUOCL
一枕黑甜余			1		THUOCL
一枚不换百金颁			1		THUOCL
一树梅花一放翁			1		THUOCL
一树梨花落晚风			1		THUOCL
一树碧无情			1		THUOCL
一样悲欢逐逝波			1		THUOCL
一正君而国定矣			1		THUOCL
一炷烟中得意			1		THUOCL
一炷烟消火冷			1		THUOCL
一点沧洲白鹭飞			1		THUOCL
一点芳心在娇眼			1		THUOCL
一片春岚映半环			1		THUOCL
一片神鸦社鼓			1		THUOCL
一片西飞一片东			1		THUOCL
一瓯资舌本			1		THUOCL
一生大笑能几回			1		THUOCL
一生抱恨堪咨嗟			1		THUOCL
一男附书至			1		THUOCL
一番洗清秋			1		THUOCL
一番过雨来幽径			1		THUOCL
一盏秋灯夜读书			1		THUOCL
一盘笼饼是豌巢			1		THUOCL
一种清孤不等闲			1		THUOCL
一种爱鱼心各异			1		THUOCL
一笑失百忧			1		THUOCL
一笑相倾国便亡			1		THUOCL
一笑谁似痴虎头			1		THUOCL
一笛闻吹出塞愁			1		THUOCL
一腔热血勤珍重			1		THUOCL
一舸逐鸱夷			1		THUOCL
一行复一行			1		THUOCL
一言而可以兴邦			1		THUOCL
一语天然万古新			1		THUOCL
一谈一笑俗相看			1		THUOCL
一路凉风十八里			1		THUOCL
一身无所求			1		THUOCL
一钵千家饭			1		THUOCL
一闲对百忙			1		THUOCL
一阵黄昏雨			1		THUOCL
一霎清明雨			1		THUOCL
一飞由来无定所			1		THUOCL
一饱尚如此			1		THUOCL
一鸟不鸣山更幽			1		THUOCL
丁兰少失母			1		THUOCL
丁壮在南冈			1		THUOCL
丁香空结雨中愁			1		THUOCL
七夕谁见同			1		THUOCL
七年元日对酒五首			1		THUOCL
七日而浑沌死			1		THUOCL
七月中气后			1		THUOCL
七百里驱十五日			1		THUOCL
七龄思即壮			1		THUOCL
万事称好司马公			1		THUOCL
万事随转烛			1		THUOCL
万事风雨散			1		THUOCL
万人空巷斗新妆			1		THUOCL
万古到今同此恨			1		THUOCL
万古文章有坦途			1		THUOCL
万古永相望			1		THUOCL
万古遗水滨			1		THUOCL
万古青蒙蒙			1		THUOCL
万国尽征戍			1		THUOCL
万壑有声含晚籁			1		THUOCL
万姓以死亡			1		THUOCL
万户侯何足道哉			1		THUOCL
万斛之舟行若风			1		THUOCL
万木皆怒号			1		THUOCL
万株松树青山上			1		THUOCL
万点蜀山尖			1		THUOCL
万点雪峰晴			1		THUOCL
万物一马也			1		THUOCL
万物不得不昌			1		THUOCL
万物之本也			1		THUOCL
万物之镜也			1		THUOCL
万物兴歇皆自然			1		THUOCL
万物并作吾观复			1		THUOCL
万物皆一也			1		THUOCL
万物皆出于机			1		THUOCL
万言万当不如一默			1		THUOCL
万谷酣笙钟			1		THUOCL
万象为宾客			1		THUOCL
万转千回思想过			1		THUOCL
万里不惜死			1		THUOCL
万里夕阳垂地			1		THUOCL
万里家在岷峨			1		THUOCL
万里寒光生积雪			1		THUOCL
万里归心对月明			1		THUOCL
万里归来年愈少			1		THUOCL
万里方看汗流血			1		THUOCL
万里横烟浪			1		THUOCL
万里汉家使			1		THUOCL
万里清光不可思			1		THUOCL
万里犹比邻			1		THUOCL
万里经年别			1		THUOCL
万里谁能驯			1		THUOCL
万里长江一酒杯			1		THUOCL
万里长江水			1		THUOCL
万里长江边			1		THUOCL
万里风樯看贾船			1		THUOCL
万里黄河绕黑山			1		THUOCL
万钟于我何加焉			1		THUOCL
万面鼓声中			1		THUOCL
万颗匀圆讶许同			1		THUOCL
丈夫志四海			1		THUOCL
丈夫未可轻年少			1		THUOCL
三五夜中新月色			1		THUOCL
三代之得天下也以仁			1		THUOCL
三伏似清秋			1		THUOCL
三分割据纡筹策			1		THUOCL
三十二莲峰			1		THUOCL
三十六宫土花碧			1		THUOCL
三十六策中			1		THUOCL
三十年来梦一场			1		THUOCL
三十日不还			1		THUOCL
三声欲断疑肠断			1		THUOCL
三嫌老丑换蛾眉			1		THUOCL
三峰意出群			1		THUOCL
三年之丧毕			1		THUOCL
三年奔走空皮骨			1		THUOCL
三年流落巴山道			1		THUOCL
三年谪宦此栖迟			1		THUOCL
三愿如同梁上燕			1		THUOCL
三日开瓮香满城			1		THUOCL
三日饮不散			1		THUOCL
三春三月忆三巴			1		THUOCL
三春已暮花从风			1		THUOCL
三春湿黄精			1		THUOCL
三春行乐在谁边			1		THUOCL
三春车马客			1		THUOCL
三月下瞿塘			1		THUOCL
三月尽是头白日			1		THUOCL
三月草萋萋			1		THUOCL
三杯弄宝刀			1		THUOCL
三湘衰鬓逢秋色			1		THUOCL
三男邺城戍			1		THUOCL
三百六十日			1		THUOCL
三节还乡兮挂锦衣			1		THUOCL
三边曙色动危旌			1		THUOCL
上下两天竺			1		THUOCL
上与浮云齐			1		THUOCL
上佐近来多五考			1		THUOCL
上帝钧天会众灵			1		THUOCL
上方重阁晚			1		THUOCL
上有万仞山			1		THUOCL
上有弦歌声			1		THUOCL
上阳白发人			1		THUOCL
下下复高高			1		THUOCL
下台相顾一相思			1		THUOCL
下床畏蛇食畏药			1		THUOCL
下无法守也			1		THUOCL
下有千丈水			1		THUOCL
下有渌水之波澜			1		THUOCL
下此便翛然			1		THUOCL
下笑世上士			1		THUOCL
下终南山过斛斯山人宿置酒			1		THUOCL
下言久离别			1		THUOCL
下邽田地平如掌			1		THUOCL
下马饮君酒			1		THUOCL
下驿穷交日			1		THUOCL
不与我食兮			1		THUOCL
不为刘家贤圣物			1		THUOCL
不为困穷宁有此			1		THUOCL
不为穷约趋俗			1		THUOCL
不为者与不能者之形何以异			1		THUOCL
不为长叹息			1		THUOCL
不乃为大盗积者也			1		THUOCL
不仁者远矣			1		THUOCL
不仁而在高位			1		THUOCL
不以知穷天下			1		THUOCL
不以知穷德			1		THUOCL
不以舜之所以事尧事君			1		THUOCL
不以辩饰知			1		THUOCL
不会得青青如此			1		THUOCL
不似少年时节			1		THUOCL
不似此池边			1		THUOCL
不信君看弈棋者			1		THUOCL
不几乎一言而丧邦乎			1		THUOCL
不出三十年			1		THUOCL
不出门来又数旬			1		THUOCL
不及卢家有莫愁			1		THUOCL
不及在家贫			1		THUOCL
不及林间自在啼			1		THUOCL
不可以言传也			1		THUOCL
不可以语上也			1		THUOCL
不可知者也			1		THUOCL
不吾知其亦已兮			1		THUOCL
不哭亦足矣			1		THUOCL
不嗜杀人者能一之			1		THUOCL
不图为乐之至于斯也			1		THUOCL
不堪幽梦太匆匆			1		THUOCL
不堪逢苦热			1		THUOCL
不多饮酒懒吟诗			1		THUOCL
不夜月临关			1		THUOCL
不好犯上而好作乱者			1		THUOCL
不如一盘粟			1		THUOCL
不如不相见			1		THUOCL
不如不遇倾城色			1		THUOCL
不如向帘儿底下			1		THUOCL
不如因善遇之			1		THUOCL
不如在爱人肩头痛哭一晚			1		THUOCL
不如应是欠西施			1		THUOCL
不如当身自簪缨			1		THUOCL
不如扫地法			1		THUOCL
不如闻早还却愿			1		THUOCL
不学头陀法			1		THUOCL
不寐百忧生			1		THUOCL
不对芳春酒			1		THUOCL
不将颜色托春风			1		THUOCL
不应墩姓尚随公			1		THUOCL
不归杨则归墨			1		THUOCL
不当时命而大穷乎天下			1		THUOCL
不待致书求			1		THUOCL
不得其职则去			1		THUOCL
不得志独行其道			1		THUOCL
不得通其道			1		THUOCL
不得顾采薇			1		THUOCL
不必若余之手录			1		THUOCL
不忍便永诀			1		THUOCL
不忧社稷倾			1		THUOCL
不念居安思危			1		THUOCL
不念携手好			1		THUOCL
不思得岸各休去			1		THUOCL
不恨古人吾不见			1		THUOCL
不悲口无食			1		THUOCL
不悲身无衣			1		THUOCL
不惯起来听			1		THUOCL
不愁明月尽			1		THUOCL
不戒视成谓之暴			1		THUOCL
不把双眉斗画长			1		THUOCL
不抚壮而弃秽兮			1		THUOCL
不敢低头看			1		THUOCL
不敢怀非誉巧拙			1		THUOCL
不敢恨长沙			1		THUOCL
不敢攀贵德			1		THUOCL
不敬其君者也			1		THUOCL
不是人间偏我老			1		THUOCL
不是人间富贵花			1		THUOCL
不是爱风尘			1		THUOCL
不是闻思所及			1		THUOCL
不曾富贵不曾穷			1		THUOCL
不有雨兼风			1		THUOCL
不期精粗焉			1		THUOCL
不期而会重欢宴			1		THUOCL
不欲与廉颇争列			1		THUOCL
不独明朝为子推			1		THUOCL
不用钻龟与祝蓍			1		THUOCL
不眠忧战伐			1		THUOCL
不知云与我俱东			1		THUOCL
不知云雨散			1		THUOCL
不知何处是西天			1		THUOCL
不知何处葬			1		THUOCL
不知何处醉			1		THUOCL
不知何时已而不虚			1		THUOCL
不知何用归			1		THUOCL
不知修何行			1		THUOCL
不知其不胜任也			1		THUOCL
不知其人可乎			1		THUOCL
不知其梦也			1		THUOCL
不知口体之奉不若人也			1		THUOCL
不知墙外是谁家			1		THUOCL
不知将军宽之至此也			1		THUOCL
不知忆我因何事			1		THUOCL
不知肉食者			1		THUOCL
不知阴阳炭			1		THUOCL
不知龙神享几多			1		THUOCL
不离一室中			1		THUOCL
不离墙下至行时			1		THUOCL
不管清寒与攀摘			1		THUOCL
不罚而民畏			1		THUOCL
不耕自有余			1		THUOCL
不能五十里			1		THUOCL
不能以礼让为国			1		THUOCL
不能发声哭			1		THUOCL
不能听终泪如雨			1		THUOCL
不能喻之于怀			1		THUOCL
不能忘情吟			1		THUOCL
不能成一事			1		THUOCL
不脱蓑衣卧月明			1		THUOCL
不自得而得彼者			1		THUOCL
不若桂与兰			1		THUOCL
不若相忘于江湖			1		THUOCL
不蕲畜乎樊中			1		THUOCL
不薄今人爱古人			1		THUOCL
不见一人来			1		THUOCL
不见卷帘人			1		THUOCL
不见吾狂耳			1		THUOCL
不见旻公三十年			1		THUOCL
不见高人王右丞			1		THUOCL
不觉动颜色			1		THUOCL
不觉年齿暮			1		THUOCL
不觉春已深			1		THUOCL
不觉泪下沾衣裳			1		THUOCL
不觉潸然泪眼低			1		THUOCL
不觉碧山暮			1		THUOCL
不记来时路			1		THUOCL
不诚其身矣			1		THUOCL
不赏而民劝			1		THUOCL
不足以为广			1		THUOCL
不足以为辩			1		THUOCL
不足以自全			1		THUOCL
不过三十日			1		THUOCL
不过二十里耳			1		THUOCL
不近人情焉			1		THUOCL
不道九关齐闭			1		THUOCL
不道含香贱			1		THUOCL
不遣柳条青			1		THUOCL
不采羞自献			1		THUOCL
不闻郎马嘶			1		THUOCL
不随桃李一时开			1		THUOCL
不须惆怅怨芳时			1		THUOCL
与万化冥合			1		THUOCL
与其媚于奥			1		THUOCL
与君世世为兄弟			1		THUOCL
与君为新婚			1		THUOCL
与君离别意			1		THUOCL
与君细细输			1		THUOCL
与君营奠复营斋			1		THUOCL
与夏十二登岳阳楼			1		THUOCL
与天地兮同寿			1		THUOCL
与天地兮比寿			1		THUOCL
与子成二老			1		THUOCL
与子路之妻			1		THUOCL
与尔同死生			1		THUOCL
与春老别更依依			1		THUOCL
与民同乐也			1		THUOCL
与物相刃相靡			1		THUOCL
与百姓同之			1		THUOCL
与蝼蚁何以异			1		THUOCL
与衣狐貉者立			1		THUOCL
与道相辅而行			1		THUOCL
与高适薛据登慈恩寺浮图			1		THUOCL
且予求无所可用久矣			1		THUOCL
且共云泉结缘境			1		THUOCL
且共欢此饮			1		THUOCL
且古之君子			1		THUOCL
且喜平安又相见			1		THUOCL
且夫我尝闻少仲尼之闻而轻伯夷之义者			1		THUOCL
且将团扇共徘徊			1		THUOCL
且尽手中杯			1		THUOCL
且庸人尚羞之			1		THUOCL
且有大觉而后知此其大梦也			1		THUOCL
且求容立锥头地			1		THUOCL
且王者之不作			1		THUOCL
且看乘空行万里			1		THUOCL
且秦强而赵弱			1		THUOCL
世上空惊故人少			1		THUOCL
世上英雄本无主			1		THUOCL
世之议者皆曰			1		THUOCL
世事短如春梦			1		THUOCL
世事纷纭何足理			1		THUOCL
世人共卤莽			1		THUOCL
世人甚爱牡丹			1		THUOCL
世人皆欲杀			1		THUOCL
世人解听不解赏			1		THUOCL
世俗乍见应怃然			1		THUOCL
世俗安得知			1		THUOCL
世外无物谁为雄			1		THUOCL
世幽昧以眩曜兮			1		THUOCL
世披靡矣扶之直			1		THUOCL
世溷浊而不分兮			1		THUOCL
世溷浊而嫉贤兮			1		THUOCL
世缘终浅道根深			1		THUOCL
世路风波子细谙			1		THUOCL
世间已千年			1		THUOCL
世间花叶不相伦			1		THUOCL
丘也请从而后也			1		THUOCL
东关酸风射眸子			1		THUOCL
东去三千三百里			1		THUOCL
东坡何事不违时			1		THUOCL
东坡春向暮			1		THUOCL
东家老女嫁不售			1		THUOCL
东家蝴蝶西家飞			1		THUOCL
东方须臾高知之			1		THUOCL
东有不臣之吴			1		THUOCL
东望黄鹤山			1		THUOCL
东来坐阅七寒暑			1		THUOCL
东来橐驼满旧都			1		THUOCL
东海有岛夷			1		THUOCL
东瀛禹域谊相传			1		THUOCL
东皋薄暮望			1		THUOCL
东西四五百回圆			1		THUOCL
东连牂牁西连蕃			1		THUOCL
东里子产润色之			1		THUOCL
东门白下亭			1		THUOCL
东阁官梅动诗兴			1		THUOCL
东风二月天			1		THUOCL
东风吹我过湖船			1		THUOCL
东风吹梦到长安			1		THUOCL
东风摇百草			1		THUOCL
东风日暖闻吹笙			1		THUOCL
东风暗换年华			1		THUOCL
东风泼火雨新休			1		THUOCL
东风袅袅泛崇光			1		THUOCL
东飞伯劳西飞燕			1		THUOCL
丝桐合为琴			1		THUOCL
丝管举离声			1		THUOCL
两乡千里梦相思			1		THUOCL
两人不敢上			1		THUOCL
两公壮藻思			1		THUOCL
两凫相倚睡秋江			1		THUOCL
两别泣不休			1		THUOCL
两处春光同日尽			1		THUOCL
两家求合葬			1		THUOCL
两岸拍手笑			1		THUOCL
两岸桃花夹去津			1		THUOCL
两岸罗衣破晕香			1		THUOCL
两岸青山相送迎			1		THUOCL
两廊振法鼓			1		THUOCL
两心之外无人知			1		THUOCL
两朝出将复入相			1		THUOCL
两涧春淙一灵鹫			1		THUOCL
两美其必合兮			1		THUOCL
两重心字罗衣			1		THUOCL
严陵台下桐江水			1		THUOCL
严霜五月凋桂枝			1		THUOCL
个个公卿欲梦刀			1		THUOCL
中原一败势难回			1		THUOCL
中天悬明月			1		THUOCL
中宵尚孤征			1		THUOCL
中岁贡旧乡			1		THUOCL
中峰倚红日			1		THUOCL
中心无蠹虫			1		THUOCL
中有一人字太真			1		THUOCL
中有万斛香			1		THUOCL
中有双飞鸟			1		THUOCL
中有孤鸳鸯			1		THUOCL
中有老法师			1		THUOCL
中朝大官老于事			1		THUOCL
中秋不见月			1		THUOCL
中秋谁与共孤光			1		THUOCL
中自诛褒妲			1		THUOCL
中适一念无			1		THUOCL
丰湖有藤菜			1		THUOCL
临不测之渊			1		THUOCL
临别殷勤重寄词			1		THUOCL
临水愧游鱼			1		THUOCL
临江照影自恼公			1		THUOCL
临江王节士歌			1		THUOCL
临流别友生			1		THUOCL
临眺独踌躇			1		THUOCL
临财不苟取			1		THUOCL
丹崖夹石柱			1		THUOCL
丹枫似火照秋山			1		THUOCL
丹青画出是君山			1		THUOCL
为之犹贤乎已			1		THUOCL
为乐当及时			1		THUOCL
为伴宿清溪			1		THUOCL
为击破沛公军			1		THUOCL
为力不同科			1		THUOCL
为同松柏类			1		THUOCL
为君持一斗			1		THUOCL
为君挑鸾作腰绶			1		THUOCL
为君既不易			1		THUOCL
为君翻作琵琶行			1		THUOCL
为客裁缝君自见			1		THUOCL
为恶无近刑			1		THUOCL
为我买田临汶水			1		THUOCL
为我开天关			1		THUOCL
为我起蛰鞭鱼龙			1		THUOCL
为木当作松			1		THUOCL
为湿最高花			1		THUOCL
为爱夕阳红			1		THUOCL
为臣良独难			1		THUOCL
为草当作兰			1		THUOCL
为营步步嗟何及			1		THUOCL
主人不相识			1		THUOCL
主人何为言少钱			1		THUOCL
主人劝我洗足眠			1		THUOCL
主人引客登大堤			1		THUOCL
主人忘归客不发			1		THUOCL
主客多欢娱			1		THUOCL
主称会面难			1		THUOCL
丽桂树之冬荣			1		THUOCL
举世争称邺瓦坚			1		THUOCL
举假以供养			1		THUOCL
举动自专由			1		THUOCL
举头红日近			1		THUOCL
举所佩玉玦以示之者三			1		THUOCL
举欣欣然有喜色而相告曰			1		THUOCL
举目山河异			1		THUOCL
举觞白眼望青天			1		THUOCL
举言谓新妇			1		THUOCL
举长矢兮射天狼			1		THUOCL
举鞭访前途			1		THUOCL
举鲁国而儒服			1		THUOCL
乃令张良留谢			1		THUOCL
乃在大诲隅			1		THUOCL
乃心在咸阳			1		THUOCL
乃知震之所在			1		THUOCL
乃翁依旧管些儿			1		THUOCL
久致罗襦裳			1		THUOCL
久闻岷石鸭头绿			1		THUOCL
久雨初晴天气新			1		THUOCL
义往难复留			1		THUOCL
义泪沾衣巾			1		THUOCL
之子归穷泉			1		THUOCL
乌飞惊五两			1		THUOCL
乌鹊桥红带夕阳			1		THUOCL
乍富不知新受用			1		THUOCL
乍暖还轻冷			1		THUOCL
乍绛蕊海榴			1		THUOCL
乍贫难改旧家风			1		THUOCL
乐与数晨夕			1		THUOCL
乐亦在其中			1		THUOCL
乐其可知也			1		THUOCL
乐道人之善			1		THUOCL
乐饮过三爵			1		THUOCL
乐鸳鸯之同			1		THUOCL
乔木上参天			1		THUOCL
乔木峥嵘明月中			1		THUOCL
乘兴轻舟无近远			1		THUOCL
乘月至一溪桥上			1		THUOCL
乘流玩回转			1		THUOCL
乘舆恐未回			1		THUOCL
乘船往石头			1		THUOCL
乘赤豹兮从文狸			1		THUOCL
乙巳岁三月为建威参军使都经钱溪			1		THUOCL
九嶷缤兮并迎			1		THUOCL
九州始蚕麻			1		THUOCL
九折臂而成医兮			1		THUOCL
九日登望仙台呈刘明府			1		THUOCL
九月今年未授衣			1		THUOCL
九月十日即事			1		THUOCL
九月寒砧催木叶			1		THUOCL
九死一生如昨			1		THUOCL
九衢尘里偷闲			1		THUOCL
九重泉底龙知无			1		THUOCL
九龄书大字			1		THUOCL
也从江槛落风湍			1		THUOCL
也信美人终作土			1		THUOCL
也知塞垣苦			1		THUOCL
也知法供无穷尽			1		THUOCL
也被越来越多的西方学者所推崇			1		THUOCL
乡为身死而不受			1		THUOCL
乡党称悌焉			1		THUOCL
乡路隔风烟			1		THUOCL
乡远去不得			1		THUOCL
书任村马铺			1		THUOCL
书何氏宅壁			1		THUOCL
书博山道中壁			1		THUOCL
书卷展时逢古人			1		THUOCL
书此语桥柱上			1		THUOCL
书签映隙曛			1		THUOCL
买山终待老山间			1		THUOCL
买得一枝春欲放			1		THUOCL
乱世诛求急			1		THUOCL
乱峰围绕水平铺			1		THUOCL
乱条犹未变初黄			1		THUOCL
乱石峥嵘俗无井			1		THUOCL
乱石通人过			1		THUOCL
乳燕飞华屋			1		THUOCL
乳盖交缦缨			1		THUOCL
乾坤日夜浮			1		THUOCL
予一以贯之			1		THUOCL
予又何规老聃哉			1		THUOCL
予口张而不能			1		THUOCL
予客居阖户			1		THUOCL
予岂好辩哉			1		THUOCL
予恶乎知夫死者不悔其始之蕲生乎			1		THUOCL
予恶乎知恶死之非弱丧而不知归者邪			1		THUOCL
予恶乎知说生之非惑邪			1		THUOCL
予无乐乎为君			1		THUOCL
争信安仁拜路尘			1		THUOCL
争及此花檐户下			1		THUOCL
争奈乍圆还缺			1		THUOCL
争奈结根深石底			1		THUOCL
争教两处销魂			1		THUOCL
争新买宠各出意			1		THUOCL
争逞舞裀歌扇			1		THUOCL
事不成则礼乐不兴			1		THUOCL
事会之适也			1		THUOCL
事在易而求诸难			1		THUOCL
事夫誓拟同生死			1		THUOCL
事姑贻我忧			1		THUOCL
事昧竟谁辨			1		THUOCL
二十年前曾去路			1		THUOCL
二十年来谙世路			1		THUOCL
二十有八载			1		THUOCL
二叔反流言			1		THUOCL
二情同依依			1		THUOCL
二愿妾身常健			1		THUOCL
二月垂杨未挂丝			1		THUOCL
二月山城未见花			1		THUOCL
二月湖水清			1		THUOCL
二男新战死			1		THUOCL
二类相召也			1		THUOCL
于予与何诛			1		THUOCL
于予与改是			1		THUOCL
于今为庶为青门			1		THUOCL
于吾言无所不说			1		THUOCL
于是宾客无不变色离席			1		THUOCL
于是张良至军门见樊哙			1		THUOCL
于是焉河伯始旋其面目			1		THUOCL
于是焉河伯欣然自喜			1		THUOCL
于是项伯复夜去			1		THUOCL
于树似冬青			1		THUOCL
于此学飞术			1		THUOCL
于物无视也			1		THUOCL
于身色有用			1		THUOCL
云中辨江树			1		THUOCL
云亦随君渡湘水			1		THUOCL
云安酤水奴仆悲			1		THUOCL
云山互明灭			1		THUOCL
云帆今始还			1		THUOCL
云开衡岳积阴止			1		THUOCL
云弄竹溪月			1		THUOCL
云归而岩穴暝			1		THUOCL
云来气接巫峡长			1		THUOCL
云横九派浮黄鹤			1		THUOCL
云游雨散从此辞			1		THUOCL
云生朱络暗			1		THUOCL
云绕画屏移			1		THUOCL
云起太华山			1		THUOCL
云边雁断胡天月			1		THUOCL
云间烟火是人家			1		THUOCL
云雨巫山枉断肠			1		THUOCL
云雨朝还暮			1		THUOCL
云雾密难开			1		THUOCL
云霓明灭或可睹			1		THUOCL
云髻罢梳还对镜			1		THUOCL
云龙山下试春衣			1		THUOCL
五千貂锦丧胡尘			1		THUOCL
五夜飕飗枕前觉			1		THUOCL
五岭麦秋残			1		THUOCL
五帝三皇神圣事			1		THUOCL
五日思归沐			1		THUOCL
五日画一石			1		THUOCL
五更疏欲断			1		THUOCL
五株桃树亦从遮			1		THUOCL
五溪无人采			1		THUOCL
五溪衣服共云山			1		THUOCL
五福降中天			1		THUOCL
五花散作云满身			1		THUOCL
五里一堠兵火催			1		THUOCL
五陵北原上			1		THUOCL
井税有常期			1		THUOCL
亚父受玉斗			1		THUOCL
交结五都雄			1		THUOCL
亦不能至也			1		THUOCL
亦以平血气			1		THUOCL
亦去其害马者而已矣			1		THUOCL
亦可以弗畔矣夫			1		THUOCL
亦各言其子也			1		THUOCL
亦奚以异乎牧马者哉			1		THUOCL
亦将何规哉			1		THUOCL
亦将有以利吾国乎			1		THUOCL
亦知官舍非吾宅			1		THUOCL
亦能画马穷殊相			1		THUOCL
亦足慰平生			1		THUOCL
京华庸蜀三千里			1		THUOCL
亭下水连空			1		THUOCL
亲之欲其贵也			1		THUOCL
亲朋无一字			1		THUOCL
亲见安期公			1		THUOCL
人不以善言为贤			1		THUOCL
人不忘其所忘而忘其所不忘			1		THUOCL
人不间于其父母昆弟之言			1		THUOCL
人且偃然寝于巨室			1		THUOCL
人为丝轻那忍折			1		THUOCL
人之所美也			1		THUOCL
人之生也直			1		THUOCL
人人自谓握灵蛇之珠			1		THUOCL
人前深意难轻诉			1		THUOCL
人各有一癖			1		THUOCL
人在舟中便是仙			1		THUOCL
人在行云里			1		THUOCL
人在青山远近居			1		THUOCL
人妖颠倒是非淆			1		THUOCL
人家帘幕垂			1		THUOCL
人少庭宇旷			1		THUOCL
人怜花似旧			1		THUOCL
人愁春光短			1		THUOCL
人日题诗寄草堂			1		THUOCL
人歌人哭水声中			1		THUOCL
人生会合古难必			1		THUOCL
人生似幻化			1		THUOCL
人生在世间			1		THUOCL
人生处一世			1		THUOCL
人生如此自可乐			1		THUOCL
人生岂得长无谓			1		THUOCL
人生忽如寄			1		THUOCL
人生感意气			1		THUOCL
人生无根蒂			1		THUOCL
人生无离别			1		THUOCL
人生有情泪沾臆			1		THUOCL
人生由命非由他			1		THUOCL
人生留滞生理难			1		THUOCL
人生能几何			1		THUOCL
人生莫放酒杯干			1		THUOCL
人生达命岂暇愁			1		THUOCL
人相忘乎道术			1		THUOCL
人稀鸟兽骇			1		THUOCL
人稠过杨府			1		THUOCL
人籁则比竹是已			1		THUOCL
人老簪花不自羞			1		THUOCL
人能虚己以游世			1		THUOCL
人自伤心水自流			1		THUOCL
人言头上发			1		THUOCL
人贫伤可怜			1		THUOCL
人道寄奴曾住			1		THUOCL
人道是清光更多			1		THUOCL
人间亦有痴于我			1		THUOCL
人间亦自有丹丘			1		THUOCL
人间别久不成悲			1		THUOCL
人间只有此花新			1		THUOCL
人间天上代代相传			1		THUOCL
人间总比天堂好			1		THUOCL
人间所得容力取			1		THUOCL
人间望玉钩			1		THUOCL
人间桑海朝朝变			1		THUOCL
人间能有几多人			1		THUOCL
人间行路难			1		THUOCL
人间诚未多			1		THUOCL
人间鱼蟹不论钱			1		THUOCL
人静乌鸢自乐			1		THUOCL
人静鼠窥灯			1		THUOCL
人非木石皆有情			1		THUOCL
仁孝行于家			1		THUOCL
仁者老吾老以及人之老			1		THUOCL
仄平平仄平			1		THUOCL
今两虎共斗			1		THUOCL
今为妻妾之奉为之			1		THUOCL
今为宫室之美为之			1		THUOCL
今为荡子妇			1		THUOCL
今之愚也诈而已矣			1		THUOCL
今之成人者何必然			1		THUOCL
今之狂也荡			1		THUOCL
今之矜也忿戾			1		THUOCL
今之隐机者			1		THUOCL
今也或是之亡也			1		THUOCL
今人有大功而击之			1		THUOCL
今人还对落花风			1		THUOCL
今又变而之死			1		THUOCL
今君与廉颇同列			1		THUOCL
今君乃亡赵走燕			1		THUOCL
今听玄蝉我却回			1		THUOCL
今吾嗣为之十二年			1		THUOCL
今吾朝受命而夕饮冰			1		THUOCL
今夕不知何夕			1		THUOCL
今夕亦何夕			1		THUOCL
今夜偏知春气暖			1		THUOCL
今夜江头明月多			1		THUOCL
今夜鄜州月			1		THUOCL
今夫天下之人牧			1		THUOCL
今子赏罚而民且不仁			1		THUOCL
今宵剩把银釭照			1		THUOCL
今岁仍逢大有年			1		THUOCL
今年寒食好风流			1		THUOCL
今年斗品充官茶			1		THUOCL
今年燕子来			1		THUOCL
今年相见明年期			1		THUOCL
今年花落颜色改			1		THUOCL
今我睹子之难穷也			1		THUOCL
今日云輧渡鹊桥			1		THUOCL
今日俸钱过十万			1		THUOCL
今日南湖采薇蕨			1		THUOCL
今日得宽馀			1		THUOCL
今日时清两京道			1		THUOCL
今日暮途穷			1		THUOCL
今日相逢无酒钱			1		THUOCL
今日花开又一年			1		THUOCL
今日鬓丝禅榻畔			1		THUOCL
今春来是别花来			1		THUOCL
今朝一岁大家添			1		THUOCL
今朝不醉明朝悔			1		THUOCL
今朝复明日			1		THUOCL
今朝忽见数花开			1		THUOCL
今朝放荡思无涯			1		THUOCL
今朝杨柳半垂堤			1		THUOCL
今来一登望			1		THUOCL
今沛公先破秦入咸阳			1		THUOCL
今直为此萧艾也			1		THUOCL
今纵君家而不奉公则法削			1		THUOCL
今者吾丧我			1		THUOCL
今者有小人之言			1		THUOCL
今逢四海为家日			1		THUOCL
介山当驿秀			1		THUOCL
从之者如归市			1		THUOCL
从余问古事			1		THUOCL
从军行二首			1		THUOCL
从尔何所之			1		THUOCL
从我者其由与			1		THUOCL
从斤竹涧越岭溪行			1		THUOCL
从来寥落意			1		THUOCL
从来幽并客			1		THUOCL
从来系日乏长绳			1		THUOCL
从此梦归无别路			1		THUOCL
从此道至吾军			1		THUOCL
从水之道而不为私焉			1		THUOCL
从西北来时			1		THUOCL
仓黄不负君王意			1		THUOCL
他年夜雨独伤神			1		THUOCL
他年锦里经祠庙			1		THUOCL
他日如何举			1		THUOCL
他日汝当用之			1		THUOCL
他日相逢下车揖			1		THUOCL
他日相逢为君下			1		THUOCL
他日若能窥孟子			1		THUOCL
他时须虑石能言			1		THUOCL
他生当作此山僧			1		THUOCL
他生缘会更难期			1		THUOCL
付与时人冷眼看			1		THUOCL
付君万指伐顽石			1		THUOCL
仙人垂两足			1		THUOCL
仙人琪树白无色			1		THUOCL
仙人骑白鹿			1		THUOCL
仙侣同舟晚更移			1		THUOCL
仙界一日内			1		THUOCL
仙衣尽带风			1		THUOCL
仙道多驾烟			1		THUOCL
代北初辞没马尘			1		THUOCL
代迎春花招刘郎中			1		THUOCL
令人长忆谢玄晖			1		THUOCL
令人饮不足			1		THUOCL
令公桃李满天下			1		THUOCL
令渠述作与同游			1		THUOCL
以不教民战			1		THUOCL
以中有足乐者			1		THUOCL
以为莫己若者			1		THUOCL
以作时世贤			1		THUOCL
以先国家之急而后私仇也			1		THUOCL
以八千岁为春			1		THUOCL
以其子妻之			1		THUOCL
以友天下之善士为未足			1		THUOCL
以天下之美为尽在己			1		THUOCL
以待大王来			1		THUOCL
以待天下之清也			1		THUOCL
以御于家邦			1		THUOCL
以德行仁者王			1		THUOCL
以暴虐为天下始			1		THUOCL
以杖叩其胫			1		THUOCL
以火来照所见稀			1		THUOCL
以瓦注者巧			1		THUOCL
以精铜铸成			1		THUOCL
以至于无为			1		THUOCL
以道德为主			1		THUOCL
以道治心气			1		THUOCL
以长得其用			1		THUOCL
以黄金注者			1		THUOCL
仰不足以事父母			1		THUOCL
仰手接飞猱			1		THUOCL
仰攀日月行			1		THUOCL
仰看白云天茫茫			1		THUOCL
仰观天子宫阙之壮			1		THUOCL
仲尼不为已甚者			1		THUOCL
仲尼将奈何			1		THUOCL
仲尼蹴然曰			1		THUOCL
任人采弄尽人看			1		THUOCL
任宝奁尘满			1		THUOCL
任是无情也动人			1		THUOCL
任村炊米朝食鱼			1		THUOCL
企石挹飞泉			1		THUOCL
伊昔红颜美少年			1		THUOCL
伊水黄金线一条			1		THUOCL
伏枥衔冤摧两眉			1		THUOCL
休看白发生			1		THUOCL
众人皆有以			1		THUOCL
众山遥对酒			1		THUOCL
众峰来自天目山			1		THUOCL
众星何历历			1		THUOCL
众皆竞进以贪婪兮			1		THUOCL
众老忧添岁			1		THUOCL
众莫知兮余所为			1		THUOCL
众踥蹀而日进兮			1		THUOCL
众鸟欣有托			1		THUOCL
会到摧车折楫时			1		THUOCL
会有幽人客寓公			1		THUOCL
会面安可知			1		THUOCL
会须一洗黄茅瘴			1		THUOCL
传与琵琶心自知			1		THUOCL
传观慎勿许			1		THUOCL
传觞三鼓罢			1		THUOCL
传道东柯谷			1		THUOCL
传闻至此回			1		THUOCL
伫倚危楼风细细			1		THUOCL
伯仲之间见伊吕			1		THUOCL
伶伦吹裂孤生竹			1		THUOCL
伺者因此觉知			1		THUOCL
似万物之宗			1		THUOCL
似不能言者			1		THUOCL
似可敌莼羹			1		THUOCL
似火不烧人			1		THUOCL
似烧非因火			1		THUOCL
似被前缘误			1		THUOCL
但令归有日			1		THUOCL
但使残年饱吃饭			1		THUOCL
但得官清吏不横			1		THUOCL
但得酒中趣			1		THUOCL
但恐失桃花			1		THUOCL
但恐放箸空			1		THUOCL
但恨无过王右军			1		THUOCL
但惜夏日长			1		THUOCL
但愿天下人			1		THUOCL
但我不能放歌			1		THUOCL
但教心似金钿坚			1		THUOCL
但有泉声洗我心			1		THUOCL
但看古来歌舞地			1		THUOCL
但知临水登山啸咏			1		THUOCL
但见书画传			1		THUOCL
但觉衣裳湿			1		THUOCL
但逢新人民			1		THUOCL
但道吾庐心便足			1		THUOCL
但道桑麻长			1		THUOCL
低举拂罗衣			1		THUOCL
低回愧人子			1		THUOCL
住近湓江地低湿			1		THUOCL
何不号于国中曰			1		THUOCL
何不改乎此度			1		THUOCL
何不餔其糟而歠其酾			1		THUOCL
何为而不得			1		THUOCL
何乃贪荣者			1		THUOCL
何乡为乐土			1		THUOCL
何事入罗帏			1		THUOCL
何事历衡霍			1		THUOCL
何事吟余忽惆怅			1		THUOCL
何事空摧残			1		THUOCL
何事辛苦怨斜晖			1		THUOCL
何人半夜推山去			1		THUOCL
何以拜姑嫜			1		THUOCL
何以有羽翼			1		THUOCL
何以能田猎也			1		THUOCL
何以谓之人			1		THUOCL
何以销烦暑			1		THUOCL
何况到如今			1		THUOCL
何况南楼与北斋			1		THUOCL
何况落红无数			1		THUOCL
何处不清凉			1		THUOCL
何处人间似仙境			1		THUOCL
何处唤春愁			1		THUOCL
何处寄相思			1		THUOCL
何处寻行迹			1		THUOCL
何处无竹柏			1		THUOCL
何处是吾乡			1		THUOCL
何处登高望梓州			1		THUOCL
何处营巢夏将半			1		THUOCL
何处青山是越中			1		THUOCL
何处黄云是陇间			1		THUOCL
何当击凡鸟			1		THUOCL
何当宅下流			1		THUOCL
何当载酒来			1		THUOCL
何当造幽人			1		THUOCL
何必仰云梯			1		THUOCL
何必去父母之邦			1		THUOCL
何必怀此都			1		THUOCL
何必求神仙			1		THUOCL
何必膏粱珍			1		THUOCL
何必金与钱			1		THUOCL
何必锦绣文			1		THUOCL
何必长从七贵游			1		THUOCL
何必降魔调伏身			1		THUOCL
何忍独为醒			1		THUOCL
何所独无芳草兮			1		THUOCL
何故水边双白鹭			1		THUOCL
何日功成名遂了			1		THUOCL
何日复归来			1		THUOCL
何日平胡虏			1		THUOCL
何日请缨提锐旅			1		THUOCL
何时倚虚幌			1		THUOCL
何时复见还			1		THUOCL
何时悔复及			1		THUOCL
何时石门路			1		THUOCL
何时见阳春			1		THUOCL
何时返故乡			1		THUOCL
何时长向别时圆			1		THUOCL
何昔日之芳草兮			1		THUOCL
何殊当路权相持			1		THUOCL
何烦笙与竽			1		THUOCL
何用别寻方外去			1		THUOCL
何用堂前更种花			1		THUOCL
何用百顷糜千金			1		THUOCL
何用问遗君			1		THUOCL
何用骑鹏翼			1		THUOCL
何者为彭殇			1		THUOCL
何能待来兹			1		THUOCL
何苦将两耳			1		THUOCL
何谓宠辱若惊			1		THUOCL
何逊而今渐老			1		THUOCL
余亦能高咏			1		THUOCL
余处幽篁兮终不见天			1		THUOCL
余情悦其淑美兮			1		THUOCL
余衰喜入春			1		THUOCL
作万般幽怨			1		THUOCL
佣作致甘肥			1		THUOCL
佩玉鸣鸾罢歌舞			1		THUOCL
佯羞不出来			1		THUOCL
佳趣尚未歇			1		THUOCL
使乐乘代廉颇			1		THUOCL
使亲忘我难			1		THUOCL
使君半夜分酥酒			1		THUOCL
使君居上头			1		THUOCL
使君自有妇			1		THUOCL
使契为司徒			1		THUOCL
使子婴为相			1		THUOCL
使子贡往侍事焉			1		THUOCL
使子路问津焉			1		THUOCL
使我伤怀奏短歌			1		THUOCL
使民心不乱			1		THUOCL
使知索之而不得			1		THUOCL
使离朱索之而不得			1		THUOCL
使秦穆公忘其贱			1		THUOCL
使臣将王命			1		THUOCL
使行人到此			1		THUOCL
使负栋之柱			1		THUOCL
依依在耦耕			1		THUOCL
依倚将军势			1		THUOCL
依稀犹记妙高台			1		THUOCL
依约是湘灵			1		THUOCL
侣鱼虾而友麋鹿			1		THUOCL
侧出岸沙枫半死			1		THUOCL
侧身上下随游鱼			1		THUOCL
侬作博山炉			1		THUOCL
侮夺人之君			1		THUOCL
侯王若能守之			1		THUOCL
便作旦夕间			1		THUOCL
便做春江都是泪			1		THUOCL
便即下阶拜			1		THUOCL
便可白公姥			1		THUOCL
便觉此身如在蜀			1		THUOCL
促织鸣东壁			1		THUOCL
俄顷风定云墨色			1		THUOCL
俗物都茫茫			1		THUOCL
保安人物一时新			1		THUOCL
信有人间行路难			1		THUOCL
信着全无是处			1		THUOCL
信者效其忠			1		THUOCL
信马悠悠野兴长			1		THUOCL
修之于天下			1		THUOCL
修守战之具			1		THUOCL
俯仰两青空			1		THUOCL
俯仰人间今古			1		THUOCL
俯仰随人亦可怜			1		THUOCL
俯视洛阳川			1		THUOCL
俯足以畜妻子			1		THUOCL
俱兼山水乡			1		THUOCL
俱怀鸿鹄志			1		THUOCL
倒床不复闻钟鼓			1		THUOCL
倒被紫绮裘			1		THUOCL
倒身甘寝百疾愈			1		THUOCL
倚得东风势便狂			1		THUOCL
倚杖候荆扉			1		THUOCL
倚杖听江声			1		THUOCL
借我一庵聊洗心			1		THUOCL
借水开花自一奇			1		THUOCL
借问吹箫向紫烟			1		THUOCL
借问新安吏			1		THUOCL
借问新安江			1		THUOCL
借问汉宫谁得似			1		THUOCL
倦客愁闻归路遥			1		THUOCL
倾城看斩蛟			1		THUOCL
倾耳无希声			1		THUOCL
偃蹇月中桂			1		THUOCL
假令风歇时下来			1		THUOCL
假诸人而后见也			1		THUOCL
假面胡人假狮子			1		THUOCL
偏伤周顗情			1		THUOCL
偏惊物候新			1		THUOCL
健儿快马紫游缰			1		THUOCL
偭规矩而改错			1		THUOCL
偷声木兰花			1		THUOCL
傍花随柳过前川			1		THUOCL
傲吏身闲笑五侯			1		THUOCL
傲然携妓出风尘			1		THUOCL
僧言古壁佛画好			1		THUOCL
儒生有长策			1		THUOCL
儿啼不窥家			1		THUOCL
儿女嬉笑牵人衣			1		THUOCL
儿女罗酒浆			1		THUOCL
儿童偷把长竿			1		THUOCL
儿童尽东征			1		THUOCL
儿童强不睡			1		THUOCL
儿童相唤踏春阳			1		THUOCL
儿童系马黄河曲			1		THUOCL
兀尔水边坐			1		THUOCL
兄嫂当知之			1		THUOCL
先师有遗训			1		THUOCL
先帝称之曰能			1		THUOCL
先报春来早			1		THUOCL
先据要路津			1		THUOCL
先王之蘧庐也			1		THUOCL
先生不知何许人也			1		THUOCL
先生苜蓿盘			1		THUOCL
先破秦入咸阳者王之			1		THUOCL
先贤盛说桃花源			1		THUOCL
先进于礼乐			1		THUOCL
光彩照耀惊童儿			1		THUOCL
光明所照耀			1		THUOCL
光景驰西流			1		THUOCL
光禄池台开锦绣			1		THUOCL
免似漂流木偶人			1		THUOCL
免使牵人虚魂乱			1		THUOCL
兔从狗窦入			1		THUOCL
兔隐豆苗肥			1		THUOCL
入云深处亦沾衣			1		THUOCL
入室想所历			1		THUOCL
入峡次巴东			1		THUOCL
入掌银台护紫微			1		THUOCL
入河蟾不没			1		THUOCL
入溆浦余儃徊兮			1		THUOCL
入门四松在			1		THUOCL
全仗你抬身价			1		THUOCL
全胜羽客醉流霞			1		THUOCL
八蚕茧绵小分炷			1		THUOCL
公主琵琶幽怨多			1		THUOCL
公之视廉将军孰与秦王			1		THUOCL
公乎公乎挂罥于其间			1		THUOCL
公伯寮其如命何			1		THUOCL
公去我来墩属我			1		THUOCL
公固以为不然			1		THUOCL
公孙仓皇奉豆粥			1		THUOCL
公家有程期			1		THUOCL
公岂敢入乎			1		THUOCL
公无渡河苦渡之			1		THUOCL
公果溺死流海湄			1		THUOCL
公生扬马后			1		THUOCL
公绰之不欲			1		THUOCL
六月十七日昼寝			1		THUOCL
六月连山柘枝红			1		THUOCL
六桥横绝天汉上			1		THUOCL
六诏星居初琐碎			1		THUOCL
兰叶春葳蕤			1		THUOCL
兰筋权奇走灭没			1		THUOCL
共占少微星			1		THUOCL
共君一醉一陶然			1		THUOCL
共惜盛时辞阙下			1		THUOCL
共来百越文身地			1		THUOCL
共看明月应垂泪			1		THUOCL
共赏金尊沉绿蚁			1		THUOCL
共醉重阳节			1		THUOCL
关东有义士			1		THUOCL
关塞莽然平			1		THUOCL
关山蹇骥足			1		THUOCL
关市讥而不征			1		THUOCL
关西杨伯起			1		THUOCL
兴兵讨群凶			1		THUOCL
兵革既未息			1		THUOCL
其为人也孝悌而好犯上者			1		THUOCL
其为形也亦外矣			1		THUOCL
其乐不可言			1		THUOCL
其势不俱生			1		THUOCL
其势必不敢留君			1		THUOCL
其可怪也欤			1		THUOCL
其可谓至德也已矣			1		THUOCL
其后秦伐赵			1		THUOCL
其在宗庙朝廷			1		THUOCL
其失天下也以不仁			1		THUOCL
其如镊白休			1		THUOCL
其孰能害之			1		THUOCL
其惟圣人乎			1		THUOCL
其故家遗俗			1		THUOCL
其数则始乎诵经			1		THUOCL
其有不合者			1		THUOCL
其未得之也			1		THUOCL
其次忆吴宫			1		THUOCL
其犹橐龠乎			1		THUOCL
其犹穿窬之盗也与			1		THUOCL
其诸异乎人之求之与			1		THUOCL
其间无古今			1		THUOCL
其闻道也固先乎吾			1		THUOCL
具以沛公言报项王			1		THUOCL
兹山何峻秀			1		THUOCL
养生者不足以当大事			1		THUOCL
养真衡茅下			1		THUOCL
兽中刀枪多怒吼			1		THUOCL
兽焰微红隔云母			1		THUOCL
冀一反之何时			1		THUOCL
冀枝叶之峻茂兮			1		THUOCL
内无应门五尺之僮			1		THUOCL
内热溲膏是也			1		THUOCL
冉冉双幡度海涯			1		THUOCL
冉冉望君来			1		THUOCL
再拜奉大将军足下			1		THUOCL
再拜献大王足下			1		THUOCL
再拜而送之			1		THUOCL
再拜陈三愿			1		THUOCL
再续汉阳游			1		THUOCL
写得家书空满纸			1		THUOCL
军中无以为乐			1		THUOCL
军前效力死还高			1		THUOCL
军合力不齐			1		THUOCL
农夫更苦辛			1		THUOCL
冠切云之崔嵬			1		THUOCL
冥冥细雨来			1		THUOCL
冬尽今宵促			1		THUOCL
冰簟银床梦不成			1		THUOCL
冰雪莺难至			1		THUOCL
况乃未休兵			1		THUOCL
况乘大夫轩			1		THUOCL
况于将相乎			1		THUOCL
况修短随化			1		THUOCL
况屈指中秋			1		THUOCL
况是清秋仙府间			1		THUOCL
况此残灯夜			1		THUOCL
况肯到红尘深处			1		THUOCL
冷泉亭上旧曾游			1		THUOCL
冷灰残烛动离情			1		THUOCL
冷砚欲书先自冻			1		THUOCL
冷碧新秋水			1		THUOCL
冷雨幽窗不可听			1		THUOCL
冷香飞上诗句			1		THUOCL
冻吟成此章			1		THUOCL
冻雷惊笋欲抽芽			1		THUOCL
凄凄不似向前声			1		THUOCL
凄凉枕席秋			1		THUOCL
凉州七里十万家			1		THUOCL
凉忆岘山巅			1		THUOCL
凉风吹叶叶初干			1		THUOCL
凉风绕曲房			1		THUOCL
凉风起将夕			1		THUOCL
凌厉越万里			1		THUOCL
凌轹白猿公			1		THUOCL
减粉与园箨			1		THUOCL
凝光悠悠寒露坠			1		THUOCL
凝碧池头奏管弦			1		THUOCL
几回读罢几回痴			1		THUOCL
几年春草歇			1		THUOCL
几时心绪浑无事			1		THUOCL
几曾识干戈			1		THUOCL
几死者数矣			1		THUOCL
凡卉与时谢			1		THUOCL
凡所宜有之书			1		THUOCL
凤凰山下雨初晴			1		THUOCL
凤笙龙管行相催			1		THUOCL
凫雁满回塘			1		THUOCL
凭不厌乎求索			1		THUOCL
凭寄离恨重重			1		THUOCL
凭莺为向杨花道			1		THUOCL
出不入兮往不反			1		THUOCL
出入高下穷烟霏			1		THUOCL
出处亦待时			1		THUOCL
出置前窗下			1		THUOCL
出谷日尚早			1		THUOCL
出门鸥鸟更相亲			1		THUOCL
凿户牖以为室			1		THUOCL
分湖便是子陵滩			1		THUOCL
刍荛者往焉			1		THUOCL
刑人如恐不胜			1		THUOCL
列于五藏哉			1		THUOCL
刘郎已恨蓬山远			1		THUOCL
刘驸马水亭避暑			1		THUOCL
则不可胜诛			1		THUOCL
则与一生彘肩			1		THUOCL
则与斗卮酒			1		THUOCL
则凡可以得生者			1		THUOCL
则反一无迹			1		THUOCL
则君使人导之出疆			1		THUOCL
则吾从先进			1		THUOCL
则吾能征之矣			1		THUOCL
则天地曾不能以一瞬			1		THUOCL
则失者锱铢			1		THUOCL
则学孔子也			1		THUOCL
则尝闻之矣			1		THUOCL
则有去国怀乡			1		THUOCL
则未尝见舟而便操之也			1		THUOCL
则民兴于仁			1		THUOCL
则深根宁极而待			1		THUOCL
则用天下而有余			1		THUOCL
则眸子了焉			1		THUOCL
则群聚而笑之			1		THUOCL
则胡可得而累邪			1		THUOCL
则臣视君如寇雠			1		THUOCL
则若歌若哭			1		THUOCL
则荒烟野草			1		THUOCL
则请太子为王			1		THUOCL
则负匮揭箧担囊而趋			1		THUOCL
则雀无所逃			1		THUOCL
刚道有雌雄			1		THUOCL
初似饮醇醪			1		THUOCL
初出城留别			1		THUOCL
初心不可忘			1		THUOCL
初期会盟津			1		THUOCL
初移一寸根			1		THUOCL
初闻征雁已无蝉			1		THUOCL
初食笋呈座中			1		THUOCL
判司卑官不堪说			1		THUOCL
利剑不在掌			1		THUOCL
利欲驱人万火牛			1		THUOCL
利泽施乎万世			1		THUOCL
利牵名惹逡巡过			1		THUOCL
别后不知君远近			1		THUOCL
别后悠悠君莫问			1		THUOCL
别后相思最多处			1		THUOCL
别思天边梦落花			1		THUOCL
别户穿虚明			1		THUOCL
别时留解赠佳人			1		THUOCL
别有人间行路难			1		THUOCL
别期渐近不堪闻			1		THUOCL
别来将为不牵情			1		THUOCL
别裁伪体亲风雅			1		THUOCL
到乡翻似烂柯人			1		THUOCL
到此令人诗思迷			1		THUOCL
刺史临流褰翠帏			1		THUOCL
刺史二千石			1		THUOCL
刺梧犹绿槿花然			1		THUOCL
刻木为头丝作尾			1		THUOCL
刻木当严亲			1		THUOCL
前丁后蔡相笼加			1		THUOCL
前军夜战洮河北			1		THUOCL
前后红幢绿盖随			1		THUOCL
前心安可忘			1		THUOCL
前既犯患若是矣			1		THUOCL
前日登七盘			1		THUOCL
前时明月中			1		THUOCL
前有橛饰之患			1		THUOCL
前登灵境青霄绝			1		THUOCL
剑南山水尽清晖			1		THUOCL
剑气箫心一例消			1		THUOCL
剑门天下壮			1		THUOCL
剔开红焰救飞蛾			1		THUOCL
剡中若问连州事			1		THUOCL
剧于十五女			1		THUOCL
剪成碧玉叶层层			1		THUOCL
割地张仪诈			1		THUOCL
力去陈言夸末俗			1		THUOCL
力尽不知热			1		THUOCL
劝我试求三亩宅			1		THUOCL
功名万里外			1		THUOCL
功成而不居			1		THUOCL
动摇风满怀			1		THUOCL
动而以天行			1		THUOCL
努力事戎行			1		THUOCL
劳生徒聚万金产			1		THUOCL
劳者尸如丘			1		THUOCL
劳苦而功高如此			1		THUOCL
势利使人争			1		THUOCL
势高常惧风			1		THUOCL
勇剽若豹螭			1		THUOCL
勇士不忘丧其元			1		THUOCL
勉远逝而无狐疑兮			1		THUOCL
勋业安能保不磨			1		THUOCL
勿为新婚念			1		THUOCL
勿为醒者传			1		THUOCL
勿违今日言			1		THUOCL
匀泪偎人颤			1		THUOCL
匆匆春又归去			1		THUOCL
化为乌有一先生			1		THUOCL
化为狼与豺			1		THUOCL
化为眼中砂			1		THUOCL
化作啼鹃带血归			1		THUOCL
化则无常也			1		THUOCL
北山尽仇怨			1		THUOCL
北山草木何由见			1		THUOCL
北斗七星高			1		THUOCL
北斗阑干南斗斜			1		THUOCL
北望五陵间			1		THUOCL
北极朝廷终不改			1		THUOCL
北楼西望满晴空			1		THUOCL
北行见杏花			1		THUOCL
北风何惨栗			1		THUOCL
北风吹树急			1		THUOCL
北风吹裙带			1		THUOCL
匠石运斤成风			1		THUOCL
匡人其如予何			1		THUOCL
匡山读书处			1		THUOCL
匡床闲卧落花朝			1		THUOCL
匡庐一带不停留			1		THUOCL
匦函朝出开明光			1		THUOCL
十二楼中月自明			1		THUOCL
十口隔风雪			1		THUOCL
十听春啼变莺舌			1		THUOCL
十室八九贫			1		THUOCL
十岁裁诗走马成			1		THUOCL
十年天地干戈老			1		THUOCL
十年结子知谁在			1		THUOCL
十年蹴踘将雏远			1		THUOCL
十日过沙碛			1		THUOCL
十月初二日			1		THUOCL
十生九死到官所			1		THUOCL
十觞亦不醉			1		THUOCL
十载客梁园			1		THUOCL
十里一置飞尘灰			1		THUOCL
十里沙堤明月中			1		THUOCL
千万不复全			1		THUOCL
千万人家无一茎			1		THUOCL
千万遍阳关			1		THUOCL
千丈岩瀑布			1		THUOCL
千刀当剐唐僧肉			1		THUOCL
千千万万同			1		THUOCL
千壶百瓮花门口			1		THUOCL
千寻铁锁沉江底			1		THUOCL
千山动鳞甲			1		THUOCL
千山浓绿生云外			1		THUOCL
千峰争攒聚			1		THUOCL
千年一清圣人在			1		THUOCL
千年田换八百主			1		THUOCL
千年老虎猎不得			1		THUOCL
千年长交颈			1		THUOCL
千枝次第开			1		THUOCL
千株万片绕林垂			1		THUOCL
千梳冷快肌骨醒			1		THUOCL
千灯夜作鱼龙变			1		THUOCL
千秋万岁后			1		THUOCL
千秋节赐群臣镜			1		THUOCL
千花百卉争明媚			1		THUOCL
千载仰雄名			1		THUOCL
千载永不寤			1		THUOCL
千载相逢犹旦暮			1		THUOCL
千载迹犹存			1		THUOCL
千里万里春草色			1		THUOCL
千里共明月			1		THUOCL
千里清光又依旧			1		THUOCL
千里澄江似练			1		THUOCL
千金一笑买倾城			1		THUOCL
千金骏马换小妾			1		THUOCL
千锤雷动苍山根			1		THUOCL
千门万户日童日童日			1		THUOCL
千门万户雪花浮			1		THUOCL
千首诗轻万户侯			1		THUOCL
升堂坐阶新雨足			1		THUOCL
升沉不改故人情			1		THUOCL
午夜惊鸣鸡			1		THUOCL
午窗睡起莺声巧			1		THUOCL
半匹红纱一丈绫			1		THUOCL
半山春晚即事			1		THUOCL
半是当年识放翁			1		THUOCL
半生身老心闲			1		THUOCL
半盏屠苏犹未举			1		THUOCL
半醒半醉日复日			1		THUOCL
华采衣兮若英			1		THUOCL
卖鱼生怕近城门			1		THUOCL
南北一山门			1		THUOCL
南北东西路			1		THUOCL
南北五千里			1		THUOCL
南取百越之地			1		THUOCL
南国正芳春			1		THUOCL
南城夜半千沤发			1		THUOCL
南宾旧属楚			1		THUOCL
南山与秋色			1		THUOCL
南山归敝庐			1		THUOCL
南山田中行			1		THUOCL
南州溽暑醉如酒			1		THUOCL
南方有鸟焉			1		THUOCL
南朝词臣北朝客			1		THUOCL
南浦凄凄别			1		THUOCL
南登杜陵上			1		THUOCL
南窗北牖挂明光			1		THUOCL
南荣戒其多			1		THUOCL
南行拂楚王			1		THUOCL
南都信佳丽			1		THUOCL
南阳刘子骥			1		THUOCL
南风不用蒲葵扇			1		THUOCL
南飞觉有安巢鸟			1		THUOCL
博学而无所成名			1		THUOCL
博山炉中沉香火			1		THUOCL
博弈好饮酒			1		THUOCL
卞庄子之勇			1		THUOCL
卢橘杨梅尚带酸			1		THUOCL
卧乘篮舆睡中归			1		THUOCL
卧房阶下插鱼竿			1		THUOCL
卧看满天云不动			1		THUOCL
卧龙跃马终黄土			1		THUOCL
卫君待子而为政			1		THUOCL
卫灵公第十五			1		THUOCL
卯时十分空腹杯			1		THUOCL
即事多所欣			1		THUOCL
即今河畔冰开日			1		THUOCL
即今耆旧无新语			1		THUOCL
即公孙可知矣			1		THUOCL
即是村中歌舞时			1		THUOCL
即防远客虽多事			1		THUOCL
却为无才得少安			1		THUOCL
却为知音不得听			1		THUOCL
却入空巢里			1		THUOCL
却坐促弦弦转急			1		THUOCL
却嫌脂粉污颜色			1		THUOCL
却将万字平戎策			1		THUOCL
却忆安石风流			1		THUOCL
却愿天日恒炎曦			1		THUOCL
却放黄鹤江南归			1		THUOCL
却教明月送将来			1		THUOCL
却是炎洲雨露偏			1		THUOCL
却望城楼泪满衫			1		THUOCL
却疑春色在邻家			1		THUOCL
却羡井中蛙			1		THUOCL
卷帘花万重			1		THUOCL
卷帷望月空长叹			1		THUOCL
卷絮风头寒欲尽			1		THUOCL
卷送八尺含风漪			1		THUOCL
厉而不爽些			1		THUOCL
压褊佳人缠臂金			1		THUOCL
厌见桃株笑			1		THUOCL
原同一种性			1		THUOCL
厥状怪且丑			1		THUOCL
厨烟觉远庖			1		THUOCL
去以六月息者也			1		THUOCL
去去如何道			1		THUOCL
去去思君深			1		THUOCL
去年举君苜蓿盘			1		THUOCL
去年今日遁崖山			1		THUOCL
去年燕子来			1		THUOCL
去年秋晚此园中			1		THUOCL
去年花里逢君别			1		THUOCL
去年重阳不可说			1		THUOCL
去来江口守空船			1		THUOCL
去欲凌鸿鹄			1		THUOCL
去者日以疏			1		THUOCL
去若朝露晞			1		THUOCL
去马来牛不复辨			1		THUOCL
县小更无丁			1		THUOCL
县门白日无尘土			1		THUOCL
又不道流年			1		THUOCL
又何怀乎故都			1		THUOCL
又作三吴浪漫游			1		THUOCL
又像英勇的火炬			1		THUOCL
又失其故行矣			1		THUOCL
又如蛰者苏			1		THUOCL
又尚论古之人			1		THUOCL
又闻子规啼夜月			1		THUOCL
又闻此语重唧唧			1		THUOCL
又鼓盆而歌			1		THUOCL
叉牙出骨须			1		THUOCL
及为忠善者			1		THUOCL
及其使人也			1		THUOCL
及其所之既倦			1		THUOCL
及叱秦王左右			1		THUOCL
及壮当封侯			1		THUOCL
及年岁之未晏兮			1		THUOCL
及时相遣归			1		THUOCL
及有谁知更辛苦			1		THUOCL
及第后寄长安故人			1		THUOCL
友人听了之后			1		THUOCL
双棋未遍局			1		THUOCL
双烟一气凌紫霞			1		THUOCL
双照泪痕干			1		THUOCL
双燕复双燕			1		THUOCL
双燕飞来垂柳院			1		THUOCL
双眸剪秋水			1		THUOCL
双行桃树下			1		THUOCL
双飞令人羡			1		THUOCL
双鬓隔香红			1		THUOCL
反乎尔者也			1		THUOCL
反第二次大围剿			1		THUOCL
反绾头髻盘旋风			1		THUOCL
发尽上指冠			1		THUOCL
发短耳何长			1		THUOCL
取足蔽床席			1		THUOCL
变化有鲲鹏			1		THUOCL
口喷红光汗沟朱			1		THUOCL
口脂面药随恩泽			1		THUOCL
古之存身者			1		THUOCL
古之愚也直			1		THUOCL
古之所谓隐士者			1		THUOCL
古之狂也肆			1		THUOCL
古之矜也廉			1		THUOCL
古之贤人也			1		THUOCL
古人无复洛城东			1		THUOCL
古刹疏钟度			1		THUOCL
古县棠梨也作花			1		THUOCL
古墓累累春草绿			1		THUOCL
古往今来只如此			1		THUOCL
古往今来底事无			1		THUOCL
古戍依重险			1		THUOCL
古来仙释并			1		THUOCL
古来得意不相负			1		THUOCL
古称国之宝			1		THUOCL
古竹老梢惹碧云			1		THUOCL
古者民有三疾			1		THUOCL
只为一毫差			1		THUOCL
只令故旧伤			1		THUOCL
只将菱角与鸡头			1		THUOCL
只应如过客			1		THUOCL
只影为谁去			1		THUOCL
只恐流年暗中换			1		THUOCL
只愿无事常相见			1		THUOCL
只是催人老			1		THUOCL
只是别形躯			1		THUOCL
只有兴亡满目			1		THUOCL
只疑松动要来扶			1		THUOCL
只疑烧却翠云鬟			1		THUOCL
只缘恐惧转须亲			1		THUOCL
只鸡斗酒定膰吾			1		THUOCL
可与事君也与哉			1		THUOCL
可以卒千年			1		THUOCL
可以已大风			1		THUOCL
可以意致者			1		THUOCL
可以无大过矣			1		THUOCL
可以无悔矣			1		THUOCL
可以无饥矣			1		THUOCL
可以横绝峨眉巅			1		THUOCL
可以荐嘉客			1		THUOCL
可以观于天矣			1		THUOCL
可以言论者			1		THUOCL
可以语上也			1		THUOCL
可使治其赋也			1		THUOCL
可得而闻也			1		THUOCL
可怜亦进姚黄花			1		THUOCL
可怜青冢已芜没			1		THUOCL
可怜飞燕倚新妆			1		THUOCL
可惜风流总闲却			1		THUOCL
可谓兼之矣			1		THUOCL
台城曲二首			1		THUOCL
右军本清真			1		THUOCL
右发摧月支			1		THUOCL
右手秉遗穗			1		THUOCL
右臂偏枯半耳聋			1		THUOCL
叶下衰桐落寒井			1		THUOCL
叶动承馀洒			1		THUOCL
叶叶相交通			1		THUOCL
司马牛忧曰			1		THUOCL
叹息此人去			1		THUOCL
叹春来只有			1		THUOCL
叹流年又成虚度			1		THUOCL
合为一诏渐强大			1		THUOCL
合于桑林之舞			1		THUOCL
合异以为同			1		THUOCL
合昏尚知时			1		THUOCL
合百草兮实庭			1		THUOCL
吉日兮辰良			1		THUOCL
同作逐臣君更远			1		THUOCL
同则无好也			1		THUOCL
同嗟除夜在江南			1		THUOCL
同心一人去			1		THUOCL
同时辈流多上道			1		THUOCL
同是被逼迫			1		THUOCL
同辇随君侍君侧			1		THUOCL
名与日月悬			1		THUOCL
名世于今五百年			1		THUOCL
名为锢身锁			1		THUOCL
名利不将心挂			1		THUOCL
名殊体不殊			1		THUOCL
名酒来清江			1		THUOCL
后世之乱自此始矣			1		THUOCL
后来有千日			1		THUOCL
后死者不得与于斯文也			1		THUOCL
后进于礼乐			1		THUOCL
吏民惊怪坐何事			1		THUOCL
向暮春风杨柳丝			1		THUOCL
君不行兮夷犹			1		THUOCL
君不见晋朝羊公一片石			1		THUOCL
君不见管鲍贫时交			1		THUOCL
君不见走马川行雪海边			1		THUOCL
君于赵为贵公子			1		THUOCL
君今在罗网			1		THUOCL
君今往死地			1		THUOCL
君何淹留寄他方			1		THUOCL
君入楚山里			1		THUOCL
君其涉于江而浮于海			1		THUOCL
君因风送入青云			1		THUOCL
君失臣兮龙为鱼			1		THUOCL
君子不入也			1		THUOCL
君子不可小知			1		THUOCL
君子不忧不惧			1		THUOCL
君子之仕也			1		THUOCL
君子之德风也			1		THUOCL
君子于其所不知			1		THUOCL
君子何患乎无兄弟也			1		THUOCL
君子信而后劳其民			1		THUOCL
君子创业垂统			1		THUOCL
君子周急不继富			1		THUOCL
君子多乎哉			1		THUOCL
君子平其政			1		THUOCL
君子易事而难说也			1		THUOCL
君子有其道者			1		THUOCL
君子死知己			1		THUOCL
君子矜而不争			1		THUOCL
君子笃于亲			1		THUOCL
君子道者三			1		THUOCL
君安得有此富乎			1		THUOCL
君家妇难为			1		THUOCL
君家有贻训			1		THUOCL
君家自有元和脚			1		THUOCL
君家长松十亩阴			1		THUOCL
君尔妾亦然			1		THUOCL
君无势则去			1		THUOCL
君既为府吏			1		THUOCL
君有丈夫泪			1		THUOCL
君有大过则谏			1		THUOCL
君歌且休听我歌			1		THUOCL
君歌声酸辞且苦			1		THUOCL
君王与沛公饮			1		THUOCL
君王为人不忍			1		THUOCL
君王虽爱蛾眉好			1		THUOCL
君看母笋是龙材			1		THUOCL
君看随阳雁			1		THUOCL
君知妾有夫			1		THUOCL
君臣尚论兵			1		THUOCL
君自此远矣			1		THUOCL
君莫向秋浦			1		THUOCL
君问二妃何处所			1		THUOCL
吟鞭东指即天涯			1		THUOCL
含情欲语独无处			1		THUOCL
含笑看吴钩			1		THUOCL
听妇前致词			1		THUOCL
听此寒虫号			1		THUOCL
听蜀僧濬弹琴			1		THUOCL
听风听雨过清明			1		THUOCL
吴中盛文史			1		THUOCL
吴侬但忆归			1		THUOCL
吴兴口号五首			1		THUOCL
吴姬十五细马驮			1		THUOCL
吴娃双舞醉芙蓉			1		THUOCL
吴江女道士			1		THUOCL
吴溪紫蟹肥			1		THUOCL
吴王宫里醉西施			1		THUOCL
吴王浮于江			1		THUOCL
吴盐如花皎白雪			1		THUOCL
吴越一王兮驷马归			1		THUOCL
吴酒一杯春竹叶			1		THUOCL
吹尽西陵歌舞尘			1		THUOCL
吹沙走浪几千里			1		THUOCL
吹笛到天明			1		THUOCL
吹花送远香			1		THUOCL
吾不反不侧			1		THUOCL
吾不复梦见周公			1		THUOCL
吾不如老圃			1		THUOCL
吾不忍其觳觫			1		THUOCL
吾不欲观之矣			1		THUOCL
吾与回言终日			1		THUOCL
吾乃今于是乎见龙			1		THUOCL
吾令人望其气			1		THUOCL
吾以夫子为天地			1		THUOCL
吾何以观之哉			1		THUOCL
吾何慊乎哉			1		THUOCL
吾其披发左衽矣			1		THUOCL
吾力犹能肆汝杯			1		THUOCL
吾君所乏岂此物			1		THUOCL
吾唯不知务而轻用吾身			1		THUOCL
吾宁爱与憎			1		THUOCL
吾安得夫忘言之人而与之言哉			1		THUOCL
吾家碑不昧			1		THUOCL
吾将囊括大块			1		THUOCL
吾将往乎南疑			1		THUOCL
吾尝终日不食			1		THUOCL
吾属今为之虏矣			1		THUOCL
吾愿君去国捐俗			1		THUOCL
吾所以为此者			1		THUOCL
吾所以有大患者			1		THUOCL
吾方高驰而不顾			1		THUOCL
吾无与言之矣			1		THUOCL
吾无以为质矣			1		THUOCL
吾日三省乎吾身			1		THUOCL
吾是以亡足			1		THUOCL
吾是以务全之也			1		THUOCL
吾未见其明也			1		THUOCL
吾未见刚者			1		THUOCL
吾欲问三车			1		THUOCL
吾爱王子晋			1		THUOCL
吾父死于是			1		THUOCL
吾生后汝期			1		THUOCL
吾祖死于是			1		THUOCL
吾见其进也			1		THUOCL
吾谁与为邻			1		THUOCL
吾身非吾有也			1		THUOCL
吾辞受趣舍			1		THUOCL
吾长见笑于大方之家			1		THUOCL
吾问无为谓			1		THUOCL
吾闻庖丁之言			1		THUOCL
吾闻楚有神龟			1		THUOCL
吾非至于子之门则殆矣			1		THUOCL
呈祥势可嘉			1		THUOCL
呈集贤诸学士			1		THUOCL
告归常局促			1		THUOCL
呜咽泪沾巾			1		THUOCL
周与胡蝶则必有分矣			1		THUOCL
周公兼夷狄			1		THUOCL
周公恐惧流言后			1		THUOCL
周将处乎材与不材之间			1		THUOCL
周瑜于此破曹公			1		THUOCL
味暖并无忧			1		THUOCL
呵手试梅妆			1		THUOCL
命灵氛为余占之			1		THUOCL
和乐天春词			1		THUOCL
和梦也新来不做			1		THUOCL
和答钱穆父咏猩猩毛笔			1		THUOCL
咏怀古迹五首之五			1		THUOCL
咏老赠梦得			1		THUOCL
咒念金箍闻万遍			1		THUOCL
咫尺不相见			1		THUOCL
咫尺但愁雷雨至			1		THUOCL
咫尺应须论万里			1		THUOCL
哀一逝而异乡			1		THUOCL
哀乐不易施乎前			1		THUOCL
哀南夷之莫吾知兮			1		THUOCL
哀叫楚山裂			1		THUOCL
哀吾生之无乐兮			1		THUOCL
哀哀叫其间			1		THUOCL
哀怨起骚人			1		THUOCL
哀谣振楫从此起			1		THUOCL
哀音何动人			1		THUOCL
哀鸣求匹俦			1		THUOCL
哗然而骇者			1		THUOCL
哥舒夜带刀			1		THUOCL
哪容百族共骈阗			1		THUOCL
哪里去辨什么真共假			1		THUOCL
哭友白云长			1		THUOCL
哭声直上干云霄			1		THUOCL
哭宣城善酿纪叟			1		THUOCL
唤作拒霜知未称			1		THUOCL
唤取归来同住			1		THUOCL
唤起一天明月			1		THUOCL
唤起两眸清炯炯			1		THUOCL
唯上智与下愚不移			1		THUOCL
唯予不服食			1		THUOCL
唯予与汝知而未尝死			1		THUOCL
唯仁者能好人			1		THUOCL
唯全人能之			1		THUOCL
唯其言而莫予违也			1		THUOCL
唯向深宫望明月			1		THUOCL
唯展宅图看			1		THUOCL
唯待吹嘘送上天			1		THUOCL
唯我与尔有是夫			1		THUOCL
唯我多情独自来			1		THUOCL
唯有多情元侍御			1		THUOCL
唯有此花开			1		THUOCL
唯有蜻蜓蛱蝶飞			1		THUOCL
唯有邑人知			1		THUOCL
唯柳色夹道			1		THUOCL
唯求则非邦也与			1		THUOCL
唯见江心秋月白			1		THUOCL
唯说山中有桂枝			1		THUOCL
唯赤则非邦也与			1		THUOCL
唱得凉州意外声			1		THUOCL
唾弃如粪丸			1		THUOCL
啁啾终夜悲			1		THUOCL
商歌非吾事			1		THUOCL
商胡离别下扬州			1		THUOCL
啜过始知真味永			1		THUOCL
善推其所为而已矣			1		THUOCL
善行无辙迹			1		THUOCL
喜卢仝书船归洛			1		THUOCL
喜心翻倒极			1		THUOCL
喜见淳朴俗			1		THUOCL
嗟哉吾党二三子			1		THUOCL
嗟尔远道之人			1		THUOCL
嗟彼本何事			1		THUOCL
嗟我嗜书终日读			1		THUOCL
嗟来桑户乎			1		THUOCL
嗣皇继圣登夔皋			1		THUOCL
嗣还自相戕			1		THUOCL
嗤嗤童稚戏			1		THUOCL
嘈嘈天乐鸣			1		THUOCL
嘉南州之炎德兮			1		THUOCL
嘉孺子而哀妇人			1		THUOCL
囊括四海之意			1		THUOCL
四人相视而笑			1		THUOCL
四代三公族			1		THUOCL
四儿日夜长			1		THUOCL
四十三年梦			1		THUOCL
四十九年非			1		THUOCL
四十五十无夫家			1		THUOCL
四十八盘才走过			1		THUOCL
四十明朝过			1		THUOCL
四坐楚囚悲			1		THUOCL
四座无喧梧竹静			1		THUOCL
四座泪纵横			1		THUOCL
四方之政行焉			1		THUOCL
四时田园杂兴			1		THUOCL
四明三千里			1		THUOCL
四海一子由			1		THUOCL
四海遂为家			1		THUOCL
四海遏密八音			1		THUOCL
四罪而天下咸服			1		THUOCL
四者孰知天下之正色哉			1		THUOCL
四角吟风筝			1		THUOCL
四角垂香囊			1		THUOCL
四足无一蹶			1		THUOCL
四蹄皆血流			1		THUOCL
四达之皇皇也			1		THUOCL
四邻何所有			1		THUOCL
四郊未宁静			1		THUOCL
四面生白云			1		THUOCL
四顾何茫茫			1		THUOCL
回也闻一以知十			1		THUOCL
回头问双石			1		THUOCL
回头问妻子			1		THUOCL
回廊一寸相思地			1		THUOCL
回心反初役			1		THUOCL
回忘仁义矣			1		THUOCL
回忘礼乐矣			1		THUOCL
回看天际下中流			1		THUOCL
回看桃李都无色			1		THUOCL
回看血泪相和流			1		THUOCL
回观村闾间			1		THUOCL
回雪飘摇转蓬舞			1		THUOCL
回首是平芜			1		THUOCL
因以为号焉			1		THUOCL
因击沛公于坐			1		THUOCL
因宾客至蔺相如门谢罪			1		THUOCL
因思杜陵梦			1		THUOCL
因甘野夫食			1		THUOCL
因病得闲殊不恶			1		THUOCL
因缟素而哭之			1		THUOCL
团作愚下人			1		THUOCL
园日涉以成趣			1		THUOCL
园林渐觉清阴密			1		THUOCL
园花经雨百般红			1		THUOCL
园花隐麝香			1		THUOCL
固不知子矣			1		THUOCL
固时俗之工巧兮			1		THUOCL
国之利器不可以示人			1		THUOCL
国之所以废兴存亡者亦然			1		THUOCL
国家法令在			1		THUOCL
国弱则诸侯加兵			1		THUOCL
国强则赵固			1		THUOCL
国无人莫我知兮			1		THUOCL
国朝盛文章			1		THUOCL
图南未可料			1		THUOCL
圆因裁制功			1		THUOCL
圆绿卷新荷			1		THUOCL
圆魄上寒空			1		THUOCL
圆齐玉箸头			1		THUOCL
圣人之心静乎			1		THUOCL
圣人之所以为圣			1		THUOCL
圣人之过也			1		THUOCL
圣人工乎天而拙乎人			1		THUOCL
圣人既竭目力焉			1		THUOCL
圣人有忧之			1		THUOCL
圣代即今多雨露			1		THUOCL
圣哲体仁恕			1		THUOCL
在乎人为之			1		THUOCL
在人虽晚达			1		THUOCL
在尘埃之中			1		THUOCL
在德不在险			1		THUOCL
在新丰鸿门			1		THUOCL
在目皓已洁			1		THUOCL
地不得不广			1		THUOCL
地古寒阴生			1		THUOCL
地得一以宁			1		THUOCL
地白风色寒			1		THUOCL
地籁则众窍是已			1		THUOCL
地远草木豪			1		THUOCL
地阔峨眉晚			1		THUOCL
地阔望仙台			1		THUOCL
坊闹半长安			1		THUOCL
坎轲只得移荆蛮			1		THUOCL
坏壁无由见旧题			1		THUOCL
坐中醉客风流惯			1		THUOCL
坐久灯烬落			1		THUOCL
坐久落花多			1		THUOCL
坐来真个好相宜			1		THUOCL
坐看水色移			1		THUOCL
坐见落花长叹息			1		THUOCL
坐觉长安空			1		THUOCL
坐触鸳鸯起			1		THUOCL
坐酌泠泠水			1		THUOCL
坦然心神舒			1		THUOCL
垂三光之明者			1		THUOCL
垂天雌霓云端下			1		THUOCL
垂竿已羡磻溪老			1		THUOCL
垂老不得安			1		THUOCL
垂钓绿湾春			1		THUOCL
垣墙皆顿擗			1		THUOCL
埋血空生碧草愁			1		THUOCL
城东坡上栽			1		THUOCL
城中居民风裂骭			1		THUOCL
城乌独宿夜空啼			1		THUOCL
城南已合数重围			1		THUOCL
城头残月势如弓			1		THUOCL
城小贼不屠			1		THUOCL
城窄山将压			1		THUOCL
城边有古树			1		THUOCL
城郭人民半已非			1		THUOCL
城隈草萋萋			1		THUOCL
城非不高也			1		THUOCL
堇也虽尊等臣仆			1		THUOCL
堤下连樯堤上楼			1		THUOCL
堪笑兰台公子			1		THUOCL
塞上燕脂凝夜紫			1		THUOCL
塞上风云接地阴			1		THUOCL
墙上多高树			1		THUOCL
墙阴老春荠			1		THUOCL
墨翟之言盈天下			1		THUOCL
壁立千仞无依倚			1		THUOCL
士不敢弯弓而报怨			1		THUOCL
士大夫之族			1		THUOCL
士有道德不能行			1		THUOCL
壮士发冲冠			1		THUOCL
壮岁旌旗拥万夫			1		THUOCL
声满东南几处箫			1		THUOCL
壹阴兮壹阳			1		THUOCL
处上而民不重			1		THUOCL
处前而民不害			1		THUOCL
处处楼前飘管吹			1		THUOCL
处涸辙以犹欢			1		THUOCL
备他盗之出入与非常也			1		THUOCL
备他盗出入与非常也			1		THUOCL
复居少城北			1		THUOCL
复忆襄阳孟浩然			1		THUOCL
复此好远游			1		THUOCL
复道浊如贤			1		THUOCL
夏康娱以自纵			1		THUOCL
夏日溧水无想山作			1		THUOCL
夏礼吾能言之			1		THUOCL
夏虫也为我沉默			1		THUOCL
夏首荐枇杷			1		THUOCL
夔州处女发半华			1		THUOCL
夔府孤城落日斜			1		THUOCL
夕余至乎县圃			1		THUOCL
夕余至乎西极			1		THUOCL
夕弭节兮北渚			1		THUOCL
夕波红处近长安			1		THUOCL
夕阳忧子孙			1		THUOCL
夕阳穷登攀			1		THUOCL
夕阳箫鼓几船归			1		THUOCL
夕阳西下几时回			1		THUOCL
夕露见日晞			1		THUOCL
外无期功强近之亲			1		THUOCL
外物少能逼			1		THUOCL
外融百骸畅			1		THUOCL
多不过三四			1		THUOCL
多不过六七			1		THUOCL
多为将相官			1		THUOCL
多于九土之城郭			1		THUOCL
多于南亩之农夫			1		THUOCL
多于周身之帛缕			1		THUOCL
多于在庾之粟粒			1		THUOCL
多于市人之言语			1		THUOCL
多于机上之工女			1		THUOCL
多取之而不为虐			1		THUOCL
多少亲朋尽白头			1		THUOCL
多少春花秋月			1		THUOCL
多少长安名利客			1		THUOCL
多情只有春庭月			1		THUOCL
多情明月邀君共			1		THUOCL
多方乎仁义而用之者			1		THUOCL
多方骈枝于五藏之情者			1		THUOCL
多见而识之			1		THUOCL
夜上信难哉			1		THUOCL
夜下征虏亭			1		THUOCL
夜久语声绝			1		THUOCL
夜倾闽酒赤如丹			1		THUOCL
夜凉风露清			1		THUOCL
夜半狂歌悲风起			1		THUOCL
夜夜不得息			1		THUOCL
夜夜睡天明			1		THUOCL
夜寒雪连天			1		THUOCL
夜景湛虚明			1		THUOCL
夜来八万四千偈			1		THUOCL
夜来城外一尺雪			1		THUOCL
夜来揉损琼肌			1		THUOCL
夜榜响溪石			1		THUOCL
夜深人未眠			1		THUOCL
夜深儿女灯前			1		THUOCL
夜深花正寒			1		THUOCL
夜深起凭阑干立			1		THUOCL
夜深静卧百虫绝			1		THUOCL
夜郎万里道			1		THUOCL
夜酌满容花色暖			1		THUOCL
夜闻三人笑语言			1		THUOCL
夜闻归雁生乡思			1		THUOCL
夜闻沙岸鸣瓮盎			1		THUOCL
夜闻贾常州崔湖州茶山境会想羡欢宴因寄此诗			1		THUOCL
夜闻马嘶晓无迹			1		THUOCL
夜雨做成秋			1		THUOCL
夜雨槐花落			1		THUOCL
夜雪巩梅春			1		THUOCL
夜饮东坡醒复醉			1		THUOCL
大业年中炀天子			1		THUOCL
大业末年春暮月			1		THUOCL
大地微微暖风吹			1		THUOCL
大堤士女急昌丰			1		THUOCL
大夫知此理			1		THUOCL
大官还有蔗浆寒			1		THUOCL
大小二篆生八分			1		THUOCL
大底圣贤发愤之所为作也			1		THUOCL
大抵三尺强			1		THUOCL
大星光相射			1		THUOCL
大树思冯异			1		THUOCL
大树日萧萧			1		THUOCL
大漠风尘日色昏			1		THUOCL
大火复西流			1		THUOCL
大略驾群才			1		THUOCL
大破杀匈奴十余万骑			1		THUOCL
大禹理百川			1		THUOCL
大笑向文士			1		THUOCL
大舜有大焉			1		THUOCL
大都好物不坚牢			1		THUOCL
大雅难具陈			1		THUOCL
大雪深数尺			1		THUOCL
大马之捶钩者			1		THUOCL
天上人间会相见			1		THUOCL
天上何所有			1		THUOCL
天上分金镜			1		THUOCL
天上星河转			1		THUOCL
天上有行云			1		THUOCL
天下不能荡也			1		THUOCL
天下之恶皆归焉			1		THUOCL
天下伤心处			1		THUOCL
天下大悦而将归己			1		THUOCL
天下有达尊三			1		THUOCL
天下皆叛之			1		THUOCL
天下真成长会合			1		THUOCL
天下良辰美景			1		THUOCL
天下莫能臣			1		THUOCL
天不得不高			1		THUOCL
天与蹙罗装宝髻			1		THUOCL
天之将丧斯文也			1		THUOCL
天之未丧斯文也			1		THUOCL
天人不相干			1		THUOCL
天人几何同一沤			1		THUOCL
天凉景物清			1		THUOCL
天凉玉漏迟			1		THUOCL
天地一指也			1		THUOCL
天地之鉴也			1		THUOCL
天地入胸臆			1		THUOCL
天地所以能长且久者			1		THUOCL
天地无终极			1		THUOCL
天地皆振动			1		THUOCL
天地荷成功			1		THUOCL
天寒岁在龙蛇间			1		THUOCL
天寒梦泽深			1		THUOCL
天寒耐九秋			1		THUOCL
天工点酥作梅花			1		THUOCL
天平山上白云泉			1		THUOCL
天得一以清			1		THUOCL
天德之象也			1		THUOCL
天性有时迁			1		THUOCL
天意君须会			1		THUOCL
天意高难问			1		THUOCL
天教分付与疏狂			1		THUOCL
天教晚发赛诸花			1		THUOCL
天文北照秦			1		THUOCL
天明独去无道路			1		THUOCL
天明登前途			1		THUOCL
天气凉如秋			1		THUOCL
天气尚清和			1		THUOCL
天河从中来			1		THUOCL
天涯也是家			1		THUOCL
天涯共明月			1		THUOCL
天涯哭此时			1		THUOCL
天涯水气中			1		THUOCL
天涯海角信音稀			1		THUOCL
天涯芳草无归路			1		THUOCL
天灵感至德			1		THUOCL
天穷超夕阳			1		THUOCL
天路幽险难追攀			1		THUOCL
天边树若荠			1		THUOCL
天道邈悠悠			1		THUOCL
天长水阔厌远涉			1		THUOCL
天长路远魂飞苦			1		THUOCL
天际识归舟			1		THUOCL
天马凤凰春树里			1		THUOCL
天马来出月支窟			1		THUOCL
天高不为闻			1		THUOCL
天高地平千万里			1		THUOCL
天高岘首春			1		THUOCL
太白与我语			1		THUOCL
太阳虽不为之回光			1		THUOCL
夫不恬不愉			1		THUOCL
夫不自见而见彼			1		THUOCL
夫为天下者			1		THUOCL
夫人之相与			1		THUOCL
夫以秦王之威			1		THUOCL
夫何远之有			1		THUOCL
夫召我者岂徒哉			1		THUOCL
夫吹万不同			1		THUOCL
夫哀莫大于心死			1		THUOCL
夫固将自化			1		THUOCL
夫天无不覆			1		THUOCL
夫子不为也			1		THUOCL
夫子为卫君乎			1		THUOCL
夫子之不可及也			1		THUOCL
夫子之墙数仞			1		THUOCL
夫子之文章			1		THUOCL
夫子之说君子也			1		THUOCL
夫子何哂由也			1		THUOCL
夫子华阴居			1		THUOCL
夫子焉不学			1		THUOCL
夫子见老聃			1		THUOCL
夫工乎天而			1		THUOCL
夫抚剑疾视曰			1		THUOCL
夫播糠眯目			1		THUOCL
夫是之谓道德之极			1		THUOCL
夫有干越之剑者			1		THUOCL
夫残朴以为器			1		THUOCL
夫焉取九子			1		THUOCL
夫环而攻之			1		THUOCL
夫秦王有虎狼之心			1		THUOCL
夫维圣哲以茂行兮			1		THUOCL
夫自细视大者不尽			1		THUOCL
夫莫之命而常自然			1		THUOCL
夫藏舟于壑			1		THUOCL
夫适人之适而不自适其适			1		THUOCL
夫道不欲杂			1		THUOCL
夫鹄不日浴而白			1		THUOCL
夭矫转空碧			1		THUOCL
头上玳瑁光			1		THUOCL
头上白发多			1		THUOCL
头上金爵钗			1		THUOCL
头戴莲花巾			1		THUOCL
头痛汗盈巾			1		THUOCL
头白好归来			1		THUOCL
头白昏昏只醉眠			1		THUOCL
头高数丈触山回			1		THUOCL
头鬓眉须皆似雪			1		THUOCL
夺项王天下者必沛公也			1		THUOCL
奄忽若飙尘			1		THUOCL
奄忽随物化			1		THUOCL
奈何君独抱奇材			1		THUOCL
奈何阻重深			1		THUOCL
奈你自家心下			1		THUOCL
奉乞桃栽一百根			1		THUOCL
奉使按胡俗			1		THUOCL
奉帚平明金殿开			1		THUOCL
奋烈自有时			1		THUOCL
奋身勇所闻			1		THUOCL
奋迅毛衣摆双耳			1		THUOCL
奚其为为政			1		THUOCL
女亦无所忆			1		THUOCL
女亦无所思			1		THUOCL
女儿年几十五六			1		THUOCL
女娲戏黄土			1		THUOCL
女婵媛兮为余太息			1		THUOCL
女郎剪下鸳鸯锦			1		THUOCL
女闻人籁而未闻地籁			1		THUOCL
奴为出来难			1		THUOCL
奴面不如花面好			1		THUOCL
好与名山作主人			1		THUOCL
好事者为之也			1		THUOCL
好伴羽人深洞去			1		THUOCL
好去莫回头			1		THUOCL
好向昭阳宿			1		THUOCL
好将沈醉酬佳节			1		THUOCL
好手不可遇			1		THUOCL
好日起樯竿			1		THUOCL
好是吾贤佳赏地			1		THUOCL
好看落日斜衔处			1		THUOCL
好蔽美而嫉妒			1		THUOCL
好风胧月清明夜			1		THUOCL
好驰马试剑			1		THUOCL
如上九天游			1		THUOCL
如不善而莫之违也			1		THUOCL
如之何其废之			1		THUOCL
如之何闻斯行之			1		THUOCL
如今化作雨苍龙			1		THUOCL
如从流沙来万里			1		THUOCL
如何一别朱仙镇			1		THUOCL
如何四纪为天子			1		THUOCL
如何得与凉风约			1		THUOCL
如何舍此去			1		THUOCL
如其善而莫之违也			1		THUOCL
如对文章太史公			1		THUOCL
如将舞鹤管			1		THUOCL
如智者若禹之行水也			1		THUOCL
如有博施于民			1		THUOCL
如有所立卓尔			1		THUOCL
如珠未穿孔			1		THUOCL
如闻断续弦			1		THUOCL
如闻泣幽咽			1		THUOCL
妆光生粉面			1		THUOCL
妆成每被秋娘妒			1		THUOCL
妇女无所幸			1		THUOCL
妇姑荷箪食			1		THUOCL
妙算毫厘得天契			1		THUOCL
妙香山上战旗妍			1		THUOCL
妾不堪驱使			1		THUOCL
妾家高楼连苑起			1		THUOCL
妾心藕中丝			1		THUOCL
始乎适而未尝不适者			1		THUOCL
始共春风容易别			1		THUOCL
始悟世上劳			1		THUOCL
始是新承恩泽时			1		THUOCL
始知丹青笔			1		THUOCL
始知为客苦			1		THUOCL
始知云雨峡			1		THUOCL
姑苏台上乌栖时			1		THUOCL
娉婷十五胜天仙			1		THUOCL
娉婷小苑中			1		THUOCL
娟娟到湖上			1		THUOCL
娥娥红粉妆			1		THUOCL
婀娜曲池东			1		THUOCL
婵娟罗浮月			1		THUOCL
嫁与弄潮儿			1		THUOCL
嫁娶不须啼			1		THUOCL
嫣然纵送游龙惊			1		THUOCL
嫩剥青菱角			1		THUOCL
嫩色如新鹅			1		THUOCL
子之不知鱼之乐			1		THUOCL
子产听郑国之政			1		THUOCL
子使漆雕开仕			1		THUOCL
子固非鱼也			1		THUOCL
子奚不为政			1		THUOCL
子孙阵亡尽			1		THUOCL
子幼能文似马迁			1		THUOCL
子张问仁于孔子			1		THUOCL
子房未虎啸			1		THUOCL
子期竟早亡			1		THUOCL
子桑殆病矣			1		THUOCL
子欲居九夷			1		THUOCL
子瞻诗句妙一世乃云效庭坚体盖退之戏效孟郊			1		THUOCL
子舆与子桑友			1		THUOCL
子贡问君子			1		THUOCL
子路拱而立			1		THUOCL
子路第十三			1		THUOCL
子路问成人			1		THUOCL
子食于有丧者之侧			1		THUOCL
孔丘盗跖俱尘埃			1		THUOCL
孔子成春秋			1		THUOCL
孔子见老聃归			1		THUOCL
孔子谓季氏			1		THUOCL
孔子辞以疾			1		THUOCL
孔雀东飞何处栖			1		THUOCL
字字看来都是血			1		THUOCL
存亡不可知			1		THUOCL
存者无消息			1		THUOCL
孙权不欺孤			1		THUOCL
孝子不谀其亲			1		THUOCL
孟冬寒气至			1		THUOCL
孟夏思渭村旧居寄舍弟			1		THUOCL
孟子见梁襄王			1		THUOCL
孟武伯问孝			1		THUOCL
季冬树木苍			1		THUOCL
季氏旅于泰山			1		THUOCL
季氏第十六			1		THUOCL
孤光一点萤			1		THUOCL
孤城落日斗兵稀			1		THUOCL
孤城西北起高楼			1		THUOCL
孤城隐雾深			1		THUOCL
孤客最先闻			1		THUOCL
孤客自悲凉			1		THUOCL
孤山寺北贾亭西			1		THUOCL
孤屿媚中川			1		THUOCL
孤嶂秦碑在			1		THUOCL
孤月此心明			1		THUOCL
孤灯不明思欲绝			1		THUOCL
孤灯何事独成花			1		THUOCL
孤灯此夜情			1		THUOCL
孤猿更叫秋风里			1		THUOCL
孤猿衔恨叫中秋			1		THUOCL
孤舟尽日横			1		THUOCL
孤莺啼永昼			1		THUOCL
孤蝶小徘徊			1		THUOCL
孤负当年林下意			1		THUOCL
孤雁不饮啄			1		THUOCL
孤飞如坠霜			1		THUOCL
孤高耸天宫			1		THUOCL
孤鸾舞镜不作双			1		THUOCL
学至乎没而后止也			1		THUOCL
学语小儿知姓名			1		THUOCL
学非探其花			1		THUOCL
孰云察余之善恶			1		THUOCL
孰云网恢恢			1		THUOCL
孰求美而释女			1		THUOCL
孰能为之大			1		THUOCL
孺悲欲见孔子			1		THUOCL
宁其死为留骨而贵乎			1		THUOCL
宁其生而曳尾于涂中乎			1		THUOCL
宁无一个是男儿			1		THUOCL
宁生而曳尾涂中			1		THUOCL
宁许负秦曲			1		THUOCL
宅边有五柳树			1		THUOCL
宇县复小康			1		THUOCL
守岁尊无酒			1		THUOCL
守节情不移			1		THUOCL
安得万里裘			1		THUOCL
安得倚天剑			1		THUOCL
安得南征驰捷报			1		THUOCL
安得而至焉			1		THUOCL
安得至老不更归			1		THUOCL
安心是药更无方			1		THUOCL
安敢尚盘桓			1		THUOCL
安时而处顺			1		THUOCL
安知千里外			1		THUOCL
安知夫子之犹若是也			1		THUOCL
宋不足征也			1		THUOCL
宋元君闻之			1		THUOCL
宓妃留枕魏王才			1		THUOCL
宗之潇洒美少年			1		THUOCL
宗族称孝焉			1		THUOCL
宗臣遗像肃清高			1		THUOCL
官槐如兔目			1		THUOCL
官船来往乱如麻			1		THUOCL
定乎内外之分			1		THUOCL
定是米家书画船			1		THUOCL
定非知诗人			1		THUOCL
宛丘先生长如丘			1		THUOCL
宛丘学舍小如舟			1		THUOCL
宛转蛾眉能几时			1		THUOCL
宛马至今来			1		THUOCL
宜人独桂林			1		THUOCL
宜付有司论其刑赏			1		THUOCL
宝钗楼外秋深			1		THUOCL
实无负吏民			1		THUOCL
审权势之宜			1		THUOCL
客从长安来			1		THUOCL
客居合肥南城赤阑桥之西			1		THUOCL
客心何事转凄然			1		THUOCL
客怀依旧不能平			1		THUOCL
客有桂阳至			1		THUOCL
客来唯赠北窗风			1		THUOCL
客来茶罢空无有			1		THUOCL
客病留因药			1		THUOCL
客行悲故乡			1		THUOCL
客路青山外			1		THUOCL
宣城还见杜鹃花			1		THUOCL
宣州石砚墨色光			1		THUOCL
宣父犹能畏后生			1		THUOCL
宦游直送江入海			1		THUOCL
宫中美人一破颜			1		THUOCL
宫城团回凛严光			1		THUOCL
宫官既拆盘			1		THUOCL
宫室尽烧焚			1		THUOCL
宫帘隔御花			1		THUOCL
宫衣亦有名			1		THUOCL
宴陶家亭子			1		THUOCL
宵眠竹阁间			1		THUOCL
家人竞喜开妆镜			1		THUOCL
家人钻火用青枫			1		THUOCL
家在梦中何日到			1		THUOCL
家在钓台西住			1		THUOCL
家家养乌鬼			1		THUOCL
家家春鸟鸣			1		THUOCL
家家自谓抱荆山之玉			1		THUOCL
家家菊尽黄			1		THUOCL
家家门外泊舟航			1		THUOCL
家山泉石寻常忆			1		THUOCL
家本紫云山			1		THUOCL
家泉石眼两三茎			1		THUOCL
家童鼻息已雷鸣			1		THUOCL
宽心应是酒			1		THUOCL
宾从杂沓实要津			1		THUOCL
宾客常满堂			1		THUOCL
宿云解驳晨光漏			1		THUOCL
宿桐庐江寄广陵旧游			1		THUOCL
宿桐庐馆同崔存度醉后作			1		THUOCL
宿酲寂寞眠初起			1		THUOCL
宿雨洗天津			1		THUOCL
宿雨清畿甸			1		THUOCL
宿骆氏亭寄怀崔雍崔衮			1		THUOCL
寂历斜阳照县鼓			1		THUOCL
寂寂寥寥扬子居			1		THUOCL
寂寂江山摇落处			1		THUOCL
寂寂系舟双下泪			1		THUOCL
寂寞山城人老也			1		THUOCL
寂寞开最晚			1		THUOCL
寂寞柴门人不到			1		THUOCL
寄与饥馋杨大使			1		THUOCL
寄去须凭下水船			1		THUOCL
寄我无穷境			1		THUOCL
寄新茶与南禅师			1		THUOCL
寄李儋元锡			1		THUOCL
寄言全盛红颜子			1		THUOCL
寄言痴小人家女			1		THUOCL
寄语红桥桥下水			1		THUOCL
寄韬光禅师			1		THUOCL
富贵吾自取			1		THUOCL
富贵必从勤苦得			1		THUOCL
富贵是危机			1		THUOCL
富贵非吾志			1		THUOCL
寒冬十二月			1		THUOCL
寒初荣橘柚			1		THUOCL
寒声一夜传刁斗			1		THUOCL
寒天草木黄落尽			1		THUOCL
寒暑忽流易			1		THUOCL
寒梅已作东风信			1		THUOCL
寒梅点缀琼枝腻			1		THUOCL
寒樱枝白是狂花			1		THUOCL
寒泉彻底幽			1		THUOCL
寒蝉鸣高柳			1		THUOCL
寒衣处处催刀尺			1		THUOCL
寒雨霏微时数点			1		THUOCL
寒食内人长白打			1		THUOCL
寒食宫人步打球			1		THUOCL
寒食清明春欲破			1		THUOCL
察盛衰之理			1		THUOCL
寡人窃闻赵王好音			1		THUOCL
寡人非能好先王之乐也			1		THUOCL
寥亮幽音妙入神			1		THUOCL
寥廓云海晚			1		THUOCL
对公银印最相鲜			1		THUOCL
对君洗红妆			1		THUOCL
对君白玉壶			1		THUOCL
对局含情见千里			1		THUOCL
对床夜雨听萧瑟			1		THUOCL
对影成三客			1		THUOCL
对敌慈悲对友刁			1		THUOCL
对此结中肠			1		THUOCL
对潇潇暮雨洒江天			1		THUOCL
对花把酒未甘老			1		THUOCL
对酒不能酬			1		THUOCL
对酒云数片			1		THUOCL
对酒遂作梁园歌			1		THUOCL
对门藤盖瓦			1		THUOCL
寻一首好诗			1		THUOCL
寻云陟累榭			1		THUOCL
寻声暗问弹者谁			1		THUOCL
寻春须是先春早			1		THUOCL
寻诗两绝句			1		THUOCL
寿无金石固			1		THUOCL
封书寄与泪潺湲			1		THUOCL
封酒棕花香			1		THUOCL
将以遗兮下女			1		THUOCL
将何销日与谁亲			1		THUOCL
将军战河北			1		THUOCL
将军魏武之子孙			1		THUOCL
将向中流匹晚霞			1		THUOCL
将命者出户			1		THUOCL
将家就鱼麦			1		THUOCL
将帅接燕蓟			1		THUOCL
将往观乎四荒			1		THUOCL
将心托明月			1		THUOCL
将忘子之故			1		THUOCL
将有事于西畴			1		THUOCL
将犹陶铸尧			1		THUOCL
将知醉后岂堪夸			1		THUOCL
将老身反累			1		THUOCL
将赴宣州留题扬州禅智寺			1		THUOCL
将鬟镜上掷金蝉			1		THUOCL
尊前拟把归期说			1		THUOCL
尊罍溢九酝			1		THUOCL
小人不可大受			1		THUOCL
小人之德草也			1		THUOCL
小人学道则易使也			1		THUOCL
小人难事而易说也			1		THUOCL
小儿名伯禽			1		THUOCL
小儿纵观黄犬怒			1		THUOCL
小园香径独徘徊			1		THUOCL
小子鸣鼓而攻之			1		THUOCL
小子鸣鼓而攻之可也			1		THUOCL
小庭亦有月			1		THUOCL
小怜玉体横陈夜			1		THUOCL
小星闹若沸			1		THUOCL
小树枣花春			1		THUOCL
小楼凭槛处			1		THUOCL
小楼吹彻玉笙寒			1		THUOCL
小白长红越女腮			1		THUOCL
小立樱桃下			1		THUOCL
小绿间长红			1		THUOCL
小艇垂纶初罢			1		THUOCL
小语辄响答			1		THUOCL
小雨纤纤风细细			1		THUOCL
小鼎煎茶面曲池			1		THUOCL
少小虽非投笔吏			1		THUOCL
少年不得志			1		THUOCL
少年击剑更吹箫			1		THUOCL
少年十五二十时			1		THUOCL
少年学剑术			1		THUOCL
少年负壮气			1		THUOCL
少应四度见花开			1		THUOCL
尔何怀乎故宇			1		THUOCL
尔所谓达者			1		THUOCL
尔焉能浼我哉			1		THUOCL
尘世难逢开口笑			1		THUOCL
尘中老尽力			1		THUOCL
尘中见月心亦闲			1		THUOCL
尚有哀弦留至今			1		THUOCL
尝试为寡人为之			1		THUOCL
尤物惑人忘不得			1		THUOCL
尧之为君也			1		THUOCL
尧舜禹汤文武周孔皆为灰			1		THUOCL
就中最好是今朝			1		THUOCL
就中最忆吴江隈			1		THUOCL
就中最爱霓裳舞			1		THUOCL
就死意甚烈			1		THUOCL
就重华而陈词			1		THUOCL
尽作官家税			1		THUOCL
尽日坐复卧			1		THUOCL
尽日无人共言语			1		THUOCL
尽日此桥头			1		THUOCL
尽日灵风不满旗			1		THUOCL
尽是补天余			1		THUOCL
尽眼凝滑无瑕疵			1		THUOCL
尾如流星首渴乌			1		THUOCL
居人思客客思家			1		THUOCL
居北海之滨			1		THUOCL
屈原古壮士			1		THUOCL
屈指几多人			1		THUOCL
屈指劳生百岁期			1		THUOCL
屈指西风几时来			1		THUOCL
屐上足如霜			1		THUOCL
展尽黄金缕			1		THUOCL
屠门而大嚼			1		THUOCL
履至尊而制六合			1		THUOCL
屧粉秋蛩扫			1		THUOCL
山上有遗塔			1		THUOCL
山上长松山下水			1		THUOCL
山东豪俊遂并起而亡秦族矣			1		THUOCL
山中习静观朝槿			1		THUOCL
山中无所有			1		THUOCL
山中有流水			1		THUOCL
山亦传此名			1		THUOCL
山北山南路欲无			1		THUOCL
山园细路高			1		THUOCL
山城斜路杏花香			1		THUOCL
山如碧浪翻江去			1		THUOCL
山如翠浪尽东倾			1		THUOCL
山寺归来闻好语			1		THUOCL
山川其舍诸			1		THUOCL
山带乌蛮阔			1		THUOCL
山昏塞日斜			1		THUOCL
山暝听猿愁			1		THUOCL
山月照弹琴			1		THUOCL
山月随人归			1		THUOCL
山林二十年			1		THUOCL
山林迹如扫			1		THUOCL
山染修眉新绿			1		THUOCL
山根盘驿道			1		THUOCL
山樱抱石荫松枝			1		THUOCL
山水空流山自闲			1		THUOCL
山爱夕阳时			1		THUOCL
山空松子落			1		THUOCL
山空霸气灭			1		THUOCL
山花如绣颊			1		THUOCL
山花开欲然			1		THUOCL
山花落尽山长在			1		THUOCL
山虚风落石			1		THUOCL
山行六七里			1		THUOCL
山衔好月来			1		THUOCL
山远天高烟水寒			1		THUOCL
山里风光亦可怜			1		THUOCL
山长水远知何处			1		THUOCL
山阴道士如相见			1		THUOCL
山风吹空林			1		THUOCL
山鸡照影空自爱			1		THUOCL
岁寒水冷天地闭			1		THUOCL
岁岁长相见			1		THUOCL
岂不如贼焉			1		THUOCL
岂为妻子谋			1		THUOCL
岂伊地气暖			1		THUOCL
岂其有他故兮			1		THUOCL
岂在多杀伤			1		THUOCL
岂堪开处已缤翻			1		THUOCL
岂效穷途之哭			1		THUOCL
岂料山中有遗宝			1		THUOCL
岂曰财赋强			1		THUOCL
岂曰非智勇			1		THUOCL
岂知关山苦			1		THUOCL
岂知千仞坠			1		THUOCL
岂知灌顶有醍醐			1		THUOCL
岂知还复有今年			1		THUOCL
岂能投死为韩凭			1		THUOCL
岂能无意酬乌鹊			1		THUOCL
岂轻于天下邪			1		THUOCL
岑参兄弟皆好奇			1		THUOCL
岚光破崖绿			1		THUOCL
岛屿佳境色			1		THUOCL
岩上无心云相逐			1		THUOCL
岩下云方合			1		THUOCL
岩峦行穹跨			1		THUOCL
岭南万户皆春色			1		THUOCL
岳阳城下水漫漫			1		THUOCL
岳阳壮观天下传			1		THUOCL
岸旁桃李为谁春			1		THUOCL
岸花焦灼尚余红			1		THUOCL
岸风翻夕浪			1		THUOCL
峨眉翠扫雨余天			1		THUOCL
峰多巧障日			1		THUOCL
峰嶂亦冥密			1		THUOCL
峰骈仙掌出			1		THUOCL
崔君夸药力			1		THUOCL
崔嵬飞迅湍			1		THUOCL
崔李题名王白诗			1		THUOCL
崩腾醉中流			1		THUOCL
嵩高苍翠北邙红			1		THUOCL
川渚屡径复			1		THUOCL
川迥洞庭开			1		THUOCL
州傍青山县枕湖			1		THUOCL
州家申名使家抑			1		THUOCL
巢倾翡翠低			1		THUOCL
巢非不完也			1		THUOCL
工匠之罪也			1		THUOCL
左右欲刃相如			1		THUOCL
左右皆曰贤			1		THUOCL
左相日兴费万钱			1		THUOCL
左臂悬敝筐			1		THUOCL
巧偷豪夺古来有			1		THUOCL
巧捷惟万端			1		THUOCL
巧未能胜拙			1		THUOCL
巧穿帘罅如相觅			1		THUOCL
巫山神女庙			1		THUOCL
差科死则已			1		THUOCL
已作对床声			1		THUOCL
已外浮名更外身			1		THUOCL
已忍伶俜十年事			1		THUOCL
已怜根损斩新栽			1		THUOCL
已报生擒吐谷浑			1		THUOCL
已收滴博云间戍			1		THUOCL
已映洲前芦荻花			1		THUOCL
已是十年踪迹十年心			1		THUOCL
已而为知者			1		THUOCL
已自感流年			1		THUOCL
已见松柏摧为薪			1		THUOCL
已闻清比圣			1		THUOCL
巴国尽所历			1		THUOCL
巴女骑牛唱竹枝			1		THUOCL
巴山楚水凄凉地			1		THUOCL
巴江上峡重复重			1		THUOCL
巴陵一望洞庭秋			1		THUOCL
市人行尽野人行			1		THUOCL
市南宜僚见鲁侯			1		THUOCL
布帆无恙挂秋风			1		THUOCL
布衾冷似铁			1		THUOCL
帅云霓而来御			1		THUOCL
帐下佳人拭泪痕			1		THUOCL
帐底吹笙香吐麝			1		THUOCL
帔晕紫槟榔			1		THUOCL
帘下宫人出			1		THUOCL
帘外落花双泪堕			1		THUOCL
帘幕东风寒料峭			1		THUOCL
帘幕深深处			1		THUOCL
帝乡明日到			1		THUOCL
帝王天子之德也			1		THUOCL
带长铗之陆离兮			1		THUOCL
席不暖君床			1		THUOCL
常以身翼蔽沛公			1		THUOCL
常在於险远			1		THUOCL
常恐秋风早			1		THUOCL
常排伤心事			1		THUOCL
常插梅花醉			1		THUOCL
常时低头诵经史			1		THUOCL
常时相对两三峰			1		THUOCL
常爱夏阳县			1		THUOCL
常苦沙崩损药栏			1		THUOCL
常荷地主恩			1		THUOCL
幕府旧烟青			1		THUOCL
干惟画肉不画骨			1		THUOCL
干芦一炬火			1		THUOCL
平原太守颜真卿			1		THUOCL
平台为客忧思多			1		THUOCL
平平仄仄平平			1		THUOCL
平明发轮台			1		THUOCL
平明闾巷扫花开			1		THUOCL
平林新月人归后			1		THUOCL
平沙万里绝人烟			1		THUOCL
平生塞北江南			1		THUOCL
平生多感慨			1		THUOCL
平生文字为吾累			1		THUOCL
平芜尽处是春山			1		THUOCL
平野入青徐			1		THUOCL
平铺湘水流			1		THUOCL
年命如朝露			1		THUOCL
年四十而见恶焉			1		THUOCL
年年喜见山长在			1		THUOCL
年年岁岁一床书			1		THUOCL
年年杀豚将喂狐			1		THUOCL
年年欲惜春			1		THUOCL
年年跃马长安市			1		THUOCL
年开第七秩			1		THUOCL
年来转觉此生浮			1		THUOCL
并吞八荒之心			1		THUOCL
幸与松筠相近栽			1		THUOCL
幸免非常病			1		THUOCL
幻化空身即法身			1		THUOCL
幼为长所育			1		THUOCL
幽人弹素琴			1		THUOCL
幽处欲生云			1		THUOCL
幽居在空谷			1		THUOCL
幽居默默如藏逃			1		THUOCL
幽州胡马客			1		THUOCL
幽怀忽破散			1		THUOCL
幽怨不堪听			1		THUOCL
幽独处乎山中			1		THUOCL
幽独抵归山			1		THUOCL
幽闲元不为人芳			1		THUOCL
幽龛入窈窕			1		THUOCL
广广乎其无不容也			1		THUOCL
广德若不足			1		THUOCL
广裁衫袖长制裙			1		THUOCL
广运无不至			1		THUOCL
庄则入为寿			1		THUOCL
庄周游于雕陵之樊			1		THUOCL
庄子则方箕踞鼓盆而歌			1		THUOCL
庄子持竿不顾			1		THUOCL
庄子钓于濮水			1		THUOCL
庄缶犹可击			1		THUOCL
床下夜相亲			1		THUOCL
床下见鱼游			1		THUOCL
床头书册乱纷纷			1		THUOCL
床底松声万壑哀			1		THUOCL
庐江主人妇			1		THUOCL
庐江小吏仲卿妻			1		THUOCL
庐陵欧阳修也			1		THUOCL
库中先散与金钱			1		THUOCL
应共冤魂语			1		THUOCL
应写黄庭换白鹅			1		THUOCL
应怜半死白头翁			1		THUOCL
应怜屐齿印苍苔			1		THUOCL
应拜霍嫖姚			1		THUOCL
应时而变者也			1		THUOCL
应是奉佛人			1		THUOCL
应是西陵古驿台			1		THUOCL
应照离人妆镜台			1		THUOCL
应知我是香案吏			1		THUOCL
应须饮酒不复道			1		THUOCL
府吏见丁宁			1		THUOCL
府吏闻此变			1		THUOCL
度我至军中			1		THUOCL
度曲绿云垂			1		THUOCL
度道里会遇之礼毕			1		THUOCL
座对贤人酒			1		THUOCL
庭树巢鹦鹉			1		THUOCL
庭草春深绶带长			1		THUOCL
庭轩寂寞近清明			1		THUOCL
庭院暗雨乍歇			1		THUOCL
庭雪到腰埋不死			1		THUOCL
庶以善自名			1		THUOCL
庶保贫与素			1		THUOCL
庶几有时衰			1		THUOCL
庶往共饥渴			1		THUOCL
廉君宣恶言			1		THUOCL
廉颇居梁久之			1		THUOCL
廉颇送至境			1		THUOCL
廉颇遂奔魏之大梁			1		THUOCL
延年直差易			1		THUOCL
建功及春荣			1		THUOCL
建德非吾土			1		THUOCL
建芳馨兮庑门			1		THUOCL
开元之中常引见			1		THUOCL
开口咏凤凰			1		THUOCL
开帘见新月			1		THUOCL
开筵近鸟巢			1		THUOCL
开箧泪沾臆			1		THUOCL
开视化为血			1		THUOCL
开门对玉莲			1		THUOCL
开颜发艳照里闾			1		THUOCL
异鹊从而利之			1		THUOCL
弃妾已去难重回			1		THUOCL
弃我如遗迹			1		THUOCL
弃捐勿复道			1		THUOCL
引无数英雄竟折腰			1		THUOCL
引竿自刺船			1		THUOCL
引领望金扉			1		THUOCL
弟子堂上分两厢			1		THUOCL
弟子孰为好学			1		THUOCL
弟子韩干早入室			1		THUOCL
张良是时从沛公			1		THUOCL
弦凝指咽声停处			1		THUOCL
弦平音自足			1		THUOCL
弦弦掩抑声声思			1		THUOCL
弦急悲声发			1		THUOCL
弱子戏我侧			1		THUOCL
弹看飞鸿劝胡酒			1		THUOCL
强乐还无味			1		THUOCL
强笑欲风天			1		THUOCL
归入武陵源			1		THUOCL
归客千里至			1		THUOCL
归家喜及辰			1		THUOCL
归心海外见明月			1		THUOCL
归思欲沾巾			1		THUOCL
归来仿佛三更			1		THUOCL
归来何太迟			1		THUOCL
归来华发苍颜			1		THUOCL
归来唯见秦淮碧			1		THUOCL
归来宴平乐			1		THUOCL
归来展转到五更			1		THUOCL
归老江湖边			1		THUOCL
归轩锦绣香			1		THUOCL
归途行欲曛			1		THUOCL
归雁来时数附书			1		THUOCL
归鸿声断残云碧			1		THUOCL
当今天子急贤良			1		THUOCL
当今廊庙具			1		THUOCL
当其欣于所遇			1		THUOCL
当哭相和也			1		THUOCL
当年不肯嫁春风			1		THUOCL
当年双桧是双童			1		THUOCL
当时命而大行乎天下			1		THUOCL
当时屋瓦始称珍			1		THUOCL
当时应逐南风落			1		THUOCL
当时花下就传杯			1		THUOCL
当路游丝萦醉客			1		THUOCL
当陵阳之焉至兮			1		THUOCL
当风不结兰麝囊			1		THUOCL
形劳而不休则弊			1		THUOCL
形变而有生			1		THUOCL
形适外无恙			1		THUOCL
彩线结茸背复叠			1		THUOCL
彩翠色如柏			1		THUOCL
彭祖巫咸几回死			1		THUOCL
彼仁人何其多忧也			1		THUOCL
彼其道幽远而无人			1		THUOCL
彼其道远而险			1		THUOCL
彼恶敢当我哉			1		THUOCL
彼民有常性			1		THUOCL
彼知颦美而不知颦之所以美			1		THUOCL
彼美玉山果			1		THUOCL
彼视渊若陵			1		THUOCL
往取凉州牧			1		THUOCL
往年曾再过			1		THUOCL
往往取酒还独倾			1		THUOCL
往往杀长吏			1		THUOCL
往日崎岖还记否			1		THUOCL
往来一万三千里			1		THUOCL
往来而不绝者			1		THUOCL
征夫怀远路			1		THUOCL
征帆一片绕蓬壶			1		THUOCL
征帆去棹残阳里			1		THUOCL
径无凡草唯生竹			1		THUOCL
径草踏还生			1		THUOCL
径须沽取对君酌			1		THUOCL
待吾还丹成			1		THUOCL
待晓堂前拜舅姑			1		THUOCL
待诏金马门			1		THUOCL
律中鬼神惊			1		THUOCL
徐妃久已嫁			1		THUOCL
徒令上将挥神笔			1		THUOCL
徒劳恨费声			1		THUOCL
徒慕君之高义也			1		THUOCL
徒此揖清芬			1		THUOCL
徒留无所施			1		THUOCL
徒要教郎比并看			1		THUOCL
得之心而寓之酒也			1		THUOCL
得兔而忘蹄			1		THUOCL
得列嘉树中			1		THUOCL
得及游丝百尺长			1		THUOCL
得复见将军于此			1		THUOCL
得志行乎中国			1		THUOCL
得我色敷腴			1		THUOCL
得自洞庭口			1		THUOCL
得见有恒者			1		THUOCL
得道伊洛滨			1		THUOCL
得鱼而忘荃			1		THUOCL
徘徊于斗牛之间			1		THUOCL
徙倚望沧海			1		THUOCL
御厨络绎送八珍			1		THUOCL
御宇多年求不得			1		THUOCL
微之炼秋石			1		THUOCL
微云淡河汉			1		THUOCL
微凉卧北轩			1		THUOCL
微子为哀伤			1		THUOCL
微官敢有济时心			1		THUOCL
微幽兰之芳蔼兮			1		THUOCL
微月没已久			1		THUOCL
微躯此外更何求			1		THUOCL
微雨霭芳原			1		THUOCL
微风襟袖知			1		THUOCL
德固不小识			1		THUOCL
心与竹俱空			1		THUOCL
心与虚空俱			1		THUOCL
心中与之然			1		THUOCL
心中常苦悲			1		THUOCL
心事一杯中			1		THUOCL
心事两悠然			1		THUOCL
心亦不能为之哀			1		THUOCL
心同野鹤与尘远			1		THUOCL
心如止水鉴常明			1		THUOCL
心如韩寿爱偷香			1		THUOCL
心恬内无忧			1		THUOCL
心悦君兮知不知			1		THUOCL
心振荡而不怡			1		THUOCL
心清闻妙香			1		THUOCL
心犹豫而狐疑			1		THUOCL
心知所见皆幻影			1		THUOCL
心足虽贫不道贫			1		THUOCL
心迹喜双清			1		THUOCL
心阵未成星满池			1		THUOCL
心随湖水共悠悠			1		THUOCL
心静海鸥知			1		THUOCL
心飞扬兮浩荡			1		THUOCL
心飞故国楼			1		THUOCL
必世而后仁			1		THUOCL
必也临事而惧			1		THUOCL
必使仰足以事父母			1		THUOCL
必千乘之家			1		THUOCL
必变色而作			1		THUOCL
必慢其经界			1		THUOCL
必正席先尝之			1		THUOCL
必死耀丹诚			1		THUOCL
必熟而荐之			1		THUOCL
必能裨补阙漏			1		THUOCL
忆我少壮时			1		THUOCL
忆昔洛阳董糟丘			1		THUOCL
忍使骅骝气凋丧			1		THUOCL
忍放花如雪			1		THUOCL
忍死须臾待杜根			1		THUOCL
忍能对面为盗贼			1		THUOCL
志与秋霜洁			1		THUOCL
志士不忘在沟壑			1		THUOCL
志士多苦心			1		THUOCL
志士惜日短			1		THUOCL
忘身于外者			1		THUOCL
忘适之适也			1		THUOCL
忙应不及闲			1		THUOCL
忠信事不显			1		THUOCL
忠州刺史时			1		THUOCL
忠臣不谄其君			1		THUOCL
忧世心力弱			1		THUOCL
忧来思君不敢忘			1		THUOCL
忧虞何时毕			1		THUOCL
快意雄风海上来			1		THUOCL
念奴娇昆仑			1		THUOCL
念武陵人远			1		THUOCL
忽吾行此流沙兮			1		THUOCL
忽如江浦上			1		THUOCL
忽尽下牢边			1		THUOCL
忽忆两京梅发时			1		THUOCL
忽忆故人天际去			1		THUOCL
忽忆绣衣人			1		THUOCL
忽惊二十五万丈			1		THUOCL
忽然一夜春风来			1		THUOCL
忽然欠伸屋打头			1		THUOCL
忽闻唐衢死			1		THUOCL
忽闻歌古调			1		THUOCL
忽魂悸以魄动			1		THUOCL
怀古钦英风			1		THUOCL
怀役不遑寐			1		THUOCL
怀抱即依然			1		THUOCL
怀王与诸将约曰			1		THUOCL
怅卧新春白袷衣			1		THUOCL
怅然吟式微			1		THUOCL
怒其臂以当车辙			1		THUOCL
怒者其谁邪			1		THUOCL
怜君何事到天涯			1		THUOCL
思与故人言			1		THUOCL
思为双飞燕			1		THUOCL
思久故之亲身兮			1		THUOCL
思乡泪满巾			1		THUOCL
思入风云变态中			1		THUOCL
思君君不来			1		THUOCL
思君如百草			1		THUOCL
思欲委符节			1		THUOCL
思索以通之			1		THUOCL
思飘云物外			1		THUOCL
怡然敬父执			1		THUOCL
性慵无病常称病			1		THUOCL
性灵出万象			1		THUOCL
性短非所续			1		THUOCL
怨灵修之浩荡兮			1		THUOCL
怪底眼花悬两目			1		THUOCL
怪道侬来凭吊日			1		THUOCL
总向愁中白			1		THUOCL
总赖东君主			1		THUOCL
恁别无萦绊			1		THUOCL
恁时相见早留心			1		THUOCL
恂然弃而走			1		THUOCL
恋月潭边坐石棱			1		THUOCL
恍恍与之去			1		THUOCL
恐为仙者迎			1		THUOCL
恐子就沦灭			1		THUOCL
恐年岁之不吾与			1		THUOCL
恐是潘安县			1		THUOCL
恐结他生里			1		THUOCL
恐美人之迟暮			1		THUOCL
恨不移封向酒泉			1		THUOCL
恨到归时方始休			1		THUOCL
恨无人似花依旧			1		THUOCL
恨无知音赏			1		THUOCL
恨晨光之熹微			1		THUOCL
恭而无礼则劳			1		THUOCL
恰似十五女儿腰			1		THUOCL
恰如年少洞房人			1		THUOCL
悄悄至更阑			1		THUOCL
悔不当时留住			1		THUOCL
悔作商人妇			1		THUOCL
悟来皆是道			1		THUOCL
悠悠伏枕左书空			1		THUOCL
悠悠天地间			1		THUOCL
悠悠浮云身			1		THUOCL
患其不能也			1		THUOCL
悦亲戚之情话			1		THUOCL
悬崖置屋牢			1		THUOCL
悲歌为黎元			1		THUOCL
悲甚则哭之			1		THUOCL
悼良会之永绝兮			1		THUOCL
情因老更慈			1		THUOCL
情用赏为美			1		THUOCL
惆怅中何寄			1		THUOCL
惆怅年华暗换			1		THUOCL
惆怅空知思后会			1		THUOCL
惆怅难再述			1		THUOCL
惊回千里梦			1		THUOCL
惊波一起三山动			1		THUOCL
惊起妻孥一笑哗			1		THUOCL
惊霜落素丝			1		THUOCL
惊飞远映碧山去			1		THUOCL
惟与蜘蛛乞巧丝			1		THUOCL
惟大人为能格君心之非			1		THUOCL
惟将终夜长开眼			1		THUOCL
惟恐琼楼玉宇			1		THUOCL
惟有一堪赏			1		THUOCL
惟有乳下孙			1		THUOCL
惟有幽人自来去			1		THUOCL
惟有柳湖万株柳			1		THUOCL
惟有楼前流水			1		THUOCL
惟梁孝王都			1		THUOCL
惟草木之零落兮			1		THUOCL
惠泉山下土如濡			1		THUOCL
惨淡看铭旌			1		THUOCL
惭无倾城色			1		THUOCL
想当治道时			1		THUOCL
想见先生未病时			1		THUOCL
想见山阿人			1		THUOCL
惹起旧愁无限			1		THUOCL
愁云黪淡万里凝			1		THUOCL
愁人正在书窗下			1		THUOCL
愁人知夜长			1		THUOCL
愁情相与悬			1		THUOCL
愁抵瞿唐关上草			1		THUOCL
愁杀芳年友			1		THUOCL
愁翁笑口大难开			1		THUOCL
愁肠待酒舒			1		THUOCL
愁还随我上高楼			1		THUOCL
愁鬓明朝又一年			1		THUOCL
愈往而不知其所穷			1		THUOCL
意之所不能察致者			1		THUOCL
意之所随者			1		THUOCL
意内称长短			1		THUOCL
意在万里谁知之			1		THUOCL
意欲凌风翔			1		THUOCL
意气相倾山可移			1		THUOCL
意求异士知			1		THUOCL
愚人之所以为愚			1		THUOCL
愚者爱惜费			1		THUOCL
感君缠绵意			1		THUOCL
感子故意长			1		THUOCL
感慨系之矣			1		THUOCL
感我此言良久立			1		THUOCL
感时思弟妹			1		THUOCL
感极而悲者矣			1		THUOCL
感物念所欢			1		THUOCL
感郎千金意			1		THUOCL
愿为东南枝			1		THUOCL
愿为西南风			1		THUOCL
愿以境内累矣			1		THUOCL
愿伯具言臣之不敢倍德也			1		THUOCL
愿君闻此添蜡烛			1		THUOCL
愿年年岁岁			1		THUOCL
愿托华池边			1		THUOCL
愿言试长剑			1		THUOCL
愿闻子之志			1		THUOCL
愿随夫子天坛上			1		THUOCL
慊慊思归恋故乡			1		THUOCL
慎勿将身轻许人			1		THUOCL
慢肤多汗真相宜			1		THUOCL
慵闲无一事			1		THUOCL
懒心似江水			1		THUOCL
懒朝真与世相违			1		THUOCL
戍鼓断人行			1		THUOCL
戎马关山北			1		THUOCL
戏咏猩猩毛笔二首			1		THUOCL
戏咏蜡梅二首			1		THUOCL
戏拈秃笔扫骅骝			1		THUOCL
戏问花门酒家翁			1		THUOCL
我亦举家清			1		THUOCL
我亦君之徒			1		THUOCL
我亦曾到秦人家			1		THUOCL
我今六十五			1		THUOCL
我从南方来			1		THUOCL
我何苦哀伤			1		THUOCL
我叩其两端而竭焉			1		THUOCL
我名公字偶相同			1		THUOCL
我命绝今日			1		THUOCL
我四十不动心			1		THUOCL
我在路中央			1		THUOCL
我在钱塘拓湖渌			1		THUOCL
我家在山西			1		THUOCL
我家江水初发源			1		THUOCL
我家洗砚池头树			1		THUOCL
我屋公墩在眼中			1		THUOCL
我年十六游名场			1		THUOCL
我当二十不得意			1		THUOCL
我心素已闲			1		THUOCL
我怀郁如焚			1		THUOCL
我报路长嗟日暮			1		THUOCL
我早生华发			1		THUOCL
我昔少年日			1		THUOCL
我昔游锦城			1		THUOCL
我是清都山水郎			1		THUOCL
我有一匹好东绢			1		THUOCL
我有一瓢酒			1		THUOCL
我有所念人			1		THUOCL
我有所感事			1		THUOCL
我未之见也			1		THUOCL
我李百万叶			1		THUOCL
我来圯桥上			1		THUOCL
我来扬都市			1		THUOCL
我来施食尔垂钩			1		THUOCL
我来竟何事			1		THUOCL
我欲一挥手			1		THUOCL
我欲乘风去			1		THUOCL
我欲穿花寻路			1		THUOCL
我欲醉眠芳草			1		THUOCL
我歌今与君殊科			1		THUOCL
我独不得出			1		THUOCL
我生不有命			1		THUOCL
我生天地间			1		THUOCL
我生无田食破砚			1		THUOCL
我生本无乡			1		THUOCL
我田方寸耕不尽			1		THUOCL
我知之濠上也			1		THUOCL
我离虽则岁物改			1		THUOCL
我肉众生肉			1		THUOCL
我行殊未已			1		THUOCL
我行畏人知			1		THUOCL
我被人驱向鸭群			1		THUOCL
我见常再拜			1		THUOCL
我读万卷书			1		THUOCL
我醉拍手狂歌			1		THUOCL
我闻琵琶已叹息			1		THUOCL
戒酒杯使勿近			1		THUOCL
或五十步而后止			1		THUOCL
或凭几学书			1		THUOCL
或可重阳更一来			1		THUOCL
或百步而后止			1		THUOCL
或谓孔子曰			1		THUOCL
战伐有功业			1		THUOCL
戚戚苦无悰			1		THUOCL
戴花红石竹			1		THUOCL
户服艾以盈要兮			1		THUOCL
所以持死节			1		THUOCL
所以谓人皆有不忍人之心者			1		THUOCL
所以遣将守关者			1		THUOCL
所悲忠与义			1		THUOCL
所期就金液			1		THUOCL
所欲有甚于生者			1		THUOCL
所系者然也			1		THUOCL
扁舟何处寻			1		THUOCL
扁舟意不忘			1		THUOCL
手持绿玉杖			1		THUOCL
手捋红杏蕊			1		THUOCL
手提掷还崔大夫			1		THUOCL
手提新画青松障			1		THUOCL
手栽荔子待我归			1		THUOCL
才始送春归			1		THUOCL
打作春瓮鹅儿酒			1		THUOCL
托兴每不浅			1		THUOCL
执弹而留之			1		THUOCL
执敲扑而鞭笞天下			1		THUOCL
执策而临之			1		THUOCL
扪参历井仰胁息			1		THUOCL
扬州市里商人女			1		THUOCL
扬灵兮未极			1		THUOCL
扶桑已成薪			1		THUOCL
承天寺夜游			1		THUOCL
承恩不在貌			1		THUOCL
把盏凄然北望			1		THUOCL
把盏对花容一呷			1		THUOCL
把破帽年年拈出			1		THUOCL
把酒坐看珠跳盆			1		THUOCL
把酒问姮娥			1		THUOCL
抑亦先觉者			1		THUOCL
投冠旋旧墟			1		THUOCL
投诗赠汨罗			1		THUOCL
投躯寄天下			1		THUOCL
投迹山水地			1		THUOCL
投迹归此地			1		THUOCL
投饭救饥渴			1		THUOCL
折断门前柳			1		THUOCL
折芳馨兮遗所思			1		THUOCL
折麻心莫展			1		THUOCL
抚孤松而盘桓			1		THUOCL
抚背复谁怜			1		THUOCL
报养刘之日短也			1		THUOCL
报韩虽不成			1		THUOCL
披帷西向立			1		THUOCL
披香殿广十丈余			1		THUOCL
抱关老卒饥不眠			1		THUOCL
抱明月而长终			1		THUOCL
抱璞求所归			1		THUOCL
拂尽五松山			1		THUOCL
拂窗新柳色			1		THUOCL
拄杖无时夜扣门			1		THUOCL
担囊行取薪			1		THUOCL
拔剑撞而破之			1		THUOCL
拙诗在壁无人爱			1		THUOCL
招待出牢人			1		THUOCL
招魂楚些何嗟及			1		THUOCL
拟把疏狂图一醉			1		THUOCL
拥炉开酒缸			1		THUOCL
括不可使将			1		THUOCL
拭泪相看是故人			1		THUOCL
拾得翠翘何恨不能言			1		THUOCL
持一象笏至			1		THUOCL
持家但有四立壁			1		THUOCL
持此足为乐			1		THUOCL
持钱买花树			1		THUOCL
挂席欲进波连山			1		THUOCL
指如削葱根			1		THUOCL
指直不得结			1		THUOCL
挟弹章台左			1		THUOCL
挥策还孤舟			1		THUOCL
挥翰宿春天			1		THUOCL
捐余玦兮江中			1		THUOCL
捐弹而反走			1		THUOCL
换得东家种树书			1		THUOCL
捣药兔长生			1		THUOCL
掀舞一叶白头翁			1		THUOCL
探古穷至妙			1		THUOCL
探金英知近重阳			1		THUOCL
接叶制茅亭			1		THUOCL
接筒引水喉不干			1		THUOCL
控弦尽用阴山儿			1		THUOCL
控弦破左的			1		THUOCL
推心辅王政			1		THUOCL
掩卷忽而笑			1		THUOCL
掩泪悲千古			1		THUOCL
揉破黄金万点轻			1		THUOCL
揉碎在浮藻间			1		THUOCL
提剑出燕京			1		THUOCL
提携袴中儿			1		THUOCL
揖让月在手			1		THUOCL
握兰勤徒结			1		THUOCL
握手珠眶涨			1		THUOCL
揭竿命爵分雄雌			1		THUOCL
援琴鸣弦发清商			1		THUOCL
揽茹蕙以掩涕兮			1		THUOCL
揽裙脱丝履			1		THUOCL
搴芙蓉兮木末			1		THUOCL
携我远来游渼陂			1		THUOCL
携手共行乐			1		THUOCL
携手玩芳丛			1		THUOCL
携盘独出月荒凉			1		THUOCL
摇尾而求食			1		THUOCL
摇曳碧云斜			1		THUOCL
摇艳桂水云			1		THUOCL
摇荡花间雨			1		THUOCL
摘得菊花携得酒			1		THUOCL
摘来正带凌晨露			1		THUOCL
摧甓蔓寒葩			1		THUOCL
摩围山色醉今朝			1		THUOCL
摩诃池上春光早			1		THUOCL
摩诃池上追游路			1		THUOCL
撩乱边愁听不尽			1		THUOCL
播西都之丽草兮			1		THUOCL
操余弧兮反沦降			1		THUOCL
擢秀繁霜中			1		THUOCL
攒金卢橘坞			1		THUOCL
攘袖见素手			1		THUOCL
收租税而平原君家不肯出租			1		THUOCL
放一轮明月			1		THUOCL
放情咏离骚			1		THUOCL
放歌颇愁绝			1		THUOCL
放言五首并序			1		THUOCL
故万物一也			1		THUOCL
故人一别几时见			1		THUOCL
故人供禄米			1		THUOCL
故人入我梦			1		THUOCL
故人家在桃花岸			1		THUOCL
故人知我意			1		THUOCL
故人送我东来时			1		THUOCL
故列叙时人			1		THUOCL
故去彼取此			1		THUOCL
故君子名之必可言也			1		THUOCL
故君子居必择乡			1		THUOCL
故君子有不战			1		THUOCL
故善战者服上刑			1		THUOCL
故园芜已平			1		THUOCL
故国平居有所思			1		THUOCL
故圣人之用兵也			1		THUOCL
故垒萧萧芦荻秋			1		THUOCL
故士有画地为牢			1		THUOCL
故学数有终			1		THUOCL
故将愁苦而终穷			1		THUOCL
故山知好在			1		THUOCL
故性长非所断			1		THUOCL
故旷日长久而社稷安矣			1		THUOCL
故有斯人慰寂寥			1		THUOCL
故民之从之也轻			1		THUOCL
故渔者歌曰			1		THUOCL
故燕王欲结于君			1		THUOCL
故画作远山长			1		THUOCL
故知足不辱			1		THUOCL
故纯朴不残			1		THUOCL
故能成器长			1		THUOCL
故能胜物而不伤			1		THUOCL
故虽有名马			1		THUOCL
故足以动人			1		THUOCL
故遣将守关者			1		THUOCL
故闻伯夷之风者			1		THUOCL
故饭牛而牛肥			1		THUOCL
敏捷诗千首			1		THUOCL
敏给搏捷矢			1		THUOCL
敕赐珊瑚白玉鞭			1		THUOCL
教君恣意怜			1		THUOCL
教坊犹奏别离歌			1		THUOCL
教坊犹奏离别歌			1		THUOCL
教妾若为容			1		THUOCL
教育及时堪赞赏			1		THUOCL
敛尽春山羞不语			1		THUOCL
敝庐何必广			1		THUOCL
敢以耳目烦神工			1		THUOCL
敢将十指夸针巧			1		THUOCL
敢昭告于皇皇后帝			1		THUOCL
敢辞湫隘与嚣尘			1		THUOCL
敢问何谓也			1		THUOCL
散似秋云无觅处			1		THUOCL
散关三尺雪			1		THUOCL
散发乘夕凉			1		THUOCL
散员足庇身			1		THUOCL
散在六合间			1		THUOCL
散火杨梅林			1		THUOCL
散诞人间乐			1		THUOCL
敬遣代表林祖涵			1		THUOCL
数之所不能分也			1		THUOCL
数之所不能穷也			1		THUOCL
数口之家可以无饥矣			1		THUOCL
数有所不逮			1		THUOCL
数间茅屋闲临水			1		THUOCL
数骑渔阳探使回			1		THUOCL
敲门都不应			1		THUOCL
整整复斜斜			1		THUOCL
文之以礼乐			1		THUOCL
文楸方罫花参差			1		THUOCL
文献不足故也			1		THUOCL
文章辉五色			1		THUOCL
文章韩杜无遗恨			1		THUOCL
斑竹一支千滴泪			1		THUOCL
斗巧尽输年少			1		THUOCL
斗水何直百忧宽			1		THUOCL
斜低建章阙			1		THUOCL
斜日一双双			1		THUOCL
斟酌姮娥寡			1		THUOCL
斧冰持作糜			1		THUOCL
斫去桂婆娑			1		THUOCL
断尽苏州刺史肠			1		THUOCL
断无消息石榴红			1		THUOCL
斯不亦惠而不费乎			1		THUOCL
斯亦不足畏也已			1		THUOCL
斯亦伐根以求木茂			1		THUOCL
斯有不忍人之政矣			1		THUOCL
斯谓之仁已乎			1		THUOCL
新丰绿树起黄埃			1		THUOCL
新买五尺刀			1		THUOCL
新制绫袄成感而有咏			1		THUOCL
新妆宜面下朱楼			1		THUOCL
新恨云山千叠			1		THUOCL
新诗出谈笑			1		THUOCL
新诗改罢自长吟			1		THUOCL
新贴绣罗襦			1		THUOCL
新郎君去马如飞			1		THUOCL
新雨带秋岚			1		THUOCL
新面来近市			1		THUOCL
方员之至也			1		THUOCL
方期沆瀁游			1		THUOCL
方法论的宏大框架			1		THUOCL
方蔺相如引璧睨柱			1		THUOCL
施佛空留丈六身			1		THUOCL
旁人不惜妻止之			1		THUOCL
旅次兼百忧			1		THUOCL
旅次湘沅有怀灵均			1		THUOCL
旅雁上云归紫塞			1		THUOCL
旅馆寒灯独不眠			1		THUOCL
旗脚倚风时弄影			1		THUOCL
无为守穷贱			1		THUOCL
无乃太匆忙			1		THUOCL
无乃太简乎			1		THUOCL
无乐自欣豫			1		THUOCL
无人立碑碣			1		THUOCL
无人解爱萧条境			1		THUOCL
无以得殉名			1		THUOCL
无以终余年			1		THUOCL
无动而不变			1		THUOCL
无吝宴游过			1		THUOCL
无因移得到人家			1		THUOCL
无处可安排			1		THUOCL
无处豁怀抱			1		THUOCL
无夕不思量			1		THUOCL
无夜不相思			1		THUOCL
无奈朝来寒雨晚来风			1		THUOCL
无奈被些名利缚			1		THUOCL
无惛惛之事者			1		THUOCL
无愁头上亦垂丝			1		THUOCL
无成涕作霖			1		THUOCL
无所去忧也			1		THUOCL
无数新禽有喜声			1		THUOCL
无日不瞻望			1		THUOCL
无时而不移			1		THUOCL
无有入无间			1		THUOCL
无树不开花			1		THUOCL
无此道而为此服者			1		THUOCL
无求于物长精神			1		THUOCL
无泥未有尘			1		THUOCL
无点亦无声			1		THUOCL
无物结同心			1		THUOCL
无由再逢伊面			1		THUOCL
无由持一碗			1		THUOCL
无由睹雄略			1		THUOCL
无衣床夜寒			1		THUOCL
无言谁会凭阑意			1		THUOCL
无计留春住			1		THUOCL
无计相回避			1		THUOCL
无论海角与天涯			1		THUOCL
无那尘缘容易绝			1		THUOCL
无那金闺万里愁			1		THUOCL
无非一念救苍生			1		THUOCL
无食无儿一妇人			1		THUOCL
既自以心为形役			1		THUOCL
日入相与归			1		THUOCL
日出而林霏开			1		THUOCL
日夕凉风至			1		THUOCL
日夕殊不来			1		THUOCL
日夕连秋声			1		THUOCL
日夜向沧洲			1		THUOCL
日夜望将军至			1		THUOCL
日射血珠将滴地			1		THUOCL
日忽忽其将暮			1		THUOCL
日斜归去奈何春			1		THUOCL
日斜征虏亭			1		THUOCL
日日悲看水独流			1		THUOCL
日映西陵松柏枝			1		THUOCL
日晏犹得眠			1		THUOCL
日晚上楼招估客			1		THUOCL
日暮客愁新			1		THUOCL
日暮归来洗靴袜			1		THUOCL
日暮待情人			1		THUOCL
日暮敲门无处换			1		THUOCL
日暮荥阳驿中宿			1		THUOCL
日暮行人争渡急			1		THUOCL
日月不得不行			1		THUOCL
日月同光华			1		THUOCL
日月掷人去			1		THUOCL
日本晁卿辞帝都			1		THUOCL
日落看归鸟			1		THUOCL
日落衡云西			1		THUOCL
日落青龙见水中			1		THUOCL
日见孤峰水上浮			1		THUOCL
日长睡起无情思			1		THUOCL
日高人渴漫思茶			1		THUOCL
旦余济乎江湘			1		THUOCL
旦日不可不蚤自来谢项王			1		THUOCL
旦日飨士卒			1		THUOCL
旦辞黄河去			1		THUOCL
旧家燕子傍谁飞			1		THUOCL
旧恨春江流未断			1		THUOCL
旧时天气旧时衣			1		THUOCL
旧来好事今能否			1		THUOCL
旧谷犹储今			1		THUOCL
早春寄王汉阳			1		THUOCL
早晚复相逢			1		THUOCL
早知潮有信			1		THUOCL
早秋惊落叶			1		THUOCL
早终非命促			1		THUOCL
早落先梧桐			1		THUOCL
时不可兮再得			1		THUOCL
时世高梳髻			1		THUOCL
时亦犹其未央			1		THUOCL
时人嫌不取			1		THUOCL
时人莫小池中水			1		THUOCL
时光只解催人老			1		THUOCL
时命大谬也			1		THUOCL
时命或大缪			1		THUOCL
时弄小娇孙			1		THUOCL
时时引领望天末			1		THUOCL
时时闻鸟语			1		THUOCL
时有落花至			1		THUOCL
时矫首而遐观			1		THUOCL
时节忽复易			1		THUOCL
时见归村人			1		THUOCL
时见松枥皆十围			1		THUOCL
时见疏星渡河汉			1		THUOCL
时闻下子声			1		THUOCL
旷兮其若谷			1		THUOCL
旷然忘所在			1		THUOCL
旷然见三巴			1		THUOCL
昊天有成命			1		THUOCL
昌亭旅食年			1		THUOCL
明乎礼义而陋于知人心			1		THUOCL
明君制民之产			1		THUOCL
明妃初嫁与胡儿			1		THUOCL
明年半百又加三			1		THUOCL
明年复攻赵			1		THUOCL
明年尚作南宾守			1		THUOCL
明年花开复谁在			1		THUOCL
明我长相忆			1		THUOCL
明日长桥上			1		THUOCL
明日黄花蝶也愁			1		THUOCL
明旦沟水头			1		THUOCL
明星惜此筵			1		THUOCL
明月不归沉碧海			1		THUOCL
明月在云间			1		THUOCL
明月易低人易散			1		THUOCL
明月生南浦			1		THUOCL
明月皎夜光			1		THUOCL
明月皎皎照我床			1		THUOCL
明朝挂帆席			1		THUOCL
明朝望乡处			1		THUOCL
明朝独向青山郭			1		THUOCL
明此以北面			1		THUOCL
明此以南乡			1		THUOCL
明湖映天光			1		THUOCL
明珠交玉体			1		THUOCL
明珠青玉不足报			1		THUOCL
明登天姥岑			1		THUOCL
明镜从他别画眉			1		THUOCL
昏昏雪意云垂野			1		THUOCL
昏昏雾雨暗衡茅			1		THUOCL
昔为倡家女			1		THUOCL
昔人因梦到青冥			1		THUOCL
昔尧治天下			1		THUOCL
昔岁逢太平			1		THUOCL
昔我同门友			1		THUOCL
昔日横波目			1		THUOCL
昔日青青今在否			1		THUOCL
昔昔都成玦			1		THUOCL
昔看黄菊与君别			1		THUOCL
昔者庄周梦为胡蝶			1		THUOCL
昔饮雩泉别常山			1		THUOCL
星汉西流夜未央			1		THUOCL
映得芙蓉不是花			1		THUOCL
映我绯衫浑不见			1		THUOCL
映竹无人见			1		THUOCL
映竹水穿沙			1		THUOCL
映阶碧草自春色			1		THUOCL
春从春游夜专夜			1		THUOCL
春似酒杯浓			1		THUOCL
春低杨柳枝			1		THUOCL
春兰如美人			1		THUOCL
春初早被相思染			1		THUOCL
春前为送浣花村			1		THUOCL
春去不容惜			1		THUOCL
春变烟波色			1		THUOCL
春夜洛城闻笛			1		THUOCL
春夜行蕲水中			1		THUOCL
春寒花较迟			1		THUOCL
春山携妓采茶时			1		THUOCL
春岸绿时连梦泽			1		THUOCL
春归秣陵树			1		THUOCL
春情只到梨花薄			1		THUOCL
春意阑珊日又斜			1		THUOCL
春日暄甚戏作			1		THUOCL
春日醉起言志			1		THUOCL
春早见花枝			1		THUOCL
春明门外即天涯			1		THUOCL
春星带草堂			1		THUOCL
春暖撤夜衾			1		THUOCL
春月夜啼鸦			1		THUOCL
春来绰约向人时			1		THUOCL
春来还发旧时花			1		THUOCL
春桥杨柳应齐叶			1		THUOCL
春梭抛掷鸣高楼			1		THUOCL
春气晚更生			1		THUOCL
春水船如天上坐			1		THUOCL
春江欲入户			1		THUOCL
春江绕双流			1		THUOCL
春江风水连天阔			1		THUOCL
春深买为花			1		THUOCL
春生江上几人还			1		THUOCL
春盘春酒年年好			1		THUOCL
春色岂知心			1		THUOCL
春色恼人眠不得			1		THUOCL
春色未曾看			1		THUOCL
春草明年绿			1		THUOCL
春草还从旧处生			1		THUOCL
春草鹿呦呦			1		THUOCL
春风一夜吹香梦			1		THUOCL
春风不相识			1		THUOCL
春风吹浪正淘沙			1		THUOCL
春风吹酒熟			1		THUOCL
春风啜茗时			1		THUOCL
春风摇江天漠漠			1		THUOCL
春风无限潇湘意			1		THUOCL
春风日日吹香草			1		THUOCL
春风春雨花经眼			1		THUOCL
春风来海上			1		THUOCL
春风桃李花开日			1		THUOCL
春风犹隔武陵溪			1		THUOCL
春风知别苦			1		THUOCL
春风缘隙来			1		THUOCL
昧者不知也			1		THUOCL
昨夜东风入武阳			1		THUOCL
昨夜寒蛩不住鸣			1		THUOCL
昨夜巫山下			1		THUOCL
昨夜微霜初度河			1		THUOCL
昨夜松边醉倒			1		THUOCL
昨夜还曾倚			1		THUOCL
昨宵梦里还			1		THUOCL
昨日看花花灼灼			1		THUOCL
昨玩西城月			1		THUOCL
昭君坊中多女伴			1		THUOCL
昭昭天宇阔			1		THUOCL
是乃仁术也			1		THUOCL
是以万物莫不尊道而贵德			1		THUOCL
是以君子为国			1		THUOCL
是以君子恶居下流			1		THUOCL
是以圣人之治			1		THUOCL
是以圣人处无为之事			1		THUOCL
是以圣人抱一为天下式			1		THUOCL
是以论其世也			1		THUOCL
是以谓之文也			1		THUOCL
是以陷邻境			1		THUOCL
是何异於刺人而杀之			1		THUOCL
是其才之美者也			1		THUOCL
是同为淫僻也			1		THUOCL
是处玳筵罗列			1		THUOCL
是处青山可埋骨			1		THUOCL
是夕始觉有迁谪意			1		THUOCL
是天地之委形也			1		THUOCL
是岁江南旱			1		THUOCL
是役人之役			1		THUOCL
是得人之得而不自得其得者也			1		THUOCL
是恒物之大情也			1		THUOCL
是所以语大义之方			1		THUOCL
是故弟子不必不如师			1		THUOCL
是故无冥冥之志者			1		THUOCL
是故禽兽可系羁而游			1		THUOCL
是故骈于足者			1		THUOCL
是时青裙女			1		THUOCL
是相与为春秋冬夏四时行也			1		THUOCL
是臣尽节于陛下之日长			1		THUOCL
是谓反其真			1		THUOCL
是集义所生者			1		THUOCL
晃荡绝壁横			1		THUOCL
晋阳已陷休回顾			1		THUOCL
晋陶渊明独爱菊			1		THUOCL
晓凉暮凉树如盖			1		THUOCL
晓来频嚏为何人			1		THUOCL
晓汲清湘燃楚竹			1		THUOCL
晓烟低护野人家			1		THUOCL
晓看阴根紫陌生			1		THUOCL
晓耕翻露草			1		THUOCL
晓驾炭车辗冰辙			1		THUOCL
晚下香山蹋翠微			1		THUOCL
晚坐松檐下			1		THUOCL
晚成单罗衫			1		THUOCL
晚景卧钟边			1		THUOCL
晚登单父台			1		THUOCL
晤言一室之内			1		THUOCL
晨光映远岫			1		THUOCL
晨登瓦官阁			1		THUOCL
晨起动征铎			1		THUOCL
晨钟云外湿			1		THUOCL
晨鸡且勿唱			1		THUOCL
景物自成诗			1		THUOCL
晰晰燎火光			1		THUOCL
晴光转绿苹			1		THUOCL
晴添树木光			1		THUOCL
晶晶掷岩端			1		THUOCL
暂伴月将影			1		THUOCL
暂出白门前			1		THUOCL
暂忘设醴抽身去			1		THUOCL
暂时分手莫踌躇			1		THUOCL
暖汤濯我足			1		THUOCL
暗水流花径			1		THUOCL
暗觉海风度			1		THUOCL
暗飞萤自照			1		THUOCL
暝投剡中宿			1		THUOCL
暮从碧山下			1		THUOCL
暮去朝来颜色故			1		THUOCL
暮年垂泪对桓伊			1		THUOCL
暮投交河城			1		THUOCL
暮栖白鹭洲			1		THUOCL
暮雨向三峡			1		THUOCL
暴殄天物圣所哀			1		THUOCL
暾将出兮东方			1		THUOCL
曰师曰弟子云者			1		THUOCL
曲士不可以语于道者			1		THUOCL
曲岸回篙舴艋迟			1		THUOCL
曲岸深潭一山叟			1		THUOCL
曲终收拨当心画			1		THUOCL
曲罢曾教善才服			1		THUOCL
曲阑深处重相见			1		THUOCL
曳屐出东冈			1		THUOCL
更一重烟水一重云			1		THUOCL
更吹羌笛关山月			1		THUOCL
更复春从沙际归			1		THUOCL
更多还肯失林峦			1		THUOCL
更夺蓬婆雪外城			1		THUOCL
更将空壳付冠师			1		THUOCL
更无一字不清真			1		THUOCL
更无消息到如今			1		THUOCL
更深月色半人家			1		THUOCL
更登楼望尤堪重			1		THUOCL
更绕衰丛一匝看			1		THUOCL
更觉鹤心通杳冥			1		THUOCL
更请君王猎一围			1		THUOCL
更遭丧乱嫁不售			1		THUOCL
更闻桑田变成海			1		THUOCL
更陈王奋起挥黄钺			1		THUOCL
更鼓畏添挝			1		THUOCL
曷足以美七尺之躯哉			1		THUOCL
曹公黄祖俱飘忽			1		THUOCL
曾不如早索我于枯鱼之肆			1		THUOCL
曾不知老之将至			1		THUOCL
曾城填华屋			1		THUOCL
曾批给雨支风券			1		THUOCL
曾无黄石公			1		THUOCL
曾是气吞残虏			1		THUOCL
曾是洛阳花下客			1		THUOCL
曾有惊天动地文			1		THUOCL
曾照吴王宫里人			1		THUOCL
曾经学舞度芳年			1		THUOCL
替人垂泪到天明			1		THUOCL
最传秀句寰区满			1		THUOCL
最好金龟换酒			1		THUOCL
最忆锦江头			1		THUOCL
最是一年秋好处			1		THUOCL
最爱临风笛			1		THUOCL
朅来已永久			1		THUOCL
月下独酌四首			1		THUOCL
月俸百千官二品			1		THUOCL
月兔空捣药			1		THUOCL
月出于东山之上			1		THUOCL
月出孤舟寒			1		THUOCL
月前秋听玉参差			1		THUOCL
月旦尝居第一评			1		THUOCL
月明多被云妨			1		THUOCL
月明征虏亭			1		THUOCL
月明更想桓伊在			1		THUOCL
月明松下房栊静			1		THUOCL
月明移舟去			1		THUOCL
月明见古寺			1		THUOCL
月有阴睛圆缺			1		THUOCL
月照高楼一曲歌			1		THUOCL
月白烟青水暗流			1		THUOCL
月移花影上栏杆			1		THUOCL
月色醉远客			1		THUOCL
月露为知音			1		THUOCL
月露谁教桂叶香			1		THUOCL
月高云插水晶梳			1		THUOCL
月黑见渔灯			1		THUOCL
有不任其声而趋举其诗焉			1		THUOCL
有亭翼然临于泉上者			1		THUOCL
有作成一囊			1		THUOCL
有如东风射马耳			1		THUOCL
有始有卒者			1		THUOCL
有席卷天下			1		THUOCL
有德者必有言			1		THUOCL
有时无人行			1		THUOCL
有时明月无人夜			1		THUOCL
有是四端而自谓不能者			1		THUOCL
有暇即扫地			1		THUOCL
有木名水柽			1		THUOCL
有机事者必有机心			1		THUOCL
有此倾城好颜色			1		THUOCL
有物先天地			1		THUOCL
有牵牛而过堂下者			1		THUOCL
有田皆种玉			1		THUOCL
有策不敢犯龙鳞			1		THUOCL
有罪不敢赦			1		THUOCL
有色同寒冰			1		THUOCL
有虞氏死生不入于心			1		THUOCL
有鄙夫问于我			1		THUOCL
有酒不饮奈明何			1		THUOCL
有酒斟酌之			1		THUOCL
有长鲸白齿若雪山			1		THUOCL
有黄鹂千百			1		THUOCL
朋友之道也			1		THUOCL
朔雪自龙沙			1		THUOCL
朗吟六公篇			1		THUOCL
望中烟树历历			1		THUOCL
望中疑在野			1		THUOCL
望之不似人君			1		THUOCL
望之而不见其崖			1		THUOCL
望云惭高鸟			1		THUOCL
望处雨收云断			1		THUOCL
望断高唐路			1		THUOCL
望来终不来			1		THUOCL
望洋向若而叹曰			1		THUOCL
望涔阳兮极浦			1		THUOCL
望灵荐杯酒			1		THUOCL
望秦关何处			1		THUOCL
望驿台前扑地花			1		THUOCL
朝三而暮四			1		THUOCL
朝与佳人期			1		THUOCL
朝云聚散真无那			1		THUOCL
朝佩皆垂地			1		THUOCL
朝别朱雀门			1		THUOCL
朝别黄鹤楼			1		THUOCL
朝发轫于天津兮			1		THUOCL
朝夕致三牲			1		THUOCL
朝天数换飞龙马			1		THUOCL
朝廷雇我作闲人			1		THUOCL
朝成绣夹裙			1		THUOCL
朝朝恨发迟			1		THUOCL
朝朝没脚走芳埃			1		THUOCL
朝朝马策与刀环			1		THUOCL
朝来入庭树			1		THUOCL
朝真暮伪何人辨			1		THUOCL
朝闻游子唱离歌			1		THUOCL
朝阳丽帝城			1		THUOCL
朝露贪名利			1		THUOCL
朝餐是草根			1		THUOCL
朝骋骛兮江皋			1		THUOCL
期于有形者也			1		THUOCL
期月而已可也			1		THUOCL
木不怨落于秋天			1		THUOCL
未免捶楚尘埃间			1		THUOCL
未卜见故乡			1		THUOCL
未及前贤更勿疑			1		THUOCL
未坐将军树			1		THUOCL
未尝不临文嗟悼			1		THUOCL
未尝举箸忘吾蜀			1		THUOCL
未尝见全牛也			1		THUOCL
未就丹砂愧葛洪			1		THUOCL
未得与项羽相见			1		THUOCL
未必为其服也			1		THUOCL
未必知其道也			1		THUOCL
未成沈醉意先融			1		THUOCL
未收天子河湟地			1		THUOCL
未易轻弃也			1		THUOCL
未曾得米弃官归			1		THUOCL
未有不嗜杀人者也			1		THUOCL
未有不阴时			1		THUOCL
未有孔子也			1		THUOCL
未有封侯之赏			1		THUOCL
未有花时且看来			1		THUOCL
未知歌舞能多少			1		THUOCL
未绝风流相国能			1		THUOCL
未能或之先也			1		THUOCL
未腊山梅树树花			1		THUOCL
未至衔枚颜色沮			1		THUOCL
未见其止也			1		THUOCL
未见有知音			1		THUOCL
未觉杭颍谁雌雄			1		THUOCL
未解庄生天籁			1		THUOCL
未许苻坚过淮水			1		THUOCL
未语春容先惨咽			1		THUOCL
未足比光辉			1		THUOCL
未饮心先醉			1		THUOCL
末俗纷纭更乱真			1		THUOCL
本以高难饱			1		THUOCL
本性能耐寒			1		THUOCL
朱华春不荣			1		THUOCL
朱唇一点桃花殷			1		THUOCL
朱樱斗帐掩流苏			1		THUOCL
朱橘不论钱			1		THUOCL
朱粉不深匀			1		THUOCL
朱草被洛滨			1		THUOCL
朱雀航南绕香陌			1		THUOCL
朵朵精神叶叶柔			1		THUOCL
机关用尽不如君			1		THUOCL
机杼鸣帘栊			1		THUOCL
机鸣舂响日暾暾			1		THUOCL
杀三苗于三危			1		THUOCL
杀人以梃与刃			1		THUOCL
杀人如不能举			1		THUOCL
杀人如剪草			1		THUOCL
杀尽西村鸡			1		THUOCL
杀气三时作阵云			1		THUOCL
杀湍湮洪水			1		THUOCL
杂乎芒芴之间			1		THUOCL
杂佩以赠之			1		THUOCL
权势不尤则夸者悲			1		THUOCL
权归臣兮鼠变虎			1		THUOCL
李广无功缘数奇			1		THUOCL
李径独来数			1		THUOCL
杏园岂敢妨君去			1		THUOCL
杏花含露团香雪			1		THUOCL
杏花微雨湿轻绡			1		THUOCL
杏花消息雨声中			1		THUOCL
杏花疏影里			1		THUOCL
杏花零落香			1		THUOCL
村南无限桃花发			1		THUOCL
杖藜徐步转斜阳			1		THUOCL
杖藜登水榭			1		THUOCL
杜子得丹诀			1		THUOCL
杜少府之任蜀州			1		THUOCL
杜工部蜀中离席			1		THUOCL
杜康能散闷			1		THUOCL
杜陵有布衣			1		THUOCL
杜鹃声里斜阳暮			1		THUOCL
杜鹃暮春至			1		THUOCL
杜鹃花里杜鹃啼			1		THUOCL
杞不足征也			1		THUOCL
束比青刍色			1		THUOCL
来从楚国游			1		THUOCL
来吾导夫先路			1		THUOCL
来如春梦不多时			1		THUOCL
来如雷霆收震怒			1		THUOCL
来对白头吟			1		THUOCL
来当婀娜时			1		THUOCL
来往亦风流			1		THUOCL
来疑沧海尽成空			1		THUOCL
来访真人居			1		THUOCL
来访雁邱处			1		THUOCL
杨柳丝丝拂面			1		THUOCL
杨柳可藏乌			1		THUOCL
杨柳阴阴细雨晴			1		THUOCL
杨桴击节雷阗阗			1		THUOCL
杯中酒不空			1		THUOCL
杳出霄汉上			1		THUOCL
杳杳天低鹘没处			1		THUOCL
杳杳没孤鸿			1		THUOCL
杳杳钟声晚			1		THUOCL
杵臼及程婴			1		THUOCL
松下清斋折露葵			1		THUOCL
松声晚窗里			1		THUOCL
松子落阶声			1		THUOCL
松寒不改容			1		THUOCL
松杉真法音			1		THUOCL
松间明月长如此			1		THUOCL
松阁晴看山色近			1		THUOCL
松风吹解带			1		THUOCL
松高白鹤眠			1		THUOCL
极娱游于暇日			1		THUOCL
极目少行客			1		THUOCL
极目散我忧			1		THUOCL
极目萧条三两家			1		THUOCL
极眺金陵城			1		THUOCL
构厦岂云缺			1		THUOCL
枇杷花里闭门居			1		THUOCL
枉入诗人赋咏来			1		THUOCL
枕中云气千峰近			1		THUOCL
枕前看鹤浴			1		THUOCL
林下水边无厌日			1		THUOCL
林园手种唯吾事			1		THUOCL
林外登高楼			1		THUOCL
林放问礼之本			1		THUOCL
林昏瘴不开			1		THUOCL
林花扫更落			1		THUOCL
林茂鸟知归			1		THUOCL
林鼠山狐长醉饱			1		THUOCL
果擘洞庭橘			1		THUOCL
枝弱不胜雪			1		THUOCL
枝枝相覆盖			1		THUOCL
枫叶欲残看愈好			1		THUOCL
枫叶落纷纷			1		THUOCL
枫栝隐奔峭			1		THUOCL
枫香晚花静			1		THUOCL
枯松倒挂倚绝壁			1		THUOCL
枯鱼过河泣			1		THUOCL
枳花明驿墙			1		THUOCL
染丝上春机			1		THUOCL
柔芳甚杨柳			1		THUOCL
柯叶多蒙笼			1		THUOCL
柳丝袅娜春无力			1		THUOCL
柳州柳刺史			1		THUOCL
柳影欲秋天			1		THUOCL
柳暗花明池上山			1		THUOCL
柳绿更带春烟			1		THUOCL
柳绿更带朝烟			1		THUOCL
柳色如烟絮如雪			1		THUOCL
柳色黄金嫩			1		THUOCL
柳虽无言不解愠			1		THUOCL
柴门不正逐江开			1		THUOCL
柴门鸟雀噪			1		THUOCL
树下斗鸡场			1		THUOCL
树无用之指也			1		THUOCL
树木今何如			1		THUOCL
树树立风雪			1		THUOCL
树深时见鹿			1		THUOCL
树若有情时			1		THUOCL
树蜜早蜂乱			1		THUOCL
栩栩然胡蝶也			1		THUOCL
根株非劲挺			1		THUOCL
根盘今在阖闾城			1		THUOCL
桂华秋皎洁			1		THUOCL
桂树何团团			1		THUOCL
桂花成实向秋荣			1		THUOCL
桂花松子常满地			1		THUOCL
桃叶一枝开			1		THUOCL
桃李无言一队春			1		THUOCL
桃李满山总粗俗			1		THUOCL
桃李漫山总粗俗			1		THUOCL
桃李虽不言			1		THUOCL
桃杏酣酣蜂蝶狂			1		THUOCL
桃源忆故人			1		THUOCL
桃红李白皆夸好			1		THUOCL
桃胶迎夏香琥珀			1		THUOCL
桃花历乱李花香			1		THUOCL
桃花发岸傍			1		THUOCL
桃花四面发			1		THUOCL
桃花开不开			1		THUOCL
桃花欲动雨频来			1		THUOCL
桃花流水鮆鱼肥			1		THUOCL
桃花满陌千里红			1		THUOCL
桃花飞绿水			1		THUOCL
桑条无叶土生烟			1		THUOCL
桑田碧海须臾改			1		THUOCL
桤林碍日吟风叶			1		THUOCL
桥回行欲断			1		THUOCL
梁园日暮乱飞鸦			1		THUOCL
梁惠王章句下			1		THUOCL
梁父吟成恨有余			1		THUOCL
梁间燕子闻长叹			1		THUOCL
梅圣俞诗集序			1		THUOCL
梅影横窗瘦			1		THUOCL
梅破知春近			1		THUOCL
梅花开尽百花开			1		THUOCL
梅花未动意先香			1		THUOCL
梦中游化城			1		THUOCL
梦之中又占其梦焉			1		THUOCL
梦也何曾到谢桥			1		THUOCL
梦啼妆泪红阑干			1		THUOCL
梦尽青灯展转中			1		THUOCL
梦成风雨浪翻江			1		THUOCL
梦泽悲风动白茅			1		THUOCL
梦绕边城月			1		THUOCL
梦逐春风到洛城			1		THUOCL
梧桐识嘉树			1		THUOCL
梨花雪压枝			1		THUOCL
检书烧烛短			1		THUOCL
检点遗篇几首诗			1		THUOCL
棋局动随寻涧竹			1		THUOCL
棠梨叶落胭脂色			1		THUOCL
椎秦博浪沙			1		THUOCL
楚山秦山皆白云			1		THUOCL
楚王使大夫二人往先焉			1		THUOCL
楚王疑忠臣			1		THUOCL
楚王葬尽满城娇			1		THUOCL
楼上黄昏欲望休			1		THUOCL
楼前御柳长			1		THUOCL
楼头张丽华			1		THUOCL
楼角玉钩生			1		THUOCL
楼识凤凰名			1		THUOCL
楼阴背日堤绵绵			1		THUOCL
楼静月侵门			1		THUOCL
楼高莫近危栏倚			1		THUOCL
榆荚相催不知数			1		THUOCL
榴花开欲然			1		THUOCL
槎牙乱峰合			1		THUOCL
槐树层层新绿生			1		THUOCL
槐花新雨后			1		THUOCL
槐花满院气			1		THUOCL
槲叶落山路			1		THUOCL
樊哙从良坐			1		THUOCL
樊迟从游于舞雩之下			1		THUOCL
横云岭外千重树			1		THUOCL
横大江兮扬灵			1		THUOCL
横溃豁中国			1		THUOCL
横空隐隐层霄			1		THUOCL
横而不流兮			1		THUOCL
樵客初传汉姓名			1		THUOCL
樵客返归路			1		THUOCL
橘洲佳景如屏画			1		THUOCL
橘洲田土仍膏腴			1		THUOCL
次第岂无风雨			1		THUOCL
次韵唐彦猷华亭十其四始皇驰道			1		THUOCL
欢乐难具陈			1		THUOCL
欢作沉水香			1		THUOCL
欢娱恨白头			1		THUOCL
欢爱不相忘			1		THUOCL
欣欣此生意			1		THUOCL
欲上高楼去避愁			1		THUOCL
欲从灵氛之吉占兮			1		THUOCL
欲减罗衣寒未去			1		THUOCL
欲去惜芳菲			1		THUOCL
欲取鸣琴弹			1		THUOCL
欲回天地入扁舟			1		THUOCL
欲寻阿练若			1		THUOCL
欲少留此灵琐兮			1		THUOCL
欲待曲终寻问取			1		THUOCL
欲留嗟赵弱			1		THUOCL
欲知岁晚在何许			1		THUOCL
欲知怅别心易苦			1		THUOCL
欲祭疑君在			1		THUOCL
欲花而未萼			1		THUOCL
欲访云中君			1		THUOCL
欲诛有功之人			1		THUOCL
欲语羞雷同			1		THUOCL
欲说还休梦已阑			1		THUOCL
欹岸侧岛秋毫末			1		THUOCL
欹枕江南烟雨			1		THUOCL
欹枕风轩客梦长			1		THUOCL
歌哭悲欢城市间			1		THUOCL
歌声唱彻月儿圆			1		THUOCL
歌窈窕之章			1		THUOCL
歌罢仰天叹			1		THUOCL
歌蹋柳枝春暗来			1		THUOCL
止则不明也			1		THUOCL
止可以一宿而不可久处			1		THUOCL
正初奉酬歙州刺史邢群			1		THUOCL
正声易漂沦			1		THUOCL
正己而已矣			1		THUOCL
正得秋而万宝成			1		THUOCL
正怜日破浪花出			1		THUOCL
正旦蒙赵王赉酒诗			1		THUOCL
正是人间佳节			1		THUOCL
正是去年时节			1		THUOCL
正是登高时节			1		THUOCL
正是维摩境界			1		THUOCL
正月端门夜			1		THUOCL
正见盛时犹怅望			1		THUOCL
此中人语云			1		THUOCL
此之谓本根			1		THUOCL
此亡秦之续耳			1		THUOCL
此亦飞之至也			1		THUOCL
此人皆意有所郁结			1		THUOCL
此其大略也			1		THUOCL
此其志不在小			1		THUOCL
此养神之道也			1		THUOCL
此则寡人之罪也			1		THUOCL
此别不销魂			1		THUOCL
此别何时遇			1		THUOCL
此势之有也			1		THUOCL
此去声名不厌低			1		THUOCL
此吾祖太常公宣德间执此以朝			1		THUOCL
此固其理也			1		THUOCL
此地亦尝留			1		THUOCL
此地曾闻用火攻			1		THUOCL
此天子气也			1		THUOCL
此妇无礼节			1		THUOCL
此存身之道也			1		THUOCL
此州独见全			1		THUOCL
此情不可道			1		THUOCL
此情可待万追忆			1		THUOCL
此意陶潜解			1		THUOCL
此所谓率土地而食人肉			1		THUOCL
此日一家同出游			1		THUOCL
此日此时人共得			1		THUOCL
此日相逢思旧日			1		THUOCL
此时此夜难为情			1		THUOCL
此时立在最高山			1		THUOCL
此有蜡梅禅老家			1		THUOCL
此沛公左司马曹无伤言之			1		THUOCL
此生天命更何疑			1		THUOCL
此生已觉都无事			1		THUOCL
此生自笑功名晚			1		THUOCL
此翁白头真可怜			1		THUOCL
此花不与群花比			1		THUOCL
此行不为鲈鱼鲙			1		THUOCL
此身行作稽山土			1		THUOCL
此身飘泊苦西东			1		THUOCL
此辞听者堪愁绝			1		THUOCL
此道今人弃如土			1		THUOCL
此马之真性也			1		THUOCL
步出西城门			1		THUOCL
步踟蹰于山隅			1		THUOCL
武阙横西关			1		THUOCL
死亦我所恶			1		THUOCL
死已三千岁矣			1		THUOCL
死当长相思			1		THUOCL
死生契阔君休问			1		THUOCL
死生无变于己			1		THUOCL
殊异乎公族			1		THUOCL
殊异乎公行			1		THUOCL
殊异乎公路			1		THUOCL
残云归太华			1		THUOCL
残云收夏暑			1		THUOCL
残宵犹得梦依稀			1		THUOCL
残年傍水国			1		THUOCL
残月落花烟重			1		THUOCL
残红半破莲			1		THUOCL
残花落尽见流莺			1		THUOCL
残霞忽变色			1		THUOCL
殚残天下之圣法			1		THUOCL
殷礼吾能言之			1		THUOCL
殿前铺设两边楼			1		THUOCL
毋从俱死也			1		THUOCL
母瘦雏渐肥			1		THUOCL
每一得静境			1		THUOCL
每人而悦之			1		THUOCL
每依南斗望京华			1		THUOCL
每日报平安			1		THUOCL
每览昔人兴感之由			1		THUOCL
每闻欺大鸟			1		THUOCL
比翼连枝当日愿			1		THUOCL
毛可以御风寒			1		THUOCL
毛血洒平芜			1		THUOCL
毡幄掷卢忘夜睡			1		THUOCL
毡车百辆皆胡姬			1		THUOCL
毫毛不敢有所近			1		THUOCL
民到于今受其赐			1		THUOCL
民到于今称之			1		THUOCL
民富而府库实			1		THUOCL
民无得而称焉			1		THUOCL
民生各有所乐兮			1		THUOCL
气似灵犀可辟尘			1		THUOCL
气变而有形			1		THUOCL
气可以养而致			1		THUOCL
气寒西北何人剑			1		THUOCL
氲氲腊酒香			1		THUOCL
水中藻荇交横			1		THUOCL
水乡霾白屋			1		THUOCL
水似青天照眼明			1		THUOCL
水光山色与人亲			1		THUOCL
水冻凝如瘀			1		THUOCL
水凝绿鸭琉璃钱			1		THUOCL
水去云回恨不胜			1		THUOCL
水号北流泉			1		THUOCL
水周兮堂下			1		THUOCL
水声激激风吹衣			1		THUOCL
水如环佩月如襟			1		THUOCL
水宿烟雨寒			1		THUOCL
水府生禾麦			1		THUOCL
水晶帘莹更通风			1		THUOCL
水月通禅寂			1		THUOCL
水槛温江口			1		THUOCL
水殿风来暗香满			1		THUOCL
水流心不竞			1		THUOCL
水浅而舟大也			1		THUOCL
水清波潋滟			1		THUOCL
水积春塘晚			1		THUOCL
水穿城下作雷鸣			1		THUOCL
水纹珍簟思悠悠			1		THUOCL
水绿天青不起尘			1		THUOCL
水荇牵风翠带长			1		THUOCL
水落尚存秦代石			1		THUOCL
水落鱼梁浅			1		THUOCL
水覆难再收			1		THUOCL
水远山长处处同			1		THUOCL
水闲明镜转			1		THUOCL
水阁虚凉玉簟空			1		THUOCL
水陆罗八珍			1		THUOCL
水面初平云脚低			1		THUOCL
水面桃花弄春脸			1		THUOCL
水香莲子齐			1		THUOCL
水鸟带波飞夕阳			1		THUOCL
永和三日荡轻舟			1		THUOCL
永安宫外踏青来			1		THUOCL
永弃人间事			1		THUOCL
永诀从今始			1		THUOCL
汀草岸花浑不见			1		THUOCL
汁滓宛相俱			1		THUOCL
求也问闻斯行诸			1		THUOCL
求人可使报秦者			1		THUOCL
求其为之者而不得也			1		THUOCL
汉主山河锦绣中			1		THUOCL
汉兵已略地			1		THUOCL
汉口夕阳斜渡鸟			1		THUOCL
汉宫侍女暗垂泪			1		THUOCL
汉恩自浅胡自深			1		THUOCL
汉文有道恩犹薄			1		THUOCL
汉日旧称贤			1		THUOCL
汉朝频选将			1		THUOCL
汉水旧如练			1		THUOCL
汉阳宫主进鸡球			1		THUOCL
汗漫东皋上			1		THUOCL
汝不知夫螳螂乎			1		THUOCL
汝安则为之			1		THUOCL
江上值水如海势			1		THUOCL
江东子弟今虽在			1		THUOCL
江亭有孤屿			1		THUOCL
江北江南水拍天			1		THUOCL
江北秋阴一半开			1		THUOCL
江南与塞北			1		THUOCL
江南喜逢萧九彻因话长安旧游戏赠五十韵			1		THUOCL
江南放屈平			1		THUOCL
江南旧游凡几处			1		THUOCL
江南来见卧云人			1		THUOCL
江南梅雨天			1		THUOCL
江南王气系疏襟			1		THUOCL
江南瘴疠地			1		THUOCL
江南腊月半			1		THUOCL
江国逾千里			1		THUOCL
江城梅花引			1		THUOCL
江声走白沙			1		THUOCL
江夏赠韦南陵冰			1		THUOCL
江天水一泓			1		THUOCL
江天涵清虚			1		THUOCL
江头宫殿锁千门			1		THUOCL
江宁夹口三首			1		THUOCL
江宁夹口二首			1		THUOCL
江宽地共浮			1		THUOCL
江山重叠倍销魂			1		THUOCL
江村月落正堪眠			1		THUOCL
江楼夕望招客			1		THUOCL
江水东流猿夜声			1		THUOCL
江水浸云影			1		THUOCL
江浦雷声喧昨夜			1		THUOCL
江清日暖芦花转			1		THUOCL
江湖多风波			1		THUOCL
江火似流萤			1		THUOCL
江畔洲如月			1		THUOCL
江蓠丛畔苦悲吟			1		THUOCL
江边一盖青			1		THUOCL
江远欲浮天			1		THUOCL
江连白帝深			1		THUOCL
江间波浪兼天涌			1		THUOCL
江阳酒有余			1		THUOCL
江静潮初落			1		THUOCL
池台竹树三亩馀			1		THUOCL
池水观为政			1		THUOCL
池静蛙未鸣			1		THUOCL
池非不深也			1		THUOCL
汩余若将不及兮			1		THUOCL
汴水扬波澜			1		THUOCL
汾水绕关斜			1		THUOCL
沅江五月平堤流			1		THUOCL
沅湘流不尽			1		THUOCL
沈家园里花如锦			1		THUOCL
沈腰潘鬓消磨			1		THUOCL
沈郎青钱夹城路			1		THUOCL
沈鲍得同行			1		THUOCL
沉淀着彩虹似的梦			1		THUOCL
沉香亭北倚阑干			1		THUOCL
沉魄浮魂不可招			1		THUOCL
沙上行人却回首			1		THUOCL
沙场烽火侵胡月			1		THUOCL
沙平水息声影绝			1		THUOCL
沙平草绿见吏稀			1		THUOCL
沙石乱飘扬			1		THUOCL
沙边待至今			1		THUOCL
沛公不先破关中			1		THUOCL
沛公不胜杯杓			1		THUOCL
沛公之参乘樊哙者也			1		THUOCL
沛公今事有急			1		THUOCL
沛公兵十万			1		THUOCL
沛公军在霸上			1		THUOCL
沛公军霸上			1		THUOCL
沛公则置车骑			1		THUOCL
沛公奉卮酒为寿			1		THUOCL
沛公左司马曹无伤使人言于项羽曰			1		THUOCL
沛公旦日从百余骑来见项王			1		THUOCL
沛公欲王关中			1		THUOCL
沛公谓张良曰			1		THUOCL
沛公起如厕			1		THUOCL
沛吾乘兮桂舟			1		THUOCL
沟水东西流			1		THUOCL
沧洲夜泝五更风			1		THUOCL
沧浪水深青溟阔			1		THUOCL
沧海先迎日			1		THUOCL
沧海得壮士			1		THUOCL
河南大尹头如雪			1		THUOCL
河声入海遥			1		THUOCL
河水浸城墙			1		THUOCL
河阳县里虽无数			1		THUOCL
油油的在水底招摇			1		THUOCL
治具烦方平			1		THUOCL
沽酒与何人			1		THUOCL
沾余襟之浪浪			1		THUOCL
泄香银囊破			1		THUOCL
泉上有芹芽			1		THUOCL
泉响风摇苍玉佩			1		THUOCL
泉山渺渺汝何之			1		THUOCL
泉沙软卧鸳鸯暖			1		THUOCL
泉流下珠琲			1		THUOCL
泉源在庭户			1		THUOCL
法削则国弱			1		THUOCL
法曹贫贱众所易			1		THUOCL
泛舟南北两湖头			1		THUOCL
波澜动远空			1		THUOCL
波澜独老成			1		THUOCL
泣人不泣身			1		THUOCL
泣尽继以血			1		THUOCL
泣珠报恩君莫辞			1		THUOCL
泥他沽酒拔金钗			1		THUOCL
泥满城头飞雨滑			1		THUOCL
泪下如迸泉			1		THUOCL
泪亦不能为之堕			1		THUOCL
泪痕红悒鲛绡透			1		THUOCL
泪落哀筝曲			1		THUOCL
泪融残粉花钿重			1		THUOCL
泰山嵯峨夏云在			1		THUOCL
泻露玉盘倾			1		THUOCL
泽雉十步一啄			1		THUOCL
泾川三百里			1		THUOCL
洁光如可把			1		THUOCL
洋洋洒洒深邃博大地			1		THUOCL
洒去犹能化碧涛			1		THUOCL
洒酒气填膺			1		THUOCL
洒酒浇君同所欢			1		THUOCL
洗妆不褪唇红			1		THUOCL
洗尽烦恼毒			1		THUOCL
洗药浣花溪			1		THUOCL
洛中送韩七中丞之			1		THUOCL
洛城重相见			1		THUOCL
洛川自有浴妃池			1		THUOCL
洛水桥边春日斜			1		THUOCL
洛阳何寂寞			1		THUOCL
洛阳堰上新晴日			1		THUOCL
洛阳女儿惜颜色			1		THUOCL
洛阳女儿面似花			1		THUOCL
洛阳相君忠孝家			1		THUOCL
洛阳陌上春长在			1		THUOCL
洞中开宴会			1		THUOCL
洞壑当门前			1		THUOCL
洞庭一夜无穷雁			1		THUOCL
洞庭湘水涨连天			1		THUOCL
洞庭秋水远连天			1		THUOCL
洞庭连天九疑高			1		THUOCL
洞庭霜落微			1		THUOCL
洞房昨夜停红烛			1		THUOCL
洞房记得初相遇			1		THUOCL
津桥东北斗亭西			1		THUOCL
洲渚晓寒凝			1		THUOCL
派出昆仑五色流			1		THUOCL
流俗之所轻也			1		THUOCL
流光灭远山			1		THUOCL
流波激清响			1		THUOCL
流膏迸液无人知			1		THUOCL
流血涂野草			1		THUOCL
流连戏蝶时时舞			1		THUOCL
浅处无妨有卧龙			1		THUOCL
浅情人不知			1		THUOCL
济沅湘以南征兮			1		THUOCL
浓香吹尽有谁知			1		THUOCL
浔阳地僻无音乐			1		THUOCL
浙江八月何如此			1		THUOCL
浦楼低晚照			1		THUOCL
浩然与溟涬同科			1		THUOCL
浩然天地间			1		THUOCL
浩荡离愁白日斜			1		THUOCL
浪下三吴起白烟			1		THUOCL
浮云世事改			1		THUOCL
浮云蔽白日			1		THUOCL
浮云连海岱			1		THUOCL
浮桂动丹芳			1		THUOCL
浴兰汤兮沐芳			1		THUOCL
海内人才孰卧龙			1		THUOCL
海外珠犀常入市			1		THUOCL
海岛青冥无极已			1		THUOCL
海榴世所稀			1		THUOCL
海气湿蛰熏腥臊			1		THUOCL
海色明徂徕			1		THUOCL
海运则将徙于南冥			1		THUOCL
海近风多健鹤翎			1		THUOCL
浸月冷波千顷练			1		THUOCL
涉江弄秋水			1		THUOCL
涓涓泣露紫含笑			1		THUOCL
涛白雪山来			1		THUOCL
涤瑕荡垢清朝班			1		THUOCL
润物无声春有功			1		THUOCL
润胜莲生水			1		THUOCL
涧水无声绕竹流			1		THUOCL
涧谷芳菲少			1		THUOCL
淑气催黄鸟			1		THUOCL
淡扫明湖开玉镜			1		THUOCL
淡扫蛾眉朝至尊			1		THUOCL
淡烟流水画屏幽			1		THUOCL
淡着燕脂匀注			1		THUOCL
淡薄似能知我意			1		THUOCL
淫僻于仁义之行			1		THUOCL
淫辞知其所陷			1		THUOCL
淮水东南第一州			1		THUOCL
淮水入南荣			1		THUOCL
淮阴行五首			1		THUOCL
深宅养灵根			1		THUOCL
深江净绮罗			1		THUOCL
深注唇儿浅画眉			1		THUOCL
深锁春光一院愁			1		THUOCL
深闭朱门伴细腰			1		THUOCL
淹回水而疑滞			1		THUOCL
淹留亦何益			1		THUOCL
添得黄鹂四五声			1		THUOCL
添愁益恨绕天涯			1		THUOCL
淼南渡之焉如			1		THUOCL
清光不令青山失			1		THUOCL
清夜坠玄天			1		THUOCL
清川澹如此			1		THUOCL
清平乐六盘山			1		THUOCL
清思汉水上			1		THUOCL
清明上已西湖好			1		THUOCL
清明暖后同墙看			1		THUOCL
清晨临流欲奚为			1		THUOCL
清晨帘幕卷轻霜			1		THUOCL
清池皓月照禅心			1		THUOCL
清浅白石滩			1		THUOCL
清溪却向青滩泄			1		THUOCL
清筝何缭绕			1		THUOCL
清虚当服药			1		THUOCL
清风动窗竹			1		THUOCL
清风卷地收残暑			1		THUOCL
清风吹空月舒波			1		THUOCL
清风播人天			1		THUOCL
清风明月苦相思			1		THUOCL
清香随风发			1		THUOCL
渐行渐远渐无书			1		THUOCL
渔唱起三更			1		THUOCL
渔翁夜傍西岩宿			1		THUOCL
渡浙江问舟中人			1		THUOCL
渡远荆门外			1		THUOCL
渭城已远波声小			1		THUOCL
渭城朝雨邑轻尘			1		THUOCL
渭水东流去			1		THUOCL
渴不饮盗泉水			1		THUOCL
渴者易为饮			1		THUOCL
渴饮月窟冰			1		THUOCL
游人去而禽鸟乐也			1		THUOCL
游子不顾返			1		THUOCL
游子日月长			1		THUOCL
游童挟弹一麾肘			1		THUOCL
游蜂掠尽粉丝黄			1		THUOCL
游雁有馀声			1		THUOCL
湖上微风入槛凉			1		THUOCL
湖上春来似画图			1		THUOCL
湖上朱桥响画轮			1		THUOCL
湖上风来波浩渺			1		THUOCL
湖与元气连			1		THUOCL
湖清霜镜晓			1		THUOCL
湛湛江水兮			1		THUOCL
湛湛长江去			1		THUOCL
湿薪半束抱衾裯			1		THUOCL
溧阳公主年十四			1		THUOCL
溪头烟树翠相围			1		THUOCL
溶溶春水浸春云			1		THUOCL
滔滔孟夏兮			1		THUOCL
满园深浅色			1		THUOCL
满地无人扫			1		THUOCL
满堂共话中兴事			1		THUOCL
满川风雨看潮生			1		THUOCL
满庭芳草积			1		THUOCL
满耳潺湲满面凉			1		THUOCL
满身花影醉索扶			1		THUOCL
滩如竹节稠			1		THUOCL
漆园有傲吏			1		THUOCL
漉菽以为汁			1		THUOCL
漉豉以为汁			1		THUOCL
漠漠秋云起			1		THUOCL
漫向我耳边			1		THUOCL
漫漫雨花落			1		THUOCL
漫绕东篱嗅落英			1		THUOCL
漫钓槎头缩颈鳊			1		THUOCL
潇洒到江心			1		THUOCL
潇湘逢故人			1		THUOCL
潋滟倪塘水			1		THUOCL
潋潋摇空碧			1		THUOCL
潘岳悼亡犹费词			1		THUOCL
潜匿游下邳			1		THUOCL
潜寐黄泉下			1		THUOCL
潭清疑水浅			1		THUOCL
潭澄羡跃鱼			1		THUOCL
潮来不见汉时槎			1		THUOCL
潮满冶城渚			1		THUOCL
潼潼水势向江东			1		THUOCL
澹澹衫儿薄薄罗			1		THUOCL
濯锦江边两岸花			1		THUOCL
濯锦江边天下稀			1		THUOCL
濯锦江边未满园			1		THUOCL
火云满山凝未开			1		THUOCL
火冷灯稀霜露下			1		THUOCL
火山赤崔巍			1		THUOCL
灭迹栖绝巘			1		THUOCL
灯前小草写桃符			1		THUOCL
灯山万炬动黄昏			1		THUOCL
灵之来兮如云			1		THUOCL
灵光何足贵			1		THUOCL
灵山多秀色			1		THUOCL
灵心圆映三江月			1		THUOCL
灵衣兮被被			1		THUOCL
灵隐寺前三竺后			1		THUOCL
灼灼芙蓉姿			1		THUOCL
灼若芙蕖出渌波			1		THUOCL
炀帝雷塘土			1		THUOCL
炙脆子鹅鲜			1		THUOCL
点注桃花舒小红			1		THUOCL
点点无声落瓦沟			1		THUOCL
点酒下盐豉			1		THUOCL
烂若金照碧			1		THUOCL
烈火张天照云海			1		THUOCL
烘暖烧香阁			1		THUOCL
烝之复湘之			1		THUOCL
烟景弥淡泊			1		THUOCL
烟柳不遮楼角断			1		THUOCL
烟波尽处一点白			1		THUOCL
烟波澹荡摇空碧			1		THUOCL
烟絮坠无痕			1		THUOCL
烟花不堪剪			1		THUOCL
烟花春复秋			1		THUOCL
烟雨却低回			1		THUOCL
烟雨暗千家			1		THUOCL
烦君最相警			1		THUOCL
热不息恶木阴			1		THUOCL
热散由心静			1		THUOCL
热来寻扇子			1		THUOCL
烹鸡酌白酒			1		THUOCL
烹龙炮凤玉脂泣			1		THUOCL
焉得人人而济之			1		THUOCL
焉得并州快剪刀			1		THUOCL
焉得思如陶谢手			1		THUOCL
焉用身独完			1		THUOCL
焉能守旧丘			1		THUOCL
焉能系而不食			1		THUOCL
焚文书而酷刑法			1		THUOCL
焰焰烧空红佛桑			1		THUOCL
然不自意能先入关破秦			1		THUOCL
然则乡之所谓知者			1		THUOCL
然则北通巫峡			1		THUOCL
然则我何为乎			1		THUOCL
然则朝四而暮三			1		THUOCL
然后从而刑之			1		THUOCL
然后可以为民父母			1		THUOCL
然后驱而之善			1		THUOCL
然士或怯懦而不敢发			1		THUOCL
然得而腊之以为饵			1		THUOCL
然文不可以学而能			1		THUOCL
然终向之者			1		THUOCL
然而夜半有力者负之而走			1		THUOCL
然而巨盗至			1		THUOCL
然而至此极者			1		THUOCL
照吾槛兮扶桑			1		THUOCL
照在绿波中			1		THUOCL
照地初开锦绣段			1		THUOCL
照我屋南隅			1		THUOCL
照我满怀冰雪			1		THUOCL
照见人如画			1		THUOCL
照野弥弥浅浪			1		THUOCL
煮芹烧笋饷春耕			1		THUOCL
煮豆持作羹			1		THUOCL
熊儿幸无恙			1		THUOCL
燕姬酌蒲萄			1		THUOCL
燕子双飞来又去			1		THUOCL
燕诗示刘叟			1		THUOCL
爱之欲其富也			1		THUOCL
爱兹田中趣			1		THUOCL
爱此荷花鲜			1		THUOCL
爱水看花日日来			1		THUOCL
父子之情也			1		THUOCL
父老喜云集			1		THUOCL
父老四五人			1		THUOCL
父老相携迎此翁			1		THUOCL
父老相逢鼻欲辛			1		THUOCL
父老空哽咽			1		THUOCL
父老财无遗			1		THUOCL
爽籁发而清风生			1		THUOCL
片石孤峰窥色相			1		THUOCL
片言苟会心			1		THUOCL
牙琴从此绝			1		THUOCL
牛渚西江夜			1		THUOCL
牛衣古柳卖黄瓜			1		THUOCL
牝常以静胜牡			1		THUOCL
牢骚太胜防肠断			1		THUOCL
物以多为贱			1		THUOCL
物孰不资焉			1		THUOCL
物心不可知			1		THUOCL
物物各自异			1		THUOCL
牵牛去几许			1		THUOCL
牵衣顿足拦道哭			1		THUOCL
特地惊狂眼			1		THUOCL
特异阳台云			1		THUOCL
犀箸厌饫久未下			1		THUOCL
犬上阶眠知地湿			1		THUOCL
犬子以田产未置止我			1		THUOCL
状貌如妇人			1		THUOCL
犹似汉江清			1		THUOCL
犹作江南未归客			1		THUOCL
犹务学以复补前行之恶			1		THUOCL
犹压香衾卧			1		THUOCL
犹吊遗踪一泫然			1		THUOCL
犹天之不可阶而升也			1		THUOCL
犹小石小木之在大山也			1		THUOCL
犹川谷之于江海			1		THUOCL
犹带彤霞晓露痕			1		THUOCL
犹带昭阳日影来			1		THUOCL
犹恐巢中饥			1		THUOCL
犹恐相逢是梦中			1		THUOCL
犹是深闺梦里人			1		THUOCL
犹有尊足者存			1		THUOCL
犹疑照颜色			1		THUOCL
犹疾视而盛气			1		THUOCL
犹缘木而求鱼也			1		THUOCL
犹胜嫁黔娄			1		THUOCL
犹能簸却沧溟水			1		THUOCL
犹自凌丹虹			1		THUOCL
犹自梦渔樵			1		THUOCL
犹自音书滞一乡			1		THUOCL
犹被赏时鱼			1		THUOCL
犹记当时烽火里			1		THUOCL
犹赖是闲人			1		THUOCL
狂来轻世界			1		THUOCL
狂风吹我心			1		THUOCL
狂风大放颠			1		THUOCL
狐假龙神食豚尽			1		THUOCL
狐死归首丘			1		THUOCL
狡捷过猴猿			1		THUOCL
独与老翁别			1		THUOCL
独占芳菲当夏景			1		THUOCL
独唱独酬还独卧			1		THUOCL
独善亦何益			1		THUOCL
独夜三更月			1		THUOCL
独宿在空堂			1		THUOCL
独有天风送短茄			1		THUOCL
独有宦游人			1		THUOCL
独步诗名在			1		THUOCL
独畏廉将军哉			1		THUOCL
独立天地间			1		THUOCL
独立小桥风满袖			1		THUOCL
独立扬新令			1		THUOCL
独自下寒烟			1		THUOCL
独自倚阑干			1		THUOCL
独酌板桥浦			1		THUOCL
独领残兵千骑归			1		THUOCL
狼狈风尘里			1		THUOCL
猪犹智慧胜愚曹			1		THUOCL
献从叔当涂宰阳冰			1		THUOCL
献岁发春兮			1		THUOCL
猴猿临岸吟			1		THUOCL
猿啼客散暮江头			1		THUOCL
猿声梦里长			1		THUOCL
猿声碎客心			1		THUOCL
猿鸣诚知曙			1		THUOCL
玄圣素王之道也			1		THUOCL
玄晏舞狂乌帽落			1		THUOCL
玄晖难再得			1		THUOCL
玄鸟逝安适			1		THUOCL
率妻子邑人来此绝境			1		THUOCL
玉人浴出新妆洗			1		THUOCL
玉佩兮陆离			1		THUOCL
玉关寄长安李主簿			1		THUOCL
玉山自倒非人推			1		THUOCL
玉帐分弓射虏营			1		THUOCL
玉梯横绝月如钩			1		THUOCL
玉楼宴罢醉和春			1		THUOCL
玉楼明月长相忆			1		THUOCL
玉楼朱阁横金锁			1		THUOCL
玉泉流不歇			1		THUOCL
玉界琼田三万顷			1		THUOCL
玉盘杨梅为君设			1		THUOCL
玉碗盛残露			1		THUOCL
玉肤如醉向春风			1		THUOCL
玉衡指孟冬			1		THUOCL
玉辇何由过马嵬			1		THUOCL
玉钗头上风			1		THUOCL
玉面耶溪女			1		THUOCL
王亦曰仁义而已矣			1		THUOCL
王公何慷慨			1		THUOCL
王命相者趋射之			1		THUOCL
王孙宴其下			1		THUOCL
王孙空恁肠断			1		THUOCL
王孙贾问曰			1		THUOCL
王巾笥而藏之庙堂之上			1		THUOCL
王母桃花千遍红			1		THUOCL
王母桃花小不香			1		THUOCL
王氏井依然			1		THUOCL
王顾谓其友颜不疑曰			1		THUOCL
王颁兵势急			1		THUOCL
王风委蔓草			1		THUOCL
环佩空归月夜魂			1		THUOCL
珊瑚映绿水			1		THUOCL
珊瑚间木难			1		THUOCL
珍宝尽有之			1		THUOCL
珠帘不卷夜来霜			1		THUOCL
珠帘暮卷西山雨			1		THUOCL
珠箔悬银钩			1		THUOCL
珠缨炫转星宿摇			1		THUOCL
珠非尘可昏			1		THUOCL
琐细如插秧			1		THUOCL
琴绝最伤情			1		THUOCL
琼枝曲不折			1		THUOCL
瑞脑消金兽			1		THUOCL
瓜熟子离离			1		THUOCL
瓦屋寒堆春后雪			1		THUOCL
甘当本分衰			1		THUOCL
甘棠忆召公			1		THUOCL
甘露舌头浆			1		THUOCL
甚矣吾衰矣			1		THUOCL
生存华屋处			1		THUOCL
生当复来归			1		THUOCL
生怕离怀别苦			1		THUOCL
生烟纷漠漠			1		THUOCL
生物之以息相吹也			1		THUOCL
生理半人禽			1		THUOCL
生理只凭黄阁老			1		THUOCL
生者日已亲			1		THUOCL
生逢尧舜君			1		THUOCL
用玉绍缭之			1		THUOCL
田夫荷锄至			1		THUOCL
田氏仓卒骨肉分			1		THUOCL
由也好勇过我			1		THUOCL
由己溺之也			1		THUOCL
甲子徒推小雪天			1		THUOCL
男儿本自重横行			1		THUOCL
男儿生世间			1		THUOCL
画图省识春风面			1		THUOCL
画图麒麟阁			1		THUOCL
画师亦无数			1		THUOCL
画栋朝飞南浦云			1		THUOCL
画栏桂树悬秋香			1		THUOCL
畏老偏惊节			1		THUOCL
畏途巉岩不可攀			1		THUOCL
略有其名存			1		THUOCL
畦蔬绕舍秋			1		THUOCL
疏粝亦足饱我饥			1		THUOCL
疏雨过中条			1		THUOCL
疑是天边十二峰			1		THUOCL
疑是王子猷			1		THUOCL
疑是白波涨东海			1		THUOCL
疑有碧桃千树花			1		THUOCL
疑泛九江船			1		THUOCL
疑非人世也			1		THUOCL
病入新年感物华			1		THUOCL
病后能吟否			1		THUOCL
痛玉不痛身			1		THUOCL
痛饮从来别有肠			1		THUOCL
痛饮连宵醉			1		THUOCL
瘦男独伶俜			1		THUOCL
瘦长如鹳鹄			1		THUOCL
登临遍池台			1		THUOCL
登乎昆仑之丘而南望			1		THUOCL
登乎狙之山			1		THUOCL
登巫山最高峰			1		THUOCL
登昆仑兮四望			1		THUOCL
登栈亦陵缅			1		THUOCL
登江中孤屿			1		THUOCL
登池州九峰楼寄张祜			1		THUOCL
登舟望秋月			1		THUOCL
登车何时顾			1		THUOCL
登锦城散花楼			1		THUOCL
登阵常骑大宛马			1		THUOCL
登高无秋云			1		THUOCL
白下驿饯唐少府			1		THUOCL
白云一片去悠悠			1		THUOCL
白云堪卧君早归			1		THUOCL
白云处处长随君			1		THUOCL
白云愁色满苍梧			1		THUOCL
白云涨川谷			1		THUOCL
白云满碗花徘徊			1		THUOCL
白云相逐水相通			1		THUOCL
白兔捣药成			1		THUOCL
白发日夜催			1		THUOCL
白发死章句			1		THUOCL
白发永无怀橘日			1		THUOCL
白发烦多酒			1		THUOCL
白发空垂三千丈			1		THUOCL
白发自然生			1		THUOCL
白天碎碎堕琼芳			1		THUOCL
白帝城西万竹蟠			1		THUOCL
白帝城高急暮砧			1		THUOCL
白帝高为三峡镇			1		THUOCL
白日亦偏照			1		THUOCL
白日当天三月半			1		THUOCL
白日无光哭声苦			1		THUOCL
白水暮东流			1		THUOCL
白玉堂前一树梅			1		THUOCL
白花檐外朵			1		THUOCL
白草城中春不入			1		THUOCL
白袷玉郎寄桃叶			1		THUOCL
白门寥落意多违			1		THUOCL
白露沾野草			1		THUOCL
白露点青苔			1		THUOCL
白须道士竹间棋			1		THUOCL
白首卧松云			1		THUOCL
白首扁舟病独存			1		THUOCL
白首放歌须纵酒			1		THUOCL
白首相逢征战后			1		THUOCL
白骨蔽平原			1		THUOCL
白鱼如切玉			1		THUOCL
白鸟故迟留			1		THUOCL
白鸡梦后三百岁			1		THUOCL
白鸥没浩荡			1		THUOCL
白鹭下秋水			1		THUOCL
白鹭映春洲			1		THUOCL
百姓县前挽鱼罟			1		THUOCL
百姓闻王车马之音			1		THUOCL
百尺朱楼闲倚遍			1		THUOCL
百尺楼高水接天			1		THUOCL
百岁曾无百岁人			1		THUOCL
百岁相看能几个			1		THUOCL
百年歌自苦			1		THUOCL
百年都是几多时			1		THUOCL
百感中来不自由			1		THUOCL
百战疲劳壮士哀			1		THUOCL
百胜本自有前期			1		THUOCL
百花深处杜鹃啼			1		THUOCL
百花迹已绝			1		THUOCL
百遍相看意未阑			1		THUOCL
百里奚举于市			1		THUOCL
百里奚爵禄不入于心			1		THUOCL
百里见秋毫			1		THUOCL
百钱可得酒斗许			1		THUOCL
皆有圣人之一体			1		THUOCL
皆言四海同			1		THUOCL
皇天无私阿兮			1		THUOCL
皇览揆余于初度兮			1		THUOCL
皎如玉树临风前			1		THUOCL
皎若太阳升朝霞			1		THUOCL
皛皛川上平			1		THUOCL
盈盈楼上女			1		THUOCL
盈筐承露薤			1		THUOCL
盈缩之期不但在天			1		THUOCL
盖将自其变者而观之			1		THUOCL
盖裹周四垠			1		THUOCL
盗贼出于贫穷			1		THUOCL
盗贼还奔突			1		THUOCL
盘出高门行白玉			1		THUOCL
盘涡与岸回			1		THUOCL
盘涡毂转秦地雷			1		THUOCL
盘餐市远无兼味			1		THUOCL
盛夏不销雪			1		THUOCL
目明长庚臆双凫			1		THUOCL
直入白云深处			1		THUOCL
直到门前溪水流			1		THUOCL
直匍匐而归耳			1		THUOCL
直好世俗之乐耳			1		THUOCL
直把天涯都照彻			1		THUOCL
直觉巫山暮			1		THUOCL
直须看尽洛城花			1		THUOCL
直须看尽洛阳花			1		THUOCL
相伴赤松游			1		THUOCL
相和而歌曰			1		THUOCL
相如一奋其气			1		THUOCL
相守夜欢哗			1		THUOCL
相对遥相望			1		THUOCL
相思不惜梦			1		THUOCL
相思不相见			1		THUOCL
相思枫叶丹			1		THUOCL
相思相见知何日			1		THUOCL
相携及田家			1		THUOCL
相教慎出入			1		THUOCL
相望始登高			1		THUOCL
相期邈云汉			1		THUOCL
相看万里外			1		THUOCL
相看恍如昨			1		THUOCL
相知何用早			1		THUOCL
相见不相知			1		THUOCL
相见常日稀			1		THUOCL
相见无杂言			1		THUOCL
相见语依依			1		THUOCL
相观民之计极			1		THUOCL
相识三十年			1		THUOCL
相逢何太晚			1		THUOCL
相逢俱涕零			1		THUOCL
相逢立马语			1		THUOCL
相逢苦觉人情好			1		THUOCL
相随到处绿蓑衣			1		THUOCL
相随饷田去			1		THUOCL
相顾无相识			1		THUOCL
眄庭柯以怡颜			1		THUOCL
眉欺杨柳叶			1		THUOCL
眉间翠钿深			1		THUOCL
看剑引杯长			1		THUOCL
看取人间傀儡棚			1		THUOCL
看尽人间兴废事			1		THUOCL
看煎瑟瑟尘			1		THUOCL
看画曾饥渴			1		THUOCL
看花莫待花枝老			1		THUOCL
看金鞍争道			1		THUOCL
真人之息以踵			1		THUOCL
真积力久则入			1		THUOCL
真能变成石头吗			1		THUOCL
眷眷不忍决			1		THUOCL
眸子不能掩其恶			1		THUOCL
眼中战国成争鹿			1		THUOCL
眼前一杯酒			1		THUOCL
眼前万里江山			1		THUOCL
睡觉东窗日已红			1		THUOCL
睡觉寒灯里			1		THUOCL
睹一异鹊自南方来者			1		THUOCL
瞋目视项王			1		THUOCL
瞻前而顾后兮			1		THUOCL
瞻彼洛城郭			1		THUOCL
矛头淅米剑头炊			1		THUOCL
知他故宫何处			1		THUOCL
知余歌者劳			1		THUOCL
知其不可奈何而安之若命			1		THUOCL
知君为我新作			1		THUOCL
知君仙骨无寒暑			1		THUOCL
知德者鲜矣			1		THUOCL
知我者其天乎			1		THUOCL
知有杏园无路入			1		THUOCL
知死不可让			1		THUOCL
知皆扩而充之矣			1		THUOCL
知误会前翻书语			1		THUOCL
矫菌桂以纫蕙兮			1		THUOCL
短檠照字细如毛			1		THUOCL
短歌微吟不能长			1		THUOCL
短笛无腔信口吹			1		THUOCL
短笛横吹隔陇闻			1		THUOCL
石坚激清响			1		THUOCL
石扉三叩声清圆			1		THUOCL
石断紫钱斜			1		THUOCL
石楼月下吹芦管			1		THUOCL
石泉饭香粳			1		THUOCL
石渠秋放水声新			1		THUOCL
石矶西畔问渔船			1		THUOCL
石虽不能言			1		THUOCL
石钵收云液			1		THUOCL
石门流水遍桃花			1		THUOCL
石鱼湖上醉歌并序			1		THUOCL
砌下落梅如雪乱			1		THUOCL
破产不为家			1		THUOCL
破头山北北山南			1		THUOCL
破尽青衫尘满帽			1		THUOCL
破浪千帆阵马来			1		THUOCL
碧天如水夜云轻			1		THUOCL
碧山终日思无尽			1		THUOCL
碧水浩浩云茫茫			1		THUOCL
碧水长流广濑川			1		THUOCL
碧玉小家女			1		THUOCL
碧玉搔头落水中			1		THUOCL
碧琉璃滑净无尘			1		THUOCL
碧瓦朱甍照城郭			1		THUOCL
碧眼照山谷			1		THUOCL
碧虚无云风不起			1		THUOCL
示赵弱且怯也			1		THUOCL
礼义由贤者出			1		THUOCL
礼乐不兴则刑罚不中			1		THUOCL
礼法有明文			1		THUOCL
祖母今年九十有六			1		THUOCL
祗役出皇邑			1		THUOCL
神女为秉机			1		THUOCL
神妙独难忘			1		THUOCL
神得一以灵			1		THUOCL
神欢体自轻			1		THUOCL
神行电迈蹑慌惚			1		THUOCL
禹思天下有溺者			1		THUOCL
离别家乡岁月多			1		THUOCL
秀句满江国			1		THUOCL
秀而不实者有矣夫			1		THUOCL
秀色掩今古			1		THUOCL
秀色空绝世			1		THUOCL
秋光近青岑			1		THUOCL
秋兰兮青青			1		THUOCL
秋凉卷朝簟			1		THUOCL
秋分客尚在			1		THUOCL
秋千竞出垂杨里			1		THUOCL
秋吟切骨玉声寒			1		THUOCL
秋夕听罗山人弹三峡流泉			1		THUOCL
秋天殊未晓			1		THUOCL
秋宵月下有怀			1		THUOCL
秋宵月色胜春宵			1		THUOCL
秋收时节暮云愁			1		THUOCL
秋日别王长史			1		THUOCL
秋日炼药院镊白发			1		THUOCL
秋日登吴公台上寺远眺			1		THUOCL
秋日赴阙题潼关驿楼			1		THUOCL
秋来倍忆武昌鱼			1		THUOCL
秋来兴甚长			1		THUOCL
秋来相顾尚飘蓬			1		THUOCL
秋来美更香			1		THUOCL
秋槐叶落空宫里			1		THUOCL
秋毫不敢有所近			1		THUOCL
秋水日潺湲			1		THUOCL
秋水明落日			1		THUOCL
秋江送别二首			1		THUOCL
秋波落泗水			1		THUOCL
秋浦歌十七首			1		THUOCL
秋色有佳兴			1		THUOCL
秋花危石底			1		THUOCL
秋花紫蒙蒙			1		THUOCL
秋荷一滴露			1		THUOCL
秋菊能傲霜			1		THUOCL
秋蝉鸣树间			1		THUOCL
秋雾连云白			1		THUOCL
秋风夕起骚骚然			1		THUOCL
秋风楚竹冷			1		THUOCL
秋风肃肃晨风飔			1		THUOCL
秋风萧瑟洪波涌起			1		THUOCL
秋风萧萧愁杀人			1		THUOCL
秋风袅袅动高旌			1		THUOCL
秋高山色青如染			1		THUOCL
种之秋雨余			1		THUOCL
种柳成行夹流水			1		THUOCL
种柳柳江边			1		THUOCL
种瓜黄台下			1		THUOCL
种种在其中			1		THUOCL
秘密事之载心兮			1		THUOCL
秦城楼阁烟花里			1		THUOCL
秦声一曲此时闻			1		THUOCL
秦岭愁回马			1		THUOCL
秦岭秋风我去时			1		THUOCL
秦强而赵弱			1		THUOCL
秦御史前书曰			1		THUOCL
秦王骑虎游八极			1		THUOCL
积伐而美者以犯之			1		THUOCL
积德为厚地			1		THUOCL
积水连山胜画中			1		THUOCL
移我琉璃榻			1		THUOCL
移舟木兰棹			1		THUOCL
移舟泊烟渚			1		THUOCL
移船先主庙			1		THUOCL
稍稍夜寒生			1		THUOCL
稚子夜能赊			1		THUOCL
稚子牵衣问			1		THUOCL
稚孙渐长解烧汤			1		THUOCL
稳送祝融归			1		THUOCL
穆将愉兮上皇			1		THUOCL
穆王得八骏			1		THUOCL
穷不知所示			1		THUOCL
穷岛屿之萦回			1		THUOCL
空将汉月出宫门			1		THUOCL
空山草木长			1		THUOCL
空床卧听南窗雨			1		THUOCL
空床难独守			1		THUOCL
空庭一树花			1		THUOCL
空忆谢将军			1		THUOCL
空想黄河彻底冰			1		THUOCL
空林独与白云期			1		THUOCL
空水共氤氲			1		THUOCL
空洲对鹦鹉			1		THUOCL
空灵霞石峻			1		THUOCL
空烦左手持新蟹			1		THUOCL
空留可怜与谁同			1		THUOCL
空里浮花梦里身			1		THUOCL
穿花蛱蝶深深见			1		THUOCL
突兀球场锦绣峰			1		THUOCL
突如流星过			1		THUOCL
窃为大王不取也			1		THUOCL
窃为陛下不			1		THUOCL
窃听琴声碧窗里			1		THUOCL
窃攀屈宋宜方驾			1		THUOCL
窈窕无双颜如玉			1		THUOCL
窗户湿青红			1		THUOCL
窗间斜月两眉愁			1		THUOCL
窜身南国避胡尘			1		THUOCL
立孤就白刃			1		THUOCL
立朝风采照公卿			1		THUOCL
立诛杀曹无伤			1		THUOCL
竟日蛟龙喜			1		THUOCL
章台从掩映			1		THUOCL
童儿且时摘			1		THUOCL
童子解吟长恨曲			1		THUOCL
童稚开荆扉			1		THUOCL
童稚携壶浆			1		THUOCL
端午被恩荣			1		THUOCL
端州石工巧如神			1		THUOCL
竹下忘言对紫茶			1		THUOCL
竹径绕荷池			1		THUOCL
竹斋烧药灶			1		THUOCL
竹枝歌送菊花杯			1		THUOCL
竹梢微动觉风生			1		THUOCL
竹楼缘岸上			1		THUOCL
竹溪村路板桥斜			1		THUOCL
竹细野池幽			1		THUOCL
竹西花草弄春柔			1		THUOCL
竹边台榭水边亭			1		THUOCL
竹里缲丝挑网车			1		THUOCL
竹雾晓笼衔岭月			1		THUOCL
竹露夕微微			1		THUOCL
竿头彩挂虹蜺晕			1		THUOCL
笑入荷花去			1		THUOCL
笑向檀郎唾			1		THUOCL
笑啼俱不敢			1		THUOCL
笑把秋花插			1		THUOCL
笑掩微妆入梦来			1		THUOCL
笑整香云缕			1		THUOCL
笑看儿童骑竹马			1		THUOCL
笑谈独在千峰上			1		THUOCL
笔架沾窗雨			1		THUOCL
笔端还有五湖心			1		THUOCL
笛中闻折柳			1		THUOCL
笼竹和烟滴露梢			1		THUOCL
等终军之弱冠			1		THUOCL
等闲飞上别枝花			1		THUOCL
答熊本推官金陵寄酒			1		THUOCL
答白刑部闻新蝉			1		THUOCL
策扶老以流憩			1		THUOCL
策杖归去来			1		THUOCL
筠焙熟香茶			1		THUOCL
箔头作茧丝皓皓			1		THUOCL
算几番照我			1		THUOCL
算只君与长江			1		THUOCL
箜篌所悲竟不还			1		THUOCL
管仲之力也			1		THUOCL
管夷吾举于士			1		THUOCL
管竹管山管水			1		THUOCL
箪壶无空携			1		THUOCL
箫管迎龙水庙前			1		THUOCL
箫鼓哀吟感鬼神			1		THUOCL
篇终接混茫			1		THUOCL
篱落似江村			1		THUOCL
簇簇歌台舞榭			1		THUOCL
簇簇淮阴市			1		THUOCL
簌簌衣巾落枣花			1		THUOCL
簪导轻安发不知			1		THUOCL
籍何以至此			1		THUOCL
粉心黄蕊花靥			1		THUOCL
粉红石首仍无骨			1		THUOCL
粪土当年万户候			1		THUOCL
粳稻纷纷载酒船			1		THUOCL
粽香筒竹嫩			1		THUOCL
精用而不已则劳			1		THUOCL
精逃白骨累三遭			1		THUOCL
精魂飘何处			1		THUOCL
系在红罗襦			1		THUOCL
素发干垂领			1		THUOCL
素善留侯张良			1		THUOCL
素手把芙蓉			1		THUOCL
素手玉房前			1		THUOCL
素是自然色			1		THUOCL
素朴而民性得矣			1		THUOCL
素肌擘新玉			1		THUOCL
素衣莫起风尘叹			1		THUOCL
索琼茅以筳篿兮			1		THUOCL
索食声孜孜			1		THUOCL
紫笋齐尝各斗新			1		THUOCL
紫绶黄金章			1		THUOCL
累上留云借月章			1		THUOCL
繁中能薄艳中闲			1		THUOCL
繁枝容易纷纷落			1		THUOCL
红嫩妖饶脸薄妆			1		THUOCL
红旗半卷出辕门			1		THUOCL
红日已高三丈透			1		THUOCL
红栏三百九十桥			1		THUOCL
红树蝉声满夕阳			1		THUOCL
红梅不屈服			1		THUOCL
红紫不以为亵服			1		THUOCL
红纸一封书后信			1		THUOCL
红线织成可殿铺			1		THUOCL
红绽雨肥梅			1		THUOCL
红绿参差春晚			1		THUOCL
红艳青旗朱粉楼			1		THUOCL
红莲池里白莲开			1		THUOCL
红莲相倚浑如醉			1		THUOCL
红衣浅复深			1		THUOCL
红衣脱尽芳心苦			1		THUOCL
红衣落尽暗香残			1		THUOCL
红锦地衣随步皱			1		THUOCL
红颗珍珠诚可爱			1		THUOCL
红颜弃轩冕			1		THUOCL
红颜成白发			1		THUOCL
红颜暗与流年换			1		THUOCL
纤云四卷天无河			1		THUOCL
纤手搓来玉数寻			1		THUOCL
纤歌凝而白云遏			1		THUOCL
纤纤出素手			1		THUOCL
纤纤素手如霜雪			1		THUOCL
纪信等四人持剑盾步走			1		THUOCL
纪叟黄泉里			1		THUOCL
纯粹而不杂			1		THUOCL
纱巾草履竹疏衣			1		THUOCL
纱窗几度春光暮			1		THUOCL
纵使君来岂堪折			1		THUOCL
纵使晴明无雨色			1		THUOCL
纵横正有凌云笔			1		THUOCL
纵然一夜风吹去			1		THUOCL
纵观万人同			1		THUOCL
纵观云委江之湄			1		THUOCL
纵饮久判人共弃			1		THUOCL
纷其可喜兮			1		THUOCL
纷纷红紫已成尘			1		THUOCL
纷纷谤誉何劳问			1		THUOCL
纷纷辞客多停笔			1		THUOCL
细和渊明诗			1		THUOCL
细思却是最宜霜			1		THUOCL
细思皆幸矣			1		THUOCL
细葛含风软			1		THUOCL
细观手面分转侧			1		THUOCL
细语人不闻			1		THUOCL
细雨梦回鸡塞远			1		THUOCL
细雨湿高城			1		THUOCL
终不察夫民心			1		THUOCL
终不能加胜于赵			1		THUOCL
终不能得璧也			1		THUOCL
终南望馀雪			1		THUOCL
终岁不闻丝竹声			1		THUOCL
终岁得晏然			1		THUOCL
终年无尽风			1		THUOCL
终当归空无			1		THUOCL
终日看山不厌山			1		THUOCL
终朝风不休			1		THUOCL
终期抛印绶			1		THUOCL
终苟免而不怀仁			1		THUOCL
终见降王走传车			1		THUOCL
终身何敢望韩公			1		THUOCL
终身荷圣情			1		THUOCL
经事还谙事			1		THUOCL
经行几处江山改			1		THUOCL
结从胚浑始			1		THUOCL
结在深深肠			1		THUOCL
结客少年场行			1		THUOCL
结幽兰而延伫			1		THUOCL
结庐锦水边			1		THUOCL
结束多红粉			1		THUOCL
结根依青天			1		THUOCL
结根未得所			1		THUOCL
结社多高客			1		THUOCL
绕村骑马思悠悠			1		THUOCL
绕郭荷花三十里			1		THUOCL
绛纱囊里水晶丸			1		THUOCL
绣成歌舞衣			1		THUOCL
绣衣不惜拂尘看			1		THUOCL
继之以规矩准绳			1		THUOCL
绮榭飘飖紫庭客			1		THUOCL
绮殿千寻起			1		THUOCL
维扬忆旧游			1		THUOCL
维舟绿杨岸			1		THUOCL
绵绵思远道			1		THUOCL
绿叶兮紫茎			1		THUOCL
绿娇隐约眉轻扫			1		THUOCL
绿暗红嫣浑可事			1		THUOCL
绿杨巷陌秋风起			1		THUOCL
绿杨树下养精神			1		THUOCL
绿树重阴盖四邻			1		THUOCL
绿水新池满			1		THUOCL
绿波浸叶满浓光			1		THUOCL
绿浪东西南北水			1		THUOCL
绿翠如芙蓉			1		THUOCL
绿芜墙绕青苔院			1		THUOCL
绿芽十片火前春			1		THUOCL
绿荷包饭趁虚人			1		THUOCL
绿酒初尝人易醉			1		THUOCL
绿鬓成霜蓬			1		THUOCL
缏得红罗手帕子			1		THUOCL
缓歌慢舞凝丝竹			1		THUOCL
缕橙芼姜葱			1		THUOCL
缘以结不解			1		THUOCL
缘江路熟俯青郊			1		THUOCL
缘督以为经			1		THUOCL
缥缈入石如飞烟			1		THUOCL
缭之兮杜衡			1		THUOCL
缯絮足御寒			1		THUOCL
罗帷绮箔脂粉香			1		THUOCL
罗浮山下雪来未			1		THUOCL
罗衣尚斗鸡			1		THUOCL
罗袜绣鞋随步没			1		THUOCL
罗襦不复施			1		THUOCL
罢如江海凝清光			1		THUOCL
罪从大辟皆除死			1		THUOCL
置以为像兮			1		THUOCL
羁危万里身			1		THUOCL
羊公碑字在			1		THUOCL
羊肠不可上			1		THUOCL
羊腔酒担争迎妇			1		THUOCL
羌戎贺劳旋			1		THUOCL
羌管吹杨柳			1		THUOCL
羌芳华自中出			1		THUOCL
美人不来空断肠			1		THUOCL
美人出南国			1		THUOCL
美人在时花满堂			1		THUOCL
美人懒态燕脂愁			1		THUOCL
美人踏上歌舞来			1		THUOCL
美女妖且闲			1		THUOCL
美行可以加人			1		THUOCL
美言可以市尊			1		THUOCL
美酒生林不待仪			1		THUOCL
羔羊口在缘何事			1		THUOCL
羞而不为也			1		THUOCL
羞逐乡人赛紫姑			1		THUOCL
羡比翼之共林			1		THUOCL
群众不能移也			1		THUOCL
群彦今汪洋			1		THUOCL
群燕辞归雁南翔			1		THUOCL
群臣安在哉			1		THUOCL
羲之俗书趁姿媚			1		THUOCL
羿工乎中微而拙乎使人无己誉			1		THUOCL
翁居山下年空老			1		THUOCL
翠华想像空山里			1		THUOCL
翠帷双卷出倾城			1		THUOCL
翡翠黄金缕			1		THUOCL
翩翾粉翅开			1		THUOCL
翰林读书言怀			1		THUOCL
翻翻菱荇满回塘			1		THUOCL
翻身挂影恣腾蹋			1		THUOCL
翻身跃入七人房			1		THUOCL
老人七十仍沽酒			1		THUOCL
老人自笑还多事			1		THUOCL
老僧已死成新塔			1		THUOCL
老去山林徒梦想			1		THUOCL
老去才难尽			1		THUOCL
老去新诗谁与传			1		THUOCL
老去有谁怜			1		THUOCL
老命反迟延			1		THUOCL
老夫转不乐			1		THUOCL
老妇出门看			1		THUOCL
老妻寄异县			1		THUOCL
老年花似雾中看			1		THUOCL
老来事业转荒唐			1		THUOCL
老柘叶黄如嫩树			1		THUOCL
老校于君合先退			1		THUOCL
老百晓在线			1		THUOCL
老翁逾墙走			1		THUOCL
老葑席卷苍云空			1		THUOCL
老阮不狂谁会得			1		THUOCL
老骥思千里			1		THUOCL
耆旧何人在			1		THUOCL
而七首不动			1		THUOCL
而不失豪芒			1		THUOCL
而不敢怀庆赏爵禄			1		THUOCL
而不能至者			1		THUOCL
而不自知也			1		THUOCL
而不自适其适者也			1		THUOCL
而不见其形			1		THUOCL
而世之奇伟			1		THUOCL
而亦何常师之有			1		THUOCL
而人死亦次之			1		THUOCL
而今才道当时错			1		THUOCL
而使其自己也			1		THUOCL
而六马仰秣			1		THUOCL
而况乎无不用者乎			1		THUOCL
而况全德之人乎			1		THUOCL
而况利害之端乎			1		THUOCL
而又何羡乎			1		THUOCL
而可大受也			1		THUOCL
而可小知也			1		THUOCL
而后知天下之巨丽			1		THUOCL
而君为贵戚			1		THUOCL
而君幸于赵王			1		THUOCL
而君畏匿之			1		THUOCL
而唯蜩翼之知			1		THUOCL
而多方于聪明之用也			1		THUOCL
而天下始分矣			1		THUOCL
而天下始疑矣			1		THUOCL
而天下治矣			1		THUOCL
而太山为小			1		THUOCL
而子桑户死			1		THUOCL
而已反其真			1		THUOCL
而彼且奚适也			1		THUOCL
而我犹为人猗			1		THUOCL
而我独迷见			1		THUOCL
而我独顽且鄙			1		THUOCL
而有斯疾也			1		THUOCL
而未尝往也			1		THUOCL
而束君归赵矣			1		THUOCL
而果其贤乎			1		THUOCL
而海畔有逐臭之夫			1		THUOCL
而游乎四海之外			1		THUOCL
而相如廷叱之			1		THUOCL
而绝秦赵之欢			1		THUOCL
而编之以发			1		THUOCL
而蔺相如徒以口舌为劳			1		THUOCL
而蟾蜍衔之			1		THUOCL
而通之于台桑			1		THUOCL
而集于栗林			1		THUOCL
而霖雨十日			1		THUOCL
而非道德之正也			1		THUOCL
而马之死者已过半矣			1		THUOCL
耳不听恶声			1		THUOCL
耳闻不如目见			1		THUOCL
耶娘妻子走相送			1		THUOCL
耿耿对金陵			1		THUOCL
聆我慷慨言			1		THUOCL
聊寄法王家			1		THUOCL
聊翱游兮周章			1		THUOCL
聊逍遥兮容与			1		THUOCL
聚散真容易			1		THUOCL
肉芝石耳不足数			1		THUOCL
肌发舒且柔			1		THUOCL
肌肤冰雪莹			1		THUOCL
肝胆楚越也			1		THUOCL
肝胆皆冰雪			1		THUOCL
肠中车轮转			1		THUOCL
肠深解不得			1		THUOCL
背为虎文龙翼骨			1		THUOCL
背灯和月就花阴			1		THUOCL
背窗雪落炉烟直			1		THUOCL
背郭堂成荫白茅			1		THUOCL
胜里金花巧耐寒			1		THUOCL
胡不上书自荐达			1		THUOCL
胡为将暮年			1		THUOCL
胡人不敢南下而牧马			1		THUOCL
胡人半解弹琵琶			1		THUOCL
胡人岁献葡萄酒			1		THUOCL
胡儿眼泪双双落			1		THUOCL
胡儿能唱琵琶篇			1		THUOCL
胡瞻尔庭有县貆兮			1		THUOCL
胡笳一声愁绝			1		THUOCL
胡笳不管离心苦			1		THUOCL
胡笳只解催人老			1		THUOCL
胡雁哀鸣夜夜飞			1		THUOCL
胸中元自有丘壑			1		THUOCL
能以精诚致魂魄			1		THUOCL
能伴老夫否			1		THUOCL
能使清凉头不热			1		THUOCL
能医病眼花			1		THUOCL
能变人间世			1		THUOCL
能向花前几回醉			1		THUOCL
能吟山鹧鸪			1		THUOCL
能够把我看见			1		THUOCL
能行便是真修道			1		THUOCL
脍切天池鳞			1		THUOCL
脸上金霞细			1		THUOCL
腊月九日暖寒客			1		THUOCL
腊梅迟见二年花			1		THUOCL
腰佩翠琅玕			1		THUOCL
腰暖日阳中			1		THUOCL
腰细不胜舞			1		THUOCL
腰鼓百面如春雷			1		THUOCL
膏面染须聊自欺			1		THUOCL
膝上王文度			1		THUOCL
膳夫善治荐华堂			1		THUOCL
臆碎羽分人不悲			1		THUOCL
臣不胜受恩感激			1		THUOCL
臣与将军戮力而攻秦			1		THUOCL
臣为韩王送沛公			1		THUOCL
臣之年二十而好捶钩			1		THUOCL
臣之质死久矣			1		THUOCL
臣密今年四十有四			1		THUOCL
臣死且不避			1		THUOCL
臣闻云南六诏蛮			1		THUOCL
自为江上客			1		THUOCL
自从盛酒长儿孙			1		THUOCL
自以为不通乎命			1		THUOCL
自伤早孤茕			1		THUOCL
自入秋来风景好			1		THUOCL
自其同者视之			1		THUOCL
自其异者视之			1		THUOCL
自别钱塘山水后			1		THUOCL
自到青冥里			1		THUOCL
自前世而固然			1		THUOCL
自古功名亦苦辛			1		THUOCL
自古多艰辛			1		THUOCL
自古有羁旅			1		THUOCL
自名为鸳鸯			1		THUOCL
自向庭中种荔枝			1		THUOCL
自吾氏三世居是乡			1		THUOCL
自嗟贫家女			1		THUOCL
自大视细者不明			1		THUOCL
自天题处湿			1		THUOCL
自夫子之死也			1		THUOCL
自小不相识			1		THUOCL
自尔为佳节			1		THUOCL
自庇一身青箬笠			1		THUOCL
自引壶觞自醉			1		THUOCL
自我心存道			1		THUOCL
自既灌而往者			1		THUOCL
自明无月夜			1		THUOCL
自是不归归便得			1		THUOCL
自有夜珠来			1		THUOCL
自有岁寒心			1		THUOCL
自有生民以来			1		THUOCL
自清凉无汗			1		THUOCL
自漉疏巾邀醉客			1		THUOCL
自爱名山入剡中			1		THUOCL
自爱铿然曳杖声			1		THUOCL
自生民以来			1		THUOCL
自移一榻西窗下			1		THUOCL
自能成羽翼			1		THUOCL
自课越佣能种瓜			1		THUOCL
自静其心延寿命			1		THUOCL
自非亭午夜分			1		THUOCL
至于负者歌于途			1		THUOCL
至人之用心若镜			1		THUOCL
至今劳圣主			1		THUOCL
至今欲食林甫肉			1		THUOCL
至今沧江上			1		THUOCL
至大不可围			1		THUOCL
至子桑之门			1		THUOCL
致君丹槛折			1		THUOCL
舍南有竹堪书字			1		THUOCL
舜之为臣也			1		THUOCL
舜发于畎亩之中			1		THUOCL
舜流共工于幽州			1		THUOCL
舜禹之有天下也			1		THUOCL
舞困榆钱自落			1		THUOCL
舞破中原始下来			1		THUOCL
舞马既登床			1		THUOCL
舟楫恐失坠			1		THUOCL
舟楫控吴人			1		THUOCL
舟船如野渡			1		THUOCL
舟行明镜中			1		THUOCL
舟车半天下			1		THUOCL
舟雪洒寒灯			1		THUOCL
船下广陵去			1		THUOCL
船经一柱观			1		THUOCL
艅艎何泛泛			1		THUOCL
艟艨巨舰直东指			1		THUOCL
良久问他不开口			1		THUOCL
良人执戟明光里			1		THUOCL
良宵盛会喜空前			1		THUOCL
良游常蹉跎			1		THUOCL
良璞含章久			1		THUOCL
艰难不敢料前期			1		THUOCL
色与春庭暮			1		THUOCL
艳色天下重			1		THUOCL
节物风光不相待			1		THUOCL
芙蓉老秋霜			1		THUOCL
芜然蕙草暮			1		THUOCL
芦花深泽静垂纶			1		THUOCL
芭蕉叶大栀子肥			1		THUOCL
花上露犹泫			1		THUOCL
花不知人瘦			1		THUOCL
花外漏声迢递			1		THUOCL
花屿读书床			1		THUOCL
花应羞上老人头			1		THUOCL
花开残菊傍疏篱			1		THUOCL
花影妖饶各占春			1		THUOCL
花径暗香流			1		THUOCL
花心愁欲断			1		THUOCL
花房小如许			1		THUOCL
花暖青牛卧			1		THUOCL
花木成畦手自栽			1		THUOCL
花气袭人知骤暖			1		THUOCL
花泾二月桃花发			1		THUOCL
花浓春寺静			1		THUOCL
花舞大唐春			1		THUOCL
花迎剑佩星初落			1		THUOCL
花雪随风不厌看			1		THUOCL
花面丫头十三四			1		THUOCL
花鬘斗薮龙蛇动			1		THUOCL
芳声腾海隅			1		THUOCL
芳影如生随处在			1		THUOCL
芳草何年恨即休			1		THUOCL
芳菲菲兮袭予			1		THUOCL
芳菲菲其弥章			1		THUOCL
芷葺兮荷屋			1		THUOCL
苍然两片石			1		THUOCL
苍然满关中			1		THUOCL
苍然玉一堆			1		THUOCL
苍苍竹林寺			1		THUOCL
苍茫不晓神灵意			1		THUOCL
苍茫值晚春			1		THUOCL
苍茫宫观平			1		THUOCL
苏子与客泛舟游于赤壁之下			1		THUOCL
苏晋长斋绣佛前			1		THUOCL
苏武在匈奴			1		THUOCL
苒苒物华休			1		THUOCL
苗而不秀者有矣夫			1		THUOCL
苟余情其信姱以练要兮			1		THUOCL
苟余情其信芳			1		THUOCL
苟得用此下土			1		THUOCL
苟无济代心			1		THUOCL
苟有用我者			1		THUOCL
苟能制侵陵			1		THUOCL
若乃夫没人			1		THUOCL
若九牛亡一毛			1		THUOCL
若似剡中容易到			1		THUOCL
若似月轮终皎洁			1		THUOCL
若信庄周尚非我			1		THUOCL
若入前为寿			1		THUOCL
若共吴王斗百草			1		THUOCL
若其义则不可须臾舍也			1		THUOCL
若到越溪逢越女			1		THUOCL
若夫日出而林霏开			1		THUOCL
若夫霪雨霏霏			1		THUOCL
若属皆且为所虏			1		THUOCL
若无清风吹			1		THUOCL
若无知足心			1		THUOCL
若无罪而就死地			1		THUOCL
若有人知春去处			1		THUOCL
若有作奸犯科			1		THUOCL
若死生为徒			1		THUOCL
若火之始然			1		THUOCL
若耶溪上踏莓苔			1		THUOCL
若耶溪归兴			1		THUOCL
若臧武仲之知			1		THUOCL
若葵藿之倾叶			1		THUOCL
若轻云之蔽月			1		THUOCL
若降天地之施			1		THUOCL
若非月下即花前			1		THUOCL
苦乏大药资			1		THUOCL
苦道来不易			1		THUOCL
英姿飒爽来酣战			1		THUOCL
茂陵刘郎秋风客			1		THUOCL
范增数目项王			1		THUOCL
范增说项羽曰			1		THUOCL
茅堂石笋西			1		THUOCL
茅屋沧洲一酒旗			1		THUOCL
茅檐烟里语双双			1		THUOCL
茅檐相对坐终日			1		THUOCL
茅檐长扫静无苔			1		THUOCL
茅茨疏易湿			1		THUOCL
茗生此中石			1		THUOCL
茫如坠烟雾			1		THUOCL
茫茫走胡兵			1		THUOCL
茱萸自有芳			1		THUOCL
茶笋尽禅味			1		THUOCL
荃者所以在鱼			1		THUOCL
荆棘上参天			1		THUOCL
荆棘暗长原			1		THUOCL
荆钗任意撩新鬓			1		THUOCL
草合离宫转夕晖			1		THUOCL
草头珠颗冷			1		THUOCL
草枯鹰眼疾			1		THUOCL
草根吟不稳			1		THUOCL
草绿裙腰一道斜			1		THUOCL
草色新雨中			1		THUOCL
草色烟光残照里			1		THUOCL
草色青青柳色黄			1		THUOCL
草草杯盘供笑语			1		THUOCL
草裹乌纱巾			1		THUOCL
草诏陆贽倾诸公			1		THUOCL
荏苒冬春谢			1		THUOCL
荒城鲁殿馀			1		THUOCL
荒烟依旧平楚			1		THUOCL
荔子已丹吾发白			1		THUOCL
荞麦花开白雪香			1		THUOCL
荡子天涯归棹远			1		THUOCL
荡子行不归			1		THUOCL
荡漾游子情			1		THUOCL
荣光休气纷五彩			1		THUOCL
荣华相晃耀			1		THUOCL
荣名以为宝			1		THUOCL
荣枯一枕春来梦			1		THUOCL
荦确何人似退之			1		THUOCL
荪桡兮兰旌			1		THUOCL
荷叶生时春恨生			1		THUOCL
荷花开后西湖好			1		THUOCL
莫上最高层			1		THUOCL
莫不有文武之道焉			1		THUOCL
莫为无人欺一物			1		THUOCL
莫厌家鸡更问人			1		THUOCL
莫好修之害也			1		THUOCL
莫嫌荦确坡头路			1		THUOCL
莫嫌酒薄红粉陋			1		THUOCL
莫将画扇出帷来			1		THUOCL
莫待晓风吹			1		THUOCL
莫愁留滞太史公			1		THUOCL
莫教枝上啼			1		THUOCL
莫教长袖倚阑干			1		THUOCL
莫笑田家老瓦盆			1		THUOCL
莫见长安行乐处			1		THUOCL
莫许杯深琥珀浓			1		THUOCL
莫负东篱菊蕊黄			1		THUOCL
莫辞更坐弹一曲			1		THUOCL
莫逐狂风起浪心			1		THUOCL
莫遣佳期更后期			1		THUOCL
莫问奴归处			1		THUOCL
莲池旧是无波水			1		THUOCL
莲花始信两飞峰			1		THUOCL
获笑汶上翁			1		THUOCL
莺儿燕子俱黄土			1		THUOCL
莺嫌枝嫩不胜吟			1		THUOCL
莺语和人诗			1		THUOCL
菊花须插满头归			1		THUOCL
菖蒲花发五云高			1		THUOCL
菜传纤手送青丝			1		THUOCL
菡萏生泥玩亦难			1		THUOCL
菡萏金芙蓉			1		THUOCL
菰白媚秋菜			1		THUOCL
菰米新炊滑上匙			1		THUOCL
菰蒲冒清浅			1		THUOCL
菱透浮萍绿锦池			1		THUOCL
萎蒿满地芦芽短			1		THUOCL
萧条徐泗空			1		THUOCL
萧萧枫树林			1		THUOCL
萧萧梁栋秋			1		THUOCL
萧萧闻雁飞			1		THUOCL
萧飒凉风与衰鬓			1		THUOCL
落叶添薪仰古槐			1		THUOCL
落向人间取次生			1		THUOCL
落帆江口月黄昏			1		THUOCL
落日好鸟归			1		THUOCL
落日对春华			1		THUOCL
落日平台上			1		THUOCL
落日忆山中			1		THUOCL
落日照大旗			1		THUOCL
落日绣帘卷			1		THUOCL
落月满屋梁			1		THUOCL
落梅愁绝醉中听			1		THUOCL
落花犹似坠楼人			1		THUOCL
落花踏尽游何处			1		THUOCL
落花风雨更伤春			1		THUOCL
落蕊犹收蜜露香			1		THUOCL
葳蕤自生光			1		THUOCL
蒲苇一时纫			1		THUOCL
蓝桥春雪君归日			1		THUOCL
蓝桥驿见元九诗			1		THUOCL
蓝田丘壑漫寒藤			1		THUOCL
蓝田醉倒玉山颓			1		THUOCL
蓬而指之曰			1		THUOCL
蓬舟吹取三山去			1		THUOCL
蓬门未识绮罗香			1		THUOCL
蔡洲新草绿			1		THUOCL
蔷薇几度花			1		THUOCL
蔷薇带刺攀应懒			1		THUOCL
蕃草席铺枫叶岸			1		THUOCL
蕊黄无限当山额			1		THUOCL
蕙草留芳根			1		THUOCL
蕨芽珍嫩压春蔬			1		THUOCL
薄俸可资家			1		THUOCL
薄宦梗犹泛			1		THUOCL
薜萝若在眼			1		THUOCL
藏书万卷可教子			1		THUOCL
藏人带树远含清			1		THUOCL
藏小大有宜			1		THUOCL
藤床纸帐朝眠起			1		THUOCL
虎可搏兮牛可触			1		THUOCL
虎头金粟影			1		THUOCL
虎有爪兮牛有角			1		THUOCL
虎豹号我西			1		THUOCL
虎距龙盘今胜昔			1		THUOCL
虎踞龙蟠何处是			1		THUOCL
虚减宫厨为细腰			1		THUOCL
虚步蹑太清			1		THUOCL
虚负东阳酒担来			1		THUOCL
虞人逐而谇之			1		THUOCL
虢州岑二十七长史参三十韵			1		THUOCL
虹收青嶂雨			1		THUOCL
虽一龙发机			1		THUOCL
虽善亦多事			1		THUOCL
虽在缧绁之中			1		THUOCL
虽投定远笔			1		THUOCL
虽断犹牵连			1		THUOCL
虽无粮而乃足			1		THUOCL
虽有义台路寝			1		THUOCL
虽有数斗玉			1		THUOCL
虽未量岁功			1		THUOCL
虽疏食菜羹瓜祭			1		THUOCL
虽盗跖与伯夷			1		THUOCL
虽趣舍万殊			1		THUOCL
虽过失犹弗治			1		THUOCL
虽鸡狗不得宁焉			1		THUOCL
蛟何为兮水裔			1		THUOCL
蛟龙得雨鬐鬣动			1		THUOCL
蛮衣斑斓布			1		THUOCL
蜀人几为鱼			1		THUOCL
蜀人衣食常苦艰			1		THUOCL
蜀国曾闻子规鸟			1		THUOCL
蜀江水碧蜀山青			1		THUOCL
蜀王无近信			1		THUOCL
蜀麻吴盐自古通			1		THUOCL
蜂黄暗偷晕			1		THUOCL
蜡烛有心还惜别			1		THUOCL
蜻蜓飞上玉搔头			1		THUOCL
蝉声未发前			1		THUOCL
蝶栖石竹银交关			1		THUOCL
蝶绕绣衣花			1		THUOCL
螳螂执翳而搏之			1		THUOCL
蟹六跪而二螯			1		THUOCL
蟹眼已过鱼眼生			1		THUOCL
行人刁斗风沙暗			1		THUOCL
行人更在春山外			1		THUOCL
行军用兵之道			1		THUOCL
行到小溪深处			1		THUOCL
行吟楚山玉			1		THUOCL
行歌尽落梅			1		THUOCL
行藏终欲付何人			1		THUOCL
行路难三首			1		THUOCL
行辟人可也			1		THUOCL
行遍天涯真老矣			1		THUOCL
行酒石榴裙			1		THUOCL
衔泥巢君屋			1		THUOCL
衔泥点污琴书内			1		THUOCL
衡阳雁声彻			1		THUOCL
衣上征尘杂酒痕			1		THUOCL
衣如飞鹑马如狗			1		THUOCL
衣带日已缓			1		THUOCL
衣服云霞鲜			1		THUOCL
衣润费炉烟			1		THUOCL
衣露净琴张			1		THUOCL
衰年关鬲冷			1		THUOCL
衰怀造胜境			1		THUOCL
衰颜欲付紫金丹			1		THUOCL
袈裟忆上泛湖船			1		THUOCL
袖中忽见三行字			1		THUOCL
被发之叟狂而痴			1		THUOCL
被石兰兮带杜衡			1		THUOCL
被薜荔兮带女萝			1		THUOCL
被驱不异犬与鸡			1		THUOCL
裙妒石榴花			1		THUOCL
裹饭而往食之			1		THUOCL
褒公鄂公毛发动			1		THUOCL
襄王云雨今安在			1		THUOCL
西上令人老			1		THUOCL
西上太白峰			1		THUOCL
西下峨眉峰			1		THUOCL
西城杨柳弄春柔			1		THUOCL
西夷之人也			1		THUOCL
西子下姑苏			1		THUOCL
西山寇盗莫相侵			1		THUOCL
西岳峥嵘何壮哉			1		THUOCL
西崦人家应最乐			1		THUOCL
西当太白有鸟道			1		THUOCL
西忆故人不可见			1		THUOCL
西挂咸阳树			1		THUOCL
西楼无客共谁尝			1		THUOCL
西楼望月几回圆			1		THUOCL
西江万里船			1		THUOCL
西辉逐流水			1		THUOCL
西陆蝉声唱			1		THUOCL
西风多少恨			1		THUOCL
西风漫卷孤城			1		THUOCL
西风莫道无情思			1		THUOCL
西风袅袅秋			1		THUOCL
要伴骚人餐落英			1		THUOCL
要愁那得功夫			1		THUOCL
要留青白在人间			1		THUOCL
要自拨其根			1		THUOCL
要近丛篁听雨声			1		THUOCL
要须回舞袖			1		THUOCL
覆水再收岂满杯			1		THUOCL
见之自清凉			1		THUOCL
见人不语颦蛾眉			1		THUOCL
见佝偻者承蜩			1		THUOCL
见利而忘其真			1		THUOCL
见君前日书			1		THUOCL
见底何如此			1		THUOCL
见是银河泻			1		THUOCL
见说风流极			1		THUOCL
见长空万里			1		THUOCL
观书散遗帙			1		THUOCL
观其色赧赧然			1		THUOCL
观巴黎油画记			1		THUOCL
观心不观迹			1		THUOCL
观此遗物虑			1		THUOCL
观者如山色沮丧			1		THUOCL
览方外之荒忽兮			1		THUOCL
览民尤以自镇			1		THUOCL
览民德焉错辅			1		THUOCL
览百卉之英茂			1		THUOCL
觉宇宙之无穷			1		THUOCL
觉而后知其梦也			1		THUOCL
角声孤起夕阳楼			1		THUOCL
解释春风无限恨			1		THUOCL
解钓鲈鱼能几人			1		THUOCL
言不可以若是其几也			1		THUOCL
言举斯心加诸彼而已			1		THUOCL
言之必可行也			1		THUOCL
言之所不能论			1		THUOCL
言笑无厌时			1		THUOCL
言者所以在意			1		THUOCL
言而无文行之不远			1		THUOCL
誓不举家走			1		THUOCL
謇朝谇而夕替			1		THUOCL
计拙是和亲			1		THUOCL
认得醉翁语			1		THUOCL
记得去年今日			1		THUOCL
记得小苹初见			1		THUOCL
许我为三友			1		THUOCL
论万物之理也			1		THUOCL
论交何必先同调			1		THUOCL
论功还欲请长缨			1		THUOCL
论心何必先同调			1		THUOCL
访古一沾裳			1		THUOCL
访古始及平台间			1		THUOCL
访戴天山道士不遇			1		THUOCL
词客有灵应识我			1		THUOCL
词气浩纵横			1		THUOCL
试戴银旛判醉倒			1		THUOCL
试问归程指斗杓			1		THUOCL
试问池台主			1		THUOCL
试问闲愁都几许			1		THUOCL
诗书好在家四壁			1		THUOCL
诗卷长留天地间			1		THUOCL
诗名满天下			1		THUOCL
诗家总爱西昆好			1		THUOCL
诗是吾家事			1		THUOCL
诗罢闻吴咏			1		THUOCL
诟索之而不得也			1		THUOCL
语之所贵者			1		THUOCL
语之而不惰者			1		THUOCL
语来江色暮			1		THUOCL
误向惊凫吹			1		THUOCL
说之虽不以道			1		THUOCL
说尽平生意			1		THUOCL
说尽心中无限事			1		THUOCL
诵明月之诗			1		THUOCL
请事斯语矣			1		THUOCL
请君为我侧耳听			1		THUOCL
请奉盆缶秦王			1		THUOCL
请看何处不如君			1		THUOCL
请讲以所闻			1		THUOCL
诸侯加兵是无赵也			1		THUOCL
诸公碌碌皆余子			1		THUOCL
诸大夫皆曰贤			1		THUOCL
谁与共平生			1		THUOCL
谁人可相从			1		THUOCL
谁人得似张公子			1		THUOCL
谁似浮云知进退			1		THUOCL
谁作桓伊三弄			1		THUOCL
谁向高楼横玉笛			1		THUOCL
谁听呢喃语			1		THUOCL
谁复挑灯夜补衣			1		THUOCL
谁复留君住			1		THUOCL
谁家女儿对门居			1		THUOCL
谁将春色来残堞			1		THUOCL
谁怜容足地			1		THUOCL
谁挥鞭策驱四运			1		THUOCL
谁知临老相逢日			1		THUOCL
谁知恩爱重			1		THUOCL
谁知离别情			1		THUOCL
谁知苍翠容			1		THUOCL
谁知闲凭阑干处			1		THUOCL
谁能为此谋			1		THUOCL
谁能久不顾			1		THUOCL
谁能绝人命			1		THUOCL
谁谓天地宽			1		THUOCL
谁道吾今无往还			1		THUOCL
调瑟在张弦			1		THUOCL
谈空说有夜不眠			1		THUOCL
谋身绮季长			1		THUOCL
谓之义之徒			1		THUOCL
谓之倒置之民			1		THUOCL
谓其君不能者			1		THUOCL
谓幽兰其不可佩			1		THUOCL
谢公宿处今尚在			1		THUOCL
谢公最小偏怜女			1		THUOCL
谢公陈迹自难追			1		THUOCL
谢郎东墅连春碧			1		THUOCL
谨使臣良奉白璧一双			1		THUOCL
谨守而勿失			1		THUOCL
谷幽光未显			1		THUOCL
谷米与贤才			1		THUOCL
豆荚圆且小			1		THUOCL
象罔乃可以得之乎			1		THUOCL
豪华尽出成功后			1		THUOCL
豪士集新亭			1		THUOCL
豪家沽酒长安陌			1		THUOCL
豺狼尽冠缨			1		THUOCL
豺狼得食喧			1		THUOCL
貂冠水苍玉			1		THUOCL
貌偷花色老暂去			1		THUOCL
负命者上钩			1		THUOCL
财物无所取			1		THUOCL
责家填门至			1		THUOCL
贤哲不苟合			1		THUOCL
贤圣既已饮			1		THUOCL
贪看海蟾狂戏			1		THUOCL
贫中有等级			1		THUOCL
贫居往往无烟火			1		THUOCL
贯薜荔之落蕊			1		THUOCL
贱妾留空房			1		THUOCL
贱妾茕茕守空房			1		THUOCL
贵人皆怪怒			1		THUOCL
贵贱不在己			1		THUOCL
贼义者谓之残			1		THUOCL
贼仁者谓之贼			1		THUOCL
贼其君者也			1		THUOCL
贼其民者也			1		THUOCL
贾傅松醪酒			1		THUOCL
贾氏窥帘韩掾少			1		THUOCL
贾谊哭时事			1		THUOCL
赋诗必此诗			1		THUOCL
赏心亭为叶丞相赋			1		THUOCL
赐也闻一以知二			1		THUOCL
赐钱二百万			1		THUOCL
赖有明朝看潮在			1		THUOCL
赖有春风嫌寂寞			1		THUOCL
赠元六兄林宗			1		THUOCL
赠君一法决狐疑			1		THUOCL
赠君无语竹夫人			1		THUOCL
赠妾双明珠			1		THUOCL
赠嵩山焦炼师			1		THUOCL
赠楚州郭使君			1		THUOCL
赠白马王彪			1		THUOCL
赠黄山胡公求白鹇			1		THUOCL
赢得儿童语音好			1		THUOCL
赢得满衣清泪			1		THUOCL
赣水苍茫闽山碧			1		THUOCL
赤亭多飘风			1		THUOCL
赤叶枫林百舌鸣			1		THUOCL
赤壁歌送别			1		THUOCL
赤焰烧虏云			1		THUOCL
赤髯碧眼老鲜卑			1		THUOCL
赦书一日行万里			1		THUOCL
走傍寒梅访消息			1		THUOCL
走到打开的窗前			1		THUOCL
走遍溪头无觅处			1		THUOCL
走马川行奉送出师西征			1		THUOCL
赵亦盛设兵以待秦			1		THUOCL
赵惠文王十六年			1		THUOCL
赵惠文王时			1		THUOCL
赵王窃闻秦王善为秦声			1		THUOCL
起坐弹鸣琴			1		THUOCL
起望衣冠神州路			1		THUOCL
起来慵自梳头			1		THUOCL
起看北斗斜			1		THUOCL
起舞徘徊风露下			1		THUOCL
越中山色镜中看			1		THUOCL
越女天下白			1		THUOCL
越山浑在浪花中			1		THUOCL
越山长青水长白			1		THUOCL
越浦黄柑嫩			1		THUOCL
足下蹑丝履			1		THUOCL
足以保四海			1		THUOCL
跨海斩长鲸			1		THUOCL
路上人困蹇驴嘶			1		THUOCL
路幽昧以险隘			1		THUOCL
路贯庐江兮			1		THUOCL
路远江深欲去难			1		THUOCL
跳丸相趁走不住			1		THUOCL
跳波赴壑如奔雷			1		THUOCL
踌躇而雁行			1		THUOCL
踏天磨刀割紫云			1		THUOCL
踯躅南城隈			1		THUOCL
蹄可以践霜雪			1		THUOCL
蹄者所以在兔			1		THUOCL
蹇谁留兮中洲			1		THUOCL
蹋藕野泥中			1		THUOCL
身似何郎全傅粉			1		THUOCL
身作医王心是药			1		THUOCL
身如西瀼渡头云			1		THUOCL
身心转恬泰			1		THUOCL
身病不能拜			1		THUOCL
身经百战曾百胜			1		THUOCL
身行万里半天下			1		THUOCL
身闲不睹中兴盛			1		THUOCL
身闲当贵真天爵			1		THUOCL
车轮与马迹			1		THUOCL
车错毂兮短兵接			1		THUOCL
车马日盈门			1		THUOCL
轩车动行色			1		THUOCL
轩车来何迟			1		THUOCL
转作乐府诗			1		THUOCL
转觉落笔难			1		THUOCL
轮欹影促犹频望			1		THUOCL
软踏帘钩说			1		THUOCL
轲峨大艑落帆来			1		THUOCL
轻抛一点入云去			1		THUOCL
轻绡文彩不可识			1		THUOCL
轻薄为文哂未休			1		THUOCL
轻衫细马春年少			1		THUOCL
轻轻柳絮点人衣			1		THUOCL
轻颦双黛螺			1		THUOCL
载营魄抱一			1		THUOCL
辋川闲居赠裴秀才迪			1		THUOCL
输赢须待局终头			1		THUOCL
辛勤三十日			1		THUOCL
辛苦最怜天上月			1		THUOCL
辞山不忍听			1		THUOCL
边城一片离索			1		THUOCL
边城暮雨雁飞低			1		THUOCL
迁者追回流者还			1		THUOCL
过惠子之墓			1		THUOCL
过水穿楼触处明			1		THUOCL
过涧既厉急			1		THUOCL
过雨开楼看晚虹			1		THUOCL
迎春酒不空			1		THUOCL
迎笑天香满袖			1		THUOCL
运移汉祚终难复			1		THUOCL
近乎卜祝之间			1		THUOCL
近入千家散花竹			1		THUOCL
近来人事半消磨			1		THUOCL
近根开药圃			1		THUOCL
还君一掬泪			1		THUOCL
还喜花开依旧数			1		THUOCL
还如一梦中			1		THUOCL
还如何逊在扬州			1		THUOCL
还将两行泪			1		THUOCL
还将桃李更相宜			1		THUOCL
还将梦魂去			1		THUOCL
还应说著远行人			1		THUOCL
还应酿老春			1		THUOCL
还有江南风物否			1		THUOCL
还望青山郭			1		THUOCL
还期那可寻			1		THUOCL
还赋谪仙诗			1		THUOCL
还道沧浪濯吾足			1		THUOCL
还顾望旧乡			1		THUOCL
进德智所拙			1		THUOCL
远书归梦两悠悠			1		THUOCL
远慰风雨夕			1		THUOCL
远放燕支山下			1		THUOCL
远望青童童			1		THUOCL
远树暧阡阡			1		THUOCL
远游无处不消魂			1		THUOCL
远路应悲春晼晚			1		THUOCL
远随流水香			1		THUOCL
远饷采薇客			1		THUOCL
连之以羁絷			1		THUOCL
连山晚照红			1		THUOCL
连无用之肉也			1		THUOCL
连翩击鞠壤			1		THUOCL
连诸侯者次之			1		THUOCL
迟日江山暮			1		THUOCL
迟迟归路赊			1		THUOCL
迟迟春日弄轻柔			1		THUOCL
迢迢岁夜长			1		THUOCL
迢迢白玉绳			1		THUOCL
迢迢见明星			1		THUOCL
迢递三巴路			1		THUOCL
迩来三月食无盐			1		THUOCL
迫之如火煎			1		THUOCL
迷藏有旧楼			1		THUOCL
退而省其私			1		THUOCL
退耕力不任			1		THUOCL
送到咸阳见夕阳			1		THUOCL
送太昱禅师			1		THUOCL
送王十八归山寄题仙游寺			1		THUOCL
送祁录事归合州			1		THUOCL
送行勿泣血			1		THUOCL
适人之适而不自适其适者也			1		THUOCL
逆胡未灭时多事			1		THUOCL
逆随潮水到秦淮			1		THUOCL
逍遥地上仙			1		THUOCL
逍遥池阁凉			1		THUOCL
逐客无消息			1		THUOCL
递相祖述复先谁			1		THUOCL
逝将归去诛蓬蒿			1		THUOCL
逢郎欲语低头笑			1		THUOCL
逶迤傍隈隩			1		THUOCL
逶迤过千城			1		THUOCL
遁辞知其所穷			1		THUOCL
遂与尘事冥			1		THUOCL
遂令天下父母心			1		THUOCL
遂使貔虎士			1		THUOCL
遍历名山大川			1		THUOCL
遍地哀鸿满城血			1		THUOCL
道之将废也与			1		THUOCL
道之将行也与			1		THUOCL
道傍榆荚仍似钱			1		THUOCL
道固不小行			1		THUOCL
道孤还似我			1		THUOCL
道州忧黎庶			1		THUOCL
道德三皇五帝			1		THUOCL
道是无情还有情			1		THUOCL
道芷阳间行			1		THUOCL
道行之而成			1		THUOCL
遗挂犹在壁			1		THUOCL
遗爱寺钟欹枕听			1		THUOCL
遗编一读想风标			1		THUOCL
遗风成竞渡			1		THUOCL
遣兴莫过诗			1		THUOCL
遥寄海西头			1		THUOCL
遥对岷山阳			1		THUOCL
遥岚破月悬			1		THUOCL
遥想二十年前			1		THUOCL
遥看一处攒云树			1		THUOCL
遥看孟津河			1		THUOCL
遥知紫翠间			1		THUOCL
遥见飞尘入建章			1		THUOCL
遥遥至西荆			1		THUOCL
遨游四海求其皇			1		THUOCL
遮掩春山滞上才			1		THUOCL
遮莫姻亲连帝城			1		THUOCL
遵先王之法而过者			1		THUOCL
遵赤水而容与			1		THUOCL
邀我登云台			1		THUOCL
邑人相将浮彩舟			1		THUOCL
邓攸无子寻知命			1		THUOCL
那堪更被明月			1		THUOCL
那堪正飘泊			1		THUOCL
那将红豆寄无聊			1		THUOCL
那日绣帘相见处			1		THUOCL
那知鸡与豚			1		THUOCL
邦以民为本			1		THUOCL
邦无道则可卷而怀之			1		THUOCL
邦有道如矢			1		THUOCL
邪说暴行有作			1		THUOCL
邪辞知其所离			1		THUOCL
邮亭寄人世			1		THUOCL
邺侯藏书手不触			1		THUOCL
邺县见公孙大娘舞西河剑器			1		THUOCL
邻人有美酒			1		THUOCL
郁郁何所为			1		THUOCL
郁金香是兰陵酒			1		THUOCL
郁闭而不流			1		THUOCL
郢人垩慢其鼻端若蝇翼			1		THUOCL
郢路更参差			1		THUOCL
郭外是黄河			1		THUOCL
都城已得长蛇尾			1		THUOCL
都忘却春风词笔			1		THUOCL
都把琴书污			1		THUOCL
都缘自有离恨			1		THUOCL
酌茗开静筵			1		THUOCL
酌贪泉而觉爽			1		THUOCL
酒后猖狂诈作颠			1		THUOCL
酒后竞风采			1		THUOCL
酒客十数公			1		THUOCL
酒徒历历坐洲岛			1		THUOCL
酒意诗情谁与共			1		THUOCL
酒泉太守席上醉后作			1		THUOCL
酒贱常愁客少			1		THUOCL
酒酣夜别淮阴市			1		THUOCL
酒酣耳热忘头白			1		THUOCL
酒醉还来花下眠			1		THUOCL
酒醒却咨嗟			1		THUOCL
酒醒只在花前坐			1		THUOCL
酬乐天咏老见示			1		THUOCL
酿之成美酒			1		THUOCL
酿成千顷稻花香			1		THUOCL
醉中往往爱逃禅			1		THUOCL
醉和金甲舞			1		THUOCL
醉得海棠无力			1		THUOCL
醉时吐出胸中墨			1		THUOCL
醉里且贪欢笑			1		THUOCL
醉里得真如			1		THUOCL
醒时同交欢			1		THUOCL
采撷何匆匆			1		THUOCL
采桑子重阳			1		THUOCL
采桑歧路间			1		THUOCL
采芳洲兮杜若			1		THUOCL
采菱寒刺上			1		THUOCL
采薜荔兮水中			1		THUOCL
采香行处蹙连钱			1		THUOCL
重压林梢欲不胜			1		THUOCL
重是古帝魂			1		THUOCL
重重叠叠上瑶台			1		THUOCL
重门深锁无寻处			1		THUOCL
重阳席上赋白菊			1		THUOCL
野老念牧童			1		THUOCL
野色浩无主			1		THUOCL
野花啼鸟亦欣然			1		THUOCL
野蔬充膳甘长藿			1		THUOCL
金与火交争			1		THUOCL
金井梧桐秋叶黄			1		THUOCL
金光菊和女贞子的洪流			1		THUOCL
金凤银鹅各一丛			1		THUOCL
金山冉冉波涛雨			1		THUOCL
金樽玉杯不能使薄酒更厚			1		THUOCL
金炉次第添香兽			1		THUOCL
金窗夹绣户			1		THUOCL
金窗绣户长相见			1		THUOCL
金縢功不刊			1		THUOCL
金缕鹧鸪斑			1		THUOCL
金羁立马怯晨兴			1		THUOCL
金蝉玉柄俱持颐			1		THUOCL
金谷时危悟惜才			1		THUOCL
金谷风前舞柳枝			1		THUOCL
金车玉作轮			1		THUOCL
金镀眼睛银帖齿			1		THUOCL
金陵城东谁家子			1		THUOCL
金陵白下亭留别			1		THUOCL
金陵风景好			1		THUOCL
金霞昕昕渐东上			1		THUOCL
金风玉露一相逢便			1		THUOCL
金骨既不毁			1		THUOCL
鉴明则尘垢不止			1		THUOCL
鉴湖五月凉			1		THUOCL
针线犹存未忍开			1		THUOCL
钓台碧云中			1		THUOCL
钟声才定履声集			1		THUOCL
钟山对北户			1		THUOCL
钟鼓楼中刻漏长			1		THUOCL
钩帘归乳燕			1		THUOCL
钱财不积则贪者忧			1		THUOCL
钴鉧潭西小丘记			1		THUOCL
铃阁无声公吏归			1		THUOCL
铜剪黄金涂			1		THUOCL
铜缾煮露华			1		THUOCL
铜驼夜来哭			1		THUOCL
铠甲生虮虱			1		THUOCL
银床淅沥青梧老			1		THUOCL
银河倒列星			1		THUOCL
银河倒挂三石梁			1		THUOCL
银灯点旧纱			1		THUOCL
银章破在腰			1		THUOCL
银蹄白踏烟			1		THUOCL
银鞍白马度春风			1		THUOCL
铸以为金人十二			1		THUOCL
铺床拂席置羹饭			1		THUOCL
锦带休惊雁			1		THUOCL
锦水南山影			1		THUOCL
锦缆龙舟隋炀帝			1		THUOCL
镇之以无名之朴			1		THUOCL
长于春梦几多时			1		THUOCL
长吁望青云			1		THUOCL
长向别离中			1		THUOCL
长啸气若兰			1		THUOCL
长夏门前欲暮春			1		THUOCL
长安在日边			1		THUOCL
长安尘染坐禅衣			1		THUOCL
长川泻落月			1		THUOCL
长日惟消一局棋			1		THUOCL
长桥不肯蹑			1		THUOCL
长歌吟松风			1		THUOCL
长此镇吴京			1		THUOCL
长江万里清			1		THUOCL
长江不见鱼书至			1		THUOCL
长沙千人万人出			1		THUOCL
长溪流水碧潺潺			1		THUOCL
长生久视之道			1		THUOCL
长笑灵均不知命			1		THUOCL
长而无述焉			1		THUOCL
长被花牵不自胜			1		THUOCL
长记平山堂上			1		THUOCL
长记曾携手处			1		THUOCL
长路漫浩浩			1		THUOCL
长逝入君怀			1		THUOCL
长门尽日无梳洗			1		THUOCL
长飙风中自来往			1		THUOCL
门人厚葬之			1		THUOCL
门人欲厚葬之			1		THUOCL
门前可罗雀			1		THUOCL
门前壮士气如云			1		THUOCL
门前有流水			1		THUOCL
门听长者车			1		THUOCL
门外白袍如立鹄			1		THUOCL
门外草萋萋			1		THUOCL
门外韩擒虎			1		THUOCL
门径俯清溪			1		THUOCL
门生故吏知多少			1		THUOCL
闭门不敢出			1		THUOCL
闭门锄菜伴园丁			1		THUOCL
问人于他邦			1		THUOCL
问以经济策			1		THUOCL
问天天不应			1		THUOCL
问女何所忆			1		THUOCL
问女何所思			1		THUOCL
问姓惊初见			1		THUOCL
问客何为来			1		THUOCL
问征夫以前路			1		THUOCL
问我来何方			1		THUOCL
问柳寻花到野亭			1		THUOCL
问禅不契前三语			1		THUOCL
问苍茫天地			1		THUOCL
问言与谁餐			1		THUOCL
问院落凄凉			1		THUOCL
闲与仙人扫落花			1		THUOCL
闲人亦非訾			1		THUOCL
闲坐夜明月			1		THUOCL
闲居三十载			1		THUOCL
闲引鸳鸯香径里			1		THUOCL
闲愁如飞雪			1		THUOCL
闲抱琵琶寻			1		THUOCL
闲教玉笼鹦鹉念郎诗			1		THUOCL
闲看儿童捉柳花			1		THUOCL
闲花淡淡春			1		THUOCL
间关莺语花底滑			1		THUOCL
间道归应速			1		THUOCL
闹市不知春色处			1		THUOCL
闻余大言皆冷笑			1		THUOCL
闻君话我为官在			1		THUOCL
闻多素心人			1		THUOCL
闻大王有意督过之			1		THUOCL
闻弦歌之声			1		THUOCL
闻琴泪尽欲如何			1		THUOCL
闻蝉但益悲			1		THUOCL
闻道寻源使			1		THUOCL
闻道春还未相识			1		THUOCL
闻道梅花坼晓风			1		THUOCL
闻道欲来相问讯			1		THUOCL
闻道神仙不可接			1		THUOCL
闻道长安似弈棋			1		THUOCL
闻郎江上唱歌声			1		THUOCL
阅人如阅川			1		THUOCL
阆中胜事可肠断			1		THUOCL
阆州城南天下稀			1		THUOCL
阖闾城碧铺秋草			1		THUOCL
阮籍哭路岐			1		THUOCL
防愁预恶春			1		THUOCL
阳台碧峭十二峰			1		THUOCL
阳崖射朝日			1		THUOCL
阳春一曲和皆难			1		THUOCL
阳月南飞雁			1		THUOCL
阴交夏木繁			1		THUOCL
阴晴众壑殊			1		THUOCL
阵图开向陇山东			1		THUOCL
阵阵腥风自吹散			1		THUOCL
阵马檐间铁			1		THUOCL
阶上簸钱阶下走			1		THUOCL
陆机二十作文赋			1		THUOCL
陇上羊归塞草烟			1		THUOCL
陈王昔时宴平乐			1		THUOCL
陌上尧樽倾北斗			1		THUOCL
陌上看花人			1		THUOCL
陌上蒙蒙残絮飞			1		THUOCL
陌头杨柳黄金色			1		THUOCL
降省下土四方			1		THUOCL
除夜寄微之			1		THUOCL
陵与卫律之罪上通于天			1		THUOCL
随君直到夜郎西			1		THUOCL
随富随贫且欢乐			1		THUOCL
随山望菌阁			1		THUOCL
随旗簇晚沙			1		THUOCL
随香遍满东南			1		THUOCL
隐几熟眠开北牖			1		THUOCL
隐几香一炷			1		THUOCL
隐思君兮陫侧			1		THUOCL
隐者自怡悦			1		THUOCL
隐隐笙歌处处随			1		THUOCL
隐隐飞桥隔野烟			1		THUOCL
隔在远远乡			1		THUOCL
隔水疑神仙			1		THUOCL
隔水问樵夫			1		THUOCL
隔溪猿哭瘴溪藤			1		THUOCL
隔花啼鸟唤行人			1		THUOCL
障泥未解玉骢骄			1		THUOCL
难与并为仁矣			1		THUOCL
难乎有恒矣			1		THUOCL
难可与等期			1		THUOCL
雁声远过潇湘去			1		THUOCL
雁引愁心去			1		THUOCL
雄笔映千古			1		THUOCL
雄雄半空出			1		THUOCL
雄飞雌从绕林间			1		THUOCL
集中惟觉祭文多			1		THUOCL
雉从梁上飞			1		THUOCL
雉兔者往焉			1		THUOCL
雌雄空中鸣			1		THUOCL
雍也可使南面			1		THUOCL
雕虫蒙记忆			1		THUOCL
雨中春树万人家			1		THUOCL
雨中登岳阳楼望君山			1		THUOCL
雨势来不已			1		THUOCL
雨后却斜阳			1		THUOCL
雨晴至江渡			1		THUOCL
雨歇杨林东渡头			1		THUOCL
雨洗东坡月色清			1		THUOCL
雨滴梧桐山馆秋			1		THUOCL
雨色风吹去			1		THUOCL
雨落不上天			1		THUOCL
雨蓑烟笠事春耕			1		THUOCL
雨过河源隔座看			1		THUOCL
雨里鸡鸣一两家			1		THUOCL
雨馀钟鼓更清新			1		THUOCL
雪压低还举			1		THUOCL
雪堂风雨夜			1		THUOCL
雪尽马蹄轻			1		THUOCL
雪白河豚不药人			1		THUOCL
雪胸鸾镜里			1		THUOCL
雪花大如手			1		THUOCL
雪花酒上灭			1		THUOCL
雪颈霜毛红网掌			1		THUOCL
零落匪所思			1		THUOCL
零落归山丘			1		THUOCL
雷作百山动			1		THUOCL
雷填填兮雨冥冥			1		THUOCL
雷鼓动山川			1		THUOCL
霁光浮瓦碧参差			1		THUOCL
霓为衣兮风为马			1		THUOCL
霓衣不湿雨			1		THUOCL
霓裳一曲千峰上			1		THUOCL
霓裳曳广带			1		THUOCL
霜严衣带断			1		THUOCL
霜江夜清澄			1		THUOCL
霞照波心锦裹山			1		THUOCL
露寒人远鸡相应			1		THUOCL
露白月微明			1		THUOCL
青云年少子			1		THUOCL
青云路上未相逢			1		THUOCL
青天垂玉钩			1		THUOCL
青天无片云			1		THUOCL
青天白日摧紫荆			1		THUOCL
青娥递舞应争妙			1		THUOCL
青山一发是中原			1		THUOCL
青山万里一孤舟			1		THUOCL
青山无数逐人来			1		THUOCL
青山犹哭声			1		THUOCL
青归柳叶新			1		THUOCL
青春已过乱离中			1		THUOCL
青春犹无私			1		THUOCL
青春都一饷			1		THUOCL
青松合抱手亲栽			1		THUOCL
青柳槛前梢			1		THUOCL
青楼扑酒旗			1		THUOCL
青眼望中穿			1		THUOCL
青箬裹盐归峒客			1		THUOCL
青罗裙带展新蒲			1		THUOCL
青苔地上消残暑			1		THUOCL
青苔满阶砌			1		THUOCL
青荷莲子杂衣香			1		THUOCL
青萝拂行衣			1		THUOCL
青虫不易捕			1		THUOCL
青蝇侧翅蚤虱避			1		THUOCL
青衫老更斥			1		THUOCL
青陵台畔日光斜			1		THUOCL
青雀黄龙之舳			1		THUOCL
青青嘉蔬色			1		THUOCL
青龙见朝暾			1		THUOCL
静一而不变			1		THUOCL
静拂琴床席			1		THUOCL
非不说子之道			1		THUOCL
非为织作迟			1		THUOCL
非人磨墨墨磨人			1		THUOCL
非以其无私邪			1		THUOCL
非伏其身而弗见也			1		THUOCL
非尔所及也			1		THUOCL
非徒无形也			1		THUOCL
非徒无生也			1		THUOCL
非德也而可长久者			1		THUOCL
非昔之隐机者也			1		THUOCL
非梧桐不止			1		THUOCL
非死者难也			1		THUOCL
非独贤者有是心也			1		THUOCL
非藏其知而不发也			1		THUOCL
非蛇鳝之穴无可寄托者			1		THUOCL
非诸侯而何			1		THUOCL
非谢家之宝树			1		THUOCL
非轩冕之谓也			1		THUOCL
非醴泉不饮			1		THUOCL
非钩无察也			1		THUOCL
非闭其言而不出也			1		THUOCL
非鬼非人意其仙			1		THUOCL
革命生涯都说好			1		THUOCL
鞍马四边开			1		THUOCL
韦平外族贤			1		THUOCL
韩冬郎即席为诗相送			1		THUOCL
音响一何悲			1		THUOCL
项伯乃夜驰之沛公军			1		THUOCL
项伯亦拔剑起舞			1		THUOCL
项伯即入见沛公			1		THUOCL
项庄拔剑起舞			1		THUOCL
项王使都尉陈平召沛公			1		THUOCL
项王军在鸿门下			1		THUOCL
项王则受璧			1		THUOCL
项王即日因留沛公与饮			1		THUOCL
项王按剑而跽曰			1		THUOCL
项王未有以应			1		THUOCL
项王默然不应			1		THUOCL
项羽兵四十万			1		THUOCL
项羽大怒曰			1		THUOCL
项羽季父也			1		THUOCL
顺流而东行			1		THUOCL
须信杨家佳丽种			1		THUOCL
须富贵何时			1		THUOCL
须得垂杨相发挥			1		THUOCL
须臾却入海门去			1		THUOCL
须臾扫尽数千张			1		THUOCL
须臾鹤发乱如丝			1		THUOCL
顾我无衣搜荩箧			1		THUOCL
顾谓从者曰			1		THUOCL
顿觉夜寒无			1		THUOCL
顿顿食黄鱼			1		THUOCL
预恐明朝雨坏墙			1		THUOCL
预拂青山一片石			1		THUOCL
颇有余衣食			1		THUOCL
颇闻列仙人			1		THUOCL
颗颗真珠雨			1		THUOCL
题八功德水			1		THUOCL
题山石榴花			1		THUOCL
题扬州禅智寺			1		THUOCL
题李凝幽居			1		THUOCL
题池州弄水亭			1		THUOCL
题诗芭蕉滑			1		THUOCL
颜渊喟然叹曰			1		THUOCL
颠倒不自知			1		THUOCL
颠坑仆谷相枕藉			1		THUOCL
风俗如狂重此时			1		THUOCL
风光和暖胜三秦			1		THUOCL
风前横笛斜吹雨			1		THUOCL
风前欲劝春光住			1		THUOCL
风动护花铃			1		THUOCL
风劲角弓鸣			1		THUOCL
风吹仙袂飘飖举			1		THUOCL
风吹柳花满店香			1		THUOCL
风吹花片片			1		THUOCL
风吹西复东			1		THUOCL
风味可解壮士颜			1		THUOCL
风日晴和人意好			1		THUOCL
风景触乡愁			1		THUOCL
风暖鸟声碎			1		THUOCL
风枝露叶如新采			1		THUOCL
风水春来洞庭阔			1		THUOCL
风波不信菱枝弱			1		THUOCL
风波浩难止			1		THUOCL
风流澹作妆			1		THUOCL
风清新叶影			1		THUOCL
风烟含越鸟			1		THUOCL
风紧云轻欲变秋			1		THUOCL
风细柳斜斜			1		THUOCL
风翻火焰欲烧人			1		THUOCL
风花时傍马头飞			1		THUOCL
风花飞有态			1		THUOCL
风雨晚来方定			1		THUOCL
风雨晴时春已空			1		THUOCL
风雨正苍苍			1		THUOCL
风雨萧萧已断魂			1		THUOCL
风霜其奈何			1		THUOCL
风韵雍容未甚都			1		THUOCL
风驰又已到钱塘			1		THUOCL
风骨超常伦			1		THUOCL
风鸣两岸叶			1		THUOCL
飒如松起籁			1		THUOCL
飒尔凉风吹			1		THUOCL
飒飒东风细雨来			1		THUOCL
飒飒如有人			1		THUOCL
飘似鹤翻空			1		THUOCL
飘如陌上尘			1		THUOCL
飘拂升天行			1		THUOCL
飘然转旋回雪轻			1		THUOCL
飘逸的宇宙观			1		THUOCL
飘零君不知			1		THUOCL
飘零酒一杯			1		THUOCL
飘飘乎如遗世独立			1		THUOCL
飘飘青琐郎			1		THUOCL
飞云当面化龙蛇			1		THUOCL
飞入君家彩屏里			1		THUOCL
飞动摧霹雳			1		THUOCL
飞在白云端			1		THUOCL
飞来山上千寻塔			1		THUOCL
飞来飞去落谁家			1		THUOCL
飞梯绿云中			1		THUOCL
飞步登云车			1		THUOCL
飞盖入秦庭			1		THUOCL
飞腾暮景斜			1		THUOCL
飞蓬各自远			1		THUOCL
飞车跨山鹘横海			1		THUOCL
飞雨动华屋			1		THUOCL
飞雪似杨花			1		THUOCL
飞飙拂灵帐			1		THUOCL
飞鸟没何处			1		THUOCL
飞鸣声念群			1		THUOCL
飞龙引二首			1		THUOCL
食枣大如瓜			1		THUOCL
食罢一觉睡			1		THUOCL
饥餐天上雪			1		THUOCL
饭煮青泥坊底芹			1		THUOCL
饮不过一瓢			1		THUOCL
饮如长鲸吸百川			1		THUOCL
饮酣视八极			1		THUOCL
饮马长城窟			1		THUOCL
饱吃惠州饭			1		THUOCL
饶是少年须白头			1		THUOCL
饿于首阳之下			1		THUOCL
饿虎不食子			1		THUOCL
饿走半九州			1		THUOCL
馁在其中矣			1		THUOCL
香在无寻处			1		THUOCL
香山楼北畅师房			1		THUOCL
香山避暑二绝			1		THUOCL
香开酒库门			1		THUOCL
香径得泥归			1		THUOCL
香汗薄衫凉			1		THUOCL
香炉峰下新置草堂即事咏怀题于石上			1		THUOCL
香炉峰雪拨帘看			1		THUOCL
香罗叠雪轻			1		THUOCL
香脸半开娇旖旎			1		THUOCL
香色蔚其饛			1		THUOCL
马之死者十二三矣			1		THUOCL
马乳带轻霜			1		THUOCL
马前已被红旗引			1		THUOCL
马前惆怅满枝红			1		THUOCL
马嘶人语长亭白			1		THUOCL
马穿山径菊初黄			1		THUOCL
马踏春泥半是花			1		THUOCL
马蹄经雨不沾尘			1		THUOCL
马齿叶亦繁			1		THUOCL
驱马出关门			1		THUOCL
驽马恋栈豆			1		THUOCL
驾着一叶孤舟			1		THUOCL
驾鸿凌紫冥			1		THUOCL
骄阳化为霖			1		THUOCL
骊山语罢清宵半			1		THUOCL
骑牛远远过前村			1		THUOCL
骗了无涯过客			1		THUOCL
骤雨打新荷			1		THUOCL
骤雨松声入鼎来			1		THUOCL
骥子最怜渠			1		THUOCL
骨气乃有老松格			1		THUOCL
高丘怀宋玉			1		THUOCL
高举振六翮			1		THUOCL
高以下为基			1		THUOCL
高低顺过风			1		THUOCL
高卧沙丘城			1		THUOCL
高处连玉京			1		THUOCL
高山仰豪气			1		THUOCL
高山安可仰			1		THUOCL
高山拥县青			1		THUOCL
高岑殊缓步			1		THUOCL
高揖卫叔卿			1		THUOCL
高树多悲风			1		THUOCL
高楼歌酒换离颜			1		THUOCL
高阁晨开扫翠微			1		THUOCL
高高入云霓			1		THUOCL
高高秋月照长城			1		THUOCL
高髻云鬟宫样妆			1		THUOCL
鬓丝几缕茶烟里			1		THUOCL
魂一夕而九逝			1		THUOCL
魂去尸长留			1		THUOCL
魂魄不曾来入梦			1		THUOCL
魏不能信用			1		THUOCL
魏官牵车指千里			1		THUOCL
魏明帝青龙元年八月			1		THUOCL
鱼儿相逐尚相欢			1		THUOCL
鱼复移居心力省			1		THUOCL
鱼戏新荷动			1		THUOCL
鱼戏水知春			1		THUOCL
鱼盐聚为市			1		THUOCL
鱼相忘乎江湖			1		THUOCL
鱼羹稻饭常餐也			1		THUOCL
鱼虾以为粮			1		THUOCL
鱼见之深入			1		THUOCL
鱼龙听梵声			1		THUOCL
鱼龙寂寞秋江冷			1		THUOCL
鲁人为长府			1		THUOCL
鲁人重织作			1		THUOCL
鲁侯有忧色			1		THUOCL
鲁叟谈五经			1		THUOCL
鲁女东窗下			1		THUOCL
鲁有兀者叔山无趾			1		THUOCL
鲁酒不可醉			1		THUOCL
鲈肥菰脆调羹美			1		THUOCL
鲛人潜织水底居			1		THUOCL
鲤趋而过庭			1		THUOCL
鲤退而学礼			1		THUOCL
鲤退而学诗			1		THUOCL
鳞皴皮似松			1		THUOCL
鸟中之曾参			1		THUOCL
鸟临窗语报天晴			1		THUOCL
鸟去天路长			1		THUOCL
鸟散余花落			1		THUOCL
鸟次兮屋上			1		THUOCL
鸟污苔侵文字残			1		THUOCL
鸟没夕阳天			1		THUOCL
鸟见之高飞			1		THUOCL
鸟遭罗弋尽哀鸣			1		THUOCL
鸟鹊之巢可攀援而窥			1		THUOCL
鸠眠高柳日方融			1		THUOCL
鸡犬相和汉古村			1		THUOCL
鸡鸣入机织			1		THUOCL
鸡鸣刷燕晡秣越			1		THUOCL
鸡鸣外欲曙			1		THUOCL
鸡鸭成群晚不收			1		THUOCL
鸣鸡一声唱			1		THUOCL
鸭头春水浓如染			1		THUOCL
鸳鸯不独宿			1		THUOCL
鸳鸯独宿何曾惯			1		THUOCL
鸳鸯相对浴红衣			1		THUOCL
鸾刀缕切空纷纶			1		THUOCL
鸿雁欲南飞			1		THUOCL
鸿雁连群地亦寒			1		THUOCL
鹅湖归病起作			1		THUOCL
鹊声穿树喜新晴			1		THUOCL
鹤笼开处见君子			1		THUOCL
鹤骨霜髯心已灰			1		THUOCL
鹦鹉啄金桃			1		THUOCL
鹧鸪惊鸣绕篱落			1		THUOCL
鹳鹤追飞静			1		THUOCL
麋何食兮庭中			1		THUOCL
麋鹿见之决骤			1		THUOCL
麝香眠石竹			1		THUOCL
麦熟村村捣麦香			1		THUOCL
麻衣如雪一枝梅			1		THUOCL
黄印额山轻为尘			1		THUOCL
黄口无饱期			1		THUOCL
黄夹缬林寒有叶			1		THUOCL
黄姑织女时相见			1		THUOCL
黄州新建小竹楼记			1		THUOCL
黄帝游乎赤水之北			1		THUOCL
黄昏到寺蝙蝠飞			1		THUOCL
黄河东流流不息			1		THUOCL
黄河如丝天际来			1		THUOCL
黄泉下相见			1		THUOCL
黄泥野岸天鸡舞			1		THUOCL
黄芦苦竹绕宅生			1		THUOCL
黄花不负秋			1		THUOCL
黄花白发相牵挽			1		THUOCL
黄花白酒无人问			1		THUOCL
黄莺不语东风起			1		THUOCL
黄菊枝头生晓寒			1		THUOCL
黄金杆拨春风手			1		THUOCL
黄雀衔来已数春			1		THUOCL
黄鹂一两声			1		THUOCL
黄鹤上天诉玉帝			1		THUOCL
黄鹤仙人无所依			1		THUOCL
黄鹤楼前月满川			1		THUOCL
黍地无人耕			1		THUOCL
黎民糠籺窄			1		THUOCL
黑沙白浪相吞屠			1		THUOCL
黯黯江云瓜步雨			1		THUOCL
黯黯生天际			1		THUOCL
鼎司费万钱			1		THUOCL
鼓下坐蛮奴			1		THUOCL
鼓怒不可当			1		THUOCL
鼓角凌天籁			1		THUOCL
齐年与天地			1		THUOCL
齐景公有马千驷			1		THUOCL
齐歌空复情			1		THUOCL
龙宫变闾里			1		THUOCL
龙昌寺荷池			1		THUOCL
龙眠胸中有千驷			1		THUOCL
龙门翠黛眉相对			1		THUOCL
龙驾兮帝服			1		THUOCL
龙鳞曜初旭			1		THUOCL
龟头剥落生莓苔			1		THUOCL
