word	pinyin	rank	doc_freq	level	source
一		1		1	通用规范汉字表_双源转录核对
乙		2		1	通用规范汉字表_双源转录核对
二		3		1	通用规范汉字表_双源转录核对
十		4		1	通用规范汉字表_双源转录核对
丁		5		1	通用规范汉字表_双源转录核对
厂		6		1	通用规范汉字表_双源转录核对
七		7		1	通用规范汉字表_双源转录核对
卜		8		1	通用规范汉字表_双源转录核对
八		9		1	通用规范汉字表_双源转录核对
人		10		1	通用规范汉字表_双源转录核对
入		11		1	通用规范汉字表_双源转录核对
儿		12		1	通用规范汉字表_双源转录核对
匕		13		1	通用规范汉字表_双源转录核对
几		14		1	通用规范汉字表_双源转录核对
九		15		1	通用规范汉字表_双源转录核对
刁		16		1	通用规范汉字表_双源转录核对
了		17		1	通用规范汉字表_双源转录核对
刀		18		1	通用规范汉字表_双源转录核对
力		19		1	通用规范汉字表_双源转录核对
乃		20		1	通用规范汉字表_双源转录核对
又		21		1	通用规范汉字表_双源转录核对
三		22		1	通用规范汉字表_双源转录核对
干		23		1	通用规范汉字表_双源转录核对
于		24		1	通用规范汉字表_双源转录核对
亏		25		1	通用规范汉字表_双源转录核对
工		26		1	通用规范汉字表_双源转录核对
土		27		1	通用规范汉字表_双源转录核对
士		28		1	通用规范汉字表_双源转录核对
才		29		1	通用规范汉字表_双源转录核对
下		30		1	通用规范汉字表_双源转录核对
寸		31		1	通用规范汉字表_双源转录核对
大		32		1	通用规范汉字表_双源转录核对
丈		33		1	通用规范汉字表_双源转录核对
与		34		1	通用规范汉字表_双源转录核对
万		35		1	通用规范汉字表_双源转录核对
上		36		1	通用规范汉字表_双源转录核对
小		37		1	通用规范汉字表_双源转录核对
口		38		1	通用规范汉字表_双源转录核对
山		39		1	通用规范汉字表_双源转录核对
巾		40		1	通用规范汉字表_双源转录核对
千		41		1	通用规范汉字表_双源转录核对
乞		42		1	通用规范汉字表_双源转录核对
川		43		1	通用规范汉字表_双源转录核对
亿		44		1	通用规范汉字表_双源转录核对
个		45		1	通用规范汉字表_双源转录核对
夕		46		1	通用规范汉字表_双源转录核对
久		47		1	通用规范汉字表_双源转录核对
么		48		1	通用规范汉字表_双源转录核对
勺		49		1	通用规范汉字表_双源转录核对
凡		50		1	通用规范汉字表_双源转录核对
丸		51		1	通用规范汉字表_双源转录核对
及		52		1	通用规范汉字表_双源转录核对
广		53		1	通用规范汉字表_双源转录核对
亡		54		1	通用规范汉字表_双源转录核对
门		55		1	通用规范汉字表_双源转录核对
丫		56		1	通用规范汉字表_双源转录核对
义		57		1	通用规范汉字表_双源转录核对
之		58		1	通用规范汉字表_双源转录核对
尸		59		1	通用规范汉字表_双源转录核对
己		60		1	通用规范汉字表_双源转录核对
已		61		1	通用规范汉字表_双源转录核对
巳		62		1	通用规范汉字表_双源转录核对
弓		63		1	通用规范汉字表_双源转录核对
子		64		1	通用规范汉字表_双源转录核对
卫		65		1	通用规范汉字表_双源转录核对
也		66		1	通用规范汉字表_双源转录核对
女		67		1	通用规范汉字表_双源转录核对
刃		68		1	通用规范汉字表_双源转录核对
飞		69		1	通用规范汉字表_双源转录核对
习		70		1	通用规范汉字表_双源转录核对
叉		71		1	通用规范汉字表_双源转录核对
马		72		1	通用规范汉字表_双源转录核对
乡		73		1	通用规范汉字表_双源转录核对
丰		74		1	通用规范汉字表_双源转录核对
王		75		1	通用规范汉字表_双源转录核对
开		76		1	通用规范汉字表_双源转录核对
井		77		1	通用规范汉字表_双源转录核对
天		78		1	通用规范汉字表_双源转录核对
夫		79		1	通用规范汉字表_双源转录核对
元		80		1	通用规范汉字表_双源转录核对
无		81		1	通用规范汉字表_双源转录核对
云		82		1	通用规范汉字表_双源转录核对
专		83		1	通用规范汉字表_双源转录核对
丐		84		1	通用规范汉字表_双源转录核对
扎		85		1	通用规范汉字表_双源转录核对
艺		86		1	通用规范汉字表_双源转录核对
木		87		1	通用规范汉字表_双源转录核对
五		88		1	通用规范汉字表_双源转录核对
支		89		1	通用规范汉字表_双源转录核对
厅		90		1	通用规范汉字表_双源转录核对
不		91		1	通用规范汉字表_双源转录核对
犬		92		1	通用规范汉字表_双源转录核对
太		93		1	通用规范汉字表_双源转录核对
区		94		1	通用规范汉字表_双源转录核对
历		95		1	通用规范汉字表_双源转录核对
歹		96		1	通用规范汉字表_双源转录核对
友		97		1	通用规范汉字表_双源转录核对
尤		98		1	通用规范汉字表_双源转录核对
匹		99		1	通用规范汉字表_双源转录核对
车		100		1	通用规范汉字表_双源转录核对
巨		101		1	通用规范汉字表_双源转录核对
牙		102		1	通用规范汉字表_双源转录核对
屯		103		1	通用规范汉字表_双源转录核对
戈		104		1	通用规范汉字表_双源转录核对
比		105		1	通用规范汉字表_双源转录核对
互		106		1	通用规范汉字表_双源转录核对
切		107		1	通用规范汉字表_双源转录核对
瓦		108		1	通用规范汉字表_双源转录核对
止		109		1	通用规范汉字表_双源转录核对
少		110		1	通用规范汉字表_双源转录核对
曰		111		1	通用规范汉字表_双源转录核对
日		112		1	通用规范汉字表_双源转录核对
中		113		1	通用规范汉字表_双源转录核对
贝		114		1	通用规范汉字表_双源转录核对
冈		115		1	通用规范汉字表_双源转录核对
内		116		1	通用规范汉字表_双源转录核对
水		117		1	通用规范汉字表_双源转录核对
见		118		1	通用规范汉字表_双源转录核对
午		119		1	通用规范汉字表_双源转录核对
牛		120		1	通用规范汉字表_双源转录核对
手		121		1	通用规范汉字表_双源转录核对
气		122		1	通用规范汉字表_双源转录核对
毛		123		1	通用规范汉字表_双源转录核对
壬		124		1	通用规范汉字表_双源转录核对
升		125		1	通用规范汉字表_双源转录核对
夭		126		1	通用规范汉字表_双源转录核对
长		127		1	通用规范汉字表_双源转录核对
仁		128		1	通用规范汉字表_双源转录核对
什		129		1	通用规范汉字表_双源转录核对
片		130		1	通用规范汉字表_双源转录核对
仆		131		1	通用规范汉字表_双源转录核对
化		132		1	通用规范汉字表_双源转录核对
仇		133		1	通用规范汉字表_双源转录核对
币		134		1	通用规范汉字表_双源转录核对
仍		135		1	通用规范汉字表_双源转录核对
仅		136		1	通用规范汉字表_双源转录核对
斤		137		1	通用规范汉字表_双源转录核对
爪		138		1	通用规范汉字表_双源转录核对
反		139		1	通用规范汉字表_双源转录核对
介		140		1	通用规范汉字表_双源转录核对
父		141		1	通用规范汉字表_双源转录核对
从		142		1	通用规范汉字表_双源转录核对
仑		143		1	通用规范汉字表_双源转录核对
今		144		1	通用规范汉字表_双源转录核对
凶		145		1	通用规范汉字表_双源转录核对
分		146		1	通用规范汉字表_双源转录核对
乏		147		1	通用规范汉字表_双源转录核对
公		148		1	通用规范汉字表_双源转录核对
仓		149		1	通用规范汉字表_双源转录核对
月		150		1	通用规范汉字表_双源转录核对
氏		151		1	通用规范汉字表_双源转录核对
勿		152		1	通用规范汉字表_双源转录核对
欠		153		1	通用规范汉字表_双源转录核对
风		154		1	通用规范汉字表_双源转录核对
丹		155		1	通用规范汉字表_双源转录核对
匀		156		1	通用规范汉字表_双源转录核对
乌		157		1	通用规范汉字表_双源转录核对
勾		158		1	通用规范汉字表_双源转录核对
凤		159		1	通用规范汉字表_双源转录核对
六		160		1	通用规范汉字表_双源转录核对
文		161		1	通用规范汉字表_双源转录核对
亢		162		1	通用规范汉字表_双源转录核对
方		163		1	通用规范汉字表_双源转录核对
火		164		1	通用规范汉字表_双源转录核对
为		165		1	通用规范汉字表_双源转录核对
斗		166		1	通用规范汉字表_双源转录核对
忆		167		1	通用规范汉字表_双源转录核对
计		168		1	通用规范汉字表_双源转录核对
订		169		1	通用规范汉字表_双源转录核对
户		170		1	通用规范汉字表_双源转录核对
认		171		1	通用规范汉字表_双源转录核对
冗		172		1	通用规范汉字表_双源转录核对
讥		173		1	通用规范汉字表_双源转录核对
心		174		1	通用规范汉字表_双源转录核对
尺		175		1	通用规范汉字表_双源转录核对
引		176		1	通用规范汉字表_双源转录核对
丑		177		1	通用规范汉字表_双源转录核对
巴		178		1	通用规范汉字表_双源转录核对
孔		179		1	通用规范汉字表_双源转录核对
队		180		1	通用规范汉字表_双源转录核对
办		181		1	通用规范汉字表_双源转录核对
以		182		1	通用规范汉字表_双源转录核对
允		183		1	通用规范汉字表_双源转录核对
予		184		1	通用规范汉字表_双源转录核对
邓		185		1	通用规范汉字表_双源转录核对
劝		186		1	通用规范汉字表_双源转录核对
双		187		1	通用规范汉字表_双源转录核对
书		188		1	通用规范汉字表_双源转录核对
幻		189		1	通用规范汉字表_双源转录核对
玉		190		1	通用规范汉字表_双源转录核对
刊		191		1	通用规范汉字表_双源转录核对
未		192		1	通用规范汉字表_双源转录核对
末		193		1	通用规范汉字表_双源转录核对
示		194		1	通用规范汉字表_双源转录核对
击		195		1	通用规范汉字表_双源转录核对
打		196		1	通用规范汉字表_双源转录核对
巧		197		1	通用规范汉字表_双源转录核对
正		198		1	通用规范汉字表_双源转录核对
扑		199		1	通用规范汉字表_双源转录核对
卉		200		1	通用规范汉字表_双源转录核对
扒		201		1	通用规范汉字表_双源转录核对
功		202		1	通用规范汉字表_双源转录核对
扔		203		1	通用规范汉字表_双源转录核对
去		204		1	通用规范汉字表_双源转录核对
甘		205		1	通用规范汉字表_双源转录核对
世		206		1	通用规范汉字表_双源转录核对
艾		207		1	通用规范汉字表_双源转录核对
古		208		1	通用规范汉字表_双源转录核对
节		209		1	通用规范汉字表_双源转录核对
本		210		1	通用规范汉字表_双源转录核对
术		211		1	通用规范汉字表_双源转录核对
可		212		1	通用规范汉字表_双源转录核对
丙		213		1	通用规范汉字表_双源转录核对
左		214		1	通用规范汉字表_双源转录核对
厉		215		1	通用规范汉字表_双源转录核对
石		216		1	通用规范汉字表_双源转录核对
右		217		1	通用规范汉字表_双源转录核对
布		218		1	通用规范汉字表_双源转录核对
夯		219		1	通用规范汉字表_双源转录核对
戊		220		1	通用规范汉字表_双源转录核对
龙		221		1	通用规范汉字表_双源转录核对
平		222		1	通用规范汉字表_双源转录核对
灭		223		1	通用规范汉字表_双源转录核对
轧		224		1	通用规范汉字表_双源转录核对
东		225		1	通用规范汉字表_双源转录核对
卡		226		1	通用规范汉字表_双源转录核对
北		227		1	通用规范汉字表_双源转录核对
占		228		1	通用规范汉字表_双源转录核对
凸		229		1	通用规范汉字表_双源转录核对
卢		230		1	通用规范汉字表_双源转录核对
业		231		1	通用规范汉字表_双源转录核对
旧		232		1	通用规范汉字表_双源转录核对
帅		233		1	通用规范汉字表_双源转录核对
归		234		1	通用规范汉字表_双源转录核对
旦		235		1	通用规范汉字表_双源转录核对
目		236		1	通用规范汉字表_双源转录核对
且		237		1	通用规范汉字表_双源转录核对
叶		238		1	通用规范汉字表_双源转录核对
甲		239		1	通用规范汉字表_双源转录核对
申		240		1	通用规范汉字表_双源转录核对
叮		241		1	通用规范汉字表_双源转录核对
电		242		1	通用规范汉字表_双源转录核对
号		243		1	通用规范汉字表_双源转录核对
田		244		1	通用规范汉字表_双源转录核对
由		245		1	通用规范汉字表_双源转录核对
只		246		1	通用规范汉字表_双源转录核对
叭		247		1	通用规范汉字表_双源转录核对
史		248		1	通用规范汉字表_双源转录核对
央		249		1	通用规范汉字表_双源转录核对
兄		250		1	通用规范汉字表_双源转录核对
叽		251		1	通用规范汉字表_双源转录核对
叼		252		1	通用规范汉字表_双源转录核对
叫		253		1	通用规范汉字表_双源转录核对
叩		254		1	通用规范汉字表_双源转录核对
叨		255		1	通用规范汉字表_双源转录核对
另		256		1	通用规范汉字表_双源转录核对
叹		257		1	通用规范汉字表_双源转录核对
冉		258		1	通用规范汉字表_双源转录核对
皿		259		1	通用规范汉字表_双源转录核对
凹		260		1	通用规范汉字表_双源转录核对
囚		261		1	通用规范汉字表_双源转录核对
四		262		1	通用规范汉字表_双源转录核对
生		263		1	通用规范汉字表_双源转录核对
矢		264		1	通用规范汉字表_双源转录核对
失		265		1	通用规范汉字表_双源转录核对
乍		266		1	通用规范汉字表_双源转录核对
禾		267		1	通用规范汉字表_双源转录核对
丘		268		1	通用规范汉字表_双源转录核对
付		269		1	通用规范汉字表_双源转录核对
仗		270		1	通用规范汉字表_双源转录核对
代		271		1	通用规范汉字表_双源转录核对
仙		272		1	通用规范汉字表_双源转录核对
们		273		1	通用规范汉字表_双源转录核对
仪		274		1	通用规范汉字表_双源转录核对
白		275		1	通用规范汉字表_双源转录核对
仔		276		1	通用规范汉字表_双源转录核对
他		277		1	通用规范汉字表_双源转录核对
斥		278		1	通用规范汉字表_双源转录核对
瓜		279		1	通用规范汉字表_双源转录核对
乎		280		1	通用规范汉字表_双源转录核对
丛		281		1	通用规范汉字表_双源转录核对
令		282		1	通用规范汉字表_双源转录核对
用		283		1	通用规范汉字表_双源转录核对
甩		284		1	通用规范汉字表_双源转录核对
印		285		1	通用规范汉字表_双源转录核对
尔		286		1	通用规范汉字表_双源转录核对
乐		287		1	通用规范汉字表_双源转录核对
句		288		1	通用规范汉字表_双源转录核对
匆		289		1	通用规范汉字表_双源转录核对
册		290		1	通用规范汉字表_双源转录核对
卯		291		1	通用规范汉字表_双源转录核对
犯		292		1	通用规范汉字表_双源转录核对
外		293		1	通用规范汉字表_双源转录核对
处		294		1	通用规范汉字表_双源转录核对
冬		295		1	通用规范汉字表_双源转录核对
鸟		296		1	通用规范汉字表_双源转录核对
务		297		1	通用规范汉字表_双源转录核对
包		298		1	通用规范汉字表_双源转录核对
饥		299		1	通用规范汉字表_双源转录核对
主		300		1	通用规范汉字表_双源转录核对
市		301		1	通用规范汉字表_双源转录核对
立		302		1	通用规范汉字表_双源转录核对
冯		303		1	通用规范汉字表_双源转录核对
玄		304		1	通用规范汉字表_双源转录核对
闪		305		1	通用规范汉字表_双源转录核对
兰		306		1	通用规范汉字表_双源转录核对
半		307		1	通用规范汉字表_双源转录核对
汁		308		1	通用规范汉字表_双源转录核对
汇		309		1	通用规范汉字表_双源转录核对
头		310		1	通用规范汉字表_双源转录核对
汉		311		1	通用规范汉字表_双源转录核对
宁		312		1	通用规范汉字表_双源转录核对
穴		313		1	通用规范汉字表_双源转录核对
它		314		1	通用规范汉字表_双源转录核对
讨		315		1	通用规范汉字表_双源转录核对
写		316		1	通用规范汉字表_双源转录核对
让		317		1	通用规范汉字表_双源转录核对
礼		318		1	通用规范汉字表_双源转录核对
训		319		1	通用规范汉字表_双源转录核对
议		320		1	通用规范汉字表_双源转录核对
必		321		1	通用规范汉字表_双源转录核对
讯		322		1	通用规范汉字表_双源转录核对
记		323		1	通用规范汉字表_双源转录核对
永		324		1	通用规范汉字表_双源转录核对
司		325		1	通用规范汉字表_双源转录核对
尼		326		1	通用规范汉字表_双源转录核对
民		327		1	通用规范汉字表_双源转录核对
弗		328		1	通用规范汉字表_双源转录核对
弘		329		1	通用规范汉字表_双源转录核对
出		330		1	通用规范汉字表_双源转录核对
辽		331		1	通用规范汉字表_双源转录核对
奶		332		1	通用规范汉字表_双源转录核对
奴		333		1	通用规范汉字表_双源转录核对
召		334		1	通用规范汉字表_双源转录核对
加		335		1	通用规范汉字表_双源转录核对
皮		336		1	通用规范汉字表_双源转录核对
边		337		1	通用规范汉字表_双源转录核对
孕		338		1	通用规范汉字表_双源转录核对
发		339		1	通用规范汉字表_双源转录核对
圣		340		1	通用规范汉字表_双源转录核对
对		341		1	通用规范汉字表_双源转录核对
台		342		1	通用规范汉字表_双源转录核对
矛		343		1	通用规范汉字表_双源转录核对
纠		344		1	通用规范汉字表_双源转录核对
母		345		1	通用规范汉字表_双源转录核对
幼		346		1	通用规范汉字表_双源转录核对
丝		347		1	通用规范汉字表_双源转录核对
邦		348		1	通用规范汉字表_双源转录核对
式		349		1	通用规范汉字表_双源转录核对
迂		350		1	通用规范汉字表_双源转录核对
刑		351		1	通用规范汉字表_双源转录核对
戎		352		1	通用规范汉字表_双源转录核对
动		353		1	通用规范汉字表_双源转录核对
扛		354		1	通用规范汉字表_双源转录核对
寺		355		1	通用规范汉字表_双源转录核对
吉		356		1	通用规范汉字表_双源转录核对
扣		357		1	通用规范汉字表_双源转录核对
考		358		1	通用规范汉字表_双源转录核对
托		359		1	通用规范汉字表_双源转录核对
老		360		1	通用规范汉字表_双源转录核对
巩		361		1	通用规范汉字表_双源转录核对
圾		362		1	通用规范汉字表_双源转录核对
执		363		1	通用规范汉字表_双源转录核对
扩		364		1	通用规范汉字表_双源转录核对
扫		365		1	通用规范汉字表_双源转录核对
地		366		1	通用规范汉字表_双源转录核对
场		367		1	通用规范汉字表_双源转录核对
扬		368		1	通用规范汉字表_双源转录核对
耳		369		1	通用规范汉字表_双源转录核对
芋		370		1	通用规范汉字表_双源转录核对
共		371		1	通用规范汉字表_双源转录核对
芒		372		1	通用规范汉字表_双源转录核对
亚		373		1	通用规范汉字表_双源转录核对
芝		374		1	通用规范汉字表_双源转录核对
朽		375		1	通用规范汉字表_双源转录核对
朴		376		1	通用规范汉字表_双源转录核对
机		377		1	通用规范汉字表_双源转录核对
权		378		1	通用规范汉字表_双源转录核对
过		379		1	通用规范汉字表_双源转录核对
臣		380		1	通用规范汉字表_双源转录核对
吏		381		1	通用规范汉字表_双源转录核对
再		382		1	通用规范汉字表_双源转录核对
协		383		1	通用规范汉字表_双源转录核对
西		384		1	通用规范汉字表_双源转录核对
压		385		1	通用规范汉字表_双源转录核对
厌		386		1	通用规范汉字表_双源转录核对
戌		387		1	通用规范汉字表_双源转录核对
在		388		1	通用规范汉字表_双源转录核对
百		389		1	通用规范汉字表_双源转录核对
有		390		1	通用规范汉字表_双源转录核对
存		391		1	通用规范汉字表_双源转录核对
而		392		1	通用规范汉字表_双源转录核对
页		393		1	通用规范汉字表_双源转录核对
匠		394		1	通用规范汉字表_双源转录核对
夸		395		1	通用规范汉字表_双源转录核对
夺		396		1	通用规范汉字表_双源转录核对
灰		397		1	通用规范汉字表_双源转录核对
达		398		1	通用规范汉字表_双源转录核对
列		399		1	通用规范汉字表_双源转录核对
死		400		1	通用规范汉字表_双源转录核对
成		401		1	通用规范汉字表_双源转录核对
夹		402		1	通用规范汉字表_双源转录核对
夷		403		1	通用规范汉字表_双源转录核对
轨		404		1	通用规范汉字表_双源转录核对
邪		405		1	通用规范汉字表_双源转录核对
尧		406		1	通用规范汉字表_双源转录核对
划		407		1	通用规范汉字表_双源转录核对
迈		408		1	通用规范汉字表_双源转录核对
毕		409		1	通用规范汉字表_双源转录核对
至		410		1	通用规范汉字表_双源转录核对
此		411		1	通用规范汉字表_双源转录核对
贞		412		1	通用规范汉字表_双源转录核对
师		413		1	通用规范汉字表_双源转录核对
尘		414		1	通用规范汉字表_双源转录核对
尖		415		1	通用规范汉字表_双源转录核对
劣		416		1	通用规范汉字表_双源转录核对
光		417		1	通用规范汉字表_双源转录核对
当		418		1	通用规范汉字表_双源转录核对
早		419		1	通用规范汉字表_双源转录核对
吁		420		1	通用规范汉字表_双源转录核对
吐		421		1	通用规范汉字表_双源转录核对
吓		422		1	通用规范汉字表_双源转录核对
虫		423		1	通用规范汉字表_双源转录核对
曲		424		1	通用规范汉字表_双源转录核对
团		425		1	通用规范汉字表_双源转录核对
吕		426		1	通用规范汉字表_双源转录核对
同		427		1	通用规范汉字表_双源转录核对
吊		428		1	通用规范汉字表_双源转录核对
吃		429		1	通用规范汉字表_双源转录核对
因		430		1	通用规范汉字表_双源转录核对
吸		431		1	通用规范汉字表_双源转录核对
吗		432		1	通用规范汉字表_双源转录核对
吆		433		1	通用规范汉字表_双源转录核对
屿		434		1	通用规范汉字表_双源转录核对
屹		435		1	通用规范汉字表_双源转录核对
岁		436		1	通用规范汉字表_双源转录核对
帆		437		1	通用规范汉字表_双源转录核对
回		438		1	通用规范汉字表_双源转录核对
岂		439		1	通用规范汉字表_双源转录核对
则		440		1	通用规范汉字表_双源转录核对
刚		441		1	通用规范汉字表_双源转录核对
网		442		1	通用规范汉字表_双源转录核对
肉		443		1	通用规范汉字表_双源转录核对
年		444		1	通用规范汉字表_双源转录核对
朱		445		1	通用规范汉字表_双源转录核对
先		446		1	通用规范汉字表_双源转录核对
丢		447		1	通用规范汉字表_双源转录核对
廷		448		1	通用规范汉字表_双源转录核对
舌		449		1	通用规范汉字表_双源转录核对
竹		450		1	通用规范汉字表_双源转录核对
迁		451		1	通用规范汉字表_双源转录核对
乔		452		1	通用规范汉字表_双源转录核对
迄		453		1	通用规范汉字表_双源转录核对
伟		454		1	通用规范汉字表_双源转录核对
传		455		1	通用规范汉字表_双源转录核对
乒		456		1	通用规范汉字表_双源转录核对
乓		457		1	通用规范汉字表_双源转录核对
休		458		1	通用规范汉字表_双源转录核对
伍		459		1	通用规范汉字表_双源转录核对
伏		460		1	通用规范汉字表_双源转录核对
优		461		1	通用规范汉字表_双源转录核对
臼		462		1	通用规范汉字表_双源转录核对
伐		463		1	通用规范汉字表_双源转录核对
延		464		1	通用规范汉字表_双源转录核对
仲		465		1	通用规范汉字表_双源转录核对
件		466		1	通用规范汉字表_双源转录核对
任		467		1	通用规范汉字表_双源转录核对
伤		468		1	通用规范汉字表_双源转录核对
价		469		1	通用规范汉字表_双源转录核对
伦		470		1	通用规范汉字表_双源转录核对
份		471		1	通用规范汉字表_双源转录核对
华		472		1	通用规范汉字表_双源转录核对
仰		473		1	通用规范汉字表_双源转录核对
仿		474		1	通用规范汉字表_双源转录核对
伙		475		1	通用规范汉字表_双源转录核对
伪		476		1	通用规范汉字表_双源转录核对
自		477		1	通用规范汉字表_双源转录核对
伊		478		1	通用规范汉字表_双源转录核对
血		479		1	通用规范汉字表_双源转录核对
向		480		1	通用规范汉字表_双源转录核对
似		481		1	通用规范汉字表_双源转录核对
后		482		1	通用规范汉字表_双源转录核对
行		483		1	通用规范汉字表_双源转录核对
舟		484		1	通用规范汉字表_双源转录核对
全		485		1	通用规范汉字表_双源转录核对
会		486		1	通用规范汉字表_双源转录核对
杀		487		1	通用规范汉字表_双源转录核对
合		488		1	通用规范汉字表_双源转录核对
兆		489		1	通用规范汉字表_双源转录核对
企		490		1	通用规范汉字表_双源转录核对
众		491		1	通用规范汉字表_双源转录核对
爷		492		1	通用规范汉字表_双源转录核对
伞		493		1	通用规范汉字表_双源转录核对
创		494		1	通用规范汉字表_双源转录核对
肌		495		1	通用规范汉字表_双源转录核对
肋		496		1	通用规范汉字表_双源转录核对
朵		497		1	通用规范汉字表_双源转录核对
杂		498		1	通用规范汉字表_双源转录核对
危		499		1	通用规范汉字表_双源转录核对
旬		500		1	通用规范汉字表_双源转录核对
旨		501		1	通用规范汉字表_双源转录核对
旭		502		1	通用规范汉字表_双源转录核对
负		503		1	通用规范汉字表_双源转录核对
匈		504		1	通用规范汉字表_双源转录核对
名		505		1	通用规范汉字表_双源转录核对
各		506		1	通用规范汉字表_双源转录核对
多		507		1	通用规范汉字表_双源转录核对
争		508		1	通用规范汉字表_双源转录核对
色		509		1	通用规范汉字表_双源转录核对
壮		510		1	通用规范汉字表_双源转录核对
冲		511		1	通用规范汉字表_双源转录核对
妆		512		1	通用规范汉字表_双源转录核对
冰		513		1	通用规范汉字表_双源转录核对
庄		514		1	通用规范汉字表_双源转录核对
庆		515		1	通用规范汉字表_双源转录核对
亦		516		1	通用规范汉字表_双源转录核对
刘		517		1	通用规范汉字表_双源转录核对
齐		518		1	通用规范汉字表_双源转录核对
交		519		1	通用规范汉字表_双源转录核对
衣		520		1	通用规范汉字表_双源转录核对
次		521		1	通用规范汉字表_双源转录核对
产		522		1	通用规范汉字表_双源转录核对
决		523		1	通用规范汉字表_双源转录核对
亥		524		1	通用规范汉字表_双源转录核对
充		525		1	通用规范汉字表_双源转录核对
妄		526		1	通用规范汉字表_双源转录核对
闭		527		1	通用规范汉字表_双源转录核对
问		528		1	通用规范汉字表_双源转录核对
闯		529		1	通用规范汉字表_双源转录核对
羊		530		1	通用规范汉字表_双源转录核对
并		531		1	通用规范汉字表_双源转录核对
关		532		1	通用规范汉字表_双源转录核对
米		533		1	通用规范汉字表_双源转录核对
灯		534		1	通用规范汉字表_双源转录核对
州		535		1	通用规范汉字表_双源转录核对
汗		536		1	通用规范汉字表_双源转录核对
污		537		1	通用规范汉字表_双源转录核对
江		538		1	通用规范汉字表_双源转录核对
汛		539		1	通用规范汉字表_双源转录核对
池		540		1	通用规范汉字表_双源转录核对
汝		541		1	通用规范汉字表_双源转录核对
汤		542		1	通用规范汉字表_双源转录核对
忙		543		1	通用规范汉字表_双源转录核对
兴		544		1	通用规范汉字表_双源转录核对
宇		545		1	通用规范汉字表_双源转录核对
守		546		1	通用规范汉字表_双源转录核对
宅		547		1	通用规范汉字表_双源转录核对
字		548		1	通用规范汉字表_双源转录核对
安		549		1	通用规范汉字表_双源转录核对
讲		550		1	通用规范汉字表_双源转录核对
讳		551		1	通用规范汉字表_双源转录核对
军		552		1	通用规范汉字表_双源转录核对
讶		553		1	通用规范汉字表_双源转录核对
许		554		1	通用规范汉字表_双源转录核对
讹		555		1	通用规范汉字表_双源转录核对
论		556		1	通用规范汉字表_双源转录核对
讼		557		1	通用规范汉字表_双源转录核对
农		558		1	通用规范汉字表_双源转录核对
讽		559		1	通用规范汉字表_双源转录核对
设		560		1	通用规范汉字表_双源转录核对
访		561		1	通用规范汉字表_双源转录核对
诀		562		1	通用规范汉字表_双源转录核对
寻		563		1	通用规范汉字表_双源转录核对
那		564		1	通用规范汉字表_双源转录核对
迅		565		1	通用规范汉字表_双源转录核对
尽		566		1	通用规范汉字表_双源转录核对
导		567		1	通用规范汉字表_双源转录核对
异		568		1	通用规范汉字表_双源转录核对
弛		569		1	通用规范汉字表_双源转录核对
孙		570		1	通用规范汉字表_双源转录核对
阵		571		1	通用规范汉字表_双源转录核对
阳		572		1	通用规范汉字表_双源转录核对
收		573		1	通用规范汉字表_双源转录核对
阶		574		1	通用规范汉字表_双源转录核对
阴		575		1	通用规范汉字表_双源转录核对
防		576		1	通用规范汉字表_双源转录核对
奸		577		1	通用规范汉字表_双源转录核对
如		578		1	通用规范汉字表_双源转录核对
妇		579		1	通用规范汉字表_双源转录核对
妃		580		1	通用规范汉字表_双源转录核对
好		581		1	通用规范汉字表_双源转录核对
她		582		1	通用规范汉字表_双源转录核对
妈		583		1	通用规范汉字表_双源转录核对
戏		584		1	通用规范汉字表_双源转录核对
羽		585		1	通用规范汉字表_双源转录核对
观		586		1	通用规范汉字表_双源转录核对
欢		587		1	通用规范汉字表_双源转录核对
买		588		1	通用规范汉字表_双源转录核对
红		589		1	通用规范汉字表_双源转录核对
驮		590		1	通用规范汉字表_双源转录核对
纤		591		1	通用规范汉字表_双源转录核对
驯		592		1	通用规范汉字表_双源转录核对
约		593		1	通用规范汉字表_双源转录核对
级		594		1	通用规范汉字表_双源转录核对
纪		595		1	通用规范汉字表_双源转录核对
驰		596		1	通用规范汉字表_双源转录核对
纫		597		1	通用规范汉字表_双源转录核对
巡		598		1	通用规范汉字表_双源转录核对
寿		599		1	通用规范汉字表_双源转录核对
弄		600		1	通用规范汉字表_双源转录核对
麦		601		1	通用规范汉字表_双源转录核对
玖		602		1	通用规范汉字表_双源转录核对
玛		603		1	通用规范汉字表_双源转录核对
形		604		1	通用规范汉字表_双源转录核对
进		605		1	通用规范汉字表_双源转录核对
戒		606		1	通用规范汉字表_双源转录核对
吞		607		1	通用规范汉字表_双源转录核对
远		608		1	通用规范汉字表_双源转录核对
违		609		1	通用规范汉字表_双源转录核对
韧		610		1	通用规范汉字表_双源转录核对
运		611		1	通用规范汉字表_双源转录核对
扶		612		1	通用规范汉字表_双源转录核对
抚		613		1	通用规范汉字表_双源转录核对
坛		614		1	通用规范汉字表_双源转录核对
技		615		1	通用规范汉字表_双源转录核对
坏		616		1	通用规范汉字表_双源转录核对
抠		617		1	通用规范汉字表_双源转录核对
扰		618		1	通用规范汉字表_双源转录核对
扼		619		1	通用规范汉字表_双源转录核对
拒		620		1	通用规范汉字表_双源转录核对
找		621		1	通用规范汉字表_双源转录核对
批		622		1	通用规范汉字表_双源转录核对
址		623		1	通用规范汉字表_双源转录核对
扯		624		1	通用规范汉字表_双源转录核对
走		625		1	通用规范汉字表_双源转录核对
抄		626		1	通用规范汉字表_双源转录核对
贡		627		1	通用规范汉字表_双源转录核对
汞		628		1	通用规范汉字表_双源转录核对
坝		629		1	通用规范汉字表_双源转录核对
攻		630		1	通用规范汉字表_双源转录核对
赤		631		1	通用规范汉字表_双源转录核对
折		632		1	通用规范汉字表_双源转录核对
抓		633		1	通用规范汉字表_双源转录核对
扳		634		1	通用规范汉字表_双源转录核对
抡		635		1	通用规范汉字表_双源转录核对
扮		636		1	通用规范汉字表_双源转录核对
抢		637		1	通用规范汉字表_双源转录核对
孝		638		1	通用规范汉字表_双源转录核对
坎		639		1	通用规范汉字表_双源转录核对
均		640		1	通用规范汉字表_双源转录核对
抑		641		1	通用规范汉字表_双源转录核对
抛		642		1	通用规范汉字表_双源转录核对
投		643		1	通用规范汉字表_双源转录核对
坟		644		1	通用规范汉字表_双源转录核对
坑		645		1	通用规范汉字表_双源转录核对
抗		646		1	通用规范汉字表_双源转录核对
坊		647		1	通用规范汉字表_双源转录核对
抖		648		1	通用规范汉字表_双源转录核对
护		649		1	通用规范汉字表_双源转录核对
壳		650		1	通用规范汉字表_双源转录核对
志		651		1	通用规范汉字表_双源转录核对
块		652		1	通用规范汉字表_双源转录核对
扭		653		1	通用规范汉字表_双源转录核对
声		654		1	通用规范汉字表_双源转录核对
把		655		1	通用规范汉字表_双源转录核对
报		656		1	通用规范汉字表_双源转录核对
拟		657		1	通用规范汉字表_双源转录核对
却		658		1	通用规范汉字表_双源转录核对
抒		659		1	通用规范汉字表_双源转录核对
劫		660		1	通用规范汉字表_双源转录核对
芙		661		1	通用规范汉字表_双源转录核对
芜		662		1	通用规范汉字表_双源转录核对
苇		663		1	通用规范汉字表_双源转录核对
芽		664		1	通用规范汉字表_双源转录核对
花		665		1	通用规范汉字表_双源转录核对
芹		666		1	通用规范汉字表_双源转录核对
芥		667		1	通用规范汉字表_双源转录核对
芬		668		1	通用规范汉字表_双源转录核对
苍		669		1	通用规范汉字表_双源转录核对
芳		670		1	通用规范汉字表_双源转录核对
严		671		1	通用规范汉字表_双源转录核对
芦		672		1	通用规范汉字表_双源转录核对
芯		673		1	通用规范汉字表_双源转录核对
劳		674		1	通用规范汉字表_双源转录核对
克		675		1	通用规范汉字表_双源转录核对
芭		676		1	通用规范汉字表_双源转录核对
苏		677		1	通用规范汉字表_双源转录核对
杆		678		1	通用规范汉字表_双源转录核对
杠		679		1	通用规范汉字表_双源转录核对
杜		680		1	通用规范汉字表_双源转录核对
材		681		1	通用规范汉字表_双源转录核对
村		682		1	通用规范汉字表_双源转录核对
杖		683		1	通用规范汉字表_双源转录核对
杏		684		1	通用规范汉字表_双源转录核对
杉		685		1	通用规范汉字表_双源转录核对
巫		686		1	通用规范汉字表_双源转录核对
极		687		1	通用规范汉字表_双源转录核对
李		688		1	通用规范汉字表_双源转录核对
杨		689		1	通用规范汉字表_双源转录核对
求		690		1	通用规范汉字表_双源转录核对
甫		691		1	通用规范汉字表_双源转录核对
匣		692		1	通用规范汉字表_双源转录核对
更		693		1	通用规范汉字表_双源转录核对
束		694		1	通用规范汉字表_双源转录核对
吾		695		1	通用规范汉字表_双源转录核对
豆		696		1	通用规范汉字表_双源转录核对
两		697		1	通用规范汉字表_双源转录核对
酉		698		1	通用规范汉字表_双源转录核对
丽		699		1	通用规范汉字表_双源转录核对
医		700		1	通用规范汉字表_双源转录核对
辰		701		1	通用规范汉字表_双源转录核对
励		702		1	通用规范汉字表_双源转录核对
否		703		1	通用规范汉字表_双源转录核对
还		704		1	通用规范汉字表_双源转录核对
尬		705		1	通用规范汉字表_双源转录核对
歼		706		1	通用规范汉字表_双源转录核对
来		707		1	通用规范汉字表_双源转录核对
连		708		1	通用规范汉字表_双源转录核对
轩		709		1	通用规范汉字表_双源转录核对
步		710		1	通用规范汉字表_双源转录核对
卤		711		1	通用规范汉字表_双源转录核对
坚		712		1	通用规范汉字表_双源转录核对
肖		713		1	通用规范汉字表_双源转录核对
旱		714		1	通用规范汉字表_双源转录核对
盯		715		1	通用规范汉字表_双源转录核对
呈		716		1	通用规范汉字表_双源转录核对
时		717		1	通用规范汉字表_双源转录核对
吴		718		1	通用规范汉字表_双源转录核对
助		719		1	通用规范汉字表_双源转录核对
县		720		1	通用规范汉字表_双源转录核对
里		721		1	通用规范汉字表_双源转录核对
呆		722		1	通用规范汉字表_双源转录核对
吱		723		1	通用规范汉字表_双源转录核对
吠		724		1	通用规范汉字表_双源转录核对
呕		725		1	通用规范汉字表_双源转录核对
园		726		1	通用规范汉字表_双源转录核对
旷		727		1	通用规范汉字表_双源转录核对
围		728		1	通用规范汉字表_双源转录核对
呀		729		1	通用规范汉字表_双源转录核对
吨		730		1	通用规范汉字表_双源转录核对
足		731		1	通用规范汉字表_双源转录核对
邮		732		1	通用规范汉字表_双源转录核对
男		733		1	通用规范汉字表_双源转录核对
困		734		1	通用规范汉字表_双源转录核对
吵		735		1	通用规范汉字表_双源转录核对
串		736		1	通用规范汉字表_双源转录核对
员		737		1	通用规范汉字表_双源转录核对
呐		738		1	通用规范汉字表_双源转录核对
听		739		1	通用规范汉字表_双源转录核对
吟		740		1	通用规范汉字表_双源转录核对
吩		741		1	通用规范汉字表_双源转录核对
呛		742		1	通用规范汉字表_双源转录核对
吻		743		1	通用规范汉字表_双源转录核对
吹		744		1	通用规范汉字表_双源转录核对
呜		745		1	通用规范汉字表_双源转录核对
吭		746		1	通用规范汉字表_双源转录核对
吧		747		1	通用规范汉字表_双源转录核对
邑		748		1	通用规范汉字表_双源转录核对
吼		749		1	通用规范汉字表_双源转录核对
囤		750		1	通用规范汉字表_双源转录核对
别		751		1	通用规范汉字表_双源转录核对
吮		752		1	通用规范汉字表_双源转录核对
岖		753		1	通用规范汉字表_双源转录核对
岗		754		1	通用规范汉字表_双源转录核对
帐		755		1	通用规范汉字表_双源转录核对
财		756		1	通用规范汉字表_双源转录核对
针		757		1	通用规范汉字表_双源转录核对
钉		758		1	通用规范汉字表_双源转录核对
牡		759		1	通用规范汉字表_双源转录核对
告		760		1	通用规范汉字表_双源转录核对
我		761		1	通用规范汉字表_双源转录核对
乱		762		1	通用规范汉字表_双源转录核对
利		763		1	通用规范汉字表_双源转录核对
秃		764		1	通用规范汉字表_双源转录核对
秀		765		1	通用规范汉字表_双源转录核对
私		766		1	通用规范汉字表_双源转录核对
每		767		1	通用规范汉字表_双源转录核对
兵		768		1	通用规范汉字表_双源转录核对
估		769		1	通用规范汉字表_双源转录核对
体		770		1	通用规范汉字表_双源转录核对
何		771		1	通用规范汉字表_双源转录核对
佐		772		1	通用规范汉字表_双源转录核对
佑		773		1	通用规范汉字表_双源转录核对
但		774		1	通用规范汉字表_双源转录核对
伸		775		1	通用规范汉字表_双源转录核对
佃		776		1	通用规范汉字表_双源转录核对
作		777		1	通用规范汉字表_双源转录核对
伯		778		1	通用规范汉字表_双源转录核对
伶		779		1	通用规范汉字表_双源转录核对
佣		780		1	通用规范汉字表_双源转录核对
低		781		1	通用规范汉字表_双源转录核对
你		782		1	通用规范汉字表_双源转录核对
住		783		1	通用规范汉字表_双源转录核对
位		784		1	通用规范汉字表_双源转录核对
伴		785		1	通用规范汉字表_双源转录核对
身		786		1	通用规范汉字表_双源转录核对
皂		787		1	通用规范汉字表_双源转录核对
伺		788		1	通用规范汉字表_双源转录核对
佛		789		1	通用规范汉字表_双源转录核对
囱		790		1	通用规范汉字表_双源转录核对
近		791		1	通用规范汉字表_双源转录核对
彻		792		1	通用规范汉字表_双源转录核对
役		793		1	通用规范汉字表_双源转录核对
返		794		1	通用规范汉字表_双源转录核对
余		795		1	通用规范汉字表_双源转录核对
希		796		1	通用规范汉字表_双源转录核对
坐		797		1	通用规范汉字表_双源转录核对
谷		798		1	通用规范汉字表_双源转录核对
妥		799		1	通用规范汉字表_双源转录核对
含		800		1	通用规范汉字表_双源转录核对
邻		801		1	通用规范汉字表_双源转录核对
岔		802		1	通用规范汉字表_双源转录核对
肝		803		1	通用规范汉字表_双源转录核对
肛		804		1	通用规范汉字表_双源转录核对
肚		805		1	通用规范汉字表_双源转录核对
肘		806		1	通用规范汉字表_双源转录核对
肠		807		1	通用规范汉字表_双源转录核对
龟		808		1	通用规范汉字表_双源转录核对
甸		809		1	通用规范汉字表_双源转录核对
免		810		1	通用规范汉字表_双源转录核对
狂		811		1	通用规范汉字表_双源转录核对
犹		812		1	通用规范汉字表_双源转录核对
狈		813		1	通用规范汉字表_双源转录核对
角		814		1	通用规范汉字表_双源转录核对
删		815		1	通用规范汉字表_双源转录核对
条		816		1	通用规范汉字表_双源转录核对
彤		817		1	通用规范汉字表_双源转录核对
卵		818		1	通用规范汉字表_双源转录核对
灸		819		1	通用规范汉字表_双源转录核对
岛		820		1	通用规范汉字表_双源转录核对
刨		821		1	通用规范汉字表_双源转录核对
迎		822		1	通用规范汉字表_双源转录核对
饭		823		1	通用规范汉字表_双源转录核对
饮		824		1	通用规范汉字表_双源转录核对
系		825		1	通用规范汉字表_双源转录核对
言		826		1	通用规范汉字表_双源转录核对
冻		827		1	通用规范汉字表_双源转录核对
状		828		1	通用规范汉字表_双源转录核对
亩		829		1	通用规范汉字表_双源转录核对
况		830		1	通用规范汉字表_双源转录核对
床		831		1	通用规范汉字表_双源转录核对
库		832		1	通用规范汉字表_双源转录核对
庇		833		1	通用规范汉字表_双源转录核对
疗		834		1	通用规范汉字表_双源转录核对
吝		835		1	通用规范汉字表_双源转录核对
应		836		1	通用规范汉字表_双源转录核对
这		837		1	通用规范汉字表_双源转录核对
冷		838		1	通用规范汉字表_双源转录核对
庐		839		1	通用规范汉字表_双源转录核对
序		840		1	通用规范汉字表_双源转录核对
辛		841		1	通用规范汉字表_双源转录核对
弃		842		1	通用规范汉字表_双源转录核对
冶		843		1	通用规范汉字表_双源转录核对
忘		844		1	通用规范汉字表_双源转录核对
闰		845		1	通用规范汉字表_双源转录核对
闲		846		1	通用规范汉字表_双源转录核对
间		847		1	通用规范汉字表_双源转录核对
闷		848		1	通用规范汉字表_双源转录核对
判		849		1	通用规范汉字表_双源转录核对
兑		850		1	通用规范汉字表_双源转录核对
灶		851		1	通用规范汉字表_双源转录核对
灿		852		1	通用规范汉字表_双源转录核对
灼		853		1	通用规范汉字表_双源转录核对
弟		854		1	通用规范汉字表_双源转录核对
汪		855		1	通用规范汉字表_双源转录核对
沐		856		1	通用规范汉字表_双源转录核对
沛		857		1	通用规范汉字表_双源转录核对
汰		858		1	通用规范汉字表_双源转录核对
沥		859		1	通用规范汉字表_双源转录核对
沙		860		1	通用规范汉字表_双源转录核对
汽		861		1	通用规范汉字表_双源转录核对
沃		862		1	通用规范汉字表_双源转录核对
沦		863		1	通用规范汉字表_双源转录核对
汹		864		1	通用规范汉字表_双源转录核对
泛		865		1	通用规范汉字表_双源转录核对
沧		866		1	通用规范汉字表_双源转录核对
没		867		1	通用规范汉字表_双源转录核对
沟		868		1	通用规范汉字表_双源转录核对
沪		869		1	通用规范汉字表_双源转录核对
沈		870		1	通用规范汉字表_双源转录核对
沉		871		1	通用规范汉字表_双源转录核对
沁		872		1	通用规范汉字表_双源转录核对
怀		873		1	通用规范汉字表_双源转录核对
忧		874		1	通用规范汉字表_双源转录核对
忱		875		1	通用规范汉字表_双源转录核对
快		876		1	通用规范汉字表_双源转录核对
完		877		1	通用规范汉字表_双源转录核对
宋		878		1	通用规范汉字表_双源转录核对
宏		879		1	通用规范汉字表_双源转录核对
牢		880		1	通用规范汉字表_双源转录核对
究		881		1	通用规范汉字表_双源转录核对
穷		882		1	通用规范汉字表_双源转录核对
灾		883		1	通用规范汉字表_双源转录核对
良		884		1	通用规范汉字表_双源转录核对
证		885		1	通用规范汉字表_双源转录核对
启		886		1	通用规范汉字表_双源转录核对
评		887		1	通用规范汉字表_双源转录核对
补		888		1	通用规范汉字表_双源转录核对
初		889		1	通用规范汉字表_双源转录核对
社		890		1	通用规范汉字表_双源转录核对
祀		891		1	通用规范汉字表_双源转录核对
识		892		1	通用规范汉字表_双源转录核对
诈		893		1	通用规范汉字表_双源转录核对
诉		894		1	通用规范汉字表_双源转录核对
罕		895		1	通用规范汉字表_双源转录核对
诊		896		1	通用规范汉字表_双源转录核对
词		897		1	通用规范汉字表_双源转录核对
译		898		1	通用规范汉字表_双源转录核对
君		899		1	通用规范汉字表_双源转录核对
灵		900		1	通用规范汉字表_双源转录核对
即		901		1	通用规范汉字表_双源转录核对
层		902		1	通用规范汉字表_双源转录核对
屁		903		1	通用规范汉字表_双源转录核对
尿		904		1	通用规范汉字表_双源转录核对
尾		905		1	通用规范汉字表_双源转录核对
迟		906		1	通用规范汉字表_双源转录核对
局		907		1	通用规范汉字表_双源转录核对
改		908		1	通用规范汉字表_双源转录核对
张		909		1	通用规范汉字表_双源转录核对
忌		910		1	通用规范汉字表_双源转录核对
际		911		1	通用规范汉字表_双源转录核对
陆		912		1	通用规范汉字表_双源转录核对
阿		913		1	通用规范汉字表_双源转录核对
陈		914		1	通用规范汉字表_双源转录核对
阻		915		1	通用规范汉字表_双源转录核对
附		916		1	通用规范汉字表_双源转录核对
坠		917		1	通用规范汉字表_双源转录核对
妓		918		1	通用规范汉字表_双源转录核对
妙		919		1	通用规范汉字表_双源转录核对
妖		920		1	通用规范汉字表_双源转录核对
姊		921		1	通用规范汉字表_双源转录核对
妨		922		1	通用规范汉字表_双源转录核对
妒		923		1	通用规范汉字表_双源转录核对
努		924		1	通用规范汉字表_双源转录核对
忍		925		1	通用规范汉字表_双源转录核对
劲		926		1	通用规范汉字表_双源转录核对
矣		927		1	通用规范汉字表_双源转录核对
鸡		928		1	通用规范汉字表_双源转录核对
纬		929		1	通用规范汉字表_双源转录核对
驱		930		1	通用规范汉字表_双源转录核对
纯		931		1	通用规范汉字表_双源转录核对
纱		932		1	通用规范汉字表_双源转录核对
纲		933		1	通用规范汉字表_双源转录核对
纳		934		1	通用规范汉字表_双源转录核对
驳		935		1	通用规范汉字表_双源转录核对
纵		936		1	通用规范汉字表_双源转录核对
纷		937		1	通用规范汉字表_双源转录核对
纸		938		1	通用规范汉字表_双源转录核对
纹		939		1	通用规范汉字表_双源转录核对
纺		940		1	通用规范汉字表_双源转录核对
驴		941		1	通用规范汉字表_双源转录核对
纽		942		1	通用规范汉字表_双源转录核对
奉		943		1	通用规范汉字表_双源转录核对
玩		944		1	通用规范汉字表_双源转录核对
环		945		1	通用规范汉字表_双源转录核对
武		946		1	通用规范汉字表_双源转录核对
青		947		1	通用规范汉字表_双源转录核对
责		948		1	通用规范汉字表_双源转录核对
现		949		1	通用规范汉字表_双源转录核对
玫		950		1	通用规范汉字表_双源转录核对
表		951		1	通用规范汉字表_双源转录核对
规		952		1	通用规范汉字表_双源转录核对
抹		953		1	通用规范汉字表_双源转录核对
卦		954		1	通用规范汉字表_双源转录核对
坷		955		1	通用规范汉字表_双源转录核对
坯		956		1	通用规范汉字表_双源转录核对
拓		957		1	通用规范汉字表_双源转录核对
拢		958		1	通用规范汉字表_双源转录核对
拔		959		1	通用规范汉字表_双源转录核对
坪		960		1	通用规范汉字表_双源转录核对
拣		961		1	通用规范汉字表_双源转录核对
坦		962		1	通用规范汉字表_双源转录核对
担		963		1	通用规范汉字表_双源转录核对
坤		964		1	通用规范汉字表_双源转录核对
押		965		1	通用规范汉字表_双源转录核对
抽		966		1	通用规范汉字表_双源转录核对
拐		967		1	通用规范汉字表_双源转录核对
拖		968		1	通用规范汉字表_双源转录核对
者		969		1	通用规范汉字表_双源转录核对
拍		970		1	通用规范汉字表_双源转录核对
顶		971		1	通用规范汉字表_双源转录核对
拆		972		1	通用规范汉字表_双源转录核对
拎		973		1	通用规范汉字表_双源转录核对
拥		974		1	通用规范汉字表_双源转录核对
抵		975		1	通用规范汉字表_双源转录核对
拘		976		1	通用规范汉字表_双源转录核对
势		977		1	通用规范汉字表_双源转录核对
抱		978		1	通用规范汉字表_双源转录核对
拄		979		1	通用规范汉字表_双源转录核对
垃		980		1	通用规范汉字表_双源转录核对
拉		981		1	通用规范汉字表_双源转录核对
拦		982		1	通用规范汉字表_双源转录核对
幸		983		1	通用规范汉字表_双源转录核对
拌		984		1	通用规范汉字表_双源转录核对
拧		985		1	通用规范汉字表_双源转录核对
拂		986		1	通用规范汉字表_双源转录核对
拙		987		1	通用规范汉字表_双源转录核对
招		988		1	通用规范汉字表_双源转录核对
坡		989		1	通用规范汉字表_双源转录核对
披		990		1	通用规范汉字表_双源转录核对
拨		991		1	通用规范汉字表_双源转录核对
择		992		1	通用规范汉字表_双源转录核对
抬		993		1	通用规范汉字表_双源转录核对
拇		994		1	通用规范汉字表_双源转录核对
拗		995		1	通用规范汉字表_双源转录核对
其		996		1	通用规范汉字表_双源转录核对
取		997		1	通用规范汉字表_双源转录核对
茉		998		1	通用规范汉字表_双源转录核对
苦		999		1	通用规范汉字表_双源转录核对
昔		1000		1	通用规范汉字表_双源转录核对
苛		1001		1	通用规范汉字表_双源转录核对
若		1002		1	通用规范汉字表_双源转录核对
茂		1003		1	通用规范汉字表_双源转录核对
苹		1004		1	通用规范汉字表_双源转录核对
苗		1005		1	通用规范汉字表_双源转录核对
英		1006		1	通用规范汉字表_双源转录核对
苟		1007		1	通用规范汉字表_双源转录核对
苑		1008		1	通用规范汉字表_双源转录核对
苞		1009		1	通用规范汉字表_双源转录核对
范		1010		1	通用规范汉字表_双源转录核对
直		1011		1	通用规范汉字表_双源转录核对
茁		1012		1	通用规范汉字表_双源转录核对
茄		1013		1	通用规范汉字表_双源转录核对
茎		1014		1	通用规范汉字表_双源转录核对
苔		1015		1	通用规范汉字表_双源转录核对
茅		1016		1	通用规范汉字表_双源转录核对
枉		1017		1	通用规范汉字表_双源转录核对
林		1018		1	通用规范汉字表_双源转录核对
枝		1019		1	通用规范汉字表_双源转录核对
杯		1020		1	通用规范汉字表_双源转录核对
枢		1021		1	通用规范汉字表_双源转录核对
柜		1022		1	通用规范汉字表_双源转录核对
枚		1023		1	通用规范汉字表_双源转录核对
析		1024		1	通用规范汉字表_双源转录核对
板		1025		1	通用规范汉字表_双源转录核对
松		1026		1	通用规范汉字表_双源转录核对
枪		1027		1	通用规范汉字表_双源转录核对
枫		1028		1	通用规范汉字表_双源转录核对
构		1029		1	通用规范汉字表_双源转录核对
杭		1030		1	通用规范汉字表_双源转录核对
杰		1031		1	通用规范汉字表_双源转录核对
述		1032		1	通用规范汉字表_双源转录核对
枕		1033		1	通用规范汉字表_双源转录核对
丧		1034		1	通用规范汉字表_双源转录核对
或		1035		1	通用规范汉字表_双源转录核对
画		1036		1	通用规范汉字表_双源转录核对
卧		1037		1	通用规范汉字表_双源转录核对
事		1038		1	通用规范汉字表_双源转录核对
刺		1039		1	通用规范汉字表_双源转录核对
枣		1040		1	通用规范汉字表_双源转录核对
雨		1041		1	通用规范汉字表_双源转录核对
卖		1042		1	通用规范汉字表_双源转录核对
郁		1043		1	通用规范汉字表_双源转录核对
矾		1044		1	通用规范汉字表_双源转录核对
矿		1045		1	通用规范汉字表_双源转录核对
码		1046		1	通用规范汉字表_双源转录核对
厕		1047		1	通用规范汉字表_双源转录核对
奈		1048		1	通用规范汉字表_双源转录核对
奔		1049		1	通用规范汉字表_双源转录核对
奇		1050		1	通用规范汉字表_双源转录核对
奋		1051		1	通用规范汉字表_双源转录核对
态		1052		1	通用规范汉字表_双源转录核对
欧		1053		1	通用规范汉字表_双源转录核对
殴		1054		1	通用规范汉字表_双源转录核对
垄		1055		1	通用规范汉字表_双源转录核对
妻		1056		1	通用规范汉字表_双源转录核对
轰		1057		1	通用规范汉字表_双源转录核对
顷		1058		1	通用规范汉字表_双源转录核对
转		1059		1	通用规范汉字表_双源转录核对
斩		1060		1	通用规范汉字表_双源转录核对
轮		1061		1	通用规范汉字表_双源转录核对
软		1062		1	通用规范汉字表_双源转录核对
到		1063		1	通用规范汉字表_双源转录核对
非		1064		1	通用规范汉字表_双源转录核对
叔		1065		1	通用规范汉字表_双源转录核对
歧		1066		1	通用规范汉字表_双源转录核对
肯		1067		1	通用规范汉字表_双源转录核对
齿		1068		1	通用规范汉字表_双源转录核对
些		1069		1	通用规范汉字表_双源转录核对
卓		1070		1	通用规范汉字表_双源转录核对
虎		1071		1	通用规范汉字表_双源转录核对
虏		1072		1	通用规范汉字表_双源转录核对
肾		1073		1	通用规范汉字表_双源转录核对
贤		1074		1	通用规范汉字表_双源转录核对
尚		1075		1	通用规范汉字表_双源转录核对
旺		1076		1	通用规范汉字表_双源转录核对
具		1077		1	通用规范汉字表_双源转录核对
味		1078		1	通用规范汉字表_双源转录核对
果		1079		1	通用规范汉字表_双源转录核对
昆		1080		1	通用规范汉字表_双源转录核对
国		1081		1	通用规范汉字表_双源转录核对
哎		1082		1	通用规范汉字表_双源转录核对
咕		1083		1	通用规范汉字表_双源转录核对
昌		1084		1	通用规范汉字表_双源转录核对
呵		1085		1	通用规范汉字表_双源转录核对
畅		1086		1	通用规范汉字表_双源转录核对
明		1087		1	通用规范汉字表_双源转录核对
易		1088		1	通用规范汉字表_双源转录核对
咙		1089		1	通用规范汉字表_双源转录核对
昂		1090		1	通用规范汉字表_双源转录核对
迪		1091		1	通用规范汉字表_双源转录核对
典		1092		1	通用规范汉字表_双源转录核对
固		1093		1	通用规范汉字表_双源转录核对
忠		1094		1	通用规范汉字表_双源转录核对
呻		1095		1	通用规范汉字表_双源转录核对
咒		1096		1	通用规范汉字表_双源转录核对
咋		1097		1	通用规范汉字表_双源转录核对
咐		1098		1	通用规范汉字表_双源转录核对
呼		1099		1	通用规范汉字表_双源转录核对
鸣		1100		1	通用规范汉字表_双源转录核对
咏		1101		1	通用规范汉字表_双源转录核对
呢		1102		1	通用规范汉字表_双源转录核对
咄		1103		1	通用规范汉字表_双源转录核对
咖		1104		1	通用规范汉字表_双源转录核对
岸		1105		1	通用规范汉字表_双源转录核对
岩		1106		1	通用规范汉字表_双源转录核对
帖		1107		1	通用规范汉字表_双源转录核对
罗		1108		1	通用规范汉字表_双源转录核对
帜		1109		1	通用规范汉字表_双源转录核对
帕		1110		1	通用规范汉字表_双源转录核对
岭		1111		1	通用规范汉字表_双源转录核对
凯		1112		1	通用规范汉字表_双源转录核对
败		1113		1	通用规范汉字表_双源转录核对
账		1114		1	通用规范汉字表_双源转录核对
贩		1115		1	通用规范汉字表_双源转录核对
贬		1116		1	通用规范汉字表_双源转录核对
购		1117		1	通用规范汉字表_双源转录核对
贮		1118		1	通用规范汉字表_双源转录核对
图		1119		1	通用规范汉字表_双源转录核对
钓		1120		1	通用规范汉字表_双源转录核对
制		1121		1	通用规范汉字表_双源转录核对
知		1122		1	通用规范汉字表_双源转录核对
迭		1123		1	通用规范汉字表_双源转录核对
氛		1124		1	通用规范汉字表_双源转录核对
垂		1125		1	通用规范汉字表_双源转录核对
牧		1126		1	通用规范汉字表_双源转录核对
物		1127		1	通用规范汉字表_双源转录核对
乖		1128		1	通用规范汉字表_双源转录核对
刮		1129		1	通用规范汉字表_双源转录核对
秆		1130		1	通用规范汉字表_双源转录核对
和		1131		1	通用规范汉字表_双源转录核对
季		1132		1	通用规范汉字表_双源转录核对
委		1133		1	通用规范汉字表_双源转录核对
秉		1134		1	通用规范汉字表_双源转录核对
佳		1135		1	通用规范汉字表_双源转录核对
侍		1136		1	通用规范汉字表_双源转录核对
岳		1137		1	通用规范汉字表_双源转录核对
供		1138		1	通用规范汉字表_双源转录核对
使		1139		1	通用规范汉字表_双源转录核对
例		1140		1	通用规范汉字表_双源转录核对
侠		1141		1	通用规范汉字表_双源转录核对
侥		1142		1	通用规范汉字表_双源转录核对
版		1143		1	通用规范汉字表_双源转录核对
侄		1144		1	通用规范汉字表_双源转录核对
侦		1145		1	通用规范汉字表_双源转录核对
侣		1146		1	通用规范汉字表_双源转录核对
侧		1147		1	通用规范汉字表_双源转录核对
凭		1148		1	通用规范汉字表_双源转录核对
侨		1149		1	通用规范汉字表_双源转录核对
佩		1150		1	通用规范汉字表_双源转录核对
货		1151		1	通用规范汉字表_双源转录核对
侈		1152		1	通用规范汉字表_双源转录核对
依		1153		1	通用规范汉字表_双源转录核对
卑		1154		1	通用规范汉字表_双源转录核对
的		1155		1	通用规范汉字表_双源转录核对
迫		1156		1	通用规范汉字表_双源转录核对
质		1157		1	通用规范汉字表_双源转录核对
欣		1158		1	通用规范汉字表_双源转录核对
征		1159		1	通用规范汉字表_双源转录核对
往		1160		1	通用规范汉字表_双源转录核对
爬		1161		1	通用规范汉字表_双源转录核对
彼		1162		1	通用规范汉字表_双源转录核对
径		1163		1	通用规范汉字表_双源转录核对
所		1164		1	通用规范汉字表_双源转录核对
舍		1165		1	通用规范汉字表_双源转录核对
金		1166		1	通用规范汉字表_双源转录核对
刹		1167		1	通用规范汉字表_双源转录核对
命		1168		1	通用规范汉字表_双源转录核对
肴		1169		1	通用规范汉字表_双源转录核对
斧		1170		1	通用规范汉字表_双源转录核对
爸		1171		1	通用规范汉字表_双源转录核对
采		1172		1	通用规范汉字表_双源转录核对
觅		1173		1	通用规范汉字表_双源转录核对
受		1174		1	通用规范汉字表_双源转录核对
乳		1175		1	通用规范汉字表_双源转录核对
贪		1176		1	通用规范汉字表_双源转录核对
念		1177		1	通用规范汉字表_双源转录核对
贫		1178		1	通用规范汉字表_双源转录核对
忿		1179		1	通用规范汉字表_双源转录核对
肤		1180		1	通用规范汉字表_双源转录核对
肺		1181		1	通用规范汉字表_双源转录核对
肢		1182		1	通用规范汉字表_双源转录核对
肿		1183		1	通用规范汉字表_双源转录核对
胀		1184		1	通用规范汉字表_双源转录核对
朋		1185		1	通用规范汉字表_双源转录核对
股		1186		1	通用规范汉字表_双源转录核对
肮		1187		1	通用规范汉字表_双源转录核对
肪		1188		1	通用规范汉字表_双源转录核对
肥		1189		1	通用规范汉字表_双源转录核对
服		1190		1	通用规范汉字表_双源转录核对
胁		1191		1	通用规范汉字表_双源转录核对
周		1192		1	通用规范汉字表_双源转录核对
昏		1193		1	通用规范汉字表_双源转录核对
鱼		1194		1	通用规范汉字表_双源转录核对
兔		1195		1	通用规范汉字表_双源转录核对
狐		1196		1	通用规范汉字表_双源转录核对
忽		1197		1	通用规范汉字表_双源转录核对
狗		1198		1	通用规范汉字表_双源转录核对
狞		1199		1	通用规范汉字表_双源转录核对
备		1200		1	通用规范汉字表_双源转录核对
饰		1201		1	通用规范汉字表_双源转录核对
饱		1202		1	通用规范汉字表_双源转录核对
饲		1203		1	通用规范汉字表_双源转录核对
变		1204		1	通用规范汉字表_双源转录核对
京		1205		1	通用规范汉字表_双源转录核对
享		1206		1	通用规范汉字表_双源转录核对
庞		1207		1	通用规范汉字表_双源转录核对
店		1208		1	通用规范汉字表_双源转录核对
夜		1209		1	通用规范汉字表_双源转录核对
庙		1210		1	通用规范汉字表_双源转录核对
府		1211		1	通用规范汉字表_双源转录核对
底		1212		1	通用规范汉字表_双源转录核对
疟		1213		1	通用规范汉字表_双源转录核对
疙		1214		1	通用规范汉字表_双源转录核对
疚		1215		1	通用规范汉字表_双源转录核对
剂		1216		1	通用规范汉字表_双源转录核对
卒		1217		1	通用规范汉字表_双源转录核对
郊		1218		1	通用规范汉字表_双源转录核对
庚		1219		1	通用规范汉字表_双源转录核对
废		1220		1	通用规范汉字表_双源转录核对
净		1221		1	通用规范汉字表_双源转录核对
盲		1222		1	通用规范汉字表_双源转录核对
放		1223		1	通用规范汉字表_双源转录核对
刻		1224		1	通用规范汉字表_双源转录核对
育		1225		1	通用规范汉字表_双源转录核对
氓		1226		1	通用规范汉字表_双源转录核对
闸		1227		1	通用规范汉字表_双源转录核对
闹		1228		1	通用规范汉字表_双源转录核对
郑		1229		1	通用规范汉字表_双源转录核对
券		1230		1	通用规范汉字表_双源转录核对
卷		1231		1	通用规范汉字表_双源转录核对
单		1232		1	通用规范汉字表_双源转录核对
炬		1233		1	通用规范汉字表_双源转录核对
炒		1234		1	通用规范汉字表_双源转录核对
炊		1235		1	通用规范汉字表_双源转录核对
炕		1236		1	通用规范汉字表_双源转录核对
炎		1237		1	通用规范汉字表_双源转录核对
炉		1238		1	通用规范汉字表_双源转录核对
沫		1239		1	通用规范汉字表_双源转录核对
浅		1240		1	通用规范汉字表_双源转录核对
法		1241		1	通用规范汉字表_双源转录核对
泄		1242		1	通用规范汉字表_双源转录核对
沽		1243		1	通用规范汉字表_双源转录核对
河		1244		1	通用规范汉字表_双源转录核对
沾		1245		1	通用规范汉字表_双源转录核对
泪		1246		1	通用规范汉字表_双源转录核对
沮		1247		1	通用规范汉字表_双源转录核对
油		1248		1	通用规范汉字表_双源转录核对
泊		1249		1	通用规范汉字表_双源转录核对
沿		1250		1	通用规范汉字表_双源转录核对
泡		1251		1	通用规范汉字表_双源转录核对
注		1252		1	通用规范汉字表_双源转录核对
泣		1253		1	通用规范汉字表_双源转录核对
泞		1254		1	通用规范汉字表_双源转录核对
泻		1255		1	通用规范汉字表_双源转录核对
泌		1256		1	通用规范汉字表_双源转录核对
泳		1257		1	通用规范汉字表_双源转录核对
泥		1258		1	通用规范汉字表_双源转录核对
沸		1259		1	通用规范汉字表_双源转录核对
沼		1260		1	通用规范汉字表_双源转录核对
波		1261		1	通用规范汉字表_双源转录核对
泼		1262		1	通用规范汉字表_双源转录核对
泽		1263		1	通用规范汉字表_双源转录核对
治		1264		1	通用规范汉字表_双源转录核对
怔		1265		1	通用规范汉字表_双源转录核对
怯		1266		1	通用规范汉字表_双源转录核对
怖		1267		1	通用规范汉字表_双源转录核对
性		1268		1	通用规范汉字表_双源转录核对
怕		1269		1	通用规范汉字表_双源转录核对
怜		1270		1	通用规范汉字表_双源转录核对
怪		1271		1	通用规范汉字表_双源转录核对
怡		1272		1	通用规范汉字表_双源转录核对
学		1273		1	通用规范汉字表_双源转录核对
宝		1274		1	通用规范汉字表_双源转录核对
宗		1275		1	通用规范汉字表_双源转录核对
定		1276		1	通用规范汉字表_双源转录核对
宠		1277		1	通用规范汉字表_双源转录核对
宜		1278		1	通用规范汉字表_双源转录核对
审		1279		1	通用规范汉字表_双源转录核对
宙		1280		1	通用规范汉字表_双源转录核对
官		1281		1	通用规范汉字表_双源转录核对
空		1282		1	通用规范汉字表_双源转录核对
帘		1283		1	通用规范汉字表_双源转录核对
宛		1284		1	通用规范汉字表_双源转录核对
实		1285		1	通用规范汉字表_双源转录核对
试		1286		1	通用规范汉字表_双源转录核对
郎		1287		1	通用规范汉字表_双源转录核对
诗		1288		1	通用规范汉字表_双源转录核对
肩		1289		1	通用规范汉字表_双源转录核对
房		1290		1	通用规范汉字表_双源转录核对
诚		1291		1	通用规范汉字表_双源转录核对
衬		1292		1	通用规范汉字表_双源转录核对
衫		1293		1	通用规范汉字表_双源转录核对
视		1294		1	通用规范汉字表_双源转录核对
祈		1295		1	通用规范汉字表_双源转录核对
话		1296		1	通用规范汉字表_双源转录核对
诞		1297		1	通用规范汉字表_双源转录核对
诡		1298		1	通用规范汉字表_双源转录核对
询		1299		1	通用规范汉字表_双源转录核对
该		1300		1	通用规范汉字表_双源转录核对
详		1301		1	通用规范汉字表_双源转录核对
建		1302		1	通用规范汉字表_双源转录核对
肃		1303		1	通用规范汉字表_双源转录核对
录		1304		1	通用规范汉字表_双源转录核对
隶		1305		1	通用规范汉字表_双源转录核对
帚		1306		1	通用规范汉字表_双源转录核对
屉		1307		1	通用规范汉字表_双源转录核对
居		1308		1	通用规范汉字表_双源转录核对
届		1309		1	通用规范汉字表_双源转录核对
刷		1310		1	通用规范汉字表_双源转录核对
屈		1311		1	通用规范汉字表_双源转录核对
弧		1312		1	通用规范汉字表_双源转录核对
弥		1313		1	通用规范汉字表_双源转录核对
弦		1314		1	通用规范汉字表_双源转录核对
承		1315		1	通用规范汉字表_双源转录核对
孟		1316		1	通用规范汉字表_双源转录核对
陋		1317		1	通用规范汉字表_双源转录核对
陌		1318		1	通用规范汉字表_双源转录核对
孤		1319		1	通用规范汉字表_双源转录核对
陕		1320		1	通用规范汉字表_双源转录核对
降		1321		1	通用规范汉字表_双源转录核对
函		1322		1	通用规范汉字表_双源转录核对
限		1323		1	通用规范汉字表_双源转录核对
妹		1324		1	通用规范汉字表_双源转录核对
姑		1325		1	通用规范汉字表_双源转录核对
姐		1326		1	通用规范汉字表_双源转录核对
姓		1327		1	通用规范汉字表_双源转录核对
妮		1328		1	通用规范汉字表_双源转录核对
始		1329		1	通用规范汉字表_双源转录核对
姆		1330		1	通用规范汉字表_双源转录核对
迢		1331		1	通用规范汉字表_双源转录核对
驾		1332		1	通用规范汉字表_双源转录核对
叁		1333		1	通用规范汉字表_双源转录核对
参		1334		1	通用规范汉字表_双源转录核对
艰		1335		1	通用规范汉字表_双源转录核对
线		1336		1	通用规范汉字表_双源转录核对
练		1337		1	通用规范汉字表_双源转录核对
组		1338		1	通用规范汉字表_双源转录核对
绅		1339		1	通用规范汉字表_双源转录核对
细		1340		1	通用规范汉字表_双源转录核对
驶		1341		1	通用规范汉字表_双源转录核对
织		1342		1	通用规范汉字表_双源转录核对
驹		1343		1	通用规范汉字表_双源转录核对
终		1344		1	通用规范汉字表_双源转录核对
驻		1345		1	通用规范汉字表_双源转录核对
绊		1346		1	通用规范汉字表_双源转录核对
驼		1347		1	通用规范汉字表_双源转录核对
绍		1348		1	通用规范汉字表_双源转录核对
绎		1349		1	通用规范汉字表_双源转录核对
经		1350		1	通用规范汉字表_双源转录核对
贯		1351		1	通用规范汉字表_双源转录核对
契		1352		1	通用规范汉字表_双源转录核对
贰		1353		1	通用规范汉字表_双源转录核对
奏		1354		1	通用规范汉字表_双源转录核对
春		1355		1	通用规范汉字表_双源转录核对
帮		1356		1	通用规范汉字表_双源转录核对
玷		1357		1	通用规范汉字表_双源转录核对
珍		1358		1	通用规范汉字表_双源转录核对
玲		1359		1	通用规范汉字表_双源转录核对
珊		1360		1	通用规范汉字表_双源转录核对
玻		1361		1	通用规范汉字表_双源转录核对
毒		1362		1	通用规范汉字表_双源转录核对
型		1363		1	通用规范汉字表_双源转录核对
拭		1364		1	通用规范汉字表_双源转录核对
挂		1365		1	通用规范汉字表_双源转录核对
封		1366		1	通用规范汉字表_双源转录核对
持		1367		1	通用规范汉字表_双源转录核对
拷		1368		1	通用规范汉字表_双源转录核对
拱		1369		1	通用规范汉字表_双源转录核对
项		1370		1	通用规范汉字表_双源转录核对
垮		1371		1	通用规范汉字表_双源转录核对
挎		1372		1	通用规范汉字表_双源转录核对
城		1373		1	通用规范汉字表_双源转录核对
挟		1374		1	通用规范汉字表_双源转录核对
挠		1375		1	通用规范汉字表_双源转录核对
政		1376		1	通用规范汉字表_双源转录核对
赴		1377		1	通用规范汉字表_双源转录核对
赵		1378		1	通用规范汉字表_双源转录核对
挡		1379		1	通用规范汉字表_双源转录核对
拽		1380		1	通用规范汉字表_双源转录核对
哉		1381		1	通用规范汉字表_双源转录核对
挺		1382		1	通用规范汉字表_双源转录核对
括		1383		1	通用规范汉字表_双源转录核对
垢		1384		1	通用规范汉字表_双源转录核对
拴		1385		1	通用规范汉字表_双源转录核对
拾		1386		1	通用规范汉字表_双源转录核对
挑		1387		1	通用规范汉字表_双源转录核对
垛		1388		1	通用规范汉字表_双源转录核对
指		1389		1	通用规范汉字表_双源转录核对
垫		1390		1	通用规范汉字表_双源转录核对
挣		1391		1	通用规范汉字表_双源转录核对
挤		1392		1	通用规范汉字表_双源转录核对
拼		1393		1	通用规范汉字表_双源转录核对
挖		1394		1	通用规范汉字表_双源转录核对
按		1395		1	通用规范汉字表_双源转录核对
挥		1396		1	通用规范汉字表_双源转录核对
挪		1397		1	通用规范汉字表_双源转录核对
拯		1398		1	通用规范汉字表_双源转录核对
某		1399		1	通用规范汉字表_双源转录核对
甚		1400		1	通用规范汉字表_双源转录核对
荆		1401		1	通用规范汉字表_双源转录核对
茸		1402		1	通用规范汉字表_双源转录核对
革		1403		1	通用规范汉字表_双源转录核对
茬		1404		1	通用规范汉字表_双源转录核对
荐		1405		1	通用规范汉字表_双源转录核对
巷		1406		1	通用规范汉字表_双源转录核对
带		1407		1	通用规范汉字表_双源转录核对
草		1408		1	通用规范汉字表_双源转录核对
茧		1409		1	通用规范汉字表_双源转录核对
茵		1410		1	通用规范汉字表_双源转录核对
茶		1411		1	通用规范汉字表_双源转录核对
荒		1412		1	通用规范汉字表_双源转录核对
茫		1413		1	通用规范汉字表_双源转录核对
荡		1414		1	通用规范汉字表_双源转录核对
荣		1415		1	通用规范汉字表_双源转录核对
荤		1416		1	通用规范汉字表_双源转录核对
荧		1417		1	通用规范汉字表_双源转录核对
故		1418		1	通用规范汉字表_双源转录核对
胡		1419		1	通用规范汉字表_双源转录核对
荫		1420		1	通用规范汉字表_双源转录核对
荔		1421		1	通用规范汉字表_双源转录核对
南		1422		1	通用规范汉字表_双源转录核对
药		1423		1	通用规范汉字表_双源转录核对
标		1424		1	通用规范汉字表_双源转录核对
栈		1425		1	通用规范汉字表_双源转录核对
柑		1426		1	通用规范汉字表_双源转录核对
枯		1427		1	通用规范汉字表_双源转录核对
柄		1428		1	通用规范汉字表_双源转录核对
栋		1429		1	通用规范汉字表_双源转录核对
相		1430		1	通用规范汉字表_双源转录核对
查		1431		1	通用规范汉字表_双源转录核对
柏		1432		1	通用规范汉字表_双源转录核对
栅		1433		1	通用规范汉字表_双源转录核对
柳		1434		1	通用规范汉字表_双源转录核对
柱		1435		1	通用规范汉字表_双源转录核对
柿		1436		1	通用规范汉字表_双源转录核对
栏		1437		1	通用规范汉字表_双源转录核对
柠		1438		1	通用规范汉字表_双源转录核对
树		1439		1	通用规范汉字表_双源转录核对
勃		1440		1	通用规范汉字表_双源转录核对
要		1441		1	通用规范汉字表_双源转录核对
柬		1442		1	通用规范汉字表_双源转录核对
咸		1443		1	通用规范汉字表_双源转录核对
威		1444		1	通用规范汉字表_双源转录核对
歪		1445		1	通用规范汉字表_双源转录核对
研		1446		1	通用规范汉字表_双源转录核对
砖		1447		1	通用规范汉字表_双源转录核对
厘		1448		1	通用规范汉字表_双源转录核对
厚		1449		1	通用规范汉字表_双源转录核对
砌		1450		1	通用规范汉字表_双源转录核对
砂		1451		1	通用规范汉字表_双源转录核对
泵		1452		1	通用规范汉字表_双源转录核对
砚		1453		1	通用规范汉字表_双源转录核对
砍		1454		1	通用规范汉字表_双源转录核对
面		1455		1	通用规范汉字表_双源转录核对
耐		1456		1	通用规范汉字表_双源转录核对
耍		1457		1	通用规范汉字表_双源转录核对
牵		1458		1	通用规范汉字表_双源转录核对
鸥		1459		1	通用规范汉字表_双源转录核对
残		1460		1	通用规范汉字表_双源转录核对
殃		1461		1	通用规范汉字表_双源转录核对
轴		1462		1	通用规范汉字表_双源转录核对
轻		1463		1	通用规范汉字表_双源转录核对
鸦		1464		1	通用规范汉字表_双源转录核对
皆		1465		1	通用规范汉字表_双源转录核对
韭		1466		1	通用规范汉字表_双源转录核对
背		1467		1	通用规范汉字表_双源转录核对
战		1468		1	通用规范汉字表_双源转录核对
点		1469		1	通用规范汉字表_双源转录核对
虐		1470		1	通用规范汉字表_双源转录核对
临		1471		1	通用规范汉字表_双源转录核对
览		1472		1	通用规范汉字表_双源转录核对
竖		1473		1	通用规范汉字表_双源转录核对
省		1474		1	通用规范汉字表_双源转录核对
削		1475		1	通用规范汉字表_双源转录核对
尝		1476		1	通用规范汉字表_双源转录核对
昧		1477		1	通用规范汉字表_双源转录核对
盹		1478		1	通用规范汉字表_双源转录核对
是		1479		1	通用规范汉字表_双源转录核对
盼		1480		1	通用规范汉字表_双源转录核对
眨		1481		1	通用规范汉字表_双源转录核对
哇		1482		1	通用规范汉字表_双源转录核对
哄		1483		1	通用规范汉字表_双源转录核对
哑		1484		1	通用规范汉字表_双源转录核对
显		1485		1	通用规范汉字表_双源转录核对
冒		1486		1	通用规范汉字表_双源转录核对
映		1487		1	通用规范汉字表_双源转录核对
星		1488		1	通用规范汉字表_双源转录核对
昨		1489		1	通用规范汉字表_双源转录核对
咧		1490		1	通用规范汉字表_双源转录核对
昭		1491		1	通用规范汉字表_双源转录核对
畏		1492		1	通用规范汉字表_双源转录核对
趴		1493		1	通用规范汉字表_双源转录核对
胃		1494		1	通用规范汉字表_双源转录核对
贵		1495		1	通用规范汉字表_双源转录核对
界		1496		1	通用规范汉字表_双源转录核对
虹		1497		1	通用规范汉字表_双源转录核对
虾		1498		1	通用规范汉字表_双源转录核对
蚁		1499		1	通用规范汉字表_双源转录核对
思		1500		1	通用规范汉字表_双源转录核对
蚂		1501		1	通用规范汉字表_双源转录核对
虽		1502		1	通用规范汉字表_双源转录核对
品		1503		1	通用规范汉字表_双源转录核对
咽		1504		1	通用规范汉字表_双源转录核对
骂		1505		1	通用规范汉字表_双源转录核对
勋		1506		1	通用规范汉字表_双源转录核对
哗		1507		1	通用规范汉字表_双源转录核对
咱		1508		1	通用规范汉字表_双源转录核对
响		1509		1	通用规范汉字表_双源转录核对
哈		1510		1	通用规范汉字表_双源转录核对
哆		1511		1	通用规范汉字表_双源转录核对
咬		1512		1	通用规范汉字表_双源转录核对
咳		1513		1	通用规范汉字表_双源转录核对
咪		1514		1	通用规范汉字表_双源转录核对
哪		1515		1	通用规范汉字表_双源转录核对
哟		1516		1	通用规范汉字表_双源转录核对
炭		1517		1	通用规范汉字表_双源转录核对
峡		1518		1	通用规范汉字表_双源转录核对
罚		1519		1	通用规范汉字表_双源转录核对
贱		1520		1	通用规范汉字表_双源转录核对
贴		1521		1	通用规范汉字表_双源转录核对
贻		1522		1	通用规范汉字表_双源转录核对
骨		1523		1	通用规范汉字表_双源转录核对
幽		1524		1	通用规范汉字表_双源转录核对
钙		1525		1	通用规范汉字表_双源转录核对
钝		1526		1	通用规范汉字表_双源转录核对
钞		1527		1	通用规范汉字表_双源转录核对
钟		1528		1	通用规范汉字表_双源转录核对
钢		1529		1	通用规范汉字表_双源转录核对
钠		1530		1	通用规范汉字表_双源转录核对
钥		1531		1	通用规范汉字表_双源转录核对
钦		1532		1	通用规范汉字表_双源转录核对
钧		1533		1	通用规范汉字表_双源转录核对
钩		1534		1	通用规范汉字表_双源转录核对
钮		1535		1	通用规范汉字表_双源转录核对
卸		1536		1	通用规范汉字表_双源转录核对
缸		1537		1	通用规范汉字表_双源转录核对
拜		1538		1	通用规范汉字表_双源转录核对
看		1539		1	通用规范汉字表_双源转录核对
矩		1540		1	通用规范汉字表_双源转录核对
毡		1541		1	通用规范汉字表_双源转录核对
氢		1542		1	通用规范汉字表_双源转录核对
怎		1543		1	通用规范汉字表_双源转录核对
牲		1544		1	通用规范汉字表_双源转录核对
选		1545		1	通用规范汉字表_双源转录核对
适		1546		1	通用规范汉字表_双源转录核对
秒		1547		1	通用规范汉字表_双源转录核对
香		1548		1	通用规范汉字表_双源转录核对
种		1549		1	通用规范汉字表_双源转录核对
秋		1550		1	通用规范汉字表_双源转录核对
科		1551		1	通用规范汉字表_双源转录核对
重		1552		1	通用规范汉字表_双源转录核对
复		1553		1	通用规范汉字表_双源转录核对
竿		1554		1	通用规范汉字表_双源转录核对
段		1555		1	通用规范汉字表_双源转录核对
便		1556		1	通用规范汉字表_双源转录核对
俩		1557		1	通用规范汉字表_双源转录核对
贷		1558		1	通用规范汉字表_双源转录核对
顺		1559		1	通用规范汉字表_双源转录核对
修		1560		1	通用规范汉字表_双源转录核对
俏		1561		1	通用规范汉字表_双源转录核对
保		1562		1	通用规范汉字表_双源转录核对
促		1563		1	通用规范汉字表_双源转录核对
俄		1564		1	通用规范汉字表_双源转录核对
俐		1565		1	通用规范汉字表_双源转录核对
侮		1566		1	通用规范汉字表_双源转录核对
俭		1567		1	通用规范汉字表_双源转录核对
俗		1568		1	通用规范汉字表_双源转录核对
俘		1569		1	通用规范汉字表_双源转录核对
信		1570		1	通用规范汉字表_双源转录核对
皇		1571		1	通用规范汉字表_双源转录核对
泉		1572		1	通用规范汉字表_双源转录核对
鬼		1573		1	通用规范汉字表_双源转录核对
侵		1574		1	通用规范汉字表_双源转录核对
禹		1575		1	通用规范汉字表_双源转录核对
侯		1576		1	通用规范汉字表_双源转录核对
追		1577		1	通用规范汉字表_双源转录核对
俊		1578		1	通用规范汉字表_双源转录核对
盾		1579		1	通用规范汉字表_双源转录核对
待		1580		1	通用规范汉字表_双源转录核对
徊		1581		1	通用规范汉字表_双源转录核对
衍		1582		1	通用规范汉字表_双源转录核对
律		1583		1	通用规范汉字表_双源转录核对
很		1584		1	通用规范汉字表_双源转录核对
须		1585		1	通用规范汉字表_双源转录核对
叙		1586		1	通用规范汉字表_双源转录核对
剑		1587		1	通用规范汉字表_双源转录核对
逃		1588		1	通用规范汉字表_双源转录核对
食		1589		1	通用规范汉字表_双源转录核对
盆		1590		1	通用规范汉字表_双源转录核对
胚		1591		1	通用规范汉字表_双源转录核对
胧		1592		1	通用规范汉字表_双源转录核对
胆		1593		1	通用规范汉字表_双源转录核对
胜		1594		1	通用规范汉字表_双源转录核对
胞		1595		1	通用规范汉字表_双源转录核对
胖		1596		1	通用规范汉字表_双源转录核对
脉		1597		1	通用规范汉字表_双源转录核对
胎		1598		1	通用规范汉字表_双源转录核对
勉		1599		1	通用规范汉字表_双源转录核对
狭		1600		1	通用规范汉字表_双源转录核对
狮		1601		1	通用规范汉字表_双源转录核对
独		1602		1	通用规范汉字表_双源转录核对
狰		1603		1	通用规范汉字表_双源转录核对
狡		1604		1	通用规范汉字表_双源转录核对
狱		1605		1	通用规范汉字表_双源转录核对
狠		1606		1	通用规范汉字表_双源转录核对
贸		1607		1	通用规范汉字表_双源转录核对
怨		1608		1	通用规范汉字表_双源转录核对
急		1609		1	通用规范汉字表_双源转录核对
饵		1610		1	通用规范汉字表_双源转录核对
饶		1611		1	通用规范汉字表_双源转录核对
蚀		1612		1	通用规范汉字表_双源转录核对
饺		1613		1	通用规范汉字表_双源转录核对
饼		1614		1	通用规范汉字表_双源转录核对
峦		1615		1	通用规范汉字表_双源转录核对
弯		1616		1	通用规范汉字表_双源转录核对
将		1617		1	通用规范汉字表_双源转录核对
奖		1618		1	通用规范汉字表_双源转录核对
哀		1619		1	通用规范汉字表_双源转录核对
亭		1620		1	通用规范汉字表_双源转录核对
亮		1621		1	通用规范汉字表_双源转录核对
度		1622		1	通用规范汉字表_双源转录核对
迹		1623		1	通用规范汉字表_双源转录核对
庭		1624		1	通用规范汉字表_双源转录核对
疮		1625		1	通用规范汉字表_双源转录核对
疯		1626		1	通用规范汉字表_双源转录核对
疫		1627		1	通用规范汉字表_双源转录核对
疤		1628		1	通用规范汉字表_双源转录核对
咨		1629		1	通用规范汉字表_双源转录核对
姿		1630		1	通用规范汉字表_双源转录核对
亲		1631		1	通用规范汉字表_双源转录核对
音		1632		1	通用规范汉字表_双源转录核对
帝		1633		1	通用规范汉字表_双源转录核对
施		1634		1	通用规范汉字表_双源转录核对
闺		1635		1	通用规范汉字表_双源转录核对
闻		1636		1	通用规范汉字表_双源转录核对
闽		1637		1	通用规范汉字表_双源转录核对
阀		1638		1	通用规范汉字表_双源转录核对
阁		1639		1	通用规范汉字表_双源转录核对
差		1640		1	通用规范汉字表_双源转录核对
养		1641		1	通用规范汉字表_双源转录核对
美		1642		1	通用规范汉字表_双源转录核对
姜		1643		1	通用规范汉字表_双源转录核对
叛		1644		1	通用规范汉字表_双源转录核对
送		1645		1	通用规范汉字表_双源转录核对
类		1646		1	通用规范汉字表_双源转录核对
迷		1647		1	通用规范汉字表_双源转录核对
籽		1648		1	通用规范汉字表_双源转录核对
娄		1649		1	通用规范汉字表_双源转录核对
前		1650		1	通用规范汉字表_双源转录核对
首		1651		1	通用规范汉字表_双源转录核对
逆		1652		1	通用规范汉字表_双源转录核对
兹		1653		1	通用规范汉字表_双源转录核对
总		1654		1	通用规范汉字表_双源转录核对
炼		1655		1	通用规范汉字表_双源转录核对
炸		1656		1	通用规范汉字表_双源转录核对
烁		1657		1	通用规范汉字表_双源转录核对
炮		1658		1	通用规范汉字表_双源转录核对
炫		1659		1	通用规范汉字表_双源转录核对
烂		1660		1	通用规范汉字表_双源转录核对
剃		1661		1	通用规范汉字表_双源转录核对
洼		1662		1	通用规范汉字表_双源转录核对
洁		1663		1	通用规范汉字表_双源转录核对
洪		1664		1	通用规范汉字表_双源转录核对
洒		1665		1	通用规范汉字表_双源转录核对
柒		1666		1	通用规范汉字表_双源转录核对
浇		1667		1	通用规范汉字表_双源转录核对
浊		1668		1	通用规范汉字表_双源转录核对
洞		1669		1	通用规范汉字表_双源转录核对
测		1670		1	通用规范汉字表_双源转录核对
洗		1671		1	通用规范汉字表_双源转录核对
活		1672		1	通用规范汉字表_双源转录核对
派		1673		1	通用规范汉字表_双源转录核对
洽		1674		1	通用规范汉字表_双源转录核对
染		1675		1	通用规范汉字表_双源转录核对
洛		1676		1	通用规范汉字表_双源转录核对
浏		1677		1	通用规范汉字表_双源转录核对
济		1678		1	通用规范汉字表_双源转录核对
洋		1679		1	通用规范汉字表_双源转录核对
洲		1680		1	通用规范汉字表_双源转录核对
浑		1681		1	通用规范汉字表_双源转录核对
浓		1682		1	通用规范汉字表_双源转录核对
津		1683		1	通用规范汉字表_双源转录核对
恃		1684		1	通用规范汉字表_双源转录核对
恒		1685		1	通用规范汉字表_双源转录核对
恢		1686		1	通用规范汉字表_双源转录核对
恍		1687		1	通用规范汉字表_双源转录核对
恬		1688		1	通用规范汉字表_双源转录核对
恤		1689		1	通用规范汉字表_双源转录核对
恰		1690		1	通用规范汉字表_双源转录核对
恼		1691		1	通用规范汉字表_双源转录核对
恨		1692		1	通用规范汉字表_双源转录核对
举		1693		1	通用规范汉字表_双源转录核对
觉		1694		1	通用规范汉字表_双源转录核对
宣		1695		1	通用规范汉字表_双源转录核对
宦		1696		1	通用规范汉字表_双源转录核对
室		1697		1	通用规范汉字表_双源转录核对
宫		1698		1	通用规范汉字表_双源转录核对
宪		1699		1	通用规范汉字表_双源转录核对
突		1700		1	通用规范汉字表_双源转录核对
穿		1701		1	通用规范汉字表_双源转录核对
窃		1702		1	通用规范汉字表_双源转录核对
客		1703		1	通用规范汉字表_双源转录核对
诫		1704		1	通用规范汉字表_双源转录核对
冠		1705		1	通用规范汉字表_双源转录核对
诬		1706		1	通用规范汉字表_双源转录核对
语		1707		1	通用规范汉字表_双源转录核对
扁		1708		1	通用规范汉字表_双源转录核对
袄		1709		1	通用规范汉字表_双源转录核对
祖		1710		1	通用规范汉字表_双源转录核对
神		1711		1	通用规范汉字表_双源转录核对
祝		1712		1	通用规范汉字表_双源转录核对
祠		1713		1	通用规范汉字表_双源转录核对
误		1714		1	通用规范汉字表_双源转录核对
诱		1715		1	通用规范汉字表_双源转录核对
诲		1716		1	通用规范汉字表_双源转录核对
说		1717		1	通用规范汉字表_双源转录核对
诵		1718		1	通用规范汉字表_双源转录核对
垦		1719		1	通用规范汉字表_双源转录核对
退		1720		1	通用规范汉字表_双源转录核对
既		1721		1	通用规范汉字表_双源转录核对
屋		1722		1	通用规范汉字表_双源转录核对
昼		1723		1	通用规范汉字表_双源转录核对
屏		1724		1	通用规范汉字表_双源转录核对
屎		1725		1	通用规范汉字表_双源转录核对
费		1726		1	通用规范汉字表_双源转录核对
陡		1727		1	通用规范汉字表_双源转录核对
逊		1728		1	通用规范汉字表_双源转录核对
眉		1729		1	通用规范汉字表_双源转录核对
孩		1730		1	通用规范汉字表_双源转录核对
陨		1731		1	通用规范汉字表_双源转录核对
除		1732		1	通用规范汉字表_双源转录核对
险		1733		1	通用规范汉字表_双源转录核对
院		1734		1	通用规范汉字表_双源转录核对
娃		1735		1	通用规范汉字表_双源转录核对
姥		1736		1	通用规范汉字表_双源转录核对
姨		1737		1	通用规范汉字表_双源转录核对
姻		1738		1	通用规范汉字表_双源转录核对
娇		1739		1	通用规范汉字表_双源转录核对
姚		1740		1	通用规范汉字表_双源转录核对
娜		1741		1	通用规范汉字表_双源转录核对
怒		1742		1	通用规范汉字表_双源转录核对
架		1743		1	通用规范汉字表_双源转录核对
贺		1744		1	通用规范汉字表_双源转录核对
盈		1745		1	通用规范汉字表_双源转录核对
勇		1746		1	通用规范汉字表_双源转录核对
怠		1747		1	通用规范汉字表_双源转录核对
癸		1748		1	通用规范汉字表_双源转录核对
蚤		1749		1	通用规范汉字表_双源转录核对
柔		1750		1	通用规范汉字表_双源转录核对
垒		1751		1	通用规范汉字表_双源转录核对
绑		1752		1	通用规范汉字表_双源转录核对
绒		1753		1	通用规范汉字表_双源转录核对
结		1754		1	通用规范汉字表_双源转录核对
绕		1755		1	通用规范汉字表_双源转录核对
骄		1756		1	通用规范汉字表_双源转录核对
绘		1757		1	通用规范汉字表_双源转录核对
给		1758		1	通用规范汉字表_双源转录核对
绚		1759		1	通用规范汉字表_双源转录核对
骆		1760		1	通用规范汉字表_双源转录核对
络		1761		1	通用规范汉字表_双源转录核对
绝		1762		1	通用规范汉字表_双源转录核对
绞		1763		1	通用规范汉字表_双源转录核对
骇		1764		1	通用规范汉字表_双源转录核对
统		1765		1	通用规范汉字表_双源转录核对
耕		1766		1	通用规范汉字表_双源转录核对
耘		1767		1	通用规范汉字表_双源转录核对
耗		1768		1	通用规范汉字表_双源转录核对
耙		1769		1	通用规范汉字表_双源转录核对
艳		1770		1	通用规范汉字表_双源转录核对
泰		1771		1	通用规范汉字表_双源转录核对
秦		1772		1	通用规范汉字表_双源转录核对
珠		1773		1	通用规范汉字表_双源转录核对
班		1774		1	通用规范汉字表_双源转录核对
素		1775		1	通用规范汉字表_双源转录核对
匿		1776		1	通用规范汉字表_双源转录核对
蚕		1777		1	通用规范汉字表_双源转录核对
顽		1778		1	通用规范汉字表_双源转录核对
盏		1779		1	通用规范汉字表_双源转录核对
匪		1780		1	通用规范汉字表_双源转录核对
捞		1781		1	通用规范汉字表_双源转录核对
栽		1782		1	通用规范汉字表_双源转录核对
捕		1783		1	通用规范汉字表_双源转录核对
埂		1784		1	通用规范汉字表_双源转录核对
捂		1785		1	通用规范汉字表_双源转录核对
振		1786		1	通用规范汉字表_双源转录核对
载		1787		1	通用规范汉字表_双源转录核对
赶		1788		1	通用规范汉字表_双源转录核对
起		1789		1	通用规范汉字表_双源转录核对
盐		1790		1	通用规范汉字表_双源转录核对
捎		1791		1	通用规范汉字表_双源转录核对
捍		1792		1	通用规范汉字表_双源转录核对
捏		1793		1	通用规范汉字表_双源转录核对
埋		1794		1	通用规范汉字表_双源转录核对
捉		1795		1	通用规范汉字表_双源转录核对
捆		1796		1	通用规范汉字表_双源转录核对
捐		1797		1	通用规范汉字表_双源转录核对
损		1798		1	通用规范汉字表_双源转录核对
袁		1799		1	通用规范汉字表_双源转录核对
捌		1800		1	通用规范汉字表_双源转录核对
都		1801		1	通用规范汉字表_双源转录核对
哲		1802		1	通用规范汉字表_双源转录核对
逝		1803		1	通用规范汉字表_双源转录核对
捡		1804		1	通用规范汉字表_双源转录核对
挫		1805		1	通用规范汉字表_双源转录核对
换		1806		1	通用规范汉字表_双源转录核对
挽		1807		1	通用规范汉字表_双源转录核对
挚		1808		1	通用规范汉字表_双源转录核对
热		1809		1	通用规范汉字表_双源转录核对
恐		1810		1	通用规范汉字表_双源转录核对
捣		1811		1	通用规范汉字表_双源转录核对
壶		1812		1	通用规范汉字表_双源转录核对
捅		1813		1	通用规范汉字表_双源转录核对
埃		1814		1	通用规范汉字表_双源转录核对
挨		1815		1	通用规范汉字表_双源转录核对
耻		1816		1	通用规范汉字表_双源转录核对
耿		1817		1	通用规范汉字表_双源转录核对
耽		1818		1	通用规范汉字表_双源转录核对
聂		1819		1	通用规范汉字表_双源转录核对
恭		1820		1	通用规范汉字表_双源转录核对
莽		1821		1	通用规范汉字表_双源转录核对
莱		1822		1	通用规范汉字表_双源转录核对
莲		1823		1	通用规范汉字表_双源转录核对
莫		1824		1	通用规范汉字表_双源转录核对
莉		1825		1	通用规范汉字表_双源转录核对
荷		1826		1	通用规范汉字表_双源转录核对
获		1827		1	通用规范汉字表_双源转录核对
晋		1828		1	通用规范汉字表_双源转录核对
恶		1829		1	通用规范汉字表_双源转录核对
莹		1830		1	通用规范汉字表_双源转录核对
莺		1831		1	通用规范汉字表_双源转录核对
真		1832		1	通用规范汉字表_双源转录核对
框		1833		1	通用规范汉字表_双源转录核对
梆		1834		1	通用规范汉字表_双源转录核对
桂		1835		1	通用规范汉字表_双源转录核对
桔		1836		1	通用规范汉字表_双源转录核对
栖		1837		1	通用规范汉字表_双源转录核对
档		1838		1	通用规范汉字表_双源转录核对
桐		1839		1	通用规范汉字表_双源转录核对
株		1840		1	通用规范汉字表_双源转录核对
桥		1841		1	通用规范汉字表_双源转录核对
桦		1842		1	通用规范汉字表_双源转录核对
栓		1843		1	通用规范汉字表_双源转录核对
桃		1844		1	通用规范汉字表_双源转录核对
格		1845		1	通用规范汉字表_双源转录核对
桩		1846		1	通用规范汉字表_双源转录核对
校		1847		1	通用规范汉字表_双源转录核对
核		1848		1	通用规范汉字表_双源转录核对
样		1849		1	通用规范汉字表_双源转录核对
根		1850		1	通用规范汉字表_双源转录核对
索		1851		1	通用规范汉字表_双源转录核对
哥		1852		1	通用规范汉字表_双源转录核对
速		1853		1	通用规范汉字表_双源转录核对
逗		1854		1	通用规范汉字表_双源转录核对
栗		1855		1	通用规范汉字表_双源转录核对
贾		1856		1	通用规范汉字表_双源转录核对
酌		1857		1	通用规范汉字表_双源转录核对
配		1858		1	通用规范汉字表_双源转录核对
翅		1859		1	通用规范汉字表_双源转录核对
辱		1860		1	通用规范汉字表_双源转录核对
唇		1861		1	通用规范汉字表_双源转录核对
夏		1862		1	通用规范汉字表_双源转录核对
砸		1863		1	通用规范汉字表_双源转录核对
砰		1864		1	通用规范汉字表_双源转录核对
砾		1865		1	通用规范汉字表_双源转录核对
础		1866		1	通用规范汉字表_双源转录核对
破		1867		1	通用规范汉字表_双源转录核对
原		1868		1	通用规范汉字表_双源转录核对
套		1869		1	通用规范汉字表_双源转录核对
逐		1870		1	通用规范汉字表_双源转录核对
烈		1871		1	通用规范汉字表_双源转录核对
殊		1872		1	通用规范汉字表_双源转录核对
殉		1873		1	通用规范汉字表_双源转录核对
顾		1874		1	通用规范汉字表_双源转录核对
轿		1875		1	通用规范汉字表_双源转录核对
较		1876		1	通用规范汉字表_双源转录核对
顿		1877		1	通用规范汉字表_双源转录核对
毙		1878		1	通用规范汉字表_双源转录核对
致		1879		1	通用规范汉字表_双源转录核对
柴		1880		1	通用规范汉字表_双源转录核对
桌		1881		1	通用规范汉字表_双源转录核对
虑		1882		1	通用规范汉字表_双源转录核对
监		1883		1	通用规范汉字表_双源转录核对
紧		1884		1	通用规范汉字表_双源转录核对
党		1885		1	通用规范汉字表_双源转录核对
逞		1886		1	通用规范汉字表_双源转录核对
晒		1887		1	通用规范汉字表_双源转录核对
眠		1888		1	通用规范汉字表_双源转录核对
晓		1889		1	通用规范汉字表_双源转录核对
哮		1890		1	通用规范汉字表_双源转录核对
唠		1891		1	通用规范汉字表_双源转录核对
鸭		1892		1	通用规范汉字表_双源转录核对
晃		1893		1	通用规范汉字表_双源转录核对
哺		1894		1	通用规范汉字表_双源转录核对
晌		1895		1	通用规范汉字表_双源转录核对
剔		1896		1	通用规范汉字表_双源转录核对
晕		1897		1	通用规范汉字表_双源转录核对
蚌		1898		1	通用规范汉字表_双源转录核对
畔		1899		1	通用规范汉字表_双源转录核对
蚣		1900		1	通用规范汉字表_双源转录核对
蚊		1901		1	通用规范汉字表_双源转录核对
蚪		1902		1	通用规范汉字表_双源转录核对
蚓		1903		1	通用规范汉字表_双源转录核对
哨		1904		1	通用规范汉字表_双源转录核对
哩		1905		1	通用规范汉字表_双源转录核对
圃		1906		1	通用规范汉字表_双源转录核对
哭		1907		1	通用规范汉字表_双源转录核对
哦		1908		1	通用规范汉字表_双源转录核对
恩		1909		1	通用规范汉字表_双源转录核对
鸯		1910		1	通用规范汉字表_双源转录核对
唤		1911		1	通用规范汉字表_双源转录核对
唁		1912		1	通用规范汉字表_双源转录核对
哼		1913		1	通用规范汉字表_双源转录核对
唧		1914		1	通用规范汉字表_双源转录核对
啊		1915		1	通用规范汉字表_双源转录核对
唉		1916		1	通用规范汉字表_双源转录核对
唆		1917		1	通用规范汉字表_双源转录核对
罢		1918		1	通用规范汉字表_双源转录核对
峭		1919		1	通用规范汉字表_双源转录核对
峨		1920		1	通用规范汉字表_双源转录核对
峰		1921		1	通用规范汉字表_双源转录核对
圆		1922		1	通用规范汉字表_双源转录核对
峻		1923		1	通用规范汉字表_双源转录核对
贼		1924		1	通用规范汉字表_双源转录核对
贿		1925		1	通用规范汉字表_双源转录核对
赂		1926		1	通用规范汉字表_双源转录核对
赃		1927		1	通用规范汉字表_双源转录核对
钱		1928		1	通用规范汉字表_双源转录核对
钳		1929		1	通用规范汉字表_双源转录核对
钻		1930		1	通用规范汉字表_双源转录核对
钾		1931		1	通用规范汉字表_双源转录核对
铁		1932		1	通用规范汉字表_双源转录核对
铃		1933		1	通用规范汉字表_双源转录核对
铅		1934		1	通用规范汉字表_双源转录核对
缺		1935		1	通用规范汉字表_双源转录核对
氧		1936		1	通用规范汉字表_双源转录核对
氨		1937		1	通用规范汉字表_双源转录核对
特		1938		1	通用规范汉字表_双源转录核对
牺		1939		1	通用规范汉字表_双源转录核对
造		1940		1	通用规范汉字表_双源转录核对
乘		1941		1	通用规范汉字表_双源转录核对
敌		1942		1	通用规范汉字表_双源转录核对
秤		1943		1	通用规范汉字表_双源转录核对
租		1944		1	通用规范汉字表_双源转录核对
积		1945		1	通用规范汉字表_双源转录核对
秧		1946		1	通用规范汉字表_双源转录核对
秩		1947		1	通用规范汉字表_双源转录核对
称		1948		1	通用规范汉字表_双源转录核对
秘		1949		1	通用规范汉字表_双源转录核对
透		1950		1	通用规范汉字表_双源转录核对
笔		1951		1	通用规范汉字表_双源转录核对
笑		1952		1	通用规范汉字表_双源转录核对
笋		1953		1	通用规范汉字表_双源转录核对
债		1954		1	通用规范汉字表_双源转录核对
借		1955		1	通用规范汉字表_双源转录核对
值		1956		1	通用规范汉字表_双源转录核对
倚		1957		1	通用规范汉字表_双源转录核对
俺		1958		1	通用规范汉字表_双源转录核对
倾		1959		1	通用规范汉字表_双源转录核对
倒		1960		1	通用规范汉字表_双源转录核对
倘		1961		1	通用规范汉字表_双源转录核对
俱		1962		1	通用规范汉字表_双源转录核对
倡		1963		1	通用规范汉字表_双源转录核对
候		1964		1	通用规范汉字表_双源转录核对
赁		1965		1	通用规范汉字表_双源转录核对
俯		1966		1	通用规范汉字表_双源转录核对
倍		1967		1	通用规范汉字表_双源转录核对
倦		1968		1	通用规范汉字表_双源转录核对
健		1969		1	通用规范汉字表_双源转录核对
臭		1970		1	通用规范汉字表_双源转录核对
射		1971		1	通用规范汉字表_双源转录核对
躬		1972		1	通用规范汉字表_双源转录核对
息		1973		1	通用规范汉字表_双源转录核对
倔		1974		1	通用规范汉字表_双源转录核对
徒		1975		1	通用规范汉字表_双源转录核对
徐		1976		1	通用规范汉字表_双源转录核对
殷		1977		1	通用规范汉字表_双源转录核对
舰		1978		1	通用规范汉字表_双源转录核对
舱		1979		1	通用规范汉字表_双源转录核对
般		1980		1	通用规范汉字表_双源转录核对
航		1981		1	通用规范汉字表_双源转录核对
途		1982		1	通用规范汉字表_双源转录核对
拿		1983		1	通用规范汉字表_双源转录核对
耸		1984		1	通用规范汉字表_双源转录核对
爹		1985		1	通用规范汉字表_双源转录核对
舀		1986		1	通用规范汉字表_双源转录核对
爱		1987		1	通用规范汉字表_双源转录核对
豺		1988		1	通用规范汉字表_双源转录核对
豹		1989		1	通用规范汉字表_双源转录核对
颁		1990		1	通用规范汉字表_双源转录核对
颂		1991		1	通用规范汉字表_双源转录核对
翁		1992		1	通用规范汉字表_双源转录核对
胰		1993		1	通用规范汉字表_双源转录核对
脆		1994		1	通用规范汉字表_双源转录核对
脂		1995		1	通用规范汉字表_双源转录核对
胸		1996		1	通用规范汉字表_双源转录核对
胳		1997		1	通用规范汉字表_双源转录核对
脏		1998		1	通用规范汉字表_双源转录核对
脐		1999		1	通用规范汉字表_双源转录核对
胶		2000		1	通用规范汉字表_双源转录核对
脑		2001		1	通用规范汉字表_双源转录核对
脓		2002		1	通用规范汉字表_双源转录核对
逛		2003		1	通用规范汉字表_双源转录核对
狸		2004		1	通用规范汉字表_双源转录核对
狼		2005		1	通用规范汉字表_双源转录核对
卿		2006		1	通用规范汉字表_双源转录核对
逢		2007		1	通用规范汉字表_双源转录核对
鸵		2008		1	通用规范汉字表_双源转录核对
留		2009		1	通用规范汉字表_双源转录核对
鸳		2010		1	通用规范汉字表_双源转录核对
皱		2011		1	通用规范汉字表_双源转录核对
饿		2012		1	通用规范汉字表_双源转录核对
馁		2013		1	通用规范汉字表_双源转录核对
凌		2014		1	通用规范汉字表_双源转录核对
凄		2015		1	通用规范汉字表_双源转录核对
恋		2016		1	通用规范汉字表_双源转录核对
桨		2017		1	通用规范汉字表_双源转录核对
浆		2018		1	通用规范汉字表_双源转录核对
衰		2019		1	通用规范汉字表_双源转录核对
衷		2020		1	通用规范汉字表_双源转录核对
高		2021		1	通用规范汉字表_双源转录核对
郭		2022		1	通用规范汉字表_双源转录核对
席		2023		1	通用规范汉字表_双源转录核对
准		2024		1	通用规范汉字表_双源转录核对
座		2025		1	通用规范汉字表_双源转录核对
症		2026		1	通用规范汉字表_双源转录核对
病		2027		1	通用规范汉字表_双源转录核对
疾		2028		1	通用规范汉字表_双源转录核对
斋		2029		1	通用规范汉字表_双源转录核对
疹		2030		1	通用规范汉字表_双源转录核对
疼		2031		1	通用规范汉字表_双源转录核对
疲		2032		1	通用规范汉字表_双源转录核对
脊		2033		1	通用规范汉字表_双源转录核对
效		2034		1	通用规范汉字表_双源转录核对
离		2035		1	通用规范汉字表_双源转录核对
紊		2036		1	通用规范汉字表_双源转录核对
唐		2037		1	通用规范汉字表_双源转录核对
瓷		2038		1	通用规范汉字表_双源转录核对
资		2039		1	通用规范汉字表_双源转录核对
凉		2040		1	通用规范汉字表_双源转录核对
站		2041		1	通用规范汉字表_双源转录核对
剖		2042		1	通用规范汉字表_双源转录核对
竞		2043		1	通用规范汉字表_双源转录核对
部		2044		1	通用规范汉字表_双源转录核对
旁		2045		1	通用规范汉字表_双源转录核对
旅		2046		1	通用规范汉字表_双源转录核对
畜		2047		1	通用规范汉字表_双源转录核对
阅		2048		1	通用规范汉字表_双源转录核对
羞		2049		1	通用规范汉字表_双源转录核对
羔		2050		1	通用规范汉字表_双源转录核对
瓶		2051		1	通用规范汉字表_双源转录核对
拳		2052		1	通用规范汉字表_双源转录核对
粉		2053		1	通用规范汉字表_双源转录核对
料		2054		1	通用规范汉字表_双源转录核对
益		2055		1	通用规范汉字表_双源转录核对
兼		2056		1	通用规范汉字表_双源转录核对
烤		2057		1	通用规范汉字表_双源转录核对
烘		2058		1	通用规范汉字表_双源转录核对
烦		2059		1	通用规范汉字表_双源转录核对
烧		2060		1	通用规范汉字表_双源转录核对
烛		2061		1	通用规范汉字表_双源转录核对
烟		2062		1	通用规范汉字表_双源转录核对
烙		2063		1	通用规范汉字表_双源转录核对
递		2064		1	通用规范汉字表_双源转录核对
涛		2065		1	通用规范汉字表_双源转录核对
浙		2066		1	通用规范汉字表_双源转录核对
涝		2067		1	通用规范汉字表_双源转录核对
浦		2068		1	通用规范汉字表_双源转录核对
酒		2069		1	通用规范汉字表_双源转录核对
涉		2070		1	通用规范汉字表_双源转录核对
消		2071		1	通用规范汉字表_双源转录核对
涡		2072		1	通用规范汉字表_双源转录核对
浩		2073		1	通用规范汉字表_双源转录核对
海		2074		1	通用规范汉字表_双源转录核对
涂		2075		1	通用规范汉字表_双源转录核对
浴		2076		1	通用规范汉字表_双源转录核对
浮		2077		1	通用规范汉字表_双源转录核对
涣		2078		1	通用规范汉字表_双源转录核对
涤		2079		1	通用规范汉字表_双源转录核对
流		2080		1	通用规范汉字表_双源转录核对
润		2081		1	通用规范汉字表_双源转录核对
涧		2082		1	通用规范汉字表_双源转录核对
涕		2083		1	通用规范汉字表_双源转录核对
浪		2084		1	通用规范汉字表_双源转录核对
浸		2085		1	通用规范汉字表_双源转录核对
涨		2086		1	通用规范汉字表_双源转录核对
烫		2087		1	通用规范汉字表_双源转录核对
涩		2088		1	通用规范汉字表_双源转录核对
涌		2089		1	通用规范汉字表_双源转录核对
悖		2090		1	通用规范汉字表_双源转录核对
悟		2091		1	通用规范汉字表_双源转录核对
悄		2092		1	通用规范汉字表_双源转录核对
悍		2093		1	通用规范汉字表_双源转录核对
悔		2094		1	通用规范汉字表_双源转录核对
悯		2095		1	通用规范汉字表_双源转录核对
悦		2096		1	通用规范汉字表_双源转录核对
害		2097		1	通用规范汉字表_双源转录核对
宽		2098		1	通用规范汉字表_双源转录核对
家		2099		1	通用规范汉字表_双源转录核对
宵		2100		1	通用规范汉字表_双源转录核对
宴		2101		1	通用规范汉字表_双源转录核对
宾		2102		1	通用规范汉字表_双源转录核对
窍		2103		1	通用规范汉字表_双源转录核对
窄		2104		1	通用规范汉字表_双源转录核对
容		2105		1	通用规范汉字表_双源转录核对
宰		2106		1	通用规范汉字表_双源转录核对
案		2107		1	通用规范汉字表_双源转录核对
请		2108		1	通用规范汉字表_双源转录核对
朗		2109		1	通用规范汉字表_双源转录核对
诸		2110		1	通用规范汉字表_双源转录核对
诺		2111		1	通用规范汉字表_双源转录核对
读		2112		1	通用规范汉字表_双源转录核对
扇		2113		1	通用规范汉字表_双源转录核对
诽		2114		1	通用规范汉字表_双源转录核对
袜		2115		1	通用规范汉字表_双源转录核对
袖		2116		1	通用规范汉字表_双源转录核对
袍		2117		1	通用规范汉字表_双源转录核对
被		2118		1	通用规范汉字表_双源转录核对
祥		2119		1	通用规范汉字表_双源转录核对
课		2120		1	通用规范汉字表_双源转录核对
冥		2121		1	通用规范汉字表_双源转录核对
谁		2122		1	通用规范汉字表_双源转录核对
调		2123		1	通用规范汉字表_双源转录核对
冤		2124		1	通用规范汉字表_双源转录核对
谅		2125		1	通用规范汉字表_双源转录核对
谆		2126		1	通用规范汉字表_双源转录核对
谈		2127		1	通用规范汉字表_双源转录核对
谊		2128		1	通用规范汉字表_双源转录核对
剥		2129		1	通用规范汉字表_双源转录核对
恳		2130		1	通用规范汉字表_双源转录核对
展		2131		1	通用规范汉字表_双源转录核对
剧		2132		1	通用规范汉字表_双源转录核对
屑		2133		1	通用规范汉字表_双源转录核对
弱		2134		1	通用规范汉字表_双源转录核对
陵		2135		1	通用规范汉字表_双源转录核对
祟		2136		1	通用规范汉字表_双源转录核对
陶		2137		1	通用规范汉字表_双源转录核对
陷		2138		1	通用规范汉字表_双源转录核对
陪		2139		1	通用规范汉字表_双源转录核对
娱		2140		1	通用规范汉字表_双源转录核对
娟		2141		1	通用规范汉字表_双源转录核对
恕		2142		1	通用规范汉字表_双源转录核对
娥		2143		1	通用规范汉字表_双源转录核对
娘		2144		1	通用规范汉字表_双源转录核对
通		2145		1	通用规范汉字表_双源转录核对
能		2146		1	通用规范汉字表_双源转录核对
难		2147		1	通用规范汉字表_双源转录核对
预		2148		1	通用规范汉字表_双源转录核对
桑		2149		1	通用规范汉字表_双源转录核对
绢		2150		1	通用规范汉字表_双源转录核对
绣		2151		1	通用规范汉字表_双源转录核对
验		2152		1	通用规范汉字表_双源转录核对
继		2153		1	通用规范汉字表_双源转录核对
骏		2154		1	通用规范汉字表_双源转录核对
球		2155		1	通用规范汉字表_双源转录核对
琐		2156		1	通用规范汉字表_双源转录核对
理		2157		1	通用规范汉字表_双源转录核对
琉		2158		1	通用规范汉字表_双源转录核对
琅		2159		1	通用规范汉字表_双源转录核对
捧		2160		1	通用规范汉字表_双源转录核对
堵		2161		1	通用规范汉字表_双源转录核对
措		2162		1	通用规范汉字表_双源转录核对
描		2163		1	通用规范汉字表_双源转录核对
域		2164		1	通用规范汉字表_双源转录核对
捺		2165		1	通用规范汉字表_双源转录核对
掩		2166		1	通用规范汉字表_双源转录核对
捷		2167		1	通用规范汉字表_双源转录核对
排		2168		1	通用规范汉字表_双源转录核对
焉		2169		1	通用规范汉字表_双源转录核对
掉		2170		1	通用规范汉字表_双源转录核对
捶		2171		1	通用规范汉字表_双源转录核对
赦		2172		1	通用规范汉字表_双源转录核对
堆		2173		1	通用规范汉字表_双源转录核对
推		2174		1	通用规范汉字表_双源转录核对
埠		2175		1	通用规范汉字表_双源转录核对
掀		2176		1	通用规范汉字表_双源转录核对
授		2177		1	通用规范汉字表_双源转录核对
捻		2178		1	通用规范汉字表_双源转录核对
教		2179		1	通用规范汉字表_双源转录核对
掏		2180		1	通用规范汉字表_双源转录核对
掐		2181		1	通用规范汉字表_双源转录核对
掠		2182		1	通用规范汉字表_双源转录核对
掂		2183		1	通用规范汉字表_双源转录核对
培		2184		1	通用规范汉字表_双源转录核对
接		2185		1	通用规范汉字表_双源转录核对
掷		2186		1	通用规范汉字表_双源转录核对
控		2187		1	通用规范汉字表_双源转录核对
探		2188		1	通用规范汉字表_双源转录核对
据		2189		1	通用规范汉字表_双源转录核对
掘		2190		1	通用规范汉字表_双源转录核对
掺		2191		1	通用规范汉字表_双源转录核对
职		2192		1	通用规范汉字表_双源转录核对
基		2193		1	通用规范汉字表_双源转录核对
聆		2194		1	通用规范汉字表_双源转录核对
勘		2195		1	通用规范汉字表_双源转录核对
聊		2196		1	通用规范汉字表_双源转录核对
娶		2197		1	通用规范汉字表_双源转录核对
著		2198		1	通用规范汉字表_双源转录核对
菱		2199		1	通用规范汉字表_双源转录核对
勒		2200		1	通用规范汉字表_双源转录核对
黄		2201		1	通用规范汉字表_双源转录核对
菲		2202		1	通用规范汉字表_双源转录核对
萌		2203		1	通用规范汉字表_双源转录核对
萝		2204		1	通用规范汉字表_双源转录核对
菌		2205		1	通用规范汉字表_双源转录核对
萎		2206		1	通用规范汉字表_双源转录核对
菜		2207		1	通用规范汉字表_双源转录核对
萄		2208		1	通用规范汉字表_双源转录核对
菊		2209		1	通用规范汉字表_双源转录核对
菩		2210		1	通用规范汉字表_双源转录核对
萍		2211		1	通用规范汉字表_双源转录核对
菠		2212		1	通用规范汉字表_双源转录核对
萤		2213		1	通用规范汉字表_双源转录核对
营		2214		1	通用规范汉字表_双源转录核对
乾		2215		1	通用规范汉字表_双源转录核对
萧		2216		1	通用规范汉字表_双源转录核对
萨		2217		1	通用规范汉字表_双源转录核对
菇		2218		1	通用规范汉字表_双源转录核对
械		2219		1	通用规范汉字表_双源转录核对
彬		2220		1	通用规范汉字表_双源转录核对
梦		2221		1	通用规范汉字表_双源转录核对
婪		2222		1	通用规范汉字表_双源转录核对
梗		2223		1	通用规范汉字表_双源转录核对
梧		2224		1	通用规范汉字表_双源转录核对
梢		2225		1	通用规范汉字表_双源转录核对
梅		2226		1	通用规范汉字表_双源转录核对
检		2227		1	通用规范汉字表_双源转录核对
梳		2228		1	通用规范汉字表_双源转录核对
梯		2229		1	通用规范汉字表_双源转录核对
桶		2230		1	通用规范汉字表_双源转录核对
梭		2231		1	通用规范汉字表_双源转录核对
救		2232		1	通用规范汉字表_双源转录核对
曹		2233		1	通用规范汉字表_双源转录核对
副		2234		1	通用规范汉字表_双源转录核对
票		2235		1	通用规范汉字表_双源转录核对
酝		2236		1	通用规范汉字表_双源转录核对
酗		2237		1	通用规范汉字表_双源转录核对
厢		2238		1	通用规范汉字表_双源转录核对
戚		2239		1	通用规范汉字表_双源转录核对
硅		2240		1	通用规范汉字表_双源转录核对
硕		2241		1	通用规范汉字表_双源转录核对
奢		2242		1	通用规范汉字表_双源转录核对
盔		2243		1	通用规范汉字表_双源转录核对
爽		2244		1	通用规范汉字表_双源转录核对
聋		2245		1	通用规范汉字表_双源转录核对
袭		2246		1	通用规范汉字表_双源转录核对
盛		2247		1	通用规范汉字表_双源转录核对
匾		2248		1	通用规范汉字表_双源转录核对
雪		2249		1	通用规范汉字表_双源转录核对
辅		2250		1	通用规范汉字表_双源转录核对
辆		2251		1	通用规范汉字表_双源转录核对
颅		2252		1	通用规范汉字表_双源转录核对
虚		2253		1	通用规范汉字表_双源转录核对
彪		2254		1	通用规范汉字表_双源转录核对
雀		2255		1	通用规范汉字表_双源转录核对
堂		2256		1	通用规范汉字表_双源转录核对
常		2257		1	通用规范汉字表_双源转录核对
眶		2258		1	通用规范汉字表_双源转录核对
匙		2259		1	通用规范汉字表_双源转录核对
晨		2260		1	通用规范汉字表_双源转录核对
睁		2261		1	通用规范汉字表_双源转录核对
眯		2262		1	通用规范汉字表_双源转录核对
眼		2263		1	通用规范汉字表_双源转录核对
悬		2264		1	通用规范汉字表_双源转录核对
野		2265		1	通用规范汉字表_双源转录核对
啪		2266		1	通用规范汉字表_双源转录核对
啦		2267		1	通用规范汉字表_双源转录核对
曼		2268		1	通用规范汉字表_双源转录核对
晦		2269		1	通用规范汉字表_双源转录核对
晚		2270		1	通用规范汉字表_双源转录核对
啄		2271		1	通用规范汉字表_双源转录核对
啡		2272		1	通用规范汉字表_双源转录核对
距		2273		1	通用规范汉字表_双源转录核对
趾		2274		1	通用规范汉字表_双源转录核对
啃		2275		1	通用规范汉字表_双源转录核对
跃		2276		1	通用规范汉字表_双源转录核对
略		2277		1	通用规范汉字表_双源转录核对
蚯		2278		1	通用规范汉字表_双源转录核对
蛀		2279		1	通用规范汉字表_双源转录核对
蛇		2280		1	通用规范汉字表_双源转录核对
唬		2281		1	通用规范汉字表_双源转录核对
累		2282		1	通用规范汉字表_双源转录核对
鄂		2283		1	通用规范汉字表_双源转录核对
唱		2284		1	通用规范汉字表_双源转录核对
患		2285		1	通用规范汉字表_双源转录核对
啰		2286		1	通用规范汉字表_双源转录核对
唾		2287		1	通用规范汉字表_双源转录核对
唯		2288		1	通用规范汉字表_双源转录核对
啤		2289		1	通用规范汉字表_双源转录核对
啥		2290		1	通用规范汉字表_双源转录核对
啸		2291		1	通用规范汉字表_双源转录核对
崖		2292		1	通用规范汉字表_双源转录核对
崎		2293		1	通用规范汉字表_双源转录核对
崭		2294		1	通用规范汉字表_双源转录核对
逻		2295		1	通用规范汉字表_双源转录核对
崔		2296		1	通用规范汉字表_双源转录核对
帷		2297		1	通用规范汉字表_双源转录核对
崩		2298		1	通用规范汉字表_双源转录核对
崇		2299		1	通用规范汉字表_双源转录核对
崛		2300		1	通用规范汉字表_双源转录核对
婴		2301		1	通用规范汉字表_双源转录核对
圈		2302		1	通用规范汉字表_双源转录核对
铐		2303		1	通用规范汉字表_双源转录核对
铛		2304		1	通用规范汉字表_双源转录核对
铝		2305		1	通用规范汉字表_双源转录核对
铜		2306		1	通用规范汉字表_双源转录核对
铭		2307		1	通用规范汉字表_双源转录核对
铲		2308		1	通用规范汉字表_双源转录核对
银		2309		1	通用规范汉字表_双源转录核对
矫		2310		1	通用规范汉字表_双源转录核对
甜		2311		1	通用规范汉字表_双源转录核对
秸		2312		1	通用规范汉字表_双源转录核对
梨		2313		1	通用规范汉字表_双源转录核对
犁		2314		1	通用规范汉字表_双源转录核对
秽		2315		1	通用规范汉字表_双源转录核对
移		2316		1	通用规范汉字表_双源转录核对
笨		2317		1	通用规范汉字表_双源转录核对
笼		2318		1	通用规范汉字表_双源转录核对
笛		2319		1	通用规范汉字表_双源转录核对
笙		2320		1	通用规范汉字表_双源转录核对
符		2321		1	通用规范汉字表_双源转录核对
第		2322		1	通用规范汉字表_双源转录核对
敏		2323		1	通用规范汉字表_双源转录核对
做		2324		1	通用规范汉字表_双源转录核对
袋		2325		1	通用规范汉字表_双源转录核对
悠		2326		1	通用规范汉字表_双源转录核对
偿		2327		1	通用规范汉字表_双源转录核对
偶		2328		1	通用规范汉字表_双源转录核对
偎		2329		1	通用规范汉字表_双源转录核对
偷		2330		1	通用规范汉字表_双源转录核对
您		2331		1	通用规范汉字表_双源转录核对
售		2332		1	通用规范汉字表_双源转录核对
停		2333		1	通用规范汉字表_双源转录核对
偏		2334		1	通用规范汉字表_双源转录核对
躯		2335		1	通用规范汉字表_双源转录核对
兜		2336		1	通用规范汉字表_双源转录核对
假		2337		1	通用规范汉字表_双源转录核对
衅		2338		1	通用规范汉字表_双源转录核对
徘		2339		1	通用规范汉字表_双源转录核对
徙		2340		1	通用规范汉字表_双源转录核对
得		2341		1	通用规范汉字表_双源转录核对
衔		2342		1	通用规范汉字表_双源转录核对
盘		2343		1	通用规范汉字表_双源转录核对
舶		2344		1	通用规范汉字表_双源转录核对
船		2345		1	通用规范汉字表_双源转录核对
舵		2346		1	通用规范汉字表_双源转录核对
斜		2347		1	通用规范汉字表_双源转录核对
盒		2348		1	通用规范汉字表_双源转录核对
鸽		2349		1	通用规范汉字表_双源转录核对
敛		2350		1	通用规范汉字表_双源转录核对
悉		2351		1	通用规范汉字表_双源转录核对
欲		2352		1	通用规范汉字表_双源转录核对
彩		2353		1	通用规范汉字表_双源转录核对
领		2354		1	通用规范汉字表_双源转录核对
脚		2355		1	通用规范汉字表_双源转录核对
脖		2356		1	通用规范汉字表_双源转录核对
脯		2357		1	通用规范汉字表_双源转录核对
豚		2358		1	通用规范汉字表_双源转录核对
脸		2359		1	通用规范汉字表_双源转录核对
脱		2360		1	通用规范汉字表_双源转录核对
象		2361		1	通用规范汉字表_双源转录核对
够		2362		1	通用规范汉字表_双源转录核对
逸		2363		1	通用规范汉字表_双源转录核对
猜		2364		1	通用规范汉字表_双源转录核对
猪		2365		1	通用规范汉字表_双源转录核对
猎		2366		1	通用规范汉字表_双源转录核对
猫		2367		1	通用规范汉字表_双源转录核对
凰		2368		1	通用规范汉字表_双源转录核对
猖		2369		1	通用规范汉字表_双源转录核对
猛		2370		1	通用规范汉字表_双源转录核对
祭		2371		1	通用规范汉字表_双源转录核对
馅		2372		1	通用规范汉字表_双源转录核对
馆		2373		1	通用规范汉字表_双源转录核对
凑		2374		1	通用规范汉字表_双源转录核对
减		2375		1	通用规范汉字表_双源转录核对
毫		2376		1	通用规范汉字表_双源转录核对
烹		2377		1	通用规范汉字表_双源转录核对
庶		2378		1	通用规范汉字表_双源转录核对
麻		2379		1	通用规范汉字表_双源转录核对
庵		2380		1	通用规范汉字表_双源转录核对
痊		2381		1	通用规范汉字表_双源转录核对
痒		2382		1	通用规范汉字表_双源转录核对
痕		2383		1	通用规范汉字表_双源转录核对
廊		2384		1	通用规范汉字表_双源转录核对
康		2385		1	通用规范汉字表_双源转录核对
庸		2386		1	通用规范汉字表_双源转录核对
鹿		2387		1	通用规范汉字表_双源转录核对
盗		2388		1	通用规范汉字表_双源转录核对
章		2389		1	通用规范汉字表_双源转录核对
竟		2390		1	通用规范汉字表_双源转录核对
商		2391		1	通用规范汉字表_双源转录核对
族		2392		1	通用规范汉字表_双源转录核对
旋		2393		1	通用规范汉字表_双源转录核对
望		2394		1	通用规范汉字表_双源转录核对
率		2395		1	通用规范汉字表_双源转录核对
阎		2396		1	通用规范汉字表_双源转录核对
阐		2397		1	通用规范汉字表_双源转录核对
着		2398		1	通用规范汉字表_双源转录核对
羚		2399		1	通用规范汉字表_双源转录核对
盖		2400		1	通用规范汉字表_双源转录核对
眷		2401		1	通用规范汉字表_双源转录核对
粘		2402		1	通用规范汉字表_双源转录核对
粗		2403		1	通用规范汉字表_双源转录核对
粒		2404		1	通用规范汉字表_双源转录核对
断		2405		1	通用规范汉字表_双源转录核对
剪		2406		1	通用规范汉字表_双源转录核对
兽		2407		1	通用规范汉字表_双源转录核对
焊		2408		1	通用规范汉字表_双源转录核对
焕		2409		1	通用规范汉字表_双源转录核对
清		2410		1	通用规范汉字表_双源转录核对
添		2411		1	通用规范汉字表_双源转录核对
鸿		2412		1	通用规范汉字表_双源转录核对
淋		2413		1	通用规范汉字表_双源转录核对
涯		2414		1	通用规范汉字表_双源转录核对
淹		2415		1	通用规范汉字表_双源转录核对
渠		2416		1	通用规范汉字表_双源转录核对
渐		2417		1	通用规范汉字表_双源转录核对
淑		2418		1	通用规范汉字表_双源转录核对
淌		2419		1	通用规范汉字表_双源转录核对
混		2420		1	通用规范汉字表_双源转录核对
淮		2421		1	通用规范汉字表_双源转录核对
淆		2422		1	通用规范汉字表_双源转录核对
渊		2423		1	通用规范汉字表_双源转录核对
淫		2424		1	通用规范汉字表_双源转录核对
渔		2425		1	通用规范汉字表_双源转录核对
淘		2426		1	通用规范汉字表_双源转录核对
淳		2427		1	通用规范汉字表_双源转录核对
液		2428		1	通用规范汉字表_双源转录核对
淤		2429		1	通用规范汉字表_双源转录核对
淡		2430		1	通用规范汉字表_双源转录核对
淀		2431		1	通用规范汉字表_双源转录核对
深		2432		1	通用规范汉字表_双源转录核对
涮		2433		1	通用规范汉字表_双源转录核对
涵		2434		1	通用规范汉字表_双源转录核对
婆		2435		1	通用规范汉字表_双源转录核对
梁		2436		1	通用规范汉字表_双源转录核对
渗		2437		1	通用规范汉字表_双源转录核对
情		2438		1	通用规范汉字表_双源转录核对
惜		2439		1	通用规范汉字表_双源转录核对
惭		2440		1	通用规范汉字表_双源转录核对
悼		2441		1	通用规范汉字表_双源转录核对
惧		2442		1	通用规范汉字表_双源转录核对
惕		2443		1	通用规范汉字表_双源转录核对
惟		2444		1	通用规范汉字表_双源转录核对
惊		2445		1	通用规范汉字表_双源转录核对
惦		2446		1	通用规范汉字表_双源转录核对
悴		2447		1	通用规范汉字表_双源转录核对
惋		2448		1	通用规范汉字表_双源转录核对
惨		2449		1	通用规范汉字表_双源转录核对
惯		2450		1	通用规范汉字表_双源转录核对
寇		2451		1	通用规范汉字表_双源转录核对
寅		2452		1	通用规范汉字表_双源转录核对
寄		2453		1	通用规范汉字表_双源转录核对
寂		2454		1	通用规范汉字表_双源转录核对
宿		2455		1	通用规范汉字表_双源转录核对
窒		2456		1	通用规范汉字表_双源转录核对
窑		2457		1	通用规范汉字表_双源转录核对
密		2458		1	通用规范汉字表_双源转录核对
谋		2459		1	通用规范汉字表_双源转录核对
谍		2460		1	通用规范汉字表_双源转录核对
谎		2461		1	通用规范汉字表_双源转录核对
谐		2462		1	通用规范汉字表_双源转录核对
袱		2463		1	通用规范汉字表_双源转录核对
祷		2464		1	通用规范汉字表_双源转录核对
祸		2465		1	通用规范汉字表_双源转录核对
谓		2466		1	通用规范汉字表_双源转录核对
谚		2467		1	通用规范汉字表_双源转录核对
谜		2468		1	通用规范汉字表_双源转录核对
逮		2469		1	通用规范汉字表_双源转录核对
敢		2470		1	通用规范汉字表_双源转录核对
尉		2471		1	通用规范汉字表_双源转录核对
屠		2472		1	通用规范汉字表_双源转录核对
弹		2473		1	通用规范汉字表_双源转录核对
隋		2474		1	通用规范汉字表_双源转录核对
堕		2475		1	通用规范汉字表_双源转录核对
随		2476		1	通用规范汉字表_双源转录核对
蛋		2477		1	通用规范汉字表_双源转录核对
隅		2478		1	通用规范汉字表_双源转录核对
隆		2479		1	通用规范汉字表_双源转录核对
隐		2480		1	通用规范汉字表_双源转录核对
婚		2481		1	通用规范汉字表_双源转录核对
婶		2482		1	通用规范汉字表_双源转录核对
婉		2483		1	通用规范汉字表_双源转录核对
颇		2484		1	通用规范汉字表_双源转录核对
颈		2485		1	通用规范汉字表_双源转录核对
绩		2486		1	通用规范汉字表_双源转录核对
绪		2487		1	通用规范汉字表_双源转录核对
续		2488		1	通用规范汉字表_双源转录核对
骑		2489		1	通用规范汉字表_双源转录核对
绰		2490		1	通用规范汉字表_双源转录核对
绳		2491		1	通用规范汉字表_双源转录核对
维		2492		1	通用规范汉字表_双源转录核对
绵		2493		1	通用规范汉字表_双源转录核对
绷		2494		1	通用规范汉字表_双源转录核对
绸		2495		1	通用规范汉字表_双源转录核对
综		2496		1	通用规范汉字表_双源转录核对
绽		2497		1	通用规范汉字表_双源转录核对
绿		2498		1	通用规范汉字表_双源转录核对
缀		2499		1	通用规范汉字表_双源转录核对
巢		2500		1	通用规范汉字表_双源转录核对
琴		2501		1	通用规范汉字表_双源转录核对
琳		2502		1	通用规范汉字表_双源转录核对
琢		2503		1	通用规范汉字表_双源转录核对
琼		2504		1	通用规范汉字表_双源转录核对
斑		2505		1	通用规范汉字表_双源转录核对
替		2506		1	通用规范汉字表_双源转录核对
揍		2507		1	通用规范汉字表_双源转录核对
款		2508		1	通用规范汉字表_双源转录核对
堪		2509		1	通用规范汉字表_双源转录核对
塔		2510		1	通用规范汉字表_双源转录核对
搭		2511		1	通用规范汉字表_双源转录核对
堰		2512		1	通用规范汉字表_双源转录核对
揩		2513		1	通用规范汉字表_双源转录核对
越		2514		1	通用规范汉字表_双源转录核对
趁		2515		1	通用规范汉字表_双源转录核对
趋		2516		1	通用规范汉字表_双源转录核对
超		2517		1	通用规范汉字表_双源转录核对
揽		2518		1	通用规范汉字表_双源转录核对
堤		2519		1	通用规范汉字表_双源转录核对
提		2520		1	通用规范汉字表_双源转录核对
博		2521		1	通用规范汉字表_双源转录核对
揭		2522		1	通用规范汉字表_双源转录核对
喜		2523		1	通用规范汉字表_双源转录核对
彭		2524		1	通用规范汉字表_双源转录核对
揣		2525		1	通用规范汉字表_双源转录核对
插		2526		1	通用规范汉字表_双源转录核对
揪		2527		1	通用规范汉字表_双源转录核对
搜		2528		1	通用规范汉字表_双源转录核对
煮		2529		1	通用规范汉字表_双源转录核对
援		2530		1	通用规范汉字表_双源转录核对
搀		2531		1	通用规范汉字表_双源转录核对
裁		2532		1	通用规范汉字表_双源转录核对
搁		2533		1	通用规范汉字表_双源转录核对
搓		2534		1	通用规范汉字表_双源转录核对
搂		2535		1	通用规范汉字表_双源转录核对
搅		2536		1	通用规范汉字表_双源转录核对
壹		2537		1	通用规范汉字表_双源转录核对
握		2538		1	通用规范汉字表_双源转录核对
搔		2539		1	通用规范汉字表_双源转录核对
揉		2540		1	通用规范汉字表_双源转录核对
斯		2541		1	通用规范汉字表_双源转录核对
期		2542		1	通用规范汉字表_双源转录核对
欺		2543		1	通用规范汉字表_双源转录核对
联		2544		1	通用规范汉字表_双源转录核对
葫		2545		1	通用规范汉字表_双源转录核对
散		2546		1	通用规范汉字表_双源转录核对
惹		2547		1	通用规范汉字表_双源转录核对
葬		2548		1	通用规范汉字表_双源转录核对
募		2549		1	通用规范汉字表_双源转录核对
葛		2550		1	通用规范汉字表_双源转录核对
董		2551		1	通用规范汉字表_双源转录核对
葡		2552		1	通用规范汉字表_双源转录核对
敬		2553		1	通用规范汉字表_双源转录核对
葱		2554		1	通用规范汉字表_双源转录核对
蒋		2555		1	通用规范汉字表_双源转录核对
蒂		2556		1	通用规范汉字表_双源转录核对
落		2557		1	通用规范汉字表_双源转录核对
韩		2558		1	通用规范汉字表_双源转录核对
朝		2559		1	通用规范汉字表_双源转录核对
辜		2560		1	通用规范汉字表_双源转录核对
葵		2561		1	通用规范汉字表_双源转录核对
棒		2562		1	通用规范汉字表_双源转录核对
棱		2563		1	通用规范汉字表_双源转录核对
棋		2564		1	通用规范汉字表_双源转录核对
椰		2565		1	通用规范汉字表_双源转录核对
植		2566		1	通用规范汉字表_双源转录核对
森		2567		1	通用规范汉字表_双源转录核对
焚		2568		1	通用规范汉字表_双源转录核对
椅		2569		1	通用规范汉字表_双源转录核对
椒		2570		1	通用规范汉字表_双源转录核对
棵		2571		1	通用规范汉字表_双源转录核对
棍		2572		1	通用规范汉字表_双源转录核对
椎		2573		1	通用规范汉字表_双源转录核对
棉		2574		1	通用规范汉字表_双源转录核对
棚		2575		1	通用规范汉字表_双源转录核对
棕		2576		1	通用规范汉字表_双源转录核对
棺		2577		1	通用规范汉字表_双源转录核对
榔		2578		1	通用规范汉字表_双源转录核对
椭		2579		1	通用规范汉字表_双源转录核对
惠		2580		1	通用规范汉字表_双源转录核对
惑		2581		1	通用规范汉字表_双源转录核对
逼		2582		1	通用规范汉字表_双源转录核对
粟		2583		1	通用规范汉字表_双源转录核对
棘		2584		1	通用规范汉字表_双源转录核对
酣		2585		1	通用规范汉字表_双源转录核对
酥		2586		1	通用规范汉字表_双源转录核对
厨		2587		1	通用规范汉字表_双源转录核对
厦		2588		1	通用规范汉字表_双源转录核对
硬		2589		1	通用规范汉字表_双源转录核对
硝		2590		1	通用规范汉字表_双源转录核对
确		2591		1	通用规范汉字表_双源转录核对
硫		2592		1	通用规范汉字表_双源转录核对
雁		2593		1	通用规范汉字表_双源转录核对
殖		2594		1	通用规范汉字表_双源转录核对
裂		2595		1	通用规范汉字表_双源转录核对
雄		2596		1	通用规范汉字表_双源转录核对
颊		2597		1	通用规范汉字表_双源转录核对
雳		2598		1	通用规范汉字表_双源转录核对
暂		2599		1	通用规范汉字表_双源转录核对
雅		2600		1	通用规范汉字表_双源转录核对
翘		2601		1	通用规范汉字表_双源转录核对
辈		2602		1	通用规范汉字表_双源转录核对
悲		2603		1	通用规范汉字表_双源转录核对
紫		2604		1	通用规范汉字表_双源转录核对
凿		2605		1	通用规范汉字表_双源转录核对
辉		2606		1	通用规范汉字表_双源转录核对
敞		2607		1	通用规范汉字表_双源转录核对
棠		2608		1	通用规范汉字表_双源转录核对
赏		2609		1	通用规范汉字表_双源转录核对
掌		2610		1	通用规范汉字表_双源转录核对
晴		2611		1	通用规范汉字表_双源转录核对
睐		2612		1	通用规范汉字表_双源转录核对
暑		2613		1	通用规范汉字表_双源转录核对
最		2614		1	通用规范汉字表_双源转录核对
晰		2615		1	通用规范汉字表_双源转录核对
量		2616		1	通用规范汉字表_双源转录核对
鼎		2617		1	通用规范汉字表_双源转录核对
喷		2618		1	通用规范汉字表_双源转录核对
喳		2619		1	通用规范汉字表_双源转录核对
晶		2620		1	通用规范汉字表_双源转录核对
喇		2621		1	通用规范汉字表_双源转录核对
遇		2622		1	通用规范汉字表_双源转录核对
喊		2623		1	通用规范汉字表_双源转录核对
遏		2624		1	通用规范汉字表_双源转录核对
晾		2625		1	通用规范汉字表_双源转录核对
景		2626		1	通用规范汉字表_双源转录核对
畴		2627		1	通用规范汉字表_双源转录核对
践		2628		1	通用规范汉字表_双源转录核对
跋		2629		1	通用规范汉字表_双源转录核对
跌		2630		1	通用规范汉字表_双源转录核对
跑		2631		1	通用规范汉字表_双源转录核对
跛		2632		1	通用规范汉字表_双源转录核对
遗		2633		1	通用规范汉字表_双源转录核对
蛙		2634		1	通用规范汉字表_双源转录核对
蛛		2635		1	通用规范汉字表_双源转录核对
蜓		2636		1	通用规范汉字表_双源转录核对
蜒		2637		1	通用规范汉字表_双源转录核对
蛤		2638		1	通用规范汉字表_双源转录核对
喝		2639		1	通用规范汉字表_双源转录核对
鹃		2640		1	通用规范汉字表_双源转录核对
喂		2641		1	通用规范汉字表_双源转录核对
喘		2642		1	通用规范汉字表_双源转录核对
喉		2643		1	通用规范汉字表_双源转录核对
喻		2644		1	通用规范汉字表_双源转录核对
啼		2645		1	通用规范汉字表_双源转录核对
喧		2646		1	通用规范汉字表_双源转录核对
嵌		2647		1	通用规范汉字表_双源转录核对
幅		2648		1	通用规范汉字表_双源转录核对
帽		2649		1	通用规范汉字表_双源转录核对
赋		2650		1	通用规范汉字表_双源转录核对
赌		2651		1	通用规范汉字表_双源转录核对
赎		2652		1	通用规范汉字表_双源转录核对
赐		2653		1	通用规范汉字表_双源转录核对
赔		2654		1	通用规范汉字表_双源转录核对
黑		2655		1	通用规范汉字表_双源转录核对
铸		2656		1	通用规范汉字表_双源转录核对
铺		2657		1	通用规范汉字表_双源转录核对
链		2658		1	通用规范汉字表_双源转录核对
销		2659		1	通用规范汉字表_双源转录核对
锁		2660		1	通用规范汉字表_双源转录核对
锄		2661		1	通用规范汉字表_双源转录核对
锅		2662		1	通用规范汉字表_双源转录核对
锈		2663		1	通用规范汉字表_双源转录核对
锋		2664		1	通用规范汉字表_双源转录核对
锌		2665		1	通用规范汉字表_双源转录核对
锐		2666		1	通用规范汉字表_双源转录核对
甥		2667		1	通用规范汉字表_双源转录核对
掰		2668		1	通用规范汉字表_双源转录核对
短		2669		1	通用规范汉字表_双源转录核对
智		2670		1	通用规范汉字表_双源转录核对
氮		2671		1	通用规范汉字表_双源转录核对
毯		2672		1	通用规范汉字表_双源转录核对
氯		2673		1	通用规范汉字表_双源转录核对
鹅		2674		1	通用规范汉字表_双源转录核对
剩		2675		1	通用规范汉字表_双源转录核对
稍		2676		1	通用规范汉字表_双源转录核对
程		2677		1	通用规范汉字表_双源转录核对
稀		2678		1	通用规范汉字表_双源转录核对
税		2679		1	通用规范汉字表_双源转录核对
筐		2680		1	通用规范汉字表_双源转录核对
等		2681		1	通用规范汉字表_双源转录核对
筑		2682		1	通用规范汉字表_双源转录核对
策		2683		1	通用规范汉字表_双源转录核对
筛		2684		1	通用规范汉字表_双源转录核对
筒		2685		1	通用规范汉字表_双源转录核对
筏		2686		1	通用规范汉字表_双源转录核对
答		2687		1	通用规范汉字表_双源转录核对
筋		2688		1	通用规范汉字表_双源转录核对
筝		2689		1	通用规范汉字表_双源转录核对
傲		2690		1	通用规范汉字表_双源转录核对
傅		2691		1	通用规范汉字表_双源转录核对
牌		2692		1	通用规范汉字表_双源转录核对
堡		2693		1	通用规范汉字表_双源转录核对
集		2694		1	通用规范汉字表_双源转录核对
焦		2695		1	通用规范汉字表_双源转录核对
傍		2696		1	通用规范汉字表_双源转录核对
储		2697		1	通用规范汉字表_双源转录核对
皓		2698		1	通用规范汉字表_双源转录核对
皖		2699		1	通用规范汉字表_双源转录核对
粤		2700		1	通用规范汉字表_双源转录核对
奥		2701		1	通用规范汉字表_双源转录核对
街		2702		1	通用规范汉字表_双源转录核对
惩		2703		1	通用规范汉字表_双源转录核对
御		2704		1	通用规范汉字表_双源转录核对
循		2705		1	通用规范汉字表_双源转录核对
艇		2706		1	通用规范汉字表_双源转录核对
舒		2707		1	通用规范汉字表_双源转录核对
逾		2708		1	通用规范汉字表_双源转录核对
番		2709		1	通用规范汉字表_双源转录核对
释		2710		1	通用规范汉字表_双源转录核对
禽		2711		1	通用规范汉字表_双源转录核对
腊		2712		1	通用规范汉字表_双源转录核对
脾		2713		1	通用规范汉字表_双源转录核对
腋		2714		1	通用规范汉字表_双源转录核对
腔		2715		1	通用规范汉字表_双源转录核对
腕		2716		1	通用规范汉字表_双源转录核对
鲁		2717		1	通用规范汉字表_双源转录核对
猩		2718		1	通用规范汉字表_双源转录核对
猬		2719		1	通用规范汉字表_双源转录核对
猾		2720		1	通用规范汉字表_双源转录核对
猴		2721		1	通用规范汉字表_双源转录核对
惫		2722		1	通用规范汉字表_双源转录核对
然		2723		1	通用规范汉字表_双源转录核对
馈		2724		1	通用规范汉字表_双源转录核对
馋		2725		1	通用规范汉字表_双源转录核对
装		2726		1	通用规范汉字表_双源转录核对
蛮		2727		1	通用规范汉字表_双源转录核对
就		2728		1	通用规范汉字表_双源转录核对
敦		2729		1	通用规范汉字表_双源转录核对
斌		2730		1	通用规范汉字表_双源转录核对
痘		2731		1	通用规范汉字表_双源转录核对
痢		2732		1	通用规范汉字表_双源转录核对
痪		2733		1	通用规范汉字表_双源转录核对
痛		2734		1	通用规范汉字表_双源转录核对
童		2735		1	通用规范汉字表_双源转录核对
竣		2736		1	通用规范汉字表_双源转录核对
阔		2737		1	通用规范汉字表_双源转录核对
善		2738		1	通用规范汉字表_双源转录核对
翔		2739		1	通用规范汉字表_双源转录核对
羡		2740		1	通用规范汉字表_双源转录核对
普		2741		1	通用规范汉字表_双源转录核对
粪		2742		1	通用规范汉字表_双源转录核对
尊		2743		1	通用规范汉字表_双源转录核对
奠		2744		1	通用规范汉字表_双源转录核对
道		2745		1	通用规范汉字表_双源转录核对
遂		2746		1	通用规范汉字表_双源转录核对
曾		2747		1	通用规范汉字表_双源转录核对
焰		2748		1	通用规范汉字表_双源转录核对
港		2749		1	通用规范汉字表_双源转录核对
滞		2750		1	通用规范汉字表_双源转录核对
湖		2751		1	通用规范汉字表_双源转录核对
湘		2752		1	通用规范汉字表_双源转录核对
渣		2753		1	通用规范汉字表_双源转录核对
渤		2754		1	通用规范汉字表_双源转录核对
渺		2755		1	通用规范汉字表_双源转录核对
湿		2756		1	通用规范汉字表_双源转录核对
温		2757		1	通用规范汉字表_双源转录核对
渴		2758		1	通用规范汉字表_双源转录核对
溃		2759		1	通用规范汉字表_双源转录核对
溅		2760		1	通用规范汉字表_双源转录核对
滑		2761		1	通用规范汉字表_双源转录核对
湃		2762		1	通用规范汉字表_双源转录核对
渝		2763		1	通用规范汉字表_双源转录核对
湾		2764		1	通用规范汉字表_双源转录核对
渡		2765		1	通用规范汉字表_双源转录核对
游		2766		1	通用规范汉字表_双源转录核对
滋		2767		1	通用规范汉字表_双源转录核对
渲		2768		1	通用规范汉字表_双源转录核对
溉		2769		1	通用规范汉字表_双源转录核对
愤		2770		1	通用规范汉字表_双源转录核对
慌		2771		1	通用规范汉字表_双源转录核对
惰		2772		1	通用规范汉字表_双源转录核对
愕		2773		1	通用规范汉字表_双源转录核对
愣		2774		1	通用规范汉字表_双源转录核对
惶		2775		1	通用规范汉字表_双源转录核对
愧		2776		1	通用规范汉字表_双源转录核对
愉		2777		1	通用规范汉字表_双源转录核对
慨		2778		1	通用规范汉字表_双源转录核对
割		2779		1	通用规范汉字表_双源转录核对
寒		2780		1	通用规范汉字表_双源转录核对
富		2781		1	通用规范汉字表_双源转录核对
寓		2782		1	通用规范汉字表_双源转录核对
窜		2783		1	通用规范汉字表_双源转录核对
窝		2784		1	通用规范汉字表_双源转录核对
窖		2785		1	通用规范汉字表_双源转录核对
窗		2786		1	通用规范汉字表_双源转录核对
窘		2787		1	通用规范汉字表_双源转录核对
遍		2788		1	通用规范汉字表_双源转录核对
雇		2789		1	通用规范汉字表_双源转录核对
裕		2790		1	通用规范汉字表_双源转录核对
裤		2791		1	通用规范汉字表_双源转录核对
裙		2792		1	通用规范汉字表_双源转录核对
禅		2793		1	通用规范汉字表_双源转录核对
禄		2794		1	通用规范汉字表_双源转录核对
谢		2795		1	通用规范汉字表_双源转录核对
谣		2796		1	通用规范汉字表_双源转录核对
谤		2797		1	通用规范汉字表_双源转录核对
谦		2798		1	通用规范汉字表_双源转录核对
犀		2799		1	通用规范汉字表_双源转录核对
属		2800		1	通用规范汉字表_双源转录核对
屡		2801		1	通用规范汉字表_双源转录核对
强		2802		1	通用规范汉字表_双源转录核对
粥		2803		1	通用规范汉字表_双源转录核对
疏		2804		1	通用规范汉字表_双源转录核对
隔		2805		1	通用规范汉字表_双源转录核对
隙		2806		1	通用规范汉字表_双源转录核对
隘		2807		1	通用规范汉字表_双源转录核对
媒		2808		1	通用规范汉字表_双源转录核对
絮		2809		1	通用规范汉字表_双源转录核对
嫂		2810		1	通用规范汉字表_双源转录核对
媚		2811		1	通用规范汉字表_双源转录核对
婿		2812		1	通用规范汉字表_双源转录核对
登		2813		1	通用规范汉字表_双源转录核对
缅		2814		1	通用规范汉字表_双源转录核对
缆		2815		1	通用规范汉字表_双源转录核对
缉		2816		1	通用规范汉字表_双源转录核对
缎		2817		1	通用规范汉字表_双源转录核对
缓		2818		1	通用规范汉字表_双源转录核对
缔		2819		1	通用规范汉字表_双源转录核对
缕		2820		1	通用规范汉字表_双源转录核对
骗		2821		1	通用规范汉字表_双源转录核对
编		2822		1	通用规范汉字表_双源转录核对
骚		2823		1	通用规范汉字表_双源转录核对
缘		2824		1	通用规范汉字表_双源转录核对
瑟		2825		1	通用规范汉字表_双源转录核对
鹉		2826		1	通用规范汉字表_双源转录核对
瑞		2827		1	通用规范汉字表_双源转录核对
瑰		2828		1	通用规范汉字表_双源转录核对
瑙		2829		1	通用规范汉字表_双源转录核对
魂		2830		1	通用规范汉字表_双源转录核对
肆		2831		1	通用规范汉字表_双源转录核对
摄		2832		1	通用规范汉字表_双源转录核对
摸		2833		1	通用规范汉字表_双源转录核对
填		2834		1	通用规范汉字表_双源转录核对
搏		2835		1	通用规范汉字表_双源转录核对
塌		2836		1	通用规范汉字表_双源转录核对
鼓		2837		1	通用规范汉字表_双源转录核对
摆		2838		1	通用规范汉字表_双源转录核对
携		2839		1	通用规范汉字表_双源转录核对
搬		2840		1	通用规范汉字表_双源转录核对
摇		2841		1	通用规范汉字表_双源转录核对
搞		2842		1	通用规范汉字表_双源转录核对
塘		2843		1	通用规范汉字表_双源转录核对
摊		2844		1	通用规范汉字表_双源转录核对
聘		2845		1	通用规范汉字表_双源转录核对
斟		2846		1	通用规范汉字表_双源转录核对
蒜		2847		1	通用规范汉字表_双源转录核对
勤		2848		1	通用规范汉字表_双源转录核对
靴		2849		1	通用规范汉字表_双源转录核对
靶		2850		1	通用规范汉字表_双源转录核对
鹊		2851		1	通用规范汉字表_双源转录核对
蓝		2852		1	通用规范汉字表_双源转录核对
墓		2853		1	通用规范汉字表_双源转录核对
幕		2854		1	通用规范汉字表_双源转录核对
蓬		2855		1	通用规范汉字表_双源转录核对
蓄		2856		1	通用规范汉字表_双源转录核对
蒲		2857		1	通用规范汉字表_双源转录核对
蓉		2858		1	通用规范汉字表_双源转录核对
蒙		2859		1	通用规范汉字表_双源转录核对
蒸		2860		1	通用规范汉字表_双源转录核对
献		2861		1	通用规范汉字表_双源转录核对
椿		2862		1	通用规范汉字表_双源转录核对
禁		2863		1	通用规范汉字表_双源转录核对
楚		2864		1	通用规范汉字表_双源转录核对
楷		2865		1	通用规范汉字表_双源转录核对
榄		2866		1	通用规范汉字表_双源转录核对
想		2867		1	通用规范汉字表_双源转录核对
槐		2868		1	通用规范汉字表_双源转录核对
榆		2869		1	通用规范汉字表_双源转录核对
楼		2870		1	通用规范汉字表_双源转录核对
概		2871		1	通用规范汉字表_双源转录核对
赖		2872		1	通用规范汉字表_双源转录核对
酪		2873		1	通用规范汉字表_双源转录核对
酬		2874		1	通用规范汉字表_双源转录核对
感		2875		1	通用规范汉字表_双源转录核对
碍		2876		1	通用规范汉字表_双源转录核对
碘		2877		1	通用规范汉字表_双源转录核对
碑		2878		1	通用规范汉字表_双源转录核对
碎		2879		1	通用规范汉字表_双源转录核对
碰		2880		1	通用规范汉字表_双源转录核对
碗		2881		1	通用规范汉字表_双源转录核对
碌		2882		1	通用规范汉字表_双源转录核对
尴		2883		1	通用规范汉字表_双源转录核对
雷		2884		1	通用规范汉字表_双源转录核对
零		2885		1	通用规范汉字表_双源转录核对
雾		2886		1	通用规范汉字表_双源转录核对
雹		2887		1	通用规范汉字表_双源转录核对
辐		2888		1	通用规范汉字表_双源转录核对
辑		2889		1	通用规范汉字表_双源转录核对
输		2890		1	通用规范汉字表_双源转录核对
督		2891		1	通用规范汉字表_双源转录核对
频		2892		1	通用规范汉字表_双源转录核对
龄		2893		1	通用规范汉字表_双源转录核对
鉴		2894		1	通用规范汉字表_双源转录核对
睛		2895		1	通用规范汉字表_双源转录核对
睹		2896		1	通用规范汉字表_双源转录核对
睦		2897		1	通用规范汉字表_双源转录核对
瞄		2898		1	通用规范汉字表_双源转录核对
睫		2899		1	通用规范汉字表_双源转录核对
睡		2900		1	通用规范汉字表_双源转录核对
睬		2901		1	通用规范汉字表_双源转录核对
嗜		2902		1	通用规范汉字表_双源转录核对
鄙		2903		1	通用规范汉字表_双源转录核对
嗦		2904		1	通用规范汉字表_双源转录核对
愚		2905		1	通用规范汉字表_双源转录核对
暖		2906		1	通用规范汉字表_双源转录核对
盟		2907		1	通用规范汉字表_双源转录核对
歇		2908		1	通用规范汉字表_双源转录核对
暗		2909		1	通用规范汉字表_双源转录核对
暇		2910		1	通用规范汉字表_双源转录核对
照		2911		1	通用规范汉字表_双源转录核对
畸		2912		1	通用规范汉字表_双源转录核对
跨		2913		1	通用规范汉字表_双源转录核对
跷		2914		1	通用规范汉字表_双源转录核对
跳		2915		1	通用规范汉字表_双源转录核对
跺		2916		1	通用规范汉字表_双源转录核对
跪		2917		1	通用规范汉字表_双源转录核对
路		2918		1	通用规范汉字表_双源转录核对
跤		2919		1	通用规范汉字表_双源转录核对
跟		2920		1	通用规范汉字表_双源转录核对
遣		2921		1	通用规范汉字表_双源转录核对
蜈		2922		1	通用规范汉字表_双源转录核对
蜗		2923		1	通用规范汉字表_双源转录核对
蛾		2924		1	通用规范汉字表_双源转录核对
蜂		2925		1	通用规范汉字表_双源转录核对
蜕		2926		1	通用规范汉字表_双源转录核对
嗅		2927		1	通用规范汉字表_双源转录核对
嗡		2928		1	通用规范汉字表_双源转录核对
嗓		2929		1	通用规范汉字表_双源转录核对
署		2930		1	通用规范汉字表_双源转录核对
置		2931		1	通用规范汉字表_双源转录核对
罪		2932		1	通用规范汉字表_双源转录核对
罩		2933		1	通用规范汉字表_双源转录核对
蜀		2934		1	通用规范汉字表_双源转录核对
幌		2935		1	通用规范汉字表_双源转录核对
错		2936		1	通用规范汉字表_双源转录核对
锚		2937		1	通用规范汉字表_双源转录核对
锡		2938		1	通用规范汉字表_双源转录核对
锣		2939		1	通用规范汉字表_双源转录核对
锤		2940		1	通用规范汉字表_双源转录核对
锥		2941		1	通用规范汉字表_双源转录核对
锦		2942		1	通用规范汉字表_双源转录核对
键		2943		1	通用规范汉字表_双源转录核对
锯		2944		1	通用规范汉字表_双源转录核对
锰		2945		1	通用规范汉字表_双源转录核对
矮		2946		1	通用规范汉字表_双源转录核对
辞		2947		1	通用规范汉字表_双源转录核对
稚		2948		1	通用规范汉字表_双源转录核对
稠		2949		1	通用规范汉字表_双源转录核对
颓		2950		1	通用规范汉字表_双源转录核对
愁		2951		1	通用规范汉字表_双源转录核对
筹		2952		1	通用规范汉字表_双源转录核对
签		2953		1	通用规范汉字表_双源转录核对
简		2954		1	通用规范汉字表_双源转录核对
筷		2955		1	通用规范汉字表_双源转录核对
毁		2956		1	通用规范汉字表_双源转录核对
舅		2957		1	通用规范汉字表_双源转录核对
鼠		2958		1	通用规范汉字表_双源转录核对
催		2959		1	通用规范汉字表_双源转录核对
傻		2960		1	通用规范汉字表_双源转录核对
像		2961		1	通用规范汉字表_双源转录核对
躲		2962		1	通用规范汉字表_双源转录核对
魁		2963		1	通用规范汉字表_双源转录核对
衙		2964		1	通用规范汉字表_双源转录核对
微		2965		1	通用规范汉字表_双源转录核对
愈		2966		1	通用规范汉字表_双源转录核对
遥		2967		1	通用规范汉字表_双源转录核对
腻		2968		1	通用规范汉字表_双源转录核对
腰		2969		1	通用规范汉字表_双源转录核对
腥		2970		1	通用规范汉字表_双源转录核对
腮		2971		1	通用规范汉字表_双源转录核对
腹		2972		1	通用规范汉字表_双源转录核对
腺		2973		1	通用规范汉字表_双源转录核对
鹏		2974		1	通用规范汉字表_双源转录核对
腾		2975		1	通用规范汉字表_双源转录核对
腿		2976		1	通用规范汉字表_双源转录核对
鲍		2977		1	通用规范汉字表_双源转录核对
猿		2978		1	通用规范汉字表_双源转录核对
颖		2979		1	通用规范汉字表_双源转录核对
触		2980		1	通用规范汉字表_双源转录核对
解		2981		1	通用规范汉字表_双源转录核对
煞		2982		1	通用规范汉字表_双源转录核对
雏		2983		1	通用规范汉字表_双源转录核对
馍		2984		1	通用规范汉字表_双源转录核对
馏		2985		1	通用规范汉字表_双源转录核对
酱		2986		1	通用规范汉字表_双源转录核对
禀		2987		1	通用规范汉字表_双源转录核对
痹		2988		1	通用规范汉字表_双源转录核对
廓		2989		1	通用规范汉字表_双源转录核对
痴		2990		1	通用规范汉字表_双源转录核对
痰		2991		1	通用规范汉字表_双源转录核对
廉		2992		1	通用规范汉字表_双源转录核对
靖		2993		1	通用规范汉字表_双源转录核对
新		2994		1	通用规范汉字表_双源转录核对
韵		2995		1	通用规范汉字表_双源转录核对
意		2996		1	通用规范汉字表_双源转录核对
誊		2997		1	通用规范汉字表_双源转录核对
粮		2998		1	通用规范汉字表_双源转录核对
数		2999		1	通用规范汉字表_双源转录核对
煎		3000		1	通用规范汉字表_双源转录核对
塑		3001		1	通用规范汉字表_双源转录核对
慈		3002		1	通用规范汉字表_双源转录核对
煤		3003		1	通用规范汉字表_双源转录核对
煌		3004		1	通用规范汉字表_双源转录核对
满		3005		1	通用规范汉字表_双源转录核对
漠		3006		1	通用规范汉字表_双源转录核对
滇		3007		1	通用规范汉字表_双源转录核对
源		3008		1	通用规范汉字表_双源转录核对
滤		3009		1	通用规范汉字表_双源转录核对
滥		3010		1	通用规范汉字表_双源转录核对
滔		3011		1	通用规范汉字表_双源转录核对
溪		3012		1	通用规范汉字表_双源转录核对
溜		3013		1	通用规范汉字表_双源转录核对
漓		3014		1	通用规范汉字表_双源转录核对
滚		3015		1	通用规范汉字表_双源转录核对
溢		3016		1	通用规范汉字表_双源转录核对
溯		3017		1	通用规范汉字表_双源转录核对
滨		3018		1	通用规范汉字表_双源转录核对
溶		3019		1	通用规范汉字表_双源转录核对
溺		3020		1	通用规范汉字表_双源转录核对
粱		3021		1	通用规范汉字表_双源转录核对
滩		3022		1	通用规范汉字表_双源转录核对
慎		3023		1	通用规范汉字表_双源转录核对
誉		3024		1	通用规范汉字表_双源转录核对
塞		3025		1	通用规范汉字表_双源转录核对
寞		3026		1	通用规范汉字表_双源转录核对
窥		3027		1	通用规范汉字表_双源转录核对
窟		3028		1	通用规范汉字表_双源转录核对
寝		3029		1	通用规范汉字表_双源转录核对
谨		3030		1	通用规范汉字表_双源转录核对
褂		3031		1	通用规范汉字表_双源转录核对
裸		3032		1	通用规范汉字表_双源转录核对
福		3033		1	通用规范汉字表_双源转录核对
谬		3034		1	通用规范汉字表_双源转录核对
群		3035		1	通用规范汉字表_双源转录核对
殿		3036		1	通用规范汉字表_双源转录核对
辟		3037		1	通用规范汉字表_双源转录核对
障		3038		1	通用规范汉字表_双源转录核对
媳		3039		1	通用规范汉字表_双源转录核对
嫉		3040		1	通用规范汉字表_双源转录核对
嫌		3041		1	通用规范汉字表_双源转录核对
嫁		3042		1	通用规范汉字表_双源转录核对
叠		3043		1	通用规范汉字表_双源转录核对
缚		3044		1	通用规范汉字表_双源转录核对
缝		3045		1	通用规范汉字表_双源转录核对
缠		3046		1	通用规范汉字表_双源转录核对
缤		3047		1	通用规范汉字表_双源转录核对
剿		3048		1	通用规范汉字表_双源转录核对
静		3049		1	通用规范汉字表_双源转录核对
碧		3050		1	通用规范汉字表_双源转录核对
璃		3051		1	通用规范汉字表_双源转录核对
赘		3052		1	通用规范汉字表_双源转录核对
熬		3053		1	通用规范汉字表_双源转录核对
墙		3054		1	通用规范汉字表_双源转录核对
墟		3055		1	通用规范汉字表_双源转录核对
嘉		3056		1	通用规范汉字表_双源转录核对
摧		3057		1	通用规范汉字表_双源转录核对
赫		3058		1	通用规范汉字表_双源转录核对
截		3059		1	通用规范汉字表_双源转录核对
誓		3060		1	通用规范汉字表_双源转录核对
境		3061		1	通用规范汉字表_双源转录核对
摘		3062		1	通用规范汉字表_双源转录核对
摔		3063		1	通用规范汉字表_双源转录核对
撇		3064		1	通用规范汉字表_双源转录核对
聚		3065		1	通用规范汉字表_双源转录核对
慕		3066		1	通用规范汉字表_双源转录核对
暮		3067		1	通用规范汉字表_双源转录核对
摹		3068		1	通用规范汉字表_双源转录核对
蔓		3069		1	通用规范汉字表_双源转录核对
蔑		3070		1	通用规范汉字表_双源转录核对
蔡		3071		1	通用规范汉字表_双源转录核对
蔗		3072		1	通用规范汉字表_双源转录核对
蔽		3073		1	通用规范汉字表_双源转录核对
蔼		3074		1	通用规范汉字表_双源转录核对
熙		3075		1	通用规范汉字表_双源转录核对
蔚		3076		1	通用规范汉字表_双源转录核对
兢		3077		1	通用规范汉字表_双源转录核对
模		3078		1	通用规范汉字表_双源转录核对
槛		3079		1	通用规范汉字表_双源转录核对
榴		3080		1	通用规范汉字表_双源转录核对
榜		3081		1	通用规范汉字表_双源转录核对
榨		3082		1	通用规范汉字表_双源转录核对
榕		3083		1	通用规范汉字表_双源转录核对
歌		3084		1	通用规范汉字表_双源转录核对
遭		3085		1	通用规范汉字表_双源转录核对
酵		3086		1	通用规范汉字表_双源转录核对
酷		3087		1	通用规范汉字表_双源转录核对
酿		3088		1	通用规范汉字表_双源转录核对
酸		3089		1	通用规范汉字表_双源转录核对
碟		3090		1	通用规范汉字表_双源转录核对
碱		3091		1	通用规范汉字表_双源转录核对
碳		3092		1	通用规范汉字表_双源转录核对
磁		3093		1	通用规范汉字表_双源转录核对
愿		3094		1	通用规范汉字表_双源转录核对
需		3095		1	通用规范汉字表_双源转录核对
辖		3096		1	通用规范汉字表_双源转录核对
辗		3097		1	通用规范汉字表_双源转录核对
雌		3098		1	通用规范汉字表_双源转录核对
裳		3099		1	通用规范汉字表_双源转录核对
颗		3100		1	通用规范汉字表_双源转录核对
瞅		3101		1	通用规范汉字表_双源转录核对
墅		3102		1	通用规范汉字表_双源转录核对
嗽		3103		1	通用规范汉字表_双源转录核对
踊		3104		1	通用规范汉字表_双源转录核对
蜻		3105		1	通用规范汉字表_双源转录核对
蜡		3106		1	通用规范汉字表_双源转录核对
蝇		3107		1	通用规范汉字表_双源转录核对
蜘		3108		1	通用规范汉字表_双源转录核对
蝉		3109		1	通用规范汉字表_双源转录核对
嘛		3110		1	通用规范汉字表_双源转录核对
嘀		3111		1	通用规范汉字表_双源转录核对
赚		3112		1	通用规范汉字表_双源转录核对
锹		3113		1	通用规范汉字表_双源转录核对
锻		3114		1	通用规范汉字表_双源转录核对
镀		3115		1	通用规范汉字表_双源转录核对
舞		3116		1	通用规范汉字表_双源转录核对
舔		3117		1	通用规范汉字表_双源转录核对
稳		3118		1	通用规范汉字表_双源转录核对
熏		3119		1	通用规范汉字表_双源转录核对
箕		3120		1	通用规范汉字表_双源转录核对
算		3121		1	通用规范汉字表_双源转录核对
箩		3122		1	通用规范汉字表_双源转录核对
管		3123		1	通用规范汉字表_双源转录核对
箫		3124		1	通用规范汉字表_双源转录核对
舆		3125		1	通用规范汉字表_双源转录核对
僚		3126		1	通用规范汉字表_双源转录核对
僧		3127		1	通用规范汉字表_双源转录核对
鼻		3128		1	通用规范汉字表_双源转录核对
魄		3129		1	通用规范汉字表_双源转录核对
魅		3130		1	通用规范汉字表_双源转录核对
貌		3131		1	通用规范汉字表_双源转录核对
膜		3132		1	通用规范汉字表_双源转录核对
膊		3133		1	通用规范汉字表_双源转录核对
膀		3134		1	通用规范汉字表_双源转录核对
鲜		3135		1	通用规范汉字表_双源转录核对
疑		3136		1	通用规范汉字表_双源转录核对
孵		3137		1	通用规范汉字表_双源转录核对
馒		3138		1	通用规范汉字表_双源转录核对
裹		3139		1	通用规范汉字表_双源转录核对
敲		3140		1	通用规范汉字表_双源转录核对
豪		3141		1	通用规范汉字表_双源转录核对
膏		3142		1	通用规范汉字表_双源转录核对
遮		3143		1	通用规范汉字表_双源转录核对
腐		3144		1	通用规范汉字表_双源转录核对
瘩		3145		1	通用规范汉字表_双源转录核对
瘟		3146		1	通用规范汉字表_双源转录核对
瘦		3147		1	通用规范汉字表_双源转录核对
辣		3148		1	通用规范汉字表_双源转录核对
彰		3149		1	通用规范汉字表_双源转录核对
竭		3150		1	通用规范汉字表_双源转录核对
端		3151		1	通用规范汉字表_双源转录核对
旗		3152		1	通用规范汉字表_双源转录核对
精		3153		1	通用规范汉字表_双源转录核对
粹		3154		1	通用规范汉字表_双源转录核对
歉		3155		1	通用规范汉字表_双源转录核对
弊		3156		1	通用规范汉字表_双源转录核对
熄		3157		1	通用规范汉字表_双源转录核对
熔		3158		1	通用规范汉字表_双源转录核对
煽		3159		1	通用规范汉字表_双源转录核对
潇		3160		1	通用规范汉字表_双源转录核对
漆		3161		1	通用规范汉字表_双源转录核对
漱		3162		1	通用规范汉字表_双源转录核对
漂		3163		1	通用规范汉字表_双源转录核对
漫		3164		1	通用规范汉字表_双源转录核对
滴		3165		1	通用规范汉字表_双源转录核对
漾		3166		1	通用规范汉字表_双源转录核对
演		3167		1	通用规范汉字表_双源转录核对
漏		3168		1	通用规范汉字表_双源转录核对
慢		3169		1	通用规范汉字表_双源转录核对
慷		3170		1	通用规范汉字表_双源转录核对
寨		3171		1	通用规范汉字表_双源转录核对
赛		3172		1	通用规范汉字表_双源转录核对
寡		3173		1	通用规范汉字表_双源转录核对
察		3174		1	通用规范汉字表_双源转录核对
蜜		3175		1	通用规范汉字表_双源转录核对
寥		3176		1	通用规范汉字表_双源转录核对
谭		3177		1	通用规范汉字表_双源转录核对
肇		3178		1	通用规范汉字表_双源转录核对
褐		3179		1	通用规范汉字表_双源转录核对
褪		3180		1	通用规范汉字表_双源转录核对
谱		3181		1	通用规范汉字表_双源转录核对
隧		3182		1	通用规范汉字表_双源转录核对
嫩		3183		1	通用规范汉字表_双源转录核对
翠		3184		1	通用规范汉字表_双源转录核对
熊		3185		1	通用规范汉字表_双源转录核对
凳		3186		1	通用规范汉字表_双源转录核对
骡		3187		1	通用规范汉字表_双源转录核对
缩		3188		1	通用规范汉字表_双源转录核对
慧		3189		1	通用规范汉字表_双源转录核对
撵		3190		1	通用规范汉字表_双源转录核对
撕		3191		1	通用规范汉字表_双源转录核对
撒		3192		1	通用规范汉字表_双源转录核对
撩		3193		1	通用规范汉字表_双源转录核对
趣		3194		1	通用规范汉字表_双源转录核对
趟		3195		1	通用规范汉字表_双源转录核对
撑		3196		1	通用规范汉字表_双源转录核对
撮		3197		1	通用规范汉字表_双源转录核对
撬		3198		1	通用规范汉字表_双源转录核对
播		3199		1	通用规范汉字表_双源转录核对
擒		3200		1	通用规范汉字表_双源转录核对
墩		3201		1	通用规范汉字表_双源转录核对
撞		3202		1	通用规范汉字表_双源转录核对
撤		3203		1	通用规范汉字表_双源转录核对
增		3204		1	通用规范汉字表_双源转录核对
撰		3205		1	通用规范汉字表_双源转录核对
聪		3206		1	通用规范汉字表_双源转录核对
鞋		3207		1	通用规范汉字表_双源转录核对
鞍		3208		1	通用规范汉字表_双源转录核对
蕉		3209		1	通用规范汉字表_双源转录核对
蕊		3210		1	通用规范汉字表_双源转录核对
蔬		3211		1	通用规范汉字表_双源转录核对
蕴		3212		1	通用规范汉字表_双源转录核对
横		3213		1	通用规范汉字表_双源转录核对
槽		3214		1	通用规范汉字表_双源转录核对
樱		3215		1	通用规范汉字表_双源转录核对
橡		3216		1	通用规范汉字表_双源转录核对
樟		3217		1	通用规范汉字表_双源转录核对
橄		3218		1	通用规范汉字表_双源转录核对
敷		3219		1	通用规范汉字表_双源转录核对
豌		3220		1	通用规范汉字表_双源转录核对
飘		3221		1	通用规范汉字表_双源转录核对
醋		3222		1	通用规范汉字表_双源转录核对
醇		3223		1	通用规范汉字表_双源转录核对
醉		3224		1	通用规范汉字表_双源转录核对
磕		3225		1	通用规范汉字表_双源转录核对
磊		3226		1	通用规范汉字表_双源转录核对
磅		3227		1	通用规范汉字表_双源转录核对
碾		3228		1	通用规范汉字表_双源转录核对
震		3229		1	通用规范汉字表_双源转录核对
霄		3230		1	通用规范汉字表_双源转录核对
霉		3231		1	通用规范汉字表_双源转录核对
瞒		3232		1	通用规范汉字表_双源转录核对
题		3233		1	通用规范汉字表_双源转录核对
暴		3234		1	通用规范汉字表_双源转录核对
瞎		3235		1	通用规范汉字表_双源转录核对
嘻		3236		1	通用规范汉字表_双源转录核对
嘶		3237		1	通用规范汉字表_双源转录核对
嘲		3238		1	通用规范汉字表_双源转录核对
嘹		3239		1	通用规范汉字表_双源转录核对
影		3240		1	通用规范汉字表_双源转录核对
踢		3241		1	通用规范汉字表_双源转录核对
踏		3242		1	通用规范汉字表_双源转录核对
踩		3243		1	通用规范汉字表_双源转录核对
踪		3244		1	通用规范汉字表_双源转录核对
蝶		3245		1	通用规范汉字表_双源转录核对
蝴		3246		1	通用规范汉字表_双源转录核对
蝠		3247		1	通用规范汉字表_双源转录核对
蝎		3248		1	通用规范汉字表_双源转录核对
蝌		3249		1	通用规范汉字表_双源转录核对
蝗		3250		1	通用规范汉字表_双源转录核对
蝙		3251		1	通用规范汉字表_双源转录核对
嘿		3252		1	通用规范汉字表_双源转录核对
嘱		3253		1	通用规范汉字表_双源转录核对
幢		3254		1	通用规范汉字表_双源转录核对
墨		3255		1	通用规范汉字表_双源转录核对
镇		3256		1	通用规范汉字表_双源转录核对
镐		3257		1	通用规范汉字表_双源转录核对
镑		3258		1	通用规范汉字表_双源转录核对
靠		3259		1	通用规范汉字表_双源转录核对
稽		3260		1	通用规范汉字表_双源转录核对
稻		3261		1	通用规范汉字表_双源转录核对
黎		3262		1	通用规范汉字表_双源转录核对
稿		3263		1	通用规范汉字表_双源转录核对
稼		3264		1	通用规范汉字表_双源转录核对
箱		3265		1	通用规范汉字表_双源转录核对
篓		3266		1	通用规范汉字表_双源转录核对
箭		3267		1	通用规范汉字表_双源转录核对
篇		3268		1	通用规范汉字表_双源转录核对
僵		3269		1	通用规范汉字表_双源转录核对
躺		3270		1	通用规范汉字表_双源转录核对
僻		3271		1	通用规范汉字表_双源转录核对
德		3272		1	通用规范汉字表_双源转录核对
艘		3273		1	通用规范汉字表_双源转录核对
膝		3274		1	通用规范汉字表_双源转录核对
膛		3275		1	通用规范汉字表_双源转录核对
鲤		3276		1	通用规范汉字表_双源转录核对
鲫		3277		1	通用规范汉字表_双源转录核对
熟		3278		1	通用规范汉字表_双源转录核对
摩		3279		1	通用规范汉字表_双源转录核对
褒		3280		1	通用规范汉字表_双源转录核对
瘪		3281		1	通用规范汉字表_双源转录核对
瘤		3282		1	通用规范汉字表_双源转录核对
瘫		3283		1	通用规范汉字表_双源转录核对
凛		3284		1	通用规范汉字表_双源转录核对
颜		3285		1	通用规范汉字表_双源转录核对
毅		3286		1	通用规范汉字表_双源转录核对
糊		3287		1	通用规范汉字表_双源转录核对
遵		3288		1	通用规范汉字表_双源转录核对
憋		3289		1	通用规范汉字表_双源转录核对
潜		3290		1	通用规范汉字表_双源转录核对
澎		3291		1	通用规范汉字表_双源转录核对
潮		3292		1	通用规范汉字表_双源转录核对
潭		3293		1	通用规范汉字表_双源转录核对
鲨		3294		1	通用规范汉字表_双源转录核对
澳		3295		1	通用规范汉字表_双源转录核对
潘		3296		1	通用规范汉字表_双源转录核对
澈		3297		1	通用规范汉字表_双源转录核对
澜		3298		1	通用规范汉字表_双源转录核对
澄		3299		1	通用规范汉字表_双源转录核对
懂		3300		1	通用规范汉字表_双源转录核对
憔		3301		1	通用规范汉字表_双源转录核对
懊		3302		1	通用规范汉字表_双源转录核对
憎		3303		1	通用规范汉字表_双源转录核对
额		3304		1	通用规范汉字表_双源转录核对
翩		3305		1	通用规范汉字表_双源转录核对
褥		3306		1	通用规范汉字表_双源转录核对
谴		3307		1	通用规范汉字表_双源转录核对
鹤		3308		1	通用规范汉字表_双源转录核对
憨		3309		1	通用规范汉字表_双源转录核对
慰		3310		1	通用规范汉字表_双源转录核对
劈		3311		1	通用规范汉字表_双源转录核对
履		3312		1	通用规范汉字表_双源转录核对
豫		3313		1	通用规范汉字表_双源转录核对
缭		3314		1	通用规范汉字表_双源转录核对
撼		3315		1	通用规范汉字表_双源转录核对
擂		3316		1	通用规范汉字表_双源转录核对
操		3317		1	通用规范汉字表_双源转录核对
擅		3318		1	通用规范汉字表_双源转录核对
燕		3319		1	通用规范汉字表_双源转录核对
蕾		3320		1	通用规范汉字表_双源转录核对
薯		3321		1	通用规范汉字表_双源转录核对
薛		3322		1	通用规范汉字表_双源转录核对
薇		3323		1	通用规范汉字表_双源转录核对
擎		3324		1	通用规范汉字表_双源转录核对
薪		3325		1	通用规范汉字表_双源转录核对
薄		3326		1	通用规范汉字表_双源转录核对
颠		3327		1	通用规范汉字表_双源转录核对
翰		3328		1	通用规范汉字表_双源转录核对
噩		3329		1	通用规范汉字表_双源转录核对
橱		3330		1	通用规范汉字表_双源转录核对
橙		3331		1	通用规范汉字表_双源转录核对
橘		3332		1	通用规范汉字表_双源转录核对
整		3333		1	通用规范汉字表_双源转录核对
融		3334		1	通用规范汉字表_双源转录核对
瓢		3335		1	通用规范汉字表_双源转录核对
醒		3336		1	通用规范汉字表_双源转录核对
霍		3337		1	通用规范汉字表_双源转录核对
霎		3338		1	通用规范汉字表_双源转录核对
辙		3339		1	通用规范汉字表_双源转录核对
冀		3340		1	通用规范汉字表_双源转录核对
餐		3341		1	通用规范汉字表_双源转录核对
嘴		3342		1	通用规范汉字表_双源转录核对
踱		3343		1	通用规范汉字表_双源转录核对
蹄		3344		1	通用规范汉字表_双源转录核对
蹂		3345		1	通用规范汉字表_双源转录核对
蟆		3346		1	通用规范汉字表_双源转录核对
螃		3347		1	通用规范汉字表_双源转录核对
器		3348		1	通用规范汉字表_双源转录核对
噪		3349		1	通用规范汉字表_双源转录核对
鹦		3350		1	通用规范汉字表_双源转录核对
赠		3351		1	通用规范汉字表_双源转录核对
默		3352		1	通用规范汉字表_双源转录核对
黔		3353		1	通用规范汉字表_双源转录核对
镜		3354		1	通用规范汉字表_双源转录核对
赞		3355		1	通用规范汉字表_双源转录核对
穆		3356		1	通用规范汉字表_双源转录核对
篮		3357		1	通用规范汉字表_双源转录核对
篡		3358		1	通用规范汉字表_双源转录核对
篷		3359		1	通用规范汉字表_双源转录核对
篱		3360		1	通用规范汉字表_双源转录核对
儒		3361		1	通用规范汉字表_双源转录核对
邀		3362		1	通用规范汉字表_双源转录核对
衡		3363		1	通用规范汉字表_双源转录核对
膨		3364		1	通用规范汉字表_双源转录核对
雕		3365		1	通用规范汉字表_双源转录核对
鲸		3366		1	通用规范汉字表_双源转录核对
磨		3367		1	通用规范汉字表_双源转录核对
瘾		3368		1	通用规范汉字表_双源转录核对
瘸		3369		1	通用规范汉字表_双源转录核对
凝		3370		1	通用规范汉字表_双源转录核对
辨		3371		1	通用规范汉字表_双源转录核对
辩		3372		1	通用规范汉字表_双源转录核对
糙		3373		1	通用规范汉字表_双源转录核对
糖		3374		1	通用规范汉字表_双源转录核对
糕		3375		1	通用规范汉字表_双源转录核对
燃		3376		1	通用规范汉字表_双源转录核对
濒		3377		1	通用规范汉字表_双源转录核对
澡		3378		1	通用规范汉字表_双源转录核对
激		3379		1	通用规范汉字表_双源转录核对
懒		3380		1	通用规范汉字表_双源转录核对
憾		3381		1	通用规范汉字表_双源转录核对
懈		3382		1	通用规范汉字表_双源转录核对
窿		3383		1	通用规范汉字表_双源转录核对
壁		3384		1	通用规范汉字表_双源转录核对
避		3385		1	通用规范汉字表_双源转录核对
缰		3386		1	通用规范汉字表_双源转录核对
缴		3387		1	通用规范汉字表_双源转录核对
戴		3388		1	通用规范汉字表_双源转录核对
擦		3389		1	通用规范汉字表_双源转录核对
藉		3390		1	通用规范汉字表_双源转录核对
鞠		3391		1	通用规范汉字表_双源转录核对
藏		3392		1	通用规范汉字表_双源转录核对
藐		3393		1	通用规范汉字表_双源转录核对
檬		3394		1	通用规范汉字表_双源转录核对
檐		3395		1	通用规范汉字表_双源转录核对
檀		3396		1	通用规范汉字表_双源转录核对
礁		3397		1	通用规范汉字表_双源转录核对
磷		3398		1	通用规范汉字表_双源转录核对
霜		3399		1	通用规范汉字表_双源转录核对
霞		3400		1	通用规范汉字表_双源转录核对
瞭		3401		1	通用规范汉字表_双源转录核对
瞧		3402		1	通用规范汉字表_双源转录核对
瞬		3403		1	通用规范汉字表_双源转录核对
瞳		3404		1	通用规范汉字表_双源转录核对
瞩		3405		1	通用规范汉字表_双源转录核对
瞪		3406		1	通用规范汉字表_双源转录核对
曙		3407		1	通用规范汉字表_双源转录核对
蹋		3408		1	通用规范汉字表_双源转录核对
蹈		3409		1	通用规范汉字表_双源转录核对
螺		3410		1	通用规范汉字表_双源转录核对
蟋		3411		1	通用规范汉字表_双源转录核对
蟀		3412		1	通用规范汉字表_双源转录核对
嚎		3413		1	通用规范汉字表_双源转录核对
赡		3414		1	通用规范汉字表_双源转录核对
穗		3415		1	通用规范汉字表_双源转录核对
魏		3416		1	通用规范汉字表_双源转录核对
簧		3417		1	通用规范汉字表_双源转录核对
簇		3418		1	通用规范汉字表_双源转录核对
繁		3419		1	通用规范汉字表_双源转录核对
徽		3420		1	通用规范汉字表_双源转录核对
爵		3421		1	通用规范汉字表_双源转录核对
朦		3422		1	通用规范汉字表_双源转录核对
臊		3423		1	通用规范汉字表_双源转录核对
鳄		3424		1	通用规范汉字表_双源转录核对
癌		3425		1	通用规范汉字表_双源转录核对
辫		3426		1	通用规范汉字表_双源转录核对
赢		3427		1	通用规范汉字表_双源转录核对
糟		3428		1	通用规范汉字表_双源转录核对
糠		3429		1	通用规范汉字表_双源转录核对
燥		3430		1	通用规范汉字表_双源转录核对
懦		3431		1	通用规范汉字表_双源转录核对
豁		3432		1	通用规范汉字表_双源转录核对
臀		3433		1	通用规范汉字表_双源转录核对
臂		3434		1	通用规范汉字表_双源转录核对
翼		3435		1	通用规范汉字表_双源转录核对
骤		3436		1	通用规范汉字表_双源转录核对
藕		3437		1	通用规范汉字表_双源转录核对
鞭		3438		1	通用规范汉字表_双源转录核对
藤		3439		1	通用规范汉字表_双源转录核对
覆		3440		1	通用规范汉字表_双源转录核对
瞻		3441		1	通用规范汉字表_双源转录核对
蹦		3442		1	通用规范汉字表_双源转录核对
嚣		3443		1	通用规范汉字表_双源转录核对
镰		3444		1	通用规范汉字表_双源转录核对
翻		3445		1	通用规范汉字表_双源转录核对
鳍		3446		1	通用规范汉字表_双源转录核对
鹰		3447		1	通用规范汉字表_双源转录核对
瀑		3448		1	通用规范汉字表_双源转录核对
襟		3449		1	通用规范汉字表_双源转录核对
璧		3450		1	通用规范汉字表_双源转录核对
戳		3451		1	通用规范汉字表_双源转录核对
孽		3452		1	通用规范汉字表_双源转录核对
警		3453		1	通用规范汉字表_双源转录核对
蘑		3454		1	通用规范汉字表_双源转录核对
藻		3455		1	通用规范汉字表_双源转录核对
攀		3456		1	通用规范汉字表_双源转录核对
曝		3457		1	通用规范汉字表_双源转录核对
蹲		3458		1	通用规范汉字表_双源转录核对
蹭		3459		1	通用规范汉字表_双源转录核对
蹬		3460		1	通用规范汉字表_双源转录核对
巅		3461		1	通用规范汉字表_双源转录核对
簸		3462		1	通用规范汉字表_双源转录核对
簿		3463		1	通用规范汉字表_双源转录核对
蟹		3464		1	通用规范汉字表_双源转录核对
颤		3465		1	通用规范汉字表_双源转录核对
靡		3466		1	通用规范汉字表_双源转录核对
癣		3467		1	通用规范汉字表_双源转录核对
瓣		3468		1	通用规范汉字表_双源转录核对
羹		3469		1	通用规范汉字表_双源转录核对
鳖		3470		1	通用规范汉字表_双源转录核对
爆		3471		1	通用规范汉字表_双源转录核对
疆		3472		1	通用规范汉字表_双源转录核对
鬓		3473		1	通用规范汉字表_双源转录核对
壤		3474		1	通用规范汉字表_双源转录核对
馨		3475		1	通用规范汉字表_双源转录核对
耀		3476		1	通用规范汉字表_双源转录核对
躁		3477		1	通用规范汉字表_双源转录核对
蠕		3478		1	通用规范汉字表_双源转录核对
嚼		3479		1	通用规范汉字表_双源转录核对
嚷		3480		1	通用规范汉字表_双源转录核对
巍		3481		1	通用规范汉字表_双源转录核对
籍		3482		1	通用规范汉字表_双源转录核对
鳞		3483		1	通用规范汉字表_双源转录核对
魔		3484		1	通用规范汉字表_双源转录核对
糯		3485		1	通用规范汉字表_双源转录核对
灌		3486		1	通用规范汉字表_双源转录核对
譬		3487		1	通用规范汉字表_双源转录核对
蠢		3488		1	通用规范汉字表_双源转录核对
霸		3489		1	通用规范汉字表_双源转录核对
露		3490		1	通用规范汉字表_双源转录核对
霹		3491		1	通用规范汉字表_双源转录核对
躏		3492		1	通用规范汉字表_双源转录核对
黯		3493		1	通用规范汉字表_双源转录核对
髓		3494		1	通用规范汉字表_双源转录核对
赣		3495		1	通用规范汉字表_双源转录核对
囊		3496		1	通用规范汉字表_双源转录核对
镶		3497		1	通用规范汉字表_双源转录核对
瓤		3498		1	通用规范汉字表_双源转录核对
罐		3499		1	通用规范汉字表_双源转录核对
矗		3500		1	通用规范汉字表_双源转录核对
乂		3501		2	通用规范汉字表_双源转录核对
乜		3502		2	通用规范汉字表_双源转录核对
兀		3503		2	通用规范汉字表_双源转录核对
弋		3504		2	通用规范汉字表_双源转录核对
孑		3505		2	通用规范汉字表_双源转录核对
孓		3506		2	通用规范汉字表_双源转录核对
幺		3507		2	通用规范汉字表_双源转录核对
亓		3508		2	通用规范汉字表_双源转录核对
韦		3509		2	通用规范汉字表_双源转录核对
廿		3510		2	通用规范汉字表_双源转录核对
丏		3511		2	通用规范汉字表_双源转录核对
卅		3512		2	通用规范汉字表_双源转录核对
仄		3513		2	通用规范汉字表_双源转录核对
厄		3514		2	通用规范汉字表_双源转录核对
仃		3515		2	通用规范汉字表_双源转录核对
仉		3516		2	通用规范汉字表_双源转录核对
仂		3517		2	通用规范汉字表_双源转录核对
兮		3518		2	通用规范汉字表_双源转录核对
刈		3519		2	通用规范汉字表_双源转录核对
爻		3520		2	通用规范汉字表_双源转录核对
卞		3521		2	通用规范汉字表_双源转录核对
闩		3522		2	通用规范汉字表_双源转录核对
讣		3523		2	通用规范汉字表_双源转录核对
尹		3524		2	通用规范汉字表_双源转录核对
夬		3525		2	通用规范汉字表_双源转录核对
爿		3526		2	通用规范汉字表_双源转录核对
毋		3527		2	通用规范汉字表_双源转录核对
邗		3528		2	通用规范汉字表_双源转录核对
邛		3529		2	通用规范汉字表_双源转录核对
艽		3530		2	通用规范汉字表_双源转录核对
艿		3531		2	通用规范汉字表_双源转录核对
札		3532		2	通用规范汉字表_双源转录核对
叵		3533		2	通用规范汉字表_双源转录核对
匝		3534		2	通用规范汉字表_双源转录核对
丕		3535		2	通用规范汉字表_双源转录核对
匜		3536		2	通用规范汉字表_双源转录核对
劢		3537		2	通用规范汉字表_双源转录核对
卟		3538		2	通用规范汉字表_双源转录核对
叱		3539		2	通用规范汉字表_双源转录核对
叻		3540		2	通用规范汉字表_双源转录核对
仨		3541		2	通用规范汉字表_双源转录核对
仕		3542		2	通用规范汉字表_双源转录核对
仟		3543		2	通用规范汉字表_双源转录核对
仡		3544		2	通用规范汉字表_双源转录核对
仫		3545		2	通用规范汉字表_双源转录核对
仞		3546		2	通用规范汉字表_双源转录核对
卮		3547		2	通用规范汉字表_双源转录核对
氐		3548		2	通用规范汉字表_双源转录核对
犰		3549		2	通用规范汉字表_双源转录核对
刍		3550		2	通用规范汉字表_双源转录核对
邝		3551		2	通用规范汉字表_双源转录核对
邙		3552		2	通用规范汉字表_双源转录核对
汀		3553		2	通用规范汉字表_双源转录核对
讦		3554		2	通用规范汉字表_双源转录核对
讧		3555		2	通用规范汉字表_双源转录核对
讪		3556		2	通用规范汉字表_双源转录核对
讫		3557		2	通用规范汉字表_双源转录核对
尻		3558		2	通用规范汉字表_双源转录核对
阡		3559		2	通用规范汉字表_双源转录核对
尕		3560		2	通用规范汉字表_双源转录核对
弁		3561		2	通用规范汉字表_双源转录核对
驭		3562		2	通用规范汉字表_双源转录核对
匡		3563		2	通用规范汉字表_双源转录核对
耒		3564		2	通用规范汉字表_双源转录核对
玎		3565		2	通用规范汉字表_双源转录核对
玑		3566		2	通用规范汉字表_双源转录核对
邢		3567		2	通用规范汉字表_双源转录核对
圩		3568		2	通用规范汉字表_双源转录核对
圬		3569		2	通用规范汉字表_双源转录核对
圭		3570		2	通用规范汉字表_双源转录核对
扦		3571		2	通用规范汉字表_双源转录核对
圪		3572		2	通用规范汉字表_双源转录核对
圳		3573		2	通用规范汉字表_双源转录核对
圹		3574		2	通用规范汉字表_双源转录核对
扪		3575		2	通用规范汉字表_双源转录核对
圮		3576		2	通用规范汉字表_双源转录核对
圯		3577		2	通用规范汉字表_双源转录核对
芊		3578		2	通用规范汉字表_双源转录核对
芍		3579		2	通用规范汉字表_双源转录核对
芄		3580		2	通用规范汉字表_双源转录核对
芨		3581		2	通用规范汉字表_双源转录核对
芑		3582		2	通用规范汉字表_双源转录核对
芎		3583		2	通用规范汉字表_双源转录核对
芗		3584		2	通用规范汉字表_双源转录核对
亘		3585		2	通用规范汉字表_双源转录核对
厍		3586		2	通用规范汉字表_双源转录核对
夼		3587		2	通用规范汉字表_双源转录核对
戍		3588		2	通用规范汉字表_双源转录核对
尥		3589		2	通用规范汉字表_双源转录核对
乩		3590		2	通用规范汉字表_双源转录核对
旯		3591		2	通用规范汉字表_双源转录核对
曳		3592		2	通用规范汉字表_双源转录核对
岌		3593		2	通用规范汉字表_双源转录核对
屺		3594		2	通用规范汉字表_双源转录核对
凼		3595		2	通用规范汉字表_双源转录核对
囡		3596		2	通用规范汉字表_双源转录核对
钇		3597		2	通用规范汉字表_双源转录核对
缶		3598		2	通用规范汉字表_双源转录核对
氘		3599		2	通用规范汉字表_双源转录核对
氖		3600		2	通用规范汉字表_双源转录核对
牝		3601		2	通用规范汉字表_双源转录核对
伎		3602		2	通用规范汉字表_双源转录核对
伛		3603		2	通用规范汉字表_双源转录核对
伢		3604		2	通用规范汉字表_双源转录核对
佤		3605		2	通用规范汉字表_双源转录核对
仵		3606		2	通用规范汉字表_双源转录核对
伥		3607		2	通用规范汉字表_双源转录核对
伧		3608		2	通用规范汉字表_双源转录核对
伉		3609		2	通用规范汉字表_双源转录核对
伫		3610		2	通用规范汉字表_双源转录核对
囟		3611		2	通用规范汉字表_双源转录核对
汆		3612		2	通用规范汉字表_双源转录核对
刖		3613		2	通用规范汉字表_双源转录核对
夙		3614		2	通用规范汉字表_双源转录核对
旮		3615		2	通用规范汉字表_双源转录核对
刎		3616		2	通用规范汉字表_双源转录核对
犷		3617		2	通用规范汉字表_双源转录核对
犸		3618		2	通用规范汉字表_双源转录核对
舛		3619		2	通用规范汉字表_双源转录核对
凫		3620		2	通用规范汉字表_双源转录核对
邬		3621		2	通用规范汉字表_双源转录核对
饧		3622		2	通用规范汉字表_双源转录核对
汕		3623		2	通用规范汉字表_双源转录核对
汔		3624		2	通用规范汉字表_双源转录核对
汐		3625		2	通用规范汉字表_双源转录核对
汲		3626		2	通用规范汉字表_双源转录核对
汜		3627		2	通用规范汉字表_双源转录核对
汊		3628		2	通用规范汉字表_双源转录核对
忖		3629		2	通用规范汉字表_双源转录核对
忏		3630		2	通用规范汉字表_双源转录核对
讴		3631		2	通用规范汉字表_双源转录核对
讵		3632		2	通用规范汉字表_双源转录核对
祁		3633		2	通用规范汉字表_双源转录核对
讷		3634		2	通用规范汉字表_双源转录核对
聿		3635		2	通用规范汉字表_双源转录核对
艮		3636		2	通用规范汉字表_双源转录核对
厾		3637		2	通用规范汉字表_双源转录核对
阱		3638		2	通用规范汉字表_双源转录核对
阮		3639		2	通用规范汉字表_双源转录核对
阪		3640		2	通用规范汉字表_双源转录核对
丞		3641		2	通用规范汉字表_双源转录核对
妁		3642		2	通用规范汉字表_双源转录核对
牟		3643		2	通用规范汉字表_双源转录核对
纡		3644		2	通用规范汉字表_双源转录核对
纣		3645		2	通用规范汉字表_双源转录核对
纥		3646		2	通用规范汉字表_双源转录核对
纨		3647		2	通用规范汉字表_双源转录核对
玕		3648		2	通用规范汉字表_双源转录核对
玙		3649		2	通用规范汉字表_双源转录核对
抟		3650		2	通用规范汉字表_双源转录核对
抔		3651		2	通用规范汉字表_双源转录核对
圻		3652		2	通用规范汉字表_双源转录核对
坂		3653		2	通用规范汉字表_双源转录核对
坍		3654		2	通用规范汉字表_双源转录核对
坞		3655		2	通用规范汉字表_双源转录核对
抃		3656		2	通用规范汉字表_双源转录核对
抉		3657		2	通用规范汉字表_双源转录核对
㧐		3658		2	通用规范汉字表_双源转录核对
芫		3659		2	通用规范汉字表_双源转录核对
邯		3660		2	通用规范汉字表_双源转录核对
芸		3661		2	通用规范汉字表_双源转录核对
芾		3662		2	通用规范汉字表_双源转录核对
苈		3663		2	通用规范汉字表_双源转录核对
苣		3664		2	通用规范汉字表_双源转录核对
芷		3665		2	通用规范汉字表_双源转录核对
芮		3666		2	通用规范汉字表_双源转录核对
苋		3667		2	通用规范汉字表_双源转录核对
芼		3668		2	通用规范汉字表_双源转录核对
苌		3669		2	通用规范汉字表_双源转录核对
苁		3670		2	通用规范汉字表_双源转录核对
芩		3671		2	通用规范汉字表_双源转录核对
芪		3672		2	通用规范汉字表_双源转录核对
芡		3673		2	通用规范汉字表_双源转录核对
芟		3674		2	通用规范汉字表_双源转录核对
苄		3675		2	通用规范汉字表_双源转录核对
苎		3676		2	通用规范汉字表_双源转录核对
苡		3677		2	通用规范汉字表_双源转录核对
杌		3678		2	通用规范汉字表_双源转录核对
杓		3679		2	通用规范汉字表_双源转录核对
杞		3680		2	通用规范汉字表_双源转录核对
杈		3681		2	通用规范汉字表_双源转录核对
忑		3682		2	通用规范汉字表_双源转录核对
孛		3683		2	通用规范汉字表_双源转录核对
邴		3684		2	通用规范汉字表_双源转录核对
邳		3685		2	通用规范汉字表_双源转录核对
矶		3686		2	通用规范汉字表_双源转录核对
奁		3687		2	通用规范汉字表_双源转录核对
豕		3688		2	通用规范汉字表_双源转录核对
忒		3689		2	通用规范汉字表_双源转录核对
欤		3690		2	通用规范汉字表_双源转录核对
轫		3691		2	通用规范汉字表_双源转录核对
迓		3692		2	通用规范汉字表_双源转录核对
邶		3693		2	通用规范汉字表_双源转录核对
忐		3694		2	通用规范汉字表_双源转录核对
卣		3695		2	通用规范汉字表_双源转录核对
邺		3696		2	通用规范汉字表_双源转录核对
旰		3697		2	通用规范汉字表_双源转录核对
呋		3698		2	通用规范汉字表_双源转录核对
呒		3699		2	通用规范汉字表_双源转录核对
呓		3700		2	通用规范汉字表_双源转录核对
呔		3701		2	通用规范汉字表_双源转录核对
呖		3702		2	通用规范汉字表_双源转录核对
呃		3703		2	通用规范汉字表_双源转录核对
旸		3704		2	通用规范汉字表_双源转录核对
吡		3705		2	通用规范汉字表_双源转录核对
町		3706		2	通用规范汉字表_双源转录核对
虬		3707		2	通用规范汉字表_双源转录核对
呗		3708		2	通用规范汉字表_双源转录核对
吽		3709		2	通用规范汉字表_双源转录核对
吣		3710		2	通用规范汉字表_双源转录核对
吲		3711		2	通用规范汉字表_双源转录核对
帏		3712		2	通用规范汉字表_双源转录核对
岐		3713		2	通用规范汉字表_双源转录核对
岈		3714		2	通用规范汉字表_双源转录核对
岘		3715		2	通用规范汉字表_双源转录核对
岑		3716		2	通用规范汉字表_双源转录核对
岚		3717		2	通用规范汉字表_双源转录核对
兕		3718		2	通用规范汉字表_双源转录核对
囵		3719		2	通用规范汉字表_双源转录核对
囫		3720		2	通用规范汉字表_双源转录核对
钊		3721		2	通用规范汉字表_双源转录核对
钋		3722		2	通用规范汉字表_双源转录核对
钌		3723		2	通用规范汉字表_双源转录核对
迕		3724		2	通用规范汉字表_双源转录核对
氙		3725		2	通用规范汉字表_双源转录核对
氚		3726		2	通用规范汉字表_双源转录核对
牤		3727		2	通用规范汉字表_双源转录核对
佞		3728		2	通用规范汉字表_双源转录核对
邱		3729		2	通用规范汉字表_双源转录核对
攸		3730		2	通用规范汉字表_双源转录核对
佚		3731		2	通用规范汉字表_双源转录核对
佝		3732		2	通用规范汉字表_双源转录核对
佟		3733		2	通用规范汉字表_双源转录核对
佗		3734		2	通用规范汉字表_双源转录核对
伽		3735		2	通用规范汉字表_双源转录核对
彷		3736		2	通用规范汉字表_双源转录核对
佘		3737		2	通用规范汉字表_双源转录核对
佥		3738		2	通用规范汉字表_双源转录核对
孚		3739		2	通用规范汉字表_双源转录核对
豸		3740		2	通用规范汉字表_双源转录核对
坌		3741		2	通用规范汉字表_双源转录核对
肟		3742		2	通用规范汉字表_双源转录核对
邸		3743		2	通用规范汉字表_双源转录核对
奂		3744		2	通用规范汉字表_双源转录核对
劬		3745		2	通用规范汉字表_双源转录核对
狄		3746		2	通用规范汉字表_双源转录核对
狁		3747		2	通用规范汉字表_双源转录核对
鸠		3748		2	通用规范汉字表_双源转录核对
邹		3749		2	通用规范汉字表_双源转录核对
饨		3750		2	通用规范汉字表_双源转录核对
饩		3751		2	通用规范汉字表_双源转录核对
饪		3752		2	通用规范汉字表_双源转录核对
饫		3753		2	通用规范汉字表_双源转录核对
饬		3754		2	通用规范汉字表_双源转录核对
亨		3755		2	通用规范汉字表_双源转录核对
庑		3756		2	通用规范汉字表_双源转录核对
庋		3757		2	通用规范汉字表_双源转录核对
疔		3758		2	通用规范汉字表_双源转录核对
疖		3759		2	通用规范汉字表_双源转录核对
肓		3760		2	通用规范汉字表_双源转录核对
闱		3761		2	通用规范汉字表_双源转录核对
闳		3762		2	通用规范汉字表_双源转录核对
闵		3763		2	通用规范汉字表_双源转录核对
羌		3764		2	通用规范汉字表_双源转录核对
炀		3765		2	通用规范汉字表_双源转录核对
沣		3766		2	通用规范汉字表_双源转录核对
沅		3767		2	通用规范汉字表_双源转录核对
沔		3768		2	通用规范汉字表_双源转录核对
沤		3769		2	通用规范汉字表_双源转录核对
沌		3770		2	通用规范汉字表_双源转录核对
沏		3771		2	通用规范汉字表_双源转录核对
沚		3772		2	通用规范汉字表_双源转录核对
汩		3773		2	通用规范汉字表_双源转录核对
汨		3774		2	通用规范汉字表_双源转录核对
沂		3775		2	通用规范汉字表_双源转录核对
汾		3776		2	通用规范汉字表_双源转录核对
沨		3777		2	通用规范汉字表_双源转录核对
汴		3778		2	通用规范汉字表_双源转录核对
汶		3779		2	通用规范汉字表_双源转录核对
沆		3780		2	通用规范汉字表_双源转录核对
沩		3781		2	通用规范汉字表_双源转录核对
泐		3782		2	通用规范汉字表_双源转录核对
怃		3783		2	通用规范汉字表_双源转录核对
怄		3784		2	通用规范汉字表_双源转录核对
忡		3785		2	通用规范汉字表_双源转录核对
忤		3786		2	通用规范汉字表_双源转录核对
忾		3787		2	通用规范汉字表_双源转录核对
怅		3788		2	通用规范汉字表_双源转录核对
忻		3789		2	通用规范汉字表_双源转录核对
忪		3790		2	通用规范汉字表_双源转录核对
怆		3791		2	通用规范汉字表_双源转录核对
忭		3792		2	通用规范汉字表_双源转录核对
忸		3793		2	通用规范汉字表_双源转录核对
诂		3794		2	通用规范汉字表_双源转录核对
诃		3795		2	通用规范汉字表_双源转录核对
诅		3796		2	通用规范汉字表_双源转录核对
诋		3797		2	通用规范汉字表_双源转录核对
诌		3798		2	通用规范汉字表_双源转录核对
诏		3799		2	通用规范汉字表_双源转录核对
诒		3800		2	通用规范汉字表_双源转录核对
孜		3801		2	通用规范汉字表_双源转录核对
陇		3802		2	通用规范汉字表_双源转录核对
陀		3803		2	通用规范汉字表_双源转录核对
陂		3804		2	通用规范汉字表_双源转录核对
陉		3805		2	通用规范汉字表_双源转录核对
妍		3806		2	通用规范汉字表_双源转录核对
妩		3807		2	通用规范汉字表_双源转录核对
妪		3808		2	通用规范汉字表_双源转录核对
妣		3809		2	通用规范汉字表_双源转录核对
妊		3810		2	通用规范汉字表_双源转录核对
妗		3811		2	通用规范汉字表_双源转录核对
妫		3812		2	通用规范汉字表_双源转录核对
妞		3813		2	通用规范汉字表_双源转录核对
姒		3814		2	通用规范汉字表_双源转录核对
妤		3815		2	通用规范汉字表_双源转录核对
邵		3816		2	通用规范汉字表_双源转录核对
劭		3817		2	通用规范汉字表_双源转录核对
刭		3818		2	通用规范汉字表_双源转录核对
甬		3819		2	通用规范汉字表_双源转录核对
邰		3820		2	通用规范汉字表_双源转录核对
纭		3821		2	通用规范汉字表_双源转录核对
纰		3822		2	通用规范汉字表_双源转录核对
纴		3823		2	通用规范汉字表_双源转录核对
纶		3824		2	通用规范汉字表_双源转录核对
纾		3825		2	通用规范汉字表_双源转录核对
玮		3826		2	通用规范汉字表_双源转录核对
玡		3827		2	通用规范汉字表_双源转录核对
玭		3828		2	通用规范汉字表_双源转录核对
玠		3829		2	通用规范汉字表_双源转录核对
玢		3830		2	通用规范汉字表_双源转录核对
玥		3831		2	通用规范汉字表_双源转录核对
玦		3832		2	通用规范汉字表_双源转录核对
盂		3833		2	通用规范汉字表_双源转录核对
忝		3834		2	通用规范汉字表_双源转录核对
匦		3835		2	通用规范汉字表_双源转录核对
坩		3836		2	通用规范汉字表_双源转录核对
抨		3837		2	通用规范汉字表_双源转录核对
拤		3838		2	通用规范汉字表_双源转录核对
坫		3839		2	通用规范汉字表_双源转录核对
拈		3840		2	通用规范汉字表_双源转录核对
垆		3841		2	通用规范汉字表_双源转录核对
抻		3842		2	通用规范汉字表_双源转录核对
劼		3843		2	通用规范汉字表_双源转录核对
拃		3844		2	通用规范汉字表_双源转录核对
拊		3845		2	通用规范汉字表_双源转录核对
坼		3846		2	通用规范汉字表_双源转录核对
坻		3847		2	通用规范汉字表_双源转录核对
㧟		3848		2	通用规范汉字表_双源转录核对
坨		3849		2	通用规范汉字表_双源转录核对
坭		3850		2	通用规范汉字表_双源转录核对
抿		3851		2	通用规范汉字表_双源转录核对
坳		3852		2	通用规范汉字表_双源转录核对
耶		3853		2	通用规范汉字表_双源转录核对
苷		3854		2	通用规范汉字表_双源转录核对
苯		3855		2	通用规范汉字表_双源转录核对
苤		3856		2	通用规范汉字表_双源转录核对
茏		3857		2	通用规范汉字表_双源转录核对
苫		3858		2	通用规范汉字表_双源转录核对
苜		3859		2	通用规范汉字表_双源转录核对
苴		3860		2	通用规范汉字表_双源转录核对
苒		3861		2	通用规范汉字表_双源转录核对
苘		3862		2	通用规范汉字表_双源转录核对
茌		3863		2	通用规范汉字表_双源转录核对
苻		3864		2	通用规范汉字表_双源转录核对
苓		3865		2	通用规范汉字表_双源转录核对
茚		3866		2	通用规范汉字表_双源转录核对
茆		3867		2	通用规范汉字表_双源转录核对
茑		3868		2	通用规范汉字表_双源转录核对
茓		3869		2	通用规范汉字表_双源转录核对
茔		3870		2	通用规范汉字表_双源转录核对
茕		3871		2	通用规范汉字表_双源转录核对
茀		3872		2	通用规范汉字表_双源转录核对
苕		3873		2	通用规范汉字表_双源转录核对
枥		3874		2	通用规范汉字表_双源转录核对
枇		3875		2	通用规范汉字表_双源转录核对
杪		3876		2	通用规范汉字表_双源转录核对
杳		3877		2	通用规范汉字表_双源转录核对
枧		3878		2	通用规范汉字表_双源转录核对
杵		3879		2	通用规范汉字表_双源转录核对
枨		3880		2	通用规范汉字表_双源转录核对
枞		3881		2	通用规范汉字表_双源转录核对
枋		3882		2	通用规范汉字表_双源转录核对
杻		3883		2	通用规范汉字表_双源转录核对
杷		3884		2	通用规范汉字表_双源转录核对
杼		3885		2	通用规范汉字表_双源转录核对
矸		3886		2	通用规范汉字表_双源转录核对
砀		3887		2	通用规范汉字表_双源转录核对
刳		3888		2	通用规范汉字表_双源转录核对
奄		3889		2	通用规范汉字表_双源转录核对
瓯		3890		2	通用规范汉字表_双源转录核对
殁		3891		2	通用规范汉字表_双源转录核对
郏		3892		2	通用规范汉字表_双源转录核对
轭		3893		2	通用规范汉字表_双源转录核对
郅		3894		2	通用规范汉字表_双源转录核对
鸢		3895		2	通用规范汉字表_双源转录核对
盱		3896		2	通用规范汉字表_双源转录核对
昊		3897		2	通用规范汉字表_双源转录核对
昙		3898		2	通用规范汉字表_双源转录核对
杲		3899		2	通用规范汉字表_双源转录核对
昃		3900		2	通用规范汉字表_双源转录核对
咂		3901		2	通用规范汉字表_双源转录核对
呸		3902		2	通用规范汉字表_双源转录核对
昕		3903		2	通用规范汉字表_双源转录核对
昀		3904		2	通用规范汉字表_双源转录核对
旻		3905		2	通用规范汉字表_双源转录核对
昉		3906		2	通用规范汉字表_双源转录核对
炅		3907		2	通用规范汉字表_双源转录核对
咔		3908		2	通用规范汉字表_双源转录核对
畀		3909		2	通用规范汉字表_双源转录核对
虮		3910		2	通用规范汉字表_双源转录核对
咀		3911		2	通用规范汉字表_双源转录核对
呷		3912		2	通用规范汉字表_双源转录核对
黾		3913		2	通用规范汉字表_双源转录核对
呱		3914		2	通用规范汉字表_双源转录核对
呤		3915		2	通用规范汉字表_双源转录核对
咚		3916		2	通用规范汉字表_双源转录核对
咆		3917		2	通用规范汉字表_双源转录核对
咛		3918		2	通用规范汉字表_双源转录核对
呶		3919		2	通用规范汉字表_双源转录核对
呣		3920		2	通用规范汉字表_双源转录核对
呦		3921		2	通用规范汉字表_双源转录核对
咝		3922		2	通用规范汉字表_双源转录核对
岢		3923		2	通用规范汉字表_双源转录核对
岿		3924		2	通用规范汉字表_双源转录核对
岬		3925		2	通用规范汉字表_双源转录核对
岫		3926		2	通用规范汉字表_双源转录核对
帙		3927		2	通用规范汉字表_双源转录核对
岣		3928		2	通用规范汉字表_双源转录核对
峁		3929		2	通用规范汉字表_双源转录核对
刿		3930		2	通用规范汉字表_双源转录核对
迥		3931		2	通用规范汉字表_双源转录核对
岷		3932		2	通用规范汉字表_双源转录核对
剀		3933		2	通用规范汉字表_双源转录核对
帔		3934		2	通用规范汉字表_双源转录核对
峄		3935		2	通用规范汉字表_双源转录核对
沓		3936		2	通用规范汉字表_双源转录核对
囹		3937		2	通用规范汉字表_双源转录核对
罔		3938		2	通用规范汉字表_双源转录核对
钍		3939		2	通用规范汉字表_双源转录核对
钎		3940		2	通用规范汉字表_双源转录核对
钏		3941		2	通用规范汉字表_双源转录核对
钒		3942		2	通用规范汉字表_双源转录核对
钕		3943		2	通用规范汉字表_双源转录核对
钗		3944		2	通用规范汉字表_双源转录核对
邾		3945		2	通用规范汉字表_双源转录核对
迮		3946		2	通用规范汉字表_双源转录核对
牦		3947		2	通用规范汉字表_双源转录核对
竺		3948		2	通用规范汉字表_双源转录核对
迤		3949		2	通用规范汉字表_双源转录核对
佶		3950		2	通用规范汉字表_双源转录核对
佬		3951		2	通用规范汉字表_双源转录核对
佰		3952		2	通用规范汉字表_双源转录核对
侑		3953		2	通用规范汉字表_双源转录核对
侉		3954		2	通用规范汉字表_双源转录核对
臾		3955		2	通用规范汉字表_双源转录核对
岱		3956		2	通用规范汉字表_双源转录核对
侗		3957		2	通用规范汉字表_双源转录核对
侃		3958		2	通用规范汉字表_双源转录核对
侏		3959		2	通用规范汉字表_双源转录核对
侩		3960		2	通用规范汉字表_双源转录核对
佻		3961		2	通用规范汉字表_双源转录核对
佾		3962		2	通用规范汉字表_双源转录核对
侪		3963		2	通用规范汉字表_双源转录核对
佼		3964		2	通用规范汉字表_双源转录核对
佯		3965		2	通用规范汉字表_双源转录核对
侬		3966		2	通用规范汉字表_双源转录核对
帛		3967		2	通用规范汉字表_双源转录核对
阜		3968		2	通用规范汉字表_双源转录核对
侔		3969		2	通用规范汉字表_双源转录核对
徂		3970		2	通用规范汉字表_双源转录核对
刽		3971		2	通用规范汉字表_双源转录核对
郄		3972		2	通用规范汉字表_双源转录核对
怂		3973		2	通用规范汉字表_双源转录核对
籴		3974		2	通用规范汉字表_双源转录核对
瓮		3975		2	通用规范汉字表_双源转录核对
戗		3976		2	通用规范汉字表_双源转录核对
肼		3977		2	通用规范汉字表_双源转录核对
䏝		3978		2	通用规范汉字表_双源转录核对
肽		3979		2	通用规范汉字表_双源转录核对
肱		3980		2	通用规范汉字表_双源转录核对
肫		3981		2	通用规范汉字表_双源转录核对
剁		3982		2	通用规范汉字表_双源转录核对
迩		3983		2	通用规范汉字表_双源转录核对
郇		3984		2	通用规范汉字表_双源转录核对
狙		3985		2	通用规范汉字表_双源转录核对
狎		3986		2	通用规范汉字表_双源转录核对
狍		3987		2	通用规范汉字表_双源转录核对
狒		3988		2	通用规范汉字表_双源转录核对
咎		3989		2	通用规范汉字表_双源转录核对
炙		3990		2	通用规范汉字表_双源转录核对
枭		3991		2	通用规范汉字表_双源转录核对
饯		3992		2	通用规范汉字表_双源转录核对
饴		3993		2	通用规范汉字表_双源转录核对
冽		3994		2	通用规范汉字表_双源转录核对
冼		3995		2	通用规范汉字表_双源转录核对
庖		3996		2	通用规范汉字表_双源转录核对
疠		3997		2	通用规范汉字表_双源转录核对
疝		3998		2	通用规范汉字表_双源转录核对
疡		3999		2	通用规范汉字表_双源转录核对
兖		4000		2	通用规范汉字表_双源转录核对
妾		4001		2	通用规范汉字表_双源转录核对
劾		4002		2	通用规范汉字表_双源转录核对
炜		4003		2	通用规范汉字表_双源转录核对
𬉼		4004		2	通用规范汉字表_双源转录核对
炖		4005		2	通用规范汉字表_双源转录核对
炘		4006		2	通用规范汉字表_双源转录核对
炝		4007		2	通用规范汉字表_双源转录核对
炔		4008		2	通用规范汉字表_双源转录核对
泔		4009		2	通用规范汉字表_双源转录核对
沭		4010		2	通用规范汉字表_双源转录核对
泷		4011		2	通用规范汉字表_双源转录核对
泸		4012		2	通用规范汉字表_双源转录核对
泱		4013		2	通用规范汉字表_双源转录核对
泅		4014		2	通用规范汉字表_双源转录核对
泗		4015		2	通用规范汉字表_双源转录核对
泠		4016		2	通用规范汉字表_双源转录核对
泺		4017		2	通用规范汉字表_双源转录核对
泖		4018		2	通用规范汉字表_双源转录核对
泫		4019		2	通用规范汉字表_双源转录核对
泮		4020		2	通用规范汉字表_双源转录核对
沱		4021		2	通用规范汉字表_双源转录核对
泯		4022		2	通用规范汉字表_双源转录核对
泓		4023		2	通用规范汉字表_双源转录核对
泾		4024		2	通用规范汉字表_双源转录核对
怙		4025		2	通用规范汉字表_双源转录核对
怵		4026		2	通用规范汉字表_双源转录核对
怦		4027		2	通用规范汉字表_双源转录核对
怛		4028		2	通用规范汉字表_双源转录核对
怏		4029		2	通用规范汉字表_双源转录核对
怍		4030		2	通用规范汉字表_双源转录核对
㤘		4031		2	通用规范汉字表_双源转录核对
怩		4032		2	通用规范汉字表_双源转录核对
怫		4033		2	通用规范汉字表_双源转录核对
怿		4034		2	通用规范汉字表_双源转录核对
宕		4035		2	通用规范汉字表_双源转录核对
穹		4036		2	通用规范汉字表_双源转录核对
宓		4037		2	通用规范汉字表_双源转录核对
诓		4038		2	通用规范汉字表_双源转录核对
诔		4039		2	通用规范汉字表_双源转录核对
诖		4040		2	通用规范汉字表_双源转录核对
诘		4041		2	通用规范汉字表_双源转录核对
戾		4042		2	通用规范汉字表_双源转录核对
诙		4043		2	通用规范汉字表_双源转录核对
戽		4044		2	通用规范汉字表_双源转录核对
郓		4045		2	通用规范汉字表_双源转录核对
衩		4046		2	通用规范汉字表_双源转录核对
祆		4047		2	通用规范汉字表_双源转录核对
祎		4048		2	通用规范汉字表_双源转录核对
祉		4049		2	通用规范汉字表_双源转录核对
祇		4050		2	通用规范汉字表_双源转录核对
诛		4051		2	通用规范汉字表_双源转录核对
诜		4052		2	通用规范汉字表_双源转录核对
诟		4053		2	通用规范汉字表_双源转录核对
诠		4054		2	通用规范汉字表_双源转录核对
诣		4055		2	通用规范汉字表_双源转录核对
诤		4056		2	通用规范汉字表_双源转录核对
诧		4057		2	通用规范汉字表_双源转录核对
诨		4058		2	通用规范汉字表_双源转录核对
诩		4059		2	通用规范汉字表_双源转录核对
戕		4060		2	通用规范汉字表_双源转录核对
孢		4061		2	通用规范汉字表_双源转录核对
亟		4062		2	通用规范汉字表_双源转录核对
陔		4063		2	通用规范汉字表_双源转录核对
妲		4064		2	通用规范汉字表_双源转录核对
妯		4065		2	通用规范汉字表_双源转录核对
姗		4066		2	通用规范汉字表_双源转录核对
帑		4067		2	通用规范汉字表_双源转录核对
弩		4068		2	通用规范汉字表_双源转录核对
孥		4069		2	通用规范汉字表_双源转录核对
驽		4070		2	通用规范汉字表_双源转录核对
虱		4071		2	通用规范汉字表_双源转录核对
迦		4072		2	通用规范汉字表_双源转录核对
迨		4073		2	通用规范汉字表_双源转录核对
绀		4074		2	通用规范汉字表_双源转录核对
绁		4075		2	通用规范汉字表_双源转录核对
绂		4076		2	通用规范汉字表_双源转录核对
驷		4077		2	通用规范汉字表_双源转录核对
驸		4078		2	通用规范汉字表_双源转录核对
绉		4079		2	通用规范汉字表_双源转录核对
绌		4080		2	通用规范汉字表_双源转录核对
驿		4081		2	通用规范汉字表_双源转录核对
骀		4082		2	通用规范汉字表_双源转录核对
甾		4083		2	通用规范汉字表_双源转录核对
珏		4084		2	通用规范汉字表_双源转录核对
珐		4085		2	通用规范汉字表_双源转录核对
珂		4086		2	通用规范汉字表_双源转录核对
珑		4087		2	通用规范汉字表_双源转录核对
玳		4088		2	通用规范汉字表_双源转录核对
珀		4089		2	通用规范汉字表_双源转录核对
顸		4090		2	通用规范汉字表_双源转录核对
珉		4091		2	通用规范汉字表_双源转录核对
珈		4092		2	通用规范汉字表_双源转录核对
拮		4093		2	通用规范汉字表_双源转录核对
垭		4094		2	通用规范汉字表_双源转录核对
挝		4095		2	通用规范汉字表_双源转录核对
垣		4096		2	通用规范汉字表_双源转录核对
挞		4097		2	通用规范汉字表_双源转录核对
垤		4098		2	通用规范汉字表_双源转录核对
赳		4099		2	通用规范汉字表_双源转录核对
贲		4100		2	通用规范汉字表_双源转录核对
垱		4101		2	通用规范汉字表_双源转录核对
垌		4102		2	通用规范汉字表_双源转录核对
郝		4103		2	通用规范汉字表_双源转录核对
垧		4104		2	通用规范汉字表_双源转录核对
垓		4105		2	通用规范汉字表_双源转录核对
挦		4106		2	通用规范汉字表_双源转录核对
垠		4107		2	通用规范汉字表_双源转录核对
茜		4108		2	通用规范汉字表_双源转录核对
荚		4109		2	通用规范汉字表_双源转录核对
荑		4110		2	通用规范汉字表_双源转录核对
贳		4111		2	通用规范汉字表_双源转录核对
荜		4112		2	通用规范汉字表_双源转录核对
莒		4113		2	通用规范汉字表_双源转录核对
茼		4114		2	通用规范汉字表_双源转录核对
茴		4115		2	通用规范汉字表_双源转录核对
茱		4116		2	通用规范汉字表_双源转录核对
莛		4117		2	通用规范汉字表_双源转录核对
荞		4118		2	通用规范汉字表_双源转录核对
茯		4119		2	通用规范汉字表_双源转录核对
荏		4120		2	通用规范汉字表_双源转录核对
荇		4121		2	通用规范汉字表_双源转录核对
荃		4122		2	通用规范汉字表_双源转录核对
荟		4123		2	通用规范汉字表_双源转录核对
荀		4124		2	通用规范汉字表_双源转录核对
茗		4125		2	通用规范汉字表_双源转录核对
荠		4126		2	通用规范汉字表_双源转录核对
茭		4127		2	通用规范汉字表_双源转录核对
茨		4128		2	通用规范汉字表_双源转录核对
垩		4129		2	通用规范汉字表_双源转录核对
荥		4130		2	通用规范汉字表_双源转录核对
荦		4131		2	通用规范汉字表_双源转录核对
荨		4132		2	通用规范汉字表_双源转录核对
荩		4133		2	通用规范汉字表_双源转录核对
剋		4134		2	通用规范汉字表_双源转录核对
荪		4135		2	通用规范汉字表_双源转录核对
茹		4136		2	通用规范汉字表_双源转录核对
荬		4137		2	通用规范汉字表_双源转录核对
荮		4138		2	通用规范汉字表_双源转录核对
柰		4139		2	通用规范汉字表_双源转录核对
栉		4140		2	通用规范汉字表_双源转录核对
柯		4141		2	通用规范汉字表_双源转录核对
柘		4142		2	通用规范汉字表_双源转录核对
栊		4143		2	通用规范汉字表_双源转录核对
柩		4144		2	通用规范汉字表_双源转录核对
枰		4145		2	通用规范汉字表_双源转录核对
栌		4146		2	通用规范汉字表_双源转录核对
柙		4147		2	通用规范汉字表_双源转录核对
枵		4148		2	通用规范汉字表_双源转录核对
柚		4149		2	通用规范汉字表_双源转录核对
枳		4150		2	通用规范汉字表_双源转录核对
柞		4151		2	通用规范汉字表_双源转录核对
柝		4152		2	通用规范汉字表_双源转录核对
栀		4153		2	通用规范汉字表_双源转录核对
柢		4154		2	通用规范汉字表_双源转录核对
栎		4155		2	通用规范汉字表_双源转录核对
枸		4156		2	通用规范汉字表_双源转录核对
柈		4157		2	通用规范汉字表_双源转录核对
柁		4158		2	通用规范汉字表_双源转录核对
枷		4159		2	通用规范汉字表_双源转录核对
柽		4160		2	通用规范汉字表_双源转录核对
剌		4161		2	通用规范汉字表_双源转录核对
酊		4162		2	通用规范汉字表_双源转录核对
郦		4163		2	通用规范汉字表_双源转录核对
甭		4164		2	通用规范汉字表_双源转录核对
砗		4165		2	通用规范汉字表_双源转录核对
砘		4166		2	通用规范汉字表_双源转录核对
砒		4167		2	通用规范汉字表_双源转录核对
斫		4168		2	通用规范汉字表_双源转录核对
砭		4169		2	通用规范汉字表_双源转录核对
砜		4170		2	通用规范汉字表_双源转录核对
奎		4171		2	通用规范汉字表_双源转录核对
耷		4172		2	通用规范汉字表_双源转录核对
虺		4173		2	通用规范汉字表_双源转录核对
殂		4174		2	通用规范汉字表_双源转录核对
殇		4175		2	通用规范汉字表_双源转录核对
殄		4176		2	通用规范汉字表_双源转录核对
殆		4177		2	通用规范汉字表_双源转录核对
轱		4178		2	通用规范汉字表_双源转录核对
轲		4179		2	通用规范汉字表_双源转录核对
轳		4180		2	通用规范汉字表_双源转录核对
轶		4181		2	通用规范汉字表_双源转录核对
轸		4182		2	通用规范汉字表_双源转录核对
虿		4183		2	通用规范汉字表_双源转录核对
毖		4184		2	通用规范汉字表_双源转录核对
觇		4185		2	通用规范汉字表_双源转录核对
尜		4186		2	通用规范汉字表_双源转录核对
哐		4187		2	通用规范汉字表_双源转录核对
眄		4188		2	通用规范汉字表_双源转录核对
眍		4189		2	通用规范汉字表_双源转录核对
𠳐		4190		2	通用规范汉字表_双源转录核对
郢		4191		2	通用规范汉字表_双源转录核对
眇		4192		2	通用规范汉字表_双源转录核对
眊		4193		2	通用规范汉字表_双源转录核对
眈		4194		2	通用规范汉字表_双源转录核对
禺		4195		2	通用规范汉字表_双源转录核对
哂		4196		2	通用规范汉字表_双源转录核对
咴		4197		2	通用规范汉字表_双源转录核对
曷		4198		2	通用规范汉字表_双源转录核对
昴		4199		2	通用规范汉字表_双源转录核对
昱		4200		2	通用规范汉字表_双源转录核对
昵		4201		2	通用规范汉字表_双源转录核对
咦		4202		2	通用规范汉字表_双源转录核对
哓		4203		2	通用规范汉字表_双源转录核对
哔		4204		2	通用规范汉字表_双源转录核对
畎		4205		2	通用规范汉字表_双源转录核对
毗		4206		2	通用规范汉字表_双源转录核对
呲		4207		2	通用规范汉字表_双源转录核对
胄		4208		2	通用规范汉字表_双源转录核对
畋		4209		2	通用规范汉字表_双源转录核对
畈		4210		2	通用规范汉字表_双源转录核对
虼		4211		2	通用规范汉字表_双源转录核对
虻		4212		2	通用规范汉字表_双源转录核对
盅		4213		2	通用规范汉字表_双源转录核对
咣		4214		2	通用规范汉字表_双源转录核对
哕		4215		2	通用规范汉字表_双源转录核对
剐		4216		2	通用规范汉字表_双源转录核对
郧		4217		2	通用规范汉字表_双源转录核对
咻		4218		2	通用规范汉字表_双源转录核对
囿		4219		2	通用规范汉字表_双源转录核对
咿		4220		2	通用规范汉字表_双源转录核对
哌		4221		2	通用规范汉字表_双源转录核对
哙		4222		2	通用规范汉字表_双源转录核对
哚		4223		2	通用规范汉字表_双源转录核对
咯		4224		2	通用规范汉字表_双源转录核对
咩		4225		2	通用规范汉字表_双源转录核对
咤		4226		2	通用规范汉字表_双源转录核对
哝		4227		2	通用规范汉字表_双源转录核对
哏		4228		2	通用规范汉字表_双源转录核对
哞		4229		2	通用规范汉字表_双源转录核对
峙		4230		2	通用规范汉字表_双源转录核对
峣		4231		2	通用规范汉字表_双源转录核对
罘		4232		2	通用规范汉字表_双源转录核对
帧		4233		2	通用规范汉字表_双源转录核对
峒		4234		2	通用规范汉字表_双源转录核对
峤		4235		2	通用规范汉字表_双源转录核对
峋		4236		2	通用规范汉字表_双源转录核对
峥		4237		2	通用规范汉字表_双源转录核对
贶		4238		2	通用规范汉字表_双源转录核对
钚		4239		2	通用规范汉字表_双源转录核对
钛		4240		2	通用规范汉字表_双源转录核对
钡		4241		2	通用规范汉字表_双源转录核对
钣		4242		2	通用规范汉字表_双源转录核对
钤		4243		2	通用规范汉字表_双源转录核对
钨		4244		2	通用规范汉字表_双源转录核对
钫		4245		2	通用规范汉字表_双源转录核对
钯		4246		2	通用规范汉字表_双源转录核对
氡		4247		2	通用规范汉字表_双源转录核对
氟		4248		2	通用规范汉字表_双源转录核对
牯		4249		2	通用规范汉字表_双源转录核对
郜		4250		2	通用规范汉字表_双源转录核对
秕		4251		2	通用规范汉字表_双源转录核对
秭		4252		2	通用规范汉字表_双源转录核对
竽		4253		2	通用规范汉字表_双源转录核对
笈		4254		2	通用规范汉字表_双源转录核对
笃		4255		2	通用规范汉字表_双源转录核对
俦		4256		2	通用规范汉字表_双源转录核对
俨		4257		2	通用规范汉字表_双源转录核对
俅		4258		2	通用规范汉字表_双源转录核对
俪		4259		2	通用规范汉字表_双源转录核对
叟		4260		2	通用规范汉字表_双源转录核对
垡		4261		2	通用规范汉字表_双源转录核对
牮		4262		2	通用规范汉字表_双源转录核对
俣		4263		2	通用规范汉字表_双源转录核对
俚		4264		2	通用规范汉字表_双源转录核对
皈		4265		2	通用规范汉字表_双源转录核对
俑		4266		2	通用规范汉字表_双源转录核对
俟		4267		2	通用规范汉字表_双源转录核对
逅		4268		2	通用规范汉字表_双源转录核对
徇		4269		2	通用规范汉字表_双源转录核对
徉		4270		2	通用规范汉字表_双源转录核对
舢		4271		2	通用规范汉字表_双源转录核对
俞		4272		2	通用规范汉字表_双源转录核对
郗		4273		2	通用规范汉字表_双源转录核对
俎		4274		2	通用规范汉字表_双源转录核对
郤		4275		2	通用规范汉字表_双源转录核对
爰		4276		2	通用规范汉字表_双源转录核对
郛		4277		2	通用规范汉字表_双源转录核对
瓴		4278		2	通用规范汉字表_双源转录核对
胨		4279		2	通用规范汉字表_双源转录核对
胪		4280		2	通用规范汉字表_双源转录核对
胛		4281		2	通用规范汉字表_双源转录核对
胂		4282		2	通用规范汉字表_双源转录核对
胙		4283		2	通用规范汉字表_双源转录核对
胍		4284		2	通用规范汉字表_双源转录核对
胗		4285		2	通用规范汉字表_双源转录核对
胝		4286		2	通用规范汉字表_双源转录核对
朐		4287		2	通用规范汉字表_双源转录核对
胫		4288		2	通用规范汉字表_双源转录核对
鸨		4289		2	通用规范汉字表_双源转录核对
匍		4290		2	通用规范汉字表_双源转录核对
狨		4291		2	通用规范汉字表_双源转录核对
狯		4292		2	通用规范汉字表_双源转录核对
飑		4293		2	通用规范汉字表_双源转录核对
狩		4294		2	通用规范汉字表_双源转录核对
狲		4295		2	通用规范汉字表_双源转录核对
訇		4296		2	通用规范汉字表_双源转录核对
逄		4297		2	通用规范汉字表_双源转录核对
昝		4298		2	通用规范汉字表_双源转录核对
饷		4299		2	通用规范汉字表_双源转录核对
饸		4300		2	通用规范汉字表_双源转录核对
饹		4301		2	通用规范汉字表_双源转录核对
胤		4302		2	通用规范汉字表_双源转录核对
孪		4303		2	通用规范汉字表_双源转录核对
娈		4304		2	通用规范汉字表_双源转录核对
弈		4305		2	通用规范汉字表_双源转录核对
奕		4306		2	通用规范汉字表_双源转录核对
庥		4307		2	通用规范汉字表_双源转录核对
疬		4308		2	通用规范汉字表_双源转录核对
疣		4309		2	通用规范汉字表_双源转录核对
疥		4310		2	通用规范汉字表_双源转录核对
疭		4311		2	通用规范汉字表_双源转录核对
庠		4312		2	通用规范汉字表_双源转录核对
竑		4313		2	通用规范汉字表_双源转录核对
彦		4314		2	通用规范汉字表_双源转录核对
飒		4315		2	通用规范汉字表_双源转录核对
闼		4316		2	通用规范汉字表_双源转录核对
闾		4317		2	通用规范汉字表_双源转录核对
闿		4318		2	通用规范汉字表_双源转录核对
阂		4319		2	通用规范汉字表_双源转录核对
羑		4320		2	通用规范汉字表_双源转录核对
迸		4321		2	通用规范汉字表_双源转录核对
籼		4322		2	通用规范汉字表_双源转录核对
酋		4323		2	通用规范汉字表_双源转录核对
炳		4324		2	通用规范汉字表_双源转录核对
炻		4325		2	通用规范汉字表_双源转录核对
炽		4326		2	通用规范汉字表_双源转录核对
炯		4327		2	通用规范汉字表_双源转录核对
烀		4328		2	通用规范汉字表_双源转录核对
炷		4329		2	通用规范汉字表_双源转录核对
烃		4330		2	通用规范汉字表_双源转录核对
洱		4331		2	通用规范汉字表_双源转录核对
洹		4332		2	通用规范汉字表_双源转录核对
洧		4333		2	通用规范汉字表_双源转录核对
洌		4334		2	通用规范汉字表_双源转录核对
浃		4335		2	通用规范汉字表_双源转录核对
洇		4336		2	通用规范汉字表_双源转录核对
洄		4337		2	通用规范汉字表_双源转录核对
洙		4338		2	通用规范汉字表_双源转录核对
涎		4339		2	通用规范汉字表_双源转录核对
洎		4340		2	通用规范汉字表_双源转录核对
洫		4341		2	通用规范汉字表_双源转录核对
浍		4342		2	通用规范汉字表_双源转录核对
洮		4343		2	通用规范汉字表_双源转录核对
洵		4344		2	通用规范汉字表_双源转录核对
浒		4345		2	通用规范汉字表_双源转录核对
浔		4346		2	通用规范汉字表_双源转录核对
浕		4347		2	通用规范汉字表_双源转录核对
洳		4348		2	通用规范汉字表_双源转录核对
恸		4349		2	通用规范汉字表_双源转录核对
恓		4350		2	通用规范汉字表_双源转录核对
恹		4351		2	通用规范汉字表_双源转录核对
恫		4352		2	通用规范汉字表_双源转录核对
恺		4353		2	通用规范汉字表_双源转录核对
恻		4354		2	通用规范汉字表_双源转录核对
恂		4355		2	通用规范汉字表_双源转录核对
恪		4356		2	通用规范汉字表_双源转录核对
恽		4357		2	通用规范汉字表_双源转录核对
宥		4358		2	通用规范汉字表_双源转录核对
扃		4359		2	通用规范汉字表_双源转录核对
衲		4360		2	通用规范汉字表_双源转录核对
衽		4361		2	通用规范汉字表_双源转录核对
衿		4362		2	通用规范汉字表_双源转录核对
袂		4363		2	通用规范汉字表_双源转录核对
祛		4364		2	通用规范汉字表_双源转录核对
祜		4365		2	通用规范汉字表_双源转录核对
祓		4366		2	通用规范汉字表_双源转录核对
祚		4367		2	通用规范汉字表_双源转录核对
诮		4368		2	通用规范汉字表_双源转录核对
祗		4369		2	通用规范汉字表_双源转录核对
祢		4370		2	通用规范汉字表_双源转录核对
诰		4371		2	通用规范汉字表_双源转录核对
诳		4372		2	通用规范汉字表_双源转录核对
鸩		4373		2	通用规范汉字表_双源转录核对
昶		4374		2	通用规范汉字表_双源转录核对
郡		4375		2	通用规范汉字表_双源转录核对
咫		4376		2	通用规范汉字表_双源转录核对
弭		4377		2	通用规范汉字表_双源转录核对
牁		4378		2	通用规范汉字表_双源转录核对
胥		4379		2	通用规范汉字表_双源转录核对
陛		4380		2	通用规范汉字表_双源转录核对
陟		4381		2	通用规范汉字表_双源转录核对
娅		4382		2	通用规范汉字表_双源转录核对
姮		4383		2	通用规范汉字表_双源转录核对
娆		4384		2	通用规范汉字表_双源转录核对
姝		4385		2	通用规范汉字表_双源转录核对
姣		4386		2	通用规范汉字表_双源转录核对
姘		4387		2	通用规范汉字表_双源转录核对
姹		4388		2	通用规范汉字表_双源转录核对
怼		4389		2	通用规范汉字表_双源转录核对
羿		4390		2	通用规范汉字表_双源转录核对
炱		4391		2	通用规范汉字表_双源转录核对
矜		4392		2	通用规范汉字表_双源转录核对
绔		4393		2	通用规范汉字表_双源转录核对
骁		4394		2	通用规范汉字表_双源转录核对
骅		4395		2	通用规范汉字表_双源转录核对
绗		4396		2	通用规范汉字表_双源转录核对
绛		4397		2	通用规范汉字表_双源转录核对
骈		4398		2	通用规范汉字表_双源转录核对
耖		4399		2	通用规范汉字表_双源转录核对
挈		4400		2	通用规范汉字表_双源转录核对
珥		4401		2	通用规范汉字表_双源转录核对
珙		4402		2	通用规范汉字表_双源转录核对
顼		4403		2	通用规范汉字表_双源转录核对
珰		4404		2	通用规范汉字表_双源转录核对
珩		4405		2	通用规范汉字表_双源转录核对
珧		4406		2	通用规范汉字表_双源转录核对
珣		4407		2	通用规范汉字表_双源转录核对
珞		4408		2	通用规范汉字表_双源转录核对
琤		4409		2	通用规范汉字表_双源转录核对
珲		4410		2	通用规范汉字表_双源转录核对
敖		4411		2	通用规范汉字表_双源转录核对
恚		4412		2	通用规范汉字表_双源转录核对
埔		4413		2	通用规范汉字表_双源转录核对
埕		4414		2	通用规范汉字表_双源转录核对
埘		4415		2	通用规范汉字表_双源转录核对
埙		4416		2	通用规范汉字表_双源转录核对
埚		4417		2	通用规范汉字表_双源转录核对
挹		4418		2	通用规范汉字表_双源转录核对
耆		4419		2	通用规范汉字表_双源转录核对
耄		4420		2	通用规范汉字表_双源转录核对
埒		4421		2	通用规范汉字表_双源转录核对
捋		4422		2	通用规范汉字表_双源转录核对
贽		4423		2	通用规范汉字表_双源转录核对
垸		4424		2	通用规范汉字表_双源转录核对
捃		4425		2	通用规范汉字表_双源转录核对
盍		4426		2	通用规范汉字表_双源转录核对
荸		4427		2	通用规范汉字表_双源转录核对
莆		4428		2	通用规范汉字表_双源转录核对
莳		4429		2	通用规范汉字表_双源转录核对
莴		4430		2	通用规范汉字表_双源转录核对
莪		4431		2	通用规范汉字表_双源转录核对
莠		4432		2	通用规范汉字表_双源转录核对
莓		4433		2	通用规范汉字表_双源转录核对
莜		4434		2	通用规范汉字表_双源转录核对
莅		4435		2	通用规范汉字表_双源转录核对
荼		4436		2	通用规范汉字表_双源转录核对
莩		4437		2	通用规范汉字表_双源转录核对
荽		4438		2	通用规范汉字表_双源转录核对
莸		4439		2	通用规范汉字表_双源转录核对
荻		4440		2	通用规范汉字表_双源转录核对
莘		4441		2	通用规范汉字表_双源转录核对
莎		4442		2	通用规范汉字表_双源转录核对
莞		4443		2	通用规范汉字表_双源转录核对
莨		4444		2	通用规范汉字表_双源转录核对
鸪		4445		2	通用规范汉字表_双源转录核对
莼		4446		2	通用规范汉字表_双源转录核对
栲		4447		2	通用规范汉字表_双源转录核对
栳		4448		2	通用规范汉字表_双源转录核对
郴		4449		2	通用规范汉字表_双源转录核对
桓		4450		2	通用规范汉字表_双源转录核对
桡		4451		2	通用规范汉字表_双源转录核对
桎		4452		2	通用规范汉字表_双源转录核对
桢		4453		2	通用规范汉字表_双源转录核对
桤		4454		2	通用规范汉字表_双源转录核对
梃		4455		2	通用规范汉字表_双源转录核对
栝		4456		2	通用规范汉字表_双源转录核对
桕		4457		2	通用规范汉字表_双源转录核对
桁		4458		2	通用规范汉字表_双源转录核对
桧		4459		2	通用规范汉字表_双源转录核对
桅		4460		2	通用规范汉字表_双源转录核对
栟		4461		2	通用规范汉字表_双源转录核对
桉		4462		2	通用规范汉字表_双源转录核对
栩		4463		2	通用规范汉字表_双源转录核对
逑		4464		2	通用规范汉字表_双源转录核对
逋		4465		2	通用规范汉字表_双源转录核对
彧		4466		2	通用规范汉字表_双源转录核对
鬲		4467		2	通用规范汉字表_双源转录核对
豇		4468		2	通用规范汉字表_双源转录核对
酐		4469		2	通用规范汉字表_双源转录核对
逦		4470		2	通用规范汉字表_双源转录核对
厝		4471		2	通用规范汉字表_双源转录核对
孬		4472		2	通用规范汉字表_双源转录核对
砝		4473		2	通用规范汉字表_双源转录核对
砹		4474		2	通用规范汉字表_双源转录核对
砺		4475		2	通用规范汉字表_双源转录核对
砧		4476		2	通用规范汉字表_双源转录核对
砷		4477		2	通用规范汉字表_双源转录核对
砟		4478		2	通用规范汉字表_双源转录核对
砼		4479		2	通用规范汉字表_双源转录核对
砥		4480		2	通用规范汉字表_双源转录核对
砣		4481		2	通用规范汉字表_双源转录核对
剞		4482		2	通用规范汉字表_双源转录核对
砻		4483		2	通用规范汉字表_双源转录核对
轼		4484		2	通用规范汉字表_双源转录核对
轾		4485		2	通用规范汉字表_双源转录核对
辂		4486		2	通用规范汉字表_双源转录核对
鸫		4487		2	通用规范汉字表_双源转录核对
趸		4488		2	通用规范汉字表_双源转录核对
龀		4489		2	通用规范汉字表_双源转录核对
鸬		4490		2	通用规范汉字表_双源转录核对
虔		4491		2	通用规范汉字表_双源转录核对
逍		4492		2	通用规范汉字表_双源转录核对
眬		4493		2	通用规范汉字表_双源转录核对
唛		4494		2	通用规范汉字表_双源转录核对
晟		4495		2	通用规范汉字表_双源转录核对
眩		4496		2	通用规范汉字表_双源转录核对
眙		4497		2	通用规范汉字表_双源转录核对
哧		4498		2	通用规范汉字表_双源转录核对
哽		4499		2	通用规范汉字表_双源转录核对
唔		4500		2	通用规范汉字表_双源转录核对
晁		4501		2	通用规范汉字表_双源转录核对
晏		4502		2	通用规范汉字表_双源转录核对
鸮		4503		2	通用规范汉字表_双源转录核对
趵		4504		2	通用规范汉字表_双源转录核对
趿		4505		2	通用规范汉字表_双源转录核对
畛		4506		2	通用规范汉字表_双源转录核对
蚨		4507		2	通用规范汉字表_双源转录核对
蚜		4508		2	通用规范汉字表_双源转录核对
蚍		4509		2	通用规范汉字表_双源转录核对
蚋		4510		2	通用规范汉字表_双源转录核对
蚬		4511		2	通用规范汉字表_双源转录核对
蚝		4512		2	通用规范汉字表_双源转录核对
蚧		4513		2	通用规范汉字表_双源转录核对
唢		4514		2	通用规范汉字表_双源转录核对
圄		4515		2	通用规范汉字表_双源转录核对
唣		4516		2	通用规范汉字表_双源转录核对
唏		4517		2	通用规范汉字表_双源转录核对
盎		4518		2	通用规范汉字表_双源转录核对
唑		4519		2	通用规范汉字表_双源转录核对
崂		4520		2	通用规范汉字表_双源转录核对
崃		4521		2	通用规范汉字表_双源转录核对
罡		4522		2	通用规范汉字表_双源转录核对
罟		4523		2	通用规范汉字表_双源转录核对
峪		4524		2	通用规范汉字表_双源转录核对
觊		4525		2	通用规范汉字表_双源转录核对
赅		4526		2	通用规范汉字表_双源转录核对
钰		4527		2	通用规范汉字表_双源转录核对
钲		4528		2	通用规范汉字表_双源转录核对
钴		4529		2	通用规范汉字表_双源转录核对
钵		4530		2	通用规范汉字表_双源转录核对
钹		4531		2	通用规范汉字表_双源转录核对
钺		4532		2	通用规范汉字表_双源转录核对
钽		4533		2	通用规范汉字表_双源转录核对
钼		4534		2	通用规范汉字表_双源转录核对
钿		4535		2	通用规范汉字表_双源转录核对
铀		4536		2	通用规范汉字表_双源转录核对
铂		4537		2	通用规范汉字表_双源转录核对
铄		4538		2	通用规范汉字表_双源转录核对
铆		4539		2	通用规范汉字表_双源转录核对
铈		4540		2	通用规范汉字表_双源转录核对
铉		4541		2	通用规范汉字表_双源转录核对
铊		4542		2	通用规范汉字表_双源转录核对
铋		4543		2	通用规范汉字表_双源转录核对
铌		4544		2	通用规范汉字表_双源转录核对
铍		4545		2	通用规范汉字表_双源转录核对
䥽		4546		2	通用规范汉字表_双源转录核对
铎		4547		2	通用规范汉字表_双源转录核对
氩		4548		2	通用规范汉字表_双源转录核对
氤		4549		2	通用规范汉字表_双源转录核对
氦		4550		2	通用规范汉字表_双源转录核对
毪		4551		2	通用规范汉字表_双源转录核对
舐		4552		2	通用规范汉字表_双源转录核对
秣		4553		2	通用规范汉字表_双源转录核对
秫		4554		2	通用规范汉字表_双源转录核对
盉		4555		2	通用规范汉字表_双源转录核对
笄		4556		2	通用规范汉字表_双源转录核对
笕		4557		2	通用规范汉字表_双源转录核对
笊		4558		2	通用规范汉字表_双源转录核对
笏		4559		2	通用规范汉字表_双源转录核对
笆		4560		2	通用规范汉字表_双源转录核对
俸		4561		2	通用规范汉字表_双源转录核对
倩		4562		2	通用规范汉字表_双源转录核对
俵		4563		2	通用规范汉字表_双源转录核对
偌		4564		2	通用规范汉字表_双源转录核对
俳		4565		2	通用规范汉字表_双源转录核对
俶		4566		2	通用规范汉字表_双源转录核对
倬		4567		2	通用规范汉字表_双源转录核对
倏		4568		2	通用规范汉字表_双源转录核对
恁		4569		2	通用规范汉字表_双源转录核对
倭		4570		2	通用规范汉字表_双源转录核对
倪		4571		2	通用规范汉字表_双源转录核对
俾		4572		2	通用规范汉字表_双源转录核对
倜		4573		2	通用规范汉字表_双源转录核对
隼		4574		2	通用规范汉字表_双源转录核对
隽		4575		2	通用规范汉字表_双源转录核对
倌		4576		2	通用规范汉字表_双源转录核对
倥		4577		2	通用规范汉字表_双源转录核对
臬		4578		2	通用规范汉字表_双源转录核对
皋		4579		2	通用规范汉字表_双源转录核对
郫		4580		2	通用规范汉字表_双源转录核对
倨		4581		2	通用规范汉字表_双源转录核对
衄		4582		2	通用规范汉字表_双源转录核对
颀		4583		2	通用规范汉字表_双源转录核对
徕		4584		2	通用规范汉字表_双源转录核对
舫		4585		2	通用规范汉字表_双源转录核对
釜		4586		2	通用规范汉字表_双源转录核对
奚		4587		2	通用规范汉字表_双源转录核对
衾		4588		2	通用规范汉字表_双源转录核对
胯		4589		2	通用规范汉字表_双源转录核对
胱		4590		2	通用规范汉字表_双源转录核对
胴		4591		2	通用规范汉字表_双源转录核对
胭		4592		2	通用规范汉字表_双源转录核对
脍		4593		2	通用规范汉字表_双源转录核对
胼		4594		2	通用规范汉字表_双源转录核对
朕		4595		2	通用规范汉字表_双源转录核对
脒		4596		2	通用规范汉字表_双源转录核对
胺		4597		2	通用规范汉字表_双源转录核对
鸱		4598		2	通用规范汉字表_双源转录核对
玺		4599		2	通用规范汉字表_双源转录核对
鸲		4600		2	通用规范汉字表_双源转录核对
狷		4601		2	通用规范汉字表_双源转录核对
猁		4602		2	通用规范汉字表_双源转录核对
狳		4603		2	通用规范汉字表_双源转录核对
猃		4604		2	通用规范汉字表_双源转录核对
狺		4605		2	通用规范汉字表_双源转录核对
逖		4606		2	通用规范汉字表_双源转录核对
桀		4607		2	通用规范汉字表_双源转录核对
袅		4608		2	通用规范汉字表_双源转录核对
饽		4609		2	通用规范汉字表_双源转录核对
凇		4610		2	通用规范汉字表_双源转录核对
栾		4611		2	通用规范汉字表_双源转录核对
挛		4612		2	通用规范汉字表_双源转录核对
亳		4613		2	通用规范汉字表_双源转录核对
疳		4614		2	通用规范汉字表_双源转录核对
疴		4615		2	通用规范汉字表_双源转录核对
疸		4616		2	通用规范汉字表_双源转录核对
疽		4617		2	通用规范汉字表_双源转录核对
痈		4618		2	通用规范汉字表_双源转录核对
疱		4619		2	通用规范汉字表_双源转录核对
痂		4620		2	通用规范汉字表_双源转录核对
痉		4621		2	通用规范汉字表_双源转录核对
衮		4622		2	通用规范汉字表_双源转录核对
凋		4623		2	通用规范汉字表_双源转录核对
颃		4624		2	通用规范汉字表_双源转录核对
恣		4625		2	通用规范汉字表_双源转录核对
旆		4626		2	通用规范汉字表_双源转录核对
旄		4627		2	通用规范汉字表_双源转录核对
旃		4628		2	通用规范汉字表_双源转录核对
阃		4629		2	通用规范汉字表_双源转录核对
阄		4630		2	通用规范汉字表_双源转录核对
訚		4631		2	通用规范汉字表_双源转录核对
阆		4632		2	通用规范汉字表_双源转录核对
恙		4633		2	通用规范汉字表_双源转录核对
粑		4634		2	通用规范汉字表_双源转录核对
朔		4635		2	通用规范汉字表_双源转录核对
郸		4636		2	通用规范汉字表_双源转录核对
烜		4637		2	通用规范汉字表_双源转录核对
烨		4638		2	通用规范汉字表_双源转录核对
烩		4639		2	通用规范汉字表_双源转录核对
烊		4640		2	通用规范汉字表_双源转录核对
剡		4641		2	通用规范汉字表_双源转录核对
郯		4642		2	通用规范汉字表_双源转录核对
烬		4643		2	通用规范汉字表_双源转录核对
涑		4644		2	通用规范汉字表_双源转录核对
浯		4645		2	通用规范汉字表_双源转录核对
涞		4646		2	通用规范汉字表_双源转录核对
涟		4647		2	通用规范汉字表_双源转录核对
娑		4648		2	通用规范汉字表_双源转录核对
涅		4649		2	通用规范汉字表_双源转录核对
涠		4650		2	通用规范汉字表_双源转录核对
浞		4651		2	通用规范汉字表_双源转录核对
涓		4652		2	通用规范汉字表_双源转录核对
浥		4653		2	通用规范汉字表_双源转录核对
涔		4654		2	通用规范汉字表_双源转录核对
浜		4655		2	通用规范汉字表_双源转录核对
浠		4656		2	通用规范汉字表_双源转录核对
浣		4657		2	通用规范汉字表_双源转录核对
浚		4658		2	通用规范汉字表_双源转录核对
悚		4659		2	通用规范汉字表_双源转录核对
悭		4660		2	通用规范汉字表_双源转录核对
悝		4661		2	通用规范汉字表_双源转录核对
悒		4662		2	通用规范汉字表_双源转录核对
悌		4663		2	通用规范汉字表_双源转录核对
悛		4664		2	通用规范汉字表_双源转录核对
宸		4665		2	通用规范汉字表_双源转录核对
窈		4666		2	通用规范汉字表_双源转录核对
剜		4667		2	通用规范汉字表_双源转录核对
诹		4668		2	通用规范汉字表_双源转录核对
冢		4669		2	通用规范汉字表_双源转录核对
诼		4670		2	通用规范汉字表_双源转录核对
袒		4671		2	通用规范汉字表_双源转录核对
袢		4672		2	通用规范汉字表_双源转录核对
祯		4673		2	通用规范汉字表_双源转录核对
诿		4674		2	通用规范汉字表_双源转录核对
谀		4675		2	通用规范汉字表_双源转录核对
谂		4676		2	通用规范汉字表_双源转录核对
谄		4677		2	通用规范汉字表_双源转录核对
谇		4678		2	通用规范汉字表_双源转录核对
屐		4679		2	通用规范汉字表_双源转录核对
屙		4680		2	通用规范汉字表_双源转录核对
陬		4681		2	通用规范汉字表_双源转录核对
勐		4682		2	通用规范汉字表_双源转录核对
奘		4683		2	通用规范汉字表_双源转录核对
牂		4684		2	通用规范汉字表_双源转录核对
蚩		4685		2	通用规范汉字表_双源转录核对
陲		4686		2	通用规范汉字表_双源转录核对
姬		4687		2	通用规范汉字表_双源转录核对
娠		4688		2	通用规范汉字表_双源转录核对
娌		4689		2	通用规范汉字表_双源转录核对
娉		4690		2	通用规范汉字表_双源转录核对
娲		4691		2	通用规范汉字表_双源转录核对
娩		4692		2	通用规范汉字表_双源转录核对
娴		4693		2	通用规范汉字表_双源转录核对
娣		4694		2	通用规范汉字表_双源转录核对
娓		4695		2	通用规范汉字表_双源转录核对
婀		4696		2	通用规范汉字表_双源转录核对
畚		4697		2	通用规范汉字表_双源转录核对
逡		4698		2	通用规范汉字表_双源转录核对
绠		4699		2	通用规范汉字表_双源转录核对
骊		4700		2	通用规范汉字表_双源转录核对
绡		4701		2	通用规范汉字表_双源转录核对
骋		4702		2	通用规范汉字表_双源转录核对
绥		4703		2	通用规范汉字表_双源转录核对
绦		4704		2	通用规范汉字表_双源转录核对
绨		4705		2	通用规范汉字表_双源转录核对
骎		4706		2	通用规范汉字表_双源转录核对
邕		4707		2	通用规范汉字表_双源转录核对
鸶		4708		2	通用规范汉字表_双源转录核对
彗		4709		2	通用规范汉字表_双源转录核对
耜		4710		2	通用规范汉字表_双源转录核对
焘		4711		2	通用规范汉字表_双源转录核对
舂		4712		2	通用规范汉字表_双源转录核对
琏		4713		2	通用规范汉字表_双源转录核对
琇		4714		2	通用规范汉字表_双源转录核对
麸		4715		2	通用规范汉字表_双源转录核对
揶		4716		2	通用规范汉字表_双源转录核对
埴		4717		2	通用规范汉字表_双源转录核对
埯		4718		2	通用规范汉字表_双源转录核对
捯		4719		2	通用规范汉字表_双源转录核对
掳		4720		2	通用规范汉字表_双源转录核对
掴		4721		2	通用规范汉字表_双源转录核对
埸		4722		2	通用规范汉字表_双源转录核对
埵		4723		2	通用规范汉字表_双源转录核对
赧		4724		2	通用规范汉字表_双源转录核对
埤		4725		2	通用规范汉字表_双源转录核对
捭		4726		2	通用规范汉字表_双源转录核对
逵		4727		2	通用规范汉字表_双源转录核对
埝		4728		2	通用规范汉字表_双源转录核对
堋		4729		2	通用规范汉字表_双源转录核对
堍		4730		2	通用规范汉字表_双源转录核对
掬		4731		2	通用规范汉字表_双源转录核对
鸷		4732		2	通用规范汉字表_双源转录核对
掖		4733		2	通用规范汉字表_双源转录核对
捽		4734		2	通用规范汉字表_双源转录核对
掊		4735		2	通用规范汉字表_双源转录核对
堉		4736		2	通用规范汉字表_双源转录核对
掸		4737		2	通用规范汉字表_双源转录核对
捩		4738		2	通用规范汉字表_双源转录核对
掮		4739		2	通用规范汉字表_双源转录核对
悫		4740		2	通用规范汉字表_双源转录核对
埭		4741		2	通用规范汉字表_双源转录核对
埽		4742		2	通用规范汉字表_双源转录核对
掇		4743		2	通用规范汉字表_双源转录核对
掼		4744		2	通用规范汉字表_双源转录核对
聃		4745		2	通用规范汉字表_双源转录核对
菁		4746		2	通用规范汉字表_双源转录核对
萁		4747		2	通用规范汉字表_双源转录核对
菘		4748		2	通用规范汉字表_双源转录核对
堇		4749		2	通用规范汉字表_双源转录核对
萘		4750		2	通用规范汉字表_双源转录核对
萋		4751		2	通用规范汉字表_双源转录核对
菽		4752		2	通用规范汉字表_双源转录核对
菖		4753		2	通用规范汉字表_双源转录核对
萜		4754		2	通用规范汉字表_双源转录核对
萸		4755		2	通用规范汉字表_双源转录核对
萑		4756		2	通用规范汉字表_双源转录核对
棻		4757		2	通用规范汉字表_双源转录核对
菔		4758		2	通用规范汉字表_双源转录核对
菟		4759		2	通用规范汉字表_双源转录核对
萏		4760		2	通用规范汉字表_双源转录核对
萃		4761		2	通用规范汉字表_双源转录核对
菏		4762		2	通用规范汉字表_双源转录核对
菹		4763		2	通用规范汉字表_双源转录核对
菪		4764		2	通用规范汉字表_双源转录核对
菅		4765		2	通用规范汉字表_双源转录核对
菀		4766		2	通用规范汉字表_双源转录核对
萦		4767		2	通用规范汉字表_双源转录核对
菰		4768		2	通用规范汉字表_双源转录核对
菡		4769		2	通用规范汉字表_双源转录核对
梵		4770		2	通用规范汉字表_双源转录核对
梿		4771		2	通用规范汉字表_双源转录核对
梏		4772		2	通用规范汉字表_双源转录核对
觋		4773		2	通用规范汉字表_双源转录核对
桴		4774		2	通用规范汉字表_双源转录核对
桷		4775		2	通用规范汉字表_双源转录核对
梓		4776		2	通用规范汉字表_双源转录核对
棁		4777		2	通用规范汉字表_双源转录核对
桫		4778		2	通用规范汉字表_双源转录核对
棂		4779		2	通用规范汉字表_双源转录核对
啬		4780		2	通用规范汉字表_双源转录核对
郾		4781		2	通用规范汉字表_双源转录核对
匮		4782		2	通用规范汉字表_双源转录核对
敕		4783		2	通用规范汉字表_双源转录核对
豉		4784		2	通用规范汉字表_双源转录核对
鄄		4785		2	通用规范汉字表_双源转录核对
酞		4786		2	通用规范汉字表_双源转录核对
酚		4787		2	通用规范汉字表_双源转录核对
戛		4788		2	通用规范汉字表_双源转录核对
硎		4789		2	通用规范汉字表_双源转录核对
硭		4790		2	通用规范汉字表_双源转录核对
硒		4791		2	通用规范汉字表_双源转录核对
硖		4792		2	通用规范汉字表_双源转录核对
硗		4793		2	通用规范汉字表_双源转录核对
硐		4794		2	通用规范汉字表_双源转录核对
硇		4795		2	通用规范汉字表_双源转录核对
硌		4796		2	通用规范汉字表_双源转录核对
鸸		4797		2	通用规范汉字表_双源转录核对
瓠		4798		2	通用规范汉字表_双源转录核对
匏		4799		2	通用规范汉字表_双源转录核对
厩		4800		2	通用规范汉字表_双源转录核对
龚		4801		2	通用规范汉字表_双源转录核对
殒		4802		2	通用规范汉字表_双源转录核对
殓		4803		2	通用规范汉字表_双源转录核对
殍		4804		2	通用规范汉字表_双源转录核对
赉		4805		2	通用规范汉字表_双源转录核对
雩		4806		2	通用规范汉字表_双源转录核对
辄		4807		2	通用规范汉字表_双源转录核对
堑		4808		2	通用规范汉字表_双源转录核对
眭		4809		2	通用规范汉字表_双源转录核对
眦		4810		2	通用规范汉字表_双源转录核对
啧		4811		2	通用规范汉字表_双源转录核对
晡		4812		2	通用规范汉字表_双源转录核对
晤		4813		2	通用规范汉字表_双源转录核对
眺		4814		2	通用规范汉字表_双源转录核对
眵		4815		2	通用规范汉字表_双源转录核对
眸		4816		2	通用规范汉字表_双源转录核对
圊		4817		2	通用规范汉字表_双源转录核对
喏		4818		2	通用规范汉字表_双源转录核对
喵		4819		2	通用规范汉字表_双源转录核对
啉		4820		2	通用规范汉字表_双源转录核对
勖		4821		2	通用规范汉字表_双源转录核对
晞		4822		2	通用规范汉字表_双源转录核对
唵		4823		2	通用规范汉字表_双源转录核对
晗		4824		2	通用规范汉字表_双源转录核对
冕		4825		2	通用规范汉字表_双源转录核对
啭		4826		2	通用规范汉字表_双源转录核对
畦		4827		2	通用规范汉字表_双源转录核对
趺		4828		2	通用规范汉字表_双源转录核对
啮		4829		2	通用规范汉字表_双源转录核对
跄		4830		2	通用规范汉字表_双源转录核对
蚶		4831		2	通用规范汉字表_双源转录核对
蛄		4832		2	通用规范汉字表_双源转录核对
蛎		4833		2	通用规范汉字表_双源转录核对
蛆		4834		2	通用规范汉字表_双源转录核对
蚰		4835		2	通用规范汉字表_双源转录核对
蛊		4836		2	通用规范汉字表_双源转录核对
圉		4837		2	通用规范汉字表_双源转录核对
蚱		4838		2	通用规范汉字表_双源转录核对
蛉		4839		2	通用规范汉字表_双源转录核对
蛏		4840		2	通用规范汉字表_双源转录核对
蚴		4841		2	通用规范汉字表_双源转录核对
啁		4842		2	通用规范汉字表_双源转录核对
啕		4843		2	通用规范汉字表_双源转录核对
唿		4844		2	通用规范汉字表_双源转录核对
啐		4845		2	通用规范汉字表_双源转录核对
唼		4846		2	通用规范汉字表_双源转录核对
唷		4847		2	通用规范汉字表_双源转录核对
啖		4848		2	通用规范汉字表_双源转录核对
啵		4849		2	通用规范汉字表_双源转录核对
啶		4850		2	通用规范汉字表_双源转录核对
啷		4851		2	通用规范汉字表_双源转录核对
唳		4852		2	通用规范汉字表_双源转录核对
唰		4853		2	通用规范汉字表_双源转录核对
啜		4854		2	通用规范汉字表_双源转录核对
帻		4855		2	通用规范汉字表_双源转录核对
崚		4856		2	通用规范汉字表_双源转录核对
崦		4857		2	通用规范汉字表_双源转录核对
帼		4858		2	通用规范汉字表_双源转录核对
崮		4859		2	通用规范汉字表_双源转录核对
崤		4860		2	通用规范汉字表_双源转录核对
崆		4861		2	通用规范汉字表_双源转录核对
赇		4862		2	通用规范汉字表_双源转录核对
赈		4863		2	通用规范汉字表_双源转录核对
赊		4864		2	通用规范汉字表_双源转录核对
铑		4865		2	通用规范汉字表_双源转录核对
铒		4866		2	通用规范汉字表_双源转录核对
铗		4867		2	通用规范汉字表_双源转录核对
铙		4868		2	通用规范汉字表_双源转录核对
铟		4869		2	通用规范汉字表_双源转录核对
铠		4870		2	通用规范汉字表_双源转录核对
铡		4871		2	通用规范汉字表_双源转录核对
铢		4872		2	通用规范汉字表_双源转录核对
铣		4873		2	通用规范汉字表_双源转录核对
铤		4874		2	通用规范汉字表_双源转录核对
铧		4875		2	通用规范汉字表_双源转录核对
铨		4876		2	通用规范汉字表_双源转录核对
铩		4877		2	通用规范汉字表_双源转录核对
铪		4878		2	通用规范汉字表_双源转录核对
铫		4879		2	通用规范汉字表_双源转录核对
铬		4880		2	通用规范汉字表_双源转录核对
铮		4881		2	通用规范汉字表_双源转录核对
铯		4882		2	通用规范汉字表_双源转录核对
铰		4883		2	通用规范汉字表_双源转录核对
铱		4884		2	通用规范汉字表_双源转录核对
铳		4885		2	通用规范汉字表_双源转录核对
铵		4886		2	通用规范汉字表_双源转录核对
铷		4887		2	通用规范汉字表_双源转录核对
氪		4888		2	通用规范汉字表_双源转录核对
牾		4889		2	通用规范汉字表_双源转录核对
鸹		4890		2	通用规范汉字表_双源转录核对
秾		4891		2	通用规范汉字表_双源转录核对
逶		4892		2	通用规范汉字表_双源转录核对
笺		4893		2	通用规范汉字表_双源转录核对
筇		4894		2	通用规范汉字表_双源转录核对
笸		4895		2	通用规范汉字表_双源转录核对
笪		4896		2	通用规范汉字表_双源转录核对
笮		4897		2	通用规范汉字表_双源转录核对
笠		4898		2	通用规范汉字表_双源转录核对
笥		4899		2	通用规范汉字表_双源转录核对
笤		4900		2	通用规范汉字表_双源转录核对
笳		4901		2	通用规范汉字表_双源转录核对
笾		4902		2	通用规范汉字表_双源转录核对
笞		4903		2	通用规范汉字表_双源转录核对
偾		4904		2	通用规范汉字表_双源转录核对
偃		4905		2	通用规范汉字表_双源转录核对
偕		4906		2	通用规范汉字表_双源转录核对
偈		4907		2	通用规范汉字表_双源转录核对
傀		4908		2	通用规范汉字表_双源转录核对
偬		4909		2	通用规范汉字表_双源转录核对
偻		4910		2	通用规范汉字表_双源转录核对
皑		4911		2	通用规范汉字表_双源转录核对
皎		4912		2	通用规范汉字表_双源转录核对
鸻		4913		2	通用规范汉字表_双源转录核对
徜		4914		2	通用规范汉字表_双源转录核对
舸		4915		2	通用规范汉字表_双源转录核对
舻		4916		2	通用规范汉字表_双源转录核对
舴		4917		2	通用规范汉字表_双源转录核对
舷		4918		2	通用规范汉字表_双源转录核对
龛		4919		2	通用规范汉字表_双源转录核对
翎		4920		2	通用规范汉字表_双源转录核对
脬		4921		2	通用规范汉字表_双源转录核对
脘		4922		2	通用规范汉字表_双源转录核对
脲		4923		2	通用规范汉字表_双源转录核对
匐		4924		2	通用规范汉字表_双源转录核对
猗		4925		2	通用规范汉字表_双源转录核对
猡		4926		2	通用规范汉字表_双源转录核对
猞		4927		2	通用规范汉字表_双源转录核对
猝		4928		2	通用规范汉字表_双源转录核对
斛		4929		2	通用规范汉字表_双源转录核对
猕		4930		2	通用规范汉字表_双源转录核对
馗		4931		2	通用规范汉字表_双源转录核对
馃		4932		2	通用规范汉字表_双源转录核对
馄		4933		2	通用规范汉字表_双源转录核对
鸾		4934		2	通用规范汉字表_双源转录核对
孰		4935		2	通用规范汉字表_双源转录核对
庹		4936		2	通用规范汉字表_双源转录核对
庾		4937		2	通用规范汉字表_双源转录核对
痔		4938		2	通用规范汉字表_双源转录核对
痍		4939		2	通用规范汉字表_双源转录核对
疵		4940		2	通用规范汉字表_双源转录核对
翊		4941		2	通用规范汉字表_双源转录核对
旌		4942		2	通用规范汉字表_双源转录核对
旎		4943		2	通用规范汉字表_双源转录核对
袤		4944		2	通用规范汉字表_双源转录核对
阇		4945		2	通用规范汉字表_双源转录核对
阈		4946		2	通用规范汉字表_双源转录核对
阉		4947		2	通用规范汉字表_双源转录核对
阊		4948		2	通用规范汉字表_双源转录核对
阋		4949		2	通用规范汉字表_双源转录核对
阍		4950		2	通用规范汉字表_双源转录核对
阏		4951		2	通用规范汉字表_双源转录核对
羟		4952		2	通用规范汉字表_双源转录核对
粝		4953		2	通用规范汉字表_双源转录核对
粕		4954		2	通用规范汉字表_双源转录核对
敝		4955		2	通用规范汉字表_双源转录核对
焐		4956		2	通用规范汉字表_双源转录核对
烯		4957		2	通用规范汉字表_双源转录核对
焓		4958		2	通用规范汉字表_双源转录核对
烽		4959		2	通用规范汉字表_双源转录核对
焖		4960		2	通用规范汉字表_双源转录核对
烷		4961		2	通用规范汉字表_双源转录核对
焗		4962		2	通用规范汉字表_双源转录核对
渍		4963		2	通用规范汉字表_双源转录核对
渚		4964		2	通用规范汉字表_双源转录核对
淇		4965		2	通用规范汉字表_双源转录核对
淅		4966		2	通用规范汉字表_双源转录核对
淞		4967		2	通用规范汉字表_双源转录核对
渎		4968		2	通用规范汉字表_双源转录核对
涿		4969		2	通用规范汉字表_双源转录核对
淖		4970		2	通用规范汉字表_双源转录核对
挲		4971		2	通用规范汉字表_双源转录核对
淠		4972		2	通用规范汉字表_双源转录核对
涸		4973		2	通用规范汉字表_双源转录核对
渑		4974		2	通用规范汉字表_双源转录核对
淦		4975		2	通用规范汉字表_双源转录核对
淝		4976		2	通用规范汉字表_双源转录核对
淬		4977		2	通用规范汉字表_双源转录核对
涪		4978		2	通用规范汉字表_双源转录核对
淙		4979		2	通用规范汉字表_双源转录核对
涫		4980		2	通用规范汉字表_双源转录核对
渌		4981		2	通用规范汉字表_双源转录核对
淄		4982		2	通用规范汉字表_双源转录核对
惬		4983		2	通用规范汉字表_双源转录核对
悻		4984		2	通用规范汉字表_双源转录核对
悱		4985		2	通用规范汉字表_双源转录核对
惝		4986		2	通用规范汉字表_双源转录核对
惘		4987		2	通用规范汉字表_双源转录核对
悸		4988		2	通用规范汉字表_双源转录核对
惆		4989		2	通用规范汉字表_双源转录核对
惚		4990		2	通用规范汉字表_双源转录核对
惇		4991		2	通用规范汉字表_双源转录核对
惮		4992		2	通用规范汉字表_双源转录核对
窕		4993		2	通用规范汉字表_双源转录核对
谌		4994		2	通用规范汉字表_双源转录核对
谏		4995		2	通用规范汉字表_双源转录核对
扈		4996		2	通用规范汉字表_双源转录核对
皲		4997		2	通用规范汉字表_双源转录核对
谑		4998		2	通用规范汉字表_双源转录核对
裆		4999		2	通用规范汉字表_双源转录核对
袷		5000		2	通用规范汉字表_双源转录核对
裉		5001		2	通用规范汉字表_双源转录核对
谒		5002		2	通用规范汉字表_双源转录核对
谔		5003		2	通用规范汉字表_双源转录核对
谕		5004		2	通用规范汉字表_双源转录核对
谖		5005		2	通用规范汉字表_双源转录核对
谗		5006		2	通用规范汉字表_双源转录核对
谙		5007		2	通用规范汉字表_双源转录核对
谛		5008		2	通用规范汉字表_双源转录核对
谝		5009		2	通用规范汉字表_双源转录核对
逯		5010		2	通用规范汉字表_双源转录核对
郿		5011		2	通用规范汉字表_双源转录核对
隈		5012		2	通用规范汉字表_双源转录核对
粜		5013		2	通用规范汉字表_双源转录核对
隍		5014		2	通用规范汉字表_双源转录核对
隗		5015		2	通用规范汉字表_双源转录核对
婧		5016		2	通用规范汉字表_双源转录核对
婊		5017		2	通用规范汉字表_双源转录核对
婕		5018		2	通用规范汉字表_双源转录核对
娼		5019		2	通用规范汉字表_双源转录核对
婢		5020		2	通用规范汉字表_双源转录核对
婵		5021		2	通用规范汉字表_双源转录核对
胬		5022		2	通用规范汉字表_双源转录核对
袈		5023		2	通用规范汉字表_双源转录核对
翌		5024		2	通用规范汉字表_双源转录核对
恿		5025		2	通用规范汉字表_双源转录核对
欸		5026		2	通用规范汉字表_双源转录核对
绫		5027		2	通用规范汉字表_双源转录核对
骐		5028		2	通用规范汉字表_双源转录核对
绮		5029		2	通用规范汉字表_双源转录核对
绯		5030		2	通用规范汉字表_双源转录核对
绱		5031		2	通用规范汉字表_双源转录核对
骒		5032		2	通用规范汉字表_双源转录核对
绲		5033		2	通用规范汉字表_双源转录核对
骓		5034		2	通用规范汉字表_双源转录核对
绶		5035		2	通用规范汉字表_双源转录核对
绺		5036		2	通用规范汉字表_双源转录核对
绻		5037		2	通用规范汉字表_双源转录核对
绾		5038		2	通用规范汉字表_双源转录核对
骖		5039		2	通用规范汉字表_双源转录核对
缁		5040		2	通用规范汉字表_双源转录核对
耠		5041		2	通用规范汉字表_双源转录核对
琫		5042		2	通用规范汉字表_双源转录核对
琵		5043		2	通用规范汉字表_双源转录核对
琶		5044		2	通用规范汉字表_双源转录核对
琪		5045		2	通用规范汉字表_双源转录核对
瑛		5046		2	通用规范汉字表_双源转录核对
琦		5047		2	通用规范汉字表_双源转录核对
琥		5048		2	通用规范汉字表_双源转录核对
琨		5049		2	通用规范汉字表_双源转录核对
靓		5050		2	通用规范汉字表_双源转录核对
琰		5051		2	通用规范汉字表_双源转录核对
琮		5052		2	通用规范汉字表_双源转录核对
琯		5053		2	通用规范汉字表_双源转录核对
琬		5054		2	通用规范汉字表_双源转录核对
琛		5055		2	通用规范汉字表_双源转录核对
琚		5056		2	通用规范汉字表_双源转录核对
辇		5057		2	通用规范汉字表_双源转录核对
鼋		5058		2	通用规范汉字表_双源转录核对
揳		5059		2	通用规范汉字表_双源转录核对
堞		5060		2	通用规范汉字表_双源转录核对
搽		5061		2	通用规范汉字表_双源转录核对
揸		5062		2	通用规范汉字表_双源转录核对
揠		5063		2	通用规范汉字表_双源转录核对
堙		5064		2	通用规范汉字表_双源转录核对
趄		5065		2	通用规范汉字表_双源转录核对
揖		5066		2	通用规范汉字表_双源转录核对
颉		5067		2	通用规范汉字表_双源转录核对
塄		5068		2	通用规范汉字表_双源转录核对
揿		5069		2	通用规范汉字表_双源转录核对
耋		5070		2	通用规范汉字表_双源转录核对
揄		5071		2	通用规范汉字表_双源转录核对
蛩		5072		2	通用规范汉字表_双源转录核对
蛰		5073		2	通用规范汉字表_双源转录核对
塆		5074		2	通用规范汉字表_双源转录核对
摒		5075		2	通用规范汉字表_双源转录核对
揆		5076		2	通用规范汉字表_双源转录核对
掾		5077		2	通用规范汉字表_双源转录核对
聒		5078		2	通用规范汉字表_双源转录核对
葑		5079		2	通用规范汉字表_双源转录核对
葚		5080		2	通用规范汉字表_双源转录核对
靰		5081		2	通用规范汉字表_双源转录核对
靸		5082		2	通用规范汉字表_双源转录核对
葳		5083		2	通用规范汉字表_双源转录核对
葺		5084		2	通用规范汉字表_双源转录核对
葸		5085		2	通用规范汉字表_双源转录核对
萼		5086		2	通用规范汉字表_双源转录核对
葆		5087		2	通用规范汉字表_双源转录核对
葩		5088		2	通用规范汉字表_双源转录核对
葶		5089		2	通用规范汉字表_双源转录核对
蒌		5090		2	通用规范汉字表_双源转录核对
萱		5091		2	通用规范汉字表_双源转录核对
戟		5092		2	通用规范汉字表_双源转录核对
葭		5093		2	通用规范汉字表_双源转录核对
楮		5094		2	通用规范汉字表_双源转录核对
棼		5095		2	通用规范汉字表_双源转录核对
椟		5096		2	通用规范汉字表_双源转录核对
棹		5097		2	通用规范汉字表_双源转录核对
椤		5098		2	通用规范汉字表_双源转录核对
棰		5099		2	通用规范汉字表_双源转录核对
赍		5100		2	通用规范汉字表_双源转录核对
椋		5101		2	通用规范汉字表_双源转录核对
椁		5102		2	通用规范汉字表_双源转录核对
椪		5103		2	通用规范汉字表_双源转录核对
棣		5104		2	通用规范汉字表_双源转录核对
椐		5105		2	通用规范汉字表_双源转录核对
鹁		5106		2	通用规范汉字表_双源转录核对
覃		5107		2	通用规范汉字表_双源转录核对
酤		5108		2	通用规范汉字表_双源转录核对
酢		5109		2	通用规范汉字表_双源转录核对
酡		5110		2	通用规范汉字表_双源转录核对
鹂		5111		2	通用规范汉字表_双源转录核对
厥		5112		2	通用规范汉字表_双源转录核对
殚		5113		2	通用规范汉字表_双源转录核对
殛		5114		2	通用规范汉字表_双源转录核对
雯		5115		2	通用规范汉字表_双源转录核对
雱		5116		2	通用规范汉字表_双源转录核对
辊		5117		2	通用规范汉字表_双源转录核对
辋		5118		2	通用规范汉字表_双源转录核对
椠		5119		2	通用规范汉字表_双源转录核对
辍		5120		2	通用规范汉字表_双源转录核对
辎		5121		2	通用规范汉字表_双源转录核对
斐		5122		2	通用规范汉字表_双源转录核对
睄		5123		2	通用规范汉字表_双源转录核对
睑		5124		2	通用规范汉字表_双源转录核对
睇		5125		2	通用规范汉字表_双源转录核对
睃		5126		2	通用规范汉字表_双源转录核对
戢		5127		2	通用规范汉字表_双源转录核对
喋		5128		2	通用规范汉字表_双源转录核对
嗒		5129		2	通用规范汉字表_双源转录核对
喃		5130		2	通用规范汉字表_双源转录核对
喱		5131		2	通用规范汉字表_双源转录核对
喹		5132		2	通用规范汉字表_双源转录核对
晷		5133		2	通用规范汉字表_双源转录核对
喈		5134		2	通用规范汉字表_双源转录核对
跖		5135		2	通用规范汉字表_双源转录核对
跗		5136		2	通用规范汉字表_双源转录核对
跞		5137		2	通用规范汉字表_双源转录核对
跚		5138		2	通用规范汉字表_双源转录核对
跎		5139		2	通用规范汉字表_双源转录核对
跏		5140		2	通用规范汉字表_双源转录核对
跆		5141		2	通用规范汉字表_双源转录核对
蛱		5142		2	通用规范汉字表_双源转录核对
蛲		5143		2	通用规范汉字表_双源转录核对
蛭		5144		2	通用规范汉字表_双源转录核对
蛳		5145		2	通用规范汉字表_双源转录核对
蛐		5146		2	通用规范汉字表_双源转录核对
蛔		5147		2	通用规范汉字表_双源转录核对
蛞		5148		2	通用规范汉字表_双源转录核对
蛴		5149		2	通用规范汉字表_双源转录核对
蛟		5150		2	通用规范汉字表_双源转录核对
蛘		5151		2	通用规范汉字表_双源转录核对
喁		5152		2	通用规范汉字表_双源转录核对
喟		5153		2	通用规范汉字表_双源转录核对
啾		5154		2	通用规范汉字表_双源转录核对
嗖		5155		2	通用规范汉字表_双源转录核对
喑		5156		2	通用规范汉字表_双源转录核对
嗟		5157		2	通用规范汉字表_双源转录核对
喽		5158		2	通用规范汉字表_双源转录核对
嗞		5159		2	通用规范汉字表_双源转录核对
喀		5160		2	通用规范汉字表_双源转录核对
喔		5161		2	通用规范汉字表_双源转录核对
喙		5162		2	通用规范汉字表_双源转录核对
嵘		5163		2	通用规范汉字表_双源转录核对
嵖		5164		2	通用规范汉字表_双源转录核对
崴		5165		2	通用规范汉字表_双源转录核对
遄		5166		2	通用规范汉字表_双源转录核对
詈		5167		2	通用规范汉字表_双源转录核对
嵎		5168		2	通用规范汉字表_双源转录核对
崽		5169		2	通用规范汉字表_双源转录核对
嵬		5170		2	通用规范汉字表_双源转录核对
嵛		5171		2	通用规范汉字表_双源转录核对
嵯		5172		2	通用规范汉字表_双源转录核对
嵝		5173		2	通用规范汉字表_双源转录核对
嵫		5174		2	通用规范汉字表_双源转录核对
幄		5175		2	通用规范汉字表_双源转录核对
嵋		5176		2	通用规范汉字表_双源转录核对
赕		5177		2	通用规范汉字表_双源转录核对
铻		5178		2	通用规范汉字表_双源转录核对
铼		5179		2	通用规范汉字表_双源转录核对
铿		5180		2	通用规范汉字表_双源转录核对
锃		5181		2	通用规范汉字表_双源转录核对
锂		5182		2	通用规范汉字表_双源转录核对
锆		5183		2	通用规范汉字表_双源转录核对
锇		5184		2	通用规范汉字表_双源转录核对
锉		5185		2	通用规范汉字表_双源转录核对
锏		5186		2	通用规范汉字表_双源转录核对
锑		5187		2	通用规范汉字表_双源转录核对
锒		5188		2	通用规范汉字表_双源转录核对
锔		5189		2	通用规范汉字表_双源转录核对
锕		5190		2	通用规范汉字表_双源转录核对
掣		5191		2	通用规范汉字表_双源转录核对
矬		5192		2	通用规范汉字表_双源转录核对
氰		5193		2	通用规范汉字表_双源转录核对
毳		5194		2	通用规范汉字表_双源转录核对
毽		5195		2	通用规范汉字表_双源转录核对
犊		5196		2	通用规范汉字表_双源转录核对
犄		5197		2	通用规范汉字表_双源转录核对
犋		5198		2	通用规范汉字表_双源转录核对
鹄		5199		2	通用规范汉字表_双源转录核对
犍		5200		2	通用规范汉字表_双源转录核对
嵇		5201		2	通用规范汉字表_双源转录核对
黍		5202		2	通用规范汉字表_双源转录核对
稃		5203		2	通用规范汉字表_双源转录核对
稂		5204		2	通用规范汉字表_双源转录核对
筚		5205		2	通用规范汉字表_双源转录核对
筵		5206		2	通用规范汉字表_双源转录核对
筌		5207		2	通用规范汉字表_双源转录核对
傣		5208		2	通用规范汉字表_双源转录核对
傈		5209		2	通用规范汉字表_双源转录核对
舄		5210		2	通用规范汉字表_双源转录核对
牍		5211		2	通用规范汉字表_双源转录核对
傥		5212		2	通用规范汉字表_双源转录核对
傧		5213		2	通用规范汉字表_双源转录核对
遑		5214		2	通用规范汉字表_双源转录核对
傩		5215		2	通用规范汉字表_双源转录核对
遁		5216		2	通用规范汉字表_双源转录核对
徨		5217		2	通用规范汉字表_双源转录核对
媭		5218		2	通用规范汉字表_双源转录核对
畲		5219		2	通用规范汉字表_双源转录核对
弑		5220		2	通用规范汉字表_双源转录核对
颌		5221		2	通用规范汉字表_双源转录核对
翕		5222		2	通用规范汉字表_双源转录核对
釉		5223		2	通用规范汉字表_双源转录核对
鹆		5224		2	通用规范汉字表_双源转录核对
舜		5225		2	通用规范汉字表_双源转录核对
貂		5226		2	通用规范汉字表_双源转录核对
腈		5227		2	通用规范汉字表_双源转录核对
腌		5228		2	通用规范汉字表_双源转录核对
腓		5229		2	通用规范汉字表_双源转录核对
腆		5230		2	通用规范汉字表_双源转录核对
腴		5231		2	通用规范汉字表_双源转录核对
腑		5232		2	通用规范汉字表_双源转录核对
腚		5233		2	通用规范汉字表_双源转录核对
腱		5234		2	通用规范汉字表_双源转录核对
鱿		5235		2	通用规范汉字表_双源转录核对
鲀		5236		2	通用规范汉字表_双源转录核对
鲂		5237		2	通用规范汉字表_双源转录核对
颍		5238		2	通用规范汉字表_双源转录核对
猢		5239		2	通用规范汉字表_双源转录核对
猹		5240		2	通用规范汉字表_双源转录核对
猥		5241		2	通用规范汉字表_双源转录核对
飓		5242		2	通用规范汉字表_双源转录核对
觞		5243		2	通用规范汉字表_双源转录核对
觚		5244		2	通用规范汉字表_双源转录核对
猱		5245		2	通用规范汉字表_双源转录核对
颎		5246		2	通用规范汉字表_双源转录核对
飧		5247		2	通用规范汉字表_双源转录核对
馇		5248		2	通用规范汉字表_双源转录核对
馊		5249		2	通用规范汉字表_双源转录核对
亵		5250		2	通用规范汉字表_双源转录核对
脔		5251		2	通用规范汉字表_双源转录核对
裒		5252		2	通用规范汉字表_双源转录核对
痣		5253		2	通用规范汉字表_双源转录核对
痨		5254		2	通用规范汉字表_双源转录核对
痦		5255		2	通用规范汉字表_双源转录核对
痞		5256		2	通用规范汉字表_双源转录核对
痤		5257		2	通用规范汉字表_双源转录核对
痫		5258		2	通用规范汉字表_双源转录核对
痧		5259		2	通用规范汉字表_双源转录核对
赓		5260		2	通用规范汉字表_双源转录核对
竦		5261		2	通用规范汉字表_双源转录核对
瓿		5262		2	通用规范汉字表_双源转录核对
啻		5263		2	通用规范汉字表_双源转录核对
颏		5264		2	通用规范汉字表_双源转录核对
鹇		5265		2	通用规范汉字表_双源转录核对
阑		5266		2	通用规范汉字表_双源转录核对
阒		5267		2	通用规范汉字表_双源转录核对
阕		5268		2	通用规范汉字表_双源转录核对
粞		5269		2	通用规范汉字表_双源转录核对
遒		5270		2	通用规范汉字表_双源转录核对
孳		5271		2	通用规范汉字表_双源转录核对
焯		5272		2	通用规范汉字表_双源转录核对
焜		5273		2	通用规范汉字表_双源转录核对
焙		5274		2	通用规范汉字表_双源转录核对
焱		5275		2	通用规范汉字表_双源转录核对
鹈		5276		2	通用规范汉字表_双源转录核对
湛		5277		2	通用规范汉字表_双源转录核对
渫		5278		2	通用规范汉字表_双源转录核对
湮		5279		2	通用规范汉字表_双源转录核对
湎		5280		2	通用规范汉字表_双源转录核对
湜		5281		2	通用规范汉字表_双源转录核对
渭		5282		2	通用规范汉字表_双源转录核对
湍		5283		2	通用规范汉字表_双源转录核对
湫		5284		2	通用规范汉字表_双源转录核对
溲		5285		2	通用规范汉字表_双源转录核对
湟		5286		2	通用规范汉字表_双源转录核对
溆		5287		2	通用规范汉字表_双源转录核对
湲		5288		2	通用规范汉字表_双源转录核对
湔		5289		2	通用规范汉字表_双源转录核对
湉		5290		2	通用规范汉字表_双源转录核对
渥		5291		2	通用规范汉字表_双源转录核对
湄		5292		2	通用规范汉字表_双源转录核对
滁		5293		2	通用规范汉字表_双源转录核对
愠		5294		2	通用规范汉字表_双源转录核对
惺		5295		2	通用规范汉字表_双源转录核对
愦		5296		2	通用规范汉字表_双源转录核对
惴		5297		2	通用规范汉字表_双源转录核对
愀		5298		2	通用规范汉字表_双源转录核对
愎		5299		2	通用规范汉字表_双源转录核对
愔		5300		2	通用规范汉字表_双源转录核对
喾		5301		2	通用规范汉字表_双源转录核对
寐		5302		2	通用规范汉字表_双源转录核对
谟		5303		2	通用规范汉字表_双源转录核对
扉		5304		2	通用规范汉字表_双源转录核对
裢		5305		2	通用规范汉字表_双源转录核对
裎		5306		2	通用规范汉字表_双源转录核对
裥		5307		2	通用规范汉字表_双源转录核对
祾		5308		2	通用规范汉字表_双源转录核对
祺		5309		2	通用规范汉字表_双源转录核对
谠		5310		2	通用规范汉字表_双源转录核对
幂		5311		2	通用规范汉字表_双源转录核对
谡		5312		2	通用规范汉字表_双源转录核对
谥		5313		2	通用规范汉字表_双源转录核对
谧		5314		2	通用规范汉字表_双源转录核对
遐		5315		2	通用规范汉字表_双源转录核对
孱		5316		2	通用规范汉字表_双源转录核对
弼		5317		2	通用规范汉字表_双源转录核对
巽		5318		2	通用规范汉字表_双源转录核对
骘		5319		2	通用规范汉字表_双源转录核对
媪		5320		2	通用规范汉字表_双源转录核对
媛		5321		2	通用规范汉字表_双源转录核对
婷		5322		2	通用规范汉字表_双源转录核对
巯		5323		2	通用规范汉字表_双源转录核对
翚		5324		2	通用规范汉字表_双源转录核对
皴		5325		2	通用规范汉字表_双源转录核对
婺		5326		2	通用规范汉字表_双源转录核对
骛		5327		2	通用规范汉字表_双源转录核对
缂		5328		2	通用规范汉字表_双源转录核对
缃		5329		2	通用规范汉字表_双源转录核对
缄		5330		2	通用规范汉字表_双源转录核对
彘		5331		2	通用规范汉字表_双源转录核对
缇		5332		2	通用规范汉字表_双源转录核对
缈		5333		2	通用规范汉字表_双源转录核对
缌		5334		2	通用规范汉字表_双源转录核对
缑		5335		2	通用规范汉字表_双源转录核对
缒		5336		2	通用规范汉字表_双源转录核对
缗		5337		2	通用规范汉字表_双源转录核对
飨		5338		2	通用规范汉字表_双源转录核对
耢		5339		2	通用规范汉字表_双源转录核对
瑚		5340		2	通用规范汉字表_双源转录核对
瑁		5341		2	通用规范汉字表_双源转录核对
瑜		5342		2	通用规范汉字表_双源转录核对
瑗		5343		2	通用规范汉字表_双源转录核对
瑄		5344		2	通用规范汉字表_双源转录核对
瑕		5345		2	通用规范汉字表_双源转录核对
遨		5346		2	通用规范汉字表_双源转录核对
骜		5347		2	通用规范汉字表_双源转录核对
韫		5348		2	通用规范汉字表_双源转录核对
髡		5349		2	通用规范汉字表_双源转录核对
塬		5350		2	通用规范汉字表_双源转录核对
鄢		5351		2	通用规范汉字表_双源转录核对
趔		5352		2	通用规范汉字表_双源转录核对
趑		5353		2	通用规范汉字表_双源转录核对
摅		5354		2	通用规范汉字表_双源转录核对
摁		5355		2	通用规范汉字表_双源转录核对
蜇		5356		2	通用规范汉字表_双源转录核对
搋		5357		2	通用规范汉字表_双源转录核对
搪		5358		2	通用规范汉字表_双源转录核对
搐		5359		2	通用规范汉字表_双源转录核对
搛		5360		2	通用规范汉字表_双源转录核对
搠		5361		2	通用规范汉字表_双源转录核对
摈		5362		2	通用规范汉字表_双源转录核对
彀		5363		2	通用规范汉字表_双源转录核对
毂		5364		2	通用规范汉字表_双源转录核对
搦		5365		2	通用规范汉字表_双源转录核对
搡		5366		2	通用规范汉字表_双源转录核对
蓁		5367		2	通用规范汉字表_双源转录核对
戡		5368		2	通用规范汉字表_双源转录核对
蓍		5369		2	通用规范汉字表_双源转录核对
鄞		5370		2	通用规范汉字表_双源转录核对
靳		5371		2	通用规范汉字表_双源转录核对
蓐		5372		2	通用规范汉字表_双源转录核对
蓦		5373		2	通用规范汉字表_双源转录核对
鹋		5374		2	通用规范汉字表_双源转录核对
蒽		5375		2	通用规范汉字表_双源转录核对
蓓		5376		2	通用规范汉字表_双源转录核对
蓖		5377		2	通用规范汉字表_双源转录核对
蓊		5378		2	通用规范汉字表_双源转录核对
蒯		5379		2	通用规范汉字表_双源转录核对
蓟		5380		2	通用规范汉字表_双源转录核对
蓑		5381		2	通用规范汉字表_双源转录核对
蒿		5382		2	通用规范汉字表_双源转录核对
蒺		5383		2	通用规范汉字表_双源转录核对
蓠		5384		2	通用规范汉字表_双源转录核对
蒟		5385		2	通用规范汉字表_双源转录核对
蒡		5386		2	通用规范汉字表_双源转录核对
蒹		5387		2	通用规范汉字表_双源转录核对
蒴		5388		2	通用规范汉字表_双源转录核对
蒗		5389		2	通用规范汉字表_双源转录核对
蓥		5390		2	通用规范汉字表_双源转录核对
颐		5391		2	通用规范汉字表_双源转录核对
楔		5392		2	通用规范汉字表_双源转录核对
楠		5393		2	通用规范汉字表_双源转录核对
楂		5394		2	通用规范汉字表_双源转录核对
楝		5395		2	通用规范汉字表_双源转录核对
楫		5396		2	通用规范汉字表_双源转录核对
楸		5397		2	通用规范汉字表_双源转录核对
椴		5398		2	通用规范汉字表_双源转录核对
槌		5399		2	通用规范汉字表_双源转录核对
楯		5400		2	通用规范汉字表_双源转录核对
皙		5401		2	通用规范汉字表_双源转录核对
榈		5402		2	通用规范汉字表_双源转录核对
槎		5403		2	通用规范汉字表_双源转录核对
榉		5404		2	通用规范汉字表_双源转录核对
楦		5405		2	通用规范汉字表_双源转录核对
楣		5406		2	通用规范汉字表_双源转录核对
楹		5407		2	通用规范汉字表_双源转录核对
椽		5408		2	通用规范汉字表_双源转录核对
裘		5409		2	通用规范汉字表_双源转录核对
剽		5410		2	通用规范汉字表_双源转录核对
甄		5411		2	通用规范汉字表_双源转录核对
酮		5412		2	通用规范汉字表_双源转录核对
酰		5413		2	通用规范汉字表_双源转录核对
酯		5414		2	通用规范汉字表_双源转录核对
酩		5415		2	通用规范汉字表_双源转录核对
蜃		5416		2	通用规范汉字表_双源转录核对
碛		5417		2	通用规范汉字表_双源转录核对
碓		5418		2	通用规范汉字表_双源转录核对
硼		5419		2	通用规范汉字表_双源转录核对
碉		5420		2	通用规范汉字表_双源转录核对
碚		5421		2	通用规范汉字表_双源转录核对
碇		5422		2	通用规范汉字表_双源转录核对
碜		5423		2	通用规范汉字表_双源转录核对
鹌		5424		2	通用规范汉字表_双源转录核对
辏		5425		2	通用规范汉字表_双源转录核对
龃		5426		2	通用规范汉字表_双源转录核对
龅		5427		2	通用规范汉字表_双源转录核对
訾		5428		2	通用规范汉字表_双源转录核对
粲		5429		2	通用规范汉字表_双源转录核对
虞		5430		2	通用规范汉字表_双源转录核对
睚		5431		2	通用规范汉字表_双源转录核对
嗪		5432		2	通用规范汉字表_双源转录核对
韪		5433		2	通用规范汉字表_双源转录核对
嗷		5434		2	通用规范汉字表_双源转录核对
嗉		5435		2	通用规范汉字表_双源转录核对
睨		5436		2	通用规范汉字表_双源转录核对
睢		5437		2	通用规范汉字表_双源转录核对
雎		5438		2	通用规范汉字表_双源转录核对
睥		5439		2	通用规范汉字表_双源转录核对
嘟		5440		2	通用规范汉字表_双源转录核对
嗑		5441		2	通用规范汉字表_双源转录核对
嗫		5442		2	通用规范汉字表_双源转录核对
嗬		5443		2	通用规范汉字表_双源转录核对
嗔		5444		2	通用规范汉字表_双源转录核对
嗝		5445		2	通用规范汉字表_双源转录核对
戥		5446		2	通用规范汉字表_双源转录核对
嗄		5447		2	通用规范汉字表_双源转录核对
煦		5448		2	通用规范汉字表_双源转录核对
暄		5449		2	通用规范汉字表_双源转录核对
遢		5450		2	通用规范汉字表_双源转录核对
暌		5451		2	通用规范汉字表_双源转录核对
跬		5452		2	通用规范汉字表_双源转录核对
跶		5453		2	通用规范汉字表_双源转录核对
跸		5454		2	通用规范汉字表_双源转录核对
跐		5455		2	通用规范汉字表_双源转录核对
跣		5456		2	通用规范汉字表_双源转录核对
跹		5457		2	通用规范汉字表_双源转录核对
跻		5458		2	通用规范汉字表_双源转录核对
蛸		5459		2	通用规范汉字表_双源转录核对
蜊		5460		2	通用规范汉字表_双源转录核对
蜍		5461		2	通用规范汉字表_双源转录核对
蜉		5462		2	通用规范汉字表_双源转录核对
蜣		5463		2	通用规范汉字表_双源转录核对
畹		5464		2	通用规范汉字表_双源转录核对
蛹		5465		2	通用规范汉字表_双源转录核对
嗣		5466		2	通用规范汉字表_双源转录核对
嗯		5467		2	通用规范汉字表_双源转录核对
嗥		5468		2	通用规范汉字表_双源转录核对
嗲		5469		2	通用规范汉字表_双源转录核对
嗳		5470		2	通用规范汉字表_双源转录核对
嗌		5471		2	通用规范汉字表_双源转录核对
嗍		5472		2	通用规范汉字表_双源转录核对
嗨		5473		2	通用规范汉字表_双源转录核对
嗐		5474		2	通用规范汉字表_双源转录核对
嗤		5475		2	通用规范汉字表_双源转录核对
嗵		5476		2	通用规范汉字表_双源转录核对
罨		5477		2	通用规范汉字表_双源转录核对
嵊		5478		2	通用规范汉字表_双源转录核对
嵩		5479		2	通用规范汉字表_双源转录核对
嵴		5480		2	通用规范汉字表_双源转录核对
骰		5481		2	通用规范汉字表_双源转录核对
锗		5482		2	通用规范汉字表_双源转录核对
锛		5483		2	通用规范汉字表_双源转录核对
锜		5484		2	通用规范汉字表_双源转录核对
锝		5485		2	通用规范汉字表_双源转录核对
锞		5486		2	通用规范汉字表_双源转录核对
锟		5487		2	通用规范汉字表_双源转录核对
锢		5488		2	通用规范汉字表_双源转录核对
锨		5489		2	通用规范汉字表_双源转录核对
锩		5490		2	通用规范汉字表_双源转录核对
锭		5491		2	通用规范汉字表_双源转录核对
锱		5492		2	通用规范汉字表_双源转录核对
雉		5493		2	通用规范汉字表_双源转录核对
氲		5494		2	通用规范汉字表_双源转录核对
犏		5495		2	通用规范汉字表_双源转录核对
歃		5496		2	通用规范汉字表_双源转录核对
稞		5497		2	通用规范汉字表_双源转录核对
稗		5498		2	通用规范汉字表_双源转录核对
稔		5499		2	通用规范汉字表_双源转录核对
筠		5500		2	通用规范汉字表_双源转录核对
筢		5501		2	通用规范汉字表_双源转录核对
筮		5502		2	通用规范汉字表_双源转录核对
筲		5503		2	通用规范汉字表_双源转录核对
筱		5504		2	通用规范汉字表_双源转录核对
牒		5505		2	通用规范汉字表_双源转录核对
煲		5506		2	通用规范汉字表_双源转录核对
敫		5507		2	通用规范汉字表_双源转录核对
徭		5508		2	通用规范汉字表_双源转录核对
愆		5509		2	通用规范汉字表_双源转录核对
艄		5510		2	通用规范汉字表_双源转录核对
觎		5511		2	通用规范汉字表_双源转录核对
毹		5512		2	通用规范汉字表_双源转录核对
貊		5513		2	通用规范汉字表_双源转录核对
貅		5514		2	通用规范汉字表_双源转录核对
貉		5515		2	通用规范汉字表_双源转录核对
颔		5516		2	通用规范汉字表_双源转录核对
腠		5517		2	通用规范汉字表_双源转录核对
腩		5518		2	通用规范汉字表_双源转录核对
腼		5519		2	通用规范汉字表_双源转录核对
腭		5520		2	通用规范汉字表_双源转录核对
腧		5521		2	通用规范汉字表_双源转录核对
塍		5522		2	通用规范汉字表_双源转录核对
媵		5523		2	通用规范汉字表_双源转录核对
詹		5524		2	通用规范汉字表_双源转录核对
鲅		5525		2	通用规范汉字表_双源转录核对
鲆		5526		2	通用规范汉字表_双源转录核对
鲇		5527		2	通用规范汉字表_双源转录核对
鲈		5528		2	通用规范汉字表_双源转录核对
稣		5529		2	通用规范汉字表_双源转录核对
鲋		5530		2	通用规范汉字表_双源转录核对
鲐		5531		2	通用规范汉字表_双源转录核对
肄		5532		2	通用规范汉字表_双源转录核对
鹐		5533		2	通用规范汉字表_双源转录核对
飕		5534		2	通用规范汉字表_双源转录核对
觥		5535		2	通用规范汉字表_双源转录核对
遛		5536		2	通用规范汉字表_双源转录核对
馐		5537		2	通用规范汉字表_双源转录核对
鹑		5538		2	通用规范汉字表_双源转录核对
亶		5539		2	通用规范汉字表_双源转录核对
瘃		5540		2	通用规范汉字表_双源转录核对
痱		5541		2	通用规范汉字表_双源转录核对
痼		5542		2	通用规范汉字表_双源转录核对
痿		5543		2	通用规范汉字表_双源转录核对
瘐		5544		2	通用规范汉字表_双源转录核对
瘁		5545		2	通用规范汉字表_双源转录核对
瘆		5546		2	通用规范汉字表_双源转录核对
麂		5547		2	通用规范汉字表_双源转录核对
裔		5548		2	通用规范汉字表_双源转录核对
歆		5549		2	通用规范汉字表_双源转录核对
旒		5550		2	通用规范汉字表_双源转录核对
雍		5551		2	通用规范汉字表_双源转录核对
阖		5552		2	通用规范汉字表_双源转录核对
阗		5553		2	通用规范汉字表_双源转录核对
阙		5554		2	通用规范汉字表_双源转录核对
羧		5555		2	通用规范汉字表_双源转录核对
豢		5556		2	通用规范汉字表_双源转录核对
粳		5557		2	通用规范汉字表_双源转录核对
猷		5558		2	通用规范汉字表_双源转录核对
煳		5559		2	通用规范汉字表_双源转录核对
煜		5560		2	通用规范汉字表_双源转录核对
煨		5561		2	通用规范汉字表_双源转录核对
煅		5562		2	通用规范汉字表_双源转录核对
煊		5563		2	通用规范汉字表_双源转录核对
煸		5564		2	通用规范汉字表_双源转录核对
煺		5565		2	通用规范汉字表_双源转录核对
滟		5566		2	通用规范汉字表_双源转录核对
溱		5567		2	通用规范汉字表_双源转录核对
溘		5568		2	通用规范汉字表_双源转录核对
漭		5569		2	通用规范汉字表_双源转录核对
滢		5570		2	通用规范汉字表_双源转录核对
溥		5571		2	通用规范汉字表_双源转录核对
溧		5572		2	通用规范汉字表_双源转录核对
溽		5573		2	通用规范汉字表_双源转录核对
裟		5574		2	通用规范汉字表_双源转录核对
溻		5575		2	通用规范汉字表_双源转录核对
溷		5576		2	通用规范汉字表_双源转录核对
滗		5577		2	通用规范汉字表_双源转录核对
滫		5578		2	通用规范汉字表_双源转录核对
溴		5579		2	通用规范汉字表_双源转录核对
滏		5580		2	通用规范汉字表_双源转录核对
滃		5581		2	通用规范汉字表_双源转录核对
滦		5582		2	通用规范汉字表_双源转录核对
溏		5583		2	通用规范汉字表_双源转录核对
滂		5584		2	通用规范汉字表_双源转录核对
滓		5585		2	通用规范汉字表_双源转录核对
溟		5586		2	通用规范汉字表_双源转录核对
滪		5587		2	通用规范汉字表_双源转录核对
愫		5588		2	通用规范汉字表_双源转录核对
慑		5589		2	通用规范汉字表_双源转录核对
慊		5590		2	通用规范汉字表_双源转录核对
鲎		5591		2	通用规范汉字表_双源转录核对
骞		5592		2	通用规范汉字表_双源转录核对
窦		5593		2	通用规范汉字表_双源转录核对
窠		5594		2	通用规范汉字表_双源转录核对
窣		5595		2	通用规范汉字表_双源转录核对
裱		5596		2	通用规范汉字表_双源转录核对
褚		5597		2	通用规范汉字表_双源转录核对
裨		5598		2	通用规范汉字表_双源转录核对
裾		5599		2	通用规范汉字表_双源转录核对
裰		5600		2	通用规范汉字表_双源转录核对
禊		5601		2	通用规范汉字表_双源转录核对
谩		5602		2	通用规范汉字表_双源转录核对
谪		5603		2	通用规范汉字表_双源转录核对
媾		5604		2	通用规范汉字表_双源转录核对
嫫		5605		2	通用规范汉字表_双源转录核对
媲		5606		2	通用规范汉字表_双源转录核对
嫒		5607		2	通用规范汉字表_双源转录核对
嫔		5608		2	通用规范汉字表_双源转录核对
媸		5609		2	通用规范汉字表_双源转录核对
缙		5610		2	通用规范汉字表_双源转录核对
缜		5611		2	通用规范汉字表_双源转录核对
缛		5612		2	通用规范汉字表_双源转录核对
辔		5613		2	通用规范汉字表_双源转录核对
骝		5614		2	通用规范汉字表_双源转录核对
缟		5615		2	通用规范汉字表_双源转录核对
缡		5616		2	通用规范汉字表_双源转录核对
缢		5617		2	通用规范汉字表_双源转录核对
缣		5618		2	通用规范汉字表_双源转录核对
骟		5619		2	通用规范汉字表_双源转录核对
耥		5620		2	通用规范汉字表_双源转录核对
璈		5621		2	通用规范汉字表_双源转录核对
瑶		5622		2	通用规范汉字表_双源转录核对
瑭		5623		2	通用规范汉字表_双源转录核对
獒		5624		2	通用规范汉字表_双源转录核对
觏		5625		2	通用规范汉字表_双源转录核对
慝		5626		2	通用规范汉字表_双源转录核对
嫠		5627		2	通用规范汉字表_双源转录核对
韬		5628		2	通用规范汉字表_双源转录核对
叆		5629		2	通用规范汉字表_双源转录核对
髦		5630		2	通用规范汉字表_双源转录核对
摽		5631		2	通用规范汉字表_双源转录核对
墁		5632		2	通用规范汉字表_双源转录核对
撂		5633		2	通用规范汉字表_双源转录核对
摞		5634		2	通用规范汉字表_双源转录核对
撄		5635		2	通用规范汉字表_双源转录核对
翥		5636		2	通用规范汉字表_双源转录核对
踅		5637		2	通用规范汉字表_双源转录核对
摭		5638		2	通用规范汉字表_双源转录核对
墉		5639		2	通用规范汉字表_双源转录核对
墒		5640		2	通用规范汉字表_双源转录核对
榖		5641		2	通用规范汉字表_双源转录核对
綦		5642		2	通用规范汉字表_双源转录核对
蔫		5643		2	通用规范汉字表_双源转录核对
蔷		5644		2	通用规范汉字表_双源转录核对
靺		5645		2	通用规范汉字表_双源转录核对
靼		5646		2	通用规范汉字表_双源转录核对
鞅		5647		2	通用规范汉字表_双源转录核对
靿		5648		2	通用规范汉字表_双源转录核对
甍		5649		2	通用规范汉字表_双源转录核对
蔸		5650		2	通用规范汉字表_双源转录核对
蔟		5651		2	通用规范汉字表_双源转录核对
蔺		5652		2	通用规范汉字表_双源转录核对
戬		5653		2	通用规范汉字表_双源转录核对
蕖		5654		2	通用规范汉字表_双源转录核对
蔻		5655		2	通用规范汉字表_双源转录核对
蓿		5656		2	通用规范汉字表_双源转录核对
斡		5657		2	通用规范汉字表_双源转录核对
鹕		5658		2	通用规范汉字表_双源转录核对
蓼		5659		2	通用规范汉字表_双源转录核对
榛		5660		2	通用规范汉字表_双源转录核对
榧		5661		2	通用规范汉字表_双源转录核对
榻		5662		2	通用规范汉字表_双源转录核对
榫		5663		2	通用规范汉字表_双源转录核对
榭		5664		2	通用规范汉字表_双源转录核对
槔		5665		2	通用规范汉字表_双源转录核对
榱		5666		2	通用规范汉字表_双源转录核对
槁		5667		2	通用规范汉字表_双源转录核对
槟		5668		2	通用规范汉字表_双源转录核对
槠		5669		2	通用规范汉字表_双源转录核对
榷		5670		2	通用规范汉字表_双源转录核对
僰		5671		2	通用规范汉字表_双源转录核对
酽		5672		2	通用规范汉字表_双源转录核对
酶		5673		2	通用规范汉字表_双源转录核对
酹		5674		2	通用规范汉字表_双源转录核对
厮		5675		2	通用规范汉字表_双源转录核对
碡		5676		2	通用规范汉字表_双源转录核对
碴		5677		2	通用规范汉字表_双源转录核对
碣		5678		2	通用规范汉字表_双源转录核对
碲		5679		2	通用规范汉字表_双源转录核对
磋		5680		2	通用规范汉字表_双源转录核对
臧		5681		2	通用规范汉字表_双源转录核对
豨		5682		2	通用规范汉字表_双源转录核对
殡		5683		2	通用规范汉字表_双源转录核对
霆		5684		2	通用规范汉字表_双源转录核对
霁		5685		2	通用规范汉字表_双源转录核对
辕		5686		2	通用规范汉字表_双源转录核对
蜚		5687		2	通用规范汉字表_双源转录核对
裴		5688		2	通用规范汉字表_双源转录核对
翡		5689		2	通用规范汉字表_双源转录核对
龇		5690		2	通用规范汉字表_双源转录核对
龈		5691		2	通用规范汉字表_双源转录核对
睿		5692		2	通用规范汉字表_双源转录核对
䁖		5693		2	通用规范汉字表_双源转录核对
睽		5694		2	通用规范汉字表_双源转录核对
嘞		5695		2	通用规范汉字表_双源转录核对
嘈		5696		2	通用规范汉字表_双源转录核对
嘌		5697		2	通用规范汉字表_双源转录核对
嘁		5698		2	通用规范汉字表_双源转录核对
嘎		5699		2	通用规范汉字表_双源转录核对
暧		5700		2	通用规范汉字表_双源转录核对
暝		5701		2	通用规范汉字表_双源转录核对
踌		5702		2	通用规范汉字表_双源转录核对
踉		5703		2	通用规范汉字表_双源转录核对
蜞		5704		2	通用规范汉字表_双源转录核对
蜥		5705		2	通用规范汉字表_双源转录核对
蜮		5706		2	通用规范汉字表_双源转录核对
蝈		5707		2	通用规范汉字表_双源转录核对
蜴		5708		2	通用规范汉字表_双源转录核对
蜱		5709		2	通用规范汉字表_双源转录核对
蜩		5710		2	通用规范汉字表_双源转录核对
蜷		5711		2	通用规范汉字表_双源转录核对
蜿		5712		2	通用规范汉字表_双源转录核对
螂		5713		2	通用规范汉字表_双源转录核对
蜢		5714		2	通用规范汉字表_双源转录核对
嘘		5715		2	通用规范汉字表_双源转录核对
嘡		5716		2	通用规范汉字表_双源转录核对
鹗		5717		2	通用规范汉字表_双源转录核对
嘣		5718		2	通用规范汉字表_双源转录核对
嘤		5719		2	通用规范汉字表_双源转录核对
嘚		5720		2	通用规范汉字表_双源转录核对
嗾		5721		2	通用规范汉字表_双源转录核对
嘧		5722		2	通用规范汉字表_双源转录核对
罴		5723		2	通用规范汉字表_双源转录核对
罱		5724		2	通用规范汉字表_双源转录核对
幔		5725		2	通用规范汉字表_双源转录核对
嶂		5726		2	通用规范汉字表_双源转录核对
幛		5727		2	通用规范汉字表_双源转录核对
赙		5728		2	通用规范汉字表_双源转录核对
罂		5729		2	通用规范汉字表_双源转录核对
骷		5730		2	通用规范汉字表_双源转录核对
骶		5731		2	通用规范汉字表_双源转录核对
鹘		5732		2	通用规范汉字表_双源转录核对
锲		5733		2	通用规范汉字表_双源转录核对
锴		5734		2	通用规范汉字表_双源转录核对
锶		5735		2	通用规范汉字表_双源转录核对
锷		5736		2	通用规范汉字表_双源转录核对
锸		5737		2	通用规范汉字表_双源转录核对
锵		5738		2	通用规范汉字表_双源转录核对
镁		5739		2	通用规范汉字表_双源转录核对
镂		5740		2	通用规范汉字表_双源转录核对
犒		5741		2	通用规范汉字表_双源转录核对
箐		5742		2	通用规范汉字表_双源转录核对
箦		5743		2	通用规范汉字表_双源转录核对
箧		5744		2	通用规范汉字表_双源转录核对
箍		5745		2	通用规范汉字表_双源转录核对
箸		5746		2	通用规范汉字表_双源转录核对
箬		5747		2	通用规范汉字表_双源转录核对
箅		5748		2	通用规范汉字表_双源转录核对
箪		5749		2	通用规范汉字表_双源转录核对
箔		5750		2	通用规范汉字表_双源转录核对
箜		5751		2	通用规范汉字表_双源转录核对
箢		5752		2	通用规范汉字表_双源转录核对
箓		5753		2	通用规范汉字表_双源转录核对
毓		5754		2	通用规范汉字表_双源转录核对
僖		5755		2	通用规范汉字表_双源转录核对
儆		5756		2	通用规范汉字表_双源转录核对
僳		5757		2	通用规范汉字表_双源转录核对
僭		5758		2	通用规范汉字表_双源转录核对
劁		5759		2	通用规范汉字表_双源转录核对
僮		5760		2	通用规范汉字表_双源转录核对
魃		5761		2	通用规范汉字表_双源转录核对
魆		5762		2	通用规范汉字表_双源转录核对
睾		5763		2	通用规范汉字表_双源转录核对
艋		5764		2	通用规范汉字表_双源转录核对
鄱		5765		2	通用规范汉字表_双源转录核对
膈		5766		2	通用规范汉字表_双源转录核对
膑		5767		2	通用规范汉字表_双源转录核对
鲑		5768		2	通用规范汉字表_双源转录核对
鲔		5769		2	通用规范汉字表_双源转录核对
鲚		5770		2	通用规范汉字表_双源转录核对
鲛		5771		2	通用规范汉字表_双源转录核对
鲟		5772		2	通用规范汉字表_双源转录核对
獐		5773		2	通用规范汉字表_双源转录核对
觫		5774		2	通用规范汉字表_双源转录核对
雒		5775		2	通用规范汉字表_双源转录核对
夤		5776		2	通用规范汉字表_双源转录核对
馑		5777		2	通用规范汉字表_双源转录核对
銮		5778		2	通用规范汉字表_双源转录核对
塾		5779		2	通用规范汉字表_双源转录核对
麽		5780		2	通用规范汉字表_双源转录核对
瘌		5781		2	通用规范汉字表_双源转录核对
瘊		5782		2	通用规范汉字表_双源转录核对
瘘		5783		2	通用规范汉字表_双源转录核对
瘙		5784		2	通用规范汉字表_双源转录核对
廖		5785		2	通用规范汉字表_双源转录核对
韶		5786		2	通用规范汉字表_双源转录核对
旖		5787		2	通用规范汉字表_双源转录核对
膂		5788		2	通用规范汉字表_双源转录核对
阚		5789		2	通用规范汉字表_双源转录核对
鄯		5790		2	通用规范汉字表_双源转录核对
鲞		5791		2	通用规范汉字表_双源转录核对
粿		5792		2	通用规范汉字表_双源转录核对
粼		5793		2	通用规范汉字表_双源转录核对
粽		5794		2	通用规范汉字表_双源转录核对
糁		5795		2	通用规范汉字表_双源转录核对
槊		5796		2	通用规范汉字表_双源转录核对
鹚		5797		2	通用规范汉字表_双源转录核对
熘		5798		2	通用规范汉字表_双源转录核对
熥		5799		2	通用规范汉字表_双源转录核对
潢		5800		2	通用规范汉字表_双源转录核对
漕		5801		2	通用规范汉字表_双源转录核对
滹		5802		2	通用规范汉字表_双源转录核对
漯		5803		2	通用规范汉字表_双源转录核对
漶		5804		2	通用规范汉字表_双源转录核对
潋		5805		2	通用规范汉字表_双源转录核对
潴		5806		2	通用规范汉字表_双源转录核对
漪		5807		2	通用规范汉字表_双源转录核对
漉		5808		2	通用规范汉字表_双源转录核对
漳		5809		2	通用规范汉字表_双源转录核对
漩		5810		2	通用规范汉字表_双源转录核对
澉		5811		2	通用规范汉字表_双源转录核对
潍		5812		2	通用规范汉字表_双源转录核对
慵		5813		2	通用规范汉字表_双源转录核对
搴		5814		2	通用规范汉字表_双源转录核对
窨		5815		2	通用规范汉字表_双源转录核对
寤		5816		2	通用规范汉字表_双源转录核对
綮		5817		2	通用规范汉字表_双源转录核对
谮		5818		2	通用规范汉字表_双源转录核对
褡		5819		2	通用规范汉字表_双源转录核对
褙		5820		2	通用规范汉字表_双源转录核对
褓		5821		2	通用规范汉字表_双源转录核对
褛		5822		2	通用规范汉字表_双源转录核对
褊		5823		2	通用规范汉字表_双源转录核对
谯		5824		2	通用规范汉字表_双源转录核对
谰		5825		2	通用规范汉字表_双源转录核对
谲		5826		2	通用规范汉字表_双源转录核对
暨		5827		2	通用规范汉字表_双源转录核对
屣		5828		2	通用规范汉字表_双源转录核对
鹛		5829		2	通用规范汉字表_双源转录核对
嫣		5830		2	通用规范汉字表_双源转录核对
嫱		5831		2	通用规范汉字表_双源转录核对
嫖		5832		2	通用规范汉字表_双源转录核对
嫦		5833		2	通用规范汉字表_双源转录核对
嫚		5834		2	通用规范汉字表_双源转录核对
嫘		5835		2	通用规范汉字表_双源转录核对
嫡		5836		2	通用规范汉字表_双源转录核对
鼐		5837		2	通用规范汉字表_双源转录核对
翟		5838		2	通用规范汉字表_双源转录核对
瞀		5839		2	通用规范汉字表_双源转录核对
鹜		5840		2	通用规范汉字表_双源转录核对
骠		5841		2	通用规范汉字表_双源转录核对
缥		5842		2	通用规范汉字表_双源转录核对
缦		5843		2	通用规范汉字表_双源转录核对
缧		5844		2	通用规范汉字表_双源转录核对
缨		5845		2	通用规范汉字表_双源转录核对
骢		5846		2	通用规范汉字表_双源转录核对
缪		5847		2	通用规范汉字表_双源转录核对
缫		5848		2	通用规范汉字表_双源转录核对
耦		5849		2	通用规范汉字表_双源转录核对
耧		5850		2	通用规范汉字表_双源转录核对
瑾		5851		2	通用规范汉字表_双源转录核对
璜		5852		2	通用规范汉字表_双源转录核对
璀		5853		2	通用规范汉字表_双源转录核对
璎		5854		2	通用规范汉字表_双源转录核对
璁		5855		2	通用规范汉字表_双源转录核对
璋		5856		2	通用规范汉字表_双源转录核对
璇		5857		2	通用规范汉字表_双源转录核对
奭		5858		2	通用规范汉字表_双源转录核对
髯		5859		2	通用规范汉字表_双源转录核对
髫		5860		2	通用规范汉字表_双源转录核对
撷		5861		2	通用规范汉字表_双源转录核对
撅		5862		2	通用规范汉字表_双源转录核对
赭		5863		2	通用规范汉字表_双源转录核对
撸		5864		2	通用规范汉字表_双源转录核对
鋆		5865		2	通用规范汉字表_双源转录核对
撙		5866		2	通用规范汉字表_双源转录核对
撺		5867		2	通用规范汉字表_双源转录核对
墀		5868		2	通用规范汉字表_双源转录核对
聩		5869		2	通用规范汉字表_双源转录核对
觐		5870		2	通用规范汉字表_双源转录核对
鞑		5871		2	通用规范汉字表_双源转录核对
蕙		5872		2	通用规范汉字表_双源转录核对
鞒		5873		2	通用规范汉字表_双源转录核对
蕈		5874		2	通用规范汉字表_双源转录核对
蕨		5875		2	通用规范汉字表_双源转录核对
蕤		5876		2	通用规范汉字表_双源转录核对
蕞		5877		2	通用规范汉字表_双源转录核对
蕺		5878		2	通用规范汉字表_双源转录核对
瞢		5879		2	通用规范汉字表_双源转录核对
蕃		5880		2	通用规范汉字表_双源转录核对
蕲		5881		2	通用规范汉字表_双源转录核对
赜		5882		2	通用规范汉字表_双源转录核对
槿		5883		2	通用规范汉字表_双源转录核对
樯		5884		2	通用规范汉字表_双源转录核对
槭		5885		2	通用规范汉字表_双源转录核对
樗		5886		2	通用规范汉字表_双源转录核对
樘		5887		2	通用规范汉字表_双源转录核对
樊		5888		2	通用规范汉字表_双源转录核对
槲		5889		2	通用规范汉字表_双源转录核对
醌		5890		2	通用规范汉字表_双源转录核对
醅		5891		2	通用规范汉字表_双源转录核对
靥		5892		2	通用规范汉字表_双源转录核对
魇		5893		2	通用规范汉字表_双源转录核对
餍		5894		2	通用规范汉字表_双源转录核对
磔		5895		2	通用规范汉字表_双源转录核对
磙		5896		2	通用规范汉字表_双源转录核对
霈		5897		2	通用规范汉字表_双源转录核对
辘		5898		2	通用规范汉字表_双源转录核对
龉		5899		2	通用规范汉字表_双源转录核对
龊		5900		2	通用规范汉字表_双源转录核对
觑		5901		2	通用规范汉字表_双源转录核对
瞌		5902		2	通用规范汉字表_双源转录核对
瞋		5903		2	通用规范汉字表_双源转录核对
瞑		5904		2	通用规范汉字表_双源转录核对
嘭		5905		2	通用规范汉字表_双源转录核对
噎		5906		2	通用规范汉字表_双源转录核对
噶		5907		2	通用规范汉字表_双源转录核对
颙		5908		2	通用规范汉字表_双源转录核对
暹		5909		2	通用规范汉字表_双源转录核对
噘		5910		2	通用规范汉字表_双源转录核对
踔		5911		2	通用规范汉字表_双源转录核对
踝		5912		2	通用规范汉字表_双源转录核对
踟		5913		2	通用规范汉字表_双源转录核对
踒		5914		2	通用规范汉字表_双源转录核对
踬		5915		2	通用规范汉字表_双源转录核对
踮		5916		2	通用规范汉字表_双源转录核对
踯		5917		2	通用规范汉字表_双源转录核对
踺		5918		2	通用规范汉字表_双源转录核对
踞		5919		2	通用规范汉字表_双源转录核对
蝽		5920		2	通用规范汉字表_双源转录核对
蝾		5921		2	通用规范汉字表_双源转录核对
蝻		5922		2	通用规范汉字表_双源转录核对
蝰		5923		2	通用规范汉字表_双源转录核对
蝮		5924		2	通用规范汉字表_双源转录核对
螋		5925		2	通用规范汉字表_双源转录核对
蝓		5926		2	通用规范汉字表_双源转录核对
蝣		5927		2	通用规范汉字表_双源转录核对
蝼		5928		2	通用规范汉字表_双源转录核对
噗		5929		2	通用规范汉字表_双源转录核对
嘬		5930		2	通用规范汉字表_双源转录核对
颚		5931		2	通用规范汉字表_双源转录核对
噍		5932		2	通用规范汉字表_双源转录核对
噢		5933		2	通用规范汉字表_双源转录核对
噙		5934		2	通用规范汉字表_双源转录核对
噜		5935		2	通用规范汉字表_双源转录核对
噌		5936		2	通用规范汉字表_双源转录核对
噔		5937		2	通用规范汉字表_双源转录核对
颛		5938		2	通用规范汉字表_双源转录核对
幞		5939		2	通用规范汉字表_双源转录核对
幡		5940		2	通用规范汉字表_双源转录核对
嶙		5941		2	通用规范汉字表_双源转录核对
嶝		5942		2	通用规范汉字表_双源转录核对
骺		5943		2	通用规范汉字表_双源转录核对
骼		5944		2	通用规范汉字表_双源转录核对
骸		5945		2	通用规范汉字表_双源转录核对
镊		5946		2	通用规范汉字表_双源转录核对
镉		5947		2	通用规范汉字表_双源转录核对
镌		5948		2	通用规范汉字表_双源转录核对
镍		5949		2	通用规范汉字表_双源转录核对
镏		5950		2	通用规范汉字表_双源转录核对
镒		5951		2	通用规范汉字表_双源转录核对
镓		5952		2	通用规范汉字表_双源转录核对
镔		5953		2	通用规范汉字表_双源转录核对
稷		5954		2	通用规范汉字表_双源转录核对
箴		5955		2	通用规范汉字表_双源转录核对
篑		5956		2	通用规范汉字表_双源转录核对
篁		5957		2	通用规范汉字表_双源转录核对
篌		5958		2	通用规范汉字表_双源转录核对
篆		5959		2	通用规范汉字表_双源转录核对
牖		5960		2	通用规范汉字表_双源转录核对
儋		5961		2	通用规范汉字表_双源转录核对
徵		5962		2	通用规范汉字表_双源转录核对
磐		5963		2	通用规范汉字表_双源转录核对
虢		5964		2	通用规范汉字表_双源转录核对
鹞		5965		2	通用规范汉字表_双源转录核对
膘		5966		2	通用规范汉字表_双源转录核对
滕		5967		2	通用规范汉字表_双源转录核对
鲠		5968		2	通用规范汉字表_双源转录核对
鲡		5969		2	通用规范汉字表_双源转录核对
鲢		5970		2	通用规范汉字表_双源转录核对
鲣		5971		2	通用规范汉字表_双源转录核对
鲥		5972		2	通用规范汉字表_双源转录核对
鲧		5973		2	通用规范汉字表_双源转录核对
鲩		5974		2	通用规范汉字表_双源转录核对
獗		5975		2	通用规范汉字表_双源转录核对
獠		5976		2	通用规范汉字表_双源转录核对
觯		5977		2	通用规范汉字表_双源转录核对
馓		5978		2	通用规范汉字表_双源转录核对
馔		5979		2	通用规范汉字表_双源转录核对
麾		5980		2	通用规范汉字表_双源转录核对
廛		5981		2	通用规范汉字表_双源转录核对
瘛		5982		2	通用规范汉字表_双源转录核对
瘼		5983		2	通用规范汉字表_双源转录核对
瘢		5984		2	通用规范汉字表_双源转录核对
瘠		5985		2	通用规范汉字表_双源转录核对
齑		5986		2	通用规范汉字表_双源转录核对
羯		5987		2	通用规范汉字表_双源转录核对
羰		5988		2	通用规范汉字表_双源转录核对
𥻗		5989		2	通用规范汉字表_双源转录核对
遴		5990		2	通用规范汉字表_双源转录核对
糌		5991		2	通用规范汉字表_双源转录核对
糍		5992		2	通用规范汉字表_双源转录核对
糅		5993		2	通用规范汉字表_双源转录核对
熜		5994		2	通用规范汉字表_双源转录核对
熵		5995		2	通用规范汉字表_双源转录核对
熠		5996		2	通用规范汉字表_双源转录核对
澍		5997		2	通用规范汉字表_双源转录核对
澌		5998		2	通用规范汉字表_双源转录核对
潸		5999		2	通用规范汉字表_双源转录核对
潦		6000		2	通用规范汉字表_双源转录核对
潲		6001		2	通用规范汉字表_双源转录核对
鋈		6002		2	通用规范汉字表_双源转录核对
潟		6003		2	通用规范汉字表_双源转录核对
潼		6004		2	通用规范汉字表_双源转录核对
潺		6005		2	通用规范汉字表_双源转录核对
憬		6006		2	通用规范汉字表_双源转录核对
憧		6007		2	通用规范汉字表_双源转录核对
寮		6008		2	通用规范汉字表_双源转录核对
窳		6009		2	通用规范汉字表_双源转录核对
谳		6010		2	通用规范汉字表_双源转录核对
褴		6011		2	通用规范汉字表_双源转录核对
褟		6012		2	通用规范汉字表_双源转录核对
褫		6013		2	通用规范汉字表_双源转录核对
谵		6014		2	通用规范汉字表_双源转录核对
熨		6015		2	通用规范汉字表_双源转录核对
屦		6016		2	通用规范汉字表_双源转录核对
嬉		6017		2	通用规范汉字表_双源转录核对
勰		6018		2	通用规范汉字表_双源转录核对
戮		6019		2	通用规范汉字表_双源转录核对
蝥		6020		2	通用规范汉字表_双源转录核对
缬		6021		2	通用规范汉字表_双源转录核对
缮		6022		2	通用规范汉字表_双源转录核对
缯		6023		2	通用规范汉字表_双源转录核对
骣		6024		2	通用规范汉字表_双源转录核对
畿		6025		2	通用规范汉字表_双源转录核对
耩		6026		2	通用规范汉字表_双源转录核对
耨		6027		2	通用规范汉字表_双源转录核对
耪		6028		2	通用规范汉字表_双源转录核对
璞		6029		2	通用规范汉字表_双源转录核对
璟		6030		2	通用规范汉字表_双源转录核对
靛		6031		2	通用规范汉字表_双源转录核对
璠		6032		2	通用规范汉字表_双源转录核对
璘		6033		2	通用规范汉字表_双源转录核对
聱		6034		2	通用规范汉字表_双源转录核对
螯		6035		2	通用规范汉字表_双源转录核对
髻		6036		2	通用规范汉字表_双源转录核对
髭		6037		2	通用规范汉字表_双源转录核对
髹		6038		2	通用规范汉字表_双源转录核对
擀		6039		2	通用规范汉字表_双源转录核对
熹		6040		2	通用规范汉字表_双源转录核对
甏		6041		2	通用规范汉字表_双源转录核对
擞		6042		2	通用规范汉字表_双源转录核对
縠		6043		2	通用规范汉字表_双源转录核对
磬		6044		2	通用规范汉字表_双源转录核对
颞		6045		2	通用规范汉字表_双源转录核对
蕻		6046		2	通用规范汉字表_双源转录核对
鞘		6047		2	通用规范汉字表_双源转录核对
颟		6048		2	通用规范汉字表_双源转录核对
薤		6049		2	通用规范汉字表_双源转录核对
薨		6050		2	通用规范汉字表_双源转录核对
檠		6051		2	通用规范汉字表_双源转录核对
薏		6052		2	通用规范汉字表_双源转录核对
薮		6053		2	通用规范汉字表_双源转录核对
薜		6054		2	通用规范汉字表_双源转录核对
薅		6055		2	通用规范汉字表_双源转录核对
樾		6056		2	通用规范汉字表_双源转录核对
橛		6057		2	通用规范汉字表_双源转录核对
橇		6058		2	通用规范汉字表_双源转录核对
樵		6059		2	通用规范汉字表_双源转录核对
檎		6060		2	通用规范汉字表_双源转录核对
橹		6061		2	通用规范汉字表_双源转录核对
樽		6062		2	通用规范汉字表_双源转录核对
樨		6063		2	通用规范汉字表_双源转录核对
橼		6064		2	通用规范汉字表_双源转录核对
墼		6065		2	通用规范汉字表_双源转录核对
橐		6066		2	通用规范汉字表_双源转录核对
翮		6067		2	通用规范汉字表_双源转录核对
醛		6068		2	通用规范汉字表_双源转录核对
醐		6069		2	通用规范汉字表_双源转录核对
醍		6070		2	通用规范汉字表_双源转录核对
醚		6071		2	通用规范汉字表_双源转录核对
磲		6072		2	通用规范汉字表_双源转录核对
赝		6073		2	通用规范汉字表_双源转录核对
飙		6074		2	通用规范汉字表_双源转录核对
殪		6075		2	通用规范汉字表_双源转录核对
霖		6076		2	通用规范汉字表_双源转录核对
霏		6077		2	通用规范汉字表_双源转录核对
霓		6078		2	通用规范汉字表_双源转录核对
錾		6079		2	通用规范汉字表_双源转录核对
辚		6080		2	通用规范汉字表_双源转录核对
臻		6081		2	通用规范汉字表_双源转录核对
遽		6082		2	通用规范汉字表_双源转录核对
氅		6083		2	通用规范汉字表_双源转录核对
瞟		6084		2	通用规范汉字表_双源转录核对
瞠		6085		2	通用规范汉字表_双源转录核对
瞰		6086		2	通用规范汉字表_双源转录核对
嚄		6087		2	通用规范汉字表_双源转录核对
嚆		6088		2	通用规范汉字表_双源转录核对
噤		6089		2	通用规范汉字表_双源转录核对
暾		6090		2	通用规范汉字表_双源转录核对
蹀		6091		2	通用规范汉字表_双源转录核对
踹		6092		2	通用规范汉字表_双源转录核对
踵		6093		2	通用规范汉字表_双源转录核对
踽		6094		2	通用规范汉字表_双源转录核对
蹉		6095		2	通用规范汉字表_双源转录核对
蹁		6096		2	通用规范汉字表_双源转录核对
螨		6097		2	通用规范汉字表_双源转录核对
蟒		6098		2	通用规范汉字表_双源转录核对
螈		6099		2	通用规范汉字表_双源转录核对
螅		6100		2	通用规范汉字表_双源转录核对
螭		6101		2	通用规范汉字表_双源转录核对
螠		6102		2	通用规范汉字表_双源转录核对
螟		6103		2	通用规范汉字表_双源转录核对
噱		6104		2	通用规范汉字表_双源转录核对
噬		6105		2	通用规范汉字表_双源转录核对
噫		6106		2	通用规范汉字表_双源转录核对
噻		6107		2	通用规范汉字表_双源转录核对
噼		6108		2	通用规范汉字表_双源转录核对
罹		6109		2	通用规范汉字表_双源转录核对
圜		6110		2	通用规范汉字表_双源转录核对
䦃		6111		2	通用规范汉字表_双源转录核对
镖		6112		2	通用规范汉字表_双源转录核对
镗		6113		2	通用规范汉字表_双源转录核对
镘		6114		2	通用规范汉字表_双源转录核对
镚		6115		2	通用规范汉字表_双源转录核对
镛		6116		2	通用规范汉字表_双源转录核对
镝		6117		2	通用规范汉字表_双源转录核对
镞		6118		2	通用规范汉字表_双源转录核对
镠		6119		2	通用规范汉字表_双源转录核对
氇		6120		2	通用规范汉字表_双源转录核对
氆		6121		2	通用规范汉字表_双源转录核对
憩		6122		2	通用规范汉字表_双源转录核对
穑		6123		2	通用规范汉字表_双源转录核对
篝		6124		2	通用规范汉字表_双源转录核对
篥		6125		2	通用规范汉字表_双源转录核对
篦		6126		2	通用规范汉字表_双源转录核对
篪		6127		2	通用规范汉字表_双源转录核对
篙		6128		2	通用规范汉字表_双源转录核对
盥		6129		2	通用规范汉字表_双源转录核对
劓		6130		2	通用规范汉字表_双源转录核对
翱		6131		2	通用规范汉字表_双源转录核对
魉		6132		2	通用规范汉字表_双源转录核对
魈		6133		2	通用规范汉字表_双源转录核对
徼		6134		2	通用规范汉字表_双源转录核对
歙		6135		2	通用规范汉字表_双源转录核对
膳		6136		2	通用规范汉字表_双源转录核对
膦		6137		2	通用规范汉字表_双源转录核对
膙		6138		2	通用规范汉字表_双源转录核对
鲮		6139		2	通用规范汉字表_双源转录核对
鲱		6140		2	通用规范汉字表_双源转录核对
鲲		6141		2	通用规范汉字表_双源转录核对
鲳		6142		2	通用规范汉字表_双源转录核对
鲴		6143		2	通用规范汉字表_双源转录核对
鲵		6144		2	通用规范汉字表_双源转录核对
鲷		6145		2	通用规范汉字表_双源转录核对
鲻		6146		2	通用规范汉字表_双源转录核对
獴		6147		2	通用规范汉字表_双源转录核对
獭		6148		2	通用规范汉字表_双源转录核对
獬		6149		2	通用规范汉字表_双源转录核对
邂		6150		2	通用规范汉字表_双源转录核对
鹧		6151		2	通用规范汉字表_双源转录核对
廨		6152		2	通用规范汉字表_双源转录核对
赟		6153		2	通用规范汉字表_双源转录核对
瘰		6154		2	通用规范汉字表_双源转录核对
廪		6155		2	通用规范汉字表_双源转录核对
瘿		6156		2	通用规范汉字表_双源转录核对
瘵		6157		2	通用规范汉字表_双源转录核对
瘴		6158		2	通用规范汉字表_双源转录核对
癃		6159		2	通用规范汉字表_双源转录核对
瘳		6160		2	通用规范汉字表_双源转录核对
斓		6161		2	通用规范汉字表_双源转录核对
麇		6162		2	通用规范汉字表_双源转录核对
麈		6163		2	通用规范汉字表_双源转录核对
嬴		6164		2	通用规范汉字表_双源转录核对
壅		6165		2	通用规范汉字表_双源转录核对
羲		6166		2	通用规范汉字表_双源转录核对
糗		6167		2	通用规范汉字表_双源转录核对
瞥		6168		2	通用规范汉字表_双源转录核对
甑		6169		2	通用规范汉字表_双源转录核对
燎		6170		2	通用规范汉字表_双源转录核对
燠		6171		2	通用规范汉字表_双源转录核对
燔		6172		2	通用规范汉字表_双源转录核对
燧		6173		2	通用规范汉字表_双源转录核对
濑		6174		2	通用规范汉字表_双源转录核对
濉		6175		2	通用规范汉字表_双源转录核对
潞		6176		2	通用规范汉字表_双源转录核对
澧		6177		2	通用规范汉字表_双源转录核对
澹		6178		2	通用规范汉字表_双源转录核对
澥		6179		2	通用规范汉字表_双源转录核对
澶		6180		2	通用规范汉字表_双源转录核对
濂		6181		2	通用规范汉字表_双源转录核对
褰		6182		2	通用规范汉字表_双源转录核对
寰		6183		2	通用规范汉字表_双源转录核对
窸		6184		2	通用规范汉字表_双源转录核对
褶		6185		2	通用规范汉字表_双源转录核对
禧		6186		2	通用规范汉字表_双源转录核对
嬖		6187		2	通用规范汉字表_双源转录核对
犟		6188		2	通用规范汉字表_双源转录核对
隰		6189		2	通用规范汉字表_双源转录核对
嬗		6190		2	通用规范汉字表_双源转录核对
颡		6191		2	通用规范汉字表_双源转录核对
缱		6192		2	通用规范汉字表_双源转录核对
缲		6193		2	通用规范汉字表_双源转录核对
缳		6194		2	通用规范汉字表_双源转录核对
璨		6195		2	通用规范汉字表_双源转录核对
璩		6196		2	通用规范汉字表_双源转录核对
璐		6197		2	通用规范汉字表_双源转录核对
璪		6198		2	通用规范汉字表_双源转录核对
螫		6199		2	通用规范汉字表_双源转录核对
擤		6200		2	通用规范汉字表_双源转录核对
壕		6201		2	通用规范汉字表_双源转录核对
觳		6202		2	通用规范汉字表_双源转录核对
罄		6203		2	通用规范汉字表_双源转录核对
擢		6204		2	通用规范汉字表_双源转录核对
薹		6205		2	通用规范汉字表_双源转录核对
鞡		6206		2	通用规范汉字表_双源转录核对
鞬		6207		2	通用规范汉字表_双源转录核对
薷		6208		2	通用规范汉字表_双源转录核对
薰		6209		2	通用规范汉字表_双源转录核对
藓		6210		2	通用规范汉字表_双源转录核对
藁		6211		2	通用规范汉字表_双源转录核对
檄		6212		2	通用规范汉字表_双源转录核对
檩		6213		2	通用规范汉字表_双源转录核对
懋		6214		2	通用规范汉字表_双源转录核对
醢		6215		2	通用规范汉字表_双源转录核对
翳		6216		2	通用规范汉字表_双源转录核对
礅		6217		2	通用规范汉字表_双源转录核对
磴		6218		2	通用规范汉字表_双源转录核对
鹩		6219		2	通用规范汉字表_双源转录核对
龋		6220		2	通用规范汉字表_双源转录核对
龌		6221		2	通用规范汉字表_双源转录核对
豳		6222		2	通用规范汉字表_双源转录核对
壑		6223		2	通用规范汉字表_双源转录核对
黻		6224		2	通用规范汉字表_双源转录核对
嚏		6225		2	通用规范汉字表_双源转录核对
嚅		6226		2	通用规范汉字表_双源转录核对
蹑		6227		2	通用规范汉字表_双源转录核对
蹒		6228		2	通用规范汉字表_双源转录核对
蹊		6229		2	通用规范汉字表_双源转录核对
蟥		6230		2	通用规范汉字表_双源转录核对
螬		6231		2	通用规范汉字表_双源转录核对
螵		6232		2	通用规范汉字表_双源转录核对
疃		6233		2	通用规范汉字表_双源转录核对
螳		6234		2	通用规范汉字表_双源转录核对
蟑		6235		2	通用规范汉字表_双源转录核对
嚓		6236		2	通用规范汉字表_双源转录核对
羁		6237		2	通用规范汉字表_双源转录核对
罽		6238		2	通用规范汉字表_双源转录核对
罾		6239		2	通用规范汉字表_双源转录核对
嶷		6240		2	通用规范汉字表_双源转录核对
黜		6241		2	通用规范汉字表_双源转录核对
黝		6242		2	通用规范汉字表_双源转录核对
髁		6243		2	通用规范汉字表_双源转录核对
髀		6244		2	通用规范汉字表_双源转录核对
镡		6245		2	通用规范汉字表_双源转录核对
镢		6246		2	通用规范汉字表_双源转录核对
镣		6247		2	通用规范汉字表_双源转录核对
镦		6248		2	通用规范汉字表_双源转录核对
镧		6249		2	通用规范汉字表_双源转录核对
镩		6250		2	通用规范汉字表_双源转录核对
镪		6251		2	通用规范汉字表_双源转录核对
镫		6252		2	通用规范汉字表_双源转录核对
罅		6253		2	通用规范汉字表_双源转录核对
黏		6254		2	通用规范汉字表_双源转录核对
簌		6255		2	通用规范汉字表_双源转录核对
篾		6256		2	通用规范汉字表_双源转录核对
篼		6257		2	通用规范汉字表_双源转录核对
簖		6258		2	通用规范汉字表_双源转录核对
簋		6259		2	通用规范汉字表_双源转录核对
鼢		6260		2	通用规范汉字表_双源转录核对
黛		6261		2	通用规范汉字表_双源转录核对
儡		6262		2	通用规范汉字表_双源转录核对
鹪		6263		2	通用规范汉字表_双源转录核对
鼾		6264		2	通用规范汉字表_双源转录核对
皤		6265		2	通用规范汉字表_双源转录核对
魍		6266		2	通用规范汉字表_双源转录核对
龠		6267		2	通用规范汉字表_双源转录核对
繇		6268		2	通用规范汉字表_双源转录核对
貘		6269		2	通用规范汉字表_双源转录核对
邈		6270		2	通用规范汉字表_双源转录核对
貔		6271		2	通用规范汉字表_双源转录核对
臌		6272		2	通用规范汉字表_双源转录核对
膻		6273		2	通用规范汉字表_双源转录核对
臆		6274		2	通用规范汉字表_双源转录核对
臃		6275		2	通用规范汉字表_双源转录核对
鲼		6276		2	通用规范汉字表_双源转录核对
鲽		6277		2	通用规范汉字表_双源转录核对
鳀		6278		2	通用规范汉字表_双源转录核对
鳃		6279		2	通用规范汉字表_双源转录核对
鳅		6280		2	通用规范汉字表_双源转录核对
鳇		6281		2	通用规范汉字表_双源转录核对
鳊		6282		2	通用规范汉字表_双源转录核对
螽		6283		2	通用规范汉字表_双源转录核对
燮		6284		2	通用规范汉字表_双源转录核对
鹫		6285		2	通用规范汉字表_双源转录核对
襄		6286		2	通用规范汉字表_双源转录核对
糜		6287		2	通用规范汉字表_双源转录核对
縻		6288		2	通用规范汉字表_双源转录核对
膺		6289		2	通用规范汉字表_双源转录核对
癍		6290		2	通用规范汉字表_双源转录核对
麋		6291		2	通用规范汉字表_双源转录核对
懑		6292		2	通用规范汉字表_双源转录核对
濡		6293		2	通用规范汉字表_双源转录核对
濮		6294		2	通用规范汉字表_双源转录核对
濞		6295		2	通用规范汉字表_双源转录核对
濠		6296		2	通用规范汉字表_双源转录核对
濯		6297		2	通用规范汉字表_双源转录核对
蹇		6298		2	通用规范汉字表_双源转录核对
謇		6299		2	通用规范汉字表_双源转录核对
邃		6300		2	通用规范汉字表_双源转录核对
襁		6301		2	通用规范汉字表_双源转录核对
檗		6302		2	通用规范汉字表_双源转录核对
擘		6303		2	通用规范汉字表_双源转录核对
孺		6304		2	通用规范汉字表_双源转录核对
隳		6305		2	通用规范汉字表_双源转录核对
嬷		6306		2	通用规范汉字表_双源转录核对
蟊		6307		2	通用规范汉字表_双源转录核对
鹬		6308		2	通用规范汉字表_双源转录核对
鍪		6309		2	通用规范汉字表_双源转录核对
鏊		6310		2	通用规范汉字表_双源转录核对
鳌		6311		2	通用规范汉字表_双源转录核对
鬈		6312		2	通用规范汉字表_双源转录核对
鬃		6313		2	通用规范汉字表_双源转录核对
瞽		6314		2	通用规范汉字表_双源转录核对
鞯		6315		2	通用规范汉字表_双源转录核对
鞨		6316		2	通用规范汉字表_双源转录核对
鞫		6317		2	通用规范汉字表_双源转录核对
鞧		6318		2	通用规范汉字表_双源转录核对
鞣		6319		2	通用规范汉字表_双源转录核对
藜		6320		2	通用规范汉字表_双源转录核对
藠		6321		2	通用规范汉字表_双源转录核对
藩		6322		2	通用规范汉字表_双源转录核对
醪		6323		2	通用规范汉字表_双源转录核对
蹙		6324		2	通用规范汉字表_双源转录核对
礓		6325		2	通用规范汉字表_双源转录核对
燹		6326		2	通用规范汉字表_双源转录核对
餮		6327		2	通用规范汉字表_双源转录核对
瞿		6328		2	通用规范汉字表_双源转录核对
曛		6329		2	通用规范汉字表_双源转录核对
颢		6330		2	通用规范汉字表_双源转录核对
曜		6331		2	通用规范汉字表_双源转录核对
躇		6332		2	通用规范汉字表_双源转录核对
蹚		6333		2	通用规范汉字表_双源转录核对
鹭		6334		2	通用规范汉字表_双源转录核对
蟛		6335		2	通用规范汉字表_双源转录核对
蟪		6336		2	通用规范汉字表_双源转录核对
蟠		6337		2	通用规范汉字表_双源转录核对
蟮		6338		2	通用规范汉字表_双源转录核对
鹮		6339		2	通用规范汉字表_双源转录核对
黠		6340		2	通用规范汉字表_双源转录核对
黟		6341		2	通用规范汉字表_双源转录核对
髅		6342		2	通用规范汉字表_双源转录核对
髂		6343		2	通用规范汉字表_双源转录核对
镬		6344		2	通用规范汉字表_双源转录核对
镭		6345		2	通用规范汉字表_双源转录核对
镯		6346		2	通用规范汉字表_双源转录核对
馥		6347		2	通用规范汉字表_双源转录核对
簟		6348		2	通用规范汉字表_双源转录核对
簪		6349		2	通用规范汉字表_双源转录核对
鼬		6350		2	通用规范汉字表_双源转录核对
雠		6351		2	通用规范汉字表_双源转录核对
艟		6352		2	通用规范汉字表_双源转录核对
鳎		6353		2	通用规范汉字表_双源转录核对
鳏		6354		2	通用规范汉字表_双源转录核对
鳐		6355		2	通用规范汉字表_双源转录核对
癞		6356		2	通用规范汉字表_双源转录核对
癔		6357		2	通用规范汉字表_双源转录核对
癜		6358		2	通用规范汉字表_双源转录核对
癖		6359		2	通用规范汉字表_双源转录核对
糨		6360		2	通用规范汉字表_双源转录核对
蹩		6361		2	通用规范汉字表_双源转录核对
鎏		6362		2	通用规范汉字表_双源转录核对
懵		6363		2	通用规范汉字表_双源转录核对
彝		6364		2	通用规范汉字表_双源转录核对
邋		6365		2	通用规范汉字表_双源转录核对
鬏		6366		2	通用规范汉字表_双源转录核对
攉		6367		2	通用规范汉字表_双源转录核对
攒		6368		2	通用规范汉字表_双源转录核对
鞲		6369		2	通用规范汉字表_双源转录核对
鞴		6370		2	通用规范汉字表_双源转录核对
藿		6371		2	通用规范汉字表_双源转录核对
蘧		6372		2	通用规范汉字表_双源转录核对
蘅		6373		2	通用规范汉字表_双源转录核对
麓		6374		2	通用规范汉字表_双源转录核对
醮		6375		2	通用规范汉字表_双源转录核对
醯		6376		2	通用规范汉字表_双源转录核对
酃		6377		2	通用规范汉字表_双源转录核对
霪		6378		2	通用规范汉字表_双源转录核对
霭		6379		2	通用规范汉字表_双源转录核对
霨		6380		2	通用规范汉字表_双源转录核对
黼		6381		2	通用规范汉字表_双源转录核对
嚯		6382		2	通用规范汉字表_双源转录核对
蹰		6383		2	通用规范汉字表_双源转录核对
蹶		6384		2	通用规范汉字表_双源转录核对
蹽		6385		2	通用规范汉字表_双源转录核对
蹼		6386		2	通用规范汉字表_双源转录核对
蹴		6387		2	通用规范汉字表_双源转录核对
蹾		6388		2	通用规范汉字表_双源转录核对
蹿		6389		2	通用规范汉字表_双源转录核对
蠖		6390		2	通用规范汉字表_双源转录核对
蠓		6391		2	通用规范汉字表_双源转录核对
蟾		6392		2	通用规范汉字表_双源转录核对
蠊		6393		2	通用规范汉字表_双源转录核对
黢		6394		2	通用规范汉字表_双源转录核对
髋		6395		2	通用规范汉字表_双源转录核对
髌		6396		2	通用规范汉字表_双源转录核对
镲		6397		2	通用规范汉字表_双源转录核对
籀		6398		2	通用规范汉字表_双源转录核对
籁		6399		2	通用规范汉字表_双源转录核对
齁		6400		2	通用规范汉字表_双源转录核对
魑		6401		2	通用规范汉字表_双源转录核对
艨		6402		2	通用规范汉字表_双源转录核对
鳓		6403		2	通用规范汉字表_双源转录核对
鳔		6404		2	通用规范汉字表_双源转录核对
鳕		6405		2	通用规范汉字表_双源转录核对
鳗		6406		2	通用规范汉字表_双源转录核对
鳙		6407		2	通用规范汉字表_双源转录核对
麒		6408		2	通用规范汉字表_双源转录核对
鏖		6409		2	通用规范汉字表_双源转录核对
羸		6410		2	通用规范汉字表_双源转录核对
㸆		6411		2	通用规范汉字表_双源转录核对
瀚		6412		2	通用规范汉字表_双源转录核对
瀣		6413		2	通用规范汉字表_双源转录核对
瀛		6414		2	通用规范汉字表_双源转录核对
襦		6415		2	通用规范汉字表_双源转录核对
谶		6416		2	通用规范汉字表_双源转录核对
襞		6417		2	通用规范汉字表_双源转录核对
骥		6418		2	通用规范汉字表_双源转录核对
缵		6419		2	通用规范汉字表_双源转录核对
瓒		6420		2	通用规范汉字表_双源转录核对
攘		6421		2	通用规范汉字表_双源转录核对
蘩		6422		2	通用规范汉字表_双源转录核对
蘖		6423		2	通用规范汉字表_双源转录核对
醴		6424		2	通用规范汉字表_双源转录核对
霰		6425		2	通用规范汉字表_双源转录核对
酆		6426		2	通用规范汉字表_双源转录核对
矍		6427		2	通用规范汉字表_双源转录核对
曦		6428		2	通用规范汉字表_双源转录核对
躅		6429		2	通用规范汉字表_双源转录核对
鼍		6430		2	通用规范汉字表_双源转录核对
巉		6431		2	通用规范汉字表_双源转录核对
黩		6432		2	通用规范汉字表_双源转录核对
黥		6433		2	通用规范汉字表_双源转录核对
黪		6434		2	通用规范汉字表_双源转录核对
镳		6435		2	通用规范汉字表_双源转录核对
镴		6436		2	通用规范汉字表_双源转录核对
黧		6437		2	通用规范汉字表_双源转录核对
纂		6438		2	通用规范汉字表_双源转录核对
璺		6439		2	通用规范汉字表_双源转录核对
鼯		6440		2	通用规范汉字表_双源转录核对
臜		6441		2	通用规范汉字表_双源转录核对
鳜		6442		2	通用规范汉字表_双源转录核对
鳝		6443		2	通用规范汉字表_双源转录核对
鳟		6444		2	通用规范汉字表_双源转录核对
獾		6445		2	通用规范汉字表_双源转录核对
孀		6446		2	通用规范汉字表_双源转录核对
骧		6447		2	通用规范汉字表_双源转录核对
瓘		6448		2	通用规范汉字表_双源转录核对
鼙		6449		2	通用规范汉字表_双源转录核对
醺		6450		2	通用规范汉字表_双源转录核对
礴		6451		2	通用规范汉字表_双源转录核对
颦		6452		2	通用规范汉字表_双源转录核对
曩		6453		2	通用规范汉字表_双源转录核对
鳢		6454		2	通用规范汉字表_双源转录核对
癫		6455		2	通用规范汉字表_双源转录核对
麝		6456		2	通用规范汉字表_双源转录核对
夔		6457		2	通用规范汉字表_双源转录核对
爝		6458		2	通用规范汉字表_双源转录核对
灏		6459		2	通用规范汉字表_双源转录核对
禳		6460		2	通用规范汉字表_双源转录核对
鐾		6461		2	通用规范汉字表_双源转录核对
羼		6462		2	通用规范汉字表_双源转录核对
蠡		6463		2	通用规范汉字表_双源转录核对
耱		6464		2	通用规范汉字表_双源转录核对
懿		6465		2	通用规范汉字表_双源转录核对
蘸		6466		2	通用规范汉字表_双源转录核对
鹳		6467		2	通用规范汉字表_双源转录核对
霾		6468		2	通用规范汉字表_双源转录核对
氍		6469		2	通用规范汉字表_双源转录核对
饕		6470		2	通用规范汉字表_双源转录核对
躐		6471		2	通用规范汉字表_双源转录核对
髑		6472		2	通用规范汉字表_双源转录核对
镵		6473		2	通用规范汉字表_双源转录核对
穰		6474		2	通用规范汉字表_双源转录核对
饔		6475		2	通用规范汉字表_双源转录核对
鬻		6476		2	通用规范汉字表_双源转录核对
鬟		6477		2	通用规范汉字表_双源转录核对
趱		6478		2	通用规范汉字表_双源转录核对
攫		6479		2	通用规范汉字表_双源转录核对
攥		6480		2	通用规范汉字表_双源转录核对
颧		6481		2	通用规范汉字表_双源转录核对
躜		6482		2	通用规范汉字表_双源转录核对
鼹		6483		2	通用规范汉字表_双源转录核对
癯		6484		2	通用规范汉字表_双源转录核对
麟		6485		2	通用规范汉字表_双源转录核对
蠲		6486		2	通用规范汉字表_双源转录核对
蠹		6487		2	通用规范汉字表_双源转录核对
躞		6488		2	通用规范汉字表_双源转录核对
衢		6489		2	通用规范汉字表_双源转录核对
鑫		6490		2	通用规范汉字表_双源转录核对
灞		6491		2	通用规范汉字表_双源转录核对
襻		6492		2	通用规范汉字表_双源转录核对
纛		6493		2	通用规范汉字表_双源转录核对
鬣		6494		2	通用规范汉字表_双源转录核对
攮		6495		2	通用规范汉字表_双源转录核对
囔		6496		2	通用规范汉字表_双源转录核对
馕		6497		2	通用规范汉字表_双源转录核对
戆		6498		2	通用规范汉字表_双源转录核对
爨		6499		2	通用规范汉字表_双源转录核对
齉		6500		2	通用规范汉字表_双源转录核对
亍		6501		3	通用规范汉字表_双源转录核对
尢		6502		3	通用规范汉字表_双源转录核对
彳		6503		3	通用规范汉字表_双源转录核对
卬		6504		3	通用规范汉字表_双源转录核对
殳		6505		3	通用规范汉字表_双源转录核对
𠙶		6506		3	通用规范汉字表_双源转录核对
毌		6507		3	通用规范汉字表_双源转录核对
邘		6508		3	通用规范汉字表_双源转录核对
戋		6509		3	通用规范汉字表_双源转录核对
圢		6510		3	通用规范汉字表_双源转录核对
氕		6511		3	通用规范汉字表_双源转录核对
伋		6512		3	通用规范汉字表_双源转录核对
仝		6513		3	通用规范汉字表_双源转录核对
冮		6514		3	通用规范汉字表_双源转录核对
氿		6515		3	通用规范汉字表_双源转录核对
汈		6516		3	通用规范汉字表_双源转录核对
氾		6517		3	通用规范汉字表_双源转录核对
忉		6518		3	通用规范汉字表_双源转录核对
宄		6519		3	通用规范汉字表_双源转录核对
𬣙		6520		3	通用规范汉字表_双源转录核对
讱		6521		3	通用规范汉字表_双源转录核对
扞		6522		3	通用规范汉字表_双源转录核对
圲		6523		3	通用规范汉字表_双源转录核对
圫		6524		3	通用规范汉字表_双源转录核对
芏		6525		3	通用规范汉字表_双源转录核对
芃		6526		3	通用规范汉字表_双源转录核对
朳		6527		3	通用规范汉字表_双源转录核对
朸		6528		3	通用规范汉字表_双源转录核对
𨙸		6529		3	通用规范汉字表_双源转录核对
邨		6530		3	通用规范汉字表_双源转录核对
吒		6531		3	通用规范汉字表_双源转录核对
吖		6532		3	通用规范汉字表_双源转录核对
屼		6533		3	通用规范汉字表_双源转录核对
屾		6534		3	通用规范汉字表_双源转录核对
辿		6535		3	通用规范汉字表_双源转录核对
钆		6536		3	通用规范汉字表_双源转录核对
仳		6537		3	通用规范汉字表_双源转录核对
伣		6538		3	通用规范汉字表_双源转录核对
伈		6539		3	通用规范汉字表_双源转录核对
癿		6540		3	通用规范汉字表_双源转录核对
甪		6541		3	通用规范汉字表_双源转录核对
邠		6542		3	通用规范汉字表_双源转录核对
犴		6543		3	通用规范汉字表_双源转录核对
冱		6544		3	通用规范汉字表_双源转录核对
邡		6545		3	通用规范汉字表_双源转录核对
闫		6546		3	通用规范汉字表_双源转录核对
𬇕		6547		3	通用规范汉字表_双源转录核对
汋		6548		3	通用规范汉字表_双源转录核对
䜣		6549		3	通用规范汉字表_双源转录核对
讻		6550		3	通用规范汉字表_双源转录核对
𬣞		6551		3	通用规范汉字表_双源转录核对
孖		6552		3	通用规范汉字表_双源转录核对
𬘓		6553		3	通用规范汉字表_双源转录核对
纩		6554		3	通用规范汉字表_双源转录核对
玒		6555		3	通用规范汉字表_双源转录核对
玓		6556		3	通用规范汉字表_双源转录核对
玘		6557		3	通用规范汉字表_双源转录核对
玚		6558		3	通用规范汉字表_双源转录核对
刬		6559		3	通用规范汉字表_双源转录核对
𫭟		6560		3	通用规范汉字表_双源转录核对
坜		6561		3	通用规范汉字表_双源转录核对
坉		6562		3	通用规范汉字表_双源转录核对
扽		6563		3	通用规范汉字表_双源转录核对
𫭢		6564		3	通用规范汉字表_双源转录核对
坋		6565		3	通用规范汉字表_双源转录核对
扺		6566		3	通用规范汉字表_双源转录核对
㧑		6567		3	通用规范汉字表_双源转录核对
毐		6568		3	通用规范汉字表_双源转录核对
芰		6569		3	通用规范汉字表_双源转录核对
芣		6570		3	通用规范汉字表_双源转录核对
苊		6571		3	通用规范汉字表_双源转录核对
苉		6572		3	通用规范汉字表_双源转录核对
芘		6573		3	通用规范汉字表_双源转录核对
芴		6574		3	通用规范汉字表_双源转录核对
芠		6575		3	通用规范汉字表_双源转录核对
𫇭		6576		3	通用规范汉字表_双源转录核对
芤		6577		3	通用规范汉字表_双源转录核对
杕		6578		3	通用规范汉字表_双源转录核对
杙		6579		3	通用规范汉字表_双源转录核对
杄		6580		3	通用规范汉字表_双源转录核对
杧		6581		3	通用规范汉字表_双源转录核对
杩		6582		3	通用规范汉字表_双源转录核对
尪		6583		3	通用规范汉字表_双源转录核对
尨		6584		3	通用规范汉字表_双源转录核对
轪		6585		3	通用规范汉字表_双源转录核对
𫐄		6586		3	通用规范汉字表_双源转录核对
坒		6587		3	通用规范汉字表_双源转录核对
芈		6588		3	通用规范汉字表_双源转录核对
旴		6589		3	通用规范汉字表_双源转录核对
旵		6590		3	通用规范汉字表_双源转录核对
呙		6591		3	通用规范汉字表_双源转录核对
㕮		6592		3	通用规范汉字表_双源转录核对
岍		6593		3	通用规范汉字表_双源转录核对
𫵷		6594		3	通用规范汉字表_双源转录核对
岠		6595		3	通用规范汉字表_双源转录核对
岜		6596		3	通用规范汉字表_双源转录核对
呇		6597		3	通用规范汉字表_双源转录核对
冏		6598		3	通用规范汉字表_双源转录核对
觃		6599		3	通用规范汉字表_双源转录核对
岙		6600		3	通用规范汉字表_双源转录核对
伾		6601		3	通用规范汉字表_双源转录核对
㑇		6602		3	通用规范汉字表_双源转录核对
伭		6603		3	通用规范汉字表_双源转录核对
佖		6604		3	通用规范汉字表_双源转录核对
伲		6605		3	通用规范汉字表_双源转录核对
佁		6606		3	通用规范汉字表_双源转录核对
飏		6607		3	通用规范汉字表_双源转录核对
狃		6608		3	通用规范汉字表_双源转录核对
闶		6609		3	通用规范汉字表_双源转录核对
汧		6610		3	通用规范汉字表_双源转录核对
汫		6611		3	通用规范汉字表_双源转录核对
𣲘		6612		3	通用规范汉字表_双源转录核对
𣲗		6613		3	通用规范汉字表_双源转录核对
沄		6614		3	通用规范汉字表_双源转录核对
沘		6615		3	通用规范汉字表_双源转录核对
𬇙		6616		3	通用规范汉字表_双源转录核对
汭		6617		3	通用规范汉字表_双源转录核对
㳇		6618		3	通用规范汉字表_双源转录核对
沇		6619		3	通用规范汉字表_双源转录核对
忮		6620		3	通用规范汉字表_双源转录核对
忳		6621		3	通用规范汉字表_双源转录核对
忺		6622		3	通用规范汉字表_双源转录核对
𬣡		6623		3	通用规范汉字表_双源转录核对
祃		6624		3	通用规范汉字表_双源转录核对
诇		6625		3	通用规范汉字表_双源转录核对
邲		6626		3	通用规范汉字表_双源转录核对
诎		6627		3	通用规范汉字表_双源转录核对
诐		6628		3	通用规范汉字表_双源转录核对
屃		6629		3	通用规范汉字表_双源转录核对
𫸩		6630		3	通用规范汉字表_双源转录核对
岊		6631		3	通用规范汉字表_双源转录核对
阽		6632		3	通用规范汉字表_双源转录核对
䢺		6633		3	通用规范汉字表_双源转录核对
阼		6634		3	通用规范汉字表_双源转录核对
妧		6635		3	通用规范汉字表_双源转录核对
妘		6636		3	通用规范汉字表_双源转录核对
𨚕		6637		3	通用规范汉字表_双源转录核对
纮		6638		3	通用规范汉字表_双源转录核对
驲		6639		3	通用规范汉字表_双源转录核对
𫘜		6640		3	通用规范汉字表_双源转录核对
纻		6641		3	通用规范汉字表_双源转录核对
𬘘		6642		3	通用规范汉字表_双源转录核对
𫘝		6643		3	通用规范汉字表_双源转录核对
纼		6644		3	通用规范汉字表_双源转录核对
玤		6645		3	通用规范汉字表_双源转录核对
玞		6646		3	通用规范汉字表_双源转录核对
玱		6647		3	通用规范汉字表_双源转录核对
玟		6648		3	通用规范汉字表_双源转录核对
邽		6649		3	通用规范汉字表_双源转录核对
邿		6650		3	通用规范汉字表_双源转录核对
坥		6651		3	通用规范汉字表_双源转录核对
坰		6652		3	通用规范汉字表_双源转录核对
坬		6653		3	通用规范汉字表_双源转录核对
坽		6654		3	通用规范汉字表_双源转录核对
弆		6655		3	通用规范汉字表_双源转录核对
耵		6656		3	通用规范汉字表_双源转录核对
䢼		6657		3	通用规范汉字表_双源转录核对
𦭜		6658		3	通用规范汉字表_双源转录核对
茋		6659		3	通用规范汉字表_双源转录核对
苧		6660		3	通用规范汉字表_双源转录核对
苾		6661		3	通用规范汉字表_双源转录核对
苠		6662		3	通用规范汉字表_双源转录核对
枅		6663		3	通用规范汉字表_双源转录核对
㭎		6664		3	通用规范汉字表_双源转录核对
枘		6665		3	通用规范汉字表_双源转录核对
枍		6666		3	通用规范汉字表_双源转录核对
矼		6667		3	通用规范汉字表_双源转录核对
矻		6668		3	通用规范汉字表_双源转录核对
匼		6669		3	通用规范汉字表_双源转录核对
𬨂		6670		3	通用规范汉字表_双源转录核对
𬀩		6671		3	通用规范汉字表_双源转录核对
𬀪		6672		3	通用规范汉字表_双源转录核对
旿		6673		3	通用规范汉字表_双源转录核对
昇		6674		3	通用规范汉字表_双源转录核对
昄		6675		3	通用规范汉字表_双源转录核对
昒		6676		3	通用规范汉字表_双源转录核对
昈		6677		3	通用规范汉字表_双源转录核对
咉		6678		3	通用规范汉字表_双源转录核对
咇		6679		3	通用规范汉字表_双源转录核对
咍		6680		3	通用规范汉字表_双源转录核对
岵		6681		3	通用规范汉字表_双源转录核对
岽		6682		3	通用规范汉字表_双源转录核对
岨		6683		3	通用规范汉字表_双源转录核对
岞		6684		3	通用规范汉字表_双源转录核对
峂		6685		3	通用规范汉字表_双源转录核对
㟃		6686		3	通用规范汉字表_双源转录核对
囷		6687		3	通用规范汉字表_双源转录核对
𬬩		6688		3	通用规范汉字表_双源转录核对
钐		6689		3	通用规范汉字表_双源转录核对
钔		6690		3	通用规范汉字表_双源转录核对
钖		6691		3	通用规范汉字表_双源转录核对
牥		6692		3	通用规范汉字表_双源转录核对
佴		6693		3	通用规范汉字表_双源转录核对
垈		6694		3	通用规范汉字表_双源转录核对
侁		6695		3	通用规范汉字表_双源转录核对
侹		6696		3	通用规范汉字表_双源转录核对
佸		6697		3	通用规范汉字表_双源转录核对
佺		6698		3	通用规范汉字表_双源转录核对
隹		6699		3	通用规范汉字表_双源转录核对
㑊		6700		3	通用规范汉字表_双源转录核对
侂		6701		3	通用规范汉字表_双源转录核对
佽		6702		3	通用规范汉字表_双源转录核对
侘		6703		3	通用规范汉字表_双源转录核对
郈		6704		3	通用规范汉字表_双源转录核对
舠		6705		3	通用规范汉字表_双源转录核对
郐		6706		3	通用规范汉字表_双源转录核对
郃		6707		3	通用规范汉字表_双源转录核对
攽		6708		3	通用规范汉字表_双源转录核对
肭		6709		3	通用规范汉字表_双源转录核对
肸		6710		3	通用规范汉字表_双源转录核对
肷		6711		3	通用规范汉字表_双源转录核对
狉		6712		3	通用规范汉字表_双源转录核对
狝		6713		3	通用规范汉字表_双源转录核对
饳		6714		3	通用规范汉字表_双源转录核对
忞		6715		3	通用规范汉字表_双源转录核对
於		6716		3	通用规范汉字表_双源转录核对
炌		6717		3	通用规范汉字表_双源转录核对
炆		6718		3	通用规范汉字表_双源转录核对
泙		6719		3	通用规范汉字表_双源转录核对
沺		6720		3	通用规范汉字表_双源转录核对
泂		6721		3	通用规范汉字表_双源转录核对
泜		6722		3	通用规范汉字表_双源转录核对
泃		6723		3	通用规范汉字表_双源转录核对
泇		6724		3	通用规范汉字表_双源转录核对
怊		6725		3	通用规范汉字表_双源转录核对
峃		6726		3	通用规范汉字表_双源转录核对
穸		6727		3	通用规范汉字表_双源转录核对
祋		6728		3	通用规范汉字表_双源转录核对
祊		6729		3	通用规范汉字表_双源转录核对
𫍣		6730		3	通用规范汉字表_双源转录核对
𬣳		6731		3	通用规范汉字表_双源转录核对
𬩽		6732		3	通用规范汉字表_双源转录核对
鸤		6733		3	通用规范汉字表_双源转录核对
弢		6734		3	通用规范汉字表_双源转录核对
弨		6735		3	通用规范汉字表_双源转录核对
陑		6736		3	通用规范汉字表_双源转录核对
𬮿		6737		3	通用规范汉字表_双源转录核对
陎		6738		3	通用规范汉字表_双源转录核对
𬯀		6739		3	通用规范汉字表_双源转录核对
卺		6740		3	通用规范汉字表_双源转录核对
乸		6741		3	通用规范汉字表_双源转录核对
妭		6742		3	通用规范汉字表_双源转录核对
姈		6743		3	通用规范汉字表_双源转录核对
𫰛		6744		3	通用规范汉字表_双源转录核对
迳		6745		3	通用规范汉字表_双源转录核对
叕		6746		3	通用规范汉字表_双源转录核对
𬳵		6747		3	通用规范汉字表_双源转录核对
驵		6748		3	通用规范汉字表_双源转录核对
𬳶		6749		3	通用规范汉字表_双源转录核对
䌹		6750		3	通用规范汉字表_双源转录核对
驺		6751		3	通用规范汉字表_双源转录核对
𫠊		6752		3	通用规范汉字表_双源转录核对
绋		6753		3	通用规范汉字表_双源转录核对
绐		6754		3	通用规范汉字表_双源转录核对
砉		6755		3	通用规范汉字表_双源转录核对
耔		6756		3	通用规范汉字表_双源转录核对
㛃		6757		3	通用规范汉字表_双源转录核对
玶		6758		3	通用规范汉字表_双源转录核对
珇		6759		3	通用规范汉字表_双源转录核对
珅		6760		3	通用规范汉字表_双源转录核对
𬍛		6761		3	通用规范汉字表_双源转录核对
珋		6762		3	通用规范汉字表_双源转录核对
玹		6763		3	通用规范汉字表_双源转录核对
珌		6764		3	通用规范汉字表_双源转录核对
玿		6765		3	通用规范汉字表_双源转录核对
韨		6766		3	通用规范汉字表_双源转录核对
垚		6767		3	通用规范汉字表_双源转录核对
垯		6768		3	通用规范汉字表_双源转录核对
垙		6769		3	通用规范汉字表_双源转录核对
垲		6770		3	通用规范汉字表_双源转录核对
埏		6771		3	通用规范汉字表_双源转录核对
垍		6772		3	通用规范汉字表_双源转录核对
耇		6773		3	通用规范汉字表_双源转录核对
鿍		6774		3	通用规范汉字表_双源转录核对
垎		6775		3	通用规范汉字表_双源转录核对
垴		6776		3	通用规范汉字表_双源转录核对
垟		6777		3	通用规范汉字表_双源转录核对
垞		6778		3	通用规范汉字表_双源转录核对
挓		6779		3	通用规范汉字表_双源转录核对
垵		6780		3	通用规范汉字表_双源转录核对
垏		6781		3	通用规范汉字表_双源转录核对
拶		6782		3	通用规范汉字表_双源转录核对
荖		6783		3	通用规范汉字表_双源转录核对
荁		6784		3	通用规范汉字表_双源转录核对
荙		6785		3	通用规范汉字表_双源转录核对
荛		6786		3	通用规范汉字表_双源转录核对
茈		6787		3	通用规范汉字表_双源转录核对
茽		6788		3	通用规范汉字表_双源转录核对
荄		6789		3	通用规范汉字表_双源转录核对
茺		6790		3	通用规范汉字表_双源转录核对
𬜬		6791		3	通用规范汉字表_双源转录核对
荓		6792		3	通用规范汉字表_双源转录核对
茳		6793		3	通用规范汉字表_双源转录核对
𦰡		6794		3	通用规范汉字表_双源转录核对
茛		6795		3	通用规范汉字表_双源转录核对
荭		6796		3	通用规范汉字表_双源转录核对
㭕		6797		3	通用规范汉字表_双源转录核对
柷		6798		3	通用规范汉字表_双源转录核对
柃		6799		3	通用规范汉字表_双源转录核对
柊		6800		3	通用规范汉字表_双源转录核对
枹		6801		3	通用规范汉字表_双源转录核对
栐		6802		3	通用规范汉字表_双源转录核对
柖		6803		3	通用规范汉字表_双源转录核对
郚		6804		3	通用规范汉字表_双源转录核对
剅		6805		3	通用规范汉字表_双源转录核对
䴓		6806		3	通用规范汉字表_双源转录核对
迺		6807		3	通用规范汉字表_双源转录核对
厖		6808		3	通用规范汉字表_双源转录核对
砆		6809		3	通用规范汉字表_双源转录核对
砑		6810		3	通用规范汉字表_双源转录核对
砄		6811		3	通用规范汉字表_双源转录核对
耏		6812		3	通用规范汉字表_双源转录核对
奓		6813		3	通用规范汉字表_双源转录核对
䶮		6814		3	通用规范汉字表_双源转录核对
轵		6815		3	通用规范汉字表_双源转录核对
轷		6816		3	通用规范汉字表_双源转录核对
轹		6817		3	通用规范汉字表_双源转录核对
轺		6818		3	通用规范汉字表_双源转录核对
昺		6819		3	通用规范汉字表_双源转录核对
𪾢		6820		3	通用规范汉字表_双源转录核对
昽		6821		3	通用规范汉字表_双源转录核对
盷		6822		3	通用规范汉字表_双源转录核对
咡		6823		3	通用规范汉字表_双源转录核对
咺		6824		3	通用规范汉字表_双源转录核对
昳		6825		3	通用规范汉字表_双源转录核对
昣		6826		3	通用规范汉字表_双源转录核对
哒		6827		3	通用规范汉字表_双源转录核对
昤		6828		3	通用规范汉字表_双源转录核对
昫		6829		3	通用规范汉字表_双源转录核对
昡		6830		3	通用规范汉字表_双源转录核对
咥		6831		3	通用规范汉字表_双源转录核对
昪		6832		3	通用规范汉字表_双源转录核对
虷		6833		3	通用规范汉字表_双源转录核对
虸		6834		3	通用规范汉字表_双源转录核对
哃		6835		3	通用规范汉字表_双源转录核对
峘		6836		3	通用规范汉字表_双源转录核对
耑		6837		3	通用规范汉字表_双源转录核对
峛		6838		3	通用规范汉字表_双源转录核对
𪨰		6839		3	通用规范汉字表_双源转录核对
峗		6840		3	通用规范汉字表_双源转录核对
峧		6841		3	通用规范汉字表_双源转录核对
帡		6842		3	通用规范汉字表_双源转录核对
钘		6843		3	通用规范汉字表_双源转录核对
𫓧		6844		3	通用规范汉字表_双源转录核对
钜		6845		3	通用规范汉字表_双源转录核对
𬬮		6846		3	通用规范汉字表_双源转录核对
𬬱		6847		3	通用规范汉字表_双源转录核对
𬬭		6848		3	通用规范汉字表_双源转录核对
钪		6849		3	通用规范汉字表_双源转录核对
钬		6850		3	通用规范汉字表_双源转录核对
钭		6851		3	通用规范汉字表_双源转录核对
矧		6852		3	通用规范汉字表_双源转录核对
秬		6853		3	通用规范汉字表_双源转录核对
俫		6854		3	通用规范汉字表_双源转录核对
舁		6855		3	通用规范汉字表_双源转录核对
俜		6856		3	通用规范汉字表_双源转录核对
俙		6857		3	通用规范汉字表_双源转录核对
俍		6858		3	通用规范汉字表_双源转录核对
垕		6859		3	通用规范汉字表_双源转录核对
衎		6860		3	通用规范汉字表_双源转录核对
舣		6861		3	通用规范汉字表_双源转录核对
弇		6862		3	通用规范汉字表_双源转录核对
侴		6863		3	通用规范汉字表_双源转录核对
鸧		6864		3	通用规范汉字表_双源转录核对
䏡		6865		3	通用规范汉字表_双源转录核对
胠		6866		3	通用规范汉字表_双源转录核对
𦙶		6867		3	通用规范汉字表_双源转录核对
胈		6868		3	通用规范汉字表_双源转录核对
胩		6869		3	通用规范汉字表_双源转录核对
胣		6870		3	通用规范汉字表_双源转录核对
朏		6871		3	通用规范汉字表_双源转录核对
飐		6872		3	通用规范汉字表_双源转录核对
訄		6873		3	通用规范汉字表_双源转录核对
饻		6874		3	通用规范汉字表_双源转录核对
庤		6875		3	通用规范汉字表_双源转录核对
疢		6876		3	通用规范汉字表_双源转录核对
炣		6877		3	通用规范汉字表_双源转录核对
炟		6878		3	通用规范汉字表_双源转录核对
㶲		6879		3	通用规范汉字表_双源转录核对
洭		6880		3	通用规范汉字表_双源转录核对
洘		6881		3	通用规范汉字表_双源转录核对
洓		6882		3	通用规范汉字表_双源转录核对
洿		6883		3	通用规范汉字表_双源转录核对
㳚		6884		3	通用规范汉字表_双源转录核对
泚		6885		3	通用规范汉字表_双源转录核对
浈		6886		3	通用规范汉字表_双源转录核对
浉		6887		3	通用规范汉字表_双源转录核对
洸		6888		3	通用规范汉字表_双源转录核对
洑		6889		3	通用规范汉字表_双源转录核对
洢		6890		3	通用规范汉字表_双源转录核对
洈		6891		3	通用规范汉字表_双源转录核对
洚		6892		3	通用规范汉字表_双源转录核对
洺		6893		3	通用规范汉字表_双源转录核对
洨		6894		3	通用规范汉字表_双源转录核对
浐		6895		3	通用规范汉字表_双源转录核对
㳘		6896		3	通用规范汉字表_双源转录核对
洴		6897		3	通用规范汉字表_双源转录核对
洣		6898		3	通用规范汉字表_双源转录核对
恔		6899		3	通用规范汉字表_双源转录核对
宬		6900		3	通用规范汉字表_双源转录核对
窀		6901		3	通用规范汉字表_双源转录核对
扂		6902		3	通用规范汉字表_双源转录核对
袆		6903		3	通用规范汉字表_双源转录核对
祏		6904		3	通用规范汉字表_双源转录核对
祐		6905		3	通用规范汉字表_双源转录核对
祕		6906		3	通用规范汉字表_双源转录核对
叚		6907		3	通用规范汉字表_双源转录核对
陧		6908		3	通用规范汉字表_双源转录核对
陞		6909		3	通用规范汉字表_双源转录核对
娀		6910		3	通用规范汉字表_双源转录核对
姞		6911		3	通用规范汉字表_双源转录核对
姱		6912		3	通用规范汉字表_双源转录核对
姤		6913		3	通用规范汉字表_双源转录核对
姶		6914		3	通用规范汉字表_双源转录核对
姽		6915		3	通用规范汉字表_双源转录核对
枲		6916		3	通用规范汉字表_双源转录核对
绖		6917		3	通用规范汉字表_双源转录核对
骃		6918		3	通用规范汉字表_双源转录核对
𬘡		6919		3	通用规范汉字表_双源转录核对
𬳽		6920		3	通用规范汉字表_双源转录核对
𬘩		6921		3	通用规范汉字表_双源转录核对
𫄧		6922		3	通用规范汉字表_双源转录核对
彖		6923		3	通用规范汉字表_双源转录核对
骉		6924		3	通用规范汉字表_双源转录核对
恝		6925		3	通用规范汉字表_双源转录核对
珪		6926		3	通用规范汉字表_双源转录核对
珛		6927		3	通用规范汉字表_双源转录核对
珹		6928		3	通用规范汉字表_双源转录核对
琊		6929		3	通用规范汉字表_双源转录核对
玼		6930		3	通用规范汉字表_双源转录核对
珖		6931		3	通用规范汉字表_双源转录核对
𪟝		6932		3	通用规范汉字表_双源转录核对
珽		6933		3	通用规范汉字表_双源转录核对
珦		6934		3	通用规范汉字表_双源转录核对
珫		6935		3	通用规范汉字表_双源转录核对
珒		6936		3	通用规范汉字表_双源转录核对
𬍤		6937		3	通用规范汉字表_双源转录核对
珢		6938		3	通用规范汉字表_双源转录核对
珕		6939		3	通用规范汉字表_双源转录核对
珝		6940		3	通用规范汉字表_双源转录核对
𫭼		6941		3	通用规范汉字表_双源转录核对
埗		6942		3	通用规范汉字表_双源转录核对
垾		6943		3	通用规范汉字表_双源转录核对
垺		6944		3	通用规范汉字表_双源转录核对
埆		6945		3	通用规范汉字表_双源转录核对
垿		6946		3	通用规范汉字表_双源转录核对
埌		6947		3	通用规范汉字表_双源转录核对
埇		6948		3	通用规范汉字表_双源转录核对
莰		6949		3	通用规范汉字表_双源转录核对
茝		6950		3	通用规范汉字表_双源转录核对
𬜯		6951		3	通用规范汉字表_双源转录核对
鄀		6952		3	通用规范汉字表_双源转录核对
莶		6953		3	通用规范汉字表_双源转录核对
莝		6954		3	通用规范汉字表_双源转录核对
䓖		6955		3	通用规范汉字表_双源转录核对
莙		6956		3	通用规范汉字表_双源转录核对
栻		6957		3	通用规范汉字表_双源转录核对
桠		6958		3	通用规范汉字表_双源转录核对
𬂩		6959		3	通用规范汉字表_双源转录核对
桄		6960		3	通用规范汉字表_双源转录核对
梠		6961		3	通用规范汉字表_双源转录核对
栴		6962		3	通用规范汉字表_双源转录核对
梴		6963		3	通用规范汉字表_双源转录核对
栒		6964		3	通用规范汉字表_双源转录核对
酎		6965		3	通用规范汉字表_双源转录核对
酏		6966		3	通用规范汉字表_双源转录核对
𫠆		6967		3	通用规范汉字表_双源转录核对
砵		6968		3	通用规范汉字表_双源转录核对
砠		6969		3	通用规范汉字表_双源转录核对
砫		6970		3	通用规范汉字表_双源转录核对
砬		6971		3	通用规范汉字表_双源转录核对
硁		6972		3	通用规范汉字表_双源转录核对
恧		6973		3	通用规范汉字表_双源转录核对
翃		6974		3	通用规范汉字表_双源转录核对
郪		6975		3	通用规范汉字表_双源转录核对
𨐈		6976		3	通用规范汉字表_双源转录核对
辀		6977		3	通用规范汉字表_双源转录核对
辁		6978		3	通用规范汉字表_双源转录核对
𬌗		6979		3	通用规范汉字表_双源转录核对
剕		6980		3	通用规范汉字表_双源转录核对
赀		6981		3	通用规范汉字表_双源转录核对
哢		6982		3	通用规范汉字表_双源转录核对
晅		6983		3	通用规范汉字表_双源转录核对
晊		6984		3	通用规范汉字表_双源转录核对
唝		6985		3	通用规范汉字表_双源转录核对
哳		6986		3	通用规范汉字表_双源转录核对
哱		6987		3	通用规范汉字表_双源转录核对
冔		6988		3	通用规范汉字表_双源转录核对
晔		6989		3	通用规范汉字表_双源转录核对
晐		6990		3	通用规范汉字表_双源转录核对
晖		6991		3	通用规范汉字表_双源转录核对
畖		6992		3	通用规范汉字表_双源转录核对
蚄		6993		3	通用规范汉字表_双源转录核对
蚆		6994		3	通用规范汉字表_双源转录核对
𫑡		6995		3	通用规范汉字表_双源转录核对
帱		6996		3	通用规范汉字表_双源转录核对
崁		6997		3	通用规范汉字表_双源转录核对
峿		6998		3	通用规范汉字表_双源转录核对
𪨶		6999		3	通用规范汉字表_双源转录核对
崄		7000		3	通用规范汉字表_双源转录核对
帨		7001		3	通用规范汉字表_双源转录核对
崀		7002		3	通用规范汉字表_双源转录核对
赆		7003		3	通用规范汉字表_双源转录核对
𬬸		7004		3	通用规范汉字表_双源转录核对
钷		7005		3	通用规范汉字表_双源转录核对
𬬻		7006		3	通用规范汉字表_双源转录核对
𬬹		7007		3	通用规范汉字表_双源转录核对
𬬿		7008		3	通用规范汉字表_双源转录核对
𬭁		7009		3	通用规范汉字表_双源转录核对
眚		7010		3	通用规范汉字表_双源转录核对
甡		7011		3	通用规范汉字表_双源转录核对
笫		7012		3	通用规范汉字表_双源转录核对
倻		7013		3	通用规范汉字表_双源转录核对
倴		7014		3	通用规范汉字表_双源转录核对
脩		7015		3	通用规范汉字表_双源转录核对
倮		7016		3	通用规范汉字表_双源转录核对
倕		7017		3	通用规范汉字表_双源转录核对
倞		7018		3	通用规范汉字表_双源转录核对
𫢸		7019		3	通用规范汉字表_双源转录核对
倓		7020		3	通用规范汉字表_双源转录核对
倧		7021		3	通用规范汉字表_双源转录核对
衃		7022		3	通用规范汉字表_双源转录核对
虒		7023		3	通用规范汉字表_双源转录核对
舭		7024		3	通用规范汉字表_双源转录核对
舯		7025		3	通用规范汉字表_双源转录核对
舥		7026		3	通用规范汉字表_双源转录核对
瓞		7027		3	通用规范汉字表_双源转录核对
鬯		7028		3	通用规范汉字表_双源转录核对
鸰		7029		3	通用规范汉字表_双源转录核对
脎		7030		3	通用规范汉字表_双源转录核对
朓		7031		3	通用规范汉字表_双源转录核对
胲		7032		3	通用规范汉字表_双源转录核对
虓		7033		3	通用规范汉字表_双源转录核对
鱽		7034		3	通用规范汉字表_双源转录核对
狴		7035		3	通用规范汉字表_双源转录核对
峱		7036		3	通用规范汉字表_双源转录核对
狻		7037		3	通用规范汉字表_双源转录核对
眢		7038		3	通用规范汉字表_双源转录核对
𫗧		7039		3	通用规范汉字表_双源转录核对
勍		7040		3	通用规范汉字表_双源转录核对
痄		7041		3	通用规范汉字表_双源转录核对
疰		7042		3	通用规范汉字表_双源转录核对
痃		7043		3	通用规范汉字表_双源转录核对
竘		7044		3	通用规范汉字表_双源转录核对
羖		7045		3	通用规范汉字表_双源转录核对
羓		7046		3	通用规范汉字表_双源转录核对
桊		7047		3	通用规范汉字表_双源转录核对
敉		7048		3	通用规范汉字表_双源转录核对
烠		7049		3	通用规范汉字表_双源转录核对
烔		7050		3	通用规范汉字表_双源转录核对
烶		7051		3	通用规范汉字表_双源转录核对
烻		7052		3	通用规范汉字表_双源转录核对
𬊈		7053		3	通用规范汉字表_双源转录核对
涍		7054		3	通用规范汉字表_双源转录核对
浡		7055		3	通用规范汉字表_双源转录核对
浭		7056		3	通用规范汉字表_双源转录核对
浬		7057		3	通用规范汉字表_双源转录核对
涄		7058		3	通用规范汉字表_双源转录核对
涢		7059		3	通用规范汉字表_双源转录核对
涐		7060		3	通用规范汉字表_双源转录核对
浰		7061		3	通用规范汉字表_双源转录核对
浟		7062		3	通用规范汉字表_双源转录核对
浛		7063		3	通用规范汉字表_双源转录核对
浼		7064		3	通用规范汉字表_双源转录核对
浲		7065		3	通用规范汉字表_双源转录核对
涘		7066		3	通用规范汉字表_双源转录核对
悈		7067		3	通用规范汉字表_双源转录核对
悃		7068		3	通用规范汉字表_双源转录核对
悢		7069		3	通用规范汉字表_双源转录核对
𬒈		7070		3	通用规范汉字表_双源转录核对
宧		7071		3	通用规范汉字表_双源转录核对
窅		7072		3	通用规范汉字表_双源转录核对
窊		7073		3	通用规范汉字表_双源转录核对
窎		7074		3	通用规范汉字表_双源转录核对
扅		7075		3	通用规范汉字表_双源转录核对
扆		7076		3	通用规范汉字表_双源转录核对
袪		7077		3	通用规范汉字表_双源转录核对
袗		7078		3	通用规范汉字表_双源转录核对
袯		7079		3	通用规范汉字表_双源转录核对
祧		7080		3	通用规范汉字表_双源转录核对
隺		7081		3	通用规范汉字表_双源转录核对
堲		7082		3	通用规范汉字表_双源转录核对
疍		7083		3	通用规范汉字表_双源转录核对
𨺙		7084		3	通用规范汉字表_双源转录核对
陴		7085		3	通用规范汉字表_双源转录核对
烝		7086		3	通用规范汉字表_双源转录核对
砮		7087		3	通用规范汉字表_双源转录核对
㛚		7088		3	通用规范汉字表_双源转录核对
哿		7089		3	通用规范汉字表_双源转录核对
翀		7090		3	通用规范汉字表_双源转录核对
翂		7091		3	通用规范汉字表_双源转录核对
剟		7092		3	通用规范汉字表_双源转录核对
𬳿		7093		3	通用规范汉字表_双源转录核对
𫄨		7094		3	通用规范汉字表_双源转录核对
绤		7095		3	通用规范汉字表_双源转录核对
骍		7096		3	通用规范汉字表_双源转录核对
𬘫		7097		3	通用规范汉字表_双源转录核对
䂮		7098		3	通用规范汉字表_双源转录核对
琎		7099		3	通用规范汉字表_双源转录核对
珸		7100		3	通用规范汉字表_双源转录核对
珵		7101		3	通用规范汉字表_双源转录核对
琄		7102		3	通用规范汉字表_双源转录核对
琈		7103		3	通用规范汉字表_双源转录核对
琀		7104		3	通用规范汉字表_双源转录核对
珺		7105		3	通用规范汉字表_双源转录核对
掭		7106		3	通用规范汉字表_双源转录核对
堎		7107		3	通用规范汉字表_双源转录核对
堐		7108		3	通用规范汉字表_双源转录核对
埼		7109		3	通用规范汉字表_双源转录核对
掎		7110		3	通用规范汉字表_双源转录核对
埫		7111		3	通用规范汉字表_双源转录核对
堌		7112		3	通用规范汉字表_双源转录核对
晢		7113		3	通用规范汉字表_双源转录核对
𫮃		7114		3	通用规范汉字表_双源转录核对
掞		7115		3	通用规范汉字表_双源转录核对
埪		7116		3	通用规范汉字表_双源转录核对
壸		7117		3	通用规范汉字表_双源转录核对
㙍		7118		3	通用规范汉字表_双源转录核对
聍		7119		3	通用规范汉字表_双源转录核对
菝		7120		3	通用规范汉字表_双源转录核对
萚		7121		3	通用规范汉字表_双源转录核对
菥		7122		3	通用规范汉字表_双源转录核对
莿		7123		3	通用规范汉字表_双源转录核对
䓫		7124		3	通用规范汉字表_双源转录核对
勚		7125		3	通用规范汉字表_双源转录核对
䓬		7126		3	通用规范汉字表_双源转录核对
萆		7127		3	通用规范汉字表_双源转录核对
菂		7128		3	通用规范汉字表_双源转录核对
菍		7129		3	通用规范汉字表_双源转录核对
菼		7130		3	通用规范汉字表_双源转录核对
萣		7131		3	通用规范汉字表_双源转录核对
䓨		7132		3	通用规范汉字表_双源转录核对
菉		7133		3	通用规范汉字表_双源转录核对
䓛		7134		3	通用规范汉字表_双源转录核对
梼		7135		3	通用规范汉字表_双源转录核对
梽		7136		3	通用规范汉字表_双源转录核对
桲		7137		3	通用规范汉字表_双源转录核对
梾		7138		3	通用规范汉字表_双源转录核对
桯		7139		3	通用规范汉字表_双源转录核对
梣		7140		3	通用规范汉字表_双源转录核对
梌		7141		3	通用规范汉字表_双源转录核对
桹		7142		3	通用规范汉字表_双源转录核对
敔		7143		3	通用规范汉字表_双源转录核对
厣		7144		3	通用规范汉字表_双源转录核对
硔		7145		3	通用规范汉字表_双源转录核对
鿎		7146		3	通用规范汉字表_双源转录核对
硙		7147		3	通用规范汉字表_双源转录核对
硚		7148		3	通用规范汉字表_双源转录核对
硊		7149		3	通用规范汉字表_双源转录核对
硍		7150		3	通用规范汉字表_双源转录核对
勔		7151		3	通用规范汉字表_双源转录核对
䴕		7152		3	通用规范汉字表_双源转录核对
龁		7153		3	通用规范汉字表_双源转录核对
逴		7154		3	通用规范汉字表_双源转录核对
唪		7155		3	通用规范汉字表_双源转录核对
啫		7156		3	通用规范汉字表_双源转录核对
翈		7157		3	通用规范汉字表_双源转录核对
㫰		7158		3	通用规范汉字表_双源转录核对
晙		7159		3	通用规范汉字表_双源转录核对
畤		7160		3	通用规范汉字表_双源转录核对
𬱖		7161		3	通用规范汉字表_双源转录核对
趼		7162		3	通用规范汉字表_双源转录核对
跂		7163		3	通用规范汉字表_双源转录核对
蛃		7164		3	通用规范汉字表_双源转录核对
蚲		7165		3	通用规范汉字表_双源转录核对
𬟽		7166		3	通用规范汉字表_双源转录核对
蚺		7167		3	通用规范汉字表_双源转录核对
啴		7168		3	通用规范汉字表_双源转录核对
䎃		7169		3	通用规范汉字表_双源转录核对
崧		7170		3	通用规范汉字表_双源转录核对
崟		7171		3	通用规范汉字表_双源转录核对
崞		7172		3	通用规范汉字表_双源转录核对
崒		7173		3	通用规范汉字表_双源转录核对
崌		7174		3	通用规范汉字表_双源转录核对
崡		7175		3	通用规范汉字表_双源转录核对
铏		7176		3	通用规范汉字表_双源转录核对
𫓯		7177		3	通用规范汉字表_双源转录核对
𫟹		7178		3	通用规范汉字表_双源转录核对
铕		7179		3	通用规范汉字表_双源转录核对
𫟼		7180		3	通用规范汉字表_双源转录核对
铖		7181		3	通用规范汉字表_双源转录核对
铘		7182		3	通用规范汉字表_双源转录核对
铚		7183		3	通用规范汉字表_双源转录核对
铞		7184		3	通用规范汉字表_双源转录核对
铥		7185		3	通用规范汉字表_双源转录核对
铴		7186		3	通用规范汉字表_双源转录核对
牻		7187		3	通用规范汉字表_双源转录核对
牿		7188		3	通用规范汉字表_双源转录核对
稆		7189		3	通用规范汉字表_双源转录核对
笱		7190		3	通用规范汉字表_双源转录核对
笯		7191		3	通用规范汉字表_双源转录核对
偰		7192		3	通用规范汉字表_双源转录核对
偡		7193		3	通用规范汉字表_双源转录核对
鸺		7194		3	通用规范汉字表_双源转录核对
偭		7195		3	通用规范汉字表_双源转录核对
偲		7196		3	通用规范汉字表_双源转录核对
偁		7197		3	通用规范汉字表_双源转录核对
㿠		7198		3	通用规范汉字表_双源转录核对
鄅		7199		3	通用规范汉字表_双源转录核对
偓		7200		3	通用规范汉字表_双源转录核对
徛		7201		3	通用规范汉字表_双源转录核对
衒		7202		3	通用规范汉字表_双源转录核对
舳		7203		3	通用规范汉字表_双源转录核对
舲		7204		3	通用规范汉字表_双源转录核对
鸼		7205		3	通用规范汉字表_双源转录核对
悆		7206		3	通用规范汉字表_双源转录核对
鄃		7207		3	通用规范汉字表_双源转录核对
瓻		7208		3	通用规范汉字表_双源转录核对
䝙		7209		3	通用规范汉字表_双源转录核对
脶		7210		3	通用规范汉字表_双源转录核对
脞		7211		3	通用规范汉字表_双源转录核对
脟		7212		3	通用规范汉字表_双源转录核对
䏲		7213		3	通用规范汉字表_双源转录核对
鱾		7214		3	通用规范汉字表_双源转录核对
猇		7215		3	通用规范汉字表_双源转录核对
猊		7216		3	通用规范汉字表_双源转录核对
猄		7217		3	通用规范汉字表_双源转录核对
觖		7218		3	通用规范汉字表_双源转录核对
𠅤		7219		3	通用规范汉字表_双源转录核对
庱		7220		3	通用规范汉字表_双源转录核对
庼		7221		3	通用规范汉字表_双源转录核对
庳		7222		3	通用规范汉字表_双源转录核对
痓		7223		3	通用规范汉字表_双源转录核对
䴔		7224		3	通用规范汉字表_双源转录核对
竫		7225		3	通用规范汉字表_双源转录核对
堃		7226		3	通用规范汉字表_双源转录核对
阌		7227		3	通用规范汉字表_双源转录核对
羝		7228		3	通用规范汉字表_双源转录核对
羕		7229		3	通用规范汉字表_双源转录核对
焆		7230		3	通用规范汉字表_双源转录核对
烺		7231		3	通用规范汉字表_双源转录核对
焌		7232		3	通用规范汉字表_双源转录核对
淏		7233		3	通用规范汉字表_双源转录核对
𬇹		7234		3	通用规范汉字表_双源转录核对
淟		7235		3	通用规范汉字表_双源转录核对
淜		7236		3	通用规范汉字表_双源转录核对
淴		7237		3	通用规范汉字表_双源转录核对
淯		7238		3	通用规范汉字表_双源转录核对
湴		7239		3	通用规范汉字表_双源转录核对
涴		7240		3	通用规范汉字表_双源转录核对
𬍡		7241		3	通用规范汉字表_双源转录核对
㥄		7242		3	通用规范汉字表_双源转录核对
惛		7243		3	通用规范汉字表_双源转录核对
惔		7244		3	通用规范汉字表_双源转录核对
悰		7245		3	通用规范汉字表_双源转录核对
惙		7246		3	通用规范汉字表_双源转录核对
寁		7247		3	通用规范汉字表_双源转录核对
逭		7248		3	通用规范汉字表_双源转录核对
𬤇		7249		3	通用规范汉字表_双源转录核对
𫍯		7250		3	通用规范汉字表_双源转录核对
袼		7251		3	通用规范汉字表_双源转录核对
裈		7252		3	通用规范汉字表_双源转录核对
祲		7253		3	通用规范汉字表_双源转录核对
𬤊		7254		3	通用规范汉字表_双源转录核对
𫍲		7255		3	通用规范汉字表_双源转录核对
谞		7256		3	通用规范汉字表_双源转录核对
艴		7257		3	通用规范汉字表_双源转录核对
弸		7258		3	通用规范汉字表_双源转录核对
弶		7259		3	通用规范汉字表_双源转录核对
𬯎		7260		3	通用规范汉字表_双源转录核对
隃		7261		3	通用规范汉字表_双源转录核对
婞		7262		3	通用规范汉字表_双源转录核对
娵		7263		3	通用规范汉字表_双源转录核对
婼		7264		3	通用规范汉字表_双源转录核对
媖		7265		3	通用规范汉字表_双源转录核对
婳		7266		3	通用规范汉字表_双源转录核对
婍		7267		3	通用规范汉字表_双源转录核对
婌		7268		3	通用规范汉字表_双源转录核对
婫		7269		3	通用规范汉字表_双源转录核对
婤		7270		3	通用规范汉字表_双源转录核对
婘		7271		3	通用规范汉字表_双源转录核对
婠		7272		3	通用规范汉字表_双源转录核对
𬘬		7273		3	通用规范汉字表_双源转录核对
𬘭		7274		3	通用规范汉字表_双源转录核对
𬴂		7275		3	通用规范汉字表_双源转录核对
𫘦		7276		3	通用规范汉字表_双源转录核对
绹		7277		3	通用规范汉字表_双源转录核对
𫟅		7278		3	通用规范汉字表_双源转录核对
𬘯		7279		3	通用规范汉字表_双源转录核对
骕		7280		3	通用规范汉字表_双源转录核对
𫘧		7281		3	通用规范汉字表_双源转录核对
絜		7282		3	通用规范汉字表_双源转录核对
珷		7283		3	通用规范汉字表_双源转录核对
琲		7284		3	通用规范汉字表_双源转录核对
琡		7285		3	通用规范汉字表_双源转录核对
琟		7286		3	通用规范汉字表_双源转录核对
琔		7287		3	通用规范汉字表_双源转录核对
琭		7288		3	通用规范汉字表_双源转录核对
堾		7289		3	通用规范汉字表_双源转录核对
堼		7290		3	通用规范汉字表_双源转录核对
揕		7291		3	通用规范汉字表_双源转录核对
㙘		7292		3	通用规范汉字表_双源转录核对
堧		7293		3	通用规范汉字表_双源转录核对
喆		7294		3	通用规范汉字表_双源转录核对
堨		7295		3	通用规范汉字表_双源转录核对
塅		7296		3	通用规范汉字表_双源转录核对
堠		7297		3	通用规范汉字表_双源转录核对
絷		7298		3	通用规范汉字表_双源转录核对
𪣻		7299		3	通用规范汉字表_双源转录核对
𡎚		7300		3	通用规范汉字表_双源转录核对
葜		7301		3	通用规范汉字表_双源转录核对
惎		7302		3	通用规范汉字表_双源转录核对
萳		7303		3	通用规范汉字表_双源转录核对
葙		7304		3	通用规范汉字表_双源转录核对
靬		7305		3	通用规范汉字表_双源转录核对
葴		7306		3	通用规范汉字表_双源转录核对
蒇		7307		3	通用规范汉字表_双源转录核对
蒈		7308		3	通用规范汉字表_双源转录核对
鄚		7309		3	通用规范汉字表_双源转录核对
蒉		7310		3	通用规范汉字表_双源转录核对
蓇		7311		3	通用规范汉字表_双源转录核对
萩		7312		3	通用规范汉字表_双源转录核对
蒐		7313		3	通用规范汉字表_双源转录核对
葰		7314		3	通用规范汉字表_双源转录核对
葎		7315		3	通用规范汉字表_双源转录核对
鄑		7316		3	通用规范汉字表_双源转录核对
蒎		7317		3	通用规范汉字表_双源转录核对
葖		7318		3	通用规范汉字表_双源转录核对
蒄		7319		3	通用规范汉字表_双源转录核对
萹		7320		3	通用规范汉字表_双源转录核对
棤		7321		3	通用规范汉字表_双源转录核对
棽		7322		3	通用规范汉字表_双源转录核对
棫		7323		3	通用规范汉字表_双源转录核对
椓		7324		3	通用规范汉字表_双源转录核对
椑		7325		3	通用规范汉字表_双源转录核对
𬃊		7326		3	通用规范汉字表_双源转录核对
鹀		7327		3	通用规范汉字表_双源转录核对
椆		7328		3	通用规范汉字表_双源转录核对
棓		7329		3	通用规范汉字表_双源转录核对
棬		7330		3	通用规范汉字表_双源转录核对
棪		7331		3	通用规范汉字表_双源转录核对
椀		7332		3	通用规范汉字表_双源转录核对
楗		7333		3	通用规范汉字表_双源转录核对
𬷕		7334		3	通用规范汉字表_双源转录核对
甦		7335		3	通用规范汉字表_双源转录核对
酦		7336		3	通用规范汉字表_双源转录核对
觌		7337		3	通用规范汉字表_双源转录核对
奡		7338		3	通用规范汉字表_双源转录核对
皕		7339		3	通用规范汉字表_双源转录核对
硪		7340		3	通用规范汉字表_双源转录核对
欹		7341		3	通用规范汉字表_双源转录核对
詟		7342		3	通用规范汉字表_双源转录核对
𫐐		7343		3	通用规范汉字表_双源转录核对
辌		7344		3	通用规范汉字表_双源转录核对
棐		7345		3	通用规范汉字表_双源转录核对
龂		7346		3	通用规范汉字表_双源转录核对
𬹼		7347		3	通用规范汉字表_双源转录核对
黹		7348		3	通用规范汉字表_双源转录核对
牚		7349		3	通用规范汉字表_双源转录核对
睎		7350		3	通用规范汉字表_双源转录核对
晫		7351		3	通用规范汉字表_双源转录核对
晪		7352		3	通用规范汉字表_双源转录核对
晱		7353		3	通用规范汉字表_双源转录核对
𧿹		7354		3	通用规范汉字表_双源转录核对
蛑		7355		3	通用规范汉字表_双源转录核对
畯		7356		3	通用规范汉字表_双源转录核对
斝		7357		3	通用规范汉字表_双源转录核对
喤		7358		3	通用规范汉字表_双源转录核对
崶		7359		3	通用规范汉字表_双源转录核对
嵁		7360		3	通用规范汉字表_双源转录核对
𫶇		7361		3	通用规范汉字表_双源转录核对
崾		7362		3	通用规范汉字表_双源转录核对
嵅		7363		3	通用规范汉字表_双源转录核对
崿		7364		3	通用规范汉字表_双源转录核对
嵚		7365		3	通用规范汉字表_双源转录核对
翙		7366		3	通用规范汉字表_双源转录核对
𫖮		7367		3	通用规范汉字表_双源转录核对
圌		7368		3	通用规范汉字表_双源转录核对
圐		7369		3	通用规范汉字表_双源转录核对
赑		7370		3	通用规范汉字表_双源转录核对
淼		7371		3	通用规范汉字表_双源转录核对
赒		7372		3	通用规范汉字表_双源转录核对
鿏		7373		3	通用规范汉字表_双源转录核对
铹		7374		3	通用规范汉字表_双源转录核对
𬭊		7375		3	通用规范汉字表_双源转录核对
铽		7376		3	通用规范汉字表_双源转录核对
𨱇		7377		3	通用规范汉字表_双源转录核对
𫓶		7378		3	通用规范汉字表_双源转录核对
锊		7379		3	通用规范汉字表_双源转录核对
锍		7380		3	通用规范汉字表_双源转录核对
锎		7381		3	通用规范汉字表_双源转录核对
𬭎		7382		3	通用规范汉字表_双源转录核对
锓		7383		3	通用规范汉字表_双源转录核对
犇		7384		3	通用规范汉字表_双源转录核对
颋		7385		3	通用规范汉字表_双源转录核对
稌		7386		3	通用规范汉字表_双源转录核对
筀		7387		3	通用规范汉字表_双源转录核对
筘		7388		3	通用规范汉字表_双源转录核对
筜		7389		3	通用规范汉字表_双源转录核对
筥		7390		3	通用规范汉字表_双源转录核对
筅		7391		3	通用规范汉字表_双源转录核对
傃		7392		3	通用规范汉字表_双源转录核对
傉		7393		3	通用规范汉字表_双源转录核对
翛		7394		3	通用规范汉字表_双源转录核对
傒		7395		3	通用规范汉字表_双源转录核对
傕		7396		3	通用规范汉字表_双源转录核对
舾		7397		3	通用规范汉字表_双源转录核对
畬		7398		3	通用规范汉字表_双源转录核对
𫖯		7399		3	通用规范汉字表_双源转录核对
脿		7400		3	通用规范汉字表_双源转录核对
腘		7401		3	通用规范汉字表_双源转录核对
䐃		7402		3	通用规范汉字表_双源转录核对
腙		7403		3	通用规范汉字表_双源转录核对
腒		7404		3	通用规范汉字表_双源转录核对
𬱟		7405		3	通用规范汉字表_双源转录核对
鲃		7406		3	通用规范汉字表_双源转录核对
猰		7407		3	通用规范汉字表_双源转录核对
𫛭		7408		3	通用规范汉字表_双源转录核对
猯		7409		3	通用规范汉字表_双源转录核对
㺄		7410		3	通用规范汉字表_双源转录核对
馉		7411		3	通用规范汉字表_双源转录核对
凓		7412		3	通用规范汉字表_双源转录核对
鄗		7413		3	通用规范汉字表_双源转录核对
𫷷		7414		3	通用规范汉字表_双源转录核对
廋		7415		3	通用规范汉字表_双源转录核对
廆		7416		3	通用规范汉字表_双源转录核对
鄌		7417		3	通用规范汉字表_双源转录核对
粢		7418		3	通用规范汉字表_双源转录核对
遆		7419		3	通用规范汉字表_双源转录核对
旐		7420		3	通用规范汉字表_双源转录核对
𬮱		7421		3	通用规范汉字表_双源转录核对
焞		7422		3	通用规范汉字表_双源转录核对
𬊤		7423		3	通用规范汉字表_双源转录核对
欻		7424		3	通用规范汉字表_双源转录核对
𣸣		7425		3	通用规范汉字表_双源转录核对
溚		7426		3	通用规范汉字表_双源转录核对
溁		7427		3	通用规范汉字表_双源转录核对
湝		7428		3	通用规范汉字表_双源转录核对
渰		7429		3	通用规范汉字表_双源转录核对
湓		7430		3	通用规范汉字表_双源转录核对
㴔		7431		3	通用规范汉字表_双源转录核对
渟		7432		3	通用规范汉字表_双源转录核对
溠		7433		3	通用规范汉字表_双源转录核对
渼		7434		3	通用规范汉字表_双源转录核对
溇		7435		3	通用规范汉字表_双源转录核对
湣		7436		3	通用规范汉字表_双源转录核对
湑		7437		3	通用规范汉字表_双源转录核对
溞		7438		3	通用规范汉字表_双源转录核对
愐		7439		3	通用规范汉字表_双源转录核对
愃		7440		3	通用规范汉字表_双源转录核对
敩		7441		3	通用规范汉字表_双源转录核对
甯		7442		3	通用规范汉字表_双源转录核对
棨		7443		3	通用规范汉字表_双源转录核对
扊		7444		3	通用规范汉字表_双源转录核对
裣		7445		3	通用规范汉字表_双源转录核对
祼		7446		3	通用规范汉字表_双源转录核对
婻		7447		3	通用规范汉字表_双源转录核对
媆		7448		3	通用规范汉字表_双源转录核对
媞		7449		3	通用规范汉字表_双源转录核对
㛹		7450		3	通用规范汉字表_双源转录核对
媓		7451		3	通用规范汉字表_双源转录核对
媂		7452		3	通用规范汉字表_双源转录核对
媄		7453		3	通用规范汉字表_双源转录核对
毵		7454		3	通用规范汉字表_双源转录核对
矞		7455		3	通用规范汉字表_双源转录核对
𬴃		7456		3	通用规范汉字表_双源转录核对
𫘨		7457		3	通用规范汉字表_双源转录核对
缊		7458		3	通用规范汉字表_双源转录核对
缐		7459		3	通用规范汉字表_双源转录核对
骙		7460		3	通用规范汉字表_双源转录核对
瑃		7461		3	通用规范汉字表_双源转录核对
瑓		7462		3	通用规范汉字表_双源转录核对
瑅		7463		3	通用规范汉字表_双源转录核对
瑆		7464		3	通用规范汉字表_双源转录核对
䴖		7465		3	通用规范汉字表_双源转录核对
瑖		7466		3	通用规范汉字表_双源转录核对
瑝		7467		3	通用规范汉字表_双源转录核对
瑔		7468		3	通用规范汉字表_双源转录核对
瑀		7469		3	通用规范汉字表_双源转录核对
𤧛		7470		3	通用规范汉字表_双源转录核对
瑳		7471		3	通用规范汉字表_双源转录核对
瑂		7472		3	通用规范汉字表_双源转录核对
嶅		7473		3	通用规范汉字表_双源转录核对
瑑		7474		3	通用规范汉字表_双源转录核对
遘		7475		3	通用规范汉字表_双源转录核对
髢		7476		3	通用规范汉字表_双源转录核对
塥		7477		3	通用规范汉字表_双源转录核对
堽		7478		3	通用规范汉字表_双源转录核对
赪		7479		3	通用规范汉字表_双源转录核对
摛		7480		3	通用规范汉字表_双源转录核对
塝		7481		3	通用规范汉字表_双源转录核对
搒		7482		3	通用规范汉字表_双源转录核对
搌		7483		3	通用规范汉字表_双源转录核对
蒱		7484		3	通用规范汉字表_双源转录核对
蒨		7485		3	通用规范汉字表_双源转录核对
蓏		7486		3	通用规范汉字表_双源转录核对
蔀		7487		3	通用规范汉字表_双源转录核对
蓢		7488		3	通用规范汉字表_双源转录核对
蓂		7489		3	通用规范汉字表_双源转录核对
蒻		7490		3	通用规范汉字表_双源转录核对
蓣		7491		3	通用规范汉字表_双源转录核对
椹		7492		3	通用规范汉字表_双源转录核对
楪		7493		3	通用规范汉字表_双源转录核对
榃		7494		3	通用规范汉字表_双源转录核对
榅		7495		3	通用规范汉字表_双源转录核对
楒		7496		3	通用规范汉字表_双源转录核对
楞		7497		3	通用规范汉字表_双源转录核对
楩		7498		3	通用规范汉字表_双源转录核对
榇		7499		3	通用规范汉字表_双源转录核对
椸		7500		3	通用规范汉字表_双源转录核对
楙		7501		3	通用规范汉字表_双源转录核对
歅		7502		3	通用规范汉字表_双源转录核对
𬪩		7503		3	通用规范汉字表_双源转录核对
碃		7504		3	通用规范汉字表_双源转录核对
碏		7505		3	通用规范汉字表_双源转录核对
𬒔		7506		3	通用规范汉字表_双源转录核对
碈		7507		3	通用规范汉字表_双源转录核对
䃅		7508		3	通用规范汉字表_双源转录核对
硿		7509		3	通用规范汉字表_双源转录核对
鄠		7510		3	通用规范汉字表_双源转录核对
辒		7511		3	通用规范汉字表_双源转录核对
𬨎		7512		3	通用规范汉字表_双源转录核对
𫐓		7513		3	通用规范汉字表_双源转录核对
龆		7514		3	通用规范汉字表_双源转录核对
觜		7515		3	通用规范汉字表_双源转录核对
䣘		7516		3	通用规范汉字表_双源转录核对
暕		7517		3	通用规范汉字表_双源转录核对
鹍		7518		3	通用规范汉字表_双源转录核对
𫫇		7519		3	通用规范汉字表_双源转录核对
㬊		7520		3	通用规范汉字表_双源转录核对
暅		7521		3	通用规范汉字表_双源转录核对
跱		7522		3	通用规范汉字表_双源转录核对
蜐		7523		3	通用规范汉字表_双源转录核对
蜎		7524		3	通用规范汉字表_双源转录核对
嵲		7525		3	通用规范汉字表_双源转录核对
赗		7526		3	通用规范汉字表_双源转录核对
骱		7527		3	通用规范汉字表_双源转录核对
锖		7528		3	通用规范汉字表_双源转录核对
𫓹		7529		3	通用规范汉字表_双源转录核对
锘		7530		3	通用规范汉字表_双源转录核对
锳		7531		3	通用规范汉字表_双源转录核对
锧		7532		3	通用规范汉字表_双源转录核对
锪		7533		3	通用规范汉字表_双源转录核对
𬭚		7534		3	通用规范汉字表_双源转录核对
锫		7535		3	通用规范汉字表_双源转录核对
锬		7536		3	通用规范汉字表_双源转录核对
𬭛		7537		3	通用规范汉字表_双源转录核对
稑		7538		3	通用规范汉字表_双源转录核对
稙		7539		3	通用规范汉字表_双源转录核对
䅟		7540		3	通用规范汉字表_双源转录核对
𬕂		7541		3	通用规范汉字表_双源转录核对
筻		7542		3	通用规范汉字表_双源转录核对
筼		7543		3	通用规范汉字表_双源转录核对
筶		7544		3	通用规范汉字表_双源转录核对
筦		7545		3	通用规范汉字表_双源转录核对
筤		7546		3	通用规范汉字表_双源转录核对
傺		7547		3	通用规范汉字表_双源转录核对
鹎		7548		3	通用规范汉字表_双源转录核对
僇		7549		3	通用规范汉字表_双源转录核对
艅		7550		3	通用规范汉字表_双源转录核对
艉		7551		3	通用规范汉字表_双源转录核对
谼		7552		3	通用规范汉字表_双源转录核对
貆		7553		3	通用规范汉字表_双源转录核对
腽		7554		3	通用规范汉字表_双源转录核对
腨		7555		3	通用规范汉字表_双源转录核对
腯		7556		3	通用规范汉字表_双源转录核对
鲉		7557		3	通用规范汉字表_双源转录核对
鲊		7558		3	通用规范汉字表_双源转录核对
鲌		7559		3	通用规范汉字表_双源转录核对
䲟		7560		3	通用规范汉字表_双源转录核对
𬶋		7561		3	通用规范汉字表_双源转录核对
𬶍		7562		3	通用规范汉字表_双源转录核对
鲏		7563		3	通用规范汉字表_双源转录核对
雊		7564		3	通用规范汉字表_双源转录核对
猺		7565		3	通用规范汉字表_双源转录核对
飔		7566		3	通用规范汉字表_双源转录核对
觟		7567		3	通用规范汉字表_双源转录核对
𦝼		7568		3	通用规范汉字表_双源转录核对
馌		7569		3	通用规范汉字表_双源转录核对
裛		7570		3	通用规范汉字表_双源转录核对
廒		7571		3	通用规范汉字表_双源转录核对
瘀		7572		3	通用规范汉字表_双源转录核对
瘅		7573		3	通用规范汉字表_双源转录核对
鄘		7574		3	通用规范汉字表_双源转录核对
鹒		7575		3	通用规范汉字表_双源转录核对
鄜		7576		3	通用规范汉字表_双源转录核对
麀		7577		3	通用规范汉字表_双源转录核对
鄣		7578		3	通用规范汉字表_双源转录核对
阘		7579		3	通用规范汉字表_双源转录核对
𫔶		7580		3	通用规范汉字表_双源转录核对
煁		7581		3	通用规范汉字表_双源转录核对
煃		7582		3	通用规范汉字表_双源转录核对
煴		7583		3	通用规范汉字表_双源转录核对
煋		7584		3	通用规范汉字表_双源转录核对
煟		7585		3	通用规范汉字表_双源转录核对
煓		7586		3	通用规范汉字表_双源转录核对
滠		7587		3	通用规范汉字表_双源转录核对
溍		7588		3	通用规范汉字表_双源转录核对
溹		7589		3	通用规范汉字表_双源转录核对
滆		7590		3	通用规范汉字表_双源转录核对
滉		7591		3	通用规范汉字表_双源转录核对
溦		7592		3	通用规范汉字表_双源转录核对
溵		7593		3	通用规范汉字表_双源转录核对
漷		7594		3	通用规范汉字表_双源转录核对
滧		7595		3	通用规范汉字表_双源转录核对
滘		7596		3	通用规范汉字表_双源转录核对
滍		7597		3	通用规范汉字表_双源转录核对
愭		7598		3	通用规范汉字表_双源转录核对
慥		7599		3	通用规范汉字表_双源转录核对
慆		7600		3	通用规范汉字表_双源转录核对
塱		7601		3	通用规范汉字表_双源转录核对
𫌀		7602		3	通用规范汉字表_双源转录核对
裼		7603		3	通用规范汉字表_双源转录核对
禋		7604		3	通用规范汉字表_双源转录核对
禔		7605		3	通用规范汉字表_双源转录核对
禘		7606		3	通用规范汉字表_双源转录核对
禒		7607		3	通用规范汉字表_双源转录核对
谫		7608		3	通用规范汉字表_双源转录核对
鹔		7609		3	通用规范汉字表_双源转录核对
𫖳		7610		3	通用规范汉字表_双源转录核对
愍		7611		3	通用规范汉字表_双源转录核对
嫄		7612		3	通用规范汉字表_双源转录核对
媱		7613		3	通用规范汉字表_双源转录核对
戤		7614		3	通用规范汉字表_双源转录核对
勠		7615		3	通用规范汉字表_双源转录核对
戣		7616		3	通用规范汉字表_双源转录核对
𫘪		7617		3	通用规范汉字表_双源转录核对
𫘬		7618		3	通用规范汉字表_双源转录核对
缞		7619		3	通用规范汉字表_双源转录核对
耤		7620		3	通用规范汉字表_双源转录核对
瑧		7621		3	通用规范汉字表_双源转录核对
𫞩		7622		3	通用规范汉字表_双源转录核对
瑨		7623		3	通用规范汉字表_双源转录核对
瑱		7624		3	通用规范汉字表_双源转录核对
瑷		7625		3	通用规范汉字表_双源转录核对
瑢		7626		3	通用规范汉字表_双源转录核对
斠		7627		3	通用规范汉字表_双源转录核对
摏		7628		3	通用规范汉字表_双源转录核对
墕		7629		3	通用规范汉字表_双源转录核对
墈		7630		3	通用规范汉字表_双源转录核对
墐		7631		3	通用规范汉字表_双源转录核对
墘		7632		3	通用规范汉字表_双源转录核对
摴		7633		3	通用规范汉字表_双源转录核对
銎		7634		3	通用规范汉字表_双源转录核对
𡐓		7635		3	通用规范汉字表_双源转录核对
墚		7636		3	通用规范汉字表_双源转录核对
撖		7637		3	通用规范汉字表_双源转录核对
𪤗		7638		3	通用规范汉字表_双源转录核对
靽		7639		3	通用规范汉字表_双源转录核对
鞁		7640		3	通用规范汉字表_双源转录核对
蔌		7641		3	通用规范汉字表_双源转录核对
蔈		7642		3	通用规范汉字表_双源转录核对
蓰		7643		3	通用规范汉字表_双源转录核对
蔹		7644		3	通用规范汉字表_双源转录核对
蔊		7645		3	通用规范汉字表_双源转录核对
嘏		7646		3	通用规范汉字表_双源转录核对
榰		7647		3	通用规范汉字表_双源转录核对
榑		7648		3	通用规范汉字表_双源转录核对
槚		7649		3	通用规范汉字表_双源转录核对
𣗋		7650		3	通用规范汉字表_双源转录核对
槜		7651		3	通用规范汉字表_双源转录核对
榍		7652		3	通用规范汉字表_双源转录核对
疐		7653		3	通用规范汉字表_双源转录核对
𬸘		7654		3	通用规范汉字表_双源转录核对
酺		7655		3	通用规范汉字表_双源转录核对
酾		7656		3	通用规范汉字表_双源转录核对
酲		7657		3	通用规范汉字表_双源转录核对
酴		7658		3	通用规范汉字表_双源转录核对
碶		7659		3	通用规范汉字表_双源转录核对
䃎		7660		3	通用规范汉字表_双源转录核对
𬒗		7661		3	通用规范汉字表_双源转录核对
碨		7662		3	通用规范汉字表_双源转录核对
𥔲		7663		3	通用规范汉字表_双源转录核对
碹		7664		3	通用规范汉字表_双源转录核对
碥		7665		3	通用规范汉字表_双源转录核对
劂		7666		3	通用规范汉字表_双源转录核对
𫚖		7667		3	通用规范汉字表_双源转录核对
䴗		7668		3	通用规范汉字表_双源转录核对
夥		7669		3	通用规范汉字表_双源转录核对
瞍		7670		3	通用规范汉字表_双源转录核对
鹖		7671		3	通用规范汉字表_双源转录核对
㬎		7672		3	通用规范汉字表_双源转录核对
跽		7673		3	通用规范汉字表_双源转录核对
蜾		7674		3	通用规范汉字表_双源转录核对
幖		7675		3	通用规范汉字表_双源转录核对
嶍		7676		3	通用规范汉字表_双源转录核对
圙		7677		3	通用规范汉字表_双源转录核对
𨱏		7678		3	通用规范汉字表_双源转录核对
锺		7679		3	通用规范汉字表_双源转录核对
锼		7680		3	通用规范汉字表_双源转录核对
锽		7681		3	通用规范汉字表_双源转录核对
𬭤		7682		3	通用规范汉字表_双源转录核对
锾		7683		3	通用规范汉字表_双源转录核对
锿		7684		3	通用规范汉字表_双源转录核对
镃		7685		3	通用规范汉字表_双源转录核对
镄		7686		3	通用规范汉字表_双源转录核对
镅		7687		3	通用规范汉字表_双源转录核对
馝		7688		3	通用规范汉字表_双源转录核对
鹙		7689		3	通用规范汉字表_双源转录核对
箨		7690		3	通用规范汉字表_双源转录核对
箖		7691		3	通用规范汉字表_双源转录核对
劄		7692		3	通用规范汉字表_双源转录核对
僬		7693		3	通用规范汉字表_双源转录核对
僦		7694		3	通用规范汉字表_双源转录核对
僔		7695		3	通用规范汉字表_双源转录核对
僎		7696		3	通用规范汉字表_双源转录核对
槃		7697		3	通用规范汉字表_双源转录核对
㙦		7698		3	通用规范汉字表_双源转录核对
鲒		7699		3	通用规范汉字表_双源转录核对
鲕		7700		3	通用规范汉字表_双源转录核对
𫚕		7701		3	通用规范汉字表_双源转录核对
鲖		7702		3	通用规范汉字表_双源转录核对
鲗		7703		3	通用规范汉字表_双源转录核对
鲘		7704		3	通用规范汉字表_双源转录核对
鲙		7705		3	通用规范汉字表_双源转录核对
𬶐		7706		3	通用规范汉字表_双源转录核对
𬶏		7707		3	通用规范汉字表_双源转录核对
𩽾		7708		3	通用规范汉字表_双源转录核对
夐		7709		3	通用规范汉字表_双源转录核对
獍		7710		3	通用规范汉字表_双源转录核对
飗		7711		3	通用规范汉字表_双源转录核对
𬸚		7712		3	通用规范汉字表_双源转录核对
凘		7713		3	通用规范汉字表_双源转录核对
廑		7714		3	通用规范汉字表_双源转录核对
廙		7715		3	通用规范汉字表_双源转录核对
瘗		7716		3	通用规范汉字表_双源转录核对
瘥		7717		3	通用规范汉字表_双源转录核对
瘕		7718		3	通用规范汉字表_双源转录核对
鲝		7719		3	通用规范汉字表_双源转录核对
鄫		7720		3	通用规范汉字表_双源转录核对
熇		7721		3	通用规范汉字表_双源转录核对
漹		7722		3	通用规范汉字表_双源转录核对
漖		7723		3	通用规范汉字表_双源转录核对
潆		7724		3	通用规范汉字表_双源转录核对
漤		7725		3	通用规范汉字表_双源转录核对
潩		7726		3	通用规范汉字表_双源转录核对
漼		7727		3	通用规范汉字表_双源转录核对
漴		7728		3	通用规范汉字表_双源转录核对
㽏		7729		3	通用规范汉字表_双源转录核对
漈		7730		3	通用规范汉字表_双源转录核对
漋		7731		3	通用规范汉字表_双源转录核对
漻		7732		3	通用规范汉字表_双源转录核对
慬		7733		3	通用规范汉字表_双源转录核对
窬		7734		3	通用规范汉字表_双源转录核对
窭		7735		3	通用规范汉字表_双源转录核对
㮾		7736		3	通用规范汉字表_双源转录核对
𬤝		7737		3	通用规范汉字表_双源转录核对
褕		7738		3	通用规范汉字表_双源转录核对
禛		7739		3	通用规范汉字表_双源转录核对
禚		7740		3	通用规范汉字表_双源转录核对
隩		7741		3	通用规范汉字表_双源转录核对
嫕		7742		3	通用规范汉字表_双源转录核对
嫭		7743		3	通用规范汉字表_双源转录核对
嫜		7744		3	通用规范汉字表_双源转录核对
嫪		7745		3	通用规范汉字表_双源转录核对
𬙂		7746		3	通用规范汉字表_双源转录核对
㻬		7747		3	通用规范汉字表_双源转录核对
麹		7748		3	通用规范汉字表_双源转录核对
璆		7749		3	通用规范汉字表_双源转录核对
漦		7750		3	通用规范汉字表_双源转录核对
叇		7751		3	通用规范汉字表_双源转录核对
墣		7752		3	通用规范汉字表_双源转录核对
墦		7753		3	通用规范汉字表_双源转录核对
墡		7754		3	通用规范汉字表_双源转录核对
劐		7755		3	通用规范汉字表_双源转录核对
薁		7756		3	通用规范汉字表_双源转录核对
蕰		7757		3	通用规范汉字表_双源转录核对
蔃		7758		3	通用规范汉字表_双源转录核对
鼒		7759		3	通用规范汉字表_双源转录核对
槱		7760		3	通用规范汉字表_双源转录核对
鹝		7761		3	通用规范汉字表_双源转录核对
磏		7762		3	通用规范汉字表_双源转录核对
磉		7763		3	通用规范汉字表_双源转录核对
殣		7764		3	通用规范汉字表_双源转录核对
慭		7765		3	通用规范汉字表_双源转录核对
霅		7766		3	通用规范汉字表_双源转录核对
暵		7767		3	通用规范汉字表_双源转录核对
暲		7768		3	通用规范汉字表_双源转录核对
暶		7769		3	通用规范汉字表_双源转录核对
踦		7770		3	通用规范汉字表_双源转录核对
踣		7771		3	通用规范汉字表_双源转录核对
䗖		7772		3	通用规范汉字表_双源转录核对
蝘		7773		3	通用规范汉字表_双源转录核对
蝲		7774		3	通用规范汉字表_双源转录核对
蝤		7775		3	通用规范汉字表_双源转录核对
噇		7776		3	通用规范汉字表_双源转录核对
噂		7777		3	通用规范汉字表_双源转录核对
噀		7778		3	通用规范汉字表_双源转录核对
罶		7779		3	通用规范汉字表_双源转录核对
嶲		7780		3	通用规范汉字表_双源转录核对
嶓		7781		3	通用规范汉字表_双源转录核对
㠇		7782		3	通用规范汉字表_双源转录核对
嶟		7783		3	通用规范汉字表_双源转录核对
嶒		7784		3	通用规范汉字表_双源转录核对
镆		7785		3	通用规范汉字表_双源转录核对
镈		7786		3	通用规范汉字表_双源转录核对
镋		7787		3	通用规范汉字表_双源转录核对
镎		7788		3	通用规范汉字表_双源转录核对
𬭩		7789		3	通用规范汉字表_双源转录核对
镕		7790		3	通用规范汉字表_双源转录核对
稹		7791		3	通用规范汉字表_双源转录核对
儇		7792		3	通用规范汉字表_双源转录核对
皞		7793		3	通用规范汉字表_双源转录核对
皛		7794		3	通用规范汉字表_双源转录核对
䴘		7795		3	通用规范汉字表_双源转录核对
艎		7796		3	通用规范汉字表_双源转录核对
艏		7797		3	通用规范汉字表_双源转录核对
鹟		7798		3	通用规范汉字表_双源转录核对
𩾃		7799		3	通用规范汉字表_双源转录核对
鲦		7800		3	通用规范汉字表_双源转录核对
鲪		7801		3	通用规范汉字表_双源转录核对
鲬		7802		3	通用规范汉字表_双源转录核对
橥		7803		3	通用规范汉字表_双源转录核对
觭		7804		3	通用规范汉字表_双源转录核对
鹠		7805		3	通用规范汉字表_双源转录核对
鹡		7806		3	通用规范汉字表_双源转录核对
糇		7807		3	通用规范汉字表_双源转录核对
糈		7808		3	通用规范汉字表_双源转录核对
翦		7809		3	通用规范汉字表_双源转录核对
鹢		7810		3	通用规范汉字表_双源转录核对
鹣		7811		3	通用规范汉字表_双源转录核对
熛		7812		3	通用规范汉字表_双源转录核对
潖		7813		3	通用规范汉字表_双源转录核对
潵		7814		3	通用规范汉字表_双源转录核对
㵐		7815		3	通用规范汉字表_双源转录核对
澂		7816		3	通用规范汉字表_双源转录核对
澛		7817		3	通用规范汉字表_双源转录核对
瑬		7818		3	通用规范汉字表_双源转录核对
潽		7819		3	通用规范汉字表_双源转录核对
潾		7820		3	通用规范汉字表_双源转录核对
潏		7821		3	通用规范汉字表_双源转录核对
憭		7822		3	通用规范汉字表_双源转录核对
憕		7823		3	通用规范汉字表_双源转录核对
𬸣		7824		3	通用规范汉字表_双源转录核对
戭		7825		3	通用规范汉字表_双源转录核对
褯		7826		3	通用规范汉字表_双源转录核对
禤		7827		3	通用规范汉字表_双源转录核对
𫍽		7828		3	通用规范汉字表_双源转录核对
嫽		7829		3	通用规范汉字表_双源转录核对
遹		7830		3	通用规范汉字表_双源转录核对
𬴊		7831		3	通用规范汉字表_双源转录核对
璥		7832		3	通用规范汉字表_双源转录核对
璲		7833		3	通用规范汉字表_双源转录核对
璒		7834		3	通用规范汉字表_双源转录核对
憙		7835		3	通用规范汉字表_双源转录核对
擐		7836		3	通用规范汉字表_双源转录核对
鄹		7837		3	通用规范汉字表_双源转录核对
薳		7838		3	通用规范汉字表_双源转录核对
鞔		7839		3	通用规范汉字表_双源转录核对
黇		7840		3	通用规范汉字表_双源转录核对
𬞟		7841		3	通用规范汉字表_双源转录核对
蕗		7842		3	通用规范汉字表_双源转录核对
薢		7843		3	通用规范汉字表_双源转录核对
蕹		7844		3	通用规范汉字表_双源转录核对
橞		7845		3	通用规范汉字表_双源转录核对
橑		7846		3	通用规范汉字表_双源转录核对
橦		7847		3	通用规范汉字表_双源转录核对
醑		7848		3	通用规范汉字表_双源转录核对
觱		7849		3	通用规范汉字表_双源转录核对
磡		7850		3	通用规范汉字表_双源转录核对
𥕢		7851		3	通用规范汉字表_双源转录核对
磜		7852		3	通用规范汉字表_双源转录核对
豮		7853		3	通用规范汉字表_双源转录核对
𫟦		7854		3	通用规范汉字表_双源转录核对
𬺈		7855		3	通用规范汉字表_双源转录核对
𫠜		7856		3	通用规范汉字表_双源转录核对
鹾		7857		3	通用规范汉字表_双源转录核对
虤		7858		3	通用规范汉字表_双源转录核对
暿		7859		3	通用规范汉字表_双源转录核对
曌		7860		3	通用规范汉字表_双源转录核对
曈		7861		3	通用规范汉字表_双源转录核对
㬚		7862		3	通用规范汉字表_双源转录核对
蹅		7863		3	通用规范汉字表_双源转录核对
踶		7864		3	通用规范汉字表_双源转录核对
䗛		7865		3	通用规范汉字表_双源转录核对
螗		7866		3	通用规范汉字表_双源转录核对
疁		7867		3	通用规范汉字表_双源转录核对
㠓		7868		3	通用规范汉字表_双源转录核对
幪		7869		3	通用规范汉字表_双源转录核对
𪩘		7870		3	通用规范汉字表_双源转录核对
嶦		7871		3	通用规范汉字表_双源转录核对
𬭬		7872		3	通用规范汉字表_双源转录核对
𨱑		7873		3	通用规范汉字表_双源转录核对
𬭯		7874		3	通用规范汉字表_双源转录核对
馞		7875		3	通用规范汉字表_双源转录核对
穄		7876		3	通用规范汉字表_双源转录核对
篚		7877		3	通用规范汉字表_双源转录核对
篯		7878		3	通用规范汉字表_双源转录核对
簉		7879		3	通用规范汉字表_双源转录核对
鼽		7880		3	通用规范汉字表_双源转录核对
衠		7881		3	通用规范汉字表_双源转录核对
盦		7882		3	通用规范汉字表_双源转录核对
螣		7883		3	通用规范汉字表_双源转录核对
縢		7884		3	通用规范汉字表_双源转录核对
鲭		7885		3	通用规范汉字表_双源转录核对
鲯		7886		3	通用规范汉字表_双源转录核对
鲰		7887		3	通用规范汉字表_双源转录核对
鲺		7888		3	通用规范汉字表_双源转录核对
鲹		7889		3	通用规范汉字表_双源转录核对
𫗴		7890		3	通用规范汉字表_双源转录核对
亸		7891		3	通用规范汉字表_双源转录核对
癀		7892		3	通用规范汉字表_双源转录核对
瘭		7893		3	通用规范汉字表_双源转录核对
𬸦		7894		3	通用规范汉字表_双源转录核对
羱		7895		3	通用规范汉字表_双源转录核对
糒		7896		3	通用规范汉字表_双源转录核对
燋		7897		3	通用规范汉字表_双源转录核对
熻		7898		3	通用规范汉字表_双源转录核对
燊		7899		3	通用规范汉字表_双源转录核对
燚		7900		3	通用规范汉字表_双源转录核对
燏		7901		3	通用规范汉字表_双源转录核对
濩		7902		3	通用规范汉字表_双源转录核对
濋		7903		3	通用规范汉字表_双源转录核对
澪		7904		3	通用规范汉字表_双源转录核对
澽		7905		3	通用规范汉字表_双源转录核对
澴		7906		3	通用规范汉字表_双源转录核对
澭		7907		3	通用规范汉字表_双源转录核对
澼		7908		3	通用规范汉字表_双源转录核对
憷		7909		3	通用规范汉字表_双源转录核对
憺		7910		3	通用规范汉字表_双源转录核对
懔		7911		3	通用规范汉字表_双源转录核对
黉		7912		3	通用规范汉字表_双源转录核对
嬛		7913		3	通用规范汉字表_双源转录核对
鹨		7914		3	通用规范汉字表_双源转录核对
翯		7915		3	通用规范汉字表_双源转录核对
𫄷		7916		3	通用规范汉字表_双源转录核对
璱		7917		3	通用规范汉字表_双源转录核对
𤩽		7918		3	通用规范汉字表_双源转录核对
璬		7919		3	通用规范汉字表_双源转录核对
璮		7920		3	通用规范汉字表_双源转录核对
髽		7921		3	通用规范汉字表_双源转录核对
擿		7922		3	通用规范汉字表_双源转录核对
薿		7923		3	通用规范汉字表_双源转录核对
薸		7924		3	通用规范汉字表_双源转录核对
檑		7925		3	通用规范汉字表_双源转录核对
櫆		7926		3	通用规范汉字表_双源转录核对
檞		7927		3	通用规范汉字表_双源转录核对
醨		7928		3	通用规范汉字表_双源转录核对
繄		7929		3	通用规范汉字表_双源转录核对
磹		7930		3	通用规范汉字表_双源转录核对
磻		7931		3	通用规范汉字表_双源转录核对
瞫		7932		3	通用规范汉字表_双源转录核对
瞵		7933		3	通用规范汉字表_双源转录核对
蹐		7934		3	通用规范汉字表_双源转录核对
蟏		7935		3	通用规范汉字表_双源转录核对
㘎		7936		3	通用规范汉字表_双源转录核对
𬭳		7937		3	通用规范汉字表_双源转录核对
镤		7938		3	通用规范汉字表_双源转录核对
𬭶		7939		3	通用规范汉字表_双源转录核对
𫔍		7940		3	通用规范汉字表_双源转录核对
镥		7941		3	通用规范汉字表_双源转录核对
镨		7942		3	通用规范汉字表_双源转录核对
𬭸		7943		3	通用规范汉字表_双源转录核对
𨱔		7944		3	通用规范汉字表_双源转录核对
𬭼		7945		3	通用规范汉字表_双源转录核对
𫔎		7946		3	通用规范汉字表_双源转录核对
矰		7947		3	通用规范汉字表_双源转录核对
穙		7948		3	通用规范汉字表_双源转录核对
穜		7949		3	通用规范汉字表_双源转录核对
穟		7950		3	通用规范汉字表_双源转录核对
簕		7951		3	通用规范汉字表_双源转录核对
簃		7952		3	通用规范汉字表_双源转录核对
簏		7953		3	通用规范汉字表_双源转录核对
儦		7954		3	通用规范汉字表_双源转录核对
魋		7955		3	通用规范汉字表_双源转录核对
斶		7956		3	通用规范汉字表_双源转录核对
艚		7957		3	通用规范汉字表_双源转录核对
𬸪		7958		3	通用规范汉字表_双源转录核对
谿		7959		3	通用规范汉字表_双源转录核对
䲠		7960		3	通用规范汉字表_双源转录核对
𬶟		7961		3	通用规范汉字表_双源转录核对
鲾		7962		3	通用规范汉字表_双源转录核对
𬶠		7963		3	通用规范汉字表_双源转录核对
鲿		7964		3	通用规范汉字表_双源转录核对
鳁		7965		3	通用规范汉字表_双源转录核对
鳂		7966		3	通用规范汉字表_双源转录核对
鳈		7967		3	通用规范汉字表_双源转录核对
鳉		7968		3	通用规范汉字表_双源转录核对
獯		7969		3	通用规范汉字表_双源转录核对
䗪		7970		3	通用规范汉字表_双源转录核对
馘		7971		3	通用规范汉字表_双源转录核对
襕		7972		3	通用规范汉字表_双源转录核对
襚		7973		3	通用规范汉字表_双源转录核对
𬶨		7974		3	通用规范汉字表_双源转录核对
螱		7975		3	通用规范汉字表_双源转录核对
甓		7976		3	通用规范汉字表_双源转录核对
嬬		7977		3	通用规范汉字表_双源转录核对
嬥		7978		3	通用规范汉字表_双源转录核对
𦈡		7979		3	通用规范汉字表_双源转录核对
𫄸		7980		3	通用规范汉字表_双源转录核对
瓀		7981		3	通用规范汉字表_双源转录核对
釐		7982		3	通用规范汉字表_双源转录核对
鬶		7983		3	通用规范汉字表_双源转录核对
爇		7984		3	通用规范汉字表_双源转录核对
鞳		7985		3	通用规范汉字表_双源转录核对
鞮		7986		3	通用规范汉字表_双源转录核对
𬟁		7987		3	通用规范汉字表_双源转录核对
藟		7988		3	通用规范汉字表_双源转录核对
藦		7989		3	通用规范汉字表_双源转录核对
藨		7990		3	通用规范汉字表_双源转录核对
鹲		7991		3	通用规范汉字表_双源转录核对
檫		7992		3	通用规范汉字表_双源转录核对
黡		7993		3	通用规范汉字表_双源转录核对
礞		7994		3	通用规范汉字表_双源转录核对
礌		7995		3	通用规范汉字表_双源转录核对
𥖨		7996		3	通用规范汉字表_双源转录核对
蹢		7997		3	通用规范汉字表_双源转录核对
蹜		7998		3	通用规范汉字表_双源转录核对
蟫		7999		3	通用规范汉字表_双源转录核对
䗴		8000		3	通用规范汉字表_双源转录核对
嚚		8001		3	通用规范汉字表_双源转录核对
髃		8002		3	通用规范汉字表_双源转录核对
镮		8003		3	通用规范汉字表_双源转录核对
镱		8004		3	通用规范汉字表_双源转录核对
酂		8005		3	通用规范汉字表_双源转录核对
馧		8006		3	通用规范汉字表_双源转录核对
簠		8007		3	通用规范汉字表_双源转录核对
簝		8008		3	通用规范汉字表_双源转录核对
簰		8009		3	通用规范汉字表_双源转录核对
鼫		8010		3	通用规范汉字表_双源转录核对
鼩		8011		3	通用规范汉字表_双源转录核对
皦		8012		3	通用规范汉字表_双源转录核对
臑		8013		3	通用规范汉字表_双源转录核对
䲢		8014		3	通用规范汉字表_双源转录核对
鳑		8015		3	通用规范汉字表_双源转录核对
鳒		8016		3	通用规范汉字表_双源转录核对
鹱		8017		3	通用规范汉字表_双源转录核对
鹯		8018		3	通用规范汉字表_双源转录核对
癗		8019		3	通用规范汉字表_双源转录核对
𦒍		8020		3	通用规范汉字表_双源转录核对
旞		8021		3	通用规范汉字表_双源转录核对
翷		8022		3	通用规范汉字表_双源转录核对
冁		8023		3	通用规范汉字表_双源转录核对
䎖		8024		3	通用规范汉字表_双源转录核对
瀔		8025		3	通用规范汉字表_双源转录核对
瀍		8026		3	通用规范汉字表_双源转录核对
瀌		8027		3	通用规范汉字表_双源转录核对
襜		8028		3	通用规范汉字表_双源转录核对
䴙		8029		3	通用规范汉字表_双源转录核对
𬙊		8030		3	通用规范汉字表_双源转录核对
嚭		8031		3	通用规范汉字表_双源转录核对
㰀		8032		3	通用规范汉字表_双源转录核对
鬷		8033		3	通用规范汉字表_双源转录核对
醭		8034		3	通用规范汉字表_双源转录核对
蹯		8035		3	通用规范汉字表_双源转录核对
蠋		8036		3	通用规范汉字表_双源转录核对
翾		8037		3	通用规范汉字表_双源转录核对
鳘		8038		3	通用规范汉字表_双源转录核对
儳		8039		3	通用规范汉字表_双源转录核对
儴		8040		3	通用规范汉字表_双源转录核对
鼗		8041		3	通用规范汉字表_双源转录核对
𬶭		8042		3	通用规范汉字表_双源转录核对
𩾌		8043		3	通用规范汉字表_双源转录核对
鳚		8044		3	通用规范汉字表_双源转录核对
鳛		8045		3	通用规范汉字表_双源转录核对
麑		8046		3	通用规范汉字表_双源转录核对
麖		8047		3	通用规范汉字表_双源转录核对
蠃		8048		3	通用规范汉字表_双源转录核对
彟		8049		3	通用规范汉字表_双源转录核对
嬿		8050		3	通用规范汉字表_双源转录核对
鬒		8051		3	通用规范汉字表_双源转录核对
蘘		8052		3	通用规范汉字表_双源转录核对
欂		8053		3	通用规范汉字表_双源转录核对
醵		8054		3	通用规范汉字表_双源转录核对
颥		8055		3	通用规范汉字表_双源转录核对
甗		8056		3	通用规范汉字表_双源转录核对
𨟠		8057		3	通用规范汉字表_双源转录核对
巇		8058		3	通用规范汉字表_双源转录核对
酅		8059		3	通用规范汉字表_双源转录核对
髎		8060		3	通用规范汉字表_双源转录核对
犨		8061		3	通用规范汉字表_双源转录核对
𬶮		8062		3	通用规范汉字表_双源转录核对
𨭉		8063		3	通用规范汉字表_双源转录核对
㸌		8064		3	通用规范汉字表_双源转录核对
爔		8065		3	通用规范汉字表_双源转录核对
瀱		8066		3	通用规范汉字表_双源转录核对
瀹		8067		3	通用规范汉字表_双源转录核对
瀼		8068		3	通用规范汉字表_双源转录核对
瀵		8069		3	通用规范汉字表_双源转录核对
襫		8070		3	通用规范汉字表_双源转录核对
孅		8071		3	通用规范汉字表_双源转录核对
骦		8072		3	通用规范汉字表_双源转录核对
𬙋		8073		3	通用规范汉字表_双源转录核对
耰		8074		3	通用规范汉字表_双源转录核对
𤫉		8075		3	通用规范汉字表_双源转录核对
瓖		8076		3	通用规范汉字表_双源转录核对
鬘		8077		3	通用规范汉字表_双源转录核对
趯		8078		3	通用规范汉字表_双源转录核对
𬺓		8079		3	通用规范汉字表_双源转录核对
罍		8080		3	通用规范汉字表_双源转录核对
鼱		8081		3	通用规范汉字表_双源转录核对
鳠		8082		3	通用规范汉字表_双源转录核对
鳡		8083		3	通用规范汉字表_双源转录核对
鳣		8084		3	通用规范汉字表_双源转录核对
爟		8085		3	通用规范汉字表_双源转录核对
爚		8086		3	通用规范汉字表_双源转录核对
灈		8087		3	通用规范汉字表_双源转录核对
韂		8088		3	通用规范汉字表_双源转录核对
糵		8089		3	通用规范汉字表_双源转录核对
蘼		8090		3	通用规范汉字表_双源转录核对
礵		8091		3	通用规范汉字表_双源转录核对
鹴		8092		3	通用规范汉字表_双源转录核对
躔		8093		3	通用规范汉字表_双源转录核对
皭		8094		3	通用规范汉字表_双源转录核对
龢		8095		3	通用规范汉字表_双源转录核对
鳤		8096		3	通用规范汉字表_双源转录核对
亹		8097		3	通用规范汉字表_双源转录核对
籥		8098		3	通用规范汉字表_双源转录核对
鼷		8099		3	通用规范汉字表_双源转录核对
𫚭		8100		3	通用规范汉字表_双源转录核对
玃		8101		3	通用规范汉字表_双源转录核对
醾		8102		3	通用规范汉字表_双源转录核对
齇		8103		3	通用规范汉字表_双源转录核对
觿		8104		3	通用规范汉字表_双源转录核对
蠼		8105		3	通用规范汉字表_双源转录核对
